대지위치,시군구코드,법정동코드,대지구분코드,번,지,대장종류코드명,도로명대지위치,건물명,동명칭,대지면적(㎡),건축면적(㎡),건폐율(%),연면적(㎡),용적률(%),구조코드명,주용도코드,기타용도,지상층수,지하층수
경상남도 양산시 원동면 화제리 9-1번지,48330,32028,0,0009,0001,일반건축물,경상남도 양산시 명언고개밑길 102 (원동면 화제리),,9동,0,540,0,540,0,철근콘크리트구조,21000,동물및식물관련시설,1,0
경상남도 양산시 원동면 화제리 9-1번지,48330,32028,0,0009,0001,일반건축물,경상남도 양산시 명언고개밑길 102 (원동면 화제리),,4동,0,447.47,0,447.47,0,블록구조,21000,동물및식물관련시설,1,0
경상남도 양산시 원동면 화제리 9-1번지,48330,32028,0,0009,0001,일반건축물,경상남도 양산시 명언고개밑길 102 (원동면 화제리),,2동,0,464.16,0,464.16,0,블록구조,21000,동물및식물관련시설,1,0
경상남도 양산시 원동면 화제리 9-1번지,48330,32028,0,0009,0001,일반건축물,경상남도 양산시 명언고개밑길 102 (원동면 화제리),,8동,0,308,0,308,0,경량철골구조,21000,동물및식물관련시설,1,0
경상남도 양산시 원동면 화제리 9-1번지,48330,32028,0,0009,0001,일반건축물,경상남도 양산시 명언고개밑길 102 (원동면 화제리),,10동,0,594,0,1188,0,철근콘크리트구조,21000,동물및식물관련시설(축사),2,0
경상남도 양산시 원동면 화제리 9-1번지,48330,32028,0,0009,0001,일반건축물,경상남도 양산시 명언고개밑길 102 (원동면 화제리),,1동,0,96.76,0,96.76,0,블록구조,21000,동물및식물관련시설(축사),1,0
경상남도 양산시 원동면 화제리 9-1번지,48330,32028,0,0009,0001,일반건축물,경상남도 양산시 명언고개밑길 102 (원동면 화제리),,3동,0,462.52,0,492.52,0,철근콘크리트구조,21000,동물및식물관련시설(축사),2,0
경상남도 양산시 원동면 화제리 9-1번지,48330,32028,0,0009,0001,일반건축물,경상남도 양산시 명언고개밑길 102 (원동면 화제리),,6동,0,576,0,1152,0,철근콘크리트구조,21000,동물및식물관련시설,2,0
경상남도 양산시 원동면 화제리 9-1번지,48330,32028,0,0009,0001,일반건축물,경상남도 양산시 명언고개밑길 102 (원동면 화제리),,5동,0,350,0,350,0,철근콘크리트구조,21000,동물및식물관련시설,1,0
경상남도 양산시 원동면 화제리 9-1번지,48330,32028,0,0009,0001,일반건축물,경상남도 양산시 명언고개밑길 102 (원동면 화제리),,7동,0,288,0,288,0,경량철골구조,21000,동물및식물관련시설,1,0
경상남도 양산시 원동면 화제리 12-2번지,48330,32028,0,0012,0002,일반건축물,경상남도 양산시 명언새들길 65 (원동면 화제리),,,1451,198.45,13.67,198.45,13.67,경량철골구조,17000,공장,1,0
경상남도 양산시 원동면 화제리 22-1번지,48330,32028,0,0022,0001,일반건축물,경상남도 양산시 명언뒷등길 100-48 (원동면 화제리),,,8713,3315.312,38.05,3400.32,39.02,일반철골구조,21000,동물관련시설,2,0
경상남도 양산시 원동면 화제리 57-1번지,48330,32028,0,0057,0001,일반건축물,경상남도 양산시 명언뒷등길 100-28 (원동면 화제리),,6동,0,187.5,0,187.5,0,경량철골구조,21000,동물관련시설,1,0
경상남도 양산시 원동면 화제리 57-1번지,48330,32028,0,0057,0001,일반건축물,경상남도 양산시 명언뒷등길 100-28 (원동면 화제리),,5동,0,648,0,648,0,철근콘크리트구조,21000,동물관련시설,1,0
경상남도 양산시 원동면 화제리 57-1번지,48330,32028,0,0057,0001,일반건축물,경상남도 양산시 명언뒷등길 100-28 (원동면 화제리),,8동,0,77.08,0,77.08,0,벽돌구조,21000,동물관련시설,1,0
경상남도 양산시 원동면 화제리 57-1번지,48330,32028,0,0057,0001,일반건축물,경상남도 양산시 명언뒷등길 100-28 (원동면 화제리),,7동,0,124.8,0,124.8,0,경량철골구조,21000,동물관련시설,1,0
경상남도 양산시 원동면 화제리 57-1번지,48330,32028,0,0057,0001,일반건축물,경상남도 양산시 명언뒷등길 100-28 (원동면 화제리),,3동,0,436.8,0,436.8,0,철근콘크리트구조,21000,동물관련시설,1,0
경상남도 양산시 원동면 화제리 57-1번지,48330,32028,0,0057,0001,일반건축물,경상남도 양산시 명언뒷등길 100-28 (원동면 화제리),,1동,0,999.08,0,999.08,0,철근콘크리트구조,21000,동물및식물관련시설,1,0
경상남도 양산시 원동면 화제리 57-1번지,48330,32028,0,0057,0001,일반건축물,경상남도 양산시 명언뒷등길 100-28 (원동면 화제리),,9동,0,332.1,0,332.1,0,일반철골구조,21000,동물관련시설,1,0
경상남도 양산시 원동면 화제리 58-1번지,48330,32028,0,0058,0001,일반건축물,경상남도 양산시 명언고개밑길 12-30 (원동면 화제리),,,0,151.2,0,151.2,0,일반목구조,21000,축사,1,0
경상남도 양산시 원동면 화제리 60번지,48330,32028,0,0060,0000,일반건축물,경상남도 양산시 명언고개밑길 12-30 (원동면 화제리),,"6,7,11동",0,1562.4,0,1562.4,0,강파이프구조,21000,동물관련시설,1,0
경상남도 양산시 원동면 화제리 60번지,48330,32028,0,0060,0000,일반건축물,경상남도 양산시 명언고개밑길 12-30 (원동면 화제리),,"1,2,3,4동",0,553.2,0,553.2,0,일반목구조,21000,동물관련시설,1,0
경상남도 양산시 원동면 화제리 60번지,48330,32028,0,0060,0000,일반건축물,경상남도 양산시 명언고개밑길 12-30 (원동면 화제리),,8동,0,300,0,300,0,강파이프구조,21000,동물관련시설,1,0
경상남도 양산시 원동면 화제리 62번지,48330,32028,0,0062,0000,일반건축물,,,,0,280,0,280,0,일반목구조,21000,축사,1,0
경상남도 양산시 원동면 화제리 71-1번지,48330,32028,0,0071,0001,일반건축물,경상남도 양산시 명언고개밑길 12-28 (원동면 화제리),,,2803,1666.6,59.46,1736.15,61.94,일반철골구조,21000,"동물관련시설, 단독주택",2,0
경상남도 양산시 원동면 화제리 76번지,48330,32028,0,0076,0000,일반건축물,경상남도 양산시 명언고개밑길 12-16 (원동면 화제리),,,5010,2763.11,55.15,2763.11,55.15,일반목구조,21000,"동물관련시설, 주택",1,0
경상남도 양산시 원동면 화제리 82-1번지,48330,32028,0,0082,0001,일반건축물,경상남도 양산시 명언고개밑길 12-28 (원동면 화제리),,,429,192.6,44.9,192.6,44.9,강파이프구조,21000,축사,1,0
경상남도 양산시 원동면 화제리 82-2번지,48330,32028,0,0082,0002,일반건축물,경상남도 양산시 명언고개밑길 12-26 (원동면 화제리),,,0,434.3,0,434.3,0,블록구조,01000,주택,1,0
경상남도 양산시 원동면 화제리 83번지,48330,32028,0,0083,0000,일반건축물,경상남도 양산시 명언고개밑길 12-28 (원동면 화제리),,,423,192.6,45.53,192.6,45.53,강파이프구조,21000,축사,1,0
경상남도 양산시 원동면 화제리 86번지,48330,32028,0,0086,0000,일반건축물,경상남도 양산시 명언고개밑길 12-45 (원동면 화제리),,,4855,1354.03,27.89,1346.23,27.73,철골철근콘크리트구조,21000,"동물관련시설, 주택",1,0
경상남도 양산시 원동면 화제리 87-1번지,48330,32028,0,0087,0001,일반건축물,,,,1209,212.68,17.59,212.68,17.59,블록구조,21000,"주택,축사",1,0
경상남도 양산시 원동면 화제리 88번지,48330,32028,0,0088,0000,일반건축물,경상남도 양산시 명언고개밑길 12-43 (원동면 화제리),,,0,148,0,148,0,블록구조,21000,축사,1,0
경상남도 양산시 원동면 화제리 88번지,48330,32028,0,0088,0000,일반건축물,,,,0,98,0,98,0,블록구조,01000,주택,1,0
경상남도 양산시 원동면 화제리 93-1번지,48330,32028,0,0093,0001,일반건축물,경상남도 양산시 명언고개밑길 46 (원동면 화제리),,A동,0,196.22,0,196.22,0,블록구조,21000,동물및식물관련시설,1,0
경상남도 양산시 원동면 화제리 93-1번지,48330,32028,0,0093,0001,일반건축물,경상남도 양산시 명언고개밑길 46 (원동면 화제리),,I동,0,544.32,0,544.32,0,경량철골구조,21000,동물및식물관련시설,1,0
경상남도 양산시 원동면 화제리 93-1번지,48330,32028,0,0093,0001,일반건축물,경상남도 양산시 명언고개밑길 46 (원동면 화제리),,H동,0,275,0,275,0,블록구조,21000,동물및식물관련시설,1,0
경상남도 양산시 원동면 화제리 93-1번지,48330,32028,0,0093,0001,일반건축물,경상남도 양산시 명언고개밑길 46 (원동면 화제리),,G동,0,360,0,360,0,블록구조,21000,동물및식물관련시설,1,0
경상남도 양산시 원동면 화제리 93-1번지,48330,32028,0,0093,0001,일반건축물,경상남도 양산시 명언고개밑길 46 (원동면 화제리),,J동,0,330,0,330,0,일반철골구조,21000,동물및식물관련시설,1,0
경상남도 양산시 원동면 화제리 93-1번지,48330,32028,0,0093,0001,일반건축물,경상남도 양산시 명언고개밑길 46 (원동면 화제리),,C동,0,43.2,0,43.2,0,블록구조,21000,동물및식물관련시설,1,0
경상남도 양산시 원동면 화제리 93-1번지,48330,32028,0,0093,0001,일반건축물,경상남도 양산시 명언고개밑길 46 (원동면 화제리),,F동,0,329.95,0,329.95,0,블록구조,21000,동물및식물관련시설,1,0
경상남도 양산시 원동면 화제리 93-1번지,48330,32028,0,0093,0001,일반건축물,경상남도 양산시 명언고개밑길 46 (원동면 화제리),,E동,0,576.48,0,742.62,0,블록구조,21000,동물및식물관련시설,2,0
경상남도 양산시 원동면 화제리 93-1번지,48330,32028,0,0093,0001,일반건축물,경상남도 양산시 명언고개밑길 46 (원동면 화제리),,D동,0,36.54,0,36.54,0,블록구조,18000,동물및식물관련시설,1,0
경상남도 양산시 원동면 화제리 100번지,48330,32028,0,0100,0000,일반건축물,경상남도 양산시 명언고개밑길 30 (원동면 화제리),,,971,59.5,6.13,59.5,6.13,블록구조,01000,주택,1,0
경상남도 양산시 원동면 화제리 102-1번지,48330,32028,0,0102,0001,일반건축물,경상남도 양산시 명언고개밑길 30 (원동면 화제리),,,971,0,0,195,0,블록구조,21000,축사,1,0
경상남도 양산시 원동면 화제리 102-3번지,48330,32028,0,0102,0003,일반건축물,경상남도 양산시 명언고개밑길 34 (원동면 화제리),,1동,0,264.39,0,316.65,0,경량철골구조,21000,동물및식물관련시설,1,0
경상남도 양산시 원동면 화제리 102-3번지,48330,32028,0,0102,0003,일반건축물,,,부속건축물제1동,0,64.39,0,64.39,0,블록구조,21000,동물및식물관련시설,1,0
경상남도 양산시 원동면 화제리 102-3번지,48330,32028,0,0102,0003,일반건축물,,,부속건축물제3동,0,0,0,23.1,0,경량철골구조,21000,동물및식물관련시설,1,0
경상남도 양산시 원동면 화제리 102-3번지,48330,32028,0,0102,0003,일반건축물,경상남도 양산시 명언고개밑길 34 (원동면 화제리),,2동,0,96,0,160,0,경량철골구조,21000,동물및식물관련시설,1,0
경상남도 양산시 원동면 화제리 102-3번지,48330,32028,0,0102,0003,일반건축물,,,부속건축물제2동,0,0,0,74.16,0,경량철골구조,21000,동물및식물관련시설,1,0
경상남도 양산시 원동면 화제리 102-4번지,48330,32028,0,0102,0004,일반건축물,경상남도 양산시 명언고개밑길 30 (원동면 화제리),,,429,187.5,43.71,187.5,43.71,일반철골구조,21000,동물및식물관련시설,1,0
경상남도 양산시 원동면 화제리 104-1번지,48330,32028,0,0104,0001,일반건축물,경상남도 양산시 명언고개밑길 36 (원동면 화제리),,,894,131.65,14.73,325.68,36.43,블록구조,21000,"주택,동물및식물관련시설",1,0
경상남도 양산시 원동면 화제리 104-1번지,48330,32028,0,0104,0001,일반건축물,,,,894,0,0,144.18,16.13,블록구조,21000,동.식물관련시설,1,0
경상남도 양산시 원동면 화제리 104-3번지,48330,32028,0,0104,0003,일반건축물,경상남도 양산시 명언고개밑길 38 (원동면 화제리),,2동,0,132,0,132,0,블록구조,04000,제2종근린생활시설,1,0
경상남도 양산시 원동면 화제리 104-3번지,48330,32028,0,0104,0003,일반건축물,경상남도 양산시 명언고개밑길 38 (원동면 화제리),,1동,0,54,0,54,0,블록구조,01000,주택,1,0
경상남도 양산시 원동면 화제리 104-3번지,48330,32028,0,0104,0003,일반건축물,경상남도 양산시 명언고개밑길 38 (원동면 화제리),,3동,0,226,0,226,0,블록구조,04000,제2종근린생활시설,1,0
경상남도 양산시 원동면 화제리 104-4번지,48330,32028,0,0104,0004,일반건축물,경상남도 양산시 명언고개밑길 38-1 (원동면 화제리),,,0,138.6,0,138.6,0,블록구조,21000,축사,1,0
경상남도 양산시 원동면 화제리 104-5번지,48330,32028,0,0104,0005,일반건축물,경상남도 양산시 명언고개밑길 58-10 (원동면 화제리),,,9945,2358.04,23.71,2371.04,23.71,조적구조,01000,주택,1,1
경상남도 양산시 원동면 화제리 104-6번지,48330,32028,0,0104,0006,일반건축물,경상남도 양산시 명언뒷등길 132 (원동면 화제리),,"1동,2동",0,848.56,0,848.56,0,경량철골구조,21000,축사,1,0
경상남도 양산시 원동면 화제리 104-6번지,48330,32028,0,0104,0006,일반건축물,경상남도 양산시 명언뒷등길 132 (원동면 화제리),,3동,0,96.8,0,96.8,0,경량철골구조,21000,관리사,1,0
경상남도 양산시 원동면 화제리 104-7번지,48330,32028,0,0104,0007,일반건축물,경상남도 양산시 명언뒷등길 132 (원동면 화제리),,,3833,679,17.71,679,17.71,경량철골구조,21000,축사,1,0
경상남도 양산시 원동면 화제리 105-3번지,48330,32028,0,0105,0003,일반건축물,,,,0,101.48,0,101.48,0,블록구조,21000,축사,1,0
경상남도 양산시 원동면 화제리 105-4번지,48330,32028,0,0105,0004,일반건축물,경상남도 양산시 명언고개밑길 27 (원동면 화제리),,,343,122.64,35.76,122.64,35.76,벽돌구조,01000,단독주택,1,0
경상남도 양산시 원동면 화제리 135번지,48330,32028,0,0135,0000,일반건축물,경상남도 양산시 화제로 84 (원동면 화제리),,,1519,290.4,19.12,284.4,18.72,철근콘크리트구조,Z5000,종교시설,1,0
경상남도 양산시 원동면 화제리 136-1번지,48330,32028,0,0136,0001,일반건축물,경상남도 양산시 화제로 84 (원동면 화제리),,,1317,73.13,5.55,73.13,5.55,벽돌구조,04000,종교시설,1,0
경상남도 양산시 원동면 화제리 137번지,48330,32028,0,0137,0000,일반건축물,경상남도 양산시 화제로 90-10 (원동면 화제리),,,0,517.6,0,517.6,0,블록구조,21000,주택,1,0
경상남도 양산시 원동면 화제리 137-1번지,48330,32028,0,0137,0001,일반건축물,경상남도 양산시 화제로 90-10 (원동면 화제리),,,661,198.48,30.03,198.48,30.03,벽돌구조,01000,주택,1,0
경상남도 양산시 원동면 화제리 138번지,48330,32028,0,0138,0000,일반건축물,경상남도 양산시 화제로 90-10 (원동면 화제리),,,0,50.5,0,50.5,0,블록구조,18000,창고,1,0
경상남도 양산시 원동면 화제리 147번지,48330,32028,0,0147,0000,일반건축물,경상남도 양산시 화제로 98 (원동면 화제리),,,2099,1066.54,50.81,1066.54,50.81,일반철골구조,21000,동물관련시설,1,0
경상남도 양산시 원동면 화제리 149-1번지,48330,32028,0,0149,0001,일반건축물,경상남도 양산시 화제로 98 (원동면 화제리),,,2827,1089.35,38.53,1089.35,38.53,경량철골구조,21000,동물관련시설,1,0
경상남도 양산시 원동면 화제리 149-2번지,48330,32028,0,0149,0002,일반건축물,경상남도 양산시 화제로 98 (원동면 화제리),,,0,386.4,0,386.4,0,일반철골구조,21000,축사,1,0
경상남도 양산시 원동면 화제리 150번지,48330,32028,0,0150,0000,일반건축물,경상남도 양산시 화제로 98 (원동면 화제리),,,0,0,0,348.3,0,블록구조,21000,축사,1,0
경상남도 양산시 원동면 화제리 165-1번지,48330,32028,0,0165,0001,일반건축물,경상남도 양산시 화제로 127 (원동면 화제리),,,0,372.9,0,372.9,0,블록구조,01000,주택,1,0
경상남도 양산시 원동면 화제리 166-1번지,48330,32028,0,0166,0001,일반건축물,경상남도 양산시 화제로 122 (원동면 화제리),,,495,79.26,16.01,79.26,16.01,일반목구조,01000,단독주택,1,0
경상남도 양산시 원동면 화제리 172번지,48330,32028,0,0172,0000,일반건축물,경상남도 양산시 화제로 104-18 (원동면 화제리),,,0,201,0,201,0,블록구조,01000,"주택,축사",1,0
경상남도 양산시 원동면 화제리 173-2번지,48330,32028,0,0173,0002,일반건축물,경상남도 양산시 명언새들길 7 (원동면 화제리),,,2149,345.49,16.08,345.49,16.08,벽돌구조,21000,동물관련시설,1,0
경상남도 양산시 원동면 화제리 183번지,48330,32028,0,0183,0000,일반건축물,경상남도 양산시 독점길 22 (원동면 화제리),,,3200,307.5,9.61,307.5,9.61,철근콘크리트구조,21000,축사,1,0
경상남도 양산시 원동면 화제리 201-1번지,48330,32028,0,0201,0001,일반건축물,경상남도 양산시 명언새들길 23 (원동면 화제리),,2동,0,98,6.11,98,6.11,경량철골구조,18000,창고시설,1,0
경상남도 양산시 원동면 화제리 201-1번지,48330,32028,0,0201,0001,일반건축물,경상남도 양산시 명언새들길 23 (원동면 화제리),,1동,0,175.2,0,175.2,0,경량철골구조,18000,창고시설,1,0
경상남도 양산시 원동면 화제리 201-2번지,48330,32028,0,0201,0002,일반건축물,경상남도 양산시 명언새들길 21 (원동면 화제리),,제1동,383,57.02,14.89,57.02,14.89,경량철골구조,18000,창고시설,1,0
경상남도 양산시 원동면 화제리 215-1번지,48330,32028,0,0215,0001,일반건축물,경상남도 양산시 명언새들길 48 (원동면 화제리),,,2012,570.89,28.37,648.9,32.25,철근콘크리트구조,21000,"농가용주택, 축사",2,0
경상남도 양산시 원동면 화제리 216번지,48330,32028,0,0216,0000,일반건축물,경상남도 양산시 명언새들길 48 (원동면 화제리),,3동,0,197.8,0,197.8,0,일반목구조,21000,동물및식물관련시설,1,0
경상남도 양산시 원동면 화제리 216번지,48330,32028,0,0216,0000,일반건축물,경상남도 양산시 명언새들길 48 (원동면 화제리),,2동,0,198.4,0,198.4,0,철근콘크리트구조,21000,동.식물관련시설,1,0
경상남도 양산시 원동면 화제리 216번지,48330,32028,0,0216,0000,일반건축물,경상남도 양산시 명언새들길 48 (원동면 화제리),,5동,0,195,0,195,0,강파이프구조,21000,동물 및 식물관련시설,1,0
경상남도 양산시 원동면 화제리 216번지,48330,32028,0,0216,0000,일반건축물,경상남도 양산시 명언새들길 48 (원동면 화제리),,4동,0,182.4,0,182.4,0,일반목구조,21000,동물 및 식물관련시설,1,0
경상남도 양산시 원동면 화제리 216번지,48330,32028,0,0216,0000,일반건축물,경상남도 양산시 명언새들길 48 (원동면 화제리),,1동,0,180,0,180,0,강파이프구조,21000,동물 및 식물관련시설,1,0
경상남도 양산시 원동면 화제리 216번지,48330,32028,0,0216,0000,일반건축물,경상남도 양산시 명언새들길 48 (원동면 화제리),,6동,0,189.6,0,189.6,0,블록구조,21000,동물 및 식물관련시설,1,0
경상남도 양산시 원동면 화제리 217번지,48330,32028,0,0217,0000,일반건축물,경상남도 양산시 명언새들길 57 (원동면 화제리),,,135,26.4,19.56,26.4,19.56,경량철골구조,21000,동물및식물관련시설,1,0
경상남도 양산시 원동면 화제리 217-3번지,48330,32028,0,0217,0003,일반건축물,경상남도 양산시 명언새들길 56 (원동면 화제리),,,731,102.07,13.96,102.07,13.96,강파이프구조,21000,동물및식물관련시설,1,0
경상남도 양산시 원동면 화제리 221번지,48330,32028,0,0221,0000,일반건축물,경상남도 양산시 독점길 34-3 (원동면 화제리),,,956,84,8.79,84,8.79,강파이프구조,21000,동물관련시설,1,0
경상남도 양산시 원동면 화제리 232-1번지,48330,32028,0,0232,0001,일반건축물,경상남도 양산시 독점길 60-7 (원동면 화제리),,3동,0,42,0,42,0,강파이프구조,21000,동물관련시설,1,0
경상남도 양산시 원동면 화제리 232-1번지,48330,32028,0,0232,0001,일반건축물,경상남도 양산시 독점길 60-7 (원동면 화제리),,1동,0,42,0,42,0,강파이프구조,21000,동물관련시설,1,0
경상남도 양산시 원동면 화제리 232-1번지,48330,32028,0,0232,0001,일반건축물,경상남도 양산시 독점길 60-7 (원동면 화제리),,2동,0,42.88,0,42.88,0,강파이프구조,21000,동물관련시설,1,0
경상남도 양산시 원동면 화제리 233번지,48330,32028,0,0233,0000,일반건축물,경상남도 양산시 어곡로 575-2 (원동면 화제리),,,0,52.8,0,52.8,0,일반목구조,01000,주택,1,0
경상남도 양산시 원동면 화제리 234번지,48330,32028,0,0234,0000,일반건축물,경상남도 양산시 어곡로 575 (원동면 화제리),,,0,49.5,0,49.5,0,일반목구조,01000,주택,1,0
경상남도 양산시 원동면 화제리 238번지,48330,32028,0,0238,0000,일반건축물,경상남도 양산시 어곡로 571-2 (원동면 화제리),,,0,95.7,0,95.7,0,일반목구조,01000,주택,1,0
경상남도 양산시 원동면 화제리 241번지,48330,32028,0,0241,0000,일반건축물,경상남도 양산시 어곡로 571-4 (원동면 화제리),,제1동,357,195.9,54.87,344.78,96.58,철근콘크리트구조,03000,"제1종근린생활시설, 단독주택",2,0
경상남도 양산시 원동면 화제리 243-2번지,48330,32028,0,0243,0002,일반건축물,경상남도 양산시 어곡로 571 (원동면 화제리),,,0,56.1,0,56.1,0,일반목구조,01000,주택,1,0
경상남도 양산시 원동면 화제리 246-1번지,48330,32028,0,0246,0001,일반건축물,,,,420,97.59,23.24,97.59,23.24,벽돌구조,03000,제1종근린생활시설,1,0
경상남도 양산시 원동면 화제리 261-1번지,48330,32028,0,0261,0001,일반건축물,경상남도 양산시 화제로 160 (원동면 화제리),,,440,87.85,19.97,175.7,39.93,일반철골구조,03000,제1종근린생활시설,2,0
경상남도 양산시 원동면 화제리 261-5번지,48330,32028,0,0261,0005,일반건축물,경상남도 양산시 화제로 160-3 (원동면 화제리),,제1동,1139,146.16,12.83,250.99,22.04,철근콘크리트구조,03000,제1종근린생활시설,2,0
경상남도 양산시 원동면 화제리 262번지,48330,32028,0,0262,0000,일반건축물,,,,0,46.2,0,46.2,0,일반목구조,01000,주택,1,0
경상남도 양산시 원동면 화제리 262번지,48330,32028,0,0262,0000,일반건축물,,,,0,59.4,0,59.4,0,일반목구조,01000,주택,1,0
경상남도 양산시 원동면 화제리 277번지,48330,32028,0,0277,0000,일반건축물,경상남도 양산시 화제로 150 (원동면 화제리),,,801,125.07,15.61,187.32,23.39,철근콘크리트구조,01000,단독주택,2,0
경상남도 양산시 원동면 화제리 280-1번지,48330,32028,0,0280,0001,일반건축물,경상남도 양산시 독점길 46 (원동면 화제리),,,217,106.3,48.99,121.6,56.04,기타강구조,03000,제1종근린생활시설,2,0
경상남도 양산시 원동면 화제리 281번지,48330,32028,0,0281,0000,일반건축물,경상남도 양산시 독점길 52 (원동면 화제리),,,0,126.99,0,126.99,0,벽돌구조,01000,주택,1,0
경상남도 양산시 원동면 화제리 283번지,48330,32028,0,0283,0000,일반건축물,경상남도 양산시 독점길 42 (원동면 화제리),,,0,52.8,0,52.8,0,일반목구조,01000,주택,1,0
경상남도 양산시 원동면 화제리 284번지,48330,32028,0,0284,0000,일반건축물,,,,0,33,0,33,0,일반목구조,01000,주택,1,0
경상남도 양산시 원동면 화제리 291번지,48330,32028,0,0291,0000,일반건축물,경상남도 양산시 독점길 41 (원동면 화제리),,,0,52.8,0,52.8,0,일반목구조,01000,주택,1,0
경상남도 양산시 원동면 화제리 291번지,48330,32028,0,0291,0000,일반건축물,경상남도 양산시 독점길 41 (원동면 화제리),,,0,0,0,128.8,0,일반목구조,01000,주택,1,0
경상남도 양산시 원동면 화제리 292-1번지,48330,32028,0,0292,0001,일반건축물,경상남도 양산시 독점길 11-30 (원동면 화제리),,,0,52.8,0,52.8,0,일반목구조,01000,주택,1,0
경상남도 양산시 원동면 화제리 293-2번지,48330,32028,0,0293,0002,일반건축물,경상남도 양산시 독점길 11-20 (원동면 화제리),,,663,117.36,17.7,98.56,14.87,철근콘크리트구조,01000,단독주택,1,0
경상남도 양산시 원동면 화제리 293-3번지,48330,32028,0,0293,0003,일반건축물,경상남도 양산시 독점길 11-28 (원동면 화제리),,,661,104.28,15.78,104.28,15.78,경량철골구조,01000,단독주택,1,0
경상남도 양산시 원동면 화제리 293-4번지,48330,32028,0,0293,0004,일반건축물,경상남도 양산시 독점길 11-26 (원동면 화제리),,,661,115.8,17.52,115.8,17.52,경량철골구조,01000,단독주택,1,0
경상남도 양산시 원동면 화제리 294번지,48330,32028,0,0294,0000,일반건축물,경상남도 양산시 독점길 33 (원동면 화제리),,,155,74.7,48.19,74.7,48.19,벽돌구조,03000,근린생활시설,1,0
경상남도 양산시 원동면 화제리 295번지,48330,32028,0,0295,0000,일반건축물,경상남도 양산시 독점길 31 (원동면 화제리),,,200,34.99,17.5,34.99,17.5,일반목구조,01000,단독주택,1,0
경상남도 양산시 원동면 화제리 306-1번지,48330,32028,0,0306,0001,일반건축물,경상남도 양산시 독점길 11-9 (원동면 화제리),,,718,132.98,18.52,132.98,18.52,경량철골구조,01000,단독주택,1,0
경상남도 양산시 원동면 화제리 306-5번지,48330,32028,0,0306,0005,일반건축물,경상남도 양산시 독점길 9 (원동면 화제리),,,740,125.94,17.02,180.63,24.41,철근콘크리트구조,01000,단독주택,2,0
경상남도 양산시 원동면 화제리 312-1번지,48330,32028,0,0312,0001,일반건축물,경상남도 양산시 화제로 135 (원동면 화제리),,,0,144,0,144,0,블록구조,21000,축사,1,0
경상남도 양산시 원동면 화제리 312-6번지,48330,32028,0,0312,0006,일반건축물,경상남도 양산시 화제로 135 (원동면 화제리),,제1동,192,37.67,19.62,37.67,19.62,강파이프구조,21000,동.식물관련시설,1,0
경상남도 양산시 원동면 화제리 317-3번지,48330,32028,0,0317,0003,일반건축물,경상남도 양산시 화제로 131-9 (원동면 화제리),,,317,91.62,28.9,91.62,28.9,벽돌구조,21000,동물 및 식물관련시설,1,0
경상남도 양산시 원동면 화제리 318-1번지,48330,32028,0,0318,0001,일반건축물,경상남도 양산시 화제로 131-23 (원동면 화제리),,,579,192,33.16,192,33.16,경량철골구조,21000,동물관련시설,1,0
경상남도 양산시 원동면 화제리 320번지,48330,32028,0,0320,0000,일반건축물,경상남도 양산시 화제로 131-20 (원동면 화제리),,,330,131.04,39.71,131.04,39.71,강파이프구조,21000,동물관련시설,1,0
경상남도 양산시 원동면 화제리 325-10번지,48330,32028,0,0325,0010,일반건축물,,,,0,221.6,0,221.6,0,블록구조,01000,주택,1,0
경상남도 양산시 원동면 화제리 326번지,48330,32028,0,0326,0000,일반건축물,경상남도 양산시 지나1길 10 (원동면 화제리),,,0,191,0,191,0,블록구조,21000,축사,1,0
경상남도 양산시 원동면 화제리 331번지,48330,32028,0,0331,0000,일반건축물,경상남도 양산시 지나1길 10 (원동면 화제리),,,0,204.6,0,204.6,0,블록구조,01000,"주택,축사",1,0
경상남도 양산시 원동면 화제리 335번지,48330,32028,0,0335,0000,일반건축물,경상남도 양산시 지나1길 6-2 (원동면 화제리),,제1동,988,571.48,57.84,729.21,73.81,일반철골구조,03000,제1종근린생활시설,2,0
경상남도 양산시 원동면 화제리 335-1번지,48330,32028,0,0335,0001,일반건축물,경상남도 양산시 지나1길 8 (원동면 화제리),,,604,93.36,15.46,87.84,14.54,벽돌구조,01000,농가용주택,1,0
경상남도 양산시 원동면 화제리 335-2번지,48330,32028,0,0335,0002,일반건축물,경상남도 양산시 지나1길 8-1 (원동면 화제리),,,0,46.2,0,46.2,0,블록구조,01000,주택,1,0
경상남도 양산시 원동면 화제리 335-3번지,48330,32028,0,0335,0003,일반건축물,경상남도 양산시 지나1길 6 (원동면 화제리),,,0,100.55,0,82.98,0,철근콘크리트구조,01000,단독주택,1,0
경상남도 양산시 원동면 화제리 335-3번지,48330,32028,0,0335,0003,일반건축물,경상남도 양산시 지나1길 6 (원동면 화제리),,,0,29.7,0,29.7,0,일반목구조,01000,단독주택,1,0
경상남도 양산시 원동면 화제리 336번지,48330,32028,0,0336,0000,일반건축물,경상남도 양산시 지나1길 6-1 (원동면 화제리),,,587,131.4,22.39,131.4,22.39,경량철골구조,01000,단독주택(다가구),1,0
경상남도 양산시 원동면 화제리 336-3번지,48330,32028,0,0336,0003,일반건축물,경상남도 양산시 지나1길 6-7 (원동면 화제리),,,1246,359.57,28.86,482.47,38.72,일반철골구조,04000,제2종근린생활시설,2,0
경상남도 양산시 원동면 화제리 338-2번지,48330,32028,0,0338,0002,일반건축물,경상남도 양산시 화제로 131-22 (원동면 화제리),,,919,169.18,18.41,169.18,18.41,경량철골구조,21000,동.식물관련시설,1,0
경상남도 양산시 원동면 화제리 339번지,48330,32028,0,0339,0000,일반건축물,경상남도 양산시 화제로 131-56 (원동면 화제리),,주3동,0,446.15,0,446.15,0,강파이프구조,21000,동.식물관련시설,1,0
경상남도 양산시 원동면 화제리 339번지,48330,32028,0,0339,0000,일반건축물,경상남도 양산시 화제로 131-56 (원동면 화제리),,주1동,0,677.95,0,851.89,0,경량철골구조,21000,동.식물관련시설,1,0
경상남도 양산시 원동면 화제리 339번지,48330,32028,0,0339,0000,일반건축물,경상남도 양산시 화제로 131-56 (원동면 화제리),,부5동,0,0,0,51,0,경량철골구조,21000,동.식물관련시설,1,0
경상남도 양산시 원동면 화제리 339번지,48330,32028,0,0339,0000,일반건축물,경상남도 양산시 화제로 131-56 (원동면 화제리),,부2동,0,186.28,0,186.28,0,경량철골구조,21000,동.식물관련시설,1,0
경상남도 양산시 원동면 화제리 339번지,48330,32028,0,0339,0000,일반건축물,경상남도 양산시 화제로 131-56 (원동면 화제리),,주2동,0,576.93,0,861.24,0,일반철골구조,21000,동.식물관련시설,1,0
경상남도 양산시 원동면 화제리 339번지,48330,32028,0,0339,0000,일반건축물,경상남도 양산시 화제로 131-56 (원동면 화제리),,부4동,0,83.4,0,83.4,0,일반철골구조,21000,동.식물관련시설,1,0
경상남도 양산시 원동면 화제리 339번지,48330,32028,0,0339,0000,일반건축물,경상남도 양산시 화제로 131-56 (원동면 화제리),,부1동,0,0,0,284.31,0,경량철골구조,21000,동.식물관련시설,1,0
경상남도 양산시 원동면 화제리 339번지,48330,32028,0,0339,0000,일반건축물,경상남도 양산시 화제로 131-56 (원동면 화제리),,부6동,0,0,0,132.03,0,일반철골구조,21000,동.식물관련시설,1,0
경상남도 양산시 원동면 화제리 339번지,48330,32028,0,0339,0000,일반건축물,경상남도 양산시 화제로 131-56 (원동면 화제리),,부3동,0,0,0,41.91,0,경량철골구조,21000,동.식물관련시설,1,0
경상남도 양산시 원동면 화제리 339번지,48330,32028,0,0339,0000,일반건축물,경상남도 양산시 화제로 131-56 (원동면 화제리),,주4동,0,277.73,0,328.73,0,경량철골구조,21000,동.식물관련시설,1,0
경상남도 양산시 원동면 화제리 347-1번지,48330,32028,0,0347,0001,일반건축물,경상남도 양산시 화제로 177 (원동면 화제리),,,496,82.26,16.58,82.26,16.58,벽돌구조,01000,주택,1,0
경상남도 양산시 원동면 화제리 347-2번지,48330,32028,0,0347,0002,일반건축물,경상남도 양산시 지나1길 6-8 (원동면 화제리),,,990,274.63,27.74,548.41,55.39,일반철골구조,03000,제1종근린생활시설,2,0
경상남도 양산시 원동면 화제리 349-1번지,48330,32028,0,0349,0001,일반건축물,경상남도 양산시 화제로 175 (원동면 화제리),,,257,129.92,50.55,212.36,82.63,철근콘크리트구조,11000,"노유자시설,제1종근린생활시설",2,0
경상남도 양산시 원동면 화제리 357-1번지,48330,32028,0,0357,0001,일반건축물,경상남도 양산시 화제로 181 (원동면 화제리),,,778,147.54,18.96,147.54,18.96,조적구조,01000,"단독주택,콩나물재배사",1,0
경상남도 양산시 원동면 화제리 360번지,48330,32028,0,0360,0000,일반건축물,경상남도 양산시 화제로 186 (원동면 화제리),,,660,97.69,14.8,97.69,14.8,일반목구조,01000,단독주택,1,0
경상남도 양산시 원동면 화제리 360-1번지,48330,32028,0,0360,0001,일반건축물,경상남도 양산시 화제로 188 (원동면 화제리),,제1동,740,111.1,15.01,95.7,12.93,경량철골구조,01000,단독주택,1,0
경상남도 양산시 원동면 화제리 360-2번지,48330,32028,0,0360,0002,일반건축물,경상남도 양산시 화제로 190 (원동면 화제리),,,1305,256.7,19.67,430.6,33,철근콘크리트구조,03000,"제1,2종근린생활시설,단독주택",2,0
경상남도 양산시 원동면 화제리 370번지,48330,32028,0,0370,0000,일반건축물,경상남도 양산시 화제로 196 (원동면 화제리),,1동,0,213.18,0,278.92,0,철근콘크리트구조,01000,단독주택(다가구),2,0
경상남도 양산시 원동면 화제리 370번지,48330,32028,0,0370,0000,일반건축물,경상남도 양산시 화제로 196 (원동면 화제리),,3동,0,15.6,0,15.6,0,경량철골구조,01000,단독주택(다가구(창고)),1,0
경상남도 양산시 원동면 화제리 370번지,48330,32028,0,0370,0000,일반건축물,경상남도 양산시 화제로 196 (원동면 화제리),,2동,0,103.51,0,98.01,0,철근콘크리트구조,01000,단독주택(다가구),1,0
경상남도 양산시 원동면 화제리 376번지,48330,32028,0,0376,0000,일반건축물,경상남도 양산시 어곡로 562 (원동면 화제리),,,4491,97.92,2.18,97.92,2.18,강파이프구조,12000,수련시설,1,0
경상남도 양산시 원동면 화제리 376번지,48330,32028,0,0376,0000,일반건축물,경상남도 양산시 어곡로 562 (원동면 화제리),,A동,4991,491.14,9.84,491.14,9.84,일반철골구조,12000,수련시설,1,0
경상남도 양산시 원동면 화제리 376번지,48330,32028,0,0376,0000,일반건축물,,,B동,1537,122.5,7.97,122.5,7.97,일반철골구조,12000,수련시설,1,0
경상남도 양산시 원동면 화제리 376번지,48330,32028,0,0376,0000,일반건축물,경상남도 양산시 어곡로 562 (원동면 화제리),,,4491,97.92,2.18,97.92,2.18,강파이프구조,12000,수련시설,1,0
경상남도 양산시 원동면 화제리 378번지,48330,32028,0,0378,0000,일반건축물,경상남도 양산시 어곡로 564 (원동면 화제리),,부속건축물제1동,1918,97.92,5.11,97.92,5.11,경량철골구조,04000,제2종근린생활시설,1,0
경상남도 양산시 원동면 화제리 378번지,48330,32028,0,0378,0000,일반건축물,경상남도 양산시 어곡로 564 (원동면 화제리),,제1동,1918,243.94,12.72,243.94,12.72,경량철골구조,04000,제2종근린생활시설,1,0
경상남도 양산시 원동면 화제리 382-2번지,48330,32028,0,0382,0002,일반건축물,경상남도 양산시 어곡로 571-15 (원동면 화제리),,,484,89.76,18.55,158.77,32.8,경량철골구조,01000,단독주택,2,0
경상남도 양산시 원동면 화제리 384-2번지,48330,32028,0,0384,0002,일반건축물,경상남도 양산시 어곡로 571-21 (원동면 화제리),,,205,39.36,19.2,39.36,19.2,일반목구조,01000,단독주택,1,0
경상남도 양산시 원동면 화제리 386번지,48330,32028,0,0386,0000,일반건축물,경상남도 양산시 어곡로 552 (원동면 화제리),,5동,0,12,0,12,0,기타조적구조,01000,찜질방,1,0
경상남도 양산시 원동면 화제리 386번지,48330,32028,0,0386,0000,일반건축물,경상남도 양산시 어곡로 552 (원동면 화제리),,1동,0,356.15,0,438,0,일반목구조,01000,단독주택,2,0
경상남도 양산시 원동면 화제리 386번지,48330,32028,0,0386,0000,일반건축물,경상남도 양산시 어곡로 552 (원동면 화제리),,2동,0,363.88,0,363.88,0,일반목구조,03000,1종근린생활시설,1,0
경상남도 양산시 원동면 화제리 386번지,48330,32028,0,0386,0000,일반건축물,경상남도 양산시 어곡로 552 (원동면 화제리),,4동,0,96.97,0,96.97,0,일반목구조,01000,주차장,1,0
경상남도 양산시 원동면 화제리 386번지,48330,32028,0,0386,0000,일반건축물,경상남도 양산시 어곡로 552 (원동면 화제리),,3동,0,144,0,144,0,경량철골구조,03000,1종근린생활시설,1,0
경상남도 양산시 원동면 화제리 388-3번지,48330,32028,0,0388,0003,일반건축물,경상남도 양산시 어곡로 543 (원동면 화제리),(주)다소니숲교육마을,제4동,0,63.57,0,87.1,0,철근콘크리트구조,01000,단독주택,2,0
경상남도 양산시 원동면 화제리 388-3번지,48330,32028,0,0388,0003,일반건축물,경상남도 양산시 어곡로 543 (원동면 화제리),(주)다소니숲교육마을,제5동,0,63.57,0,76.84,0,철근콘크리트구조,01000,단독주택,2,0
경상남도 양산시 원동면 화제리 388-3번지,48330,32028,0,0388,0003,일반건축물,경상남도 양산시 어곡로 543 (원동면 화제리),(주)다소니숲교육마을,제3동,0,63.57,0,87.1,0,철근콘크리트구조,01000,단독주택,2,0
경상남도 양산시 원동면 화제리 388-3번지,48330,32028,0,0388,0003,일반건축물,경상남도 양산시 어곡로 543 (원동면 화제리),(주)다소니숲교육마을,제1동,0,416.04,0,1512.38,0,철근콘크리트구조,04000,제2종근린생활시설,4,1
경상남도 양산시 원동면 화제리 388-3번지,48330,32028,0,0388,0003,일반건축물,경상남도 양산시 어곡로 543 (원동면 화제리),(주)다소니숲교육마을,제2동,0,65.34,0,88.49,0,철근콘크리트구조,01000,단독주택,2,0
경상남도 양산시 원동면 화제리 394-1번지,48330,32028,0,0394,0001,일반건축물,경상남도 양산시 어곡로 532 (원동면 화제리),,제2동,1522,0,0,32.5,2.14,강파이프구조,21000,동.식물관련시설,1,0
경상남도 양산시 원동면 화제리 394-1번지,48330,32028,0,0394,0001,일반건축물,경상남도 양산시 어곡로 532 (원동면 화제리),,제1동,1522,196.52,12.91,196.52,12.91,강파이프구조,21000,동.식물관련시설,1,0
경상남도 양산시 원동면 화제리 405-3번지,48330,32028,0,0405,0003,일반건축물,경상남도 양산시 지나4길 24 (원동면 화제리),,,942,141.95,15.07,49.4,5.24,일반목구조,01000,단독주택,1,0
경상남도 양산시 원동면 화제리 405-5번지,48330,32028,0,0405,0005,일반건축물,경상남도 양산시 어곡로 532-43 (원동면 화제리),,,926,143.04,15.45,49.56,5.35,일반목구조,04000,제2종근린생활시설,1,0
경상남도 양산시 원동면 화제리 406-2번지,48330,32028,0,0406,0002,일반건축물,,,,661,196,29.65,196,29.65,강파이프구조,21000,동물관련시설,1,0
경상남도 양산시 원동면 화제리 410번지,48330,32028,0,0410,0000,일반건축물,경상남도 양산시 화제로 204 (원동면 화제리),,제1동,424,128.39,30.28,193.31,45.59,철근콘크리트구조,01000,단독주택,2,0
경상남도 양산시 원동면 화제리 410번지,48330,32028,0,0410,0000,일반건축물,경상남도 양산시 화제로 204 (원동면 화제리),,제3동,424,2.89,0.68,2.89,0.68,경량철골구조,01000,단독주택(창고),1,0
경상남도 양산시 원동면 화제리 410번지,48330,32028,0,0410,0000,일반건축물,경상남도 양산시 화제로 204 (원동면 화제리),,제2동,424,16.72,3.94,16.72,3.94,경량철골구조,01000,단독주택(창고),1,0
경상남도 양산시 원동면 화제리 410-4번지,48330,32028,0,0410,0004,일반건축물,경상남도 양산시 화제로 206 (원동면 화제리),,제2동,0,87.41,0,126.79,0,철근콘크리트구조,01000,단독주택,2,0
경상남도 양산시 원동면 화제리 410-4번지,48330,32028,0,0410,0004,일반건축물,경상남도 양산시 화제로 206 (원동면 화제리),,제1동,0,87.41,0,126.79,0,철근콘크리트구조,01000,단독주택,2,0
경상남도 양산시 원동면 화제리 410-4번지,48330,32028,0,0410,0004,일반건축물,경상남도 양산시 화제로 206 (원동면 화제리),,제3동,0,87.41,0,126.79,0,철근콘크리트구조,01000,단독주택,2,0
경상남도 양산시 원동면 화제리 424번지,48330,32028,0,0424,0000,일반건축물,경상남도 양산시 지나3길 5 (원동면 화제리),,,990,128.53,12.98,172.23,17.4,일반목구조,01000,단독주택,2,0
경상남도 양산시 원동면 화제리 426번지,48330,32028,0,0426,0000,일반건축물,경상남도 양산시 지나3길 3 (원동면 화제리),,,271,75.55,27.88,75.55,27.88,블록구조,01000,주택,1,0
경상남도 양산시 원동면 화제리 439번지,48330,32028,0,0439,0000,일반건축물,경상남도 양산시 지나2길 4 (원동면 화제리),,,0,69.3,0,69.3,0,블록구조,01000,주택,1,0
경상남도 양산시 원동면 화제리 444번지,48330,32028,0,0444,0000,일반건축물,경상남도 양산시 지나2길 14 (원동면 화제리),,,0,101.1,0,101.1,0,일반목구조,01000,주택,1,0
경상남도 양산시 원동면 화제리 445번지,48330,32028,0,0445,0000,일반건축물,경상남도 양산시 지나2길 12 (원동면 화제리),,,0,42.9,0,42.9,0,일반목구조,01000,주택,1,0
경상남도 양산시 원동면 화제리 446번지,48330,32028,0,0446,0000,일반건축물,경상남도 양산시 지나2길 10 (원동면 화제리),,,358,78.03,21.8,94.83,26.49,철근콘크리트구조,01000,단독주택,2,0
경상남도 양산시 원동면 화제리 449번지,48330,32028,0,0449,0000,일반건축물,경상남도 양산시 지나2길 6 (원동면 화제리),,,0,69.3,0,69.3,0,일반목구조,01000,주택,1,0
경상남도 양산시 원동면 화제리 450번지,48330,32028,0,0450,0000,일반건축물,경상남도 양산시 지나2길 5 (원동면 화제리),,,0,52.8,0,52.8,0,일반목구조,01000,주택,1,0
경상남도 양산시 원동면 화제리 455-1번지,48330,32028,0,0455,0001,일반건축물,경상남도 양산시 화제로 195 (원동면 화제리),,1동,1064,204,19.17,408,38.35,일반철골구조,01000,"단독주택, 제1종근린생활시설",2,0
경상남도 양산시 원동면 화제리 462-1번지,48330,32028,0,0462,0001,일반건축물,경상남도 양산시 화제로 185 (원동면 화제리),,,0,42.5,0,42.5,0,경량철골구조,01000,단독주택,1,0
경상남도 양산시 원동면 화제리 462-1번지,48330,32028,0,0462,0001,일반건축물,경상남도 양산시 화제로 185 (원동면 화제리),,,995,168.38,16.92,148.64,14.94,벽돌구조,01000,단독주택,1,0
경상남도 양산시 원동면 화제리 465-1번지,48330,32028,0,0465,0001,일반건축물,경상남도 양산시 화제로 183 (원동면 화제리),,,660,102.75,15.57,96.87,14.67,경량철골구조,01000,단독주택,1,0
경상남도 양산시 원동면 화제리 465-1번지,48330,32028,0,0465,0001,일반건축물,경상남도 양산시 화제로 183 (원동면 화제리),,,660,16.5,2.5,16.5,2.5,경량철골구조,01000,단독주택,1,0
경상남도 양산시 원동면 화제리 485-1번지,48330,32028,0,0485,0001,일반건축물,경상남도 양산시 지나2길 9-18 (원동면 화제리),,,466,88.74,19.04,88.74,19.04,경량철골구조,01000,단독주택,1,0
경상남도 양산시 원동면 화제리 485-2번지,48330,32028,0,0485,0002,일반건축물,경상남도 양산시 지나2길 9-12 (원동면 화제리),,,507,89.94,17.74,89.94,17.74,철근콘크리트구조,01000,단독주택,1,0
경상남도 양산시 원동면 화제리 493번지,48330,32028,0,0493,0000,일반건축물,경상남도 양산시 지나2길 9-6 (원동면 화제리),,,453,78.84,17.4,78.84,17.4,벽돌구조,01000,농가용주택,1,0
경상남도 양산시 원동면 화제리 494번지,48330,32028,0,0494,0000,일반건축물,경상남도 양산시 지나2길 9-8 (원동면 화제리),,,0,56.1,0,56.1,0,일반목구조,01000,주택,1,0
경상남도 양산시 원동면 화제리 497번지,48330,32028,0,0497,0000,일반건축물,경상남도 양산시 지나2길 9-4 (원동면 화제리),,,0,59.4,0,59.4,0,일반목구조,01000,주택,1,0
경상남도 양산시 원동면 화제리 499번지,48330,32028,0,0499,0000,일반건축물,경상남도 양산시 지나2길 7 (원동면 화제리),,,0,23.1,0,23.1,0,일반목구조,01000,주택,1,0
경상남도 양산시 원동면 화제리 500번지,48330,32028,0,0500,0000,일반건축물,경상남도 양산시 지나2길 9 (원동면 화제리),,,0,56.1,0,56.1,0,일반목구조,01000,주택,1,0
경상남도 양산시 원동면 화제리 505-1번지,48330,32028,0,0505,0001,일반건축물,경상남도 양산시 화제로 219 (원동면 화제리),,,994,90.44,9.1,90.44,9.1,경량철골구조,01000,주택,1,0
경상남도 양산시 원동면 화제리 505-1번지,48330,32028,0,0505,0001,일반건축물,경상남도 양산시 화제로 219 (원동면 화제리),,,0,72.7,0,72.7,0,블록구조,01000,주택,1,0
경상남도 양산시 원동면 화제리 505-6번지,48330,32028,0,0505,0006,일반건축물,경상남도 양산시 화제로 221 (원동면 화제리),,,706,125.13,17.72,159.96,22.66,철근콘크리트구조,01000,단독주택,2,0
경상남도 양산시 원동면 화제리 523-4번지,48330,32028,0,0523,0004,일반건축물,경상남도 양산시 지나3길 34-7 (원동면 화제리),,1동,553,108.75,19.67,108.75,19.67,경량철골구조,01000,단독주택,1,0
경상남도 양산시 원동면 화제리 523-7번지,48330,32028,0,0523,0007,일반건축물,경상남도 양산시 지나3길 32 (원동면 화제리),,,422,83.94,19.89,83.94,19.89,경량철골구조,01000,단독주택,1,0
경상남도 양산시 원동면 화제리 523-8번지,48330,32028,0,0523,0008,일반건축물,경상남도 양산시 지나3길 34-16 (원동면 화제리),,,718,96.5,13.44,96.5,13.44,경량철골구조,01000,단독주택,1,0
경상남도 양산시 원동면 화제리 523-13번지,48330,32028,0,0523,0013,일반건축물,경상남도 양산시 지나3길 34-10 (원동면 화제리),,1동,545,107.25,19.68,122.1,22.4,블록구조,01000,단독주택,2,0
경상남도 양산시 원동면 화제리 523-15번지,48330,32028,0,0523,0015,일반건축물,경상남도 양산시 지나3길 36 (원동면 화제리),,,488,85.79,17.58,95.13,19.49,철근콘크리트구조,01000,단독주택,2,0
경상남도 양산시 원동면 화제리 523-16번지,48330,32028,0,0523,0016,일반건축물,경상남도 양산시 지나3길 34-12 (원동면 화제리),,제1동,398,78.84,19.81,78.84,19.81,일반목구조,01000,단독주택,1,0
경상남도 양산시 원동면 화제리 523-17번지,48330,32028,0,0523,0017,일반건축물,경상남도 양산시 지나3길 40-7 (원동면 화제리),,제1동,574,87,15.16,87,15.16,경량철골구조,04000,제2종근린생활시설,1,0
경상남도 양산시 원동면 화제리 523-18번지,48330,32028,0,0523,0018,일반건축물,경상남도 양산시 지나3길 40-8 (원동면 화제리),,,588,86.74,14.75,86.74,14.75,철근콘크리트구조,01000,단독주택,1,0
경상남도 양산시 원동면 화제리 523-19번지,48330,32028,0,0523,0019,일반건축물,경상남도 양산시 지나3길 34-14 (원동면 화제리),,,431,76.23,17.69,126.27,29.3,철근콘크리트구조,01000,단독주택,2,0
경상남도 양산시 원동면 화제리 525-5번지,48330,32028,0,0525,0005,일반건축물,경상남도 양산시 지나3길 34-18 (원동면 화제리),,,1046,166.41,15.91,126.75,12.12,철근콘크리트구조,01000,단독주택,1,0
경상남도 양산시 원동면 화제리 528-2번지,48330,32028,0,0528,0002,일반건축물,경상남도 양산시 지나3길 40-12 (원동면 화제리),,제1동,761,119.4,15.69,119.4,15.69,경량철골구조,03000,제1종근린생활시설,1,0
경상남도 양산시 원동면 화제리 532-8번지,48330,32028,0,0532,0008,일반건축물,경상남도 양산시 지나3길 41 (원동면 화제리),,B동,916,42.25,4.61,42.25,4.61,강파이프구조,01000,창고,1,0
경상남도 양산시 원동면 화제리 532-8번지,48330,32028,0,0532,0008,일반건축물,경상남도 양산시 지나3길 41 (원동면 화제리),,A동,916,140.07,15.29,173.23,18.91,철근콘크리트구조,01000,단독주택,2,0
경상남도 양산시 원동면 화제리 558-1번지,48330,32028,0,0558,0001,일반건축물,,,,300,66,22,66,22,벽돌구조,01000,주택,1,0
경상남도 양산시 원동면 화제리 559-1번지,48330,32028,0,0559,0001,일반건축물,경상남도 양산시 감토봉길 7-1 (원동면 화제리),,,661,257,38.88,257,38.88,벽돌구조,21000,축사,1,0
경상남도 양산시 원동면 화제리 583번지,48330,32028,0,0583,0000,일반건축물,경상남도 양산시 어곡로 532-26 (원동면 화제리),,,3131,271.74,8.7,271.74,8.7,일반목구조,21000,축사,1,0
경상남도 양산시 원동면 화제리 592번지,48330,32028,0,0592,0000,일반건축물,경상남도 양산시 지나4길 26 (원동면 화제리),,,878,141.04,16.06,49.64,5.65,일반목구조,01000,단독주택,1,0
경상남도 양산시 원동면 화제리 601-7번지,48330,32028,0,0601,0007,일반건축물,경상남도 양산시 어곡로 516 (원동면 화제리),,2동,0,272,0,272,0,경량철골구조,03000,제1종근린생활시설,1,0
경상남도 양산시 원동면 화제리 601-7번지,48330,32028,0,0601,0007,일반건축물,경상남도 양산시 어곡로 516 (원동면 화제리),,1동,3518,577.12,16.4,577.12,16.4,일반철골구조,03000,제1종근린생활시설,1,0
경상남도 양산시 원동면 화제리 602번지,48330,32028,0,0602,0000,일반건축물,경상남도 양산시 어곡로 519 (원동면 화제리),,,0,59.6,0,59.6,0,블록구조,01000,주택,1,0
경상남도 양산시 원동면 화제리 602-6번지,48330,32028,0,0602,0006,일반건축물,경상남도 양산시 어곡로 510 (원동면 화제리),,1동,0,97.12,0,149.05,0,철근콘크리트구조,01000,단독주택,2,0
경상남도 양산시 원동면 화제리 602-6번지,48330,32028,0,0602,0006,일반건축물,경상남도 양산시 어곡로 510 (원동면 화제리),,3동,0,14.3,0,14.3,0,블록구조,01000,단독주택(창고),1,0
경상남도 양산시 원동면 화제리 602-6번지,48330,32028,0,0602,0006,일반건축물,경상남도 양산시 어곡로 510 (원동면 화제리),,2동,0,6.84,0,6.84,0,블록구조,01000,단독주택(창고),1,0
경상남도 양산시 원동면 화제리 604-2번지,48330,32028,0,0604,0002,일반건축물,경상남도 양산시 감토봉길 5 (원동면 화제리),,,495,170.01,34.34,170.01,34.34,일반목구조,01000,단독주택,1,0
경상남도 양산시 원동면 화제리 609-1번지,48330,32028,0,0609,0001,일반건축물,경상남도 양산시 감토봉길 12 (원동면 화제리),,,361,72.11,19.98,115.17,31.9,철근콘크리트구조,01000,단독주택,2,0
경상남도 양산시 원동면 화제리 621번지,48330,32028,0,0621,0000,일반건축물,경상남도 양산시 감토봉길 69 (원동면 화제리),,,1874,62.7,3.34,62.7,3.34,벽돌구조,18000,창고,1,0
경상남도 양산시 원동면 화제리 627번지,48330,32028,0,0627,0000,일반건축물,경상남도 양산시 감토봉길 36 (원동면 화제리),,,715,100.77,14.09,100.77,14.09,벽돌구조,01000,농가용주택,1,0
경상남도 양산시 원동면 화제리 628-1번지,48330,32028,0,0628,0001,일반건축물,경상남도 양산시 감토봉길 34 (원동면 화제리),,3동,0,26.92,0,26.92,0,경량철골구조,04000,제2종근린생활시설,1,0
경상남도 양산시 원동면 화제리 628-1번지,48330,32028,0,0628,0001,일반건축물,경상남도 양산시 감토봉길 34 (원동면 화제리),,1동,0,239,0,239,0,경량철골구조,21000,동물 및 식물관련시설,1,0
경상남도 양산시 원동면 화제리 628-1번지,48330,32028,0,0628,0001,일반건축물,경상남도 양산시 감토봉길 34 (원동면 화제리),,2동,0,59,0,59,0,경량철골구조,21000,작물재배사(창고),1,0
경상남도 양산시 원동면 화제리 628-5번지,48330,32028,0,0628,0005,일반건축물,경상남도 양산시 감토봉길 34-1 (원동면 화제리),,,331,54,16.31,54,16.31,경량철골구조,03000,제1종근린생활시설,1,0
경상남도 양산시 원동면 화제리 629번지,48330,32028,0,0629,0000,일반건축물,경상남도 양산시 감토봉길 30 (원동면 화제리),,,646.78,127.66,19.74,172.08,26.6,철근콘크리트구조,01000,단독주택,2,0
경상남도 양산시 원동면 화제리 631-2번지,48330,32028,0,0631,0002,일반건축물,경상남도 양산시 감토봉길 20 (원동면 화제리),,,485,84.87,17.5,84.87,17.5,경량철골구조,01000,단독주택,1,0
경상남도 양산시 원동면 화제리 631-14번지,48330,32028,0,0631,0014,일반건축물,경상남도 양산시 감토봉길 18 (원동면 화제리),,제1동,399,62.4,15.64,62.4,15.64,경량철골구조,04000,제2종근린생활시설,1,0
경상남도 양산시 원동면 화제리 637번지,48330,32028,0,0637,0000,일반건축물,경상남도 양산시 감토봉길 36-1 (원동면 화제리),,,0,29.7,0,29.7,0,일반목구조,01000,주택,1,0
경상남도 양산시 원동면 화제리 643번지,48330,32028,0,0643,0000,일반건축물,경상남도 양산시 감토봉길 35 (원동면 화제리),,,0,89.1,0,89.1,0,일반목구조,01000,주택,1,0
경상남도 양산시 원동면 화제리 647번지,48330,32028,0,0647,0000,일반건축물,경상남도 양산시 감토봉길 43-25 (원동면 화제리),,,0,53.4,0,53.4,0,블록구조,01000,주택,1,0
경상남도 양산시 원동면 화제리 647-2번지,48330,32028,0,0647,0002,일반건축물,경상남도 양산시 감토봉길 43-26 (원동면 화제리),,,654,93.7,14.33,78.3,11.97,일반목구조,03000,근린생활시설,1,0
경상남도 양산시 원동면 화제리 694번지,48330,32028,0,0694,0000,일반건축물,경상남도 양산시 지나3길 110 (원동면 화제리),,,806,145.8,18.08,145.8,18.08,벽돌구조,01000,"주택,제1종근린생활시설",1,0
경상남도 양산시 원동면 화제리 695-17번지,48330,32028,0,0695,0017,일반건축물,경상남도 양산시 지나3길 108 (원동면 화제리),,,1060,200,18.87,200,18.87,강파이프구조,21000,동.식물관련시설,1,0
경상남도 양산시 원동면 화제리 727-1번지,48330,32028,0,0727,0001,일반건축물,경상남도 양산시 성지골길 137 (원동면 화제리),,,414,186.63,45.08,186.63,45.08,벽돌구조,01000,단독주택,1,0
경상남도 양산시 원동면 화제리 730-1번지,48330,32028,0,0730,0001,일반건축물,경상남도 양산시 성지골길 122-9 (원동면 화제리),,,0,11.2,0,11.2,0,경량철골구조,01000,단독주택,1,0
경상남도 양산시 원동면 화제리 730-1번지,48330,32028,0,0730,0001,일반건축물,경상남도 양산시 성지골길 122-9 (원동면 화제리),,,0,91.98,0,163.53,0,일반목구조,01000,단독주택,2,1
경상남도 양산시 원동면 화제리 736번지,48330,32028,0,0736,0000,일반건축물,경상남도 양산시 성지골길 110 (원동면 화제리),,2호동,691,4.32,0.6252,4.32,0.625,조립식판넬조,03000,제1종근린생활시설,1,0
경상남도 양산시 원동면 화제리 736번지,48330,32028,0,0736,0000,일반건축물,경상남도 양산시 성지골길 110 (원동면 화제리),,1호동,691,137.55,19.91,179.65,26,일반철골구조,03000,제1종근린생활시설,2,0
경상남도 양산시 원동면 화제리 736-6번지,48330,32028,0,0736,0006,일반건축물,경상남도 양산시 성지골길 122-3 (원동면 화제리),,제1동,968,145.82,15.06,145.82,15.06,트러스목구조,01000,단독주택,1,0
경상남도 양산시 원동면 화제리 736-6번지,48330,32028,0,0736,0006,일반건축물,경상남도 양산시 성지골길 122-3 (원동면 화제리),,부속건축물제2동,968,32.5,3.36,32.5,3.36,경량철골구조,01000,단독주택,1,0
경상남도 양산시 원동면 화제리 736-6번지,48330,32028,0,0736,0006,일반건축물,경상남도 양산시 성지골길 122-3 (원동면 화제리),,부속건축물제1동,968,25,2.58,25,2.58,경량철골구조,01000,단독주택,1,0
경상남도 양산시 원동면 화제리 736-7번지,48330,32028,0,0736,0007,일반건축물,경상남도 양산시 성지골길 122-6 (원동면 화제리),,,703,107.85,15.34,99.67,14.18,일반목구조,01000,단독주택,1,0
경상남도 양산시 원동면 화제리 736-8번지,48330,32028,0,0736,0008,일반건축물,경상남도 양산시 성지골길 122 (원동면 화제리),,,703,111.62,15.88,111.62,15.88,일반목구조,01000,단독주택,1,0
경상남도 양산시 원동면 화제리 736-10번지,48330,32028,0,0736,0010,일반건축물,경상남도 양산시 성지골길 118 (원동면 화제리),,,802,143.37,17.88,143.37,17.88,일반철골구조,01000,단독주택,1,0
경상남도 양산시 원동면 화제리 736-11번지,48330,32028,0,0736,0011,일반건축물,경상남도 양산시 성지골길 112-6 (원동면 화제리),,,688,122.67,17.83,122.67,17.83,철근콘크리트구조,01000,단독주택,1,0
경상남도 양산시 원동면 화제리 736-12번지,48330,32028,0,0736,0012,일반건축물,경상남도 양산시 성지골길 112-5 (원동면 화제리),,제1동,692,119.1,17.21,97.71,14.12,철근콘크리트구조,01000,단독주택,1,0
경상남도 양산시 원동면 화제리 736-13번지,48330,32028,0,0736,0013,일반건축물,경상남도 양산시 성지골길 118-1 (원동면 화제리),,,786,96.82,12.32,91.26,11.61,철근콘크리트구조,01000,단독주택,1,0
경상남도 양산시 원동면 화제리 736-15번지,48330,32028,0,0736,0015,일반건축물,경상남도 양산시 성지골길 126 (원동면 화제리),,,505,96.1,19.03,128.32,16.43,일반목구조,03000,제1종근린생활시설,1,1
경상남도 양산시 원동면 화제리 737-2번지,48330,32028,0,0737,0002,일반건축물,경상남도 양산시 성지골길 113-1 (원동면 화제리),,,664,128.29,19.32,254.58,38.34,철근콘크리트구조,01000,단독주택,2,0
경상남도 양산시 원동면 화제리 737-5번지,48330,32028,0,0737,0005,일반건축물,경상남도 양산시 성지골길 119 (원동면 화제리),,,576,95.11,16.51,132.84,23.06,일반목구조,01000,단독주택,2,0
경상남도 양산시 원동면 화제리 737-6번지,48330,32028,0,0737,0006,일반건축물,경상남도 양산시 성지골길 113-2 (원동면 화제리),,,435,86.61,19.91,145.34,33.41,철근콘크리트구조,01000,단독주택,2,0
경상남도 양산시 원동면 화제리 737-7번지,48330,32028,0,0737,0007,일반건축물,경상남도 양산시 성지골길 117 (원동면 화제리),,1동,1103,128.35,11.64,128.35,11.64,일반목구조,01000,단독주택,1,0
경상남도 양산시 원동면 화제리 737-7번지,48330,32028,0,0737,0007,일반건축물,,,2동,1103,7.82,0.709,7.82,0.709,경량철골구조,01000,단독주택(창고),1,0
경상남도 양산시 원동면 화제리 737-9번지,48330,32028,0,0737,0009,일반건축물,경상남도 양산시 성지골길 121 (원동면 화제리),,1동,843,127.14,15.08,198.36,23.53,철근콘크리트구조,01000,단독주택,2,0
경상남도 양산시 원동면 화제리 737-16번지,48330,32028,0,0737,0016,일반건축물,경상남도 양산시 성지골길 111 (원동면 화제리),,,688,103.4,15.03,131.1,19.06,일반목구조,01000,단독주택,2,0
경상남도 양산시 원동면 화제리 738번지,48330,32028,0,0738,0000,일반건축물,경상남도 양산시 성지골길 95 (원동면 화제리),,2동,0,81.4,0,80,0,기타조적구조,01000,단독주택,1,0
경상남도 양산시 원동면 화제리 738번지,48330,32028,0,0738,0000,일반건축물,경상남도 양산시 성지골길 95 (원동면 화제리),,3동,0,17.8,0,17.8,0,경량철골구조,01000,단독주택(창고),1,0
경상남도 양산시 원동면 화제리 738번지,48330,32028,0,0738,0000,일반건축물,경상남도 양산시 성지골길 95 (원동면 화제리),,1동,0,86.2,0,68.4,0,철근콘크리트구조,04000,제2종근린생활시설,1,0
경상남도 양산시 원동면 화제리 741번지,48330,32028,0,0741,0000,일반건축물,경상남도 양산시 성지골길 93 (원동면 화제리),나동,,0,78.96,0,78.96,0,경량철골구조,01000,단독주택,1,0
경상남도 양산시 원동면 화제리 741번지,48330,32028,0,0741,0000,일반건축물,경상남도 양산시 성지골길 93 (원동면 화제리),가동,,0,55.78,0,55.78,0,경량철골구조,01000,단독주택,1,0
경상남도 양산시 원동면 화제리 813-1번지,48330,32028,0,0813,0001,일반건축물,경상남도 양산시 내화절골길 74 (원동면 화제리),,,1550,170.512,11,142.35,9.18,철근콘크리트구조,06000,종교시설,1,0
경상남도 양산시 원동면 화제리 814-1번지,48330,32028,0,0814,0001,일반건축물,,,,788,73.81,9.37,73.81,9.37,경량철골구조,21000,동.식물관련시설,1,0
경상남도 양산시 원동면 화제리 817-1번지,48330,32028,0,0817,0001,일반건축물,경상남도 양산시 내화절골길 76 (원동면 화제리),,,1500,110.75,7.38,100.75,6.72,벽돌구조,21000,동물관리시설,1,0
경상남도 양산시 원동면 화제리 817-2번지,48330,32028,0,0817,0002,일반건축물,,,,0,79.2,0,79.2,0,블록구조,01000,"주택,축사",1,0
경상남도 양산시 원동면 화제리 823번지,48330,32028,0,0823,0000,일반건축물,경상남도 양산시 내화절골길 90 (원동면 화제리),,,0,360,0,360,0,일반철골구조,21000,동물및식물관련시설(축사),1,0
경상남도 양산시 원동면 화제리 823번지,48330,32028,0,0823,0000,일반건축물,경상남도 양산시 내화절골길 90 (원동면 화제리),,,0,73.35,0,73.35,0,벽돌구조,21000,동물및식물관련시설(관리사),1,0
경상남도 양산시 원동면 화제리 823번지,48330,32028,0,0823,0000,일반건축물,경상남도 양산시 내화절골길 90 (원동면 화제리),,,4410,859.55,19.49,859.55,19.49,철근콘크리트구조,21000,동물및식물관련시설,1,0
경상남도 양산시 원동면 화제리 826-1번지,48330,32028,0,0826,0001,일반건축물,경상남도 양산시 내화절골길 96 (원동면 화제리),,,2613,1011.42,38.7,1011.42,38.7,조적구조,21000,동물관련시설,1,0
경상남도 양산시 원동면 화제리 827번지,48330,32028,0,0827,0000,일반건축물,경상남도 양산시 내화절골길 110 (원동면 화제리),,2동,0,229.5,0,229.5,0,경량철골구조,04000,제2종근린생활시설,1,0
경상남도 양산시 원동면 화제리 827번지,48330,32028,0,0827,0000,일반건축물,경상남도 양산시 내화절골길 110 (원동면 화제리),,3동,3300,31.98,0.97,31.98,0.97,경량철골구조,04000,제2종근린생활시설,1,0
경상남도 양산시 원동면 화제리 827번지,48330,32028,0,0827,0000,일반건축물,경상남도 양산시 내화절골길 110 (원동면 화제리),,1동,3300,440.81,13.36,427.33,12.95,철근콘크리트구조,04000,제2종근린생활시설,1,0
경상남도 양산시 원동면 화제리 828-3번지,48330,32028,0,0828,0003,일반건축물,경상남도 양산시 내화절골길 112 (원동면 화제리),,,382,75.6,19.79,75.6,19.79,경량철골구조,01000,단독주택,1,0
경상남도 양산시 원동면 화제리 828-6번지,48330,32028,0,0828,0006,일반건축물,경상남도 양산시 내화절골길 114 (원동면 화제리),,1동,992,117.8,11.88,169.36,17.07,철근콘크리트구조,01000,단독주택,2,0
경상남도 양산시 원동면 화제리 828-8번지,48330,32028,0,0828,0008,일반건축물,경상남도 양산시 내화절골길 114-8 (원동면 화제리),,,432,74.94,17.35,74.94,17.35,철근콘크리트구조,01000,단독주택,1,0
경상남도 양산시 원동면 화제리 828-10번지,48330,32028,0,0828,0010,일반건축물,경상남도 양산시 내화절골길 116 (원동면 화제리),,,482,82.32,17.08,82.32,17.08,경량철골구조,03000,제1종근린생활시설,1,0
경상남도 양산시 원동면 화제리 828-13번지,48330,32028,0,0828,0013,일반건축물,경상남도 양산시 내화절골길 118 (원동면 화제리),,,713,102.35,14.35,102.35,19.35,경량철골구조,03000,제1종근린생활시설,1,0
경상남도 양산시 원동면 화제리 830번지,48330,32028,0,0830,0000,일반건축물,경상남도 양산시 내화절골길 104 (원동면 화제리),,,575,111.69,19.42,179.25,31.17,일반철골구조,01000,단독주택,2,0
경상남도 양산시 원동면 화제리 831번지,48330,32028,0,0831,0000,일반건축물,경상남도 양산시 내화절골길 102 (원동면 화제리),,,1058,228.6,21.61,228.6,21.61,블록구조,21000,축사,1,0
경상남도 양산시 원동면 화제리 839번지,48330,32028,0,0839,0000,일반건축물,경상남도 양산시 내화절골길 135 (원동면 화제리),,,0,66,0,66,0,블록구조,21000,버섯재배사,1,0
경상남도 양산시 원동면 화제리 856-1번지,48330,32028,0,0856,0001,일반건축물,경상남도 양산시 내화절골1길 76 (원동면 화제리),,,1838,364.1,19.8,364.1,19.8,일반목구조,06000,종교집회시설,1,0
경상남도 양산시 원동면 화제리 856-9번지,48330,32028,0,0856,0009,일반건축물,경상남도 양산시 내화절골길 15-150 (원동면 화제리),,,238,74.73,31.4,133.62,56.14,철근콘크리트구조,06000,종교시설,2,0
경상남도 양산시 원동면 화제리 856-10번지,48330,32028,0,0856,0010,일반건축물,경상남도 양산시 내화절골길 15-150 (원동면 화제리),,1동,438,61.4,0,61.4,0,철근콘크리트구조,18000,창고,1,0
경상남도 양산시 원동면 화제리 856-10번지,48330,32028,0,0856,0010,일반건축물,경상남도 양산시 내화절골길 15-150 (원동면 화제리),,2동,0,23.14,0,23.14,0,철근콘크리트구조,18000,일주문,1,0
경상남도 양산시 원동면 화제리 889-1번지,48330,32028,0,0889,0001,일반건축물,경상남도 양산시 내화절골길 59-25 (원동면 화제리),,주건축물제1동,603,109.35,18.134328,176.85,29.328358,일반철골구조,01000,단독주택,2,0
경상남도 양산시 원동면 화제리 889-4번지,48330,32028,0,0889,0004,일반건축물,경상남도 양산시 내화절골길 59-27 (원동면 화제리),,제1동,703,83.16,11.83,139.86,19.89,철근콘크리트구조,01000,단독주택,2,0
경상남도 양산시 원동면 화제리 889-12번지,48330,32028,0,0889,0012,일반건축물,경상남도 양산시 내화절골길 59-23 (원동면 화제리),,주건축물제1동,624,109.35,17.52,176.85,28.34,일반철골구조,01000,단독주택,2,0
경상남도 양산시 원동면 화제리 891번지,48330,32028,0,0891,0000,일반건축물,,,,0,0,0,329,0,경량철골구조,21000,동.식물관련시설,1,0
경상남도 양산시 원동면 화제리 891번지,48330,32028,0,0891,0000,일반건축물,,,,0,25.37,0,25.37,0,벽돌구조,21000,동.식물관련시설,1,0
경상남도 양산시 원동면 화제리 891번지,48330,32028,0,0891,0000,일반건축물,경상남도 양산시 내화절골길 59-55 (원동면 화제리),,,0,564.88,0,564.88,0,강파이프구조,21000,동.식물관련시설,1,0
경상남도 양산시 원동면 화제리 891번지,48330,32028,0,0891,0000,일반건축물,경상남도 양산시 내화절골길 59-55 (원동면 화제리),,,0,382.37,0,711.37,0,강파이프구조,21000,동.식물관련시설,1,0
경상남도 양산시 원동면 화제리 894-3번지,48330,32028,0,0894,0003,일반건축물,경상남도 양산시 내화절골1길 72 (원동면 화제리),,,595,98.9,16.62,98.9,16.62,경량철골구조,01000,단독주택,1,0
경상남도 양산시 원동면 화제리 904번지,48330,32028,0,0904,0000,일반건축물,경상남도 양산시 내화절골1길 56 (원동면 화제리),,,2707,3.36,0.12,3.36,0.12,일반목구조,01000,단독주택,1,0
경상남도 양산시 원동면 화제리 904번지,48330,32028,0,0904,0000,일반건축물,경상남도 양산시 내화절골1길 56 (원동면 화제리),,,2707,10.26,0.38,10.26,0.38,일반목구조,04000,제2종근린생활시설,1,0
경상남도 양산시 원동면 화제리 904번지,48330,32028,0,0904,0000,일반건축물,경상남도 양산시 내화절골1길 56 (원동면 화제리),,,2707,11.52,0.43,11.52,0.43,일반목구조,04000,제2종근린생활시설,1,0
경상남도 양산시 원동면 화제리 904번지,48330,32028,0,0904,0000,일반건축물,경상남도 양산시 내화절골1길 56 (원동면 화제리),,3동,0,90.02,0,90.02,0,경량철골구조,04000,"제1,2종근린생활시설",1,0
경상남도 양산시 원동면 화제리 904번지,48330,32028,0,0904,0000,일반건축물,경상남도 양산시 내화절골1길 56 (원동면 화제리),,4동,0,170,0,170,0,일반철골구조,04000,제2종근린생활시설,1,0
경상남도 양산시 원동면 화제리 904번지,48330,32028,0,0904,0000,일반건축물,경상남도 양산시 내화절골1길 56 (원동면 화제리),,1동,0,130.21,0,130.21,0,일반목구조,01000,"단독주택,제1종근린생활시설",1,0
경상남도 양산시 원동면 화제리 913-2번지,48330,32028,0,0913,0002,일반건축물,경상남도 양산시 내화절골길 69 (원동면 화제리),,,981,160.6,16.37,160.6,16.37,철근콘크리트구조,01000,단독주택,1,0
경상남도 양산시 원동면 화제리 913-2번지,48330,32028,0,0913,0002,일반건축물,경상남도 양산시 내화절골길 69 (원동면 화제리),,제2동,0,61.1,0,61.1,0,경량철골구조,01000,단독주택(창고),1,0
경상남도 양산시 원동면 화제리 913-8번지,48330,32028,0,0913,0008,일반건축물,경상남도 양산시 내화절골길 65 (원동면 화제리),,,985,151.6,15.39,249.36,25.32,철근콘크리트구조,01000,단독주택,2,0
경상남도 양산시 원동면 화제리 913-9번지,48330,32028,0,0913,0009,일반건축물,경상남도 양산시 내화절골길 63 (원동면 화제리),,,0,18,0,15.5,0,철근콘크리트구조,01000,단독주택,1,0
경상남도 양산시 원동면 화제리 913-9번지,48330,32028,0,0913,0009,일반건축물,경상남도 양산시 내화절골길 63 (원동면 화제리),,,0,215.2,0,179,0,철근콘크리트구조,01000,"단독주택,제2종근린생활시설",1,0
경상남도 양산시 원동면 화제리 914-2번지,48330,32028,0,0914,0002,일반건축물,경상남도 양산시 내화절골길 71 (원동면 화제리),,,0,0,0,109.71,0,블록구조,Z5000,"법당, 요사체",1,0
경상남도 양산시 원동면 화제리 917-6번지,48330,32028,0,0917,0006,일반건축물,경상남도 양산시 내화절골길 60 (원동면 화제리),,,831,137.2,16.51,244.82,24.72,철근콘크리트구조,01000,"단독주택, 창고",2,1
경상남도 양산시 원동면 화제리 918-1번지,48330,32028,0,0918,0001,일반건축물,경상남도 양산시 내화절골길 70 (원동면 화제리),,,650,120,18.46,120,18.46,벽돌구조,01000,농가용주택,1,0
경상남도 양산시 원동면 화제리 961-1번지,48330,32028,0,0961,0001,일반건축물,경상남도 양산시 내화절골길 12 (원동면 화제리),,제1동,698,138.22,19.8,177.32,25.4,철근콘크리트구조,01000,단독주택,2,0
경상남도 양산시 원동면 화제리 961-1번지,48330,32028,0,0961,0001,일반건축물,경상남도 양산시 내화절골길 12 (원동면 화제리),,제2동,0,31.96,0,31.96,0,철근콘크리트구조,01000,단독주택(부속창고),1,0
경상남도 양산시 원동면 화제리 975번지,48330,32028,0,0975,0000,일반건축물,경상남도 양산시 내화윗길 9-24 (원동면 화제리),,,0,56.1,0,56.1,0,일반목구조,01000,주택,1,0
경상남도 양산시 원동면 화제리 976번지,48330,32028,0,0976,0000,일반건축물,경상남도 양산시 내화윗길 9-22 (원동면 화제리),,,415,99.06,23.86,99.06,23.86,경량철골구조,01000,단독주택,1,0
경상남도 양산시 원동면 화제리 977번지,48330,32028,0,0977,0000,일반건축물,경상남도 양산시 내화윗길 9-36 (원동면 화제리),,,826,95,11.5,93.4,11.31,벽돌구조,01000,주택,1,0
경상남도 양산시 원동면 화제리 980번지,48330,32028,0,0980,0000,일반건축물,경상남도 양산시 내화윗길 9-18 (원동면 화제리),,,0,46.2,0,46.2,0,일반목구조,01000,주택,1,0
경상남도 양산시 원동면 화제리 980번지,48330,32028,0,0980,0000,일반건축물,경상남도 양산시 내화윗길 9-18 (원동면 화제리),,,0,39.6,0,39.6,0,일반목구조,01000,주택,1,0
경상남도 양산시 원동면 화제리 981번지,48330,32028,0,0981,0000,일반건축물,경상남도 양산시 내화윗길 9-12 (원동면 화제리),,,512,143.43,26.25,117.78,23,벽돌구조,01000,농가용주택,1,0
경상남도 양산시 원동면 화제리 983번지,48330,32028,0,0983,0000,일반건축물,경상남도 양산시 내화윗길 1-18 (원동면 화제리),,,324,125.36,38.69,125.36,38.69,벽돌구조,01000,단독주택,1,0
경상남도 양산시 원동면 화제리 989-1번지,48330,32028,0,0989,0001,일반건축물,경상남도 양산시 내화윗길 1 (원동면 화제리),,,511,121.14,23.7,117.84,23.06,벽돌구조,01000,농가용주택,1,0
경상남도 양산시 원동면 화제리 989-2번지,48330,32028,0,0989,0002,일반건축물,경상남도 양산시 내화윗길 1-6 (원동면 화제리),,,0,35.52,0,35.52,0,일반목구조,18000,농가용창고,1,0
경상남도 양산시 원동면 화제리 990번지,48330,32028,0,0990,0000,일반건축물,경상남도 양산시 내화윗길 5-1 (원동면 화제리),,,261,135.23,51.81,135.23,51.81,벽돌구조,01000,농가용주택,1,0
경상남도 양산시 원동면 화제리 990번지,48330,32028,0,0990,0000,일반건축물,경상남도 양산시 내화윗길 5-1 (원동면 화제리),,,0,56.1,0,56.1,0,일반목구조,01000,주택,1,0
경상남도 양산시 원동면 화제리 991번지,48330,32028,0,0991,0000,일반건축물,경상남도 양산시 내화윗길 5 (원동면 화제리),,,190,79.02,41.59,72,37.89,벽돌구조,01000,농가용주택,1,0
경상남도 양산시 원동면 화제리 992-1번지,48330,32028,0,0992,0001,일반건축물,경상남도 양산시 내화윗길 5-2 (원동면 화제리),,,0,46.2,0,46.2,0,일반목구조,01000,주택,1,0
경상남도 양산시 원동면 화제리 992-2번지,48330,32028,0,0992,0002,일반건축물,경상남도 양산시 내화윗길 7 (원동면 화제리),,,0,39.6,0,39.6,0,블록구조,01000,주택,1,0
경상남도 양산시 원동면 화제리 995번지,48330,32028,0,0995,0000,일반건축물,경상남도 양산시 내화윗길 9 (원동면 화제리),,,0,59.4,0,59.4,0,블록구조,01000,주택,1,0
경상남도 양산시 원동면 화제리 996-1번지,48330,32028,0,0996,0001,일반건축물,경상남도 양산시 내화윗길 11 (원동면 화제리),,,576,100.25,17.4,90.75,15.76,벽돌구조,01000,농가용주택,1,0
경상남도 양산시 원동면 화제리 998-1번지,48330,32028,0,0998,0001,일반건축물,경상남도 양산시 내화윗길 9-4 (원동면 화제리),,,0,72.6,0,79.2,0,블록구조,01000,주택,1,0
경상남도 양산시 원동면 화제리 999번지,48330,32028,0,0999,0000,일반건축물,경상남도 양산시 내화윗길 9-8 (원동면 화제리),,,0,62.7,0,62.7,0,블록구조,01000,주택,1,0
경상남도 양산시 원동면 화제리 1001번지,48330,32028,0,1001,0000,일반건축물,경상남도 양산시 내화윗길 27-47 (원동면 화제리),,,1045,8,0.77,8,0.77,벽돌구조,04000,제2종근린생활시설,1,0
경상남도 양산시 원동면 화제리 1001번지,48330,32028,0,1001,0000,일반건축물,경상남도 양산시 내화윗길 27-47 (원동면 화제리),,,1045,134.7,12.89,154.22,12.29,벽돌구조,04000,제2종근린생활시설,1,1
경상남도 양산시 원동면 화제리 1001번지,48330,32028,0,1001,0000,일반건축물,경상남도 양산시 내화윗길 27-47 (원동면 화제리),,,1045,5.04,0.4822966,5.04,0.4822966,조립식판넬조,04000,제2종근린생활시설,1,0
경상남도 양산시 원동면 화제리 1001번지,48330,32028,0,1001,0000,일반건축물,경상남도 양산시 내화윗길 27-47 (원동면 화제리),,,1045,11.72,1.1215311,11.72,1.1215311,조립식판넬조,04000,제2종근린생활시설,1,0
경상남도 양산시 원동면 화제리 1002번지,48330,32028,0,1002,0000,일반건축물,경상남도 양산시 내화윗길 9-6 (원동면 화제리),,,167,81.11,48.56,81.11,48.56,벽돌구조,01000,단독주택,1,0
경상남도 양산시 원동면 화제리 1005-2번지,48330,32028,0,1005,0002,일반건축물,경상남도 양산시 내화윗길 12 (원동면 화제리),,,0,62.7,0,62.7,0,일반목구조,01000,주택,1,0
경상남도 양산시 원동면 화제리 1006번지,48330,32028,0,1006,0000,일반건축물,경상남도 양산시 내화윗길 10 (원동면 화제리),,,452,169.43,37.48,169.43,37.48,벽돌구조,01000,단독주택,1,0
경상남도 양산시 원동면 화제리 1008번지,48330,32028,0,1008,0000,일반건축물,경상남도 양산시 화제로 292 (원동면 화제리),,,350,104.5,29.85,104.5,29.85,벽돌구조,01000,주택,1,0
경상남도 양산시 원동면 화제리 1009번지,48330,32028,0,1009,0000,일반건축물,경상남도 양산시 내화윗길 2 (원동면 화제리),,,0,0,0,137.88,0,블록구조,01000,주택,1,0
경상남도 양산시 원동면 화제리 1016번지,48330,32028,0,1016,0000,일반건축물,경상남도 양산시 내화윗길 16 (원동면 화제리),,제1동,983,176.09,17.91,282.64,28.75,철근콘크리트구조,01000,단독주택,2,0
경상남도 양산시 원동면 화제리 1023번지,48330,32028,0,1023,0000,일반건축물,경상남도 양산시 내화윗길 26 (원동면 화제리),,,660,352,53.33,388,58.79,블록구조,21000,축사,1,0
경상남도 양산시 원동면 화제리 1035-1번지,48330,32028,0,1035,0001,일반건축물,경상남도 양산시 내화윗길 19 (원동면 화제리),,,643.87,160.63,24.95,148.94,23.13,벽돌구조,01000,주택,1,0
경상남도 양산시 원동면 화제리 1036번지,48330,32028,0,1036,0000,일반건축물,경상남도 양산시 내화윗길 17 (원동면 화제리),,,0,85.14,0,85.14,0,벽돌구조,01000,주택,1,0
경상남도 양산시 원동면 화제리 1039번지,48330,32028,0,1039,0000,일반건축물,경상남도 양산시 내화윗길 13 (원동면 화제리),,,0,33,0,33,0,블록구조,01000,주택,1,0
경상남도 양산시 원동면 화제리 1041번지,48330,32028,0,1041,0000,일반건축물,경상남도 양산시 내화윗길 15-1 (원동면 화제리),,,661,82.4,12.47,82.4,12.47,일반철골구조,01000,단독주택,1,0
경상남도 양산시 원동면 화제리 1043번지,48330,32028,0,1043,0000,일반건축물,경상남도 양산시 내화윗길 17-1 (원동면 화제리),,,433,65.35,15.09,65.35,15.09,블록구조,01000,단독주택,1,0
경상남도 양산시 원동면 화제리 1045번지,48330,32028,0,1045,0000,일반건축물,경상남도 양산시 내화윗길 13-1 (원동면 화제리),,,1159,96.54,8.33,88.54,7.64,벽돌구조,01000,농가용주택,1,0
경상남도 양산시 원동면 화제리 1082-1번지,48330,32028,0,1082,0001,일반건축물,경상남도 양산시 성지골길 23-21 (원동면 화제리),,,0,72,0,72,0,경량철골구조,01000,단독주택,1,0
경상남도 양산시 원동면 화제리 1115-2번지,48330,32028,0,1115,0002,일반건축물,경상남도 양산시 성지골길 11 (원동면 화제리),,1동,1251,137.93,11.03,216.83,17.33,철근콘크리트구조,04000,제2종근린생활시설,2,0
경상남도 양산시 원동면 화제리 1115-2번지,48330,32028,0,1115,0002,일반건축물,경상남도 양산시 성지골길 11 (원동면 화제리),,4동,0,94.5,0,208.6,0,일반철골구조,04000,제2종근린생활시설,3,0
경상남도 양산시 원동면 화제리 1115-2번지,48330,32028,0,1115,0002,일반건축물,경상남도 양산시 성지골길 11 (원동면 화제리),,2동,0,2.4,0,2.4,0,경량철골구조,04000,제2종근린생활시설,1,0
경상남도 양산시 원동면 화제리 1115-2번지,48330,32028,0,1115,0002,일반건축물,경상남도 양산시 성지골길 11 (원동면 화제리),,3동,0,11.2,0,11.2,0,경량철골구조,04000,제2종근린생활시설,1,0
경상남도 양산시 원동면 화제리 1117-3번지,48330,32028,0,1117,0003,일반건축물,경상남도 양산시 화제로 260 (원동면 화제리),,,4024,1799.94,44.73,2442.67,47.42,철근콘크리트구조,17000,공장,2,1
경상남도 양산시 원동면 화제리 1124번지,48330,32028,0,1124,0000,일반건축물,경상남도 양산시 화제로 254-11 (원동면 화제리),,,245,84.66,34.56,84.66,34.56,경량철골구조,01000,단독주택,1,0
경상남도 양산시 원동면 화제리 1134번지,48330,32028,0,1134,0000,일반건축물,경상남도 양산시 성지골길 36 (원동면 화제리),,2동,0,179.55,0,281.71,0,철근콘크리트구조,04000,제2종근린생활시설,3,0
경상남도 양산시 원동면 화제리 1134번지,48330,32028,0,1134,0000,일반건축물,경상남도 양산시 성지골길 36 (원동면 화제리),,1동,0,96.68,0,222.5,0,철근콘크리트구조,01000,단독주택(다가구),3,0
경상남도 양산시 원동면 화제리 1145번지,48330,32028,0,1145,0000,일반건축물,경상남도 양산시 성지골길 26-10 (원동면 화제리),,주1동,0,96,0,96,0,일반철골구조,04000,제2종근린생활시설,1,0
경상남도 양산시 원동면 화제리 1145번지,48330,32028,0,1145,0000,일반건축물,경상남도 양산시 성지골길 26-10 (원동면 화제리),,주4동,0,25,0,25,0,경량철골구조,04000,제2종근린생활시설,1,0
경상남도 양산시 원동면 화제리 1145번지,48330,32028,0,1145,0000,일반건축물,경상남도 양산시 성지골길 26-10 (원동면 화제리),,주2동,0,16,0,16,0,경량철골구조,04000,제2종근린생활시설,1,0
경상남도 양산시 원동면 화제리 1145번지,48330,32028,0,1145,0000,일반건축물,경상남도 양산시 성지골길 26-10 (원동면 화제리),,주3동,0,25,0,25,0,경량철골구조,04000,제2종근린생활시설,1,0
경상남도 양산시 원동면 화제리 1145번지,48330,32028,0,1145,0000,일반건축물,경상남도 양산시 성지골길 26-10 (원동면 화제리),,주5동,0,25,0,25,0,일반철골구조,04000,제2종근린생활시설,1,0
경상남도 양산시 원동면 화제리 1151-1번지,48330,32028,0,1151,0001,일반건축물,경상남도 양산시 화제로 254-20 (원동면 화제리),,C동,0,12,0,12,0,벽돌구조,17000,창고,1,0
경상남도 양산시 원동면 화제리 1151-1번지,48330,32028,0,1151,0001,일반건축물,경상남도 양산시 화제로 254-20 (원동면 화제리),,D동,0,10.25,0,10.25,0,경량철골구조,17000,공장,1,0
경상남도 양산시 원동면 화제리 1151-1번지,48330,32028,0,1151,0001,일반건축물,경상남도 양산시 화제로 254-20 (원동면 화제리),,A동,0,618.69,0,1075.85,0,일반철골구조,17000,"사무실,공장",2,0
경상남도 양산시 원동면 화제리 1151-1번지,48330,32028,0,1151,0001,일반건축물,경상남도 양산시 화제로 254-20 (원동면 화제리),,B동,0,241.92,0,241.92,0,경량철골구조,17000,창고,1,0
경상남도 양산시 원동면 화제리 1153번지,48330,32028,0,1153,0000,일반건축물,경상남도 양산시 화제로 248 (원동면 화제리),,,1903,938.89,49.34,938.89,49.34,블록구조,01000,농가용주택,1,0
경상남도 양산시 원동면 화제리 1154번지,48330,32028,0,1154,0000,일반건축물,경상남도 양산시 화제로 248 (원동면 화제리),,,646,360,55.73,360,55.73,철근콘크리트구조,21000,동물관련시설,1,0
경상남도 양산시 원동면 화제리 1155-68번지,48330,32028,0,1155,0068,일반건축물,경상남도 양산시 화제로 226 (원동면 화제리),,제A동,464,68.47,14.76,99.2,21.38,일반목구조,01000,단독주택,2,0
경상남도 양산시 원동면 화제리 1235-1번지,48330,32028,0,1235,0001,일반건축물,경상남도 양산시 내화새마길 12 (원동면 화제리),,,0,46.2,0,46.2,0,일반목구조,01000,주택,1,0
경상남도 양산시 원동면 화제리 1242번지,48330,32028,0,1242,0000,일반건축물,,,,274,63,22.99,63,22.99,경량철골구조,21000,동물관련시설,1,0
경상남도 양산시 원동면 화제리 1243번지,48330,32028,0,1243,0000,일반건축물,경상남도 양산시 내화새마길 15 (원동면 화제리),,,0,66,0,66,0,일반목구조,01000,주택,1,0
경상남도 양산시 원동면 화제리 1245번지,48330,32028,0,1245,0000,일반건축물,경상남도 양산시 내화새마길 13 (원동면 화제리),,,0,59.4,0,59.4,0,일반목구조,01000,주택,1,0
경상남도 양산시 원동면 화제리 1247번지,48330,32028,0,1247,0000,일반건축물,경상남도 양산시 내화새마길 11-1 (원동면 화제리),,,0,59.4,0,59.4,0,일반목구조,01000,주택,1,0
경상남도 양산시 원동면 화제리 1248번지,48330,32028,0,1248,0000,일반건축물,경상남도 양산시 내화새마길 11 (원동면 화제리),,,519,99.8,19.23,96,18.5,벽돌구조,01000,단독주택,1,0
경상남도 양산시 원동면 화제리 1249번지,48330,32028,0,1249,0000,일반건축물,,,,0,36.3,0,36.3,0,일반목구조,01000,주택,1,0
경상남도 양산시 원동면 화제리 1249-1번지,48330,32028,0,1249,0001,일반건축물,경상남도 양산시 내화새마길 11-2 (원동면 화제리),,,0,75.9,0,75.9,0,일반목구조,01000,주택,1,0
경상남도 양산시 원동면 화제리 1249-3번지,48330,32028,0,1249,0003,일반건축물,경상남도 양산시 내화새마길 9-1 (원동면 화제리),,,204,79.17,38.81,99.34,48.5,철근콘크리트구조,01000,단독주택,2,0
경상남도 양산시 원동면 화제리 1250번지,48330,32028,0,1250,0000,일반건축물,경상남도 양산시 내화새마길 9 (원동면 화제리),,,261,109.93,42.12,104.23,39.93,블록구조,01000,농가용주택,1,0
경상남도 양산시 원동면 화제리 1251번지,48330,32028,0,1251,0000,일반건축물,경상남도 양산시 내화새마길 7 (원동면 화제리),,,0,69.3,0,69.3,0,일반목구조,01000,주택,1,0
경상남도 양산시 원동면 화제리 1253번지,48330,32028,0,1253,0000,일반건축물,경상남도 양산시 내화새마길 2 (원동면 화제리),,,218,106.295,48.75,170.765,78.33,철근콘크리트구조,01000,"농가용주택,창고",2,0
경상남도 양산시 원동면 화제리 1256번지,48330,32028,0,1256,0000,일반건축물,,,,132,66,50,66,50,블록구조,21000,축사,1,0
경상남도 양산시 원동면 화제리 1274번지,48330,32028,0,1274,0000,일반건축물,경상남도 양산시 외화중리길 12-35 (원동면 화제리),,,783,160.8,20.53,160.8,20.53,강파이프구조,21000,동물관련시설,1,0
경상남도 양산시 원동면 화제리 1278번지,48330,32028,0,1278,0000,일반건축물,경상남도 양산시 외화중리길 16-2 (원동면 화제리),,,879,87.35,9.94,82.8,9.42,벽돌구조,01000,농가용주택,1,0
경상남도 양산시 원동면 화제리 1279-2번지,48330,32028,0,1279,0002,일반건축물,경상남도 양산시 외화중리길 18-2 (원동면 화제리),,,0,56.1,0,56.1,0,일반목구조,01000,주택,1,0
경상남도 양산시 원동면 화제리 1280번지,48330,32028,0,1280,0000,일반건축물,경상남도 양산시 외화중리길 12-35 (원동면 화제리),,,1137,252.16,22.18,252.16,22.18,조적구조,21000,동물관련시설,1,0
경상남도 양산시 원동면 화제리 1281-1번지,48330,32028,0,1281,0001,일반건축물,경상남도 양산시 외화중리길 12-35 (원동면 화제리),,2동,0,74.4,0,74.4,0,경량철골구조,01000,단독주택,1,0
경상남도 양산시 원동면 화제리 1281-1번지,48330,32028,0,1281,0001,일반건축물,경상남도 양산시 외화중리길 12-35 (원동면 화제리),,1동,0,53.29,0,53.29,0,경량철골구조,21000,동물및식물관련시실,1,0
경상남도 양산시 원동면 화제리 1283-1번지,48330,32028,0,1283,0001,일반건축물,경상남도 양산시 외화중리길 16-3 (원동면 화제리),,,329,130.28,39.6,130.28,39.6,경량철골구조,01000,단독주택(다가구),1,0
경상남도 양산시 원동면 화제리 1287번지,48330,32028,0,1287,0000,일반건축물,경상남도 양산시 외화중리길 12-20 (원동면 화제리),,,446,109.67,24.59,131.12,29.39,벽돌구조,01000,단독주택,2,0
경상남도 양산시 원동면 화제리 1290번지,48330,32028,0,1290,0000,일반건축물,경상남도 양산시 외화중리길 12-30 (원동면 화제리),,,440,77.87,17.7,99.28,22.56,경량철골구조,01000,단독주택,2,0
경상남도 양산시 원동면 화제리 1291번지,48330,32028,0,1291,0000,일반건축물,경상남도 양산시 외화중리길 12-26 (원동면 화제리),,제1동,700,118.26,16.89,195.54,27.93,철근콘크리트구조,01000,단독주택,2,0
경상남도 양산시 원동면 화제리 1296-2번지,48330,32028,0,1296,0002,일반건축물,경상남도 양산시 화제로 399-29 (원동면 화제리),화제초등학교,3동,0,1361.99,0,1182.01,0,경량철골구조,10000,교육연구시설,1,0
경상남도 양산시 원동면 화제리 1296-2번지,48330,32028,0,1296,0002,일반건축물,경상남도 양산시 화제로 399-29 (원동면 화제리),화제초등학교,1동,11051,2466.05,22.32,4177.23,37.8,철근콘크리트구조,10000,교육연구시설,3,0
경상남도 양산시 원동면 화제리 1340-2번지,48330,32028,0,1340,0002,일반건축물,,,,0,53.72,0,53.72,0,블록구조,01000,주택,1,0
경상남도 양산시 원동면 화제리 1341-1번지,48330,32028,0,1341,0001,일반건축물,경상남도 양산시 화제로 73-20 (원동면 화제리),,,1206,621.21,51.51,621.21,51.51,벽돌구조,01000,"주택,축사",1,0
경상남도 양산시 원동면 화제리 1341-2번지,48330,32028,0,1341,0002,일반건축물,경상남도 양산시 화제로 73-18 (원동면 화제리),,,636,341.2,53.64,341.2,53.64,조적구조,21000,축사,1,0
경상남도 양산시 원동면 화제리 1349-2번지,48330,32028,0,1349,0002,일반건축물,,,,0,220.4,0,220.4,0,블록구조,01000,주택,1,0
경상남도 양산시 원동면 화제리 1350-1번지,48330,32028,0,1350,0001,일반건축물,경상남도 양산시 화제로 73-22 (원동면 화제리),,,1796,780.3,43.45,780.3,43.45,블록구조,21000,"주택,축사",1,0
경상남도 양산시 원동면 화제리 1352번지,48330,32028,0,1352,0000,일반건축물,경상남도 양산시 화제로 73-25 (원동면 화제리),,,0,75.9,0,75.9,0,블록구조,01000,주택,1,0
경상남도 양산시 원동면 화제리 1352-1번지,48330,32028,0,1352,0001,일반건축물,경상남도 양산시 화제로 73-25 (원동면 화제리),,,0,475.6,0,475.6,0,블록구조,21000,축사,1,0
경상남도 양산시 원동면 화제리 1352-2번지,48330,32028,0,1352,0002,일반건축물,경상남도 양산시 화제로 73-25 (원동면 화제리),,,396,172.8,43.63,172.8,43.63,경량철골구조,21000,퇴비사,1,0
경상남도 양산시 원동면 화제리 1352-3번지,48330,32028,0,1352,0003,일반건축물,경상남도 양산시 화제로 73-25 (원동면 화제리),,,1597,865.71,54.2,865.71,54.2,조적구조,21000,동물관련시설(돈사),1,0
경상남도 양산시 원동면 화제리 1352-5번지,48330,32028,0,1352,0005,일반건축물,경상남도 양산시 화제로 73-26 (원동면 화제리),,,1176,508.96,43.28,508.96,43.28,조적구조,21000,축사,1,0
경상남도 양산시 원동면 화제리 1352-6번지,48330,32028,0,1352,0006,일반건축물,경상남도 양산시 화제로 73-50 (원동면 화제리),,,3338,871.7,26.11,1533,45.93,철근콘크리트구조,17000,공장,2,0
경상남도 양산시 원동면 화제리 1434-1번지,48330,32028,0,1434,0001,일반건축물,경상남도 양산시 원동로 596 (원동면 화제리),,,1710.48,318.65,18.63,415.55,24.29,철근콘크리트구조,04000,"일반음식점, 주택",2,0
경상남도 양산시 원동면 화제리 1441-3번지,48330,32028,0,1441,0003,일반건축물,경상남도 양산시 화제로 30 (원동면 화제리),,,0,165.2,0,165.2,0,블록구조,21000,축사,1,0
경상남도 양산시 원동면 화제리 1442번지,48330,32028,0,1442,0000,일반건축물,경상남도 양산시 화제로 30-1 (원동면 화제리),,,0,59.4,0,59.4,0,블록구조,01000,주택,1,0
경상남도 양산시 원동면 화제리 1443번지,48330,32028,0,1443,0000,일반건축물,경상남도 양산시 명언골말길 15 (원동면 화제리),,주건축물제1동,400,98.11,24.53,119.5,29.88,철근콘크리트구조,01000,단독주택,2,0
경상남도 양산시 원동면 화제리 1445-1번지,48330,32028,0,1445,0001,일반건축물,경상남도 양산시 화제로 23 (원동면 화제리),,,576,90.75,15.76,90.75,15.76,경량철골구조,04000,제2종근린생활시설(사무소),1,0
경상남도 양산시 원동면 화제리 1445-3번지,48330,32028,0,1445,0003,일반건축물,경상남도 양산시 화제로 28 (원동면 화제리),,,1676,132,7.99,132,7.99,벽돌구조,04000,자동차관련시설,1,0
경상남도 양산시 원동면 화제리 1452-1번지,48330,32028,0,1452,0001,일반건축물,경상남도 양산시 화제로 21 (원동면 화제리),,,367,73.08,19.91,73.08,19.91,경량철골구조,04000,제2종근린생활시설,1,0
경상남도 양산시 원동면 화제리 1452-3번지,48330,32028,0,1452,0003,일반건축물,경상남도 양산시 화제로 18 (원동면 화제리),,,0,104,0,104,0,블록구조,18000,창고,1,0
경상남도 양산시 원동면 화제리 1456-1번지,48330,32028,0,1456,0001,일반건축물,경상남도 양산시 화제로 15 (원동면 화제리),,,660,90,13.64,90,13.64,블록구조,01000,단독주택,1,0
경상남도 양산시 원동면 화제리 1457-1번지,48330,32028,0,1457,0001,일반건축물,경상남도 양산시 화제로 11 (원동면 화제리),,,453,73.26,16.17,73.26,16.17,철근콘크리트구조,01000,단독주택,1,0
경상남도 양산시 원동면 화제리 1462-1번지,48330,32028,0,1462,0001,일반건축물,경상남도 양산시 화제로 8 (원동면 화제리),,제1동,529,197.6,37.35,492.25,93.05,철근콘크리트구조,01000,단독주택,3,0
경상남도 양산시 원동면 화제리 1464번지,48330,32028,0,1464,0000,일반건축물,경상남도 양산시 명언안길 25-1 (원동면 화제리),,,0,46.2,0,46.2,0,일반목구조,01000,주택,1,0
경상남도 양산시 원동면 화제리 1465-1번지,48330,32028,0,1465,0001,일반건축물,경상남도 양산시 명언안길 27 (원동면 화제리),,,291,109.57,37.65,106.42,36.57,철근콘크리트구조,01000,단독주택,1,0
경상남도 양산시 원동면 화제리 1465-3번지,48330,32028,0,1465,0003,일반건축물,경상남도 양산시 화제로 10 (원동면 화제리),,,0,46.2,0,46.2,0,일반목구조,01000,주택,1,0
경상남도 양산시 원동면 화제리 1467번지,48330,32028,0,1467,0000,일반건축물,경상남도 양산시 명언안길 30-1 (원동면 화제리),,,0,49.5,0,49.5,0,일반목구조,01000,주택,1,0
경상남도 양산시 원동면 화제리 1468번지,48330,32028,0,1468,0000,일반건축물,경상남도 양산시 명언골말길 4 (원동면 화제리),,,0,33,0,33,0,블록구조,01000,주택,1,0
경상남도 양산시 원동면 화제리 1469-2번지,48330,32028,0,1469,0002,일반건축물,경상남도 양산시 명언안길 28-1 (원동면 화제리),,,0,82.5,0,82.5,0,일반목구조,01000,주택,1,0
경상남도 양산시 원동면 화제리 1469-2번지,48330,32028,0,1469,0002,일반건축물,경상남도 양산시 명언안길 28-1 (원동면 화제리),,,0,29.7,0,29.7,0,블록구조,01000,주택,1,0
경상남도 양산시 원동면 화제리 1470번지,48330,32028,0,1470,0000,일반건축물,경상남도 양산시 명언안길 28 (원동면 화제리),,,248,51.8,20.88,51.8,20.88,철근콘크리트구조,03000,근린생활시설,1,0
경상남도 양산시 원동면 화제리 1471번지,48330,32028,0,1471,0000,일반건축물,경상남도 양산시 명언안길 26 (원동면 화제리),,,0,16.5,0,16.5,0,일반목구조,01000,주택,1,0
경상남도 양산시 원동면 화제리 1471번지,48330,32028,0,1471,0000,일반건축물,경상남도 양산시 명언안길 26 (원동면 화제리),,,0,42.9,0,42.9,0,일반목구조,01000,주택,1,0
경상남도 양산시 원동면 화제리 1473번지,48330,32028,0,1473,0000,일반건축물,경상남도 양산시 명언안길 20 (원동면 화제리),,,0,52.8,0,52.8,0,블록구조,01000,주택,1,0
경상남도 양산시 원동면 화제리 1479번지,48330,32028,0,1479,0000,일반건축물,경상남도 양산시 명언안길 18-5 (원동면 화제리),,,0,39.6,0,39.6,0,일반목구조,01000,주택,1,0
경상남도 양산시 원동면 화제리 1480번지,48330,32028,0,1480,0000,일반건축물,경상남도 양산시 명언안길 18-7 (원동면 화제리),,,0,29.7,0,29.7,0,일반목구조,01000,주택,1,0
경상남도 양산시 원동면 화제리 1483번지,48330,32028,0,1483,0000,일반건축물,경상남도 양산시 명언안길 12-7 (원동면 화제리),,,0,56.1,0,56.1,0,일반목구조,01000,주택,1,0
경상남도 양산시 원동면 화제리 1484번지,48330,32028,0,1484,0000,일반건축물,경상남도 양산시 명언안길 12-3 (원동면 화제리),,,433,104.4,24.11,104.4,24.11,벽돌구조,01000,농가용주택,1,0
경상남도 양산시 원동면 화제리 1486번지,48330,32028,0,1486,0000,일반건축물,경상남도 양산시 명언안길 12-2 (원동면 화제리),,,0,29.7,0,29.7,0,일반목구조,01000,주택,1,0
경상남도 양산시 원동면 화제리 1487-2번지,48330,32028,0,1487,0002,일반건축물,경상남도 양산시 명언안길 18 (원동면 화제리),,,311,85.8,27.58,85.8,27.58,벽돌구조,01000,"농가용주택, 주택",1,0
경상남도 양산시 원동면 화제리 1487-3번지,48330,32028,0,1487,0003,일반건축물,경상남도 양산시 명언안길 18-8 (원동면 화제리),,,0,26.4,0,26.4,0,일반목구조,01000,주택,1,0
경상남도 양산시 원동면 화제리 1487-4번지,48330,32028,0,1487,0004,일반건축물,경상남도 양산시 명언안길 18-8 (원동면 화제리),,,195.28,81.81,41.89,81.81,41.89,벽돌구조,01000,주택,1,0
경상남도 양산시 원동면 화제리 1488번지,48330,32028,0,1488,0000,일반건축물,경상남도 양산시 명언안길 21 (원동면 화제리),,제1동,127,64.04,50.43,64.04,50.43,철근콘크리트구조,01000,단독주택,1,0
경상남도 양산시 원동면 화제리 1489번지,48330,32028,0,1489,0000,일반건축물,경상남도 양산시 명언안길 25 (원동면 화제리),,,0,59.4,0,59.4,0,일반목구조,01000,주택,1,0
경상남도 양산시 원동면 화제리 1491번지,48330,32028,0,1491,0000,일반건축물,경상남도 양산시 명언안길 25-3 (원동면 화제리),,,0,52.8,0,52.8,0,일반목구조,01000,주택,1,0
경상남도 양산시 원동면 화제리 1491-1번지,48330,32028,0,1491,0001,일반건축물,,,,0,39.6,0,39.6,0,일반목구조,01000,주택,1,0
경상남도 양산시 원동면 화제리 1492번지,48330,32028,0,1492,0000,일반건축물,경상남도 양산시 명언안길 15 (원동면 화제리),,,618,98,15.86,98,15.86,경량철골구조,01000,단독주택,1,0
경상남도 양산시 원동면 화제리 1492-2번지,48330,32028,0,1492,0002,일반건축물,경상남도 양산시 명언안길 13 (원동면 화제리),,,395.28,86.4,21.85,79.17,20.02,벽돌구조,01000,농가용주택,1,0
경상남도 양산시 원동면 화제리 1492-4번지,48330,32028,0,1492,0004,일반건축물,경상남도 양산시 명언안길 9 (원동면 화제리),,,0,82.6,0,82.6,0,일반목구조,01000,주택,1,0
경상남도 양산시 원동면 화제리 1492-6번지,48330,32028,0,1492,0006,일반건축물,경상남도 양산시 명언안길 14 (원동면 화제리),,,423,103.6,24.49,98.8,23.36,벽돌구조,01000,단독주택,1,0
경상남도 양산시 원동면 화제리 1493번지,48330,32028,0,1493,0000,일반건축물,경상남도 양산시 명언안길 5 (원동면 화제리),,,0,19.8,0,19.8,0,일반목구조,01000,주택,1,0
경상남도 양산시 원동면 화제리 1494번지,48330,32028,0,1494,0000,일반건축물,경상남도 양산시 명언안길 5 (원동면 화제리),,,0,75.9,0,75.9,0,일반목구조,01000,주택,1,0
경상남도 양산시 원동면 화제리 1495-3번지,48330,32028,0,1495,0003,일반건축물,경상남도 양산시 명언안길 5-3 (원동면 화제리),,,0,39.6,0,39.6,0,일반목구조,01000,주택,1,0
경상남도 양산시 원동면 화제리 1495-4번지,48330,32028,0,1495,0004,일반건축물,경상남도 양산시 명언안길 5-1 (원동면 화제리),,,597,93.71,15.7,88.86,14.88,벽돌구조,01000,농가용주택,1,0
경상남도 양산시 원동면 화제리 1495-5번지,48330,32028,0,1495,0005,일반건축물,경상남도 양산시 명언안길 5-4 (원동면 화제리),,,0,42.9,0,42.9,0,일반목구조,01000,주택,1,0
경상남도 양산시 원동면 화제리 1495-6번지,48330,32028,0,1495,0006,일반건축물,경상남도 양산시 명언안길 5-2 (원동면 화제리),,,237,26.4,11.14,26.4,11.14,블록구조,04000,제2종근린생활시설,1,0
경상남도 양산시 원동면 화제리 1496번지,48330,32028,0,1496,0000,일반건축물,경상남도 양산시 명언안길 25-2 (원동면 화제리),,,307,92.01,29.97,85.77,27.94,벽돌구조,01000,단독주택,1,0
경상남도 양산시 원동면 화제리 1499-5번지,48330,32028,0,1499,0005,일반건축물,경상남도 양산시 원동로 580 (원동면 화제리),,,331,98,29.61,170.5,51.51,블록구조,01000,"단독주택,제1종근린생활시설",2,0
경상남도 양산시 원동면 화제리 1500번지,48330,32028,0,1500,0000,일반건축물,경상남도 양산시 명언안길 3 (원동면 화제리),,,383,77,20.1,77,20.1,경량철골구조,03000,제1종근린생활시설,1,0
경상남도 양산시 원동면 화제리 1503번지,48330,32028,0,1503,0000,일반건축물,경상남도 양산시 명언안길 6-4 (원동면 화제리),,,0,49.5,0,49.5,0,일반목구조,01000,주택,1,0
경상남도 양산시 원동면 화제리 1506번지,48330,32028,0,1506,0000,일반건축물,경상남도 양산시 원동로 564-2 (원동면 화제리),,,0,74.52,0,74.52,0,벽돌구조,01000,단독주택,1,0
경상남도 양산시 원동면 화제리 1506번지,48330,32028,0,1506,0000,일반건축물,경상남도 양산시 원동로 564-2 (원동면 화제리),,,740,171.02,23.11,171.02,23.11,벽돌구조,01000,단독주택,1,0
경상남도 양산시 원동면 화제리 1506-2번지,48330,32028,0,1506,0002,일반건축물,경상남도 양산시 원동로 564-1 (원동면 화제리),,,765,125.16,16.36,200.22,26.17,일반철골구조,04000,제2종근린생활시설,2,0
경상남도 양산시 원동면 화제리 1510번지,48330,32028,0,1510,0000,일반건축물,경상남도 양산시 명언안길 10-4 (원동면 화제리),,,0,33,0,33,0,블록구조,18000,창고,1,0
경상남도 양산시 원동면 화제리 1511번지,48330,32028,0,1511,0000,일반건축물,경상남도 양산시 명언안길 10-5 (원동면 화제리),,,0,62.7,0,62.7,0,일반목구조,01000,주택,1,0
경상남도 양산시 원동면 화제리 1512번지,48330,32028,0,1512,0000,일반건축물,경상남도 양산시 명언안길 6-2 (원동면 화제리),,,0,49.5,0,49.5,0,일반목구조,01000,주택,1,0
경상남도 양산시 원동면 화제리 1513번지,48330,32028,0,1513,0000,일반건축물,경상남도 양산시 명언안길 6 (원동면 화제리),,,0,66,0,66,0,블록구조,01000,주택,1,0
경상남도 양산시 원동면 화제리 1513번지,48330,32028,0,1513,0000,일반건축물,경상남도 양산시 명언안길 6 (원동면 화제리),,,0,16.5,0,16.5,0,일반목구조,01000,주택,1,0
경상남도 양산시 원동면 화제리 1514번지,48330,32028,0,1514,0000,일반건축물,경상남도 양산시 명언안길 6 (원동면 화제리),,,0,46,0,46,0,블록구조,03000,회관,1,0
경상남도 양산시 원동면 화제리 1516번지,48330,32028,0,1516,0000,일반건축물,경상남도 양산시 명언안길 6 (원동면 화제리),,,0,85.8,0,85.8,0,일반목구조,17000,공장,1,0
경상남도 양산시 원동면 화제리 1517번지,48330,32028,0,1517,0000,일반건축물,경상남도 양산시 명언안길 10 (원동면 화제리),,,217,117.25,54.03,234.5,108.06,철근콘크리트구조,03000,"제1종근린생활시설,노유자시설",3,0
경상남도 양산시 원동면 화제리 1518번지,48330,32028,0,1518,0000,일반건축물,경상남도 양산시 명언안길 10-1 (원동면 화제리),,,464,52.74,11.37,52.74,11.37,경량철골구조,01000,단독주택,1,0
경상남도 양산시 원동면 화제리 1519-2번지,48330,32028,0,1519,0002,일반건축물,경상남도 양산시 명언안길 10-3 (원동면 화제리),,,918,131.28,14.3,127.08,13.84,벽돌구조,01000,농가용주택,1,0
경상남도 양산시 원동면 화제리 1520번지,48330,32028,0,1520,0000,일반건축물,경상남도 양산시 명언안길 12-9 (원동면 화제리),,제1동,314,71.1,22.64,71.1,22.64,경량철골구조,01000,단독주택,1,0
경상남도 양산시 원동면 화제리 1521번지,48330,32028,0,1521,0000,일반건축물,경상남도 양산시 명언안길 12 (원동면 화제리),,,0,52.8,0,52.8,0,일반목구조,01000,주택,1,0
경상남도 양산시 원동면 화제리 1522번지,48330,32028,0,1522,0000,일반건축물,경상남도 양산시 명언안길 12-1 (원동면 화제리),,,0,59.4,0,59.4,0,일반목구조,01000,주택,1,0
경상남도 양산시 원동면 화제리 1524번지,48330,32028,0,1524,0000,일반건축물,경상남도 양산시 명언안길 12-6 (원동면 화제리),,,0,23.1,0,23.1,0,일반목구조,01000,주택,1,0
경상남도 양산시 원동면 화제리 1525번지,48330,32028,0,1525,0000,일반건축물,경상남도 양산시 명언안길 12-5 (원동면 화제리),,,0,28.8,0,28.8,0,벽돌구조,04000,제2종근린생활시설(사무소-창고),1,0
경상남도 양산시 원동면 화제리 1525번지,48330,32028,0,1525,0000,일반건축물,경상남도 양산시 명언안길 12-5 (원동면 화제리),,가-동,585,101.32,17.32,101.32,17.32,일반목구조,04000,제2종근린생활시설,1,0
경상남도 양산시 원동면 화제리 1526번지,48330,32028,0,1526,0000,일반건축물,경상남도 양산시 명언안길 12-4 (원동면 화제리),,,0,52.8,0,52.8,0,일반목구조,01000,주택,1,0
경상남도 양산시 원동면 화제리 1528-9번지,48330,32028,0,1528,0009,일반건축물,경상남도 양산시 명언뒷등길 27 (원동면 화제리),,,667,77.22,11.58,77.22,11.58,철근콘크리트구조,01000,단독주택,1,0
경상남도 양산시 원동면 화제리 1529번지,48330,32028,0,1529,0000,일반건축물,경상남도 양산시 명언뒷등길 28-11 (원동면 화제리),,,620,150.35,24.25,144.36,23.28,벽돌구조,01000,단독주택,1,0
경상남도 양산시 원동면 화제리 1530-1번지,48330,32028,0,1530,0001,일반건축물,경상남도 양산시 명언뒷등길 34 (원동면 화제리),,,539,75.42,13.99,97.74,18.13,철근콘크리트구조,01000,단독주택,2,0
경상남도 양산시 원동면 화제리 1532번지,48330,32028,0,1532,0000,일반건축물,경상남도 양산시 명언뒷등길 40-9 (원동면 화제리),,,479,95.33,19.9,95.33,19.9,철근콘크리트구조,01000,단독주택,1,0
경상남도 양산시 원동면 화제리 1532-4번지,48330,32028,0,1532,0004,일반건축물,경상남도 양산시 명언뒷등길 40-27 (원동면 화제리),,,643,97.6,15.18,97.6,15.18,철근콘크리트구조,01000,단독주택,1,0
경상남도 양산시 원동면 화제리 1532-6번지,48330,32028,0,1532,0006,일반건축물,경상남도 양산시 명언뒷등길 40-7 (원동면 화제리),,,460,72.23,15.7,99.81,21.7,철근콘크리트구조,01000,단독주택,2,0
경상남도 양산시 원동면 화제리 1532-8번지,48330,32028,0,1532,0008,일반건축물,경상남도 양산시 명언뒷등길 40-16 (원동면 화제리),,,478,92.85,19.42,180.06,37.67,일반목구조,01000,단독주택,2,0
경상남도 양산시 원동면 화제리 1542-2번지,48330,32028,0,1542,0002,일반건축물,경상남도 양산시 명언뒷등길 42 (원동면 화제리),,,552,24,4.35,24,4.35,경량철골구조,01000,단독주택,1,0
경상남도 양산시 원동면 화제리 1542-2번지,48330,32028,0,1542,0002,일반건축물,경상남도 양산시 명언뒷등길 42 (원동면 화제리),,,552,99.22,17.97,99.22,17.97,철근콘크리트구조,01000,단독주택,1,0
경상남도 양산시 원동면 화제리 1545번지,48330,32028,0,1545,0000,일반건축물,경상남도 양산시 명언안길 12-8 (원동면 화제리),,,348,115.14,33.09,142.29,30.75,철근콘크리트구조,01000,단독주택,1,1
경상남도 양산시 원동면 화제리 1548번지,48330,32028,0,1548,0000,일반건축물,,,,0,16.2,0,16.2,0,블록구조,01000,주택,1,0
경상남도 양산시 원동면 화제리 1549번지,48330,32028,0,1549,0000,일반건축물,경상남도 양산시 명언안길 18-20 (원동면 화제리),,,0,49.5,0,49.5,0,일반목구조,01000,주택,1,0
경상남도 양산시 원동면 화제리 1556번지,48330,32028,0,1556,0000,일반건축물,경상남도 양산시 명언골말길 18 (원동면 화제리),,,574.78,79.2,13.78,79.2,13.78,경량철골구조,01000,"단독주택, 근린생활시설",1,0
경상남도 양산시 원동면 화제리 1556-1번지,48330,32028,0,1556,0001,일반건축물,경상남도 양산시 16 (원동면 화제리),,,220.7,99,44.86,99,44.86,경량철골구조,01000,단독주택,1,0
경상남도 양산시 원동면 화제리 1558번지,48330,32028,0,1558,0000,일반건축물,경상남도 양산시 명언골말길 16-1 (원동면 화제리),,,439,157.2,35.81,150.93,34.38,조적구조,01000,주택,1,0
경상남도 양산시 원동면 화제리 1560번지,48330,32028,0,1560,0000,일반건축물,경상남도 양산시 명언골말길 16-2 (원동면 화제리),,,0,69.3,0,69.3,0,일반목구조,01000,주택,1,0
경상남도 양산시 원동면 화제리 1562번지,48330,32028,0,1562,0000,일반건축물,경상남도 양산시 명언골말길 16-15 (원동면 화제리),,,241,48.93,20.3,48.93,20.3,경량철골구조,01000,단독주택,1,0
경상남도 양산시 원동면 화제리 1572번지,48330,32028,0,1572,0000,일반건축물,경상남도 양산시 명언뒷등길 40-17 (원동면 화제리),,,576,108.36,18.81,142.96,24.82,철근콘크리트구조,01000,단독주택,1,0
경상남도 양산시 원동면 화제리 1574번지,48330,32028,0,1574,0000,일반건축물,경상남도 양산시 명언뒷등길 40-25 (원동면 화제리),,제1동,518,99.48,19.2,99.48,19.2,경량철골구조,01000,단독주택,1,0
경상남도 양산시 원동면 화제리 1574-2번지,48330,32028,0,1574,0002,일반건축물,경상남도 양산시 명언뒷등길 40-23 (원동면 화제리),,1동,731,99.12,13.56,99.12,13.56,경량철골구조,01000,단독주택,1,0
경상남도 양산시 원동면 화제리 1574-5번지,48330,32028,0,1574,0005,일반건축물,경상남도 양산시 명언뒷등길 60-31 (원동면 화제리),,1동,400,44.4,11.1,44.4,11.1,경량철골구조,03000,제1종근린생활시설,1,0
경상남도 양산시 원동면 화제리 1576번지,48330,32028,0,1576,0000,일반건축물,경상남도 양산시 명언뒷등길 60-32 (원동면 화제리),,주건축물제1,787,119.94,15.24,123.35,15.67,철근콘크리트구조,01000,단독주택,2,0
경상남도 양산시 원동면 화제리 1577번지,48330,32028,0,1577,0000,일반건축물,경상남도 양산시 명언뒷등길 60 (원동면 화제리),,,512,97.27,19,89.67,17.51,경량철골구조,01000,단독주택,1,0
경상남도 양산시 원동면 화제리 1577-1번지,48330,32028,0,1577,0001,일반건축물,경상남도 양산시 명언뒷등길 60-30 (원동면 화제리),,,493,97.9,19.86,74.57,15.13,철근콘크리트구조,01000,단독주택,1,0
경상남도 양산시 원동면 화제리 1589번지,48330,32028,0,1589,0000,일반건축물,경상남도 양산시 명언골말길 20-1 (원동면 화제리),,,0,79.2,0,79.2,0,일반목구조,01000,주택,1,0
경상남도 양산시 원동면 화제리 1596번지,48330,32028,0,1596,0000,일반건축물,경상남도 양산시 명언골말길 26-1 (원동면 화제리),,,0,52.8,0,52.8,0,일반목구조,01000,주택,1,0
경상남도 양산시 원동면 화제리 1599번지,48330,32028,0,1599,0000,일반건축물,경상남도 양산시 명언골말길 20 (원동면 화제리),,,0,56.1,0,56.1,0,블록구조,01000,주택,1,0
경상남도 양산시 원동면 화제리 1599번지,48330,32028,0,1599,0000,일반건축물,경상남도 양산시 명언골말길 20 (원동면 화제리),,,0,84.51,0,84.51,0,벽돌구조,01000,주택,1,0
경상남도 양산시 원동면 화제리 1602-3번지,48330,32028,0,1602,0003,일반건축물,경상남도 양산시 화제로 32 (원동면 화제리),,,2412,241.99,10.03,441.99,18.32,경량철골구조,03000,제1종근린생활시설,2,0
경상남도 양산시 원동면 화제리 1603번지,48330,32028,0,1603,0000,일반건축물,경상남도 양산시 32 (원동면 화제리),,,0,330,0,330,0,블록구조,21000,축사,1,0
경상남도 양산시 원동면 화제리 1604-3번지,48330,32028,0,1604,0003,일반건축물,경상남도 양산시 명언골말길 32 (원동면 화제리),,,0,29.7,0,29.7,0,일반목구조,01000,주택,1,0
경상남도 양산시 원동면 화제리 1618번지,48330,32028,0,1618,0000,일반건축물,경상남도 양산시 명언골말길 28 (원동면 화제리),,,0,62.7,0,62.7,0,일반목구조,01000,주택,1,0
경상남도 양산시 원동면 화제리 1620번지,48330,32028,0,1620,0000,일반건축물,경상남도 양산시 명언골말길 26 (원동면 화제리),,,0,42.9,0,42.9,0,일반목구조,01000,주택,1,0
경상남도 양산시 원동면 화제리 1624-3번지,48330,32028,0,1624,0003,일반건축물,경상남도 양산시 명언뒷등길 62 (원동면 화제리),,,495,245.88,49.67,245.88,49.67,벽돌구조,04000,"제2종근린생활시설, 주택",1,0
경상남도 양산시 원동면 화제리 1642-3번지,48330,32028,0,1642,0003,일반건축물,경상남도 양산시 명언뒷등길 28-97 (원동면 화제리),,,959,191.25,19.94,186,19.4,철골콘크리트구조,04000,제2종근린생활시설,1,0
경상남도 양산시 원동면 화제리 1647번지,48330,32028,0,1647,0000,일반건축물,,,,0,87.2,0,87.2,0,블록구조,21000,축사,1,0
경상남도 양산시 원동면 화제리 1670번지,48330,32028,0,1670,0000,일반건축물,경상남도 양산시 명언뒷등길 28-20 (원동면 화제리),,,0,195,0,195,0,블록구조,21000,축사,1,0
경상남도 양산시 원동면 화제리 1670-2번지,48330,32028,0,1670,0002,일반건축물,,,,0,150,0,150,0,블록구조,21000,축사,1,0
경상남도 양산시 원동면 화제리 1692-1번지,48330,32028,0,1692,0001,일반건축물,경상남도 양산시 원동로 560 (원동면 화제리),,,1526,770.75,50.51,770.75,50.51,블록구조,17000,공장,2,0
경상남도 양산시 원동면 화제리 1710-1번지,48330,32028,0,1710,0001,일반건축물,경상남도 양산시 원동로 508 (원동면 화제리),원동하수처리장,,1999,171.8,8.59,765,8.5,철근콘크리트구조,22000,분뇨.쓰레기처리시설,1,2
경상남도 양산시 원동면 화제리 1756-3번지,48330,32028,0,1756,0003,일반건축물,경상남도 양산시 원동로 564 (원동면 화제리),,,211,75.04,35.56,75.04,35.56,블록구조,04000,제2종근린생활시설,1,0
경상남도 양산시 원동면 화제리 1757-1번지,48330,32028,0,1757,0001,일반건축물,경상남도 양산시 원동로 566 (원동면 화제리),,,0,0,0,194.3,0,일반목구조,01000,"주택, 근린생활시설",1,0
경상남도 양산시 원동면 화제리 1771-1번지,48330,32028,0,1771,0001,일반건축물,경상남도 양산시 원동로 586 (원동면 화제리),,,0,3,0,3,0,블록구조,03000,제1종근린생활시설,1,0
경상남도 양산시 원동면 화제리 1771-1번지,48330,32028,0,1771,0001,일반건축물,경상남도 양산시 원동로 586 (원동면 화제리),,,357,84.12,23.56,153.72,43.06,블록구조,04000,근린생활시설,2,0
경상남도 양산시 원동면 화제리 1782-2번지,48330,32028,0,1782,0002,일반건축물,경상남도 양산시 원동로 608 (원동면 화제리),화제빗물펌프장,,4473,329,7.36,329,7.36,철근콘크리트구조,03000,제1종근린생활시설,1,0
경상남도 양산시 원동면 화제리 1837-4번지,48330,32028,0,1837,0004,일반건축물,경상남도 양산시 원동로 624-1 (원동면 화제리),,3동,0,99.36,0,99.36,0,블록구조,01000,단독주택,1,0
경상남도 양산시 원동면 화제리 1837-4번지,48330,32028,0,1837,0004,일반건축물,경상남도 양산시 원동로 624-1 (원동면 화제리),,1동,0,97.2,0,97.2,0,블록구조,01000,단독주택,1,0
경상남도 양산시 원동면 화제리 1845번지,48330,32028,0,1845,0000,일반건축물,경상남도 양산시 화제로 449 (원동면 화제리),,,476,112.69,23.67,108.45,22.78,철근콘크리트구조,04000,제2종근린생활시설,1,0
경상남도 양산시 원동면 화제리 1846-5번지,48330,32028,0,1846,0005,일반건축물,경상남도 양산시 화제로 439 (원동면 화제리),,,848,164.56,19.41,154.2,18.18,철근콘크리트구조,01000,단독주택,1,0
경상남도 양산시 원동면 화제리 1851-3번지,48330,32028,0,1851,0003,일반건축물,경상남도 양산시 수산물길 3 (원동면 화제리),,,684,177.8,25.99,177.8,25.99,벽돌구조,17000,공장,1,0
경상남도 양산시 원동면 화제리 1851-4번지,48330,32028,0,1851,0004,일반건축물,,,,0,99,0,99,0,일반목구조,17000,공장,1,0
경상남도 양산시 원동면 화제리 1853-1번지,48330,32028,0,1853,0001,일반건축물,,,,0,42.9,0,42.9,0,일반목구조,01000,"주택, 점포",1,0
경상남도 양산시 원동면 화제리 1854-3번지,48330,32028,0,1854,0003,일반건축물,경상남도 양산시 수산물길 4 (원동면 화제리),,,0,46.2,0,46.2,0,일반목구조,01000,주택,1,0
경상남도 양산시 원동면 화제리 1854-4번지,48330,32028,0,1854,0004,일반건축물,경상남도 양산시 화제로 432 (원동면 화제리),화제외화마을경로당,,192,98.24,51.17,93.24,48.56,철근콘크리트구조,11000,노유자시설,1,0
경상남도 양산시 원동면 화제리 1855-2번지,48330,32028,0,1855,0002,일반건축물,경상남도 양산시 화제로 426 (원동면 화제리),,,513,150.64,29.36,232.74,45.37,철근콘크리트구조,01000,"단독주택,제1종근린생활시설",2,0
경상남도 양산시 원동면 화제리 1860번지,48330,32028,0,1860,0000,일반건축물,경상남도 양산시 수산물길 18 (원동면 화제리),,,454,101.97,22.46,97.29,21.43,벽돌구조,01000,단독주택,1,0
경상남도 양산시 원동면 화제리 1861번지,48330,32028,0,1861,0000,일반건축물,,,,0,19.8,0,19.8,0,일반목구조,01000,주택,1,0
경상남도 양산시 원동면 화제리 1863번지,48330,32028,0,1863,0000,일반건축물,경상남도 양산시 수산물길 14 (원동면 화제리),,,0,72.6,0,72.6,0,블록구조,01000,주택,1,0
경상남도 양산시 원동면 화제리 1869-1번지,48330,32028,0,1869,0001,일반건축물,경상남도 양산시 수산물길 13 (원동면 화제리),,1동,430,73.75,17.15,73.75,17.15,벽돌구조,01000,농가용주택,1,0
경상남도 양산시 원동면 화제리 1871번지,48330,32028,0,1871,0000,일반건축물,경상남도 양산시 수산물길 11-1 (원동면 화제리),,,0,72.6,0,72.6,0,일반목구조,01000,주택,1,0
경상남도 양산시 원동면 화제리 1875-1번지,48330,32028,0,1875,0001,일반건축물,경상남도 양산시 수산물길 8 (원동면 화제리),,,0,145.2,0,145.2,0,일반목구조,01000,주택,1,0
경상남도 양산시 원동면 화제리 1876번지,48330,32028,0,1876,0000,일반건축물,경상남도 양산시 수산물길 5 (원동면 화제리),,,183,102.76,56.15,169.46,92.6,철근콘크리트구조,01000,단독주택,2,0
경상남도 양산시 원동면 화제리 1878번지,48330,32028,0,1878,0000,일반건축물,경상남도 양산시 수산물길 7 (원동면 화제리),,,0,122.85,0,122.85,0,블록구조,01000,주택,1,0
경상남도 양산시 원동면 화제리 1879번지,48330,32028,0,1879,0000,일반건축물,경상남도 양산시 수산물길 11 (원동면 화제리),,,624,95.5,15.3,95.5,15.3,경량철골구조,01000,단독주택,1,0
경상남도 양산시 원동면 화제리 1880번지,48330,32028,0,1880,0000,일반건축물,경상남도 양산시 수산물길 11-2 (원동면 화제리),,,314,52,16.56,75.6,24.08,일반철골구조,01000,단독주택,2,0
경상남도 양산시 원동면 화제리 1893-1번지,48330,32028,0,1893,0001,일반건축물,경상남도 양산시 원동로 642 (원동면 화제리),,,1044,233.27,22.34,233.27,22.34,경량철골구조,04000,근린생활시설,1,0
경상남도 양산시 원동면 화제리 1903-1번지,48330,32028,0,1903,0001,일반건축물,경상남도 양산시 도덕골길 40-1 (원동면 화제리),,,255,48.6,19.06,48.6,19.06,일반철골구조,01000,단독주택,1,0
경상남도 양산시 원동면 화제리 1904번지,48330,32028,0,1904,0000,일반건축물,경상남도 양산시 도덕골길 38 (원동면 화제리),,,518,105.15,20.3,92.71,17.9,기타강구조,01000,단독주택,1,0
경상남도 양산시 원동면 화제리 1927번지,48330,32028,0,1927,0000,일반건축물,경상남도 양산시 수산물길 19-12 (원동면 화제리),,1동,290,37.1,12.79,36.8,12.69,경량철골구조,01000,단독주택,1,0
경상남도 양산시 원동면 화제리 1931번지,48330,32028,0,1931,0000,일반건축물,경상남도 양산시 수산물길 19-6 (원동면 화제리),,,0,46.2,0,46.2,0,일반목구조,01000,주택,1,0
경상남도 양산시 원동면 화제리 1932번지,48330,32028,0,1932,0000,일반건축물,경상남도 양산시 수산물길 19-4 (원동면 화제리),,,0,29.7,0,29.7,0,일반목구조,01000,주택,1,0
경상남도 양산시 원동면 화제리 1932번지,48330,32028,0,1932,0000,일반건축물,경상남도 양산시 수산물길 19-4 (원동면 화제리),,,0,33,0,33,0,일반목구조,01000,주택,1,0
경상남도 양산시 원동면 화제리 1933번지,48330,32028,0,1933,0000,일반건축물,경상남도 양산시 수산물길 23 (원동면 화제리),,,0,102.3,0,102.3,0,블록구조,01000,주택,1,0
경상남도 양산시 원동면 화제리 1934번지,48330,32028,0,1934,0000,일반건축물,,,,0,59.4,0,59.4,0,블록구조,01000,주택,1,0
경상남도 양산시 원동면 화제리 1936번지,48330,32028,0,1936,0000,일반건축물,경상남도 양산시 수산물길 25-1 (원동면 화제리),,,0,36.3,0,36.3,0,블록구조,01000,주택,1,0
경상남도 양산시 원동면 화제리 1944-3번지,48330,32028,0,1944,0003,일반건축물,경상남도 양산시 화제로 424 (원동면 화제리),화제보건진료소,,255,89.69,35.17,149.9,58.78,철근콘크리트구조,03000,제1종근린생활시설,2,0
경상남도 양산시 원동면 화제리 1969번지,48330,32028,0,1969,0000,일반건축물,경상남도 양산시 외화죽전길 19 (원동면 화제리),,,0,125.5,0,125.5,0,벽돌구조,01000,주택,1,0
경상남도 양산시 원동면 화제리 1972번지,48330,32028,0,1972,0000,일반건축물,경상남도 양산시 외화죽전길 24 (원동면 화제리),,,0,66,0,66,0,일반목구조,01000,주택,1,0
경상남도 양산시 원동면 화제리 1978번지,48330,32028,0,1978,0000,일반건축물,경상남도 양산시 외화죽전길 17 (원동면 화제리),,,0,55.08,0,55.08,0,벽돌구조,03000,마을회관,1,0
경상남도 양산시 원동면 화제리 1980번지,48330,32028,0,1980,0000,일반건축물,경상남도 양산시 외화죽전길 13-3 (원동면 화제리),,,0,59.4,0,59.4,0,일반목구조,01000,주택,1,0
경상남도 양산시 원동면 화제리 1985번지,48330,32028,0,1985,0000,일반건축물,경상남도 양산시 외화죽전길 13 (원동면 화제리),,,0,95.7,0,95.7,0,일반목구조,01000,주택,1,0
경상남도 양산시 원동면 화제리 1986번지,48330,32028,0,1986,0000,일반건축물,경상남도 양산시 외화죽전길 11 (원동면 화제리),,,0,23.1,0,23.1,0,일반목구조,01000,주택,1,0
경상남도 양산시 원동면 화제리 1988번지,48330,32028,0,1988,0000,일반건축물,경상남도 양산시 외화죽전길 13-2 (원동면 화제리),,,0,66,0,66,0,일반목구조,01000,주택,1,0
경상남도 양산시 원동면 화제리 1989번지,48330,32028,0,1989,0000,일반건축물,경상남도 양산시 외화죽전길 13-1 (원동면 화제리),,,899,74.51,8.29,98.51,10.96,철근콘크리트구조,01000,단독주택,2,0
경상남도 양산시 원동면 화제리 1992번지,48330,32028,0,1992,0000,일반건축물,경상남도 양산시 외화죽전길 9 (원동면 화제리),,,0,85.8,0,85.8,0,일반목구조,01000,주택,1,0
경상남도 양산시 원동면 화제리 1993번지,48330,32028,0,1993,0000,일반건축물,경상남도 양산시 외화죽전길 7 (원동면 화제리),,,0,59.4,0,59.4,0,일반목구조,01000,주택,1,0
경상남도 양산시 원동면 화제리 1995번지,48330,32028,0,1995,0000,일반건축물,경상남도 양산시 외화죽전길 5 (원동면 화제리),,1동,329,96.77,29.41,138.6,42.13,철근콘크리트구조,01000,단독주택,2,0
경상남도 양산시 원동면 화제리 1996번지,48330,32028,0,1996,0000,일반건축물,경상남도 양산시 외화죽전길 3-1 (원동면 화제리),,,0,46.2,0,46.2,0,일반목구조,01000,주택,1,0
경상남도 양산시 원동면 화제리 1998번지,48330,32028,0,1998,0000,일반건축물,경상남도 양산시 외화죽전길 3 (원동면 화제리),,,0,42.9,0,42.9,0,일반목구조,01000,주택,1,0
경상남도 양산시 원동면 화제리 2001번지,48330,32028,0,2001,0000,일반건축물,경상남도 양산시 외화죽전길 1 (원동면 화제리),,,0,89.1,0,89.1,0,일반목구조,01000,주택,1,0
경상남도 양산시 원동면 화제리 2002번지,48330,32028,0,2002,0000,일반건축물,경상남도 양산시 외화죽전길 1 (원동면 화제리),,,0,39.6,0,39.6,0,블록구조,01000,주택,1,0
경상남도 양산시 원동면 화제리 2009-6번지,48330,32028,0,2009,0006,일반건축물,경상남도 양산시 화제로 417 (원동면 화제리),,제1동,365,72.04,19.74,99.35,27.22,철근콘크리트구조,01000,단독주택,2,0
경상남도 양산시 원동면 화제리 2011-2번지,48330,32028,0,2011,0002,일반건축물,경상남도 양산시 외화죽전길 8 (원동면 화제리),,,0,62.7,0,62.7,0,블록구조,01000,주택,1,0
경상남도 양산시 원동면 화제리 2011-3번지,48330,32028,0,2011,0003,일반건축물,경상남도 양산시 외화죽전길 6 (원동면 화제리),,,0,75.9,0,75.9,0,블록구조,01000,주택,1,0
경상남도 양산시 원동면 화제리 2011-4번지,48330,32028,0,2011,0004,일반건축물,경상남도 양산시 외화죽전길 4 (원동면 화제리),,,0,56.1,0,56.1,0,일반목구조,01000,주택,1,0
경상남도 양산시 원동면 화제리 2011-5번지,48330,32028,0,2011,0005,일반건축물,경상남도 양산시 외화죽전길 2 (원동면 화제리),,,0,105.6,0,105.6,0,블록구조,01000,주택,1,0
경상남도 양산시 원동면 화제리 2013번지,48330,32028,0,2013,0000,일반건축물,경상남도 양산시 외화죽전길 12 (원동면 화제리),,,468,98.91,21.13,98.91,21.13,벽돌구조,01000,농가용주택,1,0
경상남도 양산시 원동면 화제리 2013-2번지,48330,32028,0,2013,0002,일반건축물,경상남도 양산시 외화죽전길 12-1 (원동면 화제리),,,274,97.82,35.7,93.62,34.17,블록구조,01000,단독주택,1,0
경상남도 양산시 원동면 화제리 2017번지,48330,32028,0,2017,0000,일반건축물,,,,0,29.7,0,29.7,0,일반목구조,01000,주택,1,0
경상남도 양산시 원동면 화제리 2024-4번지,48330,32028,0,2024,0004,일반건축물,,,,331,100.8,30.45,100.8,30.45,경량철골구조,18000,창고,1,0
경상남도 양산시 원동면 화제리 2025번지,48330,32028,0,2025,0000,일반건축물,경상남도 양산시 화제로 384-11 (원동면 화제리),,,1122,137.7,12.27,137.7,12.27,경량철골구조,04000,제2종근린생활시설(사무소),1,0
경상남도 양산시 원동면 화제리 2028번지,48330,32028,0,2028,0000,일반건축물,경상남도 양산시 화제로 388 (원동면 화제리),,,0,0,0,165,0,블록구조,18000,창고,1,0
경상남도 양산시 원동면 화제리 2031-1번지,48330,32028,0,2031,0001,일반건축물,경상남도 양산시 화제로 396 (원동면 화제리),,,409,109.14,26.68,66.12,16.17,철근콘크리트구조,04000,제2종근린생활시설,1,0
경상남도 양산시 원동면 화제리 2035번지,48330,32028,0,2035,0000,일반건축물,경상남도 양산시 외화중리길 4-1 (원동면 화제리),,,0,72.6,0,72.6,0,블록구조,01000,"주택,축사",1,0
경상남도 양산시 원동면 화제리 2037-1번지,48330,32028,0,2037,0001,일반건축물,경상남도 양산시 화제로 398 (원동면 화제리),,,275,63.26,23,124.92,45.43,경량철골구조,01000,단독주택,2,0
경상남도 양산시 원동면 화제리 2038-1번지,48330,32028,0,2038,0001,일반건축물,,,,182,106.48,58.51,171.36,47.08,철근콘크리트구조,03000,근린생활시설,1,1
경상남도 양산시 원동면 화제리 2043-4번지,48330,32028,0,2043,0004,일반건축물,경상남도 양산시 화제로 399-6 (원동면 화제리),,,311,82.51,26.53,82.51,26.53,벽돌구조,01000,농가용주택,1,0
경상남도 양산시 원동면 화제리 2043-7번지,48330,32028,0,2043,0007,일반건축물,경상남도 양산시 화제로 399-8 (원동면 화제리),,,0,42.9,0,42.9,0,블록구조,01000,주택,1,0
경상남도 양산시 원동면 화제리 2047번지,48330,32028,0,2047,0000,일반건축물,경상남도 양산시 화제로 401-19 (원동면 화제리),,,330,160,48.48,160,48.48,블록구조,18000,농업용창고,1,0
경상남도 양산시 원동면 화제리 2048-7번지,48330,32028,0,2048,0007,일반건축물,경상남도 양산시 화제로 399-23 (원동면 화제리),,,0,0,0,23.1,0,일반목구조,01000,주택,1,0
경상남도 양산시 원동면 화제리 2054-1번지,48330,32028,0,2054,0001,일반건축물,경상남도 양산시 외화중리길 8 (원동면 화제리),,,456,80,17.54,80,17.54,블록구조,01000,주택,1,0
경상남도 양산시 원동면 화제리 2059번지,48330,32028,0,2059,0000,일반건축물,경상남도 양산시 외화중리길 4-2 (원동면 화제리),,제1동,224,86.64,38.68,83.94,37.47,철근콘크리트구조,01000,단독주택,1,0
경상남도 양산시 원동면 화제리 2060번지,48330,32028,0,2060,0000,일반건축물,경상남도 양산시 외화중리길 4 (원동면 화제리),,,0,23.1,0,23.1,0,일반목구조,03000,점포,1,0
경상남도 양산시 원동면 화제리 2061번지,48330,32028,0,2061,0000,일반건축물,경상남도 양산시 외화중리길 6 (원동면 화제리),,,232,112.42,48.46,106.92,46.09,철근콘크리트구조,11000,노유자시설,1,0
경상남도 양산시 원동면 화제리 2061번지,48330,32028,0,2061,0000,일반건축물,경상남도 양산시 외화중리길 6 (원동면 화제리),,,0,10.92,0,10.92,0,블록구조,11000,노유자시설,1,0
경상남도 양산시 원동면 화제리 2063번지,48330,32028,0,2063,0000,일반건축물,경상남도 양산시 외화중리길 7 (원동면 화제리),,,0,49.5,0,49.5,0,블록구조,01000,주택,1,0
경상남도 양산시 원동면 화제리 2064-1번지,48330,32028,0,2064,0001,일반건축물,경상남도 양산시 외화중리길 5 (원동면 화제리),,,344,135.58,39.41,133.1,38.69,벽돌구조,01000,주택,1,0
경상남도 양산시 원동면 화제리 2064-2번지,48330,32028,0,2064,0002,일반건축물,,,,0,39.6,0,39.6,0,일반목구조,01000,주택,1,0
경상남도 양산시 원동면 화제리 2065번지,48330,32028,0,2065,0000,일반건축물,경상남도 양산시 외화중리길 3-2 (원동면 화제리),,,219,84.25,38.47,81.8,37.35,블록구조,01000,주택,1,0
경상남도 양산시 원동면 화제리 2068번지,48330,32028,0,2068,0000,일반건축물,경상남도 양산시 외화중리길 9 (원동면 화제리),,,0,102.3,0,102.3,0,블록구조,01000,주택,1,0
경상남도 양산시 원동면 화제리 2070-1번지,48330,32028,0,2070,0001,일반건축물,경상남도 양산시 화제로 389 (원동면 화제리),,,0,122.1,0,122.1,0,블록구조,01000,주택,1,0
경상남도 양산시 원동면 화제리 2070-4번지,48330,32028,0,2070,0004,일반건축물,경상남도 양산시 외화중리길 3-1 (원동면 화제리),,,394,37.15,9.43,37.15,9.43,경량철골구조,01000,단독주택,1,0
경상남도 양산시 원동면 화제리 2073번지,48330,32028,0,2073,0000,일반건축물,경상남도 양산시 외화중리길 11-3 (원동면 화제리),,,360,119.42,33.17,97.92,27.2,벽돌구조,01000,단독주택,1,0
경상남도 양산시 원동면 화제리 2074번지,48330,32028,0,2074,0000,일반건축물,경상남도 양산시 외화중리길 11-1 (원동면 화제리),,,648,130,20.06,130,20.06,벽돌구조,01000,주택,2,0
경상남도 양산시 원동면 화제리 2077번지,48330,32028,0,2077,0000,일반건축물,경상남도 양산시 외화중리길 15 (원동면 화제리),,,0,99.08,0,99.08,0,벽돌구조,01000,주택,1,0
경상남도 양산시 원동면 화제리 2077-1번지,48330,32028,0,2077,0001,일반건축물,경상남도 양산시 외화중리길 13 (원동면 화제리),,,118,57.17,48.45,139.96,118.61,일반목구조,01000,단독주택,3,0
경상남도 양산시 원동면 화제리 2079번지,48330,32028,0,2079,0000,일반건축물,경상남도 양산시 외화중리길 11 (원동면 화제리),,,307,84.33,27.47,84.33,27.47,벽돌구조,01000,주택,1,0
경상남도 양산시 원동면 화제리 2081번지,48330,32028,0,2081,0000,일반건축물,경상남도 양산시 외화중리길 14 (원동면 화제리),,,0,138.16,0,138.16,0,벽돌구조,01000,주택,1,0
경상남도 양산시 원동면 화제리 2082번지,48330,32028,0,2082,0000,일반건축물,경상남도 양산시 외화중리길 12-5 (원동면 화제리),,,0,73.38,0,73.38,0,벽돌구조,01000,주택,1,0
경상남도 양산시 원동면 화제리 2086번지,48330,32028,0,2086,0000,일반건축물,경상남도 양산시 외화중리길 16-1 (원동면 화제리),,,0,56.1,0,56.1,0,일반목구조,01000,주택,1,0
경상남도 양산시 원동면 화제리 2087번지,48330,32028,0,2087,0000,일반건축물,경상남도 양산시 외화중리길 18 (원동면 화제리),,,0,110.41,0,110.41,0,벽돌구조,01000,주택,1,0
경상남도 양산시 원동면 화제리 2090번지,48330,32028,0,2090,0000,일반건축물,경상남도 양산시 외화중리길 20 (원동면 화제리),,,0,29.2,0,29.2,0,일반목구조,01000,주택,1,0
경상남도 양산시 원동면 화제리 2091번지,48330,32028,0,2091,0000,일반건축물,경상남도 양산시 외화중리길 24-2 (원동면 화제리),,,738,99.47,13.48,99.47,13.48,경량철골구조,01000,단독주택,1,0
경상남도 양산시 원동면 화제리 2091-2번지,48330,32028,0,2091,0002,일반건축물,경상남도 양산시 외화중리길 24-1 (원동면 화제리),,,535,84.54,15.8,84.54,15.8,일반목구조,01000,단독주택,1,0
경상남도 양산시 원동면 화제리 2091-4번지,48330,32028,0,2091,0004,일반건축물,경상남도 양산시 외화중리길 24 (원동면 화제리),,A동,1536,83,5.4,83,5.4,블록구조,03000,제1종근린생활시설,1,0
경상남도 양산시 원동면 화제리 2093번지,48330,32028,0,2093,0000,일반건축물,경상남도 양산시 외화중리길 19 (원동면 화제리),,,288,96.87,33.64,112.87,39.19,벽돌구조,01000,단독주택,2,0
경상남도 양산시 원동면 화제리 2099번지,48330,32028,0,2099,0000,일반건축물,경상남도 양산시 화제로 367-1 (원동면 화제리),,,383,133.18,34.77,133.18,34.77,벽돌구조,01000,단독주택,1,0
경상남도 양산시 원동면 화제리 2102-1번지,48330,32028,0,2102,0001,일반건축물,경상남도 양산시 내화새마길 3 (원동면 화제리),,,0,29.7,0,29.7,0,블록구조,01000,주택,1,0
경상남도 양산시 원동면 화제리 2103번지,48330,32028,0,2103,0000,일반건축물,경상남도 양산시 내화새마길 5 (원동면 화제리),,,0,52.8,0,52.8,0,일반목구조,01000,주택,1,0
경상남도 양산시 원동면 화제리 2104번지,48330,32028,0,2104,0000,일반건축물,경상남도 양산시 내화새마길 7-1 (원동면 화제리),,,0,56.1,0,56.1,0,일반목구조,01000,주택,1,0
경상남도 양산시 원동면 화제리 2105번지,48330,32028,0,2105,0000,일반건축물,경상남도 양산시 내화새마길 7-2 (원동면 화제리),,,261,102,39.08,179.28,68.69,철근콘크리트구조,01000,농가용주택,2,0
경상남도 양산시 원동면 화제리 2142-2번지,48330,32028,0,2142,0002,일반건축물,,,,0,23.1,0,23.1,0,블록구조,01000,주택,1,0
경상남도 양산시 원동면 화제리 2143번지,48330,32028,0,2143,0000,일반건축물,경상남도 양산시 화제로 362 (원동면 화제리),,,365,70.52,19.32,70.52,19.32,일반목구조,01000,단독주택,1,0
경상남도 양산시 원동면 화제리 2145번지,48330,32028,0,2145,0000,일반건축물,경상남도 양산시 화제로 366 (원동면 화제리),,,1921,545,28.37,545,28.37,일반철골구조,17000,공장,1,0
경상남도 양산시 원동면 화제리 2146-5번지,48330,32028,0,2146,0005,일반건축물,경상남도 양산시 화제로 376 (원동면 화제리),,제1동,289,57.46,19.88,57.46,19.88,경량철골구조,01000,단독주택,1,0
경상남도 양산시 원동면 화제리 2154번지,48330,32028,0,2154,0000,일반건축물,경상남도 양산시 화제로 384-22 (원동면 화제리),,,0,110.3,0,167.4,0,블록구조,17000,주택,2,0
경상남도 양산시 원동면 화제리 2248번지,48330,32028,0,2248,0000,일반건축물,경상남도 양산시 내화절골1길 29-1 (원동면 화제리),,제2동,661,16.5,2.5,16.5,2.5,경량철골구조,04000,제2종근린생활시설,1,0
경상남도 양산시 원동면 화제리 2248번지,48330,32028,0,2248,0000,일반건축물,경상남도 양산시 내화절골1길 29-1 (원동면 화제리),,제1동,661,99.58,15.07,99.58,15.07,경량철골구조,04000,제2종근린생활시설,1,0
경상남도 양산시 원동면 화제리 2248-8번지,48330,32028,0,2248,0008,일반건축물,경상남도 양산시 내화절골1길 27-16 (원동면 화제리),,,863,35.1,4.07,35.1,4.07,경량철골구조,01000,단독주택,1,0
경상남도 양산시 원동면 화제리 2248-8번지,48330,32028,0,2248,0008,일반건축물,경상남도 양산시 내화절골1길 27-16 (원동면 화제리),,1동,863,135.93,15.75,134.17,15.55,경량철골구조,01000,단독주택,1,0
경상남도 양산시 원동면 화제리 2248-9번지,48330,32028,0,2248,0009,일반건축물,경상남도 양산시 내화절골1길 29-5 (원동면 화제리),,,616,68.99,11.2,68.99,11.2,경량철골구조,01000,단독주택,1,0
경상남도 양산시 원동면 화제리 2248-10번지,48330,32028,0,2248,0010,일반건축물,,,부2동,591,6,1.02,6,1.02,조립식판넬조,01000,단독주택,1,0
경상남도 양산시 원동면 화제리 2248-10번지,48330,32028,0,2248,0010,일반건축물,경상남도 양산시 내화절골1길 29-3 (원동면 화제리),,주1동,591,95.5,16.16,95.5,16.16,경량철골구조,01000,단독주택,1,0
경상남도 양산시 원동면 화제리 2285번지,48330,32028,0,2285,0000,일반건축물,경상남도 양산시 화제로 314-28 (원동면 화제리),,,3134,1405,44.83,1405.25,44.83,경량철골구조,21000,축사,1,0
경상남도 양산시 원동면 화제리 2308번지,48330,32028,0,2308,0000,일반건축물,경상남도 양산시 화제로 314-22 (원동면 화제리),,,496,32.8,6.61,32.8,6.61,경량철골구조,03000,제1종근린생활시설,1,0
경상남도 양산시 원동면 화제리 2308-7번지,48330,32028,0,2308,0007,일반건축물,경상남도 양산시 화제로 314-26 (원동면 화제리),,제1동,529,79.5,15.03,79.5,15.03,경량철골구조,04000,제2종근린생활시설,1,0
경상남도 양산시 원동면 화제리 2308-9번지,48330,32028,0,2308,0009,일반건축물,경상남도 양산시 화제로 314-24 (원동면 화제리),,제1동,517,80,15.47,80,15.47,경량철골구조,04000,제2종근린생활시설,1,0
경상남도 양산시 원동면 화제리 2314번지,48330,32028,0,2314,0000,일반건축물,경상남도 양산시 화제로 304 (원동면 화제리),,,570,112.67,19.77,100.86,17.69,철근콘크리트구조,01000,단독주택,1,0
경상남도 양산시 원동면 화제리 2315-1번지,48330,32028,0,2315,0001,일반건축물,경상남도 양산시 화제로 305 (원동면 화제리),,,648,124.98,19.29,140.48,21.68,일반목구조,01000,단독주택,2,0
경상남도 양산시 원동면 화제리 2315-3번지,48330,32028,0,2315,0003,일반건축물,,,,0,59,0,59,0,블록구조,18000,창고,1,0
경상남도 양산시 원동면 화제리 2320-1번지,48330,32028,0,2320,0001,일반건축물,경상남도 양산시 화제로 319 (원동면 화제리),,,878,163.93,18.67,327.86,37.34,일반철골구조,18000,"창고시설,동ㆍ식물관련시설",2,0
경상남도 양산시 원동면 화제리 2327-1번지,48330,32028,0,2327,0001,일반건축물,경상남도 양산시 내화아랫길 10 (원동면 화제리),,,0,26.4,0,26.4,0,일반목구조,01000,주택,1,0
경상남도 양산시 원동면 화제리 2330번지,48330,32028,0,2330,0000,일반건축물,경상남도 양산시 내화아랫길 8 (원동면 화제리),,,0,33,0,33,0,일반목구조,01000,주택,1,0
경상남도 양산시 원동면 화제리 2332번지,48330,32028,0,2332,0000,일반건축물,경상남도 양산시 내화아랫길 5 (원동면 화제리),,제1동,321,72.3,22.52,98.9,30.81,경량철골구조,01000,단독주택,2,0
경상남도 양산시 원동면 화제리 2337-1번지,48330,32028,0,2337,0001,일반건축물,경상남도 양산시 내화아랫길 18 (원동면 화제리),,,0,26.4,0,26.4,0,일반목구조,01000,단독주택,1,0
경상남도 양산시 원동면 화제리 2337-2번지,48330,32028,0,2337,0002,일반건축물,경상남도 양산시 내화아랫길 15 (원동면 화제리),,,279.3,108.9,38.99,183.3,65.63,철근콘크리트구조,01000,주택,2,0
경상남도 양산시 원동면 화제리 2339번지,48330,32028,0,2339,0000,일반건축물,경상남도 양산시 내화아랫길 3-1 (원동면 화제리),,,435,146.12,33.59,140.82,32.37,벽돌구조,01000,주택,1,0
경상남도 양산시 원동면 화제리 2339-1번지,48330,32028,0,2339,0001,일반건축물,경상남도 양산시 내화아랫길 3 (원동면 화제리),,,220,43.92,19.96,87.84,39.93,벽돌구조,01000,단독주택,2,0
경상남도 양산시 원동면 화제리 2340-1번지,48330,32028,0,2340,0001,일반건축물,경상남도 양산시 화제로 293 (원동면 화제리),,,420,170.09,40.5,266.6,63.48,철근콘크리트구조,03000,제1종근린생활시설,2,0
경상남도 양산시 원동면 화제리 2340-1번지,48330,32028,0,2340,0001,일반건축물,경상남도 양산시 화제로 293 (원동면 화제리),,,0,9.6,0,9.6,0,경량철골구조,03000,제1종근린생활시설,1,0
경상남도 양산시 원동면 화제리 2340-4번지,48330,32028,0,2340,0004,일반건축물,경상남도 양산시 화제로 299 (원동면 화제리),,,0,79.2,0,79.2,0,일반목구조,01000,주택,1,0
경상남도 양산시 원동면 화제리 2340-5번지,48330,32028,0,2340,0005,일반건축물,경상남도 양산시 내화아랫길 1 (원동면 화제리),,,0,39.6,0,39.6,0,블록구조,01000,주택,1,0
경상남도 양산시 원동면 화제리 2342-2번지,48330,32028,0,2342,0002,일반건축물,경상남도 양산시 화제로 298 (원동면 화제리),,,370,106.9,28.89,99.7,26.95,벽돌구조,01000,단독주택,1,0
경상남도 양산시 원동면 화제리 2343-1번지,48330,32028,0,2343,0001,일반건축물,경상남도 양산시 내화절골길 6 (원동면 화제리),,,247,43.11,17.45,74.4,30.12,철근콘크리트구조,01000,단독주택,2,0
경상남도 양산시 원동면 화제리 2343-2번지,48330,32028,0,2343,0002,일반건축물,경상남도 양산시 내화절골길 2 (원동면 화제리),,,0,46.2,0,46.2,0,일반목구조,01000,주택,1,0
경상남도 양산시 원동면 화제리 2343-2번지,48330,32028,0,2343,0002,일반건축물,경상남도 양산시 내화절골길 2 (원동면 화제리),,,271,46.2,17.04,46.2,17.04,석구조,04000,"근린생활시설, 주택",1,0
경상남도 양산시 원동면 화제리 2349-2번지,48330,32028,0,2349,0002,일반건축물,경상남도 양산시 내화절골길 13 (원동면 화제리),,,485,84.1,17.34,142.5,29.38,철근콘크리트구조,01000,단독주택,2,0
경상남도 양산시 원동면 화제리 2356번지,48330,32028,0,2356,0000,일반건축물,경상남도 양산시 내화절골1길 21 (원동면 화제리),,,330,96.58,29.27,96.58,29.27,블록구조,01000,농가용주택,1,0
경상남도 양산시 원동면 화제리 2357번지,48330,32028,0,2357,0000,일반건축물,경상남도 양산시 내화절골1길 22 (원동면 화제리),,,813,261.3,32.14,261.3,32.14,조적구조,21000,"동물관련시설, 창고",1,0
경상남도 양산시 원동면 화제리 2362-9번지,48330,32028,0,2362,0009,일반건축물,경상남도 양산시 내화절골1길 27-11 (원동면 화제리),,제1동,326,51,15.64,51,15.64,경량철골구조,04000,제2종근린생활시설,1,0
경상남도 양산시 원동면 화제리 2369-4번지,48330,32028,0,2369,0004,일반건축물,경상남도 양산시 내화절골1길 29-9 (원동면 화제리),,A동,616,39,6.33,39,6.33,경량철골구조,03000,제1종근린생활시설,1,0
경상남도 양산시 원동면 화제리 2369-5번지,48330,32028,0,2369,0005,일반건축물,경상남도 양산시 내화절골1길 29-7 (원동면 화제리),,1동,593,108.5,18.3,108.5,18.3,경량철골구조,04000,제2종근린생활시설,1,0
경상남도 양산시 원동면 화제리 2452-1번지,48330,32028,0,2452,0001,일반건축물,경상남도 양산시 수산물길 19-134 (원동면 화제리),,,1746,630.81,36.13,630.81,36.13,조적구조,21000,축사,1,0
경상남도 양산시 원동면 화제리 2547번지,48330,32028,0,2547,0000,일반건축물,경상남도 양산시 도덕골길 27 (원동면 화제리),,,0,59.4,0,59.4,0,일반목구조,01000,주택,1,0
경상남도 양산시 원동면 화제리 2551번지,48330,32028,0,2551,0000,일반건축물,경상남도 양산시 도덕골길 27-1 (원동면 화제리),,,525,98.32,18.73,98.32,18.73,일반목구조,01000,단독주택,1,0
경상남도 양산시 원동면 화제리 2555번지,48330,32028,0,2555,0000,일반건축물,경상남도 양산시 도덕골길 27-3 (원동면 화제리),,,0,59.4,0,59.4,0,일반목구조,01000,주택,1,0
경상남도 양산시 원동면 화제리 2556번지,48330,32028,0,2556,0000,일반건축물,경상남도 양산시 도덕골길 21 (원동면 화제리),,,0,89.1,0,89.1,0,일반목구조,01000,주택,1,0
경상남도 양산시 원동면 화제리 2557-1번지,48330,32028,0,2557,0001,일반건축물,경상남도 양산시 도덕골길 25-1 (원동면 화제리),,,0,69.3,0,69.3,0,일반목구조,01000,주택,1,0
경상남도 양산시 원동면 화제리 2557-10번지,48330,32028,0,2557,0010,일반건축물,경상남도 양산시 도덕골길 25 (원동면 화제리),,,0,56.1,0,56.1,0,일반목구조,01000,주택,1,0
경상남도 양산시 원동면 화제리 2557-11번지,48330,32028,0,2557,0011,일반건축물,경상남도 양산시 도덕골길 23 (원동면 화제리),,,0,56.1,0,56.1,0,일반목구조,01000,주택,1,0
경상남도 양산시 원동면 화제리 2557-12번지,48330,32028,0,2557,0012,일반건축물,,,,0,49.5,0,69.3,0,일반목구조,01000,주택,1,0
경상남도 양산시 원동면 화제리 2557-13번지,48330,32028,0,2557,0013,일반건축물,경상남도 양산시 도덕골길 17-3 (원동면 화제리),,,0,56.1,0,56.1,0,일반목구조,01000,주택,1,0
경상남도 양산시 원동면 화제리 2557-17번지,48330,32028,0,2557,0017,일반건축물,경상남도 양산시 도덕골길 17-1 (원동면 화제리),,,0,0,0,66,0,일반목구조,01000,주택,1,0
경상남도 양산시 원동면 화제리 2557-18번지,48330,32028,0,2557,0018,일반건축물,경상남도 양산시 도덕골길 17 (원동면 화제리),,,442,82.29,18.62,82.29,18.62,벽돌구조,01000,농가용주택,1,0
경상남도 양산시 원동면 화제리 2558번지,48330,32028,0,2558,0000,일반건축물,경상남도 양산시 도덕골길 28 (원동면 화제리),,,0,118.86,0,118.86,0,벽돌구조,01000,주택,1,0
경상남도 양산시 원동면 화제리 2561번지,48330,32028,0,2561,0000,일반건축물,경상남도 양산시 도덕골길 24 (원동면 화제리),,,0,62.7,0,62.7,0,일반목구조,01000,주택,1,0
경상남도 양산시 원동면 화제리 2563번지,48330,32028,0,2563,0000,일반건축물,경상남도 양산시 도덕골길 20 (원동면 화제리),,,0,52.8,0,52.8,0,일반목구조,01000,주택,1,0
경상남도 양산시 원동면 화제리 2567-1번지,48330,32028,0,2567,0001,일반건축물,경상남도 양산시 도덕골길 16 (원동면 화제리),,,668,78.75,11.79,98.64,14.76,벽돌구조,01000,농가용주택,2,0
경상남도 양산시 원동면 화제리 2567-1번지,48330,32028,0,2567,0001,일반건축물,경상남도 양산시 도덕골길 16 (원동면 화제리),,,0,98,0,98,0,블록구조,21000,축사,1,0
경상남도 양산시 원동면 화제리 2567-2번지,48330,32028,0,2567,0002,일반건축물,경상남도 양산시 도덕골길 16-8 (원동면 화제리),,,600,239.2,39.86,239.2,39.86,조적구조,21000,동물관련시설,1,0
경상남도 양산시 원동면 화제리 2567-3번지,48330,32028,0,2567,0003,일반건축물,경상남도 양산시 도덕골길 14 (원동면 화제리),,,330.58,162.2,49.06,162.2,49.06,경량철골구조,18000,"창고, 퇴비사",1,0
경상남도 양산시 원동면 화제리 2568번지,48330,32028,0,2568,0000,일반건축물,경상남도 양산시 도덕골길 16-15 (원동면 화제리),,,651,101.5,15.59,101.5,15.59,블록구조,01000,단독주택,1,0
경상남도 양산시 원동면 화제리 2580번지,48330,32028,0,2580,0000,일반건축물,경상남도 양산시 도덕골길 11 (원동면 화제리),,,1157,178.08,15.39,178.08,15.39,경량철골구조,04000,제2종근린생활시설,1,0
경상남도 양산시 원동면 화제리 2601번지,48330,32028,0,2601,0000,일반건축물,경상남도 양산시 원동로 670 (원동면 화제리),,,0,192.8,0,192.8,0,블록구조,21000,축사,1,0
경상남도 양산시 원동면 화제리 2601-2번지,48330,32028,0,2601,0002,일반건축물,경상남도 양산시 원동로 670 (원동면 화제리),,,206,84.7,41.12,84.7,41.12,일반목구조,03000,근린생활시설,1,0
경상남도 양산시 원동면 화제리 2603-3번지,48330,32028,0,2603,0003,일반건축물,경상남도 양산시 원동로 670 (원동면 화제리),,,495,288.02,58.18,281.42,56.85,철근콘크리트구조,04000,"제2종근린생활시설,단독주택",1,0
경상남도 양산시 원동면 화제리 2645-1번지,48330,32028,0,2645,0001,일반건축물,경상남도 양산시 원동로 678 (원동면 화제리),,,1387,289.2,20.85,453.09,32.67,벽돌구조,04000,근린생활시설,2,0
경상남도 양산시 원동면 화제리 2645-4번지,48330,32028,0,2645,0004,일반건축물,경상남도 양산시 원동로 682 (원동면 화제리),,,1464,303.75,20.75,389.79,26.63,철근콘크리트구조,01000,"근린생활시설, 주택",2,0
경상남도 양산시 원동면 화제리 2648-3번지,48330,32028,0,2648,0003,일반건축물,경상남도 양산시 원동로 704 (원동면 화제리),,,0,205,0,205,0,일반목구조,17000,"주택, 공장",1,0
경상남도 양산시 원동면 화제리 2648-4번지,48330,32028,0,2648,0004,일반건축물,경상남도 양산시 원동로 712 (원동면 화제리),,제1동,437,81.6,18.67,81.6,18.67,철근콘크리트구조,01000,단독주택,1,0
경상남도 양산시 원동면 화제리 2648-9번지,48330,32028,0,2648,0009,일반건축물,경상남도 양산시 원동로 714 (원동면 화제리),,,0,49.5,0,49.5,0,일반목구조,01000,주택,1,0
경상남도 양산시 원동면 화제리 2682-3번지,48330,32028,0,2682,0003,일반건축물,경상남도 양산시 뻘등안길 20 (원동면 화제리),,,1914,330,17.24,330,17.24,일반철골구조,18000,창고시설,1,0
경상남도 양산시 원동면 화제리 2711-11번지,48330,32028,0,2711,0011,일반건축물,경상남도 양산시 뻘등길 102 (원동면 화제리),,1동,0,930.6,0,930.6,0,경량철골구조,21000,동물관련시설,1,0
경상남도 양산시 원동면 화제리 2711-11번지,48330,32028,0,2711,0011,일반건축물,경상남도 양산시 뻘등길 102 (원동면 화제리),,2동,0,380.7,0,380.7,0,경량철골구조,21000,동물관련시설,1,0
경상남도 양산시 원동면 화제리 2716번지,48330,32028,0,2716,0000,일반건축물,경상남도 양산시 뻘등길 102 (원동면 화제리),,,660,330,50,330,50,경량철골구조,21000,동물관련시설,1,0
경상남도 양산시 원동면 화제리 2716-12번지,48330,32028,0,2716,0012,일반건축물,경상남도 양산시 뻘등길 102 (원동면 화제리),,,5737,3334.5,58.12,3334.5,58.12,경량철골구조,21000,축사,1,0
경상남도 양산시 원동면 화제리 2718-1번지,48330,32028,0,2718,0001,일반건축물,,,,0,26.4,0,26.4,0,일반목구조,01000,주택,1,0
경상남도 양산시 원동면 화제리 2718-3번지,48330,32028,0,2718,0003,일반건축물,경상남도 양산시 원동로 751 (원동면 화제리),,,1877,492.36,26.23,492.36,26.23,조적구조,21000,동물관련시설,1,0
경상남도 양산시 원동면 화제리 2727-11번지,48330,32028,0,2727,0011,일반건축물,경상남도 양산시 원동로 731 (원동면 화제리),,,1256,625.32,49.79,620,49.36,철골콘크리트구조,21000,동물관련시설,1,0
경상남도 양산시 원동면 화제리 2727-14번지,48330,32028,0,2727,0014,일반건축물,경상남도 양산시 원동로 735 (원동면 화제리),,,1444,552.96,38.29,552.96,38.29,경량철골구조,21000,축사,1,0
경상남도 양산시 원동면 화제리 2730번지,48330,32028,0,2730,0000,일반건축물,경상남도 양산시 원동로 715-18 (원동면 화제리),그린하우스,저온저장고동,0,44.08,0,44.08,0,조립식판넬조,18000,제1종근린생활시설,1,0
경상남도 양산시 원동면 화제리 2730번지,48330,32028,0,2730,0000,일반건축물,경상남도 양산시 원동로 715-18 (원동면 화제리),그린하우스,,0,53.6,0,53.6,0,경량철골구조,03000,물탱크실,1,0
경상남도 양산시 원동면 화제리 2730번지,48330,32028,0,2730,0000,일반건축물,경상남도 양산시 원동로 715-18 (원동면 화제리),그린하우스,,3570.5,382.94,10.73,792.3,22.19,철근콘크리트구조,03000,제1종근린생활시설,3,0
경상남도 양산시 원동면 화제리 2730-3번지,48330,32028,0,2730,0003,일반건축물,경상남도 양산시 원동로 715-24 (원동면 화제리),,,4521,330,7.3,330,7.3,일반철골구조,18000,창고시설,1,0
경상남도 양산시 원동면 화제리 2734-3번지,48330,32028,0,2734,0003,일반건축물,경상남도 양산시 뻘등안길 4-15 (원동면 화제리),,,0,0,0,796.4,0,블록구조,01000,주택,1,0
경상남도 양산시 원동면 화제리 2735-5번지,48330,32028,0,2735,0005,일반건축물,경상남도 양산시 뻘등안길 4-3 (원동면 화제리),,6동,0,160,0,160,0,경량철골구조,21000,동물관련시설,1,0
경상남도 양산시 원동면 화제리 2735-5번지,48330,32028,0,2735,0005,일반건축물,경상남도 양산시 뻘등안길 4-3 (원동면 화제리),,4동,0,50.4,0,50.4,0,벽돌구조,21000,동물관련시설,1,0
경상남도 양산시 원동면 화제리 2735-5번지,48330,32028,0,2735,0005,일반건축물,경상남도 양산시 뻘등안길 4-3 (원동면 화제리),,2동,0,40,0,40,0,벽돌구조,21000,동물관련시설,1,0
경상남도 양산시 원동면 화제리 2735-5번지,48330,32028,0,2735,0005,일반건축물,경상남도 양산시 뻘등안길 4-3 (원동면 화제리),,3동,0,393.48,0,393.48,0,벽돌구조,21000,동물관련시설,1,0
경상남도 양산시 원동면 화제리 2735-5번지,48330,32028,0,2735,0005,일반건축물,경상남도 양산시 뻘등안길 4-3 (원동면 화제리),,5동,0,140,0,140,0,벽돌구조,21000,동물관련시설,1,0
경상남도 양산시 원동면 화제리 2735-8번지,48330,32028,0,2735,0008,일반건축물,,,,0,99,0,99,0,블록구조,21000,축사,1,0
경상남도 양산시 원동면 화제리 2736-2번지,48330,32028,0,2736,0002,일반건축물,경상남도 양산시 뻘등안길 4 (원동면 화제리),주1동,,0,0,0,26.4,0,블록구조,01000,주택,1,0
경상남도 양산시 원동면 화제리 2736-2번지,48330,32028,0,2736,0002,일반건축물,경상남도 양산시 뻘등안길 4 (원동면 화제리),주2동,,0,0,0,48.5,0,블록구조,01000,주택,1,0
경상남도 양산시 원동면 화제리 2736-3번지,48330,32028,0,2736,0003,일반건축물,경상남도 양산시 뻘등안길 4-3 (원동면 화제리),,,414,96.18,23.23,95.84,23.15,철근콘크리트구조,01000,단독주택,1,0
경상남도 양산시 원동면 화제리 2736-4번지,48330,32028,0,2736,0004,일반건축물,경상남도 양산시 뻘등안길 4-11 (원동면 화제리),,,668,183.2,27.43,183.2,27.43,벽돌구조,04000,"단독주택,제2종근린생활시설",1,0
경상남도 양산시 원동면 화제리 2736-7번지,48330,32028,0,2736,0007,일반건축물,경상남도 양산시 뻘등안길 4-8 (원동면 화제리),,,818.37,234.89,28.7,234.89,28.7,벽돌구조,21000,축사,1,0
경상남도 양산시 원동면 화제리 2736-8번지,48330,32028,0,2736,0008,일반건축물,경상남도 양산시 뻘등안길 4-14 (원동면 화제리),,,820,332.75,40.58,332.75,40.58,경량철골구조,22000,분뇨.쓰레기처리시설,1,0
경상남도 양산시 원동면 화제리 2736-8번지,48330,32028,0,2736,0008,일반건축물,경상남도 양산시 뻘등안길 4-14 (원동면 화제리),,,0,2.8,0,2.8,0,경량철골구조,22000,분뇨.쓰레기처리시설,1,0
경상남도 양산시 원동면 화제리 2770번지,48330,32028,0,2770,0000,일반건축물,경상남도 양산시 뻘등길 102 (원동면 화제리),,2동,0,486,0,486,0,경량철골구조,21000,동물및식물관련시설,1,0
경상남도 양산시 원동면 화제리 2770번지,48330,32028,0,2770,0000,일반건축물,경상남도 양산시 뻘등길 102 (원동면 화제리),,1동,0,486,0,486,0,경량철골구조,21000,동물및식물관련시설,1,0
경상남도 양산시 원동면 화제리 2770-3번지,48330,32028,0,2770,0003,일반건축물,경상남도 양산시 뻘등길 102-1 (원동면 화제리),,,370,73.84,19.96,73.84,19.96,철근콘크리트구조,22000,분뇨.쓰레기처리시설,1,0
경상남도 양산시 원동면 화제리 2770-4번지,48330,32028,0,2770,0004,일반건축물,경상남도 양산시 뻘등길 96 (원동면 화제리),,,0,330.6,0,488.99,0,철근콘크리트구조,21000,동.식물관련시설,2,0
경상남도 양산시 원동면 화제리 2770-4번지,48330,32028,0,2770,0004,일반건축물,경상남도 양산시 뻘등길 96 (원동면 화제리),,,2790,205.56,7.37,330.69,11.85,철근콘크리트구조,21000,동물및식물관련시설,2,0
경상남도 양산시 원동면 화제리 2824번지,48330,32028,0,2824,0000,일반건축물,,,,6316,180.04,2.85,288.44,4.57,철근콘크리트구조,03000,제1종근린생활시설,2,0
경상남도 양산시 원동면 화제리 2841-13번지,48330,32028,0,2841,0013,일반건축물,경상남도 양산시 원동로 490-44 (원동면 화제리),,,651,71.01,10.91,96.75,14.861751,일반목구조,01000,단독주택,2,0
경상남도 양산시 원동면 화제리 2842번지,48330,32028,0,2842,0000,일반건축물,경상남도 양산시 원동로 490-56 (원동면 화제리),,1동,619,117.83,19.035541,172.9,27.932148,철근콘크리트구조,01000,단독주택,2,0
경상남도 양산시 원동면 화제리 2842-8번지,48330,32028,0,2842,0008,일반건축물,경상남도 양산시 원동로 490-70 (원동면 화제리),,,845,64.32,7.61,93.82,11.1,철근콘크리트구조,01000,단독주택,2,0
경상남도 양산시 원동면 화제리 2842-17번지,48330,32028,0,2842,0017,일반건축물,경상남도 양산시 원동로 490-58 (원동면 화제리),,1동,1706,88.02,5.16,118.62,6.95,일반목구조,01000,단독주택,2,0
경상남도 양산시 원동면 화제리 2842-19번지,48330,32028,0,2842,0019,일반건축물,경상남도 양산시 원동로 490-76 (원동면 화제리),,제1동,664,111.64,16.81,65.05,9.8,경량철골구조,01000,단독주택,1,0
경상남도 양산시 원동면 화제리 2870-1번지,48330,32028,0,2870,0001,일반건축물,경상남도 양산시 토교길 3 (원동면 화제리),,,0,63.4,0,63.4,0,블록구조,01000,주택,1,0
경상남도 양산시 원동면 화제리 2870-2번지,48330,32028,0,2870,0002,일반건축물,경상남도 양산시 토교길 5 (원동면 화제리),,1동,331,65.61,19.82,141.48,29.33,일반철골구조,01000,단독주택,2,0
경상남도 양산시 원동면 화제리 2870-2번지,48330,32028,0,2870,0002,일반건축물,경상남도 양산시 토교길 5 (원동면 화제리),,2동,331,0,0,44.4,0,철근콘크리트구조,01000,단독주택,0,1
경상남도 양산시 원동면 화제리 2870-4번지,48330,32028,0,2870,0004,일반건축물,경상남도 양산시 토교길 7 (원동면 화제리),,,0,62.2,0,62.2,0,블록구조,01000,주택,1,0
경상남도 양산시 원동면 화제리 2870-5번지,48330,32028,0,2870,0005,일반건축물,경상남도 양산시 토교길 9 (원동면 화제리),,,333,53,15.92,53,15.92,블록구조,01000,단독주택,1,0
경상남도 양산시 원동면 화제리 2870-11번지,48330,32028,0,2870,0011,일반건축물,경상남도 양산시 토교길 2 (원동면 화제리),,,0,63.7,0,63.7,0,블록구조,01000,주택,1,0
경상남도 양산시 원동면 화제리 2870-12번지,48330,32028,0,2870,0012,일반건축물,경상남도 양산시 토교길 2-1 (원동면 화제리),,,0,54.32,0,54.32,0,블록구조,01000,주택,1,0
경상남도 양산시 원동면 화제리 2871-1번지,48330,32028,0,2871,0001,일반건축물,경상남도 양산시 뻘등길 18 (원동면 화제리),,,0,401.5,0,433.5,0,철근콘크리트구조,17000,공장,2,0
경상남도 양산시 원동면 화제리 2873-1번지,48330,32028,0,2873,0001,일반건축물,경상남도 양산시 토교길 1 (원동면 화제리),,,0,0,0,44.46,0,블록구조,01000,사택,1,0
경상남도 양산시 원동면 화제리 2876-3번지,48330,32028,0,2876,0003,일반건축물,경상남도 양산시 뻘등길 8 (원동면 화제리),,,497,98.6,19.84,295.8,59.52,일반철골구조,04000,"제2종근린생활시설,단독주택",4,0
경상남도 양산시 원동면 화제리 2892-4번지,48330,32028,0,2892,0004,일반건축물,경상남도 양산시 뻘등길 54-3 (원동면 화제리),,제1동,708,84,11.86,84,11.86,경량철골구조,03000,제1종근린생활시설,1,0
경상남도 양산시 원동면 화제리 2893-31번지,48330,32028,0,2893,0031,일반건축물,경상남도 양산시 뻘등길 40 (원동면 화제리),,,0,160,0,160,0,블록구조,03000,양수장,1,0
경상남도 양산시 원동면 화제리 2920-6번지,48330,32028,0,2920,0006,일반건축물,경상남도 양산시 뻘등길 35-52 (원동면 화제리),,,0,55,0,55,0,경량철골구조,03000,제1종근린생활시설,1,0
경상남도 양산시 원동면 화제리 2926번지,48330,32028,0,2926,0000,일반건축물,,,,0,133,0,133,0,블록구조,18000,창고,1,0
경상남도 양산시 원동면 화제리 2937번지,48330,32028,0,2937,0000,일반건축물,경상남도 양산시 토교길 26 (원동면 화제리),,,585,90.3,30.77,90.3,30.77,벽돌구조,01000,단독주택,1,0
경상남도 양산시 원동면 화제리 2937번지,48330,32028,0,2937,0000,일반건축물,경상남도 양산시 토교길 28 (원동면 화제리),,,585,89.7,15.33,85.4,14.6,벽돌구조,03000,근린공공시설(마을회관),1,0
경상남도 양산시 원동면 화제리 2938번지,48330,32028,0,2938,0000,일반건축물,,,,0,0,0,49.6,0,블록구조,01000,주택,1,0
경상남도 양산시 원동면 화제리 2938-2번지,48330,32028,0,2938,0002,일반건축물,경상남도 양산시 토교길 27 (원동면 화제리),,,0,49.6,0,49.6,0,블록구조,01000,주택,1,0
경상남도 양산시 원동면 화제리 2939번지,48330,32028,0,2939,0000,일반건축물,경상남도 양산시 토교길 23-1 (원동면 화제리),,,0,56.2,0,56.2,0,블록구조,01000,주택,1,0
경상남도 양산시 원동면 화제리 2941-4번지,48330,32028,0,2941,0004,일반건축물,경상남도 양산시 토교길 29 (원동면 화제리),,,0,49.6,0,49.6,0,블록구조,01000,주택,1,0
경상남도 양산시 원동면 화제리 2941-5번지,48330,32028,0,2941,0005,일반건축물,경상남도 양산시 토교길 31 (원동면 화제리),,,0,49.6,0,49.6,0,블록구조,01000,주택,1,0
경상남도 양산시 원동면 화제리 2941-6번지,48330,32028,0,2941,0006,일반건축물,경상남도 양산시 토교길 33 (원동면 화제리),,,0,59.5,0,59.5,0,블록구조,01000,주택,1,0
경상남도 양산시 원동면 화제리 2941-8번지,48330,32028,0,2941,0008,일반건축물,경상남도 양산시 토교길 23-2 (원동면 화제리),,,0,49.6,0,49.6,0,블록구조,01000,주택,1,0
경상남도 양산시 원동면 화제리 2941-13번지,48330,32028,0,2941,0013,일반건축물,경상남도 양산시 토교길 23-5 (원동면 화제리),,,0,49.6,0,49.6,0,블록구조,01000,주택,1,0
경상남도 양산시 원동면 화제리 2942-3번지,48330,32028,0,2942,0003,일반건축물,,,,0,49.6,0,49.6,0,블록구조,01000,주택,1,0
경상남도 양산시 원동면 화제리 2961-2번지,48330,32028,0,2961,0002,일반건축물,경상남도 양산시 원동로 299 (원동면 화제리),,,10697,436.61,4.08,572.61,5.35,철근콘크리트구조,17000,공장,2,0
경상남도 양산시 원동면 화제리 2965-1번지,48330,32028,0,2965,0001,일반건축물,경상남도 양산시 원동로 326 (원동면 화제리),,,0,0,0,684.36,0,철근콘크리트구조,17000,공장,4,0
경상남도 양산시 원동면 화제리 2965-1번지,48330,32028,0,2965,0001,일반건축물,경상남도 양산시 원동로 326 (원동면 화제리),,,9499,583.24,6.14,295,3.11,경량철골구조,17000,일반공장,1,0
경상남도 양산시 원동면 화제리 3094-3번지,48330,32028,0,3094,0003,일반건축물,경상남도 양산시 원동로 715-33 (원동면 화제리),,제1동,905,162.18,17.92,162.18,17.92,벽돌구조,03000,제1종근린생활시설,1,0
경상남도 양산시 원동면 화제리 3105-9번지,48330,32028,0,3105,0009,일반건축물,경상남도 양산시 화제로 29-22 (원동면 화제리),,,1820,330,18.13,330,18.13,일반철골구조,21000,동.식물관련시설,1,0
경상남도 양산시 원동면 화제리 3109-6번지,48330,32028,0,3109,0006,일반건축물,경상남도 양산시 화제로 425-9 (원동면 화제리),,제1동,661,124.65,18.86,199.8,30.23,일반철골구조,04000,제2종근린생활시설,2,0
경상남도 양산시 원동면 화제리 산42-5번지,48330,32028,1,0042,0005,일반건축물,,,,0,0,0,160.05,0,벽돌구조,Z5000,"대웅전, 기도실, 산신각, 요사체",1,0
경상남도 양산시 원동면 화제리 산48-9번지,48330,32028,1,0048,0009,일반건축물,경상남도 양산시 명언뒷등길 40-37 (원동면 화제리),,1동,0,28.8,0,28.8,0,경량철골구조,03000,제1종근린생활시설,1,0
경상남도 양산시 원동면 화제리 산48-9번지,48330,32028,1,0048,0009,일반건축물,경상남도 양산시 명언뒷등길 40-37 (원동면 화제리),,2동,0,28.8,0,28.8,0,경량철골구조,03000,제1종근린생활시설,1,0
경상남도 양산시 원동면 화제리 산65번지,48330,32028,1,0065,0000,일반건축물,,,,0,18.2,0,18.2,0,일반목구조,01000,주택,1,0
경상남도 양산시 원동면 화제리 산65번지,48330,32028,1,0065,0000,일반건축물,,,,0,18.2,0,18.2,0,일반목구조,01000,주택,1,0
경상남도 양산시 원동면 화제리 산65-23번지,48330,32028,1,0065,0023,일반건축물,,,,0,65,0,65,0,블록구조,01000,주택,1,0
경상남도 양산시 원동면 화제리 산72번지,48330,32028,1,0072,0000,일반건축물,,,,0,26.4,0,26.4,0,일반목구조,01000,주택,1,0
경상남도 양산시 원동면 화제리 산72-2번지,48330,32028,1,0072,0002,일반건축물,,,,0,0,0,3410.8,0,일반목구조,04000,"사무실, 채광사무실",1,0
경상남도 양산시 원동면 화제리 산72-4번지,48330,32028,1,0072,0004,일반건축물,경상남도 양산시 원동로 285 (원동면 화제리),임경대 공용화장실,,1610,68.81,4.27,50.83,3.16,철근콘크리트구조,03000,제1종근린생활시설(공중화장실),1,0
경상남도 양산시 원동면 화제리 산226-40번지,48330,32028,1,0226,0040,일반건축물,,,,0,66,0,66,0,블록구조,01000,주택,1,0
경상남도 양산시 원동면 화제리 산240-3번지,48330,32028,1,0240,0003,일반건축물,경상남도 양산시 명언뒷등길 116 (원동면 화제리),,,26027,1608.05,6.17,1608.05,6.17,경량철골구조,21000,동물관련시설,1,0
경상남도 양산시 원동면 화제리 산241-1번지,48330,32028,1,0241,0001,일반건축물,경상남도 양산시 명언뒷등길 100-50 (원동면 화제리),,1동,5132,371.41,6.43,371.41,6.43,블록구조,21000,동.식물관련시설,1,0
경상남도 양산시 원동면 화제리 산241-1번지,48330,32028,1,0241,0001,일반건축물,경상남도 양산시 명언뒷등길 100-50 (원동면 화제리),,2동,0,84,0,84,0,경량철골구조,21000,동.식물관련시설,1,0
경상남도 양산시 원동면 화제리 산241-6번지,48330,32028,1,0241,0006,일반건축물,경상남도 양산시 명언뒷등길 100-52 (원동면 화제리),,,4049,433.41,9.68,433.41,9.68,블록구조,21000,동.식물관련시설,1,0
경상남도 양산시 원동면 화제리 산241-6번지,48330,32028,1,0241,0006,일반건축물,경상남도 양산시 명언뒷등길 100-52 (원동면 화제리),,,4049,62,1.53,62,1.53,강파이프구조,21000,동ㆍ식물관련시설(퇴비사),1,0
경상남도 양산시 원동면 화제리 산246-3번지,48330,32028,1,0246,0003,일반건축물,,,,3833,132,3.44,132,3.44,경량철골구조,21000,우사퇴비사,1,0
경상남도 양산시 원동면 화제리 산250번지,48330,32028,1,0250,0000,일반건축물,,,,0,23.1,0,23.1,0,일반목구조,01000,주택,1,0
경상남도 양산시 원동면 화제리 산325-4번지,48330,32028,1,0325,0004,일반건축물,경상남도 양산시 감토봉길 34-2 (원동면 화제리),,1동,782,149.76,19.15,149.76,19.15,일반목구조,04000,제2종근린생활시설,1,0
경상남도 양산시 원동면 화제리 산373-5번지,48330,32028,1,0373,0005,일반건축물,경상남도 양산시 성지골길 93-1 (원동면 화제리),,,650,110.5,17,110.5,17,경량철골구조,21000,동.식물관련시설,1,0
