대지위치,시군구코드,법정동코드,대지구분코드,번,지,대장종류코드명,도로명대지위치,건물명,동명칭,대지면적(㎡),건축면적(㎡),건폐율(%),연면적(㎡),용적률(%),구조코드명,주용도코드,기타용도,지상층수,지하층수
경상남도 양산시 주남동 ,48330,11600,0,0000,0000,일반건축물,,,,0,13.22,0,13,0,블록구조,18000,,0,0
경상남도 양산시 주남동 ,48330,11600,0,0000,0000,일반건축물,,,,0,49.58,0,49.58,0,일반목구조,01000,주택,1,0
경상남도 양산시 주남동 ,48330,11600,0,0000,0000,일반건축물,,,,0,717.34,0,717.34,0,블록구조,01000,주택,1,0
경상남도 양산시 주남동 ,48330,11600,0,0000,0000,일반건축물,,,,0,231.4,0,231,0,블록구조,21000,,0,0
경상남도 양산시 주남동 ,48330,11600,0,0000,0000,일반건축물,,,,0,23.14,0,23,0,블록구조,18000,,0,0
경상남도 양산시 주남동 ,48330,11600,0,0000,0000,일반건축물,,,,0,403.03,0,403,0,블록구조,21000,,0,0
경상남도 양산시 주남동 10번지,48330,11600,0,0010,0000,일반건축물,경상남도 양산시 주남로 14-41 (주남동),,,8901,1634.94,18.37,1631.44,18.33,기타조적구조,17000,"공장,제2종근린생활시설",1,0
경상남도 양산시 주남동 16번지,48330,11600,0,0016,0000,일반건축물,경상남도 양산시 주남로 14-37 (주남동),,주1,6570,495,7.53,495,7.53,일반철골구조,04000,제2종근린생활시설,1,0
경상남도 양산시 주남동 16번지,48330,11600,0,0016,0000,일반건축물,경상남도 양산시 주남로 14-37 (주남동),,주2,6570,495,7.53,495,7.53,일반철골구조,04000,제2종근린생활시설,1,0
경상남도 양산시 주남동 31-1번지,48330,11600,0,0031,0001,일반건축물,경상남도 양산시 주남로 16 (주남동),,,987,271,27.46,494.1,50.06,철근콘크리트구조,04000,근린생활시설,2,0
경상남도 양산시 주남동 38-5번지,48330,11600,0,0038,0005,일반건축물,,,,0,671.06,0,671.06,0,블록구조,01000,주택,1,0
경상남도 양산시 주남동 49-1번지,48330,11600,0,0049,0001,일반건축물,경상남도 양산시 주남로 47 (주남동),,,1227.9,492.27,40.09,492.27,40.09,철근콘크리트구조,03000,제1종 및 제2종근린생활시설,1,0
경상남도 양산시 주남동 49-3번지,48330,11600,0,0049,0003,일반건축물,경상남도 양산시 대평들3길 34 (주남동),,,1408.1,461.1,32.75,461.1,32.75,일반철골구조,04000,제2종근린생활시설,1,0
경상남도 양산시 주남동 49-4번지,48330,11600,0,0049,0004,일반건축물,경상남도 양산시 주남로 41 (주남동),,,625.3,48,7.6763153,48,7.6763153,경량철골구조,03000,제1종근린생활시설,1,0
경상남도 양산시 주남동 49-4번지,48330,11600,0,0049,0004,일반건축물,경상남도 양산시 주남로 41 (주남동),,,625.3,311.98,49.89,311.98,49.89,철근콘크리트구조,03000,제1종근린생활시설,1,0
경상남도 양산시 주남동 49-5번지,48330,11600,0,0049,0005,일반건축물,경상남도 양산시 주남로 39 (주남동),,,657.6,233.24,35.47,231,35.13,철근콘크리트구조,11000,노유자시설,1,0
경상남도 양산시 주남동 49-7번지,48330,11600,0,0049,0007,일반건축물,경상남도 양산시 주남로 37 (주남동),,,1179.3,99.76,8.46,99.76,8.46,경량철골구조,20000,자동차관련시설(세차장),1,0
경상남도 양산시 주남동 49-7번지,48330,11600,0,0049,0007,일반건축물,경상남도 양산시 주남로 37 (주남동),,,0,18,0,18,0,경량철골구조,20000,자동차관련시설(세차장 부속 기계실),1,0
경상남도 양산시 주남동 50-2번지,48330,11600,0,0050,0002,일반건축물,경상남도 양산시 주남로 29 (주남동),,,959.5,165,17.2,165,17.2,경량철골구조,04000,"제2종근린생활시설,자동차관련시설",1,0
경상남도 양산시 주남동 50-4번지,48330,11600,0,0050,0004,일반건축물,경상남도 양산시 주남로 25 (주남동),홍성카센터,주건축물제1동,647.7,76.05,11.74,76.05,11.74,일반철골구조,04000,제2종근린생활시설,1,0
경상남도 양산시 주남동 50-7번지,48330,11600,0,0050,0007,일반건축물,경상남도 양산시 대평들4길 6 (주남동),,,358.2,166,46.34,166,46.34,경량철골구조,04000,제2종근린생활시설,1,0
경상남도 양산시 주남동 51-1번지,48330,11600,0,0051,0001,일반건축물,경상남도 양산시 주남로 21 (주남동),,2동,0,33.46,0,59.36,0,일반철골구조,04000,제2종근린생활시설,2,0
경상남도 양산시 주남동 51-1번지,48330,11600,0,0051,0001,일반건축물,경상남도 양산시 주남로 21 (주남동),,1동,0,116,0,116,0,경량철골구조,04000,제2종근린생활시설,1,0
경상남도 양산시 주남동 51-2번지,48330,11600,0,0051,0002,일반건축물,경상남도 양산시 주남로 19 (주남동),,주건축물제1동,402.3,238.5,59.28,433.5,107.76,철근콘크리트구조,04000,제2종근린생활시설,2,0
경상남도 양산시 주남동 51-5번지,48330,11600,0,0051,0005,일반건축물,경상남도 양산시 소주회야로 175 (주남동),,,478.7,151.32,31.61,459.48,66.25,철근콘크리트구조,04000,제2종근린생활시설,3,1
경상남도 양산시 주남동 51-6번지,48330,11600,0,0051,0006,일반건축물,경상남도 양산시 대평들3길 2 (주남동),,,307.4,183.18,59.59,366.36,119.18,철근콘크리트구조,04000,"제2종근린생활시설(일반음식점, 사무소)",2,0
경상남도 양산시 주남동 51-9번지,48330,11600,0,0051,0009,일반건축물,경상남도 양산시 대평들3길 10 (주남동),,2동,291.1,11.25,3.86,11.25,3.86,경량철골구조,04000,제2종근린생활시설,1,0
경상남도 양산시 주남동 51-9번지,48330,11600,0,0051,0009,일반건축물,경상남도 양산시 대평들3길 10 (주남동),,1동,291.1,91.75,31.52,91.75,31.52,일반철골구조,04000,제2종근린생활시설,1,0
경상남도 양산시 주남동 51-11번지,48330,11600,0,0051,0011,일반건축물,경상남도 양산시 대평들3길 4 (주남동),,,209.5,124.2,59.284,248.4,118.568,일반철골구조,03000,"제1,2종근린생활시설",2,0
경상남도 양산시 주남동 51-12번지,48330,11600,0,0051,0012,일반건축물,경상남도 양산시 대평들3길 8 (주남동),,,396.2,219.3,55.35,414.3,104.57,철근콘크리트구조,04000,제2종근린생활시설,2,0
경상남도 양산시 주남동 52-2번지,48330,11600,0,0052,0002,일반건축물,경상남도 양산시 대평들4길 11 (주남동),,,1926.3,541.6,28.12,541.6,28.12,일반철골구조,03000,제1종근린생활시설(소매점),1,0
경상남도 양산시 주남동 52-3번지,48330,11600,0,0052,0003,일반건축물,경상남도 양산시 대평들2길 4 (주남동),,,163.2,96.8,59.31,193.6,118.63,일반철골구조,03000,제1종근린생활시설,2,0
경상남도 양산시 주남동 52-5번지,48330,11600,0,0052,0005,일반건축물,경상남도 양산시 소주회야로 169 (주남동),,,656.6,72,10.97,72,10.97,경량철골구조,01000,단독주택,1,0
경상남도 양산시 주남동 52-7번지,48330,11600,0,0052,0007,일반건축물,경상남도 양산시 소주회야로 165 (주남동),,,842.5,365.46,43.38,467.72,55.52,철근콘크리트구조,04000,제2종근린생활시설,2,0
경상남도 양산시 주남동 53-1번지,48330,11600,0,0053,0001,일반건축물,경상남도 양산시 대평들3길 13 (주남동),,제1동,661,377.53,57.11,899.05,136.01,철근콘크리트구조,04000,"제2종근린생활시설,제1종근린생활시설,단독주택",3,0
경상남도 양산시 주남동 54-1번지,48330,11600,0,0054,0001,일반건축물,경상남도 양산시 대평들5길 7 (주남동),,,694.1,373.66,53.83,373.66,53.83,경량철골구조,11000,노유자시설,1,0
경상남도 양산시 주남동 54-2번지,48330,11600,0,0054,0002,표제부,경상남도 양산시 대평들5길 9 (주남동),휴먼빌라,1동,0,361.34,0,1168.82,0,철근콘크리트구조,02000,도시형생활주택(연립주택),4,0
경상남도 양산시 주남동 54-2번지,48330,11600,0,0054,0002,표제부,경상남도 양산시 대평들5길 9 (주남동),휴먼빌라,2동,0,148.19,0,235.9,0,철근콘크리트구조,02000,도시형생활주택(다세대주택),2,0
경상남도 양산시 주남동 54-3번지,48330,11600,0,0054,0003,일반건축물,경상남도 양산시 대평들5길 13 (주남동),,,265,158,59.62,462,174.34,철근콘크리트구조,03000,"제1,2종근린생활시설,단독주택",3,0
경상남도 양산시 주남동 54-4번지,48330,11600,0,0054,0004,일반건축물,경상남도 양산시 대평들3길 15-14 (주남동),,,273,160.65,58.85,466.11,170.74,철근콘크리트구조,01000,"다가구주택, 제1종근린생활시설",4,0
경상남도 양산시 주남동 54-6번지,48330,11600,0,0054,0006,일반건축물,경상남도 양산시 대평들3길 15-8 (주남동),,,556.4,255.89,45.99,594.48,106.84,철근콘크리트구조,04000,제2종근린생활시설,3,0
경상남도 양산시 주남동 54-9번지,48330,11600,0,0054,0009,일반건축물,경상남도 양산시 대평들5길 15 (주남동),,,396.7,236.6,59.64,236.6,59.64,경량철골구조,03000,제1종근린생활시설,1,0
경상남도 양산시 주남동 54-10번지,48330,11600,0,0054,0010,일반건축물,경상남도 양산시 대평들2길 16 (주남동),,,361,183.81,50.92,277.07,76.75,철근콘크리트구조,04000,단독주택,2,0
경상남도 양산시 주남동 54-11번지,48330,11600,0,0054,0011,일반건축물,경상남도 양산시 대평들3길 15-16 (주남동),,,273,160.65,58.85,443.61,162.49,철근콘크리트구조,01000,단독주택,4,0
경상남도 양산시 주남동 54-12번지,48330,11600,0,0054,0012,일반건축물,경상남도 양산시 대평들2길 14 (주남동),,,192.6,106.23,55.16,311.74,161.86,철근콘크리트구조,01000,"단독주택, 제2종근린생활시설",3,0
경상남도 양산시 주남동 55-1번지,48330,11600,0,0055,0001,표제부,경상남도 양산시 대평들5길 16 (주남동),양산웅상신원아침도시,103동,0,278.1655,0,4006.5827,0,철근콘크리트구조,02000,공동주택(아파트),20,0
경상남도 양산시 주남동 55-1번지,48330,11600,0,0055,0001,표제부,경상남도 양산시 대평들5길 16 (주남동),양산웅상신원아침도시,112동,0,0,0,14729.288,0,철근콘크리트구조,02000,지하주차장,0,1
경상남도 양산시 주남동 55-1번지,48330,11600,0,0055,0001,표제부,경상남도 양산시 대평들5길 16 (주남동),양산웅상신원아침도시,101동,0,598.2642,0,20032.8144,0,철근콘크리트구조,02000,공동주택(아파트),19,0
경상남도 양산시 주남동 55-1번지,48330,11600,0,0055,0001,표제부,경상남도 양산시 대평들5길 16 (주남동),양산웅상신원아침도시,109동,0,545.3284,0,9066.6948,0,철근콘크리트구조,02000,공동주택(아파트),21,0
경상남도 양산시 주남동 55-1번지,48330,11600,0,0055,0001,표제부,경상남도 양산시 대평들5길 16 (주남동),양산웅상신원아침도시,107동,0,626.7134,0,10720.4206,0,철근콘크리트구조,02000,공동주택(아파트),21,0
경상남도 양산시 주남동 55-1번지,48330,11600,0,0055,0001,표제부,경상남도 양산시 대평들5길 16 (주남동),양산웅상신원아침도시,102동,0,833.0989,0,14161.4859,0,철근콘크리트구조,02000,공동주택(아파트),22,0
경상남도 양산시 주남동 55-1번지,48330,11600,0,0055,0001,표제부,경상남도 양산시 대평들5길 16 (주남동),양산웅상신원아침도시,104동,0,833.0989,0,14727.1736,0,철근콘크리트구조,02000,공동주택(아파트),23,0
경상남도 양산시 주남동 55-1번지,48330,11600,0,0055,0001,표제부,경상남도 양산시 대평들5길 16 (주남동),양산웅상신원아침도시,110동,0,309.6,0,778.2902,0,철근콘크리트구조,02000,"종합부대복리관(주민공동시설,경로당,보육시설,문고,관리사무소)",2,1
경상남도 양산시 주남동 55-1번지,48330,11600,0,0055,0001,표제부,경상남도 양산시 대평들5길 16 (주남동),양산웅상신원아침도시,115동,0,16,0,16,0,철근콘크리트구조,02000,가스정압실,1,0
경상남도 양산시 주남동 55-1번지,48330,11600,0,0055,0001,표제부,경상남도 양산시 대평들5길 16 (주남동),양산웅상신원아침도시,114동,0,0,0,206.25,0,철근콘크리트구조,02000,전기실,0,1
경상남도 양산시 주남동 55-1번지,48330,11600,0,0055,0001,표제부,경상남도 양산시 대평들5길 16 (주남동),양산웅상신원아침도시,108동,0,556.331,0,8893.3446,0,철근콘크리트구조,02000,공동주택(아파트),22,0
경상남도 양산시 주남동 55-1번지,48330,11600,0,0055,0001,표제부,경상남도 양산시 대평들5길 16 (주남동),양산웅상신원아침도시,113동,0,0,0,114.66,0,철근콘크리트구조,02000,기계실,0,1
경상남도 양산시 주남동 55-1번지,48330,11600,0,0055,0001,표제부,경상남도 양산시 대평들5길 16 (주남동),양산웅상신원아침도시,105동,0,272.6642,0,4188.3262,0,철근콘크리트구조,02000,공동주택(아파트),19,0
경상남도 양산시 주남동 55-1번지,48330,11600,0,0055,0001,표제부,경상남도 양산시 대평들5길 16 (주남동),양산웅상신원아침도시,106동,0,553.6284,0,9293.8493,0,철근콘크리트구조,02000,공동주택(아파트),23,0
경상남도 양산시 주남동 55-1번지,48330,11600,0,0055,0001,표제부,경상남도 양산시 대평들5길 16 (주남동),양산웅상신원아침도시,111동,0,285.9,0,643.86,0,철근콘크리트구조,04000,제2종근린생활시설,1,1
경상남도 양산시 주남동 56-1번지,48330,11600,0,0056,0001,일반건축물,경상남도 양산시 대평들2길 17 (주남동),,,271.1,174.72,64.45,174.72,64.45,경량철골구조,04000,제2종근린생활시설,1,0
경상남도 양산시 주남동 56-2번지,48330,11600,0,0056,0002,일반건축물,경상남도 양산시 대평들2길 15 (주남동),,,274,147.98,54.01,267.17,97.51,철근콘크리트구조,03000,"제1종근린생활시설(소매점),단독주택",2,0
경상남도 양산시 주남동 56-3번지,48330,11600,0,0056,0003,일반건축물,경상남도 양산시 대평들5길 19 (주남동),,B동,0,182.56,0,563.92,0,철근콘크리트구조,01000,단독주택,4,0
경상남도 양산시 주남동 56-3번지,48330,11600,0,0056,0003,일반건축물,경상남도 양산시 대평들5길 19 (주남동),,A동,0,182.56,0,563.92,0,철근콘크리트구조,01000,단독주택,4,0
경상남도 양산시 주남동 56-8번지,48330,11600,0,0056,0008,일반건축물,경상남도 양산시 대평들2길 11-20 (주남동),,,606.2,342.24,56.46,323.51,53.37,철근콘크리트구조,04000,제2종근린생활시설,1,0
경상남도 양산시 주남동 56-10번지,48330,11600,0,0056,0010,일반건축물,경상남도 양산시 대평들2길 11-14 (주남동),,,252.6,140.3,55.54,392.4,155.34,철근콘크리트구조,04000,"제2종근린생활시설, 단독주택",3,0
경상남도 양산시 주남동 56-11번지,48330,11600,0,0056,0011,일반건축물,경상남도 양산시 대평들2길 11-10 (주남동),,,252.6,148.86,58.93,243.9,96.56,철근콘크리트구조,04000,"제2종근린생활시설, 단독주택",2,0
경상남도 양산시 주남동 57-2번지,48330,11600,0,0057,0002,일반건축물,경상남도 양산시 대평들2길 11-15 (주남동),,,719.9,342.2,47.53,494.2,68.65,일반철골구조,04000,제2종근린생활시설,2,0
경상남도 양산시 주남동 57-3번지,48330,11600,0,0057,0003,일반건축물,경상남도 양산시 대평들2길 11-17 (주남동),,,533.2,146.1,27.4,146.1,27.4,경량철골구조,04000,제2종근린생활시설,1,0
경상남도 양산시 주남동 57-4번지,48330,11600,0,0057,0004,일반건축물,경상남도 양산시 대평들1길 8 (주남동),,,498.2,272.98,54.79,272.98,54.79,일반철골구조,04000,제2종근린생활시설,1,0
경상남도 양산시 주남동 57-6번지,48330,11600,0,0057,0006,일반건축물,경상남도 양산시 대평들4길 26 (주남동),,,668.2,219.82,32.9,219.82,32.9,경량철골구조,04000,"단독주택,제2종근린생활시설",1,0
경상남도 양산시 주남동 57-7번지,48330,11600,0,0057,0007,일반건축물,경상남도 양산시 대평들4길 22 (주남동),,,198.5,106.08,53.44,172.36,86.83,일반철골구조,04000,"단독주택,제2종근린생활시설",2,0
경상남도 양산시 주남동 57-8번지,48330,11600,0,0057,0008,일반건축물,경상남도 양산시 대평들4길 20-1 (주남동),,,346.6,140.28,40.47,140.28,40.47,경량철골구조,01000,단독주택,1,0
경상남도 양산시 주남동 57-9번지,48330,11600,0,0057,0009,일반건축물,경상남도 양산시 대평들4길 20 (주남동),,,343.2,205.4,59.85,318.44,92.79,일반철골구조,03000,"단독주택,제1종근린생활시설",2,0
경상남도 양산시 주남동 57-10번지,48330,11600,0,0057,0010,일반건축물,경상남도 양산시 대평들2길 7 (주남동),,제1동,300.3,179.76,59.86,635.21,211.53,철근콘크리트구조,01000,"단독주택(다가구,소매점,사무소)",4,0
경상남도 양산시 주남동 58-1번지,48330,11600,0,0058,0001,일반건축물,경상남도 양산시 대평들4길 17 (주남동),,,1176.9,394.53,33.52,394.53,33.52,경량철골구조,04000,제2종근린생활시설,1,0
경상남도 양산시 주남동 58-2번지,48330,11600,0,0058,0002,일반건축물,경상남도 양산시 소주회야로 161 (주남동),,,640.5,222.6,34.75,491.4,76.72,철근콘크리트구조,03000,근린생활시설,3,0
경상남도 양산시 주남동 58-3번지,48330,11600,0,0058,0003,일반건축물,경상남도 양산시 소주회야로 155 (주남동),,,540.6,288.19,53.31,688.07,127.28,일반철골구조,04000,"제1,2종근린생활시설",3,0
경상남도 양산시 주남동 58-6번지,48330,11600,0,0058,0006,일반건축물,경상남도 양산시 소주회야로 157 (주남동),,,576.5,221.6,38.44,490.4,85.07,철근콘크리트구조,03000,근린생활시설,3,0
경상남도 양산시 주남동 58-7번지,48330,11600,0,0058,0007,일반건축물,경상남도 양산시 대평들4길 21 (주남동),,,231,130.01,56.28,260.02,112.56,철근콘크리트구조,03000,"제1,2종근린생활시설",2,0
경상남도 양산시 주남동 69-4번지,48330,11600,0,0069,0004,일반건축물,경상남도 양산시 주남로 69-60 (주남동),,다동,0,437,0,874,0,일반철골구조,18000,창고,2,0
경상남도 양산시 주남동 69-4번지,48330,11600,0,0069,0004,일반건축물,경상남도 양산시 주남로 69-60 (주남동),,가동,0,2435.04,0,4082.79,0,철근콘크리트구조,17000,공장,3,0
경상남도 양산시 주남동 69-4번지,48330,11600,0,0069,0004,일반건축물,경상남도 양산시 주남로 69-60 (주남동),,나동,0,3300.06,0,5572.56,0,철근콘크리트구조,17000,공장,4,0
경상남도 양산시 주남동 75-1번지,48330,11600,0,0075,0001,일반건축물,경상남도 양산시 주남로 50 (주남동),,,0,0,0,3384.54,0,철근콘크리트구조,17000,공장,1,0
경상남도 양산시 주남동 75-1번지,48330,11600,0,0075,0001,일반건축물,경상남도 양산시 주남로 50 (주남동),,,0,457.8,0,1549.8,0,철근콘크리트구조,17000,종업원복지시설,3,1
경상남도 양산시 주남동 75-1번지,48330,11600,0,0075,0001,일반건축물,경상남도 양산시 주남로 50 (주남동),,,0,3494.17,0,3638.17,0,블록구조,17000,공장,1,0
경상남도 양산시 주남동 78-1번지,48330,11600,0,0078,0001,일반건축물,경상남도 양산시 주남로 69-47 (주남동),,,2608,1593.73,61.11,1725.2,66.15,일반철골구조,17000,공장,1,0
경상남도 양산시 주남동 78-1번지,48330,11600,0,0078,0001,일반건축물,경상남도 양산시 주남로 69-47 (주남동),,,0,149.53,0,281,0,일반철골구조,17000,"공장(사무실,탈의실,화장실,샤워실)",2,0
경상남도 양산시 주남동 79-3번지,48330,11600,0,0079,0003,일반건축물,경상남도 양산시 주남로 59 (주남동),,주2,0,514.05,0,493.65,0,일반철골구조,17000,공장,1,0
경상남도 양산시 주남동 79-3번지,48330,11600,0,0079,0003,일반건축물,경상남도 양산시 주남로 59 (주남동),,주3,0,514.05,0,493.65,0,일반철골구조,17000,공장,1,0
경상남도 양산시 주남동 79-3번지,48330,11600,0,0079,0003,일반건축물,경상남도 양산시 주남로 59 (주남동),,주1,0,514.05,0,493.65,0,일반철골구조,17000,공장,1,0
경상남도 양산시 주남동 81-1번지,48330,11600,0,0081,0001,일반건축물,경상남도 양산시 주남로 50 (주남동),,A동,0,254.55,0,402,0,일반철골구조,22000,분뇨.쓰레기처리시설,4,0
경상남도 양산시 주남동 81-1번지,48330,11600,0,0081,0001,일반건축물,경상남도 양산시 주남로 50 (주남동),,C동,0,4,0,4,0,경량철골구조,22000,분뇨.쓰레기처리시설,1,0
경상남도 양산시 주남동 81-1번지,48330,11600,0,0081,0001,일반건축물,경상남도 양산시 주남로 50 (주남동),,B동,0,423.25,0,423.25,0,일반철골구조,22000,분뇨.쓰레기처리시설,1,0
경상남도 양산시 주남동 82-1번지,48330,11600,0,0082,0001,일반건축물,경상남도 양산시 주남로 66 (주남동),,,1548,280,18.09,280,18.09,일반철골구조,03000,제1종근린생활시설,1,0
경상남도 양산시 주남동 83-3번지,48330,11600,0,0083,0003,일반건축물,경상남도 양산시 주남로 65 (주남동),,,461,100,21.69,100,21.69,철근콘크리트구조,03000,제1종근린생활시설,1,0
경상남도 양산시 주남동 84-1번지,48330,11600,0,0084,0001,일반건축물,경상남도 양산시 주남로 69-25 (주남동),,,0,14,0,14,0,경량철골구조,17000,공장(배전실),1,0
경상남도 양산시 주남동 84-1번지,48330,11600,0,0084,0001,일반건축물,경상남도 양산시 주남로 69-25 (주남동),,,0,16,0,16,0,경량철골구조,17000,공장(분리수거장),1,0
경상남도 양산시 주남동 84-1번지,48330,11600,0,0084,0001,일반건축물,경상남도 양산시 주남로 69-25 (주남동),,,2809,1683.29,59.92,3734.48,131.83,철근콘크리트구조,17000,공장,3,1
경상남도 양산시 주남동 84-1번지,48330,11600,0,0084,0001,일반건축물,경상남도 양산시 주남로 69-25 (주남동),,,0,11.52,0,11.52,0,경량철골구조,17000,공장(수위실),1,0
경상남도 양산시 주남동 84-2번지,48330,11600,0,0084,0002,일반건축물,경상남도 양산시 주남로 63 (주남동),,,0,17.1,0,17.1,0,경량철골구조,17000,공장(기계실),1,0
경상남도 양산시 주남동 84-2번지,48330,11600,0,0084,0002,일반건축물,경상남도 양산시 주남로 63 (주남동),,,3502,1995.87,56.99,3701.77,105.71,일반철골구조,17000,공장,2,0
경상남도 양산시 주남동 84-2번지,48330,11600,0,0084,0002,일반건축물,경상남도 양산시 주남로 63 (주남동),,,0,133,0,133,0,경량철골구조,17000,공장(부속창고),1,0
경상남도 양산시 주남동 84-2번지,48330,11600,0,0084,0002,일반건축물,경상남도 양산시 주남로 63 (주남동),,,0,107.87,0,107.87,0,경량철골구조,17000,공장(부속창고),1,0
경상남도 양산시 주남동 84-2번지,48330,11600,0,0084,0002,일반건축물,경상남도 양산시 주남로 63 (주남동),,,0,50.4,0,100.8,0,벽돌구조,17000,공장(경비실),2,0
경상남도 양산시 주남동 86번지,48330,11600,0,0086,0000,일반건축물,경상남도 양산시 주남로 76 (주남동),,B동,0,105,0,105,0,강파이프구조,04000,제2종근린생활시설(사무소),1,0
경상남도 양산시 주남동 86번지,48330,11600,0,0086,0000,일반건축물,경상남도 양산시 주남로 76 (주남동),,A동,0,190.2,0,190.2,0,일반철골구조,03000,제1종근린생활시설(소매점),1,0
경상남도 양산시 주남동 87-3번지,48330,11600,0,0087,0003,일반건축물,경상남도 양산시 주남로 71 (주남동),,A동,0,199.56,0,199.56,0,일반철골구조,04000,제2종근린생활시설,1,0
경상남도 양산시 주남동 87-3번지,48330,11600,0,0087,0003,일반건축물,경상남도 양산시 주남로 71 (주남동),,B동,0,5.76,0,5.76,0,기타조적구조,04000,화장실,1,0
경상남도 양산시 주남동 87-3번지,48330,11600,0,0087,0003,일반건축물,경상남도 양산시 주남로 71 (주남동),,C동,0,198,0,198,0,일반철골구조,04000,제2종근린생활시설,1,0
경상남도 양산시 주남동 87-9번지,48330,11600,0,0087,0009,일반건축물,경상남도 양산시 주남로 69-12 (주남동),,2동,0,98.8,0,165.9,0,경량철골구조,17000,공장,2,0
경상남도 양산시 주남동 87-9번지,48330,11600,0,0087,0009,일반건축물,경상남도 양산시 주남로 69-12 (주남동),,1동,0,400.9,0,552.48,0,일반철골구조,17000,공장,2,0
경상남도 양산시 주남동 88-3번지,48330,11600,0,0088,0003,일반건축물,경상남도 양산시 주남로 75 (주남동),,,1706,983,57.62,1463,85.76,일반철골구조,17000,공장,2,0
경상남도 양산시 주남동 89번지,48330,11600,0,0089,0000,일반건축물,경상남도 양산시 주남로 69-18 (주남동),2동,,0,346.76,0,401.26,0,경량철골구조,20000,자동차관련시설(정비공장),2,0
경상남도 양산시 주남동 89번지,48330,11600,0,0089,0000,일반건축물,경상남도 양산시 주남로 69-18 (주남동),3동,,0,231,0,231,0,경량철골구조,20000,자동차관련시설(정비공장),1,0
경상남도 양산시 주남동 89-1번지,48330,11600,0,0089,0001,일반건축물,경상남도 양산시 주남로 69-20 (주남동),,2동,0,453.6,0,453.6,0,일반철골구조,17000,공장,1,0
경상남도 양산시 주남동 89-1번지,48330,11600,0,0089,0001,일반건축물,경상남도 양산시 주남로 69-20 (주남동),,1동,0,559.09,0,677.89,0,철근콘크리트구조,17000,공장,2,0
경상남도 양산시 주남동 90-3번지,48330,11600,0,0090,0003,일반건축물,경상남도 양산시 주남로 77 (주남동),,,0,162,0,162,0,일반철골구조,17000,공장(창고),1,0
경상남도 양산시 주남동 90-3번지,48330,11600,0,0090,0003,일반건축물,경상남도 양산시 주남로 77 (주남동),,,3496,1095,31.32,2115,60.5,일반철골구조,17000,공장,2,0
경상남도 양산시 주남동 92-2번지,48330,11600,0,0092,0002,일반건축물,경상남도 양산시 소주공단로 17 (주남동),,제2동,2431,82.5,3.39,82.5,3.39,경량철골구조,17000,"공장(사무실,화장실)",1,0
경상남도 양산시 주남동 92-2번지,48330,11600,0,0092,0002,일반건축물,경상남도 양산시 소주공단로 17 (주남동),,제1동,2431,742.1,30.53,742.1,30.53,일반철골구조,17000,공장,1,0
경상남도 양산시 주남동 92-13번지,48330,11600,0,0092,0013,일반건축물,,,제3동,9918,54,0.54,54,0.54,경량철골구조,17000,공장,1,0
경상남도 양산시 주남동 92-13번지,48330,11600,0,0092,0013,일반건축물,,,제4동,9918,390,3.93,390,3.93,일반철골구조,17000,공장,1,0
경상남도 양산시 주남동 92-13번지,48330,11600,0,0092,0013,일반건축물,경상남도 양산시 소주공단로 31 (주남동),,제1동,9918,4804.12,48.44,5337.26,53.81,일반철골구조,17000,공장,2,0
경상남도 양산시 주남동 92-13번지,48330,11600,0,0092,0013,일반건축물,경상남도 양산시 소주공단로 31 (주남동),,제2동,7482,231.65,3.1,660.45,8.83,일반철골구조,17000,공장,3,0
경상남도 양산시 주남동 92-17번지,48330,11600,0,0092,0017,일반건축물,경상남도 양산시 주남로 69-36 (주남동),,B동,0,92,0,92,0,일반철골구조,17000,공장(사무실),1,0
경상남도 양산시 주남동 92-17번지,48330,11600,0,0092,0017,일반건축물,경상남도 양산시 주남로 69-36 (주남동),,A동,0,66,0,66,0,경량철골구조,17000,공장,1,0
경상남도 양산시 주남동 92-20번지,48330,11600,0,0092,0020,일반건축물,경상남도 양산시 소주공단로 19 (주남동),,제3동,2081,0,0,17.28,0,철근콘크리트구조,17000,공장,0,1
경상남도 양산시 주남동 92-20번지,48330,11600,0,0092,0020,일반건축물,경상남도 양산시 소주공단로 19 (주남동),,제1동,2081,1008.28,48.45,1345.61,63.83,일반철골구조,17000,공장,2,0
경상남도 양산시 주남동 92-20번지,48330,11600,0,0092,0020,일반건축물,경상남도 양산시 소주공단로 19 (주남동),,제2동,2081,140.97,6.77,328.75,15.8,철근콘크리트구조,17000,공장,3,0
경상남도 양산시 주남동 92-22번지,48330,11600,0,0092,0022,일반건축물,경상남도 양산시 소주공단로 21 (주남동),,제1동,1818,714.29,39.29,789.75,43.44,일반철골구조,17000,공장,2,0
경상남도 양산시 주남동 92-23번지,48330,11600,0,0092,0023,일반건축물,경상남도 양산시 소주공단로 23 (주남동),,제1동,1818,742.1,40.82,742.1,40.82,일반철골구조,17000,공장,1,0
경상남도 양산시 주남동 92-23번지,48330,11600,0,0092,0023,일반건축물,경상남도 양산시 소주공단로 23 (주남동),,제2동,1818,82.5,4.54,82.5,4.54,경량철골구조,17000,공장,1,0
경상남도 양산시 주남동 93-3번지,48330,11600,0,0093,0003,일반건축물,경상남도 양산시 주남로 89 (주남동),,,3435,1371.2,39.92,1490.1,43.38,일반철골구조,17000,공장,2,0
경상남도 양산시 주남동 93-3번지,48330,11600,0,0093,0003,일반건축물,경상남도 양산시 주남로 89 (주남동),,,0,170.1,0,198.1,0,일반철골구조,17000,"공장(사무실,휴게실)",2,0
경상남도 양산시 주남동 93-6번지,48330,11600,0,0093,0006,일반건축물,경상남도 양산시 주남로 87 (주남동),,,977,493.07,50.46,485.07,49.64,일반철골구조,17000,공장,1,0
경상남도 양산시 주남동 93-25번지,48330,11600,0,0093,0025,일반건축물,경상남도 양산시 주남로 89 (주남동),,1동,0,491,0,491,0,철근콘크리트구조,20000,자동차관련시설,1,0
경상남도 양산시 주남동 93-25번지,48330,11600,0,0093,0025,일반건축물,경상남도 양산시 주남로 89 (주남동),,2동,0,310.75,0,310.75,0,일반철골구조,20000,자동차관련시설,1,0
경상남도 양산시 주남동 94-1번지,48330,11600,0,0094,0001,일반건축물,경상남도 양산시 주남로 86 (주남동),,1동,0,198,0,198,0,일반철골구조,04000,제2종근린생활시설,1,0
경상남도 양산시 주남동 94-1번지,48330,11600,0,0094,0001,일반건축물,경상남도 양산시 주남로 86 (주남동),,2동,0,45,0,45,0,일반철골구조,04000,제2종근린생활시설,1,0
경상남도 양산시 주남동 94-3번지,48330,11600,0,0094,0003,일반건축물,경상남도 양산시 주남로 81 (주남동),,,252,148.45,58.91,226.03,89.69,일반철골구조,03000,"제1종근린생활시설,단독주택",2,0
경상남도 양산시 주남동 94-3번지,48330,11600,0,0094,0003,일반건축물,경상남도 양산시 주남로 81 (주남동),,,0,4.85,0,4.85,0,블록구조,04000,제2종근린생활시설(화장실),1,0
경상남도 양산시 주남동 94-5번지,48330,11600,0,0094,0005,일반건축물,경상남도 양산시 주남로 83 (주남동),,,265,59.72,22.54,59.72,22.54,경량철골구조,20000,"자동차관련시설, 제2종근린생활시설",1,0
경상남도 양산시 주남동 98번지,48330,11600,0,0098,0000,일반건축물,경상남도 양산시 중뫼길 26 (주남동),,,0,108,0,108,0,일반철골구조,03000,제1종근린생활시설,1,0
경상남도 양산시 주남동 98번지,48330,11600,0,0098,0000,일반건축물,경상남도 양산시 중뫼길 26 (주남동),,,968,149.4,15.43,149.4,15.43,일반철골구조,03000,제1종근린생활시설,1,0
경상남도 양산시 주남동 116-3번지,48330,11600,0,0116,0003,일반건축물,경상남도 양산시 주남로 55 (주남동),,2동,0,461.5,0,461.5,0,일반철골구조,17000,공장,1,0
경상남도 양산시 주남동 116-3번지,48330,11600,0,0116,0003,일반건축물,경상남도 양산시 주남로 55 (주남동),,1동,0,392.6,0,392.6,0,일반철골구조,17000,공장,1,0
경상남도 양산시 주남동 132번지,48330,11600,0,0132,0000,일반건축물,경상남도 양산시 중뫼길 34 (주남동),,1동,628,124.8,19.87,124.8,19.87,일반철골구조,18000,창고시설,1,0
경상남도 양산시 주남동 141-1번지,48330,11600,0,0141,0001,일반건축물,경상남도 양산시 중뫼길 59 (주남동),,,0,9,0,9,0,블록구조,03000,제1종근린생활시설(화장실),1,0
경상남도 양산시 주남동 141-1번지,48330,11600,0,0141,0001,일반건축물,경상남도 양산시 중뫼길 59 (주남동),,,2426,480.25,19.8,480.25,19.8,일반철골구조,03000,제1종근린생활시설,1,0
경상남도 양산시 주남동 142번지,48330,11600,0,0142,0000,일반건축물,경상남도 양산시 중뫼길 57-1 (주남동),,A동,1395,174.84,12.53,174.84,12.53,경량철골구조,01000,단독주택,1,0
경상남도 양산시 주남동 142번지,48330,11600,0,0142,0000,일반건축물,경상남도 양산시 중뫼길 57-1 (주남동),,B동,0,90,0,90,0,경량철골구조,01000,단독주택(창고),1,0
경상남도 양산시 주남동 142-1번지,48330,11600,0,0142,0001,일반건축물,경상남도 양산시 중뫼길 53 (주남동),,A동,0,484.68,0,484.68,0,일반철골구조,04000,제2종근린생활시설,1,0
경상남도 양산시 주남동 142-1번지,48330,11600,0,0142,0001,일반건축물,경상남도 양산시 중뫼길 53 (주남동),,B동,0,4.68,0,4.68,0,블록구조,04000,제2종근린생활시설(화장실),1,0
경상남도 양산시 주남동 142-1번지,48330,11600,0,0142,0001,일반건축물,경상남도 양산시 중뫼길 53 (주남동),,C동,0,81.44,0,161.44,0,일반철골구조,18000,"창고시설,제2종근린생활시설",2,0
경상남도 양산시 주남동 142-4번지,48330,11600,0,0142,0004,일반건축물,경상남도 양산시 중뫼길 57 (주남동),,B동,0,90,0,90,0,경량철골구조,01000,단독주택(창고),1,0
경상남도 양산시 주남동 142-4번지,48330,11600,0,0142,0004,일반건축물,경상남도 양산시 중뫼길 57 (주남동),,A동,1140,174.84,15.34,174.84,15.34,경량철골구조,01000,단독주택,1,0
경상남도 양산시 주남동 143-1번지,48330,11600,0,0143,0001,일반건축물,경상남도 양산시 중뫼길 45 (주남동),,,2679,489,18.25,489,18.25,일반철골구조,04000,제2종근린생활시설(제조업소),1,0
경상남도 양산시 주남동 143-2번지,48330,11600,0,0143,0002,일반건축물,경상남도 양산시 중뫼길 41 (주남동),,,0,4.32,0,4.32,0,블록구조,03000,제1종근린생활시설(화장실),1,0
경상남도 양산시 주남동 143-2번지,48330,11600,0,0143,0002,일반건축물,경상남도 양산시 중뫼길 41 (주남동),,,1950,386.52,19.82,386.52,19.82,일반철골구조,03000,제1종근린생활시설,1,0
경상남도 양산시 주남동 144번지,48330,11600,0,0144,0000,일반건축물,경상남도 양산시 중뫼길 36 (주남동),,2동,0,95.2,0,190.4,0,일반철골구조,04000,제2종근린생활시설,2,0
경상남도 양산시 주남동 144번지,48330,11600,0,0144,0000,일반건축물,경상남도 양산시 중뫼길 36 (주남동),,1동,0,822,0,822,0,일반철골구조,04000,"제1종근린생활시설,제2종근린생활시설",1,0
경상남도 양산시 주남동 148번지,48330,11600,0,0148,0000,일반건축물,경상남도 양산시 중뫼길 46-1 (주남동),,,2585,493,19.071566,493,19.071566,일반철골구조,04000,제조업소,1,0
경상남도 양산시 주남동 148-3번지,48330,11600,0,0148,0003,일반건축물,경상남도 양산시 중뫼길 46-2 (주남동),,,2521,489,19.4,489,19.4,일반철골구조,30000,자원순환관련시설,1,0
경상남도 양산시 주남동 150번지,48330,11600,0,0150,0000,일반건축물,경상남도 양산시 중뫼길 46 (주남동),,1동,0,397.2,0,397.2,0,일반철골구조,04000,제조업소,1,0
경상남도 양산시 주남동 150번지,48330,11600,0,0150,0000,일반건축물,경상남도 양산시 중뫼길 46 (주남동),,2동,0,97.2,0,97.2,0,일반철골구조,04000,제조업소,1,0
경상남도 양산시 주남동 151번지,48330,11600,0,0151,0000,일반건축물,경상남도 양산시 중뫼길 52 (주남동),,,2050,397.8,19.4,397.8,19.4,일반철골구조,04000,제2종근린생활시설,1,0
경상남도 양산시 주남동 152-1번지,48330,11600,0,0152,0001,일반건축물,경상남도 양산시 중뫼길 66 (주남동),,B동,0,1381.24,0,1497.71,0,일반철골구조,20000,자동차관련시설,2,0
경상남도 양산시 주남동 152-1번지,48330,11600,0,0152,0001,일반건축물,경상남도 양산시 중뫼길 66 (주남동),,C동,0,195,0,195,0,일반철골구조,04000,제2종근린생활시설(제조업소),1,0
경상남도 양산시 주남동 152-1번지,48330,11600,0,0152,0001,일반건축물,경상남도 양산시 중뫼길 66 (주남동),,A동,0,285,0,285,0,철근콘크리트구조,20000,"자동차관련시설,제2종근린생활시설",1,0
경상남도 양산시 주남동 152-4번지,48330,11600,0,0152,0004,일반건축물,경상남도 양산시 중뫼길 66-26 (주남동),,,9574,960,10.03,960,10.03,일반철골구조,17000,공장,1,0
경상남도 양산시 주남동 153번지,48330,11600,0,0153,0000,일반건축물,경상남도 양산시 중뫼길 68 (주남동),,,0,945.88,0,945.88,0,블록구조,21000,축사,1,0
경상남도 양산시 주남동 154번지,48330,11600,0,0154,0000,일반건축물,,,,0,56.4,0,56.4,0,블록구조,01000,주택,1,0
경상남도 양산시 주남동 155번지,48330,11600,0,0155,0000,일반건축물,경상남도 양산시 중뫼길 69 (주남동),,,892,163,18.27,163,18.27,강파이프구조,18000,창고시설,1,0
경상남도 양산시 주남동 158번지,48330,11600,0,0158,0000,일반건축물,경상남도 양산시 중뫼길 61 (주남동),,,598,116.9,19.55,199.5,33.36,철근콘크리트구조,18000,주택,2,0
경상남도 양산시 주남동 163번지,48330,11600,0,0163,0000,일반건축물,,,,6279,1225.8,19.52,1225.8,19.52,경량철골구조,17000,공장,1,0
경상남도 양산시 주남동 168-1번지,48330,11600,0,0168,0001,일반건축물,경상남도 양산시 용주로 289-34 (주남동),,,3760,741.6,19.72,741.6,19.72,경량철골구조,21000,축사,1,0
경상남도 양산시 주남동 168-3번지,48330,11600,0,0168,0003,일반건축물,경상남도 양산시 용주로 289-31 (주남동),,,636,105.84,16.64,105.84,16.64,경량철골구조,21000,축사,1,0
경상남도 양산시 주남동 170-1번지,48330,11600,0,0170,0001,일반건축물,경상남도 양산시 용주로 277-20 (주남동),,,2856,1357.87,47.54,1357.87,47.54,블록구조,21000,농가용주택,1,0
경상남도 양산시 주남동 171-1번지,48330,11600,0,0171,0001,일반건축물,경상남도 양산시 용주로 268 (주남동),,부속건축물제2동,1739,2,0.12,2,0.12,경량철골구조,04000,제2종근린생활시설,1,0
경상남도 양산시 주남동 171-1번지,48330,11600,0,0171,0001,일반건축물,경상남도 양산시 용주로 268 (주남동),,주건축물제1동,1739,330.8,19.022426,330.8,19.022426,일반철골구조,04000,제2종근린생활시설,1,0
경상남도 양산시 주남동 171-12번지,48330,11600,0,0171,0012,일반건축물,경상남도 양산시 용주로 270-1 (주남동),,,1996,327.75,16.42,327.75,16.42,일반철골구조,04000,제2종근린생활시설,1,0
경상남도 양산시 주남동 172번지,48330,11600,0,0172,0000,일반건축물,경상남도 양산시 용주로 277-8 (주남동),,A동,0,343.2,0,343.2,0,경량철골구조,21000,동물및식물관련시설(축사),1,0
경상남도 양산시 주남동 172번지,48330,11600,0,0172,0000,일반건축물,경상남도 양산시 용주로 277-7 (주남동),,B동,0,331.2,0,331.2,0,경량철골구조,21000,동물및식물관련시설(축사),1,0
경상남도 양산시 주남동 172-1번지,48330,11600,0,0172,0001,일반건축물,경상남도 양산시 용주로 277-30 (주남동),,,473,92.67,19.59,92.67,19.59,벽돌구조,01000,농가용주택,1,0
경상남도 양산시 주남동 173번지,48330,11600,0,0173,0000,일반건축물,경상남도 양산시 용주로 283 (주남동),,제1동,1486,296.25,19.9361,296.25,19.9361,일반철골구조,04000,제2종근린생활시설,1,0
경상남도 양산시 주남동 173-2번지,48330,11600,0,0173,0002,일반건축물,경상남도 양산시 용주로 281 (주남동),,제1동,1486,296.25,19.9361,296.25,19.9361,일반철골구조,04000,제2종근린생활시설,1,0
경상남도 양산시 주남동 174번지,48330,11600,0,0174,0000,일반건축물,경상남도 양산시 용주로 280 (주남동),,,2290,429.94,18.77,429.94,18.77,경량철골구조,04000,제2종근린생활시설,1,0
경상남도 양산시 주남동 174-2번지,48330,11600,0,0174,0002,일반건축물,경상남도 양산시 용주로 279 (주남동),,,249,56.7,22.77,56.7,22.77,벽돌구조,01000,단독주택,1,0
경상남도 양산시 주남동 175번지,48330,11600,0,0175,0000,일반건축물,경상남도 양산시 용주로 276 (주남동),,B동,0,66,0,132,0,철근콘크리트구조,04000,제2종근린생활시설(제조업소),3,0
경상남도 양산시 주남동 175번지,48330,11600,0,0175,0000,일반건축물,경상남도 양산시 용주로 276 (주남동),,A동,0,237.6,0,237.6,0,일반철골구조,04000,제2종근린생활시설(제조업소),1,0
경상남도 양산시 주남동 175번지,48330,11600,0,0175,0000,일반건축물,경상남도 양산시 용주로 276 (주남동),,C동,0,130,0,130,0,일반철골구조,04000,제2종근린생활시설(제조업소),1,0
경상남도 양산시 주남동 176-1번지,48330,11600,0,0176,0001,일반건축물,경상남도 양산시 용주로 270-13 (주남동),,,2046,405.5,19.82,492,24.05,일반철골구조,04000,제2종근린생활시설,2,0
경상남도 양산시 주남동 176-7번지,48330,11600,0,0176,0007,일반건축물,경상남도 양산시 용주로 270-11 (주남동),,1동,1653,329.76,19.95,329.76,19.95,일반철골구조,03000,제1종근린생활시설,1,0
경상남도 양산시 주남동 176-8번지,48330,11600,0,0176,0008,일반건축물,경상남도 양산시 용주로 270-9 (주남동),,1동,1941,308.91,15.91,408.82,21.06,일반철골구조,04000,제2종근린생활시설,1,0
경상남도 양산시 주남동 176-8번지,48330,11600,0,0176,0008,일반건축물,경상남도 양산시 용주로 270-9 (주남동),,2동,1941,99.91,5.15,199.82,10.29,일반철골구조,04000,제2종근린생활시설,2,0
경상남도 양산시 주남동 177번지,48330,11600,0,0177,0000,일반건축물,경상남도 양산시 용주로 270-12 (주남동),,제1동,1903,335.52,17.6311,335.52,17.6311,일반철골구조,04000,제2종근린생활시설,1,0
경상남도 양산시 주남동 177-4번지,48330,11600,0,0177,0004,일반건축물,경상남도 양산시 용주로 270 (주남동),,주건축물제1동,2173,164.4,0,164.4,0,일반철골구조,04000,제2종근린생활시설,1,0
경상남도 양산시 주남동 177-4번지,48330,11600,0,0177,0004,일반건축물,경상남도 양산시 용주로 270 (주남동),,주건축물제2동,2173,164.4,0,328.8,0,일반철골구조,04000,제2종근린생활시설,2,0
경상남도 양산시 주남동 181번지,48330,11600,0,0181,0000,일반건축물,경상남도 양산시 남재길 52 (주남동),,,1200,290.52,24.21,290.52,24.21,벽돌구조,21000,동물관련시설,1,0
경상남도 양산시 주남동 190번지,48330,11600,0,0190,0000,일반건축물,경상남도 양산시 남재길 42 (주남동),,제1동,1892,375.55,19.85,443.8,23.46,일반철골구조,04000,제2종근린생활시설,2,0
경상남도 양산시 주남동 192번지,48330,11600,0,0192,0000,일반건축물,경상남도 양산시 장기터2길 37-1 (주남동),,,499,96,19.24,96,19.24,일반철골구조,04000,제2종근린생활시설,1,0
경상남도 양산시 주남동 192-3번지,48330,11600,0,0192,0003,일반건축물,경상남도 양산시 장기터2길 37-40 (주남동),,다동,0,47.04,0,47.04,0,경량철골구조,30000,"폐기물처분시설(식당, 화장실)",1,0
경상남도 양산시 주남동 192-3번지,48330,11600,0,0192,0003,일반건축물,경상남도 양산시 장기터2길 37-40 (주남동),,라동,0,90,0,90,0,경량철골구조,30000,폐기물처분시설(사무실),1,0
경상남도 양산시 주남동 192-3번지,48330,11600,0,0192,0003,일반건축물,경상남도 양산시 장기터2길 37-40 (주남동),,가동,0,293.25,0,293.25,0,일반철골구조,30000,폐기물처분시설,1,0
경상남도 양산시 주남동 192-3번지,48330,11600,0,0192,0003,일반건축물,경상남도 양산시 장기터2길 37-40 (주남동),,나동,0,216.2,0,216.2,0,일반철골구조,30000,폐기물처분시설,1,0
경상남도 양산시 주남동 192-8번지,48330,11600,0,0192,0008,일반건축물,경상남도 양산시 장기터2길 37-49 (주남동),,,0,50,0,100,0,경량철골구조,04000,제2종근린생활시설,2,0
경상남도 양산시 주남동 192-8번지,48330,11600,0,0192,0008,일반건축물,경상남도 양산시 장기터2길 37-49 (주남동),,,1946,386,19.84,436,22.4,일반철골구조,04000,제2종근린생활시설,1,0
경상남도 양산시 주남동 192-10번지,48330,11600,0,0192,0010,일반건축물,경상남도 양산시 장기터2길 37-35 (주남동),,,3085,452.36,14.66,452.96,14.68,일반철골구조,04000,제2종근린생활시설,1,0
경상남도 양산시 주남동 192-10번지,48330,11600,0,0192,0010,일반건축물,경상남도 양산시 장기터2길 37-35 (주남동),,,0,57.62,0,65.46,0,일반철골구조,04000,"제2종근린생활시설(화장실,사무소)",2,0
경상남도 양산시 주남동 192-12번지,48330,11600,0,0192,0012,일반건축물,경상남도 양산시 장기터2길 37-10 (주남동),,,1908,360.9,18.92,360.9,18.92,일반철골구조,04000,제2종근린생활시설,1,0
경상남도 양산시 주남동 192-13번지,48330,11600,0,0192,0013,일반건축물,경상남도 양산시 장기터2길 42 (주남동),,,1236,102.48,8.29,102.48,8.29,블록구조,01000,단독주택,1,0
경상남도 양산시 주남동 192-16번지,48330,11600,0,0192,0016,일반건축물,경상남도 양산시 장기터2길 30 (주남동),,,2782,477,17.15,477,17.15,일반철골구조,04000,제2종근린생활시설,1,0
경상남도 양산시 주남동 192-21번지,48330,11600,0,0192,0021,일반건축물,경상남도 양산시 장기터2길 50 (주남동),,,1694,325.5,19.21,325.5,19.21,일반철골구조,04000,제2종근린생활시설(제조업소),1,0
경상남도 양산시 주남동 192-22번지,48330,11600,0,0192,0022,일반건축물,경상남도 양산시 장기터2길 48-42 (주남동),,,5060,1009.2,19.94,995,19.66,일반철골구조,03000,"제1,2종근린생활시설",1,0
경상남도 양산시 주남동 192-22번지,48330,11600,0,0192,0022,일반건축물,경상남도 양산시 장기터2길 48-42 (주남동),,,0,15,0,15,0,벽돌구조,03000,제1종근린생활시설(화장실),1,0
경상남도 양산시 주남동 192-30번지,48330,11600,0,0192,0030,일반건축물,경상남도 양산시 장기터2길 60 (주남동),,3동,0,98,0,196,0,일반철골구조,03000,제1종근린생활시설,2,0
경상남도 양산시 주남동 192-30번지,48330,11600,0,0192,0030,일반건축물,경상남도 양산시 장기터2길 60 (주남동),,2동,0,118.1,0,231.2,0,일반철골구조,03000,제1종근린생활시설,2,0
경상남도 양산시 주남동 192-30번지,48330,11600,0,0192,0030,일반건축물,경상남도 양산시 장기터2길 60 (주남동),,1동,0,756,0,756,0,일반철골구조,03000,제1종근린생활시설(소매점),1,0
경상남도 양산시 주남동 192-33번지,48330,11600,0,0192,0033,일반건축물,경상남도 양산시 장기터2길 52 (주남동),,1동,0,990,0,900,0,일반철골구조,03000,제1종근린생활시설,1,0
경상남도 양산시 주남동 192-33번지,48330,11600,0,0192,0033,일반건축물,경상남도 양산시 장기터2길 52 (주남동),,2동,0,94.25,0,94.25,0,경량철골구조,03000,제1종근린생활시설,1,0
경상남도 양산시 주남동 192-44번지,48330,11600,0,0192,0044,일반건축물,경상남도 양산시 장기터2길 37-24 (주남동),,,474,93.6,19.75,93.6,19.75,경량철골구조,04000,제2종근린생활시설,1,0
경상남도 양산시 주남동 192-46번지,48330,11600,0,0192,0046,일반건축물,경상남도 양산시 장기터2길 37-41 (주남동),,,2058,389.95,18.95,389.95,18.95,일반철골구조,04000,제2종근린생활시설,1,0
경상남도 양산시 주남동 192-48번지,48330,11600,0,0192,0048,일반건축물,경상남도 양산시 장기터2길 37-52 (주남동),,,1323,263,19.88,263,19.88,일반철골구조,04000,제2종근린생활시설,1,0
경상남도 양산시 주남동 192-48번지,48330,11600,0,0192,0048,일반건축물,경상남도 양산시 장기터2길 37-52 (주남동),,,0,3,0,3,0,블록구조,04000,제2종근린생활시설(화장실),1,0
경상남도 양산시 주남동 192-50번지,48330,11600,0,0192,0050,일반건축물,경상남도 양산시 장기터2길 38 (주남동),,,1562,308.75,19.77,308.75,19.77,일반철골구조,04000,제2종근린생활시설(제조업소),1,0
경상남도 양산시 주남동 192-53번지,48330,11600,0,0192,0053,일반건축물,경상남도 양산시 장기터2길 34 (주남동),,,1815,50,2.75,50,2.75,경량철골구조,04000,제조업소(사무실),1,0
경상남도 양산시 주남동 192-53번지,48330,11600,0,0192,0053,일반건축물,경상남도 양산시 장기터2길 34 (주남동),,,1815,350,19.28,350,19.28,일반철골구조,04000,제조업소,1,0
경상남도 양산시 주남동 192-63번지,48330,11600,0,0192,0063,일반건축물,경상남도 양산시 장기터2길 37-53 (주남동),,,1752,347.16,19.82,347.16,19.82,일반철골구조,04000,제조업소,1,0
경상남도 양산시 주남동 192-67번지,48330,11600,0,0192,0067,일반건축물,경상남도 양산시 장기터2길 37-47 (주남동),,1동,0,246,0,492,0,일반철골구조,17000,공장,2,0
경상남도 양산시 주남동 192-67번지,48330,11600,0,0192,0067,일반건축물,경상남도 양산시 장기터2길 37-47 (주남동),,2동,0,220,0,220,0,일반철골구조,17000,공장,1,0
경상남도 양산시 주남동 192-68번지,48330,11600,0,0192,0068,일반건축물,경상남도 양산시 장기터2길 28-27 (주남동),,,1926,326,16.93,326,16.93,일반철골구조,04000,제2종근린생활시설,1,0
경상남도 양산시 주남동 192-70번지,48330,11600,0,0192,0070,일반건축물,경상남도 양산시 장기터2길 28-31 (주남동),,제1동,2577,493,19.13,493,19.13,일반철골구조,04000,제2종근린생활시설,1,0
경상남도 양산시 주남동 192-73번지,48330,11600,0,0192,0073,일반건축물,경상남도 양산시 장기터2길 28-18 (주남동),,,1926,326,16.93,326,16.93,일반철골구조,04000,제2종근린생활시설,1,0
경상남도 양산시 주남동 192-73번지,48330,11600,0,0192,0073,일반건축물,경상남도 양산시 장기터2길 28-18 (주남동),,,1926,1,0.05,1,0.05,경량철골구조,04000,제2종근린생활시설,1,0
경상남도 양산시 주남동 192-75번지,48330,11600,0,0192,0075,일반건축물,경상남도 양산시 장기터2길 26 (주남동),,,2834,477,16.83,477,16.83,일반철골구조,04000,제2종근린생활시설(제조업소),1,0
경상남도 양산시 주남동 192-79번지,48330,11600,0,0192,0079,일반건축물,경상남도 양산시 장기터2길 41 (주남동),,,1218,198.45,16.29,198.45,16.29,일반철골구조,03000,제1종근린생활시설,1,0
경상남도 양산시 주남동 192-80번지,48330,11600,0,0192,0080,일반건축물,경상남도 양산시 장기터2길 37-56 (주남동),,,2748,462.92,16.85,462.92,16.85,일반철골구조,04000,제2종근린생활시설,1,0
경상남도 양산시 주남동 192-81번지,48330,11600,0,0192,0081,일반건축물,경상남도 양산시 장기터2길 37-4 (주남동),,,468,80.63,17.23,80.63,17.23,경량철골구조,04000,사무소,1,0
경상남도 양산시 주남동 192-82번지,48330,11600,0,0192,0082,일반건축물,경상남도 양산시 장기터2길 58 (주남동),,,2600,491.7,18.91,491.7,18.91,일반철골구조,04000,제2종근린생활시설,1,0
경상남도 양산시 주남동 192-85번지,48330,11600,0,0192,0085,일반건축물,경상남도 양산시 장기터2길 48-32 (주남동),,,746,145,19.44,492.97,18.77,철근콘크리트구조,04000,제2종근린생활시설,1,1
경상남도 양산시 주남동 192-86번지,48330,11600,0,0192,0086,일반건축물,경상남도 양산시 장기터2길 48-42 (주남동),,,4068,794.32,19.53,794.32,19.53,일반철골구조,03000,"제1,2종근린생활시설",1,0
경상남도 양산시 주남동 192-87번지,48330,11600,0,0192,0087,일반건축물,경상남도 양산시 장기터2길 37-3 (주남동),,,0,13.2,0,13.2,0,블록구조,04000,제2종근린생활시설,1,0
경상남도 양산시 주남동 192-87번지,48330,11600,0,0192,0087,일반건축물,경상남도 양산시 장기터2길 37-3 (주남동),,,1763,350.7,19.89,350.7,19.89,일반철골구조,04000,제2종근린생활시설,1,0
경상남도 양산시 주남동 192-88번지,48330,11600,0,0192,0088,일반건축물,경상남도 양산시 장기터2길 37-9 (주남동),,,1291,254.66,19.73,254.66,19.73,일반철골구조,04000,제2종근린생활시설,1,0
경상남도 양산시 주남동 192-94번지,48330,11600,0,0192,0094,일반건축물,경상남도 양산시 장기터2길 48-31 (주남동),,1동,0,390,0,390,0,일반철골구조,04000,제2종근린생활시설,1,0
경상남도 양산시 주남동 192-94번지,48330,11600,0,0192,0094,일반건축물,경상남도 양산시 장기터2길 48-31 (주남동),,2동,0,55.89,0,107.89,0,일반철골구조,04000,제2종근린생활시설,2,0
경상남도 양산시 주남동 192-97번지,48330,11600,0,0192,0097,일반건축물,경상남도 양산시 장기터2길 33 (주남동),,주2동,0,176.8,0,176.8,0,일반철골구조,04000,제2종근린생활시설(제조업소),1,0
경상남도 양산시 주남동 192-97번지,48330,11600,0,0192,0097,일반건축물,경상남도 양산시 장기터2길 33 (주남동),,주1동,0,226.8,0,226.8,0,일반철골구조,04000,제2종근린생활시설(제조업소),1,0
경상남도 양산시 주남동 192-100번지,48330,11600,0,0192,0100,일반건축물,경상남도 양산시 장기터2길 49 (주남동),,제1동,1635,324.3,19.83,378.35,23.14,일반철골구조,04000,제2종근린생활시설,2,0
경상남도 양산시 주남동 192-102번지,48330,11600,0,0192,0102,일반건축물,경상남도 양산시 장기터2길 48-29 (주남동),,,0,493,0,493,0,일반철골구조,04000,제조업소,1,0
경상남도 양산시 주남동 192-103번지,48330,11600,0,0192,0103,일반건축물,경상남도 양산시 장기터2길 48-29 (주남동),,,1852,325,17.55,325,17.55,일반철골구조,04000,제2종근린생활시설,1,0
경상남도 양산시 주남동 192-110번지,48330,11600,0,0192,0110,일반건축물,경상남도 양산시 장기터2길 48-51 (주남동),,,1744,329.86,18.91,329.86,18.91,일반철골구조,04000,제조업소,1,0
경상남도 양산시 주남동 192-118번지,48330,11600,0,0192,0118,일반건축물,경상남도 양산시 장기터2길 56 (주남동),,,1300,257.41,19.8,257.41,19.8,일반철골구조,04000,제2종근린생활시설,1,0
경상남도 양산시 주남동 192-128번지,48330,11600,0,0192,0128,일반건축물,경상남도 양산시 장기터2길 37-19 (주남동),,제1동,861,175.05,20.33,175.05,20.33,일반철골구조,04000,제2종근린생활시설,1,0
경상남도 양산시 주남동 193번지,48330,11600,0,0193,0000,일반건축물,경상남도 양산시 장기터2길 10 (주남동),,,1284,228.88,17.83,228.88,17.83,일반철골구조,03000,제1종근린생활시설,1,0
경상남도 양산시 주남동 193-3번지,48330,11600,0,0193,0003,일반건축물,경상남도 양산시 장기터2길 18-4 (주남동),,,3002,494.1,16.46,494.1,16.46,일반철골구조,04000,제조업소,1,0
경상남도 양산시 주남동 194번지,48330,11600,0,0194,0000,일반건축물,경상남도 양산시 장기터2길 20 (주남동),,,2493,493,19.78,493,19.78,일반철골구조,04000,제조업소,1,0
경상남도 양산시 주남동 194-2번지,48330,11600,0,0194,0002,일반건축물,경상남도 양산시 장기터2길 9-24 (주남동),,,0,0,0,529.23,0,블록구조,21000,축사,1,0
경상남도 양산시 주남동 194-2번지,48330,11600,0,0194,0002,일반건축물,경상남도 양산시 장기터2길 9-24 (주남동),,,0,469.41,0,469.41,0,블록구조,21000,축사,1,0
경상남도 양산시 주남동 194-3번지,48330,11600,0,0194,0003,일반건축물,경상남도 양산시 장기터2길 9-21 (주남동),,,1255,248,19.76,248,19.76,일반철골구조,04000,근린생활시설,1,0
경상남도 양산시 주남동 194-7번지,48330,11600,0,0194,0007,일반건축물,경상남도 양산시 장기터1길 13 (주남동),,,1497,281,18.77,281,18.77,일반철골구조,04000,제2종근린생활시설,1,0
경상남도 양산시 주남동 194-15번지,48330,11600,0,0194,0015,일반건축물,경상남도 양산시 장기터1길 26 (주남동),,2동,0,3.64,0,3.64,0,블록구조,04000,제2종근린생활시설(화장실),1,0
경상남도 양산시 주남동 194-15번지,48330,11600,0,0194,0015,일반건축물,경상남도 양산시 장기터1길 26 (주남동),,1동,523,99.64,19.05,99.64,19.05,경량철골구조,04000,제2종근린생활시설,1,0
경상남도 양산시 주남동 194-23번지,48330,11600,0,0194,0023,일반건축물,경상남도 양산시 장기터1길 16 (주남동),,,495,77.25,15.6,99.69,20.14,철근콘크리트구조,03000,"제1종근린생활시설(마을회관,경로당)",2,0
경상남도 양산시 주남동 194-30번지,48330,11600,0,0194,0030,일반건축물,경상남도 양산시 장기터2길 18-6 (주남동),,,3265,3.6,0.11,3.6,0.11,경량철골구조,04000,제조업소(화장실),1,0
경상남도 양산시 주남동 194-30번지,48330,11600,0,0194,0030,일반건축물,경상남도 양산시 장기터2길 18-6 (주남동),,,3265,494.1,15.13,494.1,15.13,일반철골구조,04000,제2종근린생활시설,1,0
경상남도 양산시 주남동 194-32번지,48330,11600,0,0194,0032,일반건축물,경상남도 양산시 장기터1길 34 (주남동),,,2533,495,19.54,495,19.54,일반철골구조,04000,제2종근린생활시설,1,0
경상남도 양산시 주남동 194-33번지,48330,11600,0,0194,0033,일반건축물,경상남도 양산시 장기터1길 30 (주남동),,,2777,495,17.82,495,17.82,일반철골구조,04000,제2종근린생활시설,1,0
경상남도 양산시 주남동 194-36번지,48330,11600,0,0194,0036,일반건축물,경상남도 양산시 장기터1길 29-10 (주남동),,,2096,418.5,19.97,418.5,19.97,일반철골구조,04000,제조업소,1,0
경상남도 양산시 주남동 194-42번지,48330,11600,0,0194,0042,일반건축물,경상남도 양산시 장기터1길 29-15 (주남동),,,2910,513.85,17.66,493.85,16.97,일반철골구조,04000,제조업소,1,0
경상남도 양산시 주남동 194-46번지,48330,11600,0,0194,0046,일반건축물,경상남도 양산시 장기터1길 29-18 (주남동),,,1681,331.29,19.71,331.29,19.71,일반철골구조,04000,제2종근린생활시설,1,0
경상남도 양산시 주남동 194-48번지,48330,11600,0,0194,0048,일반건축물,경상남도 양산시 장기터1길 29-24 (주남동),,,2165,343.29,15.86,343.29,15.86,일반철골구조,04000,제2종근린생활시설,1,0
경상남도 양산시 주남동 194-49번지,48330,11600,0,0194,0049,일반건축물,경상남도 양산시 장기터1길 29-29 (주남동),,제1동,3081,488.1,15.84,488.1,15.84,일반철골구조,04000,제2종근린생활시설,1,0
경상남도 양산시 주남동 194-53번지,48330,11600,0,0194,0053,일반건축물,경상남도 양산시 장기터1길 29-30 (주남동),,제1동,3254,496.2,15.25,496.2,15.25,일반철골구조,04000,제2종근린생활시설,1,0
경상남도 양산시 주남동 194-53번지,48330,11600,0,0194,0053,일반건축물,경상남도 양산시 장기터1길 29-30 (주남동),,제2동,3254,16.2,0.5,16.2,0.5,경량철골구조,04000,제2종근린생활시설,1,0
경상남도 양산시 주남동 194-57번지,48330,11600,0,0194,0057,일반건축물,경상남도 양산시 장기터1길 37 (주남동),,제1동,619,99.5,16.07,99.5,16.07,일반철골구조,04000,제조업소,1,0
경상남도 양산시 주남동 194-58번지,48330,11600,0,0194,0058,일반건축물,경상남도 양산시 장기터1길 41 (주남동),,,647,128,19.78,128,19.78,일반철골구조,04000,제2종근린생활시설,1,0
경상남도 양산시 주남동 195-1번지,48330,11600,0,0195,0001,일반건축물,경상남도 양산시 용주로 300 (주남동),남강서원,4동,0,12.67,0,10.27,0,일반목구조,04000,제2종근린생활시설(사당),1,0
경상남도 양산시 주남동 195-1번지,48330,11600,0,0195,0001,일반건축물,경상남도 양산시 용주로 300 (주남동),남강서원,6동,0,47.1,0,44.1,0,일반목구조,04000,제2종근린생활시설(사당),1,0
경상남도 양산시 주남동 195-1번지,48330,11600,0,0195,0001,일반건축물,경상남도 양산시 용주로 300 (주남동),남강서원,5동,0,200.07,0,184.51,0,일반목구조,04000,제2종근린생활시설(사당),1,0
경상남도 양산시 주남동 195-1번지,48330,11600,0,0195,0001,일반건축물,경상남도 양산시 용주로 300 (주남동),남강서원,1동,0,86.27,0,83.87,0,일반목구조,04000,제2종근린생활시설(사당),1,0
경상남도 양산시 주남동 195-1번지,48330,11600,0,0195,0001,일반건축물,경상남도 양산시 용주로 300 (주남동),남강서원,3동,0,16.8,0,14.4,0,일반목구조,04000,제2종근린생활시설(사당),1,0
경상남도 양산시 주남동 195-1번지,48330,11600,0,0195,0001,일반건축물,경상남도 양산시 용주로 300 (주남동),남강서원,7동,0,19.8,0,19.8,0,일반목구조,04000,제2종근린생활시설(서원),1,0
경상남도 양산시 주남동 195-1번지,48330,11600,0,0195,0001,일반건축물,경상남도 양산시 용주로 300 (주남동),남강서원,2동,0,91.04,0,85.68,0,벽돌구조,04000,제2종근린생활시설(사당),1,0
경상남도 양산시 주남동 200-1번지,48330,11600,0,0200,0001,일반건축물,경상남도 양산시 용주로 299 (주남동),,,2849,494.4,17.35,494.4,17.35,일반철골구조,04000,제2종근린생활시설(제조업소),1,0
경상남도 양산시 주남동 201-3번지,48330,11600,0,0201,0003,일반건축물,경상남도 양산시 용주로 303 (주남동),,,1184,225.32,19.03,225.32,19.03,일반철골구조,03000,제1종근린생활시설,1,0
경상남도 양산시 주남동 202-2번지,48330,11600,0,0202,0002,일반건축물,경상남도 양산시 용주로 309 (주남동),,,0,881.58,0,881.58,0,블록구조,01000,주택,1,0
경상남도 양산시 주남동 204번지,48330,11600,0,0204,0000,일반건축물,경상남도 양산시 용주로 289-12 (주남동),,,1528,594.72,38.92,594.72,38.92,기타조적구조,21000,축사,1,0
경상남도 양산시 주남동 204-1번지,48330,11600,0,0204,0001,일반건축물,경상남도 양산시 용주로 289-12 (주남동),,,2086,405.12,19.42,405.12,19.42,경량철골구조,21000,축사,1,0
경상남도 양산시 주남동 208-1번지,48330,11600,0,0208,0001,일반건축물,경상남도 양산시 용주로 291 (주남동),,,3359,662.41,19.72,1845.84,54.95,일반철골구조,17000,공장,4,0
경상남도 양산시 주남동 208-1번지,48330,11600,0,0208,0001,일반건축물,경상남도 양산시 용주로 291 (주남동),,,0,136.8,0,136.8,0,일반철골구조,17000,공장,1,0
경상남도 양산시 주남동 208-1번지,48330,11600,0,0208,0001,일반건축물,경상남도 양산시 용주로 291 (주남동),,,0,9.8,0,9.8,0,경량철골구조,17000,공장,1,0
경상남도 양산시 주남동 208-2번지,48330,11600,0,0208,0002,일반건축물,경상남도 양산시 장기터2길 22 (주남동),,,2236,445.5,19.92,445.5,19.92,일반철골구조,04000,제2종근린생활시설(제조업소),1,0
경상남도 양산시 주남동 208-4번지,48330,11600,0,0208,0004,일반건축물,경상남도 양산시 용주로 293 (주남동),,,722,143,19.81,143,19.81,일반철골구조,04000,제2종근린생활시설(제조업소),1,0
경상남도 양산시 주남동 208-11번지,48330,11600,0,0208,0011,일반건축물,경상남도 양산시 용주로 296 (주남동),,,0,7.2,0,7.2,0,경량철골구조,04000,제2종근린생활시설,1,0
경상남도 양산시 주남동 208-11번지,48330,11600,0,0208,0011,일반건축물,경상남도 양산시 용주로 296 (주남동),,,2511,494.7,19.7,494.7,19.7,일반철골구조,04000,제2종근린생활시설,1,0
경상남도 양산시 주남동 208-14번지,48330,11600,0,0208,0014,일반건축물,경상남도 양산시 용주로 294 (주남동),,,1967,382.2,19.43,494.7,25.15,일반철골구조,04000,제2종근린생활시설,2,0
경상남도 양산시 주남동 208-14번지,48330,11600,0,0208,0014,일반건축물,경상남도 양산시 용주로 294 (주남동),,,0,7.2,0,7.2,0,경량철골구조,04000,제2종근린생활시설,1,0
경상남도 양산시 주남동 209번지,48330,11600,0,0209,0000,일반건축물,경상남도 양산시 용주로 289-12 (주남동),,,869,329.95,37.97,329.95,37.97,기타조적구조,21000,축사,1,0
경상남도 양산시 주남동 210번지,48330,11600,0,0210,0000,일반건축물,경상남도 양산시 용주로 286 (주남동),,,1219,239.86,19.68,239.86,19.68,일반철골구조,04000,제2종근린생활시설,1,0
경상남도 양산시 주남동 212-5번지,48330,11600,0,0212,0005,일반건축물,경상남도 양산시 남재길 27 (주남동),,주건축물제1동,545,98.74,18.12,98.74,18.12,일반목구조,01000,단독주택,1,0
경상남도 양산시 주남동 212-8번지,48330,11600,0,0212,0008,일반건축물,경상남도 양산시 장기터2길 48-22 (주남동),,,1890,368.52,19.5,440.9,23.33,일반철골구조,04000,제2종근린생활시설,2,0
경상남도 양산시 주남동 214번지,48330,11600,0,0214,0000,일반건축물,경상남도 양산시 용주로 284 (주남동),,,3182,536.15,16.85,493.65,15.51,일반철골구조,04000,제2종근린생활시설,1,0
경상남도 양산시 주남동 216번지,48330,11600,0,0216,0000,일반건축물,경상남도 양산시 용주로 289-31 (주남동),,,2112,826.04,39.11,826.04,39.11,기타조적구조,21000,축사,1,0
경상남도 양산시 주남동 217-1번지,48330,11600,0,0217,0001,일반건축물,경상남도 양산시 용주로 289-34 (주남동),,,2076,594.72,28.65,594.72,28.65,기타조적구조,21000,축사,1,0
경상남도 양산시 주남동 234번지,48330,11600,0,0234,0000,일반건축물,경상남도 양산시 용주로 323 (주남동),,,670,132,19.7,132,19.7,일반철골구조,04000,제2종근린생활시설(제조업소),1,0
경상남도 양산시 주남동 234번지,48330,11600,0,0234,0000,일반건축물,경상남도 양산시 용주로 323 (주남동),,,0,66,0,66,0,경량철골구조,04000,제2종근린생활시설(제조업소),1,0
경상남도 양산시 주남동 237-5번지,48330,11600,0,0237,0005,일반건축물,경상남도 양산시 용주로 322 (주남동),,,913,106.48,11.66,147.44,16.15,철근콘크리트구조,03000,제1종근린생활시설,2,0
경상남도 양산시 주남동 238-1번지,48330,11600,0,0238,0001,일반건축물,경상남도 양산시 용주로 318 (주남동),,,2800,489.8,17.49,489.8,17.49,일반철골구조,04000,제2종근린생활시설(제조업소),1,0
경상남도 양산시 주남동 239번지,48330,11600,0,0239,0000,일반건축물,경상남도 양산시 장기터1길 6 (주남동),,주건축물제1동,1310,259.8,19.83,259.8,19.83,일반철골구조,04000,제2종근린생활시설,1,0
경상남도 양산시 주남동 239-1번지,48330,11600,0,0239,0001,일반건축물,경상남도 양산시 장기터1길 7 (주남동),,제1동,2323,461.5,19.87,461.5,19.87,일반철골구조,04000,제2종근린생활시설,1,0
경상남도 양산시 주남동 239-2번지,48330,11600,0,0239,0002,일반건축물,경상남도 양산시 장기터1길 17 (주남동),,,980,424.11,43.28,424.11,43.28,기타조적구조,21000,"근린생활시설, 주택",1,0
경상남도 양산시 주남동 239-18번지,48330,11600,0,0239,0018,일반건축물,경상남도 양산시 장기터1길 21 (주남동),,제1동,863,180,20.86,316,36.62,일반철골구조,04000,제2종근린생활시설,2,0
경상남도 양산시 주남동 241번지,48330,11600,0,0241,0000,일반건축물,경상남도 양산시 장기터1길 5 (주남동),,,1823,357,19.58,357,19.58,일반철골구조,30000,자원순환관련시설,1,0
경상남도 양산시 주남동 247-1번지,48330,11600,0,0247,0001,일반건축물,경상남도 양산시 용주로 328 (주남동),,,0,3.6,0,3.6,0,경량철골구조,04000,제2종근린생활시설,1,0
경상남도 양산시 주남동 247-1번지,48330,11600,0,0247,0001,일반건축물,경상남도 양산시 용주로 328 (주남동),,,1417,279.6,19.73,279.6,19.73,일반철골구조,04000,제2종근린생활시설,1,0
경상남도 양산시 주남동 249-1번지,48330,11600,0,0249,0001,일반건축물,경상남도 양산시 용주로 342-14 (주남동),,,2500,494.1,19.76,494.1,19.76,일반철골구조,04000,제2종근린생활시설(제조업소),1,0
경상남도 양산시 주남동 249-8번지,48330,11600,0,0249,0008,일반건축물,경상남도 양산시 용주로 342-12 (주남동),,,2027,379.8,18.74,379.8,18.74,일반철골구조,04000,제2종근린생활시설(제조업소),1,0
경상남도 양산시 주남동 251-4번지,48330,11600,0,0251,0004,일반건축물,경상남도 양산시 용주로 353 (주남동),,,415,82.6,19.9,82.6,19.9,일반철골구조,04000,제2종근린생활시설,1,0
경상남도 양산시 주남동 367번지,48330,11600,0,0367,0000,일반건축물,경상남도 양산시 중뫼길 59-1 (주남동),,B동,0,4.68,0,4.68,0,경량철골구조,04000,제2종근린생활시설(화장실),1,0
경상남도 양산시 주남동 367번지,48330,11600,0,0367,0000,일반건축물,경상남도 양산시 중뫼길 59-1 (주남동),,A동,958,190.88,19.92,190.88,19.92,일반철골구조,04000,제2종근린생활시설,1,0
경상남도 양산시 주남동 376-1번지,48330,11600,0,0376,0001,일반건축물,경상남도 양산시 중뫼길 29-68 (주남동),,,0,29.75,0,29.75,0,일반목구조,01000,주택,1,0
경상남도 양산시 주남동 379번지,48330,11600,0,0379,0000,일반건축물,경상남도 양산시 중뫼길 29-61 (주남동),,,0,82.8,0,82.8,0,기타조적구조,01000,단독주택,1,0
경상남도 양산시 주남동 379번지,48330,11600,0,0379,0000,일반건축물,경상남도 양산시 중뫼길 29-61 (주남동),,,0,39.66,0,39.66,0,일반목구조,01000,단독주택,1,0
경상남도 양산시 주남동 380번지,48330,11600,0,0380,0000,일반건축물,,,,0,33.05,0,33.05,0,일반목구조,01000,주택,1,0
경상남도 양산시 주남동 413번지,48330,11600,0,0413,0000,일반건축물,경상남도 양산시 주남마을길 18-21 (주남동),,,0,2.2,0,2.2,0,경량철골구조,01000,단독주택,1,0
경상남도 양산시 주남동 413번지,48330,11600,0,0413,0000,일반건축물,경상남도 양산시 주남마을길 18-21 (주남동),,,0,23.14,0,23.14,0,블록구조,01000,창고,1,0
경상남도 양산시 주남동 413번지,48330,11600,0,0413,0000,일반건축물,경상남도 양산시 주남로 153 (주남동),,,0,132.55,0,363.75,0,철근콘크리트구조,01000,"단독주택, 제1종근린생활시설",3,0
경상남도 양산시 주남동 413번지,48330,11600,0,0413,0000,일반건축물,경상남도 양산시 주남마을길 18-21 (주남동),,,0,107.89,0,107.89,0,철근콘크리트구조,01000,단독주택,1,0
경상남도 양산시 주남동 414번지,48330,11600,0,0414,0000,일반건축물,경상남도 양산시 주남마을길 18-15 (주남동),,,0,76.02,0,76.02,0,블록구조,01000,주택,1,0
경상남도 양산시 주남동 415번지,48330,11600,0,0415,0000,일반건축물,경상남도 양산시 주남마을길 18-20 (주남동),,,279,96.48,34.58,145.26,52.06,철근콘크리트구조,01000,단독주택,2,0
경상남도 양산시 주남동 416번지,48330,11600,0,0416,0000,일반건축물,경상남도 양산시 주남마을길 18-24 (주남동),,,0,29.75,0,29.75,0,일반목구조,01000,주택,1,0
경상남도 양산시 주남동 417번지,48330,11600,0,0417,0000,일반건축물,경상남도 양산시 주남마을길 18-30 (주남동),,,0,62.8,0,62.8,0,블록구조,01000,주택,1,0
경상남도 양산시 주남동 418-1번지,48330,11600,0,0418,0001,일반건축물,경상남도 양산시 주남마을길 18 (주남동),,,0,67.45,0,128.66,0,철근콘크리트구조,01000,주택,2,0
경상남도 양산시 주남동 419번지,48330,11600,0,0419,0000,일반건축물,경상남도 양산시 주남마을길 16 (주남동),,,474.81,157.48,33.17,234.64,49.42,철근콘크리트구조,03000,"근린생활시설, 주택",2,0
경상남도 양산시 주남동 423번지,48330,11600,0,0423,0000,일반건축물,경상남도 양산시 주남마을길 12-1 (주남동),,,0,0,0,90.9,0,일반목구조,01000,주택,1,0
경상남도 양산시 주남동 425번지,48330,11600,0,0425,0000,일반건축물,경상남도 양산시 주남로 147 (주남동),,2동,1045,11.52,1.1,11.52,1.1,경량철골구조,03000,제1종근린생활시설,1,0
경상남도 양산시 주남동 425번지,48330,11600,0,0425,0000,일반건축물,경상남도 양산시 주남로 147 (주남동),,1동,1045,379.52,36.32,379.52,36.32,일반철골구조,03000,"제1종근린생활시설,제2종근린생활시설",1,0
경상남도 양산시 주남동 432-1번지,48330,11600,0,0432,0001,일반건축물,경상남도 양산시 주남마을길 6 (주남동),,,516,53.4,10.35,53.4,10.35,경량철골구조,04000,제2종근린생활시설,1,0
경상남도 양산시 주남동 434-1번지,48330,11600,0,0434,0001,일반건축물,경상남도 양산시 주남마을길 12 (주남동),,4동,0,66.8,0,66.8,0,기타조적구조,01000,주택,1,0
경상남도 양산시 주남동 434-1번지,48330,11600,0,0434,0001,일반건축물,경상남도 양산시 주남마을길 12 (주남동),,1동,0,76.82,0,76.82,0,경량철골구조,01000,단독주택,1,0
경상남도 양산시 주남동 434-1번지,48330,11600,0,0434,0001,일반건축물,경상남도 양산시 주남마을길 12 (주남동),,3동,0,47.93,0,47.93,0,기타조적구조,01000,주택,1,0
경상남도 양산시 주남동 434-4번지,48330,11600,0,0434,0004,일반건축물,경상남도 양산시 주남마을길 14 (주남동),,,222,87.45,39.39,93.63,41.2,철근콘크리트구조,01000,단독주택,2,0
경상남도 양산시 주남동 436-4번지,48330,11600,0,0436,0004,일반건축물,경상남도 양산시 주남마을길 15 (주남동),,,264,119.12,45.12,142.98,54.16,철근콘크리트구조,01000,단독주택,2,0
경상남도 양산시 주남동 438번지,48330,11600,0,0438,0000,일반건축물,경상남도 양산시 주남마을길 11-9 (주남동),,,330,155.43,47.1,310.86,94.2,일반철골구조,03000,제1종근린생활시설,2,0
경상남도 양산시 주남동 439번지,48330,11600,0,0439,0000,일반건축물,경상남도 양산시 주남마을길 11-9 (주남동),,,908,437.04,48.13,430.32,47.39,철근콘크리트구조,04000,"제1종,제2종근린생활시설",1,0
경상남도 양산시 주남동 439-1번지,48330,11600,0,0439,0001,일반건축물,경상남도 양산시 주남마을길 11-7 (주남동),,,802,456.84,56.96,481.85,60.08,일반철골구조,04000,"제2종근린생활시설(제조업소), 제1종근린생활시설(소매점)",2,0
경상남도 양산시 주남동 441-1번지,48330,11600,0,0441,0001,일반건축물,경상남도 양산시 주남로 134 (주남동),,,342,68,19.88,136,39.77,철근콘크리트구조,04000,제2종근린생활시설(사무소),3,0
경상남도 양산시 주남동 442-1번지,48330,11600,0,0442,0001,일반건축물,경상남도 양산시 주남로 126 (주남동),,가동,0,237.5,0,237.5,0,철근콘크리트구조,04000,제2종근린생활시설,1,0
경상남도 양산시 주남동 442-1번지,48330,11600,0,0442,0001,일반건축물,경상남도 양산시 주남로 128 (주남동),,다동,0,6.12,0,6.12,0,철근콘크리트구조,04000,제2종근린생활시설(화장실),1,0
경상남도 양산시 주남동 442-1번지,48330,11600,0,0442,0001,일반건축물,경상남도 양산시 주남로 128 (주남동),,나동,0,184.37,0,184.37,0,경량철골구조,04000,제2종근린생활시설,1,0
경상남도 양산시 주남동 442-4번지,48330,11600,0,0442,0004,일반건축물,경상남도 양산시 주남마을길 1 (주남동),,,200,118.4,59.2,118.4,59.2,철근콘크리트구조,04000,근린생활시설,1,0
경상남도 양산시 주남동 442-12번지,48330,11600,0,0442,0012,일반건축물,경상남도 양산시 주남로 131 (주남동),,C동,115,11.25,9.78,11.25,9.78,철근콘크리트구조,19000,액화가스판매소,1,0
경상남도 양산시 주남동 442-12번지,48330,11600,0,0442,0012,일반건축물,경상남도 양산시 주남로 131 (주남동),,B동,115,11.61,10.1,11.61,10.1,블록구조,19000,액화가스판매소,1,0
경상남도 양산시 주남동 442-12번지,48330,11600,0,0442,0012,일반건축물,경상남도 양산시 주남로 131 (주남동),,,115,43.53,37.85,43.53,37.85,철근콘크리트구조,19000,위험물저장및처리시설,1,0
경상남도 양산시 주남동 448-1번지,48330,11600,0,0448,0001,일반건축물,경상남도 양산시 주남로 124 (주남동),,,0,35.7,0,35.7,0,블록구조,01000,주택,1,0
경상남도 양산시 주남동 479번지,48330,11600,0,0479,0000,일반건축물,경상남도 양산시 중뫼길 29-29 (주남동),,,848,100.28,11.83,149.52,17.63,일반철골구조,01000,단독주택,2,0
경상남도 양산시 주남동 490번지,48330,11600,0,0490,0000,일반건축물,경상남도 양산시 주남로 108 (주남동),,1동,0,490,0,490,0,일반철골구조,04000,제2종근린생활시설,1,0
경상남도 양산시 주남동 490번지,48330,11600,0,0490,0000,일반건축물,경상남도 양산시 주남로 108 (주남동),,3동,0,103.29,0,162.39,0,일반철골구조,22000,분뇨및쓰레기처리시설,2,0
경상남도 양산시 주남동 490번지,48330,11600,0,0490,0000,일반건축물,경상남도 양산시 주남로 108 (주남동),,2동,0,208.75,0,208.75,0,일반철골구조,22000,분뇨및쓰레기처리시설,1,0
경상남도 양산시 주남동 490-2번지,48330,11600,0,0490,0002,일반건축물,경상남도 양산시 주남로 100 (주남동),,,595,118.4,19.9,118.4,19.9,일반철골구조,04000,제조업,1,0
경상남도 양산시 주남동 493-1번지,48330,11600,0,0493,0001,일반건축물,경상남도 양산시 주남로 98 (주남동),,,2149,424.15,19.74,490.5,22.82,일반철골구조,04000,제2종근린생활시설,2,0
경상남도 양산시 주남동 494-3번지,48330,11600,0,0494,0003,일반건축물,경상남도 양산시 주남로 93 (주남동),,,2217,531.2,23.96,531.2,23.96,일반철골구조,20000,자동차관련시설,1,0
경상남도 양산시 주남동 497번지,48330,11600,0,0497,0000,일반건축물,경상남도 양산시 주남로 101-19 (주남동),,,1769,750,42.4,850,48.05,일반철골구조,20000,자동차관련시설,2,0
경상남도 양산시 주남동 497-2번지,48330,11600,0,0497,0002,일반건축물,경상남도 양산시 소주공단1길 28 (주남동),,,1217,636.75,52.32,757.35,62.23,일반철골구조,17000,공장,2,0
경상남도 양산시 주남동 497-3번지,48330,11600,0,0497,0003,일반건축물,경상남도 양산시 소주공단1길 22 (주남동),,,1505,994.15,66.06,952.67,63.3,일반철골구조,17000,공장,1,0
경상남도 양산시 주남동 497-4번지,48330,11600,0,0497,0004,일반건축물,경상남도 양산시 소주공단1길 20 (주남동),,,1831,380,20.75,380,20.75,일반철골구조,19000,위험물저장및처리시설,1,0
경상남도 양산시 주남동 497-5번지,48330,11600,0,0497,0005,일반건축물,경상남도 양산시 소주공단1길 14 (주남동),,,2457,1241.84,50.54,1456.52,59.28,일반철골구조,17000,일반공장,1,0
경상남도 양산시 주남동 497-5번지,48330,11600,0,0497,0005,일반건축물,경상남도 양산시 소주공단1길 14 (주남동),,,2457,249.84,10.17,478.52,19.48,일반철골구조,17000,일반공장-사무실,2,0
경상남도 양산시 주남동 498-3번지,48330,11600,0,0498,0003,일반건축물,경상남도 양산시 주남로 99 (주남동),,2동,0,127.4,0,176.8,0,일반철골구조,17000,"사무실,숙소",2,0
경상남도 양산시 주남동 498-3번지,48330,11600,0,0498,0003,일반건축물,경상남도 양산시 주남로 99 (주남동),,1동,0,492.17,0,647.42,0,일반철골구조,17000,공장,2,0
경상남도 양산시 주남동 499-3번지,48330,11600,0,0499,0003,일반건축물,경상남도 양산시 주남로 101 (주남동),,,1857,668.1,35.98,700.32,37.71,일반철골구조,17000,공장,2,0
경상남도 양산시 주남동 500번지,48330,11600,0,0500,0000,일반건축물,경상남도 양산시 주남로 101-8 (주남동),,,1653,1009.15,61.05,1042.68,63.08,일반철골구조,17000,공장,1,0
경상남도 양산시 주남동 500-2번지,48330,11600,0,0500,0002,일반건축물,경상남도 양산시 주남로 101-20 (주남동),,1동,0,240,0,240,0,경량철골구조,17000,공장,1,0
경상남도 양산시 주남동 500-2번지,48330,11600,0,0500,0002,일반건축물,경상남도 양산시 주남로 101-20 (주남동),,2동,0,216,0,216,0,경량철골구조,17000,공장,1,0
경상남도 양산시 주남동 500-2번지,48330,11600,0,0500,0002,일반건축물,경상남도 양산시 주남로 101-20 (주남동),,4동,0,39.48,0,39.48,0,경량철골구조,17000,공장,1,0
경상남도 양산시 주남동 500-2번지,48330,11600,0,0500,0002,일반건축물,경상남도 양산시 주남로 101-20 (주남동),,3동,0,39,0,39,0,경량철골구조,17000,공장,1,0
경상남도 양산시 주남동 502번지,48330,11600,0,0502,0000,일반건축물,경상남도 양산시 주남로 105 (주남동),주신기업(주),,1465,690.42,47.13,690.42,47.13,일반철골구조,17000,공장,1,0
경상남도 양산시 주남동 502-2번지,48330,11600,0,0502,0002,일반건축물,경상남도 양산시 주남로 107 (주남동),,,0,488,0,958,0,일반철골구조,17000,공장,2,0
경상남도 양산시 주남동 502-2번지,48330,11600,0,0502,0002,일반건축물,경상남도 양산시 주남로 107 (주남동),,,0,18,0,18,0,블록구조,17000,"화장실,샤워실",1,0
경상남도 양산시 주남동 502-2번지,48330,11600,0,0502,0002,일반건축물,경상남도 양산시 주남로 107 (주남동),,,0,396,0,396,0,일반철골구조,17000,공장,1,0
경상남도 양산시 주남동 525번지,48330,11600,0,0525,0000,일반건축물,경상남도 양산시 주남로 113 (주남동),사무동,,0,643.5,0,1896,0,철근콘크리트구조,17000,공장,3,0
경상남도 양산시 주남동 525번지,48330,11600,0,0525,0000,일반건축물,경상남도 양산시 주남로 113 (주남동),기사대기실,,0,55,0,80,0,경량철골구조,17000,공장,2,0
경상남도 양산시 주남동 525번지,48330,11600,0,0525,0000,일반건축물,경상남도 양산시 주남로 113 (주남동),경비동,,0,17.21,0,17.21,0,기타조적구조,17000,공장,1,0
경상남도 양산시 주남동 525번지,48330,11600,0,0525,0000,일반건축물,경상남도 양산시 주남로 113 (주남동),폐수처리동,,0,409.2,0,399,0,일반철골구조,22000,"분뇨및쓰레기처리시설, 폐수처리장",1,0
경상남도 양산시 주남동 525번지,48330,11600,0,0525,0000,일반건축물,경상남도 양산시 주남로 113 (주남동),공장동,,41811,27335.26,65.38,27807.26,66.51,일반철골구조,17000,공장,2,0
경상남도 양산시 주남동 533번지,48330,11600,0,0533,0000,일반건축물,경상남도 양산시 소주공단1길 58 (주남동),,A동,0,1095.47,0,1120.6,0,일반철골구조,17000,공장,2,0
경상남도 양산시 주남동 533번지,48330,11600,0,0533,0000,일반건축물,경상남도 양산시 소주공단1길 58 (주남동),,D동,0,834.82,0,1292.25,0,일반철골구조,17000,공장,2,0
경상남도 양산시 주남동 533번지,48330,11600,0,0533,0000,일반건축물,경상남도 양산시 소주공단1길 58 (주남동),,B동,0,725.62,0,900.93,0,일반철골구조,17000,공장,2,0
경상남도 양산시 주남동 533번지,48330,11600,0,0533,0000,일반건축물,경상남도 양산시 소주공단1길 58 (주남동),,C동,0,825,0,825,0,일반철골구조,17000,공장,1,0
경상남도 양산시 주남동 535번지,48330,11600,0,0535,0000,일반건축물,경상남도 양산시 소주공단1길 62 (주남동),,A동,0,2543.76,0,2928.76,0,일반철골구조,17000,공장,1,0
경상남도 양산시 주남동 535번지,48330,11600,0,0535,0000,일반건축물,경상남도 양산시 소주공단1길 62 (주남동),,B동,0,420,0,420,0,일반철골구조,17000,공장,1,0
경상남도 양산시 주남동 535번지,48330,11600,0,0535,0000,일반건축물,,,C동,0,770,0,770,0,일반철골구조,17000,공장(창고),2,0
경상남도 양산시 주남동 535번지,48330,11600,0,0535,0000,일반건축물,,,D동,0,750,0,750,0,일반철골구조,17000,공장(창고),1,0
경상남도 양산시 주남동 539-1번지,48330,11600,0,0539,0001,일반건축물,경상남도 양산시 소주공단1길 60 (주남동),(주)미성 제2공장,,933,535.905,57.44,755.99,81.03,일반철골구조,17000,공장,2,0
경상남도 양산시 주남동 540-1번지,48330,11600,0,0540,0001,일반건축물,경상남도 양산시 소주공단1길 69 (주남동),,,4471.3,1607.01,35.94,1728.69,38.66,일반철골구조,30000,자원순환관련시설,1,0
경상남도 양산시 주남동 540-1번지,48330,11600,0,0540,0001,일반건축물,경상남도 양산시 소주공단1길 69 (주남동),,,0,788.84,0,910.52,0,일반철골구조,30000,자원순환관련시설,0,0
경상남도 양산시 주남동 540-1번지,48330,11600,0,0540,0001,일반건축물,경상남도 양산시 소주공단1길 69 (주남동),,A동,0,560,0,560,0,일반철골구조,30000,자원순환관련시설,1,0
경상남도 양산시 주남동 540-2번지,48330,11600,0,0540,0002,일반건축물,경상남도 양산시 소주공단1길 63 (주남동),,나동,0,2136.03,0,5718.23,0,일반철골구조,19000,위험물저장및처리시설,3,0
경상남도 양산시 주남동 540-2번지,48330,11600,0,0540,0002,일반건축물,경상남도 양산시 소주공단1길 63 (주남동),,다동,0,308.24,0,399.51,0,일반철골구조,17000,공장,2,0
경상남도 양산시 주남동 540-2번지,48330,11600,0,0540,0002,일반건축물,경상남도 양산시 소주공단1길 63 (주남동),,마동,0,302.62,0,302.62,0,일반철골구조,19000,위험물저장및처리시설,1,0
경상남도 양산시 주남동 540-2번지,48330,11600,0,0540,0002,일반건축물,경상남도 양산시 소주공단1길 63 (주남동),,사동,0,31.32,0,31.32,0,일반철골구조,17000,공장,1,0
경상남도 양산시 주남동 540-2번지,48330,11600,0,0540,0002,일반건축물,경상남도 양산시 소주공단1길 63 (주남동),,라동,0,816.89,0,691.77,0,일반철골구조,19000,위험물저장및처리시설,1,0
경상남도 양산시 주남동 540-2번지,48330,11600,0,0540,0002,일반건축물,경상남도 양산시 소주공단1길 63 (주남동),,바동,0,30.03,0,25.74,0,철근콘크리트구조,17000,공장,1,0
경상남도 양산시 주남동 540-2번지,48330,11600,0,0540,0002,일반건축물,경상남도 양산시 소주공단1길 63 (주남동),,아동,0,9.15,0,9.15,0,철근콘크리트구조,19000,위험물저장및처리시설,1,0
경상남도 양산시 주남동 540-2번지,48330,11600,0,0540,0002,일반건축물,경상남도 양산시 소주공단1길 63 (주남동),,가동,0,1127.13,0,3634.75,0,철근콘크리트구조,17000,공장,5,1
경상남도 양산시 주남동 540-3번지,48330,11600,0,0540,0003,일반건축물,경상남도 양산시 소주공단1길 51 (주남동),,H동,0,36,0,36,0,기타조적구조,17000,사무실,1,0
경상남도 양산시 주남동 540-3번지,48330,11600,0,0540,0003,일반건축물,경상남도 양산시 소주공단1길 51 (주남동),,C동,0,30.9,0,50.5,0,기타조적구조,17000,"화장실,사무실",2,0
경상남도 양산시 주남동 540-3번지,48330,11600,0,0540,0003,일반건축물,경상남도 양산시 소주공단1길 51 (주남동),,J동,0,72,0,72,0,경량철골구조,17000,창고,1,0
경상남도 양산시 주남동 540-3번지,48330,11600,0,0540,0003,일반건축물,경상남도 양산시 소주공단1길 51 (주남동),,"A동(주1),D동(주3),E동(주4),F동(주5),G동(주6)",3784.5,2008.3,53.07,2030,53.64,일반철골구조,17000,"공장, 위험물저장 및 처리시설",2,0
경상남도 양산시 주남동 540-4번지,48330,11600,0,0540,0004,일반건축물,경상남도 양산시 소주공단1길 75 (주남동),,제2동,0,87.72,0,175.44,0,일반철골구조,17000,공장,2,0
경상남도 양산시 주남동 540-4번지,48330,11600,0,0540,0004,일반건축물,경상남도 양산시 소주공단1길 75 (주남동),,제1동,3309.9,1525.22,46.08,1612.94,48.73,일반철골구조,17000,공장,1,0
경상남도 양산시 주남동 540-5번지,48330,11600,0,0540,0005,일반건축물,경상남도 양산시 소주공단2길 74 (주남동),,,1630.5,264.36,16.21,301.61,18.5,일반철골구조,17000,공장,2,0
경상남도 양산시 주남동 540-5번지,48330,11600,0,0540,0005,일반건축물,경상남도 양산시 소주공단2길 74 (주남동),,,1630.5,680.31,41.72,794.86,48.75,일반철골구조,17000,공장,2,0
경상남도 양산시 주남동 540-6번지,48330,11600,0,0540,0006,일반건축물,경상남도 양산시 소주공단2길 64 (주남동),,,6536.6,4071.84,62.29,4706.28,68.42,일반철골구조,17000,공해공장,2,1
경상남도 양산시 주남동 540-6번지,48330,11600,0,0540,0006,일반건축물,경상남도 양산시 소주공단2길 64 (주남동),,4호동,0,73.6,0,138,0,일반철골구조,17000,공장(창고),2,0
경상남도 양산시 주남동 540-6번지,48330,11600,0,0540,0006,일반건축물,경상남도 양산시 소주공단2길 64 (주남동),,,6536.6,136.55,2.09,252.59,3.86,철골콘크리트구조,17000,공장,2,0
경상남도 양산시 주남동 540-8번지,48330,11600,0,0540,0008,일반건축물,경상남도 양산시 소주공단2길 58 (주남동),,3동,0,197.2,0,389.92,0,철근콘크리트구조,17000,공장,2,0
경상남도 양산시 주남동 540-8번지,48330,11600,0,0540,0008,일반건축물,경상남도 양산시 소주공단2길 58 (주남동),,1동,0,1057.3,0,1276.3,0,일반철골구조,17000,공장,1,0
경상남도 양산시 주남동 540-8번지,48330,11600,0,0540,0008,일반건축물,경상남도 양산시 소주공단2길 58 (주남동),,5동,0,524,0,698,0,경량철골구조,17000,공장,2,0
경상남도 양산시 주남동 540-8번지,48330,11600,0,0540,0008,일반건축물,경상남도 양산시 소주공단2길 58 (주남동),,4동,0,136.5,0,181.5,0,기타조적구조,17000,공장,2,0
경상남도 양산시 주남동 540-8번지,48330,11600,0,0540,0008,일반건축물,경상남도 양산시 소주공단2길 58 (주남동),,2동,0,594,0,786.72,0,일반철골구조,17000,공장,1,0
경상남도 양산시 주남동 540-9번지,48330,11600,0,0540,0009,일반건축물,경상남도 양산시 소주공단2길 52 (주남동),,,3253.6,1750.42,53.8,2755.2,62.25,철근콘크리트구조,17000,공해공장,3,1
경상남도 양산시 주남동 540-11번지,48330,11600,0,0540,0011,일반건축물,경상남도 양산시 소주공단2길 72 (주남동),,,1630.6,1105.8,67.82,1368,67.12,일반철골구조,30000,자원순환관련시설,1,2
경상남도 양산시 주남동 541-1번지,48330,11600,0,0541,0001,일반건축물,경상남도 양산시 소주공단1길 49 (주남동),,,3292.7,2290.21,69.55,4030.55,121.2,일반철골구조,17000,공장,2,0
경상남도 양산시 주남동 541-1번지,48330,11600,0,0541,0001,일반건축물,경상남도 양산시 소주공단1길 49 (주남동),,,0,233.6,0,972.34,0,철근콘크리트구조,17000,공장,4,1
경상남도 양산시 주남동 541-2번지,48330,11600,0,0541,0002,일반건축물,경상남도 양산시 소주공단1길 41 (주남동),,,15932.2,10366.26,65.06,17786.99,111,일반철골구조,17000,공장,4,0
경상남도 양산시 주남동 541-2번지,48330,11600,0,0541,0002,일반건축물,경상남도 양산시 소주공단1길 41 (주남동),,,0,48,0,48,0,일반철골구조,17000,공장 부속 휴게실,1,0
경상남도 양산시 주남동 541-2번지,48330,11600,0,0541,0002,일반건축물,경상남도 양산시 소주공단1길 41 (주남동),,,0,91.6,0,166.93,0,철근콘크리트구조,17000,일반공장(폐기물처리장),2,1
경상남도 양산시 주남동 541-2번지,48330,11600,0,0541,0002,일반건축물,경상남도 양산시 소주공단1길 41 (주남동),,,0,132.12,0,177.77,0,철근콘크리트구조,17000,일반공장(펌프실),1,1
경상남도 양산시 주남동 541-2번지,48330,11600,0,0541,0002,일반건축물,경상남도 양산시 소주공단1길 41 (주남동),,,0,21.29,0,21.29,0,철근콘크리트구조,17000,일반공장(경비실),1,0
경상남도 양산시 주남동 541-6번지,48330,11600,0,0541,0006,일반건축물,경상남도 양산시 소주공단2길 26 (주남동),,,0,227.05,0,397.05,0,일반철골구조,17000,"공장(사무실,숙소,창고,보일러실)",2,0
경상남도 양산시 주남동 541-6번지,48330,11600,0,0541,0006,일반건축물,경상남도 양산시 소주공단2길 26 (주남동),,,0,104,0,104,0,일반철골구조,17000,공장(창고),1,0
경상남도 양산시 주남동 541-6번지,48330,11600,0,0541,0006,일반건축물,경상남도 양산시 소주공단2길 26 (주남동),,,2984.1,1686.75,56.52,1853.05,62.1,일반철골구조,17000,공장,1,0
경상남도 양산시 주남동 541-7번지,48330,11600,0,0541,0007,일반건축물,경상남도 양산시 소주공단2길 36 (주남동),,1동,0,608,0,608,0,일반철골구조,17000,공장,1,0
경상남도 양산시 주남동 541-7번지,48330,11600,0,0541,0007,일반건축물,경상남도 양산시 소주공단2길 36 (주남동),,2동,0,965,0,965,0,일반철골구조,17000,공장,1,0
경상남도 양산시 주남동 541-8번지,48330,11600,0,0541,0008,일반건축물,경상남도 양산시 소주공단2길 40 (주남동),,,0,92.18,0,255.58,0,철근콘크리트구조,30000,자원순환관련시설(폐기물재활용시설),3,0
경상남도 양산시 주남동 541-8번지,48330,11600,0,0541,0008,일반건축물,경상남도 양산시 소주공단2길 40 (주남동),,,3305.5,2150.44,65.06,2275.42,68.84,일반철골구조,30000,자원순환관련시설(폐기물재활용시설),2,0
경상남도 양산시 주남동 541-9번지,48330,11600,0,0541,0009,일반건축물,경상남도 양산시 소주공단2길 42 (주남동),B동,,0,489.84,0,1041.41,0,일반철골구조,17000,공장,3,1
경상남도 양산시 주남동 541-9번지,48330,11600,0,0541,0009,일반건축물,경상남도 양산시 소주공단2길 42 (주남동),"A,C,D동",,0,1236.86,0,1289.52,0,일반철골구조,17000,공장,1,0
경상남도 양산시 주남동 541-10번지,48330,11600,0,0541,0010,일반건축물,경상남도 양산시 소주공단2길 48 (주남동),,,3280.7,1605.26,48.93,2577.05,78.55,일반철골구조,19000,위험물저장및처리시설,3,0
경상남도 양산시 주남동 541-11번지,48330,11600,0,0541,0011,일반건축물,경상남도 양산시 소주공단2길 28 (주남동),,,1519.7,955.18,62.85,2277.3,149.85,일반철골구조,17000,공해공장,3,0
경상남도 양산시 주남동 541-12번지,48330,11600,0,0541,0012,일반건축물,경상남도 양산시 소주공단2길 32 (주남동),,,1519.6,841.64,55.39,913.04,60.08,일반철골구조,17000,공장,2,0
경상남도 양산시 주남동 542-2번지,48330,11600,0,0542,0002,일반건축물,경상남도 양산시 소주공단1길 11 (주남동),,,26274.2,15741.96,59.91,20059,76.35,철근콘크리트구조,17000,공장,4,0
경상남도 양산시 주남동 542-3번지,48330,11600,0,0542,0003,일반건축물,경상남도 양산시 소주공단로 24 (주남동),C동,,0,466.38,0,466.38,0,경량철골구조,17000,공장,1,0
경상남도 양산시 주남동 542-3번지,48330,11600,0,0542,0003,일반건축물,경상남도 양산시 소주공단로 24 (주남동),A동,,0,3445.6,0,5671.02,0,일반철골구조,17000,공장,2,0
경상남도 양산시 주남동 542-3번지,48330,11600,0,0542,0003,일반건축물,경상남도 양산시 소주공단로 24 (주남동),E동,,0,33.47,0,33.47,0,기타조적구조,17000,공장,1,0
경상남도 양산시 주남동 542-3번지,48330,11600,0,0542,0003,일반건축물,경상남도 양산시 소주공단로 24 (주남동),F동,,0,708.6,0,697.6,0,일반철골구조,17000,공장,1,0
경상남도 양산시 주남동 542-3번지,48330,11600,0,0542,0003,일반건축물,경상남도 양산시 소주공단로 24 (주남동),B동,,0,256,0,512,0,철근콘크리트구조,17000,공장,2,0
경상남도 양산시 주남동 544-7번지,48330,11600,0,0544,0007,일반건축물,경상남도 양산시 소주공단1길 66 (주남동),,2동,2589,72.6,2.8,72.6,2.8,경량철골구조,17000,공장,1,0
경상남도 양산시 주남동 544-7번지,48330,11600,0,0544,0007,일반건축물,경상남도 양산시 소주공단1길 66 (주남동),,,2589,793.86,30.66,793.86,30.66,일반철골구조,17000,공장,1,0
경상남도 양산시 주남동 545번지,48330,11600,0,0545,0000,일반건축물,경상남도 양산시 소주공단1길 72 (주남동),,,1414,328.8,23.25,328.8,23.25,일반철골구조,04000,제조업소,1,0
경상남도 양산시 주남동 545-2번지,48330,11600,0,0545,0002,일반건축물,경상남도 양산시 주남마을길 11-15 (주남동),,A동,0,328.8,0,328.8,0,일반철골구조,04000,제조업소,1,0
경상남도 양산시 주남동 545-2번지,48330,11600,0,0545,0002,일반건축물,경상남도 양산시 주남마을길 11-15 (주남동),,B동,0,199.2,0,499.93,0,철근콘크리트구조,03000,소매점,3,0
경상남도 양산시 주남동 553-1번지,48330,11600,0,0553,0001,일반건축물,경상남도 양산시 소주공단로 10 (주남동),분뇨처리장,B동,0,873.45,0,1582.31,0,철근콘크리트구조,22000,분뇨및쓰레기처리시설,5,1
경상남도 양산시 주남동 553-1번지,48330,11600,0,0553,0001,일반건축물,경상남도 양산시 소주공단로 10 (주남동),분뇨처리장,C동,0,121.5,0,108,0,철근콘크리트구조,22000,분뇨및쓰레기처리시설,1,0
경상남도 양산시 주남동 553-1번지,48330,11600,0,0553,0001,일반건축물,경상남도 양산시 소주공단로 10 (주남동),분뇨처리장,A동,0,501,0,1934.71,0,철근콘크리트구조,22000,분뇨및쓰레기처리시설,4,1
경상남도 양산시 주남동 555-1번지,48330,11600,0,0555,0001,일반건축물,경상남도 양산시 소주공단1길 109 (주남동),,,3246,1255.95,38.62,1255.95,38.69,경량철골구조,17000,공장,1,0
경상남도 양산시 주남동 555-1번지,48330,11600,0,0555,0001,일반건축물,경상남도 양산시 소주공단1길 109 (주남동),,,0,496.95,0,496.95,0,경량철골구조,17000,창고,1,0
경상남도 양산시 주남동 555-5번지,48330,11600,0,0555,0005,일반건축물,경상남도 양산시 주남마을2길 31-17 (주남동),,,1800,521.5,28.97,633.5,35.19,일반철골구조,17000,공장,1,0
경상남도 양산시 주남동 555-5번지,48330,11600,0,0555,0005,일반건축물,경상남도 양산시 주남마을2길 31-17 (주남동),,,0,112,0,224,0,일반철골구조,17000,"사무실,부대시설",2,0
경상남도 양산시 주남동 555-6번지,48330,11600,0,0555,0006,일반건축물,경상남도 양산시 주남마을2길 31-15 (주남동),,,3209,487.5,15.19,487.5,15.19,일반철골구조,30000,자원순환관련시설,1,0
경상남도 양산시 주남동 555-6번지,48330,11600,0,0555,0006,일반건축물,경상남도 양산시 주남마을2길 31-15 (주남동),,,3209,84.5,2.63,156,4.86,철근콘크리트구조,17000,공장(사무실),2,0
경상남도 양산시 주남동 555-6번지,48330,11600,0,0555,0006,일반건축물,경상남도 양산시 주남마을2길 31-15 (주남동),,,3209,1153.5,35.95,1199,37.36,일반철골구조,17000,공장,1,0
경상남도 양산시 주남동 557-1번지,48330,11600,0,0557,0001,일반건축물,경상남도 양산시 소주공단1길 105 (주남동),,,2760,1591,57.64,2252.03,73.54,일반철골구조,17000,공해공장,1,0
경상남도 양산시 주남동 558번지,48330,11600,0,0558,0000,일반건축물,경상남도 양산시 소주공단1길 97 (주남동),,C동,0,14.26,0,14.26,0,벽돌구조,17000,공장,1,0
경상남도 양산시 주남동 558번지,48330,11600,0,0558,0000,일반건축물,경상남도 양산시 소주공단1길 97 (주남동),,D동,0,122.38,0,244.76,0,일반철골구조,17000,공장,2,0
경상남도 양산시 주남동 558번지,48330,11600,0,0558,0000,일반건축물,경상남도 양산시 소주공단1길 97 (주남동),,A동,0,648.24,0,1493.69,0,일반철골구조,17000,공장,3,0
경상남도 양산시 주남동 558번지,48330,11600,0,0558,0000,일반건축물,경상남도 양산시 소주공단1길 97 (주남동),,B동,0,862.59,0,2084.85,0,철근콘크리트구조,17000,공장,3,0
경상남도 양산시 주남동 558-3번지,48330,11600,0,0558,0003,일반건축물,,,,0,0,0,1461.15,0,블록구조,21000,축사,1,0
경상남도 양산시 주남동 559-2번지,48330,11600,0,0559,0002,일반건축물,경상남도 양산시 소주공단5길 3 (주남동),,,0,322.32,0,1162.14,0,철근콘크리트구조,17000,"공장(식당,휴게실,주차장,사무실,기숙사,회의실)",3,1
경상남도 양산시 주남동 559-2번지,48330,11600,0,0559,0002,일반건축물,경상남도 양산시 소주공단5길 3 (주남동),,,7787.2,2547.07,32.71,4806.57,59.22,일반철골구조,17000,공장,2,0
경상남도 양산시 주남동 559-2번지,48330,11600,0,0559,0002,일반건축물,경상남도 양산시 소주공단5길 3 (주남동),,,0,15,0,15,0,철근콘크리트구조,17000,공장(수위실),1,0
경상남도 양산시 주남동 559-2번지,48330,11600,0,0559,0002,일반건축물,경상남도 양산시 소주공단5길 3 (주남동),,,0,83.33,0,83.33,0,경량철골구조,17000,공장(보일러실),1,0
경상남도 양산시 주남동 559-3번지,48330,11600,0,0559,0003,일반건축물,경상남도 양산시 소주공단1길 79 (주남동),,,0,700.05,0,1134.05,0,철근콘크리트구조,17000,공장,3,0
경상남도 양산시 주남동 559-5번지,48330,11600,0,0559,0005,일반건축물,경상남도 양산시 소주공단2길 78 (주남동),,,0,18,0,18,0,일반철골구조,17000,공장(경비실),1,0
경상남도 양산시 주남동 559-5번지,48330,11600,0,0559,0005,일반건축물,경상남도 양산시 소주공단2길 78 (주남동),,,6888,192,2.79,366,5.31,일반철골구조,17000,공장,2,0
경상남도 양산시 주남동 559-9번지,48330,11600,0,0559,0009,일반건축물,경상남도 양산시 소주공단2길 86 (주남동),,,0,2752.49,0,2735.54,0,일반철골구조,17000,공장,2,0
경상남도 양산시 주남동 559-9번지,48330,11600,0,0559,0009,일반건축물,경상남도 양산시 소주공단5길 13 (주남동),,,0,2337.6,0,2680.41,0,일반철골구조,17000,공장,2,1
경상남도 양산시 주남동 559-9번지,48330,11600,0,0559,0009,일반건축물,경상남도 양산시 소주공단5길 13 (주남동),,,0,990,0,990,0,일반철골구조,17000,공장,1,0
경상남도 양산시 주남동 559-10번지,48330,11600,0,0559,0010,일반건축물,경상남도 양산시 소주공단5길 5 (주남동),,,1654.1,1156.35,69.91,2534.65,153.23,일반철골구조,17000,공장,3,0
경상남도 양산시 주남동 559-10번지,48330,11600,0,0559,0010,일반건축물,경상남도 양산시 소주공단5길 5 (주남동),,,0,70.5,0,136.5,0,일반철골구조,17000,사무실,2,0
경상남도 양산시 주남동 561번지,48330,11600,0,0561,0000,일반건축물,경상남도 양산시 주남마을길 11-27 (주남동),,,1099,278.94,25.38,414.3,37.7,경량철골구조,Z3000,근린생활시설,2,0
경상남도 양산시 주남동 561-3번지,48330,11600,0,0561,0003,일반건축물,경상남도 양산시 주남마을길 11-35 (주남동),,,164,97.82,59.65,174.49,106.4,철근콘크리트구조,01000,단독주택(3가구),2,0
경상남도 양산시 주남동 561-4번지,48330,11600,0,0561,0004,일반건축물,경상남도 양산시 주남마을길 11-33 (주남동),,,265,134.48,50.75,176.24,66.51,일반철골구조,03000,"제1종근린생활시설,단독주택",2,0
경상남도 양산시 주남동 564번지,48330,11600,0,0564,0000,일반건축물,경상남도 양산시 주남마을길 17-17 (주남동),,,0,49.59,0,49.59,0,블록구조,01000,주택,1,0
경상남도 양산시 주남동 564번지,48330,11600,0,0564,0000,일반건축물,경상남도 양산시 주남마을길 17-17 (주남동),,,0,79,0,79,0,블록구조,01000,주택,1,0
경상남도 양산시 주남동 567-2번지,48330,11600,0,0567,0002,일반건축물,경상남도 양산시 주남마을길 17-9 (주남동),,,0,52.89,0,52.89,0,일반목구조,01000,주택,1,0
경상남도 양산시 주남동 567-3번지,48330,11600,0,0567,0003,일반건축물,경상남도 양산시 주남마을길 17-3 (주남동),,,491,221.91,45.2,272.28,55.45,철근콘크리트구조,01000,주택,2,0
경상남도 양산시 주남동 568-5번지,48330,11600,0,0568,0005,일반건축물,경상남도 양산시 주남마을길 17-10 (주남동),,,0,9.91,0,9.91,0,블록구조,18000,창고,1,0
경상남도 양산시 주남동 568-7번지,48330,11600,0,0568,0007,일반건축물,경상남도 양산시 주남마을길 17-10 (주남동),,,312,96.64,30.97,89.64,28.73,철근콘크리트구조,01000,단독주택,1,0
경상남도 양산시 주남동 569-1번지,48330,11600,0,0569,0001,일반건축물,경상남도 양산시 주남마을길 22 (주남동),,,362,126,34.8,351.51,70.58,철근콘크리트구조,03000,"근린생활시설, 주택",2,1
경상남도 양산시 주남동 569-3번지,48330,11600,0,0569,0003,일반건축물,경상남도 양산시 주남마을길 19 (주남동),,,486,191.44,39.39,651.34,97.63,철근콘크리트구조,04000,"제1종근린생활시설,제2종근린생활시설,주택",3,1
경상남도 양산시 주남동 571번지,48330,11600,0,0571,0000,일반건축물,경상남도 양산시 주남마을길 18-2 (주남동),,,618.67,116.97,18.91,108.72,17.57,기타조적구조,01000,단독주택,1,0
경상남도 양산시 주남동 575번지,48330,11600,0,0575,0000,일반건축물,경상남도 양산시 주남마을길 30 (주남동),,,350.07,68.16,19.47,68.16,19.47,경량철골구조,03000,근린생활시설,1,0
경상남도 양산시 주남동 576번지,48330,11600,0,0576,0000,일반건축물,경상남도 양산시 주남마을길 30-1 (주남동),,,0,89.24,0,89.24,0,일반목구조,01000,주택,1,0
경상남도 양산시 주남동 577-1번지,48330,11600,0,0577,0001,일반건축물,경상남도 양산시 주남마을길 30-2 (주남동),,제1동,283,73.11,25.83,73.11,25.83,경량철골구조,01000,단독주택,1,0
경상남도 양산시 주남동 578-3번지,48330,11600,0,0578,0003,일반건축물,경상남도 양산시 주남마을길 27 (주남동),,,235,139.71,59.45,209.28,89.05,철근콘크리트구조,18000,주택,2,0
경상남도 양산시 주남동 579-1번지,48330,11600,0,0579,0001,일반건축물,경상남도 양산시 주남마을길 24 (주남동),,,0,26.44,0,26.44,0,일반목구조,01000,주택,1,0
경상남도 양산시 주남동 580-2번지,48330,11600,0,0580,0002,일반건축물,경상남도 양산시 주남마을길 23 (주남동),,,0,46.27,0,46.27,0,일반목구조,01000,주택,1,0
경상남도 양산시 주남동 581번지,48330,11600,0,0581,0000,일반건축물,,,,0,94.2,0,94.2,0,블록구조,01000,주택,1,0
경상남도 양산시 주남동 582번지,48330,11600,0,0582,0000,일반건축물,경상남도 양산시 주남마을길 17-16 (주남동),,,0,42.97,0,42.97,0,일반목구조,01000,주택,1,0
경상남도 양산시 주남동 582번지,48330,11600,0,0582,0000,일반건축물,경상남도 양산시 주남마을길 17-16 (주남동),,,0,111.15,0,220.5,0,벽돌구조,01000,주택,2,0
경상남도 양산시 주남동 582번지,48330,11600,0,0582,0000,일반건축물,경상남도 양산시 주남마을길 17-16 (주남동),,,0,26.44,0,26.44,0,일반목구조,01000,주택,1,0
경상남도 양산시 주남동 585-2번지,48330,11600,0,0585,0002,일반건축물,,,,0,60.81,0,60.81,0,일반목구조,01000,주택,1,0
경상남도 양산시 주남동 585-3번지,48330,11600,0,0585,0003,일반건축물,,,,0,42.96,0,42.96,0,일반목구조,01000,주택,1,0
경상남도 양산시 주남동 585-3번지,48330,11600,0,0585,0003,일반건축물,,,,0,42.96,0,42.96,0,일반목구조,01000,주택,1,0
경상남도 양산시 주남동 585-3번지,48330,11600,0,0585,0003,일반건축물,경상남도 양산시 주남마을길 29 (주남동),,,0,170.23,0,170.23,0,블록구조,01000,주택,1,0
경상남도 양산시 주남동 585-3번지,48330,11600,0,0585,0003,일반건축물,,,,0,23.14,0,23.14,0,일반목구조,01000,주택,1,0
경상남도 양산시 주남동 585-6번지,48330,11600,0,0585,0006,일반건축물,경상남도 양산시 주남마을길 25-14 (주남동),,,228,97.9,42.94,95.1,41.71,철근콘크리트구조,01000,단독주택,1,0
경상남도 양산시 주남동 594-3번지,48330,11600,0,0594,0003,일반건축물,경상남도 양산시 주남장미길 6 (주남동),,제1동,152,40,26.32,40,26.32,경량철골구조,04000,제2종근린생활시설,1,0
경상남도 양산시 주남동 595번지,48330,11600,0,0595,0000,일반건축물,경상남도 양산시 주남마을1길 7 (주남동),,,0,74.3,0,74.3,0,블록구조,01000,주택,1,0
경상남도 양산시 주남동 597번지,48330,11600,0,0597,0000,일반건축물,경상남도 양산시 주남마을1길 5 (주남동),,,330.17,106.58,32.28,99.21,30.05,기타조적구조,01000,주택,1,0
경상남도 양산시 주남동 598번지,48330,11600,0,0598,0000,일반건축물,경상남도 양산시 주남마을길 31 (주남동),,,663.59,165.795,24.98,187.69,28.28,철근콘크리트구조,01000,단독주택,2,0
경상남도 양산시 주남동 598번지,48330,11600,0,0598,0000,일반건축물,경상남도 양산시 주남마을길 31 (주남동),,,0,109.07,0,109.07,0,일반목구조,01000,주택,1,0
경상남도 양산시 주남동 598-1번지,48330,11600,0,0598,0001,일반건축물,경상남도 양산시 주남마을길 31-1 (주남동),,,192,99.5339,51.8406,99.5339,51.8406,철근콘크리트구조,04000,"제1,2종근린생활시설",1,0
경상남도 양산시 주남동 600-3번지,48330,11600,0,0600,0003,일반건축물,,,,0,39.66,0,39.66,0,일반목구조,17000,공장,1,0
경상남도 양산시 주남동 601-1번지,48330,11600,0,0601,0001,일반건축물,경상남도 양산시 주남마을길 32 (주남동),,,359,139.76,38.93,220.41,61.4,철근콘크리트구조,04000,"제2종근린생활시설, 주택",2,0
경상남도 양산시 주남동 602번지,48330,11600,0,0602,0000,일반건축물,경상남도 양산시 주남마을길 32-2 (주남동),,,361,49.59,13.74,49.59,13.74,일반목구조,01000,단독주택,1,0
경상남도 양산시 주남동 602-2번지,48330,11600,0,0602,0002,일반건축물,경상남도 양산시 주남마을길 32-1 (주남동),,,460,76.82,16.7,71.12,15.46,기타조적구조,06000,종교시설,1,0
경상남도 양산시 주남동 603번지,48330,11600,0,0603,0000,일반건축물,경상남도 양산시 주남마을길 34 (주남동),,,0,42.97,0,42.97,0,일반목구조,01000,주택,1,0
경상남도 양산시 주남동 604번지,48330,11600,0,0604,0000,일반건축물,경상남도 양산시 주남마을길 36 (주남동),,,608,107.41,17.67,98.56,16.21,벽돌구조,01000,단독주택,1,0
경상남도 양산시 주남동 606-2번지,48330,11600,0,0606,0002,일반건축물,경상남도 양산시 주남마을길 33 (주남동),,,0,56.19,0,56.19,0,일반목구조,01000,주택,1,0
경상남도 양산시 주남동 607번지,48330,11600,0,0607,0000,일반건축물,,,,0,49.58,0,49.58,0,일반목구조,01000,주택,1,0
경상남도 양산시 주남동 607-3번지,48330,11600,0,0607,0003,일반건축물,경상남도 양산시 주남마을길 37 (주남동),양산청춘동행활력센터,,950,546.41,57.52,2127.96,217.64,철근콘크리트구조,03000,제1종근린생활시설,6,1
경상남도 양산시 주남동 609-3번지,48330,11600,0,0609,0003,일반건축물,경상남도 양산시 주남마을길 37-1 (주남동),,,0,33.04,0,33.04,0,일반목구조,01000,주택,1,0
경상남도 양산시 주남동 609-4번지,48330,11600,0,0609,0004,일반건축물,경상남도 양산시 주남마을1길 6-1 (주남동),,,536,72.23,13.48,87.11,16.25,경량철골구조,01000,단독주택,2,0
경상남도 양산시 주남동 610-2번지,48330,11600,0,0610,0002,일반건축물,경상남도 양산시 주남마을길 39 (주남동),,,0,85.94,0,85.94,0,블록구조,01000,주택,1,0
경상남도 양산시 주남동 611-1번지,48330,11600,0,0611,0001,일반건축물,경상남도 양산시 주남마을1길 26 (주남동),,,0,76.01,0,76.01,0,일반목구조,01000,주택,1,0
경상남도 양산시 주남동 611-2번지,48330,11600,0,0611,0002,일반건축물,경상남도 양산시 주남마을1길 28 (주남동),,,374,136.4,36.47,99.72,26.66,철근콘크리트구조,01000,단독주택,2,0
경상남도 양산시 주남동 612-2번지,48330,11600,0,0612,0002,일반건축물,경상남도 양산시 주남마을1길 24 (주남동),,,252,100.96,40.06,99.08,39.32,경량철골구조,01000,단독주택,1,0
경상남도 양산시 주남동 613번지,48330,11600,0,0613,0000,일반건축물,경상남도 양산시 주남마을1길 8 (주남동),,,0,39.66,0,39.66,0,일반목구조,01000,주택,1,0
경상남도 양산시 주남동 614번지,48330,11600,0,0614,0000,일반건축물,경상남도 양산시 주남마을1길 6-3 (주남동),,,218.66,127.01,58.09,200.25,91.58,기타조적구조,01000,주택,2,0
경상남도 양산시 주남동 615번지,48330,11600,0,0615,0000,일반건축물,경상남도 양산시 주남마을1길 20 (주남동),,,248.21,92.25,37.17,92.25,37.17,기타조적구조,01000,단독주택,1,0
경상남도 양산시 주남동 616번지,48330,11600,0,0616,0000,일반건축물,경상남도 양산시 주남마을1길 18 (주남동),,,356.01,143.63,40.34,198.74,55.82,기타조적구조,01000,단독주택,2,0
경상남도 양산시 주남동 620번지,48330,11600,0,0620,0000,일반건축물,경상남도 양산시 주남마을1길 15 (주남동),,,0,29.75,0,29.75,0,일반목구조,01000,주택,1,0
경상남도 양산시 주남동 626번지,48330,11600,0,0626,0000,일반건축물,,,,0,26.44,0,26.44,0,일반목구조,01000,주택,1,0
경상남도 양산시 주남동 631번지,48330,11600,0,0631,0000,일반건축물,경상남도 양산시 주남마을1길 23 (주남동),,,0,74.52,0,74.52,0,블록구조,11000,노유자시설,1,0
경상남도 양산시 주남동 631번지,48330,11600,0,0631,0000,일반건축물,경상남도 양산시 주남마을1길 23 (주남동),,,433.75,106.62,24.58,97.32,22.43,기타조적구조,01000,주택,1,0
경상남도 양산시 주남동 633번지,48330,11600,0,0633,0000,일반건축물,경상남도 양산시 주남마을1길 27 (주남동),,,0,79.33,0,79.33,0,블록구조,01000,주택,1,0
경상남도 양산시 주남동 635번지,48330,11600,0,0635,0000,일반건축물,경상남도 양산시 주남마을1길 27 (주남동),,,0,85.93,0,85.93,0,일반목구조,01000,주택,1,0
경상남도 양산시 주남동 636번지,48330,11600,0,0636,0000,일반건축물,,,,0,42.97,0,42.97,0,일반목구조,01000,주택,1,0
경상남도 양산시 주남동 637번지,48330,11600,0,0637,0000,일반건축물,경상남도 양산시 주남마을2길 1 (주남동),,,236.95,131.24,55.39,491.72,152.13,철근콘크리트구조,03000,"근린생활시설, 단독주택",3,1
경상남도 양산시 주남동 638번지,48330,11600,0,0638,0000,일반건축물,경상남도 양산시 주남마을2길 1 (주남동),,,0,29.75,0,29.75,0,블록구조,01000,주택,1,0
경상남도 양산시 주남동 639-3번지,48330,11600,0,0639,0003,일반건축물,경상남도 양산시 주남마을2길 3 (주남동),,,0,36.37,0,36.37,0,일반목구조,03000,근린생활시설,1,0
경상남도 양산시 주남동 644번지,48330,11600,0,0644,0000,일반건축물,,,,0,36.35,0,36.35,0,일반목구조,01000,주택,1,0
경상남도 양산시 주남동 644-2번지,48330,11600,0,0644,0002,일반건축물,경상남도 양산시 주남마을1길 21-4 (주남동),,,0,56.19,0,56.19,0,일반목구조,01000,주택,1,0
경상남도 양산시 주남동 645-2번지,48330,11600,0,0645,0002,일반건축물,경상남도 양산시 주남마을1길 21-12 (주남동),,,0,52.88,0,52.88,0,일반목구조,01000,주택,1,0
경상남도 양산시 주남동 646번지,48330,11600,0,0646,0000,일반건축물,,,,0,49.58,0,49.58,0,일반목구조,01000,주택,1,0
경상남도 양산시 주남동 646-1번지,48330,11600,0,0646,0001,일반건축물,경상남도 양산시 주남마을2길 9 (주남동),,,479,140.24,29.28,382.96,79.95,철근콘크리트구조,01000,"근린생활시설, 주택",3,0
경상남도 양산시 주남동 646-4번지,48330,11600,0,0646,0004,일반건축물,경상남도 양산시 주남장미길 23 (주남동),,,367,90.36,24.62,89.64,24.43,경량철골구조,01000,단독주택,1,0
경상남도 양산시 주남동 652번지,48330,11600,0,0652,0000,일반건축물,,,,0,29.75,0,29.75,0,일반목구조,01000,주택,1,0
경상남도 양산시 주남동 652-3번지,48330,11600,0,0652,0003,일반건축물,경상남도 양산시 주남마을2길 22 (주남동),,,0,16.52,0,16.52,0,블록구조,01000,퇴비사,1,0
경상남도 양산시 주남동 652-4번지,48330,11600,0,0652,0004,일반건축물,경상남도 양산시 주남마을2길 12 (주남동),,,0,52.88,0,52.88,0,블록구조,01000,주택,1,0
경상남도 양산시 주남동 652-6번지,48330,11600,0,0652,0006,일반건축물,경상남도 양산시 주남마을3길 3 (주남동),,,0,118.99,0,118.99,0,블록구조,01000,주택,1,0
경상남도 양산시 주남동 652-7번지,48330,11600,0,0652,0007,일반건축물,경상남도 양산시 주남마을3길 7 (주남동),,,449,137.85,30.7,156.33,34.82,철근콘크리트구조,01000,단독주택,2,0
경상남도 양산시 주남동 652-10번지,48330,11600,0,0652,0010,일반건축물,경상남도 양산시 주남마을2길 22 (주남동),,,635,322.62,50.81,1287.7,202.79,철근콘크리트구조,11000,노유자시설(노인복지시설),5,0
경상남도 양산시 주남동 652-11번지,48330,11600,0,0652,0011,일반건축물,경상남도 양산시 주남마을2길 24 (주남동),,,0,56.19,0,56.19,0,일반목구조,01000,주택,1,0
경상남도 양산시 주남동 652-13번지,48330,11600,0,0652,0013,일반건축물,경상남도 양산시 주남마을3길 7-2 (주남동),,,179,62.9,35.14,58.2,32.51,블록구조,01000,단독주택,1,0
경상남도 양산시 주남동 653번지,48330,11600,0,0653,0000,일반건축물,경상남도 양산시 주남마을3길 7-3 (주남동),,,867,78.82,9.09,78.82,9.09,일반목구조,04000,제2종근린생활시설(제실),1,0
경상남도 양산시 주남동 653번지,48330,11600,0,0653,0000,일반건축물,경상남도 양산시 주남마을3길 7-3 (주남동),,,0,6.3,0,6.3,0,일반목구조,04000,제2종근린생활시설(제실),1,0
경상남도 양산시 주남동 653번지,48330,11600,0,0653,0000,일반건축물,경상남도 양산시 주남마을3길 7-3 (주남동),,,0,2.52,0,2.52,0,일반목구조,04000,제2종근린생활시설(제실),1,0
경상남도 양산시 주남동 656-5번지,48330,11600,0,0656,0005,일반건축물,경상남도 양산시 주남마을2길 32 (주남동),,,0,32,0,32,0,경량철골구조,01000,단독주택,1,0
경상남도 양산시 주남동 656-5번지,48330,11600,0,0656,0005,일반건축물,경상남도 양산시 주남마을2길 32 (주남동),,,496,131.07,26.43,219.36,44.23,기타조적구조,01000,단독주택,2,0
경상남도 양산시 주남동 658번지,48330,11600,0,0658,0000,일반건축물,,,,0,46.28,0,46.28,0,블록구조,01000,주택,1,0
경상남도 양산시 주남동 658-3번지,48330,11600,0,0658,0003,일반건축물,경상남도 양산시 상동마을길 42 (주남동),,,340,164.94,48.51,164.94,48.51,일반철골구조,04000,제2종근린생활시설,1,0
경상남도 양산시 주남동 661-2번지,48330,11600,0,0661,0002,일반건축물,경상남도 양산시 상동마을길 37 (주남동),,,462,134.53,29.12,125.33,27.13,철근콘크리트구조,01000,단독주택,1,0
경상남도 양산시 주남동 661-4번지,48330,11600,0,0661,0004,일반건축물,경상남도 양산시 상동마을길 43 (주남동),,,0,13.22,0,13.22,0,일반목구조,21000,축사,1,0
경상남도 양산시 주남동 661-4번지,48330,11600,0,0661,0004,일반건축물,경상남도 양산시 상동마을길 43 (주남동),,,437,106.63,24.4,213.26,48.8,철근콘크리트구조,01000,"근린생활시설, 주택",2,0
경상남도 양산시 주남동 661-5번지,48330,11600,0,0661,0005,일반건축물,경상남도 양산시 상동마을길 41 (주남동),,,295,130.75,44.32,130.75,44.32,기타조적구조,01000,단독주택,1,0
경상남도 양산시 주남동 662번지,48330,11600,0,0662,0000,일반건축물,경상남도 양산시 주남마을길 73 (주남동),,,1217,722.3,59.35,2341.09,192.37,일반철골구조,03000,"제2종근린생활시설,제1종근린생활시설",4,0
경상남도 양산시 주남동 663-3번지,48330,11600,0,0663,0003,일반건축물,경상남도 양산시 주남마을길 73 (주남동),,B동,0,793.75,0,793.75,0,경량철골구조,03000,제1종근린생활시설,1,0
경상남도 양산시 주남동 663-3번지,48330,11600,0,0663,0003,일반건축물,경상남도 양산시 주남마을길 73 (주남동),,A동,0,337.98,0,1288.09,0,철근콘크리트구조,03000,"제1종근린생활시설,제2종근린생활시설,문화및집회시설",4,0
경상남도 양산시 주남동 664번지,48330,11600,0,0664,0000,일반건축물,경상남도 양산시 주남마을3길 16 (주남동),,,0,82.64,0,82.64,0,벽돌구조,01000,주택,1,0
경상남도 양산시 주남동 665번지,48330,11600,0,0665,0000,일반건축물,경상남도 양산시 주남마을3길 14 (주남동),,,271,157.38,58.07,240.06,88.58,철근콘크리트구조,01000,주택,2,0
경상남도 양산시 주남동 665-1번지,48330,11600,0,0665,0001,일반건축물,경상남도 양산시 주남마을3길 12 (주남동),,,0,97.51,0,97.51,0,철근콘크리트구조,01000,주택,1,0
경상남도 양산시 주남동 666번지,48330,11600,0,0666,0000,일반건축물,경상남도 양산시 주남마을3길 10 (주남동),,,0,23.14,0,23.14,0,일반목구조,01000,주택,1,0
경상남도 양산시 주남동 670번지,48330,11600,0,0670,0000,일반건축물,경상남도 양산시 주남마을3길 8 (주남동),,,707,140.62,19.89,140.62,19.89,일반철골구조,01000,주택,1,0
경상남도 양산시 주남동 672번지,48330,11600,0,0672,0000,일반건축물,경상남도 양산시 주남마을3길 4 (주남동),,제1동,487,115.73,23.76,115.73,23.76,철근콘크리트구조,01000,단독주택,1,0
경상남도 양산시 주남동 674번지,48330,11600,0,0674,0000,일반건축물,경상남도 양산시 주남마을3길 2 (주남동),,,0,52.89,0,52.89,0,일반목구조,01000,주택,1,0
경상남도 양산시 주남동 675번지,48330,11600,0,0675,0000,일반건축물,경상남도 양산시 주남마을길 59-1 (주남동),,,342.75,203.26,59.3,648.72,189.27,철근콘크리트구조,01000,"단독주택(다가구주택), 제2종근린생활시설",4,0
경상남도 양산시 주남동 676-1번지,48330,11600,0,0676,0001,일반건축물,경상남도 양산시 주남마을2길 8-3 (주남동),,,0,29.75,0,29.75,0,일반목구조,01000,주택,1,0
경상남도 양산시 주남동 676-2번지,48330,11600,0,0676,0002,일반건축물,경상남도 양산시 주남마을2길 8-1 (주남동),,,0,66.12,0,66.12,0,블록구조,01000,창고,1,0
경상남도 양산시 주남동 677번지,48330,11600,0,0677,0000,일반건축물,경상남도 양산시 주남마을길 59-2 (주남동),,,704,130.5,18.54,130.5,18.54,기타조적구조,03000,근린생활시설,1,0
경상남도 양산시 주남동 677-1번지,48330,11600,0,0677,0001,일반건축물,경상남도 양산시 주남마을길 59 (주남동),,,173,102.21,59.08,170.23,98.4,기타조적구조,01000,단독주택,2,0
경상남도 양산시 주남동 678-1번지,48330,11600,0,0678,0001,일반건축물,경상남도 양산시 주남마을길 61 (주남동),,A동,0,106.52,0,177.99,0,기타조적구조,01000,단독주택,2,0
경상남도 양산시 주남동 678-1번지,48330,11600,0,0678,0001,일반건축물,경상남도 양산시 주남마을길 61-1 (주남동),,B동,0,111.56,0,318.65,0,철근콘크리트구조,04000,"근린생활시설, 주택",3,0
경상남도 양산시 주남동 678-4번지,48330,11600,0,0678,0004,일반건축물,경상남도 양산시 주남마을길 65 (주남동),,,0,64.4,0,64.4,0,블록구조,01000,주택,1,0
경상남도 양산시 주남동 684번지,48330,11600,0,0684,0000,일반건축물,,,,0,42.97,0,42.97,0,블록구조,01000,주택,1,0
경상남도 양산시 주남동 685번지,48330,11600,0,0685,0000,일반건축물,경상남도 양산시 주남마을길 58 (주남동),,,466,231.03,49.58,451.66,96.92,철근콘크리트구조,11000,노유자시설(노인의료복지시설),2,0
경상남도 양산시 주남동 688-1번지,48330,11600,0,0688,0001,일반건축물,경상남도 양산시 주남마을길 56 (주남동),우림연구소,제1동,549,199.64,36.36,199.64,36.36,경량철골구조,04000,제2종근린생활시설,1,0
경상남도 양산시 주남동 693번지,48330,11600,0,0693,0000,일반건축물,경상남도 양산시 주남마을길 48-15 (주남동),,,409,75.45,18.45,96.09,22.53,철근콘크리트구조,01000,단독주택,2,0
경상남도 양산시 주남동 694-1번지,48330,11600,0,0694,0001,일반건축물,경상남도 양산시 주남마을길 52 (주남동),,,825.67,163.6,19.81,448.25,54.29,철근콘크리트구조,03000,"근린생활시설, 주택",3,0
경상남도 양산시 주남동 696번지,48330,11600,0,0696,0000,일반건축물,,,,0,76.02,0,76.02,0,일반목구조,01000,주택,1,0
경상남도 양산시 주남동 696-2번지,48330,11600,0,0696,0002,표제부,경상남도 양산시 주남마을2길 8-2 (주남동),,,507,200.26,39.5,495.04,97.64,철근콘크리트구조,02000,공동주택(다세대),4,0
경상남도 양산시 주남동 696-2번지,48330,11600,0,0696,0002,일반건축물,경상남도 양산시 주남마을2길 8-2 (주남동),,,0,76.04,0,76.04,0,일반목구조,01000,주택,1,0
경상남도 양산시 주남동 697-1번지,48330,11600,0,0697,0001,일반건축물,경상남도 양산시 주남마을2길 6 (주남동),,,0,85.84,0,85.84,0,일반목구조,01000,주택,1,0
경상남도 양산시 주남동 698-1번지,48330,11600,0,0698,0001,일반건축물,경상남도 양산시 주남마을2길 2 (주남동),,,301,174.72,58.05,460.49,152.99,철근콘크리트구조,03000,"근린생활시설, 주택",3,0
경상남도 양산시 주남동 699번지,48330,11600,0,0699,0000,일반건축물,경상남도 양산시 주남마을길 47 (주남동),,,0,75.94,0,75.94,0,벽돌구조,01000,주택,1,0
경상남도 양산시 주남동 701-6번지,48330,11600,0,0701,0006,일반건축물,경상남도 양산시 주남마을길 48-2 (주남동),,,313,156.82,50.1,271.52,86.75,일반철골구조,01000,다가구주택,2,0
경상남도 양산시 주남동 701-8번지,48330,11600,0,0701,0008,일반건축물,경상남도 양산시 주남마을길 44 (주남동),,,363,214.68,59.14,620.97,171.07,철근콘크리트구조,01000,단독주택,4,0
경상남도 양산시 주남동 701-10번지,48330,11600,0,0701,0010,일반건축물,경상남도 양산시 주남마을길 42-1 (주남동),,,200,106.3,53.15,164.56,82.28,철근콘크리트구조,01000,다가구,2,0
경상남도 양산시 주남동 701-11번지,48330,11600,0,0701,0011,일반건축물,경상남도 양산시 주남마을길 42 (주남동),,,132,78.97,59.83,193.07,146.27,철근콘크리트구조,04000,"제2종근린생활시설, 단독주택",3,0
경상남도 양산시 주남동 701-13번지,48330,11600,0,0701,0013,일반건축물,경상남도 양산시 주남마을길 48 (주남동),,,418,193.6,46.32,596.55,142.72,철근콘크리트구조,01000,단독주택(다가구),4,0
경상남도 양산시 주남동 707-3번지,48330,11600,0,0707,0003,일반건축물,경상남도 양산시 주남마을길 40-5 (주남동),,,433.2,84,19.39,84,19.39,경량철골구조,01000,주택,1,0
경상남도 양산시 주남동 707-4번지,48330,11600,0,0707,0004,일반건축물,경상남도 양산시 주남마을길 40 (주남동),청춘동행 웰빙센터,,325,138.93,42.75,263.89,81.2,철근콘크리트구조,04000,"제1종근린생활시설,제2종근린생활시설",3,0
경상남도 양산시 주남동 707-5번지,48330,11600,0,0707,0005,일반건축물,경상남도 양산시 주남마을길 40-4 (주남동),,,137.88,82.24,59.65,153.64,111.43,기타조적구조,01000,단독주택,2,0
경상남도 양산시 주남동 707-7번지,48330,11600,0,0707,0007,일반건축물,경상남도 양산시 주남마을길 40-1 (주남동),,,140.62,83.7,59.52,149.27,106.15,기타조적구조,01000,단독주택,2,0
경상남도 양산시 주남동 707-8번지,48330,11600,0,0707,0008,일반건축물,경상남도 양산시 주남마을길 40-2 (주남동),,,125,74.52,59.62,133.89,107.11,기타조적구조,01000,단독주택,2,0
경상남도 양산시 주남동 707-9번지,48330,11600,0,0707,0009,일반건축물,경상남도 양산시 주남마을길 40-3 (주남동),,,126,75.14,59.63,130.17,103.31,기타조적구조,01000,단독주택,2,0
경상남도 양산시 주남동 715-6번지,48330,11600,0,0715,0006,일반건축물,경상남도 양산시 주남로 167 (주남동),,,354,70.33,19.87,135.16,38.18,기타조적구조,01000,"단독주택, 창고시설",2,0
경상남도 양산시 주남동 717번지,48330,11600,0,0717,0000,일반건축물,경상남도 양산시 주남마을길 28-1 (주남동),,,0,82.63,0,82.63,0,철근콘크리트구조,01000,주택,1,0
경상남도 양산시 주남동 719번지,48330,11600,0,0719,0000,일반건축물,경상남도 양산시 주남마을길 28-2 (주남동),,,0,39.66,0,39.66,0,일반목구조,01000,주택,1,0
경상남도 양산시 주남동 720번지,48330,11600,0,0720,0000,일반건축물,경상남도 양산시 주남마을길 28-4 (주남동),,,633,123.81,19.56,96.79,15.29,철근콘크리트구조,01000,단독주택,1,0
경상남도 양산시 주남동 722번지,48330,11600,0,0722,0000,일반건축물,경상남도 양산시 주남마을길 18-11 (주남동),,,273.5,149.24,54.57,428.86,156.8,철근콘크리트구조,01000,단독주택(다가구주택),3,0
경상남도 양산시 주남동 724번지,48330,11600,0,0724,0000,일반건축물,경상남도 양산시 주남마을길 18-13 (주남동),1동,,0,73.08,0,73.08,0,경량철골구조,01000,단독주택,1,0
경상남도 양산시 주남동 724번지,48330,11600,0,0724,0000,일반건축물,경상남도 양산시 주남마을길 18-13 (주남동),3동,,0,29.75,0,29.75,0,일반목구조,01000,주택,1,0
경상남도 양산시 주남동 724번지,48330,11600,0,0724,0000,일반건축물,경상남도 양산시 주남마을길 18-13 (주남동),2동,,0,10,0,10,0,블록구조,18000,창고,1,0
경상남도 양산시 주남동 736번지,48330,11600,0,0736,0000,일반건축물,경상남도 양산시 주남마을길 48-19 (주남동),,,660,124.77,18.9,148.17,22.45,철근콘크리트구조,01000,단독주택,2,0
경상남도 양산시 주남동 736-2번지,48330,11600,0,0736,0002,일반건축물,경상남도 양산시 주남마을길 48-19 (주남동),,,360,50.8,14.11,46.6,12.94,철근콘크리트구조,03000,제1종근린생활시설,1,0
경상남도 양산시 주남동 736-6번지,48330,11600,0,0736,0006,일반건축물,경상남도 양산시 주남마을길 48-31 (주남동),,제1동,1011,97.5,9.64,97.5,9.64,일반철골구조,04000,제2종근린생활시설,1,0
경상남도 양산시 주남동 753-5번지,48330,11600,0,0753,0005,일반건축물,경상남도 양산시 주남마을길 74 (주남동),,,416,82.25,19.77,82.25,19.77,기타조적구조,03000,1종근린생활시설(소매점),1,0
경상남도 양산시 주남동 753-16번지,48330,11600,0,0753,0016,일반건축물,경상남도 양산시 주남로 215 (주남동),,제1동,526,198.86,37.81,198.86,37.81,일반철골구조,04000,제2종근린생활시설,1,0
경상남도 양산시 주남동 753-17번지,48330,11600,0,0753,0017,일반건축물,경상남도 양산시 주남로 215-1 (주남동),,제1동,205,70,34.15,70,34.15,일반철골구조,04000,제2종근린생활시설,1,0
경상남도 양산시 주남동 753-18번지,48330,11600,0,0753,0018,일반건축물,경상남도 양산시 주남로 215-2 (주남동),,제2동,585,56.95,9.74,56.95,9.74,철근콘크리트구조,04000,제2종근린생활시설,1,0
경상남도 양산시 주남동 753-18번지,48330,11600,0,0753,0018,일반건축물,경상남도 양산시 주남로 215-2 (주남동),,제1동,585,142.92,24.43,142.92,24.43,철근콘크리트구조,01000,단독주택,1,0
경상남도 양산시 주남동 757번지,48330,11600,0,0757,0000,일반건축물,경상남도 양산시 주남로 218-22 (주남동),,,581,106.6,18.35,99.8,17.18,블록구조,01000,단독주택,1,0
경상남도 양산시 주남동 757-10번지,48330,11600,0,0757,0010,일반건축물,경상남도 양산시 주남로 218-16 (주남동),,,591,104.94,17.76,99.64,16.86,블록구조,01000,단독주택,1,0
경상남도 양산시 주남동 789번지,48330,11600,0,0789,0000,일반건축물,경상남도 양산시 용주로 371-16 (주남동),,,591.67,117.6,19.88,117.6,19.88,기타조적구조,21000,축사,1,0
경상남도 양산시 주남동 789-1번지,48330,11600,0,0789,0001,일반건축물,경상남도 양산시 용주로 371-16 (주남동),,,503,98,19.48,98,19.48,경량철골구조,21000,동물및식물관련시설,1,0
경상남도 양산시 주남동 790-1번지,48330,11600,0,0790,0001,일반건축물,경상남도 양산시 용주로 371-16 (주남동),,,1415,199.2,14.077738,199.2,14.077738,기타조적구조,21000,축사,1,0
경상남도 양산시 주남동 791번지,48330,11600,0,0791,0000,일반건축물,경상남도 양산시 용주로 371-18 (주남동),,,1101,195,17.71,195,17.71,경량철골구조,18000,농가형창고,1,0
경상남도 양산시 주남동 791-2번지,48330,11600,0,0791,0002,일반건축물,경상남도 양산시 용주로 371-28 (주남동),,,651,129.9,19.95,129.9,19.95,경량철골구조,18000,농가형창고,1,0
경상남도 양산시 주남동 795-6번지,48330,11600,0,0795,0006,일반건축물,경상남도 양산시 용주로 365 (주남동),,,905,164.94,18.23,164.94,18.23,일반철골구조,04000,제2종근린생활시설,1,0
경상남도 양산시 주남동 796번지,48330,11600,0,0796,0000,일반건축물,경상남도 양산시 용주로 371-11 (주남동),,,0,138.6,0,138.6,0,철근콘크리트구조,03000,근린생활시설,1,0
경상남도 양산시 주남동 797번지,48330,11600,0,0797,0000,일반건축물,경상남도 양산시 용주로 371-5 (주남동),,,0,107.78,0,107.78,0,일반목구조,01000,단독주택,1,0
경상남도 양산시 주남동 797번지,48330,11600,0,0797,0000,일반건축물,경상남도 양산시 용주로 371-5 (주남동),,,0,127.41,0,127.41,0,블록구조,17000,공장,1,0
경상남도 양산시 주남동 799-1번지,48330,11600,0,0799,0001,일반건축물,경상남도 양산시 용주로 368 (주남동),,,1307,423.32,32.39,423.32,32.39,블록구조,17000,공장,1,0
경상남도 양산시 주남동 802-1번지,48330,11600,0,0802,0001,일반건축물,경상남도 양산시 사기점길 76 (주남동),,,368,67,18.21,50.59,13.75,경량철골구조,04000,제2종근린생활시설(사무소),2,0
경상남도 양산시 주남동 803-2번지,48330,11600,0,0803,0002,일반건축물,경상남도 양산시 사기점길 77 (주남동),,1동,0,390,0,390,0,일반철골구조,04000,제2종근린생활시설(제조업소),1,0
경상남도 양산시 주남동 803-2번지,48330,11600,0,0803,0002,일반건축물,경상남도 양산시 사기점길 77 (주남동),,2동,0,40,0,40,0,일반철골구조,04000,제2종근린생활시설(제조업소),1,0
경상남도 양산시 주남동 807번지,48330,11600,0,0807,0000,일반건축물,경상남도 양산시 용주로 342-13 (주남동),,,2044,390,19.08,390,19.08,일반철골구조,04000,제2종근린생활시설(제조업소),1,0
경상남도 양산시 주남동 810번지,48330,11600,0,0810,0000,일반건축물,경상남도 양산시 용주로 342-22 (주남동),,주건축물제1동,677,72.33,10.68,71.59,10.57,일반철골구조,04000,제2종근린생활시설,2,0
경상남도 양산시 주남동 813번지,48330,11600,0,0813,0000,일반건축물,경상남도 양산시 사기점길 49-6 (주남동),,,474,92.33,19.48,130.55,27.54,일반철골구조,01000,단독주택,2,0
경상남도 양산시 주남동 813-2번지,48330,11600,0,0813,0002,일반건축물,경상남도 양산시 사기점길 51 (주남동),,제1동,778,142.35,18.3,198.5,25.51,철근콘크리트구조,01000,단독주택,2,0
경상남도 양산시 주남동 813-3번지,48330,11600,0,0813,0003,일반건축물,경상남도 양산시 사기점길 53 (주남동),,,679,131,19.29,199.56,29.39,철근콘크리트구조,01000,단독주택,2,0
경상남도 양산시 주남동 815-4번지,48330,11600,0,0815,0004,일반건축물,경상남도 양산시 사기점길 70 (주남동),,,613,115.67,18.87,115.67,18.87,벽돌구조,04000,제2종근린생활시설,1,0
경상남도 양산시 주남동 815-4번지,48330,11600,0,0815,0004,일반건축물,경상남도 양산시 사기점길 70 (주남동),,,0,26,0,26,0,블록구조,04000,제2종근린생활시설,1,0
경상남도 양산시 주남동 815-4번지,48330,11600,0,0815,0004,일반건축물,경상남도 양산시 사기점길 70 (주남동),,,0,3.24,0,3.24,0,블록구조,04000,제2종근린생활시설,1,0
경상남도 양산시 주남동 818번지,48330,11600,0,0818,0000,일반건축물,경상남도 양산시 사기점길 58 (주남동),,,1509,299.7,19.86,299.7,19.86,일반철골구조,04000,제2종근린생활시설(제조업소),1,0
경상남도 양산시 주남동 823번지,48330,11600,0,0823,0000,일반건축물,경상남도 양산시 사기점길 35 (주남동),,,426,77.29,18.14,77.29,18.14,경량철골구조,01000,단독주택,1,0
경상남도 양산시 주남동 828-1번지,48330,11600,0,0828,0001,일반건축물,경상남도 양산시 사기점길 37-41 (주남동),,,0,671.97,0,671.97,0,블록구조,01000,주택,1,0
경상남도 양산시 주남동 829번지,48330,11600,0,0829,0000,일반건축물,경상남도 양산시 사기점길 37-18 (주남동),,,1345,212.5,15.8,212.5,15.8,블록구조,21000,축사,1,0
경상남도 양산시 주남동 831번지,48330,11600,0,0831,0000,일반건축물,경상남도 양산시 사기점길 37-9 (주남동),,,0,76.02,0,76.02,0,일반목구조,01000,주택,1,0
경상남도 양산시 주남동 833번지,48330,11600,0,0833,0000,일반건축물,경상남도 양산시 사기점길 37 (주남동),,,333,126.01,37.84,208.64,62.65,철근콘크리트구조,01000,단독주택,2,0
경상남도 양산시 주남동 835번지,48330,11600,0,0835,0000,일반건축물,경상남도 양산시 사기점길 41 (주남동),,제1동,590,98.73,16.73,98.73,16.73,일반목구조,01000,단독주택,1,0
경상남도 양산시 주남동 836번지,48330,11600,0,0836,0000,일반건축물,경상남도 양산시 사기점길 39 (주남동),,,0,62.79,0,62.79,0,일반목구조,01000,주택,1,0
경상남도 양산시 주남동 838-2번지,48330,11600,0,0838,0002,일반건축물,경상남도 양산시 사기점길 40 (주남동),,,457.36,210,45.92,291.6,63.76,일반철골구조,18000,창고시설,2,0
경상남도 양산시 주남동 838-4번지,48330,11600,0,0838,0004,일반건축물,경상남도 양산시 사기점길 48 (주남동),,,282,103.94,36.86,97.89,34.71,일반목구조,01000,단독주택,1,0
경상남도 양산시 주남동 839번지,48330,11600,0,0839,0000,일반건축물,경상남도 양산시 사기점길 46 (주남동),,,277,93.24,33.66,93.24,33.66,일반목구조,01000,단독주택,1,0
경상남도 양산시 주남동 839-3번지,48330,11600,0,0839,0003,일반건축물,경상남도 양산시 사기점길 46-1 (주남동),,,243,134.19,55.22,134.19,55.22,경량철골구조,04000,제2종근린생활시설,1,0
경상남도 양산시 주남동 840번지,48330,11600,0,0840,0000,일반건축물,경상남도 양산시 사기점길 48-1 (주남동),,,260,100.94,38.82,99.44,38.25,일반목구조,01000,단독주택,1,0
경상남도 양산시 주남동 840-2번지,48330,11600,0,0840,0002,일반건축물,경상남도 양산시 사기점길 50 (주남동),,,345,66.57,19.3,97.17,28.17,일반목구조,01000,단독주택,2,0
경상남도 양산시 주남동 843-1번지,48330,11600,0,0843,0001,일반건축물,경상남도 양산시 사기점길 49 (주남동),,,1217,242.4,19.92,242.4,19.92,일반철골구조,04000,제2종근린생활시설,1,0
경상남도 양산시 주남동 844번지,48330,11600,0,0844,0000,일반건축물,경상남도 양산시 사기점길 47 (주남동),,,1076,329.1,30.59,329.1,30.59,일반철골구조,03000,제1종근린생활시설,1,0
경상남도 양산시 주남동 844번지,48330,11600,0,0844,0000,일반건축물,경상남도 양산시 사기점길 47 (주남동),,,0,116.6,0,116.6,0,블록구조,03000,제1종근린생활시설,1,0
경상남도 양산시 주남동 846번지,48330,11600,0,0846,0000,일반건축물,경상남도 양산시 사기점길 45 (주남동),,,0,85.93,0,85.93,0,일반목구조,01000,주택,1,0
경상남도 양산시 주남동 849번지,48330,11600,0,0849,0000,일반건축물,경상남도 양산시 사기점길 43 (주남동),,,461.42,145.21,31.47,139.45,30.22,기타조적구조,01000,주택,1,0
경상남도 양산시 주남동 850번지,48330,11600,0,0850,0000,일반건축물,경상남도 양산시 사기점길 43-9 (주남동),,,309,89.99,29.12,83.25,26.94,경량철골구조,01000,단독주택,1,0
경상남도 양산시 주남동 851번지,48330,11600,0,0851,0000,일반건축물,경상남도 양산시 사기점길 43-15 (주남동),,,0,66.42,0,66.42,0,기타조적구조,01000,주택,1,0
경상남도 양산시 주남동 852번지,48330,11600,0,0852,0000,일반건축물,경상남도 양산시 사기점길 43-12 (주남동),,,0,140.48,0,140.48,0,블록구조,01000,주택,1,0
경상남도 양산시 주남동 852-1번지,48330,11600,0,0852,0001,일반건축물,경상남도 양산시 사기점길 43-16 (주남동),,,410.93,137.65,33.5,137.65,33.5,기타조적구조,01000,단독주택,1,0
경상남도 양산시 주남동 853번지,48330,11600,0,0853,0000,일반건축물,경상남도 양산시 사기점길 43-10 (주남동),,,444,86.64,19.51,86.64,19.51,경량철골구조,01000,단독주택(단독주택),1,0
경상남도 양산시 주남동 857번지,48330,11600,0,0857,0000,일반건축물,경상남도 양산시 사기점길 43-19 (주남동),,,543,152.3,28.05,152.3,28.05,경량철골구조,01000,단독주택,1,0
경상남도 양산시 주남동 873번지,48330,11600,0,0873,0000,일반건축물,경상남도 양산시 사기점길 43-35 (주남동),,,359,65.92,18.36,65.92,18.36,경량철골구조,01000,단독주택,1,0
경상남도 양산시 주남동 883번지,48330,11600,0,0883,0000,일반건축물,,,,0,0,0,178.2,0,블록구조,18000,창고,1,0
경상남도 양산시 주남동 884번지,48330,11600,0,0884,0000,일반건축물,경상남도 양산시 사기점길 49-1 (주남동),,,2153,423.4,19.66,483.4,22.45,일반철골구조,04000,제2종근린생활시설,1,0
경상남도 양산시 주남동 884번지,48330,11600,0,0884,0000,일반건축물,경상남도 양산시 사기점길 49-1 (주남동),,,0,67.2,0,127.2,0,일반철골구조,04000,제2종근린생활시설,2,0
경상남도 양산시 주남동 919번지,48330,11600,0,0919,0000,일반건축물,경상남도 양산시 사기점길 43-66 (주남동),,,558,99.42,17.82,99.42,17.82,경량철골구조,01000,단독주택,1,0
경상남도 양산시 주남동 925번지,48330,11600,0,0925,0000,일반건축물,,,주건축물제1동,1483,295.84,19.95,295.84,19.95,일반철골구조,04000,제2종근린생활시설,1,0
경상남도 양산시 주남동 925-5번지,48330,11600,0,0925,0005,일반건축물,경상남도 양산시 장기터1길 54 (주남동),,A동,0,493.5,0,493.5,0,일반철골구조,04000,제조업소,1,0
경상남도 양산시 주남동 925-5번지,48330,11600,0,0925,0005,일반건축물,경상남도 양산시 장기터1길 54 (주남동),,B동,0,56,0,112,0,일반철골구조,03000,소매점,2,0
경상남도 양산시 주남동 925-6번지,48330,11600,0,0925,0006,일반건축물,경상남도 양산시 장기터1길 46 (주남동),,,0,137.43,0,256.23,0,철골철근콘크리트구조,17000,공장(사무소),2,0
경상남도 양산시 주남동 925-6번지,48330,11600,0,0925,0006,일반건축물,경상남도 양산시 장기터1길 46 (주남동),,,0,636.17,0,636.17,0,일반철골구조,17000,공장,1,0
경상남도 양산시 주남동 925-8번지,48330,11600,0,0925,0008,일반건축물,경상남도 양산시 장기터2길 72 (주남동),,,1496,297.38,19.88,380.38,25.43,일반철골구조,04000,제2종근린생활시설,2,0
경상남도 양산시 주남동 925-9번지,48330,11600,0,0925,0009,일반건축물,경상남도 양산시 장기터2길 66 (주남동),,,2159,422.8,19.58,422.8,19.58,일반철골구조,04000,제2종근린생활시설,1,0
경상남도 양산시 주남동 925-10번지,48330,11600,0,0925,0010,일반건축물,경상남도 양산시 장기터2길 67 (주남동),,,3309,99.06,2.99,99.06,2.99,경량철골구조,10000,교육연구및복지시설,1,0
경상남도 양산시 주남동 925-11번지,48330,11600,0,0925,0011,일반건축물,경상남도 양산시 장기터1길 38 (주남동),,,3390,642.68,18.96,1235.47,36.44,일반철골구조,17000,공장,2,0
경상남도 양산시 주남동 925-19번지,48330,11600,0,0925,0019,일반건축물,경상남도 양산시 장기터2길 77 (주남동),,,2558,493.9,19.3,493.9,19.3,일반철골구조,04000,제2종근린생활시설,1,0
경상남도 양산시 주남동 925-19번지,48330,11600,0,0925,0019,일반건축물,경상남도 양산시 장기터2길 77 (주남동),,,0,13.9,0,13.9,0,블록구조,04000,제2종근린생활시설(화장실),1,0
경상남도 양산시 주남동 925-20번지,48330,11600,0,0925,0020,일반건축물,경상남도 양산시 장기터2길 75 (주남동),,,1802,263.2,14.61,263.2,14.61,일반철골구조,04000,제2종근린생활시설,1,0
경상남도 양산시 주남동 925-21번지,48330,11600,0,0925,0021,일반건축물,경상남도 양산시 장기터2길 73 (주남동),,,7505,475.81,6.34,475.81,6.34,일반철골구조,22000,분뇨및쓰레기처리시설,1,0
경상남도 양산시 주남동 925-26번지,48330,11600,0,0925,0026,일반건축물,경상남도 양산시 장기터2길 74 (주남동),,,1333,252.15,18.92,493.15,37,일반철골구조,04000,제2종근린생활시설(제조업소),2,0
경상남도 양산시 주남동 925-27번지,48330,11600,0,0925,0027,일반건축물,경상남도 양산시 장기터2길 66 (주남동),,,2159,422.8,19.58,422.8,19.58,일반철골구조,04000,제2종근린생활시설,1,0
경상남도 양산시 주남동 925-49번지,48330,11600,0,0925,0049,일반건축물,경상남도 양산시 장기터1길 42 (주남동),고려휠타,B동,0,264,0,317.4,0,일반철골구조,17000,공장,2,0
경상남도 양산시 주남동 925-49번지,48330,11600,0,0925,0049,일반건축물,경상남도 양산시 장기터1길 42 (주남동),고려휠타,A동,0,403.3,0,474.7,0,일반철골구조,17000,공장,2,0
경상남도 양산시 주남동 925-49번지,48330,11600,0,0925,0049,일반건축물,경상남도 양산시 장기터1길 42 (주남동),고려휠타,,0,58.36,0,58.36,0,일반철골구조,17000,공장(사무실),1,0
경상남도 양산시 주남동 925-49번지,48330,11600,0,0925,0049,일반건축물,경상남도 양산시 장기터1길 42 (주남동),고려휠타,,0,58.36,0,58.36,0,일반철골구조,17000,공장(사무실),1,0
경상남도 양산시 주남동 925-58번지,48330,11600,0,0925,0058,일반건축물,경상남도 양산시 장기터2길 77-47 (주남동),,,1964,339.3,17.28,394.23,20.07,일반철골구조,04000,제2종근린생활시설(제조업소),2,0
경상남도 양산시 주남동 925-68번지,48330,11600,0,0925,0068,일반건축물,경상남도 양산시 장기터1길 36 (주남동),,C동,0,7.5,0,7.5,0,경량철골구조,03000,제1종근린생활시설(화장실),1,0
경상남도 양산시 주남동 925-68번지,48330,11600,0,0925,0068,일반건축물,경상남도 양산시 장기터1길 36 (주남동),,B동,0,307.5,0,307.5,0,일반철골구조,03000,제1종근린생활시설,1,0
경상남도 양산시 주남동 925-68번지,48330,11600,0,0925,0068,일반건축물,경상남도 양산시 장기터1길 36 (주남동),,A동,0,300,0,300,0,일반철골구조,04000,제2종근린생활시설,1,0
경상남도 양산시 주남동 925-74번지,48330,11600,0,0925,0074,일반건축물,경상남도 양산시 장기터1길 52 (주남동),,,2835,495,17.46,495,17.46,일반철골구조,04000,제조업소,1,0
경상남도 양산시 주남동 925-76번지,48330,11600,0,0925,0076,일반건축물,경상남도 양산시 장기터1길 45 (주남동),,,3109,494,15.89,494,15.89,일반철골구조,04000,제조업소,1,0
경상남도 양산시 주남동 939번지,48330,11600,0,0939,0000,일반건축물,경상남도 양산시 상동마을길 4 (주남동),청춘동행 어울림센터,,1131,135.49,11.98,258.08,22.82,철근콘크리트구조,03000,"제1종, 제2종근린생활시설",3,0
경상남도 양산시 주남동 943번지,48330,11600,0,0943,0000,일반건축물,경상남도 양산시 상동마을길 8 (주남동),,,439.09,226.14,51.5,715.83,163.03,철근콘크리트구조,01000,"제2종근린생활시설, 단독주택(다가구)",4,0
경상남도 양산시 주남동 944번지,48330,11600,0,0944,0000,일반건축물,,,,0,69.4,0,69.4,0,일반목구조,01000,주택,1,0
경상남도 양산시 주남동 945번지,48330,11600,0,0945,0000,일반건축물,경상남도 양산시 상동마을길 31 (주남동),,,244,140.95,57.77,99.69,40.86,철근콘크리트구조,01000,단독주택,2,0
경상남도 양산시 주남동 945번지,48330,11600,0,0945,0000,일반건축물,경상남도 양산시 상동마을길 31 (주남동),,,0,4.4,0,4.4,0,기타조적구조,01000,단독주택(화장실),1,0
경상남도 양산시 주남동 946번지,48330,11600,0,0946,0000,일반건축물,경상남도 양산시 상동마을길 29 (주남동),,1,0,93.6,0,173.28,0,기타조적구조,01000,단독주택,2,0
경상남도 양산시 주남동 946번지,48330,11600,0,0946,0000,일반건축물,경상남도 양산시 상동마을길 29 (주남동),,2,0,104.83,0,102.33,0,기타조적구조,01000,단독주택,1,0
경상남도 양산시 주남동 947번지,48330,11600,0,0947,0000,일반건축물,경상남도 양산시 상동마을길 9 (주남동),,,304.82,98.07,32.17,96.47,31.65,기타조적구조,01000,주택,1,0
경상남도 양산시 주남동 948번지,48330,11600,0,0948,0000,일반건축물,경상남도 양산시 상동마을길 27 (주남동),,1동,0,100.58,0,95.73,0,벽돌구조,01000,단독주택,1,0
경상남도 양산시 주남동 948번지,48330,11600,0,0948,0000,일반건축물,경상남도 양산시 상동마을길 27 (주남동),,2동,0,50.4,0,50.4,0,경량철골구조,03000,제1종근린생활시설,1,0
경상남도 양산시 주남동 949번지,48330,11600,0,0949,0000,일반건축물,경상남도 양산시 상동마을길 23 (주남동),,,0,0,0,183.36,0,일반목구조,01000,주택,1,0
경상남도 양산시 주남동 950번지,48330,11600,0,0950,0000,일반건축물,경상남도 양산시 상동마을길 14 (주남동),,,0,46.28,0,46.28,0,일반목구조,01000,주택,1,0
경상남도 양산시 주남동 951번지,48330,11600,0,0951,0000,일반건축물,경상남도 양산시 상동마을길 12 (주남동),,,0,49.58,0,49.58,0,일반목구조,01000,주택,1,0
경상남도 양산시 주남동 960번지,48330,11600,0,0960,0000,일반건축물,경상남도 양산시 상동마을길 18 (주남동),,,657,174.62,26.58,282.01,42.92,철근콘크리트구조,03000,"제1종근린생활시설,단독주택",2,0
경상남도 양산시 주남동 961번지,48330,11600,0,0961,0000,일반건축물,경상남도 양산시 상동마을길 16 (주남동),,,350,172.24,49.21,172.24,49.21,기타조적구조,01000,주택,1,0
경상남도 양산시 주남동 965번지,48330,11600,0,0965,0000,일반건축물,경상남도 양산시 상동마을길 20-6 (주남동),,,658,118.86,18.06,131.34,19.96,일반목구조,01000,단독주택,2,0
경상남도 양산시 주남동 965-3번지,48330,11600,0,0965,0003,일반건축물,경상남도 양산시 상동마을길 20-4 (주남동),,,355,90.86,25.59,143.26,40.35,일반목구조,01000,단독주택,2,0
경상남도 양산시 주남동 980번지,48330,11600,0,0980,0000,일반건축물,경상남도 양산시 상동마을길 20-44 (주남동),,2동,979,67.32,6.8764,134.64,13.75,철근콘크리트구조,04000,제2종근린생활시설,2,0
경상남도 양산시 주남동 980번지,48330,11600,0,0980,0000,일반건축물,경상남도 양산시 상동마을길 20-44 (주남동),,1동,979,116.2,11.8693,296.2,30.26,철근콘크리트구조,04000,제2종근린생활시설,4,0
경상남도 양산시 주남동 991-2번지,48330,11600,0,0991,0002,일반건축물,경상남도 양산시 상동마을길 20-92 (주남동),,,1690,306.19,18.12,306.19,18.12,블록구조,03000,"제1종근린생활시설,제2종근린생활시설",1,0
경상남도 양산시 주남동 1001-1번지,48330,11600,0,1001,0001,일반건축물,경상남도 양산시 상동마을길 20-27 (주남동),,,363,69.92,19.26,139.84,38.52,철근콘크리트구조,03000,근린생활시설,2,0
경상남도 양산시 주남동 1001-2번지,48330,11600,0,1001,0002,일반건축물,경상남도 양산시 상동마을길 20-17 (주남동),,,371,59.36,16,96.2,25.93,철근콘크리트구조,01000,단독주택,2,0
경상남도 양산시 주남동 1001-5번지,48330,11600,0,1001,0005,일반건축물,경상남도 양산시 상동마을길 20-13 (주남동),,,372,74.13,19.93,74.13,19.93,일반목구조,01000,단독주택,1,0
경상남도 양산시 주남동 1008번지,48330,11600,0,1008,0000,일반건축물,경상남도 양산시 상동마을길 24-14 (주남동),,,410,218.07,53.19,394.26,88.84,철근콘크리트구조,11000,노유자시설,3,0
경상남도 양산시 주남동 1010번지,48330,11600,0,1010,0000,일반건축물,경상남도 양산시 상동마을길 24-7 (주남동),,,0,39.66,0,39.66,0,일반목구조,01000,주택,1,0
경상남도 양산시 주남동 1013번지,48330,11600,0,1013,0000,일반건축물,경상남도 양산시 상동마을길 24-5 (주남동),,,0,36.36,0,36.36,0,일반목구조,01000,주택,1,0
경상남도 양산시 주남동 1014번지,48330,11600,0,1014,0000,일반건축물,경상남도 양산시 상동마을길 26-1 (주남동),,,153,60.81,39.75,91.16,59.58,철근콘크리트구조,01000,단독주택,2,0
경상남도 양산시 주남동 1015-1번지,48330,11600,0,1015,0001,일반건축물,경상남도 양산시 상동마을길 26 (주남동),,,0,16.52,0,16.52,0,블록구조,01000,주택,1,0
경상남도 양산시 주남동 1017번지,48330,11600,0,1017,0000,일반건축물,경상남도 양산시 상동마을길 28-5 (주남동),,,329.49,176.71,53.63,441.62,134.03,기타조적구조,01000,단독주택,3,0
경상남도 양산시 주남동 1018-1번지,48330,11600,0,1018,0001,일반건축물,경상남도 양산시 상동마을길 28 (주남동),,,356,113.58,31.9,193.98,54.49,벽돌구조,01000,단독주택(다가구),2,0
경상남도 양산시 주남동 1019-1번지,48330,11600,0,1019,0001,일반건축물,,,,0,62.79,0,62.79,0,일반목구조,01000,주택,1,0
경상남도 양산시 주남동 1019-2번지,48330,11600,0,1019,0002,일반건축물,경상남도 양산시 상동마을길 28-1 (주남동),,,0,132.14,0,132.14,0,기타조적구조,01000,주택,1,0
경상남도 양산시 주남동 1019-3번지,48330,11600,0,1019,0003,일반건축물,경상남도 양산시 상동마을길 28-2 (주남동),,,336,84.14,25.0417,99.82,29.7083,철근콘크리트구조,01000,단독주택,2,0
경상남도 양산시 주남동 1019-6번지,48330,11600,0,1019,0006,일반건축물,경상남도 양산시 상동마을길 28-6 (주남동),,,0,0,0,167.28,0,일반목구조,01000,주택,1,0
경상남도 양산시 주남동 1020번지,48330,11600,0,1020,0000,일반건축물,경상남도 양산시 상동마을길 38 (주남동),,,345.57,106.21,31,99.54,29,철근콘크리트구조,01000,단독주택,1,0
경상남도 양산시 주남동 1020번지,48330,11600,0,1020,0000,일반건축물,경상남도 양산시 상동마을길 38 (주남동),,,0,42.97,0,42.97,0,일반목구조,01000,주택,1,0
경상남도 양산시 주남동 1021번지,48330,11600,0,1021,0000,일반건축물,경상남도 양산시 상동마을길 40 (주남동),,,236,94.18,39.9068,91.18,38.6356,벽돌구조,01000,단독주택,1,0
경상남도 양산시 주남동 1023번지,48330,11600,0,1023,0000,일반건축물,경상남도 양산시 상동마을길 40-1 (주남동),,,0,52.88,0,52.88,0,일반목구조,01000,주택,1,0
경상남도 양산시 주남동 1055-2번지,48330,11600,0,1055,0002,일반건축물,경상남도 양산시 주남마을2길 52 (주남동),,,0,397.5,0,486.14,0,철근콘크리트구조,17000,공장,2,0
경상남도 양산시 주남동 1055-4번지,48330,11600,0,1055,0004,일반건축물,경상남도 양산시 주남마을2길 50 (주남동),,,935,509.76,54.52,639.36,68.38,경량철골구조,17000,창고시설,2,0
경상남도 양산시 주남동 1055-5번지,48330,11600,0,1055,0005,일반건축물,경상남도 양산시 주남마을2길 46 (주남동),,,644,138.39,21.49,131.4,20.4,철근콘크리트구조,18000,창고,1,0
경상남도 양산시 주남동 1055-6번지,48330,11600,0,1055,0006,일반건축물,경상남도 양산시 주남마을2길 46 (주남동),,,640,384,60,486.24,75.98,철근콘크리트구조,17000,공장,2,0
경상남도 양산시 주남동 1056-1번지,48330,11600,0,1056,0001,일반건축물,경상남도 양산시 주남마을2길 43 (주남동),,,635,435.24,68.54,435.24,68.54,일반철골구조,17000,공장,1,0
경상남도 양산시 주남동 1056-3번지,48330,11600,0,1056,0003,일반건축물,경상남도 양산시 주남마을2길 55 (주남동),,,1926,907.12,47.09,1782.46,90.29,일반철골구조,17000,공장,2,1
경상남도 양산시 주남동 1061번지,48330,11600,0,1061,0000,일반건축물,경상남도 양산시 상동마을길 40-2 (주남동),,,0,45,0,45,0,블록구조,01000,주택,1,0
경상남도 양산시 주남동 1063-2번지,48330,11600,0,1063,0002,일반건축물,경상남도 양산시 주남마을3길 25 (주남동),,,0,72.09,0,72.09,0,기타조적구조,01000,주택,1,0
경상남도 양산시 주남동 1067번지,48330,11600,0,1067,0000,일반건축물,경상남도 양산시 주남마을2길 38 (주남동),,,438,124.08,28.33,220.38,50.32,일반철골구조,01000,"단독주택, 제2종근린생활시설",2,0
경상남도 양산시 주남동 1069번지,48330,11600,0,1069,0000,일반건축물,경상남도 양산시 주남마을2길 36 (주남동),,,0,66.24,0,66.24,0,기타조적구조,01000,주택,1,0
경상남도 양산시 주남동 1069-1번지,48330,11600,0,1069,0001,일반건축물,,,,377,73,19.36,73,19.36,경량철골구조,01000,단독주택,1,0
경상남도 양산시 주남동 1071번지,48330,11600,0,1071,0000,일반건축물,경상남도 양산시 주남마을2길 31-25 (주남동),,3동,0,373,0,1492,0,일반철골구조,17000,"공장(식당,사무실,샤워실,탈의실,화장실,다용도실)",4,0
경상남도 양산시 주남동 1071번지,48330,11600,0,1071,0000,일반건축물,경상남도 양산시 주남마을2길 31-25 (주남동),,1동,0,4123,0,5242,0,일반철골구조,17000,공장,1,0
경상남도 양산시 주남동 1071번지,48330,11600,0,1071,0000,일반건축물,경상남도 양산시 주남마을2길 31-25 (주남동),,2동,0,2214,0,2288,0,일반철골구조,17000,공장,2,0
경상남도 양산시 주남동 1071-7번지,48330,11600,0,1071,0007,일반건축물,경상남도 양산시 주남마을2길 31-63 (주남동),,A동,0,1126.8,0,1090.8,0,일반철골구조,17000,공장,1,0
경상남도 양산시 주남동 1071-7번지,48330,11600,0,1071,0007,일반건축물,경상남도 양산시 주남마을2길 31-63 (주남동),,B동,0,86.25,0,172.5,0,철근콘크리트구조,17000,공장,2,0
경상남도 양산시 주남동 1071-24번지,48330,11600,0,1071,0024,일반건축물,경상남도 양산시 주남마을2길 31-19 (주남동),,,4964,2475.5,49.87,3456,69.62,일반철골구조,17000,공장,2,0
경상남도 양산시 주남동 1071-26번지,48330,11600,0,1071,0026,일반건축물,경상남도 양산시 주남마을2길 73 (주남동),,C동,0,24.4,0,24.4,0,벽돌구조,17000,공장(창고),1,0
경상남도 양산시 주남동 1071-26번지,48330,11600,0,1071,0026,일반건축물,경상남도 양산시 주남마을2길 73 (주남동),,B동,0,294,0,294,0,일반철골구조,17000,공장,1,0
경상남도 양산시 주남동 1071-26번지,48330,11600,0,1071,0026,일반건축물,경상남도 양산시 주남마을2길 73 (주남동),,D동,0,125.54,0,459.95,0,철근콘크리트구조,17000,"공장(식당,숙소,사무실)",3,1
경상남도 양산시 주남동 1071-26번지,48330,11600,0,1071,0026,일반건축물,경상남도 양산시 주남마을2길 73 (주남동),,A동,0,1975,0,2309.41,0,일반철골구조,17000,공장,1,0
경상남도 양산시 주남동 1073-1번지,48330,11600,0,1073,0001,일반건축물,경상남도 양산시 주남마을2길 31-72 (주남동),,다동,0,164,0,160,0,일반철골구조,17000,공장,1,0
경상남도 양산시 주남동 1073-1번지,48330,11600,0,1073,0001,일반건축물,경상남도 양산시 주남마을2길 31-72 (주남동),,라동,0,217.5,0,399.32,0,일반철골구조,17000,공장,2,0
경상남도 양산시 주남동 1073-1번지,48330,11600,0,1073,0001,일반건축물,경상남도 양산시 주남마을2길 31-72 (주남동),,가동,0,1172.77,0,1202.11,0,일반철골구조,17000,공장,1,0
경상남도 양산시 주남동 1073-1번지,48330,11600,0,1073,0001,일반건축물,경상남도 양산시 주남마을2길 31-72 (주남동),,나동,0,294,0,288,0,일반철골구조,17000,공장,1,0
경상남도 양산시 주남동 1073-1번지,48330,11600,0,1073,0001,일반건축물,경상남도 양산시 주남마을2길 31-72 (주남동),,바동,0,190,0,190,0,일반철골구조,17000,공장,1,0
경상남도 양산시 주남동 1073-1번지,48330,11600,0,1073,0001,일반건축물,경상남도 양산시 주남마을2길 31-72 (주남동),,마동,0,136.27,0,177.11,0,일반철골구조,17000,공장,2,0
경상남도 양산시 주남동 1073-5번지,48330,11600,0,1073,0005,일반건축물,경상남도 양산시 주남마을2길 31-78 (주남동),,2동,0,92.12,0,184.24,0,철근콘크리트구조,17000,공장,3,0
경상남도 양산시 주남동 1073-5번지,48330,11600,0,1073,0005,일반건축물,경상남도 양산시 주남마을2길 31-78 (주남동),,1동,0,1497.28,0,1497.28,0,일반철골구조,17000,공장,1,0
경상남도 양산시 주남동 1074번지,48330,11600,0,1074,0000,일반건축물,경상남도 양산시 주남마을2길 31-75 (주남동),,,0,236.75,0,455.65,0,일반철골구조,17000,공장(사무실),2,0
경상남도 양산시 주남동 1074번지,48330,11600,0,1074,0000,일반건축물,경상남도 양산시 주남마을2길 31-75 (주남동),,,0,140.44,0,248.8,0,일반철골구조,17000,"공장(사무실,숙소,샤워실,휴게실)",2,0
경상남도 양산시 주남동 1074번지,48330,11600,0,1074,0000,일반건축물,경상남도 양산시 주남마을2길 31-75 (주남동),,,0,1567.37,0,1675.73,0,일반철골구조,17000,공장,1,0
경상남도 양산시 주남동 1074-1번지,48330,11600,0,1074,0001,일반건축물,경상남도 양산시 주남마을2길 31-77 (주남동),,,8419,5015.43,59.57,5247.13,62.32,일반철골구조,17000,공장,2,0
경상남도 양산시 주남동 1074-1번지,48330,11600,0,1074,0001,일반건축물,경상남도 양산시 주남마을2길 31-77 (주남동),,,0,198.7,0,397.4,0,철근콘크리트구조,17000,"공장(기숙사,사무실)",2,0
경상남도 양산시 주남동 1074-3번지,48330,11600,0,1074,0003,일반건축물,경상남도 양산시 주남마을2길 31-102 (주남동),,,10853,7520.1,69.29,8525.5,78.55,일반철골구조,17000,공장,2,0
경상남도 양산시 주남동 1074-3번지,48330,11600,0,1074,0003,일반건축물,경상남도 양산시 주남마을2길 31-102 (주남동),,,0,420,0,840,0,일반철골구조,17000,공장,2,0
경상남도 양산시 주남동 1074-3번지,48330,11600,0,1074,0003,일반건축물,경상남도 양산시 주남마을2길 31-102 (주남동),,,0,456.35,0,912.7,0,철근콘크리트구조,17000,공장,3,0
경상남도 양산시 주남동 1074-4번지,48330,11600,0,1074,0004,일반건축물,경상남도 양산시 주남마을2길 31-104 (주남동),,,3685,1576.3,42.78,1581.4,42.92,일반철골구조,17000,공장,2,0
경상남도 양산시 주남동 1074-5번지,48330,11600,0,1074,0005,일반건축물,경상남도 양산시 주남마을2길 31-103 (주남동),,,1197,345.32,28.85,345.32,28.85,일반철골구조,17000,공장,1,0
경상남도 양산시 주남동 1076-176번지,48330,11600,0,1076,0176,일반건축물,경상남도 양산시 주남마을2길 43-1 (주남동),,,358,248.4,69.39,312.75,87.36,일반철골구조,04000,제2종근린생활시설,2,0
경상남도 양산시 주남동 1098번지,48330,11600,0,1098,0000,일반건축물,경상남도 양산시 주남고개길 185 (주남동),,,200,97.5,48.75,97.5,48.75,블록구조,21000,축사,1,0
경상남도 양산시 주남동 1098-1번지,48330,11600,0,1098,0001,일반건축물,,,,331,134,40.48,98,29.61,철근콘크리트구조,24000,근린공공시설,1,0
경상남도 양산시 주남동 1099-1번지,48330,11600,0,1099,0001,일반건축물,경상남도 양산시 주남산단4로 3 (주남동),,제3동,0,70.24,0,129.74,0,일반철골구조,17000,공장,2,0
경상남도 양산시 주남동 1099-1번지,48330,11600,0,1099,0001,일반건축물,경상남도 양산시 주남산단4로 3 (주남동),,제1동,0,493.89,0,493.89,0,일반철골구조,17000,공장,1,0
경상남도 양산시 주남동 1099-1번지,48330,11600,0,1099,0001,일반건축물,경상남도 양산시 주남산단4로 3 (주남동),,제2동,0,487.25,0,487.25,0,일반철골구조,17000,공장,1,0
경상남도 양산시 주남동 1099-2번지,48330,11600,0,1099,0002,일반건축물,경상남도 양산시 주남산단4로 9 (주남동),,2동,0,333.3,0,874.5,0,철근콘크리트구조,17000,공장,3,0
경상남도 양산시 주남동 1099-2번지,48330,11600,0,1099,0002,일반건축물,경상남도 양산시 주남산단4로 9 (주남동),,3동,0,840,0,884.72,0,일반철골구조,17000,공장,2,0
경상남도 양산시 주남동 1099-2번지,48330,11600,0,1099,0002,일반건축물,경상남도 양산시 주남산단4로 9 (주남동),,1동,0,720,0,720,0,일반철골구조,17000,공장,1,0
경상남도 양산시 주남동 1099-2번지,48330,11600,0,1099,0002,일반건축물,경상남도 양산시 주남산단4로 9 (주남동),,4동,0,1237,0,1304.08,0,일반철골구조,17000,공장,2,0
경상남도 양산시 주남동 1099-3번지,48330,11600,0,1099,0003,일반건축물,경상남도 양산시 주남산단4로 13 (주남동),,제1동,3305.8,1637.77,49.54,1797.22,54.37,일반철골구조,17000,공장,2,0
경상남도 양산시 주남동 1099-3번지,48330,11600,0,1099,0003,일반건축물,경상남도 양산시 주남산단4로 13 (주남동),,제3동,3305.8,84.45,2.55,168.9,5.11,일반철골구조,17000,공장(기숙사),2,0
경상남도 양산시 주남동 1099-3번지,48330,11600,0,1099,0003,일반건축물,경상남도 양산시 주남산단4로 13 (주남동),,제2동,3305.8,128.98,3.9016,128.98,3.9,경량철골구조,17000,공장,1,0
경상남도 양산시 주남동 1099-4번지,48330,11600,0,1099,0004,일반건축물,경상남도 양산시 주남산단4로 21 (주남동),,제1동,6616.7,2393.22,36.17,2618.94,39.58,일반철골구조,17000,공장,1,0
경상남도 양산시 주남동 1099-4번지,48330,11600,0,1099,0004,일반건축물,경상남도 양산시 주남산단4로 21 (주남동),,제2동,6616.7,256.32,3.87,494.04,7.47,철근콘크리트구조,17000,공장,2,0
경상남도 양산시 주남동 1099-5번지,48330,11600,0,1099,0005,일반건축물,경상남도 양산시 주남산단4로 31 (주남동),,,6628.6,5.76,0.09,35.76,0.09,철근콘크리트구조,17000,공장,1,2
경상남도 양산시 주남동 1099-5번지,48330,11600,0,1099,0005,일반건축물,경상남도 양산시 주남산단4로 31 (주남동),,,6628.6,3551.06,53.57,4476.71,67.08,일반철골구조,17000,공장,3,0
경상남도 양산시 주남동 1100-1번지,48330,11600,0,1100,0001,일반건축물,경상남도 양산시 주남산단3로 43 (주남동),,2호동,0,26.45,0,22.25,0,철근콘크리트구조,17000,공장,1,0
경상남도 양산시 주남동 1100-1번지,48330,11600,0,1100,0001,일반건축물,경상남도 양산시 주남산단3로 43 (주남동),,1호동,0,4094.47,0,4697.33,0,일반철골구조,17000,공장,3,0
경상남도 양산시 주남동 1100-2번지,48330,11600,0,1100,0002,일반건축물,경상남도 양산시 주남산단3로 35 (주남동),,2호동,4775,12.7,0.266,12.7,0.266,경량철골구조,17000,공장,1,0
경상남도 양산시 주남동 1100-2번지,48330,11600,0,1100,0002,일반건축물,경상남도 양산시 주남산단3로 35 (주남동),,,4775,2446.04,51.23,2406.7,50.4,일반철골구조,17000,공장,1,0
경상남도 양산시 주남동 1100-3번지,48330,11600,0,1100,0003,일반건축물,경상남도 양산시 주남산단3로 29 (주남동),,,6267.5,297.72,4.75,584.22,9.32,철근콘크리트구조,17000,공장,2,0
경상남도 양산시 주남동 1100-3번지,48330,11600,0,1100,0003,일반건축물,경상남도 양산시 주남산단3로 29 (주남동),(주)대한오토텍,,6267.5,4370.04,69.73,5564.1,88.78,일반철골구조,17000,공장,3,0
경상남도 양산시 주남동 1100-4번지,48330,11600,0,1100,0004,일반건축물,경상남도 양산시 주남산단3로 21 (주남동),,2동,0,797.09,0,797.09,0,일반철골구조,17000,공장,1,0
경상남도 양산시 주남동 1100-4번지,48330,11600,0,1100,0004,일반건축물,경상남도 양산시 주남산단3로 21 (주남동),,1동,0,1398.225,0,1258.725,0,일반철골구조,17000,공장,1,0
경상남도 양산시 주남동 1100-4번지,48330,11600,0,1100,0004,일반건축물,경상남도 양산시 주남산단3로 21 (주남동),,3동,0,139.5,0,279,0,일반철골구조,17000,공장,2,0
경상남도 양산시 주남동 1100-5번지,48330,11600,0,1100,0005,일반건축물,경상남도 양산시 주남산단3로 17 (주남동),,제2동,0,321.2,0,532.35,0,일반철골구조,17000,공장,2,0
경상남도 양산시 주남동 1100-5번지,48330,11600,0,1100,0005,일반건축물,경상남도 양산시 주남산단3로 17 (주남동),,제1동,0,686.57,0,686.57,0,일반철골구조,17000,공장,1,0
경상남도 양산시 주남동 1101-1번지,48330,11600,0,1101,0001,일반건축물,경상남도 양산시 주남산단4로 14 (주남동),,,1652.8,105.76,6.4,105.76,6.4,경량철골구조,17000,공장(사무실),1,0
경상남도 양산시 주남동 1101-1번지,48330,11600,0,1101,0001,일반건축물,경상남도 양산시 주남산단4로 14 (주남동),,,1652.8,843.61,51.04,843.61,51.04,일반철골구조,17000,공장,1,0
경상남도 양산시 주남동 1101-2번지,48330,11600,0,1101,0002,일반건축물,경상남도 양산시 주남산단4로 18 (주남동),,,1644,82.4,5.01,164.8,10.02,철근콘크리트구조,17000,공장,3,0
경상남도 양산시 주남동 1101-2번지,48330,11600,0,1101,0002,일반건축물,경상남도 양산시 주남산단4로 18 (주남동),,,1644,1100.12,66.92,1160.02,70.56,일반철골구조,17000,공장,1,0
경상남도 양산시 주남동 1101-3번지,48330,11600,0,1101,0003,일반건축물,경상남도 양산시 주남산단4로 24 (주남동),,제2동,0,140.56,0,421.68,0,철근콘크리트구조,17000,공장,3,0
경상남도 양산시 주남동 1101-3번지,48330,11600,0,1101,0003,일반건축물,경상남도 양산시 주남산단4로 24 (주남동),,제1동,0,1011,0,1116,0,일반철골구조,17000,공장,2,0
경상남도 양산시 주남동 1101-4번지,48330,11600,0,1101,0004,일반건축물,경상남도 양산시 주남산단로 55 (주남동),,1동,0,987.03,0,1094.67,0,일반철골구조,17000,공장,1,0
경상남도 양산시 주남동 1101-4번지,48330,11600,0,1101,0004,일반건축물,경상남도 양산시 주남산단로 55 (주남동),,3동,0,114.12,0,221.76,0,철근콘크리트구조,17000,공장,2,0
경상남도 양산시 주남동 1101-4번지,48330,11600,0,1101,0004,일반건축물,경상남도 양산시 주남산단로 55 (주남동),,2동,0,842.28,0,842.28,0,일반철골구조,17000,공장,1,0
경상남도 양산시 주남동 1101-6번지,48330,11600,0,1101,0006,일반건축물,경상남도 양산시 주남산단로 51 (주남동),,제2동,0,198.34,0,529.68,0,철근콘크리트구조,17000,공장,3,0
경상남도 양산시 주남동 1101-6번지,48330,11600,0,1101,0006,일반건축물,경상남도 양산시 주남산단로 51 (주남동),,제1동,0,3142,0,3142,0,일반철골구조,17000,공장,1,0
경상남도 양산시 주남동 1101-7번지,48330,11600,0,1101,0007,일반건축물,경상남도 양산시 주남산단로 45 (주남동),,3동,0,437,0,437,0,일반철골구조,17000,공장,1,0
경상남도 양산시 주남동 1101-7번지,48330,11600,0,1101,0007,일반건축물,경상남도 양산시 주남산단로 45 (주남동),,2동,0,437,0,437,0,일반철골구조,17000,공장,1,0
경상남도 양산시 주남동 1101-7번지,48330,11600,0,1101,0007,일반건축물,경상남도 양산시 주남산단로 45 (주남동),,1동,0,875,0,978,0,일반철골구조,17000,공장,2,0
경상남도 양산시 주남동 1101-8번지,48330,11600,0,1101,0008,일반건축물,경상남도 양산시 주남산단로 39 (주남동),,,3071.3,1423.5,46.35,1423.5,46.35,일반철골구조,17000,공장,1,0
경상남도 양산시 주남동 1101-9번지,48330,11600,0,1101,0009,일반건축물,경상남도 양산시 주남산단3로 6 (주남동),,제2동,3069.3,159.15,5.1852,493.29,16.0717,일반철골구조,17000,공장,4,0
경상남도 양산시 주남동 1101-9번지,48330,11600,0,1101,0009,일반건축물,경상남도 양산시 주남산단3로 6 (주남동),,제1동,3069.3,2113.75,68.87,2429.89,79.17,일반철골구조,17000,공장,1,0
경상남도 양산시 주남동 1101-10번지,48330,11600,0,1101,0010,일반건축물,경상남도 양산시 주남산단3로 24 (주남동),,G동,0,710.42,0,766.32,0,일반철골구조,17000,공장,2,0
경상남도 양산시 주남동 1101-10번지,48330,11600,0,1101,0010,일반건축물,경상남도 양산시 주남산단3로 24 (주남동),,B동,0,710.55,0,693,0,일반철골구조,17000,공장,1,0
경상남도 양산시 주남동 1101-10번지,48330,11600,0,1101,0010,일반건축물,경상남도 양산시 주남산단3로 24 (주남동),,D동,0,68.43,0,67.08,0,일반철골구조,17000,공장,1,0
경상남도 양산시 주남동 1101-10번지,48330,11600,0,1101,0010,일반건축물,경상남도 양산시 주남산단3로 24 (주남동),,A동,0,1497.9,0,1485,0,일반철골구조,17000,공장,1,0
경상남도 양산시 주남동 1101-10번지,48330,11600,0,1101,0010,일반건축물,경상남도 양산시 주남산단3로 24 (주남동),,C동,0,143.88,0,423.36,0,일반철골구조,17000,공장,3,0
경상남도 양산시 주남동 1101-10번지,48330,11600,0,1101,0010,일반건축물,경상남도 양산시 주남산단3로 24 (주남동),,F동,0,652.18,0,632.68,0,일반철골구조,17000,공장,1,0
경상남도 양산시 주남동 1101-11번지,48330,11600,0,1101,0011,일반건축물,경상남도 양산시 주남산단3로 30 (주남동),,c동,0,176.09,0,251.56,0,일반철골구조,17000,공장,2,0
경상남도 양산시 주남동 1101-11번지,48330,11600,0,1101,0011,일반건축물,경상남도 양산시 주남산단3로 30 (주남동),,B동,0,980.4,0,980.4,0,일반철골구조,17000,공장,1,0
경상남도 양산시 주남동 1101-11번지,48330,11600,0,1101,0011,일반건축물,경상남도 양산시 주남산단3로 30 (주남동),,A동,0,1131.59,0,1207.06,0,일반철골구조,17000,공장,1,0
경상남도 양산시 주남동 1101-12번지,48330,11600,0,1101,0012,일반건축물,경상남도 양산시 주남산단3로 36 (주남동),,,0,476.94,0,884.74,0,일반철골구조,17000,공장,2,0
경상남도 양산시 주남동 1101-12번지,48330,11600,0,1101,0012,일반건축물,경상남도 양산시 주남산단3로 36 (주남동),,,0,653.4,0,653.4,0,일반철골구조,17000,공장,1,0
경상남도 양산시 주남동 1101-12번지,48330,11600,0,1101,0012,일반건축물,경상남도 양산시 주남산단3로 36 (주남동),,,0,63,0,63,0,경량철골구조,17000,공장,1,0
경상남도 양산시 주남동 1101-12번지,48330,11600,0,1101,0012,일반건축물,경상남도 양산시 주남산단3로 36 (주남동),,,0,1905.03,0,2312.83,0,일반철골구조,17000,공장,1,0
경상남도 양산시 주남동 1101-12번지,48330,11600,0,1101,0012,일반건축물,경상남도 양산시 주남산단3로 36 (주남동),,,0,375.09,0,375.09,0,경량철골구조,17000,공장,1,0
경상남도 양산시 주남동 1101-13번지,48330,11600,0,1101,0013,일반건축물,경상남도 양산시 주남산단3로 42 (주남동),,제2동,3316.1,152,4.58,482.6,14.55,철근콘크리트구조,17000,공장,4,0
경상남도 양산시 주남동 1101-13번지,48330,11600,0,1101,0013,일반건축물,경상남도 양산시 주남산단3로 42 (주남동),,제1동,3316.1,2156,65.02,2156,65.02,일반철골구조,17000,공장,1,0
경상남도 양산시 주남동 1102-1번지,48330,11600,0,1102,0001,일반건축물,경상남도 양산시 주남산단4로 32 (주남동),,1동,0,1462.88,0,1768.96,0,일반철골구조,17000,공장,2,0
경상남도 양산시 주남동 1102-1번지,48330,11600,0,1102,0001,일반건축물,경상남도 양산시 주남산단4로 32 (주남동),,3동,0,146.08,0,292.16,0,철근콘크리트구조,17000,공장,2,0
경상남도 양산시 주남동 1102-1번지,48330,11600,0,1102,0001,일반건축물,경상남도 양산시 주남산단4로 32 (주남동),,2동,0,356.3,0,356.3,0,일반철골구조,17000,공장,1,0
경상남도 양산시 주남동 1102-2번지,48330,11600,0,1102,0002,일반건축물,경상남도 양산시 주남산단로 56 (주남동),,2동,3463.3,108.62,3.1363,199.79,5.7688,일반철골구조,17000,공장,3,0
경상남도 양산시 주남동 1102-2번지,48330,11600,0,1102,0002,일반건축물,경상남도 양산시 주남산단로 56 (주남동),,3동,3463.3,9,0.2599,9,0.2599,경량철골구조,17000,공장,1,0
경상남도 양산시 주남동 1102-2번지,48330,11600,0,1102,0002,일반건축물,경상남도 양산시 주남산단로 56 (주남동),,1동,3463.3,2417.13,69.8,2496.25,72.08,일반철골구조,17000,공장,1,0
경상남도 양산시 주남동 1102-3번지,48330,11600,0,1102,0003,일반건축물,경상남도 양산시 주남산단로 52 (주남동),,,0,240.36,0,621.72,0,철근콘크리트구조,17000,공장,3,0
경상남도 양산시 주남동 1102-3번지,48330,11600,0,1102,0003,일반건축물,경상남도 양산시 주남산단로 52 (주남동),,,0,1616.67,0,1998.03,0,일반철골구조,17000,공장,1,0
경상남도 양산시 주남동 1102-3번지,48330,11600,0,1102,0003,일반건축물,경상남도 양산시 주남산단로 52 (주남동),,,0,959.5,0,959.5,0,일반철골구조,17000,공장,1,0
경상남도 양산시 주남동 1102-4번지,48330,11600,0,1102,0004,일반건축물,경상남도 양산시 주남산단로 48 (주남동),,,6763.3,4606.54,68.11,9181.18,135.75,일반철골구조,17000,공장,3,0
경상남도 양산시 주남동 1102-5번지,48330,11600,0,1102,0005,일반건축물,경상남도 양산시 주남산단로 40 (주남동),,A동,0,371,0,599.3,0,철근콘크리트구조,17000,공장,3,0
경상남도 양산시 주남동 1102-5번지,48330,11600,0,1102,0005,일반건축물,경상남도 양산시 주남산단로 40 (주남동),,B동,0,1973.41,0,1973.41,0,일반철골구조,17000,공장,1,0
경상남도 양산시 주남동 1102-5번지,48330,11600,0,1102,0005,일반건축물,경상남도 양산시 주남산단로 40 (주남동),,D동,0,1255.83,0,1255.83,0,일반철골구조,17000,공장,1,0
경상남도 양산시 주남동 1102-5번지,48330,11600,0,1102,0005,일반건축물,경상남도 양산시 주남산단로 40 (주남동),,C동,0,156.6,0,156.6,0,철근콘크리트구조,17000,공장,1,0
경상남도 양산시 주남동 1102-5번지,48330,11600,0,1102,0005,일반건축물,경상남도 양산시 주남산단로 40 (주남동),,E동,0,639.45,0,639.45,0,일반철골구조,17000,공장,1,0
경상남도 양산시 주남동 1102-6번지,48330,11600,0,1102,0006,일반건축물,경상남도 양산시 주남산단2로 11 (주남동),,F동,0,700,0,743.17,0,일반철골구조,17000,공장,2,0
경상남도 양산시 주남동 1102-6번지,48330,11600,0,1102,0006,일반건축물,경상남도 양산시 주남산단2로 11 (주남동),,B동,0,450,0,483.59,0,일반철골구조,17000,공장,2,0
경상남도 양산시 주남동 1102-6번지,48330,11600,0,1102,0006,일반건축물,경상남도 양산시 주남산단2로 11 (주남동),,A동,0,1478.57,0,1801.66,0,일반철골구조,17000,공장,2,0
경상남도 양산시 주남동 1102-6번지,48330,11600,0,1102,0006,일반건축물,경상남도 양산시 주남산단2로 11 (주남동),,D동,0,421.4,0,421.4,0,일반철골구조,17000,공장,1,0
경상남도 양산시 주남동 1102-6번지,48330,11600,0,1102,0006,일반건축물,경상남도 양산시 주남산단2로 11 (주남동),,C동,0,1368,0,1453.78,0,일반철골구조,17000,공장,2,0
경상남도 양산시 주남동 1102-6번지,48330,11600,0,1102,0006,일반건축물,경상남도 양산시 주남산단2로 11 (주남동),,E동,0,119.93,0,206.76,0,철근콘크리트구조,17000,공장,2,0
경상남도 양산시 주남동 1102-6번지,48330,11600,0,1102,0006,일반건축물,경상남도 양산시 주남산단2로 11 (주남동),,G동,0,1190,0,1274.34,0,일반철골구조,17000,공장,2,0
경상남도 양산시 주남동 1103번지,48330,11600,0,1103,0000,일반건축물,경상남도 양산시 주남산단3로 5 (주남동),,사무동,0,122.22,0,202,0,일반철골구조,17000,공장,2,0
경상남도 양산시 주남동 1103번지,48330,11600,0,1103,0000,일반건축물,경상남도 양산시 주남산단3로 5 (주남동),,2동,0,662.48,0,662.48,0,일반철골구조,17000,공장,1,0
경상남도 양산시 주남동 1103번지,48330,11600,0,1103,0000,일반건축물,경상남도 양산시 주남산단3로 5 (주남동),,1동,0,424.5,0,504.28,0,일반철골구조,17000,공장,1,0
경상남도 양산시 주남동 1104번지,48330,11600,0,1104,0000,일반건축물,경상남도 양산시 주남산단2로 6 (주남동),,제1동,0,1199,0,1199,0,일반철골구조,17000,공장,1,0
경상남도 양산시 주남동 1104번지,48330,11600,0,1104,0000,일반건축물,경상남도 양산시 주남산단2로 6 (주남동),,제3동,0,528.66,0,528.66,0,일반철골구조,17000,공장,1,0
경상남도 양산시 주남동 1104번지,48330,11600,0,1104,0000,일반건축물,경상남도 양산시 주남산단2로 6 (주남동),,제4동,0,605.49,0,605.49,0,일반철골구조,17000,공장,1,0
경상남도 양산시 주남동 1104번지,48330,11600,0,1104,0000,일반건축물,경상남도 양산시 주남산단2로 6 (주남동),,제2동,0,726.9,0,726.9,0,일반철골구조,17000,공장,1,0
경상남도 양산시 주남동 1105-1번지,48330,11600,0,1105,0001,일반건축물,경상남도 양산시 주남산단로 17 (주남동),,3동,7157.5,200,2.79,200,2.79,일반철골구조,17000,공장,1,0
경상남도 양산시 주남동 1105-1번지,48330,11600,0,1105,0001,일반건축물,경상남도 양산시 주남산단로 17 (주남동),,2동,7157.5,198,2.77,396,5.53,일반철골구조,17000,공장,2,0
경상남도 양산시 주남동 1105-1번지,48330,11600,0,1105,0001,일반건축물,경상남도 양산시 주남산단로 17 (주남동),,1동,7157.5,990,13.83,990,13.83,일반철골구조,17000,공장,1,0
경상남도 양산시 주남동 1105-3번지,48330,11600,0,1105,0003,일반건축물,경상남도 양산시 주남산단로 7 (주남동),,제1동,3191.1,996.83,31.24,1049.07,32.87,일반철골구조,20000,자동차관련시설,2,0
경상남도 양산시 주남동 1105-3번지,48330,11600,0,1105,0003,일반건축물,경상남도 양산시 주남산단로 7 (주남동),,제2동,3191.1,375.15,11.76,363.48,11.39,일반철골구조,20000,자동차관련시설,1,0
경상남도 양산시 주남동 1105-3번지,48330,11600,0,1105,0003,일반건축물,경상남도 양산시 주남산단로 7 (주남동),,제3동,3191.1,438.26,13.73,421.62,13.21,일반철골구조,20000,자동차관련시설,1,0
경상남도 양산시 주남동 1106-1번지,48330,11600,0,1106,0001,일반건축물,경상남도 양산시 주남산단2로 22 (주남동),,제1동,1489.2,851.67,57.19,1113.67,74.78,일반철골구조,17000,공장,2,0
경상남도 양산시 주남동 1106-1번지,48330,11600,0,1106,0001,일반건축물,경상남도 양산시 주남산단2로 22 (주남동),,제2동,1489.2,112,7.52,224,15.04,철근콘크리트구조,17000,공장,2,0
경상남도 양산시 주남동 1106-2번지,48330,11600,0,1106,0002,일반건축물,경상남도 양산시 주남산단2로 28 (주남동),,,6597.3,1001,15.17,1001,15.17,일반철골구조,17000,공장,1,0
경상남도 양산시 주남동 1106-2번지,48330,11600,0,1106,0002,일반건축물,경상남도 양산시 주남산단2로 28 (주남동),,,0,165,2.5,165,2.5,일반철골구조,17000,공장,1,0
경상남도 양산시 주남동 1106-3번지,48330,11600,0,1106,0003,일반건축물,경상남도 양산시 주남산단1로 11 (주남동),,제3동,3424.7,187.02,5.46,334.88,9.78,일반철골구조,17000,공장,2,0
경상남도 양산시 주남동 1106-3번지,48330,11600,0,1106,0003,일반건축물,경상남도 양산시 주남산단1로 11 (주남동),,제1동,3424.7,738.81,21.57,1452.42,42.41,일반철골구조,17000,공장,2,0
경상남도 양산시 주남동 1106-3번지,48330,11600,0,1106,0003,일반건축물,경상남도 양산시 주남산단1로 11 (주남동),,제2동,3424.7,675.3,19.72,675.3,19.72,일반철골구조,17000,공장,1,0
경상남도 양산시 주남동 1106-4번지,48330,11600,0,1106,0004,일반건축물,경상남도 양산시 주남산단로 16 (주남동),,,9724.9,2006.53,20.63,1995.44,20.52,일반철골구조,17000,공장,1,0
경상남도 양산시 주남동 1107-1번지,48330,11600,0,1107,0001,일반건축물,경상남도 양산시 주남산단1로 8 (주남동),,제4동,0,1387.5,0,1387.5,0,일반철골구조,17000,공장,1,0
경상남도 양산시 주남동 1107-1번지,48330,11600,0,1107,0001,일반건축물,경상남도 양산시 주남산단1로 8 (주남동),,제5동,0,122.85,0,240,0,철근콘크리트구조,17000,공장,2,0
경상남도 양산시 주남동 1107-1번지,48330,11600,0,1107,0001,일반건축물,경상남도 양산시 주남산단1로 8 (주남동),,제2동,0,951.38,0,951.38,0,일반철골구조,17000,공장,1,0
경상남도 양산시 주남동 1107-1번지,48330,11600,0,1107,0001,일반건축물,경상남도 양산시 주남산단1로 8 (주남동),,제1동,0,647.5,0,647.5,0,일반철골구조,17000,공장,1,0
경상남도 양산시 주남동 1107-1번지,48330,11600,0,1107,0001,일반건축물,경상남도 양산시 주남산단1로 8 (주남동),,제3동,0,925,0,925,0,일반철골구조,17000,공장,1,0
경상남도 양산시 주남동 1107-2번지,48330,11600,0,1107,0002,일반건축물,경상남도 양산시 주남산단1로 16 (주남동),주식회사대한오토텍,B동,0,4003.69,0,4424.86,0,일반철골구조,17000,공장,2,1
경상남도 양산시 주남동 1107-2번지,48330,11600,0,1107,0002,일반건축물,경상남도 양산시 주남산단1로 16 (주남동),주식회사대한오토텍,A동,0,3396.9,0,7437.42,0,일반철골구조,17000,공장,3,0
경상남도 양산시 주남동 산55-1번지,48330,11600,1,0055,0001,일반건축물,경상남도 양산시 장기터1길 27-41 (주남동),,,0,1029.54,0,1029.54,0,블록구조,01000,주택,1,0
경상남도 양산시 주남동 산58-1번지,48330,11600,1,0058,0001,일반건축물,경상남도 양산시 장기터2길 7 (주남동),,,0,330.56,0,330.56,0,블록구조,21000,주택,1,0
경상남도 양산시 주남동 산59-5번지,48330,11600,1,0059,0005,일반건축물,경상남도 양산시 장기터1길 24-1 (주남동),,,0,115.47,0,115.47,0,블록구조,01000,주택,1,0
경상남도 양산시 주남동 산59-6번지,48330,11600,1,0059,0006,일반건축물,,,,0,42.96,0,42.96,0,일반목구조,01000,주택,1,0
경상남도 양산시 주남동 산59-8번지,48330,11600,1,0059,0008,일반건축물,경상남도 양산시 장기터1길 24 (주남동),,,0,39.66,0,39.66,0,일반목구조,01000,주택,1,0
경상남도 양산시 주남동 산72번지,48330,11600,1,0072,0000,일반건축물,,,주1동,8807,308,3.5,308,3.5,일반철골구조,18000,창고시설(창고),1,0
경상남도 양산시 주남동 산85번지,48330,11600,1,0085,0000,일반건축물,경상남도 양산시 중뫼길 68 (주남동),,제1호,0,363.63,0,363.63,0,블록구조,01000,"주택,축사",1,0
경상남도 양산시 주남동 산85번지,48330,11600,1,0085,0000,일반건축물,경상남도 양산시 중뫼길 68 (주남동),,제2호,0,732.02,0,732.02,0,블록구조,01000,"주택,축사",1,0
경상남도 양산시 주남동 산97-1번지,48330,11600,1,0097,0001,일반건축물,,,,0,26.44,0,26.44,0,일반목구조,01000,주택,1,0
경상남도 양산시 주남동 산124-1번지,48330,11600,1,0124,0001,일반건축물,경상남도 양산시 상동마을길 24-26 (주남동),,,0,115.92,0,115.92,0,블록구조,21000,축사,1,0
경상남도 양산시 주남동 산130번지,48330,11600,1,0130,0000,일반건축물,,,,0,42.96,0,42.96,0,일반목구조,01000,주택,1,0
경상남도 양산시 주남동 산152-1번지,48330,11600,1,0152,0001,일반건축물,경상남도 양산시 주남로 288 (주남동),,S동,0,540,0,1533.24,0,일반철골구조,10000,교육연구시설,3,0
경상남도 양산시 주남동 산152-1번지,48330,11600,1,0152,0001,일반건축물,경상남도 양산시 주남로 288 (주남동),,G-2동,0,696,0,2914.6,0,철근콘크리트구조,10000,교육연구시설,5,0
경상남도 양산시 주남동 산152-1번지,48330,11600,1,0152,0001,일반건축물,경상남도 양산시 주남로 288 (주남동),,M동,0,1083.25,0,10155.83,0,철근콘크리트구조,10000,교육연구및복지시설(대학교),9,1
경상남도 양산시 주남동 산152-1번지,48330,11600,1,0152,0001,일반건축물,경상남도 양산시 주남로 288 (주남동),,Q동,0,254.64,0,254.64,0,철근콘크리트구조,10000,교육연구시설,1,0
경상남도 양산시 주남동 산152-1번지,48330,11600,1,0152,0001,일반건축물,경상남도 양산시 주남로 288 (주남동),,L동,0,556.65,0,2221.8,0,철근콘크리트구조,10000,교육연구및복지시설,4,1
경상남도 양산시 주남동 산152-1번지,48330,11600,1,0152,0001,일반건축물,경상남도 양산시 주남로 288 (주남동),,K동,0,2487.86,0,15032.82,0,철근콘크리트구조,10000,교육연구및복지시설,8,1
경상남도 양산시 주남동 산152-1번지,48330,11600,1,0152,0001,일반건축물,경상남도 양산시 주남로 288 (주남동),,R동,0,28,0,28,0,철근콘크리트구조,10000,교육연구시설,1,0
경상남도 양산시 주남동 산152-1번지,48330,11600,1,0152,0001,일반건축물,경상남도 양산시 주남로 288 (주남동),,A동(본관),0,1891.8,0,12268.5,0,철근콘크리트구조,10000,교육연구및복지시설,6,0
경상남도 양산시 주남동 산152-1번지,48330,11600,1,0152,0001,일반건축물,경상남도 양산시 주남로 288 (주남동),,C동(변전실),0,292.5,0,292.5,0,철근콘크리트구조,10000,교육연구및복지시설,1,0
경상남도 양산시 주남동 산152-1번지,48330,11600,1,0152,0001,일반건축물,경상남도 양산시 주남로 288 (주남동),,E동(강의동),0,1516.5,0,9968.8,0,철근콘크리트구조,10000,교육연구시설,6,1
경상남도 양산시 주남동 산152-1번지,48330,11600,1,0152,0001,일반건축물,경상남도 양산시 주남로 288 (주남동),,P동,0,91.7,0,91.7,0,철근콘크리트구조,10000,교육연구시설,1,0
경상남도 양산시 주남동 산152-1번지,48330,11600,1,0152,0001,일반건축물,경상남도 양산시 주남로 288 (주남동),,G-1동,0,1666.46,0,5144.94,0,철근콘크리트구조,10000,교육연구및복지시설,5,0
경상남도 양산시 주남동 산152-1번지,48330,11600,1,0152,0001,일반건축물,경상남도 양산시 주남로 288 (주남동),,B동,0,1197.69,0,6224.02,0,철근콘크리트구조,10000,교육연구시설(대학교),5,1
경상남도 양산시 주남동 산152-1번지,48330,11600,1,0152,0001,일반건축물,경상남도 양산시 주남로 288 (주남동),,N동,0,1548.32,0,2492.72,0,철근콘크리트구조,10000,교육연구및복지시설,3,0
경상남도 양산시 주남동 산152-1번지,48330,11600,1,0152,0001,일반건축물,경상남도 양산시 주남로 288 (주남동),,D동(학생회관),0,2393.43,0,12104.36,0,철근콘크리트구조,10000,교육연구시설,6,1
