대지위치,시군구코드,법정동코드,대지구분코드,번,지,대장종류코드명,도로명대지위치,건물명,동명칭,대지면적(㎡),건축면적(㎡),건폐율(%),연면적(㎡),용적률(%),구조코드명,주용도코드,기타용도,지상층수,지하층수
경상남도 양산시 상북면 석계리 3-2번지,48330,33021,0,0003,0002,일반건축물,경상남도 양산시 상북중앙로 453 (상북면 석계리),,,210,114.78,54.66,178.26,84.89,철근콘크리트구조,03000,"근린생활시설, 주택",2,0
경상남도 양산시 상북면 석계리 5번지,48330,33021,0,0005,0000,일반건축물,경상남도 양산시 상북중앙로 452 (상북면 석계리),,1동,415,245.31,59.11,494.55,119.17,철근콘크리트구조,01000,"단독주택,제1종근린생활시설",3,0
경상남도 양산시 상북면 석계리 5-6번지,48330,33021,0,0005,0006,일반건축물,경상남도 양산시 양산대로 1800-8 (상북면 석계리),,,0,0,0,1473.63,0,벽돌구조,21000,"축사, 공장사무실, 기계탑, 싸이로",2,0
경상남도 양산시 상북면 석계리 5-13번지,48330,33021,0,0005,0013,일반건축물,경상남도 양산시 양산대로 1800-44 (상북면 석계리),,,1929,305.91,15.86,227.16,11.77,일반목구조,06000,종교시설,2,0
경상남도 양산시 상북면 석계리 5-15번지,48330,33021,0,0005,0015,일반건축물,경상남도 양산시 상북중앙로 452-13 (상북면 석계리),,,0,164.37,0,179.49,0,벽돌구조,01000,주택,1,1
경상남도 양산시 상북면 석계리 5-18번지,48330,33021,0,0005,0018,일반건축물,경상남도 양산시 상북중앙로 450 (상북면 석계리),,1동,460,265.75,57.77,643.97,139.99,철근콘크리트구조,01000,단독주택,4,0
경상남도 양산시 상북면 석계리 5-19번지,48330,33021,0,0005,0019,일반건축물,경상남도 양산시 상북중앙로 448 (상북면 석계리),,,450,265.75,59.06,643.97,143.1,철근콘크리트구조,01000,단독주택(다가구),4,0
경상남도 양산시 상북면 석계리 5-20번지,48330,33021,0,0005,0020,일반건축물,경상남도 양산시 상북중앙로 446 (상북면 석계리),,,445,262.33,58.95,658.76,148.04,철근콘크리트구조,01000,단독주택(다가구),4,0
경상남도 양산시 상북면 석계리 6-10번지,48330,33021,0,0006,0010,일반건축물,경상남도 양산시 삼계동1길 54 (상북면 석계리),,B동,0,39.2,0,39.2,0,철근콘크리트구조,18000,창고시설(보일러실),1,0
경상남도 양산시 상북면 석계리 6-10번지,48330,33021,0,0006,0010,일반건축물,경상남도 양산시 삼계동1길 54 (상북면 석계리),,A동,18753,3700.7,19.73,4738.94,25.27,철근콘크리트구조,18000,"창고시설,제2종근린생활시설",2,0
경상남도 양산시 상북면 석계리 7번지,48330,33021,0,0007,0000,표제부,경상남도 양산시 상북중앙로 445 (상북면 석계리),동우강변타워2차아파트,상가동,2807,200.25,42.24,375.65,383.86,철근콘크리트구조,02000,"구매시설, 경비실, 노인정, 생활시설",2,0
경상남도 양산시 상북면 석계리 7번지,48330,33021,0,0007,0000,표제부,경상남도 양산시 상북중앙로 447 (상북면 석계리),동우강변타워2차아파트,가스저장실,0,27.58,42.24,27.58,383.86,철근콘크리트구조,19000,"가스저장실, 기계실",1,0
경상남도 양산시 상북면 석계리 7번지,48330,33021,0,0007,0000,표제부,경상남도 양산시 상북중앙로 447 (상북면 석계리),동우강변타워2차아파트,,2807,665.22,42.24,12339.55,383.86,철근콘크리트구조,02000,공동주택(아파트),20,1
경상남도 양산시 상북면 석계리 14번지,48330,33021,0,0014,0000,일반건축물,,,,0,69.4,0,69.4,0,블록구조,01000,주택,1,0
경상남도 양산시 상북면 석계리 14-4번지,48330,33021,0,0014,0004,일반건축물,경상남도 양산시 삼계2길 43-2 (상북면 석계리),,,0,69.4,0,69.4,0,블록구조,01000,주택,1,0
경상남도 양산시 상북면 석계리 14-4번지,48330,33021,0,0014,0004,일반건축물,경상남도 양산시 삼계2길 43-1 (상북면 석계리),,,0,13.2,0,13.2,0,블록구조,01000,주택,1,0
경상남도 양산시 상북면 석계리 14-10번지,48330,33021,0,0014,0010,일반건축물,경상남도 양산시 상북중앙로 437-1 (상북면 석계리),,,0,82.08,0,82.08,0,벽돌구조,01000,주택,1,0
경상남도 양산시 상북면 석계리 14-20번지,48330,33021,0,0014,0020,일반건축물,경상남도 양산시 삼계2길 49 (상북면 석계리),,,254,5.94,2.34,5.94,2.34,블록구조,04000,제2종근린생활시설,1,0
경상남도 양산시 상북면 석계리 14-20번지,48330,33021,0,0014,0020,일반건축물,경상남도 양산시 삼계2길 49 (상북면 석계리),,,254,135.82,53.47,135.82,53.47,철근콘크리트구조,04000,제2종근린생활시설,1,0
경상남도 양산시 상북면 석계리 15-4번지,48330,33021,0,0015,0004,표제부,경상남도 양산시 상북중앙로 437-3 (상북면 석계리),한성강변타운,,5316,1610.82,30.3,20448.35,342.37,철근콘크리트구조,02000,공동주택(아파트),20,1
경상남도 양산시 상북면 석계리 15-4번지,48330,33021,0,0015,0004,표제부,경상남도 양산시 상북중앙로 437-2 (상북면 석계리),한성강변타운 상가동,,0,201.2,0,2123.3,0,철근콘크리트구조,03000,근린생활시설,3,1
경상남도 양산시 상북면 석계리 15-4번지,48330,33021,0,0015,0004,표제부,경상남도 양산시 상북중앙로 437-3 (상북면 석계리),한성강변타운 경로당,,5316,67.14,0,64.14,0,철근콘크리트구조,02000,주민공동시설(경로당),1,0
경상남도 양산시 상북면 석계리 16-1번지,48330,33021,0,0016,0001,일반건축물,,,,0,0,0,9,0,조적구조,03000,양수장,1,0
경상남도 양산시 상북면 석계리 17번지,48330,33021,0,0017,0000,일반건축물,,,,0,99.17,0,99.17,0,블록구조,03000,회관,1,0
경상남도 양산시 상북면 석계리 17-7번지,48330,33021,0,0017,0007,일반건축물,경상남도 양산시 양산대로 1742 (상북면 석계리),,,108,69.41,64.27,134.42,124.46,경량철골구조,04000,제2종근린생활시설,2,0
경상남도 양산시 상북면 석계리 19번지,48330,33021,0,0019,0000,일반건축물,,,,0,52.8,0,52.8,0,블록구조,01000,주택,1,0
경상남도 양산시 상북면 석계리 20-5번지,48330,33021,0,0020,0005,일반건축물,경상남도 양산시 삼계2길 41 (상북면 석계리),,,275,127.84,46.49,252.22,91.72,철골콘크리트구조,03000,제1종근린생활시설,2,0
경상남도 양산시 상북면 석계리 22-1번지,48330,33021,0,0022,0001,일반건축물,경상남도 양산시 삼계2길 37-2 (상북면 석계리),,,0,46.2,0,46.2,0,일반목구조,01000,주택,1,0
경상남도 양산시 상북면 석계리 22-2번지,48330,33021,0,0022,0002,일반건축물,경상남도 양산시 삼계2길 39 (상북면 석계리),,,0,72.61,0,72.61,0,블록구조,01000,주택,1,0
경상남도 양산시 상북면 석계리 22-4번지,48330,33021,0,0022,0004,일반건축물,경상남도 양산시 삼계2길 37 (상북면 석계리),,,0,69.4,0,69.4,0,일반목구조,01000,주택,1,0
경상남도 양산시 상북면 석계리 22-5번지,48330,33021,0,0022,0005,일반건축물,경상남도 양산시 삼계2길 35-1 (상북면 석계리),,,0,50.8,0,50.8,0,벽돌구조,01000,주택,1,0
경상남도 양산시 상북면 석계리 22-6번지,48330,33021,0,0022,0006,일반건축물,경상남도 양산시 삼계2길 35 (상북면 석계리),,,671.4,308.87,46,308.87,46,일반목구조,01000,주택 및 제2종근린생활시설,1,0
경상남도 양산시 상북면 석계리 22-7번지,48330,33021,0,0022,0007,일반건축물,경상남도 양산시 삼계2길 33 (상북면 석계리),,,0,0,0,82.6,0,일반목구조,01000,"주택, 근린생활시설",1,0
경상남도 양산시 상북면 석계리 22-9번지,48330,33021,0,0022,0009,일반건축물,경상남도 양산시 삼계2길 29 (상북면 석계리),,,78,46.36,59.44,127.28,163.18,철근콘크리트구조,04000,제2종근린생활시설,3,0
경상남도 양산시 상북면 석계리 22-16번지,48330,33021,0,0022,0016,일반건축물,경상남도 양산시 삼계2길 37-1 (상북면 석계리),,,60,36.92,61.53,36.92,61.53,벽돌구조,03000,근린생활시설,1,0
경상남도 양산시 상북면 석계리 23-1번지,48330,33021,0,0023,0001,일반건축물,경상남도 양산시 삼계2길 27 (상북면 석계리),,,0,85.9,0,85.9,0,일반목구조,01000,주택,1,0
경상남도 양산시 상북면 석계리 23-2번지,48330,33021,0,0023,0002,일반건축물,경상남도 양산시 삼계2길 27 (상북면 석계리),,,0,49.5,0,49.5,0,일반목구조,01000,주택,1,0
경상남도 양산시 상북면 석계리 26-1번지,48330,33021,0,0026,0001,일반건축물,경상남도 양산시 상북중앙로 393 (상북면 석계리),,A동,0,196.41,0,499.65,0,철근콘크리트구조,04000,제2종근린생활시설,3,0
경상남도 양산시 상북면 석계리 26-1번지,48330,33021,0,0026,0001,일반건축물,경상남도 양산시 상북중앙로 395 (상북면 석계리),,B동,0,383.235,0,383.235,0,일반철골구조,04000,제2종근린생활시설,1,0
경상남도 양산시 상북면 석계리 26-2번지,48330,33021,0,0026,0002,일반건축물,경상남도 양산시 삼계2길 12 (상북면 석계리),,A동,0,83.7,0,158.73,0,벽돌구조,01000,단독주택,2,0
경상남도 양산시 상북면 석계리 26-2번지,48330,33021,0,0026,0002,일반건축물,경상남도 양산시 삼계2길 12 (상북면 석계리),,B동,0,0,0,94.92,0,조적구조,04000,"2종근린생활시설, 주택",1,0
경상남도 양산시 상북면 석계리 26-2번지,48330,33021,0,0026,0002,일반건축물,경상남도 양산시 삼계2길 12 (상북면 석계리),,C동,0,61.96,0,61.96,0,벽돌구조,01000,단독주택,1,0
경상남도 양산시 상북면 석계리 26-4번지,48330,33021,0,0026,0004,일반건축물,경상남도 양산시 삼계2길 8 (상북면 석계리),,1동,742,357.11,48.13,343.52,46.3,일반철골구조,03000,제1종근린생활시설,1,0
경상남도 양산시 상북면 석계리 27-1번지,48330,33021,0,0027,0001,일반건축물,경상남도 양산시 삼계2길 14 (상북면 석계리),,,179,89.83,50.18,83.42,46.6,철근콘크리트구조,01000,단독주택,1,0
경상남도 양산시 상북면 석계리 27-2번지,48330,33021,0,0027,0002,일반건축물,경상남도 양산시 상북중앙로 397 (상북면 석계리),,,843.19,179.28,21.26,137.28,16.28,조적구조,03000,근린생활시설,1,0
경상남도 양산시 상북면 석계리 27-10번지,48330,33021,0,0027,0010,일반건축물,경상남도 양산시 삼계2길 12-2 (상북면 석계리),,,0,59.4,0,59.4,0,일반목구조,01000,주택,1,0
경상남도 양산시 상북면 석계리 28-3번지,48330,33021,0,0028,0003,일반건축물,경상남도 양산시 삼계2길 22 (상북면 석계리),2동,,0,39.48,0,39.48,0,철근콘크리트구조,01000,단독주택,2,0
경상남도 양산시 상북면 석계리 28-3번지,48330,33021,0,0028,0003,일반건축물,경상남도 양산시 삼계2길 22 (상북면 석계리),1동,,0,183.94,0,323.74,0,철근콘크리트구조,04000,제2종근린생활시설,2,0
경상남도 양산시 상북면 석계리 28-7번지,48330,33021,0,0028,0007,일반건축물,경상남도 양산시 삼계3길 6-4 (상북면 석계리),,1동,560.6,82.38,14.69,82.38,14.69,철근콘크리트구조,03000,제1종근린생활시설,2,0
경상남도 양산시 상북면 석계리 28-11번지,48330,33021,0,0028,0011,일반건축물,경상남도 양산시 삼계4길 7-1 (상북면 석계리),,,695.9,217.73,31.29,303.7,43.64,조적구조,01000,"주택, 근린생활시설",2,0
경상남도 양산시 상북면 석계리 28-12번지,48330,33021,0,0028,0012,일반건축물,경상남도 양산시 삼계2길 26 (상북면 석계리),,,329.8,104.46,31.67,173.95,52.74,블록구조,04000,"제2종근린생활시설,단독주택",2,0
경상남도 양산시 상북면 석계리 28-12번지,48330,33021,0,0028,0012,일반건축물,경상남도 양산시 삼계2길 26 (상북면 석계리),,,206,8.91,4.33,8.91,4.33,블록구조,04000,제2종근린생활시설,1,0
경상남도 양산시 상북면 석계리 28-14번지,48330,33021,0,0028,0014,일반건축물,경상남도 양산시 삼계3길 8 (상북면 석계리),,,0,118.38,0,118.38,0,벽돌구조,01000,주택,1,0
경상남도 양산시 상북면 석계리 28-15번지,48330,33021,0,0028,0015,일반건축물,경상남도 양산시 삼계3길 5 (상북면 석계리),,,0,85.95,0,85.95,0,블록구조,01000,주택,1,0
경상남도 양산시 상북면 석계리 28-16번지,48330,33021,0,0028,0016,일반건축물,경상남도 양산시 삼계2길 12-3 (상북면 석계리),,,0,79.3,0,79.3,0,블록구조,01000,주택,1,0
경상남도 양산시 상북면 석계리 28-17번지,48330,33021,0,0028,0017,일반건축물,경상남도 양산시 삼계3길 7 (상북면 석계리),,,0,49.5,0,49.5,0,일반목구조,01000,주택,1,0
경상남도 양산시 상북면 석계리 28-17번지,48330,33021,0,0028,0017,일반건축물,경상남도 양산시 삼계3길 7 (상북면 석계리),,,0,81.72,0,81.72,0,블록구조,01000,주택,1,0
경상남도 양산시 상북면 석계리 28-20번지,48330,33021,0,0028,0020,일반건축물,경상남도 양산시 삼계2길 16 (상북면 석계리),,,204.41,83.81,41,83.81,41,경량철골구조,01000,단독주택,1,0
경상남도 양산시 상북면 석계리 28-22번지,48330,33021,0,0028,0022,일반건축물,경상남도 양산시 삼계2길 28 (상북면 석계리),,,0,76.03,0,76.03,0,블록구조,04000,제2종근린생활시설,1,0
경상남도 양산시 상북면 석계리 28-22번지,48330,33021,0,0028,0022,일반건축물,경상남도 양산시 삼계4길 9 (상북면 석계리),,,0,104.44,0,104.44,0,철근콘크리트구조,04000,"제1종근린생활시설,제2종근린생활시설",1,0
경상남도 양산시 상북면 석계리 28-26번지,48330,33021,0,0028,0026,일반건축물,경상남도 양산시 삼계4길 5 (상북면 석계리),,,549,406.64,74.07,810.46,147.62,철근콘크리트구조,14000,업무시설,2,0
경상남도 양산시 상북면 석계리 28-30번지,48330,33021,0,0028,0030,일반건축물,경상남도 양산시 삼계3길 6 (상북면 석계리),,,0,84.91,0,84.91,0,벽돌구조,01000,주택,1,0
경상남도 양산시 상북면 석계리 28-31번지,48330,33021,0,0028,0031,일반건축물,경상남도 양산시 삼계2길 12-4 (상북면 석계리),,,0,82.6,0,82.6,0,블록구조,01000,주택,1,0
경상남도 양산시 상북면 석계리 29-1번지,48330,33021,0,0029,0001,일반건축물,경상남도 양산시 삼계2길 38 (상북면 석계리),,,0,135.3,0,135.3,0,일반목구조,01000,주택,1,0
경상남도 양산시 상북면 석계리 29-3번지,48330,33021,0,0029,0003,일반건축물,경상남도 양산시 삼계5길 4-1 (상북면 석계리),,,0,125.5,0,125.5,0,블록구조,01000,"주택, 점포",1,0
경상남도 양산시 상북면 석계리 29-4번지,48330,33021,0,0029,0004,일반건축물,경상남도 양산시 삼계5길 6 (상북면 석계리),,,130.44,72.94,55.92,139.9,107.23,벽돌구조,03000,"근린생활시설, 주택",2,0
경상남도 양산시 상북면 석계리 29-6번지,48330,33021,0,0029,0006,일반건축물,경상남도 양산시 삼계5길 7 (상북면 석계리),,,0,155.2,0,155.2,0,블록구조,03000,"주택, 근린생활시설",1,0
경상남도 양산시 상북면 석계리 29-7번지,48330,33021,0,0029,0007,일반건축물,경상남도 양산시 삼계2길 32 (상북면 석계리),,,79.2,47.36,59.8,79.35,100.19,철근콘크리트구조,03000,"제1종근린생활시설,단독주택",2,0
경상남도 양산시 상북면 석계리 29-8번지,48330,33021,0,0029,0008,일반건축물,경상남도 양산시 삼계2길 30 (상북면 석계리),,,0,118.56,0,228.42,0,철근콘크리트구조,03000,"주택, 근린생활시설",2,0
경상남도 양산시 상북면 석계리 29-10번지,48330,33021,0,0029,0010,일반건축물,경상남도 양산시 삼계5길 3-1 (상북면 석계리),,,0,105.54,0,105.545,0,블록구조,01000,"주택, 점포",1,0
경상남도 양산시 상북면 석계리 29-13번지,48330,33021,0,0029,0013,일반건축물,경상남도 양산시 삼계4길 8 (상북면 석계리),,,304,174.38,57.36,408.89,134.5,철근콘크리트구조,03000,"제1,2종근린생활시설, 단독주택",3,0
경상남도 양산시 상북면 석계리 29-14번지,48330,33021,0,0029,0014,일반건축물,경상남도 양산시 삼계4길 6 (상북면 석계리),,,119.2,73.24,61.44,70.36,59.03,일반철골구조,03000,제1종근린생활시설,1,0
경상남도 양산시 상북면 석계리 29-15번지,48330,33021,0,0029,0015,일반건축물,경상남도 양산시 삼계5길 4 (상북면 석계리),,,0,62.27,0,62.27,0,블록구조,03000,점포,1,0
경상남도 양산시 상북면 석계리 29-21번지,48330,33021,0,0029,0021,일반건축물,경상남도 양산시 삼계2길 30 (상북면 석계리),,,0,89,0,178,0,블록구조,03000,주택,2,0
경상남도 양산시 상북면 석계리 30-1번지,48330,33021,0,0030,0001,일반건축물,,,,0,39.6,0,39.6,0,일반목구조,01000,주택,1,0
경상남도 양산시 상북면 석계리 30-1번지,48330,33021,0,0030,0001,일반건축물,경상남도 양산시 삼계2길 40 (상북면 석계리),,2동,0,36.3,0,36.3,0,일반목구조,01000,주택,1,0
경상남도 양산시 상북면 석계리 30-1번지,48330,33021,0,0030,0001,일반건축물,경상남도 양산시 삼계2길 42 (상북면 석계리),,,0,36.36,0,36.36,0,일반목구조,01000,주택,1,0
경상남도 양산시 상북면 석계리 30-4번지,48330,33021,0,0030,0004,일반건축물,경상남도 양산시 삼계2길 42-1 (상북면 석계리),,,0,93.55,0,93.55,0,블록구조,01000,주택,1,0
경상남도 양산시 상북면 석계리 30-14번지,48330,33021,0,0030,0014,일반건축물,경상남도 양산시 삼계2길 42-2 (상북면 석계리),,3동,0,19.8,0,19.8,0,기타조적구조,01000,단독주택,1,0
경상남도 양산시 상북면 석계리 30-14번지,48330,33021,0,0030,0014,일반건축물,경상남도 양산시 삼계2길 42-2 (상북면 석계리),,1동,0,66.42,0,66.42,0,블록구조,01000,단독주택,1,0
경상남도 양산시 상북면 석계리 30-14번지,48330,33021,0,0030,0014,일반건축물,경상남도 양산시 삼계2길 42-2 (상북면 석계리),,2동,0,32.13,0,32.13,0,블록구조,01000,단독주택,1,0
경상남도 양산시 상북면 석계리 30-17번지,48330,33021,0,0030,0017,일반건축물,경상남도 양산시 상북중앙로 423 (상북면 석계리),,,0,155.3,0,244.4,0,철근콘크리트구조,01000,"주택, 근린생활시설",3,0
경상남도 양산시 상북면 석계리 30-18번지,48330,33021,0,0030,0018,일반건축물,경상남도 양산시 상북중앙로 419 (상북면 석계리),,,0,36.3,0,36.3,0,일반목구조,01000,주택,1,0
경상남도 양산시 상북면 석계리 31-1번지,48330,33021,0,0031,0001,일반건축물,,,,0,26.4,0,26.4,0,일반목구조,01000,주택,1,0
경상남도 양산시 상북면 석계리 31-2번지,48330,33021,0,0031,0002,일반건축물,경상남도 양산시 삼계2길 50 (상북면 석계리),,,398,231.62,58.2,532.92,133.9,철근콘크리트구조,04000,"근린생활시설, 주택",3,0
경상남도 양산시 상북면 석계리 32-1번지,48330,33021,0,0032,0001,일반건축물,경상남도 양산시 상북중앙로 437 (상북면 석계리),,,0,56.1,0,56.1,0,블록구조,01000,주택,1,0
경상남도 양산시 상북면 석계리 32-1번지,48330,33021,0,0032,0001,일반건축물,경상남도 양산시 상북중앙로 437 (상북면 석계리),,,0,125.6,0,125.6,0,블록구조,18000,창고,1,0
경상남도 양산시 상북면 석계리 32-2번지,48330,33021,0,0032,0002,일반건축물,경상남도 양산시 상북중앙로 442 (상북면 석계리),,,806,476.71,59.15,476.71,59.15,경량철골구조,04000,제2종근린생활시설,1,0
경상남도 양산시 상북면 석계리 32-4번지,48330,33021,0,0032,0004,일반건축물,경상남도 양산시 상북중앙로 425 (상북면 석계리),,,0,71.97,0,71.97,0,벽돌구조,01000,주택,1,0
경상남도 양산시 상북면 석계리 32-6번지,48330,33021,0,0032,0006,일반건축물,경상남도 양산시 상북중앙로 435 (상북면 석계리),,,0,79.2,0,79.2,0,일반목구조,01000,주택,1,0
경상남도 양산시 상북면 석계리 32-6번지,48330,33021,0,0032,0006,일반건축물,경상남도 양산시 상북중앙로 435 (상북면 석계리),,,0,79.3,0,79.3,0,블록구조,01000,"주택, 근린생활시설",1,0
경상남도 양산시 상북면 석계리 32-8번지,48330,33021,0,0032,0008,일반건축물,경상남도 양산시 삼계2길 51 (상북면 석계리),,1동,392,174.04,44.4,168.07,42.88,일반목구조,04000,제2종근린생활시설,1,0
경상남도 양산시 상북면 석계리 32-19번지,48330,33021,0,0032,0019,일반건축물,경상남도 양산시 상북중앙로 431 (상북면 석계리),,,0,5.4,0,5.4,0,일반목구조,01000,단독주택,1,0
경상남도 양산시 상북면 석계리 32-19번지,48330,33021,0,0032,0019,일반건축물,경상남도 양산시 상북중앙로 431 (상북면 석계리),,,318,81.14,25.52,81.14,25.52,일반목구조,01000,단독주택,1,0
경상남도 양산시 상북면 석계리 32-21번지,48330,33021,0,0032,0021,일반건축물,경상남도 양산시 상북중앙로 427 (상북면 석계리),,,205,91.42,44.6,88.47,43.16,벽돌구조,01000,단독주택,1,0
경상남도 양산시 상북면 석계리 32-29번지,48330,33021,0,0032,0029,일반건축물,경상남도 양산시 삼계5길 4-2 (상북면 석계리),,,0,0,0,174.47,0,블록구조,01000,"주택, 근린생활시설",2,0
경상남도 양산시 상북면 석계리 32-30번지,48330,33021,0,0032,0030,일반건축물,경상남도 양산시 상북중앙로 415-1 (상북면 석계리),,,0,155.3,0,155.3,0,블록구조,01000,"주택, 근린생활시설",1,0
경상남도 양산시 상북면 석계리 32-30번지,48330,33021,0,0032,0030,일반건축물,경상남도 양산시 상북중앙로 415-1 (상북면 석계리),,,0,33,0,33,0,블록구조,01000,"주택, 위험물취급소",1,0
경상남도 양산시 상북면 석계리 32-36번지,48330,33021,0,0032,0036,일반건축물,경상남도 양산시 상북중앙로 452-45 (상북면 석계리),,,854,441.35,51.68,487.5,57.08,일반철골구조,03000,제1종근린생활시설,2,0
경상남도 양산시 상북면 석계리 32-42번지,48330,33021,0,0032,0042,일반건축물,경상남도 양산시 상북중앙로 452-39 (상북면 석계리),,,563,329.2,58.47,329.2,58.47,일반철골구조,03000,"제1종근린생활시설,제2종근린생활시설",1,0
경상남도 양산시 상북면 석계리 32-65번지,48330,33021,0,0032,0065,일반건축물,경상남도 양산시 상북중앙로 442-1 (상북면 석계리),,,688.42,355.76,51.67,480.33,69.77,철근콘크리트구조,03000,"제1종근린생활시설, 제2종근린생활시설",2,0
경상남도 양산시 상북면 석계리 32-79번지,48330,33021,0,0032,0079,일반건축물,경상남도 양산시 상북중앙로 439 (상북면 석계리),,,0,151.5,0,151.5,0,철근콘크리트구조,01000,"주택, 점포",2,0
경상남도 양산시 상북면 석계리 32-83번지,48330,33021,0,0032,0083,일반건축물,경상남도 양산시 상북중앙로 423-2 (상북면 석계리),,,298,135.36,45.42,277.88,76.67,벽돌구조,01000,단독주택,2,1
경상남도 양산시 상북면 석계리 32-88번지,48330,33021,0,0032,0088,일반건축물,경상남도 양산시 삼계동1길 30-23 (상북면 석계리),,,1537,238.87,15.54,238.87,15.54,기타조적구조,21000,관리사,1,0
경상남도 양산시 상북면 석계리 32-89번지,48330,33021,0,0032,0089,일반건축물,경상남도 양산시 삼계동1길 30-14 (상북면 석계리),,2동,0,86.4,0,172.8,0,철근콘크리트구조,17000,공장,3,0
경상남도 양산시 상북면 석계리 32-89번지,48330,33021,0,0032,0089,일반건축물,경상남도 양산시 삼계동1길 30-14 (상북면 석계리),,1동,2557,502.2,19.64,588.6,23.02,일반철골구조,17000,공장,1,0
경상남도 양산시 상북면 석계리 32-114번지,48330,33021,0,0032,0114,일반건축물,경상남도 양산시 삼계동1길 30-24 (상북면 석계리),,C동,0,18.2,0,18.2,0,경량철골구조,04000,제2종근린생활시설(화장실),1,0
경상남도 양산시 상북면 석계리 32-114번지,48330,33021,0,0032,0114,일반건축물,경상남도 양산시 삼계동1길 30-24 (상북면 석계리),,"A동(주1), B동(주2)",3216,642.2,19.97,642.2,19.97,철근콘크리트구조,04000,제2종근린생활시설,1,0
경상남도 양산시 상북면 석계리 33-16번지,48330,33021,0,0033,0016,일반건축물,경상남도 양산시 삼계동1길 16 (상북면 석계리),,1동,0,49,0,49,0,경량철골구조,01000,단독주택,1,0
경상남도 양산시 상북면 석계리 33-16번지,48330,33021,0,0033,0016,일반건축물,경상남도 양산시 삼계동1길 16 (상북면 석계리),,2동,0,49,0,49,0,경량철골구조,01000,단독주택,1,0
경상남도 양산시 상북면 석계리 34-9번지,48330,33021,0,0034,0009,일반건축물,경상남도 양산시 삼계4길 2 (상북면 석계리),로컬푸드나눔터(석계시장),1,594.3,397.65,66.910651,300,50.479555,일반철골구조,03000,제1종근린생활시설(소매점),1,0
경상남도 양산시 상북면 석계리 34-11번지,48330,33021,0,0034,0011,일반건축물,,,,0,46.16,0,92.32,0,블록구조,01000,"주택, 근린생활시설",2,0
경상남도 양산시 상북면 석계리 34-42번지,48330,33021,0,0034,0042,일반건축물,경상남도 양산시 상북중앙로 407 (상북면 석계리),,,0,72.6,0,72.6,0,블록구조,Z3000,"제2종근린생활시설,주택",1,0
경상남도 양산시 상북면 석계리 34-43번지,48330,33021,0,0034,0043,일반건축물,경상남도 양산시 상북중앙로 405 (상북면 석계리),,,0,0,0,359.44,0,철근콘크리트구조,03000,"근린생활시설, 주택",2,0
경상남도 양산시 상북면 석계리 34-44번지,48330,33021,0,0034,0044,일반건축물,경상남도 양산시 삼계3길 6-2 (상북면 석계리),,,0,76,0,76,0,블록구조,01000,주택,1,0
경상남도 양산시 상북면 석계리 34-45번지,48330,33021,0,0034,0045,일반건축물,경상남도 양산시 삼계3길 4 (상북면 석계리),,1동,279.9,65.49,23.4,64,22.87,일반철골구조,04000,제2종근린생활시설,1,0
경상남도 양산시 상북면 석계리 34-46번지,48330,33021,0,0034,0046,일반건축물,경상남도 양산시 상북중앙로 401-1 (상북면 석계리),,,0,79.3,0,79.3,0,블록구조,04000,근린생활시설,1,0
경상남도 양산시 상북면 석계리 34-47번지,48330,33021,0,0034,0047,일반건축물,경상남도 양산시 삼계3길 3 (상북면 석계리),,,0,112,0,222.1,0,블록구조,01000,"주택, 근린생활시설",2,0
경상남도 양산시 상북면 석계리 34-51번지,48330,33021,0,0034,0051,일반건축물,경상남도 양산시 상북중앙로 401 (상북면 석계리),상북보건지소,,0,96.75,0,151.29,0,벽돌구조,03000,근린공공시설(보건소),2,0
경상남도 양산시 상북면 석계리 34-102번지,48330,33021,0,0034,0102,일반건축물,경상남도 양산시 석계로 4 (상북면 석계리),,1동,1651,327.63,19.84,2326,77.6,철근콘크리트구조,03000,제1종근린생활시설,4,1
경상남도 양산시 상북면 석계리 34-104번지,48330,33021,0,0034,0104,일반건축물,,,,0,92.5,0,92.5,0,블록구조,04000,사무실,1,0
경상남도 양산시 상북면 석계리 34-111번지,48330,33021,0,0034,0111,일반건축물,경상남도 양산시 삼계5길 1 (상북면 석계리),,,0,81.63,0,81.63,0,블록구조,03000,"주택, 점포",2,0
경상남도 양산시 상북면 석계리 34-112번지,48330,33021,0,0034,0112,일반건축물,경상남도 양산시 상북중앙로 411-1 (상북면 석계리),,,0,98.19,0,98.19,0,블록구조,01000,주택,2,0
경상남도 양산시 상북면 석계리 34-113번지,48330,33021,0,0034,0113,일반건축물,경상남도 양산시 상북중앙로 411 (상북면 석계리),,,0,79.92,0,79.92,0,블록구조,01000,주택,2,0
경상남도 양산시 상북면 석계리 34-114번지,48330,33021,0,0034,0114,일반건축물,경상남도 양산시 상북중앙로 409-1 (상북면 석계리),,,98.3,58.74,59.76,58.74,59.76,블록구조,03000,제1종근린생활시설,1,0
경상남도 양산시 상북면 석계리 34-115번지,48330,33021,0,0034,0115,일반건축물,경상남도 양산시 상북중앙로 409 (상북면 석계리),,,102.6,58.5,57.02,58.5,57.02,벽돌구조,03000,근린생활시설,1,0
경상남도 양산시 상북면 석계리 34-116번지,48330,33021,0,0034,0116,일반건축물,경상남도 양산시 상북중앙로 407-1 (상북면 석계리),,,87.5,65.64,75.02,196.92,225.05,철근콘크리트구조,04000,제2종근린생활시설,3,0
경상남도 양산시 상북면 석계리 34-117번지,48330,33021,0,0034,0117,일반건축물,경상남도 양산시 상북중앙로 413 (상북면 석계리),,,94.6,54.01,57.09,88.21,93.25,블록구조,04000,"근린생활시설, 단독주택",2,0
경상남도 양산시 상북면 석계리 34-124번지,48330,33021,0,0034,0124,일반건축물,경상남도 양산시 석계로 6 (상북면 석계리),,,990,2,0.2,2,0.2,경량철골구조,04000,제2종근린생활시설,1,0
경상남도 양산시 상북면 석계리 34-124번지,48330,33021,0,0034,0124,일반건축물,경상남도 양산시 석계로 6 (상북면 석계리),,,990,197.52,19.95,197.52,19.95,일반철골구조,04000,제2종근린생활시설,1,0
경상남도 양산시 상북면 석계리 34-218번지,48330,33021,0,0034,0218,일반건축물,경상남도 양산시 석계로 8 (상북면 석계리),,1동,970,193.53,19.95,998.98,74.45,철근콘크리트구조,04000,제2종근린생활시설,4,1
경상남도 양산시 상북면 석계리 35-1번지,48330,33021,0,0035,0001,일반건축물,경상남도 양산시 삼계동길 27 (상북면 석계리),상하북종합사회복지관,제2동,0,994.75,0,3088.94,0,철근콘크리트구조,11000,노유자시설,3,1
경상남도 양산시 상북면 석계리 35-1번지,48330,33021,0,0035,0001,일반건축물,,양산생활밀착형 국민체육센터 및 상하북종합사회복지관,제1동,10098,1964.94,19.46,6033.5,22.56,철근콘크리트구조,13000,운동시설,2,2
경상남도 양산시 상북면 석계리 48-2번지,48330,33021,0,0048,0002,일반건축물,,,,0,54,0,54,0,블록구조,21000,관리사,1,0
경상남도 양산시 상북면 석계리 51번지,48330,33021,0,0051,0000,일반건축물,경상남도 양산시 양주마을2길 18 (상북면 석계리),양주중학교,,0,505.07,0,505.13,0,철근콘크리트구조,10000,교육연구시설(급식소),1,0
경상남도 양산시 상북면 석계리 51번지,48330,33021,0,0051,0000,일반건축물,경상남도 양산시 양주마을2길 18 (상북면 석계리),양주중학교,2호동,0,930,0,1162.5,0,철근콘크리트구조,10000,교육연구및복지시설,2,0
경상남도 양산시 상북면 석계리 51번지,48330,33021,0,0051,0000,일반건축물,경상남도 양산시 양주마을2길 18 (상북면 석계리),양주중학교,6호동,0,52.38,0,52.38,0,벽돌구조,10000,교육연구및복지시설(사택),1,0
경상남도 양산시 상북면 석계리 51번지,48330,33021,0,0051,0000,일반건축물,경상남도 양산시 양주마을2길 18 (상북면 석계리),양주중학교,7호동,0,4,0,4,0,벽돌구조,19000,교육연구및복지시설(가스실),1,0
경상남도 양산시 상북면 석계리 51번지,48330,33021,0,0051,0000,일반건축물,경상남도 양산시 양주마을2길 18 (상북면 석계리),양주중학교,3호동(주3),0,1726.5,0,5717.16,0,철근콘크리트구조,Z8000,교육연구및복지시설,5,1
경상남도 양산시 상북면 석계리 52-8번지,48330,33021,0,0052,0008,일반건축물,경상남도 양산시 양주마을2길 16 (상북면 석계리),,,522,103.5,19.83,197.25,37.79,벽돌구조,01000,주택,2,0
경상남도 양산시 상북면 석계리 52-10번지,48330,33021,0,0052,0010,일반건축물,경상남도 양산시 양주마을2길 27-4 (상북면 석계리),,,0,39.6,0,39.6,0,블록구조,01000,주택,1,0
경상남도 양산시 상북면 석계리 52-11번지,48330,33021,0,0052,0011,일반건축물,경상남도 양산시 양주마을2길 27-6 (상북면 석계리),,,0,56.1,0,56.1,0,블록구조,01000,주택,1,0
경상남도 양산시 상북면 석계리 52-12번지,48330,33021,0,0052,0012,일반건축물,경상남도 양산시 양주마을2길 27-8 (상북면 석계리),,,0,39.6,0,39.6,0,블록구조,01000,주택,1,0
경상남도 양산시 상북면 석계리 52-14번지,48330,33021,0,0052,0014,일반건축물,경상남도 양산시 양주마을2길 27-12 (상북면 석계리),,,0,39.6,0,39.6,0,블록구조,01000,주택,1,0
경상남도 양산시 상북면 석계리 52-15번지,48330,33021,0,0052,0015,일반건축물,경상남도 양산시 양주마을2길 27-10 (상북면 석계리),,,0,39.6,0,39.6,0,블록구조,01000,주택,1,0
경상남도 양산시 상북면 석계리 52-16번지,48330,33021,0,0052,0016,일반건축물,경상남도 양산시 양주마을2길 27-16 (상북면 석계리),,,0,47.3,0,47.3,0,블록구조,01000,주택,1,0
경상남도 양산시 상북면 석계리 52-17번지,48330,33021,0,0052,0017,일반건축물,경상남도 양산시 양주마을2길 27-18 (상북면 석계리),,,172,68.64,39.91,68.64,39.91,벽돌구조,01000,단독주택,1,0
경상남도 양산시 상북면 석계리 52-18번지,48330,33021,0,0052,0018,일반건축물,경상남도 양산시 양주마을2길 27-20 (상북면 석계리),,,0,39.6,0,39.6,0,블록구조,01000,주택,1,0
경상남도 양산시 상북면 석계리 52-19번지,48330,33021,0,0052,0019,일반건축물,경상남도 양산시 양주마을2길 27-24 (상북면 석계리),,,0,39.6,0,39.6,0,블록구조,01000,주택,1,0
경상남도 양산시 상북면 석계리 52-20번지,48330,33021,0,0052,0020,일반건축물,경상남도 양산시 양주마을2길 27-26 (상북면 석계리),,,0,39.6,0,39.6,0,블록구조,01000,주택,1,0
경상남도 양산시 상북면 석계리 52-21번지,48330,33021,0,0052,0021,일반건축물,경상남도 양산시 양주마을2길 5 (상북면 석계리),,,0,39.6,0,39.6,0,블록구조,01000,주택,1,0
경상남도 양산시 상북면 석계리 52-22번지,48330,33021,0,0052,0022,일반건축물,경상남도 양산시 양주마을2길 7 (상북면 석계리),,,0,39.6,0,39.6,0,블록구조,01000,주택,1,0
경상남도 양산시 상북면 석계리 52-23번지,48330,33021,0,0052,0023,일반건축물,경상남도 양산시 양주마을2길 9 (상북면 석계리),,,0,39.6,0,39.6,0,블록구조,01000,주택,1,0
경상남도 양산시 상북면 석계리 52-25번지,48330,33021,0,0052,0025,일반건축물,경상남도 양산시 양주마을2길 27-13 (상북면 석계리),,,0,39.6,0,39.6,0,블록구조,01000,주택,1,0
경상남도 양산시 상북면 석계리 52-26번지,48330,33021,0,0052,0026,일반건축물,경상남도 양산시 양주마을2길 27-11 (상북면 석계리),,,190,79.62,41.91,76.2,40.11,블록구조,01000,단독주택,1,0
경상남도 양산시 상북면 석계리 52-26번지,48330,33021,0,0052,0026,일반건축물,경상남도 양산시 양주마을2길 27-11 (상북면 석계리),,,0,3.36,0,3.36,0,블록구조,01000,단독주택,1,0
경상남도 양산시 상북면 석계리 52-27번지,48330,33021,0,0052,0027,일반건축물,경상남도 양산시 양주마을2길 27-9 (상북면 석계리),,,0,39.6,0,39.6,0,블록구조,01000,주택,1,0
경상남도 양산시 상북면 석계리 52-29번지,48330,33021,0,0052,0029,일반건축물,경상남도 양산시 양주마을2길 27-7 (상북면 석계리),,,0,39.6,0,39.6,0,블록구조,01000,주택,1,0
경상남도 양산시 상북면 석계리 52-31번지,48330,33021,0,0052,0031,일반건축물,경상남도 양산시 양주마을2길 27-3 (상북면 석계리),,,222,102.37,46.11,128.71,57.98,일반철골구조,01000,단독주택,2,0
경상남도 양산시 상북면 석계리 52-42번지,48330,33021,0,0052,0042,일반건축물,경상남도 양산시 양주마을2길 29 (상북면 석계리),,제1동,1511.3,194.75,12.89,350.3,23.18,철근콘크리트구조,04000,제2종근린생활시설,2,0
경상남도 양산시 상북면 석계리 59-1번지,48330,33021,0,0059,0001,일반건축물,경상남도 양산시 반회동길 139 (상북면 석계리),,,892,108.12,12.12,222.47,11.98,벽돌구조,01000,농가용주택,1,1
경상남도 양산시 상북면 석계리 62-1번지,48330,33021,0,0062,0001,일반건축물,경상남도 양산시 양주마을2길 35 (상북면 석계리),,,0,78.6,0,78.6,0,블록구조,01000,주택,1,0
경상남도 양산시 상북면 석계리 62-2번지,48330,33021,0,0062,0002,일반건축물,경상남도 양산시 석계로 33 (상북면 석계리),,,0,159.31,0,159.31,0,블록구조,01000,"주택, 근린생활시설",2,0
경상남도 양산시 상북면 석계리 62-3번지,48330,33021,0,0062,0003,일반건축물,경상남도 양산시 양주마을2길 33 (상북면 석계리),,2동,0,81.25,0,81.25,0,블록구조,21000,축사,1,0
경상남도 양산시 상북면 석계리 62-3번지,48330,33021,0,0062,0003,일반건축물,경상남도 양산시 양주마을2길 33 (상북면 석계리),,1동,0,41.6,0,41.6,0,블록구조,01000,주택,1,0
경상남도 양산시 상북면 석계리 62-5번지,48330,33021,0,0062,0005,일반건축물,경상남도 양산시 양주마을2길 37 (상북면 석계리),,,0,153.72,0,153.72,0,벽돌구조,04000,"근린생활시설, 주택",2,0
경상남도 양산시 상북면 석계리 63-3번지,48330,33021,0,0063,0003,일반건축물,경상남도 양산시 양주마을2길 19 (상북면 석계리),,,268.3,160,59.63,160,59.63,경량철골구조,04000,제2종근린생활시설,1,0
경상남도 양산시 상북면 석계리 63-11번지,48330,33021,0,0063,0011,일반건축물,경상남도 양산시 양주마을2길 11 (상북면 석계리),,,0,39.6,0,39.6,0,블록구조,01000,주택,1,0
경상남도 양산시 상북면 석계리 64번지,48330,33021,0,0064,0000,일반건축물,경상남도 양산시 양주마을2길 13 (상북면 석계리),,,400,40,10,40,10,경량철골구조,04000,제2종근린생활시설,1,0
경상남도 양산시 상북면 석계리 64-1번지,48330,33021,0,0064,0001,일반건축물,경상남도 양산시 양주마을2길 17 (상북면 석계리),,1동,301.8,67.73,22.44,82.09,27.2,일반철골구조,04000,제2종근린생활시설,2,0
경상남도 양산시 상북면 석계리 66-7번지,48330,33021,0,0066,0007,일반건축물,경상남도 양산시 석계로 37 (상북면 석계리),양산소방서 상북119안전센터,,1204.38,529.24,43.94,935.13,77.64,철근콘크리트구조,03000,제1종근린생활시설,2,0
경상남도 양산시 상북면 석계리 69-3번지,48330,33021,0,0069,0003,일반건축물,경상남도 양산시 상북중앙로 365 (상북면 석계리),,,0,2.88,0,2.88,0,벽돌구조,03000,화장실,1,0
경상남도 양산시 상북면 석계리 69-3번지,48330,33021,0,0069,0003,일반건축물,경상남도 양산시 상북중앙로 365 (상북면 석계리),,,321,183.86,57.28,183.86,57.28,경량철골구조,03000,근린생활시설,1,0
경상남도 양산시 상북면 석계리 70-11번지,48330,33021,0,0070,0011,일반건축물,경상남도 양산시 반회동7길 9 (상북면 석계리),,,280,162.55,58.05,284.05,101.45,철근콘크리트구조,01000,"단독주택(다가구),제2종근린생활시설",2,0
경상남도 양산시 상북면 석계리 70-13번지,48330,33021,0,0070,0013,일반건축물,경상남도 양산시 반회동7길 14 (상북면 석계리),,,414,208.14,50.28,201.72,48.72,철근콘크리트구조,04000,제2종근린생활시설,1,0
경상남도 양산시 상북면 석계리 70-14번지,48330,33021,0,0070,0014,일반건축물,경상남도 양산시 반회동7길 10 (상북면 석계리),,,295.23,235.06,79.62,825.26,214.94,철근콘크리트구조,04000,"위락시설, 근린생활시설, 주택",3,1
경상남도 양산시 상북면 석계리 71-3번지,48330,33021,0,0071,0003,일반건축물,경상남도 양산시 상북중앙로 369 (상북면 석계리),,,0,146,0,146,0,철근콘크리트구조,19000,위험물저장및처리시설,1,0
경상남도 양산시 상북면 석계리 71-5번지,48330,33021,0,0071,0005,일반건축물,경상남도 양산시 상북중앙로 373 (상북면 석계리),,2동,0,3.96,0,3.96,0,경량철골구조,03000,제1종근린생활시설(화장실),1,0
경상남도 양산시 상북면 석계리 71-5번지,48330,33021,0,0071,0005,일반건축물,경상남도 양산시 상북중앙로 373 (상북면 석계리),,1동,279,166.48,59.67,166.48,59.67,경량철골구조,03000,제1종근린생활시설(소매점),1,0
경상남도 양산시 상북면 석계리 72번지,48330,33021,0,0072,0000,일반건축물,경상남도 양산시 상북중앙로 373-1 (상북면 석계리),,,745,195,26.17,390,52.35,일반철골구조,04000,제2종근린생활시설,2,0
경상남도 양산시 상북면 석계리 74-1번지,48330,33021,0,0074,0001,표제부,경상남도 양산시 상북중앙로 374 (상북면 석계리),벽천프라자,,2928,1731.56,59.14,8954.83,233.14,철근콘크리트구조,02000,공동주택,4,1
경상남도 양산시 상북면 석계리 74-4번지,48330,33021,0,0074,0004,일반건축물,경상남도 양산시 상북중앙로 366 (상북면 석계리),,2동,955,14,1.47,14,1.47,경량철골구조,03000,제1종근린생활시설,1,0
경상남도 양산시 상북면 석계리 74-4번지,48330,33021,0,0074,0004,일반건축물,경상남도 양산시 상북중앙로 366 (상북면 석계리),,1동,955,503.6,52.73,561.6,58.81,일반철골구조,03000,"제1종,2종근린생황시설,단독주택",2,0
경상남도 양산시 상북면 석계리 74-5번지,48330,33021,0,0074,0005,일반건축물,경상남도 양산시 상북중앙로 362 (상북면 석계리),,,986,337,34.18,328.8,33.35,철근콘크리트구조,04000,근린생활시설,1,0
경상남도 양산시 상북면 석계리 74-6번지,48330,33021,0,0074,0006,일반건축물,경상남도 양산시 반회동7길 5 (상북면 석계리),,,800.32,77,9.62,69.75,8.72,벽돌구조,01000,단독주택,1,0
경상남도 양산시 상북면 석계리 74-8번지,48330,33021,0,0074,0008,일반건축물,경상남도 양산시 반회동7길 6 (상북면 석계리),,,298,204.885,68.75,398.385,133.69,철근콘크리트구조,04000,제2종근린생활시설,2,0
경상남도 양산시 상북면 석계리 74-10번지,48330,33021,0,0074,0010,일반건축물,경상남도 양산시 상북중앙로 354 (상북면 석계리),,1호동,0,412.44,0,412.44,0,일반철골구조,03000,"제1종근린생활시설,제2종근린생활시설",1,0
경상남도 양산시 상북면 석계리 74-10번지,48330,33021,0,0074,0010,일반건축물,경상남도 양산시 상북중앙로 354 (상북면 석계리),,2호동,0,32,0,32,0,경량철골구조,03000,제1종근린생활시설,1,0
경상남도 양산시 상북면 석계리 74-11번지,48330,33021,0,0074,0011,표제부,경상남도 양산시 반회동6길 5 (상북면 석계리),,강보쉐르빌 A동,531,167.7,31.58,1060.92,199.8,철근콘크리트구조,02000,"공동주택(아파트),제1종근린생활시설",7,0
경상남도 양산시 상북면 석계리 74-12번지,48330,33021,0,0074,0012,표제부,경상남도 양산시 반회동6길 7 (상북면 석계리),,,184,117.12,63.65,425.02,230.99,철근콘크리트구조,02000,"공동주택(다세대), 제1종근린생활시설",4,0
경상남도 양산시 상북면 석계리 74-13번지,48330,33021,0,0074,0013,일반건축물,경상남도 양산시 반회동6길 8 (상북면 석계리),,제1동,459,18,3.92,18,3.92,경량철골구조,03000,제1종근린생활시설,1,0
경상남도 양산시 상북면 석계리 74-14번지,48330,33021,0,0074,0014,일반건축물,경상남도 양산시 반회동2길 50 (상북면 석계리),,부속건축물제2동,1602,65.1,4.06,65.1,4.06,경량철골구조,03000,제1종근린생활시설,1,0
경상남도 양산시 상북면 석계리 74-14번지,48330,33021,0,0074,0014,일반건축물,경상남도 양산시 반회동2길 50 (상북면 석계리),,,1602,852.65,53.22,852.65,53.22,일반철골구조,03000,제1종근린생활시설,1,0
경상남도 양산시 상북면 석계리 74-14번지,48330,33021,0,0074,0014,일반건축물,경상남도 양산시 반회동2길 50 (상북면 석계리),,부속건축물제1동,1602,18.85,1.18,18.85,1.18,경량철골구조,03000,제1종근린생활시설,1,0
경상남도 양산시 상북면 석계리 74-29번지,48330,33021,0,0074,0029,일반건축물,경상남도 양산시 상북중앙로 362-1 (상북면 석계리),,,482,105.24,21.83,105.24,21.83,벽돌구조,01000,농가용주택,1,0
경상남도 양산시 상북면 석계리 74-30번지,48330,33021,0,0074,0030,일반건축물,경상남도 양산시 상북중앙로 358-1 (상북면 석계리),,,482,200,41.49,200,41.49,프리케스트콘크리트구조,03000,"근린생활시설, 주택",1,0
경상남도 양산시 상북면 석계리 74-33번지,48330,33021,0,0074,0033,일반건축물,경상남도 양산시 상북중앙로 368 (상북면 석계리),,A동,496,132.22,26.66,246.07,49.61,철근콘크리트구조,03000,"근린생활시설, 단독주택",2,0
경상남도 양산시 상북면 석계리 74-39번지,48330,33021,0,0074,0039,일반건축물,경상남도 양산시 상북중앙로 376 (상북면 석계리),,,183,108.45,59.26,245.8,134.32,벽돌구조,01000,단독주택,3,0
경상남도 양산시 상북면 석계리 74-40번지,48330,33021,0,0074,0040,일반건축물,경상남도 양산시 반회동6길 9 (상북면 석계리),,,418,282.22,67.52,282.22,67.52,일반철골구조,04000,제2종근린생활시설,1,0
경상남도 양산시 상북면 석계리 74-45번지,48330,33021,0,0074,0045,일반건축물,경상남도 양산시 반회동7길 8 (상북면 석계리),,1동,0,84.4,0,143.62,0,철근콘크리트구조,01000,단독주택(다가구),2,0
경상남도 양산시 상북면 석계리 74-45번지,48330,33021,0,0074,0045,일반건축물,경상남도 양산시 반회동7길 8 (상북면 석계리),,2동,0,145.8,0,399.18,0,철근콘크리트구조,01000,단독주택,4,0
경상남도 양산시 상북면 석계리 74-51번지,48330,33021,0,0074,0051,표제부,경상남도 양산시 반회동6길 7 (상북면 석계리),신화빌라,B,163,119.34,73.21,420.71,258.1,철근콘크리트구조,02000,"공동주택(다세대), 제1종근린생활시설",4,0
경상남도 양산시 상북면 석계리 74-52번지,48330,33021,0,0074,0052,표제부,경상남도 양산시 반회동6길 3 (상북면 석계리),,신화빌라 C동,178,128.68,72.29,427.8,240.34,철근콘크리트구조,02000,"공동주택(다세대),제1종근린생활시설",4,0
경상남도 양산시 상북면 석계리 74-55번지,48330,33021,0,0074,0055,표제부,경상남도 양산시 반회동6길 5 (상북면 석계리),강보쉐르빌 B동,,356,181.48,50.98,728.42,204.61,철근콘크리트구조,02000,"공동주택(다세대),제1종근린생활시설",5,0
경상남도 양산시 상북면 석계리 74-56번지,48330,33021,0,0074,0056,표제부,경상남도 양산시 반회동6길 5 (상북면 석계리),,강보쉐르빌C동,526,181.48,34.5,1060.92,201.7,철근콘크리트구조,02000,"공동주택(아파트),제1종근린생활시설",7,0
경상남도 양산시 상북면 석계리 74-58번지,48330,33021,0,0074,0058,일반건축물,경상남도 양산시 반회동7길 7 (상북면 석계리),,,231,108.58,47,198.77,86.05,철근콘크리트구조,03000,제1종근린생활시설,2,0
경상남도 양산시 상북면 석계리 74-70번지,48330,33021,0,0074,0070,표제부,경상남도 양산시 반회동2길 46 (상북면 석계리),혜원아트빌,,380,202,53.16,629.955,165.78,철근콘크리트구조,02000,공동주택(다세대주택),5,0
경상남도 양산시 상북면 석계리 74-76번지,48330,33021,0,0074,0076,일반건축물,경상남도 양산시 반회동5길 10 (상북면 석계리),,제1동,428,256.43,59.91,356.92,83.39,일반철골구조,03000,제1종근린생활시설,2,0
경상남도 양산시 상북면 석계리 78-17번지,48330,33021,0,0078,0017,일반건축물,경상남도 양산시 상북중앙로 382 (상북면 석계리),,,209,108.55,51.94,351.13,126.5,철근콘크리트구조,04000,"근린생활시설, 주택",3,1
경상남도 양산시 상북면 석계리 78-20번지,48330,33021,0,0078,0020,일반건축물,경상남도 양산시 삼계1길 6-2 (상북면 석계리),,,62.66,30.71,49.01,60.61,96.73,벽돌구조,01000,주택,2,0
경상남도 양산시 상북면 석계리 78-22번지,48330,33021,0,0078,0022,일반건축물,경상남도 양산시 삼계1길 3 (상북면 석계리),,,1105,479.81,46.58,952.41,86.98,조적구조,Z5000,종교시설,2,0
경상남도 양산시 상북면 석계리 78-32번지,48330,33021,0,0078,0032,표제부,경상남도 양산시 삼계1길 6 (상북면 석계리),삼영아파트,상가,0,66.24,0,198.72,0,철근콘크리트구조,04000,근린생활시설,2,1
경상남도 양산시 상북면 석계리 78-32번지,48330,33021,0,0078,0032,표제부,경상남도 양산시 삼계1길 2 (상북면 석계리),삼영아파트,A동,0,0,0,2953.02,0,철근콘크리트구조,02000,공동주택,5,0
경상남도 양산시 상북면 석계리 78-32번지,48330,33021,0,0078,0032,표제부,경상남도 양산시 삼계1길 2 (상북면 석계리),삼영아파트,B동,0,483.6,0,2464.8,0,철근콘크리트구조,02000,공동주택,5,1
경상남도 양산시 상북면 석계리 78-32번지,48330,33021,0,0078,0032,표제부,경상남도 양산시 삼계1길 2 (상북면 석계리),삼영아파트,경로당,0,51.42,0,51.42,0,철근콘크리트구조,11000,복리시설(경로당),1,0
경상남도 양산시 상북면 석계리 78-41번지,48330,33021,0,0078,0041,일반건축물,경상남도 양산시 상북중앙로 380 (상북면 석계리),,,209,119.39,57.12,445.62,165.22,철근콘크리트구조,03000,"제1종근린생활시설,제2종근린생활시설,단독주택",3,1
경상남도 양산시 상북면 석계리 89-1번지,48330,33021,0,0089,0001,일반건축물,경상남도 양산시 반회서8길 20-1 (상북면 석계리),,,252,139.71,55.44,139.71,55.44,경량철골구조,03000,근린생활시설,1,0
경상남도 양산시 상북면 석계리 90번지,48330,33021,0,0090,0000,일반건축물,경상남도 양산시 반회서8길 20 (상북면 석계리),,,0,59.5,0,59.5,0,블록구조,01000,주택,1,0
경상남도 양산시 상북면 석계리 91번지,48330,33021,0,0091,0000,일반건축물,,,,0,109.2,0,109.2,0,일반목구조,01000,주택,1,0
경상남도 양산시 상북면 석계리 91-1번지,48330,33021,0,0091,0001,일반건축물,,,,0,52.8,0,52.8,0,일반목구조,01000,주택,1,0
경상남도 양산시 상북면 석계리 94-3번지,48330,33021,0,0094,0003,일반건축물,경상남도 양산시 반회서8길 16 (상북면 석계리),,1동,205,101.05,49.29,160.21,78.15,철근콘크리트구조,01000,단독주택(다가구),2,0
경상남도 양산시 상북면 석계리 95-1번지,48330,33021,0,0095,0001,일반건축물,경상남도 양산시 반회서8길 14 (상북면 석계리),,,238,140.22,58.92,261.15,109.73,철근콘크리트구조,01000,"제2종근린생활시설, 단독주택",2,0
경상남도 양산시 상북면 석계리 95-4번지,48330,33021,0,0095,0004,일반건축물,경상남도 양산시 반회서8길 12 (상북면 석계리),,,0,110.45,0,176.87,0,벽돌구조,01000,주택,2,0
경상남도 양산시 상북면 석계리 96-1번지,48330,33021,0,0096,0001,일반건축물,경상남도 양산시 상북중앙로 357 (상북면 석계리),,,0,198.4,0,198.4,0,블록구조,04000,근린생활시설,1,0
경상남도 양산시 상북면 석계리 98번지,48330,33021,0,0098,0000,일반건축물,경상남도 양산시 반회서8길 3 (상북면 석계리),,,0,66.1,0,66.1,0,블록구조,01000,주택,1,0
경상남도 양산시 상북면 석계리 101-5번지,48330,33021,0,0101,0005,일반건축물,경상남도 양산시 상북중앙로 350 (상북면 석계리),,,175,132.47,75.7,132.47,75.7,철근콘크리트구조,04000,근린생활시설,1,0
경상남도 양산시 상북면 석계리 102번지,48330,33021,0,0102,0000,일반건축물,경상남도 양산시 반회서8길 1 (상북면 석계리),,,229,118.02,51.54,180.84,78.97,철근콘크리트구조,03000,"제1종근린생활시설,단독주택",2,0
경상남도 양산시 상북면 석계리 103번지,48330,33021,0,0103,0000,일반건축물,경상남도 양산시 반회서7길 2 (상북면 석계리),,,185.75,90.39,48.66,84.51,45.5,벽돌구조,01000,단독주택,1,0
경상남도 양산시 상북면 석계리 103-1번지,48330,33021,0,0103,0001,일반건축물,경상남도 양산시 상북중앙로 353 (상북면 석계리),,,0,94.71,0,170.13,0,벽돌구조,04000,"주택, 근린생활시설",2,0
경상남도 양산시 상북면 석계리 104-3번지,48330,33021,0,0104,0003,일반건축물,경상남도 양산시 상북중앙로 351 (상북면 석계리),,,0,23.1,0,23.1,0,일반목구조,01000,주택,1,0
경상남도 양산시 상북면 석계리 105번지,48330,33021,0,0105,0000,일반건축물,경상남도 양산시 상북중앙로 349 (상북면 석계리),,,215,132.02,61.4,387.89,180.41,철근콘크리트구조,04000,"주택, 근린생활시설",3,0
경상남도 양산시 상북면 석계리 106번지,48330,33021,0,0106,0000,일반건축물,경상남도 양산시 반회서7길 3 (상북면 석계리),,,376.14,138.48,36.82,138.48,36.82,벽돌구조,01000,주택,1,0
경상남도 양산시 상북면 석계리 108번지,48330,33021,0,0108,0000,일반건축물,경상남도 양산시 반회서6길 8 (상북면 석계리),,,231,130.63,56.55,348.93,151.05,철근콘크리트구조,03000,"제1종근린생활시설,단독주택",3,0
경상남도 양산시 상북면 석계리 109-1번지,48330,33021,0,0109,0001,일반건축물,경상남도 양산시 반회서7길 7 (상북면 석계리),,,0,111.26,0,213.18,0,블록구조,01000,주택,2,0
경상남도 양산시 상북면 석계리 109-4번지,48330,33021,0,0109,0004,일반건축물,경상남도 양산시 반회서6길 12 (상북면 석계리),,,1030.75,384.48,37.3,384.48,37.3,경량철골구조,03000,"제1종근린생활시설,제2종근린생활시설",1,0
경상남도 양산시 상북면 석계리 109-4번지,48330,33021,0,0109,0004,일반건축물,경상남도 양산시 반회서6길 12 (상북면 석계리),,,0,4.32,0,4.32,0,기타조적구조,03000,근린생활시설(화장실),1,0
경상남도 양산시 상북면 석계리 112-1번지,48330,33021,0,0112,0001,일반건축물,경상남도 양산시 반회서7길 12 (상북면 석계리),,,636,266.23,41.86,518.77,81.57,철근콘크리트구조,11000,노유자시설,2,0
경상남도 양산시 상북면 석계리 112-3번지,48330,33021,0,0112,0003,표제부,경상남도 양산시 반회서7길 13 (상북면 석계리),,,494,207.35,41.97,569.93,115.37,철근콘크리트구조,04000,제2종근린생활시설,3,0
경상남도 양산시 상북면 석계리 113번지,48330,33021,0,0113,0000,일반건축물,경상남도 양산시 반회서7길 8-1 (상북면 석계리),,,0,71.28,0,71.28,0,블록구조,01000,주택,1,0
경상남도 양산시 상북면 석계리 114번지,48330,33021,0,0114,0000,일반건축물,경상남도 양산시 반회서7길 8 (상북면 석계리),,,0,29.7,0,29.7,0,일반목구조,01000,주택,1,0
경상남도 양산시 상북면 석계리 115번지,48330,33021,0,0115,0000,일반건축물,경상남도 양산시 반회서7길 5-1 (상북면 석계리),,,153,107.61,70.33,332.05,217.03,철근콘크리트구조,01000,단독주택,4,0
경상남도 양산시 상북면 석계리 116번지,48330,33021,0,0116,0000,일반건축물,경상남도 양산시 반회서7길 5 (상북면 석계리),,,432,183.11,42.39,281.55,65.17,철근콘크리트구조,04000,"제2종근린생활시설,단독주택",2,0
경상남도 양산시 상북면 석계리 117번지,48330,33021,0,0117,0000,일반건축물,경상남도 양산시 반회서7길 6 (상북면 석계리),,,1777,586.74,33.02,1944.42,109.42,철근콘크리트구조,03000,"제1종근린생활시설,운동시설",4,0
경상남도 양산시 상북면 석계리 120-4번지,48330,33021,0,0120,0004,일반건축물,,,,0,36.3,0,36.3,0,일반목구조,01000,주택,1,0
경상남도 양산시 상북면 석계리 122번지,48330,33021,0,0122,0000,일반건축물,경상남도 양산시 반회서8길 11 (상북면 석계리),상북초등학교,,0,1999.62,0,4129.34,0,철근콘크리트구조,10000,교육연구시설,4,0
경상남도 양산시 상북면 석계리 122번지,48330,33021,0,0122,0000,일반건축물,경상남도 양산시 반회서8길 11 (상북면 석계리),상북초등학교 그린스마트 미래학교 본관,주1,0,1359.11,0,2649.65,0,철근콘크리트구조,10000,교육연구시설,2,0
경상남도 양산시 상북면 석계리 122-10번지,48330,33021,0,0122,0010,일반건축물,경상남도 양산시 반회서8길 5-21 (상북면 석계리),,,570,313.1,54.93,616,108.07,일반철골구조,03000,제1종근린생활시설,2,0
경상남도 양산시 상북면 석계리 123번지,48330,33021,0,0123,0000,일반건축물,경상남도 양산시 반회서8길 5-17 (상북면 석계리),,,275,115.24,41.91,99.4,36.15,철근콘크리트구조,04000,제2종근린생활시설,1,0
경상남도 양산시 상북면 석계리 123-2번지,48330,33021,0,0123,0002,일반건축물,경상남도 양산시 반회서7길 8-2 (상북면 석계리),,,158.6,72.45,45.68,72.45,45.68,벽돌구조,01000,농가용주택,1,0
경상남도 양산시 상북면 석계리 137번지,48330,33021,0,0137,0000,일반건축물,경상남도 양산시 반회서7길 14-16 (상북면 석계리),상북어린이도서관,,609,265.34,43.57,265.34,43.57,철근콘크리트구조,10000,교육연구시설,1,0
경상남도 양산시 상북면 석계리 170번지,48330,33021,0,0170,0000,일반건축물,경상남도 양산시 양산대로 1655 (상북면 석계리),,제1동,1027,194.08,18.9,194.08,18.9,블록구조,04000,제2종근린생활시설,1,0
경상남도 양산시 상북면 석계리 179-1번지,48330,33021,0,0179,0001,표제부,경상남도 양산시 반회서3길 26 (상북면 석계리),새진흥아파트,상가동,0,208,0,416,0,철근콘크리트구조,04000,근린생활시설,2,0
경상남도 양산시 상북면 석계리 179-1번지,48330,33021,0,0179,0001,표제부,경상남도 양산시 반회서3길 28 (상북면 석계리),새진흥아파트,비동,0,800.13,0,3409.13,0,철근콘크리트구조,02000,공동주택,5,0
경상남도 양산시 상북면 석계리 179-1번지,48330,33021,0,0179,0001,표제부,,새진흥아파트,경로당,4969,74.23,0,66.83,0,철근콘크리트구조,11000,주민공동시설(노인정),1,0
경상남도 양산시 상북면 석계리 179-1번지,48330,33021,0,0179,0001,표제부,경상남도 양산시 반회서3길 28 (상북면 석계리),새진흥아파트,부속동,0,45.5,0,45.5,0,벽돌구조,02000,공동주택,1,0
경상남도 양산시 상북면 석계리 179-1번지,48330,33021,0,0179,0001,표제부,경상남도 양산시 반회서3길 28 (상북면 석계리),새진흥아파트,에이동,0,857.09,0,4285.45,0,철근콘크리트구조,02000,공동주택,5,0
경상남도 양산시 상북면 석계리 179-6번지,48330,33021,0,0179,0006,일반건축물,경상남도 양산시 반회서3길 22-29 (상북면 석계리),,,114,67.39,59.11,67.39,59.11,경량철골구조,04000,제2종근린생활시설,1,0
경상남도 양산시 상북면 석계리 187번지,48330,33021,0,0187,0000,일반건축물,,,,0,82.64,0,82.64,0,블록구조,01000,주택,1,0
경상남도 양산시 상북면 석계리 188-1번지,48330,33021,0,0188,0001,일반건축물,경상남도 양산시 아랫반회길 19 (상북면 석계리),,,0,330,0,330,0,철근콘크리트구조,18000,창고,1,0
경상남도 양산시 상북면 석계리 189번지,48330,33021,0,0189,0000,일반건축물,경상남도 양산시 아랫반회길 15-1 (상북면 석계리),,,0,26.4,0,26.4,0,블록구조,01000,주택,1,0
경상남도 양산시 상북면 석계리 189-2번지,48330,33021,0,0189,0002,일반건축물,경상남도 양산시 아랫반회길 14-1 (상북면 석계리),,,0,52.84,0,52.84,0,블록구조,01000,주택,1,0
경상남도 양산시 상북면 석계리 190번지,48330,33021,0,0190,0000,일반건축물,경상남도 양산시 아랫반회길 20-1 (상북면 석계리),,,0,50,0,50,0,블록구조,01000,주택,1,0
경상남도 양산시 상북면 석계리 190-1번지,48330,33021,0,0190,0001,일반건축물,경상남도 양산시 아랫반회길 14-3 (상북면 석계리),,,421,99.84,23.71,99.84,23.71,벽돌구조,01000,단독주택,1,0
경상남도 양산시 상북면 석계리 193번지,48330,33021,0,0193,0000,일반건축물,경상남도 양산시 아랫반회길 14-4 (상북면 석계리),,,0,72.6,0,72.6,0,일반목구조,01000,주택,1,0
경상남도 양산시 상북면 석계리 194번지,48330,33021,0,0194,0000,일반건축물,,,,0,42.9,0,42.9,0,일반목구조,01000,주택,1,0
경상남도 양산시 상북면 석계리 195번지,48330,33021,0,0195,0000,일반건축물,경상남도 양산시 상북중앙로 309-4 (상북면 석계리),,,0,29.7,0,29.7,0,일반목구조,01000,주택,1,0
경상남도 양산시 상북면 석계리 195-3번지,48330,33021,0,0195,0003,일반건축물,경상남도 양산시 상북중앙로 309-1 (상북면 석계리),,,0,41.82,0,41.82,0,블록구조,01000,"주택, 점포",1,0
경상남도 양산시 상북면 석계리 196-1번지,48330,33021,0,0196,0001,일반건축물,경상남도 양산시 상북중앙로 309-3 (상북면 석계리),,,295,97,32.88,93.8,31.8,벽돌구조,01000,단독주택,1,0
경상남도 양산시 상북면 석계리 197번지,48330,33021,0,0197,0000,일반건축물,경상남도 양산시 아랫반회길 14-6 (상북면 석계리),,,0,72.7,0,72.7,0,블록구조,01000,주택,1,0
경상남도 양산시 상북면 석계리 200-1번지,48330,33021,0,0200,0001,일반건축물,경상남도 양산시 아랫반회길 21 (상북면 석계리),,,0,62.92,0,62.92,0,벽돌구조,04000,근린생활시설,1,0
경상남도 양산시 상북면 석계리 200-6번지,48330,33021,0,0200,0006,일반건축물,경상남도 양산시 아랫반회길 20 (상북면 석계리),,,168.072,100.08,59.55,97.92,58.26,벽돌구조,01000,단독주택,1,0
경상남도 양산시 상북면 석계리 201-1번지,48330,33021,0,0201,0001,일반건축물,경상남도 양산시 아랫반회길 20-2 (상북면 석계리),,,0,95.29,0,95.29,0,블록구조,01000,주택,1,0
경상남도 양산시 상북면 석계리 204번지,48330,33021,0,0204,0000,일반건축물,경상남도 양산시 아랫반회길 22 (상북면 석계리),,,544.4,217.47,39.95,283.97,52.16,조적구조,01000,단독주택,2,0
경상남도 양산시 상북면 석계리 205-7번지,48330,33021,0,0205,0007,일반건축물,경상남도 양산시 아랫반회길 24 (상북면 석계리),,,358,198.4,55.42,293.4,81.96,일반철골구조,03000,제1종근린생활시설,2,0
경상남도 양산시 상북면 석계리 206번지,48330,33021,0,0206,0000,일반건축물,경상남도 양산시 반회서3길 13-1 (상북면 석계리),,,503,192,38.17,549.9,89.52,철근콘크리트구조,03000,단독주택(다가구),3,1
경상남도 양산시 상북면 석계리 206-4번지,48330,33021,0,0206,0004,일반건축물,경상남도 양산시 반회서3길 13 (상북면 석계리),,,231,137.81,59.66,400.14,173.22,철근콘크리트구조,01000,단독주택,4,0
경상남도 양산시 상북면 석계리 207번지,48330,33021,0,0207,0000,일반건축물,경상남도 양산시 반회서3길 13-2 (상북면 석계리),,,232,134.42,57.94,408.91,176.25,철근콘크리트구조,01000,단독주택,4,0
경상남도 양산시 상북면 석계리 208-2번지,48330,33021,0,0208,0002,일반건축물,경상남도 양산시 상북중앙로 321-2 (상북면 석계리),,제1동,228,133.12,58.39,449.8,197.28,철근콘크리트구조,01000,단독주택,4,0
경상남도 양산시 상북면 석계리 211번지,48330,33021,0,0211,0000,일반건축물,경상남도 양산시 상북중앙로 315-3 (상북면 석계리),,,0,59.5,0,59.5,0,블록구조,01000,주택,1,0
경상남도 양산시 상북면 석계리 211-1번지,48330,33021,0,0211,0001,일반건축물,경상남도 양산시 상북중앙로 315-5 (상북면 석계리),,,0,62.8,0,62.8,0,블록구조,01000,주택,1,0
경상남도 양산시 상북면 석계리 211-1번지,48330,33021,0,0211,0001,일반건축물,경상남도 양산시 상북중앙로 315-5 (상북면 석계리),,,0,63.9,0,63.9,0,경량철골구조,04000,제2종근린생활시설,1,0
경상남도 양산시 상북면 석계리 211-4번지,48330,33021,0,0211,0004,일반건축물,경상남도 양산시 상북중앙로 315-4 (상북면 석계리),,,0,95.8,0,128.8,0,블록구조,01000,주택,2,0
경상남도 양산시 상북면 석계리 211-8번지,48330,33021,0,0211,0008,일반건축물,경상남도 양산시 상북중앙로 315-1 (상북면 석계리),,,0,49.5,0,49.5,0,블록구조,01000,주택,1,0
경상남도 양산시 상북면 석계리 211-9번지,48330,33021,0,0211,0009,일반건축물,경상남도 양산시 상북중앙로 313-1 (상북면 석계리),,,0,104.27,0,312.81,0,철근콘크리트구조,04000,"주택, 근린생활시설",3,0
경상남도 양산시 상북면 석계리 212-1번지,48330,33021,0,0212,0001,일반건축물,경상남도 양산시 상북중앙로 309-2 (상북면 석계리),,,0,85.16,0,85.16,0,블록구조,01000,주택,1,0
경상남도 양산시 상북면 석계리 212-5번지,48330,33021,0,0212,0005,일반건축물,경상남도 양산시 상북중앙로 310 (상북면 석계리),,,0,0,0,57.42,0,블록구조,Z3000,근린생활시설,1,0
경상남도 양산시 상북면 석계리 212-8번지,48330,33021,0,0212,0008,일반건축물,경상남도 양산시 상북중앙로 311 (상북면 석계리),,,0,126.33,0,250.26,0,철근콘크리트구조,03000,근린생활시설,2,0
경상남도 양산시 상북면 석계리 212-12번지,48330,33021,0,0212,0012,일반건축물,경상남도 양산시 상북중앙로 309 (상북면 석계리),,,230.37,133.87,58.11,343.48,149.1,철근콘크리트구조,04000,"제2종근린생활시설, 주택",3,0
경상남도 양산시 상북면 석계리 213-2번지,48330,33021,0,0213,0002,일반건축물,경상남도 양산시 반회동3길 3 (상북면 석계리),,,0,69.4,0,69.4,0,블록구조,01000,주택,1,0
경상남도 양산시 상북면 석계리 213-3번지,48330,33021,0,0213,0003,일반건축물,경상남도 양산시 상북중앙로 308 (상북면 석계리),,,0,178.52,0,178.52,0,블록구조,17000,공장,1,0
경상남도 양산시 상북면 석계리 216-1번지,48330,33021,0,0216,0001,일반건축물,경상남도 양산시 반회동4길 14 (상북면 석계리),,,0,49.5,0,49.5,0,블록구조,01000,주택,1,0
경상남도 양산시 상북면 석계리 216-2번지,48330,33021,0,0216,0002,일반건축물,경상남도 양산시 반회동2길 18 (상북면 석계리),,,0,92.4,0,92.4,0,블록구조,01000,주택,1,0
경상남도 양산시 상북면 석계리 217번지,48330,33021,0,0217,0000,일반건축물,경상남도 양산시 반회동길 67 (상북면 석계리),,,0,46.2,0,46.2,0,블록구조,01000,주택,1,0
경상남도 양산시 상북면 석계리 218번지,48330,33021,0,0218,0000,일반건축물,,,,0,23.1,0,23.1,0,블록구조,01000,주택,1,0
경상남도 양산시 상북면 석계리 218-1번지,48330,33021,0,0218,0001,일반건축물,,,,0,59.4,0,59.4,0,일반목구조,01000,주택,1,0
경상남도 양산시 상북면 석계리 218-4번지,48330,33021,0,0218,0004,일반건축물,경상남도 양산시 반회동2길 20 (상북면 석계리),,,0,69.3,0,69.3,0,일반목구조,01000,주택,1,0
경상남도 양산시 상북면 석계리 218-5번지,48330,33021,0,0218,0005,일반건축물,경상남도 양산시 상북중앙로 308-1 (상북면 석계리),,,38.19,22.8,59.7,22.8,59.7,벽돌구조,03000,근린생활시설,1,0
경상남도 양산시 상북면 석계리 218-5번지,48330,33021,0,0218,0005,일반건축물,경상남도 양산시 상북중앙로 308-1 (상북면 석계리),,2동,0,23.1,0,23.1,0,일반목구조,01000,주택,1,0
경상남도 양산시 상북면 석계리 218-7번지,48330,33021,0,0218,0007,일반건축물,경상남도 양산시 반회동2길 21 (상북면 석계리),,,457.92,85.32,18.63,85.32,18.63,벽돌구조,01000,농가용주택,1,0
경상남도 양산시 상북면 석계리 218-9번지,48330,33021,0,0218,0009,일반건축물,경상남도 양산시 상북중앙로 310-1 (상북면 석계리),,,195.75,90.75,46.36,90.75,46.36,벽돌구조,01000,단독주택,1,0
경상남도 양산시 상북면 석계리 218-20번지,48330,33021,0,0218,0020,일반건축물,경상남도 양산시 반회동2길 19 (상북면 석계리),,,142,82.35,57.99,82.35,57.99,경량철골구조,03000,제1종근린생활시설,1,0
경상남도 양산시 상북면 석계리 220번지,48330,33021,0,0220,0000,일반건축물,경상남도 양산시 상북중앙로 312 (상북면 석계리),,,0,0,0,132.48,0,블록구조,01000,"주택, 근린생활시설",1,0
경상남도 양산시 상북면 석계리 221-1번지,48330,33021,0,0221,0001,일반건축물,경상남도 양산시 상북중앙로 314 (상북면 석계리),,,159,94.15,59.21,94.15,59.21,블록구조,04000,"제2종근린생활시설, 근린생활시설",1,0
경상남도 양산시 상북면 석계리 221-2번지,48330,33021,0,0221,0002,일반건축물,경상남도 양산시 상북중앙로 313 (상북면 석계리),,,590,153.12,25.95,153.12,25.95,경량철골구조,03000,근린생활시설,1,0
경상남도 양산시 상북면 석계리 221-5번지,48330,33021,0,0221,0005,일반건축물,경상남도 양산시 상북중앙로 312-1 (상북면 석계리),,,0,62.8,0,62.8,0,블록구조,01000,"주택, 근린생활시설",1,0
경상남도 양산시 상북면 석계리 222-2번지,48330,33021,0,0222,0002,일반건축물,경상남도 양산시 상북중앙로 316 (상북면 석계리),,,0,144,0,144,0,블록구조,01000,"주택, 근린생활시설",1,0
경상남도 양산시 상북면 석계리 222-3번지,48330,33021,0,0222,0003,일반건축물,경상남도 양산시 상북중앙로 315-2 (상북면 석계리),,,450,121.36,26.97,160.96,35.77,블록구조,01000,주택,2,0
경상남도 양산시 상북면 석계리 222-8번지,48330,33021,0,0222,0008,일반건축물,경상남도 양산시 상북중앙로 315 (상북면 석계리),,,0,82.5,0,156.6,0,철근콘크리트구조,03000,근린생활시설,2,0
경상남도 양산시 상북면 석계리 222-19번지,48330,33021,0,0222,0019,일반건축물,경상남도 양산시 상북중앙로 321-1 (상북면 석계리),,,401,120.96,30.16,120.96,30.16,블록구조,03000,제1종근린생활시설,1,0
경상남도 양산시 상북면 석계리 223번지,48330,33021,0,0223,0000,일반건축물,경상남도 양산시 상북중앙로 321 (상북면 석계리),,주1동,369,74.4,20.16,74.4,20.16,경량철골구조,01000,단독주택,1,0
경상남도 양산시 상북면 석계리 223번지,48330,33021,0,0223,0000,일반건축물,경상남도 양산시 상북중앙로 321 (상북면 석계리),,,369,4.5,0,4.5,0,경량철골구조,01000,단독주택,1,0
경상남도 양산시 상북면 석계리 223-2번지,48330,33021,0,0223,0002,일반건축물,경상남도 양산시 상북중앙로 319 (상북면 석계리),,,0,110.29,0,110.29,0,철근콘크리트구조,03000,근린생활시설,1,0
경상남도 양산시 상북면 석계리 223-3번지,48330,33021,0,0223,0003,일반건축물,경상남도 양산시 상북중앙로 317 (상북면 석계리),,,167,98.6,59.04,140.49,84.13,철근콘크리트구조,01000,"단독주택,제2종근린생활시설",2,0
경상남도 양산시 상북면 석계리 230번지,48330,33021,0,0230,0000,일반건축물,경상남도 양산시 반회서3길 12 (상북면 석계리),,,1375,33.76,2.46,33.76,2.46,경량철골구조,04000,제2종근린생활시설,1,0
경상남도 양산시 상북면 석계리 230번지,48330,33021,0,0230,0000,일반건축물,경상남도 양산시 반회서3길 12 (상북면 석계리),,,1375,189.47,13.78,189.47,13.78,경량철골구조,04000,제2종근린생활시설,1,0
경상남도 양산시 상북면 석계리 234-1번지,48330,33021,0,0234,0001,일반건축물,경상남도 양산시 삼계2길 5 (상북면 석계리),,1동,259,132.6,51.2,132.6,51.2,일반철골구조,04000,제2종근린생활시설,1,0
경상남도 양산시 상북면 석계리 234-2번지,48330,33021,0,0234,0002,일반건축물,경상남도 양산시 삼계1길 6-26 (상북면 석계리),,1동,321.7,94.88,29.49,84.74,26.34,철근콘크리트구조,01000,단독주택,1,0
경상남도 양산시 상북면 석계리 234-3번지,48330,33021,0,0234,0003,일반건축물,경상남도 양산시 상북중앙로 385 (상북면 석계리),,,319.6,189,59.14,189,59.14,경량철골구조,04000,제2종근린생활시설,1,0
경상남도 양산시 상북면 석계리 234-6번지,48330,33021,0,0234,0006,일반건축물,경상남도 양산시 상북중앙로 389 (상북면 석계리),,,294.4,99.2,33.7,236.42,80.31,철근콘크리트구조,03000,근린생활시설,3,0
경상남도 양산시 상북면 석계리 234-8번지,48330,33021,0,0234,0008,일반건축물,경상남도 양산시 삼계1길 6-24 (상북면 석계리),,1동,321.7,94.88,29.49,84.74,26.34,철근콘크리트구조,01000,단독주택,1,0
경상남도 양산시 상북면 석계리 235-1번지,48330,33021,0,0235,0001,일반건축물,경상남도 양산시 삼계1길 14-28 (상북면 석계리),,2동,0,104,0,104,0,일반철골구조,03000,제1종근린생활시설,1,0
경상남도 양산시 상북면 석계리 235-1번지,48330,33021,0,0235,0001,일반건축물,경상남도 양산시 삼계1길 14-28 (상북면 석계리),,,911.6,338.72,37.16,336.22,36.88,일반철골구조,03000,제1종근린생활시설,1,0
경상남도 양산시 상북면 석계리 235-2번지,48330,33021,0,0235,0002,일반건축물,경상남도 양산시 삼계1길 14-26 (상북면 석계리),,,165.1,34.2,20.71,34.2,20.71,블록구조,19000,위험물저장및처리시설,1,0
경상남도 양산시 상북면 석계리 235-5번지,48330,33021,0,0235,0005,일반건축물,경상남도 양산시 삼계1길 14-10 (상북면 석계리),,제1동,684.6,310.34,45.33,310.34,45.33,일반철골구조,04000,제2종근린생활시설,1,0
경상남도 양산시 상북면 석계리 235-6번지,48330,33021,0,0235,0006,일반건축물,경상남도 양산시 삼계1길 14-4 (상북면 석계리),,,378.1,209.32,55.36,199,52.63,철근콘크리트구조,04000,근린생활시설(제조업소),1,0
경상남도 양산시 상북면 석계리 235-7번지,48330,33021,0,0235,0007,일반건축물,경상남도 양산시 삼계1길 12 (상북면 석계리),,가동(주),0,200,0,200,0,경량철골구조,04000,제2종근린생활시설,1,0
경상남도 양산시 상북면 석계리 235-7번지,48330,33021,0,0235,0007,일반건축물,경상남도 양산시 삼계1길 12 (상북면 석계리),,제2동,0,164.7,0,164.7,0,경량철골구조,04000,제2종근린생활시설,1,0
경상남도 양산시 상북면 석계리 235-8번지,48330,33021,0,0235,0008,일반건축물,경상남도 양산시 삼계1길 10 (상북면 석계리),,,180,99,55,99,55,경량철골구조,03000,제1종근린생활시설,1,0
경상남도 양산시 상북면 석계리 235-9번지,48330,33021,0,0235,0009,일반건축물,경상남도 양산시 삼계1길 6-3 (상북면 석계리),,,194.5,98.05,50.41,98.05,50.41,경량철골구조,03000,제1종근린생활시설,1,0
경상남도 양산시 상북면 석계리 235-10번지,48330,33021,0,0235,0010,일반건축물,경상남도 양산시 삼계1길 6-5 (상북면 석계리),,,276.7,163.6,59.13,465.06,135.17,철근콘크리트구조,03000,근린생활시설,3,1
경상남도 양산시 상북면 석계리 235-11번지,48330,33021,0,0235,0011,일반건축물,경상남도 양산시 삼계1길 6-9 (상북면 석계리),,,726.1,330,45.45,330,45.45,경량철골구조,04000,근린생활시설,1,0
경상남도 양산시 상북면 석계리 235-12번지,48330,33021,0,0235,0012,일반건축물,경상남도 양산시 삼계1길 6-11 (상북면 석계리),,,445.9,161.28,36.17,290.25,65.09,철근콘크리트구조,04000,"근린생활시설, 단독주택",2,0
경상남도 양산시 상북면 석계리 235-13번지,48330,33021,0,0235,0013,일반건축물,경상남도 양산시 삼계1길 6-19 (상북면 석계리),,,267.4,102.24,38.23,149.4,55.87,블록구조,01000,단독주택,2,0
경상남도 양산시 상북면 석계리 235-15번지,48330,33021,0,0235,0015,일반건축물,경상남도 양산시 삼계1길 6-23 (상북면 석계리),,,333.7,111.84,33.52,99.4,29.79,벽돌구조,01000,단독주택,1,0
경상남도 양산시 상북면 석계리 235-17번지,48330,33021,0,0235,0017,일반건축물,경상남도 양산시 삼계1길 6-13 (상북면 석계리),,,149.6,88,58.82,146.79,98.12,벽돌구조,01000,"단독주택,제2종근린생활시설",2,0
경상남도 양산시 상북면 석계리 235-18번지,48330,33021,0,0235,0018,일반건축물,경상남도 양산시 삼계1길 6-15 (상북면 석계리),,,165,98.01,59.4,98.01,59.4,벽돌구조,01000,농가용주택,1,0
경상남도 양산시 상북면 석계리 236-1번지,48330,33021,0,0236,0001,표제부,경상남도 양산시 삼계1길 9 (상북면 석계리),동우강변타워,노인정,3121.5,29.48,30.12,29.48,382.9,벽돌구조,11000,노인정,1,0
경상남도 양산시 상북면 석계리 236-1번지,48330,33021,0,0236,0001,표제부,경상남도 양산시 삼계1길 9-1 (상북면 석계리),동우강변타워,상가동,3121.5,135.88,30.12,806.29,382.9,철근콘크리트구조,02000,"판매시설, 근린생활시설, 전기실, 주차장",3,1
경상남도 양산시 상북면 석계리 236-1번지,48330,33021,0,0236,0001,표제부,경상남도 양산시 삼계1길 9 (상북면 석계리),동우강변타워,가스저장실,3121.5,15.66,30.12,15.66,382.9,벽돌구조,19000,가스저장실,1,0
경상남도 양산시 상북면 석계리 236-1번지,48330,33021,0,0236,0001,표제부,경상남도 양산시 삼계1길 9 (상북면 석계리),동우강변타워,101동,3121.5,940.28,30.12,12532.12,382.9,철근콘크리트구조,02000,공동주택(아파트),16,1
경상남도 양산시 상북면 석계리 236-6번지,48330,33021,0,0236,0006,표제부,경상남도 양산시 삼계1길 9-3 (상북면 석계리),광림그린파크,,2835.6,722.93,30.41,11759.127,369.35,철근콘크리트구조,02000,공동주택,15,1
경상남도 양산시 상북면 석계리 236-6번지,48330,33021,0,0236,0006,표제부,경상남도 양산시 삼계1길 9-2 (상북면 석계리),광림그린파크,상가동,2835.6,133.68,30.41,401.04,369.35,철근콘크리트구조,04000,"근린생활시설,제1종근린생활시설",3,0
경상남도 양산시 상북면 석계리 237-1번지,48330,33021,0,0237,0001,표제부,경상남도 양산시 반회서7길 20 (상북면 석계리),진일석계2차아파트,상가동,0,0,0,719.36,0,철근콘크리트구조,02000,"판매시설, 근린생활시설,제1,2종근린생활시설",3,1
경상남도 양산시 상북면 석계리 237-1번지,48330,33021,0,0237,0001,표제부,경상남도 양산시 반회서7길 20 (상북면 석계리),진일석계2차아파트,202동,0,0,0,9470.13,0,철근콘크리트구조,02000,공동주택,15,1
경상남도 양산시 상북면 석계리 237-1번지,48330,33021,0,0237,0001,표제부,경상남도 양산시 반회서7길 20 (상북면 석계리),진일석계2차아파트,201동,0,0,0,13169.33,0,철근콘크리트구조,02000,공동주택,15,1
경상남도 양산시 상북면 석계리 237-10번지,48330,33021,0,0237,0010,일반건축물,경상남도 양산시 반회서7길 16 (상북면 석계리),,,342.5,204.88,59.82,491.45,143.49,철근콘크리트구조,11000,노유자시설,3,0
경상남도 양산시 상북면 석계리 237-11번지,48330,33021,0,0237,0011,일반건축물,경상남도 양산시 반회서7길 14 (상북면 석계리),,주건축물제1동,2347,23.788,1.014,23.788,1.014,컨테이너조,03000,제1종근린생활시설,1,0
경상남도 양산시 상북면 석계리 238-1번지,48330,33021,0,0238,0001,일반건축물,경상남도 양산시 반회서6길 24 (상북면 석계리),,,1336.6,234.11,17.52,234.11,17.52,경량철골구조,Z3000,"근린생활시설,자동차관련시설,근린생활시설",1,0
경상남도 양산시 상북면 석계리 238-2번지,48330,33021,0,0238,0002,일반건축물,경상남도 양산시 반회서6길 20-1 (상북면 석계리),,,1018.3,546.05,53.62,545.17,53.54,경량철골구조,03000,근린생활시설,1,0
경상남도 양산시 상북면 석계리 238-3번지,48330,33021,0,0238,0003,일반건축물,경상남도 양산시 반회서7길 19 (상북면 석계리),,,299.2,114.24,38.18,114.24,38.18,경량철골구조,04000,제2종근린생활시설,1,0
경상남도 양산시 상북면 석계리 238-3번지,48330,33021,0,0238,0003,일반건축물,경상남도 양산시 반회서7길 19 (상북면 석계리),,,0,2.88,0,2.88,0,기타조적구조,03000,제2종근린생활시설,1,0
경상남도 양산시 상북면 석계리 238-4번지,48330,33021,0,0238,0004,일반건축물,경상남도 양산시 반회서7길 17 (상북면 석계리),,A동,0,140.3,0,132.5,0,일반철골구조,01000,"제2종근린생활시설,단독주택",2,0
경상남도 양산시 상북면 석계리 238-4번지,48330,33021,0,0238,0004,일반건축물,경상남도 양산시 반회서7길 17 (상북면 석계리),,C동,0,2.2,0,2.2,0,경량철골구조,01000,단독주택(화장실),1,0
경상남도 양산시 상북면 석계리 238-4번지,48330,33021,0,0238,0004,일반건축물,경상남도 양산시 반회서7길 17 (상북면 석계리),,B동,0,68.44,0,68.44,0,경량철골구조,01000,단독주택,1,0
경상남도 양산시 상북면 석계리 238-5번지,48330,33021,0,0238,0005,일반건축물,경상남도 양산시 반회서7길 15 (상북면 석계리),,,911,378.72,41.57,378.72,41.57,경량철골구조,04000,근린생활시설,1,0
경상남도 양산시 상북면 석계리 238-7번지,48330,33021,0,0238,0007,일반건축물,경상남도 양산시 반회서6길 14 (상북면 석계리),,,444.9,201,45.18,201,45.18,경량철골구조,03000,"제1종근린생활시설,제2종근린생활시설",1,0
경상남도 양산시 상북면 석계리 238-8번지,48330,33021,0,0238,0008,일반건축물,경상남도 양산시 반회서6길 16 (상북면 석계리),,,265.9,165.6,62.28,492.6,185.26,철근콘크리트구조,04000,"제1,2종근린생활시설",3,0
경상남도 양산시 상북면 석계리 238-9번지,48330,33021,0,0238,0009,일반건축물,경상남도 양산시 반회서6길 20 (상북면 석계리),,,373.7,249.22,66.69,498.44,133.38,철근콘크리트구조,04000,제2종근린생활시설,2,0
경상남도 양산시 상북면 석계리 238-10번지,48330,33021,0,0238,0010,일반건축물,,,,391.5,131.04,33.47,131.04,33.47,경량철골구조,13000,근린생활시설,1,0
경상남도 양산시 상북면 석계리 238-11번지,48330,33021,0,0238,0011,일반건축물,경상남도 양산시 반회서6길 22 (상북면 석계리),,,274.5,87.42,31.85,233.4,85.03,철근콘크리트구조,01000,단독주택,4,0
경상남도 양산시 상북면 석계리 238-12번지,48330,33021,0,0238,0012,일반건축물,경상남도 양산시 반회서6길 18 (상북면 석계리),,,373.6,242.2,64.83,654.46,175.18,철근콘크리트구조,04000,근린생활시설,3,0
경상남도 양산시 상북면 석계리 239-1번지,48330,33021,0,0239,0001,일반건축물,경상남도 양산시 반회서6길 25 (상북면 석계리),,,300.4,208.92,69.55,802.33,255.09,철근콘크리트구조,15000,숙박시설,4,1
경상남도 양산시 상북면 석계리 239-3번지,48330,33021,0,0239,0003,일반건축물,경상남도 양산시 반회서6길 21 (상북면 석계리),석계숙박시설,,496.8,268.38,54.02,1358.28,227.5,철근콘크리트구조,15000,"숙박시설, 위락시설",5,1
경상남도 양산시 상북면 석계리 239-4번지,48330,33021,0,0239,0004,일반건축물,경상남도 양산시 반회서5길 20 (상북면 석계리),,,562,376.25,66.95,376.25,66.95,철근콘크리트구조,03000,근린생활시설,1,0
경상남도 양산시 상북면 석계리 239-5번지,48330,33021,0,0239,0005,일반건축물,경상남도 양산시 반회서6길 19 (상북면 석계리),,,330.5,203.73,61.64,203.73,61.64,경량철골구조,04000,제2종근린생활시설,1,0
경상남도 양산시 상북면 석계리 239-6번지,48330,33021,0,0239,0006,일반건축물,경상남도 양산시 반회서6길 17 (상북면 석계리),,,412.8,97.05,23.51,97.05,23.51,경량철골구조,04000,제2종근린생활시설,1,0
경상남도 양산시 상북면 석계리 239-9번지,48330,33021,0,0239,0009,일반건축물,경상남도 양산시 반회서5길 18 (상북면 석계리),,,306.4,202,65.93,202,65.93,경량철골구조,04000,제2종근린생활시설,1,0
경상남도 양산시 상북면 석계리 239-10번지,48330,33021,0,0239,0010,일반건축물,경상남도 양산시 반회서5길 22 (상북면 석계리),,,283.5,201.53,71.09,789.21,229.5,철근콘크리트구조,04000,"제1종근린생활시설,제2종근린생활시설",4,1
경상남도 양산시 상북면 석계리 239-12번지,48330,33021,0,0239,0012,일반건축물,경상남도 양산시 반회서5길 26 (상북면 석계리),,1동,0,11,0,11,0,경량철골구조,20000,자동차관련시설,1,0
경상남도 양산시 상북면 석계리 239-12번지,48330,33021,0,0239,0012,일반건축물,경상남도 양산시 반회서5길 26 (상북면 석계리),,1동,725.1,63.46,8.75,102,14.07,일반철골구조,20000,자동차관련시설,2,0
경상남도 양산시 상북면 석계리 239-13번지,48330,33021,0,0239,0013,표제부,경상남도 양산시 반회서5길 16 (상북면 석계리),우신스포렉스프라자,,1432.7,994.42,69.41,10015.76,560.28,철근콘크리트구조,02000,"판매시설,공동주택,운동시설,제2종근린생활시설,제1종근린생활시설(휴게음식점),자동차관련시설",15,2
경상남도 양산시 상북면 석계리 239-14번지,48330,33021,0,0239,0014,일반건축물,경상남도 양산시 반회서5길 20 (상북면 석계리),,,560.2,390.08,69.63,481.18,85.89,철근콘크리트구조,03000,근린생활시설,2,0
경상남도 양산시 상북면 석계리 239-15번지,48330,33021,0,0239,0015,일반건축물,경상남도 양산시 반회서6길 23 (상북면 석계리),,,300.1,201.92,67.28,810.72,259.11,철근콘크리트구조,15000,숙박시설,4,1
경상남도 양산시 상북면 석계리 240-1번지,48330,33021,0,0240,0001,일반건축물,경상남도 양산시 반회서6길 11 (상북면 석계리),,,578,265.44,45.92,265.44,45.92,경량철골구조,03000,근린생활시설(소매점),1,0
경상남도 양산시 상북면 석계리 240-2번지,48330,33021,0,0240,0002,일반건축물,경상남도 양산시 반회서6길 9 (상북면 석계리),,,833.5,493.92,59.26,493.92,59.26,경량철골구조,04000,근린생활시설,1,0
경상남도 양산시 상북면 석계리 240-3번지,48330,33021,0,0240,0003,일반건축물,경상남도 양산시 반회서6길 7 (상북면 석계리),,,282,178.2,63.19,178.2,63.19,경량철골구조,03000,근린생활시설,1,0
경상남도 양산시 상북면 석계리 240-4번지,48330,33021,0,0240,0004,일반건축물,경상남도 양산시 반회서5길 6 (상북면 석계리),상북농업협동조합,,1496.9,807.73,53.96,2335.37,101.29,철근콘크리트구조,14000,"업무시설,제1종근린생활시설",2,0
경상남도 양산시 상북면 석계리 240-5번지,48330,33021,0,0240,0005,일반건축물,경상남도 양산시 반회서5길 8 (상북면 석계리),,,545,309.5,56.79,309.5,56.79,경량철골구조,04000,근린생활시설,1,0
경상남도 양산시 상북면 석계리 240-5번지,48330,33021,0,0240,0005,일반건축물,경상남도 양산시 반회서5길 8 (상북면 석계리),,,0,5.76,0,5.76,0,벽돌구조,03000,화장실,1,0
경상남도 양산시 상북면 석계리 240-6번지,48330,33021,0,0240,0006,일반건축물,경상남도 양산시 반회서5길 10 (상북면 석계리),,,550.1,228.84,41.6,228.84,41.6,경량철골구조,03000,"제1종근린생활시설,제2종근린생활시설",1,0
경상남도 양산시 상북면 석계리 240-8번지,48330,33021,0,0240,0008,일반건축물,경상남도 양산시 반회서5길 12 (상북면 석계리),,,198.3,154.82,78.07,619.28,234.22,철근콘크리트구조,04000,근린생활시설,3,1
경상남도 양산시 상북면 석계리 241-1번지,48330,33021,0,0241,0001,일반건축물,경상남도 양산시 반회서5길 5 (상북면 석계리),,,1219.3,450.45,36.94,434.7,35.65,벽돌구조,04000,"제1종근린생활시설,제2종근린생활시설",1,0
경상남도 양산시 상북면 석계리 241-2번지,48330,33021,0,0241,0002,일반건축물,경상남도 양산시 상북중앙로 333 (상북면 석계리),,,1130,366.39,32.3,1274.94,93.5,철근콘크리트구조,04000,"근린생활시설, 교육연구시설, 주택",4,1
경상남도 양산시 상북면 석계리 241-3번지,48330,33021,0,0241,0003,일반건축물,경상남도 양산시 반회서4길 6-12 (상북면 석계리),,,165,98.64,59.78,384.88,156.22,철근콘크리트구조,03000,"근린생활시설, 주택",3,1
경상남도 양산시 상북면 석계리 241-5번지,48330,33021,0,0241,0005,일반건축물,경상남도 양산시 반회서4길 6 (상북면 석계리),,,245.9,114.92,46.73,114.92,46.73,벽돌구조,03000,근린생활시설,1,0
경상남도 양산시 상북면 석계리 242-1번지,48330,33021,0,0242,0001,일반건축물,경상남도 양산시 반회서5길 11 (상북면 석계리),,,283.1,168.56,59.54,505.68,178.62,철근콘크리트구조,04000,"제1,2종근린생활시설",3,0
경상남도 양산시 상북면 석계리 242-2번지,48330,33021,0,0242,0002,일반건축물,경상남도 양산시 반회서4길 12-22 (상북면 석계리),,,283.3,168.54,59.49,168.54,59.49,경량철골구조,04000,제2종근린생활시설,1,0
경상남도 양산시 상북면 석계리 242-3번지,48330,33021,0,0242,0003,일반건축물,경상남도 양산시 반회서5길 9 (상북면 석계리),,,558.8,167.52,29.98,167.52,29.98,경량철골구조,03000,근린생활시설,1,0
경상남도 양산시 상북면 석계리 242-4번지,48330,33021,0,0242,0004,일반건축물,경상남도 양산시 반회서5길 7 (상북면 석계리),,,587.6,212.79,36.21,549.07,93.44,철근콘크리트구조,03000,근린생활시설,3,0
경상남도 양산시 상북면 석계리 242-10번지,48330,33021,0,0242,0010,일반건축물,경상남도 양산시 반회서4길 12 (상북면 석계리),,,623.2,298.5,47.9,298.5,47.9,벽돌구조,03000,근린생활시설,1,0
경상남도 양산시 상북면 석계리 242-11번지,48330,33021,0,0242,0011,일반건축물,경상남도 양산시 반회서4길 12-6 (상북면 석계리),,,427,247.1,57.87,698.88,163.67,철근콘크리트구조,04000,"제2종근린생활시설,단독주택(다가구)",3,0
경상남도 양산시 상북면 석계리 242-12번지,48330,33021,0,0242,0012,일반건축물,경상남도 양산시 반회서4길 12-8 (상북면 석계리),,,657,212.4,32.33,212.4,32.33,경량철골구조,03000,근린생활시설,1,0
경상남도 양산시 상북면 석계리 242-13번지,48330,33021,0,0242,0013,일반건축물,경상남도 양산시 반회서4길 12-14 (상북면 석계리),,,0,35,0,35,0,블록구조,04000,제2종근린생활시설,1,0
경상남도 양산시 상북면 석계리 242-13번지,48330,33021,0,0242,0013,일반건축물,경상남도 양산시 반회서4길 12-14 (상북면 석계리),,,0,184.68,0,184.68,0,경량철골구조,03000,제1종근린생활시설,1,0
경상남도 양산시 상북면 석계리 242-14번지,48330,33021,0,0242,0014,일반건축물,경상남도 양산시 반회서4길 12-18 (상북면 석계리),,,374.5,212.2,56.66,212.2,56.66,경량철골구조,03000,제1종근린생활시설,1,0
경상남도 양산시 상북면 석계리 242-16번지,48330,33021,0,0242,0016,일반건축물,경상남도 양산시 반회서4길 10 (상북면 석계리),,,330.6,196.72,59.5,196.72,59.5,철근콘크리트구조,04000,제2종근린생활시설,1,0
경상남도 양산시 상북면 석계리 242-17번지,48330,33021,0,0242,0017,일반건축물,경상남도 양산시 반회서4길 8 (상북면 석계리),,제1동,335,196.03,58.52,196.03,58.52,철근콘크리트구조,03000,제1종근린생활시설,1,0
경상남도 양산시 상북면 석계리 243-1번지,48330,33021,0,0243,0001,일반건축물,경상남도 양산시 반회서5길 17 (상북면 석계리),,,533.5,310.25,58.15,1249.92,173.57,철근콘크리트구조,04000,"제1,2종근린생활시설",3,1
경상남도 양산시 상북면 석계리 243-2번지,48330,33021,0,0243,0002,일반건축물,경상남도 양산시 반회서5길 15 (상북면 석계리),,,163.6,88.53,54.11,88.53,54.11,경량철골구조,04000,제2종근린생활시설,1,0
경상남도 양산시 상북면 석계리 243-3번지,48330,33021,0,0243,0003,일반건축물,경상남도 양산시 반회서4길 12-23 (상북면 석계리),,,190.07,111.67,58.75,491.83,227.5,철근콘크리트구조,04000,"제2종근린생활시설, 주택",4,1
경상남도 양산시 상북면 석계리 243-4번지,48330,33021,0,0243,0004,일반건축물,경상남도 양산시 반회서4길 12-21 (상북면 석계리),,,198.3,112.65,56.81,165.68,83.55,철근콘크리트구조,01000,"근린생활시설, 주택",2,0
경상남도 양산시 상북면 석계리 243-5번지,48330,33021,0,0243,0005,일반건축물,경상남도 양산시 반회서4길 14 (상북면 석계리),,,557.2,296.7,53.25,296.7,53.25,경량철골구조,03000,근린생활시설,1,0
경상남도 양산시 상북면 석계리 243-6번지,48330,33021,0,0243,0006,일반건축물,경상남도 양산시 반회서4길 18 (상북면 석계리),,,0,186.78,0,613.013,0,철근콘크리트구조,03000,"주택, 근린생활시설",3,1
경상남도 양산시 상북면 석계리 243-8번지,48330,33021,0,0243,0008,일반건축물,경상남도 양산시 반회서4길 18-8 (상북면 석계리),,,330.6,197.12,59.62,487.2,147.37,철근콘크리트구조,04000,"제2종근린생활시설,단독주택",3,0
경상남도 양산시 상북면 석계리 243-9번지,48330,33021,0,0243,0009,일반건축물,경상남도 양산시 반회서4길 18-12 (상북면 석계리),,,429.9,252.72,58.79,472.6,109.93,철근콘크리트구조,03000,근린생활시설,2,0
경상남도 양산시 상북면 석계리 243-10번지,48330,33021,0,0243,0010,일반건축물,경상남도 양산시 반회서4길 18-16 (상북면 석계리),,,330,197.5,59.85,678.13,205.49,철근콘크리트구조,04000,"제2종근린생활시설,노유자시설,단독주택",4,0
경상남도 양산시 상북면 석계리 243-12번지,48330,33021,0,0243,0012,일반건축물,경상남도 양산시 반회서4길 18-14 (상북면 석계리),,,327.2,194.88,59.56,194.88,59.56,경량철골구조,03000,제1종근린생활시설,1,0
경상남도 양산시 상북면 석계리 243-13번지,48330,33021,0,0243,0013,일반건축물,경상남도 양산시 반회서4길 12-5 (상북면 석계리),소망교회,,661.2,278.71,42.15,579.32,87.62,철근콘크리트구조,04000,"제1,2종근린생활시설, 단독주택",3,0
경상남도 양산시 상북면 석계리 243-14번지,48330,33021,0,0243,0014,일반건축물,경상남도 양산시 반회서4길 12-19 (상북면 석계리),,,330.5,197.43,59.74,385.62,116.68,철근콘크리트구조,04000,"제1,2종근린생활시설,단독주택(다가구)",2,0
경상남도 양산시 상북면 석계리 243-15번지,48330,33021,0,0243,0015,일반건축물,경상남도 양산시 반회서4길 12-15 (상북면 석계리),,,330.7,193.56,58.53,193.56,58.53,경량철골구조,03000,근린생활시설(소매점 및 일반음식점),1,0
경상남도 양산시 상북면 석계리 243-16번지,48330,33021,0,0243,0016,일반건축물,경상남도 양산시 반회서4길 12-13 (상북면 석계리),,,437.7,246.05,56.21,871.45,131.64,철근콘크리트구조,04000,"근린생활시설,제2종근린생활시설,단독주택",3,1
경상남도 양산시 상북면 석계리 244-1번지,48330,33021,0,0244,0001,표제부,경상남도 양산시 반회서5길 21 (상북면 석계리),진일석계1차아파트,101동,0,1471.5,0,22125.58,0,철근콘크리트구조,02000,공동주택,15,1
경상남도 양산시 상북면 석계리 244-1번지,48330,33021,0,0244,0001,표제부,경상남도 양산시 반회서5길 21 (상북면 석계리),진일석계1차아파트,102동,0,462.78,0,7404.48,0,철근콘크리트구조,02000,공동주택,15,1
경상남도 양산시 상북면 석계리 244-1번지,48330,33021,0,0244,0001,표제부,경상남도 양산시 반회서5길 21 (상북면 석계리),,,0,93.18,0,320.98,0,철근콘크리트구조,02000,공동주택,1,1
경상남도 양산시 상북면 석계리 244-1번지,48330,33021,0,0244,0001,표제부,경상남도 양산시 반회서5길 21 (상북면 석계리),진일석계1차아파트,상가,7900.2,224.92,0,986.06,0,철근콘크리트구조,07000,"판매시설,제2종근린생활시설",3,1
경상남도 양산시 상북면 석계리 244-4번지,48330,33021,0,0244,0004,표제부,경상남도 양산시 반회서4길 18-5 (상북면 석계리),그린빌라,(A),400.6,171.47,42.8,650,162.26,철근콘크리트구조,02000,공동주택(다세대),4,0
경상남도 양산시 상북면 석계리 244-8번지,48330,33021,0,0244,0008,표제부,경상남도 양산시 반회서4길 18-5 (상북면 석계리),그린빌라,(B),402.2,171.47,42.63,650,161.61,철근콘크리트구조,02000,공동주택(다세대),4,0
경상남도 양산시 상북면 석계리 244-9번지,48330,33021,0,0244,0009,표제부,경상남도 양산시 반회서4길 18-5 (상북면 석계리),그린빌라,(다),359,170.36,47.45,654.08,182.19,철근콘크리트구조,02000,공동주택(다세대),4,0
경상남도 양산시 상북면 석계리 244-10번지,48330,33021,0,0244,0010,표제부,경상남도 양산시 반회서4길 18-5 (상북면 석계리),그린빌라,(라),341,169.7,49.77,654.08,191.81,철근콘크리트구조,02000,공동주택(다세대),4,0
경상남도 양산시 상북면 석계리 245-1번지,48330,33021,0,0245,0001,일반건축물,경상남도 양산시 반회서4길 25 (상북면 석계리),,,280.1,166.16,59.32,166.16,59.32,경량철골구조,04000,제2종근린생활시설,1,0
경상남도 양산시 상북면 석계리 245-3번지,48330,33021,0,0245,0003,일반건축물,경상남도 양산시 반회서3길 28-20 (상북면 석계리),,,466.9,250.67,53.69,656.72,140.66,철근콘크리트구조,01000,단독주택,4,0
경상남도 양산시 상북면 석계리 246-1번지,48330,33021,0,0246,0001,일반건축물,경상남도 양산시 반회서4길 15 (상북면 석계리),,,363.5,144.15,39.66,245.07,67.42,철근콘크리트구조,03000,"제1종근린생활시설,단독주택",2,0
경상남도 양산시 상북면 석계리 246-2번지,48330,33021,0,0246,0002,일반건축물,경상남도 양산시 반회서3길 16-17 (상북면 석계리),,나동,0,177.42,0,350.2,0,일반철골구조,10000,교육연구시설,2,0
경상남도 양산시 상북면 석계리 246-2번지,48330,33021,0,0246,0002,일반건축물,경상남도 양산시 반회서3길 16-17 (상북면 석계리),,다동,0,25,0,25,0,경량철골구조,10000,교육연구시설,1,0
경상남도 양산시 상북면 석계리 246-2번지,48330,33021,0,0246,0002,일반건축물,경상남도 양산시 반회서3길 16-17 (상북면 석계리),,가동,0,508.07,0,494.78,0,철근콘크리트구조,11000,노유자시설,1,0
경상남도 양산시 상북면 석계리 246-3번지,48330,33021,0,0246,0003,일반건축물,경상남도 양산시 반회서3길 16-9 (상북면 석계리),,,484.9,284.4,58.65,338.4,69.79,일반철골구조,03000,"제1종근린생활시설,제2종근린생활시설",2,0
경상남도 양산시 상북면 석계리 246-4번지,48330,33021,0,0246,0004,일반건축물,경상남도 양산시 반회서3길 16-3 (상북면 석계리),,,409.5,242.86,59.31,242.86,59.31,조적구조,03000,"근린생활시설, 주택",1,0
경상남도 양산시 상북면 석계리 246-4번지,48330,33021,0,0246,0004,일반건축물,경상남도 양산시 반회서3길 16-3 (상북면 석계리),,,0,3.1,0,3.1,0,벽돌구조,03000,근린생활시설(화장실),1,0
경상남도 양산시 상북면 석계리 246-5번지,48330,33021,0,0246,0005,일반건축물,경상남도 양산시 반회서3길 18 (상북면 석계리),,,466.5,276.12,59.19,276.12,59.19,경량철골구조,03000,"제1종근린생활시설,제2종근린생활시설,단독주택",1,0
경상남도 양산시 상북면 석계리 246-7번지,48330,33021,0,0246,0007,일반건축물,경상남도 양산시 반회서3길 22 (상북면 석계리),,,436.8,138.24,31.65,138.24,31.65,경량철골구조,04000,근린생활시설,1,0
경상남도 양산시 상북면 석계리 246-8번지,48330,33021,0,0246,0008,일반건축물,경상남도 양산시 반회서3길 22-8 (상북면 석계리),,,1286.8,454.96,35.36,454.96,35.36,경량철골구조,Z3000,"근린생활시설, 제2종근린생활시설",1,0
경상남도 양산시 상북면 석계리 246-9번지,48330,33021,0,0246,0009,일반건축물,경상남도 양산시 반회서3길 22-20 (상북면 석계리),,,567.6,332.04,58.5,332.04,58.5,경량철골구조,03000,"근린생활시설, 주택",1,0
경상남도 양산시 상북면 석계리 246-10번지,48330,33021,0,0246,0010,일반건축물,경상남도 양산시 반회서3길 22-26 (상북면 석계리),,,946.2,197.42,20.86,379.99,40.16,벽돌구조,01000,단독주택,2,0
경상남도 양산시 상북면 석계리 246-12번지,48330,33021,0,0246,0012,일반건축물,경상남도 양산시 반회서3길 22-6 (상북면 석계리),,,331,194.04,58.62,192.24,58.08,경량철골구조,04000,근린생활시설,1,0
경상남도 양산시 상북면 석계리 247-3번지,48330,33021,0,0247,0003,일반건축물,경상남도 양산시 반회서3길 16-14 (상북면 석계리),,,234.1,138.68,59.24,261.1,111.53,철근콘크리트구조,03000,"근린생활시설, 주택",2,0
경상남도 양산시 상북면 석계리 250-2번지,48330,33021,0,0250,0002,일반건축물,경상남도 양산시 상북중앙로 327 (상북면 석계리),,,185,109.79,59.34,207.26,112.03,벽돌구조,04000,"근린생활시설, 주택",2,0
경상남도 양산시 상북면 석계리 250-2번지,48330,33021,0,0250,0002,일반건축물,경상남도 양산시 상북중앙로 327 (상북면 석계리),,,0,23.1,0,23.1,0,블록구조,01000,주택,1,0
경상남도 양산시 상북면 석계리 250-3번지,48330,33021,0,0250,0003,일반건축물,경상남도 양산시 반회서3길 6-2 (상북면 석계리),,,0,99.1,0,99.1,0,블록구조,01000,주택,1,0
경상남도 양산시 상북면 석계리 250-9번지,48330,33021,0,0250,0009,일반건축물,경상남도 양산시 반회서4길 2 (상북면 석계리),,,164,82.62,50.38,82.62,50.38,경량철골구조,04000,제2종근린생활시설,1,0
경상남도 양산시 상북면 석계리 250-10번지,48330,33021,0,0250,0010,일반건축물,경상남도 양산시 반회서3길 2 (상북면 석계리),,,0,138.78,0,138.78,0,블록구조,01000,주택,1,0
경상남도 양산시 상북면 석계리 250-13번지,48330,33021,0,0250,0013,일반건축물,경상남도 양산시 반회서3길 6-1 (상북면 석계리),,,0,78,0,78,0,블록구조,03000,제1종근린생활시설,1,0
경상남도 양산시 상북면 석계리 250-13번지,48330,33021,0,0250,0013,일반건축물,경상남도 양산시 반회서3길 6-1 (상북면 석계리),,,0,0,0,128.9,0,블록구조,01000,주택,1,0
경상남도 양산시 상북면 석계리 252-1번지,48330,33021,0,0252,0001,일반건축물,경상남도 양산시 상북중앙로 329 (상북면 석계리),,,0,62.7,0,62.7,0,일반목구조,01000,주택,1,0
경상남도 양산시 상북면 석계리 257번지,48330,33021,0,0257,0000,일반건축물,경상남도 양산시 반회서6길 2 (상북면 석계리),,,457,260.98,57.11,260.98,57.11,철근콘크리트구조,04000,"제1종근린생활시설,제2종근린생활시설",1,0
경상남도 양산시 상북면 석계리 258-2번지,48330,33021,0,0258,0002,일반건축물,,,,0,82.5,0,82.5,0,일반목구조,01000,주택,1,0
경상남도 양산시 상북면 석계리 258-5번지,48330,33021,0,0258,0005,일반건축물,경상남도 양산시 반회서6길 3 (상북면 석계리),,,157,106.58,67.89,306.36,195.13,철근콘크리트구조,01000,"제1,2종근린생활시설,단독주택",3,0
경상남도 양산시 상북면 석계리 259-1번지,48330,33021,0,0259,0001,일반건축물,경상남도 양산시 상북중앙로 343 (상북면 석계리),,,352.725,203.79,57.78,691.99,154.34,철근콘크리트구조,04000,근린생활시설,3,1
경상남도 양산시 상북면 석계리 259-1번지,48330,33021,0,0259,0001,일반건축물,경상남도 양산시 상북중앙로 343 (상북면 석계리),,,0,52.8,0,52.8,0,일반목구조,01000,주택,1,0
경상남도 양산시 상북면 석계리 259-3번지,48330,33021,0,0259,0003,일반건축물,경상남도 양산시 반회서5길 2 (상북면 석계리),,,382,208.68,54.63,589.14,154.23,철근콘크리트구조,01000,단독주택(다가구),4,0
경상남도 양산시 상북면 석계리 259-4번지,48330,33021,0,0259,0004,일반건축물,경상남도 양산시 상북중앙로 341 (상북면 석계리),,,0,0,0,204.8,0,철근콘크리트구조,01000,"주택, 근린생활시설",1,0
경상남도 양산시 상북면 석계리 259-6번지,48330,33021,0,0259,0006,일반건축물,경상남도 양산시 상북중앙로 339 (상북면 석계리),,,0,99.31,0,99.31,0,블록구조,01000,주택,1,0
경상남도 양산시 상북면 석계리 260-2번지,48330,33021,0,0260,0002,일반건축물,경상남도 양산시 상북중앙로 337-1 (상북면 석계리),,,131,73.79,56.33,73.79,56.33,경량철골구조,04000,제2종근린생활시설,1,0
경상남도 양산시 상북면 석계리 261-2번지,48330,33021,0,0261,0002,일반건축물,경상남도 양산시 상북중앙로 335 (상북면 석계리),,,297.14,131.28,44.18,131.28,44.18,경량철골구조,04000,"근린생활시설, 주택",1,0
경상남도 양산시 상북면 석계리 261-6번지,48330,33021,0,0261,0006,일반건축물,경상남도 양산시 상북중앙로 334 (상북면 석계리),,,507.02,266.97,52.65,572.71,102.44,철근콘크리트구조,04000,근린생활시설,2,1
경상남도 양산시 상북면 석계리 262-1번지,48330,33021,0,0262,0001,일반건축물,,,,0,29.7,0,29.7,0,일반목구조,01000,주택,1,0
경상남도 양산시 상북면 석계리 263-1번지,48330,33021,0,0263,0001,일반건축물,경상남도 양산시 상북중앙로 332 (상북면 석계리),,,0,72.6,0,72.6,0,일반목구조,01000,주택,1,0
경상남도 양산시 상북면 석계리 263-2번지,48330,33021,0,0263,0002,일반건축물,경상남도 양산시 상북중앙로 331 (상북면 석계리),,,0,49.58,0,49.58,0,블록구조,01000,주택,1,0
경상남도 양산시 상북면 석계리 263-5번지,48330,33021,0,0263,0005,일반건축물,경상남도 양산시 상북중앙로 330 (상북면 석계리),,,250.84,138.94,55.39,177.415,70.73,블록구조,01000,"주택및점포,근린생활시설",2,0
경상남도 양산시 상북면 석계리 265-1번지,48330,33021,0,0265,0001,일반건축물,경상남도 양산시 상북중앙로 334-5 (상북면 석계리),,,0,66.3,0,66.3,0,블록구조,01000,주택,1,0
경상남도 양산시 상북면 석계리 266-3번지,48330,33021,0,0266,0003,일반건축물,경상남도 양산시 상북중앙로 338 (상북면 석계리),,,0,52.8,0,52.8,0,일반목구조,01000,주택,1,0
경상남도 양산시 상북면 석계리 267번지,48330,33021,0,0267,0000,일반건축물,경상남도 양산시 상북중앙로 342 (상북면 석계리),,3동,0,54,0,54,0,일반목구조,04000,제2종근린생활시설,1,0
경상남도 양산시 상북면 석계리 269-1번지,48330,33021,0,0269,0001,일반건축물,경상남도 양산시 상북중앙로 348 (상북면 석계리),,,462,256.8,55.58,256.8,55.58,경량철골구조,04000,제2종근린생활시설,1,0
경상남도 양산시 상북면 석계리 269-2번지,48330,33021,0,0269,0002,일반건축물,경상남도 양산시 상북중앙로 347 (상북면 석계리),,1동,0,59.5,0,59.5,0,블록구조,01000,주택,1,0
경상남도 양산시 상북면 석계리 269-2번지,48330,33021,0,0269,0002,일반건축물,경상남도 양산시 상북중앙로 347 (상북면 석계리),,2동,0,0,0,104.1,0,블록구조,01000,"주택, 근린생활시설",1,0
경상남도 양산시 상북면 석계리 269-5번지,48330,33021,0,0269,0005,일반건축물,,,,0,52.8,0,52.8,0,일반목구조,01000,주택,1,0
경상남도 양산시 상북면 석계리 269-6번지,48330,33021,0,0269,0006,일반건축물,경상남도 양산시 상북중앙로 346 (상북면 석계리),,,0,29.7,0,29.7,0,일반목구조,01000,주택,1,0
경상남도 양산시 상북면 석계리 269-6번지,48330,33021,0,0269,0006,일반건축물,경상남도 양산시 상북중앙로 346 (상북면 석계리),,,246,163.16,66.33,461.58,187.63,철근콘크리트구조,04000,제2종근린생활시설,3,0
경상남도 양산시 상북면 석계리 269-6번지,48330,33021,0,0269,0006,일반건축물,경상남도 양산시 상북중앙로 346 (상북면 석계리),,,0,42.9,0,42.9,0,일반목구조,01000,주택,1,0
경상남도 양산시 상북면 석계리 269-12번지,48330,33021,0,0269,0012,일반건축물,경상남도 양산시 상북중앙로 344 (상북면 석계리),,,446,341.76,76.63,341.76,76.63,철근콘크리트구조,03000,"제1,2종근린생활시설,단독주택",1,0
경상남도 양산시 상북면 석계리 272-2번지,48330,33021,0,0272,0002,일반건축물,경상남도 양산시 상북중앙로 430 (상북면 석계리),,,631,136.26,21.59,192.97,30.58,철근콘크리트구조,04000,"근린생활시설, 주택",2,0
경상남도 양산시 상북면 석계리 272-3번지,48330,33021,0,0272,0003,일반건축물,경상남도 양산시 상북중앙로 428 (상북면 석계리),,,510,165,32.35,330,64.71,철근콘크리트구조,04000,근린생활시설,2,0
경상남도 양산시 상북면 석계리 272-6번지,48330,33021,0,0272,0006,일반건축물,경상남도 양산시 상북중앙로 424 (상북면 석계리),,,0,82.6,0,82.6,0,블록구조,01000,주택,1,0
경상남도 양산시 상북면 석계리 272-7번지,48330,33021,0,0272,0007,일반건축물,경상남도 양산시 상북중앙로 420 (상북면 석계리),,,0,72.1,0,118.1,0,철근콘크리트구조,04000,"주택, 근린생활시설",2,0
경상남도 양산시 상북면 석계리 272-9번지,48330,33021,0,0272,0009,일반건축물,경상남도 양산시 삼계동길 5-4 (상북면 석계리),,2동,0,243,0,243,0,일반철골구조,03000,제1종근린생활시설,1,0
경상남도 양산시 상북면 석계리 272-9번지,48330,33021,0,0272,0009,일반건축물,경상남도 양산시 삼계동길 5-4 (상북면 석계리),,1동,0,420,0,420,0,일반철골구조,03000,제1종근린생활시설,1,0
경상남도 양산시 상북면 석계리 272-10번지,48330,33021,0,0272,0010,일반건축물,경상남도 양산시 상북중앙로 414-1 (상북면 석계리),,,0,0,0,172.08,0,블록구조,01000,"주택, 근린생활시설",2,0
경상남도 양산시 상북면 석계리 272-11번지,48330,33021,0,0272,0011,일반건축물,경상남도 양산시 상북중앙로 412 (상북면 석계리),,제1동,215,124.2,57.77,124.2,57.77,블록구조,04000,"주택,제2종근린생활시설",1,0
경상남도 양산시 상북면 석계리 272-11번지,48330,33021,0,0272,0011,일반건축물,경상남도 양산시 상북중앙로 412 (상북면 석계리),,제2동,0,31.68,0,31.68,0,경량철골구조,04000,제2종근린생활시설,1,0
경상남도 양산시 상북면 석계리 272-12번지,48330,33021,0,0272,0012,일반건축물,,,,0,0,0,158.6,0,블록구조,01000,"주택, 점포",1,0
경상남도 양산시 상북면 석계리 272-13번지,48330,33021,0,0272,0013,일반건축물,경상남도 양산시 삼계동길 5-3 (상북면 석계리),,,0,69.4,0,69.4,0,블록구조,01000,주택,1,0
경상남도 양산시 상북면 석계리 272-18번지,48330,33021,0,0272,0018,일반건축물,경상남도 양산시 상북중앙로 404 (상북면 석계리),,1동,523,337.82,64.59,580.51,111,일반철골구조,04000,"제1종,2종근린생활시설",2,0
경상남도 양산시 상북면 석계리 272-19번지,48330,33021,0,0272,0019,일반건축물,경상남도 양산시 상북중앙로 398-1 (상북면 석계리),상북면보건지소,,1851.84,359.96,19.44,505.35,27.29,철근콘크리트구조,03000,제1종근린생활시설,2,0
경상남도 양산시 상북면 석계리 272-20번지,48330,33021,0,0272,0020,일반건축물,경상남도 양산시 상북중앙로 398 (상북면 석계리),상북면사무소,,0,198,0,396,0,철근콘크리트구조,03000,제1종근린생활시설,2,0
경상남도 양산시 상북면 석계리 272-20번지,48330,33021,0,0272,0020,일반건축물,경상남도 양산시 상북중앙로 398 (상북면 석계리),상북면사무소,,0,516.22,0,951.9,0,철근콘크리트구조,03000,제1종근린생활시설제1종근린생활시설,2,1
경상남도 양산시 상북면 석계리 272-25번지,48330,33021,0,0272,0025,일반건축물,경상남도 양산시 상북중앙로 396 (상북면 석계리),,,4521,901.68,19.94,5362.06,77.86,철근콘크리트구조,24000,통신시설,4,1
경상남도 양산시 상북면 석계리 272-50번지,48330,33021,0,0272,0050,일반건축물,경상남도 양산시 상북중앙로 414 (상북면 석계리),,,0,145.36,0,201.06,0,블록구조,01000,"주택, 근린생활시설",2,0
경상남도 양산시 상북면 석계리 272-52번지,48330,33021,0,0272,0052,일반건축물,경상남도 양산시 상북중앙로 422-1 (상북면 석계리),,,0,88.29,0,162.96,0,블록구조,01000,주택,2,0
경상남도 양산시 상북면 석계리 272-59번지,48330,33021,0,0272,0059,일반건축물,경상남도 양산시 삼계동길 5-2 (상북면 석계리),,,0,69.4,0,69.4,0,블록구조,01000,주택,1,0
경상남도 양산시 상북면 석계리 272-60번지,48330,33021,0,0272,0060,일반건축물,경상남도 양산시 상북중앙로 410-1 (상북면 석계리),,제1동,208,133.32,64.1,224.63,108,철근콘크리트구조,04000,제2종근린생활시설,2,0
경상남도 양산시 상북면 석계리 272-62번지,48330,33021,0,0272,0062,일반건축물,경상남도 양산시 삼계동길 5-1 (상북면 석계리),,,0,92.5,0,178.4,0,블록구조,01000,주택,2,0
경상남도 양산시 상북면 석계리 272-69번지,48330,33021,0,0272,0069,일반건축물,경상남도 양산시 삼계동길 7-1 (상북면 석계리),,1동,580,360.77,62.2,360.77,62.2,일반철골구조,04000,제2종근린생활시설,1,0
경상남도 양산시 상북면 석계리 272-81번지,48330,33021,0,0272,0081,일반건축물,경상남도 양산시 상북중앙로 416 (상북면 석계리),,,0,84.24,0,235.72,0,블록구조,03000,"주택, 근린생활시설",3,0
경상남도 양산시 상북면 석계리 272-89번지,48330,33021,0,0272,0089,일반건축물,경상남도 양산시 상북중앙로 400 (상북면 석계리),,,0,148.14,0,292.65,0,철근콘크리트구조,03000,근린공공시설,2,0
경상남도 양산시 상북면 석계리 272-95번지,48330,33021,0,0272,0095,일반건축물,경상남도 양산시 상북중앙로 388-17 (상북면 석계리),,,0,84.51,0,84.51,0,블록구조,01000,주택,1,0
경상남도 양산시 상북면 석계리 272-97번지,48330,33021,0,0272,0097,일반건축물,경상남도 양산시 상북중앙로 402 (상북면 석계리),상북새마을금고,1동,574,334.37,58.25,1685.62,293.66,철근콘크리트구조,03000,제1종근린생활시설,6,0
경상남도 양산시 상북면 석계리 272-101번지,48330,33021,0,0272,0101,일반건축물,경상남도 양산시 상북중앙로 410 (상북면 석계리),,,258,152.715,59.19,259.32,100.51,철근콘크리트구조,04000,"제2종근린생활시설, 주택",2,0
경상남도 양산시 상북면 석계리 272-102번지,48330,33021,0,0272,0102,일반건축물,경상남도 양산시 상북중앙로 432 (상북면 석계리),,,275,102.8,37.38,99.3,36.11,벽돌구조,01000,단독주택,1,0
경상남도 양산시 상북면 석계리 272-106번지,48330,33021,0,0272,0106,일반건축물,경상남도 양산시 상북중앙로 426 (상북면 석계리),,,268,84,31.34,84,31.34,경량철골구조,03000,제1종근린생활시설,1,0
경상남도 양산시 상북면 석계리 273-1번지,48330,33021,0,0273,0001,일반건축물,경상남도 양산시 상북중앙로 324 (상북면 석계리),,,0,23.45,0,23.45,0,블록구조,03000,근린생활시설,1,0
경상남도 양산시 상북면 석계리 275-3번지,48330,33021,0,0275,0003,일반건축물,경상남도 양산시 반회동길 85-1 (상북면 석계리),,,328.9,197.22,59.96,197.22,59.96,철근콘크리트구조,04000,근린생활시설,1,0
경상남도 양산시 상북면 석계리 275-6번지,48330,33021,0,0275,0006,일반건축물,경상남도 양산시 반회동2길 38 (상북면 석계리),,,315,52.8,16.76,52.8,16.76,경량철골구조,01000,단독주택,1,0
경상남도 양산시 상북면 석계리 275-9번지,48330,33021,0,0275,0009,일반건축물,경상남도 양산시 반회동길 85-3 (상북면 석계리),,,275,62.65,22.78,62.65,22.78,블록구조,01000,주택,1,0
경상남도 양산시 상북면 석계리 275-10번지,48330,33021,0,0275,0010,일반건축물,경상남도 양산시 반회동길 85 (상북면 석계리),,,254.5,151.85,59.67,218.62,85.9,벽돌구조,01000,단독주택,2,0
경상남도 양산시 상북면 석계리 275-15번지,48330,33021,0,0275,0015,일반건축물,경상남도 양산시 반회동2길 38-1 (상북면 석계리),,,189,80.94,42.83,79.29,41.95,블록구조,01000,단독주택,1,0
경상남도 양산시 상북면 석계리 278번지,48330,33021,0,0278,0000,일반건축물,경상남도 양산시 상북중앙로 324-6 (상북면 석계리),,,1502.51,240,15.97,240,15.97,경량철골구조,17000,일반공장,1,0
경상남도 양산시 상북면 석계리 281-6번지,48330,33021,0,0281,0006,일반건축물,경상남도 양산시 반회동길 73 (상북면 석계리),,,948,100.34,10.58,100.34,10.58,,01000,주택,1,0
경상남도 양산시 상북면 석계리 285-1번지,48330,33021,0,0285,0001,일반건축물,경상남도 양산시 상북중앙로 324-32 (상북면 석계리),,,0,68.7,0,68.7,0,블록구조,01000,주택,1,0
경상남도 양산시 상북면 석계리 285-2번지,48330,33021,0,0285,0002,일반건축물,경상남도 양산시 상북중앙로 324-36 (상북면 석계리),,,0,67.41,0,67.41,0,블록구조,01000,주택,1,0
경상남도 양산시 상북면 석계리 285-3번지,48330,33021,0,0285,0003,일반건축물,경상남도 양산시 상북중앙로 324-38 (상북면 석계리),,,0,65.26,0,65.26,0,블록구조,01000,주택,1,0
경상남도 양산시 상북면 석계리 285-5번지,48330,33021,0,0285,0005,일반건축물,경상남도 양산시 반회동4길 9-17 (상북면 석계리),,,330,170.32,51.61,269.78,81.75,철근콘크리트구조,03000,"제1종근린생활시설,단독주택",2,0
경상남도 양산시 상북면 석계리 287-1번지,48330,33021,0,0287,0001,일반건축물,경상남도 양산시 상북중앙로 324-37 (상북면 석계리),,,0,0,0,177.17,0,블록구조,01000,"주택, 근린생활시설",2,0
경상남도 양산시 상북면 석계리 287-6번지,48330,33021,0,0287,0006,일반건축물,경상남도 양산시 상북중앙로 324-39 (상북면 석계리),,,0,59.5,0,59.5,0,블록구조,01000,주택,1,0
경상남도 양산시 상북면 석계리 288-6번지,48330,33021,0,0288,0006,일반건축물,경상남도 양산시 반회동길 77 (상북면 석계리),,,0,68.02,0,68.02,0,블록구조,01000,주택,1,0
경상남도 양산시 상북면 석계리 288-7번지,48330,33021,0,0288,0007,일반건축물,,,,483,34.4,7.12,34.4,7.12,경량철골구조,01000,단독주택,1,0
경상남도 양산시 상북면 석계리 288-7번지,48330,33021,0,0288,0007,일반건축물,경상남도 양산시 반회동길 75 (상북면 석계리),,,483,105.33,21.81,105.33,21.81,블록구조,01000,주택,1,0
경상남도 양산시 상북면 석계리 288-8번지,48330,33021,0,0288,0008,일반건축물,경상남도 양산시 반회동4길 9-20 (상북면 석계리),,,0,81.26,0,81.26,0,블록구조,01000,주택,1,0
경상남도 양산시 상북면 석계리 297-5번지,48330,33021,0,0297,0005,일반건축물,경상남도 양산시 반회동5길 18-13 (상북면 석계리),,,521,292.38,56.12,292.38,56.12,일반철골구조,04000,제2종근린생활시설,1,0
경상남도 양산시 상북면 석계리 299-6번지,48330,33021,0,0299,0006,일반건축물,경상남도 양산시 반회동5길 16 (상북면 석계리),,,660,377.6,57.21,460.93,69.84,경량철골구조,04000,제2종근린생활시설,2,0
경상남도 양산시 상북면 석계리 300-5번지,48330,33021,0,0300,0005,일반건축물,경상남도 양산시 반회동6길 10-13 (상북면 석계리),,,330,165,50,165,50,일반철골구조,18000,창고시설,1,0
경상남도 양산시 상북면 석계리 300-6번지,48330,33021,0,0300,0006,일반건축물,경상남도 양산시 반회동6길 10-11 (상북면 석계리),,,389,239.4,61.54,478.8,123.08,일반철골구조,03000,"제1,2종근린생활시설",2,0
경상남도 양산시 상북면 석계리 300-9번지,48330,33021,0,0300,0009,일반건축물,경상남도 양산시 반회동6길 10-25 (상북면 석계리),,,815,327.6,40.2,327.6,40.2,일반철골구조,04000,제2종근린생활시설,1,0
경상남도 양산시 상북면 석계리 300-33번지,48330,33021,0,0300,0033,일반건축물,경상남도 양산시 반회동5길 18-8 (상북면 석계리),,,529,249.27,47.12,249.27,47.12,일반철골구조,03000,제1종근린생활시설,1,0
경상남도 양산시 상북면 석계리 300-35번지,48330,33021,0,0300,0035,일반건축물,경상남도 양산시 반회동5길 18-12 (상북면 석계리),,,615,308.04,50.09,308.04,50.09,일반철골구조,04000,제2종근린생활시설,1,0
경상남도 양산시 상북면 석계리 302-9번지,48330,33021,0,0302,0009,일반건축물,경상남도 양산시 반회동5길 18 (상북면 석계리),,,446,266.74,59.81,263.9,59.17,일반철골구조,03000,제1종근린생활시설,1,0
경상남도 양산시 상북면 석계리 302-17번지,48330,33021,0,0302,0017,일반건축물,경상남도 양산시 반회동5길 18-7 (상북면 석계리),,,436,258.8,59.36,258.8,59.36,경량철골구조,04000,제2종근린생활시설,1,0
경상남도 양산시 상북면 석계리 304번지,48330,33021,0,0304,0000,일반건축물,경상남도 양산시 반회동6길 20 (상북면 석계리),,,548.09,235.19,42.91,280.42,51.16,철근콘크리트구조,01000,"주택, 근린생활시설",2,0
경상남도 양산시 상북면 석계리 304번지,48330,33021,0,0304,0000,일반건축물,경상남도 양산시 반회동6길 20 (상북면 석계리),,,0,192.24,0,192.24,0,블록구조,01000,주택,1,0
경상남도 양산시 상북면 석계리 305-1번지,48330,33021,0,0305,0001,일반건축물,경상남도 양산시 반회동6길 21 (상북면 석계리),,,133,94.99,71.42,85.98,64.65,경량철골구조,01000,"단독주택,제2종근린생활시설",1,0
경상남도 양산시 상북면 석계리 307-9번지,48330,33021,0,0307,0009,일반건축물,경상남도 양산시 반회동길 117 (상북면 석계리),,,167,81.6,48.86,81.6,48.86,경량철골구조,01000,단독주택,1,0
경상남도 양산시 상북면 석계리 307-15번지,48330,33021,0,0307,0015,일반건축물,경상남도 양산시 석계로 55 (상북면 석계리),,,1185,286.1,24.14,408.5,34.47,일반철골구조,04000,"제2종근린생활시설, 단독주택",2,0
경상남도 양산시 상북면 석계리 307-17번지,48330,33021,0,0307,0017,일반건축물,경상남도 양산시 양주마을1길 31-1 (상북면 석계리),,,0,76.2,0,76.2,0,경량철골구조,04000,제2종근린생활시설,1,0
경상남도 양산시 상북면 석계리 307-17번지,48330,33021,0,0307,0017,일반건축물,경상남도 양산시 양주마을1길 31-1 (상북면 석계리),,,0,103.39,0,98.77,0,경량철골구조,01000,단독주택,1,0
경상남도 양산시 상북면 석계리 307-25번지,48330,33021,0,0307,0025,일반건축물,경상남도 양산시 반회동7길 14-2 (상북면 석계리),,,0,56.1,0,56.1,0,일반목구조,01000,주택,1,0
경상남도 양산시 상북면 석계리 307-47번지,48330,33021,0,0307,0047,일반건축물,경상남도 양산시 석계로 47 (상북면 석계리),,,693,136.95,19.76,210.06,30.31,벽돌구조,01000,단독주택,2,0
경상남도 양산시 상북면 석계리 307-50번지,48330,33021,0,0307,0050,일반건축물,경상남도 양산시 양주마을1길 37-1 (상북면 석계리),,,0,72.135,0,116.615,0,블록구조,01000,주택,2,0
경상남도 양산시 상북면 석계리 307-65번지,48330,33021,0,0307,0065,일반건축물,경상남도 양산시 석계로 60 (상북면 석계리),,제1동,940,144.6,15.38,144.6,15.38,경량철골구조,04000,제2종근린생활시설,1,0
경상남도 양산시 상북면 석계리 307-72번지,48330,33021,0,0307,0072,일반건축물,경상남도 양산시 반회동길 115 (상북면 석계리),,가동,380,144.96,38.15,138.03,36.32,경량철골구조,01000,단독주택,1,0
경상남도 양산시 상북면 석계리 307-72번지,48330,33021,0,0307,0072,일반건축물,경상남도 양산시 반회동길 115 (상북면 석계리),,가동,0,17.85,0,17.85,0,기타조적구조,01000,단독주택(창고),1,0
경상남도 양산시 상북면 석계리 307-74번지,48330,33021,0,0307,0074,일반건축물,경상남도 양산시 반회동7길 17 (상북면 석계리),,,483,93.96,19.45,156.96,32.5,철근콘크리트구조,04000,근린생활시설,2,0
경상남도 양산시 상북면 석계리 307-101번지,48330,33021,0,0307,0101,일반건축물,경상남도 양산시 반회동6길 19 (상북면 석계리),,,0,52.8,0,52.8,0,일반목구조,01000,주택,1,0
경상남도 양산시 상북면 석계리 307-202번지,48330,33021,0,0307,0202,일반건축물,경상남도 양산시 반회동7길 14-1 (상북면 석계리),,,0,0,0,237.8,0,블록구조,01000,"주택, 근린생활시설",2,0
경상남도 양산시 상북면 석계리 307-202번지,48330,33021,0,0307,0202,일반건축물,경상남도 양산시 반회동7길 14-1 (상북면 석계리),,,0,66.11,0,66.11,0,블록구조,03000,점포,1,0
경상남도 양산시 상북면 석계리 307-205번지,48330,33021,0,0307,0205,일반건축물,경상남도 양산시 석계로 45 (상북면 석계리),,,505,300.75,59.55,294.55,58.33,철근콘크리트구조,04000,"제1,2종근린생활시설",1,0
경상남도 양산시 상북면 석계리 307-207번지,48330,33021,0,0307,0207,일반건축물,경상남도 양산시 반회동7길 20 (상북면 석계리),,,184,130.33,70.83,130.33,70.83,일반철골구조,04000,제2종근린생활시설,1,0
경상남도 양산시 상북면 석계리 307-224번지,48330,33021,0,0307,0224,일반건축물,경상남도 양산시 석계로 46 (상북면 석계리),,,417,80.16,19.22,74.16,17.78,철근콘크리트구조,04000,제2종근린생활시설,1,0
경상남도 양산시 상북면 석계리 307-246번지,48330,33021,0,0307,0246,일반건축물,경상남도 양산시 반회동길 117 (상북면 석계리),,,198,79.89,40.35,79.89,40.35,경량철골구조,01000,단독주택,1,0
경상남도 양산시 상북면 석계리 316-3번지,48330,33021,0,0316,0003,일반건축물,경상남도 양산시 양주마을1길 6 (상북면 석계리),,,410,212.65,51.87,347.35,84.72,철근콘크리트구조,03000,제1종근린생활시설,2,0
경상남도 양산시 상북면 석계리 316-4번지,48330,33021,0,0316,0004,일반건축물,경상남도 양산시 석계로 77 (상북면 석계리),,,524,304.8,58.17,349.08,66.62,일반철골구조,03000,제1종근린생활시설,2,0
경상남도 양산시 상북면 석계리 316-9번지,48330,33021,0,0316,0009,일반건축물,경상남도 양산시 양주마을1길 8 (상북면 석계리),,1동,192,95.4,49.69,149.33,77.78,철근콘크리트구조,01000,단독주택,2,0
경상남도 양산시 상북면 석계리 317번지,48330,33021,0,0317,0000,일반건축물,경상남도 양산시 양주마을1길 12 (상북면 석계리),,,0,82.6,0,82.6,0,블록구조,01000,주택,1,0
경상남도 양산시 상북면 석계리 318-14번지,48330,33021,0,0318,0014,일반건축물,경상남도 양산시 양주마을1길 16 (상북면 석계리),,,660,131.58,19.94,131.58,19.94,벽돌구조,01000,단독주택,1,0
경상남도 양산시 상북면 석계리 318-18번지,48330,33021,0,0318,0018,일반건축물,경상남도 양산시 양주마을1길 12-1 (상북면 석계리),,,0,76,0,76,0,블록구조,01000,주택,1,0
경상남도 양산시 상북면 석계리 322-2번지,48330,33021,0,0322,0002,일반건축물,경상남도 양산시 양주마을1길 26-4 (상북면 석계리),,,446,66.1,14.82,87.7,19.66,블록구조,01000,주택,2,0
경상남도 양산시 상북면 석계리 322-15번지,48330,33021,0,0322,0015,일반건축물,경상남도 양산시 양주마을1길 42 (상북면 석계리),,,0,79.3,0,118.9,0,블록구조,01000,주택,2,0
경상남도 양산시 상북면 석계리 322-62번지,48330,33021,0,0322,0062,일반건축물,경상남도 양산시 양주마을1길 30-4 (상북면 석계리),,,0,72.7,0,122.2,0,철근콘크리트구조,01000,주택,2,0
경상남도 양산시 상북면 석계리 322-63번지,48330,33021,0,0322,0063,일반건축물,경상남도 양산시 양주마을1길 30-2 (상북면 석계리),,,0,87.75,0,167.03,0,블록구조,01000,주택,2,1
경상남도 양산시 상북면 석계리 322-66번지,48330,33021,0,0322,0066,일반건축물,경상남도 양산시 양주마을1길 30 (상북면 석계리),,,381,142.91,37.51,142.91,37.51,벽돌구조,01000,단독주택,1,0
경상남도 양산시 상북면 석계리 322-88번지,48330,33021,0,0322,0088,일반건축물,경상남도 양산시 양주마을1길 30-7 (상북면 석계리),,,0,146.28,0,187.86,0,일반목구조,01000,단독주택,1,1
경상남도 양산시 상북면 석계리 322-88번지,48330,33021,0,0322,0088,일반건축물,경상남도 양산시 양주마을1길 30-7 (상북면 석계리),,신축(1동),0,47.05,0,82.2,0,일반목구조,01000,단독주택,2,0
경상남도 양산시 상북면 석계리 322-92번지,48330,33021,0,0322,0092,일반건축물,경상남도 양산시 양주마을1길 30-9 (상북면 석계리),,,0,68.5,0,68.5,0,블록구조,01000,주택,1,0
경상남도 양산시 상북면 석계리 322-104번지,48330,33021,0,0322,0104,일반건축물,경상남도 양산시 양주마을1길 30-5 (상북면 석계리),,,423,98.76,23.35,98.76,23.35,경량철골구조,01000,단독주택,1,0
경상남도 양산시 상북면 석계리 322-108번지,48330,33021,0,0322,0108,일반건축물,경상남도 양산시 양주마을1길 26-2 (상북면 석계리),,,0,79.3,0,79.3,0,블록구조,01000,주택,1,0
경상남도 양산시 상북면 석계리 322-113번지,48330,33021,0,0322,0113,일반건축물,경상남도 양산시 양주마을1길 26-1 (상북면 석계리),,,0,69.4,0,69.4,0,블록구조,01000,주택,1,0
경상남도 양산시 상북면 석계리 322-114번지,48330,33021,0,0322,0114,일반건축물,경상남도 양산시 양주마을1길 26-5 (상북면 석계리),,,211,89.1,42.23,89.1,42.23,경량철골구조,03000,제1종근린생활시설,1,0
경상남도 양산시 상북면 석계리 322-124번지,48330,33021,0,0322,0124,일반건축물,경상남도 양산시 양주마을1길 20 (상북면 석계리),,,0,79.3,0,79.3,0,블록구조,01000,주택,1,0
경상남도 양산시 상북면 석계리 322-131번지,48330,33021,0,0322,0131,일반건축물,경상남도 양산시 양주마을1길 20-4 (상북면 석계리),,,0,85.9,0,142,0,블록구조,01000,주택,2,0
경상남도 양산시 상북면 석계리 322-137번지,48330,33021,0,0322,0137,일반건축물,경상남도 양산시 양주마을1길 20-2 (상북면 석계리),,,0,72.7,0,72.7,0,블록구조,01000,주택,1,0
경상남도 양산시 상북면 석계리 322-140번지,48330,33021,0,0322,0140,일반건축물,경상남도 양산시 양주마을1길 20-3 (상북면 석계리),,가동,514,104.88,20.39,104.8,20.39,블록구조,01000,단독주택,1,0
경상남도 양산시 상북면 석계리 322-140번지,48330,33021,0,0322,0140,일반건축물,경상남도 양산시 양주마을1길 20-3 (상북면 석계리),,나동,514,9,1.75,9,1.75,블록구조,01000,단독주택,1,0
경상남도 양산시 상북면 석계리 322-141번지,48330,33021,0,0322,0141,일반건축물,경상남도 양산시 양주마을1길 20-5 (상북면 석계리),,,0,76,0,125.5,0,블록구조,01000,주택,2,0
경상남도 양산시 상북면 석계리 322-145번지,48330,33021,0,0322,0145,일반건축물,경상남도 양산시 양주마을1길 26 (상북면 석계리),,,0,82.6,0,82.6,0,블록구조,01000,주택,1,0
경상남도 양산시 상북면 석계리 322-146번지,48330,33021,0,0322,0146,일반건축물,경상남도 양산시 양주마을1길 24 (상북면 석계리),,,0,76.03,0,76.03,0,철근콘크리트구조,01000,주택,1,0
경상남도 양산시 상북면 석계리 322-151번지,48330,33021,0,0322,0151,일반건축물,경상남도 양산시 양주마을1길 19 (상북면 석계리),,,478,93.34,19.53,168.24,35.2,벽돌구조,01000,단독주택,2,0
경상남도 양산시 상북면 석계리 322-152번지,48330,33021,0,0322,0152,일반건축물,경상남도 양산시 양주마을1길 30-1 (상북면 석계리),벽란제,,347.5,5.46,1.57,5.46,1.57,경량철골구조,01000,단독주택,1,0
경상남도 양산시 상북면 석계리 322-152번지,48330,33021,0,0322,0152,일반건축물,경상남도 양산시 양주마을1길 30-1 (상북면 석계리),벽란제,,347.5,120.08,34.56,173.28,49.86,블록구조,01000,주택,2,0
경상남도 양산시 상북면 석계리 322-152번지,48330,33021,0,0322,0152,일반건축물,경상남도 양산시 양주마을1길 30-1 (상북면 석계리),벽란제,,347.5,31.06,8.94,31.06,8.94,경량철골구조,01000,단독주택,1,0
경상남도 양산시 상북면 석계리 322-157번지,48330,33021,0,0322,0157,일반건축물,경상남도 양산시 양주마을1길 20-6 (상북면 석계리),,,300,101.98,33.99,150.35,50.12,철근콘크리트구조,01000,단독주택,2,0
경상남도 양산시 상북면 석계리 322-173번지,48330,33021,0,0322,0173,일반건축물,경상남도 양산시 양주마을1길 23 (상북면 석계리),양주새마을회,주1동,201,96.9,48.21,96.9,48.21,철근콘크리트구조,01000,단독주택,1,0
경상남도 양산시 상북면 석계리 323-1번지,48330,33021,0,0323,0001,일반건축물,경상남도 양산시 양주마을1길 52 (상북면 석계리),,,539,135.36,25.11,133.56,24.78,철근콘크리트구조,01000,단독주택,1,0
경상남도 양산시 상북면 석계리 324-8번지,48330,33021,0,0324,0008,일반건축물,경상남도 양산시 양주마을1길 40 (상북면 석계리),,,631.78,127.81,20.23,188.82,29.89,벽돌구조,01000,단독주택,2,0
경상남도 양산시 상북면 석계리 326-1번지,48330,33021,0,0326,0001,일반건축물,경상남도 양산시 양주마을1길 37 (상북면 석계리),,,2098,304.83,14.53,304.83,14.53,조적구조,21000,동물관련시설,1,0
경상남도 양산시 상북면 석계리 332번지,48330,33021,0,0332,0000,일반건축물,,,,0,39.66,0,39.66,0,벽돌구조,04000,사택,1,0
경상남도 양산시 상북면 석계리 349-7번지,48330,33021,0,0349,0007,일반건축물,경상남도 양산시 양주마을1길 68 (상북면 석계리),,,656,84.69,12.91,84.69,12.91,블록구조,01000,단독주택,1,0
경상남도 양산시 상북면 석계리 387-1번지,48330,33021,0,0387,0001,일반건축물,경상남도 양산시 위천1길 48-1 (상북면 석계리),,1동,667,121.8,18.26,212.83,31.91,철근콘크리트구조,03000,"제1종근린생활시설,단독주택",2,0
경상남도 양산시 상북면 석계리 389번지,48330,33021,0,0389,0000,일반건축물,경상남도 양산시 위천1길 48 (상북면 석계리),,,0,59.4,0,59.4,0,블록구조,18000,창고,1,0
경상남도 양산시 상북면 석계리 389번지,48330,33021,0,0389,0000,일반건축물,경상남도 양산시 위천1길 48 (상북면 석계리),,,1461,114.47,7.86,114.47,7.86,조적구조,06000,근린생활시설,1,0
경상남도 양산시 상북면 석계리 399번지,48330,33021,0,0399,0000,일반건축물,경상남도 양산시 위천1길 42 (상북면 석계리),,,394,73.2,18.58,73.2,18.58,블록구조,04000,제2종근린생활시설,1,0
경상남도 양산시 상북면 석계리 406-4번지,48330,33021,0,0406,0004,일반건축물,경상남도 양산시 위천1길 36 (상북면 석계리),,,352,77.22,21.94,74.43,21.14,경량철골구조,01000,단독주택,1,0
경상남도 양산시 상북면 석계리 406-6번지,48330,33021,0,0406,0006,일반건축물,경상남도 양산시 위천1길 32 (상북면 석계리),,,0,49.5,0,49.5,0,일반목구조,01000,주택,1,0
경상남도 양산시 상북면 석계리 444-1번지,48330,33021,0,0444,0001,일반건축물,경상남도 양산시 위천2길 23-1 (상북면 석계리),,,0,90.02,0,122,0,벽돌구조,03000,근린생활시설,2,0
경상남도 양산시 상북면 석계리 444-2번지,48330,33021,0,0444,0002,일반건축물,,,,0,48.4,0,48.4,0,블록구조,01000,주택,1,0
경상남도 양산시 상북면 석계리 444-3번지,48330,33021,0,0444,0003,일반건축물,경상남도 양산시 위천2길 21-1 (상북면 석계리),,,508,98.76,19.44,98.04,19.3,경량철골구조,01000,단독주택,1,0
경상남도 양산시 상북면 석계리 444-20번지,48330,33021,0,0444,0020,일반건축물,경상남도 양산시 위천2길 17 (상북면 석계리),,,0,52.8,0,52.8,0,블록구조,01000,주택,1,0
경상남도 양산시 상북면 석계리 444-22번지,48330,33021,0,0444,0022,일반건축물,경상남도 양산시 위천2길 19 (상북면 석계리),,제1동,420.3,80.6,19.18,126.75,30.16,일반목구조,01000,단독주택,2,0
경상남도 양산시 상북면 석계리 444-23번지,48330,33021,0,0444,0023,일반건축물,경상남도 양산시 위천2길 21 (상북면 석계리),,,365.3,97.7,26.75,97.7,26.75,벽돌구조,01000,단독주택,1,0
경상남도 양산시 상북면 석계리 444-23번지,48330,33021,0,0444,0023,일반건축물,경상남도 양산시 위천2길 21 (상북면 석계리),,,346,28.7,8.29,28.7,8.29,블록구조,01000,단독주택,1,0
경상남도 양산시 상북면 석계리 444-24번지,48330,33021,0,0444,0024,일반건축물,경상남도 양산시 위천2길 21-1 (상북면 석계리),,,221,47.88,21.67,47.88,21.67,경량철골구조,01000,단독주택,1,0
경상남도 양산시 상북면 석계리 444-26번지,48330,33021,0,0444,0026,일반건축물,경상남도 양산시 위천2길 9 (상북면 석계리),,,0,49.5,0,49.5,0,블록구조,01000,주택,1,0
경상남도 양산시 상북면 석계리 444-28번지,48330,33021,0,0444,0028,일반건축물,경상남도 양산시 위천2길 15 (상북면 석계리),,1,396,78.57,19.84,78.57,19.84,조립식판넬조,04000,제2종근린생활시설,1,0
경상남도 양산시 상북면 석계리 444-28번지,48330,33021,0,0444,0028,일반건축물,,,부1동,396,3.91,0.99,3.91,0.99,시멘트블럭조,04000,제2종근린생활시설,1,0
경상남도 양산시 상북면 석계리 446-3번지,48330,33021,0,0446,0003,일반건축물,경상남도 양산시 위천2길 23 (상북면 석계리),,,0,76,0,76,0,블록구조,01000,주택,1,0
경상남도 양산시 상북면 석계리 446-10번지,48330,33021,0,0446,0010,일반건축물,경상남도 양산시 위천1길 27 (상북면 석계리),,,0,56.1,0,56.1,0,일반목구조,01000,주택,1,0
경상남도 양산시 상북면 석계리 446-10번지,48330,33021,0,0446,0010,일반건축물,경상남도 양산시 위천1길 27 (상북면 석계리),,주1동,0,29.7,0,29.7,0,블록구조,01000,주택,1,0
경상남도 양산시 상북면 석계리 446-10번지,48330,33021,0,0446,0010,일반건축물,경상남도 양산시 위천1길 25 (상북면 석계리),,주3동,541,52.8,0,52.8,9.76,블록구조,01000,주택,1,0
경상남도 양산시 상북면 석계리 447-1번지,48330,33021,0,0447,0001,일반건축물,경상남도 양산시 위천1길 27-2 (상북면 석계리),,,0,49.5,0,49.5,0,일반목구조,01000,주택,1,0
경상남도 양산시 상북면 석계리 447-2번지,48330,33021,0,0447,0002,일반건축물,경상남도 양산시 위천1길 31 (상북면 석계리),,,439,85.32,19.84,85.32,19.84,벽돌구조,01000,단독주택,1,0
경상남도 양산시 상북면 석계리 447-3번지,48330,33021,0,0447,0003,일반건축물,경상남도 양산시 위천1길 27-1 (상북면 석계리),,,321,59.5,18.54,59.5,18.54,블록구조,01000,주택,1,0
경상남도 양산시 상북면 석계리 449-2번지,48330,33021,0,0449,0002,일반건축물,경상남도 양산시 위천1길 21 (상북면 석계리),,,334.7,91.96,27.48,88.86,26.55,경량철골구조,01000,단독주택,1,0
경상남도 양산시 상북면 석계리 450-1번지,48330,33021,0,0450,0001,일반건축물,경상남도 양산시 위천2길 25 (상북면 석계리),,,547,66.24,12.11,66.24,12.11,경량철골구조,01000,단독주택,1,0
경상남도 양산시 상북면 석계리 450-3번지,48330,33021,0,0450,0003,일반건축물,,,,0,46.2,0,46.2,0,일반목구조,01000,주택,1,0
경상남도 양산시 상북면 석계리 450-7번지,48330,33021,0,0450,0007,일반건축물,경상남도 양산시 위천1길 19-1 (상북면 석계리),,,0,39.7,0,39.7,0,일반목구조,01000,주택,1,0
경상남도 양산시 상북면 석계리 450-18번지,48330,33021,0,0450,0018,일반건축물,경상남도 양산시 위천1길 19 (상북면 석계리),,,0,170.18,0,170.18,0,블록구조,01000,주택,1,0
경상남도 양산시 상북면 석계리 451-2번지,48330,33021,0,0451,0002,일반건축물,경상남도 양산시 위천1길 15 (상북면 석계리),,,445,149.12,33.51,144.62,32.5,벽돌구조,01000,단독주택,1,0
경상남도 양산시 상북면 석계리 451-3번지,48330,33021,0,0451,0003,일반건축물,경상남도 양산시 위천2길 16 (상북면 석계리),,,758,102.435,13.51,95.4,12.59,벽돌구조,01000,단독주택,1,0
경상남도 양산시 상북면 석계리 453번지,48330,33021,0,0453,0000,일반건축물,경상남도 양산시 위천2길 10 (상북면 석계리),,,249,109.87,44.12,103.87,41.71,벽돌구조,01000,단독주택,1,0
경상남도 양산시 상북면 석계리 462-12번지,48330,33021,0,0462,0012,일반건축물,경상남도 양산시 반회동길 65 (상북면 석계리),,,446,110.82,24.85,106.92,23.97,벽돌구조,01000,단독주택,1,0
경상남도 양산시 상북면 석계리 462-14번지,48330,33021,0,0462,0014,일반건축물,경상남도 양산시 반회동길 61 (상북면 석계리),,,0,128.9,0,128.9,0,블록구조,01000,주택,1,0
경상남도 양산시 상북면 석계리 467-1번지,48330,33021,0,0467,0001,일반건축물,경상남도 양산시 반회동3길 13 (상북면 석계리),,,0,70.85,0,115.06,0,블록구조,01000,주택,2,0
경상남도 양산시 상북면 석계리 468번지,48330,33021,0,0468,0000,일반건축물,경상남도 양산시 반회동2길 16 (상북면 석계리),,,240,135.2,56.33,394.61,164.42,철근콘크리트구조,01000,단독주택(다가구),4,0
경상남도 양산시 상북면 석계리 468-3번지,48330,33021,0,0468,0003,일반건축물,경상남도 양산시 반회동2길 16-1 (상북면 석계리),,,377,198.27,52.59,537.79,142.65,철근콘크리트구조,01000,단독주택,4,0
경상남도 양산시 상북면 석계리 469-10번지,48330,33021,0,0469,0010,일반건축물,경상남도 양산시 반회동2길 10 (상북면 석계리),,,397,97.9,24.66,97.9,24.66,벽돌구조,01000,농가용주택,1,0
경상남도 양산시 상북면 석계리 469-11번지,48330,33021,0,0469,0011,일반건축물,경상남도 양산시 반회동2길 2 (상북면 석계리),양산로컬푸드통합센터,,1890,644.87,34.12,644.87,34.12,일반철골구조,03000,제1종근린생활시설,1,0
경상남도 양산시 상북면 석계리 469-20번지,48330,33021,0,0469,0020,일반건축물,경상남도 양산시 반회동3길 14 (상북면 석계리),,,0,85.13,0,131.09,0,블록구조,01000,주택,2,0
경상남도 양산시 상북면 석계리 469-21번지,48330,33021,0,0469,0021,일반건축물,경상남도 양산시 반회동3길 12 (상북면 석계리),,,512,113.18,22.11,97.98,19.14,철근콘크리트구조,01000,단독주택,1,0
경상남도 양산시 상북면 석계리 474-55번지,48330,33021,0,0474,0055,일반건축물,경상남도 양산시 반회동길 53 (상북면 석계리),,,1237,352.23,28.47,523.89,42.35,철근콘크리트구조,04000,"제2종근린생활시설,단독주택(다가구)",2,0
경상남도 양산시 상북면 석계리 474-74번지,48330,33021,0,0474,0074,일반건축물,,,,0,49.5,0,49.5,0,블록구조,01000,주택,1,0
경상남도 양산시 상북면 석계리 474-91번지,48330,33021,0,0474,0091,일반건축물,경상남도 양산시 위천2길 12 (상북면 석계리),,,658,140.49,21.35,134.79,20.48,벽돌구조,01000,단독주택,1,0
경상남도 양산시 상북면 석계리 475-1번지,48330,33021,0,0475,0001,일반건축물,,,,0,59.5,0,59.5,0,일반목구조,01000,주택,1,0
경상남도 양산시 상북면 석계리 475-5번지,48330,33021,0,0475,0005,일반건축물,경상남도 양산시 위천1길 5-1 (상북면 석계리),,,0,52.89,0,52.89,0,블록구조,01000,주택,1,0
경상남도 양산시 상북면 석계리 475-6번지,48330,33021,0,0475,0006,일반건축물,경상남도 양산시 위천1길 5 (상북면 석계리),,,264,102.57,38.85,98.97,37.49,벽돌구조,01000,단독주택,1,0
경상남도 양산시 상북면 석계리 475-8번지,48330,33021,0,0475,0008,일반건축물,경상남도 양산시 위천1길 9 (상북면 석계리),,,272,104.82,38.54,171.99,63.23,철근콘크리트구조,01000,단독주택,2,0
경상남도 양산시 상북면 석계리 475-13번지,48330,33021,0,0475,0013,일반건축물,경상남도 양산시 위천1길 7 (상북면 석계리),,,0,52.8,0,52.8,0,블록구조,01000,주택,1,0
경상남도 양산시 상북면 석계리 475-19번지,48330,33021,0,0475,0019,일반건축물,경상남도 양산시 위천1길 3-1 (상북면 석계리),,,283,128.15,45.28,211.52,74.74,일반목구조,01000,"단독주택,제2종근린생활시설",2,0
경상남도 양산시 상북면 석계리 475-20번지,48330,33021,0,0475,0020,일반건축물,,,,0,51.33,0,51.33,0,블록구조,01000,주택,1,0
경상남도 양산시 상북면 석계리 475-21번지,48330,33021,0,0475,0021,일반건축물,경상남도 양산시 석계로 105 (상북면 석계리),,B동,0,3,0,3,0,벽돌구조,01000,화장실,1,0
경상남도 양산시 상북면 석계리 475-21번지,48330,33021,0,0475,0021,일반건축물,경상남도 양산시 석계로 105 (상북면 석계리),,,0,23.1,0,23.1,0,일반목구조,01000,주택,1,0
경상남도 양산시 상북면 석계리 475-21번지,48330,33021,0,0475,0021,일반건축물,경상남도 양산시 석계로 105 (상북면 석계리),,A동,0,135.93,0,242.55,0,철근콘크리트구조,04000,"제2종근린생활시설, 단독주택",2,1
경상남도 양산시 상북면 석계리 475-80번지,48330,33021,0,0475,0080,일반건축물,경상남도 양산시 위천1길 11 (상북면 석계리),,,307,122.54,39.92,186.54,60.76,철근콘크리트구조,03000,근린공공시설,2,0
경상남도 양산시 상북면 석계리 477-3번지,48330,33021,0,0477,0003,일반건축물,경상남도 양산시 반회동2길 5 (상북면 석계리),,,416,88.84,21.36,145.4,34.95,철근콘크리트구조,01000,단독주택,2,0
경상남도 양산시 상북면 석계리 477-11번지,48330,33021,0,0477,0011,일반건축물,경상남도 양산시 반회동2길 9 (상북면 석계리),,,0,56.1,0,56.1,0,블록구조,01000,주택,1,0
경상남도 양산시 상북면 석계리 477-12번지,48330,33021,0,0477,0012,일반건축물,경상남도 양산시 반회동2길 6 (상북면 석계리),,,281,91.8,32.67,84.96,30.23,벽돌구조,01000,단독주택,1,0
경상남도 양산시 상북면 석계리 477-19번지,48330,33021,0,0477,0019,일반건축물,경상남도 양산시 반회동2길 7 (상북면 석계리),,,303,101.04,33.35,170.19,56.17,벽돌구조,01000,단독주택,2,0
경상남도 양산시 상북면 석계리 477-22번지,48330,33021,0,0477,0022,일반건축물,경상남도 양산시 반회동2길 8 (상북면 석계리),,,320,157.54,49.23,429.37,134.18,철근콘크리트구조,01000,단독주택,4,0
경상남도 양산시 상북면 석계리 477-25번지,48330,33021,0,0477,0025,일반건축물,경상남도 양산시 반회동2길 12 (상북면 석계리),,,199.37,113.71,57.03,184.92,92.75,철근콘크리트구조,11000,"근린공공시설, 노유자시설",2,0
경상남도 양산시 상북면 석계리 486-11번지,48330,33021,0,0486,0011,일반건축물,경상남도 양산시 반회동길 13 (상북면 석계리),,,363.3,71.7,19.74,136.5,37.57,철근콘크리트구조,04000,제2종근린생활시설,2,0
경상남도 양산시 상북면 석계리 487번지,48330,33021,0,0487,0000,일반건축물,경상남도 양산시 상북중앙로 278 (상북면 석계리),,,6690,1178.19,17.61,1178.19,17.61,철근콘크리트구조,17000,공장,1,0
경상남도 양산시 상북면 석계리 487번지,48330,33021,0,0487,0000,일반건축물,경상남도 양산시 상북중앙로 278 (상북면 석계리),,2동,0,84,0,84,0,경량철골구조,04000,제2종근린생활시설,1,0
경상남도 양산시 상북면 석계리 487번지,48330,33021,0,0487,0000,일반건축물,경상남도 양산시 상북중앙로 278 (상북면 석계리),,,8057,190,2.36,190,2.36,경량철골구조,03000,제1종근린생활시설,1,0
경상남도 양산시 상북면 석계리 489-1번지,48330,33021,0,0489,0001,일반건축물,경상남도 양산시 반회동길 20 (상북면 석계리),,,1343,265.5,19.77,370.5,27.59,철근콘크리트구조,17000,공장,2,0
경상남도 양산시 상북면 석계리 497-5번지,48330,33021,0,0497,0005,일반건축물,경상남도 양산시 반회동2길 11 (상북면 석계리),,,0,142.39,0,142.39,0,블록구조,01000,주택,1,0
경상남도 양산시 상북면 석계리 497-6번지,48330,33021,0,0497,0006,일반건축물,경상남도 양산시 반회동2길 7-1 (상북면 석계리),,,0,82.17,0,82.17,0,벽돌구조,01000,주택,1,0
경상남도 양산시 상북면 석계리 498-1번지,48330,33021,0,0498,0001,일반건축물,경상남도 양산시 상북중앙로 300 (상북면 석계리),,,0,37.21,0,37.21,0,벽돌구조,03000,근린생활시설,1,0
경상남도 양산시 상북면 석계리 498-1번지,48330,33021,0,0498,0001,일반건축물,경상남도 양산시 상북중앙로 300 (상북면 석계리),,,0,26.4,0,26.4,0,일반목구조,01000,주택,1,0
경상남도 양산시 상북면 석계리 500번지,48330,33021,0,0500,0000,일반건축물,경상남도 양산시 상북중앙로 302-1 (상북면 석계리),,,0,0,0,164.15,0,블록구조,03000,"주택, 근린생활시설",1,0
경상남도 양산시 상북면 석계리 502-1번지,48330,33021,0,0502,0001,일반건축물,경상남도 양산시 상북중앙로 306-1 (상북면 석계리),,,0,0,0,225.2,0,블록구조,03000,근린생활시설,2,0
경상남도 양산시 상북면 석계리 502-2번지,48330,33021,0,0502,0002,일반건축물,경상남도 양산시 상북중앙로 304 (상북면 석계리),,,239,80.41,33.64,98.97,41.41,철근콘크리트구조,01000,단독주택,2,0
경상남도 양산시 상북면 석계리 503-2번지,48330,33021,0,0503,0002,일반건축물,경상남도 양산시 상북중앙로 305 (상북면 석계리),,,199.06,116.16,58.35,202.12,101.54,벽돌구조,01000,"주택,제2종근린생활시설",2,0
경상남도 양산시 상북면 석계리 503-4번지,48330,33021,0,0503,0004,표제부,경상남도 양산시 상북중앙로 303 (상북면 석계리),석계국민주택,,0,650.44,0,3053.12,0,철근콘크리트구조,02000,공동주택,5,0
경상남도 양산시 상북면 석계리 505번지,48330,33021,0,0505,0000,표제부,경상남도 양산시 반회서1길 6 (상북면 석계리),,경로당,0,59.24,0,75,0,철근콘크리트구조,02000,공동주택(경로당),2,0
경상남도 양산시 상북면 석계리 505번지,48330,33021,0,0505,0000,표제부,경상남도 양산시 반회서1길 6 (상북면 석계리),석계한영아파트,101동,0,543.83,0,4963.35,0,철근콘크리트구조,02000,공동주택,9,1
경상남도 양산시 상북면 석계리 505번지,48330,33021,0,0505,0000,표제부,경상남도 양산시 상북중앙로 297 (상북면 석계리),석계한영아파트상가,,0,232.83,0,458.95,0,철근콘크리트구조,03000,판매시설,2,0
경상남도 양산시 상북면 석계리 505번지,48330,33021,0,0505,0000,표제부,경상남도 양산시 반회서1길 6 (상북면 석계리),석계한영아파트,102동,0,706.6,0,9627.87,0,철근콘크리트구조,02000,공동주택,15,1
경상남도 양산시 상북면 석계리 516번지,48330,33021,0,0516,0000,일반건축물,경상남도 양산시 상북중앙로 299-3 (상북면 석계리),,,0,59.5,0,59.5,0,블록구조,01000,주택,1,0
경상남도 양산시 상북면 석계리 518번지,48330,33021,0,0518,0000,일반건축물,경상남도 양산시 상북중앙로 299-2 (상북면 석계리),,,0,66.1,0,66.1,0,블록구조,01000,주택,1,0
경상남도 양산시 상북면 석계리 521번지,48330,33021,0,0521,0000,일반건축물,경상남도 양산시 아랫반회길 14-2 (상북면 석계리),,,0,49.5,0,49.5,0,블록구조,01000,주택,1,0
경상남도 양산시 상북면 석계리 522-2번지,48330,33021,0,0522,0002,일반건축물,경상남도 양산시 아랫반회길 14 (상북면 석계리),,,852.8964,42.9,5.03,42.9,5.03,블록구조,01000,주택,1,0
경상남도 양산시 상북면 석계리 522-3번지,48330,33021,0,0522,0003,일반건축물,경상남도 양산시 아랫반회길 11 (상북면 석계리),,,210,61.18,29.13,61.18,29.13,경량철골구조,01000,단독주택,1,0
경상남도 양산시 상북면 석계리 523-2번지,48330,33021,0,0523,0002,일반건축물,경상남도 양산시 아랫반회길 8-1 (상북면 석계리),,,359.9,100.98,28.06,96.48,26.81,벽돌구조,01000,단독주택,1,0
경상남도 양산시 상북면 석계리 524번지,48330,33021,0,0524,0000,일반건축물,경상남도 양산시 아랫반회길 13-3 (상북면 석계리),,,0,59.5,0,59.5,0,블록구조,01000,주택,1,0
경상남도 양산시 상북면 석계리 525번지,48330,33021,0,0525,0000,일반건축물,경상남도 양산시 아랫반회길 13 (상북면 석계리),,,0,16.5,0,16.5,0,일반목구조,01000,주택,1,0
경상남도 양산시 상북면 석계리 526번지,48330,33021,0,0526,0000,일반건축물,경상남도 양산시 아랫반회길 13-1 (상북면 석계리),,,654.5484,125.4,19.16,125.4,19.16,블록구조,01000,주택,1,0
경상남도 양산시 상북면 석계리 527번지,48330,33021,0,0527,0000,일반건축물,경상남도 양산시 아랫반회길 13-2 (상북면 석계리),,,585.1266,52.8,9.02,52.8,9.02,일반목구조,01000,주택,1,0
경상남도 양산시 상북면 석계리 529-1번지,48330,33021,0,0529,0001,일반건축물,경상남도 양산시 양산대로 1624 (상북면 석계리),,,391,99,25.32,99,25.32,블록구조,04000,제2종근린생활시설,1,0
경상남도 양산시 상북면 석계리 529-2번지,48330,33021,0,0529,0002,일반건축물,경상남도 양산시 양산대로 1620 (상북면 석계리),,,1190,215.2,18.08,215.2,18.08,철근콘크리트구조,04000,제2종근린생활시설,1,0
경상남도 양산시 상북면 석계리 529-3번지,48330,33021,0,0529,0003,일반건축물,경상남도 양산시 반회서1길 20-40 (상북면 석계리),,제1동,331,196.56,59.38,196.56,59.38,일반철골구조,03000,제1종근린생활시설,1,0
경상남도 양산시 상북면 석계리 529-4번지,48330,33021,0,0529,0004,일반건축물,경상남도 양산시 반회서1길 20-38 (상북면 석계리),,제1동,331,196.11,59.25,196.11,59.25,일반철골구조,03000,제1종근린생활시설,1,0
경상남도 양산시 상북면 석계리 529-5번지,48330,33021,0,0529,0005,일반건축물,경상남도 양산시 반회서1길 20-36 (상북면 석계리),,,354,198.42,56.05,231.7,65.45,일반철골구조,04000,제2종근린생활시설,2,0
경상남도 양산시 상북면 석계리 529-8번지,48330,33021,0,0529,0008,일반건축물,경상남도 양산시 양산대로 1622 (상북면 석계리),,,781.5,203.95,26.1,292.99,37.49,벽돌구조,04000,"근린생활시설(일반음식점), 주택",2,0
경상남도 양산시 상북면 석계리 532번지,48330,33021,0,0532,0000,일반건축물,경상남도 양산시 아랫반회길 6 (상북면 석계리),,,0,0,0,104.54,0,블록구조,01000,주택,1,0
경상남도 양산시 상북면 석계리 533번지,48330,33021,0,0533,0000,일반건축물,경상남도 양산시 아랫반회길 6-1 (상북면 석계리),,,171.76,87.9,51.18,156.48,91.1,벽돌구조,01000,"단독주택,제2종근린생활시설",2,0
경상남도 양산시 상북면 석계리 536번지,48330,33021,0,0536,0000,일반건축물,경상남도 양산시 아랫반회길 1 (상북면 석계리),,,304,169.5,55.76,293.64,96.59,일반철골구조,04000,"제2종근린생활시설,단독주택",2,0
경상남도 양산시 상북면 석계리 539-1번지,48330,33021,0,0539,0001,일반건축물,경상남도 양산시 양산대로 1612 (상북면 석계리),,,272,38.73,14.24,38.73,14.24,철근콘크리트구조,04000,제2종근린생활시설,1,0
경상남도 양산시 상북면 석계리 539-2번지,48330,33021,0,0539,0002,일반건축물,경상남도 양산시 양산대로 1610 (상북면 석계리),,,401,234.41,58.46,880.64,219.61,철근콘크리트구조,03000,"제1,2종근린생활시설,단독주택",4,0
경상남도 양산시 상북면 석계리 540-1번지,48330,33021,0,0540,0001,일반건축물,경상남도 양산시 반회서2길 22 (상북면 석계리),,,479,49.8,10.4,49.8,10.4,블록구조,04000,제2종근린생활시설,1,0
경상남도 양산시 상북면 석계리 541-2번지,48330,33021,0,0541,0002,일반건축물,경상남도 양산시 반회서1길 20-20 (상북면 석계리),,,1055,164.05,15.55,164.05,15.55,철근콘크리트구조,04000,제2종근린생활시설,1,0
경상남도 양산시 상북면 석계리 541-7번지,48330,33021,0,0541,0007,일반건축물,경상남도 양산시 반회서1길 16 (상북면 석계리),,2동,0,104.5,0,104.5,0,일반철골구조,04000,제2종근린생활시설,1,0
경상남도 양산시 상북면 석계리 541-7번지,48330,33021,0,0541,0007,일반건축물,경상남도 양산시 반회서1길 16 (상북면 석계리),,3동,0,130,0,130,0,일반철골구조,03000,제1종근린생활시설,1,0
경상남도 양산시 상북면 석계리 541-7번지,48330,33021,0,0541,0007,일반건축물,경상남도 양산시 반회서1길 16 (상북면 석계리),,1동,0,88.76,0,88.76,0,경량철골구조,01000,단독주택,1,0
경상남도 양산시 상북면 석계리 541-14번지,48330,33021,0,0541,0014,일반건축물,경상남도 양산시 반회서1길 20-12 (상북면 석계리),,,0,6.75,0,6.75,0,블록구조,03000,제1종근린생활시설,1,0
경상남도 양산시 상북면 석계리 541-14번지,48330,33021,0,0541,0014,일반건축물,경상남도 양산시 반회서1길 20-12 (상북면 석계리),,,859,222.11,25.86,347.14,40.41,철근콘크리트구조,01000,"제1종근린생활시설,단독주택",2,0
경상남도 양산시 상북면 석계리 541-15번지,48330,33021,0,0541,0015,일반건축물,경상남도 양산시 반회서1길 20 (상북면 석계리),,,571,142,24.87,234,40.98,일반목구조,04000,제2종근린생활시설,2,0
경상남도 양산시 상북면 석계리 548번지,48330,33021,0,0548,0000,일반건축물,,,,0,33,0,33,0,블록구조,18000,창고,1,0
경상남도 양산시 상북면 석계리 551-1번지,48330,33021,0,0551,0001,일반건축물,경상남도 양산시 양산대로 1608 (상북면 석계리),,,1031,558.28,54.15,1637.32,158.81,철근콘크리트구조,03000,"제2종근린생활시설,제1종근린생활시설",3,0
경상남도 양산시 상북면 석계리 564-1번지,48330,33021,0,0564,0001,일반건축물,경상남도 양산시 상북중앙로 257 (상북면 석계리),,,627,83.01,13.24,83.01,13.24,벽돌구조,04000,제2종근린생활시설,1,0
경상남도 양산시 상북면 석계리 570-1번지,48330,33021,0,0570,0001,일반건축물,경상남도 양산시 양산대로 1567 (상북면 석계리),,2동,0,48.84,0,48.84,0,경량철골구조,19000,위험물저장및처리시설,1,0
경상남도 양산시 상북면 석계리 570-1번지,48330,33021,0,0570,0001,일반건축물,경상남도 양산시 양산대로 1567 (상북면 석계리),,4동,0,42.3,0,42.3,0,일반목구조,03000,제1종근린생활시설,1,0
경상남도 양산시 상북면 석계리 570-1번지,48330,33021,0,0570,0001,일반건축물,경상남도 양산시 양산대로 1567 (상북면 석계리),,3동,0,40,0,40,0,일반철골구조,19000,위험물저장및처리시설,1,0
경상남도 양산시 상북면 석계리 570-1번지,48330,33021,0,0570,0001,일반건축물,경상남도 양산시 양산대로 1567 (상북면 석계리),,1동,0,96.67,0,183.41,0,벽돌구조,19000,제2종근린생활시설,3,0
경상남도 양산시 상북면 석계리 573-2번지,48330,33021,0,0573,0002,일반건축물,경상남도 양산시 양산대로 1545 (상북면 석계리),,B동,0,76,0,76,0,철근콘크리트구조,19000,위험물저장및처리시설,1,0
경상남도 양산시 상북면 석계리 573-2번지,48330,33021,0,0573,0002,일반건축물,경상남도 양산시 양산대로 1545 (상북면 석계리),,A동,0,250.25,0,365.95,0,철근콘크리트구조,19000,"위험물저장및처리시설,근린생활시설",2,0
경상남도 양산시 상북면 석계리 573-2번지,48330,33021,0,0573,0002,일반건축물,경상남도 양산시 양산대로 1545 (상북면 석계리),,C동,0,63,0,63,0,경량철골구조,19000,세차장,1,0
경상남도 양산시 상북면 석계리 576-1번지,48330,33021,0,0576,0001,일반건축물,경상남도 양산시 양산대로 1557 (상북면 석계리),,,990,96,9.7,96,9.7,경량철골구조,03000,제1종근린생활시설,1,0
경상남도 양산시 상북면 석계리 576-5번지,48330,33021,0,0576,0005,일반건축물,경상남도 양산시 양산대로 1541 (상북면 석계리),,,812,161.24,19.86,644.96,79.43,철골콘크리트구조,04000,"근린생활시설,창고",4,0
경상남도 양산시 상북면 석계리 578-2번지,48330,33021,0,0578,0002,일반건축물,경상남도 양산시 양산대로 1537 (상북면 석계리),,,1724,341.22,19.79,828.62,48.06,철근콘크리트구조,03000,"제1종근린생활시설,단독주택",3,0
경상남도 양산시 상북면 석계리 578-6번지,48330,33021,0,0578,0006,일반건축물,경상남도 양산시 양산대로 1535 (상북면 석계리),,1동,228,65.1,28.55,65.1,28.55,경량철골구조,03000,제1종근린생활시설,1,0
경상남도 양산시 상북면 석계리 578-11번지,48330,33021,0,0578,0011,일반건축물,경상남도 양산시 양산대로 1531 (상북면 석계리),,1동,1110,218,19.64,426,38.38,철근콘크리트구조,04000,제2종근린생활시설,2,0
경상남도 양산시 상북면 석계리 601번지,48330,33021,0,0601,0000,일반건축물,경상남도 양산시 상북중앙로 256 (상북면 석계리),,제1동,0,261,0,261,0,일반철골구조,04000,제2종근린생활시설,1,0
경상남도 양산시 상북면 석계리 601번지,48330,33021,0,0601,0000,일반건축물,경상남도 양산시 상북중앙로 256 (상북면 석계리),,제2동,0,151.2,0,151.2,0,일반철골구조,04000,제2종근린생활시설,1,0
경상남도 양산시 상북면 석계리 603-1번지,48330,33021,0,0603,0001,일반건축물,경상남도 양산시 석계산단로 23 (상북면 석계리),,제1동,1818,353.2,19.43,694.9,38.22,일반철골구조,13000,운동시설,2,0
경상남도 양산시 상북면 석계리 616-24번지,48330,33021,0,0616,0024,일반건축물,경상남도 양산시 위천들길 67 (상북면 석계리),,,287,151.58,52.82,144.85,50.47,경량철골구조,01000,단독주택,1,0
경상남도 양산시 상북면 석계리 616-47번지,48330,33021,0,0616,0047,일반건축물,경상남도 양산시 석계로 109 (상북면 석계리),,,660,112.32,17.02,112.32,17.02,경량철골구조,18000,창고시설,1,0
경상남도 양산시 상북면 석계리 616-112번지,48330,33021,0,0616,0112,일반건축물,경상남도 양산시 구소석길 88 (상북면 석계리),,제1동,1578,308.1,19.52,308.1,19.52,일반철골구조,04000,제2종근린생활시설,1,0
경상남도 양산시 상북면 석계리 616-247번지,48330,33021,0,0616,0247,일반건축물,경상남도 양산시 석계로 159 (상북면 석계리),진양축산,,2647,494,18.66,494,18.66,일반철골구조,04000,제2종근린생활시설,1,0
경상남도 양산시 상북면 석계리 616-287번지,48330,33021,0,0616,0287,일반건축물,경상남도 양산시 구소석길 88-10 (상북면 석계리),,,1100,4.5,0.41,4.5,0.41,경량철골구조,04000,제2종근린생활시설,1,0
경상남도 양산시 상북면 석계리 616-287번지,48330,33021,0,0616,0287,일반건축물,경상남도 양산시 구소석길 88-10 (상북면 석계리),,,1100,219.92,19.99,367.05,33.37,철근콘크리트구조,04000,제2종근린생활시설,2,0
경상남도 양산시 상북면 석계리 616-310번지,48330,33021,0,0616,0310,일반건축물,경상남도 양산시 구소석길 84 (상북면 석계리),,,1544,308.1,19.95,308.1,19.95,일반철골구조,04000,제2종근린생활시설,1,0
경상남도 양산시 상북면 석계리 616-313번지,48330,33021,0,0616,0313,일반건축물,경상남도 양산시 위천들길 70 (상북면 석계리),,제1동,132,37.08,28.09,37.08,28.09,경량철골구조,04000,제2종근린생활시설,1,0
경상남도 양산시 상북면 석계리 617번지,48330,33021,0,0617,0000,일반건축물,경상남도 양산시 위천들길 36 (상북면 석계리),,,991,193.92,19.57,496.34,46.43,철근콘크리트구조,06000,종교시설,3,1
경상남도 양산시 상북면 석계리 617-9번지,48330,33021,0,0617,0009,일반건축물,경상남도 양산시 위천들길 40 (상북면 석계리),,,906,179.41,19.8,179.41,19.8,경량철골구조,04000,제2종근린생활시설,1,0
경상남도 양산시 상북면 석계리 618-14번지,48330,33021,0,0618,0014,일반건축물,경상남도 양산시 위천들길 62 (상북면 석계리),,B동,0,209.75,0,259.15,0,일반철골구조,04000,제2종근린생활시설,2,0
경상남도 양산시 상북면 석계리 618-14번지,48330,33021,0,0618,0014,일반건축물,경상남도 양산시 위천들길 62 (상북면 석계리),,A동,0,118.8,0,118.8,0,경량철골구조,04000,제2종근린생활시설,1,0
경상남도 양산시 상북면 석계리 618-17번지,48330,33021,0,0618,0017,일반건축물,경상남도 양산시 위천들길 50 (상북면 석계리),,,578,99.19,17.16,93.99,16.26,벽돌구조,01000,농가용주택,1,0
경상남도 양산시 상북면 석계리 618-18번지,48330,33021,0,0618,0018,일반건축물,경상남도 양산시 위천들길 48 (상북면 석계리),,A동,443,86.74,19.58,173.48,39.16,경량철골구조,03000,제1종근린생활시설,2,0
경상남도 양산시 상북면 석계리 618-24번지,48330,33021,0,0618,0024,일반건축물,경상남도 양산시 위천들길 54 (상북면 석계리),,1동,354,70.26,19.85,70.26,19.85,경량철골구조,01000,단독주택,1,0
경상남도 양산시 상북면 석계리 618-29번지,48330,33021,0,0618,0029,일반건축물,경상남도 양산시 위천들길 50 (상북면 석계리),,,723,64,8.85,64,8.85,경량철골구조,18000,창고시설,1,0
경상남도 양산시 상북면 석계리 633번지,48330,33021,0,0633,0000,일반건축물,경상남도 양산시 위천들길 30 (상북면 석계리),,,0,67.78,0,67.78,0,블록구조,01000,주택,1,0
경상남도 양산시 상북면 석계리 634번지,48330,33021,0,0634,0000,일반건축물,경상남도 양산시 위천들길 20 (상북면 석계리),,,0,3,0,3,0,블록구조,01000,창고,1,0
경상남도 양산시 상북면 석계리 634번지,48330,33021,0,0634,0000,일반건축물,경상남도 양산시 위천들길 20 (상북면 석계리),,,519,74.88,14.43,74.88,14.43,블록구조,01000,단독주택,1,0
경상남도 양산시 상북면 석계리 641번지,48330,33021,0,0641,0000,일반건축물,경상남도 양산시 구소석5길 21-29 (상북면 석계리),,,765,182,23.79,182,23.79,강파이프구조,18000,창고시설,1,0
경상남도 양산시 상북면 석계리 642번지,48330,33021,0,0642,0000,일반건축물,,,,0,60.95,0,60.95,0,블록구조,01000,주택,1,0
경상남도 양산시 상북면 석계리 727-1번지,48330,33021,0,0727,0001,일반건축물,경상남도 양산시 구소석3길 39 (상북면 석계리),,3동,0,104,0,104,0,철근콘크리트구조,04000,제2종근린생활시설,1,0
경상남도 양산시 상북면 석계리 727-1번지,48330,33021,0,0727,0001,일반건축물,경상남도 양산시 구소석3길 39 (상북면 석계리),,1동,0,95.61,0,77.81,0,일반목구조,04000,제2종근린생활시설,1,0
경상남도 양산시 상북면 석계리 727-1번지,48330,33021,0,0727,0001,일반건축물,경상남도 양산시 구소석3길 39 (상북면 석계리),,4동,1275,6.5,0.51,6.5,0.51,일반목구조,04000,제2종근린생활시설,1,0
경상남도 양산시 상북면 석계리 727-1번지,48330,33021,0,0727,0001,일반건축물,경상남도 양산시 구소석3길 39 (상북면 석계리),,5동,1275,3.99,0.31,3.99,0.31,일반목구조,04000,제2종근린생활시설,1,0
경상남도 양산시 상북면 석계리 727-1번지,48330,33021,0,0727,0001,일반건축물,경상남도 양산시 구소석3길 39 (상북면 석계리),,2동,0,35.2,0,35.2,0,일반목구조,04000,제2종근린생활시설,1,0
경상남도 양산시 상북면 석계리 733-1번지,48330,33021,0,0733,0001,일반건축물,경상남도 양산시 구소석3길 32 (상북면 석계리),,,1082,54.9,5.07,54.9,5.07,경량철골구조,01000,단독주택,1,0
경상남도 양산시 상북면 석계리 735-4번지,48330,33021,0,0735,0004,일반건축물,경상남도 양산시 구소석3길 35 (상북면 석계리),,3동,971,6,0.6,6,0.62,일반목구조,01000,단독주택,1,0
경상남도 양산시 상북면 석계리 735-4번지,48330,33021,0,0735,0004,일반건축물,경상남도 양산시 구소석3길 35 (상북면 석계리),,,971,159.28,16.4,198.62,20.46,철근콘크리트구조,01000,단독주택,2,0
경상남도 양산시 상북면 석계리 735-4번지,48330,33021,0,0735,0004,일반건축물,경상남도 양산시 구소석3길 35 (상북면 석계리),,2동,971,23.76,2.4,23.76,2.45,일반목구조,01000,단독주택,1,0
경상남도 양산시 상북면 석계리 735-6번지,48330,33021,0,0735,0006,일반건축물,경상남도 양산시 구소석3길 31 (상북면 석계리),,,676,132.42,19.59,224.84,26.43,철근콘크리트구조,01000,단독주택,2,1
경상남도 양산시 상북면 석계리 738-2번지,48330,33021,0,0738,0002,일반건축물,경상남도 양산시 구소석3길 25-15 (상북면 석계리),,,713,129.84,18.21,151.84,21.3,경량철골구조,04000,"단독주택,제2종근린생활시설",1,0
경상남도 양산시 상북면 석계리 738-2번지,48330,33021,0,0738,0002,일반건축물,경상남도 양산시 구소석3길 25-15 (상북면 석계리),,,0,24,0,48,0,경량철골구조,01000,단독주택,2,0
경상남도 양산시 상북면 석계리 741-1번지,48330,33021,0,0741,0001,일반건축물,경상남도 양산시 구소석3길 25-4 (상북면 석계리),,,438,84,19.18,168,38.36,경량철골구조,18000,창고시설 및 제2종근린생활시설,2,0
경상남도 양산시 상북면 석계리 764-1번지,48330,33021,0,0764,0001,일반건축물,경상남도 양산시 구소석3길 11 (상북면 석계리),,,343,68.38,19.94,65.06,18.97,벽돌구조,01000,단독주택,1,0
경상남도 양산시 상북면 석계리 766-1번지,48330,33021,0,0766,0001,일반건축물,경상남도 양산시 구소석3길 12 (상북면 석계리),,,0,99.36,0,99.36,0,블록구조,21000,축사,1,0
경상남도 양산시 상북면 석계리 767번지,48330,33021,0,0767,0000,일반건축물,경상남도 양산시 구소석3길 10 (상북면 석계리),,,1206,332.2,27.55,332.2,27.55,일반철골구조,04000,제2종근린생활시설,1,0
경상남도 양산시 상북면 석계리 771-1번지,48330,33021,0,0771,0001,일반건축물,경상남도 양산시 구소석길 42-1 (상북면 석계리),,,1309,182.7,13.96,182.7,13.96,강파이프구조,21000,동물관련시설,1,0
경상남도 양산시 상북면 석계리 774번지,48330,33021,0,0774,0000,일반건축물,경상남도 양산시 구소석2길 6 (상북면 석계리),,,0,50,0,50,0,블록구조,01000,주택,1,0
경상남도 양산시 상북면 석계리 776-2번지,48330,33021,0,0776,0002,일반건축물,경상남도 양산시 구소석2길 6-1 (상북면 석계리),,,231.406,16.5,7.13,16.5,7.13,블록구조,01000,주택,1,0
경상남도 양산시 상북면 석계리 778-1번지,48330,33021,0,0778,0001,일반건축물,경상남도 양산시 구소석3길 7 (상북면 석계리),,,370,73.2,19.78,73.2,19.78,벽돌구조,01000,단독주택,1,0
경상남도 양산시 상북면 석계리 779번지,48330,33021,0,0779,0000,일반건축물,경상남도 양산시 구소석2길 6-2 (상북면 석계리),,,284,60.08,21.15,60.08,21.15,벽돌구조,01000,단독주택,1,0
경상남도 양산시 상북면 석계리 788번지,48330,33021,0,0788,0000,일반건축물,경상남도 양산시 구소석2길 24 (상북면 석계리),,제1동,244,101.94,41.78,119.64,49.03,철근콘크리트구조,04000,제2종근린생활시설,2,0
경상남도 양산시 상북면 석계리 805번지,48330,33021,0,0805,0000,일반건축물,,,,0,76,0,76,0,일반목구조,01000,주택,1,0
경상남도 양산시 상북면 석계리 822번지,48330,33021,0,0822,0000,일반건축물,경상남도 양산시 구소석2길 27 (상북면 석계리),,,409.9192,69.4,16.93,69.4,16.93,일반목구조,01000,주택,1,0
경상남도 양산시 상북면 석계리 823번지,48330,33021,0,0823,0000,일반건축물,경상남도 양산시 구소석2길 25 (상북면 석계리),,,579,119.29,20.6,119.29,20.6,일반목구조,01000,단독주택,1,0
경상남도 양산시 상북면 석계리 824번지,48330,33021,0,0824,0000,일반건축물,경상남도 양산시 구소석2길 21 (상북면 석계리),,,234.7118,36.4,0,36.4,0,일반목구조,01000,주택,1,0
경상남도 양산시 상북면 석계리 824번지,48330,33021,0,0824,0000,일반건축물,경상남도 양산시 구소석2길 21 (상북면 석계리),,,0,161.7,0,161.7,0,일반목구조,01000,주택,1,0
경상남도 양산시 상북면 석계리 824-1번지,48330,33021,0,0824,0001,일반건축물,경상남도 양산시 구소석2길 21 (상북면 석계리),,,624,34.6,5.54,34.6,5.54,경량철골구조,04000,제2종근린생활시설,1,0
경상남도 양산시 상북면 석계리 827-2번지,48330,33021,0,0827,0002,일반건축물,경상남도 양산시 구소석2길 19 (상북면 석계리),,제1동,293,113.03,38.58,198.66,67.8,일반철골구조,03000,제1종근린생활시설,2,0
경상남도 양산시 상북면 석계리 829번지,48330,33021,0,0829,0000,일반건축물,경상남도 양산시 구소석4길 29 (상북면 석계리),,,152.0668,79.3,52.15,79.3,52.15,일반목구조,01000,주택,1,0
경상남도 양산시 상북면 석계리 830번지,48330,33021,0,0830,0000,일반건축물,경상남도 양산시 구소석2길 17 (상북면 석계리),,,400,174.6,43.65,174.6,43.65,경량철골구조,18000,농업용창고,1,0
경상남도 양산시 상북면 석계리 831-1번지,48330,33021,0,0831,0001,일반건축물,경상남도 양산시 구소석2길 15 (상북면 석계리),,,245,83.6,34.12,83.6,34.12,경량철골구조,04000,제2종근린생활시설,1,0
경상남도 양산시 상북면 석계리 831-2번지,48330,33021,0,0831,0002,일반건축물,경상남도 양산시 구소석2길 13 (상북면 석계리),,,0,59.5,0,59.5,0,블록구조,01000,주택,1,0
경상남도 양산시 상북면 석계리 832번지,48330,33021,0,0832,0000,일반건축물,경상남도 양산시 구소석2길 11 (상북면 석계리),,,343,65,18.95,99.89,29.12,일반목구조,01000,단독주택,2,0
경상남도 양산시 상북면 석계리 837번지,48330,33021,0,0837,0000,일반건축물,경상남도 양산시 구소석4길 23 (상북면 석계리),,,885.9544,23.1,2.61,23.1,2.61,일반목구조,01000,주택,1,0
경상남도 양산시 상북면 석계리 838번지,48330,33021,0,0838,0000,일반건축물,경상남도 양산시 구소석4길 19 (상북면 석계리),,,360.3322,36.4,10.1,36.4,10.1,일반목구조,01000,주택,1,0
경상남도 양산시 상북면 석계리 839번지,48330,33021,0,0839,0000,일반건축물,경상남도 양산시 구소석4길 13 (상북면 석계리),,,330.58,49.5,14.97,49.5,14.97,일반목구조,01000,주택,1,0
경상남도 양산시 상북면 석계리 841번지,48330,33021,0,0841,0000,일반건축물,경상남도 양산시 구소석4길 25 (상북면 석계리),,,403,97.17,24.11,91.05,22.59,경량철골구조,01000,단독주택,1,0
경상남도 양산시 상북면 석계리 842-2번지,48330,33021,0,0842,0002,일반건축물,경상남도 양산시 구소석4길 27 (상북면 석계리),,,883,137.15,15.53,137.15,15.53,블록구조,01000,단독주택,1,0
경상남도 양산시 상북면 석계리 842-2번지,48330,33021,0,0842,0002,일반건축물,경상남도 양산시 구소석4길 27 (상북면 석계리),,,883,4.2,0.48,4.2,0.48,블록구조,01000,단독주택,1,0
경상남도 양산시 상북면 석계리 843번지,48330,33021,0,0843,0000,일반건축물,경상남도 양산시 구소석4길 11-1 (상북면 석계리),,,0,45,0,45,0,경량철골구조,01000,"단독주택(차고,창고)",1,0
경상남도 양산시 상북면 석계리 843번지,48330,33021,0,0843,0000,일반건축물,경상남도 양산시 구소석4길 11-1 (상북면 석계리),,,747,157.5,21.08,162,21.69,일반철골구조,01000,단독주택,2,0
경상남도 양산시 상북면 석계리 864번지,48330,33021,0,0864,0000,일반건축물,경상남도 양산시 구소석5길 10 (상북면 석계리),,,875,145.21,16.6,203.24,23.23,일반철골구조,01000,단독주택,2,0
경상남도 양산시 상북면 석계리 864번지,48330,33021,0,0864,0000,일반건축물,경상남도 양산시 구소석5길 10 (상북면 석계리),,,0,29.75,0,29.75,0,일반목구조,01000,단독주택,1,0
경상남도 양산시 상북면 석계리 870-2번지,48330,33021,0,0870,0002,일반건축물,경상남도 양산시 구소석4길 11 (상북면 석계리),,,307,81,26.38,81,26.38,경량철골구조,01000,단독주택,1,0
경상남도 양산시 상북면 석계리 871번지,48330,33021,0,0871,0000,일반건축물,경상남도 양산시 구소석4길 16-1 (상북면 석계리),,,303,104.58,34.52,99.18,32.73,벽돌구조,01000,농가용주택,1,0
경상남도 양산시 상북면 석계리 871-1번지,48330,33021,0,0871,0001,일반건축물,경상남도 양산시 구소석4길 12 (상북면 석계리),,,0,66.97,0,66.97,0,블록구조,01000,주택,1,0
경상남도 양산시 상북면 석계리 872번지,48330,33021,0,0872,0000,일반건축물,경상남도 양산시 구소석4길 16 (상북면 석계리),,,214.877,39.6,18.43,39.6,18.43,일반목구조,01000,주택,1,0
경상남도 양산시 상북면 석계리 873-1번지,48330,33021,0,0873,0001,일반건축물,경상남도 양산시 구소석2길 9 (상북면 석계리),,,0,59.5,0,59.5,0,블록구조,01000,주택,1,0
경상남도 양산시 상북면 석계리 873-2번지,48330,33021,0,0873,0002,일반건축물,경상남도 양산시 구소석4길 19 (상북면 석계리),,,588.4324,29.7,5.05,29.7,5.05,일반목구조,01000,주택,1,0
경상남도 양산시 상북면 석계리 873-5번지,48330,33021,0,0873,0005,일반건축물,경상남도 양산시 구소석4길 18 (상북면 석계리),,1동,330,78,23.64,78,23.64,경량철골구조,01000,단독주택,1,0
경상남도 양산시 상북면 석계리 873-6번지,48330,33021,0,0873,0006,일반건축물,경상남도 양산시 구소석2길 7 (상북면 석계리),,,0,54.45,0,54.45,0,블록구조,01000,주택,1,0
경상남도 양산시 상북면 석계리 875번지,48330,33021,0,0875,0000,일반건축물,경상남도 양산시 구소석4길 2 (상북면 석계리),,,323.9684,52.8,16.3,52.8,16.3,일반목구조,01000,주택,1,0
경상남도 양산시 상북면 석계리 876-1번지,48330,33021,0,0876,0001,일반건축물,경상남도 양산시 구소석길 50 (상북면 석계리),,,0,56.1,0,56.1,0,일반목구조,01000,주택,1,0
경상남도 양산시 상북면 석계리 877번지,48330,33021,0,0877,0000,일반건축물,경상남도 양산시 구소석4길 2-1 (상북면 석계리),,,610.07,106.65,17.48,99.45,16.3,벽돌구조,01000,단독주택,1,0
경상남도 양산시 상북면 석계리 878번지,48330,33021,0,0878,0000,일반건축물,경상남도 양산시 구소석4길 5-1 (상북면 석계리),,,342,92,26.9,84.65,24.75,경량철골구조,01000,단독주택,1,0
경상남도 양산시 상북면 석계리 879번지,48330,33021,0,0879,0000,일반건축물,경상남도 양산시 구소석4길 5 (상북면 석계리),,,297.522,49.6,16.67,49.6,16.67,일반목구조,01000,주택,1,0
경상남도 양산시 상북면 석계리 880번지,48330,33021,0,0880,0000,일반건축물,경상남도 양산시 구소석4길 3 (상북면 석계리),,,290.9104,56.2,19.32,56.2,19.32,일반목구조,01000,주택,1,0
경상남도 양산시 상북면 석계리 882번지,48330,33021,0,0882,0000,일반건축물,경상남도 양산시 구소석길 54 (상북면 석계리),,,327,64.79,19.81,64.79,19.81,블록구조,01000,단독주택,1,0
경상남도 양산시 상북면 석계리 882번지,48330,33021,0,0882,0000,일반건축물,경상남도 양산시 구소석길 54 (상북면 석계리),,,0,9.9,0,9.9,0,일반목구조,01000,주택,1,0
경상남도 양산시 상북면 석계리 884번지,48330,33021,0,0884,0000,일반건축물,,,,0,56.1,0,56.1,0,일반목구조,01000,주택,1,0
경상남도 양산시 상북면 석계리 884-1번지,48330,33021,0,0884,0001,일반건축물,경상남도 양산시 구소석길 60 (상북면 석계리),,,390,99.54,25.52,99.54,25.52,기타구조,01000,단독주택,1,0
경상남도 양산시 상북면 석계리 884-3번지,48330,33021,0,0884,0003,일반건축물,,,,390.0884,19.8,5.08,19.8,5.08,일반목구조,01000,주택,1,0
경상남도 양산시 상북면 석계리 885번지,48330,33021,0,0885,0000,일반건축물,경상남도 양산시 구소석길 58 (상북면 석계리),,,0,56.1,0,56.1,0,일반목구조,01000,주택,1,0
경상남도 양산시 상북면 석계리 887-1번지,48330,33021,0,0887,0001,일반건축물,경상남도 양산시 구소석4길 5-3 (상북면 석계리),,,0,42.9,0,42.9,0,일반목구조,01000,단독주택,1,0
경상남도 양산시 상북면 석계리 890-1번지,48330,33021,0,0890,0001,일반건축물,경상남도 양산시 구소석길 62 (상북면 석계리),,,660,116.72,17.68,99.37,15.06,벽돌구조,01000,농가용주택,1,0
경상남도 양산시 상북면 석계리 898-1번지,48330,33021,0,0898,0001,일반건축물,경상남도 양산시 구소석5길 37 (상북면 석계리),,,0,112.86,0,112.86,0,블록구조,21000,축사,1,0
경상남도 양산시 상북면 석계리 898-1번지,48330,33021,0,0898,0001,일반건축물,경상남도 양산시 구소석5길 37 (상북면 석계리),,,0,438,0,438,0,블록구조,18000,창고,1,0
경상남도 양산시 상북면 석계리 900-1번지,48330,33021,0,0900,0001,일반건축물,경상남도 양산시 구소석5길 20 (상북면 석계리),,F동,0,18,0,18,0,일반목구조,04000,제2종근린생활시설(종교집회장-휴게실),1,0
경상남도 양산시 상북면 석계리 900-1번지,48330,33021,0,0900,0001,일반건축물,경상남도 양산시 구소석5길 20 (상북면 석계리),,J동,0,7.77,0,7.77,0,일반목구조,12000,수련시설,1,0
경상남도 양산시 상북면 석계리 900-1번지,48330,33021,0,0900,0001,일반건축물,경상남도 양산시 구소석5길 20 (상북면 석계리),,Q동,0,9,0,9,0,일반목구조,04000,제2종근린생활시설(종교집회장-휴게소),1,0
경상남도 양산시 상북면 석계리 900-1번지,48330,33021,0,0900,0001,일반건축물,경상남도 양산시 구소석5길 20 (상북면 석계리),,B동,0,0,0,99,0,철근콘크리트구조,01000,단독주택(창고),0,1
경상남도 양산시 상북면 석계리 900-1번지,48330,33021,0,0900,0001,일반건축물,경상남도 양산시 구소석5길 20 (상북면 석계리),,I동,0,7.77,0,7.77,0,일반목구조,12000,수련시설,1,0
경상남도 양산시 상북면 석계리 900-1번지,48330,33021,0,0900,0001,일반건축물,경상남도 양산시 구소석5길 20 (상북면 석계리),,P동,0,21,0,21,0,경량철골구조,04000,제2종근린생활시설(종교집회장-창고),1,0
경상남도 양산시 상북면 석계리 900-1번지,48330,33021,0,0900,0001,일반건축물,경상남도 양산시 구소석5길 20 (상북면 석계리),,K동,0,5.94,0,5.94,0,일반목구조,12000,수련시설,1,0
경상남도 양산시 상북면 석계리 900-1번지,48330,33021,0,0900,0001,일반건축물,경상남도 양산시 구소석5길 20 (상북면 석계리),,A동,0,380.07,0,380.07,0,경량철골구조,04000,제2종근린생활시설,1,0
경상남도 양산시 상북면 석계리 900-1번지,48330,33021,0,0900,0001,일반건축물,경상남도 양산시 구소석5길 20 (상북면 석계리),,G동,0,16.12,0,16.12,0,경량철골구조,12000,수련시설,1,0
경상남도 양산시 상북면 석계리 900-1번지,48330,33021,0,0900,0001,일반건축물,경상남도 양산시 구소석5길 20 (상북면 석계리),,E동,0,57.77,0,101.95,0,경량철골구조,01000,단독주택,2,0
경상남도 양산시 상북면 석계리 900-1번지,48330,33021,0,0900,0001,일반건축물,경상남도 양산시 구소석5길 20 (상북면 석계리),,C동,0,244.2,0,264.88,0,일반철골구조,12000,수련시설,2,0
경상남도 양산시 상북면 석계리 900-1번지,48330,33021,0,0900,0001,일반건축물,경상남도 양산시 구소석5길 20 (상북면 석계리),,T2동,0,192,0,192,0,경량철골구조,12000,수련시설,1,0
경상남도 양산시 상북면 석계리 900-1번지,48330,33021,0,0900,0001,일반건축물,경상남도 양산시 구소석5길 20 (상북면 석계리),,N동,0,76.8,0,76.8,0,경량철골구조,12000,수련시설,1,0
경상남도 양산시 상북면 석계리 900-1번지,48330,33021,0,0900,0001,일반건축물,경상남도 양산시 구소석5길 20 (상북면 석계리),,R동,0,109.19,0,107.61,0,철근콘크리트구조,01000,단독주택,1,0
경상남도 양산시 상북면 석계리 900-1번지,48330,33021,0,0900,0001,일반건축물,경상남도 양산시 구소석5길 20 (상북면 석계리),,S동,0,118,0,118,0,철근콘크리트구조,12000,수련시설,1,0
경상남도 양산시 상북면 석계리 900-1번지,48330,33021,0,0900,0001,일반건축물,경상남도 양산시 구소석5길 20 (상북면 석계리),,T1동,0,168,0,168,0,경량철골구조,12000,수련시설,1,0
경상남도 양산시 상북면 석계리 905-5번지,48330,33021,0,0905,0005,일반건축물,경상남도 양산시 구소석5길 29 (상북면 석계리),,제1동,667,44.1,6.61,44.1,6.61,벽돌구조,04000,제2종근린생활시설,1,0
경상남도 양산시 상북면 석계리 905-7번지,48330,33021,0,0905,0007,일반건축물,경상남도 양산시 구소석5길 31 (상북면 석계리),,제1동,600,49.49,8.25,49.49,8.25,경량철골구조,04000,제2종근린생활시설,1,0
경상남도 양산시 상북면 석계리 905-10번지,48330,33021,0,0905,0010,일반건축물,경상남도 양산시 구소석5길 29-2 (상북면 석계리),,제2동,0,63.9,0,63.9,0,경량철골구조,04000,제2종근린생활시설(사무소),1,0
경상남도 양산시 상북면 석계리 905-10번지,48330,33021,0,0905,0010,일반건축물,경상남도 양산시 구소석5길 29-2 (상북면 석계리),,제1동,0,95.37,0,79.41,0,경량철골구조,01000,단독주택,1,0
경상남도 양산시 상북면 석계리 905-13번지,48330,33021,0,0905,0013,일반건축물,경상남도 양산시 구소석5길 31-1 (상북면 석계리),,1동,413,37.25,9.02,37.25,9.02,경량철골구조,04000,제2종근린생활시설,1,0
경상남도 양산시 상북면 석계리 907번지,48330,33021,0,0907,0000,일반건축물,경상남도 양산시 구소석5길 21-6 (상북면 석계리),,,529,98,18.53,98,18.53,경량철골구조,04000,제2종근린생활시설,1,0
경상남도 양산시 상북면 석계리 909번지,48330,33021,0,0909,0000,일반건축물,경상남도 양산시 구소석5길 21-21 (상북면 석계리),,,599,109.94,18.35,105.34,17.59,벽돌구조,01000,주택,1,0
경상남도 양산시 상북면 석계리 912-7번지,48330,33021,0,0912,0007,일반건축물,경상남도 양산시 구소석5길 21-9 (상북면 석계리),,,507,97.94,19.32,81.51,16.08,철근콘크리트구조,01000,단독주택,1,0
경상남도 양산시 상북면 석계리 922-3번지,48330,33021,0,0922,0003,일반건축물,경상남도 양산시 석계로 174 (상북면 석계리),,제1동,996,180,18.07,180,18.07,경량철골구조,04000,제2종근린생활시설,1,0
경상남도 양산시 상북면 석계리 927-1번지,48330,33021,0,0927,0001,일반건축물,경상남도 양산시 석계로 183 (상북면 석계리),,,1147,223.65,19.5,291.39,25.4,일반철골구조,04000,제2종근린생활시설,2,0
경상남도 양산시 상북면 석계리 927-8번지,48330,33021,0,0927,0008,일반건축물,경상남도 양산시 석계로 185 (상북면 석계리),,제1동,1147,223.65,19.5,291.39,25.4,일반철골구조,03000,제1종근린생활시설,2,0
경상남도 양산시 상북면 석계리 927-11번지,48330,33021,0,0927,0011,일반건축물,경상남도 양산시 석계로 189 (상북면 석계리),,제1동,335,66.17,19.75,130.78,39.04,일반철골구조,04000,제2종근린생활시설,2,0
경상남도 양산시 상북면 석계리 940-4번지,48330,33021,0,0940,0004,일반건축물,경상남도 양산시 상북중앙로 200 (상북면 석계리),,,660,107.76,16.33,99.9,15.14,벽돌구조,01000,농가용주택,1,0
경상남도 양산시 상북면 석계리 941번지,48330,33021,0,0941,0000,일반건축물,경상남도 양산시 상북중앙로 198 (상북면 석계리),,1동,410,80,19.51,80,19.51,일반철골구조,19000,위험물저장및처리시설,1,0
경상남도 양산시 상북면 석계리 941-2번지,48330,33021,0,0941,0002,일반건축물,경상남도 양산시 상북중앙로 198-1 (상북면 석계리),,제1동,540,99,18.33,99,18.33,일반철골구조,04000,제2종근린생활시설,1,0
경상남도 양산시 상북면 석계리 945번지,48330,33021,0,0945,0000,일반건축물,경상남도 양산시 상북중앙로 210 (상북면 석계리),,,2492,456.95,18.34,884.4,35.49,일반철골구조,17000,공장,2,0
경상남도 양산시 상북면 석계리 953번지,48330,33021,0,0953,0000,일반건축물,경상남도 양산시 양산대로 1510 (상북면 석계리),,1동,0,94.34,0,94.34,0,일반철골구조,19000,위험물저장및처리시설,1,0
경상남도 양산시 상북면 석계리 953번지,48330,33021,0,0953,0000,일반건축물,경상남도 양산시 양산대로 1510 (상북면 석계리),,4동,0,279,0,279,0,일반철골구조,19000,위험물저장및처리시설,1,0
경상남도 양산시 상북면 석계리 953번지,48330,33021,0,0953,0000,일반건축물,경상남도 양산시 양산대로 1510 (상북면 석계리),,5동,3613,50.24,1.39,80.24,2.2,경량철골구조,19000,위험물저장및처리시설,2,0
경상남도 양산시 상북면 석계리 953번지,48330,33021,0,0953,0000,일반건축물,경상남도 양산시 양산대로 1510 (상북면 석계리),,3동,0,60,0,60,0,일반철골구조,19000,위험물저장및처리시설,1,0
경상남도 양산시 상북면 석계리 953번지,48330,33021,0,0953,0000,일반건축물,경상남도 양산시 양산대로 1510 (상북면 석계리),,2동,0,91.35,0,274.05,0,철근콘크리트구조,19000,위험물저장및처리시설,3,0
경상남도 양산시 상북면 석계리 963-2번지,48330,33021,0,0963,0002,일반건축물,경상남도 양산시 양산대로 1527 (상북면 석계리),,,355,66.6,18.76,66.6,18.76,일반철골구조,04000,제2종근린생활시설,1,0
경상남도 양산시 상북면 석계리 963-3번지,48330,33021,0,0963,0003,일반건축물,경상남도 양산시 양산대로 1523 (상북면 석계리),,,913,142.5,15.61,285,31.22,철근콘크리트구조,01000,단독주택,2,0
경상남도 양산시 상북면 석계리 972-2번지,48330,33021,0,0972,0002,일반건축물,경상남도 양산시 양산대로 1506 (상북면 석계리),,1동,353,70,19.83,70,19.83,일반철골구조,03000,제1종근린생활시설,1,0
경상남도 양산시 상북면 석계리 979-3번지,48330,33021,0,0979,0003,일반건축물,경상남도 양산시 상북중앙로 177 (상북면 석계리),,제1동,0,159.9,0,159.9,0,일반철골구조,04000,제2종근린생활시설,1,0
경상남도 양산시 상북면 석계리 979-3번지,48330,33021,0,0979,0003,일반건축물,경상남도 양산시 상북중앙로 177 (상북면 석계리),,제3동,0,170,0,170,0,일반철골구조,04000,제2종근린생활시설,1,0
경상남도 양산시 상북면 석계리 979-3번지,48330,33021,0,0979,0003,일반건축물,경상남도 양산시 상북중앙로 177 (상북면 석계리),,제2동,0,159.9,0,159.9,0,일반철골구조,04000,제2종근린생활시설,1,0
경상남도 양산시 상북면 석계리 984-1번지,48330,33021,0,0984,0001,일반건축물,경상남도 양산시 상북중앙로 194 (상북면 석계리),,,470,93.45,19.88,93.45,19.88,경량철골구조,01000,단독주택,1,0
경상남도 양산시 상북면 석계리 998-3번지,48330,33021,0,0998,0003,일반건축물,경상남도 양산시 구소석1길 22 (상북면 석계리),,,430,141.83,32.98,112.73,26.22,벽돌구조,01000,단독주택,1,0
경상남도 양산시 상북면 석계리 998-10번지,48330,33021,0,0998,0010,일반건축물,경상남도 양산시 구소석1길 24 (상북면 석계리),,,0,82.6,0,82.6,0,블록구조,01000,주택,1,0
경상남도 양산시 상북면 석계리 998-13번지,48330,33021,0,0998,0013,일반건축물,경상남도 양산시 구소석1길 26 (상북면 석계리),,,0,85.94,0,85.94,0,블록구조,01000,주택,1,0
경상남도 양산시 상북면 석계리 998-18번지,48330,33021,0,0998,0018,일반건축물,경상남도 양산시 구소석1길 28 (상북면 석계리),,,0,66.1,0,66.1,0,블록구조,01000,주택,1,0
경상남도 양산시 상북면 석계리 998-19번지,48330,33021,0,0998,0019,일반건축물,경상남도 양산시 구소석길 55 (상북면 석계리),,,326,89.9,27.58,89.9,27.58,경량철골구조,01000,단독주택,1,0
경상남도 양산시 상북면 석계리 998-20번지,48330,33021,0,0998,0020,일반건축물,경상남도 양산시 구소석길 51 (상북면 석계리),,,0,66.9,0,66.9,0,블록구조,01000,주택,1,0
경상남도 양산시 상북면 석계리 998-22번지,48330,33021,0,0998,0022,일반건축물,경상남도 양산시 구소석길 43-2 (상북면 석계리),,,0,0,0,231.3,0,블록구조,03000,"주택, 근린생활시설",1,0
경상남도 양산시 상북면 석계리 1000-1번지,48330,33021,0,1000,0001,일반건축물,경상남도 양산시 구소석길 49 (상북면 석계리),,,0,47.88,0,47.88,0,블록구조,01000,주택,1,0
경상남도 양산시 상북면 석계리 1000-4번지,48330,33021,0,1000,0004,일반건축물,경상남도 양산시 구소석길 47 (상북면 석계리),,,652,102.78,15.76,102.78,15.76,벽돌구조,01000,단독주택,1,0
경상남도 양산시 상북면 석계리 1001-1번지,48330,33021,0,1001,0001,일반건축물,경상남도 양산시 구소석1길 20 (상북면 석계리),,제1동,757,84.54,11.17,84.54,11.17,철근콘크리트구조,01000,단독주택,1,0
경상남도 양산시 상북면 석계리 1001-4번지,48330,33021,0,1001,0004,일반건축물,경상남도 양산시 구소석길 41 (상북면 석계리),,,459.5062,39.6,8.62,39.6,8.62,일반목구조,01000,주택,1,0
경상남도 양산시 상북면 석계리 1001-5번지,48330,33021,0,1001,0005,일반건축물,경상남도 양산시 구소석길 43 (상북면 석계리),,,0,56.1,0,56.1,0,일반목구조,01000,주택,1,0
경상남도 양산시 상북면 석계리 1002-1번지,48330,33021,0,1002,0001,일반건축물,경상남도 양산시 구소석길 39-1 (상북면 석계리),,,436,84.42,19.36,84.42,19.36,벽돌구조,01000,단독주택,1,0
경상남도 양산시 상북면 석계리 1003-1번지,48330,33021,0,1003,0001,일반건축물,경상남도 양산시 구소석길 39 (상북면 석계리),,,0,97.11,0,97.11,0,블록구조,01000,주택,1,0
경상남도 양산시 상북면 석계리 1003-4번지,48330,33021,0,1003,0004,일반건축물,경상남도 양산시 구소석길 37 (상북면 석계리),,,899.1776,76,8.45,76,8.45,일반목구조,01000,주택,1,0
경상남도 양산시 상북면 석계리 1005번지,48330,33021,0,1005,0000,일반건축물,경상남도 양산시 구소석길 35-5 (상북면 석계리),,,435,89.16,20.5,49.95,11.48,경량철골구조,01000,단독주택,1,0
경상남도 양산시 상북면 석계리 1006번지,48330,33021,0,1006,0000,일반건축물,경상남도 양산시 구소석1길 8 (상북면 석계리),,,0,0,0,67.84,0,블록구조,01000,주택,1,0
경상남도 양산시 상북면 석계리 1006-1번지,48330,33021,0,1006,0001,일반건축물,경상남도 양산시 구소석1길 6 (상북면 석계리),,,0,69.4,0,69.4,0,블록구조,01000,주택,1,0
경상남도 양산시 상북면 석계리 1007번지,48330,33021,0,1007,0000,일반건축물,,,,0,29.7,0,29.7,0,일반목구조,01000,주택,1,0
경상남도 양산시 상북면 석계리 1007-1번지,48330,33021,0,1007,0001,일반건축물,경상남도 양산시 구소석길 35 (상북면 석계리),,,1401.6592,103.46,7.38,103.46,7.38,블록구조,01000,주택,1,0
경상남도 양산시 상북면 석계리 1007-2번지,48330,33021,0,1007,0002,일반건축물,경상남도 양산시 구소석길 35-1 (상북면 석계리),,,194.7,92.3,47.4,92.3,47.4,벽돌구조,04000,근린생활시설,1,0
경상남도 양산시 상북면 석계리 1007-2번지,48330,33021,0,1007,0002,일반건축물,경상남도 양산시 구소석길 35-1 (상북면 석계리),,,0,0,0,181.75,0,블록구조,18000,창고,1,0
경상남도 양산시 상북면 석계리 1007-4번지,48330,33021,0,1007,0004,일반건축물,경상남도 양산시 구소석길 29 (상북면 석계리),,,677,272,39.13,272,39.13,경량철골구조,03000,근린생활시설,1,0
경상남도 양산시 상북면 석계리 1008-4번지,48330,33021,0,1008,0004,일반건축물,경상남도 양산시 구소석길 36 (상북면 석계리),,,655,105.56,16.12,105.56,16.12,경량철골구조,01000,단독주택,1,0
경상남도 양산시 상북면 석계리 1009-2번지,48330,33021,0,1009,0002,일반건축물,경상남도 양산시 구소석길 42-1 (상북면 석계리),,,0,69.5,0,69.5,0,일반목구조,01000,주택,1,0
경상남도 양산시 상북면 석계리 1009-3번지,48330,33021,0,1009,0003,일반건축물,경상남도 양산시 구소석길 42 (상북면 석계리),,,0,104.79,0,104.79,0,벽돌구조,01000,주택,1,0
경상남도 양산시 상북면 석계리 1009-4번지,48330,33021,0,1009,0004,일반건축물,경상남도 양산시 구소석길 44-6 (상북면 석계리),,,340,127.35,37.46,221.88,65.26,철근콘크리트구조,11000,노유자시설,2,0
경상남도 양산시 상북면 석계리 1009-5번지,48330,33021,0,1009,0005,일반건축물,경상남도 양산시 구소석길 40-1 (상북면 석계리),,,0,0,0,66,0,일반목구조,01000,주택,1,0
경상남도 양산시 상북면 석계리 1015-1번지,48330,33021,0,1015,0001,일반건축물,,,,290.9104,39.6,13.61,39.6,13.61,블록구조,01000,주택,1,0
경상남도 양산시 상북면 석계리 1023-1번지,48330,33021,0,1023,0001,일반건축물,경상남도 양산시 구소석길 36-3 (상북면 석계리),,A동,0,59.5,0,59.5,0,일반목구조,01000,단독주택,1,0
경상남도 양산시 상북면 석계리 1023-1번지,48330,33021,0,1023,0001,일반건축물,경상남도 양산시 구소석길 36-3 (상북면 석계리),,D동,0,84.7,0,84.7,0,경량철골구조,18000,창고시설,1,0
경상남도 양산시 상북면 석계리 1023-1번지,48330,33021,0,1023,0001,일반건축물,경상남도 양산시 구소석길 36-3 (상북면 석계리),,B동,0,33.1,0,33.1,0,일반목구조,01000,단독주택,1,0
경상남도 양산시 상북면 석계리 1023-1번지,48330,33021,0,1023,0001,일반건축물,경상남도 양산시 구소석길 36-3 (상북면 석계리),,C동,0,29.8,0,29.8,0,일반목구조,01000,단독주택,1,0
경상남도 양산시 상북면 석계리 1025-1번지,48330,33021,0,1025,0001,일반건축물,경상남도 양산시 구소석길 36-2 (상북면 석계리),,,168.3,72.8,43.26,72.8,43.26,벽돌구조,04000,근린생활시설,1,0
경상남도 양산시 상북면 석계리 1046-1번지,48330,33021,0,1046,0001,일반건축물,경상남도 양산시 상북중앙로 173 (상북면 석계리),,,2481,492,19.83,492,19.83,일반철골구조,04000,제2종근린생활시설,1,0
경상남도 양산시 상북면 석계리 1046-1번지,48330,33021,0,1046,0001,일반건축물,경상남도 양산시 상북중앙로 173 (상북면 석계리),,,2481,108,4.35,108,4.35,일반철골구조,04000,제2종근린생활시설,1,0
경상남도 양산시 상북면 석계리 1052-1번지,48330,33021,0,1052,0001,일반건축물,경상남도 양산시 상북중앙로 164 (상북면 석계리),,제1동,464,90.36,19.47,90.36,19.47,경량철골구조,03000,제1종근린생활시설,1,0
경상남도 양산시 상북면 석계리 1053-5번지,48330,33021,0,1053,0005,일반건축물,경상남도 양산시 모래불길 16 (상북면 석계리),,,1362,716.75,52.62,1326.08,97.36,일반철골구조,04000,"제1종근린생활시설,제2종근린생활시설,단독주택",2,0
경상남도 양산시 상북면 석계리 1053-10번지,48330,33021,0,1053,0010,일반건축물,경상남도 양산시 모래불길 22 (상북면 석계리),,,0,85.47,0,85.47,0,벽돌구조,01000,주택,1,0
경상남도 양산시 상북면 석계리 1053-13번지,48330,33021,0,1053,0013,일반건축물,경상남도 양산시 모래불길 20 (상북면 석계리),,,618,112.48,18.2,107.91,17.46,벽돌구조,01000,농가용주택,1,0
경상남도 양산시 상북면 석계리 1053-18번지,48330,33021,0,1053,0018,일반건축물,경상남도 양산시 모래불길 18 (상북면 석계리),,,172,102.42,59.55,187.15,108.81,철근콘크리트구조,01000,"주택, 근린생활시설",2,0
경상남도 양산시 상북면 석계리 1062-1번지,48330,33021,0,1062,0001,일반건축물,경상남도 양산시 모래불1길 11 (상북면 석계리),,1동,376,71.5,19.02,71.5,19.02,경량철골구조,04000,제2종근린생활시설,1,0
경상남도 양산시 상북면 석계리 1064번지,48330,33021,0,1064,0000,일반건축물,경상남도 양산시 모래불길 12 (상북면 석계리),,,0,23.1,0,23.1,0,일반목구조,01000,주택,1,0
경상남도 양산시 상북면 석계리 1065-2번지,48330,33021,0,1065,0002,일반건축물,경상남도 양산시 모래불1길 5-4 (상북면 석계리),,,0,52.68,0,78.93,0,블록구조,01000,주택,2,0
경상남도 양산시 상북면 석계리 1067번지,48330,33021,0,1067,0000,일반건축물,경상남도 양산시 모래불1길 5-3 (상북면 석계리),,,0,45,0,45,0,블록구조,04000,종교시설,1,0
경상남도 양산시 상북면 석계리 1067번지,48330,33021,0,1067,0000,일반건축물,경상남도 양산시 모래불1길 5-3 (상북면 석계리),,,0,81.26,0,81.26,0,블록구조,01000,주택,1,0
경상남도 양산시 상북면 석계리 1069번지,48330,33021,0,1069,0000,일반건축물,경상남도 양산시 모래불1길 7 (상북면 석계리),,,0,51.75,0,51.75,0,블록구조,01000,주택,1,0
경상남도 양산시 상북면 석계리 1071번지,48330,33021,0,1071,0000,일반건축물,경상남도 양산시 모래불1길 3 (상북면 석계리),,B동,0,29.7,0,29.7,0,일반목구조,01000,주택,1,0
경상남도 양산시 상북면 석계리 1071번지,48330,33021,0,1071,0000,일반건축물,경상남도 양산시 모래불1길 3 (상북면 석계리),,A동,0,95.55,0,135.29,0,경량철골구조,01000,"단독주택,제2종근린생활시설",2,0
경상남도 양산시 상북면 석계리 1072-3번지,48330,33021,0,1072,0003,일반건축물,경상남도 양산시 모래불길 8 (상북면 석계리),,,533,301,56.47,386.55,72.52,일반철골구조,04000,"제2종근린생활시설,단독주택",2,0
경상남도 양산시 상북면 석계리 1072-4번지,48330,33021,0,1072,0004,일반건축물,경상남도 양산시 모래불길 6 (상북면 석계리),,,0,9.9,0,9.9,0,블록구조,01000,주택,1,0
경상남도 양산시 상북면 석계리 1073-1번지,48330,33021,0,1073,0001,일반건축물,경상남도 양산시 모래불길 11 (상북면 석계리),,,154,68.62,44.56,96.22,62.48,철근콘크리트구조,03000,제1종근린생활시설(마을공회당),2,0
경상남도 양산시 상북면 석계리 1073-3번지,48330,33021,0,1073,0003,일반건축물,경상남도 양산시 모래불길 10 (상북면 석계리),,,0,59,0,59,0,블록구조,01000,주택,1,0
경상남도 양산시 상북면 석계리 1074-1번지,48330,33021,0,1074,0001,일반건축물,경상남도 양산시 모래불길 7 (상북면 석계리),,,0,59.7,0,99.2,0,블록구조,01000,주택,2,0
경상남도 양산시 상북면 석계리 1075-2번지,48330,33021,0,1075,0002,일반건축물,,,,0,52.68,0,78.93,0,블록구조,01000,주택,2,0
경상남도 양산시 상북면 석계리 1078-2번지,48330,33021,0,1078,0002,일반건축물,경상남도 양산시 상북중앙로 151 (상북면 석계리),,,0,43,0,43,0,블록구조,01000,주택,1,0
경상남도 양산시 상북면 석계리 1079-2번지,48330,33021,0,1079,0002,일반건축물,경상남도 양산시 상북중앙로 149 (상북면 석계리),,,0,42.97,0,42.97,0,블록구조,01000,주택,1,0
경상남도 양산시 상북면 석계리 1080-2번지,48330,33021,0,1080,0002,일반건축물,경상남도 양산시 상북중앙로 153 (상북면 석계리),,1동,154,89.87,58.36,175.38,113.88,일반철골구조,03000,제1종근린생활시설,2,0
경상남도 양산시 상북면 석계리 1117-1번지,48330,33021,0,1117,0001,일반건축물,경상남도 양산시 석계산단2길 130 (상북면 석계리),,1동,0,998,0,998,0,일반철골구조,17000,공장,1,0
경상남도 양산시 상북면 석계리 1117-1번지,48330,33021,0,1117,0001,일반건축물,경상남도 양산시 석계산단2길 130 (상북면 석계리),제이특장,제2동,0,830.8,0,830.8,0,일반철골구조,17000,공장,1,0
경상남도 양산시 상북면 석계리 1117-2번지,48330,33021,0,1117,0002,일반건축물,경상남도 양산시 석계산단2길 122 (상북면 석계리),,2동,0,528.6,0,1146.45,0,일반철골구조,17000,공장,2,1
경상남도 양산시 상북면 석계리 1117-2번지,48330,33021,0,1117,0002,일반건축물,경상남도 양산시 석계산단2길 122 (상북면 석계리),,1동,0,1433.49,0,3173.66,0,일반철골구조,17000,공장,4,0
경상남도 양산시 상북면 석계리 1117-3번지,48330,33021,0,1117,0003,일반건축물,경상남도 양산시 석계산단2길 114 (상북면 석계리),,3동,0,132,0,264,0,일반철골구조,17000,공장(사무실),3,0
경상남도 양산시 상북면 석계리 1117-3번지,48330,33021,0,1117,0003,일반건축물,경상남도 양산시 석계산단2길 114 (상북면 석계리),,1동,0,988.8,0,1120.8,0,일반철골구조,17000,공장,1,0
경상남도 양산시 상북면 석계리 1117-3번지,48330,33021,0,1117,0003,일반건축물,경상남도 양산시 석계산단2길 114 (상북면 석계리),,2동,0,639.2,0,639.2,0,일반철골구조,17000,공장,1,0
경상남도 양산시 상북면 석계리 1117-4번지,48330,33021,0,1117,0004,일반건축물,경상남도 양산시 석계산단2길 106 (상북면 석계리),,부1동,0,89.25,0,178.5,0,철근콘크리트구조,17000,공장,2,0
경상남도 양산시 상북면 석계리 1117-4번지,48330,33021,0,1117,0004,일반건축물,경상남도 양산시 석계산단2길 106 (상북면 석계리),,주2동,0,756,0,756,0,일반철골구조,17000,공장,1,0
경상남도 양산시 상북면 석계리 1117-4번지,48330,33021,0,1117,0004,일반건축물,경상남도 양산시 석계산단2길 106 (상북면 석계리),,주1동,0,980,0,980,0,일반철골구조,17000,공장,1,0
경상남도 양산시 상북면 석계리 1117-5번지,48330,33021,0,1117,0005,일반건축물,경상남도 양산시 석계산단3길 103 (상북면 석계리),,1동,3200.8,2156.3,67.37,2791.6,87.22,일반철골구조,17000,공장,2,0
경상남도 양산시 상북면 석계리 1117-5번지,48330,33021,0,1117,0005,일반건축물,경상남도 양산시 석계산단3길 103 (상북면 석계리),,3동,0,24,0,24,0,경량철골구조,17000,공장,1,0
경상남도 양산시 상북면 석계리 1117-5번지,48330,33021,0,1117,0005,일반건축물,경상남도 양산시 석계산단3길 103 (상북면 석계리),,2동,0,157.5,0,342,0,철근콘크리트구조,17000,공장,3,0
경상남도 양산시 상북면 석계리 1117-6번지,48330,33021,0,1117,0006,일반건축물,경상남도 양산시 석계산단3길 109 (상북면 석계리),(주)디플러스,주2동,0,275.05,0,565.9,0,철근콘크리트구조,17000,공장,3,0
경상남도 양산시 상북면 석계리 1117-6번지,48330,33021,0,1117,0006,일반건축물,경상남도 양산시 석계산단3길 109 (상북면 석계리),(주)디플러스,주1동,0,1951.04,0,2222.08,0,일반철골구조,17000,공장,2,0
경상남도 양산시 상북면 석계리 1117-7번지,48330,33021,0,1117,0007,일반건축물,경상남도 양산시 석계산단3길 117 (상북면 석계리),,2동,3200.8,172.98,5.4,327.5,10.23,일반철골구조,17000,공장,2,0
경상남도 양산시 상북면 석계리 1117-7번지,48330,33021,0,1117,0007,일반건축물,경상남도 양산시 석계산단3길 117 (상북면 석계리),,1동,3200.8,2124.02,66.36,2324.27,72.62,일반철골구조,17000,공장,2,0
경상남도 양산시 상북면 석계리 1117-8번지,48330,33021,0,1117,0008,일반건축물,경상남도 양산시 석계산단3길 123 (상북면 석계리),,1동,3216.2,1734.65,53.93,1958.76,60.9,일반철골구조,17000,공장,1,0
경상남도 양산시 상북면 석계리 1117-8번지,48330,33021,0,1117,0008,일반건축물,경상남도 양산시 석계산단3길 123 (상북면 석계리),,3동,0,239.7,0,463.81,0,일반철골구조,17000,공장(사무실),2,0
경상남도 양산시 상북면 석계리 1117-8번지,48330,33021,0,1117,0008,일반건축물,경상남도 양산시 석계산단3길 123 (상북면 석계리),,2동,0,328,0,328,0,일반철골구조,17000,공장(창고),1,0
경상남도 양산시 상북면 석계리 1118-1번지,48330,33021,0,1118,0001,일반건축물,경상남도 양산시 석계산단1길 150 (상북면 석계리),,1동,0,759.92,0,889.84,0,일반철골구조,17000,공장,1,0
경상남도 양산시 상북면 석계리 1118-1번지,48330,33021,0,1118,0001,일반건축물,경상남도 양산시 석계산단1길 150 (상북면 석계리),,2동,0,619.83,0,619.83,0,일반철골구조,17000,공장,1,0
경상남도 양산시 상북면 석계리 1118-1번지,48330,33021,0,1118,0001,일반건축물,경상남도 양산시 석계산단1길 150 (상북면 석계리),,3동,0,129.92,0,259.84,0,일반철골구조,17000,공장,2,0
경상남도 양산시 상북면 석계리 1118-2번지,48330,33021,0,1118,0002,일반건축물,경상남도 양산시 석계산단1길 144 (상북면 석계리),,2동,0,109.4,0,200.4,0,일반철골구조,17000,공장,2,0
경상남도 양산시 상북면 석계리 1118-2번지,48330,33021,0,1118,0002,일반건축물,경상남도 양산시 석계산단1길 144 (상북면 석계리),,3동,0,828,0,828,0,일반철골구조,17000,공장,1,0
경상남도 양산시 상북면 석계리 1118-2번지,48330,33021,0,1118,0002,일반건축물,경상남도 양산시 석계산단1길 144 (상북면 석계리),,1동,0,1138.3,0,1229.3,0,일반철골구조,17000,공장,1,0
경상남도 양산시 상북면 석계리 1118-3번지,48330,33021,0,1118,0003,일반건축물,경상남도 양산시 석계산단1길 136 (상북면 석계리),,주1동,3312.4,1194.5,36.06,1376.5,41.56,일반철골구조,17000,공장,1,0
경상남도 양산시 상북면 석계리 1118-3번지,48330,33021,0,1118,0003,일반건축물,,,부1동,3312.4,182,5.49,364,10.99,일반철골구조,17000,공장,2,0
경상남도 양산시 상북면 석계리 1118-3번지,48330,33021,0,1118,0003,일반건축물,,,부2동,3312.4,15,0.45,15,0.45,경량철골구조,17000,공장,1,0
경상남도 양산시 상북면 석계리 1118-4번지,48330,33021,0,1118,0004,일반건축물,경상남도 양산시 석계산단1길 132 (상북면 석계리),,1동,3311.1,1069.11,32.29,1069.11,32.29,일반철골구조,17000,공장,1,0
경상남도 양산시 상북면 석계리 1118-5번지,48330,33021,0,1118,0005,일반건축물,경상남도 양산시 석계산단1길 124 (상북면 석계리),,부속건축물제1동,0,132.64,0,198.93,0,일반철골구조,17000,공장,2,0
경상남도 양산시 상북면 석계리 1118-5번지,48330,33021,0,1118,0005,일반건축물,경상남도 양산시 석계산단1길 124 (상북면 석계리),,부속건축물제2동,0,556,0,556,0,일반철골구조,17000,공장,1,0
경상남도 양산시 상북면 석계리 1118-5번지,48330,33021,0,1118,0005,일반건축물,경상남도 양산시 석계산단1길 124 (상북면 석계리),,주건축물제1동,3313,1943.18,58.65,2009.47,60.65,일반철골구조,17000,공장,1,0
경상남도 양산시 상북면 석계리 1118-7번지,48330,33021,0,1118,0007,일반건축물,경상남도 양산시 석계산단1길 114 (상북면 석계리),,제1동,7891.7,4512.85,57.18,14933.8,102,일반철골구조,18000,창고시설,3,1
경상남도 양산시 상북면 석계리 1118-9번지,48330,33021,0,1118,0009,일반건축물,경상남도 양산시 석계산단2길 107 (상북면 석계리),,C동,0,129,0,257.37,0,일반철골구조,17000,공장,2,0
경상남도 양산시 상북면 석계리 1118-9번지,48330,33021,0,1118,0009,일반건축물,경상남도 양산시 석계산단2길 107 (상북면 석계리),,A동,0,1447.205,0,1447.205,0,일반철골구조,17000,공장,1,0
경상남도 양산시 상북면 석계리 1118-9번지,48330,33021,0,1118,0009,일반건축물,경상남도 양산시 석계산단2길 107 (상북면 석계리),,B동,0,672.97,0,672.97,0,일반철골구조,17000,공장,1,0
경상남도 양산시 상북면 석계리 1118-10번지,48330,33021,0,1118,0010,일반건축물,경상남도 양산시 석계산단2길 113 (상북면 석계리),석계 기영이앤씨,1동,0,962.75,0,1180.75,0,일반철골구조,17000,공장,2,0
경상남도 양산시 상북면 석계리 1118-10번지,48330,33021,0,1118,0010,일반건축물,경상남도 양산시 석계산단2길 113 (상북면 석계리),석계 기영이앤씨,2동,0,820,0,820,0,일반철골구조,17000,공장,1,0
경상남도 양산시 상북면 석계리 1118-11번지,48330,33021,0,1118,0011,일반건축물,경상남도 양산시 석계산단2길 119 (상북면 석계리),,제1동,3313,2164.26,65.33,2526.81,76.27,일반철골구조,17000,공장,3,0
경상남도 양산시 상북면 석계리 1118-12번지,48330,33021,0,1118,0012,일반건축물,경상남도 양산시 석계산단2길 125 (상북면 석계리),,A동,0,484.5,0,484.5,0,일반철골구조,17000,공장,1,0
경상남도 양산시 상북면 석계리 1118-12번지,48330,33021,0,1118,0012,일반건축물,경상남도 양산시 석계산단2길 125 (상북면 석계리),,C동,0,451.91,0,596.27,0,일반철골구조,17000,공장,1,0
경상남도 양산시 상북면 석계리 1118-12번지,48330,33021,0,1118,0012,일반건축물,경상남도 양산시 석계산단2길 125 (상북면 석계리),,D동,0,246.91,0,391.27,0,철근콘크리트구조,17000,"사무실,창고",2,0
경상남도 양산시 상북면 석계리 1118-12번지,48330,33021,0,1118,0012,일반건축물,경상남도 양산시 석계산단2길 125 (상북면 석계리),,B동,0,484.5,0,484.5,0,일반철골구조,17000,공장,1,0
경상남도 양산시 상북면 석계리 1118-13번지,48330,33021,0,1118,0013,일반건축물,경상남도 양산시 석계산단2길 133 (상북면 석계리),,부2동,0,15,0,15,0,경량철골구조,17000,"공장(탈의실,화장실)",1,0
경상남도 양산시 상북면 석계리 1118-13번지,48330,33021,0,1118,0013,일반건축물,경상남도 양산시 석계산단2길 133 (상북면 석계리),,부1동,0,112.5,0,220.5,0,철근콘크리트구조,17000,공장(사무소),3,0
경상남도 양산시 상북면 석계리 1118-13번지,48330,33021,0,1118,0013,일반건축물,경상남도 양산시 석계산단2길 133 (상북면 석계리),,주1동,0,705,0,813,0,일반철골구조,17000,공장,1,0
경상남도 양산시 상북면 석계리 1118-13번지,48330,33021,0,1118,0013,일반건축물,경상남도 양산시 석계산단2길 133 (상북면 석계리),,주2동,0,577.5,0,577.5,0,일반철골구조,17000,공장,1,0
경상남도 양산시 상북면 석계리 1118-13번지,48330,33021,0,1118,0013,일반건축물,경상남도 양산시 석계산단2길 133 (상북면 석계리),,주3동,0,176,0,176,0,일반철골구조,17000,공장,1,0
경상남도 양산시 상북면 석계리 1118-14번지,48330,33021,0,1118,0014,일반건축물,경상남도 양산시 석계산단2길 139 (상북면 석계리),주식회사디에프아이,부1동,0,140,0,450,0,철근콘크리트구조,17000,공장(사무동),4,0
경상남도 양산시 상북면 석계리 1118-14번지,48330,33021,0,1118,0014,일반건축물,경상남도 양산시 석계산단2길 139 (상북면 석계리),주식회사디에프아이,부2동,0,109.88,0,357.64,0,철근콘크리트구조,17000,공장(복지동),4,0
경상남도 양산시 상북면 석계리 1118-14번지,48330,33021,0,1118,0014,일반건축물,경상남도 양산시 석계산단2길 139 (상북면 석계리),주식회사디에프아이,주1동,4104.7,2631.58,64.11,3886.36,75,일반철골구조,17000,공장,2,0
경상남도 양산시 상북면 석계리 1119-1번지,48330,33021,0,1119,0001,일반건축물,경상남도 양산시 석계산단1길 86 (상북면 석계리),,,11122.3,55.12,0.5,55.12,0.5,철근콘크리트구조,03000,제1종근린생활시설,1,0
경상남도 양산시 상북면 석계리 1119-2번지,48330,33021,0,1119,0002,일반건축물,경상남도 양산시 석계산단1길 74 (상북면 석계리),,2동,0,54,0,54,0,일반철골구조,04000,제2종근린생활시설,1,0
경상남도 양산시 상북면 석계리 1119-2번지,48330,33021,0,1119,0002,일반건축물,경상남도 양산시 석계산단1길 74 (상북면 석계리),,1동,0,445.2,0,445.2,0,일반철골구조,04000,제2종근린생활시설,1,0
경상남도 양산시 상북면 석계리 1119-3번지,48330,33021,0,1119,0003,일반건축물,경상남도 양산시 석계산단1길 58 (상북면 석계리),,,670.7,402.34,59.988072,494.26,73.693156,일반철골구조,04000,제2종근린생활시설,2,0
경상남도 양산시 상북면 석계리 1119-5번지,48330,33021,0,1119,0005,일반건축물,경상남도 양산시 석계산단2길 59 (상북면 석계리),,제1동,0,2776.64,0,5417.28,0,일반철골구조,17000,공장,2,0
경상남도 양산시 상북면 석계리 1119-5번지,48330,33021,0,1119,0005,일반건축물,경상남도 양산시 석계산단2길 59 (상북면 석계리),,제2동,0,275.2,0,692.24,0,철근콘크리트구조,17000,공장,3,0
경상남도 양산시 상북면 석계리 1119-6번지,48330,33021,0,1119,0006,일반건축물,경상남도 양산시 석계산단2길 69 (상북면 석계리),,,5374,3748.05,69.74,4731.38,88.04,일반철골구조,17000,공장,4,0
경상남도 양산시 상북면 석계리 1119-6번지,48330,33021,0,1119,0006,일반건축물,경상남도 양산시 석계산단2길 69 (상북면 석계리),,,0,21,0,21,0,일반철골구조,17000,공장,1,0
경상남도 양산시 상북면 석계리 1119-7번지,48330,33021,0,1119,0007,일반건축물,경상남도 양산시 석계산단2길 81 (상북면 석계리),,1동,3444.1,2365.82,68.69,2998.4,87.06,일반철골구조,17000,공장,2,0
경상남도 양산시 상북면 석계리 1119-7번지,48330,33021,0,1119,0007,일반건축물,경상남도 양산시 석계산단2길 81 (상북면 석계리),,2동,3444.1,40,1.16,40,1.16,일반철골구조,17000,공장,1,0
경상남도 양산시 상북면 석계리 1119-8번지,48330,33021,0,1119,0008,일반건축물,경상남도 양산시 석계산단2길 95 (상북면 석계리),,4동,0,126.88,0,126.88,0,일반철골구조,17000,공장(식당),1,0
경상남도 양산시 상북면 석계리 1119-8번지,48330,33021,0,1119,0008,일반건축물,경상남도 양산시 석계산단2길 95 (상북면 석계리),,3동,0,299.4,0,887.4,0,일반철골구조,17000,공장(사무실),4,0
경상남도 양산시 상북면 석계리 1119-8번지,48330,33021,0,1119,0008,일반건축물,경상남도 양산시 석계산단2길 95 (상북면 석계리),,1동,0,3396.85,0,8860.31,0,일반철골구조,17000,공장,3,0
경상남도 양산시 상북면 석계리 1119-8번지,48330,33021,0,1119,0008,일반건축물,경상남도 양산시 석계산단2길 95 (상북면 석계리),,2동,0,398.5,0,398.5,0,일반철골구조,17000,공장,1,0
경상남도 양산시 상북면 석계리 1120-1번지,48330,33021,0,1120,0001,일반건축물,경상남도 양산시 석계산단1길 68 (상북면 석계리),,,794.4,452.8,57,452.8,57,일반철골구조,04000,"제1,2종근린생활시설",1,0
경상남도 양산시 상북면 석계리 1120-2번지,48330,33021,0,1120,0002,일반건축물,경상남도 양산시 석계산단1길 62 (상북면 석계리),,1동,795.6,476.26,59.86,476.26,59.86,일반철골구조,03000,제1종근린생활시설,1,0
경상남도 양산시 상북면 석계리 1120-4번지,48330,33021,0,1120,0004,일반건축물,경상남도 양산시 석계산단1길 70 (상북면 석계리),대원빌딩,제1동,793.7,475.33,59.89,1398.86,176.25,철근콘크리트구조,19000,위험물저장및처리시설,3,0
경상남도 양산시 상북면 석계리 1121-1번지,48330,33021,0,1121,0001,일반건축물,경상남도 양산시 석계산단2길 96 (상북면 석계리),,사무동,3339.2,150.86,4.52,300.62,9,철근콘크리트구조,17000,공장,3,0
경상남도 양산시 상북면 석계리 1121-1번지,48330,33021,0,1121,0001,일반건축물,경상남도 양산시 석계산단2길 96 (상북면 석계리),,작업장,3339.2,1800.36,53.92,1861.62,55.75,일반철골구조,17000,공장,1,0
경상남도 양산시 상북면 석계리 1121-2번지,48330,33021,0,1121,0002,일반건축물,경상남도 양산시 석계산단2길 88 (상북면 석계리),,1동,3433.8,2388.61,69.56,4642.86,135.21,일반철골구조,17000,공장,4,0
경상남도 양산시 상북면 석계리 1121-2번지,48330,33021,0,1121,0002,일반건축물,경상남도 양산시 석계산단2길 88 (상북면 석계리),,2동,0,210.24,0,606.24,0,철근콘크리트구조,17000,공장,3,0
경상남도 양산시 상북면 석계리 1121-3번지,48330,33021,0,1121,0003,일반건축물,경상남도 양산시 석계산단2길 82 (상북면 석계리),,1동,0,699.8,0,597.85,0,일반철골구조,17000,공장,1,0
경상남도 양산시 상북면 석계리 1121-3번지,48330,33021,0,1121,0003,일반건축물,경상남도 양산시 석계산단2길 82 (상북면 석계리),,2동,0,507.97,0,507.97,0,일반철골구조,17000,공장,1,0
경상남도 양산시 상북면 석계리 1121-3번지,48330,33021,0,1121,0003,일반건축물,경상남도 양산시 석계산단2길 82 (상북면 석계리),,4동,0,101.95,0,203.9,0,일반철골구조,17000,공장,2,0
경상남도 양산시 상북면 석계리 1121-3번지,48330,33021,0,1121,0003,일반건축물,경상남도 양산시 석계산단2길 82 (상북면 석계리),,3동,0,507.97,0,507.97,0,일반철골구조,17000,공장,1,0
경상남도 양산시 상북면 석계리 1121-4번지,48330,33021,0,1121,0004,일반건축물,경상남도 양산시 석계산단2길 72 (상북면 석계리),,1동,10448.2,6061.81,58.02,9377.16,89.75,일반철골구조,17000,공장,3,0
경상남도 양산시 상북면 석계리 1121-4번지,48330,33021,0,1121,0004,일반건축물,경상남도 양산시 석계산단2길 72 (상북면 석계리),,2동,10448.2,17.28,0.17,17.28,0.17,철근콘크리트구조,17000,공장,1,0
경상남도 양산시 상북면 석계리 1121-5번지,48330,33021,0,1121,0005,일반건축물,경상남도 양산시 석계산단3길 59 (상북면 석계리),,2동,0,238.98,0,702.18,0,일반철골구조,17000,공장,3,0
경상남도 양산시 상북면 석계리 1121-5번지,48330,33021,0,1121,0005,일반건축물,경상남도 양산시 석계산단3길 59 (상북면 석계리),,1동,3577.8,2199.98,61.49,4613.18,128.94,일반철골구조,17000,공장,2,0
경상남도 양산시 상북면 석계리 1121-6번지,48330,33021,0,1121,0006,일반건축물,경상남도 양산시 석계산단3길 65 (상북면 석계리),(주)디앤코텍,C동,0,131.58,0,385.405,0,철근콘크리트구조,17000,공장,3,0
경상남도 양산시 상북면 석계리 1121-6번지,48330,33021,0,1121,0006,일반건축물,경상남도 양산시 석계산단3길 65 (상북면 석계리),(주)디앤코텍,A동,0,756.03,0,1009.855,0,일반철골구조,17000,공장,1,0
경상남도 양산시 상북면 석계리 1121-6번지,48330,33021,0,1121,0006,일반건축물,경상남도 양산시 석계산단3길 65 (상북면 석계리),(주)디앤코텍,B동,0,661.65,0,661.65,0,일반철골구조,17000,공장,1,0
경상남도 양산시 상북면 석계리 1121-7번지,48330,33021,0,1121,0007,일반건축물,경상남도 양산시 석계산단3길 73 (상북면 석계리),,2동,0,383.22,0,733.1,0,철근콘크리트구조,17000,공장,2,0
경상남도 양산시 상북면 석계리 1121-7번지,48330,33021,0,1121,0007,일반건축물,경상남도 양산시 석계산단3길 73 (상북면 석계리),,1동,3444,1468.48,34.1,1818.36,52.8,일반철골구조,17000,공장,1,0
경상남도 양산시 상북면 석계리 1121-7번지,48330,33021,0,1121,0007,일반건축물,경상남도 양산시 석계산단3길 73 (상북면 석계리),,4동,3444.1,96.48,2.8,96.48,2.8,경량철골구조,17000,창고,1,0
경상남도 양산시 상북면 석계리 1121-7번지,48330,33021,0,1121,0007,일반건축물,경상남도 양산시 석계산단3길 73 (상북면 석계리),,3동,3444.1,197.5,5.73,197.5,5.7,일반철골구조,17000,창고,1,0
경상남도 양산시 상북면 석계리 1121-8번지,48330,33021,0,1121,0008,일반건축물,경상남도 양산시 석계산단3길 79 (상북면 석계리),,2동,0,298.5,0,1034.5,0,철근콘크리트구조,17000,사무실,4,0
경상남도 양산시 상북면 석계리 1121-8번지,48330,33021,0,1121,0008,일반건축물,경상남도 양산시 석계산단3길 79 (상북면 석계리),,1동,3434,2398.5,69.85,3134.5,91.28,일반철골구조,17000,공장,1,0
경상남도 양산시 상북면 석계리 1121-9번지,48330,33021,0,1121,0009,일반건축물,경상남도 양산시 석계산단3길 85 (상북면 석계리),,4동,0,592,0,1184,0,일반철골구조,17000,공장,2,0
경상남도 양산시 상북면 석계리 1121-9번지,48330,33021,0,1121,0009,일반건축물,경상남도 양산시 석계산단3길 85 (상북면 석계리),,1동,0,763.48,0,996.18,0,일반철골구조,17000,공장,2,0
경상남도 양산시 상북면 석계리 1121-9번지,48330,33021,0,1121,0009,일반건축물,경상남도 양산시 석계산단3길 85 (상북면 석계리),,3동,0,690.75,0,690.75,0,일반철골구조,17000,공장,1,0
경상남도 양산시 상북면 석계리 1121-9번지,48330,33021,0,1121,0009,일반건축물,경상남도 양산시 석계산단3길 85 (상북면 석계리),,2동,0,105.48,0,204.48,0,일반철골구조,17000,공장,2,0
경상남도 양산시 상북면 석계리 1121-10번지,48330,33021,0,1121,0010,일반건축물,경상남도 양산시 석계산단3길 97 (상북면 석계리),,2동,0,1234,0,1234,0,일반철골구조,17000,공장,1,0
경상남도 양산시 상북면 석계리 1121-10번지,48330,33021,0,1121,0010,일반건축물,경상남도 양산시 석계산단3길 97 (상북면 석계리),,4동,0,53.34,0,53.34,0,경량철골구조,17000,공장,1,0
경상남도 양산시 상북면 석계리 1121-10번지,48330,33021,0,1121,0010,일반건축물,경상남도 양산시 석계산단3길 97 (상북면 석계리),,3동,0,188.7,0,560.7,0,일반철골구조,17000,공장,3,0
경상남도 양산시 상북면 석계리 1121-10번지,48330,33021,0,1121,0010,일반건축물,경상남도 양산시 석계산단3길 97 (상북면 석계리),,1동,0,1234.88,0,1804.83,0,일반철골구조,17000,공장,2,0
경상남도 양산시 상북면 석계리 1122-1번지,48330,33021,0,1122,0001,일반건축물,경상남도 양산시 석계산단3길 80 (상북면 석계리),,,1824.9,111.86,6.13,251.09,13.76,일반철골구조,17000,공장,3,0
경상남도 양산시 상북면 석계리 1122-1번지,48330,33021,0,1122,0001,일반건축물,경상남도 양산시 석계산단3길 80 (상북면 석계리),,,1824.9,915.8,50.18,1055.03,57.81,일반철골구조,17000,공장,3,0
경상남도 양산시 상북면 석계리 1122-2번지,48330,33021,0,1122,0002,일반건축물,경상남도 양산시 석계산단3길 76 (상북면 석계리),,2동,0,768.55,0,1012.12,0,일반철골구조,17000,공장,2,0
경상남도 양산시 상북면 석계리 1122-2번지,48330,33021,0,1122,0002,일반건축물,경상남도 양산시 석계산단3길 76 (상북면 석계리),,1동,0,686.65,0,848.32,0,일반철골구조,17000,공장,2,0
경상남도 양산시 상북면 석계리 1122-2번지,48330,33021,0,1122,0002,일반건축물,경상남도 양산시 석계산단3길 76 (상북면 석계리),,3동,2148,81.9,3.81,163.8,7.63,일반철골구조,17000,공장,3,0
경상남도 양산시 상북면 석계리 1122-3번지,48330,33021,0,1122,0003,일반건축물,경상남도 양산시 석계산단3길 70 (상북면 석계리),,제3동,0,846,0,846,0,일반철골구조,17000,공장,1,0
경상남도 양산시 상북면 석계리 1122-3번지,48330,33021,0,1122,0003,일반건축물,경상남도 양산시 석계산단3길 70 (상북면 석계리),,제4동,0,309,0,915,0,철근콘크리트구조,17000,공장,3,0
경상남도 양산시 상북면 석계리 1122-3번지,48330,33021,0,1122,0003,일반건축물,경상남도 양산시 석계산단3길 70 (상북면 석계리),,제2동,0,920,0,920,0,일반철골구조,17000,공장,1,0
경상남도 양산시 상북면 석계리 1122-3번지,48330,33021,0,1122,0003,일반건축물,경상남도 양산시 석계산단3길 70 (상북면 석계리),,제1동,0,965.3,0,1113.8,0,일반철골구조,17000,공장,2,0
경상남도 양산시 상북면 석계리 1122-4번지,48330,33021,0,1122,0004,일반건축물,경상남도 양산시 석계산단4길 59 (상북면 석계리),,2동,6024,297.53,4.94,896.78,14.89,철근콘크리트구조,17000,공장,4,0
경상남도 양산시 상북면 석계리 1122-4번지,48330,33021,0,1122,0004,일반건축물,경상남도 양산시 석계산단4길 59 (상북면 석계리),,1동,6024,2807.89,46.61,5270.22,87.49,일반철골구조,17000,공장,3,0
경상남도 양산시 상북면 석계리 1122-5번지,48330,33021,0,1122,0005,일반건축물,경상남도 양산시 석계산단4길 89 (상북면 석계리),,4동,0,197.16,0,591.48,0,일반철골구조,17000,공장,3,0
경상남도 양산시 상북면 석계리 1122-5번지,48330,33021,0,1122,0005,일반건축물,경상남도 양산시 석계산단4길 89 (상북면 석계리),,2동,0,2194.62,0,6099.03,0,일반철골구조,17000,공장,2,0
경상남도 양산시 상북면 석계리 1122-5번지,48330,33021,0,1122,0005,일반건축물,경상남도 양산시 석계산단4길 89 (상북면 석계리),,6동,0,501.52,0,1495.67,0,일반철골구조,17000,공장,3,0
경상남도 양산시 상북면 석계리 1122-5번지,48330,33021,0,1122,0005,일반건축물,경상남도 양산시 석계산단4길 89 (상북면 석계리),,5동,0,27,0,27,0,철근콘크리트구조,17000,공장,1,0
경상남도 양산시 상북면 석계리 1122-5번지,48330,33021,0,1122,0005,일반건축물,경상남도 양산시 석계산단4길 89 (상북면 석계리),,1동,0,229.61,0,666.33,0,철근콘크리트구조,17000,공장,3,0
경상남도 양산시 상북면 석계리 1122-5번지,48330,33021,0,1122,0005,일반건축물,경상남도 양산시 석계산단4길 89 (상북면 석계리),,3동,0,1088.58,0,1319.22,0,일반철골구조,17000,공장,2,0
경상남도 양산시 상북면 석계리 1123-1번지,48330,33021,0,1123,0001,일반건축물,경상남도 양산시 석계산단4길 66 (상북면 석계리),,나동,6536.5,373.81,5.72,734.12,11.23,철근콘크리트구조,17000,공장,2,0
경상남도 양산시 상북면 석계리 1123-1번지,48330,33021,0,1123,0001,일반건축물,경상남도 양산시 석계산단4길 66 (상북면 석계리),,가동,6536.5,4558.94,69.75,8190.01,125.3,일반철골구조,17000,공장,2,0
경상남도 양산시 상북면 석계리 1123-2번지,48330,33021,0,1123,0002,일반건축물,경상남도 양산시 석계산단5길 59 (상북면 석계리),,주1동,2830,1587.98,56.11,1923.03,67.95,일반철골구조,17000,공장,3,0
경상남도 양산시 상북면 석계리 1124-1번지,48330,33021,0,1124,0001,일반건축물,경상남도 양산시 석계산단4길 50 (상북면 석계리),,2동,6870.3,67.5,1,67.5,1,경량철골구조,17000,공장,1,0
경상남도 양산시 상북면 석계리 1124-1번지,48330,33021,0,1124,0001,일반건축물,경상남도 양산시 석계산단4길 50 (상북면 석계리),,1동,6870.3,3833.46,55.8,3874.63,56.4,일반철골구조,17000,공장,2,0
경상남도 양산시 상북면 석계리 1124-2번지,48330,33021,0,1124,0002,일반건축물,경상남도 양산시 석계산단4길 36 (상북면 석계리),남우건설 양산공장,주1동,0,3155.24,0,3595.37,0,일반철골구조,17000,공장,3,0
경상남도 양산시 상북면 석계리 1124-2번지,48330,33021,0,1124,0002,일반건축물,경상남도 양산시 석계산단4길 36 (상북면 석계리),남우건설 양산공장,주2동,0,1389.61,0,1348.86,0,일반철골구조,17000,공장,1,0
경상남도 양산시 상북면 석계리 1124-2번지,48330,33021,0,1124,0002,일반건축물,경상남도 양산시 석계산단4길 36 (상북면 석계리),남우건설 양산공장,부1동,6752,155.55,2.3,466.65,6.91,일반철골구조,17000,"공장(식당,사무실)",3,0
경상남도 양산시 상북면 석계리 1124-5번지,48330,33021,0,1124,0005,일반건축물,경상남도 양산시 석계산단4길 10 (상북면 석계리),,2동,0,612,0,612,0,일반철골구조,17000,공장,1,0
경상남도 양산시 상북면 석계리 1124-5번지,48330,33021,0,1124,0005,일반건축물,경상남도 양산시 석계산단4길 10 (상북면 석계리),,3동,0,252.4,0,495.33,0,일반철골구조,17000,공장,2,0
경상남도 양산시 상북면 석계리 1124-5번지,48330,33021,0,1124,0005,일반건축물,경상남도 양산시 석계산단4길 10 (상북면 석계리),,1동,0,955.4,0,1198.33,0,일반철골구조,17000,공장,1,0
경상남도 양산시 상북면 석계리 1124-6번지,48330,33021,0,1124,0006,일반건축물,경상남도 양산시 석계산단로 181 (상북면 석계리),,B동,3305,98.09,2.9679,172.19,5.21,일반철골구조,17000,"공장(사무실,기숙사)",2,0
경상남도 양산시 상북면 석계리 1124-6번지,48330,33021,0,1124,0006,일반건축물,경상남도 양산시 석계산단로 181 (상북면 석계리),,A동,3297.7,1355.78,41.11,1429.88,43.36,일반철골구조,17000,공장,1,0
경상남도 양산시 상북면 석계리 1124-7번지,48330,33021,0,1124,0007,일반건축물,경상남도 양산시 석계산단5길 5 (상북면 석계리),기영이엔씨(주),제2동,0,319.21,0,715.46,0,일반철골구조,17000,공장,4,0
경상남도 양산시 상북면 석계리 1124-7번지,48330,33021,0,1124,0007,일반건축물,경상남도 양산시 석계산단5길 5 (상북면 석계리),기영이엔씨(주),제1동,0,3420,0,3516.91,0,일반철골구조,17000,공장,2,0
경상남도 양산시 상북면 석계리 1124-9번지,48330,33021,0,1124,0009,일반건축물,경상남도 양산시 석계산단5길 19 (상북면 석계리),,2동,0,824,0,931.43,0,일반철골구조,17000,공장,2,0
경상남도 양산시 상북면 석계리 1124-9번지,48330,33021,0,1124,0009,일반건축물,경상남도 양산시 석계산단5길 19 (상북면 석계리),,1동,0,1138,0,1464.4,0,일반철골구조,17000,공장,2,0
경상남도 양산시 상북면 석계리 1124-10번지,48330,33021,0,1124,0010,일반건축물,경상남도 양산시 석계산단5길 27 (상북면 석계리),,1동,3382.1,1935.4,57.22,2294.37,67.84,일반철골구조,17000,공장,2,0
경상남도 양산시 상북면 석계리 1124-10번지,48330,33021,0,1124,0010,일반건축물,경상남도 양산시 석계산단5길 27 (상북면 석계리),,2동,0,180.98,0,361.95,0,일반철골구조,17000,공장,3,0
경상남도 양산시 상북면 석계리 1124-10번지,48330,33021,0,1124,0010,일반건축물,경상남도 양산시 석계산단5길 27 (상북면 석계리),,3동,0,198.75,0,198.75,0,일반철골구조,17000,공장,1,0
경상남도 양산시 상북면 석계리 1124-11번지,48330,33021,0,1124,0011,일반건축물,경상남도 양산시 석계산단5길 35 (상북면 석계리),,나동,0,745.9,0,848.62,0,일반철골구조,17000,공장,2,0
경상남도 양산시 상북면 석계리 1124-11번지,48330,33021,0,1124,0011,일반건축물,경상남도 양산시 석계산단5길 35 (상북면 석계리),,다동,0,200,0,391.71,0,철근콘크리트구조,17000,공장,2,0
경상남도 양산시 상북면 석계리 1124-11번지,48330,33021,0,1124,0011,일반건축물,경상남도 양산시 석계산단5길 35 (상북면 석계리),,가동,0,1412.51,0,1734.32,0,일반철골구조,17000,공장,2,0
경상남도 양산시 상북면 석계리 1124-12번지,48330,33021,0,1124,0012,일반건축물,경상남도 양산시 석계산단5길 41 (상북면 석계리),,제2동,0,941.7,0,893.55,0,일반철골구조,17000,공장,1,0
경상남도 양산시 상북면 석계리 1124-12번지,48330,33021,0,1124,0012,일반건축물,경상남도 양산시 석계산단5길 41 (상북면 석계리),,제1동,0,628.06,0,666.56,0,일반철골구조,17000,공장,2,0
경상남도 양산시 상북면 석계리 1124-13번지,48330,33021,0,1124,0013,일반건축물,경상남도 양산시 석계산단5길 49 (상북면 석계리),,1동,0,880.6,0,999.5,0,일반철골구조,17000,공장,2,0
경상남도 양산시 상북면 석계리 1124-13번지,48330,33021,0,1124,0013,일반건축물,경상남도 양산시 석계산단5길 49 (상북면 석계리),,2동,0,410.73,0,547.08,0,일반철골구조,17000,공장,2,0
경상남도 양산시 상북면 석계리 1125-1번지,48330,33021,0,1125,0001,일반건축물,경상남도 양산시 석계산단4길 39 (상북면 석계리),,제2동,18398.7,25.2,0.1,16.8,0.09,철근콘크리트구조,17000,공장,1,0
경상남도 양산시 상북면 석계리 1125-1번지,48330,33021,0,1125,0001,일반건축물,경상남도 양산시 석계산단4길 39 (상북면 석계리),,제1동,18398.7,8389.3,45.6,9129.3,49.62,일반철골구조,17000,공장,2,0
경상남도 양산시 상북면 석계리 1125-2번지,48330,33021,0,1125,0002,일반건축물,경상남도 양산시 석계산단4길 49 (상북면 석계리),(주)일원디앤씨,1동,0,450,0,450,0,일반철골구조,04000,제2종근린생활시설,1,0
경상남도 양산시 상북면 석계리 1125-2번지,48330,33021,0,1125,0002,일반건축물,경상남도 양산시 석계산단4길 49 (상북면 석계리),(주)일원디앤씨,2동,0,45,0,45,0,경량철골구조,04000,제2종근린생활시설,1,0
경상남도 양산시 상북면 석계리 1125-4번지,48330,33021,0,1125,0004,일반건축물,경상남도 양산시 석계산단4길 23 (상북면 석계리),,2동,0,336.5,0,1056.71,0,철근콘크리트구조,17000,공장,4,0
경상남도 양산시 상북면 석계리 1125-4번지,48330,33021,0,1125,0004,일반건축물,경상남도 양산시 석계산단4길 23 (상북면 석계리),,1동,0,4340.4,0,4402.5,0,일반철골구조,17000,공장,2,0
경상남도 양산시 상북면 석계리 1125-5번지,48330,33021,0,1125,0005,일반건축물,경상남도 양산시 석계산단4길 15 (상북면 석계리),,1동,6676.8,2746.48,41.13,2818.98,42.22,일반철골구조,17000,공장,2,0
경상남도 양산시 상북면 석계리 1125-6번지,48330,33021,0,1125,0006,일반건축물,경상남도 양산시 석계산단4길 5 (상북면 석계리),,A동,0,3327.5,0,3741.29,0,일반철골구조,17000,공장,2,0
경상남도 양산시 상북면 석계리 1125-6번지,48330,33021,0,1125,0006,일반건축물,경상남도 양산시 석계산단4길 5 (상북면 석계리),,C동,0,975,0,975,0,일반철골구조,17000,공장,1,0
경상남도 양산시 상북면 석계리 1125-6번지,48330,33021,0,1125,0006,일반건축물,경상남도 양산시 석계산단4길 5 (상북면 석계리),,B동,9585,226.6,2.36,500.6,5.22,철근콘크리트구조,17000,공장,3,0
경상남도 양산시 상북면 석계리 1125-6번지,48330,33021,0,1125,0006,일반건축물,경상남도 양산시 석계산단4길 5 (상북면 석계리),,D동,0,991.3,0,962.5,0,일반철골구조,17000,공장,1,0
경상남도 양산시 상북면 석계리 1126-1번지,48330,33021,0,1126,0001,일반건축물,경상남도 양산시 석계산단2길 46 (상북면 석계리),,1동,6752,4128.41,61.14,5744.81,84.56,일반철골구조,17000,공장,3,1
경상남도 양산시 상북면 석계리 1126-1번지,48330,33021,0,1126,0001,일반건축물,경상남도 양산시 석계산단2길 46 (상북면 석계리),,2동,6752,25.2,0.37,16.8,0.25,철근콘크리트구조,17000,공장,1,0
경상남도 양산시 상북면 석계리 1126-2번지,48330,33021,0,1126,0002,일반건축물,경상남도 양산시 석계산단2길 36 (상북면 석계리),,2동,0,100.8,0,325.92,0,철근콘크리트구조,17000,공장,4,0
경상남도 양산시 상북면 석계리 1126-2번지,48330,33021,0,1126,0002,일반건축물,경상남도 양산시 석계산단2길 36 (상북면 석계리),,1동,0,2278.2,0,2374.33,0,일반철골구조,17000,공장,2,0
경상남도 양산시 상북면 석계리 1126-3번지,48330,33021,0,1126,0003,일반건축물,경상남도 양산시 석계산단2길 28 (상북면 석계리),부일특장차,1동,3389.4,1102,32.51,1214,35.82,일반철골구조,17000,공장,1,0
경상남도 양산시 상북면 석계리 1126-3번지,48330,33021,0,1126,0003,일반건축물,경상남도 양산시 석계산단2길 28 (상북면 석계리),부일특장차,2동,3388,112,3.31,224,6.61,일반철골구조,17000,공장,2,0
경상남도 양산시 상북면 석계리 1126-4번지,48330,33021,0,1126,0004,일반건축물,경상남도 양산시 석계산단2길 22 (상북면 석계리),,2동,0,19.69,0,19.69,0,철근콘크리트구조,17000,공장,1,0
경상남도 양산시 상북면 석계리 1126-4번지,48330,33021,0,1126,0004,일반건축물,경상남도 양산시 석계산단2길 22 (상북면 석계리),,1동,10494.2,6597.24,62.87,7993.61,76.17,일반철골구조,17000,공장,4,0
경상남도 양산시 상북면 석계리 1126-5번지,48330,33021,0,1126,0005,일반건축물,경상남도 양산시 석계산단3길 5 (상북면 석계리),,1동,0,2124.2,0,2124.2,0,일반철골구조,17000,공장,1,0
경상남도 양산시 상북면 석계리 1126-5번지,48330,33021,0,1126,0005,일반건축물,경상남도 양산시 석계산단3길 5 (상북면 석계리),,2동,0,247.52,0,765.04,0,철근콘크리트구조,17000,공장,4,0
경상남도 양산시 상북면 석계리 1126-6번지,48330,33021,0,1126,0006,일반건축물,경상남도 양산시 석계산단3길 13 (상북면 석계리),,A동,0,1360.15,0,1556.15,0,일반철골구조,17000,공장,1,0
경상남도 양산시 상북면 석계리 1126-6번지,48330,33021,0,1126,0006,일반건축물,경상남도 양산시 석계산단3길 13 (상북면 석계리),,B동,0,603.4,0,779.1,0,일반철골구조,17000,공장,2,0
경상남도 양산시 상북면 석계리 1126-6번지,48330,33021,0,1126,0006,일반건축물,경상남도 양산시 석계산단3길 13 (상북면 석계리),,C동,0,196,0,392,0,일반철골구조,17000,공장,2,0
경상남도 양산시 상북면 석계리 1126-7번지,48330,33021,0,1126,0007,일반건축물,경상남도 양산시 석계산단3길 19 (상북면 석계리),,1동,0,914.38,0,1092.6,0,일반철골구조,17000,공장,2,0
경상남도 양산시 상북면 석계리 1126-7번지,48330,33021,0,1126,0007,일반건축물,경상남도 양산시 석계산단3길 19 (상북면 석계리),,2동,0,914.38,0,1076.43,0,일반철골구조,17000,공장,2,0
경상남도 양산시 상북면 석계리 1126-8번지,48330,33021,0,1126,0008,일반건축물,경상남도 양산시 석계산단3길 27 (상북면 석계리),,3동,3388,189.94,5.61,364.5,10.76,철근콘크리트구조,17000,공장(사무동),2,0
경상남도 양산시 상북면 석계리 1126-8번지,48330,33021,0,1126,0008,일반건축물,경상남도 양산시 석계산단3길 27 (상북면 석계리),,1동,3388,858.19,25.33,1050.75,31.01,일반철골구조,17000,공장,1,0
경상남도 양산시 상북면 석계리 1126-8번지,48330,33021,0,1126,0008,일반건축물,경상남도 양산시 석계산단3길 27 (상북면 석계리),,2동,3388,686.25,20.26,686.25,20.26,일반철골구조,17000,공장,1,0
경상남도 양산시 상북면 석계리 1126-9번지,48330,33021,0,1126,0009,일반건축물,경상남도 양산시 석계산단3길 35 (상북면 석계리),,1동,0,957.01,0,943.51,0,일반철골구조,17000,공장,1,0
경상남도 양산시 상북면 석계리 1126-9번지,48330,33021,0,1126,0009,일반건축물,경상남도 양산시 석계산단3길 35 (상북면 석계리),,3동,0,957.01,0,943.51,0,일반철골구조,17000,공장,1,0
경상남도 양산시 상북면 석계리 1126-9번지,48330,33021,0,1126,0009,일반건축물,경상남도 양산시 석계산단3길 35 (상북면 석계리),,2동,0,113.24,0,223.78,0,일반철골구조,17000,공장,3,0
경상남도 양산시 상북면 석계리 1126-10번지,48330,33021,0,1126,0010,일반건축물,경상남도 양산시 석계산단3길 41 (상북면 석계리),,B동,3388,140.4,4.144,421.2,12.4321,철근콘크리트구조,17000,공장(사무실),4,0
경상남도 양산시 상북면 석계리 1126-10번지,48330,33021,0,1126,0010,일반건축물,경상남도 양산시 석계산단3길 41 (상북면 석계리),,A동,3377.7,2233.61,66.13,2514.41,74.44,일반철골구조,17000,공장,1,0
경상남도 양산시 상북면 석계리 1126-11번지,48330,33021,0,1126,0011,일반건축물,경상남도 양산시 석계산단3길 49 (상북면 석계리),,3동,0,188.19,0,466.83,0,일반철골구조,17000,공장(사무실),4,0
경상남도 양산시 상북면 석계리 1126-11번지,48330,33021,0,1126,0011,일반건축물,경상남도 양산시 석계산단3길 49 (상북면 석계리),,1동,0,934.19,0,1212.83,0,일반철골구조,17000,공장,1,0
경상남도 양산시 상북면 석계리 1126-11번지,48330,33021,0,1126,0011,일반건축물,경상남도 양산시 석계산단3길 49 (상북면 석계리),,2동,0,657,0,657,0,일반철골구조,17000,공장,1,0
경상남도 양산시 상북면 석계리 1127-1번지,48330,33021,0,1127,0001,일반건축물,경상남도 양산시 석계산단1길 46 (상북면 석계리),,6동,6570.8,62.7,0.95,62.7,0.95,경량철골구조,17000,공장,1,0
경상남도 양산시 상북면 석계리 1127-1번지,48330,33021,0,1127,0001,일반건축물,경상남도 양산시 석계산단1길 46 (상북면 석계리),,2동,0,216,0,216,0,일반철골구조,17000,공장,1,0
경상남도 양산시 상북면 석계리 1127-1번지,48330,33021,0,1127,0001,일반건축물,경상남도 양산시 석계산단1길 46 (상북면 석계리),,5동,6570.8,535.75,8.15,949,14.44,일반철골구조,17000,공장,2,0
경상남도 양산시 상북면 석계리 1127-1번지,48330,33021,0,1127,0001,일반건축물,경상남도 양산시 석계산단1길 46 (상북면 석계리),,3동,0,576,0,576,0,일반철골구조,17000,공장,1,0
경상남도 양산시 상북면 석계리 1127-1번지,48330,33021,0,1127,0001,일반건축물,경상남도 양산시 석계산단1길 46 (상북면 석계리),,1동,0,2557.55,0,2970.8,0,일반철골구조,17000,공장,1,0
경상남도 양산시 상북면 석계리 1127-1번지,48330,33021,0,1127,0001,일반건축물,경상남도 양산시 석계산단1길 46 (상북면 석계리),,4동,0,300,0,300,0,일반철골구조,17000,공장,1,0
경상남도 양산시 상북면 석계리 1127-1번지,48330,33021,0,1127,0001,일반건축물,경상남도 양산시 석계산단1길 46 (상북면 석계리),,7동,6570.8,19.5,0.3,19.5,0.3,경량철골구조,17000,공장,1,0
경상남도 양산시 상북면 석계리 1127-1번지,48330,33021,0,1127,0001,일반건축물,경상남도 양산시 석계산단1길 46 (상북면 석계리),,8동,6570.8,15.6,0.24,15.6,0.24,경량철골구조,17000,공장,1,0
경상남도 양산시 상북면 석계리 1127-2번지,48330,33021,0,1127,0002,일반건축물,경상남도 양산시 석계산단1길 36 (상북면 석계리),마하(주),,3321,99,2.98,198,5.96,철근콘크리트구조,17000,공장(사무소),3,0
경상남도 양산시 상북면 석계리 1127-2번지,48330,33021,0,1127,0002,일반건축물,경상남도 양산시 석계산단1길 36 (상북면 석계리),마하(주),,3314.3,1151.6,34.75,1250.6,37.73,일반철골구조,17000,공장,1,0
경상남도 양산시 상북면 석계리 1127-3번지,48330,33021,0,1127,0003,일반건축물,경상남도 양산시 석계산단1길 28 (상북면 석계리),,3동,0,171.44,0,490.5,0,철근콘크리트구조,17000,공장,4,0
경상남도 양산시 상북면 석계리 1127-3번지,48330,33021,0,1127,0003,일반건축물,경상남도 양산시 석계산단1길 28 (상북면 석계리),,1동,0,1181.94,0,1503,0,일반철골구조,17000,공장,2,0
경상남도 양산시 상북면 석계리 1127-3번지,48330,33021,0,1127,0003,일반건축물,경상남도 양산시 석계산단1길 28 (상북면 석계리),,2동,0,508.25,0,513.09,0,일반철골구조,17000,공장,2,0
경상남도 양산시 상북면 석계리 1127-4번지,48330,33021,0,1127,0004,일반건축물,경상남도 양산시 석계산단1길 22 (상북면 석계리),,1동,3314.3,1845.14,55.67,1993.14,60.14,일반철골구조,17000,공장,2,0
경상남도 양산시 상북면 석계리 1127-5번지,48330,33021,0,1127,0005,일반건축물,경상남도 양산시 석계산단1길 12 (상북면 석계리),,1동,0,984.28,0,984.28,0,일반철골구조,17000,공장,1,0
경상남도 양산시 상북면 석계리 1127-5번지,48330,33021,0,1127,0005,일반건축물,경상남도 양산시 석계산단1길 12 (상북면 석계리),,3동,0,144.2,0,286.7,0,철근콘크리트구조,17000,공장,3,0
경상남도 양산시 상북면 석계리 1127-5번지,48330,33021,0,1127,0005,일반건축물,경상남도 양산시 석계산단1길 12 (상북면 석계리),,2동,6955,1810.55,26.03,1953.05,28.08,일반철골구조,17000,공장,1,0
경상남도 양산시 상북면 석계리 1127-6번지,48330,33021,0,1127,0006,일반건축물,경상남도 양산시 석계산단2길 5 (상북면 석계리),,2동,0,1024,0,1923.5,0,일반철골구조,17000,공장,2,0
경상남도 양산시 상북면 석계리 1127-6번지,48330,33021,0,1127,0006,일반건축물,경상남도 양산시 석계산단2길 5 (상북면 석계리),,1동,0,914,0,1200,0,일반철골구조,17000,공장,2,0
경상남도 양산시 상북면 석계리 1127-6번지,48330,33021,0,1127,0006,일반건축물,경상남도 양산시 석계산단2길 5 (상북면 석계리),,3동,0,234.08,0,464.08,0,일반철골구조,17000,공장,2,0
경상남도 양산시 상북면 석계리 1127-6번지,48330,33021,0,1127,0006,일반건축물,경상남도 양산시 석계산단2길 5 (상북면 석계리),,4동,0,50,0,50,0,경량철골구조,17000,공장,1,0
경상남도 양산시 상북면 석계리 1127-7번지,48330,33021,0,1127,0007,일반건축물,경상남도 양산시 석계산단2길 11 (상북면 석계리),,2동,0,234.6,0,743.47,0,일반철골구조,17000,공장,4,0
경상남도 양산시 상북면 석계리 1127-7번지,48330,33021,0,1127,0007,일반건축물,경상남도 양산시 석계산단2길 11 (상북면 석계리),,1동,3321,2319.77,69.85,3301.9,99.42,일반철골구조,17000,공장,2,0
경상남도 양산시 상북면 석계리 1127-8번지,48330,33021,0,1127,0008,일반건축물,경상남도 양산시 석계산단2길 19 (상북면 석계리),,1동(공장동),3321.3,2292.26,69.02,2496.36,75.16,일반철골구조,17000,공장,1,0
경상남도 양산시 상북면 석계리 1127-8번지,48330,33021,0,1127,0008,일반건축물,경상남도 양산시 석계산단2길 19 (상북면 석계리),,2동(사무동),3321.3,177,5.33,381.1,11.47,일반철골구조,17000,공장,3,0
경상남도 양산시 상북면 석계리 1127-9번지,48330,33021,0,1127,0009,일반건축물,경상남도 양산시 석계산단2길 27 (상북면 석계리),,2동,3320.9,192,5.78,373.5,11.25,철근콘크리트구조,17000,사무실,2,0
경상남도 양산시 상북면 석계리 1127-9번지,48330,33021,0,1127,0009,일반건축물,경상남도 양산시 석계산단2길 27 (상북면 석계리),,1동,3320.9,1738.6,52.35,1870.96,56.34,일반철골구조,17000,공장,2,0
경상남도 양산시 상북면 석계리 1127-10번지,48330,33021,0,1127,0010,일반건축물,경상남도 양산시 석계산단2길 35 (상북면 석계리),,4동,0,769.5,0,769.5,0,일반철골구조,17000,공장,1,0
경상남도 양산시 상북면 석계리 1127-10번지,48330,33021,0,1127,0010,일반건축물,,,2동,3321.5,126,3.79,126,3.79,일반철골구조,17000,공장(사무실),1,0
경상남도 양산시 상북면 석계리 1127-10번지,48330,33021,0,1127,0010,일반건축물,경상남도 양산시 석계산단2길 35 (상북면 석계리),,1동,0,580.36,0,580.36,0,일반철골구조,17000,공장,1,0
경상남도 양산시 상북면 석계리 1127-10번지,48330,33021,0,1127,0010,일반건축물,경상남도 양산시 석계산단2길 35 (상북면 석계리),,3동,0,374.54,0,374.54,0,일반철골구조,17000,공장,1,0
경상남도 양산시 상북면 석계리 1127-11번지,48330,33021,0,1127,0011,일반건축물,경상남도 양산시 석계산단2길 43 (상북면 석계리),,2동,3321.1,11.2,0.3372,11.2,0.3372,철근콘크리트구조,17000,공장,1,0
경상남도 양산시 상북면 석계리 1127-11번지,48330,33021,0,1127,0011,일반건축물,경상남도 양산시 석계산단2길 43 (상북면 석계리),,1동,3321.1,2303.9,69.37,5714.19,172.06,일반철골구조,17000,공장,5,0
경상남도 양산시 상북면 석계리 1127-12번지,48330,33021,0,1127,0012,일반건축물,경상남도 양산시 석계산단2길 47 (상북면 석계리),(주)피글 양산 사옥,제1동,3284.8,1016.17,30.94,1775.67,54.06,철근콘크리트구조,17000,공장,2,0
경상남도 양산시 상북면 석계리 1128-1번지,48330,33021,0,1128,0001,일반건축물,경상남도 양산시 석계산단로 146 (상북면 석계리),,,3064.4,499.26,16.29,499.26,16.29,일반철골구조,20000,자동차관련시설,1,0
경상남도 양산시 상북면 석계리 1128-2번지,48330,33021,0,1128,0002,일반건축물,경상남도 양산시 석계산단로 150 (상북면 석계리),,제1동,0,499.2,0,499.2,0,일반철골구조,04000,제2종근린생활시설,1,0
경상남도 양산시 상북면 석계리 1128-2번지,48330,33021,0,1128,0002,일반건축물,경상남도 양산시 석계산단로 150 (상북면 석계리),,제2동,0,144,0,133.5,0,일반철골구조,03000,제1종근린생활시설,2,0
경상남도 양산시 상북면 석계리 1128-3번지,48330,33021,0,1128,0003,일반건축물,경상남도 양산시 석계산단로 160 (상북면 석계리),,1동,5314.4,3209.79,60.4,3873.67,72.89,일반철골구조,17000,공장,2,0
경상남도 양산시 상북면 석계리 1128-3번지,48330,33021,0,1128,0003,일반건축물,경상남도 양산시 석계산단로 160 (상북면 석계리),,2동,0,193.6,0,499.6,0,철근콘크리트구조,17000,공장,3,0
경상남도 양산시 상북면 석계리 1129-1번지,48330,33021,0,1129,0001,일반건축물,경상남도 양산시 석계산단로 186 (상북면 석계리),,제1동,0,2257.355,0,2543.551,0,일반철골구조,17000,공장,2,0
경상남도 양산시 상북면 석계리 1129-1번지,48330,33021,0,1129,0001,일반건축물,경상남도 양산시 석계산단로 186 (상북면 석계리),,제2동,0,148.8,0,409.14,0,철근콘크리트구조,17000,공장,4,0
경상남도 양산시 상북면 석계리 1129-2번지,48330,33021,0,1129,0002,일반건축물,경상남도 양산시 석계산단로 190 (상북면 석계리),,3동,0,118.82,0,221.8,0,일반철골구조,17000,공장,2,0
경상남도 양산시 상북면 석계리 1129-2번지,48330,33021,0,1129,0002,일반건축물,경상남도 양산시 석계산단로 190 (상북면 석계리),,1동,3850,2301.5,59.78,3312.22,86.03,일반철골구조,17000,공장,2,0
경상남도 양산시 상북면 석계리 1129-2번지,48330,33021,0,1129,0002,일반건축물,경상남도 양산시 석계산단로 190 (상북면 석계리),,2동,0,207,0,414,0,일반철골구조,17000,공장,2,0
경상남도 양산시 상북면 석계리 1130-1번지,48330,33021,0,1130,0001,일반건축물,경상남도 양산시 석계산단6길 82 (상북면 석계리),,4동,11815.4,787.5,0,1059.5,0,일반철골구조,17000,공장,2,0
경상남도 양산시 상북면 석계리 1130-1번지,48330,33021,0,1130,0001,일반건축물,경상남도 양산시 석계산단6길 82 (상북면 석계리),,2동,11815.4,451,3.82,1335,11.3,철근콘크리트구조,17000,공장,4,0
경상남도 양산시 상북면 석계리 1130-1번지,48330,33021,0,1130,0001,일반건축물,경상남도 양산시 석계산단6길 82 (상북면 석계리),,3동,11815.4,26.64,0.23,26.64,0.23,철근콘크리트구조,17000,공장,1,0
경상남도 양산시 상북면 석계리 1130-1번지,48330,33021,0,1130,0001,일반건축물,경상남도 양산시 석계산단6길 82 (상북면 석계리),,1동,11815.4,6034.12,0,8238.12,0,일반철골구조,17000,공장,2,0
경상남도 양산시 상북면 석계리 1130-4번지,48330,33021,0,1130,0004,일반건축물,경상남도 양산시 석계산단6길 76 (상북면 석계리),,1동,0,848.16,0,848.16,0,일반철골구조,17000,공장,1,0
경상남도 양산시 상북면 석계리 1130-4번지,48330,33021,0,1130,0004,일반건축물,경상남도 양산시 석계산단6길 76 (상북면 석계리),,2동,0,76.5,0,220.88,0,일반철골구조,17000,공장,4,0
경상남도 양산시 상북면 석계리 1131-1번지,48330,33021,0,1131,0001,일반건축물,경상남도 양산시 석계산단6길 117 (상북면 석계리),,1동,2078.8,664.44,31.96,984.92,47.38,일반철골구조,17000,공장,2,0
경상남도 양산시 상북면 석계리 1131-2번지,48330,33021,0,1131,0002,일반건축물,경상남도 양산시 석계산단6길 123 (상북면 석계리),제일산업개발 본사,3동,0,67.02,0,67.02,0,일반철골구조,17000,공장(사무실),1,0
경상남도 양산시 상북면 석계리 1131-2번지,48330,33021,0,1131,0002,일반건축물,경상남도 양산시 석계산단6길 123 (상북면 석계리),제일산업개발 본사,1동,2080.7,1439.64,69.19,1623.6,78.03,일반철골구조,17000,공장,2,0
경상남도 양산시 상북면 석계리 1131-2번지,48330,33021,0,1131,0002,일반건축물,경상남도 양산시 석계산단6길 123 (상북면 석계리),제일산업개발 본사,2동,0,67.02,0,67.02,0,일반철골구조,17000,공장(사무실),1,0
경상남도 양산시 상북면 석계리 1131-3번지,48330,33021,0,1131,0003,일반건축물,경상남도 양산시 석계산단6길 125 (상북면 석계리),,1동,2077.6,708.3,34.09,752.1,36.2,일반철골구조,17000,공장,1,0
경상남도 양산시 상북면 석계리 1131-3번지,48330,33021,0,1131,0003,일반건축물,경상남도 양산시 석계산단6길 125 (상북면 석계리),,2동,2077.6,57,2.74,100.8,4.9,일반철골구조,17000,공장,2,0
경상남도 양산시 상북면 석계리 1131-4번지,48330,33021,0,1131,0004,일반건축물,경상남도 양산시 석계산단6길 129 (상북면 석계리),,1동,0,412.1,0,561.8,0,일반철골구조,17000,공장,2,0
경상남도 양산시 상북면 석계리 1131-4번지,48330,33021,0,1131,0004,일반건축물,경상남도 양산시 석계산단6길 129 (상북면 석계리),,2동,0,505.33,0,505.33,0,일반철골구조,17000,공장,1,0
경상남도 양산시 상북면 석계리 1131-5번지,48330,33021,0,1131,0005,일반건축물,경상남도 양산시 석계산단6길 135 (상북면 석계리),두영스텐산업,2동,2084,126,6.05,252,12.09,일반철골구조,17000,공장,2,0
경상남도 양산시 상북면 석계리 1131-5번지,48330,33021,0,1131,0005,일반건축물,경상남도 양산시 석계산단6길 135 (상북면 석계리),두영스텐산업,3동,2084,13.5,0.65,13.5,0.65,경량철골구조,17000,공장,1,0
경상남도 양산시 상북면 석계리 1131-5번지,48330,33021,0,1131,0005,일반건축물,경상남도 양산시 석계산단6길 135 (상북면 석계리),두영스텐산업,1동,2084,1133.25,54.38,1259.25,60.42,일반철골구조,17000,공장,1,0
경상남도 양산시 상북면 석계리 1131-6번지,48330,33021,0,1131,0006,일반건축물,경상남도 양산시 석계산단6길 139 (상북면 석계리),,1동,2229.7,1397.35,62.67,1724.13,77.33,일반철골구조,17000,공장,3,0
경상남도 양산시 상북면 석계리 1131-6번지,48330,33021,0,1131,0006,일반건축물,경상남도 양산시 석계산단6길 139 (상북면 석계리),,2동,0,82.55,0,82.55,0,경량철골구조,17000,공장,1,0
경상남도 양산시 상북면 석계리 1131-7번지,48330,33021,0,1131,0007,일반건축물,경상남도 양산시 석계산단6길 143 (상북면 석계리),,제1동,0,665,0,1330,0,일반철골구조,17000,공장,2,0
경상남도 양산시 상북면 석계리 1131-7번지,48330,33021,0,1131,0007,일반건축물,경상남도 양산시 석계산단6길 143 (상북면 석계리),,제3동,0,641.2,0,641.2,0,일반철골구조,17000,공장,1,0
경상남도 양산시 상북면 석계리 1131-7번지,48330,33021,0,1131,0007,일반건축물,경상남도 양산시 석계산단6길 143 (상북면 석계리),,제2동,0,641.2,0,641.2,0,일반철골구조,17000,공장,1,0
경상남도 양산시 상북면 석계리 1131-8번지,48330,33021,0,1131,0008,일반건축물,경상남도 양산시 석계산단6길 75 (상북면 석계리),,,0,93.1,0,186.2,0,철근콘크리트구조,17000,공장,3,0
경상남도 양산시 상북면 석계리 1131-8번지,48330,33021,0,1131,0008,일반건축물,경상남도 양산시 석계산단6길 75 (상북면 석계리),,,1719.2,1148.02,66.78,1425.02,82.89,일반철골구조,17000,공장,2,0
경상남도 양산시 상북면 석계리 1131-9번지,48330,33021,0,1131,0009,일반건축물,경상남도 양산시 석계산단6길 77 (상북면 석계리),,1동,1732.8,1091.4,62.98,1354.2,78.15,일반철골구조,17000,공장,1,0
경상남도 양산시 상북면 석계리 1131-9번지,48330,33021,0,1131,0009,일반건축물,경상남도 양산시 석계산단6길 77 (상북면 석계리),,2동,0,131.4,0,394.2,0,일반철골구조,17000,공장,3,0
경상남도 양산시 상북면 석계리 1131-10번지,48330,33021,0,1131,0010,일반건축물,경상남도 양산시 석계산단6길 81 (상북면 석계리),,1동,0,657.72,0,798.66,0,일반철골구조,17000,공장,1,0
경상남도 양산시 상북면 석계리 1131-10번지,48330,33021,0,1131,0010,일반건축물,경상남도 양산시 석계산단6길 81 (상북면 석계리),,3동,0,70.47,0,140.94,0,철근콘크리트구조,17000,공장,3,0
경상남도 양산시 상북면 석계리 1131-10번지,48330,33021,0,1131,0010,일반건축물,경상남도 양산시 석계산단6길 81 (상북면 석계리),,2동,0,333.2,0,333.2,0,일반철골구조,17000,공장,1,0
경상남도 양산시 상북면 석계리 1131-12번지,48330,33021,0,1131,0012,일반건축물,경상남도 양산시 석계산단6길 87 (상북면 석계리),,1동,1744.2,1067.77,61.22,1149.67,65.91,일반철골구조,17000,공장,1,0
경상남도 양산시 상북면 석계리 1131-12번지,48330,33021,0,1131,0012,일반건축물,경상남도 양산시 석계산단6길 87 (상북면 석계리),,2동,0,81.9,0,163.8,0,일반철골구조,17000,공장,2,0
경상남도 양산시 상북면 석계리 1131-13번지,48330,33021,0,1131,0013,일반건축물,경상남도 양산시 석계산단6길 91 (상북면 석계리),,,1744.5,1147,65.75,1212.55,69.51,일반철골구조,17000,공장,2,0
경상남도 양산시 상북면 석계리 1131-14번지,48330,33021,0,1131,0014,일반건축물,경상남도 양산시 석계산단6길 95 (상북면 석계리),,2동,0,136.04,0,390.97,0,일반철골구조,17000,공장,3,0
경상남도 양산시 상북면 석계리 1131-14번지,48330,33021,0,1131,0014,일반건축물,경상남도 양산시 석계산단6길 95 (상북면 석계리),,1동,1743.2,999.13,57.32,1368.73,78.52,일반철골구조,17000,공장,2,0
경상남도 양산시 상북면 석계리 1131-15번지,48330,33021,0,1131,0015,일반건축물,경상남도 양산시 석계산단6길 97 (상북면 석계리),,2동,0,85.09,0,170.17,0,일반철골구조,17000,"사무실,숙소",2,0
경상남도 양산시 상북면 석계리 1131-15번지,48330,33021,0,1131,0015,일반건축물,경상남도 양산시 석계산단6길 97 (상북면 석계리),,1동,1743.3,1054.99,60.52,1140.07,65.4,일반철골구조,17000,공장,1,0
경상남도 양산시 상북면 석계리 1131-16번지,48330,33021,0,1131,0016,일반건축물,경상남도 양산시 석계산단6길 101 (상북면 석계리),,2동,1721,85.48,4.97,170.44,9.9,철근콘크리트구조,17000,공장,3,0
경상남도 양산시 상북면 석계리 1131-16번지,48330,33021,0,1131,0016,일반건축물,경상남도 양산시 석계산단6길 101 (상북면 석계리),,1동,1721,1173.98,68.21,1258.94,73.15,일반철골구조,17000,공장,1,0
경상남도 양산시 상북면 석계리 1132-2번지,48330,33021,0,1132,0002,일반건축물,경상남도 양산시 석계산단6길 29 (상북면 석계리),,1동,3561.6,1664.64,46.74,1968.93,55.28,일반철골구조,17000,공장,1,0
경상남도 양산시 상북면 석계리 1132-2번지,48330,33021,0,1132,0002,일반건축물,경상남도 양산시 석계산단6길 29 (상북면 석계리),,2동,0,165,0,469.29,0,철근콘크리트구조,17000,공장,3,0
경상남도 양산시 상북면 석계리 1132-3번지,48330,33021,0,1132,0003,일반건축물,경상남도 양산시 석계산단6길 39 (상북면 석계리),(주)삼영로지스,1동,6611.1,4560.27,68.98,4656.24,70.43,공업화박판강구조(PEB),18000,창고시설,2,0
경상남도 양산시 상북면 석계리 1132-4번지,48330,33021,0,1132,0004,일반건축물,경상남도 양산시 석계산단6길 45 (상북면 석계리),,2동,0,142.3,0,420.77,0,철근콘크리트구조,17000,공장,3,0
경상남도 양산시 상북면 석계리 1132-4번지,48330,33021,0,1132,0004,일반건축물,경상남도 양산시 석계산단6길 45 (상북면 석계리),,1동,0,1603.86,0,1497.2,0,일반철골구조,17000,공장,1,0
경상남도 양산시 상북면 석계리 1132-5번지,48330,33021,0,1132,0005,일반건축물,경상남도 양산시 석계산단6길 144 (상북면 석계리),,1동,3302.3,700,21.2,912.8,27.64,일반철골구조,17000,공장,2,0
경상남도 양산시 상북면 석계리 1132-5번지,48330,33021,0,1132,0005,일반건축물,경상남도 양산시 석계산단6길 144 (상북면 석계리),,2동,3302.3,689.89,20.89,1995.82,60.44,일반철골구조,17000,공장,3,0
경상남도 양산시 상북면 석계리 1132-6번지,48330,33021,0,1132,0006,일반건축물,경상남도 양산시 석계산단6길 138 (상북면 석계리),,2동,0,1259,0,1238.5,0,일반철골구조,17000,공장,1,0
경상남도 양산시 상북면 석계리 1132-6번지,48330,33021,0,1132,0006,일반건축물,경상남도 양산시 석계산단6길 138 (상북면 석계리),,1동,0,995.55,0,1148.18,0,일반철골구조,17000,공장,2,0
경상남도 양산시 상북면 석계리 1132-7번지,48330,33021,0,1132,0007,일반건축물,경상남도 양산시 석계산단6길 134 (상북면 석계리),,3동,0,170.625,0,341.25,0,일반철골구조,17000,공장,2,0
경상남도 양산시 상북면 석계리 1132-7번지,48330,33021,0,1132,0007,일반건축물,경상남도 양산시 석계산단6길 134 (상북면 석계리),,1동,0,1071.705,0,1196.05,0,일반철골구조,17000,공장,1,0
경상남도 양산시 상북면 석계리 1132-7번지,48330,33021,0,1132,0007,일반건축물,경상남도 양산시 석계산단6길 134 (상북면 석계리),,2동,0,947.88,0,901.6,0,일반철골구조,17000,공장,1,0
경상남도 양산시 상북면 석계리 1132-8번지,48330,33021,0,1132,0008,일반건축물,경상남도 양산시 석계산단6길 124 (상북면 석계리),,1동,6817.1,2517.17,36.92,2634.28,38.64,일반철골구조,17000,공장,1,0
경상남도 양산시 상북면 석계리 1132-8번지,48330,33021,0,1132,0008,일반건축물,경상남도 양산시 석계산단6길 124 (상북면 석계리),,2동,0,117.12,0,234.23,0,일반철골구조,17000,공장,2,0
경상남도 양산시 상북면 석계리 1133-1번지,48330,33021,0,1133,0001,일반건축물,경상남도 양산시 석계산단5길 46 (상북면 석계리),아바공장,B동,2516.4,360.3,14.32,360.3,14.32,일반철골구조,17000,공장,1,0
경상남도 양산시 상북면 석계리 1133-1번지,48330,33021,0,1133,0001,일반건축물,경상남도 양산시 석계산단5길 46 (상북면 석계리),아바공장,A동,2516.4,987.33,39.24,1282.03,50.95,일반철골구조,17000,공장,1,0
경상남도 양산시 상북면 석계리 1133-1번지,48330,33021,0,1133,0001,일반건축물,경상남도 양산시 석계산단5길 46 (상북면 석계리),아바공장,C동,2516.4,147.35,5.86,442.05,17.57,일반철골구조,17000,공장,3,0
경상남도 양산시 상북면 석계리 1133-6번지,48330,33021,0,1133,0006,일반건축물,경상남도 양산시 석계산단6길 34 (상북면 석계리),,2동,0,330,0,330,0,일반철골구조,03000,제1종근린생활시설,1,0
경상남도 양산시 상북면 석계리 1133-6번지,48330,33021,0,1133,0006,일반건축물,경상남도 양산시 석계산단6길 34 (상북면 석계리),,,3020.4,177.3,5.87,177.3,5.87,경량철골구조,04000,제2종근린생활시설,1,0
경상남도 양산시 상북면 석계리 1133-7번지,48330,33021,0,1133,0007,일반건축물,경상남도 양산시 석계산단6길 38 (상북면 석계리),,2동,2559,105.23,4.11,200.56,7.84,일반철골구조,17000,공장,2,0
경상남도 양산시 상북면 석계리 1133-7번지,48330,33021,0,1133,0007,일반건축물,경상남도 양산시 석계산단6길 38 (상북면 석계리),,1동,2558.9,968.31,37.84,1063.64,41.57,일반철골구조,17000,공장,1,0
경상남도 양산시 상북면 석계리 1133-8번지,48330,33021,0,1133,0008,일반건축물,경상남도 양산시 석계산단6길 44 (상북면 석계리),좋은엘리베이터(주),1동,2561.3,1616.4,63.11,1792.8,70,일반철골구조,17000,공장,1,0
경상남도 양산시 상북면 석계리 1133-8번지,48330,33021,0,1133,0008,일반건축물,경상남도 양산시 석계산단6길 44 (상북면 석계리),좋은엘리베이터(주),2동,2559,720,28.136,720,28.136,일반철골구조,17000,공장(창고),1,0
경상남도 양산시 상북면 석계리 1133-8번지,48330,33021,0,1133,0008,일반건축물,경상남도 양산시 석계산단6길 44 (상북면 석계리),좋은엘리베이터(주),3동,2559,176.4,6.8933,352.8,13.7866,철근콘크리트구조,17000,공징(사무실),2,0
경상남도 양산시 상북면 석계리 1133-9번지,48330,33021,0,1133,0009,일반건축물,경상남도 양산시 석계산단6길 46 (상북면 석계리),,1동,2133.3,660,30.94,660,30.94,일반철골구조,17000,공장,1,0
경상남도 양산시 상북면 석계리 1133-10번지,48330,33021,0,1133,0010,일반건축물,경상남도 양산시 석계산단5길 8 (상북면 석계리),,제1동,3609.3,963.42,26.69,2403.49,40.58,일반철골구조,03000,제1종근린생활시설,3,1
경상남도 양산시 상북면 석계리 1166번지,48330,33021,0,1166,0000,일반건축물,경상남도 양산시 봉수대길 29-10 (상북면 석계리),천성산체육공원,1동,0,707.62,0,685.12,0,철근콘크리트구조,13000,운동시설,1,0
경상남도 양산시 상북면 석계리 1166번지,48330,33021,0,1166,0000,일반건축물,경상남도 양산시 봉수대길 29-10 (상북면 석계리),천성산체육공원,천성산다목적체육관,0,1936.45,0,2826.46,0,철근콘크리트구조,13000,운동시설,3,0
경상남도 양산시 상북면 석계리 1166번지,48330,33021,0,1166,0000,일반건축물,경상남도 양산시 봉수대길 29-10 (상북면 석계리),천성산체육공원,2동,27366.3,70.02,0.2559,70.02,0.2559,철근콘크리트구조,13000,운동시설,1,0
경상남도 양산시 상북면 석계리 1176번지,48330,33021,0,1176,0000,표제부,경상남도 양산시 석계로 15 (상북면 석계리),두산위브더제니스 양산,121동,0,585.1941,0,2125.755,0,철근콘크리트구조,04000,근린생활시설,1,2
경상남도 양산시 상북면 석계리 1176번지,48330,33021,0,1176,0000,표제부,경상남도 양산시 석계로 15 (상북면 석계리),두산위브더제니스 양산,112동,0,16.9076,0,140.7449,0,철근콘크리트구조,02000,어린이집,1,0
경상남도 양산시 상북면 석계리 1176번지,48330,33021,0,1176,0000,표제부,경상남도 양산시 석계로 15 (상북면 석계리),두산위브더제니스 양산,111동,0,0,0,1538.8576,0,철근콘크리트구조,02000,"주민공동시설,작은도서관",0,2
경상남도 양산시 상북면 석계리 1176번지,48330,33021,0,1176,0000,표제부,경상남도 양산시 석계로 15 (상북면 석계리),두산위브더제니스 양산,114동,0,0,0,123.765,0,철근콘크리트구조,02000,경로당,1,0
경상남도 양산시 상북면 석계리 1176번지,48330,33021,0,1176,0000,표제부,경상남도 양산시 석계로 15 (상북면 석계리),두산위브더제니스 양산,124동,0,22.9058,0,22.9058,0,강파이프구조,02000,키즈스테이션,1,0
경상남도 양산시 상북면 석계리 1176번지,48330,33021,0,1176,0000,표제부,경상남도 양산시 석계로 15 (상북면 석계리),두산위브더제니스 양산,109동,0,810.6204,0,14472.8847,0,철근콘크리트구조,02000,공동주택(아파트),28,0
경상남도 양산시 상북면 석계리 1176번지,48330,33021,0,1176,0000,표제부,경상남도 양산시 석계로 15 (상북면 석계리),두산위브더제니스 양산,116동,0,18,0,18,0,철근콘크리트구조,02000,경비실,1,0
경상남도 양산시 상북면 석계리 1176번지,48330,33021,0,1176,0000,표제부,경상남도 양산시 석계로 15 (상북면 석계리),두산위브더제니스 양산,113동,0,30.4063,0,200.4103,0,철근콘크리트구조,02000,관리사무소,1,0
경상남도 양산시 상북면 석계리 1176번지,48330,33021,0,1176,0000,표제부,경상남도 양산시 석계로 15 (상북면 석계리),두산위브더제니스 양산,106동,0,810.6204,0,13940.61,0,철근콘크리트구조,02000,공동주택(아파트),27,0
경상남도 양산시 상북면 석계리 1176번지,48330,33021,0,1176,0000,표제부,경상남도 양산시 석계로 15 (상북면 석계리),두산위브더제니스 양산,115동,0,15.39,0,15.39,0,철근콘크리트구조,02000,경비실,1,0
경상남도 양산시 상북면 석계리 1176번지,48330,33021,0,1176,0000,표제부,경상남도 양산시 석계로 15 (상북면 석계리),두산위브더제니스 양산,101동,0,646.4312,0,13052.0832,0,철근콘크리트구조,02000,공동주택(아파트),30,0
경상남도 양산시 상북면 석계리 1176번지,48330,33021,0,1176,0000,표제부,경상남도 양산시 석계로 15 (상북면 석계리),두산위브더제니스 양산,P-102동,0,2355.6565,0,14899.3061,0,철근콘크리트구조,02000,지하주차장,0,2
경상남도 양산시 상북면 석계리 1176번지,48330,33021,0,1176,0000,표제부,경상남도 양산시 석계로 15 (상북면 석계리),두산위브더제니스 양산,P-103동,0,1921.0722,0,1605.0871,0,철근콘크리트구조,02000,지하주차장,0,1
경상남도 양산시 상북면 석계리 1176번지,48330,33021,0,1176,0000,표제부,경상남도 양산시 석계로 15 (상북면 석계리),두산위브더제니스 양산,119동,0,6.76,0,13.52,0,철근콘크리트구조,02000,셔틀엘리베이터,2,0
경상남도 양산시 상북면 석계리 1176번지,48330,33021,0,1176,0000,표제부,경상남도 양산시 석계로 15 (상북면 석계리),두산위브더제니스 양산,107동,0,839.9941,0,16472.5616,0,철근콘크리트구조,02000,공동주택(아파트),30,0
경상남도 양산시 상북면 석계리 1176번지,48330,33021,0,1176,0000,표제부,경상남도 양산시 석계로 15 (상북면 석계리),두산위브더제니스 양산,104동,0,810.6204,0,13940.61,0,철근콘크리트구조,02000,공동주택(아파트),27,0
경상남도 양산시 상북면 석계리 1176번지,48330,33021,0,1176,0000,표제부,경상남도 양산시 석계로 15 (상북면 석계리),두산위브더제니스 양산,110동,0,563.433,0,7889.6208,0,철근콘크리트구조,02000,공동주택(아파트),22,0
경상남도 양산시 상북면 석계리 1176번지,48330,33021,0,1176,0000,표제부,경상남도 양산시 석계로 15 (상북면 석계리),두산위브더제니스 양산,117동,0,29.16,0,87.48,0,철근콘크리트구조,02000,셔틀엘리베이터,1,2
경상남도 양산시 상북면 석계리 1176번지,48330,33021,0,1176,0000,표제부,경상남도 양산시 석계로 15 (상북면 석계리),두산위브더제니스 양산,102동,0,629.9258,0,11208.0834,0,철근콘크리트구조,02000,공동주택(아파트),27,0
경상남도 양산시 상북면 석계리 1176번지,48330,33021,0,1176,0000,표제부,경상남도 양산시 석계로 15 (상북면 석계리),두산위브더제니스 양산,118동,0,29.16,0,87.48,0,철근콘크리트구조,02000,셔틀엘리베이터,2,1
경상남도 양산시 상북면 석계리 1176번지,48330,33021,0,1176,0000,표제부,경상남도 양산시 석계로 15 (상북면 석계리),두산위브더제니스 양산,122동,0,355.518,0,686.6017,0,철근콘크리트구조,04000,근린생활시설,1,1
경상남도 양산시 상북면 석계리 1176번지,48330,33021,0,1176,0000,표제부,경상남도 양산시 석계로 15 (상북면 석계리),두산위브더제니스 양산,103동,0,646.4312,0,13052.0832,0,철근콘크리트구조,02000,공동주택(아파트),30,0
경상남도 양산시 상북면 석계리 1176번지,48330,33021,0,1176,0000,표제부,경상남도 양산시 석계로 15 (상북면 석계리),두산위브더제니스 양산,P-101동,0,0,0,18279.6332,0,철근콘크리트구조,02000,지하주차장,0,2
경상남도 양산시 상북면 석계리 1176번지,48330,33021,0,1176,0000,표제부,경상남도 양산시 석계로 15 (상북면 석계리),두산위브더제니스 양산,105동,0,839.9941,0,16472.6811,0,철근콘크리트구조,02000,공동주택(아파트),30,0
경상남도 양산시 상북면 석계리 1176번지,48330,33021,0,1176,0000,표제부,경상남도 양산시 석계로 15 (상북면 석계리),두산위브더제니스 양산,108동,0,810.6204,0,11279.2365,0,철근콘크리트구조,02000,공동주택(아파트),22,0
경상남도 양산시 상북면 석계리 1176번지,48330,33021,0,1176,0000,표제부,경상남도 양산시 석계로 15 (상북면 석계리),두산위브더제니스 양산,120동,0,15.3,0,15.3,0,철근콘크리트구조,02000,가스정압실(연면적제외),1,0
경상남도 양산시 상북면 석계리 1176번지,48330,33021,0,1176,0000,표제부,경상남도 양산시 석계로 15 (상북면 석계리),두산위브더제니스 양산,125동,0,44.2794,0,44.2794,0,강파이프구조,02000,티하우스(연면적제외),1,0
경상남도 양산시 상북면 석계리 1176번지,48330,33021,0,1176,0000,표제부,경상남도 양산시 석계로 15 (상북면 석계리),두산위브더제니스 양산,123동,0,0,0,252.0029,0,철근콘크리트구조,02000,부대시설(휴게실),0,2
경상남도 양산시 상북면 석계리 산10-1번지,48330,33021,1,0010,0001,일반건축물,,,,0,0,0,462.6,0,블록구조,21000,"축사, 주택",1,0
경상남도 양산시 상북면 석계리 산30번지,48330,33021,1,0030,0000,일반건축물,,,,0,69.06,0,69.06,0,블록구조,01000,주택,1,0
경상남도 양산시 상북면 석계리 산63-3번지,48330,33021,1,0063,0003,일반건축물,,,,0,36.3,0,36.3,0,블록구조,01000,주택,1,0
경상남도 양산시 상북면 석계리 산87-4번지,48330,33021,1,0087,0004,일반건축물,경상남도 양산시 구소석2길 50 (상북면 석계리),,,0,391.93,0,391.93,0,블록구조,01000,"주택,축사",1,0
