대지위치,시군구코드,법정동코드,대지구분코드,번,지,대장종류코드명,도로명대지위치,건물명,동명칭,대지면적(㎡),건축면적(㎡),건폐율(%),연면적(㎡),용적률(%),구조코드명,주용도코드,기타용도,지상층수,지하층수
경상남도 양산시 동면 금산리 87번지,48330,31027,0,0087,0000,일반건축물,,,,0,33,0,33,0,일반목구조,01000,"주택, 점포",1,0
경상남도 양산시 동면 금산리 99번지,48330,31027,0,0099,0000,일반건축물,경상남도 양산시 금산2길 210 (동면 금산리),요사채,,311,56.1,18.03,56.1,18.03,일반목구조,04000,제2종근린생활시설,1,0
경상남도 양산시 동면 금산리 105번지,48330,31027,0,0105,0000,일반건축물,경상남도 양산시 금산2길 210 (동면 금산리),,,0,78.38,0,78.38,0,일반목구조,04000,제2종근린생활시설,1,0
경상남도 양산시 동면 금산리 105번지,48330,31027,0,0105,0000,일반건축물,경상남도 양산시 금산2길 210 (동면 금산리),,,0,0,0,193.5,0,일반목구조,06000,종교시설,1,0
경상남도 양산시 동면 금산리 105번지,48330,31027,0,0105,0000,일반건축물,경상남도 양산시 금산2길 210 (동면 금산리),,,0,155.8,0,155.8,0,철근콘크리트구조,06000,종교시설,1,0
경상남도 양산시 동면 금산리 105-1번지,48330,31027,0,0105,0001,일반건축물,경상남도 양산시 금산2길 210 (동면 금산리),,,675,0,0,13.75,0,일반목구조,Z5000,종교시설,1,0
경상남도 양산시 동면 금산리 118번지,48330,31027,0,0118,0000,일반건축물,,원통전,,0,66.96,0,66.96,0,일반목구조,04000,제2종근린생활시설,1,0
경상남도 양산시 동면 금산리 118번지,48330,31027,0,0118,0000,일반건축물,,영산전,,0,22.68,0,22.68,0,일반목구조,04000,제2종근린생활시설,1,0
경상남도 양산시 동면 금산리 119번지,48330,31027,0,0119,0000,일반건축물,경상남도 양산시 금산2길 210 (동면 금산리),법천사 장경각,,193,70.38,36.47,70.38,36.47,일반목구조,06000,종교시설,1,0
경상남도 양산시 동면 금산리 161번지,48330,31027,0,0161,0000,일반건축물,경상남도 양산시 금산2길 118 (동면 금산리),,,0,19.84,0,19.84,0,일반목구조,21000,관리사,1,0
경상남도 양산시 동면 금산리 163번지,48330,31027,0,0163,0000,일반건축물,경상남도 양산시 금산2길 137 (동면 금산리),,,66,34,51.52,34,51.52,경량철골구조,18000,창고시설(농산물보관창고),1,0
경상남도 양산시 동면 금산리 193번지,48330,31027,0,0193,0000,일반건축물,경상남도 양산시 금산2길 100 (동면 금산리),,2동,0,98.56,0,98.56,0,경량철골구조,06000,종교시설,1,0
경상남도 양산시 동면 금산리 193번지,48330,31027,0,0193,0000,일반건축물,경상남도 양산시 금산2길 100 (동면 금산리),,4동,0,6.9,0,6.9,0,경량철골구조,06000,종교시설(삼신각),1,0
경상남도 양산시 동면 금산리 193번지,48330,31027,0,0193,0000,일반건축물,경상남도 양산시 금산2길 100 (동면 금산리),,3동,0,10.8,0,10.8,0,경량철골구조,06000,종교시설(화장실),1,0
경상남도 양산시 동면 금산리 193번지,48330,31027,0,0193,0000,일반건축물,경상남도 양산시 금산2길 100 (동면 금산리),,1동,0,173.03,0,272.64,0,기타조적구조,06000,"종교시설, 주택",2,0
경상남도 양산시 동면 금산리 195번지,48330,31027,0,0195,0000,일반건축물,경상남도 양산시 금산2길 96 (동면 금산리),,,458,89.99,19.65,84.99,18.56,철근콘크리트구조,01000,단독주택,1,0
경상남도 양산시 동면 금산리 273-2번지,48330,31027,0,0273,0002,일반건축물,경상남도 양산시 가산산단1로 150-177 (동면 금산리),,,0,106.8,0,106.8,0,블록구조,04000,근린생활시설,1,0
경상남도 양산시 동면 금산리 273-3번지,48330,31027,0,0273,0003,일반건축물,경상남도 양산시 양산대로 310-282 (동면 금산리),,,0,31.59,0,31.59,0,일반목구조,06000,종교시설,0,0
경상남도 양산시 동면 금산리 273-3번지,48330,31027,0,0273,0003,일반건축물,경상남도 양산시 양산대로 310-282 (동면 금산리),,,239,122.85,51.4,122.85,51.4,일반목구조,06000,종교시설,1,0
경상남도 양산시 동면 금산리 364-1번지,48330,31027,0,0364,0001,일반건축물,,,,0,1343,0,1343,0,철근콘크리트구조,21000,축양장,1,0
경상남도 양산시 동면 금산리 364-8번지,48330,31027,0,0364,0008,일반건축물,경상남도 양산시 가산산단1로 150-60 (동면 금산리),,,328,121.58,37.07,121.58,37.07,철근콘크리트구조,04000,제2종근린생활시설(일반음식점),1,0
경상남도 양산시 동면 금산리 364-9번지,48330,31027,0,0364,0009,일반건축물,,,,64.125,32.3,50.37,32.3,50.37,기타조적구조,18000,부속사,1,0
경상남도 양산시 동면 금산리 364-11번지,48330,31027,0,0364,0011,일반건축물,경상남도 양산시 가산산단1로 150-60 (동면 금산리),,,357,130.51,36.56,129.25,36.2,철근콘크리트구조,04000,제2종근린생활시설(일반음식점),1,0
경상남도 양산시 동면 금산리 372번지,48330,31027,0,0372,0000,일반건축물,,,,0,39.6,0,39.6,0,일반목구조,01000,주택,1,0
경상남도 양산시 동면 금산리 444번지,48330,31027,0,0444,0000,일반건축물,경상남도 양산시 금산2길 40 (동면 금산리),금산리 가산골프연습장,제1동,13955,2755.4,19.74,4803.34,28.66,일반철골구조,13000,운동시설(골프연습장),4,0
경상남도 양산시 동면 금산리 444번지,48330,31027,0,0444,0000,일반건축물,경상남도 양산시 금산2길 40 (동면 금산리),금산리 가산골프연습장,부속동,13955,25.5,0.18,25.5,0.18,경량철골구조,13000,운동시설(골프연습장-볼분배기실),1,0
경상남도 양산시 동면 금산리 461-6번지,48330,31027,0,0461,0006,일반건축물,경상남도 양산시 금산2길 75 (동면 금산리),,제1동,662,128.62,19.43,203,30.66,철근콘크리트구조,01000,단독주택,3,0
경상남도 양산시 동면 금산리 461-7번지,48330,31027,0,0461,0007,일반건축물,경상남도 양산시 금산2길 77 (동면 금산리),금산리 제실,제C동,0,14.4,0,14.4,0,일반목구조,04000,제2종근린생활시설,1,0
경상남도 양산시 동면 금산리 461-7번지,48330,31027,0,0461,0007,일반건축물,경상남도 양산시 금산2길 77 (동면 금산리),금산리 제실,제A동,652,48.6,7.45,48.6,7.45,일반목구조,04000,제2종근린생활시설,1,0
경상남도 양산시 동면 금산리 461-7번지,48330,31027,0,0461,0007,일반건축물,경상남도 양산시 금산2길 77 (동면 금산리),금산리 제실,제B동,0,32.4,0,163.54,0,철근콘크리트구조,04000,제2종근린생활시설,1,1
경상남도 양산시 동면 금산리 461-7번지,48330,31027,0,0461,0007,일반건축물,경상남도 양산시 금산2길 77 (동면 금산리),금산리 제실,제D동,0,6.8,0,6.8,0,일반목구조,04000,제2종근린생활시설,1,0
경상남도 양산시 동면 금산리 461-10번지,48330,31027,0,0461,0010,일반건축물,경상남도 양산시 금산2길 83 (동면 금산리),,,706,136.08,19.27,184.82,26.18,철근콘크리트구조,01000,단독주택,2,0
경상남도 양산시 동면 금산리 462번지,48330,31027,0,0462,0000,일반건축물,경상남도 양산시 금산2길 87 (동면 금산리),,제1동,1048,90.86,8.67,90.86,8.67,일반목구조,01000,단독주택,1,0
경상남도 양산시 동면 금산리 463-1번지,48330,31027,0,0463,0001,일반건축물,경상남도 양산시 금산2길 89 (동면 금산리),,,680,135.8,19.97,259.7,38.19,벽돌구조,01000,"단독주택,제2종근린생활시설",2,0
경상남도 양산시 동면 금산리 463-6번지,48330,31027,0,0463,0006,일반건축물,경상남도 양산시 금산2길 98 (동면 금산리),,제1동,383,74.24,19.38,74.24,19.38,일반철골구조,03000,제1종근린생활시설,1,0
경상남도 양산시 동면 금산리 468번지,48330,31027,0,0468,0000,일반건축물,경상남도 양산시 금산2길 67 (동면 금산리),,,645,128.8,19.97,99,15.35,철근콘크리트구조,01000,단독주택,2,0
경상남도 양산시 동면 금산리 468-3번지,48330,31027,0,0468,0003,일반건축물,경상남도 양산시 금산2길 61 (동면 금산리),,제1동,0,274.04,0,538.48,0,일반철골구조,03000,"제2종근린생활시설(사무소,소매점)",2,0
경상남도 양산시 동면 금산리 468-3번지,48330,31027,0,0468,0003,일반건축물,경상남도 양산시 금산2길 61 (동면 금산리),,제2동,0,227.5,0,227.5,0,일반철골구조,04000,제2종근린생황시설(사무소),1,0
경상남도 양산시 동면 금산리 472번지,48330,31027,0,0472,0000,일반건축물,경상남도 양산시 금산2길 51 (동면 금산리),,,357,70.97,19.88,120.79,33.83,철근콘크리트구조,01000,단독주택,2,0
경상남도 양산시 동면 금산리 472-3번지,48330,31027,0,0472,0003,일반건축물,경상남도 양산시 금산2길 53 (동면 금산리),,,358,66.65,18.62,112.63,31.46,철근콘크리트구조,01000,단독주택,2,0
경상남도 양산시 동면 금산리 477-2번지,48330,31027,0,0477,0002,일반건축물,경상남도 양산시 금산2길 58 (동면 금산리),,,957,172.25,18,458.05,47.86,기타조적구조,01000,"주택,축사",2,0
경상남도 양산시 동면 금산리 481번지,48330,31027,0,0481,0000,일반건축물,경상남도 양산시 금산2길 44 (동면 금산리),,,826,164.6,19.93,311.64,37.73,일반철골구조,04000,"제2종근린생활시설,단독주택",3,0
경상남도 양산시 동면 금산리 492번지,48330,31027,0,0492,0000,일반건축물,경상남도 양산시 금산3길 18-36 (동면 금산리),,,1104.14,124.11,11.24,124.11,11.24,기타조적구조,01000,단독주택,1,0
경상남도 양산시 동면 금산리 494번지,48330,31027,0,0494,0000,일반건축물,경상남도 양산시 금산3길 18-65 (동면 금산리),,,0,296.57,0,599.05,0,철근콘크리트구조,11000,노유자시설,3,0
경상남도 양산시 동면 금산리 494번지,48330,31027,0,0494,0000,일반건축물,경상남도 양산시 금산3길 18-65 (동면 금산리),,2동,0,80.73,0,80.73,0,철근콘크리트구조,11000,노유자시설,1,0
경상남도 양산시 동면 금산리 498번지,48330,31027,0,0498,0000,일반건축물,경상남도 양산시 석금산로 26 (동면 금산리),,,3810,93.6,2.46,93.6,2.46,경량철골구조,04000,제2종근린생활시설,1,0
경상남도 양산시 동면 금산리 498-2번지,48330,31027,0,0498,0002,일반건축물,경상남도 양산시 석금산로 24 (동면 금산리),,,848,290.5,34.26,531.95,62.73,철근콘크리트구조,04000,제2종근린생활시설,2,0
경상남도 양산시 동면 금산리 570-1번지,48330,31027,0,0570,0001,일반건축물,경상남도 양산시 석산1길 23 (동면 금산리),,1동,362.3,208.89,57.66,626.67,172.97,일반철골구조,04000,"제1,2종근린생활시설",3,0
경상남도 양산시 동면 금산리 570-2번지,48330,31027,0,0570,0002,일반건축물,경상남도 양산시 양산대로 432 (동면 금산리),,,559,78,13.95,78,13.95,경량철골구조,04000,제2종근린생활시설,1,0
경상남도 양산시 동면 금산리 570-5번지,48330,31027,0,0570,0005,일반건축물,경상남도 양산시 양산대로 426 (동면 금산리),,,554.7,329.43,59.39,493.45,88.96,철근콘크리트구조,04000,"제1,2종근린생활시설",2,0
경상남도 양산시 동면 금산리 570-7번지,48330,31027,0,0570,0007,일반건축물,경상남도 양산시 양산대로 424 (동면 금산리),,,322.9,183.5,56.83,230.47,71.38,일반철골구조,04000,제2종근린생활시설,2,0
경상남도 양산시 동면 금산리 570-8번지,48330,31027,0,0570,0008,일반건축물,경상남도 양산시 양산대로 422 (동면 금산리),,,328.9,181.25,55.11,327.25,99.5,철근콘크리트구조,01000,"제2종근린생활시설,단독주택",2,0
경상남도 양산시 동면 금산리 570-9번지,48330,31027,0,0570,0009,일반건축물,경상남도 양산시 양산대로 420 (동면 금산리),,,244.2,144.9,59.34,150.5,61.63,철근콘크리트구조,04000,제2종근린생활시설,2,0
경상남도 양산시 동면 금산리 570-11번지,48330,31027,0,0570,0011,일반건축물,경상남도 양산시 양산대로 414 (동면 금산리),,캐노피동,0,101.54,0,101.54,0,일반철골구조,19000,위험물저장및처리시설,1,0
경상남도 양산시 동면 금산리 570-11번지,48330,31027,0,0570,0011,일반건축물,경상남도 양산시 양산대로 414 (동면 금산리),,근생동,0,159.98,0,293.78,0,일반철골구조,03000,제1종근린생활시설,2,0
경상남도 양산시 동면 금산리 570-11번지,48330,31027,0,0570,0011,일반건축물,경상남도 양산시 양산대로 414 (동면 금산리),,주유동,0,12.5,0,12.5,0,블록구조,19000,위험물저장및처리시설,1,0
경상남도 양산시 동면 금산리 570-12번지,48330,31027,0,0570,0012,일반건축물,경상남도 양산시 양산대로 410 (동면 금산리),,2동,0,91,0,91,0,일반철골구조,19000,위험물저장및처리시설,1,0
경상남도 양산시 동면 금산리 570-12번지,48330,31027,0,0570,0012,일반건축물,경상남도 양산시 양산대로 410 (동면 금산리),,1동,0,48,0,48,0,철근콘크리트구조,19000,위험물저장및처리시설,1,0
경상남도 양산시 동면 금산리 570-13번지,48330,31027,0,0570,0013,일반건축물,경상남도 양산시 금산4길 45 (동면 금산리),,,594.2,328.5,55.28,328.5,55.28,일반철골구조,04000,제2종근린생활시설,1,0
경상남도 양산시 동면 금산리 570-14번지,48330,31027,0,0570,0014,일반건축물,경상남도 양산시 금산4길 49 (동면 금산리),,,396.7,233.91,58.96,233.91,58.96,일반철골구조,03000,제1종근린생활시설,1,0
경상남도 양산시 동면 금산리 570-15번지,48330,31027,0,0570,0015,일반건축물,경상남도 양산시 금산4길 51 (동면 금산리),,,576.8,276,47.85,276,47.85,경량철골구조,04000,제2종근린생활시설,1,0
경상남도 양산시 동면 금산리 570-16번지,48330,31027,0,0570,0016,일반건축물,경상남도 양산시 금산4길 53 (동면 금산리),,,580.3,329.7,56.82,329.7,56.82,일반철골구조,04000,제2종근린생활시설,1,0
경상남도 양산시 동면 금산리 570-17번지,48330,31027,0,0570,0017,일반건축물,경상남도 양산시 금산4길 57 (동면 금산리),,,444.1,2.88,0.65,2.88,0.65,경량철골구조,04000,제2종근린생활시설,1,0
경상남도 양산시 동면 금산리 570-17번지,48330,31027,0,0570,0017,일반건축물,경상남도 양산시 금산4길 57 (동면 금산리),,,444.1,98.88,22.27,98.88,22.27,경량철골구조,04000,제2종근린생활시설,1,0
경상남도 양산시 동면 금산리 570-19번지,48330,31027,0,0570,0019,일반건축물,경상남도 양산시 석산1길 21 (동면 금산리),,,853.6,498.87,58.44,630.75,73.89,철근콘크리트구조,03000,"제1종근린생활시설,제2종근린생활시설",2,0
경상남도 양산시 동면 금산리 570-20번지,48330,31027,0,0570,0020,일반건축물,경상남도 양산시 금산4길 61 (동면 금산리),,,264.5,84.02,31.7656,73.28,27.71,일반철골구조,01000,단독주택,2,0
경상남도 양산시 동면 금산리 570-22번지,48330,31027,0,0570,0022,일반건축물,경상남도 양산시 금산4길 43 (동면 금산리),,,604.2,328.5,54.37,328.5,54.37,일반철골구조,03000,제1종근린생활시설,1,0
경상남도 양산시 동면 금산리 570-24번지,48330,31027,0,0570,0024,일반건축물,경상남도 양산시 금산4길 47 (동면 금산리),,,422,249.03,59.01,470.52,111.5,일반철골구조,03000,"제1종근린생활시설,단독주택",2,0
경상남도 양산시 동면 금산리 572-1번지,48330,31027,0,0572,0001,일반건축물,경상남도 양산시 석산1길 17 (동면 금산리),,,317.1,171.12,53.96,586.71,185.02,철근콘크리트구조,04000,제2종근린생활시설,4,0
경상남도 양산시 동면 금산리 572-2번지,48330,31027,0,0572,0002,일반건축물,경상남도 양산시 금산4길 62 (동면 금산리),,1동,560.6,72,12.84,72,12.84,경량철골구조,04000,제2종근린생활시설(사무소),1,0
경상남도 양산시 동면 금산리 572-2번지,48330,31027,0,0572,0002,일반건축물,경상남도 양산시 금산4길 62 (동면 금산리),,2동,0,2.73,0,2.73,0,경량철골구조,04000,제2종근린생활시설(화장실),1,0
경상남도 양산시 동면 금산리 572-4번지,48330,31027,0,0572,0004,일반건축물,경상남도 양산시 금산4길 60 (동면 금산리),,제1동,390.1,197.32,50.58,379.52,97.29,일반철골구조,04000,제2종근린생활시설,2,0
경상남도 양산시 동면 금산리 572-5번지,48330,31027,0,0572,0005,일반건축물,경상남도 양산시 금산4길 58 (동면 금산리),,제1동,390.7,231.25,59.19,231.25,59.19,일반철골구조,03000,제1종근린생활시설,1,0
경상남도 양산시 동면 금산리 572-6번지,48330,31027,0,0572,0006,일반건축물,경상남도 양산시 금산4길 56 (동면 금산리),,,537.8,268.65,49.95,289.55,53.67,일반철골구조,03000,제1종근린생활시설,2,0
경상남도 양산시 동면 금산리 572-8번지,48330,31027,0,0572,0008,일반건축물,경상남도 양산시 금산5길 53 (동면 금산리),,,302.4,101.96,33.72,101.96,33.72,일반철골구조,04000,제2종근린생활시설,1,0
경상남도 양산시 동면 금산리 572-8번지,48330,31027,0,0572,0008,일반건축물,경상남도 양산시 금산5길 53 (동면 금산리),,,0,3.96,0,3.96,0,블록구조,04000,제2종근린생활시설(화장실),1,0
경상남도 양산시 동면 금산리 572-9번지,48330,31027,0,0572,0009,일반건축물,경상남도 양산시 금산5길 55 (동면 금산리),,,359.9,211.24,58.69,599.91,166.69,철근콘크리트구조,04000,제2종근린생활시설,3,0
경상남도 양산시 동면 금산리 572-10번지,48330,31027,0,0572,0010,일반건축물,경상남도 양산시 금산5길 57 (동면 금산리),,,313.5,170,54.23,230,73.37,일반철골구조,04000,제2종근린생활시설,2,0
경상남도 양산시 동면 금산리 572-11번지,48330,31027,0,0572,0011,일반건축물,경상남도 양산시 금산5길 59 (동면 금산리),,,251.3,115.34,45.9,230.68,91.79,일반철골구조,04000,제2종근린생활시설,2,0
경상남도 양산시 동면 금산리 572-14번지,48330,31027,0,0572,0014,일반건축물,경상남도 양산시 석산1길 15 (동면 금산리),,,602.3,263.2,43.7,263.2,43.7,경량철골구조,04000,제2종근린생활시설,1,0
경상남도 양산시 동면 금산리 572-15번지,48330,31027,0,0572,0015,일반건축물,경상남도 양산시 금산5길 61 (동면 금산리),,,376,66,17.55,66,17.55,경량철골구조,20000,자동차관련시설,1,0
경상남도 양산시 동면 금산리 572-16번지,48330,31027,0,0572,0016,일반건축물,경상남도 양산시 석산1길 17-1 (동면 금산리),,,317.2,178.86,56.39,483.33,152.37,철근콘크리트구조,03000,"제1,2종근린생활시설, 단독주택",3,0
경상남도 양산시 동면 금산리 574-1번지,48330,31027,0,0574,0001,일반건축물,경상남도 양산시 금산4길 54 (동면 금산리),,,408,135.3,33.16,135.3,33.16,경량철골구조,04000,제2종근린생활시설,1,0
경상남도 양산시 동면 금산리 574-2번지,48330,31027,0,0574,0002,일반건축물,경상남도 양산시 금산4길 48 (동면 금산리),,,991.8,44.5,4.49,77.9,7.85,일반철골구조,03000,제1종근린생활시설,2,0
경상남도 양산시 동면 금산리 574-3번지,48330,31027,0,0574,0003,일반건축물,경상남도 양산시 금산4길 44 (동면 금산리),,,326.8,191.69,58.66,185.84,56.87,경량철골구조,04000,제2종근린생활시설,1,0
경상남도 양산시 동면 금산리 574-4번지,48330,31027,0,0574,0004,일반건축물,경상남도 양산시 금산4길 42-1 (동면 금산리),,,413.4,246.6,59.65,304,73.54,일반철골구조,04000,제2종근린생활시설,2,0
경상남도 양산시 동면 금산리 574-6번지,48330,31027,0,0574,0006,일반건축물,경상남도 양산시 금산5길 45 (동면 금산리),,,414.8,245,59.06,245,59.06,일반철골구조,03000,제1종근린생활시설,1,0
경상남도 양산시 동면 금산리 574-7번지,48330,31027,0,0574,0007,일반건축물,경상남도 양산시 금산5길 51 (동면 금산리),,1동,0,332.08,0,332.08,0,일반철골구조,03000,제1종근린생활시설,1,0
경상남도 양산시 동면 금산리 574-7번지,48330,31027,0,0574,0007,일반건축물,경상남도 양산시 금산5길 51 (동면 금산리),,2동,0,460,0,460,0,일반철골구조,03000,제1종근린생활시설,1,0
경상남도 양산시 동면 금산리 574-7번지,48330,31027,0,0574,0007,일반건축물,경상남도 양산시 금산5길 51 (동면 금산리),,,0,4.08,0,4.08,0,경량철골구조,03000,제1종근린생활시설,0,0
경상남도 양산시 동면 금산리 574-8번지,48330,31027,0,0574,0008,일반건축물,경상남도 양산시 금산5길 47 (동면 금산리),,,0,5.6,0,5.6,0,벽돌구조,03000,제1종근린생활시설(화장실),1,0
경상남도 양산시 동면 금산리 574-8번지,48330,31027,0,0574,0008,일반건축물,경상남도 양산시 금산5길 47 (동면 금산리),,,720.3,384.64,53.4,763.68,106.02,일반철골구조,03000,"제1종근린생활시설,제2종근린생활시설",2,0
경상남도 양산시 동면 금산리 574-10번지,48330,31027,0,0574,0010,일반건축물,경상남도 양산시 금산4길 50 (동면 금산리),,,388.8,228,58.64,438,112.65,일반철골구조,04000,"제1종근린생활시설, 제2종근린생활시설",2,0
경상남도 양산시 동면 금산리 575-2번지,48330,31027,0,0575,0002,일반건축물,경상남도 양산시 금산5길 54-6 (동면 금산리),,,834.2,263.9,31.64,527.8,63.27,일반철골구조,03000,"제1종근린생활시설,제2종근린생활시설",2,0
경상남도 양산시 동면 금산리 575-3번지,48330,31027,0,0575,0003,일반건축물,경상남도 양산시 금산5길 54-10 (동면 금산리),,,379.2,186,49.05,183.75,48.46,경량철골구조,04000,제2종근린생활시설,1,0
경상남도 양산시 동면 금산리 575-4번지,48330,31027,0,0575,0004,일반건축물,경상남도 양산시 금산5길 54-14 (동면 금산리),,,937.4,529.114,56.44,718.44,76.64,일반철골구조,06000,문화및집회시설,2,0
경상남도 양산시 동면 금산리 575-5번지,48330,31027,0,0575,0005,일반건축물,경상남도 양산시 금산5길 54-20 (동면 금산리),,,834,138,16.55,399,31.89,철근콘크리트구조,20000,자동차관련시설,2,1
경상남도 양산시 동면 금산리 575-7번지,48330,31027,0,0575,0007,일반건축물,경상남도 양산시 석금산로 73 (동면 금산리),,,264.4,120.37,45.53,118.17,44.69,철근콘크리트구조,01000,단독주택,1,0
경상남도 양산시 동면 금산리 575-8번지,48330,31027,0,0575,0008,일반건축물,경상남도 양산시 석금산로 71 (동면 금산리),,,163.2,77.07,47.22,73.56,45.07,벽돌구조,01000,단독주택,1,0
경상남도 양산시 동면 금산리 575-9번지,48330,31027,0,0575,0009,일반건축물,경상남도 양산시 석금산로 69 (동면 금산리),,,165.8,98.08,59.16,98.08,59.16,일반철골구조,03000,제1종근린생활시설,1,0
경상남도 양산시 동면 금산리 575-10번지,48330,31027,0,0575,0010,일반건축물,경상남도 양산시 금산5길 48-13 (동면 금산리),,,939.4,301.41,32.09,328.4,34.99,일반철골구조,04000,제2종근린생활시설,2,0
경상남도 양산시 동면 금산리 575-11번지,48330,31027,0,0575,0011,일반건축물,경상남도 양산시 금산5길 48-5 (동면 금산리),,,1158.3,523.44,45.19,860.82,74.32,철근콘크리트구조,03000,"제1종근린생활시설,단독주택",3,0
경상남도 양산시 동면 금산리 575-12번지,48330,31027,0,0575,0012,일반건축물,경상남도 양산시 금산5길 48-19 (동면 금산리),,,957.6,367.88,38.42,476.38,49.8,일반철골구조,03000,제1종근린생활시설,2,0
경상남도 양산시 동면 금산리 576-2번지,48330,31027,0,0576,0002,일반건축물,경상남도 양산시 금산5길 48-12 (동면 금산리),,,270.3,150.89,55.82,223.92,82.84,경량철골구조,04000,제2종근린생활시설,1,0
경상남도 양산시 동면 금산리 576-3번지,48330,31027,0,0576,0003,일반건축물,경상남도 양산시 금산5길 48-14 (동면 금산리),,,838.4,201.6,24.05,480.72,57.34,철근콘크리트구조,01000,"제2종근린생활시설,단독주택(다가구)",3,0
경상남도 양산시 동면 금산리 576-4번지,48330,31027,0,0576,0004,일반건축물,경상남도 양산시 석금산로 67 (동면 금산리),,,631.7,377.44,59.75,576.83,83.42,철근콘크리트구조,03000,제1종근린생활시설,3,1
경상남도 양산시 동면 금산리 576-7번지,48330,31027,0,0576,0007,일반건축물,경상남도 양산시 금산5길 42-15 (동면 금산리),,,1104.5,644.29,58.33,1766.06,129.33,철근콘크리트구조,11000,"문화및집회시설,제2종근린생활시설,단독주택,노유자시설",4,1
경상남도 양산시 동면 금산리 577-3번지,48330,31027,0,0577,0003,표제부,경상남도 양산시 석금산로 59 (동면 금산리),,드림아트빌,887,288.26,32.5,1786.985,193.99,철근콘크리트구조,02000,공동주택,7,1
경상남도 양산시 동면 금산리 577-4번지,48330,31027,0,0577,0004,일반건축물,경상남도 양산시 금산5길 36-13 (동면 금산리),,,940.1,176.8,18.81,170.8,18.17,철근콘크리트구조,04000,제2종근린생활시설,1,0
경상남도 양산시 동면 금산리 577-6번지,48330,31027,0,0577,0006,일반건축물,경상남도 양산시 금산5길 36-9 (동면 금산리),,,582.6,316.98,54.41,316.98,54.41,일반철골구조,04000,제2종근린생활시설,1,0
경상남도 양산시 동면 금산리 578-1번지,48330,31027,0,0578,0001,일반건축물,경상남도 양산시 금산5길 36-4 (동면 금산리),,제1동,528.7,45.38,8.58,45.38,8.58,경량철골구조,04000,제2종근린생활시설,1,0
경상남도 양산시 동면 금산리 578-2번지,48330,31027,0,0578,0002,일반건축물,경상남도 양산시 금산5길 36-8 (동면 금산리),,,572.1,216.4,37.83,399.5,69.83,일반철골구조,03000,제1종근린생활시설,3,0
경상남도 양산시 동면 금산리 578-4번지,48330,31027,0,0578,0004,일반건축물,경상남도 양산시 금산5길 36-14 (동면 금산리),,,1121.2,66,5.89,66,5.89,경량철골구조,04000,제2종근린생활시설,1,0
경상남도 양산시 동면 금산리 578-5번지,48330,31027,0,0578,0005,표제부,경상남도 양산시 석금산로 55 (동면 금산리),다세대 주택,,449.9,190.92,42.44,657.28,146.09,철근콘크리트구조,02000,공동주택(다세대),4,0
경상남도 양산시 동면 금산리 578-8번지,48330,31027,0,0578,0008,일반건축물,경상남도 양산시 석금산로 51 (동면 금산리),,,303.5,180.29,59.4,578.12,118.81,일반철골구조,04000,제2종근린생활시설,2,1
경상남도 양산시 동면 금산리 578-9번지,48330,31027,0,0578,0009,일반건축물,경상남도 양산시 금산5길 28-19 (동면 금산리),,,617.7,294.84,47.73,493.89,79.96,철근콘크리트구조,03000,제1종근린생활시설,2,0
경상남도 양산시 동면 금산리 578-10번지,48330,31027,0,0578,0010,일반건축물,경상남도 양산시 금산5길 28-13 (동면 금산리),,,1027.2,493,47.99,960,93.46,일반철골구조,03000,제1종근린생활시설,2,0
경상남도 양산시 동면 금산리 578-11번지,48330,31027,0,0578,0011,일반건축물,경상남도 양산시 금산5길 28-7 (동면 금산리),,,645,369,57.21,369,57.21,일반철골구조,04000,제2종근린생활시설,1,0
경상남도 양산시 동면 금산리 578-12번지,48330,31027,0,0578,0012,일반건축물,경상남도 양산시 금산5길 28 (동면 금산리),,,587.9,191.88,32.64,191.88,32.64,경량철골구조,04000,제2종근린생활시설,1,0
경상남도 양산시 동면 금산리 580-1번지,48330,31027,0,0580,0001,일반건축물,경상남도 양산시 금산4길 40 (동면 금산리),,,250.4,115.62,46.17,115.62,46.17,일반철골구조,04000,제2종근린생활시설,1,0
경상남도 양산시 동면 금산리 580-3번지,48330,31027,0,0580,0003,일반건축물,경상남도 양산시 금산5길 39 (동면 금산리),,,397,234.34,59.03,234.34,59.03,일반철골구조,04000,제2종근린생활시설,1,0
경상남도 양산시 동면 금산리 580-5번지,48330,31027,0,0580,0005,일반건축물,경상남도 양산시 금산5길 37 (동면 금산리),,,162.9,91.17,55.97,233.62,143.41,철근콘크리트구조,03000,"제1,2종근린생활시설, 단독주택",3,0
경상남도 양산시 동면 금산리 580-6번지,48330,31027,0,0580,0006,일반건축물,경상남도 양산시 금산5길 35-1 (동면 금산리),,,163.7,95.4,58.28,95.4,58.28,일반철골구조,04000,제2종근린생활시설,1,0
경상남도 양산시 동면 금산리 580-7번지,48330,31027,0,0580,0007,일반건축물,경상남도 양산시 금산5길 35 (동면 금산리),,,252.7,99,39.18,99,39.18,경량철골구조,04000,제2종근린생활시설,1,0
경상남도 양산시 동면 금산리 580-11번지,48330,31027,0,0580,0011,일반건축물,경상남도 양산시 금산5길 29 (동면 금산리),,,320.7,191.7,59.78,191.7,59.78,일반철골구조,03000,제1종근린생활시설,1,0
경상남도 양산시 동면 금산리 580-12번지,48330,31027,0,0580,0012,일반건축물,경상남도 양산시 금산4길 32 (동면 금산리),,,859.7,336.7,39.16,336.7,39.16,경량철골구조,04000,제2종근린생활시설,1,0
경상남도 양산시 동면 금산리 580-13번지,48330,31027,0,0580,0013,일반건축물,경상남도 양산시 금산4길 36 (동면 금산리),,,0,355.7,0,330,0,철근콘크리트구조,14000,업무시설,1,0
경상남도 양산시 동면 금산리 580-13번지,48330,31027,0,0580,0013,일반건축물,경상남도 양산시 금산4길 36 (동면 금산리),,,0,661.49,0,661.49,0,일반철골구조,14000,업무시설,1,0
경상남도 양산시 동면 금산리 581-1번지,48330,31027,0,0581,0001,일반건축물,경상남도 양산시 금산4길 39 (동면 금산리),,,1356.3,643.5,47.45,643.5,47.45,일반철골구조,03000,제1종근린생활시설,1,0
경상남도 양산시 동면 금산리 581-5번지,48330,31027,0,0581,0005,일반건축물,경상남도 양산시 금산4길 25 (동면 금산리),,,2264.9,448.54,19.8,867.62,38.31,일반철골구조,03000,제1종근린생활시설(소매점),2,0
경상남도 양산시 동면 금산리 581-9번지,48330,31027,0,0581,0009,일반건축물,경상남도 양산시 양산대로 388 (동면 금산리),,,2283.1,994,43.54,994,43.54,일반철골구조,03000,제1종근린생활시설,1,0
경상남도 양산시 동면 금산리 581-11번지,48330,31027,0,0581,0011,일반건축물,경상남도 양산시 금산4길 21 (동면 금산리),,,270.6,28,10.35,28,10.35,철근콘크리트구조,04000,제2종근린생활시설,1,0
경상남도 양산시 동면 금산리 581-14번지,48330,31027,0,0581,0014,일반건축물,경상남도 양산시 금산4길 29 (동면 금산리),,,369.1,208,56.35,416,112.71,일반철골구조,03000,"제1,2종근린생활시설",2,0
경상남도 양산시 동면 금산리 581-15번지,48330,31027,0,0581,0015,일반건축물,경상남도 양산시 금산4길 31 (동면 금산리),,,603.3,213,35.31,213,35.31,철근콘크리트구조,03000,제1종근린생활시설,1,0
경상남도 양산시 동면 금산리 581-18번지,48330,31027,0,0581,0018,일반건축물,경상남도 양산시 양산대로 408 (동면 금산리),,1동,0,369.9,0,369.9,0,일반철골구조,03000,제1종근린생활시설,1,0
경상남도 양산시 동면 금산리 581-18번지,48330,31027,0,0581,0018,일반건축물,경상남도 양산시 양산대로 408 (동면 금산리),,2동,0,315,0,315,0,일반철골구조,03000,제1종근린생활시설,1,0
경상남도 양산시 동면 금산리 582-1번지,48330,31027,0,0582,0001,표제부,경상남도 양산시 금산4길 28 (동면 금산리),,,231.6,138.88,59.97,461.1,199.09,철근콘크리트구조,02000,공동주택(다세대주택),5,0
경상남도 양산시 동면 금산리 582-5번지,48330,31027,0,0582,0005,일반건축물,경상남도 양산시 금산4길 22 (동면 금산리),,,616.5,366.9,59.51,559.97,90.83,일반철골구조,03000,"제1,2종근린생활시설",2,0
경상남도 양산시 동면 금산리 582-6번지,48330,31027,0,0582,0006,일반건축물,경상남도 양산시 금산4길 18 (동면 금산리),,,739.7,429,58,858,116,일반철골구조,03000,제1종근린생활시설,2,0
경상남도 양산시 동면 금산리 582-8번지,48330,31027,0,0582,0008,일반건축물,경상남도 양산시 금산5길 23-1 (동면 금산리),,,245.1,145.25,59.26,290.5,118.52,철근콘크리트구조,01000,"단독주택,제1종근린생활시설",2,0
경상남도 양산시 동면 금산리 582-9번지,48330,31027,0,0582,0009,일반건축물,경상남도 양산시 금산5길 23 (동면 금산리),,,231.8,127.5,55,339,146.25,철근콘크리트구조,04000,"제1,2종근린생활시설",3,0
경상남도 양산시 동면 금산리 582-10번지,48330,31027,0,0582,0010,일반건축물,경상남도 양산시 금산5길 25 (동면 금산리),,,0,2.88,0,2.88,0,경량철골구조,03000,제1종근린생활시설,1,0
경상남도 양산시 동면 금산리 582-10번지,48330,31027,0,0582,0010,일반건축물,경상남도 양산시 금산5길 25 (동면 금산리),,,322.4,191.38,59.36,191.38,59.36,일반철골구조,03000,제1종근린생활시설,1,0
경상남도 양산시 동면 금산리 582-11번지,48330,31027,0,0582,0011,일반건축물,경상남도 양산시 금산5길 27 (동면 금산리),,,262.3,154.73,58.99,258.03,98.37,철근콘크리트구조,04000,"근린생활시설, 단독주택",2,0
경상남도 양산시 동면 금산리 582-12번지,48330,31027,0,0582,0012,일반건축물,경상남도 양산시 금산5길 27-1 (동면 금산리),,,235.5,141.01,59.88,419.51,178.14,철근콘크리트구조,01000,단독주택(다가구),4,0
경상남도 양산시 동면 금산리 582-14번지,48330,31027,0,0582,0014,일반건축물,경상남도 양산시 금산5길 21 (동면 금산리),,,320,63.6,19.87,63.6,19.87,경량철골구조,20000,자동차관련시설,1,0
경상남도 양산시 동면 금산리 583-1번지,48330,31027,0,0583,0001,일반건축물,경상남도 양산시 금산5길 26 (동면 금산리),,,481.5,283.75,58.93,314.35,65.29,일반철골구조,04000,제2종근린생활시설,2,0
경상남도 양산시 동면 금산리 583-2번지,48330,31027,0,0583,0002,일반건축물,경상남도 양산시 금산5길 28-10 (동면 금산리),,,293.9,173.76,59.12,344.76,117.31,일반철골구조,04000,"창고시설,제2종근린생활시설",2,0
경상남도 양산시 동면 금산리 583-2번지,48330,31027,0,0583,0002,일반건축물,경상남도 양산시 금산5길 28-10 (동면 금산리),,,0,2.76,0,2.76,0,블록구조,18000,화장실,1,0
경상남도 양산시 동면 금산리 583-3번지,48330,31027,0,0583,0003,일반건축물,경상남도 양산시 금산5길 28-12 (동면 금산리),,,373.5,178.86,47.89,280.06,74.98,일반철골구조,04000,제2종근린생활시설,2,0
경상남도 양산시 동면 금산리 583-6번지,48330,31027,0,0583,0006,일반건축물,경상남도 양산시 석금산로 45 (동면 금산리),,,871.6,207.84,23.85,206.82,23.73,벽돌구조,04000,제2종근린생활시설,1,0
경상남도 양산시 동면 금산리 583-10번지,48330,31027,0,0583,0010,일반건축물,경상남도 양산시 금산5길 22-9 (동면 금산리),,,936.3,353.61,37.77,659.57,70.44,철근콘크리트구조,05000,"문화및집회시설, 단독주택",2,0
경상남도 양산시 동면 금산리 583-11번지,48330,31027,0,0583,0011,일반건축물,경상남도 양산시 금산5길 22 (동면 금산리),,,480.3,283.47,59.02,690.16,138.05,철근콘크리트구조,04000,"제1종근린생활시설,제2종근린생활시설,단독주택(다가구)",3,0
경상남도 양산시 동면 금산리 583-12번지,48330,31027,0,0583,0012,일반건축물,경상남도 양산시 금산5길 28-8 (동면 금산리),,,495.7,285,57.49,285,57.49,일반철골구조,04000,제2종근린생활시설,1,0
경상남도 양산시 동면 금산리 585-2번지,48330,31027,0,0585,0002,일반건축물,경상남도 양산시 금산5길 22-10 (동면 금산리),,,298,165.64,55.58,401.5,134.73,철근콘크리트구조,11000,노유자시설,3,0
경상남도 양산시 동면 금산리 585-4번지,48330,31027,0,0585,0004,일반건축물,경상남도 양산시 금산5길 22-18 (동면 금산리),,,830.4,422.45,50.87,492.45,59.3,일반철골구조,18000,창고시설,2,0
경상남도 양산시 동면 금산리 585-5번지,48330,31027,0,0585,0005,일반건축물,경상남도 양산시 석금산로 43 (동면 금산리),,,165.9,93.36,56.27,185.84,112.02,철근콘크리트구조,01000,"단독주택,제1종근린생활시설",3,0
경상남도 양산시 동면 금산리 585-6번지,48330,31027,0,0585,0006,표제부,경상남도 양산시 석금산로 39 (동면 금산리),청운대빌라,,290.1,171.16,59,625.38,215.57,철근콘크리트구조,02000,공동주택(다세대),5,0
경상남도 양산시 동면 금산리 585-9번지,48330,31027,0,0585,0009,일반건축물,경상남도 양산시 금산5길 16-15 (동면 금산리),,,1015.9,603,59.36,603,59.36,일반철골구조,18000,창고시설,1,0
경상남도 양산시 동면 금산리 585-10번지,48330,31027,0,0585,0010,일반건축물,경상남도 양산시 금산5길 16-15 (동면 금산리),,,160,95.4,59.62,256.8,119.25,일반철골구조,04000,제2종근린생활시설,2,1
경상남도 양산시 동면 금산리 585-11번지,48330,31027,0,0585,0011,일반건축물,경상남도 양산시 금산5길 22-14 (동면 금산리),,,551.1,325.21,59.01,1321.73,207.05,철근콘크리트구조,10000,교육연구시설,4,1
경상남도 양산시 동면 금산리 586-1번지,48330,31027,0,0586,0001,일반건축물,경상남도 양산시 금산5길 16-6 (동면 금산리),,,754.8,199.9,26.48,268.6,35.59,철근콘크리트구조,04000,제2종근린생활시설,2,0
경상남도 양산시 동면 금산리 586-2번지,48330,31027,0,0586,0002,표제부,경상남도 양산시 금산5길 16-10 (동면 금산리),가안빌,4동,0,196.83,0,654.21,0,철근콘크리트구조,02000,공동주택(다세대-도시형생활주택),5,0
경상남도 양산시 동면 금산리 586-2번지,48330,31027,0,0586,0002,표제부,경상남도 양산시 금산5길 16-10 (동면 금산리),가안빌,3동,0,196.83,0,654.21,0,철근콘크리트구조,02000,공동주택(다세대-도시형생활주택),5,0
경상남도 양산시 동면 금산리 586-4번지,48330,31027,0,0586,0004,일반건축물,경상남도 양산시 금산5길 16-20 (동면 금산리),,,0,73.77,0,147.54,0,철근콘크리트구조,04000,제2종근린생활시설,2,0
경상남도 양산시 동면 금산리 586-4번지,48330,31027,0,0586,0004,일반건축물,경상남도 양산시 금산5길 16-20 (동면 금산리),,,0,344.25,0,344.25,0,일반철골구조,03000,제1종근린생활시설,1,0
경상남도 양산시 동면 금산리 586-7번지,48330,31027,0,0586,0007,일반건축물,경상남도 양산시 석금산로 31 (동면 금산리),,,475.2,188.58,39.68,177.15,37.28,기타조적구조,01000,"단독주택, 근린생활시설",1,0
경상남도 양산시 동면 금산리 586-8번지,48330,31027,0,0586,0008,표제부,경상남도 양산시 금산5길 8-17 (동면 금산리),가안빌,6동,0,205.275,0,659.46,0,철근콘크리트구조,02000,공동주택,5,0
경상남도 양산시 동면 금산리 586-8번지,48330,31027,0,0586,0008,표제부,경상남도 양산시 금산5길 8-17 (동면 금산리),가안빌,7동,0,205.275,0,659.46,0,철근콘크리트구조,02000,공동주택,5,0
경상남도 양산시 동면 금산리 586-9번지,48330,31027,0,0586,0009,표제부,경상남도 양산시 금산5길 8-13 (동면 금산리),가안빌,1동,0,196.83,0,654.21,0,철근콘크리트구조,02000,공동주택(다세대-도시형생활주택),5,0
경상남도 양산시 동면 금산리 586-9번지,48330,31027,0,0586,0009,표제부,경상남도 양산시 금산5길 8-13 (동면 금산리),가안빌,2동,0,196.83,0,644.49,0,철근콘크리트구조,02000,공동주택(다세대-도시형생활주택),5,0
경상남도 양산시 동면 금산리 586-13번지,48330,31027,0,0586,0013,표제부,경상남도 양산시 금산5길 8-9 (동면 금산리),가안빌,5동,514,196.83,38.29,654.21,127.28,철근콘크리트구조,02000,공동주택,5,0
경상남도 양산시 동면 금산리 586-14번지,48330,31027,0,0586,0014,일반건축물,경상남도 양산시 금산5길 8-7 (동면 금산리),,,192.9,110.88,57.48,297.22,154.08,철근콘크리트구조,04000,제2종근린생활시설,3,0
경상남도 양산시 동면 금산리 587-1번지,48330,31027,0,0587,0001,일반건축물,경상남도 양산시 금산5길 8-8 (동면 금산리),,B동,1070.5,39.4,3.68,39.4,3.68,경량철골구조,04000,제2종근린생활시설,1,0
경상남도 양산시 동면 금산리 587-1번지,48330,31027,0,0587,0001,일반건축물,경상남도 양산시 금산5길 8-8 (동면 금산리),,A동,1070.5,280,26.16,280,26.16,일반철골구조,04000,제2종근린생활시설,1,0
경상남도 양산시 동면 금산리 587-2번지,48330,31027,0,0587,0002,표제부,경상남도 양산시 금산5길 8-14 (동면 금산리),센스빌아파트,,857.3,207.14,24.16,1553.2,181.17,철근콘크리트구조,02000,공동주택(아파트),9,0
경상남도 양산시 동면 금산리 587-3번지,48330,31027,0,0587,0003,표제부,경상남도 양산시 석금산로 21 (동면 금산리),우리빌라,,1079.1,633.19,58.68,1906.14,176.65,철근콘크리트구조,02000,"공동주택(연립), 제2종근린생활시설",5,0
경상남도 양산시 동면 금산리 587-4번지,48330,31027,0,0587,0004,표제부,경상남도 양산시 석금산로 29 (동면 금산리),,,384.1,171.02,44.52,656.4,170.89,철근콘크리트구조,02000,공동주택(다세대주택),4,0
경상남도 양산시 동면 금산리 587-5번지,48330,31027,0,0587,0005,표제부,경상남도 양산시 석금산로 27 (동면 금산리),공동주택(다세대),,395,177.32,44.89,634.57,160.65,철근콘크리트구조,02000,공동주택(다세대),4,0
경상남도 양산시 동면 금산리 587-6번지,48330,31027,0,0587,0006,표제부,경상남도 양산시 석금산로 23 (동면 금산리),다세대주택,,431.2,215.07,49.88,484.15,112.28,철근콘크리트구조,02000,"제1종근린생활시설, 공동주택(다세대)",3,0
경상남도 양산시 동면 금산리 587-7번지,48330,31027,0,0587,0007,일반건축물,경상남도 양산시 석금산로 15 (동면 금산리),한국이지스,,1251.2,750.11,59.95,2825.98,149.2,철근콘크리트구조,14000,"업무시설,제1종근린생활시설",3,1
경상남도 양산시 동면 금산리 587-8번지,48330,31027,0,0587,0008,일반건축물,경상남도 양산시 석금산로 17 (동면 금산리),,,416,121.23,29.14,178.41,36.94,철근콘크리트구조,01000,단독주택,2,0
경상남도 양산시 동면 금산리 587-8번지,48330,31027,0,0587,0008,일반건축물,경상남도 양산시 석금산로 17 (동면 금산리),,,0,24.75,0,49.5,0,철근콘크리트구조,01000,단독주택,1,1
경상남도 양산시 동면 금산리 587-9번지,48330,31027,0,0587,0009,일반건축물,경상남도 양산시 석금산로 19-1 (동면 금산리),,,211.5,92.73,43.84,116.25,54.96,철근콘크리트구조,01000,단독주택,2,0
경상남도 양산시 동면 금산리 587-10번지,48330,31027,0,0587,0010,일반건축물,경상남도 양산시 석금산로 19 (동면 금산리),,,205,97.94,47.78,122.1,59.56,철근콘크리트구조,01000,단독주택,2,0
경상남도 양산시 동면 금산리 588-1번지,48330,31027,0,0588,0001,일반건축물,경상남도 양산시 금산4길 12 (동면 금산리),,2동,0,492.13,0,609.26,0,일반철골구조,03000,제1종근린생활시설,2,0
경상남도 양산시 동면 금산리 588-1번지,48330,31027,0,0588,0001,일반건축물,경상남도 양산시 금산4길 12 (동면 금산리),,1동,0,280,0,280,0,일반철골구조,03000,제1종근린생활시설,1,0
경상남도 양산시 동면 금산리 588-3번지,48330,31027,0,0588,0003,일반건축물,경상남도 양산시 금산4길 10-1 (동면 금산리),,제1동,413.7,239.25,57.83,239.25,57.83,일반철골구조,03000,제1종근린생활시설,1,0
경상남도 양산시 동면 금산리 588-4번지,48330,31027,0,0588,0004,일반건축물,경상남도 양산시 금산4길 8 (동면 금산리),,,836.9,280,33.46,322,38.48,일반철골구조,04000,제2종근린생활시설,2,0
경상남도 양산시 동면 금산리 588-5번지,48330,31027,0,0588,0005,일반건축물,경상남도 양산시 금산4길 6 (동면 금산리),,제1동,645.3,186.45,28.89,186.45,28.89,경량철골구조,04000,제2종근린생활시설,1,0
경상남도 양산시 동면 금산리 588-6번지,48330,31027,0,0588,0006,일반건축물,경상남도 양산시 금산4길 2 (동면 금산리),,,646.7,92,14.23,92,14.23,경량철골구조,04000,제2종근린생활시설,1,0
경상남도 양산시 동면 금산리 588-7번지,48330,31027,0,0588,0007,일반건축물,경상남도 양산시 석금산로 9 (동면 금산리),1,1,211.1,124.94,59.19,406.06,115.13,철근콘크리트구조,04000,"제2종근린생활시설,단독주택",2,1
경상남도 양산시 동면 금산리 588-9번지,48330,31027,0,0588,0009,일반건축물,경상남도 양산시 금산5길 5 (동면 금산리),,,764.1,38.12,4.99,38.12,4.99,경량철골구조,04000,제2종근린생활시설,1,0
경상남도 양산시 동면 금산리 588-10번지,48330,31027,0,0588,0010,일반건축물,경상남도 양산시 금산5길 5-1 (동면 금산리),,,164.9,76.9,46.63,140.85,85.42,철근콘크리트구조,03000,"제1종근린생활시설,단독주택(다가구)",2,0
경상남도 양산시 동면 금산리 588-12번지,48330,31027,0,0588,0012,일반건축물,경상남도 양산시 금산5길 7 (동면 금산리),,,164.44,98,59.6,98,59.6,철근콘크리트구조,04000,제2종근린생활시설,1,0
경상남도 양산시 동면 금산리 588-15번지,48330,31027,0,0588,0015,일반건축물,경상남도 양산시 금산5길 11 (동면 금산리),,,163.9,84.95,51.83,83.55,50.98,경량철골구조,01000,단독주택,1,0
경상남도 양산시 동면 금산리 588-16번지,48330,31027,0,0588,0016,일반건축물,경상남도 양산시 금산5길 13 (동면 금산리),,,164.4,65.86,40.06,65.86,40.06,경량철골구조,03000,제1종근린생활시설,1,0
경상남도 양산시 동면 금산리 588-17번지,48330,31027,0,0588,0017,일반건축물,경상남도 양산시 금산5길 15 (동면 금산리),,,163.1,90.18,55.29,126.19,77.37,철근콘크리트구조,01000,단독주택,2,0
경상남도 양산시 동면 금산리 588-18번지,48330,31027,0,0588,0018,일반건축물,경상남도 양산시 금산4길 10 (동면 금산리),,제1동,413.8,236.64,57.19,309.72,74.85,일반철골구조,03000,제1종근린생활시설,2,0
경상남도 양산시 동면 금산리 600-1번지,48330,31027,0,0600,0001,일반건축물,경상남도 양산시 금산4길 15 (동면 금산리),,1동,0,583.78,0,998.17,0,일반철골구조,03000,제1종근린생활시설,2,0
경상남도 양산시 동면 금산리 600-1번지,48330,31027,0,0600,0001,일반건축물,경상남도 양산시 금산4길 15 (동면 금산리),,2동,0,84,0,84,0,경량철골구조,04000,제2종근린생활시설,1,0
경상남도 양산시 동면 금산리 600-2번지,48330,31027,0,0600,0002,일반건축물,경상남도 양산시 양산대로 378 (동면 금산리),,1동,0,27.3,0,27.3,0,경량철골구조,20000,자동차관련시설,1,0
경상남도 양산시 동면 금산리 600-2번지,48330,31027,0,0600,0002,일반건축물,경상남도 양산시 양산대로 378 (동면 금산리),,2동,0,276.8,0,276.8,0,경량철골구조,03000,제1ㆍ2종근린생활시설,1,0
경상남도 양산시 동면 금산리 600-6번지,48330,31027,0,0600,0006,일반건축물,경상남도 양산시 양산대로 374 (동면 금산리),,,327.3,70.72,21.61,65.52,20.02,일반철골구조,03000,제1종근린생활시설,1,0
경상남도 양산시 동면 금산리 600-7번지,48330,31027,0,0600,0007,일반건축물,경상남도 양산시 양산대로 372 (동면 금산리),,,251.4,149.6,59.51,196.35,78.1,철근콘크리트구조,03000,제1종근린생활시설,2,0
경상남도 양산시 동면 금산리 600-8번지,48330,31027,0,0600,0008,일반건축물,경상남도 양산시 양산대로 370 (동면 금산리),,,222.4,98.7,44.38,98.7,44.38,블록구조,04000,제2종근린생활시설,1,0
경상남도 양산시 동면 금산리 600-9번지,48330,31027,0,0600,0009,일반건축물,경상남도 양산시 양산대로 368 (동면 금산리),,2동,0,72,0,72,0,경량철골구조,04000,제2종근린생활시설,1,0
경상남도 양산시 동면 금산리 600-9번지,48330,31027,0,0600,0009,일반건축물,경상남도 양산시 양산대로 368 (동면 금산리),,1동,0,284.43,0,284.43,0,경량철골구조,03000,제1종근린생활시설,1,0
경상남도 양산시 동면 금산리 600-12번지,48330,31027,0,0600,0012,일반건축물,경상남도 양산시 금산4길 11 (동면 금산리),,,394.5,235.42,59.68,470.84,119.35,일반철골구조,03000,"제1,2종근린생활시설",2,0
경상남도 양산시 동면 금산리 683-1번지,48330,31027,0,0683,0001,일반건축물,,,,0,65,0,65,0,블록구조,01000,주택,1,0
경상남도 양산시 동면 금산리 683-2번지,48330,31027,0,0683,0002,일반건축물,경상남도 양산시 석금산로 2 (동면 금산리),,,320,185.82,58.07,185.82,58.07,철근콘크리트구조,04000,제2종근린생활시설,2,0
경상남도 양산시 동면 금산리 684-1번지,48330,31027,0,0684,0001,일반건축물,경상남도 양산시 금산3길 17 (동면 금산리),,,210,124.71,59.39,203.65,96.98,기타조적구조,04000,"단독주택,제2종근린생활시설",2,0
경상남도 양산시 동면 금산리 685번지,48330,31027,0,0685,0000,일반건축물,경상남도 양산시 금산3길 17-2 (동면 금산리),,제1동,693,99.75,14.39,99.75,14.39,경량철골구조,04000,제2종근린생활시설,1,0
경상남도 양산시 동면 금산리 688-2번지,48330,31027,0,0688,0002,일반건축물,경상남도 양산시 금산3길 23 (동면 금산리),,제1동,607,83.6,13.77,83.6,13.77,경량철골구조,04000,제2종근린생활시설,1,0
경상남도 양산시 동면 금산리 689-3번지,48330,31027,0,0689,0003,일반건축물,,,,0,53.5,0,53.5,0,블록구조,01000,주택,1,0
경상남도 양산시 동면 금산리 690-1번지,48330,31027,0,0690,0001,일반건축물,경상남도 양산시 금산3길 20 (동면 금산리),,,0,107.6,0,195.84,0,벽돌구조,03000,"제1종근린생활시설,단독주택",2,0
경상남도 양산시 동면 금산리 694번지,48330,31027,0,0694,0000,일반건축물,경상남도 양산시 금산3길 18-5 (동면 금산리),,,0,47.9,0,47.9,0,일반목구조,01000,주택,1,0
경상남도 양산시 동면 금산리 696번지,48330,31027,0,0696,0000,일반건축물,경상남도 양산시 금산3길 18-13 (동면 금산리),,,0,111.6,0,111.6,0,블록구조,01000,주택,1,0
경상남도 양산시 동면 금산리 697번지,48330,31027,0,0697,0000,일반건축물,경상남도 양산시 금산3길 18-23 (동면 금산리),,제1동,354,85.24,24.08,136.6,38.59,일반목구조,01000,단독주택,2,0
경상남도 양산시 동면 금산리 698번지,48330,31027,0,0698,0000,일반건축물,경상남도 양산시 금산3길 18-25 (동면 금산리),,,0,64.6,0,64.6,0,일반목구조,01000,주택,1,0
경상남도 양산시 동면 금산리 700-1번지,48330,31027,0,0700,0001,일반건축물,경상남도 양산시 금산3길 18-31 (동면 금산리),,,0,151.85,0,237.23,0,벽돌구조,01000,"주택, 근린생활시설",2,0
경상남도 양산시 동면 금산리 700-2번지,48330,31027,0,0700,0002,일반건축물,,,,0,33.3,0,33.3,0,일반목구조,01000,주택,1,0
경상남도 양산시 동면 금산리 701번지,48330,31027,0,0701,0000,일반건축물,경상남도 양산시 금산3길 18-37 (동면 금산리),,,160,94.8,59.25,168.96,105.6,기타조적구조,01000,주택,2,0
경상남도 양산시 동면 금산리 702번지,48330,31027,0,0702,0000,일반건축물,경상남도 양산시 금산3길 18-16 (동면 금산리),,,326,157.45,48.3,235.29,72.17,철근콘크리트구조,01000,단독주택,2,0
경상남도 양산시 동면 금산리 703번지,48330,31027,0,0703,0000,일반건축물,경상남도 양산시 금산3길 18-20 (동면 금산리),,,0,43.5,0,43.5,0,블록구조,01000,주택,1,0
경상남도 양산시 동면 금산리 705번지,48330,31027,0,0705,0000,일반건축물,경상남도 양산시 금산3길 18-43 (동면 금산리),,,268,33.48,12.49,33.48,12.49,일반목구조,01000,단독주택,1,0
경상남도 양산시 동면 금산리 706번지,48330,31027,0,0706,0000,일반건축물,경상남도 양산시 금산3길 18-39 (동면 금산리),,,137,49.55,36.17,84.23,61.48,일반목구조,01000,단독주택,2,0
경상남도 양산시 동면 금산리 707번지,48330,31027,0,0707,0000,일반건축물,경상남도 양산시 금산3길 18-41 (동면 금산리),,,111,59.32,53.93,99.16,89.33,기타조적구조,01000,단독주택,2,0
경상남도 양산시 동면 금산리 708번지,48330,31027,0,0708,0000,일반건축물,경상남도 양산시 금산3길 18-45 (동면 금산리),,,809,118.78,14.68,194.68,24.06,벽돌구조,01000,주택,2,0
경상남도 양산시 동면 금산리 709번지,48330,31027,0,0709,0000,일반건축물,경상남도 양산시 금산3길 18-19 (동면 금산리),,,0,167.25,0,300.88,0,벽돌구조,01000,주택,2,0
경상남도 양산시 동면 금산리 710-1번지,48330,31027,0,0710,0001,일반건축물,경상남도 양산시 석금산로 8 (동면 금산리),,,159,91.88,57.79,91.88,57.79,경량철골구조,04000,제2종근린생활시설,1,0
경상남도 양산시 동면 금산리 710-1번지,48330,31027,0,0710,0001,일반건축물,경상남도 양산시 석금산로 8 (동면 금산리),,,0,2.88,0,2.88,0,경량철골구조,04000,제2종근린생활시설,1,0
경상남도 양산시 동면 금산리 710-12번지,48330,31027,0,0710,0012,일반건축물,경상남도 양산시 석금산로 10 (동면 금산리),,1동,215,105.71,49.17,105.71,49.17,경량철골구조,04000,제2종근린생활시설,1,0
경상남도 양산시 동면 금산리 710-12번지,48330,31027,0,0710,0012,일반건축물,경상남도 양산시 석금산로 10 (동면 금산리),,2동,215,5.61,2.61,5.61,2.61,경량철골구조,04000,제2종근린생활시설(화장실),1,0
경상남도 양산시 동면 금산리 719번지,48330,31027,0,0719,0000,일반건축물,경상남도 양산시 금산3길 18-47 (동면 금산리),,,637,150.81,23.68,201.57,31.64,철근콘크리트구조,01000,단독주택,2,0
경상남도 양산시 동면 금산리 719번지,48330,31027,0,0719,0000,일반건축물,경상남도 양산시 금산3길 18-47 (동면 금산리),,,637,21.75,3.41,21.75,3.41,경량철골구조,01000,단독주택(창고),1,0
경상남도 양산시 동면 금산리 719-5번지,48330,31027,0,0719,0005,일반건축물,경상남도 양산시 석금산로 18 (동면 금산리),,,598,215.6,36.05,563.32,94.2,철근콘크리트구조,03000,제1종근린생활시설,4,0
경상남도 양산시 동면 금산리 720번지,48330,31027,0,0720,0000,일반건축물,경상남도 양산시 금산3길 18-49 (동면 금산리),,부1동,0,6.25,0,6.25,0,일반목구조,01000,단독주택,1,0
경상남도 양산시 동면 금산리 720번지,48330,31027,0,0720,0000,일반건축물,경상남도 양산시 금산3길 18-49 (동면 금산리),,주1동,560,103.78,18.53,142.6,25.46,일반목구조,01000,단독주택,2,0
경상남도 양산시 동면 금산리 721번지,48330,31027,0,0721,0000,일반건축물,경상남도 양산시 금산3길 18-53 (동면 금산리),,,0,75.48,0,75.48,0,블록구조,01000,주택,1,0
경상남도 양산시 동면 금산리 722번지,48330,31027,0,0722,0000,일반건축물,경상남도 양산시 금산3길 18-57 (동면 금산리),,,0,47.5,0,47.5,0,일반목구조,01000,주택,1,0
경상남도 양산시 동면 금산리 728번지,48330,31027,0,0728,0000,일반건축물,경상남도 양산시 금산3길 18-34 (동면 금산리),,,628.39,127.8,20.34,222.91,35.47,기타조적구조,01000,단독주택,2,0
경상남도 양산시 동면 금산리 729번지,48330,31027,0,0729,0000,일반건축물,경상남도 양산시 금산3길 18-28 (동면 금산리),,제1동,977,155.28,15.89,192.67,19.72,철근콘크리트구조,01000,단독주택,2,0
경상남도 양산시 동면 금산리 749번지,48330,31027,0,0749,0000,일반건축물,경상남도 양산시 금산2길 13-30 (동면 금산리),,,205,89.83,43.82,84.63,41.28,철근콘크리트구조,01000,단독주택,1,0
경상남도 양산시 동면 금산리 750번지,48330,31027,0,0750,0000,일반건축물,경상남도 양산시 금산2길 13-26 (동면 금산리),,제1동,252,91.8,36.43,161.15,31.52,철근콘크리트구조,01000,단독주택,1,1
경상남도 양산시 동면 금산리 752번지,48330,31027,0,0752,0000,일반건축물,경상남도 양산시 금산2길 13-36 (동면 금산리),,,0,56.4,0,56.4,0,블록구조,01000,주택,1,0
경상남도 양산시 동면 금산리 753번지,48330,31027,0,0753,0000,일반건축물,경상남도 양산시 금산2길 13-40 (동면 금산리),,,0,47.5,0,47.5,0,블록구조,01000,주택,1,0
경상남도 양산시 동면 금산리 758-1번지,48330,31027,0,0758,0001,일반건축물,경상남도 양산시 금산2길 13-41 (동면 금산리),,,0,74,0,74,0,일반목구조,01000,주택,1,0
경상남도 양산시 동면 금산리 758-3번지,48330,31027,0,0758,0003,일반건축물,경상남도 양산시 금산2길 13-25 (동면 금산리),,,0,51.8,0,51.8,0,일반목구조,01000,주택,1,0
경상남도 양산시 동면 금산리 758-4번지,48330,31027,0,0758,0004,일반건축물,경상남도 양산시 금산2길 13-37 (동면 금산리),,,0,55.7,0,55.7,0,일반목구조,01000,주택,1,0
경상남도 양산시 동면 금산리 758-6번지,48330,31027,0,0758,0006,일반건축물,경상남도 양산시 양산대로 346 (동면 금산리),동산초등학교,,11574,987.22,8.53,1705.7,14.74,철근콘크리트구조,10000,교육연구시설,3,0
경상남도 양산시 동면 금산리 758-6번지,48330,31027,0,0758,0006,일반건축물,경상남도 양산시 양산대로 346 (동면 금산리),동산초등학교,,0,540.91,0,983.21,0,철근콘크리트구조,10000,교육연구시설,2,0
경상남도 양산시 동면 금산리 758-6번지,48330,31027,0,0758,0006,일반건축물,경상남도 양산시 양산대로 346 (동면 금산리),동산초등학교,,0,2275.57,0,5199.41,0,철근콘크리트구조,10000,교육연구및복지시설,4,0
경상남도 양산시 동면 금산리 758-13번지,48330,31027,0,0758,0013,일반건축물,경상남도 양산시 금산2길 13-35 (동면 금산리),,,0,50.5,0,50.5,0,일반목구조,01000,주택,1,0
경상남도 양산시 동면 금산리 762번지,48330,31027,0,0762,0000,일반건축물,,,,0,51.8,0,51.8,0,일반목구조,01000,주택,1,0
경상남도 양산시 동면 금산리 762-1번지,48330,31027,0,0762,0001,일반건축물,경상남도 양산시 금산3길 16 (동면 금산리),,,444,118.88,26.77,102.68,23.13,일반목구조,01000,주택,1,0
경상남도 양산시 동면 금산리 762-4번지,48330,31027,0,0762,0004,일반건축물,경상남도 양산시 금산3길 10 (동면 금산리),,,0,26.4,0,26.4,0,일반목구조,01000,주택,1,0
경상남도 양산시 동면 금산리 762-4번지,48330,31027,0,0762,0004,일반건축물,경상남도 양산시 금산3길 8 (동면 금산리),,,0,41.6,0,41.6,0,일반목구조,01000,"주택, 점포",1,0
경상남도 양산시 동면 금산리 762-5번지,48330,31027,0,0762,0005,일반건축물,경상남도 양산시 금산3길 14 (동면 금산리),,,370,202.93,54.85,492.92,133.22,철근콘크리트구조,01000,"단독주택(다가구),제2종근린생활시설",3,0
경상남도 양산시 동면 금산리 763번지,48330,31027,0,0763,0000,표제부,경상남도 양산시 금산3길 15 (동면 금산리),금산훼미리,상가,59.358,69.38,0,208.139,0,철근콘크리트구조,04000,근린생활시설,2,1
경상남도 양산시 동면 금산리 763번지,48330,31027,0,0763,0000,표제부,경상남도 양산시 금산3길 7 (동면 금산리),금산훼미리,,2855,1146.49,40.16,12192.85,427.07,철근콘크리트구조,02000,공동주택(아파트),15,1
경상남도 양산시 동면 금산리 776-4번지,48330,31027,0,0776,0004,일반건축물,,,,0,39.66,0,39.66,0,일반목구조,01000,주택,1,0
경상남도 양산시 동면 금산리 776-5번지,48330,31027,0,0776,0005,일반건축물,,,,0,0,0,135.84,0,블록구조,01000,"주택, 교회",1,0
경상남도 양산시 동면 금산리 776-5번지,48330,31027,0,0776,0005,일반건축물,,,,0,202.02,0,359.18,0,블록구조,01000,"주택, 근린생활시설",2,0
경상남도 양산시 동면 금산리 777-2번지,48330,31027,0,0777,0002,일반건축물,,,,195,113.01,57.95,113.01,57.95,경량철골구조,18000,창고시설,1,0
경상남도 양산시 동면 금산리 778-2번지,48330,31027,0,0778,0002,일반건축물,경상남도 양산시 양산대로 352 (동면 금산리),,,218,123.89,56.83,247.78,113.66,일반철골구조,04000,제2종근린생활시설,2,0
경상남도 양산시 동면 금산리 778-5번지,48330,31027,0,0778,0005,일반건축물,경상남도 양산시 양산대로 350 (동면 금산리),,,0,74.63,0,219.27,0,철근콘크리트구조,03000,"구판장,제2종근린생활시설",2,1
경상남도 양산시 동면 금산리 782번지,48330,31027,0,0782,0000,일반건축물,경상남도 양산시 금산2길 11 (동면 금산리),,,300,166.02,55.34,244.93,81.64,철근콘크리트구조,03000,"제1종근린생활시설,단독주택",2,0
경상남도 양산시 동면 금산리 785번지,48330,31027,0,0785,0000,일반건축물,,,,0,46.2,0,46.2,0,일반목구조,01000,주택,1,0
경상남도 양산시 동면 금산리 785-1번지,48330,31027,0,0785,0001,일반건축물,경상남도 양산시 금산2길 13-23 (동면 금산리),,,0,52.2,0,52.2,0,일반목구조,01000,주택,1,0
경상남도 양산시 동면 금산리 786-1번지,48330,31027,0,0786,0001,일반건축물,경상남도 양산시 금산2길 13-14 (동면 금산리),,,678,133,19.62,133,19.62,일반철골구조,03000,제1종근린생활시설,1,0
경상남도 양산시 동면 금산리 786-2번지,48330,31027,0,0786,0002,일반건축물,경상남도 양산시 금산2길 13-12 (동면 금산리),,,228.48,91.3,39.96,86.3,37.77,벽돌구조,01000,주택,1,0
경상남도 양산시 동면 금산리 787번지,48330,31027,0,0787,0000,일반건축물,경상남도 양산시 금산2길 13-10 (동면 금산리),,,0,55.5,0,55.5,0,일반목구조,01000,주택,1,0
경상남도 양산시 동면 금산리 788번지,48330,31027,0,0788,0000,일반건축물,,,,0,77.3,0,77.3,0,일반목구조,01000,주택,1,0
경상남도 양산시 동면 금산리 789번지,48330,31027,0,0789,0000,일반건축물,경상남도 양산시 금산2길 15 (동면 금산리),,,189,111.49,58.99,314.86,166.59,철근콘크리트구조,04000,"제2종근린생활시설, 단독주택",3,0
경상남도 양산시 동면 금산리 790번지,48330,31027,0,0790,0000,일반건축물,경상남도 양산시 금산2길 13-9 (동면 금산리),,,0,63.13,0,63.13,0,벽돌구조,01000,주택,1,0
경상남도 양산시 동면 금산리 791번지,48330,31027,0,0791,0000,일반건축물,경상남도 양산시 금산2길 13-5 (동면 금산리),,,329,193.58,58.84,361.46,109.87,일반철골구조,18000,창고시설,2,0
경상남도 양산시 동면 금산리 792번지,48330,31027,0,0792,0000,일반건축물,경상남도 양산시 금산2길 13-3 (동면 금산리),,,0,65.8,0,65.8,0,일반목구조,01000,주택,1,0
경상남도 양산시 동면 금산리 793번지,48330,31027,0,0793,0000,일반건축물,경상남도 양산시 금산2길 13 (동면 금산리),,,194,85,43.81,85,43.81,블록구조,03000,제1종근린생활시설,1,0
경상남도 양산시 동면 금산리 795번지,48330,31027,0,0795,0000,일반건축물,,,,963.03,194.91,20.24,174.65,18.14,철근콘크리트구조,04000,2종근린생활시설,1,0
경상남도 양산시 동면 금산리 795번지,48330,31027,0,0795,0000,일반건축물,,,,0,32.7,0,32.7,0,일반목구조,01000,주택,1,0
경상남도 양산시 동면 금산리 796번지,48330,31027,0,0796,0000,일반건축물,,,,0,110,0,110,0,일반목구조,01000,주택,1,0
경상남도 양산시 동면 금산리 798-1번지,48330,31027,0,0798,0001,일반건축물,,,,0,147.14,0,147.14,0,벽돌구조,01000,주택,2,0
경상남도 양산시 동면 금산리 799-1번지,48330,31027,0,0799,0001,일반건축물,,,,0,63.25,0,63.25,0,블록구조,01000,"주택, 근린생활시설",1,0
경상남도 양산시 동면 금산리 800-3번지,48330,31027,0,0800,0003,일반건축물,,,,0,62.47,0,62.47,0,벽돌구조,01000,주택,1,0
경상남도 양산시 동면 금산리 801-11번지,48330,31027,0,0801,0011,일반건축물,,,,0,117.3,0,117.3,0,블록구조,01000,"주택, 근린생활시설",1,0
경상남도 양산시 동면 금산리 801-13번지,48330,31027,0,0801,0013,일반건축물,,,,0,299.16,0,348.76,0,철근콘크리트구조,03000,새마을회관,2,0
경상남도 양산시 동면 금산리 801-14번지,48330,31027,0,0801,0014,일반건축물,,,,485.13,191.2,39.41,191.2,39.41,경량철골구조,17000,공장,1,0
경상남도 양산시 동면 금산리 802번지,48330,31027,0,0802,0000,일반건축물,,,,0,67,0,67,0,일반목구조,01000,주택,1,0
경상남도 양산시 동면 금산리 803-1번지,48330,31027,0,0803,0001,일반건축물,,,,121,24,19.83,24,19.83,경량철골구조,04000,제2종근린생활시설,1,0
경상남도 양산시 동면 금산리 803-4번지,48330,31027,0,0803,0004,일반건축물,,,1호동,0,78.33,0,78.33,0,경량철골구조,04000,제2종근린생활시설,1,0
경상남도 양산시 동면 금산리 803-4번지,48330,31027,0,0803,0004,일반건축물,,,2호동,0,154.28,0,154.28,0,경량철골구조,04000,제2종근린생활시설,1,0
경상남도 양산시 동면 금산리 809-1번지,48330,31027,0,0809,0001,일반건축물,,,,0,699.17,0,699.17,0,블록구조,17000,공장,2,0
경상남도 양산시 동면 금산리 839-3번지,48330,31027,0,0839,0003,일반건축물,,,,1306.98,232.32,17.78,311.08,23.8,철근콘크리트구조,04000,제2종근린생활시설,2,0
경상남도 양산시 동면 금산리 840번지,48330,31027,0,0840,0000,일반건축물,,,,0,392.52,0,956.64,0,철근콘크리트구조,17000,공장,3,0
경상남도 양산시 동면 금산리 840-2번지,48330,31027,0,0840,0002,일반건축물,,,,0,199.48,0,390.56,0,철근콘크리트구조,17000,공장,2,0
경상남도 양산시 동면 금산리 840-4번지,48330,31027,0,0840,0004,일반건축물,,,,945,523.2,55.37,1046.4,110.73,일반철골구조,04000,"근린생활시설,농산물저장창고",2,0
경상남도 양산시 동면 금산리 841-2번지,48330,31027,0,0841,0002,일반건축물,,,,0,0,0,266.52,0,철근콘크리트구조,04000,근린생활시설,2,0
경상남도 양산시 동면 금산리 841-8번지,48330,31027,0,0841,0008,일반건축물,,,,0,0,0,115.63,0,벽돌구조,04000,근린생활시설,2,0
경상남도 양산시 동면 금산리 842-2번지,48330,31027,0,0842,0002,일반건축물,,,,2096,882,42.08,882,42.08,철근콘크리트구조,18000,농산물저장창고,1,0
경상남도 양산시 동면 금산리 843-4번지,48330,31027,0,0843,0004,일반건축물,,,,399,224.6,56.29,224.6,56.29,철근콘크리트구조,17000,공장,1,0
경상남도 양산시 동면 금산리 851번지,48330,31027,0,0851,0000,일반건축물,,산불대응센터,,726.9,102.88,14.15,205.76,28.31,일반철골구조,03000,제1종근린생활시설,2,0
경상남도 양산시 동면 금산리 855번지,48330,31027,0,0855,0000,표제부,경상남도 양산시 금산2길 12 (동면 금산리),양산금산휴먼시아,105동,0,567.49,0,7251.22,0,철근콘크리트구조,02000,공동주택(아파트),15,1
경상남도 양산시 동면 금산리 855번지,48330,31027,0,0855,0000,표제부,경상남도 양산시 금산2길 12 (동면 금산리),양산금산휴먼시아,지하주차장4,0,0,0,1740.58,0,철근콘크리트구조,02000,부대시설(지하주차장),0,1
경상남도 양산시 동면 금산리 855번지,48330,31027,0,0855,0000,표제부,경상남도 양산시 금산2길 12 (동면 금산리),양산금산휴먼시아,경비실2,0,14.973,0,9,0,철근콘크리트구조,02000,부대시설(경비실),1,0
경상남도 양산시 동면 금산리 855번지,48330,31027,0,0855,0000,표제부,경상남도 양산시 금산2길 12 (동면 금산리),양산금산휴먼시아,지하주차장5,0,0,0,1740.58,0,철근콘크리트구조,02000,부대시설(지하주차장),0,1
경상남도 양산시 동면 금산리 855번지,48330,31027,0,0855,0000,표제부,경상남도 양산시 금산2길 12 (동면 금산리),양산금산휴먼시아,지하주차장1,0,0,0,2111.32,0,철근콘크리트구조,02000,부대시설(지하주차장),0,1
경상남도 양산시 동면 금산리 855번지,48330,31027,0,0855,0000,표제부,경상남도 양산시 금산2길 12 (동면 금산리),양산금산휴먼시아,110동,0,540.34,0,6750.32,0,철근콘크리트구조,02000,공동주택(아파트),15,1
경상남도 양산시 동면 금산리 855번지,48330,31027,0,0855,0000,표제부,경상남도 양산시 금산2길 12 (동면 금산리),양산금산휴먼시아,101동,0,861.405,0,21621.35,0,철근콘크리트구조,02000,공동주택(아파트),13,1
경상남도 양산시 동면 금산리 855번지,48330,31027,0,0855,0000,표제부,경상남도 양산시 금산2길 12 (동면 금산리),양산금산휴먼시아,107동,0,638.02,0,7074,0,철근콘크리트구조,02000,공동주택(아파트),15,1
경상남도 양산시 동면 금산리 855번지,48330,31027,0,0855,0000,표제부,경상남도 양산시 금산2길 12 (동면 금산리),양산금산휴먼시아,지하주차장3,0,0,0,1775.39,0,철근콘크리트구조,02000,부대시설(지하주차장),0,1
경상남도 양산시 동면 금산리 855번지,48330,31027,0,0855,0000,표제부,경상남도 양산시 금산2길 12 (동면 금산리),양산금산휴먼시아,112동,0,539.61,0,6726.172,0,철근콘크리트구조,02000,공동주택(아파트),15,1
경상남도 양산시 동면 금산리 855번지,48330,31027,0,0855,0000,표제부,경상남도 양산시 금산2길 12 (동면 금산리),양산금산휴먼시아,전기실,0,25.67,0,232.26,0,철근콘크리트구조,02000,"부대시설(전기실,발전기실)",0,1
경상남도 양산시 동면 금산리 855번지,48330,31027,0,0855,0000,표제부,경상남도 양산시 금산2길 12 (동면 금산리),양산금산휴먼시아,경비실4,0,14.973,0,9,0,철근콘크리트구조,02000,부대시설(경비실),1,0
경상남도 양산시 동면 금산리 855번지,48330,31027,0,0855,0000,표제부,경상남도 양산시 금산2길 12 (동면 금산리),양산금산휴먼시아,지하주차장2,0,0,0,2456.23,0,철근콘크리트구조,02000,부대시설(지하주차장),0,1
경상남도 양산시 동면 금산리 855번지,48330,31027,0,0855,0000,표제부,경상남도 양산시 금산2길 12 (동면 금산리),양산금산휴먼시아,108동,0,425.34,0,4648.59,0,철근콘크리트구조,02000,공동주택(아파트),15,1
경상남도 양산시 동면 금산리 855번지,48330,31027,0,0855,0000,표제부,경상남도 양산시 금산2길 12 (동면 금산리),양산금산휴먼시아,102동,0,717.88,0,7812.68,0,철근콘크리트구조,02000,공동주택(아파트),13,1
경상남도 양산시 동면 금산리 855번지,48330,31027,0,0855,0000,표제부,경상남도 양산시 금산2길 12 (동면 금산리),양산금산휴먼시아,지하주차장6,0,0,0,1118.81,0,철근콘크리트구조,02000,부대시설(지하주차장),0,1
경상남도 양산시 동면 금산리 855번지,48330,31027,0,0855,0000,표제부,경상남도 양산시 금산2길 12 (동면 금산리),양산금산휴먼시아,주민복지관2,0,136.96,0,412.39,0,철근콘크리트구조,02000,"복리,부대시설(관리소,문고,주민공동시설,MDF실,방재실)",1,0
경상남도 양산시 동면 금산리 855번지,48330,31027,0,0855,0000,표제부,경상남도 양산시 금산2길 12 (동면 금산리),양산금산휴먼시아,111동,0,540.34,0,6750.32,0,철근콘크리트구조,02000,공동주택(아파트),15,1
경상남도 양산시 동면 금산리 855번지,48330,31027,0,0855,0000,표제부,경상남도 양산시 금산2길 12 (동면 금산리),양산금산휴먼시아,경비실5,0,14.973,0,9,0,철근콘크리트구조,02000,부대시설(경비실),1,0
경상남도 양산시 동면 금산리 855번지,48330,31027,0,0855,0000,표제부,경상남도 양산시 금산2길 12 (동면 금산리),양산금산휴먼시아,경비실3,0,14.973,0,9,0,철근콘크리트구조,02000,부대시설(경비실),1,0
경상남도 양산시 동면 금산리 855번지,48330,31027,0,0855,0000,표제부,경상남도 양산시 금산2길 12 (동면 금산리),양산금산휴먼시아,지하주차장7,0,0,0,1777.42,0,철근콘크리트구조,02000,부대시설(지하주차장),0,1
경상남도 양산시 동면 금산리 855번지,48330,31027,0,0855,0000,표제부,경상남도 양산시 금산2길 12 (동면 금산리),양산금산휴먼시아,주상가동,0,326.55,0,776.19,0,철근콘크리트구조,03000,"제1,2종근린생활시설",3,0
경상남도 양산시 동면 금산리 855번지,48330,31027,0,0855,0000,표제부,경상남도 양산시 금산2길 12 (동면 금산리),양산금산휴먼시아,106동,0,567.49,0,7251.42,0,철근콘크리트구조,02000,공동주택(아파트),15,1
경상남도 양산시 동면 금산리 855번지,48330,31027,0,0855,0000,표제부,경상남도 양산시 금산2길 12 (동면 금산리),양산금산휴먼시아,104동,0,644.54,0,8157.73,0,철근콘크리트구조,02000,공동주택(아파트),15,1
경상남도 양산시 동면 금산리 855번지,48330,31027,0,0855,0000,표제부,경상남도 양산시 금산2길 12 (동면 금산리),양산금산휴먼시아,부상가동,0,71.15,0,71.15,0,철근콘크리트구조,03000,"제1,2종근린생활시설",1,0
경상남도 양산시 동면 금산리 855번지,48330,31027,0,0855,0000,표제부,경상남도 양산시 금산2길 12 (동면 금산리),양산금산휴먼시아,103동,0,718.56,0,7843.92,0,철근콘크리트구조,02000,공동주택(아파트),13,1
경상남도 양산시 동면 금산리 855번지,48330,31027,0,0855,0000,표제부,경상남도 양산시 금산2길 12 (동면 금산리),양산금산휴먼시아,경비실1,0,14.973,0,9,0,철근콘크리트구조,02000,부대시설(경비실),1,0
경상남도 양산시 동면 금산리 855번지,48330,31027,0,0855,0000,표제부,경상남도 양산시 금산2길 12 (동면 금산리),양산금산휴먼시아,109동,0,644.54,0,8157.73,0,철근콘크리트구조,02000,공동주택(아파트),15,1
경상남도 양산시 동면 금산리 855번지,48330,31027,0,0855,0000,표제부,경상남도 양산시 금산2길 12 (동면 금산리),양산금산휴먼시아,주민복지관1,0,3.96,0,307.05,0,철근콘크리트구조,02000,"복리시설(보육시설,경로당)",1,0
경상남도 양산시 동면 금산리 855번지,48330,31027,0,0855,0000,표제부,경상남도 양산시 금산2길 12 (동면 금산리),양산금산휴먼시아,지하주차장8,0,0,0,1526.82,0,철근콘크리트구조,02000,부대시설(지하주차장),0,1
경상남도 양산시 동면 금산리 855번지,48330,31027,0,0855,0000,표제부,경상남도 양산시 금산2길 12 (동면 금산리),양산금산휴먼시아,외부엘리베이터,0,45.4,0,91.24,0,철근콘크리트구조,02000,부대시설(외부엘리베이터),3,0
경상남도 양산시 동면 금산리 856-2번지,48330,31027,0,0856,0002,일반건축물,,,,0,23.68,0,23.68,0,블록구조,04000,근린생활시설,1,0
경상남도 양산시 동면 금산리 857-8번지,48330,31027,0,0857,0008,일반건축물,,,,0,69.3,0,69.3,0,일반목구조,01000,주택,1,0
경상남도 양산시 동면 금산리 857-8번지,48330,31027,0,0857,0008,일반건축물,,,,0,0,0,213.18,0,블록구조,01000,주택,2,0
경상남도 양산시 동면 금산리 861-1번지,48330,31027,0,0861,0001,일반건축물,,,,0,211,0,211,0,철근콘크리트구조,17000,공장,1,0
경상남도 양산시 동면 금산리 862-2번지,48330,31027,0,0862,0002,일반건축물,,,,0,123.09,0,235.78,0,벽돌구조,01000,주택,2,0
경상남도 양산시 동면 금산리 863번지,48330,31027,0,0863,0000,일반건축물,,,,111.72,57.87,51.79,108.12,96.77,벽돌구조,01000,단독주택,2,0
경상남도 양산시 동면 금산리 866번지,48330,31027,0,0866,0000,일반건축물,,,,0,31.7,0,31.7,0,일반목구조,01000,주택,1,0
경상남도 양산시 동면 금산리 867-1번지,48330,31027,0,0867,0001,일반건축물,,,,0,78.72,0,107.76,0,벽돌구조,01000,주택,1,1
경상남도 양산시 동면 금산리 869번지,48330,31027,0,0869,0000,일반건축물,,,,0,84.2,0,84.2,0,일반목구조,01000,주택,1,0
경상남도 양산시 동면 금산리 870번지,48330,31027,0,0870,0000,일반건축물,,,,0,101.3,0,101.3,0,일반목구조,01000,주택,1,0
경상남도 양산시 동면 금산리 872번지,48330,31027,0,0872,0000,일반건축물,,,,126.01,75.45,59.88,127.41,101.11,기타조적구조,01000,단독주택,2,0
경상남도 양산시 동면 금산리 873번지,48330,31027,0,0873,0000,일반건축물,,,,305.01,104.12,34.14,148.58,48.71,기타조적구조,01000,주택,2,0
경상남도 양산시 동면 금산리 878번지,48330,31027,0,0878,0000,일반건축물,,,,0,54.83,0,54.83,0,블록구조,01000,주택,1,0
경상남도 양산시 동면 금산리 885번지,48330,31027,0,0885,0000,일반건축물,,,,543.53,97.76,17.99,94.86,17.45,기타조적구조,01000,단독주택,1,0
경상남도 양산시 동면 금산리 891번지,48330,31027,0,0891,0000,일반건축물,,,,0,144,0,325.35,0,기타조적구조,01000,"주택,제2종근린생활시설",3,0
경상남도 양산시 동면 금산리 900번지,48330,31027,0,0900,0000,일반건축물,,,,363.98,130.36,35.82,125.41,34.46,벽돌구조,01000,단독주택,1,0
경상남도 양산시 동면 금산리 905-1번지,48330,31027,0,0905,0001,일반건축물,,,,0,62.56,0,62.56,0,블록구조,01000,주택,1,0
경상남도 양산시 동면 금산리 905-2번지,48330,31027,0,0905,0002,일반건축물,,,,0,55.45,0,55.45,0,일반목구조,01000,주택,1,0
경상남도 양산시 동면 금산리 905-3번지,48330,31027,0,0905,0003,일반건축물,,,,214.84,87.36,40.66,87.36,40.66,기타조적구조,01000,주택,1,0
경상남도 양산시 동면 금산리 906번지,48330,31027,0,0906,0000,일반건축물,,,,0,50.5,0,50.5,0,일반목구조,01000,주택,1,0
경상남도 양산시 동면 금산리 907번지,48330,31027,0,0907,0000,일반건축물,,,,736,303.38,41.22,335.38,45.57,철근콘크리트구조,04000,근린생활시설,2,0
경상남도 양산시 동면 금산리 908번지,48330,31027,0,0908,0000,일반건축물,,,,0,91.1,0,91.1,0,일반목구조,01000,주택,1,0
경상남도 양산시 동면 금산리 910-1번지,48330,31027,0,0910,0001,일반건축물,,,,0,40.5,0,40.5,0,블록구조,01000,주택,1,0
경상남도 양산시 동면 금산리 910-1번지,48330,31027,0,0910,0001,일반건축물,,,,0,107.05,0,107.05,0,철근콘크리트구조,06000,종교시설,1,0
경상남도 양산시 동면 금산리 910-2번지,48330,31027,0,0910,0002,일반건축물,,,,0,75.7,0,75.7,0,일반목구조,01000,주택,1,0
경상남도 양산시 동면 금산리 915번지,48330,31027,0,0915,0000,일반건축물,,,,0,48.5,0,48.5,0,일반목구조,01000,주택,1,0
경상남도 양산시 동면 금산리 915번지,48330,31027,0,0915,0000,일반건축물,,,,0,58.5,0,58.5,0,일반목구조,01000,주택,1,0
경상남도 양산시 동면 금산리 916번지,48330,31027,0,0916,0000,일반건축물,,,,0,84.5,0,84.5,0,일반목구조,01000,주택,1,0
경상남도 양산시 동면 금산리 925번지,48330,31027,0,0925,0000,표제부,경상남도 양산시 금산2길 32 (동면 금산리),,제1동,1080,215.52,19.96,801.36,60.87,철근콘크리트구조,02000,공동주택,4,1
경상남도 양산시 동면 금산리 940-2번지,48330,31027,0,0940,0002,일반건축물,경상남도 양산시 금산1길 46 (동면 금산리),,,1028,125.88,12.25,113.79,11.07,철근콘크리트구조,01000,단독주택,2,0
경상남도 양산시 동면 금산리 952번지,48330,31027,0,0952,0000,일반건축물,경상남도 양산시 금산1길 44 (동면 금산리),,,530,81.84,15.44,49.96,9.43,철근콘크리트구조,01000,단독주택,1,0
경상남도 양산시 동면 금산리 989번지,48330,31027,0,0989,0000,일반건축물,,,,0,72.7,0,72.7,0,일반목구조,01000,주택,1,0
경상남도 양산시 동면 금산리 1145번지,48330,31027,0,1145,0000,일반건축물,경상남도 양산시 강변로 30 (동면 금산리),양산지혜마루,주1동,36181,3932.03,10.87,6212.5,17.177,철근콘크리트구조,10000,교육연구시설,4,0
경상남도 양산시 동면 금산리 1153-7번지,48330,31027,0,1153,0007,일반건축물,,,,145,28.8,19.86,28.8,19.86,경량철골구조,06000,종교시설,1,0
경상남도 양산시 동면 금산리 1187-6번지,48330,31027,0,1187,0006,일반건축물,경상남도 양산시 금오3길 27 (동면 금산리),양산물금지구제1배수처리시설,,38946.96,905.16,2.32,1342.74,2.32,철근콘크리트구조,03000,제1종근린생활시설,1,1
경상남도 양산시 동면 금산리 1223-3번지,48330,31027,0,1223,0003,일반건축물,경상남도 양산시 강변로 54 (동면 금산리),,양산분뇨처리장,0,387.32,0,529.34,0,철근콘크리트구조,22000,분뇨및쓰레기처리시설,2,1
경상남도 양산시 동면 금산리 1223-3번지,48330,31027,0,1223,0003,일반건축물,경상남도 양산시 강변로 54 (동면 금산리),,유리온실,0,691.2,0,691.2,0,경량철골구조,22000,분뇨및쓰레기처리시설,1,0
경상남도 양산시 동면 금산리 1223-3번지,48330,31027,0,1223,0003,일반건축물,경상남도 양산시 강변로 54 (동면 금산리),,화장실,0,101.27,0,56.28,0,철근콘크리트구조,22000,분뇨및쓰레기처리시설,1,0
경상남도 양산시 동면 금산리 1223-3번지,48330,31027,0,1223,0003,일반건축물,경상남도 양산시 강변로 54 (동면 금산리),,체육시설관리소,0,144.18,0,112.5,0,철근콘크리트구조,22000,분뇨및쓰레기처리시설,1,0
경상남도 양산시 동면 금산리 1223-3번지,48330,31027,0,1223,0003,일반건축물,경상남도 양산시 강변로 54 (동면 금산리),,관리동,0,541.43,0,1444.94,0,철근콘크리트구조,22000,분뇨및쓰레기처리시설,2,1
경상남도 양산시 동면 금산리 1223-3번지,48330,31027,0,1223,0003,일반건축물,경상남도 양산시 강변로 54 (동면 금산리),,17동,0,513.08,0,499.08,0,철근콘크리트구조,30000,자원순환관련시설,1,0
경상남도 양산시 동면 금산리 1223-3번지,48330,31027,0,1223,0003,일반건축물,경상남도 양산시 강변로 54 (동면 금산리),,유입펌프장,0,1391.12,0,1391.12,0,일반철골구조,22000,분뇨및쓰레기처리시설,1,0
경상남도 양산시 동면 금산리 1223-3번지,48330,31027,0,1223,0003,일반건축물,경상남도 양산시 강변로 54 (동면 금산리),,19동,0,18,0,18,0,기타구조,30000,자원순환관련시설,1,0
경상남도 양산시 동면 금산리 1223-3번지,48330,31027,0,1223,0003,일반건축물,경상남도 양산시 강변로 54 (동면 금산리),,설비동,0,1692,0,3096,0,철근콘크리트구조,22000,분뇨및쓰레기처리시설,1,1
경상남도 양산시 동면 금산리 1223-3번지,48330,31027,0,1223,0003,일반건축물,경상남도 양산시 강변로 54 (동면 금산리),,슬러지처리동,0,1181.21,0,1794.24,0,철근콘크리트구조,22000,분뇨.쓰레기처리시설,2,2
경상남도 양산시 동면 금산리 1223-3번지,48330,31027,0,1223,0003,일반건축물,경상남도 양산시 강변로 54 (동면 금산리),,18동,0,116.92,0,109.52,0,철근콘크리트구조,30000,분뇨및 쓰레기처리시설,1,0
경상남도 양산시 동면 금산리 1223-3번지,48330,31027,0,1223,0003,일반건축물,경상남도 양산시 강변로 54 (동면 금산리),,화장실,0,82.92,0,48.48,0,철근콘크리트구조,22000,분뇨및쓰레기처리시설,1,0
경상남도 양산시 동면 금산리 1407-1번지,48330,31027,0,1407,0001,일반건축물,경상남도 양산시 금오7길 52 (동면 금산리),,,209,124.68,59.66,333.76,159.69,철근콘크리트구조,01000,"제2종근린생활시설,단독주택(다가구)",3,0
경상남도 양산시 동면 금산리 1407-2번지,48330,31027,0,1407,0002,일반건축물,경상남도 양산시 금오7길 50 (동면 금산리),,,199,118.66,59.63,324.56,163.1,철근콘크리트구조,01000,"단독주택(다가구),제2종근린생활시설",3,0
경상남도 양산시 동면 금산리 1407-3번지,48330,31027,0,1407,0003,일반건축물,경상남도 양산시 금오9길 35 (동면 금산리),,1동,199,117.86,59.23,334.08,167.88,철근콘크리트구조,01000,단독주택 및 제2종근린생활시설,3,0
경상남도 양산시 동면 금산리 1407-5번지,48330,31027,0,1407,0005,일반건축물,경상남도 양산시 금오9길 31-1 (동면 금산리),,,199,118.8,59.7,350.03,175.89,철근콘크리트구조,01000,"단독주택,제2종근린생활시설",3,0
경상남도 양산시 동면 금산리 1407-6번지,48330,31027,0,1407,0006,일반건축물,경상남도 양산시 금오9길 31 (동면 금산리),,,199,119.04,59.82,332.09,166.88,철근콘크리트구조,01000,"단독주택, 제2종근린생활시설",3,0
경상남도 양산시 동면 금산리 1407-7번지,48330,31027,0,1407,0007,일반건축물,경상남도 양산시 금오9길 29-1 (동면 금산리),,,199,119.21,59.9,348.8,175.28,철근콘크리트구조,01000,"단독주택(다가구),제2종근린생활시설",3,0
경상남도 양산시 동면 금산리 1407-8번지,48330,31027,0,1407,0008,일반건축물,경상남도 양산시 금오9길 29 (동면 금산리),,,199.1,118.76,59.65,323.48,162.47,철근콘크리트구조,01000,"단독주택,제2종근린생활시설",3,0
경상남도 양산시 동면 금산리 1408-1번지,48330,31027,0,1408,0001,일반건축물,경상남도 양산시 금오9길 25 (동면 금산리),,,269.5,149.24,55.38,399.85,139.15,철근콘크리트구조,01000,단독주택,3,0
경상남도 양산시 동면 금산리 1408-2번지,48330,31027,0,1408,0002,일반건축물,경상남도 양산시 금오9길 23 (동면 금산리),,,225.5,134.6,59.69,368.84,163.57,철근콘크리트구조,01000,단독주택 및 제2종근린생활시설,3,0
경상남도 양산시 동면 금산리 1408-3번지,48330,31027,0,1408,0003,일반건축물,경상남도 양산시 금오9길 21-1 (동면 금산리),,제1동,225.4,133.17,59.08,399.51,177.24,철근콘크리트구조,01000,단독주택,3,0
경상남도 양산시 동면 금산리 1408-4번지,48330,31027,0,1408,0004,일반건축물,경상남도 양산시 금오9길 21 (동면 금산리),,,225.5,134.82,59.79,379.12,168.12,철근콘크리트구조,01000,"단독주택(다가구),제2종근린생활시설",3,0
경상남도 양산시 동면 금산리 1408-5번지,48330,31027,0,1408,0005,일반건축물,경상남도 양산시 금오9길 19 (동면 금산리),,,225.6,134.62,59.67,343.54,152.28,철근콘크리트구조,01000,"단독주택(다가구), 제2종근린생활시설",3,0
경상남도 양산시 동면 금산리 1408-6번지,48330,31027,0,1408,0006,일반건축물,경상남도 양산시 금오9길 17 (동면 금산리),,,223.6,133.75,59.82,369.7,165.34,철근콘크리트구조,01000,"제2종근린생활시설,단독주택(다가구)",3,0
경상남도 양산시 동면 금산리 1408-8번지,48330,31027,0,1408,0008,일반건축물,경상남도 양산시 금오7길 30-1 (동면 금산리),,1동,222.8,132.3,59.38,358.53,160.92,철근콘크리트구조,01000,"제2종근린생활시설,단독주택(다가구)",3,0
경상남도 양산시 동면 금산리 1408-9번지,48330,31027,0,1408,0009,일반건축물,경상남도 양산시 금오9길 15 (동면 금산리),,,216.8,129.27,59.63,351.61,162.18,철근콘크리트구조,01000,단독주택 및 제2종근린생활시설,3,0
경상남도 양산시 동면 금산리 1408-10번지,48330,31027,0,1408,0010,일반건축물,경상남도 양산시 금오9길 13 (동면 금산리),,1동,216.8,129.74,59.84,370.44,170.87,철근콘크리트구조,01000,단독주택 및 제1종근린생활시설,3,0
경상남도 양산시 동면 금산리 1408-11번지,48330,31027,0,1408,0011,일반건축물,경상남도 양산시 금오9길 11 (동면 금산리),,,216.8,129.57,59.76,358.55,165.38,철근콘크리트구조,01000,"단독주택, 제2종근린생활시설",3,0
경상남도 양산시 동면 금산리 1408-12번지,48330,31027,0,1408,0012,일반건축물,경상남도 양산시 금오9길 9-1 (동면 금산리),,,216.8,129.48,59.72,349.33,161.13,철근콘크리트구조,01000,단독주택 및 제2종근린생활시설,3,0
경상남도 양산시 동면 금산리 1408-14번지,48330,31027,0,1408,0014,일반건축물,경상남도 양산시 금오7길 24 (동면 금산리),,,217.8,129.88,59.63,354.41,162.72,철근콘크리트구조,01000,"제2종근린생활시설,단독주택(다가구)",3,0
경상남도 양산시 동면 금산리 1408-16번지,48330,31027,0,1408,0016,일반건축물,경상남도 양산시 금오9길 5 (동면 금산리),,,217.8,130.16,59.76,329.68,151.37,철근콘크리트구조,01000,"제2종근린생활시설,단독주택(다가구)",3,0
경상남도 양산시 동면 금산리 1408-17번지,48330,31027,0,1408,0017,일반건축물,경상남도 양산시 금오9길 3-1 (동면 금산리),,,217.9,130.44,59.86,368.34,169.04,철근콘크리트구조,01000,"단독주택,제2종근린생활시설",3,0
경상남도 양산시 동면 금산리 1408-18번지,48330,31027,0,1408,0018,일반건축물,경상남도 양산시 금오9길 3 (동면 금산리),,,216.8,129.14,59.57,362.22,167.08,철근콘크리트구조,01000,단독주택 및 제2종근린생활시설,3,0
경상남도 양산시 동면 금산리 1408-19번지,48330,31027,0,1408,0019,일반건축물,경상남도 양산시 금오2길 57 (동면 금산리),,,303.8,181.96,59.9,493.08,162.3,철근콘크리트구조,01000,"단독주택,제2종근린생활시설",3,0
경상남도 양산시 동면 금산리 1408-20번지,48330,31027,0,1408,0020,일반건축물,경상남도 양산시 금오2길 55 (동면 금산리),,,209.8,125.19,59.67,349.08,166.39,철근콘크리트구조,01000,"단독주택, 제2종근린생활시설",3,0
경상남도 양산시 동면 금산리 1408-21번지,48330,31027,0,1408,0021,일반건축물,경상남도 양산시 금오2길 53 (동면 금산리),,,209.9,125.21,59.65,335.97,160.06,철근콘크리트구조,01000,"제2종근린생활시설,단독주택(다가구)",3,0
경상남도 양산시 동면 금산리 1408-22번지,48330,31027,0,1408,0022,일반건축물,경상남도 양산시 금오2길 51 (동면 금산리),,,209.9,125.51,59.8,374.08,178.22,철근콘크리트구조,01000,"단독주택, 제1종근린생활시설",3,0
경상남도 양산시 동면 금산리 1408-23번지,48330,31027,0,1408,0023,일반건축물,경상남도 양산시 금오2길 49 (동면 금산리),,,209.9,125.3,59.7,341.67,162.78,철근콘크리트구조,01000,"단독주택, 제2종근린생활시설",3,0
경상남도 양산시 동면 금산리 1408-24번지,48330,31027,0,1408,0024,일반건축물,경상남도 양산시 금오7길 10 (동면 금산리),,,252.9,150.69,59.58,416.72,164.78,철근콘크리트구조,01000,"제2종근린생활시설,단독주택(다가구)",3,0
경상남도 양산시 동면 금산리 1408-27번지,48330,31027,0,1408,0027,일반건축물,경상남도 양산시 금오2길 45 (동면 금산리),,1동,209.4,125.35,59.86,338.67,161.73,철근콘크리트구조,01000,단독주택 및 제2종근린생활시설,3,0
경상남도 양산시 동면 금산리 1408-28번지,48330,31027,0,1408,0028,일반건축물,경상남도 양산시 금오7길 6 (동면 금산리),,,209.4,123.77,59.11,355.61,169.82,철근콘크리트구조,01000,"단독주택(다가구),제2종근린생활시설",3,0
경상남도 양산시 동면 금산리 1408-29번지,48330,31027,0,1408,0029,일반건축물,경상남도 양산시 금오7길 4 (동면 금산리),,,209.3,125.11,59.78,338.54,161.75,철근콘크리트구조,01000,"단독주택(다가구),제2종근린생활시설",3,0
경상남도 양산시 동면 금산리 1408-30번지,48330,31027,0,1408,0030,일반건축물,경상남도 양산시 금오7길 2 (동면 금산리),,,225.2,135.01,59.95,343.88,152.7,철근콘크리트구조,01000,"제2종근린생활시설,단독주택(다가구)",3,0
경상남도 양산시 동면 금산리 1409-1번지,48330,31027,0,1409,0001,일반건축물,경상남도 양산시 금오7길 51 (동면 금산리),,,202.8,121.08,59.7,325.66,160.58,철근콘크리트구조,01000,"단독주택, 제2종근린생활시설",3,0
경상남도 양산시 동면 금산리 1409-2번지,48330,31027,0,1409,0002,일반건축물,경상남도 양산시 금오7길 49 (동면 금산리),,1동,199,119,59.8,338.39,170.05,철근콘크리트구조,01000,단독주택 및 제1종근린생활시설,3,0
경상남도 양산시 동면 금산리 1409-3번지,48330,31027,0,1409,0003,일반건축물,경상남도 양산시 금오7길 47-1 (동면 금산리),,,199,119.28,59.94,335.86,168.77,철근콘크리트구조,01000,"단독주택, 제1종근린생활시설",3,0
경상남도 양산시 동면 금산리 1409-4번지,48330,31027,0,1409,0004,일반건축물,경상남도 양산시 금오7길 47 (동면 금산리),,,198.9,118.59,59.62,350.22,176.08,철근콘크리트구조,01000,"단독주택,제2종근린생활시설",3,0
경상남도 양산시 동면 금산리 1409-5번지,48330,31027,0,1409,0005,일반건축물,경상남도 양산시 금오7길 45 (동면 금산리),,,198.8,118.44,59.58,340.88,171.47,철근콘크리트구조,01000,"단독주택(다가구),제2종근린생활시설",3,0
경상남도 양산시 동면 금산리 1409-7번지,48330,31027,0,1409,0007,일반건축물,경상남도 양산시 금오7길 43 (동면 금산리),,,197.9,118.44,59.85,325.9,164.68,철근콘크리트구조,01000,"단독주택(다가구), 제2종근린생활시설",3,0
경상남도 양산시 동면 금산리 1409-8번지,48330,31027,0,1409,0008,일반건축물,경상남도 양산시 금오7길 41-1 (동면 금산리),,,198.9,118.08,59.37,310.3,156.01,철근콘크리트구조,01000,"단독주택(다가구),제2종근린생활시설",3,0
경상남도 양산시 동면 금산리 1409-9번지,48330,31027,0,1409,0009,일반건축물,경상남도 양산시 금오7길 41 (동면 금산리),,,193.9,115.01,59.31,319.21,164.63,철근콘크리트구조,01000,"단독주택,제2종근린생활시설",3,0
경상남도 양산시 동면 금산리 1409-10번지,48330,31027,0,1409,0010,일반건축물,경상남도 양산시 금오6길 28-27 (동면 금산리),,,193.9,115.8,59.72,297.03,153.19,철근콘크리트구조,01000,"단독주택, 제2종근린생활시설",3,0
경상남도 양산시 동면 금산리 1409-11번지,48330,31027,0,1409,0011,일반건축물,경상남도 양산시 금오7길 55-17 (동면 금산리),,1동,198.9,119.09,59.87,337.16,169.51,철근콘크리트구조,01000,단독주택,3,0
경상남도 양산시 동면 금산리 1409-12번지,48330,31027,0,1409,0012,일반건축물,경상남도 양산시 금오7길 55-15 (동면 금산리),,,198.8,118.8,59.76,334.48,168.25,철근콘크리트구조,01000,"단독주택,제2종근린생활시설",3,0
경상남도 양산시 동면 금산리 1409-13번지,48330,31027,0,1409,0013,일반건축물,경상남도 양산시 금오7길 55-13 (동면 금산리),,,199,117.03,58.81,303.78,152.65,철근콘크리트구조,01000,"단독주택, 제2종근린생활시설",3,0
경상남도 양산시 동면 금산리 1409-14번지,48330,31027,0,1409,0014,일반건축물,경상남도 양산시 금오7길 55-11 (동면 금산리),,,199,119.32,59.96,327.3,164.47,철근콘크리트구조,01000,"단독주택,제1종근린생활시설",3,0
경상남도 양산시 동면 금산리 1409-15번지,48330,31027,0,1409,0015,일반건축물,경상남도 양산시 금오7길 55-9 (동면 금산리),,,199.1,119,59.77,325.73,163.6,철근콘크리트구조,01000,"제1종근린생활시설,단독주택(다가구)",3,0
경상남도 양산시 동면 금산리 1409-17번지,48330,31027,0,1409,0017,일반건축물,경상남도 양산시 금오7길 55-5 (동면 금산리),,,198.9,118.92,59.79,333.59,167.72,철근콘크리트구조,01000,단독주택(다가구),3,0
경상남도 양산시 동면 금산리 1409-18번지,48330,31027,0,1409,0018,일반건축물,경상남도 양산시 금오7길 55 (동면 금산리),,1동,202.9,119.79,59.04,305.64,150.64,철근콘크리트구조,01000,단독주택 및 제2종근린생활시설,3,0
경상남도 양산시 동면 금산리 1410-1번지,48330,31027,0,1410,0001,일반건축물,경상남도 양산시 금오7길 57 (동면 금산리),,,201.8,120.94,59.93,333.68,165.35,철근콘크리트구조,01000,"단독주택, 제1종근린생활시설",3,0
경상남도 양산시 동면 금산리 1410-4번지,48330,31027,0,1410,0004,일반건축물,경상남도 양산시 금오7길 55-10 (동면 금산리),아름드리,,198.9,118.59,59.62,339.05,170.46,철근콘크리트구조,01000,단독주택,3,0
경상남도 양산시 동면 금산리 1410-6번지,48330,31027,0,1410,0006,일반건축물,경상남도 양산시 금오7길 55-14 (동면 금산리),,,199,119.19,59.89,323.28,162.45,철근콘크리트구조,01000,"단독주택, 제2종근린생활시설",3,0
경상남도 양산시 동면 금산리 1410-8번지,48330,31027,0,1410,0008,일반건축물,경상남도 양산시 금오7길 55-18 (동면 금산리),,,198,116.88,59.03,332.7,168.03,철근콘크리트구조,01000,"단독주택,제2종근린생활시설",3,0
경상남도 양산시 동면 금산리 1410-9번지,48330,31027,0,1410,0009,일반건축물,경상남도 양산시 금오6길 28-23 (동면 금산리),,,195,116.7,59.85,314.12,161.09,철근콘크리트구조,01000,"단독주택,제2종근린생활시설",3,0
경상남도 양산시 동면 금산리 1410-10번지,48330,31027,0,1410,0010,일반건축물,경상남도 양산시 금오6길 28-19 (동면 금산리),,,194.9,116.35,59.7,302.88,155.4,철근콘크리트구조,01000,단독주택 및 제2종근린생활시설,3,0
경상남도 양산시 동면 금산리 1410-14번지,48330,31027,0,1410,0014,일반건축물,경상남도 양산시 금오7길 59-11 (동면 금산리),,,198.9,119.16,59.91,341.68,171.78,철근콘크리트구조,01000,"단독주택(다가구),제2종근린생활시설",3,0
경상남도 양산시 동면 금산리 1410-15번지,48330,31027,0,1410,0015,일반건축물,경상남도 양산시 금오7길 59-9 (동면 금산리),,,198.8,119,59.86,320.06,161,철근콘크리트구조,01000,"단독주택,제1종근린생활시설",3,0
경상남도 양산시 동면 금산리 1410-16번지,48330,31027,0,1410,0016,일반건축물,경상남도 양산시 금오7길 59-7 (동면 금산리),,,198.8,99.99,50.3,133.65,67.23,철근콘크리트구조,01000,단독주택,2,0
경상남도 양산시 동면 금산리 1410-17번지,48330,31027,0,1410,0017,일반건축물,경상남도 양산시 금오7길 59-3 (동면 금산리),,,199,119,59.8,331.84,166.75,철근콘크리트구조,01000,"단독주택, 제1종근린생활시설",3,0
경상남도 양산시 동면 금산리 1410-18번지,48330,31027,0,1410,0018,일반건축물,경상남도 양산시 금오7길 59 (동면 금산리),,,201.9,120.83,59.85,324.42,160.68,철근콘크리트구조,01000,단독주택,3,0
경상남도 양산시 동면 금산리 1411-1번지,48330,31027,0,1411,0001,일반건축물,경상남도 양산시 금오7길 61 (동면 금산리),,,200.7,119.64,59.61,311.22,155.07,철근콘크리트구조,01000,"단독주택, 제2종근린생활시설",3,0
경상남도 양산시 동면 금산리 1411-3번지,48330,31027,0,1411,0003,일반건축물,경상남도 양산시 금오7길 59-8 (동면 금산리),,제1동,198.8,119.17,59.94,346.44,174.27,철근콘크리트구조,01000,"단독주택,제2종근린생활시설",3,0
경상남도 양산시 동면 금산리 1411-5번지,48330,31027,0,1411,0005,일반건축물,경상남도 양산시 금오7길 59-12 (동면 금산리),,,198.8,118.7,59.71,296.63,149.21,철근콘크리트구조,01000,"단독주택, 제2종근린생활시설",3,0
경상남도 양산시 동면 금산리 1411-6번지,48330,31027,0,1411,0006,일반건축물,경상남도 양산시 금오7길 59-14 (동면 금산리),,,199,118.08,59.34,324.46,163.05,철근콘크리트구조,01000,단독주택,3,0
경상남도 양산시 동면 금산리 1411-9번지,48330,31027,0,1411,0009,일반건축물,경상남도 양산시 금오6길 28-13 (동면 금산리),,,195.8,116.98,59.74,312.52,159.61,철근콘크리트구조,01000,단독주택,3,0
경상남도 양산시 동면 금산리 1411-10번지,48330,31027,0,1411,0010,일반건축물,경상남도 양산시 금오6길 28-11 (동면 금산리),,,195.7,117.11,59.84,314.99,160.96,철근콘크리트구조,01000,"단독주택, 제1종근린생활시설",3,0
경상남도 양산시 동면 금산리 1411-11번지,48330,31027,0,1411,0011,일반건축물,경상남도 양산시 금오7길 65-19 (동면 금산리),,,198.7,118.37,59.57,341.32,171.78,철근콘크리트구조,01000,"단독주택(다가구),제2종근린생활시설",3,0
경상남도 양산시 동면 금산리 1411-12번지,48330,31027,0,1411,0012,일반건축물,경상남도 양산시 금오7길 65-15 (동면 금산리),,,198.6,119,59.92,306.28,154.22,철근콘크리트구조,01000,"단독주택,제1종근린생활시설",3,0
경상남도 양산시 동면 금산리 1411-13번지,48330,31027,0,1411,0013,일반건축물,경상남도 양산시 금오7길 65-13 (동면 금산리),,,198.7,103.56,52.12,194.12,97.7,철근콘크리트구조,01000,단독주택,3,0
경상남도 양산시 동면 금산리 1411-16번지,48330,31027,0,1411,0016,일반건축물,경상남도 양산시 금오7길 65-7 (동면 금산리),,,198.5,118.72,59.81,339.89,171.23,철근콘크리트구조,01000,"단독주택,제2종근린생활시설",3,0
경상남도 양산시 동면 금산리 1411-17번지,48330,31027,0,1411,0017,일반건축물,경상남도 양산시 금오7길 65-5 (동면 금산리),,,198.8,118.75,59.73,315.31,158.61,철근콘크리트구조,01000,단독주택 및 제2종근린생활시설,3,0
경상남도 양산시 동면 금산리 1411-18번지,48330,31027,0,1411,0018,일반건축물,경상남도 양산시 금오7길 63 (동면 금산리),,,200.7,119.85,59.72,329.02,163.94,철근콘크리트구조,01000,"단독주택, 제2종근린생활시설",3,0
경상남도 양산시 동면 금산리 1412-1번지,48330,31027,0,1412,0001,일반건축물,경상남도 양산시 금오7길 65 (동면 금산리),,,199.8,119.17,59.64,309.46,154.88,철근콘크리트구조,01000,근린생활시설,3,0
경상남도 양산시 동면 금산리 1412-2번지,48330,31027,0,1412,0002,일반건축물,경상남도 양산시 금오7길 65-6 (동면 금산리),,,198.8,118.37,59.54,349.17,175.64,철근콘크리트구조,01000,"단독주택,제2종근린생활시설",3,0
경상남도 양산시 동면 금산리 1412-3번지,48330,31027,0,1412,0003,일반건축물,경상남도 양산시 금오7길 65-8 (동면 금산리),,,198.8,116.76,58.73,344.75,173.42,철근콘크리트구조,01000,"단독주택(다가구),제2종근린생활시설",3,0
경상남도 양산시 동면 금산리 1412-4번지,48330,31027,0,1412,0004,일반건축물,경상남도 양산시 금오7길 65-10 (동면 금산리),,,198.7,116.76,58.76,344.75,173.5,철근콘크리트구조,01000,"단독주택(다가구),제2종근린생활시설",3,0
경상남도 양산시 동면 금산리 1412-5번지,48330,31027,0,1412,0005,일반건축물,경상남도 양산시 금오7길 65-12 (동면 금산리),,,198.8,118.795,59.76,339.02,170.53,철근콘크리트구조,01000,"단독주택(다가구),제2종근린생활시설",3,0
경상남도 양산시 동면 금산리 1412-6번지,48330,31027,0,1412,0006,일반건축물,경상남도 양산시 금오7길 65-16 (동면 금산리),,,198.8,119.1,59.91,332.65,167.33,철근콘크리트구조,01000,단독주택 및 제1종근린생활시설,3,0
경상남도 양산시 동면 금산리 1412-7번지,48330,31027,0,1412,0007,일반건축물,경상남도 양산시 금오7길 65-18 (동면 금산리),,,198.8,118.32,59.52,347.86,174.98,철근콘크리트구조,01000,"단독주택(다가구),제2종근린생활시설",3,0
경상남도 양산시 동면 금산리 1412-9번지,48330,31027,0,1412,0009,일반건축물,경상남도 양산시 금오6길 28-5 (동면 금산리),,,196.9,116.53,59.18,310.26,157.57,철근콘크리트구조,01000,"단독주택, 제2종근린생활시설",3,0
경상남도 양산시 동면 금산리 1412-10번지,48330,31027,0,1412,0010,일반건축물,경상남도 양산시 금오6길 28-1 (동면 금산리),,,196.9,117.19,59.52,283.19,143.82,철근콘크리트구조,01000,단독주택 및 제2종근린생활시설,3,0
경상남도 양산시 동면 금산리 1412-11번지,48330,31027,0,1412,0011,일반건축물,경상남도 양산시 금오6길 30 (동면 금산리),,,198.9,119.03,59.84,327.52,164.67,철근콘크리트구조,01000,"단독주택(다가구),제2종근린생활시설",3,0
경상남도 양산시 동면 금산리 1412-13번지,48330,31027,0,1412,0013,일반건축물,경상남도 양산시 금오6길 32 (동면 금산리),,,198.8,118.68,59.7,318.52,160.22,철근콘크리트구조,01000,"단독주택,제1종근린생활시설",3,0
경상남도 양산시 동면 금산리 1412-14번지,48330,31027,0,1412,0014,일반건축물,경상남도 양산시 금오6길 32-1 (동면 금산리),,,198.9,118.68,59.67,341.11,171.5,철근콘크리트구조,01000,"단독주택, 제1종근린생활시설",3,0
경상남도 양산시 동면 금산리 1412-15번지,48330,31027,0,1412,0015,일반건축물,경상남도 양산시 금오6길 34 (동면 금산리),,,198.9,118.98,59.82,324.3,163.05,철근콘크리트구조,01000,"단독주택, 제2종근린생활시설",3,0
경상남도 양산시 동면 금산리 1412-17번지,48330,31027,0,1412,0017,일반건축물,경상남도 양산시 금오6길 36 (동면 금산리),,,198.8,119.19,59.95,341.07,171.56,철근콘크리트구조,01000,"단독주택(다가구), 제2종근린생활시설",3,0
경상남도 양산시 동면 금산리 1412-18번지,48330,31027,0,1412,0018,일반건축물,경상남도 양산시 금오6길 38 (동면 금산리),,,199.8,119.55,59.83,299.88,150.09,철근콘크리트구조,01000,"단독주택, 제2종근린생활시설",3,0
경상남도 양산시 동면 금산리 1413-1번지,48330,31027,0,1413,0001,일반건축물,경상남도 양산시 금오7길 39 (동면 금산리),,,187.4,112.08,59.81,299.48,159.81,철근콘크리트구조,01000,"단독주택(다가구),제2종근린생활시설",3,0
경상남도 양산시 동면 금산리 1413-2번지,48330,31027,0,1413,0002,일반건축물,경상남도 양산시 금오6길 28-28 (동면 금산리),,,187.4,112.17,59.86,325.01,173.43,철근콘크리트구조,01000,"단독주택, 제2종근린생활시설",3,0
경상남도 양산시 동면 금산리 1413-3번지,48330,31027,0,1413,0003,일반건축물,경상남도 양산시 금오6길 28-26 (동면 금산리),,,187.3,111.96,59.78,319.15,170.4,철근콘크리트구조,01000,"단독주택(다가구),제2종근린생활시설",3,0
경상남도 양산시 동면 금산리 1413-5번지,48330,31027,0,1413,0005,일반건축물,경상남도 양산시 금오6길 28-20 (동면 금산리),,,188.3,112,59.48,313,166.22,철근콘크리트구조,01000,"단독주택(다가구),제1종근린생활시설",3,0
경상남도 양산시 동면 금산리 1413-6번지,48330,31027,0,1413,0006,일반건축물,경상남도 양산시 금오7길 37-14 (동면 금산리),,,188.4,111.96,59.43,311.37,165.27,철근콘크리트구조,01000,"단독주택(다가구),제2종근린생활시설",3,0
경상남도 양산시 동면 금산리 1413-7번지,48330,31027,0,1413,0007,일반건축물,경상남도 양산시 금오7길 37-12 (동면 금산리),,1동,188.3,112.61,59.8,302.2,160.49,철근콘크리트구조,01000,단독주택 및 제2종근린생활시설,3,0
경상남도 양산시 동면 금산리 1413-9번지,48330,31027,0,1413,0009,일반건축물,경상남도 양산시 금오7길 37-6 (동면 금산리),,,188.2,112.3,59.67,328.1,174.34,철근콘크리트구조,01000,단독주택(다가구),3,0
경상남도 양산시 동면 금산리 1413-10번지,48330,31027,0,1413,0010,일반건축물,경상남도 양산시 금오7길 37 (동면 금산리),,,187.3,111.12,59.3,295.9,157.98,철근콘크리트구조,01000,"제2종근린생활시설,단독주택(다가구)",3,0
경상남도 양산시 동면 금산리 1414-3번지,48330,31027,0,1414,0003,일반건축물,경상남도 양산시 금오7길 37-9 (동면 금산리),,제1동,209.9,125.4,59.74,366,174.37,철근콘크리트구조,01000,단독주택,3,0
경상남도 양산시 동면 금산리 1414-4번지,48330,31027,0,1414,0004,일반건축물,경상남도 양산시 금오7길 37-11 (동면 금산리),금산하이빌,,210.9,126.14,59.81,352.64,167.21,철근콘크리트구조,01000,"단독주택, 제2종근린생활시설",3,0
경상남도 양산시 동면 금산리 1414-5번지,48330,31027,0,1414,0005,일반건축물,경상남도 양산시 금오7길 37-13 (동면 금산리),,,210.8,125.47,59.52,319.78,151.7,철근콘크리트구조,01000,"단독주택, 제2종근린생활시설",3,0
경상남도 양산시 동면 금산리 1414-6번지,48330,31027,0,1414,0006,일반건축물,경상남도 양산시 금오7길 33-16 (동면 금산리),,,210.9,126.04,59.76,304.96,144.6,철근콘크리트구조,01000,단독주택 및 제2종근린생활시설,3,0
경상남도 양산시 동면 금산리 1414-7번지,48330,31027,0,1414,0007,일반건축물,경상남도 양산시 금오7길 33-12 (동면 금산리),,,210,125.7,59.86,359.25,171.07,철근콘크리트구조,01000,단독주택,3,0
경상남도 양산시 동면 금산리 1414-8번지,48330,31027,0,1414,0008,일반건축물,경상남도 양산시 금오7길 33-8 (동면 금산리),,,210,125.21,59.62,361.7,172.24,철근콘크리트구조,01000,"단독주택(다가구),제2종근린생활시설",3,0
경상남도 양산시 동면 금산리 1414-10번지,48330,31027,0,1414,0010,일반건축물,경상남도 양산시 금오7길 35 (동면 금산리),,,211,126.34,59.88,322.75,152.96,철근콘크리트구조,01000,"단독주택(다가구),제2종근린생활시설",3,0
경상남도 양산시 동면 금산리 1415-1번지,48330,31027,0,1415,0001,일반건축물,경상남도 양산시 금오7길 33 (동면 금산리),,,209.7,125.3,59.75,343.84,163.97,철근콘크리트구조,01000,"단독주택,제2종근린생활시설",3,0
경상남도 양산시 동면 금산리 1415-2번지,48330,31027,0,1415,0002,일반건축물,경상남도 양산시 금오7길 33-5 (동면 금산리),,,209.7,122.17,58.26,341.66,162.93,철근콘크리트구조,01000,"단독주택,제2종근린생활시설",3,0
경상남도 양산시 동면 금산리 1415-3번지,48330,31027,0,1415,0003,일반건축물,경상남도 양산시 금오7길 33-7 (동면 금산리),썬비치빌,,209.7,125.43,59.81,365.64,174.36,철근콘크리트구조,01000,"단독주택,제2종근린생활시설",3,0
경상남도 양산시 동면 금산리 1415-4번지,48330,31027,0,1415,0004,일반건축물,경상남도 양산시 금오7길 33-11 (동면 금산리),,,209.6,125.56,59.9,328.75,156.85,철근콘크리트구조,01000,"단독주택, 제2종근린생활시설",3,0
경상남도 양산시 동면 금산리 1415-5번지,48330,31027,0,1415,0005,일반건축물,경상남도 양산시 금오7길 33-15 (동면 금산리),,,210.6,125.62,59.65,352.16,167.22,철근콘크리트구조,01000,"단독주택,제2종근린생활시설",3,0
경상남도 양산시 동면 금산리 1415-7번지,48330,31027,0,1415,0007,일반건축물,경상남도 양산시 금오6길 16-19 (동면 금산리),,,211,125.15,59.31,337.14,159.78,철근콘크리트구조,01000,"단독주택,제2종근린생활시설",3,0
경상남도 양산시 동면 금산리 1415-8번지,48330,31027,0,1415,0008,일반건축물,경상남도 양산시 금오6길 16-23 (동면 금산리),반석빌,,209.9,125.44,59.76,367.5,175.08,철근콘크리트구조,01000,"단독주택(다가구),제2종근린생활시설",3,0
경상남도 양산시 동면 금산리 1415-9번지,48330,31027,0,1415,0009,일반건축물,경상남도 양산시 금오6길 16-25 (동면 금산리),,,209.9,125.43,59.76,347.4,165.51,철근콘크리트구조,01000,"단독주택(다가구),제2종근린생활시설",3,0
경상남도 양산시 동면 금산리 1415-10번지,48330,31027,0,1415,0010,일반건축물,경상남도 양산시 금오6길 16-27 (동면 금산리),,,209.9,123.75,58.96,323.85,154.29,철근콘크리트구조,01000,"제2종근린생활시설,단독주택(다가구)",3,0
경상남도 양산시 동면 금산리 1416-1번지,48330,31027,0,1416,0001,일반건축물,경상남도 양산시 금오7길 9-45 (동면 금산리),,,186.8,111.81,59.86,310.91,166.44,철근콘크리트구조,01000,"단독주택,제1종근린생활시설",3,0
경상남도 양산시 동면 금산리 1416-2번지,48330,31027,0,1416,0002,일반건축물,경상남도 양산시 금오6길 28-12 (동면 금산리),,,187.8,112.52,59.91,330.6,176.04,철근콘크리트구조,01000,"단독주택(다가구),제2종근린생활시설",3,0
경상남도 양산시 동면 금산리 1416-3번지,48330,31027,0,1416,0003,일반건축물,경상남도 양산시 금오6길 28-10 (동면 금산리),,,187.8,112.24,59.77,316.78,168.68,철근콘크리트구조,01000,"단독주택,제2종근린생활시설",3,0
경상남도 양산시 동면 금산리 1416-4번지,48330,31027,0,1416,0004,일반건축물,경상남도 양산시 금오6길 28-6 (동면 금산리),,,187.8,112.29,59.79,302.93,161.3,철근콘크리트구조,01000,"단독주택,제2종근린생활시설",3,0
경상남도 양산시 동면 금산리 1416-5번지,48330,31027,0,1416,0005,일반건축물,경상남도 양산시 금오6길 26 (동면 금산리),,,187.9,111.98,59.6,315.69,168.01,철근콘크리트구조,01000,단독주택 및 제1종근린생활시설,3,0
경상남도 양산시 동면 금산리 1416-6번지,48330,31027,0,1416,0006,일반건축물,경상남도 양산시 금오6길 24 (동면 금산리),,,187.7,111.96,59.65,302.77,161.31,철근콘크리트구조,01000,"제2종근린생활시설,단독주택(다가구)",3,0
경상남도 양산시 동면 금산리 1416-7번지,48330,31027,0,1416,0007,일반건축물,경상남도 양산시 금오6길 24-5 (동면 금산리),,,186.8,111.6,59.74,207.54,111.1,철근콘크리트구조,01000,"제2종근린생활시설,단독주택(다가구)",2,0
경상남도 양산시 동면 금산리 1416-8번지,48330,31027,0,1416,0008,일반건축물,경상남도 양산시 금오6길 24-9 (동면 금산리),,,186.8,111.28,59.57,316.72,169.55,철근콘크리트구조,01000,"단독주택,제2종근린생활시설",3,0
경상남도 양산시 동면 금산리 1416-9번지,48330,31027,0,1416,0009,일반건축물,경상남도 양산시 금오6길 24-13 (동면 금산리),,,186.8,112.01,59.96,320.49,171.57,철근콘크리트구조,01000,"단독주택,제2종근린생활시설",3,0
경상남도 양산시 동면 금산리 1416-10번지,48330,31027,0,1416,0010,일반건축물,경상남도 양산시 금오6길 24-15 (동면 금산리),,제1동,186.8,111.88,59.89,310.81,166.39,철근콘크리트구조,01000,단독주택,3,0
경상남도 양산시 동면 금산리 1417-1번지,48330,31027,0,1417,0001,일반건축물,경상남도 양산시 금오6길 24-10 (동면 금산리),국제사바나유치원,,1192.2,704.03,59.05,1787.21,149.88,철근콘크리트구조,10000,교육연구시설,3,0
경상남도 양산시 동면 금산리 1418-1번지,48330,31027,0,1418,0001,일반건축물,경상남도 양산시 금오7길 29 (동면 금산리),,,209,124.62,59.63,311.61,149.1,철근콘크리트구조,01000,"단독주택(다가구),제2종근린생활시설",3,0
경상남도 양산시 동면 금산리 1418-2번지,48330,31027,0,1418,0002,일반건축물,경상남도 양산시 금오7길 27 (동면 금산리),,,209.1,125.42,59.98,340.17,162.68,철근콘크리트구조,01000,단독주택 및 제2종근린생활시설,3,0
경상남도 양산시 동면 금산리 1418-4번지,48330,31027,0,1418,0004,일반건축물,경상남도 양산시 금오7길 25 (동면 금산리),,,208.1,124.36,59.76,311.81,149.84,철근콘크리트구조,01000,단독주택 및 제2종근린생활시설,3,0
경상남도 양산시 동면 금산리 1418-7번지,48330,31027,0,1418,0007,일반건축물,경상남도 양산시 금오7길 21 (동면 금산리),,,208.2,124.62,59.86,365.82,175.71,철근콘크리트구조,01000,단독주택,3,0
경상남도 양산시 동면 금산리 1418-8번지,48330,31027,0,1418,0008,일반건축물,경상남도 양산시 금오7길 19 (동면 금산리),,,208.2,124.74,59.91,361.62,173.69,철근콘크리트구조,01000,"단독주택(다가구),제2종근린생활시설",3,0
경상남도 양산시 동면 금산리 1418-9번지,48330,31027,0,1418,0009,일반건축물,경상남도 양산시 금오7길 17 (동면 금산리),,,200.1,119.77,59.86,314.64,157.24,철근콘크리트구조,01000,"단독주택, 제2종근린생활시설",3,0
경상남도 양산시 동면 금산리 1418-10번지,48330,31027,0,1418,0010,일반건축물,경상남도 양산시 금오7길 13 (동면 금산리),,,202.2,121.19,59.94,317.99,157.27,철근콘크리트구조,01000,"단독주택(다가구),제2종근린생활시설",3,0
경상남도 양산시 동면 금산리 1418-11번지,48330,31027,0,1418,0011,일반건축물,경상남도 양산시 금오7길 13-6 (동면 금산리),,,210.1,125.3,59.64,336.93,160.37,철근콘크리트구조,01000,단독주택,3,0
경상남도 양산시 동면 금산리 1418-12번지,48330,31027,0,1418,0012,일반건축물,경상남도 양산시 금오7길 13-8 (동면 금산리),,,210,125.89,59.95,345.09,164.33,철근콘크리트구조,01000,"단독주택,제2종근린생활시설",3,0
경상남도 양산시 동면 금산리 1418-13번지,48330,31027,0,1418,0013,일반건축물,경상남도 양산시 금오7길 13-10 (동면 금산리),,,210.1,124.81,59.41,345.89,164.63,철근콘크리트구조,01000,"단독주택, 제2종근린생활시설",3,0
경상남도 양산시 동면 금산리 1418-15번지,48330,31027,0,1418,0015,일반건축물,경상남도 양산시 금오7길 13-14 (동면 금산리),,,210.1,125,59.5,362.71,172.64,철근콘크리트구조,01000,단독주택,3,0
경상남도 양산시 동면 금산리 1418-16번지,48330,31027,0,1418,0016,일반건축물,경상남도 양산시 금오7길 13-18 (동면 금산리),,,210.1,125,59.5,336.63,160.22,철근콘크리트구조,01000,"단독주택(다가구),제2종근린생활시설",3,0
경상남도 양산시 동면 금산리 1418-18번지,48330,31027,0,1418,0018,일반건축물,경상남도 양산시 금오6길 16-30 (동면 금산리),,,210.1,124.84,59.42,314.46,149.67,철근콘크리트구조,01000,"단독주택,제2종근린생활시설",3,0
경상남도 양산시 동면 금산리 1419-1번지,48330,31027,0,1419,0001,일반건축물,경상남도 양산시 금오7길 13-21 (동면 금산리),,,208.2,124.64,59.87,332.07,159.5,철근콘크리트구조,01000,"단독주택,제2종근린생활시설",3,0
경상남도 양산시 동면 금산리 1419-3번지,48330,31027,0,1419,0003,일반건축물,경상남도 양산시 금오7길 13-17 (동면 금산리),,,210.2,125.49,59.7,370.24,176.14,철근콘크리트구조,01000,"단독주택(다가구),제2종근린생활시설",3,0
경상남도 양산시 동면 금산리 1419-4번지,48330,31027,0,1419,0004,일반건축물,경상남도 양산시 금오7길 13-15 (동면 금산리),,,209.1,125.4,59.97,363,173.6,철근콘크리트구조,01000,단독주택(다가구주택),3,0
경상남도 양산시 동면 금산리 1419-5번지,48330,31027,0,1419,0005,일반건축물,경상남도 양산시 금오7길 13-11 (동면 금산리),,,209,124.8,59.71,358.08,171.33,철근콘크리트구조,01000,"단독주택,제2종근린생활시설",3,0
경상남도 양산시 동면 금산리 1419-8번지,48330,31027,0,1419,0008,일반건축물,경상남도 양산시 금오7길 13-5 (동면 금산리),,,209.1,124.74,59.66,362.89,173.55,철근콘크리트구조,01000,"단독주택,제2종근린생활시설",3,0
경상남도 양산시 동면 금산리 1419-9번지,48330,31027,0,1419,0009,일반건축물,경상남도 양산시 금오7길 11 (동면 금산리),,1동,202.9,120.11,59.2,323.2,159.29,철근콘크리트구조,01000,단독주택 및 제2종근린생활시설,3,0
경상남도 양산시 동면 금산리 1419-11번지,48330,31027,0,1419,0011,일반건축물,경상남도 양산시 금오7길 9-6 (동면 금산리),,,209.1,124.74,59.66,349.3,167.05,철근콘크리트구조,01000,"단독주택, 제2종근린생활시설",3,0
경상남도 양산시 동면 금산리 1419-12번지,48330,31027,0,1419,0012,일반건축물,경상남도 양산시 금오7길 9-8 (동면 금산리),,,209.1,124.62,59.6,358.36,171.38,철근콘크리트구조,01000,"단독주택(다가구),제1종근린생활시설",3,0
경상남도 양산시 동면 금산리 1419-13번지,48330,31027,0,1419,0013,일반건축물,경상남도 양산시 금오7길 9-10 (동면 금산리),,,209.2,124.74,59.63,325.86,155.76,철근콘크리트구조,01000,"단독주택, 제2종근린생활시설",3,0
경상남도 양산시 동면 금산리 1419-14번지,48330,31027,0,1419,0014,일반건축물,경상남도 양산시 금오7길 9-14 (동면 금산리),,,209.1,125.07,59.81,332.5,159.01,철근콘크리트구조,01000,"단독주택, 제2종근린생활시설",3,0
경상남도 양산시 동면 금산리 1419-16번지,48330,31027,0,1419,0016,일반건축물,경상남도 양산시 금오7길 9-18 (동면 금산리),,,209.2,125.33,59.91,332.38,158.88,철근콘크리트구조,01000,"단독주택, 제1종근린생활시설",3,0
경상남도 양산시 동면 금산리 1419-17번지,48330,31027,0,1419,0017,일반건축물,경상남도 양산시 금오7길 9-20 (동면 금산리),,,209.1,124.45,59.52,330.81,158.21,철근콘크리트구조,01000,"단독주택,제2종근린생활시설",3,0
경상남도 양산시 동면 금산리 1419-18번지,48330,31027,0,1419,0018,일반건축물,경상남도 양산시 금오6길 16-20 (동면 금산리),,,208.1,122.985,59.1,328.965,158.08,철근콘크리트구조,01000,"단독주택,제2종근린생활시설",3,0
경상남도 양산시 동면 금산리 1420-1번지,48330,31027,0,1420,0001,일반건축물,경상남도 양산시 금오6길 16-14 (동면 금산리),,,207.4,124.04,59.81,331.84,160,철근콘크리트구조,01000,"단독주택, 제2종근린생활시설",3,0
경상남도 양산시 동면 금산리 1420-4번지,48330,31027,0,1420,0004,일반건축물,경상남도 양산시 금오7길 9-15 (동면 금산리),,,208.6,125.04,59.94,368.88,176.84,철근콘크리트구조,01000,"단독주택(다가구),제1종근린생활시설",3,0
경상남도 양산시 동면 금산리 1420-5번지,48330,31027,0,1420,0005,일반건축물,경상남도 양산시 금오7길 9-13 (동면 금산리),,,208.7,124.71,59.76,366.87,175.79,철근콘크리트구조,01000,"단독주택(다가구),제2종근린생활시설",3,0
경상남도 양산시 동면 금산리 1420-6번지,48330,31027,0,1420,0006,일반건축물,경상남도 양산시 금오7길 9-9 (동면 금산리),,1동,208.7,123.72,59.28,361.8,173.36,철근콘크리트구조,01000,단독주택 및 제1종근린생활시설,3,0
경상남도 양산시 동면 금산리 1420-7번지,48330,31027,0,1420,0007,일반건축물,경상남도 양산시 금오7길 9-7 (동면 금산리),,,208.6,124.95,59.9,336.85,161.48,철근콘크리트구조,01000,단독주택 및 제1종근린생활시설,3,0
경상남도 양산시 동면 금산리 1420-8번지,48330,31027,0,1420,0008,일반건축물,경상남도 양산시 금오7길 9-5 (동면 금산리),,,208.5,124.9,59.9,350.2,167.96,철근콘크리트구조,01000,"단독주택,제2종근린생활시설",3,0
경상남도 양산시 동면 금산리 1420-11번지,48330,31027,0,1420,0011,일반건축물,경상남도 양산시 금오7길 5-6 (동면 금산리),,,208.5,124.28,59.61,304.94,146.25,철근콘크리트구조,01000,단독주택,3,0
경상남도 양산시 동면 금산리 1420-12번지,48330,31027,0,1420,0012,일반건축물,경상남도 양산시 금오7길 5-8 (동면 금산리),,,208.4,124.87,59.92,362.61,174,철근콘크리트구조,01000,"단독주택(다가구),제2종근린생활시설",3,0
경상남도 양산시 동면 금산리 1420-13번지,48330,31027,0,1420,0013,일반건축물,경상남도 양산시 금오7길 5-10 (동면 금산리),,,208.4,124.86,59.91,320.45,153.77,철근콘크리트구조,01000,"단독주택, 제2종근린생활시설",3,0
경상남도 양산시 동면 금산리 1420-14번지,48330,31027,0,1420,0014,일반건축물,경상남도 양산시 금오7길 5-14 (동면 금산리),,,208.4,124.87,59.92,353.24,169.5,철근콘크리트구조,01000,"단독주택, 제2종근린생활시설",3,0
경상남도 양산시 동면 금산리 1420-15번지,48330,31027,0,1420,0015,일반건축물,경상남도 양산시 금오7길 5-16 (동면 금산리),,,208.6,125.02,59.93,360.54,172.84,철근콘크리트구조,01000,"단독주택,제2종근린생활시설",3,0
경상남도 양산시 동면 금산리 1420-16번지,48330,31027,0,1420,0016,일반건축물,경상남도 양산시 금오7길 5-18 (동면 금산리),,,208.6,124.87,59.86,333.88,160.06,철근콘크리트구조,01000,단독주택 및 제2종근린생활시설,3,0
경상남도 양산시 동면 금산리 1420-17번지,48330,31027,0,1420,0017,일반건축물,경상남도 양산시 금오7길 5-20 (동면 금산리),,,208.5,119.7,57.41,200.08,95.96,철근콘크리트구조,01000,"제2종근린생활시설,단독주택(다가구)",2,0
경상남도 양산시 동면 금산리 1421-1번지,48330,31027,0,1421,0001,일반건축물,경상남도 양산시 금오6길 16-6 (동면 금산리),,,207.9,124.59,59.93,322.4,155.07,철근콘크리트구조,01000,"단독주택, 제2종근린생활시설",3,0
경상남도 양산시 동면 금산리 1421-3번지,48330,31027,0,1421,0003,일반건축물,경상남도 양산시 금오7길 5-17 (동면 금산리),,,210,119,56.67,339.71,161.77,철근콘크리트구조,01000,단독주택,3,0
경상남도 양산시 동면 금산리 1421-4번지,48330,31027,0,1421,0004,일반건축물,경상남도 양산시 금오7길 5-15 (동면 금산리),,,209,124.2,59.43,368.55,176.34,철근콘크리트구조,01000,"단독주택(다가구),제2종근린생활시설",3,0
경상남도 양산시 동면 금산리 1421-5번지,48330,31027,0,1421,0005,일반건축물,경상남도 양산시 금오7길 5-13 (동면 금산리),,,209,125.21,59.91,349.93,167.43,철근콘크리트구조,01000,"단독주택, 제2종근린생활시설",3,0
경상남도 양산시 동면 금산리 1421-6번지,48330,31027,0,1421,0006,일반건축물,경상남도 양산시 금오7길 5-9 (동면 금산리),,,209,123.76,59.22,352.24,168.54,철근콘크리트구조,01000,"단독주택(다가구),제2종근린생활시설",3,0
경상남도 양산시 동면 금산리 1421-7번지,48330,31027,0,1421,0007,일반건축물,경상남도 양산시 금오7길 5-7 (동면 금산리),,,209.1,124.95,59.76,349.24,167.02,철근콘크리트구조,01000,단독주택 및 제2종근린생활시설,3,0
경상남도 양산시 동면 금산리 1421-10번지,48330,31027,0,1421,0010,일반건축물,경상남도 양산시 금오7길 1 (동면 금산리),,1동,202.9,120.89,59.58,303.54,149.6,철근콘크리트구조,01000,단독주택,3,0
경상남도 양산시 동면 금산리 1421-12번지,48330,31027,0,1421,0012,일반건축물,경상남도 양산시 금오6길 8 (동면 금산리),,,208.9,124.86,59.77,323.45,154.83,철근콘크리트구조,01000,단독주택,3,0
경상남도 양산시 동면 금산리 1421-13번지,48330,31027,0,1421,0013,일반건축물,경상남도 양산시 금오6길 8-1 (동면 금산리),,,208.8,124.8,59.77,364.04,174.35,철근콘크리트구조,01000,"단독주택, 제2종근린생활시설",3,0
경상남도 양산시 동면 금산리 1421-15번지,48330,31027,0,1421,0015,일반건축물,경상남도 양산시 금오6길 10 (동면 금산리),,,208.8,124.62,59.68,360.37,172.59,철근콘크리트구조,01000,"단독주택(다가구), 제2종근린생활시설",3,0
경상남도 양산시 동면 금산리 1421-16번지,48330,31027,0,1421,0016,일반건축물,경상남도 양산시 금오6길 12 (동면 금산리),,,209,124.11,59.38,360.06,172.28,철근콘크리트구조,01000,"단독주택(다가구),제2종근린생활시설",3,0
경상남도 양산시 동면 금산리 1421-17번지,48330,31027,0,1421,0017,일반건축물,경상남도 양산시 금오6길 12-1 (동면 금산리),,,208.9,124.62,59.66,361.68,173.14,철근콘크리트구조,01000,"단독주택,제2종근린생활시설",3,0
경상남도 양산시 동면 금산리 1421-18번지,48330,31027,0,1421,0018,일반건축물,경상남도 양산시 금오6길 14 (동면 금산리),,,208,124.08,59.65,320.98,154.32,철근콘크리트구조,01000,단독주택,3,0
경상남도 양산시 동면 금산리 1422-2번지,48330,31027,0,1422,0002,일반건축물,경상남도 양산시 금오10길 12 (동면 금산리),,,212.6,126.99,59.73,370.01,174.04,철근콘크리트구조,01000,"단독주택(다가구),제1종근린생활시설",3,0
경상남도 양산시 동면 금산리 1422-3번지,48330,31027,0,1422,0003,일반건축물,경상남도 양산시 금오10길 10-1 (동면 금산리),진양빌,,211.6,126.75,59.9,353.64,167.13,철근콘크리트구조,01000,단독주택,3,0
경상남도 양산시 동면 금산리 1422-5번지,48330,31027,0,1422,0005,일반건축물,경상남도 양산시 금오10길 8 (동면 금산리),,,211.6,126.41,59.74,329.97,155.94,철근콘크리트구조,01000,단독주택,3,0
경상남도 양산시 동면 금산리 1422-6번지,48330,31027,0,1422,0006,일반건축물,경상남도 양산시 금오10길 6-1 (동면 금산리),,제1동,211.6,126.04,59.57,373.96,176.73,철근콘크리트구조,01000,단독주택,3,0
경상남도 양산시 동면 금산리 1422-7번지,48330,31027,0,1422,0007,일반건축물,경상남도 양산시 금오10길 6 (동면 금산리),,,211.7,124.07,58.61,324.43,153.25,철근콘크리트구조,01000,단독주택(다가구),3,0
경상남도 양산시 동면 금산리 1422-8번지,48330,31027,0,1422,0008,일반건축물,경상남도 양산시 금오10길 4 (동면 금산리),,,209.6,125.28,59.77,360.79,172.13,철근콘크리트구조,01000,"단독주택, 제2종근린생활시설",3,0
경상남도 양산시 동면 금산리 1422-9번지,48330,31027,0,1422,0009,일반건축물,경상남도 양산시 금오2길 58 (동면 금산리),,,306.4,181.81,59.34,508.36,165.91,철근콘크리트구조,01000,"단독주택, 제2종근린생활시설",3,0
경상남도 양산시 동면 금산리 1422-10번지,48330,31027,0,1422,0010,일반건축물,경상남도 양산시 금오2길 56 (동면 금산리),,,209.5,123.63,59.01,355.38,169.63,철근콘크리트구조,01000,"단독주택(다가구),제2종근린생활시설",3,0
경상남도 양산시 동면 금산리 1422-11번지,48330,31027,0,1422,0011,일반건축물,경상남도 양산시 금오2길 54-1 (동면 금산리),,,209.5,125.1,59.71,341.22,162.87,철근콘크리트구조,01000,"단독주택(다가구),제2종근린생활시설",3,0
경상남도 양산시 동면 금산리 1422-12번지,48330,31027,0,1422,0012,일반건축물,경상남도 양산시 금오2길 54 (동면 금산리),,,209.5,125.1,59.71,341.22,162.87,철근콘크리트구조,01000,"단독주택, 제2종근린생활시설",3,0
경상남도 양산시 동면 금산리 1422-13번지,48330,31027,0,1422,0013,일반건축물,경상남도 양산시 금오2길 52 (동면 금산리),,,209.5,125.63,59.97,351.3,167.68,철근콘크리트구조,01000,"단독주택, 제2종근린생활시설",3,0
경상남도 양산시 동면 금산리 1422-14번지,48330,31027,0,1422,0014,일반건축물,경상남도 양산시 금오2길 50 (동면 금산리),,,253.4,151.92,59.95,432.26,170.58,철근콘크리트구조,01000,"단독주택, 제1종근린생활시설",3,0
경상남도 양산시 동면 금산리 1422-16번지,48330,31027,0,1422,0016,일반건축물,경상남도 양산시 금오2길 48 (동면 금산리),,,193.1,115.54,59.83,325.82,168.73,철근콘크리트구조,01000,"제2종근린생활시설,단독주택(다가구)",3,0
경상남도 양산시 동면 금산리 1422-17번지,48330,31027,0,1422,0017,일반건축물,경상남도 양산시 금오2길 46 (동면 금산리),,,209,125.02,59.82,320.49,153.34,철근콘크리트구조,01000,"단독주택(다가구), 제1종근린생활시설",3,0
경상남도 양산시 동면 금산리 1422-18번지,48330,31027,0,1422,0018,일반건축물,경상남도 양산시 금오2길 44 (동면 금산리),,,209,125.28,59.9426,360.16,172.3254,철근콘크리트구조,01000,"단독주택(다가구),제1종근린생활시설",3,0
경상남도 양산시 동면 금산리 1422-19번지,48330,31027,0,1422,0019,일반건축물,경상남도 양산시 금오4길 100 (동면 금산리),,,208.9,117.42,56.21,344.08,164.71,철근콘크리트구조,01000,단독주택 및 제2종근린생활시설,3,0
경상남도 양산시 동면 금산리 1422-20번지,48330,31027,0,1422,0020,일반건축물,경상남도 양산시 금오2길 42 (동면 금산리),,,225.8,135.02,59.8,337.56,149.5,철근콘크리트구조,01000,"제2종근린생활시설,단독주택(다가구)",3,0
경상남도 양산시 동면 금산리 1423-1번지,48330,31027,0,1423,0001,일반건축물,경상남도 양산시 금오4길 85 (동면 금산리),,,220.8,131.69,59.64,352.61,159.7,철근콘크리트구조,01000,"단독주택, 제2종근린생활시설",3,0
경상남도 양산시 동면 금산리 1423-2번지,48330,31027,0,1423,0002,일반건축물,경상남도 양산시 금오4길 83 (동면 금산리),,,219.8,129.98,59.14,374.62,170.44,철근콘크리트구조,01000,"단독주택(다가구),제2종근린생활시설",3,0
경상남도 양산시 동면 금산리 1423-3번지,48330,31027,0,1423,0003,일반건축물,경상남도 양산시 금오4길 81-1 (동면 금산리),,,219.8,131.82,59.97,364.19,165.69,철근콘크리트구조,01000,"단독주택(다가구),제2종근린생활시설",3,0
경상남도 양산시 동면 금산리 1423-4번지,48330,31027,0,1423,0004,일반건축물,경상남도 양산시 금오4길 81 (동면 금산리),,,219.8,131.78,59.95,366.16,166.59,철근콘크리트구조,01000,"단독주택, 제2종근린생활시설",3,0
경상남도 양산시 동면 금산리 1423-5번지,48330,31027,0,1423,0005,일반건축물,경상남도 양산시 금오4길 79 (동면 금산리),,,218.9,131.3,59.98,379.45,173.34,철근콘크리트구조,01000,"단독주택(다가구), 제2종근린생활시설",3,0
경상남도 양산시 동면 금산리 1423-6번지,48330,31027,0,1423,0006,일반건축물,경상남도 양산시 금오4길 77 (동면 금산리),,,218.7,130.95,59.88,382.55,174.92,철근콘크리트구조,01000,"단독주택(다가구),제1종근린생활시설",3,0
경상남도 양산시 동면 금산리 1423-7번지,48330,31027,0,1423,0007,일반건축물,경상남도 양산시 금오4길 75-4 (동면 금산리),,,218.8,131.02,59.88,368.57,168.45,철근콘크리트구조,01000,"단독주택,제2종근린생활시설",3,0
경상남도 양산시 동면 금산리 1423-8번지,48330,31027,0,1423,0008,일반건축물,경상남도 양산시 금오4길 75-6 (동면 금산리),,제1동,224.9,136.64,60.76,380.04,168.98,철근콘크리트구조,01000,단독주택,3,0
경상남도 양산시 동면 금산리 1423-9번지,48330,31027,0,1423,0009,일반건축물,경상남도 양산시 금오4길 89-15 (동면 금산리),,,222.8,133.39,59.87,339.42,152.34,철근콘크리트구조,01000,"단독주택, 제1종근린생활시설",3,0
경상남도 양산시 동면 금산리 1423-10번지,48330,31027,0,1423,0010,일반건축물,경상남도 양산시 금오4길 89-11 (동면 금산리),,,222.8,133.49,59.91,368.49,165.39,철근콘크리트구조,01000,"단독주택(다가구),제2종근린생활시설",3,0
경상남도 양산시 동면 금산리 1423-11번지,48330,31027,0,1423,0011,일반건축물,경상남도 양산시 금오4길 89-9 (동면 금산리),,,222.9,133.58,59.93,359.06,161.09,철근콘크리트구조,01000,단독주택 및 제2종근린생활시설,3,0
경상남도 양산시 동면 금산리 1423-12번지,48330,31027,0,1423,0012,일반건축물,경상남도 양산시 금오4길 89-7 (동면 금산리),,,222.9,121.91,54.69,331.43,148.69,철근콘크리트구조,01000,"단독주택, 제2종근린생활시설",3,0
경상남도 양산시 동면 금산리 1423-13번지,48330,31027,0,1423,0013,일반건축물,경상남도 양산시 금오4길 89-3 (동면 금산리),,,222.9,133.5,59.89,336.59,151,철근콘크리트구조,01000,단독주택 및 제2종근린생활시설,3,0
경상남도 양산시 동면 금산리 1424-2번지,48330,31027,0,1424,0002,일반건축물,경상남도 양산시 금오4길 89-6 (동면 금산리),,,219.7,131.34,59.78,388.52,176.84,철근콘크리트구조,01000,"단독주택,제2종근린생활시설",3,0
경상남도 양산시 동면 금산리 1424-5번지,48330,31027,0,1424,0005,일반건축물,경상남도 양산시 금오4길 89-12 (동면 금산리),,,219.8,130.66,59.44,384.46,174.91,철근콘크리트구조,01000,"단독주택(다가구),제2종근린생활시설",3,0
경상남도 양산시 동면 금산리 1424-8번지,48330,31027,0,1424,0008,일반건축물,경상남도 양산시 금오4길 75-16 (동면 금산리),,,224.6,134.38,59.83,369.96,164.72,철근콘크리트구조,01000,"단독주택(다가구),제1종근린생활시설",3,0
경상남도 양산시 동면 금산리 1424-11번지,48330,31027,0,1424,0011,일반건축물,경상남도 양산시 금오4길 93-9 (동면 금산리),,1동,221.6,132.08,59.6,351.61,158.67,철근콘크리트구조,01000,단독주택 및 제2종근린생활시설,3,0
경상남도 양산시 동면 금산리 1424-13번지,48330,31027,0,1424,0013,일반건축물,경상남도 양산시 금오4길 93-5 (동면 금산리),,,221.6,132.5,59.79,366.12,165.22,철근콘크리트구조,01000,"단독주택(다가구),제2종근린생활시설",3,0
경상남도 양산시 동면 금산리 1424-14번지,48330,31027,0,1424,0014,일반건축물,경상남도 양산시 금오4길 93 (동면 금산리),,,223.7,133.78,59.8,368.7,164.82,철근콘크리트구조,01000,"단독주택,제2종근린생활시설",3,0
경상남도 양산시 동면 금산리 1425-1번지,48330,31027,0,1425,0001,일반건축물,경상남도 양산시 금오4길 95 (동면 금산리),,,221.8,132.98,59.95,325.4,146.71,철근콘크리트구조,01000,단독주택 및 제2종근린생활시설,3,0
경상남도 양산시 동면 금산리 1425-2번지,48330,31027,0,1425,0002,일반건축물,,,,219.8,66,30.03,66,30.03,철근콘크리트구조,01000,"단독주택,제1종근린생활시설",1,0
경상남도 양산시 동면 금산리 1425-4번지,48330,31027,0,1425,0004,일반건축물,경상남도 양산시 금오4길 93-10 (동면 금산리),,,219.9,131.34,59.73,388.52,176.68,철근콘크리트구조,01000,"단독주택(다가구),제2종근린생활시설",3,0
경상남도 양산시 동면 금산리 1425-6번지,48330,31027,0,1425,0006,일반건축물,경상남도 양산시 금오4길 93-16 (동면 금산리),,,220,126.42,57.46,323.91,147.23,철근콘크리트구조,01000,단독주택,3,0
경상남도 양산시 동면 금산리 1425-7번지,48330,31027,0,1425,0007,일반건축물,경상남도 양산시 금오8길 13-13 (동면 금산리),,,221.9,132.71,59.81,355.26,160.1,철근콘크리트구조,01000,"단독주택, 제2종근린생활시설",3,0
경상남도 양산시 동면 금산리 1425-8번지,48330,31027,0,1425,0008,일반건축물,경상남도 양산시 금오8길 13-11 (동면 금산리),,,224.9,134.18,59.66,331.17,147.25,철근콘크리트구조,01000,"단독주택,제2종근린생활시설",3,0
경상남도 양산시 동면 금산리 1425-9번지,48330,31027,0,1425,0009,일반건축물,경상남도 양산시 금오4길 97-15 (동면 금산리),,,221.9,132.62,59.77,327.17,147.44,프리케스트콘크리트구조,01000,"단독주택,제1종근린생활시설",3,0
경상남도 양산시 동면 금산리 1425-10번지,48330,31027,0,1425,0010,일반건축물,경상남도 양산시 금오4길 97-11 (동면 금산리),,,221.8,132.86,59.9,347.49,156.67,철근콘크리트구조,01000,단독주택,3,0
경상남도 양산시 동면 금산리 1425-11번지,48330,31027,0,1425,0011,일반건축물,경상남도 양산시 금오4길 97-9 (동면 금산리),,,221.9,132.56,59.74,336.56,151.67,철근콘크리트구조,01000,"단독주택(다가구),제2종근린생활시설",3,0
경상남도 양산시 동면 금산리 1426-1번지,48330,31027,0,1426,0001,일반건축물,경상남도 양산시 금오4길 99 (동면 금산리),,,221.8,132.81,59.88,355.72,160.38,철근콘크리트구조,01000,"단독주택, 제2종근린생활시설",3,0
경상남도 양산시 동면 금산리 1426-3번지,48330,31027,0,1426,0003,일반건축물,경상남도 양산시 금오4길 97-8 (동면 금산리),,,219.8,131.32,59.75,391.28,178.02,철근콘크리트구조,01000,"단독주택(다가구),제2종근린생활시설",3,0
경상남도 양산시 동면 금산리 1426-4번지,48330,31027,0,1426,0004,일반건축물,경상남도 양산시 금오4길 97-10 (동면 금산리),,제1동,219.9,130.56,59.37,380.33,172.96,철근콘크리트구조,01000,단독주택,3,0
경상남도 양산시 동면 금산리 1426-5번지,48330,31027,0,1426,0005,일반건축물,경상남도 양산시 금오4길 97-14 (동면 금산리),,,219.9,131.67,59.88,387.98,176.43,철근콘크리트구조,01000,"단독주택,제2종근린생활시설",3,0
경상남도 양산시 동면 금산리 1426-7번지,48330,31027,0,1426,0007,일반건축물,경상남도 양산시 금오8길 13-7 (동면 금산리),,,221.8,132.84,59.89,335.09,151.08,철근콘크리트구조,01000,"단독주택, 제2종근린생활시설",3,0
경상남도 양산시 동면 금산리 1426-8번지,48330,31027,0,1426,0008,일반건축물,경상남도 양산시 금오8길 13 (동면 금산리),,,224.9,134.43,59.77,373.84,166.22,철근콘크리트구조,01000,단독주택(다가구),3,0
경상남도 양산시 동면 금산리 1426-9번지,48330,31027,0,1426,0009,일반건축물,경상남도 양산시 금오8길 11 (동면 금산리),,,221.7,132.68,59.85,384.4,173.39,철근콘크리트구조,01000,"단독주택(다가구),제2종근린생활시설",3,0
경상남도 양산시 동면 금산리 1426-10번지,48330,31027,0,1426,0010,일반건축물,경상남도 양산시 금오8길 9 (동면 금산리),,,221.8,132.84,59.89,383.76,173.02,철근콘크리트구조,01000,"단독주택,제2종근린생활시설",3,0
경상남도 양산시 동면 금산리 1426-11번지,48330,31027,0,1426,0011,일반건축물,경상남도 양산시 금오8길 7-1 (동면 금산리),,,221.8,132.3,59.65,342.66,154.49,철근콘크리트구조,01000,"제1종근린생활시설,단독주택(다가구)",3,0
경상남도 양산시 동면 금산리 1426-12번지,48330,31027,0,1426,0012,일반건축물,경상남도 양산시 금오8길 7 (동면 금산리),,,221.8,132.48,59.73,367.32,165.61,철근콘크리트구조,01000,"단독주택(다가구),제1종근린생활시설",3,0
경상남도 양산시 동면 금산리 1426-13번지,48330,31027,0,1426,0013,일반건축물,경상남도 양산시 금오8길 5 (동면 금산리),,,221.8,132.7,59.83,385.4,173.76,철근콘크리트구조,01000,"단독주택,제2종근린생활시설",3,0
경상남도 양산시 동면 금산리 1427-4번지,48330,31027,0,1427,0004,일반건축물,경상남도 양산시 금오10길 18-1 (동면 금산리),,,208.6,124.75,59.8,345.86,165.8,철근콘크리트구조,01000,"단독주택,제2종근린생활시설",3,0
경상남도 양산시 동면 금산리 1427-5번지,48330,31027,0,1427,0005,일반건축물,경상남도 양산시 금오10길 20 (동면 금산리),,,208.6,124.62,59.74,367.56,180.5,철근콘크리트구조,01000,"단독주택(다가구),제2종근린생활시설",3,0
경상남도 양산시 동면 금산리 1427-7번지,48330,31027,0,1427,0007,일반건축물,경상남도 양산시 금오10길 22 (동면 금산리),,,208.6,125.08,59.96,336.28,161.21,철근콘크리트구조,01000,"단독주택,제2종근린생활시설",3,0
경상남도 양산시 동면 금산리 1427-8번지,48330,31027,0,1427,0008,일반건축물,경상남도 양산시 금오4길 66 (동면 금산리),,,225.7,134.4,59.55,366.56,162.41,철근콘크리트구조,01000,"단독주택(다가구),제1종근린생활시설",3,0
경상남도 양산시 동면 금산리 1428-1번지,48330,31027,0,1428,0001,일반건축물,경상남도 양산시 금오4길 75 (동면 금산리),,주1동,205.8,19.36,9.41,19.36,9.41,일반목구조,01000,단독주택,1,0
경상남도 양산시 동면 금산리 1428-2번지,48330,31027,0,1428,0002,일반건축물,경상남도 양산시 금오4길 75-5 (동면 금산리),,1동,210.8,125.28,59.43,354.6,168.22,철근콘크리트구조,01000,단독주택 및 제2종근린생활시설,3,0
경상남도 양산시 동면 금산리 1428-3번지,48330,31027,0,1428,0003,일반건축물,경상남도 양산시 금오4길 75-7 (동면 금산리),,,210.7,125.08,59.36,331.87,157.51,철근콘크리트구조,01000,단독주택 및 제1종근린생활시설,3,0
경상남도 양산시 동면 금산리 1428-4번지,48330,31027,0,1428,0004,일반건축물,경상남도 양산시 금오4길 75-11 (동면 금산리),,,210.7,125.2,59.42,330.55,156.88,철근콘크리트구조,01000,"단독주택(다가구),제2종근린생활시설",3,0
경상남도 양산시 동면 금산리 1428-5번지,48330,31027,0,1428,0005,일반건축물,경상남도 양산시 금오4길 55-24 (동면 금산리),,,209.7,125.6,59.9,346.66,165.31,철근콘크리트구조,01000,"단독주택(다가구),제2종근린생활시설",3,0
경상남도 양산시 동면 금산리 1428-6번지,48330,31027,0,1428,0006,일반건축물,경상남도 양산시 금오4길 55-22 (동면 금산리),,제1동,210.8,125.27,59.43,350.32,166.19,일반철골구조,01000,단독주택,3,0
경상남도 양산시 동면 금산리 1428-7번지,48330,31027,0,1428,0007,일반건축물,경상남도 양산시 금오4길 71-12 (동면 금산리),,,211.8,126.95,59.94,372.07,175.67,철근콘크리트구조,01000,"단독주택(다가구),제2종근린생활시설",3,0
경상남도 양산시 동면 금산리 1428-8번지,48330,31027,0,1428,0008,일반건축물,경상남도 양산시 금오4길 71-10 (동면 금산리),동면 금산리 1428-8 단독주택 (김동규),,211.8,126.36,59.66,346.32,163.51,철근콘크리트구조,01000,"제2종근린생활시설,단독주택(다가구)",3,0
경상남도 양산시 동면 금산리 1428-9번지,48330,31027,0,1428,0009,일반건축물,경상남도 양산시 금오4길 71-6 (동면 금산리),정원빌,,211.9,126.48,59.69,369.12,174.2,철근콘크리트구조,01000,"단독주택(다가구),제2종근린생활시설",3,0
경상남도 양산시 동면 금산리 1428-10번지,48330,31027,0,1428,0010,일반건축물,경상남도 양산시 금오4길 73 (동면 금산리),,,206.8,123.88,59.9,329.58,159.37,철근콘크리트구조,01000,단독주택,3,0
경상남도 양산시 동면 금산리 1429-1번지,48330,31027,0,1429,0001,일반건축물,경상남도 양산시 금오4길 71 (동면 금산리),,,203.1,121.53,59.84,315.93,155.55,철근콘크리트구조,01000,단독주택,3,0
경상남도 양산시 동면 금산리 1429-2번지,48330,31027,0,1429,0002,일반건축물,경상남도 양산시 금오4길 69 (동면 금산리),,,194.3,116.25,59.83,321.39,165.41,철근콘크리트구조,01000,단독주택 및 제2종근린생활시설,3,0
경상남도 양산시 동면 금산리 1429-3번지,48330,31027,0,1429,0003,일반건축물,경상남도 양산시 금오4길 67-1 (동면 금산리),,,194.2,115.36,59.4,321.36,165.48,철근콘크리트구조,01000,"단독주택(다가구),제2종근린생활시설",3,0
경상남도 양산시 동면 금산리 1429-4번지,48330,31027,0,1429,0004,일반건축물,경상남도 양산시 금오4길 67 (동면 금산리),,,194.1,116.03,59.78,333.18,171.65,철근콘크리트구조,01000,"다가구주택,제2종근린생활시설",3,0
경상남도 양산시 동면 금산리 1429-5번지,48330,31027,0,1429,0005,일반건축물,경상남도 양산시 금오4길 65 (동면 금산리),,주건축물제1동,194.1,116.16,59.85,326.91,168.42,철근콘크리트구조,01000,다가구주택,3,0
경상남도 양산시 동면 금산리 1429-8번지,48330,31027,0,1429,0008,일반건축물,경상남도 양산시 금오4길 59-8 (동면 금산리),,제1동,234.1,140.3,59.93,397.51,169.8,철근콘크리트구조,01000,단독주택,3,0
경상남도 양산시 동면 금산리 1429-10번지,48330,31027,0,1429,0010,일반건축물,경상남도 양산시 금오4길 59-12 (동면 금산리),,,197.2,118.11,59.89,336.55,170.66,철근콘크리트구조,01000,단독주택(다가구),3,0
경상남도 양산시 동면 금산리 1430-1번지,48330,31027,0,1430,0001,일반건축물,경상남도 양산시 금오4길 59-15 (동면 금산리),,,195.7,117.2,59.89,309.19,157.99,철근콘크리트구조,01000,"단독주택,제2종근린생활시설",3,0
경상남도 양산시 동면 금산리 1430-5번지,48330,31027,0,1430,0005,일반건축물,경상남도 양산시 금오4길 59-7 (동면 금산리),,,192.8,115.47,59.89,323.74,167.91,철근콘크리트구조,01000,단독주택 및 제1종근린생활시설,3,0
경상남도 양산시 동면 금산리 1430-6번지,48330,31027,0,1430,0006,일반건축물,경상남도 양산시 금오4길 59-5 (동면 금산리),,,192.8,115.08,59.69,278.75,144.58,철근콘크리트구조,01000,"단독주택, 제2종근린생활시설",3,0
경상남도 양산시 동면 금산리 1430-7번지,48330,31027,0,1430,0007,일반건축물,경상남도 양산시 금오4길 59 (동면 금산리),,,195.8,117.35,59.93,278.4,142.19,철근콘크리트구조,01000,"단독주택(다가구),제1종근린생활시설",3,0
경상남도 양산시 동면 금산리 1430-8번지,48330,31027,0,1430,0008,일반건축물,경상남도 양산시 금오4길 57 (동면 금산리),,,228.6,134.69,58.92,331.37,144.96,철근콘크리트구조,01000,"단독주택,제1종근린생활시설",3,0
경상남도 양산시 동면 금산리 1430-10번지,48330,31027,0,1430,0010,일반건축물,경상남도 양산시 금오4길 55-8 (동면 금산리),,,205.6,123.29,59.97,334.66,162.77,철근콘크리트구조,01000,"단독주택, 제2종근린생활시설",3,0
경상남도 양산시 동면 금산리 1430-14번지,48330,31027,0,1430,0014,일반건축물,경상남도 양산시 금오4길 55-18 (동면 금산리),,제1동,198.7,118.75,59.76,318.2,160.14,철근콘크리트구조,01000,"단독주택, 제2종근린생활시설",3,0
경상남도 양산시 동면 금산리 1432-1번지,48330,31027,0,1432,0001,일반건축물,경상남도 양산시 금오4길 55-11 (동면 금산리),,,198.6,118.14,59.49,313.57,157.89,철근콘크리트구조,01000,"단독주택,제2종근린생활시설",3,0
경상남도 양산시 동면 금산리 1432-2번지,48330,31027,0,1432,0002,일반건축물,경상남도 양산시 금오4길 55-9 (동면 금산리),,,201.6,120,59.52,346.25,171.75,철근콘크리트구조,01000,"단독주택(다가구),제2종근린생활시설",3,0
경상남도 양산시 동면 금산리 1432-4번지,48330,31027,0,1432,0004,일반건축물,경상남도 양산시 금오4길 55-5 (동면 금산리),,,201.4,120.08,59.62,338.84,168.24,철근콘크리트구조,01000,"단독주택,제2종근린생활시설",3,0
경상남도 양산시 동면 금산리 1432-5번지,48330,31027,0,1432,0005,일반건축물,경상남도 양산시 금오4길 55 (동면 금산리),,,220.5,132.03,59.88,358.22,162.46,철근콘크리트구조,01000,"단독주택,제2종근린생활시설",3,0
경상남도 양산시 동면 금산리 1432-6번지,48330,31027,0,1432,0006,일반건축물,경상남도 양산시 금오4길 51 (동면 금산리),,,239.5,143.47,59.9,344.67,143.91,철근콘크리트구조,01000,"제2종근린생활시설,단독주택(다가구)",3,0
경상남도 양산시 동면 금산리 1432-8번지,48330,31027,0,1432,0008,일반건축물,경상남도 양산시 금오4길 51-8 (동면 금산리),,,205.5,122.88,59.8,338.2,164.57,철근콘크리트구조,01000,"단독주택(다가구),제2종근린생활시설",3,0
경상남도 양산시 동면 금산리 1432-9번지,48330,31027,0,1432,0009,일반건축물,경상남도 양산시 금오4길 51-12 (동면 금산리),,,205.6,122.96,59.81,295.54,143.75,철근콘크리트구조,01000,"제1종근린생활시설,단독주택(다가구)",3,0
경상남도 양산시 동면 금산리 1432-10번지,48330,31027,0,1432,0010,일반건축물,경상남도 양산시 금오4길 51-14 (동면 금산리),,제1동,202.6,121.36,59.9,328.5,162.14,철근콘크리트구조,01000,"단독주택, 제2종근린생활시설",3,0
경상남도 양산시 동면 금산리 1433-2번지,48330,31027,0,1433,0002,일반건축물,경상남도 양산시 금오4길 51-11 (동면 금산리),,,219,117.68,53.74,325.02,148.41,철근콘크리트구조,01000,"단독주택(다가구),제2종근린생활시설",3,0
경상남도 양산시 동면 금산리 1433-3번지,48330,31027,0,1433,0003,일반건축물,경상남도 양산시 금오4길 51-7 (동면 금산리),,,218.8,127.54,58.29,345,157.68,철근콘크리트구조,01000,"단독주택(다가구),제2종근린생활시설",3,0
경상남도 양산시 동면 금산리 1433-4번지,48330,31027,0,1433,0004,일반건축물,경상남도 양산시 금오4길 51-5 (동면 금산리),,,218.9,130.66,59.69,384.46,175.63,철근콘크리트구조,01000,"다가구주택,제2종근린생활시설",3,0
경상남도 양산시 동면 금산리 1433-5번지,48330,31027,0,1433,0005,일반건축물,경상남도 양산시 금오4길 49 (동면 금산리),,,225.9,133.7,59.19,330.85,146.46,철근콘크리트구조,01000,단독주택 및 제2종근린생활시설,3,0
경상남도 양산시 동면 금산리 1433-6번지,48330,31027,0,1433,0006,일반건축물,경상남도 양산시 금오4길 47 (동면 금산리),,,226.9,136.03,59.95,363.21,160.07,철근콘크리트구조,01000,"단독주택(다가구),제2종근린생활시설",3,0
경상남도 양산시 동면 금산리 1433-7번지,48330,31027,0,1433,0007,일반건축물,경상남도 양산시 금오8길 25 (동면 금산리),,,222.8,133.4,59.87,349.87,157.03,철근콘크리트구조,01000,"단독주택(다가구),제2종근린생활시설",3,0
경상남도 양산시 동면 금산리 1433-8번지,48330,31027,0,1433,0008,일반건축물,경상남도 양산시 금오8길 23 (동면 금산리),,,222.8,132.3,59.38,366.69,164.58,철근콘크리트구조,01000,"단독주택,제1종근린생활시설",3,0
경상남도 양산시 동면 금산리 1433-10번지,48330,31027,0,1433,0010,일반건축물,경상남도 양산시 금오8길 21 (동면 금산리),,제1동,223.9,133.12,59.46,366.36,163.63,철근콘크리트구조,01000,단독주택,3,0
경상남도 양산시 동면 금산리 1434-1번지,48330,31027,0,1434,0001,일반건축물,경상남도 양산시 금오6길 37 (동면 금산리),,,210.9,125.43,59.47,326.53,154.83,철근콘크리트구조,01000,단독주택 및 제2종근린생활시설,3,0
경상남도 양산시 동면 금산리 1434-2번지,48330,31027,0,1434,0002,일반건축물,경상남도 양산시 금오6길 35-1 (동면 금산리),,,210,124.7,59.38,326.34,155.4,철근콘크리트구조,01000,"단독주택,제1종근린생활시설",3,0
경상남도 양산시 동면 금산리 1434-3번지,48330,31027,0,1434,0003,일반건축물,경상남도 양산시 금오6길 35 (동면 금산리),,,209.9,125.5,59.79,333.77,159.01,철근콘크리트구조,01000,단독주택,3,0
경상남도 양산시 동면 금산리 1434-4번지,48330,31027,0,1434,0004,일반건축물,경상남도 양산시 금오6길 33 (동면 금산리),,,210,120.42,57.34,275.64,131.26,철근콘크리트구조,01000,"제1종근린생활시설,단독주택(다가구)",3,0
경상남도 양산시 동면 금산리 1434-5번지,48330,31027,0,1434,0005,일반건축물,경상남도 양산시 금오6길 31-1 (동면 금산리),,,210.1,124.02,59.03,343.62,163.55,철근콘크리트구조,01000,단독주택 및 제2종근린생활시설,3,0
경상남도 양산시 동면 금산리 1434-6번지,48330,31027,0,1434,0006,일반건축물,경상남도 양산시 금오6길 31 (동면 금산리),,,210.1,124.45,59.23,345.35,164.37,철근콘크리트구조,01000,"단독주택(다가구),제1종근린생활시설",3,0
경상남도 양산시 동면 금산리 1434-7번지,48330,31027,0,1434,0007,일반건축물,경상남도 양산시 금오6길 29 (동면 금산리),,,210.9,125.33,59.43,343.13,162.7,철근콘크리트구조,01000,"단독주택,제2종근린생활시설",3,0
경상남도 양산시 동면 금산리 1434-8번지,48330,31027,0,1434,0008,일반건축물,경상남도 양산시 금오6길 27-1 (동면 금산리),,,211.1,126.38,59.87,351.83,166.67,철근콘크리트구조,01000,"단독주택(다가구),제1종근린생활시설",3,0
경상남도 양산시 동면 금산리 1434-9번지,48330,31027,0,1434,0009,일반건축물,경상남도 양산시 금오6길 27 (동면 금산리),,,210.1,125.56,59.76,348.56,165.9,철근콘크리트구조,01000,"단독주택, 제1종근린생활시설",3,0
경상남도 양산시 동면 금산리 1434-11번지,48330,31027,0,1434,0011,일반건축물,경상남도 양산시 금오5길 76-17 (동면 금산리),,,211.2,126.16,59.73,332.69,157.52,철근콘크리트구조,01000,"단독주택, 제2종근린생활시설",3,0
경상남도 양산시 동면 금산리 1434-12번지,48330,31027,0,1434,0012,일반건축물,경상남도 양산시 금오5길 76-15 (동면 금산리),,,211,125.19,59.33,322.87,153.02,철근콘크리트구조,01000,"단독주택, 제2종근린생활시설",3,0
경상남도 양산시 동면 금산리 1434-13번지,48330,31027,0,1434,0013,일반건축물,경상남도 양산시 금오5길 76-13 (동면 금산리),,,210.9,126.39,59.93,331.85,157.35,철근콘크리트구조,01000,"단독주택,제2종근린생활시설",3,0
경상남도 양산시 동면 금산리 1434-15번지,48330,31027,0,1434,0015,일반건축물,경상남도 양산시 금오5길 76-9 (동면 금산리),,,211.1,125.41,59.41,345.86,163.84,철근콘크리트구조,01000,"단독주택, 제2종근린생활시설",3,0
경상남도 양산시 동면 금산리 1434-17번지,48330,31027,0,1434,0017,일반건축물,경상남도 양산시 금오5길 76-3 (동면 금산리),,,210.9,126.1,59.79,362.55,171.91,철근콘크리트구조,01000,"단독주택(다가구),제2종근린생활시설",3,0
경상남도 양산시 동면 금산리 1434-18번지,48330,31027,0,1434,0018,일반건축물,경상남도 양산시 금오5길 78 (동면 금산리),,,210.9,125.56,59.54,346.15,164.13,철근콘크리트구조,01000,"단독주택,제1종근린생활시설",3,0
경상남도 양산시 동면 금산리 1435-3번지,48330,31027,0,1435,0003,일반건축물,경상남도 양산시 금오5길 76-8 (동면 금산리),,,199,118.9,59.75,347.68,174.71,철근콘크리트구조,01000,"단독주택(다가구), 제2종근린생활시설",3,0
경상남도 양산시 동면 금산리 1435-4번지,48330,31027,0,1435,0004,일반건축물,경상남도 양산시 금오5길 76-10 (동면 금산리),,제1동,198.9,118.9,59.78,347.68,174.8,철근콘크리트구조,01000,단독주택,3,0
경상남도 양산시 동면 금산리 1435-5번지,48330,31027,0,1435,0005,일반건축물,경상남도 양산시 금오5길 76-12 (동면 금산리),,제1동,199,118.8,59.7,344.52,173.13,철근콘크리트구조,01000,단독주택,3,0
경상남도 양산시 동면 금산리 1435-7번지,48330,31027,0,1435,0007,일반건축물,경상남도 양산시 금오5길 76-16 (동면 금산리),,제1동,198.9,117.04,58.84,309.74,155.73,철근콘크리트구조,01000,단독주택,3,0
경상남도 양산시 동면 금산리 1435-8번지,48330,31027,0,1435,0008,일반건축물,경상남도 양산시 금오5길 76-18 (동면 금산리),,,198.9,117.5,59.07,326.39,164.1,철근콘크리트구조,01000,"단독주택(다가구),제2종근린생활시설",3,0
경상남도 양산시 동면 금산리 1435-9번지,48330,31027,0,1435,0009,일반건축물,경상남도 양산시 금오5길 46-33 (동면 금산리),,제1동,199.9,119.48,59.77,327.06,163.61,철근콘크리트구조,01000,단독주택,3,0
경상남도 양산시 동면 금산리 1435-10번지,48330,31027,0,1435,0010,일반건축물,경상남도 양산시 금오5길 46-31 (동면 금산리),,,199,118.16,59.38,313.01,157.29,철근콘크리트구조,01000,단독주택,3,0
경상남도 양산시 동면 금산리 1435-11번지,48330,31027,0,1435,0011,일반건축물,경상남도 양산시 금오5길 72-19 (동면 금산리),,,199.1,119.28,59.91,330,165.75,철근콘크리트구조,01000,단독주택 및 제2종근린생활시설,3,0
경상남도 양산시 동면 금산리 1435-12번지,48330,31027,0,1435,0012,일반건축물,경상남도 양산시 금오5길 72-15 (동면 금산리),,,198.9,119,59.83,324.27,163.03,철근콘크리트구조,01000,"단독주택(다가구),제2종근린생활시설",3,0
경상남도 양산시 동면 금산리 1435-13번지,48330,31027,0,1435,0013,일반건축물,경상남도 양산시 금오5길 72-13 (동면 금산리),,,198.9,85.05,42.76,170.1,85.52,철근콘크리트구조,01000,"단독주택, 제1종근린생활시설",2,0
경상남도 양산시 동면 금산리 1435-14번지,48330,31027,0,1435,0014,일반건축물,경상남도 양산시 금오5길 72-11 (동면 금산리),,,199,119.16,59.88,341.68,171.7,철근콘크리트구조,01000,"단독주택(다가구), 제2종근린생활시설",3,0
경상남도 양산시 동면 금산리 1435-15번지,48330,31027,0,1435,0015,일반건축물,경상남도 양산시 금오5길 72-9 (동면 금산리),,,198.9,84.48,42.47,148.94,74.88,일반목구조,01000,단독주택,2,0
경상남도 양산시 동면 금산리 1435-17번지,48330,31027,0,1435,0017,일반건축물,경상남도 양산시 금오5길 72-5 (동면 금산리),,,199,116.25,58.42,313.23,157.4,철근콘크리트구조,01000,단독주택,3,0
경상남도 양산시 동면 금산리 1435-18번지,48330,31027,0,1435,0018,일반건축물,경상남도 양산시 금오5길 72 (동면 금산리),,,197,116.81,59.29,311.36,158.05,철근콘크리트구조,01000,"단독주택, 제2종근린생활시설",3,0
경상남도 양산시 동면 금산리 1436-1번지,48330,31027,0,1436,0001,일반건축물,경상남도 양산시 금오5길 70 (동면 금산리),,,202.4,121.12,59.84,322.25,159.21,철근콘크리트구조,01000,단독주택 및 제1종근린생활시설,3,0
경상남도 양산시 동면 금산리 1436-2번지,48330,31027,0,1436,0002,일반건축물,경상남도 양산시 금오5길 72-6 (동면 금산리),,,204.4,122.25,59.81,343.7,168.15,철근콘크리트구조,01000,"단독주택, 제2종근린생활시설",3,0
경상남도 양산시 동면 금산리 1436-3번지,48330,31027,0,1436,0003,일반건축물,경상남도 양산시 금오5길 72-8 (동면 금산리),,,205.4,122.84,59.81,366.03,178.2,철근콘크리트구조,01000,"단독주택(다가구),제1종근린생활시설",3,0
경상남도 양산시 동면 금산리 1436-4번지,48330,31027,0,1436,0004,일반건축물,경상남도 양산시 금오5길 72-10 (동면 금산리),,,205.4,105,51.12,167.21,81.41,경량철골구조,01000,"단독주택,제2종근린생활시설",2,0
경상남도 양산시 동면 금산리 1436-5번지,48330,31027,0,1436,0005,일반건축물,경상남도 양산시 금오5길 72-12 (동면 금산리),,제1동,205.4,122.76,59.77,356.58,173.6,철근콘크리트구조,01000,단독주택,3,0
경상남도 양산시 동면 금산리 1436-6번지,48330,31027,0,1436,0006,일반건축물,경상남도 양산시 금오5길 72-14 (동면 금산리),,,205.5,80.83,39.33,119.51,58.16,철근콘크리트구조,01000,단독주택,2,0
경상남도 양산시 동면 금산리 1436-7번지,48330,31027,0,1436,0007,일반건축물,경상남도 양산시 금오5길 72-16 (동면 금산리),,,205.5,122.03,59.38,360.26,175.31,철근콘크리트구조,01000,"단독주택, 제2종근린생활시설",3,0
경상남도 양산시 동면 금산리 1436-8번지,48330,31027,0,1436,0008,일반건축물,경상남도 양산시 금오5길 72-20 (동면 금산리),,제1동,205.5,122.76,59.74,356.58,173.52,철근콘크리트구조,01000,"단독주택, 제2종근린생활시설",3,0
경상남도 양산시 동면 금산리 1436-9번지,48330,31027,0,1436,0009,일반건축물,경상남도 양산시 금오5길 46-27 (동면 금산리),,,206.5,123.53,59.82,314.52,152.31,철근콘크리트구조,01000,"제2종근린생활시설,단독주택(다가구)",3,0
경상남도 양산시 동면 금산리 1436-11번지,48330,31027,0,1436,0011,일반건축물,경상남도 양산시 금오5길 46-21 (동면 금산리),,,205.8,122.84,59.69,340.66,165.53,철근콘크리트구조,01000,"단독주택,제2종근린생활시설",3,0
경상남도 양산시 동면 금산리 1436-12번지,48330,31027,0,1436,0012,일반건축물,경상남도 양산시 금오5길 66-19 (동면 금산리),,,204.9,122.27,59.67,344.57,168.16,철근콘크리트구조,01000,"단독주택(다가구), 제2종근린생활시설",3,0
경상남도 양산시 동면 금산리 1436-13번지,48330,31027,0,1436,0013,일반건축물,경상남도 양산시 금오5길 66-15 (동면 금산리),진송빌,,204.8,122,59.5703,351.04,171.4062,철근콘크리트구조,01000,"단독주택, 제2종근린생활시설",3,0
경상남도 양산시 동면 금산리 1436-14번지,48330,31027,0,1436,0014,일반건축물,경상남도 양산시 금오5길 66-13 (동면 금산리),,제1동,204.8,122.76,59.94,356.58,174.11,철근콘크리트구조,01000,단독주택,3,0
경상남도 양산시 동면 금산리 1436-16번지,48330,31027,0,1436,0016,일반건축물,경상남도 양산시 금오5길 66-9 (동면 금산리),,,204.8,122.41,59.77,336.27,164.19,철근콘크리트구조,01000,단독주택 및 제1종근린생활시설,3,0
경상남도 양산시 동면 금산리 1436-17번지,48330,31027,0,1436,0017,일반건축물,경상남도 양산시 금오5길 66-7 (동면 금산리),,,204.8,122.35,59.74,309.39,151.07,철근콘크리트구조,01000,"단독주택, 제1종근린생활시설",3,0
경상남도 양산시 동면 금산리 1436-18번지,48330,31027,0,1436,0018,일반건축물,경상남도 양산시 금오5길 66 (동면 금산리),,,405.6,214.51,52.89,494.91,122.02,철근콘크리트구조,01000,"단독주택, 제2종근린생활시설",3,0
경상남도 양산시 동면 금산리 1437-1번지,48330,31027,0,1437,0001,일반건축물,경상남도 양산시 금오5길 64 (동면 금산리),,,194.8,116.06,59.58,319.11,163.81,철근콘크리트구조,01000,단독주택 및 제2종근린생활시설,3,0
경상남도 양산시 동면 금산리 1437-3번지,48330,31027,0,1437,0003,일반건축물,경상남도 양산시 금오5길 66-8 (동면 금산리),,,198.8,118.81,59.76,331.12,166.56,철근콘크리트구조,01000,"단독주택(다가구),제2종근린생활시설",3,0
경상남도 양산시 동면 금산리 1437-4번지,48330,31027,0,1437,0004,일반건축물,경상남도 양산시 금오5길 66-10 (동면 금산리),,,198.8,118.95,59.83,324.09,163.02,철근콘크리트구조,01000,"단독주택,제2종근린생활시설",3,0
경상남도 양산시 동면 금산리 1437-6번지,48330,31027,0,1437,0006,일반건축물,경상남도 양산시 금오5길 66-14 (동면 금산리),,,198.9,118.37,59.51,349.17,175.55,철근콘크리트구조,01000,"단독주택,제2종근린생활시설",3,0
경상남도 양산시 동면 금산리 1437-7번지,48330,31027,0,1437,0007,일반건축물,경상남도 양산시 금오5길 66-16 (동면 금산리),,,198.7,118.53,59.65,325.31,163.72,철근콘크리트구조,01000,"단독주택(다가구),제2종근린생활시설",3,0
경상남도 양산시 동면 금산리 1437-9번지,48330,31027,0,1437,0009,일반건축물,경상남도 양산시 금오5길 46-15 (동면 금산리),,,201.7,120.75,59.87,313.43,155.39,철근콘크리트구조,01000,"단독주택(다가구),제2종근린생활시설",3,0
경상남도 양산시 동면 금산리 1437-13번지,48330,31027,0,1437,0013,일반건축물,경상남도 양산시 금오5길 62-13 (동면 금산리),,,198.9,50.7,25.49,50.7,25.49,철근콘크리트구조,01000,단독주택,1,0
경상남도 양산시 동면 금산리 1437-18번지,48330,31027,0,1437,0018,일반건축물,경상남도 양산시 금오5길 62 (동면 금산리),,,194.8,116.61,59.86,295.62,151.76,철근콘크리트구조,01000,"제1종근린생활시설,단독주택(다가구)",3,0
경상남도 양산시 동면 금산리 1438-1번지,48330,31027,0,1438,0001,일반건축물,경상남도 양산시 금오5길 60 (동면 금산리),,,221.1,131.48,59.47,309.75,140.09,철근콘크리트구조,01000,"단독주택,제1종근린생활시설",3,0
경상남도 양산시 동면 금산리 1438-3번지,48330,31027,0,1438,0003,일반건축물,경상남도 양산시 금오5길 62-6 (동면 금산리),,제1동,216.9,129.36,59.64,374.36,172.6,철근콘크리트구조,01000,"단독주택,제2종근린생활시설",3,0
경상남도 양산시 동면 금산리 1438-4번지,48330,31027,0,1438,0004,일반건축물,경상남도 양산시 금오5길 62-8 (동면 금산리),,,216,129.36,59.89,364,168.52,철근콘크리트구조,01000,"제2종근린생활시설,단독주택(다가구)",3,0
경상남도 양산시 동면 금산리 1438-7번지,48330,31027,0,1438,0007,일반건축물,경상남도 양산시 금오5길 62-16 (동면 금산리),,,213,126.39,59.34,361.29,169.62,철근콘크리트구조,01000,"단독주택(다가구), 제2종근린생활시설",3,0
경상남도 양산시 동면 금산리 1438-8번지,48330,31027,0,1438,0008,일반건축물,경상남도 양산시 금오5길 62-18 (동면 금산리),,,211.8,126.28,59.62,361.74,170.79,철근콘크리트구조,01000,단독주택(다가구),3,0
경상남도 양산시 동면 금산리 1438-9번지,48330,31027,0,1438,0009,일반건축물,경상남도 양산시 금오5길 62-20 (동면 금산리),,제1동,210.8,126.28,59.91,361.89,171.67,철근콘크리트구조,01000,"단독주택, 제2종근린생활시설",3,0
경상남도 양산시 동면 금산리 1438-10번지,48330,31027,0,1438,0010,일반건축물,경상남도 양산시 금오5길 46-7 (동면 금산리),,,216.8,129.6,59.78,321.04,148.08,철근콘크리트구조,01000,"단독주택(다가구),제2종근린생활시설",3,0
경상남도 양산시 동면 금산리 1438-11번지,48330,31027,0,1438,0011,일반건축물,경상남도 양산시 금오5길 46 (동면 금산리),,,216,125.31,58.01,316.66,146.6,철근콘크리트구조,01000,"단독주택,제1종근린생활시설",3,0
경상남도 양산시 동면 금산리 1438-12번지,48330,31027,0,1438,0012,일반건축물,경상남도 양산시 금오5길 48 (동면 금산리),,,211.8,122.12,57.66,194.96,92.05,철근콘크리트구조,01000,단독주택,2,0
경상남도 양산시 동면 금산리 1438-13번지,48330,31027,0,1438,0013,일반건축물,경상남도 양산시 금오5길 48-1 (동면 금산리),,제1동,212.9,127.1,59.7,361.74,169.91,철근콘크리트구조,01000,단독주택,3,0
경상남도 양산시 동면 금산리 1438-14번지,48330,31027,0,1438,0014,일반건축물,경상남도 양산시 금오5길 50 (동면 금산리),,,213.9,127.02,59.38,325.82,152.32,철근콘크리트구조,01000,"단독주택(다가구),제2종근린생활시설",3,0
경상남도 양산시 동면 금산리 1438-16번지,48330,31027,0,1438,0016,일반건축물,경상남도 양산시 금오5길 52 (동면 금산리),,,215.9,128.8,59.66,371.25,171.96,철근콘크리트구조,01000,"단독주택,제2종근린생활시설",3,0
경상남도 양산시 동면 금산리 1438-17번지,48330,31027,0,1438,0017,일반건축물,경상남도 양산시 금오5길 52-1 (동면 금산리),,,216,129.48,59.94,364.47,168.74,철근콘크리트구조,01000,"단독주택, 제2종근린생활시설",3,0
경상남도 양산시 동면 금산리 1438-18번지,48330,31027,0,1438,0018,일반건축물,경상남도 양산시 금오5길 54 (동면 금산리),,제1동,217,129.2,59.54,362.86,167.22,철근콘크리트구조,01000,단독주택,3,0
경상남도 양산시 동면 금산리 1438-19번지,48330,31027,0,1438,0019,일반건축물,경상남도 양산시 금오5길 54-1 (동면 금산리),,,218.1,130.4,59.79,374.45,171.69,철근콘크리트구조,01000,"단독주택,제2종근린생활시설",3,0
경상남도 양산시 동면 금산리 1438-20번지,48330,31027,0,1438,0020,일반건축물,경상남도 양산시 금오5길 58 (동면 금산리),명품빌,,221,131.67,59.58,364.56,164.96,철근콘크리트구조,01000,단독주택,3,0
경상남도 양산시 동면 금산리 1439-2번지,48330,31027,0,1439,0002,일반건축물,경상남도 양산시 금오3길 36-1 (동면 금산리),지화빌,,198.9,118.98,59.82,343.2,172.55,철근콘크리트구조,01000,"단독주택(다가구),제1종근린생활시설",3,0
경상남도 양산시 동면 금산리 1439-3번지,48330,31027,0,1439,0003,일반건축물,경상남도 양산시 금오3길 36 (동면 금산리),,,198.9,118.49,59.57,334.26,168.05,철근콘크리트구조,01000,"단독주택(다가구),제2종근린생활시설",3,0
경상남도 양산시 동면 금산리 1439-4번지,48330,31027,0,1439,0004,일반건축물,경상남도 양산시 금오3길 34 (동면 금산리),,,198.9,50.7,25.49,76.74,38.58,철근콘크리트구조,01000,단독주택,2,0
경상남도 양산시 동면 금산리 1439-5번지,48330,31027,0,1439,0005,일반건축물,경상남도 양산시 금오5길 51 (동면 금산리),,,198.8,112.52,56.6,293.76,145.65,철근콘크리트구조,01000,단독주택(다가구),3,0
경상남도 양산시 동면 금산리 1439-6번지,48330,31027,0,1439,0006,일반건축물,경상남도 양산시 금오5길 49 (동면 금산리),,,198.8,85.85,43.18,128.27,64.52,철근콘크리트구조,01000,단독주택,2,0
경상남도 양산시 동면 금산리 1439-7번지,48330,31027,0,1439,0007,일반건축물,경상남도 양산시 금오5길 47 (동면 금산리),,,198.8,118.74,59.73,351.12,176.62,철근콘크리트구조,01000,"단독주택, 제2종근린생활시설",3,0
경상남도 양산시 동면 금산리 1439-8번지,48330,31027,0,1439,0008,일반건축물,경상남도 양산시 금오3길 30 (동면 금산리),,,199,119.11,59.85,354.01,177.89,철근콘크리트구조,01000,"단독주택,제2종근린생활시설",3,0
경상남도 양산시 동면 금산리 1440-1번지,48330,31027,0,1440,0001,일반건축물,경상남도 양산시 금오6길 25 (동면 금산리),,,191.5,114.81,59.95,283.79,148.19,철근콘크리트구조,01000,"단독주택, 제1종근린생활시설",3,0
경상남도 양산시 동면 금산리 1440-2번지,48330,31027,0,1440,0002,일반건축물,경상남도 양산시 금오5길 46-40 (동면 금산리),,,194.6,116.51,59.87,311.86,160.26,철근콘크리트구조,01000,"단독주택, 제1종근린생활시설",3,0
경상남도 양산시 동면 금산리 1440-3번지,48330,31027,0,1440,0003,일반건축물,경상남도 양산시 금오5길 46-38 (동면 금산리),,,194.6,116.51,59.87,334.17,171.72,철근콘크리트구조,01000,"단독주택, 제2종근린생활시설",3,0
경상남도 양산시 동면 금산리 1440-4번지,48330,31027,0,1440,0004,일반건축물,경상남도 양산시 금오5길 46-34 (동면 금산리),,,195.6,57.4,29.35,57.4,29.35,일반목구조,01000,단독주택,1,0
경상남도 양산시 동면 금산리 1440-5번지,48330,31027,0,1440,0005,일반건축물,경상남도 양산시 금오5길 46-32 (동면 금산리),,,185.5,87.47,47.15,174.94,94.31,일반철골구조,01000,"제2종근린생활시설,단독주택(다가구)",2,0
경상남도 양산시 동면 금산리 1440-7번지,48330,31027,0,1440,0007,일반건축물,경상남도 양산시 금오6길 23-12 (동면 금산리),,,194.6,116.06,59.64,329.74,169.45,철근콘크리트구조,01000,"단독주택,제2종근린생활시설",3,0
경상남도 양산시 동면 금산리 1440-8번지,48330,31027,0,1440,0008,일반건축물,경상남도 양산시 금오6길 23-10 (동면 금산리),,,194.6,116.16,59.69,333.85,171.56,철근콘크리트구조,01000,"단독주택(다가구),제1종근린생활시설",3,0
경상남도 양산시 동면 금산리 1440-9번지,48330,31027,0,1440,0009,일반건축물,경상남도 양산시 금오6길 23-8 (동면 금산리),,,194.7,116.55,59.86,308.76,158.58,철근콘크리트구조,01000,"제2종근린생활시설,단독주택(다가구)",3,0
경상남도 양산시 동면 금산리 1440-10번지,48330,31027,0,1440,0010,일반건축물,경상남도 양산시 금오6길 23 (동면 금산리),,,190.6,113.52,59.56,291.1,152.73,철근콘크리트구조,01000,"단독주택, 제1종근린생활시설",3,0
경상남도 양산시 동면 금산리 1441-1번지,48330,31027,0,1441,0001,일반건축물,경상남도 양산시 금오6길 23-3 (동면 금산리),,,214.5,127.52,59.45,330.46,154.06,철근콘크리트구조,01000,"제2종근린생활시설,단독주택(다가구)",3,0
경상남도 양산시 동면 금산리 1441-2번지,48330,31027,0,1441,0002,일반건축물,경상남도 양산시 금오6길 23-5 (동면 금산리),,,218.5,130.52,59.73,369.88,169.28,철근콘크리트구조,01000,"단독주택, 제2종근린생활시설",3,0
경상남도 양산시 동면 금산리 1441-3번지,48330,31027,0,1441,0003,일반건축물,경상남도 양산시 금오6길 23-9 (동면 금산리),,,217.6,130.53,59.99,352.22,161.87,철근콘크리트구조,01000,단독주택 및 제1종근린생활시설,3,0
경상남도 양산시 동면 금산리 1441-4번지,48330,31027,0,1441,0004,일반건축물,경상남도 양산시 금오6길 23-11 (동면 금산리),,,217.6,130.35,59.9,373.19,171.5,철근콘크리트구조,01000,"단독주택, 제1종근린생활시설",3,0
경상남도 양산시 동면 금산리 1441-5번지,48330,31027,0,1441,0005,일반건축물,경상남도 양산시 금오5길 8-38 (동면 금산리),,,208.5,124.85,59.88,328.05,157.3,철근콘크리트구조,01000,단독주택,3,0
경상남도 양산시 동면 금산리 1441-7번지,48330,31027,0,1441,0007,일반건축물,경상남도 양산시 금오5길 8-34 (동면 금산리),,,209.6,125.58,59.91,327.66,156.33,철근콘크리트구조,01000,단독주택,3,0
경상남도 양산시 동면 금산리 1441-8번지,48330,31027,0,1441,0008,일반건축물,경상남도 양산시 금오6길 19-12 (동면 금산리),,,218.5,130.56,59.75,341.58,156.33,철근콘크리트구조,01000,단독주택 및 제1종근린생활시설,3,0
경상남도 양산시 동면 금산리 1441-9번지,48330,31027,0,1441,0009,일반건축물,경상남도 양산시 금오6길 19-10 (동면 금산리),,,218.5,130,59.5,381.1,174.42,철근콘크리트구조,01000,"단독주택(다가구),제1종근린생활시설",3,0
경상남도 양산시 동면 금산리 1441-10번지,48330,31027,0,1441,0010,일반건축물,경상남도 양산시 금오6길 19-6 (동면 금산리),,,219.5,129.67,59.08,352.16,160.44,철근콘크리트구조,01000,"단독주택(다가구),제2종근린생활시설",3,0
경상남도 양산시 동면 금산리 1441-11번지,48330,31027,0,1441,0011,일반건축물,경상남도 양산시 금오6길 19 (동면 금산리),,,215.5,128.7,59.72,332.8,154.43,철근콘크리트구조,01000,제2종근린생활시설,3,0
경상남도 양산시 동면 금산리 1442-1번지,48330,31027,0,1442,0001,일반건축물,경상남도 양산시 금오6길 17 (동면 금산리),,,214.9,128.86,59.96,354.56,165.23,철근콘크리트구조,01000,단독주택,3,0
경상남도 양산시 동면 금산리 1442-2번지,48330,31027,0,1442,0002,일반건축물,경상남도 양산시 금오6길 19-5 (동면 금산리),,,218.9,131.09,59.89,352.51,161.04,철근콘크리트구조,01000,"단독주택, 제1종근린생활시설",3,0
경상남도 양산시 동면 금산리 1442-3번지,48330,31027,0,1442,0003,일반건축물,경상남도 양산시 금오6길 19-9 (동면 금산리),,,218.8,129.8,59.32,384.58,175.77,철근콘크리트구조,01000,"단독주택, 제1종근린생활시설",3,0
경상남도 양산시 동면 금산리 1442-4번지,48330,31027,0,1442,0004,일반건축물,경상남도 양산시 금오6길 19-11 (동면 금산리),,,218.8,130.38,59.59,363.3,166.04,철근콘크리트구조,01000,"단독주택(다가구),제2종근린생활시설",3,0
경상남도 양산시 동면 금산리 1442-5번지,48330,31027,0,1442,0005,일반건축물,경상남도 양산시 금오5길 8-30 (동면 금산리),,,209.8,124.72,59.45,328.28,156.47,철근콘크리트구조,01000,"단독주택(다가구),제2종근린생활시설",3,0
경상남도 양산시 동면 금산리 1442-7번지,48330,31027,0,1442,0007,일반건축물,경상남도 양산시 금오5길 34-33 (동면 금산리),,,217.8,130.19,59.78,366.49,168.27,철근콘크리트구조,01000,"단독주택, 제2종근린생활시설",3,0
경상남도 양산시 동면 금산리 1442-8번지,48330,31027,0,1442,0008,일반건축물,경상남도 양산시 금오5길 34-37 (동면 금산리),,,217.9,129.32,59.35,332.57,152.63,철근콘크리트구조,01000,"단독주택, 제1종근린생활시설",3,0
경상남도 양산시 동면 금산리 1442-10번지,48330,31027,0,1442,0010,일반건축물,경상남도 양산시 금오6길 15 (동면 금산리),,,213.9,125.58,58.71,346.69,162.08,철근콘크리트구조,01000,"단독주택, 제1종근린생활시설",3,0
경상남도 양산시 동면 금산리 1443-1번지,48330,31027,0,1443,0001,일반건축물,경상남도 양산시 금오5길 46-26 (동면 금산리),,,202.1,121.04,59.89,322.31,159.48,철근콘크리트구조,01000,단독주택 및 제1종근린생활시설,3,0
경상남도 양산시 동면 금산리 1443-2번지,48330,31027,0,1443,0002,일반건축물,경상남도 양산시 금오5길 8-43 (동면 금산리),,,204.1,122.4,59.97,320.68,157.12,철근콘크리트구조,01000,"단독주택(다가구),제1종근린생활시설",3,0
경상남도 양산시 동면 금산리 1443-3번지,48330,31027,0,1443,0003,일반건축물,경상남도 양산시 금오5길 8-39 (동면 금산리),,,205.1,122.12,59.54,339.37,165.47,철근콘크리트구조,01000,"단독주택, 제2종근린생활시설",3,0
경상남도 양산시 동면 금산리 1443-6번지,48330,31027,0,1443,0006,일반건축물,경상남도 양산시 금오5길 8-33 (동면 금산리),,,219,130.72,59.69,368.65,168.33,철근콘크리트구조,01000,단독주택 및 제1종근린생활시설,3,0
경상남도 양산시 동면 금산리 1443-7번지,48330,31027,0,1443,0007,일반건축물,경상남도 양산시 금오5길 8-31 (동면 금산리),,,219,130.64,59.65,240.7,109.91,철근콘크리트구조,01000,"단독주택(다가구),제1종근린생활시설",2,0
경상남도 양산시 동면 금산리 1443-8번지,48330,31027,0,1443,0008,일반건축물,경상남도 양산시 금오5길 8-29 (동면 금산리),,,219,131.24,59.9269,375.2,171.3242,철근콘크리트구조,01000,"단독주택(다가구),제2종근린생활시설",3,0
경상남도 양산시 동면 금산리 1443-9번지,48330,31027,0,1443,0009,일반건축물,경상남도 양산시 금오5길 8-25 (동면 금산리),,,212,126.76,59.79,345.45,162.95,철근콘크리트구조,01000,"단독주택, 제2종근린생활시설",3,0
경상남도 양산시 동면 금산리 1443-10번지,48330,31027,0,1443,0010,일반건축물,경상남도 양산시 금오5길 14-28 (동면 금산리),,,205.9,121.21,58.87,169.75,82.44,철근콘크리트구조,01000,단독주택,2,0
경상남도 양산시 동면 금산리 1443-11번지,48330,31027,0,1443,0011,일반건축물,경상남도 양산시 금오5길 14-30 (동면 금산리),,,200.8,120.39,59.96,185.47,92.37,철근콘크리트구조,01000,단독주택(다가구),2,0
경상남도 양산시 동면 금산리 1443-12번지,48330,31027,0,1443,0012,일반건축물,경상남도 양산시 금오5길 14-32 (동면 금산리),,,201.9,119.85,59.36,311.18,154.13,철근콘크리트구조,01000,"단독주택,제2종근린생활시설",3,0
경상남도 양산시 동면 금산리 1443-13번지,48330,31027,0,1443,0013,일반건축물,경상남도 양산시 금오5길 14-34 (동면 금산리),,,202,120.72,59.76,331.14,163.93,철근콘크리트구조,01000,"단독주택, 제2종근린생활시설",3,0
경상남도 양산시 동면 금산리 1443-15번지,48330,31027,0,1443,0015,일반건축물,경상남도 양산시 금오5길 14-38 (동면 금산리),다유빌,,202,120.83,59.82,332.04,164.38,철근콘크리트구조,01000,단독주택 및 제1종근린생활시설,3,0
경상남도 양산시 동면 금산리 1443-18번지,48330,31027,0,1443,0018,일반건축물,경상남도 양산시 금오5길 46-20 (동면 금산리),,1동,205.9,123.21,59.84,322.96,156.85,철근콘크리트구조,01000,단독주택 및 제2종근린생활시설,3,0
경상남도 양산시 동면 금산리 1444-2번지,48330,31027,0,1444,0002,일반건축물,경상남도 양산시 금오5길 14-43 (동면 금산리),,,197.1,117.45,59.59,347.25,176.18,철근콘크리트구조,01000,"단독주택(다가구),제2종근린생활시설",3,0
경상남도 양산시 동면 금산리 1444-3번지,48330,31027,0,1444,0003,일반건축물,경상남도 양산시 금오5길 14-41 (동면 금산리),,제1동,197.1,118.08,59.91,336.95,170.95,철근콘크리트구조,01000,단독주택,3,0
경상남도 양산시 동면 금산리 1444-8번지,48330,31027,0,1444,0008,일반건축물,경상남도 양산시 금오5길 14-29 (동면 금산리),,,197.1,117.92,59.83,343.04,174.04,철근콘크리트구조,01000,"단독주택(다가구), 제2종근린생활시설",3,0
경상남도 양산시 동면 금산리 1444-9번지,48330,31027,0,1444,0009,일반건축물,경상남도 양산시 금오5길 34-13 (동면 금산리),,,394.2,217.2,55.1,217.2,55.1,경량철골구조,01000,"단독주택,제2종근린생활시설",1,0
경상남도 양산시 동면 금산리 1444-11번지,48330,31027,0,1444,0011,일반건축물,경상남도 양산시 금오5길 18-30 (동면 금산리),,,197,117.5,59.64,340.38,172.78,철근콘크리트구조,01000,"단독주택(다가구주택),제2종근린생활시설",3,0
경상남도 양산시 동면 금산리 1444-13번지,48330,31027,0,1444,0013,일반건축물,,,주건축물제1동,197,117.45,59.62,330.52,167.78,철근콘크리트구조,01000,"단독주택, 제2종근린생활시설",3,0
경상남도 양산시 동면 금산리 1444-14번지,48330,31027,0,1444,0014,일반건축물,경상남도 양산시 금오5길 18-36 (동면 금산리),,,197,117.12,59.45,336.81,170.97,철근콘크리트구조,01000,단독주택(다가구),3,0
경상남도 양산시 동면 금산리 1444-15번지,48330,31027,0,1444,0015,일반건축물,경상남도 양산시 금오5길 18-38 (동면 금산리),,,197.1,117.5,59.61,332.49,168.69,철근콘크리트구조,01000,"단독주택,제2종근린생활시설",3,0
경상남도 양산시 동면 금산리 1444-17번지,48330,31027,0,1444,0017,일반건축물,경상남도 양산시 금오5길 18-44 (동면 금산리),,,197.1,117.92,59.83,336.87,170.91,철근콘크리트구조,01000,"단독주택(다가구), 제2종근린생활시설",3,0
경상남도 양산시 동면 금산리 1444-18번지,48330,31027,0,1444,0018,일반건축물,경상남도 양산시 금오5길 18-46 (동면 금산리),,,197.2,117.245,59.45,289.24,146.67,철근콘크리트구조,01000,"제2종근린생활시설,단독주택",3,0
경상남도 양산시 동면 금산리 1445-4번지,48330,31027,0,1445,0004,일반건축물,경상남도 양산시 금오5길 18-37 (동면 금산리),,,229.9,137.51,59.81,371.75,161.7,철근콘크리트구조,01000,"단독주택(다가구),제2종근린생활시설",3,0
경상남도 양산시 동면 금산리 1445-8번지,48330,31027,0,1445,0008,일반건축물,경상남도 양산시 금오5길 18-29 (동면 금산리),,,220.8,132.18,59.86,391.2,177.17,철근콘크리트구조,01000,"단독주택(다가구),제2종근린생활시설",3,0
경상남도 양산시 동면 금산리 1445-9번지,48330,31027,0,1445,0009,일반건축물,경상남도 양산시 금오5길 34-7 (동면 금산리),,,202.9,120.94,59.61,317.88,156.67,철근콘크리트구조,01000,"단독주택,제2종근린생활시설",3,0
경상남도 양산시 동면 금산리 1445-10번지,48330,31027,0,1445,0010,일반건축물,경상남도 양산시 금오5길 34-3 (동면 금산리),,,213.9,126.33,59.06,341.22,159.52,철근콘크리트구조,01000,"단독주택,제2종근린생활시설",3,0
경상남도 양산시 동면 금산리 1445-11번지,48330,31027,0,1445,0011,일반건축물,경상남도 양산시 금오5길 36 (동면 금산리),,,229.9,137.76,59.92,399,173.55,철근콘크리트구조,01000,"단독주택(다가구),제2종근린생활시설",3,0
경상남도 양산시 동면 금산리 1445-12번지,48330,31027,0,1445,0012,일반건축물,경상남도 양산시 금오5길 38 (동면 금산리),,,230.8,138,59.79,379.05,164.23,철근콘크리트구조,01000,"제2종근린생활시설,단독주택(다가구)",3,0
경상남도 양산시 동면 금산리 1445-14번지,48330,31027,0,1445,0014,일반건축물,경상남도 양산시 금오5길 40 (동면 금산리),,,230.9,131,56.73,364.01,157.65,철근콘크리트구조,01000,"단독주택,제2종근린생활시설",3,0
경상남도 양산시 동면 금산리 1445-16번지,48330,31027,0,1445,0016,일반건축물,경상남도 양산시 금오5길 42 (동면 금산리),,,231.8,135.54,58.47,348.6,150.39,철근콘크리트구조,01000,"단독주택(다가구),제2종근린생활시설",3,0
경상남도 양산시 동면 금산리 1445-18번지,48330,31027,0,1445,0018,일반건축물,경상남도 양산시 금오5길 44 (동면 금산리),,,211.9,126.84,59.86,342.43,161.6,철근콘크리트구조,01000,"제2종근린생활시설,단독주택(다가구)",3,0
경상남도 양산시 동면 금산리 1446-1번지,48330,31027,0,1446,0001,일반건축물,경상남도 양산시 금오3길 26-1 (동면 금산리),,,195.1,116.64,59.78,321.76,164.92,철근콘크리트구조,01000,"단독주택(다가구),제2종근린생활시설",3,0
경상남도 양산시 동면 금산리 1446-2번지,48330,31027,0,1446,0002,일반건축물,경상남도 양산시 금오3길 26 (동면 금산리),,,198.1,118.75,59.94,338.1,170.67,철근콘크리트구조,01000,"단독주택(다가구),제2종근린생활시설",3,0
경상남도 양산시 동면 금산리 1446-3번지,48330,31027,0,1446,0003,일반건축물,경상남도 양산시 금오3길 24-1 (동면 금산리),,,198.1,117.34,59.23,336.49,169.86,철근콘크리트구조,01000,"단독주택, 제2종근린생활시설",3,0
경상남도 양산시 동면 금산리 1446-4번지,48330,31027,0,1446,0004,일반건축물,경상남도 양산시 금오3길 24 (동면 금산리),,,197.1,118.15,59.94,349.64,177.39,철근콘크리트구조,01000,"단독주택(다가구),제2종근린생활시설",3,0
경상남도 양산시 동면 금산리 1446-5번지,48330,31027,0,1446,0005,일반건축물,경상남도 양산시 금오3길 22-1 (동면 금산리),,,197.1,118.08,59.91,343.98,174.52,철근콘크리트구조,01000,"단독주택(다가구),제1종근린생활시설",3,0
경상남도 양산시 동면 금산리 1446-6번지,48330,31027,0,1446,0006,일반건축물,경상남도 양산시 금오3길 22 (동면 금산리),,1동,197.1,118.13,59.93,321.74,163.24,철근콘크리트구조,01000,단독주택 및 제1종근린생활시설,3,0
경상남도 양산시 동면 금산리 1446-7번지,48330,31027,0,1446,0007,일반건축물,경상남도 양산시 금오3길 20 (동면 금산리),,제1동,197.1,115.26,58.4779,332.24,168.5642,철근콘크리트구조,01000,단독주택,3,0
경상남도 양산시 동면 금산리 1446-11번지,48330,31027,0,1446,0011,일반건축물,경상남도 양산시 금오3길 14-1 (동면 금산리),플러스빌,,218.1,126,57.77,361.65,165.82,철근콘크리트구조,01000,"단독주택(다가구),제1종근린생활시설",3,0
경상남도 양산시 동면 금산리 1446-13번지,48330,31027,0,1446,0013,일반건축물,경상남도 양산시 금오3길 12-1 (동면 금산리),남양빌라,,220.1,131.76,59.86,381.42,173.29,철근콘크리트구조,01000,"단독주택(다가구),제1종근린생활시설",3,0
경상남도 양산시 동면 금산리 1446-14번지,48330,31027,0,1446,0014,일반건축물,경상남도 양산시 금오3길 12 (동면 금산리),,1동,219,131.08,59.85,379.75,173.4,철근콘크리트구조,01000,단독주택 및 제2종근린생활시설,3,0
경상남도 양산시 동면 금산리 1446-15번지,48330,31027,0,1446,0015,일반건축물,경상남도 양산시 금오3길 10 (동면 금산리),,,219,130.65,59.66,376.98,172.14,철근콘크리트구조,01000,단독주택,3,0
경상남도 양산시 동면 금산리 1446-18번지,48330,31027,0,1446,0018,일반건축물,경상남도 양산시 금오3길 6 (동면 금산리),,,219.1,131.25,59.9,323.88,147.82,철근콘크리트구조,01000,"제1종근린생활시설,단독주택(다가구)",3,0
경상남도 양산시 동면 금산리 1446-19번지,48330,31027,0,1446,0019,일반건축물,경상남도 양산시 금오3길 4 (동면 금산리),,,219.1,131.35,59.95,372.67,170.09,철근콘크리트구조,01000,"단독주택(다가구),제1종근린생활시설",3,0
경상남도 양산시 동면 금산리 1446-20번지,48330,31027,0,1446,0020,일반건축물,경상남도 양산시 금오2길 15 (동면 금산리),,,281,168.32,59.9,456.2,162.35,철근콘크리트구조,01000,단독주택,3,0
경상남도 양산시 동면 금산리 1446-21번지,48330,31027,0,1446,0021,일반건축물,경상남도 양산시 금오2길 17 (동면 금산리),,,244,144.9,59.39,434.7,178.16,철근콘크리트구조,01000,"단독주택, 제1ㆍ2종근린생활시설",3,0
경상남도 양산시 동면 금산리 1446-23번지,48330,31027,0,1446,0023,일반건축물,경상남도 양산시 금오2길 21 (동면 금산리),,1동,218.1,130.25,59.72,368.94,169.16,철근콘크리트구조,01000,단독주택 및 제2종근린생활시설,3,0
경상남도 양산시 동면 금산리 1446-24번지,48330,31027,0,1446,0024,일반건축물,경상남도 양산시 금오2길 21-1 (동면 금산리),,,218.2,130.15,59.65,345.64,158.41,철근콘크리트구조,01000,단독주택 및 제1종근린생활시설,3,0
경상남도 양산시 동면 금산리 1446-26번지,48330,31027,0,1446,0026,일반건축물,경상남도 양산시 금오2길 25 (동면 금산리),,,218.1,129.6,59.42,362.14,166.04,철근콘크리트구조,01000,"단독주택,제2종근린생활시설",3,0
경상남도 양산시 동면 금산리 1446-27번지,48330,31027,0,1446,0027,일반건축물,경상남도 양산시 금오2길 27 (동면 금산리),,,224.1,133.37,59.51,374.44,167.09,철근콘크리트구조,01000,"단독주택(다가구),제2종근린생활시설",3,0
경상남도 양산시 동면 금산리 1446-29번지,48330,31027,0,1446,0029,일반건축물,경상남도 양산시 금오5길 9 (동면 금산리),,,202.6,121.48,59.96,329.2,162.49,철근콘크리트구조,01000,"제1종근린생활시설,단독주택(다가구)",3,0
경상남도 양산시 동면 금산리 1446-30번지,48330,31027,0,1446,0030,일반건축물,경상남도 양산시 금오2길 31 (동면 금산리),,,208.6,124.08,59.48,365.31,175.12,철근콘크리트구조,01000,"단독주택(다가구),제2종근린생활시설",3,0
경상남도 양산시 동면 금산리 1446-31번지,48330,31027,0,1446,0031,일반건축물,경상남도 양산시 금오5길 5-1 (동면 금산리),,,207.6,123.5,59.49,347.31,167.3,철근콘크리트구조,01000,"제1종근린생활시설,단독주택(다가구)",3,0
경상남도 양산시 동면 금산리 1446-32번지,48330,31027,0,1446,0032,일반건축물,경상남도 양산시 금오5길 5 (동면 금산리),,,199.6,118.85,59.54,326.05,163.35,철근콘크리트구조,01000,"단독주택(다가구),제1종근린생활시설",3,0
경상남도 양산시 동면 금산리 1447-2번지,48330,31027,0,1447,0002,일반건축물,경상남도 양산시 금오6길 11 (동면 금산리),,,708.8,355.71,50.18,622.91,87.88,일반철골구조,04000,제2종근린생활시설,2,0
경상남도 양산시 동면 금산리 1447-3번지,48330,31027,0,1447,0003,일반건축물,경상남도 양산시 금오6길 9 (동면 금산리),,제1동,708.9,419.72,59.21,650.12,91.71,일반철골구조,04000,제2종근린생활시설,3,0
경상남도 양산시 동면 금산리 1447-4번지,48330,31027,0,1447,0004,일반건축물,경상남도 양산시 금오6길 7 (동면 금산리),금산사우나,,708.8,422.46,59.6,1697.83,218.47,철근콘크리트구조,03000,"제1,2종근린생활시설,단독주택",5,1
경상남도 양산시 동면 금산리 1447-5번지,48330,31027,0,1447,0005,일반건축물,경상남도 양산시 금오6길 5 (동면 금산리),,,708.8,216.15,30.5,352.45,49.72,일반철골구조,04000,제2종근린생활시설,2,0
경상남도 양산시 동면 금산리 1448-1번지,48330,31027,0,1448,0001,일반건축물,경상남도 양산시 금오5길 34-34 (동면 금산리),,,208.1,124.2,59.68,318.47,153.04,철근콘크리트구조,01000,"다가구주택, 제2종근린생활시설",3,0
경상남도 양산시 동면 금산리 1448-2번지,48330,31027,0,1448,0002,일반건축물,경상남도 양산시 금오5길 4-19 (동면 금산리),,,210.1,125.73,59.84,349.11,166.16,철근콘크리트구조,01000,"제2종근린생활시설,단독주택(다가구)",3,0
경상남도 양산시 동면 금산리 1448-4번지,48330,31027,0,1448,0004,일반건축물,경상남도 양산시 금오5길 4-13 (동면 금산리),,,209.2,123.8,59.18,353.33,168.9,철근콘크리트구조,01000,단독주택 및 제2종근린생활시설,3,0
경상남도 양산시 동면 금산리 1448-5번지,48330,31027,0,1448,0005,일반건축물,경상남도 양산시 금오5길 4-11 (동면 금산리),,,209.1,124.62,59.6,367.16,175.59,철근콘크리트구조,01000,"단독주택(다가구), 제2종근린생활시설",3,0
경상남도 양산시 동면 금산리 1448-6번지,48330,31027,0,1448,0006,일반건축물,경상남도 양산시 금오5길 4-9 (동면 금산리),,,209.1,124.72,59.65,368.24,176.11,철근콘크리트구조,01000,"단독주택(다가구),제2종근린생활시설",3,0
경상남도 양산시 동면 금산리 1448-7번지,48330,31027,0,1448,0007,일반건축물,경상남도 양산시 금오5길 4-7 (동면 금산리),,,209.1,125.1,59.83,352.17,168.42,철근콘크리트구조,01000,"단독주택,제1종근린생활시설",3,0
경상남도 양산시 동면 금산리 1448-8번지,48330,31027,0,1448,0008,일반건축물,경상남도 양산시 금오5길 4-5 (동면 금산리),,,209.3,125.49,59.96,343.25,164,철근콘크리트구조,01000,단독주택 및 제2종근린생활시설,3,0
경상남도 양산시 동면 금산리 1448-9번지,48330,31027,0,1448,0009,일반건축물,경상남도 양산시 금오5길 6 (동면 금산리),1,,203.3,121.49,59.76,318.1,156.47,철근콘크리트구조,01000,"단독주택,제2종근린생활시설",3,0
경상남도 양산시 동면 금산리 1448-10번지,48330,31027,0,1448,0010,일반건축물,경상남도 양산시 금오5길 8 (동면 금산리),,,203,120.99,59.6,294.14,144.9,철근콘크리트구조,01000,"제1종근린생활시설,단독주택(다가구)",3,0
경상남도 양산시 동면 금산리 1448-12번지,48330,31027,0,1448,0012,일반건축물,경상남도 양산시 금오5길 8-8 (동면 금산리),,,209.2,124.05,59.3,330.03,157.76,철근콘크리트구조,01000,"단독주택,제2종근린생활시설",3,0
경상남도 양산시 동면 금산리 1448-13번지,48330,31027,0,1448,0013,일반건축물,경상남도 양산시 금오5길 8-10 (동면 금산리),,,209.1,123.75,59.1822,334.45,159.9474,철근콘크리트구조,01000,"단독주택(다가구),제2종근린생활시설",3,0
경상남도 양산시 동면 금산리 1448-14번지,48330,31027,0,1448,0014,일반건축물,경상남도 양산시 금오5길 8-14 (동면 금산리),,,209.1,123.75,59.18,361.75,173,철근콘크리트구조,01000,"단독주택(다가구),제2종근린생활시설",3,0
경상남도 양산시 동면 금산리 1448-15번지,48330,31027,0,1448,0015,일반건축물,경상남도 양산시 금오5길 8-16 (동면 금산리),,제1동,209.2,125,59.75,335.26,160.26,철근콘크리트구조,01000,단독주택,3,0
경상남도 양산시 동면 금산리 1448-16번지,48330,31027,0,1448,0016,일반건축물,경상남도 양산시 금오5길 8-18 (동면 금산리),,,209.1,124.9,59.73,354.68,169.62,철근콘크리트구조,01000,"단독주택(다가구), 제2종근린생활시설",3,0
경상남도 양산시 동면 금산리 1448-17번지,48330,31027,0,1448,0017,일반건축물,경상남도 양산시 금오5길 8-20 (동면 금산리),,,209.2,125.1,59.8,336.94,161.06,철근콘크리트구조,01000,"단독주택, 제1종근린생활시설",3,0
경상남도 양산시 동면 금산리 1448-18번지,48330,31027,0,1448,0018,일반건축물,경상남도 양산시 금오5길 34-32 (동면 금산리),,,208.1,124.14,59.65,313.66,150.73,철근콘크리트구조,01000,"단독주택, 제2종근린생활시설",3,0
경상남도 양산시 동면 금산리 1449-1번지,48330,31027,0,1449,0001,일반건축물,경상남도 양산시 금오5길 8-23 (동면 금산리),,,213.6,127.88,59.87,314,147,철근콘크리트구조,01000,"제1종근린생활시설,단독주택(다가구)",3,0
경상남도 양산시 동면 금산리 1449-2번지,48330,31027,0,1449,0002,일반건축물,경상남도 양산시 금오5길 8-19 (동면 금산리),,제1동,215.6,129.03,59.85,376.74,174.74,철근콘크리트구조,01000,단독주택,3,0
경상남도 양산시 동면 금산리 1449-4번지,48330,31027,0,1449,0004,일반건축물,경상남도 양산시 금오5길 8-15 (동면 금산리),,,214.6,127.68,59.5,372.4,173.53,철근콘크리트구조,01000,"제1종근린생활시설,단독주택(다가구)",3,0
경상남도 양산시 동면 금산리 1449-5번지,48330,31027,0,1449,0005,일반건축물,경상남도 양산시 금오5길 8-11 (동면 금산리),,,214.6,128.05,59.67,353.15,164.56,철근콘크리트구조,01000,"단독주택(다가구),제2종근린생활시설",3,0
경상남도 양산시 동면 금산리 1449-7번지,48330,31027,0,1449,0007,일반건축물,경상남도 양산시 금오5길 8-7 (동면 금산리),,,214.5,128.61,59.96,357.98,166.89,철근콘크리트구조,01000,"단독주택(다가구),제2종근린생활시설",3,0
경상남도 양산시 동면 금산리 1449-8번지,48330,31027,0,1449,0008,일반건축물,경상남도 양산시 금오5길 8-5 (동면 금산리),,,214.6,127.62,59.47,358.76,167.18,철근콘크리트구조,01000,"단독주택,제2종근린생활시설",3,0
경상남도 양산시 동면 금산리 1449-9번지,48330,31027,0,1449,0009,일반건축물,경상남도 양산시 금오5길 10 (동면 금산리),,,208.6,124.67,59.77,348.56,167.09,철근콘크리트구조,01000,"단독주택(다가구),제2종근린생활시설",3,0
경상남도 양산시 동면 금산리 1449-11번지,48330,31027,0,1449,0011,일반건축물,경상남도 양산시 금오5길 14-2 (동면 금산리),니목건축,제1동,208.6,124.65,59.76,329.77,158.09,철근콘크리트구조,01000,단독주택,3,0
경상남도 양산시 동면 금산리 1449-12번지,48330,31027,0,1449,0012,일반건축물,경상남도 양산시 금오5길 14-6 (동면 금산리),,,214.6,127.28,59.31,325.81,151.82,철근콘크리트구조,01000,"제2종근린생활시설,단독주택(다가구)",3,0
경상남도 양산시 동면 금산리 1449-14번지,48330,31027,0,1449,0014,일반건축물,경상남도 양산시 금오5길 14-10 (동면 금산리),에스페란자,,214.6,128.36,59.81,377.27,175.8,철근콘크리트구조,01000,단독주택,3,0
경상남도 양산시 동면 금산리 1449-15번지,48330,31027,0,1449,0015,일반건축물,경상남도 양산시 금오5길 14-14 (동면 금산리),,제1동,214.7,128.1,59.6647,375.39,174.84,철근콘크리트구조,01000,단독주택,3,0
경상남도 양산시 동면 금산리 1449-16번지,48330,31027,0,1449,0016,일반건축물,경상남도 양산시 금오5길 14-16 (동면 금산리),,,214.6,126.92,59.14,364.05,169.64,철근콘크리트구조,01000,단독주택 및 제2종근린생활시설,3,0
경상남도 양산시 동면 금산리 1449-17번지,48330,31027,0,1449,0017,일반건축물,경상남도 양산시 금오5길 14-18 (동면 금산리),,,215.7,122.32,56.71,353.32,163.8,철근콘크리트구조,01000,"제2종근린생활시설,단독주택(다가구)",3,0
경상남도 양산시 동면 금산리 1449-18번지,48330,31027,0,1449,0018,일반건축물,경상남도 양산시 금오5길 14-20 (동면 금산리),,,215.7,129.38,59.98,373.33,173.08,철근콘크리트구조,01000,"담독주택(다가구), 제2종근린생활시설",3,0
경상남도 양산시 동면 금산리 1450-2번지,48330,31027,0,1450,0002,일반건축물,경상남도 양산시 금오5길 14-19 (동면 금산리),,,210.3,125.53,59.69,323.08,153.63,철근콘크리트구조,01000,"제2종근린생활시설,단독주택(다가구)",3,0
경상남도 양산시 동면 금산리 1450-3번지,48330,31027,0,1450,0003,일반건축물,경상남도 양산시 금오5길 14-17 (동면 금산리),,제1동,209.2,125.29,59.89,367.16,175.51,철근콘크리트구조,01000,단독주택,3,0
경상남도 양산시 동면 금산리 1450-4번지,48330,31027,0,1450,0004,일반건축물,경상남도 양산시 금오5길 14-15 (동면 금산리),,,209.1,123.76,59.19,352.24,168.46,철근콘크리트구조,01000,"단독주택(다가구),제2종근린생활시설",3,0
경상남도 양산시 동면 금산리 1450-5번지,48330,31027,0,1450,0005,일반건축물,경상남도 양산시 금오5길 14-11 (동면 금산리),,,209.2,124.62,59.57,367.16,175.51,철근콘크리트구조,01000,"단독주택(다가구),제1종근린생활시설",3,0
경상남도 양산시 동면 금산리 1450-6번지,48330,31027,0,1450,0006,일반건축물,경상남도 양산시 금오5길 14-9 (동면 금산리),,,209.2,124.72,59.62,358.36,171.3,철근콘크리트구조,01000,"단독주택(다가구),제2종근린생활시설",3,0
경상남도 양산시 동면 금산리 1450-7번지,48330,31027,0,1450,0007,일반건축물,경상남도 양산시 금오5길 14-7 (동면 금산리),,,209.1,124.6,59.59,369.35,176.64,철근콘크리트구조,01000,"단독주택(다가구),제2종근린생활시설",3,0
경상남도 양산시 동면 금산리 1450-8번지,48330,31027,0,1450,0008,일반건축물,경상남도 양산시 금오5길 14-5 (동면 금산리),,,209,124.6,59.62,326.01,155.99,철근콘크리트구조,01000,"단독주택(다가구),제2종근린생활시설",3,0
경상남도 양산시 동면 금산리 1450-9번지,48330,31027,0,1450,0009,일반건축물,경상남도 양산시 금오5길 14-1 (동면 금산리),,1동,203.1,120.11,59.14,323.2,159.13,철근콘크리트구조,01000,단독주택 및 제2종근린생활시설,3,0
경상남도 양산시 동면 금산리 1450-10번지,48330,31027,0,1450,0010,일반건축물,경상남도 양산시 금오5길 18-4 (동면 금산리),,,203,111.31,54.83,165.71,81.63,철근콘크리트구조,01000,단독주택,2,0
경상남도 양산시 동면 금산리 1450-11번지,48330,31027,0,1450,0011,일반건축물,경상남도 양산시 금오5길 18-6 (동면 금산리),,,209,124.74,59.68,362.72,173.55,철근콘크리트구조,01000,"단독주택(다가구),제2종근린생활시설",3,0
경상남도 양산시 동면 금산리 1450-12번지,48330,31027,0,1450,0012,일반건축물,경상남도 양산시 금오5길 18-8 (동면 금산리),,,209.1,124.63,59.6,356.72,170.6,철근콘크리트구조,01000,"단독주택(다가구), 제1종근린생활시설",3,0
경상남도 양산시 동면 금산리 1450-13번지,48330,31027,0,1450,0013,일반건축물,경상남도 양산시 금오5길 18-10 (동면 금산리),,,209.2,124.59,59.56,317.83,151.93,철근콘크리트구조,01000,"단독주택,제2종근린생활시설",3,0
경상남도 양산시 동면 금산리 1450-15번지,48330,31027,0,1450,0015,일반건축물,경상남도 양산시 금오5길 18-16 (동면 금산리),,제1동,209.2,125,59.75,335.26,160.26,철근콘크리트구조,01000,단독주택,3,0
경상남도 양산시 동면 금산리 1450-16번지,48330,31027,0,1450,0016,일반건축물,경상남도 양산시 금오5길 18-18 (동면 금산리),,,209.2,124.6,59.56,295.88,141.43,철근콘크리트구조,01000,"제2종근린생활시설,단독주택(다가구)",3,0
경상남도 양산시 동면 금산리 1450-17번지,48330,31027,0,1450,0017,일반건축물,경상남도 양산시 금오5길 18-20 (동면 금산리),,,209.3,125,59.72,336.63,160.84,철근콘크리트구조,01000,"단독주택(다가구),제2종근린생활시설",3,0
경상남도 양산시 동면 금산리 1451-5번지,48330,31027,0,1451,0005,일반건축물,경상남도 양산시 금오5길 18-13 (동면 금산리),,,204.9,122.4,59.74,354.88,173.2,철근콘크리트구조,01000,"단독주택(다가구),제2종근린생활시설",3,0
경상남도 양산시 동면 금산리 1451-6번지,48330,31027,0,1451,0006,일반건축물,경상남도 양산시 금오5길 18-11 (동면 금산리),,1동,203,121,59.61,358.38,176.54,철근콘크리트구조,01000,단독주택 및 제2종근린생활시설,3,0
경상남도 양산시 동면 금산리 1451-7번지,48330,31027,0,1451,0007,일반건축물,경상남도 양산시 금오5길 18-9 (동면 금산리),,주1동,201,120.06,59.73,342.24,170.27,철근콘크리트구조,01000,단독주택,3,0
경상남도 양산시 동면 금산리 1451-9번지,48330,31027,0,1451,0009,일반건축물,경상남도 양산시 금오5길 18-5 (동면 금산리),,,196.8,117.97,59.94,334.29,169.86,철근콘크리트구조,01000,"단독주택(다가구),제2종근린생활시설",3,0
경상남도 양산시 동면 금산리 1451-10번지,48330,31027,0,1451,0010,일반건축물,경상남도 양산시 금오5길 18 (동면 금산리),,,195.8,117.41,59.96,318.4,162.61,철근콘크리트구조,01000,"단독주택(다가구),제1종근린생활시설",3,0
경상남도 양산시 동면 금산리 1451-11번지,48330,31027,0,1451,0011,일반건축물,경상남도 양산시 금오5길 20 (동면 금산리),,,202,120.16,59.49,311.87,154.39,철근콘크리트구조,01000,"단독주택(다가구),제2종근린생활시설",3,0
경상남도 양산시 동면 금산리 1451-13번지,48330,31027,0,1451,0013,일반건축물,경상남도 양산시 금오5길 24-1 (동면 금산리),,,201,120,59.7,344.8,171.54,철근콘크리트구조,01000,"단독주택(다가구),제2종근린생활시설",3,0
경상남도 양산시 동면 금산리 1451-14번지,48330,31027,0,1451,0014,일반건축물,경상남도 양산시 금오5길 26 (동면 금산리),,,200.8,119.62,59.57,341.24,169.94,철근콘크리트구조,01000,"단독주택(다가구),제2종근린생활시설",3,0
경상남도 양산시 동면 금산리 1451-15번지,48330,31027,0,1451,0015,일반건축물,경상남도 양산시 금오5길 26-1 (동면 금산리),,,200.8,117.6,58.57,101.43,50.51,철근콘크리트구조,01000,단독주택,1,0
경상남도 양산시 동면 금산리 1451-16번지,48330,31027,0,1451,0016,일반건축물,경상남도 양산시 금오5길 28 (동면 금산리),,,200.8,119.58,59.55,274.02,136.46,철근콘크리트구조,01000,"단독주택(다가구),제2종근린생활시설",3,0
경상남도 양산시 동면 금산리 1451-17번지,48330,31027,0,1451,0017,일반건축물,경상남도 양산시 금오5길 28-1 (동면 금산리),,,200.9,119.97,59.72,325.92,162.23,철근콘크리트구조,01000,"단독주택, 제2종근린생활시설",3,0
경상남도 양산시 동면 금산리 1451-18번지,48330,31027,0,1451,0018,일반건축물,경상남도 양산시 금오5길 30 (동면 금산리),,,200.8,119.77,59.65,323.34,161.03,철근콘크리트구조,01000,"제1종근린생활시설,단독주택(다가구)",3,0
경상남도 양산시 동면 금산리 1451-19번지,48330,31027,0,1451,0019,일반건축물,경상남도 양산시 금오5길 32 (동면 금산리),,,200.8,119.86,59.69,329.21,163.95,철근콘크리트구조,01000,"단독주택, 제2종근린생활시설",3,0
경상남도 양산시 동면 금산리 1452-2번지,48330,31027,0,1452,0002,일반건축물,경상남도 양산시 금오2길 24 (동면 금산리),양산인공지능고등학교,,17104,6981.88,40.82,19905.53,116.38,철근콘크리트구조,10000,교육연구시설(고등학교),4,0
경상남도 양산시 동면 금산리 1452-2번지,48330,31027,0,1452,0002,일반건축물,경상남도 양산시 금오2길 24 (동면 금산리),지킴이실,1,17104,7.2,0.0420954,7.2,0.0420954,철근콘크리트구조,10000,교육연구시설(고등학교),1,0
경상남도 양산시 동면 금산리 1453-1번지,48330,31027,0,1453,0001,일반건축물,경상남도 양산시 금오8길 14 (동면 금산리),,,210.6,125.03,59.37,351.46,166.89,철근콘크리트구조,01000,"단독주택(다가구),제1종근린생활시설",3,0
경상남도 양산시 동면 금산리 1453-2번지,48330,31027,0,1453,0002,일반건축물,경상남도 양산시 금오4길 13-46 (동면 금산리),,,197.7,118.02,59.7,348.39,176.22,철근콘크리트구조,01000,"단독주택(다가구),제2종근린생활시설",3,0
경상남도 양산시 동면 금산리 1453-3번지,48330,31027,0,1453,0003,일반건축물,경상남도 양산시 금오4길 13-42 (동면 금산리),,,197.9,118.65,59.95,344.33,173.99,철근콘크리트구조,01000,"단독주택,제2종근린생활시설",3,0
경상남도 양산시 동면 금산리 1453-4번지,48330,31027,0,1453,0004,일반건축물,경상남도 양산시 금오4길 13-40 (동면 금산리),,,197.8,118.58,59.95,342.89,173.35,철근콘크리트구조,01000,"제2종근린생활시설,단독주택(다가구)",3,0
경상남도 양산시 동면 금산리 1453-5번지,48330,31027,0,1453,0005,일반건축물,경상남도 양산시 금오4길 13-36 (동면 금산리),,,197.8,117.5,59.4,218.44,110.43,철근콘크리트구조,01000,"단독주택, 제1종근린생활시설",2,0
경상남도 양산시 동면 금산리 1453-6번지,48330,31027,0,1453,0006,일반건축물,경상남도 양산시 금오4길 13-32 (동면 금산리),,,197.7,118.13,59.75,343.14,173.57,철근콘크리트구조,01000,"단독주택(다가구),제2종근린생활시설",3,0
경상남도 양산시 동면 금산리 1453-7번지,48330,31027,0,1453,0007,일반건축물,경상남도 양산시 금오4길 13-30 (동면 금산리),,,197.8,117.7,59.5,321.95,162.77,철근콘크리트구조,01000,단독주택 및 제2종근린생활시설,3,0
경상남도 양산시 동면 금산리 1453-8번지,48330,31027,0,1453,0008,일반건축물,경상남도 양산시 금오4길 13-28 (동면 금산리),,,230.7,137.98,59.81,337.15,146.14,철근콘크리트구조,01000,"단독주택, 제2종근린생활시설",3,0
경상남도 양산시 동면 금산리 1453-9번지,48330,31027,0,1453,0009,일반건축물,경상남도 양산시 금오8길 18-22 (동면 금산리),,,228.6,136.87,59.87,367.5,160.76,철근콘크리트구조,01000,"단독주택(다가구),제1종근린생활시설",3,0
경상남도 양산시 동면 금산리 1453-11번지,48330,31027,0,1453,0011,일반건축물,경상남도 양산시 금오8길 18-16 (동면 금산리),,,196.8,116.99,59.45,334.86,170.15,철근콘크리트구조,01000,"단독주택(다가구),제2종근린생활시설",3,0
경상남도 양산시 동면 금산리 1453-12번지,48330,31027,0,1453,0012,일반건축물,경상남도 양산시 금오8길 18-14 (동면 금산리),,,196.9,117.82,59.84,319.08,162.05,철근콘크리트구조,01000,"단독주택, 제2종근린생활시설",3,0
경상남도 양산시 동면 금산리 1453-14번지,48330,31027,0,1453,0014,일반건축물,경상남도 양산시 금오8길 18-8 (동면 금산리),공간하우스,,196.8,117.56,59.74,316.33,160.74,철근콘크리트구조,01000,"단독주택(다가구),제1종근린생활시설",3,0
경상남도 양산시 동면 금산리 1453-15번지,48330,31027,0,1453,0015,일반건축물,경상남도 양산시 금오8길 18-6 (동면 금산리),,,196.7,117.7,59.84,306.04,155.59,철근콘크리트구조,01000,"단독주택,제2종근린생활시설",3,0
경상남도 양산시 동면 금산리 1453-16번지,48330,31027,0,1453,0016,일반건축물,경상남도 양산시 금오8길 16 (동면 금산리),동암재,,209.8,125.71,59.92,309.55,147.55,철근콘크리트구조,01000,"단독주택(다가구),제1종근린생활시설",3,0
경상남도 양산시 동면 금산리 1454-1번지,48330,31027,0,1454,0001,일반건축물,경상남도 양산시 금오8길 18 (동면 금산리),,,205,122.76,59.88,330.63,161.28,철근콘크리트구조,01000,"단독주택(다가구),제2종근린생활시설",3,0
경상남도 양산시 동면 금산리 1454-2번지,48330,31027,0,1454,0002,일반건축물,경상남도 양산시 금오8길 20 (동면 금산리),,,208.1,124.02,59.6,360.37,173.17,철근콘크리트구조,01000,단독주택,3,0
경상남도 양산시 동면 금산리 1454-3번지,48330,31027,0,1454,0003,일반건축물,경상남도 양산시 금오8길 22 (동면 금산리),,,208,123.51,59.38,345.6,166.15,철근콘크리트구조,01000,"단독주택(다가구),제2종근린생활시설",3,0
경상남도 양산시 동면 금산리 1454-4번지,48330,31027,0,1454,0004,일반건축물,경상남도 양산시 금오8길 22-1 (동면 금산리),,,208,123.95,59.59,343.14,164.97,철근콘크리트구조,01000,단독주택 및 제1종근린생활시설,3,0
경상남도 양산시 동면 금산리 1454-5번지,48330,31027,0,1454,0005,일반건축물,경상남도 양산시 금오8길 24 (동면 금산리),,,207.9,123.84,59.57,340.44,163.75,철근콘크리트구조,01000,"단독주택,제2종근린생활시설",3,0
경상남도 양산시 동면 금산리 1454-6번지,48330,31027,0,1454,0006,일반건축물,경상남도 양산시 금오8길 26 (동면 금산리),,제1동,242.1,138.02,57.01,399.75,165.12,철근콘크리트구조,01000,단독주택,3,0
경상남도 양산시 동면 금산리 1454-8번지,48330,31027,0,1454,0008,일반건축물,경상남도 양산시 금오4길 43 (동면 금산리),,,233.1,134.615,57.75,336.05,144.17,철근콘크리트구조,01000,"제2종근린생활시설,단독주택(다가구)",3,0
경상남도 양산시 동면 금산리 1454-9번지,48330,31027,0,1454,0009,일반건축물,경상남도 양산시 금오4길 43-6 (동면 금산리),,,231,138.34,59.89,377.61,163.47,철근콘크리트구조,01000,"단독주택, 제2종근린생활시설",3,0
경상남도 양산시 동면 금산리 1454-10번지,48330,31027,0,1454,0010,일반건축물,경상남도 양산시 금오4길 43-8 (동면 금산리),,,224,133.73,59.7,386.66,172.62,철근콘크리트구조,01000,"단독주택(다가구),제2종근린생활시설",3,0
경상남도 양산시 동면 금산리 1454-11번지,48330,31027,0,1454,0011,일반건축물,경상남도 양산시 금오4길 43-10 (동면 금산리),,,224.1,134.36,59.96,390.79,174.38,철근콘크리트구조,01000,"단독주택(다가구),제2종근린생활시설",3,0
경상남도 양산시 동면 금산리 1454-12번지,48330,31027,0,1454,0012,일반건축물,경상남도 양산시 금오4길 43-14 (동면 금산리),,1동,223.9,132.38,59.12,349.2,155.96,철근콘크리트구조,01000,"단독주택(다가구),제1종근린생활시설",3,0
경상남도 양산시 동면 금산리 1454-13번지,48330,31027,0,1454,0013,일반건축물,경상남도 양산시 금오4길 43-16 (동면 금산리),,제1동,224,134.16,59.89,363.87,162.44,철근콘크리트구조,01000,단독주택,3,0
경상남도 양산시 동면 금산리 1455-1번지,48330,31027,0,1455,0001,일반건축물,경상남도 양산시 금오8길 18-11 (동면 금산리),,,211.7,126.6,59.8,339.07,160.17,철근콘크리트구조,01000,단독주택,3,0
경상남도 양산시 동면 금산리 1455-2번지,48330,31027,0,1455,0002,일반건축물,경상남도 양산시 금오4길 43-15 (동면 금산리),,,213.8,127.04,59.42,349,163.24,철근콘크리트구조,01000,"제2종근린생활시설,단독주택(다가구)",3,0
경상남도 양산시 동면 금산리 1455-3번지,48330,31027,0,1455,0003,일반건축물,경상남도 양산시 금오4길 43-11 (동면 금산리),,,214,127.57,59.61,352.52,164.73,철근콘크리트구조,01000,"단독주택,제2종근린생활시설",3,0
경상남도 양산시 동면 금산리 1455-4번지,48330,31027,0,1455,0004,일반건축물,경상남도 양산시 금오4길 43-9 (동면 금산리),,제1동,247,147.84,59.85,439.81,178.06,철근콘크리트구조,01000,단독주택,3,0
경상남도 양산시 동면 금산리 1455-5번지,48330,31027,0,1455,0005,일반건축물,경상남도 양산시 금오4길 43-7 (동면 금산리),,,246.8,147,59.56,436.8,176.99,철근콘크리트구조,01000,단독주택,3,0
경상남도 양산시 동면 금산리 1455-7번지,48330,31027,0,1455,0007,일반건축물,경상남도 양산시 금오4길 39 (동면 금산리),,,237.9,141.71,59.57,342.03,143.77,철근콘크리트구조,01000,단독주택,3,0
경상남도 양산시 동면 금산리 1455-8번지,48330,31027,0,1455,0008,일반건축물,경상남도 양산시 금오4길 37-6 (동면 금산리),,,238.9,140.97,59.01,394.44,165.11,철근콘크리트구조,01000,"단독주택, 제2종근린생활시설",3,0
경상남도 양산시 동면 금산리 1455-10번지,48330,31027,0,1455,0010,일반건축물,경상남도 양산시 금오4길 37-10 (동면 금산리),,,227.8,136.48,59.91,332.28,145.86,철근콘크리트구조,01000,단독주택,3,0
경상남도 양산시 동면 금산리 1455-12번지,48330,31027,0,1455,0012,일반건축물,경상남도 양산시 금오8길 18-13 (동면 금산리),,,224.8,133.76,59.5,344.98,153.46,철근콘크리트구조,01000,"제1종근린생활시설,단독주택(다가구)",3,0
경상남도 양산시 동면 금산리 1456-2번지,48330,31027,0,1456,0002,일반건축물,경상남도 양산시 금오4길 37-11 (동면 금산리),,,197.9,117,59.12,316.22,159.79,철근콘크리트구조,01000,"단독주택, 제2종근린생활시설",3,0
경상남도 양산시 동면 금산리 1456-3번지,48330,31027,0,1456,0003,일반건축물,경상남도 양산시 금오4길 37-9 (동면 금산리),,,197.7,117.68,59.52,325.02,164.4,철근콘크리트구조,01000,단독주택,3,0
경상남도 양산시 동면 금산리 1456-4번지,48330,31027,0,1456,0004,일반건축물,경상남도 양산시 금오4길 37-7 (동면 금산리),,,197.7,117.76,59.57,343.04,173.52,철근콘크리트구조,01000,"단독주택(다가구),제2종근린생활시설",3,0
경상남도 양산시 동면 금산리 1456-5번지,48330,31027,0,1456,0005,일반건축물,경상남도 양산시 금오4길 37-5 (동면 금산리),,,198.7,119.03,59.9,330.69,166.43,철근콘크리트구조,01000,"제1종근린생활시설,단독주택(다가구)",3,0
경상남도 양산시 동면 금산리 1456-8번지,48330,31027,0,1456,0008,일반건축물,경상남도 양산시 금오4길 33-4 (동면 금산리),,,191.7,114.38,59.67,309.22,161.3,철근콘크리트구조,01000,"단독주택(다가구),제1종근린생활시설",3,0
경상남도 양산시 동면 금산리 1456-9번지,48330,31027,0,1456,0009,일반건축물,경상남도 양산시 금오4길 33-8 (동면 금산리),,,191.8,114.68,59.79,317.82,165.7,철근콘크리트구조,01000,"단독주택(다가구),제2종근린생활시설",3,0
경상남도 양산시 동면 금산리 1456-10번지,48330,31027,0,1456,0010,일반건축물,경상남도 양산시 금오4길 33-10 (동면 금산리),,,191.8,114.91,59.91,315.26,164.37,철근콘크리트구조,01000,"단독주택, 제2종근린생활시설",3,0
경상남도 양산시 동면 금산리 1456-11번지,48330,31027,0,1456,0011,일반건축물,경상남도 양산시 금오4길 33-12 (동면 금산리),0,제1동,191.6,114.84,59.94,326.88,170.61,철근콘크리트구조,01000,단독주택,3,0
경상남도 양산시 동면 금산리 1456-12번지,48330,31027,0,1456,0012,일반건축물,경상남도 양산시 금오8길 18-23 (동면 금산리),,,191.7,114.98,59.98,308.19,160.77,철근콘크리트구조,01000,"단독주택,제2종근린생활시설",3,0
경상남도 양산시 동면 금산리 1457-4번지,48330,31027,0,1457,0004,일반건축물,경상남도 양산시 금오4길 33-13 (동면 금산리),,,200.7,119.88,59.73,332.38,165.61,철근콘크리트구조,01000,"단독주택,제2종근린생활시설",3,0
경상남도 양산시 동면 금산리 1457-8번지,48330,31027,0,1457,0008,일반건축물,경상남도 양산시 금오4길 33 (동면 금산리),,,222.6,132.72,59.62,341.02,153.2,철근콘크리트구조,01000,"단독주택,제2종근린생활시설",3,0
경상남도 양산시 동면 금산리 1457-11번지,48330,31027,0,1457,0011,일반건축물,경상남도 양산시 금오4길 29-8 (동면 금산리),,,197.8,118.14,59.73,335.88,169.81,철근콘크리트구조,01000,단독주택,3,0
경상남도 양산시 동면 금산리 1457-12번지,48330,31027,0,1457,0012,일반건축물,경상남도 양산시 금오4길 29-10 (동면 금산리),,,197.8,118.32,59.82,335.94,169.84,철근콘크리트구조,01000,"단독주택,제1종근린생활시설",3,0
경상남도 양산시 동면 금산리 1457-14번지,48330,31027,0,1457,0014,일반건축물,경상남도 양산시 금오4길 29-16 (동면 금산리),,,197.6,118.37,59.9,337.96,171.03,철근콘크리트구조,01000,"단독주택,제2종근린생활시설",3,0
경상남도 양산시 동면 금산리 1457-15번지,48330,31027,0,1457,0015,일반건축물,경상남도 양산시 금오4길 29-18 (동면 금산리),,,197.7,117.74,59.55,318.61,161.16,철근콘크리트구조,01000,"단독주택(다가구), 제2종근린생활시설",3,0
경상남도 양산시 동면 금산리 1457-16번지,48330,31027,0,1457,0016,일반건축물,경상남도 양산시 금오4길 13-20 (동면 금산리),,,197.7,118.32,59.85,316.14,159.91,철근콘크리트구조,01000,"단독주택(다가구),제2종근린생활시설",3,0
경상남도 양산시 동면 금산리 1458-2번지,48330,31027,0,1458,0002,일반건축물,경상남도 양산시 금오4길 29-15 (동면 금산리),,,204.6,122.46,59.85,358.28,175.11,철근콘크리트구조,01000,"단독주택, 제2종근린생활시설",3,0
경상남도 양산시 동면 금산리 1458-4번지,48330,31027,0,1458,0004,일반건축물,경상남도 양산시 금오4길 29-11 (동면 금산리),,,203.7,121.77,59.78,354.2,173.88,철근콘크리트구조,01000,"단독주택(다가구),제2종근린생활시설",3,0
경상남도 양산시 동면 금산리 1458-6번지,48330,31027,0,1458,0006,일반건축물,경상남도 양산시 금오4길 29-5 (동면 금산리),,,203.6,121.26,59.56,357.75,175.71,철근콘크리트구조,01000,"단독주택,제2종근린생활시설",3,0
경상남도 양산시 동면 금산리 1458-7번지,48330,31027,0,1458,0007,일반건축물,경상남도 양산시 금오4길 29 (동면 금산리),,,261.4,156.46,59.85,434.37,166.17,철근콘크리트구조,01000,"단독주택(다가구),제2종근린생활시설",3,0
경상남도 양산시 동면 금산리 1458-8번지,48330,31027,0,1458,0008,일반건축물,경상남도 양산시 금오4길 25 (동면 금산리),,1동,208.7,125.04,59.91,340.86,163.33,철근콘크리트구조,01000,단독주택 및 제2종근린생활시설,3,0
경상남도 양산시 동면 금산리 1458-9번지,48330,31027,0,1458,0009,일반건축물,경상남도 양산시 금오4길 25-4 (동면 금산리),,,216.8,129.84,59.89,372.38,171.76,철근콘크리트구조,01000,"단독주택, 제2종근린생활시설",3,0
경상남도 양산시 동면 금산리 1458-10번지,48330,31027,0,1458,0010,일반건축물,경상남도 양산시 금오4길 25-8 (동면 금산리),,,216.6,129.6,59.83,367.1,169.48,철근콘크리트구조,01000,"단독주택(다가구), 제1종근린생활시설",3,0
경상남도 양산시 동면 금산리 1458-11번지,48330,31027,0,1458,0011,일반건축물,경상남도 양산시 금오4길 25-10 (동면 금산리),,,216.6,129.43,59.76,375.17,173.21,철근콘크리트구조,01000,"단독주택, 제2종근린생활시설",3,0
경상남도 양산시 동면 금산리 1458-13번지,48330,31027,0,1458,0013,일반건축물,경상남도 양산시 금오4길 25-16 (동면 금산리),,1동,216.6,118.65,54.78,221.55,102.29,철근콘크리트구조,01000,단독주택 및 제2종근린생활시설,2,0
경상남도 양산시 동면 금산리 1458-14번지,48330,31027,0,1458,0014,일반건축물,경상남도 양산시 금오4길 13-12 (동면 금산리),,,220.5,131.82,59.78,342.88,155.5,철근콘크리트구조,01000,"단독주택,제2종근린생활시설",3,0
경상남도 양산시 동면 금산리 1459-1번지,48330,31027,0,1459,0001,일반건축물,경상남도 양산시 금오4길 13-6 (동면 금산리),,,221.4,132.74,59.95,348.43,157.38,철근콘크리트구조,01000,"단독주택,제2종근린생활시설",3,0
경상남도 양산시 동면 금산리 1459-3번지,48330,31027,0,1459,0003,일반건축물,경상남도 양산시 금오4길 25-9 (동면 금산리),,,225.3,133,59.03,371.02,164.68,철근콘크리트구조,01000,"제1종근린생활시설,단독주택(다가구)",3,0
경상남도 양산시 동면 금산리 1459-4번지,48330,31027,0,1459,0004,일반건축물,경상남도 양산시 금오4길 25-7 (동면 금산리),,1동,223.3,133.4,59.74,332.6,148.95,철근콘크리트구조,01000,"단독주택, 제2종근린생활시설",3,0
경상남도 양산시 동면 금산리 1459-5번지,48330,31027,0,1459,0005,일반건축물,경상남도 양산시 금오4길 23 (동면 금산리),,,237.2,141.28,59.56,399.17,168.28,철근콘크리트구조,01000,"단독주택,제1종근린생활시설",3,0
경상남도 양산시 동면 금산리 1459-6번지,48330,31027,0,1459,0006,일반건축물,경상남도 양산시 금오4길 21 (동면 금산리),,,192.5,79.8,41.45,79.8,41.45,철근콘크리트구조,01000,단독주택,1,0
경상남도 양산시 동면 금산리 1459-7번지,48330,31027,0,1459,0007,일반건축물,경상남도 양산시 금오4길 19 (동면 금산리),,,223.4,132.69,59.4,360.24,161.25,철근콘크리트구조,01000,단독주택 및 제2종근린생활시설,3,0
경상남도 양산시 동면 금산리 1459-8번지,48330,31027,0,1459,0008,일반건축물,경상남도 양산시 금오4길 17 (동면 금산리),,,225.3,135.07,59.95,343.7,152.55,철근콘크리트구조,01000,"단독주택, 제2종근린생활시설",3,0
경상남도 양산시 동면 금산리 1459-9번지,48330,31027,0,1459,0009,일반건축물,경상남도 양산시 금오4길 15 (동면 금산리),금화빌,,227.4,134.99,59.36,346,152.15,철근콘크리트구조,01000,"단독주택(다가구),제1종근린생활시설",3,0
경상남도 양산시 동면 금산리 1459-10번지,48330,31027,0,1459,0010,일반건축물,경상남도 양산시 금오4길 13 (동면 금산리),,,223.4,130.9,58.59,329.04,147.29,철근콘크리트구조,01000,단독주택 및 제2종근린생활시설,3,0
경상남도 양산시 동면 금산리 1460-1번지,48330,31027,0,1460,0001,일반건축물,경상남도 양산시 금오2길 12 (동면 금산리),,,1000.1,384.6,38.46,715.8,71.57,철근콘크리트구조,06000,종교시설,3,0
경상남도 양산시 동면 금산리 1460-2번지,48330,31027,0,1460,0002,일반건축물,경상남도 양산시 금오4길 6 (동면 금산리),,제1동,24664.2,104.4,0.42,98.74,0.4,철근콘크리트구조,11000,노유자시설,1,0
경상남도 양산시 동면 금산리 1460-3번지,48330,31027,0,1460,0003,일반건축물,경상남도 양산시 양산대로 407 (동면 금산리),,,1000,326.55,32.66,413.63,41.36,일반철골구조,19000,위험물저장및처리시설,2,0
경상남도 양산시 동면 금산리 1460-3번지,48330,31027,0,1460,0003,일반건축물,경상남도 양산시 양산대로 407 (동면 금산리),,,0,40.5,0,40.5,0,일반철골구조,19000,위험물저장및처리시설,1,0
경상남도 양산시 동면 금산리 1480번지,48330,31027,0,1480,0000,일반건축물,경상남도 양산시 양산대로 377 (동면 금산리),농산물종합유통센터,,0,321.88,0,321.88,0,철골철근콘크리트구조,07000,판매시설(쓰레기처리실),1,0
경상남도 양산시 동면 금산리 1480번지,48330,31027,0,1480,0000,일반건축물,경상남도 양산시 양산대로 377 (동면 금산리),농산물종합유통센터,,0,18.743,0,18.743,0,철골철근콘크리트구조,07000,판매시설(경비실1),1,0
경상남도 양산시 동면 금산리 1480번지,48330,31027,0,1480,0000,일반건축물,경상남도 양산시 양산대로 377 (동면 금산리),농산물종합유통센터,,36727,11577.864,31.524121,12854.214,33.143365,철골철근콘크리트구조,07000,판매시설,2,1
경상남도 양산시 동면 금산리 1480번지,48330,31027,0,1480,0000,일반건축물,경상남도 양산시 양산대로 377 (동면 금산리),농산물종합유통센터,,0,18.743,0,18.743,0,철골철근콘크리트구조,07000,판매시설(경비실2),1,0
경상남도 양산시 동면 금산리 1480번지,48330,31027,0,1480,0000,일반건축물,경상남도 양산시 양산대로 377 (동면 금산리),농산물종합유통센터,,0,606.003,0,606.003,0,철골철근콘크리트구조,07000,판매시설(옥외배송장),1,0
경상남도 양산시 동면 금산리 1481번지,48330,31027,0,1481,0000,일반건축물,경상남도 양산시 수질정화공원로 40 (동면 금산리),,,9731.9,3774.29,38.78,4970.29,51.07,일반철골구조,07000,판매시설,3,0
경상남도 양산시 동면 금산리 1481번지,48330,31027,0,1481,0000,일반건축물,경상남도 양산시 수질정화공원로 40 (동면 금산리),,,9731.9,11.52,0.1184,11.52,0.1184,경량철골구조,07000,판매시설,1,0
경상남도 양산시 동면 금산리 1481번지,48330,31027,0,1481,0000,일반건축물,경상남도 양산시 수질정화공원로 40 (동면 금산리),,,9731.9,195,2.0037,195,2.0037,일반철골구조,07000,판매시설,1,0
