대지위치,시군구코드,법정동코드,대지구분코드,번,지,대장종류코드명,도로명대지위치,건물명,동명칭,대지면적(㎡),건축면적(㎡),건폐율(%),연면적(㎡),용적률(%),구조코드명,주용도코드,기타용도,지상층수,지하층수
경상남도 양산시 하북면 순지리 1-4번지,48330,34021,0,0001,0004,일반건축물,경상남도 양산시 삼동로 53 (하북면 순지리),,,351,59.5,16.95,59.5,16.95,경량철골구조,03000,제1종근린생활시설,1,0
경상남도 양산시 하북면 순지리 1-6번지,48330,34021,0,0001,0006,일반건축물,경상남도 양산시 삼동로 56-3 (하북면 순지리),,,4171,759,18.2,759,18.2,일반철골구조,17000,공장,1,0
경상남도 양산시 하북면 순지리 2번지,48330,34021,0,0002,0000,일반건축물,경상남도 양산시 삼동로 44 (하북면 순지리),양산 인증중고차센터(상품화B동),보안동,16936,45.38,0.2679,45.38,0.268,일반철골구조,20000,자동차관련시설,1,0
경상남도 양산시 하북면 순지리 2번지,48330,34021,0,0002,0000,일반건축물,경상남도 양산시 삼동로 44 (하북면 순지리),양산 인증중고차센터(상품화A동),,16936,3325.96,19.64,7113.93,38.07,일반철골구조,20000,자동차관련시설,2,1
경상남도 양산시 하북면 순지리 2-18번지,48330,34021,0,0002,0018,일반건축물,경상남도 양산시 삼동로 43 (하북면 순지리),,B동,0,108,0,165.54,0,철근콘크리트구조,19000,"위험물저장및처리시설(사무실,숙소)",2,0
경상남도 양산시 하북면 순지리 2-18번지,48330,34021,0,0002,0018,일반건축물,경상남도 양산시 삼동로 43 (하북면 순지리),,A동,0,84,0,84,0,일반철골구조,19000,위험물저장및처리시설,1,0
경상남도 양산시 하북면 순지리 2-45번지,48330,34021,0,0002,0045,일반건축물,경상남도 양산시 삼동로 47 (하북면 순지리),,,984,69.06,7.02,69.06,7.02,블록구조,20000,자동차관련시설,1,0
경상남도 양산시 하북면 순지리 2-46번지,48330,34021,0,0002,0046,일반건축물,경상남도 양산시 삼동로 49 (하북면 순지리),,,685,69.06,10.08,69.06,10.08,블록구조,03000,제1종근린생활시설,1,0
경상남도 양산시 하북면 순지리 8-4번지,48330,34021,0,0008,0004,일반건축물,경상남도 양산시 삼동로 56-40 (하북면 순지리),양산인증중고차센터(상품화B동),,7187,1432.51,19.932,2961.13,31.327,일반철골구조,20000,자동차관련시설,2,1
경상남도 양산시 하북면 순지리 9번지,48330,34021,0,0009,0000,일반건축물,경상남도 양산시 삼동로 56-46 (하북면 순지리),,,4439,29.96,0.68,29.96,0.68,벽돌구조,03000,창고,1,0
경상남도 양산시 하북면 순지리 10번지,48330,34021,0,0010,0000,일반건축물,경상남도 양산시 삼동로 56-46 (하북면 순지리),,,2873,1283.8,44.69,1535.8,53.46,철근콘크리트구조,17000,공장,2,0
경상남도 양산시 하북면 순지리 10-1번지,48330,34021,0,0010,0001,일반건축물,경상남도 양산시 삼동로 56-74 (하북면 순지리),,,3681,461.31,12.53,461.31,12.53,일반철골구조,30000,자원순환관련시설,1,0
경상남도 양산시 하북면 순지리 13번지,48330,34021,0,0013,0000,일반건축물,경상남도 양산시 삼동로 56-72 (하북면 순지리),,,1475,372,25.22,432,29.29,일반철골구조,17000,공장,2,0
경상남도 양산시 하북면 순지리 16-2번지,48330,34021,0,0016,0002,일반건축물,경상남도 양산시 신평남부길 78-130 (하북면 순지리),,,2651,87.93,0.52,73.91,0.44,철근콘크리트구조,03000,근린생활시설,1,0
경상남도 양산시 하북면 순지리 17번지,48330,34021,0,0017,0000,일반건축물,경상남도 양산시 신평남부길 78-130 (하북면 순지리),,,0,1802.54,0,2347.84,0,철근콘크리트구조,Z8000,"기숙사, 사무실, 제2종근린생활시설, 창고",2,1
경상남도 양산시 하북면 순지리 17번지,48330,34021,0,0017,0000,일반건축물,경상남도 양산시 신평남부길 78-130 (하북면 순지리),통도파인이스트 골프연습장,골프연습장,0,606.11,0,1823.39,0,일반철골구조,13000,운동시설,3,1
경상남도 양산시 하북면 순지리 19-5번지,48330,34021,0,0019,0005,일반건축물,경상남도 양산시 신평남부길 78-136 (하북면 순지리),,,830,165.48,19.94,146.2,17.61,경량철골구조,01000,단독주택,1,0
경상남도 양산시 하북면 순지리 19-6번지,48330,34021,0,0019,0006,일반건축물,경상남도 양산시 신평남부길 78-138 (하북면 순지리),,제1동,560,110.7,19.77,177.42,31.68,철근콘크리트구조,01000,단독주택,2,0
경상남도 양산시 하북면 순지리 19-8번지,48330,34021,0,0019,0008,일반건축물,경상남도 양산시 신평남부길 78-134 (하북면 순지리),,제1동,585,113.4,19.38,177.42,30.33,철근콘크리트구조,01000,단독주택,2,0
경상남도 양산시 하북면 순지리 21번지,48330,34021,0,0021,0000,일반건축물,,,,30221,25,0.08,25,0.08,기타강구조,03000,경비실,1,0
경상남도 양산시 하북면 순지리 30-4번지,48330,34021,0,0030,0004,일반건축물,경상남도 양산시 신평남부길 78-130 (하북면 순지리),,,9670,73.5,0.25,60,0.21,철근콘크리트구조,03000,근린생활시설,1,0
경상남도 양산시 하북면 순지리 39번지,48330,34021,0,0039,0000,일반건축물,경상남도 양산시 신평남부길 76-71 (하북면 순지리),,,0,0,0,74.06,0,블록구조,04000,요사체,1,0
경상남도 양산시 하북면 순지리 48번지,48330,34021,0,0048,0000,일반건축물,경상남도 양산시 신평남부길 65 (하북면 순지리),,,829,162.75,19.63,162.75,19.63,경량철골구조,04000,제2종근린생활시설,1,0
경상남도 양산시 하북면 순지리 48-1번지,48330,34021,0,0048,0001,일반건축물,경상남도 양산시 신평남부길 63 (하북면 순지리),,,959,190,19.81,270.85,28.24,철근콘크리트구조,04000,제2종근린생활시설,2,0
경상남도 양산시 하북면 순지리 48-2번지,48330,34021,0,0048,0002,일반건축물,경상남도 양산시 신평남부길 57 (하북면 순지리),,,948,184.5,19.46,184.5,19.46,경량철골구조,04000,제2종근린생활시설,1,0
경상남도 양산시 하북면 순지리 61-1번지,48330,34021,0,0061,0001,일반건축물,경상남도 양산시 신평남부길 82 (하북면 순지리),A동,,0,139.72,0,139.72,0,경량철골구조,04000,근린생활시설,1,0
경상남도 양산시 하북면 순지리 61-1번지,48330,34021,0,0061,0001,일반건축물,경상남도 양산시 신평남부길 82 (하북면 순지리),B동,,0,12,0,12,0,벽돌구조,03000,근린생활시설,1,0
경상남도 양산시 하북면 순지리 69-4번지,48330,34021,0,0069,0004,일반건축물,경상남도 양산시 신평남부길 106 (하북면 순지리),,,1299,168,12.93,168,12.93,철근콘크리트구조,03000,제1종근린생활시설,1,0
경상남도 양산시 하북면 순지리 78-4번지,48330,34021,0,0078,0004,일반건축물,경상남도 양산시 신평남부길 110 (하북면 순지리),,주건축물제1동,4421,281.87,6.38,402.47,9.1,철근콘크리트구조,04000,제2종근린생활시설,2,0
경상남도 양산시 하북면 순지리 78-4번지,48330,34021,0,0078,0004,일반건축물,경상남도 양산시 신평남부길 110 (하북면 순지리),,주건축물제2동,4421,173.75,3.93,226.17,5.12,철근콘크리트구조,04000,제2종근린생활시설,2,0
경상남도 양산시 하북면 순지리 82-6번지,48330,34021,0,0082,0006,일반건축물,경상남도 양산시 신평남부길 100 (하북면 순지리),,,0,99,0,198,0,철근콘크리트구조,03000,"주택,근린생활시설",2,0
경상남도 양산시 하북면 순지리 82-7번지,48330,34021,0,0082,0007,일반건축물,경상남도 양산시 신평남부길 98 (하북면 순지리),,,0,120.1,0,235.6,0,철근콘크리트구조,03000,"주택,근린생화시설",2,0
경상남도 양산시 하북면 순지리 82-8번지,48330,34021,0,0082,0008,일반건축물,경상남도 양산시 신평남부길 96 (하북면 순지리),,,463,135.7,29.31,197.3,42.61,경량철골구조,04000,제2종근린생활시설,2,0
경상남도 양산시 하북면 순지리 82-9번지,48330,34021,0,0082,0009,일반건축물,경상남도 양산시 신평남부길 102 (하북면 순지리),,,2063,459.36,22.27,699.36,34.1,조적구조,04000,근린생활시설(일반음식점),2,0
경상남도 양산시 하북면 순지리 86-6번지,48330,34021,0,0086,0006,일반건축물,경상남도 양산시 양산대로 2586 (하북면 순지리),,,959,189.33,19.74,769.47,58.1,철근콘크리트구조,04000,"근린생활시설, 주택",3,1
경상남도 양산시 하북면 순지리 86-7번지,48330,34021,0,0086,0007,일반건축물,경상남도 양산시 양산대로 2584 (하북면 순지리),,,955,186.92,19.57,371.92,38.95,벽돌구조,04000,"근린생활시설,주택",2,0
경상남도 양산시 하북면 순지리 87-3번지,48330,34021,0,0087,0003,일반건축물,경상남도 양산시 양산대로 2575 (하북면 순지리),,,222.84,86.74,38.93,86.74,38.93,조적구조,04000,근린생활시설(일반음식점),1,0
경상남도 양산시 하북면 순지리 89-5번지,48330,34021,0,0089,0005,일반건축물,,,휴게소3동,0,54.49,0,54.49,0,강파이프구조,27000,관광휴게시설,1,0
경상남도 양산시 하북면 순지리 89-5번지,48330,34021,0,0089,0005,일반건축물,,,휴게소5동,0,78.44,0,78.44,0,철근콘크리트구조,27000,관광휴게시설,1,0
경상남도 양산시 하북면 순지리 89-5번지,48330,34021,0,0089,0005,일반건축물,,,휴게소2동,0,6.25,0,6.25,0,일반목구조,27000,관광휴게시설,1,0
경상남도 양산시 하북면 순지리 89-5번지,48330,34021,0,0089,0005,일반건축물,,,휴게소4동,0,11.52,0,11.52,0,경량철골구조,27000,관광휴게시설,1,0
경상남도 양산시 하북면 순지리 89-5번지,48330,34021,0,0089,0005,일반건축물,경상남도 양산시 경부고속도로 31-1 (하북면 순지리),,휴게소1동,0,2037.86,0,2582.48,0,철근콘크리트구조,27000,관광휴게시설,2,1
경상남도 양산시 하북면 순지리 89-5번지,48330,34021,0,0089,0005,일반건축물,경상남도 양산시 경부고속도로 31-1 (하북면 순지리),,주유소,0,297.75,0,306.48,0,철근콘크리트구조,19000,위험물저장및처리시설,1,1
경상남도 양산시 하북면 순지리 89-5번지,48330,34021,0,0089,0005,일반건축물,,,부설창고,20861,37.4,0.18,37.4,0.18,경량철골구조,27000,관광휴게시설,1,0
경상남도 양산시 하북면 순지리 99-1번지,48330,34021,0,0099,0001,일반건축물,,,캐노피동,0,176.25,0,176.25,0,일반철골구조,19000,위험물저장및처리시설,1,0
경상남도 양산시 하북면 순지리 99-1번지,48330,34021,0,0099,0001,일반건축물,,,기계실동,0,32.64,0,32.64,0,철근콘크리트구조,19000,위험물저장및처리시설,1,0
경상남도 양산시 하북면 순지리 99-1번지,48330,34021,0,0099,0001,일반건축물,,,영업실동,0,51.15,0,51.15,0,철근콘크리트구조,19000,위험물저장및처리시설,1,0
경상남도 양산시 하북면 순지리 99-5번지,48330,34021,0,0099,0005,일반건축물,경상남도 양산시 경부고속도로 32 (하북면 순지리),통도사 하이패스 전용영업소 장비실,,550,21.44,3.9,21.44,3.9,강파이프구조,03000,제1종근린생활시설,1,0
경상남도 양산시 하북면 순지리 105-1번지,48330,34021,0,0105,0001,일반건축물,,,,135.37,53.5,39.52,53.5,39.52,블록구조,18000,창고및관리사,1,0
경상남도 양산시 하북면 순지리 118-3번지,48330,34021,0,0118,0003,일반건축물,경상남도 양산시 경부고속도로 31 (하북면 순지리),통도사 하이패스전용 영업소,,1058.4,85.23,8.05,85.23,8.05,철근콘크리트구조,03000,제1종근린생활시설,1,0
경상남도 양산시 하북면 순지리 121번지,48330,34021,0,0121,0000,일반건축물,경상남도 양산시 양산대로 2583 (하북면 순지리),B.C.D동,,0,33.02,0,33.02,0,블록구조,04000,근린생활시설(수리점),1,0
경상남도 양산시 하북면 순지리 121번지,48330,34021,0,0121,0000,일반건축물,경상남도 양산시 양산대로 2583 (하북면 순지리),E동,,0,49.28,0,49.28,0,경량철골구조,04000,근린생활시설(수리점),1,0
경상남도 양산시 하북면 순지리 121번지,48330,34021,0,0121,0000,일반건축물,경상남도 양산시 양산대로 2583 (하북면 순지리),A동,,0,83.28,0,143.28,0,벽돌구조,01000,주택,2,0
경상남도 양산시 하북면 순지리 123-1번지,48330,34021,0,0123,0001,일반건축물,경상남도 양산시 양산대로 2591-1 (하북면 순지리),,,0,86.34,0,86.34,0,벽돌구조,01000,주택,1,0
경상남도 양산시 하북면 순지리 123-4번지,48330,34021,0,0123,0004,일반건축물,경상남도 양산시 양산대로 2591-4 (하북면 순지리),,,0,73.87,0,73.87,0,벽돌구조,01000,주택,1,0
경상남도 양산시 하북면 순지리 123-5번지,48330,34021,0,0123,0005,일반건축물,경상남도 양산시 양산대로 2591-5 (하북면 순지리),,,0,72.04,0,72.04,0,블록구조,01000,주택,1,0
경상남도 양산시 하북면 순지리 123-6번지,48330,34021,0,0123,0006,일반건축물,경상남도 양산시 양산대로 2591-2 (하북면 순지리),,,0,86.65,0,86.65,0,벽돌구조,01000,주택,1,0
경상남도 양산시 하북면 순지리 123-7번지,48330,34021,0,0123,0007,일반건축물,경상남도 양산시 양산대로 2591-3 (하북면 순지리),,,0,80.45,0,80.45,0,벽돌구조,01000,주택,1,0
경상남도 양산시 하북면 순지리 123-10번지,48330,34021,0,0123,0010,일반건축물,경상남도 양산시 양산대로 2591 (하북면 순지리),,,0,71.58,0,71.58,0,벽돌구조,01000,주택,1,0
경상남도 양산시 하북면 순지리 124-1번지,48330,34021,0,0124,0001,일반건축물,경상남도 양산시 통도1길 21 (하북면 순지리),,1동,319,185.5,58.15,484.86,151.99,철근콘크리트구조,01000,단독주택,4,0
경상남도 양산시 하북면 순지리 124-2번지,48330,34021,0,0124,0002,일반건축물,경상남도 양산시 동부마을길 8-1 (하북면 순지리),,,0,82.64,0,152.06,0,철근콘크리트구조,01000,주택,2,0
경상남도 양산시 하북면 순지리 124-4번지,48330,34021,0,0124,0004,일반건축물,,,,0,0,0,64.8,0,철근콘크리트구조,01000,주택,1,0
경상남도 양산시 하북면 순지리 124-5번지,48330,34021,0,0124,0005,일반건축물,경상남도 양산시 동부마을길 8 (하북면 순지리),,,0,69.86,0,99.91,0,철근콘크리트구조,01000,주택,2,0
경상남도 양산시 하북면 순지리 124-7번지,48330,34021,0,0124,0007,일반건축물,경상남도 양산시 신평1길 15 (하북면 순지리),,,0,91.82,0,91.82,0,벽돌구조,01000,주택,1,0
경상남도 양산시 하북면 순지리 124-8번지,48330,34021,0,0124,0008,일반건축물,경상남도 양산시 신평2길 26 (하북면 순지리),,,0,103.24,0,157.535,0,철근콘크리트구조,01000,주택,2,0
경상남도 양산시 하북면 순지리 124-11번지,48330,34021,0,0124,0011,일반건축물,경상남도 양산시 신평1길 20 (하북면 순지리),,,358,211.99,59.22,527.91,147.46,철근콘크리트구조,11000,교육연구및복지시설,3,0
경상남도 양산시 하북면 순지리 124-12번지,48330,34021,0,0124,0012,일반건축물,,,,0,232.4,0,232.4,0,경량철골구조,03000,근린생활시설,1,0
경상남도 양산시 하북면 순지리 124-14번지,48330,34021,0,0124,0014,일반건축물,경상남도 양산시 동부마을길 28-1 (하북면 순지리),,,0,69.86,0,99.61,0,블록구조,01000,주택,2,0
경상남도 양산시 하북면 순지리 124-15번지,48330,34021,0,0124,0015,일반건축물,경상남도 양산시 동부마을길 28 (하북면 순지리),,,0,60.47,0,60.47,0,블록구조,01000,주택,1,0
경상남도 양산시 하북면 순지리 124-17번지,48330,34021,0,0124,0017,일반건축물,경상남도 양산시 동부마을길 26 (하북면 순지리),,,0,83,0,83,0,블록구조,01000,주택,1,0
경상남도 양산시 하북면 순지리 124-21번지,48330,34021,0,0124,0021,일반건축물,경상남도 양산시 동부마을길 16 (하북면 순지리),,,0,52.8,0,52.8,0,블록구조,01000,주택,1,0
경상남도 양산시 하북면 순지리 124-22번지,48330,34021,0,0124,0022,일반건축물,경상남도 양산시 동부마을길 14 (하북면 순지리),,,0,69.42,0,99.17,0,철근콘크리트구조,01000,주택,2,0
경상남도 양산시 하북면 순지리 124-23번지,48330,34021,0,0124,0023,일반건축물,경상남도 양산시 동부마을길 12 (하북면 순지리),,,0,66.6,0,96.35,0,철근콘크리트구조,01000,주택,2,0
경상남도 양산시 하북면 순지리 124-30번지,48330,34021,0,0124,0030,일반건축물,경상남도 양산시 동부마을길 24 (하북면 순지리),,,172,88.76,51.6,194.64,93.94,철근콘크리트구조,01000,단독주택,2,1
경상남도 양산시 하북면 순지리 125-5번지,48330,34021,0,0125,0005,일반건축물,경상남도 양산시 신평로 46 (하북면 순지리),,,15355,4116.26,26.81,12433.8,80.98,철근콘크리트구조,10000,교육연구및복지시설,5,0
경상남도 양산시 하북면 순지리 125-17번지,48330,34021,0,0125,0017,일반건축물,경상남도 양산시 통도1길 14-2 (하북면 순지리),,,0,69.86,0,102.91,0,철근콘크리트구조,01000,주택,2,0
경상남도 양산시 하북면 순지리 125-45번지,48330,34021,0,0125,0045,일반건축물,경상남도 양산시 신평2길 21 (하북면 순지리),,,0,78.86,0,131.72,0,철근콘크리트구조,04000,"근린생활시설, 주택",2,0
경상남도 양산시 하북면 순지리 125-46번지,48330,34021,0,0125,0046,일반건축물,경상남도 양산시 신평2길 23 (하북면 순지리),,,0,63.54,0,63.54,0,블록구조,01000,주택,1,0
경상남도 양산시 하북면 순지리 125-47번지,48330,34021,0,0125,0047,일반건축물,경상남도 양산시 신평2길 25 (하북면 순지리),,,0,72,0,108.6,0,철근콘크리트구조,01000,주택,2,0
경상남도 양산시 하북면 순지리 125-48번지,48330,34021,0,0125,0048,일반건축물,경상남도 양산시 신평2길 13-6 (하북면 순지리),,,341.75,135.72,39.71,227.74,66.64,철근콘크리트구조,01000,주택,2,0
경상남도 양산시 하북면 순지리 125-58번지,48330,34021,0,0125,0058,일반건축물,경상남도 양산시 신평2길 13-20 (하북면 순지리),,,0,78.3,0,126.38,0,벽돌구조,01000,주택,2,0
경상남도 양산시 하북면 순지리 125-60번지,48330,34021,0,0125,0060,일반건축물,경상남도 양산시 신평2길 13-18 (하북면 순지리),,,0,65.99,0,65.99,0,벽돌구조,01000,주택,1,0
경상남도 양산시 하북면 순지리 125-61번지,48330,34021,0,0125,0061,일반건축물,경상남도 양산시 신평2길 17 (하북면 순지리),,,0,46,0,46,0,블록구조,01000,주택,1,0
경상남도 양산시 하북면 순지리 125-63번지,48330,34021,0,0125,0063,일반건축물,경상남도 양산시 신평2길 27 (하북면 순지리),,,0,68.34,0,68.34,0,철근콘크리트구조,01000,주택,1,0
경상남도 양산시 하북면 순지리 125-65번지,48330,34021,0,0125,0065,일반건축물,경상남도 양산시 신평2길 13-17 (하북면 순지리),,,0,0,0,53.98,0,블록구조,01000,주택,1,0
경상남도 양산시 하북면 순지리 125-67번지,48330,34021,0,0125,0067,일반건축물,경상남도 양산시 신평2길 13-13 (하북면 순지리),,,0,57.79,0,95.25,0,철근콘크리트구조,01000,주택,2,0
경상남도 양산시 하북면 순지리 125-69번지,48330,34021,0,0125,0069,일반건축물,경상남도 양산시 신평2길 13-11 (하북면 순지리),,,129,39.78,30.84,39.78,30.84,경량철골구조,01000,단독주택,1,0
경상남도 양산시 하북면 순지리 125-71번지,48330,34021,0,0125,0071,일반건축물,,,,0,0,0,66,0,블록구조,01000,주택,2,0
경상남도 양산시 하북면 순지리 125-80번지,48330,34021,0,0125,0080,일반건축물,경상남도 양산시 신평2길 15 (하북면 순지리),,,390,116.24,29.81,163.06,41.81,철근콘크리트구조,01000,단독주택,2,0
경상남도 양산시 하북면 순지리 125-90번지,48330,34021,0,0125,0090,일반건축물,경상남도 양산시 신평2길 13-15 (하북면 순지리),,,0,0,0,49.58,0,블록구조,01000,주택,1,0
경상남도 양산시 하북면 순지리 125-92번지,48330,34021,0,0125,0092,일반건축물,경상남도 양산시 신평2길 13-16 (하북면 순지리),,,0,82.38,0,82.38,0,벽돌구조,01000,주택,1,0
경상남도 양산시 하북면 순지리 125-93번지,48330,34021,0,0125,0093,일반건축물,경상남도 양산시 신평2길 13-14 (하북면 순지리),,,0,0,0,49.5,0,블록구조,01000,주택,1,0
경상남도 양산시 하북면 순지리 129-19번지,48330,34021,0,0129,0019,일반건축물,,,,0,53.4,0,53.4,0,블록구조,01000,주택,1,0
경상남도 양산시 하북면 순지리 132-10번지,48330,34021,0,0132,0010,일반건축물,경상남도 양산시 양산대로 2632 (하북면 순지리),,,0,170.04,0,170.04,0,경량철골구조,04000,제2종근린생활시설,1,0
경상남도 양산시 하북면 순지리 132-10번지,48330,34021,0,0132,0010,일반건축물,경상남도 양산시 양산대로 2632 (하북면 순지리),,,1637,97.2,5.94,92.88,5.67,철근콘크리트구조,03000,제2종근린생활시설,1,0
경상남도 양산시 하북면 순지리 134-1번지,48330,34021,0,0134,0001,일반건축물,경상남도 양산시 월평1길 24 (하북면 순지리),,,2817,559.17,19.85,1609.59,41.71,철근콘크리트구조,11000,노유자시설,3,1
경상남도 양산시 하북면 순지리 134-8번지,48330,34021,0,0134,0008,일반건축물,경상남도 양산시 양산대로 2634-1 (하북면 순지리),,제1동,1100,195,17.73,195,17.73,일반철골구조,04000,제2종근린생활시설,1,0
경상남도 양산시 하북면 순지리 134-15번지,48330,34021,0,0134,0015,일반건축물,경상남도 양산시 양산대로 2638 (하북면 순지리),,,757,126.4,16.7,126.4,16.7,경량철골구조,03000,"제2종근린생활시설, 자동차관련시설",1,0
경상남도 양산시 하북면 순지리 152-4번지,48330,34021,0,0152,0004,일반건축물,경상남도 양산시 삼동로 56-177 (하북면 순지리),,,750,142.12,18.95,133,17.73,철근콘크리트구조,18000,창고시설,1,0
경상남도 양산시 하북면 순지리 162-1번지,48330,34021,0,0162,0001,표제부,경상남도 양산시 통도1길 13 (하북면 순지리),중동연립,B동,0,277.4,0,878.44,0,철근콘크리트구조,02000,공동주택,3,1
경상남도 양산시 하북면 순지리 162-1번지,48330,34021,0,0162,0001,표제부,경상남도 양산시 통도1길 13 (하북면 순지리),중동연립,C동,0,270.92,0,882.96,0,철근콘크리트구조,02000,공동주택,3,1
경상남도 양산시 하북면 순지리 162-1번지,48330,34021,0,0162,0001,표제부,경상남도 양산시 통도1길 13 (하북면 순지리),중동연립,A동,0,307.54,0,970.66,0,철근콘크리트구조,02000,공동주택,3,1
경상남도 양산시 하북면 순지리 162-8번지,48330,34021,0,0162,0008,일반건축물,경상남도 양산시 양산대로 2606 (하북면 순지리),,,631,124.08,19.66,266.16,42.18,철근콘크리트구조,03000,제2종근린생활시설,3,0
경상남도 양산시 하북면 순지리 162-9번지,48330,34021,0,0162,0009,일반건축물,경상남도 양산시 동부마을길 3 (하북면 순지리),C동,,0,125.11,0,165.67,0,경량철골구조,03000,"자동차관련시설, 제2종근린생활시설",2,0
경상남도 양산시 하북면 순지리 162-9번지,48330,34021,0,0162,0009,일반건축물,경상남도 양산시 동부마을길 3-1 (하북면 순지리),A동,,0,57.6,0,115.2,0,경량철골구조,03000,제2종근린생활시설,2,0
경상남도 양산시 하북면 순지리 162-11번지,48330,34021,0,0162,0011,일반건축물,경상남도 양산시 동부마을길 5 (하북면 순지리),,,0,35.25,0,35.25,0,경량철골구조,03000,제2종근린생활시설,1,0
경상남도 양산시 하북면 순지리 162-11번지,48330,34021,0,0162,0011,일반건축물,경상남도 양산시 동부마을길 5 (하북면 순지리),,,0,156.54,0,246.65,0,벽돌구조,03000,제2종근린생활시설,2,0
경상남도 양산시 하북면 순지리 162-19번지,48330,34021,0,0162,0019,일반건축물,경상남도 양산시 동부마을길 7 (하북면 순지리),,,794,105.48,13.28,206.76,26.04,벽돌구조,01000,주택,2,0
경상남도 양산시 하북면 순지리 162-20번지,48330,34021,0,0162,0020,일반건축물,경상남도 양산시 동부마을길 7-2 (하북면 순지리),,,587,200,34.07,200,34.07,경량철골구조,18000,창고시설,1,0
경상남도 양산시 하북면 순지리 162-30번지,48330,34021,0,0162,0030,일반건축물,경상남도 양산시 동부마을길 7-1 (하북면 순지리),,,545,116.24,21.33,305.36,56.03,철근콘크리트구조,10000,"교육연구시설, 근린생활시설",3,0
경상남도 양산시 하북면 순지리 162-36번지,48330,34021,0,0162,0036,일반건축물,경상남도 양산시 양산대로 2600 (하북면 순지리),,,443,177.06,39.97,372.12,84,철근콘크리트구조,03000,제2종근린생활시설,3,0
경상남도 양산시 하북면 순지리 163번지,48330,34021,0,0163,0000,일반건축물,경상남도 양산시 통도1길 14 (하북면 순지리),,,0,99.65,0,181.76,0,벽돌구조,01000,주택,2,0
경상남도 양산시 하북면 순지리 166-6번지,48330,34021,0,0166,0006,일반건축물,경상남도 양산시 통도사로 17 (하북면 순지리),,,288,169.72,58.93,629.91,218.72,철근콘크리트구조,04000,"제1종근린생활시설,제2종근린생활시설,단독주택(다가구3)",4,0
경상남도 양산시 하북면 순지리 166-7번지,48330,34021,0,0166,0007,표제부,경상남도 양산시 통도사로 15 (하북면 순지리),통도빌리지,,501,277.54,55.4,1247.76,249.05,철근콘크리트구조,02000,"제1,2종근린생활시설, 공동주택(아파트)",6,0
경상남도 양산시 하북면 순지리 166-8번지,48330,34021,0,0166,0008,일반건축물,경상남도 양산시 통도사로 13-1 (하북면 순지리),,,340,168,49.41,262.16,77.11,철근콘크리트구조,03000,"제1종근린생활시설, 단독주택",2,0
경상남도 양산시 하북면 순지리 166-9번지,48330,34021,0,0166,0009,일반건축물,경상남도 양산시 통도사로 9 (하북면 순지리),,,1031,433.27,42.02,1236.04,119.89,철근콘크리트구조,03000,제2종근린생활시설,3,0
경상남도 양산시 하북면 순지리 166-9번지,48330,34021,0,0166,0009,일반건축물,경상남도 양산시 통도사로 9 (하북면 순지리),,나동,1031,82.36,7.99,82.36,7.99,경량철골구조,01000,단독주택(다가구),1,0
경상남도 양산시 하북면 순지리 166-10번지,48330,34021,0,0166,0010,일반건축물,경상남도 양산시 통도1길 4 (하북면 순지리),,,182,107.43,59.03,349.2,191.87,철근콘크리트구조,01000,단독주택,4,0
경상남도 양산시 하북면 순지리 166-12번지,48330,34021,0,0166,0012,일반건축물,경상남도 양산시 통도1길 12 (하북면 순지리),,,240,118.48,49.37,355.44,148.1,철근콘크리트구조,10000,교육연구시설,3,0
경상남도 양산시 하북면 순지리 166-13번지,48330,34021,0,0166,0013,표제부,경상남도 양산시 통도사로 5 (하북면 순지리),협진태양아파트,103동,0,13,0,2914.43,0,철근콘크리트구조,02000,공동주택,1,2
경상남도 양산시 하북면 순지리 166-13번지,48330,34021,0,0166,0013,표제부,경상남도 양산시 통도사로 5 (하북면 순지리),협진태양아파트,102동,0,78.369,0,137.171,0,철근콘크리트구조,02000,공동주택,2,0
경상남도 양산시 하북면 순지리 166-13번지,48330,34021,0,0166,0013,표제부,경상남도 양산시 통도사로 3 (하북면 순지리),협진태양아파트,105동,0,89.125,0,178.25,0,철근콘크리트구조,02000,공동주택,2,0
경상남도 양산시 하북면 순지리 166-13번지,48330,34021,0,0166,0013,표제부,경상남도 양산시 통도사로 5 (하북면 순지리),협진태양아파트,101동,0,1162.91,0,15385.235,0,철근콘크리트구조,02000,공동주택,17,1
경상남도 양산시 하북면 순지리 166-13번지,48330,34021,0,0166,0013,표제부,경상남도 양산시 통도사로 5 (하북면 순지리),협진태양아파트,104동,0,0,0,254.178,0,철근콘크리트구조,02000,공동주택,0,1
경상남도 양산시 하북면 순지리 166-33번지,48330,34021,0,0166,0033,일반건축물,경상남도 양산시 양산대로 2607 (하북면 순지리),,,220,116.56,52.98,374.64,170.29,철근콘크리트구조,01000,단독주택(다가구),4,0
경상남도 양산시 하북면 순지리 166-56번지,48330,34021,0,0166,0056,일반건축물,경상남도 양산시 통도1길 7 (하북면 순지리),A동,,233,118.4,50.82,350.88,150.59,철근콘크리트구조,01000,단독주택(다가구주택),3,0
경상남도 양산시 하북면 순지리 166-63번지,48330,34021,0,0166,0063,일반건축물,경상남도 양산시 통도사로 13 (하북면 순지리),,,398,193.72,49.67,193.32,48.57,벽돌구조,03000,"제2종근린생활시설, 단독주택",1,0
경상남도 양산시 하북면 순지리 166-65번지,48330,34021,0,0166,0065,일반건축물,경상남도 양산시 통도사로 7 (하북면 순지리),,,237,140.76,59.39,281.52,118.78,철근콘크리트구조,04000,"제2종근린생활시설,제1종근린생활시설",2,0
경상남도 양산시 하북면 순지리 166-69번지,48330,34021,0,0166,0069,일반건축물,경상남도 양산시 통도1길 11 (하북면 순지리),,,121,67.77,56.01,122.55,101.28,철근콘크리트구조,11000,노유자시설,2,0
경상남도 양산시 하북면 순지리 166-71번지,48330,34021,0,0166,0071,일반건축물,경상남도 양산시 통도1길 6 (하북면 순지리),,,182,108.09,59.39,267.81,147.15,철근콘크리트구조,04000,"제2종근린생활시설,단독주택",3,0
경상남도 양산시 하북면 순지리 166-72번지,48330,34021,0,0166,0072,일반건축물,경상남도 양산시 통도1길 9 (하북면 순지리),B동,,102,50.58,49.59,147.72,144.82,철근콘크리트구조,01000,단독주택(다가구주택),3,0
경상남도 양산시 하북면 순지리 170-5번지,48330,34021,0,0170,0005,일반건축물,경상남도 양산시 월평로 10 (하북면 순지리),,,953,190.46,19.99,190.46,19.99,철근콘크리트구조,04000,제2종근린생활시설,1,0
경상남도 양산시 하북면 순지리 170-7번지,48330,34021,0,0170,0007,일반건축물,경상남도 양산시 월평로 16 (하북면 순지리),,주1,0,251.16,0,398.68,0,철근콘크리트구조,04000,"제2종근린생활시설,단독주택",2,0
경상남도 양산시 하북면 순지리 170-7번지,48330,34021,0,0170,0007,일반건축물,경상남도 양산시 월평로 16 (하북면 순지리),,주3,0,42.92,0,42.92,0,경량철골구조,04000,제2종근린생활시설,1,0
경상남도 양산시 하북면 순지리 170-7번지,48330,34021,0,0170,0007,일반건축물,경상남도 양산시 월평로 16 (하북면 순지리),,주2,0,72.63,0,72.63,0,경량철골구조,04000,제2종근린생활시설,1,0
경상남도 양산시 하북면 순지리 172-2번지,48330,34021,0,0172,0002,일반건축물,경상남도 양산시 월평로 8 (하북면 순지리),,,5972,1180.42,19.77,5529.26,72.42,철근콘크리트구조,09000,요양병원,4,1
경상남도 양산시 하북면 순지리 172-4번지,48330,34021,0,0172,0004,일반건축물,경상남도 양산시 월평1길 16 (하북면 순지리),,,321,73.56,22.92,73.56,22.92,벽돌구조,01000,단독주택,1,0
경상남도 양산시 하북면 순지리 172-6번지,48330,34021,0,0172,0006,일반건축물,경상남도 양산시 월평1길 16-1 (하북면 순지리),,,321,73.56,22.92,73.56,22.92,벽돌구조,01000,단독주택,1,0
경상남도 양산시 하북면 순지리 172-8번지,48330,34021,0,0172,0008,일반건축물,경상남도 양산시 월평1길 16-2 (하북면 순지리),,,321,73.56,22.92,73.56,22.92,벽돌구조,01000,단독주택,1,0
경상남도 양산시 하북면 순지리 172-9번지,48330,34021,0,0172,0009,일반건축물,경상남도 양산시 월평1길 16-3 (하북면 순지리),,,0,11.2,0,11.2,0,경량철골구조,01000,단독주택,1,0
경상남도 양산시 하북면 순지리 172-9번지,48330,34021,0,0172,0009,일반건축물,경상남도 양산시 월평1길 16-3 (하북면 순지리),,,0,89.31,0,89.31,0,벽돌구조,01000,단독주택,1,0
경상남도 양산시 하북면 순지리 172-12번지,48330,34021,0,0172,0012,일반건축물,경상남도 양산시 월평1길 10 (하북면 순지리),하북119안전센터,,2334,463.34,19.85,970.18,41.57,철근콘크리트구조,03000,제1종근린생활시설(소방서),3,0
경상남도 양산시 하북면 순지리 176-3번지,48330,34021,0,0176,0003,일반건축물,경상남도 양산시 월평1길 26 (하북면 순지리),,,572,86.4,15.1,86.4,15.1,경량철골구조,04000,제2종근린생활시설,1,0
경상남도 양산시 하북면 순지리 178번지,48330,34021,0,0178,0000,일반건축물,경상남도 양산시 양산대로 2648 (하북면 순지리),주식회사 통도,2동,0,592.79,3.22,592.79,3,일반철골구조,04000,제2종근린생활시설,1,0
경상남도 양산시 하북면 순지리 178번지,48330,34021,0,0178,0000,일반건축물,경상남도 양산시 양산대로 2648 (하북면 순지리),주식회사 통도,7동,18390,4,0.02,4,0,경량철골구조,04000,제2종근린생활시설,1,0
경상남도 양산시 하북면 순지리 178번지,48330,34021,0,0178,0000,일반건축물,경상남도 양산시 양산대로 2648 (하북면 순지리),주식회사 통도,4동,18390,25.09,0.14,81.43,0,철근콘크리트구조,04000,제2종근린생활시설,2,1
경상남도 양산시 하북면 순지리 178번지,48330,34021,0,0178,0000,일반건축물,경상남도 양산시 양산대로 2648 (하북면 순지리),주식회사 통도,1동 통도암소갈비,0,908.21,0,1553.42,0,일반철골구조,04000,제2종근린생활시설,2,0
경상남도 양산시 하북면 순지리 178번지,48330,34021,0,0178,0000,일반건축물,경상남도 양산시 양산대로 2648 (하북면 순지리),주식회사 통도,5동,18390,22.4,0.12,22.4,0,경량철골구조,04000,제2종근린생활시설,1,0
경상남도 양산시 하북면 순지리 178번지,48330,34021,0,0178,0000,일반건축물,경상남도 양산시 양산대로 2648 (하북면 순지리),주식회사 통도,3동 순지카페,0,1009.44,5.49,1397.1,8,일반철골구조,04000,제2종근린생활시설,2,0
경상남도 양산시 하북면 순지리 178번지,48330,34021,0,0178,0000,일반건축물,경상남도 양산시 양산대로 2648 (하북면 순지리),주식회사 통도,6동,18390,14,0.08,14,0,경량철골구조,04000,제2종근린생활시설,1,0
경상남도 양산시 하북면 순지리 179-1번지,48330,34021,0,0179,0001,일반건축물,경상남도 양산시 양산대로 2664 (하북면 순지리),,,0,39.6,0,39.6,0,블록구조,01000,주택,1,0
경상남도 양산시 하북면 순지리 179-19번지,48330,34021,0,0179,0019,일반건축물,경상남도 양산시 양산대로 2634 (하북면 순지리),,1호동,3465,691.42,19.95,3746.93,79.33,철근콘크리트구조,09000,의료시설,4,1
경상남도 양산시 하북면 순지리 187-5번지,48330,34021,0,0187,0005,일반건축물,경상남도 양산시 삼동로 56-142 (하북면 순지리),,1동,0,105.6,0,105.6,0,강파이프구조,21000,동.식물관련시설,1,0
경상남도 양산시 하북면 순지리 187-5번지,48330,34021,0,0187,0005,일반건축물,경상남도 양산시 삼동로 56-142 (하북면 순지리),,2동,0,80,0,80,0,경량철골구조,21000,동.식물관련시설,1,0
경상남도 양산시 하북면 순지리 195-2번지,48330,34021,0,0195,0002,일반건축물,경상남도 양산시 삼동로 25 (하북면 순지리),,,630,119.22,18.92,238.44,37.85,철근콘크리트구조,01000,"제2종근린생활시설,단독주택",2,0
경상남도 양산시 하북면 순지리 207번지,48330,34021,0,0207,0000,일반건축물,경상남도 양산시 삼동로 12 (하북면 순지리),,,2583,424.68,16.44,393.7,15.24,철근콘크리트구조,03000,근린공공시설,1,0
경상남도 양산시 하북면 순지리 207-2번지,48330,34021,0,0207,0002,일반건축물,경상남도 양산시 삼동로 10 (하북면 순지리),,G동,0,225,0,225,0,일반철골구조,10000,교육연구및복지시설,1,0
경상남도 양산시 하북면 순지리 207-2번지,48330,34021,0,0207,0002,일반건축물,경상남도 양산시 삼동로 10 (하북면 순지리),,E동,0,198,0,198,0,철근콘크리트구조,10000,교육연구시설,1,0
경상남도 양산시 하북면 순지리 207-2번지,48330,34021,0,0207,0002,일반건축물,경상남도 양산시 삼동로 10 (하북면 순지리),,F동,0,443.21,0,1184.74,0,철근콘크리트구조,02000,공동주택(기숙사),4,0
경상남도 양산시 하북면 순지리 207-2번지,48330,34021,0,0207,0002,일반건축물,경상남도 양산시 삼동로 10 (하북면 순지리),,D동,0,228,0,228,0,철근콘크리트구조,10000,교육연구시설,1,0
경상남도 양산시 하북면 순지리 207-2번지,48330,34021,0,0207,0002,일반건축물,경상남도 양산시 삼동로 10 (하북면 순지리),,C동,0,337.13,0,980.63,0,철근콘크리트구조,10000,교육연구시설,3,0
경상남도 양산시 하북면 순지리 207-2번지,48330,34021,0,0207,0002,일반건축물,경상남도 양산시 삼동로 10 (하북면 순지리),,J동,0,433.5,0,778.8,0,철근콘크리트구조,02000,공동주택(기숙사),2,0
경상남도 양산시 하북면 순지리 207-2번지,48330,34021,0,0207,0002,일반건축물,경상남도 양산시 삼동로 10 (하북면 순지리),,I동,0,302.13,0,300,0,철근콘크리트구조,10000,교육연구시설,1,0
경상남도 양산시 하북면 순지리 207-3번지,48330,34021,0,0207,0003,일반건축물,경상남도 양산시 삼동로 24 (하북면 순지리),,4호동,0,580,0,859.6,0,철근콘크리트구조,03000,제1종근린생활시설,4,0
경상남도 양산시 하북면 순지리 207-3번지,48330,34021,0,0207,0003,일반건축물,경상남도 양산시 삼동로 24 (하북면 순지리),,1호동,0,970.2,0,1420.2,0,철근콘크리트구조,03000,제1종근린생활시설,2,1
경상남도 양산시 하북면 순지리 207-3번지,48330,34021,0,0207,0003,일반건축물,경상남도 양산시 삼동로 24 (하북면 순지리),,3호동,0,226.77,0,328.07,0,철근콘크리트구조,03000,제1종근린생활시설,2,0
경상남도 양산시 하북면 순지리 207-6번지,48330,34021,0,0207,0006,일반건축물,경상남도 양산시 삼동로 12 (하북면 순지리),,,1174,227.22,19.35,222.82,18.98,철근콘크리트구조,01000,단독주택,1,0
경상남도 양산시 하북면 순지리 222-1번지,48330,34021,0,0222,0001,일반건축물,경상남도 양산시 삼동로 8 (하북면 순지리),,,423,82.8,19.57,165.6,39.15,벽돌구조,04000,근린생활시설,2,0
경상남도 양산시 하북면 순지리 227-3번지,48330,34021,0,0227,0003,일반건축물,경상남도 양산시 양산대로 2666 (하북면 순지리),,,0,13.2,0,13.2,0,일반목구조,01000,주택,1,0
경상남도 양산시 하북면 순지리 246번지,48330,34021,0,0246,0000,일반건축물,경상남도 양산시 삼동로 19 (하북면 순지리),에스비에스물류창고,라동#2,0,51.85,0,51.85,0,철근콘크리트구조,19000,위험물저장및처리시설,1,0
경상남도 양산시 하북면 순지리 246번지,48330,34021,0,0246,0000,일반건축물,경상남도 양산시 삼동로 19 (하북면 순지리),에스비에스물류창고,나동,0,473.72,0,473.72,0,일반철골구조,19000,위험물저장및처리시설,1,0
경상남도 양산시 하북면 순지리 246번지,48330,34021,0,0246,0000,일반건축물,경상남도 양산시 삼동로 19 (하북면 순지리),에스비에스물류창고,바동,0,93.68,0,187.36,0,일반철골구조,18000,창고시설,2,0
경상남도 양산시 하북면 순지리 246번지,48330,34021,0,0246,0000,일반건축물,경상남도 양산시 삼동로 19 (하북면 순지리),에스비에스물류창고,마동,0,132,0,132,0,일반철골구조,18000,창고시설,1,0
경상남도 양산시 하북면 순지리 246번지,48330,34021,0,0246,0000,일반건축물,경상남도 양산시 삼동로 19 (하북면 순지리),에스비에스물류창고,가동,0,853.38,0,853.38,0,일반철골구조,18000,창고시설,1,0
경상남도 양산시 하북면 순지리 246번지,48330,34021,0,0246,0000,일반건축물,경상남도 양산시 삼동로 19 (하북면 순지리),에스비에스물류창고,라동,0,38.5,0,38.5,0,철근콘크리트구조,19000,위험물저장및처리시설,1,0
경상남도 양산시 하북면 순지리 246번지,48330,34021,0,0246,0000,일반건축물,경상남도 양산시 삼동로 19 (하북면 순지리),에스비에스물류창고,다동,0,272.66,0,272.66,0,일반철골구조,19000,위험물저장및처리시설,1,0
경상남도 양산시 하북면 순지리 258번지,48330,34021,0,0258,0000,일반건축물,경상남도 양산시 월평1길 43 (하북면 순지리),,,188.47,69.26,36.74,128.44,68.14,철근콘크리트구조,03000,"근린생활시설, 주택",2,0
경상남도 양산시 하북면 순지리 259번지,48330,34021,0,0259,0000,일반건축물,경상남도 양산시 월평1길 41 (하북면 순지리),,,224,44.28,19.77,44.28,19.77,일반목구조,04000,제2종근린생활시설,1,0
경상남도 양산시 하북면 순지리 262번지,48330,34021,0,0262,0000,일반건축물,경상남도 양산시 월평1길 39 (하북면 순지리),,,0,46.28,0,46.28,0,일반목구조,03000,근린생활시설,1,0
경상남도 양산시 하북면 순지리 264번지,48330,34021,0,0264,0000,일반건축물,경상남도 양산시 월평1길 37 (하북면 순지리),,,447.42,88.61,19.8,175.54,39.23,벽돌구조,01000,"근린생활시설, 주택",2,0
경상남도 양산시 하북면 순지리 267번지,48330,34021,0,0267,0000,일반건축물,경상남도 양산시 월평1길 29 (하북면 순지리),,2호동,0,3,0,3,0,경량철골구조,04000,제2종근린생활시설(화장실),1,0
경상남도 양산시 하북면 순지리 267번지,48330,34021,0,0267,0000,일반건축물,경상남도 양산시 월평1길 29 (하북면 순지리),,1호동,149,29,19.46,29,19.46,경량철골구조,04000,제2종근린생활시설,1,0
경상남도 양산시 하북면 순지리 272-3번지,48330,34021,0,0272,0003,일반건축물,경상남도 양산시 월평1길 21 (하북면 순지리),통도사 자비원,,3435,706.25,20.56,3477.034,81.55,철근콘크리트구조,11000,교육연구및복지시설,4,1
경상남도 양산시 하북면 순지리 272-4번지,48330,34021,0,0272,0004,일반건축물,경상남도 양산시 월평1길 17 (하북면 순지리),,,2506,496.01,19.79,2331.68,76.03,철근콘크리트구조,11000,노유자시설,4,1
경상남도 양산시 하북면 순지리 272-12번지,48330,34021,0,0272,0012,일반건축물,경상남도 양산시 월평1길 3 (하북면 순지리),,,3349,728.2,21.74,1209.55,36.12,철근콘크리트구조,04000,"제1,2종근린생활시설",2,0
경상남도 양산시 하북면 순지리 272-12번지,48330,34021,0,0272,0012,일반건축물,경상남도 양산시 월평1길 3 (하북면 순지리),,,0,21,0,21,0,블록구조,03000,제1종근린생활시설,1,0
경상남도 양산시 하북면 순지리 273-1번지,48330,34021,0,0273,0001,일반건축물,경상남도 양산시 월평1길 23 (하북면 순지리),,주2동,0,160,0,160,0,경량철골구조,04000,제2종근린생활시설,1,0
경상남도 양산시 하북면 순지리 273-1번지,48330,34021,0,0273,0001,일반건축물,경상남도 양산시 월평1길 23 (하북면 순지리),,주1동,0,160,0,160,0,경량철골구조,04000,제2종근린생활시설,1,0
경상남도 양산시 하북면 순지리 274번지,48330,34021,0,0274,0000,일반건축물,,하북면 순지리 274,주건축물제1동,5217,1037.33,19.88,1344.36,25.77,철근콘크리트구조,18000,창고시설,2,0
경상남도 양산시 하북면 순지리 279-1번지,48330,34021,0,0279,0001,일반건축물,경상남도 양산시 신평로 128 (하북면 순지리),,,1850,359.68,19.44,359.68,19.44,경량철골구조,04000,근린생활시설,1,0
경상남도 양산시 하북면 순지리 279-11번지,48330,34021,0,0279,0011,일반건축물,경상남도 양산시 신평로 122 (하북면 순지리),,,1962,340.56,17.36,339.06,17.28,벽돌구조,03000,제2종근린생활시설,1,0
경상남도 양산시 하북면 순지리 391번지,48330,34021,0,0391,0000,일반건축물,경상남도 양산시 지내마을길 31-16 (하북면 순지리),,,693,112.58,16.25,107.58,15.52,벽돌구조,01000,단독주택,1,0
경상남도 양산시 하북면 순지리 391번지,48330,34021,0,0391,0000,일반건축물,경상남도 양산시 지내마을길 31-16 (하북면 순지리),,부속건축물제2동,693,34.32,4.95,34.32,4.95,벽돌구조,01000,창고,1,0
경상남도 양산시 하북면 순지리 392번지,48330,34021,0,0392,0000,일반건축물,경상남도 양산시 지내마을길 31-18 (하북면 순지리),,,0,26.4,0,26.4,0,일반목구조,01000,주택,1,0
경상남도 양산시 하북면 순지리 393번지,48330,34021,0,0393,0000,일반건축물,경상남도 양산시 지내마을길 31-20 (하북면 순지리),,,0,46.2,0,46.2,0,일반목구조,01000,주택,1,0
경상남도 양산시 하북면 순지리 397-2번지,48330,34021,0,0397,0002,일반건축물,경상남도 양산시 지내마을길 31-48 (하북면 순지리),,,1542,169,10.96,562.75,36.49,철근콘크리트구조,04000,"제1종근린생활시설,제2종근린생활시설, 단독주택",4,0
경상남도 양산시 하북면 순지리 401번지,48330,34021,0,0401,0000,표제부,경상남도 양산시 지내마을길 19-2 (하북면 순지리),우정빌라,가동,0,164.58,0,658.32,0,철근콘크리트구조,02000,공동주택(다세대주택),4,0
경상남도 양산시 하북면 순지리 401번지,48330,34021,0,0401,0000,표제부,경상남도 양산시 지내마을길 19-2 (하북면 순지리),우정빌라,나동,0,163.08,0,652.32,0,철근콘크리트구조,02000,공동주택(다세대주택),4,0
경상남도 양산시 하북면 순지리 401-2번지,48330,34021,0,0401,0002,표제부,경상남도 양산시 지내마을길 19-2 (하북면 순지리),우정빌라,가동,0,164.58,0,658.32,0,철근콘크리트구조,02000,공동주택(다세대주택),4,0
경상남도 양산시 하북면 순지리 401-2번지,48330,34021,0,0401,0002,표제부,경상남도 양산시 지내마을길 19-2 (하북면 순지리),우정빌라,나동,0,164.71,0,658.84,0,철근콘크리트구조,02000,공동주택(다세대주택),4,0
경상남도 양산시 하북면 순지리 401-3번지,48330,34021,0,0401,0003,일반건축물,경상남도 양산시 지내마을길 23-1 (하북면 순지리),,,591,59.4,10.05,59.4,10.05,블록구조,01000,주택,1,0
경상남도 양산시 하북면 순지리 402번지,48330,34021,0,0402,0000,일반건축물,경상남도 양산시 지내마을길 19-1 (하북면 순지리),,,542,283.36,52.28,283.36,52.28,철근콘크리트구조,03000,제1종근린생활시설,1,0
경상남도 양산시 하북면 순지리 403번지,48330,34021,0,0403,0000,일반건축물,경상남도 양산시 지내마을길 23-2 (하북면 순지리),,,342.52,94.86,29.23,94.86,29.23,벽돌구조,01000,농가용주택,1,0
경상남도 양산시 하북면 순지리 404번지,48330,34021,0,0404,0000,일반건축물,경상남도 양산시 지내마을길 19 (하북면 순지리),,,0,69.3,0,69.3,0,블록구조,01000,주택,1,0
경상남도 양산시 하북면 순지리 405번지,48330,34021,0,0405,0000,일반건축물,경상남도 양산시 지내마을길 23 (하북면 순지리),,,0,56.1,0,56.1,0,일반목구조,01000,주택,1,0
경상남도 양산시 하북면 순지리 406번지,48330,34021,0,0406,0000,일반건축물,경상남도 양산시 지내마을길 25 (하북면 순지리),,,0,29.7,0,29.7,0,일반목구조,01000,주택,1,0
경상남도 양산시 하북면 순지리 407번지,48330,34021,0,0407,0000,일반건축물,경상남도 양산시 지내마을길 27 (하북면 순지리),,,0,46.2,0,46.2,0,일반목구조,01000,주택,1,0
경상남도 양산시 하북면 순지리 408번지,48330,34021,0,0408,0000,일반건축물,경상남도 양산시 지내마을길 29 (하북면 순지리),,,0,26.4,0,26.4,0,일반목구조,01000,주택,1,0
경상남도 양산시 하북면 순지리 408번지,48330,34021,0,0408,0000,일반건축물,경상남도 양산시 지내마을길 29-1 (하북면 순지리),,,226.14,88.21,39.01,82.71,36.57,벽돌구조,01000,단독주택,1,0
경상남도 양산시 하북면 순지리 409번지,48330,34021,0,0409,0000,일반건축물,경상남도 양산시 지내마을길 27-1 (하북면 순지리),,,0,42.9,0,42.9,0,일반목구조,01000,주택,1,0
경상남도 양산시 하북면 순지리 410번지,48330,34021,0,0410,0000,일반건축물,경상남도 양산시 지내마을길 29-2 (하북면 순지리),,,220.12,91.24,41.45,85.99,39.07,벽돌구조,01000,단독주택,1,0
경상남도 양산시 하북면 순지리 411번지,48330,34021,0,0411,0000,일반건축물,경상남도 양산시 지내마을길 27-2 (하북면 순지리),,,0,49.5,0,49.5,0,일반목구조,01000,주택,1,0
경상남도 양산시 하북면 순지리 412번지,48330,34021,0,0412,0000,일반건축물,경상남도 양산시 지내마을길 27-3 (하북면 순지리),,,0,66,0,66,0,일반목구조,01000,주택,1,0
경상남도 양산시 하북면 순지리 414번지,48330,34021,0,0414,0000,일반건축물,경상남도 양산시 지내마을길 31-13 (하북면 순지리),,,670,110.19,16.45,99.54,14.86,철근콘크리트구조,04000,제2종근린생활시설,1,0
경상남도 양산시 하북면 순지리 415번지,48330,34021,0,0415,0000,일반건축물,경상남도 양산시 지내마을길 29-3 (하북면 순지리),,,0,46.2,0,46.2,0,일반목구조,01000,주택,1,0
경상남도 양산시 하북면 순지리 416번지,48330,34021,0,0416,0000,일반건축물,경상남도 양산시 지내마을길 31-7 (하북면 순지리),,,235,110.15,46.87,101.82,43.33,벽돌구조,01000,단독주택,1,0
경상남도 양산시 하북면 순지리 417번지,48330,34021,0,0417,0000,일반건축물,경상남도 양산시 지내마을길 31 (하북면 순지리),,,0,49.5,0,49.5,0,일반목구조,01000,주택,1,0
경상남도 양산시 하북면 순지리 419번지,48330,34021,0,0419,0000,일반건축물,경상남도 양산시 지내마을길 34-2 (하북면 순지리),,,348.9,96.11,27.55,93.44,26.78,벽돌구조,01000,단독주택,1,0
경상남도 양산시 하북면 순지리 420번지,48330,34021,0,0420,0000,일반건축물,경상남도 양산시 지내마을길 28 (하북면 순지리),,,0,59.4,0,59.4,0,블록구조,01000,주택,1,0
경상남도 양산시 하북면 순지리 421번지,48330,34021,0,0421,0000,일반건축물,경상남도 양산시 지내마을길 26 (하북면 순지리),,,0,72.6,0,72.6,0,블록구조,01000,주택,1,0
경상남도 양산시 하북면 순지리 422번지,48330,34021,0,0422,0000,일반건축물,경상남도 양산시 지내마을길 24 (하북면 순지리),,,0,16.5,0,16.5,0,블록구조,01000,주택,1,0
경상남도 양산시 하북면 순지리 422번지,48330,34021,0,0422,0000,일반건축물,경상남도 양산시 지내마을길 24 (하북면 순지리),,,0,46.2,0,46.2,0,일반목구조,01000,주택,1,0
경상남도 양산시 하북면 순지리 423번지,48330,34021,0,0423,0000,일반건축물,경상남도 양산시 지내마을길 22-1 (하북면 순지리),,,433,157.39,36.35,200.2,46.24,철근콘크리트구조,01000,단독주택,2,0
경상남도 양산시 하북면 순지리 429번지,48330,34021,0,0429,0000,일반건축물,경상남도 양산시 지내마을길 34-5 (하북면 순지리),,,701,51,7.28,49.5,7.06,경량철골구조,01000,단독주택,1,0
경상남도 양산시 하북면 순지리 430번지,48330,34021,0,0430,0000,일반건축물,경상남도 양산시 지내마을길 26-1 (하북면 순지리),,,0,56.1,0,56.1,0,블록구조,01000,주택,1,0
경상남도 양산시 하북면 순지리 431번지,48330,34021,0,0431,0000,일반건축물,경상남도 양산시 지내마을길 34-3 (하북면 순지리),,,387,79.8,20.62,79.8,20.62,일반목구조,01000,단독주택,1,0
경상남도 양산시 하북면 순지리 431-2번지,48330,34021,0,0431,0002,일반건축물,경상남도 양산시 지내마을길 34-4 (하북면 순지리),,,0,42.9,0,42.9,0,일반목구조,01000,주택,1,0
경상남도 양산시 하북면 순지리 439번지,48330,34021,0,0439,0000,일반건축물,,,,0,39.6,0,39.6,0,일반목구조,01000,주택,1,0
경상남도 양산시 하북면 순지리 440번지,48330,34021,0,0440,0000,일반건축물,경상남도 양산시 지내마을길 31-4 (하북면 순지리),,,0,59.4,0,59.4,0,블록구조,01000,주택,1,0
경상남도 양산시 하북면 순지리 441번지,48330,34021,0,0441,0000,일반건축물,경상남도 양산시 지내마을길 31-6 (하북면 순지리),,,0,39.6,0,39.6,0,일반목구조,01000,주택,1,0
경상남도 양산시 하북면 순지리 442번지,48330,34021,0,0442,0000,일반건축물,경상남도 양산시 지내마을길 31-8 (하북면 순지리),,,506,106.02,20.95,99.81,19.73,철근콘크리트구조,01000,단독주택,1,0
경상남도 양산시 하북면 순지리 446번지,48330,34021,0,0446,0000,일반건축물,경상남도 양산시 지내마을길 33 (하북면 순지리),,,587.55,119.01,20.26,99.72,16.97,철근콘크리트구조,01000,단독주택,1,0
경상남도 양산시 하북면 순지리 458번지,48330,34021,0,0458,0000,일반건축물,경상남도 양산시 지내마을길 37 (하북면 순지리),,,347,88.24,25.43,84.24,24.28,벽돌구조,01000,단독주택,1,0
경상남도 양산시 하북면 순지리 458-1번지,48330,34021,0,0458,0001,일반건축물,경상남도 양산시 지내마을길 37-1 (하북면 순지리),,,473,23.1,4.88,23.1,4.88,일반목구조,01000,주택,1,0
경상남도 양산시 하북면 순지리 458-1번지,48330,34021,0,0458,0001,일반건축물,경상남도 양산시 지내마을길 37-1 (하북면 순지리),,,473,122.28,25.85,163.75,34.62,벽돌구조,01000,단독주택,2,0
경상남도 양산시 하북면 순지리 459번지,48330,34021,0,0459,0000,일반건축물,경상남도 양산시 지내마을길 39 (하북면 순지리),,,0,46.2,0,46.2,0,일반목구조,01000,주택,1,0
경상남도 양산시 하북면 순지리 461번지,48330,34021,0,0461,0000,일반건축물,경상남도 양산시 지내마을길 42 (하북면 순지리),,,0,23.1,0,23.1,0,일반목구조,01000,주택,1,0
경상남도 양산시 하북면 순지리 481-4번지,48330,34021,0,0481,0004,일반건축물,경상남도 양산시 신평로 93 (하북면 순지리),,1동,0,736.3,0,997.78,0,철근콘크리트구조,04000,제2종근린생활시설,2,0
경상남도 양산시 하북면 순지리 481-4번지,48330,34021,0,0481,0004,일반건축물,경상남도 양산시 신평로 93 (하북면 순지리),하늘아래,제2동,0,87.2,0,174.4,0,철근콘크리트구조,03000,제1종근린생활시설,2,0
경상남도 양산시 하북면 순지리 485-1번지,48330,34021,0,0485,0001,일반건축물,경상남도 양산시 월평1길 25-1 (하북면 순지리),,,6815,1363,20,3889.48,57.07,일반철골구조,18000,창고시설,3,0
경상남도 양산시 하북면 순지리 485-5번지,48330,34021,0,0485,0005,일반건축물,경상남도 양산시 신평로 86 (하북면 순지리),,,2123,325,15.31,325,15.31,일반철골구조,03000,제1종근린생활시설,1,0
경상남도 양산시 하북면 순지리 485-7번지,48330,34021,0,0485,0007,일반건축물,경상남도 양산시 신평로 84 (하북면 순지리),,1동,4885,42.5,0.87,42.5,0.87,경량철골구조,31000,야영장시설,1,0
경상남도 양산시 하북면 순지리 486번지,48330,34021,0,0486,0000,일반건축물,경상남도 양산시 신평로 100 (하북면 순지리),,,1764,349.6,19.82,349.6,19.82,일반철골구조,03000,제1종근린생활시설,1,0
경상남도 양산시 하북면 순지리 496번지,48330,34021,0,0496,0000,일반건축물,경상남도 양산시 신평로 78 (하북면 순지리),,,266,44.88,16.87,89.76,33.74,벽돌구조,01000,단독주택,2,0
경상남도 양산시 하북면 순지리 496-5번지,48330,34021,0,0496,0005,일반건축물,경상남도 양산시 월평로 36 (하북면 순지리),,제1동,4298,799.11,18.59,799.11,18.59,일반철골구조,03000,제1종근린생활시설,1,0
경상남도 양산시 하북면 순지리 521-5번지,48330,34021,0,0521,0005,일반건축물,경상남도 양산시 월평로 66 (하북면 순지리),,,0,91.7,0,107.54,0,철근콘크리트구조,01000,주택,1,1
경상남도 양산시 하북면 순지리 524-2번지,48330,34021,0,0524,0002,일반건축물,경상남도 양산시 신평중앙길 47 (하북면 순지리),,,262.48,182.5,69.52,1029.82,323.49,철근콘크리트구조,15000,숙박시설,5,1
경상남도 양산시 하북면 순지리 524-13번지,48330,34021,0,0524,0013,일반건축물,경상남도 양산시 신평중앙길 45 (하북면 순지리),,,0,0,0,87.51,0,블록구조,01000,"주택, 위락시설",1,0
경상남도 양산시 하북면 순지리 524-14번지,48330,34021,0,0524,0014,일반건축물,경상남도 양산시 신평강변9길 8 (하북면 순지리),,,0,19.83,0,19.83,0,일반목구조,01000,주택,1,0
경상남도 양산시 하북면 순지리 524-15번지,48330,34021,0,0524,0015,일반건축물,경상남도 양산시 신평중앙길 41-2 (하북면 순지리),,,0,112.71,0,567.28,0,벽돌구조,15000,"근린생활시설, 숙박시설, 위락시설",4,1
경상남도 양산시 하북면 순지리 524-16번지,48330,34021,0,0524,0016,일반건축물,경상남도 양산시 신평중앙길 41 (하북면 순지리),,,0,57.42,0,99.28,0,철근콘크리트구조,01000,"주택, 점포",2,0
경상남도 양산시 하북면 순지리 524-20번지,48330,34021,0,0524,0020,일반건축물,경상남도 양산시 신평중앙길 41-1 (하북면 순지리),,,206,151.87,73.72,237.3,118.46,철근콘크리트구조,01000,"제1종근린생활시설,단독주택",2,0
경상남도 양산시 하북면 순지리 524-21번지,48330,34021,0,0524,0021,일반건축물,경상남도 양산시 통도사로 71 (하북면 순지리),,,264,164.56,62.33,521.46,185.59,철근콘크리트구조,15000,숙박시설(여관),3,1
경상남도 양산시 하북면 순지리 524-25번지,48330,34021,0,0524,0025,일반건축물,경상남도 양산시 통도사로 75-1 (하북면 순지리),,,403,299.34,74.28,710.89,176.4,철근콘크리트구조,01000,"제1,2종근린생활시설,단독주택",3,0
경상남도 양산시 하북면 순지리 524-26번지,48330,34021,0,0524,0026,일반건축물,경상남도 양산시 통도사로 73 (하북면 순지리),,,0,271.43,0,536.86,0,벽돌구조,15000,근린생활시설,2,0
경상남도 양산시 하북면 순지리 524-27번지,48330,34021,0,0524,0027,표제부,경상남도 양산시 신평중앙길 48-1 (하북면 순지리),여래하이츠,여래하이츠,280,222.48,79.46,642.31,229.4,철근콘크리트구조,02000,근린생활시설,4,0
경상남도 양산시 하북면 순지리 524-37번지,48330,34021,0,0524,0037,일반건축물,경상남도 양산시 통도사로 69 (하북면 순지리),,,381,160.61,42.15,798.64,182.33,철근콘크리트구조,15000,"숙박시설, 근린생활시설",5,1
경상남도 양산시 하북면 순지리 524-37번지,48330,34021,0,0524,0037,일반건축물,경상남도 양산시 통도사로 69 (하북면 순지리),,,381,25.8,6.77,25.8,6.77,경량철골구조,03000,제1종근린생활시설,1,0
경상남도 양산시 하북면 순지리 524-43번지,48330,34021,0,0524,0043,일반건축물,경상남도 양산시 신평강변9길 13 (하북면 순지리),,,232,126,54.31,229.14,98.77,철근콘크리트구조,04000,"제2종근린생활시설, 주택",3,0
경상남도 양산시 하북면 순지리 524-46번지,48330,34021,0,0524,0046,일반건축물,경상남도 양산시 신평중앙길 48 (하북면 순지리),,,202,85.67,42.41,150.04,74.28,철근콘크리트구조,01000,"단독주택, 제1종근린생활시설",2,0
경상남도 양산시 하북면 순지리 524-49번지,48330,34021,0,0524,0049,일반건축물,경상남도 양산시 통도사로 73 (하북면 순지리),,,0,265.43,0,530.86,0,철근콘크리트구조,15000,근린생활시설,2,0
경상남도 양산시 하북면 순지리 524-52번지,48330,34021,0,0524,0052,일반건축물,경상남도 양산시 신평중앙길 50 (하북면 순지리),,제1동,316,144.32,45.67,367.93,116.43,철근콘크리트구조,03000,제1종근린생활시설,4,0
경상남도 양산시 하북면 순지리 524-62번지,48330,34021,0,0524,0062,일반건축물,경상남도 양산시 통도사로 75 (하북면 순지리),,,403,264.48,65.63,264.48,65.63,경량철골구조,04000,제2종근린생활시설,1,0
경상남도 양산시 하북면 순지리 526번지,48330,34021,0,0526,0000,일반건축물,경상남도 양산시 신평강변9길 8-7 (하북면 순지리),,,0,78.39,0,144.9,0,벽돌구조,01000,다세대주택,2,0
경상남도 양산시 하북면 순지리 527번지,48330,34021,0,0527,0000,일반건축물,경상남도 양산시 신평강변9길 8-11 (하북면 순지리),,,0,52.88,0,52.88,0,일반목구조,01000,주택,1,0
경상남도 양산시 하북면 순지리 529-1번지,48330,34021,0,0529,0001,일반건축물,경상남도 양산시 신평강변9길 3-10 (하북면 순지리),,,0,117.42,0,117.42,0,블록구조,01000,주택,1,0
경상남도 양산시 하북면 순지리 529-2번지,48330,34021,0,0529,0002,일반건축물,경상남도 양산시 신평강변9길 5 (하북면 순지리),,,965,143.22,14.84,143.22,14.84,일반목구조,03000,제1종근린생활시설,1,0
경상남도 양산시 하북면 순지리 529-2번지,48330,34021,0,0529,0002,일반건축물,경상남도 양산시 신평강변9길 5 (하북면 순지리),,,965,18.36,1.9,18.36,1.9,일반목구조,03000,제1종근린생활시설,1,0
경상남도 양산시 하북면 순지리 529-5번지,48330,34021,0,0529,0005,일반건축물,경상남도 양산시 신평강변9길 4-1 (하북면 순지리),,,547.8,115.81,21.14,115.81,21.14,벽돌구조,01000,주택,1,0
경상남도 양산시 하북면 순지리 529-7번지,48330,34021,0,0529,0007,일반건축물,경상남도 양산시 신평강변9길 3-14 (하북면 순지리),,,0,75.05,0,75.05,0,블록구조,01000,주택,1,0
경상남도 양산시 하북면 순지리 529-8번지,48330,34021,0,0529,0008,일반건축물,경상남도 양산시 신평강변9길 3-18 (하북면 순지리),,,0,26.44,0,26.44,0,블록구조,01000,주택,1,0
경상남도 양산시 하북면 순지리 529-9번지,48330,34021,0,0529,0009,일반건축물,경상남도 양산시 신평강변9길 8-18 (하북면 순지리),,제1동,348,99.66,28.64,98.76,28.38,경량철골구조,01000,단독주택,1,0
경상남도 양산시 하북면 순지리 529-11번지,48330,34021,0,0529,0011,일반건축물,경상남도 양산시 신평강변9길 6 (하북면 순지리),,,0,53,0,53,0,블록구조,01000,주택,1,0
경상남도 양산시 하북면 순지리 530번지,48330,34021,0,0530,0000,일반건축물,,,,0,66.11,0,66.11,0,블록구조,01000,주택,1,0
경상남도 양산시 하북면 순지리 530-1번지,48330,34021,0,0530,0001,일반건축물,경상남도 양산시 신평강변9길 3-20 (하북면 순지리),,,0,36.35,0,36.35,0,블록구조,01000,주택,1,0
경상남도 양산시 하북면 순지리 530-3번지,48330,34021,0,0530,0003,일반건축물,경상남도 양산시 신평강변9길 7 (하북면 순지리),,,94,56.2,59.79,99.49,105.84,벽돌구조,04000,"제2종근린생활시설,단독주택",2,0
경상남도 양산시 하북면 순지리 532-1번지,48330,34021,0,0532,0001,일반건축물,경상남도 양산시 신평중앙길 49-1 (하북면 순지리),,,1079.2,99.36,9.21,99.36,9.21,일반철골구조,20000,자동차관련시설,1,0
경상남도 양산시 하북면 순지리 532-3번지,48330,34021,0,0532,0003,일반건축물,,,,0,49.58,0,49.58,0,일반목구조,01000,주택,1,0
경상남도 양산시 하북면 순지리 533번지,48330,34021,0,0533,0000,표제부,경상남도 양산시 신평중앙길 53 (하북면 순지리),,,653,476.52,72.97,767.58,117.55,철근콘크리트구조,03000,제1종근린생활시설,2,0
경상남도 양산시 하북면 순지리 533번지,48330,34021,0,0533,0000,표제부,경상남도 양산시 신평중앙길 53 (하북면 순지리),,,653,15.83,2.42,15.83,2.42,철근콘크리트구조,03000,화장실,1,0
경상남도 양산시 하북면 순지리 537-2번지,48330,34021,0,0537,0002,일반건축물,경상남도 양산시 신평강변로 86 (하북면 순지리),,,795,344.22,43.3,468,58.87,철근콘크리트구조,04000,"단독주택,제2종근린생활시설",2,0
경상남도 양산시 하북면 순지리 537-3번지,48330,34021,0,0537,0003,일반건축물,경상남도 양산시 신평중앙길 55 (하북면 순지리),,,700,171.79,29.9,236.83,33.83,벽돌구조,04000,"제2종근린생활시설, 단독주택",2,0
경상남도 양산시 하북면 순지리 538-1번지,48330,34021,0,0538,0001,일반건축물,경상남도 양산시 신평강변9길 3-19 (하북면 순지리),,,151,76.18,50.45,76.18,50.45,벽돌구조,01000,주택,1,0
경상남도 양산시 하북면 순지리 538-2번지,48330,34021,0,0538,0002,일반건축물,경상남도 양산시 신평강변로 84 (하북면 순지리),,,0,129.6,0,259.2,0,블록구조,15000,여관,2,0
경상남도 양산시 하북면 순지리 538-3번지,48330,34021,0,0538,0003,일반건축물,경상남도 양산시 신평강변로 84 (하북면 순지리),,,0,99.1,0,198.2,0,블록구조,03000,점포,2,0
경상남도 양산시 하북면 순지리 539-1번지,48330,34021,0,0539,0001,일반건축물,경상남도 양산시 신평강변로 82 (하북면 순지리),,,397,208.78,52.59,480.28,97.05,철근콘크리트구조,03000,"근린생활시설, 주택",2,1
경상남도 양산시 하북면 순지리 539-7번지,48330,34021,0,0539,0007,일반건축물,경상남도 양산시 신평강변로 84 (하북면 순지리),,,524.5,288.7,55.04,937.86,123.77,철근콘크리트구조,04000,"근린생활시설, 주택",5,0
경상남도 양산시 하북면 순지리 540번지,48330,34021,0,0540,0000,일반건축물,경상남도 양산시 신평강변로 78 (하북면 순지리),,,512.14,129.52,25.29,311.04,37.99,일반목구조,04000,대중음식점,2,1
경상남도 양산시 하북면 순지리 545번지,48330,34021,0,0545,0000,일반건축물,경상남도 양산시 신평강변로 76 (하북면 순지리),,,0,66.11,0,66.11,0,블록구조,01000,주택,1,0
경상남도 양산시 하북면 순지리 547번지,48330,34021,0,0547,0000,일반건축물,경상남도 양산시 신평강변로 74 (하북면 순지리),,,109,31.52,28.92,31.52,28.92,경량철골구조,03000,제1종근린생활시설(일용품점),1,0
경상남도 양산시 하북면 순지리 548번지,48330,34021,0,0548,0000,일반건축물,경상남도 양산시 신평강변로 72 (하북면 순지리),,,0,59.5,0,59.5,0,블록구조,01000,주택,1,0
경상남도 양산시 하북면 순지리 550번지,48330,34021,0,0550,0000,일반건축물,경상남도 양산시 신평강변9길 3-7 (하북면 순지리),,,0,121.93,0,165.12,0,벽돌구조,01000,주택,2,0
경상남도 양산시 하북면 순지리 551번지,48330,34021,0,0551,0000,일반건축물,경상남도 양산시 신평강변로 70 (하북면 순지리),,,0,80.19,0,80.19,0,철근콘크리트구조,01000,주택,1,0
경상남도 양산시 하북면 순지리 553-2번지,48330,34021,0,0553,0002,일반건축물,경상남도 양산시 신평강변로 68 (하북면 순지리),,,197,117.89,59.84,221.63,112.5,철근콘크리트구조,03000,"제1종근린생활시설,단독주택",2,0
경상남도 양산시 하북면 순지리 553-3번지,48330,34021,0,0553,0003,일반건축물,경상남도 양산시 신평강변로 66 (하북면 순지리),,,0,39.66,0,39.66,0,일반목구조,01000,주택,1,0
경상남도 양산시 하북면 순지리 554-2번지,48330,34021,0,0554,0002,일반건축물,경상남도 양산시 신평강변9길 2 (하북면 순지리),,,53,28.35,53.49,56.7,106.98,블록구조,04000,제2종근린생활시설,2,0
경상남도 양산시 하북면 순지리 555-1번지,48330,34021,0,0555,0001,일반건축물,경상남도 양산시 신평강변9길 4 (하북면 순지리),,,0,79.23,0,79.23,0,벽돌구조,01000,주택,1,0
경상남도 양산시 하북면 순지리 555-2번지,48330,34021,0,0555,0002,일반건축물,경상남도 양산시 신평강변9길 4-2 (하북면 순지리),,,360,78.43,21.79,73.63,20.45,철근콘크리트구조,01000,단독주택,1,0
경상남도 양산시 하북면 순지리 555-3번지,48330,34021,0,0555,0003,일반건축물,경상남도 양산시 신평강변로 62 (하북면 순지리),,,289,157.01,54.33,310.38,107.4,철근콘크리트구조,01000,"노유자시설,단독주택",3,0
경상남도 양산시 하북면 순지리 564-1번지,48330,34021,0,0564,0001,일반건축물,경상남도 양산시 신평강변로 46 (하북면 순지리),,,633,312.2,49.32,610.4,96.43,철근콘크리트구조,04000,근린생활시설,2,0
경상남도 양산시 하북면 순지리 564-3번지,48330,34021,0,0564,0003,일반건축물,경상남도 양산시 신평강변4길 9-9 (하북면 순지리),,,195.22,85.14,43.61,83.34,42.69,벽돌구조,01000,단독주택,1,0
경상남도 양산시 하북면 순지리 564-4번지,48330,34021,0,0564,0004,일반건축물,경상남도 양산시 신평강변4길 5-1 (하북면 순지리),,,0,19.8,0,19.8,0,블록구조,01000,주택,1,0
경상남도 양산시 하북면 순지리 564-7번지,48330,34021,0,0564,0007,일반건축물,경상남도 양산시 신평강변4길 9-11 (하북면 순지리),,,0,0,0,39.66,0,블록구조,01000,주택,1,0
경상남도 양산시 하북면 순지리 565번지,48330,34021,0,0565,0000,일반건축물,경상남도 양산시 신평강변로 42-1 (하북면 순지리),,,199,76.53,38.46,115.03,57.8,벽돌구조,03000,제1종근린생활시설,2,0
경상남도 양산시 하북면 순지리 566-1번지,48330,34021,0,0566,0001,일반건축물,경상남도 양산시 신평강변로 40 (하북면 순지리),,,285,159.11,55.83,252.08,88.45,철근콘크리트구조,04000,"근린생활시설, 단독주택",2,0
경상남도 양산시 하북면 순지리 566-3번지,48330,34021,0,0566,0003,일반건축물,경상남도 양산시 신평강변로 42 (하북면 순지리),,,176,97.09,55.16,94.09,53.46,철근콘크리트구조,11000,노유자시설,1,0
경상남도 양산시 하북면 순지리 566-6번지,48330,34021,0,0566,0006,일반건축물,경상남도 양산시 신평강변로 40-1 (하북면 순지리),,,0,76.21,0,76.21,0,철근콘크리트구조,01000,주택,1,0
경상남도 양산시 하북면 순지리 566-8번지,48330,34021,0,0566,0008,일반건축물,경상남도 양산시 신평강변로 38 (하북면 순지리),,,0,158.16,0,304.05,0,철근콘크리트구조,03000,"주택, 근린생활시설",2,0
경상남도 양산시 하북면 순지리 566-11번지,48330,34021,0,0566,0011,일반건축물,경상남도 양산시 신평강변로 36-1 (하북면 순지리),,,0,83.09,0,154.31,0,철근콘크리트구조,03000,근린생활시설,2,0
경상남도 양산시 하북면 순지리 566-20번지,48330,34021,0,0566,0020,일반건축물,경상남도 양산시 신평강변로 36 (하북면 순지리),,,264,149.07,56.47,397.03,150.39,철근콘크리트구조,04000,제2종근린생활시설,3,0
경상남도 양산시 하북면 순지리 571번지,48330,34021,0,0571,0000,일반건축물,경상남도 양산시 신평강변4길 3 (하북면 순지리),,,320.76,192,59.86,414.42,106.1,철근콘크리트구조,03000,"주택, 근린생활시설",2,1
경상남도 양산시 하북면 순지리 571-2번지,48330,34021,0,0571,0002,일반건축물,경상남도 양산시 신평강변4길 2 (하북면 순지리),,,100.34,59.52,59.32,59.52,59.32,경량철골구조,03000,근린생활시설,1,0
경상남도 양산시 하북면 순지리 573번지,48330,34021,0,0573,0000,일반건축물,경상남도 양산시 신평강변3길 7-5 (하북면 순지리),,,360,112.68,31.3,138.38,38.44,철근콘크리트구조,01000,단독주택,2,0
경상남도 양산시 하북면 순지리 573-1번지,48330,34021,0,0573,0001,일반건축물,경상남도 양산시 신평강변3길 7-7 (하북면 순지리),,,246,69.03,28.06,69.03,28.06,기타조적구조,01000,단독주택,1,0
경상남도 양산시 하북면 순지리 573-2번지,48330,34021,0,0573,0002,일반건축물,경상남도 양산시 신평강변3길 7-9 (하북면 순지리),,,201,66.43,33.05,66.43,33.05,경량철골구조,01000,단독주택,1,0
경상남도 양산시 하북면 순지리 574-1번지,48330,34021,0,0574,0001,일반건축물,경상남도 양산시 신평강변5길 25 (하북면 순지리),,,0,112.38,0,138.82,0,블록구조,01000,주택,2,0
경상남도 양산시 하북면 순지리 574-1번지,48330,34021,0,0574,0001,일반건축물,경상남도 양산시 신평강변5길 25 (하북면 순지리),,,171,102.38,59.87,186.89,109.29,철근콘크리트구조,04000,"제2종근린생활시설,단독주택",2,0
경상남도 양산시 하북면 순지리 574-3번지,48330,34021,0,0574,0003,일반건축물,경상남도 양산시 신평강변5길 33 (하북면 순지리),,,256.59,153.11,59.67,422.65,164.72,철근콘크리트구조,03000,"근린생활시설, 주택",3,0
경상남도 양산시 하북면 순지리 574-4번지,48330,34021,0,0574,0004,일반건축물,경상남도 양산시 신평강변5길 31-1 (하북면 순지리),,,0,124.98,0,124.98,0,벽돌구조,03000,"근린생활시설, 주택",1,0
경상남도 양산시 하북면 순지리 574-5번지,48330,34021,0,0574,0005,일반건축물,경상남도 양산시 신평강변3길 9 (하북면 순지리),,,597.7,237,39.65,410.11,68.61,철근콘크리트구조,11000,노유자시설,2,0
경상남도 양산시 하북면 순지리 574-11번지,48330,34021,0,0574,0011,일반건축물,경상남도 양산시 신평강변3길 10 (하북면 순지리),,,0,85.9,0,118.05,0,철근콘크리트구조,01000,"주택, 근린생활시설",2,0
경상남도 양산시 하북면 순지리 575번지,48330,34021,0,0575,0000,일반건축물,경상남도 양산시 신평강변3길 11 (하북면 순지리),,B동,0,216,0,216,0,일반철골구조,07000,판매및영업시설,1,0
경상남도 양산시 하북면 순지리 575번지,48330,34021,0,0575,0000,일반건축물,경상남도 양산시 신평강변3길 11 (하북면 순지리),,C동,0,60,0,60,0,일반철골구조,07000,판매및영업시설,1,0
경상남도 양산시 하북면 순지리 575번지,48330,34021,0,0575,0000,일반건축물,경상남도 양산시 신평강변3길 11 (하북면 순지리),,D동,0,216,0,216,0,일반철골구조,07000,판매및영업시설,1,0
경상남도 양산시 하북면 순지리 575번지,48330,34021,0,0575,0000,일반건축물,경상남도 양산시 신평강변3길 11 (하북면 순지리),,2동,0,16.5,0,16.5,0,조적구조,03000,공중화장실,1,0
경상남도 양산시 하북면 순지리 575번지,48330,34021,0,0575,0000,일반건축물,경상남도 양산시 신평강변3길 11 (하북면 순지리),,A동,0,216,0,216,0,일반철골구조,07000,판매및영업시설,1,0
경상남도 양산시 하북면 순지리 575번지,48330,34021,0,0575,0000,일반건축물,경상남도 양산시 신평강변5길 32 (하북면 순지리),,1동,0,106.5,0,106.5,0,벽돌구조,03000,소방서차고,1,0
경상남도 양산시 하북면 순지리 576-2번지,48330,34021,0,0576,0002,일반건축물,경상남도 양산시 신평강변2길 19-5 (하북면 순지리),,,0,0,0,197.29,0,일반목구조,01000,"주택, 근린생활시설",2,0
경상남도 양산시 하북면 순지리 576-5번지,48330,34021,0,0576,0005,일반건축물,경상남도 양산시 신평강변2길 19 (하북면 순지리),,,0,76.02,0,76.02,0,블록구조,01000,주택,1,0
경상남도 양산시 하북면 순지리 576-13번지,48330,34021,0,0576,0013,일반건축물,경상남도 양산시 신평강변2길 20 (하북면 순지리),,,0,114.76,0,164.11,0,벽돌구조,03000,"주택, 근린생활시설",2,0
경상남도 양산시 하북면 순지리 576-14번지,48330,34021,0,0576,0014,표제부,경상남도 양산시 신평로 17 (하북면 순지리),,,329,228.4,69.42,1922.56,584.36,철근콘크리트구조,14000,"업무시설,공동주택,제2종근린생활시설",12,0
경상남도 양산시 하북면 순지리 576-15번지,48330,34021,0,0576,0015,일반건축물,경상남도 양산시 신평로 15-1 (하북면 순지리),,,0,92.13,0,164.39,0,철근콘크리트구조,03000,"점포, 주택",2,0
경상남도 양산시 하북면 순지리 576-16번지,48330,34021,0,0576,0016,일반건축물,경상남도 양산시 신평로 15 (하북면 순지리),,,161.63,84.63,52.36,231.37,143.15,철근콘크리트구조,03000,"근린생활시설, 주택",4,0
경상남도 양산시 하북면 순지리 576-21번지,48330,34021,0,0576,0021,표제부,경상남도 양산시 신평강변4길 13 (하북면 순지리),,,534.04,425.63,79.7,2213.5,347.49,철근콘크리트구조,02000,"근린생활시설, 숙박시설, 연립주택",5,1
경상남도 양산시 하북면 순지리 576-23번지,48330,34021,0,0576,0023,일반건축물,경상남도 양산시 신평강변4길 9-6 (하북면 순지리),,,0,69.4,0,69.4,0,블록구조,17000,공장,1,0
경상남도 양산시 하북면 순지리 576-27번지,48330,34021,0,0576,0027,일반건축물,경상남도 양산시 신평강변4길 11 (하북면 순지리),,,0,59,0,85.4,0,블록구조,01000,주택,2,0
경상남도 양산시 하북면 순지리 576-29번지,48330,34021,0,0576,0029,일반건축물,경상남도 양산시 신평강변3길 17-15 (하북면 순지리),,,0,13.22,0,13.22,0,블록구조,01000,주택,1,0
경상남도 양산시 하북면 순지리 576-30번지,48330,34021,0,0576,0030,일반건축물,경상남도 양산시 신평강변3길 17-13 (하북면 순지리),,,0,75.92,0,145.44,0,철근콘크리트구조,03000,"근린생활시설, 주택",2,0
경상남도 양산시 하북면 순지리 576-31번지,48330,34021,0,0576,0031,일반건축물,경상남도 양산시 신평강변3길 17-11 (하북면 순지리),,,160.37,83.93,52.34,83.93,52.34,벽돌구조,01000,주택,1,0
경상남도 양산시 하북면 순지리 576-32번지,48330,34021,0,0576,0032,일반건축물,경상남도 양산시 신평강변4길 10 (하북면 순지리),,,151,49.53,32.8,49.53,32.8,벽돌구조,03000,근린생활시설,1,0
경상남도 양산시 하북면 순지리 576-33번지,48330,34021,0,0576,0033,일반건축물,경상남도 양산시 신평강변4길 9-7 (하북면 순지리),,,0,9.91,0,9.91,0,일반목구조,01000,주택,1,0
경상남도 양산시 하북면 순지리 576-34번지,48330,34021,0,0576,0034,일반건축물,경상남도 양산시 신평강변4길 7 (하북면 순지리),,,341,200.95,58.93,362.35,106.26,철근콘크리트구조,01000,"제1종근린생활시설,단독주택",2,0
경상남도 양산시 하북면 순지리 576-37번지,48330,34021,0,0576,0037,일반건축물,경상남도 양산시 신평강변4길 5 (하북면 순지리),,,53,39.61,74.74,67.33,127.04,벽돌구조,03000,근린생활시설,2,0
경상남도 양산시 하북면 순지리 576-39번지,48330,34021,0,0576,0039,일반건축물,경상남도 양산시 신평강변3길 17-7 (하북면 순지리),,,0,92.56,0,92.56,0,일반목구조,01000,"주택, 점포",1,0
경상남도 양산시 하북면 순지리 576-40번지,48330,34021,0,0576,0040,일반건축물,경상남도 양산시 신평강변3길 17-5 (하북면 순지리),,,0,66.11,0,66.11,0,일반목구조,01000,주택,1,0
경상남도 양산시 하북면 순지리 576-41번지,48330,34021,0,0576,0041,일반건축물,경상남도 양산시 신평강변5길 36 (하북면 순지리),,,0,19.8,0,19.8,0,일반목구조,01000,주택,1,0
경상남도 양산시 하북면 순지리 576-43번지,48330,34021,0,0576,0043,일반건축물,경상남도 양산시 신평강변5길 32-1 (하북면 순지리),,,0,33.05,0,33.05,0,일반목구조,01000,주택,1,0
경상남도 양산시 하북면 순지리 576-45번지,48330,34021,0,0576,0045,일반건축물,경상남도 양산시 신평강변4길 6 (하북면 순지리),,,0,0,0,176.42,0,블록구조,01000,"주택, 근린생활시설",1,0
경상남도 양산시 하북면 순지리 576-46번지,48330,34021,0,0576,0046,일반건축물,경상남도 양산시 신평강변5길 34 (하북면 순지리),,,0,65.32,0,129.51,0,철근콘크리트구조,01000,단독주택 및 제2종근린생활시설,2,0
경상남도 양산시 하북면 순지리 576-55번지,48330,34021,0,0576,0055,일반건축물,경상남도 양산시 신평강변3길 16 (하북면 순지리),,,0,42,0,84,0,블록구조,03000,"제1종근린생활시설,단독주택",2,0
경상남도 양산시 하북면 순지리 576-57번지,48330,34021,0,0576,0057,일반건축물,경상남도 양산시 신평강변3길 16-2 (하북면 순지리),,,0,33.05,0,33.05,0,일반목구조,01000,주택,1,0
경상남도 양산시 하북면 순지리 576-58번지,48330,34021,0,0576,0058,일반건축물,경상남도 양산시 신평강변3길 16-3 (하북면 순지리),2동.3동,,0,48.35,0,48.35,0,벽돌구조,01000,주택,1,0
경상남도 양산시 하북면 순지리 576-60번지,48330,34021,0,0576,0060,일반건축물,경상남도 양산시 신평강변3길 16-5 (하북면 순지리),,,131,75.65,57.75,140.33,107.12,철골콘크리트구조,01000,"단독주택,제1종근린생활시설",2,0
경상남도 양산시 하북면 순지리 576-62번지,48330,34021,0,0576,0062,일반건축물,경상남도 양산시 신평강변3길 16-6 (하북면 순지리),,,0,124.91,0,124.91,0,벽돌구조,01000,주택,2,0
경상남도 양산시 하북면 순지리 576-63번지,48330,34021,0,0576,0063,일반건축물,경상남도 양산시 신평강변3길 14-1 (하북면 순지리),,,0,135.36,0,237.965,0,철근콘크리트구조,01000,"주택, 근린생활시설",2,0
경상남도 양산시 하북면 순지리 576-65번지,48330,34021,0,0576,0065,일반건축물,경상남도 양산시 신평강변3길 14 (하북면 순지리),,,265,143.18,54.03,275.01,103.78,철근콘크리트구조,01000,"단독주택,제2종근린생활시설",3,0
경상남도 양산시 하북면 순지리 576-66번지,48330,34021,0,0576,0066,일반건축물,경상남도 양산시 신평강변3길 12 (하북면 순지리),,,0,114.54,0,181.69,0,벽돌구조,01000,주택,2,0
경상남도 양산시 하북면 순지리 576-69번지,48330,34021,0,0576,0069,일반건축물,경상남도 양산시 신평강변5길 26 (하북면 순지리),,,285,139.73,49.03,202.19,70.94,벽돌구조,04000,"근린생활시설, 단독주택",2,0
경상남도 양산시 하북면 순지리 576-70번지,48330,34021,0,0576,0070,일반건축물,경상남도 양산시 신평강변2길 19-11 (하북면 순지리),,,168,84.11,50.07,84.11,50.07,경량철골구조,01000,단독주택,1,0
경상남도 양산시 하북면 순지리 576-72번지,48330,34021,0,0576,0072,일반건축물,경상남도 양산시 신평강변5길 24 (하북면 순지리),,,0,76.97,0,140.54,0,블록구조,01000,주택,2,0
경상남도 양산시 하북면 순지리 576-75번지,48330,34021,0,0576,0075,일반건축물,경상남도 양산시 신평강변2길 17 (하북면 순지리),,2동,0,40,0,40,0,경량철골구조,04000,제2종근린생활시설,1,0
경상남도 양산시 하북면 순지리 576-75번지,48330,34021,0,0576,0075,일반건축물,경상남도 양산시 신평강변2길 17 (하북면 순지리),,1동,527.66,96.89,18.36,156.89,29.73,벽돌구조,01000,주택,2,0
경상남도 양산시 하북면 순지리 576-76번지,48330,34021,0,0576,0076,일반건축물,경상남도 양산시 신평로 13 (하북면 순지리),,,0,63.885,0,121.25,0,벽돌구조,03000,"근린생활시설, 주택",2,0
경상남도 양산시 하북면 순지리 576-79번지,48330,34021,0,0576,0079,일반건축물,경상남도 양산시 신평강변4길 14 (하북면 순지리),,,0,0,0,99.16,0,블록구조,03000,"근린생활시설, 주택",1,0
경상남도 양산시 하북면 순지리 576-81번지,48330,34021,0,0576,0081,일반건축물,경상남도 양산시 신평강변4길 8 (하북면 순지리),,,0,49.6,0,82.6,0,블록구조,01000,주택,2,0
경상남도 양산시 하북면 순지리 576-91번지,48330,34021,0,0576,0091,일반건축물,경상남도 양산시 신평강변5길 31 (하북면 순지리),,,0,58.32,0,58.32,0,블록구조,01000,주택,1,0
경상남도 양산시 하북면 순지리 576-93번지,48330,34021,0,0576,0093,일반건축물,경상남도 양산시 신평강변5길 29 (하북면 순지리),,,0,79.3,0,128.28,0,블록구조,04000,"근린생활시설, 주택",2,0
경상남도 양산시 하북면 순지리 577-2번지,48330,34021,0,0577,0002,일반건축물,경상남도 양산시 신평중앙길 15 (하북면 순지리),,,0,153.65,0,489.12,0,벽돌구조,03000,근린생활시설,3,1
경상남도 양산시 하북면 순지리 578-3번지,48330,34021,0,0578,0003,일반건축물,경상남도 양산시 신평중앙길 13 (하북면 순지리),,,0,72.72,0,132.22,0,철근콘크리트구조,03000,"점포, 주택",2,0
경상남도 양산시 하북면 순지리 579-1번지,48330,34021,0,0579,0001,일반건축물,경상남도 양산시 신평중앙길 17 (하북면 순지리),,,1228.1,158.67,12.92,158.67,12.92,기타조적구조,01000,단독주택,1,0
경상남도 양산시 하북면 순지리 579-1번지,48330,34021,0,0579,0001,일반건축물,경상남도 양산시 신평중앙길 15-1 (하북면 순지리),,,1228.1,205.64,16.74,493.86,40.21,철근콘크리트구조,05000,"문화및집회시설, 교육연구 및 복지시설",3,0
경상남도 양산시 하북면 순지리 580-1번지,48330,34021,0,0580,0001,일반건축물,경상남도 양산시 신평중앙길 21 (하북면 순지리),,,0,99.18,0,99.18,0,벽돌구조,18000,창고,1,0
경상남도 양산시 하북면 순지리 580-1번지,48330,34021,0,0580,0001,일반건축물,경상남도 양산시 신평중앙길 21 (하북면 순지리),,,0,247.72,0,901.25,0,철근콘크리트구조,15000,"숙박시설(여관),제2종근린생활시설",3,1
경상남도 양산시 하북면 순지리 580-3번지,48330,34021,0,0580,0003,일반건축물,경상남도 양산시 신평중앙길 23 (하북면 순지리),,,334.02,232.91,69.73,815.63,209.19,철근콘크리트구조,03000,"노유자시설, 근린공공시설, 근린생활시설, 청소년시설",3,1
경상남도 양산시 하북면 순지리 581번지,48330,34021,0,0581,0000,일반건축물,,,,0,79.42,0,79.42,0,벽돌구조,01000,주택,1,0
경상남도 양산시 하북면 순지리 582번지,48330,34021,0,0582,0000,일반건축물,경상남도 양산시 신평강변6길 5 (하북면 순지리),,,0,57.16,0,57.16,0,벽돌구조,01000,단독주택,1,0
경상남도 양산시 하북면 순지리 585번지,48330,34021,0,0585,0000,일반건축물,경상남도 양산시 신평강변로 48-2 (하북면 순지리),,제1동,242,92.71,38.31,83.47,34.49,철근콘크리트구조,01000,단독주택,2,0
경상남도 양산시 하북면 순지리 586번지,48330,34021,0,0586,0000,일반건축물,경상남도 양산시 신평강변로 48-1 (하북면 순지리),,,0,33.04,0,33.04,0,블록구조,01000,주택,1,0
경상남도 양산시 하북면 순지리 587번지,48330,34021,0,0587,0000,일반건축물,경상남도 양산시 신평강변로 48 (하북면 순지리),,,109,47.35,43.44,87.95,80.69,벽돌구조,01000,주택,2,0
경상남도 양산시 하북면 순지리 588번지,48330,34021,0,0588,0000,일반건축물,경상남도 양산시 신평강변로 50 (하북면 순지리),,,0,72.72,0,72.72,0,블록구조,01000,주택,1,0
경상남도 양산시 하북면 순지리 591-1번지,48330,34021,0,0591,0001,일반건축물,경상남도 양산시 신평중앙길 25 (하북면 순지리),,,623.1,327.81,52.61,318.42,51.1,철근콘크리트구조,16000,제2종근린생활시설,1,0
경상남도 양산시 하북면 순지리 594번지,48330,34021,0,0594,0000,일반건축물,경상남도 양산시 신평강변7길 1-2 (하북면 순지리),,,0,33.05,0,33.05,0,일반목구조,01000,주택,1,0
경상남도 양산시 하북면 순지리 595번지,48330,34021,0,0595,0000,일반건축물,경상남도 양산시 신평강변로 52 (하북면 순지리),,,0,0,0,113,0,블록구조,01000,"근린생활시설, 주택",1,0
경상남도 양산시 하북면 순지리 596번지,48330,34021,0,0596,0000,일반건축물,경상남도 양산시 신평강변로 54 (하북면 순지리),,,0,49.58,0,49.58,0,일반목구조,01000,주택,1,0
경상남도 양산시 하북면 순지리 600-2번지,48330,34021,0,0600,0002,일반건축물,경상남도 양산시 신평중앙길 37 (하북면 순지리),,,119,89.64,75.33,310.94,272,철근콘크리트구조,04000,"제1,2종근린생활시설,단독주택",5,0
경상남도 양산시 하북면 순지리 600-4번지,48330,34021,0,0600,0004,일반건축물,경상남도 양산시 신평중앙길 37-1 (하북면 순지리),,,0,0,0,188.42,0,철근콘크리트구조,01000,"주택, 제1종근린생활시설",2,0
경상남도 양산시 하북면 순지리 600-5번지,48330,34021,0,0600,0005,일반건축물,경상남도 양산시 신평중앙길 39 (하북면 순지리),,,255,149.02,58.44,298.04,116.88,벽돌구조,01000,"주택, 근린생활시설, 숙박시설",2,0
경상남도 양산시 하북면 순지리 600-7번지,48330,34021,0,0600,0007,일반건축물,경상남도 양산시 신평중앙길 35-1 (하북면 순지리),,,114,68.41,60.01,68.41,60.01,경량철골구조,04000,제2종근린생활시설,1,0
경상남도 양산시 하북면 순지리 602번지,48330,34021,0,0602,0000,일반건축물,경상남도 양산시 신평중앙길 33 (하북면 순지리),,,410,215.64,52.6,293.96,71.7,철근콘크리트구조,04000,"근린생활시설, 주택",2,0
경상남도 양산시 하북면 순지리 604-1번지,48330,34021,0,0604,0001,일반건축물,경상남도 양산시 신평중앙길 32 (하북면 순지리),,,0,23.1,0,23.1,0,일반목구조,01000,주택,1,0
경상남도 양산시 하북면 순지리 605-1번지,48330,34021,0,0605,0001,일반건축물,경상남도 양산시 신평5길 19 (하북면 순지리),하북면 웰니스센터,,681,338.41,49.69,1406.33,173.13,철근콘크리트구조,03000,제1종근린생활시설,4,1
경상남도 양산시 하북면 순지리 605-2번지,48330,34021,0,0605,0002,일반건축물,경상남도 양산시 신평중앙길 29 (하북면 순지리),,,0,129.56,0,374.58,0,철근콘크리트구조,03000,"주택, 근린생활시설",2,1
경상남도 양산시 하북면 순지리 605-4번지,48330,34021,0,0605,0004,일반건축물,경상남도 양산시 신평중앙길 30 (하북면 순지리),,,704,264.22,37.53,259.22,36.82,철근콘크리트구조,16000,위락시설,1,0
경상남도 양산시 하북면 순지리 605-5번지,48330,34021,0,0605,0005,일반건축물,경상남도 양산시 신평중앙길 24 (하북면 순지리),,,757,327.5,43.26,1296.25,128.69,철근콘크리트구조,03000,제1종근린생활시설,3,1
경상남도 양산시 하북면 순지리 605-13번지,48330,34021,0,0605,0013,일반건축물,경상남도 양산시 신평강변7길 12 (하북면 순지리),,,357,115.2,32.27,115.2,32.27,철근콘크리트구조,03000,제1종근린생활시설,1,0
경상남도 양산시 하북면 순지리 610-1번지,48330,34021,0,0610,0001,일반건축물,경상남도 양산시 신평중앙길 30-1 (하북면 순지리),,,0,62.7,0,62.7,0,블록구조,01000,주택,1,0
경상남도 양산시 하북면 순지리 610-3번지,48330,34021,0,0610,0003,일반건축물,경상남도 양산시 신평중앙길 34 (하북면 순지리),,,0,30,0,30,0,일반목구조,01000,주택,1,0
경상남도 양산시 하북면 순지리 610-4번지,48330,34021,0,0610,0004,표제부,경상남도 양산시 신평중앙길 34-1 (하북면 순지리),,,155,106.64,68.8,302.67,195.27,철근콘크리트구조,03000,"제1종근린생활시설,단독주택",4,0
경상남도 양산시 하북면 순지리 612-3번지,48330,34021,0,0612,0003,일반건축물,경상남도 양산시 통도사로 51 (하북면 순지리),,1동,368,138.08,37.52,131.98,35.86,철근콘크리트구조,04000,제2종근린생활시설,1,0
경상남도 양산시 하북면 순지리 612-3번지,48330,34021,0,0612,0003,일반건축물,경상남도 양산시 통도사로 51 (하북면 순지리),,2동,0,132.8,0,132.8,0,경량철골구조,04000,제2종근린생활시설,1,0
경상남도 양산시 하북면 순지리 612-4번지,48330,34021,0,0612,0004,일반건축물,경상남도 양산시 통도사로 55 (하북면 순지리),,,108,70.36,65.1,70.36,65.1,경량철골구조,04000,제2종근린생활시설,1,0
경상남도 양산시 하북면 순지리 615-2번지,48330,34021,0,0615,0002,일반건축물,경상남도 양산시 통도사로 41 (하북면 순지리),로망스,,300,237.94,79.31,1369.31,430.33,철근콘크리트구조,15000,숙박시설,7,1
경상남도 양산시 하북면 순지리 615-4번지,48330,34021,0,0615,0004,일반건축물,경상남도 양산시 통도사로 37 (하북면 순지리),,,251,175.59,69.96,443.99,176.89,철근콘크리트구조,03000,"근린생활시설, 단독주택",3,0
경상남도 양산시 하북면 순지리 615-6번지,48330,34021,0,0615,0006,일반건축물,경상남도 양산시 통도사로 43 (하북면 순지리),,,284.87,182.52,64.07,791.19,192.21,철근콘크리트구조,15000,숙박시설,4,1
경상남도 양산시 하북면 순지리 616-1번지,48330,34021,0,0616,0001,표제부,경상남도 양산시 통도사로 47 (하북면 순지리),윤창홈타운,,1219,684.5205,56.15,5891.992,413.24,철근콘크리트구조,02000,"공동주택,업무시설,제1,2종근린생활시설",15,1
경상남도 양산시 하북면 순지리 616-3번지,48330,34021,0,0616,0003,표제부,경상남도 양산시 신평5길 30 (하북면 순지리),미소드리움 2차,,999,15.9,1.59,13975,1398.9,철근콘크리트구조,02000,경비실,1,0
경상남도 양산시 하북면 순지리 616-3번지,48330,34021,0,0616,0003,표제부,경상남도 양산시 신평5길 30 (하북면 순지리),미소드리움 2차,,999,607.84,60.84,6410.79,490.1,철근콘크리트구조,02000,"공동주택,업무시설",13,2
경상남도 양산시 하북면 순지리 616-6번지,48330,34021,0,0616,0006,표제부,경상남도 양산시 신평5길 29 (하북면 순지리),미소드리움 1차,미소드리움 1차,0,10.53,0,10.53,0,철근콘크리트구조,02000,공동주택,1,0
경상남도 양산시 하북면 순지리 616-6번지,48330,34021,0,0616,0006,표제부,경상남도 양산시 신평5길 29 (하북면 순지리),미소드리움 1차,미소드리움 1차,0,16.97,0,16.97,0,철근콘크리트구조,02000,공동주택,1,0
경상남도 양산시 하북면 순지리 616-6번지,48330,34021,0,0616,0006,표제부,경상남도 양산시 신평5길 29 (하북면 순지리),미소드리움 1차,미소드리움 1차,1151,669.66,58.18,5878.1,435.41,철근콘크리트구조,02000,"공동주택, 업무시설",11,1
경상남도 양산시 하북면 순지리 616-15번지,48330,34021,0,0616,0015,일반건축물,경상남도 양산시 통도사로 45 (하북면 순지리),,,592,264.51,44.68,458.57,77.46,일반철골구조,04000,제2종근린생활시설,3,0
경상남도 양산시 하북면 순지리 618-1번지,48330,34021,0,0618,0001,일반건축물,경상남도 양산시 통도사로 59 (하북면 순지리),,,632,306.6,48.51,1129.08,153.46,철근콘크리트구조,04000,"제2종근린생활시설,위락시설",4,1
경상남도 양산시 하북면 순지리 618-2번지,48330,34021,0,0618,0002,일반건축물,경상남도 양산시 신평강변8길 11 (하북면 순지리),,,2375,1103.5,46.46,4999.5,171.58,철근콘크리트구조,15000,숙박시설,8,1
경상남도 양산시 하북면 순지리 618-3번지,48330,34021,0,0618,0003,일반건축물,경상남도 양산시 신평강변9길 14 (하북면 순지리),,,1693.53,579.44,34.21,579.44,34.21,경량철골구조,03000,근린생활시설,1,0
경상남도 양산시 하북면 순지리 618-10번지,48330,34021,0,0618,0010,일반건축물,경상남도 양산시 신평중앙길 40 (하북면 순지리),,,632,301.7,47.74,878.1,138.94,철근콘크리트구조,04000,"숙박시설,제2종근린생활시설",3,0
경상남도 양산시 하북면 순지리 620-1번지,48330,34021,0,0620,0001,일반건축물,경상남도 양산시 통도사로 43-1 (하북면 순지리),,,553.89,189.27,34.17,187.58,33.87,조적구조,01000,단독주택,1,0
경상남도 양산시 하북면 순지리 623번지,48330,34021,0,0623,0000,일반건축물,경상남도 양산시 신평중앙길 20-2 (하북면 순지리),,,459.01,232.9,50.74,735.1,127.87,철근콘크리트구조,03000,"위락시설,제1종근린생활시설,단독주택",3,1
경상남도 양산시 하북면 순지리 626-1번지,48330,34021,0,0626,0001,일반건축물,경상남도 양산시 신평중앙길 20 (하북면 순지리),,,0,75.78,0,151.56,0,철근콘크리트구조,01000,"근린생활시설, 주택",2,0
경상남도 양산시 하북면 순지리 626-4번지,48330,34021,0,0626,0004,표제부,경상남도 양산시 신평강변6길 12 (하북면 순지리),힐튼펠리스,1동,0,250.76,0,1647.82,0,철근콘크리트구조,02000,공동주택,9,1
경상남도 양산시 하북면 순지리 626-4번지,48330,34021,0,0626,0004,표제부,경상남도 양산시 신평강변6길 12 (하북면 순지리),힐튼펠리스,2동,0,191.9,0,191.9,0,철근콘크리트구조,03000,제1종근린생활시설,1,0
경상남도 양산시 하북면 순지리 627-9번지,48330,34021,0,0627,0009,일반건축물,경상남도 양산시 신평중앙길 16 (하북면 순지리),하북새마을금고,,208,133.2,64.04,145,69.71,철근콘크리트구조,04000,제2종근린생활시설,2,0
경상남도 양산시 하북면 순지리 629번지,48330,34021,0,0629,0000,일반건축물,경상남도 양산시 신평4길 11 (하북면 순지리),,,0,39.6,0,39.6,0,블록구조,01000,주택,1,0
경상남도 양산시 하북면 순지리 630번지,48330,34021,0,0630,0000,표제부,경상남도 양산시 신평강변6길 14 (하북면 순지리),힐튼팰리스 B동,,444,252.72,56.92,1492.18,336.08,철근콘크리트구조,02000,공동주택,8,0
경상남도 양산시 하북면 순지리 631-2번지,48330,34021,0,0631,0002,일반건축물,경상남도 양산시 신평중앙길 20-1 (하북면 순지리),,,0,98.97,0,490.18,0,철근콘크리트구조,15000,"근린생활시설, 숙박시설",4,1
경상남도 양산시 하북면 순지리 632-4번지,48330,34021,0,0632,0004,일반건축물,,,,0,49.5,0,49.5,0,블록구조,01000,주택,1,0
경상남도 양산시 하북면 순지리 634번지,48330,34021,0,0634,0000,일반건축물,경상남도 양산시 신평강변6길 16 (하북면 순지리),,1동,275,194.8,70.84,555.98,202.17,철근콘크리트구조,01000,단독주택,4,0
경상남도 양산시 하북면 순지리 634-3번지,48330,34021,0,0634,0003,일반건축물,경상남도 양산시 신평4길 14 (하북면 순지리),,1동,261,186.02,71.27,536.12,205.41,철근콘크리트구조,01000,단독주택,4,0
경상남도 양산시 하북면 순지리 636번지,48330,34021,0,0636,0000,표제부,경상남도 양산시 신평5길 9 (하북면 순지리),통도 위플러스,,1109,881.64,79.5,4989.068,378.44,철근콘크리트구조,02000,"공동주택,제1종근린생활시설,제2종근린생활시설",10,1
경상남도 양산시 하북면 순지리 636-2번지,48330,34021,0,0636,0002,일반건축물,경상남도 양산시 신평5길 7 (하북면 순지리),,,0,33,0,33,0,블록구조,01000,주택,1,0
경상남도 양산시 하북면 순지리 638번지,48330,34021,0,0638,0000,일반건축물,경상남도 양산시 신평강변6길 18 (하북면 순지리),,,127.3,89,69.91,85.9,67.48,벽돌구조,01000,단독주택,1,0
경상남도 양산시 하북면 순지리 639번지,48330,34021,0,0639,0000,일반건축물,,,,0,62.7,0,62.7,0,일반목구조,01000,주택,1,0
경상남도 양산시 하북면 순지리 640번지,48330,34021,0,0640,0000,일반건축물,경상남도 양산시 신평5길 16 (하북면 순지리),,제1동,261,96.21,36.86,95.16,36.46,경량철골구조,01000,단독주택,1,0
경상남도 양산시 하북면 순지리 641번지,48330,34021,0,0641,0000,일반건축물,경상남도 양산시 신평강변6길 19 (하북면 순지리),,,0,79.2,0,79.2,0,벽돌구조,01000,주택,1,0
경상남도 양산시 하북면 순지리 642번지,48330,34021,0,0642,0000,일반건축물,경상남도 양산시 신평강변6길 20 (하북면 순지리),,,0,80.82,0,80.82,0,벽돌구조,01000,주택,1,0
경상남도 양산시 하북면 순지리 645-1번지,48330,34021,0,0645,0001,일반건축물,경상남도 양산시 통도사로 31 (하북면 순지리),,,780,589.85,75.62,1093.44,140.18,철근콘크리트구조,03000,"제1종근린생활시설, 제2종근린생활시설",2,0
경상남도 양산시 하북면 순지리 651-1번지,48330,34021,0,0651,0001,일반건축물,경상남도 양산시 신평로 49 (하북면 순지리),,,572,352.67,61.66,479.32,83.8,철근콘크리트구조,04000,제2종근린생활시설 및 단독주택,2,0
경상남도 양산시 하북면 순지리 661-4번지,48330,34021,0,0661,0004,일반건축물,경상남도 양산시 신평3길 9-1 (하북면 순지리),,,0,97.88,0,195.75,0,벽돌구조,01000,주택,2,0
경상남도 양산시 하북면 순지리 661-6번지,48330,34021,0,0661,0006,일반건축물,경상남도 양산시 신평2길 18 (하북면 순지리),,,0,119.07,0,195.84,0,벽돌구조,01000,주택,2,0
경상남도 양산시 하북면 순지리 661-10번지,48330,34021,0,0661,0010,일반건축물,경상남도 양산시 신평2길 18-1 (하북면 순지리),,,0,111.84,0,195.36,0,벽돌구조,01000,주택,2,0
경상남도 양산시 하북면 순지리 661-11번지,48330,34021,0,0661,0011,일반건축물,경상남도 양산시 통도1길 20 (하북면 순지리),,,0,107.65,0,164.35,0,벽돌구조,01000,주택,2,0
경상남도 양산시 하북면 순지리 661-12번지,48330,34021,0,0661,0012,일반건축물,경상남도 양산시 통도1길 22 (하북면 순지리),,,0,90.31,0,186.05,0,벽돌구조,01000,다가구주택,2,1
경상남도 양산시 하북면 순지리 661-15번지,48330,34021,0,0661,0015,일반건축물,경상남도 양산시 신평1길 11 (하북면 순지리),,,172,100.14,58.22,195.28,113.53,벽돌구조,04000,근린생활시설,2,0
경상남도 양산시 하북면 순지리 661-20번지,48330,34021,0,0661,0020,일반건축물,경상남도 양산시 통도1길 23 (하북면 순지리),,,147,65.48,44.54,65.48,44.54,철근콘크리트구조,01000,단독주택,1,0
경상남도 양산시 하북면 순지리 662-4번지,48330,34021,0,0662,0004,표제부,경상남도 양산시 신평3길 11 (하북면 순지리),삼보연립,,0,402.67,0,2021.45,0,철근콘크리트구조,02000,공동주택,5,0
경상남도 양산시 하북면 순지리 662-7번지,48330,34021,0,0662,0007,일반건축물,경상남도 양산시 신평1길 16 (하북면 순지리),,,168,89.5,53.27,207.01,116.09,벽돌구조,03000,제1종근린생활시설,3,1
경상남도 양산시 하북면 순지리 663-1번지,48330,34021,0,0663,0001,일반건축물,경상남도 양산시 신평로 43 (하북면 순지리),,,84,23.64,28.14,23.64,28.14,경량철골구조,18000,창고시설,1,0
경상남도 양산시 하북면 순지리 663-4번지,48330,34021,0,0663,0004,표제부,경상남도 양산시 신평로 41 (하북면 순지리),다세대주택,,329,215.89,65.62,412.9,125.5,철근콘크리트구조,03000,다세대주택,2,0
경상남도 양산시 하북면 순지리 663-9번지,48330,34021,0,0663,0009,일반건축물,경상남도 양산시 신평3길 9 (하북면 순지리),,,287,179.41,62.51,456.44,159.04,철근콘크리트구조,04000,"제2종근린생활시설,단독주택",3,0
경상남도 양산시 하북면 순지리 663-10번지,48330,34021,0,0663,0010,일반건축물,경상남도 양산시 신평3길 7 (하북면 순지리),,,373,245.84,65.91,477.68,128.06,철근콘크리트구조,03000,"제1종근린생활시설,제2종근린생활시설",2,0
경상남도 양산시 하북면 순지리 664-2번지,48330,34021,0,0664,0002,일반건축물,경상남도 양산시 신평로 42 (하북면 순지리),,,0,0,0,323.445,0,블록구조,01000,"주택, 근린생활시설",2,0
경상남도 양산시 하북면 순지리 665-1번지,48330,34021,0,0665,0001,일반건축물,경상남도 양산시 신평로 43 (하북면 순지리),,,69,40.44,58.61,79.68,115.48,경량철골구조,04000,근린생활시설,2,0
경상남도 양산시 하북면 순지리 665-2번지,48330,34021,0,0665,0002,일반건축물,경상남도 양산시 신평로 45 (하북면 순지리),,,0,161.62,0,762.58,0,철근콘크리트구조,03000,"제2종근린생활시설, 주택",5,0
경상남도 양산시 하북면 순지리 668번지,48330,34021,0,0668,0000,표제부,경상남도 양산시 신평5길 6 (하북면 순지리),초원아파트,가동,0,194.58,0,1945.8,0,철근콘크리트구조,02000,공동주택,10,0
경상남도 양산시 하북면 순지리 668번지,48330,34021,0,0668,0000,표제부,경상남도 양산시 신평5길 6 (하북면 순지리),초원아파트,나동,0,529.32,0,5293.2,0,철근콘크리트구조,02000,공동주택,10,0
경상남도 양산시 하북면 순지리 668번지,48330,34021,0,0668,0000,표제부,경상남도 양산시 신평5길 6 (하북면 순지리),초원아파트,,0,977.99,0,8598.17,0,철근콘크리트구조,02000,"공동주택(아파트), 근린생활시설",10,1
경상남도 양산시 하북면 순지리 671번지,48330,34021,0,0671,0000,일반건축물,경상남도 양산시 신평4길 7 (하북면 순지리),,,502.81,56.16,11.17,56.16,11.17,일반목구조,03000,근린생활시설,1,0
경상남도 양산시 하북면 순지리 671-2번지,48330,34021,0,0671,0002,일반건축물,경상남도 양산시 신평4길 10 (하북면 순지리),,,131,94.68,72.27,153.39,117.09,철근콘크리트구조,11000,노유자시설,2,0
경상남도 양산시 하북면 순지리 673-1번지,48330,34021,0,0673,0001,표제부,경상남도 양산시 신평5길 3 (하북면 순지리),송원월드타워,,551,254.8575,46.25,1754.69,318.46,철근콘크리트구조,02000,"공동주택,제2종근린생활시설",10,0
경상남도 양산시 하북면 순지리 673-7번지,48330,34021,0,0673,0007,표제부,경상남도 양산시 신평5길 5 (하북면 순지리),남양빌라,,500,321.42,64.28,1847.885,363.96,철근콘크리트구조,02000,"공동주택,업무시설",7,1
경상남도 양산시 하북면 순지리 674-2번지,48330,34021,0,0674,0002,일반건축물,경상남도 양산시 신평4길 5 (하북면 순지리),,,367,179.05,48.79,179.05,48.79,철근콘크리트구조,04000,근린생활시설,1,0
경상남도 양산시 하북면 순지리 674-8번지,48330,34021,0,0674,0008,일반건축물,경상남도 양산시 신평로 39 (하북면 순지리),,2동,631,239.14,37.9,643.84,102.03,철근콘크리트구조,03000,제1종근린생활시설,4,0
경상남도 양산시 하북면 순지리 675-2번지,48330,34021,0,0675,0002,일반건축물,경상남도 양산시 신평3길 4 (하북면 순지리),,1동,328,197.77,60.3,384.77,117.31,일반철골구조,04000,제2종근린생활시설,2,0
경상남도 양산시 하북면 순지리 676번지,48330,34021,0,0676,0000,일반건축물,경상남도 양산시 신평로 37 (하북면 순지리),평심요양병원,,1758,945.86,53.8,4435.07,249.37,철근콘크리트구조,09000,의료시설,6,1
경상남도 양산시 하북면 순지리 679-1번지,48330,34021,0,0679,0001,일반건축물,경상남도 양산시 신평중앙길 14 (하북면 순지리),하북새마을금고,,344,270.98,78.77,824.82,239.77,철근콘크리트구조,14000,업무시설,3,0
경상남도 양산시 하북면 순지리 679-2번지,48330,34021,0,0679,0002,일반건축물,경상남도 양산시 신평중앙길 11 (하북면 순지리),,,0,79.33,0,158.66,0,철근콘크리트구조,01000,"점포, 주택",2,0
경상남도 양산시 하북면 순지리 680-1번지,48330,34021,0,0680,0001,일반건축물,경상남도 양산시 신평중앙길 10-1 (하북면 순지리),,,111,81.64,73.55,180.01,162.17,철근콘크리트구조,01000,"제1종근린생활시설,단독주택,단독주택(창고)",3,0
경상남도 양산시 하북면 순지리 681-1번지,48330,34021,0,0681,0001,일반건축물,경상남도 양산시 신평중앙길 8-1 (하북면 순지리),,,0,89.915,0,89.915,0,철근콘크리트구조,03000,근린생활시설,1,0
경상남도 양산시 하북면 순지리 681-3번지,48330,34021,0,0681,0003,일반건축물,경상남도 양산시 신평중앙길 10 (하북면 순지리),,,0,132.4,0,646.1,0,철근콘크리트구조,03000,근린생활시설,4,1
경상남도 양산시 하북면 순지리 681-5번지,48330,34021,0,0681,0005,일반건축물,경상남도 양산시 신평중앙길 8 (하북면 순지리),,,180,137.3,76.28,390.14,216.74,철근콘크리트구조,04000,근린생활시설,3,0
경상남도 양산시 하북면 순지리 683번지,48330,34021,0,0683,0000,일반건축물,,,,0,82.63,0,82.63,0,일반목구조,01000,주택,1,0
경상남도 양산시 하북면 순지리 683-1번지,48330,34021,0,0683,0001,일반건축물,경상남도 양산시 신평로 33 (하북면 순지리),,,0,84.78,0,420.67,0,철근콘크리트구조,03000,"근린생활시설, 주택",4,1
경상남도 양산시 하북면 순지리 683-4번지,48330,34021,0,0683,0004,일반건축물,경상남도 양산시 신평중앙길 6 (하북면 순지리),,,328,29.75,0,59.5,0,철근콘크리트구조,01000,"주택, 점포",2,0
경상남도 양산시 하북면 순지리 683-4번지,48330,34021,0,0683,0004,일반건축물,경상남도 양산시 신평중앙길 6 (하북면 순지리),,,290,189.65,65.36,358.92,123.77,철근콘크리트구조,03000,"근린생활시설,제2종근린생활시설",2,0
경상남도 양산시 하북면 순지리 684-3번지,48330,34021,0,0684,0003,일반건축물,경상남도 양산시 신평로 31 (하북면 순지리),,,0,0,0,168.56,0,철근콘크리트구조,03000,근린생활시설,2,0
경상남도 양산시 하북면 순지리 685-1번지,48330,34021,0,0685,0001,일반건축물,경상남도 양산시 신평로 35 (하북면 순지리),,,0,59.5,0,109.1,0,철근콘크리트구조,03000,근린생활시설,2,0
경상남도 양산시 하북면 순지리 685-2번지,48330,34021,0,0685,0002,일반건축물,경상남도 양산시 신평로 36 (하북면 순지리),,,0,21.33,0,42.66,0,벽돌구조,04000,근린생활시설,2,0
경상남도 양산시 하북면 순지리 685-2번지,48330,34021,0,0685,0002,일반건축물,경상남도 양산시 신평로 36-1 (하북면 순지리),,,0,80.4,0,236.54,0,철근콘크리트구조,03000,"주택, 근린생활시설",3,0
경상남도 양산시 하북면 순지리 685-6번지,48330,34021,0,0685,0006,일반건축물,경상남도 양산시 신평로 34 (하북면 순지리),,,0,257,0,439.8,0,철근콘크리트구조,04000,"주택, 영업",2,0
경상남도 양산시 하북면 순지리 685-7번지,48330,34021,0,0685,0007,일반건축물,경상남도 양산시 신평3길 6 (하북면 순지리),,,0,0,0,112.35,0,철근콘크리트구조,03000,"근린생활시설, 주택",2,0
경상남도 양산시 하북면 순지리 686번지,48330,34021,0,0686,0000,일반건축물,경상남도 양산시 신평2길 3 (하북면 순지리),,,0,75.73,0,122.48,0,벽돌구조,03000,"근린생활시설, 주택",2,0
경상남도 양산시 하북면 순지리 687-2번지,48330,34021,0,0687,0002,일반건축물,경상남도 양산시 신평2길 5 (하북면 순지리),,1동,234,81.05,34.64,147.68,63.11,철근콘크리트구조,01000,단독주택,2,0
경상남도 양산시 하북면 순지리 688-1번지,48330,34021,0,0688,0001,일반건축물,경상남도 양산시 신평2길 8 (하북면 순지리),,,1735,900.82,51.92,1132.75,65.28,벽돌구조,07000,"제1종근린생활시설, 단독주택, 제2종근린생활시설",2,0
경상남도 양산시 하북면 순지리 688-5번지,48330,34021,0,0688,0005,일반건축물,경상남도 양산시 신평3길 11-1 (하북면 순지리),,B동,0,27.6,0,27.6,0,경량철골구조,03000,제1종근린생활시설,1,0
경상남도 양산시 하북면 순지리 688-5번지,48330,34021,0,0688,0005,일반건축물,경상남도 양산시 신평3길 13 (하북면 순지리),,A동,0,25.54,0,25.54,0,경량철골구조,03000,제1종근린생활시설,1,0
경상남도 양산시 하북면 순지리 689-3번지,48330,34021,0,0689,0003,일반건축물,경상남도 양산시 신평1길 3-1 (하북면 순지리),,,212,88.86,41.92,160.79,75.84,벽돌구조,01000,다세대주택,2,0
경상남도 양산시 하북면 순지리 689-4번지,48330,34021,0,0689,0004,일반건축물,경상남도 양산시 신평1길 5 (하북면 순지리),,,0,82.56,0,152.96,0,벽돌구조,01000,주택,2,0
경상남도 양산시 하북면 순지리 691-5번지,48330,34021,0,0691,0005,일반건축물,경상남도 양산시 신평로 21-1 (하북면 순지리),,,0,37.44,0,37.44,0,블록구조,04000,"점포, 주택",1,0
경상남도 양산시 하북면 순지리 691-7번지,48330,34021,0,0691,0007,일반건축물,경상남도 양산시 신평로 23 (하북면 순지리),,,0,0,0,655.4,0,철근콘크리트구조,03000,"근린생활시설, 주택",2,1
경상남도 양산시 하북면 순지리 691-17번지,48330,34021,0,0691,0017,일반건축물,경상남도 양산시 신평강변2길 19-14 (하북면 순지리),,,152,82.74,54.43,153.04,100.68,벽돌구조,03000,"근린생활시설, 주택",2,0
경상남도 양산시 하북면 순지리 691-18번지,48330,34021,0,0691,0018,일반건축물,경상남도 양산시 신평로 19 (하북면 순지리),,,196,105.67,53.91,178.02,90.83,일반철골구조,04000,"제2종근린생활시설,단독주택",2,0
경상남도 양산시 하북면 순지리 691-19번지,48330,34021,0,0691,0019,일반건축물,경상남도 양산시 신평로 20 (하북면 순지리),,,0,155.72,0,412.02,0,철근콘크리트구조,03000,"근린생활시설, 주택",3,0
경상남도 양산시 하북면 순지리 691-20번지,48330,34021,0,0691,0020,일반건축물,경상남도 양산시 신평1길 3 (하북면 순지리),,,0,70.2,0,70.2,0,철근콘크리트구조,01000,단독주택,1,0
경상남도 양산시 하북면 순지리 691-21번지,48330,34021,0,0691,0021,일반건축물,경상남도 양산시 신평중앙길 11 (하북면 순지리),,,35,24,68.57,48,137.14,철근콘크리트구조,03000,"근린생활시설, 주택",2,0
경상남도 양산시 하북면 순지리 691-23번지,48330,34021,0,0691,0023,일반건축물,경상남도 양산시 신평중앙길 7-1 (하북면 순지리),,,164.43,113.61,69.09,338.45,205.83,철근콘크리트구조,03000,근린생활시설,3,0
경상남도 양산시 하북면 순지리 691-24번지,48330,34021,0,0691,0024,일반건축물,경상남도 양산시 신평중앙길 7 (하북면 순지리),,,0,48.51,0,85,0,철근콘크리트구조,03000,"근린생활시설, 주택",2,0
경상남도 양산시 하북면 순지리 691-25번지,48330,34021,0,0691,0025,일반건축물,경상남도 양산시 신평강변3길 17-12 (하북면 순지리),,,95,64.46,67.85,128.92,135.71,벽돌구조,03000,근린생활시설,2,0
경상남도 양산시 하북면 순지리 691-27번지,48330,34021,0,0691,0027,일반건축물,경상남도 양산시 신평중앙길 5-2 (하북면 순지리),,,0,70.38,0,140.76,0,철근콘크리트구조,04000,"점포, 주택",2,0
경상남도 양산시 하북면 순지리 691-27번지,48330,34021,0,0691,0027,일반건축물,경상남도 양산시 신평중앙길 5-2 (하북면 순지리),,,0,106.41,0,494.54,0,철근콘크리트구조,03000,"근린생활시설, 주택",4,1
경상남도 양산시 하북면 순지리 691-28번지,48330,34021,0,0691,0028,일반건축물,경상남도 양산시 신평강변3길 17-10 (하북면 순지리),,,0,114.3,0,114.3,0,철근콘크리트구조,04000,"주택,제2종근린생활시설",2,0
경상남도 양산시 하북면 순지리 691-32번지,48330,34021,0,0691,0032,일반건축물,경상남도 양산시 신평중앙길 1 (하북면 순지리),,,0,253.98,0,700.63,0,철근콘크리트구조,03000,"근린생활시설, 영업, 주택",3,0
경상남도 양산시 하북면 순지리 691-33번지,48330,34021,0,0691,0033,일반건축물,경상남도 양산시 신평강변2길 19-8 (하북면 순지리),,,0,32.4,0,32.4,0,블록구조,01000,"주택, 점포",1,0
경상남도 양산시 하북면 순지리 691-34번지,48330,34021,0,0691,0034,일반건축물,경상남도 양산시 신평로 21 (하북면 순지리),,,0,115.6,0,181.7,0,벽돌구조,01000,"주택, 점포",2,0
경상남도 양산시 하북면 순지리 691-35번지,48330,34021,0,0691,0035,일반건축물,경상남도 양산시 신평강변2길 19-6 (하북면 순지리),,,0,46.2,0,46.2,0,블록구조,01000,주택,1,0
경상남도 양산시 하북면 순지리 691-37번지,48330,34021,0,0691,0037,일반건축물,경상남도 양산시 신평로 17-1 (하북면 순지리),,,155,107.66,69.46,107.66,69.46,경량철골구조,03000,제1종근린생활시설,1,0
경상남도 양산시 하북면 순지리 691-47번지,48330,34021,0,0691,0047,일반건축물,경상남도 양산시 신평로 22 (하북면 순지리),,,278,216.76,77.97,432.92,155.73,철근콘크리트구조,03000,제2종근린생활시설,2,0
경상남도 양산시 하북면 순지리 691-49번지,48330,34021,0,0691,0049,일반건축물,경상남도 양산시 신평로 18 (하북면 순지리),,,0,154.13,0,432.97,0,철근콘크리트구조,03000,"근린생활시설, 교육연구시설, 주택",3,0
경상남도 양산시 하북면 순지리 691-53번지,48330,34021,0,0691,0053,일반건축물,경상남도 양산시 신평로 22-1 (하북면 순지리),,,44,26.4,60,26.4,60,경량철골구조,03000,제1종근린생활시설,1,0
경상남도 양산시 하북면 순지리 691-55번지,48330,34021,0,0691,0055,일반건축물,,,,0,99,0,99,0,일반목구조,01000,"점포, 주택",1,0
경상남도 양산시 하북면 순지리 691-57번지,48330,34021,0,0691,0057,일반건축물,경상남도 양산시 신평로 30 (하북면 순지리),,,360,216.97,60.27,744.39,169.05,철근콘크리트구조,03000,"근린생활시설, 단독주택",3,1
경상남도 양산시 하북면 순지리 691-58번지,48330,34021,0,0691,0058,일반건축물,경상남도 양산시 신평로 28 (하북면 순지리),,,0,159.86,0,312.07,0,철근콘크리트구조,01000,"주택, 근린생활시설",2,0
경상남도 양산시 하북면 순지리 691-62번지,48330,34021,0,0691,0062,일반건축물,경상남도 양산시 신평로 26 (하북면 순지리),,,0,67.81,0,67.81,0,철근콘크리트구조,01000,"주택, 점포",1,0
경상남도 양산시 하북면 순지리 691-64번지,48330,34021,0,0691,0064,일반건축물,경상남도 양산시 신평중앙길 3 (하북면 순지리),,,0,69.3,0,69.3,0,일반목구조,01000,"주택, 점포",1,0
경상남도 양산시 하북면 순지리 691-65번지,48330,34021,0,0691,0065,일반건축물,경상남도 양산시 신평강변3길 17-8 (하북면 순지리),,,215,122.1,56.79,197.26,91.75,철근콘크리트구조,03000,"근린생활시설, 주택",2,0
경상남도 양산시 하북면 순지리 691-66번지,48330,34021,0,0691,0066,일반건축물,경상남도 양산시 신평강변3길 17-6 (하북면 순지리),,,0,97.17,0,97.17,0,철근콘크리트구조,01000,"주택,제1,2종근린생활시설",1,0
경상남도 양산시 하북면 순지리 691-71번지,48330,34021,0,0691,0071,일반건축물,경상남도 양산시 신평강변3길 17 (하북면 순지리),,,0,66.11,0,181.8,0,철근콘크리트구조,03000,"점포, 사무실, 주택",3,0
경상남도 양산시 하북면 순지리 691-78번지,48330,34021,0,0691,0078,일반건축물,경상남도 양산시 신평중앙길 2 (하북면 순지리),,,235,117.3,49.91,350.3,149.06,철근콘크리트구조,15000,"제1종근린생활시설, 여관",3,0
경상남도 양산시 하북면 순지리 691-80번지,48330,34021,0,0691,0080,일반건축물,경상남도 양산시 신평중앙길 9 (하북면 순지리),,,0,85.8,0,85.8,0,일반목구조,01000,"주택, 영업",1,0
경상남도 양산시 하북면 순지리 691-84번지,48330,34021,0,0691,0084,일반건축물,경상남도 양산시 신평로 29 (하북면 순지리),,,0,146.19,0,402.54,0,철근콘크리트구조,03000,"점포, 주택",3,0
경상남도 양산시 하북면 순지리 691-89번지,48330,34021,0,0691,0089,일반건축물,경상남도 양산시 신평강변3길 18-1 (하북면 순지리),,,0,52.05,0,141.7,0,철근콘크리트구조,03000,"근린생활시설, 주택",3,0
경상남도 양산시 하북면 순지리 691-118번지,48330,34021,0,0691,0118,표제부,경상남도 양산시 신평로 25 (하북면 순지리),미소하우스 와숲,1동,545,312.51,57.34,2981.91,467.98,철근콘크리트구조,02000,"공동주택,제1,2종근린생활시설",12,1
경상남도 양산시 하북면 순지리 692번지,48330,34021,0,0692,0000,일반건축물,경상남도 양산시 신평로 27 (하북면 순지리),,,0,132.23,0,264.46,0,철근콘크리트구조,04000,"사무실, 영업소",2,0
경상남도 양산시 하북면 순지리 702번지,48330,34021,0,0702,0000,일반건축물,경상남도 양산시 신평로 2 (하북면 순지리),하북초등학교,부2동,12536,32.17,20.29,32.17,45.12,경량철골구조,10000,교육연구시설,2,0
경상남도 양산시 하북면 순지리 702번지,48330,34021,0,0702,0000,일반건축물,경상남도 양산시 신평로 2 (하북면 순지리),하북초등학교,,0,1470.93,0,2737.21,0,철근콘크리트구조,10000,교육연구및복지시설,4,0
경상남도 양산시 하북면 순지리 702번지,48330,34021,0,0702,0000,일반건축물,경상남도 양산시 신평로 2 (하북면 순지리),하북초 그린스마트 미래학교 본관,,0,1317.63,0,2414.68,0,철근콘크리트구조,10000,교육연구시설,2,0
경상남도 양산시 하북면 순지리 702-2번지,48330,34021,0,0702,0002,일반건축물,경상남도 양산시 신평1길 7 (하북면 순지리),,,86,39.82,46.3,38.38,44.63,경량철골구조,01000,단독주택,1,0
경상남도 양산시 하북면 순지리 704번지,48330,34021,0,0704,0000,일반건축물,경상남도 양산시 신평1길 16-2 (하북면 순지리),,,0,123.9,0,172.2,0,철근콘크리트구조,01000,단독주택,2,0
경상남도 양산시 하북면 순지리 704번지,48330,34021,0,0704,0000,일반건축물,경상남도 양산시 신평1길 16-2 (하북면 순지리),,2동,0,278.51,0,437.45,0,일반철골구조,04000,제2종근린생활시설,2,0
경상남도 양산시 하북면 순지리 716번지,48330,34021,0,0716,0000,일반건축물,경상남도 양산시 신평남부길 105 (하북면 순지리),,,0,85.8,0,85.8,0,철근콘크리트구조,01000,주택,1,0
경상남도 양산시 하북면 순지리 716-1번지,48330,34021,0,0716,0001,일반건축물,경상남도 양산시 신평남부길 101 (하북면 순지리),,,0,0,0,209.66,0,벽돌구조,03000,"근린생활시설, 주택",1,0
경상남도 양산시 하북면 순지리 717-6번지,48330,34021,0,0717,0006,일반건축물,경상남도 양산시 신평남부길 109 (하북면 순지리),,,184.67,107.03,57.96,328.53,158.84,철근콘크리트구조,04000,"단독주택, 제2종근린생활시설",4,0
경상남도 양산시 하북면 순지리 717-7번지,48330,34021,0,0717,0007,일반건축물,경상남도 양산시 신평남부길 107-1 (하북면 순지리),,,0,0,0,583.22,0,블록구조,01000,"주택, 숙박시설, 영업, 점포",3,1
경상남도 양산시 하북면 순지리 720-2번지,48330,34021,0,0720,0002,일반건축물,경상남도 양산시 신평남부길 111 (하북면 순지리),,,0,105.78,0,105.78,0,블록구조,01000,주택,1,0
경상남도 양산시 하북면 순지리 723-1번지,48330,34021,0,0723,0001,일반건축물,경상남도 양산시 신평강변1길 17 (하북면 순지리),,,0,14.4,0,14.4,0,벽돌구조,04000,제2종근린생활시설,1,0
경상남도 양산시 하북면 순지리 723-1번지,48330,34021,0,0723,0001,일반건축물,경상남도 양산시 신평강변1길 17 (하북면 순지리),,,1116,831.38,74.5,892.88,80.01,일반철골구조,03000,제1종근린생활시설,2,0
경상남도 양산시 하북면 순지리 723-9번지,48330,34021,0,0723,0009,일반건축물,경상남도 양산시 신평로 6 (하북면 순지리),,,0,0,0,431.74,0,철근콘크리트구조,03000,"주택, 점포",2,0
경상남도 양산시 하북면 순지리 727-4번지,48330,34021,0,0727,0004,일반건축물,경상남도 양산시 신평로 3 (하북면 순지리),,,962,243.1,25.27,486.2,50.54,일반철골구조,04000,제2종근린생활시설,2,0
경상남도 양산시 하북면 순지리 728번지,48330,34021,0,0728,0000,일반건축물,경상남도 양산시 신평로 11-3 (하북면 순지리),,,215,127.22,59.17,459.32,213.64,철근콘크리트구조,04000,제2종근린생활시설,4,0
경상남도 양산시 하북면 순지리 729-2번지,48330,34021,0,0729,0002,표제부,경상남도 양산시 신평로 11-1 (하북면 순지리),삼보맨션,,0,15,0,15,0,경량철골구조,02000,쓰레기수거및처리시설,1,0
경상남도 양산시 하북면 순지리 729-2번지,48330,34021,0,0729,0002,표제부,경상남도 양산시 신평로 11-1 (하북면 순지리),삼보맨션,,0,536.31,0,3224.84,0,철근콘크리트구조,02000,공동주택,6,1
경상남도 양산시 하북면 순지리 729-6번지,48330,34021,0,0729,0006,일반건축물,경상남도 양산시 신평로 11-2 (하북면 순지리),통도사우체국,제1동,380,230.5,60.66,219.75,57.83,철근콘크리트구조,03000,제1근린생활시설,1,0
경상남도 양산시 하북면 순지리 729-7번지,48330,34021,0,0729,0007,일반건축물,경상남도 양산시 신평로 11 (하북면 순지리),,,652.29,381.72,35.59,1482.38,206.33,철근콘크리트구조,03000,"단독주택,제1,2종근린생활시설",4,1
경상남도 양산시 하북면 순지리 730-1번지,48330,34021,0,0730,0001,일반건축물,경상남도 양산시 신평강변5길 18 (하북면 순지리),,,268.69,86.47,32.18,81.54,30.35,벽돌구조,01000,단독주택,1,0
경상남도 양산시 하북면 순지리 730-2번지,48330,34021,0,0730,0002,일반건축물,경상남도 양산시 신평강변2길 20-2 (하북면 순지리),,,0,33.05,0,33.05,0,일반목구조,01000,주택,1,0
경상남도 양산시 하북면 순지리 730-3번지,48330,34021,0,0730,0003,일반건축물,경상남도 양산시 신평강변5길 18-1 (하북면 순지리),,,162,97.14,59.96,156.3,96.48,철근콘크리트구조,11000,"노유자시설,제1종근린생활시설",2,0
경상남도 양산시 하북면 순지리 731번지,48330,34021,0,0731,0000,일반건축물,경상남도 양산시 신평강변5길 23 (하북면 순지리),,,0,80.03,0,150.82,0,벽돌구조,01000,주택,2,0
경상남도 양산시 하북면 순지리 731-2번지,48330,34021,0,0731,0002,일반건축물,경상남도 양산시 신평강변5길 22 (하북면 순지리),,,445,50.02,11.24,50.02,11.24,경량철골구조,01000,단독주택,1,0
경상남도 양산시 하북면 순지리 731-2번지,48330,34021,0,0731,0002,일반건축물,경상남도 양산시 신평강변5길 22 (하북면 순지리),,,445,167.06,37.54,272.13,61.15,철근콘크리트구조,01000,단독주택,2,0
경상남도 양산시 하북면 순지리 731-4번지,48330,34021,0,0731,0004,일반건축물,경상남도 양산시 신평강변2길 15-1 (하북면 순지리),,1동,165,82.8,50.18,82.8,50.18,철근콘크리트구조,01000,단독주택,1,0
경상남도 양산시 하북면 순지리 731-5번지,48330,34021,0,0731,0005,일반건축물,경상남도 양산시 신평강변2길 15 (하북면 순지리),통도헌,1동,195,114.8,58.87,324.04,166.17,철근콘크리트구조,03000,제1종근린생활시설,3,0
경상남도 양산시 하북면 순지리 731-7번지,48330,34021,0,0731,0007,일반건축물,경상남도 양산시 신평강변2길 20-1 (하북면 순지리),,,0,78.93,0,148.23,0,벽돌구조,01000,주택,2,0
경상남도 양산시 하북면 순지리 732-5번지,48330,34021,0,0732,0005,일반건축물,경상남도 양산시 신평강변5길 12 (하북면 순지리),하북면보건지소,,0,251.26,0,317.56,0,철근콘크리트구조,03000,제1종근린생활시설,2,0
경상남도 양산시 하북면 순지리 732-5번지,48330,34021,0,0732,0005,일반건축물,경상남도 양산시 신평강변5길 12 (하북면 순지리),하북면사무소,,0,131.64,0,343.08,0,철근콘크리트구조,03000,제1종근린생활시설,3,0
경상남도 양산시 하북면 순지리 732-5번지,48330,34021,0,0732,0005,일반건축물,경상남도 양산시 신평강변5길 12 (하북면 순지리),하북면사무소,,0,14.7,0,14.7,0,철근콘크리트구조,03000,제1종근린생활시설,1,0
경상남도 양산시 하북면 순지리 732-5번지,48330,34021,0,0732,0005,일반건축물,경상남도 양산시 신평강변5길 12 (하북면 순지리),하북면사무소,,0,597.06,0,1229.76,0,철근콘크리트구조,03000,제1종근린생활시설(면사무소),2,1
경상남도 양산시 하북면 순지리 732-6번지,48330,34021,0,0732,0006,일반건축물,경상남도 양산시 신평강변3길 7 (하북면 순지리),,,0,116.58,0,155.53,0,철근콘크리트구조,01000,주택,2,0
경상남도 양산시 하북면 순지리 732-10번지,48330,34021,0,0732,0010,일반건축물,경상남도 양산시 신평강변5길 20 (하북면 순지리),,,112,67.02,59.84,109.23,97.53,철근콘크리트구조,01000,단독주택,2,0
경상남도 양산시 하북면 순지리 732-14번지,48330,34021,0,0732,0014,일반건축물,경상남도 양산시 신평강변5길 15 (하북면 순지리),,,386.9,77.76,20.1,77.76,20.1,경량철골구조,01000,주택,1,0
경상남도 양산시 하북면 순지리 732-16번지,48330,34021,0,0732,0016,일반건축물,경상남도 양산시 신평강변2길 11 (하북면 순지리),,,0,79.32,0,79.32,0,일반목구조,01000,주택,1,0
경상남도 양산시 하북면 순지리 732-17번지,48330,34021,0,0732,0017,일반건축물,경상남도 양산시 신평강변2길 12 (하북면 순지리),,,138,81.99,59.41,149.28,108.17,철근콘크리트구조,04000,"제2종근린생활시설,단독주택",2,0
경상남도 양산시 하북면 순지리 732-20번지,48330,34021,0,0732,0020,일반건축물,경상남도 양산시 신평강변2길 9 (하북면 순지리),,,0,0,0,204.51,0,블록구조,01000,주택,2,0
경상남도 양산시 하북면 순지리 732-22번지,48330,34021,0,0732,0022,일반건축물,경상남도 양산시 신평강변5길 19 (하북면 순지리),,,177,85.72,48.43,80.22,45.32,벽돌구조,01000,단독주택,1,0
경상남도 양산시 하북면 순지리 732-23번지,48330,34021,0,0732,0023,일반건축물,경상남도 양산시 신평강변2길 11-5 (하북면 순지리),,,0,66.11,0,66.11,0,일반목구조,01000,주택,1,0
경상남도 양산시 하북면 순지리 732-25번지,48330,34021,0,0732,0025,일반건축물,경상남도 양산시 신평강변5길 21 (하북면 순지리),,제1동,261,155.5,59.58,193.15,74,철근콘크리트구조,01000,단독주택,2,0
경상남도 양산시 하북면 순지리 732-27번지,48330,34021,0,0732,0027,일반건축물,경상남도 양산시 신평강변2길 11-14 (하북면 순지리),,,0,59.5,0,59.5,0,블록구조,01000,주택,1,0
경상남도 양산시 하북면 순지리 732-29번지,48330,34021,0,0732,0029,일반건축물,경상남도 양산시 신평강변2길 11-16 (하북면 순지리),,,98,48.65,49.64,45.1,46.02,벽돌구조,01000,주택,1,0
경상남도 양산시 하북면 순지리 732-31번지,48330,34021,0,0732,0031,일반건축물,경상남도 양산시 신평강변3길 6-2 (하북면 순지리),,,0,130.23,0,130.23,0,블록구조,03000,"근린생활시설, 주택",2,0
경상남도 양산시 하북면 순지리 732-32번지,48330,34021,0,0732,0032,일반건축물,경상남도 양산시 신평강변2길 11-13 (하북면 순지리),,,0,0,0,161.21,0,벽돌구조,01000,주택,2,0
경상남도 양산시 하북면 순지리 732-33번지,48330,34021,0,0732,0033,일반건축물,경상남도 양산시 신평강변3길 6-1 (하북면 순지리),,,0,72.72,0,72.72,0,블록구조,01000,주택,1,0
경상남도 양산시 하북면 순지리 732-34번지,48330,34021,0,0732,0034,일반건축물,,,,0,19.83,0,19.83,0,일반목구조,01000,주택,1,0
경상남도 양산시 하북면 순지리 732-42번지,48330,34021,0,0732,0042,일반건축물,경상남도 양산시 신평강변2길 11-9 (하북면 순지리),,,245,68.2,27.84,68.2,27.84,경량철골구조,04000,제2종근린생활시설,1,0
경상남도 양산시 하북면 순지리 732-43번지,48330,34021,0,0732,0043,일반건축물,경상남도 양산시 신평강변2길 11-11 (하북면 순지리),,,0,83.68,0,83.68,0,벽돌구조,01000,주택,1,0
경상남도 양산시 하북면 순지리 732-52번지,48330,34021,0,0732,0052,일반건축물,경상남도 양산시 신평강변2길 9-12 (하북면 순지리),,,315,126.96,40.3,126.96,40.3,벽돌구조,01000,"단독주택,제2종근린생활시설",1,0
경상남도 양산시 하북면 순지리 732-54번지,48330,34021,0,0732,0054,일반건축물,경상남도 양산시 신평강변2길 9-10 (하북면 순지리),,,0,13.2,0,13.2,0,블록구조,01000,주택,1,0
경상남도 양산시 하북면 순지리 732-55번지,48330,34021,0,0732,0055,일반건축물,경상남도 양산시 신평강변2길 9-6 (하북면 순지리),,,0,36.36,0,36.36,0,블록구조,01000,주택,1,0
경상남도 양산시 하북면 순지리 732-57번지,48330,34021,0,0732,0057,일반건축물,,,,0,33,0,33,0,블록구조,01000,주택,1,0
경상남도 양산시 하북면 순지리 732-59번지,48330,34021,0,0732,0059,일반건축물,경상남도 양산시 신평강변5길 17 (하북면 순지리),,,0,19.8,0,19.8,0,블록구조,01000,주택,1,0
경상남도 양산시 하북면 순지리 732-72번지,48330,34021,0,0732,0072,일반건축물,경상남도 양산시 신평로 11-4 (하북면 순지리),,,405,86.4,21.33,86.4,21.33,일반목구조,01000,단독주택,1,0
경상남도 양산시 하북면 순지리 732-74번지,48330,34021,0,0732,0074,일반건축물,경상남도 양산시 신평강변5길 13 (하북면 순지리),,,160,85.24,53.275,83.22,52.0125,철근콘크리트구조,01000,단독주택,1,0
경상남도 양산시 하북면 순지리 732-78번지,48330,34021,0,0732,0078,일반건축물,경상남도 양산시 신평강변3길 8 (하북면 순지리),,,0,40.79,0,40.79,0,블록구조,01000,주택,1,0
경상남도 양산시 하북면 순지리 732-79번지,48330,34021,0,0732,0079,일반건축물,경상남도 양산시 신평강변3길 6 (하북면 순지리),,,0,0,0,224.04,0,블록구조,01000,"주택, 근린생활시설",2,0
경상남도 양산시 하북면 순지리 734-1번지,48330,34021,0,0734,0001,일반건축물,경상남도 양산시 신평강변로 34 (하북면 순지리),,,457,182.03,39.83,239.13,52.33,철근콘크리트구조,04000,"제2종근린생활시설, 단독주택",2,0
경상남도 양산시 하북면 순지리 739번지,48330,34021,0,0739,0000,표제부,경상남도 양산시 신평강변2길 2 (하북면 순지리),금산빌라,,630,239.96,38.09,1914.68,253.17,철근콘크리트구조,02000,공동주택(아파트),8,1
경상남도 양산시 하북면 순지리 739-4번지,48330,34021,0,0739,0004,일반건축물,경상남도 양산시 신평강변로 20 (하북면 순지리),하북면 순지리 739-4 단독주택 (장태식),,165,98.43,59.65,193.22,117.1,철근콘크리트구조,01000,"단독주택,제1종근린생활시설",2,0
경상남도 양산시 하북면 순지리 742-1번지,48330,34021,0,0742,0001,일반건축물,경상남도 양산시 신평강변로 16-7 (하북면 순지리),,,0,76.86,0,76.86,0,벽돌구조,01000,주택,1,0
경상남도 양산시 하북면 순지리 742-2번지,48330,34021,0,0742,0002,일반건축물,경상남도 양산시 신평강변로 16-3 (하북면 순지리),,,0,59.3,0,95.8,0,철근콘크리트구조,01000,주택,2,0
경상남도 양산시 하북면 순지리 742-3번지,48330,34021,0,0742,0003,일반건축물,경상남도 양산시 신평강변로 16 (하북면 순지리),,,0,49.83,0,49.83,0,블록구조,01000,주택,1,0
경상남도 양산시 하북면 순지리 743번지,48330,34021,0,0743,0000,일반건축물,경상남도 양산시 신평강변로 10-1 (하북면 순지리),,,0,111.44,0,111.44,0,벽돌구조,01000,주택,1,0
경상남도 양산시 하북면 순지리 743-1번지,48330,34021,0,0743,0001,일반건축물,경상남도 양산시 신평강변로 14 (하북면 순지리),,,332,102.8,30.96,102.8,30.96,경량철골구조,04000,근린생활시설,1,0
경상남도 양산시 하북면 순지리 743-3번지,48330,34021,0,0743,0003,일반건축물,경상남도 양산시 신평강변로 16-12 (하북면 순지리),,,166,86.83,52.31,83.08,50.05,벽돌구조,01000,주택,1,0
경상남도 양산시 하북면 순지리 746번지,48330,34021,0,0746,0000,일반건축물,경상남도 양산시 신평강변로 10 (하북면 순지리),,,0,86.67,0,86.67,0,블록구조,01000,주택,1,0
경상남도 양산시 하북면 순지리 747번지,48330,34021,0,0747,0000,일반건축물,경상남도 양산시 신평강변로 8 (하북면 순지리),,,1032.32,226.17,21.91,423.1,40.99,철근콘크리트구조,04000,근린생활시설,2,0
경상남도 양산시 하북면 순지리 750번지,48330,34021,0,0750,0000,일반건축물,경상남도 양산시 신평강변로 16-15 (하북면 순지리),,,159,75.1,47.23,71.43,44.92,철근콘크리트구조,01000,단독주택,1,0
경상남도 양산시 하북면 순지리 750-1번지,48330,34021,0,0750,0001,일반건축물,경상남도 양산시 신평강변로 16-17 (하북면 순지리),,,0,0,0,52.89,0,블록구조,01000,주택,1,0
경상남도 양산시 하북면 순지리 751-1번지,48330,34021,0,0751,0001,일반건축물,경상남도 양산시 신평강변로 16-21 (하북면 순지리),,,0,39.66,0,39.66,0,블록구조,01000,주택,1,0
경상남도 양산시 하북면 순지리 751-2번지,48330,34021,0,0751,0002,일반건축물,경상남도 양산시 신평강변로 16-19 (하북면 순지리),,,0,46.27,0,46.27,0,블록구조,01000,주택,1,0
경상남도 양산시 하북면 순지리 752번지,48330,34021,0,0752,0000,일반건축물,경상남도 양산시 신평강변1길 3 (하북면 순지리),,,412,241.75,58.68,636.88,154.58,철근콘크리트구조,01000,단독주택(다가구),4,0
경상남도 양산시 하북면 순지리 752-4번지,48330,34021,0,0752,0004,일반건축물,경상남도 양산시 신평강변1길 1 (하북면 순지리),,,100,49.54,49.54,99.08,99.08,철근콘크리트구조,04000,제2종근린생활시설,2,0
경상남도 양산시 하북면 순지리 753-3번지,48330,34021,0,0753,0003,일반건축물,경상남도 양산시 신평강변1길 6 (하북면 순지리),세븐빌리지 A동,,382,218.04,57.08,590.28,154.52,철근콘크리트구조,01000,단독주택(다가구),4,0
경상남도 양산시 하북면 순지리 756-1번지,48330,34021,0,0756,0001,일반건축물,경상남도 양산시 신평강변3길 1 (하북면 순지리),,,0,136.56,0,226.64,0,철근콘크리트구조,03000,"근린생활시설, 주택",2,0
경상남도 양산시 하북면 순지리 756-3번지,48330,34021,0,0756,0003,일반건축물,경상남도 양산시 신평강변5길 11 (하북면 순지리),,,83,49,59.04,95.84,115.47,철근콘크리트구조,03000,제1종근린생활시설,2,0
경상남도 양산시 하북면 순지리 756-12번지,48330,34021,0,0756,0012,일반건축물,경상남도 양산시 신평강변로 30 (하북면 순지리),,,377,133.88,35.5,133.88,35.5,경량철골구조,03000,근린생활시설,1,0
경상남도 양산시 하북면 순지리 756-16번지,48330,34021,0,0756,0016,일반건축물,경상남도 양산시 신평강변2길 5 (하북면 순지리),,,2074,246,11.86,246,11.86,벽돌구조,04000,근린생활시설,1,0
경상남도 양산시 하북면 순지리 756-17번지,48330,34021,0,0756,0017,일반건축물,경상남도 양산시 신평강변3길 2 (하북면 순지리),,,0,0,0,975.49,0,철근콘크리트구조,03000,근린생활시설,3,1
경상남도 양산시 하북면 순지리 756-18번지,48330,34021,0,0756,0018,일반건축물,경상남도 양산시 신평강변로 24 (하북면 순지리),,,289,115.66,40.02,115.66,40.02,조적구조,03000,"근린생활시설, 주택",1,0
경상남도 양산시 하북면 순지리 756-19번지,48330,34021,0,0756,0019,일반건축물,경상남도 양산시 신평강변2길 8 (하북면 순지리),,주1동,2237,680.41,30.42,1269.35,56.74,철근콘크리트구조,03000,제1종근린생활시설,2,0
경상남도 양산시 하북면 순지리 756-19번지,48330,34021,0,0756,0019,일반건축물,경상남도 양산시 신평강변2길 8 (하북면 순지리),,부1동,2237,70.68,3.16,70.68,3.16,경량철골구조,03000,제1종근린생활시설,1,0
경상남도 양산시 하북면 순지리 756-20번지,48330,34021,0,0756,0020,일반건축물,경상남도 양산시 신평강변3길 4 (하북면 순지리),,,0,0,0,160.95,0,벽돌구조,03000,"근린생활시설, 주택",1,0
경상남도 양산시 하북면 순지리 756-32번지,48330,34021,0,0756,0032,일반건축물,경상남도 양산시 신평남부길 101-2 (하북면 순지리),,,1520,459.13,30.21,442.69,29.12,일반철골구조,03000,제2종근린생활시설,1,0
경상남도 양산시 하북면 순지리 756-36번지,48330,34021,0,0756,0036,일반건축물,경상남도 양산시 신평강변5길 4 (하북면 순지리),,,709,180,25.39,180,25.39,일반철골구조,04000,"제1,2종근린생활시설",1,0
경상남도 양산시 하북면 순지리 756-37번지,48330,34021,0,0756,0037,일반건축물,경상남도 양산시 신평강변1길 10 (하북면 순지리),,,325,148.35,45.65,491.94,151.37,철근콘크리트구조,01000,단독주택,4,0
경상남도 양산시 하북면 순지리 756-40번지,48330,34021,0,0756,0040,일반건축물,경상남도 양산시 신평강변1길 5 (하북면 순지리),,,644,267.8,41.58,657.74,102.13,철근콘크리트구조,01000,단독주택(다가구),4,0
경상남도 양산시 하북면 순지리 756-44번지,48330,34021,0,0756,0044,일반건축물,경상남도 양산시 신평강변1길 12 (하북면 순지리),,,338,201.06,59.49,623.34,184.42,철근콘크리트구조,01000,단독주택(다가구),4,0
경상남도 양산시 하북면 순지리 756-84번지,48330,34021,0,0756,0084,일반건축물,경상남도 양산시 신평강변5길 9 (하북면 순지리),,,320,160.66,50.21,433.65,135.52,철근콘크리트구조,01000,단독주택(다가구),4,0
경상남도 양산시 하북면 순지리 756-85번지,48330,34021,0,0756,0085,일반건축물,경상남도 양산시 신평강변5길 7 (하북면 순지리),,,454,265.54,58.49,648.7,142.89,철근콘크리트구조,01000,단독주택(다가구),4,0
경상남도 양산시 하북면 순지리 756-87번지,48330,34021,0,0756,0087,일반건축물,경상남도 양산시 신평강변1길 14 (하북면 순지리),,,372,201.06,54.05,623.34,167.56,철근콘크리트구조,01000,단독주택(다가구),4,0
경상남도 양산시 하북면 순지리 757번지,48330,34021,0,0757,0000,일반건축물,경상남도 양산시 양산대로 2558 (하북면 순지리),,,362,127.26,35.15,127.26,35.15,경량철골구조,03000,근린생활시설,1,0
경상남도 양산시 하북면 순지리 759번지,48330,34021,0,0759,0000,일반건축물,경상남도 양산시 양산대로 2556 (하북면 순지리),,,594.95,117.38,19.73,197.81,33.25,벽돌구조,04000,"근린생활시설, 주택",2,0
경상남도 양산시 하북면 순지리 770번지,48330,34021,0,0770,0000,일반건축물,경상남도 양산시 초산로 54 (하북면 순지리),,,491,286.8,58.41,286.8,58.41,일반철골구조,04000,제2종근린생활시설,1,0
경상남도 양산시 하북면 순지리 784-9번지,48330,34021,0,0784,0009,일반건축물,경상남도 양산시 신평남부길 101-1 (하북면 순지리),,,0,23.1,0,23.1,0,블록구조,01000,주택,1,0
경상남도 양산시 하북면 순지리 797-19번지,48330,34021,0,0797,0019,일반건축물,경상남도 양산시 신평중앙길 49 (하북면 순지리),,,72,19.83,27.54,19.83,27.54,블록구조,01000,주택,1,0
경상남도 양산시 하북면 순지리 802-2번지,48330,34021,0,0802,0002,일반건축물,경상남도 양산시 통도7길 1 (하북면 순지리),,,370,291.9,78.89,1660.84,372.24,철근콘크리트구조,15000,"근린생활시설, 숙박시설, 위락시설",5,1
경상남도 양산시 하북면 순지리 811-3번지,48330,34021,0,0811,0003,일반건축물,경상남도 양산시 월평로 61 (하북면 순지리),,,392.5,239.45,61.01,633.84,161.49,철근콘크리트구조,01000,단독주택,4,0
경상남도 양산시 하북면 순지리 811-4번지,48330,34021,0,0811,0004,일반건축물,경상남도 양산시 월평로 57 (하북면 순지리),,,490.6,336.35,68.56,992.7,202.34,철근콘크리트구조,04000,"단독주택(다가구),제2종근린생활시설",3,0
경상남도 양산시 하북면 순지리 811-5번지,48330,34021,0,0811,0005,일반건축물,경상남도 양산시 신평7길 30 (하북면 순지리),,,395.2,276.17,69.88,663.68,167.94,철근콘크리트구조,04000,"제2종근린생활시설,단독주택",3,0
경상남도 양산시 하북면 순지리 811-6번지,48330,34021,0,0811,0006,일반건축물,경상남도 양산시 신평7길 32 (하북면 순지리),,,237.4,162.96,68.64,162.96,68.64,경량철골구조,04000,"제2종근린생활시설, 단독주택",1,0
경상남도 양산시 하북면 순지리 811-7번지,48330,34021,0,0811,0007,일반건축물,경상남도 양산시 신평7길 32-1 (하북면 순지리),,,262.9,96.25,36.61,96.25,36.61,경량철골구조,03000,1종근린생활시설,1,0
경상남도 양산시 하북면 순지리 811-8번지,48330,34021,0,0811,0008,일반건축물,경상남도 양산시 신평7길 34 (하북면 순지리),,,267.7,60,22.41,60,22.41,경량철골구조,03000,제1종근린생활시설,1,0
경상남도 양산시 하북면 순지리 812-1번지,48330,34021,0,0812,0001,일반건축물,경상남도 양산시 통도7길 12 (하북면 순지리),,,455.1,316.7,69.59,1052.68,231.31,철근콘크리트구조,03000,"제1,2종근린생활시설,단독주택",4,0
경상남도 양산시 하북면 순지리 812-2번지,48330,34021,0,0812,0002,일반건축물,경상남도 양산시 신평7길 33-1 (하북면 순지리),,,375.5,241.15,64.22,365.01,97.21,철근콘크리트구조,04000,"제2종근린생활시설,단독주택",2,0
경상남도 양산시 하북면 순지리 812-3번지,48330,34021,0,0812,0003,일반건축물,경상남도 양산시 신평7길 33 (하북면 순지리),,,330.8,230.28,69.61,559.28,169.07,철근콘크리트구조,04000,제2종근린생활시설,3,0
경상남도 양산시 하북면 순지리 812-4번지,48330,34021,0,0812,0004,표제부,경상남도 양산시 신평7길 31 (하북면 순지리),,,380.3,235.62,61.96,950.1,249.83,철근콘크리트구조,02000,공동주택,5,0
경상남도 양산시 하북면 순지리 812-5번지,48330,34021,0,0812,0005,표제부,경상남도 양산시 통도6길 9 (하북면 순지리),,효창빌리지,278.2,175.83,63.2,658.88,236.84,철근콘크리트구조,02000,공동주택(다세대),5,0
경상남도 양산시 하북면 순지리 812-6번지,48330,34021,0,0812,0006,일반건축물,경상남도 양산시 통도6길 7 (하북면 순지리),,,361.4,225.99,62.53,953.22,263.76,철근콘크리트구조,10000,"제2종근린생활시설,교육연구시설",5,0
경상남도 양산시 하북면 순지리 812-7번지,48330,34021,0,0812,0007,일반건축물,경상남도 양산시 통도6길 5-8 (하북면 순지리),,,513.4,160.16,31.2,320.32,62.39,철근콘크리트구조,04000,제2종근린생활시설,2,0
경상남도 양산시 하북면 순지리 812-8번지,48330,34021,0,0812,0008,일반건축물,경상남도 양산시 통도7길 10 (하북면 순지리),,주1,330.7,229.65,69.44,757.98,192.85,철근콘크리트구조,04000,제2종근린생활시설,3,0
경상남도 양산시 하북면 순지리 812-9번지,48330,34021,0,0812,0009,일반건축물,경상남도 양산시 통도6길 5-14 (하북면 순지리),,,304,194.88,64.11,598.64,196.92,철근콘크리트구조,01000,단독주택,4,0
경상남도 양산시 하북면 순지리 812-10번지,48330,34021,0,0812,0010,일반건축물,경상남도 양산시 통도6길 5-10 (하북면 순지리),,,320.6,222.6,69.43,658.8,205.49,철근콘크리트구조,01000,단독주택,4,0
경상남도 양산시 하북면 순지리 813-1번지,48330,34021,0,0813,0001,일반건축물,경상남도 양산시 통도6길 5-13 (하북면 순지리),,,708,396.03,55.94,765.46,108.12,철근콘크리트구조,04000,"제1,2종근린생활시설,단독주택(다가구)",3,0
경상남도 양산시 하북면 순지리 813-3번지,48330,34021,0,0813,0003,일반건축물,경상남도 양산시 통도6길 5-7 (하북면 순지리),,,330.6,200.64,60.69,200.64,60.69,철근콘크리트구조,04000,제2종근린생활시설,1,0
경상남도 양산시 하북면 순지리 813-5번지,48330,34021,0,0813,0005,일반건축물,경상남도 양산시 통도사로 60 (하북면 순지리),,,349.3,194.6,55.71,466.99,133.69,철근콘크리트구조,04000,"제2종근린생활시설, 단독주택",3,0
경상남도 양산시 하북면 순지리 813-6번지,48330,34021,0,0813,0006,일반건축물,경상남도 양산시 통도사로 60-1 (하북면 순지리),,,373.2,194.8,52.23,636.6,124.81,철근콘크리트구조,04000,제2종근린생활시설,3,1
경상남도 양산시 하북면 순지리 813-8번지,48330,34021,0,0813,0008,일반건축물,경상남도 양산시 통도사로 64 (하북면 순지리),,,231.4,155.18,67.06,399.52,172.65,철근콘크리트구조,04000,"제2종근린생활시설, 단독주택",3,0
경상남도 양산시 하북면 순지리 813-9번지,48330,34021,0,0813,0009,일반건축물,경상남도 양산시 통도사로 66 (하북면 순지리),,,575.6,386.43,67.14,966.48,167.91,철근콘크리트구조,04000,"제2종근린생활시설,단독주택",3,0
경상남도 양산시 하북면 순지리 814-1번지,48330,34021,0,0814,0001,일반건축물,경상남도 양산시 통도6길 6 (하북면 순지리),,,372.3,250.07,67.17,592.71,159.2,철근콘크리트구조,01000,단독주택(다가구),4,0
경상남도 양산시 하북면 순지리 814-2번지,48330,34021,0,0814,0002,일반건축물,경상남도 양산시 통도6길 6-6 (하북면 순지리),골든투,,389.8,248.09,63.65,629.4,161.47,철근콘크리트구조,01000,단독주택,4,0
경상남도 양산시 하북면 순지리 814-4번지,48330,34021,0,0814,0004,일반건축물,경상남도 양산시 통도사로 52 (하북면 순지리),,,566.2,230.57,40.72,385.89,68.15,일반철골구조,04000,"제2종근린생활시설, 단독주택",2,0
경상남도 양산시 하북면 순지리 814-5번지,48330,34021,0,0814,0005,일반건축물,경상남도 양산시 통도사로 54 (하북면 순지리),,,434.1,284.1,65.45,875.61,163,철근콘크리트구조,04000,"제2종근린생활시설, 단독주택",3,1
경상남도 양산시 하북면 순지리 814-6번지,48330,34021,0,0814,0006,일반건축물,경상남도 양산시 통도사로 56 (하북면 순지리),,,314.1,180.42,57.44,490.49,156.157,철근콘크리트구조,04000,"제2종근린생활시설, 단독주택",3,0
경상남도 양산시 하북면 순지리 814-7번지,48330,34021,0,0814,0007,일반건축물,경상남도 양산시 통도사로 58 (하북면 순지리),,,561.5,348.59,62.08,1015.6,181.49,철근콘크리트구조,04000,제2종근린생활시설,3,0
경상남도 양산시 하북면 순지리 816-1번지,48330,34021,0,0816,0001,일반건축물,경상남도 양산시 월평로 55 (하북면 순지리),,,242.7,168.76,69.53,490.2,201.98,철근콘크리트구조,01000,"제1종근린생활시설,단독주택",4,0
경상남도 양산시 하북면 순지리 816-3번지,48330,34021,0,0816,0003,일반건축물,경상남도 양산시 월평로 49 (하북면 순지리),,,802.6,407.99,50.83,650.87,81.1,철근콘크리트구조,04000,"제2종근린생활시설,단독주택,1종근린생활시설",3,0
경상남도 양산시 하북면 순지리 816-4번지,48330,34021,0,0816,0004,일반건축물,경상남도 양산시 신평7길 22 (하북면 순지리),,제1동,265.3,184.68,69.61,543.3,204.79,철근콘크리트구조,01000,단독주택,4,0
경상남도 양산시 하북면 순지리 816-5번지,48330,34021,0,0816,0005,일반건축물,경상남도 양산시 신평7길 26 (하북면 순지리),,,330.5,134.75,40.77,134.75,40.77,경량철골구조,04000,제2종근린생활시설,1,0
경상남도 양산시 하북면 순지리 816-6번지,48330,34021,0,0816,0006,일반건축물,경상남도 양산시 신평7길 28 (하북면 순지리),,,517.6,308.86,59.67,500.48,96.69,철근콘크리트구조,04000,제2종근린생활시설,3,0
경상남도 양산시 하북면 순지리 816-7번지,48330,34021,0,0816,0007,일반건축물,경상남도 양산시 신평7길 24 (하북면 순지리),,,295.3,205.86,69.71,552.78,187.19,철근콘크리트구조,01000,단독주택(다가구),4,0
경상남도 양산시 하북면 순지리 816-8번지,48330,34021,0,0816,0008,일반건축물,경상남도 양산시 통도6길 16 (하북면 순지리),,,243.3,163.24,67.09,468.92,192.73,철근콘크리트구조,01000,"단독주택,제2종근린생활시설",4,0
경상남도 양산시 하북면 순지리 817-1번지,48330,34021,0,0817,0001,일반건축물,경상남도 양산시 통도5길 18 (하북면 순지리),,1동,228.7,159.23,69.62,458.01,200.27,철근콘크리트구조,01000,단독주택,4,0
경상남도 양산시 하북면 순지리 817-2번지,48330,34021,0,0817,0002,일반건축물,경상남도 양산시 월평로 45 (하북면 순지리),,,544.3,136.91,25.15,196.49,36.1,기타조적구조,04000,제2종근린생활시설,2,0
경상남도 양산시 하북면 순지리 817-3번지,48330,34021,0,0817,0003,일반건축물,경상남도 양산시 월평로 43-1 (하북면 순지리),,1동,298.3,206.28,69.15,632,211.87,철근콘크리트구조,01000,단독주택,4,0
경상남도 양산시 하북면 순지리 817-4번지,48330,34021,0,0817,0004,일반건축물,경상남도 양산시 월평로 41 (하북면 순지리),,,441.2,271.85,61.62,550.85,124.85,철근콘크리트구조,01000,"제2종근린생활시설,다가구주택",3,0
경상남도 양산시 하북면 순지리 817-6번지,48330,34021,0,0817,0006,일반건축물,경상남도 양산시 신평7길 14 (하북면 순지리),,,196.4,108.48,55.23,493.58,177.69,철근콘크리트구조,04000,"근린생활시설, 단독주택",4,1
경상남도 양산시 하북면 순지리 817-7번지,48330,34021,0,0817,0007,일반건축물,경상남도 양산시 신평7길 16-1 (하북면 순지리),,,245.6,167,68,512.76,208.78,철근콘크리트구조,01000,단독주택,5,0
경상남도 양산시 하북면 순지리 817-8번지,48330,34021,0,0817,0008,일반건축물,경상남도 양산시 신평7길 18 (하북면 순지리),,,443.5,45.15,10.18,45.15,10.18,경량철골구조,04000,제2종근린생활시설,1,0
경상남도 양산시 하북면 순지리 817-9번지,48330,34021,0,0817,0009,일반건축물,경상남도 양산시 통도5길 14 (하북면 순지리),,,380.7,265.29,69.68,659.94,173.35,철근콘크리트구조,01000,단독주택(다가구),4,0
경상남도 양산시 하북면 순지리 817-10번지,48330,34021,0,0817,0010,일반건축물,경상남도 양산시 신평7길 16 (하북면 순지리),,,245.5,167,68.02,512.76,208.86,철근콘크리트구조,01000,단독주택,5,0
경상남도 양산시 하북면 순지리 817-11번지,48330,34021,0,0817,0011,일반건축물,경상남도 양산시 월평로 43 (하북면 순지리),,1동,298.3,206.28,69.15,630.88,211.49,철근콘크리트구조,01000,단독주택,4,0
경상남도 양산시 하북면 순지리 817-12번지,48330,34021,0,0817,0012,일반건축물,경상남도 양산시 통도5길 16 (하북면 순지리),,,243.7,168,68.94,461.07,189.2,철근콘크리트구조,01000,단독주택,4,0
경상남도 양산시 하북면 순지리 818-3번지,48330,34021,0,0818,0003,일반건축물,경상남도 양산시 통도4길 9 (하북면 순지리),,,583.5,208.85,35.79,533.56,91.44,철근콘크리트구조,04000,"2종근린생활시설, 단독주택",3,0
경상남도 양산시 하북면 순지리 818-4번지,48330,34021,0,0818,0004,일반건축물,경상남도 양산시 통도4길 7 (하북면 순지리),,,337.7,99.06,29.33,99.06,29.33,기타조적구조,04000,제2종근린생활시설,1,0
경상남도 양산시 하북면 순지리 818-5번지,48330,34021,0,0818,0005,일반건축물,경상남도 양산시 통도4길 5-6 (하북면 순지리),,,331.3,161.96,48.89,257.7,77.78,일반철골구조,04000,"단독주택, 제2종근린생활시설",2,0
경상남도 양산시 하북면 순지리 818-6번지,48330,34021,0,0818,0006,일반건축물,경상남도 양산시 통도4길 5-8 (하북면 순지리),,,334.9,174.5,52.11,434.75,129.81,철근콘크리트구조,03000,"제2종근린생활시설, 단독주택, 제1종근린생활시설",3,0
경상남도 양산시 하북면 순지리 819-1번지,48330,34021,0,0819,0001,일반건축물,경상남도 양산시 통도5길 6 (하북면 순지리),,,240.6,151.47,62.96,461.18,191.68,철근콘크리트구조,01000,"제1종근린생활시설,단독주택(다가구)",4,0
경상남도 양산시 하북면 순지리 819-4번지,48330,34021,0,0819,0004,표제부,경상남도 양산시 통도4길 5-9 (하북면 순지리),퍼스트빌,,178.8,114.07,63.8,465.18,260.17,철근콘크리트구조,02000,공동주택,5,0
경상남도 양산시 하북면 순지리 819-5번지,48330,34021,0,0819,0005,표제부,경상남도 양산시 통도4길 5-7 (하북면 순지리),,동남주택 5차,275.9,172.71,62.6,657.2,238.2,철근콘크리트구조,02000,공동주택,5,0
경상남도 양산시 하북면 순지리 819-6번지,48330,34021,0,0819,0006,일반건축물,경상남도 양산시 통도4길 5-3 (하북면 순지리),,,287,194.91,67.91,502.37,175.04,철근콘크리트구조,01000,단독주택,4,0
경상남도 양산시 하북면 순지리 819-7번지,48330,34021,0,0819,0007,일반건축물,경상남도 양산시 통도사로 42 (하북면 순지리),,,358.7,231.82,64.63,1080.64,301.27,철근콘크리트구조,04000,"제2종근린생활시설,단독주택",5,0
경상남도 양산시 하북면 순지리 819-8번지,48330,34021,0,0819,0008,일반건축물,경상남도 양산시 통도사로 42-1 (하북면 순지리),,,233.2,152.77,65.51,428.64,183.81,철근콘크리트구조,04000,"제2종근린생활시설, 단독주택",3,0
경상남도 양산시 하북면 순지리 819-9번지,48330,34021,0,0819,0009,일반건축물,경상남도 양산시 통도사로 46 (하북면 순지리),,,324.6,214.8,66.17,494.84,152.45,철근콘크리트구조,03000,제2종근린생활시설,3,0
경상남도 양산시 하북면 순지리 819-10번지,48330,34021,0,0819,0010,일반건축물,경상남도 양산시 통도사로 46-1 (하북면 순지리),,,165,91.28,55.32,159.46,96.64,철근콘크리트구조,03000,"제1종근린생활시설, 단독주택",2,0
경상남도 양산시 하북면 순지리 819-11번지,48330,34021,0,0819,0011,일반건축물,경상남도 양산시 통도사로 48-1 (하북면 순지리),,,394.3,220.6,55.95,296.58,75.22,철근콘크리트구조,04000,"근린생활시설(일반음식점,소매점)",2,0
경상남도 양산시 하북면 순지리 819-12번지,48330,34021,0,0819,0012,일반건축물,경상남도 양산시 통도사로 50 (하북면 순지리),,제1동,290.9,157.68,54.2,418.87,143.99,철근콘크리트구조,03000,제1종근린생활시설,3,0
경상남도 양산시 하북면 순지리 819-13번지,48330,34021,0,0819,0013,일반건축물,경상남도 양산시 통도사로 48 (하북면 순지리),,,165.1,108.9,65.96,296.28,179.45,철근콘크리트구조,04000,"제2종근린생활시설, 단독주택",3,0
경상남도 양산시 하북면 순지리 820-2번지,48330,34021,0,0820,0002,일반건축물,경상남도 양산시 통도사로 38-15 (하북면 순지리),,,278.8,192.72,69.12,277.51,99.54,철근콘크리트구조,04000,"제2종근린생활시설,단독주택",2,0
경상남도 양산시 하북면 순지리 820-3번지,48330,34021,0,0820,0003,일반건축물,경상남도 양산시 통도사로 38-13 (하북면 순지리),,,262.7,183.12,69.71,507.7,217.24,철근콘크리트구조,01000,단독주택(다가구),4,0
경상남도 양산시 하북면 순지리 820-4번지,48330,34021,0,0820,0004,일반건축물,경상남도 양산시 통도사로 38 (하북면 순지리),,,284.6,198.32,69.68,487.78,171.39,철근콘크리트구조,03000,"제2종근린생활시설, 단독주택, 제1종근린생활시설",3,0
경상남도 양산시 하북면 순지리 820-5번지,48330,34021,0,0820,0005,일반건축물,경상남도 양산시 통도사로 40 (하북면 순지리),,,298.1,206.58,69.3,412.02,138.22,철근콘크리트구조,04000,제2종근린생활시설,2,0
경상남도 양산시 하북면 순지리 820-6번지,48330,34021,0,0820,0006,표제부,경상남도 양산시 통도4길 2 (하북면 순지리),동란빌라,,264.5,172.71,65.3,657.2,248.47,철근콘크리트구조,02000,공동주택(다세대),5,0
경상남도 양산시 하북면 순지리 820-8번지,48330,34021,0,0820,0008,일반건축물,경상남도 양산시 통도4길 6 (하북면 순지리),,,171,19.44,11.37,19.44,11.37,경량철골구조,04000,제2종근린생활시설,1,0
경상남도 양산시 하북면 순지리 820-9번지,48330,34021,0,0820,0009,일반건축물,경상남도 양산시 통도4길 8 (하북면 순지리),,,328.1,227.72,69.41,653.88,199.29,철근콘크리트구조,01000,단독주택,4,0
경상남도 양산시 하북면 순지리 820-10번지,48330,34021,0,0820,0010,일반건축물,경상남도 양산시 통도4길 10 (하북면 순지리),,,174.4,118.98,68.22,344.31,197.43,철근콘크리트구조,03000,제2종근린생활시설외2,3,0
경상남도 양산시 하북면 순지리 820-12번지,48330,34021,0,0820,0012,일반건축물,경상남도 양산시 통도사로 38-9 (하북면 순지리),,,262.7,183.12,69.71,507.7,193.26,철근콘크리트구조,01000,단독주택(다가구),4,0
경상남도 양산시 하북면 순지리 821-1번지,48330,34021,0,0821,0001,일반건축물,경상남도 양산시 통도사로 30 (하북면 순지리),,B동,0,69.72,0,69.72,0,경량철골구조,03000,제1종근린생활시설,1,0
경상남도 양산시 하북면 순지리 821-1번지,48330,34021,0,0821,0001,일반건축물,경상남도 양산시 통도사로 30 (하북면 순지리),신평버스터미널,,0,325.23,0,399.68,0,철근콘크리트구조,08000,"운수시설,제1종,2종근린생활시설",2,0
경상남도 양산시 하북면 순지리 822-2번지,48330,34021,0,0822,0002,표제부,경상남도 양산시 신평7길 8 (하북면 순지리),통도골든파크,,1519.1,1004.48,66.123362,6938.48,283.67322,철근콘크리트구조,03000,"제1종근린생활시설,업무시설",5,2
경상남도 양산시 하북면 순지리 822-3번지,48330,34021,0,0822,0003,일반건축물,경상남도 양산시 월평로 31 (하북면 순지리),,,573.9,187.739,32.71,187.73,32.71,경량철골구조,04000,"제2종근린생활시설, 자동차관련시설",1,0
경상남도 양산시 하북면 순지리 822-4번지,48330,34021,0,0822,0004,일반건축물,경상남도 양산시 신평로 65 (하북면 순지리),,,222.1,154.14,69.4,450.94,203.03,철근콘크리트구조,01000,단독주택,4,0
경상남도 양산시 하북면 순지리 822-5번지,48330,34021,0,0822,0005,일반건축물,경상남도 양산시 신평7길 6 (하북면 순지리),,,397,218.92,55.14,315.77,79.54,일반철골구조,04000,"제2종근린생활시설, 단독주택",2,0
경상남도 양산시 하북면 순지리 822-7번지,48330,34021,0,0822,0007,일반건축물,경상남도 양산시 신평7길 10 (하북면 순지리),,,347.9,242.76,69.78,657.66,189.04,철근콘크리트구조,01000,단독주택(다가구),4,0
경상남도 양산시 하북면 순지리 822-8번지,48330,34021,0,0822,0008,일반건축물,경상남도 양산시 신평7길 12 (하북면 순지리),,,346,241.89,69.91,679.26,196.32,철근콘크리트구조,01000,"단독주택, 제1종근린생활시설",4,0
경상남도 양산시 하북면 순지리 822-10번지,48330,34021,0,0822,0010,일반건축물,경상남도 양산시 월평로 37 (하북면 순지리),,,343.2,236.9,69.03,659.91,192.28,철근콘크리트구조,01000,단독주택,4,0
경상남도 양산시 하북면 순지리 822-11번지,48330,34021,0,0822,0011,일반건축물,경상남도 양산시 신평로 63 (하북면 순지리),,,221,149.79,67.78,428.73,194,철근콘크리트구조,03000,"제1,2종근린생활시설, 단독주택",3,0
경상남도 양산시 하북면 순지리 823-1번지,48330,34021,0,0823,0001,일반건축물,경상남도 양산시 신평로 60 (하북면 순지리),,,1647.1,359.49,21.83,1048.13,42.6,철근콘크리트구조,10000,교육연구시설,2,1
경상남도 양산시 하북면 순지리 823-2번지,48330,34021,0,0823,0002,일반건축물,경상남도 양산시 월평로 23 (하북면 순지리),,,469.8,203.7,43.36,321.89,68.52,철근콘크리트구조,04000,"제2종근린생활시설,자동차관련시설,단독주택",2,0
경상남도 양산시 하북면 순지리 823-3번지,48330,34021,0,0823,0003,일반건축물,경상남도 양산시 신평로 60 (하북면 순지리),,,2400.6,567.07,23.62,2219.98,79.59,철근콘크리트구조,11000,노유자시설(유치원),5,1
경상남도 양산시 하북면 순지리 823-4번지,48330,34021,0,0823,0004,일반건축물,경상남도 양산시 신평6길 5 (하북면 순지리),,,1555,508.52,32.7,1525.56,98.11,철근콘크리트구조,02000,공동주택,3,0
경상남도 양산시 하북면 순지리 824-1번지,48330,34021,0,0824,0001,일반건축물,경상남도 양산시 신평로 56 (하북면 순지리),,,640.9,286.25,44.66,286.25,44.66,경량철골구조,03000,"제1,2종근린생활시설",1,0
경상남도 양산시 하북면 순지리 824-2번지,48330,34021,0,0824,0002,표제부,경상남도 양산시 신평6길 2 (하북면 순지리),삼성빌라,A,341.6,172.96,50.63,657.84,192.58,철근콘크리트구조,02000,공동주택,4,0
경상남도 양산시 하북면 순지리 824-3번지,48330,34021,0,0824,0003,표제부,경상남도 양산시 신평6길 2 (하북면 순지리),삼성빌라,B,341.6,172.96,50.63,657.84,192.58,철근콘크리트구조,02000,공동주택,4,0
경상남도 양산시 하북면 순지리 824-4번지,48330,34021,0,0824,0004,표제부,경상남도 양산시 신평6길 6 (하북면 순지리),동란주택,4차,343.9,179.78,52.28,659.46,191.76,철근콘크리트구조,02000,공동주택(다세대),5,0
경상남도 양산시 하북면 순지리 824-6번지,48330,34021,0,0824,0006,일반건축물,경상남도 양산시 통도사로 24 (하북면 순지리),하북농협본점,,979.7,393.13,40.13,1083.84,110.63,철근콘크리트구조,14000,업무시설,3,0
경상남도 양산시 하북면 순지리 824-7번지,48330,34021,0,0824,0007,일반건축물,경상남도 양산시 신평로 54 (하북면 순지리),,,533.5,316.09,59.24,785.51,147.24,철근콘크리트구조,04000,"제2종근린생활시설, 단독주택, 제1종근린생활시설",3,0
경상남도 양산시 하북면 순지리 825-2번지,48330,34021,0,0825,0002,일반건축물,경상남도 양산시 신평6길 12 (하북면 순지리),,,339.7,202.65,59.66,574.29,169.06,철근콘크리트구조,01000,단독주택(다가구),4,0
경상남도 양산시 하북면 순지리 825-3번지,48330,34021,0,0825,0003,표제부,경상남도 양산시 신평6길 14 (하북면 순지리),,,342.3,177.9,51.97,658.14,192.27,철근콘크리트구조,02000,공동주택(다세대),5,0
경상남도 양산시 하북면 순지리 825-5번지,48330,34021,0,0825,0005,일반건축물,경상남도 양산시 통도사로 14 (하북면 순지리),세영빌딩,,1053.6,624.39,59.26,2383.39,217.79,일반철골구조,10000,"교육연구및복지시설,제2종근린생활시설,운동시설",4,1
경상남도 양산시 하북면 순지리 825-6번지,48330,34021,0,0825,0006,일반건축물,경상남도 양산시 통도사로 18 (하북면 순지리),하북농협 하나로마트,,1730.9,851.52,49.2,1619.79,93.58,철근콘크리트구조,07000,판매시설,2,0
경상남도 양산시 하북면 순지리 825-9번지,48330,34021,0,0825,0009,일반건축물,경상남도 양산시 통도사로 22 (하북면 순지리),,,420.1,123.36,29.36,123.36,29.36,경량철골구조,03000,"제1종근린생활시설, 제2종근린생활시설",1,0
경상남도 양산시 하북면 순지리 825-11번지,48330,34021,0,0825,0011,일반건축물,경상남도 양산시 신평6길 12-1 (하북면 순지리),,,339.4,202.65,59.71,574.29,169.21,철근콘크리트구조,01000,단독주택(다가구),4,0
경상남도 양산시 하북면 순지리 826-2번지,48330,34021,0,0826,0002,표제부,경상남도 양산시 통도2길 11-13 (하북면 순지리),동란빌라,가동,290.8,173.2,59.56,659.68,226.85,철근콘크리트구조,02000,공동주택,5,0
경상남도 양산시 하북면 순지리 826-3번지,48330,34021,0,0826,0003,표제부,경상남도 양산시 통도2길 11-13 (하북면 순지리),동란주택,,290.8,171.12,58.85,659.68,226.85,철근콘크리트구조,02000,공동주택,5,0
경상남도 양산시 하북면 순지리 826-4번지,48330,34021,0,0826,0004,일반건축물,경상남도 양산시 통도2길 11-9 (하북면 순지리),,,273.3,163.84,59.95,537.68,196.74,철근콘크리트구조,01000,단독주택,4,0
경상남도 양산시 하북면 순지리 826-5번지,48330,34021,0,0826,0005,표제부,경상남도 양산시 통도2길 9 (하북면 순지리),,,309.5,165.305,53.41,644.02,208.08,철근콘크리트구조,02000,공동주택,4,0
경상남도 양산시 하북면 순지리 826-6번지,48330,34021,0,0826,0006,표제부,경상남도 양산시 통도2길 9 (하북면 순지리),드림주택,,359.8,171.69,47.72,659.52,183.3,철근콘크리트구조,02000,공동주택(다세대),4,0
경상남도 양산시 하북면 순지리 826-7번지,48330,34021,0,0826,0007,표제부,경상남도 양산시 통도2길 9 (하북면 순지리),공동주택(다세대),,359.2,168.32,46.86,657.6,183.07,철골콘크리트구조,02000,공동주택(다세대),4,0
경상남도 양산시 하북면 순지리 826-8번지,48330,34021,0,0826,0008,일반건축물,경상남도 양산시 신평6길 15 (하북면 순지리),,,278.9,160.59,57.58,459.99,164.93,철근콘크리트구조,01000,단독주택,4,0
경상남도 양산시 하북면 순지리 826-10번지,48330,34021,0,0826,0010,일반건축물,경상남도 양산시 통도2길 11-7 (하북면 순지리),,,273.3,161.1,58.95,471.75,172.61,철근콘크리트구조,01000,단독주택,4,0
경상남도 양산시 하북면 순지리 826-11번지,48330,34021,0,0826,0011,일반건축물,경상남도 양산시 신평6길 17 (하북면 순지리),,,277.3,159,57.34,458.76,165.44,철근콘크리트구조,01000,단독주택,4,0
경상남도 양산시 하북면 순지리 827-4번지,48330,34021,0,0827,0004,일반건축물,경상남도 양산시 월평로 17 (하북면 순지리),,,343.9,184.08,53.53,368.16,107.05,철근콘크리트구조,04000,"제2종근린생활시설,단독주택",2,0
경상남도 양산시 하북면 순지리 827-7번지,48330,34021,0,0827,0007,일반건축물,경상남도 양산시 월평로 9 (하북면 순지리),,,255,67.44,26.44,67.44,26.44,경량철골구조,03000,근린생활시설,1,0
경상남도 양산시 하북면 순지리 827-8번지,48330,34021,0,0827,0008,일반건축물,경상남도 양산시 통도2길 13 (하북면 순지리),,,339,202.06,59.6,603.78,178.11,철근콘크리트구조,01000,단독주택(다가구),4,0
경상남도 양산시 하북면 순지리 827-11번지,48330,34021,0,0827,0011,일반건축물,경상남도 양산시 통도2길 11-20 (하북면 순지리),,,530.1,98.73,18.62,146.95,27.72,철근콘크리트구조,01000,단독주택,2,0
경상남도 양산시 하북면 순지리 827-13번지,48330,34021,0,0827,0013,일반건축물,경상남도 양산시 통도2길 11-10 (하북면 순지리),,,270.1,146.88,54.38,383.97,142.16,철근콘크리트구조,01000,단독주택(다가구),4,0
경상남도 양산시 하북면 순지리 827-14번지,48330,34021,0,0827,0014,일반건축물,경상남도 양산시 통도2길 11-8 (하북면 순지리),,,265.7,146.88,55.28,383.97,144.51,철근콘크리트구조,01000,단독주택(다가구),4,0
경상남도 양산시 하북면 순지리 828-2번지,48330,34021,0,0828,0002,표제부,경상남도 양산시 월평로 5 (하북면 순지리),다세대,,350.1,209.24,59.77,784.8,224.16,철근콘크리트구조,04000,"제2종근린생활시설, 공동주택(다세대)",4,0
경상남도 양산시 하북면 순지리 828-3번지,48330,34021,0,0828,0003,일반건축물,경상남도 양산시 양산대로 2631 (하북면 순지리),,,46149,191.8,0.42,186.23,0.4,블록구조,04000,제2종근린생활시설,1,0
경상남도 양산시 하북면 순지리 829-2번지,48330,34021,0,0829,0002,일반건축물,경상남도 양산시 양산대로 2627 (하북면 순지리),,,395.7,182.28,46.07,227.08,57.39,일반철골구조,04000,제2종근린생활시설,2,0
경상남도 양산시 하북면 순지리 829-3번지,48330,34021,0,0829,0003,일반건축물,경상남도 양산시 양산대로 2625 (하북면 순지리),,제1동,811.6,440.64,54.29,881.28,108.59,일반철골구조,13000,운동시설,2,0
경상남도 양산시 하북면 순지리 829-5번지,48330,34021,0,0829,0005,일반건축물,경상남도 양산시 양산대로 2623 (하북면 순지리),,,413.1,228.8,55.39,309.92,75.02,철근콘크리트구조,03000,"제1종근린생활시설,제2종근린생활시설",2,0
경상남도 양산시 하북면 순지리 829-6번지,48330,34021,0,0829,0006,일반건축물,경상남도 양산시 양산대로 2621 (하북면 순지리),,,1053.4,185.4,17.6,185.4,17.6,경량철골구조,04000,제2종근린생활시설,1,0
경상남도 양산시 하북면 순지리 829-8번지,48330,34021,0,0829,0008,일반건축물,경상남도 양산시 통도사로 6 (하북면 순지리),,,679.2,242.55,35.71,332.8,49,철근콘크리트구조,04000,"제2종근린생활시설, 단독주택",2,0
경상남도 양산시 하북면 순지리 829-10번지,48330,34021,0,0829,0010,일반건축물,경상남도 양산시 통도2길 6 (하북면 순지리),,,276.6,160.14,57.9,160.14,57.9,블록구조,03000,제1종근린생활시설,1,0
경상남도 양산시 하북면 순지리 829-12번지,48330,34021,0,0829,0012,일반건축물,경상남도 양산시 통도2길 10 (하북면 순지리),,,380,207.15,54.51,633.93,166.82,철근콘크리트구조,01000,단독주택(다가구),4,0
경상남도 양산시 하북면 순지리 829-14번지,48330,34021,0,0829,0014,일반건축물,경상남도 양산시 통도2길 12 (하북면 순지리),,,283.2,167.28,59.07,444.82,157.07,철근콘크리트구조,01000,단독주택(다가구),4,0
경상남도 양산시 하북면 순지리 829-15번지,48330,34021,0,0829,0015,표제부,경상남도 양산시 통도2길 8-1 (하북면 순지리),노블팰리스,,380.1,227.63,59.89,723.51,190.35,철근콘크리트구조,02000,공동주택,5,0
경상남도 양산시 하북면 순지리 산8-3번지,48330,34021,1,0008,0003,일반건축물,경상남도 양산시 통도7길 68 (하북면 순지리),통도아쿠아환타지아,,0,115,0,115,0,일반목구조,27000,관광휴게시설,1,0
경상남도 양산시 하북면 순지리 산8-3번지,48330,34021,1,0008,0003,일반건축물,경상남도 양산시 통도7길 68 (하북면 순지리),통토환타지아,,0,0,0,1296.07,0,일반철골구조,27000,관광휴게시설,2,1
경상남도 양산시 하북면 순지리 산8-3번지,48330,34021,1,0008,0003,일반건축물,경상남도 양산시 통도7길 68 (하북면 순지리),통도환타지아,생태공원65-3동,0,315.57,0,315.57,0,강파이프구조,27000,관광휴게시설,1,0
경상남도 양산시 하북면 순지리 산8-3번지,48330,34021,1,0008,0003,일반건축물,경상남도 양산시 통도7길 68 (하북면 순지리),단체손님상담실(Y동),,0,60.75,0,60.75,0,경량철골구조,27000,관광휴게시설,1,0
경상남도 양산시 하북면 순지리 산8-3번지,48330,34021,1,0008,0003,일반건축물,경상남도 양산시 통도7길 68 (하북면 순지리),통도환타지아,주건축물제107동,0,64.29,0,121.05,0,철근콘크리트구조,27000,관광휴게시설,1,1
경상남도 양산시 하북면 순지리 산8-3번지,48330,34021,1,0008,0003,일반건축물,경상남도 양산시 통도7길 68 (하북면 순지리),통도환타지아,,0,189.97,0,423.52,0,철근콘크리트구조,27000,관광휴게시설,4,0
경상남도 양산시 하북면 순지리 산8-3번지,48330,34021,1,0008,0003,일반건축물,경상남도 양산시 통도7길 68 (하북면 순지리),통도환타지아,생태공원65-2동,0,85.41,0,85.41,0,철근콘크리트구조,27000,관광휴게시설,1,0
경상남도 양산시 하북면 순지리 산8-3번지,48330,34021,1,0008,0003,일반건축물,경상남도 양산시 통도7길 68 (하북면 순지리),통도환타지아,,0,0,0,3198.4,0,철근콘크리트구조,27000,관광휴게시설,2,1
경상남도 양산시 하북면 순지리 산8-3번지,48330,34021,1,0008,0003,일반건축물,경상남도 양산시 통도7길 68 (하북면 순지리),통도환타지아,생태공원65-1동,0,85.82,0,85.82,0,철근콘크리트구조,27000,관광휴게시설,1,0
경상남도 양산시 하북면 순지리 산8-3번지,48330,34021,1,0008,0003,일반건축물,경상남도 양산시 통도7길 68 (하북면 순지리),통도환타지아,,0,86.58,0,86.58,0,철근콘크리트구조,27000,관광휴게시설,1,0
경상남도 양산시 하북면 순지리 산8-3번지,48330,34021,1,0008,0003,일반건축물,경상남도 양산시 통도7길 68 (하북면 순지리),통도환타지아,,0,11.76,0,11.76,0,경량철골구조,27000,관광휴게시설,1,0
경상남도 양산시 하북면 순지리 산8-3번지,48330,34021,1,0008,0003,일반건축물,경상남도 양산시 통도7길 68 (하북면 순지리),통도환타지아,,0,94.5,0,381.5,0,철근콘크리트구조,27000,관광휴게시설,1,1
경상남도 양산시 하북면 순지리 산8-3번지,48330,34021,1,0008,0003,일반건축물,경상남도 양산시 통도7길 68 (하북면 순지리),통도환타지아,,0,7.5,0,7.5,0,경량철골구조,27000,관광휴게시설,1,0
경상남도 양산시 하북면 순지리 산8-3번지,48330,34021,1,0008,0003,일반건축물,경상남도 양산시 통도7길 68 (하북면 순지리),통도환타지아,,0,2.6,0,2.6,0,경량철골구조,27000,관광휴게시설,1,0
경상남도 양산시 하북면 순지리 산8-3번지,48330,34021,1,0008,0003,일반건축물,경상남도 양산시 통도7길 68 (하북면 순지리),통도환타지아,주건축물102동,0,9057.67,0,29895.85,0,철근콘크리트구조,27000,"관광휴게시설,제1,2종근린생활시설",14,1
경상남도 양산시 하북면 순지리 산8-3번지,48330,34021,1,0008,0003,일반건축물,경상남도 양산시 통도7길 68 (하북면 순지리),통도환타지아,,0,0,0,5080.79,0,철골콘크리트구조,27000,관광휴게시설,3,1
경상남도 양산시 하북면 순지리 산8-3번지,48330,34021,1,0008,0003,일반건축물,경상남도 양산시 통도7길 68 (하북면 순지리),통도환타지아,생태공원65-4동,0,321.76,0,321.76,0,강파이프구조,27000,관광휴게시설,1,0
경상남도 양산시 하북면 순지리 산8-3번지,48330,34021,1,0008,0003,일반건축물,경상남도 양산시 통도7길 68 (하북면 순지리),통도환타지아(눈설매장 검표소),Z-13호동,0,4,0,4,0,경량철골구조,27000,관광휴게시설,1,0
경상남도 양산시 하북면 순지리 산8-3번지,48330,34021,1,0008,0003,일반건축물,경상남도 양산시 통도7길 68 (하북면 순지리),통도환타지아,,0,171.5,0,162.35,0,경량철골구조,27000,관광휴게시설,1,0
경상남도 양산시 하북면 순지리 산8-3번지,48330,34021,1,0008,0003,일반건축물,경상남도 양산시 통도7길 68 (하북면 순지리),통도환타지아,,0,66.96,0,66.96,0,철근콘크리트구조,27000,관광휴게시설,1,0
경상남도 양산시 하북면 순지리 산8-3번지,48330,34021,1,0008,0003,일반건축물,경상남도 양산시 통도7길 68 (하북면 순지리),통도환타지아,,0,240.47,0,2145.14,0,철근콘크리트구조,27000,관광휴게시설,5,1
경상남도 양산시 하북면 순지리 산8-3번지,48330,34021,1,0008,0003,일반건축물,경상남도 양산시 통도7길 68 (하북면 순지리),"눈썰매장(Z-4~Z-7,Z-9~Z-10동)",,0,0,0,878.49,0,철근콘크리트구조,27000,관광휴게시설,2,0
경상남도 양산시 하북면 순지리 산11-24번지,48330,34021,1,0011,0024,일반건축물,경상남도 양산시 통도7길 30 (하북면 순지리),,,0,66.1,0,66.1,0,블록구조,01000,주택,1,0
경상남도 양산시 하북면 순지리 블록,48330,34021,2,0000,0000,표제부,,,,231.4,92,39.76,92,39.76,경량철골구조,03000,근린생활시설,1,0
경상남도 양산시 하북면 순지리 블록,48330,34021,2,0000,0000,표제부,,,,349.3,36.39,10.42,36.39,10.42,벽돌구조,03000,근린생활시설,1,0
