대지위치,시군구코드,법정동코드,대지구분코드,번,지,대장종류코드명,도로명대지위치,건물명,동명칭,대지면적(㎡),건축면적(㎡),건폐율(%),연면적(㎡),용적률(%),구조코드명,주용도코드,기타용도,지상층수,지하층수
경상남도 양산시 물금읍 물금리 95번지,48330,25321,0,0095,0000,일반건축물,경상남도 양산시 청운로 46 (물금읍 물금리),,가동,0,805.62,0,3222.48,0,철근콘크리트구조,10000,교육연구및복지시설,4,0
경상남도 양산시 물금읍 물금리 95번지,48330,25321,0,0095,0000,일반건축물,경상남도 양산시 청운로 46 (물금읍 물금리),,"나동, 사동",0,597.67,0,1833.05,0,철근콘크리트구조,10000,교육연구및복지시설,4,0
경상남도 양산시 물금읍 물금리 95번지,48330,25321,0,0095,0000,일반건축물,경상남도 양산시 청운로 46 (물금읍 물금리),,다동,0,1049.66,0,1996.74,0,철근콘크리트구조,10000,교육연구및복지시설,4,0
경상남도 양산시 물금읍 물금리 126-1번지,48330,25321,0,0126,0001,일반건축물,,,,0,19.83,0,19.83,0,일반목구조,01000,주택,1,0
경상남도 양산시 물금읍 물금리 127-2번지,48330,25321,0,0127,0002,일반건축물,,,,0,29.75,0,29.75,0,블록구조,01000,주택,1,0
경상남도 양산시 물금읍 물금리 132-3번지,48330,25321,0,0132,0003,일반건축물,경상남도 양산시 남부마을길 6-21 (물금읍 물금리),,,267,94.29,35.31,140.09,52.47,철근콘크리트구조,01000,단독주택,2,0
경상남도 양산시 물금읍 물금리 132-13번지,48330,25321,0,0132,0013,일반건축물,경상남도 양산시 남부마을길 21 (물금읍 물금리),,,0,62.79,0,62.79,0,일반목구조,01000,주택,1,0
경상남도 양산시 물금읍 물금리 132-15번지,48330,25321,0,0132,0015,일반건축물,경상남도 양산시 남부마을길 19 (물금읍 물금리),,,0,39.66,0,39.66,0,일반목구조,01000,주택,1,0
경상남도 양산시 물금읍 물금리 132-20번지,48330,25321,0,0132,0020,일반건축물,경상남도 양산시 남부마을길 13 (물금읍 물금리),,제1동,221,99.95,45.23,195.9,81.4,철근콘크리트구조,01000,단독주택,2,0
경상남도 양산시 물금읍 물금리 132-21번지,48330,25321,0,0132,0021,일반건축물,경상남도 양산시 남부마을길 15 (물금읍 물금리),,,0,29.75,0,29.75,0,일반목구조,01000,주택,1,0
경상남도 양산시 물금읍 물금리 132-24번지,48330,25321,0,0132,0024,일반건축물,경상남도 양산시 남부마을길 10-2 (물금읍 물금리),,,0,36.35,0,36.35,0,일반목구조,01000,주택,1,0
경상남도 양산시 물금읍 물금리 132-26번지,48330,25321,0,0132,0026,일반건축물,경상남도 양산시 남부마을길 10 (물금읍 물금리),,,395,191.73,48.54,354.29,89.69,철근콘크리트구조,03000,"제1종근린생활시설,단독주택",3,0
경상남도 양산시 물금읍 물금리 132-28번지,48330,25321,0,0132,0028,일반건축물,경상남도 양산시 남부마을길 6 (물금읍 물금리),,,369,182.78,49.53,494.41,133.99,철근콘크리트구조,04000,제2종근린생활시설,4,0
경상남도 양산시 물금읍 물금리 132-29번지,48330,25321,0,0132,0029,일반건축물,,,,0,79.33,0,79.33,0,일반목구조,01000,주택,1,0
경상남도 양산시 물금읍 물금리 132-30번지,48330,25321,0,0132,0030,일반건축물,,,,0,69.41,0,69.41,0,일반목구조,01000,주택,1,0
경상남도 양산시 물금읍 물금리 132-33번지,48330,25321,0,0132,0033,일반건축물,,,,0,56.19,0,56.19,0,일반목구조,01000,주택,1,0
경상남도 양산시 물금읍 물금리 132-33번지,48330,25321,0,0132,0033,일반건축물,,,,0,0,0,29.7,0,일반목구조,01000,주택,1,0
경상남도 양산시 물금읍 물금리 132-33번지,48330,25321,0,0132,0033,일반건축물,,,,0,0,0,26.44,0,일반목구조,01000,주택,1,0
경상남도 양산시 물금읍 물금리 132-34번지,48330,25321,0,0132,0034,일반건축물,,,,0,56.12,0,56.12,0,블록구조,01000,"주택, 점포",1,0
경상남도 양산시 물금읍 물금리 132-35번지,48330,25321,0,0132,0035,일반건축물,,,,0,26.44,0,26.44,0,일반목구조,01000,주택,1,0
경상남도 양산시 물금읍 물금리 132-35번지,48330,25321,0,0132,0035,일반건축물,,,,0,23.14,0,23.14,0,일반목구조,01000,주택,1,0
경상남도 양산시 물금읍 물금리 132-36번지,48330,25321,0,0132,0036,일반건축물,,,,0,79.32,0,79.32,0,일반목구조,01000,주택,1,0
경상남도 양산시 물금읍 물금리 132-38번지,48330,25321,0,0132,0038,일반건축물,,,,0,49.58,0,49.58,0,일반목구조,01000,주택,1,0
경상남도 양산시 물금읍 물금리 132-41번지,48330,25321,0,0132,0041,일반건축물,,,,0,52.88,0,52.88,0,일반목구조,01000,주택,1,0
경상남도 양산시 물금읍 물금리 132-42번지,48330,25321,0,0132,0042,일반건축물,,,,0,26.43,0,26.43,0,일반목구조,03000,"주택, 점포",1,0
경상남도 양산시 물금읍 물금리 132-43번지,48330,25321,0,0132,0043,일반건축물,,,,0,49.58,0,49.58,0,일반목구조,01000,주택,1,0
경상남도 양산시 물금읍 물금리 132-44번지,48330,25321,0,0132,0044,일반건축물,경상남도 양산시 남부마을길 23 (물금읍 물금리),,,0,42.97,0,42.97,0,일반목구조,01000,주택,1,0
경상남도 양산시 물금읍 물금리 133-5번지,48330,25321,0,0133,0005,일반건축물,,,,0,62.8,0,62.8,0,일반목구조,01000,주택,1,0
경상남도 양산시 물금읍 물금리 133-9번지,48330,25321,0,0133,0009,일반건축물,,,,0,85.94,0,85.94,0,일반목구조,01000,주택,1,0
경상남도 양산시 물금읍 물금리 133-11번지,48330,25321,0,0133,0011,일반건축물,경상남도 양산시 남부마을길 6-19 (물금읍 물금리),,,0,46.27,0,46.27,0,일반목구조,01000,주택,1,0
경상남도 양산시 물금읍 물금리 134-1번지,48330,25321,0,0134,0001,일반건축물,,,,0,39.66,0,39.66,0,일반목구조,01000,주택,1,0
경상남도 양산시 물금읍 물금리 134-2번지,48330,25321,0,0134,0002,일반건축물,,,,0,56.19,0,56.19,0,일반목구조,01000,주택,1,0
경상남도 양산시 물금읍 물금리 134-3번지,48330,25321,0,0134,0003,일반건축물,,,,0,62.8,0,62.8,0,일반목구조,01000,주택,1,0
경상남도 양산시 물금읍 물금리 135번지,48330,25321,0,0135,0000,일반건축물,,,,0,76.02,0,76.02,0,일반목구조,01000,주택,1,0
경상남도 양산시 물금읍 물금리 135-4번지,48330,25321,0,0135,0004,일반건축물,경상남도 양산시 남부마을길 8 (물금읍 물금리),남부마을회관,,114,18.33,16.08,18.33,16.08,일반목구조,03000,제1종근린생활시설,1,0
경상남도 양산시 물금읍 물금리 137-3번지,48330,25321,0,0137,0003,일반건축물,,,,0,65.11,0,65.11,0,블록구조,01000,"주택, 점포",1,0
경상남도 양산시 물금읍 물금리 137-3번지,48330,25321,0,0137,0003,일반건축물,,,,0,39.33,0,39.33,0,일반목구조,01000,주택,1,0
경상남도 양산시 물금읍 물금리 138-1번지,48330,25321,0,0138,0001,일반건축물,,,,0,32.39,0,32.39,0,일반목구조,01000,주택,1,0
경상남도 양산시 물금읍 물금리 138-3번지,48330,25321,0,0138,0003,일반건축물,,,,0,0,0,42.97,0,일반목구조,01000,주택,1,0
경상남도 양산시 물금읍 물금리 138-8번지,48330,25321,0,0138,0008,일반건축물,,,,0,46.27,0,46.27,0,일반목구조,01000,주택,1,0
경상남도 양산시 물금읍 물금리 138-9번지,48330,25321,0,0138,0009,일반건축물,,,,0,33.05,0,33.05,0,일반목구조,01000,주택,1,0
경상남도 양산시 물금읍 물금리 138-11번지,48330,25321,0,0138,0011,일반건축물,,,,0,39.66,0,39.66,0,일반목구조,01000,주택,1,0
경상남도 양산시 물금읍 물금리 138-13번지,48330,25321,0,0138,0013,일반건축물,,,,0,69.41,0,69.41,0,일반목구조,01000,주택,1,0
경상남도 양산시 물금읍 물금리 138-14번지,48330,25321,0,0138,0014,일반건축물,,,,0,0,0,23.14,0,일반목구조,01000,주택,1,0
경상남도 양산시 물금읍 물금리 138-16번지,48330,25321,0,0138,0016,일반건축물,,,,0,52.88,0,52.88,0,일반목구조,01000,주택,1,0
경상남도 양산시 물금읍 물금리 138-17번지,48330,25321,0,0138,0017,일반건축물,,,,0,69.41,0,69.41,0,일반목구조,01000,주택,1,0
경상남도 양산시 물금읍 물금리 138-19번지,48330,25321,0,0138,0019,일반건축물,경상남도 양산시 남부마을길 6-23 (물금읍 물금리),,,0,26.44,0,26.44,0,일반목구조,01000,주택,1,0
경상남도 양산시 물금읍 물금리 138-20번지,48330,25321,0,0138,0020,일반건축물,경상남도 양산시 남부마을길 6-27 (물금읍 물금리),,,0,56.1,0,56.1,0,일반목구조,01000,주택,1,0
경상남도 양산시 물금읍 물금리 138-25번지,48330,25321,0,0138,0025,일반건축물,경상남도 양산시 남부마을길 6-53 (물금읍 물금리),,제1동,612,95.144,15.55,99.84,16.31,철근콘크리트구조,01000,단독주택,2,0
경상남도 양산시 물금읍 물금리 140-2번지,48330,25321,0,0140,0002,일반건축물,경상남도 양산시 남부마을길 6-57 (물금읍 물금리),,,0,0,0,128.91,0,일반목구조,04000,근린생활시설,1,0
경상남도 양산시 물금읍 물금리 141-5번지,48330,25321,0,0141,0005,일반건축물,,,,0,42.63,0,42.63,0,일반목구조,01000,주택,1,0
경상남도 양산시 물금읍 물금리 141-6번지,48330,25321,0,0141,0006,일반건축물,,,,397,0,0,19.83,0,일반목구조,01000,주택,1,0
경상남도 양산시 물금읍 물금리 141-7번지,48330,25321,0,0141,0007,일반건축물,,,,0,79.33,0,79.33,0,일반목구조,01000,주택,1,0
경상남도 양산시 물금읍 물금리 359-19번지,48330,25321,0,0359,0019,일반건축물,,,,0,0,0,49.58,0,일반목구조,01000,주택,1,0
경상남도 양산시 물금읍 물금리 364-9번지,48330,25321,0,0364,0009,일반건축물,,,,0,56.18,0,56.18,0,일반목구조,01000,주택,1,0
경상남도 양산시 물금읍 물금리 364-23번지,48330,25321,0,0364,0023,일반건축물,,,,0,66.11,0,66.11,0,일반목구조,01000,주택,1,0
경상남도 양산시 물금읍 물금리 365-5번지,48330,25321,0,0365,0005,일반건축물,,,,0,42.97,0,42.97,0,블록구조,01000,주택,1,0
경상남도 양산시 물금읍 물금리 365-16번지,48330,25321,0,0365,0016,일반건축물,,,,217.755,127.81,58.69,181.5,83.35,블록구조,Z8000,노유자시설,2,0
경상남도 양산시 물금읍 물금리 372-3번지,48330,25321,0,0372,0003,일반건축물,경상남도 양산시 황산로 347 (물금읍 물금리),,,0,85.93,0,85.93,0,일반목구조,01000,"주택, 점포",1,0
경상남도 양산시 물금읍 물금리 372-3번지,48330,25321,0,0372,0003,일반건축물,경상남도 양산시 황산로 347 (물금읍 물금리),,,0,124.56,0,124.56,0,일반철골구조,08000,운수시설,1,0
경상남도 양산시 물금읍 물금리 372-3번지,48330,25321,0,0372,0003,일반건축물,경상남도 양산시 황산로 347 (물금읍 물금리),,,0,118.8,0,118.8,0,벽돌구조,08000,판매및영업시설,1,0
경상남도 양산시 물금읍 물금리 372-3번지,48330,25321,0,0372,0003,일반건축물,경상남도 양산시 황산로 347 (물금읍 물금리),,,9908,733.71,7.41,1102.25,10.68,철근콘크리트구조,08000,판매및영업시설,2,1
경상남도 양산시 물금읍 물금리 372-6번지,48330,25321,0,0372,0006,일반건축물,경상남도 양산시 황산로 351 (물금읍 물금리),,,483,246.91,51.12,477.8,98.92,철근콘크리트구조,04000,근린생활시설,2,0
경상남도 양산시 물금읍 물금리 372-16번지,48330,25321,0,0372,0016,일반건축물,,,,0,26.44,0,26.44,0,블록구조,03000,점포,1,0
경상남도 양산시 물금읍 물금리 373-2번지,48330,25321,0,0373,0002,일반건축물,경상남도 양산시 물금역2길 1 (물금읍 물금리),,,0,29.4,0,29.4,0,블록구조,01000,"주택, 근린생활시설",1,0
경상남도 양산시 물금읍 물금리 373-5번지,48330,25321,0,0373,0005,일반건축물,,,,0,350.41,0,350.41,0,블록구조,18000,창고,1,0
경상남도 양산시 물금읍 물금리 375-5번지,48330,25321,0,0375,0005,일반건축물,경상남도 양산시 물금역2길 3-1 (물금읍 물금리),,,0,113.25,0,225.78,0,철근콘크리트구조,04000,"근린생활시설, 위락시설",2,0
경상남도 양산시 물금읍 물금리 375-6번지,48330,25321,0,0375,0006,일반건축물,경상남도 양산시 물금역2길 3 (물금읍 물금리),,,395.41,261.09,66.03,539.82,136.52,철근콘크리트구조,Z3000,"근린생활시설, 단독주택, 위락시설",3,0
경상남도 양산시 물금읍 물금리 375-7번지,48330,25321,0,0375,0007,일반건축물,경상남도 양산시 물금역2길 5-1 (물금읍 물금리),,,0,73.26,0,73.26,0,블록구조,01000,주택,1,0
경상남도 양산시 물금읍 물금리 376-4번지,48330,25321,0,0376,0004,일반건축물,경상남도 양산시 물금역1길 11 (물금읍 물금리),,,751,339.77,45.24,921.81,122.74,경량철골구조,04000,제2종근린생활시설,4,0
경상남도 양산시 물금읍 물금리 376-7번지,48330,25321,0,0376,0007,일반건축물,경상남도 양산시 물금역1길 20 (물금읍 물금리),,제1동,556,199.92,35.96,196.98,35.43,경량철골구조,04000,제2종근린생활시설,1,0
경상남도 양산시 물금읍 물금리 376-11번지,48330,25321,0,0376,0011,일반건축물,경상남도 양산시 물금역1길 15 (물금읍 물금리),,,504,136.4,27.06,136.4,27.06,경량철골구조,01000,"단독주택,제2종근린생활시설",1,0
경상남도 양산시 물금읍 물금리 376-14번지,48330,25321,0,0376,0014,일반건축물,경상남도 양산시 물금역2길 15-1 (물금읍 물금리),,,218,83.28,38.2,151.78,69.62,철근콘크리트구조,01000,"단독주택,제2종근린생활시설",2,0
경상남도 양산시 물금읍 물금리 376-15번지,48330,25321,0,0376,0015,일반건축물,경상남도 양산시 물금역2길 13 (물금읍 물금리),,,0,0,0,637.89,0,철근콘크리트구조,03000,"주택, 근린생활, 점포",3,0
경상남도 양산시 물금읍 물금리 376-16번지,48330,25321,0,0376,0016,일반건축물,경상남도 양산시 물금역2길 17 (물금읍 물금리),,,155,110.15,71.06,217.9,140.58,철근콘크리트구조,01000,"근린생활시설,주택",2,0
경상남도 양산시 물금읍 물금리 376-17번지,48330,25321,0,0376,0017,일반건축물,경상남도 양산시 물금역1길 18 (물금읍 물금리),,,0,78.95,0,78.95,0,블록구조,01000,주택,1,0
경상남도 양산시 물금읍 물금리 376-18번지,48330,25321,0,0376,0018,일반건축물,경상남도 양산시 물금역1길 16 (물금읍 물금리),,,198,102.8,51.92,98.9,49.95,철근콘크리트구조,01000,주택,1,0
경상남도 양산시 물금읍 물금리 377-1번지,48330,25321,0,0377,0001,일반건축물,경상남도 양산시 물금중앙길 21 (물금읍 물금리),,,899,348.09,38.72,348.09,38.72,일반철골구조,04000,제2종근린생활시설,1,0
경상남도 양산시 물금읍 물금리 378-2번지,48330,25321,0,0378,0002,일반건축물,경상남도 양산시 물금역2길 11-1 (물금읍 물금리),,제1동,720,572.96,79.58,753.31,104.63,일반철골구조,04000,제2종근린생활시설,3,0
경상남도 양산시 물금읍 물금리 379-3번지,48330,25321,0,0379,0003,일반건축물,경상남도 양산시 물금역2길 11 (물금읍 물금리),,,0,0,0,196.4,0,경량철골구조,01000,"주택, 근린생활시설",1,0
경상남도 양산시 물금읍 물금리 379-4번지,48330,25321,0,0379,0004,일반건축물,경상남도 양산시 물금역2길 9 (물금읍 물금리),,,0,0,0,165.11,0,블록구조,01000,"주택, 점포",2,0
경상남도 양산시 물금읍 물금리 379-8번지,48330,25321,0,0379,0008,일반건축물,경상남도 양산시 물금역2길 5-2 (물금읍 물금리),,,179,84.15,47.01,84.15,47.01,블록구조,04000,제2종근린생활시설,1,0
경상남도 양산시 물금읍 물금리 379-9번지,48330,25321,0,0379,0009,일반건축물,경상남도 양산시 물금역2길 5 (물금읍 물금리),,,143.83,99.4,69.1,198.8,138.22,철근콘크리트구조,03000,"소매점,사무소",2,0
경상남도 양산시 물금읍 물금리 379-10번지,48330,25321,0,0379,0010,일반건축물,경상남도 양산시 물금역2길 7 (물금읍 물금리),,,230,84.24,36.63,163.5,71.09,기타조적구조,04000,"단독주택, 제2종근린생활시설",2,0
경상남도 양산시 물금읍 물금리 380-3번지,48330,25321,0,0380,0003,일반건축물,경상남도 양산시 물금역2길 12 (물금읍 물금리),,,209,165.88,79.37,444.75,212.8,철근콘크리트구조,04000,"제2종근린생활시설,위락시설",3,0
경상남도 양산시 물금읍 물금리 380-7번지,48330,25321,0,0380,0007,일반건축물,,,,0,0,0,49.57,0,블록구조,03000,"점포, 주택",1,0
경상남도 양산시 물금읍 물금리 380-14번지,48330,25321,0,0380,0014,일반건축물,경상남도 양산시 물금역2길 8 (물금읍 물금리),,,0,201.65,0,607.05,0,철근콘크리트구조,03000,"점포, 근린생활시설, 여관, 위락시설",3,0
경상남도 양산시 물금읍 물금리 380-14번지,48330,25321,0,0380,0014,일반건축물,경상남도 양산시 물금역2길 8 (물금읍 물금리),,,0,49.58,0,49.58,0,블록구조,01000,주택,1,0
경상남도 양산시 물금읍 물금리 380-22번지,48330,25321,0,0380,0022,일반건축물,경상남도 양산시 물금역2길 6 (물금읍 물금리),물금 사계칼국수,제1동,180,122.85,68.25,122.85,68.25,일반철골구조,04000,제2종근린생활시설,1,0
경상남도 양산시 물금읍 물금리 380-25번지,48330,25321,0,0380,0025,일반건축물,경상남도 양산시 황산로 359-2 (물금읍 물금리),,,0,82.08,0,82.08,0,블록구조,01000,주택,1,0
경상남도 양산시 물금읍 물금리 380-26번지,48330,25321,0,0380,0026,일반건축물,경상남도 양산시 황산로 359 (물금읍 물금리),,,0,134.4,0,264.9,0,철근콘크리트구조,04000,근린생활시설(학원),2,0
경상남도 양산시 물금읍 물금리 380-30번지,48330,25321,0,0380,0030,일반건축물,경상남도 양산시 황산로 365-1 (물금읍 물금리),,,513,244.56,47.67,1737.99,293.98,철근콘크리트구조,15000,"숙박시설,제2종근린생활시설",7,1
경상남도 양산시 물금읍 물금리 380-31번지,48330,25321,0,0380,0031,일반건축물,경상남도 양산시 물금역2길 10-1 (물금읍 물금리),,,587,272.79,46.47,1627.62,233.53,철근콘크리트구조,15000,"숙박시설,제2종근린생활시설",6,1
경상남도 양산시 물금읍 물금리 380-32번지,48330,25321,0,0380,0032,일반건축물,경상남도 양산시 황산로 363-1 (물금읍 물금리),,,370,81.2,21.94,81.2,21.94,경량철골구조,04000,제2종근린생활시설,1,0
경상남도 양산시 물금읍 물금리 380-37번지,48330,25321,0,0380,0037,일반건축물,,,,222,98.7,44.46,98.7,44.46,경량철골구조,20000,자동차관련시설,1,0
경상남도 양산시 물금읍 물금리 381-1번지,48330,25321,0,0381,0001,일반건축물,경상남도 양산시 황산로 361 (물금읍 물금리),,,217,172.25,79.38,172.25,79.38,철근콘크리트구조,04000,"제1,2종근린생활시설",1,0
경상남도 양산시 물금읍 물금리 382-1번지,48330,25321,0,0382,0001,일반건축물,경상남도 양산시 황산로 357 (물금읍 물금리),,,0,125.8,0,125.8,0,철근콘크리트구조,04000,근린생활시설,1,0
경상남도 양산시 물금읍 물금리 382-3번지,48330,25321,0,0382,0003,일반건축물,경상남도 양산시 황산로 355 (물금읍 물금리),,,0,0,0,131.6,0,블록구조,01000,"주택, 점포",1,0
경상남도 양산시 물금읍 물금리 382-6번지,48330,25321,0,0382,0006,일반건축물,,,,0,0,0,148.75,0,블록구조,01000,주택,2,0
경상남도 양산시 물금읍 물금리 385-3번지,48330,25321,0,0385,0003,일반건축물,경상남도 양산시 황산로 367 (물금읍 물금리),,,0,79.33,0,79.33,0,블록구조,03000,점포,1,0
경상남도 양산시 물금읍 물금리 387-4번지,48330,25321,0,0387,0004,일반건축물,경상남도 양산시 물금역2길 17-1 (물금읍 물금리),,,89,47.4,53.26,122.8,137.98,기타조적구조,01000,"주택, 근린생활시설",2,0
경상남도 양산시 물금읍 물금리 387-9번지,48330,25321,0,0387,0009,일반건축물,경상남도 양산시 황산로 369 (물금읍 물금리),,,1920,1517.5,79.04,7516.46,308.78,철근콘크리트구조,03000,"제1,2종근린생활시설,운동시설,업무시설",5,1
경상남도 양산시 물금읍 물금리 387-15번지,48330,25321,0,0387,0015,일반건축물,경상남도 양산시 물금역2길 16 (물금읍 물금리),,,164,109.08,66.51,168.58,102.79,블록구조,04000,제2종근린생활시설,2,0
경상남도 양산시 물금읍 물금리 387-16번지,48330,25321,0,0387,0016,일반건축물,경상남도 양산시 물금역2길 14 (물금읍 물금리),,,0,75.71,0,146.06,0,철근콘크리트구조,03000,"점포, 위락시설",2,0
경상남도 양산시 물금읍 물금리 388-1번지,48330,25321,0,0388,0001,표제부,경상남도 양산시 황산로 371 (물금읍 물금리),채움애비뉴,,1325,1005.17,75.86,6940.15,442.56,철근콘크리트구조,03000,"제1,2종근린생활시설,노유자시설",7,1
경상남도 양산시 물금읍 물금리 388-3번지,48330,25321,0,0388,0003,일반건축물,경상남도 양산시 물금중앙길 11 (물금읍 물금리),,,0,0,0,264.78,0,철근콘크리트구조,01000,"주택, 점포",2,0
경상남도 양산시 물금읍 물금리 388-4번지,48330,25321,0,0388,0004,일반건축물,경상남도 양산시 물금중앙길 9 (물금읍 물금리),,,491,284.88,58.02,284.88,58.02,일반철골구조,04000,제2종근린생활시설,1,0
경상남도 양산시 물금읍 물금리 389-3번지,48330,25321,0,0389,0003,일반건축물,경상남도 양산시 물금중앙길 13 (물금읍 물금리),,,0,0,0,120.02,0,블록구조,03000,"점포, 주택",1,0
경상남도 양산시 물금읍 물금리 389-5번지,48330,25321,0,0389,0005,일반건축물,경상남도 양산시 물금역2길 19 (물금읍 물금리),,,0,0,0,130.055,0,철근콘크리트구조,03000,"주택, 점포",1,0
경상남도 양산시 물금읍 물금리 389-6번지,48330,25321,0,0389,0006,일반건축물,경상남도 양산시 물금중앙길 15 (물금읍 물금리),,,387,216.23,55.87,216.23,55.87,경량철골구조,04000,제2종근린생활시설,1,0
경상남도 양산시 물금읍 물금리 389-7번지,48330,25321,0,0389,0007,일반건축물,경상남도 양산시 물금중앙길 17 (물금읍 물금리),,,337,214.84,63.75,644.52,191.25,철근콘크리트구조,14000,"업무시설, 근린생활시설",3,0
경상남도 양산시 물금읍 물금리 389-8번지,48330,25321,0,0389,0008,일반건축물,경상남도 양산시 물금역2길 18 (물금읍 물금리),,,90,62.98,69.98,86.27,95.86,블록구조,03000,"제1종근린생활시설,단독주택",2,0
경상남도 양산시 물금읍 물금리 389-10번지,48330,25321,0,0389,0010,일반건축물,경상남도 양산시 물금역2길 18-1 (물금읍 물금리),,,316,152.3,48.2,301.88,95.53,블록구조,01000,"단독주택, 점포",2,0
경상남도 양산시 물금읍 물금리 389-10번지,48330,25321,0,0389,0010,일반건축물,경상남도 양산시 물금역2길 18-1 (물금읍 물금리),,,0,37.44,0,37.44,0,블록구조,01000,단독주택(창고),0,0
경상남도 양산시 물금읍 물금리 389-12번지,48330,25321,0,0389,0012,일반건축물,경상남도 양산시 물금역2길 16-1 (물금읍 물금리),,,0,36.36,0,36.36,0,블록구조,01000,주택,1,0
경상남도 양산시 물금읍 물금리 390-3번지,48330,25321,0,0390,0003,일반건축물,경상남도 양산시 물금역2길 23 (물금읍 물금리),,,0,0,0,479.42,0,벽돌구조,04000,"사무실, 근린생활시설, 위락시설, 회의실",1,0
경상남도 양산시 물금읍 물금리 391-1번지,48330,25321,0,0391,0001,일반건축물,경상남도 양산시 화산4길 1 (물금읍 물금리),,,0,0,0,33.71,0,블록구조,01000,주택,1,0
경상남도 양산시 물금읍 물금리 391-4번지,48330,25321,0,0391,0004,일반건축물,경상남도 양산시 화산길 26 (물금읍 물금리),,,0,76,0,76,0,일반목구조,04000,제2종근린생활시설,1,0
경상남도 양산시 물금읍 물금리 391-7번지,48330,25321,0,0391,0007,일반건축물,경상남도 양산시 화산4길 3 (물금읍 물금리),B동,,0,85.95,0,158.67,0,철근콘크리트구조,01000,단독주택,2,0
경상남도 양산시 물금읍 물금리 391-7번지,48330,25321,0,0391,0007,일반건축물,경상남도 양산시 화산길 26-1 (물금읍 물금리),A동,,0,59,0,119,0,철근콘크리트구조,03000,근린생활시설,2,0
경상남도 양산시 물금읍 물금리 392-12번지,48330,25321,0,0392,0012,일반건축물,,,,0,29.74,0,29.74,0,일반목구조,01000,"주택, 점포",1,0
경상남도 양산시 물금읍 물금리 392-12번지,48330,25321,0,0392,0012,일반건축물,,,,0,23.13,0,23.13,0,일반목구조,03000,"주택, 점포",1,0
경상남도 양산시 물금읍 물금리 392-13번지,48330,25321,0,0392,0013,일반건축물,경상남도 양산시 물금역2길 26-13 (물금읍 물금리),,,0,46.27,0,46.27,0,일반목구조,01000,주택,1,0
경상남도 양산시 물금읍 물금리 392-13번지,48330,25321,0,0392,0013,일반건축물,경상남도 양산시 물금역2길 26-13 (물금읍 물금리),,,0,39.66,0,39.66,0,일반목구조,01000,"주택, 점포",1,0
경상남도 양산시 물금읍 물금리 392-25번지,48330,25321,0,0392,0025,일반건축물,경상남도 양산시 물금중앙길 8 (물금읍 물금리),,,0,0,0,482.39,0,철근콘크리트구조,18000,"근린생활시설,창고",2,0
경상남도 양산시 물금읍 물금리 392-26번지,48330,25321,0,0392,0026,일반건축물,경상남도 양산시 물금중앙길 10-1 (물금읍 물금리),,,0,133.81,0,133.81,0,벽돌구조,01000,주택,1,0
경상남도 양산시 물금읍 물금리 392-27번지,48330,25321,0,0392,0027,일반건축물,경상남도 양산시 물금중앙길 10 (물금읍 물금리),,,0,165.28,0,165.28,0,철근콘크리트구조,03000,근린생활시설,1,0
경상남도 양산시 물금읍 물금리 392-30번지,48330,25321,0,0392,0030,일반건축물,경상남도 양산시 물금중앙길 12 (물금읍 물금리),,,192,128.26,66.8,350.96,177.73,철근콘크리트구조,03000,"주택, 근린생활시설",3,1
경상남도 양산시 물금읍 물금리 392-33번지,48330,25321,0,0392,0033,일반건축물,경상남도 양산시 화산길 15 (물금읍 물금리),,,0,100.95,0,137,0,철근콘크리트구조,01000,"주택, 근린생활시설",2,0
경상남도 양산시 물금읍 물금리 392-38번지,48330,25321,0,0392,0038,일반건축물,경상남도 양산시 물금역2길 26-5 (물금읍 물금리),,,0,52.89,0,52.89,0,블록구조,01000,"점포, 주택",1,0
경상남도 양산시 물금읍 물금리 392-39번지,48330,25321,0,0392,0039,일반건축물,경상남도 양산시 물금역2길 26 (물금읍 물금리),,,0,0,0,62.8,0,일반목구조,Z3000,근린생활시설,1,0
경상남도 양산시 물금읍 물금리 392-39번지,48330,25321,0,0392,0039,일반건축물,경상남도 양산시 물금역2길 26 (물금읍 물금리),,,0,0,0,105.77,0,철근콘크리트구조,01000,"근린생활시설, 주택",1,0
경상남도 양산시 물금읍 물금리 392-40번지,48330,25321,0,0392,0040,일반건축물,경상남도 양산시 물금중앙길 18 (물금읍 물금리),탑마트물금역점,,2769,1862.19,67.25,5782.83,103.27,철골철근콘크리트구조,07000,판매시설,4,0
경상남도 양산시 물금읍 물금리 392-47번지,48330,25321,0,0392,0047,일반건축물,경상남도 양산시 황산로 375 (물금읍 물금리),,,257,171.97,66.91,171.97,66.91,일반철골구조,03000,"제1종근린생활시설, 제2종근린생활시설",1,0
경상남도 양산시 물금읍 물금리 392-48번지,48330,25321,0,0392,0048,일반건축물,경상남도 양산시 물금중앙길 12-2 (물금읍 물금리),,,0,56.19,0,56.19,0,블록구조,01000,"주택, 점포",2,0
경상남도 양산시 물금읍 물금리 392-49번지,48330,25321,0,0392,0049,일반건축물,경상남도 양산시 물금중앙길 12-1 (물금읍 물금리),,,0,66.1,0,66.1,0,블록구조,01000,"주택, 점포",1,0
경상남도 양산시 물금읍 물금리 392-53번지,48330,25321,0,0392,0053,일반건축물,경상남도 양산시 물금역2길 26-9 (물금읍 물금리),,,0,72.72,0,72.72,0,블록구조,01000,주택,1,0
경상남도 양산시 물금읍 물금리 392-55번지,48330,25321,0,0392,0055,일반건축물,경상남도 양산시 물금중앙길 12-3 (물금읍 물금리),,,0,138.89,0,138.89,0,블록구조,01000,주택,1,0
경상남도 양산시 물금읍 물금리 392-58번지,48330,25321,0,0392,0058,일반건축물,경상남도 양산시 물금중앙길 4 (물금읍 물금리),,,0,404.04,0,762.03,0,철근콘크리트구조,14000,업무시설,2,0
경상남도 양산시 물금읍 물금리 404-2번지,48330,25321,0,0404,0002,일반건축물,경상남도 양산시 학산2길 1 (물금읍 물금리),,제1동,259.3,136.67,52.71,273.34,105.41,일반철골구조,04000,제2종근린생활시설,2,0
경상남도 양산시 물금읍 물금리 404-6번지,48330,25321,0,0404,0006,일반건축물,경상남도 양산시 황산로 409 (물금읍 물금리),,,714,92.72,12.99,149.42,20.93,일반목구조,01000,단독주택,2,0
경상남도 양산시 물금읍 물금리 406-2번지,48330,25321,0,0406,0002,일반건축물,경상남도 양산시 학산2길 9-15 (물금읍 물금리),,,0,39.66,0,39.66,0,일반목구조,01000,주택,1,0
경상남도 양산시 물금읍 물금리 406-3번지,48330,25321,0,0406,0003,일반건축물,,,,0,46.28,0,46.28,0,블록구조,01000,주택,1,0
경상남도 양산시 물금읍 물금리 406-6번지,48330,25321,0,0406,0006,일반건축물,경상남도 양산시 황산로 401-1 (물금읍 물금리),,,0,87.67,0,87.67,0,블록구조,01000,주택,1,0
경상남도 양산시 물금읍 물금리 406-8번지,48330,25321,0,0406,0008,일반건축물,경상남도 양산시 학산1길 10 (물금읍 물금리),,,136.9,65.25,47.66,61.29,44.77,기타조적구조,01000,단독주택,1,0
경상남도 양산시 물금읍 물금리 406-11번지,48330,25321,0,0406,0011,일반건축물,경상남도 양산시 화산2길 16 (물금읍 물금리),,,190,105.07,55.3,85.87,45.19,철근콘크리트구조,01000,단독주택,1,0
경상남도 양산시 물금읍 물금리 406-13번지,48330,25321,0,0406,0013,일반건축물,경상남도 양산시 화산길 4-1 (물금읍 물금리),,,0,29.75,0,29.75,0,블록구조,01000,근린생활시설,1,0
경상남도 양산시 물금읍 물금리 406-14번지,48330,25321,0,0406,0014,일반건축물,경상남도 양산시 학산2길 5 (물금읍 물금리),,,562.97,0,0,262.79,46.68,기타조적구조,01000,단독주택,2,0
경상남도 양산시 물금읍 물금리 406-17번지,48330,25321,0,0406,0017,일반건축물,경상남도 양산시 화학1길 30 (물금읍 물금리),,,0,66.1,0,66.1,0,일반목구조,01000,주택,1,0
경상남도 양산시 물금읍 물금리 406-19번지,48330,25321,0,0406,0019,일반건축물,경상남도 양산시 화학1길 29 (물금읍 물금리),,,0,71.73,0,71.73,0,블록구조,01000,주택,1,0
경상남도 양산시 물금읍 물금리 406-21번지,48330,25321,0,0406,0021,일반건축물,경상남도 양산시 화학1길 31-1 (물금읍 물금리),,,155.37,82.275,52.95,82.275,52.95,기타조적구조,01000,농가주택,1,0
경상남도 양산시 물금읍 물금리 406-22번지,48330,25321,0,0406,0022,일반건축물,,,,0,23.14,0,23.14,0,일반목구조,01000,주택,1,0
경상남도 양산시 물금읍 물금리 406-23번지,48330,25321,0,0406,0023,일반건축물,경상남도 양산시 황산로 405 (물금읍 물금리),물금타워,,349.9,207.44,59.29,754.86,215.74,철근콘크리트구조,03000,"제1,2종근린생활시설",4,0
경상남도 양산시 물금읍 물금리 406-24번지,48330,25321,0,0406,0024,일반건축물,경상남도 양산시 황산로 403 (물금읍 물금리),,,0,50.1,0,95.66,0,블록구조,01000,"근린생활시설, 주택",2,0
경상남도 양산시 물금읍 물금리 406-25번지,48330,25321,0,0406,0025,일반건축물,경상남도 양산시 황산로 401 (물금읍 물금리),,,0,0,0,177.98,0,벽돌구조,01000,"주택, 근린생활시설",2,0
경상남도 양산시 물금읍 물금리 406-27번지,48330,25321,0,0406,0027,일반건축물,경상남도 양산시 화학1길 35-1 (물금읍 물금리),,제1동,470.7,99.87,21.22,99.87,21.22,경량철골구조,04000,제2종근린생활시설,1,0
경상남도 양산시 물금읍 물금리 406-28번지,48330,25321,0,0406,0028,일반건축물,경상남도 양산시 화학1길 31 (물금읍 물금리),,,0,85.94,0,85.94,0,일반목구조,01000,주택,1,0
경상남도 양산시 물금읍 물금리 406-30번지,48330,25321,0,0406,0030,일반건축물,경상남도 양산시 화학1길 32 (물금읍 물금리),,,0,92.55,0,92.55,0,일반목구조,01000,주택,1,0
경상남도 양산시 물금읍 물금리 406-31번지,48330,25321,0,0406,0031,일반건축물,경상남도 양산시 화학1길 32-1 (물금읍 물금리),,,0,72.72,0,72.72,0,일반목구조,01000,주택,1,0
경상남도 양산시 물금읍 물금리 406-32번지,48330,25321,0,0406,0032,일반건축물,경상남도 양산시 학산2길 9-9 (물금읍 물금리),,,321.65,178.3,55.43,316.92,98.53,철근콘크리트구조,03000,근린공공시설,2,0
경상남도 양산시 물금읍 물금리 406-34번지,48330,25321,0,0406,0034,일반건축물,경상남도 양산시 학산1길 16-26 (물금읍 물금리),,,235,80.66,34.32,80.66,34.32,경량철골구조,01000,단독주택,1,0
경상남도 양산시 물금읍 물금리 406-35번지,48330,25321,0,0406,0035,일반건축물,경상남도 양산시 학산1길 16-53 (물금읍 물금리),,,201,119.79,59.6,203.88,101.43,철근콘크리트구조,01000,단독주택,2,0
경상남도 양산시 물금읍 물금리 406-36번지,48330,25321,0,0406,0036,일반건축물,,,,0,0,0,48.59,0,블록구조,01000,주택,1,0
경상남도 양산시 물금읍 물금리 406-37번지,48330,25321,0,0406,0037,일반건축물,경상남도 양산시 학산1길 16-19 (물금읍 물금리),,,628,141.97,22.61,141.97,22.61,기타조적구조,01000,주택,1,0
경상남도 양산시 물금읍 물금리 406-38번지,48330,25321,0,0406,0038,일반건축물,경상남도 양산시 학산2길 9-16 (물금읍 물금리),,,0,75.7,0,75.7,0,블록구조,01000,주택,1,0
경상남도 양산시 물금읍 물금리 406-39번지,48330,25321,0,0406,0039,일반건축물,경상남도 양산시 학산1길 16-13 (물금읍 물금리),,,0,84.06,0,84.06,0,벽돌구조,01000,주택,1,0
경상남도 양산시 물금읍 물금리 406-40번지,48330,25321,0,0406,0040,일반건축물,경상남도 양산시 학산1길 16-12 (물금읍 물금리),,,412.7,78.2,18.95,291.89,18.95,철근콘크리트구조,04000,"제1,2종근린생활시설",1,1
경상남도 양산시 물금읍 물금리 406-41번지,48330,25321,0,0406,0041,일반건축물,경상남도 양산시 학산2길 9-17 (물금읍 물금리),,,0,19.83,0,19.83,0,일반목구조,01000,주택,1,0
경상남도 양산시 물금읍 물금리 406-43번지,48330,25321,0,0406,0043,일반건축물,경상남도 양산시 화학1길 36-1 (물금읍 물금리),,,0,49.58,0,49.58,0,일반목구조,01000,주택,1,0
경상남도 양산시 물금읍 물금리 406-46번지,48330,25321,0,0406,0046,일반건축물,경상남도 양산시 학산2길 9-23 (물금읍 물금리),,제5동,0,6.25,0,6.25,0,경량철골구조,04000,제2종근린생활시설,1,0
경상남도 양산시 물금읍 물금리 406-46번지,48330,25321,0,0406,0046,일반건축물,경상남도 양산시 학산2길 9-23 (물금읍 물금리),,,0,139.65,0,139.65,0,경량철골구조,04000,제2종근린생활시설,1,0
경상남도 양산시 물금읍 물금리 406-46번지,48330,25321,0,0406,0046,일반건축물,경상남도 양산시 학산2길 9-23 (물금읍 물금리),,제2동,0,14,0,14,0,경량철골구조,04000,제2종근린생활시설,1,0
경상남도 양산시 물금읍 물금리 406-46번지,48330,25321,0,0406,0046,일반건축물,경상남도 양산시 학산2길 9-23 (물금읍 물금리),,제6동,0,6.25,0,6.25,0,경량철골구조,04000,제2종근린생활시설,1,0
경상남도 양산시 물금읍 물금리 406-46번지,48330,25321,0,0406,0046,일반건축물,경상남도 양산시 학산2길 9-23 (물금읍 물금리),,제3동,0,4.4,0,4.4,0,경량철골구조,04000,제2종근린생활시설,1,0
경상남도 양산시 물금읍 물금리 406-46번지,48330,25321,0,0406,0046,일반건축물,경상남도 양산시 학산2길 9-23 (물금읍 물금리),,제4동,0,4.4,0,4.4,0,경량철골구조,04000,제2종근린생활시설,1,0
경상남도 양산시 물금읍 물금리 406-46번지,48330,25321,0,0406,0046,일반건축물,경상남도 양산시 학산2길 9-23 (물금읍 물금리),,제12동,609,10.5,1.72,10.5,1.72,경량철골구조,04000,제2종근린생활시설,1,0
경상남도 양산시 물금읍 물금리 406-48번지,48330,25321,0,0406,0048,일반건축물,,,,0,0,0,23.14,0,블록구조,01000,주택,1,0
경상남도 양산시 물금읍 물금리 406-50번지,48330,25321,0,0406,0050,일반건축물,경상남도 양산시 학산1길 6 (물금읍 물금리),,,473.4,102.46,21.64,102.46,21.64,일반목구조,04000,제2종근린생활시설,1,0
경상남도 양산시 물금읍 물금리 406-51번지,48330,25321,0,0406,0051,일반건축물,,,,0,0,0,33.05,0,블록구조,03000,"점포, 주택",1,0
경상남도 양산시 물금읍 물금리 406-52번지,48330,25321,0,0406,0052,일반건축물,경상남도 양산시 황산로 401-2 (물금읍 물금리),,,0,42.97,0,42.97,0,일반목구조,01000,주택,1,0
경상남도 양산시 물금읍 물금리 406-57번지,48330,25321,0,0406,0057,일반건축물,경상남도 양산시 화산2길 18 (물금읍 물금리),,,529,105.16,19.88,155.56,29.41,철근콘크리트구조,01000,단독주택,2,0
경상남도 양산시 물금읍 물금리 406-59번지,48330,25321,0,0406,0059,일반건축물,,,,0,145.44,0,145.44,0,블록구조,01000,주택,1,0
경상남도 양산시 물금읍 물금리 406-60번지,48330,25321,0,0406,0060,일반건축물,경상남도 양산시 황산로 389-1 (물금읍 물금리),,,0,100.21,0,100.21,0,철근콘크리트구조,04000,제2종근린생활시설,1,0
경상남도 양산시 물금읍 물금리 406-61번지,48330,25321,0,0406,0061,일반건축물,경상남도 양산시 황산로 389 (물금읍 물금리),,,301,165.4,54.95,415.15,137.92,철근콘크리트구조,03000,"제1,2종근린생활시설,단독주택",3,0
경상남도 양산시 물금읍 물금리 406-62번지,48330,25321,0,0406,0062,일반건축물,경상남도 양산시 황산로 385 (물금읍 물금리),,,1363.6,418.4,30.68,844.82,61.96,철근콘크리트구조,04000,"근린생활시설, 제2종근린생활시설",3,0
경상남도 양산시 물금읍 물금리 406-67번지,48330,25321,0,0406,0067,일반건축물,경상남도 양산시 황산로 407 (물금읍 물금리),,,0,122.3,0,122.3,0,블록구조,01000,주택,1,0
경상남도 양산시 물금읍 물금리 406-72번지,48330,25321,0,0406,0072,일반건축물,경상남도 양산시 황산로 397 (물금읍 물금리),,,0,0,0,98.34,0,일반목구조,01000,"주택, 근린생활시설, 점포",1,0
경상남도 양산시 물금읍 물금리 406-73번지,48330,25321,0,0406,0073,일반건축물,경상남도 양산시 황산로 395 (물금읍 물금리),,2동,0,6.4,0,6.4,0,블록구조,03000,근린생활시설(화장실),1,0
경상남도 양산시 물금읍 물금리 406-73번지,48330,25321,0,0406,0073,일반건축물,경상남도 양산시 황산로 395 (물금읍 물금리),,3동,0,165.38,0,254.23,0,일반철골구조,03000,"제1종근린생활시설,단독주택",2,0
경상남도 양산시 물금읍 물금리 406-73번지,48330,25321,0,0406,0073,일반건축물,경상남도 양산시 황산로 395 (물금읍 물금리),,1동,0,92.22,0,184.12,0,철근콘크리트구조,01000,"단독주택, 근린생활시설",2,0
경상남도 양산시 물금읍 물금리 406-78번지,48330,25321,0,0406,0078,일반건축물,경상남도 양산시 화산길 2 (물금읍 물금리),,,0,88.12,0,170.005,0,철근콘크리트구조,03000,"근린생활시설, 다세대주택",2,0
경상남도 양산시 물금읍 물금리 406-79번지,48330,25321,0,0406,0079,일반건축물,경상남도 양산시 화산길 4 (물금읍 물금리),,,0,40.56,0,81.12,0,철근콘크리트구조,03000,"제1종근린생활시설, 단독주택",2,0
경상남도 양산시 물금읍 물금리 406-80번지,48330,25321,0,0406,0080,일반건축물,경상남도 양산시 화학1길 36 (물금읍 물금리),,,0,19.83,0,19.83,0,일반목구조,01000,주택,1,0
경상남도 양산시 물금읍 물금리 406-81번지,48330,25321,0,0406,0081,일반건축물,경상남도 양산시 학산1길 16-49 (물금읍 물금리),,,0,23.14,0,23.14,0,블록구조,01000,주택,1,0
경상남도 양산시 물금읍 물금리 406-89번지,48330,25321,0,0406,0089,일반건축물,경상남도 양산시 황산로 401-3 (물금읍 물금리),,,0,63,0,63,0,블록구조,01000,주택,1,0
경상남도 양산시 물금읍 물금리 406-94번지,48330,25321,0,0406,0094,일반건축물,경상남도 양산시 황산로 399 (물금읍 물금리),,,281,96.36,34.29,148.74,52.93,블록구조,01000,"단독주택, 제2종근린생활시설",2,0
경상남도 양산시 물금읍 물금리 406-104번지,48330,25321,0,0406,0104,일반건축물,,,,0,42.97,0,42.97,0,일반목구조,01000,주택,1,0
경상남도 양산시 물금읍 물금리 406-112번지,48330,25321,0,0406,0112,일반건축물,경상남도 양산시 학산1길 16-24 (물금읍 물금리),,,53.5,35.76,66.84,71.52,133.68,기타조적구조,01000,단독주택,2,0
경상남도 양산시 물금읍 물금리 406-131번지,48330,25321,0,0406,0131,일반건축물,경상남도 양산시 화학1길 35 (물금읍 물금리),,,340,100.47,29.55,191.86,56.43,철근콘크리트구조,04000,"제2종근린생활시설, 단독주택",2,0
경상남도 양산시 물금읍 물금리 406-147번지,48330,25321,0,0406,0147,일반건축물,경상남도 양산시 학산1길 7 (물금읍 물금리),,,89,49.05,55.11,49.05,55.11,일반목구조,01000,단독주택,1,0
경상남도 양산시 물금읍 물금리 407번지,48330,25321,0,0407,0000,일반건축물,,,,0,59.5,0,59.5,0,일반목구조,01000,주택,1,0
경상남도 양산시 물금읍 물금리 408-2번지,48330,25321,0,0408,0002,일반건축물,경상남도 양산시 황산로 391 (물금읍 물금리),,,0,0,0,165.15,0,철근콘크리트구조,04000,근린생활시설,1,0
경상남도 양산시 물금읍 물금리 411-1번지,48330,25321,0,0411,0001,일반건축물,경상남도 양산시 화산길 6 (물금읍 물금리),,,0,67.32,0,67.32,0,벽돌구조,01000,"주택, 근린생활시설",2,0
경상남도 양산시 물금읍 물금리 411-3번지,48330,25321,0,0411,0003,일반건축물,경상남도 양산시 화산길 4-3 (물금읍 물금리),,,0,49.58,0,49.58,0,블록구조,01000,주택,1,0
경상남도 양산시 물금읍 물금리 411-4번지,48330,25321,0,0411,0004,일반건축물,경상남도 양산시 화산길 6-1 (물금읍 물금리),,,0,252.47,0,252.47,0,벽돌구조,01000,"주택, 근린생활시설",2,0
경상남도 양산시 물금읍 물금리 411-6번지,48330,25321,0,0411,0006,일반건축물,경상남도 양산시 화산길 6-2 (물금읍 물금리),,,0,19.83,0,19.83,0,일반목구조,03000,"주택, 점포",1,0
경상남도 양산시 물금읍 물금리 411-10번지,48330,25321,0,0411,0010,일반건축물,경상남도 양산시 화산길 3 (물금읍 물금리),,,0,59.5,0,59.5,0,일반목구조,01000,"주택, 점포",1,0
경상남도 양산시 물금읍 물금리 411-12번지,48330,25321,0,0411,0012,일반건축물,경상남도 양산시 황산로 381 (물금읍 물금리),,,0,36.35,0,36.35,0,일반목구조,03000,"점포, 주택",1,0
경상남도 양산시 물금읍 물금리 411-15번지,48330,25321,0,0411,0015,일반건축물,경상남도 양산시 황산로 379 (물금읍 물금리),,,0,0,0,97.97,0,블록구조,03000,"점포, 주택",1,0
경상남도 양산시 물금읍 물금리 411-19번지,48330,25321,0,0411,0019,일반건축물,경상남도 양산시 화산길 8 (물금읍 물금리),,,165,97.76,59.25,97.76,59.25,기타조적구조,04000,"1종,2종근린생활시설",1,0
경상남도 양산시 물금읍 물금리 412번지,48330,25321,0,0412,0000,일반건축물,경상남도 양산시 황산로 377 (물금읍 물금리),,,899,536.48,59.68,536.48,59.68,일반철골구조,03000,제1종근린생활시설,1,0
경상남도 양산시 물금읍 물금리 412-3번지,48330,25321,0,0412,0003,일반건축물,경상남도 양산시 화산길 13-1 (물금읍 물금리),,,0,183.74,0,183.74,0,철근콘크리트구조,04000,"주택, 근린생활시설",1,0
경상남도 양산시 물금읍 물금리 412-4번지,48330,25321,0,0412,0004,일반건축물,경상남도 양산시 화산길 17 (물금읍 물금리),,,0,87.64,0,172.76,0,철근콘크리트구조,03000,"점포, 제1종근린생활시설",2,0
경상남도 양산시 물금읍 물금리 412-8번지,48330,25321,0,0412,0008,일반건축물,경상남도 양산시 화산길 21 (물금읍 물금리),,,0,38.4,0,76.8,0,철근콘크리트구조,01000,"주택, 근린생활시설",2,0
경상남도 양산시 물금읍 물금리 412-9번지,48330,25321,0,0412,0009,일반건축물,경상남도 양산시 화산길 19-2 (물금읍 물금리),,,125.4,81.4,64.91,157.48,125.58,철근콘크리트구조,03000,근린생활시설,2,0
경상남도 양산시 물금읍 물금리 412-11번지,48330,25321,0,0412,0011,일반건축물,경상남도 양산시 화산길 11 (물금읍 물금리),,,0,72.7,0,72.7,0,블록구조,01000,"주택, 점포",1,0
경상남도 양산시 물금읍 물금리 412-18번지,48330,25321,0,0412,0018,일반건축물,경상남도 양산시 화산길 9 (물금읍 물금리),,,271,182.02,67.17,182.02,67.17,일반철골구조,18000,창고시설,1,0
경상남도 양산시 물금읍 물금리 414-1번지,48330,25321,0,0414,0001,일반건축물,경상남도 양산시 화산길 10 (물금읍 물금리),,,0,149.3,0,241.1,0,철근콘크리트구조,03000,근린공공시설,2,1
경상남도 양산시 물금읍 물금리 415-3번지,48330,25321,0,0415,0003,일반건축물,경상남도 양산시 화산길 11-1 (물금읍 물금리),,,0,116.64,0,116.64,0,철근콘크리트구조,03000,"근린생활시설, 주택",1,0
경상남도 양산시 물금읍 물금리 415-9번지,48330,25321,0,0415,0009,일반건축물,경상남도 양산시 화산길 10-1 (물금읍 물금리),,,0,146.1,0,146.1,0,일반목구조,01000,"점포, 주택",1,0
경상남도 양산시 물금읍 물금리 416-1번지,48330,25321,0,0416,0001,일반건축물,경상남도 양산시 화산길 14 (물금읍 물금리),,,0,14.55,0,14.55,0,블록구조,01000,주택,1,0
경상남도 양산시 물금읍 물금리 417-3번지,48330,25321,0,0417,0003,일반건축물,경상남도 양산시 화산길 13 (물금읍 물금리),,,0,98.99,0,184.4,0,블록구조,01000,"주택, 근린생활시설, 위락시설",2,0
경상남도 양산시 물금읍 물금리 417-4번지,48330,25321,0,0417,0004,일반건축물,경상남도 양산시 화산길 16 (물금읍 물금리),,,257,146.06,56.83,187.7,73.04,경량철골구조,03000,"제1종근린생활시설,제2종근린생활시설",2,0
경상남도 양산시 물금읍 물금리 417-7번지,48330,25321,0,0417,0007,일반건축물,경상남도 양산시 화산길 22 (물금읍 물금리),,,0,104.32,0,104.32,0,블록구조,03000,근린생활시설,1,0
경상남도 양산시 물금읍 물금리 417-8번지,48330,25321,0,0417,0008,일반건축물,경상남도 양산시 화산길 18 (물금읍 물금리),,2동,0,451.67,0,451.67,0,벽돌구조,03000,"점포,제2종근린생활시설(창고)",1,0
경상남도 양산시 물금읍 물금리 417-8번지,48330,25321,0,0417,0008,일반건축물,경상남도 양산시 화산길 18 (물금읍 물금리),,1동,0,163.91,0,160.11,0,철근콘크리트구조,03000,"제1종근린생활시설,제2종근린생활시설",1,0
경상남도 양산시 물금읍 물금리 417-8번지,48330,25321,0,0417,0008,일반건축물,경상남도 양산시 화산길 18 (물금읍 물금리),,3동,0,330.57,0,330.57,0,블록구조,03000,창고,1,0
경상남도 양산시 물금읍 물금리 417-13번지,48330,25321,0,0417,0013,일반건축물,경상남도 양산시 화산길 19 (물금읍 물금리),,제1동,136.2,102.61,75.34,199.04,146.14,철근콘크리트구조,04000,제2종근린생활시설,2,0
경상남도 양산시 물금읍 물금리 417-15번지,48330,25321,0,0417,0015,일반건축물,경상남도 양산시 화산길 19-1 (물금읍 물금리),,,0,44.7,0,88.34,0,블록구조,03000,"점포, 주택",2,0
경상남도 양산시 물금읍 물금리 418-4번지,48330,25321,0,0418,0004,일반건축물,경상남도 양산시 화산길 16-7 (물금읍 물금리),,,0,64.46,0,64.46,0,블록구조,01000,주택,1,0
경상남도 양산시 물금읍 물금리 418-5번지,48330,25321,0,0418,0005,일반건축물,경상남도 양산시 화산길 16-15 (물금읍 물금리),,,0,86.06,0,86.06,0,블록구조,01000,주택,1,0
경상남도 양산시 물금읍 물금리 419-1번지,48330,25321,0,0419,0001,일반건축물,경상남도 양산시 화산길 16-12 (물금읍 물금리),,,0,39.66,0,39.66,0,일반목구조,01000,주택,1,0
경상남도 양산시 물금읍 물금리 419-4번지,48330,25321,0,0419,0004,일반건축물,경상남도 양산시 화산길 16-14 (물금읍 물금리),,,0,124.56,0,124.56,0,블록구조,01000,주택,1,0
경상남도 양산시 물금읍 물금리 420번지,48330,25321,0,0420,0000,일반건축물,경상남도 양산시 화산길 16-10 (물금읍 물금리),,,0,46.27,0,46.27,0,일반목구조,01000,주택,1,0
경상남도 양산시 물금읍 물금리 422-1번지,48330,25321,0,0422,0001,일반건축물,경상남도 양산시 화학1길 65 (물금읍 물금리),,,0,51.94,0,51.94,0,블록구조,01000,주택,1,0
경상남도 양산시 물금읍 물금리 422-4번지,48330,25321,0,0422,0004,일반건축물,경상남도 양산시 화산3길 2-1 (물금읍 물금리),,,0,109.08,0,109.08,0,일반목구조,01000,주택,1,0
경상남도 양산시 물금읍 물금리 423-1번지,48330,25321,0,0423,0001,일반건축물,경상남도 양산시 화산3길 2 (물금읍 물금리),,,1231.05,177.89,14.45,264.33,19.76,철근콘크리트구조,06000,"단독주택, 종교시설",2,1
경상남도 양산시 물금읍 물금리 424번지,48330,25321,0,0424,0000,일반건축물,경상남도 양산시 화학1길 68 (물금읍 물금리),,,0,171.8,0,171.8,0,일반목구조,01000,주택,1,0
경상남도 양산시 물금읍 물금리 424-4번지,48330,25321,0,0424,0004,일반건축물,경상남도 양산시 화학1길 70 (물금읍 물금리),,,344.1,123.28,35.83,98.63,28.66,철근콘크리트구조,01000,단독주택,1,0
경상남도 양산시 물금읍 물금리 425번지,48330,25321,0,0425,0000,일반건축물,경상남도 양산시 화학1길 66 (물금읍 물금리),,,909.44,255.13,28.05,550.56,60.54,철근콘크리트구조,Z8000,"교육연구시설, 근린생활시설",3,0
경상남도 양산시 물금읍 물금리 430-5번지,48330,25321,0,0430,0005,일반건축물,경상남도 양산시 화학1길 60 (물금읍 물금리),,,732.61,300.24,40.98,300.24,40.98,철근콘크리트구조,17000,공장,1,0
경상남도 양산시 물금읍 물금리 431번지,48330,25321,0,0431,0000,일반건축물,,,,0,26.44,0,26.44,0,일반목구조,01000,주택,1,0
경상남도 양산시 물금읍 물금리 433번지,48330,25321,0,0433,0000,일반건축물,경상남도 양산시 화학1길 64 (물금읍 물금리),,1동,236,111.66,47.31,196.87,77.61,철근콘크리트구조,01000,단독주택,2,0
경상남도 양산시 물금읍 물금리 433번지,48330,25321,0,0433,0000,일반건축물,경상남도 양산시 화학1길 64 (물금읍 물금리),,2동,236,13.71,5.81,13.71,0,경량철골구조,01000,단독주택,1,0
경상남도 양산시 물금읍 물금리 434번지,48330,25321,0,0434,0000,일반건축물,경상남도 양산시 화학1길 62 (물금읍 물금리),,,230,88.42,38.44,96.96,34.2,철근콘크리트구조,01000,단독주택,1,1
경상남도 양산시 물금읍 물금리 435번지,48330,25321,0,0435,0000,일반건축물,,,,0,52.89,0,52.89,0,일반목구조,01000,주택,1,0
경상남도 양산시 물금읍 물금리 435-3번지,48330,25321,0,0435,0003,일반건축물,,,,0,16.52,0,16.52,0,일반목구조,01000,주택,1,0
경상남도 양산시 물금읍 물금리 435-4번지,48330,25321,0,0435,0004,일반건축물,,,,0,33.05,0,33.05,0,일반목구조,01000,주택,1,0
경상남도 양산시 물금읍 물금리 437번지,48330,25321,0,0437,0000,일반건축물,경상남도 양산시 화산2길 5-11 (물금읍 물금리),,,0,0,0,201.62,0,블록구조,01000,주택,2,0
경상남도 양산시 물금읍 물금리 437-2번지,48330,25321,0,0437,0002,일반건축물,,,,199,94.5,47.49,94.5,47.49,기타조적구조,01000,단독주택,1,0
경상남도 양산시 물금읍 물금리 438번지,48330,25321,0,0438,0000,일반건축물,경상남도 양산시 화산2길 5-5 (물금읍 물금리),,,204,98.3,48.19,98.3,48.19,경량철골구조,01000,단독주택,1,0
경상남도 양산시 물금읍 물금리 439번지,48330,25321,0,0439,0000,일반건축물,경상남도 양산시 화산2길 5-1 (물금읍 물금리),,,127.15,71.61,56.32,70.81,55.69,기타조적구조,01000,단독주택,1,0
경상남도 양산시 물금읍 물금리 440-2번지,48330,25321,0,0440,0002,일반건축물,경상남도 양산시 화산2길 6 (물금읍 물금리),,,385.525,179.22,46.49,537.66,139.46,기타조적구조,04000,"근린생활시설, 교육연구시설",3,0
경상남도 양산시 물금읍 물금리 441-4번지,48330,25321,0,0441,0004,일반건축물,경상남도 양산시 화산길 10-2 (물금읍 물금리),,,0,105.49,0,168.71,0,벽돌구조,01000,주택,2,0
경상남도 양산시 물금읍 물금리 442-1번지,48330,25321,0,0442,0001,일반건축물,경상남도 양산시 화산1길 5 (물금읍 물금리),,,481,254.7,52.95,254.7,52.95,경량철골구조,04000,제2종근린생활시설,1,0
경상남도 양산시 물금읍 물금리 442-6번지,48330,25321,0,0442,0006,일반건축물,경상남도 양산시 화산1길 6 (물금읍 물금리),,,383,187.69,49.01,294.75,76.96,철근콘크리트구조,11000,노유자시설,2,0
경상남도 양산시 물금읍 물금리 443-2번지,48330,25321,0,0443,0002,일반건축물,경상남도 양산시 화산1길 3 (물금읍 물금리),,제1동,76.3,44.51,58.3355,82.35,107.9292,일반철골구조,01000,단독주택,2,0
경상남도 양산시 물금읍 물금리 443-4번지,48330,25321,0,0443,0004,일반건축물,경상남도 양산시 화산1길 4 (물금읍 물금리),,제1동,170.5,100.72,59.07,196.83,115.44,철근콘크리트구조,04000,제2종근린생활시설,2,0
경상남도 양산시 물금읍 물금리 444-1번지,48330,25321,0,0444,0001,일반건축물,경상남도 양산시 화산2길 6-1 (물금읍 물금리),,,126,74.85,59.4,74.85,59.4,경량철골구조,01000,단독주택,1,0
경상남도 양산시 물금읍 물금리 445-1번지,48330,25321,0,0445,0001,일반건축물,경상남도 양산시 화산2길 7-1 (물금읍 물금리),,,240.7,80.75,33.55,80.75,33.55,기타조적구조,04000,제2종근린생활시설,1,0
경상남도 양산시 물금읍 물금리 446-1번지,48330,25321,0,0446,0001,일반건축물,경상남도 양산시 화산2길 7-2 (물금읍 물금리),,,109,61.21,56.16,161.015,147.72,일반철골구조,01000,"단독주택,제1종근린생활시설",3,0
경상남도 양산시 물금읍 물금리 447번지,48330,25321,0,0447,0000,일반건축물,경상남도 양산시 화산2길 9 (물금읍 물금리),,,0,42.97,0,42.97,0,일반목구조,01000,주택,1,0
경상남도 양산시 물금읍 물금리 448-2번지,48330,25321,0,0448,0002,일반건축물,경상남도 양산시 화산2길 7 (물금읍 물금리),,주건축물제1동,248.5,103.45,41.63,135.34,54.46,철근콘크리트구조,01000,단독주택,2,0
경상남도 양산시 물금읍 물금리 449-2번지,48330,25321,0,0449,0002,일반건축물,경상남도 양산시 화산2길 5 (물금읍 물금리),,,394.5,136.58,34.62,136.58,34.62,기타조적구조,01000,단독주택,1,0
경상남도 양산시 물금읍 물금리 450번지,48330,25321,0,0450,0000,일반건축물,경상남도 양산시 화산2길 5-6 (물금읍 물금리),,,0,100.66,0,100.66,0,일반목구조,01000,주택,1,0
경상남도 양산시 물금읍 물금리 450번지,48330,25321,0,0450,0000,일반건축물,경상남도 양산시 화산2길 5-6 (물금읍 물금리),,,0,96,0,96,0,블록구조,01000,주택,1,0
경상남도 양산시 물금읍 물금리 452번지,48330,25321,0,0452,0000,일반건축물,경상남도 양산시 화산2길 9-3 (물금읍 물금리),,,0,86.32,0,86.32,0,블록구조,01000,주택,1,0
경상남도 양산시 물금읍 물금리 453번지,48330,25321,0,0453,0000,일반건축물,경상남도 양산시 화산2길 9-2 (물금읍 물금리),,,0,84.59,0,84.69,0,벽돌구조,01000,주택,1,0
경상남도 양산시 물금읍 물금리 454번지,48330,25321,0,0454,0000,일반건축물,경상남도 양산시 화산2길 9-1 (물금읍 물금리),,,0,89.1,0,89.1,0,블록구조,01000,주택,1,0
경상남도 양산시 물금읍 물금리 455번지,48330,25321,0,0455,0000,일반건축물,경상남도 양산시 화산2길 11 (물금읍 물금리),,,0,191.71,0,191.71,0,벽돌구조,01000,주택,1,0
경상남도 양산시 물금읍 물금리 456번지,48330,25321,0,0456,0000,일반건축물,경상남도 양산시 화산2길 13 (물금읍 물금리),,1동,210.8,77.64,36.83,68.54,32.51,경량철골구조,01000,단독주택,1,0
경상남도 양산시 물금읍 물금리 457-3번지,48330,25321,0,0457,0003,일반건축물,경상남도 양산시 화산2길 15-2 (물금읍 물금리),,,0,23.14,0,23.14,0,일반목구조,01000,주택,1,0
경상남도 양산시 물금읍 물금리 457-10번지,48330,25321,0,0457,0010,일반건축물,경상남도 양산시 화학1길 49 (물금읍 물금리),,,798.5,275.71,34.53,730.36,68.77,철근콘크리트구조,11000,"노유자시설,제2종근린생활시설",2,1
경상남도 양산시 물금읍 물금리 459번지,48330,25321,0,0459,0000,일반건축물,경상남도 양산시 화산2길 17-1 (물금읍 물금리),,,0,193.86,0,193.86,0,벽돌구조,01000,단독주택,2,0
경상남도 양산시 물금읍 물금리 460번지,48330,25321,0,0460,0000,일반건축물,경상남도 양산시 학산1길 9 (물금읍 물금리),풍성한교회,,1257,750.55,59.71,3672.5,154.78,철근콘크리트구조,06000,종교시설,4,2
경상남도 양산시 물금읍 물금리 461번지,48330,25321,0,0461,0000,일반건축물,경상남도 양산시 화학1길 48 (물금읍 물금리),,,428,125.86,29.41,117.82,27.53,철근콘크리트구조,01000,단독주택,1,0
경상남도 양산시 물금읍 물금리 465-2번지,48330,25321,0,0465,0002,일반건축물,경상남도 양산시 화학1길 58-1 (물금읍 물금리),,,0,23.14,0,23.14,0,일반목구조,01000,주택,1,0
경상남도 양산시 물금읍 물금리 485-2번지,48330,25321,0,0485,0002,일반건축물,경상남도 양산시 학산1길 25 (물금읍 물금리),,,1274,265.27,20.82,265.27,20.82,철근콘크리트구조,01000,단독주택(다가구),1,0
경상남도 양산시 물금읍 물금리 485-2번지,48330,25321,0,0485,0002,일반건축물,경상남도 양산시 학산1길 25 (물금읍 물금리),,,0,28,0,28,0,경량철골구조,01000,다가구주택(창고),1,0
경상남도 양산시 물금읍 물금리 491-1번지,48330,25321,0,0491,0001,일반건축물,경상남도 양산시 학산1길 16-7 (물금읍 물금리),,,139,82.85,59.6,234.01,168.35,기타조적구조,01000,"근린생활시설(소매점), 단독주택3가구",3,0
경상남도 양산시 물금읍 물금리 491-6번지,48330,25321,0,0491,0006,일반건축물,경상남도 양산시 학산1길 19 (물금읍 물금리),,,179,106.93,59.74,468.26,227.31,철근콘크리트구조,01000,"근린생활시설, 단독주택",4,1
경상남도 양산시 물금읍 물금리 491-7번지,48330,25321,0,0491,0007,일반건축물,경상남도 양산시 학산1길 17 (물금읍 물금리),,,0,15,0,15,0,경량철골구조,01000,단독주택(다가구),1,0
경상남도 양산시 물금읍 물금리 491-7번지,48330,25321,0,0491,0007,일반건축물,경상남도 양산시 학산1길 17 (물금읍 물금리),,,336,141.89,42.23,228.2,67.92,기타조적구조,01000,"단독주택(다가구),제2종근린생활시설",2,0
경상남도 양산시 물금읍 물금리 491-11번지,48330,25321,0,0491,0011,일반건축물,경상남도 양산시 학산1길 18 (물금읍 물금리),,,134,78.42,58.52,135.19,56.24,기타조적구조,01000,단독주택,2,0
경상남도 양산시 물금읍 물금리 491-14번지,48330,25321,0,0491,0014,일반건축물,경상남도 양산시 학산1길 18-2 (물금읍 물금리),,,129,77.02,59.71,129.53,100.41,기타조적구조,01000,주택(다가구),2,0
경상남도 양산시 물금읍 물금리 491-15번지,48330,25321,0,0491,0015,일반건축물,경상남도 양산시 학산1길 18-4 (물금읍 물금리),,,129,72.79,56.42,130.48,101.15,기타조적구조,01000,주택,2,0
경상남도 양산시 물금읍 물금리 491-18번지,48330,25321,0,0491,0018,일반건축물,경상남도 양산시 학산1길 16-5 (물금읍 물금리),,,140,77.82,55.59,208.09,148.64,기타조적구조,01000,"근린생활시설(소매점), 단독주택3가구",3,0
경상남도 양산시 물금읍 물금리 491-19번지,48330,25321,0,0491,0019,일반건축물,경상남도 양산시 학산1길 16 (물금읍 물금리),,,160,95.48,59.68,276.44,172.78,철근콘크리트구조,03000,"근린생활시설(소매점), 주택",3,0
경상남도 양산시 물금읍 물금리 493번지,48330,25321,0,0493,0000,일반건축물,경상남도 양산시 학산1길 16-10 (물금읍 물금리),,,526.2,149.97,28.5,267.19,47.44,철근콘크리트구조,01000,단독주택(다가구),2,1
경상남도 양산시 물금읍 물금리 495-1번지,48330,25321,0,0495,0001,일반건축물,경상남도 양산시 학산1길 18-5 (물금읍 물금리),,,153,82.73,54.07,159.08,103.97,기타조적구조,01000,주택(4가구),2,0
경상남도 양산시 물금읍 물금리 495-2번지,48330,25321,0,0495,0002,일반건축물,경상남도 양산시 학산1길 18-3 (물금읍 물금리),,,131,76.14,58.12,139.38,106.4,기타조적구조,01000,주택(다가구),2,0
경상남도 양산시 물금읍 물금리 495-3번지,48330,25321,0,0495,0003,일반건축물,경상남도 양산시 학산1길 18-1 (물금읍 물금리),,,135,78.375,58.06,218.805,162.08,기타조적구조,01000,"근린생활시설, 주택",3,0
경상남도 양산시 물금읍 물금리 496번지,48330,25321,0,0496,0000,표제부,경상남도 양산시 원동로 59 (물금읍 물금리),삼전무지개맨션,5호동,0,209,0,209,0,철근콘크리트구조,02000,주차장,1,0
경상남도 양산시 물금읍 물금리 496번지,48330,25321,0,0496,0000,표제부,경상남도 양산시 원동로 59 (물금읍 물금리),삼전무지개맨션,2호동,0,554.94,0,3875.58,0,철근콘크리트구조,02000,공동주택(아파트),6,1
경상남도 양산시 물금읍 물금리 496번지,48330,25321,0,0496,0000,표제부,경상남도 양산시 원동로 59 (물금읍 물금리),삼전무지개맨션,6호동,0,0,0,120.96,0,철근콘크리트구조,02000,기계실,0,1
경상남도 양산시 물금읍 물금리 496번지,48330,25321,0,0496,0000,표제부,경상남도 양산시 원동로 61 (물금읍 물금리),삼전무지개맨션,3호동,0,69.12,0,207.36,0,철근콘크리트구조,03000,"근린생활시설, 관리실",3,0
경상남도 양산시 물금읍 물금리 496번지,48330,25321,0,0496,0000,표제부,경상남도 양산시 원동로 59 (물금읍 물금리),삼전무지개맨션,4호동,0,132,0,132,0,철근콘크리트구조,02000,노인정,1,0
경상남도 양산시 물금읍 물금리 496번지,48330,25321,0,0496,0000,표제부,경상남도 양산시 원동로 59 (물금읍 물금리),삼전무지개맨션,1호동,0,1022.98,0,11161.24,0,철근콘크리트구조,02000,공동주택(아파트),15,1
경상남도 양산시 물금읍 물금리 503번지,48330,25321,0,0503,0000,일반건축물,경상남도 양산시 학산1길 16-29 (물금읍 물금리),,,0,23.14,0,23.14,0,일반목구조,01000,주택,1,0
경상남도 양산시 물금읍 물금리 504-2번지,48330,25321,0,0504,0002,일반건축물,경상남도 양산시 학산1길 16-43 (물금읍 물금리),,,0,19.83,0,19.83,0,일반목구조,01000,주택,1,0
경상남도 양산시 물금읍 물금리 504-3번지,48330,25321,0,0504,0003,일반건축물,경상남도 양산시 학산1길 16-47 (물금읍 물금리),,,0,18.18,0,18.18,0,일반목구조,01000,주택,1,0
경상남도 양산시 물금읍 물금리 506-4번지,48330,25321,0,0506,0004,일반건축물,경상남도 양산시 학산2길 15 (물금읍 물금리),,,143,55.06,38.5,55.06,38.5,경량철골구조,04000,제2종근린생활시설,1,0
경상남도 양산시 물금읍 물금리 507번지,48330,25321,0,0507,0000,일반건축물,,,,0,0,0,40.33,0,블록구조,01000,주택,1,0
경상남도 양산시 물금읍 물금리 507-3번지,48330,25321,0,0507,0003,일반건축물,경상남도 양산시 학산2길 11 (물금읍 물금리),,,78,46.39,59.47,46.39,59.47,경량철골구조,04000,제2종근린생활시설,1,0
경상남도 양산시 물금읍 물금리 510번지,48330,25321,0,0510,0000,일반건축물,경상남도 양산시 학산2길 10-2 (물금읍 물금리),,,0,91.31,0,136.814,0,블록구조,01000,주택,2,0
경상남도 양산시 물금읍 물금리 510-2번지,48330,25321,0,0510,0002,일반건축물,경상남도 양산시 학산2길 10-1 (물금읍 물금리),,,0,82.7,0,127.995,0,블록구조,01000,주택,2,0
경상남도 양산시 물금읍 물금리 510-3번지,48330,25321,0,0510,0003,일반건축물,경상남도 양산시 학산2길 10 (물금읍 물금리),,,0,128.2,0,128.195,0,블록구조,01000,주택,1,0
경상남도 양산시 물금읍 물금리 512번지,48330,25321,0,0512,0000,일반건축물,경상남도 양산시 학산2길 8 (물금읍 물금리),,,0,128.91,0,128.91,0,일반목구조,01000,주택,1,0
경상남도 양산시 물금읍 물금리 514-1번지,48330,25321,0,0514,0001,일반건축물,경상남도 양산시 화학1길 20-6 (물금읍 물금리),,,414,92.07,22.24,92.07,22.24,경량철골구조,01000,단독주택,1,0
경상남도 양산시 물금읍 물금리 514-2번지,48330,25321,0,0514,0002,일반건축물,경상남도 양산시 화학1길 20-4 (물금읍 물금리),,,0,36.36,0,36.36,0,일반목구조,01000,주택,1,0
경상남도 양산시 물금읍 물금리 514-4번지,48330,25321,0,0514,0004,일반건축물,경상남도 양산시 화학1길 20-5 (물금읍 물금리),,,0,41.75,0,41.75,0,블록구조,01000,주택,1,0
경상남도 양산시 물금읍 물금리 514-5번지,48330,25321,0,0514,0005,일반건축물,경상남도 양산시 화학1길 20-2 (물금읍 물금리),,,0,63,0,63,0,블록구조,01000,주택,1,0
경상남도 양산시 물금읍 물금리 514-7번지,48330,25321,0,0514,0007,일반건축물,경상남도 양산시 화학1길 22 (물금읍 물금리),,,0,46.27,0,46.27,0,블록구조,01000,주택,1,0
경상남도 양산시 물금읍 물금리 514-7번지,48330,25321,0,0514,0007,일반건축물,경상남도 양산시 화학1길 22 (물금읍 물금리),,,0,39.66,0,39.66,0,철근콘크리트구조,01000,주택,1,0
경상남도 양산시 물금읍 물금리 514-8번지,48330,25321,0,0514,0008,일반건축물,경상남도 양산시 학산2길 8-2 (물금읍 물금리),,,0,49.58,0,49.58,0,블록구조,01000,주택,1,0
경상남도 양산시 물금읍 물금리 514-9번지,48330,25321,0,0514,0009,일반건축물,경상남도 양산시 학산2길 6 (물금읍 물금리),,,0,82.02,0,82.02,0,일반목구조,01000,주택,1,0
경상남도 양산시 물금읍 물금리 514-10번지,48330,25321,0,0514,0010,일반건축물,경상남도 양산시 학산2길 4 (물금읍 물금리),,,611.6,245.71,40.17,992.23,162.24,철근콘크리트구조,01000,"단독주택(다가구),제1,2종근린생활시설",5,0
경상남도 양산시 물금읍 물금리 514-11번지,48330,25321,0,0514,0011,일반건축물,경상남도 양산시 화학1길 23 (물금읍 물금리),,,402,32.4,8.06,32.4,8.06,경량철골구조,01000,단독주택,1,0
경상남도 양산시 물금읍 물금리 514-13번지,48330,25321,0,0514,0013,일반건축물,경상남도 양산시 가촌로 9 (물금읍 물금리),,,0,92.36,0,174.22,0,벽돌구조,03000,"근린생활시설, 주택",2,0
경상남도 양산시 물금읍 물금리 514-15번지,48330,25321,0,0514,0015,일반건축물,경상남도 양산시 가촌로 7 (물금읍 물금리),,,0,59.5,0,59.5,0,일반목구조,01000,"점포, 주택",1,0
경상남도 양산시 물금읍 물금리 514-17번지,48330,25321,0,0514,0017,일반건축물,경상남도 양산시 화학1길 20 (물금읍 물금리),,,145,87.3,60.21,290.49,200.34,철근콘크리트구조,03000,"제1,2종근린생활시설",4,0
경상남도 양산시 물금읍 물금리 518-1번지,48330,25321,0,0518,0001,일반건축물,경상남도 양산시 화학1길 20-7 (물금읍 물금리),,,397,88,22.17,84,21.16,기타조적구조,01000,단독주택,1,0
경상남도 양산시 물금읍 물금리 518-3번지,48330,25321,0,0518,0003,일반건축물,경상남도 양산시 화학1길 20-1 (물금읍 물금리),,,497,113.18,22.77,113.18,22.77,일반목구조,04000,제2종근린생활시설,1,0
경상남도 양산시 물금읍 물금리 518-5번지,48330,25321,0,0518,0005,일반건축물,경상남도 양산시 화학1길 17 (물금읍 물금리),,제1동,243,142.81,58.77,389.57,160.32,철근콘크리트구조,01000,단독주택,3,0
경상남도 양산시 물금읍 물금리 518-7번지,48330,25321,0,0518,0007,일반건축물,,,,0,39.67,0,39.6696,0,일반목구조,01000,주택,1,0
경상남도 양산시 물금읍 물금리 518-8번지,48330,25321,0,0518,0008,일반건축물,경상남도 양산시 학산3길 1 (물금읍 물금리),,,258,128.86,49.95,215,83.33,기타조적구조,01000,"근린생활시설, 단독주택",2,0
경상남도 양산시 물금읍 물금리 518-9번지,48330,25321,0,0518,0009,일반건축물,경상남도 양산시 가촌로 9-1 (물금읍 물금리),,,0,109.71,0,109.71,0,일반목구조,01000,주택,1,0
경상남도 양산시 물금읍 물금리 518-11번지,48330,25321,0,0518,0011,일반건축물,경상남도 양산시 학산3길 7 (물금읍 물금리),,,0,26.44,0,26.44,0,일반목구조,01000,주택,1,0
경상남도 양산시 물금읍 물금리 518-12번지,48330,25321,0,0518,0012,일반건축물,경상남도 양산시 가촌로 11 (물금읍 물금리),,,0,84.33,0,84.33,0,블록구조,01000,주택,1,0
경상남도 양산시 물금읍 물금리 525-9번지,48330,25321,0,0525,0009,일반건축물,경상남도 양산시 학산2길 18 (물금읍 물금리),,,389,107.99,27.76,140.29,36.06,일반철골구조,04000,제2종근린생활시설,2,0
경상남도 양산시 물금읍 물금리 528-4번지,48330,25321,0,0528,0004,일반건축물,경상남도 양산시 원동로 60-1 (물금읍 물금리),,1동,0,187.45,0,266.68,0,일반목구조,03000,제1종근린생활시설,2,0
경상남도 양산시 물금읍 물금리 528-4번지,48330,25321,0,0528,0004,일반건축물,경상남도 양산시 원동로 60-1 (물금읍 물금리),,2동,0,32,0,32,0,일반목구조,03000,제1종근린생활시설,1,0
경상남도 양산시 물금읍 물금리 530-2번지,48330,25321,0,0530,0002,일반건축물,경상남도 양산시 원동로 46-3 (물금읍 물금리),,,1395,277.7,19.9,2075.51,79.18,철근콘크리트구조,17000,"공장, 1종근린생활시설, 2종근린생활시설",4,1
경상남도 양산시 물금읍 물금리 536-1번지,48330,25321,0,0536,0001,일반건축물,경상남도 양산시 원동로 60 (물금읍 물금리),,,0,138.6,0,138.6,0,철근콘크리트구조,17000,공장,1,0
경상남도 양산시 물금읍 물금리 562번지,48330,25321,0,0562,0000,일반건축물,경상남도 양산시 원동로 199-77 (물금읍 물금리),,,790,128.6,16.28,109.88,13.91,철근콘크리트구조,04000,제2종근린생활시설,1,0
경상남도 양산시 물금읍 물금리 572-1번지,48330,25321,0,0572,0001,일반건축물,경상남도 양산시 원동로 243 (물금읍 물금리),,,684,98.9,14.46,52.19,7.63,경량철골구조,01000,단독주택,1,0
경상남도 양산시 물금읍 물금리 580-1번지,48330,25321,0,0580,0001,일반건축물,경상남도 양산시 원동로 199-86 (물금읍 물금리),,,1232,323.96,26.3,257.77,20.92,철근콘크리트구조,06000,종교시설,1,0
경상남도 양산시 물금읍 물금리 580-8번지,48330,25321,0,0580,0008,일반건축물,경상남도 양산시 원동로 199-86 (물금읍 물금리),,1동,0,71.74,0,63.24,0,일반목구조,06000,종교시설,1,0
경상남도 양산시 물금읍 물금리 580-8번지,48330,25321,0,0580,0008,일반건축물,경상남도 양산시 원동로 199-86 (물금읍 물금리),,2동,0,97.2,0,159.6,0,철근콘크리트구조,06000,종교시설,3,0
경상남도 양산시 물금읍 물금리 595번지,48330,25321,0,0595,0000,일반건축물,경상남도 양산시 원동로 199-133 (물금읍 물금리),,,0,0,0,106.44,0,일반목구조,04000,사원,1,0
경상남도 양산시 물금읍 물금리 622-3번지,48330,25321,0,0622,0003,일반건축물,경상남도 양산시 낙동로 443 (물금읍 물금리),전염소투입동,,0,535.06,0,535.06,0,철근콘크리트구조,03000,제1종근린생활시설,1,0
경상남도 양산시 물금읍 물금리 622-3번지,48330,25321,0,0622,0003,일반건축물,경상남도 양산시 낙동로 443 (물금읍 물금리),,,928,164,17.67,430.51,25.92,철근콘크리트구조,03000,근린공공시설(양수장및정수장),2,1
경상남도 양산시 물금읍 물금리 622-3번지,48330,25321,0,0622,0003,일반건축물,경상남도 양산시 낙동로 443 (물금읍 물금리),취수펌프동,,0,817.86,0,623.98,0,철근콘크리트구조,03000,제1종근린생활시설,1,0
경상남도 양산시 물금읍 물금리 622-3번지,48330,25321,0,0622,0003,일반건축물,경상남도 양산시 낙동로 443 (물금읍 물금리),수위실동,,0,39.69,0,39.69,0,철근콘크리트구조,03000,제1종근린생활시설,1,0
경상남도 양산시 물금읍 물금리 631번지,48330,25321,0,0631,0000,일반건축물,경상남도 양산시 낙동로 453 (물금읍 물금리),물금취수장,,0,60,0,60,0,철근콘크리트구조,03000,수위실,1,0
경상남도 양산시 물금읍 물금리 631번지,48330,25321,0,0631,0000,일반건축물,경상남도 양산시 낙동로 453 (물금읍 물금리),물금취수장,,0,150,0,150,0,철근콘크리트구조,03000,전기실,1,0
경상남도 양산시 물금읍 물금리 631번지,48330,25321,0,0631,0000,일반건축물,경상남도 양산시 낙동로 453 (물금읍 물금리),물금취수장,,0,5.9,0,5.9,0,철근콘크리트구조,03000,초소,1,0
경상남도 양산시 물금읍 물금리 631번지,48330,25321,0,0631,0000,일반건축물,경상남도 양산시 낙동로 453 (물금읍 물금리),물금취수장,,25667,4856.5,18.92,5597.77,21.21,경량철골구조,03000,제1종근린생활시설(정수장),4,1
경상남도 양산시 물금읍 물금리 631번지,48330,25321,0,0631,0000,일반건축물,경상남도 양산시 낙동로 453 (물금읍 물금리),물금취수장,부6동,25667,219.48,0.86,219.48,0.86,일반철골구조,03000,제1종근린생활시설,1,0
경상남도 양산시 물금읍 물금리 637-1번지,48330,25321,0,0637,0001,일반건축물,경상남도 양산시 낙동로 444 (물금읍 물금리),,,67,59.5,88.81,59.5,88.81,블록구조,01000,주택,1,0
경상남도 양산시 물금읍 물금리 638-2번지,48330,25321,0,0638,0002,일반건축물,경상남도 양산시 낙동로 442 (물금읍 물금리),,,0,33.05,0,33.05,0,블록구조,01000,주택,1,0
경상남도 양산시 물금읍 물금리 639번지,48330,25321,0,0639,0000,일반건축물,경상남도 양산시 낙동로 440 (물금읍 물금리),,,0,47.31,0,47.31,0,블록구조,03000,제1종근린생활시설,1,0
경상남도 양산시 물금읍 물금리 640-1번지,48330,25321,0,0640,0001,일반건축물,경상남도 양산시 낙동로 436 (물금읍 물금리),,,0,102.39,0,102.39,0,블록구조,01000,"주택, 점포",1,0
경상남도 양산시 물금읍 물금리 640-5번지,48330,25321,0,0640,0005,일반건축물,경상남도 양산시 낙동로 442-2 (물금읍 물금리),,,0,72.97,0,72.97,0,블록구조,01000,주택,1,0
경상남도 양산시 물금읍 물금리 650-11번지,48330,25321,0,0650,0011,일반건축물,,,,648.4,89.47,13.8,89.47,13.8,기타조적구조,01000,단독주택,1,0
경상남도 양산시 물금읍 물금리 650-11번지,48330,25321,0,0650,0011,일반건축물,,,,0,99.16,0,99.16,0,블록구조,01000,주택,1,0
경상남도 양산시 물금읍 물금리 650-12번지,48330,25321,0,0650,0012,일반건축물,,,,0,97.89,0,97.89,0,블록구조,01000,주택,1,0
경상남도 양산시 물금읍 물금리 654-4번지,48330,25321,0,0654,0004,일반건축물,,,,0,86.68,0,133.22,0,철근콘크리트구조,01000,주택,2,0
경상남도 양산시 물금읍 물금리 655-3번지,48330,25321,0,0655,0003,일반건축물,,,,0,178.54,0,178.54,0,블록구조,01000,주택,1,0
경상남도 양산시 물금읍 물금리 666-5번지,48330,25321,0,0666,0005,일반건축물,경상남도 양산시 화산길 62 (물금읍 물금리),,제1동,253.4,123.63,48.79,218.64,86.28,철근콘크리트구조,01000,단독주택,2,0
경상남도 양산시 물금읍 물금리 666-6번지,48330,25321,0,0666,0006,일반건축물,경상남도 양산시 화산길 64 (물금읍 물금리),,,215,100.73,46.85,94.23,43.83,철근콘크리트구조,01000,단독주택,1,0
경상남도 양산시 물금읍 물금리 666-7번지,48330,25321,0,0666,0007,일반건축물,경상남도 양산시 화산길 66 (물금읍 물금리),,제1동,118.2,70.2,59.39,196.43,166.18,철근콘크리트구조,04000,제2종근린생활시설,4,0
경상남도 양산시 물금읍 물금리 666-28번지,48330,25321,0,0666,0028,일반건축물,경상남도 양산시 화산길 66-1 (물금읍 물금리),,,299.6,170.58,56.94,463.82,154.81,철근콘크리트구조,11000,노유자시설,3,0
경상남도 양산시 물금읍 물금리 668-4번지,48330,25321,0,0668,0004,일반건축물,경상남도 양산시 화산길 70 (물금읍 물금리),,제1동,337.1,128,37.97,127.46,37.81,경량철골구조,04000,제2종근린생활시설,1,0
경상남도 양산시 물금읍 물금리 670번지,48330,25321,0,0670,0000,일반건축물,경상남도 양산시 화산길 72-2 (물금읍 물금리),,,0,47.56,0,47.56,0,블록구조,01000,주택,1,0
경상남도 양산시 물금읍 물금리 671번지,48330,25321,0,0671,0000,일반건축물,,,,0,36.34,0,36.34,0,일반목구조,01000,주택,1,0
경상남도 양산시 물금읍 물금리 671-4번지,48330,25321,0,0671,0004,일반건축물,경상남도 양산시 화산길 72-1 (물금읍 물금리),,,0,61.61,0,61.61,0,블록구조,01000,주택,1,0
경상남도 양산시 물금읍 물금리 672번지,48330,25321,0,0672,0000,일반건축물,경상남도 양산시 화산길 74-3 (물금읍 물금리),,,0,38.38,0,38.38,0,블록구조,01000,주택,1,0
경상남도 양산시 물금읍 물금리 673-1번지,48330,25321,0,0673,0001,일반건축물,경상남도 양산시 화산길 78 (물금읍 물금리),물금서부마을강변카페,,1057,263.42,24.92,451.79,42.74,철근콘크리트구조,04000,제2종근린생활시설,3,0
경상남도 양산시 물금읍 물금리 673-9번지,48330,25321,0,0673,0009,일반건축물,,,,0,23.14,0,23.14,0,일반목구조,01000,주택,1,0
경상남도 양산시 물금읍 물금리 673-13번지,48330,25321,0,0673,0013,일반건축물,경상남도 양산시 화산길 74-2 (물금읍 물금리),,,0,42.97,0,42.97,0,블록구조,01000,주택,1,0
경상남도 양산시 물금읍 물금리 673-20번지,48330,25321,0,0673,0020,일반건축물,경상남도 양산시 화산길 76 (물금읍 물금리),윤슬,,727,278.82,38.35,623.07,85.7,철근콘크리트구조,04000,제2종근린생활시설,3,0
경상남도 양산시 물금읍 물금리 676-1번지,48330,25321,0,0676,0001,일반건축물,경상남도 양산시 화산길 64-5 (물금읍 물금리),,,0,61.8,0,61.8,0,블록구조,01000,주택,1,0
경상남도 양산시 물금읍 물금리 678-4번지,48330,25321,0,0678,0004,일반건축물,경상남도 양산시 화산길 64-6 (물금읍 물금리),,,0,49.95,0,49.95,0,블록구조,01000,주택,1,0
경상남도 양산시 물금읍 물금리 681-17번지,48330,25321,0,0681,0017,일반건축물,,,,0,52.88,0,52.88,0,블록구조,01000,주택,1,0
경상남도 양산시 물금읍 물금리 684번지,48330,25321,0,0684,0000,일반건축물,,,,0,42.96,0,42.96,0,일반목구조,01000,주택,1,0
경상남도 양산시 물금읍 물금리 684-2번지,48330,25321,0,0684,0002,일반건축물,경상남도 양산시 화산4길 28-19 (물금읍 물금리),,,0,52.89,0,52.89,0,블록구조,01000,주택,1,0
경상남도 양산시 물금읍 물금리 687-1번지,48330,25321,0,0687,0001,일반건축물,경상남도 양산시 화산길 54-2 (물금읍 물금리),,,132.32,72.63,54.88,139.26,105.24,기타조적구조,01000,단독주택,2,0
경상남도 양산시 물금읍 물금리 687-2번지,48330,25321,0,0687,0002,일반건축물,경상남도 양산시 화산4길 31 (물금읍 물금리),,,0,26.44,0,26.44,0,일반목구조,01000,단독주택,1,0
경상남도 양산시 물금읍 물금리 687-4번지,48330,25321,0,0687,0004,일반건축물,경상남도 양산시 화산4길 32-1 (물금읍 물금리),,,93,33.05,35.54,33.05,35.54,일반목구조,01000,주택,1,0
경상남도 양산시 물금읍 물금리 688번지,48330,25321,0,0688,0000,일반건축물,경상남도 양산시 화학1길 97 (물금읍 물금리),수정명가,,581,299.8,51.6,299.8,51.6,일반철골구조,01000,단독주택,1,0
경상남도 양산시 물금읍 물금리 689-1번지,48330,25321,0,0689,0001,일반건축물,경상남도 양산시 화산4길 28-6 (물금읍 물금리),,,199,117.11,58.85,189.57,95.26,철근콘크리트구조,04000,"제2종근린생활시설, 단독주택",2,0
경상남도 양산시 물금읍 물금리 689-2번지,48330,25321,0,0689,0002,일반건축물,경상남도 양산시 화산4길 28-8 (물금읍 물금리),,,137.16,77.91,56.8,77.91,56.8,기타조적구조,01000,주택,1,0
경상남도 양산시 물금읍 물금리 690-1번지,48330,25321,0,0690,0001,일반건축물,경상남도 양산시 화산4길 18 (물금읍 물금리),,,0,82.64,0,82.64,0,블록구조,01000,주택,1,0
경상남도 양산시 물금읍 물금리 690-3번지,48330,25321,0,0690,0003,일반건축물,경상남도 양산시 화산4길 17 (물금읍 물금리),,,0,65.34,0,71.82,0,블록구조,01000,주택,1,1
경상남도 양산시 물금읍 물금리 690-6번지,48330,25321,0,0690,0006,일반건축물,경상남도 양산시 화산4길 23 (물금읍 물금리),,,0,84.24,0,84.24,0,블록구조,01000,주택,1,0
경상남도 양산시 물금읍 물금리 690-7번지,48330,25321,0,0690,0007,일반건축물,경상남도 양산시 화산4길 25 (물금읍 물금리),,,0,79.33,0,79.33,0,블록구조,01000,주택,1,0
경상남도 양산시 물금읍 물금리 690-8번지,48330,25321,0,0690,0008,일반건축물,경상남도 양산시 화산4길 18-1 (물금읍 물금리),,,172.842,87.76,49.86,87.76,50.77,기타조적구조,01000,주택,1,0
경상남도 양산시 물금읍 물금리 690-10번지,48330,25321,0,0690,0010,일반건축물,경상남도 양산시 화산4길 20 (물금읍 물금리),,,190,96.895,51,146.195,76.95,기타조적구조,01000,단독주택,2,0
경상남도 양산시 물금읍 물금리 690-12번지,48330,25321,0,0690,0012,일반건축물,,,,0,46.28,0,46.28,0,블록구조,01000,주택,1,0
경상남도 양산시 물금읍 물금리 690-13번지,48330,25321,0,0690,0013,일반건축물,경상남도 양산시 화산4길 19-1 (물금읍 물금리),,,0,72.72,0,72.72,0,블록구조,01000,주택,1,0
경상남도 양산시 물금읍 물금리 690-14번지,48330,25321,0,0690,0014,일반건축물,경상남도 양산시 화산4길 21 (물금읍 물금리),,,0,56.18,0,56.18,0,일반목구조,01000,주택,1,0
경상남도 양산시 물금읍 물금리 690-15번지,48330,25321,0,0690,0015,일반건축물,경상남도 양산시 화산4길 21-1 (물금읍 물금리),,,0,46.96,0,83.34,0,기타조적구조,01000,주택,2,0
경상남도 양산시 물금읍 물금리 690-16번지,48330,25321,0,0690,0016,일반건축물,경상남도 양산시 화산4길 27 (물금읍 물금리),,,115,56.97,49.54,56.97,49.54,경량철골구조,01000,단독주택,1,0
경상남도 양산시 물금읍 물금리 691-2번지,48330,25321,0,0691,0002,일반건축물,,,,0,40.65,0,40.65,0,일반목구조,01000,주택,1,0
경상남도 양산시 물금읍 물금리 691-10번지,48330,25321,0,0691,0010,일반건축물,경상남도 양산시 화산4길 22 (물금읍 물금리),,,0,57.84,0,57.84,0,블록구조,01000,주택,1,0
경상남도 양산시 물금읍 물금리 691-11번지,48330,25321,0,0691,0011,일반건축물,경상남도 양산시 화산4길 22-1 (물금읍 물금리),,,0,19.83,0,19.83,0,일반목구조,01000,주택,1,0
경상남도 양산시 물금읍 물금리 691-13번지,48330,25321,0,0691,0013,일반건축물,경상남도 양산시 화산4길 26-1 (물금읍 물금리),,,0,51.78,0,87.32,0,벽돌구조,01000,주택,2,0
경상남도 양산시 물금읍 물금리 691-14번지,48330,25321,0,0691,0014,일반건축물,경상남도 양산시 화산4길 24 (물금읍 물금리),,,0,36.36,0,36.36,0,일반목구조,01000,주택,1,0
경상남도 양산시 물금읍 물금리 691-15번지,48330,25321,0,0691,0015,일반건축물,경상남도 양산시 화산4길 24-1 (물금읍 물금리),,,0,83.74,0,163.68,0,블록구조,01000,주택,2,0
경상남도 양산시 물금읍 물금리 691-15번지,48330,25321,0,0691,0015,일반건축물,경상남도 양산시 화산4길 24-1 (물금읍 물금리),,,0,29.75,0,29.75,0,일반목구조,01000,주택,1,0
경상남도 양산시 물금읍 물금리 691-17번지,48330,25321,0,0691,0017,일반건축물,경상남도 양산시 화학1길 94 (물금읍 물금리),,,240,121.74,50.73,98.26,40.94,철근콘크리트구조,01000,단독주택,2,0
경상남도 양산시 물금읍 물금리 691-18번지,48330,25321,0,0691,0018,일반건축물,경상남도 양산시 화산4길 26-2 (물금읍 물금리),,,0,46.28,0,46.28,0,블록구조,01000,주택,1,0
경상남도 양산시 물금읍 물금리 691-19번지,48330,25321,0,0691,0019,일반건축물,경상남도 양산시 화산4길 28-4 (물금읍 물금리),,,0,52.82,0,52.82,0,블록구조,01000,주택,1,0
경상남도 양산시 물금읍 물금리 691-20번지,48330,25321,0,0691,0020,일반건축물,경상남도 양산시 화산4길 26 (물금읍 물금리),,,0,47.93,0,47.93,0,블록구조,01000,주택,1,0
경상남도 양산시 물금읍 물금리 712-2번지,48330,25321,0,0712,0002,일반건축물,경상남도 양산시 화산3길 15-8 (물금읍 물금리),,,0,0,0,19.83,0,일반목구조,01000,주택,1,0
경상남도 양산시 물금읍 물금리 715-2번지,48330,25321,0,0715,0002,일반건축물,경상남도 양산시 화산3길 15-10 (물금읍 물금리),,,141,42.98,30.48,35.38,25.09,벽돌구조,01000,단독주택,1,0
경상남도 양산시 물금읍 물금리 715-3번지,48330,25321,0,0715,0003,일반건축물,경상남도 양산시 화산3길 15-12 (물금읍 물금리),,,0,42.96,0,42.96,0,일반목구조,01000,주택,1,0
경상남도 양산시 물금읍 물금리 715-12번지,48330,25321,0,0715,0012,일반건축물,경상남도 양산시 화산3길 15-14 (물금읍 물금리),,,339.9,69.7,20.51,49.94,14.69,철근콘크리트구조,01000,단독주택,1,0
경상남도 양산시 물금읍 물금리 721-2번지,48330,25321,0,0721,0002,일반건축물,경상남도 양산시 화산3길 15-32 (물금읍 물금리),,,0,0,0,105.53,0,일반목구조,04000,"법당, 주택",1,0
경상남도 양산시 물금읍 물금리 722-3번지,48330,25321,0,0722,0003,일반건축물,경상남도 양산시 화산4길 16 (물금읍 물금리),,,0,29.75,0,29.75,0,일반목구조,01000,주택,1,0
경상남도 양산시 물금읍 물금리 724번지,48330,25321,0,0724,0000,일반건축물,경상남도 양산시 화학1길 80 (물금읍 물금리),,,0,65.11,0,65.11,0,블록구조,01000,주택,1,0
경상남도 양산시 물금읍 물금리 726번지,48330,25321,0,0726,0000,일반건축물,경상남도 양산시 화학1길 78-1 (물금읍 물금리),,,0,36.35,0,36.35,0,일반목구조,01000,주택,1,0
경상남도 양산시 물금읍 물금리 727-1번지,48330,25321,0,0727,0001,일반건축물,경상남도 양산시 화산3길 15-16 (물금읍 물금리),,,0,39.65,0,39.65,0,일반목구조,01000,주택,1,0
경상남도 양산시 물금읍 물금리 727-2번지,48330,25321,0,0727,0002,일반건축물,경상남도 양산시 화산3길 15-18 (물금읍 물금리),,,0,49.58,0,49.58,0,일반목구조,01000,주택,1,0
경상남도 양산시 물금읍 물금리 727-3번지,48330,25321,0,0727,0003,일반건축물,경상남도 양산시 화산3길 15-20 (물금읍 물금리),,,206,65.34,31.72,49.41,23.99,철근콘크리트구조,01000,단독주택,1,0
경상남도 양산시 물금읍 물금리 727-4번지,48330,25321,0,0727,0004,일반건축물,경상남도 양산시 화산3길 15-24 (물금읍 물금리),,,0,39.65,0,39.65,0,일반목구조,01000,주택,1,0
경상남도 양산시 물금읍 물금리 729번지,48330,25321,0,0729,0000,일반건축물,경상남도 양산시 화산3길 15-13 (물금읍 물금리),,,0,41.65,0,41.65,0,블록구조,01000,주택,1,0
경상남도 양산시 물금읍 물금리 730-1번지,48330,25321,0,0730,0001,일반건축물,경상남도 양산시 화산3길 13 (물금읍 물금리),,,0,110.7,0,110.7,0,블록구조,01000,주택,1,0
경상남도 양산시 물금읍 물금리 731-2번지,48330,25321,0,0731,0002,일반건축물,경상남도 양산시 화산3길 16-1 (물금읍 물금리),,,0,88.04,0,88.04,0,블록구조,01000,주택,1,0
경상남도 양산시 물금읍 물금리 731-4번지,48330,25321,0,0731,0004,일반건축물,경상남도 양산시 화산3길 16-3 (물금읍 물금리),,,0,89.58,0,89.58,0,블록구조,01000,주택,1,0
경상남도 양산시 물금읍 물금리 731-5번지,48330,25321,0,0731,0005,일반건축물,경상남도 양산시 화산3길 16-2 (물금읍 물금리),,,0,80.66,0,80.66,0,블록구조,01000,주택,1,0
경상남도 양산시 물금읍 물금리 731-6번지,48330,25321,0,0731,0006,일반건축물,경상남도 양산시 화산3길 16 (물금읍 물금리),,,211,124.56,59.03,193.77,91.83,벽돌구조,01000,단독주택(다가구),2,0
경상남도 양산시 물금읍 물금리 731-8번지,48330,25321,0,0731,0008,일반건축물,경상남도 양산시 화산3길 14 (물금읍 물금리),,,0,68.42,0,68.42,0,블록구조,01000,주택,1,0
경상남도 양산시 물금읍 물금리 731-9번지,48330,25321,0,0731,0009,일반건축물,경상남도 양산시 화산3길 15-2 (물금읍 물금리),,,186.6,104.35,55.92,156.79,84.02,블록구조,01000,주택,2,0
경상남도 양산시 물금읍 물금리 731-10번지,48330,25321,0,0731,0010,일반건축물,경상남도 양산시 화산3길 15-4 (물금읍 물금리),,,0,84.76,0,157.19,0,벽돌구조,01000,주택,2,0
경상남도 양산시 물금읍 물금리 731-11번지,48330,25321,0,0731,0011,일반건축물,경상남도 양산시 화산3길 15 (물금읍 물금리),,,0,75.7,0,75.7,0,블록구조,01000,주택,1,0
경상남도 양산시 물금읍 물금리 731-13번지,48330,25321,0,0731,0013,일반건축물,경상남도 양산시 화산3길 15-3 (물금읍 물금리),,,0,65.1,0,65.1,0,블록구조,01000,주택,1,0
경상남도 양산시 물금읍 물금리 734번지,48330,25321,0,0734,0000,일반건축물,경상남도 양산시 화학1길 68 (물금읍 물금리),,,0,44.94,0,44.94,0,일반목구조,01000,주택,1,0
경상남도 양산시 물금읍 물금리 735번지,48330,25321,0,0735,0000,일반건축물,경상남도 양산시 화학1길 76-1 (물금읍 물금리),,,0,29.75,0,29.75,0,일반목구조,01000,주택,1,0
경상남도 양산시 물금읍 물금리 736-2번지,48330,25321,0,0736,0002,일반건축물,경상남도 양산시 화학1길 76 (물금읍 물금리),,,0,66.11,0,66.11,0,일반목구조,01000,주택,1,0
경상남도 양산시 물금읍 물금리 739-1번지,48330,25321,0,0739,0001,일반건축물,경상남도 양산시 화산4길 4-1 (물금읍 물금리),,,0,80.44,0,180.1,0,철근콘크리트구조,01000,단독주택,3,0
경상남도 양산시 물금읍 물금리 739-3번지,48330,25321,0,0739,0003,일반건축물,경상남도 양산시 화산4길 4 (물금읍 물금리),,,117.58,66.15,56.26,66.15,56.26,기타조적구조,01000,단독주택,1,0
경상남도 양산시 물금읍 물금리 740번지,48330,25321,0,0740,0000,일반건축물,경상남도 양산시 화산4길 6 (물금읍 물금리),,,0,80.64,0,80.64,0,기타조적구조,01000,주택,1,0
경상남도 양산시 물금읍 물금리 741번지,48330,25321,0,0741,0000,일반건축물,경상남도 양산시 화산4길 6-2 (물금읍 물금리),,,0,33.05,0,33.05,0,일반목구조,01000,주택,1,0
경상남도 양산시 물금읍 물금리 742번지,48330,25321,0,0742,0000,일반건축물,경상남도 양산시 화학1길 78 (물금읍 물금리),,,0,49.58,0,49.58,0,일반목구조,01000,주택,1,0
경상남도 양산시 물금읍 물금리 744번지,48330,25321,0,0744,0000,일반건축물,경상남도 양산시 화산4길 6-1 (물금읍 물금리),,,0,66.11,0,66.11,0,일반목구조,01000,주택,1,0
경상남도 양산시 물금읍 물금리 747번지,48330,25321,0,0747,0000,일반건축물,경상남도 양산시 화산4길 8 (물금읍 물금리),,,0,197.64,0,197.64,0,철근콘크리트구조,04000,교회,2,0
경상남도 양산시 물금읍 물금리 748-5번지,48330,25321,0,0748,0005,일반건축물,경상남도 양산시 화산4길 3-1 (물금읍 물금리),,,0,46.27,0,46.27,0,블록구조,01000,주택,1,0
경상남도 양산시 물금읍 물금리 748-8번지,48330,25321,0,0748,0008,일반건축물,경상남도 양산시 화산길 30 (물금읍 물금리),,,0,0,0,104.31,0,블록구조,01000,"주택, 점포",2,0
경상남도 양산시 물금읍 물금리 749-4번지,48330,25321,0,0749,0004,일반건축물,경상남도 양산시 화산길 28-1 (물금읍 물금리),,,0,52.88,0,52.88,0,일반목구조,01000,"점포, 주택",1,0
경상남도 양산시 물금읍 물금리 749-4번지,48330,25321,0,0749,0004,일반건축물,경상남도 양산시 화산길 28-1 (물금읍 물금리),,,0,79.32,0,79.32,0,블록구조,01000,주택,1,0
경상남도 양산시 물금읍 물금리 749-6번지,48330,25321,0,0749,0006,일반건축물,경상남도 양산시 화산길 28 (물금읍 물금리),,,0,33.15,0,33.15,0,블록구조,01000,"주택, 점포",1,0
경상남도 양산시 물금읍 물금리 750-1번지,48330,25321,0,0750,0001,일반건축물,경상남도 양산시 화산길 30-1 (물금읍 물금리),,,502.4,321.12,63.92,313.92,62.48,철근콘크리트구조,17000,"주택, 공장",1,0
경상남도 양산시 물금읍 물금리 750-8번지,48330,25321,0,0750,0008,일반건축물,경상남도 양산시 화산길 30-1 (물금읍 물금리),,,192.16,112.85,58.73,215.45,112.12,철근콘크리트구조,03000,근린생활시설,2,0
경상남도 양산시 물금읍 물금리 751-1번지,48330,25321,0,0751,0001,일반건축물,경상남도 양산시 화산4길 7 (물금읍 물금리),,,246,78.17,31.7764,98.14,39.8943,철근콘크리트구조,01000,단독주택,2,0
경상남도 양산시 물금읍 물금리 751-2번지,48330,25321,0,0751,0002,일반건축물,경상남도 양산시 화산4길 11 (물금읍 물금리),,,0,75.62,0,60.17,0,기타조적구조,01000,단독주택,1,0
경상남도 양산시 물금읍 물금리 751-4번지,48330,25321,0,0751,0004,일반건축물,경상남도 양산시 화산5길 3 (물금읍 물금리),,,339,193.61,57.11,193.61,57.11,블록구조,01000,"주택, 제2종근린생활시설",1,0
경상남도 양산시 물금읍 물금리 751-6번지,48330,25321,0,0751,0006,일반건축물,경상남도 양산시 화산길 32 (물금읍 물금리),,,0,73.7,0,102.59,0,일반목구조,01000,주택,2,0
경상남도 양산시 물금읍 물금리 751-8번지,48330,25321,0,0751,0008,일반건축물,경상남도 양산시 화산길 34 (물금읍 물금리),,,0,59.49,0,59.49,0,일반목구조,01000,주택,1,0
경상남도 양산시 물금읍 물금리 751-10번지,48330,25321,0,0751,0010,일반건축물,경상남도 양산시 화산4길 13 (물금읍 물금리),,,0,67.83,0,67.83,0,일반목구조,01000,주택,1,0
경상남도 양산시 물금읍 물금리 751-14번지,48330,25321,0,0751,0014,일반건축물,,,,0,234.7,0,234.7,0,일반목구조,04000,정미소,1,0
경상남도 양산시 물금읍 물금리 752번지,48330,25321,0,0752,0000,일반건축물,경상남도 양산시 화산4길 15 (물금읍 물금리),,,0,38.25,0,38.25,0,벽돌구조,01000,주택,1,0
경상남도 양산시 물금읍 물금리 753-2번지,48330,25321,0,0753,0002,일반건축물,경상남도 양산시 화산길 36-1 (물금읍 물금리),,,169,82.4,48.76,82.4,48.76,기타조적구조,01000,단독주택,1,0
경상남도 양산시 물금읍 물금리 753-7번지,48330,25321,0,0753,0007,일반건축물,경상남도 양산시 화산길 36 (물금읍 물금리),,,209.8,125.4,59.77,125.4,59.77,일반철골구조,04000,제2종근린생활시설,1,0
경상남도 양산시 물금읍 물금리 753-10번지,48330,25321,0,0753,0010,일반건축물,경상남도 양산시 화산5길 2 (물금읍 물금리),,제1동,340,196.81,57.89,430.67,126.67,철근콘크리트구조,01000,"단독주택, 제1종근린생활시설",3,0
경상남도 양산시 물금읍 물금리 754번지,48330,25321,0,0754,0000,일반건축물,경상남도 양산시 화산길 42 (물금읍 물금리),,,0,147.21,0,349.16,0,철근콘크리트구조,01000,단독주택,3,0
경상남도 양산시 물금읍 물금리 755-1번지,48330,25321,0,0755,0001,일반건축물,경상남도 양산시 화산길 44-1 (물금읍 물금리),,,0,0,0,219.82,0,일반목구조,01000,주택,1,0
경상남도 양산시 물금읍 물금리 755-2번지,48330,25321,0,0755,0002,일반건축물,경상남도 양산시 화산길 44 (물금읍 물금리),,,123,72.74,59.14,99.62,80.99,철근콘크리트구조,01000,"단독주택, 제1종근린생활시설",2,0
경상남도 양산시 물금읍 물금리 757번지,48330,25321,0,0757,0000,일반건축물,경상남도 양산시 화산길 48 (물금읍 물금리),,,0,140.81,0,140.81,0,블록구조,01000,"주택, 점포",1,0
경상남도 양산시 물금읍 물금리 759-1번지,48330,25321,0,0759,0001,일반건축물,경상남도 양산시 화산길 52 (물금읍 물금리),,,0,52.89,0,52.89,0,일반목구조,01000,주택,1,0
경상남도 양산시 물금읍 물금리 759-2번지,48330,25321,0,0759,0002,일반건축물,경상남도 양산시 화산길 50-1 (물금읍 물금리),,,0,36.36,0,36.36,0,블록구조,01000,주택,1,0
경상남도 양산시 물금읍 물금리 759-3번지,48330,25321,0,0759,0003,일반건축물,경상남도 양산시 화산길 50 (물금읍 물금리),,,0,88.35,0,155.79,0,벽돌구조,01000,단독주택,2,0
경상남도 양산시 물금읍 물금리 761-3번지,48330,25321,0,0761,0003,일반건축물,경상남도 양산시 화산길 45 (물금읍 물금리),,,0,33.05,0,33.05,0,일반목구조,Z3000,"점포, 주택",1,0
경상남도 양산시 물금읍 물금리 762-3번지,48330,25321,0,0762,0003,일반건축물,,,,0,75.9,0,75.9,0,블록구조,01000,주택,1,0
경상남도 양산시 물금읍 물금리 762-7번지,48330,25321,0,0762,0007,일반건축물,경상남도 양산시 화산길 43 (물금읍 물금리),,,213.65,96.58,45.2,84.63,39.61,기타조적구조,01000,주택,1,0
경상남도 양산시 물금읍 물금리 763-1번지,48330,25321,0,0763,0001,일반건축물,경상남도 양산시 화산길 41 (물금읍 물금리),,,0,82.63,0,82.63,0,일반목구조,01000,주택,1,0
경상남도 양산시 물금읍 물금리 763-3번지,48330,25321,0,0763,0003,표제부,경상남도 양산시 물금중앙길 38 (물금읍 물금리),금강쉐르빌1차,,263,106.58,40.52,392.96,149.41,철근콘크리트구조,02000,공동주택,4,0
경상남도 양산시 물금읍 물금리 764-2번지,48330,25321,0,0764,0002,표제부,경상남도 양산시 물금중앙길 38 (물금읍 물금리),,금강쉐르빌,351,177.26,50.5,656.16,186.94,철근콘크리트구조,02000,공동주택(다세대),4,0
경상남도 양산시 물금읍 물금리 764-11번지,48330,25321,0,0764,0011,일반건축물,,,,0,66.11,0,66.11,0,블록구조,01000,주택,1,0
경상남도 양산시 물금읍 물금리 765번지,48330,25321,0,0765,0000,일반건축물,경상남도 양산시 화산길 37-5 (물금읍 물금리),,,0,79.33,0,79.33,0,블록구조,01000,주택,1,0
경상남도 양산시 물금읍 물금리 766-1번지,48330,25321,0,0766,0001,일반건축물,경상남도 양산시 화산길 37-1 (물금읍 물금리),,,187,108.83,58.2,199.9,106.9,일반철골구조,03000,제1종근린생활시설,2,0
경상남도 양산시 물금읍 물금리 766-2번지,48330,25321,0,0766,0002,일반건축물,경상남도 양산시 화산길 37-4 (물금읍 물금리),,,0,40.73,0,40.73,0,블록구조,01000,주택,1,0
경상남도 양산시 물금읍 물금리 767-3번지,48330,25321,0,0767,0003,일반건축물,경상남도 양산시 화산길 35 (물금읍 물금리),,,267,59.54,22.3,59.54,22.3,경량철골구조,18000,농가용창고,1,0
경상남도 양산시 물금읍 물금리 767-7번지,48330,25321,0,0767,0007,일반건축물,경상남도 양산시 화산길 31 (물금읍 물금리),A동,,0,78.34,0,144.46,0,철근콘크리트구조,03000,"단독주택, 제1종근린생활시설",2,0
경상남도 양산시 물금읍 물금리 767-7번지,48330,25321,0,0767,0007,일반건축물,경상남도 양산시 화산길 31 (물금읍 물금리),B동,,0,16.8,0,16.8,0,경량철골구조,01000,단독주택,1,0
경상남도 양산시 물금읍 물금리 767-9번지,48330,25321,0,0767,0009,표제부,경상남도 양산시 물금중앙길 30 (물금읍 물금리),서부아파트,,0,396.58,0,1179.3,0,철근콘크리트구조,02000,공동주택,3,0
경상남도 양산시 물금읍 물금리 767-10번지,48330,25321,0,0767,0010,일반건축물,경상남도 양산시 화산길 33 (물금읍 물금리),,,0,76.02,0,76.02,0,일반목구조,01000,주택,1,0
경상남도 양산시 물금읍 물금리 767-11번지,48330,25321,0,0767,0011,일반건축물,경상남도 양산시 화산길 35 (물금읍 물금리),,,192,102.03,53.14,98.55,51.33,기타조적구조,01000,단독주택,1,0
경상남도 양산시 물금읍 물금리 767-13번지,48330,25321,0,0767,0013,일반건축물,경상남도 양산시 화산길 37 (물금읍 물금리),,,562.7,181.76,32.3,397.24,70.6,철근콘크리트구조,01000,단독주택,3,0
경상남도 양산시 물금읍 물금리 768-1번지,48330,25321,0,0768,0001,일반건축물,경상남도 양산시 화산길 29 (물금읍 물금리),,,506,175.53,34.69,309.42,61.15,철근콘크리트구조,03000,"근린생활시설, 주택",2,0
경상남도 양산시 물금읍 물금리 768-11번지,48330,25321,0,0768,0011,일반건축물,경상남도 양산시 물금중앙길 28 (물금읍 물금리),,제1동,524.1,142.5,27.19,142.5,27.19,경량철골구조,04000,제2종근린생활시설,1,0
경상남도 양산시 물금읍 물금리 769-6번지,48330,25321,0,0769,0006,일반건축물,경상남도 양산시 물금중앙길 26 (물금읍 물금리),,2동,0,30,0,30,0,경량철골구조,04000,제2종근린생활시설,1,0
경상남도 양산시 물금읍 물금리 769-6번지,48330,25321,0,0769,0006,일반건축물,경상남도 양산시 물금중앙길 26 (물금읍 물금리),,1동,0,111.36,0,111.36,0,경량철골구조,04000,제2종근린생활시설,1,0
경상남도 양산시 물금읍 물금리 770-7번지,48330,25321,0,0770,0007,일반건축물,경상남도 양산시 물금중앙길 24-1 (물금읍 물금리),,,0,49.86,0,49.86,0,블록구조,01000,주택,1,0
경상남도 양산시 물금읍 물금리 771-9번지,48330,25321,0,0771,0009,일반건축물,경상남도 양산시 물금중앙길 24-2 (물금읍 물금리),,2동,0,68.76,0,84.96,0,기타조적구조,01000,주택,2,0
경상남도 양산시 물금읍 물금리 771-9번지,48330,25321,0,0771,0009,일반건축물,경상남도 양산시 물금중앙길 24 (물금읍 물금리),,1동,0,58.14,0,58.14,0,일반목구조,01000,"주택, 점포",1,0
경상남도 양산시 물금읍 물금리 771-12번지,48330,25321,0,0771,0012,일반건축물,경상남도 양산시 물금중앙길 32 (물금읍 물금리),,,130.5,65.32,50.05,113.82,87.22,철근콘크리트구조,04000,"제2종근린생활시설,단독주택",2,0
경상남도 양산시 물금읍 물금리 771-13번지,48330,25321,0,0771,0013,일반건축물,경상남도 양산시 물금중앙길 34-1 (물금읍 물금리),,,0,28.45,0,28.45,0,경량철골구조,03000,제1종근린생활시설,1,0
경상남도 양산시 물금읍 물금리 771-13번지,48330,25321,0,0771,0013,일반건축물,경상남도 양산시 물금중앙길 34-1 (물금읍 물금리),,,0,77.76,0,77.76,0,철근콘크리트구조,01000,주택,1,0
경상남도 양산시 물금읍 물금리 771-15번지,48330,25321,0,0771,0015,일반건축물,경상남도 양산시 물금중앙길 34 (물금읍 물금리),,,157,52.89,33.69,52.89,33.69,블록구조,04000,제2종근린생활시설,1,0
경상남도 양산시 물금읍 물금리 771-17번지,48330,25321,0,0771,0017,일반건축물,,,,0,99.15,0,99.15,0,일반목구조,01000,"주택, 점포",1,0
경상남도 양산시 물금읍 물금리 771-18번지,48330,25321,0,0771,0018,표제부,경상남도 양산시 물금중앙길 36 (물금읍 물금리),해인그린빌라,,312.075,181.87,58.28,595.86,190.93,철근콘크리트구조,02000,공동주택,4,0
경상남도 양산시 물금읍 물금리 772-9번지,48330,25321,0,0772,0009,일반건축물,경상남도 양산시 물금중앙길 27 (물금읍 물금리),,,187,110.15,58.9,184.3,98.56,경량철골구조,04000,제2종근린생활시설,2,0
경상남도 양산시 물금읍 물금리 772-15번지,48330,25321,0,0772,0015,일반건축물,경상남도 양산시 물금중앙길 35 (물금읍 물금리),,,0,125.96,0,227.09,0,블록구조,01000,주택,2,0
경상남도 양산시 물금읍 물금리 772-22번지,48330,25321,0,0772,0022,일반건축물,경상남도 양산시 물금중앙길 31 (물금읍 물금리),,,0,53.76,0,53.76,0,경량철골구조,03000,제1종근린생활시설,1,0
경상남도 양산시 물금읍 물금리 772-22번지,48330,25321,0,0772,0022,일반건축물,경상남도 양산시 물금중앙길 31 (물금읍 물금리),,,0,51.84,0,51.84,0,경량철골구조,04000,제2종근린생활시설,1,0
경상남도 양산시 물금읍 물금리 772-29번지,48330,25321,0,0772,0029,일반건축물,경상남도 양산시 물금역1길 27 (물금읍 물금리),,제1동,569,177.282,31.16,253.87,44.62,철근콘크리트구조,04000,제2종근린생활시설,2,0
경상남도 양산시 물금읍 물금리 773번지,48330,25321,0,0773,0000,일반건축물,경상남도 양산시 물금역1길 17 (물금읍 물금리),,,419,19.8,4.73,19.8,4.73,경량철골구조,18000,창고시설,1,0
경상남도 양산시 물금읍 물금리 774번지,48330,25321,0,0774,0000,일반건축물,,,,0,24.79,0,24.79,0,블록구조,01000,주택,1,0
경상남도 양산시 물금읍 물금리 774번지,48330,25321,0,0774,0000,일반건축물,,,,0,49.57,0,49.57,0,일반목구조,01000,주택,1,0
경상남도 양산시 물금읍 물금리 774-13번지,48330,25321,0,0774,0013,일반건축물,,,,0,49.58,0,49.58,0,일반목구조,01000,주택,1,0
경상남도 양산시 물금읍 물금리 774-19번지,48330,25321,0,0774,0019,일반건축물,경상남도 양산시 화산길 56 (물금읍 물금리),,,66,39.65,60.07,39.65,60.07,블록구조,01000,"주택, 근린생활시설",1,0
경상남도 양산시 물금읍 물금리 774-21번지,48330,25321,0,0774,0021,일반건축물,경상남도 양산시 화산길 54 (물금읍 물금리),,,0,91.05,0,91.05,0,벽돌구조,01000,주택,1,0
경상남도 양산시 물금읍 물금리 774-22번지,48330,25321,0,0774,0022,일반건축물,경상남도 양산시 화산길 52-1 (물금읍 물금리),,,0,48.57,0,58.48,0,일반목구조,01000,주택,2,0
경상남도 양산시 물금읍 물금리 774-28번지,48330,25321,0,0774,0028,일반건축물,경상남도 양산시 화산길 53 (물금읍 물금리),,,0,64.45,0,64.45,0,블록구조,01000,주택,1,0
경상남도 양산시 물금읍 물금리 774-29번지,48330,25321,0,0774,0029,일반건축물,경상남도 양산시 화산길 51-4 (물금읍 물금리),,,0,66.7,0,66.7,0,블록구조,01000,주택,1,0
경상남도 양산시 물금읍 물금리 774-35번지,48330,25321,0,0774,0035,일반건축물,,,,0,55.8,0,55.8,0,블록구조,01000,주택,1,0
경상남도 양산시 물금읍 물금리 774-37번지,48330,25321,0,0774,0037,일반건축물,경상남도 양산시 화산길 51-3 (물금읍 물금리),,,198.14,83.69,42.24,83.69,42.24,기타조적구조,03000,"근린생활시설, 주택",1,0
경상남도 양산시 물금읍 물금리 774-39번지,48330,25321,0,0774,0039,일반건축물,경상남도 양산시 화산길 49 (물금읍 물금리),,,0,48.33,0,48.33,0,블록구조,01000,주택,1,0
경상남도 양산시 물금읍 물금리 774-40번지,48330,25321,0,0774,0040,일반건축물,경상남도 양산시 화산길 47 (물금읍 물금리),,,0,0,0,47.64,0,벽돌구조,01000,주택,1,0
경상남도 양산시 물금읍 물금리 774-40번지,48330,25321,0,0774,0040,일반건축물,경상남도 양산시 화산길 47 (물금읍 물금리),,,235.42,118.64,50.4,132.66,56.35,기타조적구조,01000,주택,2,0
경상남도 양산시 물금읍 물금리 774-49번지,48330,25321,0,0774,0049,일반건축물,경상남도 양산시 화산길 51-17 (물금읍 물금리),,,0,66.11,0,66.11,0,블록구조,01000,주택,1,0
경상남도 양산시 물금읍 물금리 774-50번지,48330,25321,0,0774,0050,일반건축물,경상남도 양산시 물금중앙길 38-2 (물금읍 물금리),,,0,105.54,0,105.54,0,벽돌구조,01000,"주택, 근린생활시설",1,0
경상남도 양산시 물금읍 물금리 774-67번지,48330,25321,0,0774,0067,일반건축물,경상남도 양산시 물금중앙길 40 (물금읍 물금리),,,227.2,101.39,44.63,101.39,44.63,블록구조,04000,근린생활시설,1,0
경상남도 양산시 물금읍 물금리 774-74번지,48330,25321,0,0774,0074,일반건축물,,,,119,70.55,59.28,122.73,103.13,기타조적구조,01000,"주택, 근린생활시설",2,0
경상남도 양산시 물금읍 물금리 774-79번지,48330,25321,0,0774,0079,일반건축물,,,,0,46.28,0,46.28,0,일반목구조,01000,주택,1,0
경상남도 양산시 물금읍 물금리 774-80번지,48330,25321,0,0774,0080,일반건축물,경상남도 양산시 물금중앙길 41-8 (물금읍 물금리),,,0,89.24,0,89.24,0,일반목구조,01000,주택,1,0
경상남도 양산시 물금읍 물금리 774-83번지,48330,25321,0,0774,0083,일반건축물,경상남도 양산시 물금중앙길 41-12 (물금읍 물금리),,,0,52.88,0,52.88,0,블록구조,01000,"주택, 점포",1,0
경상남도 양산시 물금읍 물금리 774-85번지,48330,25321,0,0774,0085,일반건축물,경상남도 양산시 물금역1길 25 (물금읍 물금리),,,0,79.33,0,79.33,0,블록구조,01000,주택,1,0
경상남도 양산시 물금읍 물금리 774-87번지,48330,25321,0,0774,0087,일반건축물,경상남도 양산시 물금중앙길 41-43 (물금읍 물금리),,,370,240.5,65,481,130,일반철골구조,03000,"제1,2종근린생활시설",2,0
경상남도 양산시 물금읍 물금리 774-88번지,48330,25321,0,0774,0088,일반건축물,경상남도 양산시 물금중앙길 41-42 (물금읍 물금리),,제1동,397,44.2,11.13,44.2,11.13,경량철골구조,04000,제2종근린생활시설,1,0
경상남도 양산시 물금읍 물금리 774-90번지,48330,25321,0,0774,0090,일반건축물,경상남도 양산시 물금중앙길 37 (물금읍 물금리),,,0,138.84,0,138.84,0,블록구조,18000,창고,1,0
경상남도 양산시 물금읍 물금리 774-90번지,48330,25321,0,0774,0090,일반건축물,경상남도 양산시 물금중앙길 37 (물금읍 물금리),,,0,178.84,0,178.84,0,일반목구조,18000,창고,1,0
경상남도 양산시 물금읍 물금리 774-93번지,48330,25321,0,0774,0093,일반건축물,,,,0,16.52,0,16.52,0,일반목구조,01000,주택,1,0
경상남도 양산시 물금읍 물금리 774-98번지,48330,25321,0,0774,0098,일반건축물,경상남도 양산시 물금중앙길 41-10 (물금읍 물금리),,,0,39.336,0,39.336,0,블록구조,01000,"주택, 점포",1,0
경상남도 양산시 물금읍 물금리 774-102번지,48330,25321,0,0774,0102,일반건축물,경상남도 양산시 물금중앙길 41-17 (물금읍 물금리),,,0,302.4,0,302.4,0,경량철골구조,03000,근린생활시설,1,0
경상남도 양산시 물금읍 물금리 774-109번지,48330,25321,0,0774,0109,일반건축물,경상남도 양산시 물금중앙길 41-21 (물금읍 물금리),,,148.68,88.04,59.21,219.25,147.46,철근콘크리트구조,01000,"근린생활시설, 주택",3,0
경상남도 양산시 물금읍 물금리 774-110번지,48330,25321,0,0774,0110,일반건축물,경상남도 양산시 물금중앙길 41-23 (물금읍 물금리),,,160,70.38,43.99,70.38,43.99,블록구조,03000,제1종근린생활시설,1,0
경상남도 양산시 물금읍 물금리 774-112번지,48330,25321,0,0774,0112,일반건축물,경상남도 양산시 물금중앙길 41-25 (물금읍 물금리),,,168,94.33,56.15,188.66,112.3,일반철골구조,04000,제2종근린생활시설,2,0
경상남도 양산시 물금읍 물금리 774-143번지,48330,25321,0,0774,0143,일반건축물,경상남도 양산시 물금중앙길 42-5 (물금읍 물금리),,,0,50.33,0,50.33,0,블록구조,01000,주택,1,0
경상남도 양산시 물금읍 물금리 774-144번지,48330,25321,0,0774,0144,일반건축물,경상남도 양산시 물금중앙길 38-1 (물금읍 물금리),,,0,50.33,0,50.33,0,블록구조,01000,주택,1,0
경상남도 양산시 물금읍 물금리 774-145번지,48330,25321,0,0774,0145,일반건축물,경상남도 양산시 물금중앙길 42-4 (물금읍 물금리),,,0,50.33,0,50.33,0,블록구조,01000,주택,1,0
경상남도 양산시 물금읍 물금리 774-146번지,48330,25321,0,0774,0146,일반건축물,경상남도 양산시 물금중앙길 42-3 (물금읍 물금리),,,0,50.33,0,50.33,0,블록구조,01000,주택,1,0
경상남도 양산시 물금읍 물금리 774-155번지,48330,25321,0,0774,0155,일반건축물,경상남도 양산시 화산길 51-15 (물금읍 물금리),물금서부마을회관(경로당),,414,137.72,33.27,160.57,38.79,철근콘크리트구조,11000,노유자시설(노인복지시설),2,0
경상남도 양산시 물금읍 물금리 776번지,48330,25321,0,0776,0000,일반건축물,,,,0,0,0,195.69,0,일반목구조,17000,"공장, 주택",1,0
경상남도 양산시 물금읍 물금리 800-2번지,48330,25321,0,0800,0002,표제부,경상남도 양산시 물금로 57 (물금읍 물금리),양산 이지더원 5차 아파트,상가2동,0,616.4,0,1261.501,0,철근콘크리트구조,03000,제1종근린생활시설,2,0
경상남도 양산시 물금읍 물금리 800-2번지,48330,25321,0,0800,0002,표제부,경상남도 양산시 물금로 57 (물금읍 물금리),양산 이지더원 5차 아파트,507동,0,0,0,24297.921,0,철근콘크리트구조,02000,지하주차장,0,1
경상남도 양산시 물금읍 물금리 800-2번지,48330,25321,0,0800,0002,표제부,경상남도 양산시 물금로 57 (물금읍 물금리),양산 이지더원 5차 아파트,508동,0,0,0,293.79,0,철근콘크리트구조,02000,"전기실,발전기실",0,1
경상남도 양산시 물금읍 물금리 800-2번지,48330,25321,0,0800,0002,표제부,경상남도 양산시 물금로 57 (물금읍 물금리),양산 이지더원 5차 아파트,503동,0,756.391,0,12793.258,0,철근콘크리트구조,02000,공동주택(아파트),28,0
경상남도 양산시 물금읍 물금리 800-2번지,48330,25321,0,0800,0002,표제부,경상남도 양산시 물금로 57 (물금읍 물금리),양산 이지더원 5차 아파트,상가1동,0,285.2,0,583.679,0,철근콘크리트구조,03000,제1종근린생활시설,2,0
경상남도 양산시 물금읍 물금리 800-2번지,48330,25321,0,0800,0002,표제부,경상남도 양산시 물금로 57 (물금읍 물금리),양산 이지더원 5차 아파트,513동,0,24.36,0,24.36,0,철근콘크리트구조,02000,경비실,1,0
경상남도 양산시 물금읍 물금리 800-2번지,48330,25321,0,0800,0002,표제부,경상남도 양산시 물금로 57 (물금읍 물금리),양산 이지더원 5차 아파트,506동,0,603.675,0,7041.31,0,철근콘크리트구조,02000,공동주택(아파트),20,0
경상남도 양산시 물금읍 물금리 800-2번지,48330,25321,0,0800,0002,표제부,경상남도 양산시 물금로 57 (물금읍 물금리),양산 이지더원 5차 아파트,509동,0,0,0,417.359,0,철근콘크리트구조,02000,기계실,0,1
경상남도 양산시 물금읍 물금리 800-2번지,48330,25321,0,0800,0002,표제부,경상남도 양산시 물금로 57 (물금읍 물금리),양산 이지더원 5차 아파트,511동,0,182.2,0,182.2,0,철근콘크리트구조,02000,경로당,1,0
경상남도 양산시 물금읍 물금리 800-2번지,48330,25321,0,0800,0002,표제부,경상남도 양산시 물금로 57 (물금읍 물금리),양산 이지더원 5차 아파트,501동,0,1174.128,0,34207.587,0,철근콘크리트구조,02000,공동주택(아파트),20,0
경상남도 양산시 물금읍 물금리 800-2번지,48330,25321,0,0800,0002,표제부,경상남도 양산시 물금로 57 (물금읍 물금리),양산 이지더원 5차 아파트,504동,0,753.893,0,12484.432,0,철근콘크리트구조,02000,공동주택(아파트),27,0
경상남도 양산시 물금읍 물금리 800-2번지,48330,25321,0,0800,0002,표제부,경상남도 양산시 물금로 57 (물금읍 물금리),양산 이지더원 5차 아파트,505동,0,724.229,0,12636.605,0,철근콘크리트구조,02000,공동주택(아파트),28,0
경상남도 양산시 물금읍 물금리 800-2번지,48330,25321,0,0800,0002,표제부,경상남도 양산시 물금로 57 (물금읍 물금리),양산 이지더원 5차 아파트,512동,0,328.5,0,328.5,0,철근콘크리트구조,02000,어린이집,1,0
경상남도 양산시 물금읍 물금리 800-2번지,48330,25321,0,0800,0002,표제부,경상남도 양산시 물금로 57 (물금읍 물금리),양산 이지더원 5차 아파트,510동,0,35.393,0,1622.147,0,철근콘크리트구조,02000,부대복리시설,1,1
경상남도 양산시 물금읍 물금리 800-2번지,48330,25321,0,0800,0002,표제부,경상남도 양산시 물금로 57 (물금읍 물금리),양산 이지더원 5차 아파트,502동,0,740.714,0,12543.592,0,철근콘크리트구조,02000,공동주택(아파트),28,0
경상남도 양산시 물금읍 물금리 800-5번지,48330,25321,0,0800,0005,표제부,경상남도 양산시 물금로 41 (물금읍 물금리),양산물금양우내안애5차리버파크,지하주차장,0,0,0,22779.041,0,철근콘크리트구조,02000,부대시설(지하주차장),0,1
경상남도 양산시 물금읍 물금리 800-5번지,48330,25321,0,0800,0005,표제부,경상남도 양산시 물금로 41 (물금읍 물금리),양산물금양우내안애5차리버파크,506동,0,731.779,0,10152.817,0,철근콘크리트구조,02000,공동주택(아파트),24,0
경상남도 양산시 물금읍 물금리 800-5번지,48330,25321,0,0800,0005,표제부,경상남도 양산시 물금로 41 (물금읍 물금리),양산물금양우내안애5차리버파크,501동,0,1148.979,0,36216.849,0,철근콘크리트구조,02000,공동주택(아파트),26,0
경상남도 양산시 물금읍 물금리 800-5번지,48330,25321,0,0800,0005,표제부,경상남도 양산시 물금로 41 (물금읍 물금리),양산물금양우내안애5차리버파크,505동,0,731.779,0,10947.296,0,철근콘크리트구조,02000,공동주택(아파트),25,0
경상남도 양산시 물금읍 물금리 800-5번지,48330,25321,0,0800,0005,표제부,경상남도 양산시 물금로 41 (물금읍 물금리),양산물금양우내안애5차리버파크,전기발전기실,0,0,0,644.195,0,철근콘크리트구조,02000,"부대시설(전기실,발전기실,펌프실,열교환실)",0,1
경상남도 양산시 물금읍 물금리 800-5번지,48330,25321,0,0800,0005,표제부,경상남도 양산시 물금로 41 (물금읍 물금리),양산물금양우내안애5차리버파크,경비실1,0,17.5,0,17.5,0,철근콘크리트구조,02000,부대시설(경비실),1,0
경상남도 양산시 물금읍 물금리 800-5번지,48330,25321,0,0800,0005,표제부,경상남도 양산시 물금로 41 (물금읍 물금리),양산물금양우내안애5차리버파크,주민공동시설,0,26.88,0,1174.933,0,철근콘크리트구조,02000,"부대,복리시설(휘트니스클럽,골프연습장,탁구장,작은도서관,다목적실,코인세탁실,무인택배실,근로자휴게실,방재실)",1,1
경상남도 양산시 물금읍 물금리 800-5번지,48330,25321,0,0800,0005,표제부,경상남도 양산시 물금로 41 (물금읍 물금리),양산물금양우내안애5차리버파크,상가동,0,1118.942,0,2218.978,0,철근콘크리트구조,04000,"제1,2종근린생활시설",2,1
경상남도 양산시 물금읍 물금리 800-5번지,48330,25321,0,0800,0005,표제부,경상남도 양산시 물금로 41 (물금읍 물금리),양산물금양우내안애5차리버파크,502동,0,731.779,0,11903.906,0,철근콘크리트구조,02000,공동주택(아파트),26,0
경상남도 양산시 물금읍 물금리 800-5번지,48330,25321,0,0800,0005,표제부,경상남도 양산시 물금로 41 (물금읍 물금리),양산물금양우내안애5차리버파크,MDF실,0,0,0,30.516,0,철근콘크리트구조,02000,부대시설(MDF실),1,0
경상남도 양산시 물금읍 물금리 800-5번지,48330,25321,0,0800,0005,표제부,경상남도 양산시 물금로 41 (물금읍 물금리),양산물금양우내안애5차리버파크,503동,0,731.779,0,11431.122,0,철근콘크리트구조,02000,공동주택(아파트),26,0
경상남도 양산시 물금읍 물금리 800-5번지,48330,25321,0,0800,0005,표제부,경상남도 양산시 물금로 41 (물금읍 물금리),양산물금양우내안애5차리버파크,507동,0,347.787,0,4365.519,0,철근콘크리트구조,02000,공동주택(아파트),19,0
경상남도 양산시 물금읍 물금리 800-5번지,48330,25321,0,0800,0005,표제부,경상남도 양산시 물금로 41 (물금읍 물금리),양산물금양우내안애5차리버파크,어린이집,0,242.82,0,242.82,0,철근콘크리트구조,02000,복리시설(어린이집),1,0
경상남도 양산시 물금읍 물금리 800-5번지,48330,25321,0,0800,0005,표제부,경상남도 양산시 물금로 41 (물금읍 물금리),양산물금양우내안애5차리버파크,경로당,0,112.5,0,112.5,0,철근콘크리트구조,02000,복리시설(경로당),1,0
경상남도 양산시 물금읍 물금리 800-5번지,48330,25321,0,0800,0005,표제부,경상남도 양산시 물금로 41 (물금읍 물금리),양산물금양우내안애5차리버파크,근로자휴게시설,0,17.5,0,17.5,0,철근콘크리트구조,02000,근로자휴게시설,1,0
경상남도 양산시 물금읍 물금리 800-5번지,48330,25321,0,0800,0005,표제부,경상남도 양산시 물금로 41 (물금읍 물금리),양산물금양우내안애5차리버파크,504동,0,731.779,0,8141.396,0,철근콘크리트구조,02000,공동주택(아파트),20,0
경상남도 양산시 물금읍 물금리 800-6번지,48330,25321,0,0800,0006,일반건축물,경상남도 양산시 황산로 384 (물금읍 물금리),물금읍사무소,,2877.1,1325.04,46.05,2609.39,64.73,철근콘크리트구조,14000,업무시설,2,1
경상남도 양산시 물금읍 물금리 800-8번지,48330,25321,0,0800,0008,일반건축물,경상남도 양산시 물금1길 11 (물금읍 물금리),양산소방서 물금119안전센터,,1306,639.12,48.94,965.1,73.9,철근콘크리트구조,03000,제1종근린생활시설,2,0
경상남도 양산시 물금읍 물금리 802-3번지,48330,25321,0,0802,0003,일반건축물,,,,0,0,0,72.71,0,기타조적구조,03000,"양수장, 주택",1,0
경상남도 양산시 물금읍 물금리 820번지,48330,25321,0,0820,0000,일반건축물,,,,0,26.44,0,26.44,0,일반목구조,01000,주택,1,0
경상남도 양산시 물금읍 물금리 867-2번지,48330,25321,0,0867,0002,일반건축물,경상남도 양산시 황산로 374 (물금읍 물금리),,제1동,618.4,434.82,70.31,2037.36,263.09,철근콘크리트구조,10000,교육연구시설,5,1
경상남도 양산시 물금읍 물금리 867-3번지,48330,25321,0,0867,0003,일반건축물,경상남도 양산시 황산로 372 (물금읍 물금리),,,603.2,240.89,39.94,406.07,67.32,철근콘크리트구조,04000,제2종근린생활시설,3,0
경상남도 양산시 물금읍 물금리 867-6번지,48330,25321,0,0867,0006,일반건축물,경상남도 양산시 황산로 366 (물금읍 물금리),,제1동,615.7,322.79,52.43,967.11,157.07,철근콘크리트구조,03000,제1종근린생활시설,3,0
경상남도 양산시 물금읍 물금리 868-1번지,48330,25321,0,0868,0001,일반건축물,경상남도 양산시 물금1길 8 (물금읍 물금리),물금리 다이소 빌딩,주건축물제1동,562.6,370.25,65.81,902.83,160.47,일반철골구조,03000,제1종근린생활시설,3,0
경상남도 양산시 물금읍 물금리 868-3번지,48330,25321,0,0868,0003,일반건축물,경상남도 양산시 물금1길 12 (물금읍 물금리),,,432.1,249.15,57.66,996.6,230.64,철근콘크리트구조,03000,"제1,2종근린생활시설",4,0
경상남도 양산시 물금읍 물금리 868-4번지,48330,25321,0,0868,0004,표제부,경상남도 양산시 물금1길 14 (물금읍 물금리),세현타워,1동,432.2,282.95,65.47,1088.96,251.96,철근콘크리트구조,04000,"제1,2종근린생활시설",4,0
경상남도 양산시 물금읍 물금리 868-7번지,48330,25321,0,0868,0007,표제부,경상남도 양산시 물금1길 20 (물금읍 물금리),우정타워2,,493.5,355.59,72.05,1509.82,298.64,철근콘크리트구조,04000,"제1,2종근린생활시설",5,0
경상남도 양산시 물금읍 물금리 869-2번지,48330,25321,0,0869,0002,일반건축물,경상남도 양산시 버들1길 18 (물금읍 물금리),,,477.4,297.6,62.34,892.8,187.01,일반철골구조,16000,"위락시설, 제2종근린생활시설",3,0
경상남도 양산시 물금읍 물금리 869-7번지,48330,25321,0,0869,0007,일반건축물,경상남도 양산시 버들1길 4-13 (물금읍 물금리),,,449.6,252.9,56.25,1735.14,385.93,철근콘크리트구조,15000,숙박시설,8,0
경상남도 양산시 물금읍 물금리 869-8번지,48330,25321,0,0869,0008,일반건축물,경상남도 양산시 버들1길 4-9 (물금읍 물금리),,,482.2,255.6,53.01,1649.76,342.13,철근콘크리트구조,15000,숙박시설,8,0
경상남도 양산시 물금읍 물금리 870-2번지,48330,25321,0,0870,0002,일반건축물,경상남도 양산시 버들길 9 (물금읍 물금리),이데아 호텔,,619.8,297.08,47.93,1730.82,279.25,철근콘크리트구조,15000,숙박시설,7,0
경상남도 양산시 물금읍 물금리 870-3번지,48330,25321,0,0870,0003,일반건축물,경상남도 양산시 버들길 13 (물금읍 물금리),,,684.5,480.79,70.23,2910.97,348.76,철근콘크리트구조,04000,"제1,2종근린생활시설",5,1
경상남도 양산시 물금읍 물금리 871-1번지,48330,25321,0,0871,0001,표제부,경상남도 양산시 물금로 27 (물금읍 물금리),우정타워1,,753.3,566.52,75.21,2991.65,384.04,철근콘크리트구조,04000,제2종근린생활시설,6,0
경상남도 양산시 물금읍 물금리 871-2번지,48330,25321,0,0871,0002,표제부,경상남도 양산시 물금로 25 (물금읍 물금리),우정메디컬,,630.5,474.58,75.27,2838.18,359.38,철근콘크리트구조,04000,"제1,2종근린생활시설",5,1
경상남도 양산시 물금읍 물금리 871-4번지,48330,25321,0,0871,0004,일반건축물,경상남도 양산시 물금로 19 (물금읍 물금리),,,630.2,58.1,9.22,99.6,15.8,일반철골구조,20000,"자동차관련시설,제2종근린생활시설",3,0
경상남도 양산시 물금읍 물금리 872-2번지,48330,25321,0,0872,0002,표제부,경상남도 양산시 버들길 12 (물금읍 물금리),블루테라스,,2307.5,1677.38,72.69,8851.79,295.13,철근콘크리트구조,04000,"제1,2종근린생활시설, 위락시설",6,1
경상남도 양산시 물금읍 물금리 872-3번지,48330,25321,0,0872,0003,표제부,경상남도 양산시 황산로 356 (물금읍 물금리),물금 우리메디컬센터,,2008.4,1638.99,81.61,17162.5,676.34,철근콘크리트구조,09000,"의료시설,제1,2종근린생활시설",9,2
경상남도 양산시 물금읍 물금리 872-5번지,48330,25321,0,0872,0005,표제부,경상남도 양산시 물금로 13 (물금읍 물금리),우리타워,,1411.6,1202.19,85.17,3661.85,259.41,철근콘크리트구조,20000,"자동차관련시설, 제1,2종근린생활시설",4,0
경상남도 양산시 물금읍 물금리 872-6번지,48330,25321,0,0872,0006,표제부,경상남도 양산시 물금로 9 (물금읍 물금리),더스퀘어,,1728.7,1382.08,79.95,6884.41,291.85,철근콘크리트구조,04000,제2종근린생활시설,5,0
경상남도 양산시 물금읍 물금리 872-7번지,48330,25321,0,0872,0007,일반건축물,경상남도 양산시 황산로 346 (물금읍 물금리),물금역DT,,2011.4,389.85,19.38,622.27,30.94,철근콘크리트구조,04000,제2종근린생활시설,5,0
경상남도 양산시 물금읍 물금리 873-1번지,48330,25321,0,0873,0001,일반건축물,경상남도 양산시 물금로 18 (물금읍 물금리),,,205.8,122.74,59.64,337.84,164.16,철근콘크리트구조,01000,"단독주택, 제1종근린생활시설",3,0
경상남도 양산시 물금읍 물금리 873-2번지,48330,25321,0,0873,0002,일반건축물,경상남도 양산시 물금로 20 (물금읍 물금리),,,215.1,128.45,59.72,361.81,168.21,철근콘크리트구조,01000,"단독주택, 제2종근린생활시설",3,0
경상남도 양산시 물금읍 물금리 873-3번지,48330,25321,0,0873,0003,일반건축물,경상남도 양산시 물금로 20-1 (물금읍 물금리),,,214.9,128.38,59.74,361.81,168.36,철근콘크리트구조,01000,"단독주택(다가구),제2종근린생활시설",3,0
경상남도 양산시 물금읍 물금리 873-4번지,48330,25321,0,0873,0004,일반건축물,경상남도 양산시 물금로 22 (물금읍 물금리),,,215.2,128.1,59.53,377.55,175.44,철근콘크리트구조,01000,"단독주택,제2종근린생활시설",3,0
경상남도 양산시 물금읍 물금리 873-5번지,48330,25321,0,0873,0005,일반건축물,경상남도 양산시 물금로 24 (물금읍 물금리),,,214.7,127.41,59.34,375.93,175.1,철근콘크리트구조,01000,"단독주택,제2종근린생활시설",3,0
경상남도 양산시 물금읍 물금리 873-6번지,48330,25321,0,0873,0006,일반건축물,경상남도 양산시 물금로 26 (물금읍 물금리),,,216.3,129.42,59.83,356.8,164.96,철근콘크리트구조,01000,"단독주택(다가구),제1종근린생활시설",3,0
경상남도 양산시 물금읍 물금리 873-8번지,48330,25321,0,0873,0008,일반건축물,경상남도 양산시 물금로 28 (물금읍 물금리),,,352.5,210.27,59.65,630.81,178.95,철근콘크리트구조,01000,"단독주택,제2종근린생활시설",3,0
경상남도 양산시 물금읍 물금리 873-9번지,48330,25321,0,0873,0009,일반건축물,경상남도 양산시 물금1길 30 (물금읍 물금리),,,211.1,126.36,59.86,355.61,168.46,철근콘크리트구조,01000,"단독주택,제1종근린생활시설",3,0
경상남도 양산시 물금읍 물금리 873-10번지,48330,25321,0,0873,0010,일반건축물,경상남도 양산시 물금1길 30-1 (물금읍 물금리),,,211.2,126.14,59.73,361.79,171.3,철근콘크리트구조,01000,"단독주택(다가구), 제2종근린생활시설",3,0
경상남도 양산시 물금읍 물금리 873-11번지,48330,25321,0,0873,0011,일반건축물,경상남도 양산시 물금1길 32 (물금읍 물금리),,,210.8,126.31,59.92,355.27,168.53,철근콘크리트구조,01000,"단독주택(다가구),제1종근린생활시설",3,0
경상남도 양산시 물금읍 물금리 873-12번지,48330,25321,0,0873,0012,일반건축물,경상남도 양산시 물금1길 32-1 (물금읍 물금리),,,210.8,126.08,59.81,368.52,174.82,철근콘크리트구조,01000,단독주택(다가구),3,0
경상남도 양산시 물금읍 물금리 873-13번지,48330,25321,0,0873,0013,일반건축물,경상남도 양산시 물금1길 34 (물금읍 물금리),,,210.7,125.28,59.46,365.34,173.39,철근콘크리트구조,01000,"단독주택, 제2종근린생활시설",3,0
경상남도 양산시 물금읍 물금리 873-16번지,48330,25321,0,0873,0016,일반건축물,경상남도 양산시 물금1길 38 (물금읍 물금리),,,210.5,126.1,59.9,353.23,167.81,철근콘크리트구조,01000,"단독주택(다가구),제2종근린생활시설",3,0
경상남도 양산시 물금읍 물금리 873-17번지,48330,25321,0,0873,0017,일반건축물,경상남도 양산시 물금1길 40 (물금읍 물금리),,,201.4,120.42,59.79,346.84,172.21,철근콘크리트구조,01000,"단독주택(다가구),제2종근린생활시설",3,0
경상남도 양산시 물금읍 물금리 874-1번지,48330,25321,0,0874,0001,일반건축물,경상남도 양산시 버들3길 10 (물금읍 물금리),,,208,124.33,59.77,341.11,164,철근콘크리트구조,01000,"단독주택, 제1종근린생활시설",3,0
경상남도 양산시 물금읍 물금리 874-3번지,48330,25321,0,0874,0003,일반건축물,경상남도 양산시 버들길 25-15 (물금읍 물금리),,,211.4,126.72,59.94,369.6,174.83,철근콘크리트구조,01000,"단독주택(다가구), 제2종근린생활시설",3,0
경상남도 양산시 물금읍 물금리 874-4번지,48330,25321,0,0874,0004,일반건축물,경상남도 양산시 버들길 25-13 (물금읍 물금리),,,211,126.42,59.91,369.61,175.17,철근콘크리트구조,01000,"단독주택(다가구),제2종근린생활시설",3,0
경상남도 양산시 물금읍 물금리 874-6번지,48330,25321,0,0874,0006,일반건축물,경상남도 양산시 버들길 25-7 (물금읍 물금리),,,211.7,125.4,59.23,365.75,172.77,철근콘크리트구조,01000,"단독주택(다가구),제2종근린생활시설",3,0
경상남도 양산시 물금읍 물금리 874-7번지,48330,25321,0,0874,0007,일반건축물,경상남도 양산시 버들길 25-5 (물금읍 물금리),,,211.5,124.55,58.89,363.1,171.68,철근콘크리트구조,01000,"단독주택,제1종근린생활시설",3,0
경상남도 양산시 물금읍 물금리 874-9번지,48330,25321,0,0874,0009,일반건축물,경상남도 양산시 버들3길 2 (물금읍 물금리),,,207.8,123.96,59.65,343.52,165.31,철근콘크리트구조,01000,"제1종근린생활시설,단독주택",3,0
경상남도 양산시 물금읍 물금리 874-10번지,48330,25321,0,0874,0010,일반건축물,경상남도 양산시 버들3길 4 (물금읍 물금리),,,211.2,126.1,59.71,354.15,167.68,철근콘크리트구조,01000,"단독주택, 제2종근린생활시설",3,0
경상남도 양산시 물금읍 물금리 874-11번지,48330,25321,0,0874,0011,일반건축물,경상남도 양산시 버들3길 6 (물금읍 물금리),,,211.3,126.25,59.75,361.91,171.28,철근콘크리트구조,01000,"단독주택, 제2종근린생활시설",3,0
경상남도 양산시 물금읍 물금리 874-14번지,48330,25321,0,0874,0014,일반건축물,경상남도 양산시 버들3길 8-1 (물금읍 물금리),,,211.1,126.42,59.89,369.61,175.09,철근콘크리트구조,01000,"단독주택(다가구),제2종근린생활시설",3,0
경상남도 양산시 물금읍 물금리 875-1번지,48330,25321,0,0875,0001,일반건축물,경상남도 양산시 버들3길 16 (물금읍 물금리),,,207.7,124.08,59.74,334.13,160.87,철근콘크리트구조,01000,"단독주택, 제1종근린생활시설",3,0
경상남도 양산시 물금읍 물금리 875-2번지,48330,25321,0,0875,0002,일반건축물,경상남도 양산시 버들3길 18 (물금읍 물금리),,,207.7,124.14,59.77,308.66,148.61,철근콘크리트구조,01000,"담독주택(다가구),제1종근린생활시설",3,0
경상남도 양산시 물금읍 물금리 875-3번지,48330,25321,0,0875,0003,일반건축물,경상남도 양산시 버들길 29-15 (물금읍 물금리),,,211.2,125.69,59.51,328.64,155.61,철근콘크리트구조,01000,"단독주택(다가구),제2종근린생활시설",3,0
경상남도 양산시 물금읍 물금리 875-4번지,48330,25321,0,0875,0004,일반건축물,경상남도 양산시 버들길 29-13 (물금읍 물금리),,,211.1,126.54,59.94,356.58,168.92,철근콘크리트구조,01000,단독주택(다가구),3,0
경상남도 양산시 물금읍 물금리 875-5번지,48330,25321,0,0875,0005,일반건축물,경상남도 양산시 버들길 29-11 (물금읍 물금리),,,211.6,124.87,59.01,354.66,167.61,철근콘크리트구조,01000,"단독주택(다가구),다가구주택(1가구)",3,0
경상남도 양산시 물금읍 물금리 875-7번지,48330,25321,0,0875,0007,일반건축물,경상남도 양산시 버들길 29-5 (물금읍 물금리),,,211.8,126.28,59.62,371.14,175.23,철근콘크리트구조,01000,단독주택(다가구),3,0
경상남도 양산시 물금읍 물금리 875-9번지,48330,25321,0,0875,0009,일반건축물,경상남도 양산시 버들길 27 (물금읍 물금리),,,208,124.38,59.8,344.7,165.72,철근콘크리트구조,01000,"단독주택(다가구),제2종근린생활시설",3,0
경상남도 양산시 물금읍 물금리 875-11번지,48330,25321,0,0875,0011,일반건축물,경상남도 양산시 버들길 25-8 (물금읍 물금리),,제1동,210.9,126.35,59.91,370.5,175.68,철근콘크리트구조,01000,단독주택,3,0
경상남도 양산시 물금읍 물금리 875-12번지,48330,25321,0,0875,0012,일반건축물,경상남도 양산시 버들길 25-12 (물금읍 물금리),,,211,125.44,59.45,358.85,170.07,철근콘크리트구조,01000,"단독주택,제2종근린생활시설",3,0
경상남도 양산시 물금읍 물금리 875-14번지,48330,25321,0,0875,0014,일반건축물,경상남도 양산시 버들길 25-16 (물금읍 물금리),,,211.1,126.42,59.89,369.61,175.09,철근콘크리트구조,01000,"단독주택(다가구),제2종근린생활시설",3,0
경상남도 양산시 물금읍 물금리 876-1번지,48330,25321,0,0876,0001,일반건축물,경상남도 양산시 버들3길 20 (물금읍 물금리),,,207.6,124.04,59.75,346.19,166.76,철근콘크리트구조,01000,"단독주택(다가구), 제2종근린생활시설",3,0
경상남도 양산시 물금읍 물금리 876-2번지,48330,25321,0,0876,0002,일반건축물,경상남도 양산시 버들3길 22 (물금읍 물금리),,,208,124.1,59.66,346.91,166.78,철근콘크리트구조,01000,"단독주택, 제2종근린생활시설",3,0
경상남도 양산시 물금읍 물금리 876-3번지,48330,25321,0,0876,0003,일반건축물,경상남도 양산시 버들길 33-15 (물금읍 물금리),,,211.6,126.42,59.74,369.61,174.67,철근콘크리트구조,01000,"단독주택,제2종근린생활시설",3,0
경상남도 양산시 물금읍 물금리 876-4번지,48330,25321,0,0876,0004,일반건축물,경상남도 양산시 버들길 33-13 (물금읍 물금리),,,211.5,126.2,59.67,375.26,169.75,철근콘크리트구조,01000,"단독주택(다가구),제2종근린생활시설",3,0
경상남도 양산시 물금읍 물금리 876-5번지,48330,25321,0,0876,0005,일반건축물,경상남도 양산시 버들길 33-11 (물금읍 물금리),,,211,126.4,59.91,355.57,168.52,철근콘크리트구조,01000,"단독주택, 제2종근린생활시설",3,0
경상남도 양산시 물금읍 물금리 876-6번지,48330,25321,0,0876,0006,일반건축물,경상남도 양산시 버들길 33-7 (물금읍 물금리),,,212,126.42,59.63,370.44,174.74,철근콘크리트구조,01000,"단독주택,제1종근린생활시설",3,0
경상남도 양산시 물금읍 물금리 876-7번지,48330,25321,0,0876,0007,일반건축물,경상남도 양산시 버들길 33-5 (물금읍 물금리),,,211.5,126.42,59.77,370.44,175.15,철근콘크리트구조,01000,"단독주택(다가구),제1종근린생활시설",3,0
경상남도 양산시 물금읍 물금리 876-8번지,48330,25321,0,0876,0008,일반건축물,경상남도 양산시 버들길 33 (물금읍 물금리),,,208.4,124.07,59.53,341.14,163.69,철근콘크리트구조,01000,"단독주택(다가구),제2종근린생활시설",3,0
경상남도 양산시 물금읍 물금리 876-9번지,48330,25321,0,0876,0009,일반건축물,경상남도 양산시 버들길 31 (물금읍 물금리),,,208,124.21,59.72,344.32,165.54,철근콘크리트구조,01000,"단독주택(다가구), 제2종근린생활시설",3,0
경상남도 양산시 물금읍 물금리 876-10번지,48330,25321,0,0876,0010,일반건축물,경상남도 양산시 버들길 29-6 (물금읍 물금리),,제1동,210.8,125.76,59.66,367.68,174.42,철근콘크리트구조,01000,단독주택,3,0
경상남도 양산시 물금읍 물금리 876-11번지,48330,25321,0,0876,0011,일반건축물,경상남도 양산시 버들길 29-8 (물금읍 물금리),,,211.5,126.57,59.84,365.48,172.8,철근콘크리트구조,01000,"단독주택(다가구),제2종근린생활시설",3,0
경상남도 양산시 물금읍 물금리 876-12번지,48330,25321,0,0876,0012,일반건축물,경상남도 양산시 버들길 29-12 (물금읍 물금리),,,211.1,126.42,59.89,369.61,175.09,철근콘크리트구조,01000,"단독주택(다가구),제2종근린생활시설",3,0
경상남도 양산시 물금읍 물금리 876-13번지,48330,25321,0,0876,0013,일반건축물,경상남도 양산시 버들길 29-14 (물금읍 물금리),,,211.1,126.42,59.89,359.45,170.27,철근콘크리트구조,01000,"단독주택(다가구),제2종근린생활시설",3,0
경상남도 양산시 물금읍 물금리 876-14번지,48330,25321,0,0876,0014,일반건축물,경상남도 양산시 버들길 29-16 (물금읍 물금리),,,211.1,121.54,57.57,320.27,151.71,철근콘크리트구조,01000,"단독주택(다가구주택), 제2종근린생활시설",3,0
경상남도 양산시 물금읍 물금리 877-1번지,48330,25321,0,0877,0001,일반건축물,경상남도 양산시 버들길 24 (물금읍 물금리),,,226.2,135.13,59.74,369.2,163.22,철근콘크리트구조,01000,"단독주택, 제2종근린생활시설",3,0
경상남도 양산시 물금읍 물금리 877-2번지,48330,25321,0,0877,0002,일반건축물,경상남도 양산시 버들길 26 (물금읍 물금리),,,227.6,136.13,59.81,382.07,167.87,철근콘크리트구조,01000,단독주택(다가구),3,0
경상남도 양산시 물금읍 물금리 877-3번지,48330,25321,0,0877,0003,일반건축물,경상남도 양산시 버들길 26-6 (물금읍 물금리),,,233.2,139.24,59.71,402.12,172.44,철근콘크리트구조,01000,"단독주택(다가구),제2종근린생활시설",3,0
경상남도 양산시 물금읍 물금리 877-4번지,48330,25321,0,0877,0004,일반건축물,경상남도 양산시 버들길 26-10 (물금읍 물금리),,,233.6,139.8,59.85,396.42,169.7,철근콘크리트구조,01000,"단독주택,제2종근린생활시설",3,0
경상남도 양산시 물금읍 물금리 877-5번지,48330,25321,0,0877,0005,일반건축물,경상남도 양산시 버들길 26-12 (물금읍 물금리),,,233.6,139.83,59.86,403.37,172.68,철근콘크리트구조,01000,"단독주택,제2종근린생활시설",3,0
경상남도 양산시 물금읍 물금리 877-6번지,48330,25321,0,0877,0006,일반건축물,경상남도 양산시 버들길 26-14 (물금읍 물금리),,,235.6,141.18,59.92,397.17,168.58,철근콘크리트구조,01000,"단독주택(다가구), 제2종근린생활시설",3,0
경상남도 양산시 물금읍 물금리 877-7번지,48330,25321,0,0877,0007,일반건축물,경상남도 양산시 버들2길 7 (물금읍 물금리),,,217.6,130.27,59.87,367.3,168.8,철근콘크리트구조,01000,"단독주택(다가구), 제2종근린생활시설",3,0
경상남도 양산시 물금읍 물금리 878-1번지,48330,25321,0,0878,0001,일반건축물,경상남도 양산시 버들길 28 (물금읍 물금리),,,240.6,144.34,59.99,392.08,162.96,철근콘크리트구조,01000,"단독주택, 제1종근린생활시설",3,0
경상남도 양산시 물금읍 물금리 878-2번지,48330,25321,0,0878,0002,일반건축물,경상남도 양산시 버들길 30 (물금읍 물금리),,,240.3,143.84,59.86,385.7,160.51,철근콘크리트구조,01000,"단독주택,제2종근린생활시설",3,0
경상남도 양산시 물금읍 물금리 878-3번지,48330,25321,0,0878,0003,일반건축물,경상남도 양산시 버들길 30-6 (물금읍 물금리),,,242,144,59.5,420.34,173.69,철근콘크리트구조,01000,"단독주택(다가구),제2종근린생활시설",3,0
경상남도 양산시 물금읍 물금리 878-6번지,48330,25321,0,0878,0006,일반건축물,경상남도 양산시 버들2길 7-13 (물금읍 물금리),,,240.3,143.98,59.92,396.39,164.96,철근콘크리트구조,01000,"단독주택, 제2종근린생활시설",3,0
경상남도 양산시 물금읍 물금리 878-7번지,48330,25321,0,0878,0007,일반건축물,경상남도 양산시 버들2길 7-11 (물금읍 물금리),,,222.4,132.84,59.73,371.62,167.1,철근콘크리트구조,01000,"단독주택,제2종근린생활시설",3,0
경상남도 양산시 물금읍 물금리 878-8번지,48330,25321,0,0878,0008,일반건축물,경상남도 양산시 버들길 26-11 (물금읍 물금리),,,242,144.93,59.89,426.37,176.19,철근콘크리트구조,01000,"단독주택(다가구),제1종근린생활시설",3,0
경상남도 양산시 물금읍 물금리 878-9번지,48330,25321,0,0878,0009,일반건축물,경상남도 양산시 버들길 26-7 (물금읍 물금리),,,242.4,144.3,59.53,418.47,172.64,철근콘크리트구조,01000,"단독주택(다가구),제2종근린생활시설",3,0
경상남도 양산시 물금읍 물금리 878-10번지,48330,25321,0,0878,0010,일반건축물,경상남도 양산시 버들길 26-5 (물금읍 물금리),,,241.9,144.49,59.73,420.405,173.79,철근콘크리트구조,01000,"단독주택, 제2종근린생활시설",3,0
경상남도 양산시 물금읍 물금리 879-2번지,48330,25321,0,0879,0002,일반건축물,경상남도 양산시 버들길 34 (물금읍 물금리),,,207.7,124.58,59.98,329.54,158.66,철근콘크리트구조,01000,"단독주택,제1종근린생활시설",3,0
경상남도 양산시 물금읍 물금리 879-3번지,48330,25321,0,0879,0003,일반건축물,경상남도 양산시 버들길 34-6 (물금읍 물금리),,,211.4,126.45,59.82,367.94,174.05,철근콘크리트구조,01000,"단독주택,제2종근린생활시설",3,0
경상남도 양산시 물금읍 물금리 879-6번지,48330,25321,0,0879,0006,일반건축물,경상남도 양산시 버들길 34-14 (물금읍 물금리),,,211.5,126.24,59.69,371.97,175.87,철근콘크리트구조,01000,"단독주택,제2종근린생활시설",3,0
경상남도 양산시 물금읍 물금리 879-7번지,48330,25321,0,0879,0007,일반건축물,경상남도 양산시 버들2길 7-21 (물금읍 물금리),,,200.3,119.11,59.47,315.38,157.45,철근콘크리트구조,01000,"단독주택, 제2종근린생활시설",3,0
경상남도 양산시 물금읍 물금리 879-8번지,48330,25321,0,0879,0008,일반건축물,경상남도 양산시 버들2길 7-19 (물금읍 물금리),,,202.4,119.37,58.98,331.95,164.01,철근콘크리트구조,01000,"단독주택,제2종근린생활시설",3,0
경상남도 양산시 물금읍 물금리 879-9번지,48330,25321,0,0879,0009,일반건축물,경상남도 양산시 버들길 30-13 (물금읍 물금리),,,207.7,124.27,59.83,365.72,176.08,철근콘크리트구조,01000,"단독주택,제2종근린생활시설",3,0
경상남도 양산시 물금읍 물금리 879-10번지,48330,25321,0,0879,0010,일반건축물,경상남도 양산시 버들길 30-11 (물금읍 물금리),,,207.3,123.5,59.58,364.8,175.98,철근콘크리트구조,01000,"단독주택,제2종근린생활시설",3,0
경상남도 양산시 물금읍 물금리 879-11번지,48330,25321,0,0879,0011,일반건축물,경상남도 양산시 버들길 30-7 (물금읍 물금리),,,207.4,123.5,59.55,364.8,175.89,철근콘크리트구조,01000,"단독주택(다가구),제1종근린생활시설",3,0
경상남도 양산시 물금읍 물금리 880-1번지,48330,25321,0,0880,0001,일반건축물,경상남도 양산시 버들2길 9 (물금읍 물금리),,,204,121.764,59.69,332.393,162.94,철근콘크리트구조,01000,"단독주택(다가구),제1종근린생활시설",3,0
경상남도 양산시 물금읍 물금리 880-2번지,48330,25321,0,0880,0002,일반건축물,경상남도 양산시 버들2길 7-6 (물금읍 물금리),,,204.9,121.93,59.51,354.22,172.87,철근콘크리트구조,01000,"단독주택,제2종근린생활시설",3,0
경상남도 양산시 물금읍 물금리 880-4번지,48330,25321,0,0880,0004,일반건축물,경상남도 양산시 버들2길 7-10 (물금읍 물금리),,,204.7,122.14,59.67,341.45,166.81,철근콘크리트구조,01000,"단독주택(다가구),제2종근린생활시설",3,0
경상남도 양산시 물금읍 물금리 880-6번지,48330,25321,0,0880,0006,일반건축물,경상남도 양산시 버들2길 7-16 (물금읍 물금리),,제1동,204.4,122.4,59.88,350.25,171.36,철근콘크리트구조,01000,단독주택,3,0
경상남도 양산시 물금읍 물금리 880-7번지,48330,25321,0,0880,0007,일반건축물,경상남도 양산시 버들2길 7-18 (물금읍 물금리),,,204.7,116.58,56.95,337.56,164.9,철근콘크리트구조,01000,"단독주택(다가구),제2종근린생활시설",3,0
경상남도 양산시 물금읍 물금리 880-8번지,48330,25321,0,0880,0008,일반건축물,경상남도 양산시 버들2길 7-20 (물금읍 물금리),,,205.2,122.82,59.85,356,173.49,철근콘크리트구조,01000,"단독주택,제1종근린생활시설",3,0
경상남도 양산시 물금읍 물금리 880-9번지,48330,25321,0,0880,0009,일반건축물,경상남도 양산시 버들2길 7-22 (물금읍 물금리),연정빌,,199.6,119.28,59.76,327.08,163.87,철근콘크리트구조,01000,"단독주택,제2종근린생활시설",3,0
경상남도 양산시 물금읍 물금리 880-10번지,48330,25321,0,0880,0010,일반건축물,경상남도 양산시 버들2길 23 (물금읍 물금리),,,199.3,119.45,59.93,322.6,161.87,철근콘크리트구조,01000,"단독주택,제1종근린생활시설",3,0
경상남도 양산시 물금읍 물금리 880-12번지,48330,25321,0,0880,0012,일반건축물,경상남도 양산시 버들2길 21 (물금읍 물금리),,,205.2,122.61,59.75,349.33,170.24,철근콘크리트구조,01000,"단독주택(다가구), 제2종근린생활시설",3,0
경상남도 양산시 물금읍 물금리 880-13번지,48330,25321,0,0880,0013,일반건축물,경상남도 양산시 버들2길 19 (물금읍 물금리),,,205.2,122.61,59.75,349.33,170.24,철근콘크리트구조,01000,"단독주택,제2종근린생활시설",3,0
경상남도 양산시 물금읍 물금리 880-14번지,48330,25321,0,0880,0014,일반건축물,경상남도 양산시 버들2길 17 (물금읍 물금리),,,205.6,123.08,59.86,354.84,172.59,철근콘크리트구조,01000,"단독주택(다가구),제2종근린생활시설",3,0
경상남도 양산시 물금읍 물금리 880-15번지,48330,25321,0,0880,0015,일반건축물,경상남도 양산시 버들2길 15-1 (물금읍 물금리),,,205.6,122.4,59.53,340.11,165.42,철근콘크리트구조,01000,"단독주택,제1종근린생활시설",3,0
경상남도 양산시 물금읍 물금리 880-16번지,48330,25321,0,0880,0016,일반건축물,경상남도 양산시 버들2길 15 (물금읍 물금리),,,205.3,122.94,59.88,350.34,170.65,철근콘크리트구조,01000,"단독주택,제2종근린생활시설",3,0
경상남도 양산시 물금읍 물금리 880-18번지,48330,25321,0,0880,0018,일반건축물,경상남도 양산시 버들2길 13 (물금읍 물금리),,,205.5,123.18,59.94,335.6,163.31,철근콘크리트구조,01000,"단독주택(다가구),제2종근린생활시설",3,0
경상남도 양산시 물금읍 물금리 881-1번지,48330,25321,0,0881,0001,일반건축물,경상남도 양산시 물금로 16 (물금읍 물금리),경환빌,,209.2,125.51,60,345.26,165.04,철근콘크리트구조,01000,"단독주택, 제1종근린생활시설",3,0
경상남도 양산시 물금읍 물금리 881-2번지,48330,25321,0,0881,0002,일반건축물,경상남도 양산시 물금로 14 (물금읍 물금리),,,220.5,131.56,59.66,390.7,177.19,철근콘크리트구조,01000,"단독주택(다가구),제2종근린생활시설",3,0
경상남도 양산시 물금읍 물금리 881-3번지,48330,25321,0,0881,0003,일반건축물,경상남도 양산시 물금로 12 (물금읍 물금리),,,220.3,132.06,59.95,363.4,164.96,철근콘크리트구조,01000,"단독주택, 제1종근린생활시설",3,0
경상남도 양산시 물금읍 물금리 881-4번지,48330,25321,0,0881,0004,일반건축물,경상남도 양산시 물금로 10 (물금읍 물금리),,,220.4,131.13,59.5,386.74,175.47,철근콘크리트구조,01000,"단독주택(다가구), 제2종근린생활시설",3,0
경상남도 양산시 물금읍 물금리 881-5번지,48330,25321,0,0881,0005,일반건축물,경상남도 양산시 물금로 8 (물금읍 물금리),,,220.1,131.13,59.58,385.69,175.23,철근콘크리트구조,01000,"단독주택(다가구),제2종근린생활시설",3,0
경상남도 양산시 물금읍 물금리 881-7번지,48330,25321,0,0881,0007,일반건축물,경상남도 양산시 물금로 4 (물금읍 물금리),,,233.7,137.4,58.79,346.85,148.42,철근콘크리트구조,01000,"단독주택,제1종근린생활시설",3,0
경상남도 양산시 물금읍 물금리 881-9번지,48330,25321,0,0881,0009,일반건축물,경상남도 양산시 황산로 338 (물금읍 물금리),,,286.3,171.58,59.93,467.63,163.34,철근콘크리트구조,01000,"단독주택, 제2종근린생활시설",3,0
경상남도 양산시 물금읍 물금리 881-10번지,48330,25321,0,0881,0010,일반건축물,경상남도 양산시 황산로 336 (물금읍 물금리),,,196.4,117.45,59.8,352.35,179.4,철근콘크리트구조,01000,"단독주택(다가구), 제1종근린생활시설",3,0
경상남도 양산시 물금읍 물금리 881-11번지,48330,25321,0,0881,0011,일반건축물,경상남도 양산시 황산로 334 (물금읍 물금리),,,196.7,117.81,59.89,326.71,166.1,철근콘크리트구조,01000,"단독주택, 제2종근린생활시설",3,0
경상남도 양산시 물금읍 물금리 881-12번지,48330,25321,0,0881,0012,일반건축물,경상남도 양산시 황산로 332 (물금읍 물금리),,,195.9,117.28,59.87,339.89,173.5,철근콘크리트구조,01000,"단독주택,제2종근린생활시설",3,0
경상남도 양산시 물금읍 물금리 881-13번지,48330,25321,0,0881,0013,일반건축물,경상남도 양산시 황산로 330-1 (물금읍 물금리),,,195.5,116.16,59.42,332.64,170.15,철근콘크리트구조,01000,"단독주택,제2종근린생활시설",3,0
경상남도 양산시 물금읍 물금리 881-14번지,48330,25321,0,0881,0014,일반건축물,경상남도 양산시 황산로 330 (물금읍 물금리),,,196.7,117.93,59.95,351.51,178.7,철근콘크리트구조,01000,"단독주택,제2종근린생활시설",3,0
경상남도 양산시 물금읍 물금리 881-15번지,48330,25321,0,0881,0015,일반건축물,경상남도 양산시 황산로 328-1 (물금읍 물금리),,,195.6,117.15,59.89,311.88,159.45,철근콘크리트구조,01000,"단독주택(다가구),제1종근린생활시설",3,0
경상남도 양산시 물금읍 물금리 881-16번지,48330,25321,0,0881,0016,일반건축물,경상남도 양산시 황산로 328 (물금읍 물금리),,,196.6,116.35,59.18,329.45,167.57,철근콘크리트구조,01000,"단독주택,제1종근린생활시설",3,0
경상남도 양산시 물금읍 물금리 881-18번지,48330,25321,0,0881,0018,일반건축물,경상남도 양산시 황산로 324 (물금읍 물금리),도은빌라,,191.3,114.26,59.73,305.69,159.8,철근콘크리트구조,01000,"단독주택(다가구),제2종근린생활시설",3,0
경상남도 양산시 물금읍 물금리 882-1번지,48330,25321,0,0882,0001,일반건축물,경상남도 양산시 물금1길 42 (물금읍 물금리),,,201.1,120.12,59.73,339.86,169,철근콘크리트구조,01000,"단독주택(다가구),제1종근린생활시설",3,0
경상남도 양산시 물금읍 물금리 882-2번지,48330,25321,0,0882,0002,일반건축물,경상남도 양산시 물금1길 44 (물금읍 물금리),,,210.9,126.36,59.91,353.6,167.66,철근콘크리트구조,01000,"단독주택, 제1종근린생활시설",3,0
경상남도 양산시 물금읍 물금리 882-3번지,48330,25321,0,0882,0003,일반건축물,경상남도 양산시 물금1길 44-1 (물금읍 물금리),,,210.2,125.82,59.86,341.46,162.45,철근콘크리트구조,01000,"단독주택(다가구),제1종근린생활시설",3,0
경상남도 양산시 물금읍 물금리 882-5번지,48330,25321,0,0882,0005,일반건축물,경상남도 양산시 물금1길 46-1 (물금읍 물금리),,,210.6,125.28,59.49,349.92,166.15,철근콘크리트구조,01000,"단독주택, 제1종근린생활시설",3,0
경상남도 양산시 물금읍 물금리 882-6번지,48330,25321,0,0882,0006,일반건축물,경상남도 양산시 물금1길 48 (물금읍 물금리),,,210.6,124.2,58.97,355.72,168.91,철근콘크리트구조,01000,"단독주택,제1종근린생활시설",3,0
경상남도 양산시 물금읍 물금리 882-7번지,48330,25321,0,0882,0007,일반건축물,경상남도 양산시 물금1길 50 (물금읍 물금리),,제1동,210.8,125.88,59.7154,334.62,158.7381,철근콘크리트구조,01000,단독주택,3,0
경상남도 양산시 물금읍 물금리 882-9번지,48330,25321,0,0882,0009,일반건축물,경상남도 양산시 물금1길 52 (물금읍 물금리),,,214,127.02,59.36,372.32,173.98,철근콘크리트구조,01000,"단독주택(다가구),제2종근린생활시설",3,0
경상남도 양산시 물금읍 물금리 882-10번지,48330,25321,0,0882,0010,일반건축물,경상남도 양산시 청운로 29 (물금읍 물금리),,,349.2,200.83,57.51,494.72,141.67,철근콘크리트구조,01000,"단독주택, 제1,2종근린생활시설",3,0
경상남도 양산시 물금읍 물금리 882-12번지,48330,25321,0,0882,0012,일반건축물,경상남도 양산시 청운로 27 (물금읍 물금리),,,217.1,129.7,59.74,371.22,170.99,철근콘크리트구조,01000,"단독주택(다가구),제2종근린생활시설",3,0
경상남도 양산시 물금읍 물금리 882-13번지,48330,25321,0,0882,0013,일반건축물,경상남도 양산시 청운로 25 (물금읍 물금리),,,215.5,128.34,59.55,378.37,175.58,철근콘크리트구조,01000,"단독주택(다가구),제2종근린생활시설",3,0
경상남도 양산시 물금읍 물금리 882-14번지,48330,25321,0,0882,0014,일반건축물,경상남도 양산시 청운로 23 (물금읍 물금리),,,215.9,129.16,59.82,366.89,169.94,철근콘크리트구조,01000,"단독주택(다가구),제2종근린생활시설",3,0
경상남도 양산시 물금읍 물금리 882-16번지,48330,25321,0,0882,0016,일반건축물,경상남도 양산시 청운로 21 (물금읍 물금리),,,215.6,128.37,59.54,360.29,167.11,철근콘크리트구조,01000,"단독주택(다가구),제2종근린생활시설",3,0
경상남도 양산시 물금읍 물금리 882-17번지,48330,25321,0,0882,0017,일반건축물,경상남도 양산시 청운로 19 (물금읍 물금리),,제1동,206.7,123.74,59.86,367.18,177.64,철근콘크리트구조,01000,단독주택,3,0
경상남도 양산시 물금읍 물금리 883-2번지,48330,25321,0,0883,0002,일반건축물,경상남도 양산시 버들길 41-15 (물금읍 물금리),해든청어람유치원,,998.6,598.23,59.91,1690.08,149.42,철근콘크리트구조,10000,교육연구시설,3,1
경상남도 양산시 물금읍 물금리 884-1번지,48330,25321,0,0884,0001,일반건축물,경상남도 양산시 버들길 41-18 (물금읍 물금리),,,207,124.04,59.92,346.19,167.24,철근콘크리트구조,01000,"단독주택,제2종근린생활시설",3,0
경상남도 양산시 물금읍 물금리 884-2번지,48330,25321,0,0884,0002,일반건축물,경상남도 양산시 버들3길 36 (물금읍 물금리),,,208,123.85,59.54,329.62,158.47,철근콘크리트구조,01000,"단독주택, 제2종근린생활시설",3,0
경상남도 양산시 물금읍 물금리 884-3번지,48330,25321,0,0884,0003,일반건축물,경상남도 양산시 버들3길 36-1 (물금읍 물금리),,,211.8,126.42,59.69,371.42,175.36,철근콘크리트구조,01000,"단독주택,제2종근린생활시설",3,0
경상남도 양산시 물금읍 물금리 884-4번지,48330,25321,0,0884,0004,일반건축물,경상남도 양산시 버들3길 38 (물금읍 물금리),,제1동,211.4,126.42,59.8,370.09,175.07,철근콘크리트구조,01000,단독주택,3,0
경상남도 양산시 물금읍 물금리 884-5번지,48330,25321,0,0884,0005,일반건축물,경상남도 양산시 버들3길 40 (물금읍 물금리),,,211.9,126.42,59.66,371.42,175.28,철근콘크리트구조,01000,"단독주택,제2종근린생활시설",3,0
경상남도 양산시 물금읍 물금리 884-6번지,48330,25321,0,0884,0006,일반건축물,경상남도 양산시 버들3길 40-1 (물금읍 물금리),,,211.6,126.72,59.89,369.6,174.67,철근콘크리트구조,01000,"단독주택(다가구), 제2종근린생활시설",3,0
경상남도 양산시 물금읍 물금리 884-9번지,48330,25321,0,0884,0009,일반건축물,경상남도 양산시 버들길 41 (물금읍 물금리),,,207.8,123.7,59.53,323.69,155.77,철근콘크리트구조,01000,"단독주택(다가구),제2종근린생활시설",3,0
경상남도 양산시 물금읍 물금리 884-10번지,48330,25321,0,0884,0010,일반건축물,경상남도 양산시 버들길 41-6 (물금읍 물금리),,,211,126.42,59.91,369.61,175.17,철근콘크리트구조,01000,"단독주택(다가구),제2종근린생활시설",3,0
경상남도 양산시 물금읍 물금리 884-11번지,48330,25321,0,0884,0011,일반건축물,경상남도 양산시 버들길 41-8 (물금읍 물금리),,,211.1,126.24,59.8,368.64,174.63,철근콘크리트구조,01000,"단독주택,제2종근린생활시설",3,0
경상남도 양산시 물금읍 물금리 884-12번지,48330,25321,0,0884,0012,일반건축물,경상남도 양산시 버들길 41-10 (물금읍 물금리),,,211.3,126.42,59.83,359.81,170.28,철근콘크리트구조,01000,"단독주택(다가구),제2종근린생활시설",3,0
경상남도 양산시 물금읍 물금리 884-14번지,48330,25321,0,0884,0014,일반건축물,경상남도 양산시 버들길 41-16 (물금읍 물금리),,,210.9,126.24,59.86,368.64,174.79,철근콘크리트구조,01000,"단독주택, 제2종근린생활시설",3,0
경상남도 양산시 물금읍 물금리 885-1번지,48330,25321,0,0885,0001,일반건축물,경상남도 양산시 버들길 36 (물금읍 물금리),,,207.3,124.13,59.88,328.26,158.35,철근콘크리트구조,01000,"단독주택, 제2종근린생활시설",3,0
경상남도 양산시 물금읍 물금리 885-2번지,48330,25321,0,0885,0002,일반건축물,경상남도 양산시 버들길 38 (물금읍 물금리),,,207.34,124.24,59.92,340.87,164.4,철근콘크리트구조,01000,"단독주택(다가구),제1종근린생활시설",3,0
경상남도 양산시 물금읍 물금리 885-3번지,48330,25321,0,0885,0003,일반건축물,경상남도 양산시 버들길 38-6 (물금읍 물금리),,,211.4,126.66,59.9149,328.49,155.39,철근콘크리트구조,01000,단독주택(다가구),3,0
경상남도 양산시 물금읍 물금리 885-4번지,48330,25321,0,0885,0004,일반건축물,경상남도 양산시 버들길 38-10 (물금읍 물금리),,제1동,211.5,126.38,59.75,366.1,173.1,철근콘크리트구조,01000,단독주택,3,0
경상남도 양산시 물금읍 물금리 885-6번지,48330,25321,0,0885,0006,일반건축물,경상남도 양산시 버들길 38-14 (물금읍 물금리),,,211.7,125.9,59.47,360.85,170.45,철근콘크리트구조,01000,"단독주택(다가구),제2종근린생활시설",3,0
경상남도 양산시 물금읍 물금리 885-7번지,48330,25321,0,0885,0007,일반건축물,경상남도 양산시 버들2길 7-31 (물금읍 물금리),,,248,148.56,59.9,421,169.76,철근콘크리트구조,01000,"단독주택(다가구),제2종근린생활시설",3,0
경상남도 양산시 물금읍 물금리 885-8번지,48330,25321,0,0885,0008,일반건축물,경상남도 양산시 버들2길 7-27 (물금읍 물금리),,,230.2,137.76,59.84,359.49,156.16,철근콘크리트구조,01000,"단독주택(다가구),제1종근린생활시설",3,0
경상남도 양산시 물금읍 물금리 885-9번지,48330,25321,0,0885,0009,일반건축물,경상남도 양산시 버들길 34-13 (물금읍 물금리),,,211.1,125.4,59.4,370.8,175.65,철근콘크리트구조,01000,"단독주택(다가구),제2종근린생활시설",3,0
경상남도 양산시 물금읍 물금리 885-10번지,48330,25321,0,0885,0010,일반건축물,경상남도 양산시 버들길 34-11 (물금읍 물금리),,,210.9,126.42,59.94,369.61,175.25,철근콘크리트구조,01000,"단독주택(다가구),제2종근린생활시설",3,0
경상남도 양산시 물금읍 물금리 886-1번지,48330,25321,0,0886,0001,일반건축물,경상남도 양산시 버들길 38-3 (물금읍 물금리),,,218.1,130.48,59.83,365.18,167.44,철근콘크리트구조,01000,"단독주택,제2종근린생활시설",3,0
경상남도 양산시 물금읍 물금리 886-2번지,48330,25321,0,0886,0002,일반건축물,경상남도 양산시 버들길 42 (물금읍 물금리),,,218.8,130.96,59.85,361.85,165.38,철근콘크리트구조,01000,"단독주택, 제2종근생",3,0
경상남도 양산시 물금읍 물금리 886-3번지,48330,25321,0,0886,0003,일반건축물,경상남도 양산시 버들길 42-6 (물금읍 물금리),,,225.5,134.63,59.7,396.46,175.81,철근콘크리트구조,01000,"단독주택, 제1종근린생활시설",3,0
경상남도 양산시 물금읍 물금리 886-4번지,48330,25321,0,0886,0004,일반건축물,경상남도 양산시 버들길 42-8 (물금읍 물금리),,,225,132.48,58.88,380.16,168.96,철근콘크리트구조,01000,"단독주택, 제1종근린생활시설",3,0
경상남도 양산시 물금읍 물금리 886-7번지,48330,25321,0,0886,0007,일반건축물,경상남도 양산시 버들2길 7-39 (물금읍 물금리),,,228.2,135.92,59.56,379.92,166.49,철근콘크리트구조,01000,"단독주택(다가구),제2종근린생활시설",3,0
경상남도 양산시 물금읍 물금리 886-9번지,48330,25321,0,0886,0009,일반건축물,경상남도 양산시 버들길 38-13 (물금읍 물금리),,,224.5,134.62,59.96,399.62,178,철근콘크리트구조,01000,"단독주택(다가구),제2종근린생활시설",3,0
경상남도 양산시 물금읍 물금리 886-10번지,48330,25321,0,0886,0010,일반건축물,경상남도 양산시 버들길 38-11 (물금읍 물금리),,,224.7,134.68,59.94,391.88,174.4,철근콘크리트구조,01000,"단독주택, 제2종근린생활시설",3,0
경상남도 양산시 물금읍 물금리 886-12번지,48330,25321,0,0886,0012,일반건축물,경상남도 양산시 버들길 38-5 (물금읍 물금리),,,224.9,134.1,59.63,398.2,177.06,철근콘크리트구조,01000,"단독주택(다가구),제2종근린생활시설",3,0
경상남도 양산시 물금읍 물금리 887-5번지,48330,25321,0,0887,0005,일반건축물,경상남도 양산시 버들2길 45 (물금읍 물금리),,,197.6,118.1,59.77,338.29,171.2,철근콘크리트구조,01000,"단독주택(다가구),제2종근린생활시설",3,0
경상남도 양산시 물금읍 물금리 887-6번지,48330,25321,0,0887,0006,일반건축물,경상남도 양산시 버들2길 43 (물금읍 물금리),,,197.3,117.92,59.77,335.74,170.17,철근콘크리트구조,01000,"단독주택(다가구),제1종근린생활시설",3,0
경상남도 양산시 물금읍 물금리 887-8번지,48330,25321,0,0887,0008,일반건축물,경상남도 양산시 버들2길 41 (물금읍 물금리),,,215.3,129.02,59.93,358.91,166.7,철근콘크리트구조,01000,"단독주택(다가구),제1종근린생활시설",3,0
경상남도 양산시 물금읍 물금리 887-9번지,48330,25321,0,0887,0009,일반건축물,경상남도 양산시 버들2길 7-43 (물금읍 물금리),,제1동,197.5,118.13,59.81,327.5,165.82,철근콘크리트구조,01000,"단독주택, 제2종근린생활시설",3,0
경상남도 양산시 물금읍 물금리 887-10번지,48330,25321,0,0887,0010,일반건축물,경상남도 양산시 버들길 42-15 (물금읍 물금리),,,196.7,117.48,59.73,345.32,175.56,철근콘크리트구조,01000,"단독주택(다가구),제2종근린생활시설",3,0
경상남도 양산시 물금읍 물금리 887-11번지,48330,25321,0,0887,0011,일반건축물,경상남도 양산시 버들길 42-11 (물금읍 물금리),,,196.7,117,59.48,336.46,171.05,철근콘크리트구조,01000,"단독주택,제2종근린생활시설",3,0
경상남도 양산시 물금읍 물금리 887-13번지,48330,25321,0,0887,0013,일반건축물,경상남도 양산시 버들길 42-7 (물금읍 물금리),,,195.9,116.88,59.66,340,173.56,철근콘크리트구조,01000,"단독주택,제1종근린생활시설",3,0
경상남도 양산시 물금읍 물금리 887-14번지,48330,25321,0,0887,0014,일반건축물,경상남도 양산시 버들길 42-5 (물금읍 물금리),,,195.9,117.25,59.85,343,175.09,철근콘크리트구조,01000,"단독주택(다가구),제2종근린생활시설",3,0
경상남도 양산시 물금읍 물금리 888-1번지,48330,25321,0,0888,0001,일반건축물,경상남도 양산시 버들2길 7-28 (물금읍 물금리),라인빌리지,,204.8,122.49,59.81,339.88,165.96,철근콘크리트구조,01000,"단독주택(다가구),제2종근린생활시설",3,0
경상남도 양산시 물금읍 물금리 888-2번지,48330,25321,0,0888,0002,일반건축물,경상남도 양산시 버들2길 7-30 (물금읍 물금리),,,204.8,121.93,59.54,354.22,172.96,철근콘크리트구조,01000,"단독주택(다가구), 제2종근린생활시설",3,0
경상남도 양산시 물금읍 물금리 888-4번지,48330,25321,0,0888,0004,일반건축물,경상남도 양산시 버들2길 7-36 (물금읍 물금리),,,205.4,121.93,59.36,354.22,172.45,철근콘크리트구조,01000,"단독주택,제2종근린생활시설",3,0
경상남도 양산시 물금읍 물금리 888-6번지,48330,25321,0,0888,0006,일반건축물,경상남도 양산시 버들2길 7-40 (물금읍 물금리),청운빌,주건축물제1동,205.2,122.9,59.89,351.86,171.47,철근콘크리트구조,01000,"단독주택(다가구),제2종근린생활시설",3,0
경상남도 양산시 물금읍 물금리 888-7번지,48330,25321,0,0888,0007,일반건축물,경상남도 양산시 버들2길 7-42 (물금읍 물금리),,,205.5,121.93,59.33,354.22,172.37,철근콘크리트구조,01000,"단독주택(다가구),제2종근린생활시설",3,0
경상남도 양산시 물금읍 물금리 888-9번지,48330,25321,0,0888,0009,일반건축물,경상남도 양산시 버들2길 39 (물금읍 물금리),,,200,119.88,59.94,313.49,156.7,철근콘크리트구조,01000,"단독주택(다가구), 제1종근린생활시설",3,0
경상남도 양산시 물금읍 물금리 888-10번지,48330,25321,0,0888,0010,일반건축물,경상남도 양산시 버들2길 37 (물금읍 물금리),,,199.2,119.14,59.81,324.24,162.77,철근콘크리트구조,01000,"단독주택(다가구),제1종근린생활시설",3,0
경상남도 양산시 물금읍 물금리 888-12번지,48330,25321,0,0888,0012,일반건축물,경상남도 양산시 버들2길 33 (물금읍 물금리),,,205.7,122.95,59.77,350.49,170.39,철근콘크리트구조,01000,"단독주택,제2종근린생활시설",3,0
경상남도 양산시 물금읍 물금리 888-13번지,48330,25321,0,0888,0013,일반건축물,경상남도 양산시 버들2길 31-1 (물금읍 물금리),,,205.1,122.85,59.9,351.9,171.57,철근콘크리트구조,01000,"단독주택(다가구),제2종근린생활시설",3,0
경상남도 양산시 물금읍 물금리 888-14번지,48330,25321,0,0888,0014,일반건축물,경상남도 양산시 버들2길 31 (물금읍 물금리),,,205.2,122.77,59.83,352.38,171.73,철근콘크리트구조,01000,"단독주택(다가구),제2종근린생활시설",3,0
경상남도 양산시 물금읍 물금리 888-17번지,48330,25321,0,0888,0017,일반건축물,경상남도 양산시 버들2길 27 (물금읍 물금리),,,205,122.61,59.81,349.33,170.4,철근콘크리트구조,01000,"단독주택(다가구),제2종근린생활시설",3,0
경상남도 양산시 물금읍 물금리 889-1번지,48330,25321,0,0889,0001,일반건축물,경상남도 양산시 황산로 322-1 (물금읍 물금리),,,188.8,112.83,59.76,327.32,173.37,철근콘크리트구조,01000,"단독주택,제2종근린생활시설",3,0
경상남도 양산시 물금읍 물금리 889-4번지,48330,25321,0,0889,0004,일반건축물,경상남도 양산시 황산로 320-1 (물금읍 물금리),,,195.8,117.39,59.95,341.5,174.41,철근콘크리트구조,01000,"단독주택(다가구),제2종근린생활시설",3,0
경상남도 양산시 물금읍 물금리 889-8번지,48330,25321,0,0889,0008,일반건축물,경상남도 양산시 황산로 314 (물금읍 물금리),,,195.3,116.41,59.61,326.95,167.41,철근콘크리트구조,01000,단독주택,3,0
경상남도 양산시 물금읍 물금리 889-10번지,48330,25321,0,0889,0010,일반건축물,경상남도 양산시 황산로 310 (물금읍 물금리),,,239.9,143.88,59.97,394.44,164.42,철근콘크리트구조,01000,"단독주택(다가구),제2종근린생활시설",3,0
경상남도 양산시 물금읍 물금리 889-12번지,48330,25321,0,0889,0012,일반건축물,경상남도 양산시 청운로 3 (물금읍 물금리),,,198.4,118.56,59.76,351.09,176.96,철근콘크리트구조,01000,"단독주택(다가구),제2종근린생활시설",3,0
경상남도 양산시 물금읍 물금리 889-15번지,48330,25321,0,0889,0015,일반건축물,경상남도 양산시 청운로 9 (물금읍 물금리),,,203,121.53,59.87,358.3,176.5,철근콘크리트구조,01000,"다가구주택,제2종근린생활시설",3,0
경상남도 양산시 물금읍 물금리 889-17번지,48330,25321,0,0889,0017,일반건축물,경상남도 양산시 청운로 13 (물금읍 물금리),,,225.2,134.91,59.91,404.73,179.72,철근콘크리트구조,01000,"단독주택,제2종근린생활시설",3,0
경상남도 양산시 물금읍 물금리 889-18번지,48330,25321,0,0889,0018,일반건축물,경상남도 양산시 청운로 15 (물금읍 물금리),,,225.1,134.33,59.68,382.83,170.07,철근콘크리트구조,01000,"단독주택,제1종근린생활시설",3,0
경상남도 양산시 물금읍 물금리 890-1번지,48330,25321,0,0890,0001,일반건축물,경상남도 양산시 물금로 60 (물금읍 물금리),가양초등학교,,12789.2,3861.4,30.19,13754.87,104.52,철근콘크리트구조,10000,교육연구시설,5,1
경상남도 양산시 물금읍 물금리 890-3번지,48330,25321,0,0890,0003,표제부,경상남도 양산시 물금2길 50 (물금읍 물금리),양산신도시엘에이치아파트2단지,201동,0,891.99,0,16356.56,0,철근콘크리트구조,02000,공동주택(아파트),15,1
경상남도 양산시 물금읍 물금리 890-3번지,48330,25321,0,0890,0003,표제부,경상남도 양산시 물금2길 50 (물금읍 물금리),양산신도시엘에이치아파트2단지,지하주차장,0,0,0,9125.99,0,철근콘크리트구조,02000,부대시설(지하주차장),0,1
경상남도 양산시 물금읍 물금리 890-3번지,48330,25321,0,0890,0003,표제부,경상남도 양산시 물금2길 50 (물금읍 물금리),양산신도시엘에이치아파트2단지,상가동,0,173,0,154.95,0,철근콘크리트구조,04000,"제1,2종근린생활시설",1,0
경상남도 양산시 물금읍 물금리 890-3번지,48330,25321,0,0890,0003,표제부,경상남도 양산시 물금2길 50 (물금읍 물금리),양산신도시엘에이치아파트2단지,204동,0,449.85,0,4009.07,0,철근콘크리트구조,02000,공동주택(아파트),11,1
경상남도 양산시 물금읍 물금리 890-3번지,48330,25321,0,0890,0003,표제부,경상남도 양산시 물금2길 50 (물금읍 물금리),양산신도시엘에이치아파트2단지,열교환기실,0,0,0,166.08,0,철근콘크리트구조,02000,부대시설(열교환기실),0,1
경상남도 양산시 물금읍 물금리 890-3번지,48330,25321,0,0890,0003,표제부,경상남도 양산시 물금2길 50 (물금읍 물금리),양산신도시엘에이치아파트2단지,202동,0,500.59,0,6122.78,0,철근콘크리트구조,02000,공동주택(아파트),15,1
경상남도 양산시 물금읍 물금리 890-3번지,48330,25321,0,0890,0003,표제부,경상남도 양산시 물금2길 50 (물금읍 물금리),양산신도시엘에이치아파트2단지,"전기,발전기실",0,0,0,216.77,0,철근콘크리트구조,02000,"부대시설(전기실,발전기실)",0,1
경상남도 양산시 물금읍 물금리 890-3번지,48330,25321,0,0890,0003,표제부,경상남도 양산시 물금2길 50 (물금읍 물금리),양산신도시엘에이치아파트2단지,주민복지관,0,364.77,0,698.31,0,철근콘크리트구조,02000,"부대,복리시설(경로당,생활부업실,작은도서관,관리사무소,MDF실,방재시설,주민공동시설)",2,1
경상남도 양산시 물금읍 물금리 890-3번지,48330,25321,0,0890,0003,표제부,경상남도 양산시 물금2길 50 (물금읍 물금리),양산신도시엘에이치아파트2단지,203동,0,449.85,0,4009.07,0,철근콘크리트구조,02000,공동주택(아파트),11,1
경상남도 양산시 물금읍 물금리 890-3번지,48330,25321,0,0890,0003,표제부,경상남도 양산시 물금2길 50 (물금읍 물금리),양산신도시엘에이치아파트2단지,경비실,0,26.63,0,26.63,0,철근콘크리트구조,02000,"부대시설(경비실,택배보관실)",1,0
경상남도 양산시 물금읍 물금리 890-3번지,48330,25321,0,0890,0003,표제부,경상남도 양산시 물금2길 50 (물금읍 물금리),양산신도시엘에이치아파트2단지,205동,0,584.36,0,6981.99,0,철근콘크리트구조,02000,공동주택(아파트),15,1
경상남도 양산시 물금읍 물금리 890-11번지,48330,25321,0,0890,0011,표제부,경상남도 양산시 청운로 41 (물금읍 물금리),양산신도시엘에이치아파트1단지,114동,0,421.88,0,3720.33,0,철근콘크리트구조,02000,공동주택(아파트),11,1
경상남도 양산시 물금읍 물금리 890-11번지,48330,25321,0,0890,0011,표제부,경상남도 양산시 청운로 41 (물금읍 물금리),양산신도시엘에이치아파트1단지,주민복지관,0,580.17,0,1082.79,0,철근콘크리트구조,02000,"부대,복리시설(경로당,관리사무소,MDF실,방재시설,피트니스센터,작은도서관,생활부업실,주민공동시설)",2,1
경상남도 양산시 물금읍 물금리 890-11번지,48330,25321,0,0890,0011,표제부,경상남도 양산시 청운로 41 (물금읍 물금리),양산신도시엘에이치아파트1단지,부상가동,0,212.08,0,189.887,0,철근콘크리트구조,04000,"제1,2종근린생활시설",1,0
경상남도 양산시 물금읍 물금리 890-11번지,48330,25321,0,0890,0011,표제부,경상남도 양산시 청운로 41 (물금읍 물금리),양산신도시엘에이치아파트1단지,103동,0,522.78,0,6374.38,0,철근콘크리트구조,02000,공동주택(아파트),15,1
경상남도 양산시 물금읍 물금리 890-11번지,48330,25321,0,0890,0011,표제부,경상남도 양산시 청운로 41 (물금읍 물금리),양산신도시엘에이치아파트1단지,110동,0,421.88,0,3720.33,0,철근콘크리트구조,02000,공동주택(아파트),11,1
경상남도 양산시 물금읍 물금리 890-11번지,48330,25321,0,0890,0011,표제부,경상남도 양산시 청운로 41 (물금읍 물금리),양산신도시엘에이치아파트1단지,112동,0,513.52,0,5271.76,0,철근콘크리트구조,02000,공동주택(아파트),13,1
경상남도 양산시 물금읍 물금리 890-11번지,48330,25321,0,0890,0011,표제부,경상남도 양산시 청운로 41 (물금읍 물금리),양산신도시엘에이치아파트1단지,경비실1,0,26.63,0,26.63,0,철근콘크리트구조,02000,"부대시설(경비실,택배보관실)",1,0
경상남도 양산시 물금읍 물금리 890-11번지,48330,25321,0,0890,0011,표제부,경상남도 양산시 청운로 41 (물금읍 물금리),양산신도시엘에이치아파트1단지,106동,0,463.15,0,5122.26,0,철근콘크리트구조,02000,공동주택(아파트),14,1
경상남도 양산시 물금읍 물금리 890-11번지,48330,25321,0,0890,0011,표제부,경상남도 양산시 청운로 41 (물금읍 물금리),양산신도시엘에이치아파트1단지,경비실2,0,26.63,0,26.63,0,철근콘크리트구조,02000,"부대시설(경비실,택배보관실)",1,0
경상남도 양산시 물금읍 물금리 890-11번지,48330,25321,0,0890,0011,표제부,경상남도 양산시 청운로 41 (물금읍 물금리),양산신도시엘에이치아파트1단지,주상가동,0,214.82,0,196.77,0,철근콘크리트구조,04000,"제1,2종근린생활시설",1,0
경상남도 양산시 물금읍 물금리 890-11번지,48330,25321,0,0890,0011,표제부,경상남도 양산시 청운로 41 (물금읍 물금리),양산신도시엘에이치아파트1단지,열교환실,0,0,0,436.37,0,철근콘크리트구조,02000,부대시설(열교환실),0,1
경상남도 양산시 물금읍 물금리 890-11번지,48330,25321,0,0890,0011,표제부,경상남도 양산시 청운로 41 (물금읍 물금리),양산신도시엘에이치아파트1단지,113동,0,421.88,0,3720.33,0,철근콘크리트구조,02000,공동주택(아파트),11,1
경상남도 양산시 물금읍 물금리 890-11번지,48330,25321,0,0890,0011,표제부,경상남도 양산시 청운로 41 (물금읍 물금리),양산신도시엘에이치아파트1단지,111동,0,421.88,0,3720.33,0,철근콘크리트구조,02000,공동주택(아파트),11,1
경상남도 양산시 물금읍 물금리 890-11번지,48330,25321,0,0890,0011,표제부,경상남도 양산시 청운로 41 (물금읍 물금리),양산신도시엘에이치아파트1단지,109동,0,423.91,0,3937.33,0,철근콘크리트구조,02000,공동주택(아파트),12,1
경상남도 양산시 물금읍 물금리 890-11번지,48330,25321,0,0890,0011,표제부,경상남도 양산시 청운로 41 (물금읍 물금리),양산신도시엘에이치아파트1단지,105동,0,522.78,0,6374.38,0,철근콘크리트구조,02000,공동주택(아파트),15,1
경상남도 양산시 물금읍 물금리 890-11번지,48330,25321,0,0890,0011,표제부,경상남도 양산시 청운로 41 (물금읍 물금리),양산신도시엘에이치아파트1단지,전기실,0,0,0,245.04,0,철근콘크리트구조,02000,"부대시설(전기실,발전기실)",0,1
경상남도 양산시 물금읍 물금리 890-11번지,48330,25321,0,0890,0011,표제부,경상남도 양산시 청운로 41 (물금읍 물금리),양산신도시엘에이치아파트1단지,101동,0,1332.53,0,29062.06,0,철근콘크리트구조,02000,공동주택(아파트),12,1
경상남도 양산시 물금읍 물금리 890-11번지,48330,25321,0,0890,0011,표제부,경상남도 양산시 청운로 41 (물금읍 물금리),양산신도시엘에이치아파트1단지,102동,0,422.48,0,3527.18,0,철근콘크리트구조,02000,공동주택(아파트),10,1
경상남도 양산시 물금읍 물금리 890-11번지,48330,25321,0,0890,0011,표제부,경상남도 양산시 청운로 41 (물금읍 물금리),양산신도시엘에이치아파트1단지,어린이집,0,278.45,0,262.13,0,철근콘크리트구조,02000,복리시설(어린이집),1,0
경상남도 양산시 물금읍 물금리 890-11번지,48330,25321,0,0890,0011,표제부,경상남도 양산시 청운로 41 (물금읍 물금리),양산신도시엘에이치아파트1단지,107동,0,602.31,0,6744.79,0,철근콘크리트구조,02000,공동주택(아파트),14,1
경상남도 양산시 물금읍 물금리 890-11번지,48330,25321,0,0890,0011,표제부,경상남도 양산시 청운로 41 (물금읍 물금리),양산신도시엘에이치아파트1단지,108동,0,348.96,0,4315.18,0,철근콘크리트구조,02000,공동주택(아파트),15,1
경상남도 양산시 물금읍 물금리 890-11번지,48330,25321,0,0890,0011,표제부,경상남도 양산시 청운로 41 (물금읍 물금리),양산신도시엘에이치아파트1단지,지하주차장,0,0,0,23045.14,0,철근콘크리트구조,02000,부대시설(지하주차장),0,1
경상남도 양산시 물금읍 물금리 890-11번지,48330,25321,0,0890,0011,표제부,경상남도 양산시 청운로 41 (물금읍 물금리),양산신도시엘에이치아파트1단지,104동,0,522.78,0,6374.38,0,철근콘크리트구조,02000,공동주택(아파트),15,1
경상남도 양산시 물금읍 물금리 892-1번지,48330,25321,0,0892,0001,일반건축물,경상남도 양산시 청운로 56 (물금읍 물금리),,,276.3,163.97,59.34,566.22,159.05,철근콘크리트구조,01000,"단독주택(다가구주택),제2종근린생활시설",3,1
경상남도 양산시 물금읍 물금리 892-2번지,48330,25321,0,0892,0002,일반건축물,경상남도 양산시 청운로 52-7 (물금읍 물금리),,,275.1,132.74,48.25,388.86,141.35,철근콘크리트구조,01000,"단독주택,제2종근린생활시설",3,0
경상남도 양산시 물금읍 물금리 893-1번지,48330,25321,0,0893,0001,일반건축물,경상남도 양산시 청운로 52-11 (물금읍 물금리),DH 빌,,285.1,169.15,59.33,487.31,170.93,철근콘크리트구조,01000,"단독주택(다가구),제2종근린생활시설",3,0
경상남도 양산시 물금읍 물금리 893-2번지,48330,25321,0,0893,0002,일반건축물,경상남도 양산시 청운로 52-13 (물금읍 물금리),라이온모터스,,289.2,152.08,52.59,399.32,138.08,철근콘크리트구조,01000,"단독주택, 제1,2종근린생활시설",3,0
경상남도 양산시 물금읍 물금리 893-3번지,48330,25321,0,0893,0003,일반건축물,경상남도 양산시 청운로 52-15 (물금읍 물금리),,,364.4,216.1,59.3,576.98,158.34,철근콘크리트구조,01000,"단독주택(다가구),제2종근린생활시설",3,0
경상남도 양산시 물금읍 물금리 894-1번지,48330,25321,0,0894,0001,일반건축물,경상남도 양산시 청운로 52 (물금읍 물금리),,제1동,281,166.9,59.4,563.86,152.6,철근콘크리트구조,01000,단독주택,3,1
경상남도 양산시 물금읍 물금리 894-2번지,48330,25321,0,0894,0002,일반건축물,경상남도 양산시 청운로 50 (물금읍 물금리),,보성빌,268.4,159.85,59.56,535.92,156.41,철근콘크리트구조,01000,"단독주택(다가구),제2종근린생활시설",3,1
경상남도 양산시 물금읍 물금리 894-3번지,48330,25321,0,0894,0003,일반건축물,경상남도 양산시 청운로 48-1 (물금읍 물금리),유영빌,,252.8,151.2,59.81,531.53,157.09,철근콘크리트구조,01000,"단독주택(다가구),2종근린생활시설",3,1
경상남도 양산시 물금읍 물금리 894-4번지,48330,25321,0,0894,0004,일반건축물,경상남도 양산시 청운로 48 (물금읍 물금리),,,264.4,157.07,59.41,550.18,158.39,철근콘크리트구조,01000,"단독주택(다가구),제1,2종근린생활시설",3,1
경상남도 양산시 물금읍 물금리 894-5번지,48330,25321,0,0894,0005,일반건축물,경상남도 양산시 청운로 46-1 (물금읍 물금리),,,263.9,155.94,59.09,553.79,169.56,철근콘크리트구조,01000,"단독주택(다가구주택), 제2종근린생활시설",3,1
경상남도 양산시 물금읍 물금리 895-1번지,48330,25321,0,0895,0001,일반건축물,경상남도 양산시 청운로 52-21 (물금읍 물금리),,,229.1,136.86,59.74,390.57,170.48,철근콘크리트구조,01000,"단독주택(다가구),제2종근린생활시설",3,0
경상남도 양산시 물금읍 물금리 895-3번지,48330,25321,0,0895,0003,일반건축물,경상남도 양산시 청운로 52-43 (물금읍 물금리),,,266.6,159.78,59.93,405.54,152.12,철근콘크리트구조,01000,"단독주택(다가구),제2종근린생활시설",3,0
경상남도 양산시 물금읍 물금리 895-5번지,48330,25321,0,0895,0005,일반건축물,경상남도 양산시 청운로 52-23 (물금읍 물금리),,,232.2,138.96,59.84,390.32,168.1,철근콘크리트구조,01000,"단독주택(다가구), 제2종근린생활시설",3,0
경상남도 양산시 물금읍 물금리 896-1번지,48330,25321,0,0896,0001,표제부,경상남도 양산시 청운로 42 (물금읍 물금리),양산물금엘에이치천년나무아파트,주민복지관3,0,0,0,185.96,0,철근콘크리트구조,02000,"경로당,사회적기업",1,0
경상남도 양산시 물금읍 물금리 896-1번지,48330,25321,0,0896,0001,표제부,경상남도 양산시 청운로 42 (물금읍 물금리),양산물금엘에이치천년나무아파트,주민복지관1,0,389.24,0,927.23,0,철근콘크리트구조,02000,"어린이집,휘트니스센터,작은도서관",3,0
경상남도 양산시 물금읍 물금리 896-1번지,48330,25321,0,0896,0001,표제부,경상남도 양산시 청운로 42 (물금읍 물금리),양산물금엘에이치천년나무아파트,지하주차장,0,0,0,11547.18,0,철근콘크리트구조,02000,지하주차장,0,1
경상남도 양산시 물금읍 물금리 896-1번지,48330,25321,0,0896,0001,표제부,경상남도 양산시 청운로 42 (물금읍 물금리),양산물금엘에이치천년나무아파트,주민복지관2,0,58.53,0,249.58,0,철근콘크리트구조,02000,"관리사무소,방재실,MDF실,멀티프로그램실",1,0
경상남도 양산시 물금읍 물금리 896-1번지,48330,25321,0,0896,0001,표제부,경상남도 양산시 청운로 42 (물금읍 물금리),양산물금엘에이치천년나무아파트,열교환실,0,0,0,132.36,0,철근콘크리트구조,02000,열교환실,0,1
경상남도 양산시 물금읍 물금리 896-1번지,48330,25321,0,0896,0001,표제부,경상남도 양산시 청운로 42 (물금읍 물금리),양산물금엘에이치천년나무아파트,101동,0,1026.31,0,18759.69,0,철근콘크리트구조,02000,공동주택(아파트),12,1
경상남도 양산시 물금읍 물금리 896-1번지,48330,25321,0,0896,0001,표제부,경상남도 양산시 청운로 42-1 (물금읍 물금리),양산물금엘에이치천년나무아파트,상가동,0,201.07,0,391.74,0,철근콘크리트구조,04000,"제1,2종근린생활시설",2,0
경상남도 양산시 물금읍 물금리 896-1번지,48330,25321,0,0896,0001,표제부,경상남도 양산시 청운로 42 (물금읍 물금리),양산물금엘에이치천년나무아파트,펌프실,0,0,0,134.99,0,철근콘크리트구조,02000,펌프실,0,1
경상남도 양산시 물금읍 물금리 896-1번지,48330,25321,0,0896,0001,표제부,경상남도 양산시 청운로 42 (물금읍 물금리),양산물금엘에이치천년나무아파트,102동,0,754.57,0,9853.38,0,철근콘크리트구조,02000,공동주택(아파트),19,1
경상남도 양산시 물금읍 물금리 896-1번지,48330,25321,0,0896,0001,표제부,경상남도 양산시 청운로 42 (물금읍 물금리),양산물금엘에이치천년나무아파트,104동,0,871.78,0,8971.21,0,철근콘크리트구조,02000,공동주택(아파트),14,1
경상남도 양산시 물금읍 물금리 896-1번지,48330,25321,0,0896,0001,표제부,경상남도 양산시 청운로 42 (물금읍 물금리),양산물금엘에이치천년나무아파트,103동,0,571.53,0,8540.14,0,철근콘크리트구조,02000,공동주택(아파트),20,1
경상남도 양산시 물금읍 물금리 896-1번지,48330,25321,0,0896,0001,표제부,경상남도 양산시 청운로 42 (물금읍 물금리),양산물금엘에이치천년나무아파트,105동,0,431.69,0,6389.6,0,철근콘크리트구조,02000,공동주택(아파트),18,1
경상남도 양산시 물금읍 물금리 896-1번지,48330,25321,0,0896,0001,표제부,경상남도 양산시 청운로 42 (물금읍 물금리),양산물금엘에이치천년나무아파트,"전기,발전기실",0,0,0,273.36,0,철근콘크리트구조,02000,"전기실,발전기실",0,1
경상남도 양산시 물금읍 물금리 896-1번지,48330,25321,0,0896,0001,표제부,경상남도 양산시 청운로 42 (물금읍 물금리),양산물금엘에이치천년나무아파트,경비실,0,22.54,0,22.54,0,철근콘크리트구조,02000,"경비실,택배보관소",1,0
경상남도 양산시 물금읍 물금리 896-4번지,48330,25321,0,0896,0004,일반건축물,경상남도 양산시 황산로 296 (물금읍 물금리),증산배수펌프장,,3888.2,1025.39,26.37,1205.35,31,철근콘크리트구조,03000,제1종근린생활시설,2,0
경상남도 양산시 물금읍 물금리 산34번지,48330,25321,1,0034,0000,일반건축물,,,,3770,629.22,16.7,629.22,16.7,일반목구조,21000,"축사, 관리사",1,0
경상남도 양산시 물금읍 물금리 산34-3번지,48330,25321,1,0034,0003,일반건축물,경상남도 양산시 황산로 288-10 (물금읍 물금리),,,0,19.83,0,19.83,0,벽돌구조,01000,주택,1,0
경상남도 양산시 물금읍 물금리 산38번지,48330,25321,1,0038,0000,일반건축물,,,,0,26.44,0,26.44,0,일반목구조,01000,주택,1,0
경상남도 양산시 물금읍 물금리 블록,48330,25321,2,0000,0000,일반건축물,,제11호근린공원 공중화장실,,182506,88.2,0.05,71.96,0.04,철근콘크리트구조,03000,제1종근린생활시설,1,0
