대지위치,시군구코드,법정동코드,대지구분코드,번,지,대장종류코드명,도로명대지위치,건물명,동명칭,대지면적(㎡),건축면적(㎡),건폐율(%),연면적(㎡),용적률(%),구조코드명,주용도코드,기타용도,지상층수,지하층수
경상남도 양산시 북부동 1-9번지,48330,10400,0,0001,0009,일반건축물,경상남도 양산시 명곡로 217 (북부동),,,602,116.64,19.38,255.15,42.38,철근콘크리트구조,04000,제2종근린생활시설,3,0
경상남도 양산시 북부동 3-1번지,48330,10400,0,0003,0001,일반건축물,경상남도 양산시 명곡로 159 (북부동),,,0,0,0,131.76,0,철근콘크리트구조,04000,제2종근린생활시설,0,1
경상남도 양산시 북부동 3-9번지,48330,10400,0,0003,0009,일반건축물,경상남도 양산시 명곡로 163 (북부동),,,323,64.5,19.97,193.5,59.91,철근콘크리트구조,03000,"제1,2종근린생활시설",3,0
경상남도 양산시 북부동 4-1번지,48330,10400,0,0004,0001,일반건축물,경상남도 양산시 명곡로 155 (북부동),,2동,0,69.13,0,69.13,0,일반철골구조,19000,위험물저장및처리시설,1,0
경상남도 양산시 북부동 4-1번지,48330,10400,0,0004,0001,일반건축물,경상남도 양산시 명곡로 155 (북부동),,1동,0,61.65,0,122.46,0,철근콘크리트구조,19000,위험물저장및처리시설,2,0
경상남도 양산시 북부동 4-1번지,48330,10400,0,0004,0001,일반건축물,경상남도 양산시 명곡로 155 (북부동),,3동,0,90,0,180,0,일반철골구조,04000,제2종근린생활시설,2,0
경상남도 양산시 북부동 72번지,48330,10400,0,0072,0000,일반건축물,경상남도 양산시 희망1길 24-8 (북부동),,,306,178.6,58.37,497.95,162.73,철근콘크리트구조,01000,단독주택(다가구),4,0
경상남도 양산시 북부동 72-5번지,48330,10400,0,0072,0005,일반건축물,경상남도 양산시 희망1길 24-17 (북부동),,,278,166.28,59.81,491.76,176.9,철근콘크리트구조,01000,단독주택,4,0
경상남도 양산시 북부동 73-4번지,48330,10400,0,0073,0004,표제부,경상남도 양산시 희망1길 36 (북부동),양주연립,2동,0,289.56,0,757.8,0,기타구조,02000,연립주택,3,0
경상남도 양산시 북부동 73-4번지,48330,10400,0,0073,0004,표제부,경상남도 양산시 희망1길 36 (북부동),양주연립,1동,0,327.24,0,921.24,0,기타구조,02000,연립주택,3,0
경상남도 양산시 북부동 73-4번지,48330,10400,0,0073,0004,표제부,경상남도 양산시 희망1길 36 (북부동),양주연립,관리실,0,36.72,0,57.24,0,블록구조,02000,관리실,2,0
경상남도 양산시 북부동 74-3번지,48330,10400,0,0074,0003,일반건축물,,,,0,105.8,0,105.8,0,블록구조,01000,주택,1,0
경상남도 양산시 북부동 102-4번지,48330,10400,0,0102,0004,일반건축물,경상남도 양산시 하신기3길 19 (북부동),,,0,136.8,0,136.8,0,블록구조,01000,주택,1,0
경상남도 양산시 북부동 102-6번지,48330,10400,0,0102,0006,일반건축물,경상남도 양산시 하신기3길 21 (북부동),,,0,76.23,0,76.23,0,블록구조,01000,주택,1,0
경상남도 양산시 북부동 106-2번지,48330,10400,0,0106,0002,일반건축물,경상남도 양산시 하신기3길 17 (북부동),,,609,241.38,39.64,241.38,39.64,경량철골구조,03000,제1종근린생활시설,1,0
경상남도 양산시 북부동 107-3번지,48330,10400,0,0107,0003,일반건축물,경상남도 양산시 하신기3길 15 (북부동),,주건축물제2동,874,217.8,24.92,217.8,24.92,일반철골구조,03000,제1종근린생활시설,1,0
경상남도 양산시 북부동 107-3번지,48330,10400,0,0107,0003,일반건축물,경상남도 양산시 하신기3길 15 (북부동),,주건축물제1동,0,220,0,220,0,일반철골구조,03000,제1종근린생활시설,1,0
경상남도 양산시 북부동 115-4번지,48330,10400,0,0115,0004,일반건축물,,,,0,26.4,0,26.4,0,일반목구조,01000,주택,1,0
경상남도 양산시 북부동 115-5번지,48330,10400,0,0115,0005,일반건축물,,,,0,0,0,42.9,0,일반목구조,01000,주택,1,0
경상남도 양산시 북부동 134-3번지,48330,10400,0,0134,0003,표제부,경상남도 양산시 북안북7길 36 (북부동),양산북부주공아파트,5동,0,366.8,0,1834,0,철근콘크리트구조,02000,공동주택,5,0
경상남도 양산시 북부동 134-3번지,48330,10400,0,0134,0003,표제부,경상남도 양산시 북안북7길 36 (북부동),양산북부주공아파트,,0,0,0,0,0,,,,0,0
경상남도 양산시 북부동 134-3번지,48330,10400,0,0134,0003,표제부,경상남도 양산시 북안북7길 36 (북부동),양산북부주공아파트,3동,0,421.84,0,2109.2,0,철근콘크리트구조,02000,공동주택,5,0
경상남도 양산시 북부동 134-3번지,48330,10400,0,0134,0003,표제부,경상남도 양산시 북안북7길 36 (북부동),양산북부주공아파트,2동,0,365.76,0,1828.8,0,철근콘크리트구조,02000,공동주택,5,0
경상남도 양산시 북부동 134-3번지,48330,10400,0,0134,0003,표제부,경상남도 양산시 북안북7길 36 (북부동),양산북부주공아파트,1동,0,314.22,0,1571.1,0,철근콘크리트구조,02000,공동주택,5,0
경상남도 양산시 북부동 147-1번지,48330,10400,0,0147,0001,표제부,경상남도 양산시 북안북7길 39 (북부동),정랑주택조합,,2424,861.36,35.54,3934.8,161.07,철근콘크리트구조,02000,공동주택,5,0
경상남도 양산시 북부동 147-1번지,48330,10400,0,0147,0001,표제부,경상남도 양산시 북안북7길 39 (북부동),,,0,80.4,0,80.4,0,블록구조,02000,"관리실,경로당",1,0
경상남도 양산시 북부동 147-2번지,48330,10400,0,0147,0002,일반건축물,경상남도 양산시 북안북7길 35 (북부동),양산시근로자종합복지관,,1984,680.57,34.3,2666.24,134.39,철근콘크리트구조,11000,"노유자시설,교육연구시설,제2종근린생활시설",5,0
경상남도 양산시 북부동 147-6번지,48330,10400,0,0147,0006,일반건축물,경상남도 양산시 북안북5길 9 (북부동),,,343,196.36,57.25,593.68,173.08,철근콘크리트구조,01000,단독주택(다가구),4,0
경상남도 양산시 북부동 147-8번지,48330,10400,0,0147,0008,일반건축물,경상남도 양산시 북안북7길 17 (북부동),,,1362,424.75,31.19,424.75,31.19,철근콘크리트구조,Z3000,근린생활시설,1,0
경상남도 양산시 북부동 147-9번지,48330,10400,0,0147,0009,일반건축물,경상남도 양산시 북안북7길 13 (북부동),,,0,171.9,0,290.9,0,철근콘크리트구조,03000,근린생활시설,1,1
경상남도 양산시 북부동 147-18번지,48330,10400,0,0147,0018,일반건축물,경상남도 양산시 북안북7길 23 (북부동),,,0,214.2,0,606.9,0,블록구조,03000,"근린생활시설, 다세대주택",3,0
경상남도 양산시 북부동 147-34번지,48330,10400,0,0147,0034,일반건축물,경상남도 양산시 북안북5길 7 (북부동),,,289,166.64,57.66,510.66,176.7,철근콘크리트구조,01000,단독주택(다가구),4,0
경상남도 양산시 북부동 148-13번지,48330,10400,0,0148,0013,일반건축물,경상남도 양산시 중앙로 192 (북부동),,2동,0,56.23,0,97.81,0,철근콘크리트구조,19000,위험물저장및처리시설,2,0
경상남도 양산시 북부동 148-13번지,48330,10400,0,0148,0013,일반건축물,경상남도 양산시 중앙로 192 (북부동),,1동,0,48.56,0,48.56,0,일반철골구조,19000,위험물저장및처리시설,1,0
경상남도 양산시 북부동 148-19번지,48330,10400,0,0148,0019,일반건축물,경상남도 양산시 중앙로 232 (북부동),북부시장,B동,6696,0,0,2912.4,0,철근콘크리트구조,07000,"판매시설, 근린생활시설, 업무시설",2,0
경상남도 양산시 북부동 148-19번지,48330,10400,0,0148,0019,일반건축물,경상남도 양산시 중앙로 232 (북부동),북부시장,A동,6696,0,0,3204.88,0,철근콘크리트구조,07000,"판매시설, 근린생활시설, 업무시설",2,0
경상남도 양산시 북부동 148-21번지,48330,10400,0,0148,0021,일반건축물,경상남도 양산시 중앙로 220 (북부동),(주)우리은행 양산지점,,1042,472.4,45.34,1741.97,130,철근콘크리트구조,14000,업무시설(은행),3,1
경상남도 양산시 북부동 148-27번지,48330,10400,0,0148,0027,일반건축물,경상남도 양산시 중앙로 216 (북부동),,,1204,746.895,62.03,2978.139,247.35,철근콘크리트구조,14000,은행,5,0
경상남도 양산시 북부동 148-28번지,48330,10400,0,0148,0028,일반건축물,경상남도 양산시 북안북8길 18 (북부동),,,300,184.12,61.37,514.32,171.44,철근콘크리트구조,01000,단독주택,4,0
경상남도 양산시 북부동 148-29번지,48330,10400,0,0148,0029,일반건축물,경상남도 양산시 중앙로 208 (북부동),,,1606,995.1,61.96,995.1,61.96,철근콘크리트구조,04000,제2종근린생활시설,1,0
경상남도 양산시 북부동 148-31번지,48330,10400,0,0148,0031,일반건축물,경상남도 양산시 중앙로 206 (북부동),,,469,327.8,69.89,2675.36,409.7,철근콘크리트구조,10000,"업무시설, 교육연구시설, 근린생활시설",6,2
경상남도 양산시 북부동 148-33번지,48330,10400,0,0148,0033,일반건축물,경상남도 양산시 중앙로 200 (북부동),부산은행 양산영업부,주건축물제1동,1136,605.57,53.31,1831.94,161.26,철근콘크리트구조,14000,업무시설,4,0
경상남도 양산시 북부동 148-35번지,48330,10400,0,0148,0035,일반건축물,경상남도 양산시 중앙로 198 (북부동),,,1668,707.053,42.39,3267.178,171.32,철근콘크리트구조,04000,근린생할시설,5,1
경상남도 양산시 북부동 148-36번지,48330,10400,0,0148,0036,일반건축물,경상남도 양산시 북안북7길 3 (북부동),,B동,0,151.53,0,186.09,0,경량철골구조,04000,제2종근린생활시설,2,0
경상남도 양산시 북부동 148-36번지,48330,10400,0,0148,0036,일반건축물,경상남도 양산시 중앙로 194 (북부동),,A동,0,307.99,0,560.89,0,철근콘크리트구조,03000,근린생활시설,2,0
경상남도 양산시 북부동 148-46번지,48330,10400,0,0148,0046,일반건축물,경상남도 양산시 중앙로 188-1 (북부동),,,0,96.91,0,473,0,철근콘크리트구조,04000,"근린생활시설, 교육연구시설, 주택",5,0
경상남도 양산시 북부동 148-48번지,48330,10400,0,0148,0048,일반건축물,경상남도 양산시 중앙로 188 (북부동),,,148,103.09,69.66,606.58,348.28,철근콘크리트구조,03000,"위락시설, 근린생활시설",5,1
경상남도 양산시 북부동 148-64번지,48330,10400,0,0148,0064,일반건축물,경상남도 양산시 북안북8길 20 (북부동),,,278,184.12,66.23,514.32,185.01,철근콘크리트구조,01000,단독주택,4,0
경상남도 양산시 북부동 148-65번지,48330,10400,0,0148,0065,일반건축물,경상남도 양산시 북안북5길 5 (북부동),,,213,86.25,40.49,86.25,40.49,경량철골구조,04000,"제2종근린생활시설, 자동차관련시설",1,0
경상남도 양산시 북부동 151-9번지,48330,10400,0,0151,0009,표제부,경상남도 양산시 북안남3길 39 (북부동),재흥아파트,나동,0,0,0,1905.21,0,철근콘크리트구조,02000,공동주택(아파트),6,0
경상남도 양산시 북부동 151-9번지,48330,10400,0,0151,0009,표제부,경상남도 양산시 북안남3길 39 (북부동),재흥아파트,다동,0,0,0,1905.21,0,철근콘크리트구조,02000,공동주택(아파트),6,0
경상남도 양산시 북부동 151-9번지,48330,10400,0,0151,0009,표제부,경상남도 양산시 북안남3길 39 (북부동),재흥아파트,라동,0,48.1,0,87.1,0,철근콘크리트구조,02000,복리시설(경로당),2,0
경상남도 양산시 북부동 151-9번지,48330,10400,0,0151,0009,표제부,경상남도 양산시 북안남3길 39 (북부동),재흥아파트,가동,0,0,0,1992.31,0,철근콘크리트구조,02000,공동주택(아파트),6,0
경상남도 양산시 북부동 153-6번지,48330,10400,0,0153,0006,표제부,경상남도 양산시 북안남2길 53 (북부동),제일맨션,,0,480,0,2400,0,철근콘크리트구조,02000,공동주택,5,0
경상남도 양산시 북부동 153-7번지,48330,10400,0,0153,0007,표제부,경상남도 양산시 북안남8길 24 (북부동),신양주2차,비이동,0,849.6,0,4248,0,철근콘크리트구조,02000,공동주택,5,0
경상남도 양산시 북부동 153-7번지,48330,10400,0,0153,0007,표제부,경상남도 양산시 북안남8길 24 (북부동),신양주2차,에이동,0,839.3,0,4196.5,0,철근콘크리트구조,02000,공동주택,5,0
경상남도 양산시 북부동 153-7번지,48330,10400,0,0153,0007,표제부,경상남도 양산시 북안남8길 24 (북부동),신양주2차,,0,59.8,0,119.6,0,철근콘크리트구조,02000,주민공동시설(마을회관),2,0
경상남도 양산시 북부동 154-10번지,48330,10400,0,0154,0010,표제부,경상남도 양산시 북안남6길 28 (북부동),신양주1차아파트,나동,0,647.4,0,3237,0,철근콘크리트구조,02000,공동주택,5,0
경상남도 양산시 북부동 154-10번지,48330,10400,0,0154,0010,표제부,경상남도 양산시 북안남6길 28 (북부동),신양주1차아파트,가동,0,380.48,0,1902.4,0,철근콘크리트구조,02000,공동주택,5,0
경상남도 양산시 북부동 154-10번지,48330,10400,0,0154,0010,표제부,경상남도 양산시 북안남6길 28 (북부동),신양주1차아파트,다동,0,647.4,0,3237,0,철근콘크리트구조,02000,공동주택,5,0
경상남도 양산시 북부동 154-11번지,48330,10400,0,0154,0011,표제부,경상남도 양산시 북안남1길 45 (북부동),삼우아파트,,0,942.12,0,4688.34,0,철근콘크리트구조,02000,공동주택,5,0
경상남도 양산시 북부동 154-14번지,48330,10400,0,0154,0014,일반건축물,경상남도 양산시 북안남1길 51 (북부동),,,1914,413.4,21.59,2069.4,97.96,철근콘크리트구조,02000,기숙사,5,1
경상남도 양산시 북부동 161-4번지,48330,10400,0,0161,0004,표제부,경상남도 양산시 중앙로 183-1 (북부동),,,464,279.77,60.3,739.74,159.43,철근콘크리트구조,07000,"판매시설,공동주택",3,0
경상남도 양산시 북부동 161-5번지,48330,10400,0,0161,0005,일반건축물,경상남도 양산시 중앙로 183 (북부동),,,49,34.25,69.9,102.75,209.69,철근콘크리트구조,04000,근린생활시설,3,0
경상남도 양산시 북부동 161-6번지,48330,10400,0,0161,0006,일반건축물,경상남도 양산시 북안남8길 4 (북부동),,,245,164.94,67.32,617.48,252.03,철근콘크리트구조,03000,"근린생활시설,위락시설,주택",4,0
경상남도 양산시 북부동 161-17번지,48330,10400,0,0161,0017,일반건축물,경상남도 양산시 중앙로 181 (북부동),,,110,76.19,69.26,339.97,309.06,철근콘크리트구조,03000,"근린생활시설, 주택",5,0
경상남도 양산시 북부동 162-2번지,48330,10400,0,0162,0002,일반건축물,경상남도 양산시 북안남7길 1-3 (북부동),,,0,59.5,0,59.5,0,일반목구조,01000,주택,1,0
경상남도 양산시 북부동 162-8번지,48330,10400,0,0162,0008,일반건축물,경상남도 양산시 북안남7길 1 (북부동),,,43,28.7,66.74,53.69,124.86,철근콘크리트구조,04000,제2종근린생활시설,3,0
경상남도 양산시 북부동 162-9번지,48330,10400,0,0162,0009,일반건축물,경상남도 양산시 북안남7길 1-2 (북부동),,,0,0,0,52.9,0,철근콘크리트구조,01000,"주택, 점포",1,0
경상남도 양산시 북부동 162-10번지,48330,10400,0,0162,0010,일반건축물,경상남도 양산시 북안남7길 1-1 (북부동),,,0,94.2,0,356.6,0,철근콘크리트구조,03000,"근린생활시설, 위락시설",3,1
경상남도 양산시 북부동 162-10번지,48330,10400,0,0162,0010,일반건축물,경상남도 양산시 북안남7길 1-1 (북부동),,,0,24.8,0,49.6,0,철근콘크리트구조,03000,"점포, 사무실",2,0
경상남도 양산시 북부동 165-2번지,48330,10400,0,0165,0002,일반건축물,경상남도 양산시 중앙로 182 (북부동),,,175,128.23,73.27,372.79,213.02,철근콘크리트구조,04000,"제2종근린생활시설, 단독주택",4,0
경상남도 양산시 북부동 166번지,48330,10400,0,0166,0000,일반건축물,경상남도 양산시 중앙로 178 (북부동),,,381.57,130.12,34.1,426.35,111.74,철근콘크리트구조,03000,근린생활시설,4,0
경상남도 양산시 북부동 167-1번지,48330,10400,0,0167,0001,일반건축물,경상남도 양산시 중앙로 176 (북부동),,,0,103.51,0,414.04,0,철근콘크리트구조,03000,"근린생활시설, 주택",4,0
경상남도 양산시 북부동 168번지,48330,10400,0,0168,0000,일반건축물,경상남도 양산시 중앙로 178-5 (북부동),,,0,73.9,0,144.25,0,철근콘크리트구조,03000,"근린생활시설, 주택",2,0
경상남도 양산시 북부동 169-2번지,48330,10400,0,0169,0002,일반건축물,경상남도 양산시 북안남7길 8 (북부동),,,1573,1023.18,65.05,4995.95,254.23,철근콘크리트구조,15000,"숙박시설,위락시설,제2종근린생활시설",9,1
경상남도 양산시 북부동 169-4번지,48330,10400,0,0169,0004,일반건축물,경상남도 양산시 북안남7길 9-1 (북부동),,,33,23.67,71.73,67.27,132.12,일반목구조,04000,"제2종근린생활시설, 단독주택",2,1
경상남도 양산시 북부동 169-11번지,48330,10400,0,0169,0011,표제부,경상남도 양산시 북안남5길 11-15 (북부동),,,159,110.46,69.4717,486.48,302.41,철근콘크리트구조,02000,"공동주택(다세대),제2종근린생활시설",6,0
경상남도 양산시 북부동 169-12번지,48330,10400,0,0169,0012,일반건축물,경상남도 양산시 북안남5길 11-13 (북부동),,,147,77.4,52.65,129.91,88.37,블록구조,01000,단독주택,2,0
경상남도 양산시 북부동 169-13번지,48330,10400,0,0169,0013,일반건축물,경상남도 양산시 북안남5길 11-11 (북부동),,,0,76.7,0,76.7,0,블록구조,01000,주택,1,0
경상남도 양산시 북부동 169-14번지,48330,10400,0,0169,0014,일반건축물,경상남도 양산시 북안남7길 4-21 (북부동),,,168,81.26,48.37,81.26,48.37,벽돌구조,04000,제2종근린생활시설,1,0
경상남도 양산시 북부동 169-16번지,48330,10400,0,0169,0016,일반건축물,경상남도 양산시 북안남5길 7-2 (북부동),,,412,279.46,67.83,777.47,173.9,철근콘크리트구조,03000,"근린생활시설, 주택",3,1
경상남도 양산시 북부동 169-20번지,48330,10400,0,0169,0020,일반건축물,경상남도 양산시 북안남7길 4-10 (북부동),,,414,320.62,77.45,1714.48,369.84,철근콘크리트구조,15000,"숙박시설,단독주택",6,1
경상남도 양산시 북부동 169-22번지,48330,10400,0,0169,0022,일반건축물,경상남도 양산시 중앙로 178-21 (북부동),,,368,219.28,59.59,1332.4,358.4,철근콘크리트구조,15000,"숙박시설,단독주택",7,1
경상남도 양산시 북부동 169-25번지,48330,10400,0,0169,0025,일반건축물,경상남도 양산시 북안남5길 11-7 (북부동),,,166,124.12,74.77,357.28,215.23,철근콘크리트구조,01000,"단독주택(다가구),제2종근린생활시설",3,0
경상남도 양산시 북부동 169-28번지,48330,10400,0,0169,0028,일반건축물,경상남도 양산시 북안남5길 11-3 (북부동),,,211,88.94,42.15,88.94,42.15,경량철골구조,01000,단독주택,1,0
경상남도 양산시 북부동 169-28번지,48330,10400,0,0169,0028,일반건축물,경상남도 양산시 북안남5길 11-3 (북부동),,,0,13.2,0,13.2,0,경량철골구조,01000,단독주택,1,0
경상남도 양산시 북부동 169-29번지,48330,10400,0,0169,0029,일반건축물,경상남도 양산시 북안남5길 11-5 (북부동),,,0,68.4,0,68.4,0,블록구조,01000,주택,1,0
경상남도 양산시 북부동 169-36번지,48330,10400,0,0169,0036,일반건축물,경상남도 양산시 북안남5길 11-17 (북부동),,,0,68.4,0,68.4,0,블록구조,01000,주택,1,0
경상남도 양산시 북부동 169-45번지,48330,10400,0,0169,0045,일반건축물,경상남도 양산시 북안남7길 4-17 (북부동),,,0,98.02,0,98.02,0,벽돌구조,01000,주택,1,0
경상남도 양산시 북부동 169-51번지,48330,10400,0,0169,0051,일반건축물,경상남도 양산시 북안남7길 4-19 (북부동),,,161,122.1,75.84,241.74,150.15,경량철골구조,01000,"제2종근린생활시설, 단독주택",2,0
경상남도 양산시 북부동 171번지,48330,10400,0,0171,0000,일반건축물,경상남도 양산시 북안남7길 3 (북부동),,2동,257,39.6,15.41,39.6,15.41,벽돌구조,04000,제2종근린생활시설,1,0
경상남도 양산시 북부동 171-8번지,48330,10400,0,0171,0008,일반건축물,경상남도 양산시 북안남7길 5 (북부동),경남빌,,206,148.655,72.16,449.73,218.32,철근콘크리트구조,01000,단독주택,4,0
경상남도 양산시 북부동 172번지,48330,10400,0,0172,0000,일반건축물,경상남도 양산시 북안남7길 7 (북부동),,,258.5,175.82,68.02,543.11,210.102,철근콘크리트구조,01000,단독주택(다가구),4,0
경상남도 양산시 북부동 173번지,48330,10400,0,0173,0000,일반건축물,경상남도 양산시 북안남7길 9-3 (북부동),,,0,0,0,185.94,0,블록구조,01000,주택,2,0
경상남도 양산시 북부동 174번지,48330,10400,0,0174,0000,일반건축물,경상남도 양산시 북안남7길 9-7 (북부동),,,0,39.7,0,39.7,0,블록구조,01000,주택,1,0
경상남도 양산시 북부동 175번지,48330,10400,0,0175,0000,일반건축물,경상남도 양산시 북안남7길 9-9 (북부동),,,293.2,165.26,56.36,165.26,56.36,경량철골구조,04000,제2종근린생활시설,1,0
경상남도 양산시 북부동 176번지,48330,10400,0,0176,0000,일반건축물,경상남도 양산시 북안남7길 9-13 (북부동),,,0,92.5,0,92.5,0,블록구조,01000,주택,1,0
경상남도 양산시 북부동 177-2번지,48330,10400,0,0177,0002,일반건축물,경상남도 양산시 북안남7길 7-5 (북부동),,,204,140.62,68.93,203.38,99.7,철근콘크리트구조,01000,"단독주택,제2종근린생활시설",2,0
경상남도 양산시 북부동 178-3번지,48330,10400,0,0178,0003,일반건축물,경상남도 양산시 북안남7길 9-21 (북부동),,,48,33.71,70.23,67.42,140.46,철근콘크리트구조,04000,제2종근린생활시설,2,0
경상남도 양산시 북부동 178-4번지,48330,10400,0,0178,0004,일반건축물,경상남도 양산시 중앙우회로 119 (북부동),,,0,23.1,0,23.1,0,일반목구조,01000,주택,1,0
경상남도 양산시 북부동 181-3번지,48330,10400,0,0181,0003,일반건축물,경상남도 양산시 중앙우회로 123 (북부동),,,195.67,151.1,77.22,738.35,377.34,철근콘크리트구조,04000,"제1종근린생활시설,제2종근린생활시설,단독주택",6,0
경상남도 양산시 북부동 181-4번지,48330,10400,0,0181,0004,일반건축물,경상남도 양산시 중앙우회로 121 (북부동),,제1동,68,28,41.18,28,41.18,경량철골구조,18000,창고시설,1,0
경상남도 양산시 북부동 182-5번지,48330,10400,0,0182,0005,일반건축물,경상남도 양산시 북안남7길 1-4 (북부동),,,302,212.4,70.33,945.47,313.07,철근콘크리트구조,04000,"제1종근린생활시설, 제2종근린생활시설",5,0
경상남도 양산시 북부동 184번지,48330,10400,0,0184,0000,일반건축물,경상남도 양산시 북안북7길 4 (북부동),,,164,130.74,79.72,468.78,285.84,철근콘크리트구조,03000,"근린생활시설, 주택",4,0
경상남도 양산시 북부동 185번지,48330,10400,0,0185,0000,일반건축물,경상남도 양산시 중앙우회로 122-1 (북부동),,,367,270.26,73.64,266.97,72.74,철근콘크리트구조,03000,근린생활시설,1,0
경상남도 양산시 북부동 185-2번지,48330,10400,0,0185,0002,일반건축물,경상남도 양산시 중앙우회로 122 (북부동),,,57,64.4,56.49,96.6,169.47,철근콘크리트구조,01000,"1종근린생활시설, 단독주택",3,0
경상남도 양산시 북부동 186번지,48330,10400,0,0186,0000,일반건축물,경상남도 양산시 북안북9길 4 (북부동),,,869,293.89,33.82,2022.23,232.71,철근콘크리트구조,15000,숙박시설,8,0
경상남도 양산시 북부동 186-2번지,48330,10400,0,0186,0002,일반건축물,경상남도 양산시 북안북7길 4-1 (북부동),,,0,96.12,0,96.12,0,경량철골구조,03000,근린생활시설,1,0
경상남도 양산시 북부동 186-7번지,48330,10400,0,0186,0007,일반건축물,경상남도 양산시 북안북9길 10 (북부동),,,225,169.18,75.19,934.9,358.53,철근콘크리트구조,15000,숙박시설,6,0
경상남도 양산시 북부동 186-8번지,48330,10400,0,0186,0008,일반건축물,경상남도 양산시 북안북9길 8 (북부동),,,202,157.05,77.75,956.03,453.98,철근콘크리트구조,15000,일반숙박시설,6,1
경상남도 양산시 북부동 187-2번지,48330,10400,0,0187,0002,일반건축물,경상남도 양산시 중앙우회로 118 (북부동),,,530,359.17,67.77,693.04,130.76,일반철골구조,18000,창고시설,2,0
경상남도 양산시 북부동 189번지,48330,10400,0,0189,0000,일반건축물,경상남도 양산시 중앙우회로 116-1 (북부동),,,0,65.18,0,94.96,0,블록구조,01000,주택,2,0
경상남도 양산시 북부동 192-1번지,48330,10400,0,0192,0001,일반건축물,경상남도 양산시 중앙우회로 117 (북부동),,,86,68.11,79.2,202.47,217.49,철근콘크리트구조,01000,"제1종근린생활시설, 단독주택, 제2종근린생활시설",3,0
경상남도 양산시 북부동 193번지,48330,10400,0,0193,0000,일반건축물,경상남도 양산시 북안남7길 19 (북부동),,,129,97.89,75.88,181.2,140.47,벽돌구조,01000,"단독주택,제2종근린생활시설",2,0
경상남도 양산시 북부동 194-2번지,48330,10400,0,0194,0002,일반건축물,경상남도 양산시 북안남7길 9-12 (북부동),,,0,76.16,0,76.16,0,블록구조,01000,주택,1,0
경상남도 양산시 북부동 195-1번지,48330,10400,0,0195,0001,일반건축물,경상남도 양산시 북안남7길 9-10 (북부동),,제1동,80,53.29,66.61,151.55,189.44,철근콘크리트구조,04000,제2종근린생활시설,3,0
경상남도 양산시 북부동 195-2번지,48330,10400,0,0195,0002,일반건축물,경상남도 양산시 북안남7길 18 (북부동),,,123,84.6,68.78,154.18,125.35,철근콘크리트구조,03000,제1종근린생활시설,2,0
경상남도 양산시 북부동 195-10번지,48330,10400,0,0195,0010,일반건축물,경상남도 양산시 북안남7길 16 (북부동),,,73,49.69,68.07,117.76,161.32,벽돌구조,01000,"단독주택,제2종근린생활시설",3,0
경상남도 양산시 북부동 196번지,48330,10400,0,0196,0000,일반건축물,경상남도 양산시 북안남7길 9-8 (북부동),,,0,27.4,0,27.4,0,블록구조,01000,주택,1,0
경상남도 양산시 북부동 197-2번지,48330,10400,0,0197,0002,일반건축물,경상남도 양산시 북안남7길 9 (북부동),,,0,49.6,0,49.6,0,블록구조,01000,주택,1,0
경상남도 양산시 북부동 197-3번지,48330,10400,0,0197,0003,일반건축물,경상남도 양산시 북안남7길 11 (북부동),,,0,36.4,0,36.4,0,일반목구조,01000,주택,1,0
경상남도 양산시 북부동 198번지,48330,10400,0,0198,0000,일반건축물,경상남도 양산시 북안남7길 14 (북부동),,,0,36.4,0,36.4,0,일반목구조,01000,주택,1,0
경상남도 양산시 북부동 199번지,48330,10400,0,0199,0000,일반건축물,경상남도 양산시 북안남5길 29-18 (북부동),,,2143,390.3,18.21,397.28,18.54,블록구조,04000,제2종근린생활시설,2,0
경상남도 양산시 북부동 200번지,48330,10400,0,0200,0000,일반건축물,경상남도 양산시 북안남5길 29-12 (북부동),,,0,79.67,0,138.63,0,벽돌구조,01000,주택,2,0
경상남도 양산시 북부동 200-1번지,48330,10400,0,0200,0001,일반건축물,경상남도 양산시 북안남5길 29-16 (북부동),,,148,64.4,43.51,116.74,78.88,블록구조,01000,주택,2,0
경상남도 양산시 북부동 200-2번지,48330,10400,0,0200,0002,일반건축물,경상남도 양산시 북안남5길 29-14 (북부동),,,0,66.51,0,66.51,0,블록구조,01000,주택,1,0
경상남도 양산시 북부동 201-3번지,48330,10400,0,0201,0003,표제부,경상남도 양산시 중앙우회로 111 (북부동),푸르나아파트,,1574,368.18,23.39,4787.75,253.19,철근콘크리트구조,02000,"공동주택,업무시설",15,1
경상남도 양산시 북부동 204-3번지,48330,10400,0,0204,0003,일반건축물,경상남도 양산시 중앙우회로 107 (북부동),,,0,39.07,0,39.07,0,블록구조,01000,주택,1,0
경상남도 양산시 북부동 204-6번지,48330,10400,0,0204,0006,일반건축물,경상남도 양산시 북안남5길 29-4 (북부동),,,0,49.6,0,49.6,0,블록구조,01000,주택,1,0
경상남도 양산시 북부동 204-7번지,48330,10400,0,0204,0007,일반건축물,경상남도 양산시 북안남5길 29 (북부동),,,159,94.5,59.43,251.88,158.42,철근콘크리트구조,03000,"근린생활시설, 주택",3,0
경상남도 양산시 북부동 204-8번지,48330,10400,0,0204,0008,일반건축물,경상남도 양산시 중앙우회로 105 (북부동),,,0,70.9,0,70.9,0,블록구조,01000,주택,1,0
경상남도 양산시 북부동 206-1번지,48330,10400,0,0206,0001,일반건축물,경상남도 양산시 희망1길 5 (북부동),,,0,0,0,122.2,0,블록구조,01000,"주택, 점포",1,0
경상남도 양산시 북부동 206-5번지,48330,10400,0,0206,0005,일반건축물,경상남도 양산시 희망1길 3 (북부동),,,170.5,97.35,57.1,156.89,92.02,블록구조,01000,"단독주택,제1종근린생활시설",2,0
경상남도 양산시 북부동 206-6번지,48330,10400,0,0206,0006,일반건축물,경상남도 양산시 희망1길 1 (북부동),,,0,0,0,98.66,0,블록구조,01000,"주택, 근린생활시설",1,0
경상남도 양산시 북부동 207-2번지,48330,10400,0,0207,0002,일반건축물,경상남도 양산시 희망1길 4-1 (북부동),,,0,111.81,0,111.814,0,일반목구조,01000,주택,1,0
경상남도 양산시 북부동 207-4번지,48330,10400,0,0207,0004,일반건축물,경상남도 양산시 희망1길 8-1 (북부동),,,165,80.47,48.77,79.63,48.26,벽돌구조,01000,단독주택,1,0
경상남도 양산시 북부동 207-5번지,48330,10400,0,0207,0005,일반건축물,경상남도 양산시 희망1길 8 (북부동),,,131.43,78.71,59.89,145.77,110.91,기타조적구조,01000,"근린생활시설, 주택",2,0
경상남도 양산시 북부동 207-6번지,48330,10400,0,0207,0006,일반건축물,경상남도 양산시 희망1길 6-1 (북부동),,,0,82.6,0,82.6,0,블록구조,01000,주택,1,0
경상남도 양산시 북부동 207-8번지,48330,10400,0,0207,0008,일반건축물,경상남도 양산시 희망1길 4-1 (북부동),,,0,111.81,0,111.814,0,일반목구조,01000,주택,1,0
경상남도 양산시 북부동 207-9번지,48330,10400,0,0207,0009,일반건축물,경상남도 양산시 희망1길 4 (북부동),,,0,49.6,0,82.7,0,철근콘크리트구조,01000,주택,2,0
경상남도 양산시 북부동 209번지,48330,10400,0,0209,0000,표제부,경상남도 양산시 희망1길 7 (북부동),대가하이츠,,492,215.16,43.73,753.87,153.23,철근콘크리트구조,02000,"다세대주택(8세대),제1종근린생활시설",5,0
경상남도 양산시 북부동 209-1번지,48330,10400,0,0209,0001,일반건축물,경상남도 양산시 희망1길 9 (북부동),,,0,62.9,0,62.9,0,블록구조,01000,주택,1,0
경상남도 양산시 북부동 210-1번지,48330,10400,0,0210,0001,일반건축물,경상남도 양산시 성수로길 2 (북부동),,,0,19.8,0,19.8,0,일반목구조,01000,주택,1,0
경상남도 양산시 북부동 211번지,48330,10400,0,0211,0000,일반건축물,경상남도 양산시 성수로길 6 (북부동),,,0,128.52,0,128.52,0,블록구조,01000,주택,1,0
경상남도 양산시 북부동 211-3번지,48330,10400,0,0211,0003,일반건축물,경상남도 양산시 성수로길 7 (북부동),,,0,53.9,0,53.9,0,블록구조,01000,주택,1,0
경상남도 양산시 북부동 212번지,48330,10400,0,0212,0000,일반건축물,경상남도 양산시 북안북9길 12 (북부동),,,223,104.11,46.69,96.91,43.46,벽돌구조,01000,단독주택,1,0
경상남도 양산시 북부동 212-2번지,48330,10400,0,0212,0002,일반건축물,경상남도 양산시 중앙우회로 114-1 (북부동),,,0,0,0,130.3,0,블록구조,01000,주택,1,0
경상남도 양산시 북부동 212-3번지,48330,10400,0,0212,0003,일반건축물,경상남도 양산시 북안북9길 14 (북부동),,,0,59.5,0,59.5,0,블록구조,01000,주택,1,0
경상남도 양산시 북부동 212-4번지,48330,10400,0,0212,0004,일반건축물,경상남도 양산시 중앙우회로 114 (북부동),,,0,0,0,140.3,0,벽돌구조,Z5000,"교회, 사택",1,0
경상남도 양산시 북부동 212-5번지,48330,10400,0,0212,0005,일반건축물,경상남도 양산시 중앙우회로 112 (북부동),,,0,0,0,121.19,0,블록구조,03000,"근린생활시설, 주택",2,0
경상남도 양산시 북부동 213-6번지,48330,10400,0,0213,0006,일반건축물,경상남도 양산시 희망1길 9-1 (북부동),,,0,108.7,0,108.7,0,블록구조,01000,주택,1,0
경상남도 양산시 북부동 215-1번지,48330,10400,0,0215,0001,일반건축물,경상남도 양산시 북안북7길 12 (북부동),,,0,194.4,0,194.4,0,경량철골구조,18000,농산물보관창고,1,0
경상남도 양산시 북부동 215-3번지,48330,10400,0,0215,0003,일반건축물,경상남도 양산시 북안북7길 12 (북부동),,,0,298.68,0,298.68,0,경량철골구조,18000,양곡창고,1,0
경상남도 양산시 북부동 215-4번지,48330,10400,0,0215,0004,일반건축물,경상남도 양산시 북안북7길 12 (북부동),,,1098.36,200.12,18.22,200.12,18.22,경량철골구조,17000,공장,1,0
경상남도 양산시 북부동 216-6번지,48330,10400,0,0216,0006,일반건축물,경상남도 양산시 북안북9길 1 (북부동),,,0,33.1,0,33.1,0,일반목구조,01000,주택,1,0
경상남도 양산시 북부동 216-11번지,48330,10400,0,0216,0011,일반건축물,,,,0,29.8,0,29.8,0,일반목구조,01000,주택,1,0
경상남도 양산시 북부동 216-12번지,48330,10400,0,0216,0012,일반건축물,경상남도 양산시 북안북7길 6 (북부동),,,149,113.13,75.93,440.89,227.78,철근콘크리트구조,04000,근린생활시설,3,1
경상남도 양산시 북부동 227-2번지,48330,10400,0,0227,0002,일반건축물,경상남도 양산시 호국학도병길 26 (북부동),,,0,231.4,0,231.4,0,블록구조,17000,공장,1,0
경상남도 양산시 북부동 227-4번지,48330,10400,0,0227,0004,일반건축물,경상남도 양산시 북안북7길 24 (북부동),,,307,176.31,57.43,176.31,57.43,경량철골구조,03000,제1종근린생활시설,1,0
경상남도 양산시 북부동 228번지,48330,10400,0,0228,0000,일반건축물,경상남도 양산시 북안북7길 30 (북부동),,,0,76.1,0,76.1,0,일반목구조,01000,주택,1,0
경상남도 양산시 북부동 228-5번지,48330,10400,0,0228,0005,일반건축물,경상남도 양산시 북안북7길 26-1 (북부동),,C동,0,43.68,0,43.68,0,기타조적구조,03000,창고시설(사무실),1,0
경상남도 양산시 북부동 228-5번지,48330,10400,0,0228,0005,일반건축물,경상남도 양산시 북안북7길 26-1 (북부동),,B동,0,253.2,0,253.2,0,기타구조,03000,"창고시설,제2종근린생활시설",1,0
경상남도 양산시 북부동 228-5번지,48330,10400,0,0228,0005,일반건축물,경상남도 양산시 북안북7길 26-1 (북부동),,A동,0,366.9,0,366.9,0,기타강구조,03000,창고시설,1,0
경상남도 양산시 북부동 228-8번지,48330,10400,0,0228,0008,일반건축물,경상남도 양산시 북안북7길 28 (북부동),,,1900,1123.3,59.12,1153.18,60.69,일반철골구조,07000,근린생활시설,2,0
경상남도 양산시 북부동 228-10번지,48330,10400,0,0228,0010,일반건축물,경상남도 양산시 북안북12길 5 (북부동),,,0,76.1,0,76.1,0,블록구조,01000,주택,1,0
경상남도 양산시 북부동 228-18번지,48330,10400,0,0228,0018,일반건축물,경상남도 양산시 북안북12길 6 (북부동),,,452.6,200.8,44.37,200.8,44.37,경량철골구조,03000,근린생활시설,1,0
경상남도 양산시 북부동 228-19번지,48330,10400,0,0228,0019,일반건축물,경상남도 양산시 북안북12길 8 (북부동),,,0,53.9,0,53.9,0,블록구조,01000,주택,1,0
경상남도 양산시 북부동 228-20번지,48330,10400,0,0228,0020,일반건축물,경상남도 양산시 북안북12길 6 (북부동),,,0,66.1,0,115.6,0,블록구조,01000,주택,2,0
경상남도 양산시 북부동 229-2번지,48330,10400,0,0229,0002,일반건축물,경상남도 양산시 북안북7길 32 (북부동),,,284,169.2,59.58,395.05,139.1,철근콘크리트구조,04000,근린생활시설,1,0
경상남도 양산시 북부동 234번지,48330,10400,0,0234,0000,일반건축물,경상남도 양산시 북안북12길 7 (북부동),,양산중학교,0,74.55,0,74.55,0,철근콘크리트구조,10000,"교육연구및복지시설(창고,화장실)",1,0
경상남도 양산시 북부동 234번지,48330,10400,0,0234,0000,일반건축물,경상남도 양산시 북안북12길 7 (북부동),,양산중학교,0,944.09,0,1811.03,0,철근콘크리트구조,10000,교육연구시설,2,0
경상남도 양산시 북부동 234번지,48330,10400,0,0234,0000,일반건축물,경상남도 양산시 북안북12길 7 (북부동),,양산중학교,0,596.7,0,1790.1,0,철근콘크리트구조,10000,교육연구및복지시설,3,0
경상남도 양산시 북부동 234번지,48330,10400,0,0234,0000,일반건축물,경상남도 양산시 북안북12길 7 (북부동),,양산중학교,0,2266.42,0,5212.42,0,철근콘크리트구조,10000,교육연구및복지시설,3,0
경상남도 양산시 북부동 234번지,48330,10400,0,0234,0000,일반건축물,경상남도 양산시 북안북12길 7 (북부동),,양산중학교,0,134.96,0,134.96,0,경량철골구조,10000,교육연구시설,1,0
경상남도 양산시 북부동 234번지,48330,10400,0,0234,0000,일반건축물,경상남도 양산시 북안북12길 7 (북부동),,양산중학교,0,554.75,0,554.75,0,철근콘크리트구조,10000,교육연구시설,1,0
경상남도 양산시 북부동 240-6번지,48330,10400,0,0240,0006,일반건축물,경상남도 양산시 호국학도병길 10 (북부동),,,0,72.1,0,72.1,0,블록구조,01000,주택,1,0
경상남도 양산시 북부동 242-1번지,48330,10400,0,0242,0001,일반건축물,경상남도 양산시 북안북12길 18-1 (북부동),,,0,76,0,76,0,블록구조,01000,주택,1,0
경상남도 양산시 북부동 242-3번지,48330,10400,0,0242,0003,일반건축물,경상남도 양산시 북안북12길 19 (북부동),,,0,0,0,233.64,0,블록구조,01000,주택,2,0
경상남도 양산시 북부동 242-5번지,48330,10400,0,0242,0005,일반건축물,경상남도 양산시 북안북12길 22 (북부동),,,168,100.7,59.94,182.895,108.87,벽돌구조,01000,주택,2,0
경상남도 양산시 북부동 242-6번지,48330,10400,0,0242,0006,일반건축물,경상남도 양산시 북안북12길 21 (북부동),,,0,60.5,0,60.5,0,블록구조,01000,주택,1,0
경상남도 양산시 북부동 242-10번지,48330,10400,0,0242,0010,일반건축물,경상남도 양산시 북안북12길 21-1 (북부동),,,0,61.65,0,61.65,0,기타조적구조,01000,주택,1,0
경상남도 양산시 북부동 243-2번지,48330,10400,0,0243,0002,일반건축물,경상남도 양산시 북안북12길 14 (북부동),,,0,72.03,0,72.03,0,블록구조,01000,주택,1,0
경상남도 양산시 북부동 243-3번지,48330,10400,0,0243,0003,일반건축물,경상남도 양산시 북안북12길 18 (북부동),,,0,92.78,0,92.78,0,블록구조,01000,주택,1,0
경상남도 양산시 북부동 245-3번지,48330,10400,0,0245,0003,일반건축물,,,,0,0,0,33.1,0,일반목구조,01000,주택,1,0
경상남도 양산시 북부동 249-3번지,48330,10400,0,0249,0003,일반건축물,경상남도 양산시 성수로길 14 (북부동),,,269,92.03,34.21,92.03,34.21,블록구조,04000,제2종근린생활시설(사무소),1,0
경상남도 양산시 북부동 251-3번지,48330,10400,0,0251,0003,일반건축물,경상남도 양산시 희망1길 15-3 (북부동),,,0,75.24,0,126.72,0,블록구조,01000,주택,2,0
경상남도 양산시 북부동 251-5번지,48330,10400,0,0251,0005,일반건축물,경상남도 양산시 희망1길 15-2 (북부동),,,0,71,0,71,0,블록구조,01000,주택,1,0
경상남도 양산시 북부동 251-6번지,48330,10400,0,0251,0006,일반건축물,경상남도 양산시 희망1길 15-1 (북부동),,,0,68.73,0,68.73,0,블록구조,01000,주택,1,0
경상남도 양산시 북부동 252-5번지,48330,10400,0,0252,0005,표제부,경상남도 양산시 희망1길 21 (북부동),북부연립,2동,0,306.67,0,613.34,0,블록구조,02000,공동주택,2,0
경상남도 양산시 북부동 252-5번지,48330,10400,0,0252,0005,표제부,경상남도 양산시 희망1길 21 (북부동),북부연립,1동,0,261.2,0,522.4,0,블록구조,02000,공동주택,2,0
경상남도 양산시 북부동 252-6번지,48330,10400,0,0252,0006,일반건축물,경상남도 양산시 성수로길 24 (북부동),,,0,80.19,0,80.19,0,블록구조,01000,주택,1,0
경상남도 양산시 북부동 252-7번지,48330,10400,0,0252,0007,일반건축물,경상남도 양산시 희망1길 21-1 (북부동),,,0,65.63,0,115.75,0,블록구조,01000,주택,2,0
경상남도 양산시 북부동 252-10번지,48330,10400,0,0252,0010,일반건축물,경상남도 양산시 성수로길 24-1 (북부동),,,0,77.4,0,137.43,0,블록구조,01000,주택,2,0
경상남도 양산시 북부동 255번지,48330,10400,0,0255,0000,일반건축물,경상남도 양산시 호국학도병길 2 (북부동),양산고등학교,,0,919.18,0,3254.7,0,철근콘크리트구조,10000,교육연구시설,4,0
경상남도 양산시 북부동 255번지,48330,10400,0,0255,0000,일반건축물,경상남도 양산시 호국학도병길 2 (북부동),양산고등학교,,0,4596.74,0,10689.34,0,철근콘크리트구조,10000,교육연구및복지시설,4,1
경상남도 양산시 북부동 255번지,48330,10400,0,0255,0000,일반건축물,경상남도 양산시 호국학도병길 2 (북부동),양산고등학교,,0,681.56,0,676.71,0,철근콘크리트구조,10000,교육연구시설(급식소),1,0
경상남도 양산시 북부동 255번지,48330,10400,0,0255,0000,일반건축물,경상남도 양산시 호국학도병길 2 (북부동),양산고등학교,,0,168.4,0,290.8,0,철근콘크리트구조,10000,교육연구시설(기숙사),1,0
경상남도 양산시 북부동 255번지,48330,10400,0,0255,0000,일반건축물,경상남도 양산시 호국학도병길 2 (북부동),양산고등학교,,0,40.5,0,40.5,0,철근콘크리트구조,10000,교육연구및복지시설(창고),1,0
경상남도 양산시 북부동 255번지,48330,10400,0,0255,0000,일반건축물,경상남도 양산시 호국학도병길 2 (북부동),양산고등학교,,0,384,0,384,0,일반철골구조,10000,교육연구및복지시설(훈련장),1,0
경상남도 양산시 북부동 255-1번지,48330,10400,0,0255,0001,일반건축물,경상남도 양산시 희망1길 25 (북부동),,,1661,643.32,38.73,2204.11,111.61,철근콘크리트구조,10000,교육연구시설,3,1
경상남도 양산시 북부동 256-2번지,48330,10400,0,0256,0002,일반건축물,경상남도 양산시 희망1길 30 (북부동),,,218,129.3,59.31,366.55,168.14,철근콘크리트구조,01000,"제1종근린생활시설,단독주택(다가구)",4,0
경상남도 양산시 북부동 256-3번지,48330,10400,0,0256,0003,표제부,경상남도 양산시 희망1길 28 (북부동),우정빌라,,406.6,211.95,52.13,764.6,188.05,철근콘크리트구조,02000,공동주택,4,0
경상남도 양산시 북부동 257-1번지,48330,10400,0,0257,0001,일반건축물,경상남도 양산시 희망1길 24-7 (북부동),,,568,268.3,47.24,647.77,114.04,철근콘크리트구조,01000,단독주택(다가구),4,0
경상남도 양산시 북부동 257-9번지,48330,10400,0,0257,0009,일반건축물,경상남도 양산시 희망1길 24-5 (북부동),,,524,280.24,53.48,739.66,141.16,철근콘크리트구조,01000,"단독주택(다가구),제1종근린생활시설",4,0
경상남도 양산시 북부동 257-10번지,48330,10400,0,0257,0010,일반건축물,경상남도 양산시 희망1길 24-6 (북부동),,,422,215.48,51.06,648.28,153.62,철근콘크리트구조,01000,단독주택(다가구),4,0
경상남도 양산시 북부동 258번지,48330,10400,0,0258,0000,표제부,경상남도 양산시 희망1길 24-1 (북부동),동원아트빌,,1253,215.6,17.21,1722.24,137.45,철근콘크리트구조,02000,공동주택,9,0
경상남도 양산시 북부동 258-2번지,48330,10400,0,0258,0002,표제부,경상남도 양산시 희망1길 24-2 (북부동),삼광아트빌,B동,0,177.31,0,656.11,0,철근콘크리트구조,02000,공동주택,5,0
경상남도 양산시 북부동 258-2번지,48330,10400,0,0258,0002,표제부,경상남도 양산시 희망1길 24-2 (북부동),삼광아트빌,A동,0,177.31,0,656.11,0,철근콘크리트구조,02000,공동주택,5,0
경상남도 양산시 북부동 258-3번지,48330,10400,0,0258,0003,일반건축물,경상남도 양산시 희망1길 24-3 (북부동),,,312,185.11,59.33,566.58,181.6,철근콘크리트구조,01000,단독주택(다가구),4,0
경상남도 양산시 북부동 258-4번지,48330,10400,0,0258,0004,일반건축물,경상남도 양산시 희망2길 39-1 (북부동),,,254,150.94,59.43,428.82,168.83,철근콘크리트구조,01000,단독주택(다가구),4,0
경상남도 양산시 북부동 258-9번지,48330,10400,0,0258,0009,일반건축물,경상남도 양산시 희망1길 24-4 (북부동),,,350,180.71,51.63,548.34,156.67,철근콘크리트구조,01000,단독주택(다가구),4,0
경상남도 양산시 북부동 258-11번지,48330,10400,0,0258,0011,일반건축물,경상남도 양산시 희망2길 39 (북부동),,,254,149.75,58.96,412.34,162.34,철근콘크리트구조,01000,단독주택(다가구),4,0
경상남도 양산시 북부동 258-12번지,48330,10400,0,0258,0012,표제부,경상남도 양산시 희망2길 37 (북부동),황금빌리지,,568,331.76,58.41,1164.72,205.06,철근콘크리트구조,02000,공동주택,5,0
경상남도 양산시 북부동 259-7번지,48330,10400,0,0259,0007,일반건축물,경상남도 양산시 희망1길 18-4 (북부동),,,0,0,0,299.45,0,블록구조,01000,주택,1,0
경상남도 양산시 북부동 261-1번지,48330,10400,0,0261,0001,일반건축물,경상남도 양산시 희망1길 18-7 (북부동),,,0,59.5,0,59.5,0,블록구조,01000,주택,1,0
경상남도 양산시 북부동 261-2번지,48330,10400,0,0261,0002,일반건축물,경상남도 양산시 희망1길 18-2 (북부동),,,0,62.67,0,108.88,0,블록구조,01000,주택,2,0
경상남도 양산시 북부동 261-4번지,48330,10400,0,0261,0004,일반건축물,경상남도 양산시 희망1길 18-9 (북부동),,,0,89.3,0,89.3,0,블록구조,01000,주택,1,0
경상남도 양산시 북부동 261-5번지,48330,10400,0,0261,0005,일반건축물,경상남도 양산시 희망1길 18-3 (북부동),,,0,46.3,0,46.3,0,블록구조,01000,주택,1,0
경상남도 양산시 북부동 261-6번지,48330,10400,0,0261,0006,일반건축물,경상남도 양산시 희망1길 18-5 (북부동),,,0,41,0,41,0,블록구조,01000,주택,1,0
경상남도 양산시 북부동 261-7번지,48330,10400,0,0261,0007,일반건축물,경상남도 양산시 희망1길 18-6 (북부동),,,0,49.6,0,49.6,0,블록구조,01000,주택,1,0
경상남도 양산시 북부동 261-8번지,48330,10400,0,0261,0008,일반건축물,경상남도 양산시 희망1길 18-8 (북부동),,,0,59.5,0,59.5,0,블록구조,01000,주택,1,0
경상남도 양산시 북부동 263-2번지,48330,10400,0,0263,0002,일반건축물,경상남도 양산시 희망1길 26 (북부동),,,209,100.29,47.99,96.19,46.02,철근콘크리트구조,11000,노유자시설,1,0
경상남도 양산시 북부동 264-1번지,48330,10400,0,0264,0001,일반건축물,경상남도 양산시 희망1길 17 (북부동),,,0,65.32,0,116.57,0,블록구조,03000,"근린생활시설, 주택",2,0
경상남도 양산시 북부동 265-1번지,48330,10400,0,0265,0001,표제부,경상남도 양산시 희망1길 18 (북부동),희망연립,,0,152.31,0,411.25,0,철근콘크리트구조,02000,연립주택,2,1
경상남도 양산시 북부동 265-2번지,48330,10400,0,0265,0002,일반건축물,경상남도 양산시 희망1길 16-1 (북부동),,,0,43,0,43,0,블록구조,01000,주택,1,0
경상남도 양산시 북부동 265-4번지,48330,10400,0,0265,0004,일반건축물,경상남도 양산시 희망1길 16 (북부동),,,0,46.3,0,46.3,0,블록구조,01000,주택,1,0
경상남도 양산시 북부동 265-5번지,48330,10400,0,0265,0005,일반건축물,경상남도 양산시 희망1길 16-2 (북부동),,,0,46.3,0,46.3,0,블록구조,01000,주택,1,0
경상남도 양산시 북부동 265-6번지,48330,10400,0,0265,0006,일반건축물,경상남도 양산시 희망1길 14 (북부동),,,123,68.14,55.4,177.41,128.7,벽돌구조,01000,"제2종근린생활시설,제1종근린생활시설,단독주택",3,0
경상남도 양산시 북부동 265-7번지,48330,10400,0,0265,0007,일반건축물,경상남도 양산시 희망1길 16-3 (북부동),,,0,59.5,0,59.5,0,블록구조,01000,주택,1,0
경상남도 양산시 북부동 265-8번지,48330,10400,0,0265,0008,일반건축물,경상남도 양산시 희망1길 16-4 (북부동),,,0,52.2,0,95.85,0,블록구조,01000,주택,2,0
경상남도 양산시 북부동 265-9번지,48330,10400,0,0265,0009,일반건축물,경상남도 양산시 희망1길 16-5 (북부동),양산읍희망마을회,,0,48,0,96,0,기타조적구조,03000,근린공공시설,2,0
경상남도 양산시 북부동 265-9번지,48330,10400,0,0265,0009,표제부,경상남도 양산시 희망1길 16-5 (북부동),희망연립,,0,142.4,0,282.8,0,벽돌구조,02000,연립주택,2,0
경상남도 양산시 북부동 265-10번지,48330,10400,0,0265,0010,표제부,경상남도 양산시 희망1길 16-5 (북부동),수원연립,,0,142.4,0,282.8,0,벽돌구조,02000,연립주택,2,0
경상남도 양산시 북부동 266번지,48330,10400,0,0266,0000,일반건축물,경상남도 양산시 희망1길 13 (북부동),,,540,260.78,48.29,742.19,137.44,철근콘크리트구조,01000,"단독주택,제2종근린생활시설",4,0
경상남도 양산시 북부동 268-2번지,48330,10400,0,0268,0002,일반건축물,경상남도 양산시 희망1길 11 (북부동),,,149,76.6,51.41,129.97,87.23,철근콘크리트구조,01000,단독주택,2,0
경상남도 양산시 북부동 268-5번지,48330,10400,0,0268,0005,일반건축물,경상남도 양산시 희망1길 12 (북부동),,,181,100.26,55.39,94.02,51.94,철근콘크리트구조,01000,단독주택,1,0
경상남도 양산시 북부동 268-6번지,48330,10400,0,0268,0006,일반건축물,경상남도 양산시 희망1길 12-1 (북부동),,,0,111.92,0,186.65,0,벽돌구조,01000,주택,2,0
경상남도 양산시 북부동 269번지,48330,10400,0,0269,0000,일반건축물,경상남도 양산시 중앙우회로 102 (북부동),양산초등학교,,0,131.56,0,131.56,0,경량철골구조,10000,교육연구및복지시설,1,0
경상남도 양산시 북부동 269번지,48330,10400,0,0269,0000,일반건축물,경상남도 양산시 중앙우회로 102 (북부동),양산초등학교,,25403,3461.65,13.63,8075.38,31.79,철근콘크리트구조,10000,교육연구시설,4,0
경상남도 양산시 북부동 293번지,48330,10400,0,0293,0000,일반건축물,경상남도 양산시 중앙우회로 88-9 (북부동),,1동,110,49.68,45.16,99.36,90.33,일반목구조,03000,제1종근린생활시설,2,0
경상남도 양산시 북부동 294번지,48330,10400,0,0294,0000,일반건축물,경상남도 양산시 중앙우회로 88-5 (북부동),,,0,33.1,0,33.1,0,블록구조,01000,주택,1,0
경상남도 양산시 북부동 299-2번지,48330,10400,0,0299,0002,표제부,경상남도 양산시 중앙우회로 92 (북부동),승한트윈스 A,,353,166.1,47.05,659.16,186.73,철근콘크리트구조,02000,공동주택(다세대),5,0
경상남도 양산시 북부동 299-5번지,48330,10400,0,0299,0005,표제부,경상남도 양산시 중앙우회로 90 (북부동),승한트윈스 B,,281,166.6,59.29,659.52,234.7,철근콘크리트구조,02000,공동주택(다세대),5,0
경상남도 양산시 북부동 299-6번지,48330,10400,0,0299,0006,일반건축물,경상남도 양산시 중앙우회로 94 (북부동),,,65,38.28,58.89,76.56,117.78,일반철골구조,01000,"제1종근린생활시설,단독주택",2,0
경상남도 양산시 북부동 306번지,48330,10400,0,0306,0000,일반건축물,경상남도 양산시 중앙우회로 88-3 (북부동),,,395,158,40,494.032,125.07,일반철골구조,04000,"제1,2종근린생활시설,단독주택",4,0
경상남도 양산시 북부동 309-1번지,48330,10400,0,0309,0001,일반건축물,경상남도 양산시 장삼동길 13-1 (북부동),,,1995.54,670.87,33.62,1841.92,75.8,철근콘크리트구조,Z5000,종교시설,3,1
경상남도 양산시 북부동 312-2번지,48330,10400,0,0312,0002,일반건축물,경상남도 양산시 장삼동길 13 (북부동),,,140,80.27,57.34,148.28,105.91,블록구조,01000,주택,2,0
경상남도 양산시 북부동 315-1번지,48330,10400,0,0315,0001,일반건축물,경상남도 양산시 장삼동길 12 (북부동),,,75,48.5,64.67,48.5,64.67,벽돌구조,01000,단독주택,1,0
경상남도 양산시 북부동 315-2번지,48330,10400,0,0315,0002,일반건축물,,,,0,43,0,43,0,일반목구조,01000,주택,1,0
경상남도 양산시 북부동 315-4번지,48330,10400,0,0315,0004,일반건축물,,,,0,56.2,0,56.2,0,블록구조,01000,주택,1,0
경상남도 양산시 북부동 318-3번지,48330,10400,0,0318,0003,표제부,경상남도 양산시 북안남5길 30 (북부동),세종빌딩,,1520,612.71,40.3,3720.12,244.74,철근콘크리트구조,14000,"업무시설, 교육연구및복지시설, 제2종근린생활시설",7,0
경상남도 양산시 북부동 318-5번지,48330,10400,0,0318,0005,일반건축물,경상남도 양산시 중앙우회로 97 (북부동),,,0,66.98,0,66.98,0,블록구조,01000,주택,1,0
경상남도 양산시 북부동 318-6번지,48330,10400,0,0318,0006,일반건축물,경상남도 양산시 중앙우회로 95 (북부동),,,212,117.3,55.33,137.3,64.76,조적구조,01000,"주택, 근린생활시설",2,0
경상남도 양산시 북부동 318-7번지,48330,10400,0,0318,0007,일반건축물,경상남도 양산시 중앙우회로 93 (북부동),,,141,83.01,58.87,164.19,116.45,철근콘크리트구조,01000,"근린생활시설, 주택",2,0
경상남도 양산시 북부동 318-8번지,48330,10400,0,0318,0008,일반건축물,경상남도 양산시 장삼동길 5 (북부동),,,0,53.33,0,53.33,0,블록구조,01000,주택,1,0
경상남도 양산시 북부동 320-1번지,48330,10400,0,0320,0001,일반건축물,경상남도 양산시 장삼동길 7 (북부동),,,294,92.02,31.3,155.68,52.95,철근콘크리트구조,01000,단독주택,2,0
경상남도 양산시 북부동 320-2번지,48330,10400,0,0320,0002,일반건축물,경상남도 양산시 장동3길 11-2 (북부동),,,0,49.96,0,49.96,0,블록구조,01000,단독주택,1,0
경상남도 양산시 북부동 321번지,48330,10400,0,0321,0000,일반건축물,경상남도 양산시 장동3길 13-1 (북부동),,,187.97,106.5,56.66,189.94,101.05,벽돌구조,01000,단독주택,2,0
경상남도 양산시 북부동 322번지,48330,10400,0,0322,0000,일반건축물,경상남도 양산시 장동3길 13 (북부동),,,0,60.8,0,60.8,0,블록구조,01000,주택,1,0
경상남도 양산시 북부동 323번지,48330,10400,0,0323,0000,일반건축물,경상남도 양산시 북안남5길 22 (북부동),생활기반센터(북부지구),주1동,1664.9,1116.24,67.05,1412.63,84.85,철근콘크리트구조,11000,노유자시설,2,0
경상남도 양산시 북부동 324-1번지,48330,10400,0,0324,0001,표제부,경상남도 양산시 장동3길 7 (북부동),중앙빌라,,368,186.22,50.6,649.89,176.6,철근콘크리트구조,02000,공동주택(다세대),4,0
경상남도 양산시 북부동 324-3번지,48330,10400,0,0324,0003,일반건축물,경상남도 양산시 장동3길 11 (북부동),,,0,108.07,0,182.13,0,블록구조,01000,다세대주택,2,0
경상남도 양산시 북부동 324-4번지,48330,10400,0,0324,0004,일반건축물,경상남도 양산시 장동3길 9 (북부동),,,0,70.45,0,70.45,0,블록구조,01000,주택,1,0
경상남도 양산시 북부동 327-2번지,48330,10400,0,0327,0002,일반건축물,경상남도 양산시 북안남5길 21 (북부동),,E동,0,89.1,0,165,0,일반철골구조,14000,업무시설,2,0
경상남도 양산시 북부동 327-2번지,48330,10400,0,0327,0002,일반건축물,경상남도 양산시 북안남5길 21 (북부동),중앙동사무소,A동,0,705.79,0,1499.36,0,철근콘크리트구조,14000,업무시설,3,0
경상남도 양산시 북부동 327-2번지,48330,10400,0,0327,0002,일반건축물,경상남도 양산시 북안남5길 21 (북부동),중앙동사무소,C동,0,65.9,0,65.9,0,철근콘크리트구조,14000,업무시설,1,0
경상남도 양산시 북부동 327-4번지,48330,10400,0,0327,0004,일반건축물,경상남도 양산시 북안남5길 27 (북부동),양산시 노인복지관,,1377,482.77,35.06,1361.63,98.88,철근콘크리트구조,11000,노유자시설,4,0
경상남도 양산시 북부동 328번지,48330,10400,0,0328,0000,일반건축물,경상남도 양산시 북안남5길 29-22 (북부동),,,0,80.84,0,80.84,0,블록구조,01000,주택,1,0
경상남도 양산시 북부동 331-2번지,48330,10400,0,0331,0002,일반건축물,경상남도 양산시 북안남5길 15 (북부동),양산시 장애인복지관,,1931,504,26.1,1709.31,78.3,철근콘크리트구조,11000,노유자시설,3,1
경상남도 양산시 북부동 335번지,48330,10400,0,0335,0000,일반건축물,경상남도 양산시 북안남5길 20 (북부동),칠칠공사,,566.1,166.99,29.5,166.99,29.5,일반목구조,05000,문화및집회시설,1,0
경상남도 양산시 북부동 336번지,48330,10400,0,0336,0000,일반건축물,경상남도 양산시 장동3길 6-1 (북부동),,,0,116.875,0,233.75,0,벽돌구조,01000,"근린생활시설, 주택",2,0
경상남도 양산시 북부동 337-2번지,48330,10400,0,0337,0002,일반건축물,경상남도 양산시 장동3길 6 (북부동),,,0,29.8,0,29.8,0,일반목구조,01000,주택,1,0
경상남도 양산시 북부동 337-8번지,48330,10400,0,0337,0008,일반건축물,경상남도 양산시 장동3길 8-1 (북부동),,,102,60.77,59.58,60.77,59.58,블록구조,01000,주택,1,0
경상남도 양산시 북부동 337-10번지,48330,10400,0,0337,0010,일반건축물,경상남도 양산시 장동3길 8 (북부동),,,0,24.2,0,24.2,0,일반목구조,01000,주택,1,0
경상남도 양산시 북부동 339-1번지,48330,10400,0,0339,0001,표제부,경상남도 양산시 장동3길 12 (북부동),,,397,215.15,54.19,994.54,250.51,철근콘크리트구조,02000,"공동주택,업무시설",6,0
경상남도 양산시 북부동 339-4번지,48330,10400,0,0339,0004,일반건축물,경상남도 양산시 장동3길 10 (북부동),,,156.32,89.51,58.47,168.53,107.81,기타조적구조,01000,단독주택,2,0
경상남도 양산시 북부동 340번지,48330,10400,0,0340,0000,표제부,경상남도 양산시 장동3길 14 (북부동),세움라온빌,,265,153.688,58,719.707,272.08,철근콘크리트구조,02000,"공동주택,업무시설",6,0
경상남도 양산시 북부동 341번지,48330,10400,0,0341,0000,일반건축물,경상남도 양산시 장동3길 14-3 (북부동),,,0,96.03,0,171.93,0,벽돌구조,01000,주택,2,1
경상남도 양산시 북부동 342번지,48330,10400,0,0342,0000,일반건축물,경상남도 양산시 삼동5길 9-2 (북부동),,,0,33.1,0,33.1,0,일반목구조,01000,주택,1,0
경상남도 양산시 북부동 343번지,48330,10400,0,0343,0000,일반건축물,경상남도 양산시 삼동5길 9 (북부동),,,0,58.2,0,58.2,0,블록구조,01000,주택,1,0
경상남도 양산시 북부동 345번지,48330,10400,0,0345,0000,일반건축물,경상남도 양산시 삼동5길 9-3 (북부동),,,0,81.58,0,81.58,0,벽돌구조,01000,주택,1,0
경상남도 양산시 북부동 351-1번지,48330,10400,0,0351,0001,일반건축물,경상남도 양산시 장동2길 14 (북부동),,,906.53,526.155,58.04,2302.81,191.54,철근콘크리트구조,06000,종교시설,4,1
경상남도 양산시 북부동 353번지,48330,10400,0,0353,0000,일반건축물,경상남도 양산시 장동2길 8-1 (북부동),,,0,99.3,0,99.3,0,벽돌구조,01000,주택,1,0
경상남도 양산시 북부동 360번지,48330,10400,0,0360,0000,일반건축물,경상남도 양산시 삼일로 111 (북부동),,,0,239.385,0,769.18,0,철근콘크리트구조,03000,근린생활시설,3,1
경상남도 양산시 북부동 361-1번지,48330,10400,0,0361,0001,일반건축물,경상남도 양산시 장동1길 3 (북부동),,,107.66,74.14,68.87,195.69,181.77,철근콘크리트구조,01000,"근린생활시설, 주택",3,0
경상남도 양산시 북부동 361-20번지,48330,10400,0,0361,0020,일반건축물,경상남도 양산시 장동1길 1 (북부동),,,123.76,106.21,83.99,318.63,229.41,철근콘크리트구조,04000,근린생활시설,3,0
경상남도 양산시 북부동 361-23번지,48330,10400,0,0361,0023,일반건축물,,,,0,108,0,136.8,0,블록구조,03000,"점포, 주택",2,0
경상남도 양산시 북부동 361-24번지,48330,10400,0,0361,0024,일반건축물,경상남도 양산시 장동1길 2 (북부동),,,238,159.08,66.84,499.87,190.42,철근콘크리트구조,15000,"주택, 제1,2종근린생활시설, 숙박시설",3,1
경상남도 양산시 북부동 361-27번지,48330,10400,0,0361,0027,일반건축물,경상남도 양산시 장동1길 6 (북부동),,,0,5.46,0,5.46,0,일반목구조,03000,제1종근린생활시설,1,0
경상남도 양산시 북부동 361-27번지,48330,10400,0,0361,0027,일반건축물,경상남도 양산시 장동1길 6 (북부동),,,0,28.56,0,28.56,0,철근콘크리트구조,03000,제1종근린생활시설,1,0
경상남도 양산시 북부동 361-27번지,48330,10400,0,0361,0027,일반건축물,경상남도 양산시 장동1길 6 (북부동),,,0,75.06,0,125.13,0,일반목구조,01000,단독주택,2,0
경상남도 양산시 북부동 362-1번지,48330,10400,0,0362,0001,일반건축물,경상남도 양산시 장동1길 10 (북부동),,,0,79,0,79,0,벽돌구조,03000,근린생활시설,1,0
경상남도 양산시 북부동 362-3번지,48330,10400,0,0362,0003,일반건축물,경상남도 양산시 장동1길 8 (북부동),,,202,133.74,66.21,216.3,107.08,벽돌구조,04000,"제2종근린생활시설,단독주택",2,0
경상남도 양산시 북부동 369번지,48330,10400,0,0369,0000,일반건축물,경상남도 양산시 장동2길 9 (북부동),양산성당,,0,184.2,0,408.51,0,철근콘크리트구조,06000,종교시설,2,1
경상남도 양산시 북부동 369번지,48330,10400,0,0369,0000,일반건축물,경상남도 양산시 장동2길 9 (북부동),양산성당,,0,872.4,0,2717.31,0,철근콘크리트구조,06000,종교시설,3,1
경상남도 양산시 북부동 371-2번지,48330,10400,0,0371,0002,일반건축물,경상남도 양산시 북안남5길 8 (북부동),,,266,173.02,65.05,990.6,310.47,철근콘크리트구조,04000,"제1종근린생활시설,제2종근린생활시설,노유자시설,단독주택",5,1
경상남도 양산시 북부동 371-4번지,48330,10400,0,0371,0004,일반건축물,,,,0,73.25,0,146.5,0,철근콘크리트구조,03000,근린공공시설,2,0
경상남도 양산시 북부동 373번지,48330,10400,0,0373,0000,일반건축물,경상남도 양산시 북안남5길 12 (북부동),양산등기소,,972.9,425.78,43.76,955.6,86.57,철근콘크리트구조,03000,근린공공시설,2,1
경상남도 양산시 북부동 374번지,48330,10400,0,0374,0000,일반건축물,경상남도 양산시 장동2길 12 (북부동),,제1동,1283,551.76,43.01,2670.04,208.11,철골철근콘크리트구조,10000,교육연구시설,5,0
경상남도 양산시 북부동 376-1번지,48330,10400,0,0376,0001,일반건축물,경상남도 양산시 장동2길 16 (북부동),축협창고,,334,278.7,83.44,278.7,83.44,벽돌구조,04000,제2종근린생활시설,1,0
경상남도 양산시 북부동 377번지,48330,10400,0,0377,0000,일반건축물,경상남도 양산시 북안남5길 12-1 (북부동),,,0,118.27,0,252.54,0,철근콘크리트구조,01000,"주택, 근린생활시설",2,1
경상남도 양산시 북부동 380-3번지,48330,10400,0,0380,0003,일반건축물,경상남도 양산시 북안남5길 10 (북부동),,,149,101.44,68.08,199.28,133.74,철근콘크리트구조,03000,근린생활시설,2,0
경상남도 양산시 북부동 382-1번지,48330,10400,0,0382,0001,일반건축물,경상남도 양산시 북안남5길 11 (북부동),,,454,331.94,73.11,663.88,146.23,철근콘크리트구조,03000,"제1,2종근린생활시설",2,0
경상남도 양산시 북부동 384-10번지,48330,10400,0,0384,0010,표제부,경상남도 양산시 북안남7길 12 (북부동),,안전빌라트,317,240.26,75.79,1093.645,315.79,철근콘크리트구조,02000,공동주택(아파트),6,1
경상남도 양산시 북부동 386번지,48330,10400,0,0386,0000,일반건축물,,,,0,114.1,0,114.1,0,일반목구조,01000,주택,1,0
경상남도 양산시 북부동 386-2번지,48330,10400,0,0386,0002,일반건축물,,,,0,26.4,0,42.9,0,블록구조,03000,점포,2,0
경상남도 양산시 북부동 386-3번지,48330,10400,0,0386,0003,일반건축물,경상남도 양산시 북안남5길 7-1 (북부동),,,0,141.05,0,400.1,0,철근콘크리트구조,15000,"점포, 여관, 위락시설",3,1
경상남도 양산시 북부동 386-5번지,48330,10400,0,0386,0005,일반건축물,경상남도 양산시 북안남5길 7 (북부동),,,0,71.345,0,198.59,0,철근콘크리트구조,03000,"근린생활시설, 주택",3,0
경상남도 양산시 북부동 386-7번지,48330,10400,0,0386,0007,일반건축물,경상남도 양산시 북안남5길 5 (북부동),,,98.755,64.06,64.87,64.06,64.87,경량철골구조,03000,근린생활시설,1,0
경상남도 양산시 북부동 386-11번지,48330,10400,0,0386,0011,일반건축물,경상남도 양산시 북안남5길 6-1 (북부동),,,0,72.7,0,145.4,0,철근콘크리트구조,03000,점포,2,0
경상남도 양산시 북부동 388번지,48330,10400,0,0388,0000,일반건축물,경상남도 양산시 중앙로 178-19 (북부동),,,0,29.8,0,57.1,0,일반목구조,01000,주택,1,0
경상남도 양산시 북부동 390번지,48330,10400,0,0390,0000,일반건축물,경상남도 양산시 중앙로 178-9 (북부동),,,0,18.33,0,18.33,0,블록구조,01000,주택,1,0
경상남도 양산시 북부동 391번지,48330,10400,0,0391,0000,일반건축물,경상남도 양산시 중앙로 174-2 (북부동),,,0,33.1,0,91.3,0,철근콘크리트구조,04000,"근린생활시설, 주택",3,0
경상남도 양산시 북부동 392-6번지,48330,10400,0,0392,0006,일반건축물,경상남도 양산시 북안남5길 5-1 (북부동),,,515.12,198.68,38.57,198.68,38.57,경량철골구조,Z3000,"근린생활시설, 주택",1,0
경상남도 양산시 북부동 392-7번지,48330,10400,0,0392,0007,일반건축물,경상남도 양산시 중앙로 170 (북부동),,,329,236.74,71.96,1998.44,538.43,철근콘크리트구조,04000,"제2종근린생활시설,근린생활시설, 위락시설",8,1
경상남도 양산시 북부동 392-9번지,48330,10400,0,0392,0009,일반건축물,,,,0,77.76,0,77.76,0,블록구조,03000,근린생활시설,1,0
경상남도 양산시 북부동 392-10번지,48330,10400,0,0392,0010,일반건축물,경상남도 양산시 중앙로 168 (북부동),,,492,329.27,66.92,959.66,195.05,철근콘크리트구조,03000,"제1종근린생활시설, 제종근린생활시설",3,0
경상남도 양산시 북부동 392-12번지,48330,10400,0,0392,0012,일반건축물,경상남도 양산시 중앙로 172 (북부동),,,0,112.195,0,409.175,0,철근콘크리트구조,03000,"점포, 사무실, 의원",4,0
경상남도 양산시 북부동 396번지,48330,10400,0,0396,0000,일반건축물,경상남도 양산시 중앙로 165 (북부동),,,0,67.7,0,201.5,0,철근콘크리트구조,03000,"근린생활시설, 주택",3,0
경상남도 양산시 북부동 396번지,48330,10400,0,0396,0000,일반건축물,경상남도 양산시 북안남6길 3-1 (북부동),,,341,108.06,31.68,108.06,31.68,일반목구조,04000,근린생활시설,1,0
경상남도 양산시 북부동 396-4번지,48330,10400,0,0396,0004,일반건축물,경상남도 양산시 중앙로 165-1 (북부동),,,0,135.2,0,388.4,0,철근콘크리트구조,03000,"점포, 주택",3,0
경상남도 양산시 북부동 398-1번지,48330,10400,0,0398,0001,일반건축물,경상남도 양산시 북안남6길 3 (북부동),,,0,56.2,0,109.1,0,철근콘크리트구조,03000,점포,2,0
경상남도 양산시 북부동 398-3번지,48330,10400,0,0398,0003,일반건축물,경상남도 양산시 중앙로 167 (북부동),,,396,237.535,59.98,459.56,116.05,철근콘크리트구조,03000,"제1종근린생활시설, 제2종근린생활시설",2,0
경상남도 양산시 북부동 402번지,48330,10400,0,0402,0000,일반건축물,경상남도 양산시 중앙로 174-1 (북부동),,,132,91.81,69.55,265.22,200.92,철근콘크리트구조,04000,"점포,제2종근린생활시설,주택",3,0
경상남도 양산시 북부동 402-3번지,48330,10400,0,0402,0003,일반건축물,경상남도 양산시 중앙로 174 (북부동),,,110.35,78.2,70.86,247.4,224.2,철근콘크리트구조,03000,"근린생활시설, 주택",4,0
경상남도 양산시 북부동 409-1번지,48330,10400,0,0409,0001,일반건축물,경상남도 양산시 북안남4길 4 (북부동),,,410,359.54,87.69,1458.65,350.77,철근콘크리트구조,16000,"근린생활시설, 여관, 위락시설, 주택",4,1
경상남도 양산시 북부동 409-4번지,48330,10400,0,0409,0004,일반건축물,경상남도 양산시 북안남4길 2 (북부동),,,0,33.1,0,132.4,0,철근콘크리트구조,03000,근린생활시설,4,0
경상남도 양산시 북부동 409-5번지,48330,10400,0,0409,0005,일반건축물,경상남도 양산시 북안남4길 2 (북부동),,,0,95.7,0,382.8,0,철근콘크리트구조,03000,"근린생활시설, 위락시설",4,0
경상남도 양산시 북부동 410-4번지,48330,10400,0,0410,0004,일반건축물,경상남도 양산시 북안남4길 6 (북부동),,,526,283.02,53.81,1810.92,344.28,철근콘크리트구조,15000,숙박시설,8,0
경상남도 양산시 북부동 413-2번지,48330,10400,0,0413,0002,일반건축물,경상남도 양산시 중앙로 164 (북부동),,,0,143.1,0,450.1,0,철근콘크리트구조,03000,"근린생활시설, 주택",4,0
경상남도 양산시 북부동 413-3번지,48330,10400,0,0413,0003,일반건축물,,,,0,49.6,0,198.4,0,철근콘크리트구조,01000,"점포, 주택",4,0
경상남도 양산시 북부동 413-6번지,48330,10400,0,0413,0006,일반건축물,경상남도 양산시 북안남5길 2 (북부동),,,0,75.4,0,230.2,0,철근콘크리트구조,03000,"점포, 주택",3,0
경상남도 양산시 북부동 413-7번지,48330,10400,0,0413,0007,일반건축물,경상남도 양산시 북안남5길 4 (북부동),,,0,98.23,0,299.075,0,철근콘크리트구조,03000,"점포, 근린생활시설",4,0
경상남도 양산시 북부동 414-1번지,48330,10400,0,0414,0001,일반건축물,경상남도 양산시 북안남5길 4-1 (북부동),,,167.86,133.14,79.32,598.99,356.83,철근콘크리트구조,04000,근린생활시설,5,0
경상남도 양산시 북부동 415-1번지,48330,10400,0,0415,0001,일반건축물,,,,0,0,0,103.8,0,철근콘크리트구조,04000,"위락시설, 근린생활시설",2,0
경상남도 양산시 북부동 416-1번지,48330,10400,0,0416,0001,일반건축물,경상남도 양산시 장동1길 11 (북부동),,,81,65.65,81.05,267.02,329.65,철근콘크리트구조,01000,"단독주택,제1종근린생활시설",5,0
경상남도 양산시 북부동 417-2번지,48330,10400,0,0417,0002,일반건축물,경상남도 양산시 장동1길 15-33 (북부동),,,297,208.26,70.12,604.84,203.65,철근콘크리트구조,01000,단독주택(다가구),4,0
경상남도 양산시 북부동 417-4번지,48330,10400,0,0417,0004,일반건축물,경상남도 양산시 장동1길 13-1 (북부동),,,0,78.93,0,236.79,0,철근콘크리트구조,03000,"근린생활시설, 주택",3,0
경상남도 양산시 북부동 417-6번지,48330,10400,0,0417,0006,일반건축물,경상남도 양산시 장동1길 14 (북부동),,,130,93.24,71.72,266.3,204.85,철근콘크리트구조,03000,"근린생활시설, 주택",3,0
경상남도 양산시 북부동 417-7번지,48330,10400,0,0417,0007,일반건축물,경상남도 양산시 장동1길 12 (북부동),,,0,80.56,0,239.68,0,철근콘크리트구조,03000,"주택, 근린생활시설",3,0
경상남도 양산시 북부동 417-17번지,48330,10400,0,0417,0017,일반건축물,경상남도 양산시 장동1길 7 (북부동),,,0,113.99,0,341.97,0,벽돌구조,03000,"근린생활시설, 주택",3,0
경상남도 양산시 북부동 417-18번지,48330,10400,0,0417,0018,일반건축물,경상남도 양산시 장동1길 3-1 (북부동),,,0,60.8,0,60.8,0,블록구조,01000,주택,1,0
경상남도 양산시 북부동 417-19번지,48330,10400,0,0417,0019,일반건축물,경상남도 양산시 삼일로 105 (북부동),,,187,90.49,48.39,90.49,48.39,조적구조,01000,"주택, 근린생활시설",1,0
경상남도 양산시 북부동 417-24번지,48330,10400,0,0417,0024,일반건축물,경상남도 양산시 장동1길 13 (북부동),,,0,53.77,0,161.31,0,철근콘크리트구조,03000,근린생활시설,3,0
경상남도 양산시 북부동 417-28번지,48330,10400,0,0417,0028,일반건축물,경상남도 양산시 장동1길 9 (북부동),,,148,106.54,71.99,184.84,124.89,철근콘크리트구조,01000,"근린생활시설, 주택",2,0
경상남도 양산시 북부동 417-46번지,48330,10400,0,0417,0046,일반건축물,경상남도 양산시 삼일로 103-1 (북부동),,,170,102.6,60.35,399.7,235.12,철근콘크리트구조,03000,"제1,2종근린생활시설",4,0
경상남도 양산시 북부동 418-1번지,48330,10400,0,0418,0001,일반건축물,경상남도 양산시 장동1길 15-27 (북부동),,,508.18,196.42,38.65,186.99,36.8,경량철골구조,04000,근린생활시설,1,0
경상남도 양산시 북부동 418-2번지,48330,10400,0,0418,0002,일반건축물,경상남도 양산시 장동1길 15-31 (북부동),,,0,0,0,237.1,0,블록구조,01000,"주택, 여관",2,0
경상남도 양산시 북부동 418-3번지,48330,10400,0,0418,0003,일반건축물,경상남도 양산시 장동1길 15-29 (북부동),,,0,90.66,0,163.96,0,벽돌구조,03000,"근린생활시설, 주택",2,0
경상남도 양산시 북부동 420-1번지,48330,10400,0,0420,0001,일반건축물,경상남도 양산시 삼일로 103 (북부동),,,0,62.8,0,188.4,0,철근콘크리트구조,03000,근린생활시설,3,0
경상남도 양산시 북부동 422-1번지,48330,10400,0,0422,0001,일반건축물,경상남도 양산시 중앙로 160 (북부동),,,0,91.73,0,395.74,0,철근콘크리트구조,03000,"점포, 주택",5,0
경상남도 양산시 북부동 422-3번지,48330,10400,0,0422,0003,일반건축물,경상남도 양산시 중앙로 158-1 (북부동),,,0,53.31,0,183.3,0,철근콘크리트구조,03000,"점포, 주택",4,0
경상남도 양산시 북부동 422-3번지,48330,10400,0,0422,0003,일반건축물,경상남도 양산시 중앙로 158-1 (북부동),,,0,47.22,0,164.93,0,철근콘크리트구조,03000,"점포, 주택",4,0
경상남도 양산시 북부동 422-4번지,48330,10400,0,0422,0004,일반건축물,경상남도 양산시 중앙로 158 (북부동),,,0,34.71,0,124.48,0,철근콘크리트구조,01000,"점포, 주택",4,0
경상남도 양산시 북부동 422-5번지,48330,10400,0,0422,0005,일반건축물,경상남도 양산시 중앙로 156-1 (북부동),,,0,85.3,0,236.7,0,철근콘크리트구조,03000,"점포, 주택",3,0
경상남도 양산시 북부동 422-6번지,48330,10400,0,0422,0006,일반건축물,경상남도 양산시 중앙로 156 (북부동),,,0,73.4,0,293.6,0,철근콘크리트구조,03000,"근린생활시설, 위락시설",4,0
경상남도 양산시 북부동 422-7번지,48330,10400,0,0422,0007,일반건축물,경상남도 양산시 중앙로 154 (북부동),,,0,89.6,0,254.5,0,철근콘크리트구조,03000,"근린생활시설, 위락시설, 주택",3,0
경상남도 양산시 북부동 422-8번지,48330,10400,0,0422,0008,일반건축물,경상남도 양산시 중앙로 152 (북부동),,,0,109.6,0,109.6,0,블록구조,01000,주택,1,0
경상남도 양산시 북부동 422-11번지,48330,10400,0,0422,0011,일반건축물,경상남도 양산시 삼일로 101 (북부동),,,0,87.91,0,390.49,0,철근콘크리트구조,03000,"위락시설, 근린생활시설, 점포, 주택",4,1
경상남도 양산시 북부동 422-30번지,48330,10400,0,0422,0030,일반건축물,경상남도 양산시 중앙로 158 (북부동),,,0,34.71,0,129.6,0,철근콘크리트구조,01000,"점포, 주택",4,0
경상남도 양산시 북부동 424-2번지,48330,10400,0,0424,0002,일반건축물,경상남도 양산시 장동1길 15-12 (북부동),,,0,52.06,0,98.34,0,일반목구조,04000,제2종근린생활시설,2,0
경상남도 양산시 북부동 424-2번지,48330,10400,0,0424,0002,일반건축물,경상남도 양산시 장동1길 15-12 (북부동),,,0,49.6,0,49.6,0,블록구조,16000,위락시설,1,0
경상남도 양산시 북부동 424-3번지,48330,10400,0,0424,0003,일반건축물,경상남도 양산시 장동1길 15-10 (북부동),,,0,33.1,0,33.1,0,일반목구조,03000,근린생활시설,1,0
경상남도 양산시 북부동 425-3번지,48330,10400,0,0425,0003,일반건축물,경상남도 양산시 중앙로 159 (북부동),,,145.9,122.365,83.87,545.44,373.85,철근콘크리트구조,04000,"위락시설, 근린생활시설",5,0
경상남도 양산시 북부동 426-1번지,48330,10400,0,0426,0001,일반건축물,경상남도 양산시 중앙로 159-1 (북부동),,,0,106.4,0,411,0,철근콘크리트구조,03000,"점포, 주택",4,0
경상남도 양산시 북부동 426-2번지,48330,10400,0,0426,0002,일반건축물,경상남도 양산시 북안남4길 3 (북부동),,,0,212.7,0,840,0,철근콘크리트구조,03000,근린생활시설,4,0
경상남도 양산시 북부동 428번지,48330,10400,0,0428,0000,일반건축물,경상남도 양산시 북안남4길 1 (북부동),,,149,103.54,69.49,492.08,330.26,철근콘크리트구조,03000,"근린생활시설, 주택",5,0
경상남도 양산시 북부동 428-9번지,48330,10400,0,0428,0009,일반건축물,경상남도 양산시 중앙로 159-1 (북부동),,,0,92.99,0,278.97,0,철근콘크리트구조,03000,"근린생활시설, 위락업무시설",3,0
경상남도 양산시 북부동 429-1번지,48330,10400,0,0429,0001,일반건축물,,,,0,58.8,0,97.5,0,블록구조,01000,주택,2,0
경상남도 양산시 북부동 429-3번지,48330,10400,0,0429,0003,일반건축물,경상남도 양산시 중앙로 157-1 (북부동),,,183,124.6,68.09,387.1,211.53,철근콘크리트구조,03000,"근린생활시설, 위락시설",4,0
경상남도 양산시 북부동 429-5번지,48330,10400,0,0429,0005,일반건축물,경상남도 양산시 중앙로 157 (북부동),,,0,84.86,0,254.565,0,철근콘크리트구조,03000,"점포, 사무실",3,0
경상남도 양산시 북부동 429-6번지,48330,10400,0,0429,0006,일반건축물,경상남도 양산시 중앙로 155-1 (북부동),,,0,204.3,0,612.9,0,철근콘크리트구조,03000,근린생활시설,3,0
경상남도 양산시 북부동 430-4번지,48330,10400,0,0430,0004,일반건축물,경상남도 양산시 북안남4길 5 (북부동),,,183,142.39,77.81,380.71,208.04,철근콘크리트구조,04000,"제2종근린생활시설,단독주택(다가구)",3,0
경상남도 양산시 북부동 431-2번지,48330,10400,0,0431,0002,일반건축물,경상남도 양산시 북안남4길 8-1 (북부동),,,0,65.1,0,193,0,철근콘크리트구조,15000,숙박시설,3,0
경상남도 양산시 북부동 431-6번지,48330,10400,0,0431,0006,일반건축물,경상남도 양산시 북안남4길 7 (북부동),,,192,127.61,66.46,612.92,319.23,철근콘크리트구조,04000,"근린생활시설,단독주택,위락시설",5,0
경상남도 양산시 북부동 431-10번지,48330,10400,0,0431,0010,일반건축물,경상남도 양산시 북안남4길 8 (북부동),,,297.52,207.51,69.74,922.94,310.21,철근콘크리트구조,03000,"근린생활시설, 위락시설, 주택",5,0
경상남도 양산시 북부동 431-14번지,48330,10400,0,0431,0014,일반건축물,경상남도 양산시 북안남4길 7-3 (북부동),,,106,73.93,69.74,230.42,217.38,철근콘크리트구조,01000,"제2종근린생활시설, 주택",4,0
경상남도 양산시 북부동 432번지,48330,10400,0,0432,0000,일반건축물,경상남도 양산시 북안남4길 8-1 (북부동),,,0,78.535,0,366.57,0,철근콘크리트구조,15000,"근린생활시설, 숙박시설, 주택",5,0
경상남도 양산시 북부동 433-3번지,48330,10400,0,0433,0003,일반건축물,경상남도 양산시 북안남3길 12 (북부동),,,0,189,0,493.55,0,철근콘크리트구조,03000,"근린생활시설, 주택",3,0
경상남도 양산시 북부동 434-5번지,48330,10400,0,0434,0005,표제부,경상남도 양산시 북안남3길 6 (북부동),한양상가아파트,,0,444.57,0,1597.44,0,철근콘크리트구조,04000,"근린생활시설, 공동주택",4,0
경상남도 양산시 북부동 434-7번지,48330,10400,0,0434,0007,일반건축물,경상남도 양산시 북안남4길 7-12 (북부동),,,0,0,0,125.2,0,철근콘크리트구조,01000,"주택, 점포",2,0
경상남도 양산시 북부동 434-10번지,48330,10400,0,0434,0010,일반건축물,경상남도 양산시 북안남3길 10-2 (북부동),,,0,108.31,0,421.68,0,철근콘크리트구조,03000,"근린생활시설, 위락시설, 주택",4,0
경상남도 양산시 북부동 434-10번지,48330,10400,0,0434,0010,일반건축물,경상남도 양산시 북안남3길 10-2 (북부동),,,0,26.28,0,26.28,0,경량철골구조,03000,근린생활시설,1,0
경상남도 양산시 북부동 434-11번지,48330,10400,0,0434,0011,일반건축물,경상남도 양산시 북안남3길 10 (북부동),,,232,177.6,76.55,511.68,220.55,철근콘크리트구조,04000,"제2종근린생활시설, 위락시설",3,0
경상남도 양산시 북부동 434-12번지,48330,10400,0,0434,0012,일반건축물,경상남도 양산시 북안남3길 10-1 (북부동),,,220,150.88,68.58,822.02,304.12,철근콘크리트구조,15000,"위락시설, 숙박시설, 주택",5,1
경상남도 양산시 북부동 435-1번지,48330,10400,0,0435,0001,일반건축물,경상남도 양산시 북안남4길 7-7 (북부동),,,236,166.96,70.75,807.98,342.36,철근콘크리트구조,04000,"주택, 근린생활시설, 위락시설,판매시설",5,0
경상남도 양산시 북부동 437-4번지,48330,10400,0,0437,0004,일반건축물,경상남도 양산시 북안남4길 7-23 (북부동),,,0,131.58,0,424.8,0,철근콘크리트구조,15000,"주택, 숙박시설",3,1
경상남도 양산시 북부동 437-14번지,48330,10400,0,0437,0014,일반건축물,경상남도 양산시 북안남4길 7-27 (북부동),,,113,86.43,76.49,219.68,194.41,조적구조,04000,근린생활시설,3,0
경상남도 양산시 북부동 437-15번지,48330,10400,0,0437,0015,일반건축물,경상남도 양산시 북안남4길 7-29 (북부동),,,177,135.49,76.55,392.01,221.47,철근콘크리트구조,04000,"근린생활시설, 위락시설",3,0
경상남도 양산시 북부동 438-5번지,48330,10400,0,0438,0005,일반건축물,경상남도 양산시 중앙로 153 (북부동),,,0,0,0,405.2,0,철근콘크리트구조,01000,"주택, 점포",3,0
경상남도 양산시 북부동 439-1번지,48330,10400,0,0439,0001,일반건축물,경상남도 양산시 중앙로 155 (북부동),,,0,287.23,0,853.575,0,철근콘크리트구조,03000,"근린생활시설, 주택",3,0
경상남도 양산시 북부동 440-3번지,48330,10400,0,0440,0003,일반건축물,경상남도 양산시 중앙로 151-1 (북부동),,,0,530.01,0,530.01,0,철근콘크리트구조,03000,근린생활시설,3,0
경상남도 양산시 북부동 440-3번지,48330,10400,0,0440,0003,일반건축물,경상남도 양산시 중앙로 151-1 (북부동),,,0,79.3,0,79.3,0,블록구조,01000,주택,1,0
경상남도 양산시 북부동 441-4번지,48330,10400,0,0441,0004,일반건축물,경상남도 양산시 중앙로 151 (북부동),,,0,85,0,265.3,0,철근콘크리트구조,03000,"점포, 주택",3,0
경상남도 양산시 북부동 445번지,48330,10400,0,0445,0000,일반건축물,,,,0,0,0,56.2,0,일반목구조,Z3000,"점포, 주택",1,0
경상남도 양산시 북부동 445-3번지,48330,10400,0,0445,0003,일반건축물,경상남도 양산시 삼일로 95 (북부동),,,0,100.6,0,493.16,0,철근콘크리트구조,03000,"근린생활시설, 주택",5,0
경상남도 양산시 북부동 446-2번지,48330,10400,0,0446,0002,일반건축물,경상남도 양산시 삼일로 97 (북부동),,,0,81.7,0,254,0,철근콘크리트구조,03000,"점포, 주택",4,0
경상남도 양산시 북부동 446-5번지,48330,10400,0,0446,0005,일반건축물,경상남도 양산시 삼일로 93-1 (북부동),,,262,181.6,69.31,875.23,334.06,철근콘크리트구조,03000,"근린생활시설, 주택",5,0
경상남도 양산시 북부동 448-1번지,48330,10400,0,0448,0001,일반건축물,경상남도 양산시 북안남4길 7-35 (북부동),양산새마을금고,,443,294.58,66.5,1161.79,198.94,철근콘크리트구조,14000,"일반업무시설, 2종근린생활시설",3,1
경상남도 양산시 북부동 448-15번지,48330,10400,0,0448,0015,일반건축물,경상남도 양산시 북안남4길 7-37 (북부동),,,102,80.25,78.68,240.75,236.03,철근콘크리트구조,01000,"근린생활시설, 주택",3,0
경상남도 양산시 북부동 448-16번지,48330,10400,0,0448,0016,일반건축물,경상남도 양산시 삼일로 91-1 (북부동),,,0,86.84,0,347.76,0,철근콘크리트구조,03000,"근린생활시설, 주택",4,0
경상남도 양산시 북부동 448-25번지,48330,10400,0,0448,0025,일반건축물,경상남도 양산시 삼일로 93 (북부동),,,71,55.49,78.15,166.47,234.46,철근콘크리트구조,03000,근린생활시설,3,0
경상남도 양산시 북부동 448-26번지,48330,10400,0,0448,0026,일반건축물,,,,0,0,0,102.5,0,블록구조,01000,"주택, 점포",1,0
경상남도 양산시 북부동 448-30번지,48330,10400,0,0448,0030,일반건축물,경상남도 양산시 삼일로 91 (북부동),,,201.26,139.74,69.43,477.27,237.14,철근콘크리트구조,04000,"제2종근린생활시설, 위락시설",4,0
경상남도 양산시 북부동 452-11번지,48330,10400,0,0452,0011,일반건축물,,,,0,46.08,0,46.08,0,경량철골구조,03000,근린생활시설,1,0
경상남도 양산시 북부동 462-2번지,48330,10400,0,0462,0002,일반건축물,경상남도 양산시 양산대로 852 (북부동),,,542,280.52,51.76,494.04,91.15,일반철골구조,04000,제2종근린생활시설,2,0
경상남도 양산시 북부동 462-4번지,48330,10400,0,0462,0004,일반건축물,경상남도 양산시 북안남1길 23 (북부동),,,364.6,212.09,58.17,509.48,139.73,철근콘크리트구조,10000,"근린생활시설, 교육연구시설",3,0
경상남도 양산시 북부동 462-5번지,48330,10400,0,0462,0005,표제부,경상남도 양산시 북안남1길 19 (북부동),삼보임대아파트,다동,0,23.2,0,23.2,0,철근콘크리트구조,02000,관리실,1,0
경상남도 양산시 북부동 462-5번지,48330,10400,0,0462,0005,표제부,경상남도 양산시 북안남1길 19 (북부동),삼보임대아파트,나동,0,467.44,0,2337.2,0,철근콘크리트구조,02000,공동주택,5,0
경상남도 양산시 북부동 462-5번지,48330,10400,0,0462,0005,표제부,경상남도 양산시 북안남1길 19 (북부동),삼보임대아파트,가동,0,467.44,0,2337.2,0,철근콘크리트구조,02000,공동주택,5,0
경상남도 양산시 북부동 462-7번지,48330,10400,0,0462,0007,일반건축물,경상남도 양산시 양산대로 832 (북부동),,,1069,464.7,43.47,1803.02,145.85,철근콘크리트구조,09000,의료시설,5,1
경상남도 양산시 북부동 462-9번지,48330,10400,0,0462,0009,일반건축물,경상남도 양산시 양산대로 830 (북부동),,C동,0,192,0,192,0,경량철골구조,04000,제2종근린생활시설,1,0
경상남도 양산시 북부동 462-9번지,48330,10400,0,0462,0009,일반건축물,경상남도 양산시 북안남1길 9 (북부동),,B동,0,114.8,0,229.6,0,경량철골구조,04000,"제1종근린생활시설,제2종근린생활시설",2,0
경상남도 양산시 북부동 462-9번지,48330,10400,0,0462,0009,일반건축물,경상남도 양산시 북안남1길 7-1 (북부동),,A동,0,229.32,0,229.32,0,경량철골구조,03000,"제1,2종근린생활시설",1,0
경상남도 양산시 북부동 462-10번지,48330,10400,0,0462,0010,일반건축물,경상남도 양산시 북안남1길 7 (북부동),,,0,3.6,0,3.6,0,경량철골구조,JY,제1종근린생활시설,1,0
경상남도 양산시 북부동 462-10번지,48330,10400,0,0462,0010,일반건축물,경상남도 양산시 북안남1길 7 (북부동),,,585,444.64,76.01,444.64,76.01,경량철골구조,03000,"제1종근린생활시설,제2종근린생활시설",1,0
경상남도 양산시 북부동 462-11번지,48330,10400,0,0462,0011,일반건축물,경상남도 양산시 북안남1길 3-1 (북부동),,,238,185.39,77.89,494.73,207.87,철근콘크리트구조,03000,"제1,2종근린생활시설",3,0
경상남도 양산시 북부동 462-15번지,48330,10400,0,0462,0015,표제부,경상남도 양산시 양산대로 850 (북부동),양산빌라,,0,210,0,658.5,0,철근콘크리트구조,02000,공동주택,3,1
경상남도 양산시 북부동 462-16번지,48330,10400,0,0462,0016,표제부,경상남도 양산시 북안남4길 30 (북부동),신우아파트,나동,0,10.8,0,10.8,0,벽돌구조,02000,"관리실,변소",1,0
경상남도 양산시 북부동 462-16번지,48330,10400,0,0462,0016,표제부,경상남도 양산시 북안남4길 30 (북부동),신우아파트,가동,0,385.02,0,1866.69,0,철근콘크리트구조,02000,공동주택 아파트,5,0
경상남도 양산시 북부동 462-23번지,48330,10400,0,0462,0023,일반건축물,경상남도 양산시 양산대로 828 (북부동),"A동, B동",,0,272.88,0,272.88,0,경량철골구조,04000,근린생활시설,1,0
경상남도 양산시 북부동 462-23번지,48330,10400,0,0462,0023,일반건축물,경상남도 양산시 양산대로 828 (북부동),C동,,0,28,0,28,0,경량철골구조,04000,근린생활시설,1,0
경상남도 양산시 북부동 462-24번지,48330,10400,0,0462,0024,표제부,경상남도 양산시 양산대로 822 (북부동),,,544,419.7,77.15,3573.51,605.74,철근콘크리트구조,11000,"노유자시설, 의료시설, 제1,2종근린생활시설",9,1
경상남도 양산시 북부동 462-28번지,48330,10400,0,0462,0028,일반건축물,경상남도 양산시 삼일로 65 (북부동),,,570,454.37,79.71,3595.06,542.42,철근콘크리트구조,04000,"제2종근린생활시설,제1종근린생활시설",7,1
경상남도 양산시 북부동 462-31번지,48330,10400,0,0462,0031,일반건축물,경상남도 양산시 양산대로 824 (북부동),,1동,0,56,0,56,0,경량철골구조,04000,제2종근린생활시설,1,0
경상남도 양산시 북부동 462-31번지,48330,10400,0,0462,0031,일반건축물,경상남도 양산시 양산대로 824 (북부동),,2동,0,90.2,0,130.6,0,일반철골구조,20000,자동차관련시설,2,0
경상남도 양산시 북부동 462-32번지,48330,10400,0,0462,0032,표제부,경상남도 양산시 삼일로 67 (북부동),,,495,395.74,79.95,3434.01,537.12,철근콘크리트구조,03000,"제1종근린생활시설, 제2종근린생활시설,위락시설",7,2
경상남도 양산시 북부동 462-33번지,48330,10400,0,0462,0033,표제부,경상남도 양산시 북안남1길 27 (북부동),해동아파트,,0,546.71,0,2394.34,0,철근콘크리트구조,02000,공동주택,5,1
경상남도 양산시 북부동 462-37번지,48330,10400,0,0462,0037,표제부,경상남도 양산시 북안남4길 29 (북부동),덕흥빌라,,441,206.12,46.7,1127.64,184.1,철근콘크리트구조,02000,연립주택,4,1
경상남도 양산시 북부동 462-42번지,48330,10400,0,0462,0042,일반건축물,경상남도 양산시 북안남1길 3-2 (북부동),,,406,307.5,75.74,307.5,75.74,일반철골구조,04000,제2종근린생활시설,1,0
경상남도 양산시 북부동 462-48번지,48330,10400,0,0462,0048,일반건축물,경상남도 양산시 북안남1길 3 (북부동),,,237,180.12,76,180.12,76,철근콘크리트구조,04000,2종근린생활시설,1,0
경상남도 양산시 북부동 462-51번지,48330,10400,0,0462,0051,일반건축물,경상남도 양산시 북안남4길 27 (북부동),,,241,136.04,56.45,136.04,56.45,경량철골구조,04000,제2종근린생활시설,1,0
경상남도 양산시 북부동 462-54번지,48330,10400,0,0462,0054,일반건축물,경상남도 양산시 양산대로 832 (북부동),,,478,336.43,70.38,1271.92,266.09,철골콘크리트구조,09000,"제1종근린생활시설,의료시설",4,0
경상남도 양산시 북부동 462-56번지,48330,10400,0,0462,0056,일반건축물,경상남도 양산시 북안남1길 31 (북부동),,,661,247.68,37.47,247.68,37.47,경량철골구조,03000,근린생활시설,1,0
경상남도 양산시 북부동 462-60번지,48330,10400,0,0462,0060,일반건축물,경상남도 양산시 북안남1길 11 (북부동),양산하나병원,,598,351.51,58.78,2720.39,298.63,철근콘크리트구조,09000,"의료시설,제1,2종근린생활시설",6,3
경상남도 양산시 북부동 480-1번지,48330,10400,0,0480,0001,일반건축물,경상남도 양산시 북안남8길 25 (북부동),,,636.4,490.85,77.13,1431.06,215.25,철근콘크리트구조,03000,"제1종근린생활시설, 단독주택",4,1
경상남도 양산시 북부동 480-3번지,48330,10400,0,0480,0003,일반건축물,경상남도 양산시 북안남8길 23 (북부동),,,287.4,170.19,59.22,493.89,171.85,철근콘크리트구조,03000,근린생활시설,3,0
경상남도 양산시 북부동 480-4번지,48330,10400,0,0480,0004,일반건축물,경상남도 양산시 북안남1길 40-1 (북부동),,,156,86.79,55.63,144.77,92.8,블록구조,01000,주택,2,0
경상남도 양산시 북부동 480-6번지,48330,10400,0,0480,0006,일반건축물,경상남도 양산시 북안남1길 36 (북부동),,,606.5,324.48,53.5,324.48,53.5,경량철골구조,03000,근린생활시설,1,0
경상남도 양산시 북부동 480-7번지,48330,10400,0,0480,0007,일반건축물,경상남도 양산시 북안남2길 33-1 (북부동),,,403.8,238.37,59.03,1011.32,196.7,철근콘크리트구조,10000,교육연구및복지시설,4,1
경상남도 양산시 북부동 480-8번지,48330,10400,0,0480,0008,일반건축물,경상남도 양산시 북안남1길 34 (북부동),,,330.5,250.88,75.91,831.69,251.65,철근콘크리트구조,04000,"제1,2종근린생활시설",4,0
경상남도 양산시 북부동 480-9번지,48330,10400,0,0480,0009,표제부,경상남도 양산시 북안남6길 22 (북부동),,,226.5,177.12,78.2,949.54,419.22,철근콘크리트구조,02000,"공동주택, 업무시설",7,0
경상남도 양산시 북부동 480-10번지,48330,10400,0,0480,0010,일반건축물,경상남도 양산시 북안남2길 31 (북부동),,,227.5,128.85,56.64,128.85,56.64,경량철골구조,03000,근린생활시설,1,0
경상남도 양산시 북부동 480-11번지,48330,10400,0,0480,0011,일반건축물,경상남도 양산시 북안남2길 33 (북부동),,,403.7,255.6,63.31,490.4,121.48,일반철골구조,03000,"제1,2종근린생활시설",2,0
경상남도 양산시 북부동 480-12번지,48330,10400,0,0480,0012,일반건축물,경상남도 양산시 북안남2길 35-5 (북부동),,,131.9,73.77,55.93,128.76,97.62,블록구조,01000,주택,2,0
경상남도 양산시 북부동 480-14번지,48330,10400,0,0480,0014,일반건축물,경상남도 양산시 북안남2길 35-4 (북부동),,,149.5,81.04,54.21,137.94,92.27,블록구조,01000,주택,2,0
경상남도 양산시 북부동 480-15번지,48330,10400,0,0480,0015,일반건축물,경상남도 양산시 북안남1길 40 (북부동),,,157.3,86.79,55.17,144.77,92.03,기타조적구조,01000,"주택, 근린생활시설",2,0
경상남도 양산시 북부동 480-16번지,48330,10400,0,0480,0016,일반건축물,경상남도 양산시 북안남1길 38 (북부동),,,299.2,43.56,14.56,43.56,14.56,기타조적구조,03000,근린생활시설,1,0
경상남도 양산시 북부동 480-17번지,48330,10400,0,0480,0017,일반건축물,경상남도 양산시 북안남2길 35-2 (북부동),,,290.5,88.82,30.57,88.82,30.57,경량철골구조,03000,제1종근린생활시설,1,0
경상남도 양산시 북부동 480-20번지,48330,10400,0,0480,0020,일반건축물,경상남도 양산시 북안남2길 35-3 (북부동),,,124,78.05,62.94,135.15,109,블록구조,01000,주택,2,0
경상남도 양산시 북부동 480-21번지,48330,10400,0,0480,0021,일반건축물,경상남도 양산시 북안남2길 35 (북부동),,,132.2,73.53,55.62,127.91,96.75,블록구조,01000,"근린생활시설, 주택",2,0
경상남도 양산시 북부동 482-1번지,48330,10400,0,0482,0001,일반건축물,경상남도 양산시 북안남2길 34-1 (북부동),,,185.6,147.53,79.49,425.69,229.36,철근콘크리트구조,01000,"제1종근린생활시설,단독주택(다가구)",4,0
경상남도 양산시 북부동 482-3번지,48330,10400,0,0482,0003,일반건축물,경상남도 양산시 북안남3길 29-1 (북부동),,,168.7,134.75,79.88,415.95,246.56,철근콘크리트구조,01000,단독주택(다가구),4,0
경상남도 양산시 북부동 482-4번지,48330,10400,0,0482,0004,일반건축물,경상남도 양산시 북안남3길 29 (북부동),,A동,0,20.54,0,20.54,0,벽돌구조,03000,"제1종근린생활시설(창고,화장실)",1,0
경상남도 양산시 북부동 482-4번지,48330,10400,0,0482,0004,일반건축물,경상남도 양산시 북안남3길 29 (북부동),,A동,175.3,124.91,71.25,333.65,190.33,철근콘크리트구조,04000,"근린생활시설, 주택",3,0
경상남도 양산시 북부동 482-5번지,48330,10400,0,0482,0005,일반건축물,경상남도 양산시 북안남6길 18 (북부동),,,0,33.91,0,56.01,0,경량철골구조,04000,제2종근린생활시설,2,0
경상남도 양산시 북부동 482-5번지,48330,10400,0,0482,0005,일반건축물,경상남도 양산시 북안남6길 18 (북부동),,,799.4,398.6,49.86,1364.69,131.07,철근콘크리트구조,04000,"제1,2종근린생활시설,위락시설",3,1
경상남도 양산시 북부동 482-7번지,48330,10400,0,0482,0007,일반건축물,경상남도 양산시 북안남6길 12 (북부동),,,450.7,237.26,52.64,777.86,159.93,철근콘크리트구조,03000,근린생활시설,4,1
경상남도 양산시 북부동 482-8번지,48330,10400,0,0482,0008,일반건축물,경상남도 양산시 북안남3길 27 (북부동),,,389.8,285.82,73.32,497.96,127.75,철근콘크리트구조,04000,"근린생활시설,위락시설",2,0
경상남도 양산시 북부동 482-10번지,48330,10400,0,0482,0010,일반건축물,경상남도 양산시 북안남3길 27-1 (북부동),,,287.9,171.92,59.72,818.4,284.27,철근콘크리트구조,03000,"근린생활시설, 주택",5,0
경상남도 양산시 북부동 482-11번지,48330,10400,0,0482,0011,일반건축물,경상남도 양산시 북안남2길 34 (북부동),,,203.7,140.43,68.94,415.4,203.93,철근콘크리트구조,01000,단독주택(다가구),4,0
경상남도 양산시 북부동 482-12번지,48330,10400,0,0482,0012,일반건축물,경상남도 양산시 북안남6길 14 (북부동),,,178.9,142.4,79.6,430.06,240.39,철근콘크리트구조,01000,"단독주택(다가구), 제2종근린생활시설",4,0
경상남도 양산시 북부동 483-1번지,48330,10400,0,0483,0001,일반건축물,경상남도 양산시 북안남8길 9 (북부동),,,541.4,323.61,59.77,960.6,177.43,철근콘크리트구조,04000,"위락시설,제1종근린생활시설,제2종근린생활시설",3,0
경상남도 양산시 북부동 483-3번지,48330,10400,0,0483,0003,일반건축물,경상남도 양산시 북안남8길 3 (북부동),,,401,297.51,74.19,850.23,212.03,철근콘크리트구조,16000,"위락시설, 근린생활시설",3,0
경상남도 양산시 북부동 483-4번지,48330,10400,0,0483,0004,일반건축물,경상남도 양산시 중앙로 177 (북부동),,,1437.7,650.72,45.26,3066.07,125.6,철근콘크리트구조,14000,업무시설,3,2
경상남도 양산시 북부동 483-5번지,48330,10400,0,0483,0005,일반건축물,경상남도 양산시 중앙로 179 (북부동),,,198.2,157.53,79.48,600.63,303.04,철근콘크리트구조,03000,제1종근린생활시설,4,0
경상남도 양산시 북부동 483-6번지,48330,10400,0,0483,0006,일반건축물,경상남도 양산시 북안남3길 32 (북부동),,,207.8,154.04,74.13,172.34,82.94,경량철골구조,04000,제2종근린생활시설,2,0
경상남도 양산시 북부동 483-7번지,48330,10400,0,0483,0007,일반건축물,경상남도 양산시 북안남3길 30 (북부동),홍익요양병원,1동,1404.8,1069.8,76.15,7161.98,396.81,철근콘크리트구조,09000,의료시설,6,2
경상남도 양산시 북부동 483-11번지,48330,10400,0,0483,0011,일반건축물,경상남도 양산시 중앙로 173 (북부동),,,0,62.8,0,125.6,0,철근콘크리트구조,03000,점포,2,0
경상남도 양산시 북부동 483-12번지,48330,10400,0,0483,0012,일반건축물,경상남도 양산시 북안남3길 26 (북부동),,,297.1,172.68,58.12,237.83,80.05,기타조적구조,03000,"주택, 근린생활시설",2,0
경상남도 양산시 북부동 483-13번지,48330,10400,0,0483,0013,일반건축물,경상남도 양산시 북안남6길 8 (북부동),,,286.2,245.28,85.7,728.47,187.03,철근콘크리트구조,04000,"제2종근린생활시설,병원",3,1
경상남도 양산시 북부동 483-14번지,48330,10400,0,0483,0014,일반건축물,경상남도 양산시 북안남6길 6 (북부동),,,601.7,386.12,64.17,4856.27,542.81,철근콘크리트구조,09000,의료시설,10,4
경상남도 양산시 북부동 483-15번지,48330,10400,0,0483,0015,일반건축물,경상남도 양산시 중앙로 171 (북부동),,,0,54.5,0,156.9,0,철근콘크리트구조,03000,근린생활시설,3,0
경상남도 양산시 북부동 483-16번지,48330,10400,0,0483,0016,일반건축물,경상남도 양산시 북안남6길 2 (북부동),,,95.3,57.1,59.92,142.44,149.46,철근콘크리트구조,03000,근린생활시설,3,0
경상남도 양산시 북부동 483-17번지,48330,10400,0,0483,0017,일반건축물,경상남도 양산시 북안남8길 7 (북부동),,,241.4,151.58,62.79,468.24,193.97,철근콘크리트구조,01000,단독주택,4,0
경상남도 양산시 북부동 483-19번지,48330,10400,0,0483,0019,일반건축물,경상남도 양산시 북안남3길 32-3 (북부동),유진빌딩,,208.5,166.4,79.81,688.38,330.16,철근콘크리트구조,04000,"단독주택,제2종근린생활시설",5,0
경상남도 양산시 북부동 483-26번지,48330,10400,0,0483,0026,표제부,경상남도 양산시 중앙로 173-1 (북부동),안전오피스텔,,484.3,379.3,78.32,2626.86,533.11,철근콘크리트구조,14000,업무시설 외3,8,1
경상남도 양산시 북부동 483-28번지,48330,10400,0,0483,0028,일반건축물,경상남도 양산시 북안남6길 4 (북부동),,,449.2,359.21,79.97,1043.7,232.35,철근콘크리트구조,10000,교육연구및복지시설,3,0
경상남도 양산시 북부동 484-1번지,48330,10400,0,0484,0001,일반건축물,경상남도 양산시 북안남6길 23 (북부동),,,641.4,148.2,23.11,148.2,23.11,경량철골구조,20000,자동차관련시설,1,0
경상남도 양산시 북부동 484-2번지,48330,10400,0,0484,0002,일반건축물,경상남도 양산시 북안남6길 19 (북부동),,,330.7,176.64,53.41,176.64,53.41,기타조적구조,03000,"근린생활시설,제2종근린생활시설",1,0
경상남도 양산시 북부동 484-4번지,48330,10400,0,0484,0004,일반건축물,경상남도 양산시 북안남1길 30-1 (북부동),,2호동,0,82.06,0,138.69,0,블록구조,01000,단독주택,2,0
경상남도 양산시 북부동 484-4번지,48330,10400,0,0484,0004,일반건축물,경상남도 양산시 북안남1길 28-1 (북부동),,1호동,0,334.9,0,745.68,0,철근콘크리트구조,04000,"제1종근린생활시설,제2종근린생활시설",3,0
경상남도 양산시 북부동 484-5번지,48330,10400,0,0484,0005,일반건축물,경상남도 양산시 북안남2길 23-1 (북부동),,,171.6,136.3,79.43,375.57,218.86,철근콘크리트구조,01000,단독주택(다가구),4,0
경상남도 양산시 북부동 484-7번지,48330,10400,0,0484,0007,일반건축물,경상남도 양산시 북안남1길 28 (북부동),,,294.9,129.36,43.87,129.36,43.87,경량철골구조,03000,근린생활시설,1,0
경상남도 양산시 북부동 484-8번지,48330,10400,0,0484,0008,표제부,경상남도 양산시 북안남2길 23 (북부동),성하우스,,340.1,242.93,71.43,755.96,222.28,철근콘크리트구조,02000,"공동주택, 제2종근린생활시설",5,0
경상남도 양산시 북부동 484-9번지,48330,10400,0,0484,0009,일반건축물,경상남도 양산시 북안남1길 26-1 (북부동),,,0,95.39,0,164.14,0,블록구조,01000,주택,2,0
경상남도 양산시 북부동 484-10번지,48330,10400,0,0484,0010,일반건축물,경상남도 양산시 북안남2길 21 (북부동),,,304.6,132.08,43.36,132.08,43.36,경량철골구조,03000,근린생활시설,1,0
경상남도 양산시 북부동 484-11번지,48330,10400,0,0484,0011,일반건축물,경상남도 양산시 북안남4길 26 (북부동),,,441.7,329.28,74.55,534.81,121.08,철근콘크리트구조,04000,제2종근린생활시설,2,0
경상남도 양산시 북부동 484-12번지,48330,10400,0,0484,0012,일반건축물,경상남도 양산시 북안남2길 27 (북부동),,,350,241.3,68.94,477.89,136.54,철근콘크리트구조,04000,"판매시설,제2종근린생활시설",2,0
경상남도 양산시 북부동 484-13번지,48330,10400,0,0484,0013,표제부,경상남도 양산시 북안남2길 25 (북부동),,,330.6,202.41,61.23,1495.85,452.47,철근콘크리트구조,02000,"공동주택, 업무시설",10,0
경상남도 양산시 북부동 484-15번지,48330,10400,0,0484,0015,일반건축물,경상남도 양산시 북안남4길 24 (북부동),,,281.5,135.8,48.24,135.8,48.24,경량철골구조,03000,근린생활시설,1,0
경상남도 양산시 북부동 484-16번지,48330,10400,0,0484,0016,일반건축물,경상남도 양산시 북안남2길 19 (북부동),,,0,133.825,0,378.33,0,철근콘크리트구조,03000,근린생활시설,3,0
경상남도 양산시 북부동 484-17번지,48330,10400,0,0484,0017,일반건축물,경상남도 양산시 북안남1길 26 (북부동),,,0,76.54,0,149.08,0,벽돌구조,03000,"근린생활시설, 주택",2,0
경상남도 양산시 북부동 484-19번지,48330,10400,0,0484,0019,일반건축물,경상남도 양산시 북안남1길 30 (북부동),,1동,102.8,75.48,73.42,196.49,191.14,철근콘크리트구조,03000,"제1종근린생활시설,제2종근린생활시설,단독주택",3,0
경상남도 양산시 북부동 484-21번지,48330,10400,0,0484,0021,일반건축물,경상남도 양산시 북안남2길 23-2 (북부동),,,167.3,133.31,79.68,355.83,212.69,철근콘크리트구조,01000,단독주택(다가구),4,0
경상남도 양산시 북부동 485-2번지,48330,10400,0,0485,0002,일반건축물,경상남도 양산시 북안남6길 13 (북부동),,,601.9,245.9,40.85,235.4,39.11,철근콘크리트구조,Z3000,근린생활시설,1,0
경상남도 양산시 북부동 485-3번지,48330,10400,0,0485,0003,일반건축물,경상남도 양산시 북안남6길 11 (북부동),,,551.4,329.13,59.69,1695.08,236.09,철근콘크리트구조,03000,"제1종근린생활시설, 교육연구및복지시설, 위락시설, 제2종근린생활시설",4,1
경상남도 양산시 북부동 485-5번지,48330,10400,0,0485,0005,일반건축물,경상남도 양산시 북안남3길 23 (북부동),,,0,144.1,0,288.2,0,철근콘크리트구조,03000,근린생활시설,2,0
경상남도 양산시 북부동 485-6번지,48330,10400,0,0485,0006,일반건축물,경상남도 양산시 북안남2길 26 (북부동),,주건축물제2동,0,124.69,0,117.25,0,일반철골구조,18000,"창고시설,제2종근린생활시설",1,0
경상남도 양산시 북부동 485-6번지,48330,10400,0,0485,0006,일반건축물,경상남도 양산시 북안남2길 26 (북부동),,,0,193.82,0,535.76,0,철근콘크리트구조,03000,"근린생활시설, 주택",3,0
경상남도 양산시 북부동 485-7번지,48330,10400,0,0485,0007,일반건축물,경상남도 양산시 북안남2길 24-9 (북부동),,,514.6,400.9,77.91,558.43,108.52,철근콘크리트구조,18000,창고시설,2,0
경상남도 양산시 북부동 485-8번지,48330,10400,0,0485,0008,일반건축물,경상남도 양산시 북안남3길 19 (북부동),,,627.8,296.7,47.26,296.7,47.26,경량철골구조,03000,"근린생활시설,위락시설",1,0
경상남도 양산시 북부동 485-8번지,48330,10400,0,0485,0008,일반건축물,경상남도 양산시 북안남3길 19 (북부동),,,0,3.3,0,3.3,0,벽돌구조,03000,,1,0
경상남도 양산시 북부동 485-9번지,48330,10400,0,0485,0009,일반건축물,경상남도 양산시 북안남3길 21 (북부동),,,0,98.9,0,186.3,0,철근콘크리트구조,03000,점포,2,0
경상남도 양산시 북부동 485-10번지,48330,10400,0,0485,0010,일반건축물,경상남도 양산시 북안남2길 24-11 (북부동),,,480.9,355,73.82,1503.7,312.68,철근콘크리트구조,15000,"숙박시설,위락시설",6,0
경상남도 양산시 북부동 486-1번지,48330,10400,0,0486,0001,일반건축물,경상남도 양산시 북안남6길 7 (북부동),,,234.6,139.18,59.32,417.54,177.98,철근콘크리트구조,10000,교육연구시설,3,0
경상남도 양산시 북부동 486-3번지,48330,10400,0,0486,0003,일반건축물,경상남도 양산시 북안남3길 20 (북부동),,,555.4,197.55,35.57,197.55,35.57,경량철골구조,03000,근린생활시설,1,0
경상남도 양산시 북부동 486-4번지,48330,10400,0,0486,0004,일반건축물,경상남도 양산시 북안남3길 20 (북부동),,,495.9,148.74,29.99,148.74,29.99,경량철골구조,03000,근린생활시설,1,0
경상남도 양산시 북부동 487-1번지,48330,10400,0,0487,0001,일반건축물,경상남도 양산시 북안남2길 22 (북부동),,,255,151.32,59.34,151.32,59.34,경량철골구조,03000,근린생활시설,1,0
경상남도 양산시 북부동 487-2번지,48330,10400,0,0487,0002,일반건축물,경상남도 양산시 북안남2길 24-6 (북부동),,1동,0,100.8,0,302.4,0,철근콘크리트구조,03000,"근린생활시설, 주택",3,0
경상남도 양산시 북부동 487-2번지,48330,10400,0,0487,0002,일반건축물,경상남도 양산시 북안남2길 24-6 (북부동),,2동,0,85.79,0,159.02,0,블록구조,01000,다세대주택,2,0
경상남도 양산시 북부동 487-3번지,48330,10400,0,0487,0003,일반건축물,경상남도 양산시 북안남2길 24-8 (북부동),,,337.3,176.86,52.43,648.52,192.27,철근콘크리트구조,04000,"교육연구시설,제2종근린생활시설,주택",4,0
경상남도 양산시 북부동 487-4번지,48330,10400,0,0487,0004,일반건축물,경상남도 양산시 북안남2길 24-10 (북부동),,,310.8,159.72,51.4,159.72,51.4,경량철골구조,03000,근린생활시설,1,0
경상남도 양산시 북부동 487-5번지,48330,10400,0,0487,0005,일반건축물,경상남도 양산시 북안남2길 24-14 (북부동),,,0,0,0,108.25,0,조적구조,03000,"근린생활시설, 주택",1,0
경상남도 양산시 북부동 487-5번지,48330,10400,0,0487,0005,일반건축물,경상남도 양산시 북안남2길 24-14 (북부동),,,0,43.2,0,43.2,0,경량철골구조,04000,근린생활시설,1,0
경상남도 양산시 북부동 487-6번지,48330,10400,0,0487,0006,일반건축물,경상남도 양산시 북안남3길 17-1 (북부동),,,0,175.85,0,349.91,0,철근콘크리트구조,03000,근린생활시설,3,1
경상남도 양산시 북부동 487-7번지,48330,10400,0,0487,0007,일반건축물,경상남도 양산시 북안남2길 20 (북부동),,,0,208.03,0,208.03,0,철근콘크리트구조,03000,근린생활시설,1,0
경상남도 양산시 북부동 487-8번지,48330,10400,0,0487,0008,일반건축물,경상남도 양산시 북안남4길 18 (북부동),,,232,183.95,79.29,332.6,143.36,철근콘크리트구조,04000,"판매시설,근린생활시설,위락시설",2,0
경상남도 양산시 북부동 487-9번지,48330,10400,0,0487,0009,일반건축물,경상남도 양산시 북안남4길 16 (북부동),,,372.2,271,72.81,1362.35,366.03,철근콘크리트구조,15000,"숙박시설,단독주택",7,0
경상남도 양산시 북부동 487-10번지,48330,10400,0,0487,0010,일반건축물,경상남도 양산시 북안남4길 12-1 (북부동),,,395.9,282.44,71.34,1413.62,296.34,철근콘크리트구조,04000,"제2종근린생활시설, 위락시설, 주택",6,0
경상남도 양산시 북부동 487-11번지,48330,10400,0,0487,0011,일반건축물,경상남도 양산시 북안남3길 17 (북부동),,,0,97.95,0,182.53,0,철근콘크리트구조,16000,위락시설,2,0
경상남도 양산시 북부동 487-12번지,48330,10400,0,0487,0012,일반건축물,경상남도 양산시 북안남4길 12 (북부동),,,105.4,78.195,74.18,213.99,203.03,벽돌구조,03000,"근린생활시설, 숙박시설, 주택",3,0
경상남도 양산시 북부동 487-13번지,48330,10400,0,0487,0013,일반건축물,경상남도 양산시 북안남4길 16-1 (북부동),,,231.8,163.4,70.49,299,129,철근콘크리트구조,04000,"제2종근린생활시설,위락시설",2,0
경상남도 양산시 북부동 488-1번지,48330,10400,0,0488,0001,일반건축물,경상남도 양산시 북안남4길 25 (북부동),,,212.2,148.6,70.03,486.12,229.09,철근콘크리트구조,01000,"단독주택(다가구),제2종근린생활시설",4,0
경상남도 양산시 북부동 488-2번지,48330,10400,0,0488,0002,일반건축물,경상남도 양산시 북안남2길 17 (북부동),,,0,0,0,344.46,0,블록구조,01000,"주택, 근린생활시설",1,0
경상남도 양산시 북부동 488-3번지,48330,10400,0,0488,0003,일반건축물,경상남도 양산시 북안남1길 18 (북부동),,,852.9,404.61,47.44,404.61,47.44,경량철골구조,03000,"제1종근린생활시설,제2종근린생활시설",1,0
경상남도 양산시 북부동 488-4번지,48330,10400,0,0488,0004,일반건축물,경상남도 양산시 북안남1길 16-1 (북부동),,,139.2,96.7,69.47,157.3,113,블록구조,04000,"주택,제1,2종근린생활시설",2,0
경상남도 양산시 북부동 488-5번지,48330,10400,0,0488,0005,표제부,경상남도 양산시 북안남2길 11-1 (북부동),조양연립,,0,205.2,0,813.6,0,철근콘크리트구조,02000,"점포, 공동주택",3,1
경상남도 양산시 북부동 488-6번지,48330,10400,0,0488,0006,일반건축물,경상남도 양산시 북안남1길 14-1 (북부동),,1동,269.8,173.6,64.34,173.6,64.34,일반철골구조,03000,제1종근린생활시설,1,0
경상남도 양산시 북부동 488-7번지,48330,10400,0,0488,0007,일반건축물,경상남도 양산시 북안남2길 11 (북부동),,,633.4,408.21,64.45,408.21,64.45,경량철골구조,04000,제2종근린생활시설,1,0
경상남도 양산시 북부동 488-8번지,48330,10400,0,0488,0008,일반건축물,경상남도 양산시 북안남1길 14 (북부동),,,334.2,175,52.36,175,52.36,경량철골구조,Z3000,근린생활시설,1,0
경상남도 양산시 북부동 488-9번지,48330,10400,0,0488,0009,일반건축물,경상남도 양산시 북안남1길 12 (북부동),,,0,81.82,0,81.82,0,블록구조,01000,주택,1,0
경상남도 양산시 북부동 488-10번지,48330,10400,0,0488,0010,일반건축물,경상남도 양산시 북안남2길 5-1 (북부동),,,898.7,526.26,58.56,523.86,58.29,벽돌구조,03000,근린생활시설,1,0
경상남도 양산시 북부동 488-11번지,48330,10400,0,0488,0011,일반건축물,경상남도 양산시 북안남1길 10 (북부동),,,0,95.8,0,162,0,블록구조,01000,"주택,제1종근린생활시설,제2종근린생활시설",2,0
경상남도 양산시 북부동 488-12번지,48330,10400,0,0488,0012,일반건축물,경상남도 양산시 북안남1길 6 (북부동),,,0,185.12,0,491.99,0,철근콘크리트구조,03000,근린생활시설,3,0
경상남도 양산시 북부동 488-12번지,48330,10400,0,0488,0012,일반건축물,경상남도 양산시 북안남1길 6 (북부동),,,0,43.84,0,43.84,0,경량철골구조,20000,자동차관련시설,1,0
경상남도 양산시 북부동 488-14번지,48330,10400,0,0488,0014,일반건축물,경상남도 양산시 북안남1길 10-1 (북부동),,,0,77.78,0,130.25,0,블록구조,01000,주택,2,0
경상남도 양산시 북부동 488-15번지,48330,10400,0,0488,0015,일반건축물,경상남도 양산시 북안남1길 16-3 (북부동),,,159.4,85.6,53.7,141.67,88.88,블록구조,01000,주택,2,0
경상남도 양산시 북부동 488-16번지,48330,10400,0,0488,0016,일반건축물,경상남도 양산시 북안남1길 16 (북부동),,,139.1,107.32,77.15,164.4,118.19,철근콘크리트구조,04000,"단독주택,제1,2종근린생활시설",2,0
경상남도 양산시 북부동 488-17번지,48330,10400,0,0488,0017,일반건축물,경상남도 양산시 북안남1길 16-2 (북부동),,,159.4,75.92,47.63,127.46,79.96,블록구조,01000,주택,2,0
경상남도 양산시 북부동 488-18번지,48330,10400,0,0488,0018,일반건축물,경상남도 양산시 북안남1길 12-1 (북부동),,,0,115.92,0,205.74,0,벽돌구조,01000,다세대주택,2,0
경상남도 양산시 북부동 488-25번지,48330,10400,0,0488,0025,일반건축물,경상남도 양산시 북안남2길 13 (북부동),,,353.8,251.05,70.96,496.24,70.96,철근콘크리트구조,04000,제2종근린생활시설,1,1
경상남도 양산시 북부동 489-1번지,48330,10400,0,0489,0001,일반건축물,경상남도 양산시 북안남2길 16 (북부동),,,1668.4,487.96,29.25,508.96,30.51,경량철골구조,03000,근린생활시설,2,0
경상남도 양산시 북부동 489-2번지,48330,10400,0,0489,0002,일반건축물,경상남도 양산시 북안남4길 15 (북부동),,,595,330.58,55.56,992.08,166.74,철근콘크리트구조,16000,"위락시설, 근린생활시설, 숙박시설",3,0
경상남도 양산시 북부동 489-3번지,48330,10400,0,0489,0003,일반건축물,경상남도 양산시 북안남2길 14 (북부동),,,316.6,189,59.7,533.86,168.62,철근콘크리트구조,04000,"제2종근린생활시설,위락시설",3,0
경상남도 양산시 북부동 489-4번지,48330,10400,0,0489,0004,일반건축물,경상남도 양산시 북안남4길 13-10 (북부동),,,209,131.52,62.93,131.52,62.93,경량철골구조,03000,"근린생활시설, 위락시설",1,0
경상남도 양산시 북부동 489-7번지,48330,10400,0,0489,0007,일반건축물,경상남도 양산시 북안남4길 13-16 (북부동),,1동,320.6,231.38,72.17,1417.83,426.56,철근콘크리트구조,15000,숙박시설,9,0
경상남도 양산시 북부동 489-7번지,48330,10400,0,0489,0007,일반건축물,경상남도 양산시 북안남4길 13-16 (북부동),,2동,0,50.27,0,50.27,0,일반철골구조,15000,숙박시설,8,0
경상남도 양산시 북부동 489-8번지,48330,10400,0,0489,0008,일반건축물,경상남도 양산시 북안남2길 6-15 (북부동),,,114.2,82.96,72.64,162.63,142.41,철근콘크리트구조,16000,위락시설,2,0
경상남도 양산시 북부동 489-9번지,48330,10400,0,0489,0009,일반건축물,경상남도 양산시 북안남2길 10 (북부동),,,330.6,194.64,58.87,377.02,114.04,철근콘크리트구조,03000,근린생활시설,2,0
경상남도 양산시 북부동 489-11번지,48330,10400,0,0489,0011,일반건축물,경상남도 양산시 북안남2길 6-9 (북부동),,,424.2,278.28,65.6,1269.21,299.2,철근콘크리트구조,15000,숙박시설,6,0
경상남도 양산시 북부동 489-13번지,48330,10400,0,0489,0013,일반건축물,경상남도 양산시 북안남2길 14-1 (북부동),,,165.3,86.76,52.49,152.31,92.14,철근콘크리트구조,01000,단독주택,2,0
경상남도 양산시 북부동 489-15번지,48330,10400,0,0489,0015,일반건축물,경상남도 양산시 북안남2길 12 (북부동),,,272.8,194.75,71.39,427.5,156.71,철근콘크리트구조,04000,제2종근린생활시설,3,0
경상남도 양산시 북부동 489-16번지,48330,10400,0,0489,0016,일반건축물,경상남도 양산시 북안남2길 6-11 (북부동),,,0,146.5,0,406.6,0,철근콘크리트구조,03000,"근린생활시설, 위락시설, 주택",4,0
경상남도 양산시 북부동 489-17번지,48330,10400,0,0489,0017,일반건축물,경상남도 양산시 북안남2길 6-5 (북부동),,,0,3.6,0,3.6,0,경량철골구조,04000,제2종근린생활시설(화장실),0,0
경상남도 양산시 북부동 489-17번지,48330,10400,0,0489,0017,일반건축물,경상남도 양산시 북안남2길 6-5 (북부동),,,189.5,128.07,67.58,196.38,103.63,철근콘크리트구조,03000,근린생활시설,2,0
경상남도 양산시 북부동 489-21번지,48330,10400,0,0489,0021,일반건축물,경상남도 양산시 북안남2길 10-1 (북부동),,,749.6,275.6,36.77,1312.44,175.09,철근콘크리트구조,15000,숙박시설,6,0
경상남도 양산시 북부동 490-1번지,48330,10400,0,0490,0001,일반건축물,경상남도 양산시 북안남4길 13 (북부동),,,0,118.61,0,474.44,0,철근콘크리트구조,03000,"근린생활시설, 숙박시설",4,0
경상남도 양산시 북부동 490-2번지,48330,10400,0,0490,0002,일반건축물,경상남도 양산시 북안남3길 13 (북부동),,,580.1,401.52,69.22,764.82,131.84,철근콘크리트구조,16000,"제2종근린생활시설,위락시설",2,0
경상남도 양산시 북부동 490-5번지,48330,10400,0,0490,0005,일반건축물,경상남도 양산시 북안남4길 13-7 (북부동),,,0,77.9,0,233.7,0,철근콘크리트구조,16000,"위락시설, 숙박시설",3,0
경상남도 양산시 북부동 490-6번지,48330,10400,0,0490,0006,일반건축물,경상남도 양산시 북안남3길 9 (북부동),,,0,361.26,0,955.47,0,철근콘크리트구조,15000,"근린생활시설, 여관, 위락시설",3,0
경상남도 양산시 북부동 490-8번지,48330,10400,0,0490,0008,일반건축물,경상남도 양산시 북안남3길 11 (북부동),,,0,100.01,0,300.03,0,철근콘크리트구조,03000,"근린생활시설, 위락시설",3,0
경상남도 양산시 북부동 490-9번지,48330,10400,0,0490,0009,일반건축물,경상남도 양산시 북안남4길 13-11 (북부동),,,102.5,71.2,69.46,140,136.59,철근콘크리트구조,04000,"주택,제2종근린생활시설",2,0
경상남도 양산시 북부동 490-10번지,48330,10400,0,0490,0010,일반건축물,경상남도 양산시 북안남4길 13-13 (북부동),,,94.6,73.74,77.95,198.9,210.25,철근콘크리트구조,04000,"근린생활시설, 위락시설, 주택",3,0
경상남도 양산시 북부동 490-11번지,48330,10400,0,0490,0011,일반건축물,경상남도 양산시 북안남4길 13-15 (북부동),,,91.9,73.06,79.5,199.68,217.28,철근콘크리트구조,03000,"근린생활시설, 위락시설",3,0
경상남도 양산시 북부동 490-12번지,48330,10400,0,0490,0012,일반건축물,경상남도 양산시 북안남4길 13-23 (북부동),,,0,50.7,0,152.1,0,벽돌구조,15000,"숙박시설,제2종근린생활시설",3,0
경상남도 양산시 북부동 490-13번지,48330,10400,0,0490,0013,일반건축물,경상남도 양산시 북안남3길 3 (북부동),,1동,0,96.4,0,173.9,0,기타조적구조,04000,"제2종근린생활시설, 근린생활시설",2,0
경상남도 양산시 북부동 490-13번지,48330,10400,0,0490,0013,일반건축물,경상남도 양산시 북안남3길 3 (북부동),,2동,0,164.72,0,164.72,0,경량철골구조,04000,"제2종근린생활시설, 위락시설",1,0
경상남도 양산시 북부동 490-14번지,48330,10400,0,0490,0014,일반건축물,경상남도 양산시 북안남4길 13-27 (북부동),,,96.3,76.215,79.14,304.86,316.57,철근콘크리트구조,03000,"근린생활시설, 주택",4,0
경상남도 양산시 북부동 490-15번지,48330,10400,0,0490,0015,일반건축물,경상남도 양산시 삼일로 87 (북부동),,,0,178.33,0,676.34,0,철근콘크리트구조,03000,"근린생활시설, 위락시설, 주택",4,0
경상남도 양산시 북부동 490-16번지,48330,10400,0,0490,0016,일반건축물,경상남도 양산시 북안남3길 7-1 (북부동),,,341.2,153.2,44.9,153.2,44.9,블록구조,03000,근린생활시설,1,0
경상남도 양산시 북부동 490-17번지,48330,10400,0,0490,0017,일반건축물,경상남도 양산시 북안남4길 13-19 (북부동),,,270.6,164.79,60.9,230.79,85.29,철근콘크리트구조,03000,근린공공시설,2,0
경상남도 양산시 북부동 490-18번지,48330,10400,0,0490,0018,일반건축물,경상남도 양산시 북안남3길 7 (북부동),,,0,99.2,0,387.77,0,철근콘크리트구조,15000,"근린생활시설, 여관, 주택",4,0
경상남도 양산시 북부동 490-19번지,48330,10400,0,0490,0019,일반건축물,경상남도 양산시 북안남3길 5 (북부동),,,0,60.8,0,121.6,0,철근콘크리트구조,01000,"제2종근린생활시설,주택",2,0
경상남도 양산시 북부동 490-19번지,48330,10400,0,0490,0019,일반건축물,경상남도 양산시 북안남3길 5 (북부동),,,0,82.34,0,163.68,0,철근콘크리트구조,03000,근린생활시설,2,0
경상남도 양산시 북부동 490-21번지,48330,10400,0,0490,0021,일반건축물,경상남도 양산시 북안남4길 13-17 (북부동),,,174.7,99.94,57.21,193.29,110.64,철근콘크리트구조,16000,"위락시설, 근린생활시설",2,0
경상남도 양산시 북부동 490-23번지,48330,10400,0,0490,0023,일반건축물,경상남도 양산시 북안남4길 13-25 (북부동),,,0,59.8,0,161.46,0,철근콘크리트구조,04000,"근린생활시설, 주택",3,0
경상남도 양산시 북부동 490-24번지,48330,10400,0,0490,0024,일반건축물,경상남도 양산시 북안남3길 7 (북부동),,,0,99.2,0,198.4,0,철근콘크리트구조,03000,"근린생활시설, 위락시설",2,0
경상남도 양산시 북부동 490-25번지,48330,10400,0,0490,0025,일반건축물,경상남도 양산시 북안남3길 5-2 (북부동),,,0,92.6,0,185.2,0,철근콘크리트구조,01000,"점포, 주택",2,0
경상남도 양산시 북부동 491-1번지,48330,10400,0,0491,0001,일반건축물,경상남도 양산시 북안남1길 4 (북부동),,,562.5,269.51,47.91,1594.11,251.88,철근콘크리트구조,15000,"숙박시설, 단독주택, 위락시설",6,1
경상남도 양산시 북부동 491-2번지,48330,10400,0,0491,0002,일반건축물,경상남도 양산시 삼일로 75 (북부동),,,767.9,571.58,74.43,4053.05,459.42,철근콘크리트구조,09000,의료시설,7,1
경상남도 양산시 북부동 491-3번지,48330,10400,0,0491,0003,일반건축물,경상남도 양산시 북안남1길 2 (북부동),,,289.9,196.86,67.91,875.79,302.1,철근콘크리트구조,03000,근린생활시설,5,0
경상남도 양산시 북부동 491-4번지,48330,10400,0,0491,0004,일반건축물,경상남도 양산시 삼일로 73 (북부동),,,254.6,177,69.52,693.6,272.43,철근콘크리트구조,03000,근린생활시설,4,0
경상남도 양산시 북부동 491-6번지,48330,10400,0,0491,0006,일반건축물,경상남도 양산시 삼일로 75-1 (북부동),,,175.9,123.02,69.93,491.33,279.32,철근콘크리트구조,04000,"근린생활시설, 주택",4,0
경상남도 양산시 북부동 491-8번지,48330,10400,0,0491,0008,일반건축물,경상남도 양산시 삼일로 77 (북부동),,,198.3,151.66,76.48,813.99,410.48,철근콘크리트구조,04000,"제1종근린생활시설,제2종근린생활시설",6,0
경상남도 양산시 북부동 491-9번지,48330,10400,0,0491,0009,일반건축물,경상남도 양산시 북안남2길 5 (북부동),,,496.6,319.14,64.27,593.04,119.42,철근콘크리트구조,03000,"근린생활시설, 위락시설",2,0
경상남도 양산시 북부동 492-1번지,48330,10400,0,0492,0001,일반건축물,경상남도 양산시 북안남2길 4 (북부동),,,387.3,269.4,69.56,819.9,207.64,철근콘크리트구조,16000,"위락시설,제2종근린생활시설",3,1
경상남도 양산시 북부동 492-2번지,48330,10400,0,0492,0002,일반건축물,경상남도 양산시 북안남2길 6-6 (북부동),,,766,340.22,44.42,2145.35,280.07,철근콘크리트구조,15000,숙박시설(여관),9,0
경상남도 양산시 북부동 492-6번지,48330,10400,0,0492,0006,일반건축물,경상남도 양산시 북안남2길 6-16 (북부동),,,100.3,79.95,79.71,302.04,301.14,철근콘크리트구조,04000,"제2종근린생활시설,단독주택",4,0
경상남도 양산시 북부동 492-7번지,48330,10400,0,0492,0007,일반건축물,경상남도 양산시 삼일로 79 (북부동),,,564.9,302.46,53.54,905.76,160.34,철근콘크리트구조,03000,"근린생활시설, 위락시설",3,0
경상남도 양산시 북부동 492-8번지,48330,10400,0,0492,0008,일반건축물,경상남도 양산시 삼일로 81 (북부동),,,109.6,85.56,78.07,305.04,278.32,철근콘크리트구조,03000,근린생활시설,4,0
경상남도 양산시 북부동 492-9번지,48330,10400,0,0492,0009,일반건축물,경상남도 양산시 삼일로 83 (북부동),,,0,209.76,0,418.38,0,철근콘크리트구조,03000,근린생활시설,2,0
경상남도 양산시 북부동 492-10번지,48330,10400,0,0492,0010,일반건축물,경상남도 양산시 삼일로 83-1 (북부동),,,384.4,284.5,74.01,284.5,74.01,조적구조,03000,제1종근린생활시설,1,0
경상남도 양산시 북부동 492-11번지,48330,10400,0,0492,0011,일반건축물,경상남도 양산시 북안남4길 13-24 (북부동),,,225.6,155.31,68.84,599.24,265.62,철근콘크리트구조,03000,"근린생활시설, 위락시설",4,0
경상남도 양산시 북부동 492-12번지,48330,10400,0,0492,0012,일반건축물,경상남도 양산시 삼일로 85 (북부동),,,66.1,48.935,74.04,195.74,296.12,철근콘크리트구조,03000,"근린생활시설, 주택",4,0
경상남도 양산시 북부동 520번지,48330,10400,0,0520,0000,일반건축물,경상남도 양산시 북안북8길 5 (북부동),,,0,225.69,0,687.91,0,철근콘크리트구조,03000,"근린생활시설, 주택",4,0
경상남도 양산시 북부동 520-2번지,48330,10400,0,0520,0002,일반건축물,경상남도 양산시 북안북8길 7 (북부동),,,211,111.22,52.71,419.42,198.78,철근콘크리트구조,03000,"근린생활시설, 주택",4,0
경상남도 양산시 북부동 520-3번지,48330,10400,0,0520,0003,일반건축물,경상남도 양산시 북안북8길 9 (북부동),,,199,110.04,55.3,415.27,208.68,철근콘크리트구조,04000,"근린생활시설, 주택",4,0
경상남도 양산시 북부동 520-4번지,48330,10400,0,0520,0004,일반건축물,경상남도 양산시 북안북8길 11 (북부동),,,191,103.98,54.44,391.41,204.93,철근콘크리트구조,03000,"근린생활시설, 주택",4,0
경상남도 양산시 북부동 520-5번지,48330,10400,0,0520,0005,일반건축물,경상남도 양산시 북안북8길 13 (북부동),,,342,199.06,58.2,737.86,215.75,철근콘크리트구조,03000,"근린생활시설, 주택",4,0
경상남도 양산시 북부동 533번지,48330,10400,0,0533,0000,일반건축물,경상남도 양산시 양산대로 849 (북부동),실내체육관,,0,3775.85,0,6104.87,0,철근콘크리트구조,13000,운동시설,3,0
경상남도 양산시 북부동 533번지,48330,10400,0,0533,0000,일반건축물,경상남도 양산시 양산대로 849 (북부동),종각,,0,93.22,0,65.61,0,철근콘크리트구조,13000,종각,1,0
경상남도 양산시 북부동 533번지,48330,10400,0,0533,0000,일반건축물,경상남도 양산시 양산대로 849 (북부동),기계실,,0,22.68,0,22.68,0,기타강구조,13000,운동시설,1,0
경상남도 양산시 북부동 533번지,48330,10400,0,0533,0000,일반건축물,경상남도 양산시 양산대로 849 (북부동),화장실,,0,70.18,0,70.18,0,철근콘크리트구조,13000,운동시설(화장실),1,0
경상남도 양산시 북부동 533번지,48330,10400,0,0533,0000,일반건축물,경상남도 양산시 양산대로 849 (북부동),관리사무소,,0,118.08,0,236.16,0,철근콘크리트구조,13000,운동시설(관리사무소),2,0
경상남도 양산시 북부동 533번지,48330,10400,0,0533,0000,일반건축물,경상남도 양산시 양산대로 849 (북부동),실내야구연습장,,0,480,0,480,0,일반철골구조,04000,제2종근린생활시설,1,0
경상남도 양산시 북부동 533번지,48330,10400,0,0533,0000,일반건축물,경상남도 양산시 양산대로 849 (북부동),민방위대피소,,0,202.5,0,1747.5,0,철근콘크리트구조,03000,제1종근린생활시설,1,1
경상남도 양산시 북부동 533번지,48330,10400,0,0533,0000,일반건축물,경상남도 양산시 양산대로 849 (북부동),종합운동장,,0,14480.85,0,17503.23,0,철근콘크리트구조,13000,"운동시설,제2종근린생활시설",3,0
경상남도 양산시 북부동 533번지,48330,10400,0,0533,0000,일반건축물,경상남도 양산시 양산대로 849 (북부동),화장실,,0,70.18,0,70.18,0,철근콘크리트구조,13000,운동시설(화장실),1,0
경상남도 양산시 북부동 533번지,48330,10400,0,0533,0000,일반건축물,경상남도 양산시 양산대로 849 (북부동),실내테니스장,,0,3344.2,0,3130.63,0,강파이프구조,13000,운동시설,1,0
경상남도 양산시 북부동 533번지,48330,10400,0,0533,0000,일반건축물,경상남도 양산시 양산대로 849 (북부동),쌍벽루국민체육센터,,0,1491.33,0,2996.74,0,철근콘크리트구조,13000,운동시설,3,1
경상남도 양산시 북부동 656-2번지,48330,10400,0,0656,0002,일반건축물,경상남도 양산시 명곡로 78 (북부동),,,2170,272.1,12.54,496.39,22.88,벽돌구조,04000,제2종근린생활시설,2,0
경상남도 양산시 북부동 686-1번지,48330,10400,0,0686,0001,일반건축물,경상남도 양산시 중앙로 227 (북부동),,A동,0,255.7,0,255.7,0,경량철골구조,04000,제2종근린생활시설,1,0
경상남도 양산시 북부동 686-1번지,48330,10400,0,0686,0001,일반건축물,경상남도 양산시 중앙로 227 (북부동),,B동,0,71.1,0,71.1,0,경량철골구조,20000,자동차관련시설,1,0
경상남도 양산시 북부동 686-2번지,48330,10400,0,0686,0002,일반건축물,경상남도 양산시 북안북3길 32 (북부동),,,598.3,477,79.73,1425,238.17,일반철골구조,04000,"제1종근린생활시설,제2종근린생활시설",3,0
경상남도 양산시 북부동 686-4번지,48330,10400,0,0686,0004,일반건축물,경상남도 양산시 북안북3길 24 (북부동),,,358.2,200.96,56.1,996.1,278.1,철근콘크리트구조,15000,숙박시설,5,0
경상남도 양산시 북부동 686-5번지,48330,10400,0,0686,0005,일반건축물,경상남도 양산시 북안북6길 6 (북부동),,,228.7,170.45,74.53,839.035,295.82,철근콘크리트구조,03000,"근린생활시설, 위락시설",4,1
경상남도 양산시 북부동 686-6번지,48330,10400,0,0686,0006,일반건축물,경상남도 양산시 중앙로 215 (북부동),,,340.8,165.93,48.69,165.93,48.69,일반철골구조,03000,제1종근린생활시설,1,0
경상남도 양산시 북부동 686-7번지,48330,10400,0,0686,0007,일반건축물,경상남도 양산시 북안북6길 2 (북부동),,,419.1,37.44,8.93,37.44,8.93,기타조적구조,04000,근린생활시설,1,0
경상남도 양산시 북부동 686-8번지,48330,10400,0,0686,0008,일반건축물,경상남도 양산시 중앙로 219 (북부동),,,0,4.5,0,4.5,0,기타조적구조,20000,자동차관련시설(화장실),1,0
경상남도 양산시 북부동 686-8번지,48330,10400,0,0686,0008,일반건축물,경상남도 양산시 중앙로 219 (북부동),,주건축물제1동,0,154.23,0,154.23,0,경량철골구조,20000,"자동차관련시설,제2종근린생활시설",1,0
경상남도 양산시 북부동 686-8번지,48330,10400,0,0686,0008,일반건축물,경상남도 양산시 중앙로 219 (북부동),,주건축물제2동,0,337.74,0,304.74,0,일반철골구조,03000,제1종근린생활시설,1,0
경상남도 양산시 북부동 686-9번지,48330,10400,0,0686,0009,일반건축물,경상남도 양산시 중앙로 223 (북부동),,,150.1,119.2,79.45,357.59,238.23,철근콘크리트구조,03000,"근린생활시설,제1종근린생활시설",3,0
경상남도 양산시 북부동 686-10번지,48330,10400,0,0686,0010,일반건축물,경상남도 양산시 중앙로 223-1 (북부동),,,597,294.06,49.26,289.38,48.47,철근콘크리트구조,03000,제1종근린생활시설,1,0
경상남도 양산시 북부동 686-12번지,48330,10400,0,0686,0012,일반건축물,경상남도 양산시 명곡로 40 (북부동),,,335.9,222.96,66.38,222.96,66.38,경량철골구조,03000,근린생활시설,1,0
경상남도 양산시 북부동 686-13번지,48330,10400,0,0686,0013,일반건축물,경상남도 양산시 중앙로 217 (북부동),,2동,0,107.52,0,107.52,0,경량철골구조,20000,자동차관련시설,1,0
경상남도 양산시 북부동 686-13번지,48330,10400,0,0686,0013,일반건축물,경상남도 양산시 중앙로 217 (북부동),,1동,0,130,0,130,0,경량철골구조,20000,자동차관련시설,1,0
경상남도 양산시 북부동 686-14번지,48330,10400,0,0686,0014,일반건축물,경상남도 양산시 중앙로 225 (북부동),,,265,171.14,64.58,171.14,64.58,철근콘크리트구조,03000,제1종근린생활시설,1,0
경상남도 양산시 북부동 686-15번지,48330,10400,0,0686,0015,일반건축물,경상남도 양산시 북안북3길 34 (북부동),,,372.4,243.57,65.41,999.07,268.28,철근콘크리트구조,04000,"제1,2종근린생활시설,단독주택",5,0
경상남도 양산시 북부동 687-1번지,48330,10400,0,0687,0001,일반건축물,경상남도 양산시 북안북3길 20 (북부동),,,633.1,474.77,74.99,1336.62,211.12,철근콘크리트구조,04000,"위락시설,제2종근린생활시설",3,0
경상남도 양산시 북부동 687-2번지,48330,10400,0,0687,0002,일반건축물,경상남도 양산시 북안북3길 18 (북부동),,,298.2,197.44,66.21,814.49,273.14,철근콘크리트구조,16000,"위락시설,숙박시설",5,0
경상남도 양산시 북부동 687-3번지,48330,10400,0,0687,0003,일반건축물,경상남도 양산시 북안북3길 16 (북부동),,,387.7,278.2,71.76,1497.21,358.12,철근콘크리트구조,15000,숙박시설,6,1
경상남도 양산시 북부동 687-5번지,48330,10400,0,0687,0005,일반건축물,경상남도 양산시 북안북3길 10 (북부동),,제1동,1044.4,812.25,77.77,1996.32,115.31,철근콘크리트구조,15000,숙박시설,3,0
경상남도 양산시 북부동 687-6번지,48330,10400,0,0687,0006,일반건축물,경상남도 양산시 북안북4길 4 (북부동),,,414.8,292.41,70.49,793.39,191.27,철근콘크리트구조,04000,근린생활시설,3,0
경상남도 양산시 북부동 687-7번지,48330,10400,0,0687,0007,일반건축물,경상남도 양산시 중앙로 203 (북부동),,,253,177.82,70.28,798.02,315.42,철근콘크리트구조,04000,"제2종근린생활시설,제1종근린생활시설,위락시설,단독주택",5,0
경상남도 양산시 북부동 687-8번지,48330,10400,0,0687,0008,일반건축물,경상남도 양산시 중앙로 205 (북부동),,,452,358.4,79.29,716.8,158.58,경량철골구조,03000,근린생활시설,2,0
경상남도 양산시 북부동 687-10번지,48330,10400,0,0687,0010,일반건축물,경상남도 양산시 중앙로 209 (북부동),,,623.8,330.22,52.94,990.66,158.81,철근콘크리트구조,14000,"업무시설,노유자시설",3,0
경상남도 양산시 북부동 687-12번지,48330,10400,0,0687,0012,일반건축물,경상남도 양산시 중앙로 207 (북부동),,,389.6,198.48,50.94,198.48,50.94,경량철골구조,03000,근린생활시설,1,0
경상남도 양산시 북부동 687-13번지,48330,10400,0,0687,0013,일반건축물,경상남도 양산시 북안북3길 16-1 (북부동),아몬드호텔,,298.1,224.82,75.42,1289.6,365.48,철근콘크리트구조,15000,"숙박시설,근린생활시설",5,1
경상남도 양산시 북부동 688-2번지,48330,10400,0,0688,0002,일반건축물,경상남도 양산시 북안북3길 6 (북부동),,,483.7,359.7,74.36,1850.95,363.57,철근콘크리트구조,15000,"숙박시설,위락시설",6,1
경상남도 양산시 북부동 688-3번지,48330,10400,0,0688,0003,일반건축물,경상남도 양산시 북안북3길 4 (북부동),,,333.7,199.56,59.8,199.56,59.8,경량철골구조,04000,근린생활시설,1,0
경상남도 양산시 북부동 688-5번지,48330,10400,0,0688,0005,일반건축물,경상남도 양산시 중앙우회로 134 (북부동),,,537.4,365.28,67.97,365.28,67.97,경량철골구조,03000,"근린생활시설,제2종근린생활시설",1,0
경상남도 양산시 북부동 688-6번지,48330,10400,0,0688,0006,일반건축물,경상남도 양산시 중앙로 193 (북부동),,,240.1,171.215,71.31,342.43,142.62,철근콘크리트구조,04000,제2종근린생활시설,2,0
경상남도 양산시 북부동 688-8번지,48330,10400,0,0688,0008,일반건축물,경상남도 양산시 중앙로 199 (북부동),,,1113.1,446.86,40.15,1658.22,148.97,철근콘크리트구조,04000,제1종근린생활시설,5,0
경상남도 양산시 북부동 689-1번지,48330,10400,0,0689,0001,일반건축물,경상남도 양산시 중앙우회로 133 (북부동),,,1897.9,1488.02,78.4,3114.06,78.4,철근콘크리트구조,16000,"제2종근린생활시설,위락시설,판매시설",1,1
경상남도 양산시 북부동 689-3번지,48330,10400,0,0689,0003,일반건축물,경상남도 양산시 중앙로 189 (북부동),,,158.6,123.76,78.03,417.675,263.35,철근콘크리트구조,04000,근린생활시설,4,0
경상남도 양산시 북부동 689-5번지,48330,10400,0,0689,0005,일반건축물,경상남도 양산시 북안남8길 8-16 (북부동),,,334.2,231.55,69.29,516.9,154.67,철근콘크리트구조,04000,제2종근린생활시설,3,0
경상남도 양산시 북부동 689-6번지,48330,10400,0,0689,0006,일반건축물,경상남도 양산시 북안남8길 8-14 (북부동),,,228,180.04,78.96,720.16,315.86,철근콘크리트구조,15000,숙박시설,4,0
경상남도 양산시 북부동 689-8번지,48330,10400,0,0689,0008,일반건축물,경상남도 양산시 중앙로 185 (북부동),,,202.2,127.8,63.2,383.4,189.61,철근콘크리트구조,03000,"제1,2종근린생활시설",3,0
경상남도 양산시 북부동 689-9번지,48330,10400,0,0689,0009,일반건축물,경상남도 양산시 북안남8길 8-12 (북부동),,,739,334.32,45.24,1589.03,215.02,철근콘크리트구조,15000,"숙박시설,제2종근린생활시설,위락시설",5,0
경상남도 양산시 북부동 689-10번지,48330,10400,0,0689,0010,일반건축물,경상남도 양산시 북안남8길 6 (북부동),,,702.2,461.25,65.69,775.12,110.38,철근콘크리트구조,03000,"제1,2종근린생활시설,위락시설,판매시설",2,0
경상남도 양산시 북부동 690-1번지,48330,10400,0,0690,0001,일반건축물,경상남도 양산시 북안남3길 46 (북부동),,,422.6,242.44,57.37,242.44,57.37,경량철골구조,04000,"제1종근린생활시설,제2종근린생활시설",1,0
경상남도 양산시 북부동 690-2번지,48330,10400,0,0690,0002,일반건축물,경상남도 양산시 북안남3길 44-1 (북부동),,,210.6,125.31,59.5,125.31,59.5,경량철골구조,03000,근린생활시설,1,0
경상남도 양산시 북부동 690-3번지,48330,10400,0,0690,0003,일반건축물,경상남도 양산시 북안남3길 42 (북부동),,,323.5,192.66,59.55,494.666,152.91,철근콘크리트구조,03000,"근린생활시설, 주택",3,0
경상남도 양산시 북부동 690-4번지,48330,10400,0,0690,0004,일반건축물,경상남도 양산시 북안남3길 38 (북부동),,,487.7,340.86,69.89,1329.53,272.61,철근콘크리트구조,04000,"근린생활시설, 교육연구시설,제1,2종근린생활시설",4,0
경상남도 양산시 북부동 690-5번지,48330,10400,0,0690,0005,일반건축물,경상남도 양산시 북안남8길 8 (북부동),,,207.9,121.96,58.66,387.57,186.42,철근콘크리트구조,01000,"근린생활시설, 주택",4,0
경상남도 양산시 북부동 690-6번지,48330,10400,0,0690,0006,일반건축물,경상남도 양산시 북안남8길 8-5 (북부동),,,190.4,131.2,68.91,392.96,206.39,철근콘크리트구조,01000,"근린생활시설, 위락시설, 주택",3,0
경상남도 양산시 북부동 690-7번지,48330,10400,0,0690,0007,일반건축물,경상남도 양산시 북안남8길 8-9 (북부동),,,178.5,104.46,58.52,264.69,148.29,철근콘크리트구조,03000,"제1,2종근린생활시설, 단독주택",3,0
경상남도 양산시 북부동 690-8번지,48330,10400,0,0690,0008,일반건축물,경상남도 양산시 북안남8길 8-11 (북부동),,,147.6,87.68,59.4,87.68,59.4,경량철골구조,03000,"근린생활시설,제1종근린생활시설",1,0
경상남도 양산시 북부동 690-9번지,48330,10400,0,0690,0009,일반건축물,경상남도 양산시 북안남8길 8-13 (북부동),,,217.3,139,63.97,139,63.97,경량철골구조,16000,위락시설,1,0
경상남도 양산시 북부동 690-11번지,48330,10400,0,0690,0011,일반건축물,경상남도 양산시 북안남3길 44 (북부동),,,331,186,56.19,493.596,132.81,철근콘크리트구조,03000,"근린생활시설, 주택",3,0
경상남도 양산시 북부동 691-1번지,48330,10400,0,0691,0001,일반건축물,경상남도 양산시 북안북2길 6 (북부동),,,513.7,329.31,64.11,1599.44,238.7,철근콘크리트구조,04000,"근린생활시설,제2종근린생활시설",4,1
경상남도 양산시 북부동 691-2번지,48330,10400,0,0691,0002,표제부,경상남도 양산시 북안북2길 4 (북부동),다세대연립,,302.2,174.54,57.76,540.36,178.81,철근콘크리트구조,04000,"단독주택, 근린생활시설",4,0
경상남도 양산시 북부동 691-3번지,48330,10400,0,0691,0003,일반건축물,경상남도 양산시 중앙우회로 142 (북부동),,,464.4,324.69,69.92,988.75,212.91,철근콘크리트구조,04000,근린생활시설,4,0
경상남도 양산시 북부동 691-4번지,48330,10400,0,0691,0004,일반건축물,경상남도 양산시 중앙우회로 140 (북부동),,,125.3,95.63,76.32,380.19,303.42,철근콘크리트구조,04000,"제2종근린생활시설,제1종근린생활시설,단독주택",4,0
경상남도 양산시 북부동 691-5번지,48330,10400,0,0691,0005,일반건축물,경상남도 양산시 중앙우회로 138 (북부동),,,133,78,58.64,78,58.64,철골콘크리트구조,03000,근린생활시설,1,0
경상남도 양산시 북부동 691-6번지,48330,10400,0,0691,0006,일반건축물,경상남도 양산시 북안북3길 3 (북부동),,,257,48.45,18.85,48.45,18.85,블록구조,03000,근린생활시설,1,0
경상남도 양산시 북부동 691-7번지,48330,10400,0,0691,0007,일반건축물,경상남도 양산시 북안북3길 5 (북부동),,,367.7,234.72,63.83,462.08,125.67,철근콘크리트구조,04000,"제2종근린생활시설, 위락시설",2,0
경상남도 양산시 북부동 691-8번지,48330,10400,0,0691,0008,일반건축물,경상남도 양산시 북안북3길 5-1 (북부동),,,511.6,332.854,65.06,1626.19,250.35,철근콘크리트구조,03000,근린생활시설,4,1
경상남도 양산시 북부동 692-1번지,48330,10400,0,0692,0001,일반건축물,경상남도 양산시 북안북2길 16 (북부동),,,467.5,246.84,52.8,1192.36,234.96,철근콘크리트구조,15000,"숙박시설, 단독주택",6,1
경상남도 양산시 북부동 692-3번지,48330,10400,0,0692,0003,일반건축물,경상남도 양산시 북안북4길 12 (북부동),,,171,116.41,68.08,116.41,68.08,경량철골구조,03000,근린생활시설,1,0
경상남도 양산시 북부동 692-5번지,48330,10400,0,0692,0005,일반건축물,경상남도 양산시 북안북4길 8 (북부동),,,534.3,424.37,79.43,2020.26,308.35,철근콘크리트구조,15000,"숙박시설,제2종근린생활시설",8,0
경상남도 양산시 북부동 692-6번지,48330,10400,0,0692,0006,일반건축물,경상남도 양산시 북안북3길 11 (북부동),,,348.7,207.75,59.58,1220.52,350.02,철근콘크리트구조,15000,"숙박시설,단독주택",7,0
경상남도 양산시 북부동 692-7번지,48330,10400,0,0692,0007,일반건축물,경상남도 양산시 북안북3길 13 (북부동),,,308.8,204.15,66.11,955.148,251.13,철근콘크리트구조,16000,"위락시설, 제2종근린생활시설, 판매시설, 단독주택",4,1
경상남도 양산시 북부동 692-9번지,48330,10400,0,0692,0009,일반건축물,경상남도 양산시 북안북3길 17 (북부동),,,827.4,338.25,40.88,1913.14,229.62,철근콘크리트구조,15000,숙박시설,8,1
경상남도 양산시 북부동 692-10번지,48330,10400,0,0692,0010,일반건축물,경상남도 양산시 북안북2길 14 (북부동),,,321.1,74.6,23.23,74.6,23.23,벽돌구조,04000,근린생활시설,1,0
경상남도 양산시 북부동 692-13번지,48330,10400,0,0692,0013,일반건축물,경상남도 양산시 북안북2길 16 (북부동),,,231,84.84,36.73,84.84,36.73,경량철골구조,20000,자동차관련시설,1,0
경상남도 양산시 북부동 693-2번지,48330,10400,0,0693,0002,일반건축물,경상남도 양산시 북안북2길 22-8 (북부동),,,191.3,102.73,53.7,178.49,93.3,철근콘크리트구조,04000,제2종근린생활시설,2,0
경상남도 양산시 북부동 693-3번지,48330,10400,0,0693,0003,일반건축물,경상남도 양산시 북안북2길 22-12 (북부동),,,311.9,180.54,57.88,552.84,177.25,철근콘크리트구조,14000,업무시설,4,0
경상남도 양산시 북부동 693-4번지,48330,10400,0,0693,0004,일반건축물,경상남도 양산시 북안북2길 22-14 (북부동),,,267.7,94.42,35.27,262.11,97.91,철근콘크리트구조,03000,제1종근린생활시설,3,0
경상남도 양산시 북부동 693-5번지,48330,10400,0,0693,0005,일반건축물,경상남도 양산시 북안북3길 25 (북부동),,,0,194.77,0,383.04,0,경량철골구조,20000,"제2종근린생활시설,자동차관련시설",2,0
경상남도 양산시 북부동 693-5번지,48330,10400,0,0693,0005,일반건축물,경상남도 양산시 북안북3길 25 (북부동),,,0,56,0,56,0,경량철골구조,20000,자동차관련시설,1,0
경상남도 양산시 북부동 693-6번지,48330,10400,0,0693,0006,일반건축물,경상남도 양산시 북안북6길 8 (북부동),,,327.4,194.28,59.34,194.28,59.34,경량철골구조,03000,제1종근린생활시설,1,0
경상남도 양산시 북부동 693-7번지,48330,10400,0,0693,0007,일반건축물,경상남도 양산시 북안북6길 10 (북부동),,,270.9,207.5,76.6,714.7,263.82,철근콘크리트구조,04000,"제2종근린생활시설, 단독주택(다가구), 위락시설, 판매시설",4,0
경상남도 양산시 북부동 693-8번지,48330,10400,0,0693,0008,일반건축물,경상남도 양산시 북안북6길 14 (북부동),,,890.7,468,52.5,993.7,111.56,철근콘크리트구조,04000,"제2종근린생활시설,주택,위락시설",3,0
경상남도 양산시 북부동 693-9번지,48330,10400,0,0693,0009,일반건축물,경상남도 양산시 북안북2길 22-6 (북부동),,,361,244.26,67.66,647.97,179.49,철근콘크리트구조,01000,단독주택(다가구),4,0
경상남도 양산시 북부동 694-1번지,48330,10400,0,0694,0001,일반건축물,경상남도 양산시 명곡로 20 (북부동),,,444.9,303.5,68.22,303.5,68.22,경량철골구조,03000,근린생활시설,1,0
경상남도 양산시 북부동 694-2번지,48330,10400,0,0694,0002,일반건축물,경상남도 양산시 명곡로 22 (북부동),,,444.8,307.2,69.06,307.2,69.06,경량철골구조,03000,근린생활시설,1,0
경상남도 양산시 북부동 694-3번지,48330,10400,0,0694,0003,일반건축물,경상남도 양산시 명곡로 28 (북부동),,,444.8,149.2,33.6,149.2,33.6,경량철골구조,04000,근린생활시설,1,0
경상남도 양산시 북부동 694-4번지,48330,10400,0,0694,0004,일반건축물,경상남도 양산시 명곡로 28 (북부동),,,444.8,180.96,40.68,180.96,40.68,경량철골구조,04000,근린생활시설,1,0
경상남도 양산시 북부동 694-5번지,48330,10400,0,0694,0005,일반건축물,경상남도 양산시 명곡로 28-1 (북부동),,,167,130.88,78.37,385.72,230.97,철근콘크리트구조,01000,단독주택(다가구),4,0
경상남도 양산시 북부동 694-6번지,48330,10400,0,0694,0006,일반건축물,경상남도 양산시 명곡로 32 (북부동),,,294.2,205.51,69.75,705.79,239.9,철근콘크리트구조,04000,"근린생활시설, 교육연구시설, 주택",4,0
경상남도 양산시 북부동 694-7번지,48330,10400,0,0694,0007,표제부,경상남도 양산시 북안북2길 22-17 (북부동),플리체힐,,658.3,294.49,44.73,2062.73,313.34,철근콘크리트구조,02000,"공동주택, 업무시설",10,1
경상남도 양산시 북부동 694-8번지,48330,10400,0,0694,0008,일반건축물,경상남도 양산시 북안북2길 22-13 (북부동),,,330.5,256.18,77.51,658.22,199.34,철근콘크리트구조,01000,단독주택,4,0
경상남도 양산시 북부동 694-9번지,48330,10400,0,0694,0009,일반건축물,경상남도 양산시 북안북2길 22-3 (북부동),,,618.8,142.2,24.59,152.2,24.59,경량철골구조,03000,근린생활시설,1,0
경상남도 양산시 북부동 694-10번지,48330,10400,0,0694,0010,일반건축물,경상남도 양산시 북안북3길 31 (북부동),,,181.2,124.96,68.96,249.92,137.92,철근콘크리트구조,03000,근린생활시설,2,0
경상남도 양산시 북부동 694-11번지,48330,10400,0,0694,0011,일반건축물,경상남도 양산시 북안북3길 29 (북부동),,,152,105.78,69.59,423.12,278.37,철근콘크리트구조,03000,"근린생활시설, 주택",4,0
경상남도 양산시 북부동 694-12번지,48330,10400,0,0694,0012,일반건축물,경상남도 양산시 북안북2길 22-11 (북부동),더이로운 병원 주차타워,,179.5,70.06,39.03,70.06,39.03,일반철골구조,20000,자동차관련시설,11,0
경상남도 양산시 북부동 694-14번지,48330,10400,0,0694,0014,일반건축물,경상남도 양산시 명곡로 30 (북부동),,,244.6,156.42,63.95,622.71,254.58,철근콘크리트구조,04000,근린생활시설,4,0
경상남도 양산시 북부동 694-15번지,48330,10400,0,0694,0015,일반건축물,경상남도 양산시 북안북3길 27 (북부동),,,251.9,195.175,77.48,475.36,189,철근콘크리트구조,01000,단독주택(다가구),4,0
경상남도 양산시 북부동 695-1번지,48330,10400,0,0695,0001,일반건축물,경상남도 양산시 북안북1길 14 (북부동),,,490.3,100.8,20.56,100.8,20.56,경량철골구조,20000,"자동차관련시설,제2종근린생활시설",1,0
경상남도 양산시 북부동 695-2번지,48330,10400,0,0695,0002,일반건축물,경상남도 양산시 명곡로 8 (북부동),,,322,138.72,43.08,245.88,76.36,경량철골구조,03000,근린생활시설,2,0
경상남도 양산시 북부동 695-5번지,48330,10400,0,0695,0005,일반건축물,경상남도 양산시 명곡로 12 (북부동),,,311.6,179.34,57.55,179.34,57.55,경량철골구조,03000,근린생활시설,1,0
경상남도 양산시 북부동 695-6번지,48330,10400,0,0695,0006,일반건축물,경상남도 양산시 북안북1길 10-19 (북부동),양산농협,제2동,0,216,0,216,0,일반철골구조,04000,제2종근린생활시설,1,0
경상남도 양산시 북부동 695-6번지,48330,10400,0,0695,0006,일반건축물,경상남도 양산시 북안북1길 10-19 (북부동),양산농협,제1동,0,1547.2,0,6010.39,0,철근콘크리트구조,14000,"업무시설,관람집회시설,제2종근린생활시설",4,1
경상남도 양산시 북부동 695-9번지,48330,10400,0,0695,0009,일반건축물,경상남도 양산시 북안북1길 10-9 (북부동),브이모텔,,660.2,443.21,67.13,1768.4,267.86,철근콘크리트구조,15000,숙박시설,5,0
경상남도 양산시 북부동 695-10번지,48330,10400,0,0695,0010,일반건축물,경상남도 양산시 북안북1길 10-3 (북부동),,,782,453.22,57.96,1996.77,255.34,철근콘크리트구조,15000,숙박시설,6,0
경상남도 양산시 북부동 696-1번지,48330,10400,0,0696,0001,일반건축물,경상남도 양산시 북안북1길 10 (북부동),,,134.6,92.32,68.59,463.19,264.26,철근콘크리트구조,04000,제2종근린생활시설,4,1
경상남도 양산시 북부동 696-3번지,48330,10400,0,0696,0003,일반건축물,경상남도 양산시 북안북1길 10-8 (북부동),,,897.4,477.8,53.24,477.8,53.24,경량철골구조,03000,"제1종근린생활시설,제2종근린생활시설",1,0
경상남도 양산시 북부동 696-4번지,48330,10400,0,0696,0004,일반건축물,경상남도 양산시 북안북1길 10-16 (북부동),,,248,143.64,57.92,143.64,57.92,경량철골구조,03000,근린생활시설,1,0
경상남도 양산시 북부동 696-5번지,48330,10400,0,0696,0005,일반건축물,경상남도 양산시 북안북1길 10-18 (북부동),,,297.9,163.42,54.86,282.96,94.99,경량철골구조,04000,근린생활시설,2,0
경상남도 양산시 북부동 696-6번지,48330,10400,0,0696,0006,일반건축물,경상남도 양산시 북안북2길 19 (북부동),,,1538.9,914.9,59.45,4172.4,178.35,철근콘크리트구조,13000,"운동시설,제1종근린생활시설,제2종근린생활시설,위락시설",3,2
경상남도 양산시 북부동 696-7번지,48330,10400,0,0696,0007,표제부,경상남도 양산시 북안북6길 20 (북부동),호서타운,,335.7,259.88,77.41,1464.37,436.21,철근콘크리트구조,02000,"공동주택,업무시설",7,0
경상남도 양산시 북부동 696-8번지,48330,10400,0,0696,0008,일반건축물,경상남도 양산시 북안북6길 20-1 (북부동),,,188.9,131.67,69.7,395.01,209.11,철근콘크리트구조,01000,"근린생활시설, 주택",3,0
경상남도 양산시 북부동 696-9번지,48330,10400,0,0696,0009,일반건축물,경상남도 양산시 북안북6길 22 (북부동),,1동,252.8,131.25,51.92,131.25,51.92,경량철골구조,04000,제2종근린생활시설,1,0
경상남도 양산시 북부동 696-10번지,48330,10400,0,0696,0010,일반건축물,경상남도 양산시 북안북6길 24 (북부동),,,222.6,76.26,34.26,71.11,31.95,블록구조,19000,위험물저장및처리시설,1,0
경상남도 양산시 북부동 696-11번지,48330,10400,0,0696,0011,일반건축물,경상남도 양산시 북안북6길 24-1 (북부동),,,265.9,165,62.05,315,118.47,경량철골구조,03000,근린생활시설,2,0
경상남도 양산시 북부동 696-12번지,48330,10400,0,0696,0012,일반건축물,경상남도 양산시 북안북6길 26 (북부동),,,207,144.07,69.6,518.47,250.47,철근콘크리트구조,04000,"근린생활시설, 주택",4,0
경상남도 양산시 북부동 696-13번지,48330,10400,0,0696,0013,표제부,경상남도 양산시 북안북4길 24 (북부동),,,429.2,319.85,74.5224,1086.87,220.5848,철근콘크리트구조,02000,"공동주택,업무시설",4,0
경상남도 양산시 북부동 696-14번지,48330,10400,0,0696,0014,일반건축물,경상남도 양산시 북안북1길 8 (북부동),,,325.2,208.49,64.11,413.38,127.12,철근콘크리트구조,04000,근린생활시설,2,0
경상남도 양산시 북부동 697-1번지,48330,10400,0,0697,0001,일반건축물,경상남도 양산시 북안북2길 11 (북부동),,제1동,3040.3,23.788,0.78,23.788,0.78,컨테이너조,03000,제1종근린생활시설,1,0
경상남도 양산시 북부동 697-2번지,48330,10400,0,0697,0002,표제부,경상남도 양산시 북안북4길 16 (북부동),다세대연립,,178.8,106.3,59.45,374.62,209.51,철근콘크리트구조,04000,"단독주택, 근린생활시설",5,0
경상남도 양산시 북부동 697-3번지,48330,10400,0,0697,0003,일반건축물,경상남도 양산시 북안북4길 14 (북부동),,,210,99.75,47.5,199.5,95,일반목구조,03000,제1종근린생활시설,2,0
경상남도 양산시 북부동 698-1번지,48330,10400,0,0698,0001,일반건축물,경상남도 양산시 북안북4길 25 (북부동),,,176.8,122.21,69.12,386.16,218.42,철근콘크리트구조,01000,"근린생활시설, 단독주택",4,0
경상남도 양산시 북부동 698-2번지,48330,10400,0,0698,0002,일반건축물,경상남도 양산시 북안북4길 23 (북부동),,,259.1,180.36,69.61,1022.36,343.43,철근콘크리트구조,04000,"제2종근린생활시설,단독주택",6,0
경상남도 양산시 북부동 698-3번지,48330,10400,0,0698,0003,표제부,경상남도 양산시 북안북4길 21 (북부동),,,467.8,286.28,61.2,945.62,202.14,철근콘크리트구조,02000,공동주택(다세대),4,0
경상남도 양산시 북부동 698-4번지,48330,10400,0,0698,0004,일반건축물,경상남도 양산시 북안북4길 19-1 (북부동),,,301.4,210.6,69.87,1079.88,334.35,철근콘크리트구조,04000,"제1종근린생활시설,제2종근린생활시설",6,0
경상남도 양산시 북부동 698-5번지,48330,10400,0,0698,0005,표제부,경상남도 양산시 북안북4길 19 (북부동),다세대연립,,603.1,359,59.53,952.78,157.98,철근콘크리트구조,04000,"제1종근린생활시설,제2종근린생활시설,단독주택",3,0
경상남도 양산시 북부동 698-7번지,48330,10400,0,0698,0007,일반건축물,경상남도 양산시 북안북4길 13 (북부동),,,951.2,486.08,51.1,486.08,51.1,일반철골구조,03000,제1종근린생활시설,1,0
경상남도 양산시 북부동 698-8번지,48330,10400,0,0698,0008,일반건축물,경상남도 양산시 중앙우회로 144 (북부동),,,1216.5,556.2,45.72,4290.97,271.98,철근콘크리트구조,14000,"일반업무시설, 근린생활시설",6,1
경상남도 양산시 북부동 698-10번지,48330,10400,0,0698,0010,일반건축물,경상남도 양산시 중앙우회로 148 (북부동),,,439.4,322.2,73.33,512.64,116.67,일반철골구조,04000,"제1종근린생활시설, 제2종근린생활시설",2,0
경상남도 양산시 북부동 698-12번지,48330,10400,0,0698,0012,일반건축물,경상남도 양산시 중앙우회로 150 (북부동),,,458.1,363.2,79.28,1276.4,278.63,일반철골구조,04000,"제1종근린생활시설,제2종근린생활시설,자동차관련시설,단독주택",4,0
경상남도 양산시 북부동 698-13번지,48330,10400,0,0698,0013,일반건축물,경상남도 양산시 중앙우회로 152 (북부동),,,237.2,164.59,69.39,515.63,217.38,철근콘크리트구조,04000,"제2종근린생활시설, 단독주택",4,0
경상남도 양산시 북부동 698-14번지,48330,10400,0,0698,0014,일반건축물,경상남도 양산시 중앙우회로 154 (북부동),,,628.5,388.88,61.9,1246.09,198.26,철근콘크리트구조,04000,"제2종근린생활시설, 위락시설, 주택",4,0
경상남도 양산시 북부동 698-15번지,48330,10400,0,0698,0015,일반건축물,경상남도 양산시 중앙우회로 156 (북부동),,,315.3,247.78,78.59,624.42,187.57,철근콘크리트구조,04000,"제2종근린생활시설,단독주택",3,1
경상남도 양산시 북부동 698-16번지,48330,10400,0,0698,0016,일반건축물,경상남도 양산시 북안북1길 4 (북부동),,,225.5,157.3,69.67,471.3,209,철근콘크리트구조,04000,"근린생활시설, 주택, 제2종근린생활시설",3,0
경상남도 양산시 북부동 699-1번지,48330,10400,0,0699,0001,표제부,경상남도 양산시 양산대로 886 (북부동),더이로운 병원,,739.1,561.17,75.93,6425.6,796.58,일반철골구조,09000,"의료시설,제1,2종근린생활시설",11,1
경상남도 양산시 북부동 699-3번지,48330,10400,0,0699,0003,일반건축물,경상남도 양산시 양산대로 884 (북부동),,,552.6,245.03,44.36,947.02,130.07,철근콘크리트구조,04000,근린생활시설,3,1
경상남도 양산시 북부동 699-5번지,48330,10400,0,0699,0005,일반건축물,경상남도 양산시 양산대로 882 (북부동),,가동,1551.8,760.21,48.99,700.88,45.17,일반철골구조,03000,제1종근린생활시설,1,0
경상남도 양산시 북부동 699-5번지,48330,10400,0,0699,0005,일반건축물,경상남도 양산시 양산대로 882 (북부동),,나동,0,84.15,0,84.15,0,경량철골구조,03000,제1종근린생활시설(창고),1,0
경상남도 양산시 북부동 699-8번지,48330,10400,0,0699,0008,일반건축물,경상남도 양산시 북안북1길 5 (북부동),,신방모텔,407.5,308.92,75.81,1263.74,310.12,철근콘크리트구조,15000,"숙박시설,단독주택",6,0
경상남도 양산시 북부동 699-9번지,48330,10400,0,0699,0009,일반건축물,경상남도 양산시 북안북1길 7 (북부동),,,454.6,336.09,73.93,1410.93,310.37,철근콘크리트구조,15000,"숙박시설,단독주택",6,0
경상남도 양산시 북부동 699-10번지,48330,10400,0,0699,0010,일반건축물,경상남도 양산시 북안북1길 13 (북부동),,A동,527.1,136.69,25.93,273.38,51.86,일반철골구조,03000,"제1,2종근린생활시설",2,0
경상남도 양산시 북부동 701-1번지,48330,10400,0,0701,0001,일반건축물,경상남도 양산시 북안남2길 52 (북부동),,,358,237.32,66.29,237.32,66.29,경량철골구조,04000,제2종근린생활시설,1,0
경상남도 양산시 북부동 701-2번지,48330,10400,0,0701,0002,일반건축물,경상남도 양산시 중앙우회로 143 (북부동),,,1227.5,546.83,44.55,1267.67,103.27,철근콘크리트구조,04000,"근린생활시설, 주택, 제2종근린생활시설",3,0
경상남도 양산시 북부동 701-4번지,48330,10400,0,0701,0004,일반건축물,경상남도 양산시 북안남2길 46 (북부동),,,847.2,355.87,42.01,925.98,109.3,철근콘크리트구조,13000,"운동시설, 제2종근린생활시설",3,0
경상남도 양산시 북부동 701-6번지,48330,10400,0,0701,0006,일반건축물,경상남도 양산시 북안남2길 50 (북부동),,,256.6,155.14,60.46,155.14,60.46,철근콘크리트구조,04000,근린생활시설,1,0
경상남도 양산시 북부동 701-7번지,48330,10400,0,0701,0007,일반건축물,경상남도 양산시 중앙우회로 147 (북부동),,1동,0,263.66,0,263.66,0,경량철골구조,20000,자동차관련시설,1,0
경상남도 양산시 북부동 701-7번지,48330,10400,0,0701,0007,일반건축물,경상남도 양산시 중앙우회로 147 (북부동),,3동,0,2.66,0,2.66,0,벽돌구조,20000,자동차관련시설(화장실),1,0
경상남도 양산시 북부동 701-7번지,48330,10400,0,0701,0007,일반건축물,경상남도 양산시 중앙우회로 147 (북부동),,4동,0,171.36,0,171.36,0,경량철골구조,04000,"제2종근린생활시설,자동차관련시설",1,0
경상남도 양산시 북부동 701-7번지,48330,10400,0,0701,0007,일반건축물,경상남도 양산시 중앙우회로 147 (북부동),,2동,0,26.7,0,45.54,0,벽돌구조,04000,제2종근린생활시설,2,0
경상남도 양산시 북부동 702-1번지,48330,10400,0,0702,0001,일반건축물,경상남도 양산시 북안남2길 44 (북부동),,,660.5,376.725,57.04,407.875,61.75,경량철골구조,11000,노유자시설,2,0
경상남도 양산시 북부동 702-3번지,48330,10400,0,0702,0003,일반건축물,경상남도 양산시 북안남3길 39-1 (북부동),,,364,271.49,74.59,653.47,179.52,철근콘크리트구조,04000,제2종근린생활시설,3,0
경상남도 양산시 북부동 702-4번지,48330,10400,0,0702,0004,일반건축물,경상남도 양산시 북안남3길 37 (북부동),,제3동,0,10.8,0,10.8,0,블록구조,03000,제1종근린생활시설,1,0
경상남도 양산시 북부동 702-4번지,48330,10400,0,0702,0004,일반건축물,경상남도 양산시 북안남3길 37 (북부동),,,416.2,313.27,75.27,306.19,73.57,기타조적구조,03000,근린생활시설,1,0
경상남도 양산시 북부동 702-5번지,48330,10400,0,0702,0005,일반건축물,경상남도 양산시 북안남8길 14-1 (북부동),,,171.6,119.09,69.4,356.43,207.71,철근콘크리트구조,04000,"제2종근린생활시설,주택",3,0
경상남도 양산시 북부동 702-8번지,48330,10400,0,0702,0008,일반건축물,경상남도 양산시 북안남8길 14 (북부동),,,171.5,119.09,69.44,356.43,207.83,철근콘크리트구조,01000,"근린생활시설,주택,다중주택",3,0
경상남도 양산시 북부동 712번지,48330,10400,0,0712,0000,일반건축물,경상남도 양산시 하신기1길 3 (북부동),,제2동,568.6,14.31,2.5167,14.31,2.5167,벽돌구조,03000,제1종근린생활시설,1,0
경상남도 양산시 북부동 712번지,48330,10400,0,0712,0000,일반건축물,경상남도 양산시 하신기1길 3 (북부동),,제1동,568.6,276.61,48.65,276.61,48.65,일반철골구조,03000,제1종근린생활시설,1,0
경상남도 양산시 북부동 712-2번지,48330,10400,0,0712,0002,일반건축물,경상남도 양산시 명곡로 94 (북부동),,,471,231.21,49.09,828.01,175.8,일반철골구조,04000,제2종근린생활시설,5,0
경상남도 양산시 북부동 721번지,48330,10400,0,0721,0000,일반건축물,경상남도 양산시 명곡로 104 (북부동),,제1동,229.6,125.46,54.64,430.34,187.43,철근콘크리트구조,01000,단독주택,4,0
경상남도 양산시 북부동 723번지,48330,10400,0,0723,0000,일반건축물,,,,0,26.4,0,26.4,0,일반목구조,01000,주택,1,0
경상남도 양산시 북부동 723-5번지,48330,10400,0,0723,0005,일반건축물,경상남도 양산시 하신기2길 5 (북부동),,,447.79,107.91,24.1,202.36,45.19,기타조적구조,01000,단독주택,2,0
경상남도 양산시 북부동 724번지,48330,10400,0,0724,0000,일반건축물,경상남도 양산시 하신기2길 7 (북부동),,,168,86.9,51.73,81.5,48.51,벽돌구조,01000,단독주택,1,0
경상남도 양산시 북부동 733번지,48330,10400,0,0733,0000,일반건축물,경상남도 양산시 하신기1길 23 (북부동),,,489.8,174.43,35.61,173.53,35.43,철근콘크리트구조,04000,제2종근린생활시설(일반음식점),1,0
경상남도 양산시 북부동 734번지,48330,10400,0,0734,0000,일반건축물,경상남도 양산시 하신기1길 21 (북부동),,,0,146.68,0,146.68,0,블록구조,01000,주택,1,0
경상남도 양산시 북부동 739번지,48330,10400,0,0739,0000,일반건축물,경상남도 양산시 하신기2길 14 (북부동),,,233,138.98,59.65,455.56,195.52,철근콘크리트구조,01000,"단독주택(다가구),제2종근린생활시설",4,0
경상남도 양산시 북부동 739-1번지,48330,10400,0,0739,0001,일반건축물,경상남도 양산시 하신기2길 16 (북부동),,,234,138.98,59.39,405.8,173.42,철근콘크리트구조,01000,"단독주택(다가구),제2종근린생활시설",4,0
경상남도 양산시 북부동 743번지,48330,10400,0,0743,0000,일반건축물,경상남도 양산시 하신기1길 15 (북부동),,,0,72.8,0,72.8,0,일반목구조,01000,주택,1,0
경상남도 양산시 북부동 745-1번지,48330,10400,0,0745,0001,일반건축물,경상남도 양산시 하신기1길 25 (북부동),,,315,103.5,32.86,98.1,31.14,철근콘크리트구조,01000,단독주택,1,0
경상남도 양산시 북부동 746번지,48330,10400,0,0746,0000,일반건축물,경상남도 양산시 하신기2길 9 (북부동),,,0,115.49,0,115.49,0,블록구조,01000,주택,1,0
경상남도 양산시 북부동 747번지,48330,10400,0,0747,0000,일반건축물,경상남도 양산시 하신기2길 13-2 (북부동),,,0,171.56,0,171.56,0,일반목구조,01000,주택,1,0
경상남도 양산시 북부동 748번지,48330,10400,0,0748,0000,일반건축물,경상남도 양산시 하신기2길 13-1 (북부동),,,0,79.4,0,79.4,0,일반목구조,01000,주택,1,0
경상남도 양산시 북부동 749번지,48330,10400,0,0749,0000,일반건축물,경상남도 양산시 하신기2길 13 (북부동),,,0,105.8,0,105.8,0,일반목구조,01000,주택,1,0
경상남도 양산시 북부동 750번지,48330,10400,0,0750,0000,일반건축물,경상남도 양산시 하신기1길 19 (북부동),,,0,170.48,0,170.48,0,블록구조,01000,주택,1,0
경상남도 양산시 북부동 751번지,48330,10400,0,0751,0000,일반건축물,경상남도 양산시 하신기2길 12 (북부동),,,0,33,0,33,0,일반목구조,01000,주택,1,0
경상남도 양산시 북부동 752번지,48330,10400,0,0752,0000,일반건축물,경상남도 양산시 하신기1길 11 (북부동),,,509.84,129.58,25.42,193.03,37.86,조적구조,01000,단독주택,2,0
경상남도 양산시 북부동 755번지,48330,10400,0,0755,0000,일반건축물,경상남도 양산시 하신기2길 5-2 (북부동),,,599.85,93.245,15.54,93.245,15.54,기타조적구조,01000,주택,1,0
경상남도 양산시 북부동 757번지,48330,10400,0,0757,0000,일반건축물,경상남도 양산시 하신기2길 10 (북부동),,,0,65.8,0,65.8,0,블록구조,01000,주택,1,0
경상남도 양산시 북부동 759번지,48330,10400,0,0759,0000,일반건축물,경상남도 양산시 하신기2길 7-2 (북부동),,,0,57.32,0,57.32,0,블록구조,01000,주택,1,0
경상남도 양산시 북부동 760번지,48330,10400,0,0760,0000,일반건축물,경상남도 양산시 하신기2길 7-1 (북부동),,,0,26.4,0,26.4,0,일반목구조,01000,주택,1,0
경상남도 양산시 북부동 763번지,48330,10400,0,0763,0000,일반건축물,경상남도 양산시 하신기2길 9-1 (북부동),,,0,148.2,0,148.2,0,블록구조,01000,주택,1,0
경상남도 양산시 북부동 764번지,48330,10400,0,0764,0000,일반건축물,경상남도 양산시 하신기2길 9-3 (북부동),,,0,72.7,0,72.7,0,블록구조,01000,주택,1,0
경상남도 양산시 북부동 765번지,48330,10400,0,0765,0000,일반건축물,경상남도 양산시 하신기2길 9-4 (북부동),,,0,33.1,0,33.1,0,일반목구조,01000,주택,1,0
경상남도 양산시 북부동 768번지,48330,10400,0,0768,0000,일반건축물,경상남도 양산시 하신기1길 9 (북부동),,,269,86.15,32,85.1,31.6,벽돌구조,01000,단독주택,1,0
경상남도 양산시 북부동 769번지,48330,10400,0,0769,0000,표제부,경상남도 양산시 명곡로 102 (북부동),한성아파트,,0,524.03,0,8053.91,0,철근콘크리트구조,02000,공동주택,15,1
경상남도 양산시 북부동 770번지,48330,10400,0,0770,0000,일반건축물,경상남도 양산시 하신기1길 5 (북부동),,,0,162,0,324,0,철근콘크리트구조,01000,주택,2,0
경상남도 양산시 북부동 771번지,48330,10400,0,0771,0000,일반건축물,경상남도 양산시 하신기1길 7 (북부동),,,219,127.83,58.37,292.89,133.74,기타조적구조,01000,단독주택,3,0
경상남도 양산시 북부동 775-1번지,48330,10400,0,0775,0001,일반건축물,경상남도 양산시 하신기1길 31 (북부동),신기1리마을 고고씽 어울림센터,1,389,204.51,52.57,698.3,179.51,철근콘크리트구조,04000,제2종근린생활시설,5,0
경상남도 양산시 북부동 809번지,48330,10400,0,0809,0000,일반건축물,경상남도 양산시 하신기2길 18-2 (북부동),,,0,42.9,0,42.9,0,일반목구조,01000,주택,1,0
경상남도 양산시 북부동 810번지,48330,10400,0,0810,0000,일반건축물,경상남도 양산시 하신기2길 18-1 (북부동),,,0,46.2,0,46.2,0,일반목구조,01000,주택,1,0
경상남도 양산시 북부동 812번지,48330,10400,0,0812,0000,일반건축물,경상남도 양산시 하신기2길 18 (북부동),신기한마을문화팩토리,신기한마을문화팩토리,165.7,90.94,54.88,269.85,162.85,철근콘크리트구조,03000,제1종근린생활시설,4,0
경상남도 양산시 북부동 816번지,48330,10400,0,0816,0000,일반건축물,경상남도 양산시 하신기2길 20-1 (북부동),,,0,26.4,0,26.4,0,일반목구조,01000,주택,1,0
경상남도 양산시 북부동 817번지,48330,10400,0,0817,0000,일반건축물,경상남도 양산시 하신기2길 20 (북부동),,제1동,149,40,26.85,80,53.69,경량철골구조,01000,단독주택,2,0
경상남도 양산시 북부동 820번지,48330,10400,0,0820,0000,일반건축물,경상남도 양산시 하신기2길 22 (북부동),,,0,46.2,0,46.2,0,일반목구조,01000,주택,1,0
경상남도 양산시 북부동 825번지,48330,10400,0,0825,0000,일반건축물,경상남도 양산시 하신기2길 17 (북부동),,,0,0,0,85.9,0,블록구조,Z3000,"근린생활시설, 주택",1,0
경상남도 양산시 북부동 826번지,48330,10400,0,0826,0000,일반건축물,경상남도 양산시 하신기2길 17-1 (북부동),,,0,29.4,0,26.4,0,일반목구조,01000,주택,1,0
경상남도 양산시 북부동 827번지,48330,10400,0,0827,0000,일반건축물,경상남도 양산시 하신기2길 17-2 (북부동),,,0,46.2,0,46.2,0,일반목구조,01000,주택,1,0
경상남도 양산시 북부동 832번지,48330,10400,0,0832,0000,일반건축물,경상남도 양산시 하신기2길 19-2 (북부동),,,0,0,0,126.33,0,블록구조,01000,주택,2,0
경상남도 양산시 북부동 833번지,48330,10400,0,0833,0000,일반건축물,경상남도 양산시 하신기2길 19-3 (북부동),,,0,46.2,0,46.2,0,일반목구조,01000,주택,1,0
경상남도 양산시 북부동 834번지,48330,10400,0,0834,0000,일반건축물,경상남도 양산시 하신기2길 19-4 (북부동),,,0,46.2,0,46.2,0,일반목구조,01000,주택,1,0
경상남도 양산시 북부동 837번지,48330,10400,0,0837,0000,일반건축물,경상남도 양산시 하신기2길 19-5 (북부동),,,0,26.4,0,26.4,0,일반목구조,01000,주택,1,0
경상남도 양산시 북부동 838번지,48330,10400,0,0838,0000,일반건축물,경상남도 양산시 하신기1길 28 (북부동),,,98,58.67,59.87,95.73,97.68,일반철골구조,03000,"제1,2종근린생활시설",2,0
경상남도 양산시 북부동 840번지,48330,10400,0,0840,0000,일반건축물,경상남도 양산시 하신기2길 21 (북부동),,,0,70.38,0,138.76,0,벽돌구조,01000,"주택, 근린생활시설",2,0
경상남도 양산시 북부동 841번지,48330,10400,0,0841,0000,일반건축물,경상남도 양산시 하신기2길 21-1 (북부동),,,0,158.24,0,158.24,0,벽돌구조,01000,주택,2,0
경상남도 양산시 북부동 842번지,48330,10400,0,0842,0000,일반건축물,경상남도 양산시 하신기2길 21-2 (북부동),,,0,143.73,0,143.73,0,벽돌구조,01000,주택,2,0
경상남도 양산시 북부동 843번지,48330,10400,0,0843,0000,일반건축물,경상남도 양산시 하신기2길 21-3 (북부동),,,0,80.51,0,148.58,0,벽돌구조,01000,주택,2,0
경상남도 양산시 북부동 844번지,48330,10400,0,0844,0000,일반건축물,경상남도 양산시 하신기2길 21-4 (북부동),,,0,64.89,0,64.89,0,블록구조,01000,주택,1,0
경상남도 양산시 북부동 845번지,48330,10400,0,0845,0000,일반건축물,경상남도 양산시 하신기3길 22 (북부동),,,0,41.35,0,41.35,0,블록구조,01000,주택,1,0
경상남도 양산시 북부동 848번지,48330,10400,0,0848,0000,일반건축물,경상남도 양산시 하신기2길 23 (북부동),,,0,121.23,0,262.77,0,벽돌구조,01000,"주택, 근린생활시설",2,0
경상남도 양산시 북부동 850번지,48330,10400,0,0850,0000,일반건축물,경상남도 양산시 하신기2길 23-2 (북부동),,,153,88.45,57.81,176.9,115.62,철근콘크리트구조,01000,단독주택,3,0
경상남도 양산시 북부동 854번지,48330,10400,0,0854,0000,일반건축물,경상남도 양산시 하신기2길 25 (북부동),,,0,46.2,0,46.2,0,일반목구조,01000,주택,1,0
경상남도 양산시 북부동 856번지,48330,10400,0,0856,0000,일반건축물,경상남도 양산시 하신기2길 25-1 (북부동),,,0,26.4,0,26.4,0,일반목구조,01000,주택,1,0
경상남도 양산시 북부동 864번지,48330,10400,0,0864,0000,일반건축물,경상남도 양산시 하신기3길 23 (북부동),,,251,119.72,47.7,134.65,53.65,철근콘크리트구조,01000,단독주택,2,0
경상남도 양산시 북부동 866번지,48330,10400,0,0866,0000,일반건축물,경상남도 양산시 하신기3길 25 (북부동),,,165,89.19,54.05,149.43,90.56,기타조적구조,01000,주택,2,0
경상남도 양산시 북부동 869번지,48330,10400,0,0869,0000,일반건축물,경상남도 양산시 하신기3길 27 (북부동),,,0,46.2,0,46.2,0,일반목구조,01000,주택,1,0
경상남도 양산시 북부동 870번지,48330,10400,0,0870,0000,일반건축물,경상남도 양산시 하신기3길 29 (북부동),,,0,49.5,0,49.5,0,일반목구조,01000,주택,1,0
경상남도 양산시 북부동 874번지,48330,10400,0,0874,0000,일반건축물,경상남도 양산시 하신기3길 18 (북부동),,1동,0,99,0,99,0,경량철골구조,03000,제1종근린생활시설,1,0
경상남도 양산시 북부동 874번지,48330,10400,0,0874,0000,일반건축물,경상남도 양산시 하신기3길 18 (북부동),,2동,0,168.11,0,336.22,0,일반철골구조,04000,제2종근린생활시설,2,0
경상남도 양산시 북부동 883번지,48330,10400,0,0883,0000,표제부,경상남도 양산시 호국학도병길 17 (북부동),양산 북부동 지안스로가 아파트,107동 근린생활시설동,0,36.8075,0,3143.8098,0,철근콘크리트구조,04000,제2종근린생활시설,0,2
경상남도 양산시 북부동 883번지,48330,10400,0,0883,0000,표제부,경상남도 양산시 호국학도병길 17 (북부동),양산 북부동 지안스로가 아파트,108동 어린이집,0,219.5532,0,210.8032,0,철근콘크리트구조,02000,어린이집,1,0
경상남도 양산시 북부동 883번지,48330,10400,0,0883,0000,표제부,경상남도 양산시 호국학도병길 17 (북부동),양산 북부동 지안스로가 아파트,104동,0,239.1293,0,2744.6819,0,철근콘크리트구조,02000,공동주택(아파트),19,0
경상남도 양산시 북부동 883번지,48330,10400,0,0883,0000,표제부,경상남도 양산시 호국학도병길 17 (북부동),양산 북부동 지안스로가 아파트,110동 경비실,0,19.975,0,19.975,0,철근콘크리트구조,02000,경비실,1,0
경상남도 양산시 북부동 883번지,48330,10400,0,0883,0000,표제부,경상남도 양산시 호국학도병길 17 (북부동),양산 북부동 지안스로가 아파트,111동 지하주차장,0,0,0,17060.0082,0,철근콘크리트구조,02000,지하주차장,0,2
경상남도 양산시 북부동 883번지,48330,10400,0,0883,0000,표제부,경상남도 양산시 호국학도병길 17 (북부동),양산 북부동 지안스로가 아파트,103동,0,661.6273,0,10113.679,0,철근콘크리트구조,02000,공동주택(아파트),25,0
경상남도 양산시 북부동 883번지,48330,10400,0,0883,0000,표제부,경상남도 양산시 호국학도병길 17 (북부동),양산 북부동 지안스로가 아파트,105동,0,951.357,0,16610.4721,0,철근콘크리트구조,02000,공동주택(아파트),30,0
경상남도 양산시 북부동 883번지,48330,10400,0,0883,0000,표제부,경상남도 양산시 호국학도병길 17 (북부동),양산 북부동 지안스로가 아파트,101동,0,526.9797,0,8064.8437,0,철근콘크리트구조,02000,공동주택(아파트),26,0
경상남도 양산시 북부동 883번지,48330,10400,0,0883,0000,표제부,경상남도 양산시 호국학도병길 17 (북부동),양산 북부동 지안스로가 아파트,109동 부대복리시설동,0,0,0,1554.5936,0,철근콘크리트구조,02000,"관리사무소,경로당,회의실,작은도서관,기전실,체련단련실",0,2
경상남도 양산시 북부동 883번지,48330,10400,0,0883,0000,표제부,경상남도 양산시 호국학도병길 17 (북부동),양산 북부동 지안스로가 아파트,106동,0,758.0541,0,10627.8029,0,철근콘크리트구조,02000,공동주택(아파트),22,0
경상남도 양산시 북부동 883번지,48330,10400,0,0883,0000,표제부,경상남도 양산시 호국학도병길 17 (북부동),양산 북부동 지안스로가 아파트,102동,0,474.412,0,8136.1724,0,철근콘크리트구조,02000,공동주택(아파트),25,0
