대지위치,시군구코드,법정동코드,대지구분코드,번,지,관리허가대장PK,특수지명,블록,로트,지역지구구역구분코드,지역지구구역구분코드명,지역지구구역코드,지역지구구역코드명,대표여부,주동구분코드,주동구분코드명,지역지구구역명,생성일자
경상남도 양산시 원동면 화제리 7번지,48330,32028,0,0007,0000,12642052,,,,1,용도지역코드,Z200,준농림지역,1,0,,준농림지역,20221008
경상남도 양산시 원동면 화제리 9-1번지,48330,32028,0,0009,0001,1264100132883,,,,1,용도지역코드,UQA430,자연녹지지역,1,0,,자연녹지지역,20221008
경상남도 양산시 원동면 화제리 9-1번지,48330,32028,0,0009,0001,1264100132883,,,,1,용도지역코드,UQA410,보전녹지지역,0,0,,보전녹지지역,20221008
경상남도 양산시 원동면 화제리 22-1번지,48330,32028,0,0022,0001,1264100116681,,,,1,용도지역코드,UQA430,자연녹지지역,1,0,,자연녹지지역,20221008
경상남도 양산시 원동면 화제리 35-2번지,48330,32028,0,0035,0002,1264100063543,,,,1,용도지역코드,UMN200,배출시설설치제한지역,1,0,,배출시설설치제한지역,20241104
경상남도 양산시 원동면 화제리 35-2번지,48330,32028,0,0035,0002,1264100063543,,,,1,용도지역코드,UQA430,자연녹지지역,0,0,,자연녹지지역,20241104
경상남도 양산시 원동면 화제리 46번지,48330,32028,0,0046,0000,1264100155611,,,,1,용도지역코드,UQA430,자연녹지지역,1,0,,자연녹지지역,20221008
경상남도 양산시 원동면 화제리 46번지,48330,32028,0,0046,0000,1264100155611,,,,1,용도지역코드,UMN200,배출시설설치제한지역,0,0,,배출시설설치제한지역,20221008
경상남도 양산시 원동면 화제리 57-1번지,48330,32028,0,0057,0001,1000000000000000729393,,,,1,용도지역코드,UQA430,자연녹지지역,1,0,,자연녹지지역,20250520
경상남도 양산시 원동면 화제리 57-1번지,48330,32028,0,0057,0001,1264100130966,,,,1,용도지역코드,UQA430,자연녹지지역,1,0,,자연녹지지역,20221008
경상남도 양산시 원동면 화제리 60번지,48330,32028,0,0060,0000,1264100133191,,,,1,용도지역코드,UQA430,자연녹지지역,1,0,,자연녹지지역,20221008
경상남도 양산시 원동면 화제리 68번지,48330,32028,0,0068,0000,1000000000000000254866,,,,1,용도지역코드,UM1100,공장설립제한지역,0,0,,공장설립제한지역,20230322
경상남도 양산시 원동면 화제리 68번지,48330,32028,0,0068,0000,1000000000000000254866,,,,1,용도지역코드,UMN200,배출시설설치제한지역,0,0,,배출시설설치제한지역,20230322
경상남도 양산시 원동면 화제리 68번지,48330,32028,0,0068,0000,1000000000000000254866,,,,1,용도지역코드,UQA430,자연녹지지역,1,0,,자연녹지지역,20230322
경상남도 양산시 원동면 화제리 68번지,48330,32028,0,0068,0000,1000000000000000254866,,,,3,용도구역코드,UMZ100,가축사육제한구역,1,0,,가축사육제한구역,20230322
경상남도 양산시 원동면 화제리 71-1번지,48330,32028,0,0071,0001,1000000000000000723574,,,,1,용도지역코드,UQA430,자연녹지지역,1,0,,자연녹지지역,20250513
경상남도 양산시 원동면 화제리 71-1번지,48330,32028,0,0071,0001,1264100112337,,,,1,용도지역코드,UQA430,자연녹지지역,1,0,,자연녹지지역,20221008
경상남도 양산시 원동면 화제리 75번지,48330,32028,0,0075,0000,1264100138803,,,,1,용도지역코드,UQA430,자연녹지지역,1,0,,자연녹지지역,20221008
경상남도 양산시 원동면 화제리 88번지,48330,32028,0,0088,0000,1264100132045,,,,1,용도지역코드,UQA430,자연녹지지역,1,0,,자연녹지지역,20221008
경상남도 양산시 원동면 화제리 88-1번지,48330,32028,0,0088,0001,1264100132104,,,,1,용도지역코드,UQA430,자연녹지지역,1,0,,자연녹지지역,20221008
경상남도 양산시 원동면 화제리 100번지,48330,32028,0,0100,0000,1264100135703,,,,1,용도지역코드,UQA430,자연녹지지역,1,0,,자연녹지지역,20221008
경상남도 양산시 원동면 화제리 100번지,48330,32028,0,0100,0000,1264100135703,,,,1,용도지역코드,UM1100,공장설립제한지역,0,0,,공장설립제한지역,20221008
경상남도 양산시 원동면 화제리 100번지,48330,32028,0,0100,0000,1264100135703,,,,1,용도지역코드,UMN200,배출시설설치제한지역,0,0,,배출시설설치제한지역,20221008
경상남도 양산시 원동면 화제리 100번지,48330,32028,0,0100,0000,1264100135703,,,,3,용도구역코드,UMZ100,가축사육제한구역,1,0,,가축사육제한구역,20221008
경상남도 양산시 원동면 화제리 102-3번지,48330,32028,0,0102,0003,1264100054989,,,,1,용도지역코드,UQA430,자연녹지지역,1,0,,자연녹지지역,20221008
경상남도 양산시 원동면 화제리 102-3번지,48330,32028,0,0102,0003,1264100139564,,,,1,용도지역코드,UMN200,배출시설설치제한지역,1,0,,배출시설설치제한지역,20221008
경상남도 양산시 원동면 화제리 102-3번지,48330,32028,0,0102,0003,1264100139564,,,,1,용도지역코드,UQA430,자연녹지지역,0,0,,자연녹지지역,20221008
경상남도 양산시 원동면 화제리 102-3번지,48330,32028,0,0102,0003,1264100139566,,,,1,용도지역코드,UQA430,자연녹지지역,1,0,,자연녹지지역,20221008
경상남도 양산시 원동면 화제리 102-3번지,48330,32028,0,0102,0003,1264100139566,,,,1,용도지역코드,UMN200,배출시설설치제한지역,0,0,,배출시설설치제한지역,20221008
경상남도 양산시 원동면 화제리 104-1번지,48330,32028,0,0104,0001,1264100109936,,,,1,용도지역코드,UQA430,자연녹지지역,1,0,,자연녹지지역,20221008
경상남도 양산시 원동면 화제리 104-1번지,48330,32028,0,0104,0001,1264100139565,,,,1,용도지역코드,UQA430,자연녹지지역,1,0,,자연녹지지역,20221008
경상남도 양산시 원동면 화제리 104-1번지,48330,32028,0,0104,0001,1264100139565,,,,1,용도지역코드,UMN200,배출시설설치제한지역,0,0,,배출시설설치제한지역,20221008
경상남도 양산시 원동면 화제리 104-3번지,48330,32028,0,0104,0003,1264100120361,,,,1,용도지역코드,UQA430,자연녹지지역,1,0,,자연녹지지역,20221008
경상남도 양산시 원동면 화제리 105-6번지,48330,32028,0,0105,0006,1000000000000000579794,,,,1,용도지역코드,UMN200,배출시설설치제한지역,0,0,,배출시설설치제한지역,20240902
경상남도 양산시 원동면 화제리 105-6번지,48330,32028,0,0105,0006,1000000000000000579794,,,,3,용도구역코드,UMZ100,가축사육제한구역,1,0,,가축사육제한구역,20240902
경상남도 양산시 원동면 화제리 105-6번지,48330,32028,0,0105,0006,1000000000000000579794,,,,1,용도지역코드,UM1100,공장설립제한지역,0,0,,공장설립제한지역,20240902
경상남도 양산시 원동면 화제리 105-6번지,48330,32028,0,0105,0006,1000000000000000579794,,,,1,용도지역코드,UQA430,자연녹지지역,1,0,,자연녹지지역,20240902
경상남도 양산시 원동면 화제리 114-3번지,48330,32028,0,0114,0003,1264100100496,,,,1,용도지역코드,UMN200,배출시설설치제한지역,,,,배출시설설치제한지역,20221008
경상남도 양산시 원동면 화제리 114-3번지,48330,32028,0,0114,0003,1264100100496,,,,1,용도지역코드,UQA430,자연녹지지역,1,0,,자연녹지지역,20221008
경상남도 양산시 원동면 화제리 139번지,48330,32028,0,0139,0000,1000000000000000127544,,,,1,용도지역코드,UMN200,배출시설설치제한지역,0,0,,배출시설설치제한지역,20221111
경상남도 양산시 원동면 화제리 139번지,48330,32028,0,0139,0000,1000000000000000127544,,,,1,용도지역코드,UQA430,자연녹지지역,1,0,,자연녹지지역,20221111
경상남도 양산시 원동면 화제리 139번지,48330,32028,0,0139,0000,1000000000000000127544,,,,3,용도구역코드,UMZ100,가축사육제한구역,1,0,,가축사육제한구역,20221111
경상남도 양산시 원동면 화제리 139번지,48330,32028,0,0139,0000,1000000000000000127544,,,,1,용도지역코드,UM1100,공장설립제한지역,0,0,,공장설립제한지역,20221111
경상남도 양산시 원동면 화제리 146-6번지,48330,32028,0,0146,0006,1264100059433,,,,1,용도지역코드,UQA430,자연녹지지역,1,0,,자연녹지지역,20221008
경상남도 양산시 원동면 화제리 146-6번지,48330,32028,0,0146,0006,1264100123219,,,,1,용도지역코드,UQA430,자연녹지지역,1,0,,자연녹지지역,20221008
경상남도 양산시 원동면 화제리 146-6번지,48330,32028,0,0146,0006,1264100123219,,,,1,용도지역코드,UMN200,배출시설설치제한지역,0,0,,배출시설설치제한지역,20221008
경상남도 양산시 원동면 화제리 153번지,48330,32028,0,0153,0000,1000000000000000355755,,,,1,용도지역코드,UM1100,공장설립제한지역,0,0,,공장설립제한지역,20230817
경상남도 양산시 원동면 화제리 153번지,48330,32028,0,0153,0000,1000000000000000355755,,,,1,용도지역코드,UQA430,자연녹지지역,1,0,,자연녹지지역,20230817
경상남도 양산시 원동면 화제리 153번지,48330,32028,0,0153,0000,1000000000000000355755,,,,3,용도구역코드,UMZ100,가축사육제한구역,1,0,,가축사육제한구역,20230817
경상남도 양산시 원동면 화제리 153번지,48330,32028,0,0153,0000,1000000000000000355755,,,,1,용도지역코드,UMN200,배출시설설치제한지역,0,0,,배출시설설치제한지역,20230817
경상남도 양산시 원동면 화제리 166-1번지,48330,32028,0,0166,0001,1264100088642,,,,1,용도지역코드,UQA430,자연녹지지역,1,0,,자연녹지지역,20221008
경상남도 양산시 원동면 화제리 173-2번지,48330,32028,0,0173,0002,1264100046745,,,,1,용도지역코드,UQA430,자연녹지지역,1,0,,자연녹지지역,20221008
경상남도 양산시 원동면 화제리 173-2번지,48330,32028,0,0173,0002,1264100047745,,,,1,용도지역코드,UQA430,자연녹지지역,1,0,,자연녹지지역,20221008
경상남도 양산시 원동면 화제리 183번지,48330,32028,0,0183,0000,1264100130883,,,,1,용도지역코드,UQA430,자연녹지지역,1,0,,자연녹지지역,20221008
경상남도 양산시 원동면 화제리 187-1번지,48330,32028,0,0187,0001,1264100095427,,,,1,용도지역코드,UQA430,자연녹지지역,1,0,,자연녹지지역,20221008
경상남도 양산시 원동면 화제리 187-5번지,48330,32028,0,0187,0005,1264100083301,,,,1,용도지역코드,UQA430,자연녹지지역,1,0,,자연녹지지역,20221008
경상남도 양산시 원동면 화제리 187-5번지,48330,32028,0,0187,0005,1264100083301,,,,1,용도지역코드,UMN200,배출시설설치제한지역,0,0,,배출시설설치제한지역,20221008
경상남도 양산시 원동면 화제리 192번지,48330,32028,0,0192,0000,1000000000000000862929,,,,1,용도지역코드,UQA430,자연녹지지역,1,0,,자연녹지지역,20251219
경상남도 양산시 원동면 화제리 192번지,48330,32028,0,0192,0000,1000000000000000513447,,,,1,용도지역코드,UQA430,자연녹지지역,1,0,,자연녹지지역,20240509
경상남도 양산시 원동면 화제리 192번지,48330,32028,0,0192,0000,1000000000000000513447,,,,3,용도구역코드,UIA100,도로구역,1,0,,도로구역,20240509
경상남도 양산시 원동면 화제리 192번지,48330,32028,0,0192,0000,1000000000000000513447,,,,1,용도지역코드,UMN200,배출시설설치제한지역,0,0,,배출시설설치제한지역,20240509
경상남도 양산시 원동면 화제리 199번지,48330,32028,0,0199,0000,1000000000000000514301,,,,3,용도구역코드,UMZ100,가축사육제한구역,1,0,,가축사육제한구역,20240510
경상남도 양산시 원동면 화제리 199번지,48330,32028,0,0199,0000,1000000000000000514301,,,,1,용도지역코드,UQA430,자연녹지지역,1,0,,자연녹지지역,20240510
경상남도 양산시 원동면 화제리 199번지,48330,32028,0,0199,0000,1000000000000000514301,,,,1,용도지역코드,UM1100,공장설립제한지역,0,0,,공장설립제한지역,20240510
경상남도 양산시 원동면 화제리 199번지,48330,32028,0,0199,0000,1000000000000000514301,,,,1,용도지역코드,UMN200,배출시설설치제한지역,0,0,,배출시설설치제한지역,20240510
경상남도 양산시 원동면 화제리 201-1번지,48330,32028,0,0201,0001,1000000000000000700596,,,,1,용도지역코드,UFM110,임업용산지,0,0,,임업용산지,20251229
경상남도 양산시 원동면 화제리 201-1번지,48330,32028,0,0201,0001,1000000000000000700596,,,,1,용도지역코드,UMN200,배출시설설치제한지역,0,0,,배출시설설치제한지역,20251229
경상남도 양산시 원동면 화제리 201-1번지,48330,32028,0,0201,0001,1000000000000000700596,,,,1,용도지역코드,UQA410,보전녹지지역,0,0,,보전녹지지역,20251229
경상남도 양산시 원동면 화제리 201-1번지,48330,32028,0,0201,0001,1000000000000000700596,,,,1,용도지역코드,UQA430,자연녹지지역,1,0,,자연녹지지역,20251229
경상남도 양산시 원동면 화제리 201-1번지,48330,32028,0,0201,0001,1000000000000000700596,,,,3,용도구역코드,UMZ100,가축사육제한구역,1,0,,가축사육제한구역,20251229
경상남도 양산시 원동면 화제리 201-1번지,48330,32028,0,0201,0001,1000000000000000700596,,,,1,용도지역코드,UM1100,공장설립제한지역,0,0,,공장설립제한지역,20251229
경상남도 양산시 원동면 화제리 201-1번지,48330,32028,0,0201,0001,1000000000000000700596,,,,3,용도구역코드,UJC100,소하천구역,0,0,,소하천구역,20251229
경상남도 양산시 원동면 화제리 205번지,48330,32028,0,0205,0000,1264100091224,,,,1,용도지역코드,UMN200,배출시설설치제한지역,,,,배출시설설치제한지역,20221008
경상남도 양산시 원동면 화제리 205번지,48330,32028,0,0205,0000,1264100091224,,,,1,용도지역코드,UQA430,자연녹지지역,1,0,,자연녹지지역,20221008
경상남도 양산시 원동면 화제리 211-2번지,48330,32028,0,0211,0002,1000000000000000849175,,,,1,용도지역코드,UQA430,자연녹지지역,1,0,,자연녹지지역,20251126
경상남도 양산시 원동면 화제리 212-5번지,48330,32028,0,0212,0005,1000000000000000849179,,,,1,용도지역코드,UQA430,자연녹지지역,1,0,,자연녹지지역,20251126
경상남도 양산시 원동면 화제리 217번지,48330,32028,0,0217,0000,12645440,,,,1,용도지역코드,1330,자연녹지지역,1,0,,자연녹지지역,20221008
경상남도 양산시 원동면 화제리 217-3번지,48330,32028,0,0217,0003,12645441,,,,1,용도지역코드,1330,자연녹지지역,1,0,,자연녹지지역,20221008
경상남도 양산시 원동면 화제리 217-3번지,48330,32028,0,0217,0003,1264100137564,,,,1,용도지역코드,UQA430,자연녹지지역,1,0,,자연녹지지역,20221008
경상남도 양산시 원동면 화제리 221번지,48330,32028,0,0221,0000,1264100134504,,,,1,용도지역코드,UQA430,자연녹지지역,1,0,,자연녹지지역,20221008
경상남도 양산시 원동면 화제리 241번지,48330,32028,0,0241,0000,1264100137264,,,,1,용도지역코드,UQA430,자연녹지지역,1,0,,자연녹지지역,20221008
경상남도 양산시 원동면 화제리 241번지,48330,32028,0,0241,0000,1264100137264,,,,2,용도지구코드,UQM110,자연취락지구,1,0,,자연취락지구,20221008
경상남도 양산시 원동면 화제리 241번지,48330,32028,0,0241,0000,1264100137264,,,,3,용도구역코드,UMZ100,가축사육제한구역,1,0,,가축사육제한구역,20221008
경상남도 양산시 원동면 화제리 261-1번지,48330,32028,0,0261,0001,1264100102453,,,,1,용도지역코드,UQA430,자연녹지지역,1,0,,자연녹지지역,20221008
경상남도 양산시 원동면 화제리 261-1번지,48330,32028,0,0261,0001,1264100102453,,,,1,용도지역코드,UMN200,배출시설설치제한지역,0,0,,배출시설설치제한지역,20221008
경상남도 양산시 원동면 화제리 261-5번지,48330,32028,0,0261,0005,1264100150212,,,,1,용도지역코드,UQA430,자연녹지지역,1,0,,자연녹지지역,20221008
경상남도 양산시 원동면 화제리 261-5번지,48330,32028,0,0261,0005,1264100150212,,,,1,용도지역코드,UMZ100,가축사육제한구역,0,0,,가축사육제한구역,20221008
경상남도 양산시 원동면 화제리 261-5번지,48330,32028,0,0261,0005,1264100150212,,,,1,용도지역코드,UM1100,공장설립제한지역,0,0,,공장설립제한지역,20221008
경상남도 양산시 원동면 화제리 261-5번지,48330,32028,0,0261,0005,1264100150212,,,,1,용도지역코드,UMN200,배출시설설치제한지역,0,0,,배출시설설치제한지역,20221008
경상남도 양산시 원동면 화제리 261-5번지,48330,32028,0,0261,0005,1264100150212,,,,2,용도지구코드,UQM110,자연취락지구,1,0,,자연취락지구,20221008
경상남도 양산시 원동면 화제리 269번지,48330,32028,0,0269,0000,12646095,,,,1,용도지역코드,1330,자연녹지지역,1,0,,자연녹지지역,20221008
경상남도 양산시 원동면 화제리 277번지,48330,32028,0,0277,0000,1264100084421,,,,1,용도지역코드,UQA430,자연녹지지역,1,0,,자연녹지지역,20221008
경상남도 양산시 원동면 화제리 279-4번지,48330,32028,0,0279,0004,1000000000000000933481,,,,1,용도지역코드,UQA430,자연녹지지역,1,0,,자연녹지지역,20260421
경상남도 양산시 원동면 화제리 280-1번지,48330,32028,0,0280,0001,1264100107554,,,,1,용도지역코드,UQA430,자연녹지지역,1,0,,자연녹지지역,20221008
경상남도 양산시 원동면 화제리 280-1번지,48330,32028,0,0280,0001,1264100107554,,,,2,용도지구코드,UQM110,자연취락지구,1,0,,자연취락지구,20221008
경상남도 양산시 원동면 화제리 293-2번지,48330,32028,0,0293,0002,1264100007948,,,,1,용도지역코드,1330,자연녹지지역,1,0,,자연녹지지역,20221008
경상남도 양산시 원동면 화제리 293-3번지,48330,32028,0,0293,0003,1264100016935,,,,1,용도지역코드,1330,자연녹지지역,1,0,,자연녹지지역,20221008
경상남도 양산시 원동면 화제리 293-3번지,48330,32028,0,0293,0003,1264100016935,,,,2,용도지구코드,011,자연취락지구,1,0,,자연취락지구,20221008
경상남도 양산시 원동면 화제리 293-3번지,48330,32028,0,0293,0003,1264100124901,,,,1,용도지역코드,UQA430,자연녹지지역,1,0,,자연녹지지역,20221008
경상남도 양산시 원동면 화제리 293-3번지,48330,32028,0,0293,0003,1264100124901,,,,2,용도지구코드,UQM110,자연취락지구,1,0,,자연취락지구,20221008
경상남도 양산시 원동면 화제리 293-3번지,48330,32028,0,0293,0003,1264100124419,,,,1,용도지역코드,UQA430,자연녹지지역,1,0,,자연녹지지역,20221008
경상남도 양산시 원동면 화제리 293-3번지,48330,32028,0,0293,0003,1264100124419,,,,2,용도지구코드,UQM110,자연취락지구,1,0,,자연취락지구,20221008
경상남도 양산시 원동면 화제리 293-4번지,48330,32028,0,0293,0004,1264100006305,,,,1,용도지역코드,1330,자연녹지지역,1,0,,자연녹지지역,20221008
경상남도 양산시 원동면 화제리 295번지,48330,32028,0,0295,0000,1264100098013,,,,1,용도지역코드,UMN200,배출시설설치제한지역,,,,배출시설설치제한지역,20221008
경상남도 양산시 원동면 화제리 295번지,48330,32028,0,0295,0000,1264100098013,,,,1,용도지역코드,UQA430,자연녹지지역,1,0,,자연녹지지역,20221008
경상남도 양산시 원동면 화제리 295번지,48330,32028,0,0295,0000,1264100101894,,,,1,용도지역코드,UQA430,자연녹지지역,1,0,,자연녹지지역,20260714
경상남도 양산시 원동면 화제리 306-1번지,48330,32028,0,0306,0001,1264100041762,,,,1,용도지역코드,UQA430,자연녹지지역,1,0,,자연녹지지역,20221008
경상남도 양산시 원동면 화제리 306-1번지,48330,32028,0,0306,0001,1264100055329,,,,1,용도지역코드,UQA430,자연녹지지역,1,0,,자연녹지지역,20221008
경상남도 양산시 원동면 화제리 306-5번지,48330,32028,0,0306,0005,1264100120405,,,,1,용도지역코드,UQA430,자연녹지지역,1,0,,자연녹지지역,20221008
경상남도 양산시 원동면 화제리 312-6번지,48330,32028,0,0312,0006,1264100139243,,,,1,용도지역코드,UQA430,자연녹지지역,1,0,,자연녹지지역,20221008
경상남도 양산시 원동면 화제리 312-6번지,48330,32028,0,0312,0006,1264100139243,,,,1,용도지역코드,UM1100,공장설립제한지역,0,0,,공장설립제한지역,20221008
경상남도 양산시 원동면 화제리 312-6번지,48330,32028,0,0312,0006,1264100139243,,,,1,용도지역코드,UMN200,배출시설설치제한지역,0,0,,배출시설설치제한지역,20221008
경상남도 양산시 원동면 화제리 312-6번지,48330,32028,0,0312,0006,1264100139244,,,,1,용도지역코드,UQA430,자연녹지지역,1,0,,자연녹지지역,20221008
경상남도 양산시 원동면 화제리 312-6번지,48330,32028,0,0312,0006,1264100139244,,,,1,용도지역코드,UM1100,공장설립제한지역,0,0,,공장설립제한지역,20221008
경상남도 양산시 원동면 화제리 312-6번지,48330,32028,0,0312,0006,1264100139244,,,,1,용도지역코드,UMN200,배출시설설치제한지역,0,0,,배출시설설치제한지역,20221008
경상남도 양산시 원동면 화제리 318-1번지,48330,32028,0,0318,0001,1264100138805,,,,1,용도지역코드,UQA430,자연녹지지역,1,0,,자연녹지지역,20221008
경상남도 양산시 원동면 화제리 318-1번지,48330,32028,0,0318,0001,1264100138805,,,,1,용도지역코드,UM1100,공장설립제한지역,0,0,,공장설립제한지역,20221008
경상남도 양산시 원동면 화제리 318-1번지,48330,32028,0,0318,0001,1264100138805,,,,1,용도지역코드,UMN200,배출시설설치제한지역,0,0,,배출시설설치제한지역,20221008
경상남도 양산시 원동면 화제리 318-1번지,48330,32028,0,0318,0001,1264100143306,,,,1,용도지역코드,UMN200,배출시설설치제한지역,1,0,,배출시설설치제한지역,20221008
경상남도 양산시 원동면 화제리 335번지,48330,32028,0,0335,0000,1000000000000000442399,,,,1,용도지역코드,UQA430,자연녹지지역,1,0,,자연녹지지역,20240703
경상남도 양산시 원동면 화제리 335번지,48330,32028,0,0335,0000,1000000000000000442399,,,,1,용도지역코드,UMN200,배출시설설치제한지역,0,0,,배출시설설치제한지역,20240703
경상남도 양산시 원동면 화제리 335번지,48330,32028,0,0335,0000,1000000000000000442399,,,,2,용도지구코드,UQM110,자연취락지구,1,0,,자연취락지구,20240703
경상남도 양산시 원동면 화제리 335-3번지,48330,32028,0,0335,0003,1264100008732,,,,1,용도지역코드,1330,자연녹지지역,1,0,,자연녹지지역,20221008
경상남도 양산시 원동면 화제리 335-3번지,48330,32028,0,0335,0003,1264100008732,,,,2,용도지구코드,011,자연취락지구,1,0,,자연취락지구,20221008
경상남도 양산시 원동면 화제리 336번지,48330,32028,0,0336,0000,1264100018916,,,,1,용도지역코드,1330,자연녹지지역,1,0,,자연녹지지역,20221008
경상남도 양산시 원동면 화제리 336번지,48330,32028,0,0336,0000,1264100018916,,,,2,용도지구코드,011,자연취락지구,1,0,,자연취락지구,20221008
경상남도 양산시 원동면 화제리 336번지,48330,32028,0,0336,0000,1264100013274,,,,1,용도지역코드,1330,자연녹지지역,1,0,,자연녹지지역,20221008
경상남도 양산시 원동면 화제리 336번지,48330,32028,0,0336,0000,1264100013274,,,,2,용도지구코드,011,자연취락지구,1,0,,자연취락지구,20221008
경상남도 양산시 원동면 화제리 336-3번지,48330,32028,0,0336,0003,1264100064340,,,,1,용도지역코드,UQA430,자연녹지지역,1,0,,자연녹지지역,20221008
경상남도 양산시 원동면 화제리 336-3번지,48330,32028,0,0336,0003,1264100030377,,,,1,용도지역코드,UQA430,자연녹지지역,1,0,,자연녹지지역,20221008
경상남도 양산시 원동면 화제리 336-3번지,48330,32028,0,0336,0003,1264100030377,,,,2,용도지구코드,UMB300,취락지구,1,0,,취락지구,20221008
경상남도 양산시 원동면 화제리 338-2번지,48330,32028,0,0338,0002,1264100080499,,,,1,용도지역코드,UQA430,자연녹지지역,1,0,,자연녹지지역,20221008
경상남도 양산시 원동면 화제리 338-2번지,48330,32028,0,0338,0002,1264100080499,,,,1,용도지역코드,UMN200,배출시설설치제한지역,0,0,,배출시설설치제한지역,20221008
경상남도 양산시 원동면 화제리 339번지,48330,32028,0,0339,0000,1264100111557,,,,1,용도지역코드,UQA430,자연녹지지역,1,0,,자연녹지지역,20221008
경상남도 양산시 원동면 화제리 347-2번지,48330,32028,0,0347,0002,1000000000000000665081,,,,2,용도지구코드,UQM110,자연취락지구,1,0,,자연취락지구,20250728
경상남도 양산시 원동면 화제리 347-2번지,48330,32028,0,0347,0002,1000000000000000665081,,,,3,용도구역코드,UMZ100,가축사육제한구역,1,0,,가축사육제한구역,20250728
경상남도 양산시 원동면 화제리 347-2번지,48330,32028,0,0347,0002,1000000000000000665081,,,,1,용도지역코드,UQA430,자연녹지지역,1,0,,자연녹지지역,20250728
경상남도 양산시 원동면 화제리 349-1번지,48330,32028,0,0349,0001,12647361,,,,1,용도지역코드,1330,자연녹지지역,1,0,,자연녹지지역,20221008
경상남도 양산시 원동면 화제리 349-1번지,48330,32028,0,0349,0001,12647361,,,,2,용도지구코드,011,자연취락지구,1,0,,자연취락지구,20221008
경상남도 양산시 원동면 화제리 349-1번지,48330,32028,0,0349,0001,12647361,,,,3,용도구역코드,010,도시계획구역,1,0,,도시계획구역,20221008
경상남도 양산시 원동면 화제리 349-1번지,48330,32028,0,0349,0001,12649607,,,,1,용도지역코드,1330,자연녹지지역,1,0,,자연녹지지역,20221008
경상남도 양산시 원동면 화제리 349-1번지,48330,32028,0,0349,0001,12649607,,,,2,용도지구코드,011,자연취락지구,1,0,,자연취락지구,20221008
경상남도 양산시 원동면 화제리 350-1번지,48330,32028,0,0350,0001,1000000000000000186155,,,,1,용도지역코드,UQA430,자연녹지지역,1,0,,자연녹지지역,20241129
경상남도 양산시 원동면 화제리 350-1번지,48330,32028,0,0350,0001,1000000000000000186155,,,,2,용도지구코드,UQM110,자연취락지구,1,0,,자연취락지구,20241129
경상남도 양산시 원동면 화제리 356-1번지,48330,32028,0,0356,0001,1000000000000000937700,,,,2,용도지구코드,UQM110,자연취락지구,1,0,,자연취락지구,20260424
경상남도 양산시 원동면 화제리 356-1번지,48330,32028,0,0356,0001,1000000000000000937700,,,,1,용도지역코드,UQA430,자연녹지지역,1,0,,자연녹지지역,20260424
경상남도 양산시 원동면 화제리 360번지,48330,32028,0,0360,0000,1000000000000000543571,,,,1,용도지역코드,UMN200,배출시설설치제한지역,0,0,,배출시설설치제한지역,20250401
경상남도 양산시 원동면 화제리 360번지,48330,32028,0,0360,0000,1000000000000000543571,,,,1,용도지역코드,UQA430,자연녹지지역,1,0,,자연녹지지역,20250401
경상남도 양산시 원동면 화제리 360번지,48330,32028,0,0360,0000,1264100020736,,,,1,용도지역코드,1330,자연녹지지역,1,0,,자연녹지지역,20221008
경상남도 양산시 원동면 화제리 360-1번지,48330,32028,0,0360,0001,1264100020776,,,,1,용도지역코드,1330,자연녹지지역,1,0,,자연녹지지역,20230203
경상남도 양산시 원동면 화제리 360-2번지,48330,32028,0,0360,0002,1264100042903,,,,1,용도지역코드,UQA430,자연녹지지역,1,0,,자연녹지지역,20221008
경상남도 양산시 원동면 화제리 360-2번지,48330,32028,0,0360,0002,1264100092342,,,,1,용도지역코드,UQA430,자연녹지지역,1,0,,자연녹지지역,20221008
경상남도 양산시 원동면 화제리 365-2번지,48330,32028,0,0365,0002,1264100032825,,,,1,용도지역코드,UQA430,자연녹지지역,1,0,,자연녹지지역,20221008
경상남도 양산시 원동면 화제리 370번지,48330,32028,0,0370,0000,1264100083747,,,,1,용도지역코드,UQA430,자연녹지지역,1,0,,자연녹지지역,20221008
경상남도 양산시 원동면 화제리 371-3번지,48330,32028,0,0371,0003,1000000000000000249340,,,,1,용도지역코드,UQA430,자연녹지지역,1,0,,자연녹지지역,20230728
경상남도 양산시 원동면 화제리 375-1번지,48330,32028,0,0375,0001,1264100156930,,,,2,용도지구코드,UQM110,자연취락지구,1,0,,자연취락지구,20221219
경상남도 양산시 원동면 화제리 375-1번지,48330,32028,0,0375,0001,1264100156930,,,,1,용도지역코드,UQA430,자연녹지지역,1,0,,자연녹지지역,20221219
경상남도 양산시 원동면 화제리 376번지,48330,32028,0,0376,0000,1000000000000000225202,,,,1,용도지역코드,UQA430,자연녹지지역,1,0,,자연녹지지역,20230509
경상남도 양산시 원동면 화제리 376번지,48330,32028,0,0376,0000,1000000000000000539842,,,,1,용도지역코드,UQA430,자연녹지지역,1,0,,자연녹지지역,20240620
경상남도 양산시 원동면 화제리 379번지,48330,32028,0,0379,0000,1264100085084,,,,1,용도지역코드,UMN200,배출시설설치제한지역,,,,배출시설설치제한지역,20221008
경상남도 양산시 원동면 화제리 379번지,48330,32028,0,0379,0000,1264100085084,,,,1,용도지역코드,UQA430,자연녹지지역,1,0,,자연녹지지역,20221008
경상남도 양산시 원동면 화제리 382-2번지,48330,32028,0,0382,0002,12648041,,,,1,용도지역코드,1330,자연녹지지역,1,0,,자연녹지지역,20221008
경상남도 양산시 원동면 화제리 382-2번지,48330,32028,0,0382,0002,1264100004551,,,,1,용도지역코드,1330,자연녹지지역,1,0,,자연녹지지역,20221008
경상남도 양산시 원동면 화제리 384-2번지,48330,32028,0,0384,0002,1000000000000000810926,,,,1,용도지역코드,UQA430,자연녹지지역,1,0,,자연녹지지역,20251229
경상남도 양산시 원동면 화제리 386번지,48330,32028,0,0386,0000,1264100005506,,,,1,용도지역코드,1330,자연녹지지역,1,0,,자연녹지지역,20221008
경상남도 양산시 원동면 화제리 388-3번지,48330,32028,0,0388,0003,1264100137964,,,,1,용도지역코드,UQA430,자연녹지지역,1,0,,자연녹지지역,20221008
경상남도 양산시 원동면 화제리 388-3번지,48330,32028,0,0388,0003,1264100137964,,,,1,용도지역코드,UMN200,배출시설설치제한지역,0,0,,배출시설설치제한지역,20221008
경상남도 양산시 원동면 화제리 388-3번지,48330,32028,0,0388,0003,1264100137964,,,,1,용도지역코드,UMZ100,가축사육제한구역,0,0,,가축사육제한구역,20221008
경상남도 양산시 원동면 화제리 388-3번지,48330,32028,0,0388,0003,1264100137964,,,,1,용도지역코드,UM1100,공장설립제한지역,0,0,,공장설립제한지역,20221008
경상남도 양산시 원동면 화제리 390-2번지,48330,32028,0,0390,0002,1000000000000000680760,,,,1,용도지역코드,UMN200,배출시설설치제한지역,0,0,,배출시설설치제한지역,20250314
경상남도 양산시 원동면 화제리 390-2번지,48330,32028,0,0390,0002,1000000000000000680760,,,,1,용도지역코드,UQA430,자연녹지지역,1,0,,자연녹지지역,20250314
경상남도 양산시 원동면 화제리 390-2번지,48330,32028,0,0390,0002,1000000000000000680760,,,,1,용도지역코드,UM1100,공장설립제한지역,0,0,,공장설립제한지역,20250314
경상남도 양산시 원동면 화제리 390-2번지,48330,32028,0,0390,0002,1000000000000000680760,,,,3,용도구역코드,UMZ100,가축사육제한구역,1,0,,가축사육제한구역,20250314
경상남도 양산시 원동면 화제리 394-1번지,48330,32028,0,0394,0001,1264100131743,,,,1,용도지역코드,UQA430,자연녹지지역,1,0,,자연녹지지역,20221008
경상남도 양산시 원동면 화제리 405번지,48330,32028,0,0405,0000,1264100023166,,,,1,용도지역코드,UQA430,자연녹지지역,1,0,,자연녹지지역,20221008
경상남도 양산시 원동면 화제리 405번지,48330,32028,0,0405,0000,1264100023166,,,,1,용도지역코드,UMN200,배출시설설치제한지역,0,0,,배출시설설치제한지역,20221008
경상남도 양산시 원동면 화제리 405-3번지,48330,32028,0,0405,0003,1264100023146,,,,1,용도지역코드,UQA430,자연녹지지역,1,0,,자연녹지지역,20221008
경상남도 양산시 원동면 화제리 405-3번지,48330,32028,0,0405,0003,1264100023146,,,,1,용도지역코드,UMN200,배출시설설치제한지역,0,0,,배출시설설치제한지역,20221008
경상남도 양산시 원동면 화제리 405-5번지,48330,32028,0,0405,0005,1264100143425,,,,1,용도지역코드,UQA430,자연녹지지역,1,0,,자연녹지지역,20221008
경상남도 양산시 원동면 화제리 405-5번지,48330,32028,0,0405,0005,1264100023127,,,,1,용도지역코드,UQA430,자연녹지지역,1,0,,자연녹지지역,20221008
경상남도 양산시 원동면 화제리 405-5번지,48330,32028,0,0405,0005,1264100023127,,,,1,용도지역코드,UMN200,배출시설설치제한지역,0,0,,배출시설설치제한지역,20221008
경상남도 양산시 원동면 화제리 410번지,48330,32028,0,0410,0000,1264100007309,,,,1,용도지역코드,1330,자연녹지지역,1,0,,자연녹지지역,20221008
경상남도 양산시 원동면 화제리 410번지,48330,32028,0,0410,0000,1264100145304,,,,1,용도지역코드,UQA430,자연녹지지역,1,0,,자연녹지지역,20221008
경상남도 양산시 원동면 화제리 410번지,48330,32028,0,0410,0000,1264100145304,,,,2,용도지구코드,UQM110,자연취락지구,1,0,,자연취락지구,20221008
경상남도 양산시 원동면 화제리 410-4번지,48330,32028,0,0410,0004,1264100018556,,,,1,용도지역코드,UQA430,자연녹지지역,1,0,,자연녹지지역,20221008
경상남도 양산시 원동면 화제리 410-4번지,48330,32028,0,0410,0004,1264100018556,,,,1,용도지역코드,UMZ100,가축사육제한구역,0,0,,가축사육제한구역,20221008
경상남도 양산시 원동면 화제리 410-4번지,48330,32028,0,0410,0004,1264100018556,,,,1,용도지역코드,UMN200,배출시설설치제한지역,0,0,,배출시설설치제한지역,20221008
경상남도 양산시 원동면 화제리 410-4번지,48330,32028,0,0410,0004,1264100018556,,,,1,용도지역코드,UM1100,공장설립제한지역,0,0,,공장설립제한지역,20221008
경상남도 양산시 원동면 화제리 410-4번지,48330,32028,0,0410,0004,1264100018556,,,,2,용도지구코드,,,1,0,,,20221008
경상남도 양산시 원동면 화제리 410-4번지,48330,32028,0,0410,0004,1264100018556,,,,3,용도구역코드,,,1,0,,,20221008
경상남도 양산시 원동면 화제리 424번지,48330,32028,0,0424,0000,1264100034191,,,,1,용도지역코드,UQA430,자연녹지지역,1,0,,자연녹지지역,20221008
경상남도 양산시 원동면 화제리 424번지,48330,32028,0,0424,0000,1264100034191,,,,2,용도지구코드,UQM110,자연취락지구,1,0,,자연취락지구,20221008
경상남도 양산시 원동면 화제리 424번지,48330,32028,0,0424,0000,12647494,,,,1,용도지역코드,1330,자연녹지지역,1,0,,자연녹지지역,20221008
경상남도 양산시 원동면 화제리 424번지,48330,32028,0,0424,0000,12647494,,,,2,용도지구코드,012,집단취락지구,1,0,,집단취락지구,20221008
경상남도 양산시 원동면 화제리 446번지,48330,32028,0,0446,0000,1264100059473,,,,1,용도지역코드,UQA430,자연녹지지역,1,0,,자연녹지지역,20221008
경상남도 양산시 원동면 화제리 446번지,48330,32028,0,0446,0000,1264100059473,,,,2,용도지구코드,UMB300,취락지구,1,0,,취락지구,20221008
경상남도 양산시 원동면 화제리 455-1번지,48330,32028,0,0455,0001,1264100137344,,,,1,용도지역코드,UQA430,자연녹지지역,1,0,,자연녹지지역,20221008
경상남도 양산시 원동면 화제리 462-1번지,48330,32028,0,0462,0001,12648123,,,,1,용도지역코드,1330,자연녹지지역,1,0,,자연녹지지역,20221008
경상남도 양산시 원동면 화제리 462-1번지,48330,32028,0,0462,0001,12648123,,,,3,용도구역코드,010,도시계획구역,1,0,,도시계획구역,20221008
경상남도 양산시 원동면 화제리 465-1번지,48330,32028,0,0465,0001,1264100016062,,,,1,용도지역코드,1330,자연녹지지역,1,0,,자연녹지지역,20221008
경상남도 양산시 원동면 화제리 485-1번지,48330,32028,0,0485,0001,12646724,,,,1,용도지역코드,1330,자연녹지지역,1,0,,자연녹지지역,20221008
경상남도 양산시 원동면 화제리 485-1번지,48330,32028,0,0485,0001,12646724,,,,2,용도지구코드,011,자연취락지구,1,0,,자연취락지구,20221008
경상남도 양산시 원동면 화제리 485-2번지,48330,32028,0,0485,0002,1264100095967,,,,1,용도지역코드,UQA430,자연녹지지역,1,0,,자연녹지지역,20221008
경상남도 양산시 원동면 화제리 485-2번지,48330,32028,0,0485,0002,1264100095967,,,,2,용도지구코드,UQM110,자연취락지구,1,0,,자연취락지구,20221008
경상남도 양산시 원동면 화제리 485-2번지,48330,32028,0,0485,0002,1264100028770,,,,1,용도지역코드,UQA430,자연녹지지역,1,0,,자연녹지지역,20221008
경상남도 양산시 원동면 화제리 485-2번지,48330,32028,0,0485,0002,1264100028770,,,,2,용도지구코드,UQM110,자연취락지구,1,0,,자연취락지구,20221008
경상남도 양산시 원동면 화제리 490-1번지,48330,32028,0,0490,0001,1264100084463,,,,1,용도지역코드,UMN200,배출시설설치제한지역,,,,배출시설설치제한지역,20221008
경상남도 양산시 원동면 화제리 490-1번지,48330,32028,0,0490,0001,1264100084463,,,,1,용도지역코드,UQA430,자연녹지지역,1,0,,자연녹지지역,20221008
경상남도 양산시 원동면 화제리 505-6번지,48330,32028,0,0505,0006,1264100100933,,,,1,용도지역코드,UQA430,자연녹지지역,1,0,,자연녹지지역,20221008
경상남도 양산시 원동면 화제리 505-6번지,48330,32028,0,0505,0006,1264100100933,,,,2,용도지구코드,UQM110,자연취락지구,1,0,,자연취락지구,20221008
경상남도 양산시 원동면 화제리 508-2번지,48330,32028,0,0508,0002,1264100155530,,,,1,용도지역코드,UQA430,자연녹지지역,1,0,,자연녹지지역,20250509
경상남도 양산시 원동면 화제리 508-2번지,48330,32028,0,0508,0002,1264100155530,,,,1,용도지역코드,UMN200,배출시설설치제한지역,0,0,,배출시설설치제한지역,20250509
경상남도 양산시 원동면 화제리 508-2번지,48330,32028,0,0508,0002,1000000000000000293205,,,,1,용도지역코드,UMN200,배출시설설치제한지역,0,0,,배출시설설치제한지역,20230512
경상남도 양산시 원동면 화제리 508-2번지,48330,32028,0,0508,0002,1000000000000000293205,,,,1,용도지역코드,UQA430,자연녹지지역,1,0,,자연녹지지역,20230512
경상남도 양산시 원동면 화제리 508-2번지,48330,32028,0,0508,0002,1000000000000000293205,,,,3,용도구역코드,UMZ100,가축사육제한구역,1,0,,가축사육제한구역,20230512
경상남도 양산시 원동면 화제리 508-2번지,48330,32028,0,0508,0002,1000000000000000293205,,,,1,용도지역코드,UM1100,공장설립제한지역,0,0,,공장설립제한지역,20230512
경상남도 양산시 원동면 화제리 523번지,48330,32028,0,0523,0000,1264100030697,,,,1,용도지역코드,UQA430,자연녹지지역,1,0,,자연녹지지역,20221008
경상남도 양산시 원동면 화제리 523번지,48330,32028,0,0523,0000,1264100030318,,,,1,용도지역코드,UQA430,자연녹지지역,1,0,,자연녹지지역,20221008
경상남도 양산시 원동면 화제리 523번지,48330,32028,0,0523,0000,1264100050407,,,,1,용도지역코드,UQA430,자연녹지지역,1,0,,자연녹지지역,20221008
경상남도 양산시 원동면 화제리 523번지,48330,32028,0,0523,0000,1264100050406,,,,1,용도지역코드,UQA430,자연녹지지역,1,0,,자연녹지지역,20221008
경상남도 양산시 원동면 화제리 523번지,48330,32028,0,0523,0000,1264100026892,,,,1,용도지역코드,UQA430,자연녹지지역,1,0,,자연녹지지역,20221008
경상남도 양산시 원동면 화제리 523-1번지,48330,32028,0,0523,0001,1264100069480,,,,1,용도지역코드,UQA430,자연녹지지역,1,0,,자연녹지지역,20221008
경상남도 양산시 원동면 화제리 523-4번지,48330,32028,0,0523,0004,1264100044085,,,,1,용도지역코드,UQA430,자연녹지지역,1,0,,자연녹지지역,20221008
경상남도 양산시 원동면 화제리 523-6번지,48330,32028,0,0523,0006,1000000000000000988247,,,,1,용도지역코드,UQA430,자연녹지지역,1,0,,자연녹지지역,20260703
경상남도 양산시 원동면 화제리 523-7번지,48330,32028,0,0523,0007,1264100026893,,,,1,용도지역코드,UQA430,자연녹지지역,1,0,,자연녹지지역,20221008
경상남도 양산시 원동면 화제리 523-7번지,48330,32028,0,0523,0007,1264100072223,,,,1,용도지역코드,UQA430,자연녹지지역,1,0,,자연녹지지역,20221008
경상남도 양산시 원동면 화제리 523-7번지,48330,32028,0,0523,0007,1264100072223,,,,1,용도지역코드,UMN200,배출시설설치제한지역,0,0,,배출시설설치제한지역,20221008
경상남도 양산시 원동면 화제리 523-8번지,48330,32028,0,0523,0008,1264100027029,,,,1,용도지역코드,UQA430,자연녹지지역,1,0,,자연녹지지역,20221008
경상남도 양산시 원동면 화제리 523-13번지,48330,32028,0,0523,0013,1264100042622,,,,1,용도지역코드,UQA430,자연녹지지역,1,0,,자연녹지지역,20221008
경상남도 양산시 원동면 화제리 523-15번지,48330,32028,0,0523,0015,1264100026772,,,,1,용도지역코드,UQA430,자연녹지지역,1,0,,자연녹지지역,20221008
경상남도 양산시 원동면 화제리 523-15번지,48330,32028,0,0523,0015,1264100026772,,,,1,용도지역코드,UMN200,배출시설설치제한지역,0,0,,배출시설설치제한지역,20221008
경상남도 양산시 원동면 화제리 523-16번지,48330,32028,0,0523,0016,1264100060498,,,,1,용도지역코드,UQA430,자연녹지지역,1,0,,자연녹지지역,20221008
경상남도 양산시 원동면 화제리 523-16번지,48330,32028,0,0523,0016,1264100060498,,,,1,용도지역코드,UMN200,배출시설설치제한지역,0,0,,배출시설설치제한지역,20221008
경상남도 양산시 원동면 화제리 523-17번지,48330,32028,0,0523,0017,1000000000000000453578,,,,1,용도지역코드,UQA430,자연녹지지역,1,0,,자연녹지지역,20240703
경상남도 양산시 원동면 화제리 523-17번지,48330,32028,0,0523,0017,1000000000000000593153,,,,1,용도지역코드,UQA430,자연녹지지역,1,0,,자연녹지지역,20241004
경상남도 양산시 원동면 화제리 523-18번지,48330,32028,0,0523,0018,1264100026773,,,,1,용도지역코드,UQA430,자연녹지지역,1,0,,자연녹지지역,20221008
경상남도 양산시 원동면 화제리 523-18번지,48330,32028,0,0523,0018,1264100026773,,,,1,용도지역코드,UMN200,배출시설설치제한지역,0,0,,배출시설설치제한지역,20221008
경상남도 양산시 원동면 화제리 523-19번지,48330,32028,0,0523,0019,1264100091887,,,,1,용도지역코드,UQA430,자연녹지지역,1,0,,자연녹지지역,20221008
경상남도 양산시 원동면 화제리 523-19번지,48330,32028,0,0523,0019,1264100091887,,,,1,용도지역코드,UMN200,배출시설설치제한지역,0,0,,배출시설설치제한지역,20221008
경상남도 양산시 원동면 화제리 525-7번지,48330,32028,0,0525,0007,1264100129346,,,,1,용도지역코드,UQA430,자연녹지지역,1,0,,자연녹지지역,20221008
경상남도 양산시 원동면 화제리 525-7번지,48330,32028,0,0525,0007,1264100129346,,,,1,용도지역코드,UMN200,배출시설설치제한지역,0,0,,배출시설설치제한지역,20221008
경상남도 양산시 원동면 화제리 525-9번지,48330,32028,0,0525,0009,1264100117859,,,,1,용도지역코드,UQA430,자연녹지지역,1,0,,자연녹지지역,20221008
경상남도 양산시 원동면 화제리 525-9번지,48330,32028,0,0525,0009,1264100117859,,,,1,용도지역코드,UMN200,배출시설설치제한지역,0,0,,배출시설설치제한지역,20221008
경상남도 양산시 원동면 화제리 528-1번지,48330,32028,0,0528,0001,12648344,,,,1,용도지역코드,1330,자연녹지지역,1,0,,자연녹지지역,20221008
경상남도 양산시 원동면 화제리 528-1번지,48330,32028,0,0528,0001,12648344,,,,3,용도구역코드,010,도시계획구역,1,0,,도시계획구역,20221008
경상남도 양산시 원동면 화제리 528-2번지,48330,32028,0,0528,0002,1000000000000000448225,,,,1,용도지역코드,UQA430,자연녹지지역,1,0,,자연녹지지역,20250919
경상남도 양산시 원동면 화제리 528-2번지,48330,32028,0,0528,0002,1000000000000000448225,,,,1,용도지역코드,UMN200,배출시설설치제한지역,0,0,,배출시설설치제한지역,20250919
경상남도 양산시 원동면 화제리 528-2번지,48330,32028,0,0528,0002,1264100030101,,,,1,용도지역코드,UQA430,자연녹지지역,1,0,,자연녹지지역,20231004
경상남도 양산시 원동면 화제리 532-7번지,48330,32028,0,0532,0007,1264100153592,,,,1,용도지역코드,UQA430,자연녹지지역,1,0,,자연녹지지역,20221008
경상남도 양산시 원동면 화제리 532-7번지,48330,32028,0,0532,0007,1264100153592,,,,1,용도지역코드,UMN200,배출시설설치제한지역,0,0,,배출시설설치제한지역,20221008
경상남도 양산시 원동면 화제리 532-8번지,48330,32028,0,0532,0008,1264100052191,,,,1,용도지역코드,UQA430,자연녹지지역,1,0,,자연녹지지역,20221008
경상남도 양산시 원동면 화제리 559-3번지,48330,32028,0,0559,0003,1264100130365,,,,1,용도지역코드,UQA430,자연녹지지역,1,0,,자연녹지지역,20221008
경상남도 양산시 원동면 화제리 559-3번지,48330,32028,0,0559,0003,1264100130365,,,,3,용도구역코드,UMZ100,가축사육제한구역,1,0,,가축사육제한구역,20221008
경상남도 양산시 원동면 화제리 572번지,48330,32028,0,0572,0000,1264100127703,,,,1,용도지역코드,UQA430,자연녹지지역,1,0,,자연녹지지역,20221008
경상남도 양산시 원동면 화제리 572번지,48330,32028,0,0572,0000,1264100127703,,,,1,용도지역코드,UMN200,배출시설설치제한지역,0,0,,배출시설설치제한지역,20221008
경상남도 양산시 원동면 화제리 590-2번지,48330,32028,0,0590,0002,1000000000000000244404,,,,1,용도지역코드,UMN200,배출시설설치제한지역,0,0,,배출시설설치제한지역,20260211
경상남도 양산시 원동면 화제리 590-2번지,48330,32028,0,0590,0002,1000000000000000244404,,,,1,용도지역코드,UQA430,자연녹지지역,1,0,,자연녹지지역,20260211
경상남도 양산시 원동면 화제리 592번지,48330,32028,0,0592,0000,1264100026969,,,,1,용도지역코드,UQA430,자연녹지지역,1,0,,자연녹지지역,20221008
경상남도 양산시 원동면 화제리 592번지,48330,32028,0,0592,0000,1264100026969,,,,1,용도지역코드,UMN200,배출시설설치제한지역,0,0,,배출시설설치제한지역,20221008
경상남도 양산시 원동면 화제리 602-6번지,48330,32028,0,0602,0006,12648883,,,,1,용도지역코드,1330,자연녹지지역,1,0,,자연녹지지역,20221008
경상남도 양산시 원동면 화제리 603-17번지,48330,32028,0,0603,0017,1264100107436,,,,1,용도지역코드,UQA430,자연녹지지역,1,0,,자연녹지지역,20221008
경상남도 양산시 원동면 화제리 603-17번지,48330,32028,0,0603,0017,1264100107436,,,,1,용도지역코드,UMN200,배출시설설치제한지역,0,0,,배출시설설치제한지역,20221008
경상남도 양산시 원동면 화제리 603-17번지,48330,32028,0,0603,0017,1264100107436,,,,3,용도구역코드,UMZ100,가축사육제한구역,1,0,,가축사육제한구역,20221008
경상남도 양산시 원동면 화제리 603-17번지,48330,32028,0,0603,0017,1264100107436,,,,3,용도구역코드,UJB100,하천구역,0,0,,하천구역,20221008
경상남도 양산시 원동면 화제리 609-1번지,48330,32028,0,0609,0001,1264100099915,,,,1,용도지역코드,UQA430,자연녹지지역,1,0,,자연녹지지역,20221008
경상남도 양산시 원동면 화제리 609-1번지,48330,32028,0,0609,0001,1264100099915,,,,1,용도지역코드,UMN200,배출시설설치제한지역,0,0,,배출시설설치제한지역,20221008
경상남도 양산시 원동면 화제리 609-1번지,48330,32028,0,0609,0001,1264100138224,,,,1,용도지역코드,UQA430,자연녹지지역,1,0,,자연녹지지역,20221008
경상남도 양산시 원동면 화제리 609-1번지,48330,32028,0,0609,0001,1264100138224,,,,1,용도지역코드,UMN200,배출시설설치제한지역,0,0,,배출시설설치제한지역,20221008
경상남도 양산시 원동면 화제리 628-1번지,48330,32028,0,0628,0001,1264100106394,,,,1,용도지역코드,UQA430,자연녹지지역,1,0,,자연녹지지역,20221008
경상남도 양산시 원동면 화제리 628-1번지,48330,32028,0,0628,0001,1264100106394,,,,1,용도지역코드,UMN200,배출시설설치제한지역,0,0,,배출시설설치제한지역,20221008
경상남도 양산시 원동면 화제리 628-1번지,48330,32028,0,0628,0001,1264100143863,,,,1,용도지역코드,UQA430,자연녹지지역,1,0,,자연녹지지역,20221008
경상남도 양산시 원동면 화제리 630-1번지,48330,32028,0,0630,0001,1000000000000000291892,,,,1,용도지역코드,UMN200,배출시설설치제한지역,0,0,,배출시설설치제한지역,20230511
경상남도 양산시 원동면 화제리 630-1번지,48330,32028,0,0630,0001,1000000000000000291892,,,,1,용도지역코드,UQA430,자연녹지지역,1,0,,자연녹지지역,20230511
경상남도 양산시 원동면 화제리 630-1번지,48330,32028,0,0630,0001,1000000000000000291892,,,,1,용도지역코드,UM1100,공장설립제한지역,0,0,,공장설립제한지역,20230511
경상남도 양산시 원동면 화제리 630-1번지,48330,32028,0,0630,0001,1000000000000000291892,,,,3,용도구역코드,UMZ100,가축사육제한구역,1,0,,가축사육제한구역,20230511
경상남도 양산시 원동면 화제리 630-1번지,48330,32028,0,0630,0001,1264100113038,,,,1,용도지역코드,UQA430,자연녹지지역,1,0,,자연녹지지역,20221008
경상남도 양산시 원동면 화제리 630-3번지,48330,32028,0,0630,0003,1264100120679,,,,1,용도지역코드,UQA430,자연녹지지역,1,0,,자연녹지지역,20221008
경상남도 양산시 원동면 화제리 630-5번지,48330,32028,0,0630,0005,1000000000000000465032,,,,1,용도지역코드,UQA430,자연녹지지역,1,0,,자연녹지지역,20250428
경상남도 양산시 원동면 화제리 630-5번지,48330,32028,0,0630,0005,1000000000000000465032,,,,1,용도지역코드,UMN200,배출시설설치제한지역,0,0,,배출시설설치제한지역,20250428
경상남도 양산시 원동면 화제리 631-1번지,48330,32028,0,0631,0001,1264100113039,,,,1,용도지역코드,UQA430,자연녹지지역,1,0,,자연녹지지역,20221008
경상남도 양산시 원동면 화제리 631-2번지,48330,32028,0,0631,0002,1264100108577,,,,1,용도지역코드,UQA430,자연녹지지역,1,0,,자연녹지지역,20260416
경상남도 양산시 원동면 화제리 631-8번지,48330,32028,0,0631,0008,1000000000000000853697,,,,1,용도지역코드,UM2100,공장설립승인지역,0,0,,공장설립승인지역,20251203
경상남도 양산시 원동면 화제리 631-8번지,48330,32028,0,0631,0008,1000000000000000853697,,,,1,용도지역코드,UQA430,자연녹지지역,1,0,,자연녹지지역,20251203
경상남도 양산시 원동면 화제리 631-8번지,48330,32028,0,0631,0008,1264100117017,,,,1,용도지역코드,UQA430,자연녹지지역,1,0,,자연녹지지역,20221008
경상남도 양산시 원동면 화제리 631-8번지,48330,32028,0,0631,0008,1264100117017,,,,1,용도지역코드,UMN200,배출시설설치제한지역,0,0,,배출시설설치제한지역,20221008
경상남도 양산시 원동면 화제리 631-14번지,48330,32028,0,0631,0014,1264100117016,,,,1,용도지역코드,UMN200,배출시설설치제한지역,0,0,,배출시설설치제한지역,20230203
경상남도 양산시 원동면 화제리 631-14번지,48330,32028,0,0631,0014,1264100117016,,,,1,용도지역코드,UQA430,자연녹지지역,1,0,,자연녹지지역,20230203
경상남도 양산시 원동면 화제리 664번지,48330,32028,0,0664,0000,1264100095426,,,,1,용도지역코드,UQA430,자연녹지지역,1,0,,자연녹지지역,20221008
경상남도 양산시 원동면 화제리 664번지,48330,32028,0,0664,0000,1264100095426,,,,1,용도지역코드,UMN200,배출시설설치제한지역,0,0,,배출시설설치제한지역,20221008
경상남도 양산시 원동면 화제리 665-1번지,48330,32028,0,0665,0001,1264100152070,,,,1,용도지역코드,UQA430,자연녹지지역,1,0,,자연녹지지역,20221008
경상남도 양산시 원동면 화제리 665-1번지,48330,32028,0,0665,0001,1264100152070,,,,1,용도지역코드,UMN200,배출시설설치제한지역,0,0,,배출시설설치제한지역,20221008
경상남도 양산시 원동면 화제리 665-2번지,48330,32028,0,0665,0002,1264100108259,,,,1,용도지역코드,UMN200,배출시설설치제한지역,,,,배출시설설치제한지역,20221008
경상남도 양산시 원동면 화제리 665-2번지,48330,32028,0,0665,0002,1264100108259,,,,1,용도지역코드,UQA430,자연녹지지역,1,0,,자연녹지지역,20221008
경상남도 양산시 원동면 화제리 671번지,48330,32028,0,0671,0000,1264100153730,,,,1,용도지역코드,UQA430,자연녹지지역,1,0,,자연녹지지역,20221008
경상남도 양산시 원동면 화제리 671번지,48330,32028,0,0671,0000,1264100153730,,,,1,용도지역코드,UMN200,배출시설설치제한지역,0,0,,배출시설설치제한지역,20221008
경상남도 양산시 원동면 화제리 677번지,48330,32028,0,0677,0000,1264100153134,,,,1,용도지역코드,UQA430,자연녹지지역,1,0,,자연녹지지역,20221008
경상남도 양산시 원동면 화제리 677번지,48330,32028,0,0677,0000,1264100153134,,,,1,용도지역코드,UMN200,배출시설설치제한지역,0,0,,배출시설설치제한지역,20221008
경상남도 양산시 원동면 화제리 694번지,48330,32028,0,0694,0000,1264100123962,,,,1,용도지역코드,UQA430,자연녹지지역,1,0,,자연녹지지역,20221008
경상남도 양산시 원동면 화제리 695번지,48330,32028,0,0695,0000,1000000000000000846549,,,,1,용도지역코드,UHH300,자연보전지역,1,0,,자연보전지역,20251128
경상남도 양산시 원동면 화제리 695번지,48330,32028,0,0695,0000,1000000000000000846549,,,,3,용도구역코드,UMZ100,가축사육제한구역,1,0,,가축사육제한구역,20251128
경상남도 양산시 원동면 화제리 695-3번지,48330,32028,0,0695,0003,1264100158231,,,,1,용도지역코드,UQA430,자연녹지지역,1,0,,자연녹지지역,20221008
경상남도 양산시 원동면 화제리 695-3번지,48330,32028,0,0695,0003,1264100158231,,,,1,용도지역코드,UMN200,배출시설설치제한지역,0,0,,배출시설설치제한지역,20221008
경상남도 양산시 원동면 화제리 695-3번지,48330,32028,0,0695,0003,1264100158231,,,,1,용도지역코드,UM1100,공장설립제한지역,0,0,,공장설립제한지역,20221008
경상남도 양산시 원동면 화제리 695-3번지,48330,32028,0,0695,0003,1264100158231,,,,3,용도구역코드,UMZ100,가축사육제한구역,1,0,,가축사육제한구역,20221008
경상남도 양산시 원동면 화제리 695-17번지,48330,32028,0,0695,0017,1264100105333,,,,1,용도지역코드,UQA430,자연녹지지역,1,0,,자연녹지지역,20221008
경상남도 양산시 원동면 화제리 695-17번지,48330,32028,0,0695,0017,1264100008166,,,,1,용도지역코드,1330,자연녹지지역,1,0,,자연녹지지역,20221008
경상남도 양산시 원동면 화제리 695-36번지,48330,32028,0,0695,0036,1000000000000000092122,,,,1,용도지역코드,UMN200,배출시설설치제한지역,0,0,,배출시설설치제한지역,20221031
경상남도 양산시 원동면 화제리 695-36번지,48330,32028,0,0695,0036,1000000000000000092122,,,,3,용도구역코드,UMZ100,가축사육제한구역,1,0,,가축사육제한구역,20221031
경상남도 양산시 원동면 화제리 695-36번지,48330,32028,0,0695,0036,1000000000000000092122,,,,1,용도지역코드,UM2100,공장설립승인지역,0,0,,공장설립승인지역,20221031
경상남도 양산시 원동면 화제리 695-36번지,48330,32028,0,0695,0036,1000000000000000092122,,,,1,용도지역코드,UQA430,자연녹지지역,1,0,,자연녹지지역,20221031
경상남도 양산시 원동면 화제리 695-45번지,48330,32028,0,0695,0045,1000000000000000350633,,,,1,용도지역코드,UM2100,공장설립승인지역,0,0,,공장설립승인지역,20230807
경상남도 양산시 원동면 화제리 695-45번지,48330,32028,0,0695,0045,1000000000000000350633,,,,1,용도지역코드,UMN200,배출시설설치제한지역,0,0,,배출시설설치제한지역,20230807
경상남도 양산시 원동면 화제리 695-45번지,48330,32028,0,0695,0045,1000000000000000350633,,,,3,용도구역코드,UMZ100,가축사육제한구역,1,0,,가축사육제한구역,20230807
경상남도 양산시 원동면 화제리 695-45번지,48330,32028,0,0695,0045,1000000000000000350633,,,,1,용도지역코드,UQA430,자연녹지지역,1,0,,자연녹지지역,20230807
경상남도 양산시 원동면 화제리 696-2번지,48330,32028,0,0696,0002,1000000000000001019222,,,,3,용도구역코드,UMZ100,가축사육제한구역,1,0,,가축사육제한구역,20260826
경상남도 양산시 원동면 화제리 696-2번지,48330,32028,0,0696,0002,1000000000000001019222,,,,1,용도지역코드,UQA430,자연녹지지역,1,0,,자연녹지지역,20260826
경상남도 양산시 원동면 화제리 702번지,48330,32028,0,0702,0000,1000000000000000450273,,,,1,용도지역코드,UQA430,자연녹지지역,1,0,,자연녹지지역,20240125
경상남도 양산시 원동면 화제리 730-1번지,48330,32028,0,0730,0001,1264100095428,,,,1,용도지역코드,UQA430,자연녹지지역,1,0,,자연녹지지역,20221008
경상남도 양산시 원동면 화제리 736번지,48330,32028,0,0736,0000,12648188,,,,1,용도지역코드,1330,자연녹지지역,1,0,,자연녹지지역,20221008
경상남도 양산시 원동면 화제리 736번지,48330,32028,0,0736,0000,1264100136244,,,,1,용도지역코드,UQA430,자연녹지지역,1,0,,자연녹지지역,20221008
경상남도 양산시 원동면 화제리 736번지,48330,32028,0,0736,0000,1264100126041,,,,1,용도지역코드,UQA430,자연녹지지역,1,0,,자연녹지지역,20221008
경상남도 양산시 원동면 화제리 736-6번지,48330,32028,0,0736,0006,1000000000000000273845,,,,1,용도지역코드,UQA430,자연녹지지역,1,0,,자연녹지지역,20240131
경상남도 양산시 원동면 화제리 736-6번지,48330,32028,0,0736,0006,1264100057090,,,,1,용도지역코드,UQA430,자연녹지지역,1,0,,자연녹지지역,20221008
경상남도 양산시 원동면 화제리 736-6번지,48330,32028,0,0736,0006,12649431,,,,1,용도지역코드,1330,자연녹지지역,1,0,,자연녹지지역,20221008
경상남도 양산시 원동면 화제리 736-7번지,48330,32028,0,0736,0007,1264100102854,,,,1,용도지역코드,UQA430,자연녹지지역,1,0,,자연녹지지역,20221008
경상남도 양산시 원동면 화제리 736-10번지,48330,32028,0,0736,0010,12648147,,,,1,용도지역코드,1330,자연녹지지역,1,0,,자연녹지지역,20221008
경상남도 양산시 원동면 화제리 736-11번지,48330,32028,0,0736,0011,1000000000000000177784,,,,1,용도지역코드,UMN200,배출시설설치제한지역,0,0,,배출시설설치제한지역,20221208
경상남도 양산시 원동면 화제리 736-11번지,48330,32028,0,0736,0011,1000000000000000177784,,,,1,용도지역코드,UQA430,자연녹지지역,1,0,,자연녹지지역,20221208
경상남도 양산시 원동면 화제리 736-11번지,48330,32028,0,0736,0011,1000000000000000177784,,,,3,용도구역코드,UMZ100,가축사육제한구역,1,0,,가축사육제한구역,20221208
경상남도 양산시 원동면 화제리 736-11번지,48330,32028,0,0736,0011,1000000000000000177784,,,,1,용도지역코드,UM2100,공장설립승인지역,0,0,,공장설립승인지역,20221208
경상남도 양산시 원동면 화제리 736-11번지,48330,32028,0,0736,0011,1264100128641,,,,1,용도지역코드,UQA430,자연녹지지역,1,0,,자연녹지지역,20221008
경상남도 양산시 원동면 화제리 736-12번지,48330,32028,0,0736,0012,1000000000000000287394,,,,1,용도지역코드,UM2100,공장설립승인지역,0,0,,공장설립승인지역,20231116
경상남도 양산시 원동면 화제리 736-12번지,48330,32028,0,0736,0012,1000000000000000287394,,,,1,용도지역코드,UMN200,배출시설설치제한지역,0,0,,배출시설설치제한지역,20231116
경상남도 양산시 원동면 화제리 736-12번지,48330,32028,0,0736,0012,1000000000000000287394,,,,3,용도구역코드,UMZ100,가축사육제한구역,1,0,,가축사육제한구역,20231116
경상남도 양산시 원동면 화제리 736-12번지,48330,32028,0,0736,0012,1000000000000000287394,,,,1,용도지역코드,UQA430,자연녹지지역,1,0,,자연녹지지역,20231116
경상남도 양산시 원동면 화제리 736-13번지,48330,32028,0,0736,0013,1264100036915,,,,1,용도지역코드,UQA430,자연녹지지역,1,0,,자연녹지지역,20221008
경상남도 양산시 원동면 화제리 736-14번지,48330,32028,0,0736,0014,1264100025914,,,,1,용도지역코드,UQA430,자연녹지지역,1,0,,자연녹지지역,20221008
경상남도 양산시 원동면 화제리 736-15번지,48330,32028,0,0736,0015,1264100029497,,,,1,용도지역코드,UQA430,자연녹지지역,1,0,,자연녹지지역,20221008
경상남도 양산시 원동면 화제리 736-15번지,48330,32028,0,0736,0015,1264100029497,,,,1,용도지역코드,UMN200,배출시설설치제한지역,0,0,,배출시설설치제한지역,20221008
경상남도 양산시 원동면 화제리 736-15번지,48330,32028,0,0736,0015,1264100029497,,,,1,용도지역코드,UFM110,임업용산지,0,0,,임업용산지,20221008
경상남도 양산시 원동면 화제리 736-15번지,48330,32028,0,0736,0015,1264100028212,,,,1,용도지역코드,UFM110,임업용산지,,,,임업용산지,20221008
경상남도 양산시 원동면 화제리 736-15번지,48330,32028,0,0736,0015,1264100028212,,,,1,용도지역코드,UMN200,배출시설설치제한지역,,,,배출시설설치제한지역,20221008
경상남도 양산시 원동면 화제리 736-15번지,48330,32028,0,0736,0015,1264100028212,,,,1,용도지역코드,UQA430,자연녹지지역,1,0,,자연녹지지역,20221008
경상남도 양산시 원동면 화제리 736-27번지,48330,32028,0,0736,0027,1264100102853,,,,1,용도지역코드,UQA430,자연녹지지역,1,0,,자연녹지지역,20221008
경상남도 양산시 원동면 화제리 737-2번지,48330,32028,0,0737,0002,12646711,,,,1,용도지역코드,1330,자연녹지지역,1,0,,자연녹지지역,20221008
경상남도 양산시 원동면 화제리 737-7번지,48330,32028,0,0737,0007,1264100038593,,,,1,용도지역코드,UQA430,자연녹지지역,1,0,,자연녹지지역,20221008
경상남도 양산시 원동면 화제리 737-9번지,48330,32028,0,0737,0009,1264100039999,,,,1,용도지역코드,UQA430,자연녹지지역,1,0,,자연녹지지역,20221008
경상남도 양산시 원동면 화제리 737-16번지,48330,32028,0,0737,0016,1264100024049,,,,1,용도지역코드,UQA430,자연녹지지역,1,0,,자연녹지지역,20221008
경상남도 양산시 원동면 화제리 738번지,48330,32028,0,0738,0000,12649611,,,,1,용도지역코드,1330,자연녹지지역,1,0,,자연녹지지역,20221008
경상남도 양산시 원동면 화제리 741번지,48330,32028,0,0741,0000,1264100090262,,,,1,용도지역코드,UQA430,자연녹지지역,1,0,,자연녹지지역,20221008
경상남도 양산시 원동면 화제리 743번지,48330,32028,0,0743,0000,1000000000000000240401,,,,3,용도구역코드,UMZ100,가축사육제한구역,1,0,,가축사육제한구역,20240521
경상남도 양산시 원동면 화제리 743번지,48330,32028,0,0743,0000,1000000000000000240401,,,,1,용도지역코드,UMN200,배출시설설치제한지역,0,0,,배출시설설치제한지역,20240521
경상남도 양산시 원동면 화제리 743번지,48330,32028,0,0743,0000,1000000000000000240401,,,,1,용도지역코드,UQA430,자연녹지지역,1,0,,자연녹지지역,20240521
경상남도 양산시 원동면 화제리 743번지,48330,32028,0,0743,0000,1000000000000000240401,,,,1,용도지역코드,UM2100,공장설립승인지역,0,0,,공장설립승인지역,20240521
경상남도 양산시 원동면 화제리 743-3번지,48330,32028,0,0743,0003,1000000000000000906269,,,,1,용도지역코드,UQA430,자연녹지지역,1,0,,자연녹지지역,20260318
경상남도 양산시 원동면 화제리 743-3번지,48330,32028,0,0743,0003,1000000000000000906269,,,,3,용도구역코드,UMZ100,가축사육제한구역,1,0,,가축사육제한구역,20260318
경상남도 양산시 원동면 화제리 801-1번지,48330,32028,0,0801,0001,1264100094041,,,,1,용도지역코드,UMN200,배출시설설치제한지역,,,,배출시설설치제한지역,20221008
경상남도 양산시 원동면 화제리 801-1번지,48330,32028,0,0801,0001,1264100094041,,,,1,용도지역코드,UQA430,자연녹지지역,1,0,,자연녹지지역,20221008
경상남도 양산시 원동면 화제리 801-3번지,48330,32028,0,0801,0003,1264100068459,,,,1,용도지역코드,UMN200,배출시설설치제한지역,,,,배출시설설치제한지역,20221008
경상남도 양산시 원동면 화제리 801-3번지,48330,32028,0,0801,0003,1264100068459,,,,1,용도지역코드,UQA430,자연녹지지역,1,0,,자연녹지지역,20221008
경상남도 양산시 원동면 화제리 801-5번지,48330,32028,0,0801,0005,1264100107297,,,,1,용도지역코드,UMN200,배출시설설치제한지역,,,,배출시설설치제한지역,20221008
경상남도 양산시 원동면 화제리 801-5번지,48330,32028,0,0801,0005,1264100107297,,,,1,용도지역코드,UQA430,자연녹지지역,1,0,,자연녹지지역,20221008
경상남도 양산시 원동면 화제리 801-6번지,48330,32028,0,0801,0006,1264100107695,,,,1,용도지역코드,UMN200,배출시설설치제한지역,,,,배출시설설치제한지역,20221008
경상남도 양산시 원동면 화제리 801-6번지,48330,32028,0,0801,0006,1264100107695,,,,1,용도지역코드,UQA430,자연녹지지역,1,0,,자연녹지지역,20221008
경상남도 양산시 원동면 화제리 801-8번지,48330,32028,0,0801,0008,1264100071119,,,,1,용도지역코드,UMN200,배출시설설치제한지역,,,,배출시설설치제한지역,20221008
경상남도 양산시 원동면 화제리 801-8번지,48330,32028,0,0801,0008,1264100071119,,,,1,용도지역코드,UQA430,자연녹지지역,1,0,,자연녹지지역,20221008
경상남도 양산시 원동면 화제리 801-10번지,48330,32028,0,0801,0010,1264100067999,,,,1,용도지역코드,UMN200,배출시설설치제한지역,,,,배출시설설치제한지역,20221008
경상남도 양산시 원동면 화제리 801-10번지,48330,32028,0,0801,0010,1264100067999,,,,1,용도지역코드,UQA430,자연녹지지역,1,0,,자연녹지지역,20221008
경상남도 양산시 원동면 화제리 823번지,48330,32028,0,0823,0000,12646912,,,,1,용도지역코드,UQA430,자연녹지지역,1,,,자연녹지지역,20260203
경상남도 양산시 원동면 화제리 823번지,48330,32028,0,0823,0000,1264100136323,,,,1,용도지역코드,UQA430,자연녹지지역,1,0,,자연녹지지역,20221008
경상남도 양산시 원동면 화제리 823번지,48330,32028,0,0823,0000,1264100136323,,,,1,용도지역코드,UM1100,공장설립제한지역,0,0,,공장설립제한지역,20221008
경상남도 양산시 원동면 화제리 823번지,48330,32028,0,0823,0000,1264100136323,,,,1,용도지역코드,UMN200,배출시설설치제한지역,0,0,,배출시설설치제한지역,20221008
경상남도 양산시 원동면 화제리 823번지,48330,32028,0,0823,0000,12646837,,,,1,용도지역코드,1330,자연녹지지역,1,0,,자연녹지지역,20221008
경상남도 양산시 원동면 화제리 826-1번지,48330,32028,0,0826,0001,1000000000000000691027,,,,1,용도지역코드,UQA430,자연녹지지역,1,0,,자연녹지지역,20250327
경상남도 양산시 원동면 화제리 826-1번지,48330,32028,0,0826,0001,1000000000000000691027,,,,1,용도지역코드,UMN200,배출시설설치제한지역,0,0,,배출시설설치제한지역,20250327
경상남도 양산시 원동면 화제리 826-1번지,48330,32028,0,0826,0001,1000000000000000691027,,,,1,용도지역코드,UM1100,공장설립제한지역,0,0,,공장설립제한지역,20250327
경상남도 양산시 원동면 화제리 826-1번지,48330,32028,0,0826,0001,1000000000000000691027,,,,3,용도구역코드,UMZ100,가축사육제한구역,1,0,,가축사육제한구역,20250327
경상남도 양산시 원동면 화제리 826-1번지,48330,32028,0,0826,0001,1264100126782,,,,1,용도지역코드,UQA430,자연녹지지역,1,0,,자연녹지지역,20221008
경상남도 양산시 원동면 화제리 826-1번지,48330,32028,0,0826,0001,1264100126782,,,,1,용도지역코드,UM1100,공장설립제한지역,0,0,,공장설립제한지역,20221008
경상남도 양산시 원동면 화제리 826-1번지,48330,32028,0,0826,0001,1264100126782,,,,1,용도지역코드,UMN200,배출시설설치제한지역,0,0,,배출시설설치제한지역,20221008
경상남도 양산시 원동면 화제리 826-1번지,48330,32028,0,0826,0001,1264100114076,,,,1,용도지역코드,UQA430,자연녹지지역,1,0,,자연녹지지역,20221008
경상남도 양산시 원동면 화제리 826-1번지,48330,32028,0,0826,0001,1264100114076,,,,1,용도지역코드,UHC100,공장입지금지지역,0,0,,공장입지금지지역,20221008
경상남도 양산시 원동면 화제리 826-1번지,48330,32028,0,0826,0001,1264100114076,,,,1,용도지역코드,UMN200,배출시설설치제한지역,0,0,,배출시설설치제한지역,20221008
경상남도 양산시 원동면 화제리 826-1번지,48330,32028,0,0826,0001,1264100113296,,,,1,용도지역코드,UQA430,자연녹지지역,1,0,,자연녹지지역,20221008
경상남도 양산시 원동면 화제리 826-1번지,48330,32028,0,0826,0001,1264100113296,,,,1,용도지역코드,UHC100,공장입지금지지역,0,0,,공장입지금지지역,20221008
경상남도 양산시 원동면 화제리 826-1번지,48330,32028,0,0826,0001,1264100113296,,,,1,용도지역코드,UMN200,배출시설설치제한지역,0,0,,배출시설설치제한지역,20221008
경상남도 양산시 원동면 화제리 826-4번지,48330,32028,0,0826,0004,12644621,,,,1,용도지역코드,1330,자연녹지지역,1,0,,자연녹지지역,20221008
경상남도 양산시 원동면 화제리 827번지,48330,32028,0,0827,0000,1264100069519,,,,1,용도지역코드,UQA430,자연녹지지역,1,0,,자연녹지지역,20221008
경상남도 양산시 원동면 화제리 827번지,48330,32028,0,0827,0000,1264100069519,,,,1,용도지역코드,UMN200,배출시설설치제한지역,0,0,,배출시설설치제한지역,20221008
경상남도 양산시 원동면 화제리 827번지,48330,32028,0,0827,0000,1264100038032,,,,1,용도지역코드,UQA430,자연녹지지역,1,0,,자연녹지지역,20221008
경상남도 양산시 원동면 화제리 827번지,48330,32028,0,0827,0000,1264100038032,,,,1,용도지역코드,UFM110,임업용산지,0,0,,임업용산지,20221008
경상남도 양산시 원동면 화제리 827번지,48330,32028,0,0827,0000,1264100038032,,,,1,용도지역코드,UMN200,배출시설설치제한지역,0,0,,배출시설설치제한지역,20221008
경상남도 양산시 원동면 화제리 828-3번지,48330,32028,0,0828,0003,12647540,,,,1,용도지역코드,1330,자연녹지지역,1,0,,자연녹지지역,20221008
경상남도 양산시 원동면 화제리 828-3번지,48330,32028,0,0828,0003,12647540,,,,3,용도구역코드,010,도시계획구역,1,0,,도시계획구역,20221008
경상남도 양산시 원동면 화제리 830번지,48330,32028,0,0830,0000,1000000000000000624938,,,,3,용도구역코드,UMZ100,가축사육제한구역,1,0,,가축사육제한구역,20250729
경상남도 양산시 원동면 화제리 830번지,48330,32028,0,0830,0000,1000000000000000624938,,,,1,용도지역코드,UQA430,자연녹지지역,1,0,,자연녹지지역,20250729
경상남도 양산시 원동면 화제리 856-13번지,48330,32028,0,0856,0013,1264100139026,,,,1,용도지역코드,UQA430,자연녹지지역,1,0,,자연녹지지역,20221008
경상남도 양산시 원동면 화제리 856-13번지,48330,32028,0,0856,0013,1264100139026,,,,1,용도지역코드,UFM110,임업용산지,0,0,,임업용산지,20221008
경상남도 양산시 원동면 화제리 856-13번지,48330,32028,0,0856,0013,1264100139026,,,,1,용도지역코드,UMN200,배출시설설치제한지역,0,0,,배출시설설치제한지역,20221008
경상남도 양산시 원동면 화제리 864-2번지,48330,32028,0,0864,0002,1000000000000000995809,,,,1,용도지역코드,UQA410,보전녹지지역,1,0,,보전녹지지역,20260715
경상남도 양산시 원동면 화제리 864-4번지,48330,32028,0,0864,0004,1000000000000000974891,,,,1,용도지역코드,UQA410,보전녹지지역,1,0,,보전녹지지역,20260618
경상남도 양산시 원동면 화제리 864-5번지,48330,32028,0,0864,0005,1000000000000000304257,,,,1,용도지역코드,UQA410,보전녹지지역,1,0,,보전녹지지역,20230530
경상남도 양산시 원동면 화제리 864-5번지,48330,32028,0,0864,0005,1000000000000000304257,,,,1,용도지역코드,UM1100,공장설립제한지역,0,0,,공장설립제한지역,20230530
경상남도 양산시 원동면 화제리 864-5번지,48330,32028,0,0864,0005,1000000000000000304257,,,,3,용도구역코드,UMZ100,가축사육제한구역,1,0,,가축사육제한구역,20230530
경상남도 양산시 원동면 화제리 864-5번지,48330,32028,0,0864,0005,1000000000000000304257,,,,1,용도지역코드,UMN200,배출시설설치제한지역,0,0,,배출시설설치제한지역,20230530
경상남도 양산시 원동면 화제리 864-8번지,48330,32028,0,0864,0008,1000000000000000297610,,,,1,용도지역코드,UQA410,보전녹지지역,1,0,,보전녹지지역,20230519
경상남도 양산시 원동면 화제리 864-11번지,48330,32028,0,0864,0011,1000000000000000295663,,,,1,용도지역코드,UQA410,보전녹지지역,1,0,,보전녹지지역,20230517
경상남도 양산시 원동면 화제리 864-11번지,48330,32028,0,0864,0011,1000000000000000295663,,,,1,용도지역코드,UM1100,공장설립제한지역,0,0,,공장설립제한지역,20230517
경상남도 양산시 원동면 화제리 864-11번지,48330,32028,0,0864,0011,1000000000000000295663,,,,1,용도지역코드,UMN200,배출시설설치제한지역,0,0,,배출시설설치제한지역,20230517
경상남도 양산시 원동면 화제리 864-11번지,48330,32028,0,0864,0011,1000000000000000295663,,,,3,용도구역코드,UMZ100,가축사육제한구역,1,0,,가축사육제한구역,20230517
경상남도 양산시 원동면 화제리 864-12번지,48330,32028,0,0864,0012,1000000000000000997474,,,,1,용도지역코드,UQA410,보전녹지지역,1,0,,보전녹지지역,20260720
경상남도 양산시 원동면 화제리 864-12번지,48330,32028,0,0864,0012,1264100119459,,,,1,용도지역코드,UQA410,보전녹지지역,1,0,,보전녹지지역,20260720
경상남도 양산시 원동면 화제리 864-12번지,48330,32028,0,0864,0012,1264100119459,,,,1,용도지역코드,UFM120,공익용산지,0,0,,공익용산지,20260720
경상남도 양산시 원동면 화제리 864-12번지,48330,32028,0,0864,0012,1264100119459,,,,1,용도지역코드,UMN200,배출시설설치제한지역,0,0,,배출시설설치제한지역,20260720
경상남도 양산시 원동면 화제리 864-14번지,48330,32028,0,0864,0014,1000000000000000965974,,,,1,용도지역코드,UFM120,공익용산지,0,0,,공익용산지,20260610
경상남도 양산시 원동면 화제리 864-14번지,48330,32028,0,0864,0014,1264100157430,,,,3,용도구역코드,UMZ100,가축사육제한구역,1,0,,가축사육제한구역,20260610
경상남도 양산시 원동면 화제리 864-14번지,48330,32028,0,0864,0014,1000000000000000965974,,,,1,용도지역코드,UQA410,보전녹지지역,1,0,,보전녹지지역,20260610
경상남도 양산시 원동면 화제리 864-14번지,48330,32028,0,0864,0014,1264100157430,,,,1,용도지역코드,UM1100,공장설립제한지역,0,0,,공장설립제한지역,20260610
경상남도 양산시 원동면 화제리 864-14번지,48330,32028,0,0864,0014,1264100157430,,,,1,용도지역코드,UQA410,보전녹지지역,1,0,,보전녹지지역,20260610
경상남도 양산시 원동면 화제리 864-14번지,48330,32028,0,0864,0014,1000000000000000965974,,,,3,용도구역코드,UMZ100,가축사육제한구역,1,0,,가축사육제한구역,20260610
경상남도 양산시 원동면 화제리 864-14번지,48330,32028,0,0864,0014,1000000000000000965974,,,,1,용도지역코드,UM1100,공장설립제한지역,0,0,,공장설립제한지역,20260610
경상남도 양산시 원동면 화제리 864-14번지,48330,32028,0,0864,0014,1000000000000000965974,,,,1,용도지역코드,UMN200,배출시설설치제한지역,0,0,,배출시설설치제한지역,20260610
경상남도 양산시 원동면 화제리 864-14번지,48330,32028,0,0864,0014,1264100157430,,,,1,용도지역코드,UMZ100,가축사육제한구역,0,0,,가축사육제한구역,20260610
경상남도 양산시 원동면 화제리 864-17번지,48330,32028,0,0864,0017,1000000000000000306444,,,,3,용도구역코드,UMZ100,가축사육제한구역,1,0,,가축사육제한구역,20260402
경상남도 양산시 원동면 화제리 864-17번지,48330,32028,0,0864,0017,1000000000000000306444,,,,1,용도지역코드,UMN200,배출시설설치제한지역,0,0,,배출시설설치제한지역,20260402
경상남도 양산시 원동면 화제리 864-17번지,48330,32028,0,0864,0017,1000000000000000306444,,,,1,용도지역코드,UQA410,보전녹지지역,1,0,,보전녹지지역,20260402
경상남도 양산시 원동면 화제리 864-17번지,48330,32028,0,0864,0017,1000000000000000306444,,,,1,용도지역코드,UM1100,공장설립제한지역,0,0,,공장설립제한지역,20260402
경상남도 양산시 원동면 화제리 864-20번지,48330,32028,0,0864,0020,1000000000000000900304,,,,1,용도지역코드,UQA410,보전녹지지역,1,0,,보전녹지지역,20260310
경상남도 양산시 원동면 화제리 864-20번지,48330,32028,0,0864,0020,1000000000000000900304,,,,3,용도구역코드,UMZ100,가축사육제한구역,1,0,,가축사육제한구역,20260310
경상남도 양산시 원동면 화제리 865-2번지,48330,32028,0,0865,0002,1000000000000000895576,,,,3,용도구역코드,UMZ100,가축사육제한구역,1,0,,가축사육제한구역,20260227
경상남도 양산시 원동면 화제리 865-2번지,48330,32028,0,0865,0002,1000000000000000895576,,,,1,용도지역코드,UQA430,자연녹지지역,1,0,,자연녹지지역,20260227
경상남도 양산시 원동면 화제리 885번지,48330,32028,0,0885,0000,1000000000000000923650,,,,1,용도지역코드,UQA430,자연녹지지역,1,0,,자연녹지지역,20260410
경상남도 양산시 원동면 화제리 885번지,48330,32028,0,0885,0000,1000000000000000923650,,,,3,용도구역코드,UMZ100,가축사육제한구역,1,0,,가축사육제한구역,20260410
경상남도 양산시 원동면 화제리 885번지,48330,32028,0,0885,0000,1000000000000000283928,,,,1,용도지역코드,UM1100,공장설립제한지역,0,0,,공장설립제한지역,20230428
경상남도 양산시 원동면 화제리 885번지,48330,32028,0,0885,0000,1000000000000000283928,,,,3,용도구역코드,UMZ100,가축사육제한구역,1,0,,가축사육제한구역,20230428
경상남도 양산시 원동면 화제리 885번지,48330,32028,0,0885,0000,1000000000000000283928,,,,1,용도지역코드,UQA430,자연녹지지역,1,0,,자연녹지지역,20230428
경상남도 양산시 원동면 화제리 885번지,48330,32028,0,0885,0000,1000000000000000283928,,,,1,용도지역코드,UMN200,배출시설설치제한지역,0,0,,배출시설설치제한지역,20230428
경상남도 양산시 원동면 화제리 889-1번지,48330,32028,0,0889,0001,1264100060153,,,,1,용도지역코드,UQA430,자연녹지지역,1,0,,자연녹지지역,20221008
경상남도 양산시 원동면 화제리 889-4번지,48330,32028,0,0889,0004,1264100111556,,,,1,용도지역코드,UQA430,자연녹지지역,1,0,,자연녹지지역,20221008
경상남도 양산시 원동면 화제리 889-4번지,48330,32028,0,0889,0004,1264100111556,,,,1,용도지역코드,UMN200,배출시설설치제한지역,0,0,,배출시설설치제한지역,20221008
경상남도 양산시 원동면 화제리 889-4번지,48330,32028,0,0889,0004,1264100111556,,,,3,용도구역코드,UMZ100,가축사육제한구역,1,0,,가축사육제한구역,20221008
경상남도 양산시 원동면 화제리 891번지,48330,32028,0,0891,0000,1264100131343,,,,1,용도지역코드,UQA430,자연녹지지역,1,0,,자연녹지지역,20221008
경상남도 양산시 원동면 화제리 891번지,48330,32028,0,0891,0000,1264100131343,,,,1,용도지역코드,UM1100,공장설립제한지역,0,0,,공장설립제한지역,20221008
경상남도 양산시 원동면 화제리 891번지,48330,32028,0,0891,0000,1264100131343,,,,1,용도지역코드,UMN200,배출시설설치제한지역,0,0,,배출시설설치제한지역,20221008
경상남도 양산시 원동면 화제리 891번지,48330,32028,0,0891,0000,1264100131343,,,,3,용도구역코드,UMZ100,가축사육제한구역,1,0,,가축사육제한구역,20221008
경상남도 양산시 원동면 화제리 891번지,48330,32028,0,0891,0000,1264100131344,,,,1,용도지역코드,UQA430,자연녹지지역,1,0,,자연녹지지역,20221103
경상남도 양산시 원동면 화제리 891번지,48330,32028,0,0891,0000,1264100131344,,,,1,용도지역코드,UM1100,공장설립제한지역,0,0,,공장설립제한지역,20221103
경상남도 양산시 원동면 화제리 891번지,48330,32028,0,0891,0000,1264100131344,,,,1,용도지역코드,UMN200,배출시설설치제한지역,0,0,,배출시설설치제한지역,20221103
경상남도 양산시 원동면 화제리 891번지,48330,32028,0,0891,0000,1264100131344,,,,3,용도구역코드,UMZ100,가축사육제한구역,1,0,,가축사육제한구역,20221103
경상남도 양산시 원동면 화제리 904번지,48330,32028,0,0904,0000,1264100113618,,,,1,용도지역코드,UQA430,자연녹지지역,1,0,,자연녹지지역,20221008
경상남도 양산시 원동면 화제리 904번지,48330,32028,0,0904,0000,1264100148772,,,,1,용도지역코드,UQA430,자연녹지지역,1,0,,자연녹지지역,20241223
경상남도 양산시 원동면 화제리 904번지,48330,32028,0,0904,0000,1000000000000000641834,,,,1,용도지역코드,UQA430,자연녹지지역,1,0,,자연녹지지역,20241224
경상남도 양산시 원동면 화제리 913-2번지,48330,32028,0,0913,0002,1264100080039,,,,1,용도지역코드,UQA430,자연녹지지역,1,0,,자연녹지지역,20221008
경상남도 양산시 원동면 화제리 913-2번지,48330,32028,0,0913,0002,1264100143424,,,,1,용도지역코드,UQA430,자연녹지지역,1,0,,자연녹지지역,20221008
경상남도 양산시 원동면 화제리 913-4번지,48330,32028,0,0913,0004,1264100137043,,,,1,용도지역코드,UQA430,자연녹지지역,1,0,,자연녹지지역,20221008
경상남도 양산시 원동면 화제리 913-8번지,48330,32028,0,0913,0008,1264100096867,,,,1,용도지역코드,UQA430,자연녹지지역,1,0,,자연녹지지역,20221008
경상남도 양산시 원동면 화제리 913-8번지,48330,32028,0,0913,0008,1264100083924,,,,1,용도지역코드,UQA430,자연녹지지역,1,0,,자연녹지지역,20221008
경상남도 양산시 원동면 화제리 913-9번지,48330,32028,0,0913,0009,1264100083923,,,,1,용도지역코드,UQA430,자연녹지지역,1,0,,자연녹지지역,20221008
경상남도 양산시 원동면 화제리 913-9번지,48330,32028,0,0913,0009,1264100146203,,,,1,용도지역코드,UQA430,자연녹지지역,1,0,,자연녹지지역,20221008
경상남도 양산시 원동면 화제리 913-9번지,48330,32028,0,0913,0009,1264100137664,,,,1,용도지역코드,UQA430,자연녹지지역,1,0,,자연녹지지역,20221008
경상남도 양산시 원동면 화제리 913-9번지,48330,32028,0,0913,0009,1264100103734,,,,1,용도지역코드,UQA430,자연녹지지역,1,0,,자연녹지지역,20221008
경상남도 양산시 원동면 화제리 942-2번지,48330,32028,0,0942,0002,1264100153133,,,,1,용도지역코드,UQA430,자연녹지지역,1,0,,자연녹지지역,20221008
경상남도 양산시 원동면 화제리 942-2번지,48330,32028,0,0942,0002,1264100153133,,,,1,용도지역코드,UMN200,배출시설설치제한지역,0,0,,배출시설설치제한지역,20221008
경상남도 양산시 원동면 화제리 942-5번지,48330,32028,0,0942,0005,1264100102533,,,,1,용도지역코드,UMN200,배출시설설치제한지역,,,,배출시설설치제한지역,20221008
경상남도 양산시 원동면 화제리 942-5번지,48330,32028,0,0942,0005,1264100102533,,,,1,용도지역코드,UQA430,자연녹지지역,1,0,,자연녹지지역,20221008
경상남도 양산시 원동면 화제리 951번지,48330,32028,0,0951,0000,1000000000000000917638,,,,1,용도지역코드,UQA430,자연녹지지역,1,0,,자연녹지지역,20260402
경상남도 양산시 원동면 화제리 951번지,48330,32028,0,0951,0000,1000000000000000917638,,,,3,용도구역코드,UMZ100,가축사육제한구역,1,0,,가축사육제한구역,20260402
경상남도 양산시 원동면 화제리 951-1번지,48330,32028,0,0951,0001,1264100104034,,,,1,용도지역코드,UMN200,배출시설설치제한지역,,,,배출시설설치제한지역,20221008
경상남도 양산시 원동면 화제리 951-1번지,48330,32028,0,0951,0001,1264100104034,,,,1,용도지역코드,UQA430,자연녹지지역,1,0,,자연녹지지역,20221008
경상남도 양산시 원동면 화제리 951-4번지,48330,32028,0,0951,0004,1264100104475,,,,1,용도지역코드,UQA430,자연녹지지역,1,0,,자연녹지지역,20221008
경상남도 양산시 원동면 화제리 956번지,48330,32028,0,0956,0000,1000000000000000422578,,,,1,용도지역코드,UQA430,자연녹지지역,1,0,,자연녹지지역,20251114
경상남도 양산시 원동면 화제리 956-5번지,48330,32028,0,0956,0005,1000000000000000406581,,,,1,용도지역코드,UQA430,자연녹지지역,1,0,,자연녹지지역,20231109
경상남도 양산시 원동면 화제리 956-5번지,48330,32028,0,0956,0005,1000000000000000406581,,,,1,용도지역코드,UM1100,공장설립제한지역,0,0,,공장설립제한지역,20231109
경상남도 양산시 원동면 화제리 956-5번지,48330,32028,0,0956,0005,1000000000000000406581,,,,3,용도구역코드,UMZ100,가축사육제한구역,1,0,,가축사육제한구역,20231109
경상남도 양산시 원동면 화제리 956-5번지,48330,32028,0,0956,0005,1000000000000000406581,,,,1,용도지역코드,UMN200,배출시설설치제한지역,0,0,,배출시설설치제한지역,20231109
경상남도 양산시 원동면 화제리 956-9번지,48330,32028,0,0956,0009,1000000000000000422577,,,,1,용도지역코드,UQA430,자연녹지지역,1,0,,자연녹지지역,20250131
경상남도 양산시 원동면 화제리 956-12번지,48330,32028,0,0956,0012,1000000000000000879665,,,,1,용도지역코드,UQA430,자연녹지지역,1,0,,자연녹지지역,20260123
경상남도 양산시 원동면 화제리 956-12번지,48330,32028,0,0956,0012,1000000000000000843233,,,,1,용도지역코드,UQA430,자연녹지지역,1,0,,자연녹지지역,20251118
경상남도 양산시 원동면 화제리 956-12번지,48330,32028,0,0956,0012,1000000000000000843233,,,,3,용도구역코드,UMZ100,가축사육제한구역,1,0,,가축사육제한구역,20251118
경상남도 양산시 원동면 화제리 956-12번지,48330,32028,0,0956,0012,1000000000000000843233,,,,1,용도지역코드,UMN200,배출시설설치제한지역,0,0,,배출시설설치제한지역,20251118
경상남도 양산시 원동면 화제리 961-1번지,48330,32028,0,0961,0001,1264100091961,,,,1,용도지역코드,UQA430,자연녹지지역,1,0,,자연녹지지역,20221008
경상남도 양산시 원동면 화제리 961-3번지,48330,32028,0,0961,0003,1000000000000001011047,,,,2,용도지구코드,UQM110,자연취락지구,1,0,,자연취락지구,20260810
경상남도 양산시 원동면 화제리 961-3번지,48330,32028,0,0961,0003,1000000000000001011047,,,,1,용도지역코드,UQA430,자연녹지지역,1,0,,자연녹지지역,20260810
경상남도 양산시 원동면 화제리 988번지,48330,32028,0,0988,0000,1264100121839,,,,1,용도지역코드,UMN200,배출시설설치제한지역,0,0,,배출시설설치제한지역,20221008
경상남도 양산시 원동면 화제리 988번지,48330,32028,0,0988,0000,1264100121839,,,,2,용도지구코드,UQM110,자연취락지구,1,0,,자연취락지구,20221008
경상남도 양산시 원동면 화제리 988번지,48330,32028,0,0988,0000,1264100121839,,,,1,용도지역코드,UQA430,자연녹지지역,1,0,,자연녹지지역,20221008
경상남도 양산시 원동면 화제리 990번지,48330,32028,0,0990,0000,1264100044786,,,,1,용도지역코드,UQA430,자연녹지지역,1,0,,자연녹지지역,20221008
경상남도 양산시 원동면 화제리 990번지,48330,32028,0,0990,0000,1264100044786,,,,2,용도지구코드,UQM110,자연취락지구,1,0,,자연취락지구,20221008
경상남도 양산시 원동면 화제리 1001번지,48330,32028,0,1001,0000,12647507,,,,1,용도지역코드,1330,자연녹지지역,1,0,,자연녹지지역,20221008
경상남도 양산시 원동면 화제리 1001번지,48330,32028,0,1001,0000,12647507,,,,2,용도지구코드,011,자연취락지구,1,0,,자연취락지구,20221008
경상남도 양산시 원동면 화제리 1001번지,48330,32028,0,1001,0000,12647513,,,,1,용도지역코드,1330,자연녹지지역,1,0,,자연녹지지역,20221008
경상남도 양산시 원동면 화제리 1001번지,48330,32028,0,1001,0000,12647513,,,,2,용도지구코드,011,자연취락지구,1,0,,자연취락지구,20221008
경상남도 양산시 원동면 화제리 1001번지,48330,32028,0,1001,0000,1264100152190,,,,1,용도지역코드,UQA430,자연녹지지역,1,0,,자연녹지지역,20221008
경상남도 양산시 원동면 화제리 1001번지,48330,32028,0,1001,0000,1264100152190,,,,2,용도지구코드,UQM110,자연취락지구,1,0,,자연취락지구,20221008
경상남도 양산시 원동면 화제리 1001번지,48330,32028,0,1001,0000,1264100152190,,,,3,용도구역코드,UMZ100,가축사육제한구역,1,0,,가축사육제한구역,20221008
경상남도 양산시 원동면 화제리 1001번지,48330,32028,0,1001,0000,1264100016877,,,,1,용도지역코드,1330,자연녹지지역,1,0,,자연녹지지역,20221008
경상남도 양산시 원동면 화제리 1001번지,48330,32028,0,1001,0000,1264100016877,,,,2,용도지구코드,011,자연취락지구,1,0,,자연취락지구,20221008
경상남도 양산시 원동면 화제리 1007번지,48330,32028,0,1007,0000,1000000000000000778093,,,,1,용도지역코드,UMN200,배출시설설치제한지역,0,0,,배출시설설치제한지역,20250805
경상남도 양산시 원동면 화제리 1007번지,48330,32028,0,1007,0000,1000000000000000778093,,,,1,용도지역코드,UQA430,자연녹지지역,1,0,,자연녹지지역,20250805
경상남도 양산시 원동면 화제리 1007번지,48330,32028,0,1007,0000,1000000000000000778093,,,,2,용도지구코드,UQM110,자연취락지구,1,0,,자연취락지구,20250805
경상남도 양산시 원동면 화제리 1014번지,48330,32028,0,1014,0000,1264100060613,,,,1,용도지역코드,UQA430,자연녹지지역,1,0,,자연녹지지역,20221008
경상남도 양산시 원동면 화제리 1014번지,48330,32028,0,1014,0000,1264100060613,,,,2,용도지구코드,UQM110,자연취락지구,1,0,,자연취락지구,20221008
경상남도 양산시 원동면 화제리 1014-1번지,48330,32028,0,1014,0001,1264100060614,,,,1,용도지역코드,UQA430,자연녹지지역,1,0,,자연녹지지역,20221008
경상남도 양산시 원동면 화제리 1014-1번지,48330,32028,0,1014,0001,1264100060614,,,,2,용도지구코드,UQM110,자연취락지구,1,0,,자연취락지구,20221008
경상남도 양산시 원동면 화제리 1016번지,48330,32028,0,1016,0000,1000000000000000337286,,,,1,용도지역코드,UQA430,자연녹지지역,1,0,,자연녹지지역,20230714
경상남도 양산시 원동면 화제리 1016번지,48330,32028,0,1016,0000,1000000000000000337286,,,,3,용도구역코드,UMZ100,가축사육제한구역,1,0,,가축사육제한구역,20230714
경상남도 양산시 원동면 화제리 1016번지,48330,32028,0,1016,0000,1000000000000000337286,,,,2,용도지구코드,UQM110,자연취락지구,1,0,,자연취락지구,20230714
경상남도 양산시 원동면 화제리 1016번지,48330,32028,0,1016,0000,1000000000000000337286,,,,1,용도지역코드,UMN200,배출시설설치제한지역,0,0,,배출시설설치제한지역,20230714
경상남도 양산시 원동면 화제리 1016번지,48330,32028,0,1016,0000,1000000000000000337286,,,,1,용도지역코드,UM1100,공장설립제한지역,0,0,,공장설립제한지역,20230714
경상남도 양산시 원동면 화제리 1016번지,48330,32028,0,1016,0000,1000000000000000417005,,,,2,용도지구코드,UQM110,자연취락지구,1,0,,자연취락지구,20231123
경상남도 양산시 원동면 화제리 1016번지,48330,32028,0,1016,0000,1000000000000000417005,,,,1,용도지역코드,UMN200,배출시설설치제한지역,0,0,,배출시설설치제한지역,20231123
경상남도 양산시 원동면 화제리 1016번지,48330,32028,0,1016,0000,1000000000000000417005,,,,1,용도지역코드,UQA430,자연녹지지역,1,0,,자연녹지지역,20231123
경상남도 양산시 원동면 화제리 1016번지,48330,32028,0,1016,0000,1000000000000000417022,,,,1,용도지역코드,UQA430,자연녹지지역,1,0,,자연녹지지역,20240402
경상남도 양산시 원동면 화제리 1016번지,48330,32028,0,1016,0000,1000000000000000417022,,,,1,용도지역코드,UMN200,배출시설설치제한지역,0,0,,배출시설설치제한지역,20240402
경상남도 양산시 원동면 화제리 1016번지,48330,32028,0,1016,0000,1000000000000000417022,,,,2,용도지구코드,UQM110,자연취락지구,1,0,,자연취락지구,20240402
경상남도 양산시 원동면 화제리 1016번지,48330,32028,0,1016,0000,1264100146643,,,,1,용도지역코드,UQA430,자연녹지지역,1,0,,자연녹지지역,20230626
경상남도 양산시 원동면 화제리 1016번지,48330,32028,0,1016,0000,1264100146643,,,,2,용도지구코드,UQM110,자연취락지구,1,0,,자연취락지구,20230626
경상남도 양산시 원동면 화제리 1017번지,48330,32028,0,1017,0000,1264100113798,,,,1,용도지역코드,UQA430,자연녹지지역,1,0,,자연녹지지역,20221008
경상남도 양산시 원동면 화제리 1017번지,48330,32028,0,1017,0000,1264100113798,,,,1,용도지역코드,UMN200,배출시설설치제한지역,0,0,,배출시설설치제한지역,20221008
경상남도 양산시 원동면 화제리 1026번지,48330,32028,0,1026,0000,1000000000000000873932,,,,1,용도지역코드,UQA430,자연녹지지역,1,0,,자연녹지지역,20260113
경상남도 양산시 원동면 화제리 1026번지,48330,32028,0,1026,0000,1264100089861,,,,1,용도지역코드,UMN200,배출시설설치제한지역,,,,배출시설설치제한지역,20221008
경상남도 양산시 원동면 화제리 1026번지,48330,32028,0,1026,0000,1264100089861,,,,1,용도지역코드,UQA430,자연녹지지역,1,0,,자연녹지지역,20221008
경상남도 양산시 원동면 화제리 1026-1번지,48330,32028,0,1026,0001,1264100089261,,,,1,용도지역코드,UMN200,배출시설설치제한지역,,,,배출시설설치제한지역,20221008
경상남도 양산시 원동면 화제리 1026-1번지,48330,32028,0,1026,0001,1264100089261,,,,1,용도지역코드,UQA430,자연녹지지역,1,0,,자연녹지지역,20221008
경상남도 양산시 원동면 화제리 1026-1번지,48330,32028,0,1026,0001,1000000000000000874462,,,,1,용도지역코드,UQA430,자연녹지지역,1,0,,자연녹지지역,20260114
경상남도 양산시 원동면 화제리 1026-3번지,48330,32028,0,1026,0003,1000000000000000729425,,,,1,용도지역코드,UQA430,자연녹지지역,1,0,,자연녹지지역,20250520
경상남도 양산시 원동면 화제리 1026-4번지,48330,32028,0,1026,0004,1000000000000000848961,,,,3,용도구역코드,UMZ100,가축사육제한구역,1,0,,가축사육제한구역,20251126
경상남도 양산시 원동면 화제리 1026-4번지,48330,32028,0,1026,0004,1000000000000000848961,,,,1,용도지역코드,UQA430,자연녹지지역,1,0,,자연녹지지역,20251126
경상남도 양산시 원동면 화제리 1026-5번지,48330,32028,0,1026,0005,1000000000000000843210,,,,1,용도지역코드,UM1100,공장설립제한지역,0,0,,공장설립제한지역,20260520
경상남도 양산시 원동면 화제리 1026-5번지,48330,32028,0,1026,0005,1000000000000000843210,,,,1,용도지역코드,UMN200,배출시설설치제한지역,0,0,,배출시설설치제한지역,20260520
경상남도 양산시 원동면 화제리 1026-5번지,48330,32028,0,1026,0005,1000000000000000843210,,,,3,용도구역코드,UMZ100,가축사육제한구역,1,0,,가축사육제한구역,20260520
경상남도 양산시 원동면 화제리 1026-5번지,48330,32028,0,1026,0005,1000000000000000843210,,,,1,용도지역코드,UQA430,자연녹지지역,1,0,,자연녹지지역,20260520
경상남도 양산시 원동면 화제리 1026-5번지,48330,32028,0,1026,0005,1264100096448,,,,1,용도지역코드,UMN200,배출시설설치제한지역,,,,배출시설설치제한지역,20221008
경상남도 양산시 원동면 화제리 1026-5번지,48330,32028,0,1026,0005,1264100096448,,,,1,용도지역코드,UQA430,자연녹지지역,1,0,,자연녹지지역,20221008
경상남도 양산시 원동면 화제리 1031번지,48330,32028,0,1031,0000,1264100096787,,,,1,용도지역코드,UMN200,배출시설설치제한지역,,,,배출시설설치제한지역,20221008
경상남도 양산시 원동면 화제리 1031번지,48330,32028,0,1031,0000,1264100096787,,,,1,용도지역코드,UQA430,자연녹지지역,1,0,,자연녹지지역,20221008
경상남도 양산시 원동면 화제리 1037번지,48330,32028,0,1037,0000,1264100153454,,,,1,용도지역코드,UQA430,자연녹지지역,1,0,,자연녹지지역,20221008
경상남도 양산시 원동면 화제리 1037번지,48330,32028,0,1037,0000,1264100153454,,,,1,용도지역코드,UMN200,배출시설설치제한지역,0,0,,배출시설설치제한지역,20221008
경상남도 양산시 원동면 화제리 1037번지,48330,32028,0,1037,0000,1264100153454,,,,2,용도지구코드,UQM110,자연취락지구,1,0,,자연취락지구,20221008
경상남도 양산시 원동면 화제리 1037번지,48330,32028,0,1037,0000,1264100153950,,,,1,용도지역코드,UQA430,자연녹지지역,1,0,,자연녹지지역,20221008
경상남도 양산시 원동면 화제리 1037번지,48330,32028,0,1037,0000,1264100153950,,,,1,용도지역코드,UMN200,배출시설설치제한지역,0,0,,배출시설설치제한지역,20221008
경상남도 양산시 원동면 화제리 1037번지,48330,32028,0,1037,0000,1264100153950,,,,2,용도지구코드,UQM110,자연취락지구,1,0,,자연취락지구,20221008
경상남도 양산시 원동면 화제리 1041번지,48330,32028,0,1041,0000,1264100114396,,,,1,용도지역코드,UQA430,자연녹지지역,1,0,,자연녹지지역,20221008
경상남도 양산시 원동면 화제리 1041번지,48330,32028,0,1041,0000,1264100114396,,,,2,용도지구코드,UQM110,자연취락지구,1,0,,자연취락지구,20221008
경상남도 양산시 원동면 화제리 1074-5번지,48330,32028,0,1074,0005,1000000000000000759846,,,,3,용도구역코드,UMZ100,가축사육제한구역,1,0,,가축사육제한구역,20250825
경상남도 양산시 원동면 화제리 1074-5번지,48330,32028,0,1074,0005,1000000000000000759846,,,,1,용도지역코드,UQA430,자연녹지지역,1,0,,자연녹지지역,20250825
경상남도 양산시 원동면 화제리 1088번지,48330,32028,0,1088,0000,1000000000000000823587,,,,1,용도지역코드,UQA410,보전녹지지역,1,0,,보전녹지지역,20251017
경상남도 양산시 원동면 화제리 1090번지,48330,32028,0,1090,0000,1264100110776,,,,1,용도지역코드,UQA430,자연녹지지역,1,0,,자연녹지지역,20221008
경상남도 양산시 원동면 화제리 1090번지,48330,32028,0,1090,0000,1264100110776,,,,1,용도지역코드,UMN200,배출시설설치제한지역,0,0,,배출시설설치제한지역,20221008
경상남도 양산시 원동면 화제리 1090-3번지,48330,32028,0,1090,0003,1264100153732,,,,1,용도지역코드,UQA430,자연녹지지역,1,0,,자연녹지지역,20221008
경상남도 양산시 원동면 화제리 1090-3번지,48330,32028,0,1090,0003,1264100153732,,,,1,용도지역코드,UMN200,배출시설설치제한지역,0,0,,배출시설설치제한지역,20221008
경상남도 양산시 원동면 화제리 1090-3번지,48330,32028,0,1090,0003,1264100153732,,,,1,용도지역코드,UM2100,공장설립승인지역,0,0,,공장설립승인지역,20221008
경상남도 양산시 원동면 화제리 1090-4번지,48330,32028,0,1090,0004,1000000000000000789454,,,,1,용도지역코드,UQA430,자연녹지지역,1,0,,자연녹지지역,20250825
경상남도 양산시 원동면 화제리 1098번지,48330,32028,0,1098,0000,1264100100573,,,,1,용도지역코드,UMN200,배출시설설치제한지역,,,,배출시설설치제한지역,20221008
경상남도 양산시 원동면 화제리 1098번지,48330,32028,0,1098,0000,1264100100573,,,,1,용도지역코드,UQA430,자연녹지지역,1,0,,자연녹지지역,20221008
경상남도 양산시 원동면 화제리 1103번지,48330,32028,0,1103,0000,1264100108621,,,,1,용도지역코드,UQA430,자연녹지지역,1,0,,자연녹지지역,20231102
경상남도 양산시 원동면 화제리 1103-1번지,48330,32028,0,1103,0001,1264100108258,,,,1,용도지역코드,UQA430,자연녹지지역,1,0,,자연녹지지역,20221008
경상남도 양산시 원동면 화제리 1103-2번지,48330,32028,0,1103,0002,1264100127402,,,,1,용도지역코드,UQA430,자연녹지지역,1,0,,자연녹지지역,20221008
경상남도 양산시 원동면 화제리 1103-2번지,48330,32028,0,1103,0002,1264100127402,,,,1,용도지역코드,UMN200,배출시설설치제한지역,0,0,,배출시설설치제한지역,20221008
경상남도 양산시 원동면 화제리 1103-4번지,48330,32028,0,1103,0004,1264100110119,,,,1,용도지역코드,UM2100,공장설립승인지역,,,,공장설립승인지역,20221008
경상남도 양산시 원동면 화제리 1103-4번지,48330,32028,0,1103,0004,1264100110119,,,,1,용도지역코드,UMN200,배출시설설치제한지역,,,,배출시설설치제한지역,20221008
경상남도 양산시 원동면 화제리 1103-4번지,48330,32028,0,1103,0004,1264100110119,,,,1,용도지역코드,UQA430,자연녹지지역,1,0,,자연녹지지역,20221008
경상남도 양산시 원동면 화제리 1103-5번지,48330,32028,0,1103,0005,1264100128981,,,,1,용도지역코드,UQA430,자연녹지지역,1,0,,자연녹지지역,20221008
경상남도 양산시 원동면 화제리 1103-6번지,48330,32028,0,1103,0006,1264100108622,,,,1,용도지역코드,UQA430,자연녹지지역,1,0,,자연녹지지역,20221008
경상남도 양산시 원동면 화제리 1109-1번지,48330,32028,0,1109,0001,1000000000000000685482,,,,1,용도지역코드,UQA430,자연녹지지역,1,0,,자연녹지지역,20250403
경상남도 양산시 원동면 화제리 1109-1번지,48330,32028,0,1109,0001,1000000000000000685482,,,,3,용도구역코드,UMZ100,가축사육제한구역,1,0,,가축사육제한구역,20250403
경상남도 양산시 원동면 화제리 1115-2번지,48330,32028,0,1115,0002,1264100082422,,,,1,용도지역코드,UQA430,자연녹지지역,1,0,,자연녹지지역,20221008
경상남도 양산시 원동면 화제리 1115-2번지,48330,32028,0,1115,0002,1264100082422,,,,1,용도지역코드,UMN200,배출시설설치제한지역,0,0,,배출시설설치제한지역,20221008
경상남도 양산시 원동면 화제리 1115-2번지,48330,32028,0,1115,0002,1264100016876,,,,1,용도지역코드,1330,자연녹지지역,1,0,,자연녹지지역,20221008
경상남도 양산시 원동면 화제리 1115-2번지,48330,32028,0,1115,0002,1264100008612,,,,1,용도지역코드,1330,자연녹지지역,1,0,,자연녹지지역,20221008
경상남도 양산시 원동면 화제리 1115-2번지,48330,32028,0,1115,0002,1264100034392,,,,1,용도지역코드,UQA430,자연녹지지역,1,0,,자연녹지지역,20221008
경상남도 양산시 원동면 화제리 1115-2번지,48330,32028,0,1115,0002,1264100034392,,,,1,용도지역코드,UMN200,배출시설설치제한지역,0,0,,배출시설설치제한지역,20221008
경상남도 양산시 원동면 화제리 1117-3번지,48330,32028,0,1117,0003,1264100059772,,,,1,용도지역코드,UQA430,자연녹지지역,1,0,,자연녹지지역,20221008
경상남도 양산시 원동면 화제리 1134번지,48330,32028,0,1134,0000,1264100137723,,,,1,용도지역코드,UQA430,자연녹지지역,1,0,,자연녹지지역,20221008
경상남도 양산시 원동면 화제리 1134번지,48330,32028,0,1134,0000,1264100137723,,,,3,용도구역코드,UMZ100,가축사육제한구역,1,0,,가축사육제한구역,20221008
경상남도 양산시 원동면 화제리 1138번지,48330,32028,0,1138,0000,1264100157850,,,,1,용도지역코드,UQA430,자연녹지지역,1,0,,자연녹지지역,20221008
경상남도 양산시 원동면 화제리 1138번지,48330,32028,0,1138,0000,1264100157850,,,,1,용도지역코드,UMN200,배출시설설치제한지역,0,0,,배출시설설치제한지역,20221008
경상남도 양산시 원동면 화제리 1138번지,48330,32028,0,1138,0000,1264100157850,,,,1,용도지역코드,UM2100,공장설립승인지역,0,0,,공장설립승인지역,20221008
경상남도 양산시 원동면 화제리 1138번지,48330,32028,0,1138,0000,1264100157850,,,,3,용도구역코드,UMZ100,가축사육제한구역,1,0,,가축사육제한구역,20221008
경상남도 양산시 원동면 화제리 1139번지,48330,32028,0,1139,0000,1000000000000000174766,,,,3,용도구역코드,UMZ100,가축사육제한구역,1,0,,가축사육제한구역,20221123
경상남도 양산시 원동면 화제리 1139번지,48330,32028,0,1139,0000,1000000000000000174766,,,,1,용도지역코드,UMN200,배출시설설치제한지역,0,0,,배출시설설치제한지역,20221123
경상남도 양산시 원동면 화제리 1139번지,48330,32028,0,1139,0000,1000000000000000174766,,,,1,용도지역코드,UM2100,공장설립승인지역,0,0,,공장설립승인지역,20221123
경상남도 양산시 원동면 화제리 1139번지,48330,32028,0,1139,0000,1000000000000000174766,,,,1,용도지역코드,UQA430,자연녹지지역,1,0,,자연녹지지역,20221123
경상남도 양산시 원동면 화제리 1145번지,48330,32028,0,1145,0000,1000000000000000794757,,,,1,용도지역코드,UQA430,자연녹지지역,1,0,,자연녹지지역,20250902
경상남도 양산시 원동면 화제리 1145번지,48330,32028,0,1145,0000,1264100135143,,,,1,용도지역코드,UQA430,자연녹지지역,1,0,,자연녹지지역,20250307
경상남도 양산시 원동면 화제리 1151-1번지,48330,32028,0,1151,0001,12643367,,,,1,용도지역코드,Z200,준농림지역,1,0,,준농림지역,20221008
경상남도 양산시 원동면 화제리 1151-1번지,48330,32028,0,1151,0001,1264901,경상남도 양산시 원동면 화제리,1151,1,1,용도지역코드,Z200,준농림지역,1,0,,준농림지역,20221008
경상남도 양산시 원동면 화제리 1153번지,48330,32028,0,1153,0000,1264100137388,,,,1,용도지역코드,UQA430,자연녹지지역,1,0,,자연녹지지역,20221008
경상남도 양산시 원동면 화제리 1155-67번지,48330,32028,0,1155,0067,1264100096546,,,,1,용도지역코드,UQA430,자연녹지지역,1,0,,자연녹지지역,20221008
경상남도 양산시 원동면 화제리 1155-67번지,48330,32028,0,1155,0067,1264100096546,,,,1,용도지역코드,UMN200,배출시설설치제한지역,0,0,,배출시설설치제한지역,20221008
경상남도 양산시 원동면 화제리 1155-68번지,48330,32028,0,1155,0068,1264100096547,,,,1,용도지역코드,UQA430,자연녹지지역,1,0,,자연녹지지역,20230308
경상남도 양산시 원동면 화제리 1155-68번지,48330,32028,0,1155,0068,1264100096547,,,,3,용도구역코드,UMZ100,가축사육제한구역,1,0,,가축사육제한구역,20230308
경상남도 양산시 원동면 화제리 1155-68번지,48330,32028,0,1155,0068,1264100096547,,,,1,용도지역코드,UMN200,배출시설설치제한지역,0,0,,배출시설설치제한지역,20230308
경상남도 양산시 원동면 화제리 1177-4번지,48330,32028,0,1177,0004,1264100082764,,,,1,용도지역코드,UMN200,배출시설설치제한지역,,,,배출시설설치제한지역,20221008
경상남도 양산시 원동면 화제리 1177-4번지,48330,32028,0,1177,0004,1264100082764,,,,1,용도지역코드,UQA430,자연녹지지역,1,0,,자연녹지지역,20221008
경상남도 양산시 원동면 화제리 1177-5번지,48330,32028,0,1177,0005,1000000000000000820757,,,,1,용도지역코드,UQA430,자연녹지지역,1,0,,자연녹지지역,20251014
경상남도 양산시 원동면 화제리 1177-5번지,48330,32028,0,1177,0005,1000000000000000820757,,,,3,용도구역코드,UMZ100,가축사육제한구역,1,0,,가축사육제한구역,20251014
경상남도 양산시 원동면 화제리 1177-7번지,48330,32028,0,1177,0007,1000000000000000758157,,,,1,용도지역코드,UQA430,자연녹지지역,1,0,,자연녹지지역,20250707
경상남도 양산시 원동면 화제리 1177-7번지,48330,32028,0,1177,0007,1000000000000000758157,,,,3,용도구역코드,UMZ100,가축사육제한구역,1,0,,가축사육제한구역,20250707
경상남도 양산시 원동면 화제리 1177-7번지,48330,32028,0,1177,0007,1264100121740,,,,1,용도지역코드,UQA430,자연녹지지역,1,0,,자연녹지지역,20250707
경상남도 양산시 원동면 화제리 1177-7번지,48330,32028,0,1177,0007,1264100121740,,,,1,용도지역코드,UMN200,배출시설설치제한지역,0,0,,배출시설설치제한지역,20250707
경상남도 양산시 원동면 화제리 1177-8번지,48330,32028,0,1177,0008,1000000000000000703720,,,,1,용도지역코드,UQA430,자연녹지지역,1,0,,자연녹지지역,20250415
경상남도 양산시 원동면 화제리 1177-8번지,48330,32028,0,1177,0008,1264100154210,,,,1,용도지역코드,UQA430,자연녹지지역,1,0,,자연녹지지역,20221008
경상남도 양산시 원동면 화제리 1177-8번지,48330,32028,0,1177,0008,1264100154210,,,,1,용도지역코드,UMN200,배출시설설치제한지역,0,0,,배출시설설치제한지역,20221008
경상남도 양산시 원동면 화제리 1177-12번지,48330,32028,0,1177,0012,1264100116679,,,,1,용도지역코드,UQA430,자연녹지지역,1,0,,자연녹지지역,20221008
경상남도 양산시 원동면 화제리 1177-12번지,48330,32028,0,1177,0012,1264100116679,,,,1,용도지역코드,UMN200,배출시설설치제한지역,0,0,,배출시설설치제한지역,20221008
경상남도 양산시 원동면 화제리 1177-14번지,48330,32028,0,1177,0014,1264100075917,,,,1,용도지역코드,UMN200,배출시설설치제한지역,,,,배출시설설치제한지역,20221008
경상남도 양산시 원동면 화제리 1177-14번지,48330,32028,0,1177,0014,1264100075917,,,,1,용도지역코드,UQA430,자연녹지지역,1,0,,자연녹지지역,20221008
경상남도 양산시 원동면 화제리 1177-17번지,48330,32028,0,1177,0017,1000000000000000820506,,,,3,용도구역코드,UMZ100,가축사육제한구역,1,0,,가축사육제한구역,20251014
경상남도 양산시 원동면 화제리 1177-17번지,48330,32028,0,1177,0017,1000000000000000820506,,,,1,용도지역코드,UQA430,자연녹지지역,1,0,,자연녹지지역,20251014
경상남도 양산시 원동면 화제리 1178번지,48330,32028,0,1178,0000,1000000000000000908062,,,,3,용도구역코드,UMZ100,가축사육제한구역,1,0,,가축사육제한구역,20260320
경상남도 양산시 원동면 화제리 1178번지,48330,32028,0,1178,0000,1000000000000000908062,,,,1,용도지역코드,UQA430,자연녹지지역,1,0,,자연녹지지역,20260320
경상남도 양산시 원동면 화제리 1180번지,48330,32028,0,1180,0000,1000000000000000747510,,,,1,용도지역코드,UQA430,자연녹지지역,1,0,,자연녹지지역,20250618
경상남도 양산시 원동면 화제리 1180번지,48330,32028,0,1180,0000,1000000000000000747510,,,,3,용도구역코드,UMZ100,가축사육제한구역,1,0,,가축사육제한구역,20250618
경상남도 양산시 원동면 화제리 1180번지,48330,32028,0,1180,0000,1264100117877,,,,1,용도지역코드,UQA430,자연녹지지역,1,0,,자연녹지지역,20221008
경상남도 양산시 원동면 화제리 1181번지,48330,32028,0,1181,0000,1264100112196,,,,1,용도지역코드,UQA430,자연녹지지역,1,0,,자연녹지지역,20221008
경상남도 양산시 원동면 화제리 1181번지,48330,32028,0,1181,0000,1264100112196,,,,1,용도지역코드,UMN200,배출시설설치제한지역,0,0,,배출시설설치제한지역,20221008
경상남도 양산시 원동면 화제리 1181번지,48330,32028,0,1181,0000,1264100067839,,,,1,용도지역코드,UMN200,배출시설설치제한지역,,,,배출시설설치제한지역,20221008
경상남도 양산시 원동면 화제리 1181번지,48330,32028,0,1181,0000,1264100067839,,,,1,용도지역코드,UQA430,자연녹지지역,1,0,,자연녹지지역,20221008
경상남도 양산시 원동면 화제리 1230번지,48330,32028,0,1230,0000,1000000000000000413384,,,,1,용도지역코드,UMN200,배출시설설치제한지역,0,0,,배출시설설치제한지역,20231120
경상남도 양산시 원동면 화제리 1230번지,48330,32028,0,1230,0000,1000000000000000413384,,,,1,용도지역코드,UM1100,공장설립제한지역,0,0,,공장설립제한지역,20231120
경상남도 양산시 원동면 화제리 1230번지,48330,32028,0,1230,0000,1000000000000000413384,,,,1,용도지역코드,UOC800,역사문화환경보존지역,0,0,,역사문화환경보존지역,20231120
경상남도 양산시 원동면 화제리 1230번지,48330,32028,0,1230,0000,1000000000000000413384,,,,3,용도구역코드,UMZ100,가축사육제한구역,1,0,,가축사육제한구역,20231120
경상남도 양산시 원동면 화제리 1230번지,48330,32028,0,1230,0000,1000000000000000413384,,,,1,용도지역코드,UQA430,자연녹지지역,1,0,,자연녹지지역,20231120
경상남도 양산시 원동면 화제리 1231번지,48330,32028,0,1231,0000,1000000000000000671134,,,,1,용도지역코드,UQA430,자연녹지지역,1,0,,자연녹지지역,20250226
경상남도 양산시 원동면 화제리 1231번지,48330,32028,0,1231,0000,1000000000000000671134,,,,1,용도지역코드,UMN200,배출시설설치제한지역,0,0,,배출시설설치제한지역,20250226
경상남도 양산시 원동면 화제리 1245번지,48330,32028,0,1245,0000,12646696,,,,1,용도지역코드,1330,자연녹지지역,1,0,,자연녹지지역,20221008
경상남도 양산시 원동면 화제리 1245번지,48330,32028,0,1245,0000,12646696,,,,2,용도지구코드,011,자연취락지구,1,0,,자연취락지구,20221008
경상남도 양산시 원동면 화제리 1249-3번지,48330,32028,0,1249,0003,1000000000000000450569,,,,1,용도지역코드,UMN200,배출시설설치제한지역,0,0,,배출시설설치제한지역,20240125
경상남도 양산시 원동면 화제리 1249-3번지,48330,32028,0,1249,0003,1000000000000000450569,,,,2,용도지구코드,UQM110,자연취락지구,1,0,,자연취락지구,20240125
경상남도 양산시 원동면 화제리 1249-3번지,48330,32028,0,1249,0003,1000000000000000450569,,,,1,용도지역코드,UQA430,자연녹지지역,1,0,,자연녹지지역,20240125
경상남도 양산시 원동면 화제리 1249-3번지,48330,32028,0,1249,0003,1264100073959,,,,2,용도지구코드,UQM110,자연취락지구,1,0,,자연취락지구,20221008
경상남도 양산시 원동면 화제리 1249-3번지,48330,32028,0,1249,0003,1264100073959,,,,1,용도지역코드,UQA430,자연녹지지역,1,0,,자연녹지지역,20221008
경상남도 양산시 원동면 화제리 1265번지,48330,32028,0,1265,0000,1000000000000000750689,,,,3,용도구역코드,UMZ100,가축사육제한구역,1,0,,가축사육제한구역,20250807
경상남도 양산시 원동면 화제리 1265번지,48330,32028,0,1265,0000,1000000000000000750689,,,,1,용도지역코드,UQA430,자연녹지지역,1,0,,자연녹지지역,20250807
경상남도 양산시 원동면 화제리 1265번지,48330,32028,0,1265,0000,1264100157312,,,,1,용도지역코드,UQA430,자연녹지지역,1,0,,자연녹지지역,20221008
경상남도 양산시 원동면 화제리 1265번지,48330,32028,0,1265,0000,1264100157312,,,,1,용도지역코드,UM1100,공장설립제한지역,0,0,,공장설립제한지역,20221008
경상남도 양산시 원동면 화제리 1265번지,48330,32028,0,1265,0000,1264100157312,,,,1,용도지역코드,UMN200,배출시설설치제한지역,0,0,,배출시설설치제한지역,20221008
경상남도 양산시 원동면 화제리 1265번지,48330,32028,0,1265,0000,1264100157312,,,,3,용도구역코드,UMZ100,가축사육제한구역,1,0,,가축사육제한구역,20221008
경상남도 양산시 원동면 화제리 1265번지,48330,32028,0,1265,0000,1264100157312,,,,3,용도구역코드,UOA120,상대보호구역,0,0,,상대보호구역,20221008
경상남도 양산시 원동면 화제리 1268-2번지,48330,32028,0,1268,0002,1264100152733,,,,1,용도지역코드,UQA430,자연녹지지역,1,0,,자연녹지지역,20221008
경상남도 양산시 원동면 화제리 1268-2번지,48330,32028,0,1268,0002,1264100152733,,,,1,용도지역코드,UMN200,배출시설설치제한지역,0,0,,배출시설설치제한지역,20221008
경상남도 양산시 원동면 화제리 1268-2번지,48330,32028,0,1268,0002,1264100152733,,,,3,용도구역코드,UOA120,상대보호구역,1,0,,상대보호구역,20221008
경상남도 양산시 원동면 화제리 1268-2번지,48330,32028,0,1268,0002,1264100106393,,,,1,용도지역코드,UQA430,자연녹지지역,1,0,,자연녹지지역,20221008
경상남도 양산시 원동면 화제리 1268-4번지,48330,32028,0,1268,0004,1264100115836,,,,1,용도지역코드,UQA430,자연녹지지역,1,0,,자연녹지지역,20221008
경상남도 양산시 원동면 화제리 1268-6번지,48330,32028,0,1268,0006,1000000000000000282962,,,,1,용도지역코드,UMN200,배출시설설치제한지역,0,0,,배출시설설치제한지역,20230427
경상남도 양산시 원동면 화제리 1268-6번지,48330,32028,0,1268,0006,1000000000000000282962,,,,3,용도구역코드,UMZ100,가축사육제한구역,1,0,,가축사육제한구역,20230427
경상남도 양산시 원동면 화제리 1268-6번지,48330,32028,0,1268,0006,1000000000000000282962,,,,1,용도지역코드,UOC800,역사문화환경보존지역,0,0,,역사문화환경보존지역,20230427
경상남도 양산시 원동면 화제리 1268-6번지,48330,32028,0,1268,0006,1000000000000000282962,,,,1,용도지역코드,UQA430,자연녹지지역,1,0,,자연녹지지역,20230427
경상남도 양산시 원동면 화제리 1268-6번지,48330,32028,0,1268,0006,1000000000000000282962,,,,3,용도구역코드,UOA120,상대보호구역,0,0,,상대보호구역,20230427
경상남도 양산시 원동면 화제리 1268-6번지,48330,32028,0,1268,0006,1000000000000000282962,,,,1,용도지역코드,UM1100,공장설립제한지역,0,0,,공장설립제한지역,20230427
경상남도 양산시 원동면 화제리 1268-7번지,48330,32028,0,1268,0007,1264100153872,,,,3,용도구역코드,UOA120,상대보호구역,1,0,,상대보호구역,20221008
경상남도 양산시 원동면 화제리 1268-7번지,48330,32028,0,1268,0007,1264100153872,,,,1,용도지역코드,UQA430,자연녹지지역,1,0,,자연녹지지역,20221008
경상남도 양산시 원동면 화제리 1268-7번지,48330,32028,0,1268,0007,1264100153872,,,,1,용도지역코드,UMN200,배출시설설치제한지역,0,0,,배출시설설치제한지역,20221008
경상남도 양산시 원동면 화제리 1268-10번지,48330,32028,0,1268,0010,1264100155934,,,,1,용도지역코드,UQA430,자연녹지지역,1,0,,자연녹지지역,20221008
경상남도 양산시 원동면 화제리 1268-10번지,48330,32028,0,1268,0010,1264100155934,,,,1,용도지역코드,UMN200,배출시설설치제한지역,0,0,,배출시설설치제한지역,20221008
경상남도 양산시 원동면 화제리 1268-10번지,48330,32028,0,1268,0010,1264100155934,,,,1,용도지역코드,UM1100,공장설립제한지역,0,0,,공장설립제한지역,20221008
경상남도 양산시 원동면 화제리 1268-10번지,48330,32028,0,1268,0010,1264100155934,,,,3,용도구역코드,UMZ100,가축사육제한구역,1,0,,가축사육제한구역,20221008
경상남도 양산시 원동면 화제리 1268-10번지,48330,32028,0,1268,0010,1264100155934,,,,3,용도구역코드,UOA120,상대보호구역,0,0,,상대보호구역,20221008
경상남도 양산시 원동면 화제리 1268-14번지,48330,32028,0,1268,0014,1000000000000000968957,,,,3,용도구역코드,UOA120,상대보호구역,0,0,,상대보호구역,20260612
경상남도 양산시 원동면 화제리 1268-14번지,48330,32028,0,1268,0014,1000000000000000968957,,,,1,용도지역코드,UM1100,공장설립제한지역,0,0,,공장설립제한지역,20260612
경상남도 양산시 원동면 화제리 1268-14번지,48330,32028,0,1268,0014,1000000000000000968957,,,,3,용도구역코드,UMZ100,가축사육제한구역,1,0,,가축사육제한구역,20260612
경상남도 양산시 원동면 화제리 1268-14번지,48330,32028,0,1268,0014,1000000000000000968957,,,,1,용도지역코드,UQA430,자연녹지지역,1,0,,자연녹지지역,20260612
경상남도 양산시 원동면 화제리 1268-14번지,48330,32028,0,1268,0014,1000000000000000968957,,,,1,용도지역코드,UOC800,역사문화환경보존지역,0,0,,역사문화환경보존지역,20260612
경상남도 양산시 원동면 화제리 1268-14번지,48330,32028,0,1268,0014,1000000000000000968957,,,,1,용도지역코드,UMN200,배출시설설치제한지역,0,0,,배출시설설치제한지역,20260612
경상남도 양산시 원동면 화제리 1281-1번지,48330,32028,0,1281,0001,1264100050789,,,,1,용도지역코드,UMN200,배출시설설치제한지역,1,0,,배출시설설치제한지역,20221008
경상남도 양산시 원동면 화제리 1281-1번지,48330,32028,0,1281,0001,1264100050789,,,,1,용도지역코드,UQA430,자연녹지지역,0,0,,자연녹지지역,20221008
경상남도 양산시 원동면 화제리 1281-1번지,48330,32028,0,1281,0001,1264100050789,,,,3,용도구역코드,UOA120,상대보호구역,1,0,,상대정화구역,20221008
경상남도 양산시 원동면 화제리 1283-1번지,48330,32028,0,1283,0001,1264100026891,,,,1,용도지역코드,UQA121,제1종일반주거지역,1,0,,제1종일반주거지역,20221008
경상남도 양산시 원동면 화제리 1290번지,48330,32028,0,1290,0000,1264100085481,,,,1,용도지역코드,UQA430,자연녹지지역,1,0,,자연녹지지역,20221008
경상남도 양산시 원동면 화제리 1290번지,48330,32028,0,1290,0000,1264100085481,,,,1,용도지역코드,UMN200,배출시설설치제한지역,0,0,,배출시설설치제한지역,20221008
경상남도 양산시 원동면 화제리 1290번지,48330,32028,0,1290,0000,1264100085481,,,,3,용도구역코드,UOA120,상대보호구역,1,0,,상대정화구역,20221008
경상남도 양산시 원동면 화제리 1291번지,48330,32028,0,1291,0000,1264100148390,,,,1,용도지역코드,UQA430,자연녹지지역,1,0,,자연녹지지역,20221008
경상남도 양산시 원동면 화제리 1291번지,48330,32028,0,1291,0000,1264100148390,,,,1,용도지역코드,UMN200,배출시설설치제한지역,0,0,,배출시설설치제한지역,20221008
경상남도 양산시 원동면 화제리 1291번지,48330,32028,0,1291,0000,1264100148390,,,,3,용도구역코드,UOA120,상대보호구역,1,0,,상대보호구역,20221008
경상남도 양산시 원동면 화제리 1313-13번지,48330,32028,0,1313,0013,1000000000000000690384,,,,3,용도구역코드,UMZ100,가축사육제한구역,1,0,,가축사육제한구역,20250327
경상남도 양산시 원동면 화제리 1313-13번지,48330,32028,0,1313,0013,1000000000000000690384,,,,3,용도구역코드,ZA0006,역사문화환경보존지역,0,0,,역사문화환경보존지역,20250327
경상남도 양산시 원동면 화제리 1313-13번지,48330,32028,0,1313,0013,1000000000000000690384,,,,1,용도지역코드,UM1100,공장설립제한지역,0,0,,공장설립제한지역,20250327
경상남도 양산시 원동면 화제리 1313-13번지,48330,32028,0,1313,0013,1000000000000000690384,,,,1,용도지역코드,UQA430,자연녹지지역,1,0,,자연녹지지역,20250327
경상남도 양산시 원동면 화제리 1313-13번지,48330,32028,0,1313,0013,1000000000000000690384,,,,1,용도지역코드,UMN200,배출시설설치제한지역,0,0,,배출시설설치제한지역,20250327
경상남도 양산시 원동면 화제리 1314번지,48330,32028,0,1314,0000,1000000000000000968954,,,,1,용도지역코드,UQA430,자연녹지지역,1,0,,자연녹지지역,20260612
경상남도 양산시 원동면 화제리 1324번지,48330,32028,0,1324,0000,1264100059232,,,,1,용도지역코드,UQA430,자연녹지지역,1,0,,자연녹지지역,20221008
경상남도 양산시 원동면 화제리 1341-2번지,48330,32028,0,1341,0002,1264100139163,,,,1,용도지역코드,UQA430,자연녹지지역,1,0,,자연녹지지역,20221008
경상남도 양산시 원동면 화제리 1342-3번지,48330,32028,0,1342,0003,1264100084461,,,,1,용도지역코드,UMN200,배출시설설치제한지역,,,,배출시설설치제한지역,20221008
경상남도 양산시 원동면 화제리 1342-3번지,48330,32028,0,1342,0003,1264100084461,,,,1,용도지역코드,UQA430,자연녹지지역,1,0,,자연녹지지역,20221008
경상남도 양산시 원동면 화제리 1346-2번지,48330,32028,0,1346,0002,12646552,,,,1,용도지역코드,1330,자연녹지지역,1,0,,자연녹지지역,20221008
경상남도 양산시 원동면 화제리 1346-6번지,48330,32028,0,1346,0006,1264100096169,,,,1,용도지역코드,UMN200,배출시설설치제한지역,,,,배출시설설치제한지역,20221008
경상남도 양산시 원동면 화제리 1346-6번지,48330,32028,0,1346,0006,1264100096169,,,,1,용도지역코드,UQA430,자연녹지지역,1,0,,자연녹지지역,20221008
경상남도 양산시 원동면 화제리 1350-1번지,48330,32028,0,1350,0001,1264100156690,,,,3,용도구역코드,UMZ100,가축사육제한구역,1,0,,가축사육제한구역,20221008
경상남도 양산시 원동면 화제리 1350-1번지,48330,32028,0,1350,0001,1264100156690,,,,1,용도지역코드,UQA430,자연녹지지역,1,0,,자연녹지지역,20221008
경상남도 양산시 원동면 화제리 1352-3번지,48330,32028,0,1352,0003,1264100138945,,,,1,용도지역코드,UQA430,자연녹지지역,1,0,,자연녹지지역,20221008
경상남도 양산시 원동면 화제리 1352-5번지,48330,32028,0,1352,0005,1264100138985,,,,1,용도지역코드,UQA430,자연녹지지역,1,0,,자연녹지지역,20221008
경상남도 양산시 원동면 화제리 1363번지,48330,32028,0,1363,0000,1000000000000000424109,,,,1,용도지역코드,UQA430,자연녹지지역,1,0,,자연녹지지역,20231205
경상남도 양산시 원동면 화제리 1364번지,48330,32028,0,1364,0000,1000000000000000415160,,,,3,용도구역코드,UMZ100,가축사육제한구역,1,0,,가축사육제한구역,20231122
경상남도 양산시 원동면 화제리 1364번지,48330,32028,0,1364,0000,1000000000000000415160,,,,1,용도지역코드,UMN200,배출시설설치제한지역,0,0,,배출시설설치제한지역,20231122
경상남도 양산시 원동면 화제리 1364번지,48330,32028,0,1364,0000,1000000000000000415160,,,,1,용도지역코드,UM1100,공장설립제한지역,0,0,,공장설립제한지역,20231122
경상남도 양산시 원동면 화제리 1364번지,48330,32028,0,1364,0000,1000000000000000415160,,,,1,용도지역코드,UQA430,자연녹지지역,1,0,,자연녹지지역,20231122
경상남도 양산시 원동면 화제리 1367-3번지,48330,32028,0,1367,0003,1264100153712,,,,1,용도지역코드,UQA430,자연녹지지역,1,0,,자연녹지지역,20221008
경상남도 양산시 원동면 화제리 1367-3번지,48330,32028,0,1367,0003,1264100153712,,,,1,용도지역코드,UMN200,배출시설설치제한지역,0,0,,배출시설설치제한지역,20221008
경상남도 양산시 원동면 화제리 1376번지,48330,32028,0,1376,0000,1000000000000000289820,,,,1,용도지역코드,UMN200,배출시설설치제한지역,0,0,,배출시설설치제한지역,20230509
경상남도 양산시 원동면 화제리 1376번지,48330,32028,0,1376,0000,1000000000000000289820,,,,1,용도지역코드,UQA430,자연녹지지역,1,0,,자연녹지지역,20230509
경상남도 양산시 원동면 화제리 1376번지,48330,32028,0,1376,0000,1000000000000000289820,,,,1,용도지역코드,UM1100,공장설립제한지역,0,0,,공장설립제한지역,20230509
경상남도 양산시 원동면 화제리 1376번지,48330,32028,0,1376,0000,1000000000000000289820,,,,3,용도구역코드,UMZ100,가축사육제한구역,1,0,,가축사육제한구역,20230509
경상남도 양산시 원동면 화제리 1378번지,48330,32028,0,1378,0000,1264100108096,,,,1,용도지역코드,UMN200,배출시설설치제한지역,,,,배출시설설치제한지역,20221008
경상남도 양산시 원동면 화제리 1378번지,48330,32028,0,1378,0000,1264100108096,,,,1,용도지역코드,UQA430,자연녹지지역,1,0,,자연녹지지역,20221008
경상남도 양산시 원동면 화제리 1443번지,48330,32028,0,1443,0000,1264100074139,,,,1,용도지역코드,UQA121,제1종일반주거지역,1,0,,제1종일반주거지역,20221008
경상남도 양산시 원동면 화제리 1443번지,48330,32028,0,1443,0000,1264100045525,,,,1,용도지역코드,UQA121,제1종일반주거지역,1,0,,제1종일반주거지역,20221008
경상남도 양산시 원동면 화제리 1445-1번지,48330,32028,0,1445,0001,1264100115840,,,,1,용도지역코드,UQA430,자연녹지지역,1,0,,자연녹지지역,20250519
경상남도 양산시 원동면 화제리 1445-3번지,48330,32028,0,1445,0003,1264522,,,,1,용도지역코드,0700,취락지역,1,0,,취락지역,20221008
경상남도 양산시 원동면 화제리 1452-1번지,48330,32028,0,1452,0001,1264100118197,,,,1,용도지역코드,UQA430,자연녹지지역,1,0,,자연녹지지역,20221008
경상남도 양산시 원동면 화제리 1457-1번지,48330,32028,0,1457,0001,1264100014177,,,,1,용도지역코드,1330,자연녹지지역,1,0,,자연녹지지역,20221008
경상남도 양산시 원동면 화제리 1460-1번지,48330,32028,0,1460,0001,1264100084582,,,,1,용도지역코드,UQA430,자연녹지지역,1,0,,자연녹지지역,20221008
경상남도 양산시 원동면 화제리 1460-1번지,48330,32028,0,1460,0001,1264100084582,,,,1,용도지역코드,UMN200,배출시설설치제한지역,0,0,,배출시설설치제한지역,20221008
경상남도 양산시 원동면 화제리 1462-1번지,48330,32028,0,1462,0001,1264100078539,,,,1,용도지역코드,UQA121,제1종일반주거지역,1,0,,제1종일반주거지역,20221008
경상남도 양산시 원동면 화제리 1462-1번지,48330,32028,0,1462,0001,1264100115757,,,,1,용도지역코드,UQA121,제1종일반주거지역,1,0,,제1종일반주거지역,20221008
경상남도 양산시 원동면 화제리 1462-1번지,48330,32028,0,1462,0001,1264100115757,,,,3,용도구역코드,UMZ100,가축사육제한구역,1,0,,가축사육제한구역,20221008
경상남도 양산시 원동면 화제리 1465-1번지,48330,32028,0,1465,0001,1264100015535,,,,1,용도지역코드,1021,제1종일반주거지역,1,0,,제1종일반주거지역,20221008
경상남도 양산시 원동면 화제리 1487-3번지,48330,32028,0,1487,0003,1264100157610,,,,3,용도구역코드,UMZ100,가축사육제한구역,1,0,,가축사육제한구역,20221008
경상남도 양산시 원동면 화제리 1487-3번지,48330,32028,0,1487,0003,1264100157610,,,,1,용도지역코드,UQA121,제1종일반주거지역,1,0,,제1종일반주거지역,20221008
경상남도 양산시 원동면 화제리 1487-3번지,48330,32028,0,1487,0003,1264100157610,,,,1,용도지역코드,UMN200,배출시설설치제한지역,0,0,,배출시설설치제한지역,20221008
경상남도 양산시 원동면 화제리 1487-3번지,48330,32028,0,1487,0003,1264100157610,,,,1,용도지역코드,UM1100,공장설립제한지역,0,0,,공장설립제한지역,20221008
경상남도 양산시 원동면 화제리 1488번지,48330,32028,0,1488,0000,1264100157790,,,,3,용도구역코드,UMZ100,가축사육제한구역,1,0,,가축사육제한구역,20230127
경상남도 양산시 원동면 화제리 1488번지,48330,32028,0,1488,0000,1264100157790,,,,1,용도지역코드,UQA121,제1종일반주거지역,1,0,,제1종일반주거지역,20230127
경상남도 양산시 원동면 화제리 1488번지,48330,32028,0,1488,0000,1264100157790,,,,1,용도지역코드,UMN200,배출시설설치제한지역,0,0,,배출시설설치제한지역,20230127
경상남도 양산시 원동면 화제리 1492번지,48330,32028,0,1492,0000,12648442,,,,1,용도지역코드,1021,제1종일반주거지역,1,0,,제1종일반주거지역,20221008
경상남도 양산시 원동면 화제리 1499-5번지,48330,32028,0,1499,0005,1264100030038,,,,1,용도지역코드,UQA121,제1종일반주거지역,1,0,,제1종일반주거지역,20221008
경상남도 양산시 원동면 화제리 1499-5번지,48330,32028,0,1499,0005,1264100030038,,,,1,용도지역코드,UQA430,자연녹지지역,0,0,,자연녹지지역,20221008
경상남도 양산시 원동면 화제리 1500번지,48330,32028,0,1500,0000,12646783,,,,1,용도지역코드,1021,제1종일반주거지역,1,0,,제1종일반주거지역,20221008
경상남도 양산시 원동면 화제리 1505-1번지,48330,32028,0,1505,0001,1000000000000000696389,,,,1,용도지역코드,UQA121,제1종일반주거지역,1,0,,제1종일반주거지역,20250404
경상남도 양산시 원동면 화제리 1505-1번지,48330,32028,0,1505,0001,1000000000000000638948,,,,1,용도지역코드,UQA121,제1종일반주거지역,1,0,,제1종일반주거지역,20241218
경상남도 양산시 원동면 화제리 1506-2번지,48330,32028,0,1506,0002,12649309,,,,1,용도지역코드,1021,제1종일반주거지역,1,0,,제1종일반주거지역,20221008
경상남도 양산시 원동면 화제리 1517번지,48330,32028,0,1517,0000,12649463,,,,1,용도지역코드,1021,제1종일반주거지역,1,0,,제1종일반주거지역,20221008
경상남도 양산시 원동면 화제리 1517번지,48330,32028,0,1517,0000,12648205,,,,1,용도지역코드,1021,제1종일반주거지역,1,0,,제1종일반주거지역,20221008
경상남도 양산시 원동면 화제리 1518번지,48330,32028,0,1518,0000,1264100095186,,,,1,용도지역코드,UQA121,제1종일반주거지역,1,0,,제1종일반주거지역,20221008
경상남도 양산시 원동면 화제리 1518번지,48330,32028,0,1518,0000,1264100095186,,,,1,용도지역코드,UMN200,배출시설설치제한지역,0,0,,배출시설설치제한지역,20221008
경상남도 양산시 원동면 화제리 1520번지,48330,32028,0,1520,0000,1000000000000000201278,,,,1,용도지역코드,UQA121,제1종일반주거지역,1,0,,제1종일반주거지역,20230421
경상남도 양산시 원동면 화제리 1525번지,48330,32028,0,1525,0000,1000000000000000074378,,,,1,용도지역코드,UQA121,제1종일반주거지역,1,0,,제1종일반주거지역,20230418
경상남도 양산시 원동면 화제리 1528-9번지,48330,32028,0,1528,0009,1264100030779,,,,1,용도지역코드,UQA121,제1종일반주거지역,1,0,,제1종일반주거지역,20221008
경상남도 양산시 원동면 화제리 1528-9번지,48330,32028,0,1528,0009,1264100088845,,,,1,용도지역코드,UQA121,제1종일반주거지역,1,0,,제1종일반주거지역,20221008
경상남도 양산시 원동면 화제리 1530-1번지,48330,32028,0,1530,0001,1264100013514,,,,1,용도지역코드,1330,자연녹지지역,1,0,,자연녹지지역,20221008
경상남도 양산시 원동면 화제리 1532번지,48330,32028,0,1532,0000,1264100101895,,,,1,용도지역코드,UQA430,자연녹지지역,1,0,,자연녹지지역,20221008
경상남도 양산시 원동면 화제리 1532번지,48330,32028,0,1532,0000,1264100101895,,,,1,용도지역코드,UMN200,배출시설설치제한지역,0,0,,배출시설설치제한지역,20221008
경상남도 양산시 원동면 화제리 1532-4번지,48330,32028,0,1532,0004,1264100117697,,,,1,용도지역코드,UQA430,자연녹지지역,1,0,,자연녹지지역,20221008
경상남도 양산시 원동면 화제리 1532-4번지,48330,32028,0,1532,0004,1264100117697,,,,1,용도지역코드,UMN200,배출시설설치제한지역,0,0,,배출시설설치제한지역,20221008
경상남도 양산시 원동면 화제리 1532-4번지,48330,32028,0,1532,0004,1264100117697,,,,3,용도구역코드,UMZ100,가축사육제한구역,1,0,,가축사육제한구역,20221008
경상남도 양산시 원동면 화제리 1532-6번지,48330,32028,0,1532,0006,1264100108856,,,,1,용도지역코드,UQA430,자연녹지지역,1,0,,자연녹지지역,20221008
경상남도 양산시 원동면 화제리 1532-6번지,48330,32028,0,1532,0006,1264100108856,,,,1,용도지역코드,UMN200,배출시설설치제한지역,0,0,,배출시설설치제한지역,20221008
경상남도 양산시 원동면 화제리 1532-6번지,48330,32028,0,1532,0006,1264100108856,,,,3,용도구역코드,UMZ100,가축사육제한구역,1,0,,가축사육제한구역,20221008
경상남도 양산시 원동면 화제리 1532-8번지,48330,32028,0,1532,0008,1264100116684,,,,1,용도지역코드,UQA430,자연녹지지역,1,0,,자연녹지지역,20221008
경상남도 양산시 원동면 화제리 1532-8번지,48330,32028,0,1532,0008,1264100116684,,,,1,용도지역코드,UMN200,배출시설설치제한지역,0,0,,배출시설설치제한지역,20221008
경상남도 양산시 원동면 화제리 1532-15번지,48330,32028,0,1532,0015,1264100153873,,,,1,용도지역코드,UQA430,자연녹지지역,1,0,,자연녹지지역,20221008
경상남도 양산시 원동면 화제리 1532-15번지,48330,32028,0,1532,0015,1264100153873,,,,1,용도지역코드,UMN200,배출시설설치제한지역,0,0,,배출시설설치제한지역,20221008
경상남도 양산시 원동면 화제리 1532-20번지,48330,32028,0,1532,0020,1000000000000000744612,,,,1,용도지역코드,UQA430,자연녹지지역,1,0,,자연녹지지역,20250613
경상남도 양산시 원동면 화제리 1532-20번지,48330,32028,0,1532,0020,1000000000000000744612,,,,3,용도구역코드,UMZ100,가축사육제한구역,1,0,,가축사육제한구역,20250613
경상남도 양산시 원동면 화제리 1542-2번지,48330,32028,0,1542,0002,1264100058092,,,,1,용도지역코드,UQA430,자연녹지지역,1,0,,자연녹지지역,20221008
경상남도 양산시 원동면 화제리 1542-2번지,48330,32028,0,1542,0002,1264100058092,,,,1,용도지역코드,UMN200,배출시설설치제한지역,0,0,,배출시설설치제한지역,20221008
경상남도 양산시 원동면 화제리 1545번지,48330,32028,0,1545,0000,1264100022987,,,,1,용도지역코드,UQA121,제1종일반주거지역,1,0,,제1종일반주거지역,20221008
경상남도 양산시 원동면 화제리 1545번지,48330,32028,0,1545,0000,1264100022987,,,,1,용도지역코드,UMN200,배출시설설치제한지역,0,0,,배출시설설치제한지역,20221008
경상남도 양산시 원동면 화제리 1549번지,48330,32028,0,1549,0000,1264100157250,,,,1,용도지역코드,UQA121,제1종일반주거지역,1,0,,제1종일반주거지역,20221008
경상남도 양산시 원동면 화제리 1562번지,48330,32028,0,1562,0000,1264100079740,,,,1,용도지역코드,UQA121,제1종일반주거지역,1,0,,제1종일반주거지역,20221008
경상남도 양산시 원동면 화제리 1562번지,48330,32028,0,1562,0000,1264100079740,,,,1,용도지역코드,UMN200,배출시설설치제한지역,0,0,,배출시설설치제한지역,20221008
경상남도 양산시 원동면 화제리 1562번지,48330,32028,0,1562,0000,1264100079740,,,,2,용도지구코드,,,1,0,,,20221008
경상남도 양산시 원동면 화제리 1567-1번지,48330,32028,0,1567,0001,1000000000000000402568,,,,1,용도지역코드,UQA121,제1종일반주거지역,1,0,,제1종일반주거지역,20231103
경상남도 양산시 원동면 화제리 1567-1번지,48330,32028,0,1567,0001,1000000000000000402568,,,,1,용도지역코드,UMN200,배출시설설치제한지역,0,0,,배출시설설치제한지역,20231103
경상남도 양산시 원동면 화제리 1567-1번지,48330,32028,0,1567,0001,1000000000000000402568,,,,1,용도지역코드,UQA430,자연녹지지역,0,0,,자연녹지지역,20231103
경상남도 양산시 원동면 화제리 1567-1번지,48330,32028,0,1567,0001,1000000000000000402568,,,,3,용도구역코드,UMZ100,가축사육제한구역,1,0,,가축사육제한구역,20231103
경상남도 양산시 원동면 화제리 1567-1번지,48330,32028,0,1567,0001,1000000000000000402568,,,,1,용도지역코드,UM1100,공장설립제한지역,0,0,,공장설립제한지역,20231103
경상남도 양산시 원동면 화제리 1572번지,48330,32028,0,1572,0000,1000000000000000463308,,,,1,용도지역코드,UMZ100,가축사육제한구역,0,0,,가축사육제한구역,20240313
경상남도 양산시 원동면 화제리 1572번지,48330,32028,0,1572,0000,1000000000000000463308,,,,1,용도지역코드,UM1100,공장설립제한지역,0,0,,공장설립제한지역,20240313
경상남도 양산시 원동면 화제리 1572번지,48330,32028,0,1572,0000,1000000000000000463308,,,,1,용도지역코드,UQA430,자연녹지지역,1,0,,자연녹지지역,20240313
경상남도 양산시 원동면 화제리 1572번지,48330,32028,0,1572,0000,1264100126728,,,,1,용도지역코드,UQA430,자연녹지지역,1,0,,자연녹지지역,20221008
경상남도 양산시 원동면 화제리 1572번지,48330,32028,0,1572,0000,1264100126728,,,,3,용도구역코드,UMZ100,가축사육제한구역,1,0,,가축사육제한구역,20221008
경상남도 양산시 원동면 화제리 1574번지,48330,32028,0,1574,0000,1264100135483,,,,1,용도지역코드,UQA430,자연녹지지역,1,0,,자연녹지지역,20221008
경상남도 양산시 원동면 화제리 1574-2번지,48330,32028,0,1574,0002,1264100141563,,,,1,용도지역코드,UQA430,자연녹지지역,1,0,,자연녹지지역,20221008
경상남도 양산시 원동면 화제리 1574-5번지,48330,32028,0,1574,0005,1000000000000000127588,,,,1,용도지역코드,UQA430,자연녹지지역,1,0,,자연녹지지역,20230509
경상남도 양산시 원동면 화제리 1577번지,48330,32028,0,1577,0000,1264100039595,,,,1,용도지역코드,UQA430,자연녹지지역,1,0,,자연녹지지역,20221008
경상남도 양산시 원동면 화제리 1577번지,48330,32028,0,1577,0000,1264100039595,,,,1,용도지역코드,UMN200,배출시설설치제한지역,0,0,,배출시설설치제한지역,20221008
경상남도 양산시 원동면 화제리 1577-1번지,48330,32028,0,1577,0001,1264100048866,,,,1,용도지역코드,UQA430,자연녹지지역,1,0,,자연녹지지역,20221008
경상남도 양산시 원동면 화제리 1577-1번지,48330,32028,0,1577,0001,1264100048866,,,,1,용도지역코드,UMN200,배출시설설치제한지역,0,0,,배출시설설치제한지역,20221008
경상남도 양산시 원동면 화제리 1577-4번지,48330,32028,0,1577,0004,1264100094688,,,,1,용도지역코드,UQA430,자연녹지지역,1,0,,자연녹지지역,20221008
경상남도 양산시 원동면 화제리 1591-1번지,48330,32028,0,1591,0001,1000000000000000860104,,,,1,용도지역코드,UQA430,자연녹지지역,1,0,,자연녹지지역,20251215
경상남도 양산시 원동면 화제리 1591-1번지,48330,32028,0,1591,0001,1000000000000000860104,,,,1,용도지역코드,UM1100,공장설립제한지역,0,0,,공장설립제한지역,20251215
경상남도 양산시 원동면 화제리 1602-3번지,48330,32028,0,1602,0003,12646637,,,,1,용도지역코드,1021,제1종일반주거지역,1,0,,제1종일반주거지역,20221008
경상남도 양산시 원동면 화제리 1602-3번지,48330,32028,0,1602,0003,12646605,,,,1,용도지역코드,1021,제1종일반주거지역,1,0,,제1종일반주거지역,20221008
경상남도 양산시 원동면 화제리 1602-3번지,48330,32028,0,1602,0003,12645089,,,,1,용도지역코드,1021,제1종일반주거지역,1,0,,제1종일반주거지역,20221008
경상남도 양산시 원동면 화제리 1602-3번지,48330,32028,0,1602,0003,12645089,,,,1,용도지역코드,1330,자연녹지지역,0,0,,자연녹지지역,20221008
경상남도 양산시 원동면 화제리 1602-8번지,48330,32028,0,1602,0008,1264100040012,,,,1,용도지역코드,UQA121,제1종일반주거지역,1,0,,제1종일반주거지역,20221008
경상남도 양산시 원동면 화제리 1605-1번지,48330,32028,0,1605,0001,1264100153453,,,,1,용도지역코드,UQA430,자연녹지지역,1,0,,자연녹지지역,20221008
경상남도 양산시 원동면 화제리 1605-1번지,48330,32028,0,1605,0001,1264100153453,,,,1,용도지역코드,UQA121,제1종일반주거지역,0,0,,제1종일반주거지역,20221008
경상남도 양산시 원동면 화제리 1605-1번지,48330,32028,0,1605,0001,1264100153453,,,,1,용도지역코드,UMN200,배출시설설치제한지역,0,0,,배출시설설치제한지역,20221008
경상남도 양산시 원동면 화제리 1612-7번지,48330,32028,0,1612,0007,1000000000000000537098,,,,3,용도구역코드,UMZ100,가축사육제한구역,1,0,,가축사육제한구역,20240617
경상남도 양산시 원동면 화제리 1612-7번지,48330,32028,0,1612,0007,1000000000000000537098,,,,1,용도지역코드,UMN200,배출시설설치제한지역,0,0,,배출시설설치제한지역,20240617
경상남도 양산시 원동면 화제리 1612-7번지,48330,32028,0,1612,0007,1000000000000000537098,,,,1,용도지역코드,UQA430,자연녹지지역,1,0,,자연녹지지역,20240617
경상남도 양산시 원동면 화제리 1612-7번지,48330,32028,0,1612,0007,1000000000000000537098,,,,1,용도지역코드,UM1100,공장설립제한지역,0,0,,공장설립제한지역,20240617
경상남도 양산시 원동면 화제리 1642-2번지,48330,32028,0,1642,0002,1000000000000000685375,,,,1,용도지역코드,UQA430,자연녹지지역,1,0,,자연녹지지역,20250320
경상남도 양산시 원동면 화제리 1642-3번지,48330,32028,0,1642,0003,1264100050005,,,,1,용도지역코드,UQA430,자연녹지지역,1,0,,자연녹지지역,20221008
경상남도 양산시 원동면 화제리 1656번지,48330,32028,0,1656,0000,1000000000000000505576,,,,1,용도지역코드,UMN200,배출시설설치제한지역,0,0,,배출시설설치제한지역,20240426
경상남도 양산시 원동면 화제리 1656번지,48330,32028,0,1656,0000,1000000000000000505576,,,,3,용도구역코드,UMZ100,가축사육제한구역,1,0,,가축사육제한구역,20240426
경상남도 양산시 원동면 화제리 1656번지,48330,32028,0,1656,0000,1000000000000000505576,,,,1,용도지역코드,UQA430,자연녹지지역,1,0,,자연녹지지역,20240426
경상남도 양산시 원동면 화제리 1656번지,48330,32028,0,1656,0000,1000000000000000505576,,,,1,용도지역코드,UM1100,공장설립제한지역,0,0,,공장설립제한지역,20240426
경상남도 양산시 원동면 화제리 1687번지,48330,32028,0,1687,0000,1000000000000000694439,,,,1,용도지역코드,UQA430,자연녹지지역,1,0,,자연녹지지역,20250402
경상남도 양산시 원동면 화제리 1691-1번지,48330,32028,0,1691,0001,12647482,,,,1,용도지역코드,1021,제1종일반주거지역,1,0,,제1종일반주거지역,20221008
경상남도 양산시 원동면 화제리 1691-1번지,48330,32028,0,1691,0001,12647482,,,,1,용도지역코드,1330,자연녹지지역,0,0,,자연녹지지역,20221008
경상남도 양산시 원동면 화제리 1691-1번지,48330,32028,0,1691,0001,1264100082942,,,,1,용도지역코드,UQA121,제1종일반주거지역,,,,제1종일반주거지역,20221008
경상남도 양산시 원동면 화제리 1691-1번지,48330,32028,0,1691,0001,1264100082942,,,,1,용도지역코드,UMN200,배출시설설치제한지역,,,,배출시설설치제한지역,20221008
경상남도 양산시 원동면 화제리 1691-1번지,48330,32028,0,1691,0001,1264100082942,,,,1,용도지역코드,UQA430,자연녹지지역,1,0,,자연녹지지역,20221008
경상남도 양산시 원동면 화제리 1724-428번지,48330,32028,0,1724,0428,1264100148613,,,,1,용도지역코드,UQA430,자연녹지지역,1,0,,자연녹지지역,20230912
경상남도 양산시 원동면 화제리 1772-1번지,48330,32028,0,1772,0001,1264100121259,,,,1,용도지역코드,UQA430,자연녹지지역,1,0,,자연녹지지역,20221008
경상남도 양산시 원동면 화제리 1772-1번지,48330,32028,0,1772,0001,1264100121259,,,,1,용도지역코드,UMN200,배출시설설치제한지역,0,0,,배출시설설치제한지역,20221008
경상남도 양산시 원동면 화제리 1772-1번지,48330,32028,0,1772,0001,1264100084501,,,,1,용도지역코드,UMN200,배출시설설치제한지역,,,,배출시설설치제한지역,20221008
경상남도 양산시 원동면 화제리 1772-1번지,48330,32028,0,1772,0001,1264100084501,,,,1,용도지역코드,UQA430,자연녹지지역,1,0,,자연녹지지역,20221008
경상남도 양산시 원동면 화제리 1836번지,48330,32028,0,1836,0000,1000000000000000337283,,,,1,용도지역코드,UM1100,공장설립제한지역,0,0,,공장설립제한지역,20230714
경상남도 양산시 원동면 화제리 1836번지,48330,32028,0,1836,0000,1000000000000000337283,,,,1,용도지역코드,UMN200,배출시설설치제한지역,0,0,,배출시설설치제한지역,20230714
경상남도 양산시 원동면 화제리 1836번지,48330,32028,0,1836,0000,1000000000000000337283,,,,3,용도구역코드,UIA100,도로구역,0,0,,도로구역,20230714
경상남도 양산시 원동면 화제리 1836번지,48330,32028,0,1836,0000,1000000000000000337283,,,,3,용도구역코드,UMZ100,가축사육제한구역,1,0,,가축사육제한구역,20230714
경상남도 양산시 원동면 화제리 1836번지,48330,32028,0,1836,0000,1000000000000000337283,,,,1,용도지역코드,UQA430,자연녹지지역,1,0,,자연녹지지역,20230714
경상남도 양산시 원동면 화제리 1836번지,48330,32028,0,1836,0000,12641377,경상남도 양산시 원동면 화제리,1836,,1,용도지역코드,Z200,준농림지역,1,0,,준농림지역,20221008
경상남도 양산시 원동면 화제리 1845번지,48330,32028,0,1845,0000,1264100039192,,,,1,용도지역코드,UQA430,자연녹지지역,1,0,,자연녹지지역,20221008
경상남도 양산시 원동면 화제리 1845번지,48330,32028,0,1845,0000,1264100039192,,,,1,용도지역코드,UMN200,배출시설설치제한지역,0,0,,배출시설설치제한지역,20221008
경상남도 양산시 원동면 화제리 1846-5번지,48330,32028,0,1846,0005,1264100007087,,,,1,용도지역코드,1330,자연녹지지역,1,0,,자연녹지지역,20221008
경상남도 양산시 원동면 화제리 1846-6번지,48330,32028,0,1846,0006,1264100007806,,,,1,용도지역코드,1330,자연녹지지역,1,0,,자연녹지지역,20221008
경상남도 양산시 원동면 화제리 1851-1번지,48330,32028,0,1851,0001,12646094,,,,1,용도지역코드,1330,자연녹지지역,1,0,,자연녹지지역,20221008
경상남도 양산시 원동면 화제리 1854-4번지,48330,32028,0,1854,0004,1264100075239,,,,1,용도지역코드,UQA121,제1종일반주거지역,1,0,,제1종일반주거지역,20221008
경상남도 양산시 원동면 화제리 1854-4번지,48330,32028,0,1854,0004,1264100075239,,,,1,용도지역코드,UQA430,자연녹지지역,0,0,,자연녹지지역,20221008
경상남도 양산시 원동면 화제리 1855-2번지,48330,32028,0,1855,0002,12645557,,,,1,용도지역코드,1021,제1종일반주거지역,1,0,,제1종일반주거지역,20221008
경상남도 양산시 원동면 화제리 1876번지,48330,32028,0,1876,0000,12645439,,,,1,용도지역코드,1021,제1종일반주거지역,1,0,,제1종일반주거지역,20221008
경상남도 양산시 원동면 화제리 1880번지,48330,32028,0,1880,0000,1264100063640,,,,1,용도지역코드,UQA121,제1종일반주거지역,1,0,,제1종일반주거지역,20221008
경상남도 양산시 원동면 화제리 1880-1번지,48330,32028,0,1880,0001,1000000000000000773559,,,,3,용도구역코드,UMZ100,가축사육제한구역,1,0,,가축사육제한구역,20250825
경상남도 양산시 원동면 화제리 1880-1번지,48330,32028,0,1880,0001,1000000000000000773559,,,,1,용도지역코드,UQA121,제1종일반주거지역,1,0,,제1종일반주거지역,20250825
경상남도 양산시 원동면 화제리 1880-2번지,48330,32028,0,1880,0002,1000000000000000471564,,,,1,용도지역코드,UQA121,제1종일반주거지역,1,0,,제1종일반주거지역,20240307
경상남도 양산시 원동면 화제리 1880-2번지,48330,32028,0,1880,0002,1000000000000000471564,,,,1,용도지역코드,UMN200,배출시설설치제한지역,0,0,,배출시설설치제한지역,20240307
경상남도 양산시 원동면 화제리 1880-2번지,48330,32028,0,1880,0002,1000000000000000471564,,,,1,용도지역코드,UM1100,공장설립제한지역,0,0,,공장설립제한지역,20240307
경상남도 양산시 원동면 화제리 1880-2번지,48330,32028,0,1880,0002,1000000000000000471564,,,,3,용도구역코드,UMZ100,가축사육제한구역,1,0,,가축사육제한구역,20240307
경상남도 양산시 원동면 화제리 1882번지,48330,32028,0,1882,0000,1264100155210,,,,1,용도지역코드,UQA121,제1종일반주거지역,1,0,,제1종일반주거지역,20221008
경상남도 양산시 원동면 화제리 1899번지,48330,32028,0,1899,0000,1000000000000000756618,,,,3,용도구역코드,UMZ100,가축사육제한구역,1,0,,가축사육제한구역,20250701
경상남도 양산시 원동면 화제리 1899번지,48330,32028,0,1899,0000,1000000000000000756618,,,,1,용도지역코드,UQA121,제1종일반주거지역,1,0,,제1종일반주거지역,20250701
경상남도 양산시 원동면 화제리 1902번지,48330,32028,0,1902,0000,1000000000000000773688,,,,3,용도구역코드,UMZ100,가축사육제한구역,1,0,,가축사육제한구역,20250825
경상남도 양산시 원동면 화제리 1902번지,48330,32028,0,1902,0000,1000000000000000773688,,,,1,용도지역코드,UQA121,제1종일반주거지역,1,0,,제1종일반주거지역,20250825
경상남도 양산시 원동면 화제리 1903-1번지,48330,32028,0,1903,0001,12648355,,,,1,용도지역코드,1021,제1종일반주거지역,1,0,,제1종일반주거지역,20221008
경상남도 양산시 원동면 화제리 1903-1번지,48330,32028,0,1903,0001,12648355,,,,3,용도구역코드,010,도시계획구역,1,0,,도시계획구역,20221008
경상남도 양산시 원동면 화제리 1905번지,48330,32028,0,1905,0000,1000000000000001001352,,,,1,용도지역코드,UQA121,제1종일반주거지역,1,0,,제1종일반주거지역,20260727
경상남도 양산시 원동면 화제리 1927번지,48330,32028,0,1927,0000,1264100149473,,,,1,용도지역코드,UQA121,제1종일반주거지역,0,0,,제1종일반주거지역,20221103
경상남도 양산시 원동면 화제리 1927번지,48330,32028,0,1927,0000,1264100149473,,,,1,용도지역코드,UQA430,자연녹지지역,1,0,,자연녹지지역,20221103
경상남도 양산시 원동면 화제리 1931번지,48330,32028,0,1931,0000,12648364,,,,1,용도지역코드,1021,제1종일반주거지역,1,0,,제1종일반주거지역,20221008
경상남도 양산시 원동면 화제리 1931번지,48330,32028,0,1931,0000,12648364,,,,3,용도구역코드,010,도시계획구역,1,0,,도시계획구역,20221008
경상남도 양산시 원동면 화제리 1939-1번지,48330,32028,0,1939,0001,1000000000000000888606,,,,1,용도지역코드,UQA121,제1종일반주거지역,1,0,,제1종일반주거지역,20260227
경상남도 양산시 원동면 화제리 1940번지,48330,32028,0,1940,0000,1000000000000000856751,,,,1,용도지역코드,UQA121,제1종일반주거지역,1,0,,제1종일반주거지역,20251209
경상남도 양산시 원동면 화제리 1940번지,48330,32028,0,1940,0000,1000000000000000856751,,,,1,용도지역코드,UM1100,공장설립제한지역,0,0,,공장설립제한지역,20251209
경상남도 양산시 원동면 화제리 1944-2번지,48330,32028,0,1944,0002,1264100048005,,,,1,용도지역코드,UQA121,제1종일반주거지역,1,0,,제1종일반주거지역,20221008
경상남도 양산시 원동면 화제리 1989번지,48330,32028,0,1989,0000,12645438,,,,1,용도지역코드,1021,제1종일반주거지역,1,0,,제1종일반주거지역,20221008
경상남도 양산시 원동면 화제리 1995번지,48330,32028,0,1995,0000,1264100137104,,,,1,용도지역코드,UQA121,제1종일반주거지역,1,0,,제1종일반주거지역,20221008
경상남도 양산시 원동면 화제리 1995번지,48330,32028,0,1995,0000,1264100137104,,,,3,용도구역코드,UMZ100,가축사육제한구역,1,0,,가축사육제한구역,20221008
경상남도 양산시 원동면 화제리 2009번지,48330,32028,0,2009,0000,1000000000000000228383,,,,1,용도지역코드,UOC800,역사문화환경보존지역,0,0,,역사문화환경보존지역,20230223
경상남도 양산시 원동면 화제리 2009번지,48330,32028,0,2009,0000,1000000000000000228383,,,,1,용도지역코드,UM1100,공장설립제한지역,0,0,,공장설립제한지역,20230223
경상남도 양산시 원동면 화제리 2009번지,48330,32028,0,2009,0000,1000000000000000228383,,,,3,용도구역코드,UMZ100,가축사육제한구역,0,0,,가축사육제한구역,20230223
경상남도 양산시 원동면 화제리 2009번지,48330,32028,0,2009,0000,1000000000000000228383,,,,1,용도지역코드,UMN200,배출시설설치제한지역,0,0,,배출시설설치제한지역,20230223
경상남도 양산시 원동면 화제리 2009번지,48330,32028,0,2009,0000,1000000000000000228383,,,,1,용도지역코드,UQA430,자연녹지지역,1,0,,자연녹지지역,20230223
경상남도 양산시 원동면 화제리 2009번지,48330,32028,0,2009,0000,1000000000000000228383,,,,3,용도구역코드,UOA120,상대보호구역,1,0,,상대보호구역,20230223
경상남도 양산시 원동면 화제리 2009번지,48330,32028,0,2009,0000,1000000000000000968955,,,,1,용도지역코드,UQA430,자연녹지지역,1,0,,자연녹지지역,20260612
경상남도 양산시 원동면 화제리 2009-2번지,48330,32028,0,2009,0002,1264100104954,,,,1,용도지역코드,UMN200,배출시설설치제한지역,,,,배출시설설치제한지역,20221008
경상남도 양산시 원동면 화제리 2009-2번지,48330,32028,0,2009,0002,1264100104954,,,,1,용도지역코드,UQA430,자연녹지지역,1,0,,자연녹지지역,20221008
경상남도 양산시 원동면 화제리 2009-2번지,48330,32028,0,2009,0002,1264100104954,,,,3,용도구역코드,UOA120,상대보호구역,1,0,,상대보호구역,20221008
경상남도 양산시 원동면 화제리 2009-3번지,48330,32028,0,2009,0003,1000000000000001010563,,,,3,용도구역코드,UOA120,상대보호구역,0,0,,상대보호구역,20260810
경상남도 양산시 원동면 화제리 2009-3번지,48330,32028,0,2009,0003,1000000000000001010563,,,,3,용도구역코드,UMZ100,가축사육제한구역,1,0,,가축사육제한구역,20260810
경상남도 양산시 원동면 화제리 2009-3번지,48330,32028,0,2009,0003,1000000000000001010563,,,,1,용도지역코드,UQA430,자연녹지지역,1,0,,자연녹지지역,20260810
경상남도 양산시 원동면 화제리 2009-4번지,48330,32028,0,2009,0004,1000000000000000678822,,,,1,용도지역코드,UQA430,자연녹지지역,1,0,,자연녹지지역,20250312
경상남도 양산시 원동면 화제리 2009-4번지,48330,32028,0,2009,0004,1264100103833,,,,1,용도지역코드,UMN200,배출시설설치제한지역,,,,배출시설설치제한지역,20221008
경상남도 양산시 원동면 화제리 2009-4번지,48330,32028,0,2009,0004,1264100103833,,,,1,용도지역코드,UQA430,자연녹지지역,1,0,,자연녹지지역,20221008
경상남도 양산시 원동면 화제리 2009-4번지,48330,32028,0,2009,0004,1264100103833,,,,3,용도구역코드,UOA120,상대보호구역,1,0,,상대보호구역,20221008
경상남도 양산시 원동면 화제리 2009-6번지,48330,32028,0,2009,0006,1000000000000000314776,,,,1,용도지역코드,UQA430,자연녹지지역,1,0,,자연녹지지역,20240116
경상남도 양산시 원동면 화제리 2009-6번지,48330,32028,0,2009,0006,1000000000000000314776,,,,1,용도지역코드,UM1100,공장설립제한지역,0,0,,공장설립제한지역,20240116
경상남도 양산시 원동면 화제리 2009-6번지,48330,32028,0,2009,0006,1000000000000000314776,,,,3,용도구역코드,UMZ100,가축사육제한구역,1,0,,가축사육제한구역,20240116
경상남도 양산시 원동면 화제리 2009-6번지,48330,32028,0,2009,0006,1000000000000000314776,,,,1,용도지역코드,UOC800,역사문화환경보존지역,0,0,,역사문화환경보존지역,20240116
경상남도 양산시 원동면 화제리 2009-6번지,48330,32028,0,2009,0006,1000000000000000314776,,,,1,용도지역코드,UMN200,배출시설설치제한지역,0,0,,배출시설설치제한지역,20240116
경상남도 양산시 원동면 화제리 2009-6번지,48330,32028,0,2009,0006,1000000000000000314776,,,,3,용도구역코드,UOA120,상대보호구역,0,0,,상대보호구역,20240116
경상남도 양산시 원동면 화제리 2010-1번지,48330,32028,0,2010,0001,1264100094667,,,,1,용도지역코드,UMN200,배출시설설치제한지역,,,,배출시설설치제한지역,20221008
경상남도 양산시 원동면 화제리 2010-1번지,48330,32028,0,2010,0001,1264100094667,,,,1,용도지역코드,UQA430,자연녹지지역,1,0,,자연녹지지역,20221008
경상남도 양산시 원동면 화제리 2010-1번지,48330,32028,0,2010,0001,1264100094667,,,,3,용도구역코드,UOA120,상대보호구역,1,0,,상대정화구역,20221008
경상남도 양산시 원동면 화제리 2010-1번지,48330,32028,0,2010,0001,1264100028549,,,,1,용도지역코드,UQA430,자연녹지지역,1,0,,자연녹지지역,20221008
경상남도 양산시 원동면 화제리 2013-2번지,48330,32028,0,2013,0002,12646140,,,,1,용도지역코드,1021,제1종일반주거지역,1,0,,제1종일반주거지역,20221008
경상남도 양산시 원동면 화제리 2023번지,48330,32028,0,2023,0000,1264100085728,,,,1,용도지역코드,UQA121,제1종일반주거지역,,,,제1종일반주거지역,20221008
경상남도 양산시 원동면 화제리 2023번지,48330,32028,0,2023,0000,1264100085728,,,,1,용도지역코드,UMN200,배출시설설치제한지역,,,,배출시설설치제한지역,20221008
경상남도 양산시 원동면 화제리 2023번지,48330,32028,0,2023,0000,1264100085728,,,,1,용도지역코드,UQA430,자연녹지지역,1,0,,자연녹지지역,20221008
경상남도 양산시 원동면 화제리 2025번지,48330,32028,0,2025,0000,12646583,,,,1,용도지역코드,1021,제1종일반주거지역,1,0,,제1종일반주거지역,20221008
경상남도 양산시 원동면 화제리 2025번지,48330,32028,0,2025,0000,12646583,,,,1,용도지역코드,1330,자연녹지지역,0,0,,자연녹지지역,20221008
경상남도 양산시 원동면 화제리 2025번지,48330,32028,0,2025,0000,12646583,,,,3,용도구역코드,010,도시계획구역,1,0,,도시계획구역,20221008
경상남도 양산시 원동면 화제리 2026번지,48330,32028,0,2026,0000,1264100126442,,,,1,용도지역코드,UQA430,자연녹지지역,0,0,,자연녹지지역,20221008
경상남도 양산시 원동면 화제리 2026번지,48330,32028,0,2026,0000,1264100126442,,,,3,용도구역코드,UOA120,상대보호구역,1,0,,상대보호구역,20221008
경상남도 양산시 원동면 화제리 2026번지,48330,32028,0,2026,0000,1264100126442,,,,1,용도지역코드,UQA121,제1종일반주거지역,1,0,,제1종일반주거지역,20221008
경상남도 양산시 원동면 화제리 2028-3번지,48330,32028,0,2028,0003,1264100063819,,,,1,용도지역코드,UQA121,제1종일반주거지역,1,0,,제1종일반주거지역,20221008
경상남도 양산시 원동면 화제리 2031-1번지,48330,32028,0,2031,0001,1264100055208,,,,1,용도지역코드,UQA121,제1종일반주거지역,1,0,,제1종일반주거지역,20221008
경상남도 양산시 원동면 화제리 2031-1번지,48330,32028,0,2031,0001,12648423,,,,1,용도지역코드,1021,제1종일반주거지역,1,0,,제1종일반주거지역,20221008
경상남도 양산시 원동면 화제리 2034-1번지,48330,32028,0,2034,0001,1264100031425,,,,1,용도지역코드,UQA121,제1종일반주거지역,1,0,,제1종일반주거지역,20221008
경상남도 양산시 원동면 화제리 2034-1번지,48330,32028,0,2034,0001,1264100031425,,,,1,용도지역코드,UMN200,배출시설설치제한지역,0,0,,배출시설설치제한지역,20221008
경상남도 양산시 원동면 화제리 2034-1번지,48330,32028,0,2034,0001,1264100031425,,,,3,용도구역코드,UOA120,상대보호구역,1,0,,상대정화구역,20221008
경상남도 양산시 원동면 화제리 2037-1번지,48330,32028,0,2037,0001,1264100071599,,,,1,용도지역코드,UQA121,제1종일반주거지역,1,0,,제1종일반주거지역,20221008
경상남도 양산시 원동면 화제리 2043-5번지,48330,32028,0,2043,0005,1264100022261,,,,1,용도지역코드,UQA430,자연녹지지역,1,0,,자연녹지지역,20221008
경상남도 양산시 원동면 화제리 2056-2번지,48330,32028,0,2056,0002,1264100115280,,,,1,용도지역코드,UQA121,제1종일반주거지역,1,0,,제1종일반주거지역,20221008
경상남도 양산시 원동면 화제리 2056-2번지,48330,32028,0,2056,0002,1264100115280,,,,1,용도지역코드,UMN200,배출시설설치제한지역,0,0,,배출시설설치제한지역,20221008
경상남도 양산시 원동면 화제리 2056-2번지,48330,32028,0,2056,0002,1264100115280,,,,3,용도구역코드,UOA120,상대보호구역,1,0,,상대보호구역,20221008
경상남도 양산시 원동면 화제리 2056-2번지,48330,32028,0,2056,0002,1264100115280,,,,3,용도구역코드,UOA110,절대정화구역,0,0,,절대보호구역,20221008
경상남도 양산시 원동면 화제리 2059번지,48330,32028,0,2059,0000,1264100147103,,,,1,용도지역코드,UQA121,제1종일반주거지역,1,0,,제1종일반주거지역,20221008
경상남도 양산시 원동면 화제리 2059번지,48330,32028,0,2059,0000,1264100147103,,,,1,용도지역코드,UMZ100,가축사육제한구역,0,0,,가축사육제한구역,20221008
경상남도 양산시 원동면 화제리 2059번지,48330,32028,0,2059,0000,1264100147103,,,,1,용도지역코드,UMN200,배출시설설치제한지역,0,0,,배출시설설치제한지역,20221008
경상남도 양산시 원동면 화제리 2059번지,48330,32028,0,2059,0000,1264100147103,,,,1,용도지역코드,UOA120,상대보호구역,0,0,,상대보호구역,20221008
경상남도 양산시 원동면 화제리 2059번지,48330,32028,0,2059,0000,1264100147103,,,,1,용도지역코드,UM1100,공장설립제한지역,0,0,,공장설립제한지역,20221008
경상남도 양산시 원동면 화제리 2061번지,48330,32028,0,2061,0000,1264100006533,,,,1,용도지역코드,1021,제1종일반주거지역,1,0,,제1종일반주거지역,20221008
경상남도 양산시 원동면 화제리 2070-4번지,48330,32028,0,2070,0004,12646219,,,,1,용도지역코드,1021,제1종일반주거지역,1,0,,제1종일반주거지역,20221008
경상남도 양산시 원동면 화제리 2074번지,48330,32028,0,2074,0000,1264100152310,,,,1,용도지역코드,UQA121,제1종일반주거지역,1,0,,제1종일반주거지역,20221008
경상남도 양산시 원동면 화제리 2074번지,48330,32028,0,2074,0000,1264100152310,,,,1,용도지역코드,UMN200,배출시설설치제한지역,0,0,,배출시설설치제한지역,20221008
경상남도 양산시 원동면 화제리 2074번지,48330,32028,0,2074,0000,1264100152310,,,,3,용도구역코드,UOA120,상대보호구역,1,0,,상대보호구역,20221008
경상남도 양산시 원동면 화제리 2077-1번지,48330,32028,0,2077,0001,1264100133603,,,,1,용도지역코드,UQA121,제1종일반주거지역,1,0,,제1종일반주거지역,20221008
경상남도 양산시 원동면 화제리 2091번지,48330,32028,0,2091,0000,1264100032477,,,,1,용도지역코드,UQA430,자연녹지지역,1,0,,자연녹지지역,20221008
경상남도 양산시 원동면 화제리 2091번지,48330,32028,0,2091,0000,1264100028431,,,,1,용도지역코드,UQA430,자연녹지지역,1,0,,자연녹지지역,20221008
경상남도 양산시 원동면 화제리 2091-2번지,48330,32028,0,2091,0002,1264100031238,,,,1,용도지역코드,UQA430,자연녹지지역,1,0,,자연녹지지역,20221008
경상남도 양산시 원동면 화제리 2091-4번지,48330,32028,0,2091,0004,1000000000000000818082,,,,1,용도지역코드,UQA121,제1종일반주거지역,1,0,,제1종일반주거지역,20251002
경상남도 양산시 원동면 화제리 2091-4번지,48330,32028,0,2091,0004,1000000000000000818082,,,,3,용도구역코드,UOA120,상대보호구역,1,0,,상대보호구역,20251002
경상남도 양산시 원동면 화제리 2091-4번지,48330,32028,0,2091,0004,1000000000000000818082,,,,1,용도지역코드,UQA430,자연녹지지역,0,0,,자연녹지지역,20251002
경상남도 양산시 원동면 화제리 2108-5번지,48330,32028,0,2108,0005,1264100098775,,,,1,용도지역코드,UQA430,자연녹지지역,1,0,,자연녹지지역,20221008
경상남도 양산시 원동면 화제리 2108-5번지,48330,32028,0,2108,0005,1264100098775,,,,1,용도지역코드,UMN200,배출시설설치제한지역,0,0,,배출시설설치제한지역,20221008
경상남도 양산시 원동면 화제리 2108-6번지,48330,32028,0,2108,0006,1264100121741,,,,1,용도지역코드,UQA430,자연녹지지역,1,0,,자연녹지지역,20221008
경상남도 양산시 원동면 화제리 2108-6번지,48330,32028,0,2108,0006,1264100121741,,,,1,용도지역코드,UMN200,배출시설설치제한지역,0,0,,배출시설설치제한지역,20221008
경상남도 양산시 원동면 화제리 2122-1번지,48330,32028,0,2122,0001,1264100154833,,,,1,용도지역코드,UQA430,자연녹지지역,1,0,,자연녹지지역,20221008
경상남도 양산시 원동면 화제리 2122-1번지,48330,32028,0,2122,0001,1264100154833,,,,1,용도지역코드,UMN200,배출시설설치제한지역,0,0,,배출시설설치제한지역,20221008
경상남도 양산시 원동면 화제리 2137-2번지,48330,32028,0,2137,0002,1000000000000000892809,,,,1,용도지역코드,UQA430,자연녹지지역,1,0,,자연녹지지역,20260224
경상남도 양산시 원동면 화제리 2143번지,48330,32028,0,2143,0000,1264100075240,,,,1,용도지역코드,UQA430,자연녹지지역,1,0,,자연녹지지역,20221008
경상남도 양산시 원동면 화제리 2145번지,48330,32028,0,2145,0000,12643137,,,,1,용도지역코드,Z200,준농림지역,1,0,,준농림지역,20221008
경상남도 양산시 원동면 화제리 2146-5번지,48330,32028,0,2146,0005,1264100079499,,,,1,용도지역코드,UMN200,배출시설설치제한지역,,,,배출시설설치제한지역,20221008
경상남도 양산시 원동면 화제리 2146-5번지,48330,32028,0,2146,0005,1264100079499,,,,1,용도지역코드,UQA430,자연녹지지역,1,0,,자연녹지지역,20221008
경상남도 양산시 원동면 화제리 2146-5번지,48330,32028,0,2146,0005,1264100157231,,,,1,용도지역코드,UQA430,자연녹지지역,1,0,,자연녹지지역,20230224
경상남도 양산시 원동면 화제리 2154-1번지,48330,32028,0,2154,0001,1264100140604,,,,1,용도지역코드,UQA430,자연녹지지역,1,0,,자연녹지지역,20221008
경상남도 양산시 원동면 화제리 2164번지,48330,32028,0,2164,0000,1264100106454,,,,1,용도지역코드,UMN200,배출시설설치제한지역,,,,배출시설설치제한지역,20221008
경상남도 양산시 원동면 화제리 2164번지,48330,32028,0,2164,0000,1264100106454,,,,1,용도지역코드,UQA430,자연녹지지역,1,0,,자연녹지지역,20221008
경상남도 양산시 원동면 화제리 2166번지,48330,32028,0,2166,0000,1264100112801,,,,1,용도지역코드,UQA430,자연녹지지역,1,0,,자연녹지지역,20221008
경상남도 양산시 원동면 화제리 2166번지,48330,32028,0,2166,0000,1264100112801,,,,1,용도지역코드,UMN200,배출시설설치제한지역,0,0,,배출시설설치제한지역,20221008
경상남도 양산시 원동면 화제리 2169번지,48330,32028,0,2169,0000,1000000000000000739311,,,,1,용도지역코드,UQA430,자연녹지지역,1,0,,자연녹지지역,20250605
경상남도 양산시 원동면 화제리 2169-1번지,48330,32028,0,2169,0001,1000000000000000889390,,,,1,용도지역코드,UQA430,자연녹지지역,1,0,,자연녹지지역,20260212
경상남도 양산시 원동면 화제리 2169-2번지,48330,32028,0,2169,0002,1000000000000000719813,,,,1,용도지역코드,UMN200,배출시설설치제한지역,0,0,,배출시설설치제한지역,20250508
경상남도 양산시 원동면 화제리 2169-2번지,48330,32028,0,2169,0002,1000000000000000719813,,,,1,용도지역코드,UQA430,자연녹지지역,1,0,,자연녹지지역,20250508
경상남도 양산시 원동면 화제리 2172번지,48330,32028,0,2172,0000,1264100152890,,,,1,용도지역코드,UQA430,자연녹지지역,1,0,,자연녹지지역,20221008
경상남도 양산시 원동면 화제리 2172번지,48330,32028,0,2172,0000,1264100152890,,,,1,용도지역코드,UMN200,배출시설설치제한지역,0,0,,배출시설설치제한지역,20221008
경상남도 양산시 원동면 화제리 2172번지,48330,32028,0,2172,0000,1264100152890,,,,3,용도구역코드,UJB100,하천구역,1,0,,하천구역,20221008
경상남도 양산시 원동면 화제리 2186번지,48330,32028,0,2186,0000,1000000000000000864922,,,,1,용도지역코드,UQA430,자연녹지지역,1,0,,자연녹지지역,20251223
경상남도 양산시 원동면 화제리 2198번지,48330,32028,0,2198,0000,1264100081340,,,,1,용도지역코드,UQA430,자연녹지지역,1,0,,자연녹지지역,20250627
경상남도 양산시 원동면 화제리 2198번지,48330,32028,0,2198,0000,1264100081340,,,,1,용도지역코드,UMN200,배출시설설치제한지역,0,,,배출시설설치제한지역,20250627
경상남도 양산시 원동면 화제리 2199번지,48330,32028,0,2199,0000,1264100077499,,,,1,용도지역코드,UMN200,배출시설설치제한지역,,,,배출시설설치제한지역,20221008
경상남도 양산시 원동면 화제리 2199번지,48330,32028,0,2199,0000,1264100077499,,,,1,용도지역코드,UQA430,자연녹지지역,1,0,,자연녹지지역,20221008
경상남도 양산시 원동면 화제리 2206-2번지,48330,32028,0,2206,0002,1264100154592,,,,1,용도지역코드,UQA430,자연녹지지역,1,0,,자연녹지지역,20221008
경상남도 양산시 원동면 화제리 2206-2번지,48330,32028,0,2206,0002,1264100154592,,,,1,용도지역코드,UMN200,배출시설설치제한지역,0,0,,배출시설설치제한지역,20221008
경상남도 양산시 원동면 화제리 2248번지,48330,32028,0,2248,0000,1264100137064,,,,1,용도지역코드,UQA430,자연녹지지역,1,0,,자연녹지지역,20221008
경상남도 양산시 원동면 화제리 2248-3번지,48330,32028,0,2248,0003,1264100073720,,,,1,용도지역코드,UMN200,배출시설설치제한지역,,,,배출시설설치제한지역,20221008
경상남도 양산시 원동면 화제리 2248-3번지,48330,32028,0,2248,0003,1264100073720,,,,1,용도지역코드,UQA430,자연녹지지역,1,0,,자연녹지지역,20221008
경상남도 양산시 원동면 화제리 2248-5번지,48330,32028,0,2248,0005,1000000000000000974927,,,,1,용도지역코드,UQA430,자연녹지지역,1,0,,자연녹지지역,20260618
경상남도 양산시 원동면 화제리 2248-5번지,48330,32028,0,2248,0005,1264100073699,,,,1,용도지역코드,UMN200,배출시설설치제한지역,,,,배출시설설치제한지역,20221008
경상남도 양산시 원동면 화제리 2248-5번지,48330,32028,0,2248,0005,1264100073699,,,,1,용도지역코드,UQA430,자연녹지지역,1,0,,자연녹지지역,20221008
경상남도 양산시 원동면 화제리 2248-8번지,48330,32028,0,2248,0008,1264100072921,,,,1,용도지역코드,UMN200,배출시설설치제한지역,,,,배출시설설치제한지역,20221008
경상남도 양산시 원동면 화제리 2248-8번지,48330,32028,0,2248,0008,1264100072921,,,,1,용도지역코드,UQA430,자연녹지지역,1,0,,자연녹지지역,20221008
경상남도 양산시 원동면 화제리 2248-8번지,48330,32028,0,2248,0008,1000000000000000353841,,,,1,용도지역코드,UQA430,자연녹지지역,1,0,,자연녹지지역,20231027
경상남도 양산시 원동면 화제리 2248-8번지,48330,32028,0,2248,0008,1000000000000000353841,,,,1,용도지역코드,UM1100,공장설립제한지역,0,0,,공장설립제한지역,20231027
경상남도 양산시 원동면 화제리 2248-8번지,48330,32028,0,2248,0008,1000000000000000353841,,,,1,용도지역코드,UMN200,배출시설설치제한지역,0,0,,배출시설설치제한지역,20231027
경상남도 양산시 원동면 화제리 2248-8번지,48330,32028,0,2248,0008,1000000000000000353841,,,,3,용도구역코드,UMZ100,가축사육제한구역,1,0,,가축사육제한구역,20231027
경상남도 양산시 원동면 화제리 2248-8번지,48330,32028,0,2248,0008,1000000000000000414330,,,,1,용도지역코드,UM1100,공장설립제한지역,0,0,,공장설립제한지역,20250117
경상남도 양산시 원동면 화제리 2248-8번지,48330,32028,0,2248,0008,1000000000000000414330,,,,1,용도지역코드,UMN200,배출시설설치제한지역,0,0,,배출시설설치제한지역,20250117
경상남도 양산시 원동면 화제리 2248-8번지,48330,32028,0,2248,0008,1000000000000000414330,,,,3,용도구역코드,UMZ100,가축사육제한구역,1,0,,가축사육제한구역,20250117
경상남도 양산시 원동면 화제리 2248-8번지,48330,32028,0,2248,0008,1000000000000000414330,,,,1,용도지역코드,UQA430,자연녹지지역,1,0,,자연녹지지역,20250117
경상남도 양산시 원동면 화제리 2248-10번지,48330,32028,0,2248,0010,1000000000000000307237,,,,3,용도구역코드,UMZ100,가축사육제한구역,1,0,,가축사육제한구역,20230801
경상남도 양산시 원동면 화제리 2248-10번지,48330,32028,0,2248,0010,1000000000000000307237,,,,1,용도지역코드,UQA430,자연녹지지역,1,0,,자연녹지지역,20230801
경상남도 양산시 원동면 화제리 2248-10번지,48330,32028,0,2248,0010,1264100134303,,,,1,용도지역코드,UQA430,자연녹지지역,1,0,,자연녹지지역,20221008
경상남도 양산시 원동면 화제리 2248-10번지,48330,32028,0,2248,0010,1264100151531,,,,1,용도지역코드,UQA430,자연녹지지역,1,0,,자연녹지지역,20221008
경상남도 양산시 원동면 화제리 2295-6번지,48330,32028,0,2295,0006,1000000000000000934237,,,,1,용도지역코드,UQA430,자연녹지지역,1,0,,자연녹지지역,20260422
경상남도 양산시 원동면 화제리 2295-9번지,48330,32028,0,2295,0009,1000000000000000962226,,,,1,용도지역코드,UQA430,자연녹지지역,1,0,,자연녹지지역,20260604
경상남도 양산시 원동면 화제리 2299-1번지,48330,32028,0,2299,0001,1000000000000000463803,,,,1,용도지역코드,UQA430,자연녹지지역,1,0,,자연녹지지역,20240221
경상남도 양산시 원동면 화제리 2300-2번지,48330,32028,0,2300,0002,1000000000000000630206,,,,1,용도지역코드,UQA430,자연녹지지역,1,0,,자연녹지지역,20241203
경상남도 양산시 원동면 화제리 2300-2번지,48330,32028,0,2300,0002,1000000000000000630206,,,,1,용도지역코드,UMN200,배출시설설치제한지역,0,0,,배출시설설치제한지역,20241203
경상남도 양산시 원동면 화제리 2300-2번지,48330,32028,0,2300,0002,1000000000000000630206,,,,3,용도구역코드,UMZ100,가축사육제한구역,1,0,,가축사육제한구역,20241203
경상남도 양산시 원동면 화제리 2301-2번지,48330,32028,0,2301,0002,1000000000000000405258,,,,3,용도구역코드,UMZ100,가축사육제한구역,1,0,,가축사육제한구역,20231108
경상남도 양산시 원동면 화제리 2301-2번지,48330,32028,0,2301,0002,1000000000000000405258,,,,1,용도지역코드,UM1100,공장설립제한지역,0,0,,공장설립제한지역,20231108
경상남도 양산시 원동면 화제리 2301-2번지,48330,32028,0,2301,0002,1000000000000000405258,,,,1,용도지역코드,UMN200,배출시설설치제한지역,0,0,,배출시설설치제한지역,20231108
경상남도 양산시 원동면 화제리 2301-2번지,48330,32028,0,2301,0002,1000000000000000405258,,,,1,용도지역코드,UQA430,자연녹지지역,1,0,,자연녹지지역,20231108
경상남도 양산시 원동면 화제리 2302-2번지,48330,32028,0,2302,0002,1000000000000000840030,,,,1,용도지역코드,UM1100,공장설립제한지역,0,0,,공장설립제한지역,20251112
경상남도 양산시 원동면 화제리 2302-2번지,48330,32028,0,2302,0002,1000000000000000840030,,,,3,용도구역코드,UMZ100,가축사육제한구역,1,0,,가축사육제한구역,20251112
경상남도 양산시 원동면 화제리 2302-2번지,48330,32028,0,2302,0002,1000000000000000840030,,,,1,용도지역코드,UMN200,배출시설설치제한지역,0,0,,배출시설설치제한지역,20251112
경상남도 양산시 원동면 화제리 2302-2번지,48330,32028,0,2302,0002,1000000000000000840030,,,,1,용도지역코드,UQA430,자연녹지지역,1,0,,자연녹지지역,20251112
경상남도 양산시 원동면 화제리 2302-3번지,48330,32028,0,2302,0003,1000000000000000732344,,,,1,용도지역코드,UQA430,자연녹지지역,1,0,,자연녹지지역,20250526
경상남도 양산시 원동면 화제리 2304번지,48330,32028,0,2304,0000,1000000000000000389971,,,,1,용도지역코드,UQA430,자연녹지지역,1,0,,자연녹지지역,20231129
경상남도 양산시 원동면 화제리 2308번지,48330,32028,0,2308,0000,1000000000000001014708,,,,1,용도지역코드,UQA430,자연녹지지역,1,0,,자연녹지지역,20260818
경상남도 양산시 원동면 화제리 2308번지,48330,32028,0,2308,0000,1000000000000001014708,,,,1,용도지역코드,UMN200,배출시설설치제한지역,0,0,,배출시설설치제한지역,20260818
경상남도 양산시 원동면 화제리 2308번지,48330,32028,0,2308,0000,1000000000000001014708,,,,3,용도구역코드,UMZ100,가축사육제한구역,1,0,,가축사육제한구역,20260818
경상남도 양산시 원동면 화제리 2308번지,48330,32028,0,2308,0000,1000000000000001014708,,,,1,용도지역코드,UM1100,공장설립제한지역,0,0,,공장설립제한지역,20260818
경상남도 양산시 원동면 화제리 2308번지,48330,32028,0,2308,0000,1264100130544,,,,1,용도지역코드,UQA430,자연녹지지역,1,0,,자연녹지지역,20221008
경상남도 양산시 원동면 화제리 2308번지,48330,32028,0,2308,0000,1264100080719,,,,1,용도지역코드,UQA430,자연녹지지역,1,0,,자연녹지지역,20221008
경상남도 양산시 원동면 화제리 2308번지,48330,32028,0,2308,0000,1264100051090,,,,1,용도지역코드,UQA430,자연녹지지역,1,0,,자연녹지지역,20221008
경상남도 양산시 원동면 화제리 2308-5번지,48330,32028,0,2308,0005,1000000000000000979031,,,,1,용도지역코드,UQA430,자연녹지지역,1,0,,자연녹지지역,20260623
경상남도 양산시 원동면 화제리 2308-7번지,48330,32028,0,2308,0007,1000000000000000896984,,,,1,용도지역코드,UQA430,자연녹지지역,1,0,,자연녹지지역,20260304
경상남도 양산시 원동면 화제리 2308-7번지,48330,32028,0,2308,0007,1264100134085,,,,1,용도지역코드,UQA430,자연녹지지역,1,0,,자연녹지지역,20221008
경상남도 양산시 원동면 화제리 2308-7번지,48330,32028,0,2308,0007,1264100134085,,,,1,용도지역코드,UMZ100,가축사육제한구역,0,0,,가축사육제한구역,20221008
경상남도 양산시 원동면 화제리 2308-7번지,48330,32028,0,2308,0007,1264100134085,,,,1,용도지역코드,UM1100,공장설립제한지역,0,0,,공장설립제한지역,20221008
경상남도 양산시 원동면 화제리 2308-7번지,48330,32028,0,2308,0007,1264100134085,,,,1,용도지역코드,UMN200,배출시설설치제한지역,0,0,,배출시설설치제한지역,20221008
경상남도 양산시 원동면 화제리 2308-9번지,48330,32028,0,2308,0009,1264100157910,,,,1,용도지역코드,UQA430,자연녹지지역,1,0,,자연녹지지역,20230501
경상남도 양산시 원동면 화제리 2310번지,48330,32028,0,2310,0000,1000000000000000253526,,,,1,용도지역코드,UQA430,자연녹지지역,1,0,,자연녹지지역,20260522
경상남도 양산시 원동면 화제리 2310번지,48330,32028,0,2310,0000,1000000000000000253526,,,,1,용도지역코드,UMN200,배출시설설치제한지역,0,0,,배출시설설치제한지역,20260522
경상남도 양산시 원동면 화제리 2310번지,48330,32028,0,2310,0000,1000000000000000955626,,,,1,용도지역코드,UQA430,자연녹지지역,1,0,,자연녹지지역,20260522
경상남도 양산시 원동면 화제리 2311번지,48330,32028,0,2311,0000,1000000000000000747730,,,,1,용도지역코드,UQA430,자연녹지지역,1,0,,자연녹지지역,20250618
경상남도 양산시 원동면 화제리 2311번지,48330,32028,0,2311,0000,1000000000000000747730,,,,3,용도구역코드,UMZ100,가축사육제한구역,1,0,,가축사육제한구역,20250618
경상남도 양산시 원동면 화제리 2314번지,48330,32028,0,2314,0000,1264100090562,,,,1,용도지역코드,UQA430,자연녹지지역,1,0,,자연녹지지역,20221008
경상남도 양산시 원동면 화제리 2315-1번지,48330,32028,0,2315,0001,1264100014814,,,,1,용도지역코드,1330,자연녹지지역,1,0,,자연녹지지역,20221008
경상남도 양산시 원동면 화제리 2315-1번지,48330,32028,0,2315,0001,1264100014814,,,,2,용도지구코드,011,자연취락지구,1,0,,자연취락지구,20221008
경상남도 양산시 원동면 화제리 2315-1번지,48330,32028,0,2315,0001,1264100010590,,,,1,용도지역코드,1330,자연녹지지역,1,0,,자연녹지지역,20221008
경상남도 양산시 원동면 화제리 2315-1번지,48330,32028,0,2315,0001,1264100010590,,,,2,용도지구코드,011,자연취락지구,1,0,,자연취락지구,20221008
경상남도 양산시 원동면 화제리 2320-1번지,48330,32028,0,2320,0001,1264100041502,,,,1,용도지역코드,UQA430,자연녹지지역,1,0,,자연녹지지역,20221008
경상남도 양산시 원동면 화제리 2324번지,48330,32028,0,2324,0000,1000000000000000743919,,,,1,용도지역코드,UQA430,자연녹지지역,1,0,,자연녹지지역,20250612
경상남도 양산시 원동면 화제리 2325-1번지,48330,32028,0,2325,0001,12644345,,,,1,용도지역코드,1330,자연녹지지역,1,0,,자연녹지지역,20221008
경상남도 양산시 원동면 화제리 2332번지,48330,32028,0,2332,0000,1264100144983,,,,1,용도지역코드,UQA430,자연녹지지역,1,0,,자연녹지지역,20221008
경상남도 양산시 원동면 화제리 2332번지,48330,32028,0,2332,0000,1264100144983,,,,2,용도지구코드,UQM110,자연취락지구,1,0,,자연취락지구,20221008
경상남도 양산시 원동면 화제리 2340-1번지,48330,32028,0,2340,0001,12647441,,,,1,용도지역코드,1330,자연녹지지역,1,0,,자연녹지지역,20221008
경상남도 양산시 원동면 화제리 2340-1번지,48330,32028,0,2340,0001,12647441,,,,2,용도지구코드,011,자연취락지구,1,0,,자연취락지구,20221008
경상남도 양산시 원동면 화제리 2340-1번지,48330,32028,0,2340,0001,12647441,,,,3,용도구역코드,010,도시계획구역,1,0,,도시계획구역,20221008
경상남도 양산시 원동면 화제리 2342-3번지,48330,32028,0,2342,0003,1000000000000000541284,,,,1,용도지역코드,UQA430,자연녹지지역,1,0,,자연녹지지역,20240621
경상남도 양산시 원동면 화제리 2342-3번지,48330,32028,0,2342,0003,1000000000000000541284,,,,1,용도지역코드,UM1100,공장설립제한지역,0,0,,공장설립제한지역,20240621
경상남도 양산시 원동면 화제리 2342-3번지,48330,32028,0,2342,0003,1000000000000000541284,,,,1,용도지역코드,UMN200,배출시설설치제한지역,0,0,,배출시설설치제한지역,20240621
경상남도 양산시 원동면 화제리 2342-3번지,48330,32028,0,2342,0003,1000000000000000541284,,,,3,용도구역코드,UMZ100,가축사육제한구역,1,0,,가축사육제한구역,20240621
경상남도 양산시 원동면 화제리 2342-3번지,48330,32028,0,2342,0003,1000000000000000541284,,,,2,용도지구코드,UQM110,자연취락지구,1,0,,자연취락지구,20240621
경상남도 양산시 원동면 화제리 2342-8번지,48330,32028,0,2342,0008,1000000000000000717208,,,,1,용도지역코드,UM1100,공장설립제한지역,0,0,,공장설립제한지역,20250501
경상남도 양산시 원동면 화제리 2342-8번지,48330,32028,0,2342,0008,1000000000000000717208,,,,1,용도지역코드,UQA430,자연녹지지역,1,0,,자연녹지지역,20250501
경상남도 양산시 원동면 화제리 2342-8번지,48330,32028,0,2342,0008,1000000000000000717208,,,,3,용도구역코드,UMZ100,가축사육제한구역,1,0,,가축사육제한구역,20250501
경상남도 양산시 원동면 화제리 2342-8번지,48330,32028,0,2342,0008,1000000000000000717208,,,,1,용도지역코드,UMN200,배출시설설치제한지역,0,0,,배출시설설치제한지역,20250501
경상남도 양산시 원동면 화제리 2342-8번지,48330,32028,0,2342,0008,1000000000000000717208,,,,2,용도지구코드,UQM110,자연취락지구,1,0,,자연취락지구,20250501
경상남도 양산시 원동면 화제리 2343-1번지,48330,32028,0,2343,0001,1264100036937,,,,1,용도지역코드,UQA430,자연녹지지역,1,0,,자연녹지지역,20221008
경상남도 양산시 원동면 화제리 2343-1번지,48330,32028,0,2343,0001,1264100036937,,,,2,용도지구코드,UQM110,자연취락지구,1,0,,자연취락지구,20221008
경상남도 양산시 원동면 화제리 2343-2번지,48330,32028,0,2343,0002,1264758,,,,1,용도지역코드,0700,취락지역,1,0,,취락지역,20221008
경상남도 양산시 원동면 화제리 2348-2번지,48330,32028,0,2348,0002,1000000000000000670779,,,,1,용도지역코드,UQA430,자연녹지지역,1,0,,자연녹지지역,20250226
경상남도 양산시 원동면 화제리 2348-2번지,48330,32028,0,2348,0002,1000000000000000670779,,,,3,용도구역코드,UMZ100,가축사육제한구역,1,0,,가축사육제한구역,20250226
경상남도 양산시 원동면 화제리 2349-2번지,48330,32028,0,2349,0002,12648029,,,,1,용도지역코드,1330,자연녹지지역,1,0,,자연녹지지역,20221008
경상남도 양산시 원동면 화제리 2362-1번지,48330,32028,0,2362,0001,1264100155911,,,,1,용도지역코드,UQA430,자연녹지지역,1,0,,자연녹지지역,20221008
경상남도 양산시 원동면 화제리 2362-3번지,48330,32028,0,2362,0003,1000000000000000324305,,,,3,용도구역코드,UMZ100,가축사육제한구역,1,0,,가축사육제한구역,20230626
경상남도 양산시 원동면 화제리 2362-3번지,48330,32028,0,2362,0003,1000000000000000324305,,,,1,용도지역코드,UMN200,배출시설설치제한지역,0,0,,배출시설설치제한지역,20230626
경상남도 양산시 원동면 화제리 2362-3번지,48330,32028,0,2362,0003,1000000000000000324305,,,,1,용도지역코드,UM1100,공장설립제한지역,0,0,,공장설립제한지역,20230626
경상남도 양산시 원동면 화제리 2362-3번지,48330,32028,0,2362,0003,1000000000000000324305,,,,1,용도지역코드,UQA430,자연녹지지역,1,0,,자연녹지지역,20230626
경상남도 양산시 원동면 화제리 2362-9번지,48330,32028,0,2362,0009,1264100153650,,,,1,용도지역코드,UQA430,자연녹지지역,1,0,,자연녹지지역,20221008
경상남도 양산시 원동면 화제리 2362-9번지,48330,32028,0,2362,0009,1264100127702,,,,1,용도지역코드,UQA430,자연녹지지역,1,0,,자연녹지지역,20221008
경상남도 양산시 원동면 화제리 2369-4번지,48330,32028,0,2369,0004,1000000000000000907182,,,,1,용도지역코드,UQA430,자연녹지지역,1,0,,자연녹지지역,20260323
경상남도 양산시 원동면 화제리 2369-4번지,48330,32028,0,2369,0004,1000000000000000907182,,,,3,용도구역코드,UMZ100,가축사육제한구역,1,0,,가축사육제한구역,20260323
경상남도 양산시 원동면 화제리 2369-4번지,48330,32028,0,2369,0004,1000000000000000210826,,,,3,용도구역코드,UMZ100,가축사육제한구역,1,0,,가축사육제한구역,20230302
경상남도 양산시 원동면 화제리 2369-4번지,48330,32028,0,2369,0004,1000000000000000210826,,,,1,용도지역코드,UQA430,자연녹지지역,1,0,,자연녹지지역,20230302
경상남도 양산시 원동면 화제리 2369-4번지,48330,32028,0,2369,0004,1264100154250,,,,3,용도구역코드,UMZ100,가축사육제한구역,1,0,,가축사육제한구역,20221020
경상남도 양산시 원동면 화제리 2369-4번지,48330,32028,0,2369,0004,1264100154250,,,,1,용도지역코드,UQA430,자연녹지지역,1,0,,자연녹지지역,20221020
경상남도 양산시 원동면 화제리 2369-4번지,48330,32028,0,2369,0004,1264100115376,,,,1,용도지역코드,UQA430,자연녹지지역,1,0,,자연녹지지역,20221008
경상남도 양산시 원동면 화제리 2369-4번지,48330,32028,0,2369,0004,1264100115376,,,,1,용도지역코드,UMN200,배출시설설치제한지역,0,0,,배출시설설치제한지역,20221008
경상남도 양산시 원동면 화제리 2369-4번지,48330,32028,0,2369,0004,1264100115376,,,,3,용도구역코드,UMZ100,가축사육제한구역,1,0,,가축사육제한구역,20221008
경상남도 양산시 원동면 화제리 2369-5번지,48330,32028,0,2369,0005,1000000000000001008423,,,,3,용도구역코드,UMZ100,가축사육제한구역,1,0,,가축사육제한구역,20260805
경상남도 양산시 원동면 화제리 2369-5번지,48330,32028,0,2369,0005,1000000000000001008423,,,,1,용도지역코드,UQA430,자연녹지지역,1,0,,자연녹지지역,20260805
경상남도 양산시 원동면 화제리 2369-5번지,48330,32028,0,2369,0005,1264100149370,,,,3,용도구역코드,UMZ100,가축사육제한구역,1,,,가축사육제한구역,20240801
경상남도 양산시 원동면 화제리 2369-5번지,48330,32028,0,2369,0005,1264100149370,,,,1,용도지역코드,UMN200,배출시설설치제한지역,,,,배출시설설치제한지역,20240801
경상남도 양산시 원동면 화제리 2369-5번지,48330,32028,0,2369,0005,1264100149370,,,,1,용도지역코드,UM1100,공장설립제한지역,,,,공장설립제한지역,20240801
경상남도 양산시 원동면 화제리 2369-5번지,48330,32028,0,2369,0005,1264100149370,,,,1,용도지역코드,UQA430,자연녹지지역,1,,,자연녹지지역,20240801
경상남도 양산시 원동면 화제리 2369-5번지,48330,32028,0,2369,0005,1000000000000000634321,,,,3,용도구역코드,UMZ100,가축사육제한구역,1,0,,가축사육제한구역,20241210
경상남도 양산시 원동면 화제리 2369-5번지,48330,32028,0,2369,0005,1000000000000000634321,,,,1,용도지역코드,UQA430,자연녹지지역,1,0,,자연녹지지역,20241210
경상남도 양산시 원동면 화제리 2369-5번지,48330,32028,0,2369,0005,1000000000000000084150,,,,1,용도지역코드,UM1100,공장설립제한지역,0,0,,공장설립제한지역,20221026
경상남도 양산시 원동면 화제리 2369-5번지,48330,32028,0,2369,0005,1000000000000000084150,,,,1,용도지역코드,UMN200,배출시설설치제한지역,0,0,,배출시설설치제한지역,20221026
경상남도 양산시 원동면 화제리 2369-5번지,48330,32028,0,2369,0005,1000000000000000084150,,,,1,용도지역코드,UQA430,자연녹지지역,1,0,,자연녹지지역,20221026
경상남도 양산시 원동면 화제리 2369-5번지,48330,32028,0,2369,0005,1000000000000000084150,,,,3,용도구역코드,UMZ100,가축사육제한구역,1,0,,가축사육제한구역,20221026
경상남도 양산시 원동면 화제리 2369-5번지,48330,32028,0,2369,0005,1264100138223,,,,1,용도지역코드,UQA430,자연녹지지역,1,0,,자연녹지지역,20221008
경상남도 양산시 원동면 화제리 2369-5번지,48330,32028,0,2369,0005,1264100140644,,,,1,용도지역코드,UQA430,자연녹지지역,1,0,,자연녹지지역,20221008
경상남도 양산시 원동면 화제리 2371번지,48330,32028,0,2371,0000,1000000000000000962225,,,,1,용도지역코드,UQA430,자연녹지지역,1,0,,자연녹지지역,20260604
경상남도 양산시 원동면 화제리 2378번지,48330,32028,0,2378,0000,1264100101477,,,,1,용도지역코드,UMN200,배출시설설치제한지역,,,,배출시설설치제한지역,20221008
경상남도 양산시 원동면 화제리 2378번지,48330,32028,0,2378,0000,1264100101477,,,,1,용도지역코드,UQA430,자연녹지지역,1,0,,자연녹지지역,20221008
경상남도 양산시 원동면 화제리 2410번지,48330,32028,0,2410,0000,1264100151772,,,,1,용도지역코드,UQA430,자연녹지지역,1,0,,자연녹지지역,20221008
경상남도 양산시 원동면 화제리 2410번지,48330,32028,0,2410,0000,1264100151772,,,,1,용도지역코드,UMN200,배출시설설치제한지역,0,0,,배출시설설치제한지역,20221008
경상남도 양산시 원동면 화제리 2423번지,48330,32028,0,2423,0000,1264100091341,,,,1,용도지역코드,UMN200,배출시설설치제한지역,,,,배출시설설치제한지역,20221008
경상남도 양산시 원동면 화제리 2423번지,48330,32028,0,2423,0000,1264100091341,,,,1,용도지역코드,UQA430,자연녹지지역,1,0,,자연녹지지역,20221008
경상남도 양산시 원동면 화제리 2438-2번지,48330,32028,0,2438,0002,1000000000000000829515,,,,1,용도지역코드,UQA430,자연녹지지역,1,0,,자연녹지지역,20251028
경상남도 양산시 원동면 화제리 2438-2번지,48330,32028,0,2438,0002,1264100094321,,,,1,용도지역코드,UMN200,배출시설설치제한지역,,,,배출시설설치제한지역,20221008
경상남도 양산시 원동면 화제리 2438-2번지,48330,32028,0,2438,0002,1264100094321,,,,1,용도지역코드,UQA430,자연녹지지역,1,0,,자연녹지지역,20221008
경상남도 양산시 원동면 화제리 2438-6번지,48330,32028,0,2438,0006,1000000000000000692892,,,,1,용도지역코드,UQA430,자연녹지지역,1,0,,자연녹지지역,20250331
경상남도 양산시 원동면 화제리 2438-6번지,48330,32028,0,2438,0006,1264100124661,,,,1,용도지역코드,UQA430,자연녹지지역,1,0,,자연녹지지역,20221008
경상남도 양산시 원동면 화제리 2438-6번지,48330,32028,0,2438,0006,1264100124661,,,,1,용도지역코드,UMN200,배출시설설치제한지역,0,0,,배출시설설치제한지역,20221008
경상남도 양산시 원동면 화제리 2452-1번지,48330,32028,0,2452,0001,1264100133190,,,,1,용도지역코드,UQA430,자연녹지지역,1,0,,자연녹지지역,20221008
경상남도 양산시 원동면 화제리 2452-1번지,48330,32028,0,2452,0001,1264100133190,,,,1,용도지역코드,UM1100,공장설립제한지역,0,0,,공장설립제한지역,20221008
경상남도 양산시 원동면 화제리 2452-1번지,48330,32028,0,2452,0001,1264100133190,,,,1,용도지역코드,UMN200,배출시설설치제한지역,0,0,,배출시설설치제한지역,20221008
경상남도 양산시 원동면 화제리 2452-1번지,48330,32028,0,2452,0001,1264100133190,,,,3,용도구역코드,UMZ100,가축사육제한구역,1,0,,가축사육제한구역,20221008
경상남도 양산시 원동면 화제리 2566-4번지,48330,32028,0,2566,0004,1000000000000000756697,,,,1,용도지역코드,UQA121,제1종일반주거지역,1,0,,제1종일반주거지역,20250701
경상남도 양산시 원동면 화제리 2571-1번지,48330,32028,0,2571,0001,1264100112301,,,,1,용도지역코드,UQA121,제1종일반주거지역,1,0,,제1종일반주거지역,20240304
경상남도 양산시 원동면 화제리 2571-1번지,48330,32028,0,2571,0001,1264100112301,,,,1,용도지역코드,UMN200,배출시설설치제한지역,0,0,,배출시설설치제한지역,20240304
경상남도 양산시 원동면 화제리 2600번지,48330,32028,0,2600,0000,1264100120899,,,,1,용도지역코드,UQA430,자연녹지지역,1,0,,자연녹지지역,20221008
경상남도 양산시 원동면 화제리 2600번지,48330,32028,0,2600,0000,1264100120899,,,,1,용도지역코드,UMN200,배출시설설치제한지역,0,0,,배출시설설치제한지역,20221008
경상남도 양산시 원동면 화제리 2645-1번지,48330,32028,0,2645,0001,12642370,,2645,5,1,용도지역코드,Z200,준농림지역,1,0,,준농림지역,20221008
경상남도 양산시 원동면 화제리 2645-4번지,48330,32028,0,2645,0004,1000000000000000325807,,,,1,용도지역코드,UQA430,자연녹지지역,1,0,,자연녹지지역,20230627
경상남도 양산시 원동면 화제리 2645-4번지,48330,32028,0,2645,0004,1000000000000000307982,,,,1,용도지역코드,UQA430,자연녹지지역,1,0,,자연녹지지역,20230602
경상남도 양산시 원동면 화제리 2645-4번지,48330,32028,0,2645,0004,1264100156710,,,,1,용도지역코드,UQA430,자연녹지지역,1,0,,자연녹지지역,20221008
경상남도 양산시 원동면 화제리 2648-4번지,48330,32028,0,2648,0004,1264100136483,,,,1,용도지역코드,UQA430,자연녹지지역,1,0,,자연녹지지역,20221008
경상남도 양산시 원동면 화제리 2648-4번지,48330,32028,0,2648,0004,1264100136483,,,,1,용도지역코드,UMN200,배출시설설치제한지역,0,0,,배출시설설치제한지역,20221008
경상남도 양산시 원동면 화제리 2682-3번지,48330,32028,0,2682,0003,1264100121360,,,,1,용도지역코드,UQC001,농림지역,1,0,,농림지역,20221008
경상남도 양산시 원동면 화제리 2682-3번지,48330,32028,0,2682,0003,1264100121360,,,,1,용도지역코드,UM1100,공장설립제한지역,0,0,,공장설립제한지역,20221008
경상남도 양산시 원동면 화제리 2682-3번지,48330,32028,0,2682,0003,1264100121360,,,,1,용도지역코드,UMN200,배출시설설치제한지역,0,0,,배출시설설치제한지역,20221008
경상남도 양산시 원동면 화제리 2682-3번지,48330,32028,0,2682,0003,1264100121360,,,,3,용도구역코드,UMZ100,가축사육제한구역,1,0,,가축사육제한구역,20221008
경상남도 양산시 원동면 화제리 2682-3번지,48330,32028,0,2682,0003,1264100121360,,,,3,용도구역코드,UEA110,농업진흥구역,0,0,,농업진흥구역,20221008
경상남도 양산시 원동면 화제리 2694번지,48330,32028,0,2694,0000,1000000000000001006067,,,,3,용도구역코드,UEA110,농업진흥구역,1,0,,농업진흥구역,20260803
경상남도 양산시 원동면 화제리 2694번지,48330,32028,0,2694,0000,1000000000000001006067,,,,1,용도지역코드,UQC001,농림지역,1,0,,농림지역,20260803
경상남도 양산시 원동면 화제리 2696-1번지,48330,32028,0,2696,0001,1000000000000000428734,,,,3,용도구역코드,UEA110,농업진흥구역,1,0,,농업진흥구역,20231213
경상남도 양산시 원동면 화제리 2696-1번지,48330,32028,0,2696,0001,1000000000000000428734,,,,1,용도지역코드,UMN200,배출시설설치제한지역,0,0,,배출시설설치제한지역,20231213
경상남도 양산시 원동면 화제리 2696-1번지,48330,32028,0,2696,0001,1000000000000000428734,,,,1,용도지역코드,UQC001,농림지역,1,0,,농림지역,20231213
경상남도 양산시 원동면 화제리 2727-11번지,48330,32028,0,2727,0011,1264100137765,,,,1,용도지역코드,UQA430,자연녹지지역,1,0,,자연녹지지역,20221008
경상남도 양산시 원동면 화제리 2727-11번지,48330,32028,0,2727,0011,1264100143545,,,,1,용도지역코드,UQA430,자연녹지지역,1,0,,자연녹지지역,20221008
경상남도 양산시 원동면 화제리 2727-14번지,48330,32028,0,2727,0014,1264100126781,,,,1,용도지역코드,UQA430,자연녹지지역,1,0,,자연녹지지역,20221008
경상남도 양산시 원동면 화제리 2727-99번지,48330,32028,0,2727,0099,1000000000000000732838,,,,1,용도지역코드,UQA430,자연녹지지역,1,0,,자연녹지지역,20250526
경상남도 양산시 원동면 화제리 2730번지,48330,32028,0,2730,0000,1264100095009,,,,1,용도지역코드,UQC001,농림지역,1,0,,농림지역,20221008
경상남도 양산시 원동면 화제리 2730번지,48330,32028,0,2730,0000,1264100095009,,,,1,용도지역코드,UMN200,배출시설설치제한지역,0,0,,배출시설설치제한지역,20221008
경상남도 양산시 원동면 화제리 2730번지,48330,32028,0,2730,0000,1264100095009,,,,3,용도구역코드,UEA110,농업진흥구역,1,0,,농업진흥구역,20221008
경상남도 양산시 원동면 화제리 2730-3번지,48330,32028,0,2730,0003,1264100132204,,,,1,용도지역코드,UQC001,농림지역,1,0,,농림지역,20221008
경상남도 양산시 원동면 화제리 2733번지,48330,32028,0,2733,0000,1000000000000000855410,,,,1,용도지역코드,UQC001,농림지역,1,0,,농림지역,20260406
경상남도 양산시 원동면 화제리 2733번지,48330,32028,0,2733,0000,1000000000000000855410,,,,3,용도구역코드,UEA110,농업진흥구역,1,0,,농업진흥구역,20260406
경상남도 양산시 원동면 화제리 2733번지,48330,32028,0,2733,0000,1000000000000000855410,,,,1,용도지역코드,UMN200,배출시설설치제한지역,0,0,,배출시설설치제한지역,20260406
경상남도 양산시 원동면 화제리 2733번지,48330,32028,0,2733,0000,1000000000000000870721,,,,1,용도지역코드,UQC001,농림지역,1,0,,농림지역,20260106
경상남도 양산시 원동면 화제리 2733번지,48330,32028,0,2733,0000,1000000000000000870721,,,,3,용도구역코드,UEA110,농업진흥구역,1,0,,농업진흥구역,20260106
경상남도 양산시 원동면 화제리 2736-3번지,48330,32028,0,2736,0003,1264100014236,,,,1,용도지역코드,1330,자연녹지지역,1,0,,자연녹지지역,20221008
경상남도 양산시 원동면 화제리 2736-3번지,48330,32028,0,2736,0003,1264100014236,,,,2,용도지구코드,011,자연취락지구,1,0,,자연취락지구,20221008
경상남도 양산시 원동면 화제리 2736-4번지,48330,32028,0,2736,0004,12648521,,,,1,용도지역코드,1330,자연녹지지역,1,0,,자연녹지지역,20221008
경상남도 양산시 원동면 화제리 2736-4번지,48330,32028,0,2736,0004,12648521,,,,2,용도지구코드,011,자연취락지구,1,0,,자연취락지구,20221008
경상남도 양산시 원동면 화제리 2736-8번지,48330,32028,0,2736,0008,12648331,,,,1,용도지역코드,1330,자연녹지지역,1,0,,자연녹지지역,20221008
경상남도 양산시 원동면 화제리 2736-8번지,48330,32028,0,2736,0008,12648331,,,,2,용도지구코드,011,자연취락지구,1,0,,자연취락지구,20221008
경상남도 양산시 원동면 화제리 2760-1번지,48330,32028,0,2760,0001,1264100123221,,,,1,용도지역코드,UQC001,농림지역,1,0,,농림지역,20221008
경상남도 양산시 원동면 화제리 2760-1번지,48330,32028,0,2760,0001,1264100123221,,,,1,용도지역코드,UMN200,배출시설설치제한지역,0,0,,배출시설설치제한지역,20221008
경상남도 양산시 원동면 화제리 2760-1번지,48330,32028,0,2760,0001,1264100123221,,,,3,용도구역코드,UEA110,농업진흥구역,1,0,,농업진흥구역,20221008
경상남도 양산시 원동면 화제리 2770번지,48330,32028,0,2770,0000,1264100116358,,,,1,용도지역코드,UQC001,농림지역,1,0,,농림지역,20221008
경상남도 양산시 원동면 화제리 2770-3번지,48330,32028,0,2770,0003,1264100023167,,,,1,용도지역코드,UQC001,농림지역,1,0,,농림지역,20221008
경상남도 양산시 원동면 화제리 2770-3번지,48330,32028,0,2770,0003,1264100023167,,,,1,용도지역코드,UMN200,배출시설설치제한지역,0,0,,배출시설설치제한지역,20221008
경상남도 양산시 원동면 화제리 2770-3번지,48330,32028,0,2770,0003,1264100023167,,,,3,용도구역코드,UEA110,농업진흥구역,1,0,,농업진흥구역,20221008
경상남도 양산시 원동면 화제리 2770-4번지,48330,32028,0,2770,0004,1264100072260,,,,1,용도지역코드,UQC001,농림지역,1,0,,농림지역,20221008
경상남도 양산시 원동면 화제리 2770-4번지,48330,32028,0,2770,0004,1264100072260,,,,3,용도구역코드,UEA110,농업진흥구역,1,0,,농업진흥구역,20221008
경상남도 양산시 원동면 화제리 2770-4번지,48330,32028,0,2770,0004,1264100043846,,,,1,용도지역코드,UQC001,농림지역,1,0,,농림지역,20221008
경상남도 양산시 원동면 화제리 2820번지,48330,32028,0,2820,0000,1000000000000000685410,,,,3,용도구역코드,UEA110,농업진흥구역,1,0,,농업진흥구역,20250923
경상남도 양산시 원동면 화제리 2820번지,48330,32028,0,2820,0000,1000000000000000685410,,,,1,용도지역코드,UQC001,농림지역,1,0,,농림지역,20250923
경상남도 양산시 원동면 화제리 2821번지,48330,32028,0,2821,0000,1264100155310,,,,1,용도지역코드,UMN200,배출시설설치제한지역,0,0,,배출시설설치제한지역,20221008
경상남도 양산시 원동면 화제리 2821번지,48330,32028,0,2821,0000,1264100155310,,,,3,용도구역코드,UEA110,농업진흥구역,1,0,,농업진흥구역,20221008
경상남도 양산시 원동면 화제리 2821번지,48330,32028,0,2821,0000,1264100155310,,,,1,용도지역코드,UQC001,농림지역,1,0,,농림지역,20221008
경상남도 양산시 원동면 화제리 2824번지,48330,32028,0,2824,0000,1000000000000000468597,,,,1,용도지역코드,UMN200,배출시설설치제한지역,0,0,,배출시설설치제한지역,20240229
경상남도 양산시 원동면 화제리 2824번지,48330,32028,0,2824,0000,1000000000000000468597,,,,3,용도구역코드,UMZ100,가축사육제한구역,0,0,,가축사육제한구역,20240229
경상남도 양산시 원동면 화제리 2824번지,48330,32028,0,2824,0000,1000000000000000468597,,,,1,용도지역코드,UQC001,농림지역,1,0,,농림지역,20240229
경상남도 양산시 원동면 화제리 2824번지,48330,32028,0,2824,0000,1000000000000000468597,,,,3,용도구역코드,UEA110,농업진흥구역,1,0,,농업진흥구역,20240229
경상남도 양산시 원동면 화제리 2824번지,48330,32028,0,2824,0000,1264100021521,,,,1,용도지역코드,0300,농림지역,1,0,,농림지역,20221008
경상남도 양산시 원동면 화제리 2824번지,48330,32028,0,2824,0000,1264100021521,,,,3,용도구역코드,170,농업진흥구역,1,0,,농업진흥구역,20221008
경상남도 양산시 원동면 화제리 2841-13번지,48330,32028,0,2841,0013,1264100042602,,,,1,용도지역코드,UQA430,자연녹지지역,1,0,,자연녹지지역,20221008
경상남도 양산시 원동면 화제리 2841-13번지,48330,32028,0,2841,0013,1264100042602,,,,1,용도지역코드,UMN200,배출시설설치제한지역,0,0,,배출시설설치제한지역,20221008
경상남도 양산시 원동면 화제리 2842번지,48330,32028,0,2842,0000,1264100033048,,,,1,용도지역코드,UQA430,자연녹지지역,1,0,,자연녹지지역,20221008
경상남도 양산시 원동면 화제리 2842-17번지,48330,32028,0,2842,0017,1264100147106,,,,1,용도지역코드,UQA430,자연녹지지역,1,0,,자연녹지지역,20221008
경상남도 양산시 원동면 화제리 2842-19번지,48330,32028,0,2842,0019,1264100111217,,,,1,용도지역코드,UQA430,자연녹지지역,1,0,,자연녹지지역,20221008
경상남도 양산시 원동면 화제리 2858-1번지,48330,32028,0,2858,0001,1264100077180,,,,1,용도지역코드,UQA430,자연녹지지역,1,0,,자연녹지지역,20221008
경상남도 양산시 원동면 화제리 2858-3번지,48330,32028,0,2858,0003,1000000000000000490748,,,,1,용도지역코드,UQA430,자연녹지지역,1,0,,자연녹지지역,20240404
경상남도 양산시 원동면 화제리 2858-3번지,48330,32028,0,2858,0003,1000000000000000490748,,,,1,용도지역코드,UMN200,배출시설설치제한지역,0,0,,배출시설설치제한지역,20240404
경상남도 양산시 원동면 화제리 2865-1번지,48330,32028,0,2865,0001,1264100070761,,,,1,용도지역코드,UQA430,자연녹지지역,1,0,,자연녹지지역,20221008
경상남도 양산시 원동면 화제리 2865-1번지,48330,32028,0,2865,0001,1264100085842,,,,1,용도지역코드,UQA430,자연녹지지역,1,0,,자연녹지지역,20221008
경상남도 양산시 원동면 화제리 2865-1번지,48330,32028,0,2865,0001,1264100085841,,,,1,용도지역코드,UQA430,자연녹지지역,1,0,,자연녹지지역,20221008
경상남도 양산시 원동면 화제리 2865-1번지,48330,32028,0,2865,0001,1264100070760,,,,1,용도지역코드,UQA430,자연녹지지역,1,0,,자연녹지지역,20221008
경상남도 양산시 원동면 화제리 2868-1번지,48330,32028,0,2868,0001,1264100147143,,,,1,용도지역코드,UQA430,자연녹지지역,1,0,,자연녹지지역,20260813
경상남도 양산시 원동면 화제리 2869번지,48330,32028,0,2869,0000,1264100147951,,,,1,용도지역코드,UQA430,자연녹지지역,1,0,,자연녹지지역,20221008
경상남도 양산시 원동면 화제리 2870-2번지,48330,32028,0,2870,0002,1264100150013,,,,1,용도지역코드,UQA430,자연녹지지역,1,0,,자연녹지지역,20221008
경상남도 양산시 원동면 화제리 2870-2번지,48330,32028,0,2870,0002,1264100150013,,,,3,용도구역코드,UMZ100,가축사육제한구역,1,0,,가축사육제한구역,20221008
경상남도 양산시 원동면 화제리 2870-5번지,48330,32028,0,2870,0005,1264100156571,,,,1,용도지역코드,UQA430,자연녹지지역,1,0,,자연녹지지역,20221008
경상남도 양산시 원동면 화제리 2870-5번지,48330,32028,0,2870,0005,1264100123239,,,,1,용도지역코드,UQA430,자연녹지지역,1,0,,자연녹지지역,20221008
경상남도 양산시 원동면 화제리 2876-3번지,48330,32028,0,2876,0003,12645828,,,,1,용도지역코드,1330,자연녹지지역,1,0,,자연녹지지역,20221008
경상남도 양산시 원동면 화제리 2876-10번지,48330,32028,0,2876,0010,1264100081001,,,,1,용도지역코드,UQA430,자연녹지지역,1,0,,자연녹지지역,20221008
경상남도 양산시 원동면 화제리 2876-10번지,48330,32028,0,2876,0010,1264100081001,,,,1,용도지역코드,UMN200,배출시설설치제한지역,0,0,,배출시설설치제한지역,20221008
경상남도 양산시 원동면 화제리 2879-1번지,48330,32028,0,2879,0001,1264100070505,,,,1,용도지역코드,UQA430,자연녹지지역,1,0,,자연녹지지역,20221008
경상남도 양산시 원동면 화제리 2885-1번지,48330,32028,0,2885,0001,12647445,,,,1,용도지역코드,1330,자연녹지지역,1,0,,자연녹지지역,20221008
경상남도 양산시 원동면 화제리 2885-1번지,48330,32028,0,2885,0001,1264381,경상남도 양산시 원동면 화제리,2885,1,1,용도지역코드,0800,경지지역,1,0,,경지지역,20221008
경상남도 양산시 원동면 화제리 2892-4번지,48330,32028,0,2892,0004,1264100125623,,,,1,용도지역코드,UMN200,배출시설설치제한지역,0,0,,배출시설설치제한지역,20221216
경상남도 양산시 원동면 화제리 2892-4번지,48330,32028,0,2892,0004,1264100125623,,,,1,용도지역코드,UQA430,자연녹지지역,1,0,,자연녹지지역,20221216
경상남도 양산시 원동면 화제리 2892-4번지,48330,32028,0,2892,0004,1264100113619,,,,1,용도지역코드,UQA420,생산녹지지역,1,0,,생산녹지지역,20221008
경상남도 양산시 원동면 화제리 2892-4번지,48330,32028,0,2892,0004,1264100113619,,,,1,용도지역코드,UMN200,배출시설설치제한지역,0,0,,배출시설설치제한지역,20221008
경상남도 양산시 원동면 화제리 2892-4번지,48330,32028,0,2892,0004,1264100087205,,,,1,용도지역코드,UQA420,생산녹지지역,1,0,,생산녹지지역,20221008
경상남도 양산시 원동면 화제리 2892-4번지,48330,32028,0,2892,0004,1264100087205,,,,1,용도지역코드,UMN200,배출시설설치제한지역,0,0,,배출시설설치제한지역,20221008
경상남도 양산시 원동면 화제리 2920-6번지,48330,32028,0,2920,0006,1000000000000000860866,,,,1,용도지역코드,UQA430,자연녹지지역,1,0,,자연녹지지역,20251216
경상남도 양산시 원동면 화제리 2920-6번지,48330,32028,0,2920,0006,1000000000000000860866,,,,3,용도구역코드,UJB100,하천구역,1,0,,하천구역,20251216
경상남도 양산시 원동면 화제리 2920-6번지,48330,32028,0,2920,0006,1264100126847,,,,1,용도지역코드,UQA430,자연녹지지역,1,0,,자연녹지지역,20221008
경상남도 양산시 원동면 화제리 2920-6번지,48330,32028,0,2920,0006,1264100148110,,,,1,용도지역코드,UQA430,자연녹지지역,1,0,,자연녹지지역,20221008
경상남도 양산시 원동면 화제리 2937번지,48330,32028,0,2937,0000,1264389,,,,1,용도지역코드,0800,경지지역,1,0,,경지지역,20221008
경상남도 양산시 원동면 화제리 2961-2번지,48330,32028,0,2961,0002,1264100003947,,,,1,용도지역코드,1330,자연녹지지역,1,0,,자연녹지지역,20221008
경상남도 양산시 원동면 화제리 2965-1번지,48330,32028,0,2965,0001,1264292,,,,1,용도지역코드,0900,산림보전지역,1,0,,산림보전지역,20221008
경상남도 양산시 원동면 화제리 2992-7번지,48330,32028,0,2992,0007,1264100139245,,,,1,용도지역코드,UQA430,자연녹지지역,1,0,,자연녹지지역,20221008
경상남도 양산시 원동면 화제리 2992-7번지,48330,32028,0,2992,0007,1264100139245,,,,1,용도지역코드,UM1100,공장설립제한지역,0,0,,공장설립제한지역,20221008
경상남도 양산시 원동면 화제리 2992-7번지,48330,32028,0,2992,0007,1264100139245,,,,1,용도지역코드,UMN200,배출시설설치제한지역,0,0,,배출시설설치제한지역,20221008
경상남도 양산시 원동면 화제리 3094-3번지,48330,32028,0,3094,0003,1000000000000000790462,,,,1,용도지역코드,UQA430,자연녹지지역,1,0,,자연녹지지역,20260511
경상남도 양산시 원동면 화제리 3094-3번지,48330,32028,0,3094,0003,1264100134626,,,,1,용도지역코드,UQA430,자연녹지지역,1,0,,자연녹지지역,20221008
경상남도 양산시 원동면 화제리 3094-3번지,48330,32028,0,3094,0003,1264100096786,,,,1,용도지역코드,UQC001,농림지역,1,0,,농림지역,20221008
경상남도 양산시 원동면 화제리 3094-3번지,48330,32028,0,3094,0003,1264100096786,,,,1,용도지역코드,UMN200,배출시설설치제한지역,0,0,,배출시설설치제한지역,20221008
경상남도 양산시 원동면 화제리 3104-4번지,48330,32028,0,3104,0004,1264100154092,,,,1,용도지역코드,UQA430,자연녹지지역,1,0,,자연녹지지역,20221008
경상남도 양산시 원동면 화제리 3104-4번지,48330,32028,0,3104,0004,1264100154092,,,,1,용도지역코드,UMN200,배출시설설치제한지역,0,0,,배출시설설치제한지역,20221008
경상남도 양산시 원동면 화제리 3105-9번지,48330,32028,0,3105,0009,1264100065499,,,,1,용도지역코드,UQA430,자연녹지지역,1,0,,자연녹지지역,20221008
경상남도 양산시 원동면 화제리 3105-9번지,48330,32028,0,3105,0009,1264100065499,,,,1,용도지역코드,UMN200,배출시설설치제한지역,0,0,,배출시설설치제한지역,20221008
경상남도 양산시 원동면 화제리 3106-16번지,48330,32028,0,3106,0016,1264100096168,,,,1,용도지역코드,UQA430,자연녹지지역,1,0,,자연녹지지역,20221008
경상남도 양산시 원동면 화제리 3106-16번지,48330,32028,0,3106,0016,1264100096168,,,,1,용도지역코드,UMN200,배출시설설치제한지역,0,0,,배출시설설치제한지역,20221008
경상남도 양산시 원동면 화제리 3106-18번지,48330,32028,0,3106,0018,1264100154958,,,,1,용도지역코드,UQA430,자연녹지지역,1,0,,자연녹지지역,20221008
경상남도 양산시 원동면 화제리 3109-5번지,48330,32028,0,3109,0005,1264100139724,,,,1,용도지역코드,UQA430,자연녹지지역,1,0,,자연녹지지역,20221021
경상남도 양산시 원동면 화제리 3109-6번지,48330,32028,0,3109,0006,1264100139723,,,,1,용도지역코드,UQA430,자연녹지지역,1,0,,자연녹지지역,20221008
경상남도 양산시 원동면 화제리 3109-10번지,48330,32028,0,3109,0010,1000000000000000699181,,,,1,용도지역코드,UQA430,자연녹지지역,1,0,,자연녹지지역,20250408
경상남도 양산시 원동면 화제리 3109-12번지,48330,32028,0,3109,0012,1000000000000000694678,,,,1,용도지역코드,UQA430,자연녹지지역,1,0,,자연녹지지역,20250402
경상남도 양산시 원동면 화제리 3111-8번지,48330,32028,0,3111,0008,1264100125303,,,,1,용도지역코드,UQA430,자연녹지지역,1,0,,자연녹지지역,20221008
경상남도 양산시 원동면 화제리 3111-8번지,48330,32028,0,3111,0008,1264100125303,,,,1,용도지역코드,UMN200,배출시설설치제한지역,0,0,,배출시설설치제한지역,20221008
경상남도 양산시 원동면 화제리 3111-8번지,48330,32028,0,3111,0008,1264100125303,,,,3,용도구역코드,UOA120,상대보호구역,1,0,,상대보호구역,20221008
경상남도 양산시 원동면 화제리 3111-9번지,48330,32028,0,3111,0009,1000000000000000114573,,,,1,용도지역코드,UQA430,자연녹지지역,1,0,,자연녹지지역,20221104
경상남도 양산시 원동면 화제리 3111-9번지,48330,32028,0,3111,0009,1000000000000000114573,,,,1,용도지역코드,UM1100,공장설립제한지역,0,0,,공장설립제한지역,20221104
경상남도 양산시 원동면 화제리 3111-9번지,48330,32028,0,3111,0009,1000000000000000114573,,,,3,용도구역코드,UOA120,상대보호구역,1,0,,상대보호구역,20221104
경상남도 양산시 원동면 화제리 3111-9번지,48330,32028,0,3111,0009,1000000000000000114573,,,,1,용도지역코드,UMN200,배출시설설치제한지역,0,0,,배출시설설치제한지역,20221104
경상남도 양산시 원동면 화제리 3119-13번지,48330,32028,0,3119,0013,1000000000000000840078,,,,1,용도지역코드,UQC001,농림지역,1,0,,농림지역,20251112
경상남도 양산시 원동면 화제리 3119-13번지,48330,32028,0,3119,0013,1000000000000000840078,,,,3,용도구역코드,UEA110,농업진흥구역,1,0,,농업진흥구역,20251112
경상남도 양산시 원동면 화제리 3119-14번지,48330,32028,0,3119,0014,1000000000000000702857,,,,1,용도지역코드,UQC001,농림지역,1,0,,농림지역,20250414
경상남도 양산시 원동면 화제리 3119-14번지,48330,32028,0,3119,0014,1000000000000000382455,,,,1,용도지역코드,UQC001,농림지역,1,0,,농림지역,20231002
경상남도 양산시 원동면 화제리 3119-14번지,48330,32028,0,3119,0014,1000000000000000382455,,,,1,용도지역코드,UM1100,공장설립제한지역,0,0,,공장설립제한지역,20231002
경상남도 양산시 원동면 화제리 3119-14번지,48330,32028,0,3119,0014,1000000000000000382455,,,,3,용도구역코드,UMZ100,가축사육제한구역,0,0,,가축사육제한구역,20231002
경상남도 양산시 원동면 화제리 3119-14번지,48330,32028,0,3119,0014,1000000000000000382455,,,,1,용도지역코드,UMN200,배출시설설치제한지역,0,0,,배출시설설치제한지역,20231002
경상남도 양산시 원동면 화제리 3119-14번지,48330,32028,0,3119,0014,1000000000000000382455,,,,3,용도구역코드,UEA110,농업진흥구역,1,0,,농업진흥구역,20231002
경상남도 양산시 원동면 화제리 3122-26번지,48330,32028,0,3122,0026,1000000000000000490796,,,,1,용도지역코드,UMN200,배출시설설치제한지역,0,0,,배출시설설치제한지역,20240404
경상남도 양산시 원동면 화제리 3122-26번지,48330,32028,0,3122,0026,1000000000000000490796,,,,1,용도지역코드,UM1100,공장설립제한지역,0,0,,공장설립제한지역,20240404
경상남도 양산시 원동면 화제리 3122-26번지,48330,32028,0,3122,0026,1000000000000000490796,,,,1,용도지역코드,UQC001,농림지역,1,0,,농림지역,20240404
경상남도 양산시 원동면 화제리 3122-26번지,48330,32028,0,3122,0026,1000000000000000490796,,,,3,용도구역코드,UEA110,농업진흥구역,1,0,,농업진흥구역,20240404
경상남도 양산시 원동면 화제리 3122-26번지,48330,32028,0,3122,0026,1000000000000000490796,,,,3,용도구역코드,UMZ100,가축사육제한구역,0,0,,가축사육제한구역,20240404
경상남도 양산시 원동면 화제리 3122-33번지,48330,32028,0,3122,0033,1264100091118,,,,1,용도지역코드,UMN200,배출시설설치제한지역,,,,배출시설설치제한지역,20221008
경상남도 양산시 원동면 화제리 3122-33번지,48330,32028,0,3122,0033,1264100091118,,,,1,용도지역코드,UQC001,농림지역,1,0,,농림지역,20221008
경상남도 양산시 원동면 화제리 3122-33번지,48330,32028,0,3122,0033,1264100091118,,,,3,용도구역코드,UEA110,농업진흥구역,1,0,,농업진흥구역,20221008
경상남도 양산시 원동면 화제리 3123-8번지,48330,32028,0,3123,0008,1264100153393,,,,1,용도지역코드,UQC001,농림지역,1,0,,농림지역,20221008
경상남도 양산시 원동면 화제리 3123-8번지,48330,32028,0,3123,0008,1264100153393,,,,1,용도지역코드,UMN200,배출시설설치제한지역,0,0,,배출시설설치제한지역,20221008
경상남도 양산시 원동면 화제리 3123-8번지,48330,32028,0,3123,0008,1264100153393,,,,3,용도구역코드,UEA110,농업진흥구역,1,0,,농업진흥구역,20221008
경상남도 양산시 원동면 화제리 3123-15번지,48330,32028,0,3123,0015,1000000000000000337746,,,,3,용도구역코드,UEA110,농업진흥구역,1,0,,농업진흥구역,20230717
경상남도 양산시 원동면 화제리 3123-15번지,48330,32028,0,3123,0015,1000000000000000337746,,,,1,용도지역코드,UM1100,공장설립제한지역,0,0,,공장설립제한지역,20230717
경상남도 양산시 원동면 화제리 3123-15번지,48330,32028,0,3123,0015,1000000000000000337746,,,,1,용도지역코드,UQC001,농림지역,1,0,,농림지역,20230717
경상남도 양산시 원동면 화제리 3123-15번지,48330,32028,0,3123,0015,1000000000000000337746,,,,1,용도지역코드,UMN200,배출시설설치제한지역,0,0,,배출시설설치제한지역,20230717
경상남도 양산시 원동면 화제리 3123-18번지,48330,32028,0,3123,0018,1000000000000001011008,,,,3,용도구역코드,UEA110,농업진흥구역,1,0,,농업진흥구역,20260810
경상남도 양산시 원동면 화제리 3123-18번지,48330,32028,0,3123,0018,1000000000000001011008,,,,1,용도지역코드,UQC001,농림지역,1,0,,농림지역,20260810
경상남도 양산시 원동면 화제리 3123-18번지,48330,32028,0,3123,0018,1000000000000000367696,,,,1,용도지역코드,UQC001,농림지역,1,0,,농림지역,20230906
경상남도 양산시 원동면 화제리 3123-18번지,48330,32028,0,3123,0018,1000000000000000367696,,,,3,용도구역코드,UEA110,농업진흥구역,1,0,,농업진흥구역,20230906
경상남도 양산시 원동면 화제리 3123-18번지,48330,32028,0,3123,0018,1000000000000000367696,,,,3,용도구역코드,UMZ100,가축사육제한구역,0,0,,가축사육제한구역,20230906
경상남도 양산시 원동면 화제리 3123-18번지,48330,32028,0,3123,0018,1000000000000000367696,,,,1,용도지역코드,UMN200,배출시설설치제한지역,0,0,,배출시설설치제한지역,20230906
경상남도 양산시 원동면 화제리 3123-18번지,48330,32028,0,3123,0018,1000000000000000367696,,,,1,용도지역코드,UM1100,공장설립제한지역,0,0,,공장설립제한지역,20230906
경상남도 양산시 원동면 화제리 3123-20번지,48330,32028,0,3123,0020,1000000000000000092125,,,,1,용도지역코드,UQC001,농림지역,1,0,,농림지역,20221031
경상남도 양산시 원동면 화제리 3123-20번지,48330,32028,0,3123,0020,1000000000000000092125,,,,1,용도지역코드,UM1100,공장설립제한지역,0,0,,공장설립제한지역,20221031
경상남도 양산시 원동면 화제리 3123-20번지,48330,32028,0,3123,0020,1000000000000000092125,,,,3,용도구역코드,UEA110,농업진흥구역,1,0,,농업진흥구역,20221031
경상남도 양산시 원동면 화제리 3123-20번지,48330,32028,0,3123,0020,1000000000000000092125,,,,1,용도지역코드,UMN200,배출시설설치제한지역,0,0,,배출시설설치제한지역,20221031
경상남도 양산시 원동면 화제리 3123-20번지,48330,32028,0,3123,0020,1000000000000000092125,,,,3,용도구역코드,UMZ100,가축사육제한구역,0,0,,가축사육제한구역,20221031
경상남도 양산시 원동면 화제리 산10번지,48330,32028,1,0010,0000,12644606,,,,1,용도지역코드,9800,용도지역미지정,1,0,,용도지역미지정,20221008
경상남도 양산시 원동면 화제리 산18-4번지,48330,32028,1,0018,0004,1264100011790,,,,1,용도지역코드,1310,보전녹지지역,1,0,,보전녹지지역,20221008
경상남도 양산시 원동면 화제리 산38-8번지,48330,32028,1,0038,0008,12644173,,,,1,용도지역코드,0100,도시지역,1,0,,도시지역,20221008
경상남도 양산시 원동면 화제리 산38-8번지,48330,32028,1,0038,0008,12643362,,,,1,용도지역코드,Z200,준농림지역,1,0,,준농림지역,20221008
경상남도 양산시 원동면 화제리 산38-8번지,48330,32028,1,0038,0008,12642890,,,,1,용도지역코드,Z200,준농림지역,1,0,,준농림지역,20221008
경상남도 양산시 원동면 화제리 산48-9번지,48330,32028,1,0048,0009,1000000000000000382080,,,,1,용도지역코드,UQA430,자연녹지지역,1,0,,자연녹지지역,20240805
경상남도 양산시 원동면 화제리 산67-1번지,48330,32028,1,0067,0001,1000000000000000559649,,,,1,용도지역코드,UMN200,배출시설설치제한지역,0,0,,배출시설설치제한지역,20260723
경상남도 양산시 원동면 화제리 산67-1번지,48330,32028,1,0067,0001,1000000000000000559649,,,,1,용도지역코드,UQA430,자연녹지지역,0,0,,자연녹지지역,20260723
경상남도 양산시 원동면 화제리 산67-1번지,48330,32028,1,0067,0001,1000000000000000559649,,,,1,용도지역코드,UM1100,공장설립제한지역,0,0,,공장설립제한지역,20260723
경상남도 양산시 원동면 화제리 산67-1번지,48330,32028,1,0067,0001,1000000000000000559649,,,,1,용도지역코드,UQA410,보전녹지지역,1,0,,보전녹지지역,20260723
경상남도 양산시 원동면 화제리 산67-1번지,48330,32028,1,0067,0001,1000000000000000559649,,,,3,용도구역코드,UMZ100,가축사육제한구역,1,0,,가축사육제한구역,20260723
경상남도 양산시 원동면 화제리 산68-2번지,48330,32028,1,0068,0002,1000000000000000650874,,,,3,용도구역코드,UMZ100,가축사육제한구역,1,0,,가축사육제한구역,20250113
경상남도 양산시 원동면 화제리 산68-2번지,48330,32028,1,0068,0002,1000000000000000650874,,,,1,용도지역코드,UM1100,공장설립제한지역,0,0,,공장설립제한지역,20250113
경상남도 양산시 원동면 화제리 산68-2번지,48330,32028,1,0068,0002,1000000000000000650874,,,,1,용도지역코드,UQA430,자연녹지지역,1,0,,자연녹지지역,20250113
경상남도 양산시 원동면 화제리 산68-2번지,48330,32028,1,0068,0002,1000000000000000650874,,,,1,용도지역코드,UMN200,배출시설설치제한지역,0,0,,배출시설설치제한지역,20250113
경상남도 양산시 원동면 화제리 산72-4번지,48330,32028,1,0072,0004,1264100042444,,,,1,용도지역코드,UQA430,자연녹지지역,1,0,,자연녹지지역,20221008
경상남도 양산시 원동면 화제리 산82번지,48330,32028,1,0082,0000,12648162,,,,1,용도지역코드,1330,자연녹지지역,1,0,,자연녹지지역,20221008
경상남도 양산시 원동면 화제리 산82번지,48330,32028,1,0082,0000,12648162,,,,3,용도구역코드,010,도시계획구역,1,0,,도시계획구역,20221008
경상남도 양산시 원동면 화제리 산86-6번지,48330,32028,1,0086,0006,1264100096528,,,,1,용도지역코드,UQA430,자연녹지지역,1,0,,자연녹지지역,20221008
경상남도 양산시 원동면 화제리 산86-6번지,48330,32028,1,0086,0006,1264100106893,,,,1,용도지역코드,UQA430,자연녹지지역,1,0,,자연녹지지역,20221008
경상남도 양산시 원동면 화제리 산86-7번지,48330,32028,1,0086,0007,1000000000000000832299,,,,1,용도지역코드,UQA430,자연녹지지역,1,0,,자연녹지지역,20251031
경상남도 양산시 원동면 화제리 산86-7번지,48330,32028,1,0086,0007,1264100131985,,,,1,용도지역코드,UQA430,자연녹지지역,1,0,,자연녹지지역,20221008
경상남도 양산시 원동면 화제리 산86-8번지,48330,32028,1,0086,0008,1264100094931,,,,1,용도지역코드,UQA430,자연녹지지역,1,0,,자연녹지지역,20221008
경상남도 양산시 원동면 화제리 산86-15번지,48330,32028,1,0086,0015,1264100125661,,,,1,용도지역코드,UQA430,자연녹지지역,1,0,,자연녹지지역,20221008
경상남도 양산시 원동면 화제리 산86-20번지,48330,32028,1,0086,0020,1264100141164,,,,1,용도지역코드,UQA430,자연녹지지역,1,0,,자연녹지지역,20221008
경상남도 양산시 원동면 화제리 산86-21번지,48330,32028,1,0086,0021,1264100141163,,,,1,용도지역코드,UQA430,자연녹지지역,1,0,,자연녹지지역,20221008
경상남도 양산시 원동면 화제리 산86-23번지,48330,32028,1,0086,0023,1264100137387,,,,1,용도지역코드,UQA430,자연녹지지역,1,0,,자연녹지지역,20221008
경상남도 양산시 원동면 화제리 산86-23번지,48330,32028,1,0086,0023,1264100123961,,,,1,용도지역코드,UQA430,자연녹지지역,1,0,,자연녹지지역,20221008
경상남도 양산시 원동면 화제리 산170-2번지,48330,32028,1,0170,0002,1264100108158,,,,1,용도지역코드,UQA430,자연녹지지역,1,0,,자연녹지지역,20221008
경상남도 양산시 원동면 화제리 산170-2번지,48330,32028,1,0170,0002,1264100108158,,,,1,용도지역코드,UMN200,배출시설설치제한지역,0,0,,배출시설설치제한지역,20221008
경상남도 양산시 원동면 화제리 산170-2번지,48330,32028,1,0170,0002,1264100108158,,,,3,용도구역코드,UMZ100,가축사육제한구역,1,0,,가축사육제한구역,20221008
경상남도 양산시 원동면 화제리 산212-2번지,48330,32028,1,0212,0002,1264100096490,,,,1,용도지역코드,UQA430,자연녹지지역,1,0,,자연녹지지역,20221008
경상남도 양산시 원동면 화제리 산238-3번지,48330,32028,1,0238,0003,1264100130967,,,,1,용도지역코드,UQA430,자연녹지지역,1,0,,자연녹지지역,20221008
경상남도 양산시 원동면 화제리 산240-3번지,48330,32028,1,0240,0003,1264100130503,,,,1,용도지역코드,UQA430,자연녹지지역,1,0,,자연녹지지역,20221008
경상남도 양산시 원동면 화제리 산240-5번지,48330,32028,1,0240,0005,1264100121160,,,,1,용도지역코드,UQA430,자연녹지지역,1,0,,자연녹지지역,20221008
경상남도 양산시 원동면 화제리 산240-5번지,48330,32028,1,0240,0005,1264100121160,,,,3,용도구역코드,UMZ100,가축사육제한구역,1,0,,가축사육제한구역,20221008
경상남도 양산시 원동면 화제리 산241-1번지,48330,32028,1,0241,0001,1264100154972,,,,1,용도지역코드,UQA430,자연녹지지역,1,0,,자연녹지지역,20221025
경상남도 양산시 원동면 화제리 산241-1번지,48330,32028,1,0241,0001,1264100040197,,,,1,용도지역코드,UQA410,보전녹지지역,1,0,,보전녹지지역,20221008
경상남도 양산시 원동면 화제리 산241-6번지,48330,32028,1,0241,0006,1264100154973,,,,1,용도지역코드,UQA430,자연녹지지역,1,0,,자연녹지지역,20221025
경상남도 양산시 원동면 화제리 산241-6번지,48330,32028,1,0241,0006,1264100064881,,,,1,용도지역코드,UQA410,보전녹지지역,1,0,,보전녹지지역,20221008
경상남도 양산시 원동면 화제리 산241-6번지,48330,32028,1,0241,0006,1264100064881,,,,1,용도지역코드,UQA430,자연녹지지역,0,0,,자연녹지지역,20221008
경상남도 양산시 원동면 화제리 산250-5번지,48330,32028,1,0250,0005,12643536,,,,1,용도지역코드,9800,용도지역미지정,1,0,,용도지역미지정,20221008
경상남도 양산시 원동면 화제리 산255-23번지,48330,32028,1,0255,0023,1264100151170,,,,1,용도지역코드,UQA430,자연녹지지역,1,0,,자연녹지지역,20221008
경상남도 양산시 원동면 화제리 산255-23번지,48330,32028,1,0255,0023,1264100151170,,,,1,용도지역코드,UQA410,보전녹지지역,0,0,,보전녹지지역,20221008
경상남도 양산시 원동면 화제리 산257-1번지,48330,32028,1,0257,0001,1000000000000000293236,,,,1,용도지역코드,UMN200,배출시설설치제한지역,0,0,,배출시설설치제한지역,20230731
경상남도 양산시 원동면 화제리 산257-1번지,48330,32028,1,0257,0001,1000000000000000293236,,,,1,용도지역코드,UM1100,공장설립제한지역,0,0,,공장설립제한지역,20230731
경상남도 양산시 원동면 화제리 산257-1번지,48330,32028,1,0257,0001,1000000000000000293236,,,,1,용도지역코드,UFM110,임업용산지,0,0,,임업용산지,20230731
경상남도 양산시 원동면 화제리 산257-1번지,48330,32028,1,0257,0001,1000000000000000293236,,,,3,용도구역코드,UMZ100,가축사육제한구역,1,0,,가축사육제한구역,20230731
경상남도 양산시 원동면 화제리 산257-1번지,48330,32028,1,0257,0001,1000000000000000293236,,,,1,용도지역코드,UQA430,자연녹지지역,1,0,,자연녹지지역,20230731
경상남도 양산시 원동면 화제리 산261번지,48330,32028,1,0261,0000,1264445,,,,1,용도지역코드,0800,경지지역,1,0,,경지지역,20221008
경상남도 양산시 원동면 화제리 산261-1번지,48330,32028,1,0261,0001,1264100107034,,,,1,용도지역코드,UQA430,자연녹지지역,1,0,,자연녹지지역,20221008
경상남도 양산시 원동면 화제리 산261-1번지,48330,32028,1,0261,0001,1264100107034,,,,1,용도지역코드,UMN200,배출시설설치제한지역,0,0,,배출시설설치제한지역,20221008
경상남도 양산시 원동면 화제리 산261-1번지,48330,32028,1,0261,0001,1264100107034,,,,3,용도구역코드,UMZ100,가축사육제한구역,1,0,,가축사육제한구역,20221008
경상남도 양산시 원동면 화제리 산261-1번지,48330,32028,1,0261,0001,1264100107036,,,,1,용도지역코드,UQA430,자연녹지지역,1,0,,자연녹지지역,20221008
경상남도 양산시 원동면 화제리 산261-1번지,48330,32028,1,0261,0001,1264100107036,,,,1,용도지역코드,UMN200,배출시설설치제한지역,0,0,,배출시설설치제한지역,20221008
경상남도 양산시 원동면 화제리 산261-1번지,48330,32028,1,0261,0001,1264100107036,,,,3,용도구역코드,UMZ100,가축사육제한구역,1,0,,가축사육제한구역,20221008
경상남도 양산시 원동면 화제리 산261-2번지,48330,32028,1,0261,0002,1264100107037,,,,1,용도지역코드,UQA430,자연녹지지역,1,0,,자연녹지지역,20221008
경상남도 양산시 원동면 화제리 산261-2번지,48330,32028,1,0261,0002,1264100107037,,,,1,용도지역코드,UMN200,배출시설설치제한지역,0,0,,배출시설설치제한지역,20221008
경상남도 양산시 원동면 화제리 산261-2번지,48330,32028,1,0261,0002,1264100107037,,,,3,용도구역코드,UMZ100,가축사육제한구역,1,0,,가축사육제한구역,20221008
경상남도 양산시 원동면 화제리 산261-5번지,48330,32028,1,0261,0005,1264100108438,,,,1,용도지역코드,UQA430,자연녹지지역,1,0,,자연녹지지역,20221008
경상남도 양산시 원동면 화제리 산261-5번지,48330,32028,1,0261,0005,1264100108438,,,,1,용도지역코드,UMN200,배출시설설치제한지역,0,0,,배출시설설치제한지역,20221008
경상남도 양산시 원동면 화제리 산261-5번지,48330,32028,1,0261,0005,1264100108438,,,,3,용도구역코드,UMZ100,가축사육제한구역,1,0,,가축사육제한구역,20221008
경상남도 양산시 원동면 화제리 산261-5번지,48330,32028,1,0261,0005,1264100108439,,,,1,용도지역코드,UQA430,자연녹지지역,1,0,,자연녹지지역,20221008
경상남도 양산시 원동면 화제리 산261-5번지,48330,32028,1,0261,0005,1264100108439,,,,1,용도지역코드,UMN200,배출시설설치제한지역,0,0,,배출시설설치제한지역,20221008
경상남도 양산시 원동면 화제리 산261-5번지,48330,32028,1,0261,0005,1264100108439,,,,3,용도구역코드,UMZ100,가축사육제한구역,1,0,,가축사육제한구역,20221008
경상남도 양산시 원동면 화제리 산261-6번지,48330,32028,1,0261,0006,1264100108437,,,,1,용도지역코드,UQA430,자연녹지지역,1,0,,자연녹지지역,20221008
경상남도 양산시 원동면 화제리 산261-6번지,48330,32028,1,0261,0006,1264100108437,,,,1,용도지역코드,UMN200,배출시설설치제한지역,0,0,,배출시설설치제한지역,20221008
경상남도 양산시 원동면 화제리 산261-6번지,48330,32028,1,0261,0006,1264100108437,,,,3,용도구역코드,UMZ100,가축사육제한구역,1,0,,가축사육제한구역,20221008
경상남도 양산시 원동면 화제리 산273번지,48330,32028,1,0273,0000,1264100143703,,,,1,용도지역코드,UQA430,자연녹지지역,1,0,,자연녹지지역,20221008
경상남도 양산시 원동면 화제리 산287-5번지,48330,32028,1,0287,0005,1264100037112,,,,1,용도지역코드,UQA430,자연녹지지역,1,0,,자연녹지지역,20221008
경상남도 양산시 원동면 화제리 산325-1번지,48330,32028,1,0325,0001,1264100116296,,,,1,용도지역코드,UQA430,자연녹지지역,1,0,,자연녹지지역,20221008
경상남도 양산시 원동면 화제리 산325-1번지,48330,32028,1,0325,0001,1264100116296,,,,1,용도지역코드,UMN200,배출시설설치제한지역,0,0,,배출시설설치제한지역,20221008
경상남도 양산시 원동면 화제리 산325-1번지,48330,32028,1,0325,0001,1264100116296,,,,3,용도구역코드,UMZ100,가축사육제한구역,1,0,,가축사육제한구역,20221008
경상남도 양산시 원동면 화제리 산325-4번지,48330,32028,1,0325,0004,1264100124120,,,,1,용도지역코드,UQA430,자연녹지지역,1,0,,자연녹지지역,20221008
경상남도 양산시 원동면 화제리 산325-4번지,48330,32028,1,0325,0004,1264100140263,,,,1,용도지역코드,UQA430,자연녹지지역,1,0,,자연녹지지역,20221008
경상남도 양산시 원동면 화제리 산325-4번지,48330,32028,1,0325,0004,1264100149295,,,,1,용도지역코드,UQA430,자연녹지지역,1,0,,자연녹지지역,20221008
경상남도 양산시 원동면 화제리 산373-5번지,48330,32028,1,0373,0005,1264100078660,,,,1,용도지역코드,UQA430,자연녹지지역,1,0,,자연녹지지역,20221008
경상남도 양산시 원동면 화제리 산401-13번지,48330,32028,1,0401,0013,1264100039877,,,,1,용도지역코드,UQA430,자연녹지지역,1,0,,자연녹지지역,20221008
경상남도 양산시 원동면 화제리 산401-15번지,48330,32028,1,0401,0015,1264100080523,,,,1,용도지역코드,UQA430,자연녹지지역,1,0,,자연녹지지역,20221008
경상남도 양산시 원동면 화제리 산401-15번지,48330,32028,1,0401,0015,1264100080523,,,,1,용도지역코드,UMN200,배출시설설치제한지역,0,0,,배출시설설치제한지역,20221008
경상남도 양산시 원동면 화제리 산401-17번지,48330,32028,1,0401,0017,1264100094185,,,,1,용도지역코드,UQA430,자연녹지지역,1,0,,자연녹지지역,20221008
경상남도 양산시 원동면 화제리 산401-24번지,48330,32028,1,0401,0024,1264100108477,,,,1,용도지역코드,UQA430,자연녹지지역,1,0,,자연녹지지역,20221008
경상남도 양산시 원동면 화제리 산406-4번지,48330,32028,1,0406,0004,1000000000000000548492,,,,1,용도지역코드,UM1100,공장설립제한지역,0,0,,공장설립제한지역,20260519
경상남도 양산시 원동면 화제리 산406-4번지,48330,32028,1,0406,0004,1000000000000000548492,,,,1,용도지역코드,UQA430,자연녹지지역,1,0,,자연녹지지역,20260519
경상남도 양산시 원동면 화제리 산406-4번지,48330,32028,1,0406,0004,1000000000000000548492,,,,3,용도구역코드,UMZ100,가축사육제한구역,1,0,,가축사육제한구역,20260519
