대지위치,시군구코드,법정동코드,대지구분코드,번,지,관리허가대장PK,특수지명,블록,로트,지역지구구역구분코드,지역지구구역구분코드명,지역지구구역코드,지역지구구역코드명,대표여부,주동구분코드,주동구분코드명,지역지구구역명,생성일자
경상남도 양산시 중부동 42번지,48330,10300,0,0042,0000,1264100132203,,,,1,용도지역코드,UQA430,자연녹지지역,1,0,,자연녹지지역,20221008
경상남도 양산시 중부동 74번지,48330,10300,0,0074,0000,1264100012936,,,,1,용도지역코드,1330,자연녹지지역,1,0,,자연녹지지역,20221008
경상남도 양산시 중부동 118-3번지,48330,10300,0,0118,0003,1264100127101,,,,1,용도지역코드,UQA430,자연녹지지역,1,0,,자연녹지지역,20221008
경상남도 양산시 중부동 118-3번지,48330,10300,0,0118,0003,1264100127101,,,,1,용도지역코드,UQA122,제2종일반주거지역,0,0,,제2종일반주거지역,20221008
경상남도 양산시 중부동 118-3번지,48330,10300,0,0118,0003,1264100127101,,,,3,용도구역코드,UMZ100,가축사육제한구역,1,0,,가축사육제한구역,20221008
경상남도 양산시 중부동 119-3번지,48330,10300,0,0119,0003,1000000000000000195070,,,,1,용도지역코드,UQA122,제2종일반주거지역,1,0,,제2종일반주거지역,20230223
경상남도 양산시 중부동 119-3번지,48330,10300,0,0119,0003,1000000000000000195070,,,,3,용도구역코드,UMZ100,가축사육제한구역,1,0,,가축사육제한구역,20230223
경상남도 양산시 중부동 119-4번지,48330,10300,0,0119,0004,12648440,,,,1,용도지역코드,1022,제2종일반주거지역,1,0,,제2종일반주거지역,20221008
경상남도 양산시 중부동 137-4번지,48330,10300,0,0137,0004,12642630,,,,1,용도지역코드,1020,일반주거지역,1,0,,일반주거지역,20221008
경상남도 양산시 중부동 137-4번지,48330,10300,0,0137,0004,12642409,,,,1,용도지역코드,1020,일반주거지역,1,0,,일반주거지역,20221008
경상남도 양산시 중부동 137-7번지,48330,10300,0,0137,0007,12644559,,,,1,용도지역코드,1022,제2종일반주거지역,1,0,,제2종일반주거지역,20221008
경상남도 양산시 중부동 137-27번지,48330,10300,0,0137,0027,1264100140083,,,,1,용도지역코드,UQA122,제2종일반주거지역,1,0,,제2종일반주거지역,20221008
경상남도 양산시 중부동 137-27번지,48330,10300,0,0137,0027,1264100140083,,,,3,용도구역코드,UMZ100,가축사육제한구역,1,0,,가축사육제한구역,20221008
경상남도 양산시 중부동 138-5번지,48330,10300,0,0138,0005,1264100016574,,,,1,용도지역코드,1022,제2종일반주거지역,1,0,,제2종일반주거지역,20221008
경상남도 양산시 중부동 138-5번지,48330,10300,0,0138,0005,1264100065261,,,,1,용도지역코드,UQA122,제2종일반주거지역,1,0,,제2종일반주거지역,20221008
경상남도 양산시 중부동 138-5번지,48330,10300,0,0138,0005,1264100065261,,,,3,용도구역코드,UOA120,상대보호구역,1,0,,상대정화구역,20221008
경상남도 양산시 중부동 140-1번지,48330,10300,0,0140,0001,1264767,,,,1,용도지역코드,1020,일반주거지역,1,0,,일반주거지역,20221008
경상남도 양산시 중부동 140-2번지,48330,10300,0,0140,0002,1264100114337,,,,1,용도지역코드,UQA220,일반상업지역,1,0,,일반상업지역,20221008
경상남도 양산시 중부동 142-5번지,48330,10300,0,0142,0005,12642069,,,,1,용도지역코드,1020,일반주거지역,1,0,,일반주거지역,20221008
경상남도 양산시 중부동 142-11번지,48330,10300,0,0142,0011,12644815,,,,1,용도지역코드,1022,제2종일반주거지역,1,0,,제2종일반주거지역,20221008
경상남도 양산시 중부동 150-2번지,48330,10300,0,0150,0002,12644270,,,,1,용도지역코드,1120,일반상업지역,1,0,,일반상업지역,20221008
경상남도 양산시 중부동 150-2번지,48330,10300,0,0150,0002,12643724,,,,1,용도지역코드,1120,일반상업지역,1,0,,일반상업지역,20221008
경상남도 양산시 중부동 150-16번지,48330,10300,0,0150,0016,12646183,,,,1,용도지역코드,1120,일반상업지역,1,0,,일반상업지역,20221008
경상남도 양산시 중부동 151-2번지,48330,10300,0,0151,0002,1264100020976,,,,1,용도지역코드,1120,일반상업지역,1,0,,일반상업지역,20221008
경상남도 양산시 중부동 151-2번지,48330,10300,0,0151,0002,12642964,,,,1,용도지역코드,1120,일반상업지역,1,0,,일반상업지역,20221008
경상남도 양산시 중부동 152-2번지,48330,10300,0,0152,0002,1000000000000000459161,,,,1,용도지역코드,UQA220,일반상업지역,1,0,,일반상업지역,20240305
경상남도 양산시 중부동 152-2번지,48330,10300,0,0152,0002,1000000000000000459161,,,,3,용도구역코드,UMZ100,가축사육제한구역,1,0,,가축사육제한구역,20240305
경상남도 양산시 중부동 152-2번지,48330,10300,0,0152,0002,1264100123440,,,,1,용도지역코드,UQA220,일반상업지역,1,0,,일반상업지역,20221008
경상남도 양산시 중부동 152-2번지,48330,10300,0,0152,0002,1264100123440,,,,3,용도구역코드,UMZ100,가축사육제한구역,1,0,,가축사육제한구역,20221008
경상남도 양산시 중부동 152-2번지,48330,10300,0,0152,0002,1264100007308,,,,1,용도지역코드,1120,일반상업지역,1,0,,일반상업지역,20221008
경상남도 양산시 중부동 152-5번지,48330,10300,0,0152,0005,1264100025790,,,,1,용도지역코드,UQA220,일반상업지역,1,0,,일반상업지역,20221008
경상남도 양산시 중부동 152-5번지,48330,10300,0,0152,0005,1264100025790,,,,3,용도구역코드,UOA120,상대보호구역,1,0,,상대정화구역,20221008
경상남도 양산시 중부동 152-5번지,48330,10300,0,0152,0005,1264100025789,,,,1,용도지역코드,UQA220,일반상업지역,1,0,,일반상업지역,20221008
경상남도 양산시 중부동 152-5번지,48330,10300,0,0152,0005,1264100025789,,,,3,용도구역코드,UOA120,상대보호구역,1,0,,상대정화구역,20221008
경상남도 양산시 중부동 152-5번지,48330,10300,0,0152,0005,12649356,,,,1,용도지역코드,1120,일반상업지역,1,0,,일반상업지역,20221008
경상남도 양산시 중부동 152-7번지,48330,10300,0,0152,0007,12642111,,,,1,용도지역코드,1020,일반주거지역,1,0,,일반주거지역,20221008
경상남도 양산시 중부동 152-7번지,48330,10300,0,0152,0007,12641848,경상남도 양산시 중부동,152,7,1,용도지역코드,1020,일반주거지역,1,0,,일반주거지역,20221008
경상남도 양산시 중부동 154-8번지,48330,10300,0,0154,0008,12645659,,,,1,용도지역코드,1120,일반상업지역,1,0,,일반상업지역,20221008
경상남도 양산시 중부동 156-1번지,48330,10300,0,0156,0001,1264100112798,,,,1,용도지역코드,UQA220,일반상업지역,1,0,,일반상업지역,20221008
경상남도 양산시 중부동 156-4번지,48330,10300,0,0156,0004,1264100104593,,,,1,용도지역코드,UQA220,일반상업지역,1,0,,일반상업지역,20221008
경상남도 양산시 중부동 156-6번지,48330,10300,0,0156,0006,12644218,양산시중부동,,,1,용도지역코드,1120,일반상업지역,1,0,,일반상업지역,20221008
경상남도 양산시 중부동 156-11번지,48330,10300,0,0156,0011,12645309,,,,1,용도지역코드,1120,일반상업지역,1,0,,일반상업지역,20221008
경상남도 양산시 중부동 156-11번지,48330,10300,0,0156,0011,12646207,,,,1,용도지역코드,1120,일반상업지역,1,0,,일반상업지역,20221008
경상남도 양산시 중부동 157-8번지,48330,10300,0,0157,0008,1000000000000000514708,,,,1,용도지역코드,UQA220,일반상업지역,1,0,,일반상업지역,20250428
경상남도 양산시 중부동 157-8번지,48330,10300,0,0157,0008,1000000000000000498082,,,,1,용도지역코드,UQA220,일반상업지역,1,0,,일반상업지역,20240416
경상남도 양산시 중부동 157-8번지,48330,10300,0,0157,0008,1000000000000000504232,,,,1,용도지역코드,UQA220,일반상업지역,1,0,,일반상업지역,20240425
경상남도 양산시 중부동 160번지,48330,10300,0,0160,0000,1264100157512,,,,1,용도지역코드,UQA220,일반상업지역,1,0,,일반상업지역,20251219
경상남도 양산시 중부동 160번지,48330,10300,0,0160,0000,1000000000000000367176,,,,1,용도지역코드,UQA220,일반상업지역,1,0,,일반상업지역,20230905
경상남도 양산시 중부동 160번지,48330,10300,0,0160,0000,1000000000000000212848,,,,1,용도지역코드,UQA001,도시지역,1,0,,도시지역,20230111
경상남도 양산시 중부동 160번지,48330,10300,0,0160,0000,1264100157472,,,,1,용도지역코드,UQA220,일반상업지역,1,0,,일반상업지역,20221008
경상남도 양산시 중부동 160번지,48330,10300,0,0160,0000,1264100157472,,,,3,용도구역코드,UMZ100,가축사육제한구역,1,0,,가축사육제한구역,20221008
경상남도 양산시 중부동 160번지,48330,10300,0,0160,0000,1264100158190,,,,1,용도지역코드,UQA220,일반상업지역,1,0,,일반상업지역,20221008
경상남도 양산시 중부동 160번지,48330,10300,0,0160,0000,12641742,,,,1,용도지역코드,1020,일반주거지역,1,0,,일반주거지역,20221008
경상남도 양산시 중부동 162-2번지,48330,10300,0,0162,0002,1264100063000,,,,1,용도지역코드,UQA220,일반상업지역,1,0,,일반상업지역,20221008
경상남도 양산시 중부동 162-2번지,48330,10300,0,0162,0002,1264100153534,,,,1,용도지역코드,UQA220,일반상업지역,1,0,,일반상업지역,20221008
경상남도 양산시 중부동 162-2번지,48330,10300,0,0162,0002,1264100062999,,,,1,용도지역코드,UQA220,일반상업지역,1,0,,일반상업지역,20221008
경상남도 양산시 중부동 162-2번지,48330,10300,0,0162,0002,1264100022003,,,,1,용도지역코드,UQA220,일반상업지역,1,0,,일반상업지역,20221008
경상남도 양산시 중부동 162-2번지,48330,10300,0,0162,0002,1264100022003,,,,3,용도구역코드,UOA110,절대정화구역,,,,절대정화구역,20221008
경상남도 양산시 중부동 162-2번지,48330,10300,0,0162,0002,1264100022003,,,,3,용도구역코드,UOA120,상대보호구역,1,0,,상대정화구역,20221008
경상남도 양산시 중부동 162-2번지,48330,10300,0,0162,0002,12646306,,,,1,용도지역코드,1120,일반상업지역,1,0,,일반상업지역,20221008
경상남도 양산시 중부동 165번지,48330,10300,0,0165,0000,1264100088541,,,,1,용도지역코드,UQA220,일반상업지역,1,0,,일반상업지역,20221008
경상남도 양산시 중부동 165번지,48330,10300,0,0165,0000,1264100088541,,,,3,용도구역코드,UOA120,상대보호구역,1,0,,상대정화구역,20221008
경상남도 양산시 중부동 167번지,48330,10300,0,0167,0000,1264100029974,,,,3,용도구역코드,UOA120,상대보호구역,1,0,,상대정화구역,20221008
경상남도 양산시 중부동 167번지,48330,10300,0,0167,0000,1264100029974,,,,1,용도지역코드,UQA220,일반상업지역,1,0,,일반상업지역,20221008
경상남도 양산시 중부동 168번지,48330,10300,0,0168,0000,1264100015736,,,,1,용도지역코드,1120,일반상업지역,1,0,,일반상업지역,20221008
경상남도 양산시 중부동 172-9번지,48330,10300,0,0172,0009,12641133,,,,1,용도지역코드,1020,일반주거지역,1,0,,일반주거지역,20221008
경상남도 양산시 중부동 173-1번지,48330,10300,0,0173,0001,1264100081859,,,,1,용도지역코드,UQA220,일반상업지역,1,0,,일반상업지역,20221008
경상남도 양산시 중부동 173-1번지,48330,10300,0,0173,0001,1264100081859,,,,3,용도구역코드,UOA120,상대보호구역,1,0,,상대정화구역,20221008
경상남도 양산시 중부동 174번지,48330,10300,0,0174,0000,1264100102553,,,,1,용도지역코드,UQA220,일반상업지역,1,0,,일반상업지역,20221008
경상남도 양산시 중부동 179-2번지,48330,10300,0,0179,0002,1264100093663,,,,1,용도지역코드,UQA220,일반상업지역,1,0,,일반상업지역,20221008
경상남도 양산시 중부동 179-2번지,48330,10300,0,0179,0002,1264100093663,,,,3,용도구역코드,UOA120,상대보호구역,1,0,,상대정화구역,20221008
경상남도 양산시 중부동 180-4번지,48330,10300,0,0180,0004,1264100099015,,,,1,용도지역코드,UQA130,준주거지역,1,0,,준주거지역,20221008
경상남도 양산시 중부동 180-8번지,48330,10300,0,0180,0008,12648110,,,,1,용도지역코드,1022,제2종일반주거지역,1,0,,제2종일반주거지역,20221008
경상남도 양산시 중부동 180-8번지,48330,10300,0,0180,0008,12648110,,,,3,용도구역코드,010,도시계획구역,1,0,,도시계획구역,20221008
경상남도 양산시 중부동 182-2번지,48330,10300,0,0182,0002,1264100112357,,,,1,용도지역코드,UQA122,제2종일반주거지역,1,0,,제2종일반주거지역,20221008
경상남도 양산시 중부동 182-2번지,48330,10300,0,0182,0002,1264100112357,,,,3,용도구역코드,UMZ100,가축사육제한구역,1,0,,가축사육제한구역,20221008
경상남도 양산시 중부동 182-3번지,48330,10300,0,0182,0003,1264100075081,,,,1,용도지역코드,UQA122,제2종일반주거지역,1,0,,제2종일반주거지역,20221008
경상남도 양산시 중부동 182-3번지,48330,10300,0,0182,0003,1264100075081,,,,3,용도구역코드,UOA120,상대보호구역,1,0,,상대정화구역,20221008
경상남도 양산시 중부동 188-2번지,48330,10300,0,0188,0002,12642976,,,,1,용도지역코드,1020,일반주거지역,1,0,,일반주거지역,20221008
경상남도 양산시 중부동 189-1번지,48330,10300,0,0189,0001,1264100135523,,,,1,용도지역코드,UQA430,자연녹지지역,1,0,,자연녹지지역,20221008
경상남도 양산시 중부동 189-1번지,48330,10300,0,0189,0001,1264100135523,,,,1,용도지역코드,UQA122,제2종일반주거지역,0,0,,제2종일반주거지역,20221008
경상남도 양산시 중부동 189-1번지,48330,10300,0,0189,0001,1264100135523,,,,3,용도구역코드,UOA120,상대보호구역,1,0,,상대보호구역,20221008
경상남도 양산시 중부동 189-1번지,48330,10300,0,0189,0001,1264100135523,,,,3,용도구역코드,UIA100,도로구역,0,0,,도로구역,20221008
경상남도 양산시 중부동 189-1번지,48330,10300,0,0189,0001,1264100135523,,,,3,용도구역코드,UMZ100,가축사육제한구역,0,0,,가축사육제한구역,20221008
경상남도 양산시 중부동 193-1번지,48330,10300,0,0193,0001,12642107,,,,1,용도지역코드,1020,일반주거지역,1,0,,일반주거지역,20221008
경상남도 양산시 중부동 220번지,48330,10300,0,0220,0000,1264100133583,,,,1,용도지역코드,UQA122,제2종일반주거지역,1,0,,제2종일반주거지역,20221008
경상남도 양산시 중부동 220번지,48330,10300,0,0220,0000,1264100133583,,,,3,용도구역코드,UOA120,상대보호구역,1,0,,상대보호구역,20221008
경상남도 양산시 중부동 220-1번지,48330,10300,0,0220,0001,12647249,,,,1,용도지역코드,1022,제2종일반주거지역,1,0,,제2종일반주거지역,20221008
경상남도 양산시 중부동 220-4번지,48330,10300,0,0220,0004,1000000000000000547383,,,,3,용도구역코드,UOA120,상대보호구역,1,0,,상대보호구역,20240705
경상남도 양산시 중부동 220-4번지,48330,10300,0,0220,0004,1000000000000000547383,,,,3,용도구역코드,UMZ100,가축사육제한구역,0,0,,가축사육제한구역,20240705
경상남도 양산시 중부동 220-4번지,48330,10300,0,0220,0004,1000000000000000547383,,,,1,용도지역코드,UOC800,역사문화환경보존지역,0,0,,역사문화환경보존지역,20240705
경상남도 양산시 중부동 220-4번지,48330,10300,0,0220,0004,1000000000000000547383,,,,1,용도지역코드,UQA122,제2종일반주거지역,1,0,,제2종일반주거지역,20240705
경상남도 양산시 중부동 220-5번지,48330,10300,0,0220,0005,1264100131824,,,,1,용도지역코드,UQA122,제2종일반주거지역,1,0,,제2종일반주거지역,20231213
경상남도 양산시 중부동 223-2번지,48330,10300,0,0223,0002,12647653,,,,1,용도지역코드,1022,제2종일반주거지역,1,0,,제2종일반주거지역,20221008
경상남도 양산시 중부동 223-2번지,48330,10300,0,0223,0002,12647653,,,,3,용도구역코드,010,도시계획구역,1,0,,도시계획구역,20221008
경상남도 양산시 중부동 223-2번지,48330,10300,0,0223,0002,12642557,,,,1,용도지역코드,1020,일반주거지역,1,0,,일반주거지역,20221008
경상남도 양산시 중부동 229-2번지,48330,10300,0,0229,0002,1264100109356,,,,1,용도지역코드,UQA122,제2종일반주거지역,1,0,,제2종일반주거지역,20221008
경상남도 양산시 중부동 229-2번지,48330,10300,0,0229,0002,1264100109356,,,,3,용도구역코드,UMZ100,가축사육제한구역,1,0,,가축사육제한구역,20221008
경상남도 양산시 중부동 229-5번지,48330,10300,0,0229,0005,1264100100574,,,,1,용도지역코드,UQA122,제2종일반주거지역,1,0,,제2종일반주거지역,20221008
경상남도 양산시 중부동 229-5번지,48330,10300,0,0229,0005,1264100100574,,,,3,용도구역코드,UOA120,상대보호구역,1,0,,상대정화구역,20221008
경상남도 양산시 중부동 230-1번지,48330,10300,0,0230,0001,1264100124699,,,,1,용도지역코드,UQA122,제2종일반주거지역,1,0,,제2종일반주거지역,20221008
경상남도 양산시 중부동 230-1번지,48330,10300,0,0230,0001,1264100124699,,,,1,용도지역코드,UQA130,준주거지역,0,0,,준주거지역,20221008
경상남도 양산시 중부동 234-5번지,48330,10300,0,0234,0005,1264100092521,,,,1,용도지역코드,UQA130,준주거지역,1,0,,준주거지역,20230607
경상남도 양산시 중부동 234-5번지,48330,10300,0,0234,0005,1264100092521,,,,3,용도구역코드,UOA120,상대보호구역,1,0,,상대정화구역,20230607
경상남도 양산시 중부동 241-1번지,48330,10300,0,0241,0001,1264100049986,,,,1,용도지역코드,UQA130,준주거지역,1,0,,준주거지역,20221008
경상남도 양산시 중부동 241-1번지,48330,10300,0,0241,0001,1264100031297,,,,1,용도지역코드,UQA130,준주거지역,1,0,,준주거지역,20221008
경상남도 양산시 중부동 241-2번지,48330,10300,0,0241,0002,1264100067220,,,,1,용도지역코드,UQA130,준주거지역,1,0,,준주거지역,20221008
경상남도 양산시 중부동 241-2번지,48330,10300,0,0241,0002,1264100067220,,,,3,용도구역코드,UOA120,상대보호구역,1,0,,상대정화구역,20221008
경상남도 양산시 중부동 242번지,48330,10300,0,0242,0000,1264100065939,,,,1,용도지역코드,UQA130,준주거지역,1,0,,준주거지역,20221008
경상남도 양산시 중부동 242번지,48330,10300,0,0242,0000,1264100065939,,,,3,용도구역코드,UOA120,상대보호구역,1,0,,상대정화구역,20221008
경상남도 양산시 중부동 243-4번지,48330,10300,0,0243,0004,1264100052928,,,,1,용도지역코드,UQA130,준주거지역,1,0,,준주거지역,20221008
경상남도 양산시 중부동 243-4번지,48330,10300,0,0243,0004,1264100052928,,,,3,용도구역코드,UOA120,상대보호구역,1,0,,상대정화구역,20221008
경상남도 양산시 중부동 247-2번지,48330,10300,0,0247,0002,1264100092742,,,,1,용도지역코드,UQA130,준주거지역,1,0,,준주거지역,20221008
경상남도 양산시 중부동 247-2번지,48330,10300,0,0247,0002,1264100092742,,,,3,용도구역코드,UOA120,상대보호구역,1,0,,상대정화구역,20221008
경상남도 양산시 중부동 250-7번지,48330,10300,0,0250,0007,1264100029391,,,,1,용도지역코드,UQA130,준주거지역,1,0,,준주거지역,20221008
경상남도 양산시 중부동 250-9번지,48330,10300,0,0250,0009,12648439,,,,1,용도지역코드,1030,준주거지역,1,0,,준주거지역,20221008
경상남도 양산시 중부동 250-9번지,48330,10300,0,0250,0009,12648510,,,,1,용도지역코드,1030,준주거지역,1,0,,준주거지역,20221008
경상남도 양산시 중부동 250-9번지,48330,10300,0,0250,0009,1264100088643,,,,1,용도지역코드,UQA130,준주거지역,1,0,,준주거지역,20221008
경상남도 양산시 중부동 250-9번지,48330,10300,0,0250,0009,1264100088643,,,,3,용도구역코드,UOA120,상대보호구역,1,0,,상대정화구역,20221008
경상남도 양산시 중부동 250-11번지,48330,10300,0,0250,0011,1000000000000000385242,,,,1,용도지역코드,UQA130,준주거지역,1,0,,준주거지역,20231130
경상남도 양산시 중부동 262-10번지,48330,10300,0,0262,0010,1264974,"262-10, 13, 180-4 (3필지)",,,1,용도지역코드,1020,일반주거지역,1,0,,일반주거지역,20221008
경상남도 양산시 중부동 265-1번지,48330,10300,0,0265,0001,1264100064499,,,,1,용도지역코드,UQA130,준주거지역,1,0,,준주거지역,20221008
경상남도 양산시 중부동 265-2번지,48330,10300,0,0265,0002,1264100016595,,,,1,용도지역코드,1030,준주거지역,1,0,,준주거지역,20221008
경상남도 양산시 중부동 265-2번지,48330,10300,0,0265,0002,1264100016595,,,,3,용도구역코드,272,상대정화구역,1,0,,상대정화구역,20221008
경상남도 양산시 중부동 265-19번지,48330,10300,0,0265,0019,12646374,,,,1,용도지역코드,1120,일반상업지역,1,0,,일반상업지역,20221008
경상남도 양산시 중부동 265-21번지,48330,10300,0,0265,0021,1264100060872,,,,1,용도지역코드,UQA220,일반상업지역,1,0,,일반상업지역,20221008
경상남도 양산시 중부동 265-21번지,48330,10300,0,0265,0021,1264100060872,,,,3,용도구역코드,UOA120,상대보호구역,1,0,,상대정화구역,20221008
경상남도 양산시 중부동 265-26번지,48330,10300,0,0265,0026,12642588,,,,1,용도지역코드,1120,일반상업지역,1,0,,일반상업지역,20221008
경상남도 양산시 중부동 265-28번지,48330,10300,0,0265,0028,1264100064559,,,,1,용도지역코드,UQA130,준주거지역,1,0,,준주거지역,20221008
경상남도 양산시 중부동 268번지,48330,10300,0,0268,0000,1264100143326,,,,1,용도지역코드,UQA220,일반상업지역,1,0,,일반상업지역,20221008
경상남도 양산시 중부동 268번지,48330,10300,0,0268,0000,1264100143326,,,,1,용도지역코드,UDX200,가로구역별최고높이제한지역,0,0,,가로구역별최고높이제한지역,20221008
경상남도 양산시 중부동 268번지,48330,10300,0,0268,0000,1264100143326,,,,3,용도구역코드,UMZ100,가축사육제한구역,1,0,,가축사육제한구역,20221008
경상남도 양산시 중부동 269-2번지,48330,10300,0,0269,0002,1264100058932,,,,1,용도지역코드,UQA220,일반상업지역,1,0,,일반상업지역,20221008
경상남도 양산시 중부동 270번지,48330,10300,0,0270,0000,1264100011952,,,,1,용도지역코드,1120,일반상업지역,1,0,,일반상업지역,20221008
경상남도 양산시 중부동 270번지,48330,10300,0,0270,0000,1264100011952,,,,3,용도구역코드,272,상대정화구역,1,0,,상대정화구역,20221008
경상남도 양산시 중부동 271-1번지,48330,10300,0,0271,0001,1264100026255,,,,1,용도지역코드,UQA220,일반상업지역,1,0,,일반상업지역,20221008
경상남도 양산시 중부동 271-1번지,48330,10300,0,0271,0001,1264100026255,,,,3,용도구역코드,UOA120,상대보호구역,1,0,,상대정화구역,20221008
경상남도 양산시 중부동 273번지,48330,10300,0,0273,0000,1264100023830,,,,1,용도지역코드,UQA220,일반상업지역,1,0,,일반상업지역,20221008
경상남도 양산시 중부동 273번지,48330,10300,0,0273,0000,1264100023830,,,,3,용도구역코드,UOA120,상대보호구역,1,0,,상대정화구역,20221008
경상남도 양산시 중부동 276번지,48330,10300,0,0276,0000,1264100021802,,,,1,용도지역코드,UQA220,일반상업지역,1,0,,일반상업지역,20221008
경상남도 양산시 중부동 282-4번지,48330,10300,0,0282,0004,1264100031000,,,,1,용도지역코드,UQA220,일반상업지역,1,0,,일반상업지역,20221008
경상남도 양산시 중부동 282-4번지,48330,10300,0,0282,0004,1264100031000,,,,3,용도구역코드,UOA120,상대보호구역,1,0,,상대정화구역,20221008
경상남도 양산시 중부동 283번지,48330,10300,0,0283,0000,1264100027071,,,,1,용도지역코드,UQA220,일반상업지역,1,0,,일반상업지역,20221008
경상남도 양산시 중부동 283번지,48330,10300,0,0283,0000,1264100027071,,,,3,용도구역코드,UOA120,상대보호구역,1,0,,상대정화구역,20221008
경상남도 양산시 중부동 289-2번지,48330,10300,0,0289,0002,1264100051087,,,,1,용도지역코드,UQA130,준주거지역,1,0,,준주거지역,20221008
경상남도 양산시 중부동 289-2번지,48330,10300,0,0289,0002,1264100051087,,,,3,용도구역코드,UOA120,상대보호구역,1,0,,상대정화구역,20221008
경상남도 양산시 중부동 293번지,48330,10300,0,0293,0000,1264100147891,,,,1,용도지역코드,UQA130,준주거지역,1,0,,준주거지역,20221008
경상남도 양산시 중부동 293번지,48330,10300,0,0293,0000,1264100147891,,,,3,용도구역코드,UMZ100,가축사육제한구역,1,0,,가축사육제한구역,20221008
경상남도 양산시 중부동 296번지,48330,10300,0,0296,0000,1000000000000000773863,,,,1,용도지역코드,UQA130,준주거지역,1,0,,준주거지역,20251015
경상남도 양산시 중부동 297-7번지,48330,10300,0,0297,0007,12646845,,,,1,용도지역코드,1030,준주거지역,1,0,,준주거지역,20221008
경상남도 양산시 중부동 298-2번지,48330,10300,0,0298,0002,12646876,,,,1,용도지역코드,1030,준주거지역,1,0,,준주거지역,20221008
경상남도 양산시 중부동 299번지,48330,10300,0,0299,0000,1264100032764,,,,1,용도지역코드,UQA130,준주거지역,1,0,,준주거지역,20221008
경상남도 양산시 중부동 300번지,48330,10300,0,0300,0000,126411,,,,1,용도지역코드,1020,일반주거지역,1,0,,일반주거지역,20221008
경상남도 양산시 중부동 307번지,48330,10300,0,0307,0000,1264100113916,,,,1,용도지역코드,UQA220,일반상업지역,1,0,,일반상업지역,20221008
경상남도 양산시 중부동 308-3번지,48330,10300,0,0308,0003,12642302,,,,1,용도지역코드,1120,일반상업지역,1,0,,일반상업지역,20221008
경상남도 양산시 중부동 309-1번지,48330,10300,0,0309,0001,1264100083082,,,,1,용도지역코드,UQA220,일반상업지역,1,0,,일반상업지역,20221008
경상남도 양산시 중부동 309-1번지,48330,10300,0,0309,0001,1264100083082,,,,3,용도구역코드,UOA120,상대보호구역,1,0,,상대정화구역,20221008
경상남도 양산시 중부동 310-2번지,48330,10300,0,0310,0002,12648333,,,,1,용도지역코드,1120,일반상업지역,1,0,,일반상업지역,20221008
경상남도 양산시 중부동 310-2번지,48330,10300,0,0310,0002,12642556,,,,1,용도지역코드,1020,일반주거지역,1,0,,일반주거지역,20221008
경상남도 양산시 중부동 312번지,48330,10300,0,0312,0000,1264100034267,,,,1,용도지역코드,UQA220,일반상업지역,1,0,,일반상업지역,20221008
경상남도 양산시 중부동 312번지,48330,10300,0,0312,0000,1264100034267,,,,3,용도구역코드,UOA120,상대보호구역,1,0,,상대정화구역,20221008
경상남도 양산시 중부동 314번지,48330,10300,0,0314,0000,1264100035592,,,,1,용도지역코드,UQA220,일반상업지역,1,0,,일반상업지역,20221008
경상남도 양산시 중부동 314번지,48330,10300,0,0314,0000,1264100035592,,,,3,용도구역코드,UOA120,상대보호구역,1,0,,상대정화구역,20221008
경상남도 양산시 중부동 314번지,48330,10300,0,0314,0000,12644243,대우마리나아파트,103,209,1,용도지역코드,1120,일반상업지역,1,0,,일반상업지역,20221008
경상남도 양산시 중부동 317-1번지,48330,10300,0,0317,0001,1264100078979,,,,1,용도지역코드,UQA220,일반상업지역,1,0,,일반상업지역,20221008
경상남도 양산시 중부동 317-3번지,48330,10300,0,0317,0003,12641118,"319-6, 323-3번지",,,1,용도지역코드,1120,일반상업지역,1,0,,일반상업지역,20221008
경상남도 양산시 중부동 319-5번지,48330,10300,0,0319,0005,12645176,,,,1,용도지역코드,1120,일반상업지역,1,0,,일반상업지역,20221008
경상남도 양산시 중부동 321번지,48330,10300,0,0321,0000,1264594,경상남도 양산시 중부동,321,,1,용도지역코드,1120,일반상업지역,1,0,,일반상업지역,20221008
경상남도 양산시 중부동 322번지,48330,10300,0,0322,0000,12641814,경상남도 양산시 중부동,322,,1,용도지역코드,1120,일반상업지역,1,0,,일반상업지역,20221008
경상남도 양산시 중부동 322번지,48330,10300,0,0322,0000,1264100128801,,,,1,용도지역코드,UQA220,일반상업지역,1,0,,일반상업지역,20221008
경상남도 양산시 중부동 322번지,48330,10300,0,0322,0000,1264100129264,,,,1,용도지역코드,UQA220,일반상업지역,1,0,,일반상업지역,20221008
경상남도 양산시 중부동 330번지,48330,10300,0,0330,0000,1264100147992,,,,1,용도지역코드,UQA220,일반상업지역,1,0,,일반상업지역,20221008
경상남도 양산시 중부동 330번지,48330,10300,0,0330,0000,1264100147992,,,,1,용도지역코드,UDX200,가로구역별최고높이제한지역,0,0,,가로구역별최고높이제한지역,20221008
경상남도 양산시 중부동 330번지,48330,10300,0,0330,0000,1264100147992,,,,3,용도구역코드,UMZ100,가축사육제한구역,1,0,,가축사육제한구역,20221008
경상남도 양산시 중부동 330번지,48330,10300,0,0330,0000,12641026,,,,1,용도지역코드,1120,일반상업지역,1,0,,일반상업지역,20221008
경상남도 양산시 중부동 338번지,48330,10300,0,0338,0000,1264100027434,,,,1,용도지역코드,UQA220,일반상업지역,1,0,,일반상업지역,20221008
경상남도 양산시 중부동 338번지,48330,10300,0,0338,0000,1264100027434,,,,3,용도구역코드,UOA120,상대보호구역,1,0,,상대정화구역,20221008
경상남도 양산시 중부동 346-4번지,48330,10300,0,0346,0004,1264100106555,,,,1,용도지역코드,UQA220,일반상업지역,1,0,,일반상업지역,20221008
경상남도 양산시 중부동 346-4번지,48330,10300,0,0346,0004,1264100106555,,,,3,용도구역코드,UMZ100,가축사육제한구역,1,0,,가축사육제한구역,20221008
경상남도 양산시 중부동 346-5번지,48330,10300,0,0346,0005,12641798,경상남도 양산시 중부동,346,5,1,용도지역코드,1120,일반상업지역,1,0,,일반상업지역,20221008
경상남도 양산시 중부동 346-5번지,48330,10300,0,0346,0005,1000000000000000876232,,,,3,용도구역코드,UMZ100,가축사육제한구역,1,0,,가축사육제한구역,20260122
경상남도 양산시 중부동 346-5번지,48330,10300,0,0346,0005,1000000000000000876232,,,,1,용도지역코드,UQA220,일반상업지역,1,0,,일반상업지역,20260122
경상남도 양산시 중부동 353-3번지,48330,10300,0,0353,0003,1264100049769,,,,1,용도지역코드,UQA220,일반상업지역,1,0,,일반상업지역,20221008
경상남도 양산시 중부동 355번지,48330,10300,0,0355,0000,1264100041902,,,,1,용도지역코드,UQA220,일반상업지역,1,0,,일반상업지역,20221008
경상남도 양산시 중부동 355번지,48330,10300,0,0355,0000,1264100041902,,,,3,용도구역코드,UOA110,절대정화구역,1,0,,절대정화구역,20221008
경상남도 양산시 중부동 360번지,48330,10300,0,0360,0000,12644659,,,,1,용도지역코드,1120,일반상업지역,1,0,,일반상업지역,20221008
경상남도 양산시 중부동 360번지,48330,10300,0,0360,0000,12648936,,,,1,용도지역코드,1120,일반상업지역,1,0,,일반상업지역,20221008
경상남도 양산시 중부동 363번지,48330,10300,0,0363,0000,12645310,,,,1,용도지역코드,1120,일반상업지역,1,0,,일반상업지역,20221008
경상남도 양산시 중부동 363번지,48330,10300,0,0363,0000,12643792,,,,1,용도지역코드,1120,일반상업지역,1,0,,일반상업지역,20221008
경상남도 양산시 중부동 368번지,48330,10300,0,0368,0000,12642584,,,,1,용도지역코드,1120,일반상업지역,1,0,,일반상업지역,20221008
경상남도 양산시 중부동 368번지,48330,10300,0,0368,0000,12647645,,,,1,용도지역코드,1120,일반상업지역,1,0,,일반상업지역,20221008
경상남도 양산시 중부동 368번지,48330,10300,0,0368,0000,12647645,,,,3,용도구역코드,010,도시계획구역,1,0,,도시계획구역,20221008
경상남도 양산시 중부동 370번지,48330,10300,0,0370,0000,12645747,,,,1,용도지역코드,1120,일반상업지역,1,0,,일반상업지역,20221008
경상남도 양산시 중부동 376-1번지,48330,10300,0,0376,0001,12641565,,,,1,용도지역코드,1120,일반상업지역,1,0,,일반상업지역,20221008
경상남도 양산시 중부동 377-1번지,48330,10300,0,0377,0001,12641003,,,,1,용도지역코드,1120,일반상업지역,1,0,,일반상업지역,20221008
경상남도 양산시 중부동 377-3번지,48330,10300,0,0377,0003,12642231,,,,1,용도지역코드,1120,일반상업지역,1,0,,일반상업지역,20221008
경상남도 양산시 중부동 378-2번지,48330,10300,0,0378,0002,12641099,,,,1,용도지역코드,1130,근린상업지역,0,0,,근린상업지역,20221008
경상남도 양산시 중부동 378-2번지,48330,10300,0,0378,0002,12641099,,,,1,용도지역코드,1120,일반상업지역,1,0,,일반상업지역,20221008
경상남도 양산시 중부동 378-2번지,48330,10300,0,0378,0002,12641428,경상남도 양산시 중부동,378,2,1,용도지역코드,1120,일반상업지역,1,0,,일반상업지역,20221008
경상남도 양산시 중부동 378-4번지,48330,10300,0,0378,0004,12641068,"378-4,384-5",,,1,용도지역코드,1120,일반상업지역,1,0,,일반상업지역,20221008
경상남도 양산시 중부동 378-4번지,48330,10300,0,0378,0004,12641858,경상남도 양산시 중부동,378,4,1,용도지역코드,1120,일반상업지역,1,0,,일반상업지역,20221008
경상남도 양산시 중부동 379-2번지,48330,10300,0,0379,0002,1000000000000000868905,,,,1,용도지역코드,UQA220,일반상업지역,0,0,,일반상업지역,20260320
경상남도 양산시 중부동 379-2번지,48330,10300,0,0379,0002,1000000000000000868905,,,,1,용도지역코드,UDX200,가로구역별최고높이제한지역,1,0,,가로구역별 최고높이 제한지역,20260320
경상남도 양산시 중부동 383-3번지,48330,10300,0,0383,0003,1264100032560,,,,1,용도지역코드,UQA220,일반상업지역,1,0,,일반상업지역,20221008
경상남도 양산시 중부동 383-3번지,48330,10300,0,0383,0003,1264100032560,,,,3,용도구역코드,UOA120,상대보호구역,1,0,,상대정화구역,20221008
경상남도 양산시 중부동 383-3번지,48330,10300,0,0383,0003,1264100033005,,,,1,용도지역코드,UQA220,일반상업지역,1,0,,일반상업지역,20221008
경상남도 양산시 중부동 384-2번지,48330,10300,0,0384,0002,1264100121959,,,,1,용도지역코드,UQA220,일반상업지역,1,0,,일반상업지역,20221008
경상남도 양산시 중부동 384-3번지,48330,10300,0,0384,0003,12643433,,,,1,용도지역코드,1120,일반상업지역,1,0,,일반상업지역,20221008
경상남도 양산시 중부동 384-3번지,48330,10300,0,0384,0003,12642383,,,,1,용도지역코드,1120,일반상업지역,1,0,,일반상업지역,20221008
경상남도 양산시 중부동 398-1번지,48330,10300,0,0398,0001,12646098,,,,1,용도지역코드,1330,자연녹지지역,1,0,,자연녹지지역,20221008
경상남도 양산시 중부동 398-1번지,48330,10300,0,0398,0001,12646098,,,,2,용도지구코드,160,택지개발지구,1,0,,택지개발지구,20221008
경상남도 양산시 중부동 398-1번지,48330,10300,0,0398,0001,12646098,,,,3,용도구역코드,301,제1종지구단위계획구역,1,0,,제1종지구단위계획구역,20221008
경상남도 양산시 중부동 398-8번지,48330,10300,0,0398,0008,1264100126981,,,,1,용도지역코드,UQA220,일반상업지역,1,0,,일반상업지역,20221008
경상남도 양산시 중부동 398-8번지,48330,10300,0,0398,0008,1264100126981,,,,2,용도지구코드,UQF131,시가지경관지구(중심),1,0,,시가지경관지구(중심),20221008
경상남도 양산시 중부동 398-8번지,48330,10300,0,0398,0008,1264100120660,,,,1,용도지역코드,UQA220,일반상업지역,1,0,,일반상업지역,20221008
경상남도 양산시 중부동 398-8번지,48330,10300,0,0398,0008,1264100120660,,,,2,용도지구코드,UQG110,중심지미관지구,1,0,,중심지미관지구,20221008
경상남도 양산시 중부동 398-8번지,48330,10300,0,0398,0008,12641637,,,,1,용도지역코드,1120,일반상업지역,1,0,,일반상업지역,20221008
경상남도 양산시 중부동 398-15번지,48330,10300,0,0398,0015,12642718,,,,1,용도지역코드,1120,일반상업지역,1,0,,일반상업지역,20221008
경상남도 양산시 중부동 401-4번지,48330,10300,0,0401,0004,1264428,경상남도 양산시 중부동,401,4,1,용도지역코드,1020,일반주거지역,1,0,,일반주거지역,20221008
경상남도 양산시 중부동 401-5번지,48330,10300,0,0401,0005,12646068,,,,1,용도지역코드,1120,일반상업지역,1,0,,일반상업지역,20221008
경상남도 양산시 중부동 401-19번지,48330,10300,0,0401,0019,12644868,,,,1,용도지역코드,1120,일반상업지역,1,0,,일반상업지역,20221008
경상남도 양산시 중부동 401-26번지,48330,10300,0,0401,0026,12642589,,,,1,용도지역코드,1120,일반상업지역,1,0,,일반상업지역,20221008
경상남도 양산시 중부동 402번지,48330,10300,0,0402,0000,1264100094061,,,,1,용도지역코드,UQA220,일반상업지역,1,0,,일반상업지역,20240530
경상남도 양산시 중부동 402번지,48330,10300,0,0402,0000,1264100094061,,,,3,용도구역코드,UOA120,상대보호구역,1,0,,상대정화구역,20240530
경상남도 양산시 중부동 402번지,48330,10300,0,0402,0000,1264100097026,,,,1,용도지역코드,UQA220,일반상업지역,1,0,,일반상업지역,20221008
경상남도 양산시 중부동 402번지,48330,10300,0,0402,0000,1264100097026,,,,3,용도구역코드,UOA120,상대보호구역,1,0,,상대정화구역,20221008
경상남도 양산시 중부동 402번지,48330,10300,0,0402,0000,1264100116680,,,,1,용도지역코드,UQA220,일반상업지역,1,0,,일반상업지역,20221008
경상남도 양산시 중부동 402번지,48330,10300,0,0402,0000,1264100098114,,,,1,용도지역코드,UQA220,일반상업지역,1,0,,일반상업지역,20221008
경상남도 양산시 중부동 402번지,48330,10300,0,0402,0000,1264100098114,,,,3,용도구역코드,UOA120,상대보호구역,1,0,,상대보호구역,20221008
경상남도 양산시 중부동 402번지,48330,10300,0,0402,0000,1264100028071,,,,1,용도지역코드,UQA220,일반상업지역,1,0,,일반상업지역,20221008
경상남도 양산시 중부동 402번지,48330,10300,0,0402,0000,1264100028071,,,,3,용도구역코드,UOA120,상대보호구역,1,0,,상대정화구역,20221008
경상남도 양산시 중부동 403-1번지,48330,10300,0,0403,0001,12649511,,,,1,용도지역코드,1120,일반상업지역,1,0,,일반상업지역,20221008
경상남도 양산시 중부동 403-2번지,48330,10300,0,0403,0002,12645160,,,,1,용도지역코드,1120,일반상업지역,1,0,,일반상업지역,20221008
경상남도 양산시 중부동 403-3번지,48330,10300,0,0403,0003,1264725,,,,1,용도지역코드,1120,일반상업지역,1,0,,일반상업지역,20221008
경상남도 양산시 중부동 403-3번지,48330,10300,0,0403,0003,1000000000000000336725,,,,1,용도지역코드,UQA220,일반상업지역,1,0,,일반상업지역,20230713
경상남도 양산시 중부동 403-4번지,48330,10300,0,0403,0004,1264249,,,,1,용도지역코드,1120,일반상업지역,1,0,,일반상업지역,20221008
경상남도 양산시 중부동 403-5번지,48330,10300,0,0403,0005,12648134,,,,1,용도지역코드,1120,일반상업지역,1,0,,일반상업지역,20221008
경상남도 양산시 중부동 403-5번지,48330,10300,0,0403,0005,12648134,,,,3,용도구역코드,010,도시계획구역,1,0,,도시계획구역,20221008
경상남도 양산시 중부동 403-5번지,48330,10300,0,0403,0005,12646307,,,,1,용도지역코드,1120,일반상업지역,1,0,,일반상업지역,20221008
경상남도 양산시 중부동 403-5번지,48330,10300,0,0403,0005,12646307,,,,2,용도지구코드,980,용도지구미지정,1,0,,용도지구미지정,20221008
경상남도 양산시 중부동 403-5번지,48330,10300,0,0403,0005,12643305,경상남도 양산시 중부동,403,6,1,용도지역코드,1120,일반상업지역,1,0,,일반상업지역,20221008
경상남도 양산시 중부동 403-5번지,48330,10300,0,0403,0005,12643305,경상남도 양산시 중부동,403,6,2,용도지구코드,980,용도지구미지정,1,0,,용도지구미지정,20221008
경상남도 양산시 중부동 403-5번지,48330,10300,0,0403,0005,12643305,경상남도 양산시 중부동,403,6,3,용도구역코드,980,용도구역미지정,1,0,,용도구역미지정,20221008
경상남도 양산시 중부동 404-1번지,48330,10300,0,0404,0001,1000000000000000715806,,,,1,용도지역코드,UQA220,일반상업지역,1,0,,일반상업지역,20250430
경상남도 양산시 중부동 404-1번지,48330,10300,0,0404,0001,1000000000000000715806,,,,3,용도구역코드,UMZ100,가축사육제한구역,1,0,,가축사육제한구역,20250430
경상남도 양산시 중부동 404-1번지,48330,10300,0,0404,0001,1264100140526,,,,1,용도지역코드,UQA220,일반상업지역,1,0,,일반상업지역,20221008
경상남도 양산시 중부동 404-1번지,48330,10300,0,0404,0001,1264100140526,,,,3,용도구역코드,UMZ100,가축사육제한구역,1,0,,가축사육제한구역,20221008
경상남도 양산시 중부동 404-1번지,48330,10300,0,0404,0001,12641002,,,,1,용도지역코드,1120,일반상업지역,1,0,,일반상업지역,20221008
경상남도 양산시 중부동 404-1번지,48330,10300,0,0404,0001,1264498,,,,1,용도지역코드,1120,일반상업지역,1,0,,일반상업지역,20221008
경상남도 양산시 중부동 404-5번지,48330,10300,0,0404,0005,12641352,404-5,,,1,용도지역코드,1120,일반상업지역,1,0,,일반상업지역,20221008
경상남도 양산시 중부동 404-5번지,48330,10300,0,0404,0005,1264100033984,,,,1,용도지역코드,UQA220,일반상업지역,1,0,,일반상업지역,20221008
경상남도 양산시 중부동 404-6번지,48330,10300,0,0404,0006,12645505,,,,1,용도지역코드,1120,일반상업지역,1,0,,일반상업지역,20221008
경상남도 양산시 중부동 405-3번지,48330,10300,0,0405,0003,12643315,,,,1,용도지역코드,1120,일반상업지역,1,0,,일반상업지역,20221008
경상남도 양산시 중부동 405-18번지,48330,10300,0,0405,0018,12645660,,,,1,용도지역코드,1120,일반상업지역,1,0,,일반상업지역,20221008
경상남도 양산시 중부동 405-19번지,48330,10300,0,0405,0019,12647665,,,,1,용도지역코드,1120,일반상업지역,1,0,,일반상업지역,20221008
경상남도 양산시 중부동 405-19번지,48330,10300,0,0405,0019,12646877,,,,1,용도지역코드,1120,일반상업지역,1,0,,일반상업지역,20221008
경상남도 양산시 중부동 405-19번지,48330,10300,0,0405,0019,1264100121820,,,,1,용도지역코드,UQA220,일반상업지역,1,0,,일반상업지역,20221008
경상남도 양산시 중부동 405-19번지,48330,10300,0,0405,0019,12643532,,,,1,용도지역코드,1120,일반상업지역,1,0,,일반상업지역,20221008
경상남도 양산시 중부동 405-19번지,48330,10300,0,0405,0019,1264100034166,,,,1,용도지역코드,UQA220,일반상업지역,1,0,,일반상업지역,20221008
경상남도 양산시 중부동 405-19번지,48330,10300,0,0405,0019,1264100036214,,,,1,용도지역코드,UQA220,일반상업지역,1,0,,일반상업지역,20221008
경상남도 양산시 중부동 406-1번지,48330,10300,0,0406,0001,1264100013918,,,,1,용도지역코드,1330,자연녹지지역,1,0,,자연녹지지역,20221008
경상남도 양산시 중부동 406-1번지,48330,10300,0,0406,0001,1264100013918,,,,3,용도구역코드,301,제1종지구단위계획구역,1,0,,제1종지구단위계획구역,20221008
경상남도 양산시 중부동 406-2번지,48330,10300,0,0406,0002,1264100014015,,,,1,용도지역코드,1330,자연녹지지역,1,0,,자연녹지지역,20221008
경상남도 양산시 중부동 407-1번지,48330,10300,0,0407,0001,12642984,,,,1,용도지역코드,1120,일반상업지역,1,0,,일반상업지역,20221008
경상남도 양산시 중부동 407-2번지,48330,10300,0,0407,0002,12649625,,,,1,용도지역코드,1120,일반상업지역,1,0,,일반상업지역,20221008
경상남도 양산시 중부동 407-3번지,48330,10300,0,0407,0003,1264100028010,,,,1,용도지역코드,UQA220,일반상업지역,1,0,,일반상업지역,20221008
경상남도 양산시 중부동 407-3번지,48330,10300,0,0407,0003,1264100012470,,,,1,용도지역코드,1120,일반상업지역,1,0,,일반상업지역,20221008
경상남도 양산시 중부동 407-4번지,48330,10300,0,0407,0004,1264100004846,,,,1,용도지역코드,1120,일반상업지역,1,0,,일반상업지역,20221008
경상남도 양산시 중부동 407-9번지,48330,10300,0,0407,0009,1000000000000001002168,,,,1,용도지역코드,UQA220,일반상업지역,1,0,,일반상업지역,20260728
경상남도 양산시 중부동 407-9번지,48330,10300,0,0407,0009,1000000000000001002168,,,,3,용도구역코드,UMZ100,가축사육제한구역,1,0,,가축사육제한구역,20260728
경상남도 양산시 중부동 407-11번지,48330,10300,0,0407,0011,12644829,,,,1,용도지역코드,1120,일반상업지역,1,0,,일반상업지역,20221008
경상남도 양산시 중부동 408-1번지,48330,10300,0,0408,0001,1264317,,,,1,용도지역코드,1120,일반상업지역,1,0,,일반상업지역,20221008
경상남도 양산시 중부동 408-7번지,48330,10300,0,0408,0007,12643068,,,,1,용도지역코드,1120,일반상업지역,1,0,,일반상업지역,20221008
경상남도 양산시 중부동 408-8번지,48330,10300,0,0408,0008,12644687,,,,1,용도지역코드,1120,일반상업지역,1,0,,일반상업지역,20221008
경상남도 양산시 중부동 409-19번지,48330,10300,0,0409,0019,1264110,,,,1,용도지역코드,1020,일반주거지역,1,0,,일반주거지역,20221008
경상남도 양산시 중부동 412-4번지,48330,10300,0,0412,0004,1264367,경상남도 양산시 중부동,412,4,1,용도지역코드,1020,일반주거지역,1,0,,일반주거지역,20221008
경상남도 양산시 중부동 412-7번지,48330,10300,0,0412,0007,12642987,,,,1,용도지역코드,1120,일반상업지역,1,0,,일반상업지역,20221008
경상남도 양산시 중부동 412-7번지,48330,10300,0,0412,0007,12642986,,,,1,용도지역코드,1120,일반상업지역,1,0,,일반상업지역,20221008
경상남도 양산시 중부동 412-7번지,48330,10300,0,0412,0007,12642653,,,,1,용도지역코드,1020,일반주거지역,1,0,,일반주거지역,20221008
경상남도 양산시 중부동 413-4번지,48330,10300,0,0413,0004,12649599,,,,1,용도지역코드,1120,일반상업지역,1,0,,일반상업지역,20221008
경상남도 양산시 중부동 413-4번지,48330,10300,0,0413,0004,1264100011212,,,,1,용도지역코드,1120,일반상업지역,1,0,,일반상업지역,20221008
경상남도 양산시 중부동 413-4번지,48330,10300,0,0413,0004,1264100048145,,,,1,용도지역코드,UQA220,일반상업지역,1,0,,일반상업지역,20221008
경상남도 양산시 중부동 413-4번지,48330,10300,0,0413,0004,12642898,,,,1,용도지역코드,1120,일반상업지역,1,0,,일반상업지역,20221008
경상남도 양산시 중부동 414-15번지,48330,10300,0,0414,0015,12641324,,,,1,용도지역코드,1020,일반주거지역,1,0,,일반주거지역,20221008
경상남도 양산시 중부동 414-15번지,48330,10300,0,0414,0015,1264100006908,,,,1,용도지역코드,1120,일반상업지역,1,0,,일반상업지역,20221008
경상남도 양산시 중부동 417-1번지,48330,10300,0,0417,0001,1264100029796,,,,1,용도지역코드,UQA220,일반상업지역,1,0,,일반상업지역,20221008
경상남도 양산시 중부동 417-5번지,48330,10300,0,0417,0005,1264833,417-5,,,1,용도지역코드,1120,일반상업지역,1,0,,일반상업지역,20221008
경상남도 양산시 중부동 417-8번지,48330,10300,0,0417,0008,1000000000000000211078,,,,1,용도지역코드,UQA220,일반상업지역,1,0,,일반상업지역,20230829
경상남도 양산시 중부동 417-8번지,48330,10300,0,0417,0008,1264100156572,,,,1,용도지역코드,UQA220,일반상업지역,1,0,,일반상업지역,20221008
경상남도 양산시 중부동 417-8번지,48330,10300,0,0417,0008,1264100156572,,,,3,용도구역코드,UMZ100,가축사육제한구역,1,0,,가축사육제한구역,20221008
경상남도 양산시 중부동 417-8번지,48330,10300,0,0417,0008,12641038,,,,1,용도지역코드,1120,일반상업지역,1,0,,일반상업지역,20221008
경상남도 양산시 중부동 417-8번지,48330,10300,0,0417,0008,1264832,,,,1,용도지역코드,1120,일반상업지역,1,0,,일반상업지역,20221008
경상남도 양산시 중부동 420-2번지,48330,10300,0,0420,0002,1264100088081,,,,1,용도지역코드,UQA220,일반상업지역,1,0,,일반상업지역,20221008
경상남도 양산시 중부동 420-2번지,48330,10300,0,0420,0002,1264100093001,,,,1,용도지역코드,UQA200,상업지역,1,0,,상업지역,20221008
경상남도 양산시 중부동 420-2번지,48330,10300,0,0420,0002,1264100010670,,,,1,용도지역코드,1120,일반상업지역,1,0,,일반상업지역,20221008
경상남도 양산시 중부동 420-11번지,48330,10300,0,0420,0011,12643704,,,,1,용도지역코드,1120,일반상업지역,1,0,,일반상업지역,20221008
경상남도 양산시 중부동 421-1번지,48330,10300,0,0421,0001,1264269,,,,1,용도지역코드,1120,일반상업지역,1,0,,일반상업지역,20221008
경상남도 양산시 중부동 421-1번지,48330,10300,0,0421,0001,1264604,,,,1,용도지역코드,1120,일반상업지역,1,0,,일반상업지역,20221008
경상남도 양산시 중부동 421-2번지,48330,10300,0,0421,0002,12647480,,,,1,용도지역코드,1120,일반상업지역,1,0,,일반상업지역,20221008
경상남도 양산시 중부동 421-2번지,48330,10300,0,0421,0002,12647480,,,,2,용도지구코드,340,토지구획정리사업지구,1,0,,토지구획정리사업지구,20221008
경상남도 양산시 중부동 421-2번지,48330,10300,0,0421,0002,12648483,,,,1,용도지역코드,1120,일반상업지역,1,0,,일반상업지역,20221008
경상남도 양산시 중부동 421-2번지,48330,10300,0,0421,0002,12648483,,,,2,용도지구코드,340,토지구획정리사업지구,1,0,,토지구획정리사업지구,20221008
경상남도 양산시 중부동 421-6번지,48330,10300,0,0421,0006,1264779,,,,1,용도지역코드,1120,일반상업지역,1,0,,일반상업지역,20221008
경상남도 양산시 중부동 421-8번지,48330,10300,0,0421,0008,1264100015134,,,,1,용도지역코드,1120,일반상업지역,1,0,,일반상업지역,20221008
경상남도 양산시 중부동 421-8번지,48330,10300,0,0421,0008,1264100015134,,,,3,용도구역코드,272,상대정화구역,1,0,,상대정화구역,20221008
경상남도 양산시 중부동 423-1번지,48330,10300,0,0423,0001,1000000000000000517758,,,,1,용도지역코드,UQA220,일반상업지역,1,0,,일반상업지역,20240517
경상남도 양산시 중부동 423-1번지,48330,10300,0,0423,0001,12642586,,,,1,용도지역코드,1120,일반상업지역,1,0,,일반상업지역,20221008
경상남도 양산시 중부동 423-5번지,48330,10300,0,0423,0005,12646659,,,,1,용도지역코드,1120,일반상업지역,1,0,,일반상업지역,20221008
경상남도 양산시 중부동 423-5번지,48330,10300,0,0423,0005,1264100149950,,,,1,용도지역코드,UQA220,일반상업지역,1,0,,일반상업지역,20221008
경상남도 양산시 중부동 425-2번지,48330,10300,0,0425,0002,1264100048146,,,,3,용도구역코드,UOA120,상대보호구역,1,0,,상대정화구역,20221008
경상남도 양산시 중부동 425-2번지,48330,10300,0,0425,0002,1264100048146,,,,1,용도지역코드,UQA220,일반상업지역,1,0,,일반상업지역,20221008
경상남도 양산시 중부동 425-6번지,48330,10300,0,0425,0006,12644240,,,,1,용도지역코드,1120,일반상업지역,1,0,,일반상업지역,20221008
경상남도 양산시 중부동 425-6번지,48330,10300,0,0425,0006,12643475,,,,1,용도지역코드,1120,일반상업지역,1,0,,일반상업지역,20221008
경상남도 양산시 중부동 425-6번지,48330,10300,0,0425,0006,1264470,,,,1,용도지역코드,1020,일반주거지역,1,0,,일반주거지역,20221008
경상남도 양산시 중부동 425-6번지,48330,10300,0,0425,0006,12642571,,,,1,용도지역코드,1120,일반상업지역,1,0,,일반상업지역,20221008
경상남도 양산시 중부동 425-7번지,48330,10300,0,0425,0007,12641403,,,,1,용도지역코드,1120,일반상업지역,1,0,,일반상업지역,20221008
경상남도 양산시 중부동 425-9번지,48330,10300,0,0425,0009,1264100076120,,,,1,용도지역코드,UQA220,일반상업지역,1,0,,일반상업지역,20221008
경상남도 양산시 중부동 425-9번지,48330,10300,0,0425,0009,1264100076120,,,,3,용도구역코드,UOA120,상대보호구역,1,0,,상대정화구역,20221008
경상남도 양산시 중부동 425-13번지,48330,10300,0,0425,0013,1000000000000000998672,,,,1,용도지역코드,UQA220,일반상업지역,1,0,,일반상업지역,20260722
경상남도 양산시 중부동 425-13번지,48330,10300,0,0425,0013,1264100010249,,,,1,용도지역코드,1120,일반상업지역,1,0,,일반상업지역,20221008
경상남도 양산시 중부동 425-13번지,48330,10300,0,0425,0013,12648316,,,,1,용도지역코드,1120,일반상업지역,1,0,,일반상업지역,20221008
경상남도 양산시 중부동 425-13번지,48330,10300,0,0425,0013,12646634,,,,1,용도지역코드,1120,일반상업지역,1,0,,일반상업지역,20221008
경상남도 양산시 중부동 425-14번지,48330,10300,0,0425,0014,12646556,,,,1,용도지역코드,1120,일반상업지역,1,0,,일반상업지역,20221008
경상남도 양산시 중부동 425-15번지,48330,10300,0,0425,0015,12648185,,,,1,용도지역코드,1120,일반상업지역,1,0,,일반상업지역,20221008
경상남도 양산시 중부동 425-15번지,48330,10300,0,0425,0015,12648185,,,,3,용도구역코드,010,도시계획구역,1,0,,도시계획구역,20221008
경상남도 양산시 중부동 427-1번지,48330,10300,0,0427,0001,12643403,,,,1,용도지역코드,1120,일반상업지역,1,0,,일반상업지역,20221008
경상남도 양산시 중부동 427-1번지,48330,10300,0,0427,0001,12647675,,,,1,용도지역코드,1120,일반상업지역,1,0,,일반상업지역,20221008
경상남도 양산시 중부동 427-4번지,48330,10300,0,0427,0004,1000000000000000423785,,,,1,용도지역코드,UQA220,일반상업지역,1,0,,일반상업지역,20231205
경상남도 양산시 중부동 427-4번지,48330,10300,0,0427,0004,1000000000000000423785,,,,1,용도지역코드,UDX200,가로구역별최고높이제한지역,0,0,,가로구역별최고높이제한지역,20231205
경상남도 양산시 중부동 427-4번지,48330,10300,0,0427,0004,1000000000000000423785,,,,3,용도구역코드,UOA120,상대보호구역,1,0,,상대보호구역,20231205
경상남도 양산시 중부동 427-4번지,48330,10300,0,0427,0004,12646284,,,,1,용도지역코드,1120,일반상업지역,1,0,,일반상업지역,20221008
경상남도 양산시 중부동 427-4번지,48330,10300,0,0427,0004,1264100019382,,,,1,용도지역코드,1120,일반상업지역,1,0,,일반상업지역,20221008
경상남도 양산시 중부동 427-10번지,48330,10300,0,0427,0010,12644059,,,,1,용도지역코드,1120,일반상업지역,1,0,,일반상업지역,20221008
경상남도 양산시 중부동 427-11번지,48330,10300,0,0427,0011,12641491,"경남 양산신 중부동 427-11,13",,,1,용도지역코드,1120,일반상업지역,1,0,,일반상업지역,20221008
경상남도 양산시 중부동 427-12번지,48330,10300,0,0427,0012,12641333,,,,1,용도지역코드,1120,일반상업지역,1,0,,일반상업지역,20221008
경상남도 양산시 중부동 429-1번지,48330,10300,0,0429,0001,1264648,,,,1,용도지역코드,1020,일반주거지역,1,0,,일반주거지역,20221008
경상남도 양산시 중부동 429-3번지,48330,10300,0,0429,0003,12641089,경상남도 양산시 중부동,429,3,1,용도지역코드,1120,일반상업지역,1,0,,일반상업지역,20221008
경상남도 양산시 중부동 429-5번지,48330,10300,0,0429,0005,12641357,,,,1,용도지역코드,1120,일반상업지역,1,0,,일반상업지역,20221008
경상남도 양산시 중부동 429-6번지,48330,10300,0,0429,0006,12641415,429-6,,,1,용도지역코드,1120,일반상업지역,1,0,,일반상업지역,20221008
경상남도 양산시 중부동 429-7번지,48330,10300,0,0429,0007,12641062,429-7번지,,,1,용도지역코드,1120,일반상업지역,1,0,,일반상업지역,20221008
경상남도 양산시 중부동 429-7번지,48330,10300,0,0429,0007,12641062,429-7번지,,,2,용도지구코드,440,산업단지,1,0,,산업단지,20221008
경상남도 양산시 중부동 429-7번지,48330,10300,0,0429,0007,12641892,,,,1,용도지역코드,1120,일반상업지역,1,0,,일반상업지역,20221008
경상남도 양산시 중부동 429-7번지,48330,10300,0,0429,0007,1264100010309,,,,1,용도지역코드,1120,일반상업지역,1,0,,일반상업지역,20221008
경상남도 양산시 중부동 429-8번지,48330,10300,0,0429,0008,12649509,,,,1,용도지역코드,1120,일반상업지역,1,0,,일반상업지역,20221008
경상남도 양산시 중부동 429-8번지,48330,10300,0,0429,0008,12641364,경상남도 양산시 중부동,429,8,1,용도지역코드,1120,일반상업지역,1,0,,일반상업지역,20221008
경상남도 양산시 중부동 429-8번지,48330,10300,0,0429,0008,1264100032457,,,,1,용도지역코드,UQA220,일반상업지역,1,0,,일반상업지역,20221008
경상남도 양산시 중부동 429-8번지,48330,10300,0,0429,0008,1264100032457,,,,3,용도구역코드,UOA120,상대보호구역,1,0,,상대정화구역,20221008
경상남도 양산시 중부동 429-8번지,48330,10300,0,0429,0008,1264100010151,,,,1,용도지역코드,1120,일반상업지역,1,0,,일반상업지역,20221008
경상남도 양산시 중부동 429-14번지,48330,10300,0,0429,0014,12646631,,,,1,용도지역코드,1120,일반상업지역,1,0,,일반상업지역,20221008
경상남도 양산시 중부동 429-18번지,48330,10300,0,0429,0018,1264100037853,,,,1,용도지역코드,UQA220,일반상업지역,1,0,,일반상업지역,20221008
경상남도 양산시 중부동 429-18번지,48330,10300,0,0429,0018,1264100037853,,,,3,용도구역코드,UOA120,상대보호구역,1,0,,상대정화구역,20221008
경상남도 양산시 중부동 431-1번지,48330,10300,0,0431,0001,1264100086123,,,,1,용도지역코드,UQA220,일반상업지역,1,0,,일반상업지역,20221008
경상남도 양산시 중부동 431-1번지,48330,10300,0,0431,0001,1264100086123,,,,3,용도구역코드,UOA120,상대보호구역,1,0,,상대정화구역,20221008
경상남도 양산시 중부동 431-1번지,48330,10300,0,0431,0001,12641674,,,,1,용도지역코드,1120,일반상업지역,1,0,,일반상업지역,20221008
경상남도 양산시 중부동 431-1번지,48330,10300,0,0431,0001,1264100050085,,,,1,용도지역코드,UQA220,일반상업지역,1,0,,일반상업지역,20221008
경상남도 양산시 중부동 431-1번지,48330,10300,0,0431,0001,1264100050085,,,,3,용도구역코드,UOA120,상대보호구역,1,0,,상대정화구역,20221008
경상남도 양산시 중부동 431-13번지,48330,10300,0,0431,0013,1264100115798,,,,1,용도지역코드,UQA220,일반상업지역,1,0,,일반상업지역,20221008
경상남도 양산시 중부동 431-13번지,48330,10300,0,0431,0013,1264100115798,,,,3,용도구역코드,UMZ100,가축사육제한구역,1,0,,가축사육제한구역,20221008
경상남도 양산시 중부동 431-13번지,48330,10300,0,0431,0013,1264100115798,,,,3,용도구역코드,UOA120,상대보호구역,0,0,,상대정화구역,20221008
경상남도 양산시 중부동 431-14번지,48330,10300,0,0431,0014,1264100087203,,,,1,용도지역코드,UQA220,일반상업지역,1,0,,일반상업지역,20221008
경상남도 양산시 중부동 431-14번지,48330,10300,0,0431,0014,1264100087203,,,,3,용도구역코드,UOA120,상대보호구역,1,0,,상대정화구역,20221008
경상남도 양산시 중부동 431-16번지,48330,10300,0,0431,0016,1264100097708,,,,1,용도지역코드,UQA220,일반상업지역,1,0,,일반상업지역,20221008
경상남도 양산시 중부동 431-16번지,48330,10300,0,0431,0016,1264100097708,,,,3,용도구역코드,UOA120,상대보호구역,1,0,,상대정화구역,20221008
경상남도 양산시 중부동 431-16번지,48330,10300,0,0431,0016,1264100094526,,,,1,용도지역코드,UQA220,일반상업지역,1,0,,일반상업지역,20221008
경상남도 양산시 중부동 431-16번지,48330,10300,0,0431,0016,1264100094526,,,,3,용도구역코드,UOA120,상대보호구역,1,0,,상대정화구역,20221008
경상남도 양산시 중부동 432-1번지,48330,10300,0,0432,0001,12648267,,,,1,용도지역코드,1120,일반상업지역,1,0,,일반상업지역,20221008
경상남도 양산시 중부동 432-6번지,48330,10300,0,0432,0006,1264100096167,,,,1,용도지역코드,UQA220,일반상업지역,1,0,,일반상업지역,20221008
경상남도 양산시 중부동 432-6번지,48330,10300,0,0432,0006,1264100096167,,,,3,용도구역코드,UOA120,상대보호구역,1,0,,상대정화구역,20221008
경상남도 양산시 중부동 432-6번지,48330,10300,0,0432,0006,1264100034473,,,,1,용도지역코드,UQA220,일반상업지역,1,0,,일반상업지역,20221008
경상남도 양산시 중부동 432-6번지,48330,10300,0,0432,0006,1264100034473,,,,3,용도구역코드,UOA120,상대보호구역,1,0,,상대정화구역,20221008
경상남도 양산시 중부동 432-6번지,48330,10300,0,0432,0006,1264100065144,,,,1,용도지역코드,UQA220,일반상업지역,1,0,,일반상업지역,20221008
경상남도 양산시 중부동 432-6번지,48330,10300,0,0432,0006,1264100065144,,,,3,용도구역코드,UOA120,상대보호구역,1,0,,상대정화구역,20221008
경상남도 양산시 중부동 432-7번지,48330,10300,0,0432,0007,1264100043146,,,,1,용도지역코드,UQA220,일반상업지역,1,0,,일반상업지역,20221008
경상남도 양산시 중부동 432-7번지,48330,10300,0,0432,0007,1264100043146,,,,3,용도구역코드,UOA120,상대보호구역,1,0,,상대정화구역,20221008
경상남도 양산시 중부동 432-9번지,48330,10300,0,0432,0009,1264100113399,,,,1,용도지역코드,UQA220,일반상업지역,1,0,,일반상업지역,20221008
경상남도 양산시 중부동 432-12번지,48330,10300,0,0432,0012,12643519,,,,1,용도지역코드,1120,일반상업지역,1,0,,일반상업지역,20221008
경상남도 양산시 중부동 432-12번지,48330,10300,0,0432,0012,12643049,,,,1,용도지역코드,1120,일반상업지역,1,0,,일반상업지역,20221008
경상남도 양산시 중부동 432-12번지,48330,10300,0,0432,0012,12641575,,,,1,용도지역코드,1020,일반주거지역,1,0,,일반주거지역,20221008
경상남도 양산시 중부동 432-14번지,48330,10300,0,0432,0014,12641505,,,,1,용도지역코드,1120,일반상업지역,1,0,,일반상업지역,20221008
경상남도 양산시 중부동 433-5번지,48330,10300,0,0433,0005,1264100015555,,,,1,용도지역코드,1120,일반상업지역,1,0,,일반상업지역,20221008
경상남도 양산시 중부동 452-27번지,48330,10300,0,0452,0027,12642391,28번지,,,1,용도지역코드,1020,일반주거지역,1,0,,일반주거지역,20221008
경상남도 양산시 중부동 478-8번지,48330,10300,0,0478,0008,1264100099133,,,,1,용도지역코드,UQA430,자연녹지지역,1,0,,자연녹지지역,20221008
경상남도 양산시 중부동 478-8번지,48330,10300,0,0478,0008,1264100099133,,,,3,용도구역코드,UQQ310,제1종지구단위계획구역,1,0,,제1종지구단위계획구역,20221008
경상남도 양산시 중부동 478-8번지,48330,10300,0,0478,0008,1264100103213,,,,1,용도지역코드,UQA430,자연녹지지역,1,0,,자연녹지지역,20221008
경상남도 양산시 중부동 478-8번지,48330,10300,0,0478,0008,1264100103213,,,,3,용도구역코드,UQQ325,공공시설용지,1,0,,공공시설용지,20221008
경상남도 양산시 중부동 599-1번지,48330,10300,0,0599,0001,12641795,,,,1,용도지역코드,1020,일반주거지역,1,0,,일반주거지역,20221008
경상남도 양산시 중부동 599-2번지,48330,10300,0,0599,0002,1264100117740,,,,1,용도지역코드,UQA220,일반상업지역,1,0,,일반상업지역,20221008
경상남도 양산시 중부동 599-12번지,48330,10300,0,0599,0012,12649618,,,,1,용도지역코드,1120,일반상업지역,1,0,,일반상업지역,20221008
경상남도 양산시 중부동 599-18번지,48330,10300,0,0599,0018,12644249,,,,1,용도지역코드,1120,일반상업지역,1,0,,일반상업지역,20221008
경상남도 양산시 중부동 599-18번지,48330,10300,0,0599,0018,12647420,,,,1,용도지역코드,1120,일반상업지역,1,0,,일반상업지역,20221008
경상남도 양산시 중부동 599-18번지,48330,10300,0,0599,0018,12646565,,,,1,용도지역코드,1120,일반상업지역,1,0,,일반상업지역,20221008
경상남도 양산시 중부동 599-19번지,48330,10300,0,0599,0019,12644254,,,,1,용도지역코드,1120,일반상업지역,1,0,,일반상업지역,20221008
경상남도 양산시 중부동 599-19번지,48330,10300,0,0599,0019,12643340,,,,1,용도지역코드,1120,일반상업지역,1,0,,일반상업지역,20221008
경상남도 양산시 중부동 599-24번지,48330,10300,0,0599,0024,1264100018298,,,,1,용도지역코드,1120,일반상업지역,1,0,,일반상업지역,20221008
경상남도 양산시 중부동 599-24번지,48330,10300,0,0599,0024,1000000000000000987191,,,,1,용도지역코드,UQA220,일반상업지역,0,0,,일반상업지역,20260701
경상남도 양산시 중부동 599-24번지,48330,10300,0,0599,0024,1000000000000000987191,,,,3,용도구역코드,UOA120,상대보호구역,1,0,,상대보호구역,20260701
경상남도 양산시 중부동 599-24번지,48330,10300,0,0599,0024,1000000000000000987191,,,,1,용도지역코드,UDX200,가로구역별최고높이제한지역,1,0,,가로구역별 최고높이 제한지역,20260701
경상남도 양산시 중부동 599-24번지,48330,10300,0,0599,0024,1000000000000000987191,,,,2,용도지구코드,UQF131,시가지경관지구(중심),1,0,,시가지경관지구(중심),20260701
경상남도 양산시 중부동 599-24번지,48330,10300,0,0599,0024,12646003,,,,1,용도지역코드,1120,일반상업지역,1,0,,일반상업지역,20221008
경상남도 양산시 중부동 599-24번지,48330,10300,0,0599,0024,1264100126562,,,,1,용도지역코드,UQA220,일반상업지역,1,0,,일반상업지역,20221008
경상남도 양산시 중부동 599-24번지,48330,10300,0,0599,0024,1264100126562,,,,2,용도지구코드,UQF130,시가지경관지구,1,0,,시가지경관지구,20221008
경상남도 양산시 중부동 599-24번지,48330,10300,0,0599,0024,12641901,,,,1,용도지역코드,1020,일반주거지역,1,0,,일반주거지역,20221008
경상남도 양산시 중부동 599-24번지,48330,10300,0,0599,0024,12641948,,,,1,용도지역코드,1020,일반주거지역,1,0,,일반주거지역,20221008
경상남도 양산시 중부동 599-27번지,48330,10300,0,0599,0027,12646848,,,,1,용도지역코드,1120,일반상업지역,1,0,,일반상업지역,20221008
경상남도 양산시 중부동 599-27번지,48330,10300,0,0599,0027,12645083,,,,1,용도지역코드,1120,일반상업지역,1,0,,일반상업지역,20221008
경상남도 양산시 중부동 600-1번지,48330,10300,0,0600,0001,1264100012453,,,,1,용도지역코드,1120,일반상업지역,1,0,,일반상업지역,20221008
경상남도 양산시 중부동 600-1번지,48330,10300,0,0600,0001,1264100012453,,,,3,용도구역코드,272,상대정화구역,1,0,,상대정화구역,20221008
경상남도 양산시 중부동 600-7번지,48330,10300,0,0600,0007,12645005,,,,1,용도지역코드,1120,일반상업지역,1,0,,일반상업지역,20221008
경상남도 양산시 중부동 600-9번지,48330,10300,0,0600,0009,1264100081880,,,,1,용도지역코드,UQA220,일반상업지역,1,0,,일반상업지역,20221008
경상남도 양산시 중부동 600-9번지,48330,10300,0,0600,0009,1264100090003,,,,1,용도지역코드,UQA220,일반상업지역,1,0,,일반상업지역,20221008
경상남도 양산시 중부동 600-10번지,48330,10300,0,0600,0010,1264100100993,,,,1,용도지역코드,UQA220,일반상업지역,1,0,,일반상업지역,20221008
경상남도 양산시 중부동 600-11번지,48330,10300,0,0600,0011,1264100102194,,,,1,용도지역코드,UQA220,일반상업지역,1,0,,일반상업지역,20221008
경상남도 양산시 중부동 600-12번지,48330,10300,0,0600,0012,1264100151611,,,,1,용도지역코드,UQA220,일반상업지역,1,0,,일반상업지역,20221008
경상남도 양산시 중부동 600-19번지,48330,10300,0,0600,0019,12644064,,,,1,용도지역코드,1120,일반상업지역,1,0,,일반상업지역,20221008
경상남도 양산시 중부동 600-20번지,48330,10300,0,0600,0020,1264100004526,,,,1,용도지역코드,1120,일반상업지역,1,0,,일반상업지역,20221008
경상남도 양산시 중부동 600-23번지,48330,10300,0,0600,0023,1264100110321,,,,1,용도지역코드,UQA220,일반상업지역,1,0,,일반상업지역,20221008
경상남도 양산시 중부동 600-23번지,48330,10300,0,0600,0023,1264100110321,,,,3,용도구역코드,UMZ100,가축사육제한구역,1,0,,가축사육제한구역,20221008
경상남도 양산시 중부동 600-29번지,48330,10300,0,0600,0029,1264100046365,,,,1,용도지역코드,UQA220,일반상업지역,1,0,,일반상업지역,20221008
경상남도 양산시 중부동 600-29번지,48330,10300,0,0600,0029,1264100046365,,,,3,용도구역코드,UOA120,상대보호구역,1,0,,상대정화구역,20221008
경상남도 양산시 중부동 600-29번지,48330,10300,0,0600,0029,1264100046365,,,,3,용도구역코드,UOA110,절대정화구역,0,0,,절대정화구역,20221008
경상남도 양산시 중부동 600-29번지,48330,10300,0,0600,0029,1264100052469,,,,1,용도지역코드,UQA220,일반상업지역,1,0,,일반상업지역,20221008
경상남도 양산시 중부동 600-31번지,48330,10300,0,0600,0031,12644253,,,,1,용도지역코드,1120,일반상업지역,1,0,,일반상업지역,20221008
경상남도 양산시 중부동 600-34번지,48330,10300,0,0600,0034,1264100033182,,,,1,용도지역코드,UQA220,일반상업지역,1,0,,일반상업지역,20221008
경상남도 양산시 중부동 600-34번지,48330,10300,0,0600,0034,1264100033182,,,,3,용도구역코드,UOA110,절대정화구역,1,0,,절대정화구역,20221008
경상남도 양산시 중부동 601-1번지,48330,10300,0,0601,0001,12645172,,,,1,용도지역코드,1120,일반상업지역,1,0,,일반상업지역,20221008
경상남도 양산시 중부동 601-1번지,48330,10300,0,0601,0001,1264100032883,,,,1,용도지역코드,UQA220,일반상업지역,1,0,,일반상업지역,20221008
경상남도 양산시 중부동 601-1번지,48330,10300,0,0601,0001,1264100032883,,,,3,용도구역코드,UOA120,상대보호구역,1,0,,상대정화구역,20221008
경상남도 양산시 중부동 601-3번지,48330,10300,0,0601,0003,1264100016457,,,,1,용도지역코드,1120,일반상업지역,1,0,,일반상업지역,20221008
경상남도 양산시 중부동 601-5번지,48330,10300,0,0601,0005,1264100030056,,,,1,용도지역코드,UQA220,일반상업지역,1,0,,일반상업지역,20221008
경상남도 양산시 중부동 601-5번지,48330,10300,0,0601,0005,1264100030056,,,,3,용도구역코드,UOA110,절대정화구역,1,0,,절대정화구역,20221008
경상남도 양산시 중부동 601-10번지,48330,10300,0,0601,0010,1264100118877,,,,1,용도지역코드,UQA220,일반상업지역,1,0,,일반상업지역,20221008
경상남도 양산시 중부동 601-19번지,48330,10300,0,0601,0019,1000000000000000342873,,,,3,용도구역코드,UOA120,상대보호구역,1,0,,상대보호구역,20230725
경상남도 양산시 중부동 601-19번지,48330,10300,0,0601,0019,1000000000000000342873,,,,1,용도지역코드,UQA220,일반상업지역,1,0,,일반상업지역,20230725
경상남도 양산시 중부동 602-3번지,48330,10300,0,0602,0003,1264100018106,,,,1,용도지역코드,1120,일반상업지역,1,0,,일반상업지역,20221008
경상남도 양산시 중부동 602-3번지,48330,10300,0,0602,0003,1264100018106,,,,3,용도구역코드,272,상대정화구역,1,0,,상대정화구역,20221008
경상남도 양산시 중부동 602-5번지,48330,10300,0,0602,0005,1264100136985,,,,1,용도지역코드,UQA220,일반상업지역,1,0,,일반상업지역,20221008
경상남도 양산시 중부동 602-5번지,48330,10300,0,0602,0005,1264100136985,,,,1,용도지역코드,UDX200,가로구역별최고높이제한지역,0,0,,가로구역별최고높이제한지역,20221008
경상남도 양산시 중부동 602-5번지,48330,10300,0,0602,0005,1264100136985,,,,3,용도구역코드,UMZ100,가축사육제한구역,1,0,,가축사육제한구역,20221008
경상남도 양산시 중부동 602-5번지,48330,10300,0,0602,0005,1264100136985,,,,3,용도구역코드,UOA120,상대보호구역,0,0,,상대보호구역,20221008
경상남도 양산시 중부동 602-13번지,48330,10300,0,0602,0013,12643446,,,,1,용도지역코드,1120,일반상업지역,1,0,,일반상업지역,20221008
경상남도 양산시 중부동 602-15번지,48330,10300,0,0602,0015,1264100136064,,,,1,용도지역코드,UQA220,일반상업지역,1,0,,일반상업지역,20221008
경상남도 양산시 중부동 602-17번지,48330,10300,0,0602,0017,12641577,,,,1,용도지역코드,1020,일반주거지역,1,0,,일반주거지역,20221008
경상남도 양산시 중부동 602-19번지,48330,10300,0,0602,0019,1264796,602-19,,,1,용도지역코드,1020,일반주거지역,1,0,,일반주거지역,20221008
경상남도 양산시 중부동 603-2번지,48330,10300,0,0603,0002,1264100051688,,,,1,용도지역코드,UQA220,일반상업지역,1,0,,일반상업지역,20221008
경상남도 양산시 중부동 603-2번지,48330,10300,0,0603,0002,1264100051688,,,,3,용도구역코드,UOA120,상대보호구역,1,0,,상대정화구역,20221008
경상남도 양산시 중부동 603-2번지,48330,10300,0,0603,0002,1264100051688,,,,3,용도구역코드,UOA110,절대정화구역,0,0,,절대정화구역,20221008
경상남도 양산시 중부동 603-4번지,48330,10300,0,0603,0004,1264100125761,,,,1,용도지역코드,UQA220,일반상업지역,1,0,,일반상업지역,20221008
경상남도 양산시 중부동 603-4번지,48330,10300,0,0603,0004,1264100125761,,,,3,용도구역코드,UOA120,상대보호구역,1,0,,상대보호구역,20221008
경상남도 양산시 중부동 603-5번지,48330,10300,0,0603,0005,12648322,,,,1,용도지역코드,1120,일반상업지역,1,0,,일반상업지역,20221008
경상남도 양산시 중부동 603-5번지,48330,10300,0,0603,0005,12644601,,,,1,용도지역코드,1120,일반상업지역,1,0,,일반상업지역,20221008
경상남도 양산시 중부동 603-6번지,48330,10300,0,0603,0006,1264100127801,,,,1,용도지역코드,UQA220,일반상업지역,1,0,,일반상업지역,20221008
경상남도 양산시 중부동 603-8번지,48330,10300,0,0603,0008,12642977,,,,1,용도지역코드,1120,일반상업지역,1,0,,일반상업지역,20221008
경상남도 양산시 중부동 603-10번지,48330,10300,0,0603,0010,1264100136803,,,,1,용도지역코드,UQA220,일반상업지역,1,0,,일반상업지역,20221008
경상남도 양산시 중부동 603-12번지,48330,10300,0,0603,0012,1264100067840,,,,1,용도지역코드,UQA220,일반상업지역,1,0,,일반상업지역,20221008
경상남도 양산시 중부동 603-19번지,48330,10300,0,0603,0019,12643810,,,,1,용도지역코드,1120,일반상업지역,1,0,,일반상업지역,20221008
경상남도 양산시 중부동 603-20번지,48330,10300,0,0603,0020,1264100051689,,,,1,용도지역코드,UQA220,일반상업지역,1,0,,일반상업지역,20221008
경상남도 양산시 중부동 603-20번지,48330,10300,0,0603,0020,1264100051689,,,,3,용도구역코드,UOA120,상대보호구역,1,0,,상대정화구역,20221008
경상남도 양산시 중부동 603-20번지,48330,10300,0,0603,0020,1264100051689,,,,3,용도구역코드,UOA110,절대정화구역,0,0,,절대정화구역,20221008
경상남도 양산시 중부동 604-5번지,48330,10300,0,0604,0005,1000000000000000372256,,,,1,용도지역코드,UQA220,일반상업지역,1,0,,일반상업지역,20240111
경상남도 양산시 중부동 604-5번지,48330,10300,0,0604,0005,1264100127541,,,,1,용도지역코드,UQA220,일반상업지역,1,0,,일반상업지역,20221008
경상남도 양산시 중부동 605-1번지,48330,10300,0,0605,0001,12648493,,,,1,용도지역코드,1120,일반상업지역,1,0,,일반상업지역,20221008
경상남도 양산시 중부동 605-1번지,48330,10300,0,0605,0001,12646591,,,,1,용도지역코드,1120,일반상업지역,1,0,,일반상업지역,20221008
경상남도 양산시 중부동 605-1번지,48330,10300,0,0605,0001,1264100153473,,,,1,용도지역코드,UQA220,일반상업지역,1,0,,일반상업지역,20221008
경상남도 양산시 중부동 605-1번지,48330,10300,0,0605,0001,1264100153473,,,,2,용도지구코드,UQF130,시가지경관지구,1,0,,시가지경관지구,20221008
경상남도 양산시 중부동 605-2번지,48330,10300,0,0605,0002,1264100041405,,,,1,용도지역코드,UQA220,일반상업지역,1,0,,일반상업지역,20221008
경상남도 양산시 중부동 605-2번지,48330,10300,0,0605,0002,1264100041405,,,,2,용도지구코드,UQG110,중심지미관지구,1,0,,중심지미관지구,20221008
경상남도 양산시 중부동 605-2번지,48330,10300,0,0605,0002,1264100041405,,,,3,용도구역코드,UOA120,상대보호구역,1,0,,상대정화구역,20221008
경상남도 양산시 중부동 605-2번지,48330,10300,0,0605,0002,12647283,,,,1,용도지역코드,1120,일반상업지역,1,0,,일반상업지역,20221008
경상남도 양산시 중부동 605-3번지,48330,10300,0,0605,0003,1264100019390,,,,1,용도지역코드,1120,일반상업지역,1,0,,일반상업지역,20221008
경상남도 양산시 중부동 605-4번지,48330,10300,0,0605,0004,12644087,경상남도 양산시 중부동,605,4,1,용도지역코드,1120,일반상업지역,1,0,,일반상업지역,20221008
경상남도 양산시 중부동 605-4번지,48330,10300,0,0605,0004,12643136,,,,1,용도지역코드,1120,일반상업지역,1,0,,일반상업지역,20221008
경상남도 양산시 중부동 605-5번지,48330,10300,0,0605,0005,1264100110476,,,,1,용도지역코드,UQA220,일반상업지역,1,0,,일반상업지역,20221008
경상남도 양산시 중부동 605-5번지,48330,10300,0,0605,0005,1264100110476,,,,2,용도지구코드,UQG110,중심지미관지구,1,0,,중심지미관지구,20221008
경상남도 양산시 중부동 605-5번지,48330,10300,0,0605,0005,1264100034633,,,,1,용도지역코드,UQA220,일반상업지역,1,0,,일반상업지역,20221008
경상남도 양산시 중부동 605-5번지,48330,10300,0,0605,0005,1264100034633,,,,3,용도구역코드,UOA120,상대보호구역,1,0,,상대정화구역,20221008
경상남도 양산시 중부동 605-6번지,48330,10300,0,0605,0006,1264100103953,,,,1,용도지역코드,UQA220,일반상업지역,1,0,,일반상업지역,20221008
경상남도 양산시 중부동 605-6번지,48330,10300,0,0605,0006,1264100103953,,,,2,용도지구코드,UQG110,중심지미관지구,1,0,,중심지미관지구,20221008
경상남도 양산시 중부동 605-9번지,48330,10300,0,0605,0009,1264100012573,,,,1,용도지역코드,1120,일반상업지역,1,0,,일반상업지역,20221008
경상남도 양산시 중부동 605-15번지,48330,10300,0,0605,0015,12644475,,,,1,용도지역코드,1120,일반상업지역,1,0,,일반상업지역,20221008
경상남도 양산시 중부동 605-19번지,48330,10300,0,0605,0019,1264918,,,,1,용도지역코드,1020,일반주거지역,1,0,,일반주거지역,20221008
경상남도 양산시 중부동 605-20번지,48330,10300,0,0605,0020,1264100065053,,,,1,용도지역코드,UQA220,일반상업지역,1,0,,일반상업지역,20221008
경상남도 양산시 중부동 605-20번지,48330,10300,0,0605,0020,1264100065053,,,,2,용도지구코드,UQG110,중심지미관지구,1,0,,중심지미관지구,20221008
경상남도 양산시 중부동 605-22번지,48330,10300,0,0605,0022,12645022,,,,1,용도지역코드,1120,일반상업지역,1,0,,일반상업지역,20221008
경상남도 양산시 중부동 605-22번지,48330,10300,0,0605,0022,1264100037274,,,,1,용도지역코드,UQA220,일반상업지역,1,0,,일반상업지역,20221008
경상남도 양산시 중부동 606-1번지,48330,10300,0,0606,0001,1264100058553,,,,1,용도지역코드,UQA220,일반상업지역,1,0,,일반상업지역,20221008
경상남도 양산시 중부동 606-1번지,48330,10300,0,0606,0001,1264100058553,,,,2,용도지구코드,UQG110,중심지미관지구,1,0,,중심지미관지구,20221008
경상남도 양산시 중부동 606-1번지,48330,10300,0,0606,0001,1264100058553,,,,3,용도구역코드,UOA120,상대보호구역,1,0,,상대정화구역,20221008
경상남도 양산시 중부동 606-1번지,48330,10300,0,0606,0001,12641396,경상남도 양산시 중부동,606,1,1,용도지역코드,1020,일반주거지역,1,0,,일반주거지역,20221008
경상남도 양산시 중부동 606-1번지,48330,10300,0,0606,0001,1264100016455,,,,1,용도지역코드,1120,일반상업지역,1,0,,일반상업지역,20221008
경상남도 양산시 중부동 606-1번지,48330,10300,0,0606,0001,1264100016456,,,,1,용도지역코드,1120,일반상업지역,1,0,,일반상업지역,20221008
경상남도 양산시 중부동 606-4번지,48330,10300,0,0606,0004,1264100053231,,,,1,용도지역코드,UQA220,일반상업지역,1,0,,일반상업지역,20221008
경상남도 양산시 중부동 606-6번지,48330,10300,0,0606,0006,12645974,,,,1,용도지역코드,1120,일반상업지역,1,0,,일반상업지역,20221008
경상남도 양산시 중부동 606-7번지,48330,10300,0,0606,0007,12645839,,,,1,용도지역코드,1120,일반상업지역,1,0,,일반상업지역,20221008
경상남도 양산시 중부동 606-8번지,48330,10300,0,0606,0008,12642572,,,,1,용도지역코드,1020,일반주거지역,1,0,,일반주거지역,20221008
경상남도 양산시 중부동 606-8번지,48330,10300,0,0606,0008,12641369,,,,1,용도지역코드,1020,일반주거지역,1,0,,일반주거지역,20221008
경상남도 양산시 중부동 606-11번지,48330,10300,0,0606,0011,12642513,,,,1,용도지역코드,1020,일반주거지역,1,0,,일반주거지역,20221008
경상남도 양산시 중부동 606-12번지,48330,10300,0,0606,0012,1264100058554,,,,1,용도지역코드,UQA220,일반상업지역,1,0,,일반상업지역,20221008
경상남도 양산시 중부동 606-12번지,48330,10300,0,0606,0012,1264100058554,,,,2,용도지구코드,UQG110,중심지미관지구,1,0,,중심지미관지구,20221008
경상남도 양산시 중부동 606-12번지,48330,10300,0,0606,0012,1264100058554,,,,3,용도구역코드,UOA120,상대보호구역,1,0,,상대정화구역,20221008
경상남도 양산시 중부동 606-13번지,48330,10300,0,0606,0013,1264100130927,,,,1,용도지역코드,UQA220,일반상업지역,1,0,,일반상업지역,20221008
경상남도 양산시 중부동 606-13번지,48330,10300,0,0606,0013,1264100130927,,,,2,용도지구코드,UQF131,시가지경관지구(중심),1,0,,시가지경관지구(중심),20221008
경상남도 양산시 중부동 606-13번지,48330,10300,0,0606,0013,1264100130927,,,,3,용도구역코드,UMZ100,가축사육제한구역,1,0,,가축사육제한구역,20221008
경상남도 양산시 중부동 606-13번지,48330,10300,0,0606,0013,1264100130927,,,,3,용도구역코드,UOA120,상대보호구역,0,0,,상대보호구역,20221008
경상남도 양산시 중부동 606-13번지,48330,10300,0,0606,0013,1264100058555,,,,1,용도지역코드,UQA220,일반상업지역,1,0,,일반상업지역,20221008
경상남도 양산시 중부동 606-13번지,48330,10300,0,0606,0013,1264100058555,,,,2,용도지구코드,UQG110,중심지미관지구,1,0,,중심지미관지구,20221008
경상남도 양산시 중부동 606-13번지,48330,10300,0,0606,0013,1264100058555,,,,3,용도구역코드,UOA120,상대보호구역,1,0,,상대정화구역,20221008
경상남도 양산시 중부동 606-14번지,48330,10300,0,0606,0014,1000000000000000311780,,,,2,용도지구코드,UQF130,시가지경관지구,1,0,,시가지경관지구,20230609
경상남도 양산시 중부동 606-14번지,48330,10300,0,0606,0014,1000000000000000311780,,,,1,용도지역코드,UQA220,일반상업지역,1,0,,일반상업지역,20230609
경상남도 양산시 중부동 606-14번지,48330,10300,0,0606,0014,1264100058556,,,,1,용도지역코드,UQA220,일반상업지역,1,0,,일반상업지역,20221008
경상남도 양산시 중부동 606-14번지,48330,10300,0,0606,0014,1264100058556,,,,2,용도지구코드,UQG110,중심지미관지구,1,0,,중심지미관지구,20221008
경상남도 양산시 중부동 606-14번지,48330,10300,0,0606,0014,1264100058556,,,,3,용도구역코드,UOA120,상대보호구역,1,0,,상대정화구역,20221008
경상남도 양산시 중부동 606-14번지,48330,10300,0,0606,0014,1264100130686,,,,1,용도지역코드,UQA220,일반상업지역,1,0,,일반상업지역,20221008
경상남도 양산시 중부동 606-14번지,48330,10300,0,0606,0014,1264100130686,,,,2,용도지구코드,UQF131,시가지경관지구(중심),1,0,,시가지경관지구(중심),20221008
경상남도 양산시 중부동 606-14번지,48330,10300,0,0606,0014,1264100130686,,,,3,용도구역코드,UMZ100,가축사육제한구역,1,0,,가축사육제한구역,20221008
경상남도 양산시 중부동 606-14번지,48330,10300,0,0606,0014,1264100130686,,,,3,용도구역코드,UOA120,상대보호구역,0,0,,상대보호구역,20221008
경상남도 양산시 중부동 606-14번지,48330,10300,0,0606,0014,1264100063961,,,,1,용도지역코드,UQA220,일반상업지역,1,0,,일반상업지역,20221008
경상남도 양산시 중부동 606-14번지,48330,10300,0,0606,0014,1264100063961,,,,2,용도지구코드,UQG110,중심지미관지구,1,0,,중심지미관지구,20221008
경상남도 양산시 중부동 640번지,48330,10300,0,0640,0000,1264642,,,,1,용도지역코드,1120,일반상업지역,1,0,,일반상업지역,20221008
경상남도 양산시 중부동 641번지,48330,10300,0,0641,0000,1264100131664,,,,1,용도지역코드,UQA220,일반상업지역,1,0,,일반상업지역,20221008
경상남도 양산시 중부동 641번지,48330,10300,0,0641,0000,1264100119720,,,,1,용도지역코드,UQA220,일반상업지역,1,0,,일반상업지역,20221008
경상남도 양산시 중부동 641번지,48330,10300,0,0641,0000,1264100119720,,,,3,용도구역코드,UMZ100,가축사육제한구역,1,0,,가축사육제한구역,20221008
경상남도 양산시 중부동 643번지,48330,10300,0,0643,0000,12645708,,,,1,용도지역코드,1120,일반상업지역,1,0,,일반상업지역,20221008
경상남도 양산시 중부동 644번지,48330,10300,0,0644,0000,12646186,,,,1,용도지역코드,1120,일반상업지역,1,0,,일반상업지역,20221008
경상남도 양산시 중부동 646번지,48330,10300,0,0646,0000,1264981,,,,1,용도지역코드,1120,일반상업지역,1,0,,일반상업지역,20221008
경상남도 양산시 중부동 647번지,48330,10300,0,0647,0000,1264100022626,,,,1,용도지역코드,UQA220,일반상업지역,1,0,,일반상업지역,20221008
경상남도 양산시 중부동 647번지,48330,10300,0,0647,0000,1264100022626,,,,3,용도구역코드,UOA120,상대보호구역,1,0,,상대정화구역,20221008
경상남도 양산시 중부동 648번지,48330,10300,0,0648,0000,1264100009529,,,,1,용도지역코드,1120,일반상업지역,1,0,,일반상업지역,20221008
경상남도 양산시 중부동 648번지,48330,10300,0,0648,0000,12642542,,,,1,용도지역코드,1120,일반상업지역,1,0,,일반상업지역,20221008
경상남도 양산시 중부동 648번지,48330,10300,0,0648,0000,12642475,,,,1,용도지역코드,1120,일반상업지역,1,0,,일반상업지역,20221008
경상남도 양산시 중부동 655-1번지,48330,10300,0,0655,0001,1264100019161,,,,1,용도지역코드,1021,제1종일반주거지역,1,0,,제1종일반주거지역,20221008
경상남도 양산시 중부동 655-1번지,48330,10300,0,0655,0001,1264100019161,,,,3,용도구역코드,301,제1종지구단위계획구역,1,0,,제1종지구단위계획구역,20221008
경상남도 양산시 중부동 655-1번지,48330,10300,0,0655,0001,1264100012710,,,,1,용도지역코드,1021,제1종일반주거지역,1,0,,제1종일반주거지역,20221008
경상남도 양산시 중부동 655-1번지,48330,10300,0,0655,0001,1264100012710,,,,3,용도구역코드,301,제1종지구단위계획구역,1,0,,제1종지구단위계획구역,20221008
경상남도 양산시 중부동 655-2번지,48330,10300,0,0655,0002,1264100062640,,,,1,용도지역코드,UQA121,제1종일반주거지역,1,0,,제1종일반주거지역,20221008
경상남도 양산시 중부동 655-2번지,48330,10300,0,0655,0002,1264100062640,,,,3,용도구역코드,UQQ310,제1종지구단위계획구역,1,0,,제1종지구단위계획구역,20221008
경상남도 양산시 중부동 655-2번지,48330,10300,0,0655,0002,1264100062640,,,,3,용도구역코드,UOA120,상대보호구역,0,0,,상대정화구역,20221008
경상남도 양산시 중부동 655-3번지,48330,10300,0,0655,0003,12645515,,,,1,용도지역코드,1022,제2종일반주거지역,1,0,,제2종일반주거지역,20221008
경상남도 양산시 중부동 655-3번지,48330,10300,0,0655,0003,12645515,,,,2,용도지구코드,160,택지개발지구,1,0,,택지개발지구,20221008
경상남도 양산시 중부동 655-3번지,48330,10300,0,0655,0003,12645515,,,,3,용도구역코드,300,지구단위계획구역,1,0,,지구단위계획구역,20221008
경상남도 양산시 중부동 655-4번지,48330,10300,0,0655,0004,12644881,,,,1,용도지역코드,1022,제2종일반주거지역,1,0,,제2종일반주거지역,20221008
경상남도 양산시 중부동 655-4번지,48330,10300,0,0655,0004,12644881,,,,2,용도지구코드,160,택지개발지구,1,0,,택지개발지구,20221008
경상남도 양산시 중부동 655-4번지,48330,10300,0,0655,0004,12644881,,,,3,용도구역코드,300,지구단위계획구역,1,0,,지구단위계획구역,20221008
경상남도 양산시 중부동 655-5번지,48330,10300,0,0655,0005,12646548,,,,1,용도지역코드,1021,제1종일반주거지역,1,0,,제1종일반주거지역,20221008
경상남도 양산시 중부동 655-5번지,48330,10300,0,0655,0005,12646548,,,,2,용도지구코드,160,택지개발지구,1,0,,택지개발지구,20221008
경상남도 양산시 중부동 655-5번지,48330,10300,0,0655,0005,12646548,,,,3,용도구역코드,300,지구단위계획구역,1,0,,지구단위계획구역,20221008
경상남도 양산시 중부동 655-6번지,48330,10300,0,0655,0006,1264100028591,,,,1,용도지역코드,UQA121,제1종일반주거지역,1,0,,제1종일반주거지역,20221008
경상남도 양산시 중부동 655-6번지,48330,10300,0,0655,0006,1264100028591,,,,3,용도구역코드,UQQ310,제1종지구단위계획구역,1,0,,제1종지구단위계획구역,20221008
경상남도 양산시 중부동 655-8번지,48330,10300,0,0655,0008,12644004,,,,1,용도지역코드,1022,제2종일반주거지역,1,0,,제2종일반주거지역,20221008
경상남도 양산시 중부동 655-8번지,48330,10300,0,0655,0008,12644004,,,,2,용도지구코드,160,택지개발지구,1,0,,택지개발지구,20221008
경상남도 양산시 중부동 655-8번지,48330,10300,0,0655,0008,12644004,,,,3,용도구역코드,300,지구단위계획구역,1,0,,지구단위계획구역,20221008
경상남도 양산시 중부동 656-1번지,48330,10300,0,0656,0001,12645819,,,,1,용도지역코드,1022,제2종일반주거지역,1,0,,제2종일반주거지역,20221008
경상남도 양산시 중부동 656-1번지,48330,10300,0,0656,0001,12645819,,,,2,용도지구코드,160,택지개발지구,1,0,,택지개발지구,20221008
경상남도 양산시 중부동 656-1번지,48330,10300,0,0656,0001,12645819,,,,3,용도구역코드,300,지구단위계획구역,1,0,,지구단위계획구역,20221008
경상남도 양산시 중부동 656-2번지,48330,10300,0,0656,0002,12644769,,,,1,용도지역코드,1022,제2종일반주거지역,1,0,,제2종일반주거지역,20221008
경상남도 양산시 중부동 656-2번지,48330,10300,0,0656,0002,12644769,,,,2,용도지구코드,160,택지개발지구,1,0,,택지개발지구,20221008
경상남도 양산시 중부동 656-2번지,48330,10300,0,0656,0002,12644769,,,,3,용도구역코드,300,지구단위계획구역,1,0,,지구단위계획구역,20221008
경상남도 양산시 중부동 656-3번지,48330,10300,0,0656,0003,12644593,,,,1,용도지역코드,1022,제2종일반주거지역,1,0,,제2종일반주거지역,20221008
경상남도 양산시 중부동 656-3번지,48330,10300,0,0656,0003,12644593,,,,2,용도지구코드,160,택지개발지구,1,0,,택지개발지구,20221008
경상남도 양산시 중부동 656-3번지,48330,10300,0,0656,0003,12644593,,,,3,용도구역코드,300,지구단위계획구역,1,0,,지구단위계획구역,20221008
경상남도 양산시 중부동 656-4번지,48330,10300,0,0656,0004,1264100060754,,,,1,용도지역코드,UQA121,제1종일반주거지역,1,0,,제1종일반주거지역,20221008
경상남도 양산시 중부동 656-4번지,48330,10300,0,0656,0004,1264100060754,,,,3,용도구역코드,UQQ310,제1종지구단위계획구역,1,0,,제1종지구단위계획구역,20221008
경상남도 양산시 중부동 656-4번지,48330,10300,0,0656,0004,1264100018726,,,,1,용도지역코드,1021,제1종일반주거지역,1,0,,제1종일반주거지역,20221008
경상남도 양산시 중부동 656-4번지,48330,10300,0,0656,0004,1264100018726,,,,3,용도구역코드,301,제1종지구단위계획구역,1,0,,제1종지구단위계획구역,20221008
경상남도 양산시 중부동 656-4번지,48330,10300,0,0656,0004,1264100018726,,,,3,용도구역코드,272,상대정화구역,0,0,,상대정화구역,20221008
경상남도 양산시 중부동 656-5번지,48330,10300,0,0656,0005,12645624,,,,1,용도지역코드,1022,제2종일반주거지역,1,0,,제2종일반주거지역,20221008
경상남도 양산시 중부동 656-5번지,48330,10300,0,0656,0005,12645624,,,,3,용도구역코드,300,지구단위계획구역,1,0,,지구단위계획구역,20221008
경상남도 양산시 중부동 656-6번지,48330,10300,0,0656,0006,12647336,,,,1,용도지역코드,1021,제1종일반주거지역,1,0,,제1종일반주거지역,20221008
경상남도 양산시 중부동 656-6번지,48330,10300,0,0656,0006,12647336,,,,3,용도구역코드,010,도시계획구역,1,0,,도시계획구역,20221008
경상남도 양산시 중부동 656-6번지,48330,10300,0,0656,0006,12647336,,,,3,용도구역코드,301,제1종지구단위계획구역,0,0,,제1종지구단위계획구역,20221008
경상남도 양산시 중부동 656-6번지,48330,10300,0,0656,0006,12645126,,,,1,용도지역코드,1022,제2종일반주거지역,1,0,,제2종일반주거지역,20221008
경상남도 양산시 중부동 656-6번지,48330,10300,0,0656,0006,12645126,,,,2,용도지구코드,160,택지개발지구,1,0,,택지개발지구,20221008
경상남도 양산시 중부동 656-6번지,48330,10300,0,0656,0006,12645126,,,,3,용도구역코드,300,지구단위계획구역,1,0,,지구단위계획구역,20221008
경상남도 양산시 중부동 656-8번지,48330,10300,0,0656,0008,12648215,,,,1,용도지역코드,1021,제1종일반주거지역,1,0,,제1종일반주거지역,20221008
경상남도 양산시 중부동 656-8번지,48330,10300,0,0656,0008,12648215,,,,3,용도구역코드,301,제1종지구단위계획구역,1,0,,제1종지구단위계획구역,20221008
경상남도 양산시 중부동 656-9번지,48330,10300,0,0656,0009,12644842,,,,1,용도지역코드,1022,제2종일반주거지역,1,0,,제2종일반주거지역,20221008
경상남도 양산시 중부동 656-9번지,48330,10300,0,0656,0009,12644842,,,,2,용도지구코드,160,택지개발지구,1,0,,택지개발지구,20221008
경상남도 양산시 중부동 656-9번지,48330,10300,0,0656,0009,12644842,,,,3,용도구역코드,300,지구단위계획구역,1,0,,지구단위계획구역,20221008
경상남도 양산시 중부동 656-10번지,48330,10300,0,0656,0010,12644743,,,,1,용도지역코드,1022,제2종일반주거지역,1,0,,제2종일반주거지역,20221008
경상남도 양산시 중부동 656-10번지,48330,10300,0,0656,0010,12644743,,,,2,용도지구코드,160,택지개발지구,1,0,,택지개발지구,20221008
경상남도 양산시 중부동 656-10번지,48330,10300,0,0656,0010,12644743,,,,3,용도구역코드,300,지구단위계획구역,1,0,,지구단위계획구역,20221008
경상남도 양산시 중부동 656-11번지,48330,10300,0,0656,0011,1264100019220,,,,1,용도지역코드,1021,제1종일반주거지역,1,0,,제1종일반주거지역,20221008
경상남도 양산시 중부동 656-11번지,48330,10300,0,0656,0011,1264100019220,,,,3,용도구역코드,301,제1종지구단위계획구역,1,0,,제1종지구단위계획구역,20221008
경상남도 양산시 중부동 656-12번지,48330,10300,0,0656,0012,1264100025951,,,,1,용도지역코드,UQA121,제1종일반주거지역,1,0,,제1종일반주거지역,20221008
경상남도 양산시 중부동 656-12번지,48330,10300,0,0656,0012,1264100025951,,,,3,용도구역코드,UQQ310,제1종지구단위계획구역,1,0,,제1종지구단위계획구역,20221008
경상남도 양산시 중부동 656-13번지,48330,10300,0,0656,0013,1264100010011,,,,1,용도지역코드,1021,제1종일반주거지역,1,0,,제1종일반주거지역,20221008
경상남도 양산시 중부동 656-13번지,48330,10300,0,0656,0013,1264100010011,,,,3,용도구역코드,301,제1종지구단위계획구역,1,0,,제1종지구단위계획구역,20221008
경상남도 양산시 중부동 656-13번지,48330,10300,0,0656,0013,1264100023326,,,,1,용도지역코드,UQA121,제1종일반주거지역,1,0,,제1종일반주거지역,20221008
경상남도 양산시 중부동 656-13번지,48330,10300,0,0656,0013,1264100023326,,,,3,용도구역코드,UQQ310,제1종지구단위계획구역,1,0,,제1종지구단위계획구역,20221008
경상남도 양산시 중부동 656-13번지,48330,10300,0,0656,0013,1264100023326,,,,3,용도구역코드,UOA120,상대보호구역,0,0,,상대정화구역,20221008
경상남도 양산시 중부동 656-14번지,48330,10300,0,0656,0014,1264100007929,,,,1,용도지역코드,1021,제1종일반주거지역,1,0,,제1종일반주거지역,20221008
경상남도 양산시 중부동 656-14번지,48330,10300,0,0656,0014,1264100007929,,,,3,용도구역코드,301,제1종지구단위계획구역,1,0,,제1종지구단위계획구역,20221008
경상남도 양산시 중부동 656-15번지,48330,10300,0,0656,0015,1264100110718,,,,1,용도지역코드,UQA121,제1종일반주거지역,1,0,,제1종일반주거지역,20221008
경상남도 양산시 중부동 656-15번지,48330,10300,0,0656,0015,1264100110718,,,,3,용도구역코드,UQQ310,제1종지구단위계획구역,1,0,,제1종지구단위계획구역,20221008
경상남도 양산시 중부동 656-15번지,48330,10300,0,0656,0015,12647310,,,,1,용도지역코드,1021,제1종일반주거지역,1,0,,제1종일반주거지역,20221008
경상남도 양산시 중부동 656-15번지,48330,10300,0,0656,0015,12647310,,,,3,용도구역코드,010,도시계획구역,0,0,,도시계획구역,20221008
경상남도 양산시 중부동 656-15번지,48330,10300,0,0656,0015,12647310,,,,3,용도구역코드,300,지구단위계획구역,1,0,,지구단위계획구역,20221008
경상남도 양산시 중부동 656-16번지,48330,10300,0,0656,0016,1264100028674,,,,3,용도구역코드,UOA120,상대보호구역,0,0,,상대정화구역,20221008
경상남도 양산시 중부동 656-16번지,48330,10300,0,0656,0016,1264100028674,,,,1,용도지역코드,UQA121,제1종일반주거지역,1,0,,제1종일반주거지역,20221008
경상남도 양산시 중부동 656-16번지,48330,10300,0,0656,0016,1264100028674,,,,3,용도구역코드,UQQ310,제1종지구단위계획구역,1,0,,제1종지구단위계획구역,20221008
경상남도 양산시 중부동 657-1번지,48330,10300,0,0657,0001,12644952,,,,1,용도지역코드,1022,제2종일반주거지역,1,0,,제2종일반주거지역,20221008
경상남도 양산시 중부동 657-1번지,48330,10300,0,0657,0001,12644952,,,,2,용도지구코드,160,택지개발지구,1,0,,택지개발지구,20221008
경상남도 양산시 중부동 657-1번지,48330,10300,0,0657,0001,12644952,,,,3,용도구역코드,300,지구단위계획구역,1,0,,지구단위계획구역,20221008
경상남도 양산시 중부동 657-2번지,48330,10300,0,0657,0002,1264100034008,,,,1,용도지역코드,UQA121,제1종일반주거지역,1,0,,제1종일반주거지역,20221008
경상남도 양산시 중부동 657-2번지,48330,10300,0,0657,0002,1264100034008,,,,3,용도구역코드,UQQ310,제1종지구단위계획구역,1,0,,제1종지구단위계획구역,20221008
경상남도 양산시 중부동 657-2번지,48330,10300,0,0657,0002,1264100034008,,,,3,용도구역코드,UOA120,상대보호구역,0,0,,상대정화구역,20221008
경상남도 양산시 중부동 657-3번지,48330,10300,0,0657,0003,12648088,,,,1,용도지역코드,1021,제1종일반주거지역,1,0,,제1종일반주거지역,20221008
경상남도 양산시 중부동 657-3번지,48330,10300,0,0657,0003,12648088,,,,3,용도구역코드,010,도시계획구역,1,0,,도시계획구역,20221008
경상남도 양산시 중부동 657-3번지,48330,10300,0,0657,0003,12648088,,,,3,용도구역코드,301,제1종지구단위계획구역,0,0,,제1종지구단위계획구역,20221008
경상남도 양산시 중부동 657-4번지,48330,10300,0,0657,0004,1264100034385,,,,3,용도구역코드,UOA120,상대보호구역,0,0,,상대정화구역,20221008
경상남도 양산시 중부동 657-4번지,48330,10300,0,0657,0004,1264100034385,,,,1,용도지역코드,UQA121,제1종일반주거지역,1,0,,제1종일반주거지역,20221008
경상남도 양산시 중부동 657-4번지,48330,10300,0,0657,0004,1264100034385,,,,3,용도구역코드,UQQ310,제1종지구단위계획구역,1,0,,제1종지구단위계획구역,20221008
경상남도 양산시 중부동 657-5번지,48330,10300,0,0657,0005,12645790,,,,1,용도지역코드,1022,제2종일반주거지역,1,0,,제2종일반주거지역,20221008
경상남도 양산시 중부동 657-5번지,48330,10300,0,0657,0005,12645790,,,,2,용도지구코드,160,택지개발지구,1,0,,택지개발지구,20221008
경상남도 양산시 중부동 657-5번지,48330,10300,0,0657,0005,12645790,,,,3,용도구역코드,301,제1종지구단위계획구역,1,0,,제1종지구단위계획구역,20221008
경상남도 양산시 중부동 657-6번지,48330,10300,0,0657,0006,1264100031422,,,,1,용도지역코드,UQA121,제1종일반주거지역,1,0,,제1종일반주거지역,20221008
경상남도 양산시 중부동 657-6번지,48330,10300,0,0657,0006,1264100031422,,,,3,용도구역코드,UQQ310,제1종지구단위계획구역,1,0,,제1종지구단위계획구역,20221008
경상남도 양산시 중부동 657-6번지,48330,10300,0,0657,0006,1264100031422,,,,3,용도구역코드,UOA120,상대보호구역,0,0,,상대정화구역,20221008
경상남도 양산시 중부동 657-7번지,48330,10300,0,0657,0007,1264100029949,,,,1,용도지역코드,UQA121,제1종일반주거지역,1,0,,제1종일반주거지역,20221008
경상남도 양산시 중부동 657-7번지,48330,10300,0,0657,0007,1264100029949,,,,3,용도구역코드,UQQ310,제1종지구단위계획구역,1,0,,제1종지구단위계획구역,20221008
경상남도 양산시 중부동 657-7번지,48330,10300,0,0657,0007,1264100029949,,,,3,용도구역코드,UOA120,상대보호구역,0,0,,상대정화구역,20221008
경상남도 양산시 중부동 657-8번지,48330,10300,0,0657,0008,1264100024830,,,,1,용도지역코드,UQA121,제1종일반주거지역,1,0,,제1종일반주거지역,20221008
경상남도 양산시 중부동 657-8번지,48330,10300,0,0657,0008,1264100024830,,,,3,용도구역코드,UQQ310,제1종지구단위계획구역,1,0,,제1종지구단위계획구역,20221008
경상남도 양산시 중부동 657-9번지,48330,10300,0,0657,0009,12644915,,,,1,용도지역코드,1022,제2종일반주거지역,1,0,,제2종일반주거지역,20221008
경상남도 양산시 중부동 657-9번지,48330,10300,0,0657,0009,12644915,,,,2,용도지구코드,160,택지개발지구,1,0,,택지개발지구,20221008
경상남도 양산시 중부동 657-9번지,48330,10300,0,0657,0009,12644915,,,,3,용도구역코드,300,지구단위계획구역,1,0,,지구단위계획구역,20221008
경상남도 양산시 중부동 657-10번지,48330,10300,0,0657,0010,12648125,,,,1,용도지역코드,1022,제2종일반주거지역,1,0,,제2종일반주거지역,20221008
경상남도 양산시 중부동 657-10번지,48330,10300,0,0657,0010,12648125,,,,3,용도구역코드,010,도시계획구역,1,0,,도시계획구역,20221008
경상남도 양산시 중부동 657-11번지,48330,10300,0,0657,0011,1264100026769,,,,1,용도지역코드,UQA121,제1종일반주거지역,1,0,,제1종일반주거지역,20221008
경상남도 양산시 중부동 657-11번지,48330,10300,0,0657,0011,1264100026769,,,,3,용도구역코드,UQQ310,제1종지구단위계획구역,1,0,,제1종지구단위계획구역,20221008
경상남도 양산시 중부동 657-11번지,48330,10300,0,0657,0011,1264100026769,,,,3,용도구역코드,UOA120,상대보호구역,0,0,,상대정화구역,20221008
경상남도 양산시 중부동 657-12번지,48330,10300,0,0657,0012,1264100027610,,,,1,용도지역코드,UQA121,제1종일반주거지역,1,0,,제1종일반주거지역,20221008
경상남도 양산시 중부동 657-12번지,48330,10300,0,0657,0012,1264100027610,,,,3,용도구역코드,UQQ310,제1종지구단위계획구역,1,0,,제1종지구단위계획구역,20221008
경상남도 양산시 중부동 657-13번지,48330,10300,0,0657,0013,12643159,,,,1,용도지역코드,1020,일반주거지역,1,0,,일반주거지역,20221008
경상남도 양산시 중부동 657-13번지,48330,10300,0,0657,0013,12643159,,,,2,용도지구코드,160,택지개발지구,1,0,,택지개발지구,20221008
경상남도 양산시 중부동 657-14번지,48330,10300,0,0657,0014,12643485,,,,1,용도지역코드,1020,일반주거지역,1,0,,일반주거지역,20221008
경상남도 양산시 중부동 657-14번지,48330,10300,0,0657,0014,12643485,,,,2,용도지구코드,160,택지개발지구,1,0,,택지개발지구,20221008
경상남도 양산시 중부동 657-14번지,48330,10300,0,0657,0014,12643485,,,,3,용도구역코드,290,도시설계구역,1,0,,도시설계구역,20221008
경상남도 양산시 중부동 657-16번지,48330,10300,0,0657,0016,1264100039173,,,,1,용도지역코드,UQA121,제1종일반주거지역,1,0,,제1종일반주거지역,20221008
경상남도 양산시 중부동 657-16번지,48330,10300,0,0657,0016,1264100039173,,,,3,용도구역코드,UQQ310,제1종지구단위계획구역,1,0,,제1종지구단위계획구역,20221008
경상남도 양산시 중부동 657-16번지,48330,10300,0,0657,0016,1264100039173,,,,3,용도구역코드,UOA120,상대보호구역,0,0,,상대정화구역,20221008
경상남도 양산시 중부동 657-16번지,48330,10300,0,0657,0016,12643158,,,,1,용도지역코드,1020,일반주거지역,1,0,,일반주거지역,20221008
경상남도 양산시 중부동 658-1번지,48330,10300,0,0658,0001,12644991,,,,1,용도지역코드,1022,제2종일반주거지역,1,0,,제2종일반주거지역,20221008
경상남도 양산시 중부동 658-1번지,48330,10300,0,0658,0001,12644991,,,,2,용도지구코드,160,택지개발지구,1,0,,택지개발지구,20221008
경상남도 양산시 중부동 658-1번지,48330,10300,0,0658,0001,12644991,,,,3,용도구역코드,300,지구단위계획구역,1,0,,지구단위계획구역,20221008
경상남도 양산시 중부동 658-1번지,48330,10300,0,0658,0001,1264100023729,,,,1,용도지역코드,UQA121,제1종일반주거지역,1,0,,제1종일반주거지역,20221008
경상남도 양산시 중부동 658-1번지,48330,10300,0,0658,0001,1264100023729,,,,3,용도구역코드,UQQ310,제1종지구단위계획구역,1,0,,제1종지구단위계획구역,20221008
경상남도 양산시 중부동 658-2번지,48330,10300,0,0658,0002,12644765,,,,1,용도지역코드,1022,제2종일반주거지역,1,0,,제2종일반주거지역,20221008
경상남도 양산시 중부동 658-3번지,48330,10300,0,0658,0003,1264100019678,,,,1,용도지역코드,1021,제1종일반주거지역,1,0,,제1종일반주거지역,20221008
경상남도 양산시 중부동 658-3번지,48330,10300,0,0658,0003,1264100019678,,,,3,용도구역코드,301,제1종지구단위계획구역,1,0,,제1종지구단위계획구역,20221008
경상남도 양산시 중부동 658-4번지,48330,10300,0,0658,0004,12644725,,,,1,용도지역코드,1022,제2종일반주거지역,1,0,,제2종일반주거지역,20221008
경상남도 양산시 중부동 658-4번지,48330,10300,0,0658,0004,12644725,,,,2,용도지구코드,160,택지개발지구,1,0,,택지개발지구,20221008
경상남도 양산시 중부동 658-4번지,48330,10300,0,0658,0004,12644725,,,,3,용도구역코드,300,지구단위계획구역,1,0,,지구단위계획구역,20221008
경상남도 양산시 중부동 658-6번지,48330,10300,0,0658,0006,12644891,,,,3,용도구역코드,300,지구단위계획구역,1,0,,지구단위계획구역,20221008
경상남도 양산시 중부동 658-6번지,48330,10300,0,0658,0006,12644891,,,,1,용도지역코드,1022,제2종일반주거지역,1,0,,제2종일반주거지역,20221008
경상남도 양산시 중부동 658-6번지,48330,10300,0,0658,0006,12644891,,,,2,용도지구코드,160,택지개발지구,1,0,,택지개발지구,20221008
경상남도 양산시 중부동 658-7번지,48330,10300,0,0658,0007,12643640,,,,1,용도지역코드,1020,일반주거지역,1,0,,일반주거지역,20221008
경상남도 양산시 중부동 658-7번지,48330,10300,0,0658,0007,12643640,,,,2,용도지구코드,210,도시설계지구,1,0,,도시설계지구,20221008
경상남도 양산시 중부동 658-9번지,48330,10300,0,0658,0009,12644582,,,,1,용도지역코드,1022,제2종일반주거지역,1,0,,제2종일반주거지역,20221008
경상남도 양산시 중부동 658-9번지,48330,10300,0,0658,0009,12644582,,,,2,용도지구코드,160,택지개발지구,1,0,,택지개발지구,20221008
경상남도 양산시 중부동 658-9번지,48330,10300,0,0658,0009,12644582,,,,3,용도구역코드,300,지구단위계획구역,1,0,,지구단위계획구역,20221008
경상남도 양산시 중부동 658-10번지,48330,10300,0,0658,0010,1264100032301,,,,1,용도지역코드,UQA121,제1종일반주거지역,1,0,,제1종일반주거지역,20221008
경상남도 양산시 중부동 658-10번지,48330,10300,0,0658,0010,1264100032301,,,,3,용도구역코드,UQQ310,제1종지구단위계획구역,1,0,,제1종지구단위계획구역,20221008
경상남도 양산시 중부동 658-10번지,48330,10300,0,0658,0010,1264100032301,,,,3,용도구역코드,UOA120,상대보호구역,0,0,,상대정화구역,20221008
경상남도 양산시 중부동 658-10번지,48330,10300,0,0658,0010,1264100049307,,,,1,용도지역코드,UQA121,제1종일반주거지역,1,0,,제1종일반주거지역,20221008
경상남도 양산시 중부동 658-10번지,48330,10300,0,0658,0010,1264100049307,,,,3,용도구역코드,UQQ310,제1종지구단위계획구역,1,0,,제1종지구단위계획구역,20221008
경상남도 양산시 중부동 658-10번지,48330,10300,0,0658,0010,1264100049307,,,,3,용도구역코드,UOA120,상대보호구역,0,0,,상대정화구역,20221008
경상남도 양산시 중부동 658-11번지,48330,10300,0,0658,0011,12645226,,,,1,용도지역코드,1022,제2종일반주거지역,1,0,,제2종일반주거지역,20221008
경상남도 양산시 중부동 658-11번지,48330,10300,0,0658,0011,12645226,,,,2,용도지구코드,160,택지개발지구,1,0,,택지개발지구,20221008
경상남도 양산시 중부동 658-11번지,48330,10300,0,0658,0011,12645226,,,,3,용도구역코드,301,제1종지구단위계획구역,1,0,,제1종지구단위계획구역,20221008
경상남도 양산시 중부동 658-12번지,48330,10300,0,0658,0012,1264100034272,,,,1,용도지역코드,UQA121,제1종일반주거지역,1,0,,제1종일반주거지역,20221008
경상남도 양산시 중부동 658-12번지,48330,10300,0,0658,0012,1264100034272,,,,3,용도구역코드,UQQ310,제1종지구단위계획구역,1,0,,제1종지구단위계획구역,20221008
경상남도 양산시 중부동 658-12번지,48330,10300,0,0658,0012,1264100034272,,,,3,용도구역코드,UOA120,상대보호구역,0,0,,상대정화구역,20221008
경상남도 양산시 중부동 658-13번지,48330,10300,0,0658,0013,12644859,,,,1,용도지역코드,1022,제2종일반주거지역,1,0,,제2종일반주거지역,20221008
경상남도 양산시 중부동 658-13번지,48330,10300,0,0658,0013,12644859,,,,2,용도지구코드,160,택지개발지구,1,0,,택지개발지구,20221008
경상남도 양산시 중부동 658-13번지,48330,10300,0,0658,0013,12644859,,,,3,용도구역코드,300,지구단위계획구역,1,0,,지구단위계획구역,20221008
경상남도 양산시 중부동 658-14번지,48330,10300,0,0658,0014,12644675,,,,1,용도지역코드,1022,제2종일반주거지역,1,0,,제2종일반주거지역,20221008
경상남도 양산시 중부동 658-14번지,48330,10300,0,0658,0014,12644675,,,,2,용도지구코드,160,택지개발지구,1,0,,택지개발지구,20221008
경상남도 양산시 중부동 658-14번지,48330,10300,0,0658,0014,12644675,,,,3,용도구역코드,300,지구단위계획구역,1,0,,지구단위계획구역,20221008
경상남도 양산시 중부동 658-14번지,48330,10300,0,0658,0014,12645117,,,,1,용도지역코드,1022,제2종일반주거지역,1,0,,제2종일반주거지역,20221008
경상남도 양산시 중부동 659-1번지,48330,10300,0,0659,0001,1264100099735,,,,1,용도지역코드,UQA121,제1종일반주거지역,1,0,,제1종일반주거지역,20221008
경상남도 양산시 중부동 659-1번지,48330,10300,0,0659,0001,1264100099735,,,,3,용도구역코드,UQQ300,지구단위계획구역,1,0,,지구단위계획구역,20221008
경상남도 양산시 중부동 659-2번지,48330,10300,0,0659,0002,1264100029830,,,,1,용도지역코드,UQA121,제1종일반주거지역,1,0,,제1종일반주거지역,20221008
경상남도 양산시 중부동 659-2번지,48330,10300,0,0659,0002,1264100029830,,,,3,용도구역코드,UQQ310,제1종지구단위계획구역,1,0,,제1종지구단위계획구역,20221008
경상남도 양산시 중부동 659-2번지,48330,10300,0,0659,0002,1264100029830,,,,3,용도구역코드,UOA120,상대보호구역,0,0,,상대정화구역,20221008
경상남도 양산시 중부동 659-3번지,48330,10300,0,0659,0003,12645530,,,,1,용도지역코드,1022,제2종일반주거지역,1,0,,제2종일반주거지역,20221008
경상남도 양산시 중부동 659-3번지,48330,10300,0,0659,0003,12645530,,,,2,용도지구코드,160,택지개발지구,1,0,,택지개발지구,20221008
경상남도 양산시 중부동 659-3번지,48330,10300,0,0659,0003,12645530,,,,3,용도구역코드,300,지구단위계획구역,1,0,,지구단위계획구역,20221008
경상남도 양산시 중부동 659-4번지,48330,10300,0,0659,0004,12646382,,,,1,용도지역코드,1021,제1종일반주거지역,1,0,,제1종일반주거지역,20221008
경상남도 양산시 중부동 659-4번지,48330,10300,0,0659,0004,12646382,,,,3,용도구역코드,301,제1종지구단위계획구역,1,0,,제1종지구단위계획구역,20221008
경상남도 양산시 중부동 659-5번지,48330,10300,0,0659,0005,12644864,,,,1,용도지역코드,1022,제2종일반주거지역,1,0,,제2종일반주거지역,20221008
경상남도 양산시 중부동 659-5번지,48330,10300,0,0659,0005,12644864,,,,2,용도지구코드,160,택지개발지구,1,0,,택지개발지구,20221008
경상남도 양산시 중부동 659-5번지,48330,10300,0,0659,0005,12644864,,,,3,용도구역코드,300,지구단위계획구역,1,0,,지구단위계획구역,20221008
경상남도 양산시 중부동 659-6번지,48330,10300,0,0659,0006,12647385,,,,1,용도지역코드,1021,제1종일반주거지역,1,0,,제1종일반주거지역,20221008
경상남도 양산시 중부동 659-6번지,48330,10300,0,0659,0006,12647385,,,,3,용도구역코드,010,도시계획구역,0,0,,도시계획구역,20221008
경상남도 양산시 중부동 659-6번지,48330,10300,0,0659,0006,12647385,,,,3,용도구역코드,301,제1종지구단위계획구역,1,0,,제1종지구단위계획구역,20221008
경상남도 양산시 중부동 659-7번지,48330,10300,0,0659,0007,12645947,,,,1,용도지역코드,1022,제2종일반주거지역,1,0,,제2종일반주거지역,20221008
경상남도 양산시 중부동 659-7번지,48330,10300,0,0659,0007,12645947,,,,2,용도지구코드,160,택지개발지구,1,0,,택지개발지구,20221008
경상남도 양산시 중부동 659-7번지,48330,10300,0,0659,0007,12645947,,,,3,용도구역코드,300,지구단위계획구역,1,0,,지구단위계획구역,20221008
경상남도 양산시 중부동 659-8번지,48330,10300,0,0659,0008,1264100050828,,,,1,용도지역코드,UQA121,제1종일반주거지역,1,0,,제1종일반주거지역,20221008
경상남도 양산시 중부동 659-8번지,48330,10300,0,0659,0008,1264100050828,,,,3,용도구역코드,UQQ310,제1종지구단위계획구역,1,0,,제1종지구단위계획구역,20221008
경상남도 양산시 중부동 659-8번지,48330,10300,0,0659,0008,1264100050828,,,,3,용도구역코드,UOA120,상대보호구역,0,0,,상대정화구역,20221008
경상남도 양산시 중부동 659-9번지,48330,10300,0,0659,0009,12643823,,,,1,용도지역코드,1022,제2종일반주거지역,1,0,,제2종일반주거지역,20221008
경상남도 양산시 중부동 659-9번지,48330,10300,0,0659,0009,12643823,,,,2,용도지구코드,160,택지개발지구,1,0,,택지개발지구,20221008
경상남도 양산시 중부동 659-9번지,48330,10300,0,0659,0009,12643823,,,,3,용도구역코드,300,지구단위계획구역,1,0,,지구단위계획구역,20221008
경상남도 양산시 중부동 659-9번지,48330,10300,0,0659,0009,12645150,,,,1,용도지역코드,1022,제2종일반주거지역,1,0,,제2종일반주거지역,20221008
경상남도 양산시 중부동 659-9번지,48330,10300,0,0659,0009,12645150,,,,2,용도지구코드,160,택지개발지구,1,0,,택지개발지구,20221008
경상남도 양산시 중부동 659-9번지,48330,10300,0,0659,0009,12645150,,,,3,용도구역코드,300,지구단위계획구역,1,0,,지구단위계획구역,20221008
경상남도 양산시 중부동 659-11번지,48330,10300,0,0659,0011,12644834,,,,1,용도지역코드,1022,제2종일반주거지역,1,0,,제2종일반주거지역,20221008
경상남도 양산시 중부동 659-11번지,48330,10300,0,0659,0011,12644834,,,,2,용도지구코드,160,택지개발지구,1,0,,택지개발지구,20221008
경상남도 양산시 중부동 659-11번지,48330,10300,0,0659,0011,12644834,,,,3,용도구역코드,300,지구단위계획구역,1,0,,지구단위계획구역,20221008
경상남도 양산시 중부동 659-11번지,48330,10300,0,0659,0011,12645314,,,,1,용도지역코드,1022,제2종일반주거지역,1,0,,제2종일반주거지역,20221008
경상남도 양산시 중부동 659-11번지,48330,10300,0,0659,0011,12645314,,,,2,용도지구코드,160,택지개발지구,1,0,,택지개발지구,20221008
경상남도 양산시 중부동 659-11번지,48330,10300,0,0659,0011,12645314,,,,3,용도구역코드,300,지구단위계획구역,1,0,,지구단위계획구역,20221008
경상남도 양산시 중부동 659-13번지,48330,10300,0,0659,0013,12644048,,,,1,용도지역코드,1022,제2종일반주거지역,1,0,,제2종일반주거지역,20221008
경상남도 양산시 중부동 659-13번지,48330,10300,0,0659,0013,12644048,,,,2,용도지구코드,160,택지개발지구,1,0,,택지개발지구,20221008
경상남도 양산시 중부동 659-13번지,48330,10300,0,0659,0013,12644048,,,,3,용도구역코드,300,지구단위계획구역,1,0,,지구단위계획구역,20221008
경상남도 양산시 중부동 659-14번지,48330,10300,0,0659,0014,1264100032300,,,,1,용도지역코드,UQA121,제1종일반주거지역,1,0,,제1종일반주거지역,20221008
경상남도 양산시 중부동 659-14번지,48330,10300,0,0659,0014,1264100032300,,,,3,용도구역코드,UQQ310,제1종지구단위계획구역,1,0,,제1종지구단위계획구역,20221008
경상남도 양산시 중부동 659-14번지,48330,10300,0,0659,0014,1264100032300,,,,3,용도구역코드,UOA120,상대보호구역,0,0,,상대정화구역,20221008
경상남도 양산시 중부동 659-14번지,48330,10300,0,0659,0014,12644233,,,,1,용도지역코드,1022,제2종일반주거지역,1,0,,제2종일반주거지역,20221008
경상남도 양산시 중부동 659-14번지,48330,10300,0,0659,0014,12644233,,,,2,용도지구코드,160,택지개발지구,1,0,,택지개발지구,20221008
경상남도 양산시 중부동 659-14번지,48330,10300,0,0659,0014,12644233,,,,3,용도구역코드,290,도시설계구역,1,0,,도시설계구역,20221008
경상남도 양산시 중부동 659-14번지,48330,10300,0,0659,0014,12647644,,,,1,용도지역코드,1021,제1종일반주거지역,1,0,,제1종일반주거지역,20221008
경상남도 양산시 중부동 660-1번지,48330,10300,0,0660,0001,12643318,,,,1,용도지역코드,1020,일반주거지역,1,0,,일반주거지역,20221008
경상남도 양산시 중부동 660-1번지,48330,10300,0,0660,0001,12643318,,,,2,용도지구코드,160,택지개발지구,1,0,,택지개발지구,20221008
경상남도 양산시 중부동 660-1번지,48330,10300,0,0660,0001,12643318,,,,3,용도구역코드,010,도시계획구역,1,0,,도시계획구역,20221008
경상남도 양산시 중부동 660-1번지,48330,10300,0,0660,0001,12643318,,,,3,용도구역코드,290,도시설계구역,0,0,,도시설계구역,20221008
경상남도 양산시 중부동 660-2번지,48330,10300,0,0660,0002,12644556,,,,1,용도지역코드,1022,제2종일반주거지역,1,0,,제2종일반주거지역,20221008
경상남도 양산시 중부동 660-2번지,48330,10300,0,0660,0002,12644556,,,,2,용도지구코드,160,택지개발지구,1,0,,택지개발지구,20221008
경상남도 양산시 중부동 660-2번지,48330,10300,0,0660,0002,12644556,,,,3,용도구역코드,300,지구단위계획구역,1,0,,지구단위계획구역,20221008
경상남도 양산시 중부동 660-3번지,48330,10300,0,0660,0003,12644555,,,,1,용도지역코드,1022,제2종일반주거지역,1,0,,제2종일반주거지역,20221008
경상남도 양산시 중부동 660-3번지,48330,10300,0,0660,0003,12644555,,,,2,용도지구코드,160,택지개발지구,1,0,,택지개발지구,20221008
경상남도 양산시 중부동 660-3번지,48330,10300,0,0660,0003,12644555,,,,3,용도구역코드,300,지구단위계획구역,1,0,,지구단위계획구역,20221008
경상남도 양산시 중부동 660-3번지,48330,10300,0,0660,0003,1264100112676,,,,1,용도지역코드,UQA121,제1종일반주거지역,1,0,,제1종일반주거지역,20221008
경상남도 양산시 중부동 660-3번지,48330,10300,0,0660,0003,1264100112676,,,,3,용도구역코드,UOA120,상대보호구역,1,0,,상대보호구역,20221008
경상남도 양산시 중부동 660-3번지,48330,10300,0,0660,0003,1264100112676,,,,3,용도구역코드,UQQ310,제1종지구단위계획구역,0,0,,제1종지구단위계획구역,20221008
경상남도 양산시 중부동 660-4번지,48330,10300,0,0660,0004,1264100017755,,,,1,용도지역코드,1021,제1종일반주거지역,1,0,,제1종일반주거지역,20221008
경상남도 양산시 중부동 660-4번지,48330,10300,0,0660,0004,1264100017755,,,,3,용도구역코드,301,제1종지구단위계획구역,1,0,,제1종지구단위계획구역,20221008
경상남도 양산시 중부동 660-5번지,48330,10300,0,0660,0005,1264100023870,,,,1,용도지역코드,UQA121,제1종일반주거지역,1,0,,제1종일반주거지역,20221008
경상남도 양산시 중부동 660-5번지,48330,10300,0,0660,0005,1264100023870,,,,3,용도구역코드,UQQ310,제1종지구단위계획구역,1,0,,제1종지구단위계획구역,20221008
경상남도 양산시 중부동 660-5번지,48330,10300,0,0660,0005,12648489,,,,1,용도지역코드,1021,제1종일반주거지역,1,0,,제1종일반주거지역,20221008
경상남도 양산시 중부동 660-5번지,48330,10300,0,0660,0005,12648489,,,,3,용도구역코드,010,도시계획구역,1,0,,도시계획구역,20221008
경상남도 양산시 중부동 660-5번지,48330,10300,0,0660,0005,12648489,,,,3,용도구역코드,301,제1종지구단위계획구역,0,0,,제1종지구단위계획구역,20221008
경상남도 양산시 중부동 660-5번지,48330,10300,0,0660,0005,12647617,,,,1,용도지역코드,1021,제1종일반주거지역,1,0,,제1종일반주거지역,20221008
경상남도 양산시 중부동 660-5번지,48330,10300,0,0660,0005,12647617,,,,3,용도구역코드,300,지구단위계획구역,1,0,,지구단위계획구역,20221008
경상남도 양산시 중부동 660-5번지,48330,10300,0,0660,0005,12645156,,,,1,용도지역코드,1022,제2종일반주거지역,1,0,,제2종일반주거지역,20221008
경상남도 양산시 중부동 660-5번지,48330,10300,0,0660,0005,12645156,,,,2,용도지구코드,160,택지개발지구,1,0,,택지개발지구,20221008
경상남도 양산시 중부동 660-5번지,48330,10300,0,0660,0005,12645156,,,,3,용도구역코드,300,지구단위계획구역,1,0,,지구단위계획구역,20221008
경상남도 양산시 중부동 660-5번지,48330,10300,0,0660,0005,12643183,,,,1,용도지역코드,1020,일반주거지역,1,0,,일반주거지역,20221008
경상남도 양산시 중부동 660-5번지,48330,10300,0,0660,0005,1264100095688,,,,1,용도지역코드,UQA121,제1종일반주거지역,1,0,,제1종일반주거지역,20221008
경상남도 양산시 중부동 660-5번지,48330,10300,0,0660,0005,1264100095688,,,,3,용도구역코드,UQQ310,제1종지구단위계획구역,1,0,,제1종지구단위계획구역,20221008
경상남도 양산시 중부동 660-6번지,48330,10300,0,0660,0006,12644554,,,,1,용도지역코드,1022,제2종일반주거지역,1,0,,제2종일반주거지역,20221008
경상남도 양산시 중부동 660-6번지,48330,10300,0,0660,0006,12644554,,,,2,용도지구코드,160,택지개발지구,1,0,,택지개발지구,20221008
경상남도 양산시 중부동 660-6번지,48330,10300,0,0660,0006,12644554,,,,3,용도구역코드,300,지구단위계획구역,1,0,,지구단위계획구역,20221008
경상남도 양산시 중부동 660-7번지,48330,10300,0,0660,0007,1264100051288,,,,1,용도지역코드,UQA121,제1종일반주거지역,1,0,,제1종일반주거지역,20221008
경상남도 양산시 중부동 660-7번지,48330,10300,0,0660,0007,1264100051288,,,,3,용도구역코드,UQQ310,제1종지구단위계획구역,1,0,,제1종지구단위계획구역,20221008
경상남도 양산시 중부동 660-7번지,48330,10300,0,0660,0007,1264100051288,,,,3,용도구역코드,UOA110,절대정화구역,0,0,,절대정화구역,20221008
경상남도 양산시 중부동 660-7번지,48330,10300,0,0660,0007,1264100051288,,,,3,용도구역코드,UOA120,상대보호구역,0,0,,상대정화구역,20221008
경상남도 양산시 중부동 660-8번지,48330,10300,0,0660,0008,12647632,,,,1,용도지역코드,1021,제1종일반주거지역,1,0,,제1종일반주거지역,20221008
경상남도 양산시 중부동 660-8번지,48330,10300,0,0660,0008,12647632,,,,3,용도구역코드,300,지구단위계획구역,1,0,,지구단위계획구역,20221008
경상남도 양산시 중부동 660-8번지,48330,10300,0,0660,0008,12643155,,,,1,용도지역코드,1020,일반주거지역,1,0,,일반주거지역,20221008
경상남도 양산시 중부동 660-8번지,48330,10300,0,0660,0008,12643155,,,,2,용도지구코드,210,도시설계지구,1,0,,도시설계지구,20221008
경상남도 양산시 중부동 660-11번지,48330,10300,0,0660,0011,12644078,,,,1,용도지역코드,1022,제2종일반주거지역,1,0,,제2종일반주거지역,20221008
경상남도 양산시 중부동 660-11번지,48330,10300,0,0660,0011,12644078,,,,2,용도지구코드,160,택지개발지구,1,0,,택지개발지구,20221008
경상남도 양산시 중부동 660-11번지,48330,10300,0,0660,0011,12644078,,,,3,용도구역코드,300,지구단위계획구역,1,0,,지구단위계획구역,20221008
경상남도 양산시 중부동 660-12번지,48330,10300,0,0660,0012,1264100027809,,,,1,용도지역코드,UQA121,제1종일반주거지역,1,0,,제1종일반주거지역,20221008
경상남도 양산시 중부동 660-12번지,48330,10300,0,0660,0012,1264100027809,,,,3,용도구역코드,UQQ310,제1종지구단위계획구역,1,0,,제1종지구단위계획구역,20221008
경상남도 양산시 중부동 660-12번지,48330,10300,0,0660,0012,1264100027809,,,,3,용도구역코드,UOA120,상대보호구역,0,0,,상대정화구역,20221008
경상남도 양산시 중부동 660-13번지,48330,10300,0,0660,0013,1264100039175,,,,1,용도지역코드,UQA121,제1종일반주거지역,1,0,,제1종일반주거지역,20221008
경상남도 양산시 중부동 660-13번지,48330,10300,0,0660,0013,1264100039175,,,,3,용도구역코드,UQQ310,제1종지구단위계획구역,1,0,,제1종지구단위계획구역,20221008
경상남도 양산시 중부동 660-13번지,48330,10300,0,0660,0013,12643781,,,,1,용도지역코드,1020,일반주거지역,1,0,,일반주거지역,20221008
경상남도 양산시 중부동 660-14번지,48330,10300,0,0660,0014,12645569,,,,3,용도구역코드,301,제1종지구단위계획구역,1,0,,제1종지구단위계획구역,20221008
경상남도 양산시 중부동 660-14번지,48330,10300,0,0660,0014,12645569,,,,1,용도지역코드,1022,제2종일반주거지역,1,0,,제2종일반주거지역,20221008
경상남도 양산시 중부동 660-14번지,48330,10300,0,0660,0014,12645569,,,,2,용도지구코드,160,택지개발지구,1,0,,택지개발지구,20221008
경상남도 양산시 중부동 660-15번지,48330,10300,0,0660,0015,1264100095687,,,,1,용도지역코드,UQA121,제1종일반주거지역,1,0,,제1종일반주거지역,20221008
경상남도 양산시 중부동 660-15번지,48330,10300,0,0660,0015,1264100095687,,,,3,용도구역코드,UQQ310,제1종지구단위계획구역,1,0,,제1종지구단위계획구역,20221008
경상남도 양산시 중부동 660-16번지,48330,10300,0,0660,0016,1264100098736,,,,1,용도지역코드,UQA121,제1종일반주거지역,1,0,,제1종일반주거지역,20221008
경상남도 양산시 중부동 660-16번지,48330,10300,0,0660,0016,1264100098736,,,,3,용도구역코드,UQQ310,제1종지구단위계획구역,1,0,,제1종지구단위계획구역,20221008
경상남도 양산시 중부동 661-1번지,48330,10300,0,0661,0001,12643138,,,,1,용도지역코드,1020,일반주거지역,1,0,,일반주거지역,20221008
경상남도 양산시 중부동 661-1번지,48330,10300,0,0661,0001,12643138,,,,2,용도지구코드,210,도시설계지구,1,0,,도시설계지구,20221008
경상남도 양산시 중부동 661-1번지,48330,10300,0,0661,0001,12646029,,,,1,용도지역코드,1022,제2종일반주거지역,1,0,,제2종일반주거지역,20221008
경상남도 양산시 중부동 661-1번지,48330,10300,0,0661,0001,12646029,,,,2,용도지구코드,210,도시설계지구,1,0,,도시설계지구,20221008
경상남도 양산시 중부동 661-1번지,48330,10300,0,0661,0001,12646029,,,,3,용도구역코드,301,제1종지구단위계획구역,1,0,,제1종지구단위계획구역,20221008
경상남도 양산시 중부동 661-2번지,48330,10300,0,0661,0002,12646375,,,,1,용도지역코드,1022,제2종일반주거지역,1,0,,제2종일반주거지역,20221008
경상남도 양산시 중부동 661-2번지,48330,10300,0,0661,0002,12646375,,,,2,용도지구코드,160,택지개발지구,1,0,,택지개발지구,20221008
경상남도 양산시 중부동 661-2번지,48330,10300,0,0661,0002,12646375,,,,3,용도구역코드,300,지구단위계획구역,1,0,,지구단위계획구역,20221008
경상남도 양산시 중부동 661-3번지,48330,10300,0,0661,0003,1264100018578,,,,1,용도지역코드,1021,제1종일반주거지역,1,0,,제1종일반주거지역,20221008
경상남도 양산시 중부동 661-3번지,48330,10300,0,0661,0003,1264100018578,,,,3,용도구역코드,301,제1종지구단위계획구역,1,0,,제1종지구단위계획구역,20221008
경상남도 양산시 중부동 661-3번지,48330,10300,0,0661,0003,1264100021941,,,,1,용도지역코드,UQA121,제1종일반주거지역,1,0,,제1종일반주거지역,20221008
경상남도 양산시 중부동 661-3번지,48330,10300,0,0661,0003,1264100021941,,,,3,용도구역코드,UQQ310,제1종지구단위계획구역,1,0,,제1종지구단위계획구역,20221008
경상남도 양산시 중부동 661-4번지,48330,10300,0,0661,0004,12643980,,,,1,용도지역코드,1022,제2종일반주거지역,1,0,,제2종일반주거지역,20221008
경상남도 양산시 중부동 661-4번지,48330,10300,0,0661,0004,12643980,,,,2,용도지구코드,160,택지개발지구,1,0,,택지개발지구,20221008
경상남도 양산시 중부동 661-4번지,48330,10300,0,0661,0004,12643980,,,,3,용도구역코드,290,도시설계구역,1,0,,도시설계구역,20221008
경상남도 양산시 중부동 661-5번지,48330,10300,0,0661,0005,12646412,,,,1,용도지역코드,1021,제1종일반주거지역,1,0,,제1종일반주거지역,20221008
경상남도 양산시 중부동 661-5번지,48330,10300,0,0661,0005,12646412,,,,2,용도지구코드,160,택지개발지구,1,0,,택지개발지구,20221008
경상남도 양산시 중부동 661-5번지,48330,10300,0,0661,0005,12646412,,,,3,용도구역코드,300,지구단위계획구역,1,0,,지구단위계획구역,20221008
경상남도 양산시 중부동 661-6번지,48330,10300,0,0661,0006,1264100037012,,,,1,용도지역코드,UQA121,제1종일반주거지역,1,0,,제1종일반주거지역,20221008
경상남도 양산시 중부동 661-6번지,48330,10300,0,0661,0006,1264100037012,,,,3,용도구역코드,UQQ310,제1종지구단위계획구역,1,0,,제1종지구단위계획구역,20221008
경상남도 양산시 중부동 661-6번지,48330,10300,0,0661,0006,1264100037012,,,,3,용도구역코드,UOA110,절대정화구역,0,0,,절대정화구역,20221008
경상남도 양산시 중부동 661-6번지,48330,10300,0,0661,0006,1264100037012,,,,3,용도구역코드,UOA120,상대보호구역,0,0,,상대정화구역,20221008
경상남도 양산시 중부동 661-8번지,48330,10300,0,0661,0008,12643760,,,,1,용도지역코드,1022,제2종일반주거지역,1,0,,제2종일반주거지역,20221008
경상남도 양산시 중부동 661-8번지,48330,10300,0,0661,0008,12643760,,,,2,용도지구코드,160,택지개발지구,1,0,,택지개발지구,20221008
경상남도 양산시 중부동 661-8번지,48330,10300,0,0661,0008,12643760,,,,3,용도구역코드,300,지구단위계획구역,1,0,,지구단위계획구역,20221008
경상남도 양산시 중부동 661-9번지,48330,10300,0,0661,0009,12644768,,,,1,용도지역코드,1022,제2종일반주거지역,1,0,,제2종일반주거지역,20221008
경상남도 양산시 중부동 661-9번지,48330,10300,0,0661,0009,12644768,,,,2,용도지구코드,160,택지개발지구,1,0,,택지개발지구,20221008
경상남도 양산시 중부동 661-9번지,48330,10300,0,0661,0009,12644768,,,,3,용도구역코드,300,지구단위계획구역,1,0,,지구단위계획구역,20221008
경상남도 양산시 중부동 661-10번지,48330,10300,0,0661,0010,12643705,,,,1,용도지역코드,1020,일반주거지역,1,0,,일반주거지역,20221008
경상남도 양산시 중부동 661-10번지,48330,10300,0,0661,0010,12643705,,,,2,용도지구코드,160,택지개발지구,1,0,,택지개발지구,20221008
경상남도 양산시 중부동 661-10번지,48330,10300,0,0661,0010,12643705,,,,3,용도구역코드,290,도시설계구역,1,0,,도시설계구역,20221008
경상남도 양산시 중부동 661-11번지,48330,10300,0,0661,0011,12644933,,,,1,용도지역코드,1022,제2종일반주거지역,1,0,,제2종일반주거지역,20221008
경상남도 양산시 중부동 661-11번지,48330,10300,0,0661,0011,12644933,,,,2,용도지구코드,160,택지개발지구,1,0,,택지개발지구,20221008
경상남도 양산시 중부동 661-11번지,48330,10300,0,0661,0011,12644933,,,,3,용도구역코드,300,지구단위계획구역,1,0,,지구단위계획구역,20221008
경상남도 양산시 중부동 661-11번지,48330,10300,0,0661,0011,12646189,,,,1,용도지역코드,1022,제2종일반주거지역,1,0,,제2종일반주거지역,20221008
경상남도 양산시 중부동 661-11번지,48330,10300,0,0661,0011,12646189,,,,2,용도지구코드,160,택지개발지구,1,0,,택지개발지구,20221008
경상남도 양산시 중부동 661-11번지,48330,10300,0,0661,0011,12646189,,,,3,용도구역코드,301,제1종지구단위계획구역,1,0,,제1종지구단위계획구역,20221008
경상남도 양산시 중부동 661-12번지,48330,10300,0,0661,0012,12643248,,,,1,용도지역코드,1020,일반주거지역,1,0,,일반주거지역,20221008
경상남도 양산시 중부동 661-13번지,48330,10300,0,0661,0013,1264100019223,,,,1,용도지역코드,1021,제1종일반주거지역,1,0,,제1종일반주거지역,20221008
경상남도 양산시 중부동 661-13번지,48330,10300,0,0661,0013,1264100019223,,,,3,용도구역코드,301,제1종지구단위계획구역,1,0,,제1종지구단위계획구역,20221008
경상남도 양산시 중부동 661-13번지,48330,10300,0,0661,0013,1264100019223,,,,3,용도구역코드,272,상대정화구역,0,0,,상대정화구역,20221008
경상남도 양산시 중부동 661-14번지,48330,10300,0,0661,0014,1264100021365,,,,1,용도지역코드,1021,제1종일반주거지역,1,0,,제1종일반주거지역,20221008
경상남도 양산시 중부동 661-14번지,48330,10300,0,0661,0014,1264100021365,,,,3,용도구역코드,301,제1종지구단위계획구역,1,0,,제1종지구단위계획구역,20221008
경상남도 양산시 중부동 661-14번지,48330,10300,0,0661,0014,1264100021365,,,,3,용도구역코드,272,상대정화구역,0,0,,상대정화구역,20221008
경상남도 양산시 중부동 661-15번지,48330,10300,0,0661,0015,1264100031037,,,,1,용도지역코드,UQA121,제1종일반주거지역,1,0,,제1종일반주거지역,20221008
경상남도 양산시 중부동 661-15번지,48330,10300,0,0661,0015,1264100031037,,,,3,용도구역코드,UQQ310,제1종지구단위계획구역,1,0,,제1종지구단위계획구역,20221008
경상남도 양산시 중부동 661-15번지,48330,10300,0,0661,0015,1264100031037,,,,3,용도구역코드,UOA120,상대보호구역,0,0,,상대정화구역,20221008
경상남도 양산시 중부동 661-16번지,48330,10300,0,0661,0016,12643256,,,,1,용도지역코드,1020,일반주거지역,1,0,,일반주거지역,20221008
경상남도 양산시 중부동 662-1번지,48330,10300,0,0662,0001,1264100033223,,,,1,용도지역코드,UQA121,제1종일반주거지역,1,0,,제1종일반주거지역,20221008
경상남도 양산시 중부동 662-1번지,48330,10300,0,0662,0001,1264100033223,,,,3,용도구역코드,UQQ310,제1종지구단위계획구역,1,0,,제1종지구단위계획구역,20221008
경상남도 양산시 중부동 662-1번지,48330,10300,0,0662,0001,1264100033223,,,,3,용도구역코드,UOA120,상대보호구역,0,0,,상대정화구역,20221008
경상남도 양산시 중부동 662-2번지,48330,10300,0,0662,0002,12645602,,,,1,용도지역코드,1022,제2종일반주거지역,1,0,,제2종일반주거지역,20221008
경상남도 양산시 중부동 662-2번지,48330,10300,0,0662,0002,12645602,,,,2,용도지구코드,160,택지개발지구,1,0,,택지개발지구,20221008
경상남도 양산시 중부동 662-2번지,48330,10300,0,0662,0002,12645602,,,,3,용도구역코드,301,제1종지구단위계획구역,1,0,,제1종지구단위계획구역,20221008
경상남도 양산시 중부동 662-2번지,48330,10300,0,0662,0002,1264100011872,,,,1,용도지역코드,1021,제1종일반주거지역,1,0,,제1종일반주거지역,20221008
경상남도 양산시 중부동 662-2번지,48330,10300,0,0662,0002,1264100011872,,,,3,용도구역코드,301,제1종지구단위계획구역,1,0,,제1종지구단위계획구역,20221008
경상남도 양산시 중부동 662-3번지,48330,10300,0,0662,0003,12643970,,,,1,용도지역코드,1022,제2종일반주거지역,1,0,,제2종일반주거지역,20221008
경상남도 양산시 중부동 662-3번지,48330,10300,0,0662,0003,12643970,,,,2,용도지구코드,160,택지개발지구,1,0,,택지개발지구,20221008
경상남도 양산시 중부동 662-3번지,48330,10300,0,0662,0003,12643970,,,,3,용도구역코드,290,도시설계구역,1,0,,도시설계구역,20221008
경상남도 양산시 중부동 662-4번지,48330,10300,0,0662,0004,12645789,,,,1,용도지역코드,1022,제2종일반주거지역,1,0,,제2종일반주거지역,20221008
경상남도 양산시 중부동 662-4번지,48330,10300,0,0662,0004,12645789,,,,3,용도구역코드,300,지구단위계획구역,1,0,,지구단위계획구역,20221008
경상남도 양산시 중부동 662-5번지,48330,10300,0,0662,0005,1264100024431,,,,3,용도구역코드,UQQ310,제1종지구단위계획구역,1,0,,제1종지구단위계획구역,20221008
경상남도 양산시 중부동 662-5번지,48330,10300,0,0662,0005,1264100024431,,,,1,용도지역코드,UQA121,제1종일반주거지역,1,0,,제1종일반주거지역,20221008
경상남도 양산시 중부동 662-6번지,48330,10300,0,0662,0006,12644074,,,,1,용도지역코드,1022,제2종일반주거지역,1,0,,제2종일반주거지역,20221008
경상남도 양산시 중부동 662-6번지,48330,10300,0,0662,0006,12644074,,,,2,용도지구코드,160,택지개발지구,1,0,,택지개발지구,20221008
경상남도 양산시 중부동 662-6번지,48330,10300,0,0662,0006,12644074,,,,3,용도구역코드,300,지구단위계획구역,1,0,,지구단위계획구역,20221008
경상남도 양산시 중부동 662-7번지,48330,10300,0,0662,0007,12644610,,,,1,용도지역코드,1022,제2종일반주거지역,1,0,,제2종일반주거지역,20221008
경상남도 양산시 중부동 662-7번지,48330,10300,0,0662,0007,12644610,,,,2,용도지구코드,160,택지개발지구,1,0,,택지개발지구,20221008
경상남도 양산시 중부동 662-7번지,48330,10300,0,0662,0007,12644610,,,,3,용도구역코드,300,지구단위계획구역,1,0,,지구단위계획구역,20221008
경상남도 양산시 중부동 662-8번지,48330,10300,0,0662,0008,12643190,,,,1,용도지역코드,1020,일반주거지역,1,0,,일반주거지역,20221008
경상남도 양산시 중부동 662-8번지,48330,10300,0,0662,0008,12643190,,,,2,용도지구코드,210,도시설계지구,1,0,,도시설계지구,20221008
경상남도 양산시 중부동 662-9번지,48330,10300,0,0662,0009,1264100007651,,,,1,용도지역코드,1021,제1종일반주거지역,1,0,,제1종일반주거지역,20221008
경상남도 양산시 중부동 662-9번지,48330,10300,0,0662,0009,12643667,,,,1,용도지역코드,1020,일반주거지역,1,0,,일반주거지역,20221008
경상남도 양산시 중부동 662-9번지,48330,10300,0,0662,0009,12643667,,,,2,용도지구코드,160,택지개발지구,1,0,,택지개발지구,20221008
경상남도 양산시 중부동 662-9번지,48330,10300,0,0662,0009,12643667,,,,3,용도구역코드,290,도시설계구역,1,0,,도시설계구역,20221008
경상남도 양산시 중부동 662-12번지,48330,10300,0,0662,0012,12648251,,,,1,용도지역코드,1021,제1종일반주거지역,1,0,,제1종일반주거지역,20221008
경상남도 양산시 중부동 662-12번지,48330,10300,0,0662,0012,12648251,,,,3,용도구역코드,301,제1종지구단위계획구역,1,0,,제1종지구단위계획구역,20221008
경상남도 양산시 중부동 662-12번지,48330,10300,0,0662,0012,12648251,,,,3,용도구역코드,010,도시계획구역,0,0,,도시계획구역,20221008
경상남도 양산시 중부동 662-12번지,48330,10300,0,0662,0012,12643592,,,,1,용도지역코드,1020,일반주거지역,1,0,,일반주거지역,20221008
경상남도 양산시 중부동 662-13번지,48330,10300,0,0662,0013,12649406,,,,1,용도지역코드,1021,제1종일반주거지역,1,0,,제1종일반주거지역,20221008
경상남도 양산시 중부동 662-13번지,48330,10300,0,0662,0013,12649406,,,,3,용도구역코드,301,제1종지구단위계획구역,1,0,,제1종지구단위계획구역,20221008
경상남도 양산시 중부동 662-14번지,48330,10300,0,0662,0014,12643816,,,,1,용도지역코드,1020,일반주거지역,1,0,,일반주거지역,20221008
경상남도 양산시 중부동 662-14번지,48330,10300,0,0662,0014,12643816,,,,2,용도지구코드,160,택지개발지구,1,0,,택지개발지구,20221008
경상남도 양산시 중부동 662-14번지,48330,10300,0,0662,0014,12643816,,,,3,용도구역코드,290,도시설계구역,1,0,,도시설계구역,20221008
경상남도 양산시 중부동 662-15번지,48330,10300,0,0662,0015,12643850,,,,1,용도지역코드,1020,일반주거지역,1,0,,일반주거지역,20221008
경상남도 양산시 중부동 662-15번지,48330,10300,0,0662,0015,12643850,,,,2,용도지구코드,160,택지개발지구,1,0,,택지개발지구,20221008
경상남도 양산시 중부동 662-15번지,48330,10300,0,0662,0015,12643850,,,,3,용도구역코드,290,도시설계구역,1,0,,도시설계구역,20221008
경상남도 양산시 중부동 662-16번지,48330,10300,0,0662,0016,1264100006663,,,,1,용도지역코드,1021,제1종일반주거지역,1,0,,제1종일반주거지역,20221008
경상남도 양산시 중부동 662-16번지,48330,10300,0,0662,0016,1264100006663,,,,3,용도구역코드,301,제1종지구단위계획구역,1,0,,제1종지구단위계획구역,20221008
경상남도 양산시 중부동 662-16번지,48330,10300,0,0662,0016,12643881,,,,1,용도지역코드,1020,일반주거지역,1,0,,일반주거지역,20221008
경상남도 양산시 중부동 662-16번지,48330,10300,0,0662,0016,12643881,,,,2,용도지구코드,160,택지개발지구,1,0,,택지개발지구,20221008
경상남도 양산시 중부동 662-16번지,48330,10300,0,0662,0016,12643881,,,,3,용도구역코드,290,도시설계구역,1,0,,도시설계구역,20221008
경상남도 양산시 중부동 662-17번지,48330,10300,0,0662,0017,12645307,,,,1,용도지역코드,1022,제2종일반주거지역,1,0,,제2종일반주거지역,20221008
경상남도 양산시 중부동 662-17번지,48330,10300,0,0662,0017,12645307,,,,2,용도지구코드,160,택지개발지구,1,0,,택지개발지구,20221008
경상남도 양산시 중부동 662-17번지,48330,10300,0,0662,0017,12645307,,,,3,용도구역코드,300,지구단위계획구역,1,0,,지구단위계획구역,20221008
경상남도 양산시 중부동 662-17번지,48330,10300,0,0662,0017,1000000000000000846579,,,,1,용도지역코드,UQA121,제1종일반주거지역,1,0,,제1종일반주거지역,20251121
경상남도 양산시 중부동 662-17번지,48330,10300,0,0662,0017,1000000000000000846579,,,,3,용도구역코드,UQQ310,제1종지구단위계획구역,1,0,,제1종지구단위계획구역,20251121
경상남도 양산시 중부동 662-18번지,48330,10300,0,0662,0018,12643992,,,,1,용도지역코드,1022,제2종일반주거지역,1,0,,제2종일반주거지역,20221008
경상남도 양산시 중부동 662-18번지,48330,10300,0,0662,0018,12643992,,,,2,용도지구코드,160,택지개발지구,1,0,,택지개발지구,20221008
경상남도 양산시 중부동 662-18번지,48330,10300,0,0662,0018,12643992,,,,3,용도구역코드,290,도시설계구역,1,0,,도시설계구역,20221008
경상남도 양산시 중부동 662-19번지,48330,10300,0,0662,0019,12644672,,,,1,용도지역코드,1022,제2종일반주거지역,1,0,,제2종일반주거지역,20221008
경상남도 양산시 중부동 662-19번지,48330,10300,0,0662,0019,12644672,,,,2,용도지구코드,160,택지개발지구,1,0,,택지개발지구,20221008
경상남도 양산시 중부동 662-19번지,48330,10300,0,0662,0019,12644672,,,,3,용도구역코드,300,지구단위계획구역,1,0,,지구단위계획구역,20221008
경상남도 양산시 중부동 662-20번지,48330,10300,0,0662,0020,1264100031200,,,,1,용도지역코드,UQA121,제1종일반주거지역,1,0,,제1종일반주거지역,20221008
경상남도 양산시 중부동 662-20번지,48330,10300,0,0662,0020,1264100031200,,,,3,용도구역코드,UQQ310,제1종지구단위계획구역,1,0,,제1종지구단위계획구역,20221008
경상남도 양산시 중부동 662-21번지,48330,10300,0,0662,0021,1264100043866,,,,1,용도지역코드,UQA121,제1종일반주거지역,1,0,,제1종일반주거지역,20221008
경상남도 양산시 중부동 662-21번지,48330,10300,0,0662,0021,12645008,,,,1,용도지역코드,1022,제2종일반주거지역,1,0,,제2종일반주거지역,20221008
경상남도 양산시 중부동 662-21번지,48330,10300,0,0662,0021,12645008,,,,2,용도지구코드,160,택지개발지구,1,0,,택지개발지구,20221008
경상남도 양산시 중부동 662-21번지,48330,10300,0,0662,0021,12645008,,,,3,용도구역코드,301,제1종지구단위계획구역,1,0,,제1종지구단위계획구역,20221008
경상남도 양산시 중부동 662-21번지,48330,10300,0,0662,0021,1264100136083,,,,1,용도지역코드,UQA121,제1종일반주거지역,1,0,,제1종일반주거지역,20221008
경상남도 양산시 중부동 662-21번지,48330,10300,0,0662,0021,1264100136083,,,,3,용도구역코드,UQQ310,제1종지구단위계획구역,1,0,,제1종지구단위계획구역,20221008
경상남도 양산시 중부동 662-22번지,48330,10300,0,0662,0022,1264100027691,,,,1,용도지역코드,UQA121,제1종일반주거지역,1,0,,제1종일반주거지역,20221008
경상남도 양산시 중부동 662-22번지,48330,10300,0,0662,0022,1264100027691,,,,3,용도구역코드,UQQ310,제1종지구단위계획구역,1,0,,제1종지구단위계획구역,20221008
경상남도 양산시 중부동 662-23번지,48330,10300,0,0662,0023,12643801,,,,1,용도지역코드,1020,일반주거지역,1,0,,일반주거지역,20221008
경상남도 양산시 중부동 662-23번지,48330,10300,0,0662,0023,12643801,,,,2,용도지구코드,160,택지개발지구,1,0,,택지개발지구,20221008
경상남도 양산시 중부동 663-1번지,48330,10300,0,0663,0001,12643167,,,,1,용도지역코드,1020,일반주거지역,1,0,,일반주거지역,20221008
경상남도 양산시 중부동 663-1번지,48330,10300,0,0663,0001,12643167,,,,2,용도지구코드,210,도시설계지구,1,0,,도시설계지구,20221008
경상남도 양산시 중부동 663-2번지,48330,10300,0,0663,0002,1264100031038,,,,1,용도지역코드,UQA121,제1종일반주거지역,1,0,,제1종일반주거지역,20221008
경상남도 양산시 중부동 663-2번지,48330,10300,0,0663,0002,1264100031038,,,,3,용도구역코드,UQQ310,제1종지구단위계획구역,1,0,,제1종지구단위계획구역,20221008
경상남도 양산시 중부동 663-2번지,48330,10300,0,0663,0002,1264100031038,,,,3,용도구역코드,UOA120,상대보호구역,0,0,,상대정화구역,20221008
경상남도 양산시 중부동 663-3번지,48330,10300,0,0663,0003,1264100030196,,,,1,용도지역코드,UQA121,제1종일반주거지역,1,0,,제1종일반주거지역,20221008
경상남도 양산시 중부동 663-3번지,48330,10300,0,0663,0003,1264100030196,,,,3,용도구역코드,UQQ310,제1종지구단위계획구역,1,0,,제1종지구단위계획구역,20221008
경상남도 양산시 중부동 663-3번지,48330,10300,0,0663,0003,1264100030196,,,,3,용도구역코드,UOA120,상대보호구역,0,0,,상대정화구역,20221008
경상남도 양산시 중부동 663-4번지,48330,10300,0,0663,0004,1264100030036,,,,1,용도지역코드,UQA121,제1종일반주거지역,1,0,,제1종일반주거지역,20221008
경상남도 양산시 중부동 663-4번지,48330,10300,0,0663,0004,1264100030036,,,,3,용도구역코드,UQQ310,제1종지구단위계획구역,1,0,,제1종지구단위계획구역,20221008
경상남도 양산시 중부동 663-5번지,48330,10300,0,0663,0005,12644895,,,,1,용도지역코드,1022,제2종일반주거지역,1,0,,제2종일반주거지역,20221008
경상남도 양산시 중부동 663-5번지,48330,10300,0,0663,0005,12644895,,,,2,용도지구코드,160,택지개발지구,1,0,,택지개발지구,20221008
경상남도 양산시 중부동 663-5번지,48330,10300,0,0663,0005,12644895,,,,3,용도구역코드,300,지구단위계획구역,1,0,,지구단위계획구역,20221008
경상남도 양산시 중부동 663-6번지,48330,10300,0,0663,0006,12644631,,,,1,용도지역코드,1022,제2종일반주거지역,1,0,,제2종일반주거지역,20221008
경상남도 양산시 중부동 663-6번지,48330,10300,0,0663,0006,12644631,,,,2,용도지구코드,160,택지개발지구,1,0,,택지개발지구,20221008
경상남도 양산시 중부동 663-6번지,48330,10300,0,0663,0006,12644631,,,,3,용도구역코드,300,지구단위계획구역,1,0,,지구단위계획구역,20221008
경상남도 양산시 중부동 663-7번지,48330,10300,0,0663,0007,12644528,,,,1,용도지역코드,1022,제2종일반주거지역,1,0,,제2종일반주거지역,20221008
경상남도 양산시 중부동 663-7번지,48330,10300,0,0663,0007,12644528,,,,2,용도지구코드,160,택지개발지구,1,0,,택지개발지구,20221008
경상남도 양산시 중부동 663-7번지,48330,10300,0,0663,0007,12644528,,,,3,용도구역코드,300,지구단위계획구역,1,0,,지구단위계획구역,20221008
경상남도 양산시 중부동 663-8번지,48330,10300,0,0663,0008,12644529,,,,1,용도지역코드,1022,제2종일반주거지역,1,0,,제2종일반주거지역,20221008
경상남도 양산시 중부동 663-8번지,48330,10300,0,0663,0008,12644529,,,,2,용도지구코드,160,택지개발지구,1,0,,택지개발지구,20221008
경상남도 양산시 중부동 663-8번지,48330,10300,0,0663,0008,12644529,,,,3,용도구역코드,300,지구단위계획구역,1,0,,지구단위계획구역,20221008
경상남도 양산시 중부동 663-9번지,48330,10300,0,0663,0009,1264100045365,,,,1,용도지역코드,UQA121,제1종일반주거지역,1,0,,제1종일반주거지역,20221008
경상남도 양산시 중부동 663-9번지,48330,10300,0,0663,0009,1264100045365,,,,3,용도구역코드,UQQ310,제1종지구단위계획구역,1,0,,제1종지구단위계획구역,20221008
경상남도 양산시 중부동 663-9번지,48330,10300,0,0663,0009,1264100045365,,,,3,용도구역코드,UOA120,상대보호구역,0,0,,상대정화구역,20221008
경상남도 양산시 중부동 663-10번지,48330,10300,0,0663,0010,12643635,,,,1,용도지역코드,1020,일반주거지역,1,0,,일반주거지역,20221008
경상남도 양산시 중부동 663-10번지,48330,10300,0,0663,0010,12643635,,,,2,용도지구코드,160,택지개발지구,1,0,,택지개발지구,20221008
경상남도 양산시 중부동 663-10번지,48330,10300,0,0663,0010,12643635,,,,3,용도구역코드,290,도시설계구역,1,0,,도시설계구역,20221008
경상남도 양산시 중부동 663-11번지,48330,10300,0,0663,0011,12643186,,,,1,용도지역코드,1020,일반주거지역,1,0,,일반주거지역,20221008
경상남도 양산시 중부동 663-11번지,48330,10300,0,0663,0011,12643186,,,,2,용도지구코드,210,도시설계지구,1,0,,도시설계지구,20221008
경상남도 양산시 중부동 663-12번지,48330,10300,0,0663,0012,12648135,,,,1,용도지역코드,1021,제1종일반주거지역,1,0,,제1종일반주거지역,20221008
경상남도 양산시 중부동 663-12번지,48330,10300,0,0663,0012,12648135,,,,3,용도구역코드,301,제1종지구단위계획구역,1,0,,제1종지구단위계획구역,20221008
경상남도 양산시 중부동 663-12번지,48330,10300,0,0663,0012,12649598,,,,1,용도지역코드,1021,제1종일반주거지역,1,0,,제1종일반주거지역,20221008
경상남도 양산시 중부동 663-12번지,48330,10300,0,0663,0012,12649598,,,,3,용도구역코드,301,제1종지구단위계획구역,1,0,,제1종지구단위계획구역,20221008
경상남도 양산시 중부동 663-14번지,48330,10300,0,0663,0014,1264100049925,,,,1,용도지역코드,UQA121,제1종일반주거지역,1,0,,제1종일반주거지역,20221008
경상남도 양산시 중부동 663-14번지,48330,10300,0,0663,0014,1264100049925,,,,3,용도구역코드,UQQ310,제1종지구단위계획구역,1,0,,제1종지구단위계획구역,20221008
경상남도 양산시 중부동 663-14번지,48330,10300,0,0663,0014,1264100049925,,,,3,용도구역코드,UOA120,상대보호구역,0,0,,상대정화구역,20221008
경상남도 양산시 중부동 663-15번지,48330,10300,0,0663,0015,1264100039576,,,,1,용도지역코드,UQA121,제1종일반주거지역,1,0,,제1종일반주거지역,20221008
경상남도 양산시 중부동 663-15번지,48330,10300,0,0663,0015,1264100039576,,,,3,용도구역코드,UQQ310,제1종지구단위계획구역,1,0,,제1종지구단위계획구역,20221008
경상남도 양산시 중부동 663-15번지,48330,10300,0,0663,0015,1264100039576,,,,3,용도구역코드,UOA120,상대보호구역,0,0,,상대정화구역,20221008
경상남도 양산시 중부동 663-16번지,48330,10300,0,0663,0016,12645276,,,,1,용도지역코드,1022,제2종일반주거지역,1,0,,제2종일반주거지역,20221008
경상남도 양산시 중부동 663-16번지,48330,10300,0,0663,0016,12645276,,,,2,용도지구코드,160,택지개발지구,1,0,,택지개발지구,20221008
경상남도 양산시 중부동 663-16번지,48330,10300,0,0663,0016,12645276,,,,3,용도구역코드,300,지구단위계획구역,1,0,,지구단위계획구역,20221008
경상남도 양산시 중부동 663-17번지,48330,10300,0,0663,0017,12644938,,,,1,용도지역코드,1022,제2종일반주거지역,1,0,,제2종일반주거지역,20221008
경상남도 양산시 중부동 663-17번지,48330,10300,0,0663,0017,12644938,,,,2,용도지구코드,160,택지개발지구,1,0,,택지개발지구,20221008
경상남도 양산시 중부동 663-17번지,48330,10300,0,0663,0017,12644938,,,,3,용도구역코드,300,지구단위계획구역,1,0,,지구단위계획구역,20221008
경상남도 양산시 중부동 663-18번지,48330,10300,0,0663,0018,12644552,,,,3,용도구역코드,300,지구단위계획구역,1,0,,지구단위계획구역,20221008
경상남도 양산시 중부동 663-18번지,48330,10300,0,0663,0018,12644552,,,,1,용도지역코드,1022,제2종일반주거지역,1,0,,제2종일반주거지역,20221008
경상남도 양산시 중부동 663-18번지,48330,10300,0,0663,0018,12644552,,,,2,용도지구코드,160,택지개발지구,1,0,,택지개발지구,20221008
경상남도 양산시 중부동 663-19번지,48330,10300,0,0663,0019,1264100020823,,,,1,용도지역코드,1021,제1종일반주거지역,1,0,,제1종일반주거지역,20221008
경상남도 양산시 중부동 663-19번지,48330,10300,0,0663,0019,1264100020823,,,,3,용도구역코드,301,제1종지구단위계획구역,1,0,,제1종지구단위계획구역,20221008
경상남도 양산시 중부동 663-19번지,48330,10300,0,0663,0019,1264100020823,,,,3,용도구역코드,271,절대정화구역,0,0,,절대정화구역,20221008
경상남도 양산시 중부동 663-19번지,48330,10300,0,0663,0019,1264100020823,,,,3,용도구역코드,272,상대정화구역,0,0,,상대정화구역,20221008
경상남도 양산시 중부동 664-2번지,48330,10300,0,0664,0002,12644706,,,,1,용도지역코드,1022,제2종일반주거지역,1,0,,제2종일반주거지역,20221008
경상남도 양산시 중부동 664-2번지,48330,10300,0,0664,0002,12644706,,,,2,용도지구코드,160,택지개발지구,1,0,,택지개발지구,20221008
경상남도 양산시 중부동 664-2번지,48330,10300,0,0664,0002,12644706,,,,3,용도구역코드,300,지구단위계획구역,1,0,,지구단위계획구역,20221008
경상남도 양산시 중부동 664-4번지,48330,10300,0,0664,0004,12645637,,,,1,용도지역코드,1022,제2종일반주거지역,1,0,,제2종일반주거지역,20221008
경상남도 양산시 중부동 664-4번지,48330,10300,0,0664,0004,12645637,,,,2,용도지구코드,160,택지개발지구,1,0,,택지개발지구,20221008
경상남도 양산시 중부동 664-4번지,48330,10300,0,0664,0004,12645637,,,,3,용도구역코드,300,지구단위계획구역,1,0,,지구단위계획구역,20221008
경상남도 양산시 중부동 664-5번지,48330,10300,0,0664,0005,1264100040287,,,,1,용도지역코드,UQA121,제1종일반주거지역,1,0,,제1종일반주거지역,20221008
경상남도 양산시 중부동 664-5번지,48330,10300,0,0664,0005,1264100040287,,,,3,용도구역코드,UQQ310,제1종지구단위계획구역,1,0,,제1종지구단위계획구역,20221008
경상남도 양산시 중부동 664-5번지,48330,10300,0,0664,0005,1264100040287,,,,3,용도구역코드,UOA120,상대보호구역,0,0,,상대정화구역,20221008
경상남도 양산시 중부동 664-5번지,48330,10300,0,0664,0005,1264100040287,,,,3,용도구역코드,UOA110,절대정화구역,0,0,,절대정화구역,20221008
경상남도 양산시 중부동 664-6번지,48330,10300,0,0664,0006,12645835,,,,1,용도지역코드,1022,제2종일반주거지역,1,0,,제2종일반주거지역,20221008
경상남도 양산시 중부동 664-6번지,48330,10300,0,0664,0006,12645835,,,,2,용도지구코드,160,택지개발지구,1,0,,택지개발지구,20221008
경상남도 양산시 중부동 664-6번지,48330,10300,0,0664,0006,12645835,,,,3,용도구역코드,300,지구단위계획구역,1,0,,지구단위계획구역,20221008
경상남도 양산시 중부동 664-7번지,48330,10300,0,0664,0007,12643153,,,,1,용도지역코드,1020,일반주거지역,1,0,,일반주거지역,20221008
경상남도 양산시 중부동 664-7번지,48330,10300,0,0664,0007,12643153,,,,2,용도지구코드,160,택지개발지구,1,0,,택지개발지구,20221008
경상남도 양산시 중부동 664-7번지,48330,10300,0,0664,0007,12643153,,,,3,용도구역코드,290,도시설계구역,1,0,,도시설계구역,20221008
경상남도 양산시 중부동 664-8번지,48330,10300,0,0664,0008,12643930,,,,1,용도지역코드,1022,제2종일반주거지역,1,0,,제2종일반주거지역,20221008
경상남도 양산시 중부동 664-8번지,48330,10300,0,0664,0008,12643930,,,,2,용도지구코드,160,택지개발지구,1,0,,택지개발지구,20221008
경상남도 양산시 중부동 664-8번지,48330,10300,0,0664,0008,12643930,,,,3,용도구역코드,290,도시설계구역,1,0,,도시설계구역,20221008
경상남도 양산시 중부동 664-9번지,48330,10300,0,0664,0009,12643598,,,,1,용도지역코드,1020,일반주거지역,1,0,,일반주거지역,20221008
경상남도 양산시 중부동 664-9번지,48330,10300,0,0664,0009,12643598,,,,2,용도지구코드,160,택지개발지구,1,0,,택지개발지구,20221008
경상남도 양산시 중부동 664-11번지,48330,10300,0,0664,0011,1264100029451,,,,1,용도지역코드,UQA121,제1종일반주거지역,1,0,,제1종일반주거지역,20221008
경상남도 양산시 중부동 664-11번지,48330,10300,0,0664,0011,1264100029451,,,,3,용도구역코드,UQQ310,제1종지구단위계획구역,1,0,,제1종지구단위계획구역,20221008
경상남도 양산시 중부동 664-12번지,48330,10300,0,0664,0012,1264100025413,,,,1,용도지역코드,UQA121,제1종일반주거지역,1,0,,제1종일반주거지역,20221008
경상남도 양산시 중부동 664-12번지,48330,10300,0,0664,0012,1264100025413,,,,3,용도구역코드,UQQ310,제1종지구단위계획구역,1,0,,제1종지구단위계획구역,20221008
경상남도 양산시 중부동 664-13번지,48330,10300,0,0664,0013,12645803,,,,1,용도지역코드,1022,제2종일반주거지역,1,0,,제2종일반주거지역,20221008
경상남도 양산시 중부동 664-13번지,48330,10300,0,0664,0013,12645803,,,,3,용도구역코드,290,도시설계구역,1,0,,도시설계구역,20221008
경상남도 양산시 중부동 664-14번지,48330,10300,0,0664,0014,1264100084721,,,,1,용도지역코드,UQA121,제1종일반주거지역,1,0,,제1종일반주거지역,20221008
경상남도 양산시 중부동 664-14번지,48330,10300,0,0664,0014,1264100084721,,,,3,용도구역코드,UQQ310,제1종지구단위계획구역,1,0,,제1종지구단위계획구역,20221008
경상남도 양산시 중부동 664-15번지,48330,10300,0,0664,0015,12644751,,,,1,용도지역코드,1022,제2종일반주거지역,1,0,,제2종일반주거지역,20221008
경상남도 양산시 중부동 664-15번지,48330,10300,0,0664,0015,12644751,,,,2,용도지구코드,160,택지개발지구,1,0,,택지개발지구,20221008
경상남도 양산시 중부동 664-15번지,48330,10300,0,0664,0015,12644751,,,,3,용도구역코드,300,지구단위계획구역,1,0,,지구단위계획구역,20221008
경상남도 양산시 중부동 665-1번지,48330,10300,0,0665,0001,12643288,,,,1,용도지역코드,1020,일반주거지역,1,0,,일반주거지역,20221008
경상남도 양산시 중부동 665-1번지,48330,10300,0,0665,0001,12643288,,,,2,용도지구코드,160,택지개발지구,1,0,,택지개발지구,20221008
경상남도 양산시 중부동 665-1번지,48330,10300,0,0665,0001,12643288,,,,3,용도구역코드,010,도시계획구역,1,0,,도시계획구역,20221008
경상남도 양산시 중부동 665-1번지,48330,10300,0,0665,0001,12643288,,,,3,용도구역코드,290,도시설계구역,0,0,,도시설계구역,20221008
경상남도 양산시 중부동 665-2번지,48330,10300,0,0665,0002,12644595,,,,1,용도지역코드,1022,제2종일반주거지역,1,0,,제2종일반주거지역,20221008
경상남도 양산시 중부동 665-2번지,48330,10300,0,0665,0002,12644595,,,,2,용도지구코드,160,택지개발지구,1,0,,택지개발지구,20221008
경상남도 양산시 중부동 665-2번지,48330,10300,0,0665,0002,12644595,,,,3,용도구역코드,300,지구단위계획구역,1,0,,지구단위계획구역,20221008
경상남도 양산시 중부동 665-3번지,48330,10300,0,0665,0003,1264100024649,,,,1,용도지역코드,UQA121,제1종일반주거지역,1,0,,제1종일반주거지역,20221008
경상남도 양산시 중부동 665-3번지,48330,10300,0,0665,0003,1264100024649,,,,3,용도구역코드,UQQ310,제1종지구단위계획구역,1,0,,제1종지구단위계획구역,20221008
경상남도 양산시 중부동 665-3번지,48330,10300,0,0665,0003,1264100024649,,,,3,용도구역코드,UOA120,상대보호구역,0,0,,상대정화구역,20221008
경상남도 양산시 중부동 665-5번지,48330,10300,0,0665,0005,12646445,,,,1,용도지역코드,1021,제1종일반주거지역,1,0,,제1종일반주거지역,20221008
경상남도 양산시 중부동 665-5번지,48330,10300,0,0665,0005,12646445,,,,3,용도구역코드,301,제1종지구단위계획구역,1,0,,제1종지구단위계획구역,20221008
경상남도 양산시 중부동 665-6번지,48330,10300,0,0665,0006,1264100084344,,,,1,용도지역코드,UQA121,제1종일반주거지역,1,0,,제1종일반주거지역,20221008
경상남도 양산시 중부동 665-6번지,48330,10300,0,0665,0006,1264100084344,,,,3,용도구역코드,UQQ310,제1종지구단위계획구역,1,0,,제1종지구단위계획구역,20221008
경상남도 양산시 중부동 665-6번지,48330,10300,0,0665,0006,1264100084344,,,,3,용도구역코드,UOA120,상대보호구역,0,0,,상대정화구역,20221008
경상남도 양산시 중부동 665-6번지,48330,10300,0,0665,0006,1264100024690,,,,1,용도지역코드,UQA121,제1종일반주거지역,1,0,,제1종일반주거지역,20221008
경상남도 양산시 중부동 665-6번지,48330,10300,0,0665,0006,1264100024690,,,,3,용도구역코드,UQQ310,제1종지구단위계획구역,1,0,,제1종지구단위계획구역,20221008
경상남도 양산시 중부동 665-6번지,48330,10300,0,0665,0006,1264100024690,,,,3,용도구역코드,UOA120,상대보호구역,0,0,,상대정화구역,20221008
경상남도 양산시 중부동 665-7번지,48330,10300,0,0665,0007,12646446,,,,3,용도구역코드,300,지구단위계획구역,1,0,,지구단위계획구역,20221008
경상남도 양산시 중부동 665-7번지,48330,10300,0,0665,0007,12646446,,,,1,용도지역코드,1022,제2종일반주거지역,1,0,,제2종일반주거지역,20221008
경상남도 양산시 중부동 665-7번지,48330,10300,0,0665,0007,12646446,,,,2,용도지구코드,160,택지개발지구,1,0,,택지개발지구,20221008
경상남도 양산시 중부동 665-7번지,48330,10300,0,0665,0007,12642965,,,,1,용도지역코드,1020,일반주거지역,1,0,,일반주거지역,20221008
경상남도 양산시 중부동 665-7번지,48330,10300,0,0665,0007,12642965,,,,2,용도지구코드,210,도시설계지구,1,0,,도시설계지구,20221008
경상남도 양산시 중부동 665-7번지,48330,10300,0,0665,0007,12642965,,,,3,용도구역코드,300,지구단위계획구역,1,0,,지구단위계획구역,20221008
경상남도 양산시 중부동 665-8번지,48330,10300,0,0665,0008,12643928,,,,1,용도지역코드,1020,일반주거지역,1,0,,일반주거지역,20221008
경상남도 양산시 중부동 665-8번지,48330,10300,0,0665,0008,12643928,,,,2,용도지구코드,160,택지개발지구,1,0,,택지개발지구,20221008
경상남도 양산시 중부동 665-8번지,48330,10300,0,0665,0008,12643928,,,,3,용도구역코드,290,도시설계구역,1,0,,도시설계구역,20221008
경상남도 양산시 중부동 665-12번지,48330,10300,0,0665,0012,1264100020441,,,,3,용도구역코드,301,제1종지구단위계획구역,1,0,,제1종지구단위계획구역,20221008
경상남도 양산시 중부동 665-12번지,48330,10300,0,0665,0012,1264100020441,,,,3,용도구역코드,272,상대정화구역,0,0,,상대정화구역,20221008
경상남도 양산시 중부동 665-12번지,48330,10300,0,0665,0012,1264100020441,,,,1,용도지역코드,1021,제1종일반주거지역,1,0,,제1종일반주거지역,20221008
경상남도 양산시 중부동 665-13번지,48330,10300,0,0665,0013,12643984,,,,1,용도지역코드,1022,제2종일반주거지역,1,0,,제2종일반주거지역,20221008
경상남도 양산시 중부동 665-13번지,48330,10300,0,0665,0013,12643984,,,,2,용도지구코드,160,택지개발지구,1,0,,택지개발지구,20221008
경상남도 양산시 중부동 665-13번지,48330,10300,0,0665,0013,12643984,,,,3,용도구역코드,290,도시설계구역,1,0,,도시설계구역,20221008
경상남도 양산시 중부동 665-14번지,48330,10300,0,0665,0014,12643706,,,,1,용도지역코드,1020,일반주거지역,1,0,,일반주거지역,20221008
경상남도 양산시 중부동 665-14번지,48330,10300,0,0665,0014,12643706,,,,2,용도지구코드,160,택지개발지구,1,0,,택지개발지구,20221008
경상남도 양산시 중부동 665-14번지,48330,10300,0,0665,0014,12643706,,,,3,용도구역코드,290,도시설계구역,1,0,,도시설계구역,20221008
경상남도 양산시 중부동 665-15번지,48330,10300,0,0665,0015,12643931,,,,1,용도지역코드,1022,제2종일반주거지역,1,0,,제2종일반주거지역,20221008
경상남도 양산시 중부동 665-15번지,48330,10300,0,0665,0015,12643931,,,,2,용도지구코드,160,택지개발지구,1,0,,택지개발지구,20221008
경상남도 양산시 중부동 665-15번지,48330,10300,0,0665,0015,12643931,,,,3,용도구역코드,290,도시설계구역,1,0,,도시설계구역,20221008
경상남도 양산시 중부동 665-16번지,48330,10300,0,0665,0016,12643735,,,,1,용도지역코드,1020,일반주거지역,1,0,,일반주거지역,20221008
경상남도 양산시 중부동 665-16번지,48330,10300,0,0665,0016,12643735,,,,2,용도지구코드,160,택지개발지구,1,0,,택지개발지구,20221008
경상남도 양산시 중부동 665-16번지,48330,10300,0,0665,0016,12643735,,,,3,용도구역코드,290,도시설계구역,1,0,,도시설계구역,20221008
경상남도 양산시 중부동 666-1번지,48330,10300,0,0666,0001,12644465,,,,1,용도지역코드,1022,제2종일반주거지역,1,0,,제2종일반주거지역,20221008
경상남도 양산시 중부동 666-2번지,48330,10300,0,0666,0002,12648219,,,,1,용도지역코드,1021,제1종일반주거지역,1,0,,제1종일반주거지역,20221008
경상남도 양산시 중부동 666-2번지,48330,10300,0,0666,0002,12648219,,,,3,용도구역코드,010,도시계획구역,0,0,,도시계획구역,20221008
경상남도 양산시 중부동 666-2번지,48330,10300,0,0666,0002,12648219,,,,3,용도구역코드,301,제1종지구단위계획구역,1,0,,제1종지구단위계획구역,20221008
경상남도 양산시 중부동 667-1번지,48330,10300,0,0667,0001,12643250,,,,1,용도지역코드,1020,일반주거지역,1,0,,일반주거지역,20221008
경상남도 양산시 중부동 667-2번지,48330,10300,0,0667,0002,1264100152774,,,,1,용도지역코드,UQA130,준주거지역,1,0,,준주거지역,20221008
경상남도 양산시 중부동 667-2번지,48330,10300,0,0667,0002,1264100152774,,,,3,용도구역코드,UQQ310,제1종지구단위계획구역,1,0,,제1종지구단위계획구역,20221008
경상남도 양산시 중부동 667-2번지,48330,10300,0,0667,0002,1264100152774,,,,3,용도구역코드,UMZ100,가축사육제한구역,0,0,,가축사육제한구역,20221008
경상남도 양산시 중부동 667-2번지,48330,10300,0,0667,0002,1264100152774,,,,3,용도구역코드,UOA120,상대보호구역,0,0,,상대보호구역,20221008
경상남도 양산시 중부동 667-2번지,48330,10300,0,0667,0002,12644619,,,,1,용도지역코드,1022,제2종일반주거지역,1,0,,제2종일반주거지역,20221008
경상남도 양산시 중부동 667-2번지,48330,10300,0,0667,0002,12644619,,,,2,용도지구코드,160,택지개발지구,1,0,,택지개발지구,20221008
경상남도 양산시 중부동 667-2번지,48330,10300,0,0667,0002,12644619,,,,3,용도구역코드,300,지구단위계획구역,1,0,,지구단위계획구역,20221008
경상남도 양산시 중부동 667-3번지,48330,10300,0,0667,0003,12643826,,,,1,용도지역코드,1020,일반주거지역,1,0,,일반주거지역,20221008
경상남도 양산시 중부동 667-3번지,48330,10300,0,0667,0003,12643826,,,,2,용도지구코드,160,택지개발지구,1,0,,택지개발지구,20221008
경상남도 양산시 중부동 667-3번지,48330,10300,0,0667,0003,12643826,,,,3,용도구역코드,290,도시설계구역,1,0,,도시설계구역,20221008
경상남도 양산시 중부동 667-4번지,48330,10300,0,0667,0004,1264100136944,,,,1,용도지역코드,UQA130,준주거지역,1,0,,준주거지역,20221008
경상남도 양산시 중부동 667-4번지,48330,10300,0,0667,0004,1264100136944,,,,3,용도구역코드,UQQ310,제1종지구단위계획구역,1,0,,제1종지구단위계획구역,20221008
경상남도 양산시 중부동 667-4번지,48330,10300,0,0667,0004,1264100136945,,,,1,용도지역코드,UQA130,준주거지역,1,0,,준주거지역,20221008
경상남도 양산시 중부동 667-4번지,48330,10300,0,0667,0004,1264100136945,,,,3,용도구역코드,UQQ310,제1종지구단위계획구역,1,0,,제1종지구단위계획구역,20221008
경상남도 양산시 중부동 667-4번지,48330,10300,0,0667,0004,12643226,,,,1,용도지역코드,1020,일반주거지역,1,0,,일반주거지역,20221008
경상남도 양산시 중부동 667-5번지,48330,10300,0,0667,0005,12648098,,,,1,용도지역코드,1030,준주거지역,1,0,,준주거지역,20221008
경상남도 양산시 중부동 668-1번지,48330,10300,0,0668,0001,12644052,,,,1,용도지역코드,1022,제2종일반주거지역,1,0,,제2종일반주거지역,20221008
경상남도 양산시 중부동 668-1번지,48330,10300,0,0668,0001,12644052,,,,2,용도지구코드,160,택지개발지구,1,0,,택지개발지구,20221008
경상남도 양산시 중부동 668-1번지,48330,10300,0,0668,0001,12644052,,,,3,용도구역코드,300,지구단위계획구역,1,0,,지구단위계획구역,20221008
경상남도 양산시 중부동 668-2번지,48330,10300,0,0668,0002,12644795,,,,1,용도지역코드,1022,제2종일반주거지역,1,0,,제2종일반주거지역,20221008
경상남도 양산시 중부동 668-2번지,48330,10300,0,0668,0002,12644795,,,,2,용도지구코드,160,택지개발지구,1,0,,택지개발지구,20221008
경상남도 양산시 중부동 668-2번지,48330,10300,0,0668,0002,12644795,,,,3,용도구역코드,300,지구단위계획구역,1,0,,지구단위계획구역,20221008
경상남도 양산시 중부동 668-3번지,48330,10300,0,0668,0003,12645792,,,,1,용도지역코드,1022,제2종일반주거지역,1,0,,제2종일반주거지역,20221008
경상남도 양산시 중부동 668-3번지,48330,10300,0,0668,0003,12645792,,,,3,용도구역코드,300,지구단위계획구역,1,0,,지구단위계획구역,20221008
경상남도 양산시 중부동 668-4번지,48330,10300,0,0668,0004,12645531,,,,1,용도지역코드,1022,제2종일반주거지역,1,0,,제2종일반주거지역,20221008
경상남도 양산시 중부동 668-4번지,48330,10300,0,0668,0004,12645531,,,,2,용도지구코드,160,택지개발지구,1,0,,택지개발지구,20221008
경상남도 양산시 중부동 668-4번지,48330,10300,0,0668,0004,12645531,,,,3,용도구역코드,300,지구단위계획구역,1,0,,지구단위계획구역,20221008
경상남도 양산시 중부동 668-5번지,48330,10300,0,0668,0005,12643770,,,,1,용도지역코드,1020,일반주거지역,1,0,,일반주거지역,20221008
경상남도 양산시 중부동 668-5번지,48330,10300,0,0668,0005,12643770,,,,2,용도지구코드,160,택지개발지구,1,0,,택지개발지구,20221008
경상남도 양산시 중부동 668-5번지,48330,10300,0,0668,0005,12643770,,,,3,용도구역코드,290,도시설계구역,1,0,,도시설계구역,20221008
경상남도 양산시 중부동 668-6번지,48330,10300,0,0668,0006,12645722,,,,1,용도지역코드,1022,제2종일반주거지역,1,0,,제2종일반주거지역,20221008
경상남도 양산시 중부동 668-6번지,48330,10300,0,0668,0006,12645722,,,,2,용도지구코드,160,택지개발지구,1,0,,택지개발지구,20221008
경상남도 양산시 중부동 668-6번지,48330,10300,0,0668,0006,12645722,,,,3,용도구역코드,300,지구단위계획구역,1,0,,지구단위계획구역,20221008
경상남도 양산시 중부동 668-7번지,48330,10300,0,0668,0007,12644667,,,,1,용도지역코드,1022,제2종일반주거지역,1,0,,제2종일반주거지역,20221008
경상남도 양산시 중부동 668-7번지,48330,10300,0,0668,0007,12644667,,,,2,용도지구코드,160,택지개발지구,1,0,,택지개발지구,20221008
경상남도 양산시 중부동 668-7번지,48330,10300,0,0668,0007,12644667,,,,3,용도구역코드,300,지구단위계획구역,1,0,,지구단위계획구역,20221008
경상남도 양산시 중부동 668-8번지,48330,10300,0,0668,0008,12644624,,,,1,용도지역코드,1022,제2종일반주거지역,1,0,,제2종일반주거지역,20221008
경상남도 양산시 중부동 668-8번지,48330,10300,0,0668,0008,12644624,,,,2,용도지구코드,160,택지개발지구,1,0,,택지개발지구,20221008
경상남도 양산시 중부동 668-8번지,48330,10300,0,0668,0008,12644624,,,,3,용도구역코드,300,지구단위계획구역,1,0,,지구단위계획구역,20221008
경상남도 양산시 중부동 668-9번지,48330,10300,0,0668,0009,12645157,,,,1,용도지역코드,1022,제2종일반주거지역,1,0,,제2종일반주거지역,20221008
경상남도 양산시 중부동 668-9번지,48330,10300,0,0668,0009,12645157,,,,2,용도지구코드,160,택지개발지구,1,0,,택지개발지구,20221008
경상남도 양산시 중부동 668-9번지,48330,10300,0,0668,0009,12645157,,,,3,용도구역코드,300,지구단위계획구역,1,0,,지구단위계획구역,20221008
경상남도 양산시 중부동 668-9번지,48330,10300,0,0668,0009,12643634,,,,1,용도지역코드,1020,일반주거지역,1,0,,일반주거지역,20221008
경상남도 양산시 중부동 668-9번지,48330,10300,0,0668,0009,12643634,,,,2,용도지구코드,160,택지개발지구,1,0,,택지개발지구,20221008
경상남도 양산시 중부동 668-9번지,48330,10300,0,0668,0009,12643634,,,,3,용도구역코드,290,도시설계구역,1,0,,도시설계구역,20221008
경상남도 양산시 중부동 668-9번지,48330,10300,0,0668,0009,12643634,,,,3,용도구역코드,010,도시계획구역,0,0,,도시계획구역,20221008
경상남도 양산시 중부동 668-11번지,48330,10300,0,0668,0011,12644949,,,,1,용도지역코드,1022,제2종일반주거지역,1,0,,제2종일반주거지역,20221008
경상남도 양산시 중부동 668-11번지,48330,10300,0,0668,0011,12644949,,,,2,용도지구코드,160,택지개발지구,1,0,,택지개발지구,20221008
경상남도 양산시 중부동 668-11번지,48330,10300,0,0668,0011,12644949,,,,3,용도구역코드,300,지구단위계획구역,1,0,,지구단위계획구역,20221008
경상남도 양산시 중부동 668-12번지,48330,10300,0,0668,0012,1264100049385,,,,1,용도지역코드,UQA121,제1종일반주거지역,1,0,,제1종일반주거지역,20221008
경상남도 양산시 중부동 668-12번지,48330,10300,0,0668,0012,1264100049385,,,,3,용도구역코드,UQQ310,제1종지구단위계획구역,1,0,,제1종지구단위계획구역,20221008
경상남도 양산시 중부동 668-12번지,48330,10300,0,0668,0012,1264100049385,,,,3,용도구역코드,UOA120,상대보호구역,0,0,,상대정화구역,20221008
경상남도 양산시 중부동 668-14번지,48330,10300,0,0668,0014,1264100030780,,,,1,용도지역코드,UQA121,제1종일반주거지역,1,0,,제1종일반주거지역,20221008
경상남도 양산시 중부동 668-14번지,48330,10300,0,0668,0014,1264100030780,,,,3,용도구역코드,UQQ310,제1종지구단위계획구역,1,0,,제1종지구단위계획구역,20221008
경상남도 양산시 중부동 668-14번지,48330,10300,0,0668,0014,1264100030780,,,,3,용도구역코드,UOA120,상대보호구역,0,0,,상대정화구역,20221008
경상남도 양산시 중부동 669-1번지,48330,10300,0,0669,0001,12644615,,,,1,용도지역코드,1022,제2종일반주거지역,1,0,,제2종일반주거지역,20221008
경상남도 양산시 중부동 669-1번지,48330,10300,0,0669,0001,12644615,,,,2,용도지구코드,160,택지개발지구,1,0,,택지개발지구,20221008
경상남도 양산시 중부동 669-1번지,48330,10300,0,0669,0001,12644615,,,,3,용도구역코드,300,지구단위계획구역,1,0,,지구단위계획구역,20221008
경상남도 양산시 중부동 669-2번지,48330,10300,0,0669,0002,1264100027612,,,,1,용도지역코드,UQA121,제1종일반주거지역,1,0,,제1종일반주거지역,20221008
경상남도 양산시 중부동 669-2번지,48330,10300,0,0669,0002,1264100027612,,,,3,용도구역코드,UQQ310,제1종지구단위계획구역,1,0,,제1종지구단위계획구역,20221008
경상남도 양산시 중부동 669-3번지,48330,10300,0,0669,0003,12644010,,,,1,용도지역코드,1022,제2종일반주거지역,1,0,,제2종일반주거지역,20221008
경상남도 양산시 중부동 669-3번지,48330,10300,0,0669,0003,12644010,,,,2,용도지구코드,160,택지개발지구,1,0,,택지개발지구,20221008
경상남도 양산시 중부동 669-3번지,48330,10300,0,0669,0003,12644010,,,,3,용도구역코드,300,지구단위계획구역,1,0,,지구단위계획구역,20221008
경상남도 양산시 중부동 669-4번지,48330,10300,0,0669,0004,1264100021281,,,,1,용도지역코드,1021,제1종일반주거지역,1,0,,제1종일반주거지역,20221008
경상남도 양산시 중부동 669-4번지,48330,10300,0,0669,0004,1264100021281,,,,3,용도구역코드,301,제1종지구단위계획구역,1,0,,제1종지구단위계획구역,20221008
경상남도 양산시 중부동 669-5번지,48330,10300,0,0669,0005,1264100025750,,,,1,용도지역코드,UQA121,제1종일반주거지역,1,0,,제1종일반주거지역,20221008
경상남도 양산시 중부동 669-5번지,48330,10300,0,0669,0005,1264100025750,,,,3,용도구역코드,UQQ310,제1종지구단위계획구역,1,0,,제1종지구단위계획구역,20221008
경상남도 양산시 중부동 669-5번지,48330,10300,0,0669,0005,1264100025750,,,,3,용도구역코드,UOA120,상대보호구역,0,0,,상대정화구역,20221008
경상남도 양산시 중부동 669-6번지,48330,10300,0,0669,0006,12645232,,,,1,용도지역코드,1022,제2종일반주거지역,1,0,,제2종일반주거지역,20221008
경상남도 양산시 중부동 669-6번지,48330,10300,0,0669,0006,12645232,,,,2,용도지구코드,160,택지개발지구,1,0,,택지개발지구,20221008
경상남도 양산시 중부동 669-6번지,48330,10300,0,0669,0006,12645232,,,,3,용도구역코드,301,제1종지구단위계획구역,1,0,,제1종지구단위계획구역,20221008
경상남도 양산시 중부동 669-7번지,48330,10300,0,0669,0007,12644827,,,,1,용도지역코드,1021,제1종일반주거지역,1,0,,제1종일반주거지역,20221008
경상남도 양산시 중부동 669-7번지,48330,10300,0,0669,0007,12644827,,,,2,용도지구코드,160,택지개발지구,1,0,,택지개발지구,20221008
경상남도 양산시 중부동 669-7번지,48330,10300,0,0669,0007,12644827,,,,3,용도구역코드,300,지구단위계획구역,1,0,,지구단위계획구역,20221008
경상남도 양산시 중부동 669-8번지,48330,10300,0,0669,0008,12644802,,,,1,용도지역코드,1022,제2종일반주거지역,1,0,,제2종일반주거지역,20221008
경상남도 양산시 중부동 669-8번지,48330,10300,0,0669,0008,12644802,,,,2,용도지구코드,160,택지개발지구,1,0,,택지개발지구,20221008
경상남도 양산시 중부동 669-8번지,48330,10300,0,0669,0008,12644802,,,,3,용도구역코드,300,지구단위계획구역,1,0,,지구단위계획구역,20221008
경상남도 양산시 중부동 669-9번지,48330,10300,0,0669,0009,12645611,,,,1,용도지역코드,1022,제2종일반주거지역,1,0,,제2종일반주거지역,20221008
경상남도 양산시 중부동 669-9번지,48330,10300,0,0669,0009,12645611,,,,2,용도지구코드,160,택지개발지구,1,0,,택지개발지구,20221008
경상남도 양산시 중부동 669-9번지,48330,10300,0,0669,0009,12645611,,,,3,용도구역코드,300,지구단위계획구역,1,0,,지구단위계획구역,20221008
경상남도 양산시 중부동 669-10번지,48330,10300,0,0669,0010,12644005,,,,1,용도지역코드,1022,제2종일반주거지역,1,0,,제2종일반주거지역,20221008
경상남도 양산시 중부동 669-10번지,48330,10300,0,0669,0010,12644005,,,,2,용도지구코드,160,택지개발지구,1,0,,택지개발지구,20221008
경상남도 양산시 중부동 669-10번지,48330,10300,0,0669,0010,12644005,,,,3,용도구역코드,290,도시설계구역,1,0,,도시설계구역,20221008
경상남도 양산시 중부동 669-11번지,48330,10300,0,0669,0011,12644636,,,,1,용도지역코드,1022,제2종일반주거지역,1,0,,제2종일반주거지역,20221008
경상남도 양산시 중부동 669-11번지,48330,10300,0,0669,0011,12644636,,,,2,용도지구코드,160,택지개발지구,1,0,,택지개발지구,20221008
경상남도 양산시 중부동 669-11번지,48330,10300,0,0669,0011,12644636,,,,3,용도구역코드,300,지구단위계획구역,1,0,,지구단위계획구역,20221008
경상남도 양산시 중부동 669-12번지,48330,10300,0,0669,0012,1264100033865,,,,1,용도지역코드,UQA121,제1종일반주거지역,1,0,,제1종일반주거지역,20221008
경상남도 양산시 중부동 669-12번지,48330,10300,0,0669,0012,1264100033865,,,,3,용도구역코드,UQQ310,제1종지구단위계획구역,1,0,,제1종지구단위계획구역,20221008
경상남도 양산시 중부동 669-12번지,48330,10300,0,0669,0012,1264100033865,,,,3,용도구역코드,UOA120,상대보호구역,0,0,,상대정화구역,20221008
경상남도 양산시 중부동 669-13번지,48330,10300,0,0669,0013,12645962,,,,1,용도지역코드,1021,제1종일반주거지역,1,0,,제1종일반주거지역,20221008
경상남도 양산시 중부동 669-14번지,48330,10300,0,0669,0014,12643147,,,,1,용도지역코드,1020,일반주거지역,1,0,,일반주거지역,20221008
경상남도 양산시 중부동 669-15번지,48330,10300,0,0669,0015,1264100026429,,,,1,용도지역코드,UQA121,제1종일반주거지역,1,0,,제1종일반주거지역,20221008
경상남도 양산시 중부동 669-15번지,48330,10300,0,0669,0015,1264100026429,,,,3,용도구역코드,UQQ310,제1종지구단위계획구역,1,0,,제1종지구단위계획구역,20221008
경상남도 양산시 중부동 669-15번지,48330,10300,0,0669,0015,1264100026429,,,,3,용도구역코드,UOA120,상대보호구역,0,0,,상대정화구역,20221008
경상남도 양산시 중부동 669-16번지,48330,10300,0,0669,0016,12646443,,,,1,용도지역코드,1021,제1종일반주거지역,1,0,,제1종일반주거지역,20221008
경상남도 양산시 중부동 669-16번지,48330,10300,0,0669,0016,12646443,,,,3,용도구역코드,301,제1종지구단위계획구역,1,0,,제1종지구단위계획구역,20221008
경상남도 양산시 중부동 670-1번지,48330,10300,0,0670,0001,1264100018461,,,,1,용도지역코드,1021,제1종일반주거지역,1,0,,제1종일반주거지역,20221008
경상남도 양산시 중부동 670-1번지,48330,10300,0,0670,0001,1264100018461,,,,3,용도구역코드,301,제1종지구단위계획구역,1,0,,제1종지구단위계획구역,20221008
경상남도 양산시 중부동 670-2번지,48330,10300,0,0670,0002,12646397,,,,1,용도지역코드,1021,제1종일반주거지역,1,0,,제1종일반주거지역,20221008
경상남도 양산시 중부동 670-2번지,48330,10300,0,0670,0002,12646397,,,,3,용도구역코드,301,제1종지구단위계획구역,1,0,,제1종지구단위계획구역,20221008
경상남도 양산시 중부동 670-4번지,48330,10300,0,0670,0004,12645736,,,,1,용도지역코드,1022,제2종일반주거지역,1,0,,제2종일반주거지역,20221008
경상남도 양산시 중부동 670-4번지,48330,10300,0,0670,0004,12645736,,,,2,용도지구코드,160,택지개발지구,1,0,,택지개발지구,20221008
경상남도 양산시 중부동 670-4번지,48330,10300,0,0670,0004,12645736,,,,3,용도구역코드,300,지구단위계획구역,1,0,,지구단위계획구역,20221008
경상남도 양산시 중부동 670-6번지,48330,10300,0,0670,0006,1264100026430,,,,1,용도지역코드,UQA121,제1종일반주거지역,1,0,,제1종일반주거지역,20221008
경상남도 양산시 중부동 670-6번지,48330,10300,0,0670,0006,1264100026430,,,,3,용도구역코드,UQQ310,제1종지구단위계획구역,1,0,,제1종지구단위계획구역,20221008
경상남도 양산시 중부동 670-8번지,48330,10300,0,0670,0008,1264100029511,,,,1,용도지역코드,UQA121,제1종일반주거지역,1,0,,제1종일반주거지역,20221008
경상남도 양산시 중부동 670-8번지,48330,10300,0,0670,0008,1264100029511,,,,3,용도구역코드,UQQ310,제1종지구단위계획구역,1,0,,제1종지구단위계획구역,20221008
경상남도 양산시 중부동 670-8번지,48330,10300,0,0670,0008,1264100029511,,,,3,용도구역코드,UOA120,상대보호구역,0,0,,상대정화구역,20221008
경상남도 양산시 중부동 670-9번지,48330,10300,0,0670,0009,12643730,,,,1,용도지역코드,1020,일반주거지역,1,0,,일반주거지역,20221008
경상남도 양산시 중부동 670-9번지,48330,10300,0,0670,0009,12643730,,,,2,용도지구코드,160,택지개발지구,1,0,,택지개발지구,20221008
경상남도 양산시 중부동 670-9번지,48330,10300,0,0670,0009,12643730,,,,3,용도구역코드,290,도시설계구역,1,0,,도시설계구역,20221008
경상남도 양산시 중부동 670-10번지,48330,10300,0,0670,0010,12643358,,,,1,용도지역코드,1020,일반주거지역,1,0,,일반주거지역,20221008
경상남도 양산시 중부동 670-10번지,48330,10300,0,0670,0010,12643234,,,,1,용도지역코드,1020,일반주거지역,1,0,,일반주거지역,20221008
경상남도 양산시 중부동 670-12번지,48330,10300,0,0670,0012,12644602,,,,1,용도지역코드,1022,제2종일반주거지역,1,0,,제2종일반주거지역,20221008
경상남도 양산시 중부동 670-12번지,48330,10300,0,0670,0012,12644602,,,,2,용도지구코드,160,택지개발지구,1,0,,택지개발지구,20221008
경상남도 양산시 중부동 670-12번지,48330,10300,0,0670,0012,12644602,,,,3,용도구역코드,300,지구단위계획구역,1,0,,지구단위계획구역,20221008
경상남도 양산시 중부동 670-13번지,48330,10300,0,0670,0013,1264100037013,,,,3,용도구역코드,UOA120,상대보호구역,0,0,,상대정화구역,20221008
경상남도 양산시 중부동 670-13번지,48330,10300,0,0670,0013,1264100037013,,,,1,용도지역코드,UQA121,제1종일반주거지역,1,0,,제1종일반주거지역,20221008
경상남도 양산시 중부동 670-13번지,48330,10300,0,0670,0013,1264100037013,,,,3,용도구역코드,UQQ310,제1종지구단위계획구역,1,0,,제1종지구단위계획구역,20221008
경상남도 양산시 중부동 670-14번지,48330,10300,0,0670,0014,1264100029917,,,,1,용도지역코드,UQA121,제1종일반주거지역,1,0,,제1종일반주거지역,20221008
경상남도 양산시 중부동 670-14번지,48330,10300,0,0670,0014,1264100029917,,,,3,용도구역코드,UQQ310,제1종지구단위계획구역,1,0,,제1종지구단위계획구역,20221008
경상남도 양산시 중부동 670-14번지,48330,10300,0,0670,0014,1264100029917,,,,3,용도구역코드,UOA120,상대보호구역,0,0,,상대정화구역,20221008
경상남도 양산시 중부동 670-15번지,48330,10300,0,0670,0015,12645620,,,,1,용도지역코드,1022,제2종일반주거지역,1,0,,제2종일반주거지역,20221008
경상남도 양산시 중부동 670-16번지,48330,10300,0,0670,0016,1264100104435,,,,1,용도지역코드,UQA121,제1종일반주거지역,1,0,,제1종일반주거지역,20221008
경상남도 양산시 중부동 670-16번지,48330,10300,0,0670,0016,1264100104435,,,,3,용도구역코드,UQQ310,제1종지구단위계획구역,1,0,,제1종지구단위계획구역,20221008
경상남도 양산시 중부동 671-1번지,48330,10300,0,0671,0001,12644585,,,,1,용도지역코드,1022,제2종일반주거지역,1,0,,제2종일반주거지역,20221008
경상남도 양산시 중부동 671-1번지,48330,10300,0,0671,0001,12644585,,,,2,용도지구코드,160,택지개발지구,1,0,,택지개발지구,20221008
경상남도 양산시 중부동 671-1번지,48330,10300,0,0671,0001,12644585,,,,3,용도구역코드,300,지구단위계획구역,1,0,,지구단위계획구역,20221008
경상남도 양산시 중부동 671-2번지,48330,10300,0,0671,0002,12645271,,,,1,용도지역코드,1022,제2종일반주거지역,1,0,,제2종일반주거지역,20221008
경상남도 양산시 중부동 671-2번지,48330,10300,0,0671,0002,12645271,,,,2,용도지구코드,160,택지개발지구,1,0,,택지개발지구,20221008
경상남도 양산시 중부동 671-3번지,48330,10300,0,0671,0003,12643901,,,,1,용도지역코드,1022,제2종일반주거지역,1,0,,제2종일반주거지역,20221008
경상남도 양산시 중부동 671-3번지,48330,10300,0,0671,0003,12643901,,,,2,용도지구코드,160,택지개발지구,1,0,,택지개발지구,20221008
경상남도 양산시 중부동 671-3번지,48330,10300,0,0671,0003,12643901,,,,3,용도구역코드,290,도시설계구역,1,0,,도시설계구역,20221008
경상남도 양산시 중부동 671-4번지,48330,10300,0,0671,0004,12644950,,,,1,용도지역코드,1022,제2종일반주거지역,1,0,,제2종일반주거지역,20221008
경상남도 양산시 중부동 671-4번지,48330,10300,0,0671,0004,12644950,,,,2,용도지구코드,160,택지개발지구,1,0,,택지개발지구,20221008
경상남도 양산시 중부동 671-4번지,48330,10300,0,0671,0004,12644950,,,,3,용도구역코드,300,지구단위계획구역,1,0,,지구단위계획구역,20221008
경상남도 양산시 중부동 671-5번지,48330,10300,0,0671,0005,1264100022647,,,,1,용도지역코드,UQA121,제1종일반주거지역,1,0,,제1종일반주거지역,20221008
경상남도 양산시 중부동 671-5번지,48330,10300,0,0671,0005,1264100022647,,,,3,용도구역코드,UQQ310,제1종지구단위계획구역,1,0,,제1종지구단위계획구역,20221008
경상남도 양산시 중부동 671-6번지,48330,10300,0,0671,0006,12644571,,,,1,용도지역코드,1022,제2종일반주거지역,1,0,,제2종일반주거지역,20221008
경상남도 양산시 중부동 671-6번지,48330,10300,0,0671,0006,12644571,,,,2,용도지구코드,160,택지개발지구,1,0,,택지개발지구,20221008
경상남도 양산시 중부동 671-6번지,48330,10300,0,0671,0006,12644571,,,,3,용도구역코드,300,지구단위계획구역,1,0,,지구단위계획구역,20221008
경상남도 양산시 중부동 671-7번지,48330,10300,0,0671,0007,1264100036173,,,,1,용도지역코드,UQA121,제1종일반주거지역,1,0,,제1종일반주거지역,20221008
경상남도 양산시 중부동 671-7번지,48330,10300,0,0671,0007,1264100036173,,,,3,용도구역코드,UQQ310,제1종지구단위계획구역,1,0,,제1종지구단위계획구역,20221008
경상남도 양산시 중부동 671-7번지,48330,10300,0,0671,0007,1264100036173,,,,3,용도구역코드,UOA120,상대보호구역,0,0,,상대정화구역,20221008
경상남도 양산시 중부동 671-7번지,48330,10300,0,0671,0007,1264100008492,,,,1,용도지역코드,1021,제1종일반주거지역,1,0,,제1종일반주거지역,20221008
경상남도 양산시 중부동 671-7번지,48330,10300,0,0671,0007,1264100008492,,,,3,용도구역코드,301,제1종지구단위계획구역,1,0,,제1종지구단위계획구역,20221008
경상남도 양산시 중부동 671-8번지,48330,10300,0,0671,0008,12643174,,,,1,용도지역코드,1020,일반주거지역,1,0,,일반주거지역,20221008
경상남도 양산시 중부동 671-8번지,48330,10300,0,0671,0008,12643174,,,,2,용도지구코드,210,도시설계지구,1,0,,도시설계지구,20221008
경상남도 양산시 중부동 671-9번지,48330,10300,0,0671,0009,12644715,,,,1,용도지역코드,1022,제2종일반주거지역,1,0,,제2종일반주거지역,20221008
경상남도 양산시 중부동 671-9번지,48330,10300,0,0671,0009,12644715,,,,2,용도지구코드,160,택지개발지구,1,0,,택지개발지구,20221008
경상남도 양산시 중부동 671-9번지,48330,10300,0,0671,0009,12644715,,,,3,용도구역코드,300,지구단위계획구역,1,0,,지구단위계획구역,20221008
경상남도 양산시 중부동 671-10번지,48330,10300,0,0671,0010,12643734,,,,1,용도지역코드,1020,일반주거지역,1,0,,일반주거지역,20221008
경상남도 양산시 중부동 671-10번지,48330,10300,0,0671,0010,12643734,,,,2,용도지구코드,160,택지개발지구,1,0,,택지개발지구,20221008
경상남도 양산시 중부동 671-10번지,48330,10300,0,0671,0010,12643734,,,,3,용도구역코드,290,도시설계구역,1,0,,도시설계구역,20221008
경상남도 양산시 중부동 671-11번지,48330,10300,0,0671,0011,12645687,,,,1,용도지역코드,1022,제2종일반주거지역,1,0,,제2종일반주거지역,20221008
경상남도 양산시 중부동 671-11번지,48330,10300,0,0671,0011,12645687,,,,2,용도지구코드,160,택지개발지구,1,0,,택지개발지구,20221008
경상남도 양산시 중부동 671-11번지,48330,10300,0,0671,0011,12645687,,,,3,용도구역코드,300,지구단위계획구역,1,0,,지구단위계획구역,20221008
경상남도 양산시 중부동 671-12번지,48330,10300,0,0671,0012,1264100029509,,,,1,용도지역코드,UQA121,제1종일반주거지역,1,0,,제1종일반주거지역,20221008
경상남도 양산시 중부동 671-13번지,48330,10300,0,0671,0013,1264100016517,,,,1,용도지역코드,1021,제1종일반주거지역,1,0,,제1종일반주거지역,20221008
경상남도 양산시 중부동 671-13번지,48330,10300,0,0671,0013,1264100016517,,,,3,용도구역코드,301,제1종지구단위계획구역,1,0,,제1종지구단위계획구역,20221008
경상남도 양산시 중부동 671-13번지,48330,10300,0,0671,0013,1264100016517,,,,3,용도구역코드,272,상대정화구역,0,0,,상대정화구역,20221008
경상남도 양산시 중부동 671-13번지,48330,10300,0,0671,0013,1264100042045,,,,1,용도지역코드,UQA121,제1종일반주거지역,1,0,,제1종일반주거지역,20221008
경상남도 양산시 중부동 671-13번지,48330,10300,0,0671,0013,1264100042045,,,,3,용도구역코드,UQQ310,제1종지구단위계획구역,1,0,,제1종지구단위계획구역,20221008
경상남도 양산시 중부동 671-13번지,48330,10300,0,0671,0013,1264100042045,,,,3,용도구역코드,UOA120,상대보호구역,0,0,,상대정화구역,20221008
경상남도 양산시 중부동 671-14번지,48330,10300,0,0671,0014,1264100031157,,,,1,용도지역코드,UQA121,제1종일반주거지역,1,0,,제1종일반주거지역,20221008
경상남도 양산시 중부동 671-14번지,48330,10300,0,0671,0014,1264100031157,,,,3,용도구역코드,UQQ310,제1종지구단위계획구역,1,0,,제1종지구단위계획구역,20221008
경상남도 양산시 중부동 671-14번지,48330,10300,0,0671,0014,1264100031157,,,,3,용도구역코드,UOA120,상대보호구역,0,0,,상대정화구역,20221008
경상남도 양산시 중부동 671-15번지,48330,10300,0,0671,0015,1264100029730,,,,1,용도지역코드,UQA121,제1종일반주거지역,1,0,,제1종일반주거지역,20221008
경상남도 양산시 중부동 671-15번지,48330,10300,0,0671,0015,1264100029730,,,,3,용도구역코드,UQQ310,제1종지구단위계획구역,1,0,,제1종지구단위계획구역,20221008
경상남도 양산시 중부동 671-15번지,48330,10300,0,0671,0015,1264100029730,,,,3,용도구역코드,UOA120,상대보호구역,0,0,,상대정화구역,20221008
경상남도 양산시 중부동 671-16번지,48330,10300,0,0671,0016,1264100005430,,,,1,용도지역코드,1021,제1종일반주거지역,1,0,,제1종일반주거지역,20221008
경상남도 양산시 중부동 671-16번지,48330,10300,0,0671,0016,1264100005430,,,,3,용도구역코드,301,제1종지구단위계획구역,1,0,,제1종지구단위계획구역,20221008
경상남도 양산시 중부동 672-1번지,48330,10300,0,0672,0001,12643275,,,,1,용도지역코드,1020,일반주거지역,1,0,,일반주거지역,20221008
경상남도 양산시 중부동 672-2번지,48330,10300,0,0672,0002,12645252,,,,1,용도지역코드,1022,제2종일반주거지역,1,0,,제2종일반주거지역,20221008
경상남도 양산시 중부동 672-2번지,48330,10300,0,0672,0002,12645252,,,,2,용도지구코드,160,택지개발지구,1,0,,택지개발지구,20221008
경상남도 양산시 중부동 672-2번지,48330,10300,0,0672,0002,12645252,,,,3,용도구역코드,301,제1종지구단위계획구역,1,0,,제1종지구단위계획구역,20221008
경상남도 양산시 중부동 672-3번지,48330,10300,0,0672,0003,1264100070520,,,,1,용도지역코드,UQA121,제1종일반주거지역,1,0,,제1종일반주거지역,20221008
경상남도 양산시 중부동 672-4번지,48330,10300,0,0672,0004,1264100029210,,,,1,용도지역코드,UQA121,제1종일반주거지역,1,0,,제1종일반주거지역,20221008
경상남도 양산시 중부동 672-4번지,48330,10300,0,0672,0004,1264100029210,,,,3,용도구역코드,UQQ310,제1종지구단위계획구역,1,0,,제1종지구단위계획구역,20221008
경상남도 양산시 중부동 672-5번지,48330,10300,0,0672,0005,12643815,,,,1,용도지역코드,1022,제2종일반주거지역,1,0,,제2종일반주거지역,20221008
경상남도 양산시 중부동 672-5번지,48330,10300,0,0672,0005,12643815,,,,2,용도지구코드,160,택지개발지구,1,0,,택지개발지구,20221008
경상남도 양산시 중부동 672-5번지,48330,10300,0,0672,0005,12643815,,,,3,용도구역코드,290,도시설계구역,1,0,,도시설계구역,20221008
경상남도 양산시 중부동 672-6번지,48330,10300,0,0672,0006,12648843,,,,1,용도지역코드,1021,제1종일반주거지역,1,0,,제1종일반주거지역,20221008
경상남도 양산시 중부동 672-6번지,48330,10300,0,0672,0006,12648843,,,,3,용도구역코드,010,도시계획구역,1,0,,도시계획구역,20221008
경상남도 양산시 중부동 672-6번지,48330,10300,0,0672,0006,12648843,,,,3,용도구역코드,301,제1종지구단위계획구역,0,0,,제1종지구단위계획구역,20221008
경상남도 양산시 중부동 672-7번지,48330,10300,0,0672,0007,1264100065051,,,,1,용도지역코드,UQA121,제1종일반주거지역,1,0,,제1종일반주거지역,20221008
경상남도 양산시 중부동 672-7번지,48330,10300,0,0672,0007,1264100065051,,,,3,용도구역코드,UQQ310,제1종지구단위계획구역,1,0,,제1종지구단위계획구역,20221008
경상남도 양산시 중부동 672-7번지,48330,10300,0,0672,0007,1264100016995,,,,1,용도지역코드,1021,제1종일반주거지역,1,0,,제1종일반주거지역,20221008
경상남도 양산시 중부동 672-7번지,48330,10300,0,0672,0007,1264100016995,,,,3,용도구역코드,301,제1종지구단위계획구역,1,0,,제1종지구단위계획구역,20221008
경상남도 양산시 중부동 672-8번지,48330,10300,0,0672,0008,1264100024829,,,,1,용도지역코드,UQA121,제1종일반주거지역,1,0,,제1종일반주거지역,20221008
경상남도 양산시 중부동 672-8번지,48330,10300,0,0672,0008,1264100024829,,,,3,용도구역코드,UQQ310,제1종지구단위계획구역,1,0,,제1종지구단위계획구역,20221008
경상남도 양산시 중부동 672-9번지,48330,10300,0,0672,0009,1264100025853,,,,1,용도지역코드,UQA121,제1종일반주거지역,1,0,,제1종일반주거지역,20221008
경상남도 양산시 중부동 672-9번지,48330,10300,0,0672,0009,1264100025853,,,,3,용도구역코드,UQQ310,제1종지구단위계획구역,1,0,,제1종지구단위계획구역,20221008
경상남도 양산시 중부동 672-11번지,48330,10300,0,0672,0011,12645711,,,,1,용도지역코드,1022,제2종일반주거지역,1,0,,제2종일반주거지역,20221008
경상남도 양산시 중부동 672-11번지,48330,10300,0,0672,0011,12645711,,,,2,용도지구코드,160,택지개발지구,1,0,,택지개발지구,20221008
경상남도 양산시 중부동 672-11번지,48330,10300,0,0672,0011,12645711,,,,3,용도구역코드,301,제1종지구단위계획구역,1,0,,제1종지구단위계획구역,20221008
경상남도 양산시 중부동 673-1번지,48330,10300,0,0673,0001,12643608,,,,1,용도지역코드,1020,일반주거지역,1,0,,일반주거지역,20221008
경상남도 양산시 중부동 673-2번지,48330,10300,0,0673,0002,1264100040128,,,,1,용도지역코드,UQA121,제1종일반주거지역,1,0,,제1종일반주거지역,20221008
경상남도 양산시 중부동 673-2번지,48330,10300,0,0673,0002,1264100040128,,,,3,용도구역코드,UQQ310,제1종지구단위계획구역,1,0,,제1종지구단위계획구역,20221008
경상남도 양산시 중부동 673-3번지,48330,10300,0,0673,0003,12644665,,,,1,용도지역코드,1022,제2종일반주거지역,1,0,,제2종일반주거지역,20221008
경상남도 양산시 중부동 673-3번지,48330,10300,0,0673,0003,12644665,,,,2,용도지구코드,160,택지개발지구,1,0,,택지개발지구,20221008
경상남도 양산시 중부동 673-3번지,48330,10300,0,0673,0003,12644665,,,,3,용도구역코드,300,지구단위계획구역,1,0,,지구단위계획구역,20221008
경상남도 양산시 중부동 673-4번지,48330,10300,0,0673,0004,12644674,,,,1,용도지역코드,1022,제2종일반주거지역,1,0,,제2종일반주거지역,20221008
경상남도 양산시 중부동 673-4번지,48330,10300,0,0673,0004,12644674,,,,2,용도지구코드,160,택지개발지구,1,0,,택지개발지구,20221008
경상남도 양산시 중부동 673-4번지,48330,10300,0,0673,0004,12644674,,,,3,용도구역코드,300,지구단위계획구역,1,0,,지구단위계획구역,20221008
경상남도 양산시 중부동 673-5번지,48330,10300,0,0673,0005,12644796,,,,1,용도지역코드,1022,제2종일반주거지역,1,0,,제2종일반주거지역,20221008
경상남도 양산시 중부동 673-5번지,48330,10300,0,0673,0005,12644796,,,,2,용도지구코드,160,택지개발지구,1,0,,택지개발지구,20221008
경상남도 양산시 중부동 673-5번지,48330,10300,0,0673,0005,12644796,,,,3,용도구역코드,300,지구단위계획구역,1,0,,지구단위계획구역,20221008
경상남도 양산시 중부동 673-6번지,48330,10300,0,0673,0006,12645277,,,,1,용도지역코드,1022,제2종일반주거지역,1,0,,제2종일반주거지역,20221008
경상남도 양산시 중부동 673-6번지,48330,10300,0,0673,0006,12645277,,,,2,용도지구코드,160,택지개발지구,1,0,,택지개발지구,20221008
경상남도 양산시 중부동 673-6번지,48330,10300,0,0673,0006,12645277,,,,3,용도구역코드,301,제1종지구단위계획구역,1,0,,제1종지구단위계획구역,20221008
경상남도 양산시 중부동 673-7번지,48330,10300,0,0673,0007,12645270,,,,1,용도지역코드,1022,제2종일반주거지역,1,0,,제2종일반주거지역,20221008
경상남도 양산시 중부동 673-7번지,48330,10300,0,0673,0007,12645270,,,,2,용도지구코드,160,택지개발지구,1,0,,택지개발지구,20221008
경상남도 양산시 중부동 673-7번지,48330,10300,0,0673,0007,12645270,,,,3,용도구역코드,301,제1종지구단위계획구역,1,0,,제1종지구단위계획구역,20221008
경상남도 양산시 중부동 673-8번지,48330,10300,0,0673,0008,1264100033407,,,,1,용도지역코드,UQA121,제1종일반주거지역,1,0,,제1종일반주거지역,20221008
경상남도 양산시 중부동 673-8번지,48330,10300,0,0673,0008,1264100033407,,,,3,용도구역코드,UQQ310,제1종지구단위계획구역,1,0,,제1종지구단위계획구역,20221008
경상남도 양산시 중부동 673-9번지,48330,10300,0,0673,0009,1264100021283,,,,1,용도지역코드,1021,제1종일반주거지역,1,0,,제1종일반주거지역,20221008
경상남도 양산시 중부동 673-9번지,48330,10300,0,0673,0009,1264100021283,,,,3,용도구역코드,301,제1종지구단위계획구역,1,0,,제1종지구단위계획구역,20221008
경상남도 양산시 중부동 673-9번지,48330,10300,0,0673,0009,12649349,,,,1,용도지역코드,1021,제1종일반주거지역,1,0,,제1종일반주거지역,20221008
경상남도 양산시 중부동 673-10번지,48330,10300,0,0673,0010,12648106,,,,1,용도지역코드,1021,제1종일반주거지역,1,0,,제1종일반주거지역,20221008
경상남도 양산시 중부동 673-10번지,48330,10300,0,0673,0010,12648106,,,,3,용도구역코드,010,도시계획구역,1,0,,도시계획구역,20221008
경상남도 양산시 중부동 673-10번지,48330,10300,0,0673,0010,12648106,,,,3,용도구역코드,301,제1종지구단위계획구역,0,0,,제1종지구단위계획구역,20221008
경상남도 양산시 중부동 673-11번지,48330,10300,0,0673,0011,1264100083909,,,,1,용도지역코드,UQA121,제1종일반주거지역,1,0,,제1종일반주거지역,20221008
경상남도 양산시 중부동 673-11번지,48330,10300,0,0673,0011,1264100083909,,,,3,용도구역코드,UQQ310,제1종지구단위계획구역,1,0,,제1종지구단위계획구역,20221008
경상남도 양산시 중부동 673-12번지,48330,10300,0,0673,0012,1264100077322,,,,1,용도지역코드,UQA121,제1종일반주거지역,1,0,,제1종일반주거지역,20221008
경상남도 양산시 중부동 673-12번지,48330,10300,0,0673,0012,1264100077322,,,,3,용도구역코드,UQQ310,제1종지구단위계획구역,1,0,,제1종지구단위계획구역,20221008
경상남도 양산시 중부동 673-14번지,48330,10300,0,0673,0014,1264100061519,,,,1,용도지역코드,UQA121,제1종일반주거지역,1,0,,제1종일반주거지역,20221008
경상남도 양산시 중부동 673-14번지,48330,10300,0,0673,0014,1264100061519,,,,3,용도구역코드,UQQ310,제1종지구단위계획구역,1,0,,제1종지구단위계획구역,20221008
경상남도 양산시 중부동 673-15번지,48330,10300,0,0673,0015,1264100020296,,,,1,용도지역코드,1021,제1종일반주거지역,1,0,,제1종일반주거지역,20221008
경상남도 양산시 중부동 673-15번지,48330,10300,0,0673,0015,1264100020296,,,,3,용도구역코드,301,제1종지구단위계획구역,1,0,,제1종지구단위계획구역,20221008
경상남도 양산시 중부동 673-16번지,48330,10300,0,0673,0016,1264100020297,,,,1,용도지역코드,1021,제1종일반주거지역,1,0,,제1종일반주거지역,20221008
경상남도 양산시 중부동 673-16번지,48330,10300,0,0673,0016,1264100020297,,,,3,용도구역코드,301,제1종지구단위계획구역,1,0,,제1종지구단위계획구역,20221008
경상남도 양산시 중부동 673-16번지,48330,10300,0,0673,0016,1264100020297,,,,3,용도구역코드,272,상대정화구역,0,0,,상대정화구역,20221008
경상남도 양산시 중부동 673-17번지,48330,10300,0,0673,0017,1264100026131,,,,1,용도지역코드,UQA121,제1종일반주거지역,1,0,,제1종일반주거지역,20221008
경상남도 양산시 중부동 673-17번지,48330,10300,0,0673,0017,1264100026131,,,,3,용도구역코드,UQQ310,제1종지구단위계획구역,1,0,,제1종지구단위계획구역,20221008
경상남도 양산시 중부동 673-18번지,48330,10300,0,0673,0018,12646431,,,,1,용도지역코드,1021,제1종일반주거지역,1,0,,제1종일반주거지역,20221008
경상남도 양산시 중부동 673-18번지,48330,10300,0,0673,0018,12646431,,,,2,용도지구코드,160,택지개발지구,1,0,,택지개발지구,20221008
경상남도 양산시 중부동 673-18번지,48330,10300,0,0673,0018,12646431,,,,3,용도구역코드,301,제1종지구단위계획구역,1,0,,제1종지구단위계획구역,20221008
경상남도 양산시 중부동 673-19번지,48330,10300,0,0673,0019,1264100018214,,,,1,용도지역코드,1021,제1종일반주거지역,1,0,,제1종일반주거지역,20221008
경상남도 양산시 중부동 673-19번지,48330,10300,0,0673,0019,1264100018214,,,,3,용도구역코드,272,상대정화구역,1,0,,상대정화구역,20221008
경상남도 양산시 중부동 673-19번지,48330,10300,0,0673,0019,1264100018214,,,,3,용도구역코드,301,제1종지구단위계획구역,0,0,,제1종지구단위계획구역,20221008
경상남도 양산시 중부동 673-20번지,48330,10300,0,0673,0020,1264100035996,,,,1,용도지역코드,UQA121,제1종일반주거지역,1,0,,제1종일반주거지역,20221008
경상남도 양산시 중부동 673-20번지,48330,10300,0,0673,0020,1264100035996,,,,3,용도구역코드,UQQ310,제1종지구단위계획구역,1,0,,제1종지구단위계획구역,20221008
경상남도 양산시 중부동 674-1번지,48330,10300,0,0674,0001,12644946,,,,1,용도지역코드,1022,제2종일반주거지역,1,0,,제2종일반주거지역,20221008
경상남도 양산시 중부동 674-1번지,48330,10300,0,0674,0001,12644946,,,,2,용도지구코드,160,택지개발지구,1,0,,택지개발지구,20221008
경상남도 양산시 중부동 674-1번지,48330,10300,0,0674,0001,12644946,,,,3,용도구역코드,300,지구단위계획구역,1,0,,지구단위계획구역,20221008
경상남도 양산시 중부동 674-2번지,48330,10300,0,0674,0002,1264100033570,,,,1,용도지역코드,UQA121,제1종일반주거지역,1,0,,제1종일반주거지역,20221008
경상남도 양산시 중부동 674-2번지,48330,10300,0,0674,0002,1264100033570,,,,3,용도구역코드,UQQ310,제1종지구단위계획구역,1,0,,제1종지구단위계획구역,20221008
경상남도 양산시 중부동 674-2번지,48330,10300,0,0674,0002,1264100033570,,,,3,용도구역코드,UOA120,상대보호구역,0,0,,상대정화구역,20221008
경상남도 양산시 중부동 674-3번지,48330,10300,0,0674,0003,1264100032676,,,,1,용도지역코드,UQA121,제1종일반주거지역,1,0,,제1종일반주거지역,20221008
경상남도 양산시 중부동 674-3번지,48330,10300,0,0674,0003,1264100032676,,,,3,용도구역코드,UQQ310,제1종지구단위계획구역,1,0,,제1종지구단위계획구역,20221008
경상남도 양산시 중부동 674-3번지,48330,10300,0,0674,0003,1264100032676,,,,3,용도구역코드,UOA120,상대보호구역,0,0,,상대정화구역,20221008
경상남도 양산시 중부동 674-4번지,48330,10300,0,0674,0004,12646444,,,,1,용도지역코드,1021,제1종일반주거지역,1,0,,제1종일반주거지역,20221008
경상남도 양산시 중부동 674-4번지,48330,10300,0,0674,0004,12646444,,,,3,용도구역코드,301,제1종지구단위계획구역,1,0,,제1종지구단위계획구역,20221008
경상남도 양산시 중부동 674-4번지,48330,10300,0,0674,0004,1264100026770,,,,1,용도지역코드,UQA121,제1종일반주거지역,1,0,,제1종일반주거지역,20221008
경상남도 양산시 중부동 674-4번지,48330,10300,0,0674,0004,1264100026770,,,,3,용도구역코드,UQQ310,제1종지구단위계획구역,1,0,,제1종지구단위계획구역,20221008
경상남도 양산시 중부동 674-4번지,48330,10300,0,0674,0004,1264100026770,,,,3,용도구역코드,UOA120,상대보호구역,0,0,,상대정화구역,20221008
경상남도 양산시 중부동 674-5번지,48330,10300,0,0674,0005,12644951,,,,2,용도지구코드,160,택지개발지구,1,0,,택지개발지구,20221008
경상남도 양산시 중부동 674-5번지,48330,10300,0,0674,0005,12644951,,,,3,용도구역코드,300,지구단위계획구역,1,0,,지구단위계획구역,20221008
경상남도 양산시 중부동 674-5번지,48330,10300,0,0674,0005,12644951,,,,1,용도지역코드,1022,제2종일반주거지역,1,0,,제2종일반주거지역,20221008
경상남도 양산시 중부동 674-6번지,48330,10300,0,0674,0006,1264100061979,,,,1,용도지역코드,UQA121,제1종일반주거지역,1,0,,제1종일반주거지역,20221008
경상남도 양산시 중부동 674-6번지,48330,10300,0,0674,0006,1264100061979,,,,3,용도구역코드,UQQ310,제1종지구단위계획구역,1,0,,제1종지구단위계획구역,20221008
경상남도 양산시 중부동 674-6번지,48330,10300,0,0674,0006,1264100061979,,,,3,용도구역코드,UOA120,상대보호구역,0,0,,상대정화구역,20221008
경상남도 양산시 중부동 674-7번지,48330,10300,0,0674,0007,12643168,,,,1,용도지역코드,1020,일반주거지역,1,0,,일반주거지역,20221008
경상남도 양산시 중부동 674-7번지,48330,10300,0,0674,0007,12643168,,,,2,용도지구코드,210,도시설계지구,1,0,,도시설계지구,20221008
경상남도 양산시 중부동 674-8번지,48330,10300,0,0674,0008,1264100032077,,,,1,용도지역코드,UQA121,제1종일반주거지역,1,0,,제1종일반주거지역,20221008
경상남도 양산시 중부동 674-8번지,48330,10300,0,0674,0008,1264100032077,,,,3,용도구역코드,UQQ310,제1종지구단위계획구역,1,0,,제1종지구단위계획구역,20221008
경상남도 양산시 중부동 674-9번지,48330,10300,0,0674,0009,1264100035733,,,,1,용도지역코드,UQA121,제1종일반주거지역,1,0,,제1종일반주거지역,20221008
경상남도 양산시 중부동 674-9번지,48330,10300,0,0674,0009,1264100035733,,,,3,용도구역코드,UQQ310,제1종지구단위계획구역,1,0,,제1종지구단위계획구역,20221008
경상남도 양산시 중부동 674-9번지,48330,10300,0,0674,0009,1264100035733,,,,3,용도구역코드,UOA120,상대보호구역,0,0,,상대정화구역,20221008
경상남도 양산시 중부동 674-11번지,48330,10300,0,0674,0011,1264100013393,,,,1,용도지역코드,1021,제1종일반주거지역,1,0,,제1종일반주거지역,20221008
경상남도 양산시 중부동 674-11번지,48330,10300,0,0674,0011,1264100013393,,,,3,용도구역코드,301,제1종지구단위계획구역,1,0,,제1종지구단위계획구역,20221008
경상남도 양산시 중부동 674-12번지,48330,10300,0,0674,0012,1264100012311,,,,1,용도지역코드,1021,제1종일반주거지역,1,0,,제1종일반주거지역,20221008
경상남도 양산시 중부동 674-12번지,48330,10300,0,0674,0012,1264100012311,,,,3,용도구역코드,301,제1종지구단위계획구역,1,0,,제1종지구단위계획구역,20221008
경상남도 양산시 중부동 674-13번지,48330,10300,0,0674,0013,1264100023470,,,,1,용도지역코드,UQA121,제1종일반주거지역,1,0,,제1종일반주거지역,20221008
경상남도 양산시 중부동 674-13번지,48330,10300,0,0674,0013,1264100023470,,,,3,용도구역코드,UQQ310,제1종지구단위계획구역,1,0,,제1종지구단위계획구역,20221008
경상남도 양산시 중부동 674-13번지,48330,10300,0,0674,0013,1264100012873,,,,1,용도지역코드,1021,제1종일반주거지역,1,0,,제1종일반주거지역,20221008
경상남도 양산시 중부동 674-13번지,48330,10300,0,0674,0013,1264100012873,,,,3,용도구역코드,301,제1종지구단위계획구역,1,0,,제1종지구단위계획구역,20221008
경상남도 양산시 중부동 674-14번지,48330,10300,0,0674,0014,1264100019461,,,,1,용도지역코드,1021,제1종일반주거지역,1,0,,제1종일반주거지역,20221008
경상남도 양산시 중부동 674-14번지,48330,10300,0,0674,0014,1264100019461,,,,3,용도구역코드,301,제1종지구단위계획구역,1,0,,제1종지구단위계획구역,20221008
경상남도 양산시 중부동 674-15번지,48330,10300,0,0674,0015,1264100009933,,,,1,용도지역코드,1021,제1종일반주거지역,1,0,,제1종일반주거지역,20221008
경상남도 양산시 중부동 674-15번지,48330,10300,0,0674,0015,1264100009933,,,,3,용도구역코드,301,제1종지구단위계획구역,1,0,,제1종지구단위계획구역,20221008
경상남도 양산시 중부동 674-16번지,48330,10300,0,0674,0016,1264100028734,,,,1,용도지역코드,UQA121,제1종일반주거지역,1,0,,제1종일반주거지역,20221008
경상남도 양산시 중부동 674-16번지,48330,10300,0,0674,0016,1264100028734,,,,3,용도구역코드,UQQ310,제1종지구단위계획구역,1,0,,제1종지구단위계획구역,20221008
경상남도 양산시 중부동 675-1번지,48330,10300,0,0675,0001,12643834,,,,1,용도지역코드,1020,일반주거지역,1,0,,일반주거지역,20221008
경상남도 양산시 중부동 675-1번지,48330,10300,0,0675,0001,12643834,,,,2,용도지구코드,160,택지개발지구,1,0,,택지개발지구,20221008
경상남도 양산시 중부동 675-1번지,48330,10300,0,0675,0001,12643834,,,,2,용도지구코드,210,도시설계지구,0,0,,도시설계지구,20221008
경상남도 양산시 중부동 675-1번지,48330,10300,0,0675,0001,12643834,,,,3,용도구역코드,290,도시설계구역,1,0,,도시설계구역,20221008
경상남도 양산시 중부동 675-3번지,48330,10300,0,0675,0003,1264100023049,,,,1,용도지역코드,UQA121,제1종일반주거지역,1,0,,제1종일반주거지역,20221008
경상남도 양산시 중부동 675-3번지,48330,10300,0,0675,0003,1264100023049,,,,3,용도구역코드,UQQ310,제1종지구단위계획구역,1,0,,제1종지구단위계획구역,20221008
경상남도 양산시 중부동 675-3번지,48330,10300,0,0675,0003,1264100023049,,,,3,용도구역코드,UOA120,상대보호구역,0,0,,상대정화구역,20221008
경상남도 양산시 중부동 675-3번지,48330,10300,0,0675,0003,12647281,,,,1,용도지역코드,1021,제1종일반주거지역,1,0,,제1종일반주거지역,20221008
경상남도 양산시 중부동 675-3번지,48330,10300,0,0675,0003,1264100014017,,,,1,용도지역코드,1021,제1종일반주거지역,1,0,,제1종일반주거지역,20221008
경상남도 양산시 중부동 675-3번지,48330,10300,0,0675,0003,1264100014017,,,,3,용도구역코드,301,제1종지구단위계획구역,1,0,,제1종지구단위계획구역,20221008
경상남도 양산시 중부동 675-4번지,48330,10300,0,0675,0004,1264100019019,,,,1,용도지역코드,1021,제1종일반주거지역,1,0,,제1종일반주거지역,20221008
경상남도 양산시 중부동 675-4번지,48330,10300,0,0675,0004,1264100019019,,,,3,용도구역코드,301,제1종지구단위계획구역,1,0,,제1종지구단위계획구역,20221008
경상남도 양산시 중부동 675-5번지,48330,10300,0,0675,0005,12644644,,,,1,용도지역코드,1022,제2종일반주거지역,1,0,,제2종일반주거지역,20221008
경상남도 양산시 중부동 675-5번지,48330,10300,0,0675,0005,12644644,,,,2,용도지구코드,160,택지개발지구,1,0,,택지개발지구,20221008
경상남도 양산시 중부동 675-5번지,48330,10300,0,0675,0005,12644644,,,,3,용도구역코드,300,지구단위계획구역,1,0,,지구단위계획구역,20221008
경상남도 양산시 중부동 675-6번지,48330,10300,0,0675,0006,1264100090702,,,,3,용도구역코드,UOA120,상대보호구역,0,0,,상대정화구역,20221008
경상남도 양산시 중부동 675-6번지,48330,10300,0,0675,0006,1264100090702,,,,1,용도지역코드,UQA121,제1종일반주거지역,1,0,,제1종일반주거지역,20221008
경상남도 양산시 중부동 675-6번지,48330,10300,0,0675,0006,1264100090702,,,,3,용도구역코드,UQQ310,제1종지구단위계획구역,1,0,,제1종지구단위계획구역,20221008
경상남도 양산시 중부동 675-7번지,48330,10300,0,0675,0007,12644741,,,,1,용도지역코드,1022,제2종일반주거지역,1,0,,제2종일반주거지역,20221008
경상남도 양산시 중부동 675-7번지,48330,10300,0,0675,0007,12644741,,,,2,용도지구코드,160,택지개발지구,1,0,,택지개발지구,20221008
경상남도 양산시 중부동 675-7번지,48330,10300,0,0675,0007,12644741,,,,3,용도구역코드,300,지구단위계획구역,1,0,,지구단위계획구역,20221008
경상남도 양산시 중부동 675-8번지,48330,10300,0,0675,0008,1264100052269,,,,1,용도지역코드,UQA121,제1종일반주거지역,1,0,,제1종일반주거지역,20230801
경상남도 양산시 중부동 675-8번지,48330,10300,0,0675,0008,1264100052269,,,,3,용도구역코드,UQQ310,제1종지구단위계획구역,1,0,,제1종지구단위계획구역,20230801
경상남도 양산시 중부동 675-9번지,48330,10300,0,0675,0009,1264100016634,,,,1,용도지역코드,1021,제1종일반주거지역,1,0,,제1종일반주거지역,20221008
경상남도 양산시 중부동 675-9번지,48330,10300,0,0675,0009,1264100016634,,,,3,용도구역코드,301,제1종지구단위계획구역,1,0,,제1종지구단위계획구역,20221008
경상남도 양산시 중부동 675-9번지,48330,10300,0,0675,0009,1264100016634,,,,3,용도구역코드,272,상대정화구역,0,0,,상대정화구역,20221008
경상남도 양산시 중부동 675-9번지,48330,10300,0,0675,0009,1264100019237,,,,1,용도지역코드,1021,제1종일반주거지역,1,0,,제1종일반주거지역,20221008
경상남도 양산시 중부동 675-9번지,48330,10300,0,0675,0009,1264100019237,,,,3,용도구역코드,301,제1종지구단위계획구역,1,0,,제1종지구단위계획구역,20221008
경상남도 양산시 중부동 675-10번지,48330,10300,0,0675,0010,12643929,,,,1,용도지역코드,1022,제2종일반주거지역,1,0,,제2종일반주거지역,20221008
경상남도 양산시 중부동 675-10번지,48330,10300,0,0675,0010,12643929,,,,2,용도지구코드,160,택지개발지구,1,0,,택지개발지구,20221008
경상남도 양산시 중부동 675-10번지,48330,10300,0,0675,0010,12643929,,,,3,용도구역코드,300,지구단위계획구역,1,0,,지구단위계획구역,20221008
경상남도 양산시 중부동 675-11번지,48330,10300,0,0675,0011,12645019,,,,1,용도지역코드,1022,제2종일반주거지역,1,0,,제2종일반주거지역,20221008
경상남도 양산시 중부동 675-11번지,48330,10300,0,0675,0011,12645019,,,,2,용도지구코드,160,택지개발지구,1,0,,택지개발지구,20221008
경상남도 양산시 중부동 675-11번지,48330,10300,0,0675,0011,12645019,,,,3,용도구역코드,300,지구단위계획구역,1,0,,지구단위계획구역,20221008
경상남도 양산시 중부동 675-12번지,48330,10300,0,0675,0012,1264100018335,,,,1,용도지역코드,1021,제1종일반주거지역,1,0,,제1종일반주거지역,20221008
경상남도 양산시 중부동 675-12번지,48330,10300,0,0675,0012,1264100018335,,,,3,용도구역코드,301,제1종지구단위계획구역,1,0,,제1종지구단위계획구역,20221008
경상남도 양산시 중부동 675-12번지,48330,10300,0,0675,0012,1264100018335,,,,3,용도구역코드,272,상대정화구역,0,0,,상대정화구역,20221008
경상남도 양산시 중부동 675-13번지,48330,10300,0,0675,0013,1264100019222,,,,1,용도지역코드,1021,제1종일반주거지역,1,0,,제1종일반주거지역,20221008
경상남도 양산시 중부동 675-14번지,48330,10300,0,0675,0014,12645759,,,,1,용도지역코드,1020,일반주거지역,1,0,,일반주거지역,20221008
경상남도 양산시 중부동 675-14번지,48330,10300,0,0675,0014,12645759,,,,2,용도지구코드,160,택지개발지구,1,0,,택지개발지구,20221008
경상남도 양산시 중부동 675-14번지,48330,10300,0,0675,0014,12645759,,,,3,용도구역코드,300,지구단위계획구역,1,0,,지구단위계획구역,20221008
경상남도 양산시 중부동 676-1번지,48330,10300,0,0676,0001,12645861,,,,1,용도지역코드,1022,제2종일반주거지역,1,0,,제2종일반주거지역,20221008
경상남도 양산시 중부동 676-1번지,48330,10300,0,0676,0001,12645861,,,,2,용도지구코드,160,택지개발지구,1,0,,택지개발지구,20221008
경상남도 양산시 중부동 676-1번지,48330,10300,0,0676,0001,12645861,,,,3,용도구역코드,300,지구단위계획구역,1,0,,지구단위계획구역,20221008
경상남도 양산시 중부동 676-2번지,48330,10300,0,0676,0002,1264100026332,,,,1,용도지역코드,UQA121,제1종일반주거지역,1,0,,제1종일반주거지역,20221008
경상남도 양산시 중부동 676-2번지,48330,10300,0,0676,0002,1264100026332,,,,3,용도구역코드,UQQ310,제1종지구단위계획구역,1,0,,제1종지구단위계획구역,20221008
경상남도 양산시 중부동 676-2번지,48330,10300,0,0676,0002,1264100026332,,,,3,용도구역코드,UOA120,상대보호구역,0,0,,상대정화구역,20221008
경상남도 양산시 중부동 676-3번지,48330,10300,0,0676,0003,1264100065052,,,,1,용도지역코드,UQA121,제1종일반주거지역,1,0,,제1종일반주거지역,20221008
경상남도 양산시 중부동 676-3번지,48330,10300,0,0676,0003,1264100065052,,,,3,용도구역코드,UQQ310,제1종지구단위계획구역,1,0,,제1종지구단위계획구역,20221008
경상남도 양산시 중부동 676-3번지,48330,10300,0,0676,0003,1264100016895,,,,1,용도지역코드,1021,제1종일반주거지역,1,0,,제1종일반주거지역,20221008
경상남도 양산시 중부동 676-3번지,48330,10300,0,0676,0003,1264100016895,,,,3,용도구역코드,301,제1종지구단위계획구역,1,0,,제1종지구단위계획구역,20221008
경상남도 양산시 중부동 676-3번지,48330,10300,0,0676,0003,1264100016895,,,,3,용도구역코드,272,상대정화구역,0,0,,상대정화구역,20221008
경상남도 양산시 중부동 676-5번지,48330,10300,0,0676,0005,12644553,,,,1,용도지역코드,1022,제2종일반주거지역,1,0,,제2종일반주거지역,20221008
경상남도 양산시 중부동 676-5번지,48330,10300,0,0676,0005,12644553,,,,2,용도지구코드,160,택지개발지구,1,0,,택지개발지구,20221008
경상남도 양산시 중부동 676-5번지,48330,10300,0,0676,0005,12644553,,,,3,용도구역코드,300,지구단위계획구역,1,0,,지구단위계획구역,20221008
경상남도 양산시 중부동 676-6번지,48330,10300,0,0676,0006,12645786,,,,1,용도지역코드,1022,제2종일반주거지역,1,0,,제2종일반주거지역,20221008
경상남도 양산시 중부동 676-6번지,48330,10300,0,0676,0006,12645786,,,,2,용도지구코드,160,택지개발지구,1,0,,택지개발지구,20221008
경상남도 양산시 중부동 676-6번지,48330,10300,0,0676,0006,12645786,,,,3,용도구역코드,300,지구단위계획구역,1,0,,지구단위계획구역,20221008
경상남도 양산시 중부동 676-7번지,48330,10300,0,0676,0007,1264100022590,,,,1,용도지역코드,UQA121,제1종일반주거지역,1,0,,제1종일반주거지역,20221008
경상남도 양산시 중부동 676-7번지,48330,10300,0,0676,0007,1264100022590,,,,3,용도구역코드,UQQ310,제1종지구단위계획구역,1,0,,제1종지구단위계획구역,20221008
경상남도 양산시 중부동 676-7번지,48330,10300,0,0676,0007,1264100022590,,,,3,용도구역코드,UOA120,상대보호구역,0,0,,상대정화구역,20221008
경상남도 양산시 중부동 676-7번지,48330,10300,0,0676,0007,1264100015477,,,,1,용도지역코드,1021,제1종일반주거지역,1,0,,제1종일반주거지역,20221008
경상남도 양산시 중부동 676-7번지,48330,10300,0,0676,0007,1264100015477,,,,3,용도구역코드,301,제1종지구단위계획구역,1,0,,제1종지구단위계획구역,20221008
경상남도 양산시 중부동 676-8번지,48330,10300,0,0676,0008,12645796,,,,1,용도지역코드,1022,제2종일반주거지역,1,0,,제2종일반주거지역,20221008
경상남도 양산시 중부동 676-8번지,48330,10300,0,0676,0008,12645796,,,,2,용도지구코드,160,택지개발지구,1,0,,택지개발지구,20221008
경상남도 양산시 중부동 676-8번지,48330,10300,0,0676,0008,12645796,,,,3,용도구역코드,300,지구단위계획구역,1,0,,지구단위계획구역,20221008
경상남도 양산시 중부동 676-9번지,48330,10300,0,0676,0009,1264100004745,,,,1,용도지역코드,1021,제1종일반주거지역,1,0,,제1종일반주거지역,20221008
경상남도 양산시 중부동 676-9번지,48330,10300,0,0676,0009,1264100004745,,,,3,용도구역코드,301,제1종지구단위계획구역,1,0,,제1종지구단위계획구역,20221008
경상남도 양산시 중부동 676-10번지,48330,10300,0,0676,0010,12648078,,,,1,용도지역코드,1021,제1종일반주거지역,1,0,,제1종일반주거지역,20221008
경상남도 양산시 중부동 676-10번지,48330,10300,0,0676,0010,12648078,,,,3,용도구역코드,010,도시계획구역,0,0,,도시계획구역,20221008
경상남도 양산시 중부동 676-10번지,48330,10300,0,0676,0010,12648078,,,,3,용도구역코드,301,제1종지구단위계획구역,1,0,,제1종지구단위계획구역,20221008
경상남도 양산시 중부동 676-11번지,48330,10300,0,0676,0011,12643764,,,,1,용도지역코드,1020,일반주거지역,1,0,,일반주거지역,20221008
경상남도 양산시 중부동 676-11번지,48330,10300,0,0676,0011,12643764,,,,2,용도지구코드,160,택지개발지구,1,0,,택지개발지구,20221008
경상남도 양산시 중부동 676-11번지,48330,10300,0,0676,0011,12643764,,,,3,용도구역코드,290,도시설계구역,1,0,,도시설계구역,20221008
경상남도 양산시 중부동 676-11번지,48330,10300,0,0676,0011,1264100081420,,,,1,용도지역코드,UQA121,제1종일반주거지역,1,0,,제1종일반주거지역,20221008
경상남도 양산시 중부동 676-11번지,48330,10300,0,0676,0011,1264100081420,,,,3,용도구역코드,UQQ310,제1종지구단위계획구역,1,0,,제1종지구단위계획구역,20221008
경상남도 양산시 중부동 676-11번지,48330,10300,0,0676,0011,1264100081420,,,,3,용도구역코드,UOA120,상대보호구역,0,0,,상대정화구역,20221008
경상남도 양산시 중부동 677-2번지,48330,10300,0,0677,0002,12643949,,,,1,용도지역코드,1020,일반주거지역,1,0,,일반주거지역,20221008
경상남도 양산시 중부동 677-2번지,48330,10300,0,0677,0002,12643949,,,,2,용도지구코드,160,택지개발지구,1,0,,택지개발지구,20221008
경상남도 양산시 중부동 677-2번지,48330,10300,0,0677,0002,12643949,,,,3,용도구역코드,290,도시설계구역,1,0,,도시설계구역,20221008
경상남도 양산시 중부동 677-3번지,48330,10300,0,0677,0003,12643622,,,,1,용도지역코드,1020,일반주거지역,1,0,,일반주거지역,20221008
경상남도 양산시 중부동 677-4번지,48330,10300,0,0677,0004,12643646,,,,1,용도지역코드,1020,일반주거지역,1,0,,일반주거지역,20221008
경상남도 양산시 중부동 677-4번지,48330,10300,0,0677,0004,1264100036432,,,,1,용도지역코드,UQA121,제1종일반주거지역,1,0,,제1종일반주거지역,20221008
경상남도 양산시 중부동 677-4번지,48330,10300,0,0677,0004,1264100036432,,,,3,용도구역코드,UQQ310,제1종지구단위계획구역,1,0,,제1종지구단위계획구역,20221008
경상남도 양산시 중부동 677-5번지,48330,10300,0,0677,0005,1264100017694,,,,1,용도지역코드,1021,제1종일반주거지역,1,0,,제1종일반주거지역,20221008
경상남도 양산시 중부동 677-5번지,48330,10300,0,0677,0005,1264100017694,,,,3,용도구역코드,301,제1종지구단위계획구역,1,0,,제1종지구단위계획구역,20221008
경상남도 양산시 중부동 677-7번지,48330,10300,0,0677,0007,1264100026309,,,,1,용도지역코드,UQA121,제1종일반주거지역,1,0,,제1종일반주거지역,20221008
경상남도 양산시 중부동 677-7번지,48330,10300,0,0677,0007,1264100026309,,,,3,용도구역코드,UQQ310,제1종지구단위계획구역,1,0,,제1종지구단위계획구역,20221008
경상남도 양산시 중부동 678-1번지,48330,10300,0,0678,0001,12643679,,,,1,용도지역코드,1020,일반주거지역,1,0,,일반주거지역,20221008
경상남도 양산시 중부동 678-2번지,48330,10300,0,0678,0002,12644906,,,,1,용도지역코드,1022,제2종일반주거지역,1,0,,제2종일반주거지역,20221008
경상남도 양산시 중부동 678-3번지,48330,10300,0,0678,0003,12644053,,,,1,용도지역코드,1022,제2종일반주거지역,1,0,,제2종일반주거지역,20221008
경상남도 양산시 중부동 678-3번지,48330,10300,0,0678,0003,12644053,,,,2,용도지구코드,160,택지개발지구,1,0,,택지개발지구,20221008
경상남도 양산시 중부동 678-3번지,48330,10300,0,0678,0003,12644053,,,,3,용도구역코드,300,지구단위계획구역,1,0,,지구단위계획구역,20221008
경상남도 양산시 중부동 678-4번지,48330,10300,0,0678,0004,12643732,,,,1,용도지역코드,1020,일반주거지역,1,0,,일반주거지역,20221008
경상남도 양산시 중부동 678-4번지,48330,10300,0,0678,0004,12643732,,,,2,용도지구코드,160,택지개발지구,1,0,,택지개발지구,20221008
경상남도 양산시 중부동 678-4번지,48330,10300,0,0678,0004,12643732,,,,3,용도구역코드,290,도시설계구역,1,0,,도시설계구역,20221008
경상남도 양산시 중부동 678-5번지,48330,10300,0,0678,0005,12645832,,,,1,용도지역코드,1022,제2종일반주거지역,1,0,,제2종일반주거지역,20221008
경상남도 양산시 중부동 678-5번지,48330,10300,0,0678,0005,12645832,,,,2,용도지구코드,160,택지개발지구,1,0,,택지개발지구,20221008
경상남도 양산시 중부동 678-5번지,48330,10300,0,0678,0005,12645832,,,,3,용도구역코드,300,지구단위계획구역,1,0,,지구단위계획구역,20221008
경상남도 양산시 중부동 678-6번지,48330,10300,0,0678,0006,12646394,,,,1,용도지역코드,1021,제1종일반주거지역,1,0,,제1종일반주거지역,20221008
경상남도 양산시 중부동 678-6번지,48330,10300,0,0678,0006,12646394,,,,3,용도구역코드,301,제1종지구단위계획구역,1,0,,제1종지구단위계획구역,20221008
경상남도 양산시 중부동 678-7번지,48330,10300,0,0678,0007,12643270,,,,1,용도지역코드,1020,일반주거지역,1,0,,일반주거지역,20221008
경상남도 양산시 중부동 678-8번지,48330,10300,0,0678,0008,12645741,,,,1,용도지역코드,1022,제2종일반주거지역,1,0,,제2종일반주거지역,20221008
경상남도 양산시 중부동 678-8번지,48330,10300,0,0678,0008,12645741,,,,2,용도지구코드,160,택지개발지구,1,0,,택지개발지구,20221008
경상남도 양산시 중부동 678-8번지,48330,10300,0,0678,0008,12645741,,,,3,용도구역코드,290,도시설계구역,1,0,,도시설계구역,20221008
경상남도 양산시 중부동 678-9번지,48330,10300,0,0678,0009,12645522,,,,1,용도지역코드,1022,제2종일반주거지역,1,0,,제2종일반주거지역,20221008
경상남도 양산시 중부동 678-9번지,48330,10300,0,0678,0009,12645522,,,,2,용도지구코드,160,택지개발지구,1,0,,택지개발지구,20221008
경상남도 양산시 중부동 678-9번지,48330,10300,0,0678,0009,12645522,,,,3,용도구역코드,301,제1종지구단위계획구역,1,0,,제1종지구단위계획구역,20221008
경상남도 양산시 중부동 678-10번지,48330,10300,0,0678,0010,12643176,,,,1,용도지역코드,1020,일반주거지역,1,0,,일반주거지역,20221008
경상남도 양산시 중부동 678-11번지,48330,10300,0,0678,0011,1264100029089,,,,1,용도지역코드,UQA121,제1종일반주거지역,1,0,,제1종일반주거지역,20221008
경상남도 양산시 중부동 678-11번지,48330,10300,0,0678,0011,1264100029089,,,,3,용도구역코드,UQQ310,제1종지구단위계획구역,1,0,,제1종지구단위계획구역,20221008
경상남도 양산시 중부동 678-11번지,48330,10300,0,0678,0011,1264100029089,,,,3,용도구역코드,UOA120,상대보호구역,0,0,,상대정화구역,20221008
경상남도 양산시 중부동 678-12번지,48330,10300,0,0678,0012,1264100033207,,,,1,용도지역코드,UQA121,제1종일반주거지역,1,0,,제1종일반주거지역,20221008
경상남도 양산시 중부동 678-12번지,48330,10300,0,0678,0012,1264100033207,,,,3,용도구역코드,UQQ310,제1종지구단위계획구역,1,0,,제1종지구단위계획구역,20221008
경상남도 양산시 중부동 678-12번지,48330,10300,0,0678,0012,1264100033207,,,,3,용도구역코드,UOA120,상대보호구역,0,0,,상대정화구역,20221008
경상남도 양산시 중부동 678-13번지,48330,10300,0,0678,0013,1264100073123,,,,1,용도지역코드,UQA121,제1종일반주거지역,1,0,,제1종일반주거지역,20221008
경상남도 양산시 중부동 678-13번지,48330,10300,0,0678,0013,1264100073123,,,,3,용도구역코드,UQQ310,제1종지구단위계획구역,1,0,,제1종지구단위계획구역,20221008
경상남도 양산시 중부동 678-13번지,48330,10300,0,0678,0013,1264100073123,,,,3,용도구역코드,UOA120,상대보호구역,0,0,,상대정화구역,20221008
경상남도 양산시 중부동 678-14번지,48330,10300,0,0678,0014,1264100023849,,,,1,용도지역코드,UQA121,제1종일반주거지역,1,0,,제1종일반주거지역,20221008
경상남도 양산시 중부동 678-14번지,48330,10300,0,0678,0014,1264100023849,,,,3,용도구역코드,UQQ310,제1종지구단위계획구역,1,0,,제1종지구단위계획구역,20221008
경상남도 양산시 중부동 678-15번지,48330,10300,0,0678,0015,12645665,,,,1,용도지역코드,1022,제2종일반주거지역,1,0,,제2종일반주거지역,20221008
경상남도 양산시 중부동 678-16번지,48330,10300,0,0678,0016,1264100052110,,,,1,용도지역코드,UQA121,제1종일반주거지역,1,0,,제1종일반주거지역,20221008
경상남도 양산시 중부동 678-16번지,48330,10300,0,0678,0016,1264100052110,,,,3,용도구역코드,UQQ310,제1종지구단위계획구역,1,0,,제1종지구단위계획구역,20221008
경상남도 양산시 중부동 678-16번지,48330,10300,0,0678,0016,12646554,,,,1,용도지역코드,1022,제2종일반주거지역,1,0,,제2종일반주거지역,20221008
경상남도 양산시 중부동 678-16번지,48330,10300,0,0678,0016,12646554,,,,3,용도구역코드,301,제1종지구단위계획구역,1,0,,제1종지구단위계획구역,20221008
경상남도 양산시 중부동 678-17번지,48330,10300,0,0678,0017,12644817,,,,1,용도지역코드,1022,제2종일반주거지역,1,0,,제2종일반주거지역,20221008
경상남도 양산시 중부동 678-17번지,48330,10300,0,0678,0017,12644817,,,,2,용도지구코드,160,택지개발지구,1,0,,택지개발지구,20221008
경상남도 양산시 중부동 678-17번지,48330,10300,0,0678,0017,12644817,,,,3,용도구역코드,300,지구단위계획구역,1,0,,지구단위계획구역,20221008
경상남도 양산시 중부동 678-18번지,48330,10300,0,0678,0018,1264100026010,,,,1,용도지역코드,UQA121,제1종일반주거지역,1,0,,제1종일반주거지역,20221008
경상남도 양산시 중부동 678-18번지,48330,10300,0,0678,0018,1264100026010,,,,3,용도구역코드,UQQ310,제1종지구단위계획구역,1,0,,제1종지구단위계획구역,20221008
경상남도 양산시 중부동 678-19번지,48330,10300,0,0678,0019,12644989,,,,1,용도지역코드,1020,일반주거지역,1,0,,일반주거지역,20221008
경상남도 양산시 중부동 678-19번지,48330,10300,0,0678,0019,12644989,,,,2,용도지구코드,160,택지개발지구,1,0,,택지개발지구,20221008
경상남도 양산시 중부동 678-19번지,48330,10300,0,0678,0019,12644989,,,,3,용도구역코드,300,지구단위계획구역,1,0,,지구단위계획구역,20221008
경상남도 양산시 중부동 679-1번지,48330,10300,0,0679,0001,12647351,,,,1,용도지역코드,1021,제1종일반주거지역,1,0,,제1종일반주거지역,20221008
경상남도 양산시 중부동 679-1번지,48330,10300,0,0679,0001,12647351,,,,3,용도구역코드,300,지구단위계획구역,1,0,,지구단위계획구역,20221008
경상남도 양산시 중부동 679-2번지,48330,10300,0,0679,0002,1264100019816,,,,1,용도지역코드,1021,제1종일반주거지역,1,0,,제1종일반주거지역,20221008
경상남도 양산시 중부동 679-2번지,48330,10300,0,0679,0002,1264100019816,,,,3,용도구역코드,301,제1종지구단위계획구역,1,0,,제1종지구단위계획구역,20221008
경상남도 양산시 중부동 679-3번지,48330,10300,0,0679,0003,1264100034031,,,,1,용도지역코드,UQA121,제1종일반주거지역,1,0,,제1종일반주거지역,20221008
경상남도 양산시 중부동 679-3번지,48330,10300,0,0679,0003,1264100034031,,,,3,용도구역코드,UQQ310,제1종지구단위계획구역,1,0,,제1종지구단위계획구역,20221008
경상남도 양산시 중부동 679-3번지,48330,10300,0,0679,0003,1264100034031,,,,3,용도구역코드,UOA120,상대보호구역,0,0,,상대정화구역,20221008
경상남도 양산시 중부동 679-4번지,48330,10300,0,0679,0004,12645664,,,,1,용도지역코드,1022,제2종일반주거지역,1,0,,제2종일반주거지역,20221008
경상남도 양산시 중부동 679-4번지,48330,10300,0,0679,0004,12645664,,,,2,용도지구코드,160,택지개발지구,1,0,,택지개발지구,20221008
경상남도 양산시 중부동 679-4번지,48330,10300,0,0679,0004,12645664,,,,3,용도구역코드,300,지구단위계획구역,1,0,,지구단위계획구역,20221008
경상남도 양산시 중부동 679-5번지,48330,10300,0,0679,0005,12643903,,,,1,용도지역코드,1022,제2종일반주거지역,1,0,,제2종일반주거지역,20221008
경상남도 양산시 중부동 679-5번지,48330,10300,0,0679,0005,12643903,,,,2,용도지구코드,160,택지개발지구,1,0,,택지개발지구,20221008
경상남도 양산시 중부동 679-5번지,48330,10300,0,0679,0005,12643903,,,,3,용도구역코드,300,지구단위계획구역,1,0,,지구단위계획구역,20221008
경상남도 양산시 중부동 679-6번지,48330,10300,0,0679,0006,12644651,,,,1,용도지역코드,1020,일반주거지역,1,0,,일반주거지역,20221008
경상남도 양산시 중부동 679-6번지,48330,10300,0,0679,0006,12644651,,,,2,용도지구코드,160,택지개발지구,1,0,,택지개발지구,20221008
경상남도 양산시 중부동 679-6번지,48330,10300,0,0679,0006,12644651,,,,3,용도구역코드,300,지구단위계획구역,1,0,,지구단위계획구역,20221008
경상남도 양산시 중부동 679-7번지,48330,10300,0,0679,0007,1264100130104,,,,1,용도지역코드,UQA121,제1종일반주거지역,1,0,,제1종일반주거지역,20221008
경상남도 양산시 중부동 679-7번지,48330,10300,0,0679,0007,1264100130104,,,,3,용도구역코드,UQQ310,제1종지구단위계획구역,1,0,,제1종지구단위계획구역,20221008
경상남도 양산시 중부동 679-7번지,48330,10300,0,0679,0007,1264100130104,,,,3,용도구역코드,UMZ100,가축사육제한구역,0,0,,가축사육제한구역,20221008
경상남도 양산시 중부동 679-7번지,48330,10300,0,0679,0007,1264100130104,,,,3,용도구역코드,UOA120,상대보호구역,0,0,,상대보호구역,20221008
경상남도 양산시 중부동 679-9번지,48330,10300,0,0679,0009,1264100006090,,,,1,용도지역코드,1021,제1종일반주거지역,1,0,,제1종일반주거지역,20221008
경상남도 양산시 중부동 679-9번지,48330,10300,0,0679,0009,1264100006090,,,,3,용도구역코드,301,제1종지구단위계획구역,1,0,,제1종지구단위계획구역,20221008
경상남도 양산시 중부동 679-10번지,48330,10300,0,0679,0010,12644652,,,,1,용도지역코드,1022,제2종일반주거지역,1,0,,제2종일반주거지역,20221008
경상남도 양산시 중부동 679-10번지,48330,10300,0,0679,0010,12644652,,,,2,용도지구코드,160,택지개발지구,1,0,,택지개발지구,20221008
경상남도 양산시 중부동 679-10번지,48330,10300,0,0679,0010,12644652,,,,3,용도구역코드,300,지구단위계획구역,1,0,,지구단위계획구역,20221008
경상남도 양산시 중부동 679-11번지,48330,10300,0,0679,0011,12643146,,,,1,용도지역코드,1020,일반주거지역,1,0,,일반주거지역,20221008
경상남도 양산시 중부동 679-12번지,48330,10300,0,0679,0012,12643195,,,,1,용도지역코드,1020,일반주거지역,1,0,,일반주거지역,20221008
경상남도 양산시 중부동 679-13번지,48330,10300,0,0679,0013,12643927,,,,1,용도지역코드,1022,제2종일반주거지역,1,0,,제2종일반주거지역,20221008
경상남도 양산시 중부동 679-13번지,48330,10300,0,0679,0013,12643927,,,,2,용도지구코드,160,택지개발지구,1,0,,택지개발지구,20221008
경상남도 양산시 중부동 679-13번지,48330,10300,0,0679,0013,12643927,,,,3,용도구역코드,300,지구단위계획구역,1,0,,지구단위계획구역,20221008
경상남도 양산시 중부동 679-14번지,48330,10300,0,0679,0014,12645676,,,,1,용도지역코드,1022,제2종일반주거지역,1,0,,제2종일반주거지역,20221008
경상남도 양산시 중부동 679-14번지,48330,10300,0,0679,0014,12645676,,,,3,용도구역코드,300,지구단위계획구역,1,0,,지구단위계획구역,20221008
경상남도 양산시 중부동 679-15번지,48330,10300,0,0679,0015,12643666,,,,1,용도지역코드,1020,일반주거지역,1,0,,일반주거지역,20221008
경상남도 양산시 중부동 679-15번지,48330,10300,0,0679,0015,12643666,,,,2,용도지구코드,160,택지개발지구,1,0,,택지개발지구,20221008
경상남도 양산시 중부동 679-15번지,48330,10300,0,0679,0015,12643666,,,,3,용도구역코드,290,도시설계구역,1,0,,도시설계구역,20221008
경상남도 양산시 중부동 679-16번지,48330,10300,0,0679,0016,1264100028251,,,,1,용도지역코드,UQA121,제1종일반주거지역,1,0,,제1종일반주거지역,20221008
경상남도 양산시 중부동 679-16번지,48330,10300,0,0679,0016,1264100028251,,,,3,용도구역코드,UQQ310,제1종지구단위계획구역,1,0,,제1종지구단위계획구역,20221008
경상남도 양산시 중부동 679-16번지,48330,10300,0,0679,0016,1264100028251,,,,3,용도구역코드,UOA120,상대보호구역,0,0,,상대정화구역,20221008
경상남도 양산시 중부동 679-17번지,48330,10300,0,0679,0017,12644735,,,,1,용도지역코드,1022,제2종일반주거지역,1,0,,제2종일반주거지역,20221008
경상남도 양산시 중부동 679-17번지,48330,10300,0,0679,0017,12644735,,,,2,용도지구코드,160,택지개발지구,1,0,,택지개발지구,20221008
경상남도 양산시 중부동 679-17번지,48330,10300,0,0679,0017,12644735,,,,3,용도구역코드,300,지구단위계획구역,1,0,,지구단위계획구역,20221008
경상남도 양산시 중부동 679-18번지,48330,10300,0,0679,0018,12644045,,,,1,용도지역코드,1022,제2종일반주거지역,1,0,,제2종일반주거지역,20221008
경상남도 양산시 중부동 679-18번지,48330,10300,0,0679,0018,12644045,,,,2,용도지구코드,160,택지개발지구,1,0,,택지개발지구,20221008
경상남도 양산시 중부동 679-18번지,48330,10300,0,0679,0018,12644045,,,,3,용도구역코드,300,지구단위계획구역,1,0,,지구단위계획구역,20221008
경상남도 양산시 중부동 679-19번지,48330,10300,0,0679,0019,1264100028733,,,,1,용도지역코드,UQA121,제1종일반주거지역,1,0,,제1종일반주거지역,20221008
경상남도 양산시 중부동 679-19번지,48330,10300,0,0679,0019,1264100028733,,,,3,용도구역코드,UQQ310,제1종지구단위계획구역,1,0,,제1종지구단위계획구역,20221008
경상남도 양산시 중부동 679-19번지,48330,10300,0,0679,0019,1264100028733,,,,3,용도구역코드,UOA120,상대보호구역,0,0,,상대정화구역,20221008
경상남도 양산시 중부동 679-20번지,48330,10300,0,0679,0020,12643861,,,,1,용도지역코드,1020,일반주거지역,1,0,,일반주거지역,20221008
경상남도 양산시 중부동 679-20번지,48330,10300,0,0679,0020,12643861,,,,2,용도지구코드,160,택지개발지구,1,0,,택지개발지구,20221008
경상남도 양산시 중부동 679-20번지,48330,10300,0,0679,0020,12643861,,,,3,용도구역코드,290,도시설계구역,1,0,,도시설계구역,20221008
경상남도 양산시 중부동 679-21번지,48330,10300,0,0679,0021,12644967,,,,1,용도지역코드,1022,제2종일반주거지역,1,0,,제2종일반주거지역,20221008
경상남도 양산시 중부동 679-21번지,48330,10300,0,0679,0021,12644967,,,,2,용도지구코드,160,택지개발지구,1,0,,택지개발지구,20221008
경상남도 양산시 중부동 679-21번지,48330,10300,0,0679,0021,12644967,,,,3,용도구역코드,301,제1종지구단위계획구역,1,0,,제1종지구단위계획구역,20221008
경상남도 양산시 중부동 679-21번지,48330,10300,0,0679,0021,12643214,,,,1,용도지역코드,1020,일반주거지역,1,0,,일반주거지역,20221008
경상남도 양산시 중부동 679-22번지,48330,10300,0,0679,0022,12643188,,,,1,용도지역코드,1020,일반주거지역,1,0,,일반주거지역,20221008
경상남도 양산시 중부동 679-23번지,48330,10300,0,0679,0023,12645767,,,,1,용도지역코드,1022,제2종일반주거지역,1,0,,제2종일반주거지역,20221008
경상남도 양산시 중부동 679-23번지,48330,10300,0,0679,0023,12645767,,,,3,용도구역코드,301,제1종지구단위계획구역,1,0,,제1종지구단위계획구역,20221008
경상남도 양산시 중부동 680-1번지,48330,10300,0,0680,0001,1264100035221,,,,1,용도지역코드,UQA121,제1종일반주거지역,1,0,,제1종일반주거지역,20221008
경상남도 양산시 중부동 680-1번지,48330,10300,0,0680,0001,1264100035221,,,,3,용도구역코드,UQQ310,제1종지구단위계획구역,1,0,,제1종지구단위계획구역,20221008
경상남도 양산시 중부동 680-2번지,48330,10300,0,0680,0002,12643600,,,,1,용도지역코드,1020,일반주거지역,1,0,,일반주거지역,20221008
경상남도 양산시 중부동 680-2번지,48330,10300,0,0680,0002,12643600,,,,2,용도지구코드,160,택지개발지구,1,0,,택지개발지구,20221008
경상남도 양산시 중부동 680-2번지,48330,10300,0,0680,0002,12643600,,,,2,용도지구코드,210,도시설계지구,0,0,,도시설계지구,20221008
경상남도 양산시 중부동 680-2번지,48330,10300,0,0680,0002,12643600,,,,3,용도구역코드,290,도시설계구역,1,0,,도시설계구역,20221008
경상남도 양산시 중부동 680-2번지,48330,10300,0,0680,0002,12643600,,,,3,용도구역코드,010,도시계획구역,0,0,,도시계획구역,20221008
경상남도 양산시 중부동 680-3번지,48330,10300,0,0680,0003,1264100025290,,,,1,용도지역코드,UQA121,제1종일반주거지역,1,0,,제1종일반주거지역,20221008
경상남도 양산시 중부동 680-3번지,48330,10300,0,0680,0003,1264100025290,,,,3,용도구역코드,UQQ310,제1종지구단위계획구역,1,0,,제1종지구단위계획구역,20221008
경상남도 양산시 중부동 680-3번지,48330,10300,0,0680,0003,1264100025290,,,,3,용도구역코드,UOA120,상대보호구역,0,0,,상대정화구역,20221008
경상남도 양산시 중부동 680-4번지,48330,10300,0,0680,0004,12644724,,,,1,용도지역코드,1022,제2종일반주거지역,1,0,,제2종일반주거지역,20221008
경상남도 양산시 중부동 680-4번지,48330,10300,0,0680,0004,12644724,,,,2,용도지구코드,160,택지개발지구,1,0,,택지개발지구,20221008
경상남도 양산시 중부동 680-4번지,48330,10300,0,0680,0004,12644724,,,,3,용도구역코드,300,지구단위계획구역,1,0,,지구단위계획구역,20221008
경상남도 양산시 중부동 680-5번지,48330,10300,0,0680,0005,12644764,,,,1,용도지역코드,1022,제2종일반주거지역,1,0,,제2종일반주거지역,20221008
경상남도 양산시 중부동 680-5번지,48330,10300,0,0680,0005,12644764,,,,2,용도지구코드,160,택지개발지구,1,0,,택지개발지구,20221008
경상남도 양산시 중부동 680-5번지,48330,10300,0,0680,0005,12644764,,,,3,용도구역코드,300,지구단위계획구역,1,0,,지구단위계획구역,20221008
경상남도 양산시 중부동 680-6번지,48330,10300,0,0680,0006,12646426,,,,1,용도지역코드,1022,제2종일반주거지역,1,0,,제2종일반주거지역,20221008
경상남도 양산시 중부동 680-6번지,48330,10300,0,0680,0006,12646426,,,,2,용도지구코드,160,택지개발지구,1,0,,택지개발지구,20221008
경상남도 양산시 중부동 680-6번지,48330,10300,0,0680,0006,12646426,,,,3,용도구역코드,300,지구단위계획구역,1,0,,지구단위계획구역,20221008
경상남도 양산시 중부동 680-6번지,48330,10300,0,0680,0006,1264100019476,,,,1,용도지역코드,1021,제1종일반주거지역,1,0,,제1종일반주거지역,20221008
경상남도 양산시 중부동 680-6번지,48330,10300,0,0680,0006,1264100019476,,,,3,용도구역코드,301,제1종지구단위계획구역,1,0,,제1종지구단위계획구역,20221008
경상남도 양산시 중부동 680-6번지,48330,10300,0,0680,0006,1264100019476,,,,3,용도구역코드,272,상대정화구역,0,0,,상대정화구역,20221008
경상남도 양산시 중부동 680-7번지,48330,10300,0,0680,0007,12644742,,,,1,용도지역코드,1022,제2종일반주거지역,1,0,,제2종일반주거지역,20221008
경상남도 양산시 중부동 680-7번지,48330,10300,0,0680,0007,12644742,,,,2,용도지구코드,160,택지개발지구,1,0,,택지개발지구,20221008
경상남도 양산시 중부동 680-7번지,48330,10300,0,0680,0007,12644742,,,,3,용도구역코드,300,지구단위계획구역,1,0,,지구단위계획구역,20221008
경상남도 양산시 중부동 680-8번지,48330,10300,0,0680,0008,12643296,,,,1,용도지역코드,1020,일반주거지역,1,0,,일반주거지역,20221008
경상남도 양산시 중부동 680-8번지,48330,10300,0,0680,0008,1264100021016,,,,1,용도지역코드,1021,제1종일반주거지역,1,0,,제1종일반주거지역,20221008
경상남도 양산시 중부동 680-8번지,48330,10300,0,0680,0008,1264100021016,,,,3,용도구역코드,301,제1종지구단위계획구역,1,0,,제1종지구단위계획구역,20221008
경상남도 양산시 중부동 680-9번지,48330,10300,0,0680,0009,1264100020824,,,,1,용도지역코드,1021,제1종일반주거지역,1,0,,제1종일반주거지역,20221008
경상남도 양산시 중부동 680-9번지,48330,10300,0,0680,0009,1264100020824,,,,3,용도구역코드,301,제1종지구단위계획구역,1,0,,제1종지구단위계획구역,20221008
경상남도 양산시 중부동 680-10번지,48330,10300,0,0680,0010,1264100025710,,,,1,용도지역코드,UQA121,제1종일반주거지역,1,0,,제1종일반주거지역,20221008
경상남도 양산시 중부동 680-10번지,48330,10300,0,0680,0010,1264100025710,,,,3,용도구역코드,UQQ310,제1종지구단위계획구역,1,0,,제1종지구단위계획구역,20221008
경상남도 양산시 중부동 680-10번지,48330,10300,0,0680,0010,1264100025710,,,,3,용도구역코드,UOA120,상대보호구역,0,0,,상대정화구역,20221008
경상남도 양산시 중부동 680-11번지,48330,10300,0,0680,0011,12643862,,,,1,용도지역코드,1022,제2종일반주거지역,1,0,,제2종일반주거지역,20221008
경상남도 양산시 중부동 680-11번지,48330,10300,0,0680,0011,12643862,,,,2,용도지구코드,160,택지개발지구,1,0,,택지개발지구,20221008
경상남도 양산시 중부동 680-11번지,48330,10300,0,0680,0011,12643862,,,,3,용도구역코드,290,도시설계구역,1,0,,도시설계구역,20221008
경상남도 양산시 중부동 680-12번지,48330,10300,0,0680,0012,12645689,,,,1,용도지역코드,1022,제2종일반주거지역,1,0,,제2종일반주거지역,20221008
경상남도 양산시 중부동 680-13번지,48330,10300,0,0680,0013,12646535,,,,1,용도지역코드,1021,제1종일반주거지역,1,0,,제1종일반주거지역,20221008
경상남도 양산시 중부동 680-13번지,48330,10300,0,0680,0013,12646535,,,,2,용도지구코드,160,택지개발지구,1,0,,택지개발지구,20221008
경상남도 양산시 중부동 680-13번지,48330,10300,0,0680,0013,12646535,,,,3,용도구역코드,300,지구단위계획구역,1,0,,지구단위계획구역,20221008
경상남도 양산시 중부동 680-14번지,48330,10300,0,0680,0014,12643096,,,,1,용도지역코드,1020,일반주거지역,1,0,,일반주거지역,20221008
경상남도 양산시 중부동 680-15번지,48330,10300,0,0680,0015,12643656,,,,1,용도지역코드,1020,일반주거지역,1,0,,일반주거지역,20221008
경상남도 양산시 중부동 680-15번지,48330,10300,0,0680,0015,12643656,,,,2,용도지구코드,160,택지개발지구,1,0,,택지개발지구,20221008
경상남도 양산시 중부동 680-15번지,48330,10300,0,0680,0015,12643656,,,,2,용도지구코드,210,도시설계지구,0,0,,도시설계지구,20221008
경상남도 양산시 중부동 680-15번지,48330,10300,0,0680,0015,12643656,,,,3,용도구역코드,010,도시계획구역,1,0,,도시계획구역,20221008
경상남도 양산시 중부동 680-15번지,48330,10300,0,0680,0015,12643656,,,,3,용도구역코드,290,도시설계구역,0,0,,도시설계구역,20221008
경상남도 양산시 중부동 680-16번지,48330,10300,0,0680,0016,1264100082769,,,,1,용도지역코드,UQA121,제1종일반주거지역,1,0,,제1종일반주거지역,20221008
경상남도 양산시 중부동 680-16번지,48330,10300,0,0680,0016,1264100082769,,,,3,용도구역코드,UQQ310,제1종지구단위계획구역,1,0,,제1종지구단위계획구역,20221008
경상남도 양산시 중부동 680-16번지,48330,10300,0,0680,0016,1264100082769,,,,3,용도구역코드,UOA120,상대보호구역,0,0,,상대정화구역,20221008
경상남도 양산시 중부동 681-1번지,48330,10300,0,0681,0001,12644673,,,,1,용도지역코드,1022,제2종일반주거지역,1,0,,제2종일반주거지역,20221008
경상남도 양산시 중부동 681-1번지,48330,10300,0,0681,0001,12644673,,,,2,용도지구코드,160,택지개발지구,1,0,,택지개발지구,20221008
경상남도 양산시 중부동 681-1번지,48330,10300,0,0681,0001,12644673,,,,3,용도구역코드,300,지구단위계획구역,1,0,,지구단위계획구역,20221008
경상남도 양산시 중부동 681-2번지,48330,10300,0,0681,0002,1264100048226,,,,1,용도지역코드,UQA121,제1종일반주거지역,1,0,,제1종일반주거지역,20221008
경상남도 양산시 중부동 681-2번지,48330,10300,0,0681,0002,1264100048226,,,,3,용도구역코드,UQQ310,제1종지구단위계획구역,1,0,,제1종지구단위계획구역,20221008
경상남도 양산시 중부동 681-3번지,48330,10300,0,0681,0003,12644740,,,,1,용도지역코드,1022,제2종일반주거지역,1,0,,제2종일반주거지역,20221008
경상남도 양산시 중부동 681-3번지,48330,10300,0,0681,0003,12644740,,,,2,용도지구코드,160,택지개발지구,1,0,,택지개발지구,20221008
경상남도 양산시 중부동 681-3번지,48330,10300,0,0681,0003,12644740,,,,3,용도구역코드,300,지구단위계획구역,1,0,,지구단위계획구역,20221008
경상남도 양산시 중부동 681-4번지,48330,10300,0,0681,0004,12643303,,,,1,용도지역코드,1020,일반주거지역,1,0,,일반주거지역,20221008
경상남도 양산시 중부동 681-5번지,48330,10300,0,0681,0005,12645818,,,,1,용도지역코드,1022,제2종일반주거지역,1,0,,제2종일반주거지역,20221008
경상남도 양산시 중부동 681-6번지,48330,10300,0,0681,0006,12644705,,,,1,용도지역코드,1022,제2종일반주거지역,1,0,,제2종일반주거지역,20221008
경상남도 양산시 중부동 681-6번지,48330,10300,0,0681,0006,12644705,,,,2,용도지구코드,160,택지개발지구,1,0,,택지개발지구,20221008
경상남도 양산시 중부동 681-6번지,48330,10300,0,0681,0006,12644705,,,,3,용도구역코드,300,지구단위계획구역,1,0,,지구단위계획구역,20221008
경상남도 양산시 중부동 681-7번지,48330,10300,0,0681,0007,1264100029414,,,,1,용도지역코드,UQA121,제1종일반주거지역,1,0,,제1종일반주거지역,20221008
경상남도 양산시 중부동 681-7번지,48330,10300,0,0681,0007,1264100029414,,,,3,용도구역코드,UQQ310,제1종지구단위계획구역,1,0,,제1종지구단위계획구역,20221008
경상남도 양산시 중부동 681-8번지,48330,10300,0,0681,0008,1264100019056,,,,1,용도지역코드,1021,제1종일반주거지역,1,0,,제1종일반주거지역,20221008
경상남도 양산시 중부동 681-8번지,48330,10300,0,0681,0008,1264100019056,,,,3,용도구역코드,301,제1종지구단위계획구역,1,0,,제1종지구단위계획구역,20221008
경상남도 양산시 중부동 681-8번지,48330,10300,0,0681,0008,12646439,,,,1,용도지역코드,1021,제1종일반주거지역,1,0,,제1종일반주거지역,20221008
경상남도 양산시 중부동 681-8번지,48330,10300,0,0681,0008,12646439,,,,3,용도구역코드,300,지구단위계획구역,1,0,,지구단위계획구역,20221008
경상남도 양산시 중부동 681-9번지,48330,10300,0,0681,0009,1264100051429,,,,1,용도지역코드,UQA121,제1종일반주거지역,1,0,,제1종일반주거지역,20221008
경상남도 양산시 중부동 681-9번지,48330,10300,0,0681,0009,1264100051429,,,,3,용도구역코드,UQQ310,제1종지구단위계획구역,1,0,,제1종지구단위계획구역,20221008
경상남도 양산시 중부동 681-10번지,48330,10300,0,0681,0010,1264100114618,,,,1,용도지역코드,UQA121,제1종일반주거지역,1,0,,제1종일반주거지역,20221008
경상남도 양산시 중부동 681-10번지,48330,10300,0,0681,0010,1264100114618,,,,3,용도구역코드,UQQ310,제1종지구단위계획구역,1,0,,제1종지구단위계획구역,20221008
경상남도 양산시 중부동 681-11번지,48330,10300,0,0681,0011,12643175,,,,1,용도지역코드,1020,일반주거지역,1,0,,일반주거지역,20221008
경상남도 양산시 중부동 681-12번지,48330,10300,0,0681,0012,12643655,,,,1,용도지역코드,1020,일반주거지역,1,0,,일반주거지역,20221008
경상남도 양산시 중부동 681-12번지,48330,10300,0,0681,0012,12643655,,,,2,용도지구코드,160,택지개발지구,1,0,,택지개발지구,20221008
경상남도 양산시 중부동 681-12번지,48330,10300,0,0681,0012,12643655,,,,2,용도지구코드,210,도시설계지구,0,0,,도시설계지구,20221008
경상남도 양산시 중부동 681-12번지,48330,10300,0,0681,0012,12643655,,,,3,용도구역코드,140,택지개발사업구역,1,0,,택지개발사업구역,20221008
경상남도 양산시 중부동 681-12번지,48330,10300,0,0681,0012,12643655,,,,3,용도구역코드,290,도시설계구역,0,0,,도시설계구역,20221008
경상남도 양산시 중부동 682-1번지,48330,10300,0,0682,0001,12644638,,,,1,용도지역코드,1022,제2종일반주거지역,1,0,,제2종일반주거지역,20221008
경상남도 양산시 중부동 682-1번지,48330,10300,0,0682,0001,12644638,,,,2,용도지구코드,160,택지개발지구,1,0,,택지개발지구,20221008
경상남도 양산시 중부동 682-1번지,48330,10300,0,0682,0001,12644638,,,,3,용도구역코드,300,지구단위계획구역,1,0,,지구단위계획구역,20221008
경상남도 양산시 중부동 682-3번지,48330,10300,0,0682,0003,12645623,,,,1,용도지역코드,1022,제2종일반주거지역,1,0,,제2종일반주거지역,20221008
경상남도 양산시 중부동 682-3번지,48330,10300,0,0682,0003,12645623,,,,3,용도구역코드,300,지구단위계획구역,1,0,,지구단위계획구역,20221008
경상남도 양산시 중부동 682-4번지,48330,10300,0,0682,0004,12646388,,,,1,용도지역코드,1022,제2종일반주거지역,1,0,,제2종일반주거지역,20221008
경상남도 양산시 중부동 682-5번지,48330,10300,0,0682,0005,12643737,,,,1,용도지역코드,1020,일반주거지역,1,0,,일반주거지역,20221008
경상남도 양산시 중부동 682-5번지,48330,10300,0,0682,0005,12643737,,,,2,용도지구코드,210,도시설계지구,1,0,,도시설계지구,20221008
경상남도 양산시 중부동 682-5번지,48330,10300,0,0682,0005,12643737,,,,3,용도구역코드,290,도시설계구역,1,0,,도시설계구역,20221008
경상남도 양산시 중부동 682-6번지,48330,10300,0,0682,0006,1264100030577,,,,1,용도지역코드,UQA121,제1종일반주거지역,1,0,,제1종일반주거지역,20221008
경상남도 양산시 중부동 682-6번지,48330,10300,0,0682,0006,1264100030577,,,,3,용도구역코드,UQQ310,제1종지구단위계획구역,1,0,,제1종지구단위계획구역,20221008
경상남도 양산시 중부동 682-7번지,48330,10300,0,0682,0007,1264100006566,,,,1,용도지역코드,1021,제1종일반주거지역,1,0,,제1종일반주거지역,20221008
경상남도 양산시 중부동 682-7번지,48330,10300,0,0682,0007,1264100006566,,,,3,용도구역코드,301,제1종지구단위계획구역,1,0,,제1종지구단위계획구역,20221008
경상남도 양산시 중부동 682-8번지,48330,10300,0,0682,0008,1264100030176,,,,1,용도지역코드,UQA121,제1종일반주거지역,1,0,,제1종일반주거지역,20221008
경상남도 양산시 중부동 682-8번지,48330,10300,0,0682,0008,1264100030176,,,,3,용도구역코드,UQQ310,제1종지구단위계획구역,1,0,,제1종지구단위계획구역,20221008
경상남도 양산시 중부동 682-8번지,48330,10300,0,0682,0008,1264100015515,,,,1,용도지역코드,1021,제1종일반주거지역,1,0,,제1종일반주거지역,20221008
경상남도 양산시 중부동 682-8번지,48330,10300,0,0682,0008,1264100015515,,,,3,용도구역코드,301,제1종지구단위계획구역,1,0,,제1종지구단위계획구역,20221008
경상남도 양산시 중부동 682-9번지,48330,10300,0,0682,0009,1264100033064,,,,1,용도지역코드,UQA121,제1종일반주거지역,1,0,,제1종일반주거지역,20221008
경상남도 양산시 중부동 682-9번지,48330,10300,0,0682,0009,1264100033064,,,,3,용도구역코드,UQQ310,제1종지구단위계획구역,1,0,,제1종지구단위계획구역,20221008
경상남도 양산시 중부동 682-10번지,48330,10300,0,0682,0010,12643836,,,,1,용도지역코드,1020,일반주거지역,1,0,,일반주거지역,20221008
경상남도 양산시 중부동 682-10번지,48330,10300,0,0682,0010,12643836,,,,2,용도지구코드,160,택지개발지구,1,0,,택지개발지구,20221008
경상남도 양산시 중부동 682-10번지,48330,10300,0,0682,0010,12643836,,,,3,용도구역코드,290,도시설계구역,1,0,,도시설계구역,20221008
경상남도 양산시 중부동 682-11번지,48330,10300,0,0682,0011,12644590,,,,1,용도지역코드,1022,제2종일반주거지역,1,0,,제2종일반주거지역,20221008
경상남도 양산시 중부동 682-11번지,48330,10300,0,0682,0011,12644590,,,,2,용도지구코드,160,택지개발지구,1,0,,택지개발지구,20221008
경상남도 양산시 중부동 682-11번지,48330,10300,0,0682,0011,12644590,,,,3,용도구역코드,300,지구단위계획구역,1,0,,지구단위계획구역,20221008
경상남도 양산시 중부동 682-12번지,48330,10300,0,0682,0012,1264100030576,,,,1,용도지역코드,UQA121,제1종일반주거지역,1,0,,제1종일반주거지역,20221008
경상남도 양산시 중부동 682-12번지,48330,10300,0,0682,0012,1264100030576,,,,3,용도구역코드,UQQ310,제1종지구단위계획구역,1,0,,제1종지구단위계획구역,20221008
경상남도 양산시 중부동 682-13번지,48330,10300,0,0682,0013,12642969,,,,1,용도지역코드,1020,일반주거지역,1,0,,일반주거지역,20221008
경상남도 양산시 중부동 682-13번지,48330,10300,0,0682,0013,12642969,,,,2,용도지구코드,210,도시설계지구,1,0,,도시설계지구,20221008
경상남도 양산시 중부동 682-13번지,48330,10300,0,0682,0013,12642969,,,,3,용도구역코드,300,지구단위계획구역,1,0,,지구단위계획구역,20221008
경상남도 양산시 중부동 682-13번지,48330,10300,0,0682,0013,12646194,,,,1,용도지역코드,1022,제2종일반주거지역,1,0,,제2종일반주거지역,20221008
경상남도 양산시 중부동 682-13번지,48330,10300,0,0682,0013,12642985,,,,1,용도지역코드,1020,일반주거지역,1,0,,일반주거지역,20221008
경상남도 양산시 중부동 682-13번지,48330,10300,0,0682,0013,12642985,,,,2,용도지구코드,210,도시설계지구,1,0,,도시설계지구,20221008
경상남도 양산시 중부동 682-13번지,48330,10300,0,0682,0013,12642985,,,,3,용도구역코드,300,지구단위계획구역,1,0,,지구단위계획구역,20221008
경상남도 양산시 중부동 682-13번지,48330,10300,0,0682,0013,1264100020504,,,,1,용도지역코드,1021,제1종일반주거지역,1,0,,제1종일반주거지역,20221008
경상남도 양산시 중부동 682-14번지,48330,10300,0,0682,0014,12644988,,,,1,용도지역코드,1022,제2종일반주거지역,1,0,,제2종일반주거지역,20221008
경상남도 양산시 중부동 682-14번지,48330,10300,0,0682,0014,12644988,,,,2,용도지구코드,160,택지개발지구,1,0,,택지개발지구,20221008
경상남도 양산시 중부동 682-14번지,48330,10300,0,0682,0014,12644988,,,,3,용도구역코드,300,지구단위계획구역,1,0,,지구단위계획구역,20221008
경상남도 양산시 중부동 682-15번지,48330,10300,0,0682,0015,12644668,,,,1,용도지역코드,1022,제2종일반주거지역,1,0,,제2종일반주거지역,20221008
경상남도 양산시 중부동 682-15번지,48330,10300,0,0682,0015,12644668,,,,2,용도지구코드,160,택지개발지구,1,0,,택지개발지구,20221008
경상남도 양산시 중부동 682-15번지,48330,10300,0,0682,0015,12644668,,,,3,용도구역코드,300,지구단위계획구역,1,0,,지구단위계획구역,20221008
경상남도 양산시 중부동 682-16번지,48330,10300,0,0682,0016,12644557,,,,1,용도지역코드,1022,제2종일반주거지역,1,0,,제2종일반주거지역,20221008
경상남도 양산시 중부동 682-16번지,48330,10300,0,0682,0016,12644557,,,,2,용도지구코드,160,택지개발지구,1,0,,택지개발지구,20221008
경상남도 양산시 중부동 682-16번지,48330,10300,0,0682,0016,12644557,,,,3,용도구역코드,300,지구단위계획구역,1,0,,지구단위계획구역,20221008
경상남도 양산시 중부동 682-17번지,48330,10300,0,0682,0017,12645207,,,,1,용도지역코드,1022,제2종일반주거지역,1,0,,제2종일반주거지역,20221008
경상남도 양산시 중부동 682-17번지,48330,10300,0,0682,0017,12645207,,,,2,용도지구코드,160,택지개발지구,1,0,,택지개발지구,20221008
경상남도 양산시 중부동 682-17번지,48330,10300,0,0682,0017,12645207,,,,3,용도구역코드,300,지구단위계획구역,1,0,,지구단위계획구역,20221008
경상남도 양산시 중부동 682-18번지,48330,10300,0,0682,0018,12645536,,,,1,용도지역코드,1022,제2종일반주거지역,1,0,,제2종일반주거지역,20221008
경상남도 양산시 중부동 682-18번지,48330,10300,0,0682,0018,12645536,,,,2,용도지구코드,160,택지개발지구,1,0,,택지개발지구,20221008
경상남도 양산시 중부동 682-18번지,48330,10300,0,0682,0018,12645536,,,,3,용도구역코드,301,제1종지구단위계획구역,1,0,,제1종지구단위계획구역,20221008
경상남도 양산시 중부동 682-19번지,48330,10300,0,0682,0019,12644810,,,,1,용도지역코드,1022,제2종일반주거지역,1,0,,제2종일반주거지역,20221008
경상남도 양산시 중부동 682-19번지,48330,10300,0,0682,0019,12644810,,,,2,용도지구코드,160,택지개발지구,1,0,,택지개발지구,20221008
경상남도 양산시 중부동 682-19번지,48330,10300,0,0682,0019,12644810,,,,3,용도구역코드,300,지구단위계획구역,1,0,,지구단위계획구역,20221008
경상남도 양산시 중부동 682-20번지,48330,10300,0,0682,0020,12646451,,,,1,용도지역코드,1022,제2종일반주거지역,1,0,,제2종일반주거지역,20221008
경상남도 양산시 중부동 682-20번지,48330,10300,0,0682,0020,12646451,,,,2,용도지구코드,160,택지개발지구,1,0,,택지개발지구,20221008
경상남도 양산시 중부동 682-20번지,48330,10300,0,0682,0020,12646451,,,,3,용도구역코드,300,지구단위계획구역,1,0,,지구단위계획구역,20221008
경상남도 양산시 중부동 682-20번지,48330,10300,0,0682,0020,1264100034384,,,,1,용도지역코드,UQA121,제1종일반주거지역,1,0,,제1종일반주거지역,20221008
경상남도 양산시 중부동 682-20번지,48330,10300,0,0682,0020,1264100034384,,,,3,용도구역코드,UQQ310,제1종지구단위계획구역,1,0,,제1종지구단위계획구역,20221008
경상남도 양산시 중부동 682-21번지,48330,10300,0,0682,0021,1000000000000000238272,,,,1,용도지역코드,UQA121,제1종일반주거지역,1,0,,제1종일반주거지역,20230425
경상남도 양산시 중부동 682-21번지,48330,10300,0,0682,0021,1000000000000000238272,,,,3,용도구역코드,UQQ310,제1종지구단위계획구역,1,0,,제1종지구단위계획구역,20230425
경상남도 양산시 중부동 683-2번지,48330,10300,0,0683,0002,1264100016516,,,,1,용도지역코드,1021,제1종일반주거지역,1,0,,제1종일반주거지역,20221008
경상남도 양산시 중부동 683-2번지,48330,10300,0,0683,0002,1264100016516,,,,3,용도구역코드,301,제1종지구단위계획구역,1,0,,제1종지구단위계획구역,20221008
경상남도 양산시 중부동 683-3번지,48330,10300,0,0683,0003,1264100017954,,,,1,용도지역코드,1021,제1종일반주거지역,1,0,,제1종일반주거지역,20221008
경상남도 양산시 중부동 683-3번지,48330,10300,0,0683,0003,1264100017954,,,,3,용도구역코드,301,제1종지구단위계획구역,1,0,,제1종지구단위계획구역,20221008
경상남도 양산시 중부동 683-4번지,48330,10300,0,0683,0004,1264100017955,,,,1,용도지역코드,1021,제1종일반주거지역,1,0,,제1종일반주거지역,20221008
경상남도 양산시 중부동 683-4번지,48330,10300,0,0683,0004,1264100017955,,,,3,용도구역코드,301,제1종지구단위계획구역,1,0,,제1종지구단위계획구역,20221008
경상남도 양산시 중부동 683-4번지,48330,10300,0,0683,0004,1264100028672,,,,1,용도지역코드,UQA121,제1종일반주거지역,1,0,,제1종일반주거지역,20221008
경상남도 양산시 중부동 683-4번지,48330,10300,0,0683,0004,1264100028672,,,,3,용도구역코드,UQQ310,제1종지구단위계획구역,1,0,,제1종지구단위계획구역,20221008
경상남도 양산시 중부동 683-5번지,48330,10300,0,0683,0005,1264100024850,,,,1,용도지역코드,UQA121,제1종일반주거지역,1,0,,제1종일반주거지역,20221008
경상남도 양산시 중부동 683-5번지,48330,10300,0,0683,0005,1264100024850,,,,3,용도구역코드,UQQ310,제1종지구단위계획구역,1,0,,제1종지구단위계획구역,20221008
경상남도 양산시 중부동 683-6번지,48330,10300,0,0683,0006,1264100028710,,,,1,용도지역코드,UQA121,제1종일반주거지역,1,0,,제1종일반주거지역,20221008
경상남도 양산시 중부동 683-6번지,48330,10300,0,0683,0006,1264100028710,,,,3,용도구역코드,UQQ310,제1종지구단위계획구역,1,0,,제1종지구단위계획구역,20221008
경상남도 양산시 중부동 683-7번지,48330,10300,0,0683,0007,12644664,,,,1,용도지역코드,1022,제2종일반주거지역,1,0,,제2종일반주거지역,20221008
경상남도 양산시 중부동 683-7번지,48330,10300,0,0683,0007,12644664,,,,2,용도지구코드,210,도시설계지구,1,0,,도시설계지구,20221008
경상남도 양산시 중부동 683-7번지,48330,10300,0,0683,0007,12644664,,,,3,용도구역코드,300,지구단위계획구역,1,0,,지구단위계획구역,20221008
경상남도 양산시 중부동 683-8번지,48330,10300,0,0683,0008,12648177,,,,1,용도지역코드,1021,제1종일반주거지역,1,0,,제1종일반주거지역,20221008
경상남도 양산시 중부동 683-8번지,48330,10300,0,0683,0008,12648177,,,,3,용도구역코드,301,제1종지구단위계획구역,0,0,,제1종지구단위계획구역,20221008
경상남도 양산시 중부동 683-9번지,48330,10300,0,0683,0009,1264100029973,,,,1,용도지역코드,UQA121,제1종일반주거지역,1,0,,제1종일반주거지역,20221008
경상남도 양산시 중부동 683-9번지,48330,10300,0,0683,0009,1264100029973,,,,3,용도구역코드,UQQ310,제1종지구단위계획구역,1,0,,제1종지구단위계획구역,20221008
경상남도 양산시 중부동 683-9번지,48330,10300,0,0683,0009,1264100029973,,,,3,용도구역코드,UOA120,상대보호구역,0,0,,상대정화구역,20221008
경상남도 양산시 중부동 683-11번지,48330,10300,0,0683,0011,1264100022282,,,,1,용도지역코드,UQA121,제1종일반주거지역,1,0,,제1종일반주거지역,20221008
경상남도 양산시 중부동 683-11번지,48330,10300,0,0683,0011,1264100022282,,,,3,용도구역코드,UQQ310,제1종지구단위계획구역,1,0,,제1종지구단위계획구역,20221008
경상남도 양산시 중부동 683-12번지,48330,10300,0,0683,0012,12645286,,,,1,용도지역코드,1022,제2종일반주거지역,1,0,,제2종일반주거지역,20221008
경상남도 양산시 중부동 683-12번지,48330,10300,0,0683,0012,12645286,,,,2,용도지구코드,160,택지개발지구,1,0,,택지개발지구,20221008
경상남도 양산시 중부동 683-12번지,48330,10300,0,0683,0012,12645286,,,,3,용도구역코드,300,지구단위계획구역,1,0,,지구단위계획구역,20221008
경상남도 양산시 중부동 683-12번지,48330,10300,0,0683,0012,12644209,,,,1,용도지역코드,1020,일반주거지역,1,0,,일반주거지역,20221008
경상남도 양산시 중부동 683-12번지,48330,10300,0,0683,0012,12644209,,,,2,용도지구코드,210,도시설계지구,1,0,,도시설계지구,20221008
경상남도 양산시 중부동 683-12번지,48330,10300,0,0683,0012,12644209,,,,3,용도구역코드,290,도시설계구역,1,0,,도시설계구역,20221008
경상남도 양산시 중부동 683-13번지,48330,10300,0,0683,0013,1264100034370,,,,1,용도지역코드,UQA121,제1종일반주거지역,1,0,,제1종일반주거지역,20221008
경상남도 양산시 중부동 683-13번지,48330,10300,0,0683,0013,1264100034370,,,,3,용도구역코드,UQQ310,제1종지구단위계획구역,1,0,,제1종지구단위계획구역,20221008
경상남도 양산시 중부동 683-14번지,48330,10300,0,0683,0014,12643961,,,,1,용도지역코드,1022,제2종일반주거지역,1,0,,제2종일반주거지역,20221008
경상남도 양산시 중부동 683-14번지,48330,10300,0,0683,0014,12643961,,,,2,용도지구코드,160,택지개발지구,1,0,,택지개발지구,20221008
경상남도 양산시 중부동 683-14번지,48330,10300,0,0683,0014,12643961,,,,3,용도구역코드,300,지구단위계획구역,1,0,,지구단위계획구역,20221008
경상남도 양산시 중부동 683-15번지,48330,10300,0,0683,0015,1264100035136,,,,1,용도지역코드,UQA121,제1종일반주거지역,1,0,,제1종일반주거지역,20221008
경상남도 양산시 중부동 683-15번지,48330,10300,0,0683,0015,1264100035136,,,,3,용도구역코드,UQQ310,제1종지구단위계획구역,1,0,,제1종지구단위계획구역,20221008
경상남도 양산시 중부동 683-16번지,48330,10300,0,0683,0016,1264100020342,,,,1,용도지역코드,1021,제1종일반주거지역,1,0,,제1종일반주거지역,20221008
경상남도 양산시 중부동 683-16번지,48330,10300,0,0683,0016,1264100020342,,,,3,용도구역코드,301,제1종지구단위계획구역,1,0,,제1종지구단위계획구역,20221008
경상남도 양산시 중부동 683-17번지,48330,10300,0,0683,0017,1264100020506,,,,1,용도지역코드,1021,제1종일반주거지역,1,0,,제1종일반주거지역,20221008
경상남도 양산시 중부동 683-17번지,48330,10300,0,0683,0017,1264100020506,,,,3,용도구역코드,301,제1종지구단위계획구역,1,0,,제1종지구단위계획구역,20221008
경상남도 양산시 중부동 683-18번지,48330,10300,0,0683,0018,12643690,,,,1,용도지역코드,1020,일반주거지역,1,0,,일반주거지역,20221008
경상남도 양산시 중부동 683-18번지,48330,10300,0,0683,0018,12643690,,,,2,용도지구코드,160,택지개발지구,1,0,,택지개발지구,20221008
경상남도 양산시 중부동 683-18번지,48330,10300,0,0683,0018,12643690,,,,3,용도구역코드,290,도시설계구역,1,0,,도시설계구역,20221008
경상남도 양산시 중부동 683-19번지,48330,10300,0,0683,0019,1264100032441,,,,1,용도지역코드,UQA121,제1종일반주거지역,1,0,,제1종일반주거지역,20221008
경상남도 양산시 중부동 683-19번지,48330,10300,0,0683,0019,1264100032441,,,,3,용도구역코드,UQQ310,제1종지구단위계획구역,1,0,,제1종지구단위계획구역,20221008
경상남도 양산시 중부동 684-1번지,48330,10300,0,0684,0001,12646453,,,,1,용도지역코드,1021,제1종일반주거지역,1,0,,제1종일반주거지역,20221008
경상남도 양산시 중부동 684-1번지,48330,10300,0,0684,0001,1264100026132,,,,1,용도지역코드,UQA122,제2종일반주거지역,1,0,,제2종일반주거지역,20221008
경상남도 양산시 중부동 684-1번지,48330,10300,0,0684,0001,1264100026132,,,,3,용도구역코드,UQQ310,제1종지구단위계획구역,1,0,,제1종지구단위계획구역,20221008
경상남도 양산시 중부동 684-2번지,48330,10300,0,0684,0002,12643784,,,,1,용도지역코드,1020,일반주거지역,1,0,,일반주거지역,20221008
경상남도 양산시 중부동 684-2번지,48330,10300,0,0684,0002,12643784,,,,2,용도지구코드,160,택지개발지구,1,0,,택지개발지구,20221008
경상남도 양산시 중부동 684-2번지,48330,10300,0,0684,0002,12643784,,,,3,용도구역코드,290,도시설계구역,1,0,,도시설계구역,20221008
경상남도 양산시 중부동 684-3번지,48330,10300,0,0684,0003,12643683,,,,1,용도지역코드,1020,일반주거지역,1,0,,일반주거지역,20221008
경상남도 양산시 중부동 684-3번지,48330,10300,0,0684,0003,12643683,,,,2,용도지구코드,160,택지개발지구,1,0,,택지개발지구,20221008
경상남도 양산시 중부동 684-3번지,48330,10300,0,0684,0003,1264100034433,,,,1,용도지역코드,UQA121,제1종일반주거지역,1,0,,제1종일반주거지역,20221008
경상남도 양산시 중부동 684-3번지,48330,10300,0,0684,0003,1264100034433,,,,3,용도구역코드,UQQ310,제1종지구단위계획구역,1,0,,제1종지구단위계획구역,20221008
경상남도 양산시 중부동 684-4번지,48330,10300,0,0684,0004,12645585,,,,1,용도지역코드,1022,제2종일반주거지역,1,0,,제2종일반주거지역,20221008
경상남도 양산시 중부동 684-4번지,48330,10300,0,0684,0004,12645585,,,,2,용도지구코드,160,택지개발지구,1,0,,택지개발지구,20221008
경상남도 양산시 중부동 684-4번지,48330,10300,0,0684,0004,12645585,,,,3,용도구역코드,301,제1종지구단위계획구역,1,0,,제1종지구단위계획구역,20221008
경상남도 양산시 중부동 684-5번지,48330,10300,0,0684,0005,12646450,,,,1,용도지역코드,1022,제2종일반주거지역,1,0,,제2종일반주거지역,20221008
경상남도 양산시 중부동 684-5번지,48330,10300,0,0684,0005,12646450,,,,2,용도지구코드,160,택지개발지구,1,0,,택지개발지구,20221008
경상남도 양산시 중부동 684-5번지,48330,10300,0,0684,0005,12646450,,,,3,용도구역코드,300,지구단위계획구역,1,0,,지구단위계획구역,20221008
경상남도 양산시 중부동 684-5번지,48330,10300,0,0684,0005,1264100021277,,,,1,용도지역코드,1021,제1종일반주거지역,1,0,,제1종일반주거지역,20221008
경상남도 양산시 중부동 684-5번지,48330,10300,0,0684,0005,1264100021277,,,,3,용도구역코드,301,제1종지구단위계획구역,1,0,,제1종지구단위계획구역,20221008
경상남도 양산시 중부동 684-6번지,48330,10300,0,0684,0006,1264100016654,,,,1,용도지역코드,1021,제1종일반주거지역,1,0,,제1종일반주거지역,20221008
경상남도 양산시 중부동 684-6번지,48330,10300,0,0684,0006,1264100016654,,,,3,용도구역코드,301,제1종지구단위계획구역,1,0,,제1종지구단위계획구역,20221008
경상남도 양산시 중부동 684-6번지,48330,10300,0,0684,0006,1264100021701,,,,1,용도지역코드,UQA121,제1종일반주거지역,1,0,,제1종일반주거지역,20221008
경상남도 양산시 중부동 684-6번지,48330,10300,0,0684,0006,1264100021701,,,,3,용도구역코드,UQQ310,제1종지구단위계획구역,1,0,,제1종지구단위계획구역,20221008
경상남도 양산시 중부동 684-7번지,48330,10300,0,0684,0007,1264100025711,,,,1,용도지역코드,UQA121,제1종일반주거지역,1,0,,제1종일반주거지역,20221008
경상남도 양산시 중부동 684-7번지,48330,10300,0,0684,0007,1264100025711,,,,3,용도구역코드,UQQ310,제1종지구단위계획구역,1,0,,제1종지구단위계획구역,20221008
경상남도 양산시 중부동 685-1번지,48330,10300,0,0685,0001,1264100007866,,,,1,용도지역코드,1120,일반상업지역,1,0,,일반상업지역,20221008
경상남도 양산시 중부동 685-1번지,48330,10300,0,0685,0001,1264100007866,,,,3,용도구역코드,301,제1종지구단위계획구역,1,0,,제1종지구단위계획구역,20221008
경상남도 양산시 중부동 685-2번지,48330,10300,0,0685,0002,1264100053167,,,,1,용도지역코드,UQA220,일반상업지역,1,0,,일반상업지역,20221008
경상남도 양산시 중부동 685-2번지,48330,10300,0,0685,0002,1264100053167,,,,3,용도구역코드,UQQ310,제1종지구단위계획구역,1,0,,제1종지구단위계획구역,20221008
경상남도 양산시 중부동 685-2번지,48330,10300,0,0685,0002,1264100013632,,,,1,용도지역코드,UQA220,일반상업지역,1,0,,일반상업지역,20221008
경상남도 양산시 중부동 685-2번지,48330,10300,0,0685,0002,1264100013632,,,,3,용도구역코드,UQQ310,제1종지구단위계획구역,1,0,,제1종지구단위계획구역,20221008
경상남도 양산시 중부동 685-4번지,48330,10300,0,0685,0004,1264100020259,,,,1,용도지역코드,1120,일반상업지역,1,0,,일반상업지역,20221008
경상남도 양산시 중부동 685-4번지,48330,10300,0,0685,0004,1264100020259,,,,2,용도지구코드,980,용도지구미지정,1,0,,용도지구미지정,20221008
경상남도 양산시 중부동 685-4번지,48330,10300,0,0685,0004,1264100020259,,,,3,용도구역코드,301,제1종지구단위계획구역,1,0,,제1종지구단위계획구역,20221008
경상남도 양산시 중부동 685-4번지,48330,10300,0,0685,0004,1000000000000000631302,,,,3,용도구역코드,UQQ310,제1종지구단위계획구역,1,0,,제1종지구단위계획구역,20241204
경상남도 양산시 중부동 685-4번지,48330,10300,0,0685,0004,1000000000000000631302,,,,1,용도지역코드,UQA220,일반상업지역,1,0,,일반상업지역,20241204
경상남도 양산시 중부동 685-4번지,48330,10300,0,0685,0004,1264100071620,,,,1,용도지역코드,UQA220,일반상업지역,1,0,,일반상업지역,20221008
경상남도 양산시 중부동 685-4번지,48330,10300,0,0685,0004,1264100071620,,,,3,용도구역코드,UQQ310,제1종지구단위계획구역,1,0,,제1종지구단위계획구역,20221008
경상남도 양산시 중부동 685-4번지,48330,10300,0,0685,0004,1264100089721,,,,1,용도지역코드,UQA220,일반상업지역,1,0,,일반상업지역,20221008
경상남도 양산시 중부동 685-4번지,48330,10300,0,0685,0004,1264100089721,,,,3,용도구역코드,UQQ310,제1종지구단위계획구역,1,0,,제1종지구단위계획구역,20221008
경상남도 양산시 중부동 685-4번지,48330,10300,0,0685,0004,1264100085146,,,,1,용도지역코드,UQA220,일반상업지역,1,0,,일반상업지역,20221008
경상남도 양산시 중부동 685-4번지,48330,10300,0,0685,0004,1264100085146,,,,3,용도구역코드,UQQ310,제1종지구단위계획구역,1,0,,제1종지구단위계획구역,20221008
경상남도 양산시 중부동 685-4번지,48330,10300,0,0685,0004,1264100135763,,,,1,용도지역코드,UQA220,일반상업지역,1,0,,일반상업지역,20221008
경상남도 양산시 중부동 685-4번지,48330,10300,0,0685,0004,1264100135763,,,,3,용도구역코드,UQQ310,제1종지구단위계획구역,1,0,,제1종지구단위계획구역,20221008
경상남도 양산시 중부동 685-4번지,48330,10300,0,0685,0004,1264100135763,,,,3,용도구역코드,UMZ100,가축사육제한구역,0,0,,가축사육제한구역,20221008
경상남도 양산시 중부동 685-4번지,48330,10300,0,0685,0004,1264100131683,,,,1,용도지역코드,UQA220,일반상업지역,1,0,,일반상업지역,20221008
경상남도 양산시 중부동 685-4번지,48330,10300,0,0685,0004,1264100131683,,,,3,용도구역코드,UQQ310,제1종지구단위계획구역,1,0,,제1종지구단위계획구역,20221008
경상남도 양산시 중부동 685-4번지,48330,10300,0,0685,0004,1264100131683,,,,3,용도구역코드,UMZ100,가축사육제한구역,0,0,,가축사육제한구역,20221008
경상남도 양산시 중부동 685-4번지,48330,10300,0,0685,0004,1264100118160,,,,1,용도지역코드,UQA220,일반상업지역,1,0,,일반상업지역,20221008
경상남도 양산시 중부동 685-4번지,48330,10300,0,0685,0004,1264100118160,,,,3,용도구역코드,UQQ310,제1종지구단위계획구역,1,0,,제1종지구단위계획구역,20221008
경상남도 양산시 중부동 685-4번지,48330,10300,0,0685,0004,1264100081159,,,,1,용도지역코드,UQA220,일반상업지역,1,0,,일반상업지역,20221008
경상남도 양산시 중부동 685-4번지,48330,10300,0,0685,0004,1264100081159,,,,3,용도구역코드,UQQ310,제1종지구단위계획구역,1,0,,제1종지구단위계획구역,20221008
경상남도 양산시 중부동 685-4번지,48330,10300,0,0685,0004,1264100023807,,,,1,용도지역코드,UQA220,일반상업지역,1,0,,일반상업지역,20221008
경상남도 양산시 중부동 685-4번지,48330,10300,0,0685,0004,1264100023807,,,,3,용도구역코드,UQQ310,제1종지구단위계획구역,1,0,,제1종지구단위계획구역,20221008
경상남도 양산시 중부동 685-4번지,48330,10300,0,0685,0004,1264100018724,,,,1,용도지역코드,1120,일반상업지역,1,0,,일반상업지역,20221008
경상남도 양산시 중부동 685-4번지,48330,10300,0,0685,0004,1264100018724,,,,3,용도구역코드,301,제1종지구단위계획구역,1,0,,제1종지구단위계획구역,20221008
경상남도 양산시 중부동 685-4번지,48330,10300,0,0685,0004,1264100008586,,,,1,용도지역코드,1120,일반상업지역,1,0,,일반상업지역,20221008
경상남도 양산시 중부동 685-4번지,48330,10300,0,0685,0004,1264100008586,,,,3,용도구역코드,301,제1종지구단위계획구역,1,0,,제1종지구단위계획구역,20221008
경상남도 양산시 중부동 685-4번지,48330,10300,0,0685,0004,1264100017675,,,,1,용도지역코드,1120,일반상업지역,1,0,,일반상업지역,20221008
경상남도 양산시 중부동 685-4번지,48330,10300,0,0685,0004,1264100017675,,,,3,용도구역코드,301,제1종지구단위계획구역,1,0,,제1종지구단위계획구역,20221008
경상남도 양산시 중부동 685-6번지,48330,10300,0,0685,0006,1000000000000000657631,,,,1,용도지역코드,UQA220,일반상업지역,1,0,,일반상업지역,20250314
경상남도 양산시 중부동 685-6번지,48330,10300,0,0685,0006,1000000000000000657631,,,,3,용도구역코드,UQQ310,제1종지구단위계획구역,1,0,,제1종지구단위계획구역,20250314
경상남도 양산시 중부동 685-6번지,48330,10300,0,0685,0006,12646953,,,,1,용도지역코드,1120,일반상업지역,1,0,,일반상업지역,20221008
경상남도 양산시 중부동 685-6번지,48330,10300,0,0685,0006,12646953,,,,3,용도구역코드,300,지구단위계획구역,1,0,,지구단위계획구역,20221008
경상남도 양산시 중부동 685-7번지,48330,10300,0,0685,0007,1000000000000000926739,,,,3,용도구역코드,UQQ310,제1종지구단위계획구역,1,0,,제1종지구단위계획구역,20260415
경상남도 양산시 중부동 685-7번지,48330,10300,0,0685,0007,1000000000000000926739,,,,1,용도지역코드,UQA220,일반상업지역,1,0,,일반상업지역,20260415
경상남도 양산시 중부동 685-7번지,48330,10300,0,0685,0007,1264100015254,,,,1,용도지역코드,1120,일반상업지역,1,0,,일반상업지역,20221008
경상남도 양산시 중부동 685-7번지,48330,10300,0,0685,0007,1264100015254,,,,3,용도구역코드,301,제1종지구단위계획구역,1,0,,제1종지구단위계획구역,20221008
경상남도 양산시 중부동 685-7번지,48330,10300,0,0685,0007,1264100142947,,,,3,용도구역코드,UQQ310,제1종지구단위계획구역,1,0,,제1종지구단위계획구역,20221008
경상남도 양산시 중부동 685-7번지,48330,10300,0,0685,0007,1264100027557,,,,1,용도지역코드,UQA220,일반상업지역,1,0,,일반상업지역,20221008
경상남도 양산시 중부동 685-7번지,48330,10300,0,0685,0007,1264100027557,,,,3,용도구역코드,UQQ310,제1종지구단위계획구역,1,0,,제1종지구단위계획구역,20221008
경상남도 양산시 중부동 685-7번지,48330,10300,0,0685,0007,1264100057649,,,,3,용도구역코드,UQQ310,제1종지구단위계획구역,1,0,,제1종지구단위계획구역,20221008
경상남도 양산시 중부동 685-7번지,48330,10300,0,0685,0007,1264100057649,,,,1,용도지역코드,UQA220,일반상업지역,1,0,,일반상업지역,20221008
경상남도 양산시 중부동 685-7번지,48330,10300,0,0685,0007,1264100023311,,,,1,용도지역코드,UQA220,일반상업지역,1,0,,일반상업지역,20221008
경상남도 양산시 중부동 685-7번지,48330,10300,0,0685,0007,1264100023311,,,,3,용도구역코드,UQQ310,제1종지구단위계획구역,1,0,,제1종지구단위계획구역,20221008
경상남도 양산시 중부동 685-7번지,48330,10300,0,0685,0007,12646946,,,,1,용도지역코드,1120,일반상업지역,1,0,,일반상업지역,20221008
경상남도 양산시 중부동 685-7번지,48330,10300,0,0685,0007,12646946,,,,3,용도구역코드,300,지구단위계획구역,1,0,,지구단위계획구역,20221008
경상남도 양산시 중부동 685-7번지,48330,10300,0,0685,0007,1264100142585,,,,1,용도지역코드,UQA220,일반상업지역,1,0,,일반상업지역,20221008
경상남도 양산시 중부동 685-7번지,48330,10300,0,0685,0007,1264100142585,,,,3,용도구역코드,UQQ310,제1종지구단위계획구역,1,0,,제1종지구단위계획구역,20221008
경상남도 양산시 중부동 685-7번지,48330,10300,0,0685,0007,1264100158012,,,,1,용도지역코드,UQA220,일반상업지역,1,0,,일반상업지역,20221008
경상남도 양산시 중부동 685-7번지,48330,10300,0,0685,0007,1264100158012,,,,3,용도구역코드,UQQ310,제1종지구단위계획구역,1,0,,제1종지구단위계획구역,20221008
경상남도 양산시 중부동 685-7번지,48330,10300,0,0685,0007,1264100134484,,,,1,용도지역코드,UQA220,일반상업지역,1,0,,일반상업지역,20221008
경상남도 양산시 중부동 685-7번지,48330,10300,0,0685,0007,1264100134484,,,,3,용도구역코드,UQQ310,제1종지구단위계획구역,1,0,,제1종지구단위계획구역,20221008
경상남도 양산시 중부동 685-7번지,48330,10300,0,0685,0007,1264100056349,,,,1,용도지역코드,UQA220,일반상업지역,1,0,,일반상업지역,20221008
경상남도 양산시 중부동 685-7번지,48330,10300,0,0685,0007,1264100056349,,,,3,용도구역코드,UQQ310,제1종지구단위계획구역,1,0,,제1종지구단위계획구역,20221008
경상남도 양산시 중부동 685-7번지,48330,10300,0,0685,0007,1264100107556,,,,1,용도지역코드,UQA220,일반상업지역,1,0,,일반상업지역,20221008
경상남도 양산시 중부동 685-7번지,48330,10300,0,0685,0007,1264100107556,,,,3,용도구역코드,UQQ310,제1종지구단위계획구역,1,0,,제1종지구단위계획구역,20221008
경상남도 양산시 중부동 685-7번지,48330,10300,0,0685,0007,1264100106473,,,,1,용도지역코드,UQA220,일반상업지역,1,0,,일반상업지역,20221008
경상남도 양산시 중부동 685-7번지,48330,10300,0,0685,0007,1264100106473,,,,3,용도구역코드,UQQ310,제1종지구단위계획구역,1,0,,제1종지구단위계획구역,20221008
경상남도 양산시 중부동 685-7번지,48330,10300,0,0685,0007,1264100142947,,,,1,용도지역코드,UQA220,일반상업지역,1,0,,일반상업지역,20221008
경상남도 양산시 중부동 685-7번지,48330,10300,0,0685,0007,1264100031956,,,,1,용도지역코드,UQA220,일반상업지역,1,0,,일반상업지역,20221008
경상남도 양산시 중부동 685-7번지,48330,10300,0,0685,0007,1264100031956,,,,3,용도구역코드,UQQ310,제1종지구단위계획구역,1,0,,제1종지구단위계획구역,20221008
경상남도 양산시 중부동 685-7번지,48330,10300,0,0685,0007,1264100032929,,,,1,용도지역코드,UQA220,일반상업지역,1,0,,일반상업지역,20221008
경상남도 양산시 중부동 685-7번지,48330,10300,0,0685,0007,1264100032929,,,,3,용도구역코드,UQQ310,제1종지구단위계획구역,1,0,,제1종지구단위계획구역,20221008
경상남도 양산시 중부동 685-8번지,48330,10300,0,0685,0008,1264100015255,,,,1,용도지역코드,1120,일반상업지역,1,0,,일반상업지역,20221008
경상남도 양산시 중부동 685-8번지,48330,10300,0,0685,0008,1264100015255,,,,3,용도구역코드,301,제1종지구단위계획구역,1,0,,제1종지구단위계획구역,20221008
경상남도 양산시 중부동 685-8번지,48330,10300,0,0685,0008,1264100017761,,,,1,용도지역코드,1120,일반상업지역,1,0,,일반상업지역,20221008
경상남도 양산시 중부동 685-8번지,48330,10300,0,0685,0008,1264100017761,,,,3,용도구역코드,301,제1종지구단위계획구역,1,0,,제1종지구단위계획구역,20221008
경상남도 양산시 중부동 685-8번지,48330,10300,0,0685,0008,1264100099356,,,,1,용도지역코드,UQA220,일반상업지역,1,0,,일반상업지역,20221008
경상남도 양산시 중부동 685-8번지,48330,10300,0,0685,0008,1264100099356,,,,3,용도구역코드,UQQ310,제1종지구단위계획구역,1,0,,제1종지구단위계획구역,20221008
경상남도 양산시 중부동 685-8번지,48330,10300,0,0685,0008,12648515,,,,1,용도지역코드,1120,일반상업지역,1,0,,일반상업지역,20221008
경상남도 양산시 중부동 685-8번지,48330,10300,0,0685,0008,12648515,,,,3,용도구역코드,301,제1종지구단위계획구역,1,0,,제1종지구단위계획구역,20221008
경상남도 양산시 중부동 685-8번지,48330,10300,0,0685,0008,12646942,,,,1,용도지역코드,1120,일반상업지역,1,0,,일반상업지역,20221008
경상남도 양산시 중부동 685-8번지,48330,10300,0,0685,0008,12646942,,,,3,용도구역코드,301,제1종지구단위계획구역,1,0,,제1종지구단위계획구역,20221008
경상남도 양산시 중부동 685-8번지,48330,10300,0,0685,0008,1264100099695,,,,3,용도구역코드,UQQ310,제1종지구단위계획구역,1,0,,제1종지구단위계획구역,20221008
경상남도 양산시 중부동 685-8번지,48330,10300,0,0685,0008,1264100099695,,,,1,용도지역코드,UQA220,일반상업지역,1,0,,일반상업지역,20221008
경상남도 양산시 중부동 685-8번지,48330,10300,0,0685,0008,1264100099357,,,,1,용도지역코드,UQA220,일반상업지역,1,0,,일반상업지역,20221008
경상남도 양산시 중부동 685-8번지,48330,10300,0,0685,0008,1264100099357,,,,3,용도구역코드,UQQ310,제1종지구단위계획구역,1,0,,제1종지구단위계획구역,20221008
경상남도 양산시 중부동 686-1번지,48330,10300,0,0686,0001,1264100125764,,,,1,용도지역코드,UQA220,일반상업지역,1,0,,일반상업지역,20221008
경상남도 양산시 중부동 686-1번지,48330,10300,0,0686,0001,1264100125764,,,,3,용도구역코드,UQQ310,제1종지구단위계획구역,1,0,,제1종지구단위계획구역,20221008
경상남도 양산시 중부동 686-1번지,48330,10300,0,0686,0001,1264100030819,,,,1,용도지역코드,UQA220,일반상업지역,1,0,,일반상업지역,20221008
경상남도 양산시 중부동 686-1번지,48330,10300,0,0686,0001,1264100030819,,,,3,용도구역코드,UQQ310,제1종지구단위계획구역,1,0,,제1종지구단위계획구역,20221008
경상남도 양산시 중부동 686-1번지,48330,10300,0,0686,0001,1264100030521,,,,1,용도지역코드,UQA220,일반상업지역,1,0,,일반상업지역,20221008
경상남도 양산시 중부동 686-1번지,48330,10300,0,0686,0001,1264100030521,,,,3,용도구역코드,UQQ310,제1종지구단위계획구역,1,0,,제1종지구단위계획구역,20221008
경상남도 양산시 중부동 686-2번지,48330,10300,0,0686,0002,1264100050486,,,,1,용도지역코드,UQA220,일반상업지역,1,0,,일반상업지역,20221008
경상남도 양산시 중부동 686-2번지,48330,10300,0,0686,0002,1264100050486,,,,3,용도구역코드,UQQ310,제1종지구단위계획구역,1,0,,제1종지구단위계획구역,20221008
경상남도 양산시 중부동 686-2번지,48330,10300,0,0686,0002,12648232,,,,1,용도지역코드,1120,일반상업지역,1,0,,일반상업지역,20221008
경상남도 양산시 중부동 686-2번지,48330,10300,0,0686,0002,12648232,,,,3,용도구역코드,301,제1종지구단위계획구역,1,0,,제1종지구단위계획구역,20221008
경상남도 양산시 중부동 686-3번지,48330,10300,0,0686,0003,1264100003826,,,,1,용도지역코드,1120,일반상업지역,1,0,,일반상업지역,20221008
경상남도 양산시 중부동 686-3번지,48330,10300,0,0686,0003,1264100003826,,,,2,용도지구코드,,,1,0,,,20221008
경상남도 양산시 중부동 686-3번지,48330,10300,0,0686,0003,1264100003826,,,,3,용도구역코드,301,제1종지구단위계획구역,1,0,,제1종지구단위계획구역,20221008
경상남도 양산시 중부동 686-3번지,48330,10300,0,0686,0003,1264100043586,,,,1,용도지역코드,UQA220,일반상업지역,1,0,,일반상업지역,20221008
경상남도 양산시 중부동 686-3번지,48330,10300,0,0686,0003,1264100043586,,,,3,용도구역코드,UQQ310,제1종지구단위계획구역,1,0,,제1종지구단위계획구역,20221008
경상남도 양산시 중부동 686-5번지,48330,10300,0,0686,0005,1264100018516,,,,1,용도지역코드,1120,일반상업지역,1,0,,일반상업지역,20221008
경상남도 양산시 중부동 686-5번지,48330,10300,0,0686,0005,1264100018516,,,,3,용도구역코드,301,제1종지구단위계획구역,1,0,,제1종지구단위계획구역,20221008
경상남도 양산시 중부동 686-5번지,48330,10300,0,0686,0005,1264100128101,,,,1,용도지역코드,UQA220,일반상업지역,1,0,,일반상업지역,20221008
경상남도 양산시 중부동 686-5번지,48330,10300,0,0686,0005,1264100128101,,,,3,용도구역코드,UQQ310,제1종지구단위계획구역,1,0,,제1종지구단위계획구역,20221008
경상남도 양산시 중부동 686-5번지,48330,10300,0,0686,0005,1264100128101,,,,3,용도구역코드,UMZ100,가축사육제한구역,0,0,,가축사육제한구역,20221008
경상남도 양산시 중부동 686-5번지,48330,10300,0,0686,0005,1264100030139,,,,1,용도지역코드,UQA220,일반상업지역,1,0,,일반상업지역,20221008
경상남도 양산시 중부동 686-5번지,48330,10300,0,0686,0005,1264100030139,,,,3,용도구역코드,UQQ310,제1종지구단위계획구역,1,0,,제1종지구단위계획구역,20221008
경상남도 양산시 중부동 686-5번지,48330,10300,0,0686,0005,1264100034286,,,,1,용도지역코드,UQA220,일반상업지역,1,0,,일반상업지역,20221008
경상남도 양산시 중부동 686-5번지,48330,10300,0,0686,0005,1264100034286,,,,3,용도구역코드,UQQ310,제1종지구단위계획구역,1,0,,제1종지구단위계획구역,20221008
경상남도 양산시 중부동 686-5번지,48330,10300,0,0686,0005,1264100013874,,,,1,용도지역코드,1120,일반상업지역,1,0,,일반상업지역,20221008
경상남도 양산시 중부동 686-5번지,48330,10300,0,0686,0005,1264100013874,,,,3,용도구역코드,301,제1종지구단위계획구역,1,0,,제1종지구단위계획구역,20221008
경상남도 양산시 중부동 686-5번지,48330,10300,0,0686,0005,1264100016677,,,,1,용도지역코드,1120,일반상업지역,1,0,,일반상업지역,20221008
경상남도 양산시 중부동 686-5번지,48330,10300,0,0686,0005,1264100016677,,,,3,용도구역코드,301,제1종지구단위계획구역,1,0,,제1종지구단위계획구역,20221008
경상남도 양산시 중부동 686-6번지,48330,10300,0,0686,0006,12644444,,,,1,용도지역코드,1120,일반상업지역,1,0,,일반상업지역,20221008
경상남도 양산시 중부동 686-6번지,48330,10300,0,0686,0006,1264100119319,,,,1,용도지역코드,UQA220,일반상업지역,1,0,,일반상업지역,20221008
경상남도 양산시 중부동 686-6번지,48330,10300,0,0686,0006,1264100119319,,,,3,용도구역코드,UQQ310,제1종지구단위계획구역,1,0,,제1종지구단위계획구역,20221008
경상남도 양산시 중부동 686-7번지,48330,10300,0,0686,0007,1264100022589,,,,1,용도지역코드,UQA220,일반상업지역,1,0,,일반상업지역,20221008
경상남도 양산시 중부동 686-7번지,48330,10300,0,0686,0007,1264100022589,,,,3,용도구역코드,UQQ310,제1종지구단위계획구역,1,0,,제1종지구단위계획구역,20221008
경상남도 양산시 중부동 686-7번지,48330,10300,0,0686,0007,1264100073139,,,,1,용도지역코드,UQA220,일반상업지역,1,0,,일반상업지역,20221008
경상남도 양산시 중부동 686-7번지,48330,10300,0,0686,0007,1264100073139,,,,3,용도구역코드,UQQ310,제1종지구단위계획구역,1,0,,제1종지구단위계획구역,20221008
경상남도 양산시 중부동 686-7번지,48330,10300,0,0686,0007,12647753,,,,1,용도지역코드,1120,일반상업지역,1,0,,일반상업지역,20221008
경상남도 양산시 중부동 686-7번지,48330,10300,0,0686,0007,12647753,,,,3,용도구역코드,301,제1종지구단위계획구역,1,0,,제1종지구단위계획구역,20221008
경상남도 양산시 중부동 687-1번지,48330,10300,0,0687,0001,1264100054028,,,,1,용도지역코드,UQA220,일반상업지역,1,0,,일반상업지역,20221008
경상남도 양산시 중부동 687-1번지,48330,10300,0,0687,0001,1264100054028,,,,3,용도구역코드,UQQ310,제1종지구단위계획구역,1,0,,제1종지구단위계획구역,20221008
경상남도 양산시 중부동 687-1번지,48330,10300,0,0687,0001,1264100015935,,,,1,용도지역코드,1120,일반상업지역,1,0,,일반상업지역,20221008
경상남도 양산시 중부동 687-1번지,48330,10300,0,0687,0001,1264100015935,,,,3,용도구역코드,301,제1종지구단위계획구역,1,0,,제1종지구단위계획구역,20221008
경상남도 양산시 중부동 687-1번지,48330,10300,0,0687,0001,1264100015936,,,,1,용도지역코드,1120,일반상업지역,1,0,,일반상업지역,20221008
경상남도 양산시 중부동 687-1번지,48330,10300,0,0687,0001,1264100015936,,,,3,용도구역코드,301,제1종지구단위계획구역,1,0,,제1종지구단위계획구역,20221008
경상남도 양산시 중부동 687-2번지,48330,10300,0,0687,0002,1264100017480,,,,1,용도지역코드,1120,일반상업지역,1,0,,일반상업지역,20221008
경상남도 양산시 중부동 687-2번지,48330,10300,0,0687,0002,1264100017480,,,,3,용도구역코드,301,제1종지구단위계획구역,1,0,,제1종지구단위계획구역,20221008
경상남도 양산시 중부동 687-2번지,48330,10300,0,0687,0002,1264100049848,,,,1,용도지역코드,UQA220,일반상업지역,1,0,,일반상업지역,20221008
경상남도 양산시 중부동 687-2번지,48330,10300,0,0687,0002,1264100049848,,,,3,용도구역코드,UQQ310,제1종지구단위계획구역,1,0,,제1종지구단위계획구역,20221008
경상남도 양산시 중부동 687-2번지,48330,10300,0,0687,0002,12648337,,,,1,용도지역코드,1120,일반상업지역,1,0,,일반상업지역,20221008
경상남도 양산시 중부동 687-2번지,48330,10300,0,0687,0002,12648337,,,,3,용도구역코드,301,제1종지구단위계획구역,1,0,,제1종지구단위계획구역,20221008
경상남도 양산시 중부동 687-2번지,48330,10300,0,0687,0002,1264100007930,,,,1,용도지역코드,1120,일반상업지역,1,0,,일반상업지역,20221008
경상남도 양산시 중부동 687-2번지,48330,10300,0,0687,0002,1264100007930,,,,3,용도구역코드,301,제1종지구단위계획구역,1,0,,제1종지구단위계획구역,20221008
경상남도 양산시 중부동 687-2번지,48330,10300,0,0687,0002,1264100022426,,,,1,용도지역코드,UQA220,일반상업지역,1,0,,일반상업지역,20221008
경상남도 양산시 중부동 687-2번지,48330,10300,0,0687,0002,1264100022426,,,,3,용도구역코드,UQQ310,제1종지구단위계획구역,1,0,,제1종지구단위계획구역,20221008
경상남도 양산시 중부동 687-2번지,48330,10300,0,0687,0002,1264100010009,,,,1,용도지역코드,1120,일반상업지역,1,0,,일반상업지역,20221008
경상남도 양산시 중부동 687-2번지,48330,10300,0,0687,0002,1264100010009,,,,3,용도구역코드,301,제1종지구단위계획구역,1,0,,제1종지구단위계획구역,20221008
경상남도 양산시 중부동 687-2번지,48330,10300,0,0687,0002,1264100008950,,,,1,용도지역코드,1120,일반상업지역,1,0,,일반상업지역,20221008
경상남도 양산시 중부동 687-2번지,48330,10300,0,0687,0002,12645329,,,,1,용도지역코드,1120,일반상업지역,1,0,,일반상업지역,20221008
경상남도 양산시 중부동 687-2번지,48330,10300,0,0687,0002,12645329,,,,3,용도구역코드,300,지구단위계획구역,1,0,,지구단위계획구역,20221008
경상남도 양산시 중부동 687-3번지,48330,10300,0,0687,0003,1264100097546,,,,1,용도지역코드,UQA220,일반상업지역,1,0,,일반상업지역,20221008
경상남도 양산시 중부동 687-3번지,48330,10300,0,0687,0003,1264100097546,,,,3,용도구역코드,UQQ310,제1종지구단위계획구역,1,0,,제1종지구단위계획구역,20221008
경상남도 양산시 중부동 687-3번지,48330,10300,0,0687,0003,1000000000000000779413,,,,3,용도구역코드,UQQ310,제1종지구단위계획구역,1,0,,제1종지구단위계획구역,20250806
경상남도 양산시 중부동 687-3번지,48330,10300,0,0687,0003,1000000000000000779413,,,,1,용도지역코드,UQA220,일반상업지역,1,0,,일반상업지역,20250806
경상남도 양산시 중부동 687-3번지,48330,10300,0,0687,0003,1000000000000000374269,,,,3,용도구역코드,UQQ310,제1종지구단위계획구역,1,0,,제1종지구단위계획구역,20230915
경상남도 양산시 중부동 687-3번지,48330,10300,0,0687,0003,1000000000000000374269,,,,1,용도지역코드,UQA220,일반상업지역,1,0,,일반상업지역,20230915
경상남도 양산시 중부동 687-3번지,48330,10300,0,0687,0003,1000000000000000374269,,,,3,용도구역코드,UMZ100,가축사육제한구역,0,0,,가축사육제한구역,20230915
경상남도 양산시 중부동 687-3번지,48330,10300,0,0687,0003,12648939,,,,1,용도지역코드,1120,일반상업지역,1,0,,일반상업지역,20221008
경상남도 양산시 중부동 687-3번지,48330,10300,0,0687,0003,12648939,,,,3,용도구역코드,302,제2종지구단위계획구역,1,0,,제2종지구단위계획구역,20221008
경상남도 양산시 중부동 687-3번지,48330,10300,0,0687,0003,1264100044427,,,,1,용도지역코드,UQA220,일반상업지역,1,0,,일반상업지역,20221008
경상남도 양산시 중부동 687-3번지,48330,10300,0,0687,0003,1264100044427,,,,3,용도구역코드,UQQ310,제1종지구단위계획구역,1,0,,제1종지구단위계획구역,20221008
경상남도 양산시 중부동 687-3번지,48330,10300,0,0687,0003,12646293,,,,1,용도지역코드,1120,일반상업지역,1,0,,일반상업지역,20221008
경상남도 양산시 중부동 687-3번지,48330,10300,0,0687,0003,12646293,,,,2,용도지구코드,160,택지개발지구,1,0,,택지개발지구,20221008
경상남도 양산시 중부동 687-3번지,48330,10300,0,0687,0003,12646293,,,,3,용도구역코드,300,지구단위계획구역,1,0,,지구단위계획구역,20221008
경상남도 양산시 중부동 687-3번지,48330,10300,0,0687,0003,1264100060999,,,,1,용도지역코드,UQA220,일반상업지역,1,0,,일반상업지역,20221008
경상남도 양산시 중부동 687-3번지,48330,10300,0,0687,0003,1264100060999,,,,3,용도구역코드,UQQ310,제1종지구단위계획구역,1,0,,제1종지구단위계획구역,20221008
경상남도 양산시 중부동 687-3번지,48330,10300,0,0687,0003,1264100021907,,,,1,용도지역코드,UQA220,일반상업지역,1,0,,일반상업지역,20221008
경상남도 양산시 중부동 687-3번지,48330,10300,0,0687,0003,1264100021907,,,,3,용도구역코드,UQQ310,제1종지구단위계획구역,1,0,,제1종지구단위계획구역,20221008
경상남도 양산시 중부동 687-3번지,48330,10300,0,0687,0003,1264100004628,,,,1,용도지역코드,1120,일반상업지역,1,0,,일반상업지역,20221008
경상남도 양산시 중부동 687-3번지,48330,10300,0,0687,0003,1264100004628,,,,3,용도구역코드,301,제1종지구단위계획구역,1,0,,제1종지구단위계획구역,20221008
경상남도 양산시 중부동 687-3번지,48330,10300,0,0687,0003,1264100015136,,,,1,용도지역코드,1120,일반상업지역,1,0,,일반상업지역,20221008
경상남도 양산시 중부동 687-3번지,48330,10300,0,0687,0003,1264100015136,,,,3,용도구역코드,301,제1종지구단위계획구역,1,0,,제1종지구단위계획구역,20221008
경상남도 양산시 중부동 688-1번지,48330,10300,0,0688,0001,1264100014054,,,,3,용도구역코드,301,제1종지구단위계획구역,1,0,,제1종지구단위계획구역,20221008
경상남도 양산시 중부동 688-1번지,48330,10300,0,0688,0001,1264100014054,,,,1,용도지역코드,1120,일반상업지역,1,0,,일반상업지역,20221008
경상남도 양산시 중부동 688-1번지,48330,10300,0,0688,0001,1264100052688,,,,1,용도지역코드,UQA220,일반상업지역,1,0,,일반상업지역,20221008
경상남도 양산시 중부동 688-1번지,48330,10300,0,0688,0001,1264100052688,,,,3,용도구역코드,UQQ300,지구단위계획구역,1,0,,지구단위계획구역,20221008
경상남도 양산시 중부동 688-1번지,48330,10300,0,0688,0001,12648074,,,,1,용도지역코드,1120,일반상업지역,1,0,,일반상업지역,20221008
경상남도 양산시 중부동 688-1번지,48330,10300,0,0688,0001,12648074,,,,3,용도구역코드,301,제1종지구단위계획구역,1,0,,제1종지구단위계획구역,20221008
경상남도 양산시 중부동 688-1번지,48330,10300,0,0688,0001,12648074,,,,3,용도구역코드,010,도시계획구역,0,0,,도시계획구역,20221008
경상남도 양산시 중부동 688-1번지,48330,10300,0,0688,0001,1264100014235,,,,1,용도지역코드,1120,일반상업지역,1,0,,일반상업지역,20221008
경상남도 양산시 중부동 688-1번지,48330,10300,0,0688,0001,1264100014235,,,,3,용도구역코드,301,제1종지구단위계획구역,1,0,,제1종지구단위계획구역,20221008
경상남도 양산시 중부동 688-2번지,48330,10300,0,0688,0002,1264100055411,,,,1,용도지역코드,UQA220,일반상업지역,1,0,,일반상업지역,20221008
경상남도 양산시 중부동 688-2번지,48330,10300,0,0688,0002,1264100055411,,,,3,용도구역코드,UQQ310,제1종지구단위계획구역,1,0,,제1종지구단위계획구역,20221008
경상남도 양산시 중부동 688-2번지,48330,10300,0,0688,0002,1264100006664,,,,1,용도지역코드,1120,일반상업지역,1,0,,일반상업지역,20221008
경상남도 양산시 중부동 688-2번지,48330,10300,0,0688,0002,1264100006664,,,,3,용도구역코드,301,제1종지구단위계획구역,1,0,,제1종지구단위계획구역,20221008
경상남도 양산시 중부동 688-2번지,48330,10300,0,0688,0002,1264100029337,,,,1,용도지역코드,UQA220,일반상업지역,1,0,,일반상업지역,20221008
경상남도 양산시 중부동 688-2번지,48330,10300,0,0688,0002,1264100029337,,,,3,용도구역코드,UQQ310,제1종지구단위계획구역,1,0,,제1종지구단위계획구역,20221008
경상남도 양산시 중부동 688-3번지,48330,10300,0,0688,0003,1264100081780,,,,1,용도지역코드,UQA220,일반상업지역,1,0,,일반상업지역,20221008
경상남도 양산시 중부동 688-3번지,48330,10300,0,0688,0003,1264100081780,,,,3,용도구역코드,UQQ310,제1종지구단위계획구역,1,0,,제1종지구단위계획구역,20221008
경상남도 양산시 중부동 688-3번지,48330,10300,0,0688,0003,1264100050427,,,,1,용도지역코드,UQA220,일반상업지역,1,0,,일반상업지역,20221008
경상남도 양산시 중부동 688-3번지,48330,10300,0,0688,0003,1264100050427,,,,3,용도구역코드,UQQ310,제1종지구단위계획구역,1,0,,제1종지구단위계획구역,20221008
경상남도 양산시 중부동 688-3번지,48330,10300,0,0688,0003,1264100013452,,,,1,용도지역코드,1120,일반상업지역,1,0,,일반상업지역,20221008
경상남도 양산시 중부동 688-3번지,48330,10300,0,0688,0003,12649335,,,,1,용도지역코드,1120,일반상업지역,1,0,,일반상업지역,20221008
경상남도 양산시 중부동 688-3번지,48330,10300,0,0688,0003,12649335,,,,3,용도구역코드,301,제1종지구단위계획구역,1,0,,제1종지구단위계획구역,20221008
경상남도 양산시 중부동 688-3번지,48330,10300,0,0688,0003,1264100008490,,,,1,용도지역코드,1120,일반상업지역,1,0,,일반상업지역,20221008
경상남도 양산시 중부동 688-3번지,48330,10300,0,0688,0003,1264100008490,,,,3,용도구역코드,301,제1종지구단위계획구역,1,0,,제1종지구단위계획구역,20221008
경상남도 양산시 중부동 688-4번지,48330,10300,0,0688,0004,1264100059132,,,,1,용도지역코드,UQA220,일반상업지역,1,0,,일반상업지역,20221008
경상남도 양산시 중부동 688-4번지,48330,10300,0,0688,0004,1264100059132,,,,3,용도구역코드,UQQ310,제1종지구단위계획구역,1,0,,제1종지구단위계획구역,20221008
경상남도 양산시 중부동 688-4번지,48330,10300,0,0688,0004,1000000000000000990866,,,,1,용도지역코드,UQA220,일반상업지역,1,0,,일반상업지역,20260708
경상남도 양산시 중부동 688-4번지,48330,10300,0,0688,0004,1000000000000000990866,,,,3,용도구역코드,UQQ310,제1종지구단위계획구역,1,0,,제1종지구단위계획구역,20260708
경상남도 양산시 중부동 688-4번지,48330,10300,0,0688,0004,1264100064523,,,,1,용도지역코드,UQA220,일반상업지역,1,0,,일반상업지역,20221008
경상남도 양산시 중부동 688-4번지,48330,10300,0,0688,0004,12648115,,,,1,용도지역코드,1120,일반상업지역,1,0,,일반상업지역,20221008
경상남도 양산시 중부동 688-4번지,48330,10300,0,0688,0004,12648115,,,,2,용도지구코드,160,택지개발지구,1,0,,택지개발지구,20221008
경상남도 양산시 중부동 688-6번지,48330,10300,0,0688,0006,1264100099816,,,,1,용도지역코드,UQA220,일반상업지역,1,0,,일반상업지역,20221008
경상남도 양산시 중부동 688-6번지,48330,10300,0,0688,0006,1264100099816,,,,3,용도구역코드,UQQ310,제1종지구단위계획구역,1,0,,제1종지구단위계획구역,20221008
경상남도 양산시 중부동 688-6번지,48330,10300,0,0688,0006,1000000000000000549382,,,,1,용도지역코드,UQA220,일반상업지역,1,0,,일반상업지역,20240813
경상남도 양산시 중부동 688-6번지,48330,10300,0,0688,0006,1000000000000000549382,,,,3,용도구역코드,UQQ310,제1종지구단위계획구역,1,0,,제1종지구단위계획구역,20240813
경상남도 양산시 중부동 688-6번지,48330,10300,0,0688,0006,1264100070420,,,,1,용도지역코드,UQA220,일반상업지역,1,0,,일반상업지역,20221008
경상남도 양산시 중부동 688-6번지,48330,10300,0,0688,0006,1264100070420,,,,3,용도구역코드,UQQ310,제1종지구단위계획구역,1,0,,제1종지구단위계획구역,20221008
경상남도 양산시 중부동 688-6번지,48330,10300,0,0688,0006,1264100008126,,,,1,용도지역코드,1120,일반상업지역,1,0,,일반상업지역,20221008
경상남도 양산시 중부동 688-6번지,48330,10300,0,0688,0006,1264100008126,,,,3,용도구역코드,301,제1종지구단위계획구역,1,0,,제1종지구단위계획구역,20221008
경상남도 양산시 중부동 688-6번지,48330,10300,0,0688,0006,1264100004405,,,,1,용도지역코드,1120,일반상업지역,1,0,,일반상업지역,20221008
경상남도 양산시 중부동 688-6번지,48330,10300,0,0688,0006,1264100004405,,,,3,용도구역코드,301,제1종지구단위계획구역,1,0,,제1종지구단위계획구역,20221008
경상남도 양산시 중부동 688-6번지,48330,10300,0,0688,0006,12649380,,,,1,용도지역코드,1120,일반상업지역,1,0,,일반상업지역,20221008
경상남도 양산시 중부동 688-6번지,48330,10300,0,0688,0006,12649380,,,,3,용도구역코드,301,제1종지구단위계획구역,1,0,,제1종지구단위계획구역,20221008
경상남도 양산시 중부동 688-8번지,48330,10300,0,0688,0008,1264100005065,,,,1,용도지역코드,1120,일반상업지역,1,0,,일반상업지역,20221008
경상남도 양산시 중부동 688-8번지,48330,10300,0,0688,0008,1264100005065,,,,3,용도구역코드,301,제1종지구단위계획구역,1,0,,제1종지구단위계획구역,20221008
경상남도 양산시 중부동 688-9번지,48330,10300,0,0688,0009,1264100051615,,,,1,용도지역코드,UQA220,일반상업지역,1,0,,일반상업지역,20221008
경상남도 양산시 중부동 688-9번지,48330,10300,0,0688,0009,1264100051615,,,,3,용도구역코드,UQQ310,제1종지구단위계획구역,1,0,,제1종지구단위계획구역,20221008
경상남도 양산시 중부동 688-9번지,48330,10300,0,0688,0009,12646507,,,,1,용도지역코드,1120,일반상업지역,1,0,,일반상업지역,20221008
경상남도 양산시 중부동 688-9번지,48330,10300,0,0688,0009,12646507,,,,3,용도구역코드,300,지구단위계획구역,1,0,,지구단위계획구역,20221008
경상남도 양산시 중부동 688-10번지,48330,10300,0,0688,0010,1264100028110,,,,1,용도지역코드,UQA220,일반상업지역,1,0,,일반상업지역,20221008
경상남도 양산시 중부동 688-10번지,48330,10300,0,0688,0010,1264100028110,,,,3,용도구역코드,UQQ310,제1종지구단위계획구역,1,0,,제1종지구단위계획구역,20221008
경상남도 양산시 중부동 688-10번지,48330,10300,0,0688,0010,1000000000000000280589,,,,3,용도구역코드,UQQ310,제1종지구단위계획구역,1,0,,제1종지구단위계획구역,20230425
경상남도 양산시 중부동 688-10번지,48330,10300,0,0688,0010,1000000000000000280589,,,,1,용도지역코드,UQA220,일반상업지역,1,0,,일반상업지역,20230425
경상남도 양산시 중부동 688-10번지,48330,10300,0,0688,0010,1000000000000000280589,,,,3,용도구역코드,UMZ100,가축사육제한구역,0,0,,가축사육제한구역,20230425
경상남도 양산시 중부동 688-10번지,48330,10300,0,0688,0010,12649341,,,,1,용도지역코드,1120,일반상업지역,1,0,,일반상업지역,20221008
경상남도 양산시 중부동 688-11번지,48330,10300,0,0688,0011,12649316,,,,1,용도지역코드,1120,일반상업지역,1,0,,일반상업지역,20221008
경상남도 양산시 중부동 688-11번지,48330,10300,0,0688,0011,12649316,,,,3,용도구역코드,301,제1종지구단위계획구역,1,0,,제1종지구단위계획구역,20221008
경상남도 양산시 중부동 688-11번지,48330,10300,0,0688,0011,1264100004164,,,,1,용도지역코드,1120,일반상업지역,1,0,,일반상업지역,20221008
경상남도 양산시 중부동 688-11번지,48330,10300,0,0688,0011,1264100004164,,,,3,용도구역코드,301,제1종지구단위계획구역,1,0,,제1종지구단위계획구역,20221008
경상남도 양산시 중부동 688-11번지,48330,10300,0,0688,0011,1264100012531,,,,1,용도지역코드,1120,일반상업지역,1,0,,일반상업지역,20221008
경상남도 양산시 중부동 688-11번지,48330,10300,0,0688,0011,1264100012531,,,,3,용도구역코드,301,제1종지구단위계획구역,1,0,,제1종지구단위계획구역,20221008
경상남도 양산시 중부동 688-12번지,48330,10300,0,0688,0012,12645021,,,,1,용도지역코드,1120,일반상업지역,1,0,,일반상업지역,20221008
경상남도 양산시 중부동 688-12번지,48330,10300,0,0688,0012,12645021,,,,2,용도지구코드,160,택지개발지구,1,0,,택지개발지구,20221008
경상남도 양산시 중부동 688-12번지,48330,10300,0,0688,0012,12645021,,,,3,용도구역코드,300,지구단위계획구역,1,0,,지구단위계획구역,20221008
경상남도 양산시 중부동 688-12번지,48330,10300,0,0688,0012,12646182,,,,1,용도지역코드,1120,일반상업지역,1,0,,일반상업지역,20221008
경상남도 양산시 중부동 688-12번지,48330,10300,0,0688,0012,12646182,,,,2,용도지구코드,160,택지개발지구,1,0,,택지개발지구,20221008
경상남도 양산시 중부동 688-12번지,48330,10300,0,0688,0012,12646182,,,,3,용도구역코드,301,제1종지구단위계획구역,1,0,,제1종지구단위계획구역,20221008
경상남도 양산시 중부동 688-13번지,48330,10300,0,0688,0013,1264100067704,,,,1,용도지역코드,UQA220,일반상업지역,1,0,,일반상업지역,20221008
경상남도 양산시 중부동 688-13번지,48330,10300,0,0688,0013,1264100067704,,,,3,용도구역코드,UQQ310,제1종지구단위계획구역,1,0,,제1종지구단위계획구역,20221008
경상남도 양산시 중부동 688-13번지,48330,10300,0,0688,0013,12643902,,,,1,용도지역코드,1120,일반상업지역,1,0,,일반상업지역,20221008
경상남도 양산시 중부동 688-13번지,48330,10300,0,0688,0013,12643902,,,,2,용도지구코드,160,택지개발지구,1,0,,택지개발지구,20221008
경상남도 양산시 중부동 688-13번지,48330,10300,0,0688,0013,12643902,,,,3,용도구역코드,290,도시설계구역,1,0,,도시설계구역,20221008
경상남도 양산시 중부동 688-13번지,48330,10300,0,0688,0013,12648923,,,,1,용도지역코드,1120,일반상업지역,1,0,,일반상업지역,20221008
경상남도 양산시 중부동 688-13번지,48330,10300,0,0688,0013,12648923,,,,3,용도구역코드,301,제1종지구단위계획구역,1,0,,제1종지구단위계획구역,20221008
경상남도 양산시 중부동 688-14번지,48330,10300,0,0688,0014,12645184,,,,1,용도지역코드,1120,일반상업지역,1,0,,일반상업지역,20221008
경상남도 양산시 중부동 688-14번지,48330,10300,0,0688,0014,12645184,,,,2,용도지구코드,160,택지개발지구,1,0,,택지개발지구,20221008
경상남도 양산시 중부동 688-14번지,48330,10300,0,0688,0014,12645184,,,,3,용도구역코드,300,지구단위계획구역,1,0,,지구단위계획구역,20221008
경상남도 양산시 중부동 688-15번지,48330,10300,0,0688,0015,1264100051808,,,,1,용도지역코드,UQA220,일반상업지역,1,0,,일반상업지역,20221008
경상남도 양산시 중부동 688-15번지,48330,10300,0,0688,0015,1264100051808,,,,3,용도구역코드,UQQ310,제1종지구단위계획구역,1,0,,제1종지구단위계획구역,20221008
경상남도 양산시 중부동 688-15번지,48330,10300,0,0688,0015,1264100040463,,,,1,용도지역코드,UQA220,일반상업지역,1,0,,일반상업지역,20221008
경상남도 양산시 중부동 688-15번지,48330,10300,0,0688,0015,12648884,,,,1,용도지역코드,1120,일반상업지역,1,0,,일반상업지역,20221008
경상남도 양산시 중부동 688-15번지,48330,10300,0,0688,0015,12648884,,,,3,용도구역코드,301,제1종지구단위계획구역,1,0,,제1종지구단위계획구역,20221008
경상남도 양산시 중부동 688-16번지,48330,10300,0,0688,0016,1264100092346,,,,1,용도지역코드,UQA220,일반상업지역,1,0,,일반상업지역,20221008
경상남도 양산시 중부동 688-16번지,48330,10300,0,0688,0016,1264100092346,,,,3,용도구역코드,UQQ310,제1종지구단위계획구역,1,0,,제1종지구단위계획구역,20221008
경상남도 양산시 중부동 688-16번지,48330,10300,0,0688,0016,1000000000000001015168,,,,1,용도지역코드,UQA220,일반상업지역,1,0,,일반상업지역,20260819
경상남도 양산시 중부동 688-16번지,48330,10300,0,0688,0016,1264100148092,,,,1,용도지역코드,UQA220,일반상업지역,1,0,,일반상업지역,20221008
경상남도 양산시 중부동 688-16번지,48330,10300,0,0688,0016,1264100148092,,,,3,용도구역코드,UQQ310,제1종지구단위계획구역,1,0,,제1종지구단위계획구역,20221008
경상남도 양산시 중부동 688-16번지,48330,10300,0,0688,0016,1264100099814,,,,1,용도지역코드,UQA220,일반상업지역,1,0,,일반상업지역,20221008
경상남도 양산시 중부동 688-16번지,48330,10300,0,0688,0016,1264100099814,,,,3,용도구역코드,UQQ310,제1종지구단위계획구역,1,0,,제1종지구단위계획구역,20221008
경상남도 양산시 중부동 688-16번지,48330,10300,0,0688,0016,1264100029729,,,,1,용도지역코드,UQA220,일반상업지역,1,0,,일반상업지역,20221008
경상남도 양산시 중부동 688-16번지,48330,10300,0,0688,0016,1264100038612,,,,1,용도지역코드,UQA220,일반상업지역,1,0,,일반상업지역,20221008
경상남도 양산시 중부동 688-16번지,48330,10300,0,0688,0016,1264100016194,,,,1,용도지역코드,1120,일반상업지역,1,0,,일반상업지역,20221008
경상남도 양산시 중부동 688-16번지,48330,10300,0,0688,0016,1264100016194,,,,3,용도구역코드,301,제1종지구단위계획구역,1,0,,제1종지구단위계획구역,20221008
경상남도 양산시 중부동 688-17번지,48330,10300,0,0688,0017,1264100101253,,,,1,용도지역코드,UQA220,일반상업지역,1,0,,일반상업지역,20221008
경상남도 양산시 중부동 688-17번지,48330,10300,0,0688,0017,1264100101253,,,,3,용도구역코드,UQQ310,제1종지구단위계획구역,1,0,,제1종지구단위계획구역,20221008
경상남도 양산시 중부동 688-17번지,48330,10300,0,0688,0017,12644490,,,,1,용도지역코드,1120,일반상업지역,1,0,,일반상업지역,20221008
경상남도 양산시 중부동 688-17번지,48330,10300,0,0688,0017,1264100054149,,,,1,용도지역코드,UQA220,일반상업지역,1,0,,일반상업지역,20221008
경상남도 양산시 중부동 688-17번지,48330,10300,0,0688,0017,1264100054149,,,,3,용도구역코드,UQQ310,제1종지구단위계획구역,1,0,,제1종지구단위계획구역,20221008
경상남도 양산시 중부동 688-17번지,48330,10300,0,0688,0017,1264100057549,,,,1,용도지역코드,UQA220,일반상업지역,1,0,,일반상업지역,20221008
경상남도 양산시 중부동 688-17번지,48330,10300,0,0688,0017,1264100057549,,,,3,용도구역코드,UQQ310,제1종지구단위계획구역,1,0,,제1종지구단위계획구역,20221008
경상남도 양산시 중부동 688-17번지,48330,10300,0,0688,0017,1264100056850,,,,3,용도구역코드,UQQ310,제1종지구단위계획구역,1,0,,제1종지구단위계획구역,20221008
경상남도 양산시 중부동 688-17번지,48330,10300,0,0688,0017,1264100056850,,,,1,용도지역코드,UQA220,일반상업지역,1,0,,일반상업지역,20221008
경상남도 양산시 중부동 688-17번지,48330,10300,0,0688,0017,1264100005985,,,,1,용도지역코드,1120,일반상업지역,1,0,,일반상업지역,20221008
경상남도 양산시 중부동 688-17번지,48330,10300,0,0688,0017,1264100005985,,,,3,용도구역코드,301,제1종지구단위계획구역,1,0,,제1종지구단위계획구역,20221008
경상남도 양산시 중부동 688-17번지,48330,10300,0,0688,0017,12648897,,,,1,용도지역코드,1120,일반상업지역,1,0,,일반상업지역,20221008
경상남도 양산시 중부동 688-17번지,48330,10300,0,0688,0017,12648897,,,,3,용도구역코드,301,제1종지구단위계획구역,1,0,,제1종지구단위계획구역,20221008
경상남도 양산시 중부동 688-17번지,48330,10300,0,0688,0017,1264100005528,,,,1,용도지역코드,1120,일반상업지역,1,0,,일반상업지역,20221008
경상남도 양산시 중부동 688-17번지,48330,10300,0,0688,0017,1264100005528,,,,3,용도구역코드,301,제1종지구단위계획구역,1,0,,제1종지구단위계획구역,20221008
경상남도 양산시 중부동 689-1번지,48330,10300,0,0689,0001,12648324,,,,1,용도지역코드,1120,일반상업지역,1,0,,일반상업지역,20221008
경상남도 양산시 중부동 689-1번지,48330,10300,0,0689,0001,12648324,,,,3,용도구역코드,301,제1종지구단위계획구역,1,0,,제1종지구단위계획구역,20221008
경상남도 양산시 중부동 689-1번지,48330,10300,0,0689,0001,1000000000000000536989,,,,3,용도구역코드,UMZ100,가축사육제한구역,0,0,,가축사육제한구역,20240617
경상남도 양산시 중부동 689-1번지,48330,10300,0,0689,0001,1000000000000000536989,,,,1,용도지역코드,UQA220,일반상업지역,1,0,,일반상업지역,20240617
경상남도 양산시 중부동 689-1번지,48330,10300,0,0689,0001,1000000000000000536989,,,,3,용도구역코드,UQQ310,제1종지구단위계획구역,1,0,,제1종지구단위계획구역,20240617
경상남도 양산시 중부동 689-1번지,48330,10300,0,0689,0001,12648518,,,,1,용도지역코드,1120,일반상업지역,1,0,,일반상업지역,20221008
경상남도 양산시 중부동 689-1번지,48330,10300,0,0689,0001,12648520,,,,1,용도지역코드,1120,일반상업지역,1,0,,일반상업지역,20221008
경상남도 양산시 중부동 689-1번지,48330,10300,0,0689,0001,12648520,,,,3,용도구역코드,301,제1종지구단위계획구역,1,0,,제1종지구단위계획구역,20221008
경상남도 양산시 중부동 689-1번지,48330,10300,0,0689,0001,12646345,,,,1,용도지역코드,1120,일반상업지역,1,0,,일반상업지역,20221008
경상남도 양산시 중부동 689-1번지,48330,10300,0,0689,0001,12646345,,,,3,용도구역코드,300,지구단위계획구역,1,0,,지구단위계획구역,20221008
경상남도 양산시 중부동 689-1번지,48330,10300,0,0689,0001,1264100109496,,,,1,용도지역코드,UQA220,일반상업지역,1,0,,일반상업지역,20221008
경상남도 양산시 중부동 689-1번지,48330,10300,0,0689,0001,1264100109496,,,,3,용도구역코드,UQQ310,제1종지구단위계획구역,1,0,,제1종지구단위계획구역,20221008
경상남도 양산시 중부동 689-1번지,48330,10300,0,0689,0001,1264100122560,,,,1,용도지역코드,UQA220,일반상업지역,1,0,,일반상업지역,20221008
경상남도 양산시 중부동 689-1번지,48330,10300,0,0689,0001,1264100122560,,,,3,용도구역코드,UQQ310,제1종지구단위계획구역,1,0,,제1종지구단위계획구역,20221008
경상남도 양산시 중부동 689-1번지,48330,10300,0,0689,0001,1264100122499,,,,1,용도지역코드,UQA220,일반상업지역,1,0,,일반상업지역,20221008
경상남도 양산시 중부동 689-1번지,48330,10300,0,0689,0001,1264100122499,,,,3,용도구역코드,UQQ310,제1종지구단위계획구역,1,0,,제1종지구단위계획구역,20221008
경상남도 양산시 중부동 689-1번지,48330,10300,0,0689,0001,1264100039295,,,,1,용도지역코드,UQA220,일반상업지역,1,0,,일반상업지역,20221008
경상남도 양산시 중부동 689-1번지,48330,10300,0,0689,0001,1264100039295,,,,3,용도구역코드,UQQ310,제1종지구단위계획구역,1,0,,제1종지구단위계획구역,20221008
경상남도 양산시 중부동 689-1번지,48330,10300,0,0689,0001,1264100026009,,,,1,용도지역코드,UQA220,일반상업지역,1,0,,일반상업지역,20221008
경상남도 양산시 중부동 689-1번지,48330,10300,0,0689,0001,1264100026009,,,,3,용도구역코드,UQQ310,제1종지구단위계획구역,1,0,,제1종지구단위계획구역,20221008
경상남도 양산시 중부동 689-1번지,48330,10300,0,0689,0001,1264100017136,,,,1,용도지역코드,1120,일반상업지역,1,0,,일반상업지역,20221008
경상남도 양산시 중부동 689-1번지,48330,10300,0,0689,0001,1264100017136,,,,3,용도구역코드,301,제1종지구단위계획구역,1,0,,제1종지구단위계획구역,20221008
경상남도 양산시 중부동 689-1번지,48330,10300,0,0689,0001,1264100005865,,,,1,용도지역코드,1120,일반상업지역,1,0,,일반상업지역,20221008
경상남도 양산시 중부동 689-1번지,48330,10300,0,0689,0001,1264100005865,,,,3,용도구역코드,301,제1종지구단위계획구역,1,0,,제1종지구단위계획구역,20221008
경상남도 양산시 중부동 689-2번지,48330,10300,0,0689,0002,1264100029769,,,,1,용도지역코드,UQA220,일반상업지역,1,0,,일반상업지역,20221008
경상남도 양산시 중부동 689-2번지,48330,10300,0,0689,0002,1264100029769,,,,3,용도구역코드,UQQ310,제1종지구단위계획구역,1,0,,제1종지구단위계획구역,20221008
경상남도 양산시 중부동 689-2번지,48330,10300,0,0689,0002,1264100063660,,,,1,용도지역코드,UQA220,일반상업지역,1,0,,일반상업지역,20221008
경상남도 양산시 중부동 689-2번지,48330,10300,0,0689,0002,1264100063660,,,,3,용도구역코드,UQQ310,제1종지구단위계획구역,1,0,,제1종지구단위계획구역,20221008
경상남도 양산시 중부동 689-2번지,48330,10300,0,0689,0002,1264100043008,,,,1,용도지역코드,UQA220,일반상업지역,1,0,,일반상업지역,20221008
경상남도 양산시 중부동 689-2번지,48330,10300,0,0689,0002,1264100043008,,,,3,용도구역코드,UQQ310,제1종지구단위계획구역,1,0,,제1종지구단위계획구역,20221008
경상남도 양산시 중부동 689-2번지,48330,10300,0,0689,0002,1264100050694,,,,1,용도지역코드,UQA220,일반상업지역,1,0,,일반상업지역,20221008
경상남도 양산시 중부동 689-2번지,48330,10300,0,0689,0002,1264100050694,,,,3,용도구역코드,UQQ310,제1종지구단위계획구역,1,0,,제1종지구단위계획구역,20221008
경상남도 양산시 중부동 689-2번지,48330,10300,0,0689,0002,1264100034573,,,,1,용도지역코드,UQA220,일반상업지역,1,0,,일반상업지역,20221008
경상남도 양산시 중부동 689-2번지,48330,10300,0,0689,0002,1264100034573,,,,3,용도구역코드,UQQ310,제1종지구단위계획구역,1,0,,제1종지구단위계획구역,20221008
경상남도 양산시 중부동 689-2번지,48330,10300,0,0689,0002,1264100008306,,,,1,용도지역코드,1120,일반상업지역,1,0,,일반상업지역,20221008
경상남도 양산시 중부동 689-2번지,48330,10300,0,0689,0002,1264100008306,,,,3,용도구역코드,301,제1종지구단위계획구역,1,0,,제1종지구단위계획구역,20221008
경상남도 양산시 중부동 689-2번지,48330,10300,0,0689,0002,1264100006345,,,,1,용도지역코드,1120,일반상업지역,1,0,,일반상업지역,20221008
경상남도 양산시 중부동 689-2번지,48330,10300,0,0689,0002,1264100006345,,,,3,용도구역코드,301,제1종지구단위계획구역,1,0,,제1종지구단위계획구역,20221008
경상남도 양산시 중부동 689-2번지,48330,10300,0,0689,0002,12648585,,,,1,용도지역코드,1120,일반상업지역,1,0,,일반상업지역,20221008
경상남도 양산시 중부동 689-2번지,48330,10300,0,0689,0002,12648585,,,,3,용도구역코드,301,제1종지구단위계획구역,1,0,,제1종지구단위계획구역,20221008
경상남도 양산시 중부동 689-3번지,48330,10300,0,0689,0003,1264100118878,,,,1,용도지역코드,UQA220,일반상업지역,1,0,,일반상업지역,20221008
경상남도 양산시 중부동 689-3번지,48330,10300,0,0689,0003,1264100118878,,,,3,용도구역코드,UQQ310,제1종지구단위계획구역,1,0,,제1종지구단위계획구역,20221008
경상남도 양산시 중부동 689-3번지,48330,10300,0,0689,0003,1264100135164,,,,3,용도구역코드,UQQ310,제1종지구단위계획구역,1,0,,제1종지구단위계획구역,20221008
경상남도 양산시 중부동 689-3번지,48330,10300,0,0689,0003,1264100135164,,,,1,용도지역코드,UQA220,일반상업지역,1,0,,일반상업지역,20221008
경상남도 양산시 중부동 689-3번지,48330,10300,0,0689,0003,1264100015434,,,,1,용도지역코드,1120,일반상업지역,1,0,,일반상업지역,20221008
경상남도 양산시 중부동 689-3번지,48330,10300,0,0689,0003,1264100015434,,,,3,용도구역코드,301,제1종지구단위계획구역,1,0,,제1종지구단위계획구역,20221008
경상남도 양산시 중부동 689-4번지,48330,10300,0,0689,0004,1264100102135,,,,1,용도지역코드,UQA220,일반상업지역,1,0,,일반상업지역,20221008
경상남도 양산시 중부동 689-4번지,48330,10300,0,0689,0004,12648191,,,,1,용도지역코드,1120,일반상업지역,1,0,,일반상업지역,20221008
경상남도 양산시 중부동 689-6번지,48330,10300,0,0689,0006,1264100020918,,,,1,용도지역코드,1120,일반상업지역,1,0,,일반상업지역,20221008
경상남도 양산시 중부동 689-6번지,48330,10300,0,0689,0006,1264100020918,,,,3,용도구역코드,301,제1종지구단위계획구역,1,0,,제1종지구단위계획구역,20221008
경상남도 양산시 중부동 689-6번지,48330,10300,0,0689,0006,12646880,,,,1,용도지역코드,1120,일반상업지역,1,0,,일반상업지역,20221008
경상남도 양산시 중부동 689-6번지,48330,10300,0,0689,0006,12646880,,,,2,용도지구코드,160,택지개발지구,1,0,,택지개발지구,20221008
경상남도 양산시 중부동 689-6번지,48330,10300,0,0689,0006,12646880,,,,3,용도구역코드,301,제1종지구단위계획구역,1,0,,제1종지구단위계획구역,20221008
경상남도 양산시 중부동 689-6번지,48330,10300,0,0689,0006,1264100017035,,,,1,용도지역코드,1120,일반상업지역,1,0,,일반상업지역,20221008
경상남도 양산시 중부동 689-6번지,48330,10300,0,0689,0006,1264100017035,,,,3,용도구역코드,301,제1종지구단위계획구역,1,0,,제1종지구단위계획구역,20221008
경상남도 양산시 중부동 689-6번지,48330,10300,0,0689,0006,12646884,,,,1,용도지역코드,1120,일반상업지역,1,0,,일반상업지역,20221008
경상남도 양산시 중부동 689-6번지,48330,10300,0,0689,0006,12646884,,,,3,용도구역코드,301,제1종지구단위계획구역,1,0,,제1종지구단위계획구역,20221008
경상남도 양산시 중부동 689-6번지,48330,10300,0,0689,0006,12644503,,,,1,용도지역코드,1120,일반상업지역,1,0,,일반상업지역,20221008
경상남도 양산시 중부동 689-7번지,48330,10300,0,0689,0007,1264100120759,,,,1,용도지역코드,UQA220,일반상업지역,1,0,,일반상업지역,20221008
경상남도 양산시 중부동 689-7번지,48330,10300,0,0689,0007,1264100120759,,,,3,용도구역코드,UQQ310,제1종지구단위계획구역,1,0,,제1종지구단위계획구역,20221008
경상남도 양산시 중부동 689-7번지,48330,10300,0,0689,0007,12644452,,,,1,용도지역코드,1120,일반상업지역,1,0,,일반상업지역,20221008
경상남도 양산시 중부동 689-7번지,48330,10300,0,0689,0007,12644452,,,,2,용도지구코드,160,택지개발지구,1,0,,택지개발지구,20221008
경상남도 양산시 중부동 689-7번지,48330,10300,0,0689,0007,12644452,,,,3,용도구역코드,290,도시설계구역,1,0,,도시설계구역,20221008
경상남도 양산시 중부동 689-7번지,48330,10300,0,0689,0007,1264100090842,,,,1,용도지역코드,UQA220,일반상업지역,1,0,,일반상업지역,20221008
경상남도 양산시 중부동 689-7번지,48330,10300,0,0689,0007,1264100090842,,,,3,용도구역코드,UQQ310,제1종지구단위계획구역,1,0,,제1종지구단위계획구역,20221008
경상남도 양산시 중부동 690-1번지,48330,10300,0,0690,0001,12646277,,,,1,용도지역코드,1120,일반상업지역,1,0,,일반상업지역,20221008
경상남도 양산시 중부동 690-1번지,48330,10300,0,0690,0001,12646227,,,,1,용도지역코드,1120,일반상업지역,1,0,,일반상업지역,20221008
경상남도 양산시 중부동 690-1번지,48330,10300,0,0690,0001,1264100046906,,,,1,용도지역코드,UQA220,일반상업지역,1,0,,일반상업지역,20221008
경상남도 양산시 중부동 690-1번지,48330,10300,0,0690,0001,1264100046906,,,,3,용도구역코드,UQQ310,제1종지구단위계획구역,1,0,,제1종지구단위계획구역,20221008
경상남도 양산시 중부동 690-1번지,48330,10300,0,0690,0001,1264100005426,,,,1,용도지역코드,1120,일반상업지역,1,0,,일반상업지역,20221008
경상남도 양산시 중부동 690-1번지,48330,10300,0,0690,0001,1264100005426,,,,2,용도지구코드,160,택지개발지구,1,0,,택지개발지구,20221008
경상남도 양산시 중부동 690-1번지,48330,10300,0,0690,0001,1264100005426,,,,3,용도구역코드,301,제1종지구단위계획구역,1,0,,제1종지구단위계획구역,20221008
경상남도 양산시 중부동 690-2번지,48330,10300,0,0690,0002,1264100010950,,,,1,용도지역코드,1120,일반상업지역,1,0,,일반상업지역,20221008
경상남도 양산시 중부동 690-2번지,48330,10300,0,0690,0002,1264100010950,,,,3,용도구역코드,301,제1종지구단위계획구역,1,0,,제1종지구단위계획구역,20221008
경상남도 양산시 중부동 690-2번지,48330,10300,0,0690,0002,12643689,,,,1,용도지역코드,1120,일반상업지역,1,0,,일반상업지역,20221008
경상남도 양산시 중부동 690-2번지,48330,10300,0,0690,0002,12643689,,,,2,용도지구코드,160,택지개발지구,1,0,,택지개발지구,20221008
경상남도 양산시 중부동 690-2번지,48330,10300,0,0690,0002,12643689,,,,3,용도구역코드,290,도시설계구역,1,0,,도시설계구역,20221008
경상남도 양산시 중부동 690-4번지,48330,10300,0,0690,0004,12646945,,,,1,용도지역코드,1120,일반상업지역,1,0,,일반상업지역,20221008
경상남도 양산시 중부동 690-4번지,48330,10300,0,0690,0004,12646945,,,,2,용도지구코드,260,주차장정비지구,1,0,,주차장정비지구,20221008
경상남도 양산시 중부동 690-4번지,48330,10300,0,0690,0004,12646945,,,,3,용도구역코드,301,제1종지구단위계획구역,1,0,,제1종지구단위계획구역,20221008
경상남도 양산시 중부동 690-5번지,48330,10300,0,0690,0005,1264100034145,,,,1,용도지역코드,UQA220,일반상업지역,1,0,,일반상업지역,20221008
경상남도 양산시 중부동 690-5번지,48330,10300,0,0690,0005,1264100034145,,,,3,용도구역코드,UQQ310,제1종지구단위계획구역,1,0,,제1종지구단위계획구역,20221008
경상남도 양산시 중부동 690-5번지,48330,10300,0,0690,0005,12647217,,,,1,용도지역코드,1120,일반상업지역,1,0,,일반상업지역,20221008
경상남도 양산시 중부동 690-6번지,48330,10300,0,0690,0006,12646344,,,,1,용도지역코드,1120,일반상업지역,1,0,,일반상업지역,20221008
경상남도 양산시 중부동 690-6번지,48330,10300,0,0690,0006,12646344,,,,3,용도구역코드,300,지구단위계획구역,1,0,,지구단위계획구역,20221008
경상남도 양산시 중부동 690-6번지,48330,10300,0,0690,0006,1264100141024,,,,1,용도지역코드,UQA220,일반상업지역,1,0,,일반상업지역,20221008
경상남도 양산시 중부동 690-6번지,48330,10300,0,0690,0006,1264100141024,,,,3,용도구역코드,UQQ310,제1종지구단위계획구역,1,0,,제1종지구단위계획구역,20221008
경상남도 양산시 중부동 690-6번지,48330,10300,0,0690,0006,1264100023327,,,,1,용도지역코드,UQA220,일반상업지역,1,0,,일반상업지역,20221008
경상남도 양산시 중부동 690-6번지,48330,10300,0,0690,0006,12649822,,,,1,용도지역코드,1120,일반상업지역,1,0,,일반상업지역,20221008
경상남도 양산시 중부동 690-6번지,48330,10300,0,0690,0006,12649822,,,,3,용도구역코드,301,제1종지구단위계획구역,1,0,,제1종지구단위계획구역,20221008
경상남도 양산시 중부동 690-6번지,48330,10300,0,0690,0006,1264100149390,,,,1,용도지역코드,UQA220,일반상업지역,1,0,,일반상업지역,20221008
경상남도 양산시 중부동 690-6번지,48330,10300,0,0690,0006,1264100149390,,,,3,용도구역코드,UQQ310,제1종지구단위계획구역,1,0,,제1종지구단위계획구역,20221008
경상남도 양산시 중부동 690-6번지,48330,10300,0,0690,0006,1264100081439,,,,1,용도지역코드,UQA220,일반상업지역,1,0,,일반상업지역,20221008
경상남도 양산시 중부동 690-6번지,48330,10300,0,0690,0006,1264100118400,,,,1,용도지역코드,UQA220,일반상업지역,1,0,,일반상업지역,20221008
경상남도 양산시 중부동 690-6번지,48330,10300,0,0690,0006,1264100118400,,,,3,용도구역코드,UQQ310,제1종지구단위계획구역,1,0,,제1종지구단위계획구역,20221008
경상남도 양산시 중부동 690-6번지,48330,10300,0,0690,0006,1264100058892,,,,1,용도지역코드,UQA220,일반상업지역,1,0,,일반상업지역,20221008
경상남도 양산시 중부동 690-6번지,48330,10300,0,0690,0006,1264100058892,,,,3,용도구역코드,UQQ310,제1종지구단위계획구역,1,0,,제1종지구단위계획구역,20221008
경상남도 양산시 중부동 690-6번지,48330,10300,0,0690,0006,1264100011171,,,,1,용도지역코드,1120,일반상업지역,1,0,,일반상업지역,20221008
경상남도 양산시 중부동 690-6번지,48330,10300,0,0690,0006,1264100011171,,,,3,용도구역코드,301,제1종지구단위계획구역,1,0,,제1종지구단위계획구역,20221008
경상남도 양산시 중부동 690-7번지,48330,10300,0,0690,0007,12644472,,,,1,용도지역코드,0100,도시지역,1,0,,도시지역,20221008
경상남도 양산시 중부동 690-7번지,48330,10300,0,0690,0007,12644472,,,,1,용도지역코드,1120,일반상업지역,0,0,,일반상업지역,20221008
경상남도 양산시 중부동 690-7번지,48330,10300,0,0690,0007,12644472,,,,3,용도구역코드,300,지구단위계획구역,1,0,,지구단위계획구역,20221008
경상남도 양산시 중부동 690-7번지,48330,10300,0,0690,0007,1264100009111,,,,1,용도지역코드,1120,일반상업지역,1,0,,일반상업지역,20221008
경상남도 양산시 중부동 690-7번지,48330,10300,0,0690,0007,1264100009111,,,,2,용도지구코드,160,택지개발지구,1,0,,택지개발지구,20221008
경상남도 양산시 중부동 690-7번지,48330,10300,0,0690,0007,1264100009111,,,,3,용도구역코드,301,제1종지구단위계획구역,1,0,,제1종지구단위계획구역,20221008
경상남도 양산시 중부동 690-7번지,48330,10300,0,0690,0007,1264100010301,,,,1,용도지역코드,1120,일반상업지역,1,0,,일반상업지역,20221008
경상남도 양산시 중부동 690-7번지,48330,10300,0,0690,0007,1264100010301,,,,3,용도구역코드,301,제1종지구단위계획구역,1,0,,제1종지구단위계획구역,20221008
경상남도 양산시 중부동 691-1번지,48330,10300,0,0691,0001,1264100018639,,,,1,용도지역코드,1120,일반상업지역,1,0,,일반상업지역,20221008
경상남도 양산시 중부동 691-1번지,48330,10300,0,0691,0001,1264100018639,,,,3,용도구역코드,301,제1종지구단위계획구역,1,0,,제1종지구단위계획구역,20221008
경상남도 양산시 중부동 691-1번지,48330,10300,0,0691,0001,12648173,,,,1,용도지역코드,1120,일반상업지역,1,0,,일반상업지역,20221008
경상남도 양산시 중부동 691-1번지,48330,10300,0,0691,0001,12648173,,,,3,용도구역코드,290,도시설계구역,1,0,,도시설계구역,20221008
경상남도 양산시 중부동 691-1번지,48330,10300,0,0691,0001,12648173,,,,3,용도구역코드,301,제1종지구단위계획구역,0,0,,제1종지구단위계획구역,20221008
경상남도 양산시 중부동 691-2번지,48330,10300,0,0691,0002,12647276,,,,1,용도지역코드,1120,일반상업지역,1,0,,일반상업지역,20221008
경상남도 양산시 중부동 691-2번지,48330,10300,0,0691,0002,12647276,,,,3,용도구역코드,290,도시설계구역,1,0,,도시설계구역,20221008
경상남도 양산시 중부동 691-2번지,48330,10300,0,0691,0002,12647276,,,,3,용도구역코드,301,제1종지구단위계획구역,0,0,,제1종지구단위계획구역,20221008
경상남도 양산시 중부동 691-3번지,48330,10300,0,0691,0003,12649622,,,,1,용도지역코드,1120,일반상업지역,1,0,,일반상업지역,20221008
경상남도 양산시 중부동 691-3번지,48330,10300,0,0691,0003,12648175,,,,1,용도지역코드,1120,일반상업지역,1,0,,일반상업지역,20221008
경상남도 양산시 중부동 691-3번지,48330,10300,0,0691,0003,12649626,,,,1,용도지역코드,1120,일반상업지역,1,0,,일반상업지역,20221008
경상남도 양산시 중부동 691-4번지,48330,10300,0,0691,0004,1264100047291,,,,1,용도지역코드,UQA220,일반상업지역,1,0,,일반상업지역,20221008
경상남도 양산시 중부동 691-4번지,48330,10300,0,0691,0004,1264100047291,,,,3,용도구역코드,UQQ310,제1종지구단위계획구역,1,0,,제1종지구단위계획구역,20221008
경상남도 양산시 중부동 691-4번지,48330,10300,0,0691,0004,1264100005567,,,,1,용도지역코드,1120,일반상업지역,1,0,,일반상업지역,20221008
경상남도 양산시 중부동 691-4번지,48330,10300,0,0691,0004,1264100005567,,,,3,용도구역코드,301,제1종지구단위계획구역,1,0,,제1종지구단위계획구역,20221008
경상남도 양산시 중부동 691-4번지,48330,10300,0,0691,0004,1264100009610,,,,1,용도지역코드,1120,일반상업지역,1,0,,일반상업지역,20221008
경상남도 양산시 중부동 691-4번지,48330,10300,0,0691,0004,1264100009610,,,,3,용도구역코드,301,제1종지구단위계획구역,1,0,,제1종지구단위계획구역,20221008
경상남도 양산시 중부동 691-6번지,48330,10300,0,0691,0006,12647238,,,,1,용도지역코드,1120,일반상업지역,1,0,,일반상업지역,20221008
경상남도 양산시 중부동 691-6번지,48330,10300,0,0691,0006,12647238,,,,3,용도구역코드,301,제1종지구단위계획구역,1,0,,제1종지구단위계획구역,20221008
경상남도 양산시 중부동 691-6번지,48330,10300,0,0691,0006,1264100048105,,,,1,용도지역코드,UQA220,일반상업지역,1,0,,일반상업지역,20221008
경상남도 양산시 중부동 691-6번지,48330,10300,0,0691,0006,1264100048105,,,,3,용도구역코드,UQQ310,제1종지구단위계획구역,1,0,,제1종지구단위계획구역,20221008
경상남도 양산시 중부동 691-7번지,48330,10300,0,0691,0007,12649297,,,,1,용도지역코드,1120,일반상업지역,1,0,,일반상업지역,20221008
경상남도 양산시 중부동 691-7번지,48330,10300,0,0691,0007,12649297,,,,3,용도구역코드,301,제1종지구단위계획구역,1,0,,제1종지구단위계획구역,20221008
경상남도 양산시 중부동 691-8번지,48330,10300,0,0691,0008,1264100017994,,,,1,용도지역코드,1120,일반상업지역,1,0,,일반상업지역,20221008
경상남도 양산시 중부동 691-8번지,48330,10300,0,0691,0008,1264100017994,,,,3,용도구역코드,301,제1종지구단위계획구역,1,0,,제1종지구단위계획구역,20221008
경상남도 양산시 중부동 691-8번지,48330,10300,0,0691,0008,1264100015237,,,,1,용도지역코드,1120,일반상업지역,1,0,,일반상업지역,20221008
경상남도 양산시 중부동 691-8번지,48330,10300,0,0691,0008,1264100015237,,,,3,용도구역코드,301,제1종지구단위계획구역,1,0,,제1종지구단위계획구역,20221008
경상남도 양산시 중부동 691-9번지,48330,10300,0,0691,0009,1264100158110,,,,1,용도지역코드,UQA220,일반상업지역,1,0,,일반상업지역,20221008
경상남도 양산시 중부동 691-9번지,48330,10300,0,0691,0009,1264100158110,,,,3,용도구역코드,UQQ310,제1종지구단위계획구역,1,0,,제1종지구단위계획구역,20221008
경상남도 양산시 중부동 691-9번지,48330,10300,0,0691,0009,1264100039112,,,,1,용도지역코드,UQA220,일반상업지역,1,0,,일반상업지역,20221008
경상남도 양산시 중부동 691-9번지,48330,10300,0,0691,0009,1264100039112,,,,3,용도구역코드,UQQ310,제1종지구단위계획구역,1,0,,제1종지구단위계획구역,20221008
경상남도 양산시 중부동 691-9번지,48330,10300,0,0691,0009,1264100008809,,,,1,용도지역코드,1120,일반상업지역,1,0,,일반상업지역,20221008
경상남도 양산시 중부동 691-9번지,48330,10300,0,0691,0009,1264100008809,,,,3,용도구역코드,301,제1종지구단위계획구역,1,0,,제1종지구단위계획구역,20221008
경상남도 양산시 중부동 691-9번지,48330,10300,0,0691,0009,12648178,,,,1,용도지역코드,1120,일반상업지역,1,0,,일반상업지역,20221008
경상남도 양산시 중부동 691-9번지,48330,10300,0,0691,0009,12648178,,,,3,용도구역코드,010,도시계획구역,1,0,,도시계획구역,20221008
경상남도 양산시 중부동 691-9번지,48330,10300,0,0691,0009,12648178,,,,3,용도구역코드,301,제1종지구단위계획구역,0,0,,제1종지구단위계획구역,20221008
경상남도 양산시 중부동 691-10번지,48330,10300,0,0691,0010,1264100021661,,,,1,용도지역코드,UQA220,일반상업지역,1,0,,일반상업지역,20221008
경상남도 양산시 중부동 691-10번지,48330,10300,0,0691,0010,1264100021661,,,,3,용도구역코드,UQQ310,제1종지구단위계획구역,1,0,,제1종지구단위계획구역,20221008
경상남도 양산시 중부동 691-11번지,48330,10300,0,0691,0011,1264100021683,,,,1,용도지역코드,UQA220,일반상업지역,1,0,,일반상업지역,20221008
경상남도 양산시 중부동 691-11번지,48330,10300,0,0691,0011,1264100021683,,,,3,용도구역코드,UQQ310,제1종지구단위계획구역,1,0,,제1종지구단위계획구역,20221008
경상남도 양산시 중부동 691-12번지,48330,10300,0,0691,0012,12648035,,,,1,용도지역코드,1120,일반상업지역,1,0,,일반상업지역,20221008
경상남도 양산시 중부동 691-13번지,48330,10300,0,0691,0013,12648036,,,,1,용도지역코드,1120,일반상업지역,1,0,,일반상업지역,20221008
경상남도 양산시 중부동 691-13번지,48330,10300,0,0691,0013,12648036,,,,3,용도구역코드,290,도시설계구역,1,0,,도시설계구역,20221008
경상남도 양산시 중부동 691-14번지,48330,10300,0,0691,0014,1264100016789,,,,1,용도지역코드,1120,일반상업지역,1,0,,일반상업지역,20221008
경상남도 양산시 중부동 691-14번지,48330,10300,0,0691,0014,12648037,,,,1,용도지역코드,1120,일반상업지역,1,0,,일반상업지역,20221008
경상남도 양산시 중부동 691-14번지,48330,10300,0,0691,0014,12648037,,,,3,용도구역코드,290,도시설계구역,1,0,,도시설계구역,20221008
경상남도 양산시 중부동 691-14번지,48330,10300,0,0691,0014,1264100017055,,,,1,용도지역코드,1120,일반상업지역,1,0,,일반상업지역,20221008
경상남도 양산시 중부동 691-15번지,48330,10300,0,0691,0015,1264100067460,,,,1,용도지역코드,UQA220,일반상업지역,1,0,,일반상업지역,20221008
경상남도 양산시 중부동 691-15번지,48330,10300,0,0691,0015,1264100067460,,,,3,용도구역코드,UQQ310,제1종지구단위계획구역,1,0,,제1종지구단위계획구역,20221008
경상남도 양산시 중부동 691-15번지,48330,10300,0,0691,0015,1264100030820,,,,1,용도지역코드,UQA220,일반상업지역,1,0,,일반상업지역,20221008
경상남도 양산시 중부동 691-15번지,48330,10300,0,0691,0015,1264100030820,,,,3,용도구역코드,UQQ310,제1종지구단위계획구역,1,0,,제1종지구단위계획구역,20221008
경상남도 양산시 중부동 691-16번지,48330,10300,0,0691,0016,1264100097627,,,,1,용도지역코드,UQA220,일반상업지역,1,0,,일반상업지역,20221008
경상남도 양산시 중부동 691-16번지,48330,10300,0,0691,0016,1264100097627,,,,3,용도구역코드,UQQ310,제1종지구단위계획구역,1,0,,제1종지구단위계획구역,20221008
경상남도 양산시 중부동 691-16번지,48330,10300,0,0691,0016,12645180,,,,1,용도지역코드,1120,일반상업지역,1,0,,일반상업지역,20221008
경상남도 양산시 중부동 691-16번지,48330,10300,0,0691,0016,12645180,,,,2,용도지구코드,160,택지개발지구,1,0,,택지개발지구,20221008
경상남도 양산시 중부동 691-16번지,48330,10300,0,0691,0016,12645180,,,,3,용도구역코드,010,도시계획구역,1,0,,도시계획구역,20221008
경상남도 양산시 중부동 691-16번지,48330,10300,0,0691,0016,12643541,경상남도 양산시 중부동,691,16,1,용도지역코드,1120,일반상업지역,1,0,,일반상업지역,20221008
경상남도 양산시 중부동 691-16번지,48330,10300,0,0691,0016,12643541,경상남도 양산시 중부동,691,16,2,용도지구코드,160,택지개발지구,1,0,,택지개발지구,20221008
경상남도 양산시 중부동 691-16번지,48330,10300,0,0691,0016,12643541,경상남도 양산시 중부동,691,16,3,용도구역코드,010,도시계획구역,1,0,,도시계획구역,20221008
경상남도 양산시 중부동 691-16번지,48330,10300,0,0691,0016,12643986,,,,1,용도지역코드,1120,일반상업지역,1,0,,일반상업지역,20221008
경상남도 양산시 중부동 691-16번지,48330,10300,0,0691,0016,12643986,,,,2,용도지구코드,160,택지개발지구,1,0,,택지개발지구,20221008
경상남도 양산시 중부동 691-16번지,48330,10300,0,0691,0016,12643986,,,,3,용도구역코드,010,도시계획구역,1,0,,도시계획구역,20221008
경상남도 양산시 중부동 691-16번지,48330,10300,0,0691,0016,1264100008949,,,,1,용도지역코드,1120,일반상업지역,1,0,,일반상업지역,20221008
경상남도 양산시 중부동 691-16번지,48330,10300,0,0691,0016,1264100008949,,,,3,용도구역코드,301,제1종지구단위계획구역,1,0,,제1종지구단위계획구역,20221008
경상남도 양산시 중부동 691-16번지,48330,10300,0,0691,0016,1264100009055,,,,1,용도지역코드,1120,일반상업지역,1,0,,일반상업지역,20221008
경상남도 양산시 중부동 691-16번지,48330,10300,0,0691,0016,1264100009055,,,,3,용도구역코드,301,제1종지구단위계획구역,1,0,,제1종지구단위계획구역,20221008
경상남도 양산시 중부동 691-17번지,48330,10300,0,0691,0017,1264100066740,,,,1,용도지역코드,UQA220,일반상업지역,1,0,,일반상업지역,20221008
경상남도 양산시 중부동 691-17번지,48330,10300,0,0691,0017,1264100066740,,,,3,용도구역코드,UQQ310,제1종지구단위계획구역,1,0,,제1종지구단위계획구역,20221008
경상남도 양산시 중부동 691-17번지,48330,10300,0,0691,0017,1264100067440,,,,1,용도지역코드,UQA220,일반상업지역,1,0,,일반상업지역,20221008
경상남도 양산시 중부동 691-17번지,48330,10300,0,0691,0017,1264100067440,,,,3,용도구역코드,UQQ310,제1종지구단위계획구역,1,0,,제1종지구단위계획구역,20221008
경상남도 양산시 중부동 691-17번지,48330,10300,0,0691,0017,12646524,,,,1,용도지역코드,1120,일반상업지역,1,0,,일반상업지역,20221008
경상남도 양산시 중부동 691-17번지,48330,10300,0,0691,0017,12646524,,,,3,용도구역코드,301,제1종지구단위계획구역,1,0,,제1종지구단위계획구역,20221008
경상남도 양산시 중부동 691-17번지,48330,10300,0,0691,0017,1264100041944,,,,1,용도지역코드,UQA220,일반상업지역,1,0,,일반상업지역,20221008
경상남도 양산시 중부동 691-17번지,48330,10300,0,0691,0017,1264100041944,,,,3,용도구역코드,UQQ310,제1종지구단위계획구역,1,0,,제1종지구단위계획구역,20221008
경상남도 양산시 중부동 692-1번지,48330,10300,0,0692,0001,12649510,,,,1,용도지역코드,1120,일반상업지역,1,0,,일반상업지역,20221008
경상남도 양산시 중부동 692-1번지,48330,10300,0,0692,0001,12649510,,,,3,용도구역코드,301,제1종지구단위계획구역,1,0,,제1종지구단위계획구역,20221008
경상남도 양산시 중부동 692-1번지,48330,10300,0,0692,0001,12646955,,,,1,용도지역코드,1120,일반상업지역,1,0,,일반상업지역,20221008
경상남도 양산시 중부동 692-1번지,48330,10300,0,0692,0001,12646955,,,,3,용도구역코드,301,제1종지구단위계획구역,1,0,,제1종지구단위계획구역,20221008
경상남도 양산시 중부동 692-1번지,48330,10300,0,0692,0001,1264100066539,,,,1,용도지역코드,UQA220,일반상업지역,1,0,,일반상업지역,20221008
경상남도 양산시 중부동 692-1번지,48330,10300,0,0692,0001,1264100066539,,,,3,용도구역코드,UQQ310,제1종지구단위계획구역,1,0,,제1종지구단위계획구역,20221008
경상남도 양산시 중부동 692-1번지,48330,10300,0,0692,0001,1264100141485,,,,1,용도지역코드,UQA220,일반상업지역,1,0,,일반상업지역,20221008
경상남도 양산시 중부동 692-1번지,48330,10300,0,0692,0001,1264100141485,,,,3,용도구역코드,UQQ310,제1종지구단위계획구역,1,0,,제1종지구단위계획구역,20221008
경상남도 양산시 중부동 692-1번지,48330,10300,0,0692,0001,1264100018374,,,,1,용도지역코드,1120,일반상업지역,1,0,,일반상업지역,20221008
경상남도 양산시 중부동 692-1번지,48330,10300,0,0692,0001,1264100018374,,,,3,용도구역코드,301,제1종지구단위계획구역,1,0,,제1종지구단위계획구역,20221008
경상남도 양산시 중부동 692-2번지,48330,10300,0,0692,0002,12646939,,,,1,용도지역코드,1120,일반상업지역,1,0,,일반상업지역,20221008
경상남도 양산시 중부동 692-2번지,48330,10300,0,0692,0002,12646939,,,,3,용도구역코드,300,지구단위계획구역,1,0,,지구단위계획구역,20221008
경상남도 양산시 중부동 692-2번지,48330,10300,0,0692,0002,1264100020600,,,,1,용도지역코드,1120,일반상업지역,1,0,,일반상업지역,20221008
경상남도 양산시 중부동 692-2번지,48330,10300,0,0692,0002,1264100020600,,,,2,용도지구코드,160,택지개발지구,1,0,,택지개발지구,20221008
경상남도 양산시 중부동 692-2번지,48330,10300,0,0692,0002,1264100020600,,,,3,용도구역코드,301,제1종지구단위계획구역,1,0,,제1종지구단위계획구역,20221008
경상남도 양산시 중부동 692-2번지,48330,10300,0,0692,0002,12648326,,,,1,용도지역코드,1120,일반상업지역,1,0,,일반상업지역,20221008
경상남도 양산시 중부동 692-2번지,48330,10300,0,0692,0002,12648326,,,,3,용도구역코드,301,제1종지구단위계획구역,1,0,,제1종지구단위계획구역,20221008
경상남도 양산시 중부동 692-2번지,48330,10300,0,0692,0002,1264100127921,,,,1,용도지역코드,UQA220,일반상업지역,1,0,,일반상업지역,20221008
경상남도 양산시 중부동 692-2번지,48330,10300,0,0692,0002,1264100127921,,,,3,용도구역코드,UQQ310,제1종지구단위계획구역,1,0,,제1종지구단위계획구역,20221008
경상남도 양산시 중부동 692-2번지,48330,10300,0,0692,0002,1264100051871,,,,1,용도지역코드,UQA220,일반상업지역,1,0,,일반상업지역,20221008
경상남도 양산시 중부동 692-2번지,48330,10300,0,0692,0002,1264100051871,,,,3,용도구역코드,UQQ310,제1종지구단위계획구역,1,0,,제1종지구단위계획구역,20221008
경상남도 양산시 중부동 692-2번지,48330,10300,0,0692,0002,1264100024030,,,,1,용도지역코드,UQA220,일반상업지역,1,0,,일반상업지역,20221008
경상남도 양산시 중부동 692-2번지,48330,10300,0,0692,0002,1264100024030,,,,3,용도구역코드,UQQ310,제1종지구단위계획구역,1,0,,제1종지구단위계획구역,20221008
경상남도 양산시 중부동 692-2번지,48330,10300,0,0692,0002,1264100008086,,,,1,용도지역코드,1120,일반상업지역,1,0,,일반상업지역,20221008
경상남도 양산시 중부동 692-2번지,48330,10300,0,0692,0002,1264100015457,,,,1,용도지역코드,1120,일반상업지역,1,0,,일반상업지역,20221008
경상남도 양산시 중부동 692-2번지,48330,10300,0,0692,0002,1264100015457,,,,2,용도지구코드,160,택지개발지구,1,0,,택지개발지구,20221008
경상남도 양산시 중부동 692-2번지,48330,10300,0,0692,0002,1264100015457,,,,3,용도구역코드,302,제2종지구단위계획구역,1,0,,제2종지구단위계획구역,20221008
경상남도 양산시 중부동 692-2번지,48330,10300,0,0692,0002,1264100015501,,,,1,용도지역코드,1120,일반상업지역,1,0,,일반상업지역,20221008
경상남도 양산시 중부동 692-2번지,48330,10300,0,0692,0002,1264100015501,,,,2,용도지구코드,160,택지개발지구,1,0,,택지개발지구,20221008
경상남도 양산시 중부동 692-2번지,48330,10300,0,0692,0002,1264100015501,,,,3,용도구역코드,301,제1종지구단위계획구역,1,0,,제1종지구단위계획구역,20221008
경상남도 양산시 중부동 692-2번지,48330,10300,0,0692,0002,1264100012091,,,,1,용도지역코드,1120,일반상업지역,1,0,,일반상업지역,20221008
경상남도 양산시 중부동 692-2번지,48330,10300,0,0692,0002,1264100012091,,,,2,용도지구코드,160,택지개발지구,1,0,,택지개발지구,20221008
경상남도 양산시 중부동 692-2번지,48330,10300,0,0692,0002,1264100012091,,,,3,용도구역코드,301,제1종지구단위계획구역,1,0,,제1종지구단위계획구역,20221008
경상남도 양산시 중부동 692-2번지,48330,10300,0,0692,0002,12648943,,,,1,용도지역코드,1120,일반상업지역,1,0,,일반상업지역,20221008
경상남도 양산시 중부동 692-2번지,48330,10300,0,0692,0002,12648943,,,,2,용도지구코드,160,택지개발지구,1,0,,택지개발지구,20221008
경상남도 양산시 중부동 692-2번지,48330,10300,0,0692,0002,12648943,,,,3,용도구역코드,301,제1종지구단위계획구역,1,0,,제1종지구단위계획구역,20221008
경상남도 양산시 중부동 692-2번지,48330,10300,0,0692,0002,12649501,,,,1,용도지역코드,1120,일반상업지역,1,0,,일반상업지역,20221008
경상남도 양산시 중부동 692-2번지,48330,10300,0,0692,0002,12649501,,,,2,용도지구코드,160,택지개발지구,1,0,,택지개발지구,20221008
경상남도 양산시 중부동 692-2번지,48330,10300,0,0692,0002,12649501,,,,3,용도구역코드,301,제1종지구단위계획구역,1,0,,제1종지구단위계획구역,20221008
경상남도 양산시 중부동 692-2번지,48330,10300,0,0692,0002,12649504,,,,1,용도지역코드,1120,일반상업지역,1,0,,일반상업지역,20221008
경상남도 양산시 중부동 692-2번지,48330,10300,0,0692,0002,12649504,,,,2,용도지구코드,160,택지개발지구,1,0,,택지개발지구,20221008
경상남도 양산시 중부동 692-2번지,48330,10300,0,0692,0002,12649504,,,,3,용도구역코드,301,제1종지구단위계획구역,1,0,,제1종지구단위계획구역,20221008
경상남도 양산시 중부동 692-3번지,48330,10300,0,0692,0003,1264100005467,,,,1,용도지역코드,1120,일반상업지역,1,0,,일반상업지역,20221008
경상남도 양산시 중부동 692-3번지,48330,10300,0,0692,0003,1264100005467,,,,3,용도구역코드,301,제1종지구단위계획구역,1,0,,제1종지구단위계획구역,20221008
경상남도 양산시 중부동 692-3번지,48330,10300,0,0692,0003,1264100051135,,,,1,용도지역코드,UQA220,일반상업지역,1,0,,일반상업지역,20221008
경상남도 양산시 중부동 692-3번지,48330,10300,0,0692,0003,1264100054888,,,,1,용도지역코드,UQA220,일반상업지역,1,0,,일반상업지역,20221008
경상남도 양산시 중부동 692-3번지,48330,10300,0,0692,0003,1264100054888,,,,3,용도구역코드,UQQ310,제1종지구단위계획구역,1,0,,제1종지구단위계획구역,20221008
경상남도 양산시 중부동 692-3번지,48330,10300,0,0692,0003,12646943,,,,1,용도지역코드,1120,일반상업지역,1,0,,일반상업지역,20221008
경상남도 양산시 중부동 692-3번지,48330,10300,0,0692,0003,12646943,,,,3,용도구역코드,301,제1종지구단위계획구역,1,0,,제1종지구단위계획구역,20221008
경상남도 양산시 중부동 692-3번지,48330,10300,0,0692,0003,1264100032641,,,,1,용도지역코드,UQA220,일반상업지역,1,0,,일반상업지역,20221008
경상남도 양산시 중부동 692-5번지,48330,10300,0,0692,0005,1000000000000000316192,,,,1,용도지역코드,UQA220,일반상업지역,1,0,,일반상업지역,20230615
경상남도 양산시 중부동 692-5번지,48330,10300,0,0692,0005,1000000000000000316192,,,,3,용도구역코드,UQQ310,제1종지구단위계획구역,1,0,,제1종지구단위계획구역,20230615
경상남도 양산시 중부동 692-5번지,48330,10300,0,0692,0005,1264100026991,,,,1,용도지역코드,UQA220,일반상업지역,1,0,,일반상업지역,20221008
경상남도 양산시 중부동 692-5번지,48330,10300,0,0692,0005,1264100026991,,,,3,용도구역코드,UQQ310,제1종지구단위계획구역,1,0,,제1종지구단위계획구역,20221008
경상남도 양산시 중부동 692-5번지,48330,10300,0,0692,0005,1264100006146,,,,1,용도지역코드,1120,일반상업지역,1,0,,일반상업지역,20221008
경상남도 양산시 중부동 692-5번지,48330,10300,0,0692,0005,1264100006146,,,,3,용도구역코드,301,제1종지구단위계획구역,1,0,,제1종지구단위계획구역,20221008
경상남도 양산시 중부동 692-5번지,48330,10300,0,0692,0005,1264100027789,,,,1,용도지역코드,UQA220,일반상업지역,1,0,,일반상업지역,20221008
경상남도 양산시 중부동 692-5번지,48330,10300,0,0692,0005,1264100027789,,,,3,용도구역코드,UQQ310,제1종지구단위계획구역,1,0,,제1종지구단위계획구역,20221008
경상남도 양산시 중부동 692-5번지,48330,10300,0,0692,0005,12649009,,,,1,용도지역코드,1120,일반상업지역,1,0,,일반상업지역,20221008
경상남도 양산시 중부동 692-5번지,48330,10300,0,0692,0005,12649009,,,,3,용도구역코드,301,제1종지구단위계획구역,1,0,,제1종지구단위계획구역,20221008
경상남도 양산시 중부동 692-6번지,48330,10300,0,0692,0006,1264100034614,,,,1,용도지역코드,UQA220,일반상업지역,1,0,,일반상업지역,20221008
경상남도 양산시 중부동 692-6번지,48330,10300,0,0692,0006,1264100034614,,,,3,용도구역코드,UQQ310,제1종지구단위계획구역,1,0,,제1종지구단위계획구역,20221008
경상남도 양산시 중부동 692-6번지,48330,10300,0,0692,0006,1264100012596,,,,1,용도지역코드,1120,일반상업지역,1,0,,일반상업지역,20221008
경상남도 양산시 중부동 692-6번지,48330,10300,0,0692,0006,1264100012596,,,,3,용도구역코드,301,제1종지구단위계획구역,1,0,,제1종지구단위계획구역,20221008
경상남도 양산시 중부동 692-7번지,48330,10300,0,0692,0007,1264100063199,,,,1,용도지역코드,UQA220,일반상업지역,1,0,,일반상업지역,20221008
경상남도 양산시 중부동 692-7번지,48330,10300,0,0692,0007,1264100063199,,,,3,용도구역코드,UQQ310,제1종지구단위계획구역,1,0,,제1종지구단위계획구역,20221008
경상남도 양산시 중부동 692-7번지,48330,10300,0,0692,0007,12646879,,,,1,용도지역코드,1120,일반상업지역,1,0,,일반상업지역,20221008
경상남도 양산시 중부동 692-7번지,48330,10300,0,0692,0007,12644464,,,,1,용도지역코드,1120,일반상업지역,1,0,,일반상업지역,20221008
경상남도 양산시 중부동 692-7번지,48330,10300,0,0692,0007,1264100063200,,,,1,용도지역코드,UQA220,일반상업지역,1,0,,일반상업지역,20221008
경상남도 양산시 중부동 692-7번지,48330,10300,0,0692,0007,1264100063200,,,,3,용도구역코드,UQQ310,제1종지구단위계획구역,1,0,,제1종지구단위계획구역,20221008
경상남도 양산시 중부동 693-1번지,48330,10300,0,0693,0001,1264100019979,,,,1,용도지역코드,1120,일반상업지역,1,0,,일반상업지역,20221008
경상남도 양산시 중부동 693-1번지,48330,10300,0,0693,0001,1264100019979,,,,3,용도구역코드,301,제1종지구단위계획구역,1,0,,제1종지구단위계획구역,20221008
경상남도 양산시 중부동 693-2번지,48330,10300,0,0693,0002,12649495,,,,1,용도지역코드,1120,일반상업지역,1,0,,일반상업지역,20221008
경상남도 양산시 중부동 693-2번지,48330,10300,0,0693,0002,12649495,,,,3,용도구역코드,301,제1종지구단위계획구역,1,0,,제1종지구단위계획구역,20221008
경상남도 양산시 중부동 693-2번지,48330,10300,0,0693,0002,12644496,,,,1,용도지역코드,1120,일반상업지역,1,0,,일반상업지역,20221008
경상남도 양산시 중부동 693-2번지,48330,10300,0,0693,0002,1264100022366,,,,1,용도지역코드,UQA220,일반상업지역,1,0,,일반상업지역,20221008
경상남도 양산시 중부동 693-2번지,48330,10300,0,0693,0002,1264100022366,,,,3,용도구역코드,UQQ310,제1종지구단위계획구역,1,0,,제1종지구단위계획구역,20221008
경상남도 양산시 중부동 693-2번지,48330,10300,0,0693,0002,1264100123803,,,,1,용도지역코드,UQA220,일반상업지역,1,0,,일반상업지역,20221008
경상남도 양산시 중부동 693-4번지,48330,10300,0,0693,0004,1264100031857,,,,1,용도지역코드,UQA220,일반상업지역,1,0,,일반상업지역,20221008
경상남도 양산시 중부동 693-4번지,48330,10300,0,0693,0004,1264100031857,,,,3,용도구역코드,UQQ310,제1종지구단위계획구역,1,0,,제1종지구단위계획구역,20221008
경상남도 양산시 중부동 693-4번지,48330,10300,0,0693,0004,1264100023271,,,,3,용도구역코드,UQQ310,제1종지구단위계획구역,1,0,,제1종지구단위계획구역,20221008
경상남도 양산시 중부동 693-4번지,48330,10300,0,0693,0004,1264100023271,,,,1,용도지역코드,UQA220,일반상업지역,1,0,,일반상업지역,20221008
경상남도 양산시 중부동 693-4번지,48330,10300,0,0693,0004,1264100124700,,,,1,용도지역코드,UQA220,일반상업지역,1,0,,일반상업지역,20221008
경상남도 양산시 중부동 693-4번지,48330,10300,0,0693,0004,1264100124700,,,,3,용도구역코드,UQQ310,제1종지구단위계획구역,1,0,,제1종지구단위계획구역,20221008
경상남도 양산시 중부동 693-4번지,48330,10300,0,0693,0004,12646886,,,,1,용도지역코드,1120,일반상업지역,1,0,,일반상업지역,20221008
경상남도 양산시 중부동 693-4번지,48330,10300,0,0693,0004,12646886,,,,3,용도구역코드,290,도시설계구역,1,0,,도시설계구역,20221008
경상남도 양산시 중부동 693-4번지,48330,10300,0,0693,0004,12646281,,,,1,용도지역코드,1120,일반상업지역,1,0,,일반상업지역,20221008
경상남도 양산시 중부동 693-4번지,48330,10300,0,0693,0004,12646281,,,,3,용도구역코드,300,지구단위계획구역,1,0,,지구단위계획구역,20221008
경상남도 양산시 중부동 693-4번지,48330,10300,0,0693,0004,1264100141825,,,,1,용도지역코드,UQA220,일반상업지역,1,0,,일반상업지역,20221008
경상남도 양산시 중부동 693-4번지,48330,10300,0,0693,0004,1264100141825,,,,3,용도구역코드,UQQ310,제1종지구단위계획구역,1,0,,제1종지구단위계획구역,20221008
경상남도 양산시 중부동 693-4번지,48330,10300,0,0693,0004,1264100097486,,,,1,용도지역코드,UQA220,일반상업지역,1,0,,일반상업지역,20221008
경상남도 양산시 중부동 693-4번지,48330,10300,0,0693,0004,1264100097486,,,,3,용도구역코드,UQQ310,제1종지구단위계획구역,1,0,,제1종지구단위계획구역,20221008
경상남도 양산시 중부동 693-4번지,48330,10300,0,0693,0004,1264100142786,,,,1,용도지역코드,UQA220,일반상업지역,1,0,,일반상업지역,20221008
경상남도 양산시 중부동 693-4번지,48330,10300,0,0693,0004,1264100142786,,,,3,용도구역코드,UQQ310,제1종지구단위계획구역,1,0,,제1종지구단위계획구역,20221008
경상남도 양산시 중부동 693-4번지,48330,10300,0,0693,0004,1264100096806,,,,1,용도지역코드,UQA220,일반상업지역,1,0,,일반상업지역,20221008
경상남도 양산시 중부동 693-4번지,48330,10300,0,0693,0004,1264100096806,,,,3,용도구역코드,UQQ310,제1종지구단위계획구역,1,0,,제1종지구단위계획구역,20221008
경상남도 양산시 중부동 693-4번지,48330,10300,0,0693,0004,1264100026715,,,,1,용도지역코드,UQA220,일반상업지역,1,0,,일반상업지역,20221008
경상남도 양산시 중부동 693-4번지,48330,10300,0,0693,0004,1264100026715,,,,3,용도구역코드,UQQ310,제1종지구단위계획구역,1,0,,제1종지구단위계획구역,20221008
경상남도 양산시 중부동 693-4번지,48330,10300,0,0693,0004,1264100008599,,,,1,용도지역코드,1120,일반상업지역,1,0,,일반상업지역,20221008
경상남도 양산시 중부동 693-4번지,48330,10300,0,0693,0004,1264100008599,,,,3,용도구역코드,301,제1종지구단위계획구역,1,0,,제1종지구단위계획구역,20221008
경상남도 양산시 중부동 693-5번지,48330,10300,0,0693,0005,12643184,,,,1,용도지역코드,1120,일반상업지역,1,0,,일반상업지역,20221008
경상남도 양산시 중부동 693-5번지,48330,10300,0,0693,0005,12643184,,,,2,용도지구코드,160,택지개발지구,1,0,,택지개발지구,20221008
경상남도 양산시 중부동 693-5번지,48330,10300,0,0693,0005,12643184,,,,3,용도구역코드,300,지구단위계획구역,1,0,,지구단위계획구역,20221008
경상남도 양산시 중부동 697-3번지,48330,10300,0,0697,0003,1264100015174,,,,1,용도지역코드,1023,제3종일반주거지역,1,0,,제3종일반주거지역,20221008
경상남도 양산시 중부동 697-3번지,48330,10300,0,0697,0003,1264100068139,,,,1,용도지역코드,UQA123,제3종일반주거지역,1,0,,제3종일반주거지역,20221008
경상남도 양산시 중부동 697-3번지,48330,10300,0,0697,0003,1264100111716,,,,1,용도지역코드,UQA122,제2종일반주거지역,1,0,,제2종일반주거지역,20221008
경상남도 양산시 중부동 697-3번지,48330,10300,0,0697,0003,1264100111716,,,,3,용도구역코드,UQQ310,제1종지구단위계획구역,1,0,,제1종지구단위계획구역,20221008
경상남도 양산시 중부동 697-3번지,48330,10300,0,0697,0003,1264100012598,,,,1,용도지역코드,1023,제3종일반주거지역,1,0,,제3종일반주거지역,20221008
경상남도 양산시 중부동 697-3번지,48330,10300,0,0697,0003,1264100012598,,,,3,용도구역코드,301,제1종지구단위계획구역,1,0,,제1종지구단위계획구역,20221008
경상남도 양산시 중부동 699-1번지,48330,10300,0,0699,0001,1264100029450,,,,1,용도지역코드,UQA121,제1종일반주거지역,1,0,,제1종일반주거지역,20221008
경상남도 양산시 중부동 699-1번지,48330,10300,0,0699,0001,1264100029450,,,,3,용도구역코드,UQQ310,제1종지구단위계획구역,1,0,,제1종지구단위계획구역,20221008
경상남도 양산시 중부동 699-1번지,48330,10300,0,0699,0001,1264100029450,,,,3,용도구역코드,UOA120,상대보호구역,0,0,,상대정화구역,20221008
경상남도 양산시 중부동 699-2번지,48330,10300,0,0699,0002,1264100029052,,,,1,용도지역코드,UQA121,제1종일반주거지역,1,0,,제1종일반주거지역,20221008
경상남도 양산시 중부동 699-2번지,48330,10300,0,0699,0002,1264100029052,,,,3,용도구역코드,UQQ310,제1종지구단위계획구역,1,0,,제1종지구단위계획구역,20221008
경상남도 양산시 중부동 699-2번지,48330,10300,0,0699,0002,1264100029052,,,,3,용도구역코드,UOA120,상대보호구역,0,0,,상대정화구역,20221008
경상남도 양산시 중부동 699-3번지,48330,10300,0,0699,0003,1264100030658,,,,1,용도지역코드,UQA121,제1종일반주거지역,1,0,,제1종일반주거지역,20221008
경상남도 양산시 중부동 699-3번지,48330,10300,0,0699,0003,1264100030658,,,,3,용도구역코드,UQQ310,제1종지구단위계획구역,1,0,,제1종지구단위계획구역,20221008
경상남도 양산시 중부동 699-4번지,48330,10300,0,0699,0004,1264100017515,,,,1,용도지역코드,1021,제1종일반주거지역,1,0,,제1종일반주거지역,20221008
경상남도 양산시 중부동 699-5번지,48330,10300,0,0699,0005,1264100029392,,,,1,용도지역코드,UQA121,제1종일반주거지역,1,0,,제1종일반주거지역,20221008
경상남도 양산시 중부동 699-5번지,48330,10300,0,0699,0005,1264100029392,,,,3,용도구역코드,UQQ310,제1종지구단위계획구역,1,0,,제1종지구단위계획구역,20221008
경상남도 양산시 중부동 699-5번지,48330,10300,0,0699,0005,1264100029392,,,,3,용도구역코드,UOA120,상대보호구역,0,0,,상대정화구역,20221008
경상남도 양산시 중부동 699-6번지,48330,10300,0,0699,0006,1264100035893,,,,1,용도지역코드,UQA121,제1종일반주거지역,1,0,,제1종일반주거지역,20221008
경상남도 양산시 중부동 699-6번지,48330,10300,0,0699,0006,1264100035893,,,,3,용도구역코드,UQQ310,제1종지구단위계획구역,1,0,,제1종지구단위계획구역,20221008
경상남도 양산시 중부동 699-6번지,48330,10300,0,0699,0006,1264100035893,,,,3,용도구역코드,UOA120,상대보호구역,0,0,,상대정화구역,20221008
경상남도 양산시 중부동 700-1번지,48330,10300,0,0700,0001,1264100020898,,,,1,용도지역코드,1021,제1종일반주거지역,1,0,,제1종일반주거지역,20221008
경상남도 양산시 중부동 700-1번지,48330,10300,0,0700,0001,1264100020898,,,,3,용도구역코드,301,제1종지구단위계획구역,1,0,,제1종지구단위계획구역,20221008
경상남도 양산시 중부동 700-2번지,48330,10300,0,0700,0002,1264100017956,,,,1,용도지역코드,1021,제1종일반주거지역,1,0,,제1종일반주거지역,20221008
경상남도 양산시 중부동 700-2번지,48330,10300,0,0700,0002,1264100017956,,,,3,용도구역코드,301,제1종지구단위계획구역,1,0,,제1종지구단위계획구역,20221008
경상남도 양산시 중부동 700-4번지,48330,10300,0,0700,0004,12647272,,,,1,용도지역코드,1021,제1종일반주거지역,1,0,,제1종일반주거지역,20221008
경상남도 양산시 중부동 700-4번지,48330,10300,0,0700,0004,12647272,,,,3,용도구역코드,300,지구단위계획구역,1,0,,지구단위계획구역,20221008
경상남도 양산시 중부동 700-5번지,48330,10300,0,0700,0005,1264100024430,,,,1,용도지역코드,UQA121,제1종일반주거지역,1,0,,제1종일반주거지역,20221008
경상남도 양산시 중부동 700-5번지,48330,10300,0,0700,0005,1264100024430,,,,3,용도구역코드,UQQ310,제1종지구단위계획구역,1,0,,제1종지구단위계획구역,20221008
경상남도 양산시 중부동 700-5번지,48330,10300,0,0700,0005,1264100024430,,,,3,용도구역코드,UOA120,상대보호구역,0,0,,상대정화구역,20221008
경상남도 양산시 중부동 700-6번지,48330,10300,0,0700,0006,1264100036413,,,,1,용도지역코드,UQA121,제1종일반주거지역,1,0,,제1종일반주거지역,20221008
경상남도 양산시 중부동 700-6번지,48330,10300,0,0700,0006,1264100036413,,,,3,용도구역코드,UQQ310,제1종지구단위계획구역,1,0,,제1종지구단위계획구역,20221008
경상남도 양산시 중부동 700-6번지,48330,10300,0,0700,0006,1264100036413,,,,3,용도구역코드,UOA120,상대보호구역,0,0,,상대정화구역,20221008
경상남도 양산시 중부동 700-7번지,48330,10300,0,0700,0007,1264100043787,,,,1,용도지역코드,UQA121,제1종일반주거지역,1,0,,제1종일반주거지역,20221008
경상남도 양산시 중부동 700-7번지,48330,10300,0,0700,0007,1264100043787,,,,3,용도구역코드,UQQ310,제1종지구단위계획구역,1,0,,제1종지구단위계획구역,20221008
경상남도 양산시 중부동 700-7번지,48330,10300,0,0700,0007,1264100043787,,,,3,용도구역코드,UOA120,상대보호구역,0,0,,상대정화구역,20221008
경상남도 양산시 중부동 700-7번지,48330,10300,0,0700,0007,1264100044268,,,,1,용도지역코드,UQA121,제1종일반주거지역,1,0,,제1종일반주거지역,20221008
경상남도 양산시 중부동 700-7번지,48330,10300,0,0700,0007,1264100044268,,,,3,용도구역코드,UQQ310,제1종지구단위계획구역,1,0,,제1종지구단위계획구역,20221008
경상남도 양산시 중부동 700-7번지,48330,10300,0,0700,0007,1264100044268,,,,3,용도구역코드,UOA120,상대보호구역,0,0,,상대정화구역,20221008
경상남도 양산시 중부동 701-1번지,48330,10300,0,0701,0001,1264100028429,,,,1,용도지역코드,UQA121,제1종일반주거지역,1,0,,제1종일반주거지역,20221008
경상남도 양산시 중부동 701-1번지,48330,10300,0,0701,0001,1264100028429,,,,3,용도구역코드,UQQ310,제1종지구단위계획구역,1,0,,제1종지구단위계획구역,20221008
경상남도 양산시 중부동 701-1번지,48330,10300,0,0701,0001,1264100028429,,,,3,용도구역코드,UOA120,상대보호구역,0,0,,상대정화구역,20221008
경상남도 양산시 중부동 701-2번지,48330,10300,0,0701,0002,1264100034194,,,,1,용도지역코드,UQA121,제1종일반주거지역,1,0,,제1종일반주거지역,20221008
경상남도 양산시 중부동 701-2번지,48330,10300,0,0701,0002,1264100034194,,,,3,용도구역코드,UQQ310,제1종지구단위계획구역,1,0,,제1종지구단위계획구역,20221008
경상남도 양산시 중부동 701-2번지,48330,10300,0,0701,0002,1264100034194,,,,3,용도구역코드,UOA120,상대보호구역,0,0,,상대정화구역,20221008
경상남도 양산시 중부동 701-4번지,48330,10300,0,0701,0004,1264100027589,,,,1,용도지역코드,UQA121,제1종일반주거지역,1,0,,제1종일반주거지역,20221008
경상남도 양산시 중부동 701-4번지,48330,10300,0,0701,0004,1264100027589,,,,3,용도구역코드,UQQ310,제1종지구단위계획구역,1,0,,제1종지구단위계획구역,20221008
경상남도 양산시 중부동 701-4번지,48330,10300,0,0701,0004,1264100027589,,,,3,용도구역코드,UOA120,상대보호구역,0,0,,상대정화구역,20221008
경상남도 양산시 중부동 701-5번지,48330,10300,0,0701,0005,1264100039799,,,,3,용도구역코드,UQQ310,제1종지구단위계획구역,1,0,,제1종지구단위계획구역,20221008
경상남도 양산시 중부동 701-5번지,48330,10300,0,0701,0005,1264100039799,,,,3,용도구역코드,UOA120,상대보호구역,0,0,,상대정화구역,20221008
경상남도 양산시 중부동 701-5번지,48330,10300,0,0701,0005,1264100039799,,,,1,용도지역코드,UQA121,제1종일반주거지역,1,0,,제1종일반주거지역,20221008
경상남도 양산시 중부동 701-6번지,48330,10300,0,0701,0006,1264100045987,,,,1,용도지역코드,UQA121,제1종일반주거지역,1,0,,제1종일반주거지역,20221008
경상남도 양산시 중부동 701-6번지,48330,10300,0,0701,0006,1264100045987,,,,3,용도구역코드,UQQ310,제1종지구단위계획구역,1,0,,제1종지구단위계획구역,20221008
경상남도 양산시 중부동 701-6번지,48330,10300,0,0701,0006,1264100045987,,,,3,용도구역코드,UOA120,상대보호구역,0,0,,상대정화구역,20221008
경상남도 양산시 중부동 701-7번지,48330,10300,0,0701,0007,1264100045986,,,,1,용도지역코드,UQA121,제1종일반주거지역,1,0,,제1종일반주거지역,20221008
경상남도 양산시 중부동 701-7번지,48330,10300,0,0701,0007,1264100045986,,,,2,용도지구코드,,,1,0,,,20221008
경상남도 양산시 중부동 701-7번지,48330,10300,0,0701,0007,1264100045986,,,,3,용도구역코드,UQQ310,제1종지구단위계획구역,1,0,,제1종지구단위계획구역,20221008
경상남도 양산시 중부동 701-7번지,48330,10300,0,0701,0007,1264100045986,,,,3,용도구역코드,UOA120,상대보호구역,0,0,,상대정화구역,20221008
경상남도 양산시 중부동 701-8번지,48330,10300,0,0701,0008,1264100048347,,,,1,용도지역코드,UQA121,제1종일반주거지역,1,0,,제1종일반주거지역,20221008
경상남도 양산시 중부동 701-8번지,48330,10300,0,0701,0008,1264100048347,,,,3,용도구역코드,UQQ310,제1종지구단위계획구역,1,0,,제1종지구단위계획구역,20221008
경상남도 양산시 중부동 701-8번지,48330,10300,0,0701,0008,1264100048347,,,,3,용도구역코드,UOA120,상대보호구역,0,0,,상대정화구역,20221008
경상남도 양산시 중부동 702-1번지,48330,10300,0,0702,0001,1000000000000000438707,,,,3,용도구역코드,UQQ310,제1종지구단위계획구역,1,0,,제1종지구단위계획구역,20240102
경상남도 양산시 중부동 702-1번지,48330,10300,0,0702,0001,1000000000000000438707,,,,1,용도지역코드,UQA130,준주거지역,1,0,,준주거지역,20240102
경상남도 양산시 중부동 702-1번지,48330,10300,0,0702,0001,1264100058131,,,,1,용도지역코드,UQA121,제1종일반주거지역,1,0,,제1종일반주거지역,20221008
경상남도 양산시 중부동 702-1번지,48330,10300,0,0702,0001,1264100058131,,,,3,용도구역코드,UQQ310,제1종지구단위계획구역,1,0,,제1종지구단위계획구역,20221008
경상남도 양산시 중부동 702-1번지,48330,10300,0,0702,0001,1264100058131,,,,3,용도구역코드,UOA120,상대보호구역,0,0,,상대정화구역,20221008
경상남도 양산시 중부동 702-2번지,48330,10300,0,0702,0002,1264100027110,,,,1,용도지역코드,UQA121,제1종일반주거지역,1,0,,제1종일반주거지역,20221008
경상남도 양산시 중부동 702-2번지,48330,10300,0,0702,0002,1264100027110,,,,3,용도구역코드,UQQ310,제1종지구단위계획구역,1,0,,제1종지구단위계획구역,20221008
경상남도 양산시 중부동 702-2번지,48330,10300,0,0702,0002,1264100027110,,,,3,용도구역코드,UOA120,상대보호구역,0,0,,상대정화구역,20221008
경상남도 양산시 중부동 702-3번지,48330,10300,0,0702,0003,1264100026810,,,,1,용도지역코드,UQA121,제1종일반주거지역,1,0,,제1종일반주거지역,20221008
경상남도 양산시 중부동 702-3번지,48330,10300,0,0702,0003,1264100026810,,,,3,용도구역코드,UQQ310,제1종지구단위계획구역,1,0,,제1종지구단위계획구역,20221008
경상남도 양산시 중부동 702-3번지,48330,10300,0,0702,0003,1264100026810,,,,3,용도구역코드,UOA120,상대보호구역,0,0,,상대정화구역,20221008
경상남도 양산시 중부동 702-4번지,48330,10300,0,0702,0004,1264100026252,,,,1,용도지역코드,UQA121,제1종일반주거지역,1,0,,제1종일반주거지역,20221008
경상남도 양산시 중부동 702-4번지,48330,10300,0,0702,0004,1264100026252,,,,3,용도구역코드,UQQ310,제1종지구단위계획구역,1,0,,제1종지구단위계획구역,20221008
경상남도 양산시 중부동 702-4번지,48330,10300,0,0702,0004,1264100026252,,,,3,용도구역코드,UOA120,상대보호구역,0,0,,상대정화구역,20221008
경상남도 양산시 중부동 705번지,48330,10300,0,0705,0000,1000000000000000985441,,,,3,용도구역코드,UQQ310,제1종지구단위계획구역,1,0,,제1종지구단위계획구역,20260629
경상남도 양산시 중부동 705번지,48330,10300,0,0705,0000,1000000000000000985441,,,,1,용도지역코드,UQA220,일반상업지역,1,0,,일반상업지역,20260629
경상남도 양산시 중부동 705번지,48330,10300,0,0705,0000,1264100097127,,,,3,용도구역코드,UQQ310,제1종지구단위계획구역,1,0,,제1종지구단위계획구역,20221008
경상남도 양산시 중부동 705번지,48330,10300,0,0705,0000,1264100097127,,,,1,용도지역코드,UQA220,일반상업지역,1,0,,일반상업지역,20221008
경상남도 양산시 중부동 705번지,48330,10300,0,0705,0000,12646311,,,,1,용도지역코드,1140,유통상업지역,1,0,,유통상업지역,20221008
경상남도 양산시 중부동 705번지,48330,10300,0,0705,0000,12646311,,,,2,용도지구코드,160,택지개발지구,1,0,,택지개발지구,20221008
경상남도 양산시 중부동 705번지,48330,10300,0,0705,0000,1264100141703,,,,1,용도지역코드,UQA220,일반상업지역,1,0,,일반상업지역,20221008
경상남도 양산시 중부동 705번지,48330,10300,0,0705,0000,1264100141703,,,,3,용도구역코드,UQQ310,제1종지구단위계획구역,1,0,,제1종지구단위계획구역,20221008
경상남도 양산시 중부동 705번지,48330,10300,0,0705,0000,1264100139043,,,,1,용도지역코드,UQA220,일반상업지역,1,0,,일반상업지역,20221008
경상남도 양산시 중부동 705번지,48330,10300,0,0705,0000,1264100139043,,,,3,용도구역코드,UQQ310,제1종지구단위계획구역,1,0,,제1종지구단위계획구역,20221008
경상남도 양산시 중부동 706-1번지,48330,10300,0,0706,0001,1264100103396,,,,1,용도지역코드,UQA220,일반상업지역,1,0,,일반상업지역,20221008
경상남도 양산시 중부동 706-1번지,48330,10300,0,0706,0001,1264100103396,,,,3,용도구역코드,UQQ310,제1종지구단위계획구역,1,0,,제1종지구단위계획구역,20221008
경상남도 양산시 중부동 706-1번지,48330,10300,0,0706,0001,1264100046047,,,,1,용도지역코드,UQA220,일반상업지역,1,0,,일반상업지역,20221008
경상남도 양산시 중부동 706-1번지,48330,10300,0,0706,0001,1264100046047,,,,3,용도구역코드,UQQ310,제1종지구단위계획구역,1,0,,제1종지구단위계획구역,20221008
경상남도 양산시 중부동 706-1번지,48330,10300,0,0706,0001,1264100037495,,,,1,용도지역코드,UQA220,일반상업지역,1,0,,일반상업지역,20221008
경상남도 양산시 중부동 706-1번지,48330,10300,0,0706,0001,1264100037495,,,,3,용도구역코드,UQQ310,제1종지구단위계획구역,1,0,,제1종지구단위계획구역,20221008
경상남도 양산시 중부동 706-1번지,48330,10300,0,0706,0001,1264100041224,,,,1,용도지역코드,UQA220,일반상업지역,1,0,,일반상업지역,20221008
경상남도 양산시 중부동 706-1번지,48330,10300,0,0706,0001,1264100041224,,,,3,용도구역코드,UQQ310,제1종지구단위계획구역,1,0,,제1종지구단위계획구역,20221008
경상남도 양산시 중부동 706-2번지,48330,10300,0,0706,0002,12647280,,,,1,용도지역코드,1120,일반상업지역,1,0,,일반상업지역,20221008
경상남도 양산시 중부동 706-2번지,48330,10300,0,0706,0002,12647280,,,,2,용도지구코드,160,택지개발지구,1,0,,택지개발지구,20221008
경상남도 양산시 중부동 706-3번지,48330,10300,0,0706,0003,1264100123801,,,,1,용도지역코드,UQA220,일반상업지역,1,0,,일반상업지역,20221008
경상남도 양산시 중부동 706-3번지,48330,10300,0,0706,0003,1000000000000000071453,,,,3,용도구역코드,UQQ310,제1종지구단위계획구역,1,0,,제1종지구단위계획구역,20221017
경상남도 양산시 중부동 706-3번지,48330,10300,0,0706,0003,1000000000000000071453,,,,1,용도지역코드,UQA220,일반상업지역,1,0,,일반상업지역,20221017
경상남도 양산시 중부동 706-3번지,48330,10300,0,0706,0003,1264100110497,,,,1,용도지역코드,UQA220,일반상업지역,1,0,,일반상업지역,20221008
경상남도 양산시 중부동 706-3번지,48330,10300,0,0706,0003,1264100110497,,,,3,용도구역코드,UQQ310,제1종지구단위계획구역,1,0,,제1종지구단위계획구역,20221008
경상남도 양산시 중부동 706-3번지,48330,10300,0,0706,0003,1264100008775,,,,1,용도지역코드,1120,일반상업지역,1,0,,일반상업지역,20221008
경상남도 양산시 중부동 706-3번지,48330,10300,0,0706,0003,1264100008775,,,,3,용도구역코드,301,제1종지구단위계획구역,1,0,,제1종지구단위계획구역,20221008
경상남도 양산시 중부동 706-3번지,48330,10300,0,0706,0003,1264100014255,,,,1,용도지역코드,1120,일반상업지역,1,0,,일반상업지역,20221008
경상남도 양산시 중부동 706-3번지,48330,10300,0,0706,0003,1264100016854,,,,1,용도지역코드,1120,일반상업지역,1,0,,일반상업지역,20221008
경상남도 양산시 중부동 706-3번지,48330,10300,0,0706,0003,1264100016854,,,,3,용도구역코드,301,제1종지구단위계획구역,1,0,,제1종지구단위계획구역,20221008
경상남도 양산시 중부동 706-3번지,48330,10300,0,0706,0003,1264100014255,,,,3,용도구역코드,301,제1종지구단위계획구역,1,0,,제1종지구단위계획구역,20221008
경상남도 양산시 중부동 706-4번지,48330,10300,0,0706,0004,1264100095027,,,,1,용도지역코드,UQA220,일반상업지역,1,0,,일반상업지역,20221008
경상남도 양산시 중부동 706-4번지,48330,10300,0,0706,0004,1264100095027,,,,3,용도구역코드,UQQ310,제1종지구단위계획구역,1,0,,제1종지구단위계획구역,20221008
경상남도 양산시 중부동 707-1번지,48330,10300,0,0707,0001,12646427,,,,1,용도지역코드,1120,일반상업지역,1,0,,일반상업지역,20221008
경상남도 양산시 중부동 707-2번지,48330,10300,0,0707,0002,1000000000000000609378,,,,1,용도지역코드,UQA220,일반상업지역,1,0,,일반상업지역,20241030
경상남도 양산시 중부동 707-2번지,48330,10300,0,0707,0002,1264100027729,,,,1,용도지역코드,UQA220,일반상업지역,1,0,,일반상업지역,20221008
경상남도 양산시 중부동 707-2번지,48330,10300,0,0707,0002,1264100027729,,,,3,용도구역코드,UQQ310,제1종지구단위계획구역,1,0,,제1종지구단위계획구역,20221008
경상남도 양산시 중부동 707-2번지,48330,10300,0,0707,0002,1264100027729,,,,3,용도구역코드,UOA120,상대보호구역,0,0,,상대정화구역,20221008
경상남도 양산시 중부동 707-2번지,48330,10300,0,0707,0002,1264100012051,,,,1,용도지역코드,1120,일반상업지역,1,0,,일반상업지역,20221008
경상남도 양산시 중부동 707-2번지,48330,10300,0,0707,0002,1264100012051,,,,3,용도구역코드,301,제1종지구단위계획구역,1,0,,제1종지구단위계획구역,20221008
경상남도 양산시 중부동 708-1번지,48330,10300,0,0708,0001,12648119,,,,1,용도지역코드,1120,일반상업지역,1,0,,일반상업지역,20221008
경상남도 양산시 중부동 708-1번지,48330,10300,0,0708,0001,12648119,,,,3,용도구역코드,301,제1종지구단위계획구역,1,0,,제1종지구단위계획구역,20221008
경상남도 양산시 중부동 708-2번지,48330,10300,0,0708,0002,1264100021077,,,,1,용도지역코드,1120,일반상업지역,1,0,,일반상업지역,20221008
경상남도 양산시 중부동 708-2번지,48330,10300,0,0708,0002,1264100021077,,,,3,용도구역코드,301,제1종지구단위계획구역,1,0,,제1종지구단위계획구역,20221008
경상남도 양산시 중부동 708-3번지,48330,10300,0,0708,0003,1264100057313,,,,1,용도지역코드,UQA220,일반상업지역,1,0,,일반상업지역,20221008
경상남도 양산시 중부동 708-3번지,48330,10300,0,0708,0003,1264100057313,,,,3,용도구역코드,UQQ310,제1종지구단위계획구역,1,0,,제1종지구단위계획구역,20221008
경상남도 양산시 중부동 708-3번지,48330,10300,0,0708,0003,1264100057313,,,,3,용도구역코드,UOA120,상대보호구역,0,0,,상대정화구역,20221008
경상남도 양산시 중부동 708-3번지,48330,10300,0,0708,0003,1000000000000000582261,,,,3,용도구역코드,UQQ310,제1종지구단위계획구역,1,0,,제1종지구단위계획구역,20240905
경상남도 양산시 중부동 708-3번지,48330,10300,0,0708,0003,1000000000000000582261,,,,1,용도지역코드,UQA220,일반상업지역,1,0,,일반상업지역,20240905
경상남도 양산시 중부동 708-3번지,48330,10300,0,0708,0003,1264100090443,,,,1,용도지역코드,UQA220,일반상업지역,1,0,,일반상업지역,20221008
경상남도 양산시 중부동 708-3번지,48330,10300,0,0708,0003,1264100090443,,,,3,용도구역코드,UQQ310,제1종지구단위계획구역,1,0,,제1종지구단위계획구역,20221008
경상남도 양산시 중부동 708-3번지,48330,10300,0,0708,0003,12648336,,,,1,용도지역코드,1120,일반상업지역,1,0,,일반상업지역,20221008
경상남도 양산시 중부동 708-3번지,48330,10300,0,0708,0003,12648336,,,,3,용도구역코드,301,제1종지구단위계획구역,1,0,,제1종지구단위계획구역,20221008
경상남도 양산시 중부동 708-3번지,48330,10300,0,0708,0003,12646346,,,,1,용도지역코드,1120,일반상업지역,1,0,,일반상업지역,20221008
경상남도 양산시 중부동 708-3번지,48330,10300,0,0708,0003,12646346,,,,3,용도구역코드,300,지구단위계획구역,1,0,,지구단위계획구역,20221008
경상남도 양산시 중부동 708-3번지,48330,10300,0,0708,0003,12648944,,,,1,용도지역코드,1120,일반상업지역,1,0,,일반상업지역,20221008
경상남도 양산시 중부동 708-4번지,48330,10300,0,0708,0004,12646322,,,,1,용도지역코드,1120,일반상업지역,1,0,,일반상업지역,20221008
경상남도 양산시 중부동 710-1번지,48330,10300,0,0710,0001,1264100015481,,,,1,용도지역코드,1120,일반상업지역,1,0,,일반상업지역,20221008
경상남도 양산시 중부동 710-1번지,48330,10300,0,0710,0001,1264100015481,,,,3,용도구역코드,301,제1종지구단위계획구역,1,0,,제1종지구단위계획구역,20221008
경상남도 양산시 중부동 710-1번지,48330,10300,0,0710,0001,1264100015481,,,,3,용도구역코드,272,상대정화구역,0,0,,상대정화구역,20221008
경상남도 양산시 중부동 710-1번지,48330,10300,0,0710,0001,12648581,,,,1,용도지역코드,1120,일반상업지역,1,0,,일반상업지역,20221008
경상남도 양산시 중부동 710-1번지,48330,10300,0,0710,0001,12648581,,,,2,용도지구코드,130,방화지구,1,0,,방화지구,20221008
경상남도 양산시 중부동 711번지,48330,10300,0,0711,0000,1000000000000000941258,,,,3,용도구역코드,UJB100,하천구역,0,0,,하천구역,20260430
경상남도 양산시 중부동 711번지,48330,10300,0,0711,0000,1000000000000000941258,,,,1,용도지역코드,UQA430,자연녹지지역,1,0,,자연녹지지역,20260430
경상남도 양산시 중부동 711번지,48330,10300,0,0711,0000,1000000000000000941258,,,,3,용도구역코드,UOA120,상대보호구역,0,0,,상대보호구역,20260430
경상남도 양산시 중부동 711번지,48330,10300,0,0711,0000,1000000000000000941258,,,,3,용도구역코드,UQQ310,제1종지구단위계획구역,1,0,,제1종지구단위계획구역,20260430
경상남도 양산시 중부동 405-19번지,48330,10300,,0405,0019,12643565,,,,1,용도지역코드,1120,일반상업지역,1,0,,일반상업지역,20221008
경상남도 양산시 중부동 691-10번지,48330,10300,,0691,0010,12643499,,,,1,용도지역코드,1120,일반상업지역,1,0,,일반상업지역,20221008
경상남도 양산시 중부동 691-10번지,48330,10300,,0691,0010,12643499,,,,2,용도지구코드,160,택지개발지구,1,0,,택지개발지구,20221008
경상남도 양산시 중부동 691-10번지,48330,10300,,0691,0010,12643499,,,,3,용도구역코드,290,도시설계구역,1,0,,도시설계구역,20221008
