대지위치,시군구코드,법정동코드,대지구분코드,번,지,관리허가대장PK,특수지명,블록,로트,지역지구구역구분코드,지역지구구역구분코드명,지역지구구역코드,지역지구구역코드명,대표여부,주동구분코드,주동구분코드명,지역지구구역명,생성일자
경상남도 양산시 상북면 석계리 5번지,48330,33021,0,0005,0000,1264100115896,,,,1,용도지역코드,UQA122,제2종일반주거지역,1,0,,제2종일반주거지역,20221008
경상남도 양산시 상북면 석계리 5-18번지,48330,33021,0,0005,0018,1264100109279,,,,1,용도지역코드,UQA122,제2종일반주거지역,1,0,,제2종일반주거지역,20221008
경상남도 양산시 상북면 석계리 5-19번지,48330,33021,0,0005,0019,1264100109278,,,,1,용도지역코드,UQA122,제2종일반주거지역,1,0,,제2종일반주거지역,20221008
경상남도 양산시 상북면 석계리 5-20번지,48330,33021,0,0005,0020,1264100109277,,,,1,용도지역코드,UQA122,제2종일반주거지역,1,0,,제2종일반주거지역,20221008
경상남도 양산시 상북면 석계리 6-10번지,48330,33021,0,0006,0010,1000000000000000825660,,,,1,용도지역코드,UQA430,자연녹지지역,1,0,,자연녹지지역,20260209
경상남도 양산시 상북면 석계리 6-10번지,48330,33021,0,0006,0010,1000000000000000825660,,,,3,용도구역코드,UMZ100,가축사육제한구역,1,0,,가축사육제한구역,20260209
경상남도 양산시 상북면 석계리 6-10번지,48330,33021,0,0006,0010,1264100024271,,,,1,용도지역코드,UQA430,자연녹지지역,1,0,,자연녹지지역,20221008
경상남도 양산시 상북면 석계리 6-10번지,48330,33021,0,0006,0010,1264100130863,,,,1,용도지역코드,UQA430,자연녹지지역,1,0,,자연녹지지역,20221008
경상남도 양산시 상북면 석계리 6-10번지,48330,33021,0,0006,0010,1264100130863,,,,3,용도구역코드,UMZ100,가축사육제한구역,1,0,,가축사육제한구역,20221008
경상남도 양산시 상북면 석계리 6-10번지,48330,33021,0,0006,0010,1264100127042,,,,1,용도지역코드,UQA430,자연녹지지역,1,0,,자연녹지지역,20221008
경상남도 양산시 상북면 석계리 6-10번지,48330,33021,0,0006,0010,1264100031356,,,,1,용도지역코드,UQA430,자연녹지지역,1,0,,자연녹지지역,20221008
경상남도 양산시 상북면 석계리 6-10번지,48330,33021,0,0006,0010,12642378,,,,1,용도지역코드,1330,자연녹지지역,1,0,,자연녹지지역,20221008
경상남도 양산시 상북면 석계리 6-10번지,48330,33021,0,0006,0010,12642418,,,,1,용도지역코드,1330,자연녹지지역,1,0,,자연녹지지역,20221008
경상남도 양산시 상북면 석계리 6-10번지,48330,33021,0,0006,0010,1264100018015,,,,1,용도지역코드,1330,자연녹지지역,1,0,,자연녹지지역,20221008
경상남도 양산시 상북면 석계리 6-10번지,48330,33021,0,0006,0010,1264100018101,,,,1,용도지역코드,1330,자연녹지지역,1,0,,자연녹지지역,20221008
경상남도 양산시 상북면 석계리 6-10번지,48330,33021,0,0006,0010,1264100123119,,,,1,용도지역코드,UQA430,자연녹지지역,1,0,,자연녹지지역,20221008
경상남도 양산시 상북면 석계리 6-10번지,48330,33021,0,0006,0010,1000000000000000962195,,,,3,용도구역코드,UMZ100,가축사육제한구역,1,0,,가축사육제한구역,20260604
경상남도 양산시 상북면 석계리 6-10번지,48330,33021,0,0006,0010,1000000000000000962195,,,,1,용도지역코드,UQA430,자연녹지지역,1,0,,자연녹지지역,20260604
경상남도 양산시 상북면 석계리 14-1번지,48330,33021,0,0014,0001,1264100042506,,,,1,용도지역코드,UQA122,제2종일반주거지역,1,0,,제2종일반주거지역,20230707
경상남도 양산시 상북면 석계리 14-20번지,48330,33021,0,0014,0020,1264100033724,,,,1,용도지역코드,UQA122,제2종일반주거지역,1,0,,제2종일반주거지역,20221008
경상남도 양산시 상북면 석계리 17-7번지,48330,33021,0,0017,0007,1264100029970,,,,1,용도지역코드,UQA230,근린상업지역,1,0,,근린상업지역,20221008
경상남도 양산시 상북면 석계리 17-7번지,48330,33021,0,0017,0007,12645629,,,,1,용도지역코드,1130,근린상업지역,1,0,,근린상업지역,20221008
경상남도 양산시 상북면 석계리 20-5번지,48330,33021,0,0020,0005,12643492,경상남도 양산시 상북면 석계리,20,5,1,용도지역코드,1020,일반주거지역,1,0,,일반주거지역,20221008
경상남도 양산시 상북면 석계리 22-6번지,48330,33021,0,0022,0006,1264100045846,,,,1,용도지역코드,UQA230,근린상업지역,1,0,,근린상업지역,20221008
경상남도 양산시 상북면 석계리 22-9번지,48330,33021,0,0022,0009,12648856,,,,1,용도지역코드,1130,근린상업지역,1,0,,근린상업지역,20221008
경상남도 양산시 상북면 석계리 26-1번지,48330,33021,0,0026,0001,1264100118477,,,,1,용도지역코드,UQA130,준주거지역,1,0,,준주거지역,20221008
경상남도 양산시 상북면 석계리 26-1번지,48330,33021,0,0026,0001,1264100148870,,,,1,용도지역코드,UQA130,준주거지역,1,0,,준주거지역,20221008
경상남도 양산시 상북면 석계리 26-1번지,48330,33021,0,0026,0001,1264100148870,,,,3,용도구역코드,UMZ100,가축사육제한구역,1,0,,가축사육제한구역,20221008
경상남도 양산시 상북면 석계리 26-4번지,48330,33021,0,0026,0004,1264100120901,,,,1,용도지역코드,UQA130,준주거지역,1,0,,준주거지역,20221008
경상남도 양산시 상북면 석계리 26-4번지,48330,33021,0,0026,0004,1264100120901,,,,3,용도구역코드,UMZ100,가축사육제한구역,1,0,,가축사육제한구역,20221008
경상남도 양산시 상북면 석계리 27-1번지,48330,33021,0,0027,0001,1264100048545,,,,1,용도지역코드,UQA130,준주거지역,1,0,,준주거지역,20221008
경상남도 양산시 상북면 석계리 27-2번지,48330,33021,0,0027,0002,1264674,,,,1,용도지역코드,1020,일반주거지역,1,0,,일반주거지역,20221008
경상남도 양산시 상북면 석계리 28-7번지,48330,33021,0,0028,0007,1264100120300,,,,1,용도지역코드,UQA220,일반상업지역,1,0,,일반상업지역,20221008
경상남도 양산시 상북면 석계리 28-12번지,48330,33021,0,0028,0012,1264100023447,,,,1,용도지역코드,UQA230,근린상업지역,1,0,,근린상업지역,20221008
경상남도 양산시 상북면 석계리 28-12번지,48330,33021,0,0028,0012,1264100023447,,,,1,용도지역코드,UQA430,자연녹지지역,0,0,,자연녹지지역,20221008
경상남도 양산시 상북면 석계리 28-20번지,48330,33021,0,0028,0020,12645466,,,,1,용도지역코드,1022,제2종일반주거지역,1,0,,제2종일반주거지역,20221008
경상남도 양산시 상북면 석계리 28-20번지,48330,33021,0,0028,0020,12645466,,,,1,용도지역코드,1330,자연녹지지역,0,0,,자연녹지지역,20221008
경상남도 양산시 상북면 석계리 28-22번지,48330,33021,0,0028,0022,1264100108161,,,,1,용도지역코드,UQA230,근린상업지역,1,0,,근린상업지역,20221008
경상남도 양산시 상북면 석계리 28-22번지,48330,33021,0,0028,0022,1264100108161,,,,3,용도구역코드,UMZ100,가축사육제한구역,1,0,,가축사육제한구역,20221008
경상남도 양산시 상북면 석계리 29-4번지,48330,33021,0,0029,0004,1264119,,,,1,용도지역코드,1020,일반주거지역,1,0,,일반주거지역,20221008
경상남도 양산시 상북면 석계리 29-6번지,48330,33021,0,0029,0006,1264672,,,,1,용도지역코드,1020,일반주거지역,1,0,,일반주거지역,20221008
경상남도 양산시 상북면 석계리 29-7번지,48330,33021,0,0029,0007,12646758,,,,1,용도지역코드,1130,근린상업지역,1,0,,근린상업지역,20221008
경상남도 양산시 상북면 석계리 29-9번지,48330,33021,0,0029,0009,1264100017754,,,,1,용도지역코드,1130,근린상업지역,1,0,,근린상업지역,20221008
경상남도 양산시 상북면 석계리 29-13번지,48330,33021,0,0029,0013,1264576,경상남도 양산시 상북면 석계리,29,13,1,용도지역코드,1020,일반주거지역,1,0,,일반주거지역,20221008
경상남도 양산시 상북면 석계리 29-14번지,48330,33021,0,0029,0014,1264100092241,,,,1,용도지역코드,UQA230,근린상업지역,1,0,,근린상업지역,20221008
경상남도 양산시 상북면 석계리 30-14번지,48330,33021,0,0030,0014,1264100055332,,,,1,용도지역코드,UQA122,제2종일반주거지역,1,0,,제2종일반주거지역,20221008
경상남도 양산시 상북면 석계리 30-16번지,48330,33021,0,0030,0016,1000000000000000896630,,,,3,용도구역코드,UMZ100,가축사육제한구역,1,0,,가축사육제한구역,20260731
경상남도 양산시 상북면 석계리 30-16번지,48330,33021,0,0030,0016,1000000000000000896630,,,,1,용도지역코드,UQA122,제2종일반주거지역,1,0,,제2종일반주거지역,20260731
경상남도 양산시 상북면 석계리 31-2번지,48330,33021,0,0031,0002,1264115,,,,1,용도지역코드,1020,일반주거지역,1,0,,일반주거지역,20221008
경상남도 양산시 상북면 석계리 31-2번지,48330,33021,0,0031,0002,1264610,,,,1,용도지역코드,1020,일반주거지역,1,0,,일반주거지역,20221008
경상남도 양산시 상북면 석계리 32-2번지,48330,33021,0,0032,0002,12645017,,,,1,용도지역코드,1022,제2종일반주거지역,1,0,,제2종일반주거지역,20221008
경상남도 양산시 상북면 석계리 32-2번지,48330,33021,0,0032,0002,12645017,,,,1,용도지역코드,0100,도시지역,0,0,,도시지역,20221008
경상남도 양산시 상북면 석계리 32-8번지,48330,33021,0,0032,0008,1264100093545,,,,1,용도지역코드,UQA122,제2종일반주거지역,1,0,,제2종일반주거지역,20221008
경상남도 양산시 상북면 석계리 32-19번지,48330,33021,0,0032,0019,1264100044048,,,,1,용도지역코드,UQA122,제2종일반주거지역,1,0,,제2종일반주거지역,20221008
경상남도 양산시 상북면 석계리 32-21번지,48330,33021,0,0032,0021,12646713,,,,1,용도지역코드,1022,제2종일반주거지역,1,0,,제2종일반주거지역,20221008
경상남도 양산시 상북면 석계리 32-36번지,48330,33021,0,0032,0036,12649340,,,,1,용도지역코드,1022,제2종일반주거지역,1,0,,제2종일반주거지역,20221008
경상남도 양산시 상북면 석계리 32-42번지,48330,33021,0,0032,0042,12646509,,,,1,용도지역코드,1022,제2종일반주거지역,1,0,,제2종일반주거지역,20221008
경상남도 양산시 상북면 석계리 32-65번지,48330,33021,0,0032,0065,12644814,,,,1,용도지역코드,1022,제2종일반주거지역,1,0,,제2종일반주거지역,20221008
경상남도 양산시 상북면 석계리 32-88번지,48330,33021,0,0032,0088,12646864,,,,1,용도지역코드,1330,자연녹지지역,1,0,,자연녹지지역,20221008
경상남도 양산시 상북면 석계리 32-89번지,48330,33021,0,0032,0089,1264100033746,,,,1,용도지역코드,UQA430,자연녹지지역,1,0,,자연녹지지역,20221008
경상남도 양산시 상북면 석계리 34-9번지,48330,33021,0,0034,0009,1264100081102,,,,1,용도지역코드,UQA230,근린상업지역,1,0,,근린상업지역,20221008
경상남도 양산시 상북면 석계리 34-13번지,48330,33021,0,0034,0013,12643164,,,,1,용도지역코드,1020,일반주거지역,1,0,,일반주거지역,20221008
경상남도 양산시 상북면 석계리 34-42번지,48330,33021,0,0034,0042,1264100095628,,,,1,용도지역코드,UQA230,근린상업지역,1,0,,근린상업지역,20221008
경상남도 양산시 상북면 석계리 34-45번지,48330,33021,0,0034,0045,1264100120599,,,,1,용도지역코드,UQA220,일반상업지역,1,0,,일반상업지역,20221008
경상남도 양산시 상북면 석계리 34-102번지,48330,33021,0,0034,0102,1000000000000000249798,,,,1,용도지역코드,UQA430,자연녹지지역,1,0,,자연녹지지역,20240828
경상남도 양산시 상북면 석계리 34-114번지,48330,33021,0,0034,0114,1264100017098,,,,1,용도지역코드,1130,근린상업지역,1,0,,근린상업지역,20221008
경상남도 양산시 상북면 석계리 34-116번지,48330,33021,0,0034,0116,12643116,,,,1,용도지역코드,1130,근린상업지역,1,0,,근린상업지역,20221008
경상남도 양산시 상북면 석계리 34-124번지,48330,33021,0,0034,0124,1000000000000000406131,,,,1,용도지역코드,UQA430,자연녹지지역,1,0,,자연녹지지역,20260324
경상남도 양산시 상북면 석계리 34-218번지,48330,33021,0,0034,0218,1000000000000000372257,,,,3,용도구역코드,UMZ100,가축사육제한구역,1,0,,가축사육제한구역,20240903
경상남도 양산시 상북면 석계리 34-218번지,48330,33021,0,0034,0218,1000000000000000372257,,,,1,용도지역코드,UQA430,자연녹지지역,1,0,,자연녹지지역,20240903
경상남도 양산시 상북면 석계리 35-1번지,48330,33021,0,0035,0001,1000000000000000914405,,,,1,용도지역코드,UQA430,자연녹지지역,1,0,,자연녹지지역,20260330
경상남도 양산시 상북면 석계리 35-1번지,48330,33021,0,0035,0001,1000000000000000914405,,,,3,용도구역코드,UMZ100,가축사육제한구역,1,0,,가축사육제한구역,20260330
경상남도 양산시 상북면 석계리 35-1번지,48330,33021,0,0035,0001,1000000000000000421199,,,,1,용도지역코드,UQA430,자연녹지지역,1,0,,자연녹지지역,20240610
경상남도 양산시 상북면 석계리 35-1번지,48330,33021,0,0035,0001,1264100142704,,,,3,용도구역코드,UMZ100,가축사육제한구역,1,0,,가축사육제한구역,20231031
경상남도 양산시 상북면 석계리 35-1번지,48330,33021,0,0035,0001,1264100142704,,,,1,용도지역코드,UQA430,자연녹지지역,1,0,,자연녹지지역,20231031
경상남도 양산시 상북면 석계리 35-1번지,48330,33021,0,0035,0001,1264100150255,,,,1,용도지역코드,UQA430,자연녹지지역,1,0,,자연녹지지역,20221008
경상남도 양산시 상북면 석계리 35-1번지,48330,33021,0,0035,0001,1264100150035,,,,1,용도지역코드,UQA430,자연녹지지역,1,0,,자연녹지지역,20221008
경상남도 양산시 상북면 석계리 37번지,48330,33021,0,0037,0000,1000000000000000495087,,,,1,용도지역코드,UQA430,자연녹지지역,1,0,,자연녹지지역,20241231
경상남도 양산시 상북면 석계리 38번지,48330,33021,0,0038,0000,1000000000000000121154,,,,1,용도지역코드,UQA430,자연녹지지역,1,0,,자연녹지지역,20250521
경상남도 양산시 상북면 석계리 45-1번지,48330,33021,0,0045,0001,1000000000000000495016,,,,1,용도지역코드,UQA430,자연녹지지역,1,0,,자연녹지지역,20241231
경상남도 양산시 상북면 석계리 45-3번지,48330,33021,0,0045,0003,12641013,경상남도 양산시 상북면 석계리,45,3,1,용도지역코드,1330,자연녹지지역,1,0,,자연녹지지역,20221008
경상남도 양산시 상북면 석계리 48-12번지,48330,33021,0,0048,0012,1000000000000000739709,,,,1,용도지역코드,UQA430,자연녹지지역,1,0,,자연녹지지역,20250605
경상남도 양산시 상북면 석계리 52-1번지,48330,33021,0,0052,0001,1264100053087,,,,1,용도지역코드,UQA122,제2종일반주거지역,1,0,,제2종일반주거지역,20221008
경상남도 양산시 상북면 석계리 52-26번지,48330,33021,0,0052,0026,1264100060753,,,,1,용도지역코드,UQA122,제2종일반주거지역,1,0,,제2종일반주거지역,20221008
경상남도 양산시 상북면 석계리 52-31번지,48330,33021,0,0052,0031,12646790,,,,1,용도지역코드,1022,제2종일반주거지역,1,0,,제2종일반주거지역,20221008
경상남도 양산시 상북면 석계리 52-42번지,48330,33021,0,0052,0042,1264100136886,,,,1,용도지역코드,UQA122,제2종일반주거지역,1,0,,제2종일반주거지역,20221008
경상남도 양산시 상북면 석계리 52-42번지,48330,33021,0,0052,0042,1264100136886,,,,3,용도구역코드,UOA120,상대보호구역,1,0,,상대보호구역,20221008
경상남도 양산시 상북면 석계리 52-42번지,48330,33021,0,0052,0042,1000000000000000626532,,,,1,용도지역코드,UQA122,제2종일반주거지역,1,0,,제2종일반주거지역,20250519
경상남도 양산시 상북면 석계리 52-42번지,48330,33021,0,0052,0042,1000000000000000626532,,,,3,용도구역코드,UOA120,상대보호구역,1,0,,상대보호구역,20250519
경상남도 양산시 상북면 석계리 52-44번지,48330,33021,0,0052,0044,12645802,,,,1,용도지역코드,1022,제2종일반주거지역,1,0,,제2종일반주거지역,20221008
경상남도 양산시 상북면 석계리 52-44번지,48330,33021,0,0052,0044,12645802,,,,1,용도지역코드,0100,도시지역,0,0,,도시지역,20221008
경상남도 양산시 상북면 석계리 52-45번지,48330,33021,0,0052,0045,12645821,,,,1,용도지역코드,0100,도시지역,0,0,,도시지역,20221008
경상남도 양산시 상북면 석계리 52-45번지,48330,33021,0,0052,0045,12645821,,,,1,용도지역코드,1022,제2종일반주거지역,1,0,,제2종일반주거지역,20221008
경상남도 양산시 상북면 석계리 57-1번지,48330,33021,0,0057,0001,1264100150010,,,,1,용도지역코드,UQA122,제2종일반주거지역,1,0,,제2종일반주거지역,20221008
경상남도 양산시 상북면 석계리 57-1번지,48330,33021,0,0057,0001,1264100150010,,,,3,용도구역코드,UOA120,상대보호구역,1,0,,상대보호구역,20221008
경상남도 양산시 상북면 석계리 57-1번지,48330,33021,0,0057,0001,1264100150010,,,,3,용도구역코드,UQQ300,지구단위계획구역,0,0,,지구단위계획구역,20221008
경상남도 양산시 상북면 석계리 57-1번지,48330,33021,0,0057,0001,1264100156790,,,,1,용도지역코드,UQA122,제2종일반주거지역,1,0,,제2종일반주거지역,20221008
경상남도 양산시 상북면 석계리 57-1번지,48330,33021,0,0057,0001,1264100156790,,,,3,용도구역코드,UOA120,상대보호구역,1,0,,상대보호구역,20221008
경상남도 양산시 상북면 석계리 57-1번지,48330,33021,0,0057,0001,1264100156790,,,,3,용도구역코드,UQQ300,지구단위계획구역,0,0,,지구단위계획구역,20221008
경상남도 양산시 상북면 석계리 57-1번지,48330,33021,0,0057,0001,1264100152833,,,,1,용도지역코드,UQA122,제2종일반주거지역,1,0,,제2종일반주거지역,20221008
경상남도 양산시 상북면 석계리 57-1번지,48330,33021,0,0057,0001,1264100152833,,,,3,용도구역코드,UOA120,상대보호구역,1,0,,상대보호구역,20221008
경상남도 양산시 상북면 석계리 57-1번지,48330,33021,0,0057,0001,1264100152833,,,,3,용도구역코드,UQQ300,지구단위계획구역,0,0,,지구단위계획구역,20221008
경상남도 양산시 상북면 석계리 57-1번지,48330,33021,0,0057,0001,1264100156610,,,,1,용도지역코드,UQA122,제2종일반주거지역,1,0,,제2종일반주거지역,20221008
경상남도 양산시 상북면 석계리 57-1번지,48330,33021,0,0057,0001,1264100156610,,,,3,용도구역코드,UOA120,상대보호구역,1,0,,상대보호구역,20221008
경상남도 양산시 상북면 석계리 57-1번지,48330,33021,0,0057,0001,1264100156610,,,,3,용도구역코드,UQQ300,지구단위계획구역,0,0,,지구단위계획구역,20221008
경상남도 양산시 상북면 석계리 57-1번지,48330,33021,0,0057,0001,1000000000000000200713,,,,1,용도지역코드,UQA122,제2종일반주거지역,1,0,,제2종일반주거지역,20221222
경상남도 양산시 상북면 석계리 57-1번지,48330,33021,0,0057,0001,1000000000000000287400,,,,1,용도지역코드,UQA122,제2종일반주거지역,1,0,,제2종일반주거지역,20230504
경상남도 양산시 상북면 석계리 57-1번지,48330,33021,0,0057,0001,1000000000000000335865,,,,3,용도구역코드,UQQ300,지구단위계획구역,1,0,,지구단위계획구역,20230712
경상남도 양산시 상북면 석계리 57-1번지,48330,33021,0,0057,0001,1000000000000000335865,,,,1,용도지역코드,UQA122,제2종일반주거지역,1,0,,제2종일반주거지역,20230712
경상남도 양산시 상북면 석계리 57-1번지,48330,33021,0,0057,0001,1000000000000000335865,,,,3,용도구역코드,UOA120,상대보호구역,0,0,,상대보호구역,20230712
경상남도 양산시 상북면 석계리 57-1번지,48330,33021,0,0057,0001,1000000000000000335865,,,,3,용도구역코드,UMZ100,가축사육제한구역,0,0,,가축사육제한구역,20230712
경상남도 양산시 상북면 석계리 57-1번지,48330,33021,0,0057,0001,1000000000000000286279,,,,1,용도지역코드,UQA122,제2종일반주거지역,1,0,,제2종일반주거지역,20230503
경상남도 양산시 상북면 석계리 57-1번지,48330,33021,0,0057,0001,1000000000000000365817,,,,1,용도지역코드,UQA122,제2종일반주거지역,1,0,,제2종일반주거지역,20230904
경상남도 양산시 상북면 석계리 57-1번지,48330,33021,0,0057,0001,1264100153492,,,,3,용도구역코드,UOA120,상대보호구역,1,0,,상대보호구역,20221008
경상남도 양산시 상북면 석계리 57-1번지,48330,33021,0,0057,0001,1264100153492,,,,3,용도구역코드,UQQ300,지구단위계획구역,0,0,,지구단위계획구역,20221008
경상남도 양산시 상북면 석계리 57-1번지,48330,33021,0,0057,0001,1264100153493,,,,1,용도지역코드,UQA122,제2종일반주거지역,1,0,,제2종일반주거지역,20221008
경상남도 양산시 상북면 석계리 57-1번지,48330,33021,0,0057,0001,1264100153493,,,,3,용도구역코드,UOA120,상대보호구역,1,0,,상대보호구역,20221008
경상남도 양산시 상북면 석계리 57-1번지,48330,33021,0,0057,0001,1264100153493,,,,3,용도구역코드,UQQ300,지구단위계획구역,0,0,,지구단위계획구역,20221008
경상남도 양산시 상북면 석계리 57-1번지,48330,33021,0,0057,0001,1264100155513,,,,1,용도지역코드,UQA122,제2종일반주거지역,1,0,,제2종일반주거지역,20221008
경상남도 양산시 상북면 석계리 57-1번지,48330,33021,0,0057,0001,1264100153492,,,,1,용도지역코드,UQA122,제2종일반주거지역,1,0,,제2종일반주거지역,20221008
경상남도 양산시 상북면 석계리 57-1번지,48330,33021,0,0057,0001,1264100155513,,,,3,용도구역코드,UOA120,상대보호구역,1,0,,상대보호구역,20221008
경상남도 양산시 상북면 석계리 57-1번지,48330,33021,0,0057,0001,1264100155513,,,,3,용도구역코드,UQQ300,지구단위계획구역,0,0,,지구단위계획구역,20221008
경상남도 양산시 상북면 석계리 57-1번지,48330,33021,0,0057,0001,1264100157151,,,,1,용도지역코드,UQA122,제2종일반주거지역,1,0,,제2종일반주거지역,20221008
경상남도 양산시 상북면 석계리 57-1번지,48330,33021,0,0057,0001,1264100157151,,,,3,용도구역코드,UOA120,상대보호구역,1,0,,상대보호구역,20221008
경상남도 양산시 상북면 석계리 57-1번지,48330,33021,0,0057,0001,1264100157151,,,,3,용도구역코드,UQQ300,지구단위계획구역,0,0,,지구단위계획구역,20221008
경상남도 양산시 상북면 석계리 57-1번지,48330,33021,0,0057,0001,1264100152732,,,,1,용도지역코드,UQA122,제2종일반주거지역,1,0,,제2종일반주거지역,20221008
경상남도 양산시 상북면 석계리 57-1번지,48330,33021,0,0057,0001,1264100152732,,,,3,용도구역코드,UOA120,상대보호구역,1,0,,상대보호구역,20221008
경상남도 양산시 상북면 석계리 57-1번지,48330,33021,0,0057,0001,1264100152732,,,,3,용도구역코드,UQQ300,지구단위계획구역,0,0,,지구단위계획구역,20221008
경상남도 양산시 상북면 석계리 57-1번지,48330,33021,0,0057,0001,1264100156791,,,,1,용도지역코드,UQA122,제2종일반주거지역,1,0,,제2종일반주거지역,20221008
경상남도 양산시 상북면 석계리 57-1번지,48330,33021,0,0057,0001,1264100156791,,,,3,용도구역코드,UOA120,상대보호구역,1,0,,상대보호구역,20221008
경상남도 양산시 상북면 석계리 57-1번지,48330,33021,0,0057,0001,1264100156791,,,,3,용도구역코드,UQQ300,지구단위계획구역,0,0,,지구단위계획구역,20221008
경상남도 양산시 상북면 석계리 57-1번지,48330,33021,0,0057,0001,1264100153912,,,,1,용도지역코드,UQA122,제2종일반주거지역,1,0,,제2종일반주거지역,20221008
경상남도 양산시 상북면 석계리 57-1번지,48330,33021,0,0057,0001,1264100153912,,,,3,용도구역코드,UOA120,상대보호구역,1,0,,상대보호구역,20221008
경상남도 양산시 상북면 석계리 57-1번지,48330,33021,0,0057,0001,1264100153912,,,,3,용도구역코드,UQQ300,지구단위계획구역,0,0,,지구단위계획구역,20221008
경상남도 양산시 상북면 석계리 57-1번지,48330,33021,0,0057,0001,1264100152451,,,,1,용도지역코드,UQA122,제2종일반주거지역,1,0,,제2종일반주거지역,20221008
경상남도 양산시 상북면 석계리 57-1번지,48330,33021,0,0057,0001,1264100152451,,,,3,용도구역코드,UOA120,상대보호구역,1,0,,상대보호구역,20221008
경상남도 양산시 상북면 석계리 57-1번지,48330,33021,0,0057,0001,1264100152451,,,,3,용도구역코드,UQQ300,지구단위계획구역,0,0,,지구단위계획구역,20221008
경상남도 양산시 상북면 석계리 57-1번지,48330,33021,0,0057,0001,1264100147831,,,,1,용도지역코드,UQA122,제2종일반주거지역,1,0,,제2종일반주거지역,20221008
경상남도 양산시 상북면 석계리 57-1번지,48330,33021,0,0057,0001,1264100147831,,,,3,용도구역코드,UOA120,상대보호구역,1,0,,상대보호구역,20221008
경상남도 양산시 상북면 석계리 57-1번지,48330,33021,0,0057,0001,1264100147831,,,,3,용도구역코드,UQQ300,지구단위계획구역,0,0,,지구단위계획구역,20221008
경상남도 양산시 상북면 석계리 57-1번지,48330,33021,0,0057,0001,1264100153151,,,,1,용도지역코드,UQA122,제2종일반주거지역,1,0,,제2종일반주거지역,20221008
경상남도 양산시 상북면 석계리 57-1번지,48330,33021,0,0057,0001,1264100153151,,,,3,용도구역코드,UOA120,상대보호구역,1,0,,상대보호구역,20221008
경상남도 양산시 상북면 석계리 57-1번지,48330,33021,0,0057,0001,1264100153151,,,,3,용도구역코드,UQQ300,지구단위계획구역,0,0,,지구단위계획구역,20221008
경상남도 양산시 상북면 석계리 57-1번지,48330,33021,0,0057,0001,1264100153112,,,,1,용도지역코드,UQA122,제2종일반주거지역,1,0,,제2종일반주거지역,20221008
경상남도 양산시 상북면 석계리 57-1번지,48330,33021,0,0057,0001,1264100153112,,,,3,용도구역코드,UOA120,상대보호구역,1,0,,상대보호구역,20221008
경상남도 양산시 상북면 석계리 57-1번지,48330,33021,0,0057,0001,1264100153112,,,,3,용도구역코드,UQQ300,지구단위계획구역,0,0,,지구단위계획구역,20221008
경상남도 양산시 상북면 석계리 57-1번지,48330,33021,0,0057,0001,1264100152870,,,,1,용도지역코드,UQA122,제2종일반주거지역,1,0,,제2종일반주거지역,20221008
경상남도 양산시 상북면 석계리 57-1번지,48330,33021,0,0057,0001,1264100152870,,,,3,용도구역코드,UOA120,상대보호구역,1,0,,상대보호구역,20221008
경상남도 양산시 상북면 석계리 57-1번지,48330,33021,0,0057,0001,1264100153254,,,,1,용도지역코드,UQA122,제2종일반주거지역,1,0,,제2종일반주거지역,20221008
경상남도 양산시 상북면 석계리 57-1번지,48330,33021,0,0057,0001,1264100153254,,,,3,용도구역코드,UOA120,상대보호구역,1,0,,상대보호구역,20221008
경상남도 양산시 상북면 석계리 57-1번지,48330,33021,0,0057,0001,1264100153254,,,,3,용도구역코드,UQQ300,지구단위계획구역,0,0,,지구단위계획구역,20221008
경상남도 양산시 상북면 석계리 57-1번지,48330,33021,0,0057,0001,1264100152870,,,,3,용도구역코드,UQQ300,지구단위계획구역,0,0,,지구단위계획구역,20221008
경상남도 양산시 상북면 석계리 57-1번지,48330,33021,0,0057,0001,1264100150132,,,,1,용도지역코드,UQA122,제2종일반주거지역,1,0,,제2종일반주거지역,20221008
경상남도 양산시 상북면 석계리 57-1번지,48330,33021,0,0057,0001,1264100150132,,,,3,용도구역코드,UOA120,상대보호구역,1,0,,상대보호구역,20221008
경상남도 양산시 상북면 석계리 57-1번지,48330,33021,0,0057,0001,1264100150132,,,,3,용도구역코드,UQQ300,지구단위계획구역,0,0,,지구단위계획구역,20221008
경상남도 양산시 상북면 석계리 57-1번지,48330,33021,0,0057,0001,1000000000000000180937,,,,1,용도지역코드,UQA122,제2종일반주거지역,1,0,,제2종일반주거지역,20221128
경상남도 양산시 상북면 석계리 57-1번지,48330,33021,0,0057,0001,1000000000000000180937,,,,3,용도구역코드,UQQ310,제1종지구단위계획구역,1,0,,제1종지구단위계획구역,20221128
경상남도 양산시 상북면 석계리 58-21번지,48330,33021,0,0058,0021,1264100145783,,,,1,용도지역코드,UQA122,제2종일반주거지역,1,0,,제2종일반주거지역,20221008
경상남도 양산시 상북면 석계리 58-21번지,48330,33021,0,0058,0021,1264100145783,,,,3,용도구역코드,UQQ300,지구단위계획구역,1,0,,지구단위계획구역,20221008
경상남도 양산시 상북면 석계리 58-121번지,48330,33021,0,0058,0121,1000000000000000919873,,,,3,용도구역코드,UMZ100,가축사육제한구역,1,0,,가축사육제한구역,20260406
경상남도 양산시 상북면 석계리 58-121번지,48330,33021,0,0058,0121,1000000000000000919873,,,,1,용도지역코드,UQA430,자연녹지지역,1,0,,자연녹지지역,20260406
경상남도 양산시 상북면 석계리 59-7번지,48330,33021,0,0059,0007,1264100013958,,,,1,용도지역코드,1022,제2종일반주거지역,1,0,,제2종일반주거지역,20221008
경상남도 양산시 상북면 석계리 63-3번지,48330,33021,0,0063,0003,1264100045026,,,,1,용도지역코드,UQA122,제2종일반주거지역,1,0,,제2종일반주거지역,20221008
경상남도 양산시 상북면 석계리 63-3번지,48330,33021,0,0063,0003,1264100075403,,,,1,용도지역코드,UQA122,제2종일반주거지역,1,0,,제2종일반주거지역,20221008
경상남도 양산시 상북면 석계리 63-3번지,48330,33021,0,0063,0003,1264100075403,,,,3,용도구역코드,UOA120,상대보호구역,1,0,,상대정화구역,20221008
경상남도 양산시 상북면 석계리 63-3번지,48330,33021,0,0063,0003,1264100136625,,,,1,용도지역코드,UQA122,제2종일반주거지역,1,0,,제2종일반주거지역,20221008
경상남도 양산시 상북면 석계리 63-3번지,48330,33021,0,0063,0003,1264100045026,,,,3,용도구역코드,UOA120,상대보호구역,1,0,,상대정화구역,20221008
경상남도 양산시 상북면 석계리 64번지,48330,33021,0,0064,0000,12646701,,,,1,용도지역코드,1022,제2종일반주거지역,1,0,,제2종일반주거지역,20221008
경상남도 양산시 상북면 석계리 64-1번지,48330,33021,0,0064,0001,1000000000000000272042,,,,1,용도지역코드,UQA122,제2종일반주거지역,1,0,,제2종일반주거지역,20230922
경상남도 양산시 상북면 석계리 66-7번지,48330,33021,0,0066,0007,1264100126221,,,,1,용도지역코드,UQA122,제2종일반주거지역,1,0,,제2종일반주거지역,20221008
경상남도 양산시 상북면 석계리 66-7번지,48330,33021,0,0066,0007,1264100122299,,,,1,용도지역코드,UQA122,제2종일반주거지역,1,0,,제2종일반주거지역,20221008
경상남도 양산시 상북면 석계리 66-7번지,48330,33021,0,0066,0007,1264100122299,,,,3,용도구역코드,UOA120,상대보호구역,1,0,,상대보호구역,20221008
경상남도 양산시 상북면 석계리 70-11번지,48330,33021,0,0070,0011,1264100012170,,,,1,용도지역코드,1022,제2종일반주거지역,1,0,,제2종일반주거지역,20221008
경상남도 양산시 상북면 석계리 70-11번지,48330,33021,0,0070,0011,1264100012170,,,,3,용도구역코드,272,상대정화구역,1,0,,상대정화구역,20221008
경상남도 양산시 상북면 석계리 70-13번지,48330,33021,0,0070,0013,12646073,,,,1,용도지역코드,1120,일반상업지역,1,0,,일반상업지역,20221008
경상남도 양산시 상북면 석계리 70-14번지,48330,33021,0,0070,0014,12641566,경상남도 양산시 상북면 석계리,70,14,1,용도지역코드,1120,일반상업지역,1,0,,일반상업지역,20221008
경상남도 양산시 상북면 석계리 71-5번지,48330,33021,0,0071,0005,12646503,,,,1,용도지역코드,1022,제2종일반주거지역,1,0,,제2종일반주거지역,20221008
경상남도 양산시 상북면 석계리 72번지,48330,33021,0,0072,0000,1264100112358,,,,1,용도지역코드,UQA122,제2종일반주거지역,1,0,,제2종일반주거지역,20221008
경상남도 양산시 상북면 석계리 72번지,48330,33021,0,0072,0000,1264100112358,,,,3,용도구역코드,UMZ100,가축사육제한구역,1,0,,가축사육제한구역,20221008
경상남도 양산시 상북면 석계리 74-1번지,48330,33021,0,0074,0001,12641606,,,,1,용도지역코드,1020,일반주거지역,1,0,,일반주거지역,20221008
경상남도 양산시 상북면 석계리 74-4번지,48330,33021,0,0074,0004,1264100129244,,,,1,용도지역코드,UQA122,제2종일반주거지역,1,0,,제2종일반주거지역,20221008
경상남도 양산시 상북면 석계리 74-8번지,48330,33021,0,0074,0008,12642347,,,,1,용도지역코드,1120,일반상업지역,1,0,,일반상업지역,20221008
경상남도 양산시 상북면 석계리 74-10번지,48330,33021,0,0074,0010,12646851,,,,1,용도지역코드,1120,일반상업지역,1,0,,일반상업지역,20221008
경상남도 양산시 상북면 석계리 74-10번지,48330,33021,0,0074,0010,12644766,,,,1,용도지역코드,1120,일반상업지역,1,0,,일반상업지역,20221008
경상남도 양산시 상북면 석계리 74-11번지,48330,33021,0,0074,0011,12644688,,,,1,용도지역코드,1120,일반상업지역,1,0,,일반상업지역,20221008
경상남도 양산시 상북면 석계리 74-12번지,48330,33021,0,0074,0012,12642236,,,,1,용도지역코드,1120,일반상업지역,1,0,,일반상업지역,20221008
경상남도 양산시 상북면 석계리 74-13번지,48330,33021,0,0074,0013,1000000000000000636860,,,,3,용도구역코드,UMZ100,가축사육제한구역,1,0,,가축사육제한구역,20250217
경상남도 양산시 상북면 석계리 74-13번지,48330,33021,0,0074,0013,1000000000000000636860,,,,1,용도지역코드,UQA220,일반상업지역,1,0,,일반상업지역,20250217
경상남도 양산시 상북면 석계리 74-13번지,48330,33021,0,0074,0013,1000000000000000636860,,,,3,용도구역코드,UOA120,상대보호구역,0,0,,상대보호구역,20250217
경상남도 양산시 상북면 석계리 74-14번지,48330,33021,0,0074,0014,1000000000000000636865,,,,3,용도구역코드,UOA120,상대보호구역,0,0,,상대보호구역,20250217
경상남도 양산시 상북면 석계리 74-14번지,48330,33021,0,0074,0014,1000000000000000636865,,,,3,용도구역코드,UMZ100,가축사육제한구역,1,0,,가축사육제한구역,20250217
경상남도 양산시 상북면 석계리 74-14번지,48330,33021,0,0074,0014,1000000000000000636865,,,,1,용도지역코드,UQA220,일반상업지역,1,0,,일반상업지역,20250217
경상남도 양산시 상북면 석계리 74-14번지,48330,33021,0,0074,0014,1264100070339,,,,1,용도지역코드,UQA220,일반상업지역,1,0,,일반상업지역,20221008
경상남도 양산시 상북면 석계리 74-14번지,48330,33021,0,0074,0014,1264100070339,,,,3,용도구역코드,UOA120,상대보호구역,1,0,,상대정화구역,20221008
경상남도 양산시 상북면 석계리 74-33번지,48330,33021,0,0074,0033,12643397,,,,1,용도지역코드,1020,일반주거지역,1,0,,일반주거지역,20221008
경상남도 양산시 상북면 석계리 74-40번지,48330,33021,0,0074,0040,1264100030739,,,,1,용도지역코드,UQA220,일반상업지역,1,0,,일반상업지역,20221008
경상남도 양산시 상북면 석계리 74-40번지,48330,33021,0,0074,0040,1264100030739,,,,3,용도구역코드,UOA120,상대보호구역,1,0,,상대정화구역,20221008
경상남도 양산시 상북면 석계리 74-45번지,48330,33021,0,0074,0045,12643283,,,,1,용도지역코드,1120,일반상업지역,1,0,,일반상업지역,20221008
경상남도 양산시 상북면 석계리 74-45번지,48330,33021,0,0074,0045,1264100051608,,,,1,용도지역코드,UQA220,일반상업지역,1,0,,일반상업지역,20221008
경상남도 양산시 상북면 석계리 74-45번지,48330,33021,0,0074,0045,12643053,,,,1,용도지역코드,1120,일반상업지역,1,0,,일반상업지역,20221008
경상남도 양산시 상북면 석계리 74-46번지,48330,33021,0,0074,0046,12642299,,,,1,용도지역코드,1120,일반상업지역,1,0,,일반상업지역,20221008
경상남도 양산시 상북면 석계리 74-51번지,48330,33021,0,0074,0051,12644562,,,,1,용도지역코드,1120,일반상업지역,1,0,,일반상업지역,20221008
경상남도 양산시 상북면 석계리 74-52번지,48330,33021,0,0074,0052,12644561,,,,1,용도지역코드,1120,일반상업지역,1,0,,일반상업지역,20221008
경상남도 양산시 상북면 석계리 74-53번지,48330,33021,0,0074,0053,1264100020507,,,,1,용도지역코드,1120,일반상업지역,1,0,,일반상업지역,20221008
경상남도 양산시 상북면 석계리 74-55번지,48330,33021,0,0074,0055,12644690,,,,1,용도지역코드,1120,일반상업지역,1,0,,일반상업지역,20221008
경상남도 양산시 상북면 석계리 74-56번지,48330,33021,0,0074,0056,12644689,,,,1,용도지역코드,1120,일반상업지역,1,0,,일반상업지역,20221008
경상남도 양산시 상북면 석계리 74-58번지,48330,33021,0,0074,0058,12645692,,,,1,용도지역코드,1022,제2종일반주거지역,1,0,,제2종일반주거지역,20221008
경상남도 양산시 상북면 석계리 74-70번지,48330,33021,0,0074,0070,1264100030417,,,,1,용도지역코드,UQA122,제2종일반주거지역,1,0,,제2종일반주거지역,20221008
경상남도 양산시 상북면 석계리 74-76번지,48330,33021,0,0074,0076,1264100155430,,,,3,용도구역코드,UMZ100,가축사육제한구역,1,0,,가축사육제한구역,20230303
경상남도 양산시 상북면 석계리 74-76번지,48330,33021,0,0074,0076,1264100155430,,,,1,용도지역코드,UQA122,제2종일반주거지역,1,0,,제2종일반주거지역,20230303
경상남도 양산시 상북면 석계리 76-18번지,48330,33021,0,0076,0018,1264100152510,,,,1,용도지역코드,UQA122,제2종일반주거지역,1,0,,제2종일반주거지역,20221008
경상남도 양산시 상북면 석계리 78-17번지,48330,33021,0,0078,0017,12642051,,,,1,용도지역코드,1020,일반주거지역,1,0,,일반주거지역,20221008
경상남도 양산시 상북면 석계리 78-41번지,48330,33021,0,0078,0041,12642149,,,,1,용도지역코드,1022,제2종일반주거지역,1,0,,제2종일반주거지역,20221008
경상남도 양산시 상북면 석계리 79-3번지,48330,33021,0,0079,0003,1264219,,,,1,용도지역코드,1320,생산녹지지역,1,0,,생산녹지지역,20221008
경상남도 양산시 상북면 석계리 79-3번지,48330,33021,0,0079,0003,1000000000000000965977,,,,1,용도지역코드,UQA122,제2종일반주거지역,1,0,,제2종일반주거지역,20260610
경상남도 양산시 상북면 석계리 79-3번지,48330,33021,0,0079,0003,1264100055450,,,,1,용도지역코드,UQA122,제2종일반주거지역,1,0,,제2종일반주거지역,20221008
경상남도 양산시 상북면 석계리 79-3번지,48330,33021,0,0079,0003,12649589,,,,1,용도지역코드,1022,제2종일반주거지역,1,0,,제2종일반주거지역,20221008
경상남도 양산시 상북면 석계리 94-3번지,48330,33021,0,0094,0003,1264100029930,,,,1,용도지역코드,UQA122,제2종일반주거지역,1,0,,제2종일반주거지역,20221008
경상남도 양산시 상북면 석계리 94-3번지,48330,33021,0,0094,0003,1264100029930,,,,3,용도구역코드,UOA120,상대보호구역,1,0,,상대정화구역,20221008
경상남도 양산시 상북면 석계리 95-1번지,48330,33021,0,0095,0001,12643129,,,,1,용도지역코드,1020,일반주거지역,1,0,,일반주거지역,20221008
경상남도 양산시 상북면 석계리 102번지,48330,33021,0,0102,0000,1264100021503,,,,1,용도지역코드,UQA122,제2종일반주거지역,1,0,,제2종일반주거지역,20221008
경상남도 양산시 상북면 석계리 102번지,48330,33021,0,0102,0000,1264100021503,,,,3,용도구역코드,UOA120,상대보호구역,1,0,,상대정화구역,20221008
경상남도 양산시 상북면 석계리 108번지,48330,33021,0,0108,0000,1264100103193,,,,1,용도지역코드,UQA220,일반상업지역,1,0,,일반상업지역,20221008
경상남도 양산시 상북면 석계리 108번지,48330,33021,0,0108,0000,1264100103193,,,,3,용도구역코드,UOA120,상대보호구역,1,0,,상대정화구역,20221008
경상남도 양산시 상북면 석계리 108번지,48330,33021,0,0108,0000,1264100149911,,,,1,용도지역코드,UQA220,일반상업지역,1,0,,일반상업지역,20221008
경상남도 양산시 상북면 석계리 108번지,48330,33021,0,0108,0000,1264100149911,,,,1,용도지역코드,UMZ100,가축사육제한구역,0,0,,가축사육제한구역,20221008
경상남도 양산시 상북면 석계리 108번지,48330,33021,0,0108,0000,1264100149911,,,,3,용도구역코드,UOA120,상대보호구역,1,0,,상대보호구역,20221008
경상남도 양산시 상북면 석계리 108번지,48330,33021,0,0108,0000,12647628,,,,1,용도지역코드,1120,일반상업지역,1,0,,일반상업지역,20221008
경상남도 양산시 상북면 석계리 112-1번지,48330,33021,0,0112,0001,12648256,,,,1,용도지역코드,1022,제2종일반주거지역,1,0,,제2종일반주거지역,20221008
경상남도 양산시 상북면 석계리 112-1번지,48330,33021,0,0112,0001,1264100025389,,,,1,용도지역코드,UQA122,제2종일반주거지역,1,0,,제2종일반주거지역,20221008
경상남도 양산시 상북면 석계리 112-1번지,48330,33021,0,0112,0001,1264100025389,,,,3,용도구역코드,UOA110,절대정화구역,1,0,,절대정화구역,20221008
경상남도 양산시 상북면 석계리 112-3번지,48330,33021,0,0112,0003,1000000000000000630060,,,,1,용도지역코드,UQA220,일반상업지역,1,0,,일반상업지역,20241203
경상남도 양산시 상북면 석계리 112-3번지,48330,33021,0,0112,0003,12647376,,,,1,용도지역코드,1120,일반상업지역,1,0,,일반상업지역,20221008
경상남도 양산시 상북면 석계리 112-3번지,48330,33021,0,0112,0003,1264100005066,,,,1,용도지역코드,1120,일반상업지역,1,0,,일반상업지역,20221008
경상남도 양산시 상북면 석계리 115번지,48330,33021,0,0115,0000,1264100055829,,,,1,용도지역코드,UQA220,일반상업지역,1,0,,일반상업지역,20221008
경상남도 양산시 상북면 석계리 115번지,48330,33021,0,0115,0000,1264100055829,,,,3,용도구역코드,UOA120,상대보호구역,1,0,,상대정화구역,20221008
경상남도 양산시 상북면 석계리 116번지,48330,33021,0,0116,0000,1264100006585,,,,1,용도지역코드,1120,일반상업지역,1,0,,일반상업지역,20221008
경상남도 양산시 상북면 석계리 118번지,48330,33021,0,0118,0000,1264100091782,,,,1,용도지역코드,UQA122,제2종일반주거지역,1,0,,제2종일반주거지역,20221008
경상남도 양산시 상북면 석계리 118번지,48330,33021,0,0118,0000,1264100091782,,,,3,용도구역코드,UOA110,절대정화구역,1,0,,절대정화구역,20221008
경상남도 양산시 상북면 석계리 122번지,48330,33021,0,0122,0000,1264718,,,,1,용도지역코드,1020,일반주거지역,1,0,,일반주거지역,20221008
경상남도 양산시 상북면 석계리 122-10번지,48330,33021,0,0122,0010,1000000000000000675413,,,,3,용도구역코드,UOA110,절대정화구역,1,0,,절대보호구역,20251110
경상남도 양산시 상북면 석계리 122-10번지,48330,33021,0,0122,0010,1000000000000000675413,,,,1,용도지역코드,UQA122,제2종일반주거지역,1,0,,제2종일반주거지역,20251110
경상남도 양산시 상북면 석계리 123번지,48330,33021,0,0123,0000,1264100057997,,,,1,용도지역코드,UQA122,제2종일반주거지역,1,0,,제2종일반주거지역,20221008
경상남도 양산시 상북면 석계리 123번지,48330,33021,0,0123,0000,1264100057997,,,,1,용도지역코드,UQA220,일반상업지역,0,0,,일반상업지역,20221008
경상남도 양산시 상북면 석계리 123번지,48330,33021,0,0123,0000,1264100046305,,,,1,용도지역코드,UQA122,제2종일반주거지역,1,0,,제2종일반주거지역,20221008
경상남도 양산시 상북면 석계리 123번지,48330,33021,0,0123,0000,1264100046305,,,,3,용도구역코드,UOA110,절대정화구역,1,0,,절대정화구역,20221008
경상남도 양산시 상북면 석계리 137번지,48330,33021,0,0137,0000,1264100058752,,,,1,용도지역코드,UQA122,제2종일반주거지역,1,0,,제2종일반주거지역,20221008
경상남도 양산시 상북면 석계리 159-2번지,48330,33021,0,0159,0002,1000000000000000523589,,,,1,용도지역코드,UQA430,자연녹지지역,1,0,,자연녹지지역,20240527
경상남도 양산시 상북면 석계리 169-2번지,48330,33021,0,0169,0002,1264100139266,,,,1,용도지역코드,UQA430,자연녹지지역,1,0,,자연녹지지역,20221008
경상남도 양산시 상북면 석계리 169-2번지,48330,33021,0,0169,0002,12647484,,,,1,용도지역코드,1330,자연녹지지역,1,0,,자연녹지지역,20221008
경상남도 양산시 상북면 석계리 169-2번지,48330,33021,0,0169,0002,1264100049406,,,,1,용도지역코드,UQA430,자연녹지지역,1,0,,자연녹지지역,20221008
경상남도 양산시 상북면 석계리 179-6번지,48330,33021,0,0179,0006,1264100043666,,,,1,용도지역코드,UQA122,제2종일반주거지역,1,0,,제2종일반주거지역,20221008
경상남도 양산시 상북면 석계리 196-1번지,48330,33021,0,0196,0001,1264423,,,,1,용도지역코드,1020,일반주거지역,1,0,,일반주거지역,20221008
경상남도 양산시 상북면 석계리 200-6번지,48330,33021,0,0200,0006,1264424,,,,1,용도지역코드,1020,일반주거지역,1,0,,일반주거지역,20221008
경상남도 양산시 상북면 석계리 203번지,48330,33021,0,0203,0000,1000000000000000884440,,,,3,용도구역코드,UMZ100,가축사육제한구역,1,0,,가축사육제한구역,20260203
경상남도 양산시 상북면 석계리 203번지,48330,33021,0,0203,0000,1000000000000000884440,,,,1,용도지역코드,UQA122,제2종일반주거지역,1,0,,제2종일반주거지역,20260203
경상남도 양산시 상북면 석계리 204번지,48330,33021,0,0204,0000,1264440,경상남도 양산시 상북면 석계리,204,,1,용도지역코드,1020,일반주거지역,1,0,,일반주거지역,20221008
경상남도 양산시 상북면 석계리 205-7번지,48330,33021,0,0205,0007,1264100017759,,,,1,용도지역코드,1022,제2종일반주거지역,1,0,,제2종일반주거지역,20221008
경상남도 양산시 상북면 석계리 206번지,48330,33021,0,0206,0000,1264100029649,,,,1,용도지역코드,UQA122,제2종일반주거지역,1,0,,제2종일반주거지역,20221008
경상남도 양산시 상북면 석계리 206번지,48330,33021,0,0206,0000,1264100029649,,,,3,용도구역코드,UOA120,상대보호구역,1,0,,상대정화구역,20221008
경상남도 양산시 상북면 석계리 206-4번지,48330,33021,0,0206,0004,1264100039692,,,,1,용도지역코드,UQA122,제2종일반주거지역,1,0,,제2종일반주거지역,20221008
경상남도 양산시 상북면 석계리 206-4번지,48330,33021,0,0206,0004,1264100039692,,,,3,용도구역코드,UOA120,상대보호구역,1,0,,상대정화구역,20221008
경상남도 양산시 상북면 석계리 207번지,48330,33021,0,0207,0000,1264100039693,,,,3,용도구역코드,UOA120,상대보호구역,1,0,,상대정화구역,20221008
경상남도 양산시 상북면 석계리 207번지,48330,33021,0,0207,0000,1264100039693,,,,1,용도지역코드,UQA122,제2종일반주거지역,1,0,,제2종일반주거지역,20221008
경상남도 양산시 상북면 석계리 208-2번지,48330,33021,0,0208,0002,1264100115796,,,,1,용도지역코드,UQA122,제2종일반주거지역,1,0,,제2종일반주거지역,20221008
경상남도 양산시 상북면 석계리 211-1번지,48330,33021,0,0211,0001,1264100061260,,,,1,용도지역코드,UQA122,제2종일반주거지역,1,0,,제2종일반주거지역,20221008
경상남도 양산시 상북면 석계리 211-9번지,48330,33021,0,0211,0009,126422,,,,1,용도지역코드,1020,일반주거지역,1,0,,일반주거지역,20221008
경상남도 양산시 상북면 석계리 212-5번지,48330,33021,0,0212,0005,1264100104318,,,,1,용도지역코드,UQA122,제2종일반주거지역,1,0,,제2종일반주거지역,20221008
경상남도 양산시 상북면 석계리 212-8번지,48330,33021,0,0212,0008,12642734,,,,1,용도지역코드,1020,일반주거지역,1,0,,일반주거지역,20221008
경상남도 양산시 상북면 석계리 218-9번지,48330,33021,0,0218,0009,126497,,,,1,용도지역코드,1020,일반주거지역,1,0,,일반주거지역,20221008
경상남도 양산시 상북면 석계리 218-20번지,48330,33021,0,0218,0020,1264100062439,,,,1,용도지역코드,UQA122,제2종일반주거지역,1,0,,제2종일반주거지역,20221008
경상남도 양산시 상북면 석계리 221-1번지,48330,33021,0,0221,0001,1264100059575,,,,1,용도지역코드,UQA122,제2종일반주거지역,1,0,,제2종일반주거지역,20221008
경상남도 양산시 상북면 석계리 221-1번지,48330,33021,0,0221,0001,1264100060172,,,,1,용도지역코드,UQA122,제2종일반주거지역,1,0,,제2종일반주거지역,20221008
경상남도 양산시 상북면 석계리 223번지,48330,33021,0,0223,0000,1264100072899,,,,1,용도지역코드,UQA122,제2종일반주거지역,1,0,,제2종일반주거지역,20221008
경상남도 양산시 상북면 석계리 223번지,48330,33021,0,0223,0000,1264100079379,,,,1,용도지역코드,UQA122,제2종일반주거지역,1,0,,제2종일반주거지역,20221008
경상남도 양산시 상북면 석계리 223번지,48330,33021,0,0223,0000,1264100072899,,,,3,용도구역코드,UOA120,상대보호구역,1,0,,상대정화구역,20221008
경상남도 양산시 상북면 석계리 223-3번지,48330,33021,0,0223,0003,1264100020777,,,,1,용도지역코드,1022,제2종일반주거지역,1,0,,제2종일반주거지역,20221008
경상남도 양산시 상북면 석계리 223-3번지,48330,33021,0,0223,0003,1264100020777,,,,3,용도구역코드,272,상대정화구역,1,0,,상대정화구역,20221008
경상남도 양산시 상북면 석계리 230번지,48330,33021,0,0230,0000,1264100082559,,,,1,용도지역코드,UQA122,제2종일반주거지역,1,0,,제2종일반주거지역,20221008
경상남도 양산시 상북면 석계리 230번지,48330,33021,0,0230,0000,12644581,,,,1,용도지역코드,1022,제2종일반주거지역,1,0,,제2종일반주거지역,20221008
경상남도 양산시 상북면 석계리 234-1번지,48330,33021,0,0234,0001,1264100119118,,,,1,용도지역코드,UQA122,제2종일반주거지역,1,0,,제2종일반주거지역,20221008
경상남도 양산시 상북면 석계리 234-1번지,48330,33021,0,0234,0001,1264100119118,,,,3,용도구역코드,UMZ100,가축사육제한구역,1,0,,가축사육제한구역,20221008
경상남도 양산시 상북면 석계리 234-2번지,48330,33021,0,0234,0002,1264100041904,,,,1,용도지역코드,UQA122,제2종일반주거지역,1,0,,제2종일반주거지역,20221008
경상남도 양산시 상북면 석계리 234-8번지,48330,33021,0,0234,0008,1264100041905,,,,1,용도지역코드,UQA122,제2종일반주거지역,1,0,,제2종일반주거지역,20221008
경상남도 양산시 상북면 석계리 235-1번지,48330,33021,0,0235,0001,1264100119117,,,,1,용도지역코드,UQA122,제2종일반주거지역,1,0,,제2종일반주거지역,20221008
경상남도 양산시 상북면 석계리 235-1번지,48330,33021,0,0235,0001,1264100119117,,,,3,용도구역코드,UMZ100,가축사육제한구역,1,0,,가축사육제한구역,20221008
경상남도 양산시 상북면 석계리 235-1번지,48330,33021,0,0235,0001,12645600,,,,1,용도지역코드,1022,제2종일반주거지역,1,0,,제2종일반주거지역,20221008
경상남도 양산시 상북면 석계리 235-1번지,48330,33021,0,0235,0001,12642064,,,,1,용도지역코드,1020,일반주거지역,1,0,,일반주거지역,20221008
경상남도 양산시 상북면 석계리 235-4번지,48330,33021,0,0235,0004,1000000000000000126030,,,,1,용도지역코드,UQA122,제2종일반주거지역,1,0,,제2종일반주거지역,20221110
경상남도 양산시 상북면 석계리 235-5번지,48330,33021,0,0235,0005,1000000000000000235556,,,,3,용도구역코드,UOA120,상대보호구역,0,0,,상대보호구역,20230508
경상남도 양산시 상북면 석계리 235-5번지,48330,33021,0,0235,0005,1000000000000000235556,,,,1,용도지역코드,UQA122,제2종일반주거지역,1,0,,제2종일반주거지역,20230508
경상남도 양산시 상북면 석계리 235-5번지,48330,33021,0,0235,0005,1000000000000000235556,,,,3,용도구역코드,UMZ100,가축사육제한구역,1,0,,가축사육제한구역,20230508
경상남도 양산시 상북면 석계리 235-5번지,48330,33021,0,0235,0005,1264100044965,,,,1,용도지역코드,UQA122,제2종일반주거지역,1,0,,제2종일반주거지역,20221008
경상남도 양산시 상북면 석계리 235-5번지,48330,33021,0,0235,0005,1264100044965,,,,3,용도구역코드,UOA120,상대보호구역,1,0,,상대정화구역,20221008
경상남도 양산시 상북면 석계리 235-7번지,48330,33021,0,0235,0007,1000000000000000256289,,,,3,용도구역코드,UMZ100,가축사육제한구역,1,0,,가축사육제한구역,20230518
경상남도 양산시 상북면 석계리 235-7번지,48330,33021,0,0235,0007,1000000000000000256289,,,,1,용도지역코드,UQA122,제2종일반주거지역,1,0,,제2종일반주거지역,20230518
경상남도 양산시 상북면 석계리 235-7번지,48330,33021,0,0235,0007,1000000000000000256289,,,,3,용도구역코드,UOA120,상대보호구역,0,0,,상대보호구역,20230518
경상남도 양산시 상북면 석계리 235-7번지,48330,33021,0,0235,0007,12646819,,,,1,용도지역코드,1022,제2종일반주거지역,1,0,,제2종일반주거지역,20221008
경상남도 양산시 상북면 석계리 235-7번지,48330,33021,0,0235,0007,12644998,,,,1,용도지역코드,1022,제2종일반주거지역,1,0,,제2종일반주거지역,20221008
경상남도 양산시 상북면 석계리 235-8번지,48330,33021,0,0235,0008,1264100099576,,,,1,용도지역코드,UQA122,제2종일반주거지역,1,0,,제2종일반주거지역,20221008
경상남도 양산시 상북면 석계리 235-8번지,48330,33021,0,0235,0008,1264100099576,,,,3,용도구역코드,UOA120,상대보호구역,1,0,,상대보호구역,20221008
경상남도 양산시 상북면 석계리 235-9번지,48330,33021,0,0235,0009,1264100030878,,,,1,용도지역코드,UQA122,제2종일반주거지역,1,0,,제2종일반주거지역,20221008
경상남도 양산시 상북면 석계리 235-9번지,48330,33021,0,0235,0009,1264100030878,,,,3,용도구역코드,UOA120,상대보호구역,1,0,,상대정화구역,20221008
경상남도 양산시 상북면 석계리 235-9번지,48330,33021,0,0235,0009,1264100038994,,,,1,용도지역코드,UQA122,제2종일반주거지역,1,0,,제2종일반주거지역,20221008
경상남도 양산시 상북면 석계리 235-9번지,48330,33021,0,0235,0009,1264100038994,,,,3,용도구역코드,UOA120,상대보호구역,1,0,,상대정화구역,20221008
경상남도 양산시 상북면 석계리 235-13번지,48330,33021,0,0235,0013,1264100028629,,,,1,용도지역코드,UQA122,제2종일반주거지역,1,0,,제2종일반주거지역,20221008
경상남도 양산시 상북면 석계리 235-17번지,48330,33021,0,0235,0017,1264100017474,,,,1,용도지역코드,1022,제2종일반주거지역,1,0,,제2종일반주거지역,20221008
경상남도 양산시 상북면 석계리 235-20번지,48330,33021,0,0235,0020,1000000000000000124251,,,,1,용도지역코드,UQA122,제2종일반주거지역,1,0,,제2종일반주거지역,20221110
경상남도 양산시 상북면 석계리 235-21번지,48330,33021,0,0235,0021,1000000000000000124275,,,,1,용도지역코드,UQA122,제2종일반주거지역,1,0,,제2종일반주거지역,20221110
경상남도 양산시 상북면 석계리 235-22번지,48330,33021,0,0235,0022,1000000000000000124121,,,,1,용도지역코드,UQA122,제2종일반주거지역,1,0,,제2종일반주거지역,20221110
경상남도 양산시 상북면 석계리 237-10번지,48330,33021,0,0237,0010,1264100157452,,,,1,용도지역코드,UQA122,제2종일반주거지역,1,0,,제2종일반주거지역,20221230
경상남도 양산시 상북면 석계리 237-10번지,48330,33021,0,0237,0010,1264100149631,,,,1,용도지역코드,UQA122,제2종일반주거지역,1,0,,제2종일반주거지역,20221008
경상남도 양산시 상북면 석계리 237-10번지,48330,33021,0,0237,0010,1264100149631,,,,3,용도구역코드,UOA120,상대보호구역,1,0,,상대보호구역,20221008
경상남도 양산시 상북면 석계리 237-10번지,48330,33021,0,0237,0010,12648517,,,,1,용도지역코드,1022,제2종일반주거지역,1,0,,제2종일반주거지역,20221008
경상남도 양산시 상북면 석계리 237-10번지,48330,33021,0,0237,0010,12645657,,,,1,용도지역코드,1022,제2종일반주거지역,1,0,,제2종일반주거지역,20221008
경상남도 양산시 상북면 석계리 237-11번지,48330,33021,0,0237,0011,1264100155972,,,,1,용도지역코드,UQA122,제2종일반주거지역,1,0,,제2종일반주거지역,20221008
경상남도 양산시 상북면 석계리 238-1번지,48330,33021,0,0238,0001,1264490,,,,1,용도지역코드,1120,일반상업지역,1,0,,일반상업지역,20221008
경상남도 양산시 상북면 석계리 238-1번지,48330,33021,0,0238,0001,1264723,,,,1,용도지역코드,1120,일반상업지역,1,0,,일반상업지역,20221008
경상남도 양산시 상북면 석계리 238-1번지,48330,33021,0,0238,0001,1264100019419,,,,1,용도지역코드,1120,일반상업지역,1,0,,일반상업지역,20221008
경상남도 양산시 상북면 석계리 238-2번지,48330,33021,0,0238,0002,1264199,토지구획정리지구 5B-8N,,,1,용도지역코드,1120,일반상업지역,1,0,,일반상업지역,20221008
경상남도 양산시 상북면 석계리 238-3번지,48330,33021,0,0238,0003,12641022,,,,1,용도지역코드,1120,일반상업지역,1,0,,일반상업지역,20221008
경상남도 양산시 상북면 석계리 238-3번지,48330,33021,0,0238,0003,12649590,,,,1,용도지역코드,1120,일반상업지역,1,0,,일반상업지역,20221008
경상남도 양산시 상북면 석계리 238-4번지,48330,33021,0,0238,0004,1264100009570,,,,1,용도지역코드,1120,일반상업지역,1,0,,일반상업지역,20221008
경상남도 양산시 상북면 석계리 238-5번지,48330,33021,0,0238,0005,1264629,경상남도 양산시 상북면 석계리,238,5,1,용도지역코드,1120,일반상업지역,1,0,,일반상업지역,20221008
경상남도 양산시 상북면 석계리 238-5번지,48330,33021,0,0238,0005,1264111,,,,1,용도지역코드,1020,일반주거지역,1,0,,일반주거지역,20221008
경상남도 양산시 상북면 석계리 238-5번지,48330,33021,0,0238,0005,1264608,경상남도 양산시 상북면 석계리,238,5,1,용도지역코드,1120,일반상업지역,1,0,,일반상업지역,20221008
경상남도 양산시 상북면 석계리 238-5번지,48330,33021,0,0238,0005,1264608,경상남도 양산시 상북면 석계리,238,5,2,용도지구코드,240,위락지구,1,0,,위락지구,20221008
경상남도 양산시 상북면 석계리 238-7번지,48330,33021,0,0238,0007,1264474,,,,1,용도지역코드,1120,일반상업지역,1,0,,일반상업지역,20221008
경상남도 양산시 상북면 석계리 238-8번지,48330,33021,0,0238,0008,1264100092444,,,,1,용도지역코드,UQA220,일반상업지역,1,0,,일반상업지역,20221008
경상남도 양산시 상북면 석계리 238-8번지,48330,33021,0,0238,0008,1264100092444,,,,3,용도구역코드,UOA120,상대보호구역,1,0,,상대정화구역,20221008
경상남도 양산시 상북면 석계리 238-9번지,48330,33021,0,0238,0009,1264100039072,,,,1,용도지역코드,UQA220,일반상업지역,1,0,,일반상업지역,20221008
경상남도 양산시 상북면 석계리 238-9번지,48330,33021,0,0238,0009,1264100039072,,,,3,용도구역코드,UOA120,상대보호구역,1,0,,상대정화구역,20221008
경상남도 양산시 상북면 석계리 238-11번지,48330,33021,0,0238,0011,1264100084265,,,,1,용도지역코드,UQA220,일반상업지역,1,0,,일반상업지역,20221008
경상남도 양산시 상북면 석계리 238-11번지,48330,33021,0,0238,0011,1264100090081,,,,3,용도구역코드,UOA120,상대보호구역,1,0,,상대정화구역,20221008
경상남도 양산시 상북면 석계리 238-11번지,48330,33021,0,0238,0011,1264100090081,,,,1,용도지역코드,UQA220,일반상업지역,1,0,,일반상업지역,20221008
경상남도 양산시 상북면 석계리 238-12번지,48330,33021,0,0238,0012,12643452,,,,1,용도지역코드,1120,일반상업지역,1,0,,일반상업지역,20221008
경상남도 양산시 상북면 석계리 239-1번지,48330,33021,0,0239,0001,12642168,,,,1,용도지역코드,1120,일반상업지역,1,0,,일반상업지역,20221008
경상남도 양산시 상북면 석계리 239-1번지,48330,33021,0,0239,0001,12641533,,,,1,용도지역코드,1120,일반상업지역,1,0,,일반상업지역,20221008
경상남도 양산시 상북면 석계리 239-3번지,48330,33021,0,0239,0003,12641730,,,,1,용도지역코드,1120,일반상업지역,1,0,,일반상업지역,20221008
경상남도 양산시 상북면 석계리 239-3번지,48330,33021,0,0239,0003,12641782,,,,1,용도지역코드,1120,일반상업지역,1,0,,일반상업지역,20221008
경상남도 양산시 상북면 석계리 239-5번지,48330,33021,0,0239,0005,12645887,,,,1,용도지역코드,1120,일반상업지역,1,0,,일반상업지역,20221008
경상남도 양산시 상북면 석계리 239-5번지,48330,33021,0,0239,0005,12647631,,,,1,용도지역코드,1120,일반상업지역,1,0,,일반상업지역,20221008
경상남도 양산시 상북면 석계리 239-5번지,48330,33021,0,0239,0005,12647631,,,,3,용도구역코드,010,도시계획구역,1,0,,도시계획구역,20221008
경상남도 양산시 상북면 석계리 239-7번지,48330,33021,0,0239,0007,1264518,경상남도 양산시 상북면 석계리,239,7,1,용도지역코드,1120,일반상업지역,1,0,,일반상업지역,20221008
경상남도 양산시 상북면 석계리 239-9번지,48330,33021,0,0239,0009,12647630,,,,1,용도지역코드,1120,일반상업지역,1,0,,일반상업지역,20221008
경상남도 양산시 상북면 석계리 239-9번지,48330,33021,0,0239,0009,12647630,,,,3,용도구역코드,010,도시계획구역,1,0,,도시계획구역,20221008
경상남도 양산시 상북면 석계리 239-9번지,48330,33021,0,0239,0009,12645886,,,,1,용도지역코드,1120,일반상업지역,1,0,,일반상업지역,20221008
경상남도 양산시 상북면 석계리 239-10번지,48330,33021,0,0239,0010,12641759,,,,1,용도지역코드,1120,일반상업지역,1,0,,일반상업지역,20221008
경상남도 양산시 상북면 석계리 239-12번지,48330,33021,0,0239,0012,1264100128121,,,,1,용도지역코드,UQA220,일반상업지역,1,0,,일반상업지역,20221008
경상남도 양산시 상북면 석계리 239-12번지,48330,33021,0,0239,0012,1264100128121,,,,3,용도구역코드,UMZ100,가축사육제한구역,1,0,,가축사육제한구역,20221008
경상남도 양산시 상북면 석계리 239-12번지,48330,33021,0,0239,0012,1264100128121,,,,3,용도구역코드,UOA120,상대보호구역,0,0,,상대보호구역,20221008
경상남도 양산시 상북면 석계리 239-12번지,48330,33021,0,0239,0012,1264100132126,,,,3,용도구역코드,UMZ100,가축사육제한구역,1,0,,가축사육제한구역,20221008
경상남도 양산시 상북면 석계리 239-12번지,48330,33021,0,0239,0012,1264100132126,,,,3,용도구역코드,UOA120,상대보호구역,0,0,,상대보호구역,20221008
경상남도 양산시 상북면 석계리 239-12번지,48330,33021,0,0239,0012,1264100129783,,,,1,용도지역코드,UQA220,일반상업지역,1,0,,일반상업지역,20221008
경상남도 양산시 상북면 석계리 239-12번지,48330,33021,0,0239,0012,1264100129783,,,,3,용도구역코드,UMZ100,가축사육제한구역,1,0,,가축사육제한구역,20221008
경상남도 양산시 상북면 석계리 239-12번지,48330,33021,0,0239,0012,1264100129783,,,,3,용도구역코드,UOA120,상대보호구역,0,0,,상대보호구역,20221008
경상남도 양산시 상북면 석계리 239-12번지,48330,33021,0,0239,0012,1264100132126,,,,1,용도지역코드,UQA220,일반상업지역,1,0,,일반상업지역,20221008
경상남도 양산시 상북면 석계리 239-13번지,48330,33021,0,0239,0013,1264100095328,,,,1,용도지역코드,UQA220,일반상업지역,1,0,,일반상업지역,20221008
경상남도 양산시 상북면 석계리 239-13번지,48330,33021,0,0239,0013,1264100095328,,,,3,용도구역코드,UOA120,상대보호구역,1,0,,상대정화구역,20221008
경상남도 양산시 상북면 석계리 239-13번지,48330,33021,0,0239,0013,1264100114898,,,,1,용도지역코드,UQA220,일반상업지역,1,0,,일반상업지역,20221008
경상남도 양산시 상북면 석계리 239-13번지,48330,33021,0,0239,0013,1264100114898,,,,3,용도구역코드,UMZ100,가축사육제한구역,1,0,,가축사육제한구역,20221008
경상남도 양산시 상북면 석계리 239-15번지,48330,33021,0,0239,0015,12642169,,,,1,용도지역코드,1120,일반상업지역,1,0,,일반상업지역,20221008
경상남도 양산시 상북면 석계리 239-15번지,48330,33021,0,0239,0015,12641534,,,,1,용도지역코드,1120,일반상업지역,1,0,,일반상업지역,20221008
경상남도 양산시 상북면 석계리 240-1번지,48330,33021,0,0240,0001,1264169,,,,1,용도지역코드,1020,일반주거지역,1,0,,일반주거지역,20221008
경상남도 양산시 상북면 석계리 240-2번지,48330,33021,0,0240,0002,12648137,,,,1,용도지역코드,1120,일반상업지역,1,0,,일반상업지역,20221008
경상남도 양산시 상북면 석계리 240-2번지,48330,33021,0,0240,0002,12648137,,,,3,용도구역코드,010,도시계획구역,1,0,,도시계획구역,20221008
경상남도 양산시 상북면 석계리 240-4번지,48330,33021,0,0240,0004,12647301,,,,1,용도지역코드,1120,일반상업지역,1,0,,일반상업지역,20221008
경상남도 양산시 상북면 석계리 240-4번지,48330,33021,0,0240,0004,1264100099734,,,,1,용도지역코드,UQA220,일반상업지역,1,0,,일반상업지역,20221008
경상남도 양산시 상북면 석계리 240-5번지,48330,33021,0,0240,0005,1264473,,,,1,용도지역코드,1120,일반상업지역,1,0,,일반상업지역,20221008
경상남도 양산시 상북면 석계리 240-6번지,48330,33021,0,0240,0006,1264163,,,,1,용도지역코드,1020,일반주거지역,1,0,,일반주거지역,20221008
경상남도 양산시 상북면 석계리 240-8번지,48330,33021,0,0240,0008,1264598,,,,1,용도지역코드,1120,일반상업지역,1,0,,일반상업지역,20221008
경상남도 양산시 상북면 석계리 241-1번지,48330,33021,0,0241,0001,1264433,,,,1,용도지역코드,1020,일반주거지역,1,0,,일반주거지역,20221008
경상남도 양산시 상북면 석계리 241-1번지,48330,33021,0,0241,0001,12643962,,,,1,용도지역코드,1020,일반주거지역,1,0,,일반주거지역,20221008
경상남도 양산시 상북면 석계리 241-2번지,48330,33021,0,0241,0002,1264507,,,,1,용도지역코드,1020,일반주거지역,1,0,,일반주거지역,20221008
경상남도 양산시 상북면 석계리 241-2번지,48330,33021,0,0241,0002,1264768,,,,1,용도지역코드,1020,일반주거지역,1,0,,일반주거지역,20221008
경상남도 양산시 상북면 석계리 241-3번지,48330,33021,0,0241,0003,12641568,,,,1,용도지역코드,1020,일반주거지역,1,0,,일반주거지역,20221008
경상남도 양산시 상북면 석계리 242-1번지,48330,33021,0,0242,0001,12645746,,,,1,용도지역코드,1022,제2종일반주거지역,1,0,,제2종일반주거지역,20221008
경상남도 양산시 상북면 석계리 242-1번지,48330,33021,0,0242,0001,1264100048610,,,,1,용도지역코드,UQA122,제2종일반주거지역,1,0,,제2종일반주거지역,20221008
경상남도 양산시 상북면 석계리 242-1번지,48330,33021,0,0242,0001,1264100052019,,,,1,용도지역코드,UQA122,제2종일반주거지역,1,0,,제2종일반주거지역,20221008
경상남도 양산시 상북면 석계리 242-2번지,48330,33021,0,0242,0002,1264100006906,,,,1,용도지역코드,1022,제2종일반주거지역,1,0,,제2종일반주거지역,20221008
경상남도 양산시 상북면 석계리 242-4번지,48330,33021,0,0242,0004,1264100119580,,,,1,용도지역코드,UQA122,제2종일반주거지역,1,0,,제2종일반주거지역,20221008
경상남도 양산시 상북면 석계리 242-4번지,48330,33021,0,0242,0004,1264100119580,,,,3,용도구역코드,UMZ100,가축사육제한구역,1,0,,가축사육제한구역,20221008
경상남도 양산시 상북면 석계리 242-5번지,48330,33021,0,0242,0005,12647246,,,,1,용도지역코드,1022,제2종일반주거지역,1,0,,제2종일반주거지역,20221008
경상남도 양산시 상북면 석계리 242-11번지,48330,33021,0,0242,0011,1264100006065,,,,1,용도지역코드,1022,제2종일반주거지역,1,0,,제2종일반주거지역,20221008
경상남도 양산시 상북면 석계리 242-11번지,48330,33021,0,0242,0011,1264100007590,,,,1,용도지역코드,1022,제2종일반주거지역,1,0,,제2종일반주거지역,20221008
경상남도 양산시 상북면 석계리 242-13번지,48330,33021,0,0242,0013,1264100046329,,,,1,용도지역코드,UQA122,제2종일반주거지역,1,0,,제2종일반주거지역,20221008
경상남도 양산시 상북면 석계리 242-13번지,48330,33021,0,0242,0013,12643308,,,,1,용도지역코드,1020,일반주거지역,1,0,,일반주거지역,20221008
경상남도 양산시 상북면 석계리 242-14번지,48330,33021,0,0242,0014,12644587,,,,1,용도지역코드,1020,일반주거지역,0,0,,일반주거지역,20221008
경상남도 양산시 상북면 석계리 242-14번지,48330,33021,0,0242,0014,12644587,,,,1,용도지역코드,1022,제2종일반주거지역,1,0,,제2종일반주거지역,20221008
경상남도 양산시 상북면 석계리 242-14번지,48330,33021,0,0242,0014,12644392,,,,1,용도지역코드,1022,제2종일반주거지역,1,0,,제2종일반주거지역,20221008
경상남도 양산시 상북면 석계리 242-16번지,48330,33021,0,0242,0016,1000000000000000810747,,,,1,용도지역코드,UQA122,제2종일반주거지역,1,0,,제2종일반주거지역,20250923
경상남도 양산시 상북면 석계리 242-16번지,48330,33021,0,0242,0016,1264100039593,,,,1,용도지역코드,UQA122,제2종일반주거지역,1,0,,제2종일반주거지역,20221008
경상남도 양산시 상북면 석계리 242-16번지,48330,33021,0,0242,0016,1264100039593,,,,3,용도구역코드,UOA110,절대정화구역,1,0,,절대정화구역,20221008
경상남도 양산시 상북면 석계리 242-17번지,48330,33021,0,0242,0017,1264100145323,,,,1,용도지역코드,UQA122,제2종일반주거지역,1,0,,제2종일반주거지역,20221008
경상남도 양산시 상북면 석계리 242-17번지,48330,33021,0,0242,0017,1264100145323,,,,3,용도구역코드,UMZ100,가축사육제한구역,1,0,,가축사육제한구역,20221008
경상남도 양산시 상북면 석계리 243-1번지,48330,33021,0,0243,0001,12641569,,,,1,용도지역코드,1020,일반주거지역,1,0,,일반주거지역,20221008
경상남도 양산시 상북면 석계리 243-3번지,48330,33021,0,0243,0003,1264153,,,,1,용도지역코드,1020,일반주거지역,1,0,,일반주거지역,20221008
경상남도 양산시 상북면 석계리 243-8번지,48330,33021,0,0243,0008,12645540,,,,1,용도지역코드,1022,제2종일반주거지역,1,0,,제2종일반주거지역,20221008
경상남도 양산시 상북면 석계리 243-10번지,48330,33021,0,0243,0010,12641849,,,,1,용도지역코드,1020,일반주거지역,1,0,,일반주거지역,20221008
경상남도 양산시 상북면 석계리 243-12번지,48330,33021,0,0243,0012,1264100007365,,,,1,용도지역코드,1022,제2종일반주거지역,1,0,,제2종일반주거지역,20221008
경상남도 양산시 상북면 석계리 243-13번지,48330,33021,0,0243,0013,1264903,,,,1,용도지역코드,1020,일반주거지역,1,0,,일반주거지역,20221008
경상남도 양산시 상북면 석계리 243-13번지,48330,33021,0,0243,0013,1264100013793,,,,1,용도지역코드,1021,제1종일반주거지역,1,0,,제1종일반주거지역,20221008
경상남도 양산시 상북면 석계리 243-14번지,48330,33021,0,0243,0014,1264100026511,,,,1,용도지역코드,UQA122,제2종일반주거지역,1,0,,제2종일반주거지역,20221008
경상남도 양산시 상북면 석계리 243-16번지,48330,33021,0,0243,0016,1264100107836,,,,1,용도지역코드,UQA122,제2종일반주거지역,1,0,,제2종일반주거지역,20221008
경상남도 양산시 상북면 석계리 244-4번지,48330,33021,0,0244,0004,12643820,,,,1,용도지역코드,1020,일반주거지역,1,0,,일반주거지역,20221008
경상남도 양산시 상북면 석계리 244-8번지,48330,33021,0,0244,0008,12643818,,,,1,용도지역코드,1020,일반주거지역,1,0,,일반주거지역,20221008
경상남도 양산시 상북면 석계리 244-9번지,48330,33021,0,0244,0009,12643972,,,,1,용도지역코드,1020,일반주거지역,1,0,,일반주거지역,20221008
경상남도 양산시 상북면 석계리 244-10번지,48330,33021,0,0244,0010,12643973,,,,1,용도지역코드,1020,일반주거지역,1,0,,일반주거지역,20221008
경상남도 양산시 상북면 석계리 245-1번지,48330,33021,0,0245,0001,12643939,,,,1,용도지역코드,1020,일반주거지역,1,0,,일반주거지역,20221008
경상남도 양산시 상북면 석계리 245-3번지,48330,33021,0,0245,0003,1264100006666,,,,1,용도지역코드,1022,제2종일반주거지역,1,0,,제2종일반주거지역,20221008
경상남도 양산시 상북면 석계리 245-3번지,48330,33021,0,0245,0003,1264100102778,,,,1,용도지역코드,UQA122,제2종일반주거지역,1,0,,제2종일반주거지역,20221008
경상남도 양산시 상북면 석계리 245-3번지,48330,33021,0,0245,0003,1264100102778,,,,3,용도구역코드,UOA120,상대보호구역,1,0,,상대정화구역,20221008
경상남도 양산시 상북면 석계리 245-3번지,48330,33021,0,0245,0003,12643993,,,,1,용도지역코드,1020,일반주거지역,1,0,,일반주거지역,20221008
경상남도 양산시 상북면 석계리 245-8번지,48330,33021,0,0245,0008,12643997,,,,1,용도지역코드,1020,일반주거지역,1,0,,일반주거지역,20221008
경상남도 양산시 상북면 석계리 246-1번지,48330,33021,0,0246,0001,1264100022852,,,,1,용도지역코드,UQA122,제2종일반주거지역,1,0,,제2종일반주거지역,20221008
경상남도 양산시 상북면 석계리 246-2번지,48330,33021,0,0246,0002,1264100022786,,,,1,용도지역코드,UQA122,제2종일반주거지역,1,0,,제2종일반주거지역,20221008
경상남도 양산시 상북면 석계리 246-2번지,48330,33021,0,0246,0002,1264831,,,,1,용도지역코드,1020,일반주거지역,1,0,,일반주거지역,20221008
경상남도 양산시 상북면 석계리 246-2번지,48330,33021,0,0246,0002,1264100010272,,,,1,용도지역코드,1022,제2종일반주거지역,1,0,,제2종일반주거지역,20221008
경상남도 양산시 상북면 석계리 246-2번지,48330,33021,0,0246,0002,1264100012150,,,,1,용도지역코드,1022,제2종일반주거지역,1,0,,제2종일반주거지역,20221008
경상남도 양산시 상북면 석계리 246-3번지,48330,33021,0,0246,0003,12645208,,,,1,용도지역코드,0100,도시지역,1,0,,도시지역,20221008
경상남도 양산시 상북면 석계리 246-3번지,48330,33021,0,0246,0003,12645208,,,,1,용도지역코드,1022,제2종일반주거지역,0,0,,제2종일반주거지역,20221008
경상남도 양산시 상북면 석계리 246-4번지,48330,33021,0,0246,0004,12642352,,,,1,용도지역코드,1020,일반주거지역,1,0,,일반주거지역,20221008
경상남도 양산시 상북면 석계리 246-10번지,48330,33021,0,0246,0010,1264100058032,,,,1,용도지역코드,UQA122,제2종일반주거지역,1,0,,제2종일반주거지역,20221008
경상남도 양산시 상북면 석계리 246-10번지,48330,33021,0,0246,0010,1264100058032,,,,3,용도구역코드,UOA120,상대보호구역,1,0,,상대정화구역,20221008
경상남도 양산시 상북면 석계리 246-10번지,48330,33021,0,0246,0010,1264100058032,,,,3,용도구역코드,UOA110,절대정화구역,0,0,,절대정화구역,20221008
경상남도 양산시 상북면 석계리 250-9번지,48330,33021,0,0250,0009,1264100019462,,,,1,용도지역코드,1022,제2종일반주거지역,1,0,,제2종일반주거지역,20221008
경상남도 양산시 상북면 석계리 250-9번지,48330,33021,0,0250,0009,1264100019462,,,,3,용도구역코드,272,상대정화구역,1,0,,상대정화구역,20221008
경상남도 양산시 상북면 석계리 257번지,48330,33021,0,0257,0000,12644937,,,,1,용도지역코드,1120,일반상업지역,1,0,,일반상업지역,20221008
경상남도 양산시 상북면 석계리 258-5번지,48330,33021,0,0258,0005,1264100102138,,,,1,용도지역코드,UQA220,일반상업지역,1,0,,일반상업지역,20221008
경상남도 양산시 상북면 석계리 258-5번지,48330,33021,0,0258,0005,1264100102138,,,,3,용도구역코드,UOA120,상대보호구역,1,0,,상대보호구역,20221008
경상남도 양산시 상북면 석계리 259-3번지,48330,33021,0,0259,0003,12644386,,,,1,용도지역코드,1120,일반상업지역,1,0,,일반상업지역,20221008
경상남도 양산시 상북면 석계리 259-3번지,48330,33021,0,0259,0003,1264100107333,,,,1,용도지역코드,UQA220,일반상업지역,1,0,,일반상업지역,20221008
경상남도 양산시 상북면 석계리 259-4번지,48330,33021,0,0259,0004,1264268,,,,1,용도지역코드,1120,일반상업지역,1,0,,일반상업지역,20221008
경상남도 양산시 상북면 석계리 259-4번지,48330,33021,0,0259,0004,12644,,,,1,용도지역코드,1120,일반상업지역,1,0,,일반상업지역,20221008
경상남도 양산시 상북면 석계리 260-2번지,48330,33021,0,0260,0002,1264366,,,,1,용도지역코드,1020,일반주거지역,1,0,,일반주거지역,20221008
경상남도 양산시 상북면 석계리 261-6번지,48330,33021,0,0261,0006,1264463,경상남도 양산시 상북면 석계리,261,6,1,용도지역코드,1020,일반주거지역,1,0,,일반주거지역,20221008
경상남도 양산시 상북면 석계리 261-6번지,48330,33021,0,0261,0006,1264175,,,,1,용도지역코드,1020,일반주거지역,1,0,,일반주거지역,20221008
경상남도 양산시 상북면 석계리 267번지,48330,33021,0,0267,0000,12646212,,,,1,용도지역코드,1120,일반상업지역,1,0,,일반상업지역,20221008
경상남도 양산시 상북면 석계리 269-1번지,48330,33021,0,0269,0001,12645234,,,,1,용도지역코드,1120,일반상업지역,1,0,,일반상업지역,20221008
경상남도 양산시 상북면 석계리 269-6번지,48330,33021,0,0269,0006,12644701,,,,1,용도지역코드,1120,일반상업지역,1,0,,일반상업지역,20221008
경상남도 양산시 상북면 석계리 269-12번지,48330,33021,0,0269,0012,1264100031959,,,,1,용도지역코드,UQA220,일반상업지역,1,0,,일반상업지역,20221008
경상남도 양산시 상북면 석계리 269-12번지,48330,33021,0,0269,0012,1264100031959,,,,3,용도구역코드,UOA120,상대보호구역,1,0,,상대정화구역,20221008
경상남도 양산시 상북면 석계리 269-15번지,48330,33021,0,0269,0015,1264403,경상남도 양산시 상북면 석계리,269,15,1,용도지역코드,1120,일반상업지역,1,0,,일반상업지역,20221008
경상남도 양산시 상북면 석계리 272-9번지,48330,33021,0,0272,0009,1264100005465,,,,1,용도지역코드,1022,제2종일반주거지역,1,0,,제2종일반주거지역,20221008
경상남도 양산시 상북면 석계리 272-11번지,48330,33021,0,0272,0011,1264100149013,,,,1,용도지역코드,UQA130,준주거지역,1,0,,준주거지역,20221008
경상남도 양산시 상북면 석계리 272-18번지,48330,33021,0,0272,0018,1264100129825,,,,1,용도지역코드,UQA130,준주거지역,1,0,,준주거지역,20221008
경상남도 양산시 상북면 석계리 272-18번지,48330,33021,0,0272,0018,1264100078722,,,,1,용도지역코드,UQA130,준주거지역,1,0,,준주거지역,20221008
경상남도 양산시 상북면 석계리 272-18번지,48330,33021,0,0272,0018,1264100078542,,,,1,용도지역코드,UQA130,준주거지역,1,0,,준주거지역,20221008
경상남도 양산시 상북면 석계리 272-18번지,48330,33021,0,0272,0018,1264100086443,,,,1,용도지역코드,UQA130,준주거지역,1,0,,준주거지역,20221008
경상남도 양산시 상북면 석계리 272-18번지,48330,33021,0,0272,0018,1264100126441,,,,1,용도지역코드,UQA130,준주거지역,1,0,,준주거지역,20221008
경상남도 양산시 상북면 석계리 272-18번지,48330,33021,0,0272,0018,1264100126441,,,,3,용도구역코드,UMZ100,가축사육제한구역,1,0,,가축사육제한구역,20221008
경상남도 양산시 상북면 석계리 272-18번지,48330,33021,0,0272,0018,1264100132209,,,,1,용도지역코드,UQA130,준주거지역,1,0,,준주거지역,20221008
경상남도 양산시 상북면 석계리 272-18번지,48330,33021,0,0272,0018,1264338,,,,1,용도지역코드,1320,생산녹지지역,1,0,,생산녹지지역,20221008
경상남도 양산시 상북면 석계리 272-18번지,48330,33021,0,0272,0018,1264100080960,,,,1,용도지역코드,UQA130,준주거지역,1,0,,준주거지역,20221008
경상남도 양산시 상북면 석계리 272-18번지,48330,33021,0,0272,0018,1264100004665,,,,1,용도지역코드,1022,제2종일반주거지역,1,0,,제2종일반주거지역,20221008
경상남도 양산시 상북면 석계리 272-19번지,48330,33021,0,0272,0019,1000000000000000983147,,,,1,용도지역코드,UQA130,준주거지역,1,0,,준주거지역,20260625
경상남도 양산시 상북면 석계리 272-19번지,48330,33021,0,0272,0019,1264100007786,,,,1,용도지역코드,1022,제2종일반주거지역,1,0,,제2종일반주거지역,20221008
경상남도 양산시 상북면 석계리 272-19번지,48330,33021,0,0272,0019,1264100007786,,,,3,용도구역코드,301,제1종지구단위계획구역,1,0,,제1종지구단위계획구역,20221008
경상남도 양산시 상북면 석계리 272-20번지,48330,33021,0,0272,0020,1264100015077,,,,1,용도지역코드,1022,제2종일반주거지역,1,0,,제2종일반주거지역,20221008
경상남도 양산시 상북면 석계리 272-20번지,48330,33021,0,0272,0020,1264100015077,,,,3,용도구역코드,301,제1종지구단위계획구역,1,0,,제1종지구단위계획구역,20221008
경상남도 양산시 상북면 석계리 272-20번지,48330,33021,0,0272,0020,1000000000000000601340,,,,1,용도지역코드,UQA130,준주거지역,1,0,,준주거지역,20251104
경상남도 양산시 상북면 석계리 272-20번지,48330,33021,0,0272,0020,1000000000000000698695,,,,1,용도지역코드,UQA130,준주거지역,1,0,,준주거지역,20250408
경상남도 양산시 상북면 석계리 272-20번지,48330,33021,0,0272,0020,1000000000000000698695,,,,3,용도구역코드,UMZ100,가축사육제한구역,1,0,,가축사육제한구역,20250408
경상남도 양산시 상북면 석계리 272-25번지,48330,33021,0,0272,0025,1264100055088,,,,1,용도지역코드,UQA122,제2종일반주거지역,1,0,,제2종일반주거지역,20221008
경상남도 양산시 상북면 석계리 272-28번지,48330,33021,0,0272,0028,1264100144784,,,,1,용도지역코드,UQA430,자연녹지지역,1,0,,자연녹지지역,20221008
경상남도 양산시 상북면 석계리 272-28번지,48330,33021,0,0272,0028,1264100144784,,,,1,용도지역코드,UQA122,제2종일반주거지역,0,0,,제2종일반주거지역,20221008
경상남도 양산시 상북면 석계리 272-60번지,48330,33021,0,0272,0060,1264100155630,,,,1,용도지역코드,UQA130,준주거지역,1,0,,준주거지역,20221008
경상남도 양산시 상북면 석계리 272-60번지,48330,33021,0,0272,0060,1264100120222,,,,1,용도지역코드,UQA130,준주거지역,1,0,,준주거지역,20221008
경상남도 양산시 상북면 석계리 272-60번지,48330,33021,0,0272,0060,1264100150170,,,,1,용도지역코드,UQA130,준주거지역,1,0,,준주거지역,20221008
경상남도 양산시 상북면 석계리 272-69번지,48330,33021,0,0272,0069,1000000000000000569102,,,,1,용도지역코드,UQA130,준주거지역,1,0,,준주거지역,20250227
경상남도 양산시 상북면 석계리 272-69번지,48330,33021,0,0272,0069,1000000000000000569102,,,,1,용도지역코드,UQA430,자연녹지지역,0,0,,자연녹지지역,20250227
경상남도 양산시 상북면 석계리 272-97번지,48330,33021,0,0272,0097,1000000000000000272900,,,,1,용도지역코드,UQA130,준주거지역,1,0,,준주거지역,20231129
경상남도 양산시 상북면 석계리 272-97번지,48330,33021,0,0272,0097,1000000000000000272900,,,,3,용도구역코드,UMZ100,가축사육제한구역,1,0,,가축사육제한구역,20231129
경상남도 양산시 상북면 석계리 272-97번지,48330,33021,0,0272,0097,1264100124559,,,,1,용도지역코드,UQA130,준주거지역,1,0,,준주거지역,20221008
경상남도 양산시 상북면 석계리 272-97번지,48330,33021,0,0272,0097,1264100124559,,,,3,용도구역코드,UMZ100,가축사육제한구역,1,0,,가축사육제한구역,20221008
경상남도 양산시 상북면 석계리 272-119번지,48330,33021,0,0272,0119,1000000000000000852821,,,,1,용도지역코드,UQA130,준주거지역,1,0,,준주거지역,20251231
경상남도 양산시 상북면 석계리 272-119번지,48330,33021,0,0272,0119,12644359,,,,1,용도지역코드,1022,제2종일반주거지역,1,0,,제2종일반주거지역,20221008
경상남도 양산시 상북면 석계리 272-123번지,48330,33021,0,0272,0123,1264100004986,,,,1,용도지역코드,1022,제2종일반주거지역,1,0,,제2종일반주거지역,20221008
경상남도 양산시 상북면 석계리 272-123번지,48330,33021,0,0272,0123,1264100004986,,,,3,용도구역코드,301,제1종지구단위계획구역,1,0,,제1종지구단위계획구역,20221008
경상남도 양산시 상북면 석계리 275-6번지,48330,33021,0,0275,0006,12644362,,,,1,용도지역코드,1022,제2종일반주거지역,1,0,,제2종일반주거지역,20221008
경상남도 양산시 상북면 석계리 275-15번지,48330,33021,0,0275,0015,12644356,,,,1,용도지역코드,1022,제2종일반주거지역,1,0,,제2종일반주거지역,20221008
경상남도 양산시 상북면 석계리 276-1번지,48330,33021,0,0276,0001,1000000000000000510903,,,,3,용도구역코드,UMZ100,가축사육제한구역,1,0,,가축사육제한구역,20240507
경상남도 양산시 상북면 석계리 276-1번지,48330,33021,0,0276,0001,1000000000000000510903,,,,3,용도구역코드,UJC100,소하천구역,0,0,,소하천구역,20240507
경상남도 양산시 상북면 석계리 276-1번지,48330,33021,0,0276,0001,1000000000000000510903,,,,1,용도지역코드,UQA122,제2종일반주거지역,1,0,,제2종일반주거지역,20240507
경상남도 양산시 상북면 석계리 284번지,48330,33021,0,0284,0000,1000000000000000230392,,,,1,용도지역코드,UQA122,제2종일반주거지역,1,0,,제2종일반주거지역,20230215
경상남도 양산시 상북면 석계리 285-5번지,48330,33021,0,0285,0005,12648248,,,,1,용도지역코드,1022,제2종일반주거지역,1,0,,제2종일반주거지역,20221008
경상남도 양산시 상북면 석계리 285-5번지,48330,33021,0,0285,0005,12648248,,,,3,용도구역코드,010,도시계획구역,1,0,,도시계획구역,20221008
경상남도 양산시 상북면 석계리 285-5번지,48330,33021,0,0285,0005,12647399,,,,1,용도지역코드,1022,제2종일반주거지역,1,0,,제2종일반주거지역,20221008
경상남도 양산시 상북면 석계리 285-5번지,48330,33021,0,0285,0005,12647399,,,,3,용도구역코드,010,도시계획구역,1,0,,도시계획구역,20221008
경상남도 양산시 상북면 석계리 288-7번지,48330,33021,0,0288,0007,1000000000000000967120,,,,1,용도지역코드,UQA122,제2종일반주거지역,1,0,,제2종일반주거지역,20260827
경상남도 양산시 상북면 석계리 297-5번지,48330,33021,0,0297,0005,1264100041122,,,,1,용도지역코드,UQA122,제2종일반주거지역,1,0,,제2종일반주거지역,20221008
경상남도 양산시 상북면 석계리 299-6번지,48330,33021,0,0299,0006,1264100154830,,,,1,용도지역코드,UQA122,제2종일반주거지역,1,0,,제2종일반주거지역,20221008
경상남도 양산시 상북면 석계리 299-6번지,48330,33021,0,0299,0006,1264100026729,,,,1,용도지역코드,UQA122,제2종일반주거지역,1,0,,제2종일반주거지역,20221008
경상남도 양산시 상북면 석계리 300-1번지,48330,33021,0,0300,0001,1264100142524,,,,3,용도구역코드,UOA120,상대보호구역,0,0,,상대보호구역,20250806
경상남도 양산시 상북면 석계리 300-1번지,48330,33021,0,0300,0001,1264100142524,,,,1,용도지역코드,UQA220,일반상업지역,1,0,,일반상업지역,20250806
경상남도 양산시 상북면 석계리 300-1번지,48330,33021,0,0300,0001,1264100142524,,,,3,용도구역코드,UMZ100,가축사육제한구역,1,0,,가축사육제한구역,20250806
경상남도 양산시 상북면 석계리 300-1번지,48330,33021,0,0300,0001,12646364,,,,1,용도지역코드,1120,일반상업지역,1,0,,일반상업지역,20221008
경상남도 양산시 상북면 석계리 300-3번지,48330,33021,0,0300,0003,1000000000000000779234,,,,1,용도지역코드,UQA220,일반상업지역,1,0,,일반상업지역,20250918
경상남도 양산시 상북면 석계리 300-3번지,48330,33021,0,0300,0003,1000000000000000779234,,,,3,용도구역코드,UOA120,상대보호구역,1,0,,상대보호구역,20250918
경상남도 양산시 상북면 석계리 300-5번지,48330,33021,0,0300,0005,12647315,,,,1,용도지역코드,1120,일반상업지역,1,0,,일반상업지역,20221008
경상남도 양산시 상북면 석계리 300-6번지,48330,33021,0,0300,0006,1264100016317,,,,1,용도지역코드,1120,일반상업지역,1,0,,일반상업지역,20221008
경상남도 양산시 상북면 석계리 300-7번지,48330,33021,0,0300,0007,1000000000000000285363,,,,1,용도지역코드,UQA122,제2종일반주거지역,1,0,,제2종일반주거지역,20230502
경상남도 양산시 상북면 석계리 300-9번지,48330,33021,0,0300,0009,1264100107936,,,,1,용도지역코드,UQA122,제2종일반주거지역,1,0,,제2종일반주거지역,20221008
경상남도 양산시 상북면 석계리 300-33번지,48330,33021,0,0300,0033,1264100029797,,,,1,용도지역코드,UQA122,제2종일반주거지역,1,0,,제2종일반주거지역,20221008
경상남도 양산시 상북면 석계리 300-35번지,48330,33021,0,0300,0035,1264100036298,,,,1,용도지역코드,UQA122,제2종일반주거지역,1,0,,제2종일반주거지역,20221008
경상남도 양산시 상북면 석계리 300-35번지,48330,33021,0,0300,0035,1264100033285,,,,1,용도지역코드,UQA122,제2종일반주거지역,1,0,,제2종일반주거지역,20221008
경상남도 양산시 상북면 석계리 302-9번지,48330,33021,0,0302,0009,1264100021000,,,,1,용도지역코드,UQA122,제2종일반주거지역,1,0,,제2종일반주거지역,20221008
경상남도 양산시 상북면 석계리 302-17번지,48330,33021,0,0302,0017,1264100040322,,,,1,용도지역코드,UQA122,제2종일반주거지역,1,0,,제2종일반주거지역,20221008
경상남도 양산시 상북면 석계리 302-17번지,48330,33021,0,0302,0017,1264100033243,,,,1,용도지역코드,UQA122,제2종일반주거지역,1,0,,제2종일반주거지역,20221008
경상남도 양산시 상북면 석계리 305-1번지,48330,33021,0,0305,0001,1264100048906,,,,1,용도지역코드,UQA220,일반상업지역,1,0,,일반상업지역,20221008
경상남도 양산시 상북면 석계리 305-1번지,48330,33021,0,0305,0001,1264100038014,,,,1,용도지역코드,UQA220,일반상업지역,1,0,,일반상업지역,20221008
경상남도 양산시 상북면 석계리 307-15번지,48330,33021,0,0307,0015,12643309,,,,1,용도지역코드,1020,일반주거지역,1,0,,일반주거지역,20221008
경상남도 양산시 상북면 석계리 307-17번지,48330,33021,0,0307,0017,1264100090942,,,,1,용도지역코드,UQA121,제1종일반주거지역,1,0,,제1종일반주거지역,20221008
경상남도 양산시 상북면 석계리 307-17번지,48330,33021,0,0307,0017,1264100007487,,,,1,용도지역코드,1021,제1종일반주거지역,1,0,,제1종일반주거지역,20221008
경상남도 양산시 상북면 석계리 307-19번지,48330,33021,0,0307,0019,1264100100497,,,,1,용도지역코드,UQA121,제1종일반주거지역,1,0,,제1종일반주거지역,20221008
경상남도 양산시 상북면 석계리 307-58번지,48330,33021,0,0307,0058,1264100079099,,,,1,용도지역코드,UQA121,제1종일반주거지역,1,0,,제1종일반주거지역,20221008
경상남도 양산시 상북면 석계리 307-65번지,48330,33021,0,0307,0065,1264100147873,,,,1,용도지역코드,UQA430,자연녹지지역,1,0,,자연녹지지역,20221008
경상남도 양산시 상북면 석계리 307-72번지,48330,33021,0,0307,0072,12646865,,,,1,용도지역코드,1022,제2종일반주거지역,1,0,,제2종일반주거지역,20221008
경상남도 양산시 상북면 석계리 307-72번지,48330,33021,0,0307,0072,12644381,,,,1,용도지역코드,1022,제2종일반주거지역,1,0,,제2종일반주거지역,20221008
경상남도 양산시 상북면 석계리 307-74번지,48330,33021,0,0307,0074,1264439,,,,1,용도지역코드,1320,생산녹지지역,1,0,,생산녹지지역,20221008
경상남도 양산시 상북면 석계리 307-205번지,48330,33021,0,0307,0205,1264100021303,,,,1,용도지역코드,1022,제2종일반주거지역,1,0,,제2종일반주거지역,20221008
경상남도 양산시 상북면 석계리 307-207번지,48330,33021,0,0307,0207,1264100062119,,,,1,용도지역코드,UQA220,일반상업지역,1,0,,일반상업지역,20221008
경상남도 양산시 상북면 석계리 307-224번지,48330,33021,0,0307,0224,1000000000000000837597,,,,3,용도구역코드,UMZ100,가축사육제한구역,1,0,,가축사육제한구역,20260309
경상남도 양산시 상북면 석계리 307-224번지,48330,33021,0,0307,0224,1000000000000000837597,,,,1,용도지역코드,UQA430,자연녹지지역,1,0,,자연녹지지역,20260309
경상남도 양산시 상북면 석계리 307-224번지,48330,33021,0,0307,0224,1000000000000000823991,,,,1,용도지역코드,UQA430,자연녹지지역,1,0,,자연녹지지역,20251020
경상남도 양산시 상북면 석계리 307-224번지,48330,33021,0,0307,0224,1000000000000000330718,,,,1,용도지역코드,UQA430,자연녹지지역,1,0,,자연녹지지역,20230705
경상남도 양산시 상북면 석계리 308-1번지,48330,33021,0,0308,0001,1264100156430,,,,1,용도지역코드,UQA430,자연녹지지역,1,0,,자연녹지지역,20221008
경상남도 양산시 상북면 석계리 308-1번지,48330,33021,0,0308,0001,1264100156430,,,,3,용도구역코드,UJC100,소하천구역,1,0,,소하천구역,20221008
경상남도 양산시 상북면 석계리 311-9번지,48330,33021,0,0311,0009,1264100150770,,,,1,용도지역코드,UQA430,자연녹지지역,1,0,,자연녹지지역,20221008
경상남도 양산시 상북면 석계리 316-3번지,48330,33021,0,0316,0003,1264100110597,,,,3,용도구역코드,UMZ100,가축사육제한구역,1,0,,가축사육제한구역,20221008
경상남도 양산시 상북면 석계리 316-3번지,48330,33021,0,0316,0003,1264100110597,,,,1,용도지역코드,UQA121,제1종일반주거지역,1,0,,제1종일반주거지역,20221008
경상남도 양산시 상북면 석계리 316-4번지,48330,33021,0,0316,0004,1264100008894,,,,1,용도지역코드,1021,제1종일반주거지역,1,0,,제1종일반주거지역,20221008
경상남도 양산시 상북면 석계리 316-9번지,48330,33021,0,0316,0009,1264100133663,,,,1,용도지역코드,UQA121,제1종일반주거지역,1,0,,제1종일반주거지역,20221008
경상남도 양산시 상북면 석계리 316-9번지,48330,33021,0,0316,0009,1264100133663,,,,3,용도구역코드,UMZ100,가축사육제한구역,1,0,,가축사육제한구역,20221008
경상남도 양산시 상북면 석계리 316-9번지,48330,33021,0,0316,0009,1264100110596,,,,1,용도지역코드,UQA121,제1종일반주거지역,1,0,,제1종일반주거지역,20221008
경상남도 양산시 상북면 석계리 316-9번지,48330,33021,0,0316,0009,1264100110596,,,,3,용도구역코드,UMZ100,가축사육제한구역,1,0,,가축사육제한구역,20221008
경상남도 양산시 상북면 석계리 318-14번지,48330,33021,0,0318,0014,126450,,,,1,용도지역코드,1330,자연녹지지역,1,0,,자연녹지지역,20221008
경상남도 양산시 상북면 석계리 322-38번지,48330,33021,0,0322,0038,1264100058231,,,,1,용도지역코드,UQA121,제1종일반주거지역,1,0,,제1종일반주거지역,20221008
경상남도 양산시 상북면 석계리 322-39번지,48330,33021,0,0322,0039,12645468,,,,1,용도지역코드,1012,제2종전용주거지역,0,0,,제2종 전용주거지역,20221008
경상남도 양산시 상북면 석계리 322-39번지,48330,33021,0,0322,0039,12645468,,,,1,용도지역코드,1022,제2종일반주거지역,1,0,,제2종일반주거지역,20221008
경상남도 양산시 상북면 석계리 322-88번지,48330,33021,0,0322,0088,1264100049905,,,,1,용도지역코드,UQA121,제1종일반주거지역,1,0,,제1종일반주거지역,20221008
경상남도 양산시 상북면 석계리 322-88번지,48330,33021,0,0322,0088,12645442,,,,1,용도지역코드,1022,제2종일반주거지역,1,0,,제2종일반주거지역,20221008
경상남도 양산시 상북면 석계리 322-104번지,48330,33021,0,0322,0104,1264100070084,,,,1,용도지역코드,UQA121,제1종일반주거지역,1,0,,제1종일반주거지역,20221008
경상남도 양산시 상북면 석계리 322-114번지,48330,33021,0,0322,0114,1264100093103,,,,1,용도지역코드,UQA121,제1종일반주거지역,1,0,,제1종일반주거지역,20221008
경상남도 양산시 상북면 석계리 322-140번지,48330,33021,0,0322,0140,1264100137884,,,,1,용도지역코드,UQA121,제1종일반주거지역,1,0,,제1종일반주거지역,20221008
경상남도 양산시 상북면 석계리 322-140번지,48330,33021,0,0322,0140,1264100138583,,,,1,용도지역코드,UQA121,제1종일반주거지역,1,0,,제1종일반주거지역,20221008
경상남도 양산시 상북면 석계리 322-140번지,48330,33021,0,0322,0140,1264100156410,,,,1,용도지역코드,UQA121,제1종일반주거지역,1,0,,제1종일반주거지역,20221008
경상남도 양산시 상북면 석계리 322-152번지,48330,33021,0,0322,0152,1264100069699,,,,1,용도지역코드,UQA121,제1종일반주거지역,1,0,,제1종일반주거지역,20221008
경상남도 양산시 상북면 석계리 322-173번지,48330,33021,0,0322,0173,1264100153910,,,,3,용도구역코드,UMZ100,가축사육제한구역,1,0,,가축사육제한구역,20221107
경상남도 양산시 상북면 석계리 322-173번지,48330,33021,0,0322,0173,1264100153910,,,,1,용도지역코드,UQA121,제1종일반주거지역,1,0,,제1종일반주거지역,20221107
경상남도 양산시 상북면 석계리 323-1번지,48330,33021,0,0323,0001,1264100005205,,,,1,용도지역코드,1021,제1종일반주거지역,1,0,,제1종일반주거지역,20221008
경상남도 양산시 상북면 석계리 349-7번지,48330,33021,0,0349,0007,12646734,,,,1,용도지역코드,1330,자연녹지지역,1,0,,자연녹지지역,20221008
경상남도 양산시 상북면 석계리 379번지,48330,33021,0,0379,0000,1264100146885,,,,1,용도지역코드,UQA430,자연녹지지역,1,0,,자연녹지지역,20221008
경상남도 양산시 상북면 석계리 379번지,48330,33021,0,0379,0000,1264100146885,,,,3,용도구역코드,UJC100,소하천구역,1,0,,소하천구역,20221008
경상남도 양산시 상북면 석계리 387번지,48330,33021,0,0387,0000,1264100041543,,,,1,용도지역코드,UQA430,자연녹지지역,1,0,,자연녹지지역,20221008
경상남도 양산시 상북면 석계리 387-1번지,48330,33021,0,0387,0001,1264100130267,,,,1,용도지역코드,UQA430,자연녹지지역,1,0,,자연녹지지역,20221008
경상남도 양산시 상북면 석계리 387-1번지,48330,33021,0,0387,0001,1264100130267,,,,3,용도구역코드,UMZ100,가축사육제한구역,1,0,,가축사육제한구역,20221008
경상남도 양산시 상북면 석계리 389번지,48330,33021,0,0389,0000,1000000000000000686022,,,,1,용도지역코드,UQA430,자연녹지지역,1,0,,자연녹지지역,20260701
경상남도 양산시 상북면 석계리 389번지,48330,33021,0,0389,0000,1000000000000000686023,,,,1,용도지역코드,UQA430,자연녹지지역,1,0,,자연녹지지역,20250321
경상남도 양산시 상북면 석계리 392-3번지,48330,33021,0,0392,0003,1000000000000000700890,,,,1,용도지역코드,UQA430,자연녹지지역,1,0,,자연녹지지역,20250410
경상남도 양산시 상북면 석계리 392-3번지,48330,33021,0,0392,0003,1000000000000000700890,,,,3,용도구역코드,UMZ100,가축사육제한구역,1,0,,가축사육제한구역,20250410
경상남도 양산시 상북면 석계리 399번지,48330,33021,0,0399,0000,12648522,,,,1,용도지역코드,1330,자연녹지지역,1,0,,자연녹지지역,20221008
경상남도 양산시 상북면 석계리 406-4번지,48330,33021,0,0406,0004,12646405,,,,1,용도지역코드,1021,제1종일반주거지역,1,0,,제1종일반주거지역,20221008
경상남도 양산시 상북면 석계리 406-4번지,48330,33021,0,0406,0004,12646405,,,,1,용도지역코드,1330,자연녹지지역,0,0,,자연녹지지역,20221008
경상남도 양산시 상북면 석계리 406-4번지,48330,33021,0,0406,0004,1264100026490,,,,1,용도지역코드,UQA121,제1종일반주거지역,1,0,,제1종일반주거지역,20221008
경상남도 양산시 상북면 석계리 424-7번지,48330,33021,0,0424,0007,1000000000000000455454,,,,1,용도지역코드,UQA121,제1종일반주거지역,1,0,,제1종일반주거지역,20240205
경상남도 양산시 상북면 석계리 444-1번지,48330,33021,0,0444,0001,1264100136683,,,,1,용도지역코드,UQA121,제1종일반주거지역,1,0,,제1종일반주거지역,20221008
경상남도 양산시 상북면 석계리 444-3번지,48330,33021,0,0444,0003,1264100117236,,,,1,용도지역코드,UQA121,제1종일반주거지역,1,0,,제1종일반주거지역,20221008
경상남도 양산시 상북면 석계리 444-3번지,48330,33021,0,0444,0003,1264100117236,,,,3,용도구역코드,UMZ100,가축사육제한구역,1,0,,가축사육제한구역,20221008
경상남도 양산시 상북면 석계리 444-3번지,48330,33021,0,0444,0003,12645474,,,,1,용도지역코드,1022,제2종일반주거지역,1,0,,제2종일반주거지역,20221008
경상남도 양산시 상북면 석계리 444-22번지,48330,33021,0,0444,0022,1264100138904,,,,1,용도지역코드,UQA121,제1종일반주거지역,1,0,,제1종일반주거지역,20221008
경상남도 양산시 상북면 석계리 444-23번지,48330,33021,0,0444,0023,1264100061218,,,,1,용도지역코드,UQA121,제1종일반주거지역,1,0,,제1종일반주거지역,20221008
경상남도 양산시 상북면 석계리 444-28번지,48330,33021,0,0444,0028,1000000000000000312101,,,,3,용도구역코드,UMZ100,가축사육제한구역,1,0,,가축사육제한구역,20230705
경상남도 양산시 상북면 석계리 444-28번지,48330,33021,0,0444,0028,1000000000000000312101,,,,1,용도지역코드,UQA121,제1종일반주거지역,1,0,,제1종일반주거지역,20230705
경상남도 양산시 상북면 석계리 447-2번지,48330,33021,0,0447,0002,1264486,,,,1,용도지역코드,1330,자연녹지지역,1,0,,자연녹지지역,20221008
경상남도 양산시 상북면 석계리 449-2번지,48330,33021,0,0449,0002,1264100098695,,,,1,용도지역코드,UQA121,제1종일반주거지역,1,0,,제1종일반주거지역,20221008
경상남도 양산시 상북면 석계리 451-3번지,48330,33021,0,0451,0003,1264460,,,,1,용도지역코드,1330,자연녹지지역,1,0,,자연녹지지역,20221008
경상남도 양산시 상북면 석계리 453번지,48330,33021,0,0453,0000,12645462,,,,1,용도지역코드,1022,제2종일반주거지역,1,0,,제2종일반주거지역,20221008
경상남도 양산시 상북면 석계리 462-12번지,48330,33021,0,0462,0012,12645455,,,,1,용도지역코드,1022,제2종일반주거지역,1,0,,제2종일반주거지역,20221008
경상남도 양산시 상북면 석계리 468번지,48330,33021,0,0468,0000,1264100088323,,,,1,용도지역코드,UQA122,제2종일반주거지역,1,0,,제2종일반주거지역,20221008
경상남도 양산시 상북면 석계리 468번지,48330,33021,0,0468,0000,1264100034376,,,,1,용도지역코드,UQA122,제2종일반주거지역,1,0,,제2종일반주거지역,20221008
경상남도 양산시 상북면 석계리 468-3번지,48330,33021,0,0468,0003,1264100034377,,,,1,용도지역코드,UQA122,제2종일반주거지역,1,0,,제2종일반주거지역,20221008
경상남도 양산시 상북면 석계리 469-11번지,48330,33021,0,0469,0011,1000000000000000631869,,,,1,용도지역코드,UQA122,제2종일반주거지역,1,0,,제2종일반주거지역,20260212
경상남도 양산시 상북면 석계리 469-11번지,48330,33021,0,0469,0011,1000000000000000643663,,,,3,용도구역코드,UMZ100,가축사육제한구역,1,0,,가축사육제한구역,20241227
경상남도 양산시 상북면 석계리 469-11번지,48330,33021,0,0469,0011,1000000000000000643663,,,,1,용도지역코드,UQA122,제2종일반주거지역,1,0,,제2종일반주거지역,20241227
경상남도 양산시 상북면 석계리 469-21번지,48330,33021,0,0469,0021,12646746,,,,1,용도지역코드,1022,제2종일반주거지역,1,0,,제2종일반주거지역,20221008
경상남도 양산시 상북면 석계리 474-55번지,48330,33021,0,0474,0055,1264100135924,,,,1,용도지역코드,UQA122,제2종일반주거지역,1,0,,제2종일반주거지역,20221008
경상남도 양산시 상북면 석계리 474-55번지,48330,33021,0,0474,0055,1264100003864,,,,1,용도지역코드,1022,제2종일반주거지역,1,0,,제2종일반주거지역,20221008
경상남도 양산시 상북면 석계리 474-55번지,48330,33021,0,0474,0055,12648882,,,,1,용도지역코드,1022,제2종일반주거지역,1,0,,제2종일반주거지역,20221008
경상남도 양산시 상북면 석계리 475-8번지,48330,33021,0,0475,0008,12646863,,,,1,용도지역코드,1021,제1종일반주거지역,1,0,,제1종일반주거지역,20221008
경상남도 양산시 상북면 석계리 475-8번지,48330,33021,0,0475,0008,12646706,,,,1,용도지역코드,1021,제1종일반주거지역,1,0,,제1종일반주거지역,20221008
경상남도 양산시 상북면 석계리 475-19번지,48330,33021,0,0475,0019,1264100051317,,,,1,용도지역코드,UQA121,제1종일반주거지역,1,0,,제1종일반주거지역,20221008
경상남도 양산시 상북면 석계리 475-19번지,48330,33021,0,0475,0019,1264100057551,,,,1,용도지역코드,UQA121,제1종일반주거지역,1,0,,제1종일반주거지역,20221008
경상남도 양산시 상북면 석계리 475-21번지,48330,33021,0,0475,0021,12642648,,,,1,용도지역코드,1330,자연녹지지역,1,0,,자연녹지지역,20221008
경상남도 양산시 상북면 석계리 475-80번지,48330,33021,0,0475,0080,12642676,,,,1,용도지역코드,1330,자연녹지지역,1,0,,자연녹지지역,20221008
경상남도 양산시 상북면 석계리 477-3번지,48330,33021,0,0477,0003,1264100101473,,,,1,용도지역코드,UQA122,제2종일반주거지역,1,0,,제2종일반주거지역,20221008
경상남도 양산시 상북면 석계리 477-22번지,48330,33021,0,0477,0022,1264100085350,,,,1,용도지역코드,UQA122,제2종일반주거지역,1,0,,제2종일반주거지역,20221008
경상남도 양산시 상북면 석계리 477-25번지,48330,33021,0,0477,0025,12642434,469-22,,,1,용도지역코드,1020,일반주거지역,1,0,,일반주거지역,20221008
경상남도 양산시 상북면 석계리 477-25번지,48330,33021,0,0477,0025,12642429,4669-22,,,1,용도지역코드,1020,일반주거지역,1,0,,일반주거지역,20221008
경상남도 양산시 상북면 석계리 477-48번지,48330,33021,0,0477,0048,1000000000000000249585,,,,1,용도지역코드,UQA122,제2종일반주거지역,1,0,,제2종일반주거지역,20230315
경상남도 양산시 상북면 석계리 477-48번지,48330,33021,0,0477,0048,1000000000000000249585,,,,3,용도구역코드,UMZ100,가축사육제한구역,1,0,,가축사육제한구역,20230315
경상남도 양산시 상북면 석계리 477-48번지,48330,33021,0,0477,0048,1264100157190,,,,1,용도지역코드,UQA122,제2종일반주거지역,1,0,,제2종일반주거지역,20221008
경상남도 양산시 상북면 석계리 477-48번지,48330,33021,0,0477,0048,1264100157190,,,,3,용도구역코드,UMZ100,가축사육제한구역,1,0,,가축사육제한구역,20221008
경상남도 양산시 상북면 석계리 481-1번지,48330,33021,0,0481,0001,1000000000000000274365,,,,1,용도지역코드,UQA430,자연녹지지역,1,0,,자연녹지지역,20230417
경상남도 양산시 상북면 석계리 482-5번지,48330,33021,0,0482,0005,1000000000000000962357,,,,1,용도지역코드,UQA430,자연녹지지역,1,0,,자연녹지지역,20260604
경상남도 양산시 상북면 석계리 486-11번지,48330,33021,0,0486,0011,1000000000000000515147,,,,1,용도지역코드,UQA430,자연녹지지역,1,0,,자연녹지지역,20240513
경상남도 양산시 상북면 석계리 487번지,48330,33021,0,0487,0000,1264100155474,,,,1,용도지역코드,UQA430,자연녹지지역,1,0,,자연녹지지역,20260414
경상남도 양산시 상북면 석계리 487번지,48330,33021,0,0487,0000,12645058,,,,1,용도지역코드,1320,생산녹지지역,1,0,,생산녹지지역,20221008
경상남도 양산시 상북면 석계리 487번지,48330,33021,0,0487,0000,1264100145084,,,,1,용도지역코드,UQA430,자연녹지지역,1,0,,자연녹지지역,20221008
경상남도 양산시 상북면 석계리 487번지,48330,33021,0,0487,0000,12643618,,,,1,용도지역코드,1320,생산녹지지역,1,0,,생산녹지지역,20221008
경상남도 양산시 상북면 석계리 488-10번지,48330,33021,0,0488,0010,1264100049528,,,,1,용도지역코드,UQA420,생산녹지지역,1,0,,생산녹지지역,20221008
경상남도 양산시 상북면 석계리 488-10번지,48330,33021,0,0488,0010,1264100049528,,,,3,용도구역코드,UEA110,농업진흥구역,1,0,,농업진흥구역,20221008
경상남도 양산시 상북면 석계리 489번지,48330,33021,0,0489,0000,1264100021362,,,,1,용도지역코드,1320,생산녹지지역,1,0,,생산녹지지역,20221008
경상남도 양산시 상북면 석계리 489번지,48330,33021,0,0489,0000,1264100021362,,,,3,용도구역코드,170,농업진흥구역,1,0,,농업진흥구역,20221008
경상남도 양산시 상북면 석계리 502-2번지,48330,33021,0,0502,0002,1264100131623,,,,1,용도지역코드,UQA122,제2종일반주거지역,1,0,,제2종일반주거지역,20221008
경상남도 양산시 상북면 석계리 502-2번지,48330,33021,0,0502,0002,1264100131623,,,,3,용도구역코드,UMZ100,가축사육제한구역,1,0,,가축사육제한구역,20221008
경상남도 양산시 상북면 석계리 503-6번지,48330,33021,0,0503,0006,1264100149970,,,,1,용도지역코드,UQA122,제2종일반주거지역,1,0,,제2종일반주거지역,20221008
경상남도 양산시 상북면 석계리 503-6번지,48330,33021,0,0503,0006,1264100149970,,,,3,용도구역코드,UMZ100,가축사육제한구역,1,0,,가축사육제한구역,20221008
경상남도 양산시 상북면 석계리 522-3번지,48330,33021,0,0522,0003,1264100055049,,,,1,용도지역코드,UQA122,제2종일반주거지역,1,0,,제2종일반주거지역,20221008
경상남도 양산시 상북면 석계리 529-1번지,48330,33021,0,0529,0001,1264100006948,,,,1,용도지역코드,1022,제2종일반주거지역,1,0,,제2종일반주거지역,20221008
경상남도 양산시 상북면 석계리 529-2번지,48330,33021,0,0529,0002,1264100006807,,,,1,용도지역코드,1022,제2종일반주거지역,1,0,,제2종일반주거지역,20221008
경상남도 양산시 상북면 석계리 529-2번지,48330,33021,0,0529,0002,1264100006807,,,,1,용도지역코드,1330,자연녹지지역,0,0,,자연녹지지역,20221008
경상남도 양산시 상북면 석계리 529-3번지,48330,33021,0,0529,0003,1264100148019,,,,1,용도지역코드,UQA122,제2종일반주거지역,1,0,,제2종일반주거지역,20221008
경상남도 양산시 상북면 석계리 529-3번지,48330,33021,0,0529,0003,1264100148019,,,,3,용도구역코드,UOA120,상대보호구역,1,0,,상대보호구역,20221008
경상남도 양산시 상북면 석계리 529-4번지,48330,33021,0,0529,0004,1264100148020,,,,1,용도지역코드,UQA122,제2종일반주거지역,1,0,,제2종일반주거지역,20221008
경상남도 양산시 상북면 석계리 529-4번지,48330,33021,0,0529,0004,1264100148020,,,,3,용도구역코드,UOA120,상대보호구역,1,0,,상대보호구역,20221008
경상남도 양산시 상북면 석계리 529-5번지,48330,33021,0,0529,0005,1264100046469,,,,1,용도지역코드,UQA122,제2종일반주거지역,1,0,,제2종일반주거지역,20221008
경상남도 양산시 상북면 석계리 533번지,48330,33021,0,0533,0000,1264100013575,,,,1,용도지역코드,1022,제2종일반주거지역,1,0,,제2종일반주거지역,20221008
경상남도 양산시 상북면 석계리 536번지,48330,33021,0,0536,0000,12648849,,,,1,용도지역코드,1022,제2종일반주거지역,1,0,,제2종일반주거지역,20221008
경상남도 양산시 상북면 석계리 539-1번지,48330,33021,0,0539,0001,1264100006808,,,,1,용도지역코드,1022,제2종일반주거지역,1,0,,제2종일반주거지역,20221008
경상남도 양산시 상북면 석계리 539-1번지,48330,33021,0,0539,0001,1264100006808,,,,1,용도지역코드,1330,자연녹지지역,0,0,,자연녹지지역,20221008
경상남도 양산시 상북면 석계리 539-2번지,48330,33021,0,0539,0002,1264100084585,,,,1,용도지역코드,UQA122,제2종일반주거지역,1,0,,제2종일반주거지역,20221008
경상남도 양산시 상북면 석계리 539-2번지,48330,33021,0,0539,0002,1264100084585,,,,2,용도지구코드,,,1,0,,,20221008
경상남도 양산시 상북면 석계리 540-1번지,48330,33021,0,0540,0001,1264100151992,,,,1,용도지역코드,UQA122,제2종일반주거지역,1,0,,제2종일반주거지역,20221008
경상남도 양산시 상북면 석계리 540-1번지,48330,33021,0,0540,0001,1264100151992,,,,3,용도구역코드,UOA120,상대보호구역,1,0,,상대보호구역,20221008
경상남도 양산시 상북면 석계리 540-1번지,48330,33021,0,0540,0001,1264100138704,,,,1,용도지역코드,UQA122,제2종일반주거지역,1,0,,제2종일반주거지역,20221008
경상남도 양산시 상북면 석계리 540-1번지,48330,33021,0,0540,0001,1264100138704,,,,3,용도구역코드,UMZ100,가축사육제한구역,1,0,,가축사육제한구역,20221008
경상남도 양산시 상북면 석계리 540-1번지,48330,33021,0,0540,0001,1264100138704,,,,3,용도구역코드,UOA120,상대보호구역,0,0,,상대보호구역,20221008
경상남도 양산시 상북면 석계리 540-1번지,48330,33021,0,0540,0001,1264100024709,,,,1,용도지역코드,UQA122,제2종일반주거지역,1,0,,제2종일반주거지역,20221008
경상남도 양산시 상북면 석계리 540-1번지,48330,33021,0,0540,0001,1264100024709,,,,3,용도구역코드,UOA120,상대보호구역,1,0,,상대정화구역,20221008
경상남도 양산시 상북면 석계리 540-3번지,48330,33021,0,0540,0003,1264100152092,,,,1,용도지역코드,UQA122,제2종일반주거지역,1,0,,제2종일반주거지역,20221008
경상남도 양산시 상북면 석계리 540-3번지,48330,33021,0,0540,0003,1264100152092,,,,3,용도구역코드,UOA120,상대보호구역,1,0,,상대보호구역,20221008
경상남도 양산시 상북면 석계리 541-2번지,48330,33021,0,0541,0002,12643788,,,,1,용도지역코드,1020,일반주거지역,1,0,,일반주거지역,20221008
경상남도 양산시 상북면 석계리 541-2번지,48330,33021,0,0541,0002,12642783,,,,1,용도지역코드,1020,일반주거지역,1,0,,일반주거지역,20221008
경상남도 양산시 상북면 석계리 541-7번지,48330,33021,0,0541,0007,1264100038694,,,,1,용도지역코드,UQA122,제2종일반주거지역,1,0,,제2종일반주거지역,20221008
경상남도 양산시 상북면 석계리 541-14번지,48330,33021,0,0541,0014,12649615,,,,1,용도지역코드,1022,제2종일반주거지역,1,0,,제2종일반주거지역,20221008
경상남도 양산시 상북면 석계리 541-14번지,48330,33021,0,0541,0014,12648157,,,,1,용도지역코드,1022,제2종일반주거지역,1,0,,제2종일반주거지역,20221008
경상남도 양산시 상북면 석계리 541-15번지,48330,33021,0,0541,0015,1264100094629,,,,1,용도지역코드,UQA122,제2종일반주거지역,1,0,,제2종일반주거지역,20221008
경상남도 양산시 상북면 석계리 541-17번지,48330,33021,0,0541,0017,1000000000000000962342,,,,3,용도구역코드,UMZ100,가축사육제한구역,1,0,,가축사육제한구역,20260604
경상남도 양산시 상북면 석계리 541-17번지,48330,33021,0,0541,0017,1000000000000000962342,,,,1,용도지역코드,UQA122,제2종일반주거지역,1,0,,제2종일반주거지역,20260604
경상남도 양산시 상북면 석계리 547번지,48330,33021,0,0547,0000,1264100139347,,,,1,용도지역코드,UQA430,자연녹지지역,1,0,,자연녹지지역,20221008
경상남도 양산시 상북면 석계리 551-1번지,48330,33021,0,0551,0001,12648280,,,,1,용도지역코드,1022,제2종일반주거지역,1,0,,제2종일반주거지역,20221008
경상남도 양산시 상북면 석계리 551-1번지,48330,33021,0,0551,0001,12647332,,,,1,용도지역코드,1022,제2종일반주거지역,1,0,,제2종일반주거지역,20221008
경상남도 양산시 상북면 석계리 551-1번지,48330,33021,0,0551,0001,12647332,,,,1,용도지역코드,1330,자연녹지지역,0,0,,자연녹지지역,20221008
경상남도 양산시 상북면 석계리 564-1번지,48330,33021,0,0564,0001,1264100089341,,,,1,용도지역코드,UQA420,생산녹지지역,1,0,,생산녹지지역,20221008
경상남도 양산시 상북면 석계리 564-5번지,48330,33021,0,0564,0005,1264100095032,,,,1,용도지역코드,UQA420,생산녹지지역,1,0,,생산녹지지역,20221008
경상남도 양산시 상북면 석계리 573-1번지,48330,33021,0,0573,0001,12642514,,,,1,용도지역코드,1020,일반주거지역,1,0,,일반주거지역,20221008
경상남도 양산시 상북면 석계리 573-2번지,48330,33021,0,0573,0002,12642245,경상남도 양산시 상북면 석계리,573,2,1,용도지역코드,1320,생산녹지지역,1,0,,생산녹지지역,20221008
경상남도 양산시 상북면 석계리 573-2번지,48330,33021,0,0573,0002,1000000000000000734574,,,,3,용도구역코드,UMZ100,가축사육제한구역,1,0,,가축사육제한구역,20250528
경상남도 양산시 상북면 석계리 573-2번지,48330,33021,0,0573,0002,1000000000000000734574,,,,1,용도지역코드,UQA430,자연녹지지역,1,0,,자연녹지지역,20250528
경상남도 양산시 상북면 석계리 573-2번지,48330,33021,0,0573,0002,12643423,,,,1,용도지역코드,1320,생산녹지지역,1,0,,생산녹지지역,20221008
경상남도 양산시 상북면 석계리 573-2번지,48330,33021,0,0573,0002,1000000000000000751676,,,,3,용도구역코드,UMZ100,가축사육제한구역,1,0,,가축사육제한구역,20250625
경상남도 양산시 상북면 석계리 573-2번지,48330,33021,0,0573,0002,1000000000000000751676,,,,1,용도지역코드,UQA430,자연녹지지역,1,0,,자연녹지지역,20250625
경상남도 양산시 상북면 석계리 573-2번지,48330,33021,0,0573,0002,1000000000000000751676,,,,1,용도지역코드,UQA430,자연녹지지역,1,0,,자연녹지지역,20250714
경상남도 양산시 상북면 석계리 573-2번지,48330,33021,0,0573,0002,1000000000000000751676,,,,3,용도구역코드,UMZ100,가축사육제한구역,1,0,,가축사육제한구역,20250714
경상남도 양산시 상북면 석계리 573-8번지,48330,33021,0,0573,0008,12642658,,,,1,용도지역코드,1320,생산녹지지역,1,0,,생산녹지지역,20221008
경상남도 양산시 상북면 석계리 576-1번지,48330,33021,0,0576,0001,12645465,,,,1,용도지역코드,1330,자연녹지지역,1,0,,자연녹지지역,20221008
경상남도 양산시 상북면 석계리 576-1번지,48330,33021,0,0576,0001,1264100075241,,,,1,용도지역코드,UQA430,자연녹지지역,1,0,,자연녹지지역,20221008
경상남도 양산시 상북면 석계리 576-5번지,48330,33021,0,0576,0005,12642270,,,,1,용도지역코드,1320,생산녹지지역,1,0,,생산녹지지역,20221008
경상남도 양산시 상북면 석계리 578-2번지,48330,33021,0,0578,0002,12644153,,,,1,용도지역코드,1320,생산녹지지역,1,0,,생산녹지지역,20221008
경상남도 양산시 상북면 석계리 578-2번지,48330,33021,0,0578,0002,12642801,,,,1,용도지역코드,1320,생산녹지지역,1,0,,생산녹지지역,20221008
경상남도 양산시 상북면 석계리 578-6번지,48330,33021,0,0578,0006,12644397,,,,1,용도지역코드,1330,자연녹지지역,1,0,,자연녹지지역,20221008
경상남도 양산시 상북면 석계리 578-11번지,48330,33021,0,0578,0011,1264100116720,,,,1,용도지역코드,UQA430,자연녹지지역,1,0,,자연녹지지역,20221008
경상남도 양산시 상북면 석계리 587-14번지,48330,33021,0,0587,0014,1264100141245,,,,1,용도지역코드,UQA430,자연녹지지역,1,0,,자연녹지지역,20221008
경상남도 양산시 상북면 석계리 601번지,48330,33021,0,0601,0000,1264100147431,,,,1,용도지역코드,UQA430,자연녹지지역,1,0,,자연녹지지역,20221008
경상남도 양산시 상북면 석계리 602번지,48330,33021,0,0602,0000,1000000000000000911441,,,,1,용도지역코드,UQA430,자연녹지지역,1,0,,자연녹지지역,20260520
경상남도 양산시 상북면 석계리 602번지,48330,33021,0,0602,0000,1264100157892,,,,1,용도지역코드,UQA430,자연녹지지역,1,0,,자연녹지지역,20221008
경상남도 양산시 상북면 석계리 603-1번지,48330,33021,0,0603,0001,1000000000000000280600,,,,3,용도구역코드,UMZ100,가축사육제한구역,1,0,,가축사육제한구역,20230425
경상남도 양산시 상북면 석계리 603-1번지,48330,33021,0,0603,0001,1000000000000000280600,,,,1,용도지역코드,UQA430,자연녹지지역,1,0,,자연녹지지역,20230425
경상남도 양산시 상북면 석계리 603-1번지,48330,33021,0,0603,0001,1000000000000000229954,,,,1,용도지역코드,UQA430,자연녹지지역,1,0,,자연녹지지역,20231123
경상남도 양산시 상북면 석계리 606-1번지,48330,33021,0,0606,0001,1000000000000000559091,,,,1,용도지역코드,UQA430,자연녹지지역,1,0,,자연녹지지역,20240723
경상남도 양산시 상북면 석계리 616-24번지,48330,33021,0,0616,0024,1264100083903,,,,1,용도지역코드,UQA121,제1종일반주거지역,1,0,,제1종일반주거지역,20221008
경상남도 양산시 상북면 석계리 616-47번지,48330,33021,0,0616,0047,12648464,,,,1,용도지역코드,1320,생산녹지지역,1,0,,생산녹지지역,20221008
경상남도 양산시 상북면 석계리 616-47번지,48330,33021,0,0616,0047,12648464,,,,3,용도구역코드,170,농업진흥구역,1,0,,농업진흥구역,20221008
경상남도 양산시 상북면 석계리 616-49번지,48330,33021,0,0616,0049,1264100089063,,,,1,용도지역코드,UQA420,생산녹지지역,1,0,,생산녹지지역,20221008
경상남도 양산시 상북면 석계리 616-49번지,48330,33021,0,0616,0049,1264100095033,,,,1,용도지역코드,UQA420,생산녹지지역,1,0,,생산녹지지역,20221008
경상남도 양산시 상북면 석계리 616-49번지,48330,33021,0,0616,0049,1264100093521,,,,1,용도지역코드,UQA420,생산녹지지역,1,0,,생산녹지지역,20221008
경상남도 양산시 상북면 석계리 616-81번지,48330,33021,0,0616,0081,1000000000000001012371,,,,1,용도지역코드,UQA430,자연녹지지역,1,0,,자연녹지지역,20260812
경상남도 양산시 상북면 석계리 616-81번지,48330,33021,0,0616,0081,1000000000000001012371,,,,3,용도구역코드,UMZ100,가축사육제한구역,1,0,,가축사육제한구역,20260812
경상남도 양산시 상북면 석계리 616-81번지,48330,33021,0,0616,0081,1000000000000000905482,,,,1,용도지역코드,UQA430,자연녹지지역,1,0,,자연녹지지역,20260604
경상남도 양산시 상북면 석계리 616-112번지,48330,33021,0,0616,0112,1264100141923,,,,1,용도지역코드,UQA430,자연녹지지역,1,0,,자연녹지지역,20221008
경상남도 양산시 상북면 석계리 616-244번지,48330,33021,0,0616,0244,1000000000000000817857,,,,3,용도구역코드,UMZ100,가축사육제한구역,1,0,,가축사육제한구역,20251002
경상남도 양산시 상북면 석계리 616-244번지,48330,33021,0,0616,0244,1000000000000000817857,,,,1,용도지역코드,UQA430,자연녹지지역,1,0,,자연녹지지역,20251002
경상남도 양산시 상북면 석계리 616-245번지,48330,33021,0,0616,0245,1264100083303,,,,1,용도지역코드,UQA420,생산녹지지역,1,0,,생산녹지지역,20221008
경상남도 양산시 상북면 석계리 616-245번지,48330,33021,0,0616,0245,1264100083303,,,,3,용도구역코드,UEA110,농업진흥구역,1,0,,농업진흥구역,20221008
경상남도 양산시 상북면 석계리 616-245번지,48330,33021,0,0616,0245,1264100044270,,,,1,용도지역코드,UQA420,생산녹지지역,1,0,,생산녹지지역,20221008
경상남도 양산시 상북면 석계리 616-245번지,48330,33021,0,0616,0245,1264100044270,,,,3,용도구역코드,UEA110,농업진흥구역,1,0,,농업진흥구역,20221008
경상남도 양산시 상북면 석계리 616-247번지,48330,33021,0,0616,0247,1264100110576,,,,1,용도지역코드,UQA420,생산녹지지역,1,0,,생산녹지지역,20221008
경상남도 양산시 상북면 석계리 616-248번지,48330,33021,0,0616,0248,1000000000000000928753,,,,3,용도구역코드,UMZ100,가축사육제한구역,1,0,,가축사육제한구역,20260417
경상남도 양산시 상북면 석계리 616-248번지,48330,33021,0,0616,0248,1000000000000000928753,,,,1,용도지역코드,UQA121,제1종일반주거지역,0,0,,제1종일반주거지역,20260417
경상남도 양산시 상북면 석계리 616-248번지,48330,33021,0,0616,0248,1000000000000000928753,,,,1,용도지역코드,UQA430,자연녹지지역,1,0,,자연녹지지역,20260417
경상남도 양산시 상북면 석계리 616-248번지,48330,33021,0,0616,0248,1000000000000000403118,,,,1,용도지역코드,UQA430,자연녹지지역,1,0,,자연녹지지역,20231106
경상남도 양산시 상북면 석계리 616-287번지,48330,33021,0,0616,0287,1000000000000000698679,,,,1,용도지역코드,UQA430,자연녹지지역,1,0,,자연녹지지역,20260521
경상남도 양산시 상북면 석계리 616-310번지,48330,33021,0,0616,0310,1000000000000000118233,,,,1,용도지역코드,UQA430,자연녹지지역,1,0,,자연녹지지역,20240807
경상남도 양산시 상북면 석계리 616-310번지,48330,33021,0,0616,0310,1000000000000000118233,,,,3,용도구역코드,UMZ100,가축사육제한구역,1,0,,가축사육제한구역,20240807
경상남도 양산시 상북면 석계리 616-311번지,48330,33021,0,0616,0311,1264100156554,,,,1,용도지역코드,UQA430,자연녹지지역,1,0,,자연녹지지역,20221008
경상남도 양산시 상북면 석계리 616-313번지,48330,33021,0,0616,0313,1264100157171,,,,1,용도지역코드,UQA121,제1종일반주거지역,1,0,,제1종일반주거지역,20230227
경상남도 양산시 상북면 석계리 616-316번지,48330,33021,0,0616,0316,1000000000000000661957,,,,1,용도지역코드,UQA430,자연녹지지역,1,0,,자연녹지지역,20250210
경상남도 양산시 상북면 석계리 617번지,48330,33021,0,0617,0000,1264866,경상남도 양산시 상북면 석계리,617,,1,용도지역코드,1330,자연녹지지역,1,0,,자연녹지지역,20221008
경상남도 양산시 상북면 석계리 617-9번지,48330,33021,0,0617,0009,12643613,,,,1,용도지역코드,1330,자연녹지지역,1,0,,자연녹지지역,20221008
경상남도 양산시 상북면 석계리 617-13번지,48330,33021,0,0617,0013,1000000000000000577975,,,,1,용도지역코드,UQA430,자연녹지지역,1,0,,자연녹지지역,20240828
경상남도 양산시 상북면 석계리 618-14번지,48330,33021,0,0618,0014,1000000000000000245058,,,,1,용도지역코드,UQA430,자연녹지지역,1,0,,자연녹지지역,20240429
경상남도 양산시 상북면 석계리 618-14번지,48330,33021,0,0618,0014,1264100152550,,,,1,용도지역코드,UQA430,자연녹지지역,1,0,,자연녹지지역,20221008
경상남도 양산시 상북면 석계리 618-18번지,48330,33021,0,0618,0018,1264100150651,,,,1,용도지역코드,UQA430,자연녹지지역,1,0,,자연녹지지역,20221008
경상남도 양산시 상북면 석계리 618-18번지,48330,33021,0,0618,0018,1264100135323,,,,1,용도지역코드,UQA430,자연녹지지역,1,0,,자연녹지지역,20221008
경상남도 양산시 상북면 석계리 618-24번지,48330,33021,0,0618,0024,1264100132344,,,,1,용도지역코드,UQA430,자연녹지지역,1,0,,자연녹지지역,20221008
경상남도 양산시 상북면 석계리 618-29번지,48330,33021,0,0618,0029,1264100020938,,,,1,용도지역코드,1330,자연녹지지역,1,0,,자연녹지지역,20221008
경상남도 양산시 상북면 석계리 633번지,48330,33021,0,0633,0000,1264100104473,,,,1,용도지역코드,UQA430,자연녹지지역,1,0,,자연녹지지역,20221008
경상남도 양산시 상북면 석계리 634번지,48330,33021,0,0634,0000,1264100072422,,,,1,용도지역코드,UQA430,자연녹지지역,1,0,,자연녹지지역,20221008
경상남도 양산시 상북면 석계리 641번지,48330,33021,0,0641,0000,12646692,,,,1,용도지역코드,1330,자연녹지지역,1,0,,자연녹지지역,20221008
경상남도 양산시 상북면 석계리 641번지,48330,33021,0,0641,0000,12646692,,,,2,용도지구코드,011,자연취락지구,1,0,,자연취락지구,20221008
경상남도 양산시 상북면 석계리 665번지,48330,33021,0,0665,0000,1264100154451,,,,1,용도지역코드,UQA430,자연녹지지역,1,0,,자연녹지지역,20221008
경상남도 양산시 상북면 석계리 673번지,48330,33021,0,0673,0000,1000000000000000455480,,,,1,용도지역코드,UQA430,자연녹지지역,1,0,,자연녹지지역,20240205
경상남도 양산시 상북면 석계리 682번지,48330,33021,0,0682,0000,1264100089102,,,,1,용도지역코드,UQA430,자연녹지지역,1,0,,자연녹지지역,20221008
경상남도 양산시 상북면 석계리 727-1번지,48330,33021,0,0727,0001,1264100025150,,,,1,용도지역코드,UQA420,생산녹지지역,1,0,,생산녹지지역,20221008
경상남도 양산시 상북면 석계리 733-1번지,48330,33021,0,0733,0001,12646812,,,,1,용도지역코드,1320,생산녹지지역,1,0,,생산녹지지역,20221008
경상남도 양산시 상북면 석계리 735-4번지,48330,33021,0,0735,0004,1264100054650,,,,1,용도지역코드,UQA420,생산녹지지역,1,0,,생산녹지지역,20221008
경상남도 양산시 상북면 석계리 735-4번지,48330,33021,0,0735,0004,1264100034366,,,,1,용도지역코드,UQA420,생산녹지지역,1,0,,생산녹지지역,20221008
경상남도 양산시 상북면 석계리 735-6번지,48330,33021,0,0735,0006,1264100054649,,,,1,용도지역코드,UQA420,생산녹지지역,1,0,,생산녹지지역,20221008
경상남도 양산시 상북면 석계리 735-6번지,48330,33021,0,0735,0006,1264100056211,,,,1,용도지역코드,UQA420,생산녹지지역,1,0,,생산녹지지역,20221008
경상남도 양산시 상북면 석계리 738-2번지,48330,33021,0,0738,0002,12646757,,,,1,용도지역코드,1320,생산녹지지역,1,0,,생산녹지지역,20221008
경상남도 양산시 상북면 석계리 738-2번지,48330,33021,0,0738,0002,12647633,,,,1,용도지역코드,1320,생산녹지지역,1,0,,생산녹지지역,20221008
경상남도 양산시 상북면 석계리 741-1번지,48330,33021,0,0741,0001,12647516,,,,1,용도지역코드,1320,생산녹지지역,1,0,,생산녹지지역,20221008
경상남도 양산시 상북면 석계리 741-1번지,48330,33021,0,0741,0001,1264100046587,,,,1,용도지역코드,UQA420,생산녹지지역,1,0,,생산녹지지역,20221008
경상남도 양산시 상북면 석계리 762-2번지,48330,33021,0,0762,0002,1000000000000000471683,,,,1,용도지역코드,UQA430,자연녹지지역,1,0,,자연녹지지역,20240307
경상남도 양산시 상북면 석계리 762-3번지,48330,33021,0,0762,0003,1000000000000000904953,,,,1,용도지역코드,UQA430,자연녹지지역,1,0,,자연녹지지역,20260317
경상남도 양산시 상북면 석계리 762-3번지,48330,33021,0,0762,0003,1000000000000000904953,,,,3,용도구역코드,UMZ100,가축사육제한구역,1,0,,가축사육제한구역,20260317
경상남도 양산시 상북면 석계리 762-3번지,48330,33021,0,0762,0003,1000000000000000211012,,,,1,용도지역코드,UQA430,자연녹지지역,1,0,,자연녹지지역,20230109
경상남도 양산시 상북면 석계리 764-1번지,48330,33021,0,0764,0001,12645452,,,,1,용도지역코드,1320,생산녹지지역,1,0,,생산녹지지역,20221008
경상남도 양산시 상북면 석계리 767번지,48330,33021,0,0767,0000,1000000000000000599842,,,,1,용도지역코드,UQA121,제1종일반주거지역,1,0,,제1종일반주거지역,20251215
경상남도 양산시 상북면 석계리 778-1번지,48330,33021,0,0778,0001,126460,,,,1,용도지역코드,1330,자연녹지지역,1,0,,자연녹지지역,20221008
경상남도 양산시 상북면 석계리 788번지,48330,33021,0,0788,0000,1264100138684,,,,1,용도지역코드,UQA121,제1종일반주거지역,1,0,,제1종일반주거지역,20221008
경상남도 양산시 상북면 석계리 788번지,48330,33021,0,0788,0000,1264100051458,,,,1,용도지역코드,UQA430,자연녹지지역,1,0,,자연녹지지역,20221008
경상남도 양산시 상북면 석계리 788번지,48330,33021,0,0788,0000,1264100051458,,,,2,용도지구코드,UQM110,자연취락지구,1,0,,자연취락지구,20221008
경상남도 양산시 상북면 석계리 788번지,48330,33021,0,0788,0000,1264100136364,,,,1,용도지역코드,UQA121,제1종일반주거지역,1,0,,제1종일반주거지역,20221008
경상남도 양산시 상북면 석계리 788번지,48330,33021,0,0788,0000,1264100136024,,,,1,용도지역코드,UQA121,제1종일반주거지역,1,0,,제1종일반주거지역,20221008
경상남도 양산시 상북면 석계리 824-1번지,48330,33021,0,0824,0001,12644387,,,,1,용도지역코드,1330,자연녹지지역,1,0,,자연녹지지역,20221008
경상남도 양산시 상북면 석계리 824-1번지,48330,33021,0,0824,0001,12644387,,,,2,용도지구코드,011,자연취락지구,1,0,,자연취락지구,20221008
경상남도 양산시 상북면 석계리 827-2번지,48330,33021,0,0827,0002,1264100151151,,,,1,용도지역코드,UQA121,제1종일반주거지역,1,0,,제1종일반주거지역,20221008
경상남도 양산시 상북면 석계리 830번지,48330,33021,0,0830,0000,1264100087466,,,,1,용도지역코드,UQA430,자연녹지지역,1,0,,자연녹지지역,20221008
경상남도 양산시 상북면 석계리 830번지,48330,33021,0,0830,0000,1264100087466,,,,2,용도지구코드,UQM110,자연취락지구,1,0,,자연취락지구,20221008
경상남도 양산시 상북면 석계리 831-1번지,48330,33021,0,0831,0001,1264100056229,,,,1,용도지역코드,UQA430,자연녹지지역,1,0,,자연녹지지역,20221008
경상남도 양산시 상북면 석계리 831-1번지,48330,33021,0,0831,0001,1264100056229,,,,2,용도지구코드,UQM110,자연취락지구,1,0,,자연취락지구,20221008
경상남도 양산시 상북면 석계리 832번지,48330,33021,0,0832,0000,1264100067879,,,,1,용도지역코드,UQA430,자연녹지지역,1,0,,자연녹지지역,20221008
경상남도 양산시 상북면 석계리 832번지,48330,33021,0,0832,0000,1264100067879,,,,2,용도지구코드,UQM110,자연취락지구,1,0,,자연취락지구,20221008
경상남도 양산시 상북면 석계리 841번지,48330,33021,0,0841,0000,12646693,,,,1,용도지역코드,1330,자연녹지지역,1,0,,자연녹지지역,20221008
경상남도 양산시 상북면 석계리 841번지,48330,33021,0,0841,0000,12646693,,,,2,용도지구코드,011,자연취락지구,1,0,,자연취락지구,20221008
경상남도 양산시 상북면 석계리 842-2번지,48330,33021,0,0842,0002,1264100065047,,,,2,용도지구코드,UQM110,자연취락지구,1,0,,자연취락지구,20221008
경상남도 양산시 상북면 석계리 842-2번지,48330,33021,0,0842,0002,1264100065047,,,,1,용도지역코드,UQA430,자연녹지지역,1,0,,자연녹지지역,20221008
경상남도 양산시 상북면 석계리 843번지,48330,33021,0,0843,0000,1264100023829,,,,1,용도지역코드,UQA430,자연녹지지역,1,0,,자연녹지지역,20221008
경상남도 양산시 상북면 석계리 843번지,48330,33021,0,0843,0000,1264100023829,,,,2,용도지구코드,UQM110,자연취락지구,1,0,,자연취락지구,20221008
경상남도 양산시 상북면 석계리 843번지,48330,33021,0,0843,0000,1264100025954,,,,1,용도지역코드,UQA430,자연녹지지역,1,0,,자연녹지지역,20221008
경상남도 양산시 상북면 석계리 843번지,48330,33021,0,0843,0000,1264100025954,,,,2,용도지구코드,UQM110,자연취락지구,1,0,,자연취락지구,20221008
경상남도 양산시 상북면 석계리 864번지,48330,33021,0,0864,0000,12645464,,,,1,용도지역코드,1330,자연녹지지역,1,0,,자연녹지지역,20221008
경상남도 양산시 상북면 석계리 864번지,48330,33021,0,0864,0000,12648237,,,,1,용도지역코드,1330,자연녹지지역,1,0,,자연녹지지역,20221008
경상남도 양산시 상북면 석계리 864번지,48330,33021,0,0864,0000,12648237,,,,2,용도지구코드,011,자연취락지구,1,0,,자연취락지구,20221008
경상남도 양산시 상북면 석계리 870-2번지,48330,33021,0,0870,0002,12645453,,,,1,용도지역코드,1330,자연녹지지역,1,0,,자연녹지지역,20221008
경상남도 양산시 상북면 석계리 870-2번지,48330,33021,0,0870,0002,12645453,,,,2,용도지구코드,011,자연취락지구,1,0,,자연취락지구,20221008
경상남도 양산시 상북면 석계리 873-5번지,48330,33021,0,0873,0005,1264100138104,,,,1,용도지역코드,UQA121,제1종일반주거지역,1,0,,제1종일반주거지역,20221008
경상남도 양산시 상북면 석계리 874번지,48330,33021,0,0874,0000,1000000000000001008109,,,,1,용도지역코드,UQA121,제1종일반주거지역,1,0,,제1종일반주거지역,20260810
경상남도 양산시 상북면 석계리 874번지,48330,33021,0,0874,0000,1000000000000001008109,,,,3,용도구역코드,UMZ100,가축사육제한구역,1,0,,가축사육제한구역,20260810
경상남도 양산시 상북면 석계리 878번지,48330,33021,0,0878,0000,1264100047846,,,,2,용도지구코드,UQM110,자연취락지구,1,0,,자연취락지구,20221008
경상남도 양산시 상북면 석계리 878번지,48330,33021,0,0878,0000,1264100047846,,,,1,용도지역코드,UQA430,자연녹지지역,1,0,,자연녹지지역,20221008
경상남도 양산시 상북면 석계리 884-1번지,48330,33021,0,0884,0001,1264100041083,,,,1,용도지역코드,UQA430,자연녹지지역,1,0,,자연녹지지역,20221008
경상남도 양산시 상북면 석계리 884-1번지,48330,33021,0,0884,0001,1264100041083,,,,2,용도지구코드,UQM110,자연취락지구,1,0,,자연취락지구,20221008
경상남도 양산시 상북면 석계리 884-1번지,48330,33021,0,0884,0001,1264100041083,,,,3,용도구역코드,UEA110,농업진흥구역,1,0,,농업진흥구역,20221008
경상남도 양산시 상북면 석계리 900-1번지,48330,33021,0,0900,0001,1264100146684,,,,1,용도지역코드,UQA430,자연녹지지역,1,0,,자연녹지지역,20221008
경상남도 양산시 상북면 석계리 900-1번지,48330,33021,0,0900,0001,1264100111417,,,,1,용도지역코드,UQA430,자연녹지지역,1,0,,자연녹지지역,20221008
경상남도 양산시 상북면 석계리 900-1번지,48330,33021,0,0900,0001,1264100123102,,,,1,용도지역코드,UQA430,자연녹지지역,1,0,,자연녹지지역,20221008
경상남도 양산시 상북면 석계리 900-1번지,48330,33021,0,0900,0001,1264100114820,,,,1,용도지역코드,UQA430,자연녹지지역,1,0,,자연녹지지역,20221008
경상남도 양산시 상북면 석계리 900-1번지,48330,33021,0,0900,0001,1264100137963,,,,1,용도지역코드,UQA430,자연녹지지역,1,0,,자연녹지지역,20221008
경상남도 양산시 상북면 석계리 900-1번지,48330,33021,0,0900,0001,1264100119699,,,,1,용도지역코드,UQA430,자연녹지지역,1,0,,자연녹지지역,20221008
경상남도 양산시 상북면 석계리 900-1번지,48330,33021,0,0900,0001,12647354,,,,1,용도지역코드,1330,자연녹지지역,1,0,,자연녹지지역,20221008
경상남도 양산시 상북면 석계리 900-1번지,48330,33021,0,0900,0001,1264100045086,,,,1,용도지역코드,UQA430,자연녹지지역,1,0,,자연녹지지역,20221008
경상남도 양산시 상북면 석계리 902번지,48330,33021,0,0902,0000,1264100152152,,,,1,용도지역코드,UQA430,자연녹지지역,1,0,,자연녹지지역,20221008
경상남도 양산시 상북면 석계리 905번지,48330,33021,0,0905,0000,1264100155813,,,,1,용도지역코드,UQA430,자연녹지지역,1,0,,자연녹지지역,20221008
경상남도 양산시 상북면 석계리 905번지,48330,33021,0,0905,0000,1264100155813,,,,2,용도지구코드,UQM110,자연취락지구,1,0,,자연취락지구,20221008
경상남도 양산시 상북면 석계리 905번지,48330,33021,0,0905,0000,1264100155813,,,,3,용도구역코드,UMZ100,가축사육제한구역,1,0,,가축사육제한구역,20221008
경상남도 양산시 상북면 석계리 905번지,48330,33021,0,0905,0000,1264100106853,,,,1,용도지역코드,UQA430,자연녹지지역,1,0,,자연녹지지역,20221008
경상남도 양산시 상북면 석계리 905번지,48330,33021,0,0905,0000,1264100106853,,,,3,용도구역코드,UMZ100,가축사육제한구역,1,0,,가축사육제한구역,20221008
경상남도 양산시 상북면 석계리 905-5번지,48330,33021,0,0905,0005,1264100110679,,,,3,용도구역코드,UMZ100,가축사육제한구역,1,0,,가축사육제한구역,20221129
경상남도 양산시 상북면 석계리 905-5번지,48330,33021,0,0905,0005,1264100110679,,,,1,용도지역코드,UQA430,자연녹지지역,1,0,,자연녹지지역,20221129
경상남도 양산시 상북면 석계리 905-5번지,48330,33021,0,0905,0005,1264100110679,,,,2,용도지구코드,UQM110,자연취락지구,1,0,,자연취락지구,20221129
경상남도 양산시 상북면 석계리 905-7번지,48330,33021,0,0905,0007,1000000000000000650449,,,,2,용도지구코드,UQM110,자연취락지구,1,0,,자연취락지구,20250512
경상남도 양산시 상북면 석계리 905-7번지,48330,33021,0,0905,0007,1000000000000000650449,,,,1,용도지역코드,UQA430,자연녹지지역,1,0,,자연녹지지역,20250512
경상남도 양산시 상북면 석계리 905-7번지,48330,33021,0,0905,0007,1000000000000000650449,,,,1,용도지역코드,UQA430,자연녹지지역,1,0,,자연녹지지역,20250526
경상남도 양산시 상북면 석계리 905-7번지,48330,33021,0,0905,0007,1000000000000000650449,,,,2,용도지구코드,UQM110,자연취락지구,1,0,,자연취락지구,20250526
경상남도 양산시 상북면 석계리 905-7번지,48330,33021,0,0905,0007,1264100110297,,,,1,용도지역코드,UQA430,자연녹지지역,1,0,,자연녹지지역,20221008
경상남도 양산시 상북면 석계리 905-7번지,48330,33021,0,0905,0007,1264100110297,,,,2,용도지구코드,UQM110,자연취락지구,1,0,,자연취락지구,20221008
경상남도 양산시 상북면 석계리 905-10번지,48330,33021,0,0905,0010,1000000000000000183467,,,,1,용도지역코드,UQA430,자연녹지지역,1,0,,자연녹지지역,20230706
경상남도 양산시 상북면 석계리 905-10번지,48330,33021,0,0905,0010,1000000000000000183467,,,,2,용도지구코드,UQM110,자연취락지구,1,0,,자연취락지구,20230706
경상남도 양산시 상북면 석계리 905-13번지,48330,33021,0,0905,0013,1264100150034,,,,1,용도지역코드,UQA430,자연녹지지역,1,0,,자연녹지지역,20221123
경상남도 양산시 상북면 석계리 907번지,48330,33021,0,0907,0000,1264100069842,,,,1,용도지역코드,UQA430,자연녹지지역,1,0,,자연녹지지역,20221008
경상남도 양산시 상북면 석계리 907번지,48330,33021,0,0907,0000,1264100069842,,,,2,용도지구코드,UQM110,자연취락지구,1,0,,자연취락지구,20221008
경상남도 양산시 상북면 석계리 908번지,48330,33021,0,0908,0000,1264100145903,,,,1,용도지역코드,UQA430,자연녹지지역,1,0,,자연녹지지역,20221008
경상남도 양산시 상북면 석계리 908번지,48330,33021,0,0908,0000,1264100145903,,,,2,용도지구코드,UQM110,자연취락지구,1,0,,자연취락지구,20221008
경상남도 양산시 상북면 석계리 909번지,48330,33021,0,0909,0000,12648473,,,,1,용도지역코드,1330,자연녹지지역,1,0,,자연녹지지역,20221008
경상남도 양산시 상북면 석계리 909번지,48330,33021,0,0909,0000,12648473,,,,2,용도지구코드,011,자연취락지구,1,0,,자연취락지구,20221008
경상남도 양산시 상북면 석계리 912-1번지,48330,33021,0,0912,0001,1264100142963,,,,1,용도지역코드,UQA430,자연녹지지역,1,0,,자연녹지지역,20221008
경상남도 양산시 상북면 석계리 912-1번지,48330,33021,0,0912,0001,1264100142963,,,,2,용도지구코드,UQM110,자연취락지구,1,0,,자연취락지구,20221008
경상남도 양산시 상북면 석계리 912-1번지,48330,33021,0,0912,0001,1264100142963,,,,3,용도구역코드,UMZ100,가축사육제한구역,1,0,,가축사육제한구역,20221008
경상남도 양산시 상북면 석계리 912-7번지,48330,33021,0,0912,0007,12646687,,,,1,용도지역코드,1330,자연녹지지역,1,0,,자연녹지지역,20221008
경상남도 양산시 상북면 석계리 922-1번지,48330,33021,0,0922,0001,1264100125341,,,,1,용도지역코드,UQA430,자연녹지지역,1,0,,자연녹지지역,20221008
경상남도 양산시 상북면 석계리 922-3번지,48330,33021,0,0922,0003,1264100145863,,,,1,용도지역코드,UQA430,자연녹지지역,1,0,,자연녹지지역,20221008
경상남도 양산시 상북면 석계리 925-1번지,48330,33021,0,0925,0001,1000000000000000298269,,,,1,용도지역코드,UQA430,자연녹지지역,1,0,,자연녹지지역,20230519
경상남도 양산시 상북면 석계리 925-2번지,48330,33021,0,0925,0002,1264100106694,,,,1,용도지역코드,UQA420,생산녹지지역,1,0,,생산녹지지역,20221008
경상남도 양산시 상북면 석계리 925-2번지,48330,33021,0,0925,0002,1264100106694,,,,3,용도구역코드,UMZ100,가축사육제한구역,1,0,,가축사육제한구역,20221008
경상남도 양산시 상북면 석계리 925-6번지,48330,33021,0,0925,0006,1264100106693,,,,1,용도지역코드,UQA420,생산녹지지역,1,0,,생산녹지지역,20221008
경상남도 양산시 상북면 석계리 925-6번지,48330,33021,0,0925,0006,1264100106693,,,,3,용도구역코드,UMZ100,가축사육제한구역,1,0,,가축사육제한구역,20221008
경상남도 양산시 상북면 석계리 927-1번지,48330,33021,0,0927,0001,1000000000000000388632,,,,1,용도지역코드,UQA430,자연녹지지역,1,0,,자연녹지지역,20240614
경상남도 양산시 상북면 석계리 927-8번지,48330,33021,0,0927,0008,1000000000000000388637,,,,1,용도지역코드,UQA430,자연녹지지역,1,0,,자연녹지지역,20240723
경상남도 양산시 상북면 석계리 927-11번지,48330,33021,0,0927,0011,1000000000000000475320,,,,1,용도지역코드,UQA430,자연녹지지역,1,0,,자연녹지지역,20240723
경상남도 양산시 상북면 석계리 935-2번지,48330,33021,0,0935,0002,12641227,"935-2,944-1,945,946,947,949,956",,,1,용도지역코드,1320,생산녹지지역,1,0,,생산녹지지역,20221008
경상남도 양산시 상북면 석계리 941번지,48330,33021,0,0941,0000,1264100123260,,,,1,용도지역코드,UQA420,생산녹지지역,1,0,,생산녹지지역,20221008
경상남도 양산시 상북면 석계리 941-2번지,48330,33021,0,0941,0002,1264100155494,,,,1,용도지역코드,UQA430,자연녹지지역,1,0,,자연녹지지역,20221103
경상남도 양산시 상북면 석계리 945번지,48330,33021,0,0945,0000,1264100017415,,,,1,용도지역코드,1320,생산녹지지역,1,0,,생산녹지지역,20221008
경상남도 양산시 상북면 석계리 945번지,48330,33021,0,0945,0000,1264100017415,,,,3,용도구역코드,170,농업진흥구역,1,0,,농업진흥구역,20221008
경상남도 양산시 상북면 석계리 953번지,48330,33021,0,0953,0000,1264100015261,,,,1,용도지역코드,1320,생산녹지지역,1,0,,생산녹지지역,20221008
경상남도 양산시 상북면 석계리 953번지,48330,33021,0,0953,0000,1264100015261,,,,1,용도지역코드,1330,자연녹지지역,0,0,,자연녹지지역,20221008
경상남도 양산시 상북면 석계리 953번지,48330,33021,0,0953,0000,1264100112819,,,,1,용도지역코드,UQA420,생산녹지지역,1,0,,생산녹지지역,20221008
경상남도 양산시 상북면 석계리 953번지,48330,33021,0,0953,0000,1264100112819,,,,3,용도구역코드,UMZ100,가축사육제한구역,1,0,,가축사육제한구역,20221008
경상남도 양산시 상북면 석계리 957-1번지,48330,33021,0,0957,0001,1000000000000000441831,,,,1,용도지역코드,UQA430,자연녹지지역,1,0,,자연녹지지역,20240109
경상남도 양산시 상북면 석계리 963-2번지,48330,33021,0,0963,0002,12643233,,,,1,용도지역코드,1320,생산녹지지역,1,0,,생산녹지지역,20221008
경상남도 양산시 상북면 석계리 963-3번지,48330,33021,0,0963,0003,1264100046552,,,,1,용도지역코드,UQA430,자연녹지지역,1,0,,자연녹지지역,20221008
경상남도 양산시 상북면 석계리 972-2번지,48330,33021,0,0972,0002,1264100135583,,,,1,용도지역코드,UQA430,자연녹지지역,1,0,,자연녹지지역,20221008
경상남도 양산시 상북면 석계리 979-3번지,48330,33021,0,0979,0003,1264100153391,,,,1,용도지역코드,UQA430,자연녹지지역,1,0,,자연녹지지역,20230501
경상남도 양산시 상북면 석계리 984-1번지,48330,33021,0,0984,0001,12644383,,,,1,용도지역코드,1320,생산녹지지역,1,0,,생산녹지지역,20221008
경상남도 양산시 상북면 석계리 984-1번지,48330,33021,0,0984,0001,12644383,,,,3,용도구역코드,170,농업진흥구역,1,0,,농업진흥구역,20221008
경상남도 양산시 상북면 석계리 998-3번지,48330,33021,0,0998,0003,12644375,,,,1,용도지역코드,1330,자연녹지지역,1,0,,자연녹지지역,20221008
경상남도 양산시 상북면 석계리 998-3번지,48330,33021,0,0998,0003,12644375,,,,2,용도지구코드,012,집단취락지구,1,0,,집단취락지구,20221008
경상남도 양산시 상북면 석계리 998-19번지,48330,33021,0,0998,0019,12648971,,,,1,용도지역코드,1330,자연녹지지역,1,0,,자연녹지지역,20221008
경상남도 양산시 상북면 석계리 998-19번지,48330,33021,0,0998,0019,12648971,,,,2,용도지구코드,011,자연취락지구,1,0,,자연취락지구,20221008
경상남도 양산시 상북면 석계리 1001-1번지,48330,33021,0,1001,0001,1264100153352,,,,1,용도지역코드,UQA121,제1종일반주거지역,1,0,,제1종일반주거지역,20221008
경상남도 양산시 상북면 석계리 1002-1번지,48330,33021,0,1002,0001,12641,,,,1,용도지역코드,1330,자연녹지지역,1,0,,자연녹지지역,20221008
경상남도 양산시 상북면 석계리 1002-1번지,48330,33021,0,1002,0001,126468,,,,1,용도지역코드,1330,자연녹지지역,1,0,,자연녹지지역,20221008
경상남도 양산시 상북면 석계리 1005번지,48330,33021,0,1005,0000,1264100059052,,,,1,용도지역코드,UQA430,자연녹지지역,1,0,,자연녹지지역,20221008
경상남도 양산시 상북면 석계리 1005번지,48330,33021,0,1005,0000,1264100059052,,,,2,용도지구코드,UMB300,취락지구,1,0,,취락지구,20221008
경상남도 양산시 상북면 석계리 1008-4번지,48330,33021,0,1008,0004,12646721,,,,1,용도지역코드,1330,자연녹지지역,1,0,,자연녹지지역,20221008
경상남도 양산시 상북면 석계리 1008-4번지,48330,33021,0,1008,0004,12646721,,,,2,용도지구코드,011,자연취락지구,1,0,,자연취락지구,20221008
경상남도 양산시 상북면 석계리 1009-4번지,48330,33021,0,1009,0004,1264100089802,,,,1,용도지역코드,UQA430,자연녹지지역,1,0,,자연녹지지역,20221008
경상남도 양산시 상북면 석계리 1009-4번지,48330,33021,0,1009,0004,1264100089802,,,,2,용도지구코드,UQM110,자연취락지구,1,0,,자연취락지구,20221008
경상남도 양산시 상북면 석계리 1009-4번지,48330,33021,0,1009,0004,1264100040245,,,,1,용도지역코드,UQA430,자연녹지지역,1,0,,자연녹지지역,20221008
경상남도 양산시 상북면 석계리 1009-4번지,48330,33021,0,1009,0004,1264100040245,,,,2,용도지구코드,UQM110,자연취락지구,1,0,,자연취락지구,20221008
경상남도 양산시 상북면 석계리 1022번지,48330,33021,0,1022,0000,1000000000000000896470,,,,3,용도구역코드,UMZ100,가축사육제한구역,1,0,,가축사육제한구역,20260304
경상남도 양산시 상북면 석계리 1022번지,48330,33021,0,1022,0000,1000000000000000896470,,,,1,용도지역코드,UQA430,자연녹지지역,1,0,,자연녹지지역,20260304
경상남도 양산시 상북면 석계리 1022번지,48330,33021,0,1022,0000,1000000000000000896470,,,,1,용도지역코드,UQA121,제1종일반주거지역,0,0,,제1종일반주거지역,20260304
경상남도 양산시 상북면 석계리 1027번지,48330,33021,0,1027,0000,1000000000000000853193,,,,1,용도지역코드,UQA430,자연녹지지역,1,0,,자연녹지지역,20251203
경상남도 양산시 상북면 석계리 1027번지,48330,33021,0,1027,0000,1000000000000000853193,,,,3,용도구역코드,UMZ100,가축사육제한구역,1,0,,가축사육제한구역,20251203
경상남도 양산시 상북면 석계리 1036-3번지,48330,33021,0,1036,0003,1264100131886,,,,1,용도지역코드,UQA430,자연녹지지역,1,0,,자연녹지지역,20221008
경상남도 양산시 상북면 석계리 1036-5번지,48330,33021,0,1036,0005,1000000000000000766071,,,,1,용도지역코드,UQA430,자연녹지지역,1,0,,자연녹지지역,20250716
경상남도 양산시 상북면 석계리 1036-5번지,48330,33021,0,1036,0005,1264100088501,,,,1,용도지역코드,UQA420,생산녹지지역,1,0,,생산녹지지역,20221008
경상남도 양산시 상북면 석계리 1037-5번지,48330,33021,0,1037,0005,1264100135867,,,,1,용도지역코드,UQA430,자연녹지지역,1,0,,자연녹지지역,20221008
경상남도 양산시 상북면 석계리 1046-1번지,48330,33021,0,1046,0001,12646457,,,,1,용도지역코드,1320,생산녹지지역,1,0,,생산녹지지역,20221008
경상남도 양산시 상북면 석계리 1046-1번지,48330,33021,0,1046,0001,1264100059072,,,,1,용도지역코드,UQA420,생산녹지지역,1,0,,생산녹지지역,20221008
경상남도 양산시 상북면 석계리 1052-1번지,48330,33021,0,1052,0001,12646810,,,,1,용도지역코드,1320,생산녹지지역,1,0,,생산녹지지역,20221008
경상남도 양산시 상북면 석계리 1052-1번지,48330,33021,0,1052,0001,1264100026949,,,,1,용도지역코드,UQA430,자연녹지지역,1,0,,자연녹지지역,20221008
경상남도 양산시 상북면 석계리 1052-1번지,48330,33021,0,1052,0001,1264100026949,,,,1,용도지역코드,UQA121,제1종일반주거지역,0,0,,제1종일반주거지역,20221008
경상남도 양산시 상북면 석계리 1053-5번지,48330,33021,0,1053,0005,12647651,,,,1,용도지역코드,1021,제1종일반주거지역,1,0,,제1종일반주거지역,20221008
경상남도 양산시 상북면 석계리 1053-5번지,48330,33021,0,1053,0005,12644498,,,,1,용도지역코드,1022,제2종일반주거지역,1,0,,제2종일반주거지역,20221008
경상남도 양산시 상북면 석계리 1053-13번지,48330,33021,0,1053,0013,1264139,,,,1,용도지역코드,1320,생산녹지지역,1,0,,생산녹지지역,20221008
경상남도 양산시 상북면 석계리 1062-1번지,48330,33021,0,1062,0001,1264100124680,,,,1,용도지역코드,UQA121,제1종일반주거지역,1,0,,제1종일반주거지역,20221008
경상남도 양산시 상북면 석계리 1071번지,48330,33021,0,1071,0000,1264100041644,,,,1,용도지역코드,UQA121,제1종일반주거지역,1,0,,제1종일반주거지역,20221008
경상남도 양산시 상북면 석계리 1071번지,48330,33021,0,1071,0000,1264100035632,,,,1,용도지역코드,UQA121,제1종일반주거지역,1,0,,제1종일반주거지역,20221008
경상남도 양산시 상북면 석계리 1072-3번지,48330,33021,0,1072,0003,12648091,,,,1,용도지역코드,1021,제1종일반주거지역,1,0,,제1종일반주거지역,20221008
경상남도 양산시 상북면 석계리 1072-3번지,48330,33021,0,1072,0003,12648091,,,,3,용도구역코드,010,도시계획구역,1,0,,도시계획구역,20221008
경상남도 양산시 상북면 석계리 1080-2번지,48330,33021,0,1080,0002,1264100115437,,,,1,용도지역코드,UQA121,제1종일반주거지역,1,0,,제1종일반주거지역,20221008
경상남도 양산시 상북면 석계리 1080-2번지,48330,33021,0,1080,0002,1264100115437,,,,3,용도구역코드,UMZ100,가축사육제한구역,1,0,,가축사육제한구역,20221008
경상남도 양산시 상북면 석계리 1117-1번지,48330,33021,0,1117,0001,1264100146824,,,,1,용도지역코드,UQA320,일반공업지역,1,0,,일반공업지역,20221008
경상남도 양산시 상북면 석계리 1117-1번지,48330,33021,0,1117,0001,1264100146824,,,,3,용도구역코드,UQQ300,지구단위계획구역,1,0,,지구단위계획구역,20221008
경상남도 양산시 상북면 석계리 1117-1번지,48330,33021,0,1117,0001,1264100139323,,,,1,용도지역코드,UQA320,일반공업지역,1,0,,일반공업지역,20221008
경상남도 양산시 상북면 석계리 1117-1번지,48330,33021,0,1117,0001,1264100139323,,,,3,용도구역코드,UQQ300,지구단위계획구역,1,0,,지구단위계획구역,20221008
경상남도 양산시 상북면 석계리 1117-2번지,48330,33021,0,1117,0002,1264100122160,,,,1,용도지역코드,UQA320,일반공업지역,1,0,,일반공업지역,20221008
경상남도 양산시 상북면 석계리 1117-4번지,48330,33021,0,1117,0004,1264100152792,,,,1,용도지역코드,UQA320,일반공업지역,1,0,,일반공업지역,20221008
경상남도 양산시 상북면 석계리 1117-4번지,48330,33021,0,1117,0004,1264100152792,,,,3,용도구역코드,UQQ300,지구단위계획구역,1,0,,지구단위계획구역,20221008
경상남도 양산시 상북면 석계리 1117-4번지,48330,33021,0,1117,0004,1264100135404,,,,1,용도지역코드,UQA320,일반공업지역,1,0,,일반공업지역,20221008
경상남도 양산시 상북면 석계리 1117-4번지,48330,33021,0,1117,0004,1264100135404,,,,3,용도구역코드,UQQ300,지구단위계획구역,1,0,,지구단위계획구역,20221008
경상남도 양산시 상북면 석계리 1117-5번지,48330,33021,0,1117,0005,1264100129704,,,,1,용도지역코드,UQA320,일반공업지역,1,0,,일반공업지역,20221008
경상남도 양산시 상북면 석계리 1117-5번지,48330,33021,0,1117,0005,1264100129704,,,,3,용도구역코드,UQQ300,지구단위계획구역,1,0,,지구단위계획구역,20221008
경상남도 양산시 상북면 석계리 1117-6번지,48330,33021,0,1117,0006,1000000000000000485936,,,,2,용도지구코드,UFB120,산업용지,1,0,,산업용지,20241205
경상남도 양산시 상북면 석계리 1117-6번지,48330,33021,0,1117,0006,1000000000000000485936,,,,3,용도구역코드,UQQ300,지구단위계획구역,1,0,,지구단위계획구역,20241205
경상남도 양산시 상북면 석계리 1117-6번지,48330,33021,0,1117,0006,1000000000000000485936,,,,1,용도지역코드,UQA320,일반공업지역,1,0,,일반공업지역,20241205
경상남도 양산시 상북면 석계리 1117-6번지,48330,33021,0,1117,0006,1264100150471,,,,3,용도구역코드,UQQ300,지구단위계획구역,1,0,,지구단위계획구역,20221008
경상남도 양산시 상북면 석계리 1117-6번지,48330,33021,0,1117,0006,1264100150471,,,,1,용도지역코드,UQA320,일반공업지역,1,0,,일반공업지역,20221008
경상남도 양산시 상북면 석계리 1117-7번지,48330,33021,0,1117,0007,1264100130184,,,,1,용도지역코드,UQA320,일반공업지역,1,0,,일반공업지역,20221008
경상남도 양산시 상북면 석계리 1117-7번지,48330,33021,0,1117,0007,1264100130184,,,,3,용도구역코드,UQQ310,제1종지구단위계획구역,1,0,,제1종지구단위계획구역,20221008
경상남도 양산시 상북면 석계리 1117-8번지,48330,33021,0,1117,0008,1000000000000000429774,,,,1,용도지역코드,UOC800,역사문화환경보존지역,0,0,,역사문화환경보존지역,20231214
경상남도 양산시 상북면 석계리 1117-8번지,48330,33021,0,1117,0008,1000000000000000429774,,,,3,용도구역코드,UQQ300,지구단위계획구역,1,0,,지구단위계획구역,20231214
경상남도 양산시 상북면 석계리 1117-8번지,48330,33021,0,1117,0008,1000000000000000429774,,,,2,용도지구코드,UFB120,산업용지,1,0,,산업용지,20231214
경상남도 양산시 상북면 석계리 1117-8번지,48330,33021,0,1117,0008,1000000000000000429774,,,,1,용도지역코드,UQA320,일반공업지역,1,0,,일반공업지역,20231214
경상남도 양산시 상북면 석계리 1117-8번지,48330,33021,0,1117,0008,1264100128221,,,,1,용도지역코드,UQA320,일반공업지역,1,0,,일반공업지역,20221008
경상남도 양산시 상북면 석계리 1117-8번지,48330,33021,0,1117,0008,1264100128221,,,,3,용도구역코드,UQQ300,지구단위계획구역,1,0,,지구단위계획구역,20221008
경상남도 양산시 상북면 석계리 1117-8번지,48330,33021,0,1117,0008,1264100128221,,,,3,용도구역코드,UMZ100,가축사육제한구역,0,0,,가축사육제한구역,20221008
경상남도 양산시 상북면 석계리 1118-1번지,48330,33021,0,1118,0001,1264100121640,,,,1,용도지역코드,UQA320,일반공업지역,1,0,,일반공업지역,20221008
경상남도 양산시 상북면 석계리 1118-2번지,48330,33021,0,1118,0002,1264100126903,,,,1,용도지역코드,UQA320,일반공업지역,1,0,,일반공업지역,20221008
경상남도 양산시 상북면 석계리 1118-2번지,48330,33021,0,1118,0002,1264100126903,,,,3,용도구역코드,UMZ100,가축사육제한구역,1,0,,가축사육제한구역,20221008
경상남도 양산시 상북면 석계리 1118-3번지,48330,33021,0,1118,0003,1264100140704,,,,3,용도구역코드,UQQ300,지구단위계획구역,1,0,,지구단위계획구역,20250731
경상남도 양산시 상북면 석계리 1118-3번지,48330,33021,0,1118,0003,1264100140704,,,,1,용도지역코드,UQA320,일반공업지역,1,0,,일반공업지역,20250731
경상남도 양산시 상북면 석계리 1118-3번지,48330,33021,0,1118,0003,1000000000000000793993,,,,3,용도구역코드,UQQ300,지구단위계획구역,1,0,,지구단위계획구역,20250901
경상남도 양산시 상북면 석계리 1118-3번지,48330,33021,0,1118,0003,1000000000000000793993,,,,1,용도지역코드,UQA320,일반공업지역,1,0,,일반공업지역,20250901
경상남도 양산시 상북면 석계리 1118-3번지,48330,33021,0,1118,0003,1000000000000000793993,,,,1,용도지역코드,UOC810,역사문화환경보전지역,0,0,,역사문화환경보전지역,20250901
경상남도 양산시 상북면 석계리 1118-4번지,48330,33021,0,1118,0004,1264100131110,,,,3,용도구역코드,UQQ300,지구단위계획구역,1,0,,지구단위계획구역,20221008
경상남도 양산시 상북면 석계리 1118-4번지,48330,33021,0,1118,0004,1264100131110,,,,1,용도지역코드,UQA320,일반공업지역,1,0,,일반공업지역,20221008
경상남도 양산시 상북면 석계리 1118-7번지,48330,33021,0,1118,0007,1264100128842,,,,1,용도지역코드,UQA320,일반공업지역,1,0,,일반공업지역,20221008
경상남도 양산시 상북면 석계리 1118-7번지,48330,33021,0,1118,0007,1264100128842,,,,3,용도구역코드,UQQ300,지구단위계획구역,1,0,,지구단위계획구역,20221008
경상남도 양산시 상북면 석계리 1118-9번지,48330,33021,0,1118,0009,1264100122399,,,,1,용도지역코드,UQA320,일반공업지역,1,0,,일반공업지역,20221008
경상남도 양산시 상북면 석계리 1118-9번지,48330,33021,0,1118,0009,1264100122399,,,,3,용도구역코드,UQQ300,지구단위계획구역,1,0,,지구단위계획구역,20221008
경상남도 양산시 상북면 석계리 1118-10번지,48330,33021,0,1118,0010,1264100133024,,,,1,용도지역코드,UQA320,일반공업지역,1,0,,일반공업지역,20221008
경상남도 양산시 상북면 석계리 1118-10번지,48330,33021,0,1118,0010,1264100133024,,,,2,용도지구코드,UHA600,공장입지유도지구,1,0,,공장입지유도지구,20221008
경상남도 양산시 상북면 석계리 1118-10번지,48330,33021,0,1118,0010,1264100133024,,,,3,용도구역코드,UQQ300,지구단위계획구역,1,0,,지구단위계획구역,20221008
경상남도 양산시 상북면 석계리 1118-11번지,48330,33021,0,1118,0011,1264100142803,,,,1,용도지역코드,UQA320,일반공업지역,1,0,,일반공업지역,20221008
경상남도 양산시 상북면 석계리 1118-11번지,48330,33021,0,1118,0011,1264100142803,,,,3,용도구역코드,UQQ300,지구단위계획구역,1,0,,지구단위계획구역,20221008
경상남도 양산시 상북면 석계리 1119-1번지,48330,33021,0,1119,0001,1264100131106,,,,1,용도지역코드,UQA320,일반공업지역,1,0,,일반공업지역,20221008
경상남도 양산시 상북면 석계리 1119-1번지,48330,33021,0,1119,0001,1264100131106,,,,3,용도구역코드,UOA120,상대보호구역,1,0,,상대보호구역,20221008
경상남도 양산시 상북면 석계리 1119-1번지,48330,33021,0,1119,0001,1264100131106,,,,3,용도구역코드,UQQ300,지구단위계획구역,0,0,,지구단위계획구역,20221008
경상남도 양산시 상북면 석계리 1119-2번지,48330,33021,0,1119,0002,1264100143044,,,,1,용도지역코드,UQA320,일반공업지역,1,0,,일반공업지역,20221008
경상남도 양산시 상북면 석계리 1119-2번지,48330,33021,0,1119,0002,1264100143044,,,,3,용도구역코드,UQQ300,지구단위계획구역,1,0,,지구단위계획구역,20221008
경상남도 양산시 상북면 석계리 1119-5번지,48330,33021,0,1119,0005,1264100139444,,,,1,용도지역코드,UQA320,일반공업지역,1,0,,일반공업지역,20221008
경상남도 양산시 상북면 석계리 1119-5번지,48330,33021,0,1119,0005,1264100139444,,,,3,용도구역코드,UQQ300,지구단위계획구역,1,0,,지구단위계획구역,20221008
경상남도 양산시 상북면 석계리 1119-7번지,48330,33021,0,1119,0007,1000000000000000867373,,,,1,용도지역코드,UQA320,일반공업지역,1,0,,일반공업지역,20251229
경상남도 양산시 상북면 석계리 1119-7번지,48330,33021,0,1119,0007,1000000000000000867373,,,,3,용도구역코드,UQQ300,지구단위계획구역,1,0,,지구단위계획구역,20251229
경상남도 양산시 상북면 석계리 1119-7번지,48330,33021,0,1119,0007,1264100134923,,,,1,용도지역코드,UQA320,일반공업지역,1,0,,일반공업지역,20221008
경상남도 양산시 상북면 석계리 1119-7번지,48330,33021,0,1119,0007,1264100134923,,,,3,용도구역코드,UQQ300,지구단위계획구역,1,0,,지구단위계획구역,20221008
경상남도 양산시 상북면 석계리 1119-8번지,48330,33021,0,1119,0008,1000000000000000268139,,,,1,용도지역코드,UQA320,일반공업지역,1,0,,일반공업지역,20230407
경상남도 양산시 상북면 석계리 1119-8번지,48330,33021,0,1119,0008,1000000000000000268139,,,,3,용도구역코드,UQQ300,지구단위계획구역,1,0,,지구단위계획구역,20230407
경상남도 양산시 상북면 석계리 1119-8번지,48330,33021,0,1119,0008,1000000000000000238223,,,,3,용도구역코드,UQQ300,지구단위계획구역,1,0,,지구단위계획구역,20230705
경상남도 양산시 상북면 석계리 1119-8번지,48330,33021,0,1119,0008,1000000000000000238223,,,,1,용도지역코드,UQA320,일반공업지역,1,0,,일반공업지역,20230705
경상남도 양산시 상북면 석계리 1119-8번지,48330,33021,0,1119,0008,1264100130525,,,,1,용도지역코드,UQA320,일반공업지역,1,0,,일반공업지역,20221008
경상남도 양산시 상북면 석계리 1119-8번지,48330,33021,0,1119,0008,1264100147064,,,,1,용도지역코드,UQA320,일반공업지역,1,0,,일반공업지역,20221008
경상남도 양산시 상북면 석계리 1119-8번지,48330,33021,0,1119,0008,1264100147064,,,,3,용도구역코드,UQQ300,지구단위계획구역,1,0,,지구단위계획구역,20221008
경상남도 양산시 상북면 석계리 1120-4번지,48330,33021,0,1120,0004,1264100138964,,,,1,용도지역코드,UQA320,일반공업지역,1,0,,일반공업지역,20221008
경상남도 양산시 상북면 석계리 1120-4번지,48330,33021,0,1120,0004,1264100138964,,,,3,용도구역코드,UQQ300,지구단위계획구역,1,0,,지구단위계획구역,20221008
경상남도 양산시 상북면 석계리 1121-1번지,48330,33021,0,1121,0001,1264100134403,,,,1,용도지역코드,UQA320,일반공업지역,1,0,,일반공업지역,20221008
경상남도 양산시 상북면 석계리 1121-1번지,48330,33021,0,1121,0001,1264100134403,,,,3,용도구역코드,UQQ300,지구단위계획구역,1,0,,지구단위계획구역,20221008
경상남도 양산시 상북면 석계리 1121-2번지,48330,33021,0,1121,0002,1264100131946,,,,1,용도지역코드,UQA320,일반공업지역,1,0,,일반공업지역,20221008
경상남도 양산시 상북면 석계리 1121-2번지,48330,33021,0,1121,0002,1264100131946,,,,3,용도구역코드,UQQ300,지구단위계획구역,1,0,,지구단위계획구역,20221008
경상남도 양산시 상북면 석계리 1121-4번지,48330,33021,0,1121,0004,1264100128621,,,,1,용도지역코드,UQA320,일반공업지역,1,0,,일반공업지역,20221008
경상남도 양산시 상북면 석계리 1121-4번지,48330,33021,0,1121,0004,1264100128621,,,,3,용도구역코드,UQQ300,지구단위계획구역,1,0,,지구단위계획구역,20221008
경상남도 양산시 상북면 석계리 1121-5번지,48330,33021,0,1121,0005,1000000000000000582756,,,,3,용도구역코드,UQQ300,지구단위계획구역,1,0,,지구단위계획구역,20260318
경상남도 양산시 상북면 석계리 1121-5번지,48330,33021,0,1121,0005,1000000000000000582756,,,,1,용도지역코드,UQA320,일반공업지역,1,0,,일반공업지역,20260318
경상남도 양산시 상북면 석계리 1121-5번지,48330,33021,0,1121,0005,1264100118260,,,,1,용도지역코드,UQA320,일반공업지역,1,0,,일반공업지역,20221008
경상남도 양산시 상북면 석계리 1121-5번지,48330,33021,0,1121,0005,1264100118260,,,,3,용도구역코드,UQQ300,지구단위계획구역,1,0,,지구단위계획구역,20221008
경상남도 양산시 상북면 석계리 1121-6번지,48330,33021,0,1121,0006,1264100123721,,,,1,용도지역코드,UQA320,일반공업지역,1,0,,일반공업지역,20221008
경상남도 양산시 상북면 석계리 1121-7번지,48330,33021,0,1121,0007,1000000000000000826350,,,,1,용도지역코드,UQA320,일반공업지역,1,0,,일반공업지역,20251230
경상남도 양산시 상북면 석계리 1121-7번지,48330,33021,0,1121,0007,1000000000000000826350,,,,3,용도구역코드,UQQ300,지구단위계획구역,1,0,,지구단위계획구역,20251230
경상남도 양산시 상북면 석계리 1121-7번지,48330,33021,0,1121,0007,1000000000000000826350,,,,3,용도구역코드,UMZ100,가축사육제한구역,0,0,,가축사육제한구역,20251230
경상남도 양산시 상북면 석계리 1121-7번지,48330,33021,0,1121,0007,1000000000000000857874,,,,1,용도지역코드,UQA320,일반공업지역,1,0,,일반공업지역,20251210
경상남도 양산시 상북면 석계리 1121-7번지,48330,33021,0,1121,0007,1000000000000000857874,,,,3,용도구역코드,UQQ300,지구단위계획구역,1,0,,지구단위계획구역,20251210
경상남도 양산시 상북면 석계리 1121-7번지,48330,33021,0,1121,0007,1000000000000000857874,,,,3,용도구역코드,UMZ100,가축사육제한구역,0,0,,가축사육제한구역,20251210
경상남도 양산시 상북면 석계리 1121-7번지,48330,33021,0,1121,0007,1264100123039,,,,1,용도지역코드,UQA320,일반공업지역,1,0,,일반공업지역,20221008
경상남도 양산시 상북면 석계리 1121-7번지,48330,33021,0,1121,0007,1264100123039,,,,1,용도지역코드,UHA200,지방산업단지,0,0,,지방산업단지,20221008
경상남도 양산시 상북면 석계리 1121-7번지,48330,33021,0,1121,0007,1264100123039,,,,3,용도구역코드,UQQ300,지구단위계획구역,1,0,,지구단위계획구역,20221008
경상남도 양산시 상북면 석계리 1121-9번지,48330,33021,0,1121,0009,1264100154070,,,,3,용도구역코드,UMZ100,가축사육제한구역,1,0,,가축사육제한구역,20221226
경상남도 양산시 상북면 석계리 1121-9번지,48330,33021,0,1121,0009,1264100154070,,,,1,용도지역코드,UQA320,일반공업지역,1,0,,일반공업지역,20221226
경상남도 양산시 상북면 석계리 1121-9번지,48330,33021,0,1121,0009,1264100123839,,,,1,용도지역코드,UQA320,일반공업지역,1,0,,일반공업지역,20221008
경상남도 양산시 상북면 석계리 1121-9번지,48330,33021,0,1121,0009,1264100140303,,,,1,용도지역코드,UQA320,일반공업지역,1,0,,일반공업지역,20221008
경상남도 양산시 상북면 석계리 1121-9번지,48330,33021,0,1121,0009,1264100131143,,,,1,용도지역코드,UQA320,일반공업지역,1,0,,일반공업지역,20221008
경상남도 양산시 상북면 석계리 1121-9번지,48330,33021,0,1121,0009,1264100131143,,,,3,용도구역코드,UQQ310,제1종지구단위계획구역,1,0,,제1종지구단위계획구역,20221008
경상남도 양산시 상북면 석계리 1121-10번지,48330,33021,0,1121,0010,1264100125504,,,,1,용도지역코드,UQA320,일반공업지역,1,0,,일반공업지역,20221008
경상남도 양산시 상북면 석계리 1121-10번지,48330,33021,0,1121,0010,1264100126481,,,,1,용도지역코드,UQA320,일반공업지역,1,0,,일반공업지역,20221008
경상남도 양산시 상북면 석계리 1122-1번지,48330,33021,0,1122,0001,1000000000000000464879,,,,1,용도지역코드,UQA320,일반공업지역,1,0,,일반공업지역,20240222
경상남도 양산시 상북면 석계리 1122-1번지,48330,33021,0,1122,0001,1000000000000000464879,,,,3,용도구역코드,UQQ300,지구단위계획구역,1,0,,지구단위계획구역,20240222
경상남도 양산시 상북면 석계리 1122-1번지,48330,33021,0,1122,0001,1264100130463,,,,1,용도지역코드,UQA320,일반공업지역,1,0,,일반공업지역,20221008
경상남도 양산시 상북면 석계리 1122-1번지,48330,33021,0,1122,0001,1264100130463,,,,3,용도구역코드,UQQ300,지구단위계획구역,1,0,,지구단위계획구역,20221008
경상남도 양산시 상북면 석계리 1122-3번지,48330,33021,0,1122,0003,1264100146244,,,,1,용도지역코드,UQA320,일반공업지역,1,0,,일반공업지역,20221008
경상남도 양산시 상북면 석계리 1122-3번지,48330,33021,0,1122,0003,1264100146244,,,,3,용도구역코드,UQQ300,지구단위계획구역,1,0,,지구단위계획구역,20221008
경상남도 양산시 상북면 석계리 1122-4번지,48330,33021,0,1122,0004,1264100144265,,,,1,용도지역코드,UQA320,일반공업지역,1,0,,일반공업지역,20221008
경상남도 양산시 상북면 석계리 1122-4번지,48330,33021,0,1122,0004,1264100144265,,,,3,용도구역코드,UQQ300,지구단위계획구역,1,0,,지구단위계획구역,20221008
경상남도 양산시 상북면 석계리 1122-4번지,48330,33021,0,1122,0004,1264100144783,,,,1,용도지역코드,UQA320,일반공업지역,1,0,,일반공업지역,20221008
경상남도 양산시 상북면 석계리 1122-4번지,48330,33021,0,1122,0004,1264100144783,,,,3,용도구역코드,UQQ300,지구단위계획구역,1,0,,지구단위계획구역,20221008
경상남도 양산시 상북면 석계리 1122-5번지,48330,33021,0,1122,0005,1000000000000000992607,,,,1,용도지역코드,UQA320,일반공업지역,1,0,,일반공업지역,20260710
경상남도 양산시 상북면 석계리 1122-5번지,48330,33021,0,1122,0005,1000000000000000992607,,,,3,용도구역코드,UQQ300,지구단위계획구역,1,0,,지구단위계획구역,20260710
경상남도 양산시 상북면 석계리 1122-5번지,48330,33021,0,1122,0005,1264100140185,,,,1,용도지역코드,UQA320,일반공업지역,1,0,,일반공업지역,20221008
경상남도 양산시 상북면 석계리 1122-5번지,48330,33021,0,1122,0005,1264100140185,,,,3,용도구역코드,UQQ300,지구단위계획구역,1,0,,지구단위계획구역,20221008
경상남도 양산시 상북면 석계리 1122-5번지,48330,33021,0,1122,0005,1264100129567,,,,1,용도지역코드,UQA320,일반공업지역,1,0,,일반공업지역,20221008
경상남도 양산시 상북면 석계리 1122-5번지,48330,33021,0,1122,0005,1264100129567,,,,3,용도구역코드,UQQ300,지구단위계획구역,1,0,,지구단위계획구역,20221008
경상남도 양산시 상북면 석계리 1123-1번지,48330,33021,0,1123,0001,1264100133265,,,,1,용도지역코드,UQA320,일반공업지역,1,0,,일반공업지역,20221008
경상남도 양산시 상북면 석계리 1123-1번지,48330,33021,0,1123,0001,1264100133265,,,,3,용도구역코드,UQQ300,지구단위계획구역,1,0,,지구단위계획구역,20221008
경상남도 양산시 상북면 석계리 1123-1번지,48330,33021,0,1123,0001,1000000000000000640489,,,,1,용도지역코드,UQA320,일반공업지역,1,0,,일반공업지역,20250430
경상남도 양산시 상북면 석계리 1123-1번지,48330,33021,0,1123,0001,1000000000000000640489,,,,3,용도구역코드,UQQ300,지구단위계획구역,1,0,,지구단위계획구역,20250430
경상남도 양산시 상북면 석계리 1123-2번지,48330,33021,0,1123,0002,1264100121899,,,,1,용도지역코드,UQA320,일반공업지역,1,0,,일반공업지역,20221008
경상남도 양산시 상북면 석계리 1124-1번지,48330,33021,0,1124,0001,1264100136146,,,,1,용도지역코드,UQA320,일반공업지역,1,0,,일반공업지역,20221008
경상남도 양산시 상북면 석계리 1124-1번지,48330,33021,0,1124,0001,1264100136146,,,,3,용도구역코드,UQQ300,지구단위계획구역,1,0,,지구단위계획구역,20221008
경상남도 양산시 상북면 석계리 1124-1번지,48330,33021,0,1124,0001,1264100123720,,,,1,용도지역코드,UQA320,일반공업지역,1,0,,일반공업지역,20221008
경상남도 양산시 상북면 석계리 1124-2번지,48330,33021,0,1124,0002,1264100135366,,,,1,용도지역코드,UQA320,일반공업지역,1,0,,일반공업지역,20221008
경상남도 양산시 상북면 석계리 1124-2번지,48330,33021,0,1124,0002,1264100135366,,,,3,용도구역코드,UQQ300,지구단위계획구역,1,0,,지구단위계획구역,20221008
경상남도 양산시 상북면 석계리 1124-5번지,48330,33021,0,1124,0005,1264100140723,,,,1,용도지역코드,UQA320,일반공업지역,1,0,,일반공업지역,20221008
경상남도 양산시 상북면 석계리 1124-7번지,48330,33021,0,1124,0007,1000000000000000227080,,,,1,용도지역코드,UQA320,일반공업지역,1,0,,일반공업지역,20230209
경상남도 양산시 상북면 석계리 1124-7번지,48330,33021,0,1124,0007,1000000000000000227080,,,,3,용도구역코드,UQQ300,지구단위계획구역,1,0,,지구단위계획구역,20230209
경상남도 양산시 상북면 석계리 1124-7번지,48330,33021,0,1124,0007,1000000000000000223668,,,,1,용도지역코드,UQA320,일반공업지역,1,0,,일반공업지역,20230807
경상남도 양산시 상북면 석계리 1124-7번지,48330,33021,0,1124,0007,1000000000000000223668,,,,3,용도구역코드,UQQ300,지구단위계획구역,1,0,,지구단위계획구역,20230807
경상남도 양산시 상북면 석계리 1124-7번지,48330,33021,0,1124,0007,1264100146964,,,,1,용도지역코드,UQA320,일반공업지역,1,0,,일반공업지역,20221008
경상남도 양산시 상북면 석계리 1124-7번지,48330,33021,0,1124,0007,1264100146964,,,,3,용도구역코드,UQQ300,지구단위계획구역,1,0,,지구단위계획구역,20221008
경상남도 양산시 상북면 석계리 1124-7번지,48330,33021,0,1124,0007,1264100146964,,,,3,용도구역코드,UMZ100,가축사육제한구역,0,0,,가축사육제한구역,20221008
경상남도 양산시 상북면 석계리 1124-9번지,48330,33021,0,1124,0009,1264100124819,,,,1,용도지역코드,UQA320,일반공업지역,1,0,,일반공업지역,20221008
경상남도 양산시 상북면 석계리 1124-10번지,48330,33021,0,1124,0010,1264100124159,,,,1,용도지역코드,UQA320,일반공업지역,1,0,,일반공업지역,20221008
경상남도 양산시 상북면 석계리 1124-10번지,48330,33021,0,1124,0010,1264100143463,,,,1,용도지역코드,UQA320,일반공업지역,1,0,,일반공업지역,20221008
경상남도 양산시 상북면 석계리 1124-10번지,48330,33021,0,1124,0010,1264100143463,,,,3,용도구역코드,UQQ300,지구단위계획구역,1,0,,지구단위계획구역,20221008
경상남도 양산시 상북면 석계리 1124-11번지,48330,33021,0,1124,0011,1264100133043,,,,1,용도지역코드,UQA320,일반공업지역,1,0,,일반공업지역,20221008
경상남도 양산시 상북면 석계리 1124-11번지,48330,33021,0,1124,0011,1264100133043,,,,3,용도구역코드,UQQ300,지구단위계획구역,1,0,,지구단위계획구역,20221008
경상남도 양산시 상북면 석계리 1124-12번지,48330,33021,0,1124,0012,1264100151493,,,,1,용도지역코드,UQA320,일반공업지역,1,0,,일반공업지역,20221008
경상남도 양산시 상북면 석계리 1124-12번지,48330,33021,0,1124,0012,1264100151493,,,,3,용도구역코드,UQQ300,지구단위계획구역,1,0,,지구단위계획구역,20221008
경상남도 양산시 상북면 석계리 1124-12번지,48330,33021,0,1124,0012,1264100129243,,,,1,용도지역코드,UQA320,일반공업지역,1,0,,일반공업지역,20221008
경상남도 양산시 상북면 석계리 1124-12번지,48330,33021,0,1124,0012,1264100129243,,,,3,용도구역코드,UQQ300,지구단위계획구역,1,0,,지구단위계획구역,20221008
경상남도 양산시 상북면 석계리 1124-12번지,48330,33021,0,1124,0012,1264100144107,,,,1,용도지역코드,UQA320,일반공업지역,1,0,,일반공업지역,20221008
경상남도 양산시 상북면 석계리 1124-12번지,48330,33021,0,1124,0012,1264100144107,,,,3,용도구역코드,UQQ300,지구단위계획구역,1,0,,지구단위계획구역,20221008
경상남도 양산시 상북면 석계리 1124-13번지,48330,33021,0,1124,0013,1264100127081,,,,1,용도지역코드,UQA320,일반공업지역,1,0,,일반공업지역,20221008
경상남도 양산시 상북면 석계리 1125-1번지,48330,33021,0,1125,0001,1264100151773,,,,1,용도지역코드,UQA320,일반공업지역,1,0,,일반공업지역,20221008
경상남도 양산시 상북면 석계리 1125-1번지,48330,33021,0,1125,0001,1264100151773,,,,3,용도구역코드,UQQ300,지구단위계획구역,1,0,,지구단위계획구역,20221008
경상남도 양산시 상북면 석계리 1125-1번지,48330,33021,0,1125,0001,1264100147671,,,,1,용도지역코드,UQA320,일반공업지역,1,0,,일반공업지역,20221008
경상남도 양산시 상북면 석계리 1125-1번지,48330,33021,0,1125,0001,1264100147671,,,,1,용도지역코드,UHA200,지방산업단지,0,0,,지방산업단지,20221008
경상남도 양산시 상북면 석계리 1125-1번지,48330,33021,0,1125,0001,1264100147671,,,,3,용도구역코드,UQQ300,지구단위계획구역,1,0,,지구단위계획구역,20221008
경상남도 양산시 상북면 석계리 1125-1번지,48330,33021,0,1125,0001,1264100147671,,,,3,용도구역코드,UMZ100,가축사육제한구역,0,0,,가축사육제한구역,20221008
경상남도 양산시 상북면 석계리 1125-2번지,48330,33021,0,1125,0002,1264100141863,,,,1,용도지역코드,UQA320,일반공업지역,1,0,,일반공업지역,20221008
경상남도 양산시 상북면 석계리 1125-2번지,48330,33021,0,1125,0002,1264100141863,,,,3,용도구역코드,UQQ300,지구단위계획구역,1,0,,지구단위계획구역,20221008
경상남도 양산시 상북면 석계리 1125-2번지,48330,33021,0,1125,0002,1264100134703,,,,1,용도지역코드,UQA320,일반공업지역,1,0,,일반공업지역,20221008
경상남도 양산시 상북면 석계리 1125-2번지,48330,33021,0,1125,0002,1264100134703,,,,3,용도구역코드,UQQ300,지구단위계획구역,1,0,,지구단위계획구역,20221008
경상남도 양산시 상북면 석계리 1125-5번지,48330,33021,0,1125,0005,1264100133085,,,,1,용도지역코드,UQA320,일반공업지역,1,0,,일반공업지역,20221008
경상남도 양산시 상북면 석계리 1125-5번지,48330,33021,0,1125,0005,1264100123399,,,,1,용도지역코드,UQA320,일반공업지역,1,0,,일반공업지역,20221008
경상남도 양산시 상북면 석계리 1125-6번지,48330,33021,0,1125,0006,1000000000000000335273,,,,3,용도구역코드,UBK500,산업시설구역,0,0,,산업시설구역,20230712
경상남도 양산시 상북면 석계리 1125-6번지,48330,33021,0,1125,0006,1000000000000000335273,,,,1,용도지역코드,UQA320,일반공업지역,1,0,,일반공업지역,20230712
경상남도 양산시 상북면 석계리 1125-6번지,48330,33021,0,1125,0006,1000000000000000335273,,,,3,용도구역코드,UQQ310,제1종지구단위계획구역,1,0,,제1종지구단위계획구역,20230712
경상남도 양산시 상북면 석계리 1125-6번지,48330,33021,0,1125,0006,1000000000000000277950,,,,1,용도지역코드,UQA320,일반공업지역,1,0,,일반공업지역,20231023
경상남도 양산시 상북면 석계리 1125-6번지,48330,33021,0,1125,0006,1000000000000000277950,,,,3,용도구역코드,UQQ300,지구단위계획구역,1,0,,지구단위계획구역,20231023
경상남도 양산시 상북면 석계리 1125-6번지,48330,33021,0,1125,0006,1264100132225,,,,1,용도지역코드,UQA320,일반공업지역,1,0,,일반공업지역,20221008
경상남도 양산시 상북면 석계리 1125-6번지,48330,33021,0,1125,0006,1264100132225,,,,3,용도구역코드,UQQ300,지구단위계획구역,1,0,,지구단위계획구역,20221008
경상남도 양산시 상북면 석계리 1126-1번지,48330,33021,0,1126,0001,1264100140505,,,,1,용도지역코드,UQA320,일반공업지역,1,0,,일반공업지역,20221008
경상남도 양산시 상북면 석계리 1126-1번지,48330,33021,0,1126,0001,1264100140505,,,,3,용도구역코드,UQQ300,지구단위계획구역,1,0,,지구단위계획구역,20221008
경상남도 양산시 상북면 석계리 1126-1번지,48330,33021,0,1126,0001,1264100140505,,,,3,용도구역코드,UMZ100,가축사육제한구역,0,0,,가축사육제한구역,20221008
경상남도 양산시 상북면 석계리 1126-1번지,48330,33021,0,1126,0001,1264100141303,,,,3,용도구역코드,UQQ300,지구단위계획구역,1,0,,지구단위계획구역,20221008
경상남도 양산시 상북면 석계리 1126-1번지,48330,33021,0,1126,0001,1264100141303,,,,1,용도지역코드,UQA320,일반공업지역,1,0,,일반공업지역,20221008
경상남도 양산시 상북면 석계리 1126-2번지,48330,33021,0,1126,0002,1264100136566,,,,1,용도지역코드,UQA320,일반공업지역,1,0,,일반공업지역,20221008
경상남도 양산시 상북면 석계리 1126-2번지,48330,33021,0,1126,0002,1264100136566,,,,3,용도구역코드,UQQ300,지구단위계획구역,1,0,,지구단위계획구역,20221008
경상남도 양산시 상북면 석계리 1126-2번지,48330,33021,0,1126,0002,1264100136566,,,,3,용도구역코드,UMZ100,가축사육제한구역,0,0,,가축사육제한구역,20221008
경상남도 양산시 상북면 석계리 1126-4번지,48330,33021,0,1126,0004,1264100128122,,,,1,용도지역코드,UQA320,일반공업지역,1,0,,일반공업지역,20221008
경상남도 양산시 상북면 석계리 1126-4번지,48330,33021,0,1126,0004,1264100113376,,,,1,용도지역코드,UQA320,일반공업지역,1,0,,일반공업지역,20221008
경상남도 양산시 상북면 석계리 1126-4번지,48330,33021,0,1126,0004,1000000000000000307096,,,,3,용도구역코드,UMZ100,가축사육제한구역,1,0,,가축사육제한구역,20230602
경상남도 양산시 상북면 석계리 1126-4번지,48330,33021,0,1126,0004,1000000000000000307096,,,,1,용도지역코드,UQA320,일반공업지역,1,0,,일반공업지역,20230602
경상남도 양산시 상북면 석계리 1126-6번지,48330,33021,0,1126,0006,1264100129265,,,,1,용도지역코드,UQA320,일반공업지역,1,0,,일반공업지역,20221008
경상남도 양산시 상북면 석계리 1126-6번지,48330,33021,0,1126,0006,1264100129265,,,,3,용도구역코드,UQQ300,지구단위계획구역,1,0,,지구단위계획구역,20221008
경상남도 양산시 상북면 석계리 1126-7번지,48330,33021,0,1126,0007,1264100129963,,,,1,용도지역코드,UQA320,일반공업지역,1,0,,일반공업지역,20221008
경상남도 양산시 상북면 석계리 1126-7번지,48330,33021,0,1126,0007,1264100129963,,,,3,용도구역코드,UQQ300,지구단위계획구역,1,0,,지구단위계획구역,20221008
경상남도 양산시 상북면 석계리 1126-8번지,48330,33021,0,1126,0008,1000000000000001005179,,,,1,용도지역코드,UQA320,일반공업지역,1,0,,일반공업지역,20260731
경상남도 양산시 상북면 석계리 1126-8번지,48330,33021,0,1126,0008,1000000000000001005179,,,,3,용도구역코드,UQQ300,지구단위계획구역,1,0,,지구단위계획구역,20260731
경상남도 양산시 상북면 석계리 1126-8번지,48330,33021,0,1126,0008,1000000000000001022180,,,,1,용도지역코드,UQA320,일반공업지역,1,0,,일반공업지역,20260831
경상남도 양산시 상북면 석계리 1126-8번지,48330,33021,0,1126,0008,1000000000000001022180,,,,3,용도구역코드,UQQ300,지구단위계획구역,1,0,,지구단위계획구역,20260831
경상남도 양산시 상북면 석계리 1126-9번지,48330,33021,0,1126,0009,1264100127283,,,,1,용도지역코드,UQA320,일반공업지역,1,0,,일반공업지역,20221008
경상남도 양산시 상북면 석계리 1126-9번지,48330,33021,0,1126,0009,1264100127283,,,,3,용도구역코드,UQQ300,지구단위계획구역,1,0,,지구단위계획구역,20221008
경상남도 양산시 상북면 석계리 1127-1번지,48330,33021,0,1127,0001,1264100142724,,,,1,용도지역코드,UQA320,일반공업지역,1,0,,일반공업지역,20221008
경상남도 양산시 상북면 석계리 1127-1번지,48330,33021,0,1127,0001,1264100142724,,,,3,용도구역코드,UQQ300,지구단위계획구역,1,0,,지구단위계획구역,20221008
경상남도 양산시 상북면 석계리 1127-1번지,48330,33021,0,1127,0001,1000000000000000433237,,,,1,용도지역코드,UQA320,일반공업지역,1,0,,일반공업지역,20240621
경상남도 양산시 상북면 석계리 1127-1번지,48330,33021,0,1127,0001,1000000000000000433237,,,,3,용도구역코드,UQQ300,지구단위계획구역,1,0,,지구단위계획구역,20240621
경상남도 양산시 상북면 석계리 1127-1번지,48330,33021,0,1127,0001,1264100124681,,,,1,용도지역코드,UQA320,일반공업지역,1,0,,일반공업지역,20221008
경상남도 양산시 상북면 석계리 1127-1번지,48330,33021,0,1127,0001,1264100124681,,,,3,용도구역코드,UQQ300,지구단위계획구역,1,0,,지구단위계획구역,20221008
경상남도 양산시 상북면 석계리 1127-3번지,48330,33021,0,1127,0003,1264100124065,,,,1,용도지역코드,UQA320,일반공업지역,1,0,,일반공업지역,20221008
경상남도 양산시 상북면 석계리 1127-4번지,48330,33021,0,1127,0004,1264100128481,,,,1,용도지역코드,UQA320,일반공업지역,1,0,,일반공업지역,20221008
경상남도 양산시 상북면 석계리 1127-4번지,48330,33021,0,1127,0004,1264100128481,,,,3,용도구역코드,UQQ300,지구단위계획구역,1,0,,지구단위계획구역,20221008
경상남도 양산시 상북면 석계리 1127-5번지,48330,33021,0,1127,0005,1264100122380,,,,1,용도지역코드,UQA320,일반공업지역,1,0,,일반공업지역,20221008
경상남도 양산시 상북면 석계리 1127-6번지,48330,33021,0,1127,0006,1264100133264,,,,1,용도지역코드,UQA320,일반공업지역,1,0,,일반공업지역,20221008
경상남도 양산시 상북면 석계리 1127-6번지,48330,33021,0,1127,0006,1264100133264,,,,3,용도구역코드,UQQ300,지구단위계획구역,1,0,,지구단위계획구역,20221008
경상남도 양산시 상북면 석계리 1127-7번지,48330,33021,0,1127,0007,1264100122959,,,,1,용도지역코드,UQA320,일반공업지역,1,0,,일반공업지역,20221008
경상남도 양산시 상북면 석계리 1127-8번지,48330,33021,0,1127,0008,1000000000000000496094,,,,1,용도지역코드,UQA320,일반공업지역,1,0,,일반공업지역,20241018
경상남도 양산시 상북면 석계리 1127-8번지,48330,33021,0,1127,0008,1000000000000000496094,,,,2,용도지구코드,UFB120,산업용지,1,0,,산업용지,20241018
경상남도 양산시 상북면 석계리 1127-8번지,48330,33021,0,1127,0008,1000000000000000496094,,,,3,용도구역코드,UQQ300,지구단위계획구역,1,0,,지구단위계획구역,20241018
경상남도 양산시 상북면 석계리 1127-8번지,48330,33021,0,1127,0008,1000000000000000496094,,,,3,용도구역코드,UMZ100,가축사육제한구역,0,0,,가축사육제한구역,20241018
경상남도 양산시 상북면 석계리 1127-8번지,48330,33021,0,1127,0008,1000000000000000497615,,,,1,용도지역코드,UQA320,일반공업지역,1,0,,일반공업지역,20240416
경상남도 양산시 상북면 석계리 1127-8번지,48330,33021,0,1127,0008,1000000000000000497615,,,,3,용도구역코드,UQQ300,지구단위계획구역,1,0,,지구단위계획구역,20240416
경상남도 양산시 상북면 석계리 1127-8번지,48330,33021,0,1127,0008,1000000000000000497615,,,,3,용도구역코드,UBK500,산업시설구역,0,0,,산업시설구역,20240416
경상남도 양산시 상북면 석계리 1127-8번지,48330,33021,0,1127,0008,1000000000000000497615,,,,2,용도지구코드,UFB120,산업용지,1,0,,산업용지,20240416
경상남도 양산시 상북면 석계리 1127-9번지,48330,33021,0,1127,0009,1000000000000000897564,,,,3,용도구역코드,UMZ100,가축사육제한구역,0,0,,가축사육제한구역,20260528
경상남도 양산시 상북면 석계리 1127-9번지,48330,33021,0,1127,0009,1000000000000000897564,,,,1,용도지역코드,UQA320,일반공업지역,1,0,,일반공업지역,20260528
경상남도 양산시 상북면 석계리 1127-9번지,48330,33021,0,1127,0009,1000000000000000897564,,,,3,용도구역코드,UQQ300,지구단위계획구역,1,0,,지구단위계획구역,20260528
경상남도 양산시 상북면 석계리 1127-9번지,48330,33021,0,1127,0009,1264100124659,,,,1,용도지역코드,UQA320,일반공업지역,1,0,,일반공업지역,20221008
경상남도 양산시 상북면 석계리 1127-10번지,48330,33021,0,1127,0010,1264100146943,,,,1,용도지역코드,UQA320,일반공업지역,1,0,,일반공업지역,20221008
경상남도 양산시 상북면 석계리 1127-10번지,48330,33021,0,1127,0010,1264100146943,,,,3,용도구역코드,UQQ300,지구단위계획구역,1,0,,지구단위계획구역,20221008
경상남도 양산시 상북면 석계리 1127-10번지,48330,33021,0,1127,0010,1264100125301,,,,1,용도지역코드,UQA320,일반공업지역,1,0,,일반공업지역,20221008
경상남도 양산시 상북면 석계리 1127-11번지,48330,33021,0,1127,0011,1264100136248,,,,1,용도지역코드,UQA320,일반공업지역,1,0,,일반공업지역,20221008
경상남도 양산시 상북면 석계리 1127-11번지,48330,33021,0,1127,0011,1264100136248,,,,3,용도구역코드,UQQ300,지구단위계획구역,1,0,,지구단위계획구역,20221008
경상남도 양산시 상북면 석계리 1127-11번지,48330,33021,0,1127,0011,1264100133767,,,,1,용도지역코드,UQA320,일반공업지역,1,0,,일반공업지역,20221008
경상남도 양산시 상북면 석계리 1127-11번지,48330,33021,0,1127,0011,1264100133767,,,,3,용도구역코드,UQQ300,지구단위계획구역,1,0,,지구단위계획구역,20221008
경상남도 양산시 상북면 석계리 1127-11번지,48330,33021,0,1127,0011,1264100133767,,,,3,용도구역코드,UMZ100,가축사육제한구역,0,0,,가축사육제한구역,20221008
경상남도 양산시 상북면 석계리 1127-12번지,48330,33021,0,1127,0012,1264100141244,,,,1,용도지역코드,UQA320,일반공업지역,1,0,,일반공업지역,20221008
경상남도 양산시 상북면 석계리 1127-12번지,48330,33021,0,1127,0012,1264100141244,,,,3,용도구역코드,UQQ300,지구단위계획구역,1,0,,지구단위계획구역,20221008
경상남도 양산시 상북면 석계리 1127-12번지,48330,33021,0,1127,0012,1264100144108,,,,1,용도지역코드,UQA320,일반공업지역,1,0,,일반공업지역,20221008
경상남도 양산시 상북면 석계리 1127-12번지,48330,33021,0,1127,0012,1264100144108,,,,3,용도구역코드,UQQ300,지구단위계획구역,1,0,,지구단위계획구역,20221008
경상남도 양산시 상북면 석계리 1128-1번지,48330,33021,0,1128,0001,1264100131846,,,,1,용도지역코드,UQA320,일반공업지역,1,0,,일반공업지역,20221008
경상남도 양산시 상북면 석계리 1128-1번지,48330,33021,0,1128,0001,1264100131846,,,,3,용도구역코드,UQQ300,지구단위계획구역,1,0,,지구단위계획구역,20221008
경상남도 양산시 상북면 석계리 1128-2번지,48330,33021,0,1128,0002,1264100140203,,,,1,용도지역코드,UQA320,일반공업지역,1,0,,일반공업지역,20221008
경상남도 양산시 상북면 석계리 1128-2번지,48330,33021,0,1128,0002,1264100140203,,,,3,용도구역코드,UQQ300,지구단위계획구역,1,0,,지구단위계획구역,20221008
경상남도 양산시 상북면 석계리 1128-2번지,48330,33021,0,1128,0002,1000000000000000532915,,,,1,용도지역코드,UQA320,일반공업지역,1,0,,일반공업지역,20240610
경상남도 양산시 상북면 석계리 1128-2번지,48330,33021,0,1128,0002,1000000000000000532915,,,,3,용도구역코드,UQQ300,지구단위계획구역,1,0,,지구단위계획구역,20240610
경상남도 양산시 상북면 석계리 1128-3번지,48330,33021,0,1128,0003,1264100117677,,,,1,용도지역코드,UQA320,일반공업지역,1,0,,일반공업지역,20221008
경상남도 양산시 상북면 석계리 1129-1번지,48330,33021,0,1129,0001,1264100114978,,,,1,용도지역코드,UQA320,일반공업지역,1,0,,일반공업지역,20221008
경상남도 양산시 상북면 석계리 1129-1번지,48330,33021,0,1129,0001,1264100114978,,,,3,용도구역코드,UQQ300,지구단위계획구역,1,0,,지구단위계획구역,20221008
경상남도 양산시 상북면 석계리 1129-2번지,48330,33021,0,1129,0002,1000000000000000912800,,,,1,용도지역코드,UQA320,일반공업지역,1,0,,일반공업지역,20260326
경상남도 양산시 상북면 석계리 1129-2번지,48330,33021,0,1129,0002,1000000000000000912800,,,,3,용도구역코드,UQQ300,지구단위계획구역,1,0,,지구단위계획구역,20260326
경상남도 양산시 상북면 석계리 1129-2번지,48330,33021,0,1129,0002,1264100121981,,,,1,용도지역코드,UQA320,일반공업지역,1,0,,일반공업지역,20221008
경상남도 양산시 상북면 석계리 1130-1번지,48330,33021,0,1130,0001,1264100146904,,,,1,용도지역코드,UQA320,일반공업지역,1,0,,일반공업지역,20221008
경상남도 양산시 상북면 석계리 1130-1번지,48330,33021,0,1130,0001,1264100146904,,,,3,용도구역코드,UQQ300,지구단위계획구역,1,0,,지구단위계획구역,20221008
경상남도 양산시 상북면 석계리 1130-1번지,48330,33021,0,1130,0001,1264100132424,,,,1,용도지역코드,UQA320,일반공업지역,1,0,,일반공업지역,20221008
경상남도 양산시 상북면 석계리 1130-1번지,48330,33021,0,1130,0001,1264100132424,,,,3,용도구역코드,UQQ300,지구단위계획구역,1,0,,지구단위계획구역,20221008
경상남도 양산시 상북면 석계리 1130-4번지,48330,33021,0,1130,0004,1264100133765,,,,1,용도지역코드,UQA320,일반공업지역,1,0,,일반공업지역,20221008
경상남도 양산시 상북면 석계리 1130-4번지,48330,33021,0,1130,0004,1264100133765,,,,1,용도지역코드,UHA999,산업단지기타,0,0,,산업단지기타,20221008
경상남도 양산시 상북면 석계리 1130-4번지,48330,33021,0,1130,0004,1264100133765,,,,3,용도구역코드,UQQ300,지구단위계획구역,1,0,,지구단위계획구역,20221008
경상남도 양산시 상북면 석계리 1130-4번지,48330,33021,0,1130,0004,1264100133765,,,,3,용도구역코드,UMZ100,가축사육제한구역,0,0,,가축사육제한구역,20221008
경상남도 양산시 상북면 석계리 1131-1번지,48330,33021,0,1131,0001,1264100126302,,,,1,용도지역코드,UQA320,일반공업지역,1,0,,일반공업지역,20221008
경상남도 양산시 상북면 석계리 1131-1번지,48330,33021,0,1131,0001,1264100126302,,,,3,용도구역코드,UQQ300,지구단위계획구역,1,0,,지구단위계획구역,20221008
경상남도 양산시 상북면 석계리 1131-3번지,48330,33021,0,1131,0003,1264100154390,,,,1,용도지역코드,UQA320,일반공업지역,1,0,,일반공업지역,20221008
경상남도 양산시 상북면 석계리 1131-3번지,48330,33021,0,1131,0003,1264100154390,,,,3,용도구역코드,UQQ300,지구단위계획구역,1,0,,지구단위계획구역,20221008
경상남도 양산시 상북면 석계리 1131-3번지,48330,33021,0,1131,0003,1264100134748,,,,1,용도지역코드,UQA320,일반공업지역,1,0,,일반공업지역,20221008
경상남도 양산시 상북면 석계리 1131-3번지,48330,33021,0,1131,0003,1264100134748,,,,3,용도구역코드,UQQ300,지구단위계획구역,1,0,,지구단위계획구역,20221008
경상남도 양산시 상북면 석계리 1131-7번지,48330,33021,0,1131,0007,1264100140943,,,,1,용도지역코드,UQA320,일반공업지역,1,0,,일반공업지역,20221008
경상남도 양산시 상북면 석계리 1131-7번지,48330,33021,0,1131,0007,1264100140943,,,,3,용도구역코드,UQQ300,지구단위계획구역,1,0,,지구단위계획구역,20221008
경상남도 양산시 상북면 석계리 1131-9번지,48330,33021,0,1131,0009,1264100128442,,,,1,용도지역코드,UQA320,일반공업지역,1,0,,일반공업지역,20221008
경상남도 양산시 상북면 석계리 1131-9번지,48330,33021,0,1131,0009,1264100128442,,,,3,용도구역코드,UQQ300,지구단위계획구역,1,0,,지구단위계획구역,20221008
경상남도 양산시 상북면 석계리 1131-9번지,48330,33021,0,1131,0009,1264100128442,,,,3,용도구역코드,UMZ100,가축사육제한구역,0,0,,가축사육제한구역,20221008
경상남도 양산시 상북면 석계리 1131-10번지,48330,33021,0,1131,0010,1264100122899,,,,1,용도지역코드,UQA320,일반공업지역,1,0,,일반공업지역,20221008
경상남도 양산시 상북면 석계리 1131-10번지,48330,33021,0,1131,0010,1264100122899,,,,3,용도구역코드,UQQ300,지구단위계획구역,1,0,,지구단위계획구역,20221008
경상남도 양산시 상북면 석계리 1131-11번지,48330,33021,0,1131,0011,1264100126301,,,,1,용도지역코드,UQA320,일반공업지역,1,0,,일반공업지역,20221008
경상남도 양산시 상북면 석계리 1131-11번지,48330,33021,0,1131,0011,1264100126301,,,,3,용도구역코드,UQQ300,지구단위계획구역,1,0,,지구단위계획구역,20221008
경상남도 양산시 상북면 석계리 1131-14번지,48330,33021,0,1131,0014,1264100122719,,,,1,용도지역코드,UQA320,일반공업지역,1,0,,일반공업지역,20221008
경상남도 양산시 상북면 석계리 1131-14번지,48330,33021,0,1131,0014,1264100122719,,,,3,용도구역코드,UQQ310,제1종지구단위계획구역,1,0,,제1종지구단위계획구역,20221008
경상남도 양산시 상북면 석계리 1131-15번지,48330,33021,0,1131,0015,1264100123722,,,,1,용도지역코드,UQA320,일반공업지역,1,0,,일반공업지역,20221008
경상남도 양산시 상북면 석계리 1131-15번지,48330,33021,0,1131,0015,1264100123722,,,,3,용도구역코드,UQQ300,지구단위계획구역,1,0,,지구단위계획구역,20221008
경상남도 양산시 상북면 석계리 1132-2번지,48330,33021,0,1132,0002,1264100133383,,,,1,용도지역코드,UQA320,일반공업지역,1,0,,일반공업지역,20221008
경상남도 양산시 상북면 석계리 1132-2번지,48330,33021,0,1132,0002,1264100133383,,,,3,용도구역코드,UQQ300,지구단위계획구역,1,0,,지구단위계획구역,20221008
경상남도 양산시 상북면 석계리 1132-2번지,48330,33021,0,1132,0002,1264100133383,,,,3,용도구역코드,UMZ100,가축사육제한구역,0,0,,가축사육제한구역,20221008
경상남도 양산시 상북면 석계리 1132-3번지,48330,33021,0,1132,0003,1264100125042,,,,1,용도지역코드,UQA320,일반공업지역,1,0,,일반공업지역,20221008
경상남도 양산시 상북면 석계리 1132-3번지,48330,33021,0,1132,0003,1264100125042,,,,3,용도구역코드,UQQ300,지구단위계획구역,1,0,,지구단위계획구역,20221008
경상남도 양산시 상북면 석계리 1132-4번지,48330,33021,0,1132,0004,1264100136844,,,,1,용도지역코드,UQA320,일반공업지역,1,0,,일반공업지역,20221008
경상남도 양산시 상북면 석계리 1132-4번지,48330,33021,0,1132,0004,1264100136844,,,,3,용도구역코드,UQQ300,지구단위계획구역,1,0,,지구단위계획구역,20221008
경상남도 양산시 상북면 석계리 1132-4번지,48330,33021,0,1132,0004,1264100136844,,,,3,용도구역코드,UMZ100,가축사육제한구역,0,0,,가축사육제한구역,20221008
경상남도 양산시 상북면 석계리 1132-4번지,48330,33021,0,1132,0004,1264100136603,,,,1,용도지역코드,UQA320,일반공업지역,1,0,,일반공업지역,20221008
경상남도 양산시 상북면 석계리 1132-4번지,48330,33021,0,1132,0004,1264100136603,,,,3,용도구역코드,UQQ300,지구단위계획구역,1,0,,지구단위계획구역,20221008
경상남도 양산시 상북면 석계리 1132-5번지,48330,33021,0,1132,0005,1000000000000000865477,,,,3,용도구역코드,UQQ300,지구단위계획구역,1,0,,지구단위계획구역,20260710
경상남도 양산시 상북면 석계리 1132-5번지,48330,33021,0,1132,0005,1000000000000000865477,,,,3,용도구역코드,UMZ100,가축사육제한구역,0,0,,가축사육제한구역,20260710
경상남도 양산시 상북면 석계리 1132-5번지,48330,33021,0,1132,0005,1000000000000000865477,,,,1,용도지역코드,UQA320,일반공업지역,1,0,,일반공업지역,20260710
경상남도 양산시 상북면 석계리 1132-5번지,48330,33021,0,1132,0005,1000000000000000799426,,,,3,용도구역코드,UQQ300,지구단위계획구역,0,0,,지구단위계획구역,20250908
경상남도 양산시 상북면 석계리 1132-5번지,48330,33021,0,1132,0005,1000000000000000799426,,,,3,용도구역코드,UMZ100,가축사육제한구역,1,0,,가축사육제한구역,20250908
경상남도 양산시 상북면 석계리 1132-5번지,48330,33021,0,1132,0005,1000000000000000799426,,,,1,용도지역코드,UQA320,일반공업지역,1,0,,일반공업지역,20250908
경상남도 양산시 상북면 석계리 1132-5번지,48330,33021,0,1132,0005,1264100136424,,,,1,용도지역코드,UQA320,일반공업지역,1,0,,일반공업지역,20230214
경상남도 양산시 상북면 석계리 1132-5번지,48330,33021,0,1132,0005,1264100136424,,,,3,용도구역코드,UQQ300,지구단위계획구역,1,0,,지구단위계획구역,20230214
경상남도 양산시 상북면 석계리 1132-6번지,48330,33021,0,1132,0006,1264100133766,,,,1,용도지역코드,UQA320,일반공업지역,1,0,,일반공업지역,20221008
경상남도 양산시 상북면 석계리 1132-6번지,48330,33021,0,1132,0006,1264100133766,,,,3,용도구역코드,UQQ300,지구단위계획구역,1,0,,지구단위계획구역,20221008
경상남도 양산시 상북면 석계리 1132-6번지,48330,33021,0,1132,0006,1264100133766,,,,3,용도구역코드,UMZ100,가축사육제한구역,0,0,,가축사육제한구역,20221008
경상남도 양산시 상북면 석계리 1132-7번지,48330,33021,0,1132,0007,1000000000000000632567,,,,3,용도구역코드,UQQ300,지구단위계획구역,1,0,,지구단위계획구역,20250117
경상남도 양산시 상북면 석계리 1132-7번지,48330,33021,0,1132,0007,1000000000000000632567,,,,1,용도지역코드,UQA320,일반공업지역,1,0,,일반공업지역,20250117
경상남도 양산시 상북면 석계리 1132-7번지,48330,33021,0,1132,0007,1264100124879,,,,1,용도지역코드,UQA320,일반공업지역,1,0,,일반공업지역,20221008
경상남도 양산시 상북면 석계리 1132-7번지,48330,33021,0,1132,0007,1264100124879,,,,3,용도구역코드,UQQ300,지구단위계획구역,1,0,,지구단위계획구역,20221008
경상남도 양산시 상북면 석계리 1132-8번지,48330,33021,0,1132,0008,1264100123359,,,,1,용도지역코드,UQA320,일반공업지역,1,0,,일반공업지역,20221008
경상남도 양산시 상북면 석계리 1133-1번지,48330,33021,0,1133,0001,1264100152850,,,,1,용도지역코드,UQA320,일반공업지역,1,0,,일반공업지역,20221216
경상남도 양산시 상북면 석계리 1133-1번지,48330,33021,0,1133,0001,1264100152850,,,,3,용도구역코드,UQQ300,지구단위계획구역,1,0,,지구단위계획구역,20221216
경상남도 양산시 상북면 석계리 1133-6번지,48330,33021,0,1133,0006,1264100134343,,,,1,용도지역코드,UQA320,일반공업지역,1,0,,일반공업지역,20221008
경상남도 양산시 상북면 석계리 1133-6번지,48330,33021,0,1133,0006,1264100134343,,,,3,용도구역코드,UQQ300,지구단위계획구역,1,0,,지구단위계획구역,20221008
경상남도 양산시 상북면 석계리 1133-6번지,48330,33021,0,1133,0006,1264100131847,,,,1,용도지역코드,UQA320,일반공업지역,1,0,,일반공업지역,20221008
경상남도 양산시 상북면 석계리 1133-6번지,48330,33021,0,1133,0006,1264100131847,,,,3,용도구역코드,UQQ300,지구단위계획구역,1,0,,지구단위계획구역,20221008
경상남도 양산시 상북면 석계리 1133-9번지,48330,33021,0,1133,0009,1000000000000000447891,,,,1,용도지역코드,UQA320,일반공업지역,1,0,,일반공업지역,20240119
경상남도 양산시 상북면 석계리 1133-9번지,48330,33021,0,1133,0009,1264100125121,,,,1,용도지역코드,UQA320,일반공업지역,1,0,,일반공업지역,20221008
경상남도 양산시 상북면 석계리 1133-10번지,48330,33021,0,1133,0010,1264100143003,,,,1,용도지역코드,UQA320,일반공업지역,1,0,,일반공업지역,20221008
경상남도 양산시 상북면 석계리 1133-10번지,48330,33021,0,1133,0010,1264100143003,,,,3,용도구역코드,UQQ300,지구단위계획구역,1,0,,지구단위계획구역,20221008
경상남도 양산시 상북면 석계리 1133-10번지,48330,33021,0,1133,0010,1264100139843,,,,1,용도지역코드,UQA320,일반공업지역,1,0,,일반공업지역,20221008
경상남도 양산시 상북면 석계리 1150번지,48330,33021,0,1150,0000,1000000000000000248697,,,,1,용도지역코드,UQA320,일반공업지역,1,0,,일반공업지역,20230314
경상남도 양산시 상북면 석계리 1150번지,48330,33021,0,1150,0000,1264100155193,,,,1,용도지역코드,UQA320,일반공업지역,1,0,,일반공업지역,20221008
경상남도 양산시 상북면 석계리 1150번지,48330,33021,0,1150,0000,1264100155193,,,,2,용도지구코드,UPB200,자연재해위험지구,1,0,,자연재해위험개선지구,20221008
경상남도 양산시 상북면 석계리 1150번지,48330,33021,0,1150,0000,1264100155193,,,,3,용도구역코드,UQQ300,지구단위계획구역,1,0,,지구단위계획구역,20221008
경상남도 양산시 상북면 석계리 1166번지,48330,33021,0,1166,0000,1264100133243,,,,1,용도지역코드,UQA430,자연녹지지역,1,0,,자연녹지지역,20221008
경상남도 양산시 상북면 석계리 1166번지,48330,33021,0,1166,0000,1264100133243,,,,3,용도구역코드,UQQ300,지구단위계획구역,1,0,,지구단위계획구역,20221008
경상남도 양산시 상북면 석계리 1166번지,48330,33021,0,1166,0000,1264100133243,,,,3,용도구역코드,UMZ100,가축사육제한구역,0,0,,가축사육제한구역,20221008
경상남도 양산시 상북면 석계리 1166번지,48330,33021,0,1166,0000,1264100142584,,,,1,용도지역코드,UQA430,자연녹지지역,1,0,,자연녹지지역,20221008
경상남도 양산시 상북면 석계리 1166번지,48330,33021,0,1166,0000,1264100142584,,,,3,용도구역코드,UQQ300,지구단위계획구역,1,0,,지구단위계획구역,20221008
경상남도 양산시 상북면 석계리 1166번지,48330,33021,0,1166,0000,1264100133623,,,,1,용도지역코드,UQA430,자연녹지지역,1,0,,자연녹지지역,20221008
경상남도 양산시 상북면 석계리 1166번지,48330,33021,0,1166,0000,1264100133623,,,,2,용도지구코드,UFF100,초지,1,0,,초지,20221008
경상남도 양산시 상북면 석계리 1166번지,48330,33021,0,1166,0000,1264100133623,,,,3,용도구역코드,UQQ300,지구단위계획구역,1,0,,지구단위계획구역,20221008
경상남도 양산시 상북면 석계리 산7번지,48330,33021,1,0007,0000,12642785,,,,1,용도지역코드,1330,자연녹지지역,1,0,,자연녹지지역,20221008
경상남도 양산시 상북면 석계리 산7-1번지,48330,33021,1,0007,0001,12645471,,,,1,용도지역코드,1330,자연녹지지역,1,0,,자연녹지지역,20221008
경상남도 양산시 상북면 석계리 산25-9번지,48330,33021,1,0025,0009,12641460,경상남도 양산시 상북면 석계리,25,9,1,용도지역코드,1330,자연녹지지역,1,0,,자연녹지지역,20221008
경상남도 양산시 상북면 석계리 산25-9번지,48330,33021,1,0025,0009,1264867,,,,1,용도지역코드,1330,자연녹지지역,1,0,,자연녹지지역,20221008
경상남도 양산시 상북면 석계리 산39번지,48330,33021,1,0039,0000,1264100149301,,,,1,용도지역코드,UQA430,자연녹지지역,1,0,,자연녹지지역,20221008
경상남도 양산시 상북면 석계리 산91번지,48330,33021,1,0091,0000,1264100149892,,,,1,용도지역코드,UQA430,자연녹지지역,1,0,,자연녹지지역,20221008
경상남도 양산시 상북면 석계리 산91번지,48330,33021,1,0091,0000,1264100149892,,,,3,용도구역코드,UMZ100,가축사육제한구역,1,0,,가축사육제한구역,20221008
경상남도 양산시 상북면 석계리 산91번지,48330,33021,1,0091,0000,1000000000000000365812,,,,1,용도지역코드,UQA430,자연녹지지역,1,0,,자연녹지지역,20240415
경상남도 양산시 상북면 석계리 산92번지,48330,33021,1,0092,0000,1000000000000000782837,,,,1,용도지역코드,UQA430,자연녹지지역,1,0,,자연녹지지역,20251124
경상남도 양산시 상북면 석계리 블록,48330,33021,2,0000,0000,1264100117617,석계2일반산업단지,2-1,3,1,용도지역코드,UQA320,일반공업지역,1,0,,일반공업지역,20221008
경상남도 양산시 상북면 석계리 블록,48330,33021,2,0000,0000,1264100123019,석계2일반산업단지,17블록,6로트,1,용도지역코드,UQA320,일반공업지역,1,0,,일반공업지역,20221008
경상남도 양산시 상북면 석계리 블록,48330,33021,2,0000,0000,1264100116278,석계2산업단지,5B,3L,1,용도지역코드,UQA320,일반공업지역,1,0,,일반공업지역,20221008
경상남도 양산시 상북면 석계리 블록,48330,33021,2,0000,0000,1264100117076,석계2일반산업단지,6,7,1,용도지역코드,UQA320,일반공업지역,1,0,,일반공업지역,20221008
경상남도 양산시 상북면 석계리 블록,48330,33021,2,0000,0000,1264100117077,양산석계2일반산업단지,7,10,1,용도지역코드,UQA320,일반공업지역,1,0,,일반공업지역,20221008
경상남도 양산시 상북면 석계리 블록,48330,33021,2,0000,0000,1264100113836,석계2일반산업단지,7블록,13로트,1,용도지역코드,UQA320,일반공업지역,1,0,,일반공업지역,20221008
경상남도 양산시 상북면 석계리 블록,48330,33021,2,0000,0000,1264100118897,석계2일반산업단지,1-1B,8L,1,용도지역코드,UQA320,일반공업지역,1,0,,일반공업지역,20221008
경상남도 양산시 상북면 석계리 블록,48330,33021,2,0000,0000,1264100118239,석계2산업단지,3,1,1,용도지역코드,UQA320,일반공업지역,1,0,,일반공업지역,20221008
경상남도 양산시 상북면 석계리 블록,48330,33021,2,0000,0000,1264100118239,석계2산업단지,3,1,3,용도구역코드,UQQ300,지구단위계획구역,1,0,,지구단위계획구역,20221008
경상남도 양산시 상북면 석계리 블록,48330,33021,2,0000,0000,1264100117637,석계2일반산업단지,3,2,1,용도지역코드,UQA320,일반공업지역,1,0,,일반공업지역,20221008
경상남도 양산시 상북면 석계리 블록,48330,33021,2,0000,0000,1264100116336,양산석계2일반산업단지,15-1블럭,1로트,1,용도지역코드,UQA320,일반공업지역,1,0,,일반공업지역,20221008
경상남도 양산시 상북면 석계리 블록,48330,33021,2,0000,0000,1264100116336,양산석계2일반산업단지,15-1블럭,1로트,3,용도구역코드,UQQ310,제1종지구단위계획구역,1,0,,제1종지구단위계획구역,20221008
경상남도 양산시 상북면 석계리 블록,48330,33021,2,0000,0000,1264100115240,양산 석계2일반산업단지,10-1,2,1,용도지역코드,UQA320,일반공업지역,1,0,,일반공업지역,20221008
경상남도 양산시 상북면 석계리 블록,48330,33021,2,0000,0000,1264100115980,석계2일반산업단지,6블록,3로트,1,용도지역코드,UQA320,일반공업지역,1,0,,일반공업지역,20221008
경상남도 양산시 상북면 석계리 블록,48330,33021,2,0000,0000,1264100115139,석계2일반산업단지,17블록,4로트,1,용도지역코드,UQA320,일반공업지역,1,0,,일반공업지역,20221008
경상남도 양산시 상북면 석계리 블록,48330,33021,2,0000,0000,1264100117638,석계2일반산업단지,17,2,1,용도지역코드,UQA320,일반공업지역,1,0,,일반공업지역,20221008
경상남도 양산시 상북면 석계리 블록,48330,33021,2,0000,0000,1264100120721,석계2일반산업단지,17블럭,12로트,1,용도지역코드,UQA320,일반공업지역,1,0,,일반공업지역,20221008
경상남도 양산시 상북면 석계리 블록,48330,33021,2,0000,0000,1264100117638,석계2일반산업단지,17,2,3,용도구역코드,UQQ300,지구단위계획구역,1,0,,지구단위계획구역,20221008
경상남도 양산시 상북면 석계리 블록,48330,33021,2,0000,0000,1264100123040,6B-8L,,,1,용도지역코드,UQA320,일반공업지역,1,0,,일반공업지역,20221008
경상남도 양산시 상북면 석계리 블록,48330,33021,2,0000,0000,1264100123040,6B-8L,,,1,용도지역코드,UHA200,지방산업단지,0,0,,지방산업단지,20221008
경상남도 양산시 상북면 석계리 블록,48330,33021,2,0000,0000,1264100123040,6B-8L,,,3,용도구역코드,UQQ300,지구단위계획구역,1,0,,지구단위계획구역,20221008
경상남도 양산시 상북면 석계리 블록,48330,33021,2,0000,0000,1264100116079,양산 석계2 일반산업단지,17,5,1,용도지역코드,UQA320,일반공업지역,1,0,,일반공업지역,20221008
경상남도 양산시 상북면 석계리 블록,48330,33021,2,0000,0000,1264100117459,석계2일반산업단지,12블록,7로트,1,용도지역코드,UQA320,일반공업지역,1,0,,일반공업지역,20221008
경상남도 양산시 상북면 석계리 블록,48330,33021,2,0000,0000,1264100116097,양산 석계2 일반산업단지,7,3,1,용도지역코드,UQA320,일반공업지역,1,0,,일반공업지역,20221008
경상남도 양산시 상북면 석계리 블록,48330,33021,2,0000,0000,1264100119521,석계2일반산업단지,17블록,11로트,1,용도지역코드,UQA320,일반공업지역,1,0,,일반공업지역,20221008
경상남도 양산시 상북면 석계리 블록,48330,33021,2,0000,0000,1264100118077,양산석계2일반산업단지,6,5,1,용도지역코드,UQA320,일반공업지역,1,0,,일반공업지역,20221008
경상남도 양산시 상북면 석계리 블록,48330,33021,2,0000,0000,1264100119519,양산석계2일반산업단지,12,2,1,용도지역코드,UQA320,일반공업지역,1,0,,일반공업지역,20221008
경상남도 양산시 상북면 석계리 블록,48330,33021,2,0000,0000,1264100115140,석계2일반산업단지,17블록,6로트,1,용도지역코드,UQA320,일반공업지역,1,0,,일반공업지역,20221008
경상남도 양산시 상북면 석계리 블록,48330,33021,2,0000,0000,1264100116676,석계2일반산업단지,7블록,7로트,1,용도지역코드,UQA320,일반공업지역,1,0,,일반공업지역,20221008
경상남도 양산시 상북면 석계리 블록,48330,33021,2,0000,0000,1264100118177,석계2일반산업단지,1-1,10,2,용도지구코드,UHA600,공장입지유도지구,1,0,,공장입지유도지구,20221008
경상남도 양산시 상북면 석계리 블록,48330,33021,2,0000,0000,1264100118177,석계2일반산업단지,1-1,10,3,용도구역코드,UQQ300,지구단위계획구역,1,0,,지구단위계획구역,20221008
경상남도 양산시 상북면 석계리 블록,48330,33021,2,0000,0000,1264100117557,양산석계2산업단지2-2B-1L,,,1,용도지역코드,UQA320,일반공업지역,1,0,,일반공업지역,20221008
경상남도 양산시 상북면 석계리 블록,48330,33021,2,0000,0000,1264100117557,양산석계2산업단지2-2B-1L,,,3,용도구역코드,UQQ300,지구단위계획구역,1,0,,지구단위계획구역,20221008
경상남도 양산시 상북면 석계리 블록,48330,33021,2,0000,0000,1264100117599,석계2일반산업단지,17,16,1,용도지역코드,UQA320,일반공업지역,1,0,,일반공업지역,20221008
경상남도 양산시 상북면 석계리 블록,48330,33021,2,0000,0000,1264100117599,석계2일반산업단지,17,16,3,용도구역코드,UQQ310,제1종지구단위계획구역,1,0,,제1종지구단위계획구역,20221008
경상남도 양산시 상북면 석계리 블록,48330,33021,2,0000,0000,1264100114016,석계2일반산업단지 조성사업지구,15-1B,2L,1,용도지역코드,UQA320,일반공업지역,1,0,,일반공업지역,20221008
경상남도 양산시 상북면 석계리 블록,48330,33021,2,0000,0000,1264100119520,석계2일반산업단지,9,2,1,용도지역코드,UQA320,일반공업지역,1,0,,일반공업지역,20221008
경상남도 양산시 상북면 석계리 블록,48330,33021,2,0000,0000,1264100116279,양산석계 2 일반산업단지,1-1,5,1,용도지역코드,UQA320,일반공업지역,1,0,,일반공업지역,20221008
경상남도 양산시 상북면 석계리 블록,48330,33021,2,0000,0000,1264100118177,석계2일반산업단지,1-1,10,1,용도지역코드,UQA320,일반공업지역,1,0,,일반공업지역,20221008
경상남도 양산시 상북면 석계리 블록,48330,33021,2,0000,0000,1264100118537,석계2일반산업단지,4,2,1,용도지역코드,UQA320,일반공업지역,1,0,,일반공업지역,20221008
경상남도 양산시 상북면 석계리 블록,48330,33021,2,0000,0000,1264100112717,석계2일반산업단지,2-1,1,1,용도지역코드,UQA320,일반공업지역,1,0,,일반공업지역,20221008
경상남도 양산시 상북면 석계리 블록2-15번지,48330,33021,2,0002,0015,126480,,,,1,용도지역코드,1020,일반주거지역,1,0,,일반주거지역,20221008
경상남도 양산시 상북면 석계리 블록5-7번지,48330,33021,2,0005,0007,1264184,,,,1,용도지역코드,1020,일반주거지역,1,0,,일반주거지역,20221008
