대지위치,시군구코드,법정동코드,대지구분코드,번,지,관리허가대장PK,특수지명,블록,로트,지역지구구역구분코드,지역지구구역구분코드명,지역지구구역코드,지역지구구역코드명,대표여부,주동구분코드,주동구분코드명,지역지구구역명,생성일자
경상남도 양산시 용당동 ,48330,11300,0,0000,0000,12642389,"41,42,41-1,42-1",,,1,용도지역코드,1330,자연녹지지역,1,0,,자연녹지지역,20221008
경상남도 양산시 용당동 ,48330,11300,0,0000,0000,12643488,,975,1,1,용도지역코드,1330,자연녹지지역,1,0,,자연녹지지역,20221008
경상남도 양산시 용당동 ,48330,11300,0,0000,0000,12642000,,444,2,1,용도지역코드,1330,자연녹지지역,1,0,,자연녹지지역,20221008
경상남도 양산시 용당동 1번지,48330,11300,0,0001,0000,12647832,,,,1,용도지역코드,1220,일반공업지역,1,0,,일반공업지역,20221008
경상남도 양산시 용당동 1-1번지,48330,11300,0,0001,0001,12648722,,,,1,용도지역코드,1220,일반공업지역,1,0,,일반공업지역,20221008
경상남도 양산시 용당동 1-1번지,48330,11300,0,0001,0001,1264100085445,,,,1,용도지역코드,UQA320,일반공업지역,1,0,,일반공업지역,20221008
경상남도 양산시 용당동 1-1번지,48330,11300,0,0001,0001,1264100085445,,,,1,용도지역코드,UM2100,공장설립승인지역,,,,공장설립승인지역,20221008
경상남도 양산시 용당동 1-1번지,48330,11300,0,0001,0001,1264100034816,,,,1,용도지역코드,UQA320,일반공업지역,1,0,,일반공업지역,20221008
경상남도 양산시 용당동 1-1번지,48330,11300,0,0001,0001,1264100009710,,,,1,용도지역코드,1220,일반공업지역,1,0,,일반공업지역,20221008
경상남도 양산시 용당동 1-1번지,48330,11300,0,0001,0001,12647833,,,,1,용도지역코드,1220,일반공업지역,1,0,,일반공업지역,20221008
경상남도 양산시 용당동 2-2번지,48330,11300,0,0002,0002,12643082,,,,1,용도지역코드,1330,자연녹지지역,1,0,,자연녹지지역,20221008
경상남도 양산시 용당동 2-5번지,48330,11300,0,0002,0005,12642145,경상남도 양산시 웅상읍 용당리,2,5,1,용도지역코드,1330,자연녹지지역,1,0,,자연녹지지역,20221008
경상남도 양산시 용당동 2-5번지,48330,11300,0,0002,0005,12647893,,,,1,용도지역코드,1220,일반공업지역,1,0,,일반공업지역,20221008
경상남도 양산시 용당동 2-18번지,48330,11300,0,0002,0018,12646968,,,,1,용도지역코드,1220,일반공업지역,1,0,,일반공업지역,20221008
경상남도 양산시 용당동 2-19번지,48330,11300,0,0002,0019,12647102,,,,1,용도지역코드,1220,일반공업지역,1,0,,일반공업지역,20221008
경상남도 양산시 용당동 2-19번지,48330,11300,0,0002,0019,12646033,,,,1,용도지역코드,1220,일반공업지역,1,0,,일반공업지역,20221008
경상남도 양산시 용당동 2-19번지,48330,11300,0,0002,0019,12645247,,,,1,용도지역코드,1220,일반공업지역,1,0,,일반공업지역,20221008
경상남도 양산시 용당동 2-19번지,48330,11300,0,0002,0019,1264100027830,,,,1,용도지역코드,UQA320,일반공업지역,1,0,,일반공업지역,20221008
경상남도 양산시 용당동 2-19번지,48330,11300,0,0002,0019,1264100036755,,,,1,용도지역코드,UQA320,일반공업지역,1,0,,일반공업지역,20221008
경상남도 양산시 용당동 3번지,48330,11300,0,0003,0000,12647096,,,,1,용도지역코드,1220,일반공업지역,1,0,,일반공업지역,20221008
경상남도 양산시 용당동 5-2번지,48330,11300,0,0005,0002,12647071,,,,1,용도지역코드,1220,일반공업지역,1,0,,일반공업지역,20221008
경상남도 양산시 용당동 8-2번지,48330,11300,0,0008,0002,12648659,,,,1,용도지역코드,1220,일반공업지역,1,0,,일반공업지역,20221008
경상남도 양산시 용당동 8-2번지,48330,11300,0,0008,0002,12645290,,,,1,용도지역코드,1220,일반공업지역,1,0,,일반공업지역,20221008
경상남도 양산시 용당동 8-3번지,48330,11300,0,0008,0003,1264100049405,,,,1,용도지역코드,UQA320,일반공업지역,1,0,,일반공업지역,20221008
경상남도 양산시 용당동 8-10번지,48330,11300,0,0008,0010,12641296,"8-10, 1179-67",,,1,용도지역코드,1330,자연녹지지역,1,0,,자연녹지지역,20221008
경상남도 양산시 용당동 8-12번지,48330,11300,0,0008,0012,1264100140764,,,,1,용도지역코드,UQA320,일반공업지역,1,0,,일반공업지역,20221008
경상남도 양산시 용당동 9번지,48330,11300,0,0009,0000,12641636,경상남도 양산시 웅상읍 용당리,9,,1,용도지역코드,1330,자연녹지지역,1,0,,자연녹지지역,20221008
경상남도 양산시 용당동 9번지,48330,11300,0,0009,0000,12641769,경상남도 양산시 웅상읍 용당리,9,,1,용도지역코드,1330,자연녹지지역,1,0,,자연녹지지역,20221008
경상남도 양산시 용당동 13번지,48330,11300,0,0013,0000,1000000000000000871878,,,,1,용도지역코드,UM2100,공장설립승인지역,0,0,,공장설립승인지역,20260108
경상남도 양산시 용당동 13번지,48330,11300,0,0013,0000,1000000000000000871878,,,,1,용도지역코드,UQA430,자연녹지지역,1,0,,자연녹지지역,20260108
경상남도 양산시 용당동 13번지,48330,11300,0,0013,0000,1000000000000000871878,,,,3,용도구역코드,UMZ100,가축사육제한구역,1,0,,가축사육제한구역,20260108
경상남도 양산시 용당동 13번지,48330,11300,0,0013,0000,1000000000000000871878,,,,3,용도구역코드,UJB100,하천구역,0,0,,하천구역,20260108
경상남도 양산시 용당동 13번지,48330,11300,0,0013,0000,1000000000000000871878,,,,3,용도구역코드,UJC100,소하천구역,0,0,,소하천구역,20260108
경상남도 양산시 용당동 13번지,48330,11300,0,0013,0000,12643392,,,,1,용도지역코드,1330,자연녹지지역,1,0,,자연녹지지역,20221008
경상남도 양산시 용당동 13-6번지,48330,11300,0,0013,0006,12641213,13외 6필지,,13,1,용도지역코드,1330,자연녹지지역,1,0,,자연녹지지역,20221008
경상남도 양산시 용당동 14번지,48330,11300,0,0014,0000,1264100041782,,,,1,용도지역코드,UQA430,자연녹지지역,1,0,,자연녹지지역,20221008
경상남도 양산시 용당동 14번지,48330,11300,0,0014,0000,1264100045934,,,,1,용도지역코드,UQA430,자연녹지지역,1,0,,자연녹지지역,20221008
경상남도 양산시 용당동 15번지,48330,11300,0,0015,0000,12644821,,,,1,용도지역코드,1330,자연녹지지역,1,0,,자연녹지지역,20221008
경상남도 양산시 용당동 17번지,48330,11300,0,0017,0000,12645297,,,,1,용도지역코드,1220,일반공업지역,1,0,,일반공업지역,20221008
경상남도 양산시 용당동 17번지,48330,11300,0,0017,0000,12645051,,,,1,용도지역코드,1220,일반공업지역,1,0,,일반공업지역,20221008
경상남도 양산시 용당동 17번지,48330,11300,0,0017,0000,12645051,,,,1,용도지역코드,1330,자연녹지지역,0,0,,자연녹지지역,20221008
경상남도 양산시 용당동 17번지,48330,11300,0,0017,0000,12641209,경상남도 양산시 웅상읍 용당리,17,,1,용도지역코드,1330,자연녹지지역,1,0,,자연녹지지역,20221008
경상남도 양산시 용당동 17번지,48330,11300,0,0017,0000,1264100027372,,,,1,용도지역코드,UQA320,일반공업지역,1,0,,일반공업지역,20221008
경상남도 양산시 용당동 17번지,48330,11300,0,0017,0000,1264100027372,,,,1,용도지역코드,UQA430,자연녹지지역,0,0,,자연녹지지역,20221008
경상남도 양산시 용당동 17번지,48330,11300,0,0017,0000,12641451,"17,-1,-2,-3",,,1,용도지역코드,1330,자연녹지지역,1,0,,자연녹지지역,20221008
경상남도 양산시 용당동 18번지,48330,11300,0,0018,0000,12643804,,,,1,용도지역코드,1330,자연녹지지역,1,0,,자연녹지지역,20221008
경상남도 양산시 용당동 19번지,48330,11300,0,0019,0000,1264100133123,,,,1,용도지역코드,UQA430,자연녹지지역,1,0,,자연녹지지역,20221008
경상남도 양산시 용당동 19번지,48330,11300,0,0019,0000,1264100133123,,,,3,용도구역코드,UMZ100,가축사육제한구역,1,0,,가축사육제한구역,20221008
경상남도 양산시 용당동 19-1번지,48330,11300,0,0019,0001,1264100099713,,,,1,용도지역코드,UQA430,자연녹지지역,1,0,,자연녹지지역,20221008
경상남도 양산시 용당동 19-2번지,48330,11300,0,0019,0002,1264100115616,,,,1,용도지역코드,UQA430,자연녹지지역,1,0,,자연녹지지역,20221008
경상남도 양산시 용당동 19-2번지,48330,11300,0,0019,0002,12649232,,,,1,용도지역코드,1330,자연녹지지역,1,0,,자연녹지지역,20221008
경상남도 양산시 용당동 21번지,48330,11300,0,0021,0000,1264100146484,,,,3,용도구역코드,UMZ100,가축사육제한구역,1,0,,가축사육제한구역,20221215
경상남도 양산시 용당동 21번지,48330,11300,0,0021,0000,1264100146484,,,,1,용도지역코드,UQA320,일반공업지역,1,0,,일반공업지역,20221215
경상남도 양산시 용당동 21번지,48330,11300,0,0021,0000,1000000000000000175024,,,,1,용도지역코드,UQA320,일반공업지역,1,0,,일반공업지역,20221123
경상남도 양산시 용당동 21번지,48330,11300,0,0021,0000,12641820,경상남도 양산시 웅상읍 용당리,21,,1,용도지역코드,1330,자연녹지지역,1,0,,자연녹지지역,20221008
경상남도 양산시 용당동 22번지,48330,11300,0,0022,0000,1000000000000000191382,,,,1,용도지역코드,UQA320,일반공업지역,1,0,,일반공업지역,20221208
경상남도 양산시 용당동 22번지,48330,11300,0,0022,0000,1264100155090,,,,1,용도지역코드,UQA320,일반공업지역,1,0,,일반공업지역,20221008
경상남도 양산시 용당동 22번지,48330,11300,0,0022,0000,1264100155090,,,,3,용도구역코드,UMZ100,가축사육제한구역,1,0,,가축사육제한구역,20221008
경상남도 양산시 용당동 22번지,48330,11300,0,0022,0000,12641821,경상남도 웅상읍 용당리,22,,1,용도지역코드,1330,자연녹지지역,1,0,,자연녹지지역,20221008
경상남도 양산시 용당동 24번지,48330,11300,0,0024,0000,1264100033886,,,,1,용도지역코드,UQA320,일반공업지역,1,0,,일반공업지역,20221008
경상남도 양산시 용당동 24-2번지,48330,11300,0,0024,0002,1264100033751,,,,1,용도지역코드,UQA320,일반공업지역,1,0,,일반공업지역,20221008
경상남도 양산시 용당동 24-2번지,48330,11300,0,0024,0002,1264100029849,,,,1,용도지역코드,UQA320,일반공업지역,1,0,,일반공업지역,20221008
경상남도 양산시 용당동 25번지,48330,11300,0,0025,0000,1264100051636,,,,1,용도지역코드,UQA320,일반공업지역,1,0,,일반공업지역,20221008
경상남도 양산시 용당동 25번지,48330,11300,0,0025,0000,12645383,경상남도 양산시 웅상읍 용당리,,25,1,용도지역코드,1220,일반공업지역,1,0,,일반공업지역,20221008
경상남도 양산시 용당동 25번지,48330,11300,0,0025,0000,1264100054132,,,,1,용도지역코드,UQA320,일반공업지역,1,0,,일반공업지역,20221008
경상남도 양산시 용당동 27번지,48330,11300,0,0027,0000,1000000000000000084158,,,,1,용도지역코드,UM2100,공장설립승인지역,0,0,,공장설립승인지역,20221026
경상남도 양산시 용당동 27번지,48330,11300,0,0027,0000,1000000000000000084158,,,,3,용도구역코드,UMZ100,가축사육제한구역,1,0,,가축사육제한구역,20221026
경상남도 양산시 용당동 27번지,48330,11300,0,0027,0000,1000000000000000084158,,,,1,용도지역코드,UQA320,일반공업지역,1,0,,일반공업지역,20221026
경상남도 양산시 용당동 27번지,48330,11300,0,0027,0000,1264100061378,,,,1,용도지역코드,UQA320,일반공업지역,1,0,,일반공업지역,20221008
경상남도 양산시 용당동 27번지,48330,11300,0,0027,0000,1264100074220,,,,1,용도지역코드,UQA320,일반공업지역,1,0,,일반공업지역,20221008
경상남도 양산시 용당동 30번지,48330,11300,0,0030,0000,1264100029009,,,,1,용도지역코드,UQA320,일반공업지역,1,0,,일반공업지역,20221008
경상남도 양산시 용당동 30-10번지,48330,11300,0,0030,0010,1000000000000001002860,,,,1,용도지역코드,UQA320,일반공업지역,1,0,,일반공업지역,20260728
경상남도 양산시 용당동 30-10번지,48330,11300,0,0030,0010,1000000000000001002860,,,,1,용도지역코드,UM2100,공장설립승인지역,0,0,,공장설립승인지역,20260728
경상남도 양산시 용당동 30-10번지,48330,11300,0,0030,0010,12644509,,,,1,용도지역코드,1220,일반공업지역,1,0,,일반공업지역,20221008
경상남도 양산시 용당동 30-10번지,48330,11300,0,0030,0010,12642031,,,,1,용도지역코드,1330,자연녹지지역,1,0,,자연녹지지역,20221008
경상남도 양산시 용당동 30-11번지,48330,11300,0,0030,0011,12646963,,,,1,용도지역코드,1220,일반공업지역,1,0,,일반공업지역,20221008
경상남도 양산시 용당동 30-11번지,48330,11300,0,0030,0011,12642724,,,,1,용도지역코드,1330,자연녹지지역,1,0,,자연녹지지역,20221008
경상남도 양산시 용당동 30-11번지,48330,11300,0,0030,0011,1264100004726,,,,1,용도지역코드,1220,일반공업지역,1,0,,일반공업지역,20221008
경상남도 양산시 용당동 31번지,48330,11300,0,0031,0000,12642063,,,,1,용도지역코드,1330,자연녹지지역,1,0,,자연녹지지역,20221008
경상남도 양산시 용당동 31번지,48330,11300,0,0031,0000,12641800,,,,1,용도지역코드,1330,자연녹지지역,1,0,,자연녹지지역,20221008
경상남도 양산시 용당동 35번지,48330,11300,0,0035,0000,12647755,,,,1,용도지역코드,1220,일반공업지역,1,0,,일반공업지역,20221008
경상남도 양산시 용당동 35번지,48330,11300,0,0035,0000,12647755,,,,3,용도구역코드,010,도시계획구역,1,0,,도시계획구역,20221008
경상남도 양산시 용당동 40번지,48330,11300,0,0040,0000,1264100004008,,,,1,용도지역코드,1220,일반공업지역,1,0,,일반공업지역,20221008
경상남도 양산시 용당동 41번지,48330,11300,0,0041,0000,12642375,,42,1,1,용도지역코드,1330,자연녹지지역,1,0,,자연녹지지역,20221008
경상남도 양산시 용당동 41번지,48330,11300,0,0041,0000,12646032,,,,1,용도지역코드,1330,자연녹지지역,1,0,,자연녹지지역,20221008
경상남도 양산시 용당동 41-5번지,48330,11300,0,0041,0005,1264100010469,,,,1,용도지역코드,1220,일반공업지역,1,0,,일반공업지역,20221008
경상남도 양산시 용당동 41-5번지,48330,11300,0,0041,0005,1264100029919,,,,1,용도지역코드,UQA320,일반공업지역,1,0,,일반공업지역,20221008
경상남도 양산시 용당동 41-5번지,48330,11300,0,0041,0005,12647089,,,,1,용도지역코드,1220,일반공업지역,1,0,,일반공업지역,20221008
경상남도 양산시 용당동 41-5번지,48330,11300,0,0041,0005,12648724,,,,1,용도지역코드,1220,일반공업지역,1,0,,일반공업지역,20221008
경상남도 양산시 용당동 42-3번지,48330,11300,0,0042,0003,12648664,,,,1,용도지역코드,1220,일반공업지역,1,0,,일반공업지역,20221008
경상남도 양산시 용당동 42-7번지,48330,11300,0,0042,0007,12642659,,,,1,용도지역코드,1330,자연녹지지역,1,0,,자연녹지지역,20221008
경상남도 양산시 용당동 44번지,48330,11300,0,0044,0000,1264536,,,,1,용도지역코드,0800,경지지역,1,0,,경지지역,20221008
경상남도 양산시 용당동 44번지,48330,11300,0,0044,0000,1264100021504,,,,1,용도지역코드,1220,일반공업지역,1,0,,일반공업지역,20221008
경상남도 양산시 용당동 44번지,48330,11300,0,0044,0000,1264100005128,,,,1,용도지역코드,1220,일반공업지역,1,0,,일반공업지역,20221008
경상남도 양산시 용당동 44번지,48330,11300,0,0044,0000,1264100021505,,,,1,용도지역코드,1220,일반공업지역,1,0,,일반공업지역,20221008
경상남도 양산시 용당동 45번지,48330,11300,0,0045,0000,12648747,,,,1,용도지역코드,1220,일반공업지역,1,0,,일반공업지역,20221008
경상남도 양산시 용당동 45번지,48330,11300,0,0045,0000,1264100018956,,,,1,용도지역코드,1220,일반공업지역,1,0,,일반공업지역,20221008
경상남도 양산시 용당동 45번지,48330,11300,0,0045,0000,1264100036772,,,,1,용도지역코드,UQA320,일반공업지역,1,0,,일반공업지역,20221008
경상남도 양산시 용당동 45번지,48330,11300,0,0045,0000,1264100036572,,,,1,용도지역코드,UQA320,일반공업지역,1,0,,일반공업지역,20221008
경상남도 양산시 용당동 45-1번지,48330,11300,0,0045,0001,12647895,,,,1,용도지역코드,1220,일반공업지역,1,0,,일반공업지역,20221008
경상남도 양산시 용당동 45-1번지,48330,11300,0,0045,0001,12647902,,,,1,용도지역코드,1220,일반공업지역,1,0,,일반공업지역,20221008
경상남도 양산시 용당동 45-1번지,48330,11300,0,0045,0001,12649180,,,,1,용도지역코드,1220,일반공업지역,1,0,,일반공업지역,20221008
경상남도 양산시 용당동 45-2번지,48330,11300,0,0045,0002,12647034,,,,1,용도지역코드,1220,일반공업지역,1,0,,일반공업지역,20221008
경상남도 양산시 용당동 46번지,48330,11300,0,0046,0000,12648673,,,,1,용도지역코드,1220,일반공업지역,1,0,,일반공업지역,20221008
경상남도 양산시 용당동 46번지,48330,11300,0,0046,0000,12648673,,,,3,용도구역코드,010,도시계획구역,1,0,,도시계획구역,20221008
경상남도 양산시 용당동 54번지,48330,11300,0,0054,0000,1264100009849,,,,1,용도지역코드,1220,일반공업지역,1,0,,일반공업지역,20221008
경상남도 양산시 용당동 54-1번지,48330,11300,0,0054,0001,12644679,,,,1,용도지역코드,1220,일반공업지역,1,0,,일반공업지역,20221008
경상남도 양산시 용당동 54-1번지,48330,11300,0,0054,0001,1264100115217,,,,1,용도지역코드,UQA320,일반공업지역,1,0,,일반공업지역,20221008
경상남도 양산시 용당동 54-1번지,48330,11300,0,0054,0001,1264100115217,,,,1,용도지역코드,UM2100,공장설립승인지역,0,0,,공장설립승인지역,20221008
경상남도 양산시 용당동 54-1번지,48330,11300,0,0054,0001,1264100074919,,,,1,용도지역코드,UM2100,공장설립승인지역,,,,공장설립승인지역,20221008
경상남도 양산시 용당동 54-1번지,48330,11300,0,0054,0001,1264100074919,,,,1,용도지역코드,UQA320,일반공업지역,1,0,,일반공업지역,20221008
경상남도 양산시 용당동 54-1번지,48330,11300,0,0054,0001,1264100069840,,,,1,용도지역코드,UQA320,일반공업지역,1,0,,일반공업지역,20221008
경상남도 양산시 용당동 54-2번지,48330,11300,0,0054,0002,1264100037995,,,,1,용도지역코드,UQA320,일반공업지역,1,0,,일반공업지역,20221008
경상남도 양산시 용당동 55번지,48330,11300,0,0055,0000,1264100082741,,,,1,용도지역코드,UQA320,일반공업지역,1,0,,일반공업지역,20221008
경상남도 양산시 용당동 55번지,48330,11300,0,0055,0000,1264100082741,,,,1,용도지역코드,UM2100,공장설립승인지역,0,0,,공장설립승인지역,20221008
경상남도 양산시 용당동 55-3번지,48330,11300,0,0055,0003,12646027,,,,1,용도지역코드,1220,일반공업지역,1,0,,일반공업지역,20221008
경상남도 양산시 용당동 55-3번지,48330,11300,0,0055,0003,12645583,,,,1,용도지역코드,1220,일반공업지역,1,0,,일반공업지역,20221008
경상남도 양산시 용당동 55-3번지,48330,11300,0,0055,0003,1264100023466,,,,1,용도지역코드,UQA320,일반공업지역,1,0,,일반공업지역,20221008
경상남도 양산시 용당동 55-3번지,48330,11300,0,0055,0003,1264100022346,,,,1,용도지역코드,UQA320,일반공업지역,1,0,,일반공업지역,20221008
경상남도 양산시 용당동 55-3번지,48330,11300,0,0055,0003,1264100022346,,,,3,용도구역코드,UQQ600,토지거래계약에관한허가구역,1,0,,토지거래계약에관한허가구역,20221008
경상남도 양산시 용당동 56번지,48330,11300,0,0056,0000,12647068,,,,1,용도지역코드,1220,일반공업지역,1,0,,일반공업지역,20221008
경상남도 양산시 용당동 56-1번지,48330,11300,0,0056,0001,1264100064462,,,,1,용도지역코드,UQA320,일반공업지역,1,0,,일반공업지역,20221008
경상남도 양산시 용당동 60-13번지,48330,11300,0,0060,0013,1000000000000000888444,,,,1,용도지역코드,UQA320,일반공업지역,1,0,,일반공업지역,20260211
경상남도 양산시 용당동 60-13번지,48330,11300,0,0060,0013,1000000000000000888444,,,,1,용도지역코드,UQA430,자연녹지지역,0,0,,자연녹지지역,20260211
경상남도 양산시 용당동 60-13번지,48330,11300,0,0060,0013,1000000000000000860974,,,,1,용도지역코드,UQA430,자연녹지지역,1,0,,자연녹지지역,20251216
경상남도 양산시 용당동 60-13번지,48330,11300,0,0060,0013,1000000000000000860974,,,,3,용도구역코드,UJC100,소하천구역,0,0,,소하천구역,20251216
경상남도 양산시 용당동 60-13번지,48330,11300,0,0060,0013,1000000000000000860974,,,,3,용도구역코드,UMZ100,가축사육제한구역,1,0,,가축사육제한구역,20251216
경상남도 양산시 용당동 60-13번지,48330,11300,0,0060,0013,1264100121399,,,,1,용도지역코드,UM2100,공장설립승인지역,0,0,,공장설립승인지역,20221008
경상남도 양산시 용당동 60-13번지,48330,11300,0,0060,0013,1264100121399,,,,3,용도구역코드,UMZ100,가축사육제한구역,1,0,,가축사육제한구역,20221008
경상남도 양산시 용당동 60-13번지,48330,11300,0,0060,0013,1264100121399,,,,3,용도구역코드,UJC100,소하천구역,0,0,,소하천구역,20221008
경상남도 양산시 용당동 60-13번지,48330,11300,0,0060,0013,1264100121399,,,,1,용도지역코드,UQA430,자연녹지지역,1,0,,자연녹지지역,20221008
경상남도 양산시 용당동 60-13번지,48330,11300,0,0060,0013,1264100150374,,,,1,용도지역코드,UQA430,자연녹지지역,1,0,,자연녹지지역,20230215
경상남도 양산시 용당동 60-13번지,48330,11300,0,0060,0013,1264100150374,,,,3,용도구역코드,UMZ100,가축사육제한구역,1,0,,가축사육제한구역,20230215
경상남도 양산시 용당동 60-13번지,48330,11300,0,0060,0013,1264100150374,,,,1,용도지역코드,UM2100,공장설립승인지역,0,0,,공장설립승인지역,20230215
경상남도 양산시 용당동 60-13번지,48330,11300,0,0060,0013,1264100150374,,,,3,용도구역코드,UJC100,소하천구역,0,0,,소하천구역,20230215
경상남도 양산시 용당동 60-15번지,48330,11300,0,0060,0015,1264100135243,,,,1,용도지역코드,UQA430,자연녹지지역,1,0,,자연녹지지역,20221008
경상남도 양산시 용당동 61번지,48330,11300,0,0061,0000,12648003,,,,1,용도지역코드,1220,일반공업지역,1,0,,일반공업지역,20221008
경상남도 양산시 용당동 61번지,48330,11300,0,0061,0000,12648003,,,,3,용도구역코드,010,도시계획구역,1,0,,도시계획구역,20221008
경상남도 양산시 용당동 61-1번지,48330,11300,0,0061,0001,12645396,,,,1,용도지역코드,1220,일반공업지역,1,0,,일반공업지역,20221008
경상남도 양산시 용당동 61-1번지,48330,11300,0,0061,0001,12645406,,,,1,용도지역코드,1220,일반공업지역,1,0,,일반공업지역,20221008
경상남도 양산시 용당동 61-1번지,48330,11300,0,0061,0001,12645628,,,,1,용도지역코드,1220,일반공업지역,1,0,,일반공업지역,20221008
경상남도 양산시 용당동 61-2번지,48330,11300,0,0061,0002,12647037,,,,1,용도지역코드,1330,자연녹지지역,1,0,,자연녹지지역,20221008
경상남도 양산시 용당동 64-1번지,48330,11300,0,0064,0001,12647104,,,,1,용도지역코드,1220,일반공업지역,1,0,,일반공업지역,20221008
경상남도 양산시 용당동 64-1번지,48330,11300,0,0064,0001,12643560,,,,1,용도지역코드,1220,일반공업지역,1,0,,일반공업지역,20221008
경상남도 양산시 용당동 64-1번지,48330,11300,0,0064,0001,12647914,,,,1,용도지역코드,1220,일반공업지역,1,0,,일반공업지역,20221008
경상남도 양산시 용당동 64-1번지,48330,11300,0,0064,0001,12647914,,,,3,용도구역코드,010,도시계획구역,1,0,,도시계획구역,20221008
경상남도 양산시 용당동 66번지,48330,11300,0,0066,0000,1264100032636,,,,1,용도지역코드,UQA320,일반공업지역,1,0,,일반공업지역,20221008
경상남도 양산시 용당동 67번지,48330,11300,0,0067,0000,1264100032637,,,,1,용도지역코드,UQA430,자연녹지지역,1,0,,자연녹지지역,20221008
경상남도 양산시 용당동 88-2번지,48330,11300,0,0088,0002,1264100135244,,,,1,용도지역코드,UQA430,자연녹지지역,1,0,,자연녹지지역,20221008
경상남도 양산시 용당동 93-1번지,48330,11300,0,0093,0001,1264100029074,,,,1,용도지역코드,UQA430,자연녹지지역,1,0,,자연녹지지역,20221008
경상남도 양산시 용당동 112-2번지,48330,11300,0,0112,0002,12643061,,,,1,용도지역코드,0100,도시지역,1,0,,도시지역,20221008
경상남도 양산시 용당동 112-3번지,48330,11300,0,0112,0003,12642731,,,,1,용도지역코드,1330,자연녹지지역,1,0,,자연녹지지역,20221008
경상남도 양산시 용당동 112-8번지,48330,11300,0,0112,0008,12642430,경상남도 양산시 웅상읍 용당리,112,8,1,용도지역코드,Z200,준농림지역,1,0,,준농림지역,20221008
경상남도 양산시 용당동 112-12번지,48330,11300,0,0112,0012,12644772,,,,1,용도지역코드,1330,자연녹지지역,1,0,,자연녹지지역,20221008
경상남도 양산시 용당동 113번지,48330,11300,0,0113,0000,1264100010291,,,,1,용도지역코드,1330,자연녹지지역,1,0,,자연녹지지역,20221008
경상남도 양산시 용당동 113번지,48330,11300,0,0113,0000,1264889,,,,1,용도지역코드,Z200,준농림지역,1,0,,준농림지역,20221008
경상남도 양산시 용당동 114번지,48330,11300,0,0114,0000,12642005,,,,1,용도지역코드,Z200,준농림지역,1,0,,준농림지역,20221008
경상남도 양산시 용당동 114번지,48330,11300,0,0114,0000,12642037,,,,1,용도지역코드,Z200,준농림지역,1,0,,준농림지역,20221008
경상남도 양산시 용당동 114번지,48330,11300,0,0114,0000,12642647,,,,1,용도지역코드,Z200,준농림지역,1,0,,준농림지역,20221008
경상남도 양산시 용당동 115-3번지,48330,11300,0,0115,0003,12642083,,,,1,용도지역코드,Z200,준농림지역,1,0,,준농림지역,20221008
경상남도 양산시 용당동 115-3번지,48330,11300,0,0115,0003,12641653,,,,1,용도지역코드,Z200,준농림지역,1,0,,준농림지역,20221008
경상남도 양산시 용당동 117번지,48330,11300,0,0117,0000,12646025,,,,1,용도지역코드,1330,자연녹지지역,1,0,,자연녹지지역,20221008
경상남도 양산시 용당동 117번지,48330,11300,0,0117,0000,1264100132223,,,,1,용도지역코드,UQA430,자연녹지지역,1,0,,자연녹지지역,20221008
경상남도 양산시 용당동 125번지,48330,11300,0,0125,0000,1264100108717,,,,1,용도지역코드,UQA430,자연녹지지역,1,0,,자연녹지지역,20221008
경상남도 양산시 용당동 125-1번지,48330,11300,0,0125,0001,1000000000000000996391,,,,1,용도지역코드,UFI200,수목원조성예정지,0,0,,수목원조성예정지,20260716
경상남도 양산시 용당동 125-1번지,48330,11300,0,0125,0001,1000000000000000996391,,,,1,용도지역코드,UQA430,자연녹지지역,1,0,,자연녹지지역,20260716
경상남도 양산시 용당동 127-1번지,48330,11300,0,0127,0001,1264100052712,,,,1,용도지역코드,UQA430,자연녹지지역,1,0,,자연녹지지역,20221008
경상남도 양산시 용당동 127-1번지,48330,11300,0,0127,0001,12643185,,,,1,용도지역코드,1330,자연녹지지역,1,0,,자연녹지지역,20221008
경상남도 양산시 용당동 127-2번지,48330,11300,0,0127,0002,12642746,,,,1,용도지역코드,1330,자연녹지지역,1,0,,자연녹지지역,20221008
경상남도 양산시 용당동 130-1번지,48330,11300,0,0130,0001,1264100033124,,,,1,용도지역코드,UQA430,자연녹지지역,1,0,,자연녹지지역,20221008
경상남도 양산시 용당동 132-9번지,48330,11300,0,0132,0009,1264100012030,,,,1,용도지역코드,1330,자연녹지지역,1,0,,자연녹지지역,20221008
경상남도 양산시 용당동 132-12번지,48330,11300,0,0132,0012,12645353,,,,1,용도지역코드,1330,자연녹지지역,1,0,,자연녹지지역,20221008
경상남도 양산시 용당동 132-12번지,48330,11300,0,0132,0012,12645944,,,,1,용도지역코드,1330,자연녹지지역,1,0,,자연녹지지역,20221008
경상남도 양산시 용당동 132-17번지,48330,11300,0,0132,0017,1264100060833,,,,1,용도지역코드,UQA430,자연녹지지역,1,0,,자연녹지지역,20221008
경상남도 양산시 용당동 132-18번지,48330,11300,0,0132,0018,1264100079459,,,,1,용도지역코드,UQA430,자연녹지지역,1,0,,자연녹지지역,20221008
경상남도 양산시 용당동 132-22번지,48330,11300,0,0132,0022,1264100006885,,,,1,용도지역코드,1330,자연녹지지역,1,0,,자연녹지지역,20221008
경상남도 양산시 용당동 132-31번지,48330,11300,0,0132,0031,1000000000000000551090,,,,1,용도지역코드,UQA430,자연녹지지역,1,0,,자연녹지지역,20240827
경상남도 양산시 용당동 132-31번지,48330,11300,0,0132,0031,1000000000000000546007,,,,1,용도지역코드,UQA430,자연녹지지역,1,0,,자연녹지지역,20240701
경상남도 양산시 용당동 132-31번지,48330,11300,0,0132,0031,1264100010232,,,,1,용도지역코드,1330,자연녹지지역,1,0,,자연녹지지역,20221008
경상남도 양산시 용당동 132-31번지,48330,11300,0,0132,0031,12647842,,,,1,용도지역코드,1330,자연녹지지역,1,0,,자연녹지지역,20221008
경상남도 양산시 용당동 132-36번지,48330,11300,0,0132,0036,12648668,,,,1,용도지역코드,1330,자연녹지지역,1,0,,자연녹지지역,20221008
경상남도 양산시 용당동 132-36번지,48330,11300,0,0132,0036,1000000000000000497394,,,,1,용도지역코드,UQA430,자연녹지지역,1,0,,자연녹지지역,20240813
경상남도 양산시 용당동 132-37번지,48330,11300,0,0132,0037,12648651,,,,1,용도지역코드,1330,자연녹지지역,1,0,,자연녹지지역,20221008
경상남도 양산시 용당동 132-37번지,48330,11300,0,0132,0037,1264100155490,,,,1,용도지역코드,UQA430,자연녹지지역,1,0,,자연녹지지역,20221008
경상남도 양산시 용당동 133번지,48330,11300,0,0133,0000,1000000000000000832916,,,,1,용도지역코드,UQA430,자연녹지지역,1,0,,자연녹지지역,20260109
경상남도 양산시 용당동 133번지,48330,11300,0,0133,0000,1000000000000000684414,,,,1,용도지역코드,UQA430,자연녹지지역,1,0,,자연녹지지역,20250620
경상남도 양산시 용당동 133-2번지,48330,11300,0,0133,0002,1000000000000000515442,,,,1,용도지역코드,UQA430,자연녹지지역,1,0,,자연녹지지역,20250217
경상남도 양산시 용당동 133-2번지,48330,11300,0,0133,0002,1000000000000000348119,,,,1,용도지역코드,UQA430,자연녹지지역,1,0,,자연녹지지역,20230927
경상남도 양산시 용당동 133-6번지,48330,11300,0,0133,0006,1264100144865,,,,1,용도지역코드,UQA430,자연녹지지역,1,0,,자연녹지지역,20250716
경상남도 양산시 용당동 133-6번지,48330,11300,0,0133,0006,12642645,,,,1,용도지역코드,Z200,준농림지역,1,0,,준농림지역,20221008
경상남도 양산시 용당동 133-8번지,48330,11300,0,0133,0008,12649228,,,,1,용도지역코드,1330,자연녹지지역,1,0,,자연녹지지역,20221008
경상남도 양산시 용당동 133-9번지,48330,11300,0,0133,0009,1264100103954,,,,1,용도지역코드,UQA430,자연녹지지역,1,0,,자연녹지지역,20221008
경상남도 양산시 용당동 133-17번지,48330,11300,0,0133,0017,1000000000000000437732,,,,1,용도지역코드,UQA430,자연녹지지역,1,0,,자연녹지지역,20240503
경상남도 양산시 용당동 140-2번지,48330,11300,0,0140,0002,12647063,,,,1,용도지역코드,1330,자연녹지지역,1,0,,자연녹지지역,20221008
경상남도 양산시 용당동 140-8번지,48330,11300,0,0140,0008,1264100036714,,,,1,용도지역코드,UQA430,자연녹지지역,1,0,,자연녹지지역,20221008
경상남도 양산시 용당동 140-9번지,48330,11300,0,0140,0009,1264100036715,,,,1,용도지역코드,UQA430,자연녹지지역,1,0,,자연녹지지역,20221008
경상남도 양산시 용당동 141번지,48330,11300,0,0141,0000,1000000000000000709174,,,,1,용도지역코드,UQA430,자연녹지지역,1,0,,자연녹지지역,20250422
경상남도 양산시 용당동 141-1번지,48330,11300,0,0141,0001,1264100048148,,,,1,용도지역코드,UQA430,자연녹지지역,1,0,,자연녹지지역,20221008
경상남도 양산시 용당동 141-1번지,48330,11300,0,0141,0001,1264100048148,,,,3,용도구역코드,UEA120,농업보호구역,1,0,,농업보호구역,20221008
경상남도 양산시 용당동 146-5번지,48330,11300,0,0146,0005,1264100110300,,,,1,용도지역코드,UQA430,자연녹지지역,1,0,,자연녹지지역,20221008
경상남도 양산시 용당동 164번지,48330,11300,0,0164,0000,1264100023826,,,,1,용도지역코드,UQA430,자연녹지지역,1,0,,자연녹지지역,20221008
경상남도 양산시 용당동 164번지,48330,11300,0,0164,0000,1264100075439,,,,3,용도구역코드,UEA120,농업보호구역,1,0,,농업보호구역,20221008
경상남도 양산시 용당동 164번지,48330,11300,0,0164,0000,1264100075439,,,,1,용도지역코드,UQA410,보전녹지지역,1,0,,보전녹지지역,20221008
경상남도 양산시 용당동 164번지,48330,11300,0,0164,0000,1264100075439,,,,1,용도지역코드,UQA430,자연녹지지역,0,0,,자연녹지지역,20221008
경상남도 양산시 용당동 164번지,48330,11300,0,0164,0000,1264100077919,,,,1,용도지역코드,UQA430,자연녹지지역,1,0,,자연녹지지역,20221008
경상남도 양산시 용당동 164-1번지,48330,11300,0,0164,0001,1264100082722,,,,1,용도지역코드,UQA430,자연녹지지역,1,0,,자연녹지지역,20221008
경상남도 양산시 용당동 164-1번지,48330,11300,0,0164,0001,1264100082722,,,,1,용도지역코드,UQA410,보전녹지지역,0,0,,보전녹지지역,20221008
경상남도 양산시 용당동 168-1번지,48330,11300,0,0168,0001,12642124,,,,1,용도지역코드,1330,자연녹지지역,1,0,,자연녹지지역,20221008
경상남도 양산시 용당동 168-1번지,48330,11300,0,0168,0001,12642333,,,,1,용도지역코드,1330,자연녹지지역,1,0,,자연녹지지역,20221008
경상남도 양산시 용당동 170-2번지,48330,11300,0,0170,0002,1264100053430,,,,1,용도지역코드,UQA410,보전녹지지역,1,0,,보전녹지지역,20221008
경상남도 양산시 용당동 171-3번지,48330,11300,0,0171,0003,1264100154971,,,,1,용도지역코드,UQA430,자연녹지지역,1,0,,자연녹지지역,20230207
경상남도 양산시 용당동 179-6번지,48330,11300,0,0179,0006,12647959,,,,1,용도지역코드,1330,자연녹지지역,1,0,,자연녹지지역,20221008
경상남도 양산시 용당동 179-7번지,48330,11300,0,0179,0007,1264100088702,,,,1,용도지역코드,UQA430,자연녹지지역,1,0,,자연녹지지역,20221008
경상남도 양산시 용당동 179-7번지,48330,11300,0,0179,0007,1264100088702,,,,1,용도지역코드,UM2100,공장설립승인지역,0,0,,공장설립승인지역,20221008
경상남도 양산시 용당동 179-7번지,48330,11300,0,0179,0007,1264100052767,,,,1,용도지역코드,UQA430,자연녹지지역,1,0,,자연녹지지역,20221008
경상남도 양산시 용당동 183-4번지,48330,11300,0,0183,0004,1264100146264,,,,1,용도지역코드,UQA430,자연녹지지역,1,0,,자연녹지지역,20221008
경상남도 양산시 용당동 183-4번지,48330,11300,0,0183,0004,1264100146264,,,,1,용도지역코드,UM2100,공장설립승인지역,0,0,,공장설립승인지역,20221008
경상남도 양산시 용당동 185-4번지,48330,11300,0,0185,0004,1000000000000001008231,,,,1,용도지역코드,UQA430,자연녹지지역,1,0,,자연녹지지역,20260805
경상남도 양산시 용당동 185-4번지,48330,11300,0,0185,0004,1264100103173,,,,1,용도지역코드,UM2100,공장설립승인지역,,,,공장설립승인지역,20230818
경상남도 양산시 용당동 185-4번지,48330,11300,0,0185,0004,1264100103173,,,,1,용도지역코드,UQA410,보전녹지지역,1,0,,보전녹지지역,20230818
경상남도 양산시 용당동 191번지,48330,11300,0,0191,0000,12647865,,,,1,용도지역코드,1330,자연녹지지역,1,0,,자연녹지지역,20221008
경상남도 양산시 용당동 194번지,48330,11300,0,0194,0000,1264100031423,,,,1,용도지역코드,UQA430,자연녹지지역,1,0,,자연녹지지역,20221008
경상남도 양산시 용당동 194-1번지,48330,11300,0,0194,0001,1264100050346,,,,1,용도지역코드,UM2100,공장설립승인지역,,,,공장설립승인지역,20221008
경상남도 양산시 용당동 194-1번지,48330,11300,0,0194,0001,1264100050346,,,,1,용도지역코드,UQA430,자연녹지지역,1,0,,자연녹지지역,20221008
경상남도 양산시 용당동 194-1번지,48330,11300,0,0194,0001,1264100050366,,,,1,용도지역코드,UM2100,공장설립승인지역,,,,공장설립승인지역,20221008
경상남도 양산시 용당동 194-1번지,48330,11300,0,0194,0001,1264100050366,,,,1,용도지역코드,UQA430,자연녹지지역,1,0,,자연녹지지역,20221008
경상남도 양산시 용당동 194-1번지,48330,11300,0,0194,0001,1264100028789,,,,1,용도지역코드,UQA430,자연녹지지역,1,0,,자연녹지지역,20221008
경상남도 양산시 용당동 196번지,48330,11300,0,0196,0000,12642529,,,,1,용도지역코드,1330,자연녹지지역,1,0,,자연녹지지역,20221008
경상남도 양산시 용당동 196번지,48330,11300,0,0196,0000,12647113,,,,1,용도지역코드,1330,자연녹지지역,1,0,,자연녹지지역,20221008
경상남도 양산시 용당동 196번지,48330,11300,0,0196,0000,12643495,,,,1,용도지역코드,1330,자연녹지지역,1,0,,자연녹지지역,20221008
경상남도 양산시 용당동 196번지,48330,11300,0,0196,0000,12647905,,,,1,용도지역코드,1330,자연녹지지역,1,0,,자연녹지지역,20221008
경상남도 양산시 용당동 196번지,48330,11300,0,0196,0000,1264100016815,,,,1,용도지역코드,1330,자연녹지지역,1,0,,자연녹지지역,20221008
경상남도 양산시 용당동 201-3번지,48330,11300,0,0201,0003,1264100154072,,,,3,용도구역코드,UMZ100,가축사육제한구역,1,0,,가축사육제한구역,20221008
경상남도 양산시 용당동 201-3번지,48330,11300,0,0201,0003,1264100154072,,,,1,용도지역코드,UQA430,자연녹지지역,1,0,,자연녹지지역,20221008
경상남도 양산시 용당동 201-3번지,48330,11300,0,0201,0003,1264100058272,,,,1,용도지역코드,UQA430,자연녹지지역,1,0,,자연녹지지역,20221008
경상남도 양산시 용당동 201-3번지,48330,11300,0,0201,0003,1264100020316,,,,1,용도지역코드,UQA430,자연녹지지역,1,0,,자연녹지지역,20221008
경상남도 양산시 용당동 201-9번지,48330,11300,0,0201,0009,1264100007148,,,,1,용도지역코드,1021,제1종일반주거지역,1,0,,제1종일반주거지역,20221008
경상남도 양산시 용당동 201-11번지,48330,11300,0,0201,0011,1264100102174,,,,1,용도지역코드,UQA430,자연녹지지역,1,0,,자연녹지지역,20221008
경상남도 양산시 용당동 201-11번지,48330,11300,0,0201,0011,1264100102174,,,,1,용도지역코드,UM2100,공장설립승인지역,0,0,,공장설립승인지역,20221008
경상남도 양산시 용당동 202번지,48330,11300,0,0202,0000,1264100115636,,,,1,용도지역코드,UQA121,제1종일반주거지역,1,0,,제1종일반주거지역,20221008
경상남도 양산시 용당동 202번지,48330,11300,0,0202,0000,1264100137203,,,,1,용도지역코드,UQA122,제2종일반주거지역,1,0,,제2종일반주거지역,20221008
경상남도 양산시 용당동 207-1번지,48330,11300,0,0207,0001,1000000000000000460160,,,,1,용도지역코드,UQA122,제2종일반주거지역,1,0,,제2종일반주거지역,20241105
경상남도 양산시 용당동 207-1번지,48330,11300,0,0207,0001,1000000000000000460160,,,,3,용도구역코드,UMZ100,가축사육제한구역,1,0,,가축사육제한구역,20241105
경상남도 양산시 용당동 207-1번지,48330,11300,0,0207,0001,1000000000000000460160,,,,1,용도지역코드,UM2100,공장설립승인지역,0,0,,공장설립승인지역,20241105
경상남도 양산시 용당동 210번지,48330,11300,0,0210,0000,1264100028373,,,,1,용도지역코드,UQA121,제1종일반주거지역,1,0,,제1종일반주거지역,20221008
경상남도 양산시 용당동 210-3번지,48330,11300,0,0210,0003,12648604,,,,1,용도지역코드,1330,자연녹지지역,1,0,,자연녹지지역,20221008
경상남도 양산시 용당동 210-30번지,48330,11300,0,0210,0030,12648621,,,,1,용도지역코드,1330,자연녹지지역,1,0,,자연녹지지역,20221008
경상남도 양산시 용당동 210-31번지,48330,11300,0,0210,0031,1264100050413,,,,1,용도지역코드,UQA430,자연녹지지역,1,0,,자연녹지지역,20221008
경상남도 양산시 용당동 210-31번지,48330,11300,0,0210,0031,12648622,,,,1,용도지역코드,1330,자연녹지지역,1,0,,자연녹지지역,20221008
경상남도 양산시 용당동 210-32번지,48330,11300,0,0210,0032,1264100075141,,,,1,용도지역코드,UQA430,자연녹지지역,1,0,,자연녹지지역,20221008
경상남도 양산시 용당동 210-32번지,48330,11300,0,0210,0032,1264100075141,,,,3,용도구역코드,ULB100,전원개발사업구역,1,0,,전원개발사업구역,20221008
경상남도 양산시 용당동 210-33번지,48330,11300,0,0210,0033,1264100080879,,,,1,용도지역코드,UQA430,자연녹지지역,1,0,,자연녹지지역,20221008
경상남도 양산시 용당동 210-33번지,48330,11300,0,0210,0033,1264100080879,,,,1,용도지역코드,UM2100,공장설립승인지역,0,0,,공장설립승인지역,20221008
경상남도 양산시 용당동 210-33번지,48330,11300,0,0210,0033,1264100080879,,,,3,용도구역코드,ULB100,전원개발사업구역,1,0,,전원개발사업구역,20221008
경상남도 양산시 용당동 210-34번지,48330,11300,0,0210,0034,1264100089181,,,,1,용도지역코드,UQA430,자연녹지지역,1,0,,자연녹지지역,20221008
경상남도 양산시 용당동 210-38번지,48330,11300,0,0210,0038,12649013,,,,1,용도지역코드,1330,자연녹지지역,1,0,,자연녹지지역,20221008
경상남도 양산시 용당동 210-63번지,48330,11300,0,0210,0063,1264100085804,,,,1,용도지역코드,UQA430,자연녹지지역,1,0,,자연녹지지역,20221102
경상남도 양산시 용당동 210-63번지,48330,11300,0,0210,0063,1264100085804,,,,1,용도지역코드,UM2100,공장설립승인지역,0,0,,공장설립승인지역,20221102
경상남도 양산시 용당동 210-63번지,48330,11300,0,0210,0063,1264100085781,,,,1,용도지역코드,UQA430,자연녹지지역,1,0,,자연녹지지역,20221008
경상남도 양산시 용당동 210-63번지,48330,11300,0,0210,0063,1264100085781,,,,1,용도지역코드,UM2100,공장설립승인지역,0,0,,공장설립승인지역,20221008
경상남도 양산시 용당동 210-64번지,48330,11300,0,0210,0064,1264100075142,,,,1,용도지역코드,UQA430,자연녹지지역,1,0,,자연녹지지역,20221008
경상남도 양산시 용당동 210-64번지,48330,11300,0,0210,0064,1264100075142,,,,3,용도구역코드,ULB100,전원개발사업구역,1,0,,전원개발사업구역,20221008
경상남도 양산시 용당동 215-2번지,48330,11300,0,0215,0002,1264100066119,,,,1,용도지역코드,UQA121,제1종일반주거지역,1,0,,제1종일반주거지역,20221008
경상남도 양산시 용당동 215-6번지,48330,11300,0,0215,0006,12643938,,,,1,용도지역코드,1022,제2종일반주거지역,1,0,,제2종일반주거지역,20221008
경상남도 양산시 용당동 217-5번지,48330,11300,0,0217,0005,1264100054868,,,,1,용도지역코드,UQA121,제1종일반주거지역,1,0,,제1종일반주거지역,20221008
경상남도 양산시 용당동 218-2번지,48330,11300,0,0218,0002,1264100152491,,,,3,용도구역코드,UMZ100,가축사육제한구역,1,0,,가축사육제한구역,20230104
경상남도 양산시 용당동 218-2번지,48330,11300,0,0218,0002,1264100152491,,,,1,용도지역코드,UM2100,공장설립승인지역,0,0,,공장설립승인지역,20230104
경상남도 양산시 용당동 218-2번지,48330,11300,0,0218,0002,1264100152491,,,,1,용도지역코드,UQA122,제2종일반주거지역,1,0,,제2종일반주거지역,20230104
경상남도 양산시 용당동 227번지,48330,11300,0,0227,0000,1000000000000000093123,,,,3,용도구역코드,UMZ100,가축사육제한구역,1,0,,가축사육제한구역,20221031
경상남도 양산시 용당동 227번지,48330,11300,0,0227,0000,1000000000000000093123,,,,1,용도지역코드,UQA122,제2종일반주거지역,1,0,,제2종일반주거지역,20221031
경상남도 양산시 용당동 229번지,48330,11300,0,0229,0000,1264100131544,,,,1,용도지역코드,UQA122,제2종일반주거지역,1,0,,제2종일반주거지역,20221008
경상남도 양산시 용당동 229번지,48330,11300,0,0229,0000,1264100131544,,,,1,용도지역코드,UM2100,공장설립승인지역,0,0,,공장설립승인지역,20221008
경상남도 양산시 용당동 229번지,48330,11300,0,0229,0000,1264100147730,,,,1,용도지역코드,UQA122,제2종일반주거지역,1,0,,제2종일반주거지역,20221008
경상남도 양산시 용당동 229번지,48330,11300,0,0229,0000,1264100147730,,,,1,용도지역코드,UM2100,공장설립승인지역,0,0,,공장설립승인지역,20221008
경상남도 양산시 용당동 229번지,48330,11300,0,0229,0000,1264100057569,,,,1,용도지역코드,UQA121,제1종일반주거지역,1,0,,제1종일반주거지역,20221008
경상남도 양산시 용당동 229번지,48330,11300,0,0229,0000,1264100057569,,,,1,용도지역코드,UM2100,공장설립승인지역,0,0,,공장설립승인지역,20221008
경상남도 양산시 용당동 232번지,48330,11300,0,0232,0000,1264100157150,,,,1,용도지역코드,UQA430,자연녹지지역,1,0,,자연녹지지역,20230821
경상남도 양산시 용당동 232번지,48330,11300,0,0232,0000,1264100157150,,,,3,용도구역코드,UMZ100,가축사육제한구역,1,0,,가축사육제한구역,20230821
경상남도 양산시 용당동 232번지,48330,11300,0,0232,0000,1000000000000000489049,,,,3,용도구역코드,UMZ100,가축사육제한구역,1,0,,가축사육제한구역,20241008
경상남도 양산시 용당동 232번지,48330,11300,0,0232,0000,1000000000000000489049,,,,1,용도지역코드,UQA430,자연녹지지역,1,0,,자연녹지지역,20241008
경상남도 양산시 용당동 237번지,48330,11300,0,0237,0000,1264100074519,,,,1,용도지역코드,UQA430,자연녹지지역,1,0,,자연녹지지역,20221008
경상남도 양산시 용당동 237번지,48330,11300,0,0237,0000,1264100074519,,,,1,용도지역코드,UM2100,공장설립승인지역,0,0,,공장설립승인지역,20221008
경상남도 양산시 용당동 239번지,48330,11300,0,0239,0000,1264100037394,,,,1,용도지역코드,UQA430,자연녹지지역,1,0,,자연녹지지역,20221008
경상남도 양산시 용당동 239번지,48330,11300,0,0239,0000,1264100113356,,,,1,용도지역코드,UQA430,자연녹지지역,1,0,,자연녹지지역,20221008
경상남도 양산시 용당동 239번지,48330,11300,0,0239,0000,1264100034227,,,,1,용도지역코드,UQA430,자연녹지지역,1,0,,자연녹지지역,20221008
경상남도 양산시 용당동 242-1번지,48330,11300,0,0242,0001,1264100050206,,,,1,용도지역코드,UQA430,자연녹지지역,1,0,,자연녹지지역,20221008
경상남도 양산시 용당동 242-1번지,48330,11300,0,0242,0001,1264100017855,,,,1,용도지역코드,1330,자연녹지지역,1,0,,자연녹지지역,20221008
경상남도 양산시 용당동 242-1번지,48330,11300,0,0242,0001,1264100110096,,,,1,용도지역코드,UM2100,공장설립승인지역,,,,공장설립승인지역,20221008
경상남도 양산시 용당동 242-1번지,48330,11300,0,0242,0001,1264100110096,,,,1,용도지역코드,UQA430,자연녹지지역,1,0,,자연녹지지역,20221008
경상남도 양산시 용당동 242-1번지,48330,11300,0,0242,0001,1264100110096,,,,3,용도구역코드,UJC100,소하천구역,1,0,,소하천구역,20221008
경상남도 양산시 용당동 242-1번지,48330,11300,0,0242,0001,1264100115196,,,,1,용도지역코드,UQA430,자연녹지지역,1,0,,자연녹지지역,20221008
경상남도 양산시 용당동 242-1번지,48330,11300,0,0242,0001,1264100105153,,,,1,용도지역코드,UQA430,자연녹지지역,1,0,,자연녹지지역,20221008
경상남도 양산시 용당동 242-1번지,48330,11300,0,0242,0001,1264100105153,,,,1,용도지역코드,UM2100,공장설립승인지역,0,0,,공장설립승인지역,20221008
경상남도 양산시 용당동 242-1번지,48330,11300,0,0242,0001,1264100105153,,,,3,용도구역코드,UJC100,소하천구역,1,0,,소하천구역,20221008
경상남도 양산시 용당동 242-1번지,48330,11300,0,0242,0001,1264100115196,,,,1,용도지역코드,UM2100,공장설립승인지역,0,0,,공장설립승인지역,20221008
경상남도 양산시 용당동 242-1번지,48330,11300,0,0242,0001,12642117,경상남도 양산시 웅상읍 용당리,242,1,1,용도지역코드,1330,자연녹지지역,1,0,,자연녹지지역,20221008
경상남도 양산시 용당동 242-2번지,48330,11300,0,0242,0002,1264100135386,,,,1,용도지역코드,UQA430,자연녹지지역,1,0,,자연녹지지역,20221008
경상남도 양산시 용당동 242-4번지,48330,11300,0,0242,0004,12644076,,,,1,용도지역코드,1330,자연녹지지역,1,0,,자연녹지지역,20221008
경상남도 양산시 용당동 246번지,48330,11300,0,0246,0000,12645604,,,,1,용도지역코드,1330,자연녹지지역,1,0,,자연녹지지역,20221008
경상남도 양산시 용당동 246번지,48330,11300,0,0246,0000,12645604,,,,3,용도구역코드,010,도시계획구역,1,0,,도시계획구역,20221008
경상남도 양산시 용당동 246-1번지,48330,11300,0,0246,0001,12645605,,,,1,용도지역코드,1330,자연녹지지역,1,0,,자연녹지지역,20221008
경상남도 양산시 용당동 246-1번지,48330,11300,0,0246,0001,12645605,,,,3,용도구역코드,010,도시계획구역,1,0,,도시계획구역,20221008
경상남도 양산시 용당동 255번지,48330,11300,0,0255,0000,1000000000000000871126,,,,1,용도지역코드,UQA430,자연녹지지역,1,0,,자연녹지지역,20260107
경상남도 양산시 용당동 256번지,48330,11300,0,0256,0000,1264100124560,,,,1,용도지역코드,UQA430,자연녹지지역,1,0,,자연녹지지역,20221008
경상남도 양산시 용당동 256번지,48330,11300,0,0256,0000,1264100124560,,,,1,용도지역코드,UM2100,공장설립승인지역,0,0,,공장설립승인지역,20221008
경상남도 양산시 용당동 257-5번지,48330,11300,0,0257,0005,12644812,,,,1,용도지역코드,1330,자연녹지지역,1,0,,자연녹지지역,20221008
경상남도 양산시 용당동 259-2번지,48330,11300,0,0259,0002,12645539,,,,1,용도지역코드,1330,자연녹지지역,1,0,,자연녹지지역,20221008
경상남도 양산시 용당동 259-2번지,48330,11300,0,0259,0002,12645539,,,,3,용도구역코드,010,도시계획구역,1,0,,도시계획구역,20221008
경상남도 양산시 용당동 270번지,48330,11300,0,0270,0000,1000000000000000228706,,,,1,용도지역코드,UQA320,일반공업지역,1,0,,일반공업지역,20260209
경상남도 양산시 용당동 270번지,48330,11300,0,0270,0000,1000000000000000228706,,,,3,용도구역코드,UJC100,소하천구역,0,0,,소하천구역,20260209
경상남도 양산시 용당동 270번지,48330,11300,0,0270,0000,1000000000000000228706,,,,1,용도지역코드,UM2100,공장설립승인지역,0,0,,공장설립승인지역,20260209
경상남도 양산시 용당동 270번지,48330,11300,0,0270,0000,1000000000000000228706,,,,3,용도구역코드,UMZ100,가축사육제한구역,1,0,,가축사육제한구역,20260209
경상남도 양산시 용당동 270번지,48330,11300,0,0270,0000,1000000000000000764338,,,,3,용도구역코드,UJC100,소하천구역,0,0,,소하천구역,20250714
경상남도 양산시 용당동 270번지,48330,11300,0,0270,0000,1000000000000000764338,,,,3,용도구역코드,UMZ100,가축사육제한구역,1,0,,가축사육제한구역,20250714
경상남도 양산시 용당동 270번지,48330,11300,0,0270,0000,1000000000000000764338,,,,1,용도지역코드,UQA320,일반공업지역,1,0,,일반공업지역,20250714
경상남도 양산시 용당동 270번지,48330,11300,0,0270,0000,1000000000000000764338,,,,1,용도지역코드,UM2100,공장설립승인지역,0,0,,공장설립승인지역,20250714
경상남도 양산시 용당동 270번지,48330,11300,0,0270,0000,1000000000000000183759,,,,1,용도지역코드,UQA320,일반공업지역,1,0,,일반공업지역,20221201
경상남도 양산시 용당동 270번지,48330,11300,0,0270,0000,12646353,,,,1,용도지역코드,1220,일반공업지역,1,0,,일반공업지역,20221008
경상남도 양산시 용당동 270번지,48330,11300,0,0270,0000,1264100095907,,,,1,용도지역코드,UM2100,공장설립승인지역,,,,공장설립승인지역,20221008
경상남도 양산시 용당동 270번지,48330,11300,0,0270,0000,1264100095907,,,,1,용도지역코드,UQA430,자연녹지지역,,,,자연녹지지역,20221008
경상남도 양산시 용당동 270번지,48330,11300,0,0270,0000,1264100095907,,,,1,용도지역코드,UQA121,제1종일반주거지역,,,,제1종일반주거지역,20221008
경상남도 양산시 용당동 270번지,48330,11300,0,0270,0000,1264100095907,,,,1,용도지역코드,UQA320,일반공업지역,1,0,,일반공업지역,20221008
경상남도 양산시 용당동 270번지,48330,11300,0,0270,0000,1264100095907,,,,2,용도지구코드,UQG130,일반미관지구,1,0,,일반미관지구,20221008
경상남도 양산시 용당동 270번지,48330,11300,0,0270,0000,1264100029750,,,,1,용도지역코드,UQA320,일반공업지역,1,0,,일반공업지역,20221008
경상남도 양산시 용당동 270번지,48330,11300,0,0270,0000,1264612,경상남도 양산시 웅상읍 용당리,270,,1,용도지역코드,0800,경지지역,1,0,,경지지역,20221008
경상남도 양산시 용당동 270번지,48330,11300,0,0270,0000,12647894,,,,1,용도지역코드,1220,일반공업지역,1,0,,일반공업지역,20221008
경상남도 양산시 용당동 270번지,48330,11300,0,0270,0000,1264100134411,,,,1,용도지역코드,UM2100,공장설립승인지역,0,0,,공장설립승인지역,20221118
경상남도 양산시 용당동 270번지,48330,11300,0,0270,0000,1264100134411,,,,1,용도지역코드,UQA320,일반공업지역,1,0,,일반공업지역,20221118
경상남도 양산시 용당동 270번지,48330,11300,0,0270,0000,1264100134411,,,,2,용도지구코드,UQG130,일반미관지구,1,0,,일반미관지구,20221118
경상남도 양산시 용당동 270번지,48330,11300,0,0270,0000,1264100134411,,,,1,용도지역코드,UQA430,자연녹지지역,0,0,,자연녹지지역,20221118
경상남도 양산시 용당동 270번지,48330,11300,0,0270,0000,1264100134411,,,,3,용도구역코드,UJC100,소하천구역,1,0,,소하천구역,20221118
경상남도 양산시 용당동 286번지,48330,11300,0,0286,0000,1264100155131,,,,1,용도지역코드,UQA430,자연녹지지역,1,0,,자연녹지지역,20250522
경상남도 양산시 용당동 286번지,48330,11300,0,0286,0000,1264100155131,,,,1,용도지역코드,UM2100,공장설립승인지역,0,0,,공장설립승인지역,20250522
경상남도 양산시 용당동 286-1번지,48330,11300,0,0286,0001,1264100069679,,,,1,용도지역코드,UQA430,자연녹지지역,1,0,,자연녹지지역,20221008
경상남도 양산시 용당동 311번지,48330,11300,0,0311,0000,1264100095446,,,,1,용도지역코드,UQA320,일반공업지역,1,0,,일반공업지역,20221008
경상남도 양산시 용당동 311번지,48330,11300,0,0311,0000,1264100095446,,,,1,용도지역코드,UM2100,공장설립승인지역,0,0,,공장설립승인지역,20221008
경상남도 양산시 용당동 311번지,48330,11300,0,0311,0000,1264100116776,,,,1,용도지역코드,UQA320,일반공업지역,1,0,,일반공업지역,20221008
경상남도 양산시 용당동 311번지,48330,11300,0,0311,0000,1264100116776,,,,1,용도지역코드,UM2100,공장설립승인지역,0,0,,공장설립승인지역,20221008
경상남도 양산시 용당동 314번지,48330,11300,0,0314,0000,12649043,,,,1,용도지역코드,1220,일반공업지역,1,0,,일반공업지역,20221008
경상남도 양산시 용당동 314번지,48330,11300,0,0314,0000,1264100016601,,,,1,용도지역코드,1220,일반공업지역,1,0,,일반공업지역,20221008
경상남도 양산시 용당동 314번지,48330,11300,0,0314,0000,1264100028533,,,,1,용도지역코드,UQA320,일반공업지역,1,0,,일반공업지역,20221008
경상남도 양산시 용당동 317번지,48330,11300,0,0317,0000,1264100032762,,,,1,용도지역코드,UQA320,일반공업지역,1,0,,일반공업지역,20221008
경상남도 양산시 용당동 317번지,48330,11300,0,0317,0000,12649047,,,,1,용도지역코드,1220,일반공업지역,1,0,,일반공업지역,20221008
경상남도 양산시 용당동 317번지,48330,11300,0,0317,0000,12647875,,,,1,용도지역코드,1220,일반공업지역,1,0,,일반공업지역,20221008
경상남도 양산시 용당동 320번지,48330,11300,0,0320,0000,12647896,,,,1,용도지역코드,1220,일반공업지역,1,0,,일반공업지역,20221008
경상남도 양산시 용당동 321번지,48330,11300,0,0321,0000,12649221,,,,1,용도지역코드,1220,일반공업지역,1,0,,일반공업지역,20221008
경상남도 양산시 용당동 323번지,48330,11300,0,0323,0000,12648748,,,,1,용도지역코드,1220,일반공업지역,1,0,,일반공업지역,20221008
경상남도 양산시 용당동 323번지,48330,11300,0,0323,0000,12648748,,,,3,용도구역코드,010,도시계획구역,1,0,,도시계획구역,20221008
경상남도 양산시 용당동 328번지,48330,11300,0,0328,0000,1264100018759,,,,1,용도지역코드,1220,일반공업지역,1,0,,일반공업지역,20221008
경상남도 양산시 용당동 328번지,48330,11300,0,0328,0000,1264100019406,,,,1,용도지역코드,1220,일반공업지역,1,0,,일반공업지역,20221008
경상남도 양산시 용당동 330번지,48330,11300,0,0330,0000,12648000,,,,1,용도지역코드,1220,일반공업지역,1,0,,일반공업지역,20221008
경상남도 양산시 용당동 332-6번지,48330,11300,0,0332,0006,1000000000000000887357,,,,1,용도지역코드,UM2100,공장설립승인지역,0,0,,공장설립승인지역,20260728
경상남도 양산시 용당동 332-6번지,48330,11300,0,0332,0006,1000000000000000887357,,,,1,용도지역코드,UQA430,자연녹지지역,1,0,,자연녹지지역,20260728
경상남도 양산시 용당동 332-6번지,48330,11300,0,0332,0006,1000000000000000878917,,,,1,용도지역코드,UM2100,공장설립승인지역,0,0,,공장설립승인지역,20260122
경상남도 양산시 용당동 332-6번지,48330,11300,0,0332,0006,1000000000000000878917,,,,1,용도지역코드,UQA430,자연녹지지역,1,0,,자연녹지지역,20260122
경상남도 양산시 용당동 335-1번지,48330,11300,0,0335,0001,1000000000000000409246,,,,1,용도지역코드,UEZ000,농업기타용도지역지구미분류,1,0,,농업기타용도지역지구미분류,20231114
경상남도 양산시 용당동 360번지,48330,11300,0,0360,0000,12645039,,,,1,용도지역코드,1220,일반공업지역,1,0,,일반공업지역,20221008
경상남도 양산시 용당동 360번지,48330,11300,0,0360,0000,1264100021343,,,,1,용도지역코드,1220,일반공업지역,1,0,,일반공업지역,20221008
경상남도 양산시 용당동 360번지,48330,11300,0,0360,0000,12648746,,,,1,용도지역코드,1220,일반공업지역,1,0,,일반공업지역,20221008
경상남도 양산시 용당동 364-3번지,48330,11300,0,0364,0003,12646080,,,,1,용도지역코드,1220,일반공업지역,1,0,,일반공업지역,20221008
경상남도 양산시 용당동 364-3번지,48330,11300,0,0364,0003,12643645,,,,1,용도지역코드,1330,자연녹지지역,1,0,,자연녹지지역,20221008
경상남도 양산시 용당동 364-6번지,48330,11300,0,0364,0006,1264100054570,,,,1,용도지역코드,UQA320,일반공업지역,1,0,,일반공업지역,20221008
경상남도 양산시 용당동 367번지,48330,11300,0,0367,0000,12644519,,,,1,용도지역코드,1220,일반공업지역,1,0,,일반공업지역,20221008
경상남도 양산시 용당동 367번지,48330,11300,0,0367,0000,12644521,,,,1,용도지역코드,1220,일반공업지역,1,0,,일반공업지역,20221008
경상남도 양산시 용당동 371번지,48330,11300,0,0371,0000,1264100025989,,,,1,용도지역코드,UQA430,자연녹지지역,1,0,,자연녹지지역,20221008
경상남도 양산시 용당동 390-9번지,48330,11300,0,0390,0009,1264100046106,,,,1,용도지역코드,UQA430,자연녹지지역,1,0,,자연녹지지역,20221008
경상남도 양산시 용당동 390-9번지,48330,11300,0,0390,0009,12648677,,,,1,용도지역코드,1330,자연녹지지역,1,0,,자연녹지지역,20221008
경상남도 양산시 용당동 390-9번지,48330,11300,0,0390,0009,1264100124359,,,,1,용도지역코드,UQA430,자연녹지지역,1,0,,자연녹지지역,20221008
경상남도 양산시 용당동 390-9번지,48330,11300,0,0390,0009,1264100130243,,,,1,용도지역코드,UQA430,자연녹지지역,1,0,,자연녹지지역,20221008
경상남도 양산시 용당동 390-9번지,48330,11300,0,0390,0009,1264100020860,,,,1,용도지역코드,1330,자연녹지지역,1,0,,자연녹지지역,20221008
경상남도 양산시 용당동 406번지,48330,11300,0,0406,0000,12645392,,,,1,용도지역코드,1330,자연녹지지역,1,0,,자연녹지지역,20221008
경상남도 양산시 용당동 406번지,48330,11300,0,0406,0000,12645392,,,,2,용도지구코드,011,자연취락지구,1,0,,자연취락지구,20221008
경상남도 양산시 용당동 406번지,48330,11300,0,0406,0000,126451,,,,1,용도지역코드,0800,경지지역,1,0,,경지지역,20221008
경상남도 양산시 용당동 407-3번지,48330,11300,0,0407,0003,1264100148590,,,,2,용도지구코드,UQM110,자연취락지구,1,0,,자연취락지구,20221008
경상남도 양산시 용당동 407-3번지,48330,11300,0,0407,0003,1264100148590,,,,1,용도지역코드,UQA430,자연녹지지역,1,0,,자연녹지지역,20221008
경상남도 양산시 용당동 408번지,48330,11300,0,0408,0000,1264100130268,,,,1,용도지역코드,UQA430,자연녹지지역,1,0,,자연녹지지역,20221008
경상남도 양산시 용당동 408번지,48330,11300,0,0408,0000,1264100130268,,,,1,용도지역코드,UM2100,공장설립승인지역,0,0,,공장설립승인지역,20221008
경상남도 양산시 용당동 408번지,48330,11300,0,0408,0000,1264100130268,,,,2,용도지구코드,UQM110,자연취락지구,1,0,,자연취락지구,20221008
경상남도 양산시 용당동 408번지,48330,11300,0,0408,0000,1264100130268,,,,3,용도구역코드,UMZ100,가축사육제한구역,1,0,,가축사육제한구역,20221008
경상남도 양산시 용당동 408-6번지,48330,11300,0,0408,0006,1264100134145,,,,1,용도지역코드,UQA430,자연녹지지역,1,0,,자연녹지지역,20221008
경상남도 양산시 용당동 408-6번지,48330,11300,0,0408,0006,1264100134145,,,,2,용도지구코드,UQM110,자연취락지구,1,0,,자연취락지구,20221008
경상남도 양산시 용당동 408-6번지,48330,11300,0,0408,0006,1264100134145,,,,3,용도구역코드,UMZ100,가축사육제한구역,1,0,,가축사육제한구역,20221008
경상남도 양산시 용당동 408-9번지,48330,11300,0,0408,0009,1000000000000000509288,,,,2,용도지구코드,UQM110,자연취락지구,1,0,,자연취락지구,20240527
경상남도 양산시 용당동 408-9번지,48330,11300,0,0408,0009,1000000000000000509288,,,,1,용도지역코드,UQA430,자연녹지지역,1,0,,자연녹지지역,20240527
경상남도 양산시 용당동 408-9번지,48330,11300,0,0408,0009,1000000000000000509288,,,,3,용도구역코드,UMZ100,가축사육제한구역,1,0,,가축사육제한구역,20240527
경상남도 양산시 용당동 408-9번지,48330,11300,0,0408,0009,1000000000000000509288,,,,1,용도지역코드,UM2100,공장설립승인지역,0,0,,공장설립승인지역,20240527
경상남도 양산시 용당동 408-24번지,48330,11300,0,0408,0024,1000000000000000845616,,,,2,용도지구코드,UQM110,자연취락지구,1,0,,자연취락지구,20251120
경상남도 양산시 용당동 408-24번지,48330,11300,0,0408,0024,1000000000000000845616,,,,1,용도지역코드,UQA430,자연녹지지역,1,0,,자연녹지지역,20251120
경상남도 양산시 용당동 414-3번지,48330,11300,0,0414,0003,1264100005645,,,,1,용도지역코드,1330,자연녹지지역,1,0,,자연녹지지역,20221008
경상남도 양산시 용당동 414-3번지,48330,11300,0,0414,0003,1264100023006,,,,1,용도지역코드,UQA430,자연녹지지역,1,0,,자연녹지지역,20221008
경상남도 양산시 용당동 414-8번지,48330,11300,0,0414,0008,1264100006909,,,,1,용도지역코드,1330,자연녹지지역,1,0,,자연녹지지역,20221008
경상남도 양산시 용당동 414-8번지,48330,11300,0,0414,0008,1264100006909,,,,2,용도지구코드,980,용도지구미지정,1,0,,용도지구미지정,20221008
경상남도 양산시 용당동 414-8번지,48330,11300,0,0414,0008,1264100006909,,,,3,용도구역코드,980,용도구역미지정,1,0,,용도구역미지정,20221008
경상남도 양산시 용당동 416번지,48330,11300,0,0416,0000,1000000000000000245967,,,,1,용도지역코드,UQA430,자연녹지지역,1,0,,자연녹지지역,20260212
경상남도 양산시 용당동 424-2번지,48330,11300,0,0424,0002,1264100142863,,,,1,용도지역코드,UQA430,자연녹지지역,1,0,,자연녹지지역,20221008
경상남도 양산시 용당동 424-2번지,48330,11300,0,0424,0002,1264100142863,,,,1,용도지역코드,UM2100,공장설립승인지역,0,0,,공장설립승인지역,20221008
경상남도 양산시 용당동 426번지,48330,11300,0,0426,0000,1264100132803,,,,1,용도지역코드,UQA430,자연녹지지역,1,0,,자연녹지지역,20221008
경상남도 양산시 용당동 426번지,48330,11300,0,0426,0000,1264100132803,,,,1,용도지역코드,UM2100,공장설립승인지역,0,0,,공장설립승인지역,20221008
경상남도 양산시 용당동 429번지,48330,11300,0,0429,0000,1264100127304,,,,1,용도지역코드,UQA430,자연녹지지역,1,0,,자연녹지지역,20221008
경상남도 양산시 용당동 429번지,48330,11300,0,0429,0000,1264100127304,,,,1,용도지역코드,UM2100,공장설립승인지역,0,0,,공장설립승인지역,20221008
경상남도 양산시 용당동 429번지,48330,11300,0,0429,0000,1264100127304,,,,3,용도구역코드,UMZ100,가축사육제한구역,1,0,,가축사육제한구역,20221008
경상남도 양산시 용당동 429번지,48330,11300,0,0429,0000,1264100129926,,,,1,용도지역코드,UQA430,자연녹지지역,1,0,,자연녹지지역,20221008
경상남도 양산시 용당동 429번지,48330,11300,0,0429,0000,1264100005725,,,,1,용도지역코드,1330,자연녹지지역,1,0,,자연녹지지역,20221008
경상남도 양산시 용당동 429번지,48330,11300,0,0429,0000,1264100027373,,,,1,용도지역코드,UQA430,자연녹지지역,1,0,,자연녹지지역,20221008
경상남도 양산시 용당동 429번지,48330,11300,0,0429,0000,12645645,,,,1,용도지역코드,1330,자연녹지지역,1,0,,자연녹지지역,20221008
경상남도 양산시 용당동 434번지,48330,11300,0,0434,0000,1264100005726,,,,1,용도지역코드,1330,자연녹지지역,1,0,,자연녹지지역,20221008
경상남도 양산시 용당동 436번지,48330,11300,0,0436,0000,1264100045345,,,,1,용도지역코드,UQA430,자연녹지지역,1,0,,자연녹지지역,20221008
경상남도 양산시 용당동 437번지,48330,11300,0,0437,0000,1264100026509,,,,1,용도지역코드,UQA430,자연녹지지역,1,0,,자연녹지지역,20221008
경상남도 양산시 용당동 437번지,48330,11300,0,0437,0000,1264100012230,,,,1,용도지역코드,1330,자연녹지지역,1,0,,자연녹지지역,20221008
경상남도 양산시 용당동 437번지,48330,11300,0,0437,0000,1264100146527,,,,1,용도지역코드,UQA430,자연녹지지역,1,0,,자연녹지지역,20230831
경상남도 양산시 용당동 437번지,48330,11300,0,0437,0000,1264100146527,,,,3,용도구역코드,UMZ100,가축사육제한구역,1,0,,가축사육제한구역,20230831
경상남도 양산시 용당동 437번지,48330,11300,0,0437,0000,1264100146527,,,,1,용도지역코드,UM2100,공장설립승인지역,0,0,,공장설립승인지역,20230831
경상남도 양산시 용당동 450-1번지,48330,11300,0,0450,0001,1264100148777,,,,1,용도지역코드,UQA122,제2종일반주거지역,1,0,,제2종일반주거지역,20221008
경상남도 양산시 용당동 450-1번지,48330,11300,0,0450,0001,1264100148777,,,,1,용도지역코드,UM2100,공장설립승인지역,0,0,,공장설립승인지역,20221008
경상남도 양산시 용당동 450-1번지,48330,11300,0,0450,0001,1264100148777,,,,1,용도지역코드,UQA320,일반공업지역,0,0,,일반공업지역,20221008
경상남도 양산시 용당동 450-1번지,48330,11300,0,0450,0001,1264100148777,,,,2,용도지구코드,UQF132,시가지경관지구(일반),1,0,,시가지경관지구(일반),20221008
경상남도 양산시 용당동 454-3번지,48330,11300,0,0454,0003,1264100053608,,,,1,용도지역코드,UQA121,제1종일반주거지역,1,0,,제1종일반주거지역,20221008
경상남도 양산시 용당동 454-3번지,48330,11300,0,0454,0003,1264100053608,,,,2,용도지구코드,UQG130,일반미관지구,1,0,,일반미관지구,20221008
경상남도 양산시 용당동 457-2번지,48330,11300,0,0457,0002,1264100030116,,,,1,용도지역코드,UQA121,제1종일반주거지역,1,0,,제1종일반주거지역,20221008
경상남도 양산시 용당동 464번지,48330,11300,0,0464,0000,1264100051314,,,,1,용도지역코드,UQA121,제1종일반주거지역,1,0,,제1종일반주거지역,20221008
경상남도 양산시 용당동 465-1번지,48330,11300,0,0465,0001,1264100056308,,,,1,용도지역코드,UQA121,제1종일반주거지역,1,0,,제1종일반주거지역,20221008
경상남도 양산시 용당동 465-2번지,48330,11300,0,0465,0002,12645387,,,,1,용도지역코드,1022,제2종일반주거지역,1,0,,제2종일반주거지역,20221008
경상남도 양산시 용당동 465-2번지,48330,11300,0,0465,0002,1264100046806,,,,1,용도지역코드,UQA121,제1종일반주거지역,1,0,,제1종일반주거지역,20221008
경상남도 양산시 용당동 465-2번지,48330,11300,0,0465,0002,1264100046806,,,,1,용도지역코드,UM2100,공장설립승인지역,0,0,,공장설립승인지역,20221008
경상남도 양산시 용당동 466번지,48330,11300,0,0466,0000,1264100051315,,,,1,용도지역코드,UQA121,제1종일반주거지역,1,0,,제1종일반주거지역,20221008
경상남도 양산시 용당동 467번지,48330,11300,0,0467,0000,1000000000000000823877,,,,3,용도구역코드,UMZ100,가축사육제한구역,1,0,,가축사육제한구역,20260317
경상남도 양산시 용당동 467번지,48330,11300,0,0467,0000,1000000000000000823877,,,,1,용도지역코드,UQA122,제2종일반주거지역,1,0,,제2종일반주거지역,20260317
경상남도 양산시 용당동 467번지,48330,11300,0,0467,0000,1264100129683,,,,1,용도지역코드,UQA122,제2종일반주거지역,1,0,,제2종일반주거지역,20221008
경상남도 양산시 용당동 467번지,48330,11300,0,0467,0000,1264100129683,,,,1,용도지역코드,UM2100,공장설립승인지역,0,0,,공장설립승인지역,20221008
경상남도 양산시 용당동 468-2번지,48330,11300,0,0468,0002,1264100143826,,,,1,용도지역코드,UQA122,제2종일반주거지역,1,0,,제2종일반주거지역,20230227
경상남도 양산시 용당동 468-2번지,48330,11300,0,0468,0002,1264100143826,,,,3,용도구역코드,UMZ100,가축사육제한구역,1,0,,가축사육제한구역,20230227
경상남도 양산시 용당동 468-2번지,48330,11300,0,0468,0002,1264100006026,,,,1,용도지역코드,1021,제1종일반주거지역,1,0,,제1종일반주거지역,20221008
경상남도 양산시 용당동 469-4번지,48330,11300,0,0469,0004,1264100147612,,,,1,용도지역코드,UQA122,제2종일반주거지역,1,0,,제2종일반주거지역,20230210
경상남도 양산시 용당동 469-4번지,48330,11300,0,0469,0004,12647046,,,,1,용도지역코드,1021,제1종일반주거지역,1,0,,제1종일반주거지역,20221008
경상남도 양산시 용당동 473-1번지,48330,11300,0,0473,0001,1264100058873,,,,1,용도지역코드,UQA121,제1종일반주거지역,1,0,,제1종일반주거지역,20221008
경상남도 양산시 용당동 482-1번지,48330,11300,0,0482,0001,1264100131843,,,,1,용도지역코드,UQA122,제2종일반주거지역,1,0,,제2종일반주거지역,20221008
경상남도 양산시 용당동 491-2번지,48330,11300,0,0491,0002,1264100072399,,,,1,용도지역코드,UQA121,제1종일반주거지역,1,0,,제1종일반주거지역,20221008
경상남도 양산시 용당동 491-8번지,48330,11300,0,0491,0008,1264100035495,,,,1,용도지역코드,UQA121,제1종일반주거지역,1,0,,제1종일반주거지역,20221008
경상남도 양산시 용당동 492-7번지,48330,11300,0,0492,0007,1264100146103,,,,1,용도지역코드,UQA122,제2종일반주거지역,1,0,,제2종일반주거지역,20221008
경상남도 양산시 용당동 492-7번지,48330,11300,0,0492,0007,1264100146103,,,,3,용도구역코드,UMZ100,가축사육제한구역,1,0,,가축사육제한구역,20221008
경상남도 양산시 용당동 494-2번지,48330,11300,0,0494,0002,1000000000000000834178,,,,1,용도지역코드,UQA122,제2종일반주거지역,1,0,,제2종일반주거지역,20251104
경상남도 양산시 용당동 494-2번지,48330,11300,0,0494,0002,1000000000000000653765,,,,1,용도지역코드,UQA122,제2종일반주거지역,1,0,,제2종일반주거지역,20251002
경상남도 양산시 용당동 494-6번지,48330,11300,0,0494,0006,1000000000000000951920,,,,1,용도지역코드,UQA122,제2종일반주거지역,1,0,,제2종일반주거지역,20260522
경상남도 양산시 용당동 496-2번지,48330,11300,0,0496,0002,1264100014214,,,,1,용도지역코드,1021,제1종일반주거지역,1,0,,제1종일반주거지역,20221008
경상남도 양산시 용당동 502번지,48330,11300,0,0502,0000,1264100154571,,,,1,용도지역코드,UQA122,제2종일반주거지역,1,0,,제2종일반주거지역,20221008
경상남도 양산시 용당동 502번지,48330,11300,0,0502,0000,1264100154571,,,,1,용도지역코드,UM2100,공장설립승인지역,0,0,,공장설립승인지역,20221008
경상남도 양산시 용당동 506-1번지,48330,11300,0,0506,0001,1264100116717,,,,1,용도지역코드,UQA121,제1종일반주거지역,1,0,,제1종일반주거지역,20221008
경상남도 양산시 용당동 507번지,48330,11300,0,0507,0000,1264100122320,,,,1,용도지역코드,UQA121,제1종일반주거지역,1,0,,제1종일반주거지역,20221008
경상남도 양산시 용당동 507번지,48330,11300,0,0507,0000,1264100083882,,,,1,용도지역코드,UQA121,제1종일반주거지역,1,0,,제1종일반주거지역,20221008
경상남도 양산시 용당동 508-1번지,48330,11300,0,0508,0001,1000000000000000939191,,,,1,용도지역코드,UQA122,제2종일반주거지역,1,0,,제2종일반주거지역,20260428
경상남도 양산시 용당동 508-1번지,48330,11300,0,0508,0001,1264100143405,,,,1,용도지역코드,UQA122,제2종일반주거지역,1,0,,제2종일반주거지역,20221008
경상남도 양산시 용당동 508-1번지,48330,11300,0,0508,0001,1264100143405,,,,1,용도지역코드,UM2100,공장설립승인지역,0,0,,공장설립승인지역,20221008
경상남도 양산시 용당동 510-3번지,48330,11300,0,0510,0003,1264100057929,,,,1,용도지역코드,UQA121,제1종일반주거지역,1,0,,제1종일반주거지역,20221008
경상남도 양산시 용당동 516번지,48330,11300,0,0516,0000,1264885,경상남도 양산시 웅상읍 용당리,516,,1,용도지역코드,9800,용도지역미지정,1,0,,용도지역미지정,20221008
경상남도 양산시 용당동 517-1번지,48330,11300,0,0517,0001,1264941,517-1,,,1,용도지역코드,Z100,준도시지역,1,0,,준도시지역,20221008
경상남도 양산시 용당동 524-1번지,48330,11300,0,0524,0001,12645358,,,,1,용도지역코드,1022,제2종일반주거지역,1,0,,제2종일반주거지역,20221008
경상남도 양산시 용당동 527-2번지,48330,11300,0,0527,0002,1264100078359,,,,1,용도지역코드,UQA121,제1종일반주거지역,1,0,,제1종일반주거지역,20221008
경상남도 양산시 용당동 529번지,48330,11300,0,0529,0000,1264100142565,,,,1,용도지역코드,UQA122,제2종일반주거지역,1,0,,제2종일반주거지역,20221008
경상남도 양산시 용당동 545-1번지,48330,11300,0,0545,0001,1264100129021,,,,1,용도지역코드,UQA122,제2종일반주거지역,1,0,,제2종일반주거지역,20221008
경상남도 양산시 용당동 546-1번지,48330,11300,0,0546,0001,1264100126201,,,,1,용도지역코드,UQA122,제2종일반주거지역,1,0,,제2종일반주거지역,20221008
경상남도 양산시 용당동 546-6번지,48330,11300,0,0546,0006,1264100124459,,,,1,용도지역코드,UQA122,제2종일반주거지역,1,0,,제2종일반주거지역,20221008
경상남도 양산시 용당동 546-6번지,48330,11300,0,0546,0006,1264100124459,,,,1,용도지역코드,UM2100,공장설립승인지역,0,0,,공장설립승인지역,20221008
경상남도 양산시 용당동 550-1번지,48330,11300,0,0550,0001,12644458,,,,1,용도지역코드,1022,제2종일반주거지역,1,0,,제2종일반주거지역,20221008
경상남도 양산시 용당동 550-1번지,48330,11300,0,0550,0001,12645294,,,,1,용도지역코드,1022,제2종일반주거지역,1,0,,제2종일반주거지역,20221008
경상남도 양산시 용당동 550-1번지,48330,11300,0,0550,0001,1264100004826,,,,1,용도지역코드,1021,제1종일반주거지역,1,0,,제1종일반주거지역,20221008
경상남도 양산시 용당동 551-1번지,48330,11300,0,0551,0001,1264100009072,,,,1,용도지역코드,1330,자연녹지지역,1,0,,자연녹지지역,20221008
경상남도 양산시 용당동 551-1번지,48330,11300,0,0551,0001,1264100003924,,,,1,용도지역코드,1330,자연녹지지역,1,0,,자연녹지지역,20221008
경상남도 양산시 용당동 553번지,48330,11300,0,0553,0000,12648610,,,,1,용도지역코드,1021,제1종일반주거지역,1,0,,제1종일반주거지역,20221008
경상남도 양산시 용당동 554-4번지,48330,11300,0,0554,0004,1264100006571,,,,1,용도지역코드,1330,자연녹지지역,1,0,,자연녹지지역,20221008
경상남도 양산시 용당동 555번지,48330,11300,0,0555,0000,12647955,,,,1,용도지역코드,1021,제1종일반주거지역,1,0,,제1종일반주거지역,20221008
경상남도 양산시 용당동 555번지,48330,11300,0,0555,0000,12647822,,,,1,용도지역코드,1021,제1종일반주거지역,1,0,,제1종일반주거지역,20221008
경상남도 양산시 용당동 555번지,48330,11300,0,0555,0000,1264100063759,,,,1,용도지역코드,UQA121,제1종일반주거지역,1,0,,제1종일반주거지역,20221008
경상남도 양산시 용당동 555번지,48330,11300,0,0555,0000,1264100063759,,,,2,용도지구코드,UQG130,일반미관지구,1,0,,일반미관지구,20221008
경상남도 양산시 용당동 555-1번지,48330,11300,0,0555,0001,12641368,,,,1,용도지역코드,1020,일반주거지역,1,0,,일반주거지역,20221008
경상남도 양산시 용당동 555-5번지,48330,11300,0,0555,0005,1000000000000000312769,,,,1,용도지역코드,UQA430,자연녹지지역,1,0,,자연녹지지역,20230612
경상남도 양산시 용당동 556번지,48330,11300,0,0556,0000,1264100083401,,,,1,용도지역코드,UQA121,제1종일반주거지역,1,0,,제1종일반주거지역,20221008
경상남도 양산시 용당동 557-10번지,48330,11300,0,0557,0010,1264100009970,,,,1,용도지역코드,1022,제2종일반주거지역,1,0,,제2종일반주거지역,20221008
경상남도 양산시 용당동 559-1번지,48330,11300,0,0559,0001,12642821,,,,1,용도지역코드,1330,자연녹지지역,1,0,,자연녹지지역,20221008
경상남도 양산시 용당동 564-4번지,48330,11300,0,0564,0004,12647887,,,,1,용도지역코드,1330,자연녹지지역,1,0,,자연녹지지역,20221008
경상남도 양산시 용당동 565-1번지,48330,11300,0,0565,0001,1264100019900,,,,1,용도지역코드,1330,자연녹지지역,1,0,,자연녹지지역,20221008
경상남도 양산시 용당동 566-5번지,48330,11300,0,0566,0005,1264100125381,,,,1,용도지역코드,UQA430,자연녹지지역,1,0,,자연녹지지역,20221008
경상남도 양산시 용당동 566-5번지,48330,11300,0,0566,0005,1264100125381,,,,1,용도지역코드,UM2100,공장설립승인지역,0,0,,공장설립승인지역,20221008
경상남도 양산시 용당동 567-1번지,48330,11300,0,0567,0001,12643465,,,,1,용도지역코드,1330,자연녹지지역,1,0,,자연녹지지역,20221008
경상남도 양산시 용당동 567-1번지,48330,11300,0,0567,0001,12643465,,,,3,용도구역코드,010,도시계획구역,1,0,,도시계획구역,20221008
경상남도 양산시 용당동 567-1번지,48330,11300,0,0567,0001,1264100004487,,,,1,용도지역코드,1330,자연녹지지역,1,0,,자연녹지지역,20221008
경상남도 양산시 용당동 568-5번지,48330,11300,0,0568,0005,1264100043182,,,,1,용도지역코드,UQA430,자연녹지지역,1,0,,자연녹지지역,20221008
경상남도 양산시 용당동 576번지,48330,11300,0,0576,0000,1264100086982,,,,1,용도지역코드,UQA430,자연녹지지역,1,0,,자연녹지지역,20221008
경상남도 양산시 용당동 576번지,48330,11300,0,0576,0000,1264100086982,,,,2,용도지구코드,UQM110,자연취락지구,1,0,,자연취락지구,20221008
경상남도 양산시 용당동 576-2번지,48330,11300,0,0576,0002,1264100154572,,,,1,용도지역코드,UQA430,자연녹지지역,1,0,,자연녹지지역,20221008
경상남도 양산시 용당동 576-2번지,48330,11300,0,0576,0002,1264100154572,,,,1,용도지역코드,UM2100,공장설립승인지역,0,0,,공장설립승인지역,20221008
경상남도 양산시 용당동 576-2번지,48330,11300,0,0576,0002,1264100154572,,,,3,용도구역코드,UEA120,농업보호구역,1,0,,농업보호구역,20221008
경상남도 양산시 용당동 586-1번지,48330,11300,0,0586,0001,12647145,,,,1,용도지역코드,1330,자연녹지지역,1,0,,자연녹지지역,20221008
경상남도 양산시 용당동 590번지,48330,11300,0,0590,0000,12648004,,,,1,용도지역코드,1330,자연녹지지역,1,0,,자연녹지지역,20221008
경상남도 양산시 용당동 591번지,48330,11300,0,0591,0000,1264100151310,,,,1,용도지역코드,UQA430,자연녹지지역,1,0,,자연녹지지역,20221008
경상남도 양산시 용당동 591번지,48330,11300,0,0591,0000,1264100151310,,,,1,용도지역코드,UM2100,공장설립승인지역,0,0,,공장설립승인지역,20221008
경상남도 양산시 용당동 591번지,48330,11300,0,0591,0000,1264100151310,,,,3,용도구역코드,UJB100,하천구역,1,0,,하천구역,20221008
경상남도 양산시 용당동 591번지,48330,11300,0,0591,0000,1264100106373,,,,1,용도지역코드,UQA430,자연녹지지역,1,0,,자연녹지지역,20221008
경상남도 양산시 용당동 594-3번지,48330,11300,0,0594,0003,12642082,,,,1,용도지역코드,1330,자연녹지지역,1,0,,자연녹지지역,20221008
경상남도 양산시 용당동 594-3번지,48330,11300,0,0594,0003,12642082,,,,1,용도지역코드,1320,생산녹지지역,0,0,,생산녹지지역,20221008
경상남도 양산시 용당동 594-3번지,48330,11300,0,0594,0003,12642262,,,,1,용도지역코드,1330,자연녹지지역,1,0,,자연녹지지역,20221008
경상남도 양산시 용당동 594-3번지,48330,11300,0,0594,0003,12642262,,,,1,용도지역코드,1320,생산녹지지역,0,0,,생산녹지지역,20221008
경상남도 양산시 용당동 594-5번지,48330,11300,0,0594,0005,1264100024772,,,,1,용도지역코드,UQA430,자연녹지지역,1,0,,자연녹지지역,20221008
경상남도 양산시 용당동 594-7번지,48330,11300,0,0594,0007,1264100024771,,,,1,용도지역코드,UQA430,자연녹지지역,1,0,,자연녹지지역,20221008
경상남도 양산시 용당동 594-7번지,48330,11300,0,0594,0007,1264100024771,,,,1,용도지역코드,UQA420,생산녹지지역,0,0,,생산녹지지역,20221008
경상남도 양산시 용당동 595-1번지,48330,11300,0,0595,0001,12645564,,,,1,용도지역코드,1330,자연녹지지역,1,0,,자연녹지지역,20221008
경상남도 양산시 용당동 603-6번지,48330,11300,0,0603,0006,1000000000000000522898,,,,1,용도지역코드,UQA430,자연녹지지역,1,0,,자연녹지지역,20240822
경상남도 양산시 용당동 604-13번지,48330,11300,0,0604,0013,1264100133843,,,,1,용도지역코드,UQA430,자연녹지지역,1,0,,자연녹지지역,20221008
경상남도 양산시 용당동 604-13번지,48330,11300,0,0604,0013,1264100133843,,,,1,용도지역코드,UM2100,공장설립승인지역,0,0,,공장설립승인지역,20221008
경상남도 양산시 용당동 604-13번지,48330,11300,0,0604,0013,1264100133843,,,,3,용도구역코드,UEA120,농업보호구역,1,0,,농업보호구역,20221008
경상남도 양산시 용당동 619번지,48330,11300,0,0619,0000,1000000000000000330769,,,,1,용도지역코드,UQA430,자연녹지지역,1,0,,자연녹지지역,20230705
경상남도 양산시 용당동 640번지,48330,11300,0,0640,0000,1264100073741,,,,1,용도지역코드,UQA430,자연녹지지역,1,0,,자연녹지지역,20221008
경상남도 양산시 용당동 640번지,48330,11300,0,0640,0000,1264100073741,,,,2,용도지구코드,UQM110,자연취락지구,1,0,,자연취락지구,20221008
경상남도 양산시 용당동 642번지,48330,11300,0,0642,0000,1264100088102,,,,1,용도지역코드,UQA430,자연녹지지역,1,0,,자연녹지지역,20221008
경상남도 양산시 용당동 642번지,48330,11300,0,0642,0000,1264100088102,,,,2,용도지구코드,UQM110,자연취락지구,1,0,,자연취락지구,20221008
경상남도 양산시 용당동 649번지,48330,11300,0,0649,0000,1264100047468,,,,1,용도지역코드,UQA430,자연녹지지역,1,0,,자연녹지지역,20221008
경상남도 양산시 용당동 649번지,48330,11300,0,0649,0000,1264100047468,,,,2,용도지구코드,UQM110,자연취락지구,1,0,,자연취락지구,20221008
경상남도 양산시 용당동 649번지,48330,11300,0,0649,0000,1264100053388,,,,1,용도지역코드,UQA430,자연녹지지역,1,0,,자연녹지지역,20221008
경상남도 양산시 용당동 654번지,48330,11300,0,0654,0000,1264100091602,,,,1,용도지역코드,UQA430,자연녹지지역,1,0,,자연녹지지역,20221008
경상남도 양산시 용당동 654번지,48330,11300,0,0654,0000,1264100091602,,,,1,용도지역코드,UM2100,공장설립승인지역,0,0,,공장설립승인지역,20221008
경상남도 양산시 용당동 654번지,48330,11300,0,0654,0000,1264100091602,,,,2,용도지구코드,UQM110,자연취락지구,1,0,,자연취락지구,20221008
경상남도 양산시 용당동 657-2번지,48330,11300,0,0657,0002,1264100103573,,,,1,용도지역코드,UQA430,자연녹지지역,1,0,,자연녹지지역,20221008
경상남도 양산시 용당동 657-2번지,48330,11300,0,0657,0002,1264100103573,,,,1,용도지역코드,UM2100,공장설립승인지역,0,0,,공장설립승인지역,20221008
경상남도 양산시 용당동 657-2번지,48330,11300,0,0657,0002,1264100103573,,,,2,용도지구코드,UQM110,자연취락지구,1,0,,자연취락지구,20221008
경상남도 양산시 용당동 662번지,48330,11300,0,0662,0000,1264100015499,,,,1,용도지역코드,1330,자연녹지지역,1,0,,자연녹지지역,20221008
경상남도 양산시 용당동 662번지,48330,11300,0,0662,0000,1264100015499,,,,2,용도지구코드,011,자연취락지구,1,0,,자연취락지구,20221008
경상남도 양산시 용당동 665-1번지,48330,11300,0,0665,0001,1264100129925,,,,1,용도지역코드,UQA430,자연녹지지역,1,0,,자연녹지지역,20221008
경상남도 양산시 용당동 665-1번지,48330,11300,0,0665,0001,1264100129925,,,,2,용도지구코드,UQM110,자연취락지구,1,0,,자연취락지구,20221008
경상남도 양산시 용당동 665-1번지,48330,11300,0,0665,0001,1264100129925,,,,3,용도구역코드,UMZ100,가축사육제한구역,1,0,,가축사육제한구역,20221008
경상남도 양산시 용당동 667번지,48330,11300,0,0667,0000,1264100006047,,,,1,용도지역코드,1330,자연녹지지역,1,0,,자연녹지지역,20221008
경상남도 양산시 용당동 667번지,48330,11300,0,0667,0000,1264100006047,,,,2,용도지구코드,011,자연취락지구,1,0,,자연취락지구,20221008
경상남도 양산시 용당동 667번지,48330,11300,0,0667,0000,1264100003904,,,,1,용도지역코드,1330,자연녹지지역,1,0,,자연녹지지역,20221008
경상남도 양산시 용당동 667번지,48330,11300,0,0667,0000,1264100003904,,,,2,용도지구코드,011,자연취락지구,1,0,,자연취락지구,20221008
경상남도 양산시 용당동 669번지,48330,11300,0,0669,0000,1000000000000000368413,,,,1,용도지역코드,UQA430,자연녹지지역,1,0,,자연녹지지역,20231123
경상남도 양산시 용당동 669번지,48330,11300,0,0669,0000,1000000000000000368413,,,,3,용도구역코드,UMZ100,가축사육제한구역,1,0,,가축사육제한구역,20231123
경상남도 양산시 용당동 669번지,48330,11300,0,0669,0000,1000000000000000368413,,,,2,용도지구코드,UQM110,자연취락지구,1,0,,자연취락지구,20231123
경상남도 양산시 용당동 669번지,48330,11300,0,0669,0000,1000000000000000475393,,,,1,용도지역코드,UQA430,자연녹지지역,1,0,,자연녹지지역,20240520
경상남도 양산시 용당동 669번지,48330,11300,0,0669,0000,1000000000000000475393,,,,1,용도지역코드,UM2100,공장설립승인지역,0,0,,공장설립승인지역,20240520
경상남도 양산시 용당동 669번지,48330,11300,0,0669,0000,1000000000000000475393,,,,3,용도구역코드,UMZ100,가축사육제한구역,1,0,,가축사육제한구역,20240520
경상남도 양산시 용당동 669번지,48330,11300,0,0669,0000,1000000000000000475393,,,,2,용도지구코드,UQM110,자연취락지구,1,0,,자연취락지구,20240520
경상남도 양산시 용당동 679-4번지,48330,11300,0,0679,0004,1264100153470,,,,1,용도지역코드,UQA420,생산녹지지역,1,0,,생산녹지지역,20221008
경상남도 양산시 용당동 679-4번지,48330,11300,0,0679,0004,1264100153470,,,,1,용도지역코드,UM2100,공장설립승인지역,0,0,,공장설립승인지역,20221008
경상남도 양산시 용당동 679-4번지,48330,11300,0,0679,0004,1264100153470,,,,3,용도구역코드,UEA110,농업진흥구역,1,0,,농업진흥구역,20221008
경상남도 양산시 용당동 685번지,48330,11300,0,0685,0000,1264100011632,,,,1,용도지역코드,1320,생산녹지지역,1,0,,생산녹지지역,20221008
경상남도 양산시 용당동 685번지,48330,11300,0,0685,0000,1264100011632,,,,3,용도구역코드,170,농업진흥구역,1,0,,농업진흥구역,20221008
경상남도 양산시 용당동 709번지,48330,11300,0,0709,0000,1264100147772,,,,1,용도지역코드,UQA430,자연녹지지역,1,0,,자연녹지지역,20221008
경상남도 양산시 용당동 709번지,48330,11300,0,0709,0000,1264100147772,,,,1,용도지역코드,UM2100,공장설립승인지역,0,0,,공장설립승인지역,20221008
경상남도 양산시 용당동 709번지,48330,11300,0,0709,0000,1264100147772,,,,3,용도구역코드,UEA120,농업보호구역,1,0,,농업보호구역,20221008
경상남도 양산시 용당동 722번지,48330,11300,0,0722,0000,1000000000000000907367,,,,2,용도지구코드,UQM110,자연취락지구,1,0,,자연취락지구,20260319
경상남도 양산시 용당동 722번지,48330,11300,0,0722,0000,1000000000000000907367,,,,1,용도지역코드,UQA420,생산녹지지역,1,0,,생산녹지지역,20260319
경상남도 양산시 용당동 722번지,48330,11300,0,0722,0000,1000000000000000907367,,,,3,용도구역코드,UEA110,농업진흥구역,1,0,,농업진흥구역,20260319
경상남도 양산시 용당동 722번지,48330,11300,0,0722,0000,1000000000000000932116,,,,3,용도구역코드,UEA110,농업진흥구역,1,0,,농업진흥구역,20260421
경상남도 양산시 용당동 722번지,48330,11300,0,0722,0000,1000000000000000932116,,,,2,용도지구코드,UQM110,자연취락지구,1,0,,자연취락지구,20260421
경상남도 양산시 용당동 722번지,48330,11300,0,0722,0000,1000000000000000932116,,,,1,용도지역코드,UQA420,생산녹지지역,1,0,,생산녹지지역,20260421
경상남도 양산시 용당동 724-1번지,48330,11300,0,0724,0001,1264100103473,,,,1,용도지역코드,UM2100,공장설립승인지역,,,,공장설립승인지역,20230627
경상남도 양산시 용당동 724-1번지,48330,11300,0,0724,0001,1264100103473,,,,1,용도지역코드,UQA420,생산녹지지역,1,0,,생산녹지지역,20230627
경상남도 양산시 용당동 724-1번지,48330,11300,0,0724,0001,1264100103473,,,,3,용도구역코드,UEA110,농업진흥구역,1,0,,농업진흥구역,20230627
경상남도 양산시 용당동 724-3번지,48330,11300,0,0724,0003,1000000000000000718526,,,,3,용도구역코드,UMZ100,가축사육제한구역,1,0,,가축사육제한구역,20250526
경상남도 양산시 용당동 724-3번지,48330,11300,0,0724,0003,1000000000000000718526,,,,1,용도지역코드,UQA420,생산녹지지역,1,0,,생산녹지지역,20250526
경상남도 양산시 용당동 724-3번지,48330,11300,0,0724,0003,1000000000000000718526,,,,1,용도지역코드,UM2100,공장설립승인지역,0,0,,공장설립승인지역,20250526
경상남도 양산시 용당동 724-4번지,48330,11300,0,0724,0004,1264100125361,,,,1,용도지역코드,UQA420,생산녹지지역,1,0,,생산녹지지역,20221008
경상남도 양산시 용당동 730번지,48330,11300,0,0730,0000,1264100059712,,,,1,용도지역코드,UQA430,자연녹지지역,1,0,,자연녹지지역,20221008
경상남도 양산시 용당동 730번지,48330,11300,0,0730,0000,1264100059712,,,,1,용도지역코드,UQA420,생산녹지지역,0,0,,생산녹지지역,20221008
경상남도 양산시 용당동 730번지,48330,11300,0,0730,0000,1264100059712,,,,3,용도구역코드,UEA110,농업진흥구역,1,0,,농업진흥구역,20221008
경상남도 양산시 용당동 730번지,48330,11300,0,0730,0000,1000000000000000836708,,,,1,용도지역코드,UQA430,자연녹지지역,0,0,,자연녹지지역,20260814
경상남도 양산시 용당동 730번지,48330,11300,0,0730,0000,1000000000000000836708,,,,1,용도지역코드,UQA420,생산녹지지역,1,0,,생산녹지지역,20260814
경상남도 양산시 용당동 730번지,48330,11300,0,0730,0000,1000000000000000836708,,,,3,용도구역코드,UMZ100,가축사육제한구역,0,0,,가축사육제한구역,20260814
경상남도 양산시 용당동 730번지,48330,11300,0,0730,0000,1000000000000000836708,,,,3,용도구역코드,UEA110,농업진흥구역,1,0,,농업진흥구역,20260814
경상남도 양산시 용당동 730번지,48330,11300,0,0730,0000,1000000000000000256034,,,,1,용도지역코드,UM2100,공장설립승인지역,0,0,,공장설립승인지역,20240923
경상남도 양산시 용당동 730번지,48330,11300,0,0730,0000,1000000000000000256034,,,,1,용도지역코드,UQA430,자연녹지지역,0,0,,자연녹지지역,20240923
경상남도 양산시 용당동 730번지,48330,11300,0,0730,0000,1000000000000000256034,,,,3,용도구역코드,UMZ100,가축사육제한구역,1,0,,가축사육제한구역,20240923
경상남도 양산시 용당동 730번지,48330,11300,0,0730,0000,1000000000000000256034,,,,1,용도지역코드,UQA420,생산녹지지역,1,0,,생산녹지지역,20240923
경상남도 양산시 용당동 730번지,48330,11300,0,0730,0000,1000000000000000256034,,,,3,용도구역코드,UEA110,농업진흥구역,0,0,,농업진흥구역,20240923
경상남도 양산시 용당동 730번지,48330,11300,0,0730,0000,1264100062260,,,,1,용도지역코드,UQA430,자연녹지지역,1,0,,자연녹지지역,20221008
경상남도 양산시 용당동 730번지,48330,11300,0,0730,0000,1264100062260,,,,1,용도지역코드,UQA420,생산녹지지역,0,0,,생산녹지지역,20221008
경상남도 양산시 용당동 730번지,48330,11300,0,0730,0000,1264100062260,,,,3,용도구역코드,UEA110,농업진흥구역,1,0,,농업진흥구역,20221008
경상남도 양산시 용당동 731-2번지,48330,11300,0,0731,0002,1264100059255,,,,1,용도지역코드,UQA420,생산녹지지역,1,0,,생산녹지지역,20221008
경상남도 양산시 용당동 734-2번지,48330,11300,0,0734,0002,1264100137245,,,,1,용도지역코드,UQA420,생산녹지지역,1,0,,생산녹지지역,20221008
경상남도 양산시 용당동 734-2번지,48330,11300,0,0734,0002,1264100137245,,,,1,용도지역코드,UM2100,공장설립승인지역,0,0,,공장설립승인지역,20221008
경상남도 양산시 용당동 734-2번지,48330,11300,0,0734,0002,1264100137245,,,,3,용도구역코드,UEA110,농업진흥구역,1,0,,농업진흥구역,20221008
경상남도 양산시 용당동 735-2번지,48330,11300,0,0735,0002,1000000000000000496438,,,,1,용도지역코드,UQA420,생산녹지지역,1,0,,생산녹지지역,20240415
경상남도 양산시 용당동 745-5번지,48330,11300,0,0745,0005,1000000000000000966422,,,,1,용도지역코드,UQA430,자연녹지지역,1,0,,자연녹지지역,20260610
경상남도 양산시 용당동 745-5번지,48330,11300,0,0745,0005,1000000000000000966422,,,,2,용도지구코드,UQM110,자연취락지구,1,0,,자연취락지구,20260610
경상남도 양산시 용당동 745-5번지,48330,11300,0,0745,0005,1264100104833,,,,1,용도지역코드,UM2100,공장설립승인지역,,,,공장설립승인지역,20230621
경상남도 양산시 용당동 745-5번지,48330,11300,0,0745,0005,1264100104833,,,,1,용도지역코드,UQA430,자연녹지지역,1,0,,자연녹지지역,20230621
경상남도 양산시 용당동 745-5번지,48330,11300,0,0745,0005,1264100104833,,,,2,용도지구코드,UQM110,자연취락지구,1,0,,자연취락지구,20230621
경상남도 양산시 용당동 758번지,48330,11300,0,0758,0000,1264100142125,,,,3,용도구역코드,UEA110,농업진흥구역,1,0,,농업진흥구역,20221020
경상남도 양산시 용당동 758번지,48330,11300,0,0758,0000,1264100142125,,,,1,용도지역코드,UQA420,생산녹지지역,0,0,,생산녹지지역,20221020
경상남도 양산시 용당동 758번지,48330,11300,0,0758,0000,1264100142125,,,,1,용도지역코드,UM2100,공장설립승인지역,0,0,,공장설립승인지역,20221020
경상남도 양산시 용당동 758번지,48330,11300,0,0758,0000,1264100142125,,,,2,용도지구코드,UQM110,자연취락지구,1,0,,자연취락지구,20221020
경상남도 양산시 용당동 758번지,48330,11300,0,0758,0000,1264100142125,,,,1,용도지역코드,UQA430,자연녹지지역,1,0,,자연녹지지역,20221020
경상남도 양산시 용당동 758-4번지,48330,11300,0,0758,0004,1264100156292,,,,1,용도지역코드,UQA430,자연녹지지역,1,0,,자연녹지지역,20221008
경상남도 양산시 용당동 758-4번지,48330,11300,0,0758,0004,1264100156292,,,,1,용도지역코드,UM2100,공장설립승인지역,0,0,,공장설립승인지역,20221008
경상남도 양산시 용당동 758-4번지,48330,11300,0,0758,0004,1264100156292,,,,2,용도지구코드,UQM110,자연취락지구,1,0,,자연취락지구,20221008
경상남도 양산시 용당동 758-4번지,48330,11300,0,0758,0004,1264100156292,,,,3,용도구역코드,UMZ100,가축사육제한구역,1,0,,가축사육제한구역,20221008
경상남도 양산시 용당동 759번지,48330,11300,0,0759,0000,1000000000000000884914,,,,2,용도지구코드,UQM110,자연취락지구,1,0,,자연취락지구,20260518
경상남도 양산시 용당동 759번지,48330,11300,0,0759,0000,1000000000000000884914,,,,1,용도지역코드,UM2100,공장설립승인지역,0,0,,공장설립승인지역,20260518
경상남도 양산시 용당동 759번지,48330,11300,0,0759,0000,1000000000000000884914,,,,3,용도구역코드,UMZ100,가축사육제한구역,0,0,,가축사육제한구역,20260518
경상남도 양산시 용당동 759번지,48330,11300,0,0759,0000,1000000000000000884914,,,,1,용도지역코드,UQA430,자연녹지지역,1,0,,자연녹지지역,20260518
경상남도 양산시 용당동 759번지,48330,11300,0,0759,0000,1000000000000000884914,,,,3,용도구역코드,UEA110,농업진흥구역,1,0,,농업진흥구역,20260518
경상남도 양산시 용당동 759번지,48330,11300,0,0759,0000,1000000000000000884914,,,,1,용도지역코드,UQA430,자연녹지지역,1,0,,자연녹지지역,20260204
경상남도 양산시 용당동 759번지,48330,11300,0,0759,0000,1000000000000000884914,,,,3,용도구역코드,UEA110,농업진흥구역,1,0,,농업진흥구역,20260204
경상남도 양산시 용당동 759번지,48330,11300,0,0759,0000,1000000000000000884914,,,,1,용도지역코드,UM2100,공장설립승인지역,0,0,,공장설립승인지역,20260204
경상남도 양산시 용당동 759번지,48330,11300,0,0759,0000,1000000000000000884914,,,,3,용도구역코드,UMZ100,가축사육제한구역,0,0,,가축사육제한구역,20260204
경상남도 양산시 용당동 759번지,48330,11300,0,0759,0000,1000000000000000884914,,,,2,용도지구코드,UQM110,자연취락지구,1,0,,자연취락지구,20260204
경상남도 양산시 용당동 759번지,48330,11300,0,0759,0000,1264100153852,,,,1,용도지역코드,UQA420,생산녹지지역,1,0,,생산녹지지역,20221008
경상남도 양산시 용당동 759번지,48330,11300,0,0759,0000,1264100153852,,,,1,용도지역코드,UQA430,자연녹지지역,0,0,,자연녹지지역,20221008
경상남도 양산시 용당동 759번지,48330,11300,0,0759,0000,1264100153852,,,,1,용도지역코드,UM2100,공장설립승인지역,0,0,,공장설립승인지역,20221008
경상남도 양산시 용당동 759번지,48330,11300,0,0759,0000,1264100153852,,,,2,용도지구코드,UQM110,자연취락지구,1,0,,자연취락지구,20221008
경상남도 양산시 용당동 759번지,48330,11300,0,0759,0000,1264100153852,,,,3,용도구역코드,UEA110,농업진흥구역,1,0,,농업진흥구역,20221008
경상남도 양산시 용당동 764-1번지,48330,11300,0,0764,0001,1264100012671,,,,1,용도지역코드,1320,생산녹지지역,1,0,,생산녹지지역,20221008
경상남도 양산시 용당동 764-1번지,48330,11300,0,0764,0001,1264100012671,,,,3,용도구역코드,170,농업진흥구역,1,0,,농업진흥구역,20221008
경상남도 양산시 용당동 764-2번지,48330,11300,0,0764,0002,1264100012670,,,,1,용도지역코드,1320,생산녹지지역,1,0,,생산녹지지역,20221008
경상남도 양산시 용당동 764-2번지,48330,11300,0,0764,0002,1264100012670,,,,3,용도구역코드,170,농업진흥구역,1,0,,농업진흥구역,20221008
경상남도 양산시 용당동 764-2번지,48330,11300,0,0764,0002,1264100009452,,,,1,용도지역코드,1320,생산녹지지역,1,0,,생산녹지지역,20221008
경상남도 양산시 용당동 785번지,48330,11300,0,0785,0000,1264100145383,,,,1,용도지역코드,UQA430,자연녹지지역,1,0,,자연녹지지역,20240501
경상남도 양산시 용당동 785번지,48330,11300,0,0785,0000,1264100145383,,,,3,용도구역코드,UMZ100,가축사육제한구역,1,0,,가축사육제한구역,20240501
경상남도 양산시 용당동 785-3번지,48330,11300,0,0785,0003,1000000000000000436462,,,,1,용도지역코드,UQA430,자연녹지지역,1,0,,자연녹지지역,20250501
경상남도 양산시 용당동 785-3번지,48330,11300,0,0785,0003,1000000000000000436462,,,,3,용도구역코드,UMZ100,가축사육제한구역,1,0,,가축사육제한구역,20250501
경상남도 양산시 용당동 785-3번지,48330,11300,0,0785,0003,1000000000000000436462,,,,1,용도지역코드,UM2100,공장설립승인지역,0,0,,공장설립승인지역,20250501
경상남도 양산시 용당동 793-1번지,48330,11300,0,0793,0001,12642900,,,,1,용도지역코드,1330,자연녹지지역,1,0,,자연녹지지역,20221008
경상남도 양산시 용당동 800번지,48330,11300,0,0800,0000,1264992,경상남도 양산시 웅상읍 용당리,800,,1,용도지역코드,1320,생산녹지지역,1,0,,생산녹지지역,20221008
경상남도 양산시 용당동 800번지,48330,11300,0,0800,0000,1264922,"800, 801, 802",,,1,용도지역코드,1320,생산녹지지역,1,0,,생산녹지지역,20221008
경상남도 양산시 용당동 805번지,48330,11300,0,0805,0000,1264100011650,,,,1,용도지역코드,1330,자연녹지지역,1,0,,자연녹지지역,20221008
경상남도 양산시 용당동 805번지,48330,11300,0,0805,0000,12641160,,,,1,용도지역코드,1330,자연녹지지역,1,0,,자연녹지지역,20221008
경상남도 양산시 용당동 805번지,48330,11300,0,0805,0000,12641925,,,,1,용도지역코드,1330,자연녹지지역,1,0,,자연녹지지역,20221008
경상남도 양산시 용당동 808번지,48330,11300,0,0808,0000,1264100071439,,,,1,용도지역코드,UQA430,자연녹지지역,1,0,,자연녹지지역,20221008
경상남도 양산시 용당동 808번지,48330,11300,0,0808,0000,1264100106533,,,,1,용도지역코드,UQA430,자연녹지지역,1,0,,자연녹지지역,20221008
경상남도 양산시 용당동 808번지,48330,11300,0,0808,0000,1264100054188,,,,1,용도지역코드,UQA430,자연녹지지역,1,0,,자연녹지지역,20221008
경상남도 양산시 용당동 808번지,48330,11300,0,0808,0000,1264100010754,,,,1,용도지역코드,1330,자연녹지지역,1,0,,자연녹지지역,20221008
경상남도 양산시 용당동 819-2번지,48330,11300,0,0819,0002,1264100157030,,,,1,용도지역코드,UQA430,자연녹지지역,1,0,,자연녹지지역,20221008
경상남도 양산시 용당동 819-2번지,48330,11300,0,0819,0002,1264100157030,,,,1,용도지역코드,UM2100,공장설립승인지역,0,0,,공장설립승인지역,20221008
경상남도 양산시 용당동 819-7번지,48330,11300,0,0819,0007,1264100096288,,,,1,용도지역코드,UQA430,자연녹지지역,1,0,,자연녹지지역,20221008
경상남도 양산시 용당동 824번지,48330,11300,0,0824,0000,12648599,,,,1,용도지역코드,1330,자연녹지지역,1,0,,자연녹지지역,20221008
경상남도 양산시 용당동 824번지,48330,11300,0,0824,0000,12648599,,,,3,용도구역코드,010,도시계획구역,1,0,,도시계획구역,20221008
경상남도 양산시 용당동 837-5번지,48330,11300,0,0837,0005,12645518,,,,1,용도지역코드,1330,자연녹지지역,1,0,,자연녹지지역,20221008
경상남도 양산시 용당동 837-5번지,48330,11300,0,0837,0005,1264100119944,,,,1,용도지역코드,UQA430,자연녹지지역,1,0,,자연녹지지역,20221008
경상남도 양산시 용당동 841번지,48330,11300,0,0841,0000,12647885,,,,1,용도지역코드,1330,자연녹지지역,1,0,,자연녹지지역,20221008
경상남도 양산시 용당동 841번지,48330,11300,0,0841,0000,12647885,,,,3,용도구역코드,010,도시계획구역,1,0,,도시계획구역,20221008
경상남도 양산시 용당동 847-1번지,48330,11300,0,0847,0001,1264100073202,,,,1,용도지역코드,UQA430,자연녹지지역,1,0,,자연녹지지역,20221008
경상남도 양산시 용당동 847-6번지,48330,11300,0,0847,0006,1264100047246,,,,1,용도지역코드,UQA430,자연녹지지역,1,0,,자연녹지지역,20221008
경상남도 양산시 용당동 854-3번지,48330,11300,0,0854,0003,1264100074119,,,,1,용도지역코드,UQA430,자연녹지지역,1,0,,자연녹지지역,20221008
경상남도 양산시 용당동 854-3번지,48330,11300,0,0854,0003,1264100074119,,,,1,용도지역코드,UM2100,공장설립승인지역,0,0,,공장설립승인지역,20221008
경상남도 양산시 용당동 854-3번지,48330,11300,0,0854,0003,1264100027911,,,,1,용도지역코드,UQA430,자연녹지지역,1,0,,자연녹지지역,20221008
경상남도 양산시 용당동 855번지,48330,11300,0,0855,0000,12649128,,,,1,용도지역코드,1330,자연녹지지역,1,0,,자연녹지지역,20221008
경상남도 양산시 용당동 855-1번지,48330,11300,0,0855,0001,12649121,,,,1,용도지역코드,1330,자연녹지지역,1,0,,자연녹지지역,20221008
경상남도 양산시 용당동 856-5번지,48330,11300,0,0856,0005,12643092,,,,1,용도지역코드,1330,자연녹지지역,1,0,,자연녹지지역,20221008
경상남도 양산시 용당동 857-1번지,48330,11300,0,0857,0001,12647135,,,,1,용도지역코드,1330,자연녹지지역,1,0,,자연녹지지역,20221008
경상남도 양산시 용당동 865번지,48330,11300,0,0865,0000,12648790,,,,1,용도지역코드,1330,자연녹지지역,1,0,,자연녹지지역,20221008
경상남도 양산시 용당동 865번지,48330,11300,0,0865,0000,12648790,,,,3,용도구역코드,010,도시계획구역,1,0,,도시계획구역,20221008
경상남도 양산시 용당동 865-1번지,48330,11300,0,0865,0001,1264100135263,,,,1,용도지역코드,UQA121,제1종일반주거지역,1,0,,제1종일반주거지역,20221008
경상남도 양산시 용당동 865-1번지,48330,11300,0,0865,0001,1264100135263,,,,3,용도구역코드,UMZ100,가축사육제한구역,1,0,,가축사육제한구역,20221008
경상남도 양산시 용당동 865-1번지,48330,11300,0,0865,0001,1264100140825,,,,1,용도지역코드,UQA121,제1종일반주거지역,1,0,,제1종일반주거지역,20221008
경상남도 양산시 용당동 865-5번지,48330,11300,0,0865,0005,1264100090122,,,,1,용도지역코드,UQA430,자연녹지지역,1,0,,자연녹지지역,20221008
경상남도 양산시 용당동 865-5번지,48330,11300,0,0865,0005,1264100090122,,,,1,용도지역코드,UM2100,공장설립승인지역,0,0,,공장설립승인지역,20221008
경상남도 양산시 용당동 865-15번지,48330,11300,0,0865,0015,1264100143283,,,,1,용도지역코드,UQA121,제1종일반주거지역,1,0,,제1종일반주거지역,20221008
경상남도 양산시 용당동 866번지,48330,11300,0,0866,0000,12642773,,,,1,용도지역코드,1330,자연녹지지역,1,0,,자연녹지지역,20221008
경상남도 양산시 용당동 866번지,48330,11300,0,0866,0000,12642773,,,,2,용도지구코드,011,자연취락지구,1,0,,자연취락지구,20221008
경상남도 양산시 용당동 867-1번지,48330,11300,0,0867,0001,1000000000000000865826,,,,1,용도지역코드,UQA121,제1종일반주거지역,1,0,,제1종일반주거지역,20251224
경상남도 양산시 용당동 871-5번지,48330,11300,0,0871,0005,1264100127421,,,,1,용도지역코드,UM2100,공장설립승인지역,0,0,,공장설립승인지역,20250331
경상남도 양산시 용당동 871-5번지,48330,11300,0,0871,0005,1264100127421,,,,1,용도지역코드,UQA430,자연녹지지역,1,0,,자연녹지지역,20250331
경상남도 양산시 용당동 871-5번지,48330,11300,0,0871,0005,1264100127421,,,,3,용도구역코드,UMZ100,가축사육제한구역,1,0,,가축사육제한구역,20250331
경상남도 양산시 용당동 872-1번지,48330,11300,0,0872,0001,1000000000000000102842,,,,1,용도지역코드,UQA121,제1종일반주거지역,1,0,,제1종일반주거지역,20221102
경상남도 양산시 용당동 872-1번지,48330,11300,0,0872,0001,1000000000000000704559,,,,1,용도지역코드,UQA121,제1종일반주거지역,1,0,,제1종일반주거지역,20250415
경상남도 양산시 용당동 872-1번지,48330,11300,0,0872,0001,1000000000000000704559,,,,1,용도지역코드,UM2100,공장설립승인지역,0,0,,공장설립승인지역,20250415
경상남도 양산시 용당동 873번지,48330,11300,0,0873,0000,1264100065201,,,,1,용도지역코드,UQA430,자연녹지지역,1,0,,자연녹지지역,20221008
경상남도 양산시 용당동 873번지,48330,11300,0,0873,0000,1264100065201,,,,2,용도지구코드,UQM110,자연취락지구,1,0,,자연취락지구,20221008
경상남도 양산시 용당동 879번지,48330,11300,0,0879,0000,1264100028738,,,,1,용도지역코드,UQA430,자연녹지지역,1,0,,자연녹지지역,20221008
경상남도 양산시 용당동 880번지,48330,11300,0,0880,0000,1264100040384,,,,1,용도지역코드,UQA430,자연녹지지역,1,0,,자연녹지지역,20221008
경상남도 양산시 용당동 880번지,48330,11300,0,0880,0000,1264100040384,,,,2,용도지구코드,UQM110,자연취락지구,1,0,,자연취락지구,20221008
경상남도 양산시 용당동 883번지,48330,11300,0,0883,0000,1264100147391,,,,1,용도지역코드,UQA121,제1종일반주거지역,1,0,,제1종일반주거지역,20221008
경상남도 양산시 용당동 883-1번지,48330,11300,0,0883,0001,1264100155071,,,,1,용도지역코드,UQA121,제1종일반주거지역,1,0,,제1종일반주거지역,20230207
경상남도 양산시 용당동 894-3번지,48330,11300,0,0894,0003,12642061,경상남도 양산시 웅상읍 용당리,894,3,1,용도지역코드,1330,자연녹지지역,1,0,,자연녹지지역,20221008
경상남도 양산시 용당동 895번지,48330,11300,0,0895,0000,1264100145044,,,,3,용도구역코드,UMZ100,가축사육제한구역,1,0,,가축사육제한구역,20221008
경상남도 양산시 용당동 895번지,48330,11300,0,0895,0000,1264100145044,,,,1,용도지역코드,UQA121,제1종일반주거지역,1,0,,제1종일반주거지역,20221008
경상남도 양산시 용당동 895번지,48330,11300,0,0895,0000,1264100145044,,,,1,용도지역코드,UM2100,공장설립승인지역,0,0,,공장설립승인지역,20221008
경상남도 양산시 용당동 895-4번지,48330,11300,0,0895,0004,1264100145043,,,,1,용도지역코드,UQA121,제1종일반주거지역,1,0,,제1종일반주거지역,20221008
경상남도 양산시 용당동 895-4번지,48330,11300,0,0895,0004,1264100145043,,,,1,용도지역코드,UM2100,공장설립승인지역,0,0,,공장설립승인지역,20221008
경상남도 양산시 용당동 895-4번지,48330,11300,0,0895,0004,1264100145043,,,,3,용도구역코드,UMZ999,가축사육제한구역기타,1,0,,가축사육제한구역기타,20221008
경상남도 양산시 용당동 903-1번지,48330,11300,0,0903,0001,12641200,,,,1,용도지역코드,1330,자연녹지지역,1,0,,자연녹지지역,20221008
경상남도 양산시 용당동 904번지,48330,11300,0,0904,0000,12649124,,,,1,용도지역코드,1330,자연녹지지역,1,0,,자연녹지지역,20221008
경상남도 양산시 용당동 904번지,48330,11300,0,0904,0000,12649124,,,,2,용도지구코드,011,자연취락지구,1,0,,자연취락지구,20221008
경상남도 양산시 용당동 906번지,48330,11300,0,0906,0000,1264100017674,,,,1,용도지역코드,1330,자연녹지지역,1,0,,자연녹지지역,20221008
경상남도 양산시 용당동 907-1번지,48330,11300,0,0907,0001,1264100051287,,,,1,용도지역코드,UQA430,자연녹지지역,1,0,,자연녹지지역,20221008
경상남도 양산시 용당동 907-4번지,48330,11300,0,0907,0004,1264100077663,,,,1,용도지역코드,UQA430,자연녹지지역,1,0,,자연녹지지역,20221008
경상남도 양산시 용당동 907-4번지,48330,11300,0,0907,0004,1264100077663,,,,1,용도지역코드,UM2100,공장설립승인지역,0,0,,공장설립승인지역,20221008
경상남도 양산시 용당동 907-4번지,48330,11300,0,0907,0004,1264100077663,,,,2,용도지구코드,UQM110,자연취락지구,1,0,,자연취락지구,20221008
경상남도 양산시 용당동 911-1번지,48330,11300,0,0911,0001,1264100095066,,,,1,용도지역코드,UQA430,자연녹지지역,1,0,,자연녹지지역,20221008
경상남도 양산시 용당동 911-1번지,48330,11300,0,0911,0001,1264100095066,,,,2,용도지구코드,UQM110,자연취락지구,1,0,,자연취락지구,20221008
경상남도 양산시 용당동 920번지,48330,11300,0,0920,0000,12649056,,,,1,용도지역코드,1330,자연녹지지역,1,0,,자연녹지지역,20221008
경상남도 양산시 용당동 920번지,48330,11300,0,0920,0000,12649135,,,,1,용도지역코드,1330,자연녹지지역,1,0,,자연녹지지역,20221008
경상남도 양산시 용당동 920-1번지,48330,11300,0,0920,0001,12641433,경상남도 양산시 웅상읍 용당리,920,1,1,용도지역코드,1330,자연녹지지역,1,0,,자연녹지지역,20221008
경상남도 양산시 용당동 922-1번지,48330,11300,0,0922,0001,12641222,922-1,,,1,용도지역코드,1330,자연녹지지역,1,0,,자연녹지지역,20221008
경상남도 양산시 용당동 931-3번지,48330,11300,0,0931,0003,1000000000000000785143,,,,1,용도지역코드,UQA430,자연녹지지역,1,0,,자연녹지지역,20250922
경상남도 양산시 용당동 931-3번지,48330,11300,0,0931,0003,1264100010790,,,,1,용도지역코드,1330,자연녹지지역,1,0,,자연녹지지역,20221008
경상남도 양산시 용당동 933-2번지,48330,11300,0,0933,0002,12643768,,,,1,용도지역코드,1330,자연녹지지역,1,0,,자연녹지지역,20221008
경상남도 양산시 용당동 934-1번지,48330,11300,0,0934,0001,12644919,,,,1,용도지역코드,1330,자연녹지지역,1,0,,자연녹지지역,20221008
경상남도 양산시 용당동 934-1번지,48330,11300,0,0934,0001,12645296,,,,1,용도지역코드,1330,자연녹지지역,1,0,,자연녹지지역,20221008
경상남도 양산시 용당동 935-5번지,48330,11300,0,0935,0005,1264100010932,,,,1,용도지역코드,1330,자연녹지지역,1,0,,자연녹지지역,20221008
경상남도 양산시 용당동 935-5번지,48330,11300,0,0935,0005,1264100010932,,,,2,용도지구코드,011,자연취락지구,1,0,,자연취락지구,20221008
경상남도 양산시 용당동 937-3번지,48330,11300,0,0937,0003,1264100012314,,,,1,용도지역코드,1330,자연녹지지역,1,0,,자연녹지지역,20221008
경상남도 양산시 용당동 937-3번지,48330,11300,0,0937,0003,1264100033282,,,,1,용도지역코드,UQA430,자연녹지지역,1,0,,자연녹지지역,20221008
경상남도 양산시 용당동 937-3번지,48330,11300,0,0937,0003,12647889,,,,1,용도지역코드,1330,자연녹지지역,1,0,,자연녹지지역,20221008
경상남도 양산시 용당동 938번지,48330,11300,0,0938,0000,1000000000000000986054,,,,1,용도지역코드,UQA430,자연녹지지역,1,0,,자연녹지지역,20260630
경상남도 양산시 용당동 941번지,48330,11300,0,0941,0000,1000000000000000995385,,,,1,용도지역코드,UQA430,자연녹지지역,1,0,,자연녹지지역,20260715
경상남도 양산시 용당동 950-1번지,48330,11300,0,0950,0001,1264100014515,,,,1,용도지역코드,1330,자연녹지지역,1,0,,자연녹지지역,20221008
경상남도 양산시 용당동 950-1번지,48330,11300,0,0950,0001,1264100014515,,,,2,용도지구코드,011,자연취락지구,1,0,,자연취락지구,20221008
경상남도 양산시 용당동 950-2번지,48330,11300,0,0950,0002,1264100107901,,,,1,용도지역코드,UM2100,공장설립승인지역,,,,공장설립승인지역,20221008
경상남도 양산시 용당동 950-2번지,48330,11300,0,0950,0002,1264100107901,,,,1,용도지역코드,UQA430,자연녹지지역,1,0,,자연녹지지역,20221008
경상남도 양산시 용당동 950-2번지,48330,11300,0,0950,0002,1264100107901,,,,2,용도지구코드,UQM110,자연취락지구,1,0,,자연취락지구,20221008
경상남도 양산시 용당동 951-2번지,48330,11300,0,0951,0002,1264100032016,,,,2,용도지구코드,UQM110,자연취락지구,1,0,,자연취락지구,20221008
경상남도 양산시 용당동 951-2번지,48330,11300,0,0951,0002,1264100032016,,,,1,용도지역코드,UQA430,자연녹지지역,1,0,,자연녹지지역,20221008
경상남도 양산시 용당동 951-3번지,48330,11300,0,0951,0003,1264100090601,,,,1,용도지역코드,UQA430,자연녹지지역,1,0,,자연녹지지역,20221008
경상남도 양산시 용당동 951-3번지,48330,11300,0,0951,0003,1264100046625,,,,1,용도지역코드,UQA430,자연녹지지역,1,0,,자연녹지지역,20221008
경상남도 양산시 용당동 951-3번지,48330,11300,0,0951,0003,1264100046625,,,,2,용도지구코드,UQM110,자연취락지구,1,0,,자연취락지구,20221008
경상남도 양산시 용당동 954-4번지,48330,11300,0,0954,0004,1000000000000000348974,,,,1,용도지역코드,UQA430,자연녹지지역,1,0,,자연녹지지역,20230803
경상남도 양산시 용당동 955번지,48330,11300,0,0955,0000,12649233,,,,1,용도지역코드,1330,자연녹지지역,1,0,,자연녹지지역,20221008
경상남도 양산시 용당동 955번지,48330,11300,0,0955,0000,12649233,,,,2,용도지구코드,011,자연취락지구,1,0,,자연취락지구,20221008
경상남도 양산시 용당동 962번지,48330,11300,0,0962,0000,1264100086601,,,,1,용도지역코드,UQA430,자연녹지지역,1,0,,자연녹지지역,20221008
경상남도 양산시 용당동 962번지,48330,11300,0,0962,0000,1264100086601,,,,2,용도지구코드,UQM110,자연취락지구,1,0,,자연취락지구,20221008
경상남도 양산시 용당동 974-1번지,48330,11300,0,0974,0001,12645395,,,,1,용도지역코드,1330,자연녹지지역,1,0,,자연녹지지역,20221008
경상남도 양산시 용당동 974-1번지,48330,11300,0,0974,0001,1264100085161,,,,1,용도지역코드,UQA430,자연녹지지역,1,0,,자연녹지지역,20221008
경상남도 양산시 용당동 975번지,48330,11300,0,0975,0000,12643659,,,,1,용도지역코드,1330,자연녹지지역,1,0,,자연녹지지역,20221008
경상남도 양산시 용당동 975-3번지,48330,11300,0,0975,0003,12644189,,,,1,용도지역코드,1330,자연녹지지역,1,0,,자연녹지지역,20221008
경상남도 양산시 용당동 978-1번지,48330,11300,0,0978,0001,12643999,,,,1,용도지역코드,1330,자연녹지지역,1,0,,자연녹지지역,20221008
경상남도 양산시 용당동 981-1번지,48330,11300,0,0981,0001,12643783,,,,1,용도지역코드,1330,자연녹지지역,1,0,,자연녹지지역,20221008
경상남도 양산시 용당동 981-6번지,48330,11300,0,0981,0006,1264100009950,,,,1,용도지역코드,1330,자연녹지지역,1,0,,자연녹지지역,20221008
경상남도 양산시 용당동 981-6번지,48330,11300,0,0981,0006,1264100088321,,,,1,용도지역코드,UM2100,공장설립승인지역,0,,,공장설립승인지역,20250618
경상남도 양산시 용당동 981-6번지,48330,11300,0,0981,0006,1264100088321,,,,1,용도지역코드,UQA430,자연녹지지역,1,0,,자연녹지지역,20250618
경상남도 양산시 용당동 981-6번지,48330,11300,0,0981,0006,1000000000000000799278,,,,1,용도지역코드,UQA430,자연녹지지역,1,0,,자연녹지지역,20250908
경상남도 양산시 용당동 981-6번지,48330,11300,0,0981,0006,1000000000000000799278,,,,1,용도지역코드,UM2100,공장설립승인지역,0,0,,공장설립승인지역,20250908
경상남도 양산시 용당동 981-6번지,48330,11300,0,0981,0006,1264100077460,,,,1,용도지역코드,UQA430,자연녹지지역,1,0,,자연녹지지역,20221008
경상남도 양산시 용당동 981-6번지,48330,11300,0,0981,0006,1264100073219,,,,1,용도지역코드,UQA430,자연녹지지역,1,0,,자연녹지지역,20221008
경상남도 양산시 용당동 981-6번지,48330,11300,0,0981,0006,1264100057893,,,,1,용도지역코드,UQA430,자연녹지지역,1,0,,자연녹지지역,20221008
경상남도 양산시 용당동 981-6번지,48330,11300,0,0981,0006,12643671,,,,1,용도지역코드,1330,자연녹지지역,1,0,,자연녹지지역,20221008
경상남도 양산시 용당동 981-6번지,48330,11300,0,0981,0006,1264100010054,,,,1,용도지역코드,1330,자연녹지지역,1,0,,자연녹지지역,20221008
경상남도 양산시 용당동 981-6번지,48330,11300,0,0981,0006,1264100010910,,,,1,용도지역코드,1330,자연녹지지역,1,0,,자연녹지지역,20221008
경상남도 양산시 용당동 981-7번지,48330,11300,0,0981,0007,12643790,,,,1,용도지역코드,1330,자연녹지지역,1,0,,자연녹지지역,20221008
경상남도 양산시 용당동 984-1번지,48330,11300,0,0984,0001,12641127,984-1,,,1,용도지역코드,1330,자연녹지지역,1,0,,자연녹지지역,20221008
경상남도 양산시 용당동 985-7번지,48330,11300,0,0985,0007,1000000000000000839541,,,,1,용도지역코드,UQA430,자연녹지지역,1,0,,자연녹지지역,20260515
경상남도 양산시 용당동 985-7번지,48330,11300,0,0985,0007,1000000000000000839541,,,,1,용도지역코드,UM2100,공장설립승인지역,0,0,,공장설립승인지역,20260515
경상남도 양산시 용당동 990번지,48330,11300,0,0990,0000,12642184,,,,1,용도지역코드,1330,자연녹지지역,1,0,,자연녹지지역,20221008
경상남도 양산시 용당동 990-1번지,48330,11300,0,0990,0001,12642548,,,,1,용도지역코드,1330,자연녹지지역,1,0,,자연녹지지역,20221008
경상남도 양산시 용당동 991번지,48330,11300,0,0991,0000,1000000000000000427155,,,,3,용도구역코드,UMZ100,가축사육제한구역,1,0,,가축사육제한구역,20231211
경상남도 양산시 용당동 991번지,48330,11300,0,0991,0000,1000000000000000427155,,,,1,용도지역코드,UQA430,자연녹지지역,1,0,,자연녹지지역,20231211
경상남도 양산시 용당동 991번지,48330,11300,0,0991,0000,12645686,,,,1,용도지역코드,1330,자연녹지지역,1,0,,자연녹지지역,20221008
경상남도 양산시 용당동 991-1번지,48330,11300,0,0991,0001,12645576,,,,1,용도지역코드,1330,자연녹지지역,1,0,,자연녹지지역,20221008
경상남도 양산시 용당동 1000-12번지,48330,11300,0,1000,0012,12647166,,,,1,용도지역코드,1330,자연녹지지역,1,0,,자연녹지지역,20221008
경상남도 양산시 용당동 1000-16번지,48330,11300,0,1000,0016,12647938,,,,1,용도지역코드,1330,자연녹지지역,1,0,,자연녹지지역,20221008
경상남도 양산시 용당동 1000-18번지,48330,11300,0,1000,0018,12647940,,,,1,용도지역코드,1330,자연녹지지역,1,0,,자연녹지지역,20221008
경상남도 양산시 용당동 1000-19번지,48330,11300,0,1000,0019,12647941,,,,1,용도지역코드,1330,자연녹지지역,1,0,,자연녹지지역,20221008
경상남도 양산시 용당동 1000-21번지,48330,11300,0,1000,0021,1264100041222,,,,1,용도지역코드,UQA430,자연녹지지역,1,0,,자연녹지지역,20221008
경상남도 양산시 용당동 1000-21번지,48330,11300,0,1000,0021,12647939,,,,1,용도지역코드,1330,자연녹지지역,1,0,,자연녹지지역,20221008
경상남도 양산시 용당동 1015번지,48330,11300,0,1015,0000,1264100135083,,,,1,용도지역코드,UQA430,자연녹지지역,1,0,,자연녹지지역,20221008
경상남도 양산시 용당동 1015번지,48330,11300,0,1015,0000,1264100135083,,,,2,용도지구코드,UQM110,자연취락지구,1,0,,자연취락지구,20221008
경상남도 양산시 용당동 1016번지,48330,11300,0,1016,0000,12648787,,,,1,용도지역코드,1330,자연녹지지역,1,0,,자연녹지지역,20221008
경상남도 양산시 용당동 1016번지,48330,11300,0,1016,0000,12648787,,,,2,용도지구코드,011,자연취락지구,1,0,,자연취락지구,20221008
경상남도 양산시 용당동 1016번지,48330,11300,0,1016,0000,12648787,,,,3,용도구역코드,010,도시계획구역,1,0,,도시계획구역,20221008
경상남도 양산시 용당동 1027-9번지,48330,11300,0,1027,0009,1264100027829,,,,1,용도지역코드,UQA430,자연녹지지역,1,0,,자연녹지지역,20221008
경상남도 양산시 용당동 1027-9번지,48330,11300,0,1027,0009,1264100027829,,,,2,용도지구코드,UQM110,자연취락지구,1,0,,자연취락지구,20221008
경상남도 양산시 용당동 1027-16번지,48330,11300,0,1027,0016,1264100122119,,,,1,용도지역코드,UQA430,자연녹지지역,1,0,,자연녹지지역,20221008
경상남도 양산시 용당동 1027-16번지,48330,11300,0,1027,0016,1264100122119,,,,2,용도지구코드,UQM110,자연취락지구,1,0,,자연취락지구,20221008
경상남도 양산시 용당동 1028번지,48330,11300,0,1028,0000,1264100134283,,,,1,용도지역코드,UQA430,자연녹지지역,1,0,,자연녹지지역,20221008
경상남도 양산시 용당동 1028번지,48330,11300,0,1028,0000,1264100134283,,,,3,용도구역코드,UMZ100,가축사육제한구역,1,0,,가축사육제한구역,20221008
경상남도 양산시 용당동 1053-6번지,48330,11300,0,1053,0006,1264100032965,,,,1,용도지역코드,UQA430,자연녹지지역,1,0,,자연녹지지역,20221008
경상남도 양산시 용당동 1054번지,48330,11300,0,1054,0000,1264100155730,,,,1,용도지역코드,UQA430,자연녹지지역,1,0,,자연녹지지역,20221008
경상남도 양산시 용당동 1054번지,48330,11300,0,1054,0000,1264100155730,,,,1,용도지역코드,UM2100,공장설립승인지역,0,0,,공장설립승인지역,20221008
경상남도 양산시 용당동 1056번지,48330,11300,0,1056,0000,1264100140923,,,,1,용도지역코드,UQA430,자연녹지지역,1,0,,자연녹지지역,20221008
경상남도 양산시 용당동 1056번지,48330,11300,0,1056,0000,1264100140923,,,,1,용도지역코드,UM2100,공장설립승인지역,0,0,,공장설립승인지역,20221008
경상남도 양산시 용당동 1057번지,48330,11300,0,1057,0000,1264100143388,,,,1,용도지역코드,UQA430,자연녹지지역,1,0,,자연녹지지역,20221008
경상남도 양산시 용당동 1076번지,48330,11300,0,1076,0000,1264100018761,,,,1,용도지역코드,1330,자연녹지지역,1,0,,자연녹지지역,20221008
경상남도 양산시 용당동 1076번지,48330,11300,0,1076,0000,1264100018761,,,,2,용도지구코드,011,자연취락지구,1,0,,자연취락지구,20221008
경상남도 양산시 용당동 1079번지,48330,11300,0,1079,0000,1264100123459,,,,1,용도지역코드,UQA430,자연녹지지역,1,0,,자연녹지지역,20221008
경상남도 양산시 용당동 1079번지,48330,11300,0,1079,0000,1264100123459,,,,2,용도지구코드,UQM110,자연취락지구,1,0,,자연취락지구,20221008
경상남도 양산시 용당동 1079번지,48330,11300,0,1079,0000,1264100083263,,,,1,용도지역코드,UQA430,자연녹지지역,1,0,,자연녹지지역,20221008
경상남도 양산시 용당동 1079번지,48330,11300,0,1079,0000,1264100083263,,,,1,용도지역코드,UM2100,공장설립승인지역,0,0,,공장설립승인지역,20221008
경상남도 양산시 용당동 1079번지,48330,11300,0,1079,0000,1264100083263,,,,2,용도지구코드,UQM110,자연취락지구,1,0,,자연취락지구,20221008
경상남도 양산시 용당동 1085번지,48330,11300,0,1085,0000,1264100152630,,,,1,용도지역코드,UQA430,자연녹지지역,1,0,,자연녹지지역,20221008
경상남도 양산시 용당동 1085번지,48330,11300,0,1085,0000,1264100152630,,,,1,용도지역코드,UM2100,공장설립승인지역,0,0,,공장설립승인지역,20221008
경상남도 양산시 용당동 1085번지,48330,11300,0,1085,0000,1264100152630,,,,2,용도지구코드,UQM110,자연취락지구,1,0,,자연취락지구,20221008
경상남도 양산시 용당동 1087-1번지,48330,11300,0,1087,0001,1264100067441,,,,1,용도지역코드,UM2100,공장설립승인지역,0,0,,공장설립승인지역,20221008
경상남도 양산시 용당동 1087-1번지,48330,11300,0,1087,0001,1264100067441,,,,2,용도지구코드,UQM110,자연취락지구,1,0,,자연취락지구,20221008
경상남도 양산시 용당동 1087-1번지,48330,11300,0,1087,0001,1264100067441,,,,1,용도지역코드,UQA430,자연녹지지역,1,0,,자연녹지지역,20221008
경상남도 양산시 용당동 1087-3번지,48330,11300,0,1087,0003,1264100154591,,,,1,용도지역코드,UM2100,공장설립승인지역,0,0,,공장설립승인지역,20221014
경상남도 양산시 용당동 1087-3번지,48330,11300,0,1087,0003,1264100154591,,,,1,용도지역코드,UQA430,자연녹지지역,1,0,,자연녹지지역,20221014
경상남도 양산시 용당동 1087-3번지,48330,11300,0,1087,0003,1264100154591,,,,2,용도지구코드,UQM110,자연취락지구,1,0,,자연취락지구,20221014
경상남도 양산시 용당동 1087-3번지,48330,11300,0,1087,0003,1264100082766,,,,2,용도지구코드,UQM110,자연취락지구,1,0,,자연취락지구,20221008
경상남도 양산시 용당동 1087-3번지,48330,11300,0,1087,0003,1264100082767,,,,1,용도지역코드,UQA430,자연녹지지역,1,0,,자연녹지지역,20221008
경상남도 양산시 용당동 1087-3번지,48330,11300,0,1087,0003,1264100082767,,,,1,용도지역코드,UM2100,공장설립승인지역,0,0,,공장설립승인지역,20221008
경상남도 양산시 용당동 1087-3번지,48330,11300,0,1087,0003,1264100082767,,,,2,용도지구코드,UQM110,자연취락지구,1,0,,자연취락지구,20221008
경상남도 양산시 용당동 1087-3번지,48330,11300,0,1087,0003,1264100082766,,,,1,용도지역코드,UQA430,자연녹지지역,1,0,,자연녹지지역,20221008
경상남도 양산시 용당동 1087-3번지,48330,11300,0,1087,0003,1264100082766,,,,1,용도지역코드,UM2100,공장설립승인지역,0,0,,공장설립승인지역,20221008
경상남도 양산시 용당동 1087-3번지,48330,11300,0,1087,0003,1264100082763,,,,1,용도지역코드,UQA430,자연녹지지역,1,0,,자연녹지지역,20221008
경상남도 양산시 용당동 1087-3번지,48330,11300,0,1087,0003,1264100082763,,,,1,용도지역코드,UM2100,공장설립승인지역,0,0,,공장설립승인지역,20221008
경상남도 양산시 용당동 1087-3번지,48330,11300,0,1087,0003,1264100082763,,,,2,용도지구코드,UQM110,자연취락지구,1,0,,자연취락지구,20221008
경상남도 양산시 용당동 1087-4번지,48330,11300,0,1087,0004,1264100063659,,,,1,용도지역코드,UQA430,자연녹지지역,1,0,,자연녹지지역,20221008
경상남도 양산시 용당동 1087-6번지,48330,11300,0,1087,0006,1264100009630,,,,1,용도지역코드,1330,자연녹지지역,1,0,,자연녹지지역,20221008
경상남도 양산시 용당동 1087-11번지,48330,11300,0,1087,0011,1264100132183,,,,1,용도지역코드,UQA430,자연녹지지역,1,0,,자연녹지지역,20221008
경상남도 양산시 용당동 1087-11번지,48330,11300,0,1087,0011,1264100132183,,,,3,용도구역코드,UMZ100,가축사육제한구역,1,0,,가축사육제한구역,20221008
경상남도 양산시 용당동 1087-12번지,48330,11300,0,1087,0012,12649241,,,,1,용도지역코드,1330,자연녹지지역,1,0,,자연녹지지역,20221008
경상남도 양산시 용당동 1087-12번지,48330,11300,0,1087,0012,12649241,,,,2,용도지구코드,011,자연취락지구,1,0,,자연취락지구,20221008
경상남도 양산시 용당동 1087-13번지,48330,11300,0,1087,0013,12649166,,,,1,용도지역코드,1330,자연녹지지역,1,0,,자연녹지지역,20221008
경상남도 양산시 용당동 1087-13번지,48330,11300,0,1087,0013,12649166,,,,2,용도지구코드,011,자연취락지구,1,0,,자연취락지구,20221008
경상남도 양산시 용당동 1087-14번지,48330,11300,0,1087,0014,1000000000000000958010,,,,2,용도지구코드,UQM110,자연취락지구,1,0,,자연취락지구,20260527
경상남도 양산시 용당동 1087-14번지,48330,11300,0,1087,0014,1000000000000000958010,,,,1,용도지역코드,UQA430,자연녹지지역,1,0,,자연녹지지역,20260527
경상남도 양산시 용당동 1087-14번지,48330,11300,0,1087,0014,1264100026849,,,,1,용도지역코드,UQA430,자연녹지지역,1,0,,자연녹지지역,20221008
경상남도 양산시 용당동 1087-14번지,48330,11300,0,1087,0014,1264100026849,,,,2,용도지구코드,UQM110,자연취락지구,1,0,,자연취락지구,20221008
경상남도 양산시 용당동 1087-14번지,48330,11300,0,1087,0014,1264100042462,,,,1,용도지역코드,UQA430,자연녹지지역,1,0,,자연녹지지역,20221008
경상남도 양산시 용당동 1087-14번지,48330,11300,0,1087,0014,1264100042462,,,,2,용도지구코드,UQM110,자연취락지구,1,0,,자연취락지구,20221008
경상남도 양산시 용당동 1087-16번지,48330,11300,0,1087,0016,1264100005628,,,,1,용도지역코드,1330,자연녹지지역,1,0,,자연녹지지역,20221008
경상남도 양산시 용당동 1087-19번지,48330,11300,0,1087,0019,1000000000000000517964,,,,2,용도지구코드,UQM110,자연취락지구,1,0,,자연취락지구,20250528
경상남도 양산시 용당동 1087-19번지,48330,11300,0,1087,0019,1000000000000000517964,,,,1,용도지역코드,UQA430,자연녹지지역,1,0,,자연녹지지역,20250528
경상남도 양산시 용당동 1087-21번지,48330,11300,0,1087,0021,1264100082768,,,,1,용도지역코드,UQA430,자연녹지지역,1,0,,자연녹지지역,20221008
경상남도 양산시 용당동 1087-21번지,48330,11300,0,1087,0021,1264100082768,,,,1,용도지역코드,UM2100,공장설립승인지역,0,0,,공장설립승인지역,20221008
경상남도 양산시 용당동 1087-21번지,48330,11300,0,1087,0021,1264100082768,,,,2,용도지구코드,UQM110,자연취락지구,1,0,,자연취락지구,20221008
경상남도 양산시 용당동 1087-22번지,48330,11300,0,1087,0022,1000000000000000724250,,,,1,용도지역코드,UQA430,자연녹지지역,1,0,,자연녹지지역,20250514
경상남도 양산시 용당동 1087-22번지,48330,11300,0,1087,0022,1000000000000000724250,,,,2,용도지구코드,UQM110,자연취락지구,1,0,,자연취락지구,20250514
경상남도 양산시 용당동 1087-22번지,48330,11300,0,1087,0022,1000000000000000102782,,,,2,용도지구코드,UQM110,자연취락지구,1,0,,자연취락지구,20230525
경상남도 양산시 용당동 1087-22번지,48330,11300,0,1087,0022,1000000000000000102782,,,,1,용도지역코드,UQA430,자연녹지지역,1,0,,자연녹지지역,20230525
경상남도 양산시 용당동 1087-24번지,48330,11300,0,1087,0024,1264100105194,,,,1,용도지역코드,UQA430,자연녹지지역,1,0,,자연녹지지역,20221008
경상남도 양산시 용당동 1087-24번지,48330,11300,0,1087,0024,1264100105194,,,,1,용도지역코드,UM2100,공장설립승인지역,0,0,,공장설립승인지역,20221008
경상남도 양산시 용당동 1087-24번지,48330,11300,0,1087,0024,1264100105194,,,,2,용도지구코드,UQM110,자연취락지구,1,0,,자연취락지구,20221008
경상남도 양산시 용당동 1087-24번지,48330,11300,0,1087,0024,1264100082765,,,,1,용도지역코드,UM2100,공장설립승인지역,,,,공장설립승인지역,20221008
경상남도 양산시 용당동 1087-24번지,48330,11300,0,1087,0024,1264100082765,,,,1,용도지역코드,UQA430,자연녹지지역,1,0,,자연녹지지역,20221008
경상남도 양산시 용당동 1087-24번지,48330,11300,0,1087,0024,1264100082765,,,,2,용도지구코드,UQM110,자연취락지구,1,0,,자연취락지구,20221008
경상남도 양산시 용당동 1089번지,48330,11300,0,1089,0000,1264100011036,,,,1,용도지역코드,1330,자연녹지지역,1,0,,자연녹지지역,20221008
경상남도 양산시 용당동 1089번지,48330,11300,0,1089,0000,1264100011036,,,,2,용도지구코드,011,자연취락지구,1,0,,자연취락지구,20221008
경상남도 양산시 용당동 1089번지,48330,11300,0,1089,0000,1264100011036,,,,3,용도구역코드,980,용도구역미지정,1,0,,용도구역미지정,20221008
경상남도 양산시 용당동 1089번지,48330,11300,0,1089,0000,12647839,,,,1,용도지역코드,1330,자연녹지지역,1,0,,자연녹지지역,20221008
경상남도 양산시 용당동 1089번지,48330,11300,0,1089,0000,12647839,,,,2,용도지구코드,011,자연취락지구,1,0,,자연취락지구,20221008
경상남도 양산시 용당동 1089번지,48330,11300,0,1089,0000,12647839,,,,3,용도구역코드,010,도시계획구역,1,0,,도시계획구역,20221008
경상남도 양산시 용당동 1089-1번지,48330,11300,0,1089,0001,1264100024052,,,,1,용도지역코드,UQA430,자연녹지지역,1,0,,자연녹지지역,20221008
경상남도 양산시 용당동 1089-1번지,48330,11300,0,1089,0001,1264100024052,,,,2,용도지구코드,UQM110,자연취락지구,1,0,,자연취락지구,20221008
경상남도 양산시 용당동 1089-7번지,48330,11300,0,1089,0007,1000000000000000941756,,,,1,용도지역코드,UM2100,공장설립승인지역,0,0,,공장설립승인지역,20260430
경상남도 양산시 용당동 1089-7번지,48330,11300,0,1089,0007,1000000000000000941756,,,,2,용도지구코드,UQM110,자연취락지구,1,0,,자연취락지구,20260430
경상남도 양산시 용당동 1089-7번지,48330,11300,0,1089,0007,1000000000000000941756,,,,1,용도지역코드,UQA430,자연녹지지역,1,0,,자연녹지지역,20260430
경상남도 양산시 용당동 1089-7번지,48330,11300,0,1089,0007,1264100136183,,,,1,용도지역코드,UQA430,자연녹지지역,1,0,,자연녹지지역,20221008
경상남도 양산시 용당동 1089-7번지,48330,11300,0,1089,0007,1264100136183,,,,1,용도지역코드,UM2100,공장설립승인지역,0,0,,공장설립승인지역,20221008
경상남도 양산시 용당동 1089-7번지,48330,11300,0,1089,0007,1264100136183,,,,2,용도지구코드,UQM110,자연취락지구,1,0,,자연취락지구,20221008
경상남도 양산시 용당동 1089-7번지,48330,11300,0,1089,0007,1264100136183,,,,3,용도구역코드,UMZ100,가축사육제한구역,1,0,,가축사육제한구역,20221008
경상남도 양산시 용당동 1091번지,48330,11300,0,1091,0000,1264100143387,,,,1,용도지역코드,UM2100,공장설립승인지역,0,0,,공장설립승인지역,20221008
경상남도 양산시 용당동 1091번지,48330,11300,0,1091,0000,1264100143387,,,,1,용도지역코드,UQA430,자연녹지지역,1,0,,자연녹지지역,20221008
경상남도 양산시 용당동 1091번지,48330,11300,0,1091,0000,1264100143387,,,,2,용도지구코드,UQM110,자연취락지구,1,0,,자연취락지구,20221008
경상남도 양산시 용당동 1092번지,48330,11300,0,1092,0000,1264100050128,,,,1,용도지역코드,UQA430,자연녹지지역,1,0,,자연녹지지역,20221008
경상남도 양산시 용당동 1092-3번지,48330,11300,0,1092,0003,1264100063100,,,,1,용도지역코드,UQA430,자연녹지지역,1,0,,자연녹지지역,20221008
경상남도 양산시 용당동 1092-3번지,48330,11300,0,1092,0003,1264100063100,,,,1,용도지역코드,UM2100,공장설립승인지역,0,0,,공장설립승인지역,20221008
경상남도 양산시 용당동 1092-3번지,48330,11300,0,1092,0003,1264100063100,,,,3,용도구역코드,UMZ100,가축사육제한구역,1,0,,가축사육제한구역,20221008
경상남도 양산시 용당동 1103-6번지,48330,11300,0,1103,0006,1264100072140,,,,1,용도지역코드,UQA430,자연녹지지역,1,0,,자연녹지지역,20221008
경상남도 양산시 용당동 1105-1번지,48330,11300,0,1105,0001,1264100123385,,,,1,용도지역코드,UQA430,자연녹지지역,1,0,,자연녹지지역,20221008
경상남도 양산시 용당동 1105-1번지,48330,11300,0,1105,0001,1264100123385,,,,1,용도지역코드,UM2100,공장설립승인지역,0,0,,공장설립승인지역,20221008
경상남도 양산시 용당동 1105-1번지,48330,11300,0,1105,0001,1264100123385,,,,3,용도구역코드,UJC100,소하천구역,1,0,,소하천구역,20221008
경상남도 양산시 용당동 1105-1번지,48330,11300,0,1105,0001,1264100123382,,,,1,용도지역코드,UQA430,자연녹지지역,1,0,,자연녹지지역,20221008
경상남도 양산시 용당동 1105-1번지,48330,11300,0,1105,0001,1264100123382,,,,1,용도지역코드,UM2100,공장설립승인지역,0,0,,공장설립승인지역,20221008
경상남도 양산시 용당동 1105-1번지,48330,11300,0,1105,0001,1264100123382,,,,3,용도구역코드,UJC100,소하천구역,1,0,,소하천구역,20221008
경상남도 양산시 용당동 1105-1번지,48330,11300,0,1105,0001,1264100120799,,,,1,용도지역코드,UQA430,자연녹지지역,1,0,,자연녹지지역,20221008
경상남도 양산시 용당동 1105-1번지,48330,11300,0,1105,0001,1264100120799,,,,3,용도구역코드,UMZ999,가축사육제한구역기타,1,0,,가축사육제한구역기타,20221008
경상남도 양산시 용당동 1105-3번지,48330,11300,0,1105,0003,1264100140583,,,,1,용도지역코드,UQA430,자연녹지지역,1,0,,자연녹지지역,20221008
경상남도 양산시 용당동 1105-3번지,48330,11300,0,1105,0003,1264100140583,,,,1,용도지역코드,UM2100,공장설립승인지역,0,0,,공장설립승인지역,20221008
경상남도 양산시 용당동 1105-3번지,48330,11300,0,1105,0003,1264100140583,,,,3,용도구역코드,UMZ100,가축사육제한구역,1,0,,가축사육제한구역,20221008
경상남도 양산시 용당동 1105-6번지,48330,11300,0,1105,0006,1264100129484,,,,3,용도구역코드,UMZ100,가축사육제한구역,1,0,,가축사육제한구역,20230831
경상남도 양산시 용당동 1105-6번지,48330,11300,0,1105,0006,1264100129484,,,,1,용도지역코드,UQA430,자연녹지지역,1,0,,자연녹지지역,20230831
경상남도 양산시 용당동 1105-7번지,48330,11300,0,1105,0007,1264100129364,,,,1,용도지역코드,UQA430,자연녹지지역,1,0,,자연녹지지역,20231102
경상남도 양산시 용당동 1105-7번지,48330,11300,0,1105,0007,1264100129364,,,,3,용도구역코드,UMZ999,가축사육제한구역기타,1,0,,가축사육제한구역기타,20231102
경상남도 양산시 용당동 1110번지,48330,11300,0,1110,0000,1264100104074,,,,1,용도지역코드,UQA430,자연녹지지역,1,0,,자연녹지지역,20221008
경상남도 양산시 용당동 1110번지,48330,11300,0,1110,0000,1264100104074,,,,1,용도지역코드,UM2100,공장설립승인지역,0,0,,공장설립승인지역,20221008
경상남도 양산시 용당동 1110번지,48330,11300,0,1110,0000,1264100106733,,,,1,용도지역코드,UQA430,자연녹지지역,1,0,,자연녹지지역,20221008
경상남도 양산시 용당동 1110번지,48330,11300,0,1110,0000,1264100106733,,,,1,용도지역코드,UM2100,공장설립승인지역,0,0,,공장설립승인지역,20221008
경상남도 양산시 용당동 1110-3번지,48330,11300,0,1110,0003,1264100147266,,,,1,용도지역코드,UQA430,자연녹지지역,1,0,,자연녹지지역,20230221
경상남도 양산시 용당동 1110-3번지,48330,11300,0,1110,0003,1264100147266,,,,3,용도구역코드,UMZ100,가축사육제한구역,1,0,,가축사육제한구역,20230221
경상남도 양산시 용당동 1111-6번지,48330,11300,0,1111,0006,1264100016734,,,,1,용도지역코드,1330,자연녹지지역,1,0,,자연녹지지역,20221008
경상남도 양산시 용당동 1111-6번지,48330,11300,0,1111,0006,1264100051868,,,,1,용도지역코드,UQA430,자연녹지지역,1,0,,자연녹지지역,20221008
경상남도 양산시 용당동 1112-2번지,48330,11300,0,1112,0002,1264100117962,,,,1,용도지역코드,UQA430,자연녹지지역,1,0,,자연녹지지역,20221008
경상남도 양산시 용당동 1112-2번지,48330,11300,0,1112,0002,12643675,,,,1,용도지역코드,1330,자연녹지지역,1,0,,자연녹지지역,20221008
경상남도 양산시 용당동 1112-7번지,48330,11300,0,1112,0007,1264100119779,,,,1,용도지역코드,UQA430,자연녹지지역,1,0,,자연녹지지역,20221008
경상남도 양산시 용당동 1113-1번지,48330,11300,0,1113,0001,12647915,,,,1,용도지역코드,1330,자연녹지지역,1,0,,자연녹지지역,20221008
경상남도 양산시 용당동 1113-1번지,48330,11300,0,1113,0001,12647915,,,,3,용도구역코드,010,도시계획구역,1,0,,도시계획구역,20221008
경상남도 양산시 용당동 1119-1번지,48330,11300,0,1119,0001,1264100145803,,,,1,용도지역코드,UQA430,자연녹지지역,1,0,,자연녹지지역,20221008
경상남도 양산시 용당동 1119-1번지,48330,11300,0,1119,0001,1264100145803,,,,1,용도지역코드,UM2100,공장설립승인지역,0,0,,공장설립승인지역,20221008
경상남도 양산시 용당동 1120-2번지,48330,11300,0,1120,0002,1264100087382,,,,1,용도지역코드,UQA430,자연녹지지역,1,0,,자연녹지지역,20221008
경상남도 양산시 용당동 1120-2번지,48330,11300,0,1120,0002,1264100087382,,,,1,용도지역코드,UM2100,공장설립승인지역,0,0,,공장설립승인지역,20221008
경상남도 양산시 용당동 1120-2번지,48330,11300,0,1120,0002,1264100057892,,,,1,용도지역코드,UQA430,자연녹지지역,1,0,,자연녹지지역,20221008
경상남도 양산시 용당동 1120-6번지,48330,11300,0,1120,0006,1264100111117,,,,1,용도지역코드,UQA430,자연녹지지역,1,0,,자연녹지지역,20221008
경상남도 양산시 용당동 1120-6번지,48330,11300,0,1120,0006,1264100111117,,,,3,용도구역코드,UMZ100,가축사육제한구역,1,0,,가축사육제한구역,20221008
경상남도 양산시 용당동 1121번지,48330,11300,0,1121,0000,1000000000000000641925,,,,1,용도지역코드,UQA430,자연녹지지역,1,0,,자연녹지지역,20241224
경상남도 양산시 용당동 1121번지,48330,11300,0,1121,0000,1264100152772,,,,1,용도지역코드,UQA430,자연녹지지역,1,0,,자연녹지지역,20221008
경상남도 양산시 용당동 1121번지,48330,11300,0,1121,0000,1264100152772,,,,1,용도지역코드,UM2100,공장설립승인지역,0,0,,공장설립승인지역,20221008
경상남도 양산시 용당동 1122번지,48330,11300,0,1122,0000,1264100132127,,,,1,용도지역코드,UQA430,자연녹지지역,1,0,,자연녹지지역,20221215
경상남도 양산시 용당동 1122번지,48330,11300,0,1122,0000,1264100132127,,,,1,용도지역코드,UM2100,공장설립승인지역,0,0,,공장설립승인지역,20221215
경상남도 양산시 용당동 1123번지,48330,11300,0,1123,0000,1264100153211,,,,1,용도지역코드,UQA430,자연녹지지역,1,0,,자연녹지지역,20221008
경상남도 양산시 용당동 1123번지,48330,11300,0,1123,0000,1264100153211,,,,1,용도지역코드,UM2100,공장설립승인지역,0,0,,공장설립승인지역,20221008
경상남도 양산시 용당동 1138번지,48330,11300,0,1138,0000,1264100050127,,,,1,용도지역코드,UQA430,자연녹지지역,1,0,,자연녹지지역,20221008
경상남도 양산시 용당동 1139번지,48330,11300,0,1139,0000,1000000000000000263608,,,,1,용도지역코드,UQA430,자연녹지지역,1,0,,자연녹지지역,20230403
경상남도 양산시 용당동 1144-1번지,48330,11300,0,1144,0001,12645355,,,,1,용도지역코드,1330,자연녹지지역,1,0,,자연녹지지역,20221008
경상남도 양산시 용당동 1144-2번지,48330,11300,0,1144,0002,1264100081979,,,,1,용도지역코드,UQA430,자연녹지지역,1,0,,자연녹지지역,20221008
경상남도 양산시 용당동 1146-2번지,48330,11300,0,1146,0002,1264100099396,,,,1,용도지역코드,UQA430,자연녹지지역,1,0,,자연녹지지역,20221008
경상남도 양산시 용당동 1146-6번지,48330,11300,0,1146,0006,1264100111116,,,,1,용도지역코드,UQA430,자연녹지지역,1,0,,자연녹지지역,20221008
경상남도 양산시 용당동 1146-14번지,48330,11300,0,1146,0014,1264100132148,,,,1,용도지역코드,UQA430,자연녹지지역,1,0,,자연녹지지역,20221008
경상남도 양산시 용당동 1147-3번지,48330,11300,0,1147,0003,1264100022709,,,,1,용도지역코드,UQA430,자연녹지지역,1,0,,자연녹지지역,20221008
경상남도 양산시 용당동 1147-4번지,48330,11300,0,1147,0004,1264100022708,,,,1,용도지역코드,UQA430,자연녹지지역,1,0,,자연녹지지역,20221008
경상남도 양산시 용당동 1147-4번지,48330,11300,0,1147,0004,1264100038094,,,,1,용도지역코드,UQA430,자연녹지지역,1,0,,자연녹지지역,20221008
경상남도 양산시 용당동 1147-7번지,48330,11300,0,1147,0007,1264100022707,,,,1,용도지역코드,UQA430,자연녹지지역,1,0,,자연녹지지역,20221008
경상남도 양산시 용당동 1147-7번지,48330,11300,0,1147,0007,1264100038093,,,,1,용도지역코드,UQA430,자연녹지지역,1,0,,자연녹지지역,20221008
경상남도 양산시 용당동 1147-8번지,48330,11300,0,1147,0008,1264100115276,,,,1,용도지역코드,UQA430,자연녹지지역,1,0,,자연녹지지역,20230502
경상남도 양산시 용당동 1147-9번지,48330,11300,0,1147,0009,1264100151353,,,,1,용도지역코드,UQA430,자연녹지지역,1,0,,자연녹지지역,20221008
경상남도 양산시 용당동 1147-9번지,48330,11300,0,1147,0009,1264100008931,,,,1,용도지역코드,1330,자연녹지지역,1,0,,자연녹지지역,20221008
경상남도 양산시 용당동 1147-11번지,48330,11300,0,1147,0011,1264100124199,,,,1,용도지역코드,UQA430,자연녹지지역,1,0,,자연녹지지역,20221008
경상남도 양산시 용당동 1147-11번지,48330,11300,0,1147,0011,1264100045910,,,,1,용도지역코드,UQA430,자연녹지지역,1,0,,자연녹지지역,20221008
경상남도 양산시 용당동 1149번지,48330,11300,0,1149,0000,1000000000000000978614,,,,1,용도지역코드,UQA430,자연녹지지역,1,0,,자연녹지지역,20260623
경상남도 양산시 용당동 1149번지,48330,11300,0,1149,0000,1000000000000000327790,,,,1,용도지역코드,UQA430,자연녹지지역,1,0,,자연녹지지역,20230629
경상남도 양산시 용당동 1149번지,48330,11300,0,1149,0000,1264100094121,,,,1,용도지역코드,UQA430,자연녹지지역,1,0,,자연녹지지역,20221008
경상남도 양산시 용당동 1153번지,48330,11300,0,1153,0000,12647945,,,,1,용도지역코드,1330,자연녹지지역,1,0,,자연녹지지역,20221008
경상남도 양산시 용당동 1153번지,48330,11300,0,1153,0000,12648607,,,,1,용도지역코드,1330,자연녹지지역,1,0,,자연녹지지역,20221008
경상남도 양산시 용당동 1153-3번지,48330,11300,0,1153,0003,12647167,,,,1,용도지역코드,1330,자연녹지지역,1,0,,자연녹지지역,20221008
경상남도 양산시 용당동 1153-4번지,48330,11300,0,1153,0004,1000000000000000776981,,,,1,용도지역코드,UQA430,자연녹지지역,1,0,,자연녹지지역,20250804
경상남도 양산시 용당동 1153-4번지,48330,11300,0,1153,0004,12647946,,,,1,용도지역코드,1330,자연녹지지역,1,0,,자연녹지지역,20221008
경상남도 양산시 용당동 1153-4번지,48330,11300,0,1153,0004,1264100094486,,,,1,용도지역코드,UQA430,자연녹지지역,1,0,,자연녹지지역,20221008
경상남도 양산시 용당동 1154번지,48330,11300,0,1154,0000,1264100077880,,,,1,용도지역코드,UQA430,자연녹지지역,1,0,,자연녹지지역,20221008
경상남도 양산시 용당동 1154-1번지,48330,11300,0,1154,0001,1000000000000000705206,,,,1,용도지역코드,UQA430,자연녹지지역,1,0,,자연녹지지역,20250416
경상남도 양산시 용당동 1154-1번지,48330,11300,0,1154,0001,1000000000000000705206,,,,3,용도구역코드,UMZ100,가축사육제한구역,1,0,,가축사육제한구역,20250416
경상남도 양산시 용당동 1154-1번지,48330,11300,0,1154,0001,1000000000000000244917,,,,1,용도지역코드,UQA430,자연녹지지역,1,0,,자연녹지지역,20230309
경상남도 양산시 용당동 1159-5번지,48330,11300,0,1159,0005,12645953,,,,1,용도지역코드,1330,자연녹지지역,1,0,,자연녹지지역,20221008
경상남도 양산시 용당동 1163번지,48330,11300,0,1163,0000,1264100020162,,,,1,용도지역코드,1330,자연녹지지역,1,0,,자연녹지지역,20221008
경상남도 양산시 용당동 1163번지,48330,11300,0,1163,0000,12645347,,,,1,용도지역코드,1330,자연녹지지역,1,0,,자연녹지지역,20221008
경상남도 양산시 용당동 1169번지,48330,11300,0,1169,0000,12645381,,,,1,용도지역코드,1330,자연녹지지역,1,0,,자연녹지지역,20221008
경상남도 양산시 용당동 1176-69번지,48330,11300,0,1176,0069,12641847,,,,1,용도지역코드,1330,자연녹지지역,1,0,,자연녹지지역,20221008
경상남도 양산시 용당동 1179번지,48330,11300,0,1179,0000,1000000000000000962295,,,,1,용도지역코드,UQA430,자연녹지지역,1,0,,자연녹지지역,20260604
경상남도 양산시 용당동 1179번지,48330,11300,0,1179,0000,1000000000000000962295,,,,3,용도구역코드,UJB100,하천구역,1,0,,하천구역,20260604
경상남도 양산시 용당동 1179-15번지,48330,11300,0,1179,0015,12645042,,,,1,용도지역코드,1220,일반공업지역,1,0,,일반공업지역,20221008
경상남도 양산시 용당동 1179-20번지,48330,11300,0,1179,0020,1264834,"1179-20, 21, 22, 8-1(4필지)",,,1,용도지역코드,Z200,준농림지역,1,0,,준농림지역,20221008
경상남도 양산시 용당동 1179-23번지,48330,11300,0,1179,0023,1264100010050,,,,1,용도지역코드,1220,일반공업지역,1,0,,일반공업지역,20221008
경상남도 양산시 용당동 1179-23번지,48330,11300,0,1179,0023,12648691,,,,1,용도지역코드,1220,일반공업지역,1,0,,일반공업지역,20221008
경상남도 양산시 용당동 1179-25번지,48330,11300,0,1179,0025,12645991,,,,1,용도지역코드,1220,일반공업지역,1,0,,일반공업지역,20221008
경상남도 양산시 용당동 1179-25번지,48330,11300,0,1179,0025,12644798,,,,1,용도지역코드,1220,일반공업지역,1,0,,일반공업지역,20221008
경상남도 양산시 용당동 1179-25번지,48330,11300,0,1179,0025,1264100044107,,,,1,용도지역코드,UQA320,일반공업지역,1,0,,일반공업지역,20221008
경상남도 양산시 용당동 1179-37번지,48330,11300,0,1179,0037,12648603,,,,1,용도지역코드,1330,자연녹지지역,1,0,,자연녹지지역,20221008
경상남도 양산시 용당동 1179-37번지,48330,11300,0,1179,0037,12648603,,,,3,용도구역코드,010,도시계획구역,1,0,,도시계획구역,20221008
경상남도 양산시 용당동 1179-47번지,48330,11300,0,1179,0047,1264100094826,,,,1,용도지역코드,UQA320,일반공업지역,1,0,,일반공업지역,20221008
경상남도 양산시 용당동 1179-49번지,48330,11300,0,1179,0049,1264100087161,,,,1,용도지역코드,UQA430,자연녹지지역,1,0,,자연녹지지역,20221008
경상남도 양산시 용당동 1179-63번지,48330,11300,0,1179,0063,1264947,,,,1,용도지역코드,1320,생산녹지지역,1,0,,생산녹지지역,20221008
경상남도 양산시 용당동 1179-69번지,48330,11300,0,1179,0069,12642054,,,,1,용도지역코드,1330,자연녹지지역,1,0,,자연녹지지역,20221008
경상남도 양산시 용당동 1179-89번지,48330,11300,0,1179,0089,1264100045425,,,,1,용도지역코드,UM2100,공장설립승인지역,,,,공장설립승인지역,20221008
경상남도 양산시 용당동 1179-89번지,48330,11300,0,1179,0089,1264100045425,,,,1,용도지역코드,UQA121,제1종일반주거지역,1,0,,제1종일반주거지역,20221008
경상남도 양산시 용당동 1215-1번지,48330,11300,0,1215,0001,1264100144103,,,,1,용도지역코드,UQA320,일반공업지역,1,0,,일반공업지역,20221008
경상남도 양산시 용당동 1215-1번지,48330,11300,0,1215,0001,1264100126722,,,,1,용도지역코드,UQA320,일반공업지역,1,0,,일반공업지역,20221008
경상남도 양산시 용당동 1215-1번지,48330,11300,0,1215,0001,1264100126722,,,,1,용도지역코드,UM2100,공장설립승인지역,0,0,,공장설립승인지역,20221008
경상남도 양산시 용당동 1215-1번지,48330,11300,0,1215,0001,1264100126722,,,,3,용도구역코드,UQQ300,지구단위계획구역,1,0,,지구단위계획구역,20221008
경상남도 양산시 용당동 1215-1번지,48330,11300,0,1215,0001,1264100132566,,,,1,용도지역코드,UQA320,일반공업지역,1,0,,일반공업지역,20221008
경상남도 양산시 용당동 1215-1번지,48330,11300,0,1215,0001,1264100132566,,,,1,용도지역코드,UM2100,공장설립승인지역,0,0,,공장설립승인지역,20221008
경상남도 양산시 용당동 1215-1번지,48330,11300,0,1215,0001,1264100132566,,,,3,용도구역코드,UQQ300,지구단위계획구역,1,0,,지구단위계획구역,20221008
경상남도 양산시 용당동 1215-1번지,48330,11300,0,1215,0001,1264100132566,,,,3,용도구역코드,UMZ100,가축사육제한구역,0,0,,가축사육제한구역,20221008
경상남도 양산시 용당동 1215-2번지,48330,11300,0,1215,0002,1264100113677,,,,1,용도지역코드,UQA320,일반공업지역,1,0,,일반공업지역,20221008
경상남도 양산시 용당동 1215-2번지,48330,11300,0,1215,0002,1264100143324,,,,1,용도지역코드,UQA320,일반공업지역,1,0,,일반공업지역,20221008
경상남도 양산시 용당동 1215-2번지,48330,11300,0,1215,0002,1264100143324,,,,3,용도구역코드,UQQ300,지구단위계획구역,1,0,,지구단위계획구역,20221008
경상남도 양산시 용당동 1215-5번지,48330,11300,0,1215,0005,1264100156632,,,,1,용도지역코드,UQA320,일반공업지역,1,0,,일반공업지역,20221008
경상남도 양산시 용당동 1215-5번지,48330,11300,0,1215,0005,1264100133804,,,,1,용도지역코드,UQA320,일반공업지역,1,0,,일반공업지역,20221008
경상남도 양산시 용당동 1215-5번지,48330,11300,0,1215,0005,1264100133804,,,,3,용도구역코드,UQQ300,지구단위계획구역,1,0,,지구단위계획구역,20221008
경상남도 양산시 용당동 1216-2번지,48330,11300,0,1216,0002,1264100130123,,,,1,용도지역코드,UQA320,일반공업지역,1,0,,일반공업지역,20221008
경상남도 양산시 용당동 1216-2번지,48330,11300,0,1216,0002,1264100130123,,,,3,용도구역코드,UQQ300,지구단위계획구역,1,0,,지구단위계획구역,20221008
경상남도 양산시 용당동 1216-3번지,48330,11300,0,1216,0003,1000000000000000604106,,,,3,용도구역코드,UMZ100,가축사육제한구역,0,0,,가축사육제한구역,20241128
경상남도 양산시 용당동 1216-3번지,48330,11300,0,1216,0003,1000000000000000604106,,,,3,용도구역코드,UQQ300,지구단위계획구역,1,0,,지구단위계획구역,20241128
경상남도 양산시 용당동 1216-3번지,48330,11300,0,1216,0003,1000000000000000604106,,,,1,용도지역코드,UQA320,일반공업지역,1,0,,일반공업지역,20241128
경상남도 양산시 용당동 1216-3번지,48330,11300,0,1216,0003,1000000000000000604106,,,,1,용도지역코드,UM2100,공장설립승인지역,0,0,,공장설립승인지역,20241128
경상남도 양산시 용당동 1216-3번지,48330,11300,0,1216,0003,1264100124360,,,,1,용도지역코드,UQA320,일반공업지역,1,0,,일반공업지역,20221008
경상남도 양산시 용당동 1216-3번지,48330,11300,0,1216,0003,1264100124360,,,,1,용도지역코드,UM2100,공장설립승인지역,0,0,,공장설립승인지역,20221008
경상남도 양산시 용당동 1216-3번지,48330,11300,0,1216,0003,1264100124360,,,,3,용도구역코드,UQQ300,지구단위계획구역,1,0,,지구단위계획구역,20221008
경상남도 양산시 용당동 1216-3번지,48330,11300,0,1216,0003,1264100110336,,,,1,용도지역코드,UQA320,일반공업지역,1,0,,일반공업지역,20221008
경상남도 양산시 용당동 1216-3번지,48330,11300,0,1216,0003,1264100110336,,,,3,용도구역코드,UQQ310,제1종지구단위계획구역,1,0,,제1종지구단위계획구역,20221008
경상남도 양산시 용당동 1216-4번지,48330,11300,0,1216,0004,1264100125063,,,,1,용도지역코드,UQA320,일반공업지역,1,0,,일반공업지역,20221008
경상남도 양산시 용당동 1216-4번지,48330,11300,0,1216,0004,1264100125063,,,,3,용도구역코드,UQQ300,지구단위계획구역,1,0,,지구단위계획구역,20221008
경상남도 양산시 용당동 1217-1번지,48330,11300,0,1217,0001,1000000000000000370183,,,,1,용도지역코드,UQA320,일반공업지역,1,0,,일반공업지역,20260826
경상남도 양산시 용당동 1217-1번지,48330,11300,0,1217,0001,1000000000000000370183,,,,3,용도구역코드,UQQ300,지구단위계획구역,1,0,,지구단위계획구역,20260826
경상남도 양산시 용당동 1217-1번지,48330,11300,0,1217,0001,1000000000000000316440,,,,3,용도구역코드,UQQ300,지구단위계획구역,1,0,,지구단위계획구역,20230615
경상남도 양산시 용당동 1217-1번지,48330,11300,0,1217,0001,1000000000000000316440,,,,3,용도구역코드,UMZ100,가축사육제한구역,0,0,,가축사육제한구역,20230615
경상남도 양산시 용당동 1217-1번지,48330,11300,0,1217,0001,1000000000000000316440,,,,1,용도지역코드,UQA320,일반공업지역,1,0,,일반공업지역,20230615
경상남도 양산시 용당동 1217-1번지,48330,11300,0,1217,0001,1000000000000000316440,,,,1,용도지역코드,UM2100,공장설립승인지역,0,0,,공장설립승인지역,20230615
경상남도 양산시 용당동 1217-1번지,48330,11300,0,1217,0001,1000000000000000422098,,,,1,용도지역코드,UQA320,일반공업지역,1,0,,일반공업지역,20231201
경상남도 양산시 용당동 1217-2번지,48330,11300,0,1217,0002,1264100045406,,,,1,용도지역코드,UM2100,공장설립승인지역,,,,공장설립승인지역,20230404
경상남도 양산시 용당동 1217-2번지,48330,11300,0,1217,0002,1264100045406,,,,1,용도지역코드,UQA430,자연녹지지역,1,0,,자연녹지지역,20230404
경상남도 양산시 용당동 1218-2번지,48330,11300,0,1218,0002,1000000000000000253617,,,,3,용도구역코드,UQQ300,지구단위계획구역,1,0,,지구단위계획구역,20230321
경상남도 양산시 용당동 1218-2번지,48330,11300,0,1218,0002,1000000000000000253617,,,,1,용도지역코드,UQA320,일반공업지역,1,0,,일반공업지역,20230321
경상남도 양산시 용당동 1218-2번지,48330,11300,0,1218,0002,1000000000000000907817,,,,1,용도지역코드,UM2100,공장설립승인지역,0,0,,공장설립승인지역,20260605
경상남도 양산시 용당동 1218-2번지,48330,11300,0,1218,0002,1000000000000000907817,,,,1,용도지역코드,UQA320,일반공업지역,1,0,,일반공업지역,20260605
경상남도 양산시 용당동 1218-2번지,48330,11300,0,1218,0002,1000000000000000907817,,,,3,용도구역코드,UMZ100,가축사육제한구역,0,0,,가축사육제한구역,20260605
경상남도 양산시 용당동 1218-2번지,48330,11300,0,1218,0002,1000000000000000907817,,,,3,용도구역코드,UQQ300,지구단위계획구역,1,0,,지구단위계획구역,20260605
경상남도 양산시 용당동 1218-5번지,48330,11300,0,1218,0005,1264100140904,,,,3,용도구역코드,UQQ300,지구단위계획구역,1,0,,지구단위계획구역,20221008
경상남도 양산시 용당동 1218-5번지,48330,11300,0,1218,0005,1264100140904,,,,1,용도지역코드,UQA320,일반공업지역,1,0,,일반공업지역,20221008
경상남도 양산시 용당동 1218-6번지,48330,11300,0,1218,0006,1264100153330,,,,1,용도지역코드,UQA320,일반공업지역,1,0,,일반공업지역,20221008
경상남도 양산시 용당동 1218-6번지,48330,11300,0,1218,0006,1264100153330,,,,3,용도구역코드,UQQ300,지구단위계획구역,1,0,,지구단위계획구역,20221008
경상남도 양산시 용당동 1218-6번지,48330,11300,0,1218,0006,1264100146704,,,,1,용도지역코드,UQA320,일반공업지역,1,0,,일반공업지역,20221008
경상남도 양산시 용당동 1218-6번지,48330,11300,0,1218,0006,1264100146704,,,,3,용도구역코드,UQQ300,지구단위계획구역,1,0,,지구단위계획구역,20221008
경상남도 양산시 용당동 1218-8번지,48330,11300,0,1218,0008,1264100151991,,,,1,용도지역코드,UHA999,산업단지기타,0,0,,산업단지기타,20221008
경상남도 양산시 용당동 1218-8번지,48330,11300,0,1218,0008,1264100151991,,,,1,용도지역코드,UM2100,공장설립승인지역,0,0,,공장설립승인지역,20221008
경상남도 양산시 용당동 1218-8번지,48330,11300,0,1218,0008,1264100151991,,,,3,용도구역코드,UQQ300,지구단위계획구역,1,0,,지구단위계획구역,20221008
경상남도 양산시 용당동 1218-8번지,48330,11300,0,1218,0008,1264100151991,,,,3,용도구역코드,UMZ100,가축사육제한구역,0,0,,가축사육제한구역,20221008
경상남도 양산시 용당동 1218-8번지,48330,11300,0,1218,0008,1264100151991,,,,1,용도지역코드,UQA320,일반공업지역,1,0,,일반공업지역,20221008
경상남도 양산시 용당동 1219-1번지,48330,11300,0,1219,0001,1264100155491,,,,1,용도지역코드,UQA320,일반공업지역,1,0,,일반공업지역,20221008
경상남도 양산시 용당동 1219-1번지,48330,11300,0,1219,0001,1264100155491,,,,3,용도구역코드,UQQ300,지구단위계획구역,1,0,,지구단위계획구역,20221008
경상남도 양산시 용당동 1219-1번지,48330,11300,0,1219,0001,1264100114456,,,,1,용도지역코드,UQA320,일반공업지역,1,0,,일반공업지역,20221008
경상남도 양산시 용당동 1219-1번지,48330,11300,0,1219,0001,1264100132363,,,,1,용도지역코드,UQA320,일반공업지역,1,0,,일반공업지역,20221008
경상남도 양산시 용당동 1219-1번지,48330,11300,0,1219,0001,1264100132363,,,,1,용도지역코드,UM2100,공장설립승인지역,0,0,,공장설립승인지역,20221008
경상남도 양산시 용당동 1219-1번지,48330,11300,0,1219,0001,1264100132363,,,,3,용도구역코드,UQQ300,지구단위계획구역,1,0,,지구단위계획구역,20221008
경상남도 양산시 용당동 1219-2번지,48330,11300,0,1219,0002,1264100136343,,,,1,용도지역코드,UQA320,일반공업지역,1,0,,일반공업지역,20230310
경상남도 양산시 용당동 1219-2번지,48330,11300,0,1219,0002,1264100136343,,,,3,용도구역코드,UQQ300,지구단위계획구역,1,0,,지구단위계획구역,20230310
경상남도 양산시 용당동 1219-2번지,48330,11300,0,1219,0002,1000000000000000957493,,,,1,용도지역코드,UQA320,일반공업지역,1,0,,일반공업지역,20260831
경상남도 양산시 용당동 1219-2번지,48330,11300,0,1219,0002,1000000000000000957493,,,,3,용도구역코드,UQQ300,지구단위계획구역,1,0,,지구단위계획구역,20260831
경상남도 양산시 용당동 1219-2번지,48330,11300,0,1219,0002,1000000000000000957493,,,,3,용도구역코드,UMZ100,가축사육제한구역,0,0,,가축사육제한구역,20260831
경상남도 양산시 용당동 1219-2번지,48330,11300,0,1219,0002,1000000000000000957493,,,,1,용도지역코드,UM2100,공장설립승인지역,0,0,,공장설립승인지역,20260831
경상남도 양산시 용당동 1219-2번지,48330,11300,0,1219,0002,1000000000000000332015,,,,3,용도구역코드,UMZ100,가축사육제한구역,0,0,,가축사육제한구역,20260713
경상남도 양산시 용당동 1219-2번지,48330,11300,0,1219,0002,1000000000000000332015,,,,1,용도지역코드,UM2100,공장설립승인지역,0,0,,공장설립승인지역,20260713
경상남도 양산시 용당동 1219-2번지,48330,11300,0,1219,0002,1000000000000000332015,,,,3,용도구역코드,UQQ300,지구단위계획구역,1,0,,지구단위계획구역,20260713
경상남도 양산시 용당동 1219-2번지,48330,11300,0,1219,0002,1000000000000000332015,,,,1,용도지역코드,UQA320,일반공업지역,1,0,,일반공업지역,20260713
경상남도 양산시 용당동 1219-2번지,48330,11300,0,1219,0002,1000000000000000323442,,,,3,용도구역코드,UQQ300,지구단위계획구역,1,0,,지구단위계획구역,20230629
경상남도 양산시 용당동 1219-2번지,48330,11300,0,1219,0002,1000000000000000323442,,,,1,용도지역코드,UM2100,공장설립승인지역,0,0,,공장설립승인지역,20230629
경상남도 양산시 용당동 1219-2번지,48330,11300,0,1219,0002,1000000000000000323442,,,,1,용도지역코드,UQA320,일반공업지역,1,0,,일반공업지역,20230629
경상남도 양산시 용당동 1219-2번지,48330,11300,0,1219,0002,1000000000000000323442,,,,3,용도구역코드,UMZ100,가축사육제한구역,0,0,,가축사육제한구역,20230629
경상남도 양산시 용당동 1219-2번지,48330,11300,0,1219,0002,1264100103973,,,,1,용도지역코드,UQA320,일반공업지역,1,0,,일반공업지역,20221008
경상남도 양산시 용당동 1219-2번지,48330,11300,0,1219,0002,1264100132145,,,,1,용도지역코드,UQA300,공업지역,1,0,,공업지역,20230310
경상남도 양산시 용당동 1219-2번지,48330,11300,0,1219,0002,1000000000000000254525,,,,1,용도지역코드,UQA320,일반공업지역,1,0,,일반공업지역,20230609
경상남도 양산시 용당동 1219-2번지,48330,11300,0,1219,0002,1000000000000000254525,,,,1,용도지역코드,UM2100,공장설립승인지역,0,0,,공장설립승인지역,20230609
경상남도 양산시 용당동 1219-2번지,48330,11300,0,1219,0002,1000000000000000254525,,,,3,용도구역코드,UQQ300,지구단위계획구역,1,0,,지구단위계획구역,20230609
경상남도 양산시 용당동 1219-2번지,48330,11300,0,1219,0002,1000000000000000254525,,,,3,용도구역코드,UMZ100,가축사육제한구역,0,0,,가축사육제한구역,20230609
경상남도 양산시 용당동 1219-4번지,48330,11300,0,1219,0004,1264100123539,,,,1,용도지역코드,UQA320,일반공업지역,1,0,,일반공업지역,20221008
경상남도 양산시 용당동 1219-4번지,48330,11300,0,1219,0004,1000000000000001020027,,,,3,용도구역코드,UQQ300,지구단위계획구역,1,0,,지구단위계획구역,20260827
경상남도 양산시 용당동 1219-4번지,48330,11300,0,1219,0004,1000000000000001020027,,,,3,용도구역코드,UMZ100,가축사육제한구역,0,0,,가축사육제한구역,20260827
경상남도 양산시 용당동 1219-4번지,48330,11300,0,1219,0004,1000000000000001020027,,,,1,용도지역코드,UQA320,일반공업지역,1,0,,일반공업지역,20260827
경상남도 양산시 용당동 1219-4번지,48330,11300,0,1219,0004,1000000000000001020027,,,,1,용도지역코드,UM2100,공장설립승인지역,0,0,,공장설립승인지역,20260827
경상남도 양산시 용당동 1219-4번지,48330,11300,0,1219,0004,1000000000000000357688,,,,1,용도지역코드,UQA320,일반공업지역,1,0,,일반공업지역,20240123
경상남도 양산시 용당동 1219-4번지,48330,11300,0,1219,0004,1000000000000000357688,,,,1,용도지역코드,UM2100,공장설립승인지역,0,0,,공장설립승인지역,20240123
경상남도 양산시 용당동 1219-4번지,48330,11300,0,1219,0004,1264100124460,,,,1,용도지역코드,UQA320,일반공업지역,1,0,,일반공업지역,20221008
경상남도 양산시 용당동 1219-4번지,48330,11300,0,1219,0004,1264100154313,,,,1,용도지역코드,UQA320,일반공업지역,1,0,,일반공업지역,20221008
경상남도 양산시 용당동 1220-1번지,48330,11300,0,1220,0001,1264100103533,,,,1,용도지역코드,UQA320,일반공업지역,1,0,,일반공업지역,20221008
경상남도 양산시 용당동 1220-2번지,48330,11300,0,1220,0002,1264100155671,,,,1,용도지역코드,UQA320,일반공업지역,1,0,,일반공업지역,20221008
경상남도 양산시 용당동 1220-3번지,48330,11300,0,1220,0003,1264100114896,,,,1,용도지역코드,UQA320,일반공업지역,1,0,,일반공업지역,20221008
경상남도 양산시 용당동 1220-4번지,48330,11300,0,1220,0004,1264100113776,,,,1,용도지역코드,UQA320,일반공업지역,1,0,,일반공업지역,20221008
경상남도 양산시 용당동 1220-5번지,48330,11300,0,1220,0005,1264100140003,,,,1,용도지역코드,UQA320,일반공업지역,1,0,,일반공업지역,20221008
경상남도 양산시 용당동 1221-1번지,48330,11300,0,1221,0001,1264100142523,,,,1,용도지역코드,UQA320,일반공업지역,1,0,,일반공업지역,20221008
경상남도 양산시 용당동 1221-1번지,48330,11300,0,1221,0001,1264100142523,,,,3,용도구역코드,UQQ300,지구단위계획구역,1,0,,지구단위계획구역,20221008
경상남도 양산시 용당동 1221-1번지,48330,11300,0,1221,0001,1264100118918,,,,1,용도지역코드,UQA320,일반공업지역,1,0,,일반공업지역,20230616
경상남도 양산시 용당동 1221-1번지,48330,11300,0,1221,0001,1264100118918,,,,3,용도구역코드,UQQ300,지구단위계획구역,1,0,,지구단위계획구역,20230616
경상남도 양산시 용당동 1221-1번지,48330,11300,0,1221,0001,1000000000000000876051,,,,3,용도구역코드,UMZ100,가축사육제한구역,0,0,,가축사육제한구역,20260722
경상남도 양산시 용당동 1221-1번지,48330,11300,0,1221,0001,1000000000000000876051,,,,1,용도지역코드,UM2100,공장설립승인지역,0,0,,공장설립승인지역,20260722
경상남도 양산시 용당동 1221-1번지,48330,11300,0,1221,0001,1000000000000000876051,,,,1,용도지역코드,UQA320,일반공업지역,1,0,,일반공업지역,20260722
경상남도 양산시 용당동 1221-1번지,48330,11300,0,1221,0001,1000000000000000876051,,,,3,용도구역코드,UQQ300,지구단위계획구역,1,0,,지구단위계획구역,20260722
경상남도 양산시 용당동 1221-2번지,48330,11300,0,1221,0002,1264100113378,,,,1,용도지역코드,UQA320,일반공업지역,1,0,,일반공업지역,20221008
경상남도 양산시 용당동 1221-3번지,48330,11300,0,1221,0003,1000000000000000906147,,,,1,용도지역코드,UQA320,일반공업지역,1,0,,일반공업지역,20260318
경상남도 양산시 용당동 1221-3번지,48330,11300,0,1221,0003,1000000000000000906147,,,,1,용도지역코드,UM2100,공장설립승인지역,0,0,,공장설립승인지역,20260318
경상남도 양산시 용당동 1221-3번지,48330,11300,0,1221,0003,1000000000000000906147,,,,3,용도구역코드,UQQ300,지구단위계획구역,1,0,,지구단위계획구역,20260318
경상남도 양산시 용당동 1221-5번지,48330,11300,0,1221,0005,1000000000000000956878,,,,1,용도지역코드,UQA320,일반공업지역,1,0,,일반공업지역,20260526
경상남도 양산시 용당동 1221-5번지,48330,11300,0,1221,0005,1000000000000000956878,,,,1,용도지역코드,UM2100,공장설립승인지역,0,0,,공장설립승인지역,20260526
경상남도 양산시 용당동 1221-5번지,48330,11300,0,1221,0005,1000000000000000956878,,,,3,용도구역코드,UQQ300,지구단위계획구역,1,0,,지구단위계획구역,20260526
경상남도 양산시 용당동 1221-5번지,48330,11300,0,1221,0005,1264100156671,,,,1,용도지역코드,UQA320,일반공업지역,1,0,,일반공업지역,20221008
경상남도 양산시 용당동 1221-5번지,48330,11300,0,1221,0005,1264100156671,,,,3,용도구역코드,UQQ300,지구단위계획구역,1,0,,지구단위계획구역,20221008
경상남도 양산시 용당동 1221-5번지,48330,11300,0,1221,0005,1264100141423,,,,1,용도지역코드,UQA320,일반공업지역,1,0,,일반공업지역,20240808
경상남도 양산시 용당동 1221-5번지,48330,11300,0,1221,0005,1264100141423,,,,3,용도구역코드,UQQ300,지구단위계획구역,1,0,,지구단위계획구역,20240808
경상남도 양산시 용당동 1221-9번지,48330,11300,0,1221,0009,1000000000000000407721,,,,1,용도지역코드,UM2100,공장설립승인지역,0,0,,공장설립승인지역,20240104
경상남도 양산시 용당동 1221-9번지,48330,11300,0,1221,0009,1000000000000000407721,,,,1,용도지역코드,UQA320,일반공업지역,1,0,,일반공업지역,20240104
경상남도 양산시 용당동 1221-9번지,48330,11300,0,1221,0009,1000000000000000407721,,,,3,용도구역코드,UQQ300,지구단위계획구역,1,0,,지구단위계획구역,20240104
경상남도 양산시 용당동 1221-9번지,48330,11300,0,1221,0009,1000000000000000336419,,,,3,용도구역코드,UQQ300,지구단위계획구역,1,0,,지구단위계획구역,20230918
경상남도 양산시 용당동 1221-9번지,48330,11300,0,1221,0009,1000000000000000336419,,,,1,용도지역코드,UM2100,공장설립승인지역,0,0,,공장설립승인지역,20230918
경상남도 양산시 용당동 1221-9번지,48330,11300,0,1221,0009,1000000000000000336419,,,,1,용도지역코드,UQA320,일반공업지역,1,0,,일반공업지역,20230918
경상남도 양산시 용당동 1221-9번지,48330,11300,0,1221,0009,1264100128962,,,,1,용도지역코드,UQA320,일반공업지역,1,0,,일반공업지역,20221008
경상남도 양산시 용당동 1221-9번지,48330,11300,0,1221,0009,1264100128962,,,,3,용도구역코드,UQQ300,지구단위계획구역,1,0,,지구단위계획구역,20221008
경상남도 양산시 용당동 1221-10번지,48330,11300,0,1221,0010,1000000000000000678883,,,,1,용도지역코드,UM2100,공장설립승인지역,0,0,,공장설립승인지역,20250312
경상남도 양산시 용당동 1221-10번지,48330,11300,0,1221,0010,1000000000000000678883,,,,1,용도지역코드,UQA320,일반공업지역,1,0,,일반공업지역,20250312
경상남도 양산시 용당동 1221-10번지,48330,11300,0,1221,0010,1000000000000000678883,,,,3,용도구역코드,UQQ300,지구단위계획구역,1,0,,지구단위계획구역,20250312
경상남도 양산시 용당동 1221-10번지,48330,11300,0,1221,0010,1264100099715,,,,1,용도지역코드,UQA320,일반공업지역,1,0,,일반공업지역,20221008
경상남도 양산시 용당동 1221-11번지,48330,11300,0,1221,0011,1000000000000000575894,,,,1,용도지역코드,UQA320,일반공업지역,1,0,,일반공업지역,20240826
경상남도 양산시 용당동 1221-11번지,48330,11300,0,1221,0011,1000000000000000575894,,,,3,용도구역코드,UQQ300,지구단위계획구역,1,0,,지구단위계획구역,20240826
경상남도 양산시 용당동 1221-11번지,48330,11300,0,1221,0011,1000000000000000785219,,,,1,용도지역코드,UQA320,일반공업지역,1,0,,일반공업지역,20250818
경상남도 양산시 용당동 1221-11번지,48330,11300,0,1221,0011,1000000000000000785219,,,,3,용도구역코드,UQQ300,지구단위계획구역,1,0,,지구단위계획구역,20250818
경상남도 양산시 용당동 1221-11번지,48330,11300,0,1221,0011,1264100140183,,,,1,용도지역코드,UQA320,일반공업지역,1,0,,일반공업지역,20240613
경상남도 양산시 용당동 1221-11번지,48330,11300,0,1221,0011,1264100140183,,,,3,용도구역코드,UQQ300,지구단위계획구역,1,0,,지구단위계획구역,20240613
경상남도 양산시 용당동 1221-12번지,48330,11300,0,1221,0012,1264100141505,,,,1,용도지역코드,UQA320,일반공업지역,1,0,,일반공업지역,20221008
경상남도 양산시 용당동 1221-12번지,48330,11300,0,1221,0012,1264100141505,,,,3,용도구역코드,UQQ300,지구단위계획구역,1,0,,지구단위계획구역,20221008
경상남도 양산시 용당동 1223번지,48330,11300,0,1223,0000,1000000000000000404035,,,,1,용도지역코드,UQA001,도시지역,1,0,,도시지역,20231107
경상남도 양산시 용당동 산2번지,48330,11300,1,0002,0000,12642337,,,,1,용도지역코드,1330,자연녹지지역,1,0,,자연녹지지역,20221008
경상남도 양산시 용당동 산2번지,48330,11300,1,0002,0000,1264862,,,,1,용도지역코드,0100,도시지역,1,0,,도시지역,20221008
경상남도 양산시 용당동 산29-4번지,48330,11300,1,0029,0004,1264100146603,,,,1,용도지역코드,UQA430,자연녹지지역,1,0,,자연녹지지역,20221223
경상남도 양산시 용당동 산29-11번지,48330,11300,1,0029,0011,1264100020263,,,,1,용도지역코드,1330,자연녹지지역,1,0,,자연녹지지역,20221008
경상남도 양산시 용당동 산66번지,48330,11300,1,0066,0000,1264100100913,,,,1,용도지역코드,UQA430,자연녹지지역,1,0,,자연녹지지역,20221008
경상남도 양산시 용당동 산66번지,48330,11300,1,0066,0000,1000000000000000564076,,,,1,용도지역코드,UQA430,자연녹지지역,1,0,,자연녹지지역,20250110
경상남도 양산시 용당동 산66번지,48330,11300,1,0066,0000,1000000000000000564076,,,,3,용도구역코드,UFK100,자연휴양림구역,1,0,,자연휴양림,20250110
경상남도 양산시 용당동 산66번지,48330,11300,1,0066,0000,1000000000000000564076,,,,1,용도지역코드,UFM120,공익용산지,0,0,,공익용산지,20250110
경상남도 양산시 용당동 산66번지,48330,11300,1,0066,0000,1000000000000000564076,,,,2,용도지구코드,UFE100,사방지,1,0,,사방지,20250110
경상남도 양산시 용당동 산66번지,48330,11300,1,0066,0000,1264100060572,,,,1,용도지역코드,UQA430,자연녹지지역,1,0,,자연녹지지역,20221008
경상남도 양산시 용당동 산66번지,48330,11300,1,0066,0000,1264100147265,,,,1,용도지역코드,UQA430,자연녹지지역,1,0,,자연녹지지역,20221008
경상남도 양산시 용당동 산66번지,48330,11300,1,0066,0000,1264100049785,,,,1,용도지역코드,UQA430,자연녹지지역,1,0,,자연녹지지역,20221008
경상남도 양산시 용당동 산66번지,48330,11300,1,0066,0000,1264100049785,,,,1,용도지역코드,UFM120,공익용산지,0,0,,공익용산지,20221008
경상남도 양산시 용당동 산66번지,48330,11300,1,0066,0000,1264100049785,,,,2,용도지구코드,UFE100,사방지,1,0,,사방지,20221008
경상남도 양산시 용당동 산66번지,48330,11300,1,0066,0000,1264100049785,,,,3,용도구역코드,UFK100,자연휴양림구역,1,0,,자연휴양림구역,20221008
경상남도 양산시 용당동 산66번지,48330,11300,1,0066,0000,1264100126021,,,,1,용도지역코드,UQA430,자연녹지지역,1,0,,자연녹지지역,20221008
경상남도 양산시 용당동 산66번지,48330,11300,1,0066,0000,1264100126021,,,,1,용도지역코드,UFM120,공익용산지,0,0,,공익용산지,20221008
경상남도 양산시 용당동 산66번지,48330,11300,1,0066,0000,1264100126021,,,,2,용도지구코드,UFE100,사방지,1,0,,사방지,20221008
경상남도 양산시 용당동 산66번지,48330,11300,1,0066,0000,1264100126021,,,,3,용도구역코드,UFK100,자연휴양림구역,1,0,,자연휴양림구역,20221008
경상남도 양산시 용당동 산66번지,48330,11300,1,0066,0000,1264100085586,,,,1,용도지역코드,UQA430,자연녹지지역,1,0,,자연녹지지역,20221008
경상남도 양산시 용당동 산66-1번지,48330,11300,1,0066,0001,1264100111118,,,,1,용도지역코드,UQA430,자연녹지지역,1,0,,자연녹지지역,20221008
경상남도 양산시 용당동 산66-1번지,48330,11300,1,0066,0001,1264100140964,,,,1,용도지역코드,UQA430,자연녹지지역,1,0,,자연녹지지역,20221008
경상남도 양산시 용당동 산66-2번지,48330,11300,1,0066,0002,1264100143323,,,,1,용도지역코드,UQA430,자연녹지지역,1,0,,자연녹지지역,20250110
경상남도 양산시 용당동 산66-2번지,48330,11300,1,0066,0002,1000000000000000284999,,,,1,용도지역코드,UQA430,자연녹지지역,1,0,,자연녹지지역,20230501
경상남도 양산시 용당동 산66-2번지,48330,11300,1,0066,0002,1264100110216,,,,1,용도지역코드,UQA430,자연녹지지역,1,0,,자연녹지지역,20221008
경상남도 양산시 용당동 산66-2번지,48330,11300,1,0066,0002,1264100110216,,,,3,용도구역코드,UFK100,자연휴양림구역,1,0,,자연휴양림구역,20221008
경상남도 양산시 용당동 산67-3번지,48330,11300,1,0067,0003,1000000000000000116973,,,,1,용도지역코드,UQA430,자연녹지지역,1,0,,자연녹지지역,20221106
경상남도 양산시 용당동 산69-1번지,48330,11300,1,0069,0001,1264100082079,,,,1,용도지역코드,UQA420,생산녹지지역,1,0,,생산녹지지역,20221008
경상남도 양산시 용당동 산69-1번지,48330,11300,1,0069,0001,1264100082079,,,,1,용도지역코드,UQA430,자연녹지지역,0,0,,자연녹지지역,20221008
경상남도 양산시 용당동 산69-5번지,48330,11300,1,0069,0005,12647782,,,,1,용도지역코드,1330,자연녹지지역,1,0,,자연녹지지역,20221008
경상남도 양산시 용당동 산80-4번지,48330,11300,1,0080,0004,12649118,,,,1,용도지역코드,1330,자연녹지지역,1,0,,자연녹지지역,20221008
경상남도 양산시 용당동 산80-5번지,48330,11300,1,0080,0005,1264100062399,,,,1,용도지역코드,UQA430,자연녹지지역,1,0,,자연녹지지역,20240108
경상남도 양산시 용당동 산80-11번지,48330,11300,1,0080,0011,12647958,,,,1,용도지역코드,1330,자연녹지지역,1,0,,자연녹지지역,20221008
경상남도 양산시 용당동 산80-20번지,48330,11300,1,0080,0020,1264100094586,,,,1,용도지역코드,UQA430,자연녹지지역,1,0,,자연녹지지역,20221008
경상남도 양산시 용당동 산80-40번지,48330,11300,1,0080,0040,1264100062400,,,,1,용도지역코드,UQA430,자연녹지지역,1,0,,자연녹지지역,20221008
경상남도 양산시 용당동 산80-41번지,48330,11300,1,0080,0041,1264100126521,,,,1,용도지역코드,UQA430,자연녹지지역,1,0,,자연녹지지역,20221008
경상남도 양산시 용당동 산80-41번지,48330,11300,1,0080,0041,1264100042042,,,,1,용도지역코드,UQA430,자연녹지지역,1,0,,자연녹지지역,20221008
경상남도 양산시 용당동 산80-49번지,48330,11300,1,0080,0049,1264100129081,,,,1,용도지역코드,UQA430,자연녹지지역,1,0,,자연녹지지역,20230706
경상남도 양산시 용당동 산80-57번지,48330,11300,1,0080,0057,1264100135103,,,,3,용도구역코드,UMZ100,가축사육제한구역,1,0,,가축사육제한구역,20230615
경상남도 양산시 용당동 산80-57번지,48330,11300,1,0080,0057,1264100135103,,,,1,용도지역코드,UQA430,자연녹지지역,1,0,,자연녹지지역,20230615
경상남도 양산시 용당동 산80-57번지,48330,11300,1,0080,0057,1264100135103,,,,1,용도지역코드,UM2100,공장설립승인지역,0,0,,공장설립승인지역,20230615
경상남도 양산시 용당동 산89-2번지,48330,11300,1,0089,0002,12641274,89-2,,,1,용도지역코드,1330,자연녹지지역,1,0,,자연녹지지역,20221008
경상남도 양산시 용당동 산116-3번지,48330,11300,1,0116,0003,1264100092888,,,,1,용도지역코드,UQA430,자연녹지지역,1,0,,자연녹지지역,20221008
경상남도 양산시 용당동 산116-3번지,48330,11300,1,0116,0003,1264100092888,,,,1,용도지역코드,UM2100,공장설립승인지역,0,0,,공장설립승인지역,20221008
경상남도 양산시 용당동 산116-3번지,48330,11300,1,0116,0003,1264100092888,,,,2,용도지구코드,UQM110,자연취락지구,1,0,,자연취락지구,20221008
경상남도 양산시 용당동 산116-3번지,48330,11300,1,0116,0003,1264100093642,,,,1,용도지역코드,UQA430,자연녹지지역,1,0,,자연녹지지역,20221008
경상남도 양산시 용당동 산116-3번지,48330,11300,1,0116,0003,1264100093642,,,,1,용도지역코드,UM2100,공장설립승인지역,0,0,,공장설립승인지역,20221008
경상남도 양산시 용당동 산116-3번지,48330,11300,1,0116,0003,1264100093642,,,,2,용도지구코드,UQM110,자연취락지구,1,0,,자연취락지구,20221008
경상남도 양산시 용당동 산116-5번지,48330,11300,1,0116,0005,1264100104733,,,,1,용도지역코드,UQA430,자연녹지지역,1,0,,자연녹지지역,20221008
경상남도 양산시 용당동 산116-5번지,48330,11300,1,0116,0005,1264100104733,,,,1,용도지역코드,UM2100,공장설립승인지역,0,0,,공장설립승인지역,20221008
경상남도 양산시 용당동 산116-5번지,48330,11300,1,0116,0005,1264100104733,,,,2,용도지구코드,UQM110,자연취락지구,1,0,,자연취락지구,20221008
경상남도 양산시 용당동 산116-5번지,48330,11300,1,0116,0005,1264100092886,,,,1,용도지역코드,UQA430,자연녹지지역,1,0,,자연녹지지역,20221008
경상남도 양산시 용당동 산116-5번지,48330,11300,1,0116,0005,1264100092886,,,,1,용도지역코드,UM2100,공장설립승인지역,0,0,,공장설립승인지역,20221008
경상남도 양산시 용당동 산116-5번지,48330,11300,1,0116,0005,1264100092886,,,,2,용도지구코드,UQM110,자연취락지구,1,0,,자연취락지구,20221008
경상남도 양산시 용당동 산116-5번지,48330,11300,1,0116,0005,1264100106833,,,,1,용도지역코드,UQA430,자연녹지지역,1,0,,자연녹지지역,20221008
경상남도 양산시 용당동 산116-5번지,48330,11300,1,0116,0005,1264100106833,,,,1,용도지역코드,UM2100,공장설립승인지역,0,0,,공장설립승인지역,20221008
경상남도 양산시 용당동 산116-5번지,48330,11300,1,0116,0005,1264100106833,,,,2,용도지구코드,UQM110,자연취락지구,1,0,,자연취락지구,20221008
경상남도 양산시 용당동 산116-8번지,48330,11300,1,0116,0008,1264100104393,,,,1,용도지역코드,UQA430,자연녹지지역,1,0,,자연녹지지역,20221008
경상남도 양산시 용당동 산116-8번지,48330,11300,1,0116,0008,1264100104393,,,,1,용도지역코드,UM2100,공장설립승인지역,0,0,,공장설립승인지역,20221008
경상남도 양산시 용당동 산116-8번지,48330,11300,1,0116,0008,1264100104393,,,,2,용도지구코드,UQM110,자연취락지구,1,0,,자연취락지구,20221008
경상남도 양산시 용당동 산116-10번지,48330,11300,1,0116,0010,1264100108980,,,,1,용도지역코드,UQA430,자연녹지지역,1,0,,자연녹지지역,20221008
경상남도 양산시 용당동 산116-10번지,48330,11300,1,0116,0010,1264100108980,,,,1,용도지역코드,UM2100,공장설립승인지역,0,0,,공장설립승인지역,20221008
경상남도 양산시 용당동 산116-10번지,48330,11300,1,0116,0010,1264100108980,,,,2,용도지구코드,UQM110,자연취락지구,1,0,,자연취락지구,20221008
경상남도 양산시 용당동 블록,48330,11300,2,0000,0000,1264100099153,용당일반산업단지,F-5,,1,용도지역코드,UQA320,일반공업지역,1,0,,일반공업지역,20221008
경상남도 양산시 용당동 블록,48330,11300,2,0000,0000,1264100094262,용당일반산업단지,B-5,,1,용도지역코드,UQA320,일반공업지역,1,0,,일반공업지역,20221008
경상남도 양산시 용당동 블록,48330,11300,2,0000,0000,1264100092445,용당일반산업단지,E-2,,1,용도지역코드,UQA320,일반공업지역,1,0,,일반공업지역,20221008
경상남도 양산시 용당동 블록,48330,11300,2,0000,0000,1264100092422,용당일반산업단지,B-2,,1,용도지역코드,UQA320,일반공업지역,1,0,,일반공업지역,20221008
경상남도 양산시 용당동 블록,48330,11300,2,0000,0000,1264100094647,용당일반산업단지,G-7,,1,용도지역코드,UQA320,일반공업지역,1,0,,일반공업지역,20221008
경상남도 양산시 용당동 블록,48330,11300,2,0000,0000,1264100094647,용당일반산업단지,G-7,,3,용도구역코드,UQQ300,지구단위계획구역,1,0,,지구단위계획구역,20221008
경상남도 양산시 용당동 블록,48330,11300,2,0000,0000,1264100093941,용당일반산업단지,E,1,1,용도지역코드,UQA320,일반공업지역,1,0,,일반공업지역,20221008
경상남도 양산시 용당동 블록,48330,11300,2,0000,0000,1264100090361,용당일반산업단지,G-3,,1,용도지역코드,UQA320,일반공업지역,1,0,,일반공업지역,20221008
경상남도 양산시 용당동 블록,48330,11300,2,0000,0000,1264100094646,용당일반산업단지,G-9,,1,용도지역코드,UQA300,공업지역,1,0,,공업지역,20221008
경상남도 양산시 용당동 블록,48330,11300,2,0000,0000,1264100092447,용당일반산업단지,G-4,,1,용도지역코드,UQA320,일반공업지역,1,0,,일반공업지역,20221008
경상남도 양산시 용당동 블록,48330,11300,2,0000,0000,1264100105354,용당일반산업단지,G-1,,1,용도지역코드,UQA320,일반공업지역,1,0,,일반공업지역,20221008
경상남도 양산시 용당동 블록,48330,11300,2,0000,0000,1264100098074,용당일반산업단지,E-3,,3,용도구역코드,UQQ300,지구단위계획구역,1,0,,지구단위계획구역,20221008
경상남도 양산시 용당동 블록,48330,11300,2,0000,0000,1264100101614,용당일반산업단지,G5,,1,용도지역코드,UQA320,일반공업지역,1,0,,일반공업지역,20221008
경상남도 양산시 용당동 블록,48330,11300,2,0000,0000,1264100098074,용당일반산업단지,E-3,,1,용도지역코드,UQA320,일반공업지역,1,0,,일반공업지역,20221008
경상남도 양산시 용당동 블록,48330,11300,2,0000,0000,1264100098074,용당일반산업단지,E-3,,1,용도지역코드,UM2100,공장설립승인지역,0,0,,공장설립승인지역,20221008
경상남도 양산시 용당동 블록,48330,11300,2,0000,0000,1264100109176,용당일반산업단지,F-3,,1,용도지역코드,UQA320,일반공업지역,1,0,,일반공업지역,20221008
경상남도 양산시 용당동 블록,48330,11300,2,0000,0000,1264100093263,용당일반산업단지,D-2,,1,용도지역코드,UQA320,일반공업지역,1,0,,일반공업지역,20221008
경상남도 양산시 용당동 블록,48330,11300,2,0000,0000,1264100113977,용당일반산업단지,D-3,,1,용도지역코드,UQA320,일반공업지역,1,0,,일반공업지역,20221008
경상남도 양산시 용당동 블록,48330,11300,2,0000,0000,1264100099853,용당일반산업단지,B-4,,1,용도지역코드,UQA320,일반공업지역,1,0,,일반공업지역,20221008
경상남도 양산시 용당동 블록,48330,11300,2,0000,0000,1264100089622,용당일반산업단지,B-1,,1,용도지역코드,UQA300,공업지역,1,0,,공업지역,20221008
경상남도 양산시 용당동 블록,48330,11300,2,0000,0000,1264100101913,용당일반산업단지,G-10BL,,1,용도지역코드,UQA320,일반공업지역,1,0,,일반공업지역,20221008
경상남도 양산시 용당동 블록,48330,11300,2,0000,0000,1264100101793,용당일반산업단지,F-2,,1,용도지역코드,UQA320,일반공업지역,1,0,,일반공업지역,20221008
