대지위치,시군구코드,법정동코드,대지구분코드,번,지,관리허가대장PK,특수지명,블록,로트,지역지구구역구분코드,지역지구구역구분코드명,지역지구구역코드,지역지구구역코드명,대표여부,주동구분코드,주동구분코드명,지역지구구역명,생성일자
경상남도 양산시 북정동 ,48330,10700,0,0000,0000,12645860,북정2지구토지구획정리사업지구내,18,4,1,용도지역코드,1020,일반주거지역,1,0,,일반주거지역,20221008
경상남도 양산시 북정동 ,48330,10700,0,0000,0000,12644632,,31,4,1,용도지역코드,1020,일반주거지역,1,0,,일반주거지역,20221008
경상남도 양산시 북정동 ,48330,10700,0,0000,0000,12645535,북정2지구,25,"3,12",1,용도지역코드,1020,일반주거지역,0,0,,일반주거지역,20221008
경상남도 양산시 북정동 ,48330,10700,0,0000,0000,12645535,북정2지구,25,"3,12",1,용도지역코드,1022,제2종일반주거지역,1,0,,제2종일반주거지역,20221008
경상남도 양산시 북정동 ,48330,10700,0,0000,0000,12645535,북정2지구,25,"3,12",2,용도지구코드,340,토지구획정리사업지구,1,0,,토지구획정리사업지구,20221008
경상남도 양산시 북정동 ,48330,10700,0,0000,0000,12645707,북정2지구 구획정리사업지구,2-1,4,1,용도지역코드,1022,제2종일반주거지역,1,0,,제2종일반주거지역,20221008
경상남도 양산시 북정동 ,48330,10700,0,0000,0000,12645707,북정2지구 구획정리사업지구,2-1,4,2,용도지구코드,340,토지구획정리사업지구,1,0,,토지구획정리사업지구,20221008
경상남도 양산시 북정동 ,48330,10700,0,0000,0000,12645719,북정2지구 토지구획정리사업지구,31,3,1,용도지역코드,1022,제2종일반주거지역,1,0,,제2종일반주거지역,20221008
경상남도 양산시 북정동 ,48330,10700,0,0000,0000,12645719,북정2지구 토지구획정리사업지구,31,3,2,용도지구코드,340,토지구획정리사업지구,1,0,,토지구획정리사업지구,20221008
경상남도 양산시 북정동 ,48330,10700,0,0000,0000,12648470,북정2토지구획정리사업지구,17B,3L,1,용도지역코드,1022,제2종일반주거지역,1,0,,제2종일반주거지역,20221008
경상남도 양산시 북정동 ,48330,10700,0,0000,0000,12648470,북정2토지구획정리사업지구,17B,3L,2,용도지구코드,340,토지구획정리사업지구,1,0,,토지구획정리사업지구,20221008
경상남도 양산시 북정동 ,48330,10700,0,0000,0000,12642750,1B 4-2L,,,1,용도지역코드,1020,일반주거지역,1,0,,일반주거지역,20221008
경상남도 양산시 북정동 ,48330,10700,0,0000,0000,12642405,2블럭 1롯트,,,1,용도지역코드,1020,일반주거지역,1,0,,일반주거지역,20221008
경상남도 양산시 북정동 1-1번지,48330,10700,0,0001,0001,1264100023909,,,,1,용도지역코드,UQA320,일반공업지역,1,0,,일반공업지역,20221008
경상남도 양산시 북정동 1-2번지,48330,10700,0,0001,0002,126499,,,,1,용도지역코드,1220,일반공업지역,1,0,,일반공업지역,20221008
경상남도 양산시 북정동 1-3번지,48330,10700,0,0001,0003,12648381,,,,1,용도지역코드,1220,일반공업지역,1,0,,일반공업지역,20221008
경상남도 양산시 북정동 1-3번지,48330,10700,0,0001,0003,12648381,,,,3,용도구역코드,010,도시계획구역,1,0,,도시계획구역,20221008
경상남도 양산시 북정동 1-3번지,48330,10700,0,0001,0003,12644626,북정2지구구획정리사업지구내,1,3,1,용도지역코드,1022,제2종일반주거지역,1,0,,제2종일반주거지역,20221008
경상남도 양산시 북정동 2번지,48330,10700,0,0002,0000,12645313,,,,1,용도지역코드,1220,일반공업지역,1,0,,일반공업지역,20221008
경상남도 양산시 북정동 2번지,48330,10700,0,0002,0000,12641968,경상남도 양산시 북정동,2,,1,용도지역코드,1220,일반공업지역,1,0,,일반공업지역,20221008
경상남도 양산시 북정동 2번지,48330,10700,0,0002,0000,12641943,경상남도 양산시 북정동,2,,1,용도지역코드,1220,일반공업지역,1,0,,일반공업지역,20221008
경상남도 양산시 북정동 2-10번지,48330,10700,0,0002,0010,12647575,양산시 북정2지구 토지구획정리사업지구,2,10,1,용도지역코드,1020,일반주거지역,1,0,,일반주거지역,20221008
경상남도 양산시 북정동 2-10번지,48330,10700,0,0002,0010,12647575,양산시 북정2지구 토지구획정리사업지구,2,10,2,용도지구코드,340,토지구획정리사업지구,1,0,,토지구획정리사업지구,20221008
경상남도 양산시 북정동 3-1번지,48330,10700,0,0003,0001,12644676,북정2지구 토지구획정리사업지구내,3,1,1,용도지역코드,1030,준주거지역,1,0,,준주거지역,20221008
경상남도 양산시 북정동 3-1번지,48330,10700,0,0003,0001,12644676,북정2지구 토지구획정리사업지구내,3,1,2,용도지구코드,340,토지구획정리사업지구,1,0,,토지구획정리사업지구,20221008
경상남도 양산시 북정동 4-4번지,48330,10700,0,0004,0004,12642606,,,,1,용도지역코드,1220,일반공업지역,1,0,,일반공업지역,20221008
경상남도 양산시 북정동 4-4번지,48330,10700,0,0004,0004,1264100048845,,,,1,용도지역코드,UQA300,공업지역,1,0,,공업지역,20221008
경상남도 양산시 북정동 4-4번지,48330,10700,0,0004,0004,1000000000000000208942,,,,1,용도지역코드,UQA320,일반공업지역,1,0,,일반공업지역,20230208
경상남도 양산시 북정동 4-4번지,48330,10700,0,0004,0004,12647670,,,,1,용도지역코드,1220,일반공업지역,1,0,,일반공업지역,20221008
경상남도 양산시 북정동 5-1번지,48330,10700,0,0005,0001,12648182,,,,1,용도지역코드,1220,일반공업지역,1,0,,일반공업지역,20221008
경상남도 양산시 북정동 5-1번지,48330,10700,0,0005,0001,12648097,,,,1,용도지역코드,1220,일반공업지역,1,0,,일반공업지역,20221008
경상남도 양산시 북정동 5-1번지,48330,10700,0,0005,0001,12648097,,,,3,용도구역코드,010,도시계획구역,1,0,,도시계획구역,20221008
경상남도 양산시 북정동 5-4번지,48330,10700,0,0005,0004,12647380,,,,1,용도지역코드,1220,일반공업지역,1,0,,일반공업지역,20221008
경상남도 양산시 북정동 5-4번지,48330,10700,0,0005,0004,12647380,,,,3,용도구역코드,010,도시계획구역,1,0,,도시계획구역,20221008
경상남도 양산시 북정동 5-4번지,48330,10700,0,0005,0004,1264100134305,,,,1,용도지역코드,UQA320,일반공업지역,1,0,,일반공업지역,20221008
경상남도 양산시 북정동 5-4번지,48330,10700,0,0005,0004,1264100074239,,,,1,용도지역코드,UQA320,일반공업지역,1,0,,일반공업지역,20221008
경상남도 양산시 북정동 5-4번지,48330,10700,0,0005,0004,1264100134184,,,,1,용도지역코드,UQA320,일반공업지역,1,0,,일반공업지역,20221008
경상남도 양산시 북정동 5-4번지,48330,10700,0,0005,0004,12648519,,,,1,용도지역코드,1220,일반공업지역,1,0,,일반공업지역,20221008
경상남도 양산시 북정동 5-4번지,48330,10700,0,0005,0004,12648519,,,,3,용도구역코드,010,도시계획구역,1,0,,도시계획구역,20221008
경상남도 양산시 북정동 8번지,48330,10700,0,0008,0000,1264100130283,,,,1,용도지역코드,UQA320,일반공업지역,1,0,,일반공업지역,20221008
경상남도 양산시 북정동 8번지,48330,10700,0,0008,0000,1000000000000000828806,,,,3,용도구역코드,UMZ100,가축사육제한구역,1,0,,가축사육제한구역,20251027
경상남도 양산시 북정동 8번지,48330,10700,0,0008,0000,1000000000000000828806,,,,1,용도지역코드,UQA320,일반공업지역,1,0,,일반공업지역,20251027
경상남도 양산시 북정동 8번지,48330,10700,0,0008,0000,12641456,"2, 8, 19-1, 103, 102-5, 115-3, 115-5, 840번지",,,1,용도지역코드,1220,일반공업지역,1,0,,일반공업지역,20221008
경상남도 양산시 북정동 8번지,48330,10700,0,0008,0000,12649836,,,,1,용도지역코드,1220,일반공업지역,1,0,,일반공업지역,20221008
경상남도 양산시 북정동 8번지,48330,10700,0,0008,0000,12646062,,,,1,용도지역코드,1220,일반공업지역,1,0,,일반공업지역,20221008
경상남도 양산시 북정동 8번지,48330,10700,0,0008,0000,12648253,,,,1,용도지역코드,1220,일반공업지역,1,0,,일반공업지역,20221008
경상남도 양산시 북정동 8번지,48330,10700,0,0008,0000,1264100150850,,,,1,용도지역코드,UQA320,일반공업지역,1,0,,일반공업지역,20221008
경상남도 양산시 북정동 8번지,48330,10700,0,0008,0000,1264100150851,,,,1,용도지역코드,UQA320,일반공업지역,1,0,,일반공업지역,20221008
경상남도 양산시 북정동 8번지,48330,10700,0,0008,0000,1264100069199,,,,1,용도지역코드,UQA320,일반공업지역,1,0,,일반공업지역,20221008
경상남도 양산시 북정동 8번지,48330,10700,0,0008,0000,1264100124139,,,,1,용도지역코드,UQA320,일반공업지역,1,0,,일반공업지역,20221008
경상남도 양산시 북정동 8번지,48330,10700,0,0008,0000,1264100069159,,,,1,용도지역코드,UQA320,일반공업지역,1,0,,일반공업지역,20221008
경상남도 양산시 북정동 8번지,48330,10700,0,0008,0000,1264100136746,,,,1,용도지역코드,UQA320,일반공업지역,1,0,,일반공업지역,20221008
경상남도 양산시 북정동 8번지,48330,10700,0,0008,0000,1264100136746,,,,3,용도구역코드,UMZ100,가축사육제한구역,1,0,,가축사육제한구역,20221008
경상남도 양산시 북정동 8번지,48330,10700,0,0008,0000,1264100064820,,,,1,용도지역코드,UQA320,일반공업지역,1,0,,일반공업지역,20221008
경상남도 양산시 북정동 8번지,48330,10700,0,0008,0000,1264100141483,,,,1,용도지역코드,UQA320,일반공업지역,1,0,,일반공업지역,20221008
경상남도 양산시 북정동 8번지,48330,10700,0,0008,0000,1264100126724,,,,1,용도지역코드,UQA320,일반공업지역,1,0,,일반공업지역,20221008
경상남도 양산시 북정동 8번지,48330,10700,0,0008,0000,12641007,경상남도 양산시 북정동,8,,1,용도지역코드,1220,일반공업지역,1,0,,일반공업지역,20221008
경상남도 양산시 북정동 8번지,48330,10700,0,0008,0000,12641407,"2,8,19-1,103,102-5,115-3,115-5,840번지",,,1,용도지역코드,1220,일반공업지역,1,0,,일반공업지역,20221008
경상남도 양산시 북정동 17-2번지,48330,10700,0,0017,0002,12647393,북정2지구 토지구획정리사업지구,,,1,용도지역코드,1020,일반주거지역,1,0,,일반주거지역,20221008
경상남도 양산시 북정동 21-1번지,48330,10700,0,0021,0001,1000000000000000957965,,,,1,용도지역코드,UQA320,일반공업지역,1,0,,일반공업지역,20260527
경상남도 양산시 북정동 21-1번지,48330,10700,0,0021,0001,1000000000000000881118,,,,1,용도지역코드,UQA320,일반공업지역,1,0,,일반공업지역,20260305
경상남도 양산시 북정동 21-1번지,48330,10700,0,0021,0001,1000000000000000846370,,,,1,용도지역코드,UQA320,일반공업지역,1,0,,일반공업지역,20251229
경상남도 양산시 북정동 21-1번지,48330,10700,0,0021,0001,1000000000000000869581,,,,1,용도지역코드,UQA320,일반공업지역,1,0,,일반공업지역,20260102
경상남도 양산시 북정동 21-1번지,48330,10700,0,0021,0001,1000000000000000878196,,,,1,용도지역코드,UQA320,일반공업지역,1,0,,일반공업지역,20260121
경상남도 양산시 북정동 21-1번지,48330,10700,0,0021,0001,1264100158131,,,,3,용도구역코드,UMZ100,가축사육제한구역,1,0,,가축사육제한구역,20251010
경상남도 양산시 북정동 21-1번지,48330,10700,0,0021,0001,1264100158131,,,,1,용도지역코드,UQA320,일반공업지역,1,0,,일반공업지역,20251010
경상남도 양산시 북정동 21-1번지,48330,10700,0,0021,0001,1264100158132,,,,1,용도지역코드,UQA320,일반공업지역,1,0,,일반공업지역,20221008
경상남도 양산시 북정동 21-1번지,48330,10700,0,0021,0001,1264100158132,,,,3,용도구역코드,UMZ100,가축사육제한구역,1,0,,가축사육제한구역,20221008
경상남도 양산시 북정동 21-1번지,48330,10700,0,0021,0001,1264100115037,,,,1,용도지역코드,UQA320,일반공업지역,1,0,,일반공업지역,20221008
경상남도 양산시 북정동 21-1번지,48330,10700,0,0021,0001,1264100040842,,,,1,용도지역코드,UQA320,일반공업지역,1,0,,일반공업지역,20221008
경상남도 양산시 북정동 21-1번지,48330,10700,0,0021,0001,1264100021157,,,,1,용도지역코드,1220,일반공업지역,1,0,,일반공업지역,20221008
경상남도 양산시 북정동 23번지,48330,10700,0,0023,0000,1264100154352,,,,1,용도지역코드,UQA320,일반공업지역,1,0,,일반공업지역,20221008
경상남도 양산시 북정동 23-1번지,48330,10700,0,0023,0001,1264100125721,,,,1,용도지역코드,UQA320,일반공업지역,1,0,,일반공업지역,20221008
경상남도 양산시 북정동 23-1번지,48330,10700,0,0023,0001,1264100032097,,,,1,용도지역코드,UQA320,일반공업지역,1,0,,일반공업지역,20221008
경상남도 양산시 북정동 23-2번지,48330,10700,0,0023,0002,1264100008595,,,,1,용도지역코드,1220,일반공업지역,1,0,,일반공업지역,20221008
경상남도 양산시 북정동 23-2번지,48330,10700,0,0023,0002,1264100022548,,,,1,용도지역코드,UQA320,일반공업지역,1,0,,일반공업지역,20221008
경상남도 양산시 북정동 23-2번지,48330,10700,0,0023,0002,1264100051829,,,,1,용도지역코드,UQA320,일반공업지역,1,0,,일반공업지역,20221008
경상남도 양산시 북정동 23-2번지,48330,10700,0,0023,0002,1264100024389,,,,1,용도지역코드,UQA320,일반공업지역,1,0,,일반공업지역,20221008
경상남도 양산시 북정동 23-2번지,48330,10700,0,0023,0002,1264100006487,,,,1,용도지역코드,1220,일반공업지역,1,0,,일반공업지역,20221008
경상남도 양산시 북정동 23-2번지,48330,10700,0,0023,0002,1264100022001,,,,1,용도지역코드,UQA320,일반공업지역,1,0,,일반공업지역,20221008
경상남도 양산시 북정동 23-2번지,48330,10700,0,0023,0002,1264100008596,,,,1,용도지역코드,1220,일반공업지역,1,0,,일반공업지역,20221008
경상남도 양산시 북정동 23-3번지,48330,10700,0,0023,0003,1000000000000000276651,,,,1,용도지역코드,UQA320,일반공업지역,1,0,,일반공업지역,20260310
경상남도 양산시 북정동 23-3번지,48330,10700,0,0023,0003,1000000000000000276651,,,,3,용도구역코드,UMZ100,가축사육제한구역,1,0,,가축사육제한구역,20260310
경상남도 양산시 북정동 23-3번지,48330,10700,0,0023,0003,1264100004848,,,,1,용도지역코드,1220,일반공업지역,1,0,,일반공업지역,20221008
경상남도 양산시 북정동 23-3번지,48330,10700,0,0023,0003,1264100133166,,,,1,용도지역코드,UQA320,일반공업지역,1,0,,일반공업지역,20221008
경상남도 양산시 북정동 23-10번지,48330,10700,0,0023,0010,1264100009890,,,,1,용도지역코드,1220,일반공업지역,1,0,,일반공업지역,20221008
경상남도 양산시 북정동 23-10번지,48330,10700,0,0023,0010,1264100019376,,,,1,용도지역코드,1220,일반공업지역,1,0,,일반공업지역,20221008
경상남도 양산시 북정동 23-10번지,48330,10700,0,0023,0010,1264100018576,,,,1,용도지역코드,1220,일반공업지역,1,0,,일반공업지역,20221008
경상남도 양산시 북정동 23-15번지,48330,10700,0,0023,0015,1264100009290,,,,1,용도지역코드,1220,일반공업지역,1,0,,일반공업지역,20221008
경상남도 양산시 북정동 23-17번지,48330,10700,0,0023,0017,1264100004847,,,,1,용도지역코드,1220,일반공업지역,1,0,,일반공업지역,20221008
경상남도 양산시 북정동 23-17번지,48330,10700,0,0023,0017,1264100004847,,,,2,용도지구코드,,,1,0,,,20221008
경상남도 양산시 북정동 23-18번지,48330,10700,0,0023,0018,1264100010710,,,,1,용도지역코드,1220,일반공업지역,1,0,,일반공업지역,20221008
경상남도 양산시 북정동 23-25번지,48330,10700,0,0023,0025,1264100059312,,,,1,용도지역코드,UQA320,일반공업지역,1,0,,일반공업지역,20221008
경상남도 양산시 북정동 23-25번지,48330,10700,0,0023,0025,1264100011591,,,,1,용도지역코드,1220,일반공업지역,1,0,,일반공업지역,20221008
경상남도 양산시 북정동 23-28번지,48330,10700,0,0023,0028,1264100012550,,,,1,용도지역코드,1220,일반공업지역,1,0,,일반공업지역,20221008
경상남도 양산시 북정동 23-28번지,48330,10700,0,0023,0028,1264100009952,,,,1,용도지역코드,1220,일반공업지역,1,0,,일반공업지역,20221008
경상남도 양산시 북정동 23-29번지,48330,10700,0,0023,0029,1264100048245,,,,1,용도지역코드,UQA320,일반공업지역,1,0,,일반공업지역,20221008
경상남도 양산시 북정동 23-29번지,48330,10700,0,0023,0029,1264100033044,,,,1,용도지역코드,UQA320,일반공업지역,1,0,,일반공업지역,20221008
경상남도 양산시 북정동 23-29번지,48330,10700,0,0023,0029,1264100027469,,,,1,용도지역코드,UQA320,일반공업지역,1,0,,일반공업지역,20221008
경상남도 양산시 북정동 23-29번지,48330,10700,0,0023,0029,1264100049306,,,,1,용도지역코드,UQA320,일반공업지역,1,0,,일반공업지역,20221008
경상남도 양산시 북정동 23-29번지,48330,10700,0,0023,0029,1264100013492,,,,1,용도지역코드,1220,일반공업지역,1,0,,일반공업지역,20221008
경상남도 양산시 북정동 23-29번지,48330,10700,0,0023,0029,1264100009953,,,,1,용도지역코드,1220,일반공업지역,1,0,,일반공업지역,20221008
경상남도 양산시 북정동 23-37번지,48330,10700,0,0023,0037,1264100052487,,,,1,용도지역코드,UQA320,일반공업지역,1,0,,일반공업지역,20221008
경상남도 양산시 북정동 23-44번지,48330,10700,0,0023,0044,1000000000000000523377,,,,1,용도지역코드,UQA320,일반공업지역,1,0,,일반공업지역,20240524
경상남도 양산시 북정동 23-44번지,48330,10700,0,0023,0044,1264100146043,,,,1,용도지역코드,UQA320,일반공업지역,1,0,,일반공업지역,20260604
경상남도 양산시 북정동 23-44번지,48330,10700,0,0023,0044,1000000000000000211863,,,,1,용도지역코드,UQA320,일반공업지역,1,0,,일반공업지역,20230110
경상남도 양산시 북정동 23-44번지,48330,10700,0,0023,0044,1000000000000000218673,,,,1,용도지역코드,UQA320,일반공업지역,1,0,,일반공업지역,20230120
경상남도 양산시 북정동 23-44번지,48330,10700,0,0023,0044,1000000000000000311776,,,,1,용도지역코드,UQA320,일반공업지역,1,0,,일반공업지역,20230609
경상남도 양산시 북정동 23-44번지,48330,10700,0,0023,0044,1000000000000000347513,,,,1,용도지역코드,UQA320,일반공업지역,1,0,,일반공업지역,20230801
경상남도 양산시 북정동 23-44번지,48330,10700,0,0023,0044,1000000000000000496060,,,,1,용도지역코드,UQA320,일반공업지역,1,0,,일반공업지역,20240607
경상남도 양산시 북정동 23-44번지,48330,10700,0,0023,0044,1000000000000000367618,,,,1,용도지역코드,UQA320,일반공업지역,1,0,,일반공업지역,20230906
경상남도 양산시 북정동 23-44번지,48330,10700,0,0023,0044,1264100131123,,,,1,용도지역코드,UQA320,일반공업지역,1,0,,일반공업지역,20221008
경상남도 양산시 북정동 23-44번지,48330,10700,0,0023,0044,1000000000000000962780,,,,1,용도지역코드,UQA320,일반공업지역,1,0,,일반공업지역,20260604
경상남도 양산시 북정동 23-44번지,48330,10700,0,0023,0044,1264100147107,,,,1,용도지역코드,UQA320,일반공업지역,1,0,,일반공업지역,20221008
경상남도 양산시 북정동 23-44번지,48330,10700,0,0023,0044,1264100124839,,,,1,용도지역코드,UQA320,일반공업지역,1,0,,일반공업지역,20221008
경상남도 양산시 북정동 23-44번지,48330,10700,0,0023,0044,1264100112820,,,,1,용도지역코드,UQA320,일반공업지역,1,0,,일반공업지역,20221008
경상남도 양산시 북정동 23-44번지,48330,10700,0,0023,0044,1264100093603,,,,1,용도지역코드,UQA320,일반공업지역,1,0,,일반공업지역,20221008
경상남도 양산시 북정동 23-44번지,48330,10700,0,0023,0044,1264100127481,,,,1,용도지역코드,UQA320,일반공업지역,1,0,,일반공업지역,20221008
경상남도 양산시 북정동 23-44번지,48330,10700,0,0023,0044,1264100114878,,,,1,용도지역코드,UQA320,일반공업지역,1,0,,일반공업지역,20221008
경상남도 양산시 북정동 23-44번지,48330,10700,0,0023,0044,1264100106794,,,,1,용도지역코드,UQA320,일반공업지역,1,0,,일반공업지역,20221008
경상남도 양산시 북정동 23-44번지,48330,10700,0,0023,0044,1264100107213,,,,1,용도지역코드,UQA320,일반공업지역,1,0,,일반공업지역,20221008
경상남도 양산시 북정동 23-44번지,48330,10700,0,0023,0044,1264100088241,,,,1,용도지역코드,UQA320,일반공업지역,1,0,,일반공업지역,20221008
경상남도 양산시 북정동 23-44번지,48330,10700,0,0023,0044,1264100105954,,,,1,용도지역코드,UQA320,일반공업지역,1,0,,일반공업지역,20221008
경상남도 양산시 북정동 23-44번지,48330,10700,0,0023,0044,1264100036152,,,,1,용도지역코드,UQA320,일반공업지역,1,0,,일반공업지역,20221008
경상남도 양산시 북정동 23-44번지,48330,10700,0,0023,0044,1264100008598,,,,1,용도지역코드,1220,일반공업지역,1,0,,일반공업지역,20221008
경상남도 양산시 북정동 23-44번지,48330,10700,0,0023,0044,1000000000000000357272,,,,1,용도지역코드,UQA320,일반공업지역,1,0,,일반공업지역,20230820
경상남도 양산시 북정동 23-45번지,48330,10700,0,0023,0045,1264100030656,,,,1,용도지역코드,UQA320,일반공업지역,1,0,,일반공업지역,20221008
경상남도 양산시 북정동 23-48번지,48330,10700,0,0023,0048,1264100032100,,,,1,용도지역코드,UQA320,일반공업지역,1,0,,일반공업지역,20221008
경상남도 양산시 북정동 23-48번지,48330,10700,0,0023,0048,1264100034615,,,,1,용도지역코드,UQA320,일반공업지역,1,0,,일반공업지역,20221008
경상남도 양산시 북정동 23-49번지,48330,10700,0,0023,0049,1264100032099,,,,1,용도지역코드,UQA320,일반공업지역,1,0,,일반공업지역,20221008
경상남도 양산시 북정동 23-50번지,48330,10700,0,0023,0050,1264100032098,,,,1,용도지역코드,UQA320,일반공업지역,1,0,,일반공업지역,20221008
경상남도 양산시 북정동 23-50번지,48330,10700,0,0023,0050,1264100038892,,,,1,용도지역코드,UQA320,일반공업지역,1,0,,일반공업지역,20221008
경상남도 양산시 북정동 23-50번지,48330,10700,0,0023,0050,1264100040218,,,,1,용도지역코드,UQA320,일반공업지역,1,0,,일반공업지역,20221008
경상남도 양산시 북정동 23-51번지,48330,10700,0,0023,0051,1264100042422,,,,1,용도지역코드,UQA320,일반공업지역,1,0,,일반공업지역,20221008
경상남도 양산시 북정동 23-51번지,48330,10700,0,0023,0051,1264100004805,,,,1,용도지역코드,1220,일반공업지역,1,0,,일반공업지역,20221008
경상남도 양산시 북정동 23-51번지,48330,10700,0,0023,0051,1264100038619,,,,1,용도지역코드,UQA320,일반공업지역,1,0,,일반공업지역,20221008
경상남도 양산시 북정동 23-54번지,48330,10700,0,0023,0054,1264100043342,,,,1,용도지역코드,UQA320,일반공업지역,1,0,,일반공업지역,20221008
경상남도 양산시 북정동 23-54번지,48330,10700,0,0023,0054,1264100058792,,,,1,용도지역코드,UQA320,일반공업지역,1,0,,일반공업지역,20221008
경상남도 양산시 북정동 23-56번지,48330,10700,0,0023,0056,1264100043185,,,,1,용도지역코드,UQA320,일반공업지역,1,0,,일반공업지역,20221008
경상남도 양산시 북정동 23-57번지,48330,10700,0,0023,0057,1264100038620,,,,1,용도지역코드,UQA320,일반공업지역,1,0,,일반공업지역,20221008
경상남도 양산시 북정동 23-58번지,48330,10700,0,0023,0058,1264100038617,,,,1,용도지역코드,UQA320,일반공업지역,1,0,,일반공업지역,20221008
경상남도 양산시 북정동 23-59번지,48330,10700,0,0023,0059,1000000000000000600218,,,,1,용도지역코드,UQA320,일반공업지역,1,0,,일반공업지역,20250211
경상남도 양산시 북정동 23-59번지,48330,10700,0,0023,0059,1264100137323,,,,1,용도지역코드,UQA320,일반공업지역,1,0,,일반공업지역,20221008
경상남도 양산시 북정동 23-70번지,48330,10700,0,0023,0070,1264100052489,,,,1,용도지역코드,UQA320,일반공업지역,1,0,,일반공업지역,20221008
경상남도 양산시 북정동 23-70번지,48330,10700,0,0023,0070,1264100096086,,,,1,용도지역코드,UQA320,일반공업지역,1,0,,일반공업지역,20221008
경상남도 양산시 북정동 23-71번지,48330,10700,0,0023,0071,1264100052488,,,,1,용도지역코드,UQA320,일반공업지역,1,0,,일반공업지역,20221008
경상남도 양산시 북정동 23-80번지,48330,10700,0,0023,0080,1264100130664,,,,1,용도지역코드,UQA320,일반공업지역,1,0,,일반공업지역,20221008
경상남도 양산시 북정동 23-84번지,48330,10700,0,0023,0084,1000000000000000421654,,,,1,용도지역코드,UQA320,일반공업지역,1,0,,일반공업지역,20231130
경상남도 양산시 북정동 23-84번지,48330,10700,0,0023,0084,1264100142348,,,,1,용도지역코드,UQA320,일반공업지역,1,0,,일반공업지역,20221008
경상남도 양산시 북정동 23-84번지,48330,10700,0,0023,0084,1264100142348,,,,3,용도구역코드,UMZ100,가축사육제한구역,1,0,,가축사육제한구역,20221008
경상남도 양산시 북정동 23-84번지,48330,10700,0,0023,0084,1264100140928,,,,1,용도지역코드,UQA320,일반공업지역,1,0,,일반공업지역,20221008
경상남도 양산시 북정동 23-84번지,48330,10700,0,0023,0084,1264100140928,,,,3,용도구역코드,UMZ100,가축사육제한구역,1,0,,가축사육제한구역,20221008
경상남도 양산시 북정동 23-85번지,48330,10700,0,0023,0085,1264100140926,,,,1,용도지역코드,UQA320,일반공업지역,1,0,,일반공업지역,20221008
경상남도 양산시 북정동 23-85번지,48330,10700,0,0023,0085,1264100140926,,,,3,용도구역코드,UMZ100,가축사육제한구역,1,0,,가축사육제한구역,20221008
경상남도 양산시 북정동 23-86번지,48330,10700,0,0023,0086,1264100140927,,,,1,용도지역코드,UQA320,일반공업지역,1,0,,일반공업지역,20221008
경상남도 양산시 북정동 23-86번지,48330,10700,0,0023,0086,1264100140927,,,,3,용도구역코드,UMZ100,가축사육제한구역,1,0,,가축사육제한구역,20221008
경상남도 양산시 북정동 23-87번지,48330,10700,0,0023,0087,1264100038618,,,,1,용도지역코드,UQA320,일반공업지역,1,0,,일반공업지역,20221008
경상남도 양산시 북정동 23-87번지,48330,10700,0,0023,0087,1264100038618,,,,3,용도구역코드,UMZ100,가축사육제한구역,1,0,,가축사육제한구역,20221008
경상남도 양산시 북정동 30-1번지,48330,10700,0,0030,0001,12644759,토지구획 정리사업지구내,30,1,1,용도지역코드,1022,제2종일반주거지역,1,0,,제2종일반주거지역,20221008
경상남도 양산시 북정동 30-1번지,48330,10700,0,0030,0001,12644759,토지구획 정리사업지구내,30,1,2,용도지구코드,340,토지구획정리사업지구,1,0,,토지구획정리사업지구,20221008
경상남도 양산시 북정동 32-11번지,48330,10700,0,0032,0011,12644686,북정2지구 구획정리 사업지구,32,11,1,용도지역코드,1022,제2종일반주거지역,1,0,,제2종일반주거지역,20221008
경상남도 양산시 북정동 32-11번지,48330,10700,0,0032,0011,12644686,북정2지구 구획정리 사업지구,32,11,2,용도지구코드,340,토지구획정리사업지구,1,0,,토지구획정리사업지구,20221008
경상남도 양산시 북정동 61번지,48330,10700,0,0061,0000,1264100145185,,,,1,용도지역코드,UQA430,자연녹지지역,1,0,,자연녹지지역,20221008
경상남도 양산시 북정동 61번지,48330,10700,0,0061,0000,1264100145185,,,,3,용도구역코드,UOA120,상대보호구역,1,0,,상대보호구역,20221008
경상남도 양산시 북정동 93-1번지,48330,10700,0,0093,0001,1264100031018,,,,1,용도지역코드,UQA430,자연녹지지역,1,0,,자연녹지지역,20221008
경상남도 양산시 북정동 93-2번지,48330,10700,0,0093,0002,1264100034297,,,,1,용도지역코드,UQA430,자연녹지지역,1,0,,자연녹지지역,20221008
경상남도 양산시 북정동 94번지,48330,10700,0,0094,0000,1000000000000000746386,,,,3,용도구역코드,UMZ100,가축사육제한구역,1,0,,가축사육제한구역,20250811
경상남도 양산시 북정동 94번지,48330,10700,0,0094,0000,1000000000000000746386,,,,1,용도지역코드,UQA430,자연녹지지역,1,0,,자연녹지지역,20250811
경상남도 양산시 북정동 95-7번지,48330,10700,0,0095,0007,1264100140686,,,,1,용도지역코드,UQA320,일반공업지역,1,0,,일반공업지역,20221008
경상남도 양산시 북정동 95-8번지,48330,10700,0,0095,0008,1264100057610,,,,1,용도지역코드,UQA320,일반공업지역,1,0,,일반공업지역,20221008
경상남도 양산시 북정동 95-11번지,48330,10700,0,0095,0011,1264100117538,,,,1,용도지역코드,UQA320,일반공업지역,1,0,,일반공업지역,20221008
경상남도 양산시 북정동 95-12번지,48330,10700,0,0095,0012,1264100140685,,,,3,용도구역코드,UMZ100,가축사육제한구역,1,0,,가축사육제한구역,20221008
경상남도 양산시 북정동 95-12번지,48330,10700,0,0095,0012,1264100140685,,,,1,용도지역코드,UQA320,일반공업지역,1,0,,일반공업지역,20221008
경상남도 양산시 북정동 95-12번지,48330,10700,0,0095,0012,1264100057611,,,,1,용도지역코드,UQA320,일반공업지역,1,0,,일반공업지역,20221008
경상남도 양산시 북정동 95-12번지,48330,10700,0,0095,0012,1264100125921,,,,1,용도지역코드,UQA320,일반공업지역,1,0,,일반공업지역,20221008
경상남도 양산시 북정동 95-17번지,48330,10700,0,0095,0017,1000000000000000487946,,,,3,용도구역코드,UMZ100,가축사육제한구역,1,0,,가축사육제한구역,20240715
경상남도 양산시 북정동 95-17번지,48330,10700,0,0095,0017,1000000000000000487946,,,,1,용도지역코드,UQA320,일반공업지역,1,0,,일반공업지역,20240715
경상남도 양산시 북정동 95-17번지,48330,10700,0,0095,0017,1264100140684,,,,1,용도지역코드,UQA320,일반공업지역,1,0,,일반공업지역,20221008
경상남도 양산시 북정동 95-17번지,48330,10700,0,0095,0017,1264100140684,,,,3,용도구역코드,UMZ100,가축사육제한구역,1,0,,가축사육제한구역,20221008
경상남도 양산시 북정동 97번지,48330,10700,0,0097,0000,12647384,,,,1,용도지역코드,1220,일반공업지역,1,0,,일반공업지역,20221008
경상남도 양산시 북정동 97-14번지,48330,10700,0,0097,0014,12649826,,,,1,용도지역코드,1220,일반공업지역,1,0,,일반공업지역,20221008
경상남도 양산시 북정동 97-14번지,48330,10700,0,0097,0014,1264100136863,,,,1,용도지역코드,UQA320,일반공업지역,1,0,,일반공업지역,20221008
경상남도 양산시 북정동 97-14번지,48330,10700,0,0097,0014,1264100156830,,,,1,용도지역코드,UQA320,일반공업지역,1,0,,일반공업지역,20221008
경상남도 양산시 북정동 97-14번지,48330,10700,0,0097,0014,1264100084701,,,,1,용도지역코드,UQA320,일반공업지역,1,0,,일반공업지역,20221008
경상남도 양산시 북정동 97-14번지,48330,10700,0,0097,0014,1264100084702,,,,1,용도지역코드,UQA320,일반공업지역,1,0,,일반공업지역,20221008
경상남도 양산시 북정동 97-17번지,48330,10700,0,0097,0017,1264100123879,,,,1,용도지역코드,UQA320,일반공업지역,1,0,,일반공업지역,20221008
경상남도 양산시 북정동 97-26번지,48330,10700,0,0097,0026,1000000000000000605993,,,,1,용도지역코드,UQA320,일반공업지역,1,0,,일반공업지역,20241024
경상남도 양산시 북정동 97-26번지,48330,10700,0,0097,0026,1000000000000000605993,,,,3,용도구역코드,UMZ100,가축사육제한구역,1,0,,가축사육제한구역,20241024
경상남도 양산시 북정동 97-26번지,48330,10700,0,0097,0026,12646282,,,,1,용도지역코드,1220,일반공업지역,1,0,,일반공업지역,20221008
경상남도 양산시 북정동 97-26번지,48330,10700,0,0097,0026,1264100111039,,,,1,용도지역코드,UQA320,일반공업지역,1,0,,일반공업지역,20221008
경상남도 양산시 북정동 97-26번지,48330,10700,0,0097,0026,1264100107233,,,,1,용도지역코드,UQA320,일반공업지역,1,0,,일반공업지역,20221008
경상남도 양산시 북정동 97-26번지,48330,10700,0,0097,0026,1264100132084,,,,1,용도지역코드,UQA320,일반공업지역,1,0,,일반공업지역,20221008
경상남도 양산시 북정동 97-45번지,48330,10700,0,0097,0045,1264100067779,,,,1,용도지역코드,UQA320,일반공업지역,1,0,,일반공업지역,20221008
경상남도 양산시 북정동 97-45번지,48330,10700,0,0097,0045,1264100067781,,,,1,용도지역코드,UQA320,일반공업지역,1,0,,일반공업지역,20221008
경상남도 양산시 북정동 97-45번지,48330,10700,0,0097,0045,12646660,,,,1,용도지역코드,1220,일반공업지역,1,0,,일반공업지역,20221008
경상남도 양산시 북정동 97-45번지,48330,10700,0,0097,0045,12646413,,,,1,용도지역코드,1220,일반공업지역,1,0,,일반공업지역,20221008
경상남도 양산시 북정동 97-52번지,48330,10700,0,0097,0052,1264100134844,,,,1,용도지역코드,UQA320,일반공업지역,1,0,,일반공업지역,20221008
경상남도 양산시 북정동 97-52번지,48330,10700,0,0097,0052,1264100131944,,,,1,용도지역코드,UQA320,일반공업지역,1,0,,일반공업지역,20221008
경상남도 양산시 북정동 97-52번지,48330,10700,0,0097,0052,1264100131944,,,,3,용도구역코드,UMZ100,가축사육제한구역,1,0,,가축사육제한구역,20221008
경상남도 양산시 북정동 97-52번지,48330,10700,0,0097,0052,1264100136124,,,,1,용도지역코드,UQA320,일반공업지역,1,0,,일반공업지역,20221008
경상남도 양산시 북정동 97-52번지,48330,10700,0,0097,0052,1264100123909,,,,1,용도지역코드,UQA320,일반공업지역,1,0,,일반공업지역,20221008
경상남도 양산시 북정동 97-52번지,48330,10700,0,0097,0052,1264100123909,,,,3,용도구역코드,UMZ100,가축사육제한구역,1,0,,가축사육제한구역,20221008
경상남도 양산시 북정동 97-52번지,48330,10700,0,0097,0052,1264100138123,,,,1,용도지역코드,UQA320,일반공업지역,1,0,,일반공업지역,20221008
경상남도 양산시 북정동 97-52번지,48330,10700,0,0097,0052,1264100138123,,,,3,용도구역코드,UMZ100,가축사육제한구역,1,0,,가축사육제한구역,20221008
경상남도 양산시 북정동 97-62번지,48330,10700,0,0097,0062,1264100012292,,,,1,용도지역코드,1220,일반공업지역,1,0,,일반공업지역,20221008
경상남도 양산시 북정동 97-69번지,48330,10700,0,0097,0069,1264100123859,,,,3,용도구역코드,UMZ100,가축사육제한구역,1,0,,가축사육제한구역,20221008
경상남도 양산시 북정동 97-69번지,48330,10700,0,0097,0069,1264100123859,,,,1,용도지역코드,UQA320,일반공업지역,1,0,,일반공업지역,20221008
경상남도 양산시 북정동 97-70번지,48330,10700,0,0097,0070,1264100123902,,,,1,용도지역코드,UQA320,일반공업지역,1,0,,일반공업지역,20221008
경상남도 양산시 북정동 97-70번지,48330,10700,0,0097,0070,1264100132086,,,,1,용도지역코드,UQA320,일반공업지역,1,0,,일반공업지역,20221008
경상남도 양산시 북정동 97-71번지,48330,10700,0,0097,0071,1264100123904,,,,1,용도지역코드,UQA320,일반공업지역,1,0,,일반공업지역,20221008
경상남도 양산시 북정동 97-71번지,48330,10700,0,0097,0071,1264100135223,,,,1,용도지역코드,UQA320,일반공업지역,1,0,,일반공업지역,20221008
경상남도 양산시 북정동 97-72번지,48330,10700,0,0097,0072,1264100123905,,,,1,용도지역코드,UQA320,일반공업지역,1,0,,일반공업지역,20221008
경상남도 양산시 북정동 97-73번지,48330,10700,0,0097,0073,1264100123906,,,,1,용도지역코드,UQA320,일반공업지역,1,0,,일반공업지역,20221008
경상남도 양산시 북정동 97-74번지,48330,10700,0,0097,0074,1264100123901,,,,1,용도지역코드,UQA320,일반공업지역,1,0,,일반공업지역,20221008
경상남도 양산시 북정동 97-75번지,48330,10700,0,0097,0075,1264100123903,,,,1,용도지역코드,UQA320,일반공업지역,1,0,,일반공업지역,20221008
경상남도 양산시 북정동 97-76번지,48330,10700,0,0097,0076,1264100123799,,,,1,용도지역코드,UQA320,일반공업지역,1,0,,일반공업지역,20221008
경상남도 양산시 북정동 97-78번지,48330,10700,0,0097,0078,1264100009373,,,,1,용도지역코드,1220,일반공업지역,1,0,,일반공업지역,20221008
경상남도 양산시 북정동 97-78번지,48330,10700,0,0097,0078,1264100138543,,,,1,용도지역코드,1220,일반공업지역,1,0,,일반공업지역,20221008
경상남도 양산시 북정동 97-78번지,48330,10700,0,0097,0078,1264100133168,,,,1,용도지역코드,UQA320,일반공업지역,1,0,,일반공업지역,20221008
경상남도 양산시 북정동 97-83번지,48330,10700,0,0097,0083,1264100134825,,,,1,용도지역코드,UQA320,일반공업지역,1,0,,일반공업지역,20221008
경상남도 양산시 북정동 97-88번지,48330,10700,0,0097,0088,1264100133063,,,,1,용도지역코드,UQA320,일반공업지역,1,0,,일반공업지역,20221008
경상남도 양산시 북정동 97-89번지,48330,10700,0,0097,0089,1264100133224,,,,1,용도지역코드,UQA320,일반공업지역,1,0,,일반공업지역,20221008
경상남도 양산시 북정동 97-98번지,48330,10700,0,0097,0098,1264100141587,,,,1,용도지역코드,UQA320,일반공업지역,1,0,,일반공업지역,20221008
경상남도 양산시 북정동 97-99번지,48330,10700,0,0097,0099,1264100141585,,,,1,용도지역코드,UQA320,일반공업지역,1,0,,일반공업지역,20221008
경상남도 양산시 북정동 97-100번지,48330,10700,0,0097,0100,1264100141584,,,,1,용도지역코드,UQA320,일반공업지역,1,0,,일반공업지역,20221008
경상남도 양산시 북정동 97-101번지,48330,10700,0,0097,0101,1264100141586,,,,1,용도지역코드,UQA320,일반공업지역,1,0,,일반공업지역,20221008
경상남도 양산시 북정동 97-101번지,48330,10700,0,0097,0101,1264100141586,,,,3,용도구역코드,UMZ100,가축사육제한구역,1,0,,가축사육제한구역,20221008
경상남도 양산시 북정동 98번지,48330,10700,0,0098,0000,1264100131984,,,,1,용도지역코드,1220,일반공업지역,1,0,,일반공업지역,20221008
경상남도 양산시 북정동 98번지,48330,10700,0,0098,0000,1264100131984,,,,3,용도구역코드,UMZ100,가축사육제한구역,1,0,,가축사육제한구역,20221008
경상남도 양산시 북정동 98-2번지,48330,10700,0,0098,0002,1264100132087,,,,1,용도지역코드,UQA320,일반공업지역,1,0,,일반공업지역,20221008
경상남도 양산시 북정동 98-2번지,48330,10700,0,0098,0002,1264100132088,,,,1,용도지역코드,UQA320,일반공업지역,1,0,,일반공업지역,20221008
경상남도 양산시 북정동 98-8번지,48330,10700,0,0098,0008,1000000000000000386578,,,,3,용도구역코드,UMZ100,가축사육제한구역,1,0,,가축사육제한구역,20240826
경상남도 양산시 북정동 98-8번지,48330,10700,0,0098,0008,1000000000000000386578,,,,1,용도지역코드,UQA320,일반공업지역,1,0,,일반공업지역,20240826
경상남도 양산시 북정동 98-9번지,48330,10700,0,0098,0009,1264100149412,,,,1,용도지역코드,1220,일반공업지역,1,0,,일반공업지역,20221008
경상남도 양산시 북정동 98-9번지,48330,10700,0,0098,0009,1264100149412,,,,3,용도구역코드,UMZ100,가축사육제한구역,1,0,,가축사육제한구역,20221008
경상남도 양산시 북정동 98-9번지,48330,10700,0,0098,0009,1264100138864,,,,1,용도지역코드,1220,일반공업지역,1,0,,일반공업지역,20221008
경상남도 양산시 북정동 98-9번지,48330,10700,0,0098,0009,1264100138864,,,,3,용도구역코드,UMZ100,가축사육제한구역,1,0,,가축사육제한구역,20221008
경상남도 양산시 북정동 98-11번지,48330,10700,0,0098,0011,1264100034229,,,,3,용도구역코드,UMZ100,가축사육제한구역,1,0,,가축사육제한구역,20240131
경상남도 양산시 북정동 98-11번지,48330,10700,0,0098,0011,1264100034229,,,,1,용도지역코드,UQA320,일반공업지역,1,0,,일반공업지역,20240131
경상남도 양산시 북정동 98-11번지,48330,10700,0,0098,0011,1000000000000000612803,,,,3,용도구역코드,UMZ100,가축사육제한구역,1,0,,가축사육제한구역,20241105
경상남도 양산시 북정동 98-11번지,48330,10700,0,0098,0011,1000000000000000612803,,,,1,용도지역코드,UQA320,일반공업지역,1,0,,일반공업지역,20241105
경상남도 양산시 북정동 98-11번지,48330,10700,0,0098,0011,1000000000000000087937,,,,3,용도구역코드,UMZ100,가축사육제한구역,1,0,,가축사육제한구역,20221028
경상남도 양산시 북정동 98-11번지,48330,10700,0,0098,0011,1000000000000000087937,,,,1,용도지역코드,UQA320,일반공업지역,1,0,,일반공업지역,20221028
경상남도 양산시 북정동 98-11번지,48330,10700,0,0098,0011,1264100154832,,,,1,용도지역코드,UQA320,일반공업지역,1,0,,일반공업지역,20221008
경상남도 양산시 북정동 98-11번지,48330,10700,0,0098,0011,1264100157691,,,,1,용도지역코드,UQA320,일반공업지역,1,0,,일반공업지역,20221008
경상남도 양산시 북정동 98-11번지,48330,10700,0,0098,0011,1264100158050,,,,1,용도지역코드,UQA320,일반공업지역,1,0,,일반공업지역,20221008
경상남도 양산시 북정동 98-11번지,48330,10700,0,0098,0011,1264100151550,,,,1,용도지역코드,UQA320,일반공업지역,1,0,,일반공업지역,20221008
경상남도 양산시 북정동 98-11번지,48330,10700,0,0098,0011,1264100155211,,,,1,용도지역코드,UQA320,일반공업지역,1,0,,일반공업지역,20221008
경상남도 양산시 북정동 98-11번지,48330,10700,0,0098,0011,1264100152551,,,,1,용도지역코드,UQA320,일반공업지역,1,0,,일반공업지역,20221008
경상남도 양산시 북정동 98-11번지,48330,10700,0,0098,0011,1264100150030,,,,1,용도지역코드,UQA320,일반공업지역,1,0,,일반공업지역,20221008
경상남도 양산시 북정동 98-11번지,48330,10700,0,0098,0011,1264100150391,,,,1,용도지역코드,UQA320,일반공업지역,1,0,,일반공업지역,20221008
경상남도 양산시 북정동 98-11번지,48330,10700,0,0098,0011,1000000000000000068065,,,,1,용도지역코드,UQA320,일반공업지역,1,0,,일반공업지역,20221012
경상남도 양산시 북정동 102-8번지,48330,10700,0,0102,0008,1000000000000000188481,,,,1,용도지역코드,UQA320,일반공업지역,1,0,,일반공업지역,20251104
경상남도 양산시 북정동 102-8번지,48330,10700,0,0102,0008,1264100131108,,,,1,용도지역코드,UQA320,일반공업지역,1,0,,일반공업지역,20221008
경상남도 양산시 북정동 102-8번지,48330,10700,0,0102,0008,1264100021764,,,,1,용도지역코드,UQA320,일반공업지역,1,0,,일반공업지역,20221008
경상남도 양산시 북정동 102-8번지,48330,10700,0,0102,0008,1264100152271,,,,1,용도지역코드,UQA320,일반공업지역,1,0,,일반공업지역,20221008
경상남도 양산시 북정동 102-8번지,48330,10700,0,0102,0008,1264100153014,,,,1,용도지역코드,UQA320,일반공업지역,1,0,,일반공업지역,20221008
경상남도 양산시 북정동 102-8번지,48330,10700,0,0102,0008,1264100150531,,,,1,용도지역코드,UQA320,일반공업지역,1,0,,일반공업지역,20221008
경상남도 양산시 북정동 102-8번지,48330,10700,0,0102,0008,1264100030336,,,,1,용도지역코드,UQA320,일반공업지역,1,0,,일반공업지역,20221008
경상남도 양산시 북정동 102-8번지,48330,10700,0,0102,0008,1264100024449,,,,1,용도지역코드,UQA320,일반공업지역,1,0,,일반공업지역,20221008
경상남도 양산시 북정동 102-8번지,48330,10700,0,0102,0008,1264100013174,,,,1,용도지역코드,1220,일반공업지역,1,0,,일반공업지역,20221008
경상남도 양산시 북정동 102-8번지,48330,10700,0,0102,0008,1264100004845,,,,1,용도지역코드,1220,일반공업지역,1,0,,일반공업지역,20221008
경상남도 양산시 북정동 105번지,48330,10700,0,0105,0000,12642844,경상남도 양산시 북정동,105,,1,용도지역코드,1220,일반공업지역,1,0,,일반공업지역,20221008
경상남도 양산시 북정동 106번지,48330,10700,0,0106,0000,1264100106834,,,,1,용도지역코드,UQA320,일반공업지역,1,0,,일반공업지역,20221008
경상남도 양산시 북정동 107-1번지,48330,10700,0,0107,0001,12641878,,,,1,용도지역코드,1220,일반공업지역,1,0,,일반공업지역,20221008
경상남도 양산시 북정동 107-2번지,48330,10700,0,0107,0002,12646753,,,,1,용도지역코드,1220,일반공업지역,1,0,,일반공업지역,20221008
경상남도 양산시 북정동 113-3번지,48330,10700,0,0113,0003,12642512,,,,1,용도지역코드,1220,일반공업지역,1,0,,일반공업지역,20221008
경상남도 양산시 북정동 114-1번지,48330,10700,0,0114,0001,1264100049686,,,,1,용도지역코드,UQA320,일반공업지역,1,0,,일반공업지역,20221008
경상남도 양산시 북정동 114-1번지,48330,10700,0,0114,0001,12641024,,,,1,용도지역코드,1220,일반공업지역,1,0,,일반공업지역,20221008
경상남도 양산시 북정동 114-1번지,48330,10700,0,0114,0001,12643383,,,,1,용도지역코드,1220,일반공업지역,1,0,,일반공업지역,20221008
경상남도 양산시 북정동 114-1번지,48330,10700,0,0114,0001,1264217,,,,1,용도지역코드,1220,일반공업지역,1,0,,일반공업지역,20221008
경상남도 양산시 북정동 114-3번지,48330,10700,0,0114,0003,1264100090401,,,,1,용도지역코드,UQA320,일반공업지역,1,0,,일반공업지역,20221008
경상남도 양산시 북정동 114-3번지,48330,10700,0,0114,0003,1264697,,,,1,용도지역코드,1220,일반공업지역,1,0,,일반공업지역,20221008
경상남도 양산시 북정동 114-4번지,48330,10700,0,0114,0004,12641868,,,,1,용도지역코드,1220,일반공업지역,1,0,,일반공업지역,20221008
경상남도 양산시 북정동 114-4번지,48330,10700,0,0114,0004,126456,,,,1,용도지역코드,1220,일반공업지역,1,0,,일반공업지역,20221008
경상남도 양산시 북정동 115-1번지,48330,10700,0,0115,0001,1264100008289,,,,1,용도지역코드,1220,일반공업지역,1,0,,일반공업지역,20221008
경상남도 양산시 북정동 115-1번지,48330,10700,0,0115,0001,12647461,,,,1,용도지역코드,1220,일반공업지역,1,0,,일반공업지역,20221008
경상남도 양산시 북정동 115-2번지,48330,10700,0,0115,0002,12643009,,,,1,용도지역코드,1220,일반공업지역,1,0,,일반공업지역,20221008
경상남도 양산시 북정동 115-2번지,48330,10700,0,0115,0002,12642515,105,,,1,용도지역코드,1220,일반공업지역,1,0,,일반공업지역,20221008
경상남도 양산시 북정동 115-2번지,48330,10700,0,0115,0002,12641418,경상남도 양산시 북정동,115,2,1,용도지역코드,1220,일반공업지역,1,0,,일반공업지역,20221008
경상남도 양산시 북정동 115-6번지,48330,10700,0,0115,0006,12648272,,,,1,용도지역코드,1220,일반공업지역,1,0,,일반공업지역,20221008
경상남도 양산시 북정동 115-6번지,48330,10700,0,0115,0006,12644182,,,,1,용도지역코드,1220,일반공업지역,1,0,,일반공업지역,20221008
경상남도 양산시 북정동 115-6번지,48330,10700,0,0115,0006,12649803,,,,1,용도지역코드,1220,일반공업지역,1,0,,일반공업지역,20221008
경상남도 양산시 북정동 119-9번지,48330,10700,0,0119,0009,12646057,,,,1,용도지역코드,1220,일반공업지역,1,0,,일반공업지역,20221008
경상남도 양산시 북정동 119-9번지,48330,10700,0,0119,0009,12642866,,,,1,용도지역코드,1220,일반공업지역,1,0,,일반공업지역,20221008
경상남도 양산시 북정동 123-1번지,48330,10700,0,0123,0001,1264688,경상남도 양산시 북정동,123,1,1,용도지역코드,1220,일반공업지역,1,0,,일반공업지역,20221008
경상남도 양산시 북정동 127번지,48330,10700,0,0127,0000,12642880,,,,1,용도지역코드,1220,일반공업지역,1,0,,일반공업지역,20221008
경상남도 양산시 북정동 127-3번지,48330,10700,0,0127,0003,1264100154450,,,,1,용도지역코드,UQA320,일반공업지역,1,0,,일반공업지역,20230220
경상남도 양산시 북정동 127-3번지,48330,10700,0,0127,0003,1264100154450,,,,3,용도구역코드,UMZ100,가축사육제한구역,1,0,,가축사육제한구역,20230220
경상남도 양산시 북정동 127-3번지,48330,10700,0,0127,0003,1000000000000000950317,,,,3,용도구역코드,UMZ100,가축사육제한구역,1,0,,가축사육제한구역,20260515
경상남도 양산시 북정동 127-3번지,48330,10700,0,0127,0003,1000000000000000950317,,,,1,용도지역코드,UQA320,일반공업지역,1,0,,일반공업지역,20260515
경상남도 양산시 북정동 127-3번지,48330,10700,0,0127,0003,12641050,경상남도 양산시 북정동,127,3,1,용도지역코드,1220,일반공업지역,1,0,,일반공업지역,20221008
경상남도 양산시 북정동 127-3번지,48330,10700,0,0127,0003,12644155,,,,1,용도지역코드,1220,일반공업지역,1,0,,일반공업지역,20221008
경상남도 양산시 북정동 127-3번지,48330,10700,0,0127,0003,1264100137424,,,,1,용도지역코드,UQA320,일반공업지역,1,0,,일반공업지역,20221008
경상남도 양산시 북정동 127-3번지,48330,10700,0,0127,0003,1264100068119,,,,1,용도지역코드,UQA320,일반공업지역,1,0,,일반공업지역,20221008
경상남도 양산시 북정동 127-3번지,48330,10700,0,0127,0003,12646357,,,,1,용도지역코드,1220,일반공업지역,1,0,,일반공업지역,20221008
경상남도 양산시 북정동 127-3번지,48330,10700,0,0127,0003,12646357,,,,2,용도지구코드,990,기타지구,1,0,,기타지구,20221008
경상남도 양산시 북정동 127-3번지,48330,10700,0,0127,0003,12646357,,,,3,용도구역코드,990,기타구역,1,0,,기타구역,20221008
경상남도 양산시 북정동 127-3번지,48330,10700,0,0127,0003,1264100137123,,,,1,용도지역코드,UQA320,일반공업지역,1,0,,일반공업지역,20221008
경상남도 양산시 북정동 127-3번지,48330,10700,0,0127,0003,1264100100334,,,,1,용도지역코드,UQA320,일반공업지역,1,0,,일반공업지역,20221008
경상남도 양산시 북정동 127-3번지,48330,10700,0,0127,0003,1264100087363,,,,1,용도지역코드,UQA320,일반공업지역,1,0,,일반공업지역,20221008
경상남도 양산시 북정동 127-3번지,48330,10700,0,0127,0003,1264100114998,,,,1,용도지역코드,UQA320,일반공업지역,1,0,,일반공업지역,20221008
경상남도 양산시 북정동 127-3번지,48330,10700,0,0127,0003,1264100076101,,,,1,용도지역코드,UQA320,일반공업지역,1,0,,일반공업지역,20221008
경상남도 양산시 북정동 127-3번지,48330,10700,0,0127,0003,12641009,,,,1,용도지역코드,1220,일반공업지역,1,0,,일반공업지역,20221008
경상남도 양산시 북정동 127-3번지,48330,10700,0,0127,0003,12642609,,,,1,용도지역코드,1220,일반공업지역,1,0,,일반공업지역,20221008
경상남도 양산시 북정동 127-3번지,48330,10700,0,0127,0003,12641360,127-3,,,1,용도지역코드,1220,일반공업지역,1,0,,일반공업지역,20221008
경상남도 양산시 북정동 127-3번지,48330,10700,0,0127,0003,1264100028670,,,,1,용도지역코드,UQA300,공업지역,1,0,,공업지역,20221008
경상남도 양산시 북정동 127-3번지,48330,10700,0,0127,0003,12641937,경상남도 양산시 북정동,127,3,1,용도지역코드,1220,일반공업지역,1,0,,일반공업지역,20221008
경상남도 양산시 북정동 127-8번지,48330,10700,0,0127,0008,1264100112338,,,,1,용도지역코드,UQA320,일반공업지역,1,0,,일반공업지역,20221008
경상남도 양산시 북정동 127-8번지,48330,10700,0,0127,0008,1264100106713,,,,1,용도지역코드,UQA320,일반공업지역,1,0,,일반공업지역,20221008
경상남도 양산시 북정동 127-9번지,48330,10700,0,0127,0009,1264100014835,,,,1,용도지역코드,1220,일반공업지역,1,0,,일반공업지역,20221008
경상남도 양산시 북정동 127-15번지,48330,10700,0,0127,0015,12646127,,,,1,용도지역코드,1220,일반공업지역,1,0,,일반공업지역,20221008
경상남도 양산시 북정동 135-1번지,48330,10700,0,0135,0001,1264100056929,,,,1,용도지역코드,UQA320,일반공업지역,1,0,,일반공업지역,20221008
경상남도 양산시 북정동 135-1번지,48330,10700,0,0135,0001,12641976,경상남도 양산시 북정동,135,1,1,용도지역코드,1220,일반공업지역,1,0,,일반공업지역,20221008
경상남도 양산시 북정동 142-2번지,48330,10700,0,0142,0002,1264100136303,,,,1,용도지역코드,UQA320,일반공업지역,1,0,,일반공업지역,20221008
경상남도 양산시 북정동 142-6번지,48330,10700,0,0142,0006,12647490,,,,1,용도지역코드,1220,일반공업지역,1,0,,일반공업지역,20221008
경상남도 양산시 북정동 142-8번지,48330,10700,0,0142,0008,1264100081160,,,,1,용도지역코드,UQA300,공업지역,1,0,,공업지역,20221008
경상남도 양산시 북정동 142-8번지,48330,10700,0,0142,0008,1264100075221,,,,1,용도지역코드,UQA320,일반공업지역,1,0,,일반공업지역,20221008
경상남도 양산시 북정동 146-11번지,48330,10700,0,0146,0011,12648465,,,,1,용도지역코드,1220,일반공업지역,1,0,,일반공업지역,20221008
경상남도 양산시 북정동 146-11번지,48330,10700,0,0146,0011,12648465,,,,3,용도구역코드,010,도시계획구역,1,0,,도시계획구역,20221008
경상남도 양산시 북정동 146-11번지,48330,10700,0,0146,0011,1264100099674,,,,1,용도지역코드,UQA320,일반공업지역,1,0,,일반공업지역,20221008
경상남도 양산시 북정동 146-11번지,48330,10700,0,0146,0011,1264100038152,,,,1,용도지역코드,UQA320,일반공업지역,1,0,,일반공업지역,20221008
경상남도 양산시 북정동 165번지,48330,10700,0,0165,0000,1264100111717,,,,1,용도지역코드,UQA320,일반공업지역,1,0,,일반공업지역,20221008
경상남도 양산시 북정동 165번지,48330,10700,0,0165,0000,1264100099134,,,,1,용도지역코드,UQA320,일반공업지역,1,0,,일반공업지역,20221008
경상남도 양산시 북정동 168번지,48330,10700,0,0168,0000,1264197,,,,1,용도지역코드,1220,일반공업지역,1,0,,일반공업지역,20221008
경상남도 양산시 북정동 170번지,48330,10700,0,0170,0000,12648314,,,,1,용도지역코드,1220,일반공업지역,1,0,,일반공업지역,20221008
경상남도 양산시 북정동 171-2번지,48330,10700,0,0171,0002,12648964,,,,1,용도지역코드,1220,일반공업지역,1,0,,일반공업지역,20221008
경상남도 양산시 북정동 172번지,48330,10700,0,0172,0000,12649351,,,,1,용도지역코드,1220,일반공업지역,1,0,,일반공업지역,20221008
경상남도 양산시 북정동 175번지,48330,10700,0,0175,0000,12647652,,,,1,용도지역코드,1220,일반공업지역,1,0,,일반공업지역,20221008
경상남도 양산시 북정동 175번지,48330,10700,0,0175,0000,12647652,,,,3,용도구역코드,010,도시계획구역,1,0,,도시계획구역,20221008
경상남도 양산시 북정동 177번지,48330,10700,0,0177,0000,1264100130568,,,,1,용도지역코드,UQA320,일반공업지역,1,0,,일반공업지역,20221008
경상남도 양산시 북정동 178번지,48330,10700,0,0178,0000,12649593,,,,1,용도지역코드,1220,일반공업지역,1,0,,일반공업지역,20221008
경상남도 양산시 북정동 179번지,48330,10700,0,0179,0000,12641971,,,,1,용도지역코드,1220,일반공업지역,1,0,,일반공업지역,20221008
경상남도 양산시 북정동 179번지,48330,10700,0,0179,0000,12642003,,,,1,용도지역코드,1220,일반공업지역,1,0,,일반공업지역,20221008
경상남도 양산시 북정동 179번지,48330,10700,0,0179,0000,12641957,,,,1,용도지역코드,1220,일반공업지역,1,0,,일반공업지역,20221008
경상남도 양산시 북정동 182번지,48330,10700,0,0182,0000,1264100083181,,,,1,용도지역코드,UQA320,일반공업지역,1,0,,일반공업지역,20221008
경상남도 양산시 북정동 182번지,48330,10700,0,0182,0000,1264238,,,,1,용도지역코드,1220,일반공업지역,1,0,,일반공업지역,20221008
경상남도 양산시 북정동 182번지,48330,10700,0,0182,0000,1264308,,,,1,용도지역코드,1220,일반공업지역,1,0,,일반공업지역,20221008
경상남도 양산시 북정동 182-2번지,48330,10700,0,0182,0002,1264100085544,,,,1,용도지역코드,UQA320,일반공업지역,1,0,,일반공업지역,20221008
경상남도 양산시 북정동 184번지,48330,10700,0,0184,0000,12649582,,,,1,용도지역코드,1220,일반공업지역,1,0,,일반공업지역,20221008
경상남도 양산시 북정동 184번지,48330,10700,0,0184,0000,1264100008852,,,,1,용도지역코드,1220,일반공업지역,1,0,,일반공업지역,20221008
경상남도 양산시 북정동 185번지,48330,10700,0,0185,0000,1264100090701,,,,1,용도지역코드,UQA320,일반공업지역,1,0,,일반공업지역,20221008
경상남도 양산시 북정동 188번지,48330,10700,0,0188,0000,1264105,,,,1,용도지역코드,1220,일반공업지역,1,0,,일반공업지역,20221008
경상남도 양산시 북정동 189번지,48330,10700,0,0189,0000,1264100037214,,,,1,용도지역코드,UQA320,일반공업지역,1,0,,일반공업지역,20221008
경상남도 양산시 북정동 190번지,48330,10700,0,0190,0000,1264100139563,,,,1,용도지역코드,UQA320,일반공업지역,1,0,,일반공업지역,20221008
경상남도 양산시 북정동 190번지,48330,10700,0,0190,0000,1264100139563,,,,3,용도구역코드,UMZ100,가축사육제한구역,1,0,,가축사육제한구역,20221008
경상남도 양산시 북정동 201번지,48330,10700,0,0201,0000,1264100032962,,,,1,용도지역코드,UQA320,일반공업지역,1,0,,일반공업지역,20221008
경상남도 양산시 북정동 201번지,48330,10700,0,0201,0000,12643008,,,,1,용도지역코드,1220,일반공업지역,1,0,,일반공업지역,20221008
경상남도 양산시 북정동 201번지,48330,10700,0,0201,0000,1264100029910,,,,1,용도지역코드,UQA320,일반공업지역,1,0,,일반공업지역,20221008
경상남도 양산시 북정동 204번지,48330,10700,0,0204,0000,1264100149893,,,,1,용도지역코드,UQA320,일반공업지역,1,0,,일반공업지역,20221008
경상남도 양산시 북정동 204번지,48330,10700,0,0204,0000,1264100149893,,,,3,용도구역코드,UMZ100,가축사육제한구역,1,0,,가축사육제한구역,20221008
경상남도 양산시 북정동 204번지,48330,10700,0,0204,0000,1264100149750,,,,1,용도지역코드,UQA320,일반공업지역,1,0,,일반공업지역,20221008
경상남도 양산시 북정동 204번지,48330,10700,0,0204,0000,1264100149750,,,,3,용도구역코드,UMZ100,가축사육제한구역,1,0,,가축사육제한구역,20221008
경상남도 양산시 북정동 205번지,48330,10700,0,0205,0000,1264100150330,,,,1,용도지역코드,UQA320,일반공업지역,1,0,,일반공업지역,20221008
경상남도 양산시 북정동 205번지,48330,10700,0,0205,0000,1264100150330,,,,3,용도구역코드,UMZ100,가축사육제한구역,1,0,,가축사육제한구역,20221008
경상남도 양산시 북정동 205번지,48330,10700,0,0205,0000,12641057,,,,1,용도지역코드,1220,일반공업지역,1,0,,일반공업지역,20221008
경상남도 양산시 북정동 205번지,48330,10700,0,0205,0000,12641309,,,,1,용도지역코드,1220,일반공업지역,1,0,,일반공업지역,20221008
경상남도 양산시 북정동 206번지,48330,10700,0,0206,0000,1264100023646,,,,1,용도지역코드,UQA320,일반공업지역,1,0,,일반공업지역,20221008
경상남도 양산시 북정동 206번지,48330,10700,0,0206,0000,12649403,,,,1,용도지역코드,1220,일반공업지역,1,0,,일반공업지역,20221008
경상남도 양산시 북정동 207-3번지,48330,10700,0,0207,0003,12642187,,,,1,용도지역코드,1220,일반공업지역,1,0,,일반공업지역,20221008
경상남도 양산시 북정동 208번지,48330,10700,0,0208,0000,1000000000000000211327,,,,1,용도지역코드,UQA320,일반공업지역,1,0,,일반공업지역,20240723
경상남도 양산시 북정동 208번지,48330,10700,0,0208,0000,1000000000000000586373,,,,1,용도지역코드,UQA320,일반공업지역,1,0,,일반공업지역,20240912
경상남도 양산시 북정동 208번지,48330,10700,0,0208,0000,12645848,,,,1,용도지역코드,1220,일반공업지역,1,0,,일반공업지역,20221008
경상남도 양산시 북정동 208-1번지,48330,10700,0,0208,0001,1264216,,,,1,용도지역코드,1220,일반공업지역,1,0,,일반공업지역,20221008
경상남도 양산시 북정동 208-2번지,48330,10700,0,0208,0002,12641931,경상남도 양산시 북정동,208,2,1,용도지역코드,1220,일반공업지역,1,0,,일반공업지역,20221008
경상남도 양산시 북정동 208-2번지,48330,10700,0,0208,0002,12647328,,,,1,용도지역코드,1220,일반공업지역,1,0,,일반공업지역,20221008
경상남도 양산시 북정동 208-2번지,48330,10700,0,0208,0002,12641942,경상남도 양산시 북정동,208,2,1,용도지역코드,1220,일반공업지역,1,0,,일반공업지역,20221008
경상남도 양산시 북정동 208-2번지,48330,10700,0,0208,0002,12641959,경상남도 양산시 북정동,208,2,1,용도지역코드,1220,일반공업지역,1,0,,일반공업지역,20221008
경상남도 양산시 북정동 208-2번지,48330,10700,0,0208,0002,12641917,경상남도 양산시 북정동,208,2,1,용도지역코드,1220,일반공업지역,1,0,,일반공업지역,20221008
경상남도 양산시 북정동 208-4번지,48330,10700,0,0208,0004,1264100085349,,,,1,용도지역코드,UQA320,일반공업지역,1,0,,일반공업지역,20221008
경상남도 양산시 북정동 208-6번지,48330,10700,0,0208,0006,1000000000000000863023,,,,1,용도지역코드,UQA320,일반공업지역,1,0,,일반공업지역,20251219
경상남도 양산시 북정동 208-6번지,48330,10700,0,0208,0006,1000000000000000863023,,,,3,용도구역코드,UMZ100,가축사육제한구역,1,0,,가축사육제한구역,20251219
경상남도 양산시 북정동 208-6번지,48330,10700,0,0208,0006,1264100032740,,,,1,용도지역코드,UQA320,일반공업지역,1,0,,일반공업지역,20221008
경상남도 양산시 북정동 208-8번지,48330,10700,0,0208,0008,1264100023346,,,,1,용도지역코드,UQA320,일반공업지역,1,0,,일반공업지역,20221008
경상남도 양산시 북정동 208-8번지,48330,10700,0,0208,0008,1264100016974,,,,1,용도지역코드,1220,일반공업지역,1,0,,일반공업지역,20221008
경상남도 양산시 북정동 208-8번지,48330,10700,0,0208,0008,1264316,,,,1,용도지역코드,1220,일반공업지역,1,0,,일반공업지역,20221008
경상남도 양산시 북정동 210-29번지,48330,10700,0,0210,0029,1000000000000001002580,,,,1,용도지역코드,UQA320,일반공업지역,1,0,,일반공업지역,20260728
경상남도 양산시 북정동 210-29번지,48330,10700,0,0210,0029,1000000000000001002580,,,,3,용도구역코드,UMZ100,가축사육제한구역,1,0,,가축사육제한구역,20260728
경상남도 양산시 북정동 210-29번지,48330,10700,0,0210,0029,12647400,,,,1,용도지역코드,1220,일반공업지역,1,0,,일반공업지역,20221008
경상남도 양산시 북정동 210-46번지,48330,10700,0,0210,0046,12643400,,,,1,용도지역코드,1220,일반공업지역,1,0,,일반공업지역,20221008
경상남도 양산시 북정동 210-52번지,48330,10700,0,0210,0052,12647285,,,,1,용도지역코드,1220,일반공업지역,1,0,,일반공업지역,20221008
경상남도 양산시 북정동 210-52번지,48330,10700,0,0210,0052,12647285,,,,3,용도구역코드,010,도시계획구역,1,0,,도시계획구역,20221008
경상남도 양산시 북정동 210-52번지,48330,10700,0,0210,0052,1264100105116,,,,1,용도지역코드,UQA320,일반공업지역,1,0,,일반공업지역,20221008
경상남도 양산시 북정동 210-52번지,48330,10700,0,0210,0052,1264100027970,,,,1,용도지역코드,UQA320,일반공업지역,1,0,,일반공업지역,20221008
경상남도 양산시 북정동 210-57번지,48330,10700,0,0210,0057,12648265,,,,1,용도지역코드,1220,일반공업지역,1,0,,일반공업지역,20221008
경상남도 양산시 북정동 210-58번지,48330,10700,0,0210,0058,12647618,,,,1,용도지역코드,1220,일반공업지역,1,0,,일반공업지역,20221008
경상남도 양산시 북정동 210-58번지,48330,10700,0,0210,0058,1264100152935,,,,1,용도지역코드,UQA320,일반공업지역,1,0,,일반공업지역,20221008
경상남도 양산시 북정동 210-58번지,48330,10700,0,0210,0058,1264913,,,,1,용도지역코드,1330,자연녹지지역,1,0,,자연녹지지역,20221008
경상남도 양산시 북정동 210-58번지,48330,10700,0,0210,0058,12648904,,,,1,용도지역코드,1220,일반공업지역,1,0,,일반공업지역,20221008
경상남도 양산시 북정동 210-80번지,48330,10700,0,0210,0080,1264100076380,,,,1,용도지역코드,UQA320,일반공업지역,1,0,,일반공업지역,20221008
경상남도 양산시 북정동 210-80번지,48330,10700,0,0210,0080,1264100101435,,,,1,용도지역코드,UQA320,일반공업지역,1,0,,일반공업지역,20221008
경상남도 양산시 북정동 210-80번지,48330,10700,0,0210,0080,12642601,,,,1,용도지역코드,1330,자연녹지지역,1,0,,자연녹지지역,20221008
경상남도 양산시 북정동 214-1번지,48330,10700,0,0214,0001,1264100009792,,,,1,용도지역코드,1220,일반공업지역,1,0,,일반공업지역,20221008
경상남도 양산시 북정동 216-1번지,48330,10700,0,0216,0001,1000000000000000506608,,,,1,용도지역코드,UQA320,일반공업지역,1,0,,일반공업지역,20250110
경상남도 양산시 북정동 232-1번지,48330,10700,0,0232,0001,12646551,,,,1,용도지역코드,1220,일반공업지역,1,0,,일반공업지역,20221008
경상남도 양산시 북정동 232-1번지,48330,10700,0,0232,0001,1264100007706,,,,1,용도지역코드,1220,일반공업지역,1,0,,일반공업지역,20221008
경상남도 양산시 북정동 236번지,48330,10700,0,0236,0000,12646008,,,,1,용도지역코드,1220,일반공업지역,1,0,,일반공업지역,20221008
경상남도 양산시 북정동 236번지,48330,10700,0,0236,0000,12648244,,,,1,용도지역코드,1220,일반공업지역,1,0,,일반공업지역,20221008
경상남도 양산시 북정동 236번지,48330,10700,0,0236,0000,12646627,,,,1,용도지역코드,1220,일반공업지역,1,0,,일반공업지역,20221008
경상남도 양산시 북정동 236번지,48330,10700,0,0236,0000,12641378,경상남도 양산시 북정동,236,,1,용도지역코드,1220,일반공업지역,1,0,,일반공업지역,20221008
경상남도 양산시 북정동 236-6번지,48330,10700,0,0236,0006,12641802,,,,1,용도지역코드,1220,일반공업지역,1,0,,일반공업지역,20221008
경상남도 양산시 북정동 236-7번지,48330,10700,0,0236,0007,1264100107776,,,,1,용도지역코드,UQA320,일반공업지역,1,0,,일반공업지역,20221008
경상남도 양산시 북정동 236-7번지,48330,10700,0,0236,0007,1264100107776,,,,3,용도구역코드,UMZ100,가축사육제한구역,1,0,,가축사육제한구역,20221008
경상남도 양산시 북정동 236-7번지,48330,10700,0,0236,0007,1264100018658,,,,1,용도지역코드,1220,일반공업지역,1,0,,일반공업지역,20221008
경상남도 양산시 북정동 236-10번지,48330,10700,0,0236,0010,1264100081599,,,,1,용도지역코드,UQA320,일반공업지역,1,0,,일반공업지역,20221008
경상남도 양산시 북정동 236-11번지,48330,10700,0,0236,0011,1264100138063,,,,1,용도지역코드,UQA320,일반공업지역,1,0,,일반공업지역,20221008
경상남도 양산시 북정동 236-11번지,48330,10700,0,0236,0011,1264100144824,,,,1,용도지역코드,UQA320,일반공업지역,1,0,,일반공업지역,20221008
경상남도 양산시 북정동 236-11번지,48330,10700,0,0236,0011,12641962,경상남도 양산시 북정동,236,11,1,용도지역코드,1230,준공업지역,1,0,,준공업지역,20221008
경상남도 양산시 북정동 236-11번지,48330,10700,0,0236,0011,12641981,경상남도 양산시 북정동,236,11,1,용도지역코드,1220,일반공업지역,1,0,,일반공업지역,20221008
경상남도 양산시 북정동 236-11번지,48330,10700,0,0236,0011,12642182,,,,1,용도지역코드,1220,일반공업지역,1,0,,일반공업지역,20221008
경상남도 양산시 북정동 236-14번지,48330,10700,0,0236,0014,12648095,,,,1,용도지역코드,1220,일반공업지역,1,0,,일반공업지역,20221008
경상남도 양산시 북정동 236-14번지,48330,10700,0,0236,0014,12648095,,,,3,용도구역코드,010,도시계획구역,1,0,,도시계획구역,20221008
경상남도 양산시 북정동 237번지,48330,10700,0,0237,0000,1000000000000000199017,,,,1,용도지역코드,UQA320,일반공업지역,1,0,,일반공업지역,20221220
경상남도 양산시 북정동 237번지,48330,10700,0,0237,0000,1264100132364,,,,1,용도지역코드,UQA320,일반공업지역,1,0,,일반공업지역,20221008
경상남도 양산시 북정동 237번지,48330,10700,0,0237,0000,1000000000000000226797,,,,1,용도지역코드,UQA320,일반공업지역,1,0,,일반공업지역,20250206
경상남도 양산시 북정동 237번지,48330,10700,0,0237,0000,1000000000000000363309,,,,1,용도지역코드,UQA320,일반공업지역,1,0,,일반공업지역,20230830
경상남도 양산시 북정동 237번지,48330,10700,0,0237,0000,1264100156596,,,,3,용도구역코드,UMZ100,가축사육제한구역,1,0,,가축사육제한구역,20240501
경상남도 양산시 북정동 237번지,48330,10700,0,0237,0000,1264100156596,,,,1,용도지역코드,UQA320,일반공업지역,1,0,,일반공업지역,20240501
경상남도 양산시 북정동 237번지,48330,10700,0,0237,0000,1000000000000000316498,,,,1,용도지역코드,UQA320,일반공업지역,1,0,,일반공업지역,20230615
경상남도 양산시 북정동 237번지,48330,10700,0,0237,0000,1000000000000000450751,,,,1,용도지역코드,UQA320,일반공업지역,1,0,,일반공업지역,20240125
경상남도 양산시 북정동 237번지,48330,10700,0,0237,0000,1000000000000000358002,,,,1,용도지역코드,UQA320,일반공업지역,1,0,,일반공업지역,20230821
경상남도 양산시 북정동 237번지,48330,10700,0,0237,0000,1264100051108,,,,1,용도지역코드,UQA320,일반공업지역,1,0,,일반공업지역,20221008
경상남도 양산시 북정동 237번지,48330,10700,0,0237,0000,1264100029254,,,,1,용도지역코드,UQA320,일반공업지역,1,0,,일반공업지역,20221008
경상남도 양산시 북정동 237번지,48330,10700,0,0237,0000,1264760,,,,1,용도지역코드,1220,일반공업지역,1,0,,일반공업지역,20221008
경상남도 양산시 북정동 237번지,48330,10700,0,0237,0000,1000000000000000233201,,,,1,용도지역코드,UQA320,일반공업지역,1,0,,일반공업지역,20231204
경상남도 양산시 북정동 237-6번지,48330,10700,0,0237,0006,1264100099633,,,,1,용도지역코드,UQA320,일반공업지역,1,0,,일반공업지역,20221008
경상남도 양산시 북정동 237-11번지,48330,10700,0,0237,0011,12643631,,,,1,용도지역코드,1220,일반공업지역,1,0,,일반공업지역,20221008
경상남도 양산시 북정동 237-14번지,48330,10700,0,0237,0014,1264304,,237,14,1,용도지역코드,1220,일반공업지역,1,0,,일반공업지역,20221008
경상남도 양산시 북정동 237-16번지,48330,10700,0,0237,0016,12642928,,,,1,용도지역코드,1220,일반공업지역,1,0,,일반공업지역,20221008
경상남도 양산시 북정동 237-16번지,48330,10700,0,0237,0016,1264100050287,,,,1,용도지역코드,UQA320,일반공업지역,1,0,,일반공업지역,20221008
경상남도 양산시 북정동 237-16번지,48330,10700,0,0237,0016,1264100050287,,,,3,용도구역코드,UOA120,상대보호구역,1,0,,상대정화구역,20221008
경상남도 양산시 북정동 237-16번지,48330,10700,0,0237,0016,12646069,,,,1,용도지역코드,1220,일반공업지역,1,0,,일반공업지역,20221008
경상남도 양산시 북정동 237-16번지,48330,10700,0,0237,0016,12646350,,,,1,용도지역코드,1220,일반공업지역,1,0,,일반공업지역,20221008
경상남도 양산시 북정동 237-16번지,48330,10700,0,0237,0016,12643404,,237,17,1,용도지역코드,1220,일반공업지역,1,0,,일반공업지역,20221008
경상남도 양산시 북정동 237-16번지,48330,10700,0,0237,0016,1264100026671,,,,1,용도지역코드,UQA320,일반공업지역,1,0,,일반공업지역,20221008
경상남도 양산시 북정동 237-16번지,48330,10700,0,0237,0016,1264100026671,,,,3,용도구역코드,UOA120,상대보호구역,1,0,,상대정화구역,20221008
경상남도 양산시 북정동 237-16번지,48330,10700,0,0237,0016,12643016,,,,1,용도지역코드,1220,일반공업지역,1,0,,일반공업지역,20221008
경상남도 양산시 북정동 237-18번지,48330,10700,0,0237,0018,12647417,,,,1,용도지역코드,1220,일반공업지역,1,0,,일반공업지역,20221008
경상남도 양산시 북정동 237-18번지,48330,10700,0,0237,0018,12646628,,,,1,용도지역코드,1220,일반공업지역,1,0,,일반공업지역,20221008
경상남도 양산시 북정동 237-18번지,48330,10700,0,0237,0018,1264100137746,,,,1,용도지역코드,UQA320,일반공업지역,1,0,,일반공업지역,20221008
경상남도 양산시 북정동 237-18번지,48330,10700,0,0237,0018,1264100137746,,,,3,용도구역코드,UOA120,상대보호구역,1,0,,상대보호구역,20221008
경상남도 양산시 북정동 237-20번지,48330,10700,0,0237,0020,1264100148350,,,,1,용도지역코드,UQA320,일반공업지역,1,0,,일반공업지역,20221008
경상남도 양산시 북정동 237-20번지,48330,10700,0,0237,0020,12647615,,,,1,용도지역코드,1220,일반공업지역,1,0,,일반공업지역,20221008
경상남도 양산시 북정동 237-23번지,48330,10700,0,0237,0023,12642321,,,,1,용도지역코드,1220,일반공업지역,1,0,,일반공업지역,20221008
경상남도 양산시 북정동 237-23번지,48330,10700,0,0237,0023,12642344,,,,1,용도지역코드,1220,일반공업지역,1,0,,일반공업지역,20221008
경상남도 양산시 북정동 237-25번지,48330,10700,0,0237,0025,12644141,,,,1,용도지역코드,1220,일반공업지역,1,0,,일반공업지역,20221008
경상남도 양산시 북정동 237-29번지,48330,10700,0,0237,0029,12647758,,,,1,용도지역코드,1220,일반공업지역,1,0,,일반공업지역,20221008
경상남도 양산시 북정동 237-29번지,48330,10700,0,0237,0029,12647758,,,,3,용도구역코드,010,도시계획구역,1,0,,도시계획구역,20221008
경상남도 양산시 북정동 237-29번지,48330,10700,0,0237,0029,12642663,,,,1,용도지역코드,1220,일반공업지역,1,0,,일반공업지역,20221008
경상남도 양산시 북정동 237-29번지,48330,10700,0,0237,0029,1264100147433,,,,1,용도지역코드,UQA320,일반공업지역,1,0,,일반공업지역,20221008
경상남도 양산시 북정동 237-29번지,48330,10700,0,0237,0029,1264100147433,,,,3,용도구역코드,UOA120,상대보호구역,1,0,,상대보호구역,20221008
경상남도 양산시 북정동 237-29번지,48330,10700,0,0237,0029,1264100029255,,,,1,용도지역코드,UQA320,일반공업지역,1,0,,일반공업지역,20221008
경상남도 양산시 북정동 237-29번지,48330,10700,0,0237,0029,1264100029255,,,,3,용도구역코드,UOA120,상대보호구역,1,0,,상대정화구역,20221008
경상남도 양산시 북정동 237-29번지,48330,10700,0,0237,0029,1264100055788,,,,1,용도지역코드,UQA320,일반공업지역,1,0,,일반공업지역,20221008
경상남도 양산시 북정동 237-29번지,48330,10700,0,0237,0029,12649437,,,,1,용도지역코드,1220,일반공업지역,1,0,,일반공업지역,20221008
경상남도 양산시 북정동 237-30번지,48330,10700,0,0237,0030,1000000000000000778836,,,,3,용도구역코드,UMZ100,가축사육제한구역,1,0,,가축사육제한구역,20250806
경상남도 양산시 북정동 237-30번지,48330,10700,0,0237,0030,1000000000000000778836,,,,1,용도지역코드,UQA320,일반공업지역,1,0,,일반공업지역,20250806
경상남도 양산시 북정동 237-30번지,48330,10700,0,0237,0030,1000000000000000820635,,,,1,용도지역코드,UQA320,일반공업지역,1,0,,일반공업지역,20251014
경상남도 양산시 북정동 237-30번지,48330,10700,0,0237,0030,1000000000000000820635,,,,3,용도구역코드,UMZ100,가축사육제한구역,1,0,,가축사육제한구역,20251014
경상남도 양산시 북정동 237-31번지,48330,10700,0,0237,0031,1264100017255,,,,1,용도지역코드,1220,일반공업지역,1,0,,일반공업지역,20221008
경상남도 양산시 북정동 237-32번지,48330,10700,0,0237,0032,1264100117196,,,,1,용도지역코드,UQA320,일반공업지역,1,0,,일반공업지역,20221008
경상남도 양산시 북정동 237-32번지,48330,10700,0,0237,0032,12649366,,,,1,용도지역코드,1220,일반공업지역,1,0,,일반공업지역,20221008
경상남도 양산시 북정동 237-34번지,48330,10700,0,0237,0034,1264100099635,,,,1,용도지역코드,UQA320,일반공업지역,1,0,,일반공업지역,20221008
경상남도 양산시 북정동 247-2번지,48330,10700,0,0247,0002,12647373,,,,1,용도지역코드,1220,일반공업지역,1,0,,일반공업지역,20221008
경상남도 양산시 북정동 247-2번지,48330,10700,0,0247,0002,12647373,,,,3,용도구역코드,010,도시계획구역,1,0,,도시계획구역,20221008
경상남도 양산시 북정동 247-2번지,48330,10700,0,0247,0002,126440,,,,1,용도지역코드,1220,일반공업지역,1,0,,일반공업지역,20221008
경상남도 양산시 북정동 248-3번지,48330,10700,0,0248,0003,12641325,248-3,,,1,용도지역코드,1220,일반공업지역,1,0,,일반공업지역,20221008
경상남도 양산시 북정동 253-21번지,48330,10700,0,0253,0021,1264100095646,,,,1,용도지역코드,UQA320,일반공업지역,1,0,,일반공업지역,20221008
경상남도 양산시 북정동 253-21번지,48330,10700,0,0253,0021,1000000000000000124237,,,,1,용도지역코드,UQA320,일반공업지역,1,0,,일반공업지역,20221110
경상남도 양산시 북정동 259-5번지,48330,10700,0,0259,0005,1000000000000000489896,,,,3,용도구역코드,UMZ100,가축사육제한구역,1,0,,가축사육제한구역,20240403
경상남도 양산시 북정동 259-5번지,48330,10700,0,0259,0005,1000000000000000489896,,,,1,용도지역코드,UQA320,일반공업지역,1,0,,일반공업지역,20240403
경상남도 양산시 북정동 259-5번지,48330,10700,0,0259,0005,1264100075741,,,,1,용도지역코드,UQA320,일반공업지역,1,0,,일반공업지역,20221008
경상남도 양산시 북정동 259-5번지,48330,10700,0,0259,0005,1264100153672,,,,1,용도지역코드,UQA320,일반공업지역,1,0,,일반공업지역,20221228
경상남도 양산시 북정동 259-5번지,48330,10700,0,0259,0005,1264100153672,,,,3,용도구역코드,UMZ100,가축사육제한구역,1,0,,가축사육제한구역,20221228
경상남도 양산시 북정동 259-5번지,48330,10700,0,0259,0005,1264100041242,,,,1,용도지역코드,UQA320,일반공업지역,1,0,,일반공업지역,20221008
경상남도 양산시 북정동 259-5번지,48330,10700,0,0259,0005,1264100035852,,,,1,용도지역코드,UQA320,일반공업지역,1,0,,일반공업지역,20221008
경상남도 양산시 북정동 259-5번지,48330,10700,0,0259,0005,1264100065560,,,,1,용도지역코드,UQA320,일반공업지역,1,0,,일반공업지역,20221008
경상남도 양산시 북정동 259-5번지,48330,10700,0,0259,0005,12647624,,,,1,용도지역코드,1220,일반공업지역,1,0,,일반공업지역,20221008
경상남도 양산시 북정동 259-5번지,48330,10700,0,0259,0005,12647624,,,,3,용도구역코드,010,도시계획구역,1,0,,도시계획구역,20221008
경상남도 양산시 북정동 259-5번지,48330,10700,0,0259,0005,12644095,,,,1,용도지역코드,1220,일반공업지역,1,0,,일반공업지역,20221008
경상남도 양산시 북정동 259-5번지,48330,10700,0,0259,0005,1264100059014,,,,1,용도지역코드,UQA320,일반공업지역,1,0,,일반공업지역,20221008
경상남도 양산시 북정동 259-5번지,48330,10700,0,0259,0005,1264100098513,,,,1,용도지역코드,UQA320,일반공업지역,1,0,,일반공업지역,20221008
경상남도 양산시 북정동 259-5번지,48330,10700,0,0259,0005,1264100130483,,,,1,용도지역코드,UQA320,일반공업지역,1,0,,일반공업지역,20221008
경상남도 양산시 북정동 259-5번지,48330,10700,0,0259,0005,1264100153673,,,,1,용도지역코드,UQA320,일반공업지역,1,0,,일반공업지역,20221008
경상남도 양산시 북정동 259-5번지,48330,10700,0,0259,0005,1264100153673,,,,3,용도구역코드,UMZ100,가축사육제한구역,1,0,,가축사육제한구역,20221008
경상남도 양산시 북정동 259-5번지,48330,10700,0,0259,0005,12649481,,,,1,용도지역코드,1220,일반공업지역,1,0,,일반공업지역,20221008
경상남도 양산시 북정동 263-1번지,48330,10700,0,0263,0001,1000000000000000709221,,,,1,용도지역코드,UQA320,일반공업지역,1,0,,일반공업지역,20251216
경상남도 양산시 북정동 263-1번지,48330,10700,0,0263,0001,1000000000000000623759,,,,1,용도지역코드,UQA320,일반공업지역,1,0,,일반공업지역,20241230
경상남도 양산시 북정동 263-1번지,48330,10700,0,0263,0001,1000000000000000253878,,,,1,용도지역코드,UQA320,일반공업지역,1,0,,일반공업지역,20230321
경상남도 양산시 북정동 263-1번지,48330,10700,0,0263,0001,1000000000000000298059,,,,3,용도구역코드,UMZ100,가축사육제한구역,1,0,,가축사육제한구역,20230727
경상남도 양산시 북정동 263-1번지,48330,10700,0,0263,0001,1000000000000000298059,,,,1,용도지역코드,UQA320,일반공업지역,1,0,,일반공업지역,20230727
경상남도 양산시 북정동 263-1번지,48330,10700,0,0263,0001,1000000000000000496045,,,,1,용도지역코드,UQA320,일반공업지역,1,0,,일반공업지역,20240412
경상남도 양산시 북정동 263-1번지,48330,10700,0,0263,0001,1000000000000000496045,,,,3,용도구역코드,UMZ100,가축사육제한구역,1,0,,가축사육제한구역,20240412
경상남도 양산시 북정동 263-1번지,48330,10700,0,0263,0001,1000000000000000070698,,,,1,용도지역코드,UQA320,일반공업지역,1,0,,일반공업지역,20230503
경상남도 양산시 북정동 263-1번지,48330,10700,0,0263,0001,1264100058030,,,,1,용도지역코드,UQA320,일반공업지역,1,0,,일반공업지역,20221008
경상남도 양산시 북정동 263-1번지,48330,10700,0,0263,0001,1264100052547,,,,1,용도지역코드,UQA320,일반공업지역,1,0,,일반공업지역,20221008
경상남도 양산시 북정동 263-1번지,48330,10700,0,0263,0001,1000000000000000287841,,,,1,용도지역코드,UQA320,일반공업지역,1,0,,일반공업지역,20230504
경상남도 양산시 북정동 263-1번지,48330,10700,0,0263,0001,12643427,,,,1,용도지역코드,1220,일반공업지역,1,0,,일반공업지역,20221008
경상남도 양산시 북정동 263-1번지,48330,10700,0,0263,0001,12641435,,,,1,용도지역코드,1220,일반공업지역,1,0,,일반공업지역,20221008
경상남도 양산시 북정동 263-1번지,48330,10700,0,0263,0001,12649482,,,,1,용도지역코드,1220,일반공업지역,1,0,,일반공업지역,20221008
경상남도 양산시 북정동 263-9번지,48330,10700,0,0263,0009,1000000000000000702684,,,,1,용도지역코드,UQA320,일반공업지역,1,0,,일반공업지역,20250414
경상남도 양산시 북정동 263-12번지,48330,10700,0,0263,0012,12641924,,,,1,용도지역코드,1220,일반공업지역,1,0,,일반공업지역,20221008
경상남도 양산시 북정동 267-7번지,48330,10700,0,0267,0007,12649653,,,,1,용도지역코드,1220,일반공업지역,1,0,,일반공업지역,20221008
경상남도 양산시 북정동 267-7번지,48330,10700,0,0267,0007,12648111,,,,1,용도지역코드,1220,일반공업지역,1,0,,일반공업지역,20221008
경상남도 양산시 북정동 267-7번지,48330,10700,0,0267,0007,12642610,,,,1,용도지역코드,1220,일반공업지역,1,0,,일반공업지역,20221008
경상남도 양산시 북정동 267-7번지,48330,10700,0,0267,0007,12641406,,,,1,용도지역코드,1220,일반공업지역,1,0,,일반공업지역,20221008
경상남도 양산시 북정동 267-7번지,48330,10700,0,0267,0007,1264318,,,,1,용도지역코드,1220,일반공업지역,1,0,,일반공업지역,20221008
경상남도 양산시 북정동 267-21번지,48330,10700,0,0267,0021,12646638,,,,1,용도지역코드,1220,일반공업지역,1,0,,일반공업지역,20221008
경상남도 양산시 북정동 270-9번지,48330,10700,0,0270,0009,1264100013794,,,,1,용도지역코드,1330,자연녹지지역,1,0,,자연녹지지역,20221008
경상남도 양산시 북정동 270-9번지,48330,10700,0,0270,0009,1264100013692,,,,1,용도지역코드,1330,자연녹지지역,1,0,,자연녹지지역,20221008
경상남도 양산시 북정동 270-18번지,48330,10700,0,0270,0018,1264100009512,,,,1,용도지역코드,1220,일반공업지역,1,0,,일반공업지역,20221008
경상남도 양산시 북정동 270-34번지,48330,10700,0,0270,0034,1264100018936,,,,1,용도지역코드,1330,자연녹지지역,1,0,,자연녹지지역,20221008
경상남도 양산시 북정동 287번지,48330,10700,0,0287,0000,1264731,,,,1,용도지역코드,1220,일반공업지역,1,0,,일반공업지역,20221008
경상남도 양산시 북정동 287번지,48330,10700,0,0287,0000,12644110,,,,1,용도지역코드,1220,일반공업지역,1,0,,일반공업지역,20221008
경상남도 양산시 북정동 287번지,48330,10700,0,0287,0000,12645066,,,,1,용도지역코드,1220,일반공업지역,1,0,,일반공업지역,20221008
경상남도 양산시 북정동 287번지,48330,10700,0,0287,0000,12643388,,,,1,용도지역코드,1220,일반공업지역,1,0,,일반공업지역,20221008
경상남도 양산시 북정동 287-1번지,48330,10700,0,0287,0001,1264100114616,,,,1,용도지역코드,UQA320,일반공업지역,1,0,,일반공업지역,20221008
경상남도 양산시 북정동 287-2번지,48330,10700,0,0287,0002,12645062,,,,1,용도지역코드,1220,일반공업지역,1,0,,일반공업지역,20221008
경상남도 양산시 북정동 287-2번지,48330,10700,0,0287,0002,12643416,,,,1,용도지역코드,1220,일반공업지역,1,0,,일반공업지역,20221008
경상남도 양산시 북정동 287-3번지,48330,10700,0,0287,0003,1264100030717,,,,1,용도지역코드,UQA320,일반공업지역,1,0,,일반공업지역,20221008
경상남도 양산시 북정동 287-3번지,48330,10700,0,0287,0003,12647412,,,,1,용도지역코드,1220,일반공업지역,1,0,,일반공업지역,20221008
경상남도 양산시 북정동 287-3번지,48330,10700,0,0287,0003,12647412,,,,2,용도지구코드,340,토지구획정리사업지구,1,0,,토지구획정리사업지구,20221008
경상남도 양산시 북정동 287-3번지,48330,10700,0,0287,0003,12647412,,,,3,용도구역코드,010,도시계획구역,1,0,,도시계획구역,20221008
경상남도 양산시 북정동 287-4번지,48330,10700,0,0287,0004,1264100139826,,,,1,용도지역코드,UQA320,일반공업지역,1,0,,일반공업지역,20221008
경상남도 양산시 북정동 287-4번지,48330,10700,0,0287,0004,1264100139826,,,,2,용도지구코드,,,1,0,,,20221008
경상남도 양산시 북정동 287-4번지,48330,10700,0,0287,0004,1264100139826,,,,3,용도구역코드,,,1,0,,,20221008
경상남도 양산시 북정동 287-4번지,48330,10700,0,0287,0004,1264100140883,,,,1,용도지역코드,UQA320,일반공업지역,1,0,,일반공업지역,20221008
경상남도 양산시 북정동 287-4번지,48330,10700,0,0287,0004,1264100120404,,,,1,용도지역코드,UQA320,일반공업지역,1,0,,일반공업지역,20221008
경상남도 양산시 북정동 287-4번지,48330,10700,0,0287,0004,12642891,,,,1,용도지역코드,1220,일반공업지역,1,0,,일반공업지역,20221008
경상남도 양산시 북정동 287-4번지,48330,10700,0,0287,0004,12642180,,,,1,용도지역코드,1220,일반공업지역,1,0,,일반공업지역,20221008
경상남도 양산시 북정동 287-4번지,48330,10700,0,0287,0004,1264257,,,,1,용도지역코드,1220,일반공업지역,1,0,,일반공업지역,20221008
경상남도 양산시 북정동 287-4번지,48330,10700,0,0287,0004,1264934,287-4,,,1,용도지역코드,1220,일반공업지역,1,0,,일반공업지역,20221008
경상남도 양산시 북정동 287-6번지,48330,10700,0,0287,0006,1264100093161,,,,1,용도지역코드,UQA001,도시지역,1,0,,도시지역,20221008
경상남도 양산시 북정동 287-6번지,48330,10700,0,0287,0006,1264100093161,,,,1,용도지역코드,UQA320,일반공업지역,0,0,,일반공업지역,20221008
경상남도 양산시 북정동 287-6번지,48330,10700,0,0287,0006,1264260,,,,1,용도지역코드,1220,일반공업지역,1,0,,일반공업지역,20221008
경상남도 양산시 북정동 287-7번지,48330,10700,0,0287,0007,1264100155191,,,,3,용도구역코드,UMZ100,가축사육제한구역,1,0,,가축사육제한구역,20231013
경상남도 양산시 북정동 287-7번지,48330,10700,0,0287,0007,1264100155191,,,,1,용도지역코드,UQA320,일반공업지역,1,0,,일반공업지역,20231013
경상남도 양산시 북정동 287-7번지,48330,10700,0,0287,0007,12642541,,,,1,용도지역코드,1220,일반공업지역,1,0,,일반공업지역,20221008
경상남도 양산시 북정동 287-7번지,48330,10700,0,0287,0007,12642172,경상남도 양산시 북정동,287,7,1,용도지역코드,1220,일반공업지역,1,0,,일반공업지역,20221008
경상남도 양산시 북정동 287-7번지,48330,10700,0,0287,0007,12642465,경상남도 양산시 북정동,287,7,1,용도지역코드,1220,일반공업지역,1,0,,일반공업지역,20221008
경상남도 양산시 북정동 287-7번지,48330,10700,0,0287,0007,12641934,경상남도 양산시 북정동,387,7,1,용도지역코드,1220,일반공업지역,1,0,,일반공업지역,20221008
경상남도 양산시 북정동 289번지,48330,10700,0,0289,0000,1264100017294,,,,1,용도지역코드,1220,일반공업지역,1,0,,일반공업지역,20221008
경상남도 양산시 북정동 289번지,48330,10700,0,0289,0000,1000000000000000865428,,,,1,용도지역코드,UQA320,일반공업지역,1,0,,일반공업지역,20260203
경상남도 양산시 북정동 289번지,48330,10700,0,0289,0000,1000000000000000865428,,,,3,용도구역코드,UMZ100,가축사육제한구역,1,0,,가축사육제한구역,20260203
경상남도 양산시 북정동 289번지,48330,10700,0,0289,0000,1264100123445,,,,1,용도지역코드,UQA320,일반공업지역,1,0,,일반공업지역,20221008
경상남도 양산시 북정동 289번지,48330,10700,0,0289,0000,12644100,,,,1,용도지역코드,1220,일반공업지역,1,0,,일반공업지역,20221008
경상남도 양산시 북정동 289번지,48330,10700,0,0289,0000,1264100131803,,,,1,용도지역코드,UQA320,일반공업지역,1,0,,일반공업지역,20221008
경상남도 양산시 북정동 289번지,48330,10700,0,0289,0000,1264100123939,,,,1,용도지역코드,UQA320,일반공업지역,1,0,,일반공업지역,20221008
경상남도 양산시 북정동 289번지,48330,10700,0,0289,0000,1264100095968,,,,1,용도지역코드,UQA320,일반공업지역,1,0,,일반공업지역,20221008
경상남도 양산시 북정동 289번지,48330,10700,0,0289,0000,1264100082379,,,,1,용도지역코드,UQA320,일반공업지역,1,0,,일반공업지역,20221008
경상남도 양산시 북정동 289번지,48330,10700,0,0289,0000,12643012,,,,1,용도지역코드,1220,일반공업지역,1,0,,일반공업지역,20221008
경상남도 양산시 북정동 289번지,48330,10700,0,0289,0000,1264733,,,,1,용도지역코드,1220,일반공업지역,1,0,,일반공업지역,20221008
경상남도 양산시 북정동 289-1번지,48330,10700,0,0289,0001,1264100021722,,,,1,용도지역코드,UQA320,일반공업지역,1,0,,일반공업지역,20221008
경상남도 양산시 북정동 289-1번지,48330,10700,0,0289,0001,1264100052728,,,,1,용도지역코드,UQA320,일반공업지역,1,0,,일반공업지역,20221008
경상남도 양산시 북정동 289-1번지,48330,10700,0,0289,0001,12646082,,,,1,용도지역코드,1220,일반공업지역,1,0,,일반공업지역,20221008
경상남도 양산시 북정동 289-1번지,48330,10700,0,0289,0001,12645149,,,,1,용도지역코드,1220,일반공업지역,1,0,,일반공업지역,20221008
경상남도 양산시 북정동 289-1번지,48330,10700,0,0289,0001,1264100032437,,,,1,용도지역코드,UQA320,일반공업지역,1,0,,일반공업지역,20221008
경상남도 양산시 북정동 289-2번지,48330,10700,0,0289,0002,1264100015315,,,,1,용도지역코드,1220,일반공업지역,1,0,,일반공업지역,20221008
경상남도 양산시 북정동 289-2번지,48330,10700,0,0289,0002,12643456,,,,1,용도지역코드,1220,일반공업지역,1,0,,일반공업지역,20221008
경상남도 양산시 북정동 289-2번지,48330,10700,0,0289,0002,1264100040624,,,,1,용도지역코드,UQA320,일반공업지역,1,0,,일반공업지역,20221008
경상남도 양산시 북정동 290번지,48330,10700,0,0290,0000,1264580,,,,1,용도지역코드,1220,일반공업지역,1,0,,일반공업지역,20221008
경상남도 양산시 북정동 290번지,48330,10700,0,0290,0000,1264942,290번지,,,1,용도지역코드,1220,일반공업지역,1,0,,일반공업지역,20221008
경상남도 양산시 북정동 290번지,48330,10700,0,0290,0000,12646184,,,,1,용도지역코드,1220,일반공업지역,1,0,,일반공업지역,20221008
경상남도 양산시 북정동 290-1번지,48330,10700,0,0290,0001,1264100092801,,,,1,용도지역코드,UQA320,일반공업지역,1,0,,일반공업지역,20221008
경상남도 양산시 북정동 290-1번지,48330,10700,0,0290,0001,1264100062720,,,,1,용도지역코드,UQA320,일반공업지역,1,0,,일반공업지역,20221008
경상남도 양산시 북정동 290-1번지,48330,10700,0,0290,0001,12641017,경상남도 양산시 북정동,290,1,1,용도지역코드,1220,일반공업지역,1,0,,일반공업지역,20221008
경상남도 양산시 북정동 290-2번지,48330,10700,0,0290,0002,12641909,경상남도 양산시 북정동,290,2,1,용도지역코드,1220,일반공업지역,1,0,,일반공업지역,20221008
경상남도 양산시 북정동 290-4번지,48330,10700,0,0290,0004,12646620,,,,1,용도지역코드,1220,일반공업지역,1,0,,일반공업지역,20221008
경상남도 양산시 북정동 290-6번지,48330,10700,0,0290,0006,1000000000000000442852,,,,3,용도구역코드,UOA110,절대정화구역,0,0,,절대보호구역,20250404
경상남도 양산시 북정동 290-6번지,48330,10700,0,0290,0006,1000000000000000442852,,,,1,용도지역코드,UQA320,일반공업지역,1,0,,일반공업지역,20250404
경상남도 양산시 북정동 290-6번지,48330,10700,0,0290,0006,1000000000000000442852,,,,3,용도구역코드,UOA120,상대보호구역,1,0,,상대보호구역,20250404
경상남도 양산시 북정동 290-6번지,48330,10700,0,0290,0006,1000000000000000243834,,,,1,용도지역코드,UQA320,일반공업지역,1,0,,일반공업지역,20230308
경상남도 양산시 북정동 290-7번지,48330,10700,0,0290,0007,1000000000000000365881,,,,1,용도지역코드,UQA320,일반공업지역,1,0,,일반공업지역,20230904
경상남도 양산시 북정동 290-7번지,48330,10700,0,0290,0007,12649561,,,,1,용도지역코드,1220,일반공업지역,1,0,,일반공업지역,20221008
경상남도 양산시 북정동 290-8번지,48330,10700,0,0290,0008,1264261,,,,1,용도지역코드,1220,일반공업지역,1,0,,일반공업지역,20221008
경상남도 양산시 북정동 290-8번지,48330,10700,0,0290,0008,12642605,,,,1,용도지역코드,1220,일반공업지역,1,0,,일반공업지역,20221008
경상남도 양산시 북정동 290-9번지,48330,10700,0,0290,0009,1264100050390,,,,1,용도지역코드,UQA320,일반공업지역,1,0,,일반공업지역,20221008
경상남도 양산시 북정동 290-9번지,48330,10700,0,0290,0009,1264100119640,,,,1,용도지역코드,UQA320,일반공업지역,1,0,,일반공업지역,20221008
경상남도 양산시 북정동 290-9번지,48330,10700,0,0290,0009,1264100119640,,,,3,용도구역코드,UMZ100,가축사육제한구역,1,0,,가축사육제한구역,20221008
경상남도 양산시 북정동 290-13번지,48330,10700,0,0290,0013,1264100111137,,,,1,용도지역코드,UQA320,일반공업지역,1,0,,일반공업지역,20221008
경상남도 양산시 북정동 291번지,48330,10700,0,0291,0000,1000000000000000437247,,,,1,용도지역코드,UQA320,일반공업지역,1,0,,일반공업지역,20241226
경상남도 양산시 북정동 291번지,48330,10700,0,0291,0000,1000000000000000437247,,,,3,용도구역코드,UOA120,상대보호구역,1,0,,상대보호구역,20241226
경상남도 양산시 북정동 291번지,48330,10700,0,0291,0000,1000000000000000665056,,,,1,용도지역코드,UQA320,일반공업지역,1,0,,일반공업지역,20250326
경상남도 양산시 북정동 291번지,48330,10700,0,0291,0000,1000000000000000665056,,,,3,용도구역코드,UMZ100,가축사육제한구역,1,0,,가축사육제한구역,20250326
경상남도 양산시 북정동 291번지,48330,10700,0,0291,0000,1000000000000000665056,,,,3,용도구역코드,UOA120,상대보호구역,0,0,,상대보호구역,20250326
경상남도 양산시 북정동 291번지,48330,10700,0,0291,0000,1000000000000000437248,,,,1,용도지역코드,UQA320,일반공업지역,1,0,,일반공업지역,20231228
경상남도 양산시 북정동 291번지,48330,10700,0,0291,0000,1000000000000000437248,,,,3,용도구역코드,UOA120,상대보호구역,1,0,,상대보호구역,20231228
경상남도 양산시 북정동 291번지,48330,10700,0,0291,0000,1000000000000000571169,,,,1,용도지역코드,UQA320,일반공업지역,1,0,,일반공업지역,20240816
경상남도 양산시 북정동 291번지,48330,10700,0,0291,0000,1000000000000000571169,,,,3,용도구역코드,UOA120,상대보호구역,1,0,,상대보호구역,20240816
경상남도 양산시 북정동 291번지,48330,10700,0,0291,0000,1000000000000000599716,,,,1,용도지역코드,UQA320,일반공업지역,1,0,,일반공업지역,20241015
경상남도 양산시 북정동 291번지,48330,10700,0,0291,0000,1000000000000000208168,,,,1,용도지역코드,UHC999,공장입지기타,1,0,,공장입지기타,20230426
경상남도 양산시 북정동 291번지,48330,10700,0,0291,0000,1000000000000000532917,,,,1,용도지역코드,UQA320,일반공업지역,1,0,,일반공업지역,20240814
경상남도 양산시 북정동 291번지,48330,10700,0,0291,0000,12642205,,,,1,용도지역코드,1220,일반공업지역,1,0,,일반공업지역,20221008
경상남도 양산시 북정동 291번지,48330,10700,0,0291,0000,12643360,,,,1,용도지역코드,1220,일반공업지역,1,0,,일반공업지역,20221008
경상남도 양산시 북정동 291번지,48330,10700,0,0291,0000,12648589,,,,1,용도지역코드,1220,일반공업지역,1,0,,일반공업지역,20221008
경상남도 양산시 북정동 291번지,48330,10700,0,0291,0000,12646826,,,,1,용도지역코드,1220,일반공업지역,1,0,,일반공업지역,20221008
경상남도 양산시 북정동 291번지,48330,10700,0,0291,0000,12644269,,,291,1,용도지역코드,1220,일반공업지역,1,0,,일반공업지역,20221008
경상남도 양산시 북정동 291번지,48330,10700,0,0291,0000,12646661,,,,1,용도지역코드,1220,일반공업지역,1,0,,일반공업지역,20221008
경상남도 양산시 북정동 291번지,48330,10700,0,0291,0000,12645167,,291,,1,용도지역코드,1220,일반공업지역,1,0,,일반공업지역,20221008
경상남도 양산시 북정동 291번지,48330,10700,0,0291,0000,12646213,,,,1,용도지역코드,1220,일반공업지역,1,0,,일반공업지역,20221008
경상남도 양산시 북정동 291번지,48330,10700,0,0291,0000,1264100123940,,,,1,용도지역코드,UQA320,일반공업지역,1,0,,일반공업지역,20221008
경상남도 양산시 북정동 291번지,48330,10700,0,0291,0000,1264100123439,,,,1,용도지역코드,UQA320,일반공업지역,1,0,,일반공업지역,20221008
경상남도 양산시 북정동 291번지,48330,10700,0,0291,0000,12641047,,,,1,용도지역코드,1220,일반공업지역,1,0,,일반공업지역,20221008
경상남도 양산시 북정동 291번지,48330,10700,0,0291,0000,12643013,,,,1,용도지역코드,1220,일반공업지역,1,0,,일반공업지역,20221008
경상남도 양산시 북정동 291번지,48330,10700,0,0291,0000,1264100022368,,,,1,용도지역코드,UQA320,일반공업지역,1,0,,일반공업지역,20221008
경상남도 양산시 북정동 291번지,48330,10700,0,0291,0000,1264100015395,,,,1,용도지역코드,1220,일반공업지역,1,0,,일반공업지역,20221008
경상남도 양산시 북정동 291-1번지,48330,10700,0,0291,0001,1264100139663,,,,1,용도지역코드,UQA320,일반공업지역,1,0,,일반공업지역,20230803
경상남도 양산시 북정동 291-3번지,48330,10700,0,0291,0003,1264222,,,,1,용도지역코드,1220,일반공업지역,1,0,,일반공업지역,20221008
경상남도 양산시 북정동 291-5번지,48330,10700,0,0291,0005,1264100131663,,,,1,용도지역코드,UQA320,일반공업지역,1,0,,일반공업지역,20221008
경상남도 양산시 북정동 291-5번지,48330,10700,0,0291,0005,1264100131663,,,,3,용도구역코드,UOA120,상대보호구역,1,0,,상대보호구역,20221008
경상남도 양산시 북정동 291-5번지,48330,10700,0,0291,0005,12647465,,,,1,용도지역코드,1220,일반공업지역,1,0,,일반공업지역,20221008
경상남도 양산시 북정동 291-5번지,48330,10700,0,0291,0005,12646318,,,,1,용도지역코드,1220,일반공업지역,1,0,,일반공업지역,20221008
경상남도 양산시 북정동 291-5번지,48330,10700,0,0291,0005,1264603,,291,5,1,용도지역코드,1220,일반공업지역,1,0,,일반공업지역,20221008
경상남도 양산시 북정동 291-8번지,48330,10700,0,0291,0008,12645064,,,,1,용도지역코드,1220,일반공업지역,1,0,,일반공업지역,20221008
경상남도 양산시 북정동 291-8번지,48330,10700,0,0291,0008,1264100128181,,,,1,용도지역코드,UQA320,일반공업지역,1,0,,일반공업지역,20221008
경상남도 양산시 북정동 291-8번지,48330,10700,0,0291,0008,1264100128181,,,,3,용도구역코드,UOA120,상대보호구역,1,0,,상대보호구역,20221008
경상남도 양산시 북정동 291-8번지,48330,10700,0,0291,0008,12641903,경상남도 양산시 북정동,291,8,1,용도지역코드,1220,일반공업지역,1,0,,일반공업지역,20221008
경상남도 양산시 북정동 322-21번지,48330,10700,0,0322,0021,12644871,북정2지구토지구획정리사업지구내,27,3-3,1,용도지역코드,1022,제2종일반주거지역,1,0,,제2종일반주거지역,20221008
경상남도 양산시 북정동 330-18번지,48330,10700,0,0330,0018,12645714,북정2지구구획정리지구,21,3,1,용도지역코드,1022,제2종일반주거지역,1,0,,제2종일반주거지역,20221008
경상남도 양산시 북정동 336-1번지,48330,10700,0,0336,0001,1264100149478,,,,1,용도지역코드,UQA430,자연녹지지역,1,0,,자연녹지지역,20221008
경상남도 양산시 북정동 337-1번지,48330,10700,0,0337,0001,1264100145224,,,,1,용도지역코드,UQA430,자연녹지지역,1,0,,자연녹지지역,20221008
경상남도 양산시 북정동 337-1번지,48330,10700,0,0337,0001,1264100139644,,,,1,용도지역코드,UQA430,자연녹지지역,1,0,,자연녹지지역,20221008
경상남도 양산시 북정동 337-1번지,48330,10700,0,0337,0001,1000000000000000799434,,,,1,용도지역코드,UQA430,자연녹지지역,1,0,,자연녹지지역,20260121
경상남도 양산시 북정동 341번지,48330,10700,0,0341,0000,1000000000000000536047,,,,3,용도구역코드,UMZ100,가축사육제한구역,1,0,,가축사육제한구역,20250103
경상남도 양산시 북정동 341번지,48330,10700,0,0341,0000,1000000000000000536047,,,,1,용도지역코드,UQA430,자연녹지지역,1,0,,자연녹지지역,20250103
경상남도 양산시 북정동 347-2번지,48330,10700,0,0347,0002,1264100090822,,,,1,용도지역코드,UQA320,일반공업지역,1,0,,일반공업지역,20221008
경상남도 양산시 북정동 347-2번지,48330,10700,0,0347,0002,1264100090822,,,,3,용도구역코드,UOA120,상대보호구역,1,0,,상대정화구역,20221008
경상남도 양산시 북정동 347-2번지,48330,10700,0,0347,0002,1264100122599,,,,1,용도지역코드,UQA320,일반공업지역,1,0,,일반공업지역,20221008
경상남도 양산시 북정동 347-2번지,48330,10700,0,0347,0002,1264100136689,,,,1,용도지역코드,UQA320,일반공업지역,1,0,,일반공업지역,20221008
경상남도 양산시 북정동 347-2번지,48330,10700,0,0347,0002,1264100006528,,,,1,용도지역코드,1220,일반공업지역,1,0,,일반공업지역,20221008
경상남도 양산시 북정동 351번지,48330,10700,0,0351,0000,12643521,,,,1,용도지역코드,1220,일반공업지역,1,0,,일반공업지역,20221008
경상남도 양산시 북정동 352번지,48330,10700,0,0352,0000,12647451,,,,1,용도지역코드,1220,일반공업지역,1,0,,일반공업지역,20221008
경상남도 양산시 북정동 352번지,48330,10700,0,0352,0000,12648254,,,,1,용도지역코드,1220,일반공업지역,1,0,,일반공업지역,20221008
경상남도 양산시 북정동 352번지,48330,10700,0,0352,0000,1264100086021,,,,1,용도지역코드,UQA320,일반공업지역,1,0,,일반공업지역,20221008
경상남도 양산시 북정동 352번지,48330,10700,0,0352,0000,1264100008892,,,,1,용도지역코드,1220,일반공업지역,1,0,,일반공업지역,20221008
경상남도 양산시 북정동 352번지,48330,10700,0,0352,0000,1264100008892,,,,3,용도구역코드,990,기타구역,1,0,,기타구역,20221008
경상남도 양산시 북정동 354-2번지,48330,10700,0,0354,0002,12645069,,,,1,용도지역코드,1220,일반공업지역,1,0,,일반공업지역,20221008
경상남도 양산시 북정동 354-2번지,48330,10700,0,0354,0002,12642824,,,,1,용도지역코드,1220,일반공업지역,1,0,,일반공업지역,20221008
경상남도 양산시 북정동 355-2번지,48330,10700,0,0355,0002,12647485,,,,1,용도지역코드,1220,일반공업지역,1,0,,일반공업지역,20221008
경상남도 양산시 북정동 357번지,48330,10700,0,0357,0000,12644257,,,,1,용도지역코드,1220,일반공업지역,1,0,,일반공업지역,20221008
경상남도 양산시 북정동 357번지,48330,10700,0,0357,0000,12643379,,,,1,용도지역코드,1220,일반공업지역,1,0,,일반공업지역,20221008
경상남도 양산시 북정동 357번지,48330,10700,0,0357,0000,12642867,,,,1,용도지역코드,1220,일반공업지역,1,0,,일반공업지역,20221008
경상남도 양산시 북정동 357번지,48330,10700,0,0357,0000,1264956,357,,,1,용도지역코드,1220,일반공업지역,1,0,,일반공업지역,20221008
경상남도 양산시 북정동 365-2번지,48330,10700,0,0365,0002,12646727,,,,1,용도지역코드,1220,일반공업지역,1,0,,일반공업지역,20221008
경상남도 양산시 북정동 365-4번지,48330,10700,0,0365,0004,12646294,,,,1,용도지역코드,1220,일반공업지역,1,0,,일반공업지역,20221008
경상남도 양산시 북정동 365-5번지,48330,10700,0,0365,0005,1264100136809,,,,1,용도지역코드,UQA320,일반공업지역,1,0,,일반공업지역,20221008
경상남도 양산시 북정동 365-11번지,48330,10700,0,0365,0011,12646728,,,,1,용도지역코드,1220,일반공업지역,1,0,,일반공업지역,20221008
경상남도 양산시 북정동 368번지,48330,10700,0,0368,0000,12644482,,,,1,용도지역코드,1220,일반공업지역,1,0,,일반공업지역,20221008
경상남도 양산시 북정동 368번지,48330,10700,0,0368,0000,12644481,,,,1,용도지역코드,1220,일반공업지역,1,0,,일반공업지역,20221008
경상남도 양산시 북정동 368번지,48330,10700,0,0368,0000,12646185,,,,1,용도지역코드,1220,일반공업지역,1,0,,일반공업지역,20221008
경상남도 양산시 북정동 369-1번지,48330,10700,0,0369,0001,12644875,,,,1,용도지역코드,1220,일반공업지역,1,0,,일반공업지역,20221008
경상남도 양산시 북정동 388-1번지,48330,10700,0,0388,0001,12641872,,,,1,용도지역코드,1330,자연녹지지역,1,0,,자연녹지지역,20221008
경상남도 양산시 북정동 388-1번지,48330,10700,0,0388,0001,1264100083582,,,,3,용도구역코드,UOA120,상대보호구역,1,0,,상대정화구역,20221008
경상남도 양산시 북정동 388-1번지,48330,10700,0,0388,0001,1264100083582,,,,1,용도지역코드,UQA320,일반공업지역,1,0,,일반공업지역,20221008
경상남도 양산시 북정동 389번지,48330,10700,0,0389,0000,12646679,,,,1,용도지역코드,1220,일반공업지역,1,0,,일반공업지역,20221008
경상남도 양산시 북정동 390-1번지,48330,10700,0,0390,0001,12645654,,,,1,용도지역코드,1220,일반공업지역,1,0,,일반공업지역,20221008
경상남도 양산시 북정동 390-5번지,48330,10700,0,0390,0005,12646682,,,,1,용도지역코드,1220,일반공업지역,1,0,,일반공업지역,20221008
경상남도 양산시 북정동 390-10번지,48330,10700,0,0390,0010,12648308,,,,1,용도지역코드,1220,일반공업지역,1,0,,일반공업지역,20221008
경상남도 양산시 북정동 390-10번지,48330,10700,0,0390,0010,12648308,,,,3,용도구역코드,010,도시계획구역,1,0,,도시계획구역,20221008
경상남도 양산시 북정동 390-11번지,48330,10700,0,0390,0011,12646677,,,,1,용도지역코드,1220,일반공업지역,1,0,,일반공업지역,20221008
경상남도 양산시 북정동 390-11번지,48330,10700,0,0390,0011,12646675,,,,1,용도지역코드,1220,일반공업지역,1,0,,일반공업지역,20221008
경상남도 양산시 북정동 390-11번지,48330,10700,0,0390,0011,12646676,,,,1,용도지역코드,1220,일반공업지역,1,0,,일반공업지역,20221008
경상남도 양산시 북정동 395-3번지,48330,10700,0,0395,0003,12646016,,,,1,용도지역코드,1220,일반공업지역,1,0,,일반공업지역,20221008
경상남도 양산시 북정동 395-3번지,48330,10700,0,0395,0003,12646059,,,,1,용도지역코드,1220,일반공업지역,1,0,,일반공업지역,20221008
경상남도 양산시 북정동 395-3번지,48330,10700,0,0395,0003,12645254,,,,1,용도지역코드,1220,일반공업지역,1,0,,일반공업지역,20221008
경상남도 양산시 북정동 395-3번지,48330,10700,0,0395,0003,1264100128444,,,,1,용도지역코드,UQA320,일반공업지역,1,0,,일반공업지역,20221008
경상남도 양산시 북정동 395-3번지,48330,10700,0,0395,0003,1264100128444,,,,3,용도구역코드,UMZ100,가축사육제한구역,1,0,,가축사육제한구역,20221008
경상남도 양산시 북정동 395-3번지,48330,10700,0,0395,0003,1264100128444,,,,3,용도구역코드,UOA120,상대보호구역,0,0,,상대보호구역,20221008
경상남도 양산시 북정동 395-3번지,48330,10700,0,0395,0003,1264100131109,,,,1,용도지역코드,UQA320,일반공업지역,1,0,,일반공업지역,20221008
경상남도 양산시 북정동 395-3번지,48330,10700,0,0395,0003,1264100131109,,,,3,용도구역코드,UMZ100,가축사육제한구역,1,0,,가축사육제한구역,20221008
경상남도 양산시 북정동 395-3번지,48330,10700,0,0395,0003,1264100131109,,,,3,용도구역코드,UOA120,상대보호구역,0,0,,상대보호구역,20221008
경상남도 양산시 북정동 395-3번지,48330,10700,0,0395,0003,1264100020919,,,,1,용도지역코드,1220,일반공업지역,1,0,,일반공업지역,20221008
경상남도 양산시 북정동 395-4번지,48330,10700,0,0395,0004,12647486,,,,1,용도지역코드,1220,일반공업지역,1,0,,일반공업지역,20221008
경상남도 양산시 북정동 395-4번지,48330,10700,0,0395,0004,12647486,,,,3,용도구역코드,010,도시계획구역,1,0,,도시계획구역,20221008
경상남도 양산시 북정동 396번지,48330,10700,0,0396,0000,12647423,,,,1,용도지역코드,1220,일반공업지역,1,0,,일반공업지역,20221008
경상남도 양산시 북정동 400-1번지,48330,10700,0,0400,0001,1264100005345,,,,1,용도지역코드,1021,제1종일반주거지역,1,0,,제1종일반주거지역,20221008
경상남도 양산시 북정동 400-2번지,48330,10700,0,0400,0002,12644787,,,,1,용도지역코드,1022,제2종일반주거지역,1,0,,제2종일반주거지역,20221008
경상남도 양산시 북정동 400-3번지,48330,10700,0,0400,0003,1264100036496,,,,1,용도지역코드,UQA121,제1종일반주거지역,1,0,,제1종일반주거지역,20221008
경상남도 양산시 북정동 400-3번지,48330,10700,0,0400,0003,1264100036496,,,,3,용도구역코드,UQQ310,제1종지구단위계획구역,1,0,,제1종지구단위계획구역,20221008
경상남도 양산시 북정동 400-4번지,48330,10700,0,0400,0004,1264100032236,,,,1,용도지역코드,UQA121,제1종일반주거지역,1,0,,제1종일반주거지역,20221008
경상남도 양산시 북정동 400-4번지,48330,10700,0,0400,0004,1264100032236,,,,3,용도구역코드,UQQ310,제1종지구단위계획구역,1,0,,제1종지구단위계획구역,20221008
경상남도 양산시 북정동 400-5번지,48330,10700,0,0400,0005,1264100032538,,,,1,용도지역코드,UQA121,제1종일반주거지역,1,0,,제1종일반주거지역,20221008
경상남도 양산시 북정동 400-5번지,48330,10700,0,0400,0005,1264100032538,,,,3,용도구역코드,UQQ310,제1종지구단위계획구역,1,0,,제1종지구단위계획구역,20221008
경상남도 양산시 북정동 400-7번지,48330,10700,0,0400,0007,12643011,,,,1,용도지역코드,1020,일반주거지역,1,0,,일반주거지역,20221008
경상남도 양산시 북정동 400-7번지,48330,10700,0,0400,0007,12643011,,,,2,용도지구코드,160,택지개발지구,1,0,,택지개발지구,20221008
경상남도 양산시 북정동 400-7번지,48330,10700,0,0400,0007,12643011,,,,3,용도구역코드,300,지구단위계획구역,1,0,,지구단위계획구역,20221008
경상남도 양산시 북정동 400-8번지,48330,10700,0,0400,0008,1264100021017,,,,1,용도지역코드,1021,제1종일반주거지역,1,0,,제1종일반주거지역,20221008
경상남도 양산시 북정동 400-8번지,48330,10700,0,0400,0008,1264100021017,,,,3,용도구역코드,301,제1종지구단위계획구역,1,0,,제1종지구단위계획구역,20221008
경상남도 양산시 북정동 400-8번지,48330,10700,0,0400,0008,12642752,,,,1,용도지역코드,1020,일반주거지역,1,0,,일반주거지역,20221008
경상남도 양산시 북정동 400-8번지,48330,10700,0,0400,0008,12642752,,,,3,용도구역코드,050,상세계획구역,1,0,,상세계획구역,20221008
경상남도 양산시 북정동 401-1번지,48330,10700,0,0401,0001,12641529,,,,1,용도지역코드,1020,일반주거지역,1,0,,일반주거지역,20221008
경상남도 양산시 북정동 401-2번지,48330,10700,0,0401,0002,12644070,,,,1,용도지역코드,1022,제2종일반주거지역,1,0,,제2종일반주거지역,20221008
경상남도 양산시 북정동 401-2번지,48330,10700,0,0401,0002,12644070,,,,2,용도지구코드,160,택지개발지구,1,0,,택지개발지구,20221008
경상남도 양산시 북정동 401-2번지,48330,10700,0,0401,0002,12644070,,,,3,용도구역코드,300,지구단위계획구역,1,0,,지구단위계획구역,20221008
경상남도 양산시 북정동 401-3번지,48330,10700,0,0401,0003,12643899,,,,1,용도지역코드,1020,일반주거지역,1,0,,일반주거지역,20221008
경상남도 양산시 북정동 401-5번지,48330,10700,0,0401,0005,1264100035135,,,,1,용도지역코드,UQA121,제1종일반주거지역,1,0,,제1종일반주거지역,20221008
경상남도 양산시 북정동 401-5번지,48330,10700,0,0401,0005,12649364,,,,1,용도지역코드,1021,제1종일반주거지역,1,0,,제1종일반주거지역,20221008
경상남도 양산시 북정동 401-6번지,48330,10700,0,0401,0006,1264100019638,,,,1,용도지역코드,1021,제1종일반주거지역,1,0,,제1종일반주거지역,20221008
경상남도 양산시 북정동 401-6번지,48330,10700,0,0401,0006,1264100019638,,,,3,용도구역코드,301,제1종지구단위계획구역,1,0,,제1종지구단위계획구역,20221008
경상남도 양산시 북정동 401-7번지,48330,10700,0,0401,0007,12646512,,,,1,용도지역코드,1022,제2종일반주거지역,1,0,,제2종일반주거지역,20221008
경상남도 양산시 북정동 401-8번지,48330,10700,0,0401,0008,12645136,,,,1,용도지역코드,1022,제2종일반주거지역,1,0,,제2종일반주거지역,20221008
경상남도 양산시 북정동 401-9번지,48330,10700,0,0401,0009,1264100007105,,,,1,용도지역코드,1021,제1종일반주거지역,1,0,,제1종일반주거지역,20221008
경상남도 양산시 북정동 401-9번지,48330,10700,0,0401,0009,1264100007105,,,,3,용도구역코드,301,제1종지구단위계획구역,1,0,,제1종지구단위계획구역,20221008
경상남도 양산시 북정동 401-10번지,48330,10700,0,0401,0010,12642343,,,,1,용도지역코드,1020,일반주거지역,1,0,,일반주거지역,20221008
경상남도 양산시 북정동 401-12번지,48330,10700,0,0401,0012,1264100021443,,,,1,용도지역코드,UQA121,제1종일반주거지역,1,0,,제1종일반주거지역,20221008
경상남도 양산시 북정동 401-12번지,48330,10700,0,0401,0012,1264100021443,,,,3,용도구역코드,UQQ310,제1종지구단위계획구역,1,0,,제1종지구단위계획구역,20221008
경상남도 양산시 북정동 401-12번지,48330,10700,0,0401,0012,1264100021443,,,,3,용도구역코드,UOA120,상대보호구역,0,0,,상대정화구역,20221008
경상남도 양산시 북정동 401-14번지,48330,10700,0,0401,0014,1264100033222,,,,1,용도지역코드,UQA121,제1종일반주거지역,1,0,,제1종일반주거지역,20221008
경상남도 양산시 북정동 401-14번지,48330,10700,0,0401,0014,1264100033222,,,,3,용도구역코드,UQQ310,제1종지구단위계획구역,1,0,,제1종지구단위계획구역,20221008
경상남도 양산시 북정동 401-14번지,48330,10700,0,0401,0014,1264100033222,,,,3,용도구역코드,UOA110,절대정화구역,0,0,,절대정화구역,20221008
경상남도 양산시 북정동 401-14번지,48330,10700,0,0401,0014,1264100033222,,,,3,용도구역코드,UOA120,상대보호구역,0,0,,상대정화구역,20221008
경상남도 양산시 북정동 402-1번지,48330,10700,0,0402,0001,12643231,,,,1,용도지역코드,1020,일반주거지역,1,0,,일반주거지역,20221008
경상남도 양산시 북정동 402-1번지,48330,10700,0,0402,0001,12649440,,,,1,용도지역코드,1021,제1종일반주거지역,1,0,,제1종일반주거지역,20221008
경상남도 양산시 북정동 402-1번지,48330,10700,0,0402,0001,12649440,,,,3,용도구역코드,301,제1종지구단위계획구역,1,0,,제1종지구단위계획구역,20221008
경상남도 양산시 북정동 402-4번지,48330,10700,0,0402,0004,12645141,,,,1,용도지역코드,1022,제2종일반주거지역,1,0,,제2종일반주거지역,20221008
경상남도 양산시 북정동 402-5번지,48330,10700,0,0402,0005,12644061,,,,1,용도지역코드,1020,일반주거지역,1,0,,일반주거지역,20221008
경상남도 양산시 북정동 402-5번지,48330,10700,0,0402,0005,12644061,,,,2,용도지구코드,160,택지개발지구,1,0,,택지개발지구,20221008
경상남도 양산시 북정동 402-5번지,48330,10700,0,0402,0005,12644061,,,,3,용도구역코드,300,지구단위계획구역,1,0,,지구단위계획구역,20221008
경상남도 양산시 북정동 402-6번지,48330,10700,0,0402,0006,1264100038214,,,,1,용도지역코드,UQA121,제1종일반주거지역,1,0,,제1종일반주거지역,20221008
경상남도 양산시 북정동 402-6번지,48330,10700,0,0402,0006,1264100038214,,,,3,용도구역코드,UQQ310,제1종지구단위계획구역,1,0,,제1종지구단위계획구역,20221008
경상남도 양산시 북정동 402-6번지,48330,10700,0,0402,0006,12643639,,,,1,용도지역코드,1020,일반주거지역,1,0,,일반주거지역,20221008
경상남도 양산시 북정동 402-7번지,48330,10700,0,0402,0007,1264100021236,,,,1,용도지역코드,1021,제1종일반주거지역,1,0,,제1종일반주거지역,20221008
경상남도 양산시 북정동 402-7번지,48330,10700,0,0402,0007,12648853,,,,1,용도지역코드,1021,제1종일반주거지역,1,0,,제1종일반주거지역,20221008
경상남도 양산시 북정동 403-1번지,48330,10700,0,0403,0001,12642228,,,,1,용도지역코드,1020,일반주거지역,1,0,,일반주거지역,20221008
경상남도 양산시 북정동 403-1번지,48330,10700,0,0403,0001,12644031,,,,1,용도지역코드,1022,제2종일반주거지역,1,0,,제2종일반주거지역,20221008
경상남도 양산시 북정동 403-1번지,48330,10700,0,0403,0001,12644031,,,,2,용도지구코드,160,택지개발지구,1,0,,택지개발지구,20221008
경상남도 양산시 북정동 403-2번지,48330,10700,0,0403,0002,1264100083482,,,,1,용도지역코드,UQA121,제1종일반주거지역,1,0,,제1종일반주거지역,20221008
경상남도 양산시 북정동 403-2번지,48330,10700,0,0403,0002,1264100083482,,,,3,용도구역코드,UQQ310,제1종지구단위계획구역,1,0,,제1종지구단위계획구역,20221008
경상남도 양산시 북정동 403-3번지,48330,10700,0,0403,0003,12643001,,,,1,용도지역코드,1020,일반주거지역,1,0,,일반주거지역,20221008
경상남도 양산시 북정동 403-3번지,48330,10700,0,0403,0003,12643001,,,,2,용도지구코드,160,택지개발지구,1,0,,택지개발지구,20221008
경상남도 양산시 북정동 403-3번지,48330,10700,0,0403,0003,12643001,,,,3,용도구역코드,300,지구단위계획구역,1,0,,지구단위계획구역,20221008
경상남도 양산시 북정동 403-4번지,48330,10700,0,0403,0004,1264100030117,,,,1,용도지역코드,UQA121,제1종일반주거지역,1,0,,제1종일반주거지역,20221008
경상남도 양산시 북정동 403-4번지,48330,10700,0,0403,0004,1264100030117,,,,3,용도구역코드,UQQ310,제1종지구단위계획구역,1,0,,제1종지구단위계획구역,20221008
경상남도 양산시 북정동 403-4번지,48330,10700,0,0403,0004,1264100030117,,,,3,용도구역코드,UOA120,상대보호구역,0,0,,상대정화구역,20221008
경상남도 양산시 북정동 403-5번지,48330,10700,0,0403,0005,12644522,,,,1,용도지역코드,1022,제2종일반주거지역,1,0,,제2종일반주거지역,20221008
경상남도 양산시 북정동 403-6번지,48330,10700,0,0403,0006,1264100033284,,,,1,용도지역코드,UQA121,제1종일반주거지역,1,0,,제1종일반주거지역,20221008
경상남도 양산시 북정동 403-6번지,48330,10700,0,0403,0006,1264100033284,,,,3,용도구역코드,UQQ310,제1종지구단위계획구역,1,0,,제1종지구단위계획구역,20221008
경상남도 양산시 북정동 403-6번지,48330,10700,0,0403,0006,1264100038894,,,,1,용도지역코드,UQA121,제1종일반주거지역,1,0,,제1종일반주거지역,20221008
경상남도 양산시 북정동 403-6번지,48330,10700,0,0403,0006,1264100038894,,,,3,용도구역코드,UQQ310,제1종지구단위계획구역,1,0,,제1종지구단위계획구역,20221008
경상남도 양산시 북정동 403-7번지,48330,10700,0,0403,0007,1264100032237,,,,1,용도지역코드,UQA121,제1종일반주거지역,1,0,,제1종일반주거지역,20221008
경상남도 양산시 북정동 403-7번지,48330,10700,0,0403,0007,1264100032237,,,,3,용도구역코드,UQQ310,제1종지구단위계획구역,1,0,,제1종지구단위계획구역,20221008
경상남도 양산시 북정동 403-8번지,48330,10700,0,0403,0008,12645014,,,,1,용도지역코드,1022,제2종일반주거지역,1,0,,제2종일반주거지역,20221008
경상남도 양산시 북정동 403-9번지,48330,10700,0,0403,0009,12645754,,,,1,용도지역코드,1020,일반주거지역,0,0,,일반주거지역,20221008
경상남도 양산시 북정동 403-9번지,48330,10700,0,0403,0009,12645754,,,,1,용도지역코드,1022,제2종일반주거지역,1,0,,제2종일반주거지역,20221008
경상남도 양산시 북정동 403-11번지,48330,10700,0,0403,0011,12641252,403-11,,,1,용도지역코드,1020,일반주거지역,1,0,,일반주거지역,20221008
경상남도 양산시 북정동 403-12번지,48330,10700,0,0403,0012,12645994,,,,1,용도지역코드,1022,제2종일반주거지역,1,0,,제2종일반주거지역,20221008
경상남도 양산시 북정동 403-12번지,48330,10700,0,0403,0012,12645994,,,,3,용도구역코드,300,지구단위계획구역,1,0,,지구단위계획구역,20221008
경상남도 양산시 북정동 403-13번지,48330,10700,0,0403,0013,12641177,,,,1,용도지역코드,1020,일반주거지역,1,0,,일반주거지역,20221008
경상남도 양산시 북정동 403-14번지,48330,10700,0,0403,0014,12646639,,,,1,용도지역코드,1021,제1종일반주거지역,1,0,,제1종일반주거지역,20221008
경상남도 양산시 북정동 403-14번지,48330,10700,0,0403,0014,12646639,,,,3,용도구역코드,301,제1종지구단위계획구역,1,0,,제1종지구단위계획구역,20221008
경상남도 양산시 북정동 403-15번지,48330,10700,0,0403,0015,12646372,,,,1,용도지역코드,1021,제1종일반주거지역,1,0,,제1종일반주거지역,20221008
경상남도 양산시 북정동 403-16번지,48330,10700,0,0403,0016,12643940,,,,1,용도지역코드,1022,제2종일반주거지역,1,0,,제2종일반주거지역,20221008
경상남도 양산시 북정동 404-1번지,48330,10700,0,0404,0001,1264100065821,,,,1,용도지역코드,UQA121,제1종일반주거지역,1,0,,제1종일반주거지역,20221008
경상남도 양산시 북정동 404-1번지,48330,10700,0,0404,0001,1264100065821,,,,3,용도구역코드,UQQ310,제1종지구단위계획구역,1,0,,제1종지구단위계획구역,20221008
경상남도 양산시 북정동 404-2번지,48330,10700,0,0404,0002,12644932,,,,1,용도지역코드,1022,제2종일반주거지역,1,0,,제2종일반주거지역,20221008
경상남도 양산시 북정동 404-2번지,48330,10700,0,0404,0002,12644932,,,,2,용도지구코드,160,택지개발지구,1,0,,택지개발지구,20221008
경상남도 양산시 북정동 404-3번지,48330,10700,0,0404,0003,12641699,,,,1,용도지역코드,1020,일반주거지역,1,0,,일반주거지역,20221008
경상남도 양산시 북정동 404-4번지,48330,10700,0,0404,0004,1264100018723,,,,1,용도지역코드,1021,제1종일반주거지역,1,0,,제1종일반주거지역,20221008
경상남도 양산시 북정동 404-4번지,48330,10700,0,0404,0004,1264100018723,,,,3,용도구역코드,301,제1종지구단위계획구역,1,0,,제1종지구단위계획구역,20221008
경상남도 양산시 북정동 404-5번지,48330,10700,0,0404,0005,12641061,404-5번지,,,1,용도지역코드,1020,일반주거지역,1,0,,일반주거지역,20221008
경상남도 양산시 북정동 404-5번지,48330,10700,0,0404,0005,12641061,404-5번지,,,2,용도지구코드,160,택지개발지구,1,0,,택지개발지구,20221008
경상남도 양산시 북정동 404-6번지,48330,10700,0,0404,0006,1264100022550,,,,1,용도지역코드,UQA121,제1종일반주거지역,1,0,,제1종일반주거지역,20221008
경상남도 양산시 북정동 404-6번지,48330,10700,0,0404,0006,1264100022550,,,,3,용도구역코드,UQQ310,제1종지구단위계획구역,1,0,,제1종지구단위계획구역,20221008
경상남도 양산시 북정동 405-2번지,48330,10700,0,0405,0002,1264100051849,,,,1,용도지역코드,UQA121,제1종일반주거지역,1,0,,제1종일반주거지역,20221008
경상남도 양산시 북정동 405-2번지,48330,10700,0,0405,0002,1264100051849,,,,3,용도구역코드,UQQ310,제1종지구단위계획구역,1,0,,제1종지구단위계획구역,20221008
경상남도 양산시 북정동 405-2번지,48330,10700,0,0405,0002,1264100051849,,,,3,용도구역코드,UOA120,상대보호구역,0,0,,상대정화구역,20221008
경상남도 양산시 북정동 405-2번지,48330,10700,0,0405,0002,12642777,,,,1,용도지역코드,1020,일반주거지역,1,0,,일반주거지역,20221008
경상남도 양산시 북정동 405-2번지,48330,10700,0,0405,0002,12642777,,,,3,용도구역코드,050,상세계획구역,1,0,,상세계획구역,20221008
경상남도 양산시 북정동 405-2번지,48330,10700,0,0405,0002,12642836,,,,1,용도지역코드,1020,일반주거지역,1,0,,일반주거지역,20221008
경상남도 양산시 북정동 405-2번지,48330,10700,0,0405,0002,12642836,,,,3,용도구역코드,050,상세계획구역,1,0,,상세계획구역,20221008
경상남도 양산시 북정동 405-3번지,48330,10700,0,0405,0003,1264100020818,,,,1,용도지역코드,1021,제1종일반주거지역,1,0,,제1종일반주거지역,20221008
경상남도 양산시 북정동 405-3번지,48330,10700,0,0405,0003,12648895,,,,1,용도지역코드,1021,제1종일반주거지역,1,0,,제1종일반주거지역,20221008
경상남도 양산시 북정동 405-5번지,48330,10700,0,0405,0005,1264100009949,,,,1,용도지역코드,1021,제1종일반주거지역,1,0,,제1종일반주거지역,20221008
경상남도 양산시 북정동 405-7번지,48330,10700,0,0405,0007,1264100034146,,,,1,용도지역코드,UQA121,제1종일반주거지역,1,0,,제1종일반주거지역,20221008
경상남도 양산시 북정동 405-7번지,48330,10700,0,0405,0007,12648866,,,,1,용도지역코드,1021,제1종일반주거지역,1,0,,제1종일반주거지역,20221008
경상남도 양산시 북정동 405-7번지,48330,10700,0,0405,0007,12645868,,,,1,용도지역코드,1022,제2종일반주거지역,1,0,,제2종일반주거지역,20221008
경상남도 양산시 북정동 405-7번지,48330,10700,0,0405,0007,12645868,,,,3,용도구역코드,300,지구단위계획구역,1,0,,지구단위계획구역,20221008
경상남도 양산시 북정동 405-8번지,48330,10700,0,0405,0008,12642629,,,,1,용도지역코드,1020,일반주거지역,1,0,,일반주거지역,20221008
경상남도 양산시 북정동 406번지,48330,10700,0,0406,0000,1264100010672,,,,1,용도지역코드,1021,제1종일반주거지역,1,0,,제1종일반주거지역,20221008
경상남도 양산시 북정동 406번지,48330,10700,0,0406,0000,1264100010672,,,,3,용도구역코드,301,제1종지구단위계획구역,1,0,,제1종지구단위계획구역,20221008
경상남도 양산시 북정동 407-1번지,48330,10700,0,0407,0001,12644997,,,,1,용도지역코드,1022,제2종일반주거지역,1,0,,제2종일반주거지역,20221008
경상남도 양산시 북정동 407-1번지,48330,10700,0,0407,0001,1264100045806,,,,1,용도지역코드,UQA121,제1종일반주거지역,1,0,,제1종일반주거지역,20221008
경상남도 양산시 북정동 407-1번지,48330,10700,0,0407,0001,1264100045806,,,,3,용도구역코드,UQQ310,제1종지구단위계획구역,1,0,,제1종지구단위계획구역,20221008
경상남도 양산시 북정동 407-1번지,48330,10700,0,0407,0001,1264100045806,,,,3,용도구역코드,UOA120,상대보호구역,0,0,,상대정화구역,20221008
경상남도 양산시 북정동 407-1번지,48330,10700,0,0407,0001,1264100045806,,,,3,용도구역코드,UOA110,절대정화구역,0,0,,절대정화구역,20221008
경상남도 양산시 북정동 407-2번지,48330,10700,0,0407,0002,12644050,,,,1,용도지역코드,1022,제2종일반주거지역,1,0,,제2종일반주거지역,20221008
경상남도 양산시 북정동 407-2번지,48330,10700,0,0407,0002,12644050,,,,2,용도지구코드,160,택지개발지구,1,0,,택지개발지구,20221008
경상남도 양산시 북정동 407-2번지,48330,10700,0,0407,0002,12644050,,,,3,용도구역코드,300,지구단위계획구역,1,0,,지구단위계획구역,20221008
경상남도 양산시 북정동 407-3번지,48330,10700,0,0407,0003,12646553,,,,1,용도지역코드,1021,제1종일반주거지역,1,0,,제1종일반주거지역,20221008
경상남도 양산시 북정동 407-3번지,48330,10700,0,0407,0003,12646553,,,,3,용도구역코드,301,제1종지구단위계획구역,1,0,,제1종지구단위계획구역,20221008
경상남도 양산시 북정동 407-5번지,48330,10700,0,0407,0005,1264100031478,,,,1,용도지역코드,UQA121,제1종일반주거지역,1,0,,제1종일반주거지역,20221008
경상남도 양산시 북정동 407-6번지,48330,10700,0,0407,0006,12644558,,,,1,용도지역코드,0100,도시지역,0,0,,도시지역,20221008
경상남도 양산시 북정동 407-6번지,48330,10700,0,0407,0006,12644558,,,,1,용도지역코드,1022,제2종일반주거지역,1,0,,제2종일반주거지역,20221008
경상남도 양산시 북정동 407-7번지,48330,10700,0,0407,0007,12642918,,,,1,용도지역코드,1020,일반주거지역,1,0,,일반주거지역,20221008
경상남도 양산시 북정동 407-7번지,48330,10700,0,0407,0007,12642918,,,,3,용도구역코드,050,상세계획구역,1,0,,상세계획구역,20221008
경상남도 양산시 북정동 407-7번지,48330,10700,0,0407,0007,12642711,,,,1,용도지역코드,1020,일반주거지역,1,0,,일반주거지역,20221008
경상남도 양산시 북정동 407-7번지,48330,10700,0,0407,0007,12645171,,,,1,용도지역코드,1020,일반주거지역,1,0,,일반주거지역,20221008
경상남도 양산시 북정동 407-9번지,48330,10700,0,0407,0009,12646463,,,,1,용도지역코드,1021,제1종일반주거지역,1,0,,제1종일반주거지역,20221008
경상남도 양산시 북정동 407-9번지,48330,10700,0,0407,0009,12646463,,,,3,용도구역코드,300,지구단위계획구역,1,0,,지구단위계획구역,20221008
경상남도 양산시 북정동 416번지,48330,10700,0,0416,0000,1264100052041,,,,1,용도지역코드,UQA121,제1종일반주거지역,1,0,,제1종일반주거지역,20221008
경상남도 양산시 북정동 416번지,48330,10700,0,0416,0000,1264100052041,,,,3,용도구역코드,UOA110,절대정화구역,1,0,,절대정화구역,20221008
경상남도 양산시 북정동 416번지,48330,10700,0,0416,0000,1264100087921,,,,1,용도지역코드,UQA121,제1종일반주거지역,1,0,,제1종일반주거지역,20221008
경상남도 양산시 북정동 418번지,48330,10700,0,0418,0000,12641174,,,,1,용도지역코드,1020,일반주거지역,1,0,,일반주거지역,20221008
경상남도 양산시 북정동 422번지,48330,10700,0,0422,0000,12643321,,,,1,용도지역코드,1020,일반주거지역,1,0,,일반주거지역,20221008
경상남도 양산시 북정동 426-3번지,48330,10700,0,0426,0003,12642342,,,,1,용도지역코드,1020,일반주거지역,1,0,,일반주거지역,20221008
경상남도 양산시 북정동 426-4번지,48330,10700,0,0426,0004,1264100071024,,,,1,용도지역코드,UQA121,제1종일반주거지역,1,0,,제1종일반주거지역,20221008
경상남도 양산시 북정동 426-4번지,48330,10700,0,0426,0004,1264100071024,,,,3,용도구역코드,UOA120,상대보호구역,1,0,,상대정화구역,20221008
경상남도 양산시 북정동 427번지,48330,10700,0,0427,0000,1000000000000000648400,,,,1,용도지역코드,UQA121,제1종일반주거지역,1,0,,제1종일반주거지역,20250107
경상남도 양산시 북정동 427번지,48330,10700,0,0427,0000,12646882,,,,1,용도지역코드,1022,제2종일반주거지역,1,0,,제2종일반주거지역,20221008
경상남도 양산시 북정동 427번지,48330,10700,0,0427,0000,12642682,,,,1,용도지역코드,1020,일반주거지역,1,0,,일반주거지역,20221008
경상남도 양산시 북정동 431-1번지,48330,10700,0,0431,0001,1264100025791,,,,1,용도지역코드,UQA122,제2종일반주거지역,1,0,,제2종일반주거지역,20221008
경상남도 양산시 북정동 435번지,48330,10700,0,0435,0000,1264100143503,,,,1,용도지역코드,UQA123,제3종일반주거지역,1,0,,제3종일반주거지역,20221008
경상남도 양산시 북정동 435번지,48330,10700,0,0435,0000,1264100143503,,,,3,용도구역코드,UQQ310,제1종지구단위계획구역,1,0,,제1종지구단위계획구역,20221008
경상남도 양산시 북정동 435번지,48330,10700,0,0435,0000,1264100010671,,,,1,용도지역코드,1023,제3종일반주거지역,1,0,,제3종일반주거지역,20221008
경상남도 양산시 북정동 435번지,48330,10700,0,0435,0000,1264100010671,,,,3,용도구역코드,301,제1종지구단위계획구역,1,0,,제1종지구단위계획구역,20221008
경상남도 양산시 북정동 438-1번지,48330,10700,0,0438,0001,12648315,,,,1,용도지역코드,1021,제1종일반주거지역,1,0,,제1종일반주거지역,20221008
경상남도 양산시 북정동 438-1번지,48330,10700,0,0438,0001,12648315,,,,3,용도구역코드,301,제1종지구단위계획구역,1,0,,제1종지구단위계획구역,20221008
경상남도 양산시 북정동 438-3번지,48330,10700,0,0438,0003,1264100019321,,,,1,용도지역코드,1021,제1종일반주거지역,1,0,,제1종일반주거지역,20221008
경상남도 양산시 북정동 438-3번지,48330,10700,0,0438,0003,1264100019321,,,,3,용도구역코드,301,제1종지구단위계획구역,1,0,,제1종지구단위계획구역,20221008
경상남도 양산시 북정동 438-4번지,48330,10700,0,0438,0004,12647549,,,,1,용도지역코드,1021,제1종일반주거지역,1,0,,제1종일반주거지역,20221008
경상남도 양산시 북정동 438-4번지,48330,10700,0,0438,0004,12647549,,,,3,용도구역코드,301,제1종지구단위계획구역,1,0,,제1종지구단위계획구역,20221008
경상남도 양산시 북정동 438-5번지,48330,10700,0,0438,0005,12641650,,,,1,용도지역코드,1020,일반주거지역,1,0,,일반주거지역,20221008
경상남도 양산시 북정동 438-6번지,48330,10700,0,0438,0006,12646476,,,,1,용도지역코드,1021,제1종일반주거지역,1,0,,제1종일반주거지역,20221008
경상남도 양산시 북정동 438-8번지,48330,10700,0,0438,0008,12649346,,,,1,용도지역코드,1021,제1종일반주거지역,1,0,,제1종일반주거지역,20221008
경상남도 양산시 북정동 438-8번지,48330,10700,0,0438,0008,1264100020503,,,,1,용도지역코드,1021,제1종일반주거지역,1,0,,제1종일반주거지역,20221008
경상남도 양산시 북정동 438-9번지,48330,10700,0,0438,0009,1264100040828,,,,1,용도지역코드,UQA121,제1종일반주거지역,1,0,,제1종일반주거지역,20221008
경상남도 양산시 북정동 438-10번지,48330,10700,0,0438,0010,12641293,438-10번지,,,1,용도지역코드,1020,일반주거지역,1,0,,일반주거지역,20221008
경상남도 양산시 북정동 438-12번지,48330,10700,0,0438,0012,12643339,,,,1,용도지역코드,1020,일반주거지역,1,0,,일반주거지역,20221008
경상남도 양산시 북정동 438-13번지,48330,10700,0,0438,0013,1264100033525,,,,1,용도지역코드,UQA121,제1종일반주거지역,1,0,,제1종일반주거지역,20221008
경상남도 양산시 북정동 438-13번지,48330,10700,0,0438,0013,1264100033525,,,,3,용도구역코드,UQQ310,제1종지구단위계획구역,1,0,,제1종지구단위계획구역,20221008
경상남도 양산시 북정동 438-13번지,48330,10700,0,0438,0013,12642591,,,,1,용도지역코드,1020,일반주거지역,1,0,,일반주거지역,20221008
경상남도 양산시 북정동 438-13번지,48330,10700,0,0438,0013,12642591,,,,2,용도지구코드,160,택지개발지구,1,0,,택지개발지구,20221008
경상남도 양산시 북정동 438-13번지,48330,10700,0,0438,0013,12642591,,,,3,용도구역코드,300,지구단위계획구역,1,0,,지구단위계획구역,20221008
경상남도 양산시 북정동 438-14번지,48330,10700,0,0438,0014,12642130,,,,1,용도지역코드,1020,일반주거지역,1,0,,일반주거지역,20221008
경상남도 양산시 북정동 438-15번지,48330,10700,0,0438,0015,12646604,,,,1,용도지역코드,1021,제1종일반주거지역,1,0,,제1종일반주거지역,20221008
경상남도 양산시 북정동 438-15번지,48330,10700,0,0438,0015,12646604,,,,3,용도구역코드,300,지구단위계획구역,1,0,,지구단위계획구역,20221008
경상남도 양산시 북정동 438-17번지,48330,10700,0,0438,0017,12641693,,,,1,용도지역코드,1020,일반주거지역,1,0,,일반주거지역,20221008
경상남도 양산시 북정동 438-18번지,48330,10700,0,0438,0018,12641978,,,,1,용도지역코드,1020,일반주거지역,1,0,,일반주거지역,20221008
경상남도 양산시 북정동 438-19번지,48330,10700,0,0438,0019,12641801,,,,1,용도지역코드,1020,일반주거지역,1,0,,일반주거지역,20221008
경상남도 양산시 북정동 438-21번지,48330,10700,0,0438,0021,1264100018099,,,,1,용도지역코드,1021,제1종일반주거지역,1,0,,제1종일반주거지역,20221008
경상남도 양산시 북정동 438-21번지,48330,10700,0,0438,0021,1264100018099,,,,3,용도구역코드,301,제1종지구단위계획구역,1,0,,제1종지구단위계획구역,20221008
경상남도 양산시 북정동 438-22번지,48330,10700,0,0438,0022,12648898,,,,1,용도지역코드,1021,제1종일반주거지역,1,0,,제1종일반주거지역,20221008
경상남도 양산시 북정동 438-22번지,48330,10700,0,0438,0022,12648898,,,,3,용도구역코드,301,제1종지구단위계획구역,1,0,,제1종지구단위계획구역,20221008
경상남도 양산시 북정동 439-1번지,48330,10700,0,0439,0001,1264100023386,,,,1,용도지역코드,UQA121,제1종일반주거지역,1,0,,제1종일반주거지역,20221008
경상남도 양산시 북정동 439-1번지,48330,10700,0,0439,0001,1264100023386,,,,3,용도구역코드,UQQ310,제1종지구단위계획구역,1,0,,제1종지구단위계획구역,20221008
경상남도 양산시 북정동 439-1번지,48330,10700,0,0439,0001,1264100023386,,,,3,용도구역코드,UOA120,상대보호구역,0,0,,상대정화구역,20221008
경상남도 양산시 북정동 439-2번지,48330,10700,0,0439,0002,1264100023190,,,,1,용도지역코드,UQA121,제1종일반주거지역,1,0,,제1종일반주거지역,20221008
경상남도 양산시 북정동 439-2번지,48330,10700,0,0439,0002,12649355,,,,1,용도지역코드,1021,제1종일반주거지역,1,0,,제1종일반주거지역,20221008
경상남도 양산시 북정동 439-3번지,48330,10700,0,0439,0003,1264100139044,,,,1,용도지역코드,UQA121,제1종일반주거지역,1,0,,제1종일반주거지역,20221008
경상남도 양산시 북정동 439-3번지,48330,10700,0,0439,0003,12649347,,,,1,용도지역코드,1021,제1종일반주거지역,1,0,,제1종일반주거지역,20221008
경상남도 양산시 북정동 439-3번지,48330,10700,0,0439,0003,12649347,,,,3,용도구역코드,301,제1종지구단위계획구역,1,0,,제1종지구단위계획구역,20221008
경상남도 양산시 북정동 439-6번지,48330,10700,0,0439,0006,12644704,,,,1,용도지역코드,1022,제2종일반주거지역,1,0,,제2종일반주거지역,20221008
경상남도 양산시 북정동 439-7번지,48330,10700,0,0439,0007,1264100052669,,,,3,용도구역코드,UQQ310,제1종지구단위계획구역,1,0,,제1종지구단위계획구역,20221008
경상남도 양산시 북정동 439-7번지,48330,10700,0,0439,0007,1264100052669,,,,3,용도구역코드,UOA120,상대보호구역,0,0,,상대정화구역,20221008
경상남도 양산시 북정동 439-7번지,48330,10700,0,0439,0007,1264100052669,,,,1,용도지역코드,UQA121,제1종일반주거지역,1,0,,제1종일반주거지역,20221008
경상남도 양산시 북정동 439-10번지,48330,10700,0,0439,0010,1264100023588,,,,1,용도지역코드,UQA121,제1종일반주거지역,1,0,,제1종일반주거지역,20221008
경상남도 양산시 북정동 439-10번지,48330,10700,0,0439,0010,1264100023588,,,,3,용도구역코드,UQQ310,제1종지구단위계획구역,1,0,,제1종지구단위계획구역,20221008
경상남도 양산시 북정동 439-10번지,48330,10700,0,0439,0010,1264100023588,,,,3,용도구역코드,UOA120,상대보호구역,0,0,,상대정화구역,20221008
경상남도 양산시 북정동 439-11번지,48330,10700,0,0439,0011,12642770,,,,1,용도지역코드,1020,일반주거지역,1,0,,일반주거지역,20221008
경상남도 양산시 북정동 439-11번지,48330,10700,0,0439,0011,12642770,,,,3,용도구역코드,050,상세계획구역,1,0,,상세계획구역,20221008
경상남도 양산시 북정동 439-11번지,48330,10700,0,0439,0011,1264100135064,,,,1,용도지역코드,UQA121,제1종일반주거지역,1,0,,제1종일반주거지역,20221008
경상남도 양산시 북정동 439-11번지,48330,10700,0,0439,0011,1264100135064,,,,3,용도구역코드,UQQ310,제1종지구단위계획구역,1,0,,제1종지구단위계획구역,20221008
경상남도 양산시 북정동 439-11번지,48330,10700,0,0439,0011,1264100135064,,,,3,용도구역코드,UMZ100,가축사육제한구역,0,0,,가축사육제한구역,20221008
경상남도 양산시 북정동 439-11번지,48330,10700,0,0439,0011,1264100135064,,,,3,용도구역코드,UOA120,상대보호구역,0,0,,상대보호구역,20221008
경상남도 양산시 북정동 439-12번지,48330,10700,0,0439,0012,1264100025049,,,,1,용도지역코드,UQA121,제1종일반주거지역,1,0,,제1종일반주거지역,20221008
경상남도 양산시 북정동 439-12번지,48330,10700,0,0439,0012,1264100025049,,,,3,용도구역코드,UQQ310,제1종지구단위계획구역,1,0,,제1종지구단위계획구역,20221008
경상남도 양산시 북정동 440-1번지,48330,10700,0,0440,0001,12642138,,,,1,용도지역코드,1020,일반주거지역,1,0,,일반주거지역,20221008
경상남도 양산시 북정동 440-2번지,48330,10700,0,0440,0002,12641116,440-2,,,1,용도지역코드,1020,일반주거지역,1,0,,일반주거지역,20221008
경상남도 양산시 북정동 440-5번지,48330,10700,0,0440,0005,12641654,,,,1,용도지역코드,1020,일반주거지역,1,0,,일반주거지역,20221008
경상남도 양산시 북정동 440-6번지,48330,10700,0,0440,0006,12645937,,,,1,용도지역코드,1022,제2종일반주거지역,1,0,,제2종일반주거지역,20221008
경상남도 양산시 북정동 440-7번지,48330,10700,0,0440,0007,12641131,,,,1,용도지역코드,1020,일반주거지역,1,0,,일반주거지역,20221008
경상남도 양산시 북정동 440-8번지,48330,10700,0,0440,0008,12642139,,,,1,용도지역코드,1020,일반주거지역,1,0,,일반주거지역,20221008
경상남도 양산시 북정동 440-9번지,48330,10700,0,0440,0009,12642087,,,,1,용도지역코드,1020,일반주거지역,1,0,,일반주거지역,20221008
경상남도 양산시 북정동 440-10번지,48330,10700,0,0440,0010,12643849,,,,1,용도지역코드,1020,일반주거지역,1,0,,일반주거지역,20221008
경상남도 양산시 북정동 440-11번지,48330,10700,0,0440,0011,12645761,,,,1,용도지역코드,1022,제2종일반주거지역,1,0,,제2종일반주거지역,20221008
경상남도 양산시 북정동 440-11번지,48330,10700,0,0440,0011,12645761,,,,3,용도구역코드,301,제1종지구단위계획구역,1,0,,제1종지구단위계획구역,20221008
경상남도 양산시 북정동 440-12번지,48330,10700,0,0440,0012,12646840,,,,1,용도지역코드,1021,제1종일반주거지역,1,0,,제1종일반주거지역,20221008
경상남도 양산시 북정동 440-12번지,48330,10700,0,0440,0012,12646840,,,,2,용도지구코드,160,택지개발지구,1,0,,택지개발지구,20221008
경상남도 양산시 북정동 440-12번지,48330,10700,0,0440,0012,12646840,,,,3,용도구역코드,301,제1종지구단위계획구역,1,0,,제1종지구단위계획구역,20221008
경상남도 양산시 북정동 440-12번지,48330,10700,0,0440,0012,12645542,,,,1,용도지역코드,1022,제2종일반주거지역,1,0,,제2종일반주거지역,20221008
경상남도 양산시 북정동 440-12번지,48330,10700,0,0440,0012,12645542,,,,2,용도지구코드,160,택지개발지구,1,0,,택지개발지구,20221008
경상남도 양산시 북정동 440-12번지,48330,10700,0,0440,0012,12645542,,,,3,용도구역코드,301,제1종지구단위계획구역,1,0,,제1종지구단위계획구역,20221008
경상남도 양산시 북정동 441-1번지,48330,10700,0,0441,0001,12644536,,,,1,용도지역코드,1022,제2종일반주거지역,1,0,,제2종일반주거지역,20221008
경상남도 양산시 북정동 441-2번지,48330,10700,0,0441,0002,1264100038893,,,,1,용도지역코드,UQA121,제1종일반주거지역,1,0,,제1종일반주거지역,20221008
경상남도 양산시 북정동 441-2번지,48330,10700,0,0441,0002,1264100038893,,,,3,용도구역코드,UQQ310,제1종지구단위계획구역,1,0,,제1종지구단위계획구역,20221008
경상남도 양산시 북정동 441-3번지,48330,10700,0,0441,0003,1264100006125,,,,1,용도지역코드,1021,제1종일반주거지역,1,0,,제1종일반주거지역,20221008
경상남도 양산시 북정동 441-3번지,48330,10700,0,0441,0003,1264100006125,,,,3,용도구역코드,301,제1종지구단위계획구역,1,0,,제1종지구단위계획구역,20221008
경상남도 양산시 북정동 441-4번지,48330,10700,0,0441,0004,12642719,,,,1,용도지역코드,1020,일반주거지역,1,0,,일반주거지역,20221008
경상남도 양산시 북정동 441-4번지,48330,10700,0,0441,0004,12642719,,,,3,용도구역코드,050,상세계획구역,1,0,,상세계획구역,20221008
경상남도 양산시 북정동 441-5번지,48330,10700,0,0441,0005,12642133,,,,1,용도지역코드,1020,일반주거지역,1,0,,일반주거지역,20221008
경상남도 양산시 북정동 441-8번지,48330,10700,0,0441,0008,1264100037672,,,,1,용도지역코드,UQA121,제1종일반주거지역,1,0,,제1종일반주거지역,20221008
경상남도 양산시 북정동 441-8번지,48330,10700,0,0441,0008,1264100037672,,,,3,용도구역코드,UQQ310,제1종지구단위계획구역,1,0,,제1종지구단위계획구역,20221008
경상남도 양산시 북정동 441-8번지,48330,10700,0,0441,0008,1264100037672,,,,3,용도구역코드,UOA120,상대보호구역,0,0,,상대정화구역,20221008
경상남도 양산시 북정동 441-9번지,48330,10700,0,0441,0009,12642137,,,,1,용도지역코드,1020,일반주거지역,1,0,,일반주거지역,20221008
경상남도 양산시 북정동 441-9번지,48330,10700,0,0441,0009,1264100024330,,,,1,용도지역코드,UQA121,제1종일반주거지역,1,0,,제1종일반주거지역,20221008
경상남도 양산시 북정동 441-9번지,48330,10700,0,0441,0009,1264100024330,,,,3,용도구역코드,UQQ310,제1종지구단위계획구역,1,0,,제1종지구단위계획구역,20221008
경상남도 양산시 북정동 441-9번지,48330,10700,0,0441,0009,1264100024330,,,,3,용도구역코드,UOA120,상대보호구역,0,0,,상대정화구역,20221008
경상남도 양산시 북정동 442-1번지,48330,10700,0,0442,0001,12645601,,,,1,용도지역코드,1022,제2종일반주거지역,1,0,,제2종일반주거지역,20221008
경상남도 양산시 북정동 442-1번지,48330,10700,0,0442,0001,12645601,,,,2,용도지구코드,160,택지개발지구,1,0,,택지개발지구,20221008
경상남도 양산시 북정동 442-1번지,48330,10700,0,0442,0001,12645601,,,,3,용도구역코드,300,지구단위계획구역,1,0,,지구단위계획구역,20221008
경상남도 양산시 북정동 442-2번지,48330,10700,0,0442,0002,12641767,,,,1,용도지역코드,1020,일반주거지역,1,0,,일반주거지역,20221008
경상남도 양산시 북정동 442-3번지,48330,10700,0,0442,0003,12642078,,,,1,용도지역코드,1020,일반주거지역,1,0,,일반주거지역,20221008
경상남도 양산시 북정동 442-4번지,48330,10700,0,0442,0004,12644001,,,,1,용도지역코드,1020,일반주거지역,1,0,,일반주거지역,20221008
경상남도 양산시 북정동 442-5번지,48330,10700,0,0442,0005,12645713,,,,1,용도지역코드,1022,제2종일반주거지역,1,0,,제2종일반주거지역,20221008
경상남도 양산시 북정동 442-6번지,48330,10700,0,0442,0006,12641729,,,,1,용도지역코드,1020,일반주거지역,1,0,,일반주거지역,20221008
경상남도 양산시 북정동 442-7번지,48330,10700,0,0442,0007,12642778,,,,1,용도지역코드,1020,일반주거지역,1,0,,일반주거지역,20221008
경상남도 양산시 북정동 442-7번지,48330,10700,0,0442,0007,12642778,,,,3,용도구역코드,050,상세계획구역,1,0,,상세계획구역,20221008
경상남도 양산시 북정동 442-8번지,48330,10700,0,0442,0008,12644648,,,,1,용도지역코드,1022,제2종일반주거지역,1,0,,제2종일반주거지역,20221008
경상남도 양산시 북정동 442-9번지,48330,10700,0,0442,0009,1000000000000000755575,,,,1,용도지역코드,UQA121,제1종일반주거지역,1,0,,제1종일반주거지역,20260529
경상남도 양산시 북정동 442-9번지,48330,10700,0,0442,0009,1000000000000000755575,,,,3,용도구역코드,UQQ310,제1종지구단위계획구역,1,0,,제1종지구단위계획구역,20260529
경상남도 양산시 북정동 442-10번지,48330,10700,0,0442,0010,12645945,,,,1,용도지역코드,1021,제1종일반주거지역,1,0,,제1종일반주거지역,20221008
경상남도 양산시 북정동 442-10번지,48330,10700,0,0442,0010,12645945,,,,3,용도구역코드,300,지구단위계획구역,1,0,,지구단위계획구역,20221008
경상남도 양산시 북정동 442-11번지,48330,10700,0,0442,0011,12645859,,,,1,용도지역코드,1022,제2종일반주거지역,1,0,,제2종일반주거지역,20221008
경상남도 양산시 북정동 442-12번지,48330,10700,0,0442,0012,12642126,,,,1,용도지역코드,1020,일반주거지역,1,0,,일반주거지역,20221008
경상남도 양산시 북정동 443-1번지,48330,10700,0,0443,0001,12646849,,,,1,용도지역코드,1022,제2종일반주거지역,1,0,,제2종일반주거지역,20221008
경상남도 양산시 북정동 443-1번지,48330,10700,0,0443,0001,12646305,,,,1,용도지역코드,1022,제2종일반주거지역,1,0,,제2종일반주거지역,20221008
경상남도 양산시 북정동 443-2번지,48330,10700,0,0443,0002,12647747,,,,1,용도지역코드,1030,준주거지역,1,0,,준주거지역,20221008
경상남도 양산시 북정동 443-2번지,48330,10700,0,0443,0002,1264100035392,,,,1,용도지역코드,UQA130,준주거지역,1,0,,준주거지역,20230422
경상남도 양산시 북정동 443-2번지,48330,10700,0,0443,0002,1264100035392,,,,3,용도구역코드,UQQ310,제1종지구단위계획구역,1,0,,제1종지구단위계획구역,20230422
경상남도 양산시 북정동 443-3번지,48330,10700,0,0443,0003,12643054,,,,1,용도지역코드,1020,일반주거지역,1,0,,일반주거지역,20221008
경상남도 양산시 북정동 443-3번지,48330,10700,0,0443,0003,12643054,,,,3,용도구역코드,050,상세계획구역,1,0,,상세계획구역,20221008
경상남도 양산시 북정동 443-4번지,48330,10700,0,0443,0004,1264100022446,,,,1,용도지역코드,UQA130,준주거지역,1,0,,준주거지역,20221008
경상남도 양산시 북정동 443-4번지,48330,10700,0,0443,0004,1264100022446,,,,3,용도구역코드,UQQ310,제1종지구단위계획구역,1,0,,제1종지구단위계획구역,20221008
경상남도 양산시 북정동 443-5번지,48330,10700,0,0443,0005,12641753,,,,1,용도지역코드,1020,일반주거지역,1,0,,일반주거지역,20221008
경상남도 양산시 북정동 443-5번지,48330,10700,0,0443,0005,12641993,,,,1,용도지역코드,1020,일반주거지역,1,0,,일반주거지역,20221008
경상남도 양산시 북정동 443-6번지,48330,10700,0,0443,0006,12642385,,,,1,용도지역코드,1020,일반주거지역,1,0,,일반주거지역,20221008
경상남도 양산시 북정동 443-6번지,48330,10700,0,0443,0006,12642393,,,,1,용도지역코드,1020,일반주거지역,1,0,,일반주거지역,20221008
경상남도 양산시 북정동 443-7번지,48330,10700,0,0443,0007,12643889,,,,1,용도지역코드,1020,일반주거지역,1,0,,일반주거지역,20221008
경상남도 양산시 북정동 445-1번지,48330,10700,0,0445,0001,12645554,,,,1,용도지역코드,1022,제2종일반주거지역,1,0,,제2종일반주거지역,20221008
경상남도 양산시 북정동 445-1번지,48330,10700,0,0445,0001,12645554,,,,3,용도구역코드,300,지구단위계획구역,1,0,,지구단위계획구역,20221008
경상남도 양산시 북정동 445-2번지,48330,10700,0,0445,0002,1264100050670,,,,1,용도지역코드,UQA121,제1종일반주거지역,1,0,,제1종일반주거지역,20221008
경상남도 양산시 북정동 445-2번지,48330,10700,0,0445,0002,12647228,,,,1,용도지역코드,1021,제1종일반주거지역,1,0,,제1종일반주거지역,20221008
경상남도 양산시 북정동 445-2번지,48330,10700,0,0445,0002,12647228,,,,2,용도지구코드,160,택지개발지구,1,0,,택지개발지구,20221008
경상남도 양산시 북정동 445-2번지,48330,10700,0,0445,0002,12647228,,,,3,용도구역코드,300,지구단위계획구역,1,0,,지구단위계획구역,20221008
경상남도 양산시 북정동 445-3번지,48330,10700,0,0445,0003,12645634,,,,1,용도지역코드,1022,제2종일반주거지역,1,0,,제2종일반주거지역,20221008
경상남도 양산시 북정동 445-4번지,48330,10700,0,0445,0004,1264100050389,,,,1,용도지역코드,UQA121,제1종일반주거지역,1,0,,제1종일반주거지역,20221008
경상남도 양산시 북정동 445-4번지,48330,10700,0,0445,0004,1264100050389,,,,3,용도구역코드,UQQ310,제1종지구단위계획구역,1,0,,제1종지구단위계획구역,20221008
경상남도 양산시 북정동 445-4번지,48330,10700,0,0445,0004,1264100050389,,,,3,용도구역코드,UOA120,상대보호구역,0,0,,상대정화구역,20221008
경상남도 양산시 북정동 445-5번지,48330,10700,0,0445,0005,12645950,,,,1,용도지역코드,1021,제1종일반주거지역,1,0,,제1종일반주거지역,20221008
경상남도 양산시 북정동 445-6번지,48330,10700,0,0445,0006,1264100040130,,,,1,용도지역코드,UQA121,제1종일반주거지역,1,0,,제1종일반주거지역,20221008
경상남도 양산시 북정동 445-6번지,48330,10700,0,0445,0006,1264100040130,,,,3,용도구역코드,UQQ310,제1종지구단위계획구역,1,0,,제1종지구단위계획구역,20221008
경상남도 양산시 북정동 445-6번지,48330,10700,0,0445,0006,1264100040130,,,,3,용도구역코드,UOA120,상대보호구역,0,0,,상대정화구역,20221008
경상남도 양산시 북정동 445-7번지,48330,10700,0,0445,0007,12646719,,,,1,용도지역코드,1021,제1종일반주거지역,1,0,,제1종일반주거지역,20221008
경상남도 양산시 북정동 445-7번지,48330,10700,0,0445,0007,12646719,,,,3,용도구역코드,301,제1종지구단위계획구역,1,0,,제1종지구단위계획구역,20221008
경상남도 양산시 북정동 445-7번지,48330,10700,0,0445,0007,1264100120001,,,,1,용도지역코드,UQA121,제1종일반주거지역,1,0,,제1종일반주거지역,20221008
경상남도 양산시 북정동 445-7번지,48330,10700,0,0445,0007,1264100120001,,,,3,용도구역코드,UQQ310,제1종지구단위계획구역,1,0,,제1종지구단위계획구역,20221008
경상남도 양산시 북정동 445-8번지,48330,10700,0,0445,0008,12643879,,,,1,용도지역코드,1020,일반주거지역,1,0,,일반주거지역,20221008
경상남도 양산시 북정동 445-9번지,48330,10700,0,0445,0009,1264100024950,,,,1,용도지역코드,UQA121,제1종일반주거지역,1,0,,제1종일반주거지역,20221008
경상남도 양산시 북정동 445-9번지,48330,10700,0,0445,0009,1264100024950,,,,3,용도구역코드,UQQ310,제1종지구단위계획구역,1,0,,제1종지구단위계획구역,20221008
경상남도 양산시 북정동 445-10번지,48330,10700,0,0445,0010,12642045,,,,1,용도지역코드,1020,일반주거지역,1,0,,일반주거지역,20221008
경상남도 양산시 북정동 445-12번지,48330,10700,0,0445,0012,12641517,,,,1,용도지역코드,1020,일반주거지역,1,0,,일반주거지역,20221008
경상남도 양산시 북정동 445-13번지,48330,10700,0,0445,0013,12641559,,,,1,용도지역코드,1020,일반주거지역,1,0,,일반주거지역,20221008
경상남도 양산시 북정동 445-14번지,48330,10700,0,0445,0014,12642607,,,,1,용도지역코드,1020,일반주거지역,1,0,,일반주거지역,20221008
경상남도 양산시 북정동 445-14번지,48330,10700,0,0445,0014,12642607,,,,2,용도지구코드,160,택지개발지구,1,0,,택지개발지구,20221008
경상남도 양산시 북정동 445-14번지,48330,10700,0,0445,0014,12642607,,,,3,용도구역코드,300,지구단위계획구역,1,0,,지구단위계획구역,20221008
경상남도 양산시 북정동 445-17번지,48330,10700,0,0445,0017,1264100039575,,,,1,용도지역코드,UQA121,제1종일반주거지역,1,0,,제1종일반주거지역,20221008
경상남도 양산시 북정동 445-17번지,48330,10700,0,0445,0017,1264100039575,,,,3,용도구역코드,UQQ310,제1종지구단위계획구역,1,0,,제1종지구단위계획구역,20221008
경상남도 양산시 북정동 445-17번지,48330,10700,0,0445,0017,1264100039575,,,,3,용도구역코드,UOA120,상대보호구역,0,0,,상대정화구역,20221008
경상남도 양산시 북정동 445-18번지,48330,10700,0,0445,0018,1264100018476,,,,1,용도지역코드,1021,제1종일반주거지역,1,0,,제1종일반주거지역,20221008
경상남도 양산시 북정동 445-18번지,48330,10700,0,0445,0018,1264100018476,,,,3,용도구역코드,301,제1종지구단위계획구역,1,0,,제1종지구단위계획구역,20221008
경상남도 양산시 북정동 445-18번지,48330,10700,0,0445,0018,12646141,,,,1,용도지역코드,1022,제2종일반주거지역,1,0,,제2종일반주거지역,20221008
경상남도 양산시 북정동 446-1번지,48330,10700,0,0446,0001,12647244,,,,1,용도지역코드,1021,제1종일반주거지역,1,0,,제1종일반주거지역,20221008
경상남도 양산시 북정동 446-1번지,48330,10700,0,0446,0001,12647244,,,,3,용도구역코드,300,지구단위계획구역,1,0,,지구단위계획구역,20221008
경상남도 양산시 북정동 446-2번지,48330,10700,0,0446,0002,1264100024670,,,,1,용도지역코드,UQA122,제2종일반주거지역,1,0,,제2종일반주거지역,20221008
경상남도 양산시 북정동 446-2번지,48330,10700,0,0446,0002,1264100007065,,,,1,용도지역코드,1021,제1종일반주거지역,1,0,,제1종일반주거지역,20221008
경상남도 양산시 북정동 446-2번지,48330,10700,0,0446,0002,1264100007065,,,,3,용도구역코드,301,제1종지구단위계획구역,1,0,,제1종지구단위계획구역,20221008
경상남도 양산시 북정동 446-3번지,48330,10700,0,0446,0003,1264100037075,,,,1,용도지역코드,UQA121,제1종일반주거지역,1,0,,제1종일반주거지역,20221008
경상남도 양산시 북정동 446-3번지,48330,10700,0,0446,0003,1264100037075,,,,3,용도구역코드,UQQ310,제1종지구단위계획구역,1,0,,제1종지구단위계획구역,20221008
경상남도 양산시 북정동 446-3번지,48330,10700,0,0446,0003,1264100037075,,,,3,용도구역코드,UOA120,상대보호구역,0,0,,상대정화구역,20221008
경상남도 양산시 북정동 446-4번지,48330,10700,0,0446,0004,12644006,,,,1,용도지역코드,1022,제2종일반주거지역,1,0,,제2종일반주거지역,20221008
경상남도 양산시 북정동 446-5번지,48330,10700,0,0446,0005,1264100022588,,,,1,용도지역코드,UQA121,제1종일반주거지역,1,0,,제1종일반주거지역,20221008
경상남도 양산시 북정동 446-5번지,48330,10700,0,0446,0005,1264100022588,,,,3,용도구역코드,UQQ310,제1종지구단위계획구역,1,0,,제1종지구단위계획구역,20221008
경상남도 양산시 북정동 446-6번지,48330,10700,0,0446,0006,1264100020509,,,,1,용도지역코드,1021,제1종일반주거지역,1,0,,제1종일반주거지역,20221008
경상남도 양산시 북정동 446-6번지,48330,10700,0,0446,0006,1264100020509,,,,3,용도구역코드,301,제1종지구단위계획구역,1,0,,제1종지구단위계획구역,20221008
경상남도 양산시 북정동 446-6번지,48330,10700,0,0446,0006,1264100020509,,,,3,용도구역코드,272,상대정화구역,0,0,,상대정화구역,20221008
경상남도 양산시 북정동 446-7번지,48330,10700,0,0446,0007,1264100095199,,,,1,용도지역코드,UQA121,제1종일반주거지역,1,0,,제1종일반주거지역,20221008
경상남도 양산시 북정동 446-7번지,48330,10700,0,0446,0007,1264100095199,,,,3,용도구역코드,UQQ310,제1종지구단위계획구역,1,0,,제1종지구단위계획구역,20221008
경상남도 양산시 북정동 446-7번지,48330,10700,0,0446,0007,1264100095199,,,,3,용도구역코드,UOA120,상대보호구역,0,0,,상대정화구역,20221008
경상남도 양산시 북정동 447-1번지,48330,10700,0,0447,0001,12643952,,,,1,용도지역코드,1020,일반주거지역,1,0,,일반주거지역,20221008
경상남도 양산시 북정동 447-2번지,48330,10700,0,0447,0002,12644220,,,,1,용도지역코드,1020,일반주거지역,1,0,,일반주거지역,20221008
경상남도 양산시 북정동 447-2번지,48330,10700,0,0447,0002,12644262,,,,1,용도지역코드,1020,일반주거지역,1,0,,일반주거지역,20221008
경상남도 양산시 북정동 447-3번지,48330,10700,0,0447,0003,12645642,,,,1,용도지역코드,1022,제2종일반주거지역,1,0,,제2종일반주거지역,20221008
경상남도 양산시 북정동 447-4번지,48330,10700,0,0447,0004,1264100025149,,,,1,용도지역코드,UQA121,제1종일반주거지역,1,0,,제1종일반주거지역,20221008
경상남도 양산시 북정동 447-4번지,48330,10700,0,0447,0004,1264100025149,,,,3,용도구역코드,UQQ310,제1종지구단위계획구역,1,0,,제1종지구단위계획구역,20221008
경상남도 양산시 북정동 447-4번지,48330,10700,0,0447,0004,1264100025149,,,,3,용도구역코드,UOA120,상대보호구역,0,0,,상대정화구역,20221008
경상남도 양산시 북정동 447-6번지,48330,10700,0,0447,0006,12649301,,,,1,용도지역코드,1021,제1종일반주거지역,1,0,,제1종일반주거지역,20221008
경상남도 양산시 북정동 447-7번지,48330,10700,0,0447,0007,12643692,,,,1,용도지역코드,1020,일반주거지역,1,0,,일반주거지역,20221008
경상남도 양산시 북정동 447-8번지,48330,10700,0,0447,0008,12644007,,,,1,용도지역코드,1020,일반주거지역,1,0,,일반주거지역,20221008
경상남도 양산시 북정동 447-9번지,48330,10700,0,0447,0009,12648206,,,,1,용도지역코드,1021,제1종일반주거지역,1,0,,제1종일반주거지역,20221008
경상남도 양산시 북정동 447-9번지,48330,10700,0,0447,0009,12648206,,,,3,용도구역코드,301,제1종지구단위계획구역,1,0,,제1종지구단위계획구역,20221008
경상남도 양산시 북정동 450-4번지,48330,10700,0,0450,0004,12645154,,450,4,1,용도지역코드,1022,제2종일반주거지역,1,0,,제2종일반주거지역,20221008
경상남도 양산시 북정동 456번지,48330,10700,0,0456,0000,1000000000000000718678,,,,1,용도지역코드,UQA121,제1종일반주거지역,1,0,,제1종일반주거지역,20260708
경상남도 양산시 북정동 456번지,48330,10700,0,0456,0000,1000000000000000718678,,,,3,용도구역코드,UOA120,상대보호구역,1,0,,상대보호구역,20260708
경상남도 양산시 북정동 456번지,48330,10700,0,0456,0000,1000000000000000718678,,,,3,용도구역코드,UMZ100,가축사육제한구역,0,0,,가축사육제한구역,20260708
경상남도 양산시 북정동 458번지,48330,10700,0,0458,0000,1264100057909,,,,1,용도지역코드,UQA121,제1종일반주거지역,1,0,,제1종일반주거지역,20221008
경상남도 양산시 북정동 460번지,48330,10700,0,0460,0000,1264100054269,,,,1,용도지역코드,UQA121,제1종일반주거지역,1,0,,제1종일반주거지역,20221008
경상남도 양산시 북정동 460번지,48330,10700,0,0460,0000,1264100054269,,,,3,용도구역코드,UOA110,절대정화구역,1,0,,절대정화구역,20221008
경상남도 양산시 북정동 462-1번지,48330,10700,0,0462,0001,12645312,,,,1,용도지역코드,1022,제2종일반주거지역,1,0,,제2종일반주거지역,20221008
경상남도 양산시 북정동 482-1번지,48330,10700,0,0482,0001,12643014,,,,1,용도지역코드,1020,일반주거지역,1,0,,일반주거지역,20221008
경상남도 양산시 북정동 482-1번지,48330,10700,0,0482,0001,1264288,,,,1,용도지역코드,1330,자연녹지지역,1,0,,자연녹지지역,20221008
경상남도 양산시 북정동 482-5번지,48330,10700,0,0482,0005,12646707,북정2토지구획정리사업지구,6,2,1,용도지역코드,1022,제2종일반주거지역,1,0,,제2종일반주거지역,20221008
경상남도 양산시 북정동 482-5번지,48330,10700,0,0482,0005,12646707,북정2토지구획정리사업지구,6,2,2,용도지구코드,340,토지구획정리사업지구,1,0,,토지구획정리사업지구,20221008
경상남도 양산시 북정동 483-1번지,48330,10700,0,0483,0001,1264100148990,,,,1,용도지역코드,UQA430,자연녹지지역,1,0,,자연녹지지역,20221008
경상남도 양산시 북정동 483-1번지,48330,10700,0,0483,0001,1264100148990,,,,1,용도지역코드,UQA121,제1종일반주거지역,0,0,,제1종일반주거지역,20221008
경상남도 양산시 북정동 483-1번지,48330,10700,0,0483,0001,1264100148990,,,,3,용도구역코드,UOA120,상대보호구역,1,0,,상대보호구역,20221008
경상남도 양산시 북정동 485번지,48330,10700,0,0485,0000,1264100065055,,,,1,용도지역코드,UQA121,제1종일반주거지역,1,0,,제1종일반주거지역,20221008
경상남도 양산시 북정동 485번지,48330,10700,0,0485,0000,1264100065055,,,,3,용도구역코드,UOA120,상대보호구역,1,0,,상대정화구역,20221008
경상남도 양산시 북정동 489-1번지,48330,10700,0,0489,0001,1264100051788,,,,1,용도지역코드,UQA121,제1종일반주거지역,1,0,,제1종일반주거지역,20221008
경상남도 양산시 북정동 489-1번지,48330,10700,0,0489,0001,1264100051788,,,,3,용도구역코드,UOA120,상대보호구역,1,0,,상대정화구역,20221008
경상남도 양산시 북정동 490번지,48330,10700,0,0490,0000,1264100091081,,,,1,용도지역코드,UQA121,제1종일반주거지역,1,0,,제1종일반주거지역,20221008
경상남도 양산시 북정동 498-1번지,48330,10700,0,0498,0001,1264100050351,,,,1,용도지역코드,UQA121,제1종일반주거지역,1,0,,제1종일반주거지역,20221008
경상남도 양산시 북정동 498-1번지,48330,10700,0,0498,0001,1264100050351,,,,3,용도구역코드,UOA120,상대보호구역,1,0,,상대정화구역,20221008
경상남도 양산시 북정동 498-3번지,48330,10700,0,0498,0003,12646828,,,,1,용도지역코드,1022,제2종일반주거지역,1,0,,제2종일반주거지역,20221008
경상남도 양산시 북정동 504-5번지,48330,10700,0,0504,0005,1264100049151,,,,1,용도지역코드,UQA121,제1종일반주거지역,1,0,,제1종일반주거지역,20221008
경상남도 양산시 북정동 504-5번지,48330,10700,0,0504,0005,1264100049151,,,,3,용도구역코드,UOA120,상대보호구역,1,0,,상대정화구역,20221008
경상남도 양산시 북정동 504-7번지,48330,10700,0,0504,0007,1264100049288,,,,1,용도지역코드,UQA121,제1종일반주거지역,1,0,,제1종일반주거지역,20221008
경상남도 양산시 북정동 504-7번지,48330,10700,0,0504,0007,1264100049288,,,,3,용도구역코드,UOA120,상대보호구역,1,0,,상대정화구역,20221008
경상남도 양산시 북정동 505-2번지,48330,10700,0,0505,0002,1264965,,,,1,용도지역코드,1330,자연녹지지역,1,0,,자연녹지지역,20221008
경상남도 양산시 북정동 518번지,48330,10700,0,0518,0000,1264100050987,,,,1,용도지역코드,UQA121,제1종일반주거지역,1,0,,제1종일반주거지역,20221008
경상남도 양산시 북정동 518번지,48330,10700,0,0518,0000,1264100050987,,,,3,용도구역코드,UOA120,상대보호구역,1,0,,상대정화구역,20221008
경상남도 양산시 북정동 518-1번지,48330,10700,0,0518,0001,12645264,,,,1,용도지역코드,1022,제2종일반주거지역,1,0,,제2종일반주거지역,20221008
경상남도 양산시 북정동 518-3번지,48330,10700,0,0518,0003,12647365,,,,1,용도지역코드,1021,제1종일반주거지역,1,0,,제1종일반주거지역,20221008
경상남도 양산시 북정동 518-6번지,48330,10700,0,0518,0006,1264100157970,,,,1,용도지역코드,UQA121,제1종일반주거지역,1,0,,제1종일반주거지역,20221008
경상남도 양산시 북정동 518-17번지,48330,10700,0,0518,0017,1264100050708,,,,1,용도지역코드,UQA121,제1종일반주거지역,1,0,,제1종일반주거지역,20221008
경상남도 양산시 북정동 518-17번지,48330,10700,0,0518,0017,1264100050708,,,,3,용도구역코드,UOA120,상대보호구역,1,0,,상대정화구역,20221008
경상남도 양산시 북정동 524-3번지,48330,10700,0,0524,0003,1264100113796,,,,1,용도지역코드,UQA121,제1종일반주거지역,1,0,,제1종일반주거지역,20221008
경상남도 양산시 북정동 524-5번지,48330,10700,0,0524,0005,12641549,,,,1,용도지역코드,1020,일반주거지역,1,0,,일반주거지역,20221008
경상남도 양산시 북정동 526-1번지,48330,10700,0,0526,0001,1264100028929,,,,1,용도지역코드,UQA121,제1종일반주거지역,1,0,,제1종일반주거지역,20221008
경상남도 양산시 북정동 526-1번지,48330,10700,0,0526,0001,1264100028929,,,,3,용도구역코드,UQQ310,제1종지구단위계획구역,1,0,,제1종지구단위계획구역,20221008
경상남도 양산시 북정동 526-2번지,48330,10700,0,0526,0002,1264100028930,,,,1,용도지역코드,UQA121,제1종일반주거지역,1,0,,제1종일반주거지역,20230707
경상남도 양산시 북정동 526-2번지,48330,10700,0,0526,0002,1264100028930,,,,3,용도구역코드,UQQ310,제1종지구단위계획구역,1,0,,제1종지구단위계획구역,20230707
경상남도 양산시 북정동 526-3번지,48330,10700,0,0526,0003,12645516,,,,1,용도지역코드,1022,제2종일반주거지역,1,0,,제2종일반주거지역,20221008
경상남도 양산시 북정동 526-3번지,48330,10700,0,0526,0003,1264100075460,,,,1,용도지역코드,UQA121,제1종일반주거지역,1,0,,제1종일반주거지역,20221008
경상남도 양산시 북정동 526-3번지,48330,10700,0,0526,0003,1264100075460,,,,3,용도구역코드,UQQ310,제1종지구단위계획구역,1,0,,제1종지구단위계획구역,20221008
경상남도 양산시 북정동 526-4번지,48330,10700,0,0526,0004,12641237,526-4,,,1,용도지역코드,1020,일반주거지역,1,0,,일반주거지역,20221008
경상남도 양산시 북정동 526-6번지,48330,10700,0,0526,0006,12642287,,,,1,용도지역코드,1020,일반주거지역,1,0,,일반주거지역,20221008
경상남도 양산시 북정동 526-7번지,48330,10700,0,0526,0007,12645114,,,,1,용도지역코드,1022,제2종일반주거지역,1,0,,제2종일반주거지역,20221008
경상남도 양산시 북정동 526-7번지,48330,10700,0,0526,0007,12645114,,,,3,용도구역코드,140,택지개발사업구역,1,0,,택지개발사업구역,20221008
경상남도 양산시 북정동 526-8번지,48330,10700,0,0526,0008,12648954,,,,1,용도지역코드,1021,제1종일반주거지역,1,0,,제1종일반주거지역,20221008
경상남도 양산시 북정동 526-8번지,48330,10700,0,0526,0008,12648954,,,,3,용도구역코드,301,제1종지구단위계획구역,1,0,,제1종지구단위계획구역,20221008
경상남도 양산시 북정동 526-9번지,48330,10700,0,0526,0009,12642999,,,,1,용도지역코드,1020,일반주거지역,1,0,,일반주거지역,20221008
경상남도 양산시 북정동 526-9번지,48330,10700,0,0526,0009,12642999,,,,2,용도지구코드,160,택지개발지구,1,0,,택지개발지구,20221008
경상남도 양산시 북정동 526-9번지,48330,10700,0,0526,0009,12642999,,,,3,용도구역코드,300,지구단위계획구역,1,0,,지구단위계획구역,20221008
경상남도 양산시 북정동 526-10번지,48330,10700,0,0526,0010,12641539,,,,1,용도지역코드,1020,일반주거지역,1,0,,일반주거지역,20221008
경상남도 양산시 북정동 526-11번지,48330,10700,0,0526,0011,1264100006625,,,,1,용도지역코드,1021,제1종일반주거지역,1,0,,제1종일반주거지역,20221008
경상남도 양산시 북정동 526-11번지,48330,10700,0,0526,0011,1264100006625,,,,3,용도구역코드,301,제1종지구단위계획구역,1,0,,제1종지구단위계획구역,20221008
경상남도 양산시 북정동 526-11번지,48330,10700,0,0526,0011,1264100008990,,,,1,용도지역코드,1021,제1종일반주거지역,1,0,,제1종일반주거지역,20221008
경상남도 양산시 북정동 526-11번지,48330,10700,0,0526,0011,1264100008990,,,,3,용도구역코드,301,제1종지구단위계획구역,1,0,,제1종지구단위계획구역,20221008
경상남도 양산시 북정동 526-12번지,48330,10700,0,0526,0012,1264100008991,,,,1,용도지역코드,1021,제1종일반주거지역,1,0,,제1종일반주거지역,20221008
경상남도 양산시 북정동 526-12번지,48330,10700,0,0526,0012,1264100008991,,,,3,용도구역코드,301,제1종지구단위계획구역,1,0,,제1종지구단위계획구역,20221008
경상남도 양산시 북정동 526-13번지,48330,10700,0,0526,0013,1264100008491,,,,1,용도지역코드,1021,제1종일반주거지역,1,0,,제1종일반주거지역,20221008
경상남도 양산시 북정동 526-13번지,48330,10700,0,0526,0013,1264100008491,,,,2,용도지구코드,,,1,0,,,20221008
경상남도 양산시 북정동 526-13번지,48330,10700,0,0526,0013,1264100008491,,,,3,용도구역코드,301,제1종지구단위계획구역,1,0,,제1종지구단위계획구역,20221008
경상남도 양산시 북정동 528-1번지,48330,10700,0,0528,0001,12645694,,,,1,용도지역코드,1022,제2종일반주거지역,1,0,,제2종일반주거지역,20221008
경상남도 양산시 북정동 528-1번지,48330,10700,0,0528,0001,12645694,,,,2,용도지구코드,160,택지개발지구,1,0,,택지개발지구,20221008
경상남도 양산시 북정동 528-1번지,48330,10700,0,0528,0001,12645694,,,,3,용도구역코드,300,지구단위계획구역,1,0,,지구단위계획구역,20221008
경상남도 양산시 북정동 528-2번지,48330,10700,0,0528,0002,12645631,,,,1,용도지역코드,1022,제2종일반주거지역,1,0,,제2종일반주거지역,20221008
경상남도 양산시 북정동 528-3번지,48330,10700,0,0528,0003,12642763,,,,1,용도지역코드,1020,일반주거지역,1,0,,일반주거지역,20221008
경상남도 양산시 북정동 528-3번지,48330,10700,0,0528,0003,12642763,,,,3,용도구역코드,050,상세계획구역,1,0,,상세계획구역,20221008
경상남도 양산시 북정동 528-4번지,48330,10700,0,0528,0004,12642597,,,,1,용도지역코드,1020,일반주거지역,1,0,,일반주거지역,20221008
경상남도 양산시 북정동 528-4번지,48330,10700,0,0528,0004,12642597,,,,2,용도지구코드,160,택지개발지구,1,0,,택지개발지구,20221008
경상남도 양산시 북정동 528-4번지,48330,10700,0,0528,0004,12642597,,,,3,용도구역코드,300,지구단위계획구역,1,0,,지구단위계획구역,20221008
경상남도 양산시 북정동 529-2번지,48330,10700,0,0529,0002,1264100143063,,,,1,용도지역코드,UQA121,제1종일반주거지역,1,0,,제1종일반주거지역,20221008
경상남도 양산시 북정동 529-2번지,48330,10700,0,0529,0002,1264100143063,,,,3,용도구역코드,UQQ310,제1종지구단위계획구역,1,0,,제1종지구단위계획구역,20221008
경상남도 양산시 북정동 529-4번지,48330,10700,0,0529,0004,1264100031424,,,,1,용도지역코드,UQA121,제1종일반주거지역,1,0,,제1종일반주거지역,20221008
경상남도 양산시 북정동 529-5번지,48330,10700,0,0529,0005,12643867,,,,1,용도지역코드,1020,일반주거지역,1,0,,일반주거지역,20221008
경상남도 양산시 북정동 529-6번지,48330,10700,0,0529,0006,1264100028009,,,,1,용도지역코드,UQA121,제1종일반주거지역,1,0,,제1종일반주거지역,20221008
경상남도 양산시 북정동 529-6번지,48330,10700,0,0529,0006,1264100028009,,,,3,용도구역코드,UQQ310,제1종지구단위계획구역,1,0,,제1종지구단위계획구역,20221008
경상남도 양산시 북정동 529-7번지,48330,10700,0,0529,0007,12642049,,,,1,용도지역코드,1020,일반주거지역,1,0,,일반주거지역,20221008
경상남도 양산시 북정동 529-8번지,48330,10700,0,0529,0008,12649328,,,,1,용도지역코드,1021,제1종일반주거지역,1,0,,제1종일반주거지역,20221008
경상남도 양산시 북정동 529-8번지,48330,10700,0,0529,0008,1264100028271,,,,1,용도지역코드,UQA121,제1종일반주거지역,1,0,,제1종일반주거지역,20221008
경상남도 양산시 북정동 529-9번지,48330,10700,0,0529,0009,1264100021310,,,,1,용도지역코드,1021,제1종일반주거지역,1,0,,제1종일반주거지역,20221008
경상남도 양산시 북정동 529-9번지,48330,10700,0,0529,0009,12649329,,,,1,용도지역코드,1021,제1종일반주거지역,1,0,,제1종일반주거지역,20221008
경상남도 양산시 북정동 529-10번지,48330,10700,0,0529,0010,12644746,,,,1,용도지역코드,1022,제2종일반주거지역,1,0,,제2종일반주거지역,20221008
경상남도 양산시 북정동 529-11번지,48330,10700,0,0529,0011,12643625,,,,1,용도지역코드,1020,일반주거지역,1,0,,일반주거지역,20221008
경상남도 양산시 북정동 529-12번지,48330,10700,0,0529,0012,12646121,,,,1,용도지역코드,1022,제2종일반주거지역,1,0,,제2종일반주거지역,20221008
경상남도 양산시 북정동 529-12번지,48330,10700,0,0529,0012,12646121,,,,3,용도구역코드,300,지구단위계획구역,1,0,,지구단위계획구역,20221008
경상남도 양산시 북정동 529-13번지,48330,10700,0,0529,0013,1264100012173,,,,1,용도지역코드,1021,제1종일반주거지역,1,0,,제1종일반주거지역,20221008
경상남도 양산시 북정동 529-13번지,48330,10700,0,0529,0013,1264100012173,,,,3,용도구역코드,301,제1종지구단위계획구역,1,0,,제1종지구단위계획구역,20221008
경상남도 양산시 북정동 529-15번지,48330,10700,0,0529,0015,12642081,,,,1,용도지역코드,1020,일반주거지역,1,0,,일반주거지역,20221008
경상남도 양산시 북정동 529-17번지,48330,10700,0,0529,0017,12646174,,,,1,용도지역코드,1021,제1종일반주거지역,1,0,,제1종일반주거지역,20221008
경상남도 양산시 북정동 529-17번지,48330,10700,0,0529,0017,12646174,,,,3,용도구역코드,301,제1종지구단위계획구역,1,0,,제1종지구단위계획구역,20221008
경상남도 양산시 북정동 530-1번지,48330,10700,0,0530,0001,12643785,,,,1,용도지역코드,1020,일반주거지역,1,0,,일반주거지역,20221008
경상남도 양산시 북정동 530-2번지,48330,10700,0,0530,0002,12646129,,,,1,용도지역코드,1022,제2종일반주거지역,1,0,,제2종일반주거지역,20221008
경상남도 양산시 북정동 530-2번지,48330,10700,0,0530,0002,12646129,,,,2,용도지구코드,980,용도지구미지정,1,0,,용도지구미지정,20221008
경상남도 양산시 북정동 530-2번지,48330,10700,0,0530,0002,12646129,,,,3,용도구역코드,300,지구단위계획구역,1,0,,지구단위계획구역,20221008
경상남도 양산시 북정동 530-3번지,48330,10700,0,0530,0003,12643063,,,,1,용도지역코드,1020,일반주거지역,1,0,,일반주거지역,20221008
경상남도 양산시 북정동 530-3번지,48330,10700,0,0530,0003,12643063,,,,3,용도구역코드,050,상세계획구역,1,0,,상세계획구역,20221008
경상남도 양산시 북정동 530-5번지,48330,10700,0,0530,0005,12642112,,,,1,용도지역코드,1020,일반주거지역,1,0,,일반주거지역,20221008
경상남도 양산시 북정동 530-6번지,48330,10700,0,0530,0006,12643859,,,,1,용도지역코드,1020,일반주거지역,1,0,,일반주거지역,20221008
경상남도 양산시 북정동 531-3번지,48330,10700,0,0531,0003,12645727,,,,1,용도지역코드,1022,제2종일반주거지역,1,0,,제2종일반주거지역,20221008
경상남도 양산시 북정동 531-3번지,48330,10700,0,0531,0003,12645727,,,,3,용도구역코드,300,지구단위계획구역,1,0,,지구단위계획구역,20221008
경상남도 양산시 북정동 531-4번지,48330,10700,0,0531,0004,12642028,,,,1,용도지역코드,1020,일반주거지역,1,0,,일반주거지역,20221008
경상남도 양산시 북정동 531-5번지,48330,10700,0,0531,0005,12643769,,,,1,용도지역코드,1020,일반주거지역,1,0,,일반주거지역,20221008
경상남도 양산시 북정동 531-7번지,48330,10700,0,0531,0007,1264100085262,,,,1,용도지역코드,UQA121,제1종일반주거지역,1,0,,제1종일반주거지역,20221008
경상남도 양산시 북정동 531-7번지,48330,10700,0,0531,0007,1264100085262,,,,3,용도구역코드,UQQ310,제1종지구단위계획구역,1,0,,제1종지구단위계획구역,20221008
경상남도 양산시 북정동 531-7번지,48330,10700,0,0531,0007,1264100085262,,,,3,용도구역코드,UOA110,절대정화구역,0,0,,절대정화구역,20221008
경상남도 양산시 북정동 531-7번지,48330,10700,0,0531,0007,1264100085262,,,,3,용도구역코드,UOA120,상대보호구역,0,0,,상대정화구역,20221008
경상남도 양산시 북정동 531-8번지,48330,10700,0,0531,0008,12645596,,,,1,용도지역코드,1022,제2종일반주거지역,1,0,,제2종일반주거지역,20221008
경상남도 양산시 북정동 531-9번지,48330,10700,0,0531,0009,1264100021219,,,,1,용도지역코드,1021,제1종일반주거지역,1,0,,제1종일반주거지역,20221008
경상남도 양산시 북정동 531-9번지,48330,10700,0,0531,0009,1264100021219,,,,3,용도구역코드,301,제1종지구단위계획구역,1,0,,제1종지구단위계획구역,20221008
경상남도 양산시 북정동 531-9번지,48330,10700,0,0531,0009,1264100021219,,,,3,용도구역코드,272,상대정화구역,0,0,,상대정화구역,20221008
경상남도 양산시 북정동 531-9번지,48330,10700,0,0531,0009,12648878,,,,1,용도지역코드,1021,제1종일반주거지역,1,0,,제1종일반주거지역,20221008
경상남도 양산시 북정동 531-10번지,48330,10700,0,0531,0010,12641560,,,,1,용도지역코드,1020,일반주거지역,1,0,,일반주거지역,20221008
경상남도 양산시 북정동 531-12번지,48330,10700,0,0531,0012,1000000000000000343648,,,,1,용도지역코드,UQA121,제1종일반주거지역,1,0,,제1종일반주거지역,20231019
경상남도 양산시 북정동 531-12번지,48330,10700,0,0531,0012,1000000000000000343648,,,,3,용도구역코드,UQQ310,제1종지구단위계획구역,1,0,,제1종지구단위계획구역,20231019
경상남도 양산시 북정동 532-1번지,48330,10700,0,0532,0001,12642330,,,,1,용도지역코드,1020,일반주거지역,1,0,,일반주거지역,20221008
경상남도 양산시 북정동 532-2번지,48330,10700,0,0532,0002,12643715,,,,1,용도지역코드,1020,일반주거지역,1,0,,일반주거지역,20221008
경상남도 양산시 북정동 532-2번지,48330,10700,0,0532,0002,12643715,,,,2,용도지구코드,160,택지개발지구,1,0,,택지개발지구,20221008
경상남도 양산시 북정동 533-1번지,48330,10700,0,0533,0001,12643854,,,,1,용도지역코드,1020,일반주거지역,1,0,,일반주거지역,20221008
경상남도 양산시 북정동 533-2번지,48330,10700,0,0533,0002,1264100023087,,,,1,용도지역코드,UQA121,제1종일반주거지역,1,0,,제1종일반주거지역,20221008
경상남도 양산시 북정동 533-2번지,48330,10700,0,0533,0002,1264100023087,,,,3,용도구역코드,UQQ310,제1종지구단위계획구역,1,0,,제1종지구단위계획구역,20221008
경상남도 양산시 북정동 533-3번지,48330,10700,0,0533,0003,12645954,,,,1,용도지역코드,1021,제1종일반주거지역,1,0,,제1종일반주거지역,20221008
경상남도 양산시 북정동 533-4번지,48330,10700,0,0533,0004,1264100026390,,,,1,용도지역코드,UQA121,제1종일반주거지역,1,0,,제1종일반주거지역,20221008
경상남도 양산시 북정동 533-4번지,48330,10700,0,0533,0004,1264100026390,,,,3,용도구역코드,UQQ310,제1종지구단위계획구역,1,0,,제1종지구단위계획구역,20221008
경상남도 양산시 북정동 533-5번지,48330,10700,0,0533,0005,12645951,,,,1,용도지역코드,1021,제1종일반주거지역,1,0,,제1종일반주거지역,20221008
경상남도 양산시 북정동 533-5번지,48330,10700,0,0533,0005,12645951,,,,3,용도구역코드,301,제1종지구단위계획구역,1,0,,제1종지구단위계획구역,20221008
경상남도 양산시 북정동 533-6번지,48330,10700,0,0533,0006,1264100028515,,,,1,용도지역코드,UQA121,제1종일반주거지역,1,0,,제1종일반주거지역,20221008
경상남도 양산시 북정동 533-6번지,48330,10700,0,0533,0006,1264100028515,,,,3,용도구역코드,UQQ310,제1종지구단위계획구역,1,0,,제1종지구단위계획구역,20221008
경상남도 양산시 북정동 533-6번지,48330,10700,0,0533,0006,1264100028515,,,,3,용도구역코드,UOA120,상대보호구역,0,0,,상대정화구역,20221008
경상남도 양산시 북정동 533-7번지,48330,10700,0,0533,0007,12643095,,,,1,용도지역코드,1020,일반주거지역,1,0,,일반주거지역,20221008
경상남도 양산시 북정동 533-7번지,48330,10700,0,0533,0007,12643095,,,,3,용도구역코드,050,상세계획구역,1,0,,상세계획구역,20221008
경상남도 양산시 북정동 533-8번지,48330,10700,0,0533,0008,12643638,,,,1,용도지역코드,1020,일반주거지역,1,0,,일반주거지역,20221008
경상남도 양산시 북정동 534-1번지,48330,10700,0,0534,0001,12645652,,,,1,용도지역코드,1022,제2종일반주거지역,1,0,,제2종일반주거지역,20221008
경상남도 양산시 북정동 534-2번지,48330,10700,0,0534,0002,12646020,,,,1,용도지역코드,1022,제2종일반주거지역,1,0,,제2종일반주거지역,20221008
경상남도 양산시 북정동 534-2번지,48330,10700,0,0534,0002,12646020,,,,3,용도구역코드,301,제1종지구단위계획구역,1,0,,제1종지구단위계획구역,20221008
경상남도 양산시 북정동 534-3번지,48330,10700,0,0534,0003,1264100045346,,,,1,용도지역코드,UQA121,제1종일반주거지역,1,0,,제1종일반주거지역,20221008
경상남도 양산시 북정동 534-3번지,48330,10700,0,0534,0003,1264100045346,,,,3,용도구역코드,UQQ310,제1종지구단위계획구역,1,0,,제1종지구단위계획구역,20221008
경상남도 양산시 북정동 534-3번지,48330,10700,0,0534,0003,1264100045346,,,,3,용도구역코드,UOA120,상대보호구역,0,0,,상대정화구역,20221008
경상남도 양산시 북정동 534-4번지,48330,10700,0,0534,0004,1264100026989,,,,1,용도지역코드,UQA121,제1종일반주거지역,1,0,,제1종일반주거지역,20221008
경상남도 양산시 북정동 534-4번지,48330,10700,0,0534,0004,1264100026989,,,,3,용도구역코드,UQQ310,제1종지구단위계획구역,1,0,,제1종지구단위계획구역,20221008
경상남도 양산시 북정동 534-5번지,48330,10700,0,0534,0005,1264100020021,,,,1,용도지역코드,1021,제1종일반주거지역,1,0,,제1종일반주거지역,20221008
경상남도 양산시 북정동 534-5번지,48330,10700,0,0534,0005,1264100020021,,,,3,용도구역코드,301,제1종지구단위계획구역,1,0,,제1종지구단위계획구역,20221008
경상남도 양산시 북정동 534-6번지,48330,10700,0,0534,0006,1264100020020,,,,1,용도지역코드,1021,제1종일반주거지역,1,0,,제1종일반주거지역,20221008
경상남도 양산시 북정동 534-6번지,48330,10700,0,0534,0006,1264100020020,,,,3,용도구역코드,301,제1종지구단위계획구역,1,0,,제1종지구단위계획구역,20221008
경상남도 양산시 북정동 534-7번지,48330,10700,0,0534,0007,12643819,,,,1,용도지역코드,1020,일반주거지역,1,0,,일반주거지역,20221008
경상남도 양산시 북정동 534-8번지,48330,10700,0,0534,0008,12645558,,,,1,용도지역코드,1022,제2종일반주거지역,1,0,,제2종일반주거지역,20221008
경상남도 양산시 북정동 535-1번지,48330,10700,0,0535,0001,12641659,,,,1,용도지역코드,1020,일반주거지역,1,0,,일반주거지역,20221008
경상남도 양산시 북정동 535-2번지,48330,10700,0,0535,0002,12642215,,,,1,용도지역코드,1020,일반주거지역,1,0,,일반주거지역,20221008
경상남도 양산시 북정동 535-3번지,48330,10700,0,0535,0003,12644204,,,,1,용도지역코드,1020,일반주거지역,1,0,,일반주거지역,20221008
경상남도 양산시 북정동 535-5번지,48330,10700,0,0535,0005,1264100031138,,,,1,용도지역코드,UQA121,제1종일반주거지역,1,0,,제1종일반주거지역,20221008
경상남도 양산시 북정동 535-5번지,48330,10700,0,0535,0005,1264100031138,,,,3,용도구역코드,UQQ310,제1종지구단위계획구역,1,0,,제1종지구단위계획구역,20221008
경상남도 양산시 북정동 535-5번지,48330,10700,0,0535,0005,1264100031138,,,,3,용도구역코드,UOA120,상대보호구역,0,0,,상대정화구역,20221008
경상남도 양산시 북정동 535-5번지,48330,10700,0,0535,0005,12645134,,,,1,용도지역코드,1022,제2종일반주거지역,1,0,,제2종일반주거지역,20221008
경상남도 양산시 북정동 535-7번지,48330,10700,0,0535,0007,12641077,,,,1,용도지역코드,1020,일반주거지역,1,0,,일반주거지역,20221008
경상남도 양산시 북정동 535-8번지,48330,10700,0,0535,0008,1264100020999,,,,1,용도지역코드,1021,제1종일반주거지역,1,0,,제1종일반주거지역,20221008
경상남도 양산시 북정동 535-8번지,48330,10700,0,0535,0008,1264100020999,,,,3,용도구역코드,301,제1종지구단위계획구역,1,0,,제1종지구단위계획구역,20221008
경상남도 양산시 북정동 535-8번지,48330,10700,0,0535,0008,1264100020999,,,,3,용도구역코드,271,절대정화구역,0,0,,절대정화구역,20221008
경상남도 양산시 북정동 548번지,48330,10700,0,0548,0000,1264879,경상남도 양산시 북정동,549,,1,용도지역코드,1330,자연녹지지역,1,0,,자연녹지지역,20221008
경상남도 양산시 북정동 550-1번지,48330,10700,0,0550,0001,12647259,,,,1,용도지역코드,1021,제1종일반주거지역,1,0,,제1종일반주거지역,20221008
경상남도 양산시 북정동 550-4번지,48330,10700,0,0550,0004,12641245,550-4,,,1,용도지역코드,1020,일반주거지역,1,0,,일반주거지역,20221008
경상남도 양산시 북정동 550-5번지,48330,10700,0,0550,0005,12645842,,,,1,용도지역코드,1022,제2종일반주거지역,1,0,,제2종일반주거지역,20221008
경상남도 양산시 북정동 550-5번지,48330,10700,0,0550,0005,12645842,,,,3,용도구역코드,300,지구단위계획구역,1,0,,지구단위계획구역,20221008
경상남도 양산시 북정동 550-6번지,48330,10700,0,0550,0006,12641270,550-6,,,1,용도지역코드,1021,제1종일반주거지역,1,0,,제1종일반주거지역,20221008
경상남도 양산시 북정동 550-7번지,48330,10700,0,0550,0007,12643286,,,,1,용도지역코드,1020,일반주거지역,1,0,,일반주거지역,20221008
경상남도 양산시 북정동 550-8번지,48330,10700,0,0550,0008,12641556,,,,1,용도지역코드,1020,일반주거지역,1,0,,일반주거지역,20221008
경상남도 양산시 북정동 550-9번지,48330,10700,0,0550,0009,1264100021601,,,,1,용도지역코드,1021,제1종일반주거지역,1,0,,제1종일반주거지역,20221008
경상남도 양산시 북정동 550-9번지,48330,10700,0,0550,0009,1264100021601,,,,3,용도구역코드,301,제1종지구단위계획구역,1,0,,제1종지구단위계획구역,20221008
경상남도 양산시 북정동 550-10번지,48330,10700,0,0550,0010,1264100021641,,,,1,용도지역코드,UQA121,제1종일반주거지역,1,0,,제1종일반주거지역,20221008
경상남도 양산시 북정동 550-10번지,48330,10700,0,0550,0010,1264100021641,,,,3,용도구역코드,UQQ310,제1종지구단위계획구역,1,0,,제1종지구단위계획구역,20221008
경상남도 양산시 북정동 550-11번지,48330,10700,0,0550,0011,1264100047245,,,,1,용도지역코드,UQA121,제1종일반주거지역,1,0,,제1종일반주거지역,20221008
경상남도 양산시 북정동 550-11번지,48330,10700,0,0550,0011,1264100047245,,,,3,용도구역코드,UQQ310,제1종지구단위계획구역,1,0,,제1종지구단위계획구역,20221008
경상남도 양산시 북정동 550-11번지,48330,10700,0,0550,0011,1264100047245,,,,3,용도구역코드,UOA110,절대정화구역,0,0,,절대정화구역,20221008
경상남도 양산시 북정동 550-12번지,48330,10700,0,0550,0012,12643002,,,,1,용도지역코드,1020,일반주거지역,1,0,,일반주거지역,20221008
경상남도 양산시 북정동 550-12번지,48330,10700,0,0550,0012,12643002,,,,2,용도지구코드,160,택지개발지구,1,0,,택지개발지구,20221008
경상남도 양산시 북정동 550-12번지,48330,10700,0,0550,0012,12643002,,,,3,용도구역코드,300,지구단위계획구역,1,0,,지구단위계획구역,20221008
경상남도 양산시 북정동 550-13번지,48330,10700,0,0550,0013,1264100028910,,,,1,용도지역코드,UQA121,제1종일반주거지역,1,0,,제1종일반주거지역,20221008
경상남도 양산시 북정동 550-13번지,48330,10700,0,0550,0013,1264100028910,,,,3,용도구역코드,UQQ310,제1종지구단위계획구역,1,0,,제1종지구단위계획구역,20221008
경상남도 양산시 북정동 550-13번지,48330,10700,0,0550,0013,12648081,,,,1,용도지역코드,1021,제1종일반주거지역,1,0,,제1종일반주거지역,20221008
경상남도 양산시 북정동 550-13번지,48330,10700,0,0550,0013,12648081,,,,3,용도구역코드,010,도시계획구역,1,0,,도시계획구역,20221008
경상남도 양산시 북정동 550-13번지,48330,10700,0,0550,0013,12648081,,,,3,용도구역코드,301,제1종지구단위계획구역,0,0,,제1종지구단위계획구역,20221008
경상남도 양산시 북정동 550-13번지,48330,10700,0,0550,0013,12642258,,,,1,용도지역코드,1020,일반주거지역,1,0,,일반주거지역,20221008
경상남도 양산시 북정동 550-14번지,48330,10700,0,0550,0014,12642244,,,,1,용도지역코드,1020,일반주거지역,1,0,,일반주거지역,20221008
경상남도 양산시 북정동 551-1번지,48330,10700,0,0551,0001,12641702,,,,1,용도지역코드,1020,일반주거지역,1,0,,일반주거지역,20221008
경상남도 양산시 북정동 551-2번지,48330,10700,0,0551,0002,1264100030818,,,,1,용도지역코드,UQA121,제1종일반주거지역,1,0,,제1종일반주거지역,20221008
경상남도 양산시 북정동 551-2번지,48330,10700,0,0551,0002,1264100030818,,,,3,용도구역코드,UQQ310,제1종지구단위계획구역,1,0,,제1종지구단위계획구역,20221008
경상남도 양산시 북정동 551-3번지,48330,10700,0,0551,0003,12648161,,,,1,용도지역코드,1021,제1종일반주거지역,1,0,,제1종일반주거지역,20221008
경상남도 양산시 북정동 551-3번지,48330,10700,0,0551,0003,12648161,,,,3,용도구역코드,010,도시계획구역,0,0,,도시계획구역,20221008
경상남도 양산시 북정동 551-3번지,48330,10700,0,0551,0003,12648161,,,,3,용도구역코드,301,제1종지구단위계획구역,1,0,,제1종지구단위계획구역,20221008
경상남도 양산시 북정동 551-4번지,48330,10700,0,0551,0004,12643285,,,,1,용도지역코드,1020,일반주거지역,1,0,,일반주거지역,20221008
경상남도 양산시 북정동 551-6번지,48330,10700,0,0551,0006,12641614,,,,1,용도지역코드,1020,일반주거지역,1,0,,일반주거지역,20221008
경상남도 양산시 북정동 551-8번지,48330,10700,0,0551,0008,12645876,,,,1,용도지역코드,1022,제2종일반주거지역,1,0,,제2종일반주거지역,20221008
경상남도 양산시 북정동 551-9번지,48330,10700,0,0551,0009,12645169,,,,1,용도지역코드,1022,제2종일반주거지역,1,0,,제2종일반주거지역,20221008
경상남도 양산시 북정동 551-10번지,48330,10700,0,0551,0010,1264100095387,,,,1,용도지역코드,UQA121,제1종일반주거지역,1,0,,제1종일반주거지역,20221008
경상남도 양산시 북정동 551-10번지,48330,10700,0,0551,0010,1264100095387,,,,3,용도구역코드,UQQ310,제1종지구단위계획구역,1,0,,제1종지구단위계획구역,20221008
경상남도 양산시 북정동 551-11번지,48330,10700,0,0551,0011,1264100051807,,,,1,용도지역코드,UQA121,제1종일반주거지역,1,0,,제1종일반주거지역,20221008
경상남도 양산시 북정동 551-11번지,48330,10700,0,0551,0011,1264100051807,,,,3,용도구역코드,UOA120,상대보호구역,,,,상대정화구역,20221008
경상남도 양산시 북정동 551-11번지,48330,10700,0,0551,0011,1264100051807,,,,3,용도구역코드,UQQ310,제1종지구단위계획구역,1,0,,제1종지구단위계획구역,20221008
경상남도 양산시 북정동 551-12번지,48330,10700,0,0551,0012,1264100016782,,,,1,용도지역코드,1021,제1종일반주거지역,1,0,,제1종일반주거지역,20221008
경상남도 양산시 북정동 551-12번지,48330,10700,0,0551,0012,1264100016782,,,,3,용도구역코드,301,제1종지구단위계획구역,1,0,,제1종지구단위계획구역,20221008
경상남도 양산시 북정동 552-1번지,48330,10700,0,0552,0001,12641516,,,,1,용도지역코드,1020,일반주거지역,1,0,,일반주거지역,20221008
경상남도 양산시 북정동 552-5번지,48330,10700,0,0552,0005,1264100019179,,,,1,용도지역코드,1021,제1종일반주거지역,1,0,,제1종일반주거지역,20221008
경상남도 양산시 북정동 552-5번지,48330,10700,0,0552,0005,1264100019179,,,,3,용도구역코드,UQQ310,제1종지구단위계획구역,1,0,,제1종지구단위계획구역,20221008
경상남도 양산시 북정동 552-6번지,48330,10700,0,0552,0006,12643910,,,,1,용도지역코드,1020,일반주거지역,1,0,,일반주거지역,20221008
경상남도 양산시 북정동 552-8번지,48330,10700,0,0552,0008,12646807,,,,1,용도지역코드,1021,제1종일반주거지역,1,0,,제1종일반주거지역,20221008
경상남도 양산시 북정동 552-11번지,48330,10700,0,0552,0011,12644019,,,,1,용도지역코드,1020,일반주거지역,1,0,,일반주거지역,20221008
경상남도 양산시 북정동 552-13번지,48330,10700,0,0552,0013,12644229,,,,1,용도지역코드,1020,일반주거지역,1,0,,일반주거지역,20221008
경상남도 양산시 북정동 552-13번지,48330,10700,0,0552,0013,12645165,,,,1,용도지역코드,1020,일반주거지역,1,0,,일반주거지역,20221008
경상남도 양산시 북정동 552-14번지,48330,10700,0,0552,0014,1264100020817,,,,1,용도지역코드,1022,제2종일반주거지역,1,0,,제2종일반주거지역,20221008
경상남도 양산시 북정동 552-18번지,48330,10700,0,0552,0018,12645115,,,,1,용도지역코드,1022,제2종일반주거지역,1,0,,제2종일반주거지역,20221008
경상남도 양산시 북정동 552-21번지,48330,10700,0,0552,0021,12645633,,,,1,용도지역코드,1022,제2종일반주거지역,1,0,,제2종일반주거지역,20221008
경상남도 양산시 북정동 552-26번지,48330,10700,0,0552,0026,1264100050673,,,,1,용도지역코드,UQA121,제1종일반주거지역,1,0,,제1종일반주거지역,20221008
경상남도 양산시 북정동 552-26번지,48330,10700,0,0552,0026,1264100050673,,,,3,용도구역코드,UQQ310,제1종지구단위계획구역,1,0,,제1종지구단위계획구역,20221008
경상남도 양산시 북정동 552-26번지,48330,10700,0,0552,0026,1264100050673,,,,3,용도구역코드,UOA120,상대보호구역,0,0,,상대정화구역,20221008
경상남도 양산시 북정동 553-1번지,48330,10700,0,0553,0001,12646497,,,,1,용도지역코드,1021,제1종일반주거지역,1,0,,제1종일반주거지역,20221008
경상남도 양산시 북정동 553-1번지,48330,10700,0,0553,0001,12646497,,,,3,용도구역코드,301,제1종지구단위계획구역,1,0,,제1종지구단위계획구역,20221008
경상남도 양산시 북정동 553-2번지,48330,10700,0,0553,0002,1264100026591,,,,1,용도지역코드,UQA121,제1종일반주거지역,1,0,,제1종일반주거지역,20221008
경상남도 양산시 북정동 553-2번지,48330,10700,0,0553,0002,1264100026591,,,,3,용도구역코드,UQQ310,제1종지구단위계획구역,1,0,,제1종지구단위계획구역,20221008
경상남도 양산시 북정동 553-2번지,48330,10700,0,0553,0002,1264100026591,,,,3,용도구역코드,UOA120,상대보호구역,0,0,,상대정화구역,20221008
경상남도 양산시 북정동 553-2번지,48330,10700,0,0553,0002,1264100026591,,,,3,용도구역코드,UOA110,절대정화구역,0,0,,절대정화구역,20221008
경상남도 양산시 북정동 553-3번지,48330,10700,0,0553,0003,12641553,,,,1,용도지역코드,1020,일반주거지역,1,0,,일반주거지역,20221008
경상남도 양산시 북정동 553-4번지,48330,10700,0,0553,0004,12642592,,,,1,용도지역코드,1020,일반주거지역,1,0,,일반주거지역,20221008
경상남도 양산시 북정동 553-4번지,48330,10700,0,0553,0004,12642592,,,,2,용도지구코드,160,택지개발지구,1,0,,택지개발지구,20221008
경상남도 양산시 북정동 553-4번지,48330,10700,0,0553,0004,12642592,,,,3,용도구역코드,300,지구단위계획구역,1,0,,지구단위계획구역,20221008
경상남도 양산시 북정동 553-5번지,48330,10700,0,0553,0005,12642654,,,,1,용도지역코드,1020,일반주거지역,1,0,,일반주거지역,20221008
경상남도 양산시 북정동 553-5번지,48330,10700,0,0553,0005,12642654,,,,3,용도구역코드,050,상세계획구역,1,0,,상세계획구역,20221008
경상남도 양산시 북정동 553-6번지,48330,10700,0,0553,0006,12646133,,,,1,용도지역코드,1022,제2종일반주거지역,1,0,,제2종일반주거지역,20221008
경상남도 양산시 북정동 553-7번지,48330,10700,0,0553,0007,12644015,,,,1,용도지역코드,1020,일반주거지역,1,0,,일반주거지역,20221008
경상남도 양산시 북정동 553-8번지,48330,10700,0,0553,0008,12642106,,,,1,용도지역코드,1020,일반주거지역,1,0,,일반주거지역,20221008
경상남도 양산시 북정동 553-9번지,48330,10700,0,0553,0009,1264100120780,,,,1,용도지역코드,UQA121,제1종일반주거지역,1,0,,제1종일반주거지역,20221008
경상남도 양산시 북정동 553-9번지,48330,10700,0,0553,0009,1264100120780,,,,3,용도구역코드,UQQ310,제1종지구단위계획구역,1,0,,제1종지구단위계획구역,20221008
경상남도 양산시 북정동 554-1번지,48330,10700,0,0554,0001,12642993,,,,1,용도지역코드,1020,일반주거지역,1,0,,일반주거지역,20221008
경상남도 양산시 북정동 554-1번지,48330,10700,0,0554,0001,1264100014114,,,,1,용도지역코드,1021,제1종일반주거지역,1,0,,제1종일반주거지역,20221008
경상남도 양산시 북정동 554-1번지,48330,10700,0,0554,0001,1264100014114,,,,3,용도구역코드,301,제1종지구단위계획구역,1,0,,제1종지구단위계획구역,20221008
경상남도 양산시 북정동 554-1번지,48330,10700,0,0554,0001,1264100014114,,,,3,용도구역코드,271,절대정화구역,0,0,,절대정화구역,20221008
경상남도 양산시 북정동 554-2번지,48330,10700,0,0554,0002,1264100023008,,,,1,용도지역코드,UQA121,제1종일반주거지역,1,0,,제1종일반주거지역,20221008
경상남도 양산시 북정동 554-2번지,48330,10700,0,0554,0002,1264100023008,,,,3,용도구역코드,UQQ310,제1종지구단위계획구역,1,0,,제1종지구단위계획구역,20221008
경상남도 양산시 북정동 554-2번지,48330,10700,0,0554,0002,12642699,,,,1,용도지역코드,1020,일반주거지역,1,0,,일반주거지역,20221008
경상남도 양산시 북정동 554-2번지,48330,10700,0,0554,0002,12642699,,,,3,용도구역코드,050,상세계획구역,1,0,,상세계획구역,20221008
경상남도 양산시 북정동 554-3번지,48330,10700,0,0554,0003,12645621,,,,1,용도지역코드,1021,제1종일반주거지역,1,0,,제1종일반주거지역,20221008
경상남도 양산시 북정동 554-3번지,48330,10700,0,0554,0003,12645621,,,,2,용도지구코드,160,택지개발지구,1,0,,택지개발지구,20221008
경상남도 양산시 북정동 554-3번지,48330,10700,0,0554,0003,12645621,,,,3,용도구역코드,300,지구단위계획구역,1,0,,지구단위계획구역,20221008
경상남도 양산시 북정동 554-5번지,48330,10700,0,0554,0005,1264100020199,,,,1,용도지역코드,1021,제1종일반주거지역,1,0,,제1종일반주거지역,20221008
경상남도 양산시 북정동 554-6번지,48330,10700,0,0554,0006,12644216,,,,1,용도지역코드,1020,일반주거지역,1,0,,일반주거지역,20221008
경상남도 양산시 북정동 554-6번지,48330,10700,0,0554,0006,1264100045306,,,,1,용도지역코드,UQA121,제1종일반주거지역,1,0,,제1종일반주거지역,20221008
경상남도 양산시 북정동 554-6번지,48330,10700,0,0554,0006,1264100045306,,,,3,용도구역코드,UQQ310,제1종지구단위계획구역,1,0,,제1종지구단위계획구역,20221008
경상남도 양산시 북정동 554-6번지,48330,10700,0,0554,0006,1264100045306,,,,3,용도구역코드,UOA110,절대정화구역,0,0,,절대정화구역,20221008
경상남도 양산시 북정동 554-6번지,48330,10700,0,0554,0006,12643966,,,,1,용도지역코드,1020,일반주거지역,1,0,,일반주거지역,20221008
경상남도 양산시 북정동 554-7번지,48330,10700,0,0554,0007,1264100023746,,,,1,용도지역코드,UQA121,제1종일반주거지역,1,0,,제1종일반주거지역,20221008
경상남도 양산시 북정동 554-7번지,48330,10700,0,0554,0007,1264100023746,,,,3,용도구역코드,UQQ310,제1종지구단위계획구역,1,0,,제1종지구단위계획구역,20221008
경상남도 양산시 북정동 554-8번지,48330,10700,0,0554,0008,12644537,,,,1,용도지역코드,1022,제2종일반주거지역,1,0,,제2종일반주거지역,20221008
경상남도 양산시 북정동 554-8번지,48330,10700,0,0554,0008,12644537,,,,3,용도구역코드,010,도시계획구역,1,0,,도시계획구역,20221008
경상남도 양산시 북정동 554-8번지,48330,10700,0,0554,0008,12648507,,,,1,용도지역코드,1021,제1종일반주거지역,1,0,,제1종일반주거지역,20221008
경상남도 양산시 북정동 554-8번지,48330,10700,0,0554,0008,12648507,,,,3,용도구역코드,301,제1종지구단위계획구역,1,0,,제1종지구단위계획구역,20221008
경상남도 양산시 북정동 554-9번지,48330,10700,0,0554,0009,1264100069642,,,,1,용도지역코드,UQA121,제1종일반주거지역,1,0,,제1종일반주거지역,20221008
경상남도 양산시 북정동 554-9번지,48330,10700,0,0554,0009,1264100069642,,,,3,용도구역코드,UQQ310,제1종지구단위계획구역,1,0,,제1종지구단위계획구역,20221008
경상남도 양산시 북정동 554-9번지,48330,10700,0,0554,0009,1264100069642,,,,3,용도구역코드,UOA110,절대정화구역,0,0,,절대정화구역,20221008
경상남도 양산시 북정동 554-9번지,48330,10700,0,0554,0009,1264100069642,,,,3,용도구역코드,UOA120,상대보호구역,0,0,,상대정화구역,20221008
경상남도 양산시 북정동 554-10번지,48330,10700,0,0554,0010,12648879,,,,1,용도지역코드,1021,제1종일반주거지역,1,0,,제1종일반주거지역,20221008
경상남도 양산시 북정동 554-11번지,48330,10700,0,0554,0011,12641447,554-11,,,1,용도지역코드,1020,일반주거지역,1,0,,일반주거지역,20221008
경상남도 양산시 북정동 554-12번지,48330,10700,0,0554,0012,12642080,,,,1,용도지역코드,1020,일반주거지역,1,0,,일반주거지역,20221008
경상남도 양산시 북정동 556-2번지,48330,10700,0,0556,0002,1264100004064,,,,1,용도지역코드,1021,제1종일반주거지역,1,0,,제1종일반주거지역,20221008
경상남도 양산시 북정동 556-2번지,48330,10700,0,0556,0002,1264100022746,,,,1,용도지역코드,UQA121,제1종일반주거지역,1,0,,제1종일반주거지역,20221008
경상남도 양산시 북정동 556-2번지,48330,10700,0,0556,0002,1264100022746,,,,3,용도구역코드,UQQ310,제1종지구단위계획구역,1,0,,제1종지구단위계획구역,20221008
경상남도 양산시 북정동 556-3번지,48330,10700,0,0556,0003,1264100016497,,,,3,용도구역코드,301,제1종지구단위계획구역,1,0,,제1종지구단위계획구역,20221008
경상남도 양산시 북정동 556-3번지,48330,10700,0,0556,0003,1264100016497,,,,1,용도지역코드,1021,제1종일반주거지역,1,0,,제1종일반주거지역,20221008
경상남도 양산시 북정동 556-3번지,48330,10700,0,0556,0003,1264100019197,,,,1,용도지역코드,1021,제1종일반주거지역,1,0,,제1종일반주거지역,20221008
경상남도 양산시 북정동 556-3번지,48330,10700,0,0556,0003,1264100019197,,,,3,용도구역코드,301,제1종지구단위계획구역,1,0,,제1종지구단위계획구역,20221008
경상남도 양산시 북정동 556-4번지,48330,10700,0,0556,0004,12645538,,,,1,용도지역코드,1022,제2종일반주거지역,1,0,,제2종일반주거지역,20221008
경상남도 양산시 북정동 556-4번지,48330,10700,0,0556,0004,12645538,,,,3,용도구역코드,300,지구단위계획구역,1,0,,지구단위계획구역,20221008
경상남도 양산시 북정동 556-5번지,48330,10700,0,0556,0005,12641579,,,,1,용도지역코드,1020,일반주거지역,1,0,,일반주거지역,20221008
경상남도 양산시 북정동 556-6번지,48330,10700,0,0556,0006,1000000000000000739063,,,,1,용도지역코드,UQA121,제1종일반주거지역,1,0,,제1종일반주거지역,20250805
경상남도 양산시 북정동 556-6번지,48330,10700,0,0556,0006,1000000000000000739063,,,,1,용도지역코드,UOC800,역사문화환경보존지역,0,0,,역사문화환경보존지역,20250805
경상남도 양산시 북정동 556-6번지,48330,10700,0,0556,0006,1000000000000000739063,,,,3,용도구역코드,UQQ310,제1종지구단위계획구역,0,0,,제1종지구단위계획구역,20250805
경상남도 양산시 북정동 556-6번지,48330,10700,0,0556,0006,1000000000000000739063,,,,3,용도구역코드,UOA120,상대보호구역,1,0,,상대보호구역,20250805
경상남도 양산시 북정동 556-6번지,48330,10700,0,0556,0006,12644231,,,,1,용도지역코드,1021,제1종일반주거지역,1,0,,제1종일반주거지역,20221008
경상남도 양산시 북정동 556-7번지,48330,10700,0,0556,0007,12642216,,,,1,용도지역코드,1020,일반주거지역,1,0,,일반주거지역,20221008
경상남도 양산시 북정동 556-8번지,48330,10700,0,0556,0008,1264100148773,,,,3,용도구역코드,UQQ310,제1종지구단위계획구역,1,0,,제1종지구단위계획구역,20221008
경상남도 양산시 북정동 556-8번지,48330,10700,0,0556,0008,1264100148773,,,,1,용도지역코드,UQA121,제1종일반주거지역,1,0,,제1종일반주거지역,20221008
경상남도 양산시 북정동 556-9번지,48330,10700,0,0556,0009,1264100020277,,,,1,용도지역코드,1021,제1종일반주거지역,1,0,,제1종일반주거지역,20221008
경상남도 양산시 북정동 556-9번지,48330,10700,0,0556,0009,1264100020277,,,,3,용도구역코드,272,상대정화구역,1,0,,상대정화구역,20221008
경상남도 양산시 북정동 556-9번지,48330,10700,0,0556,0009,1264100020277,,,,3,용도구역코드,301,제1종지구단위계획구역,0,0,,제1종지구단위계획구역,20221008
경상남도 양산시 북정동 556-9번지,48330,10700,0,0556,0009,12649365,,,,1,용도지역코드,1021,제1종일반주거지역,1,0,,제1종일반주거지역,20221008
경상남도 양산시 북정동 556-10번지,48330,10700,0,0556,0010,12641733,,,,1,용도지역코드,1020,일반주거지역,1,0,,일반주거지역,20221008
경상남도 양산시 북정동 556-12번지,48330,10700,0,0556,0012,12648870,,,,1,용도지역코드,1021,제1종일반주거지역,1,0,,제1종일반주거지역,20221008
경상남도 양산시 북정동 556-12번지,48330,10700,0,0556,0012,12648870,,,,3,용도구역코드,301,제1종지구단위계획구역,1,0,,제1종지구단위계획구역,20221008
경상남도 양산시 북정동 556-13번지,48330,10700,0,0556,0013,1264100020217,,,,1,용도지역코드,1021,제1종일반주거지역,1,0,,제1종일반주거지역,20221008
경상남도 양산시 북정동 556-13번지,48330,10700,0,0556,0013,12648880,,,,1,용도지역코드,1021,제1종일반주거지역,1,0,,제1종일반주거지역,20221008
경상남도 양산시 북정동 557-3번지,48330,10700,0,0557,0003,12642115,,,,1,용도지역코드,1020,일반주거지역,1,0,,일반주거지역,20221008
경상남도 양산시 북정동 557-4번지,48330,10700,0,0557,0004,12644069,,,,1,용도지역코드,1022,제2종일반주거지역,1,0,,제2종일반주거지역,20221008
경상남도 양산시 북정동 557-6번지,48330,10700,0,0557,0006,12645743,,,,1,용도지역코드,1022,제2종일반주거지역,1,0,,제2종일반주거지역,20221008
경상남도 양산시 북정동 557-7번지,48330,10700,0,0557,0007,12646421,,,,1,용도지역코드,1021,제1종일반주거지역,1,0,,제1종일반주거지역,20221008
경상남도 양산시 북정동 557-7번지,48330,10700,0,0557,0007,12646421,,,,3,용도구역코드,300,지구단위계획구역,1,0,,지구단위계획구역,20221008
경상남도 양산시 북정동 557-10번지,48330,10700,0,0557,0010,12642086,,,,1,용도지역코드,1020,일반주거지역,1,0,,일반주거지역,20221008
경상남도 양산시 북정동 557-11번지,48330,10700,0,0557,0011,12641687,,,,1,용도지역코드,1020,일반주거지역,1,0,,일반주거지역,20221008
경상남도 양산시 북정동 557-13번지,48330,10700,0,0557,0013,1264100037693,,,,1,용도지역코드,UQA121,제1종일반주거지역,1,0,,제1종일반주거지역,20221008
경상남도 양산시 북정동 557-13번지,48330,10700,0,0557,0013,1264100037693,,,,3,용도구역코드,UQQ310,제1종지구단위계획구역,1,0,,제1종지구단위계획구역,20221008
경상남도 양산시 북정동 557-14번지,48330,10700,0,0557,0014,12642110,,,,1,용도지역코드,1020,일반주거지역,1,0,,일반주거지역,20221008
경상남도 양산시 북정동 558-1번지,48330,10700,0,0558,0001,12641682,,,,1,용도지역코드,1020,일반주거지역,1,0,,일반주거지역,20221008
경상남도 양산시 북정동 558-2번지,48330,10700,0,0558,0002,12641615,,,,1,용도지역코드,1020,일반주거지역,1,0,,일반주거지역,20221008
경상남도 양산시 북정동 558-3번지,48330,10700,0,0558,0003,12645910,,,,1,용도지역코드,1022,제2종일반주거지역,1,0,,제2종일반주거지역,20221008
경상남도 양산시 북정동 558-4번지,48330,10700,0,0558,0004,12643983,,,,1,용도지역코드,1022,제2종일반주거지역,1,0,,제2종일반주거지역,20221008
경상남도 양산시 북정동 558-5번지,48330,10700,0,0558,0005,12644020,,,,1,용도지역코드,1022,제2종일반주거지역,1,0,,제2종일반주거지역,20221008
경상남도 양산시 북정동 558-6번지,48330,10700,0,0558,0006,12648890,,,,1,용도지역코드,1021,제1종일반주거지역,1,0,,제1종일반주거지역,20221008
경상남도 양산시 북정동 558-6번지,48330,10700,0,0558,0006,12648890,,,,3,용도구역코드,301,제1종지구단위계획구역,1,0,,제1종지구단위계획구역,20221008
경상남도 양산시 북정동 558-9번지,48330,10700,0,0558,0009,12641543,,,,1,용도지역코드,1020,일반주거지역,1,0,,일반주거지역,20221008
경상남도 양산시 북정동 558-10번지,48330,10700,0,0558,0010,12641582,,,,1,용도지역코드,1020,일반주거지역,1,0,,일반주거지역,20221008
경상남도 양산시 북정동 558-11번지,48330,10700,0,0558,0011,1264100025609,,,,1,용도지역코드,UQA122,제2종일반주거지역,1,0,,제2종일반주거지역,20221008
경상남도 양산시 북정동 558-11번지,48330,10700,0,0558,0011,1264100025609,,,,3,용도구역코드,UQQ310,제1종지구단위계획구역,1,0,,제1종지구단위계획구역,20221008
경상남도 양산시 북정동 558-12번지,48330,10700,0,0558,0012,12645755,,,,1,용도지역코드,1022,제2종일반주거지역,1,0,,제2종일반주거지역,20221008
경상남도 양산시 북정동 558-12번지,48330,10700,0,0558,0012,12645755,,,,2,용도지구코드,160,택지개발지구,1,0,,택지개발지구,20221008
경상남도 양산시 북정동 558-12번지,48330,10700,0,0558,0012,12645755,,,,3,용도구역코드,300,지구단위계획구역,1,0,,지구단위계획구역,20221008
경상남도 양산시 북정동 558-14번지,48330,10700,0,0558,0014,12645794,,,,1,용도지역코드,1022,제2종일반주거지역,1,0,,제2종일반주거지역,20221008
경상남도 양산시 북정동 560-1번지,48330,10700,0,0560,0001,12647409,,,,1,용도지역코드,1021,제1종일반주거지역,1,0,,제1종일반주거지역,20221008
경상남도 양산시 북정동 560-3번지,48330,10700,0,0560,0003,12648070,,,,1,용도지역코드,1021,제1종일반주거지역,1,0,,제1종일반주거지역,20221008
경상남도 양산시 북정동 560-4번지,48330,10700,0,0560,0004,12646381,,,,1,용도지역코드,1021,제1종일반주거지역,1,0,,제1종일반주거지역,20221008
경상남도 양산시 북정동 560-4번지,48330,10700,0,0560,0004,12646381,,,,3,용도구역코드,301,제1종지구단위계획구역,1,0,,제1종지구단위계획구역,20221008
경상남도 양산시 북정동 560-5번지,48330,10700,0,0560,0005,1264100022147,,,,1,용도지역코드,UQA121,제1종일반주거지역,1,0,,제1종일반주거지역,20221008
경상남도 양산시 북정동 560-5번지,48330,10700,0,0560,0005,1264100022147,,,,3,용도구역코드,UQQ310,제1종지구단위계획구역,1,0,,제1종지구단위계획구역,20221008
경상남도 양산시 북정동 560-5번지,48330,10700,0,0560,0005,1264100022147,,,,3,용도구역코드,UOA120,상대보호구역,0,0,,상대정화구역,20221008
경상남도 양산시 북정동 560-6번지,48330,10700,0,0560,0006,12643912,,,,1,용도지역코드,1022,제2종일반주거지역,1,0,,제2종일반주거지역,20221008
경상남도 양산시 북정동 560-6번지,48330,10700,0,0560,0006,1264100009311,,,,1,용도지역코드,1021,제1종일반주거지역,1,0,,제1종일반주거지역,20221008
경상남도 양산시 북정동 560-6번지,48330,10700,0,0560,0006,1264100009311,,,,3,용도구역코드,301,제1종지구단위계획구역,1,0,,제1종지구단위계획구역,20221008
경상남도 양산시 북정동 560-7번지,48330,10700,0,0560,0007,1264100091281,,,,1,용도지역코드,UQA121,제1종일반주거지역,1,0,,제1종일반주거지역,20221008
경상남도 양산시 북정동 560-7번지,48330,10700,0,0560,0007,1264100091281,,,,3,용도구역코드,UQQ310,제1종지구단위계획구역,1,0,,제1종지구단위계획구역,20221008
경상남도 양산시 북정동 560-7번지,48330,10700,0,0560,0007,1264100091281,,,,3,용도구역코드,UOA120,상대보호구역,0,0,,상대정화구역,20221008
경상남도 양산시 북정동 560-7번지,48330,10700,0,0560,0007,12644183,,,,1,용도지역코드,1022,제2종일반주거지역,1,0,,제2종일반주거지역,20221008
경상남도 양산시 북정동 560-7번지,48330,10700,0,0560,0007,12645055,,,,1,용도지역코드,1022,제2종일반주거지역,1,0,,제2종일반주거지역,20221008
경상남도 양산시 북정동 560-8번지,48330,10700,0,0560,0008,12641586,,,,1,용도지역코드,1020,일반주거지역,1,0,,일반주거지역,20221008
경상남도 양산시 북정동 560-9번지,48330,10700,0,0560,0009,12647338,,,,1,용도지역코드,1021,제1종일반주거지역,1,0,,제1종일반주거지역,20221008
경상남도 양산시 북정동 560-9번지,48330,10700,0,0560,0009,12647338,,,,3,용도구역코드,301,제1종지구단위계획구역,1,0,,제1종지구단위계획구역,20221008
경상남도 양산시 북정동 560-9번지,48330,10700,0,0560,0009,12644200,,,,1,용도지역코드,1020,일반주거지역,1,0,,일반주거지역,20221008
경상남도 양산시 북정동 560-9번지,48330,10700,0,0560,0009,12642608,,,,1,용도지역코드,1020,일반주거지역,1,0,,일반주거지역,20221008
경상남도 양산시 북정동 560-9번지,48330,10700,0,0560,0009,12642608,,,,2,용도지구코드,160,택지개발지구,1,0,,택지개발지구,20221008
경상남도 양산시 북정동 560-9번지,48330,10700,0,0560,0009,12642608,,,,3,용도구역코드,300,지구단위계획구역,1,0,,지구단위계획구역,20221008
경상남도 양산시 북정동 560-10번지,48330,10700,0,0560,0010,12646108,,,,1,용도지역코드,1022,제2종일반주거지역,1,0,,제2종일반주거지역,20221008
경상남도 양산시 북정동 560-10번지,48330,10700,0,0560,0010,12646108,,,,3,용도구역코드,301,제1종지구단위계획구역,1,0,,제1종지구단위계획구역,20221008
경상남도 양산시 북정동 560-11번지,48330,10700,0,0560,0011,12642598,,,,1,용도지역코드,1020,일반주거지역,1,0,,일반주거지역,20221008
경상남도 양산시 북정동 560-11번지,48330,10700,0,0560,0011,12642598,,,,2,용도지구코드,160,택지개발지구,1,0,,택지개발지구,20221008
경상남도 양산시 북정동 560-11번지,48330,10700,0,0560,0011,12642598,,,,3,용도구역코드,300,지구단위계획구역,1,0,,지구단위계획구역,20221008
경상남도 양산시 북정동 560-11번지,48330,10700,0,0560,0011,12643010,,,,1,용도지역코드,1020,일반주거지역,1,0,,일반주거지역,20221008
경상남도 양산시 북정동 560-11번지,48330,10700,0,0560,0011,12643010,,,,2,용도지구코드,160,택지개발지구,1,0,,택지개발지구,20221008
경상남도 양산시 북정동 560-11번지,48330,10700,0,0560,0011,12643010,,,,3,용도구역코드,300,지구단위계획구역,1,0,,지구단위계획구역,20221008
경상남도 양산시 북정동 560-12번지,48330,10700,0,0560,0012,12641275,560-12,,,1,용도지역코드,1020,일반주거지역,1,0,,일반주거지역,20221008
경상남도 양산시 북정동 561번지,48330,10700,0,0561,0000,1264100074824,,,,1,용도지역코드,UQA121,제1종일반주거지역,1,0,,제1종일반주거지역,20221008
경상남도 양산시 북정동 561-2번지,48330,10700,0,0561,0002,12646632,,,,1,용도지역코드,1021,제1종일반주거지역,1,0,,제1종일반주거지역,20221008
경상남도 양산시 북정동 561-4번지,48330,10700,0,0561,0004,12641518,,,,1,용도지역코드,1020,일반주거지역,1,0,,일반주거지역,20221008
경상남도 양산시 북정동 561-5번지,48330,10700,0,0561,0005,12644660,,,,1,용도지역코드,1022,제2종일반주거지역,1,0,,제2종일반주거지역,20221008
경상남도 양산시 북정동 561-5번지,48330,10700,0,0561,0005,12644660,,,,2,용도지구코드,160,택지개발지구,1,0,,택지개발지구,20221008
경상남도 양산시 북정동 561-5번지,48330,10700,0,0561,0005,12644660,,,,3,용도구역코드,300,지구단위계획구역,1,0,,지구단위계획구역,20221008
경상남도 양산시 북정동 561-6번지,48330,10700,0,0561,0006,12641587,,,,1,용도지역코드,1020,일반주거지역,1,0,,일반주거지역,20221008
경상남도 양산시 북정동 561-8번지,48330,10700,0,0561,0008,12643976,,,,1,용도지역코드,1020,일반주거지역,1,0,,일반주거지역,20221008
경상남도 양산시 북정동 561-9번지,48330,10700,0,0561,0009,12641696,,,,1,용도지역코드,1020,일반주거지역,1,0,,일반주거지역,20221008
경상남도 양산시 북정동 561-13번지,48330,10700,0,0561,0013,12642668,,,,1,용도지역코드,1020,일반주거지역,1,0,,일반주거지역,20221008
경상남도 양산시 북정동 561-14번지,48330,10700,0,0561,0014,1264100023007,,,,1,용도지역코드,UQA121,제1종일반주거지역,1,0,,제1종일반주거지역,20221008
경상남도 양산시 북정동 561-14번지,48330,10700,0,0561,0014,1264100023007,,,,3,용도구역코드,UQQ310,제1종지구단위계획구역,1,0,,제1종지구단위계획구역,20221008
경상남도 양산시 북정동 561-15번지,48330,10700,0,0561,0015,1264100022183,,,,1,용도지역코드,UQA121,제1종일반주거지역,1,0,,제1종일반주거지역,20221008
경상남도 양산시 북정동 561-15번지,48330,10700,0,0561,0015,1264100022183,,,,3,용도구역코드,UQQ310,제1종지구단위계획구역,1,0,,제1종지구단위계획구역,20221008
경상남도 양산시 북정동 561-17번지,48330,10700,0,0561,0017,12646229,,,,1,용도지역코드,1021,제1종일반주거지역,1,0,,제1종일반주거지역,20221008
경상남도 양산시 북정동 561-17번지,48330,10700,0,0561,0017,12646229,,,,3,용도구역코드,301,제1종지구단위계획구역,1,0,,제1종지구단위계획구역,20221008
경상남도 양산시 북정동 561-17번지,48330,10700,0,0561,0017,12642014,,,,1,용도지역코드,1020,일반주거지역,1,0,,일반주거지역,20221008
경상남도 양산시 북정동 561-19번지,48330,10700,0,0561,0019,12643987,,,,1,용도지역코드,1020,일반주거지역,1,0,,일반주거지역,20221008
경상남도 양산시 북정동 561-20번지,48330,10700,0,0561,0020,12646425,,,,1,용도지역코드,1021,제1종일반주거지역,1,0,,제1종일반주거지역,20221008
경상남도 양산시 북정동 571-2번지,48330,10700,0,0571,0002,1264100089081,,,,1,용도지역코드,UQA121,제1종일반주거지역,1,0,,제1종일반주거지역,20221008
경상남도 양산시 북정동 571-2번지,48330,10700,0,0571,0002,1264100140127,,,,1,용도지역코드,UQA121,제1종일반주거지역,1,0,,제1종일반주거지역,20221008
경상남도 양산시 북정동 572-2번지,48330,10700,0,0572,0002,1264100140128,,,,1,용도지역코드,UQA121,제1종일반주거지역,1,0,,제1종일반주거지역,20230707
경상남도 양산시 북정동 572-2번지,48330,10700,0,0572,0002,1264100089101,,,,1,용도지역코드,UQA121,제1종일반주거지역,1,0,,제1종일반주거지역,20221008
경상남도 양산시 북정동 572-4번지,48330,10700,0,0572,0004,12641411,,,,1,용도지역코드,1020,일반주거지역,1,0,,일반주거지역,20221008
경상남도 양산시 북정동 576-1번지,48330,10700,0,0576,0001,1000000000000000600844,,,,3,용도구역코드,UMZ100,가축사육제한구역,0,0,,가축사육제한구역,20250404
경상남도 양산시 북정동 576-1번지,48330,10700,0,0576,0001,1000000000000000600844,,,,1,용도지역코드,UOC800,역사문화환경보존지역,0,0,,역사문화환경보존지역,20250404
경상남도 양산시 북정동 576-1번지,48330,10700,0,0576,0001,1000000000000000600844,,,,3,용도구역코드,UOA120,상대보호구역,1,0,,상대보호구역,20250404
경상남도 양산시 북정동 576-1번지,48330,10700,0,0576,0001,1000000000000000600844,,,,1,용도지역코드,UQA121,제1종일반주거지역,1,0,,제1종일반주거지역,20250404
경상남도 양산시 북정동 576-2번지,48330,10700,0,0576,0002,12644671,,,,1,용도지역코드,1012,제2종전용주거지역,0,0,,제2종 전용주거지역,20221008
경상남도 양산시 북정동 576-2번지,48330,10700,0,0576,0002,12644671,,,,1,용도지역코드,1022,제2종일반주거지역,1,0,,제2종일반주거지역,20221008
경상남도 양산시 북정동 585-2번지,48330,10700,0,0585,0002,1264100012231,,,,1,용도지역코드,1021,제1종일반주거지역,1,0,,제1종일반주거지역,20221008
경상남도 양산시 북정동 589번지,48330,10700,0,0589,0000,1264100140125,,,,1,용도지역코드,UQA121,제1종일반주거지역,1,0,,제1종일반주거지역,20221008
경상남도 양산시 북정동 589번지,48330,10700,0,0589,0000,1264100140126,,,,1,용도지역코드,UQA121,제1종일반주거지역,1,0,,제1종일반주거지역,20221008
경상남도 양산시 북정동 621-9번지,48330,10700,0,0621,0009,1264100067439,,,,1,용도지역코드,UQA122,제2종일반주거지역,1,0,,제2종일반주거지역,20221008
경상남도 양산시 북정동 621-9번지,48330,10700,0,0621,0009,1264100067439,,,,3,용도구역코드,UOA120,상대보호구역,1,0,,상대정화구역,20221008
경상남도 양산시 북정동 621-9번지,48330,10700,0,0621,0009,1264100140887,,,,1,용도지역코드,UQA122,제2종일반주거지역,1,0,,제2종일반주거지역,20221008
경상남도 양산시 북정동 621-9번지,48330,10700,0,0621,0009,1264100140887,,,,3,용도구역코드,UMZ100,가축사육제한구역,1,0,,가축사육제한구역,20221008
경상남도 양산시 북정동 621-9번지,48330,10700,0,0621,0009,1264100140887,,,,3,용도구역코드,UOA120,상대보호구역,0,0,,상대보호구역,20221008
경상남도 양산시 북정동 628-2번지,48330,10700,0,0628,0002,1264100021260,,,,1,용도지역코드,1022,제2종일반주거지역,1,0,,제2종일반주거지역,20221008
경상남도 양산시 북정동 628-3번지,48330,10700,0,0628,0003,1264100020396,,,,1,용도지역코드,1022,제2종일반주거지역,1,0,,제2종일반주거지역,20221008
경상남도 양산시 북정동 628-4번지,48330,10700,0,0628,0004,12648246,,,,1,용도지역코드,1022,제2종일반주거지역,1,0,,제2종일반주거지역,20221008
경상남도 양산시 북정동 628-4번지,48330,10700,0,0628,0004,12647478,,,,1,용도지역코드,1022,제2종일반주거지역,1,0,,제2종일반주거지역,20221008
경상남도 양산시 북정동 628-4번지,48330,10700,0,0628,0004,1264100027869,,,,1,용도지역코드,UQA122,제2종일반주거지역,1,0,,제2종일반주거지역,20221008
경상남도 양산시 북정동 628-5번지,48330,10700,0,0628,0005,12644732,,,,1,용도지역코드,1022,제2종일반주거지역,1,0,,제2종일반주거지역,20221008
경상남도 양산시 북정동 628-8번지,48330,10700,0,0628,0008,1264100028151,,,,1,용도지역코드,UQA122,제2종일반주거지역,1,0,,제2종일반주거지역,20221008
경상남도 양산시 북정동 628-12번지,48330,10700,0,0628,0012,12644718,,,,1,용도지역코드,1022,제2종일반주거지역,1,0,,제2종일반주거지역,20221008
경상남도 양산시 북정동 628-13번지,48330,10700,0,0628,0013,12644719,,,,1,용도지역코드,1022,제2종일반주거지역,1,0,,제2종일반주거지역,20221008
경상남도 양산시 북정동 628-14번지,48330,10700,0,0628,0014,1264100027410,,,,1,용도지역코드,UQA122,제2종일반주거지역,1,0,,제2종일반주거지역,20221008
경상남도 양산시 북정동 628-15번지,48330,10700,0,0628,0015,1264100027371,,,,1,용도지역코드,UQA122,제2종일반주거지역,1,0,,제2종일반주거지역,20221008
경상남도 양산시 북정동 628-16번지,48330,10700,0,0628,0016,1264100029850,,,,1,용도지역코드,UQA122,제2종일반주거지역,1,0,,제2종일반주거지역,20221008
경상남도 양산시 북정동 628-17번지,48330,10700,0,0628,0017,1264100029851,,,,1,용도지역코드,UQA122,제2종일반주거지역,1,0,,제2종일반주거지역,20221008
경상남도 양산시 북정동 632번지,48330,10700,0,0632,0000,12648848,,,,1,용도지역코드,1022,제2종일반주거지역,1,0,,제2종일반주거지역,20221008
경상남도 양산시 북정동 633-2번지,48330,10700,0,0633,0002,12645135,,,,1,용도지역코드,1022,제2종일반주거지역,1,0,,제2종일반주거지역,20221008
경상남도 양산시 북정동 633-2번지,48330,10700,0,0633,0002,1264100034654,,,,1,용도지역코드,UQA122,제2종일반주거지역,1,0,,제2종일반주거지역,20221008
경상남도 양산시 북정동 633-2번지,48330,10700,0,0633,0002,1264100034654,,,,3,용도구역코드,UOA120,상대보호구역,1,0,,상대정화구역,20221008
경상남도 양산시 북정동 633-2번지,48330,10700,0,0633,0002,1264100040903,,,,1,용도지역코드,UQA122,제2종일반주거지역,1,0,,제2종일반주거지역,20221008
경상남도 양산시 북정동 633-2번지,48330,10700,0,0633,0002,1264100040903,,,,3,용도구역코드,UOA120,상대보호구역,1,0,,상대정화구역,20221008
경상남도 양산시 북정동 633-3번지,48330,10700,0,0633,0003,12645922,,,,1,용도지역코드,1022,제2종일반주거지역,1,0,,제2종일반주거지역,20221008
경상남도 양산시 북정동 633-5번지,48330,10700,0,0633,0005,1264100052369,,,,1,용도지역코드,UQA122,제2종일반주거지역,1,0,,제2종일반주거지역,20221008
경상남도 양산시 북정동 633-8번지,48330,10700,0,0633,0008,12643913,,,,1,용도지역코드,1020,일반주거지역,1,0,,일반주거지역,20221008
경상남도 양산시 북정동 633-9번지,48330,10700,0,0633,0009,12643914,,,,1,용도지역코드,1020,일반주거지역,1,0,,일반주거지역,20221008
경상남도 양산시 북정동 633-10번지,48330,10700,0,0633,0010,1264100067221,,,,1,용도지역코드,UQA122,제2종일반주거지역,1,0,,제2종일반주거지역,20221008
경상남도 양산시 북정동 633-10번지,48330,10700,0,0633,0010,1264100021867,,,,1,용도지역코드,UQA122,제2종일반주거지역,1,0,,제2종일반주거지역,20221008
경상남도 양산시 북정동 633-10번지,48330,10700,0,0633,0010,1264100004525,,,,1,용도지역코드,1022,제2종일반주거지역,1,0,,제2종일반주거지역,20221008
경상남도 양산시 북정동 633-11번지,48330,10700,0,0633,0011,12646854,,,,1,용도지역코드,1022,제2종일반주거지역,1,0,,제2종일반주거지역,20221008
경상남도 양산시 북정동 633-12번지,48330,10700,0,0633,0012,1264100085387,,,,1,용도지역코드,UQA122,제2종일반주거지역,1,0,,제2종일반주거지역,20221008
경상남도 양산시 북정동 633-13번지,48330,10700,0,0633,0013,12647403,,,,1,용도지역코드,1022,제2종일반주거지역,1,0,,제2종일반주거지역,20221008
경상남도 양산시 북정동 633-14번지,48330,10700,0,0633,0014,12646483,,,,1,용도지역코드,1022,제2종일반주거지역,1,0,,제2종일반주거지역,20221008
경상남도 양산시 북정동 633-15번지,48330,10700,0,0633,0015,12644826,,,,1,용도지역코드,1022,제2종일반주거지역,1,0,,제2종일반주거지역,20221008
경상남도 양산시 북정동 633-16번지,48330,10700,0,0633,0016,12647343,,,,1,용도지역코드,1022,제2종일반주거지역,1,0,,제2종일반주거지역,20221008
경상남도 양산시 북정동 633-17번지,48330,10700,0,0633,0017,12647275,,,,1,용도지역코드,1022,제2종일반주거지역,1,0,,제2종일반주거지역,20221008
경상남도 양산시 북정동 633-17번지,48330,10700,0,0633,0017,12647275,,,,3,용도구역코드,010,도시계획구역,1,0,,도시계획구역,20221008
경상남도 양산시 북정동 633-19번지,48330,10700,0,0633,0019,1264100021076,,,,1,용도지역코드,1022,제2종일반주거지역,1,0,,제2종일반주거지역,20221008
경상남도 양산시 북정동 633-19번지,48330,10700,0,0633,0019,1264100005265,,,,1,용도지역코드,1022,제2종일반주거지역,1,0,,제2종일반주거지역,20221008
경상남도 양산시 북정동 635-1번지,48330,10700,0,0635,0001,12643844,,,,1,용도지역코드,1020,일반주거지역,1,0,,일반주거지역,20221008
경상남도 양산시 북정동 635-3번지,48330,10700,0,0635,0003,12646527,,,,1,용도지역코드,1022,제2종일반주거지역,1,0,,제2종일반주거지역,20221008
경상남도 양산시 북정동 635-5번지,48330,10700,0,0635,0005,12644805,,,,1,용도지역코드,1022,제2종일반주거지역,1,0,,제2종일반주거지역,20221008
경상남도 양산시 북정동 635-6번지,48330,10700,0,0635,0006,12645549,,,,1,용도지역코드,1020,일반주거지역,1,0,,일반주거지역,20221008
경상남도 양산시 북정동 635-7번지,48330,10700,0,0635,0007,12644000,,,,1,용도지역코드,1020,일반주거지역,1,0,,일반주거지역,20221008
경상남도 양산시 북정동 635-7번지,48330,10700,0,0635,0007,12644230,,,,1,용도지역코드,1020,일반주거지역,1,0,,일반주거지역,20221008
경상남도 양산시 북정동 635-9번지,48330,10700,0,0635,0009,12643909,,,,1,용도지역코드,1020,일반주거지역,1,0,,일반주거지역,20221008
경상남도 양산시 북정동 635-10번지,48330,10700,0,0635,0010,12644852,,,,1,용도지역코드,1022,제2종일반주거지역,1,0,,제2종일반주거지역,20221008
경상남도 양산시 북정동 635-11번지,48330,10700,0,0635,0011,12644837,,,,1,용도지역코드,1022,제2종일반주거지역,1,0,,제2종일반주거지역,20221008
경상남도 양산시 북정동 635-12번지,48330,10700,0,0635,0012,12645550,,,,1,용도지역코드,1020,일반주거지역,1,0,,일반주거지역,20221008
경상남도 양산시 북정동 638-1번지,48330,10700,0,0638,0001,12644164,,,,1,용도지역코드,1020,일반주거지역,1,0,,일반주거지역,20221008
경상남도 양산시 북정동 638-1번지,48330,10700,0,0638,0001,12644164,,,,2,용도지구코드,340,토지구획정리사업지구,1,0,,토지구획정리사업지구,20221008
경상남도 양산시 북정동 638-2번지,48330,10700,0,0638,0002,12646561,,,,1,용도지역코드,1022,제2종일반주거지역,1,0,,제2종일반주거지역,20221008
경상남도 양산시 북정동 638-3번지,48330,10700,0,0638,0003,1264100022002,,,,1,용도지역코드,UQA122,제2종일반주거지역,1,0,,제2종일반주거지역,20221008
경상남도 양산시 북정동 638-3번지,48330,10700,0,0638,0003,12648221,,,,1,용도지역코드,1022,제2종일반주거지역,1,0,,제2종일반주거지역,20221008
경상남도 양산시 북정동 638-5번지,48330,10700,0,0638,0005,1264100123860,,,,1,용도지역코드,UQA122,제2종일반주거지역,1,0,,제2종일반주거지역,20221008
경상남도 양산시 북정동 638-5번지,48330,10700,0,0638,0005,1264100123860,,,,3,용도구역코드,UMZ100,가축사육제한구역,1,0,,가축사육제한구역,20221008
경상남도 양산시 북정동 638-6번지,48330,10700,0,0638,0006,1264100129568,,,,1,용도지역코드,UQA122,제2종일반주거지역,1,0,,제2종일반주거지역,20221008
경상남도 양산시 북정동 638-7번지,48330,10700,0,0638,0007,1264100123861,,,,1,용도지역코드,UQA122,제2종일반주거지역,1,0,,제2종일반주거지역,20221008
경상남도 양산시 북정동 638-7번지,48330,10700,0,0638,0007,1264100123861,,,,3,용도구역코드,UMZ100,가축사육제한구역,1,0,,가축사육제한구역,20221008
경상남도 양산시 북정동 639-2번지,48330,10700,0,0639,0002,12649348,,,,1,용도지역코드,1022,제2종일반주거지역,1,0,,제2종일반주거지역,20221008
경상남도 양산시 북정동 639-2번지,48330,10700,0,0639,0002,1264100022489,,,,1,용도지역코드,UQA122,제2종일반주거지역,1,0,,제2종일반주거지역,20221008
경상남도 양산시 북정동 639-2번지,48330,10700,0,0639,0002,1264100022489,,,,3,용도구역코드,UOA120,상대보호구역,1,0,,상대정화구역,20221008
경상남도 양산시 북정동 639-3번지,48330,10700,0,0639,0003,12646430,,,,1,용도지역코드,1022,제2종일반주거지역,1,0,,제2종일반주거지역,20221008
경상남도 양산시 북정동 639-5번지,48330,10700,0,0639,0005,12648059,,,,1,용도지역코드,1022,제2종일반주거지역,1,0,,제2종일반주거지역,20221008
경상남도 양산시 북정동 639-5번지,48330,10700,0,0639,0005,1264100070579,,,,1,용도지역코드,UQA122,제2종일반주거지역,1,0,,제2종일반주거지역,20221008
경상남도 양산시 북정동 639-6번지,48330,10700,0,0639,0006,1264100147511,,,,1,용도지역코드,UQA122,제2종일반주거지역,1,0,,제2종일반주거지역,20221008
경상남도 양산시 북정동 640-1번지,48330,10700,0,0640,0001,12644824,,,,1,용도지역코드,1022,제2종일반주거지역,1,0,,제2종일반주거지역,20221008
경상남도 양산시 북정동 640-2번지,48330,10700,0,0640,0002,12647221,,,,1,용도지역코드,1022,제2종일반주거지역,1,0,,제2종일반주거지역,20221008
경상남도 양산시 북정동 640-3번지,48330,10700,0,0640,0003,12647222,,,,1,용도지역코드,1022,제2종일반주거지역,1,0,,제2종일반주거지역,20221008
경상남도 양산시 북정동 640-4번지,48330,10700,0,0640,0004,12647223,,,,1,용도지역코드,1022,제2종일반주거지역,1,0,,제2종일반주거지역,20221008
경상남도 양산시 북정동 640-6번지,48330,10700,0,0640,0006,12647227,,,,1,용도지역코드,1022,제2종일반주거지역,1,0,,제2종일반주거지역,20221008
경상남도 양산시 북정동 641-1번지,48330,10700,0,0641,0001,1264100055889,,,,1,용도지역코드,UQA122,제2종일반주거지역,1,0,,제2종일반주거지역,20221008
경상남도 양산시 북정동 641-2번지,48330,10700,0,0641,0002,1264100038932,,,,1,용도지역코드,UQA122,제2종일반주거지역,1,0,,제2종일반주거지역,20221008
경상남도 양산시 북정동 641-2번지,48330,10700,0,0641,0002,1264100038932,,,,3,용도구역코드,UOA120,상대보호구역,1,0,,상대정화구역,20221008
경상남도 양산시 북정동 641-3번지,48330,10700,0,0641,0003,1264100016874,,,,1,용도지역코드,1022,제2종일반주거지역,1,0,,제2종일반주거지역,20221008
경상남도 양산시 북정동 641-3번지,48330,10700,0,0641,0003,1264100016874,,,,3,용도구역코드,272,상대정화구역,1,0,,상대정화구역,20221008
경상남도 양산시 북정동 641-4번지,48330,10700,0,0641,0004,1264100015482,,,,1,용도지역코드,1022,제2종일반주거지역,1,0,,제2종일반주거지역,20221008
경상남도 양산시 북정동 641-5번지,48330,10700,0,0641,0005,1264100022830,,,,1,용도지역코드,UQA122,제2종일반주거지역,1,0,,제2종일반주거지역,20221008
경상남도 양산시 북정동 641-6번지,48330,10700,0,0641,0006,12645250,,,,1,용도지역코드,1022,제2종일반주거지역,1,0,,제2종일반주거지역,20221008
경상남도 양산시 북정동 641-8번지,48330,10700,0,0641,0008,1264100007928,,,,1,용도지역코드,1022,제2종일반주거지역,1,0,,제2종일반주거지역,20221008
경상남도 양산시 북정동 647-1번지,48330,10700,0,0647,0001,1264100022946,,,,1,용도지역코드,UQA122,제2종일반주거지역,1,0,,제2종일반주거지역,20221008
경상남도 양산시 북정동 647-2번지,48330,10700,0,0647,0002,1264100023307,,,,1,용도지역코드,UQA122,제2종일반주거지역,1,0,,제2종일반주거지역,20221008
경상남도 양산시 북정동 648-4번지,48330,10700,0,0648,0004,12645124,,,,1,용도지역코드,1022,제2종일반주거지역,1,0,,제2종일반주거지역,20221008
경상남도 양산시 북정동 649번지,48330,10700,0,0649,0000,12641966,경상남도 양산시 북정동,649,,1,용도지역코드,1020,일반주거지역,1,0,,일반주거지역,20221008
경상남도 양산시 북정동 649번지,48330,10700,0,0649,0000,12641975,경상남도 양산시 북정동,649,,1,용도지역코드,1020,일반주거지역,1,0,,일반주거지역,20221008
경상남도 양산시 북정동 649번지,48330,10700,0,0649,0000,12641383,,,,1,용도지역코드,1020,일반주거지역,1,0,,일반주거지역,20221008
경상남도 양산시 북정동 650-4번지,48330,10700,0,0650,0004,12644712,,,,1,용도지역코드,1022,제2종일반주거지역,1,0,,제2종일반주거지역,20221008
경상남도 양산시 북정동 650-6번지,48330,10700,0,0650,0006,12644713,,,,1,용도지역코드,1022,제2종일반주거지역,1,0,,제2종일반주거지역,20221008
경상남도 양산시 북정동 650-13번지,48330,10700,0,0650,0013,1264100115219,,,,1,용도지역코드,UQA122,제2종일반주거지역,1,0,,제2종일반주거지역,20221008
경상남도 양산시 북정동 650-13번지,48330,10700,0,0650,0013,1264100115219,,,,3,용도구역코드,UOA120,상대보호구역,1,0,,상대정화구역,20221008
경상남도 양산시 북정동 651번지,48330,10700,0,0651,0000,12645807,,,,1,용도지역코드,1022,제2종일반주거지역,1,0,,제2종일반주거지역,20221008
경상남도 양산시 북정동 651-2번지,48330,10700,0,0651,0002,12645806,,,,1,용도지역코드,1022,제2종일반주거지역,1,0,,제2종일반주거지역,20221008
경상남도 양산시 북정동 653-1번지,48330,10700,0,0653,0001,1264100107113,,,,1,용도지역코드,UQA122,제2종일반주거지역,1,0,,제2종일반주거지역,20221008
경상남도 양산시 북정동 653-11번지,48330,10700,0,0653,0011,1264100107114,,,,1,용도지역코드,UQA122,제2종일반주거지역,1,0,,제2종일반주거지역,20221008
경상남도 양산시 북정동 654번지,48330,10700,0,0654,0000,12644205,,,,1,용도지역코드,1020,일반주거지역,1,0,,일반주거지역,20221008
경상남도 양산시 북정동 655번지,48330,10700,0,0655,0000,12642995,,,,1,용도지역코드,1020,일반주거지역,1,0,,일반주거지역,20221008
경상남도 양산시 북정동 660번지,48330,10700,0,0660,0000,12644255,,,,1,용도지역코드,1020,일반주거지역,1,0,,일반주거지역,20221008
경상남도 양산시 북정동 662번지,48330,10700,0,0662,0000,1000000000000000767640,,,,1,용도지역코드,UQA430,자연녹지지역,0,0,,자연녹지지역,20250718
경상남도 양산시 북정동 662번지,48330,10700,0,0662,0000,1000000000000000767640,,,,1,용도지역코드,UQA122,제2종일반주거지역,1,0,,제2종일반주거지역,20250718
경상남도 양산시 북정동 671번지,48330,10700,0,0671,0000,1264100142104,,,,1,용도지역코드,UQA122,제2종일반주거지역,1,0,,제2종일반주거지역,20221008
경상남도 양산시 북정동 671번지,48330,10700,0,0671,0000,1264100142104,,,,3,용도구역코드,UOA120,상대보호구역,1,0,,상대보호구역,20221008
경상남도 양산시 북정동 673번지,48330,10700,0,0673,0000,1264100030636,,,,1,용도지역코드,UQA122,제2종일반주거지역,1,0,,제2종일반주거지역,20221008
경상남도 양산시 북정동 673-4번지,48330,10700,0,0673,0004,1264100042205,,,,1,용도지역코드,UQA122,제2종일반주거지역,1,0,,제2종일반주거지역,20221008
경상남도 양산시 북정동 675번지,48330,10700,0,0675,0000,1264100040942,,,,1,용도지역코드,UQA122,제2종일반주거지역,1,0,,제2종일반주거지역,20221008
경상남도 양산시 북정동 675번지,48330,10700,0,0675,0000,1264100034310,,,,1,용도지역코드,UQA122,제2종일반주거지역,1,0,,제2종일반주거지역,20221008
경상남도 양산시 북정동 675번지,48330,10700,0,0675,0000,1264100039532,,,,1,용도지역코드,UQA122,제2종일반주거지역,1,0,,제2종일반주거지역,20221008
경상남도 양산시 북정동 675-3번지,48330,10700,0,0675,0003,1264100079919,,,,1,용도지역코드,UQA122,제2종일반주거지역,1,0,,제2종일반주거지역,20221008
경상남도 양산시 북정동 675-3번지,48330,10700,0,0675,0003,1264100020778,,,,1,용도지역코드,1022,제2종일반주거지역,1,0,,제2종일반주거지역,20221008
경상남도 양산시 북정동 675-3번지,48330,10700,0,0675,0003,1264100020778,,,,3,용도구역코드,272,상대정화구역,1,0,,상대정화구역,20221008
경상남도 양산시 북정동 675-5번지,48330,10700,0,0675,0005,12643055,,,,1,용도지역코드,1020,일반주거지역,1,0,,일반주거지역,20221008
경상남도 양산시 북정동 675-14번지,48330,10700,0,0675,0014,1264100058672,,,,1,용도지역코드,UQA122,제2종일반주거지역,1,0,,제2종일반주거지역,20221008
경상남도 양산시 북정동 675-14번지,48330,10700,0,0675,0014,1264100034311,,,,1,용도지역코드,UQA122,제2종일반주거지역,1,0,,제2종일반주거지역,20221008
경상남도 양산시 북정동 675-14번지,48330,10700,0,0675,0014,1264100034311,,,,3,용도구역코드,UOA120,상대보호구역,1,0,,상대정화구역,20221008
경상남도 양산시 북정동 675-15번지,48330,10700,0,0675,0015,1264100040943,,,,1,용도지역코드,UQA122,제2종일반주거지역,1,0,,제2종일반주거지역,20221008
경상남도 양산시 북정동 676번지,48330,10700,0,0676,0000,1264100019297,,,,1,용도지역코드,1022,제2종일반주거지역,1,0,,제2종일반주거지역,20221008
경상남도 양산시 북정동 676번지,48330,10700,0,0676,0000,1264100019297,,,,3,용도구역코드,272,상대정화구역,1,0,,상대정화구역,20221008
경상남도 양산시 북정동 678번지,48330,10700,0,0678,0000,1000000000000000338801,,,,3,용도구역코드,UMZ100,가축사육제한구역,1,0,,가축사육제한구역,20230718
경상남도 양산시 북정동 678번지,48330,10700,0,0678,0000,1000000000000000338801,,,,1,용도지역코드,UQA122,제2종일반주거지역,1,0,,제2종일반주거지역,20230718
경상남도 양산시 북정동 678번지,48330,10700,0,0678,0000,1264100125342,,,,1,용도지역코드,UQA122,제2종일반주거지역,1,0,,제2종일반주거지역,20221008
경상남도 양산시 북정동 678번지,48330,10700,0,0678,0000,1264100125342,,,,1,용도지역코드,UQA430,자연녹지지역,0,0,,자연녹지지역,20221008
경상남도 양산시 북정동 678번지,48330,10700,0,0678,0000,1264100122979,,,,1,용도지역코드,UQA122,제2종일반주거지역,1,0,,제2종일반주거지역,20221008
경상남도 양산시 북정동 678번지,48330,10700,0,0678,0000,1264100122979,,,,1,용도지역코드,UQA430,자연녹지지역,0,0,,자연녹지지역,20221008
경상남도 양산시 북정동 678번지,48330,10700,0,0678,0000,1264100097971,,,,1,용도지역코드,UQA430,자연녹지지역,0,0,,자연녹지지역,20221008
경상남도 양산시 북정동 678번지,48330,10700,0,0678,0000,1264100097971,,,,1,용도지역코드,UQA122,제2종일반주거지역,1,0,,제2종일반주거지역,20221008
경상남도 양산시 북정동 683번지,48330,10700,0,0683,0000,1264100022386,,,,1,용도지역코드,UQA122,제2종일반주거지역,1,0,,제2종일반주거지역,20221008
경상남도 양산시 북정동 683번지,48330,10700,0,0683,0000,1264100022386,,,,1,용도지역코드,UQA430,자연녹지지역,0,0,,자연녹지지역,20221008
경상남도 양산시 북정동 683번지,48330,10700,0,0683,0000,1264100023969,,,,1,용도지역코드,UQA430,자연녹지지역,1,0,,자연녹지지역,20221008
경상남도 양산시 북정동 683번지,48330,10700,0,0683,0000,1264100018559,,,,1,용도지역코드,1022,제2종일반주거지역,1,0,,제2종일반주거지역,20221008
경상남도 양산시 북정동 683번지,48330,10700,0,0683,0000,1264100018559,,,,1,용도지역코드,1330,자연녹지지역,0,0,,자연녹지지역,20221008
경상남도 양산시 북정동 686-2번지,48330,10700,0,0686,0002,12649282,,,,1,용도지역코드,1022,제2종일반주거지역,1,0,,제2종일반주거지역,20221008
경상남도 양산시 북정동 687-1번지,48330,10700,0,0687,0001,12642113,,,,1,용도지역코드,1020,일반주거지역,1,0,,일반주거지역,20221008
경상남도 양산시 북정동 689-5번지,48330,10700,0,0689,0005,12641911,,,,1,용도지역코드,1120,일반상업지역,1,0,,일반상업지역,20221008
경상남도 양산시 북정동 705-1번지,48330,10700,0,0705,0001,12645214,,,,1,용도지역코드,1022,제2종일반주거지역,1,0,,제2종일반주거지역,20221008
경상남도 양산시 북정동 705-3번지,48330,10700,0,0705,0003,1264100054508,,,,1,용도지역코드,UQA122,제2종일반주거지역,1,0,,제2종일반주거지역,20221008
경상남도 양산시 북정동 705-4번지,48330,10700,0,0705,0004,12645553,,,,1,용도지역코드,1022,제2종일반주거지역,1,0,,제2종일반주거지역,20221008
경상남도 양산시 북정동 707-1번지,48330,10700,0,0707,0001,1264100036297,,,,1,용도지역코드,UQA122,제2종일반주거지역,1,0,,제2종일반주거지역,20221008
경상남도 양산시 북정동 707-1번지,48330,10700,0,0707,0001,1264100036297,,,,3,용도구역코드,UOA120,상대보호구역,1,0,,상대정화구역,20221008
경상남도 양산시 북정동 707-2번지,48330,10700,0,0707,0002,1264100019497,,,,1,용도지역코드,1022,제2종일반주거지역,1,0,,제2종일반주거지역,20221008
경상남도 양산시 북정동 707-3번지,48330,10700,0,0707,0003,12644794,,,,1,용도지역코드,1012,제2종전용주거지역,0,0,,제2종 전용주거지역,20221008
경상남도 양산시 북정동 707-3번지,48330,10700,0,0707,0003,12644794,,,,1,용도지역코드,1022,제2종일반주거지역,1,0,,제2종일반주거지역,20221008
경상남도 양산시 북정동 707-4번지,48330,10700,0,0707,0004,1264100107097,,,,1,용도지역코드,UQA122,제2종일반주거지역,1,0,,제2종일반주거지역,20221008
경상남도 양산시 북정동 707-4번지,48330,10700,0,0707,0004,1264100109018,,,,1,용도지역코드,UQA122,제2종일반주거지역,1,0,,제2종일반주거지역,20221008
경상남도 양산시 북정동 707-4번지,48330,10700,0,0707,0004,1264100107433,,,,1,용도지역코드,UQA122,제2종일반주거지역,1,0,,제2종일반주거지역,20221008
경상남도 양산시 북정동 707-4번지,48330,10700,0,0707,0004,1264100013553,,,,1,용도지역코드,1022,제2종일반주거지역,1,0,,제2종일반주거지역,20221008
경상남도 양산시 북정동 707-4번지,48330,10700,0,0707,0004,1264100013553,,,,3,용도구역코드,272,상대정화구역,1,0,,상대정화구역,20221008
경상남도 양산시 북정동 707-5번지,48330,10700,0,0707,0005,12646376,,,,1,용도지역코드,1022,제2종일반주거지역,1,0,,제2종일반주거지역,20221008
경상남도 양산시 북정동 707-7번지,48330,10700,0,0707,0007,12647219,,,,1,용도지역코드,1022,제2종일반주거지역,1,0,,제2종일반주거지역,20221008
경상남도 양산시 북정동 707-8번지,48330,10700,0,0707,0008,12644970,,,,1,용도지역코드,1022,제2종일반주거지역,1,0,,제2종일반주거지역,20221008
경상남도 양산시 북정동 707-9번지,48330,10700,0,0707,0009,12645649,,,,1,용도지역코드,1022,제2종일반주거지역,1,0,,제2종일반주거지역,20221008
경상남도 양산시 북정동 707-10번지,48330,10700,0,0707,0010,12644990,,,,1,용도지역코드,1022,제2종일반주거지역,1,0,,제2종일반주거지역,20221008
경상남도 양산시 북정동 707-11번지,48330,10700,0,0707,0011,12644968,,,,1,용도지역코드,1022,제2종일반주거지역,1,0,,제2종일반주거지역,20221008
경상남도 양산시 북정동 707-12번지,48330,10700,0,0707,0012,12647220,,,,1,용도지역코드,1022,제2종일반주거지역,1,0,,제2종일반주거지역,20221008
경상남도 양산시 북정동 707-13번지,48330,10700,0,0707,0013,1264100019498,,,,1,용도지역코드,1022,제2종일반주거지역,1,0,,제2종일반주거지역,20221008
경상남도 양산시 북정동 709-3번지,48330,10700,0,0709,0003,1264100008989,,,,1,용도지역코드,1022,제2종일반주거지역,1,0,,제2종일반주거지역,20221008
경상남도 양산시 북정동 709-3번지,48330,10700,0,0709,0003,1264100034346,,,,1,용도지역코드,UQA122,제2종일반주거지역,1,0,,제2종일반주거지역,20221008
경상남도 양산시 북정동 709-3번지,48330,10700,0,0709,0003,1264100034346,,,,3,용도구역코드,UOA120,상대보호구역,1,0,,상대정화구역,20221008
경상남도 양산시 북정동 710-2번지,48330,10700,0,0710,0002,12645846,,,,1,용도지역코드,1020,일반주거지역,1,0,,일반주거지역,20221008
경상남도 양산시 북정동 710-3번지,48330,10700,0,0710,0003,12646124,,,,1,용도지역코드,1022,제2종일반주거지역,1,0,,제2종일반주거지역,20221008
경상남도 양산시 북정동 710-4번지,48330,10700,0,0710,0004,1264100045506,,,,1,용도지역코드,UQA122,제2종일반주거지역,1,0,,제2종일반주거지역,20221008
경상남도 양산시 북정동 710-5번지,48330,10700,0,0710,0005,1264100050868,,,,1,용도지역코드,UQA122,제2종일반주거지역,1,0,,제2종일반주거지역,20221008
경상남도 양산시 북정동 710-5번지,48330,10700,0,0710,0005,12644797,,,,1,용도지역코드,1022,제2종일반주거지역,1,0,,제2종일반주거지역,20221008
경상남도 양산시 북정동 710-7번지,48330,10700,0,0710,0007,12648218,,,,1,용도지역코드,1022,제2종일반주거지역,1,0,,제2종일반주거지역,20221008
경상남도 양산시 북정동 710-8번지,48330,10700,0,0710,0008,1000000000000000962275,,,,1,용도지역코드,UQA122,제2종일반주거지역,1,0,,제2종일반주거지역,20260604
경상남도 양산시 북정동 710-8번지,48330,10700,0,0710,0008,1000000000000000962275,,,,3,용도구역코드,ZA0006,역사문화환경보존지역,1,0,,역사문화환경보존지역,20260604
경상남도 양산시 북정동 710-8번지,48330,10700,0,0710,0008,12645227,,,,1,용도지역코드,1022,제2종일반주거지역,1,0,,제2종일반주거지역,20221008
경상남도 양산시 북정동 710-10번지,48330,10700,0,0710,0010,12645843,,,,1,용도지역코드,1020,일반주거지역,1,0,,일반주거지역,20221008
경상남도 양산시 북정동 710-11번지,48330,10700,0,0710,0011,1264100050869,,,,1,용도지역코드,UQA122,제2종일반주거지역,1,0,,제2종일반주거지역,20221008
경상남도 양산시 북정동 716번지,48330,10700,0,0716,0000,12643377,,,,1,용도지역코드,1020,일반주거지역,1,0,,일반주거지역,20221008
경상남도 양산시 북정동 718번지,48330,10700,0,0718,0000,1264100025429,,,,1,용도지역코드,UQA122,제2종일반주거지역,1,0,,제2종일반주거지역,20221008
경상남도 양산시 북정동 718번지,48330,10700,0,0718,0000,1264100025429,,,,3,용도구역코드,UOA120,상대보호구역,1,0,,상대정화구역,20221008
경상남도 양산시 북정동 719번지,48330,10700,0,0719,0000,1264329,,,,1,용도지역코드,1020,일반주거지역,1,0,,일반주거지역,20221008
경상남도 양산시 북정동 785-4번지,48330,10700,0,0785,0004,12644627,,,,1,용도지역코드,1022,제2종일반주거지역,1,0,,제2종일반주거지역,20221008
경상남도 양산시 북정동 785-13번지,48330,10700,0,0785,0013,12645525,북정2지구구획정리사업지구내,1-1,3-2,1,용도지역코드,1022,제2종일반주거지역,1,0,,제2종일반주거지역,20221008
경상남도 양산시 북정동 787-4번지,48330,10700,0,0787,0004,12645737,북정2지구토지구획정리사업지구,2-1,7,1,용도지역코드,1022,제2종일반주거지역,1,0,,제2종일반주거지역,20221008
경상남도 양산시 북정동 787-4번지,48330,10700,0,0787,0004,12645737,북정2지구토지구획정리사업지구,2-1,7,2,용도지구코드,340,토지구획정리사업지구,1,0,,토지구획정리사업지구,20221008
경상남도 양산시 북정동 787-4번지,48330,10700,0,0787,0004,12645737,북정2지구토지구획정리사업지구,2-1,7,3,용도구역코드,080,도시개발예정구역,1,0,,도시개발예정구역,20221008
경상남도 양산시 북정동 802-4번지,48330,10700,0,0802,0004,1264100153733,,,,1,용도지역코드,UQA430,자연녹지지역,1,0,,자연녹지지역,20221008
경상남도 양산시 북정동 802-4번지,48330,10700,0,0802,0004,1264100153733,,,,3,용도구역코드,UOA120,상대보호구역,1,0,,상대보호구역,20221008
경상남도 양산시 북정동 802-6번지,48330,10700,0,0802,0006,1000000000000001009852,,,,1,용도지역코드,UQA430,자연녹지지역,1,0,,자연녹지지역,20260807
경상남도 양산시 북정동 802-6번지,48330,10700,0,0802,0006,1000000000000000754351,,,,3,용도구역코드,UOA120,상대보호구역,0,0,,상대보호구역,20260826
경상남도 양산시 북정동 802-6번지,48330,10700,0,0802,0006,1000000000000000754351,,,,1,용도지역코드,UQA430,자연녹지지역,1,0,,자연녹지지역,20260826
경상남도 양산시 북정동 802-6번지,48330,10700,0,0802,0006,1000000000000000754351,,,,3,용도구역코드,UMZ100,가축사육제한구역,1,0,,가축사육제한구역,20260826
경상남도 양산시 북정동 802-6번지,48330,10700,0,0802,0006,1000000000000000755591,,,,1,용도지역코드,UQA430,자연녹지지역,1,0,,자연녹지지역,20250630
경상남도 양산시 북정동 802-6번지,48330,10700,0,0802,0006,1000000000000000763021,,,,1,용도지역코드,UQA430,자연녹지지역,1,0,,자연녹지지역,20250711
경상남도 양산시 북정동 811-2번지,48330,10700,0,0811,0002,1000000000000000770499,,,,3,용도구역코드,UQQ300,지구단위계획구역,0,0,,지구단위계획구역,20250808
경상남도 양산시 북정동 811-2번지,48330,10700,0,0811,0002,1000000000000000770499,,,,3,용도구역코드,UOA120,상대보호구역,1,0,,상대보호구역,20250808
경상남도 양산시 북정동 811-2번지,48330,10700,0,0811,0002,1000000000000000770499,,,,3,용도구역코드,UDW100,도시개발구역,0,0,,도시개발구역,20250808
경상남도 양산시 북정동 811-2번지,48330,10700,0,0811,0002,1000000000000000770499,,,,1,용도지역코드,UQA220,일반상업지역,1,0,,일반상업지역,20250808
경상남도 양산시 북정동 848-16번지,48330,10700,0,0848,0016,1264100042922,,,,1,용도지역코드,UQA320,일반공업지역,1,0,,일반공업지역,20221008
경상남도 양산시 북정동 872-1번지,48330,10700,0,0872,0001,1264100019016,,,,1,용도지역코드,1220,일반공업지역,1,0,,일반공업지역,20221008
경상남도 양산시 북정동 872-1번지,48330,10700,0,0872,0001,12641035,경상남도 양산시 북정동,872,1,1,용도지역코드,1220,일반공업지역,1,0,,일반공업지역,20221008
경상남도 양산시 북정동 872-1번지,48330,10700,0,0872,0001,12643440,,,,1,용도지역코드,1220,일반공업지역,1,0,,일반공업지역,20221008
경상남도 양산시 북정동 872-1번지,48330,10700,0,0872,0001,1264100011271,,,,1,용도지역코드,1220,일반공업지역,1,0,,일반공업지역,20221008
경상남도 양산시 북정동 872-1번지,48330,10700,0,0872,0001,1264100011271,,,,2,용도지구코드,170,공업용지지구,1,0,,공업용지지구,20221008
경상남도 양산시 북정동 872-1번지,48330,10700,0,0872,0001,12645031,,,,1,용도지역코드,1220,일반공업지역,1,0,,일반공업지역,20221008
경상남도 양산시 북정동 872-1번지,48330,10700,0,0872,0001,1264656,경상남도 양산시 북정동,872,1,1,용도지역코드,1220,일반공업지역,1,0,,일반공업지역,20221008
경상남도 양산시 북정동 872-1번지,48330,10700,0,0872,0001,1264100006288,,,,1,용도지역코드,1220,일반공업지역,1,0,,일반공업지역,20221008
경상남도 양산시 북정동 872-2번지,48330,10700,0,0872,0002,12642035,,,,1,용도지역코드,1220,일반공업지역,1,0,,일반공업지역,20221008
경상남도 양산시 북정동 872-2번지,48330,10700,0,0872,0002,1264100018577,,,,1,용도지역코드,1220,일반공업지역,1,0,,일반공업지역,20221008
경상남도 양산시 북정동 872-3번지,48330,10700,0,0872,0003,12641416,,872,3,1,용도지역코드,1220,일반공업지역,1,0,,일반공업지역,20221008
경상남도 양산시 북정동 872-7번지,48330,10700,0,0872,0007,1264100022866,,,,1,용도지역코드,UQA320,일반공업지역,1,0,,일반공업지역,20221008
경상남도 양산시 북정동 883-2번지,48330,10700,0,0883,0002,1264100059652,,,,1,용도지역코드,UQA130,준주거지역,1,0,,준주거지역,20221008
경상남도 양산시 북정동 883-5번지,48330,10700,0,0883,0005,1264100020059,,,,1,용도지역코드,1022,제2종일반주거지역,1,0,,제2종일반주거지역,20221008
경상남도 양산시 북정동 883-5번지,48330,10700,0,0883,0005,1264100020059,,,,3,용도구역코드,272,상대정화구역,1,0,,상대정화구역,20221008
경상남도 양산시 북정동 883-9번지,48330,10700,0,0883,0009,1264100034574,,,,1,용도지역코드,UQA122,제2종일반주거지역,1,0,,제2종일반주거지역,20221008
경상남도 양산시 북정동 883-9번지,48330,10700,0,0883,0009,1264100034574,,,,3,용도구역코드,UOA120,상대보호구역,1,0,,상대정화구역,20221008
경상남도 양산시 북정동 883-10번지,48330,10700,0,0883,0010,1264100039973,,,,1,용도지역코드,UQA130,준주거지역,1,0,,준주거지역,20221008
경상남도 양산시 북정동 883-10번지,48330,10700,0,0883,0010,1264100039973,,,,2,용도지구코드,UQG130,일반미관지구,1,0,,일반미관지구,20221008
경상남도 양산시 북정동 883-15번지,48330,10700,0,0883,0015,12649330,,,,1,용도지역코드,1022,제2종일반주거지역,1,0,,제2종일반주거지역,20221008
경상남도 양산시 북정동 883-15번지,48330,10700,0,0883,0015,1264100010609,,,,1,용도지역코드,1022,제2종일반주거지역,1,0,,제2종일반주거지역,20221008
경상남도 양산시 북정동 884-3번지,48330,10700,0,0884,0003,1264100029189,,,,1,용도지역코드,UQA123,제3종일반주거지역,,,,제3종일반주거지역,20221008
경상남도 양산시 북정동 884-3번지,48330,10700,0,0884,0003,1264100029189,,,,1,용도지역코드,UQA122,제2종일반주거지역,1,0,,제2종일반주거지역,20221008
경상남도 양산시 북정동 884-3번지,48330,10700,0,0884,0003,1264100029189,,,,3,용도구역코드,UOA110,절대정화구역,,,,절대정화구역,20221008
경상남도 양산시 북정동 884-3번지,48330,10700,0,0884,0003,1264100029189,,,,3,용도구역코드,UOA120,상대보호구역,1,0,,상대정화구역,20221008
경상남도 양산시 북정동 885-1번지,48330,10700,0,0885,0001,1264100133903,,,,1,용도지역코드,UQA130,준주거지역,1,0,,준주거지역,20221008
경상남도 양산시 북정동 885-2번지,48330,10700,0,0885,0002,1264100036135,,,,1,용도지역코드,UQA122,제2종일반주거지역,1,0,,제2종일반주거지역,20221008
경상남도 양산시 북정동 885-2번지,48330,10700,0,0885,0002,1264100036135,,,,3,용도구역코드,UOA120,상대보호구역,1,0,,상대정화구역,20221008
경상남도 양산시 북정동 885-5번지,48330,10700,0,0885,0005,12644680,양산시 북정2지구 토지구획정리 사업지구내,27,3-1,1,용도지역코드,1020,일반주거지역,1,0,,일반주거지역,20221008
경상남도 양산시 북정동 885-5번지,48330,10700,0,0885,0005,12644680,양산시 북정2지구 토지구획정리 사업지구내,27,3-1,2,용도지구코드,340,토지구획정리사업지구,1,0,,토지구획정리사업지구,20221008
경상남도 양산시 북정동 885-6번지,48330,10700,0,0885,0006,1264100043725,,,,1,용도지역코드,UQA130,준주거지역,1,0,,준주거지역,20221008
경상남도 양산시 북정동 885-7번지,48330,10700,0,0885,0007,1264100059832,,,,1,용도지역코드,UQA130,준주거지역,1,0,,준주거지역,20221008
경상남도 양산시 북정동 885-7번지,48330,10700,0,0885,0007,12645285,,,,1,용도지역코드,1022,제2종일반주거지역,1,0,,제2종일반주거지역,20221008
경상남도 양산시 북정동 885-10번지,48330,10700,0,0885,0010,1264100059833,,,,1,용도지역코드,UQA130,준주거지역,1,0,,준주거지역,20221008
경상남도 양산시 북정동 885-10번지,48330,10700,0,0885,0010,1264100051130,,,,1,용도지역코드,UQA130,준주거지역,1,0,,준주거지역,20221008
경상남도 양산시 북정동 885-12번지,48330,10700,0,0885,0012,12648207,,,,1,용도지역코드,1022,제2종일반주거지역,1,0,,제2종일반주거지역,20221008
경상남도 양산시 북정동 885-12번지,48330,10700,0,0885,0012,1264100022629,,,,1,용도지역코드,UQA122,제2종일반주거지역,1,0,,제2종일반주거지역,20221008
경상남도 양산시 북정동 885-13번지,48330,10700,0,0885,0013,1264100087966,,,,1,용도지역코드,UQA130,준주거지역,1,0,,준주거지역,20221008
경상남도 양산시 북정동 886-1번지,48330,10700,0,0886,0001,12649333,,,,1,용도지역코드,1022,제2종일반주거지역,1,0,,제2종일반주거지역,20221008
경상남도 양산시 북정동 886-2번지,48330,10700,0,0886,0002,1264100028911,,,,1,용도지역코드,UQA122,제2종일반주거지역,1,0,,제2종일반주거지역,20221008
경상남도 양산시 북정동 886-2번지,48330,10700,0,0886,0002,1264100028911,,,,3,용도구역코드,UOA120,상대보호구역,1,0,,상대정화구역,20221008
경상남도 양산시 북정동 886-3번지,48330,10700,0,0886,0003,1264100034228,,,,1,용도지역코드,UQA122,제2종일반주거지역,1,0,,제2종일반주거지역,20221008
경상남도 양산시 북정동 886-3번지,48330,10700,0,0886,0003,1264100034228,,,,3,용도구역코드,UOA120,상대보호구역,1,0,,상대정화구역,20221008
경상남도 양산시 북정동 886-4번지,48330,10700,0,0886,0004,1000000000000000221579,,,,3,용도구역코드,UOA120,상대보호구역,1,0,,상대보호구역,20230130
경상남도 양산시 북정동 886-4번지,48330,10700,0,0886,0004,1000000000000000221579,,,,1,용도지역코드,UQA130,준주거지역,1,0,,준주거지역,20230130
경상남도 양산시 북정동 886-4번지,48330,10700,0,0886,0004,1264100154370,,,,1,용도지역코드,UQA130,준주거지역,1,0,,준주거지역,20221118
경상남도 양산시 북정동 886-4번지,48330,10700,0,0886,0004,1264100154370,,,,3,용도구역코드,UOA120,상대보호구역,1,0,,상대보호구역,20221118
경상남도 양산시 북정동 886-4번지,48330,10700,0,0886,0004,1000000000000000208522,,,,3,용도구역코드,UOA120,상대보호구역,1,0,,상대보호구역,20230104
경상남도 양산시 북정동 886-4번지,48330,10700,0,0886,0004,1000000000000000208522,,,,1,용도지역코드,UQA130,준주거지역,1,0,,준주거지역,20230104
경상남도 양산시 북정동 886-4번지,48330,10700,0,0886,0004,1264100055249,,,,1,용도지역코드,UQA130,준주거지역,1,0,,준주거지역,20221008
경상남도 양산시 북정동 886-5번지,48330,10700,0,0886,0005,1264100040139,,,,1,용도지역코드,UQA130,준주거지역,1,0,,준주거지역,20221008
경상남도 양산시 북정동 887-2번지,48330,10700,0,0887,0002,1264100121521,,,,1,용도지역코드,UQA130,준주거지역,1,0,,준주거지역,20221008
경상남도 양산시 북정동 887-2번지,48330,10700,0,0887,0002,1264100042122,,,,1,용도지역코드,UQA130,준주거지역,1,0,,준주거지역,20221008
경상남도 양산시 북정동 887-3번지,48330,10700,0,0887,0003,1264100043988,,,,1,용도지역코드,UQA130,준주거지역,1,0,,준주거지역,20221008
경상남도 양산시 북정동 887-3번지,48330,10700,0,0887,0003,1264100043988,,,,3,용도구역코드,UOA110,절대정화구역,1,0,,절대정화구역,20221008
경상남도 양산시 북정동 887-3번지,48330,10700,0,0887,0003,1264100130785,,,,1,용도지역코드,UQA130,준주거지역,1,0,,준주거지역,20221008
경상남도 양산시 북정동 887-4번지,48330,10700,0,0887,0004,1264100095930,,,,3,용도구역코드,UOA110,절대정화구역,1,0,,절대보호구역,20221008
경상남도 양산시 북정동 887-4번지,48330,10700,0,0887,0004,1264100095930,,,,3,용도구역코드,UMZ100,가축사육제한구역,0,0,,가축사육제한구역,20221008
경상남도 양산시 북정동 887-4번지,48330,10700,0,0887,0004,1264100095930,,,,1,용도지역코드,UQA130,준주거지역,1,0,,준주거지역,20221008
경상남도 양산시 북정동 888-2번지,48330,10700,0,0888,0002,12648901,,,,1,용도지역코드,1022,제2종일반주거지역,1,0,,제2종일반주거지역,20221008
경상남도 양산시 북정동 888-6번지,48330,10700,0,0888,0006,1264100013754,,,,1,용도지역코드,1022,제2종일반주거지역,1,0,,제2종일반주거지역,20221008
경상남도 양산시 북정동 888-6번지,48330,10700,0,0888,0006,1264100034417,,,,1,용도지역코드,UQA122,제2종일반주거지역,1,0,,제2종일반주거지역,20221008
경상남도 양산시 북정동 888-6번지,48330,10700,0,0888,0006,1264100034417,,,,3,용도구역코드,UOA120,상대보호구역,1,0,,상대정화구역,20221008
경상남도 양산시 북정동 888-9번지,48330,10700,0,0888,0009,1264100011278,,,,1,용도지역코드,1022,제2종일반주거지역,1,0,,제2종일반주거지역,20221008
경상남도 양산시 북정동 888-9번지,48330,10700,0,0888,0009,1264100011278,,,,2,용도지구코드,340,토지구획정리사업지구,1,0,,토지구획정리사업지구,20221008
경상남도 양산시 북정동 888-9번지,48330,10700,0,0888,0009,1264100046169,,,,1,용도지역코드,UQA220,일반상업지역,1,0,,일반상업지역,20221008
경상남도 양산시 북정동 888-9번지,48330,10700,0,0888,0009,1264100046169,,,,2,용도지구코드,UQG110,중심지미관지구,1,0,,중심지미관지구,20221008
경상남도 양산시 북정동 888-9번지,48330,10700,0,0888,0009,1264100064919,,,,1,용도지역코드,UQA220,일반상업지역,1,0,,일반상업지역,20221008
경상남도 양산시 북정동 888-9번지,48330,10700,0,0888,0009,1264100064919,,,,2,용도지구코드,UQG110,중심지미관지구,1,0,,중심지미관지구,20221008
경상남도 양산시 북정동 888-12번지,48330,10700,0,0888,0012,1264100019241,,,,1,용도지역코드,1022,제2종일반주거지역,1,0,,제2종일반주거지역,20221008
경상남도 양산시 북정동 888-12번지,48330,10700,0,0888,0012,1264100019241,,,,3,용도구역코드,272,상대정화구역,1,0,,상대정화구역,20221008
경상남도 양산시 북정동 888-14번지,48330,10700,0,0888,0014,12649299,,,,1,용도지역코드,1022,제2종일반주거지역,1,0,,제2종일반주거지역,20221008
경상남도 양산시 북정동 888-16번지,48330,10700,0,0888,0016,1264100109438,,,,1,용도지역코드,UQA220,일반상업지역,1,0,,일반상업지역,20221008
경상남도 양산시 북정동 888-16번지,48330,10700,0,0888,0016,1264100109438,,,,2,용도지구코드,UQG110,중심지미관지구,1,0,,중심지미관지구,20221008
경상남도 양산시 북정동 889-1번지,48330,10700,0,0889,0001,1264100036218,,,,1,용도지역코드,UQA122,제2종일반주거지역,1,0,,제2종일반주거지역,20221008
경상남도 양산시 북정동 889-1번지,48330,10700,0,0889,0001,1264100146303,,,,1,용도지역코드,UQA220,일반상업지역,1,0,,일반상업지역,20221008
경상남도 양산시 북정동 889-1번지,48330,10700,0,0889,0001,1264100146303,,,,3,용도구역코드,UMZ100,가축사육제한구역,1,0,,가축사육제한구역,20221008
경상남도 양산시 북정동 889-1번지,48330,10700,0,0889,0001,1264100146303,,,,3,용도구역코드,UOA120,상대보호구역,0,0,,상대보호구역,20221008
경상남도 양산시 북정동 889-1번지,48330,10700,0,0889,0001,12649610,,,,1,용도지역코드,1022,제2종일반주거지역,1,0,,제2종일반주거지역,20221008
경상남도 양산시 북정동 889-1번지,48330,10700,0,0889,0001,1264100062341,,,,1,용도지역코드,UQA220,일반상업지역,1,0,,일반상업지역,20221008
경상남도 양산시 북정동 889-1번지,48330,10700,0,0889,0001,1264100062341,,,,3,용도구역코드,UOA120,상대보호구역,1,0,,상대정화구역,20221008
경상남도 양산시 북정동 889-2번지,48330,10700,0,0889,0002,1264100018338,,,,1,용도지역코드,1022,제2종일반주거지역,1,0,,제2종일반주거지역,20221008
경상남도 양산시 북정동 889-2번지,48330,10700,0,0889,0002,1264100018338,,,,3,용도구역코드,272,상대정화구역,1,0,,상대정화구역,20221008
경상남도 양산시 북정동 889-2번지,48330,10700,0,0889,0002,1264100020897,,,,1,용도지역코드,1022,제2종일반주거지역,1,0,,제2종일반주거지역,20221008
경상남도 양산시 북정동 889-2번지,48330,10700,0,0889,0002,1264100020897,,,,3,용도구역코드,272,상대정화구역,1,0,,상대정화구역,20221008
경상남도 양산시 북정동 889-2번지,48330,10700,0,0889,0002,12649614,,,,1,용도지역코드,1022,제2종일반주거지역,1,0,,제2종일반주거지역,20221008
경상남도 양산시 북정동 889-5번지,48330,10700,0,0889,0005,1264100067499,,,,1,용도지역코드,UQA220,일반상업지역,1,0,,일반상업지역,20221008
경상남도 양산시 북정동 889-5번지,48330,10700,0,0889,0005,1264100129903,,,,1,용도지역코드,UQA220,일반상업지역,1,0,,일반상업지역,20221008
경상남도 양산시 북정동 889-5번지,48330,10700,0,0889,0005,1264100129903,,,,3,용도구역코드,UMZ100,가축사육제한구역,1,0,,가축사육제한구역,20221008
경상남도 양산시 북정동 889-5번지,48330,10700,0,0889,0005,1264100129903,,,,3,용도구역코드,UOA120,상대보호구역,0,0,,상대보호구역,20221008
경상남도 양산시 북정동 889-6번지,48330,10700,0,0889,0006,1264100029491,,,,1,용도지역코드,UQA122,제2종일반주거지역,1,0,,제2종일반주거지역,20221008
경상남도 양산시 북정동 889-6번지,48330,10700,0,0889,0006,1264100029491,,,,3,용도구역코드,UOA120,상대보호구역,1,0,,상대정화구역,20221008
경상남도 양산시 북정동 889-7번지,48330,10700,0,0889,0007,1264100040129,,,,1,용도지역코드,UQA220,일반상업지역,1,0,,일반상업지역,20221008
경상남도 양산시 북정동 889-7번지,48330,10700,0,0889,0007,1264100040129,,,,3,용도구역코드,UOA120,상대보호구역,1,0,,상대정화구역,20221008
경상남도 양산시 북정동 890-1번지,48330,10700,0,0890,0001,1264100007185,,,,1,용도지역코드,1022,제2종일반주거지역,1,0,,제2종일반주거지역,20221008
경상남도 양산시 북정동 890-1번지,48330,10700,0,0890,0001,1264100007185,,,,1,용도지역코드,1022,제2종일반주거지역,0,0,,제2종일반주거지역,20221008
경상남도 양산시 북정동 890-3번지,48330,10700,0,0890,0003,1264100126242,,,,1,용도지역코드,UQA130,준주거지역,1,0,,준주거지역,20221008
경상남도 양산시 북정동 890-3번지,48330,10700,0,0890,0003,1264100123804,,,,1,용도지역코드,UQA130,준주거지역,1,0,,준주거지역,20221008
경상남도 양산시 북정동 890-3번지,48330,10700,0,0890,0003,12649497,,,,1,용도지역코드,1022,제2종일반주거지역,1,0,,제2종일반주거지역,20221008
경상남도 양산시 북정동 890-9번지,48330,10700,0,0890,0009,1264100018478,,,,1,용도지역코드,1022,제2종일반주거지역,1,0,,제2종일반주거지역,20221008
경상남도 양산시 북정동 890-9번지,48330,10700,0,0890,0009,1264100021121,,,,1,용도지역코드,1022,제2종일반주거지역,1,0,,제2종일반주거지역,20221008
경상남도 양산시 북정동 891-1번지,48330,10700,0,0891,0001,1264100145203,,,,1,용도지역코드,UQA130,준주거지역,1,0,,준주거지역,20221008
경상남도 양산시 북정동 891-2번지,48330,10700,0,0891,0002,1000000000000000383004,,,,1,용도지역코드,UQA130,준주거지역,1,0,,준주거지역,20231004
경상남도 양산시 북정동 891-2번지,48330,10700,0,0891,0002,1000000000000000383004,,,,1,용도지역코드,UOC800,역사문화환경보존지역,0,0,,역사문화환경보존지역,20231004
경상남도 양산시 북정동 891-2번지,48330,10700,0,0891,0002,1000000000000000383004,,,,3,용도구역코드,UOA120,상대보호구역,1,0,,상대보호구역,20231004
경상남도 양산시 북정동 891-2번지,48330,10700,0,0891,0002,1264100039334,,,,1,용도지역코드,UQA130,준주거지역,1,0,,준주거지역,20221008
경상남도 양산시 북정동 891-2번지,48330,10700,0,0891,0002,12649314,,,,1,용도지역코드,1022,제2종일반주거지역,1,0,,제2종일반주거지역,20221008
경상남도 양산시 북정동 891-3번지,48330,10700,0,0891,0003,1264100096430,,,,1,용도지역코드,UQA130,준주거지역,1,0,,준주거지역,20221008
경상남도 양산시 북정동 891-4번지,48330,10700,0,0891,0004,1264100048950,,,,1,용도지역코드,UQA130,준주거지역,1,0,,준주거지역,20221008
경상남도 양산시 북정동 891-5번지,48330,10700,0,0891,0005,1264100095969,,,,1,용도지역코드,UQA130,준주거지역,1,0,,준주거지역,20221008
경상남도 양산시 북정동 891-5번지,48330,10700,0,0891,0005,1264100040244,,,,1,용도지역코드,UQA130,준주거지역,1,0,,준주거지역,20221008
경상남도 양산시 북정동 891-6번지,48330,10700,0,0891,0006,12648893,,,,1,용도지역코드,1022,제2종일반주거지역,1,0,,제2종일반주거지역,20221008
경상남도 양산시 북정동 891-7번지,48330,10700,0,0891,0007,1264100019196,,,,1,용도지역코드,1022,제2종일반주거지역,1,0,,제2종일반주거지역,20221008
경상남도 양산시 북정동 891-9번지,48330,10700,0,0891,0009,1264100048949,,,,1,용도지역코드,UQA130,준주거지역,1,0,,준주거지역,20221008
경상남도 양산시 북정동 891-10번지,48330,10700,0,0891,0010,1264100096431,,,,1,용도지역코드,UQA130,준주거지역,1,0,,준주거지역,20221008
경상남도 양산시 북정동 891-11번지,48330,10700,0,0891,0011,1264100096429,,,,1,용도지역코드,UQA130,준주거지역,1,0,,준주거지역,20221008
경상남도 양산시 북정동 891-12번지,48330,10700,0,0891,0012,1264100096432,,,,1,용도지역코드,UQA130,준주거지역,1,0,,준주거지역,20221008
경상남도 양산시 북정동 892-1번지,48330,10700,0,0892,0001,1264100030077,,,,1,용도지역코드,UQA122,제2종일반주거지역,1,0,,제2종일반주거지역,20221008
경상남도 양산시 북정동 892-1번지,48330,10700,0,0892,0001,1264100030077,,,,3,용도구역코드,UOA120,상대보호구역,1,0,,상대정화구역,20221008
경상남도 양산시 북정동 892-2번지,48330,10700,0,0892,0002,1000000000000000559055,,,,1,용도지역코드,UQA130,준주거지역,1,0,,준주거지역,20240723
경상남도 양산시 북정동 892-2번지,48330,10700,0,0892,0002,1264100004947,,,,1,용도지역코드,1022,제2종일반주거지역,1,0,,제2종일반주거지역,20221008
경상남도 양산시 북정동 892-2번지,48330,10700,0,0892,0002,1264100004947,,,,2,용도지구코드,,,1,0,,,20221008
경상남도 양산시 북정동 892-2번지,48330,10700,0,0892,0002,12648851,,,,1,용도지역코드,1022,제2종일반주거지역,1,0,,제2종일반주거지역,20221008
경상남도 양산시 북정동 892-4번지,48330,10700,0,0892,0004,12648436,,,,1,용도지역코드,1022,제2종일반주거지역,1,0,,제2종일반주거지역,20221008
경상남도 양산시 북정동 892-4번지,48330,10700,0,0892,0004,1264100065800,,,,1,용도지역코드,UQA130,준주거지역,1,0,,준주거지역,20221008
경상남도 양산시 북정동 892-4번지,48330,10700,0,0892,0004,1264100065800,,,,3,용도구역코드,UOA120,상대보호구역,1,0,,상대정화구역,20221008
경상남도 양산시 북정동 892-5번지,48330,10700,0,0892,0005,12648894,,,,1,용도지역코드,1022,제2종일반주거지역,1,0,,제2종일반주거지역,20221008
경상남도 양산시 북정동 892-6번지,48330,10700,0,0892,0006,12648228,,,,1,용도지역코드,1022,제2종일반주거지역,1,0,,제2종일반주거지역,20221008
경상남도 양산시 북정동 892-7번지,48330,10700,0,0892,0007,1264100071023,,,,1,용도지역코드,UQA130,준주거지역,1,0,,준주거지역,20221008
경상남도 양산시 북정동 892-7번지,48330,10700,0,0892,0007,1264100125062,,,,1,용도지역코드,UQA130,준주거지역,1,0,,준주거지역,20221008
경상남도 양산시 북정동 892-7번지,48330,10700,0,0892,0007,1264100125062,,,,3,용도구역코드,UMZ100,가축사육제한구역,1,0,,가축사육제한구역,20221008
경상남도 양산시 북정동 892-7번지,48330,10700,0,0892,0007,1264100068059,,,,1,용도지역코드,UQA130,준주거지역,1,0,,준주거지역,20221008
경상남도 양산시 북정동 892-7번지,48330,10700,0,0892,0007,1264100074541,,,,1,용도지역코드,UQA130,준주거지역,1,0,,준주거지역,20221008
경상남도 양산시 북정동 892-8번지,48330,10700,0,0892,0008,1264100028912,,,,1,용도지역코드,UQA122,제2종일반주거지역,1,0,,제2종일반주거지역,20221008
경상남도 양산시 북정동 892-9번지,48330,10700,0,0892,0009,1264100074543,,,,1,용도지역코드,UQA130,준주거지역,1,0,,준주거지역,20221008
경상남도 양산시 북정동 893-2번지,48330,10700,0,0893,0002,1264100061317,,,,1,용도지역코드,UQA130,준주거지역,1,0,,준주거지역,20221008
경상남도 양산시 북정동 893-3번지,48330,10700,0,0893,0003,1264100024110,,,,1,용도지역코드,UQA122,제2종일반주거지역,1,0,,제2종일반주거지역,20221008
경상남도 양산시 북정동 894-1번지,48330,10700,0,0894,0001,1264100005967,,,,1,용도지역코드,1022,제2종일반주거지역,1,0,,제2종일반주거지역,20221008
경상남도 양산시 북정동 894-15번지,48330,10700,0,0894,0015,12649426,,,,1,용도지역코드,1022,제2종일반주거지역,1,0,,제2종일반주거지역,20221008
경상남도 양산시 북정동 895-1번지,48330,10700,0,0895,0001,1264100092563,,,,1,용도지역코드,UQA130,준주거지역,1,0,,준주거지역,20221008
경상남도 양산시 북정동 895-1번지,48330,10700,0,0895,0001,1264100092563,,,,3,용도구역코드,UOA120,상대보호구역,1,0,,상대정화구역,20221008
경상남도 양산시 북정동 895-3번지,48330,10700,0,0895,0003,1264100130023,,,,1,용도지역코드,UQA130,준주거지역,1,0,,준주거지역,20221008
경상남도 양산시 북정동 896-1번지,48330,10700,0,0896,0001,1264100125683,,,,1,용도지역코드,UQA130,준주거지역,1,0,,준주거지역,20221008
경상남도 양산시 북정동 896-1번지,48330,10700,0,0896,0001,1264100027851,,,,1,용도지역코드,UQA122,제2종일반주거지역,1,0,,제2종일반주거지역,20221008
경상남도 양산시 북정동 897-1번지,48330,10700,0,0897,0001,1264100058091,,,,1,용도지역코드,UQA130,준주거지역,1,0,,준주거지역,20221008
경상남도 양산시 북정동 897-1번지,48330,10700,0,0897,0001,1264100051312,,,,1,용도지역코드,UQA130,준주거지역,1,0,,준주거지역,20221008
경상남도 양산시 북정동 897-2번지,48330,10700,0,0897,0002,1264100004345,,,,1,용도지역코드,1022,제2종일반주거지역,1,0,,제2종일반주거지역,20221008
경상남도 양산시 북정동 897-3번지,48330,10700,0,0897,0003,1264100006067,,,,1,용도지역코드,1022,제2종일반주거지역,1,0,,제2종일반주거지역,20221008
경상남도 양산시 북정동 897-4번지,48330,10700,0,0897,0004,1264100086886,,,,1,용도지역코드,UQA130,준주거지역,1,0,,준주거지역,20221008
경상남도 양산시 북정동 897-4번지,48330,10700,0,0897,0004,1264100086886,,,,3,용도구역코드,UOA120,상대보호구역,1,0,,상대정화구역,20221008
경상남도 양산시 북정동 897-4번지,48330,10700,0,0897,0004,12649506,,,,1,용도지역코드,1022,제2종일반주거지역,1,0,,제2종일반주거지역,20221008
경상남도 양산시 북정동 897-4번지,48330,10700,0,0897,0004,1264100097946,,,,1,용도지역코드,UQA130,준주거지역,1,0,,준주거지역,20221008
경상남도 양산시 북정동 897-4번지,48330,10700,0,0897,0004,1264100097946,,,,3,용도구역코드,UOA120,상대보호구역,1,0,,상대정화구역,20221008
경상남도 양산시 북정동 897-4번지,48330,10700,0,0897,0004,1264100030096,,,,1,용도지역코드,UQA122,제2종일반주거지역,1,0,,제2종일반주거지역,20221008
경상남도 양산시 북정동 897-4번지,48330,10700,0,0897,0004,1264100030096,,,,3,용도구역코드,UOA120,상대보호구역,1,0,,상대정화구역,20221008
경상남도 양산시 북정동 897-4번지,48330,10700,0,0897,0004,1264100020177,,,,1,용도지역코드,1022,제2종일반주거지역,1,0,,제2종일반주거지역,20221008
경상남도 양산시 북정동 897-4번지,48330,10700,0,0897,0004,1264100020177,,,,3,용도구역코드,272,상대정화구역,1,0,,상대정화구역,20221008
경상남도 양산시 북정동 897-4번지,48330,10700,0,0897,0004,1264100121603,,,,1,용도지역코드,UQA130,준주거지역,1,0,,준주거지역,20221008
경상남도 양산시 북정동 897-4번지,48330,10700,0,0897,0004,1264100121603,,,,3,용도구역코드,UOA120,상대보호구역,1,0,,상대정화구역,20221008
경상남도 양산시 북정동 897-4번지,48330,10700,0,0897,0004,1264100121602,,,,3,용도구역코드,UOA120,상대보호구역,1,0,,상대정화구역,20221008
경상남도 양산시 북정동 897-4번지,48330,10700,0,0897,0004,1264100121602,,,,1,용도지역코드,UQA130,준주거지역,1,0,,준주거지역,20221008
경상남도 양산시 북정동 897-4번지,48330,10700,0,0897,0004,1264100014654,,,,1,용도지역코드,1022,제2종일반주거지역,1,0,,제2종일반주거지역,20221008
경상남도 양산시 북정동 897-7번지,48330,10700,0,0897,0007,1264100062619,,,,1,용도지역코드,UQA130,준주거지역,1,0,,준주거지역,20221008
경상남도 양산시 북정동 897-8번지,48330,10700,0,0897,0008,1264100051308,,,,1,용도지역코드,UQA130,준주거지역,1,0,,준주거지역,20221008
경상남도 양산시 북정동 897-9번지,48330,10700,0,0897,0009,1264100051307,,,,1,용도지역코드,UQA130,준주거지역,1,0,,준주거지역,20221008
경상남도 양산시 북정동 897-10번지,48330,10700,0,0897,0010,1264100062602,,,,1,용도지역코드,UQA130,준주거지역,1,0,,준주거지역,20221008
경상남도 양산시 북정동 897-10번지,48330,10700,0,0897,0010,1264100062602,,,,3,용도구역코드,UOA120,상대보호구역,1,0,,상대정화구역,20221008
경상남도 양산시 북정동 898-1번지,48330,10700,0,0898,0001,1264100068759,,,,1,용도지역코드,UQA220,일반상업지역,1,0,,일반상업지역,20221008
경상남도 양산시 북정동 898-1번지,48330,10700,0,0898,0001,1264100068759,,,,3,용도구역코드,UOA120,상대보호구역,1,0,,상대정화구역,20221008
경상남도 양산시 북정동 898-1번지,48330,10700,0,0898,0001,1264100028913,,,,1,용도지역코드,UQA122,제2종일반주거지역,1,0,,제2종일반주거지역,20221008
경상남도 양산시 북정동 898-2번지,48330,10700,0,0898,0002,1000000000000000883902,,,,1,용도지역코드,UQA220,일반상업지역,1,0,,일반상업지역,20260721
경상남도 양산시 북정동 898-2번지,48330,10700,0,0898,0002,1000000000000000883902,,,,3,용도구역코드,UOA120,상대보호구역,1,0,,상대보호구역,20260721
경상남도 양산시 북정동 898-3번지,48330,10700,0,0898,0003,1264100022148,,,,1,용도지역코드,UQA122,제2종일반주거지역,1,0,,제2종일반주거지역,20221008
경상남도 양산시 북정동 898-4번지,48330,10700,0,0898,0004,1264100088161,,,,1,용도지역코드,UQA130,준주거지역,1,0,,준주거지역,20221008
경상남도 양산시 북정동 898-4번지,48330,10700,0,0898,0004,1264100088161,,,,3,용도구역코드,UOA120,상대보호구역,1,0,,상대정화구역,20221008
경상남도 양산시 북정동 898-8번지,48330,10700,0,0898,0008,1264100109017,,,,1,용도지역코드,UQA220,일반상업지역,1,0,,일반상업지역,20221008
경상남도 양산시 북정동 898-9번지,48330,10700,0,0898,0009,1264100033042,,,,1,용도지역코드,UQA122,제2종일반주거지역,1,0,,제2종일반주거지역,20221008
경상남도 양산시 북정동 899-5번지,48330,10700,0,0899,0005,1264100060012,,,,1,용도지역코드,UQA220,일반상업지역,1,0,,일반상업지역,20221008
경상남도 양산시 북정동 899-6번지,48330,10700,0,0899,0006,1264100031837,,,,1,용도지역코드,UQA122,제2종일반주거지역,1,0,,제2종일반주거지역,20221008
경상남도 양산시 북정동 900-2번지,48330,10700,0,0900,0002,1264100023186,,,,1,용도지역코드,UQA122,제2종일반주거지역,1,0,,제2종일반주거지역,20221008
경상남도 양산시 북정동 900-3번지,48330,10700,0,0900,0003,1264100107334,,,,2,용도지구코드,UQG110,중심지미관지구,1,0,,중심지미관지구,20221008
경상남도 양산시 북정동 900-3번지,48330,10700,0,0900,0003,1264100107334,,,,1,용도지역코드,UQA220,일반상업지역,1,0,,일반상업지역,20221008
경상남도 양산시 북정동 900-4번지,48330,10700,0,0900,0004,1264100107154,,,,1,용도지역코드,UQA220,일반상업지역,1,0,,일반상업지역,20221008
경상남도 양산시 북정동 900-4번지,48330,10700,0,0900,0004,1264100107154,,,,2,용도지구코드,UQG110,중심지미관지구,1,0,,중심지미관지구,20221008
경상남도 양산시 북정동 900-8번지,48330,10700,0,0900,0008,1264100006655,,,,1,용도지역코드,1022,제2종일반주거지역,1,0,,제2종일반주거지역,20221008
경상남도 양산시 북정동 901-1번지,48330,10700,0,0901,0001,1264100020437,,,,1,용도지역코드,1022,제2종일반주거지역,1,0,,제2종일반주거지역,20221008
경상남도 양산시 북정동 901-1번지,48330,10700,0,0901,0001,12649307,,,,1,용도지역코드,1022,제2종일반주거지역,1,0,,제2종일반주거지역,20221008
경상남도 양산시 북정동 901-2번지,48330,10700,0,0901,0002,1000000000000000549924,,,,1,용도지역코드,UQA220,일반상업지역,1,0,,일반상업지역,20240910
경상남도 양산시 북정동 901-2번지,48330,10700,0,0901,0002,1000000000000000549924,,,,3,용도구역코드,UMZ100,가축사육제한구역,1,0,,가축사육제한구역,20240910
경상남도 양산시 북정동 901-2번지,48330,10700,0,0901,0002,1264100098475,,,,1,용도지역코드,UQA220,일반상업지역,1,0,,일반상업지역,20221008
경상남도 양산시 북정동 901-7번지,48330,10700,0,0901,0007,1264100104893,,,,1,용도지역코드,UQA220,일반상업지역,1,0,,일반상업지역,20221008
경상남도 양산시 북정동 902-2번지,48330,10700,0,0902,0002,1000000000000000699697,,,,1,용도지역코드,UQA220,일반상업지역,1,0,,일반상업지역,20250409
경상남도 양산시 북정동 902-2번지,48330,10700,0,0902,0002,1000000000000000417025,,,,1,용도지역코드,UQA220,일반상업지역,1,0,,일반상업지역,20231123
경상남도 양산시 북정동 902-3번지,48330,10700,0,0902,0003,1264100090721,,,,1,용도지역코드,UQA220,일반상업지역,1,0,,일반상업지역,20221008
경상남도 양산시 북정동 903-1번지,48330,10700,0,0903,0001,12648143,,,,1,용도지역코드,1022,제2종일반주거지역,1,0,,제2종일반주거지역,20221008
경상남도 양산시 북정동 903-5번지,48330,10700,0,0903,0005,1264100019404,,,,1,용도지역코드,1022,제2종일반주거지역,1,0,,제2종일반주거지역,20221008
경상남도 양산시 북정동 903-5번지,48330,10700,0,0903,0005,12648899,,,,1,용도지역코드,1022,제2종일반주거지역,1,0,,제2종일반주거지역,20221008
경상남도 양산시 북정동 904-1번지,48330,10700,0,0904,0001,1264100099135,,,,1,용도지역코드,UQA130,준주거지역,1,0,,준주거지역,20221008
경상남도 양산시 북정동 904-2번지,48330,10700,0,0904,0002,1264100042404,,,,1,용도지역코드,UQA130,준주거지역,1,0,,준주거지역,20221008
경상남도 양산시 북정동 904-3번지,48330,10700,0,0904,0003,1264100040904,,,,1,용도지역코드,UQA122,제2종일반주거지역,1,0,,제2종일반주거지역,20221008
경상남도 양산시 북정동 904-6번지,48330,10700,0,0904,0006,1264100056428,,,,1,용도지역코드,UQA130,준주거지역,1,0,,준주거지역,20221008
경상남도 양산시 북정동 904-7번지,48330,10700,0,0904,0007,1264100040126,,,,1,용도지역코드,UQA130,준주거지역,1,0,,준주거지역,20221008
경상남도 양산시 북정동 904-11번지,48330,10700,0,0904,0011,1264100007606,,,,1,용도지역코드,1022,제2종일반주거지역,1,0,,제2종일반주거지역,20221008
경상남도 양산시 북정동 904-12번지,48330,10700,0,0904,0012,1264100130584,,,,1,용도지역코드,UQA130,준주거지역,1,0,,준주거지역,20221008
경상남도 양산시 북정동 905-1번지,48330,10700,0,0905,0001,1264100021563,,,,1,용도지역코드,UQA122,제2종일반주거지역,1,0,,제2종일반주거지역,20221008
경상남도 양산시 북정동 905-1번지,48330,10700,0,0905,0001,1264100084503,,,,1,용도지역코드,UQA130,준주거지역,1,0,,준주거지역,20221008
경상남도 양산시 북정동 905-4번지,48330,10700,0,0905,0004,1000000000000000255799,,,,1,용도지역코드,UQA130,준주거지역,1,0,,준주거지역,20230511
경상남도 양산시 북정동 905-4번지,48330,10700,0,0905,0004,1000000000000000255799,,,,1,용도지역코드,UOC800,역사문화환경보존지역,0,0,,역사문화환경보존지역,20230511
경상남도 양산시 북정동 905-7번지,48330,10700,0,0905,0007,12649397,,,,1,용도지역코드,1022,제2종일반주거지역,1,0,,제2종일반주거지역,20221008
경상남도 양산시 북정동 905-9번지,48330,10700,0,0905,0009,1264100133723,,,,1,용도지역코드,UQA130,준주거지역,1,0,,준주거지역,20221008
경상남도 양산시 북정동 905-11번지,48330,10700,0,0905,0011,1000000000000000255792,,,,1,용도지역코드,UQA130,준주거지역,1,0,,준주거지역,20230323
경상남도 양산시 북정동 905-11번지,48330,10700,0,0905,0011,1000000000000000255792,,,,1,용도지역코드,UOC800,역사문화환경보존지역,0,0,,역사문화환경보존지역,20230323
경상남도 양산시 북정동 905-12번지,48330,10700,0,0905,0012,1264100045805,,,,1,용도지역코드,UQA130,준주거지역,1,0,,준주거지역,20221008
경상남도 양산시 북정동 905-12번지,48330,10700,0,0905,0012,1264100050808,,,,1,용도지역코드,UQA130,준주거지역,1,0,,준주거지역,20221008
경상남도 양산시 북정동 905-12번지,48330,10700,0,0905,0012,1264100016179,,,,1,용도지역코드,1022,제2종일반주거지역,1,0,,제2종일반주거지역,20221008
경상남도 양산시 북정동 906-7번지,48330,10700,0,0906,0007,12648910,,,,1,용도지역코드,1022,제2종일반주거지역,1,0,,제2종일반주거지역,20221008
경상남도 양산시 북정동 906-9번지,48330,10700,0,0906,0009,1264100067140,,,,1,용도지역코드,UQA130,준주거지역,1,0,,준주거지역,20221008
경상남도 양산시 북정동 906-9번지,48330,10700,0,0906,0009,1264100077062,,,,1,용도지역코드,UQA130,준주거지역,1,0,,준주거지역,20221008
경상남도 양산시 북정동 907-6번지,48330,10700,0,0907,0006,1264100043007,,,,1,용도지역코드,UQA130,준주거지역,1,0,,준주거지역,20221008
경상남도 양산시 북정동 907-6번지,48330,10700,0,0907,0006,1264100036552,,,,1,용도지역코드,UQA122,제2종일반주거지역,1,0,,제2종일반주거지역,20221008
경상남도 양산시 북정동 907-7번지,48330,10700,0,0907,0007,1264100061778,,,,1,용도지역코드,UQA130,준주거지역,1,0,,준주거지역,20221008
경상남도 양산시 북정동 907-7번지,48330,10700,0,0907,0007,1264100052672,,,,1,용도지역코드,UQA130,준주거지역,1,0,,준주거지역,20221008
경상남도 양산시 북정동 908-3번지,48330,10700,0,0908,0003,1264100051368,,,,1,용도지역코드,UQA130,준주거지역,1,0,,준주거지역,20221008
경상남도 양산시 북정동 908-8번지,48330,10700,0,0908,0008,12649327,,,,1,용도지역코드,1022,제2종일반주거지역,1,0,,제2종일반주거지역,20221008
경상남도 양산시 북정동 908-8번지,48330,10700,0,0908,0008,1264100134423,,,,1,용도지역코드,UQA130,준주거지역,1,0,,준주거지역,20221008
경상남도 양산시 북정동 908-10번지,48330,10700,0,0908,0010,1264100010390,,,,1,용도지역코드,1022,제2종일반주거지역,1,0,,제2종일반주거지역,20221008
경상남도 양산시 북정동 908-12번지,48330,10700,0,0908,0012,1264100026709,,,,1,용도지역코드,UQA122,제2종일반주거지역,1,0,,제2종일반주거지역,20221008
경상남도 양산시 북정동 908-13번지,48330,10700,0,0908,0013,1264100050589,,,,1,용도지역코드,UQA130,준주거지역,1,0,,준주거지역,20221008
경상남도 양산시 북정동 908-14번지,48330,10700,0,0908,0014,1264100042463,,,,1,용도지역코드,UQA130,준주거지역,1,0,,준주거지역,20221008
경상남도 양산시 북정동 908-14번지,48330,10700,0,0908,0014,1264100037973,,,,1,용도지역코드,UQA122,제2종일반주거지역,1,0,,제2종일반주거지역,20221008
경상남도 양산시 북정동 908-15번지,48330,10700,0,0908,0015,1264100045505,,,,1,용도지역코드,UQA130,준주거지역,1,0,,준주거지역,20221008
경상남도 양산시 북정동 908-16번지,48330,10700,0,0908,0016,1264100050590,,,,1,용도지역코드,UQA130,준주거지역,1,0,,준주거지역,20221008
경상남도 양산시 북정동 909-1번지,48330,10700,0,0909,0001,1000000000000000272394,,,,3,용도구역코드,ZA0006,역사문화환경보존지역,0,0,,역사문화환경보존지역,20230828
경상남도 양산시 북정동 909-1번지,48330,10700,0,0909,0001,1000000000000000272394,,,,3,용도구역코드,UMZ100,가축사육제한구역,1,0,,가축사육제한구역,20230828
경상남도 양산시 북정동 909-1번지,48330,10700,0,0909,0001,1000000000000000272394,,,,1,용도지역코드,UQA130,준주거지역,1,0,,준주거지역,20230828
경상남도 양산시 북정동 909-1번지,48330,10700,0,0909,0001,12649281,,,,1,용도지역코드,0100,도시지역,0,0,,도시지역,20221008
경상남도 양산시 북정동 909-1번지,48330,10700,0,0909,0001,12649281,,,,1,용도지역코드,1022,제2종일반주거지역,1,0,,제2종일반주거지역,20221008
경상남도 양산시 북정동 909-3번지,48330,10700,0,0909,0003,1264100119359,,,,1,용도지역코드,UQA130,준주거지역,1,0,,준주거지역,20221008
경상남도 양산시 북정동 909-3번지,48330,10700,0,0909,0003,1264100119359,,,,3,용도구역코드,UMZ100,가축사육제한구역,1,0,,가축사육제한구역,20221008
경상남도 양산시 북정동 909-4번지,48330,10700,0,0909,0004,1264100010870,,,,1,용도지역코드,1022,제2종일반주거지역,1,0,,제2종일반주거지역,20221008
경상남도 양산시 북정동 909-7번지,48330,10700,0,0909,0007,1264100021762,,,,1,용도지역코드,UQA122,제2종일반주거지역,1,0,,제2종일반주거지역,20221008
경상남도 양산시 북정동 909-7번지,48330,10700,0,0909,0007,1264100018154,,,,1,용도지역코드,1022,제2종일반주거지역,1,0,,제2종일반주거지역,20221008
경상남도 양산시 북정동 910-4번지,48330,10700,0,0910,0004,12648117,,,,1,용도지역코드,1022,제2종일반주거지역,1,0,,제2종일반주거지역,20221008
경상남도 양산시 북정동 910-4번지,48330,10700,0,0910,0004,12648296,,,,1,용도지역코드,1022,제2종일반주거지역,1,0,,제2종일반주거지역,20221008
경상남도 양산시 북정동 910-4번지,48330,10700,0,0910,0004,1264100070482,,,,1,용도지역코드,UQA130,준주거지역,1,0,,준주거지역,20221008
경상남도 양산시 북정동 910-8번지,48330,10700,0,0910,0008,1264100070459,,,,1,용도지역코드,UQA130,준주거지역,1,0,,준주거지역,20221008
경상남도 양산시 북정동 910-8번지,48330,10700,0,0910,0008,12648118,,,,1,용도지역코드,1022,제2종일반주거지역,1,0,,제2종일반주거지역,20221008
경상남도 양산시 북정동 910-8번지,48330,10700,0,0910,0008,12648297,,,,1,용도지역코드,1022,제2종일반주거지역,1,0,,제2종일반주거지역,20221008
경상남도 양산시 북정동 911-2번지,48330,10700,0,0911,0002,12648203,,,,1,용도지역코드,1020,일반주거지역,1,0,,일반주거지역,20221008
경상남도 양산시 북정동 911-6번지,48330,10700,0,0911,0006,1000000000000000746989,,,,1,용도지역코드,UQA130,준주거지역,1,0,,준주거지역,20250709
경상남도 양산시 북정동 911-6번지,48330,10700,0,0911,0006,12648886,,,,1,용도지역코드,1022,제2종일반주거지역,1,0,,제2종일반주거지역,20221008
경상남도 양산시 북정동 911-8번지,48330,10700,0,0911,0008,1264100118799,,,,1,용도지역코드,UQA130,준주거지역,1,0,,준주거지역,20221008
경상남도 양산시 북정동 911-9번지,48330,10700,0,0911,0009,1264100044028,,,,1,용도지역코드,UQA130,준주거지역,1,0,,준주거지역,20221008
경상남도 양산시 북정동 912-2번지,48330,10700,0,0912,0002,1264100016786,,,,1,용도지역코드,1022,제2종일반주거지역,1,0,,제2종일반주거지역,20221008
경상남도 양산시 북정동 912-3번지,48330,10700,0,0912,0003,1000000000000000665649,,,,3,용도구역코드,UMZ100,가축사육제한구역,1,0,,가축사육제한구역,20250519
경상남도 양산시 북정동 912-3번지,48330,10700,0,0912,0003,1000000000000000665649,,,,1,용도지역코드,UQA130,준주거지역,1,0,,준주거지역,20250519
경상남도 양산시 북정동 912-3번지,48330,10700,0,0912,0003,1000000000000000665679,,,,1,용도지역코드,UQA130,준주거지역,1,0,,준주거지역,20250519
경상남도 양산시 북정동 912-3번지,48330,10700,0,0912,0003,1000000000000000665679,,,,3,용도구역코드,UMZ100,가축사육제한구역,1,0,,가축사육제한구역,20250519
경상남도 양산시 북정동 912-3번지,48330,10700,0,0912,0003,1264100048887,,,,1,용도지역코드,UQA130,준주거지역,1,0,,준주거지역,20221008
경상남도 양산시 북정동 912-5번지,48330,10700,0,0912,0005,1264100015714,,,,1,용도지역코드,1022,제2종일반주거지역,1,0,,제2종일반주거지역,20221008
경상남도 양산시 북정동 912-6번지,48330,10700,0,0912,0006,1264100047292,,,,1,용도지역코드,UQA130,준주거지역,1,0,,준주거지역,20221008
경상남도 양산시 북정동 913-1번지,48330,10700,0,0913,0001,1264100154150,,,,1,용도지역코드,UQA220,일반상업지역,1,0,,일반상업지역,20221026
경상남도 양산시 북정동 913-1번지,48330,10700,0,0913,0001,1264100154150,,,,3,용도구역코드,UMZ100,가축사육제한구역,1,0,,가축사육제한구역,20221026
경상남도 양산시 북정동 913-3번지,48330,10700,0,0913,0003,1264100084061,,,,1,용도지역코드,UQA220,일반상업지역,1,0,,일반상업지역,20221008
경상남도 양산시 북정동 913-3번지,48330,10700,0,0913,0003,1264100056009,,,,1,용도지역코드,UQA220,일반상업지역,1,0,,일반상업지역,20221008
경상남도 양산시 북정동 913-3번지,48330,10700,0,0913,0003,1264100010372,,,,1,용도지역코드,1021,제1종일반주거지역,1,0,,제1종일반주거지역,20221008
경상남도 양산시 북정동 913-3번지,48330,10700,0,0913,0003,1264100011830,,,,1,용도지역코드,1022,제2종일반주거지역,1,0,,제2종일반주거지역,20221008
경상남도 양산시 북정동 914-1번지,48330,10700,0,0914,0001,1264100137284,,,,1,용도지역코드,UQA220,일반상업지역,1,0,,일반상업지역,20221008
경상남도 양산시 북정동 914-1번지,48330,10700,0,0914,0001,1264100045005,,,,1,용도지역코드,UQA220,일반상업지역,1,0,,일반상업지역,20221008
경상남도 양산시 북정동 914-1번지,48330,10700,0,0914,0001,1264100098913,,,,1,용도지역코드,UQA220,일반상업지역,1,0,,일반상업지역,20221008
경상남도 양산시 북정동 914-1번지,48330,10700,0,0914,0001,1264100049767,,,,1,용도지역코드,UQA220,일반상업지역,1,0,,일반상업지역,20221008
경상남도 양산시 북정동 914-2번지,48330,10700,0,0914,0002,1000000000000000431542,,,,1,용도지역코드,UQA220,일반상업지역,1,0,,일반상업지역,20231218
경상남도 양산시 북정동 914-3번지,48330,10700,0,0914,0003,1264100105221,,,,1,용도지역코드,UQA220,일반상업지역,1,0,,일반상업지역,20240517
경상남도 양산시 북정동 914-3번지,48330,10700,0,0914,0003,1264100059332,,,,1,용도지역코드,UQA220,일반상업지역,1,0,,일반상업지역,20221008
경상남도 양산시 북정동 914-3번지,48330,10700,0,0914,0003,1264100059816,,,,1,용도지역코드,UQA220,일반상업지역,1,0,,일반상업지역,20221008
경상남도 양산시 북정동 915-2번지,48330,10700,0,0915,0002,1264100028730,,,,1,용도지역코드,UQA122,제2종일반주거지역,1,0,,제2종일반주거지역,20221008
경상남도 양산시 북정동 915-3번지,48330,10700,0,0915,0003,1264100008286,,,,1,용도지역코드,1022,제2종일반주거지역,1,0,,제2종일반주거지역,20221008
경상남도 양산시 북정동 915-7번지,48330,10700,0,0915,0007,12643166,(북정2지구 구획정리 사업지구내 4B/6L),,,1,용도지역코드,1020,일반주거지역,1,0,,일반주거지역,20221008
경상남도 양산시 북정동 915-9번지,48330,10700,0,0915,0009,1264100005186,,,,1,용도지역코드,1022,제2종일반주거지역,1,0,,제2종일반주거지역,20221008
경상남도 양산시 북정동 915-10번지,48330,10700,0,0915,0010,12649363,,,,1,용도지역코드,1022,제2종일반주거지역,1,0,,제2종일반주거지역,20221008
경상남도 양산시 북정동 915-11번지,48330,10700,0,0915,0011,1264100098573,,,,1,용도지역코드,UQA220,일반상업지역,1,0,,일반상업지역,20221008
경상남도 양산시 북정동 915-11번지,48330,10700,0,0915,0011,1264100098573,,,,2,용도지구코드,UQG110,중심지미관지구,1,0,,중심지미관지구,20221008
경상남도 양산시 북정동 915-12번지,48330,10700,0,0915,0012,1264100006660,,,,1,용도지역코드,1022,제2종일반주거지역,1,0,,제2종일반주거지역,20221008
경상남도 양산시 북정동 915-12번지,48330,10700,0,0915,0012,1264100009349,,,,1,용도지역코드,1022,제2종일반주거지역,1,0,,제2종일반주거지역,20221008
경상남도 양산시 북정동 916-2번지,48330,10700,0,0916,0002,1264100059112,,,,1,용도지역코드,UQA130,준주거지역,1,0,,준주거지역,20221008
경상남도 양산시 북정동 916-2번지,48330,10700,0,0916,0002,1264100120199,,,,1,용도지역코드,UQA130,준주거지역,1,0,,준주거지역,20221008
경상남도 양산시 북정동 916-2번지,48330,10700,0,0916,0002,1264100120199,,,,3,용도구역코드,UMZ100,가축사육제한구역,1,0,,가축사육제한구역,20221008
경상남도 양산시 북정동 916-2번지,48330,10700,0,0916,0002,1264100140605,,,,1,용도지역코드,UQA130,준주거지역,1,0,,준주거지역,20221008
경상남도 양산시 북정동 916-3번지,48330,10700,0,0916,0003,1264100034734,,,,1,용도지역코드,UQA122,제2종일반주거지역,1,0,,제2종일반주거지역,20221008
경상남도 양산시 북정동 917-4번지,48330,10700,0,0917,0004,1264100006265,,,,1,용도지역코드,1022,제2종일반주거지역,1,0,,제2종일반주거지역,20221008
경상남도 양산시 북정동 917-5번지,48330,10700,0,0917,0005,1264100010931,,,,1,용도지역코드,1022,제2종일반주거지역,1,0,,제2종일반주거지역,20221008
경상남도 양산시 북정동 918-1번지,48330,10700,0,0918,0001,1264100034999,,,,1,용도지역코드,UQA122,제2종일반주거지역,1,0,,제2종일반주거지역,20221008
경상남도 양산시 북정동 918-1번지,48330,10700,0,0918,0001,12649494,,,,1,용도지역코드,1022,제2종일반주거지역,1,0,,제2종일반주거지역,20221008
경상남도 양산시 북정동 918-3번지,48330,10700,0,0918,0003,1264100044673,,,,1,용도지역코드,UQA130,준주거지역,1,0,,준주거지역,20221008
경상남도 양산시 북정동 918-4번지,48330,10700,0,0918,0004,1264100034009,,,,1,용도지역코드,UQA122,제2종일반주거지역,1,0,,제2종일반주거지역,20221008
경상남도 양산시 북정동 918-6번지,48330,10700,0,0918,0006,1264100007967,,,,1,용도지역코드,1022,제2종일반주거지역,1,0,,제2종일반주거지역,20221008
경상남도 양산시 북정동 918-8번지,48330,10700,0,0918,0008,1264100044647,,,,1,용도지역코드,UQA130,준주거지역,1,0,,준주거지역,20221008
경상남도 양산시 북정동 918-11번지,48330,10700,0,0918,0011,1264100030137,,,,1,용도지역코드,UQA122,제2종일반주거지역,1,0,,제2종일반주거지역,20221008
경상남도 양산시 북정동 산3-3번지,48330,10700,1,0003,0003,12649814,,,,1,용도지역코드,1220,일반공업지역,1,0,,일반공업지역,20221008
경상남도 양산시 북정동 산6-5번지,48330,10700,1,0006,0005,1264100009374,,,,1,용도지역코드,1220,일반공업지역,1,0,,일반공업지역,20221008
경상남도 양산시 북정동 산8-1번지,48330,10700,1,0008,0001,12641522,경상남도 양산시 북정동,산8,1,1,용도지역코드,1220,일반공업지역,1,0,,일반공업지역,20221008
경상남도 양산시 북정동 산14-8번지,48330,10700,1,0014,0008,12641087,14B 8L,,,1,용도지역코드,1020,일반주거지역,1,0,,일반주거지역,20221008
경상남도 양산시 북정동 산98-8번지,48330,10700,1,0098,0008,1000000000000000404552,,,,3,용도구역코드,UMZ100,가축사육제한구역,1,0,,가축사육제한구역,20231107
경상남도 양산시 북정동 산98-8번지,48330,10700,1,0098,0008,1000000000000000404552,,,,1,용도지역코드,UQA320,일반공업지역,1,0,,일반공업지역,20231107
경상남도 양산시 북정동 블록,48330,10700,2,0000,0000,12645959,북정2지구구획정리사업지구내,2-1,8,1,용도지역코드,1022,제2종일반주거지역,1,0,,제2종일반주거지역,20221008
경상남도 양산시 북정동 블록,48330,10700,2,0000,0000,12646500,북정2지구 토지구획,18,4,1,용도지역코드,1020,일반주거지역,1,0,,일반주거지역,20221008
경상남도 양산시 북정동 블록,48330,10700,2,0000,0000,12646500,북정2지구 토지구획,18,4,3,용도구역코드,390,도시개발구역,1,0,,도시개발구역,20221008
경상남도 양산시 북정동 블록,48330,10700,2,0000,0000,12645243,북정2지구,1,1,1,용도지역코드,1022,제2종일반주거지역,1,0,,제2종일반주거지역,20221008
경상남도 양산시 북정동 블록,48330,10700,2,0000,0000,12645243,북정2지구,1,1,2,용도지구코드,340,토지구획정리사업지구,1,0,,토지구획정리사업지구,20221008
경상남도 양산시 북정동 블록,48330,10700,2,0000,0000,12645259,북정2지구토지구획,27,3-4,1,용도지역코드,1022,제2종일반주거지역,1,0,,제2종일반주거지역,20221008
경상남도 양산시 북정동 블록,48330,10700,2,0000,0000,12644957,2지구토지구획정리,26,2,1,용도지역코드,1022,제2종일반주거지역,1,0,,제2종일반주거지역,20221008
경상남도 양산시 북정동 블록,48330,10700,2,0000,0000,12646537,북정2지구토지구획정리사업지구내,2,9,1,용도지역코드,1022,제2종일반주거지역,1,0,,제2종일반주거지역,20221008
경상남도 양산시 북정동 블록,48330,10700,2,0000,0000,12645218,북정2지구토지구획정리내,11,1,1,용도지역코드,1022,제2종일반주거지역,1,0,,제2종일반주거지역,20221008
경상남도 양산시 북정동 블록,48330,10700,2,0000,0000,12645800,체비지,10,8,1,용도지역코드,1020,일반주거지역,1,0,,일반주거지역,20221008
경상남도 양산시 북정동 블록,48330,10700,2,0000,0000,12645698,10-3-1,10,3-1,1,용도지역코드,1022,제2종일반주거지역,1,0,,제2종일반주거지역,20221008
경상남도 양산시 북정동 블록,48330,10700,2,0000,0000,12647286,경상남도 양산시 북정동,27,2-2,1,용도지역코드,1022,제2종일반주거지역,1,0,,제2종일반주거지역,20221008
경상남도 양산시 북정동 블록,48330,10700,2,0000,0000,12648342,북정2지구토지구획정리지구내,12,1,1,용도지역코드,1022,제2종일반주거지역,1,0,,제2종일반주거지역,20221008
경상남도 양산시 북정동 블록,48330,10700,2,0000,0000,12645822,북정2지구,17,3,1,용도지역코드,1022,제2종일반주거지역,1,0,,제2종일반주거지역,20221008
경상남도 양산시 북정동 블록,48330,10700,2,0000,0000,12645822,북정2지구,17,3,2,용도지구코드,340,토지구획정리사업지구,1,0,,토지구획정리사업지구,20221008
경상남도 양산시 북정동 블록,48330,10700,2,0000,0000,12645830,북정2지구토지구획정리지구,16,4,1,용도지역코드,1020,일반주거지역,1,0,,일반주거지역,20221008
경상남도 양산시 북정동 블록,48330,10700,2,0000,0000,12645834,북정2지구토지구획정리지구,27,5-2,1,용도지역코드,1022,제2종일반주거지역,1,0,,제2종일반주거지역,20221008
경상남도 양산시 북정동 블록,48330,10700,2,0000,0000,12645872,북정2지구 토지구획정리사업지구,17,4-1,1,용도지역코드,1020,일반주거지역,1,0,,일반주거지역,20221008
경상남도 양산시 북정동 블록,48330,10700,2,0000,0000,12648028,토지구획정리사업지구,30,2-1,1,용도지역코드,1022,제2종일반주거지역,1,0,,제2종일반주거지역,20221008
경상남도 양산시 북정동 블록,48330,10700,2,0000,0000,12645916,북정2지구토지구획정리사업지구,1,2-5,1,용도지역코드,1022,제2종일반주거지역,1,0,,제2종일반주거지역,20221008
경상남도 양산시 북정동 블록,48330,10700,2,0000,0000,12648086,북정2지구토지구획정리사업지구,2,1,1,용도지역코드,1022,제2종일반주거지역,1,0,,제2종일반주거지역,20221008
경상남도 양산시 북정동 블록,48330,10700,2,0000,0000,12648086,북정2지구토지구획정리사업지구,2,1,2,용도지구코드,340,토지구획정리사업지구,1,0,,토지구획정리사업지구,20221008
경상남도 양산시 북정동 블록,48330,10700,2,0000,0000,12648105,북정2지구토지구획정리사업지구,22,2,1,용도지역코드,1023,제3종일반주거지역,1,0,,제3종일반주거지역,20221008
경상남도 양산시 북정동 블록,48330,10700,2,0000,0000,12648105,북정2지구토지구획정리사업지구,22,2,2,용도지구코드,340,토지구획정리사업지구,1,0,,토지구획정리사업지구,20221008
경상남도 양산시 북정동 블록,48330,10700,2,0000,0000,12645988,북정2지구토지구획정리,27,3-4,1,용도지역코드,1022,제2종일반주거지역,1,0,,제2종일반주거지역,20221008
경상남도 양산시 북정동 블록,48330,10700,2,0000,0000,12646018,북정2지구토지구획정리사업지구,27,3-2,1,용도지역코드,1022,제2종일반주거지역,1,0,,제2종일반주거지역,20221008
경상남도 양산시 북정동 블록,48330,10700,2,0000,0000,12646018,북정2지구토지구획정리사업지구,27,3-2,2,용도지구코드,340,토지구획정리사업지구,1,0,,토지구획정리사업지구,20221008
경상남도 양산시 북정동 블록,48330,10700,2,0000,0000,12646046,2지구토지구획정리지구,25,13,1,용도지역코드,1022,제2종일반주거지역,1,0,,제2종일반주거지역,20221008
경상남도 양산시 북정동 블록,48330,10700,2,0000,0000,12647261,북정2지구 토지구획정리사업지구,27,2-3,1,용도지역코드,1022,제2종일반주거지역,1,0,,제2종일반주거지역,20221008
경상남도 양산시 북정동 블록,48330,10700,2,0000,0000,12647261,북정2지구 토지구획정리사업지구,27,2-3,2,용도지구코드,980,용도지구미지정,1,0,,용도지구미지정,20221008
경상남도 양산시 북정동 블록,48330,10700,2,0000,0000,12647261,북정2지구 토지구획정리사업지구,27,2-3,3,용도구역코드,980,용도구역미지정,1,0,,용도구역미지정,20221008
경상남도 양산시 북정동 블록,48330,10700,2,0000,0000,12644150,"북정2지구 구획정리 13-1B 3L, 4L, 5L",13,1B3L,1,용도지역코드,1020,일반주거지역,1,0,,일반주거지역,20221008
경상남도 양산시 북정동 블록,48330,10700,2,0000,0000,12647368,북정2지구 토지구획정리사업지구내,26,4,1,용도지역코드,1020,일반주거지역,1,0,,일반주거지역,20221008
경상남도 양산시 북정동 블록,48330,10700,2,0000,0000,12647368,북정2지구 토지구획정리사업지구내,26,4,2,용도지구코드,340,토지구획정리사업지구,1,0,,토지구획정리사업지구,20221008
경상남도 양산시 북정동 블록,48330,10700,2,0000,0000,12647398,북정2지구토지구획정리사업지구,36,2,1,용도지역코드,1020,일반주거지역,1,0,,일반주거지역,20221008
경상남도 양산시 북정동 블록,48330,10700,2,0000,0000,12647398,북정2지구토지구획정리사업지구,36,2,2,용도지구코드,340,토지구획정리사업지구,1,0,,토지구획정리사업지구,20221008
경상남도 양산시 북정동 블록,48330,10700,2,0000,0000,12647529,북정2지구토지구획정리지구,11,5,1,용도지역코드,1020,일반주거지역,1,0,,일반주거지역,20221008
경상남도 양산시 북정동 블록,48330,10700,2,0000,0000,12647439,북정2지구 토지구획정리지구,3,8-1,1,용도지역코드,1020,일반주거지역,1,0,,일반주거지역,20221008
경상남도 양산시 북정동 블록,48330,10700,2,0000,0000,12647439,북정2지구 토지구획정리지구,3,8-1,2,용도지구코드,340,토지구획정리사업지구,1,0,,토지구획정리사업지구,20221008
경상남도 양산시 북정동 블록,48330,10700,2,0000,0000,12644907,2지구토지구획정리,32,12,1,용도지역코드,1022,제2종일반주거지역,1,0,,제2종일반주거지역,20221008
경상남도 양산시 북정동 블록,48330,10700,2,0000,0000,12646609,경상남도 양산시 북정동,30,3,1,용도지역코드,1022,제2종일반주거지역,1,0,,제2종일반주거지역,20221008
경상남도 양산시 북정동 블록,48330,10700,2,0000,0000,12646609,경상남도 양산시 북정동,30,3,2,용도지구코드,340,토지구획정리사업지구,1,0,,토지구획정리사업지구,20221008
경상남도 양산시 북정동 블록,48330,10700,2,0000,0000,12646480,북정2지구토지구획정리지구,10,8,1,용도지역코드,1020,일반주거지역,1,0,,일반주거지역,20221008
경상남도 양산시 북정동 블록,48330,10700,2,0000,0000,12646481,북정2지구,17,4-3,1,용도지역코드,1022,제2종일반주거지역,1,0,,제2종일반주거지역,20221008
경상남도 양산시 북정동 블록,48330,10700,2,0000,0000,12646481,북정2지구,17,4-3,3,용도구역코드,080,도시개발예정구역,1,0,,도시개발예정구역,20221008
경상남도 양산시 북정동 블록,48330,10700,2,0000,0000,12646271,북정2지구 토지구획정리사업지구,33,3-1,1,용도지역코드,1022,제2종일반주거지역,1,0,,제2종일반주거지역,20221008
경상남도 양산시 북정동 블록,48330,10700,2,0000,0000,12644670,북정2지구 토지구획정리지구,31,1,1,용도지역코드,1022,제2종일반주거지역,1,0,,제2종일반주거지역,20221008
경상남도 양산시 북정동 블록,48330,10700,2,0000,0000,12644670,북정2지구 토지구획정리지구,31,1,2,용도지구코드,340,토지구획정리사업지구,1,0,,토지구획정리사업지구,20221008
경상남도 양산시 북정동 블록,48330,10700,2,0000,0000,12645607,토지구획정리사업지구,37,5,1,용도지역코드,1022,제2종일반주거지역,1,0,,제2종일반주거지역,20221008
경상남도 양산시 북정동 블록,48330,10700,2,0000,0000,12645607,토지구획정리사업지구,37,5,2,용도지구코드,340,토지구획정리사업지구,1,0,,토지구획정리사업지구,20221008
경상남도 양산시 북정동 블록,48330,10700,2,0000,0000,12646326,경상남도 양산시 북정동 토지구획정리지구,16,3,1,용도지역코드,1020,일반주거지역,1,0,,일반주거지역,20221008
경상남도 양산시 북정동 블록,48330,10700,2,0000,0000,12645082,북정2지구,17,5,1,용도지역코드,1022,제2종일반주거지역,1,0,,제2종일반주거지역,20221008
경상남도 양산시 북정동 블록,48330,10700,2,0000,0000,12645082,북정2지구,17,5,2,용도지구코드,340,토지구획정리사업지구,1,0,,토지구획정리사업지구,20221008
경상남도 양산시 북정동 블록,48330,10700,2,0000,0000,12645653,북정2지구토지구획정리사업지구,2,5,1,용도지역코드,1022,제2종일반주거지역,1,0,,제2종일반주거지역,20221008
경상남도 양산시 북정동 블록,48330,10700,2,0000,0000,12646104,2지구토지구획정리지구,1,7,1,용도지역코드,1022,제2종일반주거지역,1,0,,제2종일반주거지역,20221008
경상남도 양산시 북정동 블록,48330,10700,2,0000,0000,12646106,2지구토지구획정리,30,3,1,용도지역코드,1022,제2종일반주거지역,1,0,,제2종일반주거지역,20221008
경상남도 양산시 북정동 블록,48330,10700,2,0000,0000,12644792,2지구,2,6,1,용도지역코드,1022,제2종일반주거지역,1,0,,제2종일반주거지역,20221008
경상남도 양산시 북정동 블록,48330,10700,2,0000,0000,12646471,북정2지구토지구획정리사업지구,36,1,1,용도지역코드,1022,제2종일반주거지역,1,0,,제2종일반주거지역,20221008
경상남도 양산시 북정동 블록,48330,10700,2,0000,0000,12646471,북정2지구토지구획정리사업지구,36,1,2,용도지구코드,340,토지구획정리사업지구,1,0,,토지구획정리사업지구,20221008
경상남도 양산시 북정동 블록,48330,10700,2,0000,0000,12646112,2지구토지구획정리지구,11,6-1,1,용도지역코드,1022,제2종일반주거지역,1,0,,제2종일반주거지역,20221008
경상남도 양산시 북정동 블록,48330,10700,2,0000,0000,12646112,2지구토지구획정리지구,11,6-1,2,용도지구코드,340,토지구획정리사업지구,1,0,,토지구획정리사업지구,20221008
경상남도 양산시 북정동 블록,48330,10700,2,0000,0000,12646131,북정2지구 토지구획정리지구,22,5,1,용도지역코드,1022,제2종일반주거지역,1,0,,제2종일반주거지역,20221008
경상남도 양산시 북정동 블록,48330,10700,2,0000,0000,12645242,북정2지구,36,6,1,용도지역코드,1022,제2종일반주거지역,1,0,,제2종일반주거지역,20221008
경상남도 양산시 북정동 블록,48330,10700,2,0000,0000,12645242,북정2지구,36,6,2,용도지구코드,340,토지구획정리사업지구,1,0,,토지구획정리사업지구,20221008
경상남도 양산시 북정동 블록,48330,10700,2,0000,0000,12644839,북정2지구토지구획정리지구,3,8-1,1,용도지역코드,1020,일반주거지역,1,0,,일반주거지역,20221008
경상남도 양산시 북정동 블록,48330,10700,2,0000,0000,12645253,경상남도양산시 북정동 475-1,30,5,1,용도지역코드,1020,일반주거지역,1,0,,일반주거지역,20221008
경상남도 양산시 북정동 블록,48330,10700,2,0000,0000,12645253,경상남도양산시 북정동 475-1,30,5,2,용도지구코드,340,토지구획정리사업지구,1,0,,토지구획정리사업지구,20221008
경상남도 양산시 북정동 블록,48330,10700,2,0000,0000,12645265,북정2지구 토지구획정리사업지구,4,1-1,1,용도지역코드,1022,제2종일반주거지역,1,0,,제2종일반주거지역,20221008
경상남도 양산시 북정동 블록,48330,10700,2,0000,0000,12645265,북정2지구 토지구획정리사업지구,4,1-1,2,용도지구코드,340,토지구획정리사업지구,1,0,,토지구획정리사업지구,20221008
경상남도 양산시 북정동 블록,48330,10700,2,0000,0000,12644839,북정2지구토지구획정리지구,3,8-1,2,용도지구코드,340,토지구획정리사업지구,1,0,,토지구획정리사업지구,20221008
경상남도 양산시 북정동 블록,48330,10700,2,0000,0000,12646516,북정2지구획정리지구,2-1,1,1,용도지역코드,1022,제2종일반주거지역,1,0,,제2종일반주거지역,20221008
경상남도 양산시 북정동 블록,48330,10700,2,0000,0000,12646518,북정2지구토지구획정리사업지구,35,10,1,용도지역코드,1022,제2종일반주거지역,1,0,,제2종일반주거지역,20221008
경상남도 양산시 북정동 블록,48330,10700,2,0000,0000,12646518,북정2지구토지구획정리사업지구,35,10,2,용도지구코드,340,토지구획정리사업지구,1,0,,토지구획정리사업지구,20221008
경상남도 양산시 북정동 블록,48330,10700,2,0000,0000,12645570,북정2지구토지구획정리사업지구내,27,3-2,1,용도지역코드,1022,제2종일반주거지역,1,0,,제2종일반주거지역,20221008
경상남도 양산시 북정동 블록,48330,10700,2,0000,0000,12645573,북정2지구토지구획정리지구,1-1,3-3,1,용도지역코드,1022,제2종일반주거지역,1,0,,제2종일반주거지역,20221008
경상남도 양산시 북정동 블록,48330,10700,2,0000,0000,12645580,경상남도 양산시 북정2지구 토지구획정리지구,11,4,1,용도지역코드,1020,일반주거지역,1,0,,일반주거지역,20221008
경상남도 양산시 북정동 블록,48330,10700,2,0000,0000,12645308,북정2지구 토지구획정리 사업지구,25,6,1,용도지역코드,1022,제2종일반주거지역,1,0,,제2종일반주거지역,20221008
경상남도 양산시 북정동 블록,48330,10700,2,0000,0000,12645776,2지구토지구획정리,37,7,1,용도지역코드,1022,제2종일반주거지역,1,0,,제2종일반주거지역,20221008
경상남도 양산시 북정동 블록,48330,10700,2,0000,0000,12645783,북정2지구정리지구,16,5,1,용도지역코드,1020,일반주거지역,1,0,,일반주거지역,20221008
경상남도 양산시 북정동 블록,48330,10700,2,0000,0000,12646288,북정2지구토지구획정리사업지구,32,5,1,용도지역코드,1020,일반주거지역,1,0,,일반주거지역,20221008
경상남도 양산시 북정동 블록,48330,10700,2,0000,0000,12643697,북정2지구구획정리사업지구내,13,1B3L,1,용도지역코드,1020,일반주거지역,1,0,,일반주거지역,20221008
경상남도 양산시 북정동 블록,48330,10700,2,0000,0000,12645616,북정2지구 토지구획정리사업지구,1-1,1,1,용도지역코드,1022,제2종일반주거지역,1,0,,제2종일반주거지역,20221008
경상남도 양산시 북정동 블록,48330,10700,2,0000,0000,12645622,2지구토지구획지구,25,13,1,용도지역코드,1022,제2종일반주거지역,1,0,,제2종일반주거지역,20221008
경상남도 양산시 북정동 블록,48330,10700,2,0000,0000,12646361,북정2지구토지구획정리사업지구,17,4-3,1,용도지역코드,1022,제2종일반주거지역,1,0,,제2종일반주거지역,20221008
경상남도 양산시 북정동 블록,48330,10700,2,0000,0000,12646361,북정2지구토지구획정리사업지구,17,4-3,3,용도구역코드,080,도시개발예정구역,1,0,,도시개발예정구역,20221008
경상남도 양산시 북정동 블록,48330,10700,2,0000,0000,12646366,북정2지구 토지구획정리사업지구내,27,4,1,용도지역코드,1022,제2종일반주거지역,1,0,,제2종일반주거지역,20221008
경상남도 양산시 북정동 블록,48330,10700,2,0000,0000,12645533,북정2지구 구획정리사업지구,25,1,1,용도지역코드,1020,일반주거지역,1,0,,일반주거지역,20221008
경상남도 양산시 북정동 블록,48330,10700,2,0000,0000,12645533,북정2지구 구획정리사업지구,25,1,2,용도지구코드,340,토지구획정리사업지구,1,0,,토지구획정리사업지구,20221008
경상남도 양산시 북정동 블록,48330,10700,2,0000,0000,12645695,북정2지구토지구획정리사업지구,25,9,1,용도지역코드,1022,제2종일반주거지역,1,0,,제2종일반주거지역,20221008
경상남도 양산시 북정동 블록,48330,10700,2,0000,0000,12645695,북정2지구토지구획정리사업지구,25,9,3,용도구역코드,130,토지구획정리사업구역,1,0,,토지구획정리사업구역,20221008
경상남도 양산시 북정동 블록,48330,10700,2,0000,0000,12645709,북정2지구 토지구획정리사업지구내,22,4,1,용도지역코드,1020,일반주거지역,1,0,,일반주거지역,20221008
경상남도 양산시 북정동 블록,48330,10700,2,0000,0000,12646575,북정2지구구획정리지구,21-1,1,1,용도지역코드,1020,일반주거지역,1,0,,일반주거지역,20221008
경상남도 양산시 북정동 블록,48330,10700,2,0000,0000,12645915,북정2지구토지구획정리사업지구,1,2-3,1,용도지역코드,1022,제2종일반주거지역,1,0,,제2종일반주거지역,20221008
경상남도 양산시 북정동 블록1번지,48330,10700,2,0001,0000,12644203,구획정리사업지구,1,2-1,1,용도지역코드,1020,일반주거지역,1,0,,일반주거지역,20221008
경상남도 양산시 북정동 블록1-2번지,48330,10700,2,0001,0002,12644266,북정2지구 구획정리사업지구 1블럭2-1놋트,,,1,용도지역코드,1020,일반주거지역,1,0,,일반주거지역,20221008
경상남도 양산시 북정동 블록1-4번지,48330,10700,2,0001,0004,12643000,,,,1,용도지역코드,1020,일반주거지역,1,0,,일반주거지역,20221008
경상남도 양산시 북정동 블록1-4번지,48330,10700,2,0001,0004,12643019,,,,1,용도지역코드,1020,일반주거지역,1,0,,일반주거지역,20221008
경상남도 양산시 북정동 블록1-8번지,48330,10700,2,0001,0008,12641208,1블럭 8놋트,,,1,용도지역코드,1020,일반주거지역,1,0,,일반주거지역,20221008
경상남도 양산시 북정동 블록2-1번지,48330,10700,2,0002,0001,12644656,북정2지구,2,1,1,용도지역코드,1020,일반주거지역,1,0,,일반주거지역,20221008
경상남도 양산시 북정동 블록2-2번지,48330,10700,2,0002,0002,12645128,북정2지구토지구획정리사업지구,2,2,1,용도지역코드,1022,제2종일반주거지역,1,0,,제2종일반주거지역,20221008
경상남도 양산시 북정동 블록2-3번지,48330,10700,2,0002,0003,12642600,,,,1,용도지역코드,1020,일반주거지역,1,0,,일반주거지역,20221008
경상남도 양산시 북정동 블록2-4번지,48330,10700,2,0002,0004,12644886,북정2지구 토지구획정리사업지구,2,4,1,용도지역코드,1020,일반주거지역,1,0,,일반주거지역,20221008
경상남도 양산시 북정동 블록2-4번지,48330,10700,2,0002,0004,12644886,북정2지구 토지구획정리사업지구,2,4,2,용도지구코드,340,토지구획정리사업지구,1,0,,토지구획정리사업지구,20221008
경상남도 양산시 북정동 블록2-6번지,48330,10700,2,0002,0006,12642072,,,,1,용도지역코드,1020,일반주거지역,1,0,,일반주거지역,20221008
경상남도 양산시 북정동 블록2-8번지,48330,10700,2,0002,0008,12645593,북정2지구,2,8,1,용도지역코드,1022,제2종일반주거지역,1,0,,제2종일반주거지역,20221008
경상남도 양산시 북정동 블록3-2번지,48330,10700,2,0003,0002,12644224,3B 2L,,,1,용도지역코드,1020,일반주거지역,1,0,,일반주거지역,20221008
경상남도 양산시 북정동 블록3-2번지,48330,10700,2,0003,0002,12644224,3B 2L,,,2,용도지구코드,340,토지구획정리사업지구,1,0,,토지구획정리사업지구,20221008
경상남도 양산시 북정동 블록3-6번지,48330,10700,2,0003,0006,12645615,토지구획정리사업지구,3,6,1,용도지역코드,1022,제2종일반주거지역,1,0,,제2종일반주거지역,20221008
경상남도 양산시 북정동 블록3-6번지,48330,10700,2,0003,0006,12645615,토지구획정리사업지구,3,6,2,용도지구코드,340,토지구획정리사업지구,1,0,,토지구획정리사업지구,20221008
경상남도 양산시 북정동 블록4-2번지,48330,10700,2,0004,0002,12645140,북정2지구 4b 2l,,,1,용도지역코드,1022,제2종일반주거지역,1,0,,제2종일반주거지역,20221008
경상남도 양산시 북정동 블록4-2번지,48330,10700,2,0004,0002,12645140,북정2지구 4b 2l,,,2,용도지구코드,340,토지구획정리사업지구,1,0,,토지구획정리사업지구,20221008
경상남도 양산시 북정동 블록4-2번지,48330,10700,2,0004,0002,12641721,,,,1,용도지역코드,1020,일반주거지역,1,0,,일반주거지역,20221008
경상남도 양산시 북정동 블록4-5번지,48330,10700,2,0004,0005,12645780,북정2지구토지구획정리사업지구,,,1,용도지역코드,1020,일반주거지역,1,0,,일반주거지역,20221008
경상남도 양산시 북정동 블록6-2번지,48330,10700,2,0006,0002,12642596,,,,1,용도지역코드,1020,일반주거지역,1,0,,일반주거지역,20221008
경상남도 양산시 북정동 블록7-6번지,48330,10700,2,0007,0006,12644921,7블럭6롯트,7,6,1,용도지역코드,1022,제2종일반주거지역,1,0,,제2종일반주거지역,20221008
경상남도 양산시 북정동 블록13-1번지,48330,10700,2,0013,0001,12645072,북정2지구 토지구획정리지구,31,1,1,용도지역코드,1022,제2종일반주거지역,1,0,,제2종일반주거지역,20221008
경상남도 양산시 북정동 블록13-1번지,48330,10700,2,0013,0001,12645072,북정2지구 토지구획정리지구,31,1,2,용도지구코드,340,토지구획정리사업지구,1,0,,토지구획정리사업지구,20221008
경상남도 양산시 북정동 블록26-14번지,48330,10700,2,0026,0014,12645088,2지구토지구획정리,26,14,1,용도지역코드,1022,제2종일반주거지역,1,0,,제2종일반주거지역,20221008
경상남도 양산시 북정동 블록26-14번지,48330,10700,2,0026,0014,12644738,2지구 토지구획정리지구,26,14,1,용도지역코드,1022,제2종일반주거지역,1,0,,제2종일반주거지역,20221008
경상남도 양산시 북정동 블록26-23번지,48330,10700,2,0026,0023,12644776,2지구 토지구획정리지구,26,13,1,용도지역코드,1022,제2종일반주거지역,1,0,,제2종일반주거지역,20221008
경상남도 양산시 북정동 블록31-1번지,48330,10700,2,0031,0001,12645087,북정2지구 토지구획정리지구,31,1,1,용도지역코드,1022,제2종일반주거지역,1,0,,제2종일반주거지역,20221008
경상남도 양산시 북정동 블록31-1번지,48330,10700,2,0031,0001,12645087,북정2지구 토지구획정리지구,31,1,2,용도지구코드,340,토지구획정리사업지구,1,0,,토지구획정리사업지구,20221008
경상남도 양산시 북정동 블록31-5번지,48330,10700,2,0031,0005,12644653,북정2지구구획정리사업지구,,,1,용도지역코드,1022,제2종일반주거지역,1,0,,제2종일반주거지역,20221008
경상남도 양산시 북정동 블록31-5번지,48330,10700,2,0031,0005,12644653,북정2지구구획정리사업지구,,,2,용도지구코드,340,토지구획정리사업지구,1,0,,토지구획정리사업지구,20221008
경상남도 양산시 북정동 블록31-5번지,48330,10700,2,0031,0005,12646178,경상남도 양산시 북정동,31,5,1,용도지역코드,1012,제2종전용주거지역,1,0,,제2종 전용주거지역,20221008
경상남도 양산시 북정동 블록32-2번지,48330,10700,2,0032,0002,12644669,북정 2지구,32,2,1,용도지역코드,1022,제2종일반주거지역,1,0,,제2종일반주거지역,20221008
경상남도 양산시 북정동 블록36-5번지,48330,10700,2,0036,0005,12644634,,,,1,용도지역코드,1020,일반주거지역,1,0,,일반주거지역,20221008
경상남도 양산시 북정동 블록36-16번지,48330,10700,2,0036,0016,12641073,36B 16L,,,1,용도지역코드,1020,일반주거지역,1,0,,일반주거지역,20221008
경상남도 양산시 북정동 142-2번지,48330,10700,,0142,0002,12642826,,,,1,용도지역코드,1220,일반공업지역,1,0,,일반공업지역,20221008
경상남도 양산시 북정동 422번지,48330,10700,,0422,0000,12643496,,,,1,용도지역코드,1020,일반주거지역,1,0,,일반주거지역,20221008
경상남도 양산시 북정동 572-4번지,48330,10700,,0572,0004,12643449,,,,1,용도지역코드,1020,일반주거지역,1,0,,일반주거지역,20221008
