대지위치,시군구코드,법정동코드,대지구분코드,번,지,관리허가대장PK,특수지명,블록,로트,지역지구구역구분코드,지역지구구역구분코드명,지역지구구역코드,지역지구구역코드명,대표여부,주동구분코드,주동구분코드명,지역지구구역명,생성일자
경상남도 양산시 하북면 순지리 ,48330,34021,0,0000,0000,12643302,14B 4-2L,,,1,용도지역코드,1020,일반주거지역,1,0,,일반주거지역,20221008
경상남도 양산시 하북면 순지리 ,48330,34021,0,0000,0000,12643302,14B 4-2L,,,2,용도지구코드,112,최고고도지구,1,0,,최고고도지구,20221008
경상남도 양산시 하북면 순지리 ,48330,34021,0,0000,0000,12643349,하북토지구획정리지구내 6블럭6놋트,,,1,용도지역코드,1030,준주거지역,1,0,,준주거지역,20221008
경상남도 양산시 하북면 순지리 ,48330,34021,0,0000,0000,12643349,하북토지구획정리지구내 6블럭6놋트,,,2,용도지구코드,112,최고고도지구,1,0,,최고고도지구,20221008
경상남도 양산시 하북면 순지리 1번지,48330,34021,0,0001,0000,12641096,1번지,,,1,용도지역코드,Z200,준농림지역,1,0,,준농림지역,20221008
경상남도 양산시 하북면 순지리 1번지,48330,34021,0,0001,0000,12641746,,,,1,용도지역코드,Z200,준농림지역,1,0,,준농림지역,20221008
경상남도 양산시 하북면 순지리 1-6번지,48330,34021,0,0001,0006,1264100111396,,,,1,용도지역코드,UQA430,자연녹지지역,1,0,,자연녹지지역,20221008
경상남도 양산시 하북면 순지리 1-6번지,48330,34021,0,0001,0006,1264100111396,,,,1,용도지역코드,UM2100,공장설립승인지역,0,0,,공장설립승인지역,20221008
경상남도 양산시 하북면 순지리 1-6번지,48330,34021,0,0001,0006,1264100111396,,,,3,용도구역코드,UMZ100,가축사육제한구역,1,0,,가축사육제한구역,20221008
경상남도 양산시 하북면 순지리 2번지,48330,34021,0,0002,0000,1000000000000000820700,,,,3,용도구역코드,UMZ100,가축사육제한구역,1,0,,가축사육제한구역,20251014
경상남도 양산시 하북면 순지리 2번지,48330,34021,0,0002,0000,1000000000000000820700,,,,1,용도지역코드,UQA430,자연녹지지역,1,0,,자연녹지지역,20251014
경상남도 양산시 하북면 순지리 2번지,48330,34021,0,0002,0000,1000000000000000308892,,,,1,용도지역코드,UM2100,공장설립승인지역,0,0,,공장설립승인지역,20230605
경상남도 양산시 하북면 순지리 2번지,48330,34021,0,0002,0000,1000000000000000308892,,,,1,용도지역코드,UQA430,자연녹지지역,1,0,,자연녹지지역,20230605
경상남도 양산시 하북면 순지리 2번지,48330,34021,0,0002,0000,1000000000000000308892,,,,3,용도구역코드,UMZ100,가축사육제한구역,1,0,,가축사육제한구역,20230605
경상남도 양산시 하북면 순지리 2번지,48330,34021,0,0002,0000,1000000000000000180189,,,,3,용도구역코드,UMZ100,가축사육제한구역,1,0,,가축사육제한구역,20230831
경상남도 양산시 하북면 순지리 2번지,48330,34021,0,0002,0000,1000000000000000180189,,,,1,용도지역코드,UQA430,자연녹지지역,1,0,,자연녹지지역,20230831
경상남도 양산시 하북면 순지리 2번지,48330,34021,0,0002,0000,1000000000000000308740,,,,1,용도지역코드,UM2100,공장설립승인지역,0,0,,공장설립승인지역,20230605
경상남도 양산시 하북면 순지리 2번지,48330,34021,0,0002,0000,1000000000000000308740,,,,1,용도지역코드,UQA430,자연녹지지역,1,0,,자연녹지지역,20230605
경상남도 양산시 하북면 순지리 2번지,48330,34021,0,0002,0000,1000000000000000210827,,,,1,용도지역코드,UM2100,공장설립승인지역,0,0,,공장설립승인지역,20230109
경상남도 양산시 하북면 순지리 2번지,48330,34021,0,0002,0000,1000000000000000210827,,,,1,용도지역코드,UQA430,자연녹지지역,1,0,,자연녹지지역,20230109
경상남도 양산시 하북면 순지리 2번지,48330,34021,0,0002,0000,1000000000000000210827,,,,3,용도구역코드,UMZ100,가축사육제한구역,1,0,,가축사육제한구역,20230109
경상남도 양산시 하북면 순지리 2번지,48330,34021,0,0002,0000,1000000000000000180169,,,,1,용도지역코드,UQA430,자연녹지지역,1,0,,자연녹지지역,20221128
경상남도 양산시 하북면 순지리 2번지,48330,34021,0,0002,0000,1000000000000000180169,,,,3,용도구역코드,UMZ100,가축사육제한구역,1,0,,가축사육제한구역,20221128
경상남도 양산시 하북면 순지리 2번지,48330,34021,0,0002,0000,1000000000000000124229,,,,1,용도지역코드,UM2100,공장설립승인지역,0,0,,공장설립승인지역,20221110
경상남도 양산시 하북면 순지리 2번지,48330,34021,0,0002,0000,1000000000000000124229,,,,3,용도구역코드,UMZ100,가축사육제한구역,1,0,,가축사육제한구역,20221110
경상남도 양산시 하북면 순지리 2번지,48330,34021,0,0002,0000,1000000000000000124229,,,,1,용도지역코드,UQA430,자연녹지지역,1,0,,자연녹지지역,20221110
경상남도 양산시 하북면 순지리 2-18번지,48330,34021,0,0002,0018,12649421,,,,1,용도지역코드,1330,자연녹지지역,1,0,,자연녹지지역,20221008
경상남도 양산시 하북면 순지리 2-45번지,48330,34021,0,0002,0045,1264100006325,,,,1,용도지역코드,1330,자연녹지지역,1,0,,자연녹지지역,20221008
경상남도 양산시 하북면 순지리 2-46번지,48330,34021,0,0002,0046,1264100006326,,,,1,용도지역코드,1330,자연녹지지역,1,0,,자연녹지지역,20221008
경상남도 양산시 하북면 순지리 8-4번지,48330,34021,0,0008,0004,1000000000000000148513,,,,1,용도지역코드,UQA430,자연녹지지역,1,0,,자연녹지지역,20230728
경상남도 양산시 하북면 순지리 8-4번지,48330,34021,0,0008,0004,1000000000000000148513,,,,3,용도구역코드,UMZ100,가축사육제한구역,1,0,,가축사육제한구역,20230728
경상남도 양산시 하북면 순지리 9번지,48330,34021,0,0009,0000,12641192,경상남도 양산시 하북면 순지리,9,,1,용도지역코드,Z200,준농림지역,1,0,,준농림지역,20221008
경상남도 양산시 하북면 순지리 10-1번지,48330,34021,0,0010,0001,12647359,,,,1,용도지역코드,1330,자연녹지지역,1,0,,자연녹지지역,20221008
경상남도 양산시 하북면 순지리 13번지,48330,34021,0,0013,0000,12643780,,,,1,용도지역코드,0100,도시지역,1,0,,도시지역,20221008
경상남도 양산시 하북면 순지리 14번지,48330,34021,0,0014,0000,1264100034192,,,,1,용도지역코드,UQA430,자연녹지지역,1,0,,자연녹지지역,20221008
경상남도 양산시 하북면 순지리 17번지,48330,34021,0,0017,0000,1000000000000000458238,,,,1,용도지역코드,UQA430,자연녹지지역,1,0,,자연녹지지역,20240208
경상남도 양산시 하북면 순지리 17번지,48330,34021,0,0017,0000,1264100154630,,,,1,용도지역코드,UQA430,자연녹지지역,1,0,,자연녹지지역,20221008
경상남도 양산시 하북면 순지리 17번지,48330,34021,0,0017,0000,1264100148012,,,,1,용도지역코드,UQA430,자연녹지지역,1,0,,자연녹지지역,20221008
경상남도 양산시 하북면 순지리 17번지,48330,34021,0,0017,0000,1264100148012,,,,1,용도지역코드,UQD001,자연환경보전지역,0,0,,자연환경보전지역,20221008
경상남도 양산시 하북면 순지리 17번지,48330,34021,0,0017,0000,1264100148011,,,,1,용도지역코드,UQA430,자연녹지지역,1,0,,자연녹지지역,20221008
경상남도 양산시 하북면 순지리 17번지,48330,34021,0,0017,0000,1264100151671,,,,1,용도지역코드,UQA430,자연녹지지역,1,0,,자연녹지지역,20221008
경상남도 양산시 하북면 순지리 17번지,48330,34021,0,0017,0000,12643408,,,,1,용도지역코드,Z100,준도시지역,1,0,,준도시지역,20221008
경상남도 양산시 하북면 순지리 19-5번지,48330,34021,0,0019,0005,1000000000000000195010,,,,1,용도지역코드,UQA430,자연녹지지역,1,0,,자연녹지지역,20221214
경상남도 양산시 하북면 순지리 19-5번지,48330,34021,0,0019,0005,1000000000000000195010,,,,3,용도구역코드,UMZ100,가축사육제한구역,1,0,,가축사육제한구역,20221214
경상남도 양산시 하북면 순지리 19-5번지,48330,34021,0,0019,0005,1264100152750,,,,1,용도지역코드,UQA430,자연녹지지역,1,0,,자연녹지지역,20221008
경상남도 양산시 하북면 순지리 19-5번지,48330,34021,0,0019,0005,1264100152750,,,,3,용도구역코드,UMZ100,가축사육제한구역,1,0,,가축사육제한구역,20221008
경상남도 양산시 하북면 순지리 19-6번지,48330,34021,0,0019,0006,1264100155912,,,,1,용도지역코드,UQA430,자연녹지지역,1,0,,자연녹지지역,20221205
경상남도 양산시 하북면 순지리 19-6번지,48330,34021,0,0019,0006,1264100155912,,,,1,용도지역코드,UMZ100,가축사육제한구역,0,0,,가축사육제한구역,20221205
경상남도 양산시 하북면 순지리 19-8번지,48330,34021,0,0019,0008,1264100155931,,,,1,용도지역코드,UQA430,자연녹지지역,1,0,,자연녹지지역,20221128
경상남도 양산시 하북면 순지리 19-8번지,48330,34021,0,0019,0008,1264100155931,,,,1,용도지역코드,UMZ100,가축사육제한구역,0,0,,가축사육제한구역,20221128
경상남도 양산시 하북면 순지리 19-8번지,48330,34021,0,0019,0008,12643761,토지구획정리사업지구19블럭8-2놋트,19,8-2,1,용도지역코드,1022,제2종일반주거지역,1,0,,제2종일반주거지역,20221008
경상남도 양산시 하북면 순지리 21번지,48330,34021,0,0021,0000,1264123,,,,1,용도지역코드,1400,관광휴양지역,1,0,,관광휴양지역,20221008
경상남도 양산시 하북면 순지리 48번지,48330,34021,0,0048,0000,12642753,,,,1,용도지역코드,1330,자연녹지지역,1,0,,자연녹지지역,20221008
경상남도 양산시 하북면 순지리 48-2번지,48330,34021,0,0048,0002,1264100081659,,,,1,용도지역코드,UQA430,자연녹지지역,1,0,,자연녹지지역,20221008
경상남도 양산시 하북면 순지리 61-1번지,48330,34021,0,0061,0001,1264878,경상남도 양산시 하북면 순지리,61,1,1,용도지역코드,1330,자연녹지지역,1,0,,자연녹지지역,20221008
경상남도 양산시 하북면 순지리 66-3번지,48330,34021,0,0066,0003,1264100100514,,,,1,용도지역코드,UQA430,자연녹지지역,1,0,,자연녹지지역,20221008
경상남도 양산시 하북면 순지리 66-3번지,48330,34021,0,0066,0003,1264100100514,,,,3,용도구역코드,UOA120,상대보호구역,1,0,,상대보호구역,20221008
경상남도 양산시 하북면 순지리 69-1번지,48330,34021,0,0069,0001,1264769,경상남도 양산시 하북면 순지리,69,1,1,용도지역코드,1020,일반주거지역,1,0,,일반주거지역,20221008
경상남도 양산시 하북면 순지리 78-4번지,48330,34021,0,0078,0004,1000000000000000248407,,,,1,용도지역코드,UQA122,제2종일반주거지역,1,0,,제2종일반주거지역,20230322
경상남도 양산시 하북면 순지리 78-4번지,48330,34021,0,0078,0004,1000000000000000248407,,,,1,용도지역코드,UQA430,자연녹지지역,0,0,,자연녹지지역,20230322
경상남도 양산시 하북면 순지리 78-4번지,48330,34021,0,0078,0004,1000000000000000248407,,,,3,용도구역코드,UOA120,상대보호구역,1,0,,상대보호구역,20230322
경상남도 양산시 하북면 순지리 78-4번지,48330,34021,0,0078,0004,1264100146003,,,,1,용도지역코드,UQA430,자연녹지지역,0,0,,자연녹지지역,20221103
경상남도 양산시 하북면 순지리 78-4번지,48330,34021,0,0078,0004,1264100146003,,,,1,용도지역코드,UQA122,제2종일반주거지역,1,0,,제2종일반주거지역,20221103
경상남도 양산시 하북면 순지리 78-4번지,48330,34021,0,0078,0004,1264100146003,,,,3,용도구역코드,UOA120,상대보호구역,1,0,,상대보호구역,20221103
경상남도 양산시 하북면 순지리 78-4번지,48330,34021,0,0078,0004,1264100146003,,,,3,용도구역코드,UMZ100,가축사육제한구역,0,0,,가축사육제한구역,20221103
경상남도 양산시 하북면 순지리 78-4번지,48330,34021,0,0078,0004,1264100059653,,,,1,용도지역코드,UQA122,제2종일반주거지역,1,0,,제2종일반주거지역,20221008
경상남도 양산시 하북면 순지리 78-4번지,48330,34021,0,0078,0004,1264100059653,,,,1,용도지역코드,UQA430,자연녹지지역,0,0,,자연녹지지역,20221008
경상남도 양산시 하북면 순지리 82-8번지,48330,34021,0,0082,0008,1264100022242,,,,1,용도지역코드,UQA122,제2종일반주거지역,1,0,,제2종일반주거지역,20221008
경상남도 양산시 하북면 순지리 82-8번지,48330,34021,0,0082,0008,1264100022242,,,,1,용도지역코드,UQA430,자연녹지지역,0,0,,자연녹지지역,20221008
경상남도 양산시 하북면 순지리 86-3번지,48330,34021,0,0086,0003,1264100153970,,,,1,용도지역코드,UQA430,자연녹지지역,1,0,,자연녹지지역,20221008
경상남도 양산시 하북면 순지리 86-3번지,48330,34021,0,0086,0003,1264100153970,,,,3,용도구역코드,UOA120,상대보호구역,1,0,,상대보호구역,20221008
경상남도 양산시 하북면 순지리 87-3번지,48330,34021,0,0087,0003,1264988,,,,1,용도지역코드,1020,일반주거지역,1,0,,일반주거지역,20221008
경상남도 양산시 하북면 순지리 89-5번지,48330,34021,0,0089,0005,1000000000000000523840,,,,1,용도지역코드,UQA430,자연녹지지역,1,0,,자연녹지지역,20240626
경상남도 양산시 하북면 순지리 89-5번지,48330,34021,0,0089,0005,1000000000000000523840,,,,3,용도구역코드,UMZ100,가축사육제한구역,0,0,,가축사육제한구역,20240626
경상남도 양산시 하북면 순지리 89-5번지,48330,34021,0,0089,0005,1000000000000000523840,,,,3,용도구역코드,UIA100,도로구역,1,0,,도로구역,20240626
경상남도 양산시 하북면 순지리 89-5번지,48330,34021,0,0089,0005,1264100074641,,,,1,용도지역코드,UQA430,자연녹지지역,1,0,,자연녹지지역,20221008
경상남도 양산시 하북면 순지리 89-5번지,48330,34021,0,0089,0005,1264100146884,,,,1,용도지역코드,UQA430,자연녹지지역,1,0,,자연녹지지역,20221008
경상남도 양산시 하북면 순지리 89-5번지,48330,34021,0,0089,0005,1264100146884,,,,3,용도구역코드,UMZ100,가축사육제한구역,1,0,,가축사육제한구역,20221008
경상남도 양산시 하북면 순지리 89-5번지,48330,34021,0,0089,0005,1264100146884,,,,3,용도구역코드,UOA120,상대보호구역,0,0,,상대보호구역,20221008
경상남도 양산시 하북면 순지리 89-5번지,48330,34021,0,0089,0005,1264100146884,,,,3,용도구역코드,UIA100,도로구역,0,0,,도로구역,20221008
경상남도 양산시 하북면 순지리 89-5번지,48330,34021,0,0089,0005,1264100017598,,,,1,용도지역코드,1330,자연녹지지역,1,0,,자연녹지지역,20221008
경상남도 양산시 하북면 순지리 89-5번지,48330,34021,0,0089,0005,1264100030076,,,,1,용도지역코드,UQA430,자연녹지지역,1,0,,자연녹지지역,20221008
경상남도 양산시 하북면 순지리 89-5번지,48330,34021,0,0089,0005,1264100045825,,,,1,용도지역코드,UQA430,자연녹지지역,1,0,,자연녹지지역,20221008
경상남도 양산시 하북면 순지리 89-5번지,48330,34021,0,0089,0005,1264100029489,,,,1,용도지역코드,UQA430,자연녹지지역,1,0,,자연녹지지역,20221008
경상남도 양산시 하북면 순지리 99-1번지,48330,34021,0,0099,0001,1264100029170,,,,1,용도지역코드,UQA430,자연녹지지역,1,0,,자연녹지지역,20221008
경상남도 양산시 하북면 순지리 99-1번지,48330,34021,0,0099,0001,1264100029170,,,,3,용도구역코드,UIA100,도로구역,1,0,,도로구역,20221008
경상남도 양산시 하북면 순지리 99-5번지,48330,34021,0,0099,0005,1264100079160,,,,1,용도지역코드,UQA430,자연녹지지역,1,0,,자연녹지지역,20221008
경상남도 양산시 하북면 순지리 99-5번지,48330,34021,0,0099,0005,1264100079160,,,,3,용도구역코드,UIA100,도로구역,1,0,,도로구역,20221008
경상남도 양산시 하북면 순지리 103번지,48330,34021,0,0103,0000,1000000000000000322698,,,,1,용도지역코드,UQA430,자연녹지지역,1,0,,자연녹지지역,20230622
경상남도 양산시 하북면 순지리 103번지,48330,34021,0,0103,0000,1000000000000000322698,,,,3,용도구역코드,UMZ100,가축사육제한구역,1,0,,가축사육제한구역,20230622
경상남도 양산시 하북면 순지리 118-3번지,48330,34021,0,0118,0003,1264100030400,,,,1,용도지역코드,UQA430,자연녹지지역,1,0,,자연녹지지역,20221008
경상남도 양산시 하북면 순지리 118-3번지,48330,34021,0,0118,0003,1264100030400,,,,3,용도구역코드,UIA100,도로구역,1,0,,도로구역,20221008
경상남도 양산시 하북면 순지리 118-3번지,48330,34021,0,0118,0003,1264100030400,,,,3,용도구역코드,UOA120,상대보호구역,0,0,,상대정화구역,20221008
경상남도 양산시 하북면 순지리 119-3번지,48330,34021,0,0119,0003,12643220,,,,1,용도지역코드,1020,일반주거지역,1,0,,일반주거지역,20221008
경상남도 양산시 하북면 순지리 123-1번지,48330,34021,0,0123,0001,1264273,,,,1,용도지역코드,1020,일반주거지역,1,0,,일반주거지역,20221008
경상남도 양산시 하북면 순지리 124-1번지,48330,34021,0,0124,0001,1264100100094,,,,1,용도지역코드,UQA122,제2종일반주거지역,1,0,,제2종일반주거지역,20221008
경상남도 양산시 하북면 순지리 124-4번지,48330,34021,0,0124,0004,12643187,,,,1,용도지역코드,1020,일반주거지역,1,0,,일반주거지역,20221008
경상남도 양산시 하북면 순지리 124-11번지,48330,34021,0,0124,0011,12647678,,,,1,용도지역코드,1022,제2종일반주거지역,1,0,,제2종일반주거지역,20221008
경상남도 양산시 하북면 순지리 124-11번지,48330,34021,0,0124,0011,12646088,,,,1,용도지역코드,1022,제2종일반주거지역,1,0,,제2종일반주거지역,20221008
경상남도 양산시 하북면 순지리 124-28번지,48330,34021,0,0124,0028,12641434,,,,1,용도지역코드,1330,자연녹지지역,1,0,,자연녹지지역,20221008
경상남도 양산시 하북면 순지리 124-30번지,48330,34021,0,0124,0030,1000000000000000602662,,,,3,용도구역코드,UOA120,상대보호구역,0,0,,상대보호구역,20241230
경상남도 양산시 하북면 순지리 124-30번지,48330,34021,0,0124,0030,1000000000000000602662,,,,2,용도지구코드,UQM110,자연취락지구,1,0,,자연취락지구,20241230
경상남도 양산시 하북면 순지리 124-30번지,48330,34021,0,0124,0030,1000000000000000602662,,,,3,용도구역코드,UMZ100,가축사육제한구역,1,0,,가축사육제한구역,20241230
경상남도 양산시 하북면 순지리 124-30번지,48330,34021,0,0124,0030,1000000000000000602662,,,,1,용도지역코드,UQA430,자연녹지지역,1,0,,자연녹지지역,20241230
경상남도 양산시 하북면 순지리 124-30번지,48330,34021,0,0124,0030,1264100133104,,,,1,용도지역코드,UQA430,자연녹지지역,1,0,,자연녹지지역,20221008
경상남도 양산시 하북면 순지리 124-30번지,48330,34021,0,0124,0030,1264100133104,,,,2,용도지구코드,UQM110,자연취락지구,1,0,,자연취락지구,20221008
경상남도 양산시 하북면 순지리 124-35번지,48330,34021,0,0124,0035,1000000000000000393220,,,,3,용도구역코드,UIA100,도로구역,1,0,,도로구역,20231021
경상남도 양산시 하북면 순지리 124-35번지,48330,34021,0,0124,0035,1000000000000000393220,,,,3,용도구역코드,UMZ100,가축사육제한구역,0,0,,가축사육제한구역,20231021
경상남도 양산시 하북면 순지리 124-35번지,48330,34021,0,0124,0035,1000000000000000393220,,,,1,용도지역코드,UQA122,제2종일반주거지역,1,0,,제2종일반주거지역,20231021
경상남도 양산시 하북면 순지리 124-35번지,48330,34021,0,0124,0035,1000000000000000393220,,,,3,용도구역코드,UOA120,상대보호구역,0,0,,상대보호구역,20231021
경상남도 양산시 하북면 순지리 125-5번지,48330,34021,0,0125,0005,12641006,경상남도 양산시 하북면 순지리,125,5,1,용도지역코드,1020,일반주거지역,1,0,,일반주거지역,20221008
경상남도 양산시 하북면 순지리 125-27번지,48330,34021,0,0125,0027,1264100134005,,,,1,용도지역코드,UQA122,제2종일반주거지역,1,0,,제2종일반주거지역,20221008
경상남도 양산시 하북면 순지리 125-27번지,48330,34021,0,0125,0027,1264100134005,,,,1,용도지역코드,UQA130,준주거지역,0,0,,준주거지역,20221008
경상남도 양산시 하북면 순지리 125-27번지,48330,34021,0,0125,0027,1264100134005,,,,3,용도구역코드,UOA120,상대보호구역,1,0,,상대보호구역,20221008
경상남도 양산시 하북면 순지리 125-69번지,48330,34021,0,0125,0069,1264100061921,,,,1,용도지역코드,UQA122,제2종일반주거지역,1,0,,제2종일반주거지역,20221008
경상남도 양산시 하북면 순지리 125-80번지,48330,34021,0,0125,0080,12646764,,,,1,용도지역코드,1022,제2종일반주거지역,1,0,,제2종일반주거지역,20221008
경상남도 양산시 하북면 순지리 125-80번지,48330,34021,0,0125,0080,12646764,,,,1,용도지역코드,1030,준주거지역,0,0,,준주거지역,20221008
경상남도 양산시 하북면 순지리 132-10번지,48330,34021,0,0132,0010,1264100086362,,,,1,용도지역코드,UQA430,자연녹지지역,1,0,,자연녹지지역,20221008
경상남도 양산시 하북면 순지리 134-1번지,48330,34021,0,0134,0001,1264100127243,,,,1,용도지역코드,UQA430,자연녹지지역,1,0,,자연녹지지역,20221008
경상남도 양산시 하북면 순지리 134-1번지,48330,34021,0,0134,0001,1264100016816,,,,1,용도지역코드,1330,자연녹지지역,1,0,,자연녹지지역,20221008
경상남도 양산시 하북면 순지리 134-4번지,48330,34021,0,0134,0004,1000000000000000462258,,,,3,용도구역코드,UOA120,상대보호구역,0,0,,상대보호구역,20240219
경상남도 양산시 하북면 순지리 134-4번지,48330,34021,0,0134,0004,1000000000000000462258,,,,3,용도구역코드,UMZ100,가축사육제한구역,1,0,,가축사육제한구역,20240219
경상남도 양산시 하북면 순지리 134-4번지,48330,34021,0,0134,0004,1000000000000000462258,,,,1,용도지역코드,UQA430,자연녹지지역,1,0,,자연녹지지역,20240219
경상남도 양산시 하북면 순지리 134-8번지,48330,34021,0,0134,0008,1264100144583,,,,1,용도지역코드,UQA430,자연녹지지역,1,0,,자연녹지지역,20221008
경상남도 양산시 하북면 순지리 134-8번지,48330,34021,0,0134,0008,1264100144583,,,,1,용도지역코드,UQA122,제2종일반주거지역,0,0,,제2종일반주거지역,20221008
경상남도 양산시 하북면 순지리 134-8번지,48330,34021,0,0134,0008,1264100144583,,,,2,용도지구코드,UQH100,고도지구,1,0,,고도지구,20221008
경상남도 양산시 하북면 순지리 134-8번지,48330,34021,0,0134,0008,1264100144583,,,,3,용도구역코드,UMZ100,가축사육제한구역,1,0,,가축사육제한구역,20221008
경상남도 양산시 하북면 순지리 134-8번지,48330,34021,0,0134,0008,12642661,,,,1,용도지역코드,1330,자연녹지지역,1,0,,자연녹지지역,20221008
경상남도 양산시 하북면 순지리 134-15번지,48330,34021,0,0134,0015,12644430,,,,1,용도지역코드,1330,자연녹지지역,1,0,,자연녹지지역,20221008
경상남도 양산시 하북면 순지리 134-15번지,48330,34021,0,0134,0015,12644430,,,,2,용도지구코드,990,기타지구,1,0,,기타지구,20221008
경상남도 양산시 하북면 순지리 134-15번지,48330,34021,0,0134,0015,12644430,,,,3,용도구역코드,990,기타구역,1,0,,기타구역,20221008
경상남도 양산시 하북면 순지리 140번지,48330,34021,0,0140,0000,12645488,,,,1,용도지역코드,1330,자연녹지지역,1,0,,자연녹지지역,20221008
경상남도 양산시 하북면 순지리 152-4번지,48330,34021,0,0152,0004,1264100022986,,,,1,용도지역코드,UQA430,자연녹지지역,1,0,,자연녹지지역,20221008
경상남도 양산시 하북면 순지리 162-8번지,48330,34021,0,0162,0008,12643298,,,,1,용도지역코드,1330,자연녹지지역,1,0,,자연녹지지역,20221008
경상남도 양산시 하북면 순지리 162-19번지,48330,34021,0,0162,0019,12641348,경상남도 양산시 하북면 순지리,162,19,1,용도지역코드,1330,자연녹지지역,1,0,,자연녹지지역,20221008
경상남도 양산시 하북면 순지리 162-19번지,48330,34021,0,0162,0019,1264694,,,,1,용도지역코드,1330,자연녹지지역,1,0,,자연녹지지역,20221008
경상남도 양산시 하북면 순지리 162-20번지,48330,34021,0,0162,0020,12644714,,,,1,용도지역코드,1330,자연녹지지역,1,0,,자연녹지지역,20221008
경상남도 양산시 하북면 순지리 162-20번지,48330,34021,0,0162,0020,12644714,,,,2,용도지구코드,011,자연취락지구,1,0,,자연취락지구,20221008
경상남도 양산시 하북면 순지리 162-20번지,48330,34021,0,0162,0020,1264100016060,,,,1,용도지역코드,1330,자연녹지지역,1,0,,자연녹지지역,20221008
경상남도 양산시 하북면 순지리 162-20번지,48330,34021,0,0162,0020,1264100016060,,,,2,용도지구코드,011,자연취락지구,1,0,,자연취락지구,20221008
경상남도 양산시 하북면 순지리 162-20번지,48330,34021,0,0162,0020,1264100016060,,,,3,용도구역코드,272,상대정화구역,1,0,,상대정화구역,20221008
경상남도 양산시 하북면 순지리 162-36번지,48330,34021,0,0162,0036,12643297,,,,1,용도지역코드,1330,자연녹지지역,1,0,,자연녹지지역,20221008
경상남도 양산시 하북면 순지리 162-36번지,48330,34021,0,0162,0036,12643297,,,,2,용도지구코드,011,자연취락지구,1,0,,자연취락지구,20221008
경상남도 양산시 하북면 순지리 166-2번지,48330,34021,0,0166,0002,1264716,,,,1,용도지역코드,1020,일반주거지역,1,0,,일반주거지역,20221008
경상남도 양산시 하북면 순지리 166-2번지,48330,34021,0,0166,0002,1264962,166-2,,,1,용도지역코드,1020,일반주거지역,1,0,,일반주거지역,20221008
경상남도 양산시 하북면 순지리 166-6번지,48330,34021,0,0166,0006,12645921,,,,1,용도지역코드,1022,제2종일반주거지역,1,0,,제2종일반주거지역,20221008
경상남도 양산시 하북면 순지리 166-6번지,48330,34021,0,0166,0006,12646610,,,,1,용도지역코드,1022,제2종일반주거지역,1,0,,제2종일반주거지역,20221008
경상남도 양산시 하북면 순지리 166-7번지,48330,34021,0,0166,0007,12643210,,,,1,용도지역코드,1020,일반주거지역,1,0,,일반주거지역,20221008
경상남도 양산시 하북면 순지리 166-9번지,48330,34021,0,0166,0009,12644172,,,,1,용도지역코드,1020,일반주거지역,1,0,,일반주거지역,20221008
경상남도 양산시 하북면 순지리 166-9번지,48330,34021,0,0166,0009,1264100124479,,,,1,용도지역코드,UQA122,제2종일반주거지역,1,0,,제2종일반주거지역,20221008
경상남도 양산시 하북면 순지리 166-9번지,48330,34021,0,0166,0009,12643291,,,,1,용도지역코드,1020,일반주거지역,1,0,,일반주거지역,20221008
경상남도 양산시 하북면 순지리 166-10번지,48330,34021,0,0166,0010,1264100046865,,,,3,용도구역코드,UOA120,상대보호구역,1,0,,상대정화구역,20221008
경상남도 양산시 하북면 순지리 166-10번지,48330,34021,0,0166,0010,1264100046865,,,,1,용도지역코드,UQA122,제2종일반주거지역,1,0,,제2종일반주거지역,20221008
경상남도 양산시 하북면 순지리 166-12번지,48330,34021,0,0166,0012,12641122,,,,1,용도지역코드,0100,도시지역,1,0,,도시지역,20221008
경상남도 양산시 하북면 순지리 166-12번지,48330,34021,0,0166,0012,12641122,,,,1,용도지역코드,1020,일반주거지역,0,0,,일반주거지역,20221008
경상남도 양산시 하북면 순지리 166-12번지,48330,34021,0,0166,0012,12648996,,,,1,용도지역코드,1022,제2종일반주거지역,1,0,,제2종일반주거지역,20221008
경상남도 양산시 하북면 순지리 166-27번지,48330,34021,0,0166,0027,1000000000000000675221,,,,1,용도지역코드,UQA122,제2종일반주거지역,0,0,,제2종일반주거지역,20250306
경상남도 양산시 하북면 순지리 166-27번지,48330,34021,0,0166,0027,1000000000000000675221,,,,1,용도지역코드,UQA430,자연녹지지역,1,0,,자연녹지지역,20250306
경상남도 양산시 하북면 순지리 166-27번지,48330,34021,0,0166,0027,1264100154452,,,,1,용도지역코드,UQA430,자연녹지지역,1,0,,자연녹지지역,20221008
경상남도 양산시 하북면 순지리 166-27번지,48330,34021,0,0166,0027,1264100154452,,,,1,용도지역코드,UQA122,제2종일반주거지역,0,0,,제2종일반주거지역,20221008
경상남도 양산시 하북면 순지리 166-27번지,48330,34021,0,0166,0027,1264100154452,,,,3,용도구역코드,UOA120,상대보호구역,1,0,,상대보호구역,20221008
경상남도 양산시 하북면 순지리 166-33번지,48330,34021,0,0166,0033,12645537,,,,1,용도지역코드,1022,제2종일반주거지역,1,0,,제2종일반주거지역,20221008
경상남도 양산시 하북면 순지리 166-56번지,48330,34021,0,0166,0056,12643712,,,,1,용도지역코드,1020,일반주거지역,1,0,,일반주거지역,20221008
경상남도 양산시 하북면 순지리 166-56번지,48330,34021,0,0166,0056,12643712,,,,2,용도지구코드,980,용도지구미지정,1,0,,용도지구미지정,20221008
경상남도 양산시 하북면 순지리 166-56번지,48330,34021,0,0166,0056,12643712,,,,3,용도구역코드,980,용도구역미지정,1,0,,용도구역미지정,20221008
경상남도 양산시 하북면 순지리 166-56번지,48330,34021,0,0166,0056,12643691,,,,1,용도지역코드,1020,일반주거지역,1,0,,일반주거지역,20221008
경상남도 양산시 하북면 순지리 166-56번지,48330,34021,0,0166,0056,12643691,,,,2,용도지구코드,980,용도지구미지정,1,0,,용도지구미지정,20221008
경상남도 양산시 하북면 순지리 166-56번지,48330,34021,0,0166,0056,12643691,,,,3,용도구역코드,980,용도구역미지정,1,0,,용도구역미지정,20221008
경상남도 양산시 하북면 순지리 166-63번지,48330,34021,0,0166,0063,12643080,,,,1,용도지역코드,1020,일반주거지역,1,0,,일반주거지역,20221008
경상남도 양산시 하북면 순지리 166-65번지,48330,34021,0,0166,0065,12645010,,,,1,용도지역코드,1022,제2종일반주거지역,1,0,,제2종일반주거지역,20221008
경상남도 양산시 하북면 순지리 166-69번지,48330,34021,0,0166,0069,12645779,,,,1,용도지역코드,1022,제2종일반주거지역,1,0,,제2종일반주거지역,20221008
경상남도 양산시 하북면 순지리 166-69번지,48330,34021,0,0166,0069,1264100012313,,,,1,용도지역코드,1022,제2종일반주거지역,1,0,,제2종일반주거지역,20221008
경상남도 양산시 하북면 순지리 166-71번지,48330,34021,0,0166,0071,1264100153431,,,,1,용도지역코드,UQA122,제2종일반주거지역,1,0,,제2종일반주거지역,20221008
경상남도 양산시 하북면 순지리 166-71번지,48330,34021,0,0166,0071,1264100009691,,,,1,용도지역코드,1022,제2종일반주거지역,1,0,,제2종일반주거지역,20221008
경상남도 양산시 하북면 순지리 170-1번지,48330,34021,0,0170,0001,1264100127282,,,,1,용도지역코드,UQA430,자연녹지지역,1,0,,자연녹지지역,20221008
경상남도 양산시 하북면 순지리 170-1번지,48330,34021,0,0170,0001,1264100127282,,,,3,용도구역코드,UOA120,상대보호구역,1,0,,상대보호구역,20221008
경상남도 양산시 하북면 순지리 170-5번지,48330,34021,0,0170,0005,1264100098194,,,,1,용도지역코드,UQA430,자연녹지지역,1,0,,자연녹지지역,20221008
경상남도 양산시 하북면 순지리 170-7번지,48330,34021,0,0170,0007,12645778,,,,1,용도지역코드,1330,자연녹지지역,1,0,,자연녹지지역,20221008
경상남도 양산시 하북면 순지리 170-7번지,48330,34021,0,0170,0007,1264100140784,,,,1,용도지역코드,UQA430,자연녹지지역,1,0,,자연녹지지역,20221008
경상남도 양산시 하북면 순지리 170-7번지,48330,34021,0,0170,0007,1264100140784,,,,3,용도구역코드,UMZ100,가축사육제한구역,1,0,,가축사육제한구역,20221008
경상남도 양산시 하북면 순지리 170-7번지,48330,34021,0,0170,0007,1264100140784,,,,3,용도구역코드,UOA120,상대보호구역,0,0,,상대보호구역,20221008
경상남도 양산시 하북면 순지리 172-2번지,48330,34021,0,0172,0002,1264100057969,,,,3,용도구역코드,UOA120,상대보호구역,1,0,,상대정화구역,20251120
경상남도 양산시 하북면 순지리 172-2번지,48330,34021,0,0172,0002,1264100057969,,,,1,용도지역코드,UQA430,자연녹지지역,1,0,,자연녹지지역,20251120
경상남도 양산시 하북면 순지리 172-4번지,48330,34021,0,0172,0004,1264436,,,,1,용도지역코드,1330,자연녹지지역,1,0,,자연녹지지역,20221008
경상남도 양산시 하북면 순지리 172-4번지,48330,34021,0,0172,0004,1264100062962,,,,1,용도지역코드,UQA430,자연녹지지역,1,0,,자연녹지지역,20221008
경상남도 양산시 하북면 순지리 172-4번지,48330,34021,0,0172,0004,1264100062962,,,,3,용도구역코드,UOA120,상대보호구역,1,0,,상대정화구역,20221008
경상남도 양산시 하북면 순지리 172-4번지,48330,34021,0,0172,0004,1264434,,,,1,용도지역코드,1330,자연녹지지역,1,0,,자연녹지지역,20221008
경상남도 양산시 하북면 순지리 172-4번지,48330,34021,0,0172,0004,1264437,,,,1,용도지역코드,1330,자연녹지지역,1,0,,자연녹지지역,20221008
경상남도 양산시 하북면 순지리 172-4번지,48330,34021,0,0172,0004,1264435,,,,1,용도지역코드,1330,자연녹지지역,1,0,,자연녹지지역,20221008
경상남도 양산시 하북면 순지리 172-5번지,48330,34021,0,0172,0005,12645492,,,,1,용도지역코드,1330,자연녹지지역,1,0,,자연녹지지역,20221008
경상남도 양산시 하북면 순지리 172-5번지,48330,34021,0,0172,0005,12641066,,,,1,용도지역코드,1330,자연녹지지역,1,0,,자연녹지지역,20221008
경상남도 양산시 하북면 순지리 172-6번지,48330,34021,0,0172,0006,1264100062961,,,,1,용도지역코드,UQA430,자연녹지지역,1,0,,자연녹지지역,20221008
경상남도 양산시 하북면 순지리 172-6번지,48330,34021,0,0172,0006,1264100062961,,,,3,용도구역코드,UOA120,상대보호구역,1,0,,상대정화구역,20221008
경상남도 양산시 하북면 순지리 172-8번지,48330,34021,0,0172,0008,1264100062963,,,,1,용도지역코드,UQA430,자연녹지지역,1,0,,자연녹지지역,20221008
경상남도 양산시 하북면 순지리 172-8번지,48330,34021,0,0172,0008,1264100062963,,,,3,용도구역코드,UOA120,상대보호구역,1,0,,상대정화구역,20221008
경상남도 양산시 하북면 순지리 172-9번지,48330,34021,0,0172,0009,1264100065041,,,,1,용도지역코드,UQA430,자연녹지지역,1,0,,자연녹지지역,20221008
경상남도 양산시 하북면 순지리 172-12번지,48330,34021,0,0172,0012,1000000000000000740987,,,,1,용도지역코드,UQA430,자연녹지지역,1,0,,자연녹지지역,20260826
경상남도 양산시 하북면 순지리 176-3번지,48330,34021,0,0176,0003,1000000000000000721864,,,,1,용도지역코드,UQA430,자연녹지지역,1,0,,자연녹지지역,20251202
경상남도 양산시 하북면 순지리 178번지,48330,34021,0,0178,0000,1000000000000000599991,,,,3,용도구역코드,UMZ100,가축사육제한구역,1,0,,가축사육제한구역,20260313
경상남도 양산시 하북면 순지리 178번지,48330,34021,0,0178,0000,1000000000000000599991,,,,1,용도지역코드,UQA430,자연녹지지역,1,0,,자연녹지지역,20260313
경상남도 양산시 하북면 순지리 178번지,48330,34021,0,0178,0000,1000000000000000882040,,,,2,용도지구코드,UQM110,자연취락지구,1,0,,자연취락지구,20260129
경상남도 양산시 하북면 순지리 178번지,48330,34021,0,0178,0000,1000000000000000882040,,,,1,용도지역코드,UQA430,자연녹지지역,1,0,,자연녹지지역,20260129
경상남도 양산시 하북면 순지리 178번지,48330,34021,0,0178,0000,1000000000000000882040,,,,3,용도구역코드,UMZ100,가축사육제한구역,1,0,,가축사육제한구역,20260129
경상남도 양산시 하북면 순지리 178번지,48330,34021,0,0178,0000,1264100158230,,,,3,용도구역코드,UMZ100,가축사육제한구역,1,0,,가축사육제한구역,20240924
경상남도 양산시 하북면 순지리 178번지,48330,34021,0,0178,0000,1264100158230,,,,1,용도지역코드,UQA430,자연녹지지역,1,0,,자연녹지지역,20240924
경상남도 양산시 하북면 순지리 179-9번지,48330,34021,0,0179,0009,12645971,,,,1,용도지역코드,1330,자연녹지지역,1,0,,자연녹지지역,20221008
경상남도 양산시 하북면 순지리 179-9번지,48330,34021,0,0179,0009,1264100082904,,,,1,용도지역코드,UQA430,자연녹지지역,1,0,,자연녹지지역,20221008
경상남도 양산시 하북면 순지리 179-9번지,48330,34021,0,0179,0009,12642075,경상남도 양산시 하북면 순지리,179,9,1,용도지역코드,1330,자연녹지지역,1,0,,자연녹지지역,20221008
경상남도 양산시 하북면 순지리 179-19번지,48330,34021,0,0179,0019,12645095,,,,1,용도지역코드,1330,자연녹지지역,1,0,,자연녹지지역,20221008
경상남도 양산시 하북면 순지리 187-5번지,48330,34021,0,0187,0005,1264100125901,,,,1,용도지역코드,UQA430,자연녹지지역,1,0,,자연녹지지역,20221008
경상남도 양산시 하북면 순지리 192번지,48330,34021,0,0192,0000,1264182,,,,1,용도지역코드,1330,자연녹지지역,1,0,,자연녹지지역,20221008
경상남도 양산시 하북면 순지리 195-2번지,48330,34021,0,0195,0002,12648172,,,,1,용도지역코드,1330,자연녹지지역,1,0,,자연녹지지역,20221008
경상남도 양산시 하북면 순지리 195-2번지,48330,34021,0,0195,0002,12648172,,,,3,용도구역코드,010,도시계획구역,1,0,,도시계획구역,20221008
경상남도 양산시 하북면 순지리 207-2번지,48330,34021,0,0207,0002,1264282,,,,1,용도지역코드,1330,자연녹지지역,1,0,,자연녹지지역,20221008
경상남도 양산시 하북면 순지리 207-2번지,48330,34021,0,0207,0002,12644515,,,,1,용도지역코드,1330,자연녹지지역,1,0,,자연녹지지역,20221008
경상남도 양산시 하북면 순지리 207-2번지,48330,34021,0,0207,0002,12644515,,,,1,용도지역코드,0700,취락지역,0,0,,취락지역,20221008
경상남도 양산시 하북면 순지리 207-2번지,48330,34021,0,0207,0002,1264100088521,,,,1,용도지역코드,UQA430,자연녹지지역,1,0,,자연녹지지역,20221008
경상남도 양산시 하북면 순지리 207-2번지,48330,34021,0,0207,0002,1264100088521,,,,1,용도지역코드,UM2100,공장설립승인지역,0,0,,공장설립승인지역,20221008
경상남도 양산시 하북면 순지리 207-2번지,48330,34021,0,0207,0002,1264100088521,,,,2,용도지구코드,UQM110,자연취락지구,1,0,,자연취락지구,20221008
경상남도 양산시 하북면 순지리 207-2번지,48330,34021,0,0207,0002,1264100020317,,,,1,용도지역코드,1330,자연녹지지역,1,0,,자연녹지지역,20221008
경상남도 양산시 하북면 순지리 207-2번지,48330,34021,0,0207,0002,1264100020317,,,,2,용도지구코드,011,자연취락지구,1,0,,자연취락지구,20221008
경상남도 양산시 하북면 순지리 207-3번지,48330,34021,0,0207,0003,1264100015234,,,,1,용도지역코드,1330,자연녹지지역,1,0,,자연녹지지역,20221008
경상남도 양산시 하북면 순지리 207-4번지,48330,34021,0,0207,0004,1264773,경상남도 양산시 하북면 순지리,207,4,1,용도지역코드,1330,자연녹지지역,1,0,,자연녹지지역,20221008
경상남도 양산시 하북면 순지리 207-4번지,48330,34021,0,0207,0004,1264975,경상남도 양산시 하북면 순지리,207,4,1,용도지역코드,1330,자연녹지지역,1,0,,자연녹지지역,20221008
경상남도 양산시 하북면 순지리 207-6번지,48330,34021,0,0207,0006,1264837,,,,1,용도지역코드,1330,자연녹지지역,1,0,,자연녹지지역,20221008
경상남도 양산시 하북면 순지리 207-6번지,48330,34021,0,0207,0006,12642162,,,,1,용도지역코드,1330,자연녹지지역,1,0,,자연녹지지역,20221008
경상남도 양산시 하북면 순지리 242번지,48330,34021,0,0242,0000,1264829,,,,1,용도지역코드,1330,자연녹지지역,1,0,,자연녹지지역,20221008
경상남도 양산시 하북면 순지리 246번지,48330,34021,0,0246,0000,1264100109656,,,,1,용도지역코드,UQA430,자연녹지지역,1,0,,자연녹지지역,20221008
경상남도 양산시 하북면 순지리 246번지,48330,34021,0,0246,0000,1264100109656,,,,1,용도지역코드,UM2100,공장설립승인지역,0,0,,공장설립승인지역,20221008
경상남도 양산시 하북면 순지리 246번지,48330,34021,0,0246,0000,1264100109656,,,,3,용도구역코드,UMZ100,가축사육제한구역,1,0,,가축사육제한구역,20221008
경상남도 양산시 하북면 순지리 246번지,48330,34021,0,0246,0000,1264100149271,,,,1,용도지역코드,UQA430,자연녹지지역,1,0,,자연녹지지역,20221008
경상남도 양산시 하북면 순지리 246번지,48330,34021,0,0246,0000,1264100131163,,,,1,용도지역코드,UQA430,자연녹지지역,1,0,,자연녹지지역,20221008
경상남도 양산시 하북면 순지리 246번지,48330,34021,0,0246,0000,1264100131163,,,,1,용도지역코드,UM2100,공장설립승인지역,0,0,,공장설립승인지역,20221008
경상남도 양산시 하북면 순지리 246번지,48330,34021,0,0246,0000,1264100131163,,,,3,용도구역코드,UMZ100,가축사육제한구역,1,0,,가축사육제한구역,20221008
경상남도 양산시 하북면 순지리 246번지,48330,34021,0,0246,0000,1264100131483,,,,1,용도지역코드,UQA430,자연녹지지역,1,0,,자연녹지지역,20221008
경상남도 양산시 하북면 순지리 246번지,48330,34021,0,0246,0000,1264100131483,,,,1,용도지역코드,UM2100,공장설립승인지역,0,0,,공장설립승인지역,20221008
경상남도 양산시 하북면 순지리 246번지,48330,34021,0,0246,0000,1264100122459,,,,1,용도지역코드,UQA430,자연녹지지역,1,0,,자연녹지지역,20221008
경상남도 양산시 하북면 순지리 246번지,48330,34021,0,0246,0000,1264100146004,,,,1,용도지역코드,UQA430,자연녹지지역,1,0,,자연녹지지역,20221008
경상남도 양산시 하북면 순지리 252-2번지,48330,34021,0,0252,0002,12648859,,,,1,용도지역코드,1330,자연녹지지역,1,0,,자연녹지지역,20221008
경상남도 양산시 하북면 순지리 259번지,48330,34021,0,0259,0000,1264100038613,,,,1,용도지역코드,UQA430,자연녹지지역,1,0,,자연녹지지역,20221008
경상남도 양산시 하북면 순지리 267번지,48330,34021,0,0267,0000,12647502,,,,1,용도지역코드,1330,자연녹지지역,1,0,,자연녹지지역,20221008
경상남도 양산시 하북면 순지리 272-3번지,48330,34021,0,0272,0003,1264100127242,,,,1,용도지역코드,UQA430,자연녹지지역,1,0,,자연녹지지역,20221008
경상남도 양산시 하북면 순지리 272-3번지,48330,34021,0,0272,0003,12644436,,,,1,용도지역코드,1330,자연녹지지역,1,0,,자연녹지지역,20221008
경상남도 양산시 하북면 순지리 272-3번지,48330,34021,0,0272,0003,12644436,,,,2,용도지구코드,990,기타지구,1,0,,기타지구,20221008
경상남도 양산시 하북면 순지리 272-3번지,48330,34021,0,0272,0003,12644436,,,,3,용도구역코드,990,기타구역,1,0,,기타구역,20221008
경상남도 양산시 하북면 순지리 272-3번지,48330,34021,0,0272,0003,1264100127241,,,,1,용도지역코드,UQA430,자연녹지지역,1,0,,자연녹지지역,20221008
경상남도 양산시 하북면 순지리 272-3번지,48330,34021,0,0272,0003,1264100029669,,,,1,용도지역코드,UQA430,자연녹지지역,1,0,,자연녹지지역,20221008
경상남도 양산시 하북면 순지리 272-3번지,48330,34021,0,0272,0003,126416,,,,1,용도지역코드,1330,자연녹지지역,1,0,,자연녹지지역,20221008
경상남도 양산시 하북면 순지리 272-4번지,48330,34021,0,0272,0004,12648488,,,,1,용도지역코드,1330,자연녹지지역,1,0,,자연녹지지역,20221008
경상남도 양산시 하북면 순지리 272-4번지,48330,34021,0,0272,0004,12648488,,,,2,용도지구코드,980,용도지구미지정,1,0,,용도지구미지정,20221008
경상남도 양산시 하북면 순지리 272-4번지,48330,34021,0,0272,0004,12648488,,,,3,용도구역코드,980,용도구역미지정,1,0,,용도구역미지정,20221008
경상남도 양산시 하북면 순지리 272-4번지,48330,34021,0,0272,0004,12648468,,,,1,용도지역코드,1330,자연녹지지역,1,0,,자연녹지지역,20221008
경상남도 양산시 하북면 순지리 272-4번지,48330,34021,0,0272,0004,12646337,,,,1,용도지역코드,1330,자연녹지지역,1,0,,자연녹지지역,20221008
경상남도 양산시 하북면 순지리 272-12번지,48330,34021,0,0272,0012,12648047,,,,1,용도지역코드,1330,자연녹지지역,1,0,,자연녹지지역,20221008
경상남도 양산시 하북면 순지리 272-12번지,48330,34021,0,0272,0012,12648047,,,,3,용도구역코드,010,도시계획구역,1,0,,도시계획구역,20221008
경상남도 양산시 하북면 순지리 272-12번지,48330,34021,0,0272,0012,1264100030698,,,,1,용도지역코드,UQA430,자연녹지지역,1,0,,자연녹지지역,20221008
경상남도 양산시 하북면 순지리 273-1번지,48330,34021,0,0273,0001,1264100098873,,,,1,용도지역코드,UQA430,자연녹지지역,1,0,,자연녹지지역,20221008
경상남도 양산시 하북면 순지리 274번지,48330,34021,0,0274,0000,1000000000000000840899,,,,1,용도지역코드,UQA430,자연녹지지역,1,0,,자연녹지지역,20260428
경상남도 양산시 하북면 순지리 274번지,48330,34021,0,0274,0000,1264100095087,,,,1,용도지역코드,UQA430,자연녹지지역,1,0,,자연녹지지역,20221008
경상남도 양산시 하북면 순지리 274번지,48330,34021,0,0274,0000,1264100065039,,,,1,용도지역코드,UQA430,자연녹지지역,1,0,,자연녹지지역,20221008
경상남도 양산시 하북면 순지리 274번지,48330,34021,0,0274,0000,12641140,274,,,1,용도지역코드,1330,자연녹지지역,1,0,,자연녹지지역,20221008
경상남도 양산시 하북면 순지리 301번지,48330,34021,0,0301,0000,1000000000000000674150,,,,1,용도지역코드,UQA430,자연녹지지역,1,0,,자연녹지지역,20250305
경상남도 양산시 하북면 순지리 301번지,48330,34021,0,0301,0000,1000000000000000674150,,,,3,용도구역코드,UMZ100,가축사육제한구역,1,0,,가축사육제한구역,20250305
경상남도 양산시 하북면 순지리 303-6번지,48330,34021,0,0303,0006,1000000000000000303362,,,,3,용도구역코드,UMZ100,가축사육제한구역,1,0,,가축사육제한구역,20230526
경상남도 양산시 하북면 순지리 303-6번지,48330,34021,0,0303,0006,1000000000000000303362,,,,1,용도지역코드,UQA430,자연녹지지역,1,0,,자연녹지지역,20230526
경상남도 양산시 하북면 순지리 303-6번지,48330,34021,0,0303,0006,1264100136123,,,,1,용도지역코드,UQA430,자연녹지지역,1,0,,자연녹지지역,20221008
경상남도 양산시 하북면 순지리 303-7번지,48330,34021,0,0303,0007,12644187,,,,1,용도지역코드,1330,자연녹지지역,1,0,,자연녹지지역,20221008
경상남도 양산시 하북면 순지리 339번지,48330,34021,0,0339,0000,1000000000000000666121,,,,3,용도구역코드,UMZ100,가축사육제한구역,1,0,,가축사육제한구역,20250218
경상남도 양산시 하북면 순지리 339번지,48330,34021,0,0339,0000,1000000000000000666121,,,,1,용도지역코드,UQA430,자연녹지지역,1,0,,자연녹지지역,20250218
경상남도 양산시 하북면 순지리 339번지,48330,34021,0,0339,0000,1264100131324,,,,1,용도지역코드,UQA430,자연녹지지역,1,0,,자연녹지지역,20221008
경상남도 양산시 하북면 순지리 339-1번지,48330,34021,0,0339,0001,1264100150892,,,,1,용도지역코드,UQA430,자연녹지지역,1,0,,자연녹지지역,20221008
경상남도 양산시 하북면 순지리 340번지,48330,34021,0,0340,0000,1264100144664,,,,1,용도지역코드,UQA430,자연녹지지역,1,0,,자연녹지지역,20221008
경상남도 양산시 하북면 순지리 360-1번지,48330,34021,0,0360,0001,1000000000000000283932,,,,3,용도구역코드,UMZ100,가축사육제한구역,1,0,,가축사육제한구역,20230428
경상남도 양산시 하북면 순지리 360-1번지,48330,34021,0,0360,0001,1000000000000000283932,,,,1,용도지역코드,UQA430,자연녹지지역,1,0,,자연녹지지역,20230428
경상남도 양산시 하북면 순지리 365번지,48330,34021,0,0365,0000,1264100110680,,,,1,용도지역코드,UQA430,자연녹지지역,1,0,,자연녹지지역,20221008
경상남도 양산시 하북면 순지리 391번지,48330,34021,0,0391,0000,1264100063479,,,,1,용도지역코드,UQA121,제1종일반주거지역,1,0,,제1종일반주거지역,20221008
경상남도 양산시 하북면 순지리 397-2번지,48330,34021,0,0397,0002,12644428,,,,1,용도지역코드,1330,자연녹지지역,1,0,,자연녹지지역,20221008
경상남도 양산시 하북면 순지리 397-2번지,48330,34021,0,0397,0002,12644428,,,,2,용도지구코드,990,기타지구,1,0,,기타지구,20221008
경상남도 양산시 하북면 순지리 397-2번지,48330,34021,0,0397,0002,12644428,,,,3,용도구역코드,010,도시계획구역,1,0,,도시계획구역,20221008
경상남도 양산시 하북면 순지리 397-2번지,48330,34021,0,0397,0002,12642832,,,,1,용도지역코드,1330,자연녹지지역,0,0,,자연녹지지역,20221008
경상남도 양산시 하북면 순지리 397-2번지,48330,34021,0,0397,0002,12642832,,,,1,용도지역코드,1020,일반주거지역,1,0,,일반주거지역,20221008
경상남도 양산시 하북면 순지리 401번지,48330,34021,0,0401,0000,12641678,,,,1,용도지역코드,1020,일반주거지역,1,0,,일반주거지역,20221008
경상남도 양산시 하북면 순지리 401번지,48330,34021,0,0401,0000,12641808,,,,1,용도지역코드,1020,일반주거지역,1,0,,일반주거지역,20221008
경상남도 양산시 하북면 순지리 401-2번지,48330,34021,0,0401,0002,12641725,,,,1,용도지역코드,1020,일반주거지역,1,0,,일반주거지역,20221008
경상남도 양산시 하북면 순지리 402번지,48330,34021,0,0402,0000,12645763,,,,1,용도지역코드,1022,제2종일반주거지역,1,0,,제2종일반주거지역,20221008
경상남도 양산시 하북면 순지리 402번지,48330,34021,0,0402,0000,12642697,,,,1,용도지역코드,1020,일반주거지역,1,0,,일반주거지역,20221008
경상남도 양산시 하북면 순지리 414번지,48330,34021,0,0414,0000,1264100004045,,,,1,용도지역코드,1021,제1종일반주거지역,1,0,,제1종일반주거지역,20221008
경상남도 양산시 하북면 순지리 423번지,48330,34021,0,0423,0000,1264100015138,,,,1,용도지역코드,1021,제1종일반주거지역,1,0,,제1종일반주거지역,20221008
경상남도 양산시 하북면 순지리 429번지,48330,34021,0,0429,0000,12647530,,,,1,용도지역코드,1021,제1종일반주거지역,1,0,,제1종일반주거지역,20221008
경상남도 양산시 하북면 순지리 431번지,48330,34021,0,0431,0000,1264100033704,,,,1,용도지역코드,UQA121,제1종일반주거지역,1,0,,제1종일반주거지역,20221008
경상남도 양산시 하북면 순지리 432-12번지,48330,34021,0,0432,0012,12641080,432-12,,,1,용도지역코드,1020,일반주거지역,1,0,,일반주거지역,20221008
경상남도 양산시 하북면 순지리 442번지,48330,34021,0,0442,0000,1264100006965,,,,1,용도지역코드,1330,자연녹지지역,1,0,,자연녹지지역,20221008
경상남도 양산시 하북면 순지리 442번지,48330,34021,0,0442,0000,1264100006965,,,,1,용도지역코드,1021,제1종일반주거지역,0,0,,제1종일반주거지역,20221008
경상남도 양산시 하북면 순지리 451-1번지,48330,34021,0,0451,0001,1000000000000000810402,,,,1,용도지역코드,UQA430,자연녹지지역,1,0,,자연녹지지역,20250923
경상남도 양산시 하북면 순지리 451-1번지,48330,34021,0,0451,0001,1264100157811,,,,1,용도지역코드,UQA430,자연녹지지역,1,0,,자연녹지지역,20221008
경상남도 양산시 하북면 순지리 451-1번지,48330,34021,0,0451,0001,1264100157811,,,,3,용도구역코드,UMZ100,가축사육제한구역,1,0,,가축사육제한구역,20221008
경상남도 양산시 하북면 순지리 458-1번지,48330,34021,0,0458,0001,1264100065054,,,,1,용도지역코드,UQA121,제1종일반주거지역,1,0,,제1종일반주거지역,20221008
경상남도 양산시 하북면 순지리 462번지,48330,34021,0,0462,0000,1000000000000000598406,,,,3,용도구역코드,UMZ100,가축사육제한구역,1,0,,가축사육제한구역,20241011
경상남도 양산시 하북면 순지리 462번지,48330,34021,0,0462,0000,1000000000000000598406,,,,1,용도지역코드,UQA430,자연녹지지역,0,0,,자연녹지지역,20241011
경상남도 양산시 하북면 순지리 462번지,48330,34021,0,0462,0000,1000000000000000598406,,,,1,용도지역코드,UQA121,제1종일반주거지역,1,0,,제1종일반주거지역,20241011
경상남도 양산시 하북면 순지리 480-4번지,48330,34021,0,0480,0004,1264100132345,,,,1,용도지역코드,UQA430,자연녹지지역,1,0,,자연녹지지역,20221008
경상남도 양산시 하북면 순지리 481-4번지,48330,34021,0,0481,0004,1000000000000000519018,,,,1,용도지역코드,UQA430,자연녹지지역,1,0,,자연녹지지역,20250225
경상남도 양산시 하북면 순지리 481-4번지,48330,34021,0,0481,0004,1000000000000000519018,,,,3,용도구역코드,UMZ100,가축사육제한구역,1,0,,가축사육제한구역,20250225
경상남도 양산시 하북면 순지리 485-1번지,48330,34021,0,0485,0001,1000000000000000318609,,,,1,용도지역코드,UQA430,자연녹지지역,1,0,,자연녹지지역,20230811
경상남도 양산시 하북면 순지리 485-1번지,48330,34021,0,0485,0001,1000000000000000319813,,,,1,용도지역코드,UQA430,자연녹지지역,1,0,,자연녹지지역,20240130
경상남도 양산시 하북면 순지리 485-1번지,48330,34021,0,0485,0001,1000000000000000476538,,,,1,용도지역코드,UQA430,자연녹지지역,1,0,,자연녹지지역,20240314
경상남도 양산시 하북면 순지리 485-1번지,48330,34021,0,0485,0001,1000000000000000353834,,,,1,용도지역코드,UQA430,자연녹지지역,1,0,,자연녹지지역,20230811
경상남도 양산시 하북면 순지리 485-1번지,48330,34021,0,0485,0001,12648289,,,,1,용도지역코드,1330,자연녹지지역,1,0,,자연녹지지역,20221008
경상남도 양산시 하북면 순지리 485-1번지,48330,34021,0,0485,0001,12642020,,,,1,용도지역코드,1330,자연녹지지역,1,0,,자연녹지지역,20221008
경상남도 양산시 하북면 순지리 485-1번지,48330,34021,0,0485,0001,12642191,,,,1,용도지역코드,1330,자연녹지지역,1,0,,자연녹지지역,20221008
경상남도 양산시 하북면 순지리 485-1번지,48330,34021,0,0485,0001,12642868,,,,1,용도지역코드,1330,자연녹지지역,1,0,,자연녹지지역,20221008
경상남도 양산시 하북면 순지리 485-1번지,48330,34021,0,0485,0001,12641779,,,,1,용도지역코드,1330,자연녹지지역,1,0,,자연녹지지역,20221008
경상남도 양산시 하북면 순지리 485-7번지,48330,34021,0,0485,0007,1000000000000000551633,,,,3,용도구역코드,UMZ100,가축사육제한구역,1,0,,가축사육제한구역,20250617
경상남도 양산시 하북면 순지리 485-7번지,48330,34021,0,0485,0007,1000000000000000551633,,,,1,용도지역코드,UQA430,자연녹지지역,1,0,,자연녹지지역,20250617
경상남도 양산시 하북면 순지리 485-7번지,48330,34021,0,0485,0007,1000000000000000551633,,,,3,용도구역코드,UOA120,상대보호구역,0,0,,상대보호구역,20250617
경상남도 양산시 하북면 순지리 486번지,48330,34021,0,0486,0000,1264100157090,,,,1,용도지역코드,UQA430,자연녹지지역,1,0,,자연녹지지역,20221214
경상남도 양산시 하북면 순지리 486번지,48330,34021,0,0486,0000,1264100158191,,,,1,용도지역코드,UQA430,자연녹지지역,1,0,,자연녹지지역,20221008
경상남도 양산시 하북면 순지리 486번지,48330,34021,0,0486,0000,1264100158191,,,,2,용도지구코드,,,1,0,,,20221008
경상남도 양산시 하북면 순지리 486번지,48330,34021,0,0486,0000,1264100158191,,,,3,용도구역코드,UMZ100,가축사육제한구역,1,0,,가축사육제한구역,20221008
경상남도 양산시 하북면 순지리 486-2번지,48330,34021,0,0486,0002,1000000000000000437157,,,,1,용도지역코드,UQA430,자연녹지지역,1,0,,자연녹지지역,20240304
경상남도 양산시 하북면 순지리 496-5번지,48330,34021,0,0496,0005,1264100134163,,,,1,용도지역코드,UQA430,자연녹지지역,1,0,,자연녹지지역,20221008
경상남도 양산시 하북면 순지리 496-5번지,48330,34021,0,0496,0005,1264100134163,,,,3,용도구역코드,UMZ100,가축사육제한구역,1,0,,가축사육제한구역,20221008
경상남도 양산시 하북면 순지리 496-5번지,48330,34021,0,0496,0005,1264100134163,,,,3,용도구역코드,UOA120,상대보호구역,0,0,,상대보호구역,20221008
경상남도 양산시 하북면 순지리 501-2번지,48330,34021,0,0501,0002,1000000000000000688915,,,,1,용도지역코드,UQA430,자연녹지지역,1,0,,자연녹지지역,20250325
경상남도 양산시 하북면 순지리 501-2번지,48330,34021,0,0501,0002,1264100150210,,,,1,용도지역코드,UQA430,자연녹지지역,1,0,,자연녹지지역,20221008
경상남도 양산시 하북면 순지리 501-5번지,48330,34021,0,0501,0005,1000000000000000446917,,,,3,용도구역코드,UMZ100,가축사육제한구역,1,0,,가축사육제한구역,20240118
경상남도 양산시 하북면 순지리 501-5번지,48330,34021,0,0501,0005,1000000000000000446917,,,,1,용도지역코드,UQA430,자연녹지지역,1,0,,자연녹지지역,20240118
경상남도 양산시 하북면 순지리 501-6번지,48330,34021,0,0501,0006,1000000000000000507978,,,,1,용도지역코드,UQA430,자연녹지지역,1,0,,자연녹지지역,20240430
경상남도 양산시 하북면 순지리 501-6번지,48330,34021,0,0501,0006,1000000000000000507978,,,,3,용도구역코드,UMZ100,가축사육제한구역,1,0,,가축사육제한구역,20240430
경상남도 양산시 하북면 순지리 524-2번지,48330,34021,0,0524,0002,1264443,,,,1,용도지역코드,1120,일반상업지역,1,0,,일반상업지역,20221008
경상남도 양산시 하북면 순지리 524-2번지,48330,34021,0,0524,0002,1264984,,,,1,용도지역코드,1120,일반상업지역,1,0,,일반상업지역,20221008
경상남도 양산시 하북면 순지리 524-20번지,48330,34021,0,0524,0020,1264100035932,,,,1,용도지역코드,UQA220,일반상업지역,1,0,,일반상업지역,20221008
경상남도 양산시 하북면 순지리 524-20번지,48330,34021,0,0524,0020,12648991,,,,1,용도지역코드,1120,일반상업지역,1,0,,일반상업지역,20221008
경상남도 양산시 하북면 순지리 524-20번지,48330,34021,0,0524,0020,12648942,,,,1,용도지역코드,1120,일반상업지역,1,0,,일반상업지역,20221008
경상남도 양산시 하북면 순지리 524-21번지,48330,34021,0,0524,0021,1264726,경상남도 양산시 하북면 순지리,524,21,1,용도지역코드,1120,일반상업지역,1,0,,일반상업지역,20221008
경상남도 양산시 하북면 순지리 524-21번지,48330,34021,0,0524,0021,1264382,경상남도 양산시 하북면 순지리,524,21,1,용도지역코드,1120,일반상업지역,1,0,,일반상업지역,20221008
경상남도 양산시 하북면 순지리 524-25번지,48330,34021,0,0524,0025,1264100031126,,,,1,용도지역코드,UQA220,일반상업지역,1,0,,일반상업지역,20221008
경상남도 양산시 하북면 순지리 524-25번지,48330,34021,0,0524,0025,1264100031126,,,,2,용도지구코드,UQH110,최고고도지구,1,0,,최고고도지구,20221008
경상남도 양산시 하북면 순지리 524-25번지,48330,34021,0,0524,0025,1264100033362,,,,1,용도지역코드,UQA220,일반상업지역,1,0,,일반상업지역,20221008
경상남도 양산시 하북면 순지리 524-25번지,48330,34021,0,0524,0025,1264100033362,,,,2,용도지구코드,UQH110,최고고도지구,1,0,,최고고도지구,20221008
경상남도 양산시 하북면 순지리 524-27번지,48330,34021,0,0524,0027,1264100139324,,,,1,용도지역코드,UQA220,일반상업지역,1,0,,일반상업지역,20221008
경상남도 양산시 하북면 순지리 524-27번지,48330,34021,0,0524,0027,1264100139324,,,,2,용도지구코드,UQH100,고도지구,1,0,,고도지구,20221008
경상남도 양산시 하북면 순지리 524-27번지,48330,34021,0,0524,0027,1264100139324,,,,3,용도구역코드,UMZ100,가축사육제한구역,1,0,,가축사육제한구역,20221008
경상남도 양산시 하북면 순지리 524-37번지,48330,34021,0,0524,0037,12644282,,,,1,용도지역코드,1120,일반상업지역,1,0,,일반상업지역,20221008
경상남도 양산시 하북면 순지리 524-37번지,48330,34021,0,0524,0037,1264100099413,,,,1,용도지역코드,UQA220,일반상업지역,1,0,,일반상업지역,20221008
경상남도 양산시 하북면 순지리 524-37번지,48330,34021,0,0524,0037,1264100099413,,,,2,용도지구코드,UQH110,최고고도지구,1,0,,최고고도지구,20221008
경상남도 양산시 하북면 순지리 524-37번지,48330,34021,0,0524,0037,1264100062159,,,,1,용도지역코드,UQA220,일반상업지역,1,0,,일반상업지역,20221008
경상남도 양산시 하북면 순지리 524-37번지,48330,34021,0,0524,0037,1264100062159,,,,2,용도지구코드,UQH110,최고고도지구,1,0,,최고고도지구,20221008
경상남도 양산시 하북면 순지리 524-43번지,48330,34021,0,0524,0043,12642146,,,,1,용도지역코드,1120,일반상업지역,1,0,,일반상업지역,20221008
경상남도 양산시 하북면 순지리 524-46번지,48330,34021,0,0524,0046,1264100056528,,,,1,용도지역코드,UQA220,일반상업지역,1,0,,일반상업지역,20221008
경상남도 양산시 하북면 순지리 524-46번지,48330,34021,0,0524,0046,1264100056528,,,,2,용도지구코드,UQH110,최고고도지구,1,0,,최고고도지구,20221008
경상남도 양산시 하북면 순지리 524-52번지,48330,34021,0,0524,0052,1264100138644,,,,1,용도지역코드,UQA220,일반상업지역,1,0,,일반상업지역,20221008
경상남도 양산시 하북면 순지리 524-52번지,48330,34021,0,0524,0052,1264100138644,,,,2,용도지구코드,UQH100,고도지구,1,0,,고도지구,20221008
경상남도 양산시 하북면 순지리 524-52번지,48330,34021,0,0524,0052,1264100138644,,,,3,용도구역코드,UMZ100,가축사육제한구역,1,0,,가축사육제한구역,20221008
경상남도 양산시 하북면 순지리 524-52번지,48330,34021,0,0524,0052,1264100049285,,,,1,용도지역코드,UQA220,일반상업지역,1,0,,일반상업지역,20221008
경상남도 양산시 하북면 순지리 524-62번지,48330,34021,0,0524,0062,1264396,,,,1,용도지역코드,1120,일반상업지역,1,0,,일반상업지역,20221008
경상남도 양산시 하북면 순지리 524-62번지,48330,34021,0,0524,0062,1264680,,,,1,용도지역코드,1120,일반상업지역,1,0,,일반상업지역,20221008
경상남도 양산시 하북면 순지리 528번지,48330,34021,0,0528,0000,1264100056429,,,,1,용도지역코드,UQA122,제2종일반주거지역,1,0,,제2종일반주거지역,20221008
경상남도 양산시 하북면 순지리 528번지,48330,34021,0,0528,0000,1264100056429,,,,1,용도지역코드,UQA220,일반상업지역,0,0,,일반상업지역,20221008
경상남도 양산시 하북면 순지리 528번지,48330,34021,0,0528,0000,1264100090242,,,,1,용도지역코드,UQA122,제2종일반주거지역,1,0,,제2종일반주거지역,20221008
경상남도 양산시 하북면 순지리 528번지,48330,34021,0,0528,0000,1264100090242,,,,1,용도지역코드,UQA220,일반상업지역,0,0,,일반상업지역,20221008
경상남도 양산시 하북면 순지리 529-2번지,48330,34021,0,0529,0002,1264100063800,,,,1,용도지역코드,UQA122,제2종일반주거지역,1,0,,제2종일반주거지역,20221008
경상남도 양산시 하북면 순지리 529-2번지,48330,34021,0,0529,0002,1264100063800,,,,1,용도지역코드,UQA220,일반상업지역,0,0,,일반상업지역,20221008
경상남도 양산시 하북면 순지리 529-2번지,48330,34021,0,0529,0002,1264100063800,,,,2,용도지구코드,UQH110,최고고도지구,1,0,,최고고도지구,20221008
경상남도 양산시 하북면 순지리 529-2번지,48330,34021,0,0529,0002,1264100098793,,,,1,용도지역코드,UQA122,제2종일반주거지역,1,0,,제2종일반주거지역,20221008
경상남도 양산시 하북면 순지리 529-9번지,48330,34021,0,0529,0009,1000000000000000610616,,,,1,용도지역코드,UQA122,제2종일반주거지역,1,0,,제2종일반주거지역,20250312
경상남도 양산시 하북면 순지리 529-9번지,48330,34021,0,0529,0009,1000000000000000610616,,,,3,용도구역코드,UMZ100,가축사육제한구역,1,0,,가축사육제한구역,20250312
경상남도 양산시 하북면 순지리 530-3번지,48330,34021,0,0530,0003,12647539,,,,1,용도지역코드,1120,일반상업지역,1,0,,일반상업지역,20221008
경상남도 양산시 하북면 순지리 530-3번지,48330,34021,0,0530,0003,12647539,,,,1,용도지역코드,1022,제2종일반주거지역,0,0,,제2종일반주거지역,20221008
경상남도 양산시 하북면 순지리 532-1번지,48330,34021,0,0532,0001,1264100045766,,,,1,용도지역코드,UQA220,일반상업지역,1,0,,일반상업지역,20221008
경상남도 양산시 하북면 순지리 532-1번지,48330,34021,0,0532,0001,1264100045766,,,,1,용도지역코드,UQA122,제2종일반주거지역,0,0,,제2종일반주거지역,20221008
경상남도 양산시 하북면 순지리 532-1번지,48330,34021,0,0532,0001,1264100045766,,,,2,용도지구코드,UQH110,최고고도지구,1,0,,최고고도지구,20221008
경상남도 양산시 하북면 순지리 533번지,48330,34021,0,0533,0000,1264100040866,,,,1,용도지역코드,UQA220,일반상업지역,1,0,,일반상업지역,20221008
경상남도 양산시 하북면 순지리 533번지,48330,34021,0,0533,0000,1264100040866,,,,2,용도지구코드,UQH110,최고고도지구,1,0,,최고고도지구,20221008
경상남도 양산시 하북면 순지리 533번지,48330,34021,0,0533,0000,1264100118159,,,,1,용도지역코드,UQA220,일반상업지역,1,0,,일반상업지역,20221008
경상남도 양산시 하북면 순지리 533번지,48330,34021,0,0533,0000,1264100118159,,,,2,용도지구코드,UQH110,최고고도지구,1,0,,최고고도지구,20221008
경상남도 양산시 하북면 순지리 533번지,48330,34021,0,0533,0000,1264100120459,,,,1,용도지역코드,UQA220,일반상업지역,1,0,,일반상업지역,20221008
경상남도 양산시 하북면 순지리 533번지,48330,34021,0,0533,0000,1264100120459,,,,2,용도지구코드,UQH110,최고고도지구,1,0,,최고고도지구,20221008
경상남도 양산시 하북면 순지리 537-2번지,48330,34021,0,0537,0002,12648142,,,,1,용도지역코드,1120,일반상업지역,1,0,,일반상업지역,20221008
경상남도 양산시 하북면 순지리 537-2번지,48330,34021,0,0537,0002,12648142,,,,1,용도지역코드,1022,제2종일반주거지역,0,0,,제2종일반주거지역,20221008
경상남도 양산시 하북면 순지리 537-2번지,48330,34021,0,0537,0002,12648142,,,,2,용도지구코드,112,최고고도지구,1,0,,최고고도지구,20221008
경상남도 양산시 하북면 순지리 538-1번지,48330,34021,0,0538,0001,1264459,,,,1,용도지역코드,1020,일반주거지역,1,0,,일반주거지역,20221008
경상남도 양산시 하북면 순지리 539-7번지,48330,34021,0,0539,0007,12641599,,,,1,용도지역코드,1020,일반주거지역,1,0,,일반주거지역,20221008
경상남도 양산시 하북면 순지리 539-7번지,48330,34021,0,0539,0007,12641731,,,,1,용도지역코드,1020,일반주거지역,1,0,,일반주거지역,20221008
경상남도 양산시 하북면 순지리 545번지,48330,34021,0,0545,0000,1264100122000,,,,1,용도지역코드,UQA122,제2종일반주거지역,1,0,,제2종일반주거지역,20221008
경상남도 양산시 하북면 순지리 545번지,48330,34021,0,0545,0000,1264100122000,,,,2,용도지구코드,UQH100,고도지구,1,0,,고도지구,20221008
경상남도 양산시 하북면 순지리 545번지,48330,34021,0,0545,0000,1264100122000,,,,3,용도구역코드,UMZ100,가축사육제한구역,1,0,,가축사육제한구역,20221008
경상남도 양산시 하북면 순지리 553-2번지,48330,34021,0,0553,0002,12647298,,,,1,용도지역코드,1022,제2종일반주거지역,1,0,,제2종일반주거지역,20221008
경상남도 양산시 하북면 순지리 554-2번지,48330,34021,0,0554,0002,12647522,,,,1,용도지역코드,1022,제2종일반주거지역,1,0,,제2종일반주거지역,20221008
경상남도 양산시 하북면 순지리 555-2번지,48330,34021,0,0555,0002,1264100076719,,,,1,용도지역코드,UQA122,제2종일반주거지역,1,0,,제2종일반주거지역,20221008
경상남도 양산시 하북면 순지리 555-3번지,48330,34021,0,0555,0003,12645499,,,,1,용도지역코드,1022,제2종일반주거지역,1,0,,제2종일반주거지역,20221008
경상남도 양산시 하북면 순지리 555-3번지,48330,34021,0,0555,0003,12648317,,,,1,용도지역코드,1022,제2종일반주거지역,1,0,,제2종일반주거지역,20221008
경상남도 양산시 하북면 순지리 555-3번지,48330,34021,0,0555,0003,12644608,,,,1,용도지역코드,1022,제2종일반주거지역,1,0,,제2종일반주거지역,20221008
경상남도 양산시 하북면 순지리 564번지,48330,34021,0,0564,0000,1264398,경상남도 양산시 하북면 순지리,564,,1,용도지역코드,1020,일반주거지역,1,0,,일반주거지역,20221008
경상남도 양산시 하북면 순지리 564-1번지,48330,34021,0,0564,0001,1264100148022,,,,1,용도지역코드,UQA122,제2종일반주거지역,1,0,,제2종일반주거지역,20221008
경상남도 양산시 하북면 순지리 564-1번지,48330,34021,0,0564,0001,12642293,,,,1,용도지역코드,1020,일반주거지역,1,0,,일반주거지역,20221008
경상남도 양산시 하북면 순지리 564-10번지,48330,34021,0,0564,0010,1264100006531,,,,1,용도지역코드,1022,제2종일반주거지역,1,0,,제2종일반주거지역,20221008
경상남도 양산시 하북면 순지리 565번지,48330,34021,0,0565,0000,1264100157891,,,,1,용도지역코드,UQA122,제2종일반주거지역,1,0,,제2종일반주거지역,20221018
경상남도 양산시 하북면 순지리 565번지,48330,34021,0,0565,0000,1264100157390,,,,1,용도지역코드,UQA122,제2종일반주거지역,1,0,,제2종일반주거지역,20221008
경상남도 양산시 하북면 순지리 565번지,48330,34021,0,0565,0000,1264100156293,,,,1,용도지역코드,UQA122,제2종일반주거지역,1,0,,제2종일반주거지역,20221008
경상남도 양산시 하북면 순지리 566-3번지,48330,34021,0,0566,0003,1264100051927,,,,1,용도지역코드,UQA122,제2종일반주거지역,1,0,,제2종일반주거지역,20221008
경상남도 양산시 하북면 순지리 566-20번지,48330,34021,0,0566,0020,1264100008270,,,,1,용도지역코드,1022,제2종일반주거지역,1,0,,제2종일반주거지역,20221008
경상남도 양산시 하북면 순지리 566-20번지,48330,34021,0,0566,0020,126466,,,,1,용도지역코드,1020,일반주거지역,1,0,,일반주거지역,20221008
경상남도 양산시 하북면 순지리 571번지,48330,34021,0,0571,0000,126490,,,,1,용도지역코드,1020,일반주거지역,1,0,,일반주거지역,20221008
경상남도 양산시 하북면 순지리 571-2번지,48330,34021,0,0571,0002,1264859,,,,1,용도지역코드,1020,일반주거지역,1,0,,일반주거지역,20221008
경상남도 양산시 하북면 순지리 573번지,48330,34021,0,0573,0000,1264100041763,,,,1,용도지역코드,UQA122,제2종일반주거지역,1,0,,제2종일반주거지역,20221008
경상남도 양산시 하북면 순지리 573번지,48330,34021,0,0573,0000,1264100041763,,,,3,용도구역코드,UOA120,상대보호구역,1,0,,상대정화구역,20221008
경상남도 양산시 하북면 순지리 573-1번지,48330,34021,0,0573,0001,1264100029550,,,,1,용도지역코드,UQA122,제2종일반주거지역,1,0,,제2종일반주거지역,20221008
경상남도 양산시 하북면 순지리 573-1번지,48330,34021,0,0573,0001,1264596,경상남도 양산시 하북면 순지리,573,1,1,용도지역코드,1020,일반주거지역,1,0,,일반주거지역,20221008
경상남도 양산시 하북면 순지리 574-1번지,48330,34021,0,0574,0001,12646392,,,,1,용도지역코드,1022,제2종일반주거지역,1,0,,제2종일반주거지역,20221008
경상남도 양산시 하북면 순지리 574-3번지,48330,34021,0,0574,0003,126430,,,,1,용도지역코드,1020,일반주거지역,1,0,,일반주거지역,20221008
경상남도 양산시 하북면 순지리 574-5번지,48330,34021,0,0574,0005,1264100086490,,,,1,용도지역코드,UQA122,제2종일반주거지역,1,0,,제2종일반주거지역,20221008
경상남도 양산시 하북면 순지리 574-5번지,48330,34021,0,0574,0005,1264100086490,,,,3,용도구역코드,UOA120,상대보호구역,1,0,,상대정화구역,20221008
경상남도 양산시 하북면 순지리 576번지,48330,34021,0,0576,0000,1264792,576,,,1,용도지역코드,1020,일반주거지역,1,0,,일반주거지역,20221008
경상남도 양산시 하북면 순지리 576-14번지,48330,34021,0,0576,0014,1264100089961,,,,3,용도구역코드,UOA110,절대정화구역,1,0,,절대정화구역,20221008
경상남도 양산시 하북면 순지리 576-14번지,48330,34021,0,0576,0014,1264100089961,,,,1,용도지역코드,UQA220,일반상업지역,1,0,,일반상업지역,20221008
경상남도 양산시 하북면 순지리 576-16번지,48330,34021,0,0576,0016,1264146,,,,1,용도지역코드,1020,일반주거지역,1,0,,일반주거지역,20221008
경상남도 양산시 하북면 순지리 576-21번지,48330,34021,0,0576,0021,12641287,경상남도 양산시 하북면 순지리,576,21,1,용도지역코드,1020,일반주거지역,1,0,,일반주거지역,20221008
경상남도 양산시 하북면 순지리 576-21번지,48330,34021,0,0576,0021,12641287,경상남도 양산시 하북면 순지리,576,21,1,용도지역코드,1120,일반상업지역,0,0,,일반상업지역,20221008
경상남도 양산시 하북면 순지리 576-21번지,48330,34021,0,0576,0021,12642147,경상남도 양산시 하북면 순지리,576,21,1,용도지역코드,1020,일반주거지역,1,0,,일반주거지역,20221008
경상남도 양산시 하북면 순지리 576-21번지,48330,34021,0,0576,0021,12642147,경상남도 양산시 하북면 순지리,576,21,1,용도지역코드,1120,일반상업지역,0,0,,일반상업지역,20221008
경상남도 양산시 하북면 순지리 576-34번지,48330,34021,0,0576,0034,1264100092421,,,,1,용도지역코드,UQA122,제2종일반주거지역,1,0,,제2종일반주거지역,20221008
경상남도 양산시 하북면 순지리 576-34번지,48330,34021,0,0576,0034,1264100092421,,,,3,용도구역코드,UOA120,상대보호구역,1,0,,상대정화구역,20221008
경상남도 양산시 하북면 순지리 576-34번지,48330,34021,0,0576,0034,1264100083722,,,,1,용도지역코드,UQA122,제2종일반주거지역,1,0,,제2종일반주거지역,20221008
경상남도 양산시 하북면 순지리 576-34번지,48330,34021,0,0576,0034,1264100083722,,,,3,용도구역코드,UOA120,상대보호구역,1,0,,상대정화구역,20221008
경상남도 양산시 하북면 순지리 576-37번지,48330,34021,0,0576,0037,1264277,,,,1,용도지역코드,1020,일반주거지역,1,0,,일반주거지역,20221008
경상남도 양산시 하북면 순지리 576-60번지,48330,34021,0,0576,0060,1264100036034,,,,1,용도지역코드,UQA122,제2종일반주거지역,1,0,,제2종일반주거지역,20221008
경상남도 양산시 하북면 순지리 576-61번지,48330,34021,0,0576,0061,1264191,,,,1,용도지역코드,1020,일반주거지역,1,0,,일반주거지역,20221008
경상남도 양산시 하북면 순지리 576-65번지,48330,34021,0,0576,0065,12646371,,,,1,용도지역코드,1022,제2종일반주거지역,1,0,,제2종일반주거지역,20221008
경상남도 양산시 하북면 순지리 576-69번지,48330,34021,0,0576,0069,1264502,,,,1,용도지역코드,1020,일반주거지역,1,0,,일반주거지역,20221008
경상남도 양산시 하북면 순지리 576-70번지,48330,34021,0,0576,0070,1264100040506,,,,1,용도지역코드,UQA220,일반상업지역,1,0,,일반상업지역,20221008
경상남도 양산시 하북면 순지리 576-70번지,48330,34021,0,0576,0070,1264100040506,,,,3,용도구역코드,UOA120,상대보호구역,1,0,,상대정화구역,20221008
경상남도 양산시 하북면 순지리 576-70번지,48330,34021,0,0576,0070,12647543,,,,1,용도지역코드,1120,일반상업지역,1,0,,일반상업지역,20221008
경상남도 양산시 하북면 순지리 576-70번지,48330,34021,0,0576,0070,12647543,,,,1,용도지역코드,1022,제2종일반주거지역,0,0,,제2종일반주거지역,20221008
경상남도 양산시 하북면 순지리 576-75번지,48330,34021,0,0576,0075,1264100047028,,,,1,용도지역코드,UQA122,제2종일반주거지역,1,0,,제2종일반주거지역,20221008
경상남도 양산시 하북면 순지리 576-75번지,48330,34021,0,0576,0075,1264100047028,,,,3,용도구역코드,UOA120,상대보호구역,1,0,,상대정화구역,20221008
경상남도 양산시 하북면 순지리 576-75번지,48330,34021,0,0576,0075,1264207,,,,1,용도지역코드,1020,일반주거지역,1,0,,일반주거지역,20221008
경상남도 양산시 하북면 순지리 579-1번지,48330,34021,0,0579,0001,1000000000000000906144,,,,3,용도구역코드,UOA120,상대보호구역,0,0,,상대보호구역,20260617
경상남도 양산시 하북면 순지리 579-1번지,48330,34021,0,0579,0001,1000000000000000906144,,,,1,용도지역코드,UQA220,일반상업지역,1,0,,일반상업지역,20260617
경상남도 양산시 하북면 순지리 579-1번지,48330,34021,0,0579,0001,1000000000000000906144,,,,3,용도구역코드,UMZ100,가축사육제한구역,1,0,,가축사육제한구역,20260617
경상남도 양산시 하북면 순지리 579-1번지,48330,34021,0,0579,0001,1000000000000000906144,,,,1,용도지역코드,UQA122,제2종일반주거지역,0,0,,제2종일반주거지역,20260617
경상남도 양산시 하북면 순지리 585번지,48330,34021,0,0585,0000,1264100120039,,,,1,용도지역코드,UQA122,제2종일반주거지역,1,0,,제2종일반주거지역,20221008
경상남도 양산시 하북면 순지리 587번지,48330,34021,0,0587,0000,1264886,,,,1,용도지역코드,1020,일반주거지역,1,0,,일반주거지역,20221008
경상남도 양산시 하북면 순지리 588-3번지,48330,34021,0,0588,0003,1000000000000000671474,,,,1,용도지역코드,UQA220,일반상업지역,1,0,,일반상업지역,20250226
경상남도 양산시 하북면 순지리 588-3번지,48330,34021,0,0588,0003,1000000000000000671474,,,,1,용도지역코드,UQA122,제2종일반주거지역,0,0,,제2종일반주거지역,20250226
경상남도 양산시 하북면 순지리 588-3번지,48330,34021,0,0588,0003,1000000000000000671474,,,,3,용도구역코드,UMZ100,가축사육제한구역,1,0,,가축사육제한구역,20250226
경상남도 양산시 하북면 순지리 591-1번지,48330,34021,0,0591,0001,1264100061900,,,,1,용도지역코드,UQA220,일반상업지역,1,0,,일반상업지역,20221008
경상남도 양산시 하북면 순지리 591-1번지,48330,34021,0,0591,0001,12643476,,,,1,용도지역코드,1120,일반상업지역,1,0,,일반상업지역,20221008
경상남도 양산시 하북면 순지리 591-1번지,48330,34021,0,0591,0001,12643178,,,,1,용도지역코드,1120,일반상업지역,1,0,,일반상업지역,20221008
경상남도 양산시 하북면 순지리 595번지,48330,34021,0,0595,0000,1264275,,,,1,용도지역코드,1020,일반주거지역,1,0,,일반주거지역,20221008
경상남도 양산시 하북면 순지리 600-2번지,48330,34021,0,0600,0002,12649391,,,,1,용도지역코드,1120,일반상업지역,1,0,,일반상업지역,20221008
경상남도 양산시 하북면 순지리 600-2번지,48330,34021,0,0600,0002,12649391,,,,2,용도지구코드,,,1,0,,,20221008
경상남도 양산시 하북면 순지리 600-7번지,48330,34021,0,0600,0007,1264100050271,,,,1,용도지역코드,UQA220,일반상업지역,1,0,,일반상업지역,20221008
경상남도 양산시 하북면 순지리 602번지,48330,34021,0,0602,0000,1264946,602,,,1,용도지역코드,1120,일반상업지역,1,0,,일반상업지역,20221008
경상남도 양산시 하북면 순지리 604-1번지,48330,34021,0,0604,0001,12646860,,,,1,용도지역코드,1120,일반상업지역,1,0,,일반상업지역,20221008
경상남도 양산시 하북면 순지리 605-1번지,48330,34021,0,0605,0001,1000000000000000397974,,,,3,용도구역코드,UOA120,상대보호구역,1,0,,상대보호구역,20231027
경상남도 양산시 하북면 순지리 605-1번지,48330,34021,0,0605,0001,1000000000000000397974,,,,1,용도지역코드,UQA220,일반상업지역,1,0,,일반상업지역,20231027
경상남도 양산시 하북면 순지리 605-1번지,48330,34021,0,0605,0001,1000000000000000397974,,,,3,용도구역코드,UMZ100,가축사육제한구역,0,0,,가축사육제한구역,20231027
경상남도 양산시 하북면 순지리 605-1번지,48330,34021,0,0605,0001,1264100158090,,,,3,용도구역코드,UMZ100,가축사육제한구역,1,0,,가축사육제한구역,20250414
경상남도 양산시 하북면 순지리 605-1번지,48330,34021,0,0605,0001,1264100158090,,,,3,용도구역코드,UOA120,상대보호구역,0,0,,상대보호구역,20250414
경상남도 양산시 하북면 순지리 605-1번지,48330,34021,0,0605,0001,1264100158090,,,,1,용도지역코드,UQA220,일반상업지역,1,0,,일반상업지역,20250414
경상남도 양산시 하북면 순지리 605-1번지,48330,34021,0,0605,0001,1264100006588,,,,1,용도지역코드,1120,일반상업지역,1,0,,일반상업지역,20221008
경상남도 양산시 하북면 순지리 605-1번지,48330,34021,0,0605,0001,1264100010329,,,,1,용도지역코드,1120,일반상업지역,1,0,,일반상업지역,20221008
경상남도 양산시 하북면 순지리 605-4번지,48330,34021,0,0605,0004,12641967,,,,1,용도지역코드,1120,일반상업지역,1,0,,일반상업지역,20221008
경상남도 양산시 하북면 순지리 605-4번지,48330,34021,0,0605,0004,12642004,,,,1,용도지역코드,1120,일반상업지역,1,0,,일반상업지역,20221008
경상남도 양산시 하북면 순지리 605-5번지,48330,34021,0,0605,0005,1264100071960,,,,1,용도지역코드,UQA220,일반상업지역,1,0,,일반상업지역,20221008
경상남도 양산시 하북면 순지리 605-5번지,48330,34021,0,0605,0005,1264100071960,,,,3,용도구역코드,UOA120,상대보호구역,1,0,,상대정화구역,20221008
경상남도 양산시 하북면 순지리 605-13번지,48330,34021,0,0605,0013,1264100064619,,,,1,용도지역코드,UQA220,일반상업지역,1,0,,일반상업지역,20221008
경상남도 양산시 하북면 순지리 610-4번지,48330,34021,0,0610,0004,1264100078780,,,,1,용도지역코드,UQA220,일반상업지역,1,0,,일반상업지역,20221008
경상남도 양산시 하북면 순지리 612-3번지,48330,34021,0,0612,0003,12646015,,,,1,용도지역코드,1120,일반상업지역,1,0,,일반상업지역,20221008
경상남도 양산시 하북면 순지리 612-4번지,48330,34021,0,0612,0004,1264100024230,,,,1,용도지역코드,UQA220,일반상업지역,1,0,,일반상업지역,20221008
경상남도 양산시 하북면 순지리 615-2번지,48330,34021,0,0615,0002,12643171,,,,1,용도지역코드,1120,일반상업지역,1,0,,일반상업지역,20221008
경상남도 양산시 하북면 순지리 615-4번지,48330,34021,0,0615,0004,12643626,,,,1,용도지역코드,1120,일반상업지역,1,0,,일반상업지역,20221008
경상남도 양산시 하북면 순지리 616-1번지,48330,34021,0,0616,0001,1264100039032,,,,1,용도지역코드,UQA220,일반상업지역,1,0,,일반상업지역,20221008
경상남도 양산시 하북면 순지리 616-1번지,48330,34021,0,0616,0001,12649408,,,,1,용도지역코드,1120,일반상업지역,1,0,,일반상업지역,20221008
경상남도 양산시 하북면 순지리 616-3번지,48330,34021,0,0616,0003,1264100063402,,,,1,용도지역코드,UQA220,일반상업지역,1,0,,일반상업지역,20221008
경상남도 양산시 하북면 순지리 616-6번지,48330,34021,0,0616,0006,1264100065799,,,,1,용도지역코드,UQA220,일반상업지역,1,0,,일반상업지역,20221008
경상남도 양산시 하북면 순지리 616-15번지,48330,34021,0,0616,0015,1264100078639,,,,1,용도지역코드,UQA220,일반상업지역,1,0,,일반상업지역,20221008
경상남도 양산시 하북면 순지리 616-15번지,48330,34021,0,0616,0015,1264100078639,,,,3,용도구역코드,UOA120,상대보호구역,1,0,,상대정화구역,20221008
경상남도 양산시 하북면 순지리 618-1번지,48330,34021,0,0618,0001,12646595,,,,1,용도지역코드,1120,일반상업지역,1,0,,일반상업지역,20221008
경상남도 양산시 하북면 순지리 618-1번지,48330,34021,0,0618,0001,1264100090642,,,,1,용도지역코드,UQA220,일반상업지역,1,0,,일반상업지역,20221008
경상남도 양산시 하북면 순지리 618-1번지,48330,34021,0,0618,0001,12642437,,,,1,용도지역코드,1120,일반상업지역,1,0,,일반상업지역,20221008
경상남도 양산시 하북면 순지리 618-1번지,48330,34021,0,0618,0001,12649507,,,,1,용도지역코드,1120,일반상업지역,1,0,,일반상업지역,20221008
경상남도 양산시 하북면 순지리 618-2번지,48330,34021,0,0618,0002,12643544,,,,1,용도지역코드,1120,일반상업지역,1,0,,일반상업지역,20221008
경상남도 양산시 하북면 순지리 618-2번지,48330,34021,0,0618,0002,1264583,,,,1,용도지역코드,1120,일반상업지역,1,0,,일반상업지역,20221008
경상남도 양산시 하북면 순지리 618-2번지,48330,34021,0,0618,0002,12645995,,,,1,용도지역코드,1120,일반상업지역,1,0,,일반상업지역,20221008
경상남도 양산시 하북면 순지리 618-3번지,48330,34021,0,0618,0003,1264805,618-3,,,1,용도지역코드,1120,일반상업지역,1,0,,일반상업지역,20221008
경상남도 양산시 하북면 순지리 618-10번지,48330,34021,0,0618,0010,12649493,,,,1,용도지역코드,1120,일반상업지역,1,0,,일반상업지역,20221008
경상남도 양산시 하북면 순지리 620-1번지,48330,34021,0,0620,0001,1264737,,,,1,용도지역코드,1120,일반상업지역,1,0,,일반상업지역,20221008
경상남도 양산시 하북면 순지리 620-1번지,48330,34021,0,0620,0001,1264765,,,,1,용도지역코드,1120,일반상업지역,1,0,,일반상업지역,20221008
경상남도 양산시 하북면 순지리 626-4번지,48330,34021,0,0626,0004,1264100061661,,,,1,용도지역코드,UQA220,일반상업지역,1,0,,일반상업지역,20221008
경상남도 양산시 하북면 순지리 627-9번지,48330,34021,0,0627,0009,1264100103893,,,,1,용도지역코드,UQA220,일반상업지역,1,0,,일반상업지역,20221008
경상남도 양산시 하북면 순지리 630번지,48330,34021,0,0630,0000,1264100080281,,,,1,용도지역코드,UQA220,일반상업지역,1,0,,일반상업지역,20221008
경상남도 양산시 하북면 순지리 634번지,48330,34021,0,0634,0000,1264100036917,,,,1,용도지역코드,UQA220,일반상업지역,1,0,,일반상업지역,20221008
경상남도 양산시 하북면 순지리 634-3번지,48330,34021,0,0634,0003,1264100038213,,,,1,용도지역코드,UQA220,일반상업지역,1,0,,일반상업지역,20221008
경상남도 양산시 하북면 순지리 636번지,48330,34021,0,0636,0000,12646959,,,,1,용도지역코드,1120,일반상업지역,1,0,,일반상업지역,20221008
경상남도 양산시 하북면 순지리 636-4번지,48330,34021,0,0636,0004,1000000000000000863046,,,,1,용도지역코드,UQA220,일반상업지역,1,0,,일반상업지역,20251219
경상남도 양산시 하북면 순지리 636-4번지,48330,34021,0,0636,0004,1000000000000000863046,,,,3,용도구역코드,UOA120,상대보호구역,1,0,,상대보호구역,20251219
경상남도 양산시 하북면 순지리 638번지,48330,34021,0,0638,0000,1264401,,,,1,용도지역코드,1120,일반상업지역,1,0,,일반상업지역,20221008
경상남도 양산시 하북면 순지리 640번지,48330,34021,0,0640,0000,1000000000000000610220,,,,3,용도구역코드,UOA120,상대보호구역,1,0,,상대보호구역,20250522
경상남도 양산시 하북면 순지리 640번지,48330,34021,0,0640,0000,1000000000000000610220,,,,1,용도지역코드,UQA220,일반상업지역,1,0,,일반상업지역,20250522
경상남도 양산시 하북면 순지리 645-1번지,48330,34021,0,0645,0001,1264100082680,,,,1,용도지역코드,UQA220,일반상업지역,1,0,,일반상업지역,20221008
경상남도 양산시 하북면 순지리 645-1번지,48330,34021,0,0645,0001,1264100082680,,,,3,용도구역코드,UOA120,상대보호구역,1,0,,상대정화구역,20221008
경상남도 양산시 하북면 순지리 645-1번지,48330,34021,0,0645,0001,12643548,,,,1,용도지역코드,1120,일반상업지역,1,0,,일반상업지역,20221008
경상남도 양산시 하북면 순지리 651-1번지,48330,34021,0,0651,0001,1264100045569,,,,1,용도지역코드,UQA220,일반상업지역,1,0,,일반상업지역,20221008
경상남도 양산시 하북면 순지리 651-1번지,48330,34021,0,0651,0001,1264100045569,,,,3,용도구역코드,UOA120,상대보호구역,1,0,,상대정화구역,20221008
경상남도 양산시 하북면 순지리 661-15번지,48330,34021,0,0661,0015,1264911,,,,1,용도지역코드,1020,일반주거지역,1,0,,일반주거지역,20221008
경상남도 양산시 하북면 순지리 661-20번지,48330,34021,0,0661,0020,1264100044030,,,,1,용도지역코드,UQA122,제2종일반주거지역,1,0,,제2종일반주거지역,20221008
경상남도 양산시 하북면 순지리 662-1번지,48330,34021,0,0662,0001,12645930,,,,1,용도지역코드,1030,준주거지역,1,0,,준주거지역,20221008
경상남도 양산시 하북면 순지리 662-1번지,48330,34021,0,0662,0001,12645930,,,,1,용도지역코드,1022,제2종일반주거지역,0,0,,제2종일반주거지역,20221008
경상남도 양산시 하북면 순지리 662-7번지,48330,34021,0,0662,0007,1264100106120,,,,1,용도지역코드,UQA122,제2종일반주거지역,1,0,,제2종일반주거지역,20221008
경상남도 양산시 하북면 순지리 662-7번지,48330,34021,0,0662,0007,1264100106120,,,,3,용도구역코드,UMZ100,가축사육제한구역,1,0,,가축사육제한구역,20221008
경상남도 양산시 하북면 순지리 663-5번지,48330,34021,0,0663,0005,1264100037252,,,,1,용도지역코드,UQA130,준주거지역,1,0,,준주거지역,20221008
경상남도 양산시 하북면 순지리 663-5번지,48330,34021,0,0663,0005,1264100037252,,,,1,용도지역코드,UQA001,도시지역,0,0,,도시지역,20221008
경상남도 양산시 하북면 순지리 663-5번지,48330,34021,0,0663,0005,1264100037252,,,,3,용도구역코드,UOA110,절대정화구역,1,0,,절대정화구역,20221008
경상남도 양산시 하북면 순지리 663-5번지,48330,34021,0,0663,0005,1264100037252,,,,3,용도구역코드,UOA120,상대보호구역,0,0,,상대정화구역,20221008
경상남도 양산시 하북면 순지리 663-5번지,48330,34021,0,0663,0005,12643150,,,,1,용도지역코드,1030,준주거지역,1,0,,준주거지역,20221008
경상남도 양산시 하북면 순지리 663-9번지,48330,34021,0,0663,0009,12647381,,,,1,용도지역코드,1030,준주거지역,1,0,,준주거지역,20221008
경상남도 양산시 하북면 순지리 663-10번지,48330,34021,0,0663,0010,1264100004087,,,,1,용도지역코드,1030,준주거지역,1,0,,준주거지역,20221008
경상남도 양산시 하북면 순지리 663-16번지,48330,34021,0,0663,0016,1264100037253,,,,1,용도지역코드,UQA130,준주거지역,1,0,,준주거지역,20221008
경상남도 양산시 하북면 순지리 663-16번지,48330,34021,0,0663,0016,1264100037253,,,,1,용도지역코드,UQA001,도시지역,0,0,,도시지역,20221008
경상남도 양산시 하북면 순지리 663-16번지,48330,34021,0,0663,0016,1264100037253,,,,3,용도구역코드,UOA110,절대정화구역,1,0,,절대정화구역,20221008
경상남도 양산시 하북면 순지리 663-16번지,48330,34021,0,0663,0016,1264100037253,,,,3,용도구역코드,UOA120,상대보호구역,0,0,,상대정화구역,20221008
경상남도 양산시 하북면 순지리 665-1번지,48330,34021,0,0665,0001,126413,,,,1,용도지역코드,1120,일반상업지역,1,0,,일반상업지역,20221008
경상남도 양산시 하북면 순지리 669번지,48330,34021,0,0669,0000,1264358,,,,1,용도지역코드,1120,일반상업지역,1,0,,일반상업지역,20221008
경상남도 양산시 하북면 순지리 671번지,48330,34021,0,0671,0000,1264677,,,,1,용도지역코드,1120,일반상업지역,1,0,,일반상업지역,20221008
경상남도 양산시 하북면 순지리 671-2번지,48330,34021,0,0671,0002,1264100022806,,,,1,용도지역코드,UQA220,일반상업지역,1,0,,일반상업지역,20221008
경상남도 양산시 하북면 순지리 671-2번지,48330,34021,0,0671,0002,1264100022806,,,,3,용도구역코드,UOA120,상대보호구역,1,0,,상대정화구역,20221008
경상남도 양산시 하북면 순지리 671-2번지,48330,34021,0,0671,0002,1264100046685,,,,1,용도지역코드,UQA220,일반상업지역,1,0,,일반상업지역,20221008
경상남도 양산시 하북면 순지리 671-2번지,48330,34021,0,0671,0002,1264100046685,,,,3,용도구역코드,UOA120,상대보호구역,1,0,,상대정화구역,20221008
경상남도 양산시 하북면 순지리 673-1번지,48330,34021,0,0673,0001,12649326,,,,1,용도지역코드,1120,일반상업지역,1,0,,일반상업지역,20221008
경상남도 양산시 하북면 순지리 673-7번지,48330,34021,0,0673,0007,1264100034592,,,,1,용도지역코드,UQA220,일반상업지역,1,0,,일반상업지역,20221008
경상남도 양산시 하북면 순지리 674-2번지,48330,34021,0,0674,0002,1264100125222,,,,1,용도지역코드,UQA220,일반상업지역,1,0,,일반상업지역,20221008
경상남도 양산시 하북면 순지리 674-2번지,48330,34021,0,0674,0002,1264100125222,,,,3,용도구역코드,UMZ100,가축사육제한구역,1,0,,가축사육제한구역,20221008
경상남도 양산시 하북면 순지리 674-2번지,48330,34021,0,0674,0002,1264100129983,,,,1,용도지역코드,UQA220,일반상업지역,1,0,,일반상업지역,20221008
경상남도 양산시 하북면 순지리 674-2번지,48330,34021,0,0674,0002,1264100147530,,,,1,용도지역코드,UQA220,일반상업지역,1,0,,일반상업지역,20221008
경상남도 양산시 하북면 순지리 674-2번지,48330,34021,0,0674,0002,1264100147530,,,,3,용도구역코드,UMZ100,가축사육제한구역,1,0,,가축사육제한구역,20221008
경상남도 양산시 하북면 순지리 674-2번지,48330,34021,0,0674,0002,1264100147530,,,,3,용도구역코드,UOA120,상대보호구역,0,0,,상대보호구역,20221008
경상남도 양산시 하북면 순지리 675-2번지,48330,34021,0,0675,0002,1264100134203,,,,1,용도지역코드,UQA130,준주거지역,1,0,,준주거지역,20221008
경상남도 양산시 하북면 순지리 675-2번지,48330,34021,0,0675,0002,1264100134203,,,,3,용도구역코드,UOA120,상대보호구역,1,0,,상대보호구역,20221008
경상남도 양산시 하북면 순지리 676번지,48330,34021,0,0676,0000,1000000000000000631655,,,,3,용도구역코드,UOA120,상대보호구역,1,0,,상대보호구역,20241205
경상남도 양산시 하북면 순지리 676번지,48330,34021,0,0676,0000,1000000000000000631655,,,,1,용도지역코드,UQA220,일반상업지역,1,0,,일반상업지역,20241205
경상남도 양산시 하북면 순지리 676번지,48330,34021,0,0676,0000,1264100067179,,,,1,용도지역코드,UQA220,일반상업지역,1,0,,일반상업지역,20221008
경상남도 양산시 하북면 순지리 676번지,48330,34021,0,0676,0000,1264100067179,,,,3,용도구역코드,UOA120,상대보호구역,1,0,,상대정화구역,20221008
경상남도 양산시 하북면 순지리 676번지,48330,34021,0,0676,0000,1264100121080,,,,1,용도지역코드,UQA220,일반상업지역,1,0,,일반상업지역,20221008
경상남도 양산시 하북면 순지리 676번지,48330,34021,0,0676,0000,1264100121080,,,,3,용도구역코드,UOA120,상대보호구역,1,0,,상대보호구역,20221008
경상남도 양산시 하북면 순지리 676번지,48330,34021,0,0676,0000,1264100076181,,,,1,용도지역코드,UQA220,일반상업지역,1,0,,일반상업지역,20221008
경상남도 양산시 하북면 순지리 679-1번지,48330,34021,0,0679,0001,1264100103894,,,,1,용도지역코드,UQA220,일반상업지역,1,0,,일반상업지역,20221008
경상남도 양산시 하북면 순지리 680-1번지,48330,34021,0,0680,0001,12648467,,,,1,용도지역코드,1120,일반상업지역,1,0,,일반상업지역,20221008
경상남도 양산시 하북면 순지리 680-1번지,48330,34021,0,0680,0001,12647308,,,,1,용도지역코드,1120,일반상업지역,1,0,,일반상업지역,20221008
경상남도 양산시 하북면 순지리 681-5번지,48330,34021,0,0681,0005,12641752,,,,1,용도지역코드,1120,일반상업지역,1,0,,일반상업지역,20221008
경상남도 양산시 하북면 순지리 685-5번지,48330,34021,0,0685,0005,1000000000000000684014,,,,3,용도구역코드,UOA120,상대보호구역,0,0,,상대보호구역,20260831
경상남도 양산시 하북면 순지리 685-5번지,48330,34021,0,0685,0005,1000000000000000684014,,,,3,용도구역코드,UMZ100,가축사육제한구역,1,0,,가축사육제한구역,20260831
경상남도 양산시 하북면 순지리 685-5번지,48330,34021,0,0685,0005,1000000000000000684014,,,,1,용도지역코드,UQA130,준주거지역,1,0,,준주거지역,20260831
경상남도 양산시 하북면 순지리 685-10번지,48330,34021,0,0685,0010,12645805,,,,1,용도지역코드,1030,준주거지역,1,0,,준주거지역,20221008
경상남도 양산시 하북면 순지리 687-2번지,48330,34021,0,0687,0002,1264100133105,,,,1,용도지역코드,UQA130,준주거지역,1,0,,준주거지역,20221008
경상남도 양산시 하북면 순지리 687-2번지,48330,34021,0,0687,0002,1264100133105,,,,3,용도구역코드,UOA120,상대보호구역,1,0,,상대보호구역,20221008
경상남도 양산시 하북면 순지리 687-15번지,48330,34021,0,0687,0015,1000000000000000315017,,,,1,용도지역코드,UQA130,준주거지역,1,0,,준주거지역,20230614
경상남도 양산시 하북면 순지리 687-15번지,48330,34021,0,0687,0015,1000000000000000315017,,,,3,용도구역코드,UOA120,상대보호구역,0,0,,상대보호구역,20230614
경상남도 양산시 하북면 순지리 687-15번지,48330,34021,0,0687,0015,1000000000000000315017,,,,3,용도구역코드,UMZ100,가축사육제한구역,1,0,,가축사육제한구역,20230614
경상남도 양산시 하북면 순지리 688-5번지,48330,34021,0,0688,0005,12645494,,688,5,1,용도지역코드,1022,제2종일반주거지역,1,0,,제2종일반주거지역,20221008
경상남도 양산시 하북면 순지리 691-18번지,48330,34021,0,0691,0018,12648109,,,,1,용도지역코드,1120,일반상업지역,1,0,,일반상업지역,20221008
경상남도 양산시 하북면 순지리 691-21번지,48330,34021,0,0691,0021,1264971,경상남도 양산시 하북면 순지리,691,21,1,용도지역코드,1120,일반상업지역,1,0,,일반상업지역,20221008
경상남도 양산시 하북면 순지리 691-23번지,48330,34021,0,0691,0023,126498,,,,1,용도지역코드,1120,일반상업지역,1,0,,일반상업지역,20221008
경상남도 양산시 하북면 순지리 691-37번지,48330,34021,0,0691,0037,1264100112806,,,,1,용도지역코드,UQA001,도시지역,1,0,,도시지역,20221008
경상남도 양산시 하북면 순지리 691-37번지,48330,34021,0,0691,0037,1264100112806,,,,1,용도지역코드,UQA220,일반상업지역,0,0,,일반상업지역,20221008
경상남도 양산시 하북면 순지리 691-47번지,48330,34021,0,0691,0047,12643261,,,,1,용도지역코드,1120,일반상업지역,1,0,,일반상업지역,20221008
경상남도 양산시 하북면 순지리 691-57번지,48330,34021,0,0691,0057,1264939,691-57,,,1,용도지역코드,1120,일반상업지역,1,0,,일반상업지역,20221008
경상남도 양산시 하북면 순지리 691-118번지,48330,34021,0,0691,0118,1264100119159,,,,1,용도지역코드,UQA220,일반상업지역,1,0,,일반상업지역,20221008
경상남도 양산시 하북면 순지리 691-118번지,48330,34021,0,0691,0118,1264100119159,,,,3,용도구역코드,UMZ100,가축사육제한구역,1,0,,가축사육제한구역,20221008
경상남도 양산시 하북면 순지리 702-2번지,48330,34021,0,0702,0002,12644412,,,,1,용도지역코드,1022,제2종일반주거지역,1,0,,제2종일반주거지역,20221008
경상남도 양산시 하북면 순지리 702-2번지,48330,34021,0,0702,0002,12644412,,,,2,용도지구코드,990,기타지구,1,0,,기타지구,20221008
경상남도 양산시 하북면 순지리 702-2번지,48330,34021,0,0702,0002,12644412,,,,3,용도구역코드,990,기타구역,1,0,,기타구역,20221008
경상남도 양산시 하북면 순지리 704번지,48330,34021,0,0704,0000,1264100130983,,,,1,용도지역코드,UQA122,제2종일반주거지역,1,0,,제2종일반주거지역,20221008
경상남도 양산시 하북면 순지리 704번지,48330,34021,0,0704,0000,1264100130983,,,,3,용도구역코드,UMZ100,가축사육제한구역,1,0,,가축사육제한구역,20221008
경상남도 양산시 하북면 순지리 704번지,48330,34021,0,0704,0000,1264100130983,,,,3,용도구역코드,UOA120,상대보호구역,0,0,,상대보호구역,20221008
경상남도 양산시 하북면 순지리 704번지,48330,34021,0,0704,0000,1264100037438,,,,1,용도지역코드,UQA122,제2종일반주거지역,1,0,,제2종일반주거지역,20221008
경상남도 양산시 하북면 순지리 704번지,48330,34021,0,0704,0000,1264100037438,,,,3,용도구역코드,UOA120,상대보호구역,1,0,,상대정화구역,20221008
경상남도 양산시 하북면 순지리 717-6번지,48330,34021,0,0717,0006,12643334,경상남도 양산시 하북면 순지리,717,6,1,용도지역코드,1020,일반주거지역,1,0,,일반주거지역,20221008
경상남도 양산시 하북면 순지리 717-6번지,48330,34021,0,0717,0006,12643334,경상남도 양산시 하북면 순지리,717,6,2,용도지구코드,980,용도지구미지정,1,0,,용도지구미지정,20221008
경상남도 양산시 하북면 순지리 723-1번지,48330,34021,0,0723,0001,12646209,,,,1,용도지역코드,1120,일반상업지역,1,0,,일반상업지역,20221008
경상남도 양산시 하북면 순지리 723-1번지,48330,34021,0,0723,0001,12646209,,,,1,용도지역코드,1022,제2종일반주거지역,0,0,,제2종일반주거지역,20221008
경상남도 양산시 하북면 순지리 723-1번지,48330,34021,0,0723,0001,12645517,,,,1,용도지역코드,1120,일반상업지역,1,0,,일반상업지역,20221008
경상남도 양산시 하북면 순지리 723-1번지,48330,34021,0,0723,0001,12645517,,,,1,용도지역코드,1022,제2종일반주거지역,0,0,,제2종일반주거지역,20221008
경상남도 양산시 하북면 순지리 727-4번지,48330,34021,0,0727,0004,12645765,,,,1,용도지역코드,1120,일반상업지역,1,0,,일반상업지역,20221008
경상남도 양산시 하북면 순지리 727-4번지,48330,34021,0,0727,0004,12645765,,,,1,용도지역코드,1020,일반주거지역,0,0,,일반주거지역,20221008
경상남도 양산시 하북면 순지리 728번지,48330,34021,0,0728,0000,1264100086461,,,,1,용도지역코드,UQA122,제2종일반주거지역,1,0,,제2종일반주거지역,20221008
경상남도 양산시 하북면 순지리 728번지,48330,34021,0,0728,0000,1264100086461,,,,1,용도지역코드,UQA220,일반상업지역,0,0,,일반상업지역,20221008
경상남도 양산시 하북면 순지리 728번지,48330,34021,0,0728,0000,1264100086461,,,,3,용도구역코드,UOA120,상대보호구역,1,0,,상대정화구역,20221008
경상남도 양산시 하북면 순지리 729-6번지,48330,34021,0,0729,0006,1000000000000000321484,,,,3,용도구역코드,UOA120,상대보호구역,1,0,,상대보호구역,20240821
경상남도 양산시 하북면 순지리 729-6번지,48330,34021,0,0729,0006,1000000000000000321484,,,,3,용도구역코드,UOA110,절대정화구역,0,0,,절대보호구역,20240821
경상남도 양산시 하북면 순지리 729-6번지,48330,34021,0,0729,0006,1000000000000000321484,,,,1,용도지역코드,UQA122,제2종일반주거지역,0,0,,제2종일반주거지역,20240821
경상남도 양산시 하북면 순지리 729-6번지,48330,34021,0,0729,0006,1000000000000000321484,,,,1,용도지역코드,UQA220,일반상업지역,1,0,,일반상업지역,20240821
경상남도 양산시 하북면 순지리 730-3번지,48330,34021,0,0730,0003,1264100039754,,,,1,용도지역코드,UQA122,제2종일반주거지역,1,0,,제2종일반주거지역,20221008
경상남도 양산시 하북면 순지리 730-3번지,48330,34021,0,0730,0003,1264100039754,,,,3,용도구역코드,UOA120,상대보호구역,1,0,,상대정화구역,20221008
경상남도 양산시 하북면 순지리 730-3번지,48330,34021,0,0730,0003,1264100012731,,,,1,용도지역코드,1022,제2종일반주거지역,1,0,,제2종일반주거지역,20221008
경상남도 양산시 하북면 순지리 730-3번지,48330,34021,0,0730,0003,1264100012731,,,,3,용도구역코드,272,상대정화구역,1,0,,상대정화구역,20221008
경상남도 양산시 하북면 순지리 731-2번지,48330,34021,0,0731,0002,1264100132383,,,,1,용도지역코드,UQA122,제2종일반주거지역,1,0,,제2종일반주거지역,20221008
경상남도 양산시 하북면 순지리 731-2번지,48330,34021,0,0731,0002,1264100132383,,,,1,용도지역코드,UMZ100,가축사육제한구역,0,0,,가축사육제한구역,20221008
경상남도 양산시 하북면 순지리 731-2번지,48330,34021,0,0731,0002,1264100132383,,,,1,용도지역코드,UOA120,상대보호구역,0,0,,상대보호구역,20221008
경상남도 양산시 하북면 순지리 731-4번지,48330,34021,0,0731,0004,1264100042403,,,,1,용도지역코드,UQA122,제2종일반주거지역,1,0,,제2종일반주거지역,20221008
경상남도 양산시 하북면 순지리 731-4번지,48330,34021,0,0731,0004,1264100042403,,,,3,용도구역코드,UOA120,상대보호구역,1,0,,상대정화구역,20221008
경상남도 양산시 하북면 순지리 731-5번지,48330,34021,0,0731,0005,1264100157051,,,,3,용도구역코드,UMZ100,가축사육제한구역,1,0,,가축사육제한구역,20231020
경상남도 양산시 하북면 순지리 731-5번지,48330,34021,0,0731,0005,1264100157051,,,,1,용도지역코드,UQA122,제2종일반주거지역,1,0,,제2종일반주거지역,20231020
경상남도 양산시 하북면 순지리 732-5번지,48330,34021,0,0732,0005,1264681,,,,1,용도지역코드,1020,일반주거지역,1,0,,일반주거지역,20221008
경상남도 양산시 하북면 순지리 732-5번지,48330,34021,0,0732,0005,1264100031456,,,,1,용도지역코드,UQA122,제2종일반주거지역,1,0,,제2종일반주거지역,20221008
경상남도 양산시 하북면 순지리 732-5번지,48330,34021,0,0732,0005,1264100031456,,,,1,용도지역코드,UQA220,일반상업지역,0,0,,일반상업지역,20221008
경상남도 양산시 하북면 순지리 732-5번지,48330,34021,0,0732,0005,1264100031456,,,,3,용도구역코드,UOA120,상대보호구역,1,0,,상대정화구역,20221008
경상남도 양산시 하북면 순지리 732-5번지,48330,34021,0,0732,0005,1264100021923,,,,1,용도지역코드,UQA220,일반상업지역,1,0,,일반상업지역,20221008
경상남도 양산시 하북면 순지리 732-5번지,48330,34021,0,0732,0005,1264100021923,,,,1,용도지역코드,UQA122,제2종일반주거지역,0,0,,제2종일반주거지역,20221008
경상남도 양산시 하북면 순지리 732-5번지,48330,34021,0,0732,0005,1264100021923,,,,3,용도구역코드,UOA120,상대보호구역,1,0,,상대정화구역,20221008
경상남도 양산시 하북면 순지리 732-10번지,48330,34021,0,0732,0010,12645487,,,,1,용도지역코드,1022,제2종일반주거지역,1,0,,제2종일반주거지역,20221008
경상남도 양산시 하북면 순지리 732-14번지,48330,34021,0,0732,0014,1264730,경상남도 양산시 하북면 순지리,732,14,1,용도지역코드,1020,일반주거지역,1,0,,일반주거지역,20221008
경상남도 양산시 하북면 순지리 732-17번지,48330,34021,0,0732,0017,12649372,,,,1,용도지역코드,1022,제2종일반주거지역,1,0,,제2종일반주거지역,20221008
경상남도 양산시 하북면 순지리 732-22번지,48330,34021,0,0732,0022,12645497,,,,1,용도지역코드,1022,제2종일반주거지역,1,0,,제2종일반주거지역,20221008
경상남도 양산시 하북면 순지리 732-25번지,48330,34021,0,0732,0025,1264100144584,,,,1,용도지역코드,UQA122,제2종일반주거지역,1,0,,제2종일반주거지역,20221008
경상남도 양산시 하북면 순지리 732-25번지,48330,34021,0,0732,0025,1264100144584,,,,3,용도구역코드,UOA120,상대보호구역,1,0,,상대보호구역,20221008
경상남도 양산시 하북면 순지리 732-29번지,48330,34021,0,0732,0029,1264541,,,,1,용도지역코드,1020,일반주거지역,1,0,,일반주거지역,20221008
경상남도 양산시 하북면 순지리 732-42번지,48330,34021,0,0732,0042,1264100074544,,,,1,용도지역코드,UQA122,제2종일반주거지역,1,0,,제2종일반주거지역,20221008
경상남도 양산시 하북면 순지리 732-42번지,48330,34021,0,0732,0042,1264100074544,,,,3,용도구역코드,UOA120,상대보호구역,1,0,,상대정화구역,20221008
경상남도 양산시 하북면 순지리 732-52번지,48330,34021,0,0732,0052,1264100070160,,,,1,용도지역코드,UQA122,제2종일반주거지역,1,0,,제2종일반주거지역,20221008
경상남도 양산시 하북면 순지리 732-72번지,48330,34021,0,0732,0072,1264100076564,,,,1,용도지역코드,UQA122,제2종일반주거지역,1,0,,제2종일반주거지역,20221008
경상남도 양산시 하북면 순지리 732-72번지,48330,34021,0,0732,0072,1264100076564,,,,3,용도구역코드,UOA120,상대보호구역,1,0,,상대정화구역,20221008
경상남도 양산시 하북면 순지리 732-74번지,48330,34021,0,0732,0074,1264100026869,,,,1,용도지역코드,UQA122,제2종일반주거지역,1,0,,제2종일반주거지역,20221008
경상남도 양산시 하북면 순지리 732-74번지,48330,34021,0,0732,0074,1264100026869,,,,3,용도구역코드,UOA120,상대보호구역,1,0,,상대정화구역,20221008
경상남도 양산시 하북면 순지리 734-1번지,48330,34021,0,0734,0001,12644101,,,,1,용도지역코드,1020,일반주거지역,1,0,,일반주거지역,20221008
경상남도 양산시 하북면 순지리 734-1번지,48330,34021,0,0734,0001,12643335,,,,1,용도지역코드,1020,일반주거지역,1,0,,일반주거지역,20221008
경상남도 양산시 하북면 순지리 739번지,48330,34021,0,0739,0000,1264452,,,,1,용도지역코드,1020,일반주거지역,1,0,,일반주거지역,20221008
경상남도 양산시 하북면 순지리 739-4번지,48330,34021,0,0739,0004,1264571,,,,1,용도지역코드,1020,일반주거지역,1,0,,일반주거지역,20221008
경상남도 양산시 하북면 순지리 739-4번지,48330,34021,0,0739,0004,1264100125941,,,,1,용도지역코드,UQA122,제2종일반주거지역,1,0,,제2종일반주거지역,20221008
경상남도 양산시 하북면 순지리 750번지,48330,34021,0,0750,0000,1264100082619,,,,1,용도지역코드,UQA122,제2종일반주거지역,1,0,,제2종일반주거지역,20221008
경상남도 양산시 하북면 순지리 752번지,48330,34021,0,0752,0000,1264100021321,,,,1,용도지역코드,1022,제2종일반주거지역,1,0,,제2종일반주거지역,20221008
경상남도 양산시 하북면 순지리 752번지,48330,34021,0,0752,0000,1264100021321,,,,3,용도구역코드,272,상대정화구역,1,0,,상대정화구역,20221008
경상남도 양산시 하북면 순지리 752번지,48330,34021,0,0752,0000,1264100006050,,,,1,용도지역코드,1022,제2종일반주거지역,1,0,,제2종일반주거지역,20221008
경상남도 양산시 하북면 순지리 752-4번지,48330,34021,0,0752,0004,1264100006809,,,,1,용도지역코드,1022,제2종일반주거지역,1,0,,제2종일반주거지역,20221008
경상남도 양산시 하북면 순지리 753-3번지,48330,34021,0,0753,0003,1264909,경상남도 양산시 하북면 순지리,753,3,1,용도지역코드,1020,일반주거지역,1,0,,일반주거지역,20221008
경상남도 양산시 하북면 순지리 753-3번지,48330,34021,0,0753,0003,12648858,,,,1,용도지역코드,1022,제2종일반주거지역,1,0,,제2종일반주거지역,20221008
경상남도 양산시 하북면 순지리 753-4번지,48330,34021,0,0753,0004,12648869,,,,1,용도지역코드,1022,제2종일반주거지역,1,0,,제2종일반주거지역,20221008
경상남도 양산시 하북면 순지리 755번지,48330,34021,0,0755,0000,1264196,,,,1,용도지역코드,1020,일반주거지역,1,0,,일반주거지역,20221008
경상남도 양산시 하북면 순지리 756-11번지,48330,34021,0,0756,0011,12642797,,,,1,용도지역코드,1020,일반주거지역,1,0,,일반주거지역,20221008
경상남도 양산시 하북면 순지리 756-12번지,48330,34021,0,0756,0012,1264581,경상남도 양산시 하북면 순지리,756,12,1,용도지역코드,1020,일반주거지역,1,0,,일반주거지역,20221008
경상남도 양산시 하북면 순지리 756-18번지,48330,34021,0,0756,0018,1264623,,,,1,용도지역코드,1020,일반주거지역,1,0,,일반주거지역,20221008
경상남도 양산시 하북면 순지리 756-19번지,48330,34021,0,0756,0019,1264100149832,,,,1,용도지역코드,UQA122,제2종일반주거지역,1,0,,제2종일반주거지역,20230512
경상남도 양산시 하북면 순지리 756-19번지,48330,34021,0,0756,0019,1264100034193,,,,1,용도지역코드,UQA122,제2종일반주거지역,1,0,,제2종일반주거지역,20221008
경상남도 양산시 하북면 순지리 756-19번지,48330,34021,0,0756,0019,1264100034193,,,,3,용도구역코드,UOA120,상대보호구역,1,0,,상대정화구역,20221008
경상남도 양산시 하북면 순지리 756-32번지,48330,34021,0,0756,0032,12646853,,,,1,용도지역코드,1022,제2종일반주거지역,1,0,,제2종일반주거지역,20221008
경상남도 양산시 하북면 순지리 756-32번지,48330,34021,0,0756,0032,12644431,,,,1,용도지역코드,1022,제2종일반주거지역,1,0,,제2종일반주거지역,20221008
경상남도 양산시 하북면 순지리 756-32번지,48330,34021,0,0756,0032,12644431,,,,2,용도지구코드,990,기타지구,1,0,,기타지구,20221008
경상남도 양산시 하북면 순지리 756-32번지,48330,34021,0,0756,0032,12644431,,,,3,용도구역코드,990,기타구역,1,0,,기타구역,20221008
경상남도 양산시 하북면 순지리 756-37번지,48330,34021,0,0756,0037,1264100087261,,,,1,용도지역코드,UQA122,제2종일반주거지역,1,0,,제2종일반주거지역,20221008
경상남도 양산시 하북면 순지리 756-37번지,48330,34021,0,0756,0037,1264100087261,,,,3,용도구역코드,UOA120,상대보호구역,1,0,,상대정화구역,20221008
경상남도 양산시 하북면 순지리 756-38번지,48330,34021,0,0756,0038,1264100028190,,,,1,용도지역코드,UQA122,제2종일반주거지역,1,0,,제2종일반주거지역,20221008
경상남도 양산시 하북면 순지리 756-38번지,48330,34021,0,0756,0038,1264100028190,,,,3,용도구역코드,UOA120,상대보호구역,1,0,,상대정화구역,20221008
경상남도 양산시 하북면 순지리 756-40번지,48330,34021,0,0756,0040,12648865,,,,1,용도지역코드,1022,제2종일반주거지역,1,0,,제2종일반주거지역,20221008
경상남도 양산시 하북면 순지리 756-44번지,48330,34021,0,0756,0044,1264100019740,,,,1,용도지역코드,1022,제2종일반주거지역,1,0,,제2종일반주거지역,20221008
경상남도 양산시 하북면 순지리 756-84번지,48330,34021,0,0756,0084,12648864,,,,1,용도지역코드,1022,제2종일반주거지역,1,0,,제2종일반주거지역,20221008
경상남도 양산시 하북면 순지리 756-85번지,48330,34021,0,0756,0085,12648863,,,,1,용도지역코드,1022,제2종일반주거지역,1,0,,제2종일반주거지역,20221008
경상남도 양산시 하북면 순지리 756-85번지,48330,34021,0,0756,0085,1264100022044,,,,1,용도지역코드,UQA122,제2종일반주거지역,1,0,,제2종일반주거지역,20221008
경상남도 양산시 하북면 순지리 756-87번지,48330,34021,0,0756,0087,1264100019742,,,,1,용도지역코드,1022,제2종일반주거지역,1,0,,제2종일반주거지역,20221008
경상남도 양산시 하북면 순지리 757번지,48330,34021,0,0757,0000,12642435,,,,1,용도지역코드,1020,일반주거지역,1,0,,일반주거지역,20221008
경상남도 양산시 하북면 순지리 759번지,48330,34021,0,0759,0000,126449,,,,1,용도지역코드,1020,일반주거지역,1,0,,일반주거지역,20221008
경상남도 양산시 하북면 순지리 770번지,48330,34021,0,0770,0000,1264100055189,,,,1,용도지역코드,UQA122,제2종일반주거지역,1,0,,제2종일반주거지역,20221008
경상남도 양산시 하북면 순지리 802-2번지,48330,34021,0,0802,0002,12641881,,,,1,용도지역코드,1120,일반상업지역,1,0,,일반상업지역,20221008
경상남도 양산시 하북면 순지리 811-3번지,48330,34021,0,0811,0003,1264100092203,,,,1,용도지역코드,UQA130,준주거지역,1,0,,준주거지역,20221008
경상남도 양산시 하북면 순지리 811-3번지,48330,34021,0,0811,0003,1264100092203,,,,2,용도지구코드,UQH110,최고고도지구,1,0,,최고고도지구,20221008
경상남도 양산시 하북면 순지리 811-10번지,48330,34021,0,0811,0010,12646564,,,,1,용도지역코드,1030,준주거지역,1,0,,준주거지역,20221008
경상남도 양산시 하북면 순지리 811-10번지,48330,34021,0,0811,0010,12646564,,,,2,용도지구코드,112,최고고도지구,1,0,,최고고도지구,20221008
경상남도 양산시 하북면 순지리 812-1번지,48330,34021,0,0812,0001,1264100075199,,,,1,용도지역코드,UQA130,준주거지역,1,0,,준주거지역,20221008
경상남도 양산시 하북면 순지리 812-1번지,48330,34021,0,0812,0001,1264100075199,,,,2,용도지구코드,UQH110,최고고도지구,1,0,,최고고도지구,20221008
경상남도 양산시 하북면 순지리 812-1번지,48330,34021,0,0812,0001,1264100121219,,,,1,용도지역코드,UQA130,준주거지역,1,0,,준주거지역,20221008
경상남도 양산시 하북면 순지리 812-1번지,48330,34021,0,0812,0001,1264100121219,,,,2,용도지구코드,UQH110,최고고도지구,1,0,,최고고도지구,20221008
경상남도 양산시 하북면 순지리 812-2번지,48330,34021,0,0812,0002,1264100023687,,,,1,용도지역코드,UQA130,준주거지역,1,0,,준주거지역,20221008
경상남도 양산시 하북면 순지리 812-2번지,48330,34021,0,0812,0002,1264100023687,,,,2,용도지구코드,UQH110,최고고도지구,1,0,,최고고도지구,20221008
경상남도 양산시 하북면 순지리 812-3번지,48330,34021,0,0812,0003,1264100017214,,,,1,용도지역코드,1030,준주거지역,1,0,,준주거지역,20221008
경상남도 양산시 하북면 순지리 812-3번지,48330,34021,0,0812,0003,12647267,,,,1,용도지역코드,1030,준주거지역,1,0,,준주거지역,20221008
경상남도 양산시 하북면 순지리 812-3번지,48330,34021,0,0812,0003,12647267,,,,2,용도지구코드,112,최고고도지구,1,0,,최고고도지구,20221008
경상남도 양산시 하북면 순지리 812-4번지,48330,34021,0,0812,0004,1264100036212,,,,1,용도지역코드,UQA130,준주거지역,1,0,,준주거지역,20221008
경상남도 양산시 하북면 순지리 812-4번지,48330,34021,0,0812,0004,1264100036212,,,,2,용도지구코드,UQH110,최고고도지구,1,0,,최고고도지구,20221008
경상남도 양산시 하북면 순지리 812-6번지,48330,34021,0,0812,0006,12647273,,,,1,용도지역코드,1030,준주거지역,1,0,,준주거지역,20221008
경상남도 양산시 하북면 순지리 812-6번지,48330,34021,0,0812,0006,12647273,,,,2,용도지구코드,112,최고고도지구,1,0,,최고고도지구,20221008
경상남도 양산시 하북면 순지리 812-6번지,48330,34021,0,0812,0006,1264100006106,,,,1,용도지역코드,1030,준주거지역,1,0,,준주거지역,20221008
경상남도 양산시 하북면 순지리 812-6번지,48330,34021,0,0812,0006,1264100006106,,,,2,용도지구코드,112,최고고도지구,1,0,,최고고도지구,20221008
경상남도 양산시 하북면 순지리 812-6번지,48330,34021,0,0812,0006,1264100006106,,,,3,용도구역코드,,,1,0,,,20221008
경상남도 양산시 하북면 순지리 812-6번지,48330,34021,0,0812,0006,1264100010270,,,,1,용도지역코드,1030,준주거지역,1,0,,준주거지역,20221008
경상남도 양산시 하북면 순지리 812-6번지,48330,34021,0,0812,0006,1264100010270,,,,2,용도지구코드,112,최고고도지구,1,0,,최고고도지구,20221008
경상남도 양산시 하북면 순지리 812-8번지,48330,34021,0,0812,0008,1000000000000000645638,,,,3,용도구역코드,UMZ100,가축사육제한구역,1,0,,가축사육제한구역,20250630
경상남도 양산시 하북면 순지리 812-8번지,48330,34021,0,0812,0008,1000000000000000645638,,,,1,용도지역코드,UQA130,준주거지역,1,0,,준주거지역,20250630
경상남도 양산시 하북면 순지리 812-8번지,48330,34021,0,0812,0008,1264100043647,,,,1,용도지역코드,UQA130,준주거지역,1,0,,준주거지역,20221008
경상남도 양산시 하북면 순지리 812-8번지,48330,34021,0,0812,0008,1264100043647,,,,2,용도지구코드,UQH110,최고고도지구,1,0,,최고고도지구,20221008
경상남도 양산시 하북면 순지리 812-8번지,48330,34021,0,0812,0008,1264100122379,,,,1,용도지역코드,UQA130,준주거지역,1,0,,준주거지역,20221008
경상남도 양산시 하북면 순지리 812-8번지,48330,34021,0,0812,0008,1264100122379,,,,2,용도지구코드,UQH120,최저고도지구,1,0,,최저고도지구,20221008
경상남도 양산시 하북면 순지리 812-8번지,48330,34021,0,0812,0008,1264100122379,,,,3,용도구역코드,UMZ100,가축사육제한구역,1,0,,가축사육제한구역,20221008
경상남도 양산시 하북면 순지리 812-9번지,48330,34021,0,0812,0009,1264100093361,,,,2,용도지구코드,UQH110,최고고도지구,1,0,,최고고도지구,20221008
경상남도 양산시 하북면 순지리 812-9번지,48330,34021,0,0812,0009,1264100093361,,,,1,용도지역코드,UQA130,준주거지역,1,0,,준주거지역,20221008
경상남도 양산시 하북면 순지리 812-10번지,48330,34021,0,0812,0010,1264100036236,,,,1,용도지역코드,UQA130,준주거지역,1,0,,준주거지역,20221008
경상남도 양산시 하북면 순지리 813-1번지,48330,34021,0,0813,0001,1264100018103,,,,1,용도지역코드,1030,준주거지역,1,0,,준주거지역,20221008
경상남도 양산시 하북면 순지리 813-1번지,48330,34021,0,0813,0001,1264100018103,,,,2,용도지구코드,112,최고고도지구,1,0,,최고고도지구,20221008
경상남도 양산시 하북면 순지리 813-1번지,48330,34021,0,0813,0001,1264100021223,,,,1,용도지역코드,1030,준주거지역,1,0,,준주거지역,20221008
경상남도 양산시 하북면 순지리 813-1번지,48330,34021,0,0813,0001,1264100021223,,,,2,용도지구코드,112,최고고도지구,1,0,,최고고도지구,20221008
경상남도 양산시 하북면 순지리 813-6번지,48330,34021,0,0813,0006,12643443,,,,1,용도지역코드,1030,준주거지역,1,0,,준주거지역,20221008
경상남도 양산시 하북면 순지리 813-9번지,48330,34021,0,0813,0009,12649399,,,,1,용도지역코드,1030,준주거지역,1,0,,준주거지역,20221008
경상남도 양산시 하북면 순지리 813-9번지,48330,34021,0,0813,0009,12649399,,,,2,용도지구코드,112,최고고도지구,1,0,,최고고도지구,20221008
경상남도 양산시 하북면 순지리 814-1번지,48330,34021,0,0814,0001,1264100072339,,,,1,용도지역코드,UQA130,준주거지역,1,0,,준주거지역,20221008
경상남도 양산시 하북면 순지리 814-1번지,48330,34021,0,0814,0001,1264100072339,,,,2,용도지구코드,UQH110,최고고도지구,1,0,,최고고도지구,20221008
경상남도 양산시 하북면 순지리 814-1번지,48330,34021,0,0814,0001,1264100074620,,,,1,용도지역코드,UQA130,준주거지역,1,0,,준주거지역,20221008
경상남도 양산시 하북면 순지리 814-1번지,48330,34021,0,0814,0001,1264100074620,,,,2,용도지구코드,UQH110,최고고도지구,1,0,,최고고도지구,20221008
경상남도 양산시 하북면 순지리 814-2번지,48330,34021,0,0814,0002,1264100093681,,,,1,용도지역코드,UQA130,준주거지역,1,0,,준주거지역,20221008
경상남도 양산시 하북면 순지리 814-2번지,48330,34021,0,0814,0002,1264100093681,,,,2,용도지구코드,UQH110,최고고도지구,1,0,,최고고도지구,20221008
경상남도 양산시 하북면 순지리 816-1번지,48330,34021,0,0816,0001,1264100087345,,,,1,용도지역코드,UQA130,준주거지역,1,0,,준주거지역,20221008
경상남도 양산시 하북면 순지리 816-1번지,48330,34021,0,0816,0001,1264100087345,,,,2,용도지구코드,UQH110,최고고도지구,1,0,,최고고도지구,20221008
경상남도 양산시 하북면 순지리 816-2번지,48330,34021,0,0816,0002,1264100135543,,,,1,용도지역코드,UQA130,준주거지역,1,0,,준주거지역,20221008
경상남도 양산시 하북면 순지리 816-3번지,48330,34021,0,0816,0003,1264100028630,,,,1,용도지역코드,UQA130,준주거지역,1,0,,준주거지역,20221008
경상남도 양산시 하북면 순지리 816-3번지,48330,34021,0,0816,0003,1264100028630,,,,2,용도지구코드,UQH110,최고고도지구,1,0,,최고고도지구,20221008
경상남도 양산시 하북면 순지리 816-4번지,48330,34021,0,0816,0004,1000000000000000313917,,,,3,용도구역코드,UMZ100,가축사육제한구역,1,0,,가축사육제한구역,20230704
경상남도 양산시 하북면 순지리 816-4번지,48330,34021,0,0816,0004,1000000000000000313917,,,,1,용도지역코드,UQA130,준주거지역,1,0,,준주거지역,20230704
경상남도 양산시 하북면 순지리 816-4번지,48330,34021,0,0816,0004,1264100113757,,,,1,용도지역코드,UQA130,준주거지역,1,0,,준주거지역,20230512
경상남도 양산시 하북면 순지리 816-4번지,48330,34021,0,0816,0004,1264100113757,,,,2,용도지구코드,UQH110,최고고도지구,1,0,,최고고도지구,20230512
경상남도 양산시 하북면 순지리 816-5번지,48330,34021,0,0816,0005,12647266,,,,1,용도지역코드,1030,준주거지역,1,0,,준주거지역,20221008
경상남도 양산시 하북면 순지리 816-5번지,48330,34021,0,0816,0005,12647266,,,,2,용도지구코드,112,최고고도지구,1,0,,최고고도지구,20221008
경상남도 양산시 하북면 순지리 816-5번지,48330,34021,0,0816,0005,12648487,,,,1,용도지역코드,1030,준주거지역,1,0,,준주거지역,20221008
경상남도 양산시 하북면 순지리 816-6번지,48330,34021,0,0816,0006,1264100123880,,,,1,용도지역코드,UQA130,준주거지역,1,0,,준주거지역,20221008
경상남도 양산시 하북면 순지리 816-6번지,48330,34021,0,0816,0006,1264100123880,,,,2,용도지구코드,UQH100,고도지구,1,0,,고도지구,20221008
경상남도 양산시 하북면 순지리 816-7번지,48330,34021,0,0816,0007,1264100021682,,,,1,용도지역코드,UQA130,준주거지역,1,0,,준주거지역,20221008
경상남도 양산시 하북면 순지리 816-7번지,48330,34021,0,0816,0007,1264100021682,,,,2,용도지구코드,UQH110,최고고도지구,1,0,,최고고도지구,20221008
경상남도 양산시 하북면 순지리 816-8번지,48330,34021,0,0816,0008,1264100087343,,,,1,용도지역코드,UQA130,준주거지역,1,0,,준주거지역,20221008
경상남도 양산시 하북면 순지리 816-8번지,48330,34021,0,0816,0008,1264100087343,,,,2,용도지구코드,UQH110,최고고도지구,1,0,,최고고도지구,20221008
경상남도 양산시 하북면 순지리 817-1번지,48330,34021,0,0817,0001,1264100039634,,,,1,용도지역코드,UQA130,준주거지역,1,0,,준주거지역,20221008
경상남도 양산시 하북면 순지리 817-1번지,48330,34021,0,0817,0001,1264100039634,,,,2,용도지구코드,UQH110,최고고도지구,1,0,,최고고도지구,20221008
경상남도 양산시 하북면 순지리 817-1번지,48330,34021,0,0817,0001,1264100039634,,,,3,용도구역코드,UOA120,상대보호구역,1,0,,상대정화구역,20221008
경상남도 양산시 하북면 순지리 817-3번지,48330,34021,0,0817,0003,1264100038793,,,,1,용도지역코드,UQA130,준주거지역,1,0,,준주거지역,20221008
경상남도 양산시 하북면 순지리 817-3번지,48330,34021,0,0817,0003,1264100038793,,,,2,용도지구코드,UQH110,최고고도지구,1,0,,최고고도지구,20221008
경상남도 양산시 하북면 순지리 817-3번지,48330,34021,0,0817,0003,1264100038793,,,,3,용도구역코드,UOA120,상대보호구역,1,0,,상대정화구역,20221008
경상남도 양산시 하북면 순지리 817-4번지,48330,34021,0,0817,0004,1264100074379,,,,1,용도지역코드,UQA130,준주거지역,1,0,,준주거지역,20221008
경상남도 양산시 하북면 순지리 817-4번지,48330,34021,0,0817,0004,1264100074379,,,,2,용도지구코드,UQH110,최고고도지구,1,0,,최고고도지구,20221008
경상남도 양산시 하북면 순지리 817-4번지,48330,34021,0,0817,0004,1264100074379,,,,3,용도구역코드,UOA120,상대보호구역,1,0,,상대정화구역,20221008
경상남도 양산시 하북면 순지리 817-4번지,48330,34021,0,0817,0004,1264100120442,,,,1,용도지역코드,UQA130,준주거지역,1,0,,준주거지역,20221008
경상남도 양산시 하북면 순지리 817-4번지,48330,34021,0,0817,0004,1264100120442,,,,2,용도지구코드,UQH110,최고고도지구,1,0,,최고고도지구,20221008
경상남도 양산시 하북면 순지리 817-4번지,48330,34021,0,0817,0004,1264100087883,,,,1,용도지역코드,UQA130,준주거지역,1,0,,준주거지역,20221008
경상남도 양산시 하북면 순지리 817-4번지,48330,34021,0,0817,0004,1264100087883,,,,2,용도지구코드,UQH110,최고고도지구,1,0,,최고고도지구,20221008
경상남도 양산시 하북면 순지리 817-5번지,48330,34021,0,0817,0005,1264100088584,,,,1,용도지역코드,UQA130,준주거지역,1,0,,준주거지역,20221008
경상남도 양산시 하북면 순지리 817-5번지,48330,34021,0,0817,0005,1264100088584,,,,3,용도구역코드,UOA120,상대보호구역,1,0,,상대정화구역,20221008
경상남도 양산시 하북면 순지리 817-7번지,48330,34021,0,0817,0007,1264100037873,,,,1,용도지역코드,UQA130,준주거지역,1,0,,준주거지역,20221008
경상남도 양산시 하북면 순지리 817-7번지,48330,34021,0,0817,0007,1264100037873,,,,2,용도지구코드,UQH110,최고고도지구,1,0,,최고고도지구,20221008
경상남도 양산시 하북면 순지리 817-7번지,48330,34021,0,0817,0007,1264100037873,,,,3,용도구역코드,UOA120,상대보호구역,1,0,,상대정화구역,20221008
경상남도 양산시 하북면 순지리 817-9번지,48330,34021,0,0817,0009,1264100016814,,,,1,용도지역코드,1030,준주거지역,1,0,,준주거지역,20221008
경상남도 양산시 하북면 순지리 817-10번지,48330,34021,0,0817,0010,1264100037872,,,,1,용도지역코드,UQA130,준주거지역,1,0,,준주거지역,20221008
경상남도 양산시 하북면 순지리 817-10번지,48330,34021,0,0817,0010,1264100037872,,,,2,용도지구코드,UQH110,최고고도지구,1,0,,최고고도지구,20221008
경상남도 양산시 하북면 순지리 817-10번지,48330,34021,0,0817,0010,1264100037872,,,,3,용도구역코드,UOA120,상대보호구역,1,0,,상대정화구역,20221008
경상남도 양산시 하북면 순지리 817-11번지,48330,34021,0,0817,0011,1264100038792,,,,1,용도지역코드,UQA130,준주거지역,1,0,,준주거지역,20221008
경상남도 양산시 하북면 순지리 817-11번지,48330,34021,0,0817,0011,1264100038792,,,,2,용도지구코드,UQH110,최고고도지구,1,0,,최고고도지구,20221008
경상남도 양산시 하북면 순지리 817-11번지,48330,34021,0,0817,0011,1264100038792,,,,3,용도구역코드,UOA120,상대보호구역,1,0,,상대정화구역,20221008
경상남도 양산시 하북면 순지리 817-12번지,48330,34021,0,0817,0012,1264100039633,,,,1,용도지역코드,UQA130,준주거지역,1,0,,준주거지역,20221008
경상남도 양산시 하북면 순지리 817-12번지,48330,34021,0,0817,0012,1264100039633,,,,2,용도지구코드,UQH110,최고고도지구,1,0,,최고고도지구,20221008
경상남도 양산시 하북면 순지리 817-12번지,48330,34021,0,0817,0012,1264100039633,,,,3,용도구역코드,UOA120,상대보호구역,1,0,,상대정화구역,20221008
경상남도 양산시 하북면 순지리 818-5번지,48330,34021,0,0818,0005,1264100069501,,,,1,용도지역코드,UQA130,준주거지역,1,0,,준주거지역,20221008
경상남도 양산시 하북면 순지리 818-5번지,48330,34021,0,0818,0005,1264100069501,,,,2,용도지구코드,UQH110,최고고도지구,1,0,,최고고도지구,20221008
경상남도 양산시 하북면 순지리 818-5번지,48330,34021,0,0818,0005,1264100069501,,,,3,용도구역코드,UOA120,상대보호구역,1,0,,상대정화구역,20221008
경상남도 양산시 하북면 순지리 819-1번지,48330,34021,0,0819,0001,1264100021821,,,,1,용도지역코드,UQA130,준주거지역,1,0,,준주거지역,20221008
경상남도 양산시 하북면 순지리 819-1번지,48330,34021,0,0819,0001,1264100021821,,,,2,용도지구코드,UQH110,최고고도지구,1,0,,최고고도지구,20221008
경상남도 양산시 하북면 순지리 819-4번지,48330,34021,0,0819,0004,1264100071519,,,,1,용도지역코드,UQA130,준주거지역,1,0,,준주거지역,20221008
경상남도 양산시 하북면 순지리 819-4번지,48330,34021,0,0819,0004,1264100071519,,,,2,용도지구코드,UQH110,최고고도지구,1,0,,최고고도지구,20221008
경상남도 양산시 하북면 순지리 819-6번지,48330,34021,0,0819,0006,1264100105117,,,,1,용도지역코드,UQA130,준주거지역,1,0,,준주거지역,20221008
경상남도 양산시 하북면 순지리 819-6번지,48330,34021,0,0819,0006,1264100105117,,,,2,용도지구코드,UQH110,최고고도지구,1,0,,최고고도지구,20221008
경상남도 양산시 하북면 순지리 819-6번지,48330,34021,0,0819,0006,1264100105117,,,,3,용도구역코드,UOA120,상대보호구역,1,0,,상대정화구역,20221008
경상남도 양산시 하북면 순지리 819-6번지,48330,34021,0,0819,0006,1264100039113,,,,1,용도지역코드,UQA130,준주거지역,1,0,,준주거지역,20221008
경상남도 양산시 하북면 순지리 819-6번지,48330,34021,0,0819,0006,1264100039113,,,,2,용도지구코드,UQH110,최고고도지구,1,0,,최고고도지구,20221008
경상남도 양산시 하북면 순지리 819-6번지,48330,34021,0,0819,0006,1264100039113,,,,3,용도구역코드,UOA120,상대보호구역,1,0,,상대정화구역,20221008
경상남도 양산시 하북면 순지리 819-12번지,48330,34021,0,0819,0012,1264100144184,,,,1,용도지역코드,UQA130,준주거지역,1,0,,준주거지역,20221008
경상남도 양산시 하북면 순지리 819-12번지,48330,34021,0,0819,0012,1264100144184,,,,2,용도지구코드,UQH100,고도지구,1,0,,고도지구,20221008
경상남도 양산시 하북면 순지리 819-12번지,48330,34021,0,0819,0012,1264100144184,,,,3,용도구역코드,UMZ100,가축사육제한구역,1,0,,가축사육제한구역,20221008
경상남도 양산시 하북면 순지리 819-13번지,48330,34021,0,0819,0013,12644109,,,,1,용도지역코드,1030,준주거지역,1,0,,준주거지역,20221008
경상남도 양산시 하북면 순지리 819-13번지,48330,34021,0,0819,0013,12644109,,,,2,용도지구코드,111,최저고도지구,0,0,,최저고도지구,20221008
경상남도 양산시 하북면 순지리 819-13번지,48330,34021,0,0819,0013,12644109,,,,2,용도지구코드,112,최고고도지구,1,0,,최고고도지구,20221008
경상남도 양산시 하북면 순지리 820-2번지,48330,34021,0,0820,0002,1264100025732,,,,1,용도지역코드,UQA130,준주거지역,1,0,,준주거지역,20221008
경상남도 양산시 하북면 순지리 820-3번지,48330,34021,0,0820,0003,1264100021565,,,,1,용도지역코드,UQA130,준주거지역,1,0,,준주거지역,20221008
경상남도 양산시 하북면 순지리 820-3번지,48330,34021,0,0820,0003,1264100021565,,,,2,용도지구코드,UQH110,최고고도지구,1,0,,최고고도지구,20221008
경상남도 양산시 하북면 순지리 820-3번지,48330,34021,0,0820,0003,1264100021565,,,,3,용도구역코드,UOA120,상대보호구역,1,0,,상대정화구역,20221008
경상남도 양산시 하북면 순지리 820-5번지,48330,34021,0,0820,0005,12644060,구획정리사업지구,10,4-2,1,용도지역코드,1030,준주거지역,1,0,,준주거지역,20221008
경상남도 양산시 하북면 순지리 820-8번지,48330,34021,0,0820,0008,12645733,10B 2L,,,1,용도지역코드,1030,준주거지역,1,0,,준주거지역,20221008
경상남도 양산시 하북면 순지리 820-8번지,48330,34021,0,0820,0008,12645733,10B 2L,,,2,용도지구코드,340,토지구획정리사업지구,1,0,,토지구획정리사업지구,20221008
경상남도 양산시 하북면 순지리 820-9번지,48330,34021,0,0820,0009,1264100083906,,,,1,용도지역코드,UQA130,준주거지역,1,0,,준주거지역,20221008
경상남도 양산시 하북면 순지리 820-9번지,48330,34021,0,0820,0009,1264100083906,,,,2,용도지구코드,UQH110,최고고도지구,1,0,,최고고도지구,20221008
경상남도 양산시 하북면 순지리 820-12번지,48330,34021,0,0820,0012,1264100021642,,,,1,용도지역코드,UQA130,준주거지역,1,0,,준주거지역,20221008
경상남도 양산시 하북면 순지리 820-12번지,48330,34021,0,0820,0012,1264100021642,,,,2,용도지구코드,UQH110,최고고도지구,1,0,,최고고도지구,20221008
경상남도 양산시 하북면 순지리 820-12번지,48330,34021,0,0820,0012,1264100021642,,,,3,용도구역코드,UOA120,상대보호구역,1,0,,상대정화구역,20221008
경상남도 양산시 하북면 순지리 821-1번지,48330,34021,0,0821,0001,1264100100213,,,,1,용도지역코드,UQA220,일반상업지역,1,0,,일반상업지역,20221008
경상남도 양산시 하북면 순지리 821-1번지,48330,34021,0,0821,0001,1264100100213,,,,2,용도지구코드,UQH110,최고고도지구,1,0,,최고고도지구,20221008
경상남도 양산시 하북면 순지리 821-1번지,48330,34021,0,0821,0001,1000000000000000572138,,,,3,용도구역코드,UMZ100,가축사육제한구역,1,0,,가축사육제한구역,20240819
경상남도 양산시 하북면 순지리 821-1번지,48330,34021,0,0821,0001,1000000000000000572138,,,,3,용도구역코드,UOA120,상대보호구역,0,0,,상대보호구역,20240819
경상남도 양산시 하북면 순지리 821-1번지,48330,34021,0,0821,0001,1000000000000000572138,,,,1,용도지역코드,UQA220,일반상업지역,1,0,,일반상업지역,20240819
경상남도 양산시 하북면 순지리 821-1번지,48330,34021,0,0821,0001,1264100148016,,,,1,용도지역코드,UQA220,일반상업지역,1,0,,일반상업지역,20221008
경상남도 양산시 하북면 순지리 821-1번지,48330,34021,0,0821,0001,1264100148016,,,,3,용도구역코드,UOA120,상대보호구역,1,0,,상대보호구역,20221008
경상남도 양산시 하북면 순지리 821-1번지,48330,34021,0,0821,0001,1264100014494,,,,1,용도지역코드,1120,일반상업지역,1,0,,일반상업지역,20221008
경상남도 양산시 하북면 순지리 821-1번지,48330,34021,0,0821,0001,1264100014494,,,,2,용도지구코드,112,최고고도지구,1,0,,최고고도지구,20221008
경상남도 양산시 하북면 순지리 822-2번지,48330,34021,0,0822,0002,1264100132328,,,,1,용도지역코드,UQA130,준주거지역,1,0,,준주거지역,20221008
경상남도 양산시 하북면 순지리 822-2번지,48330,34021,0,0822,0002,1264100132328,,,,2,용도지구코드,UQH100,고도지구,1,0,,고도지구,20221008
경상남도 양산시 하북면 순지리 822-4번지,48330,34021,0,0822,0004,1264100083902,,,,1,용도지역코드,UQA130,준주거지역,1,0,,준주거지역,20221008
경상남도 양산시 하북면 순지리 822-4번지,48330,34021,0,0822,0004,1264100083902,,,,2,용도지구코드,UQH110,최고고도지구,1,0,,최고고도지구,20221008
경상남도 양산시 하북면 순지리 822-5번지,48330,34021,0,0822,0005,1264100071561,,,,1,용도지역코드,UQA130,준주거지역,1,0,,준주거지역,20221008
경상남도 양산시 하북면 순지리 822-7번지,48330,34021,0,0822,0007,1264100052212,,,,1,용도지역코드,UQA130,준주거지역,1,0,,준주거지역,20221008
경상남도 양산시 하북면 순지리 822-7번지,48330,34021,0,0822,0007,1264100052212,,,,2,용도지구코드,UQH110,최고고도지구,1,0,,최고고도지구,20221008
경상남도 양산시 하북면 순지리 822-7번지,48330,34021,0,0822,0007,1264100052212,,,,3,용도구역코드,UOA120,상대보호구역,1,0,,상대정화구역,20221008
경상남도 양산시 하북면 순지리 822-8번지,48330,34021,0,0822,0008,1264100092202,,,,2,용도지구코드,UQH110,최고고도지구,1,0,,최고고도지구,20221008
경상남도 양산시 하북면 순지리 822-8번지,48330,34021,0,0822,0008,1264100092202,,,,3,용도구역코드,UOA120,상대보호구역,1,0,,상대정화구역,20221008
경상남도 양산시 하북면 순지리 822-8번지,48330,34021,0,0822,0008,1264100052211,,,,1,용도지역코드,UQA130,준주거지역,1,0,,준주거지역,20221008
경상남도 양산시 하북면 순지리 822-8번지,48330,34021,0,0822,0008,1264100052211,,,,2,용도지구코드,UQH110,최고고도지구,1,0,,최고고도지구,20221008
경상남도 양산시 하북면 순지리 822-8번지,48330,34021,0,0822,0008,1264100052211,,,,3,용도구역코드,UOA120,상대보호구역,1,0,,상대정화구역,20221008
경상남도 양산시 하북면 순지리 822-8번지,48330,34021,0,0822,0008,1264100092202,,,,1,용도지역코드,UQA130,준주거지역,1,0,,준주거지역,20221008
경상남도 양산시 하북면 순지리 822-9번지,48330,34021,0,0822,0009,1264100090221,,,,1,용도지역코드,UQA130,준주거지역,1,0,,준주거지역,20221008
경상남도 양산시 하북면 순지리 822-9번지,48330,34021,0,0822,0009,1264100114976,,,,1,용도지역코드,UQA130,준주거지역,1,0,,준주거지역,20221008
경상남도 양산시 하북면 순지리 822-10번지,48330,34021,0,0822,0010,1264100084502,,,,1,용도지역코드,UQA130,준주거지역,1,0,,준주거지역,20221008
경상남도 양산시 하북면 순지리 822-11번지,48330,34021,0,0822,0011,1264100083244,,,,1,용도지역코드,UQA130,준주거지역,1,0,,준주거지역,20221008
경상남도 양산시 하북면 순지리 822-11번지,48330,34021,0,0822,0011,1264100083244,,,,2,용도지구코드,UQH110,최고고도지구,1,0,,최고고도지구,20221008
경상남도 양산시 하북면 순지리 823-1번지,48330,34021,0,0823,0001,1264149,,,,1,용도지역코드,1330,자연녹지지역,1,0,,자연녹지지역,20221008
경상남도 양산시 하북면 순지리 823-1번지,48330,34021,0,0823,0001,1264100025230,,,,1,용도지역코드,UQA122,제2종일반주거지역,1,0,,제2종일반주거지역,20221008
경상남도 양산시 하북면 순지리 823-1번지,48330,34021,0,0823,0001,1264100025230,,,,2,용도지구코드,UQH110,최고고도지구,1,0,,최고고도지구,20221008
경상남도 양산시 하북면 순지리 823-1번지,48330,34021,0,0823,0001,1264100025230,,,,3,용도구역코드,UOA110,절대정화구역,1,0,,절대정화구역,20221008
경상남도 양산시 하북면 순지리 823-2번지,48330,34021,0,0823,0002,12648127,,,,1,용도지역코드,1022,제2종일반주거지역,1,0,,제2종일반주거지역,20221008
경상남도 양산시 하북면 순지리 823-2번지,48330,34021,0,0823,0002,12648127,,,,2,용도지구코드,112,최고고도지구,1,0,,최고고도지구,20221008
경상남도 양산시 하북면 순지리 823-2번지,48330,34021,0,0823,0002,12648127,,,,2,용도지구코드,340,토지구획정리사업지구,0,0,,토지구획정리사업지구,20221008
경상남도 양산시 하북면 순지리 823-4번지,48330,34021,0,0823,0004,1264100098477,,,,1,용도지역코드,UQA122,제2종일반주거지역,1,0,,제2종일반주거지역,20221008
경상남도 양산시 하북면 순지리 823-4번지,48330,34021,0,0823,0004,1264100098477,,,,2,용도지구코드,UQH110,최고고도지구,1,0,,최고고도지구,20221008
경상남도 양산시 하북면 순지리 824-1번지,48330,34021,0,0824,0001,12649385,,,,1,용도지역코드,1022,제2종일반주거지역,1,0,,제2종일반주거지역,20221008
경상남도 양산시 하북면 순지리 824-1번지,48330,34021,0,0824,0001,12649385,,,,2,용도지구코드,112,최고고도지구,1,0,,최고고도지구,20221008
경상남도 양산시 하북면 순지리 824-6번지,48330,34021,0,0824,0006,1264100110258,,,,1,용도지역코드,UQA122,제2종일반주거지역,1,0,,제2종일반주거지역,20221008
경상남도 양산시 하북면 순지리 824-6번지,48330,34021,0,0824,0006,1264100110258,,,,2,용도지구코드,UQH110,최고고도지구,1,0,,최고고도지구,20221008
경상남도 양산시 하북면 순지리 824-6번지,48330,34021,0,0824,0006,1264100110258,,,,3,용도구역코드,UOA120,상대보호구역,1,0,,상대보호구역,20221008
경상남도 양산시 하북면 순지리 824-6번지,48330,34021,0,0824,0006,1264100110258,,,,3,용도구역코드,UOA110,절대정화구역,0,0,,절대보호구역,20221008
경상남도 양산시 하북면 순지리 825-2번지,48330,34021,0,0825,0002,1264100027769,,,,1,용도지역코드,UQA122,제2종일반주거지역,1,0,,제2종일반주거지역,20221008
경상남도 양산시 하북면 순지리 825-2번지,48330,34021,0,0825,0002,1264100027769,,,,2,용도지구코드,UQH110,최고고도지구,1,0,,최고고도지구,20221008
경상남도 양산시 하북면 순지리 825-3번지,48330,34021,0,0825,0003,12648042,,,,1,용도지역코드,1022,제2종일반주거지역,1,0,,제2종일반주거지역,20221008
경상남도 양산시 하북면 순지리 825-3번지,48330,34021,0,0825,0003,12648042,,,,2,용도지구코드,112,최고고도지구,1,0,,최고고도지구,20221008
경상남도 양산시 하북면 순지리 825-3번지,48330,34021,0,0825,0003,12648042,,,,3,용도구역코드,010,도시계획구역,1,0,,도시계획구역,20221008
경상남도 양산시 하북면 순지리 825-5번지,48330,34021,0,0825,0005,1264100081360,,,,1,용도지역코드,UQA122,제2종일반주거지역,1,0,,제2종일반주거지역,20221008
경상남도 양산시 하북면 순지리 825-5번지,48330,34021,0,0825,0005,1264100081360,,,,2,용도지구코드,UQH110,최고고도지구,1,0,,최고고도지구,20221008
경상남도 양산시 하북면 순지리 825-5번지,48330,34021,0,0825,0005,1264100081360,,,,3,용도구역코드,UOA120,상대보호구역,1,0,,상대정화구역,20221008
경상남도 양산시 하북면 순지리 825-6번지,48330,34021,0,0825,0006,1264100110259,,,,1,용도지역코드,UQA122,제2종일반주거지역,1,0,,제2종일반주거지역,20221008
경상남도 양산시 하북면 순지리 825-6번지,48330,34021,0,0825,0006,1264100007045,,,,1,용도지역코드,1022,제2종일반주거지역,1,0,,제2종일반주거지역,20221008
경상남도 양산시 하북면 순지리 825-6번지,48330,34021,0,0825,0006,1264100007045,,,,2,용도지구코드,112,최고고도지구,1,0,,최고고도지구,20221008
경상남도 양산시 하북면 순지리 825-7번지,48330,34021,0,0825,0007,12647327,,,,1,용도지역코드,1022,제2종일반주거지역,1,0,,제2종일반주거지역,20221008
경상남도 양산시 하북면 순지리 825-7번지,48330,34021,0,0825,0007,12647327,,,,2,용도지구코드,112,최고고도지구,1,0,,최고고도지구,20221008
경상남도 양산시 하북면 순지리 825-9번지,48330,34021,0,0825,0009,1264100142723,,,,1,용도지역코드,UQA122,제2종일반주거지역,1,0,,제2종일반주거지역,20221008
경상남도 양산시 하북면 순지리 825-9번지,48330,34021,0,0825,0009,1264100142723,,,,2,용도지구코드,UQH100,고도지구,1,0,,고도지구,20221008
경상남도 양산시 하북면 순지리 825-11번지,48330,34021,0,0825,0011,1264100027770,,,,1,용도지역코드,UQA122,제2종일반주거지역,1,0,,제2종일반주거지역,20221008
경상남도 양산시 하북면 순지리 825-11번지,48330,34021,0,0825,0011,1264100027770,,,,2,용도지구코드,UQH110,최고고도지구,1,0,,최고고도지구,20221008
경상남도 양산시 하북면 순지리 826-4번지,48330,34021,0,0826,0004,1264100051790,,,,1,용도지역코드,UQA122,제2종일반주거지역,1,0,,제2종일반주거지역,20221008
경상남도 양산시 하북면 순지리 826-4번지,48330,34021,0,0826,0004,1264100051790,,,,2,용도지구코드,UQH110,최고고도지구,1,0,,최고고도지구,20221008
경상남도 양산시 하북면 순지리 826-4번지,48330,34021,0,0826,0004,1264100051790,,,,3,용도구역코드,UOA120,상대보호구역,1,0,,상대정화구역,20221008
경상남도 양산시 하북면 순지리 826-4번지,48330,34021,0,0826,0004,1264100091441,,,,1,용도지역코드,UQA122,제2종일반주거지역,1,0,,제2종일반주거지역,20221008
경상남도 양산시 하북면 순지리 826-4번지,48330,34021,0,0826,0004,1264100091441,,,,2,용도지구코드,UQH110,최고고도지구,1,0,,최고고도지구,20221008
경상남도 양산시 하북면 순지리 826-8번지,48330,34021,0,0826,0008,1264100047948,,,,1,용도지역코드,UQA122,제2종일반주거지역,1,0,,제2종일반주거지역,20221008
경상남도 양산시 하북면 순지리 826-8번지,48330,34021,0,0826,0008,1264100047948,,,,3,용도구역코드,UOA120,상대보호구역,1,0,,상대정화구역,20221008
경상남도 양산시 하북면 순지리 826-10번지,48330,34021,0,0826,0010,1264100040127,,,,1,용도지역코드,UQA122,제2종일반주거지역,1,0,,제2종일반주거지역,20221008
경상남도 양산시 하북면 순지리 826-10번지,48330,34021,0,0826,0010,1264100040127,,,,2,용도지구코드,UQH110,최고고도지구,1,0,,최고고도지구,20221008
경상남도 양산시 하북면 순지리 826-10번지,48330,34021,0,0826,0010,1264100040127,,,,3,용도구역코드,UOA120,상대보호구역,1,0,,상대정화구역,20221008
경상남도 양산시 하북면 순지리 826-11번지,48330,34021,0,0826,0011,1264100047947,,,,1,용도지역코드,UQA122,제2종일반주거지역,1,0,,제2종일반주거지역,20221008
경상남도 양산시 하북면 순지리 826-11번지,48330,34021,0,0826,0011,1264100047947,,,,3,용도구역코드,UOA120,상대보호구역,1,0,,상대정화구역,20221008
경상남도 양산시 하북면 순지리 827-4번지,48330,34021,0,0827,0004,1264100019416,,,,1,용도지역코드,1022,제2종일반주거지역,1,0,,제2종일반주거지역,20221008
경상남도 양산시 하북면 순지리 827-4번지,48330,34021,0,0827,0004,1264100019416,,,,2,용도지구코드,112,최고고도지구,1,0,,최고고도지구,20221008
경상남도 양산시 하북면 순지리 827-4번지,48330,34021,0,0827,0004,1264100008588,,,,1,용도지역코드,1022,제2종일반주거지역,1,0,,제2종일반주거지역,20221008
경상남도 양산시 하북면 순지리 827-4번지,48330,34021,0,0827,0004,1264100008588,,,,2,용도지구코드,112,최고고도지구,1,0,,최고고도지구,20221008
경상남도 양산시 하북면 순지리 827-8번지,48330,34021,0,0827,0008,1264100052126,,,,1,용도지역코드,UQA122,제2종일반주거지역,1,0,,제2종일반주거지역,20221008
경상남도 양산시 하북면 순지리 827-8번지,48330,34021,0,0827,0008,1264100052126,,,,2,용도지구코드,UQH110,최고고도지구,1,0,,최고고도지구,20221008
경상남도 양산시 하북면 순지리 827-8번지,48330,34021,0,0827,0008,1264100052126,,,,3,용도구역코드,UOA120,상대보호구역,1,0,,상대정화구역,20221008
경상남도 양산시 하북면 순지리 827-8번지,48330,34021,0,0827,0008,1264100085386,,,,1,용도지역코드,UQA122,제2종일반주거지역,1,0,,제2종일반주거지역,20221008
경상남도 양산시 하북면 순지리 827-8번지,48330,34021,0,0827,0008,1264100085386,,,,2,용도지구코드,UQH110,최고고도지구,1,0,,최고고도지구,20221008
경상남도 양산시 하북면 순지리 827-8번지,48330,34021,0,0827,0008,1264100085386,,,,3,용도구역코드,UOA120,상대보호구역,1,0,,상대정화구역,20221008
경상남도 양산시 하북면 순지리 827-11번지,48330,34021,0,0827,0011,1264100063161,,,,1,용도지역코드,UQA122,제2종일반주거지역,1,0,,제2종일반주거지역,20221008
경상남도 양산시 하북면 순지리 827-11번지,48330,34021,0,0827,0011,1264100063161,,,,2,용도지구코드,UQH110,최고고도지구,1,0,,최고고도지구,20221008
경상남도 양산시 하북면 순지리 827-11번지,48330,34021,0,0827,0011,1264100063161,,,,3,용도구역코드,UOA120,상대보호구역,1,0,,상대정화구역,20221008
경상남도 양산시 하북면 순지리 827-13번지,48330,34021,0,0827,0013,1264100019120,,,,1,용도지역코드,1022,제2종일반주거지역,1,0,,제2종일반주거지역,20221008
경상남도 양산시 하북면 순지리 827-13번지,48330,34021,0,0827,0013,1264100019120,,,,2,용도지구코드,112,최고고도지구,1,0,,최고고도지구,20221008
경상남도 양산시 하북면 순지리 827-13번지,48330,34021,0,0827,0013,1264100019120,,,,3,용도구역코드,272,상대정화구역,1,0,,상대정화구역,20221008
경상남도 양산시 하북면 순지리 827-14번지,48330,34021,0,0827,0014,1264100019119,,,,2,용도지구코드,112,최고고도지구,1,0,,최고고도지구,20221008
경상남도 양산시 하북면 순지리 827-14번지,48330,34021,0,0827,0014,1264100019119,,,,3,용도구역코드,272,상대정화구역,1,0,,상대정화구역,20221008
경상남도 양산시 하북면 순지리 827-14번지,48330,34021,0,0827,0014,1264100019119,,,,1,용도지역코드,1022,제2종일반주거지역,1,0,,제2종일반주거지역,20221008
경상남도 양산시 하북면 순지리 828-3번지,48330,34021,0,0828,0003,12643070,,,,1,용도지역코드,1020,일반주거지역,1,0,,일반주거지역,20221008
경상남도 양산시 하북면 순지리 828-3번지,48330,34021,0,0828,0003,12643070,,,,2,용도지구코드,112,최고고도지구,1,0,,최고고도지구,20221008
경상남도 양산시 하북면 순지리 829-2번지,48330,34021,0,0829,0002,1264100037741,,,,1,용도지역코드,UQA122,제2종일반주거지역,1,0,,제2종일반주거지역,20221008
경상남도 양산시 하북면 순지리 829-2번지,48330,34021,0,0829,0002,1264100037741,,,,2,용도지구코드,UQH120,최저고도지구,1,0,,최저고도지구,20221008
경상남도 양산시 하북면 순지리 829-2번지,48330,34021,0,0829,0002,1264100037740,,,,1,용도지역코드,UQA122,제2종일반주거지역,1,0,,제2종일반주거지역,20221008
경상남도 양산시 하북면 순지리 829-2번지,48330,34021,0,0829,0002,1264100037740,,,,2,용도지구코드,UQH120,최저고도지구,1,0,,최저고도지구,20221008
경상남도 양산시 하북면 순지리 829-3번지,48330,34021,0,0829,0003,1000000000000000236689,,,,1,용도지역코드,UQA122,제2종일반주거지역,1,0,,제2종일반주거지역,20250612
경상남도 양산시 하북면 순지리 829-6번지,48330,34021,0,0829,0006,1000000000000000852383,,,,3,용도구역코드,UOA120,상대보호구역,1,0,,상대보호구역,20251215
경상남도 양산시 하북면 순지리 829-6번지,48330,34021,0,0829,0006,1000000000000000852383,,,,3,용도구역코드,UMZ100,가축사육제한구역,0,0,,가축사육제한구역,20251215
경상남도 양산시 하북면 순지리 829-6번지,48330,34021,0,0829,0006,1000000000000000852383,,,,1,용도지역코드,UQA122,제2종일반주거지역,1,0,,제2종일반주거지역,20251215
경상남도 양산시 하북면 순지리 829-6번지,48330,34021,0,0829,0006,1264100026349,,,,1,용도지역코드,UQA122,제2종일반주거지역,1,0,,제2종일반주거지역,20221008
경상남도 양산시 하북면 순지리 829-6번지,48330,34021,0,0829,0006,1264100026349,,,,2,용도지구코드,UQH110,최고고도지구,1,0,,최고고도지구,20221008
경상남도 양산시 하북면 순지리 829-6번지,48330,34021,0,0829,0006,1264100026349,,,,3,용도구역코드,UOA120,상대보호구역,1,0,,상대정화구역,20221008
경상남도 양산시 하북면 순지리 829-12번지,48330,34021,0,0829,0012,1264100015256,,,,1,용도지역코드,1022,제2종일반주거지역,1,0,,제2종일반주거지역,20221008
경상남도 양산시 하북면 순지리 829-12번지,48330,34021,0,0829,0012,1264100015256,,,,2,용도지구코드,112,최고고도지구,1,0,,최고고도지구,20221008
경상남도 양산시 하북면 순지리 829-12번지,48330,34021,0,0829,0012,1264100015256,,,,3,용도구역코드,272,상대정화구역,1,0,,상대정화구역,20221008
경상남도 양산시 하북면 순지리 829-14번지,48330,34021,0,0829,0014,1264100015035,,,,1,용도지역코드,1022,제2종일반주거지역,1,0,,제2종일반주거지역,20221008
경상남도 양산시 하북면 순지리 829-14번지,48330,34021,0,0829,0014,1264100015035,,,,2,용도지구코드,112,최고고도지구,1,0,,최고고도지구,20221008
경상남도 양산시 하북면 순지리 829-14번지,48330,34021,0,0829,0014,1264100015035,,,,3,용도구역코드,272,상대정화구역,1,0,,상대정화구역,20221008
경상남도 양산시 하북면 순지리 829-14번지,48330,34021,0,0829,0014,1264100020998,,,,1,용도지역코드,1022,제2종일반주거지역,1,0,,제2종일반주거지역,20221008
경상남도 양산시 하북면 순지리 829-14번지,48330,34021,0,0829,0014,1264100020998,,,,2,용도지구코드,112,최고고도지구,1,0,,최고고도지구,20221008
경상남도 양산시 하북면 순지리 829-14번지,48330,34021,0,0829,0014,1264100020998,,,,3,용도구역코드,272,상대정화구역,1,0,,상대정화구역,20221008
경상남도 양산시 하북면 순지리 829-15번지,48330,34021,0,0829,0015,1264100080220,,,,1,용도지역코드,UQA122,제2종일반주거지역,1,0,,제2종일반주거지역,20221008
경상남도 양산시 하북면 순지리 829-15번지,48330,34021,0,0829,0015,1264100080220,,,,2,용도지구코드,UQH110,최고고도지구,1,0,,최고고도지구,20221008
경상남도 양산시 하북면 순지리 829-15번지,48330,34021,0,0829,0015,1264100080220,,,,3,용도구역코드,UOA120,상대보호구역,1,0,,상대정화구역,20221008
경상남도 양산시 하북면 순지리 834번지,48330,34021,0,0834,0000,12648307,,,,1,용도지역코드,1022,제2종일반주거지역,1,0,,제2종일반주거지역,20221008
경상남도 양산시 하북면 순지리 834번지,48330,34021,0,0834,0000,12648307,,,,1,용도지역코드,1030,준주거지역,0,0,,준주거지역,20221008
경상남도 양산시 하북면 순지리 834번지,48330,34021,0,0834,0000,12648307,,,,1,용도지역코드,1120,일반상업지역,0,0,,일반상업지역,20221008
경상남도 양산시 하북면 순지리 834번지,48330,34021,0,0834,0000,12648307,,,,2,용도지구코드,112,최고고도지구,1,0,,최고고도지구,20221008
경상남도 양산시 하북면 순지리 834번지,48330,34021,0,0834,0000,12648307,,,,3,용도구역코드,010,도시계획구역,1,0,,도시계획구역,20221008
경상남도 양산시 하북면 순지리 산8-1번지,48330,34021,1,0008,0001,12649490,,,,1,용도지역코드,1330,자연녹지지역,1,0,,자연녹지지역,20221008
경상남도 양산시 하북면 순지리 산8-1번지,48330,34021,1,0008,0001,12649490,,,,2,용도지구코드,990,기타지구,1,0,,기타지구,20221008
경상남도 양산시 하북면 순지리 산8-3번지,48330,34021,1,0008,0003,12641336,경상남도 양산시 하북면 순지리 산,8,3,1,용도지역코드,1330,자연녹지지역,1,0,,자연녹지지역,20221008
경상남도 양산시 하북면 순지리 산8-3번지,48330,34021,1,0008,0003,12648243,,,,1,용도지역코드,1330,자연녹지지역,1,0,,자연녹지지역,20221008
경상남도 양산시 하북면 순지리 산8-3번지,48330,34021,1,0008,0003,12648243,,,,2,용도지구코드,990,기타지구,1,0,,기타지구,20221008
경상남도 양산시 하북면 순지리 산8-3번지,48330,34021,1,0008,0003,12644435,,,,1,용도지역코드,1330,자연녹지지역,1,0,,자연녹지지역,20221008
경상남도 양산시 하북면 순지리 산8-3번지,48330,34021,1,0008,0003,12644435,,,,2,용도지구코드,990,기타지구,1,0,,기타지구,20221008
경상남도 양산시 하북면 순지리 산8-3번지,48330,34021,1,0008,0003,12644435,,,,3,용도구역코드,990,기타구역,1,0,,기타구역,20221008
경상남도 양산시 하북면 순지리 산8-3번지,48330,34021,1,0008,0003,1264100052671,,,,1,용도지역코드,UQA430,자연녹지지역,1,0,,자연녹지지역,20221008
경상남도 양산시 하북면 순지리 산8-3번지,48330,34021,1,0008,0003,1264100052671,,,,1,용도지역코드,UQA220,일반상업지역,0,0,,일반상업지역,20221008
경상남도 양산시 하북면 순지리 산8-3번지,48330,34021,1,0008,0003,1264100052671,,,,1,용도지역코드,UQA121,제1종일반주거지역,0,0,,제1종일반주거지역,20221008
경상남도 양산시 하북면 순지리 산8-3번지,48330,34021,1,0008,0003,1264100052671,,,,2,용도지구코드,UQH110,최고고도지구,1,0,,최고고도지구,20221008
경상남도 양산시 하북면 순지리 산8-3번지,48330,34021,1,0008,0003,1264100052671,,,,3,용도구역코드,UOA120,상대보호구역,1,0,,상대정화구역,20221008
경상남도 양산시 하북면 순지리 산8-3번지,48330,34021,1,0008,0003,12642872,경상남도 양산시 하북면 순지리 산,8,3,1,용도지역코드,1330,자연녹지지역,1,0,,자연녹지지역,20221008
경상남도 양산시 하북면 순지리 산8-3번지,48330,34021,1,0008,0003,1264100027489,,,,1,용도지역코드,UQA430,자연녹지지역,1,0,,자연녹지지역,20221008
경상남도 양산시 하북면 순지리 산8-3번지,48330,34021,1,0008,0003,12643448,,산8,3,1,용도지역코드,1330,자연녹지지역,1,0,,자연녹지지역,20221008
경상남도 양산시 하북면 순지리 산8-3번지,48330,34021,1,0008,0003,1264778,경상남도 양산시 하북면 순지리 산,8,3,1,용도지역코드,1330,자연녹지지역,1,0,,자연녹지지역,20221008
경상남도 양산시 하북면 순지리 산8-3번지,48330,34021,1,0008,0003,1264948,경상남도 양산시 하북면 순지리,8,3,1,용도지역코드,1330,자연녹지지역,1,0,,자연녹지지역,20221008
경상남도 양산시 하북면 순지리 산8-3번지,48330,34021,1,0008,0003,1264100016494,,,,1,용도지역코드,1330,자연녹지지역,1,0,,자연녹지지역,20221008
경상남도 양산시 하북면 순지리 산8-3번지,48330,34021,1,0008,0003,12649011,,,,1,용도지역코드,1330,자연녹지지역,1,0,,자연녹지지역,20221008
경상남도 양산시 하북면 순지리 산8-3번지,48330,34021,1,0008,0003,12649011,,,,2,용도지구코드,990,기타지구,1,0,,기타지구,20221008
경상남도 양산시 하북면 순지리 산11-3번지,48330,34021,1,0011,0003,1264100146805,,,,1,용도지역코드,UQA430,자연녹지지역,1,0,,자연녹지지역,20221008
경상남도 양산시 하북면 순지리 산11-3번지,48330,34021,1,0011,0003,1264100147490,,,,1,용도지역코드,UQA430,자연녹지지역,1,0,,자연녹지지역,20221008
경상남도 양산시 하북면 순지리 산13-1번지,48330,34021,1,0013,0001,1264100028252,,,,1,용도지역코드,UQA430,자연녹지지역,1,0,,자연녹지지역,20221008
경상남도 양산시 하북면 순지리 산13-2번지,48330,34021,1,0013,0002,1000000000000000346369,,,,1,용도지역코드,UQA430,자연녹지지역,1,0,,자연녹지지역,20230905
경상남도 양산시 하북면 순지리 산13-4번지,48330,34021,1,0013,0004,1264100043444,,,,1,용도지역코드,UQA430,자연녹지지역,1,0,,자연녹지지역,20221008
경상남도 양산시 하북면 순지리 산13-4번지,48330,34021,1,0013,0004,1264100031057,,,,1,용도지역코드,UQA430,자연녹지지역,1,0,,자연녹지지역,20221008
경상남도 양산시 하북면 순지리 산13-5번지,48330,34021,1,0013,0005,1264100033567,,,,1,용도지역코드,UQA430,자연녹지지역,1,0,,자연녹지지역,20221008
경상남도 양산시 하북면 순지리 산21-1번지,48330,34021,1,0021,0001,1264877,,,,1,용도지역코드,1330,자연녹지지역,1,0,,자연녹지지역,20221008
경상남도 양산시 하북면 순지리 산26-3번지,48330,34021,1,0026,0003,12641295,경상남도 양산시 하북면 순지리,26,3,1,용도지역코드,Z200,준농림지역,1,0,,준농림지역,20221008
경상남도 양산시 하북면 순지리 산26-3번지,48330,34021,1,0026,0003,12641744,경상남도 양산시 하북면 순지리,26,3,1,용도지역코드,Z200,준농림지역,1,0,,준농림지역,20221008
경상남도 양산시 하북면 순지리 산28-3번지,48330,34021,1,0028,0003,1264100015756,,,,1,용도지역코드,1330,자연녹지지역,1,0,,자연녹지지역,20260518
경상남도 양산시 하북면 순지리 산28-3번지,48330,34021,1,0028,0003,12648054,,,,1,용도지역코드,1330,자연녹지지역,1,0,,자연녹지지역,20221008
경상남도 양산시 하북면 순지리 산28-3번지,48330,34021,1,0028,0003,12648054,,,,3,용도구역코드,010,도시계획구역,1,0,,도시계획구역,20221008
경상남도 양산시 하북면 순지리 산28-8번지,48330,34021,1,0028,0008,1264100067022,,,,1,용도지역코드,UQA430,자연녹지지역,1,0,,자연녹지지역,20221008
경상남도 양산시 하북면 순지리 산28-8번지,48330,34021,1,0028,0008,12648905,,,,1,용도지역코드,1330,자연녹지지역,1,0,,자연녹지지역,20221008
경상남도 양산시 하북면 순지리 산28-9번지,48330,34021,1,0028,0009,1264100093242,,,,1,용도지역코드,UQA430,자연녹지지역,1,0,,자연녹지지역,20221008
경상남도 양산시 하북면 순지리 산28-9번지,48330,34021,1,0028,0009,1264100093242,,,,1,용도지역코드,UM2100,공장설립승인지역,0,0,,공장설립승인지역,20221008
경상남도 양산시 하북면 순지리 산28-10번지,48330,34021,1,0028,0010,1264100021983,,,,1,용도지역코드,UQA430,자연녹지지역,1,0,,자연녹지지역,20221008
경상남도 양산시 하북면 순지리 산28-11번지,48330,34021,1,0028,0011,1264100093241,,,,1,용도지역코드,UQA430,자연녹지지역,1,0,,자연녹지지역,20221008
경상남도 양산시 하북면 순지리 산28-11번지,48330,34021,1,0028,0011,1264100093241,,,,1,용도지역코드,UM2100,공장설립승인지역,0,0,,공장설립승인지역,20221008
경상남도 양산시 하북면 순지리 산33-16번지,48330,34021,1,0033,0016,12646546,,,,1,용도지역코드,1330,자연녹지지역,1,0,,자연녹지지역,20221008
경상남도 양산시 하북면 순지리 산33-24번지,48330,34021,1,0033,0024,1264100142544,,,,1,용도지역코드,UQA430,자연녹지지역,1,0,,자연녹지지역,20240808
경상남도 양산시 하북면 순지리 산39-1번지,48330,34021,1,0039,0001,1000000000000000963052,,,,1,용도지역코드,UQA430,자연녹지지역,1,0,,자연녹지지역,20260605
경상남도 양산시 하북면 순지리 산279-11번지,48330,34021,1,0279,0011,12643657,,,,1,용도지역코드,1330,자연녹지지역,1,0,,자연녹지지역,20221008
경상남도 양산시 하북면 순지리 블록,48330,34021,2,0000,0000,12643353,8블럭 6놋트,,,1,용도지역코드,1030,준주거지역,1,0,,준주거지역,20221008
경상남도 양산시 하북면 순지리 블록,48330,34021,2,0000,0000,12643353,8블럭 6놋트,,,2,용도지구코드,112,최고고도지구,1,0,,최고고도지구,20221008
경상남도 양산시 하북면 순지리 블록,48330,34021,2,0000,0000,12643543,토지구획정리사업지구,15,5-1,1,용도지역코드,1020,일반주거지역,1,0,,일반주거지역,20221008
경상남도 양산시 하북면 순지리 블록,48330,34021,2,0000,0000,12643543,토지구획정리사업지구,15,5-1,1,용도지역코드,1012,제2종전용주거지역,0,0,,제2종 전용주거지역,20221008
경상남도 양산시 하북면 순지리 블록,48330,34021,2,0000,0000,12643543,토지구획정리사업지구,15,5-1,1,용도지역코드,1022,제2종일반주거지역,0,0,,제2종일반주거지역,20221008
경상남도 양산시 하북면 순지리 블록,48330,34021,2,0000,0000,12643543,토지구획정리사업지구,15,5-1,2,용도지구코드,990,기타지구,1,0,,기타지구,20221008
경상남도 양산시 하북면 순지리 블록,48330,34021,2,0000,0000,12643498,14블럭 4-2놋트,,,1,용도지역코드,1020,일반주거지역,1,0,,일반주거지역,20221008
경상남도 양산시 하북면 순지리 블록,48330,34021,2,0000,0000,12644925,토지구획정리사업지구,9,5,1,용도지역코드,1030,준주거지역,1,0,,준주거지역,20221008
경상남도 양산시 하북면 순지리 블록,48330,34021,2,0000,0000,12645845,하북지구토지구획정리지구,3,3-1,1,용도지역코드,1030,준주거지역,1,0,,준주거지역,20221008
경상남도 양산시 하북면 순지리 블록,48330,34021,2,0000,0000,12644093,하북구획정리지구,18,2-1,1,용도지역코드,1020,일반주거지역,1,0,,일반주거지역,20221008
경상남도 양산시 하북면 순지리 블록,48330,34021,2,0000,0000,12644982,하북구획정리사업지구,2,2-2,1,용도지역코드,1030,준주거지역,1,0,,준주거지역,20221008
경상남도 양산시 하북면 순지리 블록,48330,34021,2,0000,0000,12644760,하북지구,1,4,1,용도지역코드,1030,준주거지역,1,0,,준주거지역,20221008
경상남도 양산시 하북면 순지리 블록,48330,34021,2,0000,0000,12644760,하북지구,1,4,2,용도지구코드,990,기타지구,1,0,,기타지구,20221008
경상남도 양산시 하북면 순지리 블록,48330,34021,2,0000,0000,12644760,하북지구,1,4,3,용도구역코드,990,기타구역,1,0,,기타구역,20221008
경상남도 양산시 하북면 순지리 블록,48330,34021,2,0000,0000,12645219,하북토지구획정리사업지구,1,2,1,용도지역코드,1030,준주거지역,1,0,,준주거지역,20221008
경상남도 양산시 하북면 순지리 블록,48330,34021,2,0000,0000,12644848,하북지구 토지구획정리사업지구,1,5,1,용도지역코드,1030,준주거지역,1,0,,준주거지역,20221008
경상남도 양산시 하북면 순지리 블록,48330,34021,2,0000,0000,12644848,하북지구 토지구획정리사업지구,1,5,2,용도지구코드,340,토지구획정리사업지구,1,0,,토지구획정리사업지구,20221008
경상남도 양산시 하북면 순지리 블록,48330,34021,2,0000,0000,12643710,하북구획정리지구 19B 5-1N,,,1,용도지역코드,1020,일반주거지역,1,0,,일반주거지역,20221008
경상남도 양산시 하북면 순지리 블록,48330,34021,2,0000,0000,12646292,토지구획정리지구,9,7,1,용도지역코드,1030,준주거지역,1,0,,준주거지역,20221008
경상남도 양산시 하북면 순지리 블록,48330,34021,2,0000,0000,12645337,12-2,12,2,1,용도지역코드,1030,준주거지역,1,0,,준주거지역,20221008
경상남도 양산시 하북면 순지리 블록,48330,34021,2,0000,0000,12645496,순지토지구획정리지구,,,1,용도지역코드,1030,준주거지역,1,0,,준주거지역,20221008
경상남도 양산시 하북면 순지리 블록,48330,34021,2,0000,0000,12645496,순지토지구획정리지구,,,2,용도지구코드,340,토지구획정리사업지구,1,0,,토지구획정리사업지구,20221008
경상남도 양산시 하북면 순지리 블록,48330,34021,2,0000,0000,12645496,순지토지구획정리지구,,,3,용도구역코드,130,토지구획정리사업구역,1,0,,토지구획정리사업구역,20221008
경상남도 양산시 하북면 순지리 블록,48330,34021,2,0000,0000,12645498,19블럭  8-2놋트,,,1,용도지역코드,1022,제2종일반주거지역,1,0,,제2종일반주거지역,20221008
경상남도 양산시 하북면 순지리 블록,48330,34021,2,0000,0000,12645498,19블럭  8-2놋트,,,2,용도지구코드,340,토지구획정리사업지구,1,0,,토지구획정리사업지구,20221008
경상남도 양산시 하북면 순지리 블록,48330,34021,2,0000,0000,12643624,10블럭 5-2놋트,,,1,용도지역코드,1030,준주거지역,1,0,,준주거지역,20221008
경상남도 양산시 하북면 순지리 블록,48330,34021,2,0000,0000,12643624,10블럭 5-2놋트,,,2,용도지구코드,340,토지구획정리사업지구,1,0,,토지구획정리사업지구,20221008
경상남도 양산시 하북면 순지리 블록,48330,34021,2,0000,0000,12643642,하북토지구획정리지구내 16블럭 4-3놋트,,,1,용도지역코드,1020,일반주거지역,1,0,,일반주거지역,20221008
경상남도 양산시 하북면 순지리 블록,48330,34021,2,0000,0000,12643484,하북구획정리사업지구18블럭2-1놋트,,,1,용도지역코드,1020,일반주거지역,1,0,,일반주거지역,20221008
경상남도 양산시 하북면 순지리 블록,48330,34021,2,0000,0000,12643110,4블록 4롯트,,,1,용도지역코드,1030,준주거지역,1,0,,준주거지역,20221008
경상남도 양산시 하북면 순지리 블록,48330,34021,2,0000,0000,12642747,하북지구토지구획정리지구내 511-8(6B 4N),,,1,용도지역코드,1030,준주거지역,1,0,,준주거지역,20221008
경상남도 양산시 하북면 순지리 블록,48330,34021,2,0000,0000,12642769,토지구획정리사업지구 1B 6L,,,1,용도지역코드,1030,준주거지역,1,0,,준주거지역,20221008
경상남도 양산시 하북면 순지리 블록,48330,34021,2,0000,0000,12642815,하북지구토지구획정리지구 6블록 3롯트,,,1,용도지역코드,1030,준주거지역,1,0,,준주거지역,20221008
경상남도 양산시 하북면 순지리 블록2-4번지,48330,34021,2,0002,0004,12644767,하북토지구획정리지구,2,4,1,용도지역코드,1030,준주거지역,1,0,,준주거지역,20221008
경상남도 양산시 하북면 순지리 블록3-4번지,48330,34021,2,0003,0004,12644427,,,,1,용도지역코드,1030,준주거지역,1,0,,준주거지역,20221008
경상남도 양산시 하북면 순지리 블록3-4번지,48330,34021,2,0003,0004,12644427,,,,2,용도지구코드,340,토지구획정리사업지구,1,0,,토지구획정리사업지구,20221008
경상남도 양산시 하북면 순지리 블록3-4번지,48330,34021,2,0003,0004,12644427,,,,3,용도구역코드,130,토지구획정리사업구역,1,0,,토지구획정리사업구역,20221008
경상남도 양산시 하북면 순지리 블록3-4번지,48330,34021,2,0003,0004,12643650,하북구획정리지구 3B 4L,,,1,용도지역코드,1030,준주거지역,1,0,,준주거지역,20221008
경상남도 양산시 하북면 순지리 블록3-7번지,48330,34021,2,0003,0007,12643863,3블럭 7-2롯트,3,7-2,1,용도지역코드,1030,준주거지역,1,0,,준주거지역,20221008
경상남도 양산시 하북면 순지리 블록3-7번지,48330,34021,2,0003,0007,12643863,3블럭 7-2롯트,3,7-2,2,용도지구코드,340,토지구획정리사업지구,1,0,,토지구획정리사업지구,20221008
경상남도 양산시 하북면 순지리 블록4-5번지,48330,34021,2,0004,0005,12643713,하북구획정리사업지구,4,5,1,용도지역코드,1030,준주거지역,1,0,,준주거지역,20221008
경상남도 양산시 하북면 순지리 블록4-6번지,48330,34021,2,0004,0006,12643651,하북토지구획정리사업지구  4B 6-2L,,,1,용도지역코드,1030,준주거지역,1,0,,준주거지역,20221008
경상남도 양산시 하북면 순지리 블록4-6번지,48330,34021,2,0004,0006,12643651,하북토지구획정리사업지구  4B 6-2L,,,2,용도지구코드,340,토지구획정리사업지구,1,0,,토지구획정리사업지구,20221008
경상남도 양산시 하북면 순지리 블록4-7번지,48330,34021,2,0004,0007,12645899,하북지구토지구획정리지구,4,6-1,1,용도지역코드,1030,준주거지역,1,0,,준주거지역,20221008
경상남도 양산시 하북면 순지리 블록4-7번지,48330,34021,2,0004,0007,12645899,하북지구토지구획정리지구,4,6-1,2,용도지구코드,340,토지구획정리사업지구,1,0,,토지구획정리사업지구,20221008
경상남도 양산시 하북면 순지리 블록6-3번지,48330,34021,2,0006,0003,12644426,,,,1,용도지역코드,1030,준주거지역,1,0,,준주거지역,20221008
경상남도 양산시 하북면 순지리 블록6-3번지,48330,34021,2,0006,0003,12644426,,,,2,용도지구코드,340,토지구획정리사업지구,1,0,,토지구획정리사업지구,20221008
경상남도 양산시 하북면 순지리 블록6-3번지,48330,34021,2,0006,0003,12644426,,,,3,용도구역코드,130,토지구획정리사업구역,1,0,,토지구획정리사업구역,20221008
경상남도 양산시 하북면 순지리 블록6-3번지,48330,34021,2,0006,0003,12645086,토지구획정리지구,6B,3L,1,용도지역코드,1030,준주거지역,1,0,,준주거지역,20221008
경상남도 양산시 하북면 순지리 블록6-6번지,48330,34021,2,0006,0006,12644422,,,,1,용도지역코드,1010,전용주거지역,0,0,,전용주거지역,20221008
경상남도 양산시 하북면 순지리 블록6-6번지,48330,34021,2,0006,0006,12644422,,,,1,용도지역코드,1030,준주거지역,1,0,,준주거지역,20221008
경상남도 양산시 하북면 순지리 블록6-6번지,48330,34021,2,0006,0006,12644422,,,,2,용도지구코드,340,토지구획정리사업지구,1,0,,토지구획정리사업지구,20221008
경상남도 양산시 하북면 순지리 블록7-2번지,48330,34021,2,0007,0002,12643597,7블럭 2놋트,,,1,용도지역코드,1030,준주거지역,1,0,,준주거지역,20221008
경상남도 양산시 하북면 순지리 블록7-2번지,48330,34021,2,0007,0002,12643597,7블럭 2놋트,,,2,용도지구코드,340,토지구획정리사업지구,1,0,,토지구획정리사업지구,20221008
경상남도 양산시 하북면 순지리 블록9-8번지,48330,34021,2,0009,0008,12643694,하북구획정리지구9블록8놋트,,,1,용도지역코드,1030,준주거지역,1,0,,준주거지역,20221008
경상남도 양산시 하북면 순지리 블록9-9번지,48330,34021,2,0009,0009,12643589,9B 9L,,,1,용도지역코드,1030,준주거지역,1,0,,준주거지역,20221008
경상남도 양산시 하북면 순지리 블록9-10번지,48330,34021,2,0009,0010,12642325,,,,1,용도지역코드,1020,일반주거지역,1,0,,일반주거지역,20221008
경상남도 양산시 하북면 순지리 블록9-11번지,48330,34021,2,0009,0011,12642297,,,,1,용도지역코드,1020,일반주거지역,1,0,,일반주거지역,20221008
경상남도 양산시 하북면 순지리 블록10-4번지,48330,34021,2,0010,0004,12644579,하북구획정리지구,10,4-3,1,용도지역코드,1030,준주거지역,1,0,,준주거지역,20221008
경상남도 양산시 하북면 순지리 블록12-3번지,48330,34021,2,0012,0003,12644424,,,,1,용도지역코드,1020,일반주거지역,1,0,,일반주거지역,20221008
경상남도 양산시 하북면 순지리 블록12-3번지,48330,34021,2,0012,0003,12644424,,,,2,용도지구코드,340,토지구획정리사업지구,1,0,,토지구획정리사업지구,20221008
경상남도 양산시 하북면 순지리 블록12-3번지,48330,34021,2,0012,0003,12644424,,,,3,용도구역코드,990,기타구역,1,0,,기타구역,20221008
경상남도 양산시 하북면 순지리 블록13-1번지,48330,34021,2,0013,0001,12642466,,,,1,용도지역코드,1020,일반주거지역,1,0,,일반주거지역,20221008
경상남도 양산시 하북면 순지리 블록13-1번지,48330,34021,2,0013,0001,12642467,,,,1,용도지역코드,1020,일반주거지역,1,0,,일반주거지역,20221008
경상남도 양산시 하북면 순지리 블록14-1번지,48330,34021,2,0014,0001,12643594,14브럭 2-2놋트,,,1,용도지역코드,1020,일반주거지역,1,0,,일반주거지역,20221008
경상남도 양산시 하북면 순지리 블록14-1번지,48330,34021,2,0014,0001,12643594,14브럭 2-2놋트,,,2,용도지구코드,340,토지구획정리사업지구,1,0,,토지구획정리사업지구,20221008
경상남도 양산시 하북면 순지리 블록14-2번지,48330,34021,2,0014,0002,12643596,14브럭 2-1놋트,,,1,용도지역코드,1020,일반주거지역,1,0,,일반주거지역,20221008
경상남도 양산시 하북면 순지리 블록14-2번지,48330,34021,2,0014,0002,12643596,14브럭 2-1놋트,,,2,용도지구코드,340,토지구획정리사업지구,1,0,,토지구획정리사업지구,20221008
경상남도 양산시 하북면 순지리 블록14-2번지,48330,34021,2,0014,0002,12644525,하북구획정리사업지구,14,2-3,1,용도지역코드,1022,제2종일반주거지역,1,0,,제2종일반주거지역,20221008
경상남도 양산시 하북면 순지리 블록16-2번지,48330,34021,2,0016,0002,12643744,하북토지구획정리지구 16블럭 2-2놋트,,,1,용도지역코드,1020,일반주거지역,1,0,,일반주거지역,20221008
경상남도 양산시 하북면 순지리 블록16-3번지,48330,34021,2,0016,0003,12643830,구획정리지구,16,2-1,1,용도지역코드,1020,일반주거지역,1,0,,일반주거지역,20221008
경상남도 양산시 하북면 순지리 블록16-3번지,48330,34021,2,0016,0003,12643830,구획정리지구,16,2-1,2,용도지구코드,340,토지구획정리사업지구,1,0,,토지구획정리사업지구,20221008
경상남도 양산시 하북면 순지리 블록16-4번지,48330,34021,2,0016,0004,12643729,하북토지구획정리지구내,16,4-2,1,용도지역코드,1020,일반주거지역,1,0,,일반주거지역,20221008
경상남도 양산시 하북면 순지리 블록16-4번지,48330,34021,2,0016,0004,12643294,하북토지구획정리지구내 16블럭 4-1놋트,,,1,용도지역코드,1020,일반주거지역,1,0,,일반주거지역,20221008
경상남도 양산시 하북면 순지리 블록17-7번지,48330,34021,2,0017,0007,12644425,,,,1,용도지역코드,1020,일반주거지역,1,0,,일반주거지역,20221008
경상남도 양산시 하북면 순지리 블록17-7번지,48330,34021,2,0017,0007,12644425,,,,2,용도지구코드,340,토지구획정리사업지구,1,0,,토지구획정리사업지구,20221008
경상남도 양산시 하북면 순지리 블록17-7번지,48330,34021,2,0017,0007,12644425,,,,3,용도구역코드,130,토지구획정리사업구역,1,0,,토지구획정리사업구역,20221008
경상남도 양산시 하북면 순지리 블록19-6번지,48330,34021,2,0019,0006,12643197,,,,1,용도지역코드,1020,일반주거지역,1,0,,일반주거지역,20221008
경상남도 양산시 하북면 순지리 블록19-6번지,48330,34021,2,0019,0006,12643197,,,,2,용도지구코드,340,토지구획정리사업지구,1,0,,토지구획정리사업지구,20221008
경상남도 양산시 하북면 순지리 블록19-11번지,48330,34021,2,0019,0011,12644026,하북토지구획정리사업지구,19,11-1,1,용도지역코드,1020,일반주거지역,1,0,,일반주거지역,20221008
경상남도 양산시 하북면 순지리 블록19-11번지,48330,34021,2,0019,0011,12644026,하북토지구획정리사업지구,19,11-1,2,용도지구코드,340,토지구획정리사업지구,1,0,,토지구획정리사업지구,20221008
경상남도 양산시 하북면 순지리 블록19-11번지,48330,34021,2,0019,0011,12644026,하북토지구획정리사업지구,19,11-1,3,용도구역코드,980,용도구역미지정,1,0,,용도구역미지정,20221008
경상남도 양산시 하북면 순지리 ,48330,34021,,0000,0000,12642945,산8-3외 81필지,,,1,용도지역코드,1330,자연녹지지역,1,0,,자연녹지지역,20221008
경상남도 양산시 하북면 순지리 ,48330,34021,,0000,0000,12642945,산8-3외 81필지,,,2,용도지구코드,990,기타지구,1,0,,기타지구,20221008
경상남도 양산시 하북면 순지리 ,48330,34021,,0000,0000,12642406,"하북지구 토지구획정리지구 3B ,7-2L",,,1,용도지역코드,1020,일반주거지역,1,0,,일반주거지역,20221008
경상남도 양산시 하북면 순지리 207-2번지,48330,34021,,0207,0002,12643450,,,,1,용도지역코드,1330,자연녹지지역,1,0,,자연녹지지역,20221008
