대지위치,시군구코드,법정동코드,대지구분코드,번,지,관리허가대장PK,특수지명,블록,로트,지역지구구역구분코드,지역지구구역구분코드명,지역지구구역코드,지역지구구역코드명,대표여부,주동구분코드,주동구분코드명,지역지구구역명,생성일자
경상남도 양산시 동면 금산리 ,48330,31027,0,0000,0000,12648090,석산금산지구 토지구획정리지구,5,8,1,용도지역코드,1022,제2종일반주거지역,1,0,,제2종일반주거지역,20221008
경상남도 양산시 동면 금산리 ,48330,31027,0,0000,0000,12648090,석산금산지구 토지구획정리지구,5,8,2,용도지구코드,340,토지구획정리사업지구,1,0,,토지구획정리사업지구,20221008
경상남도 양산시 동면 금산리 9번지,48330,31027,0,0009,0000,1000000000000000648765,,,,3,용도구역코드,UDV100,개발제한구역,1,0,,개발제한구역,20250108
경상남도 양산시 동면 금산리 9번지,48330,31027,0,0009,0000,1000000000000000648765,,,,1,용도지역코드,UQA001,도시지역,1,0,,도시지역,20250108
경상남도 양산시 동면 금산리 12-1번지,48330,31027,0,0012,0001,12643585,498-1,,,1,용도지역코드,1020,일반주거지역,1,0,,일반주거지역,20221008
경상남도 양산시 동면 금산리 20번지,48330,31027,0,0020,0000,1000000000000000236191,,,,3,용도구역코드,UDV100,개발제한구역,1,0,,개발제한구역,20230223
경상남도 양산시 동면 금산리 20번지,48330,31027,0,0020,0000,1000000000000000236191,,,,1,용도지역코드,UQA430,자연녹지지역,1,0,,자연녹지지역,20230223
경상남도 양산시 동면 금산리 20-1번지,48330,31027,0,0020,0001,1000000000000000236194,,,,3,용도구역코드,UDV100,개발제한구역,1,0,,개발제한구역,20230223
경상남도 양산시 동면 금산리 20-1번지,48330,31027,0,0020,0001,1000000000000000236194,,,,1,용도지역코드,UQA430,자연녹지지역,1,0,,자연녹지지역,20230223
경상남도 양산시 동면 금산리 31번지,48330,31027,0,0031,0000,1000000000000000609955,,,,1,용도지역코드,UQA430,자연녹지지역,1,0,,자연녹지지역,20241031
경상남도 양산시 동면 금산리 31번지,48330,31027,0,0031,0000,1000000000000000609955,,,,3,용도구역코드,UDV100,개발제한구역,1,0,,개발제한구역,20241031
경상남도 양산시 동면 금산리 41번지,48330,31027,0,0041,0000,1264100078940,,,,1,용도지역코드,UQA430,자연녹지지역,1,0,,자연녹지지역,20221008
경상남도 양산시 동면 금산리 41번지,48330,31027,0,0041,0000,1264100078940,,,,3,용도구역코드,UDV100,개발제한구역,1,0,,개발제한구역,20221008
경상남도 양산시 동면 금산리 41번지,48330,31027,0,0041,0000,1264100080599,,,,1,용도지역코드,UQA430,자연녹지지역,1,0,,자연녹지지역,20221008
경상남도 양산시 동면 금산리 41번지,48330,31027,0,0041,0000,1264100080599,,,,3,용도구역코드,UDV100,개발제한구역,1,0,,개발제한구역,20221008
경상남도 양산시 동면 금산리 43번지,48330,31027,0,0043,0000,1264100156310,,,,1,용도지역코드,UQA430,자연녹지지역,1,0,,자연녹지지역,20221008
경상남도 양산시 동면 금산리 43번지,48330,31027,0,0043,0000,1264100156310,,,,3,용도구역코드,UDV100,개발제한구역,1,0,,개발제한구역,20221008
경상남도 양산시 동면 금산리 54번지,48330,31027,0,0054,0000,1264100134105,,,,1,용도지역코드,UQA430,자연녹지지역,1,0,,자연녹지지역,20221008
경상남도 양산시 동면 금산리 54번지,48330,31027,0,0054,0000,1264100134105,,,,3,용도구역코드,UDV100,개발제한구역,1,0,,개발제한구역,20221008
경상남도 양산시 동면 금산리 105번지,48330,31027,0,0105,0000,1264100117156,,,,1,용도지역코드,UQA430,자연녹지지역,1,0,,자연녹지지역,20221008
경상남도 양산시 동면 금산리 105번지,48330,31027,0,0105,0000,1264100117156,,,,3,용도구역코드,UDV100,개발제한구역,1,0,,개발제한구역,20221008
경상남도 양산시 동면 금산리 118번지,48330,31027,0,0118,0000,1264100158011,,,,3,용도구역코드,UDV100,개발제한구역,1,0,,개발제한구역,20230302
경상남도 양산시 동면 금산리 118번지,48330,31027,0,0118,0000,1264100158011,,,,1,용도지역코드,UFM120,공익용산지,0,0,,공익용산지,20230302
경상남도 양산시 동면 금산리 118번지,48330,31027,0,0118,0000,1264100158011,,,,1,용도지역코드,UQA430,자연녹지지역,1,0,,자연녹지지역,20230302
경상남도 양산시 동면 금산리 119번지,48330,31027,0,0119,0000,1264100083763,,,,1,용도지역코드,UQA430,자연녹지지역,1,0,,자연녹지지역,20221008
경상남도 양산시 동면 금산리 119번지,48330,31027,0,0119,0000,1264100083763,,,,1,용도지역코드,UFM120,공익용산지,0,0,,공익용산지,20221008
경상남도 양산시 동면 금산리 119번지,48330,31027,0,0119,0000,1264100083763,,,,3,용도구역코드,UDV100,개발제한구역,1,0,,개발제한구역,20221008
경상남도 양산시 동면 금산리 163번지,48330,31027,0,0163,0000,1264100057249,,,,1,용도지역코드,UQA430,자연녹지지역,1,0,,자연녹지지역,20221008
경상남도 양산시 동면 금산리 163번지,48330,31027,0,0163,0000,1264100057249,,,,3,용도구역코드,UDV100,개발제한구역,1,0,,개발제한구역,20221008
경상남도 양산시 동면 금산리 169번지,48330,31027,0,0169,0000,1000000000000000327748,,,,3,용도구역코드,UDV100,개발제한구역,1,0,,개발제한구역,20230629
경상남도 양산시 동면 금산리 169번지,48330,31027,0,0169,0000,1000000000000000327748,,,,1,용도지역코드,UQA430,자연녹지지역,1,0,,자연녹지지역,20230629
경상남도 양산시 동면 금산리 172-1번지,48330,31027,0,0172,0001,1264100143906,,,,1,용도지역코드,UQA430,자연녹지지역,1,0,,자연녹지지역,20221008
경상남도 양산시 동면 금산리 172-1번지,48330,31027,0,0172,0001,1264100143906,,,,3,용도구역코드,UDV100,개발제한구역,1,0,,개발제한구역,20221008
경상남도 양산시 동면 금산리 182번지,48330,31027,0,0182,0000,1000000000000000720935,,,,1,용도지역코드,UQA430,자연녹지지역,1,0,,자연녹지지역,20250509
경상남도 양산시 동면 금산리 185-4번지,48330,31027,0,0185,0004,1264100118837,,,,1,용도지역코드,UQA430,자연녹지지역,1,0,,자연녹지지역,20221008
경상남도 양산시 동면 금산리 185-4번지,48330,31027,0,0185,0004,1264100118837,,,,3,용도구역코드,UDV100,개발제한구역,1,0,,개발제한구역,20221008
경상남도 양산시 동면 금산리 193번지,48330,31027,0,0193,0000,1264100016975,,,,1,용도지역코드,1330,자연녹지지역,1,0,,자연녹지지역,20221008
경상남도 양산시 동면 금산리 195번지,48330,31027,0,0195,0000,1264100033785,,,,1,용도지역코드,UQA430,자연녹지지역,1,0,,자연녹지지역,20221008
경상남도 양산시 동면 금산리 195번지,48330,31027,0,0195,0000,12648031,,,,1,용도지역코드,1330,자연녹지지역,1,0,,자연녹지지역,20221008
경상남도 양산시 동면 금산리 199-2번지,48330,31027,0,0199,0002,12649382,,,,1,용도지역코드,1022,제2종일반주거지역,1,0,,제2종일반주거지역,20221008
경상남도 양산시 동면 금산리 213-1번지,48330,31027,0,0213,0001,1264100018537,,,,1,용도지역코드,1120,일반상업지역,1,0,,일반상업지역,20221008
경상남도 양산시 동면 금산리 213-1번지,48330,31027,0,0213,0001,1264100018537,,,,2,용도지구코드,160,택지개발지구,1,0,,택지개발지구,20221008
경상남도 양산시 동면 금산리 213-1번지,48330,31027,0,0213,0001,1264100018537,,,,3,용도구역코드,301,제1종지구단위계획구역,1,0,,제1종지구단위계획구역,20221008
경상남도 양산시 동면 금산리 277-5번지,48330,31027,0,0277,0005,1264100154951,,,,1,용도지역코드,UQA430,자연녹지지역,1,0,,자연녹지지역,20221008
경상남도 양산시 동면 금산리 277-5번지,48330,31027,0,0277,0005,1264100154951,,,,3,용도구역코드,UDV100,개발제한구역,1,0,,개발제한구역,20221008
경상남도 양산시 동면 금산리 317번지,48330,31027,0,0317,0000,1000000000000000209641,,,,3,용도구역코드,UDV100,개발제한구역,1,0,,개발제한구역,20230105
경상남도 양산시 동면 금산리 317번지,48330,31027,0,0317,0000,1000000000000000209641,,,,1,용도지역코드,UQA430,자연녹지지역,1,0,,자연녹지지역,20230105
경상남도 양산시 동면 금산리 317번지,48330,31027,0,0317,0000,1000000000000000716839,,,,3,용도구역코드,UDV100,개발제한구역,1,0,,개발제한구역,20250501
경상남도 양산시 동면 금산리 317번지,48330,31027,0,0317,0000,1000000000000000716839,,,,1,용도지역코드,UQA001,도시지역,1,0,,도시지역,20250501
경상남도 양산시 동면 금산리 342번지,48330,31027,0,0342,0000,1000000000000000605788,,,,3,용도구역코드,UDV100,개발제한구역,1,0,,개발제한구역,20241024
경상남도 양산시 동면 금산리 342번지,48330,31027,0,0342,0000,1000000000000000605788,,,,1,용도지역코드,UQA430,자연녹지지역,1,0,,자연녹지지역,20241024
경상남도 양산시 동면 금산리 348번지,48330,31027,0,0348,0000,1000000000000000511041,,,,1,용도지역코드,UQA430,자연녹지지역,1,0,,자연녹지지역,20240507
경상남도 양산시 동면 금산리 348번지,48330,31027,0,0348,0000,1000000000000000511041,,,,3,용도구역코드,UDV100,개발제한구역,1,0,,개발제한구역,20240507
경상남도 양산시 동면 금산리 358-6번지,48330,31027,0,0358,0006,1000000000000000275624,,,,3,용도구역코드,UDV100,개발제한구역,1,0,,개발제한구역,20230418
경상남도 양산시 동면 금산리 358-6번지,48330,31027,0,0358,0006,1000000000000000275624,,,,1,용도지역코드,UQA430,자연녹지지역,1,0,,자연녹지지역,20230418
경상남도 양산시 동면 금산리 364-3번지,48330,31027,0,0364,0003,1264100089521,,,,1,용도지역코드,UQA430,자연녹지지역,1,0,,자연녹지지역,20221008
경상남도 양산시 동면 금산리 364-3번지,48330,31027,0,0364,0003,1264100089521,,,,3,용도구역코드,UDV100,개발제한구역,1,0,,개발제한구역,20221008
경상남도 양산시 동면 금산리 364-8번지,48330,31027,0,0364,0008,1000000000000000285101,,,,3,용도구역코드,ULB100,전원개발사업구역,0,0,,전원개발사업구역,20250206
경상남도 양산시 동면 금산리 364-8번지,48330,31027,0,0364,0008,1000000000000000285101,,,,3,용도구역코드,UDV100,개발제한구역,0,0,,개발제한구역,20250206
경상남도 양산시 동면 금산리 364-8번지,48330,31027,0,0364,0008,1000000000000000285101,,,,1,용도지역코드,UQA430,자연녹지지역,1,0,,자연녹지지역,20250206
경상남도 양산시 동면 금산리 364-8번지,48330,31027,0,0364,0008,1000000000000000285101,,,,3,용도구역코드,UMZ100,가축사육제한구역,1,0,,가축사육제한구역,20250206
경상남도 양산시 동면 금산리 364-8번지,48330,31027,0,0364,0008,1000000000000000717282,,,,3,용도구역코드,UDV100,개발제한구역,1,0,,개발제한구역,20250501
경상남도 양산시 동면 금산리 364-8번지,48330,31027,0,0364,0008,1000000000000000717282,,,,1,용도지역코드,UQA01X,도시지역,1,0,,도시지역,20250501
경상남도 양산시 동면 금산리 364-11번지,48330,31027,0,0364,0011,1000000000000000285102,,,,3,용도구역코드,UDV100,개발제한구역,0,0,,개발제한구역,20250206
경상남도 양산시 동면 금산리 364-11번지,48330,31027,0,0364,0011,1000000000000000285102,,,,1,용도지역코드,UQA430,자연녹지지역,1,0,,자연녹지지역,20250206
경상남도 양산시 동면 금산리 364-11번지,48330,31027,0,0364,0011,1000000000000000285102,,,,3,용도구역코드,UMZ100,가축사육제한구역,1,0,,가축사육제한구역,20250206
경상남도 양산시 동면 금산리 364-17번지,48330,31027,0,0364,0017,1264100080799,,,,1,용도지역코드,UQA430,자연녹지지역,1,0,,자연녹지지역,20221008
경상남도 양산시 동면 금산리 364-17번지,48330,31027,0,0364,0017,1264100080799,,,,3,용도구역코드,UDV100,개발제한구역,1,0,,개발제한구역,20221008
경상남도 양산시 동면 금산리 366번지,48330,31027,0,0366,0000,1000000000000000679989,,,,1,용도지역코드,UQA001,도시지역,1,0,,도시지역,20250313
경상남도 양산시 동면 금산리 366번지,48330,31027,0,0366,0000,1000000000000000679989,,,,3,용도구역코드,UDV100,개발제한구역,1,0,,개발제한구역,20250313
경상남도 양산시 동면 금산리 373번지,48330,31027,0,0373,0000,1000000000000000231876,,,,3,용도구역코드,UDV100,개발제한구역,1,0,,개발제한구역,20230216
경상남도 양산시 동면 금산리 373번지,48330,31027,0,0373,0000,1000000000000000231876,,,,1,용도지역코드,UQA430,자연녹지지역,1,0,,자연녹지지역,20230216
경상남도 양산시 동면 금산리 381번지,48330,31027,0,0381,0000,1264100145483,,,,1,용도지역코드,UQA430,자연녹지지역,1,0,,자연녹지지역,20221008
경상남도 양산시 동면 금산리 381번지,48330,31027,0,0381,0000,1264100145483,,,,3,용도구역코드,UDV100,개발제한구역,1,0,,개발제한구역,20221008
경상남도 양산시 동면 금산리 416-1번지,48330,31027,0,0416,0001,1264100130784,,,,1,용도지역코드,UQA430,자연녹지지역,1,0,,자연녹지지역,20221008
경상남도 양산시 동면 금산리 429번지,48330,31027,0,0429,0000,1264100096886,,,,1,용도지역코드,UQA430,자연녹지지역,1,0,,자연녹지지역,20221008
경상남도 양산시 동면 금산리 429번지,48330,31027,0,0429,0000,1264100096886,,,,3,용도구역코드,UOA120,상대보호구역,1,0,,상대정화구역,20221008
경상남도 양산시 동면 금산리 444번지,48330,31027,0,0444,0000,1000000000000000323133,,,,1,용도지역코드,UQA430,자연녹지지역,1,0,,자연녹지지역,20250710
경상남도 양산시 동면 금산리 444번지,48330,31027,0,0444,0000,1000000000000000323133,,,,1,용도지역코드,UQA430,자연녹지지역,1,0,,자연녹지지역,20250509
경상남도 양산시 동면 금산리 450번지,48330,31027,0,0450,0000,12646403,,,,1,용도지역코드,1330,자연녹지지역,1,0,,자연녹지지역,20221008
경상남도 양산시 동면 금산리 450-1번지,48330,31027,0,0450,0001,12646404,,,,1,용도지역코드,1330,자연녹지지역,1,0,,자연녹지지역,20221008
경상남도 양산시 동면 금산리 461-5번지,48330,31027,0,0461,0005,12646380,,,,1,용도지역코드,1330,자연녹지지역,1,0,,자연녹지지역,20221008
경상남도 양산시 동면 금산리 461-6번지,48330,31027,0,0461,0006,1264100107997,,,,1,용도지역코드,UQA430,자연녹지지역,1,0,,자연녹지지역,20221008
경상남도 양산시 동면 금산리 461-6번지,48330,31027,0,0461,0006,1264100107997,,,,3,용도구역코드,UMZ100,가축사육제한구역,1,0,,가축사육제한구역,20221008
경상남도 양산시 동면 금산리 461-6번지,48330,31027,0,0461,0006,1264100112303,,,,1,용도지역코드,UQA430,자연녹지지역,1,0,,자연녹지지역,20221008
경상남도 양산시 동면 금산리 461-6번지,48330,31027,0,0461,0006,1264100112303,,,,3,용도구역코드,UMZ100,가축사육제한구역,1,0,,가축사육제한구역,20221008
경상남도 양산시 동면 금산리 461-7번지,48330,31027,0,0461,0007,1264100141383,,,,1,용도지역코드,UQA430,자연녹지지역,1,0,,자연녹지지역,20221008
경상남도 양산시 동면 금산리 461-10번지,48330,31027,0,0461,0010,1264100087103,,,,1,용도지역코드,UQA430,자연녹지지역,1,0,,자연녹지지역,20221008
경상남도 양산시 동면 금산리 462번지,48330,31027,0,0462,0000,1264100144764,,,,1,용도지역코드,UQA430,자연녹지지역,1,0,,자연녹지지역,20221008
경상남도 양산시 동면 금산리 462번지,48330,31027,0,0462,0000,1264100144764,,,,3,용도구역코드,ULB100,전원개발사업구역,1,0,,전원개발사업구역,20221008
경상남도 양산시 동면 금산리 462번지,48330,31027,0,0462,0000,1264100144764,,,,3,용도구역코드,UMZ100,가축사육제한구역,0,0,,가축사육제한구역,20221008
경상남도 양산시 동면 금산리 462번지,48330,31027,0,0462,0000,12644023,,,,1,용도지역코드,1330,자연녹지지역,1,0,,자연녹지지역,20221008
경상남도 양산시 동면 금산리 463-1번지,48330,31027,0,0463,0001,1264100046229,,,,1,용도지역코드,UQA430,자연녹지지역,1,0,,자연녹지지역,20221008
경상남도 양산시 동면 금산리 463-1번지,48330,31027,0,0463,0001,12645640,,,,1,용도지역코드,1330,자연녹지지역,1,0,,자연녹지지역,20221008
경상남도 양산시 동면 금산리 463-2번지,48330,31027,0,0463,0002,1000000000000000985577,,,,1,용도지역코드,UQA430,자연녹지지역,1,0,,자연녹지지역,20260813
경상남도 양산시 동면 금산리 463-3번지,48330,31027,0,0463,0003,12648030,,,,1,용도지역코드,1330,자연녹지지역,1,0,,자연녹지지역,20221008
경상남도 양산시 동면 금산리 463-7번지,48330,31027,0,0463,0007,1264100033786,,,,1,용도지역코드,UQA430,자연녹지지역,1,0,,자연녹지지역,20221008
경상남도 양산시 동면 금산리 463-7번지,48330,31027,0,0463,0007,1264100033786,,,,3,용도구역코드,UMZ100,가축사육제한구역,1,0,,가축사육제한구역,20221008
경상남도 양산시 동면 금산리 468번지,48330,31027,0,0468,0000,1264100056953,,,,1,용도지역코드,UQA430,자연녹지지역,1,0,,자연녹지지역,20221008
경상남도 양산시 동면 금산리 468번지,48330,31027,0,0468,0000,1264100073640,,,,1,용도지역코드,UQA430,자연녹지지역,1,0,,자연녹지지역,20221008
경상남도 양산시 동면 금산리 468-3번지,48330,31027,0,0468,0003,1264100155492,,,,1,용도지역코드,UQA430,자연녹지지역,1,0,,자연녹지지역,20250221
경상남도 양산시 동면 금산리 472번지,48330,31027,0,0472,0000,1264100032737,,,,1,용도지역코드,UQA430,자연녹지지역,1,0,,자연녹지지역,20221008
경상남도 양산시 동면 금산리 472번지,48330,31027,0,0472,0000,1264100034369,,,,1,용도지역코드,UQA430,자연녹지지역,1,0,,자연녹지지역,20221008
경상남도 양산시 동면 금산리 472번지,48330,31027,0,0472,0000,1264100032738,,,,1,용도지역코드,UQA430,자연녹지지역,1,0,,자연녹지지역,20221008
경상남도 양산시 동면 금산리 472-3번지,48330,31027,0,0472,0003,1264100034368,,,,1,용도지역코드,UQA430,자연녹지지역,1,0,,자연녹지지역,20221008
경상남도 양산시 동면 금산리 480번지,48330,31027,0,0480,0000,1000000000000000323134,,,,1,용도지역코드,UQA430,자연녹지지역,1,0,,자연녹지지역,20230623
경상남도 양산시 동면 금산리 481번지,48330,31027,0,0481,0000,1264100017374,,,,1,용도지역코드,1330,자연녹지지역,1,0,,자연녹지지역,20221008
경상남도 양산시 동면 금산리 481번지,48330,31027,0,0481,0000,1264100013913,,,,1,용도지역코드,1330,자연녹지지역,1,0,,자연녹지지역,20221008
경상남도 양산시 동면 금산리 485번지,48330,31027,0,0485,0000,1000000000000000498529,,,,3,용도구역코드,UMZ100,가축사육제한구역,1,0,,가축사육제한구역,20240831
경상남도 양산시 동면 금산리 485번지,48330,31027,0,0485,0000,1000000000000000498529,,,,1,용도지역코드,UQA430,자연녹지지역,1,0,,자연녹지지역,20240831
경상남도 양산시 동면 금산리 485번지,48330,31027,0,0485,0000,1264100135328,,,,1,용도지역코드,UQA430,자연녹지지역,1,0,,자연녹지지역,20221008
경상남도 양산시 동면 금산리 485번지,48330,31027,0,0485,0000,1264100135328,,,,3,용도구역코드,UMZ100,가축사육제한구역,1,0,,가축사육제한구역,20221008
경상남도 양산시 동면 금산리 492번지,48330,31027,0,0492,0000,1264491,,,,1,용도지역코드,1020,일반주거지역,1,0,,일반주거지역,20221008
경상남도 양산시 동면 금산리 494번지,48330,31027,0,0494,0000,1264100048746,,,,1,용도지역코드,UQA122,제2종일반주거지역,1,0,,제2종일반주거지역,20221008
경상남도 양산시 동면 금산리 494번지,48330,31027,0,0494,0000,1264100048746,,,,3,용도구역코드,UOA120,상대보호구역,1,0,,상대정화구역,20221008
경상남도 양산시 동면 금산리 494번지,48330,31027,0,0494,0000,1264100131924,,,,1,용도지역코드,UQA122,제2종일반주거지역,1,0,,제2종일반주거지역,20221008
경상남도 양산시 동면 금산리 494번지,48330,31027,0,0494,0000,1264100131924,,,,3,용도구역코드,UOA120,상대보호구역,1,0,,상대보호구역,20221008
경상남도 양산시 동면 금산리 494번지,48330,31027,0,0494,0000,1264100064140,,,,1,용도지역코드,UQA122,제2종일반주거지역,1,0,,제2종일반주거지역,20221008
경상남도 양산시 동면 금산리 494번지,48330,31027,0,0494,0000,1264100064140,,,,3,용도구역코드,UOA120,상대보호구역,1,0,,상대정화구역,20221008
경상남도 양산시 동면 금산리 498-2번지,48330,31027,0,0498,0002,1264100116038,,,,1,용도지역코드,UQA122,제2종일반주거지역,1,0,,제2종일반주거지역,20221008
경상남도 양산시 동면 금산리 498-2번지,48330,31027,0,0498,0002,1264100116038,,,,3,용도구역코드,UOA120,상대보호구역,1,0,,상대보호구역,20221008
경상남도 양산시 동면 금산리 498-2번지,48330,31027,0,0498,0002,1264100086065,,,,1,용도지역코드,UQA122,제2종일반주거지역,1,0,,제2종일반주거지역,20221008
경상남도 양산시 동면 금산리 498-2번지,48330,31027,0,0498,0002,1264100086065,,,,3,용도구역코드,UOA120,상대보호구역,1,0,,상대정화구역,20221008
경상남도 양산시 동면 금산리 517번지,48330,31027,0,0517,0000,1264100087225,,,,1,용도지역코드,UQA430,자연녹지지역,1,0,,자연녹지지역,20221008
경상남도 양산시 동면 금산리 517번지,48330,31027,0,0517,0000,1264100087225,,,,3,용도구역코드,UOA120,상대보호구역,1,0,,상대정화구역,20221008
경상남도 양산시 동면 금산리 518번지,48330,31027,0,0518,0000,1264100144104,,,,1,용도지역코드,UQA430,자연녹지지역,1,0,,자연녹지지역,20221008
경상남도 양산시 동면 금산리 570-1번지,48330,31027,0,0570,0001,1264100044425,,,,1,용도지역코드,UQA122,제2종일반주거지역,1,0,,제2종일반주거지역,20221008
경상남도 양산시 동면 금산리 570-1번지,48330,31027,0,0570,0001,1264100041783,,,,1,용도지역코드,UQA122,제2종일반주거지역,1,0,,제2종일반주거지역,20221008
경상남도 양산시 동면 금산리 570-2번지,48330,31027,0,0570,0002,1264100106935,,,,1,용도지역코드,UQA122,제2종일반주거지역,1,0,,제2종일반주거지역,20221008
경상남도 양산시 동면 금산리 570-2번지,48330,31027,0,0570,0002,1264100106935,,,,2,용도지구코드,UQG130,일반미관지구,1,0,,일반미관지구,20221008
경상남도 양산시 동면 금산리 570-2번지,48330,31027,0,0570,0002,1264100106935,,,,3,용도구역코드,UMZ100,가축사육제한구역,1,0,,가축사육제한구역,20221008
경상남도 양산시 동면 금산리 570-5번지,48330,31027,0,0570,0005,1264100016957,,,,1,용도지역코드,1022,제2종일반주거지역,1,0,,제2종일반주거지역,20221008
경상남도 양산시 동면 금산리 570-5번지,48330,31027,0,0570,0005,1264100016957,,,,3,용도구역코드,272,상대정화구역,1,0,,상대정화구역,20221008
경상남도 양산시 동면 금산리 570-5번지,48330,31027,0,0570,0005,1264100022286,,,,1,용도지역코드,UQA122,제2종일반주거지역,1,0,,제2종일반주거지역,20221008
경상남도 양산시 동면 금산리 570-5번지,48330,31027,0,0570,0005,1264100022286,,,,3,용도구역코드,UOA120,상대보호구역,1,0,,상대정화구역,20221008
경상남도 양산시 동면 금산리 570-7번지,48330,31027,0,0570,0007,1264100100696,,,,1,용도지역코드,UQA122,제2종일반주거지역,1,0,,제2종일반주거지역,20221008
경상남도 양산시 동면 금산리 570-7번지,48330,31027,0,0570,0007,1264100100696,,,,2,용도지구코드,UQG130,일반미관지구,1,0,,일반미관지구,20221008
경상남도 양산시 동면 금산리 570-7번지,48330,31027,0,0570,0007,1264100100696,,,,3,용도구역코드,UOA120,상대보호구역,1,0,,상대보호구역,20221008
경상남도 양산시 동면 금산리 570-7번지,48330,31027,0,0570,0007,1264100036057,,,,1,용도지역코드,UQA122,제2종일반주거지역,1,0,,제2종일반주거지역,20221008
경상남도 양산시 동면 금산리 570-7번지,48330,31027,0,0570,0007,1264100036057,,,,3,용도구역코드,UOA120,상대보호구역,1,0,,상대정화구역,20221008
경상남도 양산시 동면 금산리 570-8번지,48330,31027,0,0570,0008,1264100006465,,,,1,용도지역코드,1022,제2종일반주거지역,1,0,,제2종일반주거지역,20221008
경상남도 양산시 동면 금산리 570-8번지,48330,31027,0,0570,0008,1264100006466,,,,1,용도지역코드,1022,제2종일반주거지역,1,0,,제2종일반주거지역,20221008
경상남도 양산시 동면 금산리 570-9번지,48330,31027,0,0570,0009,1264100007726,,,,1,용도지역코드,1022,제2종일반주거지역,1,0,,제2종일반주거지역,20221008
경상남도 양산시 동면 금산리 570-11번지,48330,31027,0,0570,0011,1264100113279,,,,1,용도지역코드,UQA122,제2종일반주거지역,1,0,,제2종일반주거지역,20221008
경상남도 양산시 동면 금산리 570-11번지,48330,31027,0,0570,0011,1264100113279,,,,2,용도지구코드,UQG130,일반미관지구,1,0,,일반미관지구,20221008
경상남도 양산시 동면 금산리 570-11번지,48330,31027,0,0570,0011,1264100004927,,,,1,용도지역코드,1022,제2종일반주거지역,1,0,,제2종일반주거지역,20221008
경상남도 양산시 동면 금산리 570-12번지,48330,31027,0,0570,0012,1264100023869,,,,1,용도지역코드,UQA122,제2종일반주거지역,1,0,,제2종일반주거지역,20221008
경상남도 양산시 동면 금산리 570-12번지,48330,31027,0,0570,0012,1264100021924,,,,1,용도지역코드,UQA122,제2종일반주거지역,1,0,,제2종일반주거지역,20221008
경상남도 양산시 동면 금산리 570-12번지,48330,31027,0,0570,0012,1264100015456,,,,1,용도지역코드,1022,제2종일반주거지역,1,0,,제2종일반주거지역,20221008
경상남도 양산시 동면 금산리 570-12번지,48330,31027,0,0570,0012,1264100015456,,,,3,용도구역코드,272,상대정화구역,1,0,,상대정화구역,20221008
경상남도 양산시 동면 금산리 570-13번지,48330,31027,0,0570,0013,1264100076221,,,,1,용도지역코드,UQA122,제2종일반주거지역,1,0,,제2종일반주거지역,20221008
경상남도 양산시 동면 금산리 570-13번지,48330,31027,0,0570,0013,1264100076221,,,,2,용도지구코드,UQG130,일반미관지구,1,0,,일반미관지구,20221008
경상남도 양산시 동면 금산리 570-14번지,48330,31027,0,0570,0014,1264100007485,,,,1,용도지역코드,1022,제2종일반주거지역,1,0,,제2종일반주거지역,20221008
경상남도 양산시 동면 금산리 570-14번지,48330,31027,0,0570,0014,1264100108396,,,,1,용도지역코드,UQA122,제2종일반주거지역,1,0,,제2종일반주거지역,20221008
경상남도 양산시 동면 금산리 570-14번지,48330,31027,0,0570,0014,1264100108396,,,,2,용도지구코드,UQG130,일반미관지구,1,0,,일반미관지구,20221008
경상남도 양산시 동면 금산리 570-14번지,48330,31027,0,0570,0014,1264100108396,,,,3,용도구역코드,UMZ100,가축사육제한구역,1,0,,가축사육제한구역,20221008
경상남도 양산시 동면 금산리 570-16번지,48330,31027,0,0570,0016,1264100039398,,,,1,용도지역코드,UQA122,제2종일반주거지역,1,0,,제2종일반주거지역,20221008
경상남도 양산시 동면 금산리 570-17번지,48330,31027,0,0570,0017,1264100050250,,,,1,용도지역코드,UQA122,제2종일반주거지역,1,0,,제2종일반주거지역,20221008
경상남도 양산시 동면 금산리 570-17번지,48330,31027,0,0570,0017,1264100050250,,,,2,용도지구코드,UQG130,일반미관지구,1,0,,일반미관지구,20221008
경상남도 양산시 동면 금산리 570-18번지,48330,31027,0,0570,0018,12646690,,,,1,용도지역코드,1022,제2종일반주거지역,1,0,,제2종일반주거지역,20221008
경상남도 양산시 동면 금산리 570-20번지,48330,31027,0,0570,0020,1264100030579,,,,1,용도지역코드,UQA122,제2종일반주거지역,1,0,,제2종일반주거지역,20221008
경상남도 양산시 동면 금산리 570-22번지,48330,31027,0,0570,0022,1264100086742,,,,1,용도지역코드,UQA122,제2종일반주거지역,1,0,,제2종일반주거지역,20221008
경상남도 양산시 동면 금산리 570-22번지,48330,31027,0,0570,0022,1264100086742,,,,2,용도지구코드,UQG130,일반미관지구,1,0,,일반미관지구,20221008
경상남도 양산시 동면 금산리 570-24번지,48330,31027,0,0570,0024,1264100108397,,,,1,용도지역코드,UQA122,제2종일반주거지역,1,0,,제2종일반주거지역,20221008
경상남도 양산시 동면 금산리 570-24번지,48330,31027,0,0570,0024,1264100108397,,,,2,용도지구코드,UQG130,일반미관지구,1,0,,일반미관지구,20221008
경상남도 양산시 동면 금산리 570-24번지,48330,31027,0,0570,0024,1264100108397,,,,3,용도구역코드,UMZ100,가축사육제한구역,1,0,,가축사육제한구역,20221008
경상남도 양산시 동면 금산리 570-24번지,48330,31027,0,0570,0024,1264100149299,,,,1,용도지역코드,UQA122,제2종일반주거지역,1,0,,제2종일반주거지역,20221008
경상남도 양산시 동면 금산리 570-24번지,48330,31027,0,0570,0024,1264100149299,,,,2,용도지구코드,UQF132,시가지경관지구(일반),1,0,,시가지경관지구(일반),20221008
경상남도 양산시 동면 금산리 570-24번지,48330,31027,0,0570,0024,1264100149299,,,,3,용도구역코드,UMZ100,가축사육제한구역,1,0,,가축사육제한구역,20221008
경상남도 양산시 동면 금산리 570-24번지,48330,31027,0,0570,0024,1264100149299,,,,3,용도구역코드,UOA120,상대보호구역,0,0,,상대보호구역,20221008
경상남도 양산시 동면 금산리 572-1번지,48330,31027,0,0572,0001,1264100073819,,,,1,용도지역코드,UQA122,제2종일반주거지역,1,0,,제2종일반주거지역,20221008
경상남도 양산시 동면 금산리 572-1번지,48330,31027,0,0572,0001,1264100106133,,,,1,용도지역코드,UQA122,제2종일반주거지역,1,0,,제2종일반주거지역,20221008
경상남도 양산시 동면 금산리 572-2번지,48330,31027,0,0572,0002,1264100041784,,,,1,용도지역코드,UQA122,제2종일반주거지역,1,0,,제2종일반주거지역,20221008
경상남도 양산시 동면 금산리 572-4번지,48330,31027,0,0572,0004,1264100138323,,,,1,용도지역코드,UQA122,제2종일반주거지역,1,0,,제2종일반주거지역,20221008
경상남도 양산시 동면 금산리 572-5번지,48330,31027,0,0572,0005,1264100139863,,,,1,용도지역코드,UQA122,제2종일반주거지역,1,0,,제2종일반주거지역,20221008
경상남도 양산시 동면 금산리 572-6번지,48330,31027,0,0572,0006,1264100112517,,,,1,용도지역코드,UQA122,제2종일반주거지역,1,0,,제2종일반주거지역,20221008
경상남도 양산시 동면 금산리 572-8번지,48330,31027,0,0572,0008,1264100007106,,,,1,용도지역코드,1022,제2종일반주거지역,1,0,,제2종일반주거지역,20221008
경상남도 양산시 동면 금산리 572-9번지,48330,31027,0,0572,0009,1000000000000000444178,,,,1,용도지역코드,UQA122,제2종일반주거지역,1,0,,제2종일반주거지역,20240205
경상남도 양산시 동면 금산리 572-9번지,48330,31027,0,0572,0009,1000000000000000444178,,,,3,용도구역코드,UMZ100,가축사육제한구역,1,0,,가축사육제한구역,20240205
경상남도 양산시 동면 금산리 572-9번지,48330,31027,0,0572,0009,1264100112302,,,,1,용도지역코드,UQA122,제2종일반주거지역,1,0,,제2종일반주거지역,20221008
경상남도 양산시 동면 금산리 572-9번지,48330,31027,0,0572,0009,1264100112302,,,,3,용도구역코드,UMZ100,가축사육제한구역,1,0,,가축사육제한구역,20221008
경상남도 양산시 동면 금산리 572-11번지,48330,31027,0,0572,0011,1000000000000000880946,,,,1,용도지역코드,UQA122,제2종일반주거지역,1,0,,제2종일반주거지역,20260814
경상남도 양산시 동면 금산리 572-11번지,48330,31027,0,0572,0011,1000000000000000880946,,,,3,용도구역코드,UMZ100,가축사육제한구역,1,0,,가축사육제한구역,20260814
경상남도 양산시 동면 금산리 572-15번지,48330,31027,0,0572,0015,1264100065142,,,,1,용도지역코드,UQA122,제2종일반주거지역,1,0,,제2종일반주거지역,20221008
경상남도 양산시 동면 금산리 572-16번지,48330,31027,0,0572,0016,1264100067841,,,,1,용도지역코드,UQA122,제2종일반주거지역,1,0,,제2종일반주거지역,20221008
경상남도 양산시 동면 금산리 574-2번지,48330,31027,0,0574,0002,1264100033828,,,,1,용도지역코드,UQA122,제2종일반주거지역,1,0,,제2종일반주거지역,20221008
경상남도 양산시 동면 금산리 574-4번지,48330,31027,0,0574,0004,1264100044725,,,,1,용도지역코드,UQA122,제2종일반주거지역,1,0,,제2종일반주거지역,20221008
경상남도 양산시 동면 금산리 574-5번지,48330,31027,0,0574,0005,1000000000000000927008,,,,1,용도지역코드,UQA122,제2종일반주거지역,1,0,,제2종일반주거지역,20260415
경상남도 양산시 동면 금산리 574-6번지,48330,31027,0,0574,0006,1264100056110,,,,1,용도지역코드,UQA122,제2종일반주거지역,1,0,,제2종일반주거지역,20221008
경상남도 양산시 동면 금산리 574-8번지,48330,31027,0,0574,0008,12649305,,,,1,용도지역코드,1022,제2종일반주거지역,1,0,,제2종일반주거지역,20221008
경상남도 양산시 동면 금산리 574-8번지,48330,31027,0,0574,0008,1264100004548,,,,1,용도지역코드,1022,제2종일반주거지역,1,0,,제2종일반주거지역,20221008
경상남도 양산시 동면 금산리 574-10번지,48330,31027,0,0574,0010,1264100055128,,,,1,용도지역코드,UQA122,제2종일반주거지역,1,0,,제2종일반주거지역,20221008
경상남도 양산시 동면 금산리 575-2번지,48330,31027,0,0575,0002,1264100006652,,,,1,용도지역코드,1022,제2종일반주거지역,1,0,,제2종일반주거지역,20221008
경상남도 양산시 동면 금산리 575-3번지,48330,31027,0,0575,0003,1264100031357,,,,1,용도지역코드,UQA122,제2종일반주거지역,1,0,,제2종일반주거지역,20221008
경상남도 양산시 동면 금산리 575-5번지,48330,31027,0,0575,0005,12648238,,,,1,용도지역코드,1022,제2종일반주거지역,1,0,,제2종일반주거지역,20221008
경상남도 양산시 동면 금산리 575-8번지,48330,31027,0,0575,0008,12649514,,,,1,용도지역코드,1022,제2종일반주거지역,1,0,,제2종일반주거지역,20221008
경상남도 양산시 동면 금산리 575-10번지,48330,31027,0,0575,0010,1264100033225,,,,1,용도지역코드,UQA122,제2종일반주거지역,1,0,,제2종일반주거지역,20221008
경상남도 양산시 동면 금산리 575-12번지,48330,31027,0,0575,0012,1264100031117,,,,1,용도지역코드,UQA122,제2종일반주거지역,1,0,,제2종일반주거지역,20221008
경상남도 양산시 동면 금산리 576-3번지,48330,31027,0,0576,0003,1264100034973,,,,1,용도지역코드,UQA122,제2종일반주거지역,1,0,,제2종일반주거지역,20221008
경상남도 양산시 동면 금산리 576-4번지,48330,31027,0,0576,0004,1264100048165,,,,1,용도지역코드,UQA122,제2종일반주거지역,1,0,,제2종일반주거지역,20221008
경상남도 양산시 동면 금산리 576-7번지,48330,31027,0,0576,0007,1264100136245,,,,1,용도지역코드,UQA122,제2종일반주거지역,1,0,,제2종일반주거지역,20221008
경상남도 양산시 동면 금산리 576-7번지,48330,31027,0,0576,0007,1264100015594,,,,1,용도지역코드,1022,제2종일반주거지역,1,0,,제2종일반주거지역,20221008
경상남도 양산시 동면 금산리 577-6번지,48330,31027,0,0577,0006,1264100061540,,,,1,용도지역코드,UQA122,제2종일반주거지역,1,0,,제2종일반주거지역,20221008
경상남도 양산시 동면 금산리 577-6번지,48330,31027,0,0577,0006,1264100061540,,,,3,용도구역코드,UOA120,상대보호구역,1,0,,상대정화구역,20221008
경상남도 양산시 동면 금산리 578-1번지,48330,31027,0,0578,0001,1264100148090,,,,1,용도지역코드,UQA122,제2종일반주거지역,1,0,,제2종일반주거지역,20221008
경상남도 양산시 동면 금산리 578-1번지,48330,31027,0,0578,0001,1264100148090,,,,3,용도구역코드,UOA120,상대보호구역,1,0,,상대보호구역,20221008
경상남도 양산시 동면 금산리 578-2번지,48330,31027,0,0578,0002,12649303,,,,1,용도지역코드,1022,제2종일반주거지역,1,0,,제2종일반주거지역,20221008
경상남도 양산시 동면 금산리 578-8번지,48330,31027,0,0578,0008,12649487,,,,1,용도지역코드,1022,제2종일반주거지역,1,0,,제2종일반주거지역,20221008
경상남도 양산시 동면 금산리 578-8번지,48330,31027,0,0578,0008,12648165,,,,1,용도지역코드,1022,제2종일반주거지역,1,0,,제2종일반주거지역,20221008
경상남도 양산시 동면 금산리 578-9번지,48330,31027,0,0578,0009,1264100034381,,,,1,용도지역코드,UQA122,제2종일반주거지역,1,0,,제2종일반주거지역,20221008
경상남도 양산시 동면 금산리 578-9번지,48330,31027,0,0578,0009,1264100036612,,,,1,용도지역코드,UQA122,제2종일반주거지역,1,0,,제2종일반주거지역,20221008
경상남도 양산시 동면 금산리 578-10번지,48330,31027,0,0578,0010,12649362,,,,1,용도지역코드,1022,제2종일반주거지역,1,0,,제2종일반주거지역,20221008
경상남도 양산시 동면 금산리 578-11번지,48330,31027,0,0578,0011,1264100101176,,,,1,용도지역코드,UQA122,제2종일반주거지역,1,0,,제2종일반주거지역,20221008
경상남도 양산시 동면 금산리 578-11번지,48330,31027,0,0578,0011,1264100101176,,,,3,용도구역코드,UOA120,상대보호구역,1,0,,상대보호구역,20221008
경상남도 양산시 동면 금산리 578-12번지,48330,31027,0,0578,0012,1264100040423,,,,1,용도지역코드,UQA122,제2종일반주거지역,1,0,,제2종일반주거지역,20221008
경상남도 양산시 동면 금산리 580-1번지,48330,31027,0,0580,0001,1264100057510,,,,1,용도지역코드,UQA122,제2종일반주거지역,1,0,,제2종일반주거지역,20221008
경상남도 양산시 동면 금산리 580-1번지,48330,31027,0,0580,0001,1264100057510,,,,3,용도구역코드,UOA120,상대보호구역,1,0,,상대정화구역,20221008
경상남도 양산시 동면 금산리 580-2번지,48330,31027,0,0580,0002,1000000000000000765445,,,,1,용도지역코드,UQA122,제2종일반주거지역,1,0,,제2종일반주거지역,20250725
경상남도 양산시 동면 금산리 580-2번지,48330,31027,0,0580,0002,1000000000000000765445,,,,3,용도구역코드,UOA120,상대보호구역,1,0,,상대보호구역,20250725
경상남도 양산시 동면 금산리 580-2번지,48330,31027,0,0580,0002,1264100094201,,,,1,용도지역코드,UQA122,제2종일반주거지역,1,0,,제2종일반주거지역,20221008
경상남도 양산시 동면 금산리 580-2번지,48330,31027,0,0580,0002,1264100094201,,,,3,용도구역코드,UOA120,상대보호구역,1,0,,상대정화구역,20221008
경상남도 양산시 동면 금산리 580-2번지,48330,31027,0,0580,0002,1264100039396,,,,1,용도지역코드,UQA122,제2종일반주거지역,1,0,,제2종일반주거지역,20221008
경상남도 양산시 동면 금산리 580-3번지,48330,31027,0,0580,0003,1264100087968,,,,1,용도지역코드,UQA122,제2종일반주거지역,1,0,,제2종일반주거지역,20221008
경상남도 양산시 동면 금산리 580-3번지,48330,31027,0,0580,0003,1264100087968,,,,3,용도구역코드,UOA120,상대보호구역,1,0,,상대정화구역,20221008
경상남도 양산시 동면 금산리 580-4번지,48330,31027,0,0580,0004,1000000000000000878929,,,,3,용도구역코드,UOA120,상대보호구역,1,0,,상대보호구역,20260122
경상남도 양산시 동면 금산리 580-4번지,48330,31027,0,0580,0004,1000000000000000878929,,,,1,용도지역코드,UQA122,제2종일반주거지역,1,0,,제2종일반주거지역,20260122
경상남도 양산시 동면 금산리 580-5번지,48330,31027,0,0580,0005,12649308,,,,1,용도지역코드,1022,제2종일반주거지역,1,0,,제2종일반주거지역,20221008
경상남도 양산시 동면 금산리 580-6번지,48330,31027,0,0580,0006,1264100033625,,,,1,용도지역코드,UQA122,제2종일반주거지역,1,0,,제2종일반주거지역,20221008
경상남도 양산시 동면 금산리 580-7번지,48330,31027,0,0580,0007,1264100098433,,,,1,용도지역코드,UQA122,제2종일반주거지역,1,0,,제2종일반주거지역,20221008
경상남도 양산시 동면 금산리 580-7번지,48330,31027,0,0580,0007,1264100098433,,,,3,용도구역코드,UOA120,상대보호구역,1,0,,상대정화구역,20221008
경상남도 양산시 동면 금산리 580-11번지,48330,31027,0,0580,0011,1264100026370,,,,1,용도지역코드,UQA122,제2종일반주거지역,1,0,,제2종일반주거지역,20221008
경상남도 양산시 동면 금산리 580-13번지,48330,31027,0,0580,0013,12648158,,,,1,용도지역코드,1022,제2종일반주거지역,1,0,,제2종일반주거지역,20221008
경상남도 양산시 동면 금산리 581-1번지,48330,31027,0,0581,0001,1264100103913,,,,1,용도지역코드,UQA122,제2종일반주거지역,1,0,,제2종일반주거지역,20221008
경상남도 양산시 동면 금산리 581-1번지,48330,31027,0,0581,0001,1264100103913,,,,2,용도지구코드,UQG130,일반미관지구,1,0,,일반미관지구,20221008
경상남도 양산시 동면 금산리 581-1번지,48330,31027,0,0581,0001,1264100103913,,,,3,용도구역코드,UOA120,상대보호구역,1,0,,상대정화구역,20221008
경상남도 양산시 동면 금산리 581-1번지,48330,31027,0,0581,0001,12648962,,,,1,용도지역코드,1022,제2종일반주거지역,1,0,,제2종일반주거지역,20221008
경상남도 양산시 동면 금산리 581-5번지,48330,31027,0,0581,0005,1000000000000000553334,,,,2,용도지구코드,UQF132,시가지경관지구(일반),1,0,,시가지경관지구(일반),20250205
경상남도 양산시 동면 금산리 581-5번지,48330,31027,0,0581,0005,1000000000000000553334,,,,1,용도지역코드,UQA122,제2종일반주거지역,1,0,,제2종일반주거지역,20250205
경상남도 양산시 동면 금산리 581-5번지,48330,31027,0,0581,0005,1000000000000000663722,,,,2,용도지구코드,UQF132,시가지경관지구(일반),1,0,,시가지경관지구(일반),20250212
경상남도 양산시 동면 금산리 581-5번지,48330,31027,0,0581,0005,1000000000000000663722,,,,1,용도지역코드,UQA122,제2종일반주거지역,1,0,,제2종일반주거지역,20250212
경상남도 양산시 동면 금산리 581-5번지,48330,31027,0,0581,0005,1000000000000000664966,,,,1,용도지역코드,UQA122,제2종일반주거지역,1,0,,제2종일반주거지역,20250415
경상남도 양산시 동면 금산리 581-5번지,48330,31027,0,0581,0005,1000000000000000664966,,,,2,용도지구코드,UQF132,시가지경관지구(일반),1,0,,시가지경관지구(일반),20250415
경상남도 양산시 동면 금산리 581-9번지,48330,31027,0,0581,0009,1000000000000000520452,,,,2,용도지구코드,UQF130,시가지경관지구,1,0,,시가지경관지구,20240813
경상남도 양산시 동면 금산리 581-9번지,48330,31027,0,0581,0009,1000000000000000520452,,,,1,용도지역코드,UQA122,제2종일반주거지역,1,0,,제2종일반주거지역,20240813
경상남도 양산시 동면 금산리 581-9번지,48330,31027,0,0581,0009,1264100056989,,,,1,용도지역코드,UQA122,제2종일반주거지역,1,0,,제2종일반주거지역,20221008
경상남도 양산시 동면 금산리 581-9번지,48330,31027,0,0581,0009,1264100056989,,,,2,용도지구코드,UQG130,일반미관지구,1,0,,일반미관지구,20221008
경상남도 양산시 동면 금산리 581-9번지,48330,31027,0,0581,0009,12649392,,,,1,용도지역코드,1022,제2종일반주거지역,1,0,,제2종일반주거지역,20221008
경상남도 양산시 동면 금산리 581-9번지,48330,31027,0,0581,0009,12649392,,,,1,용도지역코드,1020,일반주거지역,0,0,,일반주거지역,20221008
경상남도 양산시 동면 금산리 581-9번지,48330,31027,0,0581,0009,1264100004950,,,,1,용도지역코드,1022,제2종일반주거지역,1,0,,제2종일반주거지역,20221008
경상남도 양산시 동면 금산리 581-11번지,48330,31027,0,0581,0011,1264100012270,,,,1,용도지역코드,1022,제2종일반주거지역,1,0,,제2종일반주거지역,20221008
경상남도 양산시 동면 금산리 581-14번지,48330,31027,0,0581,0014,1264100040032,,,,1,용도지역코드,UQA122,제2종일반주거지역,1,0,,제2종일반주거지역,20221008
경상남도 양산시 동면 금산리 581-14번지,48330,31027,0,0581,0014,1264100040032,,,,2,용도지구코드,UQG130,일반미관지구,1,0,,일반미관지구,20221008
경상남도 양산시 동면 금산리 581-15번지,48330,31027,0,0581,0015,1264100059592,,,,1,용도지역코드,UQA122,제2종일반주거지역,1,0,,제2종일반주거지역,20221008
경상남도 양산시 동면 금산리 581-15번지,48330,31027,0,0581,0015,1264100059592,,,,2,용도지구코드,UQG130,일반미관지구,1,0,,일반미관지구,20221008
경상남도 양산시 동면 금산리 581-15번지,48330,31027,0,0581,0015,1264100059592,,,,3,용도구역코드,UOA120,상대보호구역,1,0,,상대정화구역,20221008
경상남도 양산시 동면 금산리 581-18번지,48330,31027,0,0581,0018,1264100069060,,,,1,용도지역코드,UQA122,제2종일반주거지역,1,0,,제2종일반주거지역,20221008
경상남도 양산시 동면 금산리 581-18번지,48330,31027,0,0581,0018,1264100069060,,,,2,용도지구코드,UQG130,일반미관지구,1,0,,일반미관지구,20221008
경상남도 양산시 동면 금산리 581-18번지,48330,31027,0,0581,0018,1264100069060,,,,3,용도구역코드,UOA120,상대보호구역,1,0,,상대정화구역,20221008
경상남도 양산시 동면 금산리 582-1번지,48330,31027,0,0582,0001,1264100036932,,,,1,용도지역코드,UQA122,제2종일반주거지역,1,0,,제2종일반주거지역,20221008
경상남도 양산시 동면 금산리 582-1번지,48330,31027,0,0582,0001,1264100036932,,,,3,용도구역코드,UOA120,상대보호구역,1,0,,상대정화구역,20221008
경상남도 양산시 동면 금산리 582-5번지,48330,31027,0,0582,0005,1264100031203,,,,1,용도지역코드,UQA122,제2종일반주거지역,1,0,,제2종일반주거지역,20221008
경상남도 양산시 동면 금산리 582-6번지,48330,31027,0,0582,0006,1264100138203,,,,1,용도지역코드,UQA122,제2종일반주거지역,1,0,,제2종일반주거지역,20221008
경상남도 양산시 동면 금산리 582-6번지,48330,31027,0,0582,0006,1264100048626,,,,1,용도지역코드,UQA122,제2종일반주거지역,1,0,,제2종일반주거지역,20221008
경상남도 양산시 동면 금산리 582-7번지,48330,31027,0,0582,0007,1000000000000000955382,,,,1,용도지역코드,UQA122,제2종일반주거지역,1,0,,제2종일반주거지역,20260522
경상남도 양산시 동면 금산리 582-7번지,48330,31027,0,0582,0007,1000000000000000955382,,,,3,용도구역코드,UMZ100,가축사육제한구역,1,0,,가축사육제한구역,20260522
경상남도 양산시 동면 금산리 582-7번지,48330,31027,0,0582,0007,1000000000000000955382,,,,3,용도구역코드,UOA120,상대보호구역,0,0,,상대보호구역,20260522
경상남도 양산시 동면 금산리 582-7번지,48330,31027,0,0582,0007,1264100135963,,,,1,용도지역코드,UQA122,제2종일반주거지역,1,0,,제2종일반주거지역,20221008
경상남도 양산시 동면 금산리 582-7번지,48330,31027,0,0582,0007,1264100135963,,,,3,용도구역코드,UOA120,상대보호구역,1,0,,상대보호구역,20221008
경상남도 양산시 동면 금산리 582-8번지,48330,31027,0,0582,0008,1264100037234,,,,1,용도지역코드,UQA122,제2종일반주거지역,1,0,,제2종일반주거지역,20221008
경상남도 양산시 동면 금산리 582-9번지,48330,31027,0,0582,0009,12649289,,,,1,용도지역코드,1022,제2종일반주거지역,1,0,,제2종일반주거지역,20221008
경상남도 양산시 동면 금산리 582-10번지,48330,31027,0,0582,0010,12648231,,,,1,용도지역코드,1022,제2종일반주거지역,1,0,,제2종일반주거지역,20221008
경상남도 양산시 동면 금산리 582-12번지,48330,31027,0,0582,0012,1264100026110,,,,1,용도지역코드,UQA122,제2종일반주거지역,1,0,,제2종일반주거지역,20221008
경상남도 양산시 동면 금산리 582-14번지,48330,31027,0,0582,0014,1264100092885,,,,1,용도지역코드,UQA122,제2종일반주거지역,1,0,,제2종일반주거지역,20221008
경상남도 양산시 동면 금산리 583-1번지,48330,31027,0,0583,0001,1264100040248,,,,1,용도지역코드,UQA122,제2종일반주거지역,1,0,,제2종일반주거지역,20221008
경상남도 양산시 동면 금산리 583-2번지,48330,31027,0,0583,0002,1264100004225,,,,1,용도지역코드,1022,제2종일반주거지역,1,0,,제2종일반주거지역,20221008
경상남도 양산시 동면 금산리 583-12번지,48330,31027,0,0583,0012,1264100040825,,,,1,용도지역코드,UQA122,제2종일반주거지역,1,0,,제2종일반주거지역,20221008
경상남도 양산시 동면 금산리 585-2번지,48330,31027,0,0585,0002,1264100016616,,,,1,용도지역코드,1022,제2종일반주거지역,1,0,,제2종일반주거지역,20221008
경상남도 양산시 동면 금산리 585-5번지,48330,31027,0,0585,0005,1264100094626,,,,1,용도지역코드,UQA122,제2종일반주거지역,1,0,,제2종일반주거지역,20221008
경상남도 양산시 동면 금산리 585-5번지,48330,31027,0,0585,0005,1264100094626,,,,3,용도구역코드,UOA110,절대정화구역,1,0,,절대정화구역,20221008
경상남도 양산시 동면 금산리 585-10번지,48330,31027,0,0585,0010,1264100007626,,,,1,용도지역코드,1022,제2종일반주거지역,1,0,,제2종일반주거지역,20221008
경상남도 양산시 동면 금산리 585-11번지,48330,31027,0,0585,0011,1264100035494,,,,1,용도지역코드,UQA122,제2종일반주거지역,1,0,,제2종일반주거지역,20221008
경상남도 양산시 동면 금산리 586-1번지,48330,31027,0,0586,0001,1264100005625,,,,1,용도지역코드,1022,제2종일반주거지역,1,0,,제2종일반주거지역,20221008
경상남도 양산시 동면 금산리 586-1번지,48330,31027,0,0586,0001,1264100045787,,,,1,용도지역코드,UQA122,제2종일반주거지역,1,0,,제2종일반주거지역,20221008
경상남도 양산시 동면 금산리 586-2번지,48330,31027,0,0586,0002,1264100033750,,,,1,용도지역코드,UQA122,제2종일반주거지역,1,0,,제2종일반주거지역,20221008
경상남도 양산시 동면 금산리 586-4번지,48330,31027,0,0586,0004,1264100017758,,,,1,용도지역코드,1022,제2종일반주거지역,1,0,,제2종일반주거지역,20221008
경상남도 양산시 동면 금산리 586-8번지,48330,31027,0,0586,0008,1264100041442,,,,1,용도지역코드,UQA122,제2종일반주거지역,1,0,,제2종일반주거지역,20221008
경상남도 양산시 동면 금산리 586-9번지,48330,31027,0,0586,0009,1264100031937,,,,1,용도지역코드,UQA122,제2종일반주거지역,1,0,,제2종일반주거지역,20221008
경상남도 양산시 동면 금산리 586-13번지,48330,31027,0,0586,0013,1264100034752,,,,1,용도지역코드,UQA122,제2종일반주거지역,1,0,,제2종일반주거지역,20221008
경상남도 양산시 동면 금산리 586-14번지,48330,31027,0,0586,0014,1264100034753,,,,1,용도지역코드,UQA122,제2종일반주거지역,1,0,,제2종일반주거지역,20221008
경상남도 양산시 동면 금산리 587-1번지,48330,31027,0,0587,0001,1264100124579,,,,1,용도지역코드,UQA122,제2종일반주거지역,1,0,,제2종일반주거지역,20221008
경상남도 양산시 동면 금산리 587-1번지,48330,31027,0,0587,0001,1264100124579,,,,3,용도구역코드,UMZ100,가축사육제한구역,1,0,,가축사육제한구역,20221008
경상남도 양산시 동면 금산리 587-1번지,48330,31027,0,0587,0001,1264100124579,,,,3,용도구역코드,UOA120,상대보호구역,0,0,,상대정화구역,20221008
경상남도 양산시 동면 금산리 587-1번지,48330,31027,0,0587,0001,1264100130308,,,,1,용도지역코드,UQA122,제2종일반주거지역,1,0,,제2종일반주거지역,20221008
경상남도 양산시 동면 금산리 587-7번지,48330,31027,0,0587,0007,1264100127224,,,,1,용도지역코드,UQA122,제2종일반주거지역,1,0,,제2종일반주거지역,20221008
경상남도 양산시 동면 금산리 587-7번지,48330,31027,0,0587,0007,1264100127224,,,,3,용도구역코드,UOA120,상대보호구역,1,0,,상대보호구역,20221008
경상남도 양산시 동면 금산리 587-8번지,48330,31027,0,0587,0008,12648907,,,,1,용도지역코드,1022,제2종일반주거지역,1,0,,제2종일반주거지역,20221008
경상남도 양산시 동면 금산리 587-9번지,48330,31027,0,0587,0009,12648892,,,,1,용도지역코드,1022,제2종일반주거지역,1,0,,제2종일반주거지역,20221008
경상남도 양산시 동면 금산리 587-10번지,48330,31027,0,0587,0010,12648891,,,,1,용도지역코드,1022,제2종일반주거지역,1,0,,제2종일반주거지역,20221008
경상남도 양산시 동면 금산리 588-1번지,48330,31027,0,0588,0001,1264100040344,,,,1,용도지역코드,UQA122,제2종일반주거지역,1,0,,제2종일반주거지역,20221008
경상남도 양산시 동면 금산리 588-1번지,48330,31027,0,0588,0001,1264100048989,,,,1,용도지역코드,UQA122,제2종일반주거지역,1,0,,제2종일반주거지역,20221008
경상남도 양산시 동면 금산리 588-1번지,48330,31027,0,0588,0001,1264100048989,,,,3,용도구역코드,UOA120,상대보호구역,1,0,,상대정화구역,20221008
경상남도 양산시 동면 금산리 588-2번지,48330,31027,0,0588,0002,1264100005366,,,,1,용도지역코드,1022,제2종일반주거지역,1,0,,제2종일반주거지역,20221008
경상남도 양산시 동면 금산리 588-3번지,48330,31027,0,0588,0003,1264100038336,,,,1,용도지역코드,UQA122,제2종일반주거지역,1,0,,제2종일반주거지역,20221008
경상남도 양산시 동면 금산리 588-3번지,48330,31027,0,0588,0003,1264100038336,,,,3,용도구역코드,UOA120,상대보호구역,1,0,,상대정화구역,20221008
경상남도 양산시 동면 금산리 588-3번지,48330,31027,0,0588,0003,1264100138587,,,,1,용도지역코드,UQA122,제2종일반주거지역,1,0,,제2종일반주거지역,20221008
경상남도 양산시 동면 금산리 588-3번지,48330,31027,0,0588,0003,1264100138587,,,,3,용도구역코드,UOA120,상대보호구역,1,0,,상대보호구역,20221008
경상남도 양산시 동면 금산리 588-3번지,48330,31027,0,0588,0003,1264100141065,,,,1,용도지역코드,UQA122,제2종일반주거지역,1,0,,제2종일반주거지역,20221008
경상남도 양산시 동면 금산리 588-3번지,48330,31027,0,0588,0003,1264100141065,,,,3,용도구역코드,UOA120,상대보호구역,1,0,,상대보호구역,20221008
경상남도 양산시 동면 금산리 588-4번지,48330,31027,0,0588,0004,1264100057029,,,,1,용도지역코드,UQA122,제2종일반주거지역,1,0,,제2종일반주거지역,20221008
경상남도 양산시 동면 금산리 588-5번지,48330,31027,0,0588,0005,1264100136383,,,,1,용도지역코드,UQA122,제2종일반주거지역,1,0,,제2종일반주거지역,20221008
경상남도 양산시 동면 금산리 588-5번지,48330,31027,0,0588,0005,1264100136383,,,,3,용도구역코드,UOA120,상대보호구역,1,0,,상대보호구역,20221008
경상남도 양산시 동면 금산리 588-7번지,48330,31027,0,0588,0007,1264100059476,,,,1,용도지역코드,UQA122,제2종일반주거지역,1,0,,제2종일반주거지역,20221008
경상남도 양산시 동면 금산리 588-7번지,48330,31027,0,0588,0007,1264100059476,,,,3,용도구역코드,UOA120,상대보호구역,1,0,,상대정화구역,20221008
경상남도 양산시 동면 금산리 588-10번지,48330,31027,0,0588,0010,1264100017154,,,,1,용도지역코드,1022,제2종일반주거지역,1,0,,제2종일반주거지역,20221008
경상남도 양산시 동면 금산리 588-10번지,48330,31027,0,0588,0010,1264100017154,,,,3,용도구역코드,272,상대정화구역,1,0,,상대정화구역,20221008
경상남도 양산시 동면 금산리 588-10번지,48330,31027,0,0588,0010,1264100026549,,,,1,용도지역코드,UQA122,제2종일반주거지역,1,0,,제2종일반주거지역,20221008
경상남도 양산시 동면 금산리 588-10번지,48330,31027,0,0588,0010,1264100026549,,,,3,용도구역코드,UOA120,상대보호구역,1,0,,상대정화구역,20221008
경상남도 양산시 동면 금산리 588-10번지,48330,31027,0,0588,0010,1264100032443,,,,1,용도지역코드,UQA122,제2종일반주거지역,1,0,,제2종일반주거지역,20221008
경상남도 양산시 동면 금산리 588-10번지,48330,31027,0,0588,0010,1264100032443,,,,3,용도구역코드,UOA120,상대보호구역,1,0,,상대정화구역,20221008
경상남도 양산시 동면 금산리 588-12번지,48330,31027,0,0588,0012,1264100017137,,,,1,용도지역코드,1022,제2종일반주거지역,1,0,,제2종일반주거지역,20221008
경상남도 양산시 동면 금산리 588-15번지,48330,31027,0,0588,0015,12648977,,,,1,용도지역코드,1022,제2종일반주거지역,1,0,,제2종일반주거지역,20221008
경상남도 양산시 동면 금산리 588-17번지,48330,31027,0,0588,0017,12648850,,,,1,용도지역코드,1022,제2종일반주거지역,1,0,,제2종일반주거지역,20221008
경상남도 양산시 동면 금산리 588-18번지,48330,31027,0,0588,0018,1264100141083,,,,3,용도구역코드,UOA120,상대보호구역,1,0,,상대보호구역,20221008
경상남도 양산시 동면 금산리 588-18번지,48330,31027,0,0588,0018,1264100141083,,,,1,용도지역코드,UQA122,제2종일반주거지역,1,0,,제2종일반주거지역,20221008
경상남도 양산시 동면 금산리 588-18번지,48330,31027,0,0588,0018,1264100138586,,,,1,용도지역코드,UQA122,제2종일반주거지역,1,0,,제2종일반주거지역,20221008
경상남도 양산시 동면 금산리 588-18번지,48330,31027,0,0588,0018,1264100138586,,,,3,용도구역코드,UOA120,상대보호구역,1,0,,상대보호구역,20221008
경상남도 양산시 동면 금산리 600-1번지,48330,31027,0,0600,0001,1264100050711,,,,1,용도지역코드,UQA122,제2종일반주거지역,1,0,,제2종일반주거지역,20221008
경상남도 양산시 동면 금산리 600-1번지,48330,31027,0,0600,0001,1264100050711,,,,2,용도지구코드,UQG130,일반미관지구,1,0,,일반미관지구,20221008
경상남도 양산시 동면 금산리 600-1번지,48330,31027,0,0600,0001,1264100050711,,,,3,용도구역코드,UOA120,상대보호구역,1,0,,상대정화구역,20221008
경상남도 양산시 동면 금산리 600-1번지,48330,31027,0,0600,0001,1264100011130,,,,1,용도지역코드,1022,제2종일반주거지역,1,0,,제2종일반주거지역,20221008
경상남도 양산시 동면 금산리 600-1번지,48330,31027,0,0600,0001,1264100011130,,,,2,용도지구코드,UQG130,일반미관지구,1,0,,일반미관지구,20221008
경상남도 양산시 동면 금산리 600-1번지,48330,31027,0,0600,0001,1264100011130,,,,3,용도구역코드,UOA120,상대보호구역,1,0,,상대정화구역,20221008
경상남도 양산시 동면 금산리 600-2번지,48330,31027,0,0600,0002,1264100027435,,,,1,용도지역코드,UQA122,제2종일반주거지역,1,0,,제2종일반주거지역,20221008
경상남도 양산시 동면 금산리 600-2번지,48330,31027,0,0600,0002,1264100069019,,,,1,용도지역코드,UQA122,제2종일반주거지역,1,0,,제2종일반주거지역,20221008
경상남도 양산시 동면 금산리 600-2번지,48330,31027,0,0600,0002,1264100069019,,,,2,용도지구코드,UQG130,일반미관지구,1,0,,일반미관지구,20221008
경상남도 양산시 동면 금산리 600-2번지,48330,31027,0,0600,0002,1264100069019,,,,3,용도구역코드,UOA120,상대보호구역,1,0,,상대정화구역,20221008
경상남도 양산시 동면 금산리 600-6번지,48330,31027,0,0600,0006,1264100042504,,,,1,용도지역코드,UQA122,제2종일반주거지역,1,0,,제2종일반주거지역,20221008
경상남도 양산시 동면 금산리 600-6번지,48330,31027,0,0600,0006,1264100042504,,,,2,용도지구코드,UQG130,일반미관지구,1,0,,일반미관지구,20221008
경상남도 양산시 동면 금산리 600-7번지,48330,31027,0,0600,0007,1264100089165,,,,1,용도지역코드,UQA122,제2종일반주거지역,1,0,,제2종일반주거지역,20221008
경상남도 양산시 동면 금산리 600-7번지,48330,31027,0,0600,0007,1264100089165,,,,3,용도구역코드,UOA120,상대보호구역,1,0,,상대정화구역,20221008
경상남도 양산시 동면 금산리 600-7번지,48330,31027,0,0600,0007,1264100050269,,,,1,용도지역코드,UQA122,제2종일반주거지역,1,0,,제2종일반주거지역,20221008
경상남도 양산시 동면 금산리 600-7번지,48330,31027,0,0600,0007,1264100050269,,,,2,용도지구코드,UQG130,일반미관지구,1,0,,일반미관지구,20221008
경상남도 양산시 동면 금산리 600-8번지,48330,31027,0,0600,0008,1264100027252,,,,1,용도지역코드,UQA122,제2종일반주거지역,1,0,,제2종일반주거지역,20221008
경상남도 양산시 동면 금산리 600-8번지,48330,31027,0,0600,0008,1264100027252,,,,3,용도구역코드,UOA120,상대보호구역,1,0,,상대정화구역,20221008
경상남도 양산시 동면 금산리 600-9번지,48330,31027,0,0600,0009,1264100054988,,,,1,용도지역코드,UQA122,제2종일반주거지역,1,0,,제2종일반주거지역,20221008
경상남도 양산시 동면 금산리 600-9번지,48330,31027,0,0600,0009,1264100045988,,,,1,용도지역코드,UQA122,제2종일반주거지역,1,0,,제2종일반주거지역,20221008
경상남도 양산시 동면 금산리 600-12번지,48330,31027,0,0600,0012,1264100032337,,,,1,용도지역코드,UQA122,제2종일반주거지역,1,0,,제2종일반주거지역,20221008
경상남도 양산시 동면 금산리 643-24번지,48330,31027,0,0643,0024,126454,,,,1,용도지역코드,1330,자연녹지지역,1,0,,자연녹지지역,20221008
경상남도 양산시 동면 금산리 646-22번지,48330,31027,0,0646,0022,12642318,,,,1,용도지역코드,1330,자연녹지지역,1,0,,자연녹지지역,20221008
경상남도 양산시 동면 금산리 653-9번지,48330,31027,0,0653,0009,1264100011613,,,,1,용도지역코드,1320,생산녹지지역,1,0,,생산녹지지역,20221008
경상남도 양산시 동면 금산리 653-9번지,48330,31027,0,0653,0009,1264100011613,,,,2,용도지구코드,280,택지개발예정지구,1,0,,택지개발예정지구,20221008
경상남도 양산시 동면 금산리 653-9번지,48330,31027,0,0653,0009,1264100100893,,,,1,용도지역코드,UQA430,자연녹지지역,1,0,,자연녹지지역,20221008
경상남도 양산시 동면 금산리 653-9번지,48330,31027,0,0653,0009,1264100100893,,,,1,용도지역코드,UQA420,생산녹지지역,0,0,,생산녹지지역,20221008
경상남도 양산시 동면 금산리 653-9번지,48330,31027,0,0653,0009,1264100100893,,,,3,용도구역코드,UQQ310,제1종지구단위계획구역,1,0,,제1종지구단위계획구역,20221008
경상남도 양산시 동면 금산리 653-9번지,48330,31027,0,0653,0009,12643580,,,,1,용도지역코드,1320,생산녹지지역,1,0,,생산녹지지역,20221008
경상남도 양산시 동면 금산리 653-9번지,48330,31027,0,0653,0009,12643580,,,,1,용도지역코드,1330,자연녹지지역,0,0,,자연녹지지역,20221008
경상남도 양산시 동면 금산리 653-9번지,48330,31027,0,0653,0009,12643580,,,,2,용도지구코드,280,택지개발예정지구,1,0,,택지개발예정지구,20221008
경상남도 양산시 동면 금산리 653-9번지,48330,31027,0,0653,0009,1264100028089,,,,1,용도지역코드,UQA430,자연녹지지역,1,0,,자연녹지지역,20221008
경상남도 양산시 동면 금산리 653-9번지,48330,31027,0,0653,0009,1264100028089,,,,1,용도지역코드,UQA420,생산녹지지역,0,0,,생산녹지지역,20221008
경상남도 양산시 동면 금산리 653-9번지,48330,31027,0,0653,0009,1264100009249,,,,1,용도지역코드,1330,자연녹지지역,1,0,,자연녹지지역,20221008
경상남도 양산시 동면 금산리 653-9번지,48330,31027,0,0653,0009,1264100009249,,,,1,용도지역코드,1320,생산녹지지역,0,0,,생산녹지지역,20221008
경상남도 양산시 동면 금산리 683-2번지,48330,31027,0,0683,0002,1264100066420,,,,1,용도지역코드,UQA122,제2종일반주거지역,1,0,,제2종일반주거지역,20221008
경상남도 양산시 동면 금산리 683-2번지,48330,31027,0,0683,0002,1264100066420,,,,2,용도지구코드,UQG130,일반미관지구,1,0,,일반미관지구,20221008
경상남도 양산시 동면 금산리 683-2번지,48330,31027,0,0683,0002,1264100066420,,,,3,용도구역코드,UOA120,상대보호구역,1,0,,상대정화구역,20221008
경상남도 양산시 동면 금산리 684-1번지,48330,31027,0,0684,0001,1264420,,,,1,용도지역코드,1020,일반주거지역,1,0,,일반주거지역,20221008
경상남도 양산시 동면 금산리 684-1번지,48330,31027,0,0684,0001,12649500,,,,1,용도지역코드,1022,제2종일반주거지역,1,0,,제2종일반주거지역,20221008
경상남도 양산시 동면 금산리 685번지,48330,31027,0,0685,0000,1264100156551,,,,1,용도지역코드,UQA122,제2종일반주거지역,1,0,,제2종일반주거지역,20230116
경상남도 양산시 동면 금산리 685번지,48330,31027,0,0685,0000,1000000000000000443589,,,,1,용도지역코드,UQA122,제2종일반주거지역,1,0,,제2종일반주거지역,20240205
경상남도 양산시 동면 금산리 685번지,48330,31027,0,0685,0000,1264100156551,,,,2,용도지구코드,UQF132,시가지경관지구(일반),1,0,,시가지경관지구(일반),20230116
경상남도 양산시 동면 금산리 688-2번지,48330,31027,0,0688,0002,1264100146183,,,,1,용도지역코드,UQA122,제2종일반주거지역,1,0,,제2종일반주거지역,20221008
경상남도 양산시 동면 금산리 688-2번지,48330,31027,0,0688,0002,1264100146183,,,,2,용도지구코드,UQF132,시가지경관지구(일반),1,0,,시가지경관지구(일반),20221008
경상남도 양산시 동면 금산리 690-1번지,48330,31027,0,0690,0001,12647612,,,,1,용도지역코드,1022,제2종일반주거지역,1,0,,제2종일반주거지역,20221008
경상남도 양산시 동면 금산리 697번지,48330,31027,0,0697,0000,1264100137825,,,,1,용도지역코드,UQA122,제2종일반주거지역,1,0,,제2종일반주거지역,20221008
경상남도 양산시 동면 금산리 697번지,48330,31027,0,0697,0000,1264100137825,,,,3,용도구역코드,UMZ100,가축사육제한구역,1,0,,가축사육제한구역,20221008
경상남도 양산시 동면 금산리 697번지,48330,31027,0,0697,0000,1264100137825,,,,3,용도구역코드,UOA120,상대보호구역,0,0,,상대보호구역,20221008
경상남도 양산시 동면 금산리 702번지,48330,31027,0,0702,0000,1000000000000000616840,,,,1,용도지역코드,UQA122,제2종일반주거지역,1,0,,제2종일반주거지역,20241111
경상남도 양산시 동면 금산리 702번지,48330,31027,0,0702,0000,1264100029211,,,,1,용도지역코드,UQA122,제2종일반주거지역,1,0,,제2종일반주거지역,20221008
경상남도 양산시 동면 금산리 705번지,48330,31027,0,0705,0000,1264100050129,,,,1,용도지역코드,UQA122,제2종일반주거지역,1,0,,제2종일반주거지역,20221008
경상남도 양산시 동면 금산리 705번지,48330,31027,0,0705,0000,1264100050129,,,,3,용도구역코드,UOA120,상대보호구역,1,0,,상대정화구역,20221008
경상남도 양산시 동면 금산리 706번지,48330,31027,0,0706,0000,1264100041563,,,,1,용도지역코드,UQA122,제2종일반주거지역,1,0,,제2종일반주거지역,20221008
경상남도 양산시 동면 금산리 706번지,48330,31027,0,0706,0000,1264100041563,,,,3,용도구역코드,UOA120,상대보호구역,1,0,,상대정화구역,20221008
경상남도 양산시 동면 금산리 706번지,48330,31027,0,0706,0000,12644575,,,,1,용도지역코드,1022,제2종일반주거지역,1,0,,제2종일반주거지역,20221008
경상남도 양산시 동면 금산리 708번지,48330,31027,0,0708,0000,1000000000000000248745,,,,3,용도구역코드,UMZ100,가축사육제한구역,0,0,,가축사육제한구역,20230626
경상남도 양산시 동면 금산리 708번지,48330,31027,0,0708,0000,1000000000000000248745,,,,3,용도구역코드,UOA120,상대보호구역,1,0,,상대보호구역,20230626
경상남도 양산시 동면 금산리 708번지,48330,31027,0,0708,0000,1000000000000000248745,,,,1,용도지역코드,UQA122,제2종일반주거지역,1,0,,제2종일반주거지역,20230626
경상남도 양산시 동면 금산리 710-12번지,48330,31027,0,0710,0012,1264100038232,,,,1,용도지역코드,UQA122,제2종일반주거지역,1,0,,제2종일반주거지역,20221008
경상남도 양산시 동면 금산리 719번지,48330,31027,0,0719,0000,1264100135163,,,,1,용도지역코드,UQA122,제2종일반주거지역,1,0,,제2종일반주거지역,20221008
경상남도 양산시 동면 금산리 719번지,48330,31027,0,0719,0000,12646775,,,,1,용도지역코드,1022,제2종일반주거지역,1,0,,제2종일반주거지역,20221008
경상남도 양산시 동면 금산리 719-5번지,48330,31027,0,0719,0005,1264100014174,,,,1,용도지역코드,1022,제2종일반주거지역,1,0,,제2종일반주거지역,20221008
경상남도 양산시 동면 금산리 720번지,48330,31027,0,0720,0000,1264100043929,,,,1,용도지역코드,UQA122,제2종일반주거지역,1,0,,제2종일반주거지역,20221008
경상남도 양산시 동면 금산리 720번지,48330,31027,0,0720,0000,1264100043929,,,,3,용도구역코드,UOA120,상대보호구역,1,0,,상대정화구역,20221008
경상남도 양산시 동면 금산리 728번지,48330,31027,0,0728,0000,12642793,,,,1,용도지역코드,1020,일반주거지역,1,0,,일반주거지역,20221008
경상남도 양산시 동면 금산리 729번지,48330,31027,0,0729,0000,1264100145387,,,,1,용도지역코드,UQA122,제2종일반주거지역,1,0,,제2종일반주거지역,20230313
경상남도 양산시 동면 금산리 729번지,48330,31027,0,0729,0000,1264100145387,,,,3,용도구역코드,UOA120,상대보호구역,0,0,,상대보호구역,20230313
경상남도 양산시 동면 금산리 729번지,48330,31027,0,0729,0000,1264100145387,,,,3,용도구역코드,UMZ100,가축사육제한구역,1,0,,가축사육제한구역,20230313
경상남도 양산시 동면 금산리 749번지,48330,31027,0,0749,0000,12649534,,,,1,용도지역코드,1022,제2종일반주거지역,1,0,,제2종일반주거지역,20221008
경상남도 양산시 동면 금산리 750번지,48330,31027,0,0750,0000,1264100149632,,,,1,용도지역코드,UQA122,제2종일반주거지역,1,0,,제2종일반주거지역,20221021
경상남도 양산시 동면 금산리 750번지,48330,31027,0,0750,0000,1264100149632,,,,3,용도구역코드,UOA120,상대보호구역,1,0,,상대보호구역,20221021
경상남도 양산시 동면 금산리 756번지,48330,31027,0,0756,0000,12645109,,,,1,용도지역코드,1022,제2종일반주거지역,1,0,,제2종일반주거지역,20221008
경상남도 양산시 동면 금산리 762-1번지,48330,31027,0,0762,0001,1000000000000000744117,,,,1,용도지역코드,UQA122,제2종일반주거지역,1,0,,제2종일반주거지역,20251229
경상남도 양산시 동면 금산리 762-5번지,48330,31027,0,0762,0005,1264100073186,,,,1,용도지역코드,UQA122,제2종일반주거지역,1,0,,제2종일반주거지역,20221008
경상남도 양산시 동면 금산리 771-6번지,48330,31027,0,0771,0006,1264344,,,,1,용도지역코드,1330,자연녹지지역,1,0,,자연녹지지역,20221008
경상남도 양산시 동면 금산리 777-2번지,48330,31027,0,0777,0002,12642714,,,,1,용도지역코드,1020,일반주거지역,1,0,,일반주거지역,20221008
경상남도 양산시 동면 금산리 778-2번지,48330,31027,0,0778,0002,12645738,,,,1,용도지역코드,1020,일반주거지역,1,0,,일반주거지역,20221008
경상남도 양산시 동면 금산리 782번지,48330,31027,0,0782,0000,1264100025830,,,,1,용도지역코드,UQA122,제2종일반주거지역,1,0,,제2종일반주거지역,20221008
경상남도 양산시 동면 금산리 786-1번지,48330,31027,0,0786,0001,1264100078540,,,,1,용도지역코드,UQA122,제2종일반주거지역,1,0,,제2종일반주거지역,20221008
경상남도 양산시 동면 금산리 786-1번지,48330,31027,0,0786,0001,1264100078540,,,,3,용도구역코드,UOA120,상대보호구역,1,0,,상대정화구역,20221008
경상남도 양산시 동면 금산리 787번지,48330,31027,0,0787,0000,1264100098699,,,,1,용도지역코드,UQA122,제2종일반주거지역,1,0,,제2종일반주거지역,20221008
경상남도 양산시 동면 금산리 789번지,48330,31027,0,0789,0000,1264100028631,,,,1,용도지역코드,UQA122,제2종일반주거지역,1,0,,제2종일반주거지역,20221008
경상남도 양산시 동면 금산리 791번지,48330,31027,0,0791,0000,12643196,,,,1,용도지역코드,1020,일반주거지역,1,0,,일반주거지역,20221008
경상남도 양산시 동면 금산리 793번지,48330,31027,0,0793,0000,1264100024411,,,,1,용도지역코드,UQA122,제2종일반주거지역,1,0,,제2종일반주거지역,20221008
경상남도 양산시 동면 금산리 793번지,48330,31027,0,0793,0000,1264100024411,,,,3,용도구역코드,UOA110,절대정화구역,1,0,,절대정화구역,20221008
경상남도 양산시 동면 금산리 793번지,48330,31027,0,0793,0000,1264100024411,,,,3,용도구역코드,UOA120,상대보호구역,0,0,,상대정화구역,20221008
경상남도 양산시 동면 금산리 795번지,48330,31027,0,0795,0000,12642671,,,,1,용도지역코드,1020,일반주거지역,1,0,,일반주거지역,20221008
경상남도 양산시 동면 금산리 801-8번지,48330,31027,0,0801,0008,126445,,,,1,용도지역코드,1020,일반주거지역,1,0,,일반주거지역,20221008
경상남도 양산시 동면 금산리 803-1번지,48330,31027,0,0803,0001,12646705,,,,1,용도지역코드,1022,제2종일반주거지역,1,0,,제2종일반주거지역,20221008
경상남도 양산시 동면 금산리 803-4번지,48330,31027,0,0803,0004,12646617,,,,1,용도지역코드,1022,제2종일반주거지역,1,0,,제2종일반주거지역,20221008
경상남도 양산시 동면 금산리 804-2번지,48330,31027,0,0804,0002,1264709,,,,1,용도지역코드,1330,자연녹지지역,1,0,,자연녹지지역,20221008
경상남도 양산시 동면 금산리 816-11번지,48330,31027,0,0816,0011,1264425,,,,1,용도지역코드,1330,자연녹지지역,1,0,,자연녹지지역,20221008
경상남도 양산시 동면 금산리 840-4번지,48330,31027,0,0840,0004,12642445,,,,1,용도지역코드,1020,일반주거지역,1,0,,일반주거지역,20221008
경상남도 양산시 동면 금산리 842-2번지,48330,31027,0,0842,0002,12642446,경상남도 양산시 동면 금산리,842,2,1,용도지역코드,1020,일반주거지역,1,0,,일반주거지역,20221008
경상남도 양산시 동면 금산리 846번지,48330,31027,0,0846,0000,1264100023269,,,,1,용도지역코드,UQA430,자연녹지지역,1,0,,자연녹지지역,20221008
경상남도 양산시 동면 금산리 851번지,48330,31027,0,0851,0000,1264100145243,,,,3,용도구역코드,UMZ100,가축사육제한구역,0,0,,가축사육제한구역,20260729
경상남도 양산시 동면 금산리 851번지,48330,31027,0,0851,0000,1264100145243,,,,1,용도지역코드,UQA122,제2종일반주거지역,1,0,,제2종일반주거지역,20260729
경상남도 양산시 동면 금산리 851번지,48330,31027,0,0851,0000,1264100145243,,,,3,용도구역코드,UOA120,상대보호구역,0,0,,상대보호구역,20260729
경상남도 양산시 동면 금산리 851번지,48330,31027,0,0851,0000,1264100145243,,,,3,용도구역코드,UQQ310,제1종지구단위계획구역,1,0,,제1종지구단위계획구역,20260729
경상남도 양산시 동면 금산리 872번지,48330,31027,0,0872,0000,1264453,,,,1,용도지역코드,1020,일반주거지역,1,0,,일반주거지역,20221008
경상남도 양산시 동면 금산리 873번지,48330,31027,0,0873,0000,1264533,,,,1,용도지역코드,1020,일반주거지역,1,0,,일반주거지역,20221008
경상남도 양산시 동면 금산리 885번지,48330,31027,0,0885,0000,1264499,,,,1,용도지역코드,1020,일반주거지역,1,0,,일반주거지역,20221008
경상남도 양산시 동면 금산리 905-3번지,48330,31027,0,0905,0003,1264411,,,,1,용도지역코드,1020,일반주거지역,1,0,,일반주거지역,20221008
경상남도 양산시 동면 금산리 907번지,48330,31027,0,0907,0000,1264267,,,,1,용도지역코드,1020,일반주거지역,1,0,,일반주거지역,20221008
경상남도 양산시 동면 금산리 921번지,48330,31027,0,0921,0000,1264100150638,,,,1,용도지역코드,UQA430,자연녹지지역,1,0,,자연녹지지역,20221008
경상남도 양산시 동면 금산리 921번지,48330,31027,0,0921,0000,1264100150638,,,,3,용도구역코드,UMZ100,가축사육제한구역,1,0,,가축사육제한구역,20221008
경상남도 양산시 동면 금산리 921-1번지,48330,31027,0,0921,0001,1264100128062,,,,1,용도지역코드,UQA430,자연녹지지역,1,0,,자연녹지지역,20221008
경상남도 양산시 동면 금산리 925번지,48330,31027,0,0925,0000,1264100152154,,,,1,용도지역코드,UQA430,자연녹지지역,1,0,,자연녹지지역,20230307
경상남도 양산시 동면 금산리 939번지,48330,31027,0,0939,0000,1264100134564,,,,1,용도지역코드,UQA430,자연녹지지역,1,0,,자연녹지지역,20221008
경상남도 양산시 동면 금산리 940-2번지,48330,31027,0,0940,0002,1264100044847,,,,1,용도지역코드,UQA430,자연녹지지역,1,0,,자연녹지지역,20221008
경상남도 양산시 동면 금산리 940-2번지,48330,31027,0,0940,0002,1264100052468,,,,1,용도지역코드,UQA430,자연녹지지역,1,0,,자연녹지지역,20221008
경상남도 양산시 동면 금산리 940-2번지,48330,31027,0,0940,0002,126481,,,,1,용도지역코드,1330,자연녹지지역,1,0,,자연녹지지역,20221008
경상남도 양산시 동면 금산리 952번지,48330,31027,0,0952,0000,1264100120299,,,,1,용도지역코드,UQA430,자연녹지지역,1,0,,자연녹지지역,20221008
경상남도 양산시 동면 금산리 1128번지,48330,31027,0,1128,0000,1264100023970,,,,1,용도지역코드,UQA220,일반상업지역,1,0,,일반상업지역,20221008
경상남도 양산시 동면 금산리 1136-5번지,48330,31027,0,1136,0005,1000000000000000451699,,,,1,용도지역코드,UQA430,자연녹지지역,1,0,,자연녹지지역,20240129
경상남도 양산시 동면 금산리 1136-5번지,48330,31027,0,1136,0005,1264100146163,,,,1,용도지역코드,UQA430,자연녹지지역,1,0,,자연녹지지역,20240110
경상남도 양산시 동면 금산리 1136-5번지,48330,31027,0,1136,0005,1264100150252,,,,1,용도지역코드,UQA430,자연녹지지역,1,0,,자연녹지지역,20221008
경상남도 양산시 동면 금산리 1137-1번지,48330,31027,0,1137,0001,1264100155811,,,,1,용도지역코드,UQA430,자연녹지지역,1,0,,자연녹지지역,20221008
경상남도 양산시 동면 금산리 1187-6번지,48330,31027,0,1187,0006,12646309,,,,1,용도지역코드,1022,제2종일반주거지역,1,0,,제2종일반주거지역,20221008
경상남도 양산시 동면 금산리 1187-6번지,48330,31027,0,1187,0006,12646309,,,,2,용도지구코드,160,택지개발지구,1,0,,택지개발지구,20221008
경상남도 양산시 동면 금산리 1187-6번지,48330,31027,0,1187,0006,12646309,,,,3,용도구역코드,301,제1종지구단위계획구역,1,0,,제1종지구단위계획구역,20221008
경상남도 양산시 동면 금산리 1216-2번지,48330,31027,0,1216,0002,1264100081339,,,,1,용도지역코드,UQA430,자연녹지지역,1,0,,자연녹지지역,20221008
경상남도 양산시 동면 금산리 1216-2번지,48330,31027,0,1216,0002,1264100081339,,,,3,용도구역코드,UQQ310,제1종지구단위계획구역,1,0,,제1종지구단위계획구역,20221008
경상남도 양산시 동면 금산리 1216-3번지,48330,31027,0,1216,0003,1264100124581,,,,1,용도지역코드,UQA430,자연녹지지역,1,0,,자연녹지지역,20221008
경상남도 양산시 동면 금산리 1216-3번지,48330,31027,0,1216,0003,1264100129304,,,,1,용도지역코드,UQA430,자연녹지지역,1,0,,자연녹지지역,20221008
경상남도 양산시 동면 금산리 1216-3번지,48330,31027,0,1216,0003,1264100122279,,,,1,용도지역코드,UQA430,자연녹지지역,1,0,,자연녹지지역,20221008
경상남도 양산시 동면 금산리 1216-3번지,48330,31027,0,1216,0003,1264100122279,,,,3,용도구역코드,UOA120,상대보호구역,1,0,,상대보호구역,20221008
경상남도 양산시 동면 금산리 1216-3번지,48330,31027,0,1216,0003,1264100122279,,,,3,용도구역코드,UQQ310,제1종지구단위계획구역,0,0,,제1종지구단위계획구역,20221008
경상남도 양산시 동면 금산리 1216-3번지,48330,31027,0,1216,0003,1264100157510,,,,1,용도지역코드,UQA430,자연녹지지역,1,0,,자연녹지지역,20221008
경상남도 양산시 동면 금산리 1216-22번지,48330,31027,0,1216,0022,1264100006547,,,,1,용도지역코드,1320,생산녹지지역,1,0,,생산녹지지역,20221008
경상남도 양산시 동면 금산리 1216-22번지,48330,31027,0,1216,0022,1264100006547,,,,2,용도지구코드,280,택지개발예정지구,1,0,,택지개발예정지구,20221008
경상남도 양산시 동면 금산리 1216-22번지,48330,31027,0,1216,0022,1264100006547,,,,3,용도구역코드,,,1,0,,,20221008
경상남도 양산시 동면 금산리 1223-2번지,48330,31027,0,1223,0002,1264100026335,,,,1,용도지역코드,UQA420,생산녹지지역,1,0,,생산녹지지역,20221008
경상남도 양산시 동면 금산리 1223-3번지,48330,31027,0,1223,0003,1264100123444,,,,1,용도지역코드,UQA420,생산녹지지역,1,0,,생산녹지지역,20240122
경상남도 양산시 동면 금산리 1223-3번지,48330,31027,0,1223,0003,1264100123444,,,,1,용도지역코드,UQA430,자연녹지지역,0,0,,자연녹지지역,20240122
경상남도 양산시 동면 금산리 1223-3번지,48330,31027,0,1223,0003,1000000000000000438739,,,,1,용도지역코드,UQA420,생산녹지지역,1,0,,생산녹지지역,20240920
경상남도 양산시 동면 금산리 1223-3번지,48330,31027,0,1223,0003,1000000000000000438739,,,,1,용도지역코드,UQA430,자연녹지지역,0,0,,자연녹지지역,20240920
경상남도 양산시 동면 금산리 1407-1번지,48330,31027,0,1407,0001,1264100029449,,,,1,용도지역코드,UQA121,제1종일반주거지역,1,0,,제1종일반주거지역,20221008
경상남도 양산시 동면 금산리 1407-1번지,48330,31027,0,1407,0001,1264100029449,,,,3,용도구역코드,UOA120,상대보호구역,1,0,,상대정화구역,20221008
경상남도 양산시 동면 금산리 1407-2번지,48330,31027,0,1407,0002,1264100032379,,,,1,용도지역코드,UQA121,제1종일반주거지역,1,0,,제1종일반주거지역,20221008
경상남도 양산시 동면 금산리 1407-2번지,48330,31027,0,1407,0002,1264100032379,,,,3,용도구역코드,UQQ310,제1종지구단위계획구역,1,0,,제1종지구단위계획구역,20221008
경상남도 양산시 동면 금산리 1407-2번지,48330,31027,0,1407,0002,1264100032379,,,,3,용도구역코드,UOA120,상대보호구역,0,0,,상대정화구역,20221008
경상남도 양산시 동면 금산리 1407-3번지,48330,31027,0,1407,0003,1264100040583,,,,1,용도지역코드,UQA121,제1종일반주거지역,1,0,,제1종일반주거지역,20221008
경상남도 양산시 동면 금산리 1407-3번지,48330,31027,0,1407,0003,1264100040583,,,,3,용도구역코드,UQQ310,제1종지구단위계획구역,1,0,,제1종지구단위계획구역,20221008
경상남도 양산시 동면 금산리 1407-3번지,48330,31027,0,1407,0003,1264100040583,,,,3,용도구역코드,UOA120,상대보호구역,0,0,,상대정화구역,20221008
경상남도 양산시 동면 금산리 1407-5번지,48330,31027,0,1407,0005,1264100095028,,,,1,용도지역코드,UQA121,제1종일반주거지역,1,0,,제1종일반주거지역,20221008
경상남도 양산시 동면 금산리 1407-5번지,48330,31027,0,1407,0005,1264100095028,,,,3,용도구역코드,UQQ310,제1종지구단위계획구역,1,0,,제1종지구단위계획구역,20221008
경상남도 양산시 동면 금산리 1407-5번지,48330,31027,0,1407,0005,1264100095028,,,,3,용도구역코드,UOA120,상대보호구역,0,0,,상대정화구역,20221008
경상남도 양산시 동면 금산리 1407-6번지,48330,31027,0,1407,0006,1264100049067,,,,1,용도지역코드,UQA121,제1종일반주거지역,1,0,,제1종일반주거지역,20221008
경상남도 양산시 동면 금산리 1407-6번지,48330,31027,0,1407,0006,1264100049067,,,,3,용도구역코드,UQQ310,제1종지구단위계획구역,1,0,,제1종지구단위계획구역,20221008
경상남도 양산시 동면 금산리 1407-6번지,48330,31027,0,1407,0006,1264100049067,,,,3,용도구역코드,UOA120,상대보호구역,0,0,,상대정화구역,20221008
경상남도 양산시 동면 금산리 1407-7번지,48330,31027,0,1407,0007,1264100091848,,,,1,용도지역코드,UQA121,제1종일반주거지역,1,0,,제1종일반주거지역,20221008
경상남도 양산시 동면 금산리 1407-7번지,48330,31027,0,1407,0007,1264100091848,,,,3,용도구역코드,UQQ310,제1종지구단위계획구역,1,0,,제1종지구단위계획구역,20221008
경상남도 양산시 동면 금산리 1407-7번지,48330,31027,0,1407,0007,1264100091848,,,,3,용도구역코드,UOA120,상대보호구역,0,0,,상대정화구역,20221008
경상남도 양산시 동면 금산리 1407-8번지,48330,31027,0,1407,0008,1264100049467,,,,1,용도지역코드,UQA121,제1종일반주거지역,1,0,,제1종일반주거지역,20221008
경상남도 양산시 동면 금산리 1407-8번지,48330,31027,0,1407,0008,1264100049467,,,,3,용도구역코드,UQQ310,제1종지구단위계획구역,1,0,,제1종지구단위계획구역,20221008
경상남도 양산시 동면 금산리 1407-8번지,48330,31027,0,1407,0008,1264100049467,,,,3,용도구역코드,UOA120,상대보호구역,0,0,,상대정화구역,20221008
경상남도 양산시 동면 금산리 1408-1번지,48330,31027,0,1408,0001,1264100039592,,,,3,용도구역코드,UOA120,상대보호구역,0,0,,상대정화구역,20221008
경상남도 양산시 동면 금산리 1408-1번지,48330,31027,0,1408,0001,1264100039592,,,,1,용도지역코드,UQA121,제1종일반주거지역,1,0,,제1종일반주거지역,20221008
경상남도 양산시 동면 금산리 1408-1번지,48330,31027,0,1408,0001,1264100039592,,,,3,용도구역코드,UQQ310,제1종지구단위계획구역,1,0,,제1종지구단위계획구역,20221008
경상남도 양산시 동면 금산리 1408-2번지,48330,31027,0,1408,0002,1264100043282,,,,1,용도지역코드,UQA121,제1종일반주거지역,1,0,,제1종일반주거지역,20221008
경상남도 양산시 동면 금산리 1408-2번지,48330,31027,0,1408,0002,1264100043282,,,,3,용도구역코드,UQQ310,제1종지구단위계획구역,1,0,,제1종지구단위계획구역,20221008
경상남도 양산시 동면 금산리 1408-2번지,48330,31027,0,1408,0002,1264100043282,,,,3,용도구역코드,UOA120,상대보호구역,0,0,,상대정화구역,20221008
경상남도 양산시 동면 금산리 1408-3번지,48330,31027,0,1408,0003,1264100115361,,,,3,용도구역코드,UOA120,상대보호구역,1,0,,상대보호구역,20230329
경상남도 양산시 동면 금산리 1408-3번지,48330,31027,0,1408,0003,1264100115361,,,,3,용도구역코드,UQQ310,제1종지구단위계획구역,0,0,,제1종지구단위계획구역,20230329
경상남도 양산시 동면 금산리 1408-3번지,48330,31027,0,1408,0003,1264100115361,,,,1,용도지역코드,UQA121,제1종일반주거지역,1,0,,제1종일반주거지역,20230329
경상남도 양산시 동면 금산리 1408-4번지,48330,31027,0,1408,0004,1264100054410,,,,1,용도지역코드,UQA121,제1종일반주거지역,1,0,,제1종일반주거지역,20221008
경상남도 양산시 동면 금산리 1408-4번지,48330,31027,0,1408,0004,1264100054410,,,,3,용도구역코드,UQQ310,제1종지구단위계획구역,1,0,,제1종지구단위계획구역,20221008
경상남도 양산시 동면 금산리 1408-5번지,48330,31027,0,1408,0005,1264100054411,,,,1,용도지역코드,UQA121,제1종일반주거지역,1,0,,제1종일반주거지역,20221008
경상남도 양산시 동면 금산리 1408-5번지,48330,31027,0,1408,0005,1264100054411,,,,3,용도구역코드,UQQ310,제1종지구단위계획구역,1,0,,제1종지구단위계획구역,20221008
경상남도 양산시 동면 금산리 1408-6번지,48330,31027,0,1408,0006,1264100030519,,,,1,용도지역코드,UQA121,제1종일반주거지역,1,0,,제1종일반주거지역,20221008
경상남도 양산시 동면 금산리 1408-6번지,48330,31027,0,1408,0006,1264100030519,,,,3,용도구역코드,UQQ310,제1종지구단위계획구역,1,0,,제1종지구단위계획구역,20221008
경상남도 양산시 동면 금산리 1408-6번지,48330,31027,0,1408,0006,1264100030519,,,,3,용도구역코드,UOA120,상대보호구역,0,0,,상대정화구역,20221008
경상남도 양산시 동면 금산리 1408-8번지,48330,31027,0,1408,0008,1264100029890,,,,1,용도지역코드,UQA121,제1종일반주거지역,1,0,,제1종일반주거지역,20221008
경상남도 양산시 동면 금산리 1408-8번지,48330,31027,0,1408,0008,1264100029890,,,,3,용도구역코드,UQQ310,제1종지구단위계획구역,1,0,,제1종지구단위계획구역,20221008
경상남도 양산시 동면 금산리 1408-8번지,48330,31027,0,1408,0008,1264100029890,,,,3,용도구역코드,UOA120,상대보호구역,0,0,,상대정화구역,20221008
경상남도 양산시 동면 금산리 1408-9번지,48330,31027,0,1408,0009,1264100044105,,,,1,용도지역코드,UQA121,제1종일반주거지역,1,0,,제1종일반주거지역,20221008
경상남도 양산시 동면 금산리 1408-9번지,48330,31027,0,1408,0009,1264100044105,,,,3,용도구역코드,UQQ310,제1종지구단위계획구역,1,0,,제1종지구단위계획구역,20221008
경상남도 양산시 동면 금산리 1408-9번지,48330,31027,0,1408,0009,1264100044105,,,,3,용도구역코드,UOA120,상대보호구역,0,0,,상대정화구역,20221008
경상남도 양산시 동면 금산리 1408-10번지,48330,31027,0,1408,0010,1264100037494,,,,1,용도지역코드,UQA121,제1종일반주거지역,1,0,,제1종일반주거지역,20221008
경상남도 양산시 동면 금산리 1408-10번지,48330,31027,0,1408,0010,1264100037494,,,,3,용도구역코드,UQQ310,제1종지구단위계획구역,1,0,,제1종지구단위계획구역,20221008
경상남도 양산시 동면 금산리 1408-11번지,48330,31027,0,1408,0011,1264100042982,,,,1,용도지역코드,UQA121,제1종일반주거지역,1,0,,제1종일반주거지역,20221008
경상남도 양산시 동면 금산리 1408-11번지,48330,31027,0,1408,0011,1264100042982,,,,3,용도구역코드,UQQ310,제1종지구단위계획구역,1,0,,제1종지구단위계획구역,20221008
경상남도 양산시 동면 금산리 1408-11번지,48330,31027,0,1408,0011,1264100042982,,,,3,용도구역코드,UOA120,상대보호구역,0,0,,상대정화구역,20221008
경상남도 양산시 동면 금산리 1408-12번지,48330,31027,0,1408,0012,1264100047986,,,,1,용도지역코드,UQA121,제1종일반주거지역,1,0,,제1종일반주거지역,20221008
경상남도 양산시 동면 금산리 1408-12번지,48330,31027,0,1408,0012,1264100047986,,,,3,용도구역코드,UQQ310,제1종지구단위계획구역,1,0,,제1종지구단위계획구역,20221008
경상남도 양산시 동면 금산리 1408-12번지,48330,31027,0,1408,0012,1264100047986,,,,3,용도구역코드,UOA120,상대보호구역,0,0,,상대정화구역,20221008
경상남도 양산시 동면 금산리 1408-14번지,48330,31027,0,1408,0014,1264100036174,,,,1,용도지역코드,UQA121,제1종일반주거지역,1,0,,제1종일반주거지역,20221008
경상남도 양산시 동면 금산리 1408-14번지,48330,31027,0,1408,0014,1264100036174,,,,3,용도구역코드,UQQ310,제1종지구단위계획구역,1,0,,제1종지구단위계획구역,20221008
경상남도 양산시 동면 금산리 1408-14번지,48330,31027,0,1408,0014,1264100036174,,,,3,용도구역코드,UOA120,상대보호구역,0,0,,상대정화구역,20221008
경상남도 양산시 동면 금산리 1408-15번지,48330,31027,0,1408,0015,1264100115800,,,,1,용도지역코드,UQA121,제1종일반주거지역,1,0,,제1종일반주거지역,20221008
경상남도 양산시 동면 금산리 1408-15번지,48330,31027,0,1408,0015,1264100115800,,,,3,용도구역코드,UQQ310,제1종지구단위계획구역,1,0,,제1종지구단위계획구역,20221008
경상남도 양산시 동면 금산리 1408-16번지,48330,31027,0,1408,0016,1264100027070,,,,1,용도지역코드,UQA121,제1종일반주거지역,1,0,,제1종일반주거지역,20221008
경상남도 양산시 동면 금산리 1408-17번지,48330,31027,0,1408,0017,1264100052316,,,,1,용도지역코드,UQA121,제1종일반주거지역,1,0,,제1종일반주거지역,20221008
경상남도 양산시 동면 금산리 1408-17번지,48330,31027,0,1408,0017,1264100052316,,,,3,용도구역코드,UQQ310,제1종지구단위계획구역,1,0,,제1종지구단위계획구역,20221008
경상남도 양산시 동면 금산리 1408-17번지,48330,31027,0,1408,0017,1264100052316,,,,3,용도구역코드,UOA120,상대보호구역,0,0,,상대정화구역,20221008
경상남도 양산시 동면 금산리 1408-18번지,48330,31027,0,1408,0018,1264100042423,,,,1,용도지역코드,UQA121,제1종일반주거지역,1,0,,제1종일반주거지역,20221008
경상남도 양산시 동면 금산리 1408-18번지,48330,31027,0,1408,0018,1264100042423,,,,3,용도구역코드,UQQ310,제1종지구단위계획구역,1,0,,제1종지구단위계획구역,20221008
경상남도 양산시 동면 금산리 1408-18번지,48330,31027,0,1408,0018,1264100042423,,,,3,용도구역코드,UOA120,상대보호구역,0,0,,상대정화구역,20221008
경상남도 양산시 동면 금산리 1408-19번지,48330,31027,0,1408,0019,1264100048668,,,,1,용도지역코드,UQA121,제1종일반주거지역,1,0,,제1종일반주거지역,20221008
경상남도 양산시 동면 금산리 1408-19번지,48330,31027,0,1408,0019,1264100048668,,,,3,용도구역코드,UQQ310,제1종지구단위계획구역,1,0,,제1종지구단위계획구역,20221008
경상남도 양산시 동면 금산리 1408-20번지,48330,31027,0,1408,0020,1264100038794,,,,1,용도지역코드,UQA121,제1종일반주거지역,1,0,,제1종일반주거지역,20221008
경상남도 양산시 동면 금산리 1408-20번지,48330,31027,0,1408,0020,1264100038794,,,,3,용도구역코드,UQQ310,제1종지구단위계획구역,1,0,,제1종지구단위계획구역,20221008
경상남도 양산시 동면 금산리 1408-20번지,48330,31027,0,1408,0020,1264100038794,,,,3,용도구역코드,UOA120,상대보호구역,0,0,,상대정화구역,20221008
경상남도 양산시 동면 금산리 1408-21번지,48330,31027,0,1408,0021,1264100038033,,,,1,용도지역코드,UQA121,제1종일반주거지역,1,0,,제1종일반주거지역,20221008
경상남도 양산시 동면 금산리 1408-21번지,48330,31027,0,1408,0021,1264100038033,,,,3,용도구역코드,UQQ310,제1종지구단위계획구역,1,0,,제1종지구단위계획구역,20221008
경상남도 양산시 동면 금산리 1408-21번지,48330,31027,0,1408,0021,1264100038033,,,,3,용도구역코드,UOA120,상대보호구역,0,0,,상대정화구역,20221008
경상남도 양산시 동면 금산리 1408-22번지,48330,31027,0,1408,0022,1264100067705,,,,1,용도지역코드,UQA121,제1종일반주거지역,1,0,,제1종일반주거지역,20221008
경상남도 양산시 동면 금산리 1408-22번지,48330,31027,0,1408,0022,1264100067705,,,,3,용도구역코드,UQQ310,제1종지구단위계획구역,1,0,,제1종지구단위계획구역,20221008
경상남도 양산시 동면 금산리 1408-23번지,48330,31027,0,1408,0023,1264100051628,,,,1,용도지역코드,UQA121,제1종일반주거지역,1,0,,제1종일반주거지역,20221008
경상남도 양산시 동면 금산리 1408-23번지,48330,31027,0,1408,0023,1264100051628,,,,3,용도구역코드,UQQ310,제1종지구단위계획구역,1,0,,제1종지구단위계획구역,20221008
경상남도 양산시 동면 금산리 1408-23번지,48330,31027,0,1408,0023,1264100051628,,,,3,용도구역코드,UOA120,상대보호구역,0,0,,상대정화구역,20221008
경상남도 양산시 동면 금산리 1408-24번지,48330,31027,0,1408,0024,1264100027910,,,,1,용도지역코드,UQA121,제1종일반주거지역,1,0,,제1종일반주거지역,20221008
경상남도 양산시 동면 금산리 1408-24번지,48330,31027,0,1408,0024,1264100027910,,,,3,용도구역코드,UQQ310,제1종지구단위계획구역,1,0,,제1종지구단위계획구역,20221008
경상남도 양산시 동면 금산리 1408-24번지,48330,31027,0,1408,0024,1264100027910,,,,3,용도구역코드,UOA120,상대보호구역,0,0,,상대정화구역,20221008
경상남도 양산시 동면 금산리 1408-27번지,48330,31027,0,1408,0027,1264100039352,,,,1,용도지역코드,UQA121,제1종일반주거지역,1,0,,제1종일반주거지역,20221008
경상남도 양산시 동면 금산리 1408-27번지,48330,31027,0,1408,0027,1264100039352,,,,3,용도구역코드,UQQ310,제1종지구단위계획구역,1,0,,제1종지구단위계획구역,20221008
경상남도 양산시 동면 금산리 1408-28번지,48330,31027,0,1408,0028,1264100034268,,,,1,용도지역코드,UQA121,제1종일반주거지역,1,0,,제1종일반주거지역,20221008
경상남도 양산시 동면 금산리 1408-28번지,48330,31027,0,1408,0028,1264100034268,,,,3,용도구역코드,UQQ310,제1종지구단위계획구역,1,0,,제1종지구단위계획구역,20221008
경상남도 양산시 동면 금산리 1408-28번지,48330,31027,0,1408,0028,1264100034268,,,,3,용도구역코드,UOA120,상대보호구역,0,0,,상대정화구역,20221008
경상남도 양산시 동면 금산리 1408-28번지,48330,31027,0,1408,0028,1264100034268,,,,3,용도구역코드,UOA110,절대정화구역,0,0,,절대정화구역,20221008
경상남도 양산시 동면 금산리 1408-29번지,48330,31027,0,1408,0029,1264100031121,,,,1,용도지역코드,UQA121,제1종일반주거지역,1,0,,제1종일반주거지역,20221008
경상남도 양산시 동면 금산리 1408-29번지,48330,31027,0,1408,0029,1264100031121,,,,3,용도구역코드,UQQ310,제1종지구단위계획구역,1,0,,제1종지구단위계획구역,20221008
경상남도 양산시 동면 금산리 1408-29번지,48330,31027,0,1408,0029,1264100031121,,,,3,용도구역코드,UOA120,상대보호구역,0,0,,상대정화구역,20221008
경상남도 양산시 동면 금산리 1408-29번지,48330,31027,0,1408,0029,1264100031121,,,,3,용도구역코드,UOA110,절대정화구역,0,0,,절대정화구역,20221008
경상남도 양산시 동면 금산리 1408-30번지,48330,31027,0,1408,0030,1264100034186,,,,1,용도지역코드,UQA121,제1종일반주거지역,1,0,,제1종일반주거지역,20221008
경상남도 양산시 동면 금산리 1408-30번지,48330,31027,0,1408,0030,1264100034186,,,,3,용도구역코드,UQQ310,제1종지구단위계획구역,1,0,,제1종지구단위계획구역,20221008
경상남도 양산시 동면 금산리 1408-30번지,48330,31027,0,1408,0030,1264100034186,,,,3,용도구역코드,UOA120,상대보호구역,0,0,,상대정화구역,20221008
경상남도 양산시 동면 금산리 1408-30번지,48330,31027,0,1408,0030,1264100034186,,,,3,용도구역코드,UOA110,절대정화구역,0,0,,절대정화구역,20221008
경상남도 양산시 동면 금산리 1409-1번지,48330,31027,0,1409,0001,1264100051654,,,,3,용도구역코드,UQQ310,제1종지구단위계획구역,1,0,,제1종지구단위계획구역,20221008
경상남도 양산시 동면 금산리 1409-1번지,48330,31027,0,1409,0001,1264100051654,,,,3,용도구역코드,UOA120,상대보호구역,0,0,,상대정화구역,20221008
경상남도 양산시 동면 금산리 1409-1번지,48330,31027,0,1409,0001,1264100051654,,,,1,용도지역코드,UQA121,제1종일반주거지역,1,0,,제1종일반주거지역,20221008
경상남도 양산시 동면 금산리 1409-2번지,48330,31027,0,1409,0002,1264100041383,,,,1,용도지역코드,UQA121,제1종일반주거지역,1,0,,제1종일반주거지역,20221008
경상남도 양산시 동면 금산리 1409-2번지,48330,31027,0,1409,0002,1264100041383,,,,3,용도구역코드,UQQ310,제1종지구단위계획구역,1,0,,제1종지구단위계획구역,20221008
경상남도 양산시 동면 금산리 1409-3번지,48330,31027,0,1409,0003,1264100051630,,,,1,용도지역코드,UQA121,제1종일반주거지역,1,0,,제1종일반주거지역,20221008
경상남도 양산시 동면 금산리 1409-3번지,48330,31027,0,1409,0003,1264100051630,,,,3,용도구역코드,UQQ310,제1종지구단위계획구역,1,0,,제1종지구단위계획구역,20221008
경상남도 양산시 동면 금산리 1409-4번지,48330,31027,0,1409,0004,1264100091568,,,,1,용도지역코드,UQA121,제1종일반주거지역,1,0,,제1종일반주거지역,20221008
경상남도 양산시 동면 금산리 1409-4번지,48330,31027,0,1409,0004,1264100091568,,,,3,용도구역코드,UQQ310,제1종지구단위계획구역,1,0,,제1종지구단위계획구역,20221008
경상남도 양산시 동면 금산리 1409-5번지,48330,31027,0,1409,0005,1264100037433,,,,1,용도지역코드,UQA121,제1종일반주거지역,1,0,,제1종일반주거지역,20221008
경상남도 양산시 동면 금산리 1409-5번지,48330,31027,0,1409,0005,1264100037433,,,,3,용도구역코드,UQQ310,제1종지구단위계획구역,1,0,,제1종지구단위계획구역,20221008
경상남도 양산시 동면 금산리 1409-6번지,48330,31027,0,1409,0006,1264100115225,,,,1,용도지역코드,UQA121,제1종일반주거지역,1,0,,제1종일반주거지역,20221008
경상남도 양산시 동면 금산리 1409-6번지,48330,31027,0,1409,0006,1264100115225,,,,3,용도구역코드,UOA120,상대보호구역,1,0,,상대보호구역,20221008
경상남도 양산시 동면 금산리 1409-6번지,48330,31027,0,1409,0006,1264100115225,,,,3,용도구역코드,UQQ310,제1종지구단위계획구역,0,0,,제1종지구단위계획구역,20221008
경상남도 양산시 동면 금산리 1409-7번지,48330,31027,0,1409,0007,1264100051335,,,,1,용도지역코드,UQA121,제1종일반주거지역,1,0,,제1종일반주거지역,20221008
경상남도 양산시 동면 금산리 1409-7번지,48330,31027,0,1409,0007,1264100051335,,,,3,용도구역코드,UQQ310,제1종지구단위계획구역,1,0,,제1종지구단위계획구역,20221008
경상남도 양산시 동면 금산리 1409-7번지,48330,31027,0,1409,0007,1264100051335,,,,3,용도구역코드,UOA120,상대보호구역,0,0,,상대정화구역,20221008
경상남도 양산시 동면 금산리 1409-8번지,48330,31027,0,1409,0008,1264100053909,,,,1,용도지역코드,UQA121,제1종일반주거지역,1,0,,제1종일반주거지역,20221008
경상남도 양산시 동면 금산리 1409-8번지,48330,31027,0,1409,0008,1264100053909,,,,3,용도구역코드,UQQ310,제1종지구단위계획구역,1,0,,제1종지구단위계획구역,20221008
경상남도 양산시 동면 금산리 1409-8번지,48330,31027,0,1409,0008,1264100053909,,,,3,용도구역코드,UOA120,상대보호구역,0,0,,상대정화구역,20221008
경상남도 양산시 동면 금산리 1409-9번지,48330,31027,0,1409,0009,1264100076100,,,,1,용도지역코드,UQA121,제1종일반주거지역,1,0,,제1종일반주거지역,20221008
경상남도 양산시 동면 금산리 1409-9번지,48330,31027,0,1409,0009,1264100076100,,,,3,용도구역코드,UOA120,상대보호구역,1,0,,상대정화구역,20221008
경상남도 양산시 동면 금산리 1409-10번지,48330,31027,0,1409,0010,1264100039997,,,,1,용도지역코드,UQA121,제1종일반주거지역,1,0,,제1종일반주거지역,20221008
경상남도 양산시 동면 금산리 1409-10번지,48330,31027,0,1409,0010,1264100039997,,,,3,용도구역코드,UQQ310,제1종지구단위계획구역,1,0,,제1종지구단위계획구역,20221008
경상남도 양산시 동면 금산리 1409-10번지,48330,31027,0,1409,0010,1264100039997,,,,3,용도구역코드,UOA120,상대보호구역,0,0,,상대정화구역,20221008
경상남도 양산시 동면 금산리 1409-11번지,48330,31027,0,1409,0011,1000000000000000401837,,,,1,용도지역코드,UQA121,제1종일반주거지역,1,0,,제1종일반주거지역,20240619
경상남도 양산시 동면 금산리 1409-11번지,48330,31027,0,1409,0011,1000000000000000401837,,,,3,용도구역코드,UQQ310,제1종지구단위계획구역,1,0,,제1종지구단위계획구역,20240619
경상남도 양산시 동면 금산리 1409-12번지,48330,31027,0,1409,0012,1264100087224,,,,1,용도지역코드,UQA121,제1종일반주거지역,1,0,,제1종일반주거지역,20221008
경상남도 양산시 동면 금산리 1409-12번지,48330,31027,0,1409,0012,1264100087224,,,,3,용도구역코드,UQQ310,제1종지구단위계획구역,1,0,,제1종지구단위계획구역,20221008
경상남도 양산시 동면 금산리 1409-12번지,48330,31027,0,1409,0012,1264100087224,,,,3,용도구역코드,UOA120,상대보호구역,0,0,,상대정화구역,20221008
경상남도 양산시 동면 금산리 1409-13번지,48330,31027,0,1409,0013,1264100047785,,,,1,용도지역코드,UQA121,제1종일반주거지역,1,0,,제1종일반주거지역,20221008
경상남도 양산시 동면 금산리 1409-13번지,48330,31027,0,1409,0013,1264100047785,,,,3,용도구역코드,UQQ310,제1종지구단위계획구역,1,0,,제1종지구단위계획구역,20221008
경상남도 양산시 동면 금산리 1409-14번지,48330,31027,0,1409,0014,1264100046426,,,,1,용도지역코드,UQA121,제1종일반주거지역,1,0,,제1종일반주거지역,20221008
경상남도 양산시 동면 금산리 1409-14번지,48330,31027,0,1409,0014,1264100046426,,,,3,용도구역코드,UQQ310,제1종지구단위계획구역,1,0,,제1종지구단위계획구역,20221008
경상남도 양산시 동면 금산리 1409-15번지,48330,31027,0,1409,0015,1264100090504,,,,1,용도지역코드,UQA121,제1종일반주거지역,1,0,,제1종일반주거지역,20221008
경상남도 양산시 동면 금산리 1409-15번지,48330,31027,0,1409,0015,1264100090504,,,,3,용도구역코드,UQQ310,제1종지구단위계획구역,1,0,,제1종지구단위계획구역,20221008
경상남도 양산시 동면 금산리 1409-15번지,48330,31027,0,1409,0015,1264100031798,,,,1,용도지역코드,UQA121,제1종일반주거지역,1,0,,제1종일반주거지역,20221008
경상남도 양산시 동면 금산리 1409-15번지,48330,31027,0,1409,0015,1264100031798,,,,3,용도구역코드,UQQ310,제1종지구단위계획구역,1,0,,제1종지구단위계획구역,20221008
경상남도 양산시 동면 금산리 1409-15번지,48330,31027,0,1409,0015,1264100031798,,,,3,용도구역코드,UOA120,상대보호구역,0,0,,상대정화구역,20221008
경상남도 양산시 동면 금산리 1409-17번지,48330,31027,0,1409,0017,1264100093784,,,,3,용도구역코드,UOA120,상대보호구역,0,0,,상대정화구역,20221008
경상남도 양산시 동면 금산리 1409-17번지,48330,31027,0,1409,0017,1264100093784,,,,1,용도지역코드,UQA121,제1종일반주거지역,1,0,,제1종일반주거지역,20221008
경상남도 양산시 동면 금산리 1409-17번지,48330,31027,0,1409,0017,1264100093784,,,,3,용도구역코드,UQQ310,제1종지구단위계획구역,1,0,,제1종지구단위계획구역,20221008
경상남도 양산시 동면 금산리 1409-18번지,48330,31027,0,1409,0018,1264100039873,,,,1,용도지역코드,UQA121,제1종일반주거지역,1,0,,제1종일반주거지역,20221008
경상남도 양산시 동면 금산리 1409-18번지,48330,31027,0,1409,0018,1264100039873,,,,3,용도구역코드,UQQ310,제1종지구단위계획구역,1,0,,제1종지구단위계획구역,20221008
경상남도 양산시 동면 금산리 1410-1번지,48330,31027,0,1410,0001,1264100051461,,,,1,용도지역코드,UQA121,제1종일반주거지역,1,0,,제1종일반주거지역,20221008
경상남도 양산시 동면 금산리 1410-1번지,48330,31027,0,1410,0001,1264100051461,,,,3,용도구역코드,UQQ310,제1종지구단위계획구역,1,0,,제1종지구단위계획구역,20221008
경상남도 양산시 동면 금산리 1410-4번지,48330,31027,0,1410,0004,1264100115676,,,,1,용도지역코드,UQA121,제1종일반주거지역,1,0,,제1종일반주거지역,20221008
경상남도 양산시 동면 금산리 1410-4번지,48330,31027,0,1410,0004,1264100115676,,,,3,용도구역코드,UOA120,상대보호구역,1,0,,상대보호구역,20221008
경상남도 양산시 동면 금산리 1410-4번지,48330,31027,0,1410,0004,1264100115676,,,,3,용도구역코드,UQQ310,제1종지구단위계획구역,0,0,,제1종지구단위계획구역,20221008
경상남도 양산시 동면 금산리 1410-6번지,48330,31027,0,1410,0006,1264100051947,,,,1,용도지역코드,UQA121,제1종일반주거지역,1,0,,제1종일반주거지역,20221008
경상남도 양산시 동면 금산리 1410-6번지,48330,31027,0,1410,0006,1264100051947,,,,3,용도구역코드,UQQ310,제1종지구단위계획구역,1,0,,제1종지구단위계획구역,20221008
경상남도 양산시 동면 금산리 1410-6번지,48330,31027,0,1410,0006,1264100051947,,,,3,용도구역코드,UOA120,상대보호구역,0,0,,상대정화구역,20221008
경상남도 양산시 동면 금산리 1410-7번지,48330,31027,0,1410,0007,1264100114258,,,,1,용도지역코드,UQA121,제1종일반주거지역,1,0,,제1종일반주거지역,20221008
경상남도 양산시 동면 금산리 1410-7번지,48330,31027,0,1410,0007,1264100114258,,,,3,용도구역코드,UOA120,상대보호구역,1,0,,상대보호구역,20221008
경상남도 양산시 동면 금산리 1410-7번지,48330,31027,0,1410,0007,1264100114258,,,,3,용도구역코드,UQQ310,제1종지구단위계획구역,0,0,,제1종지구단위계획구역,20221008
경상남도 양산시 동면 금산리 1410-8번지,48330,31027,0,1410,0008,1264100050766,,,,1,용도지역코드,UQA121,제1종일반주거지역,1,0,,제1종일반주거지역,20221008
경상남도 양산시 동면 금산리 1410-8번지,48330,31027,0,1410,0008,1264100050766,,,,3,용도구역코드,UQQ310,제1종지구단위계획구역,1,0,,제1종지구단위계획구역,20221008
경상남도 양산시 동면 금산리 1410-9번지,48330,31027,0,1410,0009,1264100085744,,,,1,용도지역코드,UQA121,제1종일반주거지역,1,0,,제1종일반주거지역,20221008
경상남도 양산시 동면 금산리 1410-9번지,48330,31027,0,1410,0009,1264100085744,,,,3,용도구역코드,UQQ310,제1종지구단위계획구역,1,0,,제1종지구단위계획구역,20221008
경상남도 양산시 동면 금산리 1410-9번지,48330,31027,0,1410,0009,1264100085744,,,,3,용도구역코드,UOA120,상대보호구역,0,0,,상대정화구역,20221008
경상남도 양산시 동면 금산리 1410-10번지,48330,31027,0,1410,0010,1264100041842,,,,1,용도지역코드,UQA121,제1종일반주거지역,1,0,,제1종일반주거지역,20221008
경상남도 양산시 동면 금산리 1410-10번지,48330,31027,0,1410,0010,1264100041842,,,,3,용도구역코드,UQQ310,제1종지구단위계획구역,1,0,,제1종지구단위계획구역,20221008
경상남도 양산시 동면 금산리 1410-10번지,48330,31027,0,1410,0010,1264100041842,,,,3,용도구역코드,UOA110,절대정화구역,0,0,,절대정화구역,20221008
경상남도 양산시 동면 금산리 1410-10번지,48330,31027,0,1410,0010,1264100041842,,,,3,용도구역코드,UOA120,상대보호구역,0,0,,상대정화구역,20221008
경상남도 양산시 동면 금산리 1410-11번지,48330,31027,0,1410,0011,1264100095108,,,,1,용도지역코드,UQA121,제1종일반주거지역,1,0,,제1종일반주거지역,20221008
경상남도 양산시 동면 금산리 1410-11번지,48330,31027,0,1410,0011,1264100095108,,,,3,용도구역코드,UQQ310,제1종지구단위계획구역,1,0,,제1종지구단위계획구역,20221008
경상남도 양산시 동면 금산리 1410-11번지,48330,31027,0,1410,0011,1264100095108,,,,3,용도구역코드,UOA120,상대보호구역,0,0,,상대정화구역,20221008
경상남도 양산시 동면 금산리 1410-14번지,48330,31027,0,1410,0014,1264100077321,,,,1,용도지역코드,UQA121,제1종일반주거지역,1,0,,제1종일반주거지역,20221008
경상남도 양산시 동면 금산리 1410-14번지,48330,31027,0,1410,0014,1264100077321,,,,3,용도구역코드,UQQ310,제1종지구단위계획구역,1,0,,제1종지구단위계획구역,20221008
경상남도 양산시 동면 금산리 1410-14번지,48330,31027,0,1410,0014,1264100077321,,,,3,용도구역코드,UOA120,상대보호구역,0,0,,상대정화구역,20221008
경상남도 양산시 동면 금산리 1410-15번지,48330,31027,0,1410,0015,1264100049387,,,,1,용도지역코드,UQA121,제1종일반주거지역,1,0,,제1종일반주거지역,20221008
경상남도 양산시 동면 금산리 1410-15번지,48330,31027,0,1410,0015,1264100049387,,,,3,용도구역코드,UQQ310,제1종지구단위계획구역,1,0,,제1종지구단위계획구역,20221008
경상남도 양산시 동면 금산리 1410-15번지,48330,31027,0,1410,0015,1264100049387,,,,3,용도구역코드,UOA120,상대보호구역,0,0,,상대정화구역,20221008
경상남도 양산시 동면 금산리 1410-16번지,48330,31027,0,1410,0016,1264100047646,,,,1,용도지역코드,UQA121,제1종일반주거지역,1,0,,제1종일반주거지역,20221008
경상남도 양산시 동면 금산리 1410-16번지,48330,31027,0,1410,0016,1264100047646,,,,3,용도구역코드,UQQ310,제1종지구단위계획구역,1,0,,제1종지구단위계획구역,20221008
경상남도 양산시 동면 금산리 1410-16번지,48330,31027,0,1410,0016,1264100047646,,,,3,용도구역코드,UOA120,상대보호구역,0,0,,상대정화구역,20221008
경상남도 양산시 동면 금산리 1410-17번지,48330,31027,0,1410,0017,1264100050832,,,,1,용도지역코드,UQA121,제1종일반주거지역,1,0,,제1종일반주거지역,20221008
경상남도 양산시 동면 금산리 1410-17번지,48330,31027,0,1410,0017,1264100050832,,,,3,용도구역코드,UQQ310,제1종지구단위계획구역,1,0,,제1종지구단위계획구역,20221008
경상남도 양산시 동면 금산리 1410-17번지,48330,31027,0,1410,0017,1264100050832,,,,3,용도구역코드,UOA120,상대보호구역,0,0,,상대정화구역,20221008
경상남도 양산시 동면 금산리 1410-18번지,48330,31027,0,1410,0018,1264100055833,,,,1,용도지역코드,UQA121,제1종일반주거지역,1,0,,제1종일반주거지역,20221008
경상남도 양산시 동면 금산리 1410-18번지,48330,31027,0,1410,0018,1264100055833,,,,3,용도구역코드,UQQ310,제1종지구단위계획구역,1,0,,제1종지구단위계획구역,20221008
경상남도 양산시 동면 금산리 1410-18번지,48330,31027,0,1410,0018,1264100055833,,,,3,용도구역코드,UOA120,상대보호구역,0,0,,상대정화구역,20221008
경상남도 양산시 동면 금산리 1411-1번지,48330,31027,0,1411,0001,1264100051460,,,,1,용도지역코드,UQA121,제1종일반주거지역,1,0,,제1종일반주거지역,20221008
경상남도 양산시 동면 금산리 1411-1번지,48330,31027,0,1411,0001,1264100051460,,,,3,용도구역코드,UQQ310,제1종지구단위계획구역,1,0,,제1종지구단위계획구역,20221008
경상남도 양산시 동면 금산리 1411-1번지,48330,31027,0,1411,0001,1264100051460,,,,3,용도구역코드,UOA120,상대보호구역,0,0,,상대정화구역,20221008
경상남도 양산시 동면 금산리 1411-3번지,48330,31027,0,1411,0003,1264100091563,,,,1,용도지역코드,UQA121,제1종일반주거지역,1,0,,제1종일반주거지역,20221008
경상남도 양산시 동면 금산리 1411-3번지,48330,31027,0,1411,0003,1264100091563,,,,3,용도구역코드,UQQ310,제1종지구단위계획구역,1,0,,제1종지구단위계획구역,20221008
경상남도 양산시 동면 금산리 1411-3번지,48330,31027,0,1411,0003,1264100091563,,,,3,용도구역코드,UOA120,상대보호구역,0,0,,상대정화구역,20221008
경상남도 양산시 동면 금산리 1411-5번지,48330,31027,0,1411,0005,1264100051470,,,,1,용도지역코드,UQA121,제1종일반주거지역,1,0,,제1종일반주거지역,20221008
경상남도 양산시 동면 금산리 1411-5번지,48330,31027,0,1411,0005,1264100051470,,,,3,용도구역코드,UQQ310,제1종지구단위계획구역,1,0,,제1종지구단위계획구역,20221008
경상남도 양산시 동면 금산리 1411-6번지,48330,31027,0,1411,0006,1264100051633,,,,1,용도지역코드,UQA121,제1종일반주거지역,1,0,,제1종일반주거지역,20221008
경상남도 양산시 동면 금산리 1411-6번지,48330,31027,0,1411,0006,1264100051633,,,,3,용도구역코드,UQQ310,제1종지구단위계획구역,1,0,,제1종지구단위계획구역,20221008
경상남도 양산시 동면 금산리 1411-6번지,48330,31027,0,1411,0006,1264100051633,,,,3,용도구역코드,UOA120,상대보호구역,0,0,,상대정화구역,20221008
경상남도 양산시 동면 금산리 1411-9번지,48330,31027,0,1411,0009,1264100050967,,,,1,용도지역코드,UQA121,제1종일반주거지역,1,0,,제1종일반주거지역,20221008
경상남도 양산시 동면 금산리 1411-9번지,48330,31027,0,1411,0009,1264100050967,,,,3,용도구역코드,UQQ310,제1종지구단위계획구역,1,0,,제1종지구단위계획구역,20221008
경상남도 양산시 동면 금산리 1411-10번지,48330,31027,0,1411,0010,1264100066100,,,,1,용도지역코드,UQA121,제1종일반주거지역,1,0,,제1종일반주거지역,20221008
경상남도 양산시 동면 금산리 1411-10번지,48330,31027,0,1411,0010,1264100066100,,,,3,용도구역코드,UQQ310,제1종지구단위계획구역,1,0,,제1종지구단위계획구역,20221008
경상남도 양산시 동면 금산리 1411-10번지,48330,31027,0,1411,0010,1264100066100,,,,3,용도구역코드,UOA110,절대정화구역,0,0,,절대정화구역,20221008
경상남도 양산시 동면 금산리 1411-10번지,48330,31027,0,1411,0010,1264100066100,,,,3,용도구역코드,UOA120,상대보호구역,0,0,,상대정화구역,20221008
경상남도 양산시 동면 금산리 1411-11번지,48330,31027,0,1411,0011,1264100075902,,,,1,용도지역코드,UQA121,제1종일반주거지역,1,0,,제1종일반주거지역,20221008
경상남도 양산시 동면 금산리 1411-11번지,48330,31027,0,1411,0011,1264100075902,,,,3,용도구역코드,UQQ310,제1종지구단위계획구역,1,0,,제1종지구단위계획구역,20221008
경상남도 양산시 동면 금산리 1411-12번지,48330,31027,0,1411,0012,1264100051449,,,,1,용도지역코드,UQA121,제1종일반주거지역,1,0,,제1종일반주거지역,20221008
경상남도 양산시 동면 금산리 1411-12번지,48330,31027,0,1411,0012,1264100051449,,,,3,용도구역코드,UQQ310,제1종지구단위계획구역,1,0,,제1종지구단위계획구역,20221008
경상남도 양산시 동면 금산리 1411-13번지,48330,31027,0,1411,0013,1264100032926,,,,3,용도구역코드,UOA120,상대보호구역,0,0,,상대정화구역,20221008
경상남도 양산시 동면 금산리 1411-13번지,48330,31027,0,1411,0013,1264100107335,,,,1,용도지역코드,UQA121,제1종일반주거지역,1,0,,제1종일반주거지역,20221008
경상남도 양산시 동면 금산리 1411-13번지,48330,31027,0,1411,0013,1264100107335,,,,3,용도구역코드,UQQ310,제1종지구단위계획구역,1,0,,제1종지구단위계획구역,20221008
경상남도 양산시 동면 금산리 1411-13번지,48330,31027,0,1411,0013,1264100032926,,,,1,용도지역코드,UQA121,제1종일반주거지역,1,0,,제1종일반주거지역,20221008
경상남도 양산시 동면 금산리 1411-13번지,48330,31027,0,1411,0013,1264100032926,,,,3,용도구역코드,UQQ310,제1종지구단위계획구역,1,0,,제1종지구단위계획구역,20221008
경상남도 양산시 동면 금산리 1411-16번지,48330,31027,0,1411,0016,1264100086181,,,,1,용도지역코드,UQA121,제1종일반주거지역,1,0,,제1종일반주거지역,20221008
경상남도 양산시 동면 금산리 1411-16번지,48330,31027,0,1411,0016,1264100086181,,,,3,용도구역코드,UQQ310,제1종지구단위계획구역,1,0,,제1종지구단위계획구역,20221008
경상남도 양산시 동면 금산리 1411-16번지,48330,31027,0,1411,0016,1264100086181,,,,3,용도구역코드,UOA120,상대보호구역,0,0,,상대정화구역,20221008
경상남도 양산시 동면 금산리 1411-17번지,48330,31027,0,1411,0017,1264100039996,,,,1,용도지역코드,UQA121,제1종일반주거지역,1,0,,제1종일반주거지역,20221008
경상남도 양산시 동면 금산리 1411-17번지,48330,31027,0,1411,0017,1264100039996,,,,3,용도구역코드,UQQ310,제1종지구단위계획구역,1,0,,제1종지구단위계획구역,20221008
경상남도 양산시 동면 금산리 1411-17번지,48330,31027,0,1411,0017,1264100039996,,,,3,용도구역코드,UOA120,상대보호구역,0,0,,상대정화구역,20221008
경상남도 양산시 동면 금산리 1411-18번지,48330,31027,0,1411,0018,1264100067060,,,,1,용도지역코드,UQA121,제1종일반주거지역,1,0,,제1종일반주거지역,20221008
경상남도 양산시 동면 금산리 1411-18번지,48330,31027,0,1411,0018,1264100067060,,,,3,용도구역코드,UQQ310,제1종지구단위계획구역,1,0,,제1종지구단위계획구역,20221008
경상남도 양산시 동면 금산리 1411-18번지,48330,31027,0,1411,0018,1264100067060,,,,3,용도구역코드,UOA120,상대보호구역,0,0,,상대정화구역,20221008
경상남도 양산시 동면 금산리 1412-1번지,48330,31027,0,1412,0001,1264100040057,,,,1,용도지역코드,UQA121,제1종일반주거지역,1,0,,제1종일반주거지역,20221008
경상남도 양산시 동면 금산리 1412-1번지,48330,31027,0,1412,0001,1264100040057,,,,3,용도구역코드,UQQ310,제1종지구단위계획구역,1,0,,제1종지구단위계획구역,20221008
경상남도 양산시 동면 금산리 1412-1번지,48330,31027,0,1412,0001,1264100040057,,,,3,용도구역코드,UOA120,상대보호구역,0,0,,상대정화구역,20221008
경상남도 양산시 동면 금산리 1412-2번지,48330,31027,0,1412,0002,1264100091115,,,,1,용도지역코드,UQA121,제1종일반주거지역,1,0,,제1종일반주거지역,20221008
경상남도 양산시 동면 금산리 1412-2번지,48330,31027,0,1412,0002,1264100091115,,,,3,용도구역코드,UQQ310,제1종지구단위계획구역,1,0,,제1종지구단위계획구역,20221008
경상남도 양산시 동면 금산리 1412-3번지,48330,31027,0,1412,0003,1264100052205,,,,1,용도지역코드,UQA121,제1종일반주거지역,1,0,,제1종일반주거지역,20221008
경상남도 양산시 동면 금산리 1412-3번지,48330,31027,0,1412,0003,1264100052205,,,,3,용도구역코드,UQQ310,제1종지구단위계획구역,1,0,,제1종지구단위계획구역,20221008
경상남도 양산시 동면 금산리 1412-3번지,48330,31027,0,1412,0003,1264100052205,,,,3,용도구역코드,UOA120,상대보호구역,0,0,,상대정화구역,20221008
경상남도 양산시 동면 금산리 1412-4번지,48330,31027,0,1412,0004,1264100052204,,,,3,용도구역코드,UOA120,상대보호구역,0,0,,상대정화구역,20221008
경상남도 양산시 동면 금산리 1412-4번지,48330,31027,0,1412,0004,1264100052204,,,,1,용도지역코드,UQA121,제1종일반주거지역,1,0,,제1종일반주거지역,20221008
경상남도 양산시 동면 금산리 1412-4번지,48330,31027,0,1412,0004,1264100052204,,,,3,용도구역코드,UQQ310,제1종지구단위계획구역,1,0,,제1종지구단위계획구역,20221008
경상남도 양산시 동면 금산리 1412-5번지,48330,31027,0,1412,0005,1264100051336,,,,1,용도지역코드,UQA121,제1종일반주거지역,1,0,,제1종일반주거지역,20221008
경상남도 양산시 동면 금산리 1412-5번지,48330,31027,0,1412,0005,1264100051336,,,,3,용도구역코드,UQQ310,제1종지구단위계획구역,1,0,,제1종지구단위계획구역,20221008
경상남도 양산시 동면 금산리 1412-5번지,48330,31027,0,1412,0005,1264100051336,,,,3,용도구역코드,UOA120,상대보호구역,0,0,,상대정화구역,20221008
경상남도 양산시 동면 금산리 1412-6번지,48330,31027,0,1412,0006,1264100043925,,,,1,용도지역코드,UQA121,제1종일반주거지역,1,0,,제1종일반주거지역,20221008
경상남도 양산시 동면 금산리 1412-6번지,48330,31027,0,1412,0006,1264100043925,,,,3,용도구역코드,UQQ310,제1종지구단위계획구역,1,0,,제1종지구단위계획구역,20221008
경상남도 양산시 동면 금산리 1412-7번지,48330,31027,0,1412,0007,1264100074639,,,,1,용도지역코드,UQA121,제1종일반주거지역,1,0,,제1종일반주거지역,20221008
경상남도 양산시 동면 금산리 1412-7번지,48330,31027,0,1412,0007,1264100074639,,,,3,용도구역코드,UQQ310,제1종지구단위계획구역,1,0,,제1종지구단위계획구역,20221008
경상남도 양산시 동면 금산리 1412-8번지,48330,31027,0,1412,0008,1000000000000000718432,,,,3,용도구역코드,UQQ310,제1종지구단위계획구역,1,0,,제1종지구단위계획구역,20251230
경상남도 양산시 동면 금산리 1412-8번지,48330,31027,0,1412,0008,1000000000000000718432,,,,1,용도지역코드,UQA121,제1종일반주거지역,1,0,,제1종일반주거지역,20251230
경상남도 양산시 동면 금산리 1412-9번지,48330,31027,0,1412,0009,1264100053610,,,,1,용도지역코드,UQA121,제1종일반주거지역,1,0,,제1종일반주거지역,20221008
경상남도 양산시 동면 금산리 1412-9번지,48330,31027,0,1412,0009,1264100053610,,,,3,용도구역코드,UQQ310,제1종지구단위계획구역,1,0,,제1종지구단위계획구역,20221008
경상남도 양산시 동면 금산리 1412-10번지,48330,31027,0,1412,0010,1264100039434,,,,1,용도지역코드,UQA121,제1종일반주거지역,1,0,,제1종일반주거지역,20221008
경상남도 양산시 동면 금산리 1412-10번지,48330,31027,0,1412,0010,1264100039434,,,,3,용도구역코드,UQQ310,제1종지구단위계획구역,1,0,,제1종지구단위계획구역,20221008
경상남도 양산시 동면 금산리 1412-10번지,48330,31027,0,1412,0010,1264100039434,,,,3,용도구역코드,UOA120,상대보호구역,0,0,,상대정화구역,20221008
경상남도 양산시 동면 금산리 1412-11번지,48330,31027,0,1412,0011,1264100046245,,,,1,용도지역코드,UQA121,제1종일반주거지역,1,0,,제1종일반주거지역,20221008
경상남도 양산시 동면 금산리 1412-11번지,48330,31027,0,1412,0011,1264100046245,,,,3,용도구역코드,UQQ310,제1종지구단위계획구역,1,0,,제1종지구단위계획구역,20221008
경상남도 양산시 동면 금산리 1412-11번지,48330,31027,0,1412,0011,1264100046245,,,,3,용도구역코드,UOA120,상대보호구역,0,0,,상대정화구역,20221008
경상남도 양산시 동면 금산리 1412-13번지,48330,31027,0,1412,0013,1264100052339,,,,1,용도지역코드,UQA121,제1종일반주거지역,1,0,,제1종일반주거지역,20221008
경상남도 양산시 동면 금산리 1412-13번지,48330,31027,0,1412,0013,1264100052339,,,,3,용도구역코드,UOA120,상대보호구역,1,0,,상대정화구역,20221008
경상남도 양산시 동면 금산리 1412-14번지,48330,31027,0,1412,0014,1264100067544,,,,1,용도지역코드,UQA121,제1종일반주거지역,1,0,,제1종일반주거지역,20221008
경상남도 양산시 동면 금산리 1412-14번지,48330,31027,0,1412,0014,1264100067544,,,,3,용도구역코드,UQQ310,제1종지구단위계획구역,1,0,,제1종지구단위계획구역,20221008
경상남도 양산시 동면 금산리 1412-14번지,48330,31027,0,1412,0014,1264100067544,,,,3,용도구역코드,UOA120,상대보호구역,0,0,,상대정화구역,20221008
경상남도 양산시 동면 금산리 1412-15번지,48330,31027,0,1412,0015,1264100050771,,,,1,용도지역코드,UQA121,제1종일반주거지역,1,0,,제1종일반주거지역,20221008
경상남도 양산시 동면 금산리 1412-15번지,48330,31027,0,1412,0015,1264100050771,,,,3,용도구역코드,UQQ310,제1종지구단위계획구역,1,0,,제1종지구단위계획구역,20221008
경상남도 양산시 동면 금산리 1412-15번지,48330,31027,0,1412,0015,1264100050771,,,,3,용도구역코드,UOA120,상대보호구역,0,0,,상대정화구역,20221008
경상남도 양산시 동면 금산리 1412-16번지,48330,31027,0,1412,0016,1264100052340,,,,1,용도지역코드,UQA121,제1종일반주거지역,1,0,,제1종일반주거지역,20221008
경상남도 양산시 동면 금산리 1412-16번지,48330,31027,0,1412,0016,1264100052340,,,,3,용도구역코드,UQQ310,제1종지구단위계획구역,1,0,,제1종지구단위계획구역,20221008
경상남도 양산시 동면 금산리 1412-16번지,48330,31027,0,1412,0016,1264100052340,,,,3,용도구역코드,UOA120,상대보호구역,0,0,,상대정화구역,20221008
경상남도 양산시 동면 금산리 1412-17번지,48330,31027,0,1412,0017,1264100051948,,,,1,용도지역코드,UQA121,제1종일반주거지역,1,0,,제1종일반주거지역,20221008
경상남도 양산시 동면 금산리 1412-17번지,48330,31027,0,1412,0017,1264100051948,,,,3,용도구역코드,UOA120,상대보호구역,,,,상대정화구역,20221008
경상남도 양산시 동면 금산리 1412-17번지,48330,31027,0,1412,0017,1264100051948,,,,3,용도구역코드,UQQ310,제1종지구단위계획구역,1,0,,제1종지구단위계획구역,20221008
경상남도 양산시 동면 금산리 1412-18번지,48330,31027,0,1412,0018,1264100044846,,,,1,용도지역코드,UQA121,제1종일반주거지역,1,0,,제1종일반주거지역,20221008
경상남도 양산시 동면 금산리 1412-18번지,48330,31027,0,1412,0018,1264100044846,,,,3,용도구역코드,UQQ310,제1종지구단위계획구역,1,0,,제1종지구단위계획구역,20221008
경상남도 양산시 동면 금산리 1413-1번지,48330,31027,0,1413,0001,1264100051296,,,,3,용도구역코드,UQQ310,제1종지구단위계획구역,1,0,,제1종지구단위계획구역,20221008
경상남도 양산시 동면 금산리 1413-1번지,48330,31027,0,1413,0001,1264100051296,,,,3,용도구역코드,UOA120,상대보호구역,0,0,,상대정화구역,20221008
경상남도 양산시 동면 금산리 1413-1번지,48330,31027,0,1413,0001,1264100051296,,,,1,용도지역코드,UQA121,제1종일반주거지역,1,0,,제1종일반주거지역,20221008
경상남도 양산시 동면 금산리 1413-2번지,48330,31027,0,1413,0002,1264100071419,,,,1,용도지역코드,UQA121,제1종일반주거지역,1,0,,제1종일반주거지역,20221008
경상남도 양산시 동면 금산리 1413-2번지,48330,31027,0,1413,0002,1264100071419,,,,3,용도구역코드,UQQ310,제1종지구단위계획구역,1,0,,제1종지구단위계획구역,20221008
경상남도 양산시 동면 금산리 1413-3번지,48330,31027,0,1413,0003,1264100074619,,,,1,용도지역코드,UQA121,제1종일반주거지역,1,0,,제1종일반주거지역,20221008
경상남도 양산시 동면 금산리 1413-3번지,48330,31027,0,1413,0003,1264100074619,,,,3,용도구역코드,UQQ310,제1종지구단위계획구역,1,0,,제1종지구단위계획구역,20221008
경상남도 양산시 동면 금산리 1413-3번지,48330,31027,0,1413,0003,1264100074619,,,,3,용도구역코드,UOA110,절대정화구역,0,0,,절대정화구역,20221008
경상남도 양산시 동면 금산리 1413-3번지,48330,31027,0,1413,0003,1264100074619,,,,3,용도구역코드,UOA120,상대보호구역,0,0,,상대정화구역,20221008
경상남도 양산시 동면 금산리 1413-5번지,48330,31027,0,1413,0005,1264100052179,,,,1,용도지역코드,UQA121,제1종일반주거지역,1,0,,제1종일반주거지역,20221008
경상남도 양산시 동면 금산리 1413-5번지,48330,31027,0,1413,0005,1264100052179,,,,3,용도구역코드,UQQ310,제1종지구단위계획구역,1,0,,제1종지구단위계획구역,20221008
경상남도 양산시 동면 금산리 1413-6번지,48330,31027,0,1413,0006,1264100110637,,,,1,용도지역코드,UQA121,제1종일반주거지역,1,0,,제1종일반주거지역,20221008
경상남도 양산시 동면 금산리 1413-6번지,48330,31027,0,1413,0006,1264100110637,,,,3,용도구역코드,UOA110,절대정화구역,1,0,,절대보호구역,20221008
경상남도 양산시 동면 금산리 1413-6번지,48330,31027,0,1413,0006,1264100110637,,,,3,용도구역코드,UQQ310,제1종지구단위계획구역,0,0,,제1종지구단위계획구역,20221008
경상남도 양산시 동면 금산리 1413-7번지,48330,31027,0,1413,0007,1264100040059,,,,3,용도구역코드,UQQ310,제1종지구단위계획구역,1,0,,제1종지구단위계획구역,20221008
경상남도 양산시 동면 금산리 1413-7번지,48330,31027,0,1413,0007,1264100040059,,,,3,용도구역코드,UOA110,절대정화구역,0,0,,절대정화구역,20221008
경상남도 양산시 동면 금산리 1413-7번지,48330,31027,0,1413,0007,1264100040059,,,,1,용도지역코드,UQA121,제1종일반주거지역,1,0,,제1종일반주거지역,20221008
경상남도 양산시 동면 금산리 1413-9번지,48330,31027,0,1413,0009,1264100054431,,,,1,용도지역코드,UQA121,제1종일반주거지역,1,0,,제1종일반주거지역,20221008
경상남도 양산시 동면 금산리 1413-9번지,48330,31027,0,1413,0009,1264100054431,,,,3,용도구역코드,UQQ310,제1종지구단위계획구역,1,0,,제1종지구단위계획구역,20221008
경상남도 양산시 동면 금산리 1413-10번지,48330,31027,0,1413,0010,1264100037133,,,,1,용도지역코드,UQA121,제1종일반주거지역,1,0,,제1종일반주거지역,20221008
경상남도 양산시 동면 금산리 1413-10번지,48330,31027,0,1413,0010,1264100037133,,,,3,용도구역코드,UQQ310,제1종지구단위계획구역,1,0,,제1종지구단위계획구역,20221008
경상남도 양산시 동면 금산리 1413-10번지,48330,31027,0,1413,0010,1264100037133,,,,3,용도구역코드,UOA120,상대보호구역,0,0,,상대정화구역,20221008
경상남도 양산시 동면 금산리 1414-3번지,48330,31027,0,1414,0003,1264100148210,,,,1,용도지역코드,UQA121,제1종일반주거지역,1,0,,제1종일반주거지역,20221008
경상남도 양산시 동면 금산리 1414-3번지,48330,31027,0,1414,0003,1264100148210,,,,3,용도구역코드,UOA120,상대보호구역,1,0,,상대보호구역,20221008
경상남도 양산시 동면 금산리 1414-3번지,48330,31027,0,1414,0003,1264100148210,,,,3,용도구역코드,UOA110,절대정화구역,0,0,,절대보호구역,20221008
경상남도 양산시 동면 금산리 1414-3번지,48330,31027,0,1414,0003,1264100148210,,,,3,용도구역코드,UQQ310,제1종지구단위계획구역,0,0,,제1종지구단위계획구역,20221008
경상남도 양산시 동면 금산리 1414-4번지,48330,31027,0,1414,0004,1264100051885,,,,1,용도지역코드,UQA121,제1종일반주거지역,1,0,,제1종일반주거지역,20221008
경상남도 양산시 동면 금산리 1414-4번지,48330,31027,0,1414,0004,1264100051885,,,,3,용도구역코드,UQQ310,제1종지구단위계획구역,1,0,,제1종지구단위계획구역,20221008
경상남도 양산시 동면 금산리 1414-4번지,48330,31027,0,1414,0004,1264100051885,,,,3,용도구역코드,UOA110,절대정화구역,0,0,,절대정화구역,20221008
경상남도 양산시 동면 금산리 1414-5번지,48330,31027,0,1414,0005,1264100051774,,,,1,용도지역코드,UQA121,제1종일반주거지역,1,0,,제1종일반주거지역,20221008
경상남도 양산시 동면 금산리 1414-5번지,48330,31027,0,1414,0005,1264100051774,,,,3,용도구역코드,UQQ310,제1종지구단위계획구역,1,0,,제1종지구단위계획구역,20221008
경상남도 양산시 동면 금산리 1414-5번지,48330,31027,0,1414,0005,1264100051774,,,,3,용도구역코드,UOA110,절대정화구역,0,0,,절대정화구역,20221008
경상남도 양산시 동면 금산리 1414-6번지,48330,31027,0,1414,0006,1264100040214,,,,1,용도지역코드,UQA121,제1종일반주거지역,1,0,,제1종일반주거지역,20221008
경상남도 양산시 동면 금산리 1414-6번지,48330,31027,0,1414,0006,1264100040214,,,,3,용도구역코드,UQQ310,제1종지구단위계획구역,1,0,,제1종지구단위계획구역,20221008
경상남도 양산시 동면 금산리 1414-6번지,48330,31027,0,1414,0006,1264100040214,,,,3,용도구역코드,UOA120,상대보호구역,0,0,,상대정화구역,20221008
경상남도 양산시 동면 금산리 1414-7번지,48330,31027,0,1414,0007,1264100046425,,,,1,용도지역코드,UQA121,제1종일반주거지역,1,0,,제1종일반주거지역,20221008
경상남도 양산시 동면 금산리 1414-7번지,48330,31027,0,1414,0007,1264100046425,,,,3,용도구역코드,UQQ310,제1종지구단위계획구역,1,0,,제1종지구단위계획구역,20221008
경상남도 양산시 동면 금산리 1414-7번지,48330,31027,0,1414,0007,1264100046425,,,,3,용도구역코드,UOA110,절대정화구역,0,0,,절대정화구역,20221008
경상남도 양산시 동면 금산리 1414-8번지,48330,31027,0,1414,0008,1264100076782,,,,1,용도지역코드,UQA121,제1종일반주거지역,1,0,,제1종일반주거지역,20221008
경상남도 양산시 동면 금산리 1414-8번지,48330,31027,0,1414,0008,1264100076782,,,,3,용도구역코드,UQQ310,제1종지구단위계획구역,1,0,,제1종지구단위계획구역,20221008
경상남도 양산시 동면 금산리 1414-8번지,48330,31027,0,1414,0008,1264100076782,,,,3,용도구역코드,UOA110,절대정화구역,0,0,,절대정화구역,20221008
경상남도 양산시 동면 금산리 1414-8번지,48330,31027,0,1414,0008,1264100076782,,,,3,용도구역코드,UOA120,상대보호구역,0,0,,상대정화구역,20221008
경상남도 양산시 동면 금산리 1414-9번지,48330,31027,0,1414,0009,1264100116443,,,,1,용도지역코드,UQA121,제1종일반주거지역,1,0,,제1종일반주거지역,20221008
경상남도 양산시 동면 금산리 1414-9번지,48330,31027,0,1414,0009,1264100116443,,,,3,용도구역코드,UQQ310,제1종지구단위계획구역,1,0,,제1종지구단위계획구역,20221008
경상남도 양산시 동면 금산리 1414-10번지,48330,31027,0,1414,0010,1264100052124,,,,1,용도지역코드,UQA121,제1종일반주거지역,1,0,,제1종일반주거지역,20221008
경상남도 양산시 동면 금산리 1414-10번지,48330,31027,0,1414,0010,1264100052124,,,,3,용도구역코드,UQQ310,제1종지구단위계획구역,1,0,,제1종지구단위계획구역,20221008
경상남도 양산시 동면 금산리 1414-10번지,48330,31027,0,1414,0010,1264100052124,,,,3,용도구역코드,UOA120,상대보호구역,0,0,,상대정화구역,20221008
경상남도 양산시 동면 금산리 1415-1번지,48330,31027,0,1415,0001,1264100052303,,,,1,용도지역코드,UQA121,제1종일반주거지역,1,0,,제1종일반주거지역,20221008
경상남도 양산시 동면 금산리 1415-1번지,48330,31027,0,1415,0001,1264100052303,,,,3,용도구역코드,UQQ310,제1종지구단위계획구역,1,0,,제1종지구단위계획구역,20221008
경상남도 양산시 동면 금산리 1415-1번지,48330,31027,0,1415,0001,1264100052303,,,,3,용도구역코드,UOA120,상대보호구역,0,0,,상대정화구역,20221008
경상남도 양산시 동면 금산리 1415-2번지,48330,31027,0,1415,0002,1264100052373,,,,1,용도지역코드,UQA121,제1종일반주거지역,1,0,,제1종일반주거지역,20221008
경상남도 양산시 동면 금산리 1415-2번지,48330,31027,0,1415,0002,1264100052373,,,,3,용도구역코드,UQQ310,제1종지구단위계획구역,1,0,,제1종지구단위계획구역,20221008
경상남도 양산시 동면 금산리 1415-3번지,48330,31027,0,1415,0003,1264100088324,,,,1,용도지역코드,UQA121,제1종일반주거지역,1,0,,제1종일반주거지역,20221008
경상남도 양산시 동면 금산리 1415-3번지,48330,31027,0,1415,0003,1264100088324,,,,3,용도구역코드,UQQ310,제1종지구단위계획구역,1,0,,제1종지구단위계획구역,20221008
경상남도 양산시 동면 금산리 1415-4번지,48330,31027,0,1415,0004,1264100054468,,,,1,용도지역코드,UQA121,제1종일반주거지역,1,0,,제1종일반주거지역,20221008
경상남도 양산시 동면 금산리 1415-4번지,48330,31027,0,1415,0004,1264100054468,,,,3,용도구역코드,UQQ310,제1종지구단위계획구역,1,0,,제1종지구단위계획구역,20221008
경상남도 양산시 동면 금산리 1415-5번지,48330,31027,0,1415,0005,1264100075462,,,,1,용도지역코드,UQA121,제1종일반주거지역,1,0,,제1종일반주거지역,20221008
경상남도 양산시 동면 금산리 1415-5번지,48330,31027,0,1415,0005,1264100075462,,,,3,용도구역코드,UQQ310,제1종지구단위계획구역,1,0,,제1종지구단위계획구역,20221008
경상남도 양산시 동면 금산리 1415-7번지,48330,31027,0,1415,0007,1264100051469,,,,1,용도지역코드,UQA121,제1종일반주거지역,1,0,,제1종일반주거지역,20221008
경상남도 양산시 동면 금산리 1415-7번지,48330,31027,0,1415,0007,1264100051469,,,,3,용도구역코드,UQQ310,제1종지구단위계획구역,1,0,,제1종지구단위계획구역,20221008
경상남도 양산시 동면 금산리 1415-8번지,48330,31027,0,1415,0008,1264100073181,,,,1,용도지역코드,UQA121,제1종일반주거지역,1,0,,제1종일반주거지역,20221008
경상남도 양산시 동면 금산리 1415-8번지,48330,31027,0,1415,0008,1264100073181,,,,3,용도구역코드,UQQ310,제1종지구단위계획구역,1,0,,제1종지구단위계획구역,20221008
경상남도 양산시 동면 금산리 1415-8번지,48330,31027,0,1415,0008,1264100073181,,,,3,용도구역코드,UOA110,절대정화구역,0,0,,절대정화구역,20221008
경상남도 양산시 동면 금산리 1415-8번지,48330,31027,0,1415,0008,1264100073181,,,,3,용도구역코드,UOA120,상대보호구역,0,0,,상대정화구역,20221008
경상남도 양산시 동면 금산리 1415-9번지,48330,31027,0,1415,0009,1264100052328,,,,1,용도지역코드,UQA121,제1종일반주거지역,1,0,,제1종일반주거지역,20221008
경상남도 양산시 동면 금산리 1415-9번지,48330,31027,0,1415,0009,1264100052328,,,,3,용도구역코드,UQQ310,제1종지구단위계획구역,1,0,,제1종지구단위계획구역,20221008
경상남도 양산시 동면 금산리 1415-9번지,48330,31027,0,1415,0009,1264100052328,,,,3,용도구역코드,UOA110,절대정화구역,0,0,,절대정화구역,20221008
경상남도 양산시 동면 금산리 1415-9번지,48330,31027,0,1415,0009,1264100052328,,,,3,용도구역코드,UOA120,상대보호구역,0,0,,상대정화구역,20221008
경상남도 양산시 동면 금산리 1415-10번지,48330,31027,0,1415,0010,1264100039673,,,,1,용도지역코드,UQA121,제1종일반주거지역,1,0,,제1종일반주거지역,20221008
경상남도 양산시 동면 금산리 1415-10번지,48330,31027,0,1415,0010,1264100039673,,,,3,용도구역코드,UQQ310,제1종지구단위계획구역,1,0,,제1종지구단위계획구역,20221008
경상남도 양산시 동면 금산리 1416-1번지,48330,31027,0,1416,0001,1264100089164,,,,1,용도지역코드,UQA121,제1종일반주거지역,1,0,,제1종일반주거지역,20221008
경상남도 양산시 동면 금산리 1416-1번지,48330,31027,0,1416,0001,1264100089164,,,,3,용도구역코드,UQQ310,제1종지구단위계획구역,1,0,,제1종지구단위계획구역,20221008
경상남도 양산시 동면 금산리 1416-1번지,48330,31027,0,1416,0001,1264100089164,,,,3,용도구역코드,UOA110,절대정화구역,0,0,,절대정화구역,20221008
경상남도 양산시 동면 금산리 1416-2번지,48330,31027,0,1416,0002,1264100031777,,,,1,용도지역코드,UQA121,제1종일반주거지역,1,0,,제1종일반주거지역,20221008
경상남도 양산시 동면 금산리 1416-2번지,48330,31027,0,1416,0002,1264100031777,,,,3,용도구역코드,UQQ310,제1종지구단위계획구역,0,0,,제1종지구단위계획구역,20221008
경상남도 양산시 동면 금산리 1416-2번지,48330,31027,0,1416,0002,1264100031777,,,,3,용도구역코드,UOA110,절대정화구역,0,0,,절대정화구역,20221008
경상남도 양산시 동면 금산리 1416-3번지,48330,31027,0,1416,0003,1264100051730,,,,1,용도지역코드,UQA121,제1종일반주거지역,1,0,,제1종일반주거지역,20221008
경상남도 양산시 동면 금산리 1416-3번지,48330,31027,0,1416,0003,1264100051730,,,,3,용도구역코드,UQQ310,제1종지구단위계획구역,1,0,,제1종지구단위계획구역,20221008
경상남도 양산시 동면 금산리 1416-3번지,48330,31027,0,1416,0003,1264100051730,,,,3,용도구역코드,UOA110,절대정화구역,0,0,,절대정화구역,20221008
경상남도 양산시 동면 금산리 1416-4번지,48330,31027,0,1416,0004,1264100050770,,,,3,용도구역코드,UQQ310,제1종지구단위계획구역,1,0,,제1종지구단위계획구역,20221008
경상남도 양산시 동면 금산리 1416-4번지,48330,31027,0,1416,0004,1264100050770,,,,3,용도구역코드,UOA110,절대정화구역,0,0,,절대정화구역,20221008
경상남도 양산시 동면 금산리 1416-4번지,48330,31027,0,1416,0004,1264100050770,,,,1,용도지역코드,UQA121,제1종일반주거지역,1,0,,제1종일반주거지역,20221008
경상남도 양산시 동면 금산리 1416-5번지,48330,31027,0,1416,0005,1264100041744,,,,3,용도구역코드,UQQ310,제1종지구단위계획구역,1,0,,제1종지구단위계획구역,20221008
경상남도 양산시 동면 금산리 1416-5번지,48330,31027,0,1416,0005,1264100041744,,,,1,용도지역코드,UQA121,제1종일반주거지역,1,0,,제1종일반주거지역,20221008
경상남도 양산시 동면 금산리 1416-6번지,48330,31027,0,1416,0006,1264100032261,,,,1,용도지역코드,UQA121,제1종일반주거지역,1,0,,제1종일반주거지역,20221008
경상남도 양산시 동면 금산리 1416-6번지,48330,31027,0,1416,0006,1264100032261,,,,3,용도구역코드,UQQ310,제1종지구단위계획구역,1,0,,제1종지구단위계획구역,20221008
경상남도 양산시 동면 금산리 1416-6번지,48330,31027,0,1416,0006,1264100084584,,,,1,용도지역코드,UQA122,제2종일반주거지역,1,0,,제2종일반주거지역,20221008
경상남도 양산시 동면 금산리 1416-6번지,48330,31027,0,1416,0006,1264100084584,,,,3,용도구역코드,UQQ310,제1종지구단위계획구역,1,0,,제1종지구단위계획구역,20221008
경상남도 양산시 동면 금산리 1416-7번지,48330,31027,0,1416,0007,1264100035833,,,,1,용도지역코드,UQA121,제1종일반주거지역,1,0,,제1종일반주거지역,20221008
경상남도 양산시 동면 금산리 1416-7번지,48330,31027,0,1416,0007,1264100035833,,,,3,용도구역코드,UQQ310,제1종지구단위계획구역,1,0,,제1종지구단위계획구역,20221008
경상남도 양산시 동면 금산리 1416-8번지,48330,31027,0,1416,0008,1264100090001,,,,1,용도지역코드,UQA121,제1종일반주거지역,1,0,,제1종일반주거지역,20221008
경상남도 양산시 동면 금산리 1416-8번지,48330,31027,0,1416,0008,1264100090001,,,,3,용도구역코드,UQQ310,제1종지구단위계획구역,1,0,,제1종지구단위계획구역,20221008
경상남도 양산시 동면 금산리 1416-9번지,48330,31027,0,1416,0009,1264100089068,,,,1,용도지역코드,UQA121,제1종일반주거지역,1,0,,제1종일반주거지역,20221008
경상남도 양산시 동면 금산리 1416-9번지,48330,31027,0,1416,0009,1264100089068,,,,3,용도구역코드,UQQ310,제1종지구단위계획구역,1,0,,제1종지구단위계획구역,20221008
경상남도 양산시 동면 금산리 1416-10번지,48330,31027,0,1416,0010,1264100145344,,,,1,용도지역코드,UQA121,제1종일반주거지역,1,0,,제1종일반주거지역,20221008
경상남도 양산시 동면 금산리 1416-10번지,48330,31027,0,1416,0010,1264100145344,,,,3,용도구역코드,UOA110,절대정화구역,1,0,,절대보호구역,20221008
경상남도 양산시 동면 금산리 1416-10번지,48330,31027,0,1416,0010,1264100145344,,,,3,용도구역코드,UQQ310,제1종지구단위계획구역,0,0,,제1종지구단위계획구역,20221008
경상남도 양산시 동면 금산리 1417-1번지,48330,31027,0,1417,0001,1264100087106,,,,1,용도지역코드,UQA121,제1종일반주거지역,1,0,,제1종일반주거지역,20221008
경상남도 양산시 동면 금산리 1417-1번지,48330,31027,0,1417,0001,1264100087106,,,,3,용도구역코드,UQQ310,제1종지구단위계획구역,1,0,,제1종지구단위계획구역,20221008
경상남도 양산시 동면 금산리 1418-1번지,48330,31027,0,1418,0001,1264100051867,,,,1,용도지역코드,UQA121,제1종일반주거지역,1,0,,제1종일반주거지역,20221008
경상남도 양산시 동면 금산리 1418-1번지,48330,31027,0,1418,0001,1264100051867,,,,3,용도구역코드,UQQ310,제1종지구단위계획구역,1,0,,제1종지구단위계획구역,20221008
경상남도 양산시 동면 금산리 1418-2번지,48330,31027,0,1418,0002,1264100044385,,,,1,용도지역코드,UQA121,제1종일반주거지역,1,0,,제1종일반주거지역,20221008
경상남도 양산시 동면 금산리 1418-4번지,48330,31027,0,1418,0004,1264100047786,,,,1,용도지역코드,UQA121,제1종일반주거지역,1,0,,제1종일반주거지역,20221008
경상남도 양산시 동면 금산리 1418-4번지,48330,31027,0,1418,0004,1264100047786,,,,3,용도구역코드,UQQ310,제1종지구단위계획구역,1,0,,제1종지구단위계획구역,20221008
경상남도 양산시 동면 금산리 1418-6번지,48330,31027,0,1418,0006,1264100095658,,,,1,용도지역코드,UQA121,제1종일반주거지역,1,0,,제1종일반주거지역,20221008
경상남도 양산시 동면 금산리 1418-6번지,48330,31027,0,1418,0006,1264100095658,,,,3,용도구역코드,UQQ310,제1종지구단위계획구역,1,0,,제1종지구단위계획구역,20221008
경상남도 양산시 동면 금산리 1418-6번지,48330,31027,0,1418,0006,1264100095658,,,,3,용도구역코드,UOA120,상대보호구역,0,0,,상대정화구역,20221008
경상남도 양산시 동면 금산리 1418-7번지,48330,31027,0,1418,0007,1264100103514,,,,1,용도지역코드,UQA121,제1종일반주거지역,1,0,,제1종일반주거지역,20221008
경상남도 양산시 동면 금산리 1418-7번지,48330,31027,0,1418,0007,1264100103514,,,,3,용도구역코드,UOA120,상대보호구역,1,0,,상대보호구역,20221008
경상남도 양산시 동면 금산리 1418-7번지,48330,31027,0,1418,0007,1264100103514,,,,3,용도구역코드,UQQ310,제1종지구단위계획구역,0,0,,제1종지구단위계획구역,20221008
경상남도 양산시 동면 금산리 1418-8번지,48330,31027,0,1418,0008,1264100051878,,,,1,용도지역코드,UQA121,제1종일반주거지역,1,0,,제1종일반주거지역,20221008
경상남도 양산시 동면 금산리 1418-8번지,48330,31027,0,1418,0008,1264100051878,,,,3,용도구역코드,UQQ310,제1종지구단위계획구역,1,0,,제1종지구단위계획구역,20221008
경상남도 양산시 동면 금산리 1418-9번지,48330,31027,0,1418,0009,1264100048765,,,,1,용도지역코드,UQA121,제1종일반주거지역,1,0,,제1종일반주거지역,20221008
경상남도 양산시 동면 금산리 1418-9번지,48330,31027,0,1418,0009,1264100048765,,,,3,용도구역코드,UQQ310,제1종지구단위계획구역,1,0,,제1종지구단위계획구역,20221008
경상남도 양산시 동면 금산리 1418-9번지,48330,31027,0,1418,0009,1264100048765,,,,3,용도구역코드,UOA120,상대보호구역,0,0,,상대정화구역,20221008
경상남도 양산시 동면 금산리 1418-10번지,48330,31027,0,1418,0010,1264100073860,,,,1,용도지역코드,UQA121,제1종일반주거지역,1,0,,제1종일반주거지역,20221008
경상남도 양산시 동면 금산리 1418-10번지,48330,31027,0,1418,0010,1264100073860,,,,3,용도구역코드,UQQ310,제1종지구단위계획구역,1,0,,제1종지구단위계획구역,20221008
경상남도 양산시 동면 금산리 1418-10번지,48330,31027,0,1418,0010,1264100073860,,,,3,용도구역코드,UOA120,상대보호구역,0,0,,상대정화구역,20221008
경상남도 양산시 동면 금산리 1418-11번지,48330,31027,0,1418,0011,1264100049748,,,,1,용도지역코드,UQA121,제1종일반주거지역,1,0,,제1종일반주거지역,20221008
경상남도 양산시 동면 금산리 1418-11번지,48330,31027,0,1418,0011,1264100049748,,,,3,용도구역코드,UQQ310,제1종지구단위계획구역,1,0,,제1종지구단위계획구역,20221008
경상남도 양산시 동면 금산리 1418-11번지,48330,31027,0,1418,0011,1264100049748,,,,3,용도구역코드,UOA120,상대보호구역,0,0,,상대정화구역,20221008
경상남도 양산시 동면 금산리 1418-12번지,48330,31027,0,1418,0012,1264100051149,,,,1,용도지역코드,UQA121,제1종일반주거지역,1,0,,제1종일반주거지역,20221008
경상남도 양산시 동면 금산리 1418-12번지,48330,31027,0,1418,0012,1264100051149,,,,3,용도구역코드,UQQ310,제1종지구단위계획구역,1,0,,제1종지구단위계획구역,20221008
경상남도 양산시 동면 금산리 1418-12번지,48330,31027,0,1418,0012,1264100051149,,,,3,용도구역코드,UOA120,상대보호구역,0,0,,상대정화구역,20221008
경상남도 양산시 동면 금산리 1418-13번지,48330,31027,0,1418,0013,1264100053611,,,,1,용도지역코드,UQA001,도시지역,1,0,,도시지역,20221008
경상남도 양산시 동면 금산리 1418-13번지,48330,31027,0,1418,0013,1264100053611,,,,1,용도지역코드,UQA121,제1종일반주거지역,0,0,,제1종일반주거지역,20221008
경상남도 양산시 동면 금산리 1418-13번지,48330,31027,0,1418,0013,1264100053611,,,,3,용도구역코드,UQQ310,제1종지구단위계획구역,1,0,,제1종지구단위계획구역,20221008
경상남도 양산시 동면 금산리 1418-15번지,48330,31027,0,1418,0015,1264100046005,,,,1,용도지역코드,UQA121,제1종일반주거지역,1,0,,제1종일반주거지역,20221008
경상남도 양산시 동면 금산리 1418-15번지,48330,31027,0,1418,0015,1264100046005,,,,3,용도구역코드,UQQ310,제1종지구단위계획구역,1,0,,제1종지구단위계획구역,20221008
경상남도 양산시 동면 금산리 1418-16번지,48330,31027,0,1418,0016,1264100094324,,,,1,용도지역코드,UQA121,제1종일반주거지역,1,0,,제1종일반주거지역,20221008
경상남도 양산시 동면 금산리 1418-16번지,48330,31027,0,1418,0016,1264100094324,,,,3,용도구역코드,UQQ310,제1종지구단위계획구역,1,0,,제1종지구단위계획구역,20221008
경상남도 양산시 동면 금산리 1418-16번지,48330,31027,0,1418,0016,1264100054409,,,,1,용도지역코드,UQA121,제1종일반주거지역,1,0,,제1종일반주거지역,20221008
경상남도 양산시 동면 금산리 1418-16번지,48330,31027,0,1418,0016,1264100054409,,,,3,용도구역코드,UQQ310,제1종지구단위계획구역,1,0,,제1종지구단위계획구역,20221008
경상남도 양산시 동면 금산리 1418-18번지,48330,31027,0,1418,0018,1264100051096,,,,1,용도지역코드,UQA121,제1종일반주거지역,1,0,,제1종일반주거지역,20221008
경상남도 양산시 동면 금산리 1418-18번지,48330,31027,0,1418,0018,1264100051096,,,,3,용도구역코드,UQQ310,제1종지구단위계획구역,1,0,,제1종지구단위계획구역,20221008
경상남도 양산시 동면 금산리 1418-18번지,48330,31027,0,1418,0018,1264100051096,,,,3,용도구역코드,UOA120,상대보호구역,0,0,,상대정화구역,20221008
경상남도 양산시 동면 금산리 1419-1번지,48330,31027,0,1419,0001,1264100047746,,,,1,용도지역코드,UQA121,제1종일반주거지역,1,0,,제1종일반주거지역,20221008
경상남도 양산시 동면 금산리 1419-1번지,48330,31027,0,1419,0001,1264100047746,,,,3,용도구역코드,UQQ310,제1종지구단위계획구역,1,0,,제1종지구단위계획구역,20221008
경상남도 양산시 동면 금산리 1419-1번지,48330,31027,0,1419,0001,1264100047746,,,,3,용도구역코드,UOA120,상대보호구역,0,0,,상대정화구역,20221008
경상남도 양산시 동면 금산리 1419-3번지,48330,31027,0,1419,0003,1264100112981,,,,1,용도지역코드,UQA121,제1종일반주거지역,1,0,,제1종일반주거지역,20221008
경상남도 양산시 동면 금산리 1419-3번지,48330,31027,0,1419,0003,1264100112981,,,,3,용도구역코드,UQQ310,제1종지구단위계획구역,1,0,,제1종지구단위계획구역,20221008
경상남도 양산시 동면 금산리 1419-4번지,48330,31027,0,1419,0004,1000000000000000557951,,,,1,용도지역코드,UQA121,제1종일반주거지역,1,0,,제1종일반주거지역,20260115
경상남도 양산시 동면 금산리 1419-4번지,48330,31027,0,1419,0004,1000000000000000557951,,,,3,용도구역코드,UQQ310,제1종지구단위계획구역,1,0,,제1종지구단위계획구역,20260115
경상남도 양산시 동면 금산리 1419-5번지,48330,31027,0,1419,0005,1264100096009,,,,1,용도지역코드,UQA121,제1종일반주거지역,1,0,,제1종일반주거지역,20221008
경상남도 양산시 동면 금산리 1419-5번지,48330,31027,0,1419,0005,1264100096009,,,,3,용도구역코드,UQQ310,제1종지구단위계획구역,1,0,,제1종지구단위계획구역,20221008
경상남도 양산시 동면 금산리 1419-5번지,48330,31027,0,1419,0005,1264100096009,,,,3,용도구역코드,UOA120,상대보호구역,0,0,,상대정화구역,20221008
경상남도 양산시 동면 금산리 1419-8번지,48330,31027,0,1419,0008,1264100085745,,,,1,용도지역코드,UQA121,제1종일반주거지역,1,0,,제1종일반주거지역,20221008
경상남도 양산시 동면 금산리 1419-8번지,48330,31027,0,1419,0008,1264100085745,,,,3,용도구역코드,UQQ310,제1종지구단위계획구역,1,0,,제1종지구단위계획구역,20221008
경상남도 양산시 동면 금산리 1419-9번지,48330,31027,0,1419,0009,1264100039917,,,,1,용도지역코드,UQA121,제1종일반주거지역,1,0,,제1종일반주거지역,20221008
경상남도 양산시 동면 금산리 1419-9번지,48330,31027,0,1419,0009,1264100039917,,,,3,용도구역코드,UQQ310,제1종지구단위계획구역,1,0,,제1종지구단위계획구역,20221008
경상남도 양산시 동면 금산리 1419-9번지,48330,31027,0,1419,0009,1264100039917,,,,3,용도구역코드,UOA120,상대보호구역,0,0,,상대정화구역,20221008
경상남도 양산시 동면 금산리 1419-11번지,48330,31027,0,1419,0011,1264100051874,,,,1,용도지역코드,UQA121,제1종일반주거지역,1,0,,제1종일반주거지역,20221008
경상남도 양산시 동면 금산리 1419-11번지,48330,31027,0,1419,0011,1264100051874,,,,3,용도구역코드,UQQ310,제1종지구단위계획구역,1,0,,제1종지구단위계획구역,20221008
경상남도 양산시 동면 금산리 1419-12번지,48330,31027,0,1419,0012,1264100075979,,,,1,용도지역코드,UQA121,제1종일반주거지역,1,0,,제1종일반주거지역,20221008
경상남도 양산시 동면 금산리 1419-12번지,48330,31027,0,1419,0012,1264100075979,,,,3,용도구역코드,UQQ310,제1종지구단위계획구역,1,0,,제1종지구단위계획구역,20221008
경상남도 양산시 동면 금산리 1419-13번지,48330,31027,0,1419,0013,1264100071739,,,,3,용도구역코드,UOA120,상대보호구역,0,0,,상대정화구역,20221008
경상남도 양산시 동면 금산리 1419-13번지,48330,31027,0,1419,0013,1264100071739,,,,1,용도지역코드,UQA121,제1종일반주거지역,1,0,,제1종일반주거지역,20221008
경상남도 양산시 동면 금산리 1419-13번지,48330,31027,0,1419,0013,1264100071739,,,,3,용도구역코드,UQQ310,제1종지구단위계획구역,1,0,,제1종지구단위계획구역,20221008
경상남도 양산시 동면 금산리 1419-14번지,48330,31027,0,1419,0014,1264100051334,,,,1,용도지역코드,UQA121,제1종일반주거지역,1,0,,제1종일반주거지역,20221008
경상남도 양산시 동면 금산리 1419-14번지,48330,31027,0,1419,0014,1264100051334,,,,3,용도구역코드,UQQ310,제1종지구단위계획구역,1,0,,제1종지구단위계획구역,20221008
경상남도 양산시 동면 금산리 1419-14번지,48330,31027,0,1419,0014,1264100051334,,,,3,용도구역코드,UOA120,상대보호구역,0,0,,상대정화구역,20221008
경상남도 양산시 동면 금산리 1419-16번지,48330,31027,0,1419,0016,1264100052172,,,,1,용도지역코드,UQA121,제1종일반주거지역,1,0,,제1종일반주거지역,20221008
경상남도 양산시 동면 금산리 1419-16번지,48330,31027,0,1419,0016,1264100052172,,,,3,용도구역코드,UQQ310,제1종지구단위계획구역,1,0,,제1종지구단위계획구역,20221008
경상남도 양산시 동면 금산리 1419-17번지,48330,31027,0,1419,0017,1264100051932,,,,1,용도지역코드,UQA121,제1종일반주거지역,1,0,,제1종일반주거지역,20221008
경상남도 양산시 동면 금산리 1419-17번지,48330,31027,0,1419,0017,1264100051932,,,,3,용도구역코드,UQQ310,제1종지구단위계획구역,1,0,,제1종지구단위계획구역,20221008
경상남도 양산시 동면 금산리 1419-17번지,48330,31027,0,1419,0017,1264100051932,,,,3,용도구역코드,UOA120,상대보호구역,0,0,,상대정화구역,20221008
경상남도 양산시 동면 금산리 1419-18번지,48330,31027,0,1419,0018,1264100051938,,,,1,용도지역코드,UQA121,제1종일반주거지역,1,0,,제1종일반주거지역,20221008
경상남도 양산시 동면 금산리 1419-18번지,48330,31027,0,1419,0018,1264100051938,,,,3,용도구역코드,UQQ310,제1종지구단위계획구역,1,0,,제1종지구단위계획구역,20221008
경상남도 양산시 동면 금산리 1420-1번지,48330,31027,0,1420,0001,1264100052747,,,,1,용도지역코드,UQA121,제1종일반주거지역,1,0,,제1종일반주거지역,20221008
경상남도 양산시 동면 금산리 1420-1번지,48330,31027,0,1420,0001,1264100052747,,,,3,용도구역코드,UQQ310,제1종지구단위계획구역,1,0,,제1종지구단위계획구역,20221008
경상남도 양산시 동면 금산리 1420-2번지,48330,31027,0,1420,0002,1264100157650,,,,1,용도지역코드,UQA121,제1종일반주거지역,1,0,,제1종일반주거지역,20221008
경상남도 양산시 동면 금산리 1420-2번지,48330,31027,0,1420,0002,1264100157650,,,,3,용도구역코드,UMZ100,가축사육제한구역,0,0,,가축사육제한구역,20221008
경상남도 양산시 동면 금산리 1420-2번지,48330,31027,0,1420,0002,1264100157650,,,,3,용도구역코드,UQQ310,제1종지구단위계획구역,1,0,,제1종지구단위계획구역,20221008
경상남도 양산시 동면 금산리 1420-4번지,48330,31027,0,1420,0004,1264100071140,,,,1,용도지역코드,UQA121,제1종일반주거지역,1,0,,제1종일반주거지역,20221008
경상남도 양산시 동면 금산리 1420-4번지,48330,31027,0,1420,0004,1264100071140,,,,3,용도구역코드,UQQ310,제1종지구단위계획구역,1,0,,제1종지구단위계획구역,20221008
경상남도 양산시 동면 금산리 1420-4번지,48330,31027,0,1420,0004,1264100071140,,,,3,용도구역코드,UOA120,상대보호구역,0,0,,상대정화구역,20221008
경상남도 양산시 동면 금산리 1420-5번지,48330,31027,0,1420,0005,1264100100956,,,,1,용도지역코드,UQA121,제1종일반주거지역,1,0,,제1종일반주거지역,20221008
경상남도 양산시 동면 금산리 1420-5번지,48330,31027,0,1420,0005,1264100100956,,,,3,용도구역코드,UOA120,상대보호구역,1,0,,상대보호구역,20221008
경상남도 양산시 동면 금산리 1420-5번지,48330,31027,0,1420,0005,1264100100956,,,,3,용도구역코드,UQQ310,제1종지구단위계획구역,0,0,,제1종지구단위계획구역,20221008
경상남도 양산시 동면 금산리 1420-6번지,48330,31027,0,1420,0006,1264100040132,,,,1,용도지역코드,UQA121,제1종일반주거지역,1,0,,제1종일반주거지역,20221008
경상남도 양산시 동면 금산리 1420-6번지,48330,31027,0,1420,0006,1264100040132,,,,3,용도구역코드,UQQ310,제1종지구단위계획구역,1,0,,제1종지구단위계획구역,20221008
경상남도 양산시 동면 금산리 1420-7번지,48330,31027,0,1420,0007,1264100040123,,,,1,용도지역코드,UQA121,제1종일반주거지역,1,0,,제1종일반주거지역,20221008
경상남도 양산시 동면 금산리 1420-7번지,48330,31027,0,1420,0007,1264100040123,,,,3,용도구역코드,UQQ310,제1종지구단위계획구역,1,0,,제1종지구단위계획구역,20221008
경상남도 양산시 동면 금산리 1420-7번지,48330,31027,0,1420,0007,1264100040123,,,,3,용도구역코드,UOA120,상대보호구역,0,0,,상대정화구역,20221008
경상남도 양산시 동면 금산리 1420-8번지,48330,31027,0,1420,0008,1264100052334,,,,1,용도지역코드,UQA121,제1종일반주거지역,1,0,,제1종일반주거지역,20221008
경상남도 양산시 동면 금산리 1420-8번지,48330,31027,0,1420,0008,1264100052334,,,,3,용도구역코드,UQQ310,제1종지구단위계획구역,1,0,,제1종지구단위계획구역,20221008
경상남도 양산시 동면 금산리 1420-8번지,48330,31027,0,1420,0008,1264100052334,,,,3,용도구역코드,UOA120,상대보호구역,0,0,,상대정화구역,20221008
경상남도 양산시 동면 금산리 1420-10번지,48330,31027,0,1420,0010,1264100114879,,,,1,용도지역코드,UQA121,제1종일반주거지역,1,0,,제1종일반주거지역,20221008
경상남도 양산시 동면 금산리 1420-10번지,48330,31027,0,1420,0010,1264100114879,,,,3,용도구역코드,UQQ310,제1종지구단위계획구역,1,0,,제1종지구단위계획구역,20221008
경상남도 양산시 동면 금산리 1420-11번지,48330,31027,0,1420,0011,1264100041962,,,,1,용도지역코드,UQA121,제1종일반주거지역,1,0,,제1종일반주거지역,20221008
경상남도 양산시 동면 금산리 1420-11번지,48330,31027,0,1420,0011,1264100041962,,,,3,용도구역코드,UQQ310,제1종지구단위계획구역,1,0,,제1종지구단위계획구역,20221008
경상남도 양산시 동면 금산리 1420-12번지,48330,31027,0,1420,0012,1264100092066,,,,1,용도지역코드,UQA121,제1종일반주거지역,1,0,,제1종일반주거지역,20221008
경상남도 양산시 동면 금산리 1420-12번지,48330,31027,0,1420,0012,1264100092066,,,,3,용도구역코드,UQQ310,제1종지구단위계획구역,1,0,,제1종지구단위계획구역,20221008
경상남도 양산시 동면 금산리 1420-12번지,48330,31027,0,1420,0012,1264100092066,,,,3,용도구역코드,UOA120,상대보호구역,0,0,,상대정화구역,20221008
경상남도 양산시 동면 금산리 1420-13번지,48330,31027,0,1420,0013,1264100039994,,,,1,용도지역코드,UQA121,제1종일반주거지역,1,0,,제1종일반주거지역,20221008
경상남도 양산시 동면 금산리 1420-13번지,48330,31027,0,1420,0013,1264100039994,,,,3,용도구역코드,UQQ310,제1종지구단위계획구역,1,0,,제1종지구단위계획구역,20221008
경상남도 양산시 동면 금산리 1420-13번지,48330,31027,0,1420,0013,1264100039994,,,,3,용도구역코드,UOA120,상대보호구역,0,0,,상대정화구역,20221008
경상남도 양산시 동면 금산리 1420-14번지,48330,31027,0,1420,0014,1264100066961,,,,1,용도지역코드,UQA121,제1종일반주거지역,1,0,,제1종일반주거지역,20221008
경상남도 양산시 동면 금산리 1420-14번지,48330,31027,0,1420,0014,1264100066961,,,,3,용도구역코드,UQQ310,제1종지구단위계획구역,1,0,,제1종지구단위계획구역,20221008
경상남도 양산시 동면 금산리 1420-14번지,48330,31027,0,1420,0014,1264100066961,,,,3,용도구역코드,UOA120,상대보호구역,0,0,,상대정화구역,20221008
경상남도 양산시 동면 금산리 1420-15번지,48330,31027,0,1420,0015,1264100082282,,,,1,용도지역코드,UQA121,제1종일반주거지역,1,0,,제1종일반주거지역,20221008
경상남도 양산시 동면 금산리 1420-15번지,48330,31027,0,1420,0015,1264100082282,,,,3,용도구역코드,UQQ310,제1종지구단위계획구역,1,0,,제1종지구단위계획구역,20221008
경상남도 양산시 동면 금산리 1420-16번지,48330,31027,0,1420,0016,1264100046428,,,,1,용도지역코드,UQA121,제1종일반주거지역,1,0,,제1종일반주거지역,20221008
경상남도 양산시 동면 금산리 1420-16번지,48330,31027,0,1420,0016,1264100046428,,,,3,용도구역코드,UQQ310,제1종지구단위계획구역,1,0,,제1종지구단위계획구역,20221008
경상남도 양산시 동면 금산리 1420-16번지,48330,31027,0,1420,0016,1264100046428,,,,3,용도구역코드,UOA120,상대보호구역,0,0,,상대정화구역,20221008
경상남도 양산시 동면 금산리 1420-17번지,48330,31027,0,1420,0017,1264100026713,,,,3,용도구역코드,UQQ310,제1종지구단위계획구역,1,0,,제1종지구단위계획구역,20221008
경상남도 양산시 동면 금산리 1420-17번지,48330,31027,0,1420,0017,1264100026713,,,,1,용도지역코드,UQA121,제1종일반주거지역,1,0,,제1종일반주거지역,20221008
경상남도 양산시 동면 금산리 1421-1번지,48330,31027,0,1421,0001,1264100052337,,,,1,용도지역코드,UQA121,제1종일반주거지역,1,0,,제1종일반주거지역,20221008
경상남도 양산시 동면 금산리 1421-1번지,48330,31027,0,1421,0001,1264100052337,,,,3,용도구역코드,UQQ310,제1종지구단위계획구역,1,0,,제1종지구단위계획구역,20221008
경상남도 양산시 동면 금산리 1421-1번지,48330,31027,0,1421,0001,1264100052337,,,,3,용도구역코드,UOA110,절대정화구역,0,0,,절대정화구역,20221008
경상남도 양산시 동면 금산리 1421-1번지,48330,31027,0,1421,0001,1264100052337,,,,3,용도구역코드,UOA120,상대보호구역,0,0,,상대정화구역,20221008
경상남도 양산시 동면 금산리 1421-3번지,48330,31027,0,1421,0003,1264100052016,,,,1,용도지역코드,UQA121,제1종일반주거지역,1,0,,제1종일반주거지역,20221008
경상남도 양산시 동면 금산리 1421-3번지,48330,31027,0,1421,0003,1264100052016,,,,3,용도구역코드,UQQ310,제1종지구단위계획구역,1,0,,제1종지구단위계획구역,20221008
경상남도 양산시 동면 금산리 1421-4번지,48330,31027,0,1421,0004,1264100084581,,,,1,용도지역코드,UQA121,제1종일반주거지역,1,0,,제1종일반주거지역,20221008
경상남도 양산시 동면 금산리 1421-4번지,48330,31027,0,1421,0004,1264100084581,,,,3,용도구역코드,UQQ310,제1종지구단위계획구역,1,0,,제1종지구단위계획구역,20221008
경상남도 양산시 동면 금산리 1421-5번지,48330,31027,0,1421,0005,1264100050349,,,,1,용도지역코드,UQA121,제1종일반주거지역,1,0,,제1종일반주거지역,20221008
경상남도 양산시 동면 금산리 1421-5번지,48330,31027,0,1421,0005,1264100050349,,,,3,용도구역코드,UQQ310,제1종지구단위계획구역,1,0,,제1종지구단위계획구역,20221008
경상남도 양산시 동면 금산리 1421-5번지,48330,31027,0,1421,0005,1264100050349,,,,3,용도구역코드,UOA120,상대보호구역,0,0,,상대정화구역,20221008
경상남도 양산시 동면 금산리 1421-6번지,48330,31027,0,1421,0006,1264100052181,,,,1,용도지역코드,UQA121,제1종일반주거지역,1,0,,제1종일반주거지역,20221008
경상남도 양산시 동면 금산리 1421-6번지,48330,31027,0,1421,0006,1264100052181,,,,3,용도구역코드,UQQ310,제1종지구단위계획구역,1,0,,제1종지구단위계획구역,20221008
경상남도 양산시 동면 금산리 1421-6번지,48330,31027,0,1421,0006,1264100052181,,,,3,용도구역코드,UOA120,상대보호구역,0,0,,상대정화구역,20221008
경상남도 양산시 동면 금산리 1421-7번지,48330,31027,0,1421,0007,1264100045125,,,,1,용도지역코드,UQA121,제1종일반주거지역,1,0,,제1종일반주거지역,20221008
경상남도 양산시 동면 금산리 1421-7번지,48330,31027,0,1421,0007,1264100045125,,,,3,용도구역코드,UQQ310,제1종지구단위계획구역,1,0,,제1종지구단위계획구역,20221008
경상남도 양산시 동면 금산리 1421-7번지,48330,31027,0,1421,0007,1264100045125,,,,3,용도구역코드,UOA120,상대보호구역,0,0,,상대정화구역,20221008
경상남도 양산시 동면 금산리 1421-8번지,48330,31027,0,1421,0008,1264100114057,,,,1,용도지역코드,UQA121,제1종일반주거지역,1,0,,제1종일반주거지역,20221008
경상남도 양산시 동면 금산리 1421-8번지,48330,31027,0,1421,0008,1264100114057,,,,3,용도구역코드,UOA120,상대보호구역,1,0,,상대보호구역,20221008
경상남도 양산시 동면 금산리 1421-8번지,48330,31027,0,1421,0008,1264100114057,,,,3,용도구역코드,UQQ310,제1종지구단위계획구역,0,0,,제1종지구단위계획구역,20221008
경상남도 양산시 동면 금산리 1421-10번지,48330,31027,0,1421,0010,1264100053310,,,,3,용도구역코드,UQQ310,제1종지구단위계획구역,1,0,,제1종지구단위계획구역,20221214
경상남도 양산시 동면 금산리 1421-10번지,48330,31027,0,1421,0010,1264100053310,,,,1,용도지역코드,UQA121,제1종일반주거지역,1,0,,제1종일반주거지역,20221214
경상남도 양산시 동면 금산리 1421-12번지,48330,31027,0,1421,0012,1264100040134,,,,1,용도지역코드,UQA121,제1종일반주거지역,1,0,,제1종일반주거지역,20221008
경상남도 양산시 동면 금산리 1421-12번지,48330,31027,0,1421,0012,1264100040134,,,,3,용도구역코드,UQQ310,제1종지구단위계획구역,1,0,,제1종지구단위계획구역,20221008
경상남도 양산시 동면 금산리 1421-12번지,48330,31027,0,1421,0012,1264100040134,,,,3,용도구역코드,UOA120,상대보호구역,0,0,,상대정화구역,20221008
경상남도 양산시 동면 금산리 1421-13번지,48330,31027,0,1421,0013,1264100069260,,,,1,용도지역코드,UQA121,제1종일반주거지역,1,0,,제1종일반주거지역,20221008
경상남도 양산시 동면 금산리 1421-13번지,48330,31027,0,1421,0013,1264100069260,,,,3,용도구역코드,UQQ310,제1종지구단위계획구역,1,0,,제1종지구단위계획구역,20221008
경상남도 양산시 동면 금산리 1421-15번지,48330,31027,0,1421,0015,1264100109478,,,,1,용도지역코드,UQA121,제1종일반주거지역,1,0,,제1종일반주거지역,20221008
경상남도 양산시 동면 금산리 1421-15번지,48330,31027,0,1421,0015,1264100109478,,,,3,용도구역코드,UOA120,상대보호구역,1,0,,상대보호구역,20221008
경상남도 양산시 동면 금산리 1421-15번지,48330,31027,0,1421,0015,1264100109478,,,,3,용도구역코드,UQQ310,제1종지구단위계획구역,0,0,,제1종지구단위계획구역,20221008
경상남도 양산시 동면 금산리 1421-16번지,48330,31027,0,1421,0016,1264100102436,,,,1,용도지역코드,UQA121,제1종일반주거지역,1,0,,제1종일반주거지역,20221008
경상남도 양산시 동면 금산리 1421-16번지,48330,31027,0,1421,0016,1264100102436,,,,3,용도구역코드,UQQ310,제1종지구단위계획구역,1,0,,제1종지구단위계획구역,20221008
경상남도 양산시 동면 금산리 1421-17번지,48330,31027,0,1421,0017,1264100097129,,,,1,용도지역코드,UQA121,제1종일반주거지역,1,0,,제1종일반주거지역,20221008
경상남도 양산시 동면 금산리 1421-17번지,48330,31027,0,1421,0017,1264100097129,,,,3,용도구역코드,UQQ310,제1종지구단위계획구역,1,0,,제1종지구단위계획구역,20221008
경상남도 양산시 동면 금산리 1421-17번지,48330,31027,0,1421,0017,1264100097129,,,,3,용도구역코드,UOA120,상대보호구역,0,0,,상대정화구역,20221008
경상남도 양산시 동면 금산리 1421-18번지,48330,31027,0,1421,0018,1264100050606,,,,1,용도지역코드,UQA121,제1종일반주거지역,1,0,,제1종일반주거지역,20221008
경상남도 양산시 동면 금산리 1421-18번지,48330,31027,0,1421,0018,1264100050606,,,,3,용도구역코드,UQQ310,제1종지구단위계획구역,1,0,,제1종지구단위계획구역,20221008
경상남도 양산시 동면 금산리 1421-18번지,48330,31027,0,1421,0018,1264100050606,,,,3,용도구역코드,UOA120,상대보호구역,0,0,,상대정화구역,20221008
경상남도 양산시 동면 금산리 1422-2번지,48330,31027,0,1422,0002,1264100075421,,,,1,용도지역코드,UQA121,제1종일반주거지역,1,0,,제1종일반주거지역,20221008
경상남도 양산시 동면 금산리 1422-2번지,48330,31027,0,1422,0002,1264100075421,,,,3,용도구역코드,UQQ310,제1종지구단위계획구역,1,0,,제1종지구단위계획구역,20221008
경상남도 양산시 동면 금산리 1422-2번지,48330,31027,0,1422,0002,1264100075421,,,,3,용도구역코드,UOA120,상대보호구역,0,0,,상대정화구역,20221008
경상남도 양산시 동면 금산리 1422-3번지,48330,31027,0,1422,0003,1264100051289,,,,1,용도지역코드,UQA121,제1종일반주거지역,1,0,,제1종일반주거지역,20221008
경상남도 양산시 동면 금산리 1422-3번지,48330,31027,0,1422,0003,1264100051289,,,,3,용도구역코드,UQQ310,제1종지구단위계획구역,1,0,,제1종지구단위계획구역,20221008
경상남도 양산시 동면 금산리 1422-3번지,48330,31027,0,1422,0003,1264100051289,,,,3,용도구역코드,UOA120,상대보호구역,0,0,,상대정화구역,20221008
경상남도 양산시 동면 금산리 1422-5번지,48330,31027,0,1422,0005,1264100039953,,,,1,용도지역코드,UQA121,제1종일반주거지역,1,0,,제1종일반주거지역,20221008
경상남도 양산시 동면 금산리 1422-5번지,48330,31027,0,1422,0005,1264100039953,,,,3,용도구역코드,UQQ310,제1종지구단위계획구역,1,0,,제1종지구단위계획구역,20221008
경상남도 양산시 동면 금산리 1422-5번지,48330,31027,0,1422,0005,1264100039953,,,,3,용도구역코드,UOA120,상대보호구역,0,0,,상대정화구역,20221008
경상남도 양산시 동면 금산리 1422-6번지,48330,31027,0,1422,0006,1264100113996,,,,3,용도구역코드,UOA120,상대보호구역,1,0,,상대보호구역,20221206
경상남도 양산시 동면 금산리 1422-6번지,48330,31027,0,1422,0006,1264100113996,,,,1,용도지역코드,UQA121,제1종일반주거지역,1,0,,제1종일반주거지역,20221206
경상남도 양산시 동면 금산리 1422-6번지,48330,31027,0,1422,0006,1264100113996,,,,3,용도구역코드,UQQ310,제1종지구단위계획구역,0,0,,제1종지구단위계획구역,20221206
경상남도 양산시 동면 금산리 1422-7번지,48330,31027,0,1422,0007,1264100052308,,,,1,용도지역코드,UQA121,제1종일반주거지역,1,0,,제1종일반주거지역,20221008
경상남도 양산시 동면 금산리 1422-7번지,48330,31027,0,1422,0007,1264100052308,,,,3,용도구역코드,UQQ310,제1종지구단위계획구역,1,0,,제1종지구단위계획구역,20221008
경상남도 양산시 동면 금산리 1422-8번지,48330,31027,0,1422,0008,1264100052052,,,,1,용도지역코드,UQA121,제1종일반주거지역,1,0,,제1종일반주거지역,20221008
경상남도 양산시 동면 금산리 1422-8번지,48330,31027,0,1422,0008,1264100052052,,,,3,용도구역코드,UQQ310,제1종지구단위계획구역,1,0,,제1종지구단위계획구역,20221008
경상남도 양산시 동면 금산리 1422-9번지,48330,31027,0,1422,0009,1264100052018,,,,1,용도지역코드,UQA121,제1종일반주거지역,1,0,,제1종일반주거지역,20221008
경상남도 양산시 동면 금산리 1422-9번지,48330,31027,0,1422,0009,1264100052018,,,,3,용도구역코드,UQQ310,제1종지구단위계획구역,1,0,,제1종지구단위계획구역,20221008
경상남도 양산시 동면 금산리 1422-10번지,48330,31027,0,1422,0010,1264100037652,,,,3,용도구역코드,UOA120,상대보호구역,1,0,,상대정화구역,20221008
경상남도 양산시 동면 금산리 1422-10번지,48330,31027,0,1422,0010,1264100037652,,,,1,용도지역코드,UQA121,제1종일반주거지역,1,0,,제1종일반주거지역,20221008
경상남도 양산시 동면 금산리 1422-11번지,48330,31027,0,1422,0011,1264100051647,,,,1,용도지역코드,UQA121,제1종일반주거지역,1,0,,제1종일반주거지역,20221008
경상남도 양산시 동면 금산리 1422-11번지,48330,31027,0,1422,0011,1264100051647,,,,3,용도구역코드,UQQ310,제1종지구단위계획구역,1,0,,제1종지구단위계획구역,20221008
경상남도 양산시 동면 금산리 1422-11번지,48330,31027,0,1422,0011,1264100051647,,,,3,용도구역코드,UOA120,상대보호구역,0,0,,상대정화구역,20221008
경상남도 양산시 동면 금산리 1422-12번지,48330,31027,0,1422,0012,1264100051648,,,,1,용도지역코드,UQA121,제1종일반주거지역,1,0,,제1종일반주거지역,20221008
경상남도 양산시 동면 금산리 1422-12번지,48330,31027,0,1422,0012,1264100051648,,,,3,용도구역코드,UQQ310,제1종지구단위계획구역,1,0,,제1종지구단위계획구역,20221008
경상남도 양산시 동면 금산리 1422-12번지,48330,31027,0,1422,0012,1264100051648,,,,3,용도구역코드,UOA120,상대보호구역,0,0,,상대정화구역,20221008
경상남도 양산시 동면 금산리 1422-13번지,48330,31027,0,1422,0013,1264100040136,,,,3,용도구역코드,UQQ310,제1종지구단위계획구역,1,0,,제1종지구단위계획구역,20221008
경상남도 양산시 동면 금산리 1422-13번지,48330,31027,0,1422,0013,1264100040136,,,,3,용도구역코드,UOA120,상대보호구역,0,0,,상대정화구역,20221008
경상남도 양산시 동면 금산리 1422-13번지,48330,31027,0,1422,0013,1264100040136,,,,1,용도지역코드,UQA121,제1종일반주거지역,1,0,,제1종일반주거지역,20221008
경상남도 양산시 동면 금산리 1422-14번지,48330,31027,0,1422,0014,1264100052313,,,,1,용도지역코드,UQA121,제1종일반주거지역,1,0,,제1종일반주거지역,20221008
경상남도 양산시 동면 금산리 1422-14번지,48330,31027,0,1422,0014,1264100052313,,,,3,용도구역코드,UQQ310,제1종지구단위계획구역,1,0,,제1종지구단위계획구역,20221008
경상남도 양산시 동면 금산리 1422-16번지,48330,31027,0,1422,0016,1264100036913,,,,1,용도지역코드,UQA121,제1종일반주거지역,1,0,,제1종일반주거지역,20221008
경상남도 양산시 동면 금산리 1422-16번지,48330,31027,0,1422,0016,1264100036913,,,,3,용도구역코드,UQQ310,제1종지구단위계획구역,1,0,,제1종지구단위계획구역,20221008
경상남도 양산시 동면 금산리 1422-17번지,48330,31027,0,1422,0017,1264100051457,,,,1,용도지역코드,UQA121,제1종일반주거지역,1,0,,제1종일반주거지역,20221008
경상남도 양산시 동면 금산리 1422-17번지,48330,31027,0,1422,0017,1264100051457,,,,3,용도구역코드,UQQ310,제1종지구단위계획구역,1,0,,제1종지구단위계획구역,20221008
경상남도 양산시 동면 금산리 1422-17번지,48330,31027,0,1422,0017,1264100051457,,,,3,용도구역코드,UOA120,상대보호구역,0,0,,상대정화구역,20221008
경상남도 양산시 동면 금산리 1422-18번지,48330,31027,0,1422,0018,1264100071141,,,,1,용도지역코드,UQA121,제1종일반주거지역,1,0,,제1종일반주거지역,20221008
경상남도 양산시 동면 금산리 1422-18번지,48330,31027,0,1422,0018,1264100071141,,,,3,용도구역코드,UQQ310,제1종지구단위계획구역,1,0,,제1종지구단위계획구역,20221008
경상남도 양산시 동면 금산리 1422-18번지,48330,31027,0,1422,0018,1264100071141,,,,3,용도구역코드,UOA120,상대보호구역,0,0,,상대정화구역,20221008
경상남도 양산시 동면 금산리 1422-18번지,48330,31027,0,1422,0018,1264100071141,,,,3,용도구역코드,UOA110,절대정화구역,0,0,,절대정화구역,20221008
경상남도 양산시 동면 금산리 1422-19번지,48330,31027,0,1422,0019,1264100039914,,,,1,용도지역코드,UQA121,제1종일반주거지역,1,0,,제1종일반주거지역,20221008
경상남도 양산시 동면 금산리 1422-19번지,48330,31027,0,1422,0019,1264100039914,,,,3,용도구역코드,UQQ310,제1종지구단위계획구역,1,0,,제1종지구단위계획구역,20221008
경상남도 양산시 동면 금산리 1422-20번지,48330,31027,0,1422,0020,1264100038412,,,,1,용도지역코드,UQA121,제1종일반주거지역,1,0,,제1종일반주거지역,20221008
경상남도 양산시 동면 금산리 1422-20번지,48330,31027,0,1422,0020,1264100038412,,,,3,용도구역코드,UQQ310,제1종지구단위계획구역,1,0,,제1종지구단위계획구역,20221008
경상남도 양산시 동면 금산리 1422-20번지,48330,31027,0,1422,0020,1264100038412,,,,3,용도구역코드,UOA120,상대보호구역,0,0,,상대정화구역,20221008
경상남도 양산시 동면 금산리 1422-20번지,48330,31027,0,1422,0020,1264100038412,,,,3,용도구역코드,UOA110,절대정화구역,0,0,,절대정화구역,20221008
경상남도 양산시 동면 금산리 1423-1번지,48330,31027,0,1423,0001,1264100048665,,,,1,용도지역코드,UQA121,제1종일반주거지역,1,0,,제1종일반주거지역,20221008
경상남도 양산시 동면 금산리 1423-1번지,48330,31027,0,1423,0001,1264100048665,,,,3,용도구역코드,UQQ310,제1종지구단위계획구역,1,0,,제1종지구단위계획구역,20221008
경상남도 양산시 동면 금산리 1423-1번지,48330,31027,0,1423,0001,1264100048665,,,,3,용도구역코드,UOA120,상대보호구역,0,0,,상대정화구역,20221008
경상남도 양산시 동면 금산리 1423-2번지,48330,31027,0,1423,0002,1264100091703,,,,1,용도지역코드,UQA121,제1종일반주거지역,1,0,,제1종일반주거지역,20221008
경상남도 양산시 동면 금산리 1423-2번지,48330,31027,0,1423,0002,1264100091703,,,,3,용도구역코드,UQQ310,제1종지구단위계획구역,1,0,,제1종지구단위계획구역,20221008
경상남도 양산시 동면 금산리 1423-2번지,48330,31027,0,1423,0002,1264100091703,,,,3,용도구역코드,UOA120,상대보호구역,0,0,,상대정화구역,20221008
경상남도 양산시 동면 금산리 1423-3번지,48330,31027,0,1423,0003,1264100052176,,,,1,용도지역코드,UQA121,제1종일반주거지역,1,0,,제1종일반주거지역,20221008
경상남도 양산시 동면 금산리 1423-3번지,48330,31027,0,1423,0003,1264100052176,,,,3,용도구역코드,UQQ310,제1종지구단위계획구역,1,0,,제1종지구단위계획구역,20221008
경상남도 양산시 동면 금산리 1423-4번지,48330,31027,0,1423,0004,1264100048229,,,,1,용도지역코드,UQA121,제1종일반주거지역,1,0,,제1종일반주거지역,20221008
경상남도 양산시 동면 금산리 1423-4번지,48330,31027,0,1423,0004,1264100048229,,,,3,용도구역코드,UQQ310,제1종지구단위계획구역,1,0,,제1종지구단위계획구역,20221008
경상남도 양산시 동면 금산리 1423-4번지,48330,31027,0,1423,0004,1264100048229,,,,3,용도구역코드,UOA120,상대보호구역,0,0,,상대정화구역,20221008
경상남도 양산시 동면 금산리 1423-5번지,48330,31027,0,1423,0005,1264100094106,,,,1,용도지역코드,UQA121,제1종일반주거지역,1,0,,제1종일반주거지역,20221008
경상남도 양산시 동면 금산리 1423-5번지,48330,31027,0,1423,0005,1264100094106,,,,3,용도구역코드,UQQ310,제1종지구단위계획구역,1,0,,제1종지구단위계획구역,20221008
경상남도 양산시 동면 금산리 1423-6번지,48330,31027,0,1423,0006,1264100076559,,,,1,용도지역코드,UQA121,제1종일반주거지역,1,0,,제1종일반주거지역,20221008
경상남도 양산시 동면 금산리 1423-6번지,48330,31027,0,1423,0006,1264100076559,,,,3,용도구역코드,UQQ310,제1종지구단위계획구역,1,0,,제1종지구단위계획구역,20221008
경상남도 양산시 동면 금산리 1423-7번지,48330,31027,0,1423,0007,1264100087366,,,,3,용도구역코드,UQQ310,제1종지구단위계획구역,1,0,,제1종지구단위계획구역,20221008
경상남도 양산시 동면 금산리 1423-7번지,48330,31027,0,1423,0007,1264100087366,,,,3,용도구역코드,UOA120,상대보호구역,0,0,,상대정화구역,20221008
경상남도 양산시 동면 금산리 1423-7번지,48330,31027,0,1423,0007,1264100087366,,,,1,용도지역코드,UQA121,제1종일반주거지역,1,0,,제1종일반주거지역,20221008
경상남도 양산시 동면 금산리 1423-8번지,48330,31027,0,1423,0008,1264100115778,,,,1,용도지역코드,UQA121,제1종일반주거지역,1,0,,제1종일반주거지역,20221008
경상남도 양산시 동면 금산리 1423-8번지,48330,31027,0,1423,0008,1264100115778,,,,3,용도구역코드,UOA120,상대보호구역,1,0,,상대보호구역,20221008
경상남도 양산시 동면 금산리 1423-8번지,48330,31027,0,1423,0008,1264100115778,,,,3,용도구역코드,UQQ310,제1종지구단위계획구역,0,0,,제1종지구단위계획구역,20221008
경상남도 양산시 동면 금산리 1423-9번지,48330,31027,0,1423,0009,1264100052392,,,,1,용도지역코드,UQA121,제1종일반주거지역,1,0,,제1종일반주거지역,20221008
경상남도 양산시 동면 금산리 1423-9번지,48330,31027,0,1423,0009,1264100052392,,,,3,용도구역코드,UQQ310,제1종지구단위계획구역,1,0,,제1종지구단위계획구역,20221008
경상남도 양산시 동면 금산리 1423-10번지,48330,31027,0,1423,0010,1264100052343,,,,1,용도지역코드,UQA121,제1종일반주거지역,1,0,,제1종일반주거지역,20221008
경상남도 양산시 동면 금산리 1423-10번지,48330,31027,0,1423,0010,1264100052343,,,,3,용도구역코드,UQQ310,제1종지구단위계획구역,1,0,,제1종지구단위계획구역,20221008
경상남도 양산시 동면 금산리 1423-10번지,48330,31027,0,1423,0010,1264100052343,,,,3,용도구역코드,UOA120,상대보호구역,0,0,,상대정화구역,20221008
경상남도 양산시 동면 금산리 1423-11번지,48330,31027,0,1423,0011,1264100039995,,,,1,용도지역코드,UQA121,제1종일반주거지역,1,0,,제1종일반주거지역,20221008
경상남도 양산시 동면 금산리 1423-11번지,48330,31027,0,1423,0011,1264100039995,,,,3,용도구역코드,UQQ310,제1종지구단위계획구역,1,0,,제1종지구단위계획구역,20221008
경상남도 양산시 동면 금산리 1423-11번지,48330,31027,0,1423,0011,1264100039995,,,,3,용도구역코드,UOA120,상대보호구역,0,0,,상대정화구역,20221008
경상남도 양산시 동면 금산리 1423-12번지,48330,31027,0,1423,0012,1264100040131,,,,1,용도지역코드,UQA121,제1종일반주거지역,1,0,,제1종일반주거지역,20221008
경상남도 양산시 동면 금산리 1423-12번지,48330,31027,0,1423,0012,1264100040131,,,,3,용도구역코드,UQQ310,제1종지구단위계획구역,1,0,,제1종지구단위계획구역,20221008
경상남도 양산시 동면 금산리 1423-12번지,48330,31027,0,1423,0012,1264100040131,,,,3,용도구역코드,UOA120,상대보호구역,0,0,,상대정화구역,20221008
경상남도 양산시 동면 금산리 1423-13번지,48330,31027,0,1423,0013,1264100046786,,,,1,용도지역코드,UQA121,제1종일반주거지역,1,0,,제1종일반주거지역,20221008
경상남도 양산시 동면 금산리 1423-13번지,48330,31027,0,1423,0013,1264100046786,,,,3,용도구역코드,UQQ310,제1종지구단위계획구역,1,0,,제1종지구단위계획구역,20221008
경상남도 양산시 동면 금산리 1423-13번지,48330,31027,0,1423,0013,1264100046786,,,,3,용도구역코드,UOA120,상대보호구역,0,0,,상대정화구역,20221008
경상남도 양산시 동면 금산리 1424-2번지,48330,31027,0,1424,0002,1264100089066,,,,1,용도지역코드,UQA121,제1종일반주거지역,1,0,,제1종일반주거지역,20221008
경상남도 양산시 동면 금산리 1424-2번지,48330,31027,0,1424,0002,1264100089066,,,,3,용도구역코드,UQQ310,제1종지구단위계획구역,1,0,,제1종지구단위계획구역,20221008
경상남도 양산시 동면 금산리 1424-2번지,48330,31027,0,1424,0002,1264100089066,,,,3,용도구역코드,UOA120,상대보호구역,0,0,,상대정화구역,20221008
경상남도 양산시 동면 금산리 1424-5번지,48330,31027,0,1424,0005,1264100101934,,,,3,용도구역코드,UQQ310,제1종지구단위계획구역,1,0,,제1종지구단위계획구역,20221008
경상남도 양산시 동면 금산리 1424-5번지,48330,31027,0,1424,0005,1264100101934,,,,3,용도구역코드,UOA120,상대보호구역,0,0,,상대정화구역,20221008
경상남도 양산시 동면 금산리 1424-5번지,48330,31027,0,1424,0005,1264100101934,,,,1,용도지역코드,UQA121,제1종일반주거지역,1,0,,제1종일반주거지역,20221008
경상남도 양산시 동면 금산리 1424-5번지,48330,31027,0,1424,0005,1264100111159,,,,1,용도지역코드,UQA121,제1종일반주거지역,1,0,,제1종일반주거지역,20221008
경상남도 양산시 동면 금산리 1424-5번지,48330,31027,0,1424,0005,1264100111159,,,,3,용도구역코드,UOA120,상대보호구역,1,0,,상대보호구역,20221008
경상남도 양산시 동면 금산리 1424-5번지,48330,31027,0,1424,0005,1264100111159,,,,3,용도구역코드,UQQ310,제1종지구단위계획구역,0,0,,제1종지구단위계획구역,20221008
경상남도 양산시 동면 금산리 1424-8번지,48330,31027,0,1424,0008,1264100081902,,,,1,용도지역코드,UQA121,제1종일반주거지역,1,0,,제1종일반주거지역,20221008
경상남도 양산시 동면 금산리 1424-8번지,48330,31027,0,1424,0008,1264100081902,,,,3,용도구역코드,UQQ310,제1종지구단위계획구역,1,0,,제1종지구단위계획구역,20221008
경상남도 양산시 동면 금산리 1424-8번지,48330,31027,0,1424,0008,1264100081902,,,,3,용도구역코드,UOA120,상대보호구역,0,0,,상대정화구역,20221008
경상남도 양산시 동면 금산리 1424-11번지,48330,31027,0,1424,0011,1264100039993,,,,1,용도지역코드,UQA121,제1종일반주거지역,1,0,,제1종일반주거지역,20221008
경상남도 양산시 동면 금산리 1424-11번지,48330,31027,0,1424,0011,1264100039993,,,,3,용도구역코드,UQQ310,제1종지구단위계획구역,1,0,,제1종지구단위계획구역,20221008
경상남도 양산시 동면 금산리 1424-11번지,48330,31027,0,1424,0011,1264100039993,,,,3,용도구역코드,UOA120,상대보호구역,0,0,,상대정화구역,20221008
경상남도 양산시 동면 금산리 1424-11번지,48330,31027,0,1424,0011,1264100081580,,,,1,용도지역코드,UQA121,제1종일반주거지역,1,0,,제1종일반주거지역,20221008
경상남도 양산시 동면 금산리 1424-11번지,48330,31027,0,1424,0011,1264100081580,,,,3,용도구역코드,UQQ310,제1종지구단위계획구역,1,0,,제1종지구단위계획구역,20221008
경상남도 양산시 동면 금산리 1424-13번지,48330,31027,0,1424,0013,1264100091263,,,,1,용도지역코드,UQA121,제1종일반주거지역,1,0,,제1종일반주거지역,20221008
경상남도 양산시 동면 금산리 1424-13번지,48330,31027,0,1424,0013,1264100091263,,,,3,용도구역코드,UQQ310,제1종지구단위계획구역,1,0,,제1종지구단위계획구역,20221008
경상남도 양산시 동면 금산리 1424-13번지,48330,31027,0,1424,0013,1264100091263,,,,3,용도구역코드,UOA120,상대보호구역,0,0,,상대정화구역,20221008
경상남도 양산시 동면 금산리 1424-14번지,48330,31027,0,1424,0014,1264100095029,,,,1,용도지역코드,UQA121,제1종일반주거지역,1,0,,제1종일반주거지역,20221008
경상남도 양산시 동면 금산리 1424-14번지,48330,31027,0,1424,0014,1264100095029,,,,3,용도구역코드,UQQ310,제1종지구단위계획구역,1,0,,제1종지구단위계획구역,20221008
경상남도 양산시 동면 금산리 1424-14번지,48330,31027,0,1424,0014,1264100095029,,,,3,용도구역코드,UOA120,상대보호구역,0,0,,상대정화구역,20221008
경상남도 양산시 동면 금산리 1425-1번지,48330,31027,0,1425,0001,1264100041906,,,,1,용도지역코드,UQA121,제1종일반주거지역,1,0,,제1종일반주거지역,20221008
경상남도 양산시 동면 금산리 1425-1번지,48330,31027,0,1425,0001,1264100041906,,,,3,용도구역코드,UQQ310,제1종지구단위계획구역,1,0,,제1종지구단위계획구역,20221008
경상남도 양산시 동면 금산리 1425-1번지,48330,31027,0,1425,0001,1264100041906,,,,3,용도구역코드,UOA120,상대보호구역,0,0,,상대정화구역,20221008
경상남도 양산시 동면 금산리 1425-2번지,48330,31027,0,1425,0002,1264100009732,,,,1,용도지역코드,1021,제1종일반주거지역,1,0,,제1종일반주거지역,20221008
경상남도 양산시 동면 금산리 1425-2번지,48330,31027,0,1425,0002,1264100009732,,,,3,용도구역코드,301,제1종지구단위계획구역,1,0,,제1종지구단위계획구역,20221008
경상남도 양산시 동면 금산리 1425-4번지,48330,31027,0,1425,0004,1264100088846,,,,1,용도지역코드,UQA121,제1종일반주거지역,1,0,,제1종일반주거지역,20221008
경상남도 양산시 동면 금산리 1425-4번지,48330,31027,0,1425,0004,1264100088846,,,,3,용도구역코드,UQQ310,제1종지구단위계획구역,1,0,,제1종지구단위계획구역,20221008
경상남도 양산시 동면 금산리 1425-4번지,48330,31027,0,1425,0004,1264100088846,,,,3,용도구역코드,UOA120,상대보호구역,0,0,,상대정화구역,20221008
경상남도 양산시 동면 금산리 1425-6번지,48330,31027,0,1425,0006,1264100051613,,,,1,용도지역코드,UQA121,제1종일반주거지역,1,0,,제1종일반주거지역,20221008
경상남도 양산시 동면 금산리 1425-6번지,48330,31027,0,1425,0006,1264100051613,,,,3,용도구역코드,UQQ310,제1종지구단위계획구역,1,0,,제1종지구단위계획구역,20221008
경상남도 양산시 동면 금산리 1425-7번지,48330,31027,0,1425,0007,1264100064039,,,,1,용도지역코드,UQA121,제1종일반주거지역,1,0,,제1종일반주거지역,20221008
경상남도 양산시 동면 금산리 1425-7번지,48330,31027,0,1425,0007,1264100064039,,,,3,용도구역코드,UQQ310,제1종지구단위계획구역,1,0,,제1종지구단위계획구역,20221008
경상남도 양산시 동면 금산리 1425-7번지,48330,31027,0,1425,0007,1264100064039,,,,3,용도구역코드,UOA120,상대보호구역,0,0,,상대정화구역,20221008
경상남도 양산시 동면 금산리 1425-8번지,48330,31027,0,1425,0008,1264100052209,,,,3,용도구역코드,UOA120,상대보호구역,0,0,,상대정화구역,20221008
경상남도 양산시 동면 금산리 1425-8번지,48330,31027,0,1425,0008,1264100052209,,,,1,용도지역코드,UQA121,제1종일반주거지역,1,0,,제1종일반주거지역,20221008
경상남도 양산시 동면 금산리 1425-8번지,48330,31027,0,1425,0008,1264100052209,,,,3,용도구역코드,UQQ310,제1종지구단위계획구역,1,0,,제1종지구단위계획구역,20221008
경상남도 양산시 동면 금산리 1425-9번지,48330,31027,0,1425,0009,1264100049506,,,,1,용도지역코드,UQA121,제1종일반주거지역,1,0,,제1종일반주거지역,20221008
경상남도 양산시 동면 금산리 1425-9번지,48330,31027,0,1425,0009,1264100049506,,,,3,용도구역코드,UQQ310,제1종지구단위계획구역,1,0,,제1종지구단위계획구역,20221008
경상남도 양산시 동면 금산리 1425-10번지,48330,31027,0,1425,0010,1264100048669,,,,1,용도지역코드,UQA121,제1종일반주거지역,1,0,,제1종일반주거지역,20221008
경상남도 양산시 동면 금산리 1425-11번지,48330,31027,0,1425,0011,1264100052323,,,,1,용도지역코드,UQA121,제1종일반주거지역,1,0,,제1종일반주거지역,20221008
경상남도 양산시 동면 금산리 1425-11번지,48330,31027,0,1425,0011,1264100052323,,,,3,용도구역코드,UQQ310,제1종지구단위계획구역,1,0,,제1종지구단위계획구역,20221008
경상남도 양산시 동면 금산리 1425-11번지,48330,31027,0,1425,0011,1264100052323,,,,3,용도구역코드,UOA120,상대보호구역,0,0,,상대정화구역,20221008
경상남도 양산시 동면 금산리 1425-12번지,48330,31027,0,1425,0012,1264100091264,,,,1,용도지역코드,UQA121,제1종일반주거지역,1,0,,제1종일반주거지역,20221008
경상남도 양산시 동면 금산리 1425-12번지,48330,31027,0,1425,0012,1264100091264,,,,3,용도구역코드,UQQ310,제1종지구단위계획구역,1,0,,제1종지구단위계획구역,20221008
경상남도 양산시 동면 금산리 1425-12번지,48330,31027,0,1425,0012,1264100091264,,,,3,용도구역코드,UOA120,상대보호구역,0,0,,상대정화구역,20221008
경상남도 양산시 동면 금산리 1425-14번지,48330,31027,0,1425,0014,1264100052349,,,,1,용도지역코드,UQA121,제1종일반주거지역,1,0,,제1종일반주거지역,20221008
경상남도 양산시 동면 금산리 1425-14번지,48330,31027,0,1425,0014,1264100052349,,,,3,용도구역코드,UQQ310,제1종지구단위계획구역,1,0,,제1종지구단위계획구역,20221008
경상남도 양산시 동면 금산리 1426-1번지,48330,31027,0,1426,0001,1264100052304,,,,1,용도지역코드,UQA121,제1종일반주거지역,1,0,,제1종일반주거지역,20221008
경상남도 양산시 동면 금산리 1426-1번지,48330,31027,0,1426,0001,1264100052304,,,,3,용도구역코드,UQQ310,제1종지구단위계획구역,1,0,,제1종지구단위계획구역,20221008
경상남도 양산시 동면 금산리 1426-1번지,48330,31027,0,1426,0001,1264100052304,,,,3,용도구역코드,UOA110,절대정화구역,0,0,,절대정화구역,20221008
경상남도 양산시 동면 금산리 1426-3번지,48330,31027,0,1426,0003,1264100075639,,,,1,용도지역코드,UQA121,제1종일반주거지역,1,0,,제1종일반주거지역,20221008
경상남도 양산시 동면 금산리 1426-3번지,48330,31027,0,1426,0003,1264100075639,,,,3,용도구역코드,UQQ310,제1종지구단위계획구역,1,0,,제1종지구단위계획구역,20221008
경상남도 양산시 동면 금산리 1426-4번지,48330,31027,0,1426,0004,1264100115607,,,,1,용도지역코드,UQA121,제1종일반주거지역,1,0,,제1종일반주거지역,20231102
경상남도 양산시 동면 금산리 1426-4번지,48330,31027,0,1426,0004,1264100115607,,,,3,용도구역코드,UOA110,절대정화구역,1,0,,절대보호구역,20231102
경상남도 양산시 동면 금산리 1426-4번지,48330,31027,0,1426,0004,1264100115607,,,,3,용도구역코드,UQQ310,제1종지구단위계획구역,0,0,,제1종지구단위계획구역,20231102
경상남도 양산시 동면 금산리 1426-5번지,48330,31027,0,1426,0005,1264100098874,,,,1,용도지역코드,UQA121,제1종일반주거지역,1,0,,제1종일반주거지역,20221008
경상남도 양산시 동면 금산리 1426-5번지,48330,31027,0,1426,0005,1264100098874,,,,3,용도구역코드,UQQ310,제1종지구단위계획구역,1,0,,제1종지구단위계획구역,20221008
경상남도 양산시 동면 금산리 1426-7번지,48330,31027,0,1426,0007,1264100052332,,,,1,용도지역코드,UQA121,제1종일반주거지역,1,0,,제1종일반주거지역,20221008
경상남도 양산시 동면 금산리 1426-7번지,48330,31027,0,1426,0007,1264100052332,,,,3,용도구역코드,UQQ310,제1종지구단위계획구역,1,0,,제1종지구단위계획구역,20221008
경상남도 양산시 동면 금산리 1426-7번지,48330,31027,0,1426,0007,1264100052332,,,,3,용도구역코드,UOA110,절대정화구역,0,0,,절대정화구역,20221008
경상남도 양산시 동면 금산리 1426-8번지,48330,31027,0,1426,0008,1264100075003,,,,1,용도지역코드,UQA121,제1종일반주거지역,1,0,,제1종일반주거지역,20221008
경상남도 양산시 동면 금산리 1426-8번지,48330,31027,0,1426,0008,1264100075003,,,,3,용도구역코드,UQQ310,제1종지구단위계획구역,1,0,,제1종지구단위계획구역,20221008
경상남도 양산시 동면 금산리 1426-8번지,48330,31027,0,1426,0008,1264100075003,,,,3,용도구역코드,UOA110,절대정화구역,0,0,,절대정화구역,20221008
경상남도 양산시 동면 금산리 1426-9번지,48330,31027,0,1426,0009,1264100083908,,,,1,용도지역코드,UQA121,제1종일반주거지역,1,0,,제1종일반주거지역,20221008
경상남도 양산시 동면 금산리 1426-9번지,48330,31027,0,1426,0009,1264100083908,,,,3,용도구역코드,UQQ310,제1종지구단위계획구역,1,0,,제1종지구단위계획구역,20221008
경상남도 양산시 동면 금산리 1426-10번지,48330,31027,0,1426,0010,1264100077279,,,,1,용도지역코드,UQA121,제1종일반주거지역,1,0,,제1종일반주거지역,20221008
경상남도 양산시 동면 금산리 1426-10번지,48330,31027,0,1426,0010,1264100077279,,,,3,용도구역코드,UQQ310,제1종지구단위계획구역,1,0,,제1종지구단위계획구역,20221008
경상남도 양산시 동면 금산리 1426-10번지,48330,31027,0,1426,0010,1264100077279,,,,3,용도구역코드,UOA110,절대정화구역,0,0,,절대정화구역,20221008
경상남도 양산시 동면 금산리 1426-11번지,48330,31027,0,1426,0011,1264100034352,,,,3,용도구역코드,UQQ310,제1종지구단위계획구역,1,0,,제1종지구단위계획구역,20221008
경상남도 양산시 동면 금산리 1426-11번지,48330,31027,0,1426,0011,1264100034352,,,,3,용도구역코드,UOA110,절대정화구역,0,0,,절대정화구역,20221008
경상남도 양산시 동면 금산리 1426-11번지,48330,31027,0,1426,0011,1264100034352,,,,1,용도지역코드,UQA121,제1종일반주거지역,1,0,,제1종일반주거지역,20221008
경상남도 양산시 동면 금산리 1426-12번지,48330,31027,0,1426,0012,1264100053614,,,,1,용도지역코드,UQA121,제1종일반주거지역,1,0,,제1종일반주거지역,20221008
경상남도 양산시 동면 금산리 1426-12번지,48330,31027,0,1426,0012,1264100053614,,,,3,용도구역코드,UQQ310,제1종지구단위계획구역,1,0,,제1종지구단위계획구역,20221008
경상남도 양산시 동면 금산리 1426-12번지,48330,31027,0,1426,0012,1264100053614,,,,3,용도구역코드,UOA110,절대정화구역,0,0,,절대정화구역,20221008
경상남도 양산시 동면 금산리 1426-13번지,48330,31027,0,1426,0013,1264100080280,,,,3,용도구역코드,UQQ310,제1종지구단위계획구역,1,0,,제1종지구단위계획구역,20221008
경상남도 양산시 동면 금산리 1426-13번지,48330,31027,0,1426,0013,1264100080280,,,,3,용도구역코드,UOA110,절대정화구역,0,0,,절대정화구역,20221008
경상남도 양산시 동면 금산리 1426-13번지,48330,31027,0,1426,0013,1264100080280,,,,1,용도지역코드,UQA121,제1종일반주거지역,1,0,,제1종일반주거지역,20221008
경상남도 양산시 동면 금산리 1427-3번지,48330,31027,0,1427,0003,1264100052341,,,,1,용도지역코드,UQA121,제1종일반주거지역,1,0,,제1종일반주거지역,20221008
경상남도 양산시 동면 금산리 1427-3번지,48330,31027,0,1427,0003,1264100052341,,,,3,용도구역코드,UQQ310,제1종지구단위계획구역,1,0,,제1종지구단위계획구역,20221008
경상남도 양산시 동면 금산리 1427-3번지,48330,31027,0,1427,0003,1264100052341,,,,3,용도구역코드,UOA120,상대보호구역,0,0,,상대정화구역,20221008
경상남도 양산시 동면 금산리 1427-4번지,48330,31027,0,1427,0004,1264100051089,,,,1,용도지역코드,UQA121,제1종일반주거지역,1,0,,제1종일반주거지역,20221008
경상남도 양산시 동면 금산리 1427-4번지,48330,31027,0,1427,0004,1264100051089,,,,3,용도구역코드,UQQ310,제1종지구단위계획구역,1,0,,제1종지구단위계획구역,20221008
경상남도 양산시 동면 금산리 1427-4번지,48330,31027,0,1427,0004,1264100051089,,,,3,용도구역코드,UOA120,상대보호구역,0,0,,상대정화구역,20221008
경상남도 양산시 동면 금산리 1427-5번지,48330,31027,0,1427,0005,1264100052180,,,,1,용도지역코드,UQA121,제1종일반주거지역,1,0,,제1종일반주거지역,20221008
경상남도 양산시 동면 금산리 1427-5번지,48330,31027,0,1427,0005,1264100052180,,,,3,용도구역코드,UQQ310,제1종지구단위계획구역,1,0,,제1종지구단위계획구역,20221008
경상남도 양산시 동면 금산리 1427-5번지,48330,31027,0,1427,0005,1264100052180,,,,3,용도구역코드,UOA120,상대보호구역,0,0,,상대정화구역,20221008
경상남도 양산시 동면 금산리 1427-7번지,48330,31027,0,1427,0007,1264100051301,,,,1,용도지역코드,UQA121,제1종일반주거지역,1,0,,제1종일반주거지역,20221008
경상남도 양산시 동면 금산리 1427-7번지,48330,31027,0,1427,0007,1264100051301,,,,3,용도구역코드,UQQ310,제1종지구단위계획구역,1,0,,제1종지구단위계획구역,20221008
경상남도 양산시 동면 금산리 1427-7번지,48330,31027,0,1427,0007,1264100051301,,,,3,용도구역코드,UOA120,상대보호구역,0,0,,상대정화구역,20221008
경상남도 양산시 동면 금산리 1427-8번지,48330,31027,0,1427,0008,1264100031799,,,,1,용도지역코드,UQA121,제1종일반주거지역,1,0,,제1종일반주거지역,20221008
경상남도 양산시 동면 금산리 1427-8번지,48330,31027,0,1427,0008,1264100031799,,,,3,용도구역코드,UQQ310,제1종지구단위계획구역,1,0,,제1종지구단위계획구역,20221008
경상남도 양산시 동면 금산리 1428-1번지,48330,31027,0,1428,0001,1000000000000000558340,,,,3,용도구역코드,UMZ100,가축사육제한구역,0,0,,가축사육제한구역,20240912
경상남도 양산시 동면 금산리 1428-1번지,48330,31027,0,1428,0001,1000000000000000558340,,,,1,용도지역코드,UQA121,제1종일반주거지역,1,0,,제1종일반주거지역,20240912
경상남도 양산시 동면 금산리 1428-1번지,48330,31027,0,1428,0001,1000000000000000558340,,,,3,용도구역코드,UOA120,상대보호구역,0,0,,상대보호구역,20240912
경상남도 양산시 동면 금산리 1428-1번지,48330,31027,0,1428,0001,1000000000000000558340,,,,3,용도구역코드,UQQ310,제1종지구단위계획구역,1,0,,제1종지구단위계획구역,20240912
경상남도 양산시 동면 금산리 1428-1번지,48330,31027,0,1428,0001,1264100051656,,,,1,용도지역코드,UQA121,제1종일반주거지역,1,0,,제1종일반주거지역,20221008
경상남도 양산시 동면 금산리 1428-1번지,48330,31027,0,1428,0001,1264100051656,,,,3,용도구역코드,UOA120,상대보호구역,,,,상대정화구역,20221008
경상남도 양산시 동면 금산리 1428-1번지,48330,31027,0,1428,0001,1264100051656,,,,3,용도구역코드,UQQ310,제1종지구단위계획구역,1,0,,제1종지구단위계획구역,20221008
경상남도 양산시 동면 금산리 1428-2번지,48330,31027,0,1428,0002,1264100095348,,,,1,용도지역코드,UQA121,제1종일반주거지역,1,0,,제1종일반주거지역,20221008
경상남도 양산시 동면 금산리 1428-2번지,48330,31027,0,1428,0002,1264100095348,,,,3,용도구역코드,UQQ310,제1종지구단위계획구역,1,0,,제1종지구단위계획구역,20221008
경상남도 양산시 동면 금산리 1428-2번지,48330,31027,0,1428,0002,1264100095348,,,,3,용도구역코드,UOA120,상대보호구역,0,0,,상대정화구역,20221008
경상남도 양산시 동면 금산리 1428-2번지,48330,31027,0,1428,0002,1264100039854,,,,1,용도지역코드,UQA121,제1종일반주거지역,1,0,,제1종일반주거지역,20221008
경상남도 양산시 동면 금산리 1428-2번지,48330,31027,0,1428,0002,1264100039854,,,,3,용도구역코드,UQQ310,제1종지구단위계획구역,1,0,,제1종지구단위계획구역,20221008
경상남도 양산시 동면 금산리 1428-2번지,48330,31027,0,1428,0002,1264100039854,,,,3,용도구역코드,UOA120,상대보호구역,0,0,,상대정화구역,20221008
경상남도 양산시 동면 금산리 1428-3번지,48330,31027,0,1428,0003,1264100039992,,,,1,용도지역코드,UQA121,제1종일반주거지역,1,0,,제1종일반주거지역,20221008
경상남도 양산시 동면 금산리 1428-3번지,48330,31027,0,1428,0003,1264100039992,,,,3,용도구역코드,UQQ310,제1종지구단위계획구역,1,0,,제1종지구단위계획구역,20221008
경상남도 양산시 동면 금산리 1428-3번지,48330,31027,0,1428,0003,1264100099233,,,,1,용도지역코드,UQA121,제1종일반주거지역,1,0,,제1종일반주거지역,20221008
경상남도 양산시 동면 금산리 1428-3번지,48330,31027,0,1428,0003,1264100099233,,,,3,용도구역코드,UQQ310,제1종지구단위계획구역,1,0,,제1종지구단위계획구역,20221008
경상남도 양산시 동면 금산리 1428-3번지,48330,31027,0,1428,0003,1264100099233,,,,3,용도구역코드,UOA120,상대보호구역,0,0,,상대정화구역,20221008
경상남도 양산시 동면 금산리 1428-4번지,48330,31027,0,1428,0004,1264100051886,,,,1,용도지역코드,UQA121,제1종일반주거지역,1,0,,제1종일반주거지역,20221008
경상남도 양산시 동면 금산리 1428-4번지,48330,31027,0,1428,0004,1264100051886,,,,3,용도구역코드,UOA120,상대보호구역,1,0,,상대보호구역,20221008
경상남도 양산시 동면 금산리 1428-4번지,48330,31027,0,1428,0004,1264100051886,,,,3,용도구역코드,UQQ310,제1종지구단위계획구역,0,0,,제1종지구단위계획구역,20221008
경상남도 양산시 동면 금산리 1428-5번지,48330,31027,0,1428,0005,1264100076783,,,,1,용도지역코드,UQA121,제1종일반주거지역,1,0,,제1종일반주거지역,20221008
경상남도 양산시 동면 금산리 1428-5번지,48330,31027,0,1428,0005,1264100076783,,,,3,용도구역코드,UQQ310,제1종지구단위계획구역,1,0,,제1종지구단위계획구역,20221008
경상남도 양산시 동면 금산리 1428-5번지,48330,31027,0,1428,0005,1264100076783,,,,3,용도구역코드,UOA120,상대보호구역,0,0,,상대정화구역,20221008
경상남도 양산시 동면 금산리 1428-6번지,48330,31027,0,1428,0006,1264100115137,,,,1,용도지역코드,UQA121,제1종일반주거지역,1,0,,제1종일반주거지역,20221008
경상남도 양산시 동면 금산리 1428-6번지,48330,31027,0,1428,0006,1264100115137,,,,3,용도구역코드,UOA120,상대보호구역,1,0,,상대보호구역,20221008
경상남도 양산시 동면 금산리 1428-6번지,48330,31027,0,1428,0006,1264100115137,,,,3,용도구역코드,UQQ310,제1종지구단위계획구역,0,0,,제1종지구단위계획구역,20221008
경상남도 양산시 동면 금산리 1428-7번지,48330,31027,0,1428,0007,1264100087021,,,,1,용도지역코드,UQA121,제1종일반주거지역,1,0,,제1종일반주거지역,20221008
경상남도 양산시 동면 금산리 1428-7번지,48330,31027,0,1428,0007,1264100087021,,,,3,용도구역코드,UQQ310,제1종지구단위계획구역,1,0,,제1종지구단위계획구역,20221008
경상남도 양산시 동면 금산리 1428-8번지,48330,31027,0,1428,0008,1264100081484,,,,1,용도지역코드,UQA121,제1종일반주거지역,1,0,,제1종일반주거지역,20221008
경상남도 양산시 동면 금산리 1428-8번지,48330,31027,0,1428,0008,1264100081484,,,,3,용도구역코드,UQQ310,제1종지구단위계획구역,1,0,,제1종지구단위계획구역,20221008
경상남도 양산시 동면 금산리 1428-8번지,48330,31027,0,1428,0008,1264100033226,,,,1,용도지역코드,UQA121,제1종일반주거지역,1,0,,제1종일반주거지역,20221008
경상남도 양산시 동면 금산리 1428-8번지,48330,31027,0,1428,0008,1264100033226,,,,3,용도구역코드,UQQ310,제1종지구단위계획구역,1,0,,제1종지구단위계획구역,20221008
경상남도 양산시 동면 금산리 1428-9번지,48330,31027,0,1428,0009,1264100075424,,,,1,용도지역코드,UQA121,제1종일반주거지역,1,0,,제1종일반주거지역,20221008
경상남도 양산시 동면 금산리 1428-9번지,48330,31027,0,1428,0009,1264100075424,,,,3,용도구역코드,UQQ310,제1종지구단위계획구역,1,0,,제1종지구단위계획구역,20221008
경상남도 양산시 동면 금산리 1428-10번지,48330,31027,0,1428,0010,1264100052329,,,,1,용도지역코드,UQA121,제1종일반주거지역,1,0,,제1종일반주거지역,20221008
경상남도 양산시 동면 금산리 1428-10번지,48330,31027,0,1428,0010,1264100052329,,,,3,용도구역코드,UQQ310,제1종지구단위계획구역,1,0,,제1종지구단위계획구역,20221008
경상남도 양산시 동면 금산리 1428-10번지,48330,31027,0,1428,0010,1264100052329,,,,3,용도구역코드,UOA120,상대보호구역,0,0,,상대정화구역,20221008
경상남도 양산시 동면 금산리 1429-1번지,48330,31027,0,1429,0001,1264100050125,,,,1,용도지역코드,UQA121,제1종일반주거지역,1,0,,제1종일반주거지역,20221008
경상남도 양산시 동면 금산리 1429-1번지,48330,31027,0,1429,0001,1264100050125,,,,3,용도구역코드,UQQ310,제1종지구단위계획구역,1,0,,제1종지구단위계획구역,20221008
경상남도 양산시 동면 금산리 1429-1번지,48330,31027,0,1429,0001,1264100050125,,,,3,용도구역코드,UOA120,상대보호구역,0,0,,상대정화구역,20221008
경상남도 양산시 동면 금산리 1429-2번지,48330,31027,0,1429,0002,1264100046526,,,,1,용도지역코드,UQA121,제1종일반주거지역,1,0,,제1종일반주거지역,20221008
경상남도 양산시 동면 금산리 1429-2번지,48330,31027,0,1429,0002,1264100046526,,,,3,용도구역코드,UQQ310,제1종지구단위계획구역,1,0,,제1종지구단위계획구역,20221008
경상남도 양산시 동면 금산리 1429-2번지,48330,31027,0,1429,0002,1264100046526,,,,3,용도구역코드,UOA120,상대보호구역,0,0,,상대정화구역,20221008
경상남도 양산시 동면 금산리 1429-3번지,48330,31027,0,1429,0003,1264100032076,,,,1,용도지역코드,UQA121,제1종일반주거지역,1,0,,제1종일반주거지역,20221008
경상남도 양산시 동면 금산리 1429-3번지,48330,31027,0,1429,0003,1264100032076,,,,3,용도구역코드,UQQ310,제1종지구단위계획구역,1,0,,제1종지구단위계획구역,20221008
경상남도 양산시 동면 금산리 1429-3번지,48330,31027,0,1429,0003,1264100032076,,,,3,용도구역코드,UOA120,상대보호구역,0,0,,상대정화구역,20221008
경상남도 양산시 동면 금산리 1429-4번지,48330,31027,0,1429,0004,1264100101414,,,,1,용도지역코드,UQA121,제1종일반주거지역,1,0,,제1종일반주거지역,20221008
경상남도 양산시 동면 금산리 1429-4번지,48330,31027,0,1429,0004,1264100101414,,,,3,용도구역코드,UOA120,상대보호구역,1,0,,상대보호구역,20221008
경상남도 양산시 동면 금산리 1429-4번지,48330,31027,0,1429,0004,1264100101414,,,,3,용도구역코드,UQQ310,제1종지구단위계획구역,0,0,,제1종지구단위계획구역,20221008
경상남도 양산시 동면 금산리 1429-5번지,48330,31027,0,1429,0005,1264100051760,,,,1,용도지역코드,UQA121,제1종일반주거지역,1,0,,제1종일반주거지역,20221008
경상남도 양산시 동면 금산리 1429-5번지,48330,31027,0,1429,0005,1264100051760,,,,3,용도구역코드,UQQ310,제1종지구단위계획구역,1,0,,제1종지구단위계획구역,20221008
경상남도 양산시 동면 금산리 1429-8번지,48330,31027,0,1429,0008,1264100087741,,,,1,용도지역코드,UQA121,제1종일반주거지역,1,0,,제1종일반주거지역,20221008
경상남도 양산시 동면 금산리 1429-8번지,48330,31027,0,1429,0008,1264100087741,,,,3,용도구역코드,UQQ310,제1종지구단위계획구역,1,0,,제1종지구단위계획구역,20221008
경상남도 양산시 동면 금산리 1429-10번지,48330,31027,0,1429,0010,1264100095656,,,,1,용도지역코드,UQA121,제1종일반주거지역,1,0,,제1종일반주거지역,20221008
경상남도 양산시 동면 금산리 1429-10번지,48330,31027,0,1429,0010,1264100095656,,,,3,용도구역코드,UQQ310,제1종지구단위계획구역,1,0,,제1종지구단위계획구역,20221008
경상남도 양산시 동면 금산리 1429-10번지,48330,31027,0,1429,0010,1264100095656,,,,3,용도구역코드,UOA120,상대보호구역,0,0,,상대정화구역,20221008
경상남도 양산시 동면 금산리 1429-12번지,48330,31027,0,1429,0012,1264100051472,,,,1,용도지역코드,UQA121,제1종일반주거지역,1,0,,제1종일반주거지역,20221008
경상남도 양산시 동면 금산리 1429-12번지,48330,31027,0,1429,0012,1264100051472,,,,3,용도구역코드,UQQ310,제1종지구단위계획구역,1,0,,제1종지구단위계획구역,20221008
경상남도 양산시 동면 금산리 1430-1번지,48330,31027,0,1430,0001,1264100052225,,,,1,용도지역코드,UQA121,제1종일반주거지역,1,0,,제1종일반주거지역,20221008
경상남도 양산시 동면 금산리 1430-1번지,48330,31027,0,1430,0001,1264100052225,,,,3,용도구역코드,UQQ310,제1종지구단위계획구역,1,0,,제1종지구단위계획구역,20221008
경상남도 양산시 동면 금산리 1430-1번지,48330,31027,0,1430,0001,1264100052225,,,,3,용도구역코드,UOA120,상대보호구역,0,0,,상대정화구역,20221008
경상남도 양산시 동면 금산리 1430-5번지,48330,31027,0,1430,0005,1264100044927,,,,1,용도지역코드,UQA121,제1종일반주거지역,1,0,,제1종일반주거지역,20221008
경상남도 양산시 동면 금산리 1430-5번지,48330,31027,0,1430,0005,1264100044927,,,,3,용도구역코드,UQQ310,제1종지구단위계획구역,1,0,,제1종지구단위계획구역,20221008
경상남도 양산시 동면 금산리 1430-6번지,48330,31027,0,1430,0006,1264100055331,,,,1,용도지역코드,UQA121,제1종일반주거지역,1,0,,제1종일반주거지역,20221008
경상남도 양산시 동면 금산리 1430-6번지,48330,31027,0,1430,0006,1264100055331,,,,3,용도구역코드,UQQ310,제1종지구단위계획구역,1,0,,제1종지구단위계획구역,20221008
경상남도 양산시 동면 금산리 1430-6번지,48330,31027,0,1430,0006,1264100055331,,,,3,용도구역코드,UOA120,상대보호구역,0,0,,상대정화구역,20221008
경상남도 양산시 동면 금산리 1430-7번지,48330,31027,0,1430,0007,1264100052391,,,,1,용도지역코드,UQA121,제1종일반주거지역,1,0,,제1종일반주거지역,20221008
경상남도 양산시 동면 금산리 1430-7번지,48330,31027,0,1430,0007,1264100052391,,,,3,용도구역코드,UQQ310,제1종지구단위계획구역,1,0,,제1종지구단위계획구역,20221008
경상남도 양산시 동면 금산리 1430-8번지,48330,31027,0,1430,0008,1264100052122,,,,1,용도지역코드,UQA121,제1종일반주거지역,1,0,,제1종일반주거지역,20221008
경상남도 양산시 동면 금산리 1430-8번지,48330,31027,0,1430,0008,1264100052122,,,,3,용도구역코드,UQQ310,제1종지구단위계획구역,1,0,,제1종지구단위계획구역,20221008
경상남도 양산시 동면 금산리 1430-8번지,48330,31027,0,1430,0008,1264100052122,,,,3,용도구역코드,UOA120,상대보호구역,0,0,,상대정화구역,20221008
경상남도 양산시 동면 금산리 1430-10번지,48330,31027,0,1430,0010,1264100048506,,,,1,용도지역코드,UQA121,제1종일반주거지역,1,0,,제1종일반주거지역,20221008
경상남도 양산시 동면 금산리 1430-10번지,48330,31027,0,1430,0010,1264100048506,,,,3,용도구역코드,UQQ310,제1종지구단위계획구역,1,0,,제1종지구단위계획구역,20221008
경상남도 양산시 동면 금산리 1430-10번지,48330,31027,0,1430,0010,1264100048506,,,,3,용도구역코드,UOA120,상대보호구역,0,0,,상대정화구역,20221008
경상남도 양산시 동면 금산리 1430-12번지,48330,31027,0,1430,0012,1264100080283,,,,1,용도지역코드,UQA121,제1종일반주거지역,1,0,,제1종일반주거지역,20221008
경상남도 양산시 동면 금산리 1430-12번지,48330,31027,0,1430,0012,1264100080283,,,,3,용도구역코드,UQQ310,제1종지구단위계획구역,1,0,,제1종지구단위계획구역,20221008
경상남도 양산시 동면 금산리 1430-12번지,48330,31027,0,1430,0012,1264100080283,,,,3,용도구역코드,UOA120,상대보호구역,0,0,,상대정화구역,20221008
경상남도 양산시 동면 금산리 1430-14번지,48330,31027,0,1430,0014,1264100129061,,,,1,용도지역코드,UQA121,제1종일반주거지역,1,0,,제1종일반주거지역,20221008
경상남도 양산시 동면 금산리 1430-14번지,48330,31027,0,1430,0014,1264100129061,,,,3,용도구역코드,UOA120,상대보호구역,1,0,,상대보호구역,20221008
경상남도 양산시 동면 금산리 1430-14번지,48330,31027,0,1430,0014,1264100129061,,,,3,용도구역코드,UQQ310,제1종지구단위계획구역,0,0,,제1종지구단위계획구역,20221008
경상남도 양산시 동면 금산리 1432-1번지,48330,31027,0,1432,0001,1264100051657,,,,1,용도지역코드,UQA121,제1종일반주거지역,1,0,,제1종일반주거지역,20221008
경상남도 양산시 동면 금산리 1432-1번지,48330,31027,0,1432,0001,1264100051657,,,,3,용도구역코드,UQQ310,제1종지구단위계획구역,1,0,,제1종지구단위계획구역,20221008
경상남도 양산시 동면 금산리 1432-2번지,48330,31027,0,1432,0002,1264100078303,,,,1,용도지역코드,UQA121,제1종일반주거지역,1,0,,제1종일반주거지역,20221008
경상남도 양산시 동면 금산리 1432-2번지,48330,31027,0,1432,0002,1264100078303,,,,3,용도구역코드,UQQ310,제1종지구단위계획구역,1,0,,제1종지구단위계획구역,20221008
경상남도 양산시 동면 금산리 1432-4번지,48330,31027,0,1432,0004,1264100060156,,,,1,용도지역코드,UQA121,제1종일반주거지역,1,0,,제1종일반주거지역,20221008
경상남도 양산시 동면 금산리 1432-4번지,48330,31027,0,1432,0004,1264100060156,,,,3,용도구역코드,UQQ310,제1종지구단위계획구역,1,0,,제1종지구단위계획구역,20221008
경상남도 양산시 동면 금산리 1432-4번지,48330,31027,0,1432,0004,1264100060156,,,,3,용도구역코드,UOA120,상대보호구역,0,0,,상대정화구역,20221008
경상남도 양산시 동면 금산리 1432-5번지,48330,31027,0,1432,0005,1264100052319,,,,1,용도지역코드,UQA121,제1종일반주거지역,1,0,,제1종일반주거지역,20221008
경상남도 양산시 동면 금산리 1432-5번지,48330,31027,0,1432,0005,1264100052319,,,,3,용도구역코드,UQQ310,제1종지구단위계획구역,1,0,,제1종지구단위계획구역,20221008
경상남도 양산시 동면 금산리 1432-5번지,48330,31027,0,1432,0005,1264100052319,,,,3,용도구역코드,UOA120,상대보호구역,0,0,,상대정화구역,20221008
경상남도 양산시 동면 금산리 1432-6번지,48330,31027,0,1432,0006,1264100026594,,,,1,용도지역코드,UQA121,제1종일반주거지역,1,0,,제1종일반주거지역,20221008
경상남도 양산시 동면 금산리 1432-6번지,48330,31027,0,1432,0006,1264100026594,,,,3,용도구역코드,UQQ310,제1종지구단위계획구역,1,0,,제1종지구단위계획구역,20221008
경상남도 양산시 동면 금산리 1432-6번지,48330,31027,0,1432,0006,1264100026594,,,,3,용도구역코드,UOA120,상대보호구역,0,0,,상대정화구역,20221008
경상남도 양산시 동면 금산리 1432-8번지,48330,31027,0,1432,0008,1264100054429,,,,3,용도구역코드,UQQ310,제1종지구단위계획구역,1,0,,제1종지구단위계획구역,20221008
경상남도 양산시 동면 금산리 1432-8번지,48330,31027,0,1432,0008,1264100054429,,,,1,용도지역코드,UQA121,제1종일반주거지역,1,0,,제1종일반주거지역,20221008
경상남도 양산시 동면 금산리 1432-9번지,48330,31027,0,1432,0009,1264100028649,,,,1,용도지역코드,UQA121,제1종일반주거지역,1,0,,제1종일반주거지역,20221008
경상남도 양산시 동면 금산리 1432-9번지,48330,31027,0,1432,0009,1264100028649,,,,3,용도구역코드,UQQ310,제1종지구단위계획구역,1,0,,제1종지구단위계획구역,20221008
경상남도 양산시 동면 금산리 1432-9번지,48330,31027,0,1432,0009,1264100028649,,,,3,용도구역코드,UOA120,상대보호구역,0,0,,상대정화구역,20221008
경상남도 양산시 동면 금산리 1432-10번지,48330,31027,0,1432,0010,1264100091682,,,,1,용도지역코드,UQA121,제1종일반주거지역,1,0,,제1종일반주거지역,20221008
경상남도 양산시 동면 금산리 1432-10번지,48330,31027,0,1432,0010,1264100091682,,,,3,용도구역코드,UQQ310,제1종지구단위계획구역,1,0,,제1종지구단위계획구역,20221008
경상남도 양산시 동면 금산리 1432-10번지,48330,31027,0,1432,0010,1264100091682,,,,3,용도구역코드,UOA120,상대보호구역,0,0,,상대정화구역,20221008
경상남도 양산시 동면 금산리 1433-2번지,48330,31027,0,1433,0002,1264100052210,,,,1,용도지역코드,UQA121,제1종일반주거지역,1,0,,제1종일반주거지역,20221008
경상남도 양산시 동면 금산리 1433-2번지,48330,31027,0,1433,0002,1264100052210,,,,3,용도구역코드,UQQ310,제1종지구단위계획구역,1,0,,제1종지구단위계획구역,20221008
경상남도 양산시 동면 금산리 1433-3번지,48330,31027,0,1433,0003,1264100054433,,,,1,용도지역코드,UQA121,제1종일반주거지역,1,0,,제1종일반주거지역,20221008
경상남도 양산시 동면 금산리 1433-3번지,48330,31027,0,1433,0003,1264100054433,,,,3,용도구역코드,UQQ310,제1종지구단위계획구역,1,0,,제1종지구단위계획구역,20221008
경상남도 양산시 동면 금산리 1433-4번지,48330,31027,0,1433,0004,1264100111476,,,,1,용도지역코드,UQA121,제1종일반주거지역,1,0,,제1종일반주거지역,20221008
경상남도 양산시 동면 금산리 1433-4번지,48330,31027,0,1433,0004,1264100111476,,,,3,용도구역코드,UOA120,상대보호구역,1,0,,상대보호구역,20221008
경상남도 양산시 동면 금산리 1433-4번지,48330,31027,0,1433,0004,1264100111476,,,,3,용도구역코드,UQQ310,제1종지구단위계획구역,0,0,,제1종지구단위계획구역,20221008
경상남도 양산시 동면 금산리 1433-4번지,48330,31027,0,1433,0004,1264100094325,,,,1,용도지역코드,UQA121,제1종일반주거지역,1,0,,제1종일반주거지역,20221008
경상남도 양산시 동면 금산리 1433-4번지,48330,31027,0,1433,0004,1264100094325,,,,3,용도구역코드,UQQ310,제1종지구단위계획구역,1,0,,제1종지구단위계획구역,20221008
경상남도 양산시 동면 금산리 1433-5번지,48330,31027,0,1433,0005,1264100043827,,,,1,용도지역코드,UQA121,제1종일반주거지역,1,0,,제1종일반주거지역,20221008
경상남도 양산시 동면 금산리 1433-5번지,48330,31027,0,1433,0005,1264100043827,,,,3,용도구역코드,UQQ310,제1종지구단위계획구역,1,0,,제1종지구단위계획구역,20221008
경상남도 양산시 동면 금산리 1433-5번지,48330,31027,0,1433,0005,1264100043827,,,,3,용도구역코드,UOA120,상대보호구역,0,0,,상대정화구역,20221008
경상남도 양산시 동면 금산리 1433-6번지,48330,31027,0,1433,0006,1264100052118,,,,1,용도지역코드,UQA121,제1종일반주거지역,1,0,,제1종일반주거지역,20221008
경상남도 양산시 동면 금산리 1433-6번지,48330,31027,0,1433,0006,1264100052118,,,,3,용도구역코드,UQQ310,제1종지구단위계획구역,1,0,,제1종지구단위계획구역,20221008
경상남도 양산시 동면 금산리 1433-6번지,48330,31027,0,1433,0006,1264100052118,,,,3,용도구역코드,UOA120,상대보호구역,0,0,,상대정화구역,20221008
경상남도 양산시 동면 금산리 1433-7번지,48330,31027,0,1433,0007,1264100036792,,,,1,용도지역코드,UQA121,제1종일반주거지역,1,0,,제1종일반주거지역,20221008
경상남도 양산시 동면 금산리 1433-7번지,48330,31027,0,1433,0007,1264100080525,,,,1,용도지역코드,UQA121,제1종일반주거지역,1,0,,제1종일반주거지역,20221008
경상남도 양산시 동면 금산리 1433-7번지,48330,31027,0,1433,0007,1264100080525,,,,3,용도구역코드,UQQ310,제1종지구단위계획구역,1,0,,제1종지구단위계획구역,20221008
경상남도 양산시 동면 금산리 1433-8번지,48330,31027,0,1433,0008,1264100051371,,,,1,용도지역코드,UQA121,제1종일반주거지역,1,0,,제1종일반주거지역,20221008
경상남도 양산시 동면 금산리 1433-8번지,48330,31027,0,1433,0008,1264100051371,,,,3,용도구역코드,UQQ310,제1종지구단위계획구역,1,0,,제1종지구단위계획구역,20221008
경상남도 양산시 동면 금산리 1433-9번지,48330,31027,0,1433,0009,1264100052321,,,,1,용도지역코드,UQA121,제1종일반주거지역,1,0,,제1종일반주거지역,20221008
경상남도 양산시 동면 금산리 1433-9번지,48330,31027,0,1433,0009,1264100052321,,,,3,용도구역코드,UOA120,상대보호구역,,,,상대정화구역,20221008
경상남도 양산시 동면 금산리 1433-9번지,48330,31027,0,1433,0009,1264100052321,,,,3,용도구역코드,UQQ310,제1종지구단위계획구역,1,0,,제1종지구단위계획구역,20221008
경상남도 양산시 동면 금산리 1433-10번지,48330,31027,0,1433,0010,1264100114939,,,,1,용도지역코드,UQA121,제1종일반주거지역,1,0,,제1종일반주거지역,20221008
경상남도 양산시 동면 금산리 1433-10번지,48330,31027,0,1433,0010,1264100114939,,,,3,용도구역코드,UOA120,상대보호구역,1,0,,상대보호구역,20221008
경상남도 양산시 동면 금산리 1433-10번지,48330,31027,0,1433,0010,1264100114939,,,,3,용도구역코드,UQQ310,제1종지구단위계획구역,0,0,,제1종지구단위계획구역,20221008
경상남도 양산시 동면 금산리 1434-1번지,48330,31027,0,1434,0001,1264100045387,,,,1,용도지역코드,UQA121,제1종일반주거지역,1,0,,제1종일반주거지역,20221008
경상남도 양산시 동면 금산리 1434-1번지,48330,31027,0,1434,0001,1264100045387,,,,3,용도구역코드,UQQ310,제1종지구단위계획구역,1,0,,제1종지구단위계획구역,20221008
경상남도 양산시 동면 금산리 1434-1번지,48330,31027,0,1434,0001,1264100045387,,,,3,용도구역코드,UOA120,상대보호구역,0,0,,상대정화구역,20221008
경상남도 양산시 동면 금산리 1434-2번지,48330,31027,0,1434,0002,1264100051655,,,,1,용도지역코드,UQA121,제1종일반주거지역,1,0,,제1종일반주거지역,20221008
경상남도 양산시 동면 금산리 1434-2번지,48330,31027,0,1434,0002,1264100051655,,,,3,용도구역코드,UQQ310,제1종지구단위계획구역,1,0,,제1종지구단위계획구역,20221008
경상남도 양산시 동면 금산리 1434-2번지,48330,31027,0,1434,0002,1264100051655,,,,3,용도구역코드,UOA120,상대보호구역,0,0,,상대정화구역,20221008
경상남도 양산시 동면 금산리 1434-3번지,48330,31027,0,1434,0003,1264100051937,,,,1,용도지역코드,UQA121,제1종일반주거지역,1,0,,제1종일반주거지역,20221008
경상남도 양산시 동면 금산리 1434-3번지,48330,31027,0,1434,0003,1264100051937,,,,3,용도구역코드,UQQ310,제1종지구단위계획구역,1,0,,제1종지구단위계획구역,20221008
경상남도 양산시 동면 금산리 1434-3번지,48330,31027,0,1434,0003,1264100051937,,,,3,용도구역코드,UOA120,상대보호구역,0,0,,상대정화구역,20221008
경상남도 양산시 동면 금산리 1434-4번지,48330,31027,0,1434,0004,1264100030199,,,,1,용도지역코드,UQA121,제1종일반주거지역,1,0,,제1종일반주거지역,20221008
경상남도 양산시 동면 금산리 1434-4번지,48330,31027,0,1434,0004,1264100030199,,,,3,용도구역코드,UQQ310,제1종지구단위계획구역,0,0,,제1종지구단위계획구역,20221008
경상남도 양산시 동면 금산리 1434-4번지,48330,31027,0,1434,0004,1264100030199,,,,3,용도구역코드,UOA120,상대보호구역,0,0,,상대정화구역,20221008
경상남도 양산시 동면 금산리 1434-5번지,48330,31027,0,1434,0005,1264100043203,,,,1,용도지역코드,UQA121,제1종일반주거지역,1,0,,제1종일반주거지역,20221008
경상남도 양산시 동면 금산리 1434-5번지,48330,31027,0,1434,0005,1264100043203,,,,3,용도구역코드,UQQ310,제1종지구단위계획구역,1,0,,제1종지구단위계획구역,20221008
경상남도 양산시 동면 금산리 1434-5번지,48330,31027,0,1434,0005,1264100043203,,,,3,용도구역코드,UOA120,상대보호구역,0,0,,상대정화구역,20221008
경상남도 양산시 동면 금산리 1434-6번지,48330,31027,0,1434,0006,1264100049750,,,,1,용도지역코드,UQA121,제1종일반주거지역,1,0,,제1종일반주거지역,20221008
경상남도 양산시 동면 금산리 1434-6번지,48330,31027,0,1434,0006,1264100049750,,,,3,용도구역코드,UQQ310,제1종지구단위계획구역,1,0,,제1종지구단위계획구역,20221008
경상남도 양산시 동면 금산리 1434-6번지,48330,31027,0,1434,0006,1264100049750,,,,3,용도구역코드,UOA120,상대보호구역,0,0,,상대정화구역,20221008
경상남도 양산시 동면 금산리 1434-7번지,48330,31027,0,1434,0007,1264100045933,,,,1,용도지역코드,UQA121,제1종일반주거지역,1,0,,제1종일반주거지역,20221008
경상남도 양산시 동면 금산리 1434-7번지,48330,31027,0,1434,0007,1264100045933,,,,3,용도구역코드,UQQ310,제1종지구단위계획구역,1,0,,제1종지구단위계획구역,20221008
경상남도 양산시 동면 금산리 1434-8번지,48330,31027,0,1434,0008,1264100051473,,,,1,용도지역코드,UQA121,제1종일반주거지역,1,0,,제1종일반주거지역,20221008
경상남도 양산시 동면 금산리 1434-8번지,48330,31027,0,1434,0008,1264100051473,,,,3,용도구역코드,UQQ310,제1종지구단위계획구역,1,0,,제1종지구단위계획구역,20221008
경상남도 양산시 동면 금산리 1434-9번지,48330,31027,0,1434,0009,1264100067222,,,,1,용도지역코드,UQA121,제1종일반주거지역,1,0,,제1종일반주거지역,20221008
경상남도 양산시 동면 금산리 1434-9번지,48330,31027,0,1434,0009,1264100067222,,,,3,용도구역코드,UQQ310,제1종지구단위계획구역,1,0,,제1종지구단위계획구역,20221008
경상남도 양산시 동면 금산리 1434-9번지,48330,31027,0,1434,0009,1264100067222,,,,3,용도구역코드,UOA120,상대보호구역,0,0,,상대정화구역,20221008
경상남도 양산시 동면 금산리 1434-10번지,48330,31027,0,1434,0010,1264100096172,,,,1,용도지역코드,UQA121,제1종일반주거지역,1,0,,제1종일반주거지역,20221008
경상남도 양산시 동면 금산리 1434-10번지,48330,31027,0,1434,0010,1264100096172,,,,3,용도구역코드,UQQ310,제1종지구단위계획구역,1,0,,제1종지구단위계획구역,20221008
경상남도 양산시 동면 금산리 1434-10번지,48330,31027,0,1434,0010,1264100096172,,,,3,용도구역코드,UOA120,상대보호구역,0,0,,상대정화구역,20221008
경상남도 양산시 동면 금산리 1434-11번지,48330,31027,0,1434,0011,1264100050829,,,,1,용도지역코드,UQA121,제1종일반주거지역,1,0,,제1종일반주거지역,20221008
경상남도 양산시 동면 금산리 1434-11번지,48330,31027,0,1434,0011,1264100050829,,,,3,용도구역코드,UQQ310,제1종지구단위계획구역,1,0,,제1종지구단위계획구역,20221008
경상남도 양산시 동면 금산리 1434-11번지,48330,31027,0,1434,0011,1264100050829,,,,3,용도구역코드,UOA120,상대보호구역,0,0,,상대정화구역,20221008
경상남도 양산시 동면 금산리 1434-12번지,48330,31027,0,1434,0012,1264100040033,,,,3,용도구역코드,UQQ310,제1종지구단위계획구역,1,0,,제1종지구단위계획구역,20221008
경상남도 양산시 동면 금산리 1434-12번지,48330,31027,0,1434,0012,1264100040033,,,,3,용도구역코드,UOA120,상대보호구역,0,0,,상대정화구역,20221008
경상남도 양산시 동면 금산리 1434-12번지,48330,31027,0,1434,0012,1264100040033,,,,1,용도지역코드,UQA121,제1종일반주거지역,1,0,,제1종일반주거지역,20221008
경상남도 양산시 동면 금산리 1434-13번지,48330,31027,0,1434,0013,1264100051340,,,,1,용도지역코드,UQA121,제1종일반주거지역,1,0,,제1종일반주거지역,20221008
경상남도 양산시 동면 금산리 1434-13번지,48330,31027,0,1434,0013,1264100051340,,,,3,용도구역코드,UQQ310,제1종지구단위계획구역,1,0,,제1종지구단위계획구역,20221008
경상남도 양산시 동면 금산리 1434-15번지,48330,31027,0,1434,0015,1264100066399,,,,1,용도지역코드,UQA121,제1종일반주거지역,1,0,,제1종일반주거지역,20221008
경상남도 양산시 동면 금산리 1434-15번지,48330,31027,0,1434,0015,1264100066399,,,,3,용도구역코드,UQQ310,제1종지구단위계획구역,1,0,,제1종지구단위계획구역,20221008
경상남도 양산시 동면 금산리 1434-15번지,48330,31027,0,1434,0015,1264100066399,,,,3,용도구역코드,UOA120,상대보호구역,0,0,,상대정화구역,20221008
경상남도 양산시 동면 금산리 1434-17번지,48330,31027,0,1434,0017,1264100095347,,,,1,용도지역코드,UQA121,제1종일반주거지역,1,0,,제1종일반주거지역,20221008
경상남도 양산시 동면 금산리 1434-17번지,48330,31027,0,1434,0017,1264100095347,,,,3,용도구역코드,UQQ310,제1종지구단위계획구역,1,0,,제1종지구단위계획구역,20221008
경상남도 양산시 동면 금산리 1434-18번지,48330,31027,0,1434,0018,1264100089001,,,,3,용도구역코드,UOA120,상대보호구역,0,0,,상대정화구역,20221008
경상남도 양산시 동면 금산리 1434-18번지,48330,31027,0,1434,0018,1264100089001,,,,1,용도지역코드,UQA121,제1종일반주거지역,1,0,,제1종일반주거지역,20221008
경상남도 양산시 동면 금산리 1434-18번지,48330,31027,0,1434,0018,1264100089001,,,,3,용도구역코드,UQQ310,제1종지구단위계획구역,1,0,,제1종지구단위계획구역,20221008
경상남도 양산시 동면 금산리 1435-3번지,48330,31027,0,1435,0003,1264100092064,,,,1,용도지역코드,UQA121,제1종일반주거지역,1,0,,제1종일반주거지역,20221008
경상남도 양산시 동면 금산리 1435-3번지,48330,31027,0,1435,0003,1264100092064,,,,3,용도구역코드,UQQ310,제1종지구단위계획구역,1,0,,제1종지구단위계획구역,20221008
경상남도 양산시 동면 금산리 1435-3번지,48330,31027,0,1435,0003,1264100092064,,,,3,용도구역코드,UOA120,상대보호구역,0,0,,상대정화구역,20221008
경상남도 양산시 동면 금산리 1435-4번지,48330,31027,0,1435,0004,1264100091967,,,,1,용도지역코드,UQA121,제1종일반주거지역,1,0,,제1종일반주거지역,20221008
경상남도 양산시 동면 금산리 1435-4번지,48330,31027,0,1435,0004,1264100091967,,,,3,용도구역코드,UQQ310,제1종지구단위계획구역,1,0,,제1종지구단위계획구역,20221008
경상남도 양산시 동면 금산리 1435-4번지,48330,31027,0,1435,0004,1264100091967,,,,3,용도구역코드,UOA120,상대보호구역,0,0,,상대정화구역,20221008
경상남도 양산시 동면 금산리 1435-5번지,48330,31027,0,1435,0005,1264100116039,,,,1,용도지역코드,UQA121,제1종일반주거지역,1,0,,제1종일반주거지역,20221008
경상남도 양산시 동면 금산리 1435-5번지,48330,31027,0,1435,0005,1264100116039,,,,3,용도구역코드,UQQ310,제1종지구단위계획구역,1,0,,제1종지구단위계획구역,20221008
경상남도 양산시 동면 금산리 1435-7번지,48330,31027,0,1435,0007,1264100052322,,,,1,용도지역코드,UQA121,제1종일반주거지역,1,0,,제1종일반주거지역,20221008
경상남도 양산시 동면 금산리 1435-7번지,48330,31027,0,1435,0007,1264100052322,,,,3,용도구역코드,UQQ310,제1종지구단위계획구역,1,0,,제1종지구단위계획구역,20221008
경상남도 양산시 동면 금산리 1435-7번지,48330,31027,0,1435,0007,1264100052322,,,,3,용도구역코드,UOA120,상대보호구역,0,0,,상대정화구역,20221008
경상남도 양산시 동면 금산리 1435-8번지,48330,31027,0,1435,0008,1264100052345,,,,1,용도지역코드,UQA121,제1종일반주거지역,1,0,,제1종일반주거지역,20221008
경상남도 양산시 동면 금산리 1435-8번지,48330,31027,0,1435,0008,1264100052345,,,,3,용도구역코드,UQQ310,제1종지구단위계획구역,1,0,,제1종지구단위계획구역,20221008
경상남도 양산시 동면 금산리 1435-8번지,48330,31027,0,1435,0008,1264100052345,,,,3,용도구역코드,UOA120,상대보호구역,0,0,,상대정화구역,20221008
경상남도 양산시 동면 금산리 1435-9번지,48330,31027,0,1435,0009,1264100091571,,,,1,용도지역코드,UQA121,제1종일반주거지역,1,0,,제1종일반주거지역,20221008
경상남도 양산시 동면 금산리 1435-9번지,48330,31027,0,1435,0009,1264100091571,,,,3,용도구역코드,UQQ310,제1종지구단위계획구역,1,0,,제1종지구단위계획구역,20221008
경상남도 양산시 동면 금산리 1435-9번지,48330,31027,0,1435,0009,1264100091571,,,,3,용도구역코드,UOA120,상대보호구역,0,0,,상대정화구역,20221008
경상남도 양산시 동면 금산리 1435-10번지,48330,31027,0,1435,0010,1264100052223,,,,3,용도구역코드,UQQ310,제1종지구단위계획구역,1,0,,제1종지구단위계획구역,20221008
경상남도 양산시 동면 금산리 1435-10번지,48330,31027,0,1435,0010,1264100052223,,,,3,용도구역코드,UOA120,상대보호구역,0,0,,상대정화구역,20221008
경상남도 양산시 동면 금산리 1435-10번지,48330,31027,0,1435,0010,1264100052223,,,,1,용도지역코드,UQA121,제1종일반주거지역,1,0,,제1종일반주거지역,20221008
경상남도 양산시 동면 금산리 1435-11번지,48330,31027,0,1435,0011,1264100041745,,,,1,용도지역코드,UQA121,제1종일반주거지역,1,0,,제1종일반주거지역,20221008
경상남도 양산시 동면 금산리 1435-11번지,48330,31027,0,1435,0011,1264100041745,,,,3,용도구역코드,UQQ310,제1종지구단위계획구역,1,0,,제1종지구단위계획구역,20221008
경상남도 양산시 동면 금산리 1435-12번지,48330,31027,0,1435,0012,1264100058774,,,,1,용도지역코드,UQA121,제1종일반주거지역,1,0,,제1종일반주거지역,20221008
경상남도 양산시 동면 금산리 1435-12번지,48330,31027,0,1435,0012,1264100058774,,,,3,용도구역코드,UQQ310,제1종지구단위계획구역,1,0,,제1종지구단위계획구역,20221008
경상남도 양산시 동면 금산리 1435-13번지,48330,31027,0,1435,0013,1264100056248,,,,1,용도지역코드,UQA121,제1종일반주거지역,1,0,,제1종일반주거지역,20221008
경상남도 양산시 동면 금산리 1435-13번지,48330,31027,0,1435,0013,1264100056248,,,,3,용도구역코드,UQQ310,제1종지구단위계획구역,1,0,,제1종지구단위계획구역,20221008
경상남도 양산시 동면 금산리 1435-13번지,48330,31027,0,1435,0013,1264100056248,,,,3,용도구역코드,UOA120,상대보호구역,0,0,,상대정화구역,20221008
경상남도 양산시 동면 금산리 1435-14번지,48330,31027,0,1435,0014,1264100077064,,,,1,용도지역코드,UQA121,제1종일반주거지역,1,0,,제1종일반주거지역,20221008
경상남도 양산시 동면 금산리 1435-14번지,48330,31027,0,1435,0014,1264100077064,,,,3,용도구역코드,UQQ310,제1종지구단위계획구역,1,0,,제1종지구단위계획구역,20221008
경상남도 양산시 동면 금산리 1435-14번지,48330,31027,0,1435,0014,1264100077064,,,,3,용도구역코드,UOA120,상대보호구역,0,0,,상대정화구역,20221008
경상남도 양산시 동면 금산리 1435-15번지,48330,31027,0,1435,0015,1264100029651,,,,1,용도지역코드,UQA121,제1종일반주거지역,1,0,,제1종일반주거지역,20221008
경상남도 양산시 동면 금산리 1435-15번지,48330,31027,0,1435,0015,1264100029651,,,,3,용도구역코드,UQQ310,제1종지구단위계획구역,1,0,,제1종지구단위계획구역,20221008
경상남도 양산시 동면 금산리 1435-17번지,48330,31027,0,1435,0017,1264100084442,,,,1,용도지역코드,UQA121,제1종일반주거지역,1,0,,제1종일반주거지역,20221008
경상남도 양산시 동면 금산리 1435-17번지,48330,31027,0,1435,0017,1264100084442,,,,3,용도구역코드,UQQ310,제1종지구단위계획구역,1,0,,제1종지구단위계획구역,20221008
경상남도 양산시 동면 금산리 1435-18번지,48330,31027,0,1435,0018,1264100052320,,,,1,용도지역코드,UQA121,제1종일반주거지역,1,0,,제1종일반주거지역,20221008
경상남도 양산시 동면 금산리 1435-18번지,48330,31027,0,1435,0018,1264100052320,,,,3,용도구역코드,UQQ310,제1종지구단위계획구역,1,0,,제1종지구단위계획구역,20221008
경상남도 양산시 동면 금산리 1435-18번지,48330,31027,0,1435,0018,1264100052320,,,,3,용도구역코드,UOA120,상대보호구역,0,0,,상대정화구역,20221008
경상남도 양산시 동면 금산리 1436-1번지,48330,31027,0,1436,0001,1264100037275,,,,1,용도지역코드,UQA121,제1종일반주거지역,1,0,,제1종일반주거지역,20221008
경상남도 양산시 동면 금산리 1436-1번지,48330,31027,0,1436,0001,1264100037275,,,,3,용도구역코드,UQQ310,제1종지구단위계획구역,1,0,,제1종지구단위계획구역,20221008
경상남도 양산시 동면 금산리 1436-2번지,48330,31027,0,1436,0002,1264100049225,,,,1,용도지역코드,UQA121,제1종일반주거지역,1,0,,제1종일반주거지역,20221008
경상남도 양산시 동면 금산리 1436-2번지,48330,31027,0,1436,0002,1264100049225,,,,3,용도구역코드,UQQ310,제1종지구단위계획구역,1,0,,제1종지구단위계획구역,20221008
경상남도 양산시 동면 금산리 1436-2번지,48330,31027,0,1436,0002,1264100049225,,,,3,용도구역코드,UOA120,상대보호구역,0,0,,상대정화구역,20221008
경상남도 양산시 동면 금산리 1436-3번지,48330,31027,0,1436,0003,1264100081984,,,,1,용도지역코드,UQA121,제1종일반주거지역,1,0,,제1종일반주거지역,20221008
경상남도 양산시 동면 금산리 1436-3번지,48330,31027,0,1436,0003,1264100081984,,,,3,용도구역코드,UQQ310,제1종지구단위계획구역,1,0,,제1종지구단위계획구역,20221008
경상남도 양산시 동면 금산리 1436-3번지,48330,31027,0,1436,0003,1264100081984,,,,3,용도구역코드,UOA120,상대보호구역,0,0,,상대정화구역,20221008
경상남도 양산시 동면 금산리 1436-4번지,48330,31027,0,1436,0004,1264100090206,,,,3,용도구역코드,UQQ310,제1종지구단위계획구역,1,0,,제1종지구단위계획구역,20221008
경상남도 양산시 동면 금산리 1436-4번지,48330,31027,0,1436,0004,1264100090206,,,,1,용도지역코드,UQA121,제1종일반주거지역,1,0,,제1종일반주거지역,20221008
경상남도 양산시 동면 금산리 1436-5번지,48330,31027,0,1436,0005,1264100113236,,,,3,용도구역코드,UQQ310,제1종지구단위계획구역,1,0,,제1종지구단위계획구역,20221008
경상남도 양산시 동면 금산리 1436-5번지,48330,31027,0,1436,0005,1264100113236,,,,1,용도지역코드,UQA121,제1종일반주거지역,1,0,,제1종일반주거지역,20221008
경상남도 양산시 동면 금산리 1436-6번지,48330,31027,0,1436,0006,1264100015874,,,,1,용도지역코드,1021,제1종일반주거지역,1,0,,제1종일반주거지역,20221008
경상남도 양산시 동면 금산리 1436-6번지,48330,31027,0,1436,0006,1264100015874,,,,3,용도구역코드,301,제1종지구단위계획구역,1,0,,제1종지구단위계획구역,20221008
경상남도 양산시 동면 금산리 1436-7번지,48330,31027,0,1436,0007,1264100051876,,,,1,용도지역코드,UQA121,제1종일반주거지역,1,0,,제1종일반주거지역,20221008
경상남도 양산시 동면 금산리 1436-7번지,48330,31027,0,1436,0007,1264100051876,,,,3,용도구역코드,UQQ310,제1종지구단위계획구역,1,0,,제1종지구단위계획구역,20221008
경상남도 양산시 동면 금산리 1436-8번지,48330,31027,0,1436,0008,1264100095107,,,,1,용도지역코드,UQA121,제1종일반주거지역,1,0,,제1종일반주거지역,20221008
경상남도 양산시 동면 금산리 1436-8번지,48330,31027,0,1436,0008,1264100095107,,,,3,용도구역코드,UQQ310,제1종지구단위계획구역,1,0,,제1종지구단위계획구역,20221008
경상남도 양산시 동면 금산리 1436-8번지,48330,31027,0,1436,0008,1264100095107,,,,3,용도구역코드,UOA120,상대보호구역,0,0,,상대정화구역,20221008
경상남도 양산시 동면 금산리 1436-9번지,48330,31027,0,1436,0009,1264100028709,,,,1,용도지역코드,UQA121,제1종일반주거지역,1,0,,제1종일반주거지역,20221008
경상남도 양산시 동면 금산리 1436-9번지,48330,31027,0,1436,0009,1264100028709,,,,3,용도구역코드,UQQ310,제1종지구단위계획구역,1,0,,제1종지구단위계획구역,20221008
경상남도 양산시 동면 금산리 1436-11번지,48330,31027,0,1436,0011,1264100085087,,,,1,용도지역코드,UQA121,제1종일반주거지역,1,0,,제1종일반주거지역,20221008
경상남도 양산시 동면 금산리 1436-11번지,48330,31027,0,1436,0011,1264100085087,,,,3,용도구역코드,UQQ310,제1종지구단위계획구역,1,0,,제1종지구단위계획구역,20221008
경상남도 양산시 동면 금산리 1436-12번지,48330,31027,0,1436,0012,1264100092067,,,,1,용도지역코드,UQA121,제1종일반주거지역,1,0,,제1종일반주거지역,20221008
경상남도 양산시 동면 금산리 1436-12번지,48330,31027,0,1436,0012,1264100092067,,,,3,용도구역코드,UQQ310,제1종지구단위계획구역,1,0,,제1종지구단위계획구역,20221008
경상남도 양산시 동면 금산리 1436-12번지,48330,31027,0,1436,0012,1264100092067,,,,3,용도구역코드,UOA120,상대보호구역,0,0,,상대정화구역,20221008
경상남도 양산시 동면 금산리 1436-13번지,48330,31027,0,1436,0013,1264100092208,,,,1,용도지역코드,UQA121,제1종일반주거지역,1,0,,제1종일반주거지역,20221008
경상남도 양산시 동면 금산리 1436-13번지,48330,31027,0,1436,0013,1264100092208,,,,3,용도구역코드,UQQ310,제1종지구단위계획구역,1,0,,제1종지구단위계획구역,20221008
경상남도 양산시 동면 금산리 1436-14번지,48330,31027,0,1436,0014,1264100093785,,,,1,용도지역코드,UQA121,제1종일반주거지역,1,0,,제1종일반주거지역,20221008
경상남도 양산시 동면 금산리 1436-14번지,48330,31027,0,1436,0014,1264100093785,,,,3,용도구역코드,UQQ310,제1종지구단위계획구역,1,0,,제1종지구단위계획구역,20221008
경상남도 양산시 동면 금산리 1436-14번지,48330,31027,0,1436,0014,1264100093785,,,,3,용도구역코드,UOA120,상대보호구역,0,0,,상대정화구역,20221008
경상남도 양산시 동면 금산리 1436-16번지,48330,31027,0,1436,0016,1264100044086,,,,1,용도지역코드,UQA121,제1종일반주거지역,1,0,,제1종일반주거지역,20221008
경상남도 양산시 동면 금산리 1436-16번지,48330,31027,0,1436,0016,1264100044086,,,,3,용도구역코드,UQQ310,제1종지구단위계획구역,1,0,,제1종지구단위계획구역,20221008
경상남도 양산시 동면 금산리 1436-16번지,48330,31027,0,1436,0016,1264100044086,,,,3,용도구역코드,UOA120,상대보호구역,0,0,,상대정화구역,20221008
경상남도 양산시 동면 금산리 1436-17번지,48330,31027,0,1436,0017,1264100051736,,,,1,용도지역코드,UQA121,제1종일반주거지역,1,0,,제1종일반주거지역,20221008
경상남도 양산시 동면 금산리 1436-17번지,48330,31027,0,1436,0017,1264100051736,,,,3,용도구역코드,UQQ310,제1종지구단위계획구역,1,0,,제1종지구단위계획구역,20221008
경상남도 양산시 동면 금산리 1436-18번지,48330,31027,0,1436,0018,1264100057911,,,,3,용도구역코드,UQQ310,제1종지구단위계획구역,1,0,,제1종지구단위계획구역,20221008
경상남도 양산시 동면 금산리 1436-18번지,48330,31027,0,1436,0018,1264100057911,,,,1,용도지역코드,UQA121,제1종일반주거지역,1,0,,제1종일반주거지역,20221008
경상남도 양산시 동면 금산리 1437-1번지,48330,31027,0,1437,0001,1264100038712,,,,1,용도지역코드,UQA121,제1종일반주거지역,1,0,,제1종일반주거지역,20221008
경상남도 양산시 동면 금산리 1437-1번지,48330,31027,0,1437,0001,1264100038712,,,,3,용도구역코드,UQQ310,제1종지구단위계획구역,1,0,,제1종지구단위계획구역,20221008
경상남도 양산시 동면 금산리 1437-3번지,48330,31027,0,1437,0003,1264100051480,,,,1,용도지역코드,UQA121,제1종일반주거지역,1,0,,제1종일반주거지역,20221008
경상남도 양산시 동면 금산리 1437-3번지,48330,31027,0,1437,0003,1264100051480,,,,3,용도구역코드,UQQ310,제1종지구단위계획구역,1,0,,제1종지구단위계획구역,20221008
경상남도 양산시 동면 금산리 1437-4번지,48330,31027,0,1437,0004,1264100090801,,,,1,용도지역코드,UQA121,제1종일반주거지역,1,0,,제1종일반주거지역,20221008
경상남도 양산시 동면 금산리 1437-4번지,48330,31027,0,1437,0004,1264100090801,,,,3,용도구역코드,UQQ310,제1종지구단위계획구역,1,0,,제1종지구단위계획구역,20221008
경상남도 양산시 동면 금산리 1437-6번지,48330,31027,0,1437,0006,1264100090422,,,,3,용도구역코드,UQQ310,제1종지구단위계획구역,1,0,,제1종지구단위계획구역,20221008
경상남도 양산시 동면 금산리 1437-6번지,48330,31027,0,1437,0006,1264100090422,,,,1,용도지역코드,UQA121,제1종일반주거지역,1,0,,제1종일반주거지역,20221008
경상남도 양산시 동면 금산리 1437-7번지,48330,31027,0,1437,0007,1264100051651,,,,1,용도지역코드,UQA121,제1종일반주거지역,1,0,,제1종일반주거지역,20221008
경상남도 양산시 동면 금산리 1437-7번지,48330,31027,0,1437,0007,1264100051651,,,,3,용도구역코드,UQQ310,제1종지구단위계획구역,1,0,,제1종지구단위계획구역,20221008
경상남도 양산시 동면 금산리 1437-8번지,48330,31027,0,1437,0008,1264100052053,,,,1,용도지역코드,UQA121,제1종일반주거지역,1,0,,제1종일반주거지역,20221008
경상남도 양산시 동면 금산리 1437-8번지,48330,31027,0,1437,0008,1264100052053,,,,3,용도구역코드,UQQ310,제1종지구단위계획구역,1,0,,제1종지구단위계획구역,20221008
경상남도 양산시 동면 금산리 1437-8번지,48330,31027,0,1437,0008,1264100052053,,,,3,용도구역코드,UOA120,상대보호구역,0,0,,상대정화구역,20221008
경상남도 양산시 동면 금산리 1437-9번지,48330,31027,0,1437,0009,1264100051763,,,,1,용도지역코드,UQA121,제1종일반주거지역,1,0,,제1종일반주거지역,20221008
경상남도 양산시 동면 금산리 1437-9번지,48330,31027,0,1437,0009,1264100051763,,,,3,용도구역코드,UOA120,상대보호구역,,,,상대정화구역,20221008
경상남도 양산시 동면 금산리 1437-9번지,48330,31027,0,1437,0009,1264100051763,,,,3,용도구역코드,UQQ310,제1종지구단위계획구역,1,0,,제1종지구단위계획구역,20221008
경상남도 양산시 동면 금산리 1437-9번지,48330,31027,0,1437,0009,1264100016788,,,,1,용도지역코드,1021,제1종일반주거지역,1,0,,제1종일반주거지역,20221008
경상남도 양산시 동면 금산리 1437-9번지,48330,31027,0,1437,0009,1264100016788,,,,3,용도구역코드,301,제1종지구단위계획구역,1,0,,제1종지구단위계획구역,20221008
경상남도 양산시 동면 금산리 1437-13번지,48330,31027,0,1437,0013,1264100034274,,,,1,용도지역코드,UQA121,제1종일반주거지역,1,0,,제1종일반주거지역,20221008
경상남도 양산시 동면 금산리 1437-13번지,48330,31027,0,1437,0013,1264100034274,,,,3,용도구역코드,UQQ310,제1종지구단위계획구역,1,0,,제1종지구단위계획구역,20221008
경상남도 양산시 동면 금산리 1437-18번지,48330,31027,0,1437,0018,1264100034351,,,,1,용도지역코드,UQA121,제1종일반주거지역,1,0,,제1종일반주거지역,20221008
경상남도 양산시 동면 금산리 1437-18번지,48330,31027,0,1437,0018,1264100034351,,,,3,용도구역코드,UQQ310,제1종지구단위계획구역,1,0,,제1종지구단위계획구역,20221008
경상남도 양산시 동면 금산리 1438-1번지,48330,31027,0,1438,0001,1264100048667,,,,1,용도지역코드,UQA121,제1종일반주거지역,1,0,,제1종일반주거지역,20221008
경상남도 양산시 동면 금산리 1438-1번지,48330,31027,0,1438,0001,1264100048667,,,,3,용도구역코드,UQQ310,제1종지구단위계획구역,1,0,,제1종지구단위계획구역,20221008
경상남도 양산시 동면 금산리 1438-3번지,48330,31027,0,1438,0003,1264100075420,,,,1,용도지역코드,UQA121,제1종일반주거지역,1,0,,제1종일반주거지역,20221008
경상남도 양산시 동면 금산리 1438-3번지,48330,31027,0,1438,0003,1264100075420,,,,3,용도구역코드,UQQ310,제1종지구단위계획구역,1,0,,제1종지구단위계획구역,20221008
경상남도 양산시 동면 금산리 1438-4번지,48330,31027,0,1438,0004,1264100105154,,,,1,용도지역코드,UQA121,제1종일반주거지역,1,0,,제1종일반주거지역,20221008
경상남도 양산시 동면 금산리 1438-4번지,48330,31027,0,1438,0004,1264100105154,,,,3,용도구역코드,UQQ310,제1종지구단위계획구역,1,0,,제1종지구단위계획구역,20221008
경상남도 양산시 동면 금산리 1438-6번지,48330,31027,0,1438,0006,1264100113179,,,,1,용도지역코드,UQA121,제1종일반주거지역,1,0,,제1종일반주거지역,20221008
경상남도 양산시 동면 금산리 1438-6번지,48330,31027,0,1438,0006,1264100113179,,,,3,용도구역코드,UQQ310,제1종지구단위계획구역,1,0,,제1종지구단위계획구역,20221008
경상남도 양산시 동면 금산리 1438-7번지,48330,31027,0,1438,0007,1264100081867,,,,1,용도지역코드,UQA121,제1종일반주거지역,1,0,,제1종일반주거지역,20221008
경상남도 양산시 동면 금산리 1438-7번지,48330,31027,0,1438,0007,1264100081867,,,,3,용도구역코드,UQQ310,제1종지구단위계획구역,1,0,,제1종지구단위계획구역,20221008
경상남도 양산시 동면 금산리 1438-8번지,48330,31027,0,1438,0008,1264100115583,,,,1,용도지역코드,UQA121,제1종일반주거지역,1,0,,제1종일반주거지역,20221008
경상남도 양산시 동면 금산리 1438-8번지,48330,31027,0,1438,0008,1264100115583,,,,3,용도구역코드,UQQ310,제1종지구단위계획구역,1,0,,제1종지구단위계획구역,20221008
경상남도 양산시 동면 금산리 1438-9번지,48330,31027,0,1438,0009,1264100110136,,,,1,용도지역코드,UQA121,제1종일반주거지역,1,0,,제1종일반주거지역,20221008
경상남도 양산시 동면 금산리 1438-9번지,48330,31027,0,1438,0009,1264100110136,,,,3,용도구역코드,UQQ310,제1종지구단위계획구역,1,0,,제1종지구단위계획구역,20221008
경상남도 양산시 동면 금산리 1438-10번지,48330,31027,0,1438,0010,1264100052527,,,,1,용도지역코드,UQA121,제1종일반주거지역,1,0,,제1종일반주거지역,20221008
경상남도 양산시 동면 금산리 1438-10번지,48330,31027,0,1438,0010,1264100052527,,,,3,용도구역코드,UQQ310,제1종지구단위계획구역,1,0,,제1종지구단위계획구역,20221008
경상남도 양산시 동면 금산리 1438-11번지,48330,31027,0,1438,0011,1264100085921,,,,3,용도구역코드,UQQ310,제1종지구단위계획구역,1,0,,제1종지구단위계획구역,20221008
경상남도 양산시 동면 금산리 1438-11번지,48330,31027,0,1438,0011,1264100085921,,,,1,용도지역코드,UQA121,제1종일반주거지역,1,0,,제1종일반주거지역,20221008
경상남도 양산시 동면 금산리 1438-12번지,48330,31027,0,1438,0012,1264100032910,,,,1,용도지역코드,UQA121,제1종일반주거지역,1,0,,제1종일반주거지역,20221008
경상남도 양산시 동면 금산리 1438-13번지,48330,31027,0,1438,0013,1264100140424,,,,1,용도지역코드,UQA121,제1종일반주거지역,1,0,,제1종일반주거지역,20221008
경상남도 양산시 동면 금산리 1438-13번지,48330,31027,0,1438,0013,1264100140424,,,,3,용도구역코드,UQQ310,제1종지구단위계획구역,1,0,,제1종지구단위계획구역,20221008
경상남도 양산시 동면 금산리 1438-14번지,48330,31027,0,1438,0014,1264100086624,,,,1,용도지역코드,UQA121,제1종일반주거지역,1,0,,제1종일반주거지역,20221008
경상남도 양산시 동면 금산리 1438-14번지,48330,31027,0,1438,0014,1264100086624,,,,3,용도구역코드,UQQ310,제1종지구단위계획구역,1,0,,제1종지구단위계획구역,20221008
경상남도 양산시 동면 금산리 1438-16번지,48330,31027,0,1438,0016,1264100087365,,,,1,용도지역코드,UQA121,제1종일반주거지역,1,0,,제1종일반주거지역,20221008
경상남도 양산시 동면 금산리 1438-16번지,48330,31027,0,1438,0016,1264100087365,,,,3,용도구역코드,UQQ310,제1종지구단위계획구역,1,0,,제1종지구단위계획구역,20221008
경상남도 양산시 동면 금산리 1438-17번지,48330,31027,0,1438,0017,1264100087483,,,,3,용도구역코드,UQQ310,제1종지구단위계획구역,1,0,,제1종지구단위계획구역,20221008
경상남도 양산시 동면 금산리 1438-17번지,48330,31027,0,1438,0017,1264100087483,,,,1,용도지역코드,UQA121,제1종일반주거지역,1,0,,제1종일반주거지역,20221008
경상남도 양산시 동면 금산리 1438-18번지,48330,31027,0,1438,0018,1264100107597,,,,1,용도지역코드,UQA121,제1종일반주거지역,1,0,,제1종일반주거지역,20221008
경상남도 양산시 동면 금산리 1438-18번지,48330,31027,0,1438,0018,1264100107597,,,,3,용도구역코드,UQQ310,제1종지구단위계획구역,1,0,,제1종지구단위계획구역,20221008
경상남도 양산시 동면 금산리 1438-18번지,48330,31027,0,1438,0018,1264100107597,,,,3,용도구역코드,UMZ100,가축사육제한구역,0,0,,가축사육제한구역,20221008
경상남도 양산시 동면 금산리 1438-19번지,48330,31027,0,1438,0019,1264100095556,,,,1,용도지역코드,UQA121,제1종일반주거지역,1,0,,제1종일반주거지역,20221008
경상남도 양산시 동면 금산리 1438-19번지,48330,31027,0,1438,0019,1264100095556,,,,3,용도구역코드,UQQ310,제1종지구단위계획구역,1,0,,제1종지구단위계획구역,20221008
경상남도 양산시 동면 금산리 1438-20번지,48330,31027,0,1438,0020,1264100123261,,,,1,용도지역코드,UQA121,제1종일반주거지역,1,0,,제1종일반주거지역,20221008
경상남도 양산시 동면 금산리 1438-20번지,48330,31027,0,1438,0020,1264100123261,,,,3,용도구역코드,UQQ310,제1종지구단위계획구역,1,0,,제1종지구단위계획구역,20221008
경상남도 양산시 동면 금산리 1439-2번지,48330,31027,0,1439,0002,1264100077664,,,,1,용도지역코드,UQA121,제1종일반주거지역,1,0,,제1종일반주거지역,20221008
경상남도 양산시 동면 금산리 1439-2번지,48330,31027,0,1439,0002,1264100077664,,,,3,용도구역코드,UQQ310,제1종지구단위계획구역,1,0,,제1종지구단위계획구역,20221008
경상남도 양산시 동면 금산리 1439-3번지,48330,31027,0,1439,0003,1264100051930,,,,1,용도지역코드,UQA121,제1종일반주거지역,1,0,,제1종일반주거지역,20221008
경상남도 양산시 동면 금산리 1439-3번지,48330,31027,0,1439,0003,1264100051930,,,,3,용도구역코드,UQQ310,제1종지구단위계획구역,1,0,,제1종지구단위계획구역,20221008
경상남도 양산시 동면 금산리 1439-4번지,48330,31027,0,1439,0004,1264100021347,,,,1,용도지역코드,1021,제1종일반주거지역,1,0,,제1종일반주거지역,20221008
경상남도 양산시 동면 금산리 1439-4번지,48330,31027,0,1439,0004,1264100021347,,,,3,용도구역코드,301,제1종지구단위계획구역,1,0,,제1종지구단위계획구역,20221008
경상남도 양산시 동면 금산리 1439-5번지,48330,31027,0,1439,0005,1264100032020,,,,1,용도지역코드,UQA121,제1종일반주거지역,1,0,,제1종일반주거지역,20221008
경상남도 양산시 동면 금산리 1439-5번지,48330,31027,0,1439,0005,1264100032020,,,,3,용도구역코드,UQQ310,제1종지구단위계획구역,1,0,,제1종지구단위계획구역,20221008
경상남도 양산시 동면 금산리 1439-6번지,48330,31027,0,1439,0006,1264100037613,,,,1,용도지역코드,UQA121,제1종일반주거지역,1,0,,제1종일반주거지역,20221008
경상남도 양산시 동면 금산리 1439-6번지,48330,31027,0,1439,0006,1264100037613,,,,3,용도구역코드,UQQ310,제1종지구단위계획구역,1,0,,제1종지구단위계획구역,20221008
경상남도 양산시 동면 금산리 1439-7번지,48330,31027,0,1439,0007,1264100087481,,,,1,용도지역코드,UQA121,제1종일반주거지역,1,0,,제1종일반주거지역,20221008
경상남도 양산시 동면 금산리 1439-7번지,48330,31027,0,1439,0007,1264100087481,,,,3,용도구역코드,UQQ310,제1종지구단위계획구역,1,0,,제1종지구단위계획구역,20221008
경상남도 양산시 동면 금산리 1439-8번지,48330,31027,0,1439,0008,1264100080720,,,,1,용도지역코드,UQA121,제1종일반주거지역,1,0,,제1종일반주거지역,20221008
경상남도 양산시 동면 금산리 1439-8번지,48330,31027,0,1439,0008,1264100080720,,,,3,용도구역코드,UQQ310,제1종지구단위계획구역,1,0,,제1종지구단위계획구역,20221008
경상남도 양산시 동면 금산리 1440-1번지,48330,31027,0,1440,0001,1264100051097,,,,3,용도구역코드,UOA120,상대보호구역,0,0,,상대정화구역,20221008
경상남도 양산시 동면 금산리 1440-1번지,48330,31027,0,1440,0001,1264100051097,,,,3,용도구역코드,UQQ310,제1종지구단위계획구역,1,0,,제1종지구단위계획구역,20221008
경상남도 양산시 동면 금산리 1440-1번지,48330,31027,0,1440,0001,1264100051097,,,,1,용도지역코드,UQA121,제1종일반주거지역,1,0,,제1종일반주거지역,20221008
경상남도 양산시 동면 금산리 1440-2번지,48330,31027,0,1440,0002,1264100051934,,,,1,용도지역코드,UQA121,제1종일반주거지역,1,0,,제1종일반주거지역,20221008
경상남도 양산시 동면 금산리 1440-2번지,48330,31027,0,1440,0002,1264100051934,,,,3,용도구역코드,UQQ310,제1종지구단위계획구역,1,0,,제1종지구단위계획구역,20221008
경상남도 양산시 동면 금산리 1440-2번지,48330,31027,0,1440,0002,1264100051934,,,,3,용도구역코드,UOA120,상대보호구역,0,0,,상대정화구역,20221008
경상남도 양산시 동면 금산리 1440-3번지,48330,31027,0,1440,0003,1264100070259,,,,1,용도지역코드,UQA121,제1종일반주거지역,1,0,,제1종일반주거지역,20221008
경상남도 양산시 동면 금산리 1440-3번지,48330,31027,0,1440,0003,1264100070259,,,,3,용도구역코드,UQQ310,제1종지구단위계획구역,1,0,,제1종지구단위계획구역,20221008
경상남도 양산시 동면 금산리 1440-4번지,48330,31027,0,1440,0004,1000000000000000839185,,,,1,용도지역코드,UQA121,제1종일반주거지역,1,0,,제1종일반주거지역,20260309
경상남도 양산시 동면 금산리 1440-4번지,48330,31027,0,1440,0004,1000000000000000839185,,,,3,용도구역코드,UQQ310,제1종지구단위계획구역,1,0,,제1종지구단위계획구역,20260309
경상남도 양산시 동면 금산리 1440-5번지,48330,31027,0,1440,0005,1264100019336,,,,1,용도지역코드,1021,제1종일반주거지역,1,0,,제1종일반주거지역,20221008
경상남도 양산시 동면 금산리 1440-5번지,48330,31027,0,1440,0005,1264100019336,,,,3,용도구역코드,301,제1종지구단위계획구역,1,0,,제1종지구단위계획구역,20221008
경상남도 양산시 동면 금산리 1440-7번지,48330,31027,0,1440,0007,1264100051875,,,,1,용도지역코드,UQA121,제1종일반주거지역,1,0,,제1종일반주거지역,20221008
경상남도 양산시 동면 금산리 1440-7번지,48330,31027,0,1440,0007,1264100051875,,,,3,용도구역코드,UQQ310,제1종지구단위계획구역,1,0,,제1종지구단위계획구역,20221008
경상남도 양산시 동면 금산리 1440-7번지,48330,31027,0,1440,0007,1264100051875,,,,3,용도구역코드,UOA110,절대정화구역,0,0,,절대정화구역,20221008
경상남도 양산시 동면 금산리 1440-8번지,48330,31027,0,1440,0008,1264100063240,,,,1,용도지역코드,UQA121,제1종일반주거지역,1,0,,제1종일반주거지역,20221008
경상남도 양산시 동면 금산리 1440-8번지,48330,31027,0,1440,0008,1264100063240,,,,3,용도구역코드,UQQ310,제1종지구단위계획구역,1,0,,제1종지구단위계획구역,20221008
경상남도 양산시 동면 금산리 1440-8번지,48330,31027,0,1440,0008,1264100063240,,,,3,용도구역코드,UOA120,상대보호구역,0,0,,상대정화구역,20221008
경상남도 양산시 동면 금산리 1440-9번지,48330,31027,0,1440,0009,1264100034772,,,,1,용도지역코드,UQA121,제1종일반주거지역,1,0,,제1종일반주거지역,20221008
경상남도 양산시 동면 금산리 1440-9번지,48330,31027,0,1440,0009,1264100034772,,,,3,용도구역코드,UQQ310,제1종지구단위계획구역,1,0,,제1종지구단위계획구역,20221008
경상남도 양산시 동면 금산리 1440-9번지,48330,31027,0,1440,0009,1264100034772,,,,3,용도구역코드,UOA120,상대보호구역,0,0,,상대정화구역,20221008
경상남도 양산시 동면 금산리 1440-10번지,48330,31027,0,1440,0010,1264100052311,,,,1,용도지역코드,UQA121,제1종일반주거지역,1,0,,제1종일반주거지역,20221008
경상남도 양산시 동면 금산리 1440-10번지,48330,31027,0,1440,0010,1264100052311,,,,3,용도구역코드,UQQ310,제1종지구단위계획구역,1,0,,제1종지구단위계획구역,20221008
경상남도 양산시 동면 금산리 1440-10번지,48330,31027,0,1440,0010,1264100052311,,,,3,용도구역코드,UOA120,상대보호구역,0,0,,상대정화구역,20221008
경상남도 양산시 동면 금산리 1441-1번지,48330,31027,0,1441,0001,1264100029918,,,,1,용도지역코드,UQA121,제1종일반주거지역,1,0,,제1종일반주거지역,20221008
경상남도 양산시 동면 금산리 1441-1번지,48330,31027,0,1441,0001,1264100029918,,,,3,용도구역코드,UQQ310,제1종지구단위계획구역,1,0,,제1종지구단위계획구역,20221008
경상남도 양산시 동면 금산리 1441-1번지,48330,31027,0,1441,0001,1264100029918,,,,3,용도구역코드,UOA120,상대보호구역,0,0,,상대정화구역,20221008
경상남도 양산시 동면 금산리 1441-2번지,48330,31027,0,1441,0002,1264100046166,,,,1,용도지역코드,UQA121,제1종일반주거지역,1,0,,제1종일반주거지역,20221008
경상남도 양산시 동면 금산리 1441-3번지,48330,31027,0,1441,0003,1264100041144,,,,1,용도지역코드,UQA121,제1종일반주거지역,1,0,,제1종일반주거지역,20221008
경상남도 양산시 동면 금산리 1441-3번지,48330,31027,0,1441,0003,1264100041144,,,,3,용도구역코드,UQQ310,제1종지구단위계획구역,1,0,,제1종지구단위계획구역,20221008
경상남도 양산시 동면 금산리 1441-3번지,48330,31027,0,1441,0003,1264100041144,,,,3,용도구역코드,UOA120,상대보호구역,0,0,,상대정화구역,20221008
경상남도 양산시 동면 금산리 1441-4번지,48330,31027,0,1441,0004,1264100052199,,,,1,용도지역코드,UQA121,제1종일반주거지역,1,0,,제1종일반주거지역,20221008
경상남도 양산시 동면 금산리 1441-4번지,48330,31027,0,1441,0004,1264100052199,,,,3,용도구역코드,UQQ310,제1종지구단위계획구역,1,0,,제1종지구단위계획구역,20221008
경상남도 양산시 동면 금산리 1441-5번지,48330,31027,0,1441,0005,1264100051773,,,,1,용도지역코드,UQA121,제1종일반주거지역,1,0,,제1종일반주거지역,20221008
경상남도 양산시 동면 금산리 1441-5번지,48330,31027,0,1441,0005,1264100051773,,,,3,용도구역코드,UQQ310,제1종지구단위계획구역,1,0,,제1종지구단위계획구역,20221008
경상남도 양산시 동면 금산리 1441-5번지,48330,31027,0,1441,0005,1264100051773,,,,3,용도구역코드,UOA120,상대보호구역,0,0,,상대정화구역,20221008
경상남도 양산시 동면 금산리 1441-7번지,48330,31027,0,1441,0007,1264100051768,,,,1,용도지역코드,UQA121,제1종일반주거지역,1,0,,제1종일반주거지역,20221008
경상남도 양산시 동면 금산리 1441-7번지,48330,31027,0,1441,0007,1264100051768,,,,3,용도구역코드,UQQ310,제1종지구단위계획구역,1,0,,제1종지구단위계획구역,20221008
경상남도 양산시 동면 금산리 1441-7번지,48330,31027,0,1441,0007,1264100051768,,,,3,용도구역코드,UOA120,상대보호구역,0,0,,상대정화구역,20221008
경상남도 양산시 동면 금산리 1441-8번지,48330,31027,0,1441,0008,1264100045565,,,,1,용도지역코드,UQA121,제1종일반주거지역,1,0,,제1종일반주거지역,20221008
경상남도 양산시 동면 금산리 1441-8번지,48330,31027,0,1441,0008,1264100045565,,,,3,용도구역코드,UQQ310,제1종지구단위계획구역,1,0,,제1종지구단위계획구역,20221008
경상남도 양산시 동면 금산리 1441-8번지,48330,31027,0,1441,0008,1264100045565,,,,3,용도구역코드,UOA120,상대보호구역,0,0,,상대정화구역,20221008
경상남도 양산시 동면 금산리 1441-9번지,48330,31027,0,1441,0009,1264100052568,,,,1,용도지역코드,UQA121,제1종일반주거지역,1,0,,제1종일반주거지역,20221008
경상남도 양산시 동면 금산리 1441-9번지,48330,31027,0,1441,0009,1264100052568,,,,3,용도구역코드,UQQ310,제1종지구단위계획구역,1,0,,제1종지구단위계획구역,20221008
경상남도 양산시 동면 금산리 1441-10번지,48330,31027,0,1441,0010,1264100052342,,,,1,용도지역코드,UQA121,제1종일반주거지역,1,0,,제1종일반주거지역,20221008
경상남도 양산시 동면 금산리 1441-10번지,48330,31027,0,1441,0010,1264100052342,,,,3,용도구역코드,UQQ310,제1종지구단위계획구역,1,0,,제1종지구단위계획구역,20221008
경상남도 양산시 동면 금산리 1441-10번지,48330,31027,0,1441,0010,1264100052342,,,,3,용도구역코드,UOA120,상대보호구역,0,0,,상대정화구역,20221008
경상남도 양산시 동면 금산리 1441-11번지,48330,31027,0,1441,0011,1264100029209,,,,1,용도지역코드,UQA121,제1종일반주거지역,1,0,,제1종일반주거지역,20221008
경상남도 양산시 동면 금산리 1441-11번지,48330,31027,0,1441,0011,1264100029209,,,,3,용도구역코드,UQQ310,제1종지구단위계획구역,1,0,,제1종지구단위계획구역,20221008
경상남도 양산시 동면 금산리 1442-1번지,48330,31027,0,1442,0001,1264100051093,,,,3,용도구역코드,UQQ310,제1종지구단위계획구역,1,0,,제1종지구단위계획구역,20221008
경상남도 양산시 동면 금산리 1442-1번지,48330,31027,0,1442,0001,1264100051093,,,,1,용도지역코드,UQA121,제1종일반주거지역,1,0,,제1종일반주거지역,20221008
경상남도 양산시 동면 금산리 1442-2번지,48330,31027,0,1442,0002,1264100051479,,,,1,용도지역코드,UQA121,제1종일반주거지역,1,0,,제1종일반주거지역,20221008
경상남도 양산시 동면 금산리 1442-2번지,48330,31027,0,1442,0002,1264100051479,,,,3,용도구역코드,UQQ310,제1종지구단위계획구역,1,0,,제1종지구단위계획구역,20221008
경상남도 양산시 동면 금산리 1442-3번지,48330,31027,0,1442,0003,1264100067404,,,,1,용도지역코드,UQA121,제1종일반주거지역,1,0,,제1종일반주거지역,20221008
경상남도 양산시 동면 금산리 1442-3번지,48330,31027,0,1442,0003,1264100067404,,,,3,용도구역코드,UQQ310,제1종지구단위계획구역,1,0,,제1종지구단위계획구역,20221008
경상남도 양산시 동면 금산리 1442-3번지,48330,31027,0,1442,0003,1264100067404,,,,3,용도구역코드,UOA120,상대보호구역,0,0,,상대정화구역,20221008
경상남도 양산시 동면 금산리 1442-4번지,48330,31027,0,1442,0004,1264100052867,,,,1,용도지역코드,UQA121,제1종일반주거지역,1,0,,제1종일반주거지역,20221008
경상남도 양산시 동면 금산리 1442-4번지,48330,31027,0,1442,0004,1264100052867,,,,3,용도구역코드,UOA120,상대보호구역,1,0,,상대정화구역,20221008
경상남도 양산시 동면 금산리 1442-4번지,48330,31027,0,1442,0004,1264100052867,,,,3,용도구역코드,UQQ310,제1종지구단위계획구역,0,0,,제1종지구단위계획구역,20221008
경상남도 양산시 동면 금산리 1442-5번지,48330,31027,0,1442,0005,1264100052390,,,,3,용도구역코드,UOA120,상대보호구역,0,0,,상대정화구역,20221008
경상남도 양산시 동면 금산리 1442-5번지,48330,31027,0,1442,0005,1264100052390,,,,1,용도지역코드,UQA121,제1종일반주거지역,1,0,,제1종일반주거지역,20221008
경상남도 양산시 동면 금산리 1442-5번지,48330,31027,0,1442,0005,1264100052390,,,,3,용도구역코드,UQQ310,제1종지구단위계획구역,1,0,,제1종지구단위계획구역,20221008
경상남도 양산시 동면 금산리 1442-7번지,48330,31027,0,1442,0007,1264100049466,,,,1,용도지역코드,UQA121,제1종일반주거지역,1,0,,제1종일반주거지역,20221008
경상남도 양산시 동면 금산리 1442-7번지,48330,31027,0,1442,0007,1264100049466,,,,3,용도구역코드,UQQ310,제1종지구단위계획구역,1,0,,제1종지구단위계획구역,20221008
경상남도 양산시 동면 금산리 1442-7번지,48330,31027,0,1442,0007,1264100049466,,,,3,용도구역코드,UOA120,상대보호구역,0,0,,상대정화구역,20221008
경상남도 양산시 동면 금산리 1442-8번지,48330,31027,0,1442,0008,1264100051476,,,,1,용도지역코드,UQA121,제1종일반주거지역,1,0,,제1종일반주거지역,20221008
경상남도 양산시 동면 금산리 1442-8번지,48330,31027,0,1442,0008,1264100051476,,,,3,용도구역코드,UQQ310,제1종지구단위계획구역,1,0,,제1종지구단위계획구역,20221008
경상남도 양산시 동면 금산리 1442-8번지,48330,31027,0,1442,0008,1264100051476,,,,3,용도구역코드,UOA120,상대보호구역,0,0,,상대정화구역,20221008
경상남도 양산시 동면 금산리 1442-10번지,48330,31027,0,1442,0010,1264100052327,,,,1,용도지역코드,UQA121,제1종일반주거지역,1,0,,제1종일반주거지역,20221008
경상남도 양산시 동면 금산리 1442-10번지,48330,31027,0,1442,0010,1264100052327,,,,3,용도구역코드,UQQ310,제1종지구단위계획구역,1,0,,제1종지구단위계획구역,20221008
경상남도 양산시 동면 금산리 1443-1번지,48330,31027,0,1443,0001,1264100043542,,,,1,용도지역코드,UQA121,제1종일반주거지역,1,0,,제1종일반주거지역,20221008
경상남도 양산시 동면 금산리 1443-1번지,48330,31027,0,1443,0001,1264100043542,,,,3,용도구역코드,UQQ310,제1종지구단위계획구역,1,0,,제1종지구단위계획구역,20221008
경상남도 양산시 동면 금산리 1443-2번지,48330,31027,0,1443,0002,1264100051450,,,,1,용도지역코드,UQA121,제1종일반주거지역,1,0,,제1종일반주거지역,20221008
경상남도 양산시 동면 금산리 1443-2번지,48330,31027,0,1443,0002,1264100051450,,,,3,용도구역코드,UQQ310,제1종지구단위계획구역,1,0,,제1종지구단위계획구역,20221008
경상남도 양산시 동면 금산리 1443-3번지,48330,31027,0,1443,0003,1264100052344,,,,1,용도지역코드,UQA121,제1종일반주거지역,1,0,,제1종일반주거지역,20221008
경상남도 양산시 동면 금산리 1443-3번지,48330,31027,0,1443,0003,1264100052344,,,,3,용도구역코드,UQQ310,제1종지구단위계획구역,1,0,,제1종지구단위계획구역,20221008
경상남도 양산시 동면 금산리 1443-3번지,48330,31027,0,1443,0003,1264100052344,,,,3,용도구역코드,UOA120,상대보호구역,0,0,,상대정화구역,20221008
경상남도 양산시 동면 금산리 1443-6번지,48330,31027,0,1443,0006,1264100043987,,,,1,용도지역코드,UQA121,제1종일반주거지역,1,0,,제1종일반주거지역,20221008
경상남도 양산시 동면 금산리 1443-6번지,48330,31027,0,1443,0006,1264100043987,,,,3,용도구역코드,UQQ310,제1종지구단위계획구역,1,0,,제1종지구단위계획구역,20221008
경상남도 양산시 동면 금산리 1443-7번지,48330,31027,0,1443,0007,1264100032419,,,,1,용도지역코드,UQA121,제1종일반주거지역,1,0,,제1종일반주거지역,20221008
경상남도 양산시 동면 금산리 1443-7번지,48330,31027,0,1443,0007,1264100032419,,,,3,용도구역코드,UQQ310,제1종지구단위계획구역,1,0,,제1종지구단위계획구역,20221008
경상남도 양산시 동면 금산리 1443-7번지,48330,31027,0,1443,0007,1264100032419,,,,3,용도구역코드,UOA120,상대보호구역,0,0,,상대정화구역,20221008
경상남도 양산시 동면 금산리 1443-8번지,48330,31027,0,1443,0008,1264100073661,,,,1,용도지역코드,UQA121,제1종일반주거지역,1,0,,제1종일반주거지역,20221008
경상남도 양산시 동면 금산리 1443-8번지,48330,31027,0,1443,0008,1264100073661,,,,3,용도구역코드,UQQ310,제1종지구단위계획구역,1,0,,제1종지구단위계획구역,20221008
경상남도 양산시 동면 금산리 1443-8번지,48330,31027,0,1443,0008,1264100073661,,,,3,용도구역코드,UOA120,상대보호구역,0,0,,상대정화구역,20221008
경상남도 양산시 동면 금산리 1443-9번지,48330,31027,0,1443,0009,1264100044447,,,,1,용도지역코드,UQA121,제1종일반주거지역,1,0,,제1종일반주거지역,20221008
경상남도 양산시 동면 금산리 1443-9번지,48330,31027,0,1443,0009,1264100044447,,,,3,용도구역코드,UQQ310,제1종지구단위계획구역,1,0,,제1종지구단위계획구역,20221008
경상남도 양산시 동면 금산리 1443-9번지,48330,31027,0,1443,0009,1264100044447,,,,3,용도구역코드,UOA120,상대보호구역,0,0,,상대정화구역,20221008
경상남도 양산시 동면 금산리 1443-10번지,48330,31027,0,1443,0010,1264100020959,,,,1,용도지역코드,1021,제1종일반주거지역,1,0,,제1종일반주거지역,20221008
경상남도 양산시 동면 금산리 1443-10번지,48330,31027,0,1443,0010,1264100020959,,,,3,용도구역코드,301,제1종지구단위계획구역,1,0,,제1종지구단위계획구역,20221008
경상남도 양산시 동면 금산리 1443-10번지,48330,31027,0,1443,0010,1264100020959,,,,3,용도구역코드,272,상대정화구역,0,0,,상대정화구역,20221008
경상남도 양산시 동면 금산리 1443-11번지,48330,31027,0,1443,0011,1264100031397,,,,1,용도지역코드,UQA121,제1종일반주거지역,1,0,,제1종일반주거지역,20221008
경상남도 양산시 동면 금산리 1443-11번지,48330,31027,0,1443,0011,1264100031397,,,,3,용도구역코드,UQQ310,제1종지구단위계획구역,1,0,,제1종지구단위계획구역,20221008
경상남도 양산시 동면 금산리 1443-12번지,48330,31027,0,1443,0012,1264100035432,,,,1,용도지역코드,UQA121,제1종일반주거지역,1,0,,제1종일반주거지역,20221008
경상남도 양산시 동면 금산리 1443-12번지,48330,31027,0,1443,0012,1264100035432,,,,3,용도구역코드,UQQ310,제1종지구단위계획구역,1,0,,제1종지구단위계획구역,20221008
경상남도 양산시 동면 금산리 1443-13번지,48330,31027,0,1443,0013,1264100051653,,,,3,용도구역코드,UOA120,상대보호구역,0,0,,상대정화구역,20221008
경상남도 양산시 동면 금산리 1443-13번지,48330,31027,0,1443,0013,1264100051653,,,,1,용도지역코드,UQA121,제1종일반주거지역,1,0,,제1종일반주거지역,20221008
경상남도 양산시 동면 금산리 1443-13번지,48330,31027,0,1443,0013,1264100051653,,,,3,용도구역코드,UQQ310,제1종지구단위계획구역,1,0,,제1종지구단위계획구역,20221008
경상남도 양산시 동면 금산리 1443-14번지,48330,31027,0,1443,0014,1264100112802,,,,1,용도지역코드,UQA121,제1종일반주거지역,1,0,,제1종일반주거지역,20221008
경상남도 양산시 동면 금산리 1443-14번지,48330,31027,0,1443,0014,1264100112802,,,,3,용도구역코드,UOA120,상대보호구역,1,0,,상대보호구역,20221008
경상남도 양산시 동면 금산리 1443-14번지,48330,31027,0,1443,0014,1264100112802,,,,3,용도구역코드,UQQ310,제1종지구단위계획구역,0,0,,제1종지구단위계획구역,20221008
경상남도 양산시 동면 금산리 1443-15번지,48330,31027,0,1443,0015,1264100043986,,,,1,용도지역코드,UQA121,제1종일반주거지역,1,0,,제1종일반주거지역,20221008
경상남도 양산시 동면 금산리 1443-15번지,48330,31027,0,1443,0015,1264100043986,,,,3,용도구역코드,UQQ310,제1종지구단위계획구역,1,0,,제1종지구단위계획구역,20221008
경상남도 양산시 동면 금산리 1443-15번지,48330,31027,0,1443,0015,1264100043986,,,,3,용도구역코드,UOA120,상대보호구역,0,0,,상대정화구역,20221008
경상남도 양산시 동면 금산리 1443-18번지,48330,31027,0,1443,0018,1264100042465,,,,1,용도지역코드,UQA121,제1종일반주거지역,1,0,,제1종일반주거지역,20221008
경상남도 양산시 동면 금산리 1444-2번지,48330,31027,0,1444,0002,1264100085561,,,,1,용도지역코드,UQA121,제1종일반주거지역,1,0,,제1종일반주거지역,20221008
경상남도 양산시 동면 금산리 1444-2번지,48330,31027,0,1444,0002,1264100085561,,,,3,용도구역코드,UQQ310,제1종지구단위계획구역,1,0,,제1종지구단위계획구역,20221008
경상남도 양산시 동면 금산리 1444-3번지,48330,31027,0,1444,0003,1264100114938,,,,1,용도지역코드,UQA121,제1종일반주거지역,1,0,,제1종일반주거지역,20221208
경상남도 양산시 동면 금산리 1444-3번지,48330,31027,0,1444,0003,1264100114938,,,,3,용도구역코드,UMZ100,가축사육제한구역,0,0,,가축사육제한구역,20221208
경상남도 양산시 동면 금산리 1444-3번지,48330,31027,0,1444,0003,1264100114938,,,,3,용도구역코드,UQQ310,제1종지구단위계획구역,1,0,,제1종지구단위계획구역,20221208
경상남도 양산시 동면 금산리 1444-6번지,48330,31027,0,1444,0006,1000000000000000864052,,,,3,용도구역코드,UQQ310,제1종지구단위계획구역,1,0,,제1종지구단위계획구역,20251222
경상남도 양산시 동면 금산리 1444-6번지,48330,31027,0,1444,0006,1000000000000000864052,,,,1,용도지역코드,UQA121,제1종일반주거지역,1,0,,제1종일반주거지역,20251222
경상남도 양산시 동면 금산리 1444-6번지,48330,31027,0,1444,0006,1264100132283,,,,1,용도지역코드,UQA121,제1종일반주거지역,1,0,,제1종일반주거지역,20221008
경상남도 양산시 동면 금산리 1444-8번지,48330,31027,0,1444,0008,1264100114056,,,,1,용도지역코드,UQA121,제1종일반주거지역,1,0,,제1종일반주거지역,20221008
경상남도 양산시 동면 금산리 1444-8번지,48330,31027,0,1444,0008,1264100114056,,,,3,용도구역코드,UOA120,상대보호구역,1,0,,상대보호구역,20221008
경상남도 양산시 동면 금산리 1444-8번지,48330,31027,0,1444,0008,1264100114056,,,,3,용도구역코드,UQQ310,제1종지구단위계획구역,0,0,,제1종지구단위계획구역,20221008
경상남도 양산시 동면 금산리 1444-9번지,48330,31027,0,1444,0009,1264100112858,,,,1,용도지역코드,UQA121,제1종일반주거지역,1,0,,제1종일반주거지역,20221008
경상남도 양산시 동면 금산리 1444-9번지,48330,31027,0,1444,0009,1264100112858,,,,3,용도구역코드,UOA120,상대보호구역,1,0,,상대보호구역,20221008
경상남도 양산시 동면 금산리 1444-9번지,48330,31027,0,1444,0009,1264100112858,,,,3,용도구역코드,UQQ310,제1종지구단위계획구역,0,0,,제1종지구단위계획구역,20221008
경상남도 양산시 동면 금산리 1444-9번지,48330,31027,0,1444,0009,1264100025030,,,,1,용도지역코드,UQA121,제1종일반주거지역,1,0,,제1종일반주거지역,20221008
경상남도 양산시 동면 금산리 1444-9번지,48330,31027,0,1444,0009,1264100025030,,,,3,용도구역코드,UQQ310,제1종지구단위계획구역,1,0,,제1종지구단위계획구역,20221008
경상남도 양산시 동면 금산리 1444-9번지,48330,31027,0,1444,0009,1264100025030,,,,3,용도구역코드,UOA120,상대보호구역,0,0,,상대정화구역,20221008
경상남도 양산시 동면 금산리 1444-10번지,48330,31027,0,1444,0010,1264100113138,,,,1,용도지역코드,UQA121,제1종일반주거지역,1,0,,제1종일반주거지역,20221008
경상남도 양산시 동면 금산리 1444-10번지,48330,31027,0,1444,0010,1264100113138,,,,3,용도구역코드,UOA120,상대보호구역,1,0,,상대보호구역,20221008
경상남도 양산시 동면 금산리 1444-10번지,48330,31027,0,1444,0010,1264100113138,,,,3,용도구역코드,UQQ310,제1종지구단위계획구역,0,0,,제1종지구단위계획구역,20221008
경상남도 양산시 동면 금산리 1444-11번지,48330,31027,0,1444,0011,1264100077561,,,,1,용도지역코드,UQA121,제1종일반주거지역,1,0,,제1종일반주거지역,20221008
경상남도 양산시 동면 금산리 1444-11번지,48330,31027,0,1444,0011,1264100077561,,,,3,용도구역코드,UQQ310,제1종지구단위계획구역,1,0,,제1종지구단위계획구역,20221008
경상남도 양산시 동면 금산리 1444-13번지,48330,31027,0,1444,0013,1000000000000000827624,,,,3,용도구역코드,UQQ310,제1종지구단위계획구역,1,0,,제1종지구단위계획구역,20251024
경상남도 양산시 동면 금산리 1444-13번지,48330,31027,0,1444,0013,1000000000000000827624,,,,1,용도지역코드,UQA121,제1종일반주거지역,1,0,,제1종일반주거지역,20251024
경상남도 양산시 동면 금산리 1444-13번지,48330,31027,0,1444,0013,1264100064699,,,,1,용도지역코드,UQA121,제1종일반주거지역,1,0,,제1종일반주거지역,20221008
경상남도 양산시 동면 금산리 1444-13번지,48330,31027,0,1444,0013,1264100064699,,,,3,용도구역코드,UQQ310,제1종지구단위계획구역,1,0,,제1종지구단위계획구역,20221008
경상남도 양산시 동면 금산리 1444-13번지,48330,31027,0,1444,0013,1264100064699,,,,3,용도구역코드,UOA120,상대보호구역,0,0,,상대정화구역,20221008
경상남도 양산시 동면 금산리 1444-14번지,48330,31027,0,1444,0014,1264100095657,,,,1,용도지역코드,UQA121,제1종일반주거지역,1,0,,제1종일반주거지역,20221008
경상남도 양산시 동면 금산리 1444-14번지,48330,31027,0,1444,0014,1264100095657,,,,3,용도구역코드,UQQ310,제1종지구단위계획구역,1,0,,제1종지구단위계획구역,20221008
경상남도 양산시 동면 금산리 1444-15번지,48330,31027,0,1444,0015,1264100068842,,,,1,용도지역코드,UQA121,제1종일반주거지역,1,0,,제1종일반주거지역,20221008
경상남도 양산시 동면 금산리 1444-15번지,48330,31027,0,1444,0015,1264100051687,,,,1,용도지역코드,UQA121,제1종일반주거지역,1,0,,제1종일반주거지역,20221008
경상남도 양산시 동면 금산리 1444-15번지,48330,31027,0,1444,0015,1264100051687,,,,3,용도구역코드,UQQ310,제1종지구단위계획구역,1,0,,제1종지구단위계획구역,20221008
경상남도 양산시 동면 금산리 1444-16번지,48330,31027,0,1444,0016,1000000000000000571497,,,,3,용도구역코드,UQQ310,제1종지구단위계획구역,1,0,,제1종지구단위계획구역,20240816
경상남도 양산시 동면 금산리 1444-16번지,48330,31027,0,1444,0016,1000000000000000571497,,,,1,용도지역코드,UQA121,제1종일반주거지역,1,0,,제1종일반주거지역,20240816
경상남도 양산시 동면 금산리 1444-17번지,48330,31027,0,1444,0017,1264100111756,,,,1,용도지역코드,UQA121,제1종일반주거지역,1,0,,제1종일반주거지역,20221008
경상남도 양산시 동면 금산리 1444-17번지,48330,31027,0,1444,0017,1264100111756,,,,3,용도구역코드,UQQ310,제1종지구단위계획구역,1,0,,제1종지구단위계획구역,20221008
경상남도 양산시 동면 금산리 1444-18번지,48330,31027,0,1444,0018,1264100034269,,,,1,용도지역코드,UQA121,제1종일반주거지역,1,0,,제1종일반주거지역,20221008
경상남도 양산시 동면 금산리 1444-18번지,48330,31027,0,1444,0018,1264100034269,,,,3,용도구역코드,UQQ310,제1종지구단위계획구역,1,0,,제1종지구단위계획구역,20221008
경상남도 양산시 동면 금산리 1445-1번지,48330,31027,0,1445,0001,1264100104314,,,,1,용도지역코드,UQA121,제1종일반주거지역,1,0,,제1종일반주거지역,20221008
경상남도 양산시 동면 금산리 1445-1번지,48330,31027,0,1445,0001,1264100104314,,,,3,용도구역코드,UQQ310,제1종지구단위계획구역,1,0,,제1종지구단위계획구역,20221008
경상남도 양산시 동면 금산리 1445-2번지,48330,31027,0,1445,0002,1264100093261,,,,1,용도지역코드,UQA121,제1종일반주거지역,1,0,,제1종일반주거지역,20221008
경상남도 양산시 동면 금산리 1445-2번지,48330,31027,0,1445,0002,1264100093261,,,,3,용도구역코드,UQQ310,제1종지구단위계획구역,1,0,,제1종지구단위계획구역,20221008
경상남도 양산시 동면 금산리 1445-4번지,48330,31027,0,1445,0004,1264100051650,,,,1,용도지역코드,UQA121,제1종일반주거지역,1,0,,제1종일반주거지역,20221008
경상남도 양산시 동면 금산리 1445-4번지,48330,31027,0,1445,0004,1264100051650,,,,3,용도구역코드,UQQ310,제1종지구단위계획구역,1,0,,제1종지구단위계획구역,20221008
경상남도 양산시 동면 금산리 1445-8번지,48330,31027,0,1445,0008,1264100080400,,,,1,용도지역코드,UQA121,제1종일반주거지역,1,0,,제1종일반주거지역,20221008
경상남도 양산시 동면 금산리 1445-8번지,48330,31027,0,1445,0008,1264100080400,,,,3,용도구역코드,UQQ310,제1종지구단위계획구역,1,0,,제1종지구단위계획구역,20221008
경상남도 양산시 동면 금산리 1445-9번지,48330,31027,0,1445,0009,1264100066960,,,,1,용도지역코드,UQA121,제1종일반주거지역,1,0,,제1종일반주거지역,20221008
경상남도 양산시 동면 금산리 1445-9번지,48330,31027,0,1445,0009,1264100066960,,,,3,용도구역코드,UQQ310,제1종지구단위계획구역,1,0,,제1종지구단위계획구역,20221008
경상남도 양산시 동면 금산리 1445-9번지,48330,31027,0,1445,0009,1264100066960,,,,3,용도구역코드,UOA120,상대보호구역,0,0,,상대정화구역,20221008
경상남도 양산시 동면 금산리 1445-10번지,48330,31027,0,1445,0010,1264100098394,,,,1,용도지역코드,UQA121,제1종일반주거지역,1,0,,제1종일반주거지역,20221008
경상남도 양산시 동면 금산리 1445-10번지,48330,31027,0,1445,0010,1264100098394,,,,3,용도구역코드,UQQ310,제1종지구단위계획구역,1,0,,제1종지구단위계획구역,20221008
경상남도 양산시 동면 금산리 1445-10번지,48330,31027,0,1445,0010,1264100098394,,,,3,용도구역코드,UOA120,상대보호구역,0,0,,상대정화구역,20221008
경상남도 양산시 동면 금산리 1445-11번지,48330,31027,0,1445,0011,1264100110157,,,,1,용도지역코드,UQA121,제1종일반주거지역,1,0,,제1종일반주거지역,20221008
경상남도 양산시 동면 금산리 1445-11번지,48330,31027,0,1445,0011,1264100110157,,,,3,용도구역코드,UQQ310,제1종지구단위계획구역,1,0,,제1종지구단위계획구역,20221008
경상남도 양산시 동면 금산리 1445-12번지,48330,31027,0,1445,0012,1264100091964,,,,1,용도지역코드,UQA121,제1종일반주거지역,1,0,,제1종일반주거지역,20221008
경상남도 양산시 동면 금산리 1445-12번지,48330,31027,0,1445,0012,1264100091964,,,,3,용도구역코드,UQQ310,제1종지구단위계획구역,1,0,,제1종지구단위계획구역,20221008
경상남도 양산시 동면 금산리 1445-12번지,48330,31027,0,1445,0012,1264100091964,,,,3,용도구역코드,UOA120,상대보호구역,0,0,,상대정화구역,20221008
경상남도 양산시 동면 금산리 1445-13번지,48330,31027,0,1445,0013,1000000000000000890014,,,,3,용도구역코드,UOA120,상대보호구역,0,0,,상대보호구역,20260213
경상남도 양산시 동면 금산리 1445-13번지,48330,31027,0,1445,0013,1000000000000000890014,,,,3,용도구역코드,UQQ310,제1종지구단위계획구역,1,0,,제1종지구단위계획구역,20260213
경상남도 양산시 동면 금산리 1445-13번지,48330,31027,0,1445,0013,1000000000000000890014,,,,1,용도지역코드,UQA121,제1종일반주거지역,1,0,,제1종일반주거지역,20260213
경상남도 양산시 동면 금산리 1445-14번지,48330,31027,0,1445,0014,1264100060939,,,,1,용도지역코드,UQA121,제1종일반주거지역,1,0,,제1종일반주거지역,20221008
경상남도 양산시 동면 금산리 1445-14번지,48330,31027,0,1445,0014,1264100060939,,,,3,용도구역코드,UQQ310,제1종지구단위계획구역,1,0,,제1종지구단위계획구역,20221008
경상남도 양산시 동면 금산리 1445-16번지,48330,31027,0,1445,0016,1264100052048,,,,1,용도지역코드,UQA121,제1종일반주거지역,1,0,,제1종일반주거지역,20221008
경상남도 양산시 동면 금산리 1445-16번지,48330,31027,0,1445,0016,1264100052048,,,,3,용도구역코드,UQQ310,제1종지구단위계획구역,1,0,,제1종지구단위계획구역,20221008
경상남도 양산시 동면 금산리 1445-18번지,48330,31027,0,1445,0018,1264100095899,,,,1,용도지역코드,UQA121,제1종일반주거지역,1,0,,제1종일반주거지역,20221008
경상남도 양산시 동면 금산리 1445-18번지,48330,31027,0,1445,0018,1264100095899,,,,3,용도구역코드,UQQ310,제1종지구단위계획구역,1,0,,제1종지구단위계획구역,20221008
경상남도 양산시 동면 금산리 1446-1번지,48330,31027,0,1446,0001,1264100073859,,,,1,용도지역코드,UQA121,제1종일반주거지역,1,0,,제1종일반주거지역,20221008
경상남도 양산시 동면 금산리 1446-1번지,48330,31027,0,1446,0001,1264100073859,,,,3,용도구역코드,UQQ310,제1종지구단위계획구역,1,0,,제1종지구단위계획구역,20221008
경상남도 양산시 동면 금산리 1446-2번지,48330,31027,0,1446,0002,1264100103397,,,,1,용도지역코드,UQA121,제1종일반주거지역,1,0,,제1종일반주거지역,20221008
경상남도 양산시 동면 금산리 1446-2번지,48330,31027,0,1446,0002,1264100103397,,,,3,용도구역코드,UQQ310,제1종지구단위계획구역,1,0,,제1종지구단위계획구역,20221008
경상남도 양산시 동면 금산리 1446-3번지,48330,31027,0,1446,0003,1264100067159,,,,1,용도지역코드,UQA121,제1종일반주거지역,1,0,,제1종일반주거지역,20221008
경상남도 양산시 동면 금산리 1446-3번지,48330,31027,0,1446,0003,1264100067159,,,,3,용도구역코드,UQQ310,제1종지구단위계획구역,1,0,,제1종지구단위계획구역,20221008
경상남도 양산시 동면 금산리 1446-4번지,48330,31027,0,1446,0004,1264100084787,,,,1,용도지역코드,UQA121,제1종일반주거지역,1,0,,제1종일반주거지역,20221008
경상남도 양산시 동면 금산리 1446-4번지,48330,31027,0,1446,0004,1264100084787,,,,3,용도구역코드,UQQ310,제1종지구단위계획구역,1,0,,제1종지구단위계획구역,20221008
경상남도 양산시 동면 금산리 1446-5번지,48330,31027,0,1446,0005,1264100079319,,,,1,용도지역코드,UQA121,제1종일반주거지역,1,0,,제1종일반주거지역,20221008
경상남도 양산시 동면 금산리 1446-5번지,48330,31027,0,1446,0005,1264100079319,,,,3,용도구역코드,UQQ310,제1종지구단위계획구역,1,0,,제1종지구단위계획구역,20221008
경상남도 양산시 동면 금산리 1446-6번지,48330,31027,0,1446,0006,1264100040058,,,,1,용도지역코드,UQA121,제1종일반주거지역,1,0,,제1종일반주거지역,20221008
경상남도 양산시 동면 금산리 1446-6번지,48330,31027,0,1446,0006,1264100040058,,,,3,용도구역코드,UQQ310,제1종지구단위계획구역,1,0,,제1종지구단위계획구역,20221008
경상남도 양산시 동면 금산리 1446-6번지,48330,31027,0,1446,0006,1264100040058,,,,3,용도구역코드,UOA120,상대보호구역,0,0,,상대정화구역,20221008
경상남도 양산시 동면 금산리 1446-7번지,48330,31027,0,1446,0007,1264100115608,,,,1,용도지역코드,UQA121,제1종일반주거지역,1,0,,제1종일반주거지역,20221008
경상남도 양산시 동면 금산리 1446-7번지,48330,31027,0,1446,0007,1264100115608,,,,3,용도구역코드,UOA120,상대보호구역,1,0,,상대보호구역,20221008
경상남도 양산시 동면 금산리 1446-7번지,48330,31027,0,1446,0007,1264100115608,,,,3,용도구역코드,UQQ310,제1종지구단위계획구역,0,0,,제1종지구단위계획구역,20221008
경상남도 양산시 동면 금산리 1446-8번지,48330,31027,0,1446,0008,1264100052233,,,,1,용도지역코드,UQA121,제1종일반주거지역,1,0,,제1종일반주거지역,20221008
경상남도 양산시 동면 금산리 1446-8번지,48330,31027,0,1446,0008,1264100052233,,,,3,용도구역코드,UQQ310,제1종지구단위계획구역,1,0,,제1종지구단위계획구역,20221008
경상남도 양산시 동면 금산리 1446-11번지,48330,31027,0,1446,0011,1264100080005,,,,3,용도구역코드,UQQ310,제1종지구단위계획구역,1,0,,제1종지구단위계획구역,20221008
경상남도 양산시 동면 금산리 1446-11번지,48330,31027,0,1446,0011,1264100080005,,,,1,용도지역코드,UQA121,제1종일반주거지역,1,0,,제1종일반주거지역,20221008
경상남도 양산시 동면 금산리 1446-13번지,48330,31027,0,1446,0013,1264100075619,,,,1,용도지역코드,UQA121,제1종일반주거지역,1,0,,제1종일반주거지역,20221008
경상남도 양산시 동면 금산리 1446-13번지,48330,31027,0,1446,0013,1264100075619,,,,3,용도구역코드,UQQ310,제1종지구단위계획구역,1,0,,제1종지구단위계획구역,20221008
경상남도 양산시 동면 금산리 1446-14번지,48330,31027,0,1446,0014,1264100043606,,,,3,용도구역코드,UQQ310,제1종지구단위계획구역,1,0,,제1종지구단위계획구역,20221008
경상남도 양산시 동면 금산리 1446-14번지,48330,31027,0,1446,0014,1264100043606,,,,3,용도구역코드,UOA120,상대보호구역,0,0,,상대정화구역,20221008
경상남도 양산시 동면 금산리 1446-14번지,48330,31027,0,1446,0014,1264100043606,,,,1,용도지역코드,UQA121,제1종일반주거지역,1,0,,제1종일반주거지역,20221008
경상남도 양산시 동면 금산리 1446-15번지,48330,31027,0,1446,0015,1264100068600,,,,1,용도지역코드,UQA121,제1종일반주거지역,1,0,,제1종일반주거지역,20221008
경상남도 양산시 동면 금산리 1446-15번지,48330,31027,0,1446,0015,1264100068600,,,,3,용도구역코드,UQQ310,제1종지구단위계획구역,1,0,,제1종지구단위계획구역,20221008
경상남도 양산시 동면 금산리 1446-18번지,48330,31027,0,1446,0018,1264100026592,,,,1,용도지역코드,UQA121,제1종일반주거지역,1,0,,제1종일반주거지역,20221008
경상남도 양산시 동면 금산리 1446-19번지,48330,31027,0,1446,0019,1264100076563,,,,1,용도지역코드,UQA121,제1종일반주거지역,1,0,,제1종일반주거지역,20221008
경상남도 양산시 동면 금산리 1446-19번지,48330,31027,0,1446,0019,1264100076563,,,,3,용도구역코드,UQQ310,제1종지구단위계획구역,1,0,,제1종지구단위계획구역,20221008
경상남도 양산시 동면 금산리 1446-20번지,48330,31027,0,1446,0020,1264100051370,,,,1,용도지역코드,UQA121,제1종일반주거지역,1,0,,제1종일반주거지역,20221008
경상남도 양산시 동면 금산리 1446-20번지,48330,31027,0,1446,0020,1264100051370,,,,3,용도구역코드,UQQ310,제1종지구단위계획구역,1,0,,제1종지구단위계획구역,20221008
경상남도 양산시 동면 금산리 1446-20번지,48330,31027,0,1446,0020,1264100051370,,,,3,용도구역코드,UOA110,절대정화구역,0,0,,절대정화구역,20221008
경상남도 양산시 동면 금산리 1446-21번지,48330,31027,0,1446,0021,1264100051169,,,,1,용도지역코드,UQA121,제1종일반주거지역,1,0,,제1종일반주거지역,20221008
경상남도 양산시 동면 금산리 1446-21번지,48330,31027,0,1446,0021,1264100051169,,,,3,용도구역코드,UQQ310,제1종지구단위계획구역,1,0,,제1종지구단위계획구역,20221008
경상남도 양산시 동면 금산리 1446-21번지,48330,31027,0,1446,0021,1264100051169,,,,3,용도구역코드,UOA110,절대정화구역,0,0,,절대정화구역,20221008
경상남도 양산시 동면 금산리 1446-23번지,48330,31027,0,1446,0023,1264100040582,,,,1,용도지역코드,UQA121,제1종일반주거지역,1,0,,제1종일반주거지역,20221008
경상남도 양산시 동면 금산리 1446-23번지,48330,31027,0,1446,0023,1264100040582,,,,3,용도구역코드,UQQ310,제1종지구단위계획구역,1,0,,제1종지구단위계획구역,20221008
경상남도 양산시 동면 금산리 1446-23번지,48330,31027,0,1446,0023,1264100040582,,,,3,용도구역코드,UOA110,절대정화구역,0,0,,절대정화구역,20221008
경상남도 양산시 동면 금산리 1446-24번지,48330,31027,0,1446,0024,1264100040213,,,,1,용도지역코드,UQA121,제1종일반주거지역,1,0,,제1종일반주거지역,20221008
경상남도 양산시 동면 금산리 1446-24번지,48330,31027,0,1446,0024,1264100040213,,,,3,용도구역코드,UQQ310,제1종지구단위계획구역,1,0,,제1종지구단위계획구역,20221008
경상남도 양산시 동면 금산리 1446-24번지,48330,31027,0,1446,0024,1264100040213,,,,3,용도구역코드,UOA110,절대정화구역,0,0,,절대정화구역,20221008
경상남도 양산시 동면 금산리 1446-26번지,48330,31027,0,1446,0026,1264100048926,,,,1,용도지역코드,UQA121,제1종일반주거지역,1,0,,제1종일반주거지역,20221008
경상남도 양산시 동면 금산리 1446-26번지,48330,31027,0,1446,0026,1264100048926,,,,3,용도구역코드,UQQ310,제1종지구단위계획구역,1,0,,제1종지구단위계획구역,20221008
경상남도 양산시 동면 금산리 1446-26번지,48330,31027,0,1446,0026,1264100048926,,,,3,용도구역코드,UOA110,절대정화구역,0,0,,절대정화구역,20221008
경상남도 양산시 동면 금산리 1446-27번지,48330,31027,0,1446,0027,1264100033004,,,,1,용도지역코드,UQA121,제1종일반주거지역,1,0,,제1종일반주거지역,20221008
경상남도 양산시 동면 금산리 1446-27번지,48330,31027,0,1446,0027,1264100033004,,,,3,용도구역코드,UQQ310,제1종지구단위계획구역,1,0,,제1종지구단위계획구역,20221008
경상남도 양산시 동면 금산리 1446-27번지,48330,31027,0,1446,0027,1264100033004,,,,3,용도구역코드,UOA110,절대정화구역,0,0,,절대정화구역,20221008
경상남도 양산시 동면 금산리 1446-29번지,48330,31027,0,1446,0029,1264100033003,,,,1,용도지역코드,UQA121,제1종일반주거지역,1,0,,제1종일반주거지역,20221008
경상남도 양산시 동면 금산리 1446-29번지,48330,31027,0,1446,0029,1264100033003,,,,3,용도구역코드,UQQ310,제1종지구단위계획구역,1,0,,제1종지구단위계획구역,20221008
경상남도 양산시 동면 금산리 1446-29번지,48330,31027,0,1446,0029,1264100033003,,,,3,용도구역코드,UOA110,절대정화구역,0,0,,절대정화구역,20221008
경상남도 양산시 동면 금산리 1446-30번지,48330,31027,0,1446,0030,1264100052177,,,,1,용도지역코드,UQA121,제1종일반주거지역,1,0,,제1종일반주거지역,20221008
경상남도 양산시 동면 금산리 1446-30번지,48330,31027,0,1446,0030,1264100052177,,,,3,용도구역코드,UQQ310,제1종지구단위계획구역,1,0,,제1종지구단위계획구역,20221008
경상남도 양산시 동면 금산리 1446-31번지,48330,31027,0,1446,0031,1264100034572,,,,1,용도지역코드,UQA121,제1종일반주거지역,1,0,,제1종일반주거지역,20221008
경상남도 양산시 동면 금산리 1446-31번지,48330,31027,0,1446,0031,1264100034572,,,,3,용도구역코드,UQQ310,제1종지구단위계획구역,1,0,,제1종지구단위계획구역,20221008
경상남도 양산시 동면 금산리 1446-32번지,48330,31027,0,1446,0032,1264100033045,,,,1,용도지역코드,UQA121,제1종일반주거지역,1,0,,제1종일반주거지역,20221008
경상남도 양산시 동면 금산리 1446-32번지,48330,31027,0,1446,0032,1264100033045,,,,3,용도구역코드,UQQ310,제1종지구단위계획구역,1,0,,제1종지구단위계획구역,20221008
경상남도 양산시 동면 금산리 1447-2번지,48330,31027,0,1447,0002,1000000000000000618151,,,,1,용도지역코드,UQA130,준주거지역,1,0,,준주거지역,20250319
경상남도 양산시 동면 금산리 1447-2번지,48330,31027,0,1447,0002,1000000000000000618151,,,,3,용도구역코드,UQQ310,제1종지구단위계획구역,1,0,,제1종지구단위계획구역,20250319
경상남도 양산시 동면 금산리 1447-3번지,48330,31027,0,1447,0003,1264100139666,,,,1,용도지역코드,UQA130,준주거지역,1,0,,준주거지역,20221008
경상남도 양산시 동면 금산리 1447-3번지,48330,31027,0,1447,0003,1264100139666,,,,3,용도구역코드,UQQ310,제1종지구단위계획구역,1,0,,제1종지구단위계획구역,20221008
경상남도 양산시 동면 금산리 1447-3번지,48330,31027,0,1447,0003,1264100139666,,,,3,용도구역코드,UMZ100,가축사육제한구역,0,0,,가축사육제한구역,20221008
경상남도 양산시 동면 금산리 1447-3번지,48330,31027,0,1447,0003,1264100139666,,,,3,용도구역코드,UOA120,상대보호구역,0,0,,상대보호구역,20221008
경상남도 양산시 동면 금산리 1447-3번지,48330,31027,0,1447,0003,1264100069599,,,,1,용도지역코드,UQA130,준주거지역,1,0,,준주거지역,20221008
경상남도 양산시 동면 금산리 1447-3번지,48330,31027,0,1447,0003,1264100069599,,,,3,용도구역코드,UQQ310,제1종지구단위계획구역,1,0,,제1종지구단위계획구역,20221008
경상남도 양산시 동면 금산리 1447-3번지,48330,31027,0,1447,0003,1264100069599,,,,3,용도구역코드,UOA120,상대보호구역,0,0,,상대정화구역,20221008
경상남도 양산시 동면 금산리 1447-4번지,48330,31027,0,1447,0004,1264100084225,,,,1,용도지역코드,UQA130,준주거지역,1,0,,준주거지역,20221008
경상남도 양산시 동면 금산리 1447-4번지,48330,31027,0,1447,0004,1264100084225,,,,3,용도구역코드,UQQ310,제1종지구단위계획구역,1,0,,제1종지구단위계획구역,20221008
경상남도 양산시 동면 금산리 1447-4번지,48330,31027,0,1447,0004,1264100084225,,,,3,용도구역코드,UOA120,상대보호구역,0,0,,상대정화구역,20221008
경상남도 양산시 동면 금산리 1447-5번지,48330,31027,0,1447,0005,1264100048448,,,,1,용도지역코드,UQA130,준주거지역,1,0,,준주거지역,20221008
경상남도 양산시 동면 금산리 1447-5번지,48330,31027,0,1447,0005,1264100048448,,,,3,용도구역코드,UQQ310,제1종지구단위계획구역,1,0,,제1종지구단위계획구역,20221008
경상남도 양산시 동면 금산리 1447-5번지,48330,31027,0,1447,0005,1264100048448,,,,3,용도구역코드,UOA120,상대보호구역,0,0,,상대정화구역,20221008
경상남도 양산시 동면 금산리 1447-6번지,48330,31027,0,1447,0006,1000000000000000609325,,,,1,용도지역코드,UQA130,준주거지역,1,0,,준주거지역,20241030
경상남도 양산시 동면 금산리 1448-1번지,48330,31027,0,1448,0001,1264100051728,,,,3,용도구역코드,UQQ310,제1종지구단위계획구역,1,0,,제1종지구단위계획구역,20221008
경상남도 양산시 동면 금산리 1448-1번지,48330,31027,0,1448,0001,1264100051728,,,,3,용도구역코드,UOA120,상대보호구역,0,0,,상대정화구역,20221008
경상남도 양산시 동면 금산리 1448-1번지,48330,31027,0,1448,0001,1264100051728,,,,1,용도지역코드,UQA121,제1종일반주거지역,1,0,,제1종일반주거지역,20221008
경상남도 양산시 동면 금산리 1448-2번지,48330,31027,0,1448,0002,1264100027412,,,,1,용도지역코드,UQA121,제1종일반주거지역,1,0,,제1종일반주거지역,20221008
경상남도 양산시 동면 금산리 1448-2번지,48330,31027,0,1448,0002,1264100027412,,,,3,용도구역코드,UQQ310,제1종지구단위계획구역,1,0,,제1종지구단위계획구역,20221008
경상남도 양산시 동면 금산리 1448-3번지,48330,31027,0,1448,0003,1264100095928,,,,1,용도지역코드,UQA121,제1종일반주거지역,1,0,,제1종일반주거지역,20221008
경상남도 양산시 동면 금산리 1448-3번지,48330,31027,0,1448,0003,1264100095928,,,,3,용도구역코드,UQQ310,제1종지구단위계획구역,1,0,,제1종지구단위계획구역,20221008
경상남도 양산시 동면 금산리 1448-4번지,48330,31027,0,1448,0004,1264100033545,,,,3,용도구역코드,UQQ310,제1종지구단위계획구역,1,0,,제1종지구단위계획구역,20221008
경상남도 양산시 동면 금산리 1448-4번지,48330,31027,0,1448,0004,1264100033545,,,,1,용도지역코드,UQA121,제1종일반주거지역,1,0,,제1종일반주거지역,20221008
경상남도 양산시 동면 금산리 1448-4번지,48330,31027,0,1448,0004,1264100047029,,,,1,용도지역코드,UQA121,제1종일반주거지역,1,0,,제1종일반주거지역,20221008
경상남도 양산시 동면 금산리 1448-4번지,48330,31027,0,1448,0004,1264100047029,,,,3,용도구역코드,UQQ310,제1종지구단위계획구역,1,0,,제1종지구단위계획구역,20221008
경상남도 양산시 동면 금산리 1448-4번지,48330,31027,0,1448,0004,1264100047029,,,,3,용도구역코드,UOA120,상대보호구역,0,0,,상대정화구역,20221008
경상남도 양산시 동면 금산리 1448-5번지,48330,31027,0,1448,0005,1264100092723,,,,1,용도지역코드,UQA121,제1종일반주거지역,1,0,,제1종일반주거지역,20221008
경상남도 양산시 동면 금산리 1448-5번지,48330,31027,0,1448,0005,1264100092723,,,,3,용도구역코드,UQQ310,제1종지구단위계획구역,1,0,,제1종지구단위계획구역,20221008
경상남도 양산시 동면 금산리 1448-5번지,48330,31027,0,1448,0005,1264100092723,,,,3,용도구역코드,UOA120,상대보호구역,0,0,,상대정화구역,20221008
경상남도 양산시 동면 금산리 1448-6번지,48330,31027,0,1448,0006,1264100068760,,,,3,용도구역코드,UQQ310,제1종지구단위계획구역,1,0,,제1종지구단위계획구역,20221008
경상남도 양산시 동면 금산리 1448-6번지,48330,31027,0,1448,0006,1264100068760,,,,1,용도지역코드,UQA121,제1종일반주거지역,1,0,,제1종일반주거지역,20221008
경상남도 양산시 동면 금산리 1448-7번지,48330,31027,0,1448,0007,1264100052338,,,,1,용도지역코드,UQA121,제1종일반주거지역,1,0,,제1종일반주거지역,20221008
경상남도 양산시 동면 금산리 1448-7번지,48330,31027,0,1448,0007,1264100052338,,,,3,용도구역코드,UQQ310,제1종지구단위계획구역,1,0,,제1종지구단위계획구역,20221008
경상남도 양산시 동면 금산리 1448-7번지,48330,31027,0,1448,0007,1264100052338,,,,3,용도구역코드,UOA120,상대보호구역,0,0,,상대정화구역,20221008
경상남도 양산시 동면 금산리 1448-8번지,48330,31027,0,1448,0008,1264100043985,,,,1,용도지역코드,UQA121,제1종일반주거지역,1,0,,제1종일반주거지역,20221008
경상남도 양산시 동면 금산리 1448-8번지,48330,31027,0,1448,0008,1264100043985,,,,3,용도구역코드,UQQ310,제1종지구단위계획구역,1,0,,제1종지구단위계획구역,20221008
경상남도 양산시 동면 금산리 1448-9번지,48330,31027,0,1448,0009,1264100053328,,,,3,용도구역코드,UQQ310,제1종지구단위계획구역,1,0,,제1종지구단위계획구역,20221008
경상남도 양산시 동면 금산리 1448-9번지,48330,31027,0,1448,0009,1264100053328,,,,1,용도지역코드,UQA121,제1종일반주거지역,1,0,,제1종일반주거지역,20221008
경상남도 양산시 동면 금산리 1448-10번지,48330,31027,0,1448,0010,1264100033047,,,,1,용도지역코드,UQA121,제1종일반주거지역,1,0,,제1종일반주거지역,20221008
경상남도 양산시 동면 금산리 1448-10번지,48330,31027,0,1448,0010,1264100033047,,,,3,용도구역코드,UQQ310,제1종지구단위계획구역,1,0,,제1종지구단위계획구역,20221008
경상남도 양산시 동면 금산리 1448-12번지,48330,31027,0,1448,0012,1264100051853,,,,1,용도지역코드,UQA121,제1종일반주거지역,1,0,,제1종일반주거지역,20221008
경상남도 양산시 동면 금산리 1448-12번지,48330,31027,0,1448,0012,1264100051853,,,,3,용도구역코드,UQQ310,제1종지구단위계획구역,1,0,,제1종지구단위계획구역,20221008
경상남도 양산시 동면 금산리 1448-13번지,48330,31027,0,1448,0013,1264100051299,,,,1,용도지역코드,UQA121,제1종일반주거지역,1,0,,제1종일반주거지역,20221008
경상남도 양산시 동면 금산리 1448-13번지,48330,31027,0,1448,0013,1264100051299,,,,3,용도구역코드,UQQ310,제1종지구단위계획구역,1,0,,제1종지구단위계획구역,20221008
경상남도 양산시 동면 금산리 1448-14번지,48330,31027,0,1448,0014,1264100081579,,,,1,용도지역코드,UQA121,제1종일반주거지역,1,0,,제1종일반주거지역,20221008
경상남도 양산시 동면 금산리 1448-15번지,48330,31027,0,1448,0015,1264100108981,,,,1,용도지역코드,UQA121,제1종일반주거지역,1,0,,제1종일반주거지역,20221008
경상남도 양산시 동면 금산리 1448-15번지,48330,31027,0,1448,0015,1264100108981,,,,3,용도구역코드,UOA120,상대보호구역,1,0,,상대보호구역,20221008
경상남도 양산시 동면 금산리 1448-15번지,48330,31027,0,1448,0015,1264100108981,,,,3,용도구역코드,UQQ310,제1종지구단위계획구역,0,0,,제1종지구단위계획구역,20221008
경상남도 양산시 동면 금산리 1448-16번지,48330,31027,0,1448,0016,1264100104315,,,,1,용도지역코드,UQA121,제1종일반주거지역,1,0,,제1종일반주거지역,20221008
경상남도 양산시 동면 금산리 1448-16번지,48330,31027,0,1448,0016,1264100104315,,,,3,용도구역코드,UOA120,상대보호구역,1,0,,상대보호구역,20221008
경상남도 양산시 동면 금산리 1448-16번지,48330,31027,0,1448,0016,1264100104315,,,,3,용도구역코드,UQQ310,제1종지구단위계획구역,0,0,,제1종지구단위계획구역,20221008
경상남도 양산시 동면 금산리 1448-17번지,48330,31027,0,1448,0017,1264100051652,,,,1,용도지역코드,UQA121,제1종일반주거지역,1,0,,제1종일반주거지역,20221008
경상남도 양산시 동면 금산리 1448-17번지,48330,31027,0,1448,0017,1264100051652,,,,3,용도구역코드,UQQ310,제1종지구단위계획구역,1,0,,제1종지구단위계획구역,20221008
경상남도 양산시 동면 금산리 1448-18번지,48330,31027,0,1448,0018,1264100051731,,,,1,용도지역코드,UQA121,제1종일반주거지역,1,0,,제1종일반주거지역,20221008
경상남도 양산시 동면 금산리 1448-18번지,48330,31027,0,1448,0018,1264100051731,,,,3,용도구역코드,UQQ310,제1종지구단위계획구역,1,0,,제1종지구단위계획구역,20221008
경상남도 양산시 동면 금산리 1449-1번지,48330,31027,0,1449,0001,1264100026029,,,,1,용도지역코드,UQA121,제1종일반주거지역,1,0,,제1종일반주거지역,20221008
경상남도 양산시 동면 금산리 1449-1번지,48330,31027,0,1449,0001,1264100026029,,,,3,용도구역코드,UQQ310,제1종지구단위계획구역,1,0,,제1종지구단위계획구역,20221008
경상남도 양산시 동면 금산리 1449-2번지,48330,31027,0,1449,0002,1264100151730,,,,1,용도지역코드,UQA121,제1종일반주거지역,1,0,,제1종일반주거지역,20221008
경상남도 양산시 동면 금산리 1449-2번지,48330,31027,0,1449,0002,1264100151730,,,,3,용도구역코드,UOA120,상대보호구역,1,0,,상대보호구역,20221008
경상남도 양산시 동면 금산리 1449-2번지,48330,31027,0,1449,0002,1264100151730,,,,3,용도구역코드,UQQ310,제1종지구단위계획구역,0,0,,제1종지구단위계획구역,20221008
경상남도 양산시 동면 금산리 1449-4번지,48330,31027,0,1449,0004,1264100095931,,,,1,용도지역코드,UQA121,제1종일반주거지역,1,0,,제1종일반주거지역,20221008
경상남도 양산시 동면 금산리 1449-4번지,48330,31027,0,1449,0004,1264100095931,,,,3,용도구역코드,UQQ310,제1종지구단위계획구역,1,0,,제1종지구단위계획구역,20221008
경상남도 양산시 동면 금산리 1449-5번지,48330,31027,0,1449,0005,1264100047226,,,,1,용도지역코드,UQA121,제1종일반주거지역,1,0,,제1종일반주거지역,20221008
경상남도 양산시 동면 금산리 1449-5번지,48330,31027,0,1449,0005,1264100047226,,,,3,용도구역코드,UQQ310,제1종지구단위계획구역,1,0,,제1종지구단위계획구역,20221008
경상남도 양산시 동면 금산리 1449-7번지,48330,31027,0,1449,0007,1264100051637,,,,3,용도구역코드,UOA120,상대보호구역,0,0,,상대정화구역,20221008
경상남도 양산시 동면 금산리 1449-7번지,48330,31027,0,1449,0007,1264100051637,,,,1,용도지역코드,UQA121,제1종일반주거지역,1,0,,제1종일반주거지역,20221008
경상남도 양산시 동면 금산리 1449-7번지,48330,31027,0,1449,0007,1264100051637,,,,3,용도구역코드,UQQ310,제1종지구단위계획구역,1,0,,제1종지구단위계획구역,20221008
경상남도 양산시 동면 금산리 1449-8번지,48330,31027,0,1449,0008,1264100051638,,,,1,용도지역코드,UQA121,제1종일반주거지역,1,0,,제1종일반주거지역,20221008
경상남도 양산시 동면 금산리 1449-8번지,48330,31027,0,1449,0008,1264100051638,,,,3,용도구역코드,UQQ310,제1종지구단위계획구역,1,0,,제1종지구단위계획구역,20221008
경상남도 양산시 동면 금산리 1449-8번지,48330,31027,0,1449,0008,1264100051638,,,,3,용도구역코드,UOA120,상대보호구역,0,0,,상대정화구역,20221008
경상남도 양산시 동면 금산리 1449-9번지,48330,31027,0,1449,0009,1264100108759,,,,1,용도지역코드,UQA121,제1종일반주거지역,1,0,,제1종일반주거지역,20221008
경상남도 양산시 동면 금산리 1449-9번지,48330,31027,0,1449,0009,1264100108759,,,,3,용도구역코드,UQQ310,제1종지구단위계획구역,1,0,,제1종지구단위계획구역,20221008
경상남도 양산시 동면 금산리 1449-11번지,48330,31027,0,1449,0011,1264100052335,,,,1,용도지역코드,UQA121,제1종일반주거지역,1,0,,제1종일반주거지역,20221008
경상남도 양산시 동면 금산리 1449-11번지,48330,31027,0,1449,0011,1264100052335,,,,3,용도구역코드,UQQ310,제1종지구단위계획구역,1,0,,제1종지구단위계획구역,20221008
경상남도 양산시 동면 금산리 1449-11번지,48330,31027,0,1449,0011,1264100052335,,,,3,용도구역코드,UOA110,절대정화구역,0,0,,절대정화구역,20221008
경상남도 양산시 동면 금산리 1449-11번지,48330,31027,0,1449,0011,1264100052335,,,,3,용도구역코드,UOA120,상대보호구역,0,0,,상대정화구역,20221008
경상남도 양산시 동면 금산리 1449-12번지,48330,31027,0,1449,0012,1264100023589,,,,1,용도지역코드,UQA121,제1종일반주거지역,1,0,,제1종일반주거지역,20221008
경상남도 양산시 동면 금산리 1449-14번지,48330,31027,0,1449,0014,1264100095109,,,,1,용도지역코드,UQA121,제1종일반주거지역,1,0,,제1종일반주거지역,20221008
경상남도 양산시 동면 금산리 1449-14번지,48330,31027,0,1449,0014,1264100095109,,,,3,용도구역코드,UQQ310,제1종지구단위계획구역,1,0,,제1종지구단위계획구역,20221008
경상남도 양산시 동면 금산리 1449-15번지,48330,31027,0,1449,0015,1264100063900,,,,1,용도지역코드,UQA121,제1종일반주거지역,1,0,,제1종일반주거지역,20221008
경상남도 양산시 동면 금산리 1449-15번지,48330,31027,0,1449,0015,1264100063900,,,,3,용도구역코드,UOA120,상대보호구역,,,,상대정화구역,20221008
경상남도 양산시 동면 금산리 1449-15번지,48330,31027,0,1449,0015,1264100063900,,,,3,용도구역코드,UQQ310,제1종지구단위계획구역,1,0,,제1종지구단위계획구역,20221008
경상남도 양산시 동면 금산리 1449-15번지,48330,31027,0,1449,0015,1264100112804,,,,1,용도지역코드,UQA121,제1종일반주거지역,1,0,,제1종일반주거지역,20221008
경상남도 양산시 동면 금산리 1449-15번지,48330,31027,0,1449,0015,1264100112804,,,,3,용도구역코드,UOA120,상대보호구역,1,0,,상대보호구역,20221008
경상남도 양산시 동면 금산리 1449-15번지,48330,31027,0,1449,0015,1264100112804,,,,3,용도구역코드,UQQ310,제1종지구단위계획구역,0,0,,제1종지구단위계획구역,20221008
경상남도 양산시 동면 금산리 1449-16번지,48330,31027,0,1449,0016,1264100046525,,,,1,용도지역코드,UQA121,제1종일반주거지역,1,0,,제1종일반주거지역,20221008
경상남도 양산시 동면 금산리 1449-16번지,48330,31027,0,1449,0016,1264100046525,,,,3,용도구역코드,UQQ310,제1종지구단위계획구역,1,0,,제1종지구단위계획구역,20221008
경상남도 양산시 동면 금산리 1449-16번지,48330,31027,0,1449,0016,1264100046525,,,,3,용도구역코드,UOA120,상대보호구역,0,0,,상대정화구역,20221008
경상남도 양산시 동면 금산리 1449-17번지,48330,31027,0,1449,0017,1264100034329,,,,1,용도지역코드,UQA121,제1종일반주거지역,1,0,,제1종일반주거지역,20221008
경상남도 양산시 동면 금산리 1449-17번지,48330,31027,0,1449,0017,1264100034329,,,,3,용도구역코드,UQQ310,제1종지구단위계획구역,1,0,,제1종지구단위계획구역,20221008
경상남도 양산시 동면 금산리 1449-18번지,48330,31027,0,1449,0018,1264100091265,,,,3,용도구역코드,UQQ310,제1종지구단위계획구역,1,0,,제1종지구단위계획구역,20221008
경상남도 양산시 동면 금산리 1449-18번지,48330,31027,0,1449,0018,1264100091265,,,,1,용도지역코드,UQA121,제1종일반주거지역,1,0,,제1종일반주거지역,20221008
경상남도 양산시 동면 금산리 1450-1번지,48330,31027,0,1450,0001,1264100114722,,,,1,용도지역코드,UQA121,제1종일반주거지역,1,0,,제1종일반주거지역,20221008
경상남도 양산시 동면 금산리 1450-1번지,48330,31027,0,1450,0001,1264100114722,,,,3,용도구역코드,UOA120,상대보호구역,1,0,,상대보호구역,20221008
경상남도 양산시 동면 금산리 1450-1번지,48330,31027,0,1450,0001,1264100114722,,,,3,용도구역코드,UQQ310,제1종지구단위계획구역,0,0,,제1종지구단위계획구역,20221008
경상남도 양산시 동면 금산리 1450-2번지,48330,31027,0,1450,0002,1264100035212,,,,1,용도지역코드,UQA121,제1종일반주거지역,1,0,,제1종일반주거지역,20221008
경상남도 양산시 동면 금산리 1450-2번지,48330,31027,0,1450,0002,1264100035212,,,,3,용도구역코드,UQQ310,제1종지구단위계획구역,1,0,,제1종지구단위계획구역,20221008
경상남도 양산시 동면 금산리 1450-2번지,48330,31027,0,1450,0002,1264100035212,,,,3,용도구역코드,UOA120,상대보호구역,0,0,,상대정화구역,20221008
경상남도 양산시 동면 금산리 1450-3번지,48330,31027,0,1450,0003,1264100114940,,,,1,용도지역코드,UQA121,제1종일반주거지역,1,0,,제1종일반주거지역,20221008
경상남도 양산시 동면 금산리 1450-3번지,48330,31027,0,1450,0003,1264100114940,,,,3,용도구역코드,UOA120,상대보호구역,1,0,,상대보호구역,20221008
경상남도 양산시 동면 금산리 1450-3번지,48330,31027,0,1450,0003,1264100114940,,,,3,용도구역코드,UQQ310,제1종지구단위계획구역,0,0,,제1종지구단위계획구역,20221008
경상남도 양산시 동면 금산리 1450-4번지,48330,31027,0,1450,0004,1264100076784,,,,3,용도구역코드,UOA120,상대보호구역,0,0,,상대정화구역,20221008
경상남도 양산시 동면 금산리 1450-4번지,48330,31027,0,1450,0004,1264100076784,,,,1,용도지역코드,UQA121,제1종일반주거지역,1,0,,제1종일반주거지역,20221008
경상남도 양산시 동면 금산리 1450-4번지,48330,31027,0,1450,0004,1264100076784,,,,3,용도구역코드,UQQ310,제1종지구단위계획구역,1,0,,제1종지구단위계획구역,20221008
경상남도 양산시 동면 금산리 1450-5번지,48330,31027,0,1450,0005,1264100109896,,,,1,용도지역코드,UQA121,제1종일반주거지역,1,0,,제1종일반주거지역,20221008
경상남도 양산시 동면 금산리 1450-5번지,48330,31027,0,1450,0005,1264100109896,,,,3,용도구역코드,UQQ310,제1종지구단위계획구역,1,0,,제1종지구단위계획구역,20221008
경상남도 양산시 동면 금산리 1450-6번지,48330,31027,0,1450,0006,1264100102176,,,,1,용도지역코드,UQA121,제1종일반주거지역,1,0,,제1종일반주거지역,20221008
경상남도 양산시 동면 금산리 1450-6번지,48330,31027,0,1450,0006,1264100102176,,,,3,용도구역코드,UQQ310,제1종지구단위계획구역,1,0,,제1종지구단위계획구역,20221008
경상남도 양산시 동면 금산리 1450-7번지,48330,31027,0,1450,0007,1264100079781,,,,1,용도지역코드,UQA121,제1종일반주거지역,1,0,,제1종일반주거지역,20221008
경상남도 양산시 동면 금산리 1450-7번지,48330,31027,0,1450,0007,1264100079781,,,,3,용도구역코드,UQQ310,제1종지구단위계획구역,1,0,,제1종지구단위계획구역,20221008
경상남도 양산시 동면 금산리 1450-8번지,48330,31027,0,1450,0008,1264100054435,,,,1,용도지역코드,UQA121,제1종일반주거지역,1,0,,제1종일반주거지역,20221008
경상남도 양산시 동면 금산리 1450-8번지,48330,31027,0,1450,0008,1264100054435,,,,3,용도구역코드,UQQ310,제1종지구단위계획구역,1,0,,제1종지구단위계획구역,20221008
경상남도 양산시 동면 금산리 1450-9번지,48330,31027,0,1450,0009,1264100039712,,,,1,용도지역코드,UQA121,제1종일반주거지역,1,0,,제1종일반주거지역,20221008
경상남도 양산시 동면 금산리 1450-9번지,48330,31027,0,1450,0009,1264100039712,,,,3,용도구역코드,UQQ310,제1종지구단위계획구역,1,0,,제1종지구단위계획구역,20221008
경상남도 양산시 동면 금산리 1450-9번지,48330,31027,0,1450,0009,1264100039712,,,,3,용도구역코드,UOA110,절대정화구역,0,0,,절대정화구역,20221008
경상남도 양산시 동면 금산리 1450-9번지,48330,31027,0,1450,0009,1264100039712,,,,3,용도구역코드,UOA120,상대보호구역,0,0,,상대정화구역,20221008
경상남도 양산시 동면 금산리 1450-10번지,48330,31027,0,1450,0010,1264100034912,,,,1,용도지역코드,UQA121,제1종일반주거지역,1,0,,제1종일반주거지역,20221008
경상남도 양산시 동면 금산리 1450-10번지,48330,31027,0,1450,0010,1264100034912,,,,3,용도구역코드,UQQ310,제1종지구단위계획구역,1,0,,제1종지구단위계획구역,20221008
경상남도 양산시 동면 금산리 1450-10번지,48330,31027,0,1450,0010,1264100034912,,,,3,용도구역코드,UOA110,절대정화구역,0,0,,절대정화구역,20221008
경상남도 양산시 동면 금산리 1450-10번지,48330,31027,0,1450,0010,1264100034912,,,,3,용도구역코드,UOA120,상대보호구역,0,0,,상대정화구역,20221008
경상남도 양산시 동면 금산리 1450-11번지,48330,31027,0,1450,0011,1264100081982,,,,1,용도지역코드,UQA121,제1종일반주거지역,1,0,,제1종일반주거지역,20221008
경상남도 양산시 동면 금산리 1450-11번지,48330,31027,0,1450,0011,1264100081982,,,,3,용도구역코드,UQQ310,제1종지구단위계획구역,1,0,,제1종지구단위계획구역,20221008
경상남도 양산시 동면 금산리 1450-12번지,48330,31027,0,1450,0012,1264100110896,,,,1,용도지역코드,UQA121,제1종일반주거지역,1,0,,제1종일반주거지역,20221008
경상남도 양산시 동면 금산리 1450-12번지,48330,31027,0,1450,0012,1264100110896,,,,3,용도구역코드,UQQ310,제1종지구단위계획구역,1,0,,제1종지구단위계획구역,20221008
경상남도 양산시 동면 금산리 1450-12번지,48330,31027,0,1450,0012,1264100110896,,,,3,용도구역코드,UMZ100,가축사육제한구역,0,0,,가축사육제한구역,20221008
경상남도 양산시 동면 금산리 1450-12번지,48330,31027,0,1450,0012,1264100103493,,,,1,용도지역코드,UQA121,제1종일반주거지역,1,0,,제1종일반주거지역,20221008
경상남도 양산시 동면 금산리 1450-12번지,48330,31027,0,1450,0012,1264100103493,,,,3,용도구역코드,UQQ310,제1종지구단위계획구역,,,,제1종지구단위계획구역,20221008
경상남도 양산시 동면 금산리 1450-12번지,48330,31027,0,1450,0012,1264100103493,,,,3,용도구역코드,UOA120,상대보호구역,1,0,,상대보호구역,20221008
경상남도 양산시 동면 금산리 1450-13번지,48330,31027,0,1450,0013,1264100096908,,,,3,용도구역코드,UOA120,상대보호구역,0,0,,상대정화구역,20221008
경상남도 양산시 동면 금산리 1450-13번지,48330,31027,0,1450,0013,1264100096908,,,,1,용도지역코드,UQA121,제1종일반주거지역,1,0,,제1종일반주거지역,20221008
경상남도 양산시 동면 금산리 1450-13번지,48330,31027,0,1450,0013,1264100096908,,,,3,용도구역코드,UQQ310,제1종지구단위계획구역,1,0,,제1종지구단위계획구역,20221008
경상남도 양산시 동면 금산리 1450-15번지,48330,31027,0,1450,0015,1264100091117,,,,3,용도구역코드,UQQ310,제1종지구단위계획구역,1,0,,제1종지구단위계획구역,20241011
경상남도 양산시 동면 금산리 1450-15번지,48330,31027,0,1450,0015,1264100091117,,,,1,용도지역코드,UQA121,제1종일반주거지역,1,0,,제1종일반주거지역,20241011
경상남도 양산시 동면 금산리 1450-16번지,48330,31027,0,1450,0016,1264100036653,,,,1,용도지역코드,UQA121,제1종일반주거지역,1,0,,제1종일반주거지역,20221008
경상남도 양산시 동면 금산리 1450-16번지,48330,31027,0,1450,0016,1264100036653,,,,3,용도구역코드,UQQ310,제1종지구단위계획구역,1,0,,제1종지구단위계획구역,20221008
경상남도 양산시 동면 금산리 1450-16번지,48330,31027,0,1450,0016,1264100036593,,,,1,용도지역코드,UQA121,제1종일반주거지역,1,0,,제1종일반주거지역,20221008
경상남도 양산시 동면 금산리 1450-16번지,48330,31027,0,1450,0016,1264100036593,,,,3,용도구역코드,UQQ310,제1종지구단위계획구역,1,0,,제1종지구단위계획구역,20221008
경상남도 양산시 동면 금산리 1450-17번지,48330,31027,0,1450,0017,1264100099355,,,,1,용도지역코드,UQA121,제1종일반주거지역,1,0,,제1종일반주거지역,20221008
경상남도 양산시 동면 금산리 1450-17번지,48330,31027,0,1450,0017,1264100099355,,,,2,용도지구코드,,,1,0,,,20221008
경상남도 양산시 동면 금산리 1450-17번지,48330,31027,0,1450,0017,1264100099355,,,,3,용도구역코드,UOA120,상대보호구역,0,0,,상대보호구역,20221008
경상남도 양산시 동면 금산리 1450-17번지,48330,31027,0,1450,0017,1264100099355,,,,3,용도구역코드,UQQ310,제1종지구단위계획구역,0,0,,제1종지구단위계획구역,20221008
경상남도 양산시 동면 금산리 1450-18번지,48330,31027,0,1450,0018,1264100045907,,,,1,용도지역코드,UQA121,제1종일반주거지역,1,0,,제1종일반주거지역,20221008
경상남도 양산시 동면 금산리 1450-18번지,48330,31027,0,1450,0018,1264100045907,,,,3,용도구역코드,UQQ310,제1종지구단위계획구역,1,0,,제1종지구단위계획구역,20221008
경상남도 양산시 동면 금산리 1451-5번지,48330,31027,0,1451,0005,1264100077065,,,,1,용도지역코드,UQA121,제1종일반주거지역,1,0,,제1종일반주거지역,20221008
경상남도 양산시 동면 금산리 1451-6번지,48330,31027,0,1451,0006,1264100039252,,,,1,용도지역코드,UQA121,제1종일반주거지역,1,0,,제1종일반주거지역,20221008
경상남도 양산시 동면 금산리 1451-6번지,48330,31027,0,1451,0006,1264100039252,,,,3,용도구역코드,UQQ310,제1종지구단위계획구역,1,0,,제1종지구단위계획구역,20221008
경상남도 양산시 동면 금산리 1451-7번지,48330,31027,0,1451,0007,1264100114416,,,,3,용도구역코드,UQQ310,제1종지구단위계획구역,0,0,,제1종지구단위계획구역,20231116
경상남도 양산시 동면 금산리 1451-7번지,48330,31027,0,1451,0007,1264100114416,,,,1,용도지역코드,UQA121,제1종일반주거지역,1,0,,제1종일반주거지역,20231116
경상남도 양산시 동면 금산리 1451-7번지,48330,31027,0,1451,0007,1264100114416,,,,3,용도구역코드,UOA120,상대보호구역,1,0,,상대보호구역,20231116
경상남도 양산시 동면 금산리 1451-9번지,48330,31027,0,1451,0009,1264100051759,,,,1,용도지역코드,UQA121,제1종일반주거지역,1,0,,제1종일반주거지역,20221008
경상남도 양산시 동면 금산리 1451-9번지,48330,31027,0,1451,0009,1264100051759,,,,3,용도구역코드,UQQ310,제1종지구단위계획구역,1,0,,제1종지구단위계획구역,20221008
경상남도 양산시 동면 금산리 1451-9번지,48330,31027,0,1451,0009,1264100051759,,,,3,용도구역코드,UOA120,상대보호구역,0,0,,상대정화구역,20221008
경상남도 양산시 동면 금산리 1451-10번지,48330,31027,0,1451,0010,1264100079041,,,,3,용도구역코드,UOA110,절대정화구역,0,0,,절대정화구역,20221008
경상남도 양산시 동면 금산리 1451-10번지,48330,31027,0,1451,0010,1264100079041,,,,1,용도지역코드,UQA121,제1종일반주거지역,1,0,,제1종일반주거지역,20221008
경상남도 양산시 동면 금산리 1451-10번지,48330,31027,0,1451,0010,1264100079041,,,,3,용도구역코드,UQQ310,제1종지구단위계획구역,1,0,,제1종지구단위계획구역,20221008
경상남도 양산시 동면 금산리 1451-10번지,48330,31027,0,1451,0010,1264100079041,,,,3,용도구역코드,UOA120,상대보호구역,0,0,,상대정화구역,20221008
경상남도 양산시 동면 금산리 1451-11번지,48330,31027,0,1451,0011,1264100052234,,,,1,용도지역코드,UQA121,제1종일반주거지역,1,0,,제1종일반주거지역,20221008
경상남도 양산시 동면 금산리 1451-11번지,48330,31027,0,1451,0011,1264100052234,,,,3,용도구역코드,UQQ310,제1종지구단위계획구역,1,0,,제1종지구단위계획구역,20221008
경상남도 양산시 동면 금산리 1451-11번지,48330,31027,0,1451,0011,1264100052234,,,,3,용도구역코드,UOA110,절대정화구역,0,0,,절대정화구역,20221008
경상남도 양산시 동면 금산리 1451-11번지,48330,31027,0,1451,0011,1264100052234,,,,3,용도구역코드,UOA120,상대보호구역,0,0,,상대정화구역,20221008
경상남도 양산시 동면 금산리 1451-13번지,48330,31027,0,1451,0013,1264100076562,,,,1,용도지역코드,UQA121,제1종일반주거지역,1,0,,제1종일반주거지역,20221008
경상남도 양산시 동면 금산리 1451-13번지,48330,31027,0,1451,0013,1264100076562,,,,3,용도구역코드,UQQ310,제1종지구단위계획구역,1,0,,제1종지구단위계획구역,20221008
경상남도 양산시 동면 금산리 1451-13번지,48330,31027,0,1451,0013,1264100076562,,,,3,용도구역코드,UOA120,상대보호구역,0,0,,상대정화구역,20221008
경상남도 양산시 동면 금산리 1451-14번지,48330,31027,0,1451,0014,1264100086942,,,,1,용도지역코드,UQA121,제1종일반주거지역,1,0,,제1종일반주거지역,20221008
경상남도 양산시 동면 금산리 1451-14번지,48330,31027,0,1451,0014,1264100086942,,,,3,용도구역코드,UQQ310,제1종지구단위계획구역,1,0,,제1종지구단위계획구역,20221008
경상남도 양산시 동면 금산리 1451-14번지,48330,31027,0,1451,0014,1264100086942,,,,3,용도구역코드,UOA120,상대보호구역,0,0,,상대정화구역,20221008
경상남도 양산시 동면 금산리 1451-15번지,48330,31027,0,1451,0015,1264100042264,,,,1,용도지역코드,UQA121,제1종일반주거지역,1,0,,제1종일반주거지역,20221008
경상남도 양산시 동면 금산리 1451-15번지,48330,31027,0,1451,0015,1264100042264,,,,3,용도구역코드,UOA120,상대보호구역,1,0,,상대정화구역,20221008
경상남도 양산시 동면 금산리 1451-15번지,48330,31027,0,1451,0015,1264100038253,,,,1,용도지역코드,UQA121,제1종일반주거지역,1,0,,제1종일반주거지역,20221008
경상남도 양산시 동면 금산리 1451-15번지,48330,31027,0,1451,0015,1264100038253,,,,3,용도구역코드,UQQ310,제1종지구단위계획구역,1,0,,제1종지구단위계획구역,20221008
경상남도 양산시 동면 금산리 1451-15번지,48330,31027,0,1451,0015,1264100038253,,,,3,용도구역코드,UOA120,상대보호구역,0,0,,상대정화구역,20221008
경상남도 양산시 동면 금산리 1451-16번지,48330,31027,0,1451,0016,1264100086943,,,,1,용도지역코드,UQA121,제1종일반주거지역,1,0,,제1종일반주거지역,20221008
경상남도 양산시 동면 금산리 1451-16번지,48330,31027,0,1451,0016,1264100086943,,,,3,용도구역코드,UQQ310,제1종지구단위계획구역,1,0,,제1종지구단위계획구역,20221008
경상남도 양산시 동면 금산리 1451-16번지,48330,31027,0,1451,0016,1264100086943,,,,3,용도구역코드,UOA120,상대보호구역,0,0,,상대정화구역,20221008
경상남도 양산시 동면 금산리 1451-16번지,48330,31027,0,1451,0016,1264100028351,,,,1,용도지역코드,UQA121,제1종일반주거지역,1,0,,제1종일반주거지역,20221008
경상남도 양산시 동면 금산리 1451-16번지,48330,31027,0,1451,0016,1264100028351,,,,3,용도구역코드,UQQ310,제1종지구단위계획구역,1,0,,제1종지구단위계획구역,20221008
경상남도 양산시 동면 금산리 1451-17번지,48330,31027,0,1451,0017,1264100032178,,,,1,용도지역코드,UQA121,제1종일반주거지역,1,0,,제1종일반주거지역,20221008
경상남도 양산시 동면 금산리 1451-17번지,48330,31027,0,1451,0017,1264100032178,,,,3,용도구역코드,UQQ310,제1종지구단위계획구역,1,0,,제1종지구단위계획구역,20221008
경상남도 양산시 동면 금산리 1451-17번지,48330,31027,0,1451,0017,1264100032178,,,,3,용도구역코드,UOA120,상대보호구역,0,0,,상대정화구역,20221008
경상남도 양산시 동면 금산리 1451-18번지,48330,31027,0,1451,0018,1264100027611,,,,1,용도지역코드,UQA121,제1종일반주거지역,1,0,,제1종일반주거지역,20221008
경상남도 양산시 동면 금산리 1451-18번지,48330,31027,0,1451,0018,1264100027611,,,,3,용도구역코드,UQQ310,제1종지구단위계획구역,1,0,,제1종지구단위계획구역,20221008
경상남도 양산시 동면 금산리 1451-18번지,48330,31027,0,1451,0018,1264100118739,,,,1,용도지역코드,UQA121,제1종일반주거지역,1,0,,제1종일반주거지역,20221008
경상남도 양산시 동면 금산리 1451-18번지,48330,31027,0,1451,0018,1264100118739,,,,3,용도구역코드,UQQ310,제1종지구단위계획구역,1,0,,제1종지구단위계획구역,20221008
경상남도 양산시 동면 금산리 1451-19번지,48330,31027,0,1451,0019,1264100039952,,,,1,용도지역코드,UQA121,제1종일반주거지역,1,0,,제1종일반주거지역,20221008
경상남도 양산시 동면 금산리 1451-19번지,48330,31027,0,1451,0019,1264100039952,,,,3,용도구역코드,UQQ310,제1종지구단위계획구역,1,0,,제1종지구단위계획구역,20221008
경상남도 양산시 동면 금산리 1453-1번지,48330,31027,0,1453,0001,1264100074179,,,,1,용도지역코드,UQA121,제1종일반주거지역,1,0,,제1종일반주거지역,20221008
경상남도 양산시 동면 금산리 1453-1번지,48330,31027,0,1453,0001,1264100074179,,,,3,용도구역코드,UQQ310,제1종지구단위계획구역,1,0,,제1종지구단위계획구역,20221008
경상남도 양산시 동면 금산리 1453-1번지,48330,31027,0,1453,0001,1264100074179,,,,3,용도구역코드,UOA110,절대정화구역,0,0,,절대정화구역,20221008
경상남도 양산시 동면 금산리 1453-2번지,48330,31027,0,1453,0002,1264100083121,,,,1,용도지역코드,UQA121,제1종일반주거지역,1,0,,제1종일반주거지역,20221008
경상남도 양산시 동면 금산리 1453-2번지,48330,31027,0,1453,0002,1264100083121,,,,3,용도구역코드,UQQ310,제1종지구단위계획구역,1,0,,제1종지구단위계획구역,20221008
경상남도 양산시 동면 금산리 1453-3번지,48330,31027,0,1453,0003,1264100087889,,,,1,용도지역코드,UQA121,제1종일반주거지역,1,0,,제1종일반주거지역,20221008
경상남도 양산시 동면 금산리 1453-3번지,48330,31027,0,1453,0003,1264100087889,,,,3,용도구역코드,UQQ310,제1종지구단위계획구역,1,0,,제1종지구단위계획구역,20221008
경상남도 양산시 동면 금산리 1453-3번지,48330,31027,0,1453,0003,1264100087889,,,,3,용도구역코드,UOA110,절대정화구역,0,0,,절대정화구역,20221008
경상남도 양산시 동면 금산리 1453-4번지,48330,31027,0,1453,0004,1264100031276,,,,1,용도지역코드,UQA001,도시지역,1,0,,도시지역,20221008
경상남도 양산시 동면 금산리 1453-4번지,48330,31027,0,1453,0004,1264100031276,,,,3,용도구역코드,UBK120,일반주거지역,1,0,,일반주거지역,20221008
경상남도 양산시 동면 금산리 1453-4번지,48330,31027,0,1453,0004,1264100031276,,,,3,용도구역코드,UQQ310,제1종지구단위계획구역,0,0,,제1종지구단위계획구역,20221008
경상남도 양산시 동면 금산리 1453-5번지,48330,31027,0,1453,0005,1264100056688,,,,1,용도지역코드,UQA121,제1종일반주거지역,1,0,,제1종일반주거지역,20221008
경상남도 양산시 동면 금산리 1453-5번지,48330,31027,0,1453,0005,1264100056688,,,,3,용도구역코드,UQQ310,제1종지구단위계획구역,1,0,,제1종지구단위계획구역,20221008
경상남도 양산시 동면 금산리 1453-5번지,48330,31027,0,1453,0005,1264100056688,,,,3,용도구역코드,UOA110,절대정화구역,0,0,,절대정화구역,20221008
경상남도 양산시 동면 금산리 1453-6번지,48330,31027,0,1453,0006,1264100104433,,,,1,용도지역코드,UQA121,제1종일반주거지역,1,0,,제1종일반주거지역,20221008
경상남도 양산시 동면 금산리 1453-6번지,48330,31027,0,1453,0006,1264100104433,,,,3,용도구역코드,UOA110,절대정화구역,1,0,,절대보호구역,20221008
경상남도 양산시 동면 금산리 1453-6번지,48330,31027,0,1453,0006,1264100104433,,,,3,용도구역코드,UQQ310,제1종지구단위계획구역,0,0,,제1종지구단위계획구역,20221008
경상남도 양산시 동면 금산리 1453-7번지,48330,31027,0,1453,0007,1264100046549,,,,1,용도지역코드,UQA121,제1종일반주거지역,1,0,,제1종일반주거지역,20221008
경상남도 양산시 동면 금산리 1453-7번지,48330,31027,0,1453,0007,1264100046549,,,,3,용도구역코드,UQQ310,제1종지구단위계획구역,1,0,,제1종지구단위계획구역,20221008
경상남도 양산시 동면 금산리 1453-8번지,48330,31027,0,1453,0008,1264100052174,,,,1,용도지역코드,UQA121,제1종일반주거지역,1,0,,제1종일반주거지역,20221008
경상남도 양산시 동면 금산리 1453-8번지,48330,31027,0,1453,0008,1264100052174,,,,3,용도구역코드,UQQ310,제1종지구단위계획구역,1,0,,제1종지구단위계획구역,20221008
경상남도 양산시 동면 금산리 1453-8번지,48330,31027,0,1453,0008,1264100052174,,,,3,용도구역코드,UOA110,절대정화구역,0,0,,절대정화구역,20221008
경상남도 양산시 동면 금산리 1453-9번지,48330,31027,0,1453,0009,1264100054430,,,,1,용도지역코드,UQA121,제1종일반주거지역,1,0,,제1종일반주거지역,20221008
경상남도 양산시 동면 금산리 1453-9번지,48330,31027,0,1453,0009,1264100054430,,,,3,용도구역코드,UQQ310,제1종지구단위계획구역,1,0,,제1종지구단위계획구역,20221008
경상남도 양산시 동면 금산리 1453-11번지,48330,31027,0,1453,0011,1264100074900,,,,1,용도지역코드,UQA121,제1종일반주거지역,1,0,,제1종일반주거지역,20221008
경상남도 양산시 동면 금산리 1453-11번지,48330,31027,0,1453,0011,1264100074900,,,,3,용도구역코드,UQQ310,제1종지구단위계획구역,1,0,,제1종지구단위계획구역,20221008
경상남도 양산시 동면 금산리 1453-11번지,48330,31027,0,1453,0011,1264100074900,,,,3,용도구역코드,UOA110,절대정화구역,0,0,,절대정화구역,20221008
경상남도 양산시 동면 금산리 1453-12번지,48330,31027,0,1453,0012,1264100051772,,,,1,용도지역코드,UQA121,제1종일반주거지역,1,0,,제1종일반주거지역,20221008
경상남도 양산시 동면 금산리 1453-12번지,48330,31027,0,1453,0012,1264100051772,,,,3,용도구역코드,UQQ310,제1종지구단위계획구역,1,0,,제1종지구단위계획구역,20221008
경상남도 양산시 동면 금산리 1453-14번지,48330,31027,0,1453,0014,1264100052200,,,,1,용도지역코드,UQA121,제1종일반주거지역,1,0,,제1종일반주거지역,20221008
경상남도 양산시 동면 금산리 1453-14번지,48330,31027,0,1453,0014,1264100052200,,,,3,용도구역코드,UQQ310,제1종지구단위계획구역,1,0,,제1종지구단위계획구역,20221008
경상남도 양산시 동면 금산리 1453-15번지,48330,31027,0,1453,0015,1264100053247,,,,1,용도지역코드,UQA121,제1종일반주거지역,1,0,,제1종일반주거지역,20221008
경상남도 양산시 동면 금산리 1453-15번지,48330,31027,0,1453,0015,1264100053247,,,,3,용도구역코드,UQQ310,제1종지구단위계획구역,1,0,,제1종지구단위계획구역,20221008
경상남도 양산시 동면 금산리 1453-16번지,48330,31027,0,1453,0016,1264100075243,,,,1,용도지역코드,UQA121,제1종일반주거지역,1,0,,제1종일반주거지역,20221008
경상남도 양산시 동면 금산리 1453-16번지,48330,31027,0,1453,0016,1264100075243,,,,3,용도구역코드,UQQ310,제1종지구단위계획구역,1,0,,제1종지구단위계획구역,20221008
경상남도 양산시 동면 금산리 1454-1번지,48330,31027,0,1454,0001,1264100050691,,,,1,용도지역코드,UQA121,제1종일반주거지역,1,0,,제1종일반주거지역,20221008
경상남도 양산시 동면 금산리 1454-1번지,48330,31027,0,1454,0001,1264100050691,,,,3,용도구역코드,UQQ310,제1종지구단위계획구역,1,0,,제1종지구단위계획구역,20221008
경상남도 양산시 동면 금산리 1454-2번지,48330,31027,0,1454,0002,1264100050692,,,,1,용도지역코드,UQA121,제1종일반주거지역,1,0,,제1종일반주거지역,20221008
경상남도 양산시 동면 금산리 1454-2번지,48330,31027,0,1454,0002,1264100050692,,,,3,용도구역코드,UQQ310,제1종지구단위계획구역,1,0,,제1종지구단위계획구역,20221008
경상남도 양산시 동면 금산리 1454-3번지,48330,31027,0,1454,0003,1264100036392,,,,1,용도지역코드,UQA121,제1종일반주거지역,1,0,,제1종일반주거지역,20221008
경상남도 양산시 동면 금산리 1454-3번지,48330,31027,0,1454,0003,1264100036392,,,,3,용도구역코드,UQQ310,제1종지구단위계획구역,1,0,,제1종지구단위계획구역,20221008
경상남도 양산시 동면 금산리 1454-3번지,48330,31027,0,1454,0003,1264100036392,,,,3,용도구역코드,UOA120,상대보호구역,0,0,,상대정화구역,20221008
경상남도 양산시 동면 금산리 1454-4번지,48330,31027,0,1454,0004,1264100044628,,,,1,용도지역코드,UQA121,제1종일반주거지역,1,0,,제1종일반주거지역,20221008
경상남도 양산시 동면 금산리 1454-4번지,48330,31027,0,1454,0004,1264100044628,,,,3,용도구역코드,UQQ310,제1종지구단위계획구역,1,0,,제1종지구단위계획구역,20221008
경상남도 양산시 동면 금산리 1454-4번지,48330,31027,0,1454,0004,1264100044628,,,,3,용도구역코드,UOA120,상대보호구역,0,0,,상대정화구역,20221008
경상남도 양산시 동면 금산리 1454-5번지,48330,31027,0,1454,0005,1264100037994,,,,1,용도지역코드,UQA121,제1종일반주거지역,1,0,,제1종일반주거지역,20221008
경상남도 양산시 동면 금산리 1454-5번지,48330,31027,0,1454,0005,1264100037994,,,,3,용도구역코드,UQQ310,제1종지구단위계획구역,1,0,,제1종지구단위계획구역,20221008
경상남도 양산시 동면 금산리 1454-5번지,48330,31027,0,1454,0005,1264100037994,,,,3,용도구역코드,UOA120,상대보호구역,0,0,,상대정화구역,20221008
경상남도 양산시 동면 금산리 1454-6번지,48330,31027,0,1454,0006,1264100095194,,,,1,용도지역코드,UQA121,제1종일반주거지역,1,0,,제1종일반주거지역,20221008
경상남도 양산시 동면 금산리 1454-6번지,48330,31027,0,1454,0006,1264100095194,,,,3,용도구역코드,UQQ310,제1종지구단위계획구역,1,0,,제1종지구단위계획구역,20221008
경상남도 양산시 동면 금산리 1454-6번지,48330,31027,0,1454,0006,1264100095194,,,,3,용도구역코드,UOA120,상대보호구역,0,0,,상대정화구역,20221008
경상남도 양산시 동면 금산리 1454-8번지,48330,31027,0,1454,0008,1264100031277,,,,1,용도지역코드,UQA121,제1종일반주거지역,1,0,,제1종일반주거지역,20221008
경상남도 양산시 동면 금산리 1454-8번지,48330,31027,0,1454,0008,1264100031277,,,,3,용도구역코드,UQQ310,제1종지구단위계획구역,1,0,,제1종지구단위계획구역,20221008
경상남도 양산시 동면 금산리 1454-8번지,48330,31027,0,1454,0008,1264100031277,,,,3,용도구역코드,UOA120,상대보호구역,0,0,,상대정화구역,20221008
경상남도 양산시 동면 금산리 1454-9번지,48330,31027,0,1454,0009,1264100066962,,,,1,용도지역코드,UQA121,제1종일반주거지역,1,0,,제1종일반주거지역,20221008
경상남도 양산시 동면 금산리 1454-9번지,48330,31027,0,1454,0009,1264100066962,,,,3,용도구역코드,UQQ310,제1종지구단위계획구역,1,0,,제1종지구단위계획구역,20221008
경상남도 양산시 동면 금산리 1454-9번지,48330,31027,0,1454,0009,1264100066962,,,,3,용도구역코드,UOA120,상대보호구역,0,0,,상대정화구역,20221008
경상남도 양산시 동면 금산리 1454-10번지,48330,31027,0,1454,0010,1264100078543,,,,1,용도지역코드,UQA121,제1종일반주거지역,1,0,,제1종일반주거지역,20221008
경상남도 양산시 동면 금산리 1454-10번지,48330,31027,0,1454,0010,1264100078543,,,,3,용도구역코드,UQQ310,제1종지구단위계획구역,1,0,,제1종지구단위계획구역,20221008
경상남도 양산시 동면 금산리 1454-10번지,48330,31027,0,1454,0010,1264100078543,,,,3,용도구역코드,UOA120,상대보호구역,0,0,,상대정화구역,20221008
경상남도 양산시 동면 금산리 1454-11번지,48330,31027,0,1454,0011,1264100081983,,,,1,용도지역코드,UQA121,제1종일반주거지역,1,0,,제1종일반주거지역,20221008
경상남도 양산시 동면 금산리 1454-11번지,48330,31027,0,1454,0011,1264100081983,,,,3,용도구역코드,UQQ310,제1종지구단위계획구역,1,0,,제1종지구단위계획구역,20221008
경상남도 양산시 동면 금산리 1454-12번지,48330,31027,0,1454,0012,1264100040063,,,,1,용도지역코드,UQA121,제1종일반주거지역,1,0,,제1종일반주거지역,20221008
경상남도 양산시 동면 금산리 1454-12번지,48330,31027,0,1454,0012,1264100040063,,,,3,용도구역코드,UQQ310,제1종지구단위계획구역,1,0,,제1종지구단위계획구역,20221008
경상남도 양산시 동면 금산리 1454-12번지,48330,31027,0,1454,0012,1264100040063,,,,3,용도구역코드,UOA120,상대보호구역,0,0,,상대정화구역,20221008
경상남도 양산시 동면 금산리 1454-13번지,48330,31027,0,1454,0013,1264100115138,,,,3,용도구역코드,UOA120,상대보호구역,1,0,,상대보호구역,20230209
경상남도 양산시 동면 금산리 1454-13번지,48330,31027,0,1454,0013,1264100115138,,,,3,용도구역코드,UQQ310,제1종지구단위계획구역,0,0,,제1종지구단위계획구역,20230209
경상남도 양산시 동면 금산리 1454-13번지,48330,31027,0,1454,0013,1264100115138,,,,1,용도지역코드,UQA121,제1종일반주거지역,1,0,,제1종일반주거지역,20230209
경상남도 양산시 동면 금산리 1455-1번지,48330,31027,0,1455,0001,1264100042843,,,,1,용도지역코드,UQA121,제1종일반주거지역,1,0,,제1종일반주거지역,20221008
경상남도 양산시 동면 금산리 1455-1번지,48330,31027,0,1455,0001,1264100042843,,,,3,용도구역코드,UQQ310,제1종지구단위계획구역,1,0,,제1종지구단위계획구역,20221008
경상남도 양산시 동면 금산리 1455-1번지,48330,31027,0,1455,0001,1264100042843,,,,3,용도구역코드,UOA110,절대정화구역,0,0,,절대정화구역,20221008
경상남도 양산시 동면 금산리 1455-1번지,48330,31027,0,1455,0001,1264100042843,,,,3,용도구역코드,UOA120,상대보호구역,0,0,,상대정화구역,20221008
경상남도 양산시 동면 금산리 1455-2번지,48330,31027,0,1455,0002,1264100029412,,,,1,용도지역코드,UQA121,제1종일반주거지역,1,0,,제1종일반주거지역,20221008
경상남도 양산시 동면 금산리 1455-3번지,48330,31027,0,1455,0003,1264100051167,,,,1,용도지역코드,UQA121,제1종일반주거지역,1,0,,제1종일반주거지역,20221008
경상남도 양산시 동면 금산리 1455-3번지,48330,31027,0,1455,0003,1264100051167,,,,3,용도구역코드,UQQ310,제1종지구단위계획구역,1,0,,제1종지구단위계획구역,20221008
경상남도 양산시 동면 금산리 1455-3번지,48330,31027,0,1455,0003,1264100051167,,,,3,용도구역코드,UOA120,상대보호구역,0,0,,상대정화구역,20221008
경상남도 양산시 동면 금산리 1455-4번지,48330,31027,0,1455,0004,1264100156331,,,,3,용도구역코드,UOA120,상대보호구역,1,0,,상대보호구역,20230118
경상남도 양산시 동면 금산리 1455-4번지,48330,31027,0,1455,0004,1264100156331,,,,3,용도구역코드,UQQ310,제1종지구단위계획구역,0,0,,제1종지구단위계획구역,20230118
경상남도 양산시 동면 금산리 1455-4번지,48330,31027,0,1455,0004,1264100156331,,,,1,용도지역코드,UQA121,제1종일반주거지역,1,0,,제1종일반주거지역,20230118
경상남도 양산시 동면 금산리 1455-5번지,48330,31027,0,1455,0005,1264100150271,,,,1,용도지역코드,UQA121,제1종일반주거지역,1,0,,제1종일반주거지역,20221008
경상남도 양산시 동면 금산리 1455-5번지,48330,31027,0,1455,0005,1264100150271,,,,3,용도구역코드,UOA120,상대보호구역,1,0,,상대보호구역,20221008
경상남도 양산시 동면 금산리 1455-5번지,48330,31027,0,1455,0005,1264100150271,,,,3,용도구역코드,UQQ310,제1종지구단위계획구역,0,0,,제1종지구단위계획구역,20221008
경상남도 양산시 동면 금산리 1455-5번지,48330,31027,0,1455,0005,1000000000000000434435,,,,1,용도지역코드,UQA121,제1종일반주거지역,1,0,,제1종일반주거지역,20240814
경상남도 양산시 동면 금산리 1455-5번지,48330,31027,0,1455,0005,1000000000000000434435,,,,3,용도구역코드,UQQ310,제1종지구단위계획구역,1,0,,제1종지구단위계획구역,20240814
경상남도 양산시 동면 금산리 1455-7번지,48330,31027,0,1455,0007,1264100030403,,,,1,용도지역코드,UQA121,제1종일반주거지역,1,0,,제1종일반주거지역,20221008
경상남도 양산시 동면 금산리 1455-7번지,48330,31027,0,1455,0007,1264100030403,,,,3,용도구역코드,UQQ310,제1종지구단위계획구역,1,0,,제1종지구단위계획구역,20221008
경상남도 양산시 동면 금산리 1455-7번지,48330,31027,0,1455,0007,1264100030403,,,,3,용도구역코드,UOA120,상대보호구역,0,0,,상대정화구역,20221008
경상남도 양산시 동면 금산리 1455-8번지,48330,31027,0,1455,0008,1264100068599,,,,1,용도지역코드,UQA121,제1종일반주거지역,1,0,,제1종일반주거지역,20221008
경상남도 양산시 동면 금산리 1455-8번지,48330,31027,0,1455,0008,1264100068599,,,,3,용도구역코드,UOA120,상대보호구역,0,0,,상대정화구역,20221008
경상남도 양산시 동면 금산리 1455-8번지,48330,31027,0,1455,0008,1264100068599,,,,3,용도구역코드,UQQ310,제1종지구단위계획구역,1,0,,제1종지구단위계획구역,20221008
경상남도 양산시 동면 금산리 1455-9번지,48330,31027,0,1455,0009,1264100093023,,,,3,용도구역코드,UQQ310,제1종지구단위계획구역,1,0,,제1종지구단위계획구역,20221008
경상남도 양산시 동면 금산리 1455-9번지,48330,31027,0,1455,0009,1264100093023,,,,1,용도지역코드,UQA121,제1종일반주거지역,1,0,,제1종일반주거지역,20221008
경상남도 양산시 동면 금산리 1455-10번지,48330,31027,0,1455,0010,1264100051147,,,,1,용도지역코드,UQA121,제1종일반주거지역,1,0,,제1종일반주거지역,20221008
경상남도 양산시 동면 금산리 1455-10번지,48330,31027,0,1455,0010,1264100051147,,,,3,용도구역코드,UQQ310,제1종지구단위계획구역,1,0,,제1종지구단위계획구역,20221008
경상남도 양산시 동면 금산리 1455-10번지,48330,31027,0,1455,0010,1264100051147,,,,3,용도구역코드,UOA120,상대보호구역,0,0,,상대정화구역,20221008
경상남도 양산시 동면 금산리 1455-12번지,48330,31027,0,1455,0012,1264100137404,,,,1,용도지역코드,UQA121,제1종일반주거지역,1,0,,제1종일반주거지역,20221008
경상남도 양산시 동면 금산리 1455-12번지,48330,31027,0,1455,0012,1264100028810,,,,1,용도지역코드,UQA121,제1종일반주거지역,1,0,,제1종일반주거지역,20221008
경상남도 양산시 동면 금산리 1456-1번지,48330,31027,0,1456,0001,1264100146784,,,,1,용도지역코드,UQA121,제1종일반주거지역,1,0,,제1종일반주거지역,20221008
경상남도 양산시 동면 금산리 1456-1번지,48330,31027,0,1456,0001,1264100146784,,,,3,용도구역코드,UQQ310,제1종지구단위계획구역,1,0,,제1종지구단위계획구역,20221008
경상남도 양산시 동면 금산리 1456-1번지,48330,31027,0,1456,0001,1264100146784,,,,3,용도구역코드,UOA120,상대보호구역,0,0,,상대보호구역,20221008
경상남도 양산시 동면 금산리 1456-2번지,48330,31027,0,1456,0002,1264100052372,,,,1,용도지역코드,UQA121,제1종일반주거지역,1,0,,제1종일반주거지역,20221008
경상남도 양산시 동면 금산리 1456-2번지,48330,31027,0,1456,0002,1264100052372,,,,3,용도구역코드,UQQ310,제1종지구단위계획구역,1,0,,제1종지구단위계획구역,20221008
경상남도 양산시 동면 금산리 1456-3번지,48330,31027,0,1456,0003,1264100051341,,,,1,용도지역코드,UQA121,제1종일반주거지역,1,0,,제1종일반주거지역,20221008
경상남도 양산시 동면 금산리 1456-3번지,48330,31027,0,1456,0003,1264100051341,,,,3,용도구역코드,UQQ310,제1종지구단위계획구역,1,0,,제1종지구단위계획구역,20221008
경상남도 양산시 동면 금산리 1456-3번지,48330,31027,0,1456,0003,1264100051341,,,,3,용도구역코드,UOA120,상대보호구역,0,0,,상대정화구역,20221008
경상남도 양산시 동면 금산리 1456-4번지,48330,31027,0,1456,0004,1264100075659,,,,1,용도지역코드,UQA121,제1종일반주거지역,1,0,,제1종일반주거지역,20221008
경상남도 양산시 동면 금산리 1456-4번지,48330,31027,0,1456,0004,1264100075659,,,,3,용도구역코드,UQQ310,제1종지구단위계획구역,1,0,,제1종지구단위계획구역,20221008
경상남도 양산시 동면 금산리 1456-5번지,48330,31027,0,1456,0005,1264100033569,,,,1,용도지역코드,UQA121,제1종일반주거지역,1,0,,제1종일반주거지역,20221008
경상남도 양산시 동면 금산리 1456-5번지,48330,31027,0,1456,0005,1264100033569,,,,3,용도구역코드,UQQ310,제1종지구단위계획구역,1,0,,제1종지구단위계획구역,20221008
경상남도 양산시 동면 금산리 1456-8번지,48330,31027,0,1456,0008,1264100083907,,,,1,용도지역코드,UQA121,제1종일반주거지역,1,0,,제1종일반주거지역,20221008
경상남도 양산시 동면 금산리 1456-8번지,48330,31027,0,1456,0008,1264100083907,,,,3,용도구역코드,UOA120,상대보호구역,1,0,,상대정화구역,20221008
경상남도 양산시 동면 금산리 1456-9번지,48330,31027,0,1456,0009,1264100051649,,,,1,용도지역코드,UQA121,제1종일반주거지역,1,0,,제1종일반주거지역,20221008
경상남도 양산시 동면 금산리 1456-9번지,48330,31027,0,1456,0009,1264100051649,,,,3,용도구역코드,UQQ310,제1종지구단위계획구역,1,0,,제1종지구단위계획구역,20221008
경상남도 양산시 동면 금산리 1456-9번지,48330,31027,0,1456,0009,1264100051649,,,,3,용도구역코드,UOA120,상대보호구역,0,0,,상대정화구역,20221008
경상남도 양산시 동면 금산리 1456-10번지,48330,31027,0,1456,0010,1264100056149,,,,1,용도지역코드,UQA121,제1종일반주거지역,1,0,,제1종일반주거지역,20221008
경상남도 양산시 동면 금산리 1456-10번지,48330,31027,0,1456,0010,1264100056149,,,,3,용도구역코드,UQQ310,제1종지구단위계획구역,1,0,,제1종지구단위계획구역,20221008
경상남도 양산시 동면 금산리 1456-10번지,48330,31027,0,1456,0010,1264100056149,,,,3,용도구역코드,UOA120,상대보호구역,0,0,,상대정화구역,20221008
경상남도 양산시 동면 금산리 1456-11번지,48330,31027,0,1456,0011,1264100113697,,,,1,용도지역코드,UQA121,제1종일반주거지역,1,0,,제1종일반주거지역,20221008
경상남도 양산시 동면 금산리 1456-11번지,48330,31027,0,1456,0011,1264100113697,,,,3,용도구역코드,UOA120,상대보호구역,1,0,,상대보호구역,20221008
경상남도 양산시 동면 금산리 1456-11번지,48330,31027,0,1456,0011,1264100113697,,,,3,용도구역코드,UQQ310,제1종지구단위계획구역,0,0,,제1종지구단위계획구역,20221008
경상남도 양산시 동면 금산리 1456-12번지,48330,31027,0,1456,0012,1264100088142,,,,3,용도구역코드,UOA120,상대보호구역,0,0,,상대정화구역,20221008
경상남도 양산시 동면 금산리 1456-12번지,48330,31027,0,1456,0012,1264100088142,,,,1,용도지역코드,UQA121,제1종일반주거지역,1,0,,제1종일반주거지역,20221008
경상남도 양산시 동면 금산리 1456-12번지,48330,31027,0,1456,0012,1264100088142,,,,3,용도구역코드,UQQ310,제1종지구단위계획구역,1,0,,제1종지구단위계획구역,20221008
경상남도 양산시 동면 금산리 1456-12번지,48330,31027,0,1456,0012,1264100088142,,,,3,용도구역코드,UOA110,절대정화구역,0,0,,절대정화구역,20221008
경상남도 양산시 동면 금산리 1457-4번지,48330,31027,0,1457,0004,1264100050775,,,,1,용도지역코드,UQA121,제1종일반주거지역,1,0,,제1종일반주거지역,20221008
경상남도 양산시 동면 금산리 1457-4번지,48330,31027,0,1457,0004,1264100050775,,,,3,용도구역코드,UQQ310,제1종지구단위계획구역,1,0,,제1종지구단위계획구역,20221008
경상남도 양산시 동면 금산리 1457-4번지,48330,31027,0,1457,0004,1264100050775,,,,3,용도구역코드,UOA110,절대정화구역,0,0,,절대정화구역,20221008
경상남도 양산시 동면 금산리 1457-4번지,48330,31027,0,1457,0004,1264100050775,,,,3,용도구역코드,UOA120,상대보호구역,0,0,,상대정화구역,20221008
경상남도 양산시 동면 금산리 1457-8번지,48330,31027,0,1457,0008,1264100054532,,,,3,용도구역코드,UQQ310,제1종지구단위계획구역,1,0,,제1종지구단위계획구역,20221008
경상남도 양산시 동면 금산리 1457-8번지,48330,31027,0,1457,0008,1264100054532,,,,1,용도지역코드,UQA121,제1종일반주거지역,1,0,,제1종일반주거지역,20221008
경상남도 양산시 동면 금산리 1457-9번지,48330,31027,0,1457,0009,1264100108758,,,,1,용도지역코드,UQA121,제1종일반주거지역,1,0,,제1종일반주거지역,20221008
경상남도 양산시 동면 금산리 1457-9번지,48330,31027,0,1457,0009,1264100108758,,,,3,용도구역코드,UQQ310,제1종지구단위계획구역,1,0,,제1종지구단위계획구역,20221008
경상남도 양산시 동면 금산리 1457-11번지,48330,31027,0,1457,0011,1264100142347,,,,1,용도지역코드,UQA121,제1종일반주거지역,1,0,,제1종일반주거지역,20221008
경상남도 양산시 동면 금산리 1457-11번지,48330,31027,0,1457,0011,1264100142347,,,,3,용도구역코드,UOA120,상대보호구역,1,0,,상대보호구역,20221008
경상남도 양산시 동면 금산리 1457-11번지,48330,31027,0,1457,0011,1264100142347,,,,3,용도구역코드,UQQ310,제1종지구단위계획구역,0,0,,제1종지구단위계획구역,20221008
경상남도 양산시 동면 금산리 1457-12번지,48330,31027,0,1457,0012,1264100073119,,,,1,용도지역코드,UQA121,제1종일반주거지역,1,0,,제1종일반주거지역,20221008
경상남도 양산시 동면 금산리 1457-12번지,48330,31027,0,1457,0012,1264100073119,,,,3,용도구역코드,UQQ310,제1종지구단위계획구역,1,0,,제1종지구단위계획구역,20221008
경상남도 양산시 동면 금산리 1457-14번지,48330,31027,0,1457,0014,1264100090423,,,,1,용도지역코드,UQA121,제1종일반주거지역,1,0,,제1종일반주거지역,20221008
경상남도 양산시 동면 금산리 1457-14번지,48330,31027,0,1457,0014,1264100090423,,,,3,용도구역코드,UQQ310,제1종지구단위계획구역,1,0,,제1종지구단위계획구역,20221008
경상남도 양산시 동면 금산리 1457-14번지,48330,31027,0,1457,0014,1264100090423,,,,3,용도구역코드,UOA110,절대정화구역,0,0,,절대정화구역,20221008
경상남도 양산시 동면 금산리 1457-15번지,48330,31027,0,1457,0015,1264100051448,,,,1,용도지역코드,UQA121,제1종일반주거지역,1,0,,제1종일반주거지역,20221008
경상남도 양산시 동면 금산리 1457-15번지,48330,31027,0,1457,0015,1264100051448,,,,3,용도구역코드,UQQ310,제1종지구단위계획구역,1,0,,제1종지구단위계획구역,20221008
경상남도 양산시 동면 금산리 1457-15번지,48330,31027,0,1457,0015,1264100051448,,,,3,용도구역코드,UOA110,절대정화구역,0,0,,절대정화구역,20221008
경상남도 양산시 동면 금산리 1457-16번지,48330,31027,0,1457,0016,1264100086741,,,,1,용도지역코드,UQA121,제1종일반주거지역,1,0,,제1종일반주거지역,20221008
경상남도 양산시 동면 금산리 1457-16번지,48330,31027,0,1457,0016,1264100086741,,,,3,용도구역코드,UQQ310,제1종지구단위계획구역,1,0,,제1종지구단위계획구역,20221008
경상남도 양산시 동면 금산리 1457-16번지,48330,31027,0,1457,0016,1264100086741,,,,3,용도구역코드,UOA110,절대정화구역,0,0,,절대정화구역,20221008
경상남도 양산시 동면 금산리 1458-2번지,48330,31027,0,1458,0002,1264100044946,,,,1,용도지역코드,UQA121,제1종일반주거지역,1,0,,제1종일반주거지역,20221008
경상남도 양산시 동면 금산리 1458-2번지,48330,31027,0,1458,0002,1264100044946,,,,3,용도구역코드,UQQ310,제1종지구단위계획구역,1,0,,제1종지구단위계획구역,20221008
경상남도 양산시 동면 금산리 1458-3번지,48330,31027,0,1458,0003,1264100095932,,,,3,용도구역코드,UQQ310,제1종지구단위계획구역,1,0,,제1종지구단위계획구역,20221008
경상남도 양산시 동면 금산리 1458-3번지,48330,31027,0,1458,0003,1264100095932,,,,1,용도지역코드,UQA121,제1종일반주거지역,1,0,,제1종일반주거지역,20221008
경상남도 양산시 동면 금산리 1458-4번지,48330,31027,0,1458,0004,1264100090103,,,,1,용도지역코드,UQA121,제1종일반주거지역,1,0,,제1종일반주거지역,20221008
경상남도 양산시 동면 금산리 1458-4번지,48330,31027,0,1458,0004,1264100090103,,,,3,용도구역코드,UQQ310,제1종지구단위계획구역,1,0,,제1종지구단위계획구역,20221008
경상남도 양산시 동면 금산리 1458-6번지,48330,31027,0,1458,0006,1264100051931,,,,1,용도지역코드,UQA121,제1종일반주거지역,1,0,,제1종일반주거지역,20221008
경상남도 양산시 동면 금산리 1458-6번지,48330,31027,0,1458,0006,1264100051931,,,,3,용도구역코드,UQQ310,제1종지구단위계획구역,1,0,,제1종지구단위계획구역,20221008
경상남도 양산시 동면 금산리 1458-6번지,48330,31027,0,1458,0006,1264100051931,,,,3,용도구역코드,UOA120,상대보호구역,0,0,,상대정화구역,20221008
경상남도 양산시 동면 금산리 1458-6번지,48330,31027,0,1458,0006,1264100103395,,,,1,용도지역코드,UQA121,제1종일반주거지역,1,0,,제1종일반주거지역,20221008
경상남도 양산시 동면 금산리 1458-6번지,48330,31027,0,1458,0006,1264100103395,,,,3,용도구역코드,UQQ310,제1종지구단위계획구역,1,0,,제1종지구단위계획구역,20221008
경상남도 양산시 동면 금산리 1458-7번지,48330,31027,0,1458,0007,1264100079183,,,,1,용도지역코드,UQA121,제1종일반주거지역,1,0,,제1종일반주거지역,20221008
경상남도 양산시 동면 금산리 1458-7번지,48330,31027,0,1458,0007,1264100079183,,,,3,용도구역코드,UQQ310,제1종지구단위계획구역,1,0,,제1종지구단위계획구역,20221008
경상남도 양산시 동면 금산리 1458-8번지,48330,31027,0,1458,0008,1264100040505,,,,1,용도지역코드,UQA121,제1종일반주거지역,1,0,,제1종일반주거지역,20221008
경상남도 양산시 동면 금산리 1458-8번지,48330,31027,0,1458,0008,1264100040505,,,,3,용도구역코드,UQQ310,제1종지구단위계획구역,1,0,,제1종지구단위계획구역,20221008
경상남도 양산시 동면 금산리 1458-9번지,48330,31027,0,1458,0009,1264100071922,,,,1,용도지역코드,UQA121,제1종일반주거지역,1,0,,제1종일반주거지역,20221008
경상남도 양산시 동면 금산리 1458-9번지,48330,31027,0,1458,0009,1264100071922,,,,3,용도구역코드,UQQ310,제1종지구단위계획구역,1,0,,제1종지구단위계획구역,20221008
경상남도 양산시 동면 금산리 1458-10번지,48330,31027,0,1458,0010,1264100077661,,,,1,용도지역코드,UQA121,제1종일반주거지역,1,0,,제1종일반주거지역,20221008
경상남도 양산시 동면 금산리 1458-10번지,48330,31027,0,1458,0010,1264100077661,,,,3,용도구역코드,UQQ310,제1종지구단위계획구역,1,0,,제1종지구단위계획구역,20221008
경상남도 양산시 동면 금산리 1458-10번지,48330,31027,0,1458,0010,1264100077661,,,,3,용도구역코드,UOA120,상대보호구역,0,0,,상대정화구역,20221008
경상남도 양산시 동면 금산리 1458-11번지,48330,31027,0,1458,0011,1264100068602,,,,1,용도지역코드,UQA121,제1종일반주거지역,1,0,,제1종일반주거지역,20221008
경상남도 양산시 동면 금산리 1458-13번지,48330,31027,0,1458,0013,1264100039612,,,,1,용도지역코드,UQA121,제1종일반주거지역,1,0,,제1종일반주거지역,20221008
경상남도 양산시 동면 금산리 1458-13번지,48330,31027,0,1458,0013,1264100039612,,,,3,용도구역코드,UQQ310,제1종지구단위계획구역,1,0,,제1종지구단위계획구역,20221008
경상남도 양산시 동면 금산리 1458-14번지,48330,31027,0,1458,0014,1264100034775,,,,1,용도지역코드,UQA121,제1종일반주거지역,1,0,,제1종일반주거지역,20221008
경상남도 양산시 동면 금산리 1458-14번지,48330,31027,0,1458,0014,1264100034775,,,,3,용도구역코드,UQQ310,제1종지구단위계획구역,1,0,,제1종지구단위계획구역,20221008
경상남도 양산시 동면 금산리 1459-1번지,48330,31027,0,1459,0001,1264100054432,,,,1,용도지역코드,UQA121,제1종일반주거지역,1,0,,제1종일반주거지역,20221008
경상남도 양산시 동면 금산리 1459-1번지,48330,31027,0,1459,0001,1264100054432,,,,3,용도구역코드,UQQ310,제1종지구단위계획구역,1,0,,제1종지구단위계획구역,20221008
경상남도 양산시 동면 금산리 1459-3번지,48330,31027,0,1459,0003,1264100031120,,,,1,용도지역코드,UQA121,제1종일반주거지역,1,0,,제1종일반주거지역,20221008
경상남도 양산시 동면 금산리 1459-3번지,48330,31027,0,1459,0003,1264100031120,,,,3,용도구역코드,UQQ310,제1종지구단위계획구역,1,0,,제1종지구단위계획구역,20221008
경상남도 양산시 동면 금산리 1459-4번지,48330,31027,0,1459,0004,1264100038634,,,,1,용도지역코드,UQA121,제1종일반주거지역,1,0,,제1종일반주거지역,20221008
경상남도 양산시 동면 금산리 1459-5번지,48330,31027,0,1459,0005,1264100052314,,,,1,용도지역코드,UQA121,제1종일반주거지역,1,0,,제1종일반주거지역,20221008
경상남도 양산시 동면 금산리 1459-5번지,48330,31027,0,1459,0005,1264100052314,,,,3,용도구역코드,UQQ310,제1종지구단위계획구역,1,0,,제1종지구단위계획구역,20221008
경상남도 양산시 동면 금산리 1459-5번지,48330,31027,0,1459,0005,1264100052314,,,,3,용도구역코드,UOA120,상대보호구역,0,0,,상대정화구역,20221008
경상남도 양산시 동면 금산리 1459-6번지,48330,31027,0,1459,0006,1264100059852,,,,1,용도지역코드,UQA121,제1종일반주거지역,1,0,,제1종일반주거지역,20221008
경상남도 양산시 동면 금산리 1459-6번지,48330,31027,0,1459,0006,1264100059852,,,,3,용도구역코드,UQQ310,제1종지구단위계획구역,1,0,,제1종지구단위계획구역,20221008
경상남도 양산시 동면 금산리 1459-6번지,48330,31027,0,1459,0006,1264100052116,,,,1,용도지역코드,UQA121,제1종일반주거지역,1,0,,제1종일반주거지역,20221008
경상남도 양산시 동면 금산리 1459-6번지,48330,31027,0,1459,0006,1264100052116,,,,3,용도구역코드,UQQ310,제1종지구단위계획구역,1,0,,제1종지구단위계획구역,20221008
경상남도 양산시 동면 금산리 1459-7번지,48330,31027,0,1459,0007,1264100045926,,,,1,용도지역코드,UQA121,제1종일반주거지역,1,0,,제1종일반주거지역,20221008
경상남도 양산시 동면 금산리 1459-7번지,48330,31027,0,1459,0007,1264100045926,,,,3,용도구역코드,UQQ310,제1종지구단위계획구역,1,0,,제1종지구단위계획구역,20221008
경상남도 양산시 동면 금산리 1459-7번지,48330,31027,0,1459,0007,1264100045926,,,,3,용도구역코드,UOA120,상대보호구역,0,0,,상대정화구역,20221008
경상남도 양산시 동면 금산리 1459-8번지,48330,31027,0,1459,0008,1264100046105,,,,1,용도지역코드,UQA121,제1종일반주거지역,1,0,,제1종일반주거지역,20221008
경상남도 양산시 동면 금산리 1459-8번지,48330,31027,0,1459,0008,1264100046105,,,,3,용도구역코드,UQQ310,제1종지구단위계획구역,1,0,,제1종지구단위계획구역,20221008
경상남도 양산시 동면 금산리 1459-9번지,48330,31027,0,1459,0009,1264100051889,,,,1,용도지역코드,UQA121,제1종일반주거지역,1,0,,제1종일반주거지역,20221008
경상남도 양산시 동면 금산리 1459-9번지,48330,31027,0,1459,0009,1264100051889,,,,3,용도구역코드,UOA110,절대정화구역,0,0,,절대정화구역,20221008
경상남도 양산시 동면 금산리 1459-9번지,48330,31027,0,1459,0009,1264100051889,,,,3,용도구역코드,UQQ310,제1종지구단위계획구역,1,0,,제1종지구단위계획구역,20221008
경상남도 양산시 동면 금산리 1459-10번지,48330,31027,0,1459,0010,1264100046565,,,,1,용도지역코드,UQA121,제1종일반주거지역,1,0,,제1종일반주거지역,20221008
경상남도 양산시 동면 금산리 1459-10번지,48330,31027,0,1459,0010,1264100046565,,,,3,용도구역코드,UQQ310,제1종지구단위계획구역,1,0,,제1종지구단위계획구역,20221008
경상남도 양산시 동면 금산리 1460-1번지,48330,31027,0,1460,0001,1264100038313,,,,1,용도지역코드,UQA121,제1종일반주거지역,1,0,,제1종일반주거지역,20221008
경상남도 양산시 동면 금산리 1460-1번지,48330,31027,0,1460,0001,1264100038313,,,,1,용도지역코드,UQA001,도시지역,0,0,,도시지역,20221008
경상남도 양산시 동면 금산리 1460-1번지,48330,31027,0,1460,0001,1264100038313,,,,3,용도구역코드,UQQ310,제1종지구단위계획구역,1,0,,제1종지구단위계획구역,20221008
경상남도 양산시 동면 금산리 1460-1번지,48330,31027,0,1460,0001,1264100038313,,,,3,용도구역코드,UOA110,절대정화구역,0,0,,절대정화구역,20221008
경상남도 양산시 동면 금산리 1460-2번지,48330,31027,0,1460,0002,1000000000000000438772,,,,3,용도구역코드,UQQ310,제1종지구단위계획구역,1,0,,제1종지구단위계획구역,20241014
경상남도 양산시 동면 금산리 1460-2번지,48330,31027,0,1460,0002,1000000000000000438772,,,,1,용도지역코드,UQA430,자연녹지지역,1,0,,자연녹지지역,20241014
경상남도 양산시 동면 금산리 1460-3번지,48330,31027,0,1460,0003,1264100006985,,,,1,용도지역코드,1021,제1종일반주거지역,1,0,,제1종일반주거지역,20221008
경상남도 양산시 동면 금산리 1460-3번지,48330,31027,0,1460,0003,1264100006089,,,,1,용도지역코드,1021,제1종일반주거지역,1,0,,제1종일반주거지역,20221008
경상남도 양산시 동면 금산리 1460-3번지,48330,31027,0,1460,0003,1264100006088,,,,1,용도지역코드,1021,제1종일반주거지역,1,0,,제1종일반주거지역,20221008
경상남도 양산시 동면 금산리 1480번지,48330,31027,0,1480,0000,1000000000000000068100,,,,1,용도지역코드,UQA220,일반상업지역,1,0,,일반상업지역,20221012
경상남도 양산시 동면 금산리 1481번지,48330,31027,0,1481,0000,1264100051487,,,,1,용도지역코드,UQA220,일반상업지역,1,0,,일반상업지역,20221008
경상남도 양산시 동면 금산리 1481번지,48330,31027,0,1481,0000,1264100051487,,,,3,용도구역코드,UQQ310,제1종지구단위계획구역,1,0,,제1종지구단위계획구역,20221008
경상남도 양산시 동면 금산리 1501번지,48330,31027,0,1501,0000,1000000000000000755717,,,,1,용도지역코드,UQA430,자연녹지지역,1,0,,자연녹지지역,20250630
경상남도 양산시 동면 금산리 1501번지,48330,31027,0,1501,0000,1000000000000000697778,,,,1,용도지역코드,UQA430,자연녹지지역,1,0,,자연녹지지역,20250407
경상남도 양산시 동면 금산리 1501번지,48330,31027,0,1501,0000,1000000000000000697778,,,,3,용도구역코드,UOA120,상대보호구역,0,0,,상대보호구역,20250407
경상남도 양산시 동면 금산리 1501번지,48330,31027,0,1501,0000,1000000000000000697778,,,,3,용도구역코드,UQQ310,제1종지구단위계획구역,1,0,,제1종지구단위계획구역,20250407
경상남도 양산시 동면 금산리 1501번지,48330,31027,0,1501,0000,1000000000000000697778,,,,3,용도구역코드,UMZ100,가축사육제한구역,0,0,,가축사육제한구역,20250407
경상남도 양산시 동면 금산리 1501-1번지,48330,31027,0,1501,0001,1000000000000000928002,,,,1,용도지역코드,UQA430,자연녹지지역,1,0,,자연녹지지역,20260416
경상남도 양산시 동면 금산리 1501-1번지,48330,31027,0,1501,0001,1000000000000000928002,,,,3,용도구역코드,UOA120,상대보호구역,0,0,,상대보호구역,20260416
경상남도 양산시 동면 금산리 1501-1번지,48330,31027,0,1501,0001,1000000000000000928002,,,,3,용도구역코드,UQQ310,제1종지구단위계획구역,1,0,,제1종지구단위계획구역,20260416
경상남도 양산시 동면 금산리 1501-1번지,48330,31027,0,1501,0001,1000000000000000734571,,,,1,용도지역코드,UQA430,자연녹지지역,1,0,,자연녹지지역,20250528
경상남도 양산시 동면 금산리 1501-1번지,48330,31027,0,1501,0001,1000000000000000734571,,,,3,용도구역코드,UQQ310,제1종지구단위계획구역,1,0,,제1종지구단위계획구역,20250528
경상남도 양산시 동면 금산리 1501-1번지,48330,31027,0,1501,0001,1000000000000000761010,,,,1,용도지역코드,UQA430,자연녹지지역,1,0,,자연녹지지역,20250708
경상남도 양산시 동면 금산리 1501-1번지,48330,31027,0,1501,0001,1000000000000000785352,,,,1,용도지역코드,UQA430,자연녹지지역,1,0,,자연녹지지역,20250818
경상남도 양산시 동면 금산리 1501-1번지,48330,31027,0,1501,0001,1000000000000000608615,,,,3,용도구역코드,UQQ310,제1종지구단위계획구역,1,0,,제1종지구단위계획구역,20250509
경상남도 양산시 동면 금산리 1501-1번지,48330,31027,0,1501,0001,1000000000000000608615,,,,1,용도지역코드,UQA430,자연녹지지역,1,0,,자연녹지지역,20250509
경상남도 양산시 동면 금산리 블록,48330,31027,2,0000,0000,12647260,석.금산토지구획지구,6,4,1,용도지역코드,1020,일반주거지역,1,0,,일반주거지역,20221008
경상남도 양산시 동면 금산리 블록,48330,31027,2,0000,0000,12644643,동면 석금산구획정리사업지구 7B 3L,,,1,용도지역코드,0100,도시지역,0,0,,도시지역,20221008
경상남도 양산시 동면 금산리 블록,48330,31027,2,0000,0000,12644643,동면 석금산구획정리사업지구 7B 3L,,,1,용도지역코드,1022,제2종일반주거지역,1,0,,제2종일반주거지역,20221008
경상남도 양산시 동면 금산리 블록,48330,31027,2,0000,0000,12644643,동면 석금산구획정리사업지구 7B 3L,,,3,용도구역코드,130,토지구획정리사업구역,1,0,,토지구획정리사업구역,20221008
경상남도 양산시 동면 금산리 블록,48330,31027,2,0000,0000,12647349,석금산토지구획지구,14,11,1,용도지역코드,1022,제2종일반주거지역,1,0,,제2종일반주거지역,20221008
경상남도 양산시 동면 금산리 블록,48330,31027,2,0000,0000,12642758,석 금산 토지구획정리사업지구내 6B 1L,,,1,용도지역코드,1020,일반주거지역,1,0,,일반주거지역,20221008
경상남도 양산시 동면 금산리 블록,48330,31027,2,0000,0000,12648360,,23B,1L,1,용도지역코드,1022,제2종일반주거지역,1,0,,제2종일반주거지역,20221008
경상남도 양산시 동면 금산리 블록,48330,31027,2,0000,0000,12648360,,23B,1L,3,용도구역코드,390,도시개발구역,1,0,,도시개발구역,20221008
경상남도 양산시 동면 금산리 블록,48330,31027,2,0000,0000,12647369,"동면 석,금산토지구획정리지구",7,4,1,용도지역코드,1022,제2종일반주거지역,1,0,,제2종일반주거지역,20221008
경상남도 양산시 동면 금산리 블록,48330,31027,2,0000,0000,12647369,"동면 석,금산토지구획정리지구",7,4,2,용도지구코드,340,토지구획정리사업지구,1,0,,토지구획정리사업지구,20221008
경상남도 양산시 동면 금산리 블록,48330,31027,2,0000,0000,12647369,"동면 석,금산토지구획정리지구",7,4,3,용도구역코드,390,도시개발구역,1,0,,도시개발구역,20221008
경상남도 양산시 동면 금산리 블록,48330,31027,2,0000,0000,12647449,석금산 토지구획정리지구,9,10,1,용도지역코드,1022,제2종일반주거지역,1,0,,제2종일반주거지역,20221008
경상남도 양산시 동면 금산리 블록,48330,31027,2,0000,0000,12647449,석금산 토지구획정리지구,9,10,2,용도지구코드,340,토지구획정리사업지구,1,0,,토지구획정리사업지구,20221008
경상남도 양산시 동면 금산리 블록,48330,31027,2,0000,0000,12645762,석.금산 토지구획정리지구,18,13-2,1,용도지역코드,1022,제2종일반주거지역,1,0,,제2종일반주거지역,20221008
경상남도 양산시 동면 금산리 블록,48330,31027,2,0000,0000,12645682,16-13,16,13,1,용도지역코드,1022,제2종일반주거지역,1,0,,제2종일반주거지역,20221008
경상남도 양산시 동면 금산리 블록6번지,48330,31027,2,0006,0000,12642285,,,,1,용도지역코드,1020,일반주거지역,1,0,,일반주거지역,20221008
경상남도 양산시 동면 금산리 블록8-1번지,48330,31027,2,0008,0001,12643787,토지구획정리사업8B-1N,,,1,용도지역코드,1020,일반주거지역,1,0,,일반주거지역,20221008
경상남도 양산시 동면 금산리 블록8-1번지,48330,31027,2,0008,0001,12643787,토지구획정리사업8B-1N,,,1,용도지역코드,1012,제2종전용주거지역,0,0,,제2종 전용주거지역,20221008
경상남도 양산시 동면 금산리 블록10-4번지,48330,31027,2,0010,0004,12643864,"석산,금산지구 토지구획정리",,,1,용도지역코드,1020,일반주거지역,1,0,,일반주거지역,20221008
경상남도 양산시 동면 금산리 블록12-1번지,48330,31027,2,0012,0001,12643649,,,,1,용도지역코드,1020,일반주거지역,1,0,,일반주거지역,20221008
경상남도 양산시 동면 금산리 블록12-1번지,48330,31027,2,0012,0001,12643649,,,,2,용도지구코드,340,토지구획정리사업지구,1,0,,토지구획정리사업지구,20221008
경상남도 양산시 동면 금산리 블록12-1번지,48330,31027,2,0012,0001,12643661,,,,1,용도지역코드,1020,일반주거지역,1,0,,일반주거지역,20221008
경상남도 양산시 동면 금산리 블록12-1번지,48330,31027,2,0012,0001,12643661,,,,2,용도지구코드,340,토지구획정리사업지구,1,0,,토지구획정리사업지구,20221008
