대지위치,시군구코드,법정동코드,대지구분코드,번,지,관리허가대장PK,특수지명,블록,로트,지역지구구역구분코드,지역지구구역구분코드명,지역지구구역코드,지역지구구역코드명,대표여부,주동구분코드,주동구분코드명,지역지구구역명,생성일자
경상남도 양산시 소주동 ,48330,11700,0,0000,0000,12643674,,335,2,1,용도지역코드,1020,일반주거지역,1,0,,일반주거지역,20221008
경상남도 양산시 소주동 ,48330,11700,0,0000,0000,12642912,,439,13,1,용도지역코드,1330,자연녹지지역,1,0,,자연녹지지역,20221008
경상남도 양산시 소주동 ,48330,11700,0,0000,0000,12641997,경남 양산시 웅상읍 소주리 30-222번지,,,1,용도지역코드,1220,일반공업지역,1,0,,일반공업지역,20221008
경상남도 양산시 소주동 ,48330,11700,0,0000,0000,12641479,경남 양산시 웅상읍 소주리 149,,,1,용도지역코드,1020,일반주거지역,1,0,,일반주거지역,20221008
경상남도 양산시 소주동 ,48330,11700,0,0000,0000,12641488,경상남도 양산시 웅상읍 소주리 5-1번지,,,1,용도지역코드,1220,일반공업지역,1,0,,일반공업지역,20221008
경상남도 양산시 소주동 1-1번지,48330,11700,0,0001,0001,1264100114038,,,,1,용도지역코드,UQA320,일반공업지역,1,0,,일반공업지역,20221008
경상남도 양산시 소주동 1-2번지,48330,11700,0,0001,0002,1000000000000000591646,,,,1,용도지역코드,UQA320,일반공업지역,1,0,,일반공업지역,20240926
경상남도 양산시 소주동 1-2번지,48330,11700,0,0001,0002,12647184,,,,1,용도지역코드,1220,일반공업지역,1,0,,일반공업지역,20221008
경상남도 양산시 소주동 1-2번지,48330,11700,0,0001,0002,1264100113157,,,,1,용도지역코드,UQA320,일반공업지역,1,0,,일반공업지역,20221008
경상남도 양산시 소주동 1-2번지,48330,11700,0,0001,0002,12643413,,,,1,용도지역코드,1220,일반공업지역,1,0,,일반공업지역,20221008
경상남도 양산시 소주동 1-2번지,48330,11700,0,0001,0002,12641173,경상남도 양산시 웅상읍 소주리,1,2,1,용도지역코드,1220,일반공업지역,1,0,,일반공업지역,20221008
경상남도 양산시 소주동 2-1번지,48330,11700,0,0002,0001,1264100060732,,,,1,용도지역코드,UQA320,일반공업지역,1,0,,일반공업지역,20221008
경상남도 양산시 소주동 2-1번지,48330,11700,0,0002,0001,1264100108176,,,,1,용도지역코드,UQA320,일반공업지역,1,0,,일반공업지역,20221008
경상남도 양산시 소주동 2-1번지,48330,11700,0,0002,0001,12643442,,,,1,용도지역코드,1220,일반공업지역,1,0,,일반공업지역,20221008
경상남도 양산시 소주동 2-1번지,48330,11700,0,0002,0001,12641764,경상남도 양산시 웅상읍 소주리,2,1,1,용도지역코드,1220,일반공업지역,1,0,,일반공업지역,20221008
경상남도 양산시 소주동 2-1번지,48330,11700,0,0002,0001,12648735,,,,1,용도지역코드,1220,일반공업지역,1,0,,일반공업지역,20221008
경상남도 양산시 소주동 2-1번지,48330,11700,0,0002,0001,1264100014354,,,,1,용도지역코드,1220,일반공업지역,1,0,,일반공업지역,20221008
경상남도 양산시 소주동 2-3번지,48330,11700,0,0002,0003,1264100079101,,,,1,용도지역코드,UQA320,일반공업지역,1,0,,일반공업지역,20221008
경상남도 양산시 소주동 2-3번지,48330,11700,0,0002,0003,1264100049548,,,,1,용도지역코드,UQA320,일반공업지역,1,0,,일반공업지역,20221008
경상남도 양산시 소주동 2-3번지,48330,11700,0,0002,0003,12642420,2-4,,,1,용도지역코드,1220,일반공업지역,1,0,,일반공업지역,20221008
경상남도 양산시 소주동 2-3번지,48330,11700,0,0002,0003,12649197,,,,1,용도지역코드,1220,일반공업지역,1,0,,일반공업지역,20221008
경상남도 양산시 소주동 2-3번지,48330,11700,0,0002,0003,1264100010970,,,,1,용도지역코드,1220,일반공업지역,1,0,,일반공업지역,20221008
경상남도 양산시 소주동 2-3번지,48330,11700,0,0002,0003,1264100004265,,,,1,용도지역코드,1220,일반공업지역,1,0,,일반공업지역,20221008
경상남도 양산시 소주동 2-5번지,48330,11700,0,0002,0005,12646021,,,,1,용도지역코드,1220,일반공업지역,1,0,,일반공업지역,20221008
경상남도 양산시 소주동 2-5번지,48330,11700,0,0002,0005,12642749,,,,1,용도지역코드,1220,일반공업지역,1,0,,일반공업지역,20221008
경상남도 양산시 소주동 2-5번지,48330,11700,0,0002,0005,1264100092302,,,,1,용도지역코드,UQA320,일반공업지역,1,0,,일반공업지역,20221008
경상남도 양산시 소주동 2-6번지,48330,11700,0,0002,0006,12641462,,,,1,용도지역코드,1220,일반공업지역,1,0,,일반공업지역,20221008
경상남도 양산시 소주동 2-7번지,48330,11700,0,0002,0007,1000000000000000859084,,,,3,용도구역코드,UMZ100,가축사육제한구역,1,0,,가축사육제한구역,20251212
경상남도 양산시 소주동 2-7번지,48330,11700,0,0002,0007,1000000000000000859084,,,,1,용도지역코드,UQA320,일반공업지역,1,0,,일반공업지역,20251212
경상남도 양산시 소주동 2-7번지,48330,11700,0,0002,0007,12644158,,,,1,용도지역코드,1220,일반공업지역,1,0,,일반공업지역,20221008
경상남도 양산시 소주동 2-7번지,48330,11700,0,0002,0007,12643371,,,,1,용도지역코드,1220,일반공업지역,1,0,,일반공업지역,20221008
경상남도 양산시 소주동 2-7번지,48330,11700,0,0002,0007,12642033,경상남도 양산시 웅상읍 소주리,2,7,1,용도지역코드,1220,일반공업지역,1,0,,일반공업지역,20221008
경상남도 양산시 소주동 2-7번지,48330,11700,0,0002,0007,1264100028173,,,,1,용도지역코드,UQA320,일반공업지역,1,0,,일반공업지역,20221008
경상남도 양산시 소주동 2-7번지,48330,11700,0,0002,0007,1264100035812,,,,1,용도지역코드,UQA320,일반공업지역,1,0,,일반공업지역,20221008
경상남도 양산시 소주동 2-7번지,48330,11700,0,0002,0007,12642484,,,,1,용도지역코드,1220,일반공업지역,1,0,,일반공업지역,20221008
경상남도 양산시 소주동 2-7번지,48330,11700,0,0002,0007,12642498,,,,1,용도지역코드,1120,일반상업지역,1,0,,일반상업지역,20221008
경상남도 양산시 소주동 2-7번지,48330,11700,0,0002,0007,12642853,,,,1,용도지역코드,1220,일반공업지역,1,0,,일반공업지역,20221008
경상남도 양산시 소주동 2-9번지,48330,11700,0,0002,0009,1264100093921,,,,1,용도지역코드,UQA320,일반공업지역,1,0,,일반공업지역,20221008
경상남도 양산시 소주동 2-9번지,48330,11700,0,0002,0009,1264100114721,,,,1,용도지역코드,UQA320,일반공업지역,1,0,,일반공업지역,20221008
경상남도 양산시 소주동 3-2번지,48330,11700,0,0003,0002,12642757,,,,1,용도지역코드,1220,일반공업지역,1,0,,일반공업지역,20221008
경상남도 양산시 소주동 3-2번지,48330,11700,0,0003,0002,1264100124059,,,,1,용도지역코드,UQA320,일반공업지역,1,0,,일반공업지역,20221008
경상남도 양산시 소주동 3-2번지,48330,11700,0,0003,0002,1264100124059,,,,3,용도구역코드,UMZ100,가축사육제한구역,1,0,,가축사육제한구역,20221008
경상남도 양산시 소주동 3-2번지,48330,11700,0,0003,0002,1264100128921,,,,1,용도지역코드,UQA320,일반공업지역,1,0,,일반공업지역,20221008
경상남도 양산시 소주동 3-3번지,48330,11700,0,0003,0003,1264100127341,,,,1,용도지역코드,UQA320,일반공업지역,1,0,,일반공업지역,20221008
경상남도 양산시 소주동 3-3번지,48330,11700,0,0003,0003,1264100124039,,,,1,용도지역코드,UQA320,일반공업지역,1,0,,일반공업지역,20221008
경상남도 양산시 소주동 3-3번지,48330,11700,0,0003,0003,1264100124039,,,,3,용도구역코드,UMZ100,가축사육제한구역,1,0,,가축사육제한구역,20221008
경상남도 양산시 소주동 3-3번지,48330,11700,0,0003,0003,1264100124562,,,,1,용도지역코드,UQA320,일반공업지역,1,0,,일반공업지역,20221008
경상남도 양산시 소주동 3-3번지,48330,11700,0,0003,0003,1264100124562,,,,3,용도구역코드,UMZ100,가축사육제한구역,1,0,,가축사육제한구역,20221008
경상남도 양산시 소주동 3-3번지,48330,11700,0,0003,0003,12641424,,,,1,용도지역코드,1220,일반공업지역,1,0,,일반공업지역,20221008
경상남도 양산시 소주동 3-3번지,48330,11700,0,0003,0003,12649192,,,,1,용도지역코드,1220,일반공업지역,1,0,,일반공업지역,20221008
경상남도 양산시 소주동 3-4번지,48330,11700,0,0003,0004,1000000000000000491252,,,,1,용도지역코드,UQA320,일반공업지역,1,0,,일반공업지역,20240404
경상남도 양산시 소주동 3-4번지,48330,11700,0,0003,0004,12647108,,,,1,용도지역코드,1220,일반공업지역,1,0,,일반공업지역,20221008
경상남도 양산시 소주동 3-4번지,48330,11700,0,0003,0004,12645080,,,,1,용도지역코드,1220,일반공업지역,1,0,,일반공업지역,20221008
경상남도 양산시 소주동 3-4번지,48330,11700,0,0003,0004,1264100148510,,,,1,용도지역코드,UQA320,일반공업지역,1,0,,일반공업지역,20240124
경상남도 양산시 소주동 3-5번지,48330,11700,0,0003,0005,1000000000000001019432,,,,1,용도지역코드,UQA320,일반공업지역,1,0,,일반공업지역,20260826
경상남도 양산시 소주동 3-5번지,48330,11700,0,0003,0005,1264100029629,,,,1,용도지역코드,UQA320,일반공업지역,1,0,,일반공업지역,20221008
경상남도 양산시 소주동 3-5번지,48330,11700,0,0003,0005,12647092,,,,1,용도지역코드,1220,일반공업지역,1,0,,일반공업지역,20221008
경상남도 양산시 소주동 3-5번지,48330,11700,0,0003,0005,12647768,,,,1,용도지역코드,1220,일반공업지역,1,0,,일반공업지역,20221008
경상남도 양산시 소주동 3-5번지,48330,11700,0,0003,0005,1264100138743,,,,1,용도지역코드,UQA320,일반공업지역,1,0,,일반공업지역,20221008
경상남도 양산시 소주동 3-5번지,48330,11700,0,0003,0005,1264100138743,,,,3,용도구역코드,UMZ100,가축사육제한구역,1,0,,가축사육제한구역,20221008
경상남도 양산시 소주동 3-5번지,48330,11700,0,0003,0005,1264100154456,,,,1,용도지역코드,UQA320,일반공업지역,1,0,,일반공업지역,20240221
경상남도 양산시 소주동 3-5번지,48330,11700,0,0003,0005,1264100154456,,,,3,용도구역코드,UMZ100,가축사육제한구역,1,0,,가축사육제한구역,20240221
경상남도 양산시 소주동 3-5번지,48330,11700,0,0003,0005,12643200,,,,1,용도지역코드,1220,일반공업지역,1,0,,일반공업지역,20221008
경상남도 양산시 소주동 3-6번지,48330,11700,0,0003,0006,12644514,,,,1,용도지역코드,1220,일반공업지역,1,0,,일반공업지역,20221008
경상남도 양산시 소주동 3-6번지,48330,11700,0,0003,0006,12642058,,,,1,용도지역코드,1220,일반공업지역,1,0,,일반공업지역,20221008
경상남도 양산시 소주동 3-6번지,48330,11700,0,0003,0006,12641765,,,,1,용도지역코드,1220,일반공업지역,1,0,,일반공업지역,20221008
경상남도 양산시 소주동 3-7번지,48330,11700,0,0003,0007,12641349,,,,1,용도지역코드,1220,일반공업지역,1,0,,일반공업지역,20221008
경상남도 양산시 소주동 3-7번지,48330,11700,0,0003,0007,12641947,,,,1,용도지역코드,1220,일반공업지역,1,0,,일반공업지역,20221008
경상남도 양산시 소주동 3-9번지,48330,11700,0,0003,0009,12647907,,,,1,용도지역코드,1220,일반공업지역,1,0,,일반공업지역,20221008
경상남도 양산시 소주동 3-9번지,48330,11700,0,0003,0009,1000000000000000774362,,,,1,용도지역코드,UQA320,일반공업지역,1,0,,일반공업지역,20250730
경상남도 양산시 소주동 3-9번지,48330,11700,0,0003,0009,1000000000000000774362,,,,3,용도구역코드,UMZ100,가축사육제한구역,1,0,,가축사육제한구역,20250730
경상남도 양산시 소주동 3-9번지,48330,11700,0,0003,0009,12642907,,,,1,용도지역코드,1220,일반공업지역,1,0,,일반공업지역,20221008
경상남도 양산시 소주동 3-9번지,48330,11700,0,0003,0009,1264100131204,,,,1,용도지역코드,UQA320,일반공업지역,1,0,,일반공업지역,20221008
경상남도 양산시 소주동 3-9번지,48330,11700,0,0003,0009,1264100134144,,,,1,용도지역코드,UQA320,일반공업지역,1,0,,일반공업지역,20221008
경상남도 양산시 소주동 3-9번지,48330,11700,0,0003,0009,12642358,,,,1,용도지역코드,1220,일반공업지역,1,0,,일반공업지역,20221008
경상남도 양산시 소주동 3-10번지,48330,11700,0,0003,0010,1264100054168,,,,1,용도지역코드,UQA320,일반공업지역,1,0,,일반공업지역,20221008
경상남도 양산시 소주동 3-10번지,48330,11700,0,0003,0010,1264100023809,,,,1,용도지역코드,UQA320,일반공업지역,1,0,,일반공업지역,20221008
경상남도 양산시 소주동 3-11번지,48330,11700,0,0003,0011,12642036,,,,1,용도지역코드,1220,일반공업지역,1,0,,일반공업지역,20221008
경상남도 양산시 소주동 3-11번지,48330,11700,0,0003,0011,12641715,,,,1,용도지역코드,1220,일반공업지역,1,0,,일반공업지역,20221008
경상남도 양산시 소주동 3-11번지,48330,11700,0,0003,0011,12641768,,,,1,용도지역코드,1220,일반공업지역,1,0,,일반공업지역,20221008
경상남도 양산시 소주동 3-11번지,48330,11700,0,0003,0011,12647891,,,,1,용도지역코드,1220,일반공업지역,1,0,,일반공업지역,20221008
경상남도 양산시 소주동 3-12번지,48330,11700,0,0003,0012,12641977,,,,1,용도지역코드,1220,일반공업지역,1,0,,일반공업지역,20221008
경상남도 양산시 소주동 3-12번지,48330,11700,0,0003,0012,12641542,,,,1,용도지역코드,1220,일반공업지역,1,0,,일반공업지역,20221008
경상남도 양산시 소주동 3-14번지,48330,11700,0,0003,0014,12642906,,,,1,용도지역코드,1220,일반공업지역,1,0,,일반공업지역,20221008
경상남도 양산시 소주동 3-14번지,48330,11700,0,0003,0014,12642359,,,,1,용도지역코드,1220,일반공업지역,1,0,,일반공업지역,20221008
경상남도 양산시 소주동 3-14번지,48330,11700,0,0003,0014,12642390,,,,1,용도지역코드,1220,일반공업지역,1,0,,일반공업지역,20221008
경상남도 양산시 소주동 4-1번지,48330,11700,0,0004,0001,12647924,,,,1,용도지역코드,1220,일반공업지역,1,0,,일반공업지역,20221008
경상남도 양산시 소주동 4-1번지,48330,11700,0,0004,0001,12645990,,,,1,용도지역코드,1220,일반공업지역,1,0,,일반공업지역,20221008
경상남도 양산시 소주동 4-1번지,48330,11700,0,0004,0001,12646050,,,,1,용도지역코드,1220,일반공업지역,1,0,,일반공업지역,20221008
경상남도 양산시 소주동 4-1번지,48330,11700,0,0004,0001,12644912,,,,1,용도지역코드,1220,일반공업지역,1,0,,일반공업지역,20221008
경상남도 양산시 소주동 4-1번지,48330,11700,0,0004,0001,1264100029054,,,,1,용도지역코드,UQA320,일반공업지역,1,0,,일반공업지역,20221008
경상남도 양산시 소주동 4-1번지,48330,11700,0,0004,0001,12647911,,,,1,용도지역코드,1220,일반공업지역,1,0,,일반공업지역,20221008
경상남도 양산시 소주동 4-2번지,48330,11700,0,0004,0002,12645981,,,,1,용도지역코드,1220,일반공업지역,1,0,,일반공업지역,20221008
경상남도 양산시 소주동 4-2번지,48330,11700,0,0004,0002,12642050,,,,1,용도지역코드,1220,일반공업지역,1,0,,일반공업지역,20221008
경상남도 양산시 소주동 4-2번지,48330,11700,0,0004,0002,12641796,,,,1,용도지역코드,1220,일반공업지역,1,0,,일반공업지역,20221008
경상남도 양산시 소주동 4-2번지,48330,11700,0,0004,0002,1264100042302,,,,1,용도지역코드,UQA320,일반공업지역,1,0,,일반공업지역,20221008
경상남도 양산시 소주동 4-3번지,48330,11700,0,0004,0003,12641332,,,,1,용도지역코드,1220,일반공업지역,1,0,,일반공업지역,20221008
경상남도 양산시 소주동 4-3번지,48330,11700,0,0004,0003,12642520,,,,1,용도지역코드,1220,일반공업지역,1,0,,일반공업지역,20221008
경상남도 양산시 소주동 4-3번지,48330,11700,0,0004,0003,12642487,,,,1,용도지역코드,1220,일반공업지역,1,0,,일반공업지역,20221008
경상남도 양산시 소주동 4-4번지,48330,11700,0,0004,0004,12644511,,,,1,용도지역코드,1220,일반공업지역,1,0,,일반공업지역,20221008
경상남도 양산시 소주동 4-4번지,48330,11700,0,0004,0004,12643574,,,,1,용도지역코드,1220,일반공업지역,1,0,,일반공업지역,20221008
경상남도 양산시 소주동 4-4번지,48330,11700,0,0004,0004,12642725,,,,1,용도지역코드,1220,일반공업지역,1,0,,일반공업지역,20221008
경상남도 양산시 소주동 4-4번지,48330,11700,0,0004,0004,1264100014796,,,,1,용도지역코드,1220,일반공업지역,1,0,,일반공업지역,20221008
경상남도 양산시 소주동 4-5번지,48330,11700,0,0004,0005,12643398,,,,1,용도지역코드,1220,일반공업지역,1,0,,일반공업지역,20221008
경상남도 양산시 소주동 4-6번지,48330,11700,0,0004,0006,1264100066481,,,,1,용도지역코드,UQA320,일반공업지역,1,0,,일반공업지역,20221008
경상남도 양산시 소주동 4-6번지,48330,11700,0,0004,0006,12648742,,,,1,용도지역코드,1220,일반공업지역,1,0,,일반공업지역,20221008
경상남도 양산시 소주동 4-6번지,48330,11700,0,0004,0006,1264100066660,,,,1,용도지역코드,UQA320,일반공업지역,1,0,,일반공업지역,20221008
경상남도 양산시 소주동 4-7번지,48330,11700,0,0004,0007,12644113,,,,1,용도지역코드,1220,일반공업지역,1,0,,일반공업지역,20221008
경상남도 양산시 소주동 4-7번지,48330,11700,0,0004,0007,12643455,,,,1,용도지역코드,1220,일반공업지역,1,0,,일반공업지역,20221008
경상남도 양산시 소주동 4-7번지,48330,11700,0,0004,0007,1264845,4-7번지,,,1,용도지역코드,1220,일반공업지역,1,0,,일반공업지역,20221008
경상남도 양산시 소주동 4-8번지,48330,11700,0,0004,0008,1264100051268,,,,1,용도지역코드,UQA320,일반공업지역,1,0,,일반공업지역,20221008
경상남도 양산시 소주동 4-8번지,48330,11700,0,0004,0008,1264100033166,,,,1,용도지역코드,UQA320,일반공업지역,1,0,,일반공업지역,20221008
경상남도 양산시 소주동 4-9번지,48330,11700,0,0004,0009,12642450,,,,1,용도지역코드,1220,일반공업지역,1,0,,일반공업지역,20221008
경상남도 양산시 소주동 4-10번지,48330,11700,0,0004,0010,12646960,,,,1,용도지역코드,1220,일반공업지역,1,0,,일반공업지역,20221008
경상남도 양산시 소주동 5-1번지,48330,11700,0,0005,0001,12642930,,,,1,용도지역코드,1220,일반공업지역,1,0,,일반공업지역,20221008
경상남도 양산시 소주동 5-1번지,48330,11700,0,0005,0001,12647998,,,,1,용도지역코드,1220,일반공업지역,1,0,,일반공업지역,20221008
경상남도 양산시 소주동 5-1번지,48330,11700,0,0005,0001,12646354,,,,1,용도지역코드,1220,일반공업지역,1,0,,일반공업지역,20221008
경상남도 양산시 소주동 5-1번지,48330,11700,0,0005,0001,12643430,,,,1,용도지역코드,1220,일반공업지역,1,0,,일반공업지역,20221008
경상남도 양산시 소주동 5-2번지,48330,11700,0,0005,0002,12643415,,,,1,용도지역코드,1220,일반공업지역,1,0,,일반공업지역,20221008
경상남도 양산시 소주동 5-4번지,48330,11700,0,0005,0004,1264100049229,,,,1,용도지역코드,UQA320,일반공업지역,1,0,,일반공업지역,20221008
경상남도 양산시 소주동 5-4번지,48330,11700,0,0005,0004,12641155,5-4번지,,,1,용도지역코드,1220,일반공업지역,1,0,,일반공업지역,20221008
경상남도 양산시 소주동 5-4번지,48330,11700,0,0005,0004,1264100022586,,,,1,용도지역코드,UQA320,일반공업지역,1,0,,일반공업지역,20221008
경상남도 양산시 소주동 5-4번지,48330,11700,0,0005,0004,12642471,,,,1,용도지역코드,1220,일반공업지역,1,0,,일반공업지역,20221008
경상남도 양산시 소주동 5-10번지,48330,11700,0,0005,0010,12642373,,,,1,용도지역코드,1220,일반공업지역,1,0,,일반공업지역,20221008
경상남도 양산시 소주동 6번지,48330,11700,0,0006,0000,1000000000000000860742,,,,3,용도구역코드,UMZ100,가축사육제한구역,1,0,,가축사육제한구역,20251216
경상남도 양산시 소주동 6번지,48330,11700,0,0006,0000,1000000000000000860742,,,,1,용도지역코드,UQA320,일반공업지역,1,0,,일반공업지역,20251216
경상남도 양산시 소주동 6번지,48330,11700,0,0006,0000,1000000000000000690680,,,,1,용도지역코드,UQA320,일반공업지역,1,0,,일반공업지역,20250327
경상남도 양산시 소주동 6번지,48330,11700,0,0006,0000,1264100023666,,,,1,용도지역코드,UQA320,일반공업지역,1,0,,일반공업지역,20241202
경상남도 양산시 소주동 6번지,48330,11700,0,0006,0000,1264100054550,,,,1,용도지역코드,UQA320,일반공업지역,1,0,,일반공업지역,20221008
경상남도 양산시 소주동 6번지,48330,11700,0,0006,0000,1264100029429,,,,1,용도지역코드,UQA320,일반공업지역,1,0,,일반공업지역,20221008
경상남도 양산시 소주동 6번지,48330,11700,0,0006,0000,1264100028172,,,,1,용도지역코드,UQA320,일반공업지역,1,0,,일반공업지역,20221008
경상남도 양산시 소주동 8-1번지,48330,11700,0,0008,0001,12644520,,,,1,용도지역코드,1220,일반공업지역,1,0,,일반공업지역,20221008
경상남도 양산시 소주동 8-1번지,48330,11700,0,0008,0001,1264100059572,,,,1,용도지역코드,UQA320,일반공업지역,1,0,,일반공업지역,20221008
경상남도 양산시 소주동 8-1번지,48330,11700,0,0008,0001,1264100054548,,,,1,용도지역코드,UQA320,일반공업지역,1,0,,일반공업지역,20221008
경상남도 양산시 소주동 8-1번지,48330,11700,0,0008,0001,12641583,경상남도 양산시 웅상읍 소주리,8,1,1,용도지역코드,1220,일반공업지역,1,0,,일반공업지역,20221008
경상남도 양산시 소주동 8-1번지,48330,11700,0,0008,0001,12641832,경상남도 양산시 웅상읍 소주리,8,1,1,용도지역코드,1220,일반공업지역,1,0,,일반공업지역,20221008
경상남도 양산시 소주동 8-7번지,48330,11700,0,0008,0007,1264100087863,,,,1,용도지역코드,UQA320,일반공업지역,1,0,,일반공업지역,20221008
경상남도 양산시 소주동 8-7번지,48330,11700,0,0008,0007,1264100051767,,,,1,용도지역코드,UQA320,일반공업지역,1,0,,일반공업지역,20221008
경상남도 양산시 소주동 11-1번지,48330,11700,0,0011,0001,12643569,,,,1,용도지역코드,1220,일반공업지역,1,0,,일반공업지역,20221008
경상남도 양산시 소주동 11-1번지,48330,11700,0,0011,0001,1264100054248,,,,1,용도지역코드,UQA320,일반공업지역,1,0,,일반공업지역,20221008
경상남도 양산시 소주동 11-1번지,48330,11700,0,0011,0001,12647099,,,,1,용도지역코드,1220,일반공업지역,1,0,,일반공업지역,20221008
경상남도 양산시 소주동 11-1번지,48330,11700,0,0011,0001,12647099,,,,2,용도지구코드,170,공업용지지구,1,0,,공업용지지구,20221008
경상남도 양산시 소주동 11-1번지,48330,11700,0,0011,0001,12643265,,,,1,용도지역코드,1220,일반공업지역,1,0,,일반공업지역,20221008
경상남도 양산시 소주동 11-2번지,48330,11700,0,0011,0002,1264100019556,,,,1,용도지역코드,1220,일반공업지역,1,0,,일반공업지역,20221008
경상남도 양산시 소주동 11-2번지,48330,11700,0,0011,0002,1264100093401,,,,1,용도지역코드,UQA320,일반공업지역,1,0,,일반공업지역,20221008
경상남도 양산시 소주동 11-2번지,48330,11700,0,0011,0002,12643076,,,,1,용도지역코드,1220,일반공업지역,1,0,,일반공업지역,20221008
경상남도 양산시 소주동 11-3번지,48330,11700,0,0011,0003,1264100103154,,,,1,용도지역코드,UQA320,일반공업지역,1,0,,일반공업지역,20250611
경상남도 양산시 소주동 11-3번지,48330,11700,0,0011,0003,12643109,,,,1,용도지역코드,1220,일반공업지역,1,0,,일반공업지역,20221008
경상남도 양산시 소주동 11-5번지,48330,11700,0,0011,0005,12641410,,,,1,용도지역코드,1220,일반공업지역,1,0,,일반공업지역,20221008
경상남도 양산시 소주동 11-6번지,48330,11700,0,0011,0006,1264100097106,,,,1,용도지역코드,UQA320,일반공업지역,1,0,,일반공업지역,20221008
경상남도 양산시 소주동 11-6번지,48330,11700,0,0011,0006,12642813,,,,1,용도지역코드,1220,일반공업지역,1,0,,일반공업지역,20221008
경상남도 양산시 소주동 11-7번지,48330,11700,0,0011,0007,12647897,,,,1,용도지역코드,1220,일반공업지역,1,0,,일반공업지역,20221008
경상남도 양산시 소주동 11-7번지,48330,11700,0,0011,0007,1000000000000000403878,,,,1,용도지역코드,UQA320,일반공업지역,1,0,,일반공업지역,20240626
경상남도 양산시 소주동 11-7번지,48330,11700,0,0011,0007,1000000000000000403878,,,,3,용도구역코드,UMZ100,가축사육제한구역,1,0,,가축사육제한구역,20240626
경상남도 양산시 소주동 11-7번지,48330,11700,0,0011,0007,12643251,,,,1,용도지역코드,1220,일반공업지역,1,0,,일반공업지역,20221008
경상남도 양산시 소주동 11-8번지,48330,11700,0,0011,0008,12644086,,,,1,용도지역코드,1220,일반공업지역,1,0,,일반공업지역,20221008
경상남도 양산시 소주동 12-5번지,48330,11700,0,0012,0005,1000000000000000573791,,,,1,용도지역코드,UQA320,일반공업지역,1,0,,일반공업지역,20240821
경상남도 양산시 소주동 30번지,48330,11700,0,0030,0000,12646081,,,,1,용도지역코드,1220,일반공업지역,1,0,,일반공업지역,20221008
경상남도 양산시 소주동 30번지,48330,11700,0,0030,0000,1264100081841,,,,1,용도지역코드,UQA320,일반공업지역,1,0,,일반공업지역,20221008
경상남도 양산시 소주동 30번지,48330,11700,0,0030,0000,1264100124220,,,,1,용도지역코드,UQA320,일반공업지역,1,0,,일반공업지역,20221008
경상남도 양산시 소주동 30번지,48330,11700,0,0030,0000,1264100088544,,,,1,용도지역코드,UQA320,일반공업지역,1,0,,일반공업지역,20221008
경상남도 양산시 소주동 30번지,48330,11700,0,0030,0000,12642173,경상남도 양산시 웅상읍 소주리,30,,1,용도지역코드,1220,일반공업지역,1,0,,일반공업지역,20221008
경상남도 양산시 소주동 30번지,48330,11700,0,0030,0000,12643421,,,,1,용도지역코드,1220,일반공업지역,1,0,,일반공업지역,20221008
경상남도 양산시 소주동 30번지,48330,11700,0,0030,0000,12642895,,,,1,용도지역코드,1220,일반공업지역,1,0,,일반공업지역,20221008
경상남도 양산시 소주동 30번지,48330,11700,0,0030,0000,12642935,,,,1,용도지역코드,1220,일반공업지역,1,0,,일반공업지역,20221008
경상남도 양산시 소주동 30번지,48330,11700,0,0030,0000,12641896,경상남도 양산시 웅상읍 소주리,30,,1,용도지역코드,1220,일반공업지역,1,0,,일반공업지역,20221008
경상남도 양산시 소주동 30번지,48330,11700,0,0030,0000,12641852,경상남도 양산시 웅상읍 소주리,30,,1,용도지역코드,1220,일반공업지역,1,0,,일반공업지역,20221008
경상남도 양산시 소주동 35번지,48330,11700,0,0035,0000,1000000000000000429222,,,,1,용도지역코드,UQA320,일반공업지역,1,0,,일반공업지역,20260423
경상남도 양산시 소주동 35번지,48330,11700,0,0035,0000,1264100137483,,,,1,용도지역코드,UQA320,일반공업지역,1,0,,일반공업지역,20221008
경상남도 양산시 소주동 35번지,48330,11700,0,0035,0000,1264100137483,,,,1,용도지역코드,UQA122,제2종일반주거지역,0,0,,제2종일반주거지역,20221008
경상남도 양산시 소주동 35번지,48330,11700,0,0035,0000,1264569,,,,1,용도지역코드,1220,일반공업지역,1,0,,일반공업지역,20221008
경상남도 양산시 소주동 35번지,48330,11700,0,0035,0000,1264569,,,,1,용도지역코드,1320,생산녹지지역,0,0,,생산녹지지역,20221008
경상남도 양산시 소주동 35번지,48330,11700,0,0035,0000,1264569,,,,1,용도지역코드,1330,자연녹지지역,0,0,,자연녹지지역,20221008
경상남도 양산시 소주동 35번지,48330,11700,0,0035,0000,1264970,경상남도 양산시 웅상읍 소주리,35,,1,용도지역코드,1220,일반공업지역,1,0,,일반공업지역,20221008
경상남도 양산시 소주동 35번지,48330,11700,0,0035,0000,1264100024729,,,,1,용도지역코드,UQA320,일반공업지역,1,0,,일반공업지역,20221008
경상남도 양산시 소주동 35번지,48330,11700,0,0035,0000,1264100021278,,,,1,용도지역코드,1220,일반공업지역,1,0,,일반공업지역,20221008
경상남도 양산시 소주동 35번지,48330,11700,0,0035,0000,1264100021278,,,,1,용도지역코드,1021,제1종일반주거지역,0,0,,제1종일반주거지역,20221008
경상남도 양산시 소주동 35번지,48330,11700,0,0035,0000,1264100021278,,,,1,용도지역코드,1022,제2종일반주거지역,0,0,,제2종일반주거지역,20221008
경상남도 양산시 소주동 35번지,48330,11700,0,0035,0000,1264100021278,,,,1,용도지역코드,1023,제3종일반주거지역,0,0,,제3종일반주거지역,20221008
경상남도 양산시 소주동 35번지,48330,11700,0,0035,0000,1000000000000000322991,,,,1,용도지역코드,UQA320,일반공업지역,1,0,,일반공업지역,20260423
경상남도 양산시 소주동 39-1번지,48330,11700,0,0039,0001,1264100011172,,,,1,용도지역코드,1022,제2종일반주거지역,1,0,,제2종일반주거지역,20221008
경상남도 양산시 소주동 39-1번지,48330,11700,0,0039,0001,1264100011172,,,,3,용도구역코드,390,도시개발구역,1,0,,도시개발구역,20221008
경상남도 양산시 소주동 39-1번지,48330,11700,0,0039,0001,1264100014837,,,,1,용도지역코드,1022,제2종일반주거지역,1,0,,제2종일반주거지역,20221008
경상남도 양산시 소주동 39-1번지,48330,11700,0,0039,0001,1264100014837,,,,3,용도구역코드,390,도시개발구역,1,0,,도시개발구역,20221008
경상남도 양산시 소주동 39-2번지,48330,11700,0,0039,0002,1264100018856,,,,1,용도지역코드,1022,제2종일반주거지역,1,0,,제2종일반주거지역,20221008
경상남도 양산시 소주동 39-2번지,48330,11700,0,0039,0002,1264100018856,,,,3,용도구역코드,390,도시개발구역,1,0,,도시개발구역,20221008
경상남도 양산시 소주동 39-3번지,48330,11700,0,0039,0003,1000000000000000521331,,,,3,용도구역코드,UMZ100,가축사육제한구역,1,0,,가축사육제한구역,20250528
경상남도 양산시 소주동 39-3번지,48330,11700,0,0039,0003,1000000000000000521331,,,,1,용도지역코드,UQA122,제2종일반주거지역,1,0,,제2종일반주거지역,20250528
경상남도 양산시 소주동 39-3번지,48330,11700,0,0039,0003,1264100006910,,,,1,용도지역코드,1022,제2종일반주거지역,1,0,,제2종일반주거지역,20221008
경상남도 양산시 소주동 39-3번지,48330,11700,0,0039,0003,1264100006910,,,,3,용도구역코드,390,도시개발구역,1,0,,도시개발구역,20221008
경상남도 양산시 소주동 39-4번지,48330,11700,0,0039,0004,1264100083683,,,,1,용도지역코드,UQA122,제2종일반주거지역,1,0,,제2종일반주거지역,20221008
경상남도 양산시 소주동 39-5번지,48330,11700,0,0039,0005,1264100154371,,,,1,용도지역코드,UQA122,제2종일반주거지역,1,0,,제2종일반주거지역,20221008
경상남도 양산시 소주동 39-5번지,48330,11700,0,0039,0005,1264100154371,,,,3,용도구역코드,UMZ100,가축사육제한구역,1,0,,가축사육제한구역,20221008
경상남도 양산시 소주동 39-5번지,48330,11700,0,0039,0005,1264100014175,,,,1,용도지역코드,1022,제2종일반주거지역,1,0,,제2종일반주거지역,20221008
경상남도 양산시 소주동 39-5번지,48330,11700,0,0039,0005,1264100014175,,,,3,용도구역코드,390,도시개발구역,1,0,,도시개발구역,20221008
경상남도 양산시 소주동 40-1번지,48330,11700,0,0040,0001,1264100059632,,,,1,용도지역코드,UQA122,제2종일반주거지역,1,0,,제2종일반주거지역,20221008
경상남도 양산시 소주동 41-5번지,48330,11700,0,0041,0005,1264100030476,,,,1,용도지역코드,UQA122,제2종일반주거지역,1,0,,제2종일반주거지역,20221008
경상남도 양산시 소주동 41-6번지,48330,11700,0,0041,0006,1264100023727,,,,1,용도지역코드,1022,제2종일반주거지역,1,0,,제2종일반주거지역,20221008
경상남도 양산시 소주동 41-7번지,48330,11700,0,0041,0007,1264100028232,,,,1,용도지역코드,UQA122,제2종일반주거지역,1,0,,제2종일반주거지역,20221008
경상남도 양산시 소주동 41-7번지,48330,11700,0,0041,0007,1264100028232,,,,3,용도구역코드,UDW100,도시개발구역,1,0,,도시개발구역,20221008
경상남도 양산시 소주동 41-9번지,48330,11700,0,0041,0009,1264100112476,,,,1,용도지역코드,UQA122,제2종일반주거지역,1,0,,제2종일반주거지역,20221008
경상남도 양산시 소주동 41-9번지,48330,11700,0,0041,0009,1264100112476,,,,3,용도구역코드,UMZ100,가축사육제한구역,1,0,,가축사육제한구역,20221008
경상남도 양산시 소주동 41-10번지,48330,11700,0,0041,0010,1264100023088,,,,1,용도지역코드,UQA122,제2종일반주거지역,1,0,,제2종일반주거지역,20221008
경상남도 양산시 소주동 41-10번지,48330,11700,0,0041,0010,1264100041482,,,,1,용도지역코드,UQA122,제2종일반주거지역,1,0,,제2종일반주거지역,20221008
경상남도 양산시 소주동 41-13번지,48330,11700,0,0041,0013,1264100021705,,,,1,용도지역코드,UQA122,제2종일반주거지역,1,0,,제2종일반주거지역,20221008
경상남도 양산시 소주동 42-1번지,48330,11700,0,0042,0001,1264100050411,,,,1,용도지역코드,UQA122,제2종일반주거지역,1,0,,제2종일반주거지역,20221008
경상남도 양산시 소주동 42-1번지,48330,11700,0,0042,0001,1264100050426,,,,1,용도지역코드,UQA122,제2종일반주거지역,1,0,,제2종일반주거지역,20221008
경상남도 양산시 소주동 42-2번지,48330,11700,0,0042,0002,1264100112636,,,,1,용도지역코드,UQA122,제2종일반주거지역,1,0,,제2종일반주거지역,20221008
경상남도 양산시 소주동 42-2번지,48330,11700,0,0042,0002,1264100112636,,,,3,용도구역코드,UMZ100,가축사육제한구역,1,0,,가축사육제한구역,20221008
경상남도 양산시 소주동 42-3번지,48330,11700,0,0042,0003,1264100088741,,,,1,용도지역코드,UQA122,제2종일반주거지역,1,0,,제2종일반주거지역,20250808
경상남도 양산시 소주동 42-4번지,48330,11700,0,0042,0004,1264100136403,,,,3,용도구역코드,UMZ100,가축사육제한구역,1,0,,가축사육제한구역,20221008
경상남도 양산시 소주동 42-4번지,48330,11700,0,0042,0004,1264100136403,,,,1,용도지역코드,UQA122,제2종일반주거지역,1,0,,제2종일반주거지역,20221008
경상남도 양산시 소주동 42-7번지,48330,11700,0,0042,0007,1264100057169,,,,1,용도지역코드,UQA122,제2종일반주거지역,1,0,,제2종일반주거지역,20221008
경상남도 양산시 소주동 42-9번지,48330,11700,0,0042,0009,1264100093721,,,,1,용도지역코드,UQA122,제2종일반주거지역,1,0,,제2종일반주거지역,20221008
경상남도 양산시 소주동 42-10번지,48330,11700,0,0042,0010,1264100098214,,,,1,용도지역코드,UQA122,제2종일반주거지역,1,0,,제2종일반주거지역,20221008
경상남도 양산시 소주동 42-11번지,48330,11700,0,0042,0011,1000000000000000523984,,,,3,용도구역코드,UMZ100,가축사육제한구역,1,0,,가축사육제한구역,20251205
경상남도 양산시 소주동 42-11번지,48330,11700,0,0042,0011,1000000000000000523984,,,,1,용도지역코드,UQA122,제2종일반주거지역,1,0,,제2종일반주거지역,20251205
경상남도 양산시 소주동 42-11번지,48330,11700,0,0042,0011,1000000000000000579660,,,,1,용도지역코드,UQA122,제2종일반주거지역,1,0,,제2종일반주거지역,20251105
경상남도 양산시 소주동 47-1번지,48330,11700,0,0047,0001,12641143,"47-5, 1239-31",,,1,용도지역코드,1020,일반주거지역,1,0,,일반주거지역,20221008
경상남도 양산시 소주동 49-5번지,48330,11700,0,0049,0005,1264100144743,,,,1,용도지역코드,UQA122,제2종일반주거지역,1,0,,제2종일반주거지역,20221008
경상남도 양산시 소주동 49-5번지,48330,11700,0,0049,0005,1264100144743,,,,3,용도구역코드,UMZ100,가축사육제한구역,1,0,,가축사육제한구역,20221008
경상남도 양산시 소주동 60번지,48330,11700,0,0060,0000,1264100142703,,,,1,용도지역코드,UQA122,제2종일반주거지역,1,0,,제2종일반주거지역,20231030
경상남도 양산시 소주동 67-1번지,48330,11700,0,0067,0001,1264100107434,,,,1,용도지역코드,UQA122,제2종일반주거지역,1,0,,제2종일반주거지역,20221008
경상남도 양산시 소주동 67-5번지,48330,11700,0,0067,0005,1264100051387,,,,1,용도지역코드,UQA122,제2종일반주거지역,1,0,,제2종일반주거지역,20221008
경상남도 양산시 소주동 71번지,48330,11700,0,0071,0000,1264100125081,,,,1,용도지역코드,UQA122,제2종일반주거지역,1,0,,제2종일반주거지역,20221008
경상남도 양산시 소주동 71번지,48330,11700,0,0071,0000,1264100125081,,,,3,용도구역코드,UMZ100,가축사육제한구역,1,0,,가축사육제한구역,20221008
경상남도 양산시 소주동 84-2번지,48330,11700,0,0084,0002,1264100100093,,,,1,용도지역코드,UQA122,제2종일반주거지역,1,0,,제2종일반주거지역,20221008
경상남도 양산시 소주동 84-2번지,48330,11700,0,0084,0002,1264100100093,,,,2,용도지구코드,UQG130,일반미관지구,1,0,,일반미관지구,20221008
경상남도 양산시 소주동 84-4번지,48330,11700,0,0084,0004,1264100144765,,,,1,용도지역코드,UQA122,제2종일반주거지역,1,0,,제2종일반주거지역,20221008
경상남도 양산시 소주동 84-4번지,48330,11700,0,0084,0004,1264100144765,,,,2,용도지구코드,UQF130,시가지경관지구,1,0,,시가지경관지구,20221008
경상남도 양산시 소주동 85-3번지,48330,11700,0,0085,0003,1264100046985,,,,1,용도지역코드,UQA122,제2종일반주거지역,1,0,,제2종일반주거지역,20221008
경상남도 양산시 소주동 85-6번지,48330,11700,0,0085,0006,1000000000000000508196,,,,1,용도지역코드,UQA122,제2종일반주거지역,1,0,,제2종일반주거지역,20240501
경상남도 양산시 소주동 90-1번지,48330,11700,0,0090,0001,1264100150375,,,,2,용도지구코드,UQF132,시가지경관지구(일반),1,0,,시가지경관지구(일반),20230821
경상남도 양산시 소주동 90-1번지,48330,11700,0,0090,0001,1264100150375,,,,1,용도지역코드,UQA122,제2종일반주거지역,1,0,,제2종일반주거지역,20230821
경상남도 양산시 소주동 90-8번지,48330,11700,0,0090,0008,1000000000000000836397,,,,1,용도지역코드,UQA122,제2종일반주거지역,1,0,,제2종일반주거지역,20251124
경상남도 양산시 소주동 90-8번지,48330,11700,0,0090,0008,1000000000000000836397,,,,2,용도지구코드,UQF130,시가지경관지구,1,0,,시가지경관지구,20251124
경상남도 양산시 소주동 90-8번지,48330,11700,0,0090,0008,1000000000000000629563,,,,2,용도지구코드,UQF132,시가지경관지구(일반),1,0,,시가지경관지구(일반),20250922
경상남도 양산시 소주동 90-8번지,48330,11700,0,0090,0008,1000000000000000629563,,,,1,용도지역코드,UQA122,제2종일반주거지역,1,0,,제2종일반주거지역,20250922
경상남도 양산시 소주동 95번지,48330,11700,0,0095,0000,12645365,,,,1,용도지역코드,1022,제2종일반주거지역,1,0,,제2종일반주거지역,20221008
경상남도 양산시 소주동 97-3번지,48330,11700,0,0097,0003,1264100062884,,,,1,용도지역코드,UQA122,제2종일반주거지역,1,0,,제2종일반주거지역,20221008
경상남도 양산시 소주동 97-3번지,48330,11700,0,0097,0003,1264100062884,,,,3,용도구역코드,UOA120,상대보호구역,1,0,,상대정화구역,20221008
경상남도 양산시 소주동 97-11번지,48330,11700,0,0097,0011,1000000000000000928751,,,,1,용도지역코드,UQA122,제2종일반주거지역,1,0,,제2종일반주거지역,20260623
경상남도 양산시 소주동 97-13번지,48330,11700,0,0097,0013,1264100062882,,,,1,용도지역코드,UQA122,제2종일반주거지역,1,0,,제2종일반주거지역,20221008
경상남도 양산시 소주동 97-13번지,48330,11700,0,0097,0013,1264100062882,,,,3,용도구역코드,UOA120,상대보호구역,1,0,,상대정화구역,20221008
경상남도 양산시 소주동 98번지,48330,11700,0,0098,0000,1264100043707,,,,1,용도지역코드,UQA122,제2종일반주거지역,1,0,,제2종일반주거지역,20221008
경상남도 양산시 소주동 98번지,48330,11700,0,0098,0000,1264100043707,,,,3,용도구역코드,UOA120,상대보호구역,1,0,,상대정화구역,20221008
경상남도 양산시 소주동 105번지,48330,11700,0,0105,0000,1264100009089,,,,1,용도지역코드,1021,제1종일반주거지역,1,0,,제1종일반주거지역,20221008
경상남도 양산시 소주동 108번지,48330,11700,0,0108,0000,12646202,,,,1,용도지역코드,1022,제2종일반주거지역,1,0,,제2종일반주거지역,20221008
경상남도 양산시 소주동 126번지,48330,11700,0,0126,0000,1264100112916,,,,1,용도지역코드,UQA122,제2종일반주거지역,1,0,,제2종일반주거지역,20221008
경상남도 양산시 소주동 128-1번지,48330,11700,0,0128,0001,1264100023089,,,,1,용도지역코드,UQA121,제1종일반주거지역,1,0,,제1종일반주거지역,20221008
경상남도 양산시 소주동 129번지,48330,11700,0,0129,0000,1264100114916,,,,1,용도지역코드,UQA122,제2종일반주거지역,1,0,,제2종일반주거지역,20221008
경상남도 양산시 소주동 129번지,48330,11700,0,0129,0000,1264100114916,,,,2,용도지구코드,UPB100,재해위험지구,1,0,,재해위험지구,20221008
경상남도 양산시 소주동 133-17번지,48330,11700,0,0133,0017,1264100110318,,,,1,용도지역코드,UQA122,제2종일반주거지역,1,0,,제2종일반주거지역,20221008
경상남도 양산시 소주동 142-2번지,48330,11700,0,0142,0002,1264100129403,,,,1,용도지역코드,UQA122,제2종일반주거지역,1,0,,제2종일반주거지역,20221008
경상남도 양산시 소주동 142-2번지,48330,11700,0,0142,0002,12648775,,,,1,용도지역코드,1022,제2종일반주거지역,1,0,,제2종일반주거지역,20221008
경상남도 양산시 소주동 142-2번지,48330,11700,0,0142,0002,12648775,,,,3,용도구역코드,010,도시계획구역,1,0,,도시계획구역,20221008
경상남도 양산시 소주동 142-3번지,48330,11700,0,0142,0003,1264100092303,,,,1,용도지역코드,UQA122,제2종일반주거지역,1,0,,제2종일반주거지역,20221008
경상남도 양산시 소주동 149번지,48330,11700,0,0149,0000,1000000000000000738146,,,,3,용도구역코드,UOA110,절대정화구역,0,0,,절대보호구역,20250602
경상남도 양산시 소주동 149번지,48330,11700,0,0149,0000,1000000000000000738146,,,,3,용도구역코드,UOA120,상대보호구역,1,0,,상대보호구역,20250602
경상남도 양산시 소주동 149번지,48330,11700,0,0149,0000,1000000000000000738146,,,,1,용도지역코드,UQA122,제2종일반주거지역,1,0,,제2종일반주거지역,20250602
경상남도 양산시 소주동 150번지,48330,11700,0,0150,0000,1264100056848,,,,1,용도지역코드,UQA122,제2종일반주거지역,1,0,,제2종일반주거지역,20221008
경상남도 양산시 소주동 151번지,48330,11700,0,0151,0000,12642002,경상남도 양산시 웅상읍 소주리,151,,1,용도지역코드,1020,일반주거지역,1,0,,일반주거지역,20221008
경상남도 양산시 소주동 151번지,48330,11700,0,0151,0000,12641343,경상남도 양산시 웅상읍 소주리,151,,1,용도지역코드,1320,생산녹지지역,1,0,,생산녹지지역,20221008
경상남도 양산시 소주동 151번지,48330,11700,0,0151,0000,12642459,,,,1,용도지역코드,1020,일반주거지역,1,0,,일반주거지역,20221008
경상남도 양산시 소주동 151번지,48330,11700,0,0151,0000,12641940,경상남도 양산시 웅상읍 소주리,151,,1,용도지역코드,1020,일반주거지역,1,0,,일반주거지역,20221008
경상남도 양산시 소주동 151번지,48330,11700,0,0151,0000,12641956,경상남도 양산시 웅상읍 소주리,151,,1,용도지역코드,1020,일반주거지역,1,0,,일반주거지역,20221008
경상남도 양산시 소주동 164번지,48330,11700,0,0164,0000,1264100070180,,,,1,용도지역코드,UQA320,일반공업지역,1,0,,일반공업지역,20221008
경상남도 양산시 소주동 164번지,48330,11700,0,0164,0000,1264100139383,,,,1,용도지역코드,UQA320,일반공업지역,1,0,,일반공업지역,20221008
경상남도 양산시 소주동 164번지,48330,11700,0,0164,0000,1264100139383,,,,3,용도구역코드,UMZ100,가축사육제한구역,1,0,,가축사육제한구역,20221008
경상남도 양산시 소주동 164번지,48330,11700,0,0164,0000,1264100122079,,,,1,용도지역코드,UQA320,일반공업지역,1,0,,일반공업지역,20221008
경상남도 양산시 소주동 164번지,48330,11700,0,0164,0000,1264100025610,,,,1,용도지역코드,UQA320,일반공업지역,1,0,,일반공업지역,20221008
경상남도 양산시 소주동 164번지,48330,11700,0,0164,0000,1264100036472,,,,1,용도지역코드,UQA320,일반공업지역,1,0,,일반공업지역,20221008
경상남도 양산시 소주동 164번지,48330,11700,0,0164,0000,1264100034635,,,,1,용도지역코드,UQA320,일반공업지역,1,0,,일반공업지역,20221008
경상남도 양산시 소주동 164번지,48330,11700,0,0164,0000,1264100008272,,,,1,용도지역코드,1220,일반공업지역,1,0,,일반공업지역,20221008
경상남도 양산시 소주동 164번지,48330,11700,0,0164,0000,12649035,,,,1,용도지역코드,1220,일반공업지역,1,0,,일반공업지역,20221008
경상남도 양산시 소주동 164번지,48330,11700,0,0164,0000,1264100014636,,,,1,용도지역코드,1220,일반공업지역,1,0,,일반공업지역,20221008
경상남도 양산시 소주동 164-6번지,48330,11700,0,0164,0006,1264100018597,,,,1,용도지역코드,1220,일반공업지역,1,0,,일반공업지역,20230421
경상남도 양산시 소주동 164-6번지,48330,11700,0,0164,0006,1264804,164-6,,,1,용도지역코드,1220,일반공업지역,1,0,,일반공업지역,20221008
경상남도 양산시 소주동 164-6번지,48330,11700,0,0164,0006,12647903,,,,1,용도지역코드,1220,일반공업지역,1,0,,일반공업지역,20221008
경상남도 양산시 소주동 164-6번지,48330,11700,0,0164,0006,1264100004687,,,,1,용도지역코드,1220,일반공업지역,1,0,,일반공업지역,20221008
경상남도 양산시 소주동 164-7번지,48330,11700,0,0164,0007,1264803,164-7,,,1,용도지역코드,1220,일반공업지역,1,0,,일반공업지역,20221008
경상남도 양산시 소주동 164-9번지,48330,11700,0,0164,0009,1264926,164-9,,,1,용도지역코드,1220,일반공업지역,1,0,,일반공업지역,20221008
경상남도 양산시 소주동 164-9번지,48330,11700,0,0164,0009,1264100061337,,,,1,용도지역코드,UQA320,일반공업지역,1,0,,일반공업지역,20221008
경상남도 양산시 소주동 164-10번지,48330,11700,0,0164,0010,1264927,164-10,,,1,용도지역코드,1220,일반공업지역,1,0,,일반공업지역,20221008
경상남도 양산시 소주동 171번지,48330,11700,0,0171,0000,12641027,,,,1,용도지역코드,1220,일반공업지역,1,0,,일반공업지역,20221008
경상남도 양산시 소주동 176-1번지,48330,11700,0,0176,0001,12643578,,,,1,용도지역코드,1220,일반공업지역,1,0,,일반공업지역,20221008
경상남도 양산시 소주동 176-1번지,48330,11700,0,0176,0001,1264100029590,,,,1,용도지역코드,UQA320,일반공업지역,1,0,,일반공업지역,20221008
경상남도 양산시 소주동 176-1번지,48330,11700,0,0176,0001,1264719,경상남도 양산시 웅상읍 소주리,176,1,1,용도지역코드,1220,일반공업지역,1,0,,일반공업지역,20221008
경상남도 양산시 소주동 176-1번지,48330,11700,0,0176,0001,1264100007047,,,,1,용도지역코드,1220,일반공업지역,1,0,,일반공업지역,20221008
경상남도 양산시 소주동 180번지,48330,11700,0,0180,0000,1264100007767,,,,1,용도지역코드,1220,일반공업지역,1,0,,일반공업지역,20250526
경상남도 양산시 소주동 180번지,48330,11700,0,0180,0000,1264100080139,,,,1,용도지역코드,UQA320,일반공업지역,1,0,,일반공업지역,20221008
경상남도 양산시 소주동 180번지,48330,11700,0,0180,0000,1264100080139,,,,3,용도구역코드,UOA120,상대보호구역,1,0,,상대정화구역,20221008
경상남도 양산시 소주동 193-1번지,48330,11700,0,0193,0001,1000000000000000291469,,,,1,용도지역코드,UQA122,제2종일반주거지역,0,0,,제2종일반주거지역,20230511
경상남도 양산시 소주동 193-1번지,48330,11700,0,0193,0001,1000000000000000291469,,,,1,용도지역코드,UQA320,일반공업지역,1,0,,일반공업지역,20230511
경상남도 양산시 소주동 199-1번지,48330,11700,0,0199,0001,12643493,,,,1,용도지역코드,1220,일반공업지역,1,0,,일반공업지역,20221008
경상남도 양산시 소주동 199-1번지,48330,11700,0,0199,0001,12642532,,,,1,용도지역코드,1220,일반공업지역,1,0,,일반공업지역,20221008
경상남도 양산시 소주동 201번지,48330,11700,0,0201,0000,1264100093026,,,,1,용도지역코드,UQA320,일반공업지역,1,0,,일반공업지역,20221008
경상남도 양산시 소주동 201번지,48330,11700,0,0201,0000,1264100023955,,,,1,용도지역코드,UQA320,일반공업지역,1,0,,일반공업지역,20221008
경상남도 양산시 소주동 201번지,48330,11700,0,0201,0000,1264100155791,,,,1,용도지역코드,UQA320,일반공업지역,1,0,,일반공업지역,20221008
경상남도 양산시 소주동 201번지,48330,11700,0,0201,0000,12641464,,,,1,용도지역코드,1220,일반공업지역,1,0,,일반공업지역,20221008
경상남도 양산시 소주동 203번지,48330,11700,0,0203,0000,12647818,,,,1,용도지역코드,1220,일반공업지역,1,0,,일반공업지역,20221008
경상남도 양산시 소주동 209번지,48330,11700,0,0209,0000,1000000000000000544499,,,,1,용도지역코드,UQA320,일반공업지역,1,0,,일반공업지역,20240807
경상남도 양산시 소주동 210번지,48330,11700,0,0210,0000,1264100036175,,,,1,용도지역코드,UQA320,일반공업지역,1,0,,일반공업지역,20221008
경상남도 양산시 소주동 212번지,48330,11700,0,0212,0000,1264100054589,,,,1,용도지역코드,UQA320,일반공업지역,1,0,,일반공업지역,20221008
경상남도 양산시 소주동 212번지,48330,11700,0,0212,0000,12647881,,,,1,용도지역코드,1220,일반공업지역,1,0,,일반공업지역,20221008
경상남도 양산시 소주동 215번지,48330,11700,0,0215,0000,1000000000000001019476,,,,1,용도지역코드,UQA320,일반공업지역,1,0,,일반공업지역,20260826
경상남도 양산시 소주동 215번지,48330,11700,0,0215,0000,12644516,,,,1,용도지역코드,1220,일반공업지역,1,0,,일반공업지역,20221008
경상남도 양산시 소주동 215번지,48330,11700,0,0215,0000,1264100095466,,,,1,용도지역코드,UQA320,일반공업지역,1,0,,일반공업지역,20221008
경상남도 양산시 소주동 215번지,48330,11700,0,0215,0000,12641426,,,,1,용도지역코드,1220,일반공업지역,1,0,,일반공업지역,20221008
경상남도 양산시 소주동 221번지,48330,11700,0,0221,0000,12641864,경상남도 양산시 웅상읍 소주리,221,,1,용도지역코드,1220,일반공업지역,1,0,,일반공업지역,20221008
경상남도 양산시 소주동 221번지,48330,11700,0,0221,0000,12647981,,,,1,용도지역코드,1220,일반공업지역,1,0,,일반공업지역,20221008
경상남도 양산시 소주동 221번지,48330,11700,0,0221,0000,12646066,,,,1,용도지역코드,1220,일반공업지역,1,0,,일반공업지역,20221008
경상남도 양산시 소주동 221-11번지,48330,11700,0,0221,0011,12645345,,,,1,용도지역코드,1022,제2종일반주거지역,1,0,,제2종일반주거지역,20221008
경상남도 양산시 소주동 226번지,48330,11700,0,0226,0000,1264100018234,,,,1,용도지역코드,1220,일반공업지역,1,0,,일반공업지역,20221008
경상남도 양산시 소주동 226번지,48330,11700,0,0226,0000,1264100006085,,,,1,용도지역코드,1220,일반공업지역,1,0,,일반공업지역,20221008
경상남도 양산시 소주동 231-6번지,48330,11700,0,0231,0006,12647090,,,,1,용도지역코드,1220,일반공업지역,1,0,,일반공업지역,20221008
경상남도 양산시 소주동 231-6번지,48330,11700,0,0231,0006,12642283,,,,1,용도지역코드,1220,일반공업지역,1,0,,일반공업지역,20221008
경상남도 양산시 소주동 233-1번지,48330,11700,0,0233,0001,1264241,,,,1,용도지역코드,1220,일반공업지역,1,0,,일반공업지역,20221008
경상남도 양산시 소주동 233-1번지,48330,11700,0,0233,0001,1264959,233-1,,,1,용도지역코드,1220,일반공업지역,1,0,,일반공업지역,20221008
경상남도 양산시 소주동 233-1번지,48330,11700,0,0233,0001,1264100009569,,,,1,용도지역코드,1220,일반공업지역,1,0,,일반공업지역,20221008
경상남도 양산시 소주동 240-1번지,48330,11700,0,0240,0001,1264100012790,,,,1,용도지역코드,1220,일반공업지역,1,0,,일반공업지역,20221008
경상남도 양산시 소주동 242-1번지,48330,11700,0,0242,0001,12649168,,,,1,용도지역코드,1220,일반공업지역,1,0,,일반공업지역,20221008
경상남도 양산시 소주동 246번지,48330,11700,0,0246,0000,1264100050774,,,,1,용도지역코드,UQA320,일반공업지역,1,0,,일반공업지역,20221008
경상남도 양산시 소주동 252-1번지,48330,11700,0,0252,0001,12647083,,,,1,용도지역코드,1220,일반공업지역,1,0,,일반공업지역,20221008
경상남도 양산시 소주동 253-1번지,48330,11700,0,0253,0001,1264100103273,,,,1,용도지역코드,UQA320,일반공업지역,1,0,,일반공업지역,20221008
경상남도 양산시 소주동 254번지,48330,11700,0,0254,0000,12642823,,,,1,용도지역코드,1220,일반공업지역,1,0,,일반공업지역,20221008
경상남도 양산시 소주동 255번지,48330,11700,0,0255,0000,1264516,,,,1,용도지역코드,1220,일반공업지역,1,0,,일반공업지역,20221008
경상남도 양산시 소주동 256번지,48330,11700,0,0256,0000,1264100108936,,,,1,용도지역코드,UQA320,일반공업지역,1,0,,일반공업지역,20221008
경상남도 양산시 소주동 257번지,48330,11700,0,0257,0000,1264657,,,,1,용도지역코드,1220,일반공업지역,1,0,,일반공업지역,20221008
경상남도 양산시 소주동 258번지,48330,11700,0,0258,0000,1264100105734,,,,1,용도지역코드,UQA320,일반공업지역,1,0,,일반공업지역,20221008
경상남도 양산시 소주동 258번지,48330,11700,0,0258,0000,1264100105734,,,,3,용도구역코드,UMZ100,가축사육제한구역,1,0,,가축사육제한구역,20221008
경상남도 양산시 소주동 260-2번지,48330,11700,0,0260,0002,1264100062179,,,,1,용도지역코드,UQA320,일반공업지역,1,0,,일반공업지역,20221008
경상남도 양산시 소주동 260-2번지,48330,11700,0,0260,0002,1264100146525,,,,1,용도지역코드,UQA320,일반공업지역,1,0,,일반공업지역,20221008
경상남도 양산시 소주동 270번지,48330,11700,0,0270,0000,1264100048585,,,,1,용도지역코드,UQA320,일반공업지역,1,0,,일반공업지역,20221008
경상남도 양산시 소주동 270번지,48330,11700,0,0270,0000,1264100062219,,,,1,용도지역코드,UQA320,일반공업지역,1,0,,일반공업지역,20221008
경상남도 양산시 소주동 270번지,48330,11700,0,0270,0000,12645969,,,,1,용도지역코드,1220,일반공업지역,1,0,,일반공업지역,20221008
경상남도 양산시 소주동 270번지,48330,11700,0,0270,0000,12645969,,,,2,용도지구코드,980,용도지구미지정,1,0,,용도지구미지정,20221008
경상남도 양산시 소주동 270번지,48330,11700,0,0270,0000,12645969,,,,3,용도구역코드,980,용도구역미지정,1,0,,용도구역미지정,20221008
경상남도 양산시 소주동 270번지,48330,11700,0,0270,0000,12643575,,,,1,용도지역코드,1220,일반공업지역,1,0,,일반공업지역,20221008
경상남도 양산시 소주동 270번지,48330,11700,0,0270,0000,12643575,,,,2,용도지구코드,980,용도지구미지정,1,0,,용도지구미지정,20221008
경상남도 양산시 소주동 270번지,48330,11700,0,0270,0000,12643575,,,,3,용도구역코드,980,용도구역미지정,1,0,,용도구역미지정,20221008
경상남도 양산시 소주동 270번지,48330,11700,0,0270,0000,12643405,,,,1,용도지역코드,1220,일반공업지역,1,0,,일반공업지역,20221008
경상남도 양산시 소주동 270번지,48330,11700,0,0270,0000,12643405,,,,2,용도지구코드,980,용도지구미지정,1,0,,용도지구미지정,20221008
경상남도 양산시 소주동 270번지,48330,11700,0,0270,0000,12643405,,,,3,용도구역코드,980,용도구역미지정,1,0,,용도구역미지정,20221008
경상남도 양산시 소주동 270번지,48330,11700,0,0270,0000,1264724,,,,1,용도지역코드,1220,일반공업지역,1,0,,일반공업지역,20221008
경상남도 양산시 소주동 270번지,48330,11700,0,0270,0000,1264752,,,,1,용도지역코드,1220,일반공업지역,1,0,,일반공업지역,20221008
경상남도 양산시 소주동 270번지,48330,11700,0,0270,0000,1264964,270,,,1,용도지역코드,1220,일반공업지역,1,0,,일반공업지역,20221008
경상남도 양산시 소주동 278번지,48330,11700,0,0278,0000,12645584,,,,1,용도지역코드,1220,일반공업지역,1,0,,일반공업지역,20221008
경상남도 양산시 소주동 278번지,48330,11700,0,0278,0000,12643145,,,,1,용도지역코드,1220,일반공업지역,1,0,,일반공업지역,20221008
경상남도 양산시 소주동 279-1번지,48330,11700,0,0279,0001,12648756,,,,1,용도지역코드,1220,일반공업지역,1,0,,일반공업지역,20221008
경상남도 양산시 소주동 279-1번지,48330,11700,0,0279,0001,1264100005866,,,,1,용도지역코드,1220,일반공업지역,1,0,,일반공업지역,20221008
경상남도 양산시 소주동 280-1번지,48330,11700,0,0280,0001,12645992,,,,1,용도지역코드,1220,일반공업지역,1,0,,일반공업지역,20221008
경상남도 양산시 소주동 280-1번지,48330,11700,0,0280,0001,12645063,,,,1,용도지역코드,1220,일반공업지역,1,0,,일반공업지역,20221008
경상남도 양산시 소주동 280-1번지,48330,11700,0,0280,0001,1264100150011,,,,1,용도지역코드,UQA320,일반공업지역,1,0,,일반공업지역,20221008
경상남도 양산시 소주동 280-1번지,48330,11700,0,0280,0001,1264100150011,,,,3,용도구역코드,UMZ100,가축사육제한구역,1,0,,가축사육제한구역,20221008
경상남도 양산시 소주동 280-1번지,48330,11700,0,0280,0001,1264100136224,,,,1,용도지역코드,UQA320,일반공업지역,1,0,,일반공업지역,20221008
경상남도 양산시 소주동 281-1번지,48330,11700,0,0281,0001,12641346,,,,1,용도지역코드,1220,일반공업지역,1,0,,일반공업지역,20221008
경상남도 양산시 소주동 284번지,48330,11700,0,0284,0000,1264100101733,,,,1,용도지역코드,UQA320,일반공업지역,1,0,,일반공업지역,20221008
경상남도 양산시 소주동 284번지,48330,11700,0,0284,0000,1264100075100,,,,1,용도지역코드,UQA320,일반공업지역,1,0,,일반공업지역,20221008
경상남도 양산시 소주동 284번지,48330,11700,0,0284,0000,12642114,경상남도 양산시 웅상읍 소주리,284,,1,용도지역코드,1220,일반공업지역,1,0,,일반공업지역,20221008
경상남도 양산시 소주동 287-1번지,48330,11700,0,0287,0001,12648636,,,,1,용도지역코드,1220,일반공업지역,1,0,,일반공업지역,20221008
경상남도 양산시 소주동 287-1번지,48330,11700,0,0287,0001,12648636,,,,3,용도구역코드,010,도시계획구역,1,0,,도시계획구역,20221008
경상남도 양산시 소주동 287-2번지,48330,11700,0,0287,0002,12648648,,,,1,용도지역코드,1220,일반공업지역,1,0,,일반공업지역,20221008
경상남도 양산시 소주동 287-2번지,48330,11700,0,0287,0002,12648648,,,,3,용도구역코드,010,도시계획구역,1,0,,도시계획구역,20221008
경상남도 양산시 소주동 287-4번지,48330,11700,0,0287,0004,1000000000000000417499,,,,3,용도구역코드,UMZ100,가축사육제한구역,1,0,,가축사육제한구역,20231124
경상남도 양산시 소주동 287-4번지,48330,11700,0,0287,0004,1000000000000000417499,,,,1,용도지역코드,UQA320,일반공업지역,1,0,,일반공업지역,20231124
경상남도 양산시 소주동 287-4번지,48330,11700,0,0287,0004,12647797,,,,1,용도지역코드,1220,일반공업지역,1,0,,일반공업지역,20221008
경상남도 양산시 소주동 287-5번지,48330,11700,0,0287,0005,1264100025769,,,,1,용도지역코드,UQA320,일반공업지역,1,0,,일반공업지역,20221008
경상남도 양산시 소주동 287-5번지,48330,11700,0,0287,0005,1264100032416,,,,1,용도지역코드,UQA320,일반공업지역,1,0,,일반공업지역,20221008
경상남도 양산시 소주동 287-5번지,48330,11700,0,0287,0005,1264100035352,,,,1,용도지역코드,UQA320,일반공업지역,1,0,,일반공업지역,20221008
경상남도 양산시 소주동 287-5번지,48330,11700,0,0287,0005,12647796,,,,1,용도지역코드,1220,일반공업지역,1,0,,일반공업지역,20221008
경상남도 양산시 소주동 287-6번지,48330,11700,0,0287,0006,12647860,,,,1,용도지역코드,1220,일반공업지역,1,0,,일반공업지역,20221008
경상남도 양산시 소주동 287-6번지,48330,11700,0,0287,0006,12647860,,,,3,용도구역코드,010,도시계획구역,1,0,,도시계획구역,20221008
경상남도 양산시 소주동 287-10번지,48330,11700,0,0287,0010,12648745,,,,1,용도지역코드,1220,일반공업지역,1,0,,일반공업지역,20221008
경상남도 양산시 소주동 287-10번지,48330,11700,0,0287,0010,12648745,,,,3,용도구역코드,010,도시계획구역,1,0,,도시계획구역,20221008
경상남도 양산시 소주동 287-10번지,48330,11700,0,0287,0010,1264100018136,,,,1,용도지역코드,1220,일반공업지역,1,0,,일반공업지역,20221008
경상남도 양산시 소주동 287-20번지,48330,11700,0,0287,0020,1264100033227,,,,1,용도지역코드,UQA320,일반공업지역,1,0,,일반공업지역,20221008
경상남도 양산시 소주동 287-20번지,48330,11700,0,0287,0020,12648654,,,,1,용도지역코드,1220,일반공업지역,1,0,,일반공업지역,20221008
경상남도 양산시 소주동 287-20번지,48330,11700,0,0287,0020,12648654,,,,3,용도구역코드,010,도시계획구역,1,0,,도시계획구역,20221008
경상남도 양산시 소주동 291번지,48330,11700,0,0291,0000,1264100038174,,,,1,용도지역코드,UQA320,일반공업지역,1,0,,일반공업지역,20221008
경상남도 양산시 소주동 291번지,48330,11700,0,0291,0000,1264100038734,,,,1,용도지역코드,UQA320,일반공업지역,1,0,,일반공업지역,20221008
경상남도 양산시 소주동 291번지,48330,11700,0,0291,0000,1264100020016,,,,1,용도지역코드,1220,일반공업지역,1,0,,일반공업지역,20221008
경상남도 양산시 소주동 291번지,48330,11700,0,0291,0000,1264100037914,,,,1,용도지역코드,UQA320,일반공업지역,1,0,,일반공업지역,20221008
경상남도 양산시 소주동 291번지,48330,11700,0,0291,0000,12649175,,,,1,용도지역코드,1220,일반공업지역,1,0,,일반공업지역,20221008
경상남도 양산시 소주동 291번지,48330,11700,0,0291,0000,1264100039293,,,,1,용도지역코드,UQA320,일반공업지역,1,0,,일반공업지역,20221008
경상남도 양산시 소주동 291번지,48330,11700,0,0291,0000,1264100006185,,,,1,용도지역코드,1220,일반공업지역,1,0,,일반공업지역,20221008
경상남도 양산시 소주동 291-2번지,48330,11700,0,0291,0002,1264100128681,,,,1,용도지역코드,UQA320,일반공업지역,1,0,,일반공업지역,20221008
경상남도 양산시 소주동 291-2번지,48330,11700,0,0291,0002,1264100047608,,,,1,용도지역코드,UQA320,일반공업지역,1,0,,일반공업지역,20221008
경상남도 양산시 소주동 291-2번지,48330,11700,0,0291,0002,12648652,,,,1,용도지역코드,1220,일반공업지역,1,0,,일반공업지역,20221008
경상남도 양산시 소주동 291-2번지,48330,11700,0,0291,0002,12648652,,,,3,용도구역코드,010,도시계획구역,1,0,,도시계획구역,20221008
경상남도 양산시 소주동 291-6번지,48330,11700,0,0291,0006,12648656,,,,1,용도지역코드,1220,일반공업지역,1,0,,일반공업지역,20221008
경상남도 양산시 소주동 292번지,48330,11700,0,0292,0000,1264972,경상남도 양산시 웅상읍 소주리,292,,1,용도지역코드,1220,일반공업지역,1,0,,일반공업지역,20221008
경상남도 양산시 소주동 297번지,48330,11700,0,0297,0000,1000000000000000888125,,,,1,용도지역코드,UQA320,일반공업지역,1,0,,일반공업지역,20260210
경상남도 양산시 소주동 297번지,48330,11700,0,0297,0000,1000000000000000888125,,,,3,용도구역코드,UMZ100,가축사육제한구역,1,0,,가축사육제한구역,20260210
경상남도 양산시 소주동 297번지,48330,11700,0,0297,0000,1000000000000000866195,,,,3,용도구역코드,UMZ100,가축사육제한구역,1,0,,가축사육제한구역,20260319
경상남도 양산시 소주동 297번지,48330,11700,0,0297,0000,1000000000000000866195,,,,1,용도지역코드,UQA320,일반공업지역,1,0,,일반공업지역,20260319
경상남도 양산시 소주동 297번지,48330,11700,0,0297,0000,1264100049549,,,,1,용도지역코드,UQA320,일반공업지역,1,0,,일반공업지역,20221008
경상남도 양산시 소주동 297-3번지,48330,11700,0,0297,0003,1264100014254,,,,1,용도지역코드,1022,제2종일반주거지역,1,0,,제2종일반주거지역,20221008
경상남도 양산시 소주동 297-3번지,48330,11700,0,0297,0003,1264100014254,,,,3,용도구역코드,301,제1종지구단위계획구역,1,0,,제1종지구단위계획구역,20221008
경상남도 양산시 소주동 297-5번지,48330,11700,0,0297,0005,12647880,,,,1,용도지역코드,1220,일반공업지역,1,0,,일반공업지역,20221008
경상남도 양산시 소주동 297-5번지,48330,11700,0,0297,0005,1264100111496,,,,1,용도지역코드,UQA320,일반공업지역,1,0,,일반공업지역,20221008
경상남도 양산시 소주동 297-5번지,48330,11700,0,0297,0005,1264100019460,,,,1,용도지역코드,1220,일반공업지역,1,0,,일반공업지역,20221008
경상남도 양산시 소주동 297-8번지,48330,11700,0,0297,0008,12648711,,,,1,용도지역코드,1220,일반공업지역,1,0,,일반공업지역,20221008
경상남도 양산시 소주동 297-8번지,48330,11700,0,0297,0008,12648711,,,,3,용도구역코드,010,도시계획구역,1,0,,도시계획구역,20221008
경상남도 양산시 소주동 297-8번지,48330,11700,0,0297,0008,1000000000000000605043,,,,3,용도구역코드,UMZ100,가축사육제한구역,1,0,,가축사육제한구역,20250721
경상남도 양산시 소주동 297-8번지,48330,11700,0,0297,0008,1000000000000000605043,,,,1,용도지역코드,UQA320,일반공업지역,1,0,,일반공업지역,20250721
경상남도 양산시 소주동 297-8번지,48330,11700,0,0297,0008,1264100023314,,,,1,용도지역코드,UQA320,일반공업지역,1,0,,일반공업지역,20240826
경상남도 양산시 소주동 304번지,48330,11700,0,0304,0000,1264100070179,,,,1,용도지역코드,UQA320,일반공업지역,1,0,,일반공업지역,20221008
경상남도 양산시 소주동 310번지,48330,11700,0,0310,0000,12648687,,,,1,용도지역코드,1220,일반공업지역,1,0,,일반공업지역,20221008
경상남도 양산시 소주동 310번지,48330,11700,0,0310,0000,1264100050515,,,,1,용도지역코드,UQA320,일반공업지역,1,0,,일반공업지역,20221008
경상남도 양산시 소주동 319번지,48330,11700,0,0319,0000,1264785,"319, 321, 322, 323",,,1,용도지역코드,1220,일반공업지역,1,0,,일반공업지역,20221008
경상남도 양산시 소주동 332-19번지,48330,11700,0,0332,0019,1264100037955,,,,1,용도지역코드,UQA122,제2종일반주거지역,1,0,,제2종일반주거지역,20221008
경상남도 양산시 소주동 332-19번지,48330,11700,0,0332,0019,1264100037955,,,,2,용도지구코드,UQG130,일반미관지구,1,0,,일반미관지구,20221008
경상남도 양산시 소주동 335-1번지,48330,11700,0,0335,0001,1264100070506,,,,1,용도지역코드,UQA122,제2종일반주거지역,1,0,,제2종일반주거지역,20221008
경상남도 양산시 소주동 335-1번지,48330,11700,0,0335,0001,1264100070506,,,,2,용도지구코드,UQG130,일반미관지구,1,0,,일반미관지구,20221008
경상남도 양산시 소주동 335-1번지,48330,11700,0,0335,0001,12643194,,,,1,용도지역코드,1020,일반주거지역,1,0,,일반주거지역,20221008
경상남도 양산시 소주동 335-2번지,48330,11700,0,0335,0002,1264100020922,,,,1,용도지역코드,1022,제2종일반주거지역,1,0,,제2종일반주거지역,20221008
경상남도 양산시 소주동 335-8번지,48330,11700,0,0335,0008,12648609,,,,1,용도지역코드,1022,제2종일반주거지역,1,0,,제2종일반주거지역,20221008
경상남도 양산시 소주동 349-2번지,48330,11700,0,0349,0002,12647927,,,,1,용도지역코드,1330,자연녹지지역,1,0,,자연녹지지역,20221008
경상남도 양산시 소주동 349-2번지,48330,11700,0,0349,0002,12647927,,,,3,용도구역코드,990,기타구역,1,0,,기타구역,20221008
경상남도 양산시 소주동 353번지,48330,11700,0,0353,0000,12645108,,,,1,용도지역코드,1330,자연녹지지역,1,0,,자연녹지지역,20221008
경상남도 양산시 소주동 353-1번지,48330,11700,0,0353,0001,12644850,,,,1,용도지역코드,1022,제2종일반주거지역,1,0,,제2종일반주거지역,20221008
경상남도 양산시 소주동 353-4번지,48330,11700,0,0353,0004,1264100074099,,,,1,용도지역코드,UQA122,제2종일반주거지역,1,0,,제2종일반주거지역,20221008
경상남도 양산시 소주동 353-4번지,48330,11700,0,0353,0004,12644614,,,,1,용도지역코드,1022,제2종일반주거지역,1,0,,제2종일반주거지역,20221008
경상남도 양산시 소주동 353-4번지,48330,11700,0,0353,0004,12644449,,,,1,용도지역코드,1022,제2종일반주거지역,1,0,,제2종일반주거지역,20221008
경상남도 양산시 소주동 353-4번지,48330,11700,0,0353,0004,1264100043831,,,,1,용도지역코드,UQA122,제2종일반주거지역,1,0,,제2종일반주거지역,20221008
경상남도 양산시 소주동 353-6번지,48330,11700,0,0353,0006,12649083,,,,1,용도지역코드,1022,제2종일반주거지역,1,0,,제2종일반주거지역,20221008
경상남도 양산시 소주동 353-7번지,48330,11700,0,0353,0007,1264100036754,,,,1,용도지역코드,UQA122,제2종일반주거지역,1,0,,제2종일반주거지역,20221008
경상남도 양산시 소주동 353-7번지,48330,11700,0,0353,0007,12643518,,,,1,용도지역코드,1020,일반주거지역,1,0,,일반주거지역,20221008
경상남도 양산시 소주동 353-7번지,48330,11700,0,0353,0007,12643048,,,,1,용도지역코드,1020,일반주거지역,1,0,,일반주거지역,20221008
경상남도 양산시 소주동 364-2번지,48330,11700,0,0364,0002,1264100061358,,,,1,용도지역코드,UQA122,제2종일반주거지역,1,0,,제2종일반주거지역,20221008
경상남도 양산시 소주동 364-2번지,48330,11700,0,0364,0002,1264100012431,,,,1,용도지역코드,1022,제2종일반주거지역,1,0,,제2종일반주거지역,20221008
경상남도 양산시 소주동 364-3번지,48330,11700,0,0364,0003,1264100151031,,,,1,용도지역코드,UQA122,제2종일반주거지역,1,0,,제2종일반주거지역,20221008
경상남도 양산시 소주동 364-9번지,48330,11700,0,0364,0009,1264100035272,,,,1,용도지역코드,UQA122,제2종일반주거지역,1,0,,제2종일반주거지역,20221008
경상남도 양산시 소주동 376번지,48330,11700,0,0376,0000,1264100031140,,,,1,용도지역코드,UQA121,제1종일반주거지역,1,0,,제1종일반주거지역,20221008
경상남도 양산시 소주동 376번지,48330,11700,0,0376,0000,1264100115977,,,,1,용도지역코드,UQA122,제2종일반주거지역,1,0,,제2종일반주거지역,20221008
경상남도 양산시 소주동 376번지,48330,11700,0,0376,0000,1264100115977,,,,2,용도지구코드,UQG130,일반미관지구,1,0,,일반미관지구,20221008
경상남도 양산시 소주동 379번지,48330,11700,0,0379,0000,12648707,,,,1,용도지역코드,1021,제1종일반주거지역,1,0,,제1종일반주거지역,20221008
경상남도 양산시 소주동 379-6번지,48330,11700,0,0379,0006,1264100036176,,,,1,용도지역코드,UQA122,제2종일반주거지역,1,0,,제2종일반주거지역,20221008
경상남도 양산시 소주동 382-2번지,48330,11700,0,0382,0002,1000000000000000679232,,,,2,용도지구코드,UQF132,시가지경관지구(일반),1,0,,시가지경관지구(일반),20250312
경상남도 양산시 소주동 382-2번지,48330,11700,0,0382,0002,1000000000000000679232,,,,1,용도지역코드,UQA122,제2종일반주거지역,1,0,,제2종일반주거지역,20250312
경상남도 양산시 소주동 384-2번지,48330,11700,0,0384,0002,12645100,,,,1,용도지역코드,1022,제2종일반주거지역,1,0,,제2종일반주거지역,20221008
경상남도 양산시 소주동 385번지,48330,11700,0,0385,0000,1264100155695,,,,1,용도지역코드,UQA122,제2종일반주거지역,1,0,,제2종일반주거지역,20221008
경상남도 양산시 소주동 385번지,48330,11700,0,0385,0000,12641816,경상남도 양산시 웅상읍 소주리,385,,1,용도지역코드,1020,일반주거지역,1,0,,일반주거지역,20221008
경상남도 양산시 소주동 385-5번지,48330,11700,0,0385,0005,12647815,,,,1,용도지역코드,1021,제1종일반주거지역,1,0,,제1종일반주거지역,20221008
경상남도 양산시 소주동 385-5번지,48330,11700,0,0385,0005,12647815,,,,3,용도구역코드,010,도시계획구역,1,0,,도시계획구역,20221008
경상남도 양산시 소주동 387번지,48330,11700,0,0387,0000,1264100088181,,,,1,용도지역코드,UQA122,제2종일반주거지역,1,0,,제2종일반주거지역,20221008
경상남도 양산시 소주동 387번지,48330,11700,0,0387,0000,1264100088181,,,,3,용도구역코드,UOA120,상대보호구역,1,0,,상대정화구역,20221008
경상남도 양산시 소주동 390-2번지,48330,11700,0,0390,0002,1264100012110,,,,1,용도지역코드,1021,제1종일반주거지역,1,0,,제1종일반주거지역,20221008
경상남도 양산시 소주동 390-3번지,48330,11700,0,0390,0003,1264100017436,,,,1,용도지역코드,1021,제1종일반주거지역,1,0,,제1종일반주거지역,20221008
경상남도 양산시 소주동 390-4번지,48330,11700,0,0390,0004,1000000000000000959531,,,,1,용도지역코드,UQA122,제2종일반주거지역,1,0,,제2종일반주거지역,20260708
경상남도 양산시 소주동 390-4번지,48330,11700,0,0390,0004,1000000000000000959531,,,,3,용도구역코드,UOA120,상대보호구역,1,0,,상대보호구역,20260708
경상남도 양산시 소주동 396-3번지,48330,11700,0,0396,0003,12641181,,,,1,용도지역코드,1020,일반주거지역,1,0,,일반주거지역,20221008
경상남도 양산시 소주동 396-7번지,48330,11700,0,0396,0007,12645332,,,,1,용도지역코드,1022,제2종일반주거지역,1,0,,제2종일반주거지역,20221008
경상남도 양산시 소주동 396-19번지,48330,11700,0,0396,0019,12649050,,,,1,용도지역코드,1022,제2종일반주거지역,1,0,,제2종일반주거지역,20221008
경상남도 양산시 소주동 396-19번지,48330,11700,0,0396,0019,1264100093181,,,,1,용도지역코드,UQA122,제2종일반주거지역,1,0,,제2종일반주거지역,20221008
경상남도 양산시 소주동 396-19번지,48330,11700,0,0396,0019,1264100093181,,,,2,용도지구코드,UQG130,일반미관지구,1,0,,일반미관지구,20221008
경상남도 양산시 소주동 396-19번지,48330,11700,0,0396,0019,12648704,,,,1,용도지역코드,1022,제2종일반주거지역,1,0,,제2종일반주거지역,20221008
경상남도 양산시 소주동 396-30번지,48330,11700,0,0396,0030,1264100093163,,,,1,용도지역코드,UQA122,제2종일반주거지역,1,0,,제2종일반주거지역,20221008
경상남도 양산시 소주동 396-30번지,48330,11700,0,0396,0030,1264100093163,,,,2,용도지구코드,UQG130,일반미관지구,1,0,,일반미관지구,20221008
경상남도 양산시 소주동 399번지,48330,11700,0,0399,0000,1264100006105,,,,1,용도지역코드,1330,자연녹지지역,1,0,,자연녹지지역,20221008
경상남도 양산시 소주동 399번지,48330,11700,0,0399,0000,1264100005848,,,,1,용도지역코드,1330,자연녹지지역,1,0,,자연녹지지역,20221008
경상남도 양산시 소주동 399-3번지,48330,11700,0,0399,0003,1264100051248,,,,1,용도지역코드,UQA430,자연녹지지역,1,0,,자연녹지지역,20221008
경상남도 양산시 소주동 399-3번지,48330,11700,0,0399,0003,1264100150031,,,,1,용도지역코드,UQA430,자연녹지지역,1,0,,자연녹지지역,20221008
경상남도 양산시 소주동 399-3번지,48330,11700,0,0399,0003,1264100019736,,,,1,용도지역코드,1330,자연녹지지역,1,0,,자연녹지지역,20221008
경상남도 양산시 소주동 401번지,48330,11700,0,0401,0000,12646226,,,,1,용도지역코드,1330,자연녹지지역,1,0,,자연녹지지역,20221008
경상남도 양산시 소주동 401번지,48330,11700,0,0401,0000,12645610,,,,1,용도지역코드,1330,자연녹지지역,1,0,,자연녹지지역,20221008
경상남도 양산시 소주동 404-1번지,48330,11700,0,0404,0001,1264100007652,,,,1,용도지역코드,1022,제2종일반주거지역,1,0,,제2종일반주거지역,20221008
경상남도 양산시 소주동 409번지,48330,11700,0,0409,0000,1264100058872,,,,1,용도지역코드,UQA122,제2종일반주거지역,1,0,,제2종일반주거지역,20221008
경상남도 양산시 소주동 409-2번지,48330,11700,0,0409,0002,1264100047145,,,,1,용도지역코드,UQA122,제2종일반주거지역,1,0,,제2종일반주거지역,20221008
경상남도 양산시 소주동 409-6번지,48330,11700,0,0409,0006,1264100015074,,,,1,용도지역코드,1022,제2종일반주거지역,1,0,,제2종일반주거지역,20221008
경상남도 양산시 소주동 409-9번지,48330,11700,0,0409,0009,1264100026231,,,,1,용도지역코드,UQA122,제2종일반주거지역,1,0,,제2종일반주거지역,20221008
경상남도 양산시 소주동 409-11번지,48330,11700,0,0409,0011,1264100075280,,,,1,용도지역코드,UQA122,제2종일반주거지역,1,0,,제2종일반주거지역,20221008
경상남도 양산시 소주동 409-12번지,48330,11700,0,0409,0012,1264100113317,,,,1,용도지역코드,UQA122,제2종일반주거지역,1,0,,제2종일반주거지역,20221008
경상남도 양산시 소주동 409-13번지,48330,11700,0,0409,0013,1264100039800,,,,1,용도지역코드,UQA122,제2종일반주거지역,1,0,,제2종일반주거지역,20221008
경상남도 양산시 소주동 409-14번지,48330,11700,0,0409,0014,1264100071920,,,,1,용도지역코드,UQA122,제2종일반주거지역,1,0,,제2종일반주거지역,20221008
경상남도 양산시 소주동 409-17번지,48330,11700,0,0409,0017,1264100067740,,,,1,용도지역코드,UQA122,제2종일반주거지역,1,0,,제2종일반주거지역,20221008
경상남도 양산시 소주동 409-21번지,48330,11700,0,0409,0021,1264100085043,,,,1,용도지역코드,UQA122,제2종일반주거지역,1,0,,제2종일반주거지역,20221008
경상남도 양산시 소주동 409-22번지,48330,11700,0,0409,0022,1264100104613,,,,1,용도지역코드,UQA122,제2종일반주거지역,1,0,,제2종일반주거지역,20221008
경상남도 양산시 소주동 409-24번지,48330,11700,0,0409,0024,1264100075279,,,,1,용도지역코드,UQA122,제2종일반주거지역,1,0,,제2종일반주거지역,20221008
경상남도 양산시 소주동 424번지,48330,11700,0,0424,0000,1264100029892,,,,1,용도지역코드,UQA430,자연녹지지역,1,0,,자연녹지지역,20221008
경상남도 양산시 소주동 424번지,48330,11700,0,0424,0000,12642701,,,,1,용도지역코드,1330,자연녹지지역,1,0,,자연녹지지역,20221008
경상남도 양산시 소주동 424번지,48330,11700,0,0424,0000,1264100014455,,,,1,용도지역코드,1330,자연녹지지역,1,0,,자연녹지지역,20221008
경상남도 양산시 소주동 424-4번지,48330,11700,0,0424,0004,12646099,,,,1,용도지역코드,1330,자연녹지지역,1,0,,자연녹지지역,20221008
경상남도 양산시 소주동 424-4번지,48330,11700,0,0424,0004,1264100127882,,,,1,용도지역코드,UQA430,자연녹지지역,1,0,,자연녹지지역,20221008
경상남도 양산시 소주동 424-4번지,48330,11700,0,0424,0004,1264100127882,,,,3,용도구역코드,UMZ100,가축사육제한구역,1,0,,가축사육제한구역,20221008
경상남도 양산시 소주동 424-4번지,48330,11700,0,0424,0004,1264100127882,,,,3,용도구역코드,UJB100,하천구역,0,0,,하천구역,20221008
경상남도 양산시 소주동 430-1번지,48330,11700,0,0430,0001,12646230,,,,1,용도지역코드,1330,자연녹지지역,1,0,,자연녹지지역,20221008
경상남도 양산시 소주동 430-1번지,48330,11700,0,0430,0001,1264100031616,,,,1,용도지역코드,UQA430,자연녹지지역,1,0,,자연녹지지역,20221008
경상남도 양산시 소주동 430-1번지,48330,11700,0,0430,0001,1264100033406,,,,1,용도지역코드,UQA430,자연녹지지역,1,0,,자연녹지지역,20221008
경상남도 양산시 소주동 430-8번지,48330,11700,0,0430,0008,12647059,,,,1,용도지역코드,1330,자연녹지지역,1,0,,자연녹지지역,20221008
경상남도 양산시 소주동 430-8번지,48330,11700,0,0430,0008,1264790,430-8,,,1,용도지역코드,1320,생산녹지지역,1,0,,생산녹지지역,20221008
경상남도 양산시 소주동 430-8번지,48330,11700,0,0430,0008,1264100005526,,,,1,용도지역코드,1330,자연녹지지역,1,0,,자연녹지지역,20221008
경상남도 양산시 소주동 432번지,48330,11700,0,0432,0000,12647835,,,,1,용도지역코드,1330,자연녹지지역,1,0,,자연녹지지역,20221008
경상남도 양산시 소주동 432-1번지,48330,11700,0,0432,0001,12644473,,,,1,용도지역코드,1330,자연녹지지역,1,0,,자연녹지지역,20221008
경상남도 양산시 소주동 433번지,48330,11700,0,0433,0000,12641994,,,,1,용도지역코드,1330,자연녹지지역,1,0,,자연녹지지역,20221008
경상남도 양산시 소주동 433번지,48330,11700,0,0433,0000,1264864,경상남도 양산시 웅상읍 소주리,433,,1,용도지역코드,1320,생산녹지지역,1,0,,생산녹지지역,20221008
경상남도 양산시 소주동 435-1번지,48330,11700,0,0435,0001,12644114,,,,1,용도지역코드,1330,자연녹지지역,1,0,,자연녹지지역,20221008
경상남도 양산시 소주동 435-1번지,48330,11700,0,0435,0001,1264588,경상남도 양산시 웅상읍 소주리,435,1,1,용도지역코드,1320,생산녹지지역,1,0,,생산녹지지역,20221008
경상남도 양산시 소주동 436번지,48330,11700,0,0436,0000,1264100084181,,,,1,용도지역코드,UQA430,자연녹지지역,1,0,,자연녹지지역,20221008
경상남도 양산시 소주동 436번지,48330,11700,0,0436,0000,12649031,,,,1,용도지역코드,1330,자연녹지지역,1,0,,자연녹지지역,20221008
경상남도 양산시 소주동 438번지,48330,11700,0,0438,0000,1000000000000000251026,,,,1,용도지역코드,UQA430,자연녹지지역,1,0,,자연녹지지역,20260213
경상남도 양산시 소주동 438번지,48330,11700,0,0438,0000,1000000000000000900600,,,,1,용도지역코드,UQA430,자연녹지지역,1,0,,자연녹지지역,20260310
경상남도 양산시 소주동 438번지,48330,11700,0,0438,0000,1000000000000000900600,,,,3,용도구역코드,UMZ100,가축사육제한구역,1,0,,가축사육제한구역,20260310
경상남도 양산시 소주동 438번지,48330,11700,0,0438,0000,1000000000000000426030,,,,1,용도지역코드,UQA430,자연녹지지역,1,0,,자연녹지지역,20231208
경상남도 양산시 소주동 439-13번지,48330,11700,0,0439,0013,12641998,경상남도 양산시 웅상읍 소주리,439,13,1,용도지역코드,1330,자연녹지지역,1,0,,자연녹지지역,20221008
경상남도 양산시 소주동 439-13번지,48330,11700,0,0439,0013,1264633,경상남도 양산시 웅상읍 소주리,439,13,1,용도지역코드,0800,경지지역,1,0,,경지지역,20221008
경상남도 양산시 소주동 439-13번지,48330,11700,0,0439,0013,12641949,경상남도 양산시 웅상읍 소주리,439,13,1,용도지역코드,1330,자연녹지지역,1,0,,자연녹지지역,20221008
경상남도 양산시 소주동 445-1번지,48330,11700,0,0445,0001,12644049,,,,1,용도지역코드,1330,자연녹지지역,1,0,,자연녹지지역,20221008
경상남도 양산시 소주동 446-6번지,48330,11700,0,0446,0006,12641999,,,,1,용도지역코드,1330,자연녹지지역,1,0,,자연녹지지역,20221008
경상남도 양산시 소주동 446-6번지,48330,11700,0,0446,0006,1264100019517,,,,1,용도지역코드,1330,자연녹지지역,1,0,,자연녹지지역,20221008
경상남도 양산시 소주동 446-6번지,48330,11700,0,0446,0006,1264100019517,,,,3,용도구역코드,272,상대정화구역,1,0,,상대정화구역,20221008
경상남도 양산시 소주동 475-1번지,48330,11700,0,0475,0001,1264100104213,,,,1,용도지역코드,UQA430,자연녹지지역,,,,자연녹지지역,20221008
경상남도 양산시 소주동 475-1번지,48330,11700,0,0475,0001,1264100104213,,,,1,용도지역코드,UQA420,생산녹지지역,1,0,,생산녹지지역,20221008
경상남도 양산시 소주동 480-1번지,48330,11700,0,0480,0001,1000000000000000600785,,,,3,용도구역코드,UMZ100,가축사육제한구역,1,0,,가축사육제한구역,20241016
경상남도 양산시 소주동 480-1번지,48330,11700,0,0480,0001,1000000000000000600785,,,,1,용도지역코드,UQA430,자연녹지지역,1,0,,자연녹지지역,20241016
경상남도 양산시 소주동 491-2번지,48330,11700,0,0491,0002,12646313,,,,1,용도지역코드,1330,자연녹지지역,1,0,,자연녹지지역,20221008
경상남도 양산시 소주동 491-2번지,48330,11700,0,0491,0002,12646313,,,,3,용도구역코드,170,농업진흥구역,1,0,,농업진흥구역,20221008
경상남도 양산시 소주동 491-5번지,48330,11700,0,0491,0005,1264100027530,,,,1,용도지역코드,UQA430,자연녹지지역,1,0,,자연녹지지역,20221008
경상남도 양산시 소주동 491-5번지,48330,11700,0,0491,0005,12646265,,,,1,용도지역코드,1330,자연녹지지역,1,0,,자연녹지지역,20221008
경상남도 양산시 소주동 491-5번지,48330,11700,0,0491,0005,12646265,,,,1,용도지역코드,1320,생산녹지지역,0,0,,생산녹지지역,20221008
경상남도 양산시 소주동 491-8번지,48330,11700,0,0491,0008,12644012,,,,1,용도지역코드,1330,자연녹지지역,1,0,,자연녹지지역,20221008
경상남도 양산시 소주동 491-8번지,48330,11700,0,0491,0008,12649199,,,,1,용도지역코드,1330,자연녹지지역,1,0,,자연녹지지역,20221008
경상남도 양산시 소주동 491-8번지,48330,11700,0,0491,0008,12649199,,,,1,용도지역코드,1320,생산녹지지역,0,0,,생산녹지지역,20221008
경상남도 양산시 소주동 492-7번지,48330,11700,0,0492,0007,12647814,,,,1,용도지역코드,1330,자연녹지지역,1,0,,자연녹지지역,20221008
경상남도 양산시 소주동 492-9번지,48330,11700,0,0492,0009,12644071,,,,1,용도지역코드,1330,자연녹지지역,1,0,,자연녹지지역,20221008
경상남도 양산시 소주동 492-10번지,48330,11700,0,0492,0010,12644905,,,,1,용도지역코드,1330,자연녹지지역,1,0,,자연녹지지역,20221008
경상남도 양산시 소주동 492-10번지,48330,11700,0,0492,0010,12646221,,,,1,용도지역코드,1330,자연녹지지역,1,0,,자연녹지지역,20221008
경상남도 양산시 소주동 492-14번지,48330,11700,0,0492,0014,12644573,,,,1,용도지역코드,1330,자연녹지지역,1,0,,자연녹지지역,20221008
경상남도 양산시 소주동 494-2번지,48330,11700,0,0494,0002,1264100103113,,,,1,용도지역코드,UQA420,생산녹지지역,1,0,,생산녹지지역,20221008
경상남도 양산시 소주동 495번지,48330,11700,0,0495,0000,12646139,,,,1,용도지역코드,1330,자연녹지지역,1,0,,자연녹지지역,20221008
경상남도 양산시 소주동 506번지,48330,11700,0,0506,0000,1264100099934,,,,1,용도지역코드,UQA420,생산녹지지역,1,0,,생산녹지지역,20221008
경상남도 양산시 소주동 512번지,48330,11700,0,0512,0000,1264100157451,,,,1,용도지역코드,UQA420,생산녹지지역,1,0,,생산녹지지역,20221008
경상남도 양산시 소주동 512번지,48330,11700,0,0512,0000,1264100157451,,,,3,용도구역코드,UEA110,농업진흥구역,1,0,,농업진흥구역,20221008
경상남도 양산시 소주동 512번지,48330,11700,0,0512,0000,1264100157451,,,,3,용도구역코드,UJC100,소하천구역,0,0,,소하천구역,20221008
경상남도 양산시 소주동 517번지,48330,11700,0,0517,0000,1000000000000000495265,,,,1,용도지역코드,UQA420,생산녹지지역,1,0,,생산녹지지역,20240412
경상남도 양산시 소주동 517번지,48330,11700,0,0517,0000,1000000000000000495265,,,,3,용도구역코드,UEA110,농업진흥구역,1,0,,농업진흥구역,20240412
경상남도 양산시 소주동 523-1번지,48330,11700,0,0523,0001,12641151,523-3번지,,,1,용도지역코드,1120,일반상업지역,1,0,,일반상업지역,20221008
경상남도 양산시 소주동 539-1번지,48330,11700,0,0539,0001,1264100126341,,,,1,용도지역코드,UQA430,자연녹지지역,1,0,,자연녹지지역,20221008
경상남도 양산시 소주동 539-4번지,48330,11700,0,0539,0004,1264100129122,,,,1,용도지역코드,UQA430,자연녹지지역,1,0,,자연녹지지역,20221008
경상남도 양산시 소주동 551-3번지,48330,11700,0,0551,0003,1264100113196,,,,1,용도지역코드,UQA430,자연녹지지역,1,0,,자연녹지지역,20221008
경상남도 양산시 소주동 558-2번지,48330,11700,0,0558,0002,1264100153251,,,,1,용도지역코드,UQA420,생산녹지지역,1,0,,생산녹지지역,20221008
경상남도 양산시 소주동 558-2번지,48330,11700,0,0558,0002,1264100153251,,,,1,용도지역코드,UQA430,자연녹지지역,0,0,,자연녹지지역,20221008
경상남도 양산시 소주동 558-2번지,48330,11700,0,0558,0002,1264100153251,,,,3,용도구역코드,UEA110,농업진흥구역,1,0,,농업진흥구역,20221008
경상남도 양산시 소주동 558-2번지,48330,11700,0,0558,0002,1264100153251,,,,3,용도구역코드,UJB100,하천구역,0,0,,하천구역,20221008
경상남도 양산시 소주동 560-5번지,48330,11700,0,0560,0005,1264100072501,,,,1,용도지역코드,UQA430,자연녹지지역,1,0,,자연녹지지역,20221008
경상남도 양산시 소주동 560-5번지,48330,11700,0,0560,0005,1264100072501,,,,3,용도구역코드,UQQ310,제1종지구단위계획구역,1,0,,제1종지구단위계획구역,20221008
경상남도 양산시 소주동 560-5번지,48330,11700,0,0560,0005,1264100072501,,,,3,용도구역코드,UDW100,도시개발구역,0,0,,도시개발구역,20221008
경상남도 양산시 소주동 560-9번지,48330,11700,0,0560,0009,1264100017059,,,,1,용도지역코드,1330,자연녹지지역,1,0,,자연녹지지역,20221008
경상남도 양산시 소주동 560-16번지,48330,11700,0,0560,0016,1264100100553,,,,1,용도지역코드,UQA430,자연녹지지역,1,0,,자연녹지지역,20231226
경상남도 양산시 소주동 565-1번지,48330,11700,0,0565,0001,1264100153252,,,,1,용도지역코드,UQA430,자연녹지지역,1,0,,자연녹지지역,20221008
경상남도 양산시 소주동 601-3번지,48330,11700,0,0601,0003,1264100088343,,,,1,용도지역코드,UQA430,자연녹지지역,1,0,,자연녹지지역,20221008
경상남도 양산시 소주동 667번지,48330,11700,0,0667,0000,1264100115001,,,,1,용도지역코드,UQA430,자연녹지지역,1,0,,자연녹지지역,20221008
경상남도 양산시 소주동 667번지,48330,11700,0,0667,0000,1264100115001,,,,3,용도구역코드,UOA120,상대보호구역,1,0,,상대정화구역,20221008
경상남도 양산시 소주동 697번지,48330,11700,0,0697,0000,1264100017676,,,,1,용도지역코드,1021,제1종일반주거지역,1,0,,제1종일반주거지역,20221008
경상남도 양산시 소주동 697번지,48330,11700,0,0697,0000,1264100016894,,,,1,용도지역코드,1021,제1종일반주거지역,1,0,,제1종일반주거지역,20221008
경상남도 양산시 소주동 697번지,48330,11700,0,0697,0000,1264100016894,,,,3,용도구역코드,272,상대정화구역,1,0,,상대정화구역,20221008
경상남도 양산시 소주동 698-1번지,48330,11700,0,0698,0001,12642760,,,,1,용도지역코드,1020,일반주거지역,1,0,,일반주거지역,20221008
경상남도 양산시 소주동 698-1번지,48330,11700,0,0698,0001,1264100016937,,,,1,용도지역코드,1021,제1종일반주거지역,1,0,,제1종일반주거지역,20221008
경상남도 양산시 소주동 698-1번지,48330,11700,0,0698,0001,1264100016937,,,,3,용도구역코드,272,상대정화구역,1,0,,상대정화구역,20221008
경상남도 양산시 소주동 698-1번지,48330,11700,0,0698,0001,1264100015835,,,,1,용도지역코드,1021,제1종일반주거지역,1,0,,제1종일반주거지역,20221008
경상남도 양산시 소주동 698-1번지,48330,11700,0,0698,0001,1264100015835,,,,3,용도구역코드,272,상대정화구역,1,0,,상대정화구역,20221008
경상남도 양산시 소주동 701번지,48330,11700,0,0701,0000,1264100086802,,,,1,용도지역코드,UQA122,제2종일반주거지역,1,0,,제2종일반주거지역,20221008
경상남도 양산시 소주동 702-2번지,48330,11700,0,0702,0002,12645260,,,,1,용도지역코드,1022,제2종일반주거지역,1,0,,제2종일반주거지역,20221008
경상남도 양산시 소주동 703-1번지,48330,11700,0,0703,0001,12648706,,,,1,용도지역코드,1021,제1종일반주거지역,1,0,,제1종일반주거지역,20221008
경상남도 양산시 소주동 715번지,48330,11700,0,0715,0000,1000000000000000980302,,,,1,용도지역코드,UQA121,제1종일반주거지역,1,0,,제1종일반주거지역,20260624
경상남도 양산시 소주동 721번지,48330,11700,0,0721,0000,12643707,,,,1,용도지역코드,1020,일반주거지역,1,0,,일반주거지역,20221008
경상남도 양산시 소주동 722번지,48330,11700,0,0722,0000,12646987,,,,1,용도지역코드,1021,제1종일반주거지역,1,0,,제1종일반주거지역,20221008
경상남도 양산시 소주동 727번지,48330,11700,0,0727,0000,12645938,대승하이아트,106,1503,1,용도지역코드,1021,제1종일반주거지역,1,0,,제1종일반주거지역,20221008
경상남도 양산시 소주동 728번지,48330,11700,0,0728,0000,1264100045107,,,,1,용도지역코드,UQA122,제2종일반주거지역,1,0,,제2종일반주거지역,20221008
경상남도 양산시 소주동 732번지,48330,11700,0,0732,0000,1264100065381,,,,1,용도지역코드,UQA122,제2종일반주거지역,1,0,,제2종일반주거지역,20221008
경상남도 양산시 소주동 732번지,48330,11700,0,0732,0000,1264100065381,,,,3,용도구역코드,UOA110,절대정화구역,1,0,,절대정화구역,20221008
경상남도 양산시 소주동 732번지,48330,11700,0,0732,0000,1264100143843,,,,1,용도지역코드,UQA122,제2종일반주거지역,1,0,,제2종일반주거지역,20221008
경상남도 양산시 소주동 732번지,48330,11700,0,0732,0000,1264100018274,,,,1,용도지역코드,1021,제1종일반주거지역,1,0,,제1종일반주거지역,20221008
경상남도 양산시 소주동 732번지,48330,11700,0,0732,0000,1264100018274,,,,3,용도구역코드,271,절대정화구역,1,0,,절대정화구역,20221008
경상남도 양산시 소주동 733번지,48330,11700,0,0733,0000,1264100031421,,,,1,용도지역코드,UQA121,제1종일반주거지역,1,0,,제1종일반주거지역,20221008
경상남도 양산시 소주동 733번지,48330,11700,0,0733,0000,1264100031421,,,,3,용도구역코드,UOA120,상대보호구역,1,0,,상대정화구역,20221008
경상남도 양산시 소주동 734번지,48330,11700,0,0734,0000,1264100061657,,,,1,용도지역코드,UQA122,제2종일반주거지역,1,0,,제2종일반주거지역,20221008
경상남도 양산시 소주동 734번지,48330,11700,0,0734,0000,1264100061657,,,,3,용도구역코드,UOA120,상대보호구역,1,0,,상대정화구역,20221008
경상남도 양산시 소주동 734번지,48330,11700,0,0734,0000,1264100136246,,,,1,용도지역코드,UQA122,제2종일반주거지역,1,0,,제2종일반주거지역,20221008
경상남도 양산시 소주동 734번지,48330,11700,0,0734,0000,1264100136246,,,,3,용도구역코드,UMZ100,가축사육제한구역,1,0,,가축사육제한구역,20221008
경상남도 양산시 소주동 734번지,48330,11700,0,0734,0000,1264100136246,,,,3,용도구역코드,UOA120,상대보호구역,0,0,,상대보호구역,20221008
경상남도 양산시 소주동 734번지,48330,11700,0,0734,0000,12647821,,,,1,용도지역코드,1021,제1종일반주거지역,1,0,,제1종일반주거지역,20221008
경상남도 양산시 소주동 738번지,48330,11700,0,0738,0000,1264100146483,,,,1,용도지역코드,UQA121,제1종일반주거지역,1,0,,제1종일반주거지역,20221008
경상남도 양산시 소주동 738번지,48330,11700,0,0738,0000,12647838,,,,1,용도지역코드,1021,제1종일반주거지역,1,0,,제1종일반주거지역,20221008
경상남도 양산시 소주동 742번지,48330,11700,0,0742,0000,12644736,,,,1,용도지역코드,1330,자연녹지지역,1,0,,자연녹지지역,20221008
경상남도 양산시 소주동 742번지,48330,11700,0,0742,0000,1264100004746,,,,1,용도지역코드,1330,자연녹지지역,1,0,,자연녹지지역,20221008
경상남도 양산시 소주동 752-1번지,48330,11700,0,0752,0001,12645639,,,,1,용도지역코드,1022,제2종일반주거지역,1,0,,제2종일반주거지역,20221008
경상남도 양산시 소주동 753-2번지,48330,11700,0,0753,0002,12647920,,,,1,용도지역코드,1021,제1종일반주거지역,1,0,,제1종일반주거지역,20221008
경상남도 양산시 소주동 753-2번지,48330,11700,0,0753,0002,12647920,,,,3,용도구역코드,010,도시계획구역,1,0,,도시계획구역,20221008
경상남도 양산시 소주동 753-2번지,48330,11700,0,0753,0002,1264100004645,,,,1,용도지역코드,1022,제2종일반주거지역,1,0,,제2종일반주거지역,20221008
경상남도 양산시 소주동 753-2번지,48330,11700,0,0753,0002,12643880,,,,1,용도지역코드,1022,제2종일반주거지역,1,0,,제2종일반주거지역,20221008
경상남도 양산시 소주동 753-2번지,48330,11700,0,0753,0002,12645079,,,,1,용도지역코드,1022,제2종일반주거지역,1,0,,제2종일반주거지역,20221008
경상남도 양산시 소주동 754-2번지,48330,11700,0,0754,0002,1000000000000000680943,,,,1,용도지역코드,UQA122,제2종일반주거지역,1,0,,제2종일반주거지역,20250611
경상남도 양산시 소주동 754-2번지,48330,11700,0,0754,0002,1000000000000000680943,,,,3,용도구역코드,UOA120,상대보호구역,1,0,,상대보호구역,20250611
경상남도 양산시 소주동 754-2번지,48330,11700,0,0754,0002,12643947,,,,1,용도지역코드,1022,제2종일반주거지역,1,0,,제2종일반주거지역,20221008
경상남도 양산시 소주동 756-2번지,48330,11700,0,0756,0002,1264100060292,,,,1,용도지역코드,UQA122,제2종일반주거지역,1,0,,제2종일반주거지역,20221008
경상남도 양산시 소주동 756-2번지,48330,11700,0,0756,0002,1264100060292,,,,3,용도구역코드,UOA120,상대보호구역,1,0,,상대정화구역,20221008
경상남도 양산시 소주동 756-2번지,48330,11700,0,0756,0002,1264100060292,,,,3,용도구역코드,UOA110,절대정화구역,0,0,,절대정화구역,20221008
경상남도 양산시 소주동 756-5번지,48330,11700,0,0756,0005,1264100021279,,,,1,용도지역코드,1021,제1종일반주거지역,1,0,,제1종일반주거지역,20221008
경상남도 양산시 소주동 756-8번지,48330,11700,0,0756,0008,1264100061598,,,,1,용도지역코드,UQA122,제2종일반주거지역,1,0,,제2종일반주거지역,20221008
경상남도 양산시 소주동 756-8번지,48330,11700,0,0756,0008,1264100061598,,,,3,용도구역코드,UOA120,상대보호구역,1,0,,상대정화구역,20221008
경상남도 양산시 소주동 756-8번지,48330,11700,0,0756,0008,1264100061598,,,,3,용도구역코드,UOA110,절대정화구역,0,0,,절대정화구역,20221008
경상남도 양산시 소주동 756-10번지,48330,11700,0,0756,0010,1264100061677,,,,1,용도지역코드,UQA122,제2종일반주거지역,1,0,,제2종일반주거지역,20221008
경상남도 양산시 소주동 756-10번지,48330,11700,0,0756,0010,1264100061677,,,,3,용도구역코드,UOA120,상대보호구역,1,0,,상대정화구역,20221008
경상남도 양산시 소주동 756-10번지,48330,11700,0,0756,0010,1264100061677,,,,3,용도구역코드,UOA110,절대정화구역,0,0,,절대정화구역,20221008
경상남도 양산시 소주동 758번지,48330,11700,0,0758,0000,1264100056249,,,,1,용도지역코드,UQA122,제2종일반주거지역,1,0,,제2종일반주거지역,20221008
경상남도 양산시 소주동 758번지,48330,11700,0,0758,0000,1264100056249,,,,3,용도구역코드,UOA120,상대보호구역,1,0,,상대정화구역,20221008
경상남도 양산시 소주동 758번지,48330,11700,0,0758,0000,1264100056249,,,,3,용도구역코드,UOA110,절대정화구역,0,0,,절대정화구역,20221008
경상남도 양산시 소주동 758-3번지,48330,11700,0,0758,0003,1264100059672,,,,1,용도지역코드,UQA122,제2종일반주거지역,1,0,,제2종일반주거지역,20221008
경상남도 양산시 소주동 758-3번지,48330,11700,0,0758,0003,1264100059672,,,,3,용도구역코드,UOA120,상대보호구역,1,0,,상대정화구역,20221008
경상남도 양산시 소주동 760-4번지,48330,11700,0,0760,0004,12648671,,,,1,용도지역코드,1021,제1종일반주거지역,1,0,,제1종일반주거지역,20221008
경상남도 양산시 소주동 764-3번지,48330,11700,0,0764,0003,12647155,,,,1,용도지역코드,1021,제1종일반주거지역,1,0,,제1종일반주거지역,20221008
경상남도 양산시 소주동 766-2번지,48330,11700,0,0766,0002,1264100115957,,,,1,용도지역코드,UQA122,제2종일반주거지역,1,0,,제2종일반주거지역,20221008
경상남도 양산시 소주동 768번지,48330,11700,0,0768,0000,12647138,,,,1,용도지역코드,1021,제1종일반주거지역,1,0,,제1종일반주거지역,20221008
경상남도 양산시 소주동 768-1번지,48330,11700,0,0768,0001,12647972,,,,1,용도지역코드,1021,제1종일반주거지역,1,0,,제1종일반주거지역,20221008
경상남도 양산시 소주동 768-1번지,48330,11700,0,0768,0001,12647972,,,,3,용도구역코드,010,도시계획구역,1,0,,도시계획구역,20221008
경상남도 양산시 소주동 783번지,48330,11700,0,0783,0000,12647003,,,,1,용도지역코드,1021,제1종일반주거지역,1,0,,제1종일반주거지역,20221008
경상남도 양산시 소주동 790번지,48330,11700,0,0790,0000,1264100063259,,,,1,용도지역코드,UQA122,제2종일반주거지역,1,0,,제2종일반주거지역,20221008
경상남도 양산시 소주동 803-2번지,48330,11700,0,0803,0002,12646030,,,,1,용도지역코드,1022,제2종일반주거지역,1,0,,제2종일반주거지역,20221008
경상남도 양산시 소주동 806-2번지,48330,11700,0,0806,0002,1264100134365,,,,1,용도지역코드,UQA121,제1종일반주거지역,1,0,,제1종일반주거지역,20221008
경상남도 양산시 소주동 811-2번지,48330,11700,0,0811,0002,1264100136885,,,,1,용도지역코드,UQA121,제1종일반주거지역,1,0,,제1종일반주거지역,20221008
경상남도 양산시 소주동 811-2번지,48330,11700,0,0811,0002,1264100136885,,,,1,용도지역코드,UQA122,제2종일반주거지역,0,0,,제2종일반주거지역,20221008
경상남도 양산시 소주동 811-2번지,48330,11700,0,0811,0002,1264100136885,,,,3,용도구역코드,UOA120,상대보호구역,1,0,,상대보호구역,20221008
경상남도 양산시 소주동 811-2번지,48330,11700,0,0811,0002,1264100136885,,,,3,용도구역코드,UJB100,하천구역,0,0,,하천구역,20221008
경상남도 양산시 소주동 819번지,48330,11700,0,0819,0000,12643058,,,,1,용도지역코드,1020,일반주거지역,1,0,,일반주거지역,20221008
경상남도 양산시 소주동 824번지,48330,11700,0,0824,0000,1264100048805,,,,1,용도지역코드,UQA122,제2종일반주거지역,1,0,,제2종일반주거지역,20221008
경상남도 양산시 소주동 832번지,48330,11700,0,0832,0000,1264100143683,,,,1,용도지역코드,UQA122,제2종일반주거지역,1,0,,제2종일반주거지역,20221008
경상남도 양산시 소주동 832번지,48330,11700,0,0832,0000,1264100143683,,,,3,용도구역코드,UOA120,상대보호구역,1,0,,상대보호구역,20221008
경상남도 양산시 소주동 834번지,48330,11700,0,0834,0000,1264100032539,,,,1,용도지역코드,UQA121,제1종일반주거지역,1,0,,제1종일반주거지역,20221008
경상남도 양산시 소주동 838번지,48330,11700,0,0838,0000,12648780,,,,1,용도지역코드,1021,제1종일반주거지역,1,0,,제1종일반주거지역,20221008
경상남도 양산시 소주동 838번지,48330,11700,0,0838,0000,12648780,,,,2,용도지구코드,980,용도지구미지정,1,0,,용도지구미지정,20221008
경상남도 양산시 소주동 838번지,48330,11700,0,0838,0000,12648780,,,,3,용도구역코드,010,도시계획구역,1,0,,도시계획구역,20221008
경상남도 양산시 소주동 841번지,48330,11700,0,0841,0000,12645627,,,,1,용도지역코드,1022,제2종일반주거지역,1,0,,제2종일반주거지역,20221008
경상남도 양산시 소주동 841-1번지,48330,11700,0,0841,0001,1264100086226,,,,1,용도지역코드,UQA122,제2종일반주거지역,1,0,,제2종일반주거지역,20221008
경상남도 양산시 소주동 841-1번지,48330,11700,0,0841,0001,1264100086226,,,,3,용도구역코드,UOA120,상대보호구역,1,0,,상대정화구역,20221008
경상남도 양산시 소주동 845번지,48330,11700,0,0845,0000,1264100038635,,,,1,용도지역코드,UQA121,제1종일반주거지역,1,0,,제1종일반주거지역,20221008
경상남도 양산시 소주동 845번지,48330,11700,0,0845,0000,1264100038635,,,,3,용도구역코드,UOA120,상대보호구역,1,0,,상대정화구역,20221008
경상남도 양산시 소주동 845-1번지,48330,11700,0,0845,0001,1264100057289,,,,1,용도지역코드,UQA122,제2종일반주거지역,1,0,,제2종일반주거지역,20221008
경상남도 양산시 소주동 845-1번지,48330,11700,0,0845,0001,1264100057289,,,,3,용도구역코드,UOA120,상대보호구역,1,0,,상대정화구역,20221008
경상남도 양산시 소주동 847번지,48330,11700,0,0847,0000,1264100099714,,,,1,용도지역코드,UQA122,제2종일반주거지역,1,0,,제2종일반주거지역,20221008
경상남도 양산시 소주동 847번지,48330,11700,0,0847,0000,1264100099714,,,,3,용도구역코드,UOA120,상대보호구역,1,0,,상대보호구역,20221008
경상남도 양산시 소주동 848-3번지,48330,11700,0,0848,0003,1264100045826,,,,1,용도지역코드,UQA122,제2종일반주거지역,1,0,,제2종일반주거지역,20221008
경상남도 양산시 소주동 848-3번지,48330,11700,0,0848,0003,1264100045826,,,,3,용도구역코드,UOA120,상대보호구역,1,0,,상대정화구역,20221008
경상남도 양산시 소주동 858-1번지,48330,11700,0,0858,0001,1000000000000000072505,,,,3,용도구역코드,UOA120,상대보호구역,0,0,,상대보호구역,20230320
경상남도 양산시 소주동 858-1번지,48330,11700,0,0858,0001,1000000000000000072505,,,,1,용도지역코드,UQA122,제2종일반주거지역,1,0,,제2종일반주거지역,20230320
경상남도 양산시 소주동 858-1번지,48330,11700,0,0858,0001,1000000000000000072505,,,,3,용도구역코드,UMZ100,가축사육제한구역,1,0,,가축사육제한구역,20230320
경상남도 양산시 소주동 858-1번지,48330,11700,0,0858,0001,1264100050726,,,,1,용도지역코드,UQA122,제2종일반주거지역,1,0,,제2종일반주거지역,20221008
경상남도 양산시 소주동 868-4번지,48330,11700,0,0868,0004,1264100102493,,,,1,용도지역코드,UQA122,제2종일반주거지역,1,0,,제2종일반주거지역,20221008
경상남도 양산시 소주동 869-1번지,48330,11700,0,0869,0001,12645705,,,,1,용도지역코드,1022,제2종일반주거지역,1,0,,제2종일반주거지역,20221008
경상남도 양산시 소주동 869-1번지,48330,11700,0,0869,0001,12645705,,,,2,용도지구코드,980,용도지구미지정,1,0,,용도지구미지정,20221008
경상남도 양산시 소주동 869-1번지,48330,11700,0,0869,0001,12645705,,,,3,용도구역코드,980,용도구역미지정,1,0,,용도구역미지정,20221008
경상남도 양산시 소주동 869-3번지,48330,11700,0,0869,0003,12642931,,,,1,용도지역코드,1020,일반주거지역,1,0,,일반주거지역,20221008
경상남도 양산시 소주동 870-6번지,48330,11700,0,0870,0006,1264100123081,,,,1,용도지역코드,UQA320,일반공업지역,1,0,,일반공업지역,20221008
경상남도 양산시 소주동 870-6번지,48330,11700,0,0870,0006,1264100123081,,,,1,용도지역코드,UQA122,제2종일반주거지역,0,0,,제2종일반주거지역,20221008
경상남도 양산시 소주동 870-6번지,48330,11700,0,0870,0006,1264100123081,,,,1,용도지역코드,UQA123,제3종일반주거지역,0,0,,제3종일반주거지역,20221008
경상남도 양산시 소주동 870-6번지,48330,11700,0,0870,0006,1264100123081,,,,3,용도구역코드,UOA120,상대보호구역,1,0,,상대보호구역,20221008
경상남도 양산시 소주동 870-6번지,48330,11700,0,0870,0006,1264100123081,,,,3,용도구역코드,UQQ310,제1종지구단위계획구역,0,0,,제1종지구단위계획구역,20221008
경상남도 양산시 소주동 872-26번지,48330,11700,0,0872,0026,12647148,,,,1,용도지역코드,1021,제1종일반주거지역,1,0,,제1종일반주거지역,20221008
경상남도 양산시 소주동 874번지,48330,11700,0,0874,0000,1264100016599,,,,1,용도지역코드,1220,일반공업지역,1,0,,일반공업지역,20221008
경상남도 양산시 소주동 874번지,48330,11700,0,0874,0000,1264100016599,,,,1,용도지역코드,1021,제1종일반주거지역,0,0,,제1종일반주거지역,20221008
경상남도 양산시 소주동 875번지,48330,11700,0,0875,0000,1264100121799,,,,1,용도지역코드,UQA121,제1종일반주거지역,1,0,,제1종일반주거지역,20221008
경상남도 양산시 소주동 904-1번지,48330,11700,0,0904,0001,1264100030357,,,,1,용도지역코드,UQA320,일반공업지역,1,0,,일반공업지역,20221008
경상남도 양산시 소주동 904-1번지,48330,11700,0,0904,0001,1264100030357,,,,1,용도지역코드,UQA121,제1종일반주거지역,0,0,,제1종일반주거지역,20221008
경상남도 양산시 소주동 904-7번지,48330,11700,0,0904,0007,12646036,,,,1,용도지역코드,1220,일반공업지역,1,0,,일반공업지역,20221008
경상남도 양산시 소주동 904-7번지,48330,11700,0,0904,0007,12643391,,,,1,용도지역코드,1220,일반공업지역,1,0,,일반공업지역,20221008
경상남도 양산시 소주동 904-7번지,48330,11700,0,0904,0007,12641004,,,,1,용도지역코드,1220,일반공업지역,1,0,,일반공업지역,20221008
경상남도 양산시 소주동 904-7번지,48330,11700,0,0904,0007,1264100033343,,,,1,용도지역코드,UQA320,일반공업지역,1,0,,일반공업지역,20221008
경상남도 양산시 소주동 904-7번지,48330,11700,0,0904,0007,12649258,,,,1,용도지역코드,1220,일반공업지역,1,0,,일반공업지역,20221008
경상남도 양산시 소주동 911-1번지,48330,11700,0,0911,0001,1264100047706,,,,1,용도지역코드,UQA320,일반공업지역,1,0,,일반공업지역,20221008
경상남도 양산시 소주동 913-3번지,48330,11700,0,0913,0003,12648702,,,,1,용도지역코드,1220,일반공업지역,1,0,,일반공업지역,20221008
경상남도 양산시 소주동 913-3번지,48330,11700,0,0913,0003,1264100153170,,,,1,용도지역코드,UQA320,일반공업지역,1,0,,일반공업지역,20221008
경상남도 양산시 소주동 913-3번지,48330,11700,0,0913,0003,1264100153170,,,,3,용도구역코드,UMZ100,가축사육제한구역,1,0,,가축사육제한구역,20221008
경상남도 양산시 소주동 916번지,48330,11700,0,0916,0000,1264183,,,,1,용도지역코드,1220,일반공업지역,1,0,,일반공업지역,20221008
경상남도 양산시 소주동 917번지,48330,11700,0,0917,0000,12649053,,,,1,용도지역코드,1220,일반공업지역,1,0,,일반공업지역,20221008
경상남도 양산시 소주동 925-1번지,48330,11700,0,0925,0001,12641455,,,,1,용도지역코드,1220,일반공업지역,1,0,,일반공업지역,20221008
경상남도 양산시 소주동 927번지,48330,11700,0,0927,0000,1264100080002,,,,1,용도지역코드,UQA320,일반공업지역,1,0,,일반공업지역,20221008
경상남도 양산시 소주동 929번지,48330,11700,0,0929,0000,1264100056949,,,,1,용도지역코드,UQA320,일반공업지역,1,0,,일반공업지역,20221008
경상남도 양산시 소주동 937번지,48330,11700,0,0937,0000,12648595,,,,1,용도지역코드,1220,일반공업지역,1,0,,일반공업지역,20221008
경상남도 양산시 소주동 941번지,48330,11700,0,0941,0000,12647994,,,,1,용도지역코드,1220,일반공업지역,1,0,,일반공업지역,20221008
경상남도 양산시 소주동 941번지,48330,11700,0,0941,0000,12647994,,,,3,용도구역코드,010,도시계획구역,1,0,,도시계획구역,20221008
경상남도 양산시 소주동 941번지,48330,11700,0,0941,0000,12644096,,,,1,용도지역코드,1220,일반공업지역,1,0,,일반공업지역,20221008
경상남도 양산시 소주동 941번지,48330,11700,0,0941,0000,12643264,,,,1,용도지역코드,1220,일반공업지역,1,0,,일반공업지역,20221008
경상남도 양산시 소주동 941-1번지,48330,11700,0,0941,0001,12641033,,,,1,용도지역코드,1220,일반공업지역,1,0,,일반공업지역,20221008
경상남도 양산시 소주동 941-1번지,48330,11700,0,0941,0001,12641874,경상남도 양산시 웅상읍 소주리,941,1,1,용도지역코드,1220,일반공업지역,1,0,,일반공업지역,20221008
경상남도 양산시 소주동 941-1번지,48330,11700,0,0941,0001,1264966,"941-1, 7, 8번지",,,1,용도지역코드,1220,일반공업지역,1,0,,일반공업지역,20221008
경상남도 양산시 소주동 941-1번지,48330,11700,0,0941,0001,12648737,,,,1,용도지역코드,1220,일반공업지역,1,0,,일반공업지역,20221008
경상남도 양산시 소주동 941-1번지,48330,11700,0,0941,0001,12648737,,,,3,용도구역코드,010,도시계획구역,1,0,,도시계획구역,20221008
경상남도 양산시 소주동 941-3번지,48330,11700,0,0941,0003,1264100087461,,,,1,용도지역코드,UQA320,일반공업지역,1,0,,일반공업지역,20221008
경상남도 양산시 소주동 950번지,48330,11700,0,0950,0000,12645572,,,,1,용도지역코드,1220,일반공업지역,1,0,,일반공업지역,20221008
경상남도 양산시 소주동 960번지,48330,11700,0,0960,0000,1264100054371,,,,1,용도지역코드,UQA430,자연녹지지역,1,0,,자연녹지지역,20221008
경상남도 양산시 소주동 960-2번지,48330,11700,0,0960,0002,1264100006507,,,,1,용도지역코드,1220,일반공업지역,1,0,,일반공업지역,20221008
경상남도 양산시 소주동 960-2번지,48330,11700,0,0960,0002,1264100021862,,,,1,용도지역코드,UQA320,일반공업지역,1,0,,일반공업지역,20221008
경상남도 양산시 소주동 960-4번지,48330,11700,0,0960,0004,1264100082781,,,,1,용도지역코드,UQA430,자연녹지지역,1,0,,자연녹지지역,20221008
경상남도 양산시 소주동 960-6번지,48330,11700,0,0960,0006,12649042,,,,1,용도지역코드,1220,일반공업지역,1,0,,일반공업지역,20221008
경상남도 양산시 소주동 960-7번지,48330,11700,0,0960,0007,12643375,,,,1,용도지역코드,1330,자연녹지지역,1,0,,자연녹지지역,20221008
경상남도 양산시 소주동 960-7번지,48330,11700,0,0960,0007,12642709,,,,1,용도지역코드,1330,자연녹지지역,1,0,,자연녹지지역,20221008
경상남도 양산시 소주동 960-39번지,48330,11700,0,0960,0039,1264100060552,,,,1,용도지역코드,UQA430,자연녹지지역,1,0,,자연녹지지역,20221008
경상남도 양산시 소주동 960-53번지,48330,11700,0,0960,0053,1264100036113,,,,1,용도지역코드,UQA430,자연녹지지역,1,0,,자연녹지지역,20221008
경상남도 양산시 소주동 960-53번지,48330,11700,0,0960,0053,1264100016954,,,,1,용도지역코드,1330,자연녹지지역,1,0,,자연녹지지역,20221008
경상남도 양산시 소주동 960-53번지,48330,11700,0,0960,0053,12647863,,,,1,용도지역코드,1330,자연녹지지역,1,0,,자연녹지지역,20221008
경상남도 양산시 소주동 960-56번지,48330,11700,0,0960,0056,12643322,,,,1,용도지역코드,1220,일반공업지역,1,0,,일반공업지역,20221008
경상남도 양산시 소주동 960-57번지,48330,11700,0,0960,0057,1264100024672,,,,1,용도지역코드,UQA320,일반공업지역,1,0,,일반공업지역,20221008
경상남도 양산시 소주동 960-92번지,48330,11700,0,0960,0092,1264100103513,,,,1,용도지역코드,UQA430,자연녹지지역,1,0,,자연녹지지역,20221008
경상남도 양산시 소주동 960-96번지,48330,11700,0,0960,0096,1000000000000000449886,,,,1,용도지역코드,UQA430,자연녹지지역,1,0,,자연녹지지역,20240124
경상남도 양산시 소주동 960-99번지,48330,11700,0,0960,0099,1264100131065,,,,1,용도지역코드,UQA430,자연녹지지역,1,0,,자연녹지지역,20221008
경상남도 양산시 소주동 960-117번지,48330,11700,0,0960,0117,1264100145644,,,,1,용도지역코드,UQA430,자연녹지지역,1,0,,자연녹지지역,20221008
경상남도 양산시 소주동 960-118번지,48330,11700,0,0960,0118,1264100142206,,,,1,용도지역코드,UQA430,자연녹지지역,1,0,,자연녹지지역,20230210
경상남도 양산시 소주동 964번지,48330,11700,0,0964,0000,1264186,,,,1,용도지역코드,1220,일반공업지역,1,0,,일반공업지역,20221008
경상남도 양산시 소주동 967번지,48330,11700,0,0967,0000,1264100023527,,,,1,용도지역코드,UQA320,일반공업지역,1,0,,일반공업지역,20221008
경상남도 양산시 소주동 967번지,48330,11700,0,0967,0000,126461,,,,1,용도지역코드,1220,일반공업지역,1,0,,일반공업지역,20221008
경상남도 양산시 소주동 969번지,48330,11700,0,0969,0000,12647859,,,,1,용도지역코드,1220,일반공업지역,1,0,,일반공업지역,20221008
경상남도 양산시 소주동 973번지,48330,11700,0,0973,0000,12644628,,,,1,용도지역코드,1220,일반공업지역,1,0,,일반공업지역,20221008
경상남도 양산시 소주동 973번지,48330,11700,0,0973,0000,12645188,,,,1,용도지역코드,1220,일반공업지역,1,0,,일반공업지역,20221008
경상남도 양산시 소주동 973번지,48330,11700,0,0973,0000,12644047,,,,1,용도지역코드,1220,일반공업지역,1,0,,일반공업지역,20221008
경상남도 양산시 소주동 975번지,48330,11700,0,0975,0000,1264100074419,,,,1,용도지역코드,UQA320,일반공업지역,1,0,,일반공업지역,20221008
경상남도 양산시 소주동 976번지,48330,11700,0,0976,0000,12641049,,,,1,용도지역코드,1220,일반공업지역,1,0,,일반공업지역,20221008
경상남도 양산시 소주동 976번지,48330,11700,0,0976,0000,1264100058716,,,,1,용도지역코드,UQA320,일반공업지역,1,0,,일반공업지역,20221008
경상남도 양산시 소주동 976번지,48330,11700,0,0976,0000,1264100063780,,,,1,용도지역코드,UQA320,일반공업지역,1,0,,일반공업지역,20221008
경상남도 양산시 소주동 976-2번지,48330,11700,0,0976,0002,1264100089841,,,,1,용도지역코드,UQA320,일반공업지역,1,0,,일반공업지역,20221008
경상남도 양산시 소주동 976-2번지,48330,11700,0,0976,0002,1264100013172,,,,1,용도지역코드,1220,일반공업지역,1,0,,일반공업지역,20221008
경상남도 양산시 소주동 977번지,48330,11700,0,0977,0000,12647174,,,,1,용도지역코드,1220,일반공업지역,1,0,,일반공업지역,20221008
경상남도 양산시 소주동 978번지,48330,11700,0,0978,0000,12648734,,,,1,용도지역코드,1220,일반공업지역,1,0,,일반공업지역,20221008
경상남도 양산시 소주동 980번지,48330,11700,0,0980,0000,126427,,,,1,용도지역코드,1220,일반공업지역,1,0,,일반공업지역,20221008
경상남도 양산시 소주동 981번지,48330,11700,0,0981,0000,12646031,,,,1,용도지역코드,1220,일반공업지역,1,0,,일반공업지역,20221008
경상남도 양산시 소주동 981번지,48330,11700,0,0981,0000,1264100007566,,,,1,용도지역코드,1220,일반공업지역,1,0,,일반공업지역,20221008
경상남도 양산시 소주동 983번지,48330,11700,0,0983,0000,12648786,,,,1,용도지역코드,1220,일반공업지역,1,0,,일반공업지역,20221008
경상남도 양산시 소주동 983번지,48330,11700,0,0983,0000,12648786,,,,3,용도구역코드,010,도시계획구역,1,0,,도시계획구역,20221008
경상남도 양산시 소주동 987번지,48330,11700,0,0987,0000,12649206,,,,1,용도지역코드,1220,일반공업지역,1,0,,일반공업지역,20221008
경상남도 양산시 소주동 988번지,48330,11700,0,0988,0000,1264770,,,,1,용도지역코드,1220,일반공업지역,1,0,,일반공업지역,20221008
경상남도 양산시 소주동 988-1번지,48330,11700,0,0988,0001,12647932,,,,1,용도지역코드,1220,일반공업지역,1,0,,일반공업지역,20221008
경상남도 양산시 소주동 994번지,48330,11700,0,0994,0000,12645029,,,,1,용도지역코드,1220,일반공업지역,1,0,,일반공업지역,20221008
경상남도 양산시 소주동 994번지,48330,11700,0,0994,0000,1264100005756,,,,1,용도지역코드,1220,일반공업지역,1,0,,일반공업지역,20221008
경상남도 양산시 소주동 995번지,48330,11700,0,0995,0000,1264346,,,,1,용도지역코드,1220,일반공업지역,1,0,,일반공업지역,20221008
경상남도 양산시 소주동 999번지,48330,11700,0,0999,0000,12649097,,,,1,용도지역코드,1220,일반공업지역,1,0,,일반공업지역,20221008
경상남도 양산시 소주동 1000-1번지,48330,11700,0,1000,0001,12645917,,,,1,용도지역코드,1220,일반공업지역,1,0,,일반공업지역,20221008
경상남도 양산시 소주동 1001-1번지,48330,11700,0,1001,0001,12648795,,,,1,용도지역코드,1220,일반공업지역,1,0,,일반공업지역,20221008
경상남도 양산시 소주동 1004-2번지,48330,11700,0,1004,0002,12648796,,,,1,용도지역코드,1220,일반공업지역,1,0,,일반공업지역,20221008
경상남도 양산시 소주동 1004-2번지,48330,11700,0,1004,0002,12648796,,,,3,용도구역코드,010,도시계획구역,1,0,,도시계획구역,20221008
경상남도 양산시 소주동 1010번지,48330,11700,0,1010,0000,12647795,,,,1,용도지역코드,1220,일반공업지역,1,0,,일반공업지역,20221008
경상남도 양산시 소주동 1010번지,48330,11700,0,1010,0000,1264100048725,,,,1,용도지역코드,UQA320,일반공업지역,1,0,,일반공업지역,20221008
경상남도 양산시 소주동 1020번지,48330,11700,0,1020,0000,12647977,,,,1,용도지역코드,1220,일반공업지역,1,0,,일반공업지역,20221008
경상남도 양산시 소주동 1020번지,48330,11700,0,1020,0000,12647066,,,,1,용도지역코드,1220,일반공업지역,1,0,,일반공업지역,20221008
경상남도 양산시 소주동 1020번지,48330,11700,0,1020,0000,12647156,,,,1,용도지역코드,1220,일반공업지역,1,0,,일반공업지역,20221008
경상남도 양산시 소주동 1020-2번지,48330,11700,0,1020,0002,12649024,,,,1,용도지역코드,1220,일반공업지역,1,0,,일반공업지역,20221008
경상남도 양산시 소주동 1020-3번지,48330,11700,0,1020,0003,1000000000000000148156,,,,1,용도지역코드,UQA430,자연녹지지역,1,0,,자연녹지지역,20250812
경상남도 양산시 소주동 1020-3번지,48330,11700,0,1020,0003,12642808,,,,1,용도지역코드,1330,자연녹지지역,1,0,,자연녹지지역,20221008
경상남도 양산시 소주동 1020-4번지,48330,11700,0,1020,0004,12646079,,,,1,용도지역코드,1220,일반공업지역,1,0,,일반공업지역,20221008
경상남도 양산시 소주동 1020-5번지,48330,11700,0,1020,0005,1264100143223,,,,1,용도지역코드,UQA320,일반공업지역,1,0,,일반공업지역,20221008
경상남도 양산시 소주동 1020-5번지,48330,11700,0,1020,0005,1264100139523,,,,1,용도지역코드,UQA320,일반공업지역,1,0,,일반공업지역,20221008
경상남도 양산시 소주동 1020-5번지,48330,11700,0,1020,0005,1264100148131,,,,1,용도지역코드,UQA320,일반공업지역,1,0,,일반공업지역,20221008
경상남도 양산시 소주동 1020-6번지,48330,11700,0,1020,0006,12642814,,,,1,용도지역코드,1220,일반공업지역,1,0,,일반공업지역,20221008
경상남도 양산시 소주동 1020-10번지,48330,11700,0,1020,0010,12643271,,,,1,용도지역코드,1220,일반공업지역,1,0,,일반공업지역,20221008
경상남도 양산시 소주동 1020-14번지,48330,11700,0,1020,0014,12643216,,,,1,용도지역코드,1220,일반공업지역,1,0,,일반공업지역,20221008
경상남도 양산시 소주동 1020-17번지,48330,11700,0,1020,0017,1264736,,,,1,용도지역코드,1220,일반공업지역,1,0,,일반공업지역,20221008
경상남도 양산시 소주동 1020-17번지,48330,11700,0,1020,0017,1000000000000000884816,,,,1,용도지역코드,UQA320,일반공업지역,1,0,,일반공업지역,20260204
경상남도 양산시 소주동 1020-17번지,48330,11700,0,1020,0017,1264406,,,,1,용도지역코드,1220,일반공업지역,1,0,,일반공업지역,20221008
경상남도 양산시 소주동 1020-18번지,48330,11700,0,1020,0018,1264100156492,,,,1,용도지역코드,UQA320,일반공업지역,1,0,,일반공업지역,20251027
경상남도 양산시 소주동 1020-18번지,48330,11700,0,1020,0018,1264100156510,,,,1,용도지역코드,UQA320,일반공업지역,1,0,,일반공업지역,20221008
경상남도 양산시 소주동 1020-18번지,48330,11700,0,1020,0018,1264980,경상남도 양산시 웅상읍 소주리,1020,18,1,용도지역코드,1220,일반공업지역,1,0,,일반공업지역,20221008
경상남도 양산시 소주동 1020-19번지,48330,11700,0,1020,0019,1000000000000000828171,,,,1,용도지역코드,UQA320,일반공업지역,1,0,,일반공업지역,20251027
경상남도 양산시 소주동 1020-20번지,48330,11700,0,1020,0020,12641156,1020-20 번지,,,1,용도지역코드,1220,일반공업지역,1,0,,일반공업지역,20221008
경상남도 양산시 소주동 1020-21번지,48330,11700,0,1020,0021,1264558,,,,1,용도지역코드,0800,경지지역,1,0,,경지지역,20221008
경상남도 양산시 소주동 1020-22번지,48330,11700,0,1020,0022,1264100016994,,,,1,용도지역코드,1220,일반공업지역,1,0,,일반공업지역,20221008
경상남도 양산시 소주동 1020-22번지,48330,11700,0,1020,0022,1264100017317,,,,1,용도지역코드,1220,일반공업지역,1,0,,일반공업지역,20221008
경상남도 양산시 소주동 1020-23번지,48330,11700,0,1020,0023,12644188,,,,1,용도지역코드,1220,일반공업지역,1,0,,일반공업지역,20221008
경상남도 양산시 소주동 1020-23번지,48330,11700,0,1020,0023,12644278,,,,1,용도지역코드,1220,일반공업지역,1,0,,일반공업지역,20221008
경상남도 양산시 소주동 1020-23번지,48330,11700,0,1020,0023,12644278,,,,3,용도구역코드,010,도시계획구역,1,0,,도시계획구역,20221008
경상남도 양산시 소주동 1020-23번지,48330,11700,0,1020,0023,1264100024011,,,,1,용도지역코드,UQA320,일반공업지역,1,0,,일반공업지역,20221008
경상남도 양산시 소주동 1020-23번지,48330,11700,0,1020,0023,12642905,,,,1,용도지역코드,1330,자연녹지지역,1,0,,자연녹지지역,20221008
경상남도 양산시 소주동 1020-23번지,48330,11700,0,1020,0023,12642936,,,,1,용도지역코드,1330,자연녹지지역,1,0,,자연녹지지역,20221008
경상남도 양산시 소주동 1020-34번지,48330,11700,0,1020,0034,1264100013074,,,,1,용도지역코드,1330,자연녹지지역,1,0,,자연녹지지역,20221008
경상남도 양산시 소주동 1020-35번지,48330,11700,0,1020,0035,1264100156593,,,,1,용도지역코드,UQA320,일반공업지역,1,0,,일반공업지역,20221008
경상남도 양산시 소주동 1020-36번지,48330,11700,0,1020,0036,12644281,,,,1,용도지역코드,1220,일반공업지역,1,0,,일반공업지역,20221008
경상남도 양산시 소주동 1020-36번지,48330,11700,0,1020,0036,1264100120760,,,,1,용도지역코드,UQA320,일반공업지역,1,0,,일반공업지역,20221008
경상남도 양산시 소주동 1020-36번지,48330,11700,0,1020,0036,12642170,,,,1,용도지역코드,1330,자연녹지지역,1,0,,자연녹지지역,20221008
경상남도 양산시 소주동 1020-46번지,48330,11700,0,1020,0046,1264100143829,,,,1,용도지역코드,UQA320,일반공업지역,1,0,,일반공업지역,20221008
경상남도 양산시 소주동 1020-46번지,48330,11700,0,1020,0046,1264100143829,,,,3,용도구역코드,UMZ100,가축사육제한구역,1,0,,가축사육제한구역,20221008
경상남도 양산시 소주동 1020-46번지,48330,11700,0,1020,0046,1264100132563,,,,1,용도지역코드,UQA320,일반공업지역,1,0,,일반공업지역,20221008
경상남도 양산시 소주동 1020-46번지,48330,11700,0,1020,0046,1264100132563,,,,3,용도구역코드,UMZ100,가축사육제한구역,1,0,,가축사육제한구역,20221008
경상남도 양산시 소주동 1020-46번지,48330,11700,0,1020,0046,12642924,,,,1,용도지역코드,1220,일반공업지역,1,0,,일반공업지역,20221008
경상남도 양산시 소주동 1020-49번지,48330,11700,0,1020,0049,1264100016675,,,,1,용도지역코드,1220,일반공업지역,1,0,,일반공업지역,20221008
경상남도 양산시 소주동 1020-49번지,48330,11700,0,1020,0049,12642094,,,,1,용도지역코드,1220,일반공업지역,1,0,,일반공업지역,20221008
경상남도 양산시 소주동 1020-50번지,48330,11700,0,1020,0050,12643568,,,,1,용도지역코드,1220,일반공업지역,1,0,,일반공업지역,20221008
경상남도 양산시 소주동 1020-50번지,48330,11700,0,1020,0050,12643535,,,,1,용도지역코드,1220,일반공업지역,1,0,,일반공업지역,20221008
경상남도 양산시 소주동 1020-59번지,48330,11700,0,1020,0059,12643084,,,,1,용도지역코드,1220,일반공업지역,1,0,,일반공업지역,20221008
경상남도 양산시 소주동 1020-64번지,48330,11700,0,1020,0064,12642807,,,,1,용도지역코드,1330,자연녹지지역,1,0,,자연녹지지역,20221008
경상남도 양산시 소주동 1020-64번지,48330,11700,0,1020,0064,1264100013852,,,,1,용도지역코드,1330,자연녹지지역,1,0,,자연녹지지역,20221008
경상남도 양산시 소주동 1020-68번지,48330,11700,0,1020,0068,1264100017935,,,,1,용도지역코드,1220,일반공업지역,1,0,,일반공업지역,20221008
경상남도 양산시 소주동 1020-68번지,48330,11700,0,1020,0068,12642806,,,,1,용도지역코드,1330,자연녹지지역,1,0,,자연녹지지역,20221008
경상남도 양산시 소주동 1020-72번지,48330,11700,0,1020,0072,12647115,,,,1,용도지역코드,1220,일반공업지역,1,0,,일반공업지역,20221008
경상남도 양산시 소주동 1020-72번지,48330,11700,0,1020,0072,1000000000000000388604,,,,1,용도지역코드,UQA320,일반공업지역,1,0,,일반공업지역,20240125
경상남도 양산시 소주동 1020-72번지,48330,11700,0,1020,0072,1264100043645,,,,1,용도지역코드,UQA320,일반공업지역,1,0,,일반공업지역,20221008
경상남도 양산시 소주동 1020-72번지,48330,11700,0,1020,0072,12644311,,,,1,용도지역코드,1220,일반공업지역,1,0,,일반공업지역,20221008
경상남도 양산시 소주동 1020-72번지,48330,11700,0,1020,0072,1264100149052,,,,1,용도지역코드,UQA320,일반공업지역,1,0,,일반공업지역,20221008
경상남도 양산시 소주동 1020-72번지,48330,11700,0,1020,0072,12643669,,,,1,용도지역코드,1220,일반공업지역,1,0,,일반공업지역,20221008
경상남도 양산시 소주동 1020-72번지,48330,11700,0,1020,0072,1264100005757,,,,1,용도지역코드,1220,일반공업지역,1,0,,일반공업지역,20221008
경상남도 양산시 소주동 1020-81번지,48330,11700,0,1020,0081,12643253,,,,1,용도지역코드,1220,일반공업지역,1,0,,일반공업지역,20221008
경상남도 양산시 소주동 1020-107번지,48330,11700,0,1020,0107,1264100026649,,,,1,용도지역코드,UQA320,일반공업지역,1,0,,일반공업지역,20221008
경상남도 양산시 소주동 1020-126번지,48330,11700,0,1020,0126,1264100017939,,,,1,용도지역코드,1330,자연녹지지역,1,0,,자연녹지지역,20221008
경상남도 양산시 소주동 1020-148번지,48330,11700,0,1020,0148,1264100149453,,,,1,용도지역코드,UQA320,일반공업지역,1,0,,일반공업지역,20221008
경상남도 양산시 소주동 1022번지,48330,11700,0,1022,0000,12643525,,,,1,용도지역코드,1220,일반공업지역,1,0,,일반공업지역,20221008
경상남도 양산시 소주동 1022-2번지,48330,11700,0,1022,0002,1264100035253,,,,1,용도지역코드,UQA320,일반공업지역,1,0,,일반공업지역,20221008
경상남도 양산시 소주동 1022-2번지,48330,11700,0,1022,0002,12649154,,,,1,용도지역코드,1220,일반공업지역,1,0,,일반공업지역,20221008
경상남도 양산시 소주동 1022-4번지,48330,11700,0,1022,0004,1264100007046,,,,1,용도지역코드,1220,일반공업지역,1,0,,일반공업지역,20221008
경상남도 양산시 소주동 1024-6번지,48330,11700,0,1024,0006,12645373,,,,1,용도지역코드,1220,일반공업지역,1,0,,일반공업지역,20221008
경상남도 양산시 소주동 1024-6번지,48330,11700,0,1024,0006,1264100081259,,,,1,용도지역코드,UQA320,일반공업지역,1,0,,일반공업지역,20221008
경상남도 양산시 소주동 1110-3번지,48330,11700,0,1110,0003,1264100030958,,,,1,용도지역코드,UQA320,일반공업지역,1,0,,일반공업지역,20221008
경상남도 양산시 소주동 1110-3번지,48330,11700,0,1110,0003,1264100022667,,,,1,용도지역코드,UQA320,일반공업지역,1,0,,일반공업지역,20221008
경상남도 양산시 소주동 1110-3번지,48330,11700,0,1110,0003,1264100022667,,,,2,용도지구코드,,,1,0,,,20221008
경상남도 양산시 소주동 1110-20번지,48330,11700,0,1110,0020,1264100130263,,,,1,용도지역코드,UQA320,일반공업지역,1,0,,일반공업지역,20221008
경상남도 양산시 소주동 1112-1번지,48330,11700,0,1112,0001,12644310,,,,1,용도지역코드,1220,일반공업지역,1,0,,일반공업지역,20221008
경상남도 양산시 소주동 1112-1번지,48330,11700,0,1112,0001,1264100019396,,,,1,용도지역코드,1220,일반공업지역,1,0,,일반공업지역,20221008
경상남도 양산시 소주동 1112-1번지,48330,11700,0,1112,0001,1264100052509,,,,1,용도지역코드,UQA320,일반공업지역,1,0,,일반공업지역,20221008
경상남도 양산시 소주동 1112-1번지,48330,11700,0,1112,0001,1264100047925,,,,1,용도지역코드,UQA320,일반공업지역,1,0,,일반공업지역,20221008
경상남도 양산시 소주동 1112-1번지,48330,11700,0,1112,0001,12648733,,,,1,용도지역코드,1220,일반공업지역,1,0,,일반공업지역,20221008
경상남도 양산시 소주동 1112-1번지,48330,11700,0,1112,0001,12648733,,,,3,용도구역코드,010,도시계획구역,1,0,,도시계획구역,20221008
경상남도 양산시 소주동 1112-3번지,48330,11700,0,1112,0003,1000000000000000924726,,,,1,용도지역코드,UQA320,일반공업지역,1,0,,일반공업지역,20260413
경상남도 양산시 소주동 1112-3번지,48330,11700,0,1112,0003,1000000000000000924726,,,,3,용도구역코드,UMZ100,가축사육제한구역,1,0,,가축사육제한구역,20260413
경상남도 양산시 소주동 1112-3번지,48330,11700,0,1112,0003,1264100036632,,,,1,용도지역코드,UQA320,일반공업지역,1,0,,일반공업지역,20221008
경상남도 양산시 소주동 1112-3번지,48330,11700,0,1112,0003,12649117,,,,1,용도지역코드,1220,일반공업지역,1,0,,일반공업지역,20221008
경상남도 양산시 소주동 1112-5번지,48330,11700,0,1112,0005,12645668,,,,1,용도지역코드,1220,일반공업지역,1,0,,일반공업지역,20221008
경상남도 양산시 소주동 1112-6번지,48330,11700,0,1112,0006,1264100022367,,,,1,용도지역코드,UQA320,일반공업지역,1,0,,일반공업지역,20221008
경상남도 양산시 소주동 1112-6번지,48330,11700,0,1112,0006,12649051,,,,1,용도지역코드,1220,일반공업지역,1,0,,일반공업지역,20221008
경상남도 양산시 소주동 1112-6번지,48330,11700,0,1112,0006,12649254,,,,1,용도지역코드,1220,일반공업지역,1,0,,일반공업지역,20221008
경상남도 양산시 소주동 1112-15번지,48330,11700,0,1112,0015,1264100158251,,,,1,용도지역코드,UQA320,일반공업지역,1,0,,일반공업지역,20250814
경상남도 양산시 소주동 1112-23번지,48330,11700,0,1112,0023,1000000000000000422155,,,,1,용도지역코드,UQA320,일반공업지역,1,0,,일반공업지역,20240328
경상남도 양산시 소주동 1112-23번지,48330,11700,0,1112,0023,1264100116137,,,,1,용도지역코드,UQA320,일반공업지역,1,0,,일반공업지역,20221008
경상남도 양산시 소주동 1112-28번지,48330,11700,0,1112,0028,1000000000000000518102,,,,1,용도지역코드,UQA430,자연녹지지역,1,0,,자연녹지지역,20240517
경상남도 양산시 소주동 1112-31번지,48330,11700,0,1112,0031,1264100020741,,,,1,용도지역코드,1220,일반공업지역,1,0,,일반공업지역,20221008
경상남도 양산시 소주동 1112-31번지,48330,11700,0,1112,0031,1264100151290,,,,1,용도지역코드,UQA320,일반공업지역,1,0,,일반공업지역,20221008
경상남도 양산시 소주동 1112-32번지,48330,11700,0,1112,0032,1264100116136,,,,1,용도지역코드,UQA320,일반공업지역,1,0,,일반공업지역,20221008
경상남도 양산시 소주동 1117-2번지,48330,11700,0,1117,0002,12647152,,,,1,용도지역코드,1220,일반공업지역,1,0,,일반공업지역,20221008
경상남도 양산시 소주동 1118-1번지,48330,11700,0,1118,0001,1264100058391,,,,1,용도지역코드,UQA320,일반공업지역,1,0,,일반공업지역,20221008
경상남도 양산시 소주동 1118-1번지,48330,11700,0,1118,0001,1264100156470,,,,1,용도지역코드,UQA320,일반공업지역,1,0,,일반공업지역,20221228
경상남도 양산시 소주동 1118-1번지,48330,11700,0,1118,0001,1264100156470,,,,3,용도구역코드,UMZ100,가축사육제한구역,1,0,,가축사육제한구역,20221228
경상남도 양산시 소주동 1118-1번지,48330,11700,0,1118,0001,1264100066859,,,,1,용도지역코드,UQA320,일반공업지역,1,0,,일반공업지역,20221008
경상남도 양산시 소주동 1118-1번지,48330,11700,0,1118,0001,12643562,,11,1,1,용도지역코드,1220,일반공업지역,1,0,,일반공업지역,20221008
경상남도 양산시 소주동 1118-1번지,48330,11700,0,1118,0001,12643529,,,,1,용도지역코드,1220,일반공업지역,1,0,,일반공업지역,20221008
경상남도 양산시 소주동 1118-1번지,48330,11700,0,1118,0001,12642829,,,,1,용도지역코드,1220,일반공업지역,1,0,,일반공업지역,20221008
경상남도 양산시 소주동 1118-1번지,48330,11700,0,1118,0001,1264100008266,,,,1,용도지역코드,1220,일반공업지역,1,0,,일반공업지역,20221008
경상남도 양산시 소주동 1118-1번지,48330,11700,0,1118,0001,1264100016074,,,,1,용도지역코드,1220,일반공업지역,1,0,,일반공업지역,20221008
경상남도 양산시 소주동 1118-2번지,48330,11700,0,1118,0002,1000000000000000607708,,,,1,용도지역코드,UQA320,일반공업지역,1,0,,일반공업지역,20241216
경상남도 양산시 소주동 1118-3번지,48330,11700,0,1118,0003,1000000000000000728928,,,,1,용도지역코드,UQA320,일반공업지역,1,0,,일반공업지역,20250520
경상남도 양산시 소주동 1118-3번지,48330,11700,0,1118,0003,1000000000000000728928,,,,3,용도구역코드,UMZ100,가축사육제한구역,1,0,,가축사육제한구역,20250520
경상남도 양산시 소주동 1118-3번지,48330,11700,0,1118,0003,1264100054808,,,,1,용도지역코드,UQA320,일반공업지역,1,0,,일반공업지역,20221008
경상남도 양산시 소주동 1118-3번지,48330,11700,0,1118,0003,1264100008929,,,,1,용도지역코드,1220,일반공업지역,1,0,,일반공업지역,20221008
경상남도 양산시 소주동 1118-7번지,48330,11700,0,1118,0007,12644730,,,,1,용도지역코드,1220,일반공업지역,1,0,,일반공업지역,20221008
경상남도 양산시 소주동 1118-7번지,48330,11700,0,1118,0007,12645980,,,,1,용도지역코드,1220,일반공업지역,1,0,,일반공업지역,20221008
경상남도 양산시 소주동 1118-15번지,48330,11700,0,1118,0015,12648729,,,,1,용도지역코드,1220,일반공업지역,1,0,,일반공업지역,20221008
경상남도 양산시 소주동 1118-15번지,48330,11700,0,1118,0015,12648729,,,,3,용도구역코드,010,도시계획구역,1,0,,도시계획구역,20221008
경상남도 양산시 소주동 1118-15번지,48330,11700,0,1118,0015,1264100105334,,,,1,용도지역코드,UQA320,일반공업지역,1,0,,일반공업지역,20221008
경상남도 양산시 소주동 1118-15번지,48330,11700,0,1118,0015,1264100105739,,,,1,용도지역코드,UQA320,일반공업지역,1,0,,일반공업지역,20221008
경상남도 양산시 소주동 1118-15번지,48330,11700,0,1118,0015,12643941,,,,1,용도지역코드,1220,일반공업지역,1,0,,일반공업지역,20221008
경상남도 양산시 소주동 1118-15번지,48330,11700,0,1118,0015,1264100019320,,,,1,용도지역코드,1220,일반공업지역,1,0,,일반공업지역,20221008
경상남도 양산시 소주동 1118-15번지,48330,11700,0,1118,0015,1264100016316,,,,1,용도지역코드,1220,일반공업지역,1,0,,일반공업지역,20221008
경상남도 양산시 소주동 1118-19번지,48330,11700,0,1118,0019,1264100013132,,,,1,용도지역코드,1220,일반공업지역,1,0,,일반공업지역,20221008
경상남도 양산시 소주동 1118-23번지,48330,11700,0,1118,0023,1264100132963,,,,1,용도지역코드,UQA320,일반공업지역,1,0,,일반공업지역,20221008
경상남도 양산시 소주동 1118-23번지,48330,11700,0,1118,0023,1264100005825,,,,1,용도지역코드,1220,일반공업지역,1,0,,일반공업지역,20221008
경상남도 양산시 소주동 1118-40번지,48330,11700,0,1118,0040,1264100145905,,,,1,용도지역코드,UQA320,일반공업지역,1,0,,일반공업지역,20221008
경상남도 양산시 소주동 1119-8번지,48330,11700,0,1119,0008,12648625,,,,1,용도지역코드,1220,일반공업지역,1,0,,일반공업지역,20221008
경상남도 양산시 소주동 1119-8번지,48330,11700,0,1119,0008,1264100059452,,,,1,용도지역코드,UQA320,일반공업지역,1,0,,일반공업지역,20221008
경상남도 양산시 소주동 1119-8번지,48330,11700,0,1119,0008,1264100149891,,,,1,용도지역코드,UQA320,일반공업지역,1,0,,일반공업지역,20221008
경상남도 양산시 소주동 1119-8번지,48330,11700,0,1119,0008,1264100018100,,,,1,용도지역코드,1220,일반공업지역,1,0,,일반공업지역,20221008
경상남도 양산시 소주동 1119-18번지,48330,11700,0,1119,0018,1264100052007,,,,1,용도지역코드,UQA320,일반공업지역,1,0,,일반공업지역,20221008
경상남도 양산시 소주동 1121번지,48330,11700,0,1121,0000,1000000000000000774548,,,,1,용도지역코드,UQA320,일반공업지역,1,0,,일반공업지역,20250730
경상남도 양산시 소주동 1121번지,48330,11700,0,1121,0000,12646042,,,,1,용도지역코드,1220,일반공업지역,1,0,,일반공업지역,20221008
경상남도 양산시 소주동 1121번지,48330,11700,0,1121,0000,12643897,,,,1,용도지역코드,1220,일반공업지역,1,0,,일반공업지역,20221008
경상남도 양산시 소주동 1121번지,48330,11700,0,1121,0000,12645076,,,,1,용도지역코드,1220,일반공업지역,1,0,,일반공업지역,20221008
경상남도 양산시 소주동 1122번지,48330,11700,0,1122,0000,1264100038753,,,,1,용도지역코드,UQA320,일반공업지역,1,0,,일반공업지역,20221008
경상남도 양산시 소주동 1122-2번지,48330,11700,0,1122,0002,1264100157392,,,,1,용도지역코드,UQA320,일반공업지역,1,0,,일반공업지역,20221213
경상남도 양산시 소주동 1122-3번지,48330,11700,0,1122,0003,12647861,,,,1,용도지역코드,1220,일반공업지역,1,0,,일반공업지역,20221008
경상남도 양산시 소주동 1122-3번지,48330,11700,0,1122,0003,12648713,,,,1,용도지역코드,1220,일반공업지역,1,0,,일반공업지역,20221008
경상남도 양산시 소주동 1122-7번지,48330,11700,0,1122,0007,1000000000000000966428,,,,1,용도지역코드,UQA320,일반공업지역,1,0,,일반공업지역,20260610
경상남도 양산시 소주동 1122-7번지,48330,11700,0,1122,0007,1000000000000000867679,,,,1,용도지역코드,UQA320,일반공업지역,1,0,,일반공업지역,20251230
경상남도 양산시 소주동 1122-7번지,48330,11700,0,1122,0007,1264100006405,,,,1,용도지역코드,1220,일반공업지역,1,0,,일반공업지역,20221008
경상남도 양산시 소주동 1122-7번지,48330,11700,0,1122,0007,12648712,,,,1,용도지역코드,1220,일반공업지역,1,0,,일반공업지역,20221008
경상남도 양산시 소주동 1122-10번지,48330,11700,0,1122,0010,12648631,,,,1,용도지역코드,1220,일반공업지역,1,0,,일반공업지역,20221008
경상남도 양산시 소주동 1122-10번지,48330,11700,0,1122,0010,1264100015155,,,,1,용도지역코드,1220,일반공업지역,1,0,,일반공업지역,20221008
경상남도 양산시 소주동 1122-11번지,48330,11700,0,1122,0011,12647968,,,,1,용도지역코드,1220,일반공업지역,1,0,,일반공업지역,20221008
경상남도 양산시 소주동 1122-16번지,48330,11700,0,1122,0016,12647933,,,,1,용도지역코드,1220,일반공업지역,1,0,,일반공업지역,20221008
경상남도 양산시 소주동 1122-18번지,48330,11700,0,1122,0018,12648619,,,,1,용도지역코드,1220,일반공업지역,1,0,,일반공업지역,20221008
경상남도 양산시 소주동 1122-18번지,48330,11700,0,1122,0018,12648757,,,,1,용도지역코드,1220,일반공업지역,1,0,,일반공업지역,20221008
경상남도 양산시 소주동 1122-19번지,48330,11700,0,1122,0019,12647777,,,,1,용도지역코드,1220,일반공업지역,1,0,,일반공업지역,20221008
경상남도 양산시 소주동 1122-19번지,48330,11700,0,1122,0019,1264100006662,,,,1,용도지역코드,1220,일반공업지역,1,0,,일반공업지역,20221008
경상남도 양산시 소주동 1122-19번지,48330,11700,0,1122,0019,1264100017417,,,,1,용도지역코드,1220,일반공업지역,1,0,,일반공업지역,20221008
경상남도 양산시 소주동 1122-20번지,48330,11700,0,1122,0020,1264100059654,,,,1,용도지역코드,UQA320,일반공업지역,1,0,,일반공업지역,20221008
경상남도 양산시 소주동 1122-20번지,48330,11700,0,1122,0020,1264100047068,,,,1,용도지역코드,UQA320,일반공업지역,1,0,,일반공업지역,20221008
경상남도 양산시 소주동 1122-20번지,48330,11700,0,1122,0020,1264100103013,,,,1,용도지역코드,UQA320,일반공업지역,1,0,,일반공업지역,20221008
경상남도 양산시 소주동 1122-20번지,48330,11700,0,1122,0020,12647776,,,,1,용도지역코드,1220,일반공업지역,1,0,,일반공업지역,20221008
경상남도 양산시 소주동 1122-20번지,48330,11700,0,1122,0020,12648655,,,,1,용도지역코드,1220,일반공업지역,1,0,,일반공업지역,20221008
경상남도 양산시 소주동 1122-21번지,48330,11700,0,1122,0021,12649021,,,,1,용도지역코드,1220,일반공업지역,1,0,,일반공업지역,20221008
경상남도 양산시 소주동 1122-30번지,48330,11700,0,1122,0030,1264100039972,,,,1,용도지역코드,UQA320,일반공업지역,1,0,,일반공업지역,20221008
경상남도 양산시 소주동 1122-30번지,48330,11700,0,1122,0030,12647774,,,,1,용도지역코드,1220,일반공업지역,1,0,,일반공업지역,20221008
경상남도 양산시 소주동 1122-35번지,48330,11700,0,1122,0035,12647874,,,,1,용도지역코드,1220,일반공업지역,1,0,,일반공업지역,20221008
경상남도 양산시 소주동 1122-38번지,48330,11700,0,1122,0038,12648630,,,,1,용도지역코드,1220,일반공업지역,1,0,,일반공업지역,20221008
경상남도 양산시 소주동 1122-38번지,48330,11700,0,1122,0038,1264100028849,,,,1,용도지역코드,UQA320,일반공업지역,1,0,,일반공업지역,20221008
경상남도 양산시 소주동 1122-38번지,48330,11700,0,1122,0038,1264100033467,,,,1,용도지역코드,UQA320,일반공업지역,1,0,,일반공업지역,20221008
경상남도 양산시 소주동 1122-56번지,48330,11700,0,1122,0056,1264100006766,,,,1,용도지역코드,1220,일반공업지역,1,0,,일반공업지역,20221008
경상남도 양산시 소주동 1122-56번지,48330,11700,0,1122,0056,1264100057749,,,,1,용도지역코드,UQA320,일반공업지역,1,0,,일반공업지역,20221008
경상남도 양산시 소주동 1122-56번지,48330,11700,0,1122,0056,1264100050786,,,,1,용도지역코드,UQA320,일반공업지역,1,0,,일반공업지역,20221008
경상남도 양산시 소주동 1123-1번지,48330,11700,0,1123,0001,12649060,,,,1,용도지역코드,1220,일반공업지역,1,0,,일반공업지역,20221008
경상남도 양산시 소주동 1131-3번지,48330,11700,0,1131,0003,1264100143923,,,,1,용도지역코드,UQA430,자연녹지지역,1,0,,자연녹지지역,20221008
경상남도 양산시 소주동 1131-17번지,48330,11700,0,1131,0017,12644089,,,,1,용도지역코드,1020,일반주거지역,1,0,,일반주거지역,20221008
경상남도 양산시 소주동 1131-17번지,48330,11700,0,1131,0017,12643052,,,,1,용도지역코드,1020,일반주거지역,1,0,,일반주거지역,20221008
경상남도 양산시 소주동 1131-18번지,48330,11700,0,1131,0018,12642727,,,,1,용도지역코드,1330,자연녹지지역,0,0,,자연녹지지역,20221008
경상남도 양산시 소주동 1131-18번지,48330,11700,0,1131,0018,12642727,,,,1,용도지역코드,1020,일반주거지역,1,0,,일반주거지역,20221008
경상남도 양산시 소주동 1131-27번지,48330,11700,0,1131,0027,1264100022829,,,,1,용도지역코드,UQA121,제1종일반주거지역,1,0,,제1종일반주거지역,20221008
경상남도 양산시 소주동 1132-4번지,48330,11700,0,1132,0004,12649214,,,,1,용도지역코드,1330,자연녹지지역,1,0,,자연녹지지역,20221008
경상남도 양산시 소주동 1132-13번지,48330,11700,0,1132,0013,1264100013954,,,,1,용도지역코드,1330,자연녹지지역,1,0,,자연녹지지역,20221008
경상남도 양산시 소주동 1136-2번지,48330,11700,0,1136,0002,1264100155696,,,,1,용도지역코드,UQA430,자연녹지지역,1,0,,자연녹지지역,20221008
경상남도 양산시 소주동 1136-2번지,48330,11700,0,1136,0002,1264264,,,,1,용도지역코드,0800,경지지역,1,0,,경지지역,20221008
경상남도 양산시 소주동 1136-3번지,48330,11700,0,1136,0003,1000000000000000325972,,,,3,용도구역코드,UMZ100,가축사육제한구역,1,0,,가축사육제한구역,20230628
경상남도 양산시 소주동 1136-3번지,48330,11700,0,1136,0003,1000000000000000325972,,,,1,용도지역코드,UQA430,자연녹지지역,1,0,,자연녹지지역,20230628
경상남도 양산시 소주동 1141번지,48330,11700,0,1141,0000,1000000000000000682899,,,,1,용도지역코드,UQA430,자연녹지지역,1,0,,자연녹지지역,20250318
경상남도 양산시 소주동 1169-9번지,48330,11700,0,1169,0009,1000000000000000734003,,,,3,용도구역코드,UMZ100,가축사육제한구역,1,0,,가축사육제한구역,20260414
경상남도 양산시 소주동 1169-9번지,48330,11700,0,1169,0009,1000000000000000734003,,,,1,용도지역코드,UQA430,자연녹지지역,1,0,,자연녹지지역,20260414
경상남도 양산시 소주동 1169-9번지,48330,11700,0,1169,0009,1000000000000000930335,,,,1,용도지역코드,UQA430,자연녹지지역,1,0,,자연녹지지역,20260420
경상남도 양산시 소주동 1236-2번지,48330,11700,0,1236,0002,12642414,,,,1,용도지역코드,1330,자연녹지지역,1,0,,자연녹지지역,20221008
경상남도 양산시 소주동 1236-3번지,48330,11700,0,1236,0003,12642426,"1236-11,1236-6",,,1,용도지역코드,1330,자연녹지지역,1,0,,자연녹지지역,20221008
경상남도 양산시 소주동 1236-3번지,48330,11700,0,1236,0003,1264100150971,,,,1,용도지역코드,UQA430,자연녹지지역,1,0,,자연녹지지역,20221008
경상남도 양산시 소주동 1236-3번지,48330,11700,0,1236,0003,1264100032438,,,,1,용도지역코드,UQA430,자연녹지지역,1,0,,자연녹지지역,20221008
경상남도 양산시 소주동 1236-6번지,48330,11700,0,1236,0006,12642416,,,,1,용도지역코드,1330,자연녹지지역,1,0,,자연녹지지역,20221008
경상남도 양산시 소주동 1236-9번지,48330,11700,0,1236,0009,12642415,,,,1,용도지역코드,1330,자연녹지지역,1,0,,자연녹지지역,20221008
경상남도 양산시 소주동 1236-11번지,48330,11700,0,1236,0011,12642246,,,,1,용도지역코드,1330,자연녹지지역,1,0,,자연녹지지역,20221008
경상남도 양산시 소주동 1236-12번지,48330,11700,0,1236,0012,1264100146143,,,,1,용도지역코드,UQA430,자연녹지지역,1,0,,자연녹지지역,20221008
경상남도 양산시 소주동 1236-12번지,48330,11700,0,1236,0012,1264100039114,,,,1,용도지역코드,UQA430,자연녹지지역,1,0,,자연녹지지역,20221008
경상남도 양산시 소주동 1236-13번지,48330,11700,0,1236,0013,1264100148412,,,,1,용도지역코드,UQA430,자연녹지지역,1,0,,자연녹지지역,20221008
경상남도 양산시 소주동 1236-13번지,48330,11700,0,1236,0013,12642417,,,,1,용도지역코드,1330,자연녹지지역,1,0,,자연녹지지역,20221008
경상남도 양산시 소주동 1236-27번지,48330,11700,0,1236,0027,1264100020478,,,,1,용도지역코드,1330,자연녹지지역,1,0,,자연녹지지역,20221008
경상남도 양산시 소주동 1236-27번지,48330,11700,0,1236,0027,12647888,,,,1,용도지역코드,1330,자연녹지지역,1,0,,자연녹지지역,20221008
경상남도 양산시 소주동 1236-29번지,48330,11700,0,1236,0029,1264100142365,,,,1,용도지역코드,UQA430,자연녹지지역,1,0,,자연녹지지역,20221008
경상남도 양산시 소주동 1236-30번지,48330,11700,0,1236,0030,1264100029252,,,,1,용도지역코드,UQA430,자연녹지지역,1,0,,자연녹지지역,20221008
경상남도 양산시 소주동 1237번지,48330,11700,0,1237,0000,1000000000000000517176,,,,1,용도지역코드,UQA430,자연녹지지역,1,0,,자연녹지지역,20240516
경상남도 양산시 소주동 1237-3번지,48330,11700,0,1237,0003,12647105,,,,1,용도지역코드,1330,자연녹지지역,1,0,,자연녹지지역,20221008
경상남도 양산시 소주동 1237-3번지,48330,11700,0,1237,0003,1264100078521,,,,1,용도지역코드,UQA430,자연녹지지역,1,0,,자연녹지지역,20221008
경상남도 양산시 소주동 1237-4번지,48330,11700,0,1237,0004,1264100068841,,,,1,용도지역코드,UQA430,자연녹지지역,1,0,,자연녹지지역,20241018
경상남도 양산시 소주동 1237-6번지,48330,11700,0,1237,0006,1264593,,,,1,용도지역코드,1330,자연녹지지역,1,0,,자연녹지지역,20221008
경상남도 양산시 소주동 1237-28번지,48330,11700,0,1237,0028,1000000000000000934194,,,,1,용도지역코드,UQA430,자연녹지지역,1,0,,자연녹지지역,20260731
경상남도 양산시 소주동 1238번지,48330,11700,0,1238,0000,1000000000000000440132,,,,1,용도지역코드,UQA430,자연녹지지역,0,0,,자연녹지지역,20250828
경상남도 양산시 소주동 1238번지,48330,11700,0,1238,0000,1000000000000000440132,,,,1,용도지역코드,UFM120,공익용산지,0,0,,공익용산지,20250828
경상남도 양산시 소주동 1238번지,48330,11700,0,1238,0000,1000000000000000440132,,,,3,용도구역코드,UOC510,국가지정문화재구역,0,0,,국가지정문화재구역,20250828
경상남도 양산시 소주동 1238번지,48330,11700,0,1238,0000,1000000000000000440132,,,,1,용도지역코드,UOC800,역사문화환경보존지역,0,0,,역사문화환경보존지역,20250828
경상남도 양산시 소주동 1238번지,48330,11700,0,1238,0000,1000000000000000440132,,,,3,용도구역코드,UOC100,보호구역,1,0,,문화재보호구역,20250828
경상남도 양산시 소주동 1238번지,48330,11700,0,1238,0000,1000000000000000440132,,,,2,용도지구코드,UIK100,철도보호지구,1,0,,철도보호지구,20250828
경상남도 양산시 소주동 1238번지,48330,11700,0,1238,0000,1000000000000000440132,,,,1,용도지역코드,UQA410,보전녹지지역,1,0,,보전녹지지역,20250828
경상남도 양산시 소주동 1238번지,48330,11700,0,1238,0000,1264100056590,,,,1,용도지역코드,UQA410,보전녹지지역,1,0,,보전녹지지역,20221008
경상남도 양산시 소주동 1238번지,48330,11700,0,1238,0000,1264100092304,,,,1,용도지역코드,UQA410,보전녹지지역,1,0,,보전녹지지역,20221008
경상남도 양산시 소주동 1238번지,48330,11700,0,1238,0000,1264100092304,,,,1,용도지역코드,UFM120,공익용산지,0,0,,공익용산지,20221008
경상남도 양산시 소주동 1238번지,48330,11700,0,1238,0000,1264100092304,,,,3,용도구역코드,UOC100,보호구역,1,0,,문화재보호구역,20221008
경상남도 양산시 소주동 1238번지,48330,11700,0,1238,0000,1264100071499,,,,1,용도지역코드,UQA410,보전녹지지역,1,0,,보전녹지지역,20221008
경상남도 양산시 소주동 1239-27번지,48330,11700,0,1239,0027,12642432,,,,1,용도지역코드,1020,일반주거지역,1,0,,일반주거지역,20221008
경상남도 양산시 소주동 1239-34번지,48330,11700,0,1239,0034,1000000000000000763158,,,,1,용도지역코드,UQA430,자연녹지지역,1,0,,자연녹지지역,20250711
경상남도 양산시 소주동 1239-34번지,48330,11700,0,1239,0034,12645107,,,,1,용도지역코드,1330,자연녹지지역,1,0,,자연녹지지역,20221008
경상남도 양산시 소주동 1239-43번지,48330,11700,0,1239,0043,1000000000000000675069,,,,1,용도지역코드,UQA122,제2종일반주거지역,1,0,,제2종일반주거지역,20250306
경상남도 양산시 소주동 1239-43번지,48330,11700,0,1239,0043,1000000000000000675069,,,,3,용도구역코드,UMZ100,가축사육제한구역,1,0,,가축사육제한구역,20250306
경상남도 양산시 소주동 1239-43번지,48330,11700,0,1239,0043,1000000000000000675069,,,,3,용도구역코드,UMZ100,가축사육제한구역,1,0,,가축사육제한구역,20260427
경상남도 양산시 소주동 1239-43번지,48330,11700,0,1239,0043,1000000000000000675069,,,,1,용도지역코드,UQA122,제2종일반주거지역,1,0,,제2종일반주거지역,20260427
경상남도 양산시 소주동 1239-65번지,48330,11700,0,1239,0065,1264100044586,,,,1,용도지역코드,UQA122,제2종일반주거지역,1,0,,제2종일반주거지역,20221008
경상남도 양산시 소주동 1239-84번지,48330,11700,0,1239,0084,1264112,,,,1,용도지역코드,1220,일반공업지역,1,0,,일반공업지역,20221008
경상남도 양산시 소주동 1239-239번지,48330,11700,0,1239,0239,12647100,,,,1,용도지역코드,1022,제2종일반주거지역,1,0,,제2종일반주거지역,20221008
경상남도 양산시 소주동 1239-239번지,48330,11700,0,1239,0239,12643718,,,,1,용도지역코드,1022,제2종일반주거지역,1,0,,제2종일반주거지역,20221008
경상남도 양산시 소주동 1239-239번지,48330,11700,0,1239,0239,12647980,,,,1,용도지역코드,1022,제2종일반주거지역,1,0,,제2종일반주거지역,20221008
경상남도 양산시 소주동 1239-239번지,48330,11700,0,1239,0239,12647980,,,,3,용도구역코드,010,도시계획구역,1,0,,도시계획구역,20221008
경상남도 양산시 소주동 1239-239번지,48330,11700,0,1239,0239,1264100047446,,,,1,용도지역코드,UQA122,제2종일반주거지역,1,0,,제2종일반주거지역,20221008
경상남도 양산시 소주동 1239-239번지,48330,11700,0,1239,0239,1264100047446,,,,3,용도구역코드,UOA120,상대보호구역,1,0,,상대정화구역,20221008
경상남도 양산시 소주동 1239-307번지,48330,11700,0,1239,0307,1000000000000000961444,,,,2,용도지구코드,UQF132,시가지경관지구(일반),1,0,,시가지경관지구(일반),20260729
경상남도 양산시 소주동 1239-307번지,48330,11700,0,1239,0307,1000000000000000961444,,,,1,용도지역코드,UQA122,제2종일반주거지역,1,0,,제2종일반주거지역,20260729
경상남도 양산시 소주동 산11-4번지,48330,11700,1,0011,0004,12645750,,,,1,용도지역코드,1220,일반공업지역,1,0,,일반공업지역,20221008
경상남도 양산시 소주동 산11-8번지,48330,11700,1,0011,0008,12648573,,,,1,용도지역코드,1220,일반공업지역,1,0,,일반공업지역,20221008
경상남도 양산시 소주동 산17-5번지,48330,11700,1,0017,0005,1264100005986,,,,1,용도지역코드,1220,일반공업지역,1,0,,일반공업지역,20221008
경상남도 양산시 소주동 산17-10번지,48330,11700,1,0017,0010,1264100055330,,,,1,용도지역코드,UQA430,자연녹지지역,1,0,,자연녹지지역,20221008
경상남도 양산시 소주동 산17-10번지,48330,11700,1,0017,0010,1264100043402,,,,1,용도지역코드,UQA430,자연녹지지역,1,0,,자연녹지지역,20221008
경상남도 양산시 소주동 산22-1번지,48330,11700,1,0022,0001,1264100145904,,,,1,용도지역코드,UQA320,일반공업지역,1,0,,일반공업지역,20221008
경상남도 양산시 소주동 산22-7번지,48330,11700,1,0022,0007,1264100145906,,,,1,용도지역코드,UQA320,일반공업지역,1,0,,일반공업지역,20221008
경상남도 양산시 소주동 산22-8번지,48330,11700,1,0022,0008,1264100120699,,,,1,용도지역코드,UQA320,일반공업지역,1,0,,일반공업지역,20240827
경상남도 양산시 소주동 산26-13번지,48330,11700,1,0026,0013,1264100041264,,,,1,용도지역코드,UQA320,일반공업지역,1,0,,일반공업지역,20221008
경상남도 양산시 소주동 산26-17번지,48330,11700,1,0026,0017,1264100147911,,,,1,용도지역코드,UQA320,일반공업지역,1,0,,일반공업지역,20230726
경상남도 양산시 소주동 산29-20번지,48330,11700,1,0029,0020,1264100136624,,,,1,용도지역코드,UQA430,자연녹지지역,1,0,,자연녹지지역,20221008
경상남도 양산시 소주동 산29-21번지,48330,11700,1,0029,0021,1264100108616,,,,1,용도지역코드,UQA430,자연녹지지역,1,0,,자연녹지지역,20221008
경상남도 양산시 소주동 산29-22번지,48330,11700,1,0029,0022,1000000000000000266123,,,,3,용도구역코드,UMZ100,가축사육제한구역,1,0,,가축사육제한구역,20230405
경상남도 양산시 소주동 산29-22번지,48330,11700,1,0029,0022,1000000000000000266123,,,,1,용도지역코드,UQA430,자연녹지지역,1,0,,자연녹지지역,20230405
경상남도 양산시 소주동 산29-22번지,48330,11700,1,0029,0022,1264100136563,,,,1,용도지역코드,UQA430,자연녹지지역,1,0,,자연녹지지역,20221008
경상남도 양산시 소주동 산29-24번지,48330,11700,1,0029,0024,1264100108617,,,,1,용도지역코드,UQA430,자연녹지지역,1,0,,자연녹지지역,20221008
경상남도 양산시 소주동 산29-25번지,48330,11700,1,0029,0025,1264100121159,,,,1,용도지역코드,UQA430,자연녹지지역,1,0,,자연녹지지역,20221008
경상남도 양산시 소주동 산29-25번지,48330,11700,1,0029,0025,1264100125442,,,,1,용도지역코드,UQA430,자연녹지지역,1,0,,자연녹지지역,20221008
경상남도 양산시 소주동 산29-25번지,48330,11700,1,0029,0025,1264100125463,,,,1,용도지역코드,UQA430,자연녹지지역,1,0,,자연녹지지역,20221008
경상남도 양산시 소주동 산29-27번지,48330,11700,1,0029,0027,1264100108618,,,,1,용도지역코드,UQA430,자연녹지지역,1,0,,자연녹지지역,20231201
경상남도 양산시 소주동 산29-31번지,48330,11700,1,0029,0031,1264100125922,,,,1,용도지역코드,UQA430,자연녹지지역,1,0,,자연녹지지역,20221008
경상남도 양산시 소주동 산29-34번지,48330,11700,1,0029,0034,1264100142543,,,,1,용도지역코드,UQA430,자연녹지지역,1,0,,자연녹지지역,20221008
경상남도 양산시 소주동 산46-4번지,48330,11700,1,0046,0004,12643119,,,,1,용도지역코드,1220,일반공업지역,1,0,,일반공업지역,20221008
경상남도 양산시 소주동 산46-7번지,48330,11700,1,0046,0007,12641187,,,,1,용도지역코드,1330,자연녹지지역,1,0,,자연녹지지역,20221008
경상남도 양산시 소주동 산47번지,48330,11700,1,0047,0000,12641238,산47,,,1,용도지역코드,1220,일반공업지역,1,0,,일반공업지역,20221008
경상남도 양산시 소주동 산60-9번지,48330,11700,1,0060,0009,1264564,경상남도 양산시 웅상읍 소주리 산,60,9,1,용도지역코드,0800,경지지역,1,0,,경지지역,20221008
경상남도 양산시 소주동 산60-13번지,48330,11700,1,0060,0013,1264786,"60-13, 14번지",,,1,용도지역코드,0800,경지지역,1,0,,경지지역,20221008
경상남도 양산시 소주동 산60-14번지,48330,11700,1,0060,0014,1264813,60-14,,,1,용도지역코드,Z200,준농림지역,1,0,,준농림지역,20221008
경상남도 양산시 소주동 산72-2번지,48330,11700,1,0072,0002,12641297,경상남도 양산시 웅상읍 소주리,72,2,1,용도지역코드,1330,자연녹지지역,1,0,,자연녹지지역,20221008
경상남도 양산시 소주동 산74-3번지,48330,11700,1,0074,0003,1264100030776,,,,1,용도지역코드,UQA121,제1종일반주거지역,1,0,,제1종일반주거지역,20221008
경상남도 양산시 소주동 산74-3번지,48330,11700,1,0074,0003,1264100048706,,,,1,용도지역코드,UQA122,제2종일반주거지역,1,0,,제2종일반주거지역,20221008
경상남도 양산시 소주동 산94-1번지,48330,11700,1,0094,0001,1264100005929,,,,1,용도지역코드,1330,자연녹지지역,1,0,,자연녹지지역,20221008
경상남도 양산시 소주동 산94-3번지,48330,11700,1,0094,0003,1264100130303,,,,1,용도지역코드,UQA430,자연녹지지역,1,0,,자연녹지지역,20221008
경상남도 양산시 소주동 산94-3번지,48330,11700,1,0094,0003,1264100130303,,,,1,용도지역코드,UQA410,보전녹지지역,0,0,,보전녹지지역,20221008
경상남도 양산시 소주동 산94-3번지,48330,11700,1,0094,0003,1264100130303,,,,1,용도지역코드,UFM120,공익용산지,0,0,,공익용산지,20221008
경상남도 양산시 소주동 산94-3번지,48330,11700,1,0094,0003,1264100130303,,,,1,용도지역코드,UFM110,임업용산지,0,0,,임업용산지,20221008
경상남도 양산시 소주동 산94-3번지,48330,11700,1,0094,0003,1264100130303,,,,3,용도구역코드,UMZ100,가축사육제한구역,1,0,,가축사육제한구역,20221008
경상남도 양산시 소주동 산94-3번지,48330,11700,1,0094,0003,1000000000000000827525,,,,1,용도지역코드,UQA410,보전녹지지역,1,0,,보전녹지지역,20251024
경상남도 양산시 소주동 산94-3번지,48330,11700,1,0094,0003,1000000000000000827525,,,,1,용도지역코드,UQA430,자연녹지지역,0,0,,자연녹지지역,20251024
경상남도 양산시 소주동 산115번지,48330,11700,1,0115,0000,1264100071720,,,,1,용도지역코드,UQA430,자연녹지지역,1,0,,자연녹지지역,20230915
경상남도 양산시 소주동 산115-3번지,48330,11700,1,0115,0003,1264100138903,,,,1,용도지역코드,UQA430,자연녹지지역,1,0,,자연녹지지역,20230915
경상남도 양산시 소주동 산116번지,48330,11700,1,0116,0000,1264100096907,,,,1,용도지역코드,UQA430,자연녹지지역,1,0,,자연녹지지역,20221008
경상남도 양산시 소주동 산127-1번지,48330,11700,1,0127,0001,1264100146444,,,,1,용도지역코드,UQA430,자연녹지지역,1,0,,자연녹지지역,20221008
경상남도 양산시 소주동 산127-1번지,48330,11700,1,0127,0001,1264100134608,,,,1,용도지역코드,UQA430,자연녹지지역,1,0,,자연녹지지역,20221008
경상남도 양산시 소주동 산127-5번지,48330,11700,1,0127,0005,1000000000000000072276,,,,1,용도지역코드,UQA430,자연녹지지역,1,0,,자연녹지지역,20221018
경상남도 양산시 소주동 산127-5번지,48330,11700,1,0127,0005,1000000000000000911131,,,,1,용도지역코드,UQA430,자연녹지지역,1,0,,자연녹지지역,20260325
경상남도 양산시 소주동 산127-5번지,48330,11700,1,0127,0005,1000000000000000088107,,,,1,용도지역코드,UQA430,자연녹지지역,1,0,,자연녹지지역,20230506
경상남도 양산시 소주동 산129-4번지,48330,11700,1,0129,0004,1264100113436,,,,1,용도지역코드,UQA430,자연녹지지역,1,0,,자연녹지지역,20221008
경상남도 양산시 소주동 산129-4번지,48330,11700,1,0129,0004,1264100113436,,,,3,용도구역코드,UMZ100,가축사육제한구역,1,0,,가축사육제한구역,20221008
경상남도 양산시 소주동 산132-1번지,48330,11700,1,0132,0001,1264100047625,,,,1,용도지역코드,UQA121,제1종일반주거지역,1,0,,제1종일반주거지역,20221008
경상남도 양산시 소주동 산133번지,48330,11700,1,0133,0000,1264100066799,,,,1,용도지역코드,UQA121,제1종일반주거지역,1,0,,제1종일반주거지역,20221008
경상남도 양산시 소주동 산133-3번지,48330,11700,1,0133,0003,1264100066901,,,,1,용도지역코드,UQA121,제1종일반주거지역,1,0,,제1종일반주거지역,20221008
경상남도 양산시 소주동 산133-5번지,48330,11700,1,0133,0005,1264100066902,,,,1,용도지역코드,UQA121,제1종일반주거지역,1,0,,제1종일반주거지역,20221008
경상남도 양산시 소주동 산133-8번지,48330,11700,1,0133,0008,1264100066919,,,,1,용도지역코드,UQA121,제1종일반주거지역,1,0,,제1종일반주거지역,20221008
경상남도 양산시 소주동 산134-2번지,48330,11700,1,0134,0002,12643779,,,,1,용도지역코드,1020,일반주거지역,1,0,,일반주거지역,20221008
경상남도 양산시 소주동 산134-11번지,48330,11700,1,0134,0011,1264100092542,,,,1,용도지역코드,UQA121,제1종일반주거지역,1,0,,제1종일반주거지역,20221008
경상남도 양산시 소주동 산153-15번지,48330,11700,1,0153,0015,12641241,경상남도 양산시 웅상읍 소주리 산,153,15,1,용도지역코드,1330,자연녹지지역,1,0,,자연녹지지역,20221008
경상남도 양산시 소주동 산165-3번지,48330,11700,1,0165,0003,1264100056289,,,,1,용도지역코드,UQA430,자연녹지지역,1,0,,자연녹지지역,20221008
경상남도 양산시 소주동 산165-3번지,48330,11700,1,0165,0003,1264100006846,,,,1,용도지역코드,1330,자연녹지지역,1,0,,자연녹지지역,20221008
경상남도 양산시 소주동 산165-4번지,48330,11700,1,0165,0004,1264100015117,,,,1,용도지역코드,1330,자연녹지지역,1,0,,자연녹지지역,20221008
경상남도 양산시 소주동 산1110-20번지,48330,11700,1,1110,0020,1264100018899,,,,1,용도지역코드,1220,일반공업지역,1,0,,일반공업지역,20221008
경상남도 양산시 소주동 산1112-6번지,48330,11700,1,1112,0006,12647827,,,,1,용도지역코드,1220,일반공업지역,1,0,,일반공업지역,20221008
경상남도 양산시 소주동 산1112-6번지,48330,11700,1,1112,0006,12647827,,,,3,용도구역코드,010,도시계획구역,1,0,,도시계획구역,20221008
경상남도 양산시 소주동 블록,48330,11700,2,0000,0000,1264801,13B2L,,,1,용도지역코드,1220,일반공업지역,1,0,,일반공업지역,20221008
경상남도 양산시 소주동 블록,48330,11700,2,0000,0000,1264795,6B 1L,,,1,용도지역코드,1220,일반공업지역,1,0,,일반공업지역,20221008
경상남도 양산시 소주동 블록,48330,11700,2,0000,0000,12641021,,,,1,용도지역코드,1220,일반공업지역,1,0,,일반공업지역,20221008
경상남도 양산시 소주동 블록,48330,11700,2,0000,0000,12641029,9B 2L,,,1,용도지역코드,1220,일반공업지역,1,0,,일반공업지역,20221008
경상남도 양산시 소주동 블록,48330,11700,2,0000,0000,1264469,,,,1,용도지역코드,1220,일반공업지역,1,0,,일반공업지역,20221008
경상남도 양산시 소주동 블록,48330,11700,2,0000,0000,1264515,,,,1,용도지역코드,1220,일반공업지역,1,0,,일반공업지역,20221008
경상남도 양산시 소주동 블록,48330,11700,2,0000,0000,1264559,,,,1,용도지역코드,1220,일반공업지역,1,0,,일반공업지역,20221008
경상남도 양산시 소주동 블록,48330,11700,2,0000,0000,1264797,개발사업구역내 9B 2L,,,1,용도지역코드,1210,전용공업지역,1,0,,전용공업지역,20221008
경상남도 양산시 소주동 블록,48330,11700,2,0000,0000,1264800,9B1L,,,1,용도지역코드,1220,일반공업지역,1,0,,일반공업지역,20221008
경상남도 양산시 소주동 블록,48330,11700,2,0000,0000,1264817,13B4L,,,1,용도지역코드,1220,일반공업지역,1,0,,일반공업지역,20221008
경상남도 양산시 소주동 블록9-6번지,48330,11700,2,0009,0006,1264824,9블럭 6롯트,,,1,용도지역코드,1210,전용공업지역,1,0,,전용공업지역,20221008
경상남도 양산시 소주동 ,48330,11700,,0000,0000,12642510,"1239-204,152-3,152-4",,,1,용도지역코드,1020,일반주거지역,1,0,,일반주거지역,20221008
경상남도 양산시 소주동 281-3번지,48330,11700,,0281,0003,12643324,,,,1,용도지역코드,1220,일반공업지역,1,0,,일반공업지역,20221008
