대지위치,시군구코드,법정동코드,대지구분코드,번,지,관리허가대장PK,특수지명,블록,로트,지역지구구역구분코드,지역지구구역구분코드명,지역지구구역코드,지역지구구역코드명,대표여부,주동구분코드,주동구분코드명,지역지구구역명,생성일자
경상남도 양산시 물금읍 가촌리 ,48330,25323,0,0000,0000,12647458,양산물금지구3단계,324,2,1,용도지역코드,1022,제2종일반주거지역,1,0,,제2종일반주거지역,20221008
경상남도 양산시 물금읍 가촌리 ,48330,25323,0,0000,0000,12641860,경남 양산시 물금읍 가촌리 1105 1106 1109,,,1,용도지역코드,1330,자연녹지지역,1,0,,자연녹지지역,20221008
경상남도 양산시 물금읍 가촌리 140-1번지,48330,25323,0,0140,0001,1264100041142,,,,1,용도지역코드,UQA220,일반상업지역,1,0,,일반상업지역,20221008
경상남도 양산시 물금읍 가촌리 140-1번지,48330,25323,0,0140,0001,1264100041142,,,,3,용도구역코드,UOA120,상대보호구역,1,0,,상대정화구역,20221008
경상남도 양산시 물금읍 가촌리 140-1번지,48330,25323,0,0140,0001,1264100014774,,,,1,용도지역코드,1120,일반상업지역,1,0,,일반상업지역,20221008
경상남도 양산시 물금읍 가촌리 141번지,48330,25323,0,0141,0000,1264100072065,,,,1,용도지역코드,UQA220,일반상업지역,1,0,,일반상업지역,20221008
경상남도 양산시 물금읍 가촌리 143-1번지,48330,25323,0,0143,0001,1264100129745,,,,1,용도지역코드,UQA220,일반상업지역,1,0,,일반상업지역,20221008
경상남도 양산시 물금읍 가촌리 143-1번지,48330,25323,0,0143,0001,1264100129745,,,,3,용도구역코드,UMZ100,가축사육제한구역,1,0,,가축사육제한구역,20221008
경상남도 양산시 물금읍 가촌리 145-2번지,48330,25323,0,0145,0002,12644325,,140,1,1,용도지역코드,1120,일반상업지역,1,0,,일반상업지역,20221008
경상남도 양산시 물금읍 가촌리 291번지,48330,25323,0,0291,0000,1264100035252,,,,1,용도지역코드,UQA430,자연녹지지역,1,0,,자연녹지지역,20221008
경상남도 양산시 물금읍 가촌리 291번지,48330,25323,0,0291,0000,1264100035252,,,,3,용도구역코드,UQQ310,제1종지구단위계획구역,1,0,,제1종지구단위계획구역,20221008
경상남도 양산시 물금읍 가촌리 349-10번지,48330,25323,0,0349,0010,12641631,,,,1,용도지역코드,1020,일반주거지역,1,0,,일반주거지역,20221008
경상남도 양산시 물금읍 가촌리 397-9번지,48330,25323,0,0397,0009,1264100051882,,,,1,용도지역코드,UQA121,제1종일반주거지역,1,0,,제1종일반주거지역,20221008
경상남도 양산시 물금읍 가촌리 397-9번지,48330,25323,0,0397,0009,1264100051882,,,,3,용도구역코드,UQQ310,제1종지구단위계획구역,1,0,,제1종지구단위계획구역,20221008
경상남도 양산시 물금읍 가촌리 400-11번지,48330,25323,0,0400,0011,1264100051762,,,,3,용도구역코드,UQQ310,제1종지구단위계획구역,1,0,,제1종지구단위계획구역,20221008
경상남도 양산시 물금읍 가촌리 400-11번지,48330,25323,0,0400,0011,1264100051762,,,,1,용도지역코드,UQA121,제1종일반주거지역,1,0,,제1종일반주거지역,20221008
경상남도 양산시 물금읍 가촌리 410-2번지,48330,25323,0,0410,0002,1264100047266,,,,1,용도지역코드,UQA121,제1종일반주거지역,1,0,,제1종일반주거지역,20221008
경상남도 양산시 물금읍 가촌리 410-2번지,48330,25323,0,0410,0002,1264100047266,,,,3,용도구역코드,UQQ310,제1종지구단위계획구역,1,0,,제1종지구단위계획구역,20221008
경상남도 양산시 물금읍 가촌리 410-2번지,48330,25323,0,0410,0002,1264100047266,,,,3,용도구역코드,UOA120,상대보호구역,0,0,,상대정화구역,20221008
경상남도 양산시 물금읍 가촌리 411-6번지,48330,25323,0,0411,0006,1264100047225,,,,1,용도지역코드,UQA121,제1종일반주거지역,1,0,,제1종일반주거지역,20221008
경상남도 양산시 물금읍 가촌리 411-6번지,48330,25323,0,0411,0006,1264100047225,,,,3,용도구역코드,UQQ310,제1종지구단위계획구역,1,0,,제1종지구단위계획구역,20221008
경상남도 양산시 물금읍 가촌리 412-1번지,48330,25323,0,0412,0001,1264100047268,,,,1,용도지역코드,UQA121,제1종일반주거지역,1,0,,제1종일반주거지역,20221008
경상남도 양산시 물금읍 가촌리 412-1번지,48330,25323,0,0412,0001,1264100047268,,,,3,용도구역코드,UQQ310,제1종지구단위계획구역,1,0,,제1종지구단위계획구역,20221008
경상남도 양산시 물금읍 가촌리 457-8번지,48330,25323,0,0457,0008,1264100048925,,,,1,용도지역코드,UQA122,제2종일반주거지역,1,0,,제2종일반주거지역,20221008
경상남도 양산시 물금읍 가촌리 457-8번지,48330,25323,0,0457,0008,1264100071319,,,,1,용도지역코드,UQA122,제2종일반주거지역,1,0,,제2종일반주거지역,20221008
경상남도 양산시 물금읍 가촌리 458-8번지,48330,25323,0,0458,0008,12645874,,,,1,용도지역코드,1022,제2종일반주거지역,1,0,,제2종일반주거지역,20221008
경상남도 양산시 물금읍 가촌리 459-7번지,48330,25323,0,0459,0007,12642361,,,,1,용도지역코드,1020,일반주거지역,1,0,,일반주거지역,20221008
경상남도 양산시 물금읍 가촌리 459-7번지,48330,25323,0,0459,0007,12642382,,,,1,용도지역코드,1020,일반주거지역,1,0,,일반주거지역,20221008
경상남도 양산시 물금읍 가촌리 460-8번지,48330,25323,0,0460,0008,1000000000000000829851,,,,1,용도지역코드,UQA122,제2종일반주거지역,1,0,,제2종일반주거지역,20251029
경상남도 양산시 물금읍 가촌리 460-8번지,48330,25323,0,0460,0008,1000000000000000829851,,,,3,용도구역코드,UOA120,상대보호구역,0,0,,상대보호구역,20251029
경상남도 양산시 물금읍 가촌리 460-8번지,48330,25323,0,0460,0008,1000000000000000829851,,,,1,용도지역코드,UOA110,절대보호구역,0,0,,절대보호구역,20251029
경상남도 양산시 물금읍 가촌리 460-8번지,48330,25323,0,0460,0008,1000000000000000829851,,,,3,용도구역코드,UMZ100,가축사육제한구역,1,0,,가축사육제한구역,20251029
경상남도 양산시 물금읍 가촌리 463-8번지,48330,25323,0,0463,0008,1264487,경상남도 양산시 물금읍 가촌리,463,8,1,용도지역코드,1020,일반주거지역,1,0,,일반주거지역,20221008
경상남도 양산시 물금읍 가촌리 464-24번지,48330,25323,0,0464,0024,1264100010990,,,,1,용도지역코드,1021,제1종일반주거지역,1,0,,제1종일반주거지역,20221008
경상남도 양산시 물금읍 가촌리 464-36번지,48330,25323,0,0464,0036,1264340,,,,1,용도지역코드,1020,일반주거지역,1,0,,일반주거지역,20221008
경상남도 양산시 물금읍 가촌리 465-8번지,48330,25323,0,0465,0008,12643727,,,,1,용도지역코드,1020,일반주거지역,1,0,,일반주거지역,20221008
경상남도 양산시 물금읍 가촌리 466-2번지,48330,25323,0,0466,0002,12646138,,,,1,용도지역코드,1022,제2종일반주거지역,1,0,,제2종일반주거지역,20221008
경상남도 양산시 물금읍 가촌리 466-7번지,48330,25323,0,0466,0007,1264100139126,,,,1,용도지역코드,UQA121,제1종일반주거지역,1,0,,제1종일반주거지역,20221008
경상남도 양산시 물금읍 가촌리 466-7번지,48330,25323,0,0466,0007,1264100139126,,,,3,용도구역코드,UOA120,상대보호구역,1,0,,상대보호구역,20221008
경상남도 양산시 물금읍 가촌리 474-3번지,48330,25323,0,0474,0003,1264100152350,,,,1,용도지역코드,UQA122,제2종일반주거지역,1,0,,제2종일반주거지역,20221018
경상남도 양산시 물금읍 가촌리 474-3번지,48330,25323,0,0474,0003,1264100152350,,,,3,용도구역코드,UOA120,상대보호구역,1,0,,상대보호구역,20221018
경상남도 양산시 물금읍 가촌리 480-7번지,48330,25323,0,0480,0007,1264100056388,,,,1,용도지역코드,UQA122,제2종일반주거지역,1,0,,제2종일반주거지역,20221008
경상남도 양산시 물금읍 가촌리 480-7번지,48330,25323,0,0480,0007,1264100056388,,,,3,용도구역코드,UOA120,상대보호구역,1,0,,상대정화구역,20221008
경상남도 양산시 물금읍 가촌리 482-1번지,48330,25323,0,0482,0001,12646816,,,,1,용도지역코드,1022,제2종일반주거지역,1,0,,제2종일반주거지역,20221008
경상남도 양산시 물금읍 가촌리 482-1번지,48330,25323,0,0482,0001,1264100155092,,,,1,용도지역코드,UQA122,제2종일반주거지역,1,0,,제2종일반주거지역,20221008
경상남도 양산시 물금읍 가촌리 492번지,48330,25323,0,0492,0000,1000000000000000294818,,,,1,용도지역코드,UQA122,제2종일반주거지역,1,0,,제2종일반주거지역,20231017
경상남도 양산시 물금읍 가촌리 492번지,48330,25323,0,0492,0000,1000000000000000294818,,,,3,용도구역코드,UMZ100,가축사육제한구역,1,0,,가축사육제한구역,20231017
경상남도 양산시 물금읍 가촌리 497-1번지,48330,25323,0,0497,0001,1264100115637,,,,1,용도지역코드,UQA122,제2종일반주거지역,1,0,,제2종일반주거지역,20221008
경상남도 양산시 물금읍 가촌리 497-1번지,48330,25323,0,0497,0001,1264100115637,,,,3,용도구역코드,UMZ100,가축사육제한구역,1,0,,가축사육제한구역,20221008
경상남도 양산시 물금읍 가촌리 497-1번지,48330,25323,0,0497,0001,1264100115637,,,,3,용도구역코드,UOA120,상대보호구역,0,0,,상대정화구역,20221008
경상남도 양산시 물금읍 가촌리 497-9번지,48330,25323,0,0497,0009,1264100127701,,,,1,용도지역코드,UQA122,제2종일반주거지역,1,0,,제2종일반주거지역,20221008
경상남도 양산시 물금읍 가촌리 497-9번지,48330,25323,0,0497,0009,1264100127701,,,,3,용도구역코드,UMZ100,가축사육제한구역,1,0,,가축사육제한구역,20221008
경상남도 양산시 물금읍 가촌리 497-9번지,48330,25323,0,0497,0009,1264100127701,,,,3,용도구역코드,UOA120,상대보호구역,0,0,,상대보호구역,20221008
경상남도 양산시 물금읍 가촌리 499-4번지,48330,25323,0,0499,0004,1264100111301,,,,1,용도지역코드,UQA122,제2종일반주거지역,1,0,,제2종일반주거지역,20221008
경상남도 양산시 물금읍 가촌리 499-4번지,48330,25323,0,0499,0004,1264100111301,,,,3,용도구역코드,UMZ100,가축사육제한구역,1,0,,가축사육제한구역,20221008
경상남도 양산시 물금읍 가촌리 499-4번지,48330,25323,0,0499,0004,1264100126002,,,,1,용도지역코드,UQA122,제2종일반주거지역,1,0,,제2종일반주거지역,20221008
경상남도 양산시 물금읍 가촌리 499-4번지,48330,25323,0,0499,0004,1264100126002,,,,3,용도구역코드,UMZ100,가축사육제한구역,1,0,,가축사육제한구역,20221008
경상남도 양산시 물금읍 가촌리 499-4번지,48330,25323,0,0499,0004,1264100126002,,,,3,용도구역코드,UOA120,상대보호구역,0,0,,상대보호구역,20221008
경상남도 양산시 물금읍 가촌리 501-8번지,48330,25323,0,0501,0008,1000000000000000991897,,,,1,용도지역코드,UQA122,제2종일반주거지역,1,0,,제2종일반주거지역,20260709
경상남도 양산시 물금읍 가촌리 501-8번지,48330,25323,0,0501,0008,1000000000000000991897,,,,3,용도구역코드,UOA120,상대보호구역,0,0,,상대보호구역,20260709
경상남도 양산시 물금읍 가촌리 501-8번지,48330,25323,0,0501,0008,1000000000000000991897,,,,3,용도구역코드,UMZ100,가축사육제한구역,1,0,,가축사육제한구역,20260709
경상남도 양산시 물금읍 가촌리 502-1번지,48330,25323,0,0502,0001,1264100058557,,,,1,용도지역코드,UQA122,제2종일반주거지역,1,0,,제2종일반주거지역,20221008
경상남도 양산시 물금읍 가촌리 502-1번지,48330,25323,0,0502,0001,1264100058557,,,,3,용도구역코드,UOA120,상대보호구역,1,0,,상대정화구역,20221008
경상남도 양산시 물금읍 가촌리 502-1번지,48330,25323,0,0502,0001,1264100046747,,,,1,용도지역코드,UQA122,제2종일반주거지역,1,0,,제2종일반주거지역,20221008
경상남도 양산시 물금읍 가촌리 502-1번지,48330,25323,0,0502,0001,1264100046747,,,,3,용도구역코드,UOA120,상대보호구역,1,0,,상대정화구역,20221008
경상남도 양산시 물금읍 가촌리 509-1번지,48330,25323,0,0509,0001,1264100016355,,,,1,용도지역코드,1022,제2종일반주거지역,1,0,,제2종일반주거지역,20221008
경상남도 양산시 물금읍 가촌리 510-4번지,48330,25323,0,0510,0004,1264100014916,,,,1,용도지역코드,1022,제2종일반주거지역,1,0,,제2종일반주거지역,20221008
경상남도 양산시 물금읍 가촌리 511-3번지,48330,25323,0,0511,0003,12642863,,,,1,용도지역코드,1020,일반주거지역,1,0,,일반주거지역,20221008
경상남도 양산시 물금읍 가촌리 511-5번지,48330,25323,0,0511,0005,12645431,,,,1,용도지역코드,1022,제2종일반주거지역,1,0,,제2종일반주거지역,20221008
경상남도 양산시 물금읍 가촌리 511-5번지,48330,25323,0,0511,0005,12646608,,,,1,용도지역코드,1022,제2종일반주거지역,1,0,,제2종일반주거지역,20221008
경상남도 양산시 물금읍 가촌리 511-5번지,48330,25323,0,0511,0005,12645209,,,,1,용도지역코드,1022,제2종일반주거지역,1,0,,제2종일반주거지역,20221008
경상남도 양산시 물금읍 가촌리 511-5번지,48330,25323,0,0511,0005,1264100034652,,,,1,용도지역코드,UQA122,제2종일반주거지역,1,0,,제2종일반주거지역,20221008
경상남도 양산시 물금읍 가촌리 511-5번지,48330,25323,0,0511,0005,1264100034652,,,,3,용도구역코드,UOA120,상대보호구역,1,0,,상대정화구역,20221008
경상남도 양산시 물금읍 가촌리 511-5번지,48330,25323,0,0511,0005,12642842,,,,1,용도지역코드,1020,일반주거지역,1,0,,일반주거지역,20221008
경상남도 양산시 물금읍 가촌리 526-2번지,48330,25323,0,0526,0002,1264100137663,,,,1,용도지역코드,UQA122,제2종일반주거지역,1,0,,제2종일반주거지역,20221008
경상남도 양산시 물금읍 가촌리 526-8번지,48330,25323,0,0526,0008,12641528,,,,1,용도지역코드,1020,일반주거지역,1,0,,일반주거지역,20221008
경상남도 양산시 물금읍 가촌리 526-9번지,48330,25323,0,0526,0009,12643083,,,,1,용도지역코드,1020,일반주거지역,1,0,,일반주거지역,20221008
경상남도 양산시 물금읍 가촌리 526-12번지,48330,25323,0,0526,0012,12642887,,,,1,용도지역코드,1020,일반주거지역,1,0,,일반주거지역,20221008
경상남도 양산시 물금읍 가촌리 526-13번지,48330,25323,0,0526,0013,12647326,,,,1,용도지역코드,1022,제2종일반주거지역,1,0,,제2종일반주거지역,20221008
경상남도 양산시 물금읍 가촌리 526-13번지,48330,25323,0,0526,0013,1264100131785,,,,1,용도지역코드,UQA122,제2종일반주거지역,1,0,,제2종일반주거지역,20221008
경상남도 양산시 물금읍 가촌리 526-15번지,48330,25323,0,0526,0015,12646889,,,,1,용도지역코드,1020,일반주거지역,1,0,,일반주거지역,20221008
경상남도 양산시 물금읍 가촌리 526-15번지,48330,25323,0,0526,0015,12642160,,,,1,용도지역코드,1020,일반주거지역,1,0,,일반주거지역,20221008
경상남도 양산시 물금읍 가촌리 526-15번지,48330,25323,0,0526,0015,1264100011672,,,,1,용도지역코드,1022,제2종일반주거지역,1,0,,제2종일반주거지역,20221008
경상남도 양산시 물금읍 가촌리 526-16번지,48330,25323,0,0526,0016,12649290,,,,1,용도지역코드,1022,제2종일반주거지역,1,0,,제2종일반주거지역,20221008
경상남도 양산시 물금읍 가촌리 526-16번지,48330,25323,0,0526,0016,1000000000000000259612,,,,3,용도구역코드,UMZ100,가축사육제한구역,1,0,,가축사육제한구역,20240306
경상남도 양산시 물금읍 가촌리 526-16번지,48330,25323,0,0526,0016,1000000000000000259612,,,,1,용도지역코드,UQA122,제2종일반주거지역,1,0,,제2종일반주거지역,20240306
경상남도 양산시 물금읍 가촌리 528-1번지,48330,25323,0,0528,0001,1264100028250,,,,1,용도지역코드,UQA122,제2종일반주거지역,1,0,,제2종일반주거지역,20221008
경상남도 양산시 물금읍 가촌리 528-1번지,48330,25323,0,0528,0001,12643352,,,,1,용도지역코드,1020,일반주거지역,1,0,,일반주거지역,20221008
경상남도 양산시 물금읍 가촌리 528-4번지,48330,25323,0,0528,0004,12641012,,,,1,용도지역코드,1020,일반주거지역,1,0,,일반주거지역,20221008
경상남도 양산시 물금읍 가촌리 528-6번지,48330,25323,0,0528,0006,1264100152692,,,,1,용도지역코드,UQA122,제2종일반주거지역,1,0,,제2종일반주거지역,20221008
경상남도 양산시 물금읍 가촌리 529-5번지,48330,25323,0,0529,0005,1264100113536,,,,1,용도지역코드,UQA122,제2종일반주거지역,1,0,,제2종일반주거지역,20221008
경상남도 양산시 물금읍 가촌리 529-6번지,48330,25323,0,0529,0006,1264100147950,,,,1,용도지역코드,UQA122,제2종일반주거지역,1,0,,제2종일반주거지역,20221008
경상남도 양산시 물금읍 가촌리 529-6번지,48330,25323,0,0529,0006,1264100147950,,,,3,용도구역코드,UMZ100,가축사육제한구역,1,0,,가축사육제한구역,20221008
경상남도 양산시 물금읍 가촌리 529-6번지,48330,25323,0,0529,0006,1264100147950,,,,3,용도구역코드,UOA120,상대보호구역,0,0,,상대보호구역,20221008
경상남도 양산시 물금읍 가촌리 529-8번지,48330,25323,0,0529,0008,1264100092601,,,,1,용도지역코드,UQA122,제2종일반주거지역,1,0,,제2종일반주거지역,20221008
경상남도 양산시 물금읍 가촌리 529-9번지,48330,25323,0,0529,0009,1264100133203,,,,1,용도지역코드,UQA122,제2종일반주거지역,1,0,,제2종일반주거지역,20221008
경상남도 양산시 물금읍 가촌리 529-13번지,48330,25323,0,0529,0013,1264100018254,,,,1,용도지역코드,1022,제2종일반주거지역,1,0,,제2종일반주거지역,20221008
경상남도 양산시 물금읍 가촌리 529-14번지,48330,25323,0,0529,0014,1264100116616,,,,1,용도지역코드,UQA122,제2종일반주거지역,1,0,,제2종일반주거지역,20221008
경상남도 양산시 물금읍 가촌리 529-17번지,48330,25323,0,0529,0017,1264100058294,,,,1,용도지역코드,UQA122,제2종일반주거지역,1,0,,제2종일반주거지역,20221008
경상남도 양산시 물금읍 가촌리 530-1번지,48330,25323,0,0530,0001,12642949,,,,1,용도지역코드,1020,일반주거지역,1,0,,일반주거지역,20221008
경상남도 양산시 물금읍 가촌리 530-1번지,48330,25323,0,0530,0001,1264605,,,,1,용도지역코드,1020,일반주거지역,1,0,,일반주거지역,20221008
경상남도 양산시 물금읍 가촌리 530-3번지,48330,25323,0,0530,0003,1264100067579,,,,1,용도지역코드,UQA122,제2종일반주거지역,1,0,,제2종일반주거지역,20221008
경상남도 양산시 물금읍 가촌리 530-3번지,48330,25323,0,0530,0003,12648349,,,,1,용도지역코드,1022,제2종일반주거지역,1,0,,제2종일반주거지역,20221008
경상남도 양산시 물금읍 가촌리 530-9번지,48330,25323,0,0530,0009,1264100141704,,,,1,용도지역코드,UQA122,제2종일반주거지역,1,0,,제2종일반주거지역,20221008
경상남도 양산시 물금읍 가촌리 530-10번지,48330,25323,0,0530,0010,1264100123685,,,,1,용도지역코드,UQA122,제2종일반주거지역,1,0,,제2종일반주거지역,20221008
경상남도 양산시 물금읍 가촌리 530-10번지,48330,25323,0,0530,0010,1000000000000000283108,,,,1,용도지역코드,UQA122,제2종일반주거지역,1,0,,제2종일반주거지역,20230511
경상남도 양산시 물금읍 가촌리 530-10번지,48330,25323,0,0530,0010,1264100044345,,,,1,용도지역코드,UQA122,제2종일반주거지역,1,0,,제2종일반주거지역,20221008
경상남도 양산시 물금읍 가촌리 530-11번지,48330,25323,0,0530,0011,1264100061924,,,,1,용도지역코드,UQA122,제2종일반주거지역,1,0,,제2종일반주거지역,20221008
경상남도 양산시 물금읍 가촌리 530-11번지,48330,25323,0,0530,0011,1264100019898,,,,1,용도지역코드,1022,제2종일반주거지역,1,0,,제2종일반주거지역,20221008
경상남도 양산시 물금읍 가촌리 530-14번지,48330,25323,0,0530,0014,1264613,,,,1,용도지역코드,1020,일반주거지역,1,0,,일반주거지역,20221008
경상남도 양산시 물금읍 가촌리 530-15번지,48330,25323,0,0530,0015,1000000000000001020954,,,,1,용도지역코드,UQA122,제2종일반주거지역,1,0,,제2종일반주거지역,20260828
경상남도 양산시 물금읍 가촌리 530-19번지,48330,25323,0,0530,0019,1264100096307,,,,1,용도지역코드,UQA122,제2종일반주거지역,1,0,,제2종일반주거지역,20221008
경상남도 양산시 물금읍 가촌리 530-19번지,48330,25323,0,0530,0019,1264100086444,,,,1,용도지역코드,UQA122,제2종일반주거지역,1,0,,제2종일반주거지역,20221008
경상남도 양산시 물금읍 가촌리 530-20번지,48330,25323,0,0530,0020,1264100043865,,,,1,용도지역코드,UQA122,제2종일반주거지역,1,0,,제2종일반주거지역,20221008
경상남도 양산시 물금읍 가촌리 531-1번지,48330,25323,0,0531,0001,12648032,,,,1,용도지역코드,1022,제2종일반주거지역,1,0,,제2종일반주거지역,20221008
경상남도 양산시 물금읍 가촌리 531-2번지,48330,25323,0,0531,0002,1264100040182,,,,1,용도지역코드,UQA122,제2종일반주거지역,1,0,,제2종일반주거지역,20221008
경상남도 양산시 물금읍 가촌리 531-3번지,48330,25323,0,0531,0003,12641104,531-3,,,1,용도지역코드,1020,일반주거지역,1,0,,일반주거지역,20221008
경상남도 양산시 물금읍 가촌리 531-4번지,48330,25323,0,0531,0004,12647647,,,,1,용도지역코드,1022,제2종일반주거지역,1,0,,제2종일반주거지역,20221008
경상남도 양산시 물금읍 가촌리 531-6번지,48330,25323,0,0531,0006,1264100058893,,,,1,용도지역코드,UQA122,제2종일반주거지역,1,0,,제2종일반주거지역,20221008
경상남도 양산시 물금읍 가촌리 531-6번지,48330,25323,0,0531,0006,1264100123041,,,,1,용도지역코드,UQA122,제2종일반주거지역,1,0,,제2종일반주거지역,20221008
경상남도 양산시 물금읍 가촌리 531-6번지,48330,25323,0,0531,0006,1264100123041,,,,3,용도구역코드,UMZ100,가축사육제한구역,1,0,,가축사육제한구역,20221008
경상남도 양산시 물금읍 가촌리 531-7번지,48330,25323,0,0531,0007,126486,,,,1,용도지역코드,1020,일반주거지역,1,0,,일반주거지역,20221008
경상남도 양산시 물금읍 가촌리 531-8번지,48330,25323,0,0531,0008,1264100041003,,,,1,용도지역코드,UQA122,제2종일반주거지역,1,0,,제2종일반주거지역,20221008
경상남도 양산시 물금읍 가촌리 531-8번지,48330,25323,0,0531,0008,1264100041003,,,,3,용도구역코드,UOA120,상대보호구역,1,0,,상대정화구역,20221008
경상남도 양산시 물금읍 가촌리 531-9번지,48330,25323,0,0531,0009,1264100048106,,,,1,용도지역코드,UQA122,제2종일반주거지역,1,0,,제2종일반주거지역,20221008
경상남도 양산시 물금읍 가촌리 531-12번지,48330,25323,0,0531,0012,12643887,,,,1,용도지역코드,1020,일반주거지역,1,0,,일반주거지역,20221008
경상남도 양산시 물금읍 가촌리 531-12번지,48330,25323,0,0531,0012,12648325,,,,1,용도지역코드,1022,제2종일반주거지역,1,0,,제2종일반주거지역,20221008
경상남도 양산시 물금읍 가촌리 531-12번지,48330,25323,0,0531,0012,12648325,,,,3,용도구역코드,010,도시계획구역,1,0,,도시계획구역,20221008
경상남도 양산시 물금읍 가촌리 531-12번지,48330,25323,0,0531,0012,1264100106014,,,,1,용도지역코드,UQA122,제2종일반주거지역,1,0,,제2종일반주거지역,20221008
경상남도 양산시 물금읍 가촌리 531-13번지,48330,25323,0,0531,0013,12641593,,,,1,용도지역코드,1020,일반주거지역,1,0,,일반주거지역,20221008
경상남도 양산시 물금읍 가촌리 531-14번지,48330,25323,0,0531,0014,12641020,,,,1,용도지역코드,1020,일반주거지역,1,0,,일반주거지역,20221008
경상남도 양산시 물금읍 가촌리 531-15번지,48330,25323,0,0531,0015,1264100064019,,,,1,용도지역코드,UQA122,제2종일반주거지역,1,0,,제2종일반주거지역,20221008
경상남도 양산시 물금읍 가촌리 531-15번지,48330,25323,0,0531,0015,1264100064019,,,,3,용도구역코드,UOA120,상대보호구역,1,0,,상대정화구역,20221008
경상남도 양산시 물금읍 가촌리 531-16번지,48330,25323,0,0531,0016,1264100155613,,,,1,용도지역코드,UQA122,제2종일반주거지역,1,0,,제2종일반주거지역,20230508
경상남도 양산시 물금읍 가촌리 531-18번지,48330,25323,0,0531,0018,1264100133643,,,,1,용도지역코드,UQA122,제2종일반주거지역,1,0,,제2종일반주거지역,20221008
경상남도 양산시 물금읍 가촌리 531-18번지,48330,25323,0,0531,0018,1264100085086,,,,3,용도구역코드,UOA120,상대보호구역,1,0,,상대정화구역,20221008
경상남도 양산시 물금읍 가촌리 531-18번지,48330,25323,0,0531,0018,1264100085086,,,,1,용도지역코드,UQA122,제2종일반주거지역,1,0,,제2종일반주거지역,20221008
경상남도 양산시 물금읍 가촌리 532-2번지,48330,25323,0,0532,0002,1264100087724,,,,1,용도지역코드,UQA122,제2종일반주거지역,1,0,,제2종일반주거지역,20221008
경상남도 양산시 물금읍 가촌리 532-6번지,48330,25323,0,0532,0006,12648921,,,,1,용도지역코드,1022,제2종일반주거지역,1,0,,제2종일반주거지역,20221008
경상남도 양산시 물금읍 가촌리 532-8번지,48330,25323,0,0532,0008,1264100076979,,,,1,용도지역코드,UQA122,제2종일반주거지역,1,0,,제2종일반주거지역,20221008
경상남도 양산시 물금읍 가촌리 532-9번지,48330,25323,0,0532,0009,1264100084302,,,,1,용도지역코드,UQA122,제2종일반주거지역,1,0,,제2종일반주거지역,20221008
경상남도 양산시 물금읍 가촌리 532-9번지,48330,25323,0,0532,0009,12642360,,,,1,용도지역코드,1020,일반주거지역,1,0,,일반주거지역,20221008
경상남도 양산시 물금읍 가촌리 532-10번지,48330,25323,0,0532,0010,12646063,,,,1,용도지역코드,1022,제2종일반주거지역,1,0,,제2종일반주거지역,20221008
경상남도 양산시 물금읍 가촌리 532-11번지,48330,25323,0,0532,0011,1264211,,,,1,용도지역코드,1020,일반주거지역,1,0,,일반주거지역,20221008
경상남도 양산시 물금읍 가촌리 532-14번지,48330,25323,0,0532,0014,1264100154190,,,,1,용도지역코드,UQA122,제2종일반주거지역,1,0,,제2종일반주거지역,20221008
경상남도 양산시 물금읍 가촌리 532-17번지,48330,25323,0,0532,0017,1264100059753,,,,1,용도지역코드,UQA122,제2종일반주거지역,1,0,,제2종일반주거지역,20221008
경상남도 양산시 물금읍 가촌리 549-1번지,48330,25323,0,0549,0001,1264100102954,,,,1,용도지역코드,UQA122,제2종일반주거지역,1,0,,제2종일반주거지역,20221008
경상남도 양산시 물금읍 가촌리 549-2번지,48330,25323,0,0549,0002,1264100138523,,,,1,용도지역코드,UQA122,제2종일반주거지역,1,0,,제2종일반주거지역,20221008
경상남도 양산시 물금읍 가촌리 549-2번지,48330,25323,0,0549,0002,1264100125184,,,,1,용도지역코드,UQA122,제2종일반주거지역,1,0,,제2종일반주거지역,20260723
경상남도 양산시 물금읍 가촌리 549-2번지,48330,25323,0,0549,0002,1264100121619,,,,1,용도지역코드,UQA122,제2종일반주거지역,1,0,,제2종일반주거지역,20221008
경상남도 양산시 물금읍 가촌리 549-2번지,48330,25323,0,0549,0002,1264100149452,,,,3,용도구역코드,UMZ100,가축사육제한구역,1,0,,가축사육제한구역,20221008
경상남도 양산시 물금읍 가촌리 549-2번지,48330,25323,0,0549,0002,1264100149452,,,,1,용도지역코드,UQA122,제2종일반주거지역,1,0,,제2종일반주거지역,20221008
경상남도 양산시 물금읍 가촌리 549-2번지,48330,25323,0,0549,0002,1264100023366,,,,1,용도지역코드,UQA122,제2종일반주거지역,1,0,,제2종일반주거지역,20221008
경상남도 양산시 물금읍 가촌리 549-3번지,48330,25323,0,0549,0003,1264100146544,,,,1,용도지역코드,UQA122,제2종일반주거지역,1,0,,제2종일반주거지역,20221008
경상남도 양산시 물금읍 가촌리 549-6번지,48330,25323,0,0549,0006,12642142,,,,1,용도지역코드,1020,일반주거지역,1,0,,일반주거지역,20221008
경상남도 양산시 물금읍 가촌리 549-6번지,48330,25323,0,0549,0006,12642837,,,,1,용도지역코드,1020,일반주거지역,1,0,,일반주거지역,20221008
경상남도 양산시 물금읍 가촌리 549-6번지,48330,25323,0,0549,0006,12642335,,,,1,용도지역코드,1020,일반주거지역,1,0,,일반주거지역,20221008
경상남도 양산시 물금읍 가촌리 549-11번지,48330,25323,0,0549,0011,12642355,,,,1,용도지역코드,1020,일반주거지역,1,0,,일반주거지역,20221008
경상남도 양산시 물금읍 가촌리 549-12번지,48330,25323,0,0549,0012,12643100,,,,1,용도지역코드,1020,일반주거지역,1,0,,일반주거지역,20221008
경상남도 양산시 물금읍 가촌리 549-15번지,48330,25323,0,0549,0015,12644154,,,,1,용도지역코드,1020,일반주거지역,1,0,,일반주거지역,20221008
경상남도 양산시 물금읍 가촌리 549-15번지,48330,25323,0,0549,0015,126493,,,,1,용도지역코드,1020,일반주거지역,1,0,,일반주거지역,20221008
경상남도 양산시 물금읍 가촌리 549-15번지,48330,25323,0,0549,0015,1264100007186,,,,1,용도지역코드,1022,제2종일반주거지역,1,0,,제2종일반주거지역,20221008
경상남도 양산시 물금읍 가촌리 549-17번지,48330,25323,0,0549,0017,1264100011051,,,,1,용도지역코드,1022,제2종일반주거지역,1,0,,제2종일반주거지역,20221008
경상남도 양산시 물금읍 가촌리 549-17번지,48330,25323,0,0549,0017,12647314,,,,1,용도지역코드,1022,제2종일반주거지역,1,0,,제2종일반주거지역,20221008
경상남도 양산시 물금읍 가촌리 549-17번지,48330,25323,0,0549,0017,12647314,,,,2,용도지구코드,340,토지구획정리사업지구,1,0,,토지구획정리사업지구,20221008
경상남도 양산시 물금읍 가촌리 549-17번지,48330,25323,0,0549,0017,12647314,,,,3,용도구역코드,010,도시계획구역,1,0,,도시계획구역,20221008
경상남도 양산시 물금읍 가촌리 549-17번지,48330,25323,0,0549,0017,1264100025651,,,,1,용도지역코드,UQA122,제2종일반주거지역,1,0,,제2종일반주거지역,20221008
경상남도 양산시 물금읍 가촌리 549-18번지,48330,25323,0,0549,0018,1264100099976,,,,1,용도지역코드,UQA122,제2종일반주거지역,1,0,,제2종일반주거지역,20221008
경상남도 양산시 물금읍 가촌리 550-1번지,48330,25323,0,0550,0001,1264100155271,,,,1,용도지역코드,UQA122,제2종일반주거지역,1,0,,제2종일반주거지역,20221130
경상남도 양산시 물금읍 가촌리 550-1번지,48330,25323,0,0550,0001,1264100155271,,,,3,용도구역코드,UMZ100,가축사육제한구역,1,0,,가축사육제한구역,20221130
경상남도 양산시 물금읍 가촌리 550-3번지,48330,25323,0,0550,0003,12642350,,,,1,용도지역코드,1020,일반주거지역,1,0,,일반주거지역,20221008
경상남도 양산시 물금읍 가촌리 550-5번지,48330,25323,0,0550,0005,12642392,,,,1,용도지역코드,1020,일반주거지역,1,0,,일반주거지역,20221008
경상남도 양산시 물금읍 가촌리 550-6번지,48330,25323,0,0550,0006,1264100107216,,,,1,용도지역코드,UQA122,제2종일반주거지역,1,0,,제2종일반주거지역,20221008
경상남도 양산시 물금읍 가촌리 550-7번지,48330,25323,0,0550,0007,1000000000000000859115,,,,3,용도구역코드,UMZ100,가축사육제한구역,1,0,,가축사육제한구역,20260527
경상남도 양산시 물금읍 가촌리 550-7번지,48330,25323,0,0550,0007,1000000000000000859115,,,,1,용도지역코드,UQA122,제2종일반주거지역,1,0,,제2종일반주거지역,20260527
경상남도 양산시 물금읍 가촌리 550-8번지,48330,25323,0,0550,0008,12643750,,,,1,용도지역코드,1020,일반주거지역,1,0,,일반주거지역,20221008
경상남도 양산시 물금읍 가촌리 550-9번지,48330,25323,0,0550,0009,12641159,550-9,,,1,용도지역코드,1020,일반주거지역,1,0,,일반주거지역,20221008
경상남도 양산시 물금읍 가촌리 550-10번지,48330,25323,0,0550,0010,126487,,,,1,용도지역코드,1020,일반주거지역,1,0,,일반주거지역,20221008
경상남도 양산시 물금읍 가촌리 550-12번지,48330,25323,0,0550,0012,12644618,,,,1,용도지역코드,1022,제2종일반주거지역,1,0,,제2종일반주거지역,20221008
경상남도 양산시 물금읍 가촌리 550-13번지,48330,25323,0,0550,0013,1264100037633,,,,1,용도지역코드,UQA122,제2종일반주거지역,1,0,,제2종일반주거지역,20221008
경상남도 양산시 물금읍 가촌리 550-15번지,48330,25323,0,0550,0015,1264159,,,,1,용도지역코드,1020,일반주거지역,1,0,,일반주거지역,20221008
경상남도 양산시 물금읍 가촌리 550-16번지,48330,25323,0,0550,0016,1000000000000000632591,,,,1,용도지역코드,UQA122,제2종일반주거지역,1,0,,제2종일반주거지역,20241206
경상남도 양산시 물금읍 가촌리 550-16번지,48330,25323,0,0550,0016,1000000000000000632591,,,,3,용도구역코드,UMZ100,가축사육제한구역,1,0,,가축사육제한구역,20241206
경상남도 양산시 물금읍 가촌리 550-19번지,48330,25323,0,0550,0019,1264100054991,,,,1,용도지역코드,UQA122,제2종일반주거지역,1,0,,제2종일반주거지역,20221008
경상남도 양산시 물금읍 가촌리 550-20번지,48330,25323,0,0550,0020,1264100153630,,,,1,용도지역코드,UQA122,제2종일반주거지역,1,0,,제2종일반주거지역,20221008
경상남도 양산시 물금읍 가촌리 550-20번지,48330,25323,0,0550,0020,1264100153630,,,,3,용도구역코드,UMZ100,가축사육제한구역,1,0,,가축사육제한구역,20221008
경상남도 양산시 물금읍 가촌리 550-20번지,48330,25323,0,0550,0020,1264100008546,,,,1,용도지역코드,1022,제2종일반주거지역,1,0,,제2종일반주거지역,20221008
경상남도 양산시 물금읍 가촌리 550-21번지,48330,25323,0,0550,0021,12644617,,,,1,용도지역코드,1022,제2종일반주거지역,1,0,,제2종일반주거지역,20221008
경상남도 양산시 물금읍 가촌리 550-21번지,48330,25323,0,0550,0021,1264100113256,,,,1,용도지역코드,UQA122,제2종일반주거지역,1,0,,제2종일반주거지역,20221008
경상남도 양산시 물금읍 가촌리 550-22번지,48330,25323,0,0550,0022,12644616,,,,1,용도지역코드,1022,제2종일반주거지역,1,0,,제2종일반주거지역,20221008
경상남도 양산시 물금읍 가촌리 551-1번지,48330,25323,0,0551,0001,1264100059153,,,,1,용도지역코드,UQA122,제2종일반주거지역,1,0,,제2종일반주거지역,20221008
경상남도 양산시 물금읍 가촌리 551-7번지,48330,25323,0,0551,0007,1264100046368,,,,1,용도지역코드,UQA122,제2종일반주거지역,1,0,,제2종일반주거지역,20221008
경상남도 양산시 물금읍 가촌리 551-7번지,48330,25323,0,0551,0007,1264100046368,,,,3,용도구역코드,UOA120,상대보호구역,1,0,,상대정화구역,20221008
경상남도 양산시 물금읍 가촌리 551-10번지,48330,25323,0,0551,0010,12645851,,,,1,용도지역코드,1022,제2종일반주거지역,1,0,,제2종일반주거지역,20221008
경상남도 양산시 물금읍 가촌리 552-2번지,48330,25323,0,0552,0002,12646163,,,,1,용도지역코드,1022,제2종일반주거지역,1,0,,제2종일반주거지역,20221008
경상남도 양산시 물금읍 가촌리 552-2번지,48330,25323,0,0552,0002,1264100092861,,,,1,용도지역코드,UQA122,제2종일반주거지역,1,0,,제2종일반주거지역,20221008
경상남도 양산시 물금읍 가촌리 552-2번지,48330,25323,0,0552,0002,1264100092861,,,,3,용도구역코드,UOA120,상대보호구역,1,0,,상대정화구역,20221008
경상남도 양산시 물금읍 가촌리 552-7번지,48330,25323,0,0552,0007,1264100067080,,,,1,용도지역코드,UQA122,제2종일반주거지역,1,0,,제2종일반주거지역,20221008
경상남도 양산시 물금읍 가촌리 552-8번지,48330,25323,0,0552,0008,1264100011471,,,,1,용도지역코드,1022,제2종일반주거지역,1,0,,제2종일반주거지역,20221008
경상남도 양산시 물금읍 가촌리 552-10번지,48330,25323,0,0552,0010,1264100092743,,,,1,용도지역코드,UQA122,제2종일반주거지역,1,0,,제2종일반주거지역,20221008
경상남도 양산시 물금읍 가촌리 552-10번지,48330,25323,0,0552,0010,1264100092743,,,,3,용도구역코드,UOA120,상대보호구역,1,0,,상대정화구역,20221008
경상남도 양산시 물금읍 가촌리 552-13번지,48330,25323,0,0552,0013,1264100140527,,,,1,용도지역코드,UQA122,제2종일반주거지역,1,0,,제2종일반주거지역,20221008
경상남도 양산시 물금읍 가촌리 552-19번지,48330,25323,0,0552,0019,1000000000000000947444,,,,3,용도구역코드,UOA120,상대보호구역,1,0,,상대보호구역,20260512
경상남도 양산시 물금읍 가촌리 552-19번지,48330,25323,0,0552,0019,1000000000000000947444,,,,3,용도구역코드,UMZ100,가축사육제한구역,0,0,,가축사육제한구역,20260512
경상남도 양산시 물금읍 가촌리 552-19번지,48330,25323,0,0552,0019,1000000000000000947444,,,,1,용도지역코드,UQA122,제2종일반주거지역,1,0,,제2종일반주거지역,20260512
경상남도 양산시 물금읍 가촌리 552-20번지,48330,25323,0,0552,0020,1264100048606,,,,1,용도지역코드,UQA122,제2종일반주거지역,1,0,,제2종일반주거지역,20221008
경상남도 양산시 물금읍 가촌리 552-20번지,48330,25323,0,0552,0020,1264100048606,,,,3,용도구역코드,UOA120,상대보호구역,1,0,,상대정화구역,20221008
경상남도 양산시 물금읍 가촌리 552-21번지,48330,25323,0,0552,0021,1000000000000000994058,,,,3,용도구역코드,UOA120,상대보호구역,1,0,,상대보호구역,20260713
경상남도 양산시 물금읍 가촌리 552-21번지,48330,25323,0,0552,0021,1000000000000000994058,,,,1,용도지역코드,UQA122,제2종일반주거지역,1,0,,제2종일반주거지역,20260713
경상남도 양산시 물금읍 가촌리 552-22번지,48330,25323,0,0552,0022,12641835,,,,1,용도지역코드,1020,일반주거지역,1,0,,일반주거지역,20221008
경상남도 양산시 물금읍 가촌리 552-23번지,48330,25323,0,0552,0023,1264100130083,,,,1,용도지역코드,UQA122,제2종일반주거지역,1,0,,제2종일반주거지역,20221008
경상남도 양산시 물금읍 가촌리 552-23번지,48330,25323,0,0552,0023,1264100130083,,,,3,용도구역코드,UMZ100,가축사육제한구역,1,0,,가축사육제한구역,20221008
경상남도 양산시 물금읍 가촌리 552-23번지,48330,25323,0,0552,0023,1264100130083,,,,3,용도구역코드,UOA120,상대보호구역,0,0,,상대보호구역,20221008
경상남도 양산시 물금읍 가촌리 553-2번지,48330,25323,0,0553,0002,12644691,,,,1,용도지역코드,1022,제2종일반주거지역,1,0,,제2종일반주거지역,20221008
경상남도 양산시 물금읍 가촌리 553-7번지,48330,25323,0,0553,0007,1264100049146,,,,1,용도지역코드,UQA122,제2종일반주거지역,1,0,,제2종일반주거지역,20221008
경상남도 양산시 물금읍 가촌리 554-1번지,48330,25323,0,0554,0001,12644054,,,,1,용도지역코드,1022,제2종일반주거지역,1,0,,제2종일반주거지역,20221008
경상남도 양산시 물금읍 가촌리 554-1번지,48330,25323,0,0554,0001,12644055,,,,1,용도지역코드,1022,제2종일반주거지역,1,0,,제2종일반주거지역,20221008
경상남도 양산시 물금읍 가촌리 554-2번지,48330,25323,0,0554,0002,1000000000000000717043,,,,1,용도지역코드,UQA122,제2종일반주거지역,1,0,,제2종일반주거지역,20251229
경상남도 양산시 물금읍 가촌리 554-2번지,48330,25323,0,0554,0002,1000000000000000717043,,,,3,용도구역코드,UMZ100,가축사육제한구역,1,0,,가축사육제한구역,20251229
경상남도 양산시 물금읍 가촌리 554-3번지,48330,25323,0,0554,0003,12641649,,,,1,용도지역코드,1020,일반주거지역,1,0,,일반주거지역,20221008
경상남도 양산시 물금읍 가촌리 554-4번지,48330,25323,0,0554,0004,12642019,,,,1,용도지역코드,1020,일반주거지역,1,0,,일반주거지역,20221008
경상남도 양산시 물금읍 가촌리 554-5번지,48330,25323,0,0554,0005,1264100069222,,,,1,용도지역코드,UQA122,제2종일반주거지역,1,0,,제2종일반주거지역,20221008
경상남도 양산시 물금읍 가촌리 554-6번지,48330,25323,0,0554,0006,12642850,,,,1,용도지역코드,1020,일반주거지역,1,0,,일반주거지역,20221008
경상남도 양산시 물금읍 가촌리 554-7번지,48330,25323,0,0554,0007,1264100094926,,,,1,용도지역코드,UQA122,제2종일반주거지역,1,0,,제2종일반주거지역,20221008
경상남도 양산시 물금읍 가촌리 554-7번지,48330,25323,0,0554,0007,1264100147005,,,,1,용도지역코드,UQA122,제2종일반주거지역,1,0,,제2종일반주거지역,20221008
경상남도 양산시 물금읍 가촌리 554-9번지,48330,25323,0,0554,0009,1264100152393,,,,1,용도지역코드,UQA122,제2종일반주거지역,1,0,,제2종일반주거지역,20221008
경상남도 양산시 물금읍 가촌리 555-1번지,48330,25323,0,0555,0001,12644717,,,,1,용도지역코드,1022,제2종일반주거지역,1,0,,제2종일반주거지역,20221008
경상남도 양산시 물금읍 가촌리 555-4번지,48330,25323,0,0555,0004,1000000000000000201280,,,,1,용도지역코드,UQA122,제2종일반주거지역,1,0,,제2종일반주거지역,20230419
경상남도 양산시 물금읍 가촌리 555-8번지,48330,25323,0,0555,0008,12642336,,,,1,용도지역코드,1020,일반주거지역,1,0,,일반주거지역,20221008
경상남도 양산시 물금읍 가촌리 555-9번지,48330,25323,0,0555,0009,1264100059156,,,,1,용도지역코드,UQA122,제2종일반주거지역,1,0,,제2종일반주거지역,20221008
경상남도 양산시 물금읍 가촌리 555-9번지,48330,25323,0,0555,0009,1264100040363,,,,1,용도지역코드,UQA122,제2종일반주거지역,1,0,,제2종일반주거지역,20221008
경상남도 양산시 물금읍 가촌리 555-10번지,48330,25323,0,0555,0010,12647667,,,,1,용도지역코드,1022,제2종일반주거지역,1,0,,제2종일반주거지역,20221008
경상남도 양산시 물금읍 가촌리 555-12번지,48330,25323,0,0555,0012,1000000000000001012936,,,,3,용도구역코드,UMZ100,가축사육제한구역,1,0,,가축사육제한구역,20260813
경상남도 양산시 물금읍 가촌리 555-12번지,48330,25323,0,0555,0012,1000000000000001012936,,,,1,용도지역코드,UQA122,제2종일반주거지역,1,0,,제2종일반주거지역,20260813
경상남도 양산시 물금읍 가촌리 555-16번지,48330,25323,0,0555,0016,1000000000000000283107,,,,1,용도지역코드,UQA122,제2종일반주거지역,1,0,,제2종일반주거지역,20230428
경상남도 양산시 물금읍 가촌리 555-16번지,48330,25323,0,0555,0016,1000000000000000283107,,,,3,용도구역코드,UMZ100,가축사육제한구역,1,0,,가축사육제한구역,20230428
경상남도 양산시 물금읍 가촌리 555-16번지,48330,25323,0,0555,0016,1264100132625,,,,1,용도지역코드,UQA122,제2종일반주거지역,1,0,,제2종일반주거지역,20221008
경상남도 양산시 물금읍 가촌리 555-16번지,48330,25323,0,0555,0016,1264100036833,,,,1,용도지역코드,UQA122,제2종일반주거지역,1,0,,제2종일반주거지역,20221008
경상남도 양산시 물금읍 가촌리 555-21번지,48330,25323,0,0555,0021,12643411,,,,1,용도지역코드,1020,일반주거지역,1,0,,일반주거지역,20221008
경상남도 양산시 물금읍 가촌리 556-3번지,48330,25323,0,0556,0003,1264100039753,,,,1,용도지역코드,UQA130,준주거지역,1,0,,준주거지역,20221008
경상남도 양산시 물금읍 가촌리 556-5번지,48330,25323,0,0556,0005,1000000000000000619353,,,,1,용도지역코드,UQA130,준주거지역,1,0,,준주거지역,20250620
경상남도 양산시 물금읍 가촌리 556-5번지,48330,25323,0,0556,0005,1000000000000000619353,,,,3,용도구역코드,UMZ100,가축사육제한구역,1,0,,가축사육제한구역,20250620
경상남도 양산시 물금읍 가촌리 556-6번지,48330,25323,0,0556,0006,1000000000000000197877,,,,3,용도구역코드,UMZ100,가축사육제한구역,1,0,,가축사육제한구역,20230724
경상남도 양산시 물금읍 가촌리 556-6번지,48330,25323,0,0556,0006,1000000000000000197877,,,,1,용도지역코드,UQA130,준주거지역,1,0,,준주거지역,20230724
경상남도 양산시 물금읍 가촌리 556-6번지,48330,25323,0,0556,0006,1264100116198,,,,1,용도지역코드,UQA130,준주거지역,1,0,,준주거지역,20221008
경상남도 양산시 물금읍 가촌리 556-6번지,48330,25323,0,0556,0006,1264100116198,,,,3,용도구역코드,UMZ100,가축사육제한구역,1,0,,가축사육제한구역,20221008
경상남도 양산시 물금읍 가촌리 556-7번지,48330,25323,0,0556,0007,1264345,,,,1,용도지역코드,1020,일반주거지역,1,0,,일반주거지역,20221008
경상남도 양산시 물금읍 가촌리 556-8번지,48330,25323,0,0556,0008,12641623,,,,1,용도지역코드,1020,일반주거지역,1,0,,일반주거지역,20221008
경상남도 양산시 물금읍 가촌리 556-10번지,48330,25323,0,0556,0010,1264100061400,,,,1,용도지역코드,UQA130,준주거지역,1,0,,준주거지역,20221008
경상남도 양산시 물금읍 가촌리 557-1번지,48330,25323,0,0557,0001,1264100058050,,,,1,용도지역코드,UQA130,준주거지역,1,0,,준주거지역,20221008
경상남도 양산시 물금읍 가촌리 557-1번지,48330,25323,0,0557,0001,1264100067660,,,,1,용도지역코드,UQA130,준주거지역,1,0,,준주거지역,20221008
경상남도 양산시 물금읍 가촌리 557-1번지,48330,25323,0,0557,0001,1264100081863,,,,1,용도지역코드,UQA130,준주거지역,1,0,,준주거지역,20221008
경상남도 양산시 물금읍 가촌리 557-2번지,48330,25323,0,0557,0002,12645427,양산신도시주공8단지아파트,803,1004,1,용도지역코드,1030,준주거지역,1,0,,준주거지역,20221008
경상남도 양산시 물금읍 가촌리 557-3번지,48330,25323,0,0557,0003,1000000000000001013889,,,,1,용도지역코드,UQA130,준주거지역,1,0,,준주거지역,20260814
경상남도 양산시 물금읍 가촌리 557-3번지,48330,25323,0,0557,0003,12647436,,,,1,용도지역코드,1030,준주거지역,1,0,,준주거지역,20221008
경상남도 양산시 물금읍 가촌리 557-10번지,48330,25323,0,0557,0010,1264100051912,,,,1,용도지역코드,UQA130,준주거지역,1,0,,준주거지역,20221008
경상남도 양산시 물금읍 가촌리 557-10번지,48330,25323,0,0557,0010,1264100131703,,,,1,용도지역코드,UQA130,준주거지역,1,0,,준주거지역,20221008
경상남도 양산시 물금읍 가촌리 557-12번지,48330,25323,0,0557,0012,1264100142243,,,,1,용도지역코드,UQA130,준주거지역,1,0,,준주거지역,20221008
경상남도 양산시 물금읍 가촌리 557-13번지,48330,25323,0,0557,0013,12646499,,,,1,용도지역코드,1030,준주거지역,1,0,,준주거지역,20221008
경상남도 양산시 물금읍 가촌리 558-2번지,48330,25323,0,0558,0002,1264100132143,,,,1,용도지역코드,UQA130,준주거지역,1,0,,준주거지역,20221008
경상남도 양산시 물금읍 가촌리 558-2번지,48330,25323,0,0558,0002,1264100132143,,,,3,용도구역코드,UMZ100,가축사육제한구역,1,0,,가축사육제한구역,20221008
경상남도 양산시 물금읍 가촌리 558-2번지,48330,25323,0,0558,0002,12644641,,,,1,용도지역코드,1030,준주거지역,1,0,,준주거지역,20221008
경상남도 양산시 물금읍 가촌리 558-6번지,48330,25323,0,0558,0006,1264100117176,,,,1,용도지역코드,UQA130,준주거지역,1,0,,준주거지역,20221008
경상남도 양산시 물금읍 가촌리 558-7번지,48330,25323,0,0558,0007,1264100081586,,,,1,용도지역코드,UQA130,준주거지역,1,0,,준주거지역,20221008
경상남도 양산시 물금읍 가촌리 558-9번지,48330,25323,0,0558,0009,1264100103636,,,,1,용도지역코드,UQA130,준주거지역,1,0,,준주거지역,20221008
경상남도 양산시 물금읍 가촌리 558-9번지,48330,25323,0,0558,0009,1264100077059,,,,1,용도지역코드,UQA130,준주거지역,1,0,,준주거지역,20221008
경상남도 양산시 물금읍 가촌리 558-9번지,48330,25323,0,0558,0009,1264100108543,,,,1,용도지역코드,UQA130,준주거지역,1,0,,준주거지역,20221008
경상남도 양산시 물금읍 가촌리 558-13번지,48330,25323,0,0558,0013,1264100155273,,,,1,용도지역코드,UQA130,준주거지역,1,0,,준주거지역,20221008
경상남도 양산시 물금읍 가촌리 558-14번지,48330,25323,0,0558,0014,12644971,,,,1,용도지역코드,1030,준주거지역,1,0,,준주거지역,20221008
경상남도 양산시 물금읍 가촌리 558-15번지,48330,25323,0,0558,0015,12644793,,,,1,용도지역코드,1030,준주거지역,1,0,,준주거지역,20221008
경상남도 양산시 물금읍 가촌리 558-18번지,48330,25323,0,0558,0018,1264100023050,,,,1,용도지역코드,UQA130,준주거지역,1,0,,준주거지역,20221008
경상남도 양산시 물금읍 가촌리 559-3번지,48330,25323,0,0559,0003,1000000000000000758279,,,,3,용도구역코드,UOA120,상대보호구역,0,0,,상대보호구역,20260114
경상남도 양산시 물금읍 가촌리 559-3번지,48330,25323,0,0559,0003,1000000000000000758279,,,,3,용도구역코드,UMZ100,가축사육제한구역,1,0,,가축사육제한구역,20260114
경상남도 양산시 물금읍 가촌리 559-3번지,48330,25323,0,0559,0003,1000000000000000758279,,,,1,용도지역코드,UQA122,제2종일반주거지역,1,0,,제2종일반주거지역,20260114
경상남도 양산시 물금읍 가촌리 559-3번지,48330,25323,0,0559,0003,1000000000000000758279,,,,1,용도지역코드,UQA122,제2종일반주거지역,1,0,,제2종일반주거지역,20250703
경상남도 양산시 물금읍 가촌리 559-3번지,48330,25323,0,0559,0003,1000000000000000758279,,,,3,용도구역코드,UMZ100,가축사육제한구역,1,0,,가축사육제한구역,20250703
경상남도 양산시 물금읍 가촌리 559-3번지,48330,25323,0,0559,0003,1000000000000000758279,,,,3,용도구역코드,UOA120,상대보호구역,0,0,,상대보호구역,20250703
경상남도 양산시 물금읍 가촌리 559-6번지,48330,25323,0,0559,0006,1264100112538,,,,1,용도지역코드,UQA122,제2종일반주거지역,1,0,,제2종일반주거지역,20221008
경상남도 양산시 물금읍 가촌리 559-13번지,48330,25323,0,0559,0013,1264100064760,,,,1,용도지역코드,UQA122,제2종일반주거지역,1,0,,제2종일반주거지역,20221008
경상남도 양산시 물금읍 가촌리 559-13번지,48330,25323,0,0559,0013,1264100138304,,,,1,용도지역코드,UQA122,제2종일반주거지역,1,0,,제2종일반주거지역,20221008
경상남도 양산시 물금읍 가촌리 561번지,48330,25323,0,0561,0000,12644192,,,,1,용도지역코드,1030,준주거지역,1,0,,준주거지역,20221008
경상남도 양산시 물금읍 가촌리 564-1번지,48330,25323,0,0564,0001,1264100098434,,,,1,용도지역코드,UQA121,제1종일반주거지역,1,0,,제1종일반주거지역,20221008
경상남도 양산시 물금읍 가촌리 564-1번지,48330,25323,0,0564,0001,1264100098434,,,,1,용도지역코드,UQA122,제2종일반주거지역,0,0,,제2종일반주거지역,20221008
경상남도 양산시 물금읍 가촌리 564-1번지,48330,25323,0,0564,0001,1264100098434,,,,1,용도지역코드,UQA130,준주거지역,0,0,,준주거지역,20221008
경상남도 양산시 물금읍 가촌리 564-1번지,48330,25323,0,0564,0001,1264100098434,,,,1,용도지역코드,UQA430,자연녹지지역,0,0,,자연녹지지역,20221008
경상남도 양산시 물금읍 가촌리 564-1번지,48330,25323,0,0564,0001,1264100098434,,,,3,용도구역코드,UQQ300,지구단위계획구역,1,0,,지구단위계획구역,20221008
경상남도 양산시 물금읍 가촌리 568-6번지,48330,25323,0,0568,0006,1264100138324,,,,1,용도지역코드,UQA122,제2종일반주거지역,1,0,,제2종일반주거지역,20221008
경상남도 양산시 물금읍 가촌리 573번지,48330,25323,0,0573,0000,1264100152752,,,,1,용도지역코드,UQA122,제2종일반주거지역,1,0,,제2종일반주거지역,20221008
경상남도 양산시 물금읍 가촌리 580-1번지,48330,25323,0,0580,0001,1000000000000000849945,,,,3,용도구역코드,UMZ100,가축사육제한구역,1,0,,가축사육제한구역,20251127
경상남도 양산시 물금읍 가촌리 580-1번지,48330,25323,0,0580,0001,1000000000000000849945,,,,1,용도지역코드,UQA122,제2종일반주거지역,1,0,,제2종일반주거지역,20251127
경상남도 양산시 물금읍 가촌리 580-1번지,48330,25323,0,0580,0001,1000000000000000849945,,,,3,용도구역코드,UOA120,상대보호구역,0,0,,상대보호구역,20251127
경상남도 양산시 물금읍 가촌리 580-1번지,48330,25323,0,0580,0001,1264100041184,,,,1,용도지역코드,UQA122,제2종일반주거지역,1,0,,제2종일반주거지역,20221008
경상남도 양산시 물금읍 가촌리 581-1번지,48330,25323,0,0581,0001,12646144,,,,1,용도지역코드,1022,제2종일반주거지역,1,0,,제2종일반주거지역,20221008
경상남도 양산시 물금읍 가촌리 582번지,48330,25323,0,0582,0000,1264263,,,,1,용도지역코드,1020,일반주거지역,1,0,,일반주거지역,20221008
경상남도 양산시 물금읍 가촌리 583번지,48330,25323,0,0583,0000,1264100086487,,,,1,용도지역코드,UQA122,제2종일반주거지역,1,0,,제2종일반주거지역,20221008
경상남도 양산시 물금읍 가촌리 583번지,48330,25323,0,0583,0000,1264100086487,,,,3,용도구역코드,UOA120,상대보호구역,1,0,,상대정화구역,20221008
경상남도 양산시 물금읍 가촌리 587번지,48330,25323,0,0587,0000,1264100147512,,,,1,용도지역코드,UQA122,제2종일반주거지역,1,0,,제2종일반주거지역,20221008
경상남도 양산시 물금읍 가촌리 593-1번지,48330,25323,0,0593,0001,1264100084764,,,,1,용도지역코드,UQA122,제2종일반주거지역,1,0,,제2종일반주거지역,20221008
경상남도 양산시 물금읍 가촌리 593-1번지,48330,25323,0,0593,0001,1264100084764,,,,3,용도구역코드,UOA120,상대보호구역,1,0,,상대정화구역,20221008
경상남도 양산시 물금읍 가촌리 593-1번지,48330,25323,0,0593,0001,1264100038652,,,,1,용도지역코드,UQA122,제2종일반주거지역,1,0,,제2종일반주거지역,20221008
경상남도 양산시 물금읍 가촌리 593-4번지,48330,25323,0,0593,0004,12646814,,,,1,용도지역코드,1022,제2종일반주거지역,1,0,,제2종일반주거지역,20221008
경상남도 양산시 물금읍 가촌리 593-4번지,48330,25323,0,0593,0004,1264100108678,,,,1,용도지역코드,UQA122,제2종일반주거지역,1,0,,제2종일반주거지역,20221008
경상남도 양산시 물금읍 가촌리 593-4번지,48330,25323,0,0593,0004,1264100108678,,,,3,용도구역코드,UMZ100,가축사육제한구역,1,0,,가축사육제한구역,20221008
경상남도 양산시 물금읍 가촌리 593-4번지,48330,25323,0,0593,0004,12647613,,,,1,용도지역코드,1022,제2종일반주거지역,1,0,,제2종일반주거지역,20221008
경상남도 양산시 물금읍 가촌리 593-9번지,48330,25323,0,0593,0009,1264100035977,,,,1,용도지역코드,UQA122,제2종일반주거지역,1,0,,제2종일반주거지역,20221008
경상남도 양산시 물금읍 가촌리 593-9번지,48330,25323,0,0593,0009,1264100035977,,,,3,용도구역코드,UOA120,상대보호구역,1,0,,상대정화구역,20221008
경상남도 양산시 물금읍 가촌리 594-1번지,48330,25323,0,0594,0001,1264100047349,,,,1,용도지역코드,UQA122,제2종일반주거지역,1,0,,제2종일반주거지역,20221008
경상남도 양산시 물금읍 가촌리 596-8번지,48330,25323,0,0596,0008,1264100062959,,,,1,용도지역코드,UQA122,제2종일반주거지역,1,0,,제2종일반주거지역,20221008
경상남도 양산시 물금읍 가촌리 596-8번지,48330,25323,0,0596,0008,1264100062959,,,,3,용도구역코드,UOA120,상대보호구역,1,0,,상대정화구역,20221008
경상남도 양산시 물금읍 가촌리 597-1번지,48330,25323,0,0597,0001,12647620,,,,1,용도지역코드,1022,제2종일반주거지역,1,0,,제2종일반주거지역,20221008
경상남도 양산시 물금읍 가촌리 597-1번지,48330,25323,0,0597,0001,1264100068499,,,,1,용도지역코드,UQA122,제2종일반주거지역,1,0,,제2종일반주거지역,20221008
경상남도 양산시 물금읍 가촌리 599-9번지,48330,25323,0,0599,0009,12642500,,,,1,용도지역코드,1020,일반주거지역,1,0,,일반주거지역,20221008
경상남도 양산시 물금읍 가촌리 605-2번지,48330,25323,0,0605,0002,12648577,,,,1,용도지역코드,1022,제2종일반주거지역,1,0,,제2종일반주거지역,20221008
경상남도 양산시 물금읍 가촌리 605-2번지,48330,25323,0,0605,0002,1264100030100,,,,1,용도지역코드,UQA122,제2종일반주거지역,1,0,,제2종일반주거지역,20221008
경상남도 양산시 물금읍 가촌리 605-6번지,48330,25323,0,0605,0006,1264100080541,,,,1,용도지역코드,UQA122,제2종일반주거지역,1,0,,제2종일반주거지역,20221008
경상남도 양산시 물금읍 가촌리 605-6번지,48330,25323,0,0605,0006,1264100080541,,,,3,용도구역코드,UOA120,상대보호구역,1,0,,상대정화구역,20221008
경상남도 양산시 물금읍 가촌리 612-3번지,48330,25323,0,0612,0003,1264478,,,,1,용도지역코드,1020,일반주거지역,1,0,,일반주거지역,20221008
경상남도 양산시 물금읍 가촌리 630-18번지,48330,25323,0,0630,0018,12641511,,,,1,용도지역코드,1020,일반주거지역,1,0,,일반주거지역,20221008
경상남도 양산시 물금읍 가촌리 631번지,48330,25323,0,0631,0000,1264100004925,,,,1,용도지역코드,1030,준주거지역,1,0,,준주거지역,20221008
경상남도 양산시 물금읍 가촌리 631번지,48330,25323,0,0631,0000,1264100035997,,,,1,용도지역코드,UQA130,준주거지역,1,0,,준주거지역,20221008
경상남도 양산시 물금읍 가촌리 631번지,48330,25323,0,0631,0000,1264100102773,,,,1,용도지역코드,UQA130,준주거지역,1,0,,준주거지역,20221008
경상남도 양산시 물금읍 가촌리 631번지,48330,25323,0,0631,0000,1264100102773,,,,3,용도구역코드,UQQ300,지구단위계획구역,1,0,,지구단위계획구역,20221008
경상남도 양산시 물금읍 가촌리 631번지,48330,25323,0,0631,0000,1264100030402,,,,1,용도지역코드,UQA130,준주거지역,1,0,,준주거지역,20221008
경상남도 양산시 물금읍 가촌리 631번지,48330,25323,0,0631,0000,12644333,,,,1,용도지역코드,1030,준주거지역,1,0,,준주거지역,20221008
경상남도 양산시 물금읍 가촌리 688-2번지,48330,25323,0,0688,0002,12642744,,,,1,용도지역코드,1120,일반상업지역,1,0,,일반상업지역,20221008
경상남도 양산시 물금읍 가촌리 688-3번지,48330,25323,0,0688,0003,1264100137463,,,,1,용도지역코드,UQA220,일반상업지역,1,0,,일반상업지역,20221008
경상남도 양산시 물금읍 가촌리 691-4번지,48330,25323,0,0691,0004,12648379,,,,1,용도지역코드,1022,제2종일반주거지역,1,0,,제2종일반주거지역,20221008
경상남도 양산시 물금읍 가촌리 691-7번지,48330,25323,0,0691,0007,12648368,,,,1,용도지역코드,1022,제2종일반주거지역,1,0,,제2종일반주거지역,20221008
경상남도 양산시 물금읍 가촌리 693-4번지,48330,25323,0,0693,0004,12643817,,693,4,1,용도지역코드,1020,일반주거지역,1,0,,일반주거지역,20221008
경상남도 양산시 물금읍 가촌리 700번지,48330,25323,0,0700,0000,1264100010811,,,,1,용도지역코드,1022,제2종일반주거지역,1,0,,제2종일반주거지역,20221008
경상남도 양산시 물금읍 가촌리 700번지,48330,25323,0,0700,0000,1264100062843,,,,1,용도지역코드,UQA122,제2종일반주거지역,1,0,,제2종일반주거지역,20221008
경상남도 양산시 물금읍 가촌리 702번지,48330,25323,0,0702,0000,1000000000000000743843,,,,1,용도지역코드,UQA122,제2종일반주거지역,1,0,,제2종일반주거지역,20251114
경상남도 양산시 물금읍 가촌리 702번지,48330,25323,0,0702,0000,1000000000000000739602,,,,1,용도지역코드,UQA122,제2종일반주거지역,1,0,,제2종일반주거지역,20250605
경상남도 양산시 물금읍 가촌리 702번지,48330,25323,0,0702,0000,1264100152990,,,,1,용도지역코드,UQA122,제2종일반주거지역,1,0,,제2종일반주거지역,20221008
경상남도 양산시 물금읍 가촌리 702번지,48330,25323,0,0702,0000,1264100007086,,,,1,용도지역코드,1022,제2종일반주거지역,1,0,,제2종일반주거지역,20221008
경상남도 양산시 물금읍 가촌리 705-3번지,48330,25323,0,0705,0003,1264100105814,,,,1,용도지역코드,UQA122,제2종일반주거지역,1,0,,제2종일반주거지역,20221008
경상남도 양산시 물금읍 가촌리 707-1번지,48330,25323,0,0707,0001,1264100143244,,,,1,용도지역코드,UQA122,제2종일반주거지역,1,0,,제2종일반주거지역,20221008
경상남도 양산시 물금읍 가촌리 707-1번지,48330,25323,0,0707,0001,1264100032639,,,,1,용도지역코드,UQA122,제2종일반주거지역,1,0,,제2종일반주거지역,20221008
경상남도 양산시 물금읍 가촌리 707-2번지,48330,25323,0,0707,0002,1264100131704,,,,1,용도지역코드,UQA122,제2종일반주거지역,1,0,,제2종일반주거지역,20221008
경상남도 양산시 물금읍 가촌리 707-6번지,48330,25323,0,0707,0006,1264100032679,,,,1,용도지역코드,UQA122,제2종일반주거지역,1,0,,제2종일반주거지역,20221008
경상남도 양산시 물금읍 가촌리 707-7번지,48330,25323,0,0707,0007,1264100016638,,,,1,용도지역코드,1022,제2종일반주거지역,1,0,,제2종일반주거지역,20221008
경상남도 양산시 물금읍 가촌리 707-7번지,48330,25323,0,0707,0007,1264100030037,,,,1,용도지역코드,UQA122,제2종일반주거지역,1,0,,제2종일반주거지역,20221008
경상남도 양산시 물금읍 가촌리 707-7번지,48330,25323,0,0707,0007,1264100037235,,,,1,용도지역코드,UQA122,제2종일반주거지역,1,0,,제2종일반주거지역,20221008
경상남도 양산시 물금읍 가촌리 707-8번지,48330,25323,0,0707,0008,1000000000000000074652,,,,1,용도지역코드,UQA122,제2종일반주거지역,1,0,,제2종일반주거지역,20221020
경상남도 양산시 물금읍 가촌리 707-8번지,48330,25323,0,0707,0008,1264100115996,,,,1,용도지역코드,UQA122,제2종일반주거지역,1,0,,제2종일반주거지역,20221008
경상남도 양산시 물금읍 가촌리 707-8번지,48330,25323,0,0707,0008,1264100115996,,,,3,용도구역코드,UMZ100,가축사육제한구역,1,0,,가축사육제한구역,20221008
경상남도 양산시 물금읍 가촌리 707-11번지,48330,25323,0,0707,0011,1264100052570,,,,1,용도지역코드,UQA122,제2종일반주거지역,1,0,,제2종일반주거지역,20221008
경상남도 양산시 물금읍 가촌리 707-12번지,48330,25323,0,0707,0012,1264370,,,,1,용도지역코드,1020,일반주거지역,1,0,,일반주거지역,20221008
경상남도 양산시 물금읍 가촌리 707-15번지,48330,25323,0,0707,0015,1264100117639,,,,1,용도지역코드,UQA122,제2종일반주거지역,1,0,,제2종일반주거지역,20221008
경상남도 양산시 물금읍 가촌리 707-20번지,48330,25323,0,0707,0020,1264464,,,,1,용도지역코드,1020,일반주거지역,1,0,,일반주거지역,20221008
경상남도 양산시 물금읍 가촌리 708-5번지,48330,25323,0,0708,0005,126474,,,,1,용도지역코드,1020,일반주거지역,1,0,,일반주거지역,20221008
경상남도 양산시 물금읍 가촌리 708-9번지,48330,25323,0,0708,0009,1264100119583,,,,1,용도지역코드,UQA122,제2종일반주거지역,1,0,,제2종일반주거지역,20221008
경상남도 양산시 물금읍 가촌리 708-10번지,48330,25323,0,0708,0010,1264100091062,,,,1,용도지역코드,UQA122,제2종일반주거지역,1,0,,제2종일반주거지역,20221008
경상남도 양산시 물금읍 가촌리 709-1번지,48330,25323,0,0709,0001,12641100,,,,1,용도지역코드,1020,일반주거지역,1,0,,일반주거지역,20221008
경상남도 양산시 물금읍 가촌리 709-4번지,48330,25323,0,0709,0004,12641774,,,,1,용도지역코드,1020,일반주거지역,1,0,,일반주거지역,20221008
경상남도 양산시 물금읍 가촌리 709-7번지,48330,25323,0,0709,0007,12642073,,,,1,용도지역코드,1020,일반주거지역,1,0,,일반주거지역,20221008
경상남도 양산시 물금읍 가촌리 709-8번지,48330,25323,0,0709,0008,12642743,,,,1,용도지역코드,1020,일반주거지역,1,0,,일반주거지역,20221008
경상남도 양산시 물금읍 가촌리 709-9번지,48330,25323,0,0709,0009,12641095,709-9,,,1,용도지역코드,1020,일반주거지역,1,0,,일반주거지역,20221008
경상남도 양산시 물금읍 가촌리 709-11번지,48330,25323,0,0709,0011,12641772,,,,1,용도지역코드,1020,일반주거지역,1,0,,일반주거지역,20221008
경상남도 양산시 물금읍 가촌리 712-1번지,48330,25323,0,0712,0001,1264100154533,,,,1,용도지역코드,UQA122,제2종일반주거지역,1,0,,제2종일반주거지역,20221008
경상남도 양산시 물금읍 가촌리 712-1번지,48330,25323,0,0712,0001,1264100006586,,,,1,용도지역코드,1022,제2종일반주거지역,1,0,,제2종일반주거지역,20221008
경상남도 양산시 물금읍 가촌리 712-6번지,48330,25323,0,0712,0006,1264100047125,,,,1,용도지역코드,UQA122,제2종일반주거지역,1,0,,제2종일반주거지역,20221008
경상남도 양산시 물금읍 가촌리 712-7번지,48330,25323,0,0712,0007,1264100037632,,,,1,용도지역코드,UQA122,제2종일반주거지역,1,0,,제2종일반주거지역,20221008
경상남도 양산시 물금읍 가촌리 712-11번지,48330,25323,0,0712,0011,1000000000000000296421,,,,3,용도구역코드,UMZ100,가축사육제한구역,1,0,,가축사육제한구역,20230517
경상남도 양산시 물금읍 가촌리 712-11번지,48330,25323,0,0712,0011,1000000000000000296421,,,,1,용도지역코드,UQA122,제2종일반주거지역,1,0,,제2종일반주거지역,20230517
경상남도 양산시 물금읍 가촌리 712-11번지,48330,25323,0,0712,0011,1000000000000000296421,,,,1,용도지역코드,UOC800,역사문화환경보존지역,0,0,,역사문화환경보존지역,20230517
경상남도 양산시 물금읍 가촌리 712-12번지,48330,25323,0,0712,0012,1264100138467,,,,1,용도지역코드,UQA122,제2종일반주거지역,1,0,,제2종일반주거지역,20221008
경상남도 양산시 물금읍 가촌리 713-3번지,48330,25323,0,0713,0003,1264100073099,,,,1,용도지역코드,UQA122,제2종일반주거지역,1,0,,제2종일반주거지역,20221008
경상남도 양산시 물금읍 가촌리 713-4번지,48330,25323,0,0713,0004,12642056,,,,1,용도지역코드,1020,일반주거지역,1,0,,일반주거지역,20221008
경상남도 양산시 물금읍 가촌리 714-1번지,48330,25323,0,0714,0001,1264100081299,,,,1,용도지역코드,UQA122,제2종일반주거지역,1,0,,제2종일반주거지역,20221008
경상남도 양산시 물금읍 가촌리 714-6번지,48330,25323,0,0714,0006,1264209,,,,1,용도지역코드,1020,일반주거지역,1,0,,일반주거지역,20221008
경상남도 양산시 물금읍 가촌리 714-8번지,48330,25323,0,0714,0008,1264100005428,,,,1,용도지역코드,1022,제2종일반주거지역,1,0,,제2종일반주거지역,20221008
경상남도 양산시 물금읍 가촌리 714-11번지,48330,25323,0,0714,0011,1264100011691,,,,1,용도지역코드,1022,제2종일반주거지역,1,0,,제2종일반주거지역,20221008
경상남도 양산시 물금읍 가촌리 714-12번지,48330,25323,0,0714,0012,12642089,,,,1,용도지역코드,1020,일반주거지역,1,0,,일반주거지역,20221008
경상남도 양산시 물금읍 가촌리 714-13번지,48330,25323,0,0714,0013,1264100060155,,,,1,용도지역코드,UQA122,제2종일반주거지역,1,0,,제2종일반주거지역,20221008
경상남도 양산시 물금읍 가촌리 714-13번지,48330,25323,0,0714,0013,1264100060154,,,,1,용도지역코드,UQA122,제2종일반주거지역,1,0,,제2종일반주거지역,20221008
경상남도 양산시 물금읍 가촌리 739번지,48330,25323,0,0739,0000,12643170,,,,1,용도지역코드,1020,일반주거지역,1,0,,일반주거지역,20221008
경상남도 양산시 물금읍 가촌리 751번지,48330,25323,0,0751,0000,1264100149294,,,,1,용도지역코드,UQA122,제2종일반주거지역,1,0,,제2종일반주거지역,20230331
경상남도 양산시 물금읍 가촌리 751번지,48330,25323,0,0751,0000,1264100149294,,,,3,용도구역코드,UMZ100,가축사육제한구역,1,0,,가축사육제한구역,20230331
경상남도 양산시 물금읍 가촌리 751번지,48330,25323,0,0751,0000,1264100101553,,,,1,용도지역코드,UQA122,제2종일반주거지역,1,0,,제2종일반주거지역,20221008
경상남도 양산시 물금읍 가촌리 754번지,48330,25323,0,0754,0000,1264143,,,,1,용도지역코드,1020,일반주거지역,1,0,,일반주거지역,20221008
경상남도 양산시 물금읍 가촌리 780-1번지,48330,25323,0,0780,0001,1264100016155,,,,1,용도지역코드,1022,제2종일반주거지역,1,0,,제2종일반주거지역,20221008
경상남도 양산시 물금읍 가촌리 823-1번지,48330,25323,0,0823,0001,126432,,,,1,용도지역코드,1020,일반주거지역,1,0,,일반주거지역,20221008
경상남도 양산시 물금읍 가촌리 823-10번지,48330,25323,0,0823,0010,1264100149290,,,,1,용도지역코드,UQA122,제2종일반주거지역,1,0,,제2종일반주거지역,20221008
경상남도 양산시 물금읍 가촌리 823-10번지,48330,25323,0,0823,0010,1264100140528,,,,1,용도지역코드,UQA122,제2종일반주거지역,1,0,,제2종일반주거지역,20221008
경상남도 양산시 물금읍 가촌리 823-11번지,48330,25323,0,0823,0011,1264100066779,,,,1,용도지역코드,UQA122,제2종일반주거지역,1,0,,제2종일반주거지역,20221008
경상남도 양산시 물금읍 가촌리 823-11번지,48330,25323,0,0823,0011,1264100066779,,,,3,용도구역코드,UOA120,상대보호구역,1,0,,상대정화구역,20221008
경상남도 양산시 물금읍 가촌리 830번지,48330,25323,0,0830,0000,12644338,,,,1,용도지역코드,1022,제2종일반주거지역,1,0,,제2종일반주거지역,20221008
경상남도 양산시 물금읍 가촌리 832번지,48330,25323,0,0832,0000,12645827,,,,1,용도지역코드,1120,일반상업지역,1,0,,일반상업지역,20221008
경상남도 양산시 물금읍 가촌리 832번지,48330,25323,0,0832,0000,12647656,,,,1,용도지역코드,1120,일반상업지역,1,0,,일반상업지역,20221008
경상남도 양산시 물금읍 가촌리 836-4번지,48330,25323,0,0836,0004,1264100147225,,,,1,용도지역코드,UQA122,제2종일반주거지역,1,0,,제2종일반주거지역,20221008
경상남도 양산시 물금읍 가촌리 836-4번지,48330,25323,0,0836,0004,1264100147225,,,,1,용도지역코드,UQA220,일반상업지역,0,0,,일반상업지역,20221008
경상남도 양산시 물금읍 가촌리 836-4번지,48330,25323,0,0836,0004,1264100147225,,,,3,용도구역코드,UMZ100,가축사육제한구역,1,0,,가축사육제한구역,20221008
경상남도 양산시 물금읍 가촌리 836-4번지,48330,25323,0,0836,0004,1264100147225,,,,3,용도구역코드,UOA120,상대보호구역,0,0,,상대보호구역,20221008
경상남도 양산시 물금읍 가촌리 836-4번지,48330,25323,0,0836,0004,1264100128061,,,,1,용도지역코드,UQA122,제2종일반주거지역,1,0,,제2종일반주거지역,20221008
경상남도 양산시 물금읍 가촌리 836-4번지,48330,25323,0,0836,0004,1264100128061,,,,3,용도구역코드,UMZ100,가축사육제한구역,1,0,,가축사육제한구역,20221008
경상남도 양산시 물금읍 가촌리 836-4번지,48330,25323,0,0836,0004,1264100128061,,,,3,용도구역코드,UOA120,상대보호구역,0,0,,상대보호구역,20221008
경상남도 양산시 물금읍 가촌리 836-8번지,48330,25323,0,0836,0008,1000000000000000845390,,,,3,용도구역코드,UMZ100,가축사육제한구역,1,0,,가축사육제한구역,20251120
경상남도 양산시 물금읍 가촌리 836-8번지,48330,25323,0,0836,0008,1000000000000000845390,,,,1,용도지역코드,UQA220,일반상업지역,1,0,,일반상업지역,20251120
경상남도 양산시 물금읍 가촌리 836-8번지,48330,25323,0,0836,0008,1000000000000000671629,,,,3,용도구역코드,UMZ100,가축사육제한구역,1,0,,가축사육제한구역,20250917
경상남도 양산시 물금읍 가촌리 836-8번지,48330,25323,0,0836,0008,1000000000000000671629,,,,1,용도지역코드,UQA220,일반상업지역,1,0,,일반상업지역,20250917
경상남도 양산시 물금읍 가촌리 836-8번지,48330,25323,0,0836,0008,1000000000000000671629,,,,3,용도구역코드,ZA0006,역사문화환경보존지역,0,0,,역사문화환경보존지역,20250917
경상남도 양산시 물금읍 가촌리 836-8번지,48330,25323,0,0836,0008,1264100060393,,,,1,용도지역코드,UQA220,일반상업지역,1,0,,일반상업지역,20221008
경상남도 양산시 물금읍 가촌리 836-8번지,48330,25323,0,0836,0008,1264100060393,,,,3,용도구역코드,UOA120,상대보호구역,1,0,,상대정화구역,20221008
경상남도 양산시 물금읍 가촌리 843-4번지,48330,25323,0,0843,0004,1000000000000000263329,,,,3,용도구역코드,UOA120,상대보호구역,1,0,,상대보호구역,20230808
경상남도 양산시 물금읍 가촌리 843-4번지,48330,25323,0,0843,0004,1000000000000000263329,,,,1,용도지역코드,UQA220,일반상업지역,1,0,,일반상업지역,20230808
경상남도 양산시 물금읍 가촌리 843-4번지,48330,25323,0,0843,0004,1264100055848,,,,1,용도지역코드,UQA220,일반상업지역,1,0,,일반상업지역,20221008
경상남도 양산시 물금읍 가촌리 843-4번지,48330,25323,0,0843,0004,1264100037737,,,,1,용도지역코드,UQA220,일반상업지역,1,0,,일반상업지역,20221008
경상남도 양산시 물금읍 가촌리 843-4번지,48330,25323,0,0843,0004,1264100037737,,,,3,용도구역코드,UOA120,상대보호구역,1,0,,상대정화구역,20221008
경상남도 양산시 물금읍 가촌리 843-4번지,48330,25323,0,0843,0004,1264100148017,,,,1,용도지역코드,UQA220,일반상업지역,1,0,,일반상업지역,20221008
경상남도 양산시 물금읍 가촌리 843-4번지,48330,25323,0,0843,0004,1264100148017,,,,3,용도구역코드,UOA120,상대보호구역,1,0,,상대보호구역,20221008
경상남도 양산시 물금읍 가촌리 843-4번지,48330,25323,0,0843,0004,1264100036954,,,,1,용도지역코드,UQA220,일반상업지역,1,0,,일반상업지역,20221008
경상남도 양산시 물금읍 가촌리 843-4번지,48330,25323,0,0843,0004,1264100036954,,,,3,용도구역코드,UOA120,상대보호구역,1,0,,상대정화구역,20221008
경상남도 양산시 물금읍 가촌리 844-2번지,48330,25323,0,0844,0002,1264100041742,,,,1,용도지역코드,UQA220,일반상업지역,1,0,,일반상업지역,20221008
경상남도 양산시 물금읍 가촌리 844-2번지,48330,25323,0,0844,0002,1264100041742,,,,3,용도구역코드,UOA120,상대보호구역,1,0,,상대정화구역,20221008
경상남도 양산시 물금읍 가촌리 846번지,48330,25323,0,0846,0000,1264100142323,,,,1,용도지역코드,UQA220,일반상업지역,1,0,,일반상업지역,20221008
경상남도 양산시 물금읍 가촌리 846번지,48330,25323,0,0846,0000,1264237,,,,1,용도지역코드,1120,일반상업지역,1,0,,일반상업지역,20221008
경상남도 양산시 물금읍 가촌리 847번지,48330,25323,0,0847,0000,1264100040442,,,,1,용도지역코드,UQA220,일반상업지역,1,0,,일반상업지역,20221008
경상남도 양산시 물금읍 가촌리 847번지,48330,25323,0,0847,0000,1264100040442,,,,3,용도구역코드,UOA120,상대보호구역,1,0,,상대정화구역,20221008
경상남도 양산시 물금읍 가촌리 847번지,48330,25323,0,0847,0000,1264100058251,,,,1,용도지역코드,UQA220,일반상업지역,1,0,,일반상업지역,20221008
경상남도 양산시 물금읍 가촌리 847번지,48330,25323,0,0847,0000,1264100058251,,,,3,용도구역코드,UOA120,상대보호구역,1,0,,상대정화구역,20221008
경상남도 양산시 물금읍 가촌리 847번지,48330,25323,0,0847,0000,12646949,,,,1,용도지역코드,1120,일반상업지역,1,0,,일반상업지역,20221008
경상남도 양산시 물금읍 가촌리 849번지,48330,25323,0,0849,0000,1264100115997,,,,1,용도지역코드,UQA220,일반상업지역,1,0,,일반상업지역,20221008
경상남도 양산시 물금읍 가촌리 906-1번지,48330,25323,0,0906,0001,1264100090821,,,,1,용도지역코드,UQA220,일반상업지역,1,0,,일반상업지역,20221008
경상남도 양산시 물금읍 가촌리 906-1번지,48330,25323,0,0906,0001,1264100090821,,,,3,용도구역코드,UOA120,상대보호구역,1,0,,상대정화구역,20221008
경상남도 양산시 물금읍 가촌리 906-2번지,48330,25323,0,0906,0002,12646538,,,,1,용도지역코드,1120,일반상업지역,1,0,,일반상업지역,20221008
경상남도 양산시 물금읍 가촌리 910-1번지,48330,25323,0,0910,0001,1264116,,,,1,용도지역코드,1020,일반주거지역,1,0,,일반주거지역,20221008
경상남도 양산시 물금읍 가촌리 910-3번지,48330,25323,0,0910,0003,1264280,,,,1,용도지역코드,1120,일반상업지역,1,0,,일반상업지역,20221008
경상남도 양산시 물금읍 가촌리 941-1번지,48330,25323,0,0941,0001,1264100092443,,,,1,용도지역코드,UQA122,제2종일반주거지역,1,0,,제2종일반주거지역,20221008
경상남도 양산시 물금읍 가촌리 941-1번지,48330,25323,0,0941,0001,1264100112016,,,,1,용도지역코드,UQA122,제2종일반주거지역,1,0,,제2종일반주거지역,20221008
경상남도 양산시 물금읍 가촌리 960-6번지,48330,25323,0,0960,0006,1264616,경상남도 양산시 물금읍 가촌리,960,6,1,용도지역코드,1330,자연녹지지역,1,0,,자연녹지지역,20221008
경상남도 양산시 물금읍 가촌리 962번지,48330,25323,0,0962,0000,1264100132703,,,,1,용도지역코드,UQA122,제2종일반주거지역,1,0,,제2종일반주거지역,20221008
경상남도 양산시 물금읍 가촌리 963번지,48330,25323,0,0963,0000,1264383,,,,1,용도지역코드,1330,자연녹지지역,1,0,,자연녹지지역,20221008
경상남도 양산시 물금읍 가촌리 968-1번지,48330,25323,0,0968,0001,1264180,,,,1,용도지역코드,1020,일반주거지역,1,0,,일반주거지역,20221008
경상남도 양산시 물금읍 가촌리 970-9번지,48330,25323,0,0970,0009,12645430,,,,1,용도지역코드,1022,제2종일반주거지역,1,0,,제2종일반주거지역,20221008
경상남도 양산시 물금읍 가촌리 970-18번지,48330,25323,0,0970,0018,1264100015354,,,,1,용도지역코드,1022,제2종일반주거지역,1,0,,제2종일반주거지역,20221008
경상남도 양산시 물금읍 가촌리 970-18번지,48330,25323,0,0970,0018,1264100015354,,,,3,용도구역코드,272,상대정화구역,1,0,,상대정화구역,20221008
경상남도 양산시 물금읍 가촌리 974번지,48330,25323,0,0974,0000,1000000000000000915598,,,,1,용도지역코드,UQA122,제2종일반주거지역,1,0,,제2종일반주거지역,20260331
경상남도 양산시 물금읍 가촌리 974번지,48330,25323,0,0974,0000,1000000000000000915598,,,,3,용도구역코드,UQQ300,지구단위계획구역,1,0,,지구단위계획구역,20260331
경상남도 양산시 물금읍 가촌리 975-6번지,48330,25323,0,0975,0006,1264100094687,,,,1,용도지역코드,UQA122,제2종일반주거지역,1,0,,제2종일반주거지역,20221008
경상남도 양산시 물금읍 가촌리 975-6번지,48330,25323,0,0975,0006,1264100094687,,,,3,용도구역코드,UOA120,상대보호구역,1,0,,상대정화구역,20221008
경상남도 양산시 물금읍 가촌리 975-6번지,48330,25323,0,0975,0006,1264100025833,,,,1,용도지역코드,UQA122,제2종일반주거지역,1,0,,제2종일반주거지역,20221008
경상남도 양산시 물금읍 가촌리 975-6번지,48330,25323,0,0975,0006,1264100017617,,,,1,용도지역코드,1022,제2종일반주거지역,1,0,,제2종일반주거지역,20221008
경상남도 양산시 물금읍 가촌리 975-16번지,48330,25323,0,0975,0016,1264100023546,,,,1,용도지역코드,UQA122,제2종일반주거지역,1,0,,제2종일반주거지역,20221008
경상남도 양산시 물금읍 가촌리 990번지,48330,25323,0,0990,0000,1000000000000000176048,,,,3,용도구역코드,UOA120,상대보호구역,1,0,,상대보호구역,20221123
경상남도 양산시 물금읍 가촌리 990번지,48330,25323,0,0990,0000,1000000000000000176048,,,,3,용도구역코드,UOA110,절대정화구역,0,0,,절대보호구역,20221123
경상남도 양산시 물금읍 가촌리 990번지,48330,25323,0,0990,0000,1000000000000000176048,,,,1,용도지역코드,UQA122,제2종일반주거지역,1,0,,제2종일반주거지역,20221123
경상남도 양산시 물금읍 가촌리 990번지,48330,25323,0,0990,0000,1264100017615,,,,1,용도지역코드,1022,제2종일반주거지역,1,0,,제2종일반주거지역,20221008
경상남도 양산시 물금읍 가촌리 990번지,48330,25323,0,0990,0000,1264100072479,,,,1,용도지역코드,UQA122,제2종일반주거지역,1,0,,제2종일반주거지역,20221008
경상남도 양산시 물금읍 가촌리 990번지,48330,25323,0,0990,0000,1264100116176,,,,1,용도지역코드,UQA122,제2종일반주거지역,1,0,,제2종일반주거지역,20221008
경상남도 양산시 물금읍 가촌리 990번지,48330,25323,0,0990,0000,1264100106696,,,,1,용도지역코드,UQA122,제2종일반주거지역,1,0,,제2종일반주거지역,20221008
경상남도 양산시 물금읍 가촌리 990번지,48330,25323,0,0990,0000,1264100005305,,,,1,용도지역코드,1022,제2종일반주거지역,1,0,,제2종일반주거지역,20221008
경상남도 양산시 물금읍 가촌리 990번지,48330,25323,0,0990,0000,1264100041162,,,,1,용도지역코드,UQA122,제2종일반주거지역,1,0,,제2종일반주거지역,20221008
경상남도 양산시 물금읍 가촌리 990번지,48330,25323,0,0990,0000,1264100027009,,,,1,용도지역코드,UQA122,제2종일반주거지역,1,0,,제2종일반주거지역,20221008
경상남도 양산시 물금읍 가촌리 990번지,48330,25323,0,0990,0000,1264100041462,,,,1,용도지역코드,UQA122,제2종일반주거지역,1,0,,제2종일반주거지역,20221008
경상남도 양산시 물금읍 가촌리 990-1번지,48330,25323,0,0990,0001,1264100023808,,,,1,용도지역코드,UQA430,자연녹지지역,1,0,,자연녹지지역,20221008
경상남도 양산시 물금읍 가촌리 990-9번지,48330,25323,0,0990,0009,1000000000000000921139,,,,3,용도구역코드,UMZ100,가축사육제한구역,0,0,,가축사육제한구역,20260407
경상남도 양산시 물금읍 가촌리 990-9번지,48330,25323,0,0990,0009,1000000000000000921139,,,,3,용도구역코드,UQQ300,지구단위계획구역,1,0,,지구단위계획구역,20260407
경상남도 양산시 물금읍 가촌리 990-9번지,48330,25323,0,0990,0009,1000000000000000921139,,,,1,용도지역코드,UQA122,제2종일반주거지역,1,0,,제2종일반주거지역,20260407
경상남도 양산시 물금읍 가촌리 1050번지,48330,25323,0,1050,0000,1000000000000000962183,,,,1,용도지역코드,UQA122,제2종일반주거지역,1,0,,제2종일반주거지역,20260604
경상남도 양산시 물금읍 가촌리 1050번지,48330,25323,0,1050,0000,1000000000000000521806,,,,1,용도지역코드,UQA122,제2종일반주거지역,1,0,,제2종일반주거지역,20260623
경상남도 양산시 물금읍 가촌리 1091-4번지,48330,25323,0,1091,0004,1264100152950,,,,1,용도지역코드,UQA121,제1종일반주거지역,1,0,,제1종일반주거지역,20221008
경상남도 양산시 물금읍 가촌리 1091-4번지,48330,25323,0,1091,0004,1264100022466,,,,1,용도지역코드,UQA121,제1종일반주거지역,1,0,,제1종일반주거지역,20221008
경상남도 양산시 물금읍 가촌리 1094-1번지,48330,25323,0,1094,0001,1264100057189,,,,1,용도지역코드,UQA121,제1종일반주거지역,1,0,,제1종일반주거지역,20221008
경상남도 양산시 물금읍 가촌리 1095-1번지,48330,25323,0,1095,0001,12642331,,,,1,용도지역코드,1330,자연녹지지역,1,0,,자연녹지지역,20221008
경상남도 양산시 물금읍 가촌리 1095-1번지,48330,25323,0,1095,0001,12642345,,,,1,용도지역코드,1330,자연녹지지역,1,0,,자연녹지지역,20221008
경상남도 양산시 물금읍 가촌리 1095-1번지,48330,25323,0,1095,0001,12642424,,,,1,용도지역코드,1330,자연녹지지역,1,0,,자연녹지지역,20221008
경상남도 양산시 물금읍 가촌리 1104-20번지,48330,25323,0,1104,0020,1264100125242,,,,1,용도지역코드,UQA123,제3종일반주거지역,1,0,,제3종일반주거지역,20221008
경상남도 양산시 물금읍 가촌리 1104-20번지,48330,25323,0,1104,0020,1264100125242,,,,3,용도구역코드,UQQ310,제1종지구단위계획구역,1,0,,제1종지구단위계획구역,20221008
경상남도 양산시 물금읍 가촌리 1104-20번지,48330,25323,0,1104,0020,1264100125242,,,,3,용도구역코드,UOA120,상대보호구역,0,0,,상대보호구역,20221008
경상남도 양산시 물금읍 가촌리 1109번지,48330,25323,0,1109,0000,1264530,,,,1,용도지역코드,1330,자연녹지지역,1,0,,자연녹지지역,20221008
경상남도 양산시 물금읍 가촌리 1111번지,48330,25323,0,1111,0000,12648405,,,,1,용도지역코드,1021,제1종일반주거지역,1,0,,제1종일반주거지역,20221008
경상남도 양산시 물금읍 가촌리 1111번지,48330,25323,0,1111,0000,1264100107096,,,,1,용도지역코드,UQA121,제1종일반주거지역,1,0,,제1종일반주거지역,20221008
경상남도 양산시 물금읍 가촌리 1111번지,48330,25323,0,1111,0000,1264100107096,,,,3,용도구역코드,UMZ100,가축사육제한구역,1,0,,가축사육제한구역,20221008
경상남도 양산시 물금읍 가촌리 1112번지,48330,25323,0,1112,0000,1264100127225,,,,1,용도지역코드,UQA121,제1종일반주거지역,1,0,,제1종일반주거지역,20221008
경상남도 양산시 물금읍 가촌리 1123-5번지,48330,25323,0,1123,0005,1264100007906,,,,1,용도지역코드,1022,제2종일반주거지역,1,0,,제2종일반주거지역,20221008
경상남도 양산시 물금읍 가촌리 1123-6번지,48330,25323,0,1123,0006,1264100142948,,,,1,용도지역코드,UQA122,제2종일반주거지역,1,0,,제2종일반주거지역,20221008
경상남도 양산시 물금읍 가촌리 1123-6번지,48330,25323,0,1123,0006,1264100149270,,,,1,용도지역코드,UQA122,제2종일반주거지역,1,0,,제2종일반주거지역,20221020
경상남도 양산시 물금읍 가촌리 1131-1번지,48330,25323,0,1131,0001,1000000000000000122773,,,,1,용도지역코드,UQA121,제1종일반주거지역,1,0,,제1종일반주거지역,20230403
경상남도 양산시 물금읍 가촌리 1137-10번지,48330,25323,0,1137,0010,1264100125201,,,,3,용도구역코드,UOA120,상대보호구역,1,0,,상대보호구역,20260723
경상남도 양산시 물금읍 가촌리 1137-10번지,48330,25323,0,1137,0010,1264100125201,,,,3,용도구역코드,UOA110,절대정화구역,0,0,,절대보호구역,20260723
경상남도 양산시 물금읍 가촌리 1137-10번지,48330,25323,0,1137,0010,1264100125201,,,,3,용도구역코드,UQQ310,제1종지구단위계획구역,0,0,,제1종지구단위계획구역,20260723
경상남도 양산시 물금읍 가촌리 1137-10번지,48330,25323,0,1137,0010,1264100125201,,,,1,용도지역코드,UQA123,제3종일반주거지역,1,0,,제3종일반주거지역,20260723
경상남도 양산시 물금읍 가촌리 1147-1번지,48330,25323,0,1147,0001,1000000000000000652040,,,,1,용도지역코드,UQA121,제1종일반주거지역,1,0,,제1종일반주거지역,20250114
경상남도 양산시 물금읍 가촌리 1147-1번지,48330,25323,0,1147,0001,1000000000000000652040,,,,3,용도구역코드,UOA120,상대보호구역,1,0,,상대보호구역,20250114
경상남도 양산시 물금읍 가촌리 1147-1번지,48330,25323,0,1147,0001,1264100055548,,,,1,용도지역코드,UQA121,제1종일반주거지역,1,0,,제1종일반주거지역,20221008
경상남도 양산시 물금읍 가촌리 1147-1번지,48330,25323,0,1147,0001,1264100055548,,,,3,용도구역코드,UQQ310,제1종지구단위계획구역,1,0,,제1종지구단위계획구역,20221008
경상남도 양산시 물금읍 가촌리 1147-1번지,48330,25323,0,1147,0001,1264100055548,,,,3,용도구역코드,UOA120,상대보호구역,0,0,,상대정화구역,20221008
경상남도 양산시 물금읍 가촌리 1147-3번지,48330,25323,0,1147,0003,1264100157590,,,,3,용도구역코드,UOA120,상대보호구역,1,0,,상대보호구역,20241015
경상남도 양산시 물금읍 가촌리 1147-3번지,48330,25323,0,1147,0003,1264100157590,,,,1,용도지역코드,UQA121,제1종일반주거지역,1,0,,제1종일반주거지역,20241015
경상남도 양산시 물금읍 가촌리 1147-3번지,48330,25323,0,1147,0003,1264100055549,,,,1,용도지역코드,UQA121,제1종일반주거지역,1,0,,제1종일반주거지역,20221008
경상남도 양산시 물금읍 가촌리 1147-3번지,48330,25323,0,1147,0003,1264100055549,,,,3,용도구역코드,UQQ310,제1종지구단위계획구역,1,0,,제1종지구단위계획구역,20221008
경상남도 양산시 물금읍 가촌리 1147-3번지,48330,25323,0,1147,0003,1264100055549,,,,3,용도구역코드,UOA120,상대보호구역,0,0,,상대정화구역,20221008
경상남도 양산시 물금읍 가촌리 1156-6번지,48330,25323,0,1156,0006,12644918,,,,1,용도지역코드,1022,제2종일반주거지역,1,0,,제2종일반주거지역,20221008
경상남도 양산시 물금읍 가촌리 1156-6번지,48330,25323,0,1156,0006,1264100113136,,,,1,용도지역코드,UQA121,제1종일반주거지역,1,0,,제1종일반주거지역,20221008
경상남도 양산시 물금읍 가촌리 1156-6번지,48330,25323,0,1156,0006,1264100113136,,,,2,용도지구코드,,,1,0,,,20221008
경상남도 양산시 물금읍 가촌리 1156-6번지,48330,25323,0,1156,0006,1264100113136,,,,3,용도구역코드,UMZ100,가축사육제한구역,1,0,,가축사육제한구역,20221008
경상남도 양산시 물금읍 가촌리 1156-6번지,48330,25323,0,1156,0006,1264100113136,,,,3,용도구역코드,UOA120,상대보호구역,0,0,,상대정화구역,20221008
경상남도 양산시 물금읍 가촌리 1157-1번지,48330,25323,0,1157,0001,1264100056749,,,,1,용도지역코드,UQA121,제1종일반주거지역,1,0,,제1종일반주거지역,20221008
경상남도 양산시 물금읍 가촌리 1157-1번지,48330,25323,0,1157,0001,1264100063921,,,,1,용도지역코드,UQA121,제1종일반주거지역,1,0,,제1종일반주거지역,20221008
경상남도 양산시 물금읍 가촌리 1159-1번지,48330,25323,0,1159,0001,126452,,,,1,용도지역코드,1330,자연녹지지역,1,0,,자연녹지지역,20221008
경상남도 양산시 물금읍 가촌리 1159-5번지,48330,25323,0,1159,0005,1264100073019,,,,1,용도지역코드,UQA121,제1종일반주거지역,1,0,,제1종일반주거지역,20221008
경상남도 양산시 물금읍 가촌리 1159-5번지,48330,25323,0,1159,0005,12643259,,,,1,용도지역코드,1020,일반주거지역,1,0,,일반주거지역,20221008
경상남도 양산시 물금읍 가촌리 1164-1번지,48330,25323,0,1164,0001,12646754,,,,1,용도지역코드,1021,제1종일반주거지역,1,0,,제1종일반주거지역,20221008
경상남도 양산시 물금읍 가촌리 1165-2번지,48330,25323,0,1165,0002,1264100098777,,,,1,용도지역코드,UQA121,제1종일반주거지역,1,0,,제1종일반주거지역,20221008
경상남도 양산시 물금읍 가촌리 1165-2번지,48330,25323,0,1165,0002,1264100098777,,,,3,용도구역코드,UOA120,상대보호구역,1,0,,상대보호구역,20221008
경상남도 양산시 물금읍 가촌리 1166-3번지,48330,25323,0,1166,0003,1264100148023,,,,1,용도지역코드,UQA121,제1종일반주거지역,1,0,,제1종일반주거지역,20221008
경상남도 양산시 물금읍 가촌리 1166-3번지,48330,25323,0,1166,0003,1264100148023,,,,3,용도구역코드,UOA120,상대보호구역,1,0,,상대보호구역,20221008
경상남도 양산시 물금읍 가촌리 1166-3번지,48330,25323,0,1166,0003,12646319,,,,1,용도지역코드,1022,제2종일반주거지역,1,0,,제2종일반주거지역,20221008
경상남도 양산시 물금읍 가촌리 1171-2번지,48330,25323,0,1171,0002,1264100133644,,,,1,용도지역코드,UQA122,제2종일반주거지역,1,0,,제2종일반주거지역,20221008
경상남도 양산시 물금읍 가촌리 1171-2번지,48330,25323,0,1171,0002,1264100133644,,,,3,용도구역코드,UOA120,상대보호구역,1,0,,상대보호구역,20221008
경상남도 양산시 물금읍 가촌리 1171-2번지,48330,25323,0,1171,0002,1264100124642,,,,1,용도지역코드,UQA122,제2종일반주거지역,1,0,,제2종일반주거지역,20221008
경상남도 양산시 물금읍 가촌리 1171-2번지,48330,25323,0,1171,0002,1264100124642,,,,3,용도구역코드,UMZ100,가축사육제한구역,1,0,,가축사육제한구역,20221008
경상남도 양산시 물금읍 가촌리 1173-12번지,48330,25323,0,1173,0012,1264100098078,,,,3,용도구역코드,UOA120,상대보호구역,1,0,,상대정화구역,20240325
경상남도 양산시 물금읍 가촌리 1173-12번지,48330,25323,0,1173,0012,1264100098078,,,,1,용도지역코드,UQA122,제2종일반주거지역,1,0,,제2종일반주거지역,20240325
경상남도 양산시 물금읍 가촌리 1174-2번지,48330,25323,0,1174,0002,1264100089601,,,,1,용도지역코드,UQA122,제2종일반주거지역,1,0,,제2종일반주거지역,20221008
경상남도 양산시 물금읍 가촌리 1174-2번지,48330,25323,0,1174,0002,1264100089601,,,,3,용도구역코드,UOA120,상대보호구역,1,0,,상대정화구역,20221008
경상남도 양산시 물금읍 가촌리 1174-2번지,48330,25323,0,1174,0002,1264100097970,,,,1,용도지역코드,UQA122,제2종일반주거지역,1,0,,제2종일반주거지역,20221008
경상남도 양산시 물금읍 가촌리 1174-2번지,48330,25323,0,1174,0002,1264100097970,,,,3,용도구역코드,UOA120,상대보호구역,1,0,,상대정화구역,20221008
경상남도 양산시 물금읍 가촌리 1174-7번지,48330,25323,0,1174,0007,1264100118857,,,,1,용도지역코드,UQA122,제2종일반주거지역,1,0,,제2종일반주거지역,20221008
경상남도 양산시 물금읍 가촌리 1174-7번지,48330,25323,0,1174,0007,1264100118857,,,,3,용도구역코드,UOA120,상대보호구역,1,0,,상대보호구역,20221008
경상남도 양산시 물금읍 가촌리 1174-7번지,48330,25323,0,1174,0007,1264100118857,,,,3,용도구역코드,UMZ100,가축사육제한구역,0,0,,가축사육제한구역,20221008
경상남도 양산시 물금읍 가촌리 1177-2번지,48330,25323,0,1177,0002,12645955,,,,1,용도지역코드,1022,제2종일반주거지역,1,0,,제2종일반주거지역,20221008
경상남도 양산시 물금읍 가촌리 1184-13번지,48330,25323,0,1184,0013,1000000000000000928265,,,,1,용도지역코드,UQA122,제2종일반주거지역,1,0,,제2종일반주거지역,20260416
경상남도 양산시 물금읍 가촌리 1184-13번지,48330,25323,0,1184,0013,1000000000000000928265,,,,3,용도구역코드,UQQ300,지구단위계획구역,1,0,,지구단위계획구역,20260416
경상남도 양산시 물금읍 가촌리 1238번지,48330,25323,0,1238,0000,1264100016520,,,,1,용도지역코드,1330,자연녹지지역,1,0,,자연녹지지역,20221008
경상남도 양산시 물금읍 가촌리 1248-1번지,48330,25323,0,1248,0001,1000000000000000479845,,,,1,용도지역코드,UQA121,제1종일반주거지역,1,0,,제1종일반주거지역,20240320
경상남도 양산시 물금읍 가촌리 1248-1번지,48330,25323,0,1248,0001,1000000000000000316436,,,,1,용도지역코드,UQA121,제1종일반주거지역,1,0,,제1종일반주거지역,20231208
경상남도 양산시 물금읍 가촌리 1248-1번지,48330,25323,0,1248,0001,1000000000000000316436,,,,3,용도구역코드,UQQ310,제1종지구단위계획구역,1,0,,제1종지구단위계획구역,20231208
경상남도 양산시 물금읍 가촌리 1248-1번지,48330,25323,0,1248,0001,1264100057410,,,,1,용도지역코드,UQA121,제1종일반주거지역,1,0,,제1종일반주거지역,20221008
경상남도 양산시 물금읍 가촌리 1248-1번지,48330,25323,0,1248,0001,1264100057410,,,,3,용도구역코드,UQQ310,제1종지구단위계획구역,1,0,,제1종지구단위계획구역,20221008
경상남도 양산시 물금읍 가촌리 1248-6번지,48330,25323,0,1248,0006,1264100078721,,,,1,용도지역코드,UQA121,제1종일반주거지역,1,0,,제1종일반주거지역,20221008
경상남도 양산시 물금읍 가촌리 1248-7번지,48330,25323,0,1248,0007,1264100079760,,,,1,용도지역코드,UQA121,제1종일반주거지역,1,0,,제1종일반주거지역,20221008
경상남도 양산시 물금읍 가촌리 1248-7번지,48330,25323,0,1248,0007,1264100079760,,,,3,용도구역코드,UQQ310,제1종지구단위계획구역,1,0,,제1종지구단위계획구역,20221008
경상남도 양산시 물금읍 가촌리 1248-7번지,48330,25323,0,1248,0007,1264100079760,,,,3,용도구역코드,UOA120,상대보호구역,0,0,,상대정화구역,20221008
경상남도 양산시 물금읍 가촌리 1248-10번지,48330,25323,0,1248,0010,1264100082922,,,,1,용도지역코드,UQA121,제1종일반주거지역,1,0,,제1종일반주거지역,20221008
경상남도 양산시 물금읍 가촌리 1248-10번지,48330,25323,0,1248,0010,1264100082922,,,,3,용도구역코드,UQQ310,제1종지구단위계획구역,1,0,,제1종지구단위계획구역,20221008
경상남도 양산시 물금읍 가촌리 1248-10번지,48330,25323,0,1248,0010,1264100082922,,,,3,용도구역코드,UOA120,상대보호구역,0,0,,상대정화구역,20221008
경상남도 양산시 물금읍 가촌리 1248-14번지,48330,25323,0,1248,0014,1264100110322,,,,1,용도지역코드,UQA121,제1종일반주거지역,1,0,,제1종일반주거지역,20221008
경상남도 양산시 물금읍 가촌리 1248-14번지,48330,25323,0,1248,0014,1264100110322,,,,3,용도구역코드,UOA120,상대보호구역,1,0,,상대보호구역,20221008
경상남도 양산시 물금읍 가촌리 1248-14번지,48330,25323,0,1248,0014,1264100110322,,,,3,용도구역코드,UQQ310,제1종지구단위계획구역,0,0,,제1종지구단위계획구역,20221008
경상남도 양산시 물금읍 가촌리 1248-15번지,48330,25323,0,1248,0015,1264100081079,,,,1,용도지역코드,UQA121,제1종일반주거지역,1,0,,제1종일반주거지역,20221008
경상남도 양산시 물금읍 가촌리 1248-15번지,48330,25323,0,1248,0015,1264100081079,,,,3,용도구역코드,UQQ310,제1종지구단위계획구역,1,0,,제1종지구단위계획구역,20221008
경상남도 양산시 물금읍 가촌리 1248-19번지,48330,25323,0,1248,0019,1264100071080,,,,1,용도지역코드,UQA121,제1종일반주거지역,1,0,,제1종일반주거지역,20221008
경상남도 양산시 물금읍 가촌리 1248-19번지,48330,25323,0,1248,0019,1264100071080,,,,3,용도구역코드,UQQ310,제1종지구단위계획구역,1,0,,제1종지구단위계획구역,20221008
경상남도 양산시 물금읍 가촌리 1248-19번지,48330,25323,0,1248,0019,1264100071080,,,,3,용도구역코드,UOA120,상대보호구역,0,0,,상대정화구역,20221008
경상남도 양산시 물금읍 가촌리 1248-20번지,48330,25323,0,1248,0020,1264100113397,,,,1,용도지역코드,UQA121,제1종일반주거지역,1,0,,제1종일반주거지역,20221008
경상남도 양산시 물금읍 가촌리 1248-20번지,48330,25323,0,1248,0020,1264100113397,,,,3,용도구역코드,UQQ310,제1종지구단위계획구역,1,0,,제1종지구단위계획구역,20221008
경상남도 양산시 물금읍 가촌리 1248-20번지,48330,25323,0,1248,0020,1264100113397,,,,3,용도구역코드,UMZ100,가축사육제한구역,0,0,,가축사육제한구역,20221008
경상남도 양산시 물금읍 가촌리 1248-23번지,48330,25323,0,1248,0023,1264100082423,,,,1,용도지역코드,UQA121,제1종일반주거지역,1,0,,제1종일반주거지역,20221008
경상남도 양산시 물금읍 가촌리 1248-23번지,48330,25323,0,1248,0023,1264100082423,,,,3,용도구역코드,UQQ310,제1종지구단위계획구역,1,0,,제1종지구단위계획구역,20221008
경상남도 양산시 물금읍 가촌리 1248-25번지,48330,25323,0,1248,0025,1264100052032,,,,1,용도지역코드,UQA121,제1종일반주거지역,1,0,,제1종일반주거지역,20221008
경상남도 양산시 물금읍 가촌리 1248-25번지,48330,25323,0,1248,0025,1264100052032,,,,3,용도구역코드,UQQ310,제1종지구단위계획구역,1,0,,제1종지구단위계획구역,20221008
경상남도 양산시 물금읍 가촌리 1248-26번지,48330,25323,0,1248,0026,1264100070300,,,,1,용도지역코드,UQA121,제1종일반주거지역,1,0,,제1종일반주거지역,20221008
경상남도 양산시 물금읍 가촌리 1248-26번지,48330,25323,0,1248,0026,1264100070300,,,,3,용도구역코드,UQQ310,제1종지구단위계획구역,1,0,,제1종지구단위계획구역,20221008
경상남도 양산시 물금읍 가촌리 1248-26번지,48330,25323,0,1248,0026,1264100070300,,,,3,용도구역코드,UOA120,상대보호구역,0,0,,상대정화구역,20221008
경상남도 양산시 물금읍 가촌리 1248-27번지,48330,25323,0,1248,0027,1264100052014,,,,1,용도지역코드,UQA121,제1종일반주거지역,1,0,,제1종일반주거지역,20221008
경상남도 양산시 물금읍 가촌리 1248-27번지,48330,25323,0,1248,0027,1264100052014,,,,3,용도구역코드,UQQ310,제1종지구단위계획구역,1,0,,제1종지구단위계획구역,20221008
경상남도 양산시 물금읍 가촌리 1248-29번지,48330,25323,0,1248,0029,1264100117160,,,,1,용도지역코드,UQA121,제1종일반주거지역,1,0,,제1종일반주거지역,20221008
경상남도 양산시 물금읍 가촌리 1248-29번지,48330,25323,0,1248,0029,1264100117160,,,,3,용도구역코드,UQQ310,제1종지구단위계획구역,1,0,,제1종지구단위계획구역,20221008
경상남도 양산시 물금읍 가촌리 1249-1번지,48330,25323,0,1249,0001,1264100051994,,,,1,용도지역코드,UQA121,제1종일반주거지역,1,0,,제1종일반주거지역,20221008
경상남도 양산시 물금읍 가촌리 1249-1번지,48330,25323,0,1249,0001,1264100051994,,,,3,용도구역코드,UQQ310,제1종지구단위계획구역,1,0,,제1종지구단위계획구역,20221008
경상남도 양산시 물금읍 가촌리 1249-2번지,48330,25323,0,1249,0002,1264100151091,,,,3,용도구역코드,UQQ310,제1종지구단위계획구역,0,0,,제1종지구단위계획구역,20230106
경상남도 양산시 물금읍 가촌리 1249-2번지,48330,25323,0,1249,0002,1264100151091,,,,3,용도구역코드,UOA120,상대보호구역,1,0,,상대보호구역,20230106
경상남도 양산시 물금읍 가촌리 1249-2번지,48330,25323,0,1249,0002,1264100151091,,,,1,용도지역코드,UQA121,제1종일반주거지역,1,0,,제1종일반주거지역,20230106
경상남도 양산시 물금읍 가촌리 1249-3번지,48330,25323,0,1249,0003,1264100091963,,,,1,용도지역코드,UQA121,제1종일반주거지역,1,0,,제1종일반주거지역,20221008
경상남도 양산시 물금읍 가촌리 1249-3번지,48330,25323,0,1249,0003,1264100091963,,,,3,용도구역코드,UQQ310,제1종지구단위계획구역,1,0,,제1종지구단위계획구역,20221008
경상남도 양산시 물금읍 가촌리 1249-3번지,48330,25323,0,1249,0003,1264100091963,,,,3,용도구역코드,UOA120,상대보호구역,0,0,,상대정화구역,20221008
경상남도 양산시 물금읍 가촌리 1249-4번지,48330,25323,0,1249,0004,1264100086321,,,,1,용도지역코드,UQA121,제1종일반주거지역,1,0,,제1종일반주거지역,20221008
경상남도 양산시 물금읍 가촌리 1249-4번지,48330,25323,0,1249,0004,1264100086321,,,,3,용도구역코드,UQQ310,제1종지구단위계획구역,1,0,,제1종지구단위계획구역,20221008
경상남도 양산시 물금읍 가촌리 1249-4번지,48330,25323,0,1249,0004,1264100086321,,,,3,용도구역코드,UOA120,상대보호구역,0,0,,상대정화구역,20221008
경상남도 양산시 물금읍 가촌리 1249-5번지,48330,25323,0,1249,0005,1264100052381,,,,1,용도지역코드,UQA121,제1종일반주거지역,1,0,,제1종일반주거지역,20221008
경상남도 양산시 물금읍 가촌리 1249-5번지,48330,25323,0,1249,0005,1264100052381,,,,3,용도구역코드,UQQ310,제1종지구단위계획구역,1,0,,제1종지구단위계획구역,20221008
경상남도 양산시 물금읍 가촌리 1249-6번지,48330,25323,0,1249,0006,1264100068039,,,,1,용도지역코드,UQA121,제1종일반주거지역,1,0,,제1종일반주거지역,20221008
경상남도 양산시 물금읍 가촌리 1249-6번지,48330,25323,0,1249,0006,1264100068039,,,,3,용도구역코드,UQQ310,제1종지구단위계획구역,1,0,,제1종지구단위계획구역,20221008
경상남도 양산시 물금읍 가촌리 1249-7번지,48330,25323,0,1249,0007,1264100059157,,,,1,용도지역코드,UQA121,제1종일반주거지역,1,0,,제1종일반주거지역,20221008
경상남도 양산시 물금읍 가촌리 1249-7번지,48330,25323,0,1249,0007,1264100059157,,,,3,용도구역코드,UQQ310,제1종지구단위계획구역,1,0,,제1종지구단위계획구역,20221008
경상남도 양산시 물금읍 가촌리 1249-7번지,48330,25323,0,1249,0007,1264100059157,,,,3,용도구역코드,UOA120,상대보호구역,0,0,,상대정화구역,20221008
경상남도 양산시 물금읍 가촌리 1249-8번지,48330,25323,0,1249,0008,1264100149293,,,,1,용도지역코드,UQA121,제1종일반주거지역,1,0,,제1종일반주거지역,20221008
경상남도 양산시 물금읍 가촌리 1249-8번지,48330,25323,0,1249,0008,1264100149293,,,,3,용도구역코드,UQQ310,제1종지구단위계획구역,1,0,,제1종지구단위계획구역,20221008
경상남도 양산시 물금읍 가촌리 1249-9번지,48330,25323,0,1249,0009,1264100052291,,,,1,용도지역코드,UQA121,제1종일반주거지역,1,0,,제1종일반주거지역,20221008
경상남도 양산시 물금읍 가촌리 1249-9번지,48330,25323,0,1249,0009,1264100052291,,,,3,용도구역코드,UQQ310,제1종지구단위계획구역,1,0,,제1종지구단위계획구역,20221008
경상남도 양산시 물금읍 가촌리 1250-1번지,48330,25323,0,1250,0001,1264100052196,,,,1,용도지역코드,UQA121,제1종일반주거지역,1,0,,제1종일반주거지역,20221008
경상남도 양산시 물금읍 가촌리 1250-1번지,48330,25323,0,1250,0001,1264100052196,,,,3,용도구역코드,UQQ310,제1종지구단위계획구역,0,0,,제1종지구단위계획구역,20221008
경상남도 양산시 물금읍 가촌리 1250-1번지,48330,25323,0,1250,0001,1264100052196,,,,3,용도구역코드,UOA110,절대정화구역,0,0,,절대정화구역,20221008
경상남도 양산시 물금읍 가촌리 1250-2번지,48330,25323,0,1250,0002,1264100052238,,,,1,용도지역코드,UQA121,제1종일반주거지역,1,0,,제1종일반주거지역,20221008
경상남도 양산시 물금읍 가촌리 1250-2번지,48330,25323,0,1250,0002,1264100052238,,,,3,용도구역코드,UQQ310,제1종지구단위계획구역,1,0,,제1종지구단위계획구역,20221008
경상남도 양산시 물금읍 가촌리 1250-4번지,48330,25323,0,1250,0004,1264100088162,,,,1,용도지역코드,UQA121,제1종일반주거지역,1,0,,제1종일반주거지역,20221008
경상남도 양산시 물금읍 가촌리 1250-4번지,48330,25323,0,1250,0004,1264100088162,,,,3,용도구역코드,UQQ310,제1종지구단위계획구역,1,0,,제1종지구단위계획구역,20221008
경상남도 양산시 물금읍 가촌리 1250-4번지,48330,25323,0,1250,0004,1264100088162,,,,3,용도구역코드,UOA120,상대보호구역,0,0,,상대정화구역,20221008
경상남도 양산시 물금읍 가촌리 1250-5번지,48330,25323,0,1250,0005,1264100051170,,,,1,용도지역코드,UQA121,제1종일반주거지역,1,0,,제1종일반주거지역,20221008
경상남도 양산시 물금읍 가촌리 1250-5번지,48330,25323,0,1250,0005,1264100051170,,,,3,용도구역코드,UQQ310,제1종지구단위계획구역,1,0,,제1종지구단위계획구역,20221008
경상남도 양산시 물금읍 가촌리 1250-6번지,48330,25323,0,1250,0006,1264100052299,,,,1,용도지역코드,UQA121,제1종일반주거지역,1,0,,제1종일반주거지역,20221008
경상남도 양산시 물금읍 가촌리 1250-7번지,48330,25323,0,1250,0007,1264100052293,,,,1,용도지역코드,UQA121,제1종일반주거지역,1,0,,제1종일반주거지역,20221008
경상남도 양산시 물금읍 가촌리 1250-7번지,48330,25323,0,1250,0007,1264100052293,,,,3,용도구역코드,UQQ310,제1종지구단위계획구역,1,0,,제1종지구단위계획구역,20221008
경상남도 양산시 물금읍 가촌리 1250-8번지,48330,25323,0,1250,0008,1264100052294,,,,1,용도지역코드,UQA121,제1종일반주거지역,1,0,,제1종일반주거지역,20221008
경상남도 양산시 물금읍 가촌리 1250-8번지,48330,25323,0,1250,0008,1264100052294,,,,3,용도구역코드,UQQ310,제1종지구단위계획구역,1,0,,제1종지구단위계획구역,20221008
경상남도 양산시 물금읍 가촌리 1251-1번지,48330,25323,0,1251,0001,1264100088706,,,,1,용도지역코드,UQA130,준주거지역,1,0,,준주거지역,20221008
경상남도 양산시 물금읍 가촌리 1251-1번지,48330,25323,0,1251,0001,1264100088706,,,,3,용도구역코드,UQQ310,제1종지구단위계획구역,1,0,,제1종지구단위계획구역,20221008
경상남도 양산시 물금읍 가촌리 1251-1번지,48330,25323,0,1251,0001,1264100088706,,,,3,용도구역코드,UOA110,절대정화구역,0,0,,절대정화구역,20221008
경상남도 양산시 물금읍 가촌리 1251-3번지,48330,25323,0,1251,0003,1264100143903,,,,1,용도지역코드,UQA130,준주거지역,1,0,,준주거지역,20221008
경상남도 양산시 물금읍 가촌리 1251-3번지,48330,25323,0,1251,0003,1264100143903,,,,3,용도구역코드,UQQ310,제1종지구단위계획구역,1,0,,제1종지구단위계획구역,20221008
경상남도 양산시 물금읍 가촌리 1251-3번지,48330,25323,0,1251,0003,1264100143903,,,,3,용도구역코드,UMZ100,가축사육제한구역,0,0,,가축사육제한구역,20221008
경상남도 양산시 물금읍 가촌리 1251-4번지,48330,25323,0,1251,0004,1264100138505,,,,1,용도지역코드,UQA130,준주거지역,1,0,,준주거지역,20221008
경상남도 양산시 물금읍 가촌리 1251-4번지,48330,25323,0,1251,0004,1264100138505,,,,3,용도구역코드,UQQ310,제1종지구단위계획구역,1,0,,제1종지구단위계획구역,20221008
경상남도 양산시 물금읍 가촌리 1251-5번지,48330,25323,0,1251,0005,1264100145283,,,,1,용도지역코드,UQA130,준주거지역,1,0,,준주거지역,20221008
경상남도 양산시 물금읍 가촌리 1251-5번지,48330,25323,0,1251,0005,1264100145283,,,,3,용도구역코드,UQQ310,제1종지구단위계획구역,1,0,,제1종지구단위계획구역,20221008
경상남도 양산시 물금읍 가촌리 1252-1번지,48330,25323,0,1252,0001,1264100061618,,,,1,용도지역코드,UQA121,제1종일반주거지역,1,0,,제1종일반주거지역,20221008
경상남도 양산시 물금읍 가촌리 1252-1번지,48330,25323,0,1252,0001,1264100061618,,,,3,용도구역코드,UQQ310,제1종지구단위계획구역,1,0,,제1종지구단위계획구역,20221008
경상남도 양산시 물금읍 가촌리 1252-3번지,48330,25323,0,1252,0003,1264100115697,,,,3,용도구역코드,UQQ310,제1종지구단위계획구역,1,0,,제1종지구단위계획구역,20230630
경상남도 양산시 물금읍 가촌리 1252-3번지,48330,25323,0,1252,0003,1264100115697,,,,1,용도지역코드,UQA121,제1종일반주거지역,1,0,,제1종일반주거지역,20230630
경상남도 양산시 물금읍 가촌리 1252-4번지,48330,25323,0,1252,0004,1264100115638,,,,1,용도지역코드,UQA121,제1종일반주거지역,1,0,,제1종일반주거지역,20221008
경상남도 양산시 물금읍 가촌리 1252-4번지,48330,25323,0,1252,0004,1264100115638,,,,3,용도구역코드,UOA120,상대보호구역,1,0,,상대보호구역,20221008
경상남도 양산시 물금읍 가촌리 1252-4번지,48330,25323,0,1252,0004,1264100115638,,,,3,용도구역코드,UQQ310,제1종지구단위계획구역,0,0,,제1종지구단위계획구역,20221008
경상남도 양산시 물금읍 가촌리 1252-6번지,48330,25323,0,1252,0006,1264100082621,,,,1,용도지역코드,UQA121,제1종일반주거지역,1,0,,제1종일반주거지역,20221008
경상남도 양산시 물금읍 가촌리 1252-6번지,48330,25323,0,1252,0006,1264100082621,,,,3,용도구역코드,UQQ310,제1종지구단위계획구역,1,0,,제1종지구단위계획구역,20221008
경상남도 양산시 물금읍 가촌리 1252-7번지,48330,25323,0,1252,0007,1264100068319,,,,1,용도지역코드,UQA121,제1종일반주거지역,1,0,,제1종일반주거지역,20221008
경상남도 양산시 물금읍 가촌리 1252-7번지,48330,25323,0,1252,0007,1264100068319,,,,3,용도구역코드,UQQ310,제1종지구단위계획구역,1,0,,제1종지구단위계획구역,20221008
경상남도 양산시 물금읍 가촌리 1252-7번지,48330,25323,0,1252,0007,1264100068319,,,,3,용도구역코드,UOA120,상대보호구역,0,0,,상대정화구역,20221008
경상남도 양산시 물금읍 가촌리 1252-8번지,48330,25323,0,1252,0008,1264100108896,,,,3,용도구역코드,UQQ310,제1종지구단위계획구역,1,0,,제1종지구단위계획구역,20221008
경상남도 양산시 물금읍 가촌리 1252-8번지,48330,25323,0,1252,0008,1264100108896,,,,1,용도지역코드,UQA121,제1종일반주거지역,1,0,,제1종일반주거지역,20221008
경상남도 양산시 물금읍 가촌리 1252-9번지,48330,25323,0,1252,0009,1264100095767,,,,1,용도지역코드,UQA121,제1종일반주거지역,1,0,,제1종일반주거지역,20221008
경상남도 양산시 물금읍 가촌리 1252-9번지,48330,25323,0,1252,0009,1264100095767,,,,3,용도구역코드,UQQ310,제1종지구단위계획구역,1,0,,제1종지구단위계획구역,20221008
경상남도 양산시 물금읍 가촌리 1252-9번지,48330,25323,0,1252,0009,1264100095767,,,,3,용도구역코드,UOA120,상대보호구역,0,0,,상대정화구역,20221008
경상남도 양산시 물금읍 가촌리 1252-11번지,48330,25323,0,1252,0011,1264100114877,,,,1,용도지역코드,UQA121,제1종일반주거지역,1,0,,제1종일반주거지역,20221008
경상남도 양산시 물금읍 가촌리 1252-11번지,48330,25323,0,1252,0011,1264100114877,,,,3,용도구역코드,UOA120,상대보호구역,1,0,,상대보호구역,20221008
경상남도 양산시 물금읍 가촌리 1252-11번지,48330,25323,0,1252,0011,1264100114877,,,,3,용도구역코드,UQQ310,제1종지구단위계획구역,0,0,,제1종지구단위계획구역,20221008
경상남도 양산시 물금읍 가촌리 1253-1번지,48330,25323,0,1253,0001,1264100106553,,,,1,용도지역코드,UQA121,제1종일반주거지역,1,0,,제1종일반주거지역,20221008
경상남도 양산시 물금읍 가촌리 1253-1번지,48330,25323,0,1253,0001,1264100106553,,,,3,용도구역코드,UQQ310,제1종지구단위계획구역,1,0,,제1종지구단위계획구역,20221008
경상남도 양산시 물금읍 가촌리 1253-1번지,48330,25323,0,1253,0001,1264100106553,,,,3,용도구역코드,UOA120,상대보호구역,0,0,,상대정화구역,20221008
경상남도 양산시 물금읍 가촌리 1253-2번지,48330,25323,0,1253,0002,1264100088644,,,,1,용도지역코드,UQA121,제1종일반주거지역,1,0,,제1종일반주거지역,20221008
경상남도 양산시 물금읍 가촌리 1253-2번지,48330,25323,0,1253,0002,1264100088644,,,,3,용도구역코드,UQQ310,제1종지구단위계획구역,1,0,,제1종지구단위계획구역,20221008
경상남도 양산시 물금읍 가촌리 1253-3번지,48330,25323,0,1253,0003,1264100089523,,,,1,용도지역코드,UQA121,제1종일반주거지역,1,0,,제1종일반주거지역,20221008
경상남도 양산시 물금읍 가촌리 1253-3번지,48330,25323,0,1253,0003,1264100089523,,,,3,용도구역코드,UQQ310,제1종지구단위계획구역,1,0,,제1종지구단위계획구역,20221008
경상남도 양산시 물금읍 가촌리 1253-4번지,48330,25323,0,1253,0004,1264100069200,,,,1,용도지역코드,UQA121,제1종일반주거지역,1,0,,제1종일반주거지역,20221008
경상남도 양산시 물금읍 가촌리 1253-4번지,48330,25323,0,1253,0004,1264100069200,,,,3,용도구역코드,UQQ310,제1종지구단위계획구역,1,0,,제1종지구단위계획구역,20221008
경상남도 양산시 물금읍 가촌리 1253-4번지,48330,25323,0,1253,0004,1264100069200,,,,3,용도구역코드,UOA120,상대보호구역,0,0,,상대정화구역,20221008
경상남도 양산시 물금읍 가촌리 1253-5번지,48330,25323,0,1253,0005,1264100091846,,,,1,용도지역코드,UQA121,제1종일반주거지역,1,0,,제1종일반주거지역,20221008
경상남도 양산시 물금읍 가촌리 1253-5번지,48330,25323,0,1253,0005,1264100091846,,,,3,용도구역코드,UQQ310,제1종지구단위계획구역,1,0,,제1종지구단위계획구역,20221008
경상남도 양산시 물금읍 가촌리 1253-5번지,48330,25323,0,1253,0005,1264100091846,,,,3,용도구역코드,UOA120,상대보호구역,0,0,,상대정화구역,20221008
경상남도 양산시 물금읍 가촌리 1253-6번지,48330,25323,0,1253,0006,1264100127622,,,,1,용도지역코드,UQA121,제1종일반주거지역,1,0,,제1종일반주거지역,20221008
경상남도 양산시 물금읍 가촌리 1253-6번지,48330,25323,0,1253,0006,1264100127622,,,,3,용도구역코드,UOA120,상대보호구역,1,0,,상대보호구역,20221008
경상남도 양산시 물금읍 가촌리 1253-6번지,48330,25323,0,1253,0006,1264100127622,,,,3,용도구역코드,UQQ310,제1종지구단위계획구역,0,0,,제1종지구단위계획구역,20221008
경상남도 양산시 물금읍 가촌리 1253-7번지,48330,25323,0,1253,0007,1264100051872,,,,1,용도지역코드,UQA121,제1종일반주거지역,1,0,,제1종일반주거지역,20221008
경상남도 양산시 물금읍 가촌리 1253-7번지,48330,25323,0,1253,0007,1264100051872,,,,3,용도구역코드,UOA120,상대보호구역,,,,상대정화구역,20221008
경상남도 양산시 물금읍 가촌리 1253-7번지,48330,25323,0,1253,0007,1264100051872,,,,3,용도구역코드,UQQ310,제1종지구단위계획구역,1,0,,제1종지구단위계획구역,20221008
경상남도 양산시 물금읍 가촌리 1253-8번지,48330,25323,0,1253,0008,1264100100133,,,,3,용도구역코드,UQQ310,제1종지구단위계획구역,0,0,,제1종지구단위계획구역,20221008
경상남도 양산시 물금읍 가촌리 1253-8번지,48330,25323,0,1253,0008,1264100100133,,,,1,용도지역코드,UQA121,제1종일반주거지역,1,0,,제1종일반주거지역,20221008
경상남도 양산시 물금읍 가촌리 1253-8번지,48330,25323,0,1253,0008,1264100100133,,,,3,용도구역코드,UOA120,상대보호구역,1,0,,상대보호구역,20221008
경상남도 양산시 물금읍 가촌리 1253-10번지,48330,25323,0,1253,0010,1264100115580,,,,1,용도지역코드,UQA121,제1종일반주거지역,1,0,,제1종일반주거지역,20221008
경상남도 양산시 물금읍 가촌리 1253-10번지,48330,25323,0,1253,0010,1264100115580,,,,3,용도구역코드,UQQ310,제1종지구단위계획구역,1,0,,제1종지구단위계획구역,20221008
경상남도 양산시 물금읍 가촌리 1253-11번지,48330,25323,0,1253,0011,1264100115222,,,,1,용도지역코드,UQA121,제1종일반주거지역,1,0,,제1종일반주거지역,20221008
경상남도 양산시 물금읍 가촌리 1253-11번지,48330,25323,0,1253,0011,1264100115222,,,,3,용도구역코드,UOA120,상대보호구역,1,0,,상대보호구역,20221008
경상남도 양산시 물금읍 가촌리 1253-11번지,48330,25323,0,1253,0011,1264100115222,,,,3,용도구역코드,UQQ310,제1종지구단위계획구역,0,0,,제1종지구단위계획구역,20221008
경상남도 양산시 물금읍 가촌리 1253-12번지,48330,25323,0,1253,0012,1264100088842,,,,1,용도지역코드,UQA121,제1종일반주거지역,1,0,,제1종일반주거지역,20221008
경상남도 양산시 물금읍 가촌리 1253-12번지,48330,25323,0,1253,0012,1264100088842,,,,3,용도구역코드,UQQ310,제1종지구단위계획구역,1,0,,제1종지구단위계획구역,20221008
경상남도 양산시 물금읍 가촌리 1254-1번지,48330,25323,0,1254,0001,1264100051300,,,,1,용도지역코드,UQA121,제1종일반주거지역,1,0,,제1종일반주거지역,20221008
경상남도 양산시 물금읍 가촌리 1254-1번지,48330,25323,0,1254,0001,1264100051300,,,,3,용도구역코드,UQQ310,제1종지구단위계획구역,1,0,,제1종지구단위계획구역,20221008
경상남도 양산시 물금읍 가촌리 1254-2번지,48330,25323,0,1254,0002,1264100088983,,,,3,용도구역코드,UQQ310,제1종지구단위계획구역,1,0,,제1종지구단위계획구역,20221008
경상남도 양산시 물금읍 가촌리 1254-2번지,48330,25323,0,1254,0002,1264100088983,,,,3,용도구역코드,UOA110,절대정화구역,0,0,,절대정화구역,20221008
경상남도 양산시 물금읍 가촌리 1254-2번지,48330,25323,0,1254,0002,1264100088983,,,,1,용도지역코드,UQA121,제1종일반주거지역,1,0,,제1종일반주거지역,20221008
경상남도 양산시 물금읍 가촌리 1254-3번지,48330,25323,0,1254,0003,1264100150052,,,,1,용도지역코드,UQA121,제1종일반주거지역,1,0,,제1종일반주거지역,20221008
경상남도 양산시 물금읍 가촌리 1254-3번지,48330,25323,0,1254,0003,1264100150052,,,,3,용도구역코드,UOA110,절대정화구역,1,0,,절대보호구역,20221008
경상남도 양산시 물금읍 가촌리 1254-3번지,48330,25323,0,1254,0003,1264100150052,,,,3,용도구역코드,UQQ310,제1종지구단위계획구역,0,0,,제1종지구단위계획구역,20221008
경상남도 양산시 물금읍 가촌리 1254-3번지,48330,25323,0,1254,0003,1264100095266,,,,1,용도지역코드,UQA121,제1종일반주거지역,1,0,,제1종일반주거지역,20221008
경상남도 양산시 물금읍 가촌리 1254-3번지,48330,25323,0,1254,0003,1264100095266,,,,3,용도구역코드,UQQ310,제1종지구단위계획구역,1,0,,제1종지구단위계획구역,20221008
경상남도 양산시 물금읍 가촌리 1254-3번지,48330,25323,0,1254,0003,1264100095266,,,,3,용도구역코드,UOA120,상대보호구역,0,0,,상대정화구역,20221008
경상남도 양산시 물금읍 가촌리 1254-4번지,48330,25323,0,1254,0004,1264100106013,,,,1,용도지역코드,UQA121,제1종일반주거지역,1,0,,제1종일반주거지역,20221008
경상남도 양산시 물금읍 가촌리 1254-4번지,48330,25323,0,1254,0004,1264100106013,,,,3,용도구역코드,UQQ310,제1종지구단위계획구역,1,0,,제1종지구단위계획구역,20221008
경상남도 양산시 물금읍 가촌리 1254-5번지,48330,25323,0,1254,0005,1264100115257,,,,1,용도지역코드,UQA121,제1종일반주거지역,1,0,,제1종일반주거지역,20221008
경상남도 양산시 물금읍 가촌리 1254-5번지,48330,25323,0,1254,0005,1264100115257,,,,3,용도구역코드,UQQ310,제1종지구단위계획구역,1,0,,제1종지구단위계획구역,20221008
경상남도 양산시 물금읍 가촌리 1254-5번지,48330,25323,0,1254,0005,1264100115257,,,,3,용도구역코드,UMZ100,가축사육제한구역,0,0,,가축사육제한구역,20221008
경상남도 양산시 물금읍 가촌리 1254-6번지,48330,25323,0,1254,0006,1264100071679,,,,1,용도지역코드,UQA121,제1종일반주거지역,1,0,,제1종일반주거지역,20221008
경상남도 양산시 물금읍 가촌리 1254-6번지,48330,25323,0,1254,0006,1264100071679,,,,3,용도구역코드,UQQ310,제1종지구단위계획구역,1,0,,제1종지구단위계획구역,20221008
경상남도 양산시 물금읍 가촌리 1254-7번지,48330,25323,0,1254,0007,1264100090143,,,,1,용도지역코드,UQA121,제1종일반주거지역,1,0,,제1종일반주거지역,20221008
경상남도 양산시 물금읍 가촌리 1254-7번지,48330,25323,0,1254,0007,1264100090143,,,,3,용도구역코드,UQQ310,제1종지구단위계획구역,1,0,,제1종지구단위계획구역,20221008
경상남도 양산시 물금읍 가촌리 1254-7번지,48330,25323,0,1254,0007,1264100090143,,,,3,용도구역코드,UOA120,상대보호구역,0,0,,상대정화구역,20221008
경상남도 양산시 물금읍 가촌리 1254-8번지,48330,25323,0,1254,0008,1264100105155,,,,1,용도지역코드,UQA121,제1종일반주거지역,1,0,,제1종일반주거지역,20221008
경상남도 양산시 물금읍 가촌리 1254-8번지,48330,25323,0,1254,0008,1264100105155,,,,3,용도구역코드,UQQ310,제1종지구단위계획구역,1,0,,제1종지구단위계획구역,20221008
경상남도 양산시 물금읍 가촌리 1254-8번지,48330,25323,0,1254,0008,1264100105155,,,,3,용도구역코드,UOA120,상대보호구역,0,0,,상대정화구역,20221008
경상남도 양산시 물금읍 가촌리 1254-9번지,48330,25323,0,1254,0009,1264100052113,,,,1,용도지역코드,UQA121,제1종일반주거지역,1,0,,제1종일반주거지역,20221008
경상남도 양산시 물금읍 가촌리 1254-9번지,48330,25323,0,1254,0009,1264100052113,,,,3,용도구역코드,UQQ310,제1종지구단위계획구역,1,0,,제1종지구단위계획구역,20221008
경상남도 양산시 물금읍 가촌리 1254-10번지,48330,25323,0,1254,0010,1264100051373,,,,1,용도지역코드,UQA121,제1종일반주거지역,1,0,,제1종일반주거지역,20221008
경상남도 양산시 물금읍 가촌리 1254-10번지,48330,25323,0,1254,0010,1264100051373,,,,3,용도구역코드,UQQ310,제1종지구단위계획구역,1,0,,제1종지구단위계획구역,20221008
경상남도 양산시 물금읍 가촌리 1254-11번지,48330,25323,0,1254,0011,1264100082803,,,,1,용도지역코드,UQA121,제1종일반주거지역,1,0,,제1종일반주거지역,20221008
경상남도 양산시 물금읍 가촌리 1254-11번지,48330,25323,0,1254,0011,1264100082803,,,,3,용도구역코드,UQQ310,제1종지구단위계획구역,1,0,,제1종지구단위계획구역,20221008
경상남도 양산시 물금읍 가촌리 1254-12번지,48330,25323,0,1254,0012,1264100101893,,,,1,용도지역코드,UQA121,제1종일반주거지역,1,0,,제1종일반주거지역,20221008
경상남도 양산시 물금읍 가촌리 1254-12번지,48330,25323,0,1254,0012,1264100101893,,,,3,용도구역코드,UQQ310,제1종지구단위계획구역,1,0,,제1종지구단위계획구역,20221008
경상남도 양산시 물금읍 가촌리 1254-12번지,48330,25323,0,1254,0012,1264100101893,,,,3,용도구역코드,UOA120,상대보호구역,0,0,,상대정화구역,20221008
경상남도 양산시 물금읍 가촌리 1254-13번지,48330,25323,0,1254,0013,1264100075819,,,,1,용도지역코드,UQA121,제1종일반주거지역,1,0,,제1종일반주거지역,20221008
경상남도 양산시 물금읍 가촌리 1254-13번지,48330,25323,0,1254,0013,1264100075819,,,,3,용도구역코드,UQQ310,제1종지구단위계획구역,1,0,,제1종지구단위계획구역,20221008
경상남도 양산시 물금읍 가촌리 1254-16번지,48330,25323,0,1254,0016,1264100058093,,,,1,용도지역코드,UQA121,제1종일반주거지역,1,0,,제1종일반주거지역,20221008
경상남도 양산시 물금읍 가촌리 1254-16번지,48330,25323,0,1254,0016,1264100058093,,,,3,용도구역코드,UQQ310,제1종지구단위계획구역,1,0,,제1종지구단위계획구역,20221008
경상남도 양산시 물금읍 가촌리 1254-17번지,48330,25323,0,1254,0017,1264100052240,,,,1,용도지역코드,UQA121,제1종일반주거지역,1,0,,제1종일반주거지역,20221008
경상남도 양산시 물금읍 가촌리 1254-17번지,48330,25323,0,1254,0017,1264100052240,,,,3,용도구역코드,UQQ310,제1종지구단위계획구역,1,0,,제1종지구단위계획구역,20221008
경상남도 양산시 물금읍 가촌리 1255-3번지,48330,25323,0,1255,0003,1264100099433,,,,1,용도지역코드,UQA121,제1종일반주거지역,1,0,,제1종일반주거지역,20221008
경상남도 양산시 물금읍 가촌리 1255-3번지,48330,25323,0,1255,0003,1264100099433,,,,3,용도구역코드,UOA120,상대보호구역,1,0,,상대보호구역,20221008
경상남도 양산시 물금읍 가촌리 1255-3번지,48330,25323,0,1255,0003,1264100099433,,,,3,용도구역코드,UQQ310,제1종지구단위계획구역,0,0,,제1종지구단위계획구역,20221008
경상남도 양산시 물금읍 가촌리 1255-3번지,48330,25323,0,1255,0003,1264100099433,,,,3,용도구역코드,UOA110,절대정화구역,0,0,,절대보호구역,20221008
경상남도 양산시 물금읍 가촌리 1255-4번지,48330,25323,0,1255,0004,1264100102953,,,,1,용도지역코드,UQA121,제1종일반주거지역,1,0,,제1종일반주거지역,20221008
경상남도 양산시 물금읍 가촌리 1255-4번지,48330,25323,0,1255,0004,1264100102953,,,,3,용도구역코드,UQQ310,제1종지구단위계획구역,1,0,,제1종지구단위계획구역,20221008
경상남도 양산시 물금읍 가촌리 1255-5번지,48330,25323,0,1255,0005,1264100073159,,,,1,용도지역코드,UQA121,제1종일반주거지역,1,0,,제1종일반주거지역,20221008
경상남도 양산시 물금읍 가촌리 1255-5번지,48330,25323,0,1255,0005,1264100073159,,,,3,용도구역코드,UQQ310,제1종지구단위계획구역,1,0,,제1종지구단위계획구역,20221008
경상남도 양산시 물금읍 가촌리 1255-5번지,48330,25323,0,1255,0005,1264100060253,,,,1,용도지역코드,UQA121,제1종일반주거지역,1,0,,제1종일반주거지역,20221008
경상남도 양산시 물금읍 가촌리 1255-5번지,48330,25323,0,1255,0005,1264100060253,,,,3,용도구역코드,UQQ310,제1종지구단위계획구역,1,0,,제1종지구단위계획구역,20221008
경상남도 양산시 물금읍 가촌리 1255-6번지,48330,25323,0,1255,0006,1264100051907,,,,1,용도지역코드,UQA121,제1종일반주거지역,1,0,,제1종일반주거지역,20221008
경상남도 양산시 물금읍 가촌리 1255-7번지,48330,25323,0,1255,0007,1264100072342,,,,1,용도지역코드,UQA121,제1종일반주거지역,1,0,,제1종일반주거지역,20221008
경상남도 양산시 물금읍 가촌리 1255-7번지,48330,25323,0,1255,0007,1264100072342,,,,3,용도구역코드,UQQ310,제1종지구단위계획구역,1,0,,제1종지구단위계획구역,20221008
경상남도 양산시 물금읍 가촌리 1255-7번지,48330,25323,0,1255,0007,1264100072342,,,,3,용도구역코드,UOA120,상대보호구역,0,0,,상대정화구역,20221008
경상남도 양산시 물금읍 가촌리 1255-8번지,48330,25323,0,1255,0008,1264100053233,,,,3,용도구역코드,UQQ310,제1종지구단위계획구역,1,0,,제1종지구단위계획구역,20221008
경상남도 양산시 물금읍 가촌리 1255-8번지,48330,25323,0,1255,0008,1264100053233,,,,1,용도지역코드,UQA121,제1종일반주거지역,1,0,,제1종일반주거지역,20221008
경상남도 양산시 물금읍 가촌리 1255-9번지,48330,25323,0,1255,0009,1264100066582,,,,1,용도지역코드,UQA121,제1종일반주거지역,1,0,,제1종일반주거지역,20221008
경상남도 양산시 물금읍 가촌리 1255-9번지,48330,25323,0,1255,0009,1264100066582,,,,3,용도구역코드,UQQ310,제1종지구단위계획구역,1,0,,제1종지구단위계획구역,20221008
경상남도 양산시 물금읍 가촌리 1255-11번지,48330,25323,0,1255,0011,1264100114276,,,,1,용도지역코드,UQA121,제1종일반주거지역,1,0,,제1종일반주거지역,20221008
경상남도 양산시 물금읍 가촌리 1255-11번지,48330,25323,0,1255,0011,1264100114276,,,,3,용도구역코드,UOA120,상대보호구역,1,0,,상대보호구역,20221008
경상남도 양산시 물금읍 가촌리 1255-11번지,48330,25323,0,1255,0011,1264100114276,,,,3,용도구역코드,UQQ310,제1종지구단위계획구역,0,0,,제1종지구단위계획구역,20221008
경상남도 양산시 물금읍 가촌리 1255-12번지,48330,25323,0,1255,0012,1264100060495,,,,1,용도지역코드,UQA121,제1종일반주거지역,1,0,,제1종일반주거지역,20221008
경상남도 양산시 물금읍 가촌리 1255-12번지,48330,25323,0,1255,0012,1264100060495,,,,3,용도구역코드,UQQ310,제1종지구단위계획구역,1,0,,제1종지구단위계획구역,20221008
경상남도 양산시 물금읍 가촌리 1255-13번지,48330,25323,0,1255,0013,1264100080939,,,,1,용도지역코드,UQA121,제1종일반주거지역,1,0,,제1종일반주거지역,20221008
경상남도 양산시 물금읍 가촌리 1255-13번지,48330,25323,0,1255,0013,1264100080939,,,,3,용도구역코드,UQQ310,제1종지구단위계획구역,1,0,,제1종지구단위계획구역,20221008
경상남도 양산시 물금읍 가촌리 1255-14번지,48330,25323,0,1255,0014,1264100075161,,,,1,용도지역코드,UQA121,제1종일반주거지역,1,0,,제1종일반주거지역,20221008
경상남도 양산시 물금읍 가촌리 1255-14번지,48330,25323,0,1255,0014,1264100075161,,,,3,용도구역코드,UQQ310,제1종지구단위계획구역,1,0,,제1종지구단위계획구역,20221008
경상남도 양산시 물금읍 가촌리 1255-15번지,48330,25323,0,1255,0015,1264100082683,,,,1,용도지역코드,UQA121,제1종일반주거지역,1,0,,제1종일반주거지역,20221008
경상남도 양산시 물금읍 가촌리 1255-15번지,48330,25323,0,1255,0015,1264100082683,,,,3,용도구역코드,UQQ310,제1종지구단위계획구역,1,0,,제1종지구단위계획구역,20221008
경상남도 양산시 물금읍 가촌리 1255-16번지,48330,25323,0,1255,0016,1264100094002,,,,1,용도지역코드,UQA121,제1종일반주거지역,1,0,,제1종일반주거지역,20221008
경상남도 양산시 물금읍 가촌리 1255-16번지,48330,25323,0,1255,0016,1264100094002,,,,3,용도구역코드,UQQ310,제1종지구단위계획구역,1,0,,제1종지구단위계획구역,20221008
경상남도 양산시 물금읍 가촌리 1255-16번지,48330,25323,0,1255,0016,1264100094002,,,,3,용도구역코드,UOA120,상대보호구역,0,0,,상대정화구역,20221008
경상남도 양산시 물금읍 가촌리 1256-1번지,48330,25323,0,1256,0001,1264100051883,,,,1,용도지역코드,UQA121,제1종일반주거지역,1,0,,제1종일반주거지역,20221008
경상남도 양산시 물금읍 가촌리 1256-1번지,48330,25323,0,1256,0001,1264100051883,,,,3,용도구역코드,UQQ310,제1종지구단위계획구역,1,0,,제1종지구단위계획구역,20221008
경상남도 양산시 물금읍 가촌리 1256-2번지,48330,25323,0,1256,0002,1264100052375,,,,1,용도지역코드,UQA121,제1종일반주거지역,1,0,,제1종일반주거지역,20221008
경상남도 양산시 물금읍 가촌리 1256-2번지,48330,25323,0,1256,0002,1264100052375,,,,3,용도구역코드,UQQ310,제1종지구단위계획구역,1,0,,제1종지구단위계획구역,20221008
경상남도 양산시 물금읍 가촌리 1256-3번지,48330,25323,0,1256,0003,1264100096207,,,,1,용도지역코드,UQA121,제1종일반주거지역,1,0,,제1종일반주거지역,20221008
경상남도 양산시 물금읍 가촌리 1256-3번지,48330,25323,0,1256,0003,1264100096207,,,,3,용도구역코드,UQQ310,제1종지구단위계획구역,1,0,,제1종지구단위계획구역,20221008
경상남도 양산시 물금읍 가촌리 1256-4번지,48330,25323,0,1256,0004,1264100076259,,,,1,용도지역코드,UQA121,제1종일반주거지역,1,0,,제1종일반주거지역,20221008
경상남도 양산시 물금읍 가촌리 1256-4번지,48330,25323,0,1256,0004,1264100076259,,,,3,용도구역코드,UQQ310,제1종지구단위계획구역,1,0,,제1종지구단위계획구역,20221008
경상남도 양산시 물금읍 가촌리 1256-4번지,48330,25323,0,1256,0004,1264100076259,,,,3,용도구역코드,UOA120,상대보호구역,0,0,,상대정화구역,20221008
경상남도 양산시 물금읍 가촌리 1256-5번지,48330,25323,0,1256,0005,1264100082984,,,,1,용도지역코드,UQA121,제1종일반주거지역,1,0,,제1종일반주거지역,20221008
경상남도 양산시 물금읍 가촌리 1256-5번지,48330,25323,0,1256,0005,1264100082984,,,,3,용도구역코드,UQQ310,제1종지구단위계획구역,1,0,,제1종지구단위계획구역,20221008
경상남도 양산시 물금읍 가촌리 1256-5번지,48330,25323,0,1256,0005,1264100082984,,,,3,용도구역코드,UOA120,상대보호구역,0,0,,상대정화구역,20221008
경상남도 양산시 물금읍 가촌리 1256-6번지,48330,25323,0,1256,0006,1264100113959,,,,1,용도지역코드,UQA121,제1종일반주거지역,1,0,,제1종일반주거지역,20221008
경상남도 양산시 물금읍 가촌리 1256-6번지,48330,25323,0,1256,0006,1264100113959,,,,3,용도구역코드,UOA120,상대보호구역,1,0,,상대보호구역,20221008
경상남도 양산시 물금읍 가촌리 1256-6번지,48330,25323,0,1256,0006,1264100113959,,,,3,용도구역코드,UQQ310,제1종지구단위계획구역,0,0,,제1종지구단위계획구역,20221008
경상남도 양산시 물금읍 가촌리 1256-8번지,48330,25323,0,1256,0008,1264100099113,,,,1,용도지역코드,UQA121,제1종일반주거지역,1,0,,제1종일반주거지역,20221008
경상남도 양산시 물금읍 가촌리 1256-8번지,48330,25323,0,1256,0008,1264100099113,,,,3,용도구역코드,UQQ310,제1종지구단위계획구역,1,0,,제1종지구단위계획구역,20221008
경상남도 양산시 물금읍 가촌리 1256-8번지,48330,25323,0,1256,0008,1264100099113,,,,3,용도구역코드,UOA120,상대보호구역,0,0,,상대정화구역,20221008
경상남도 양산시 물금읍 가촌리 1256-9번지,48330,25323,0,1256,0009,1264100052300,,,,1,용도지역코드,UQA121,제1종일반주거지역,1,0,,제1종일반주거지역,20221008
경상남도 양산시 물금읍 가촌리 1256-10번지,48330,25323,0,1256,0010,1264100081584,,,,1,용도지역코드,UQA121,제1종일반주거지역,1,0,,제1종일반주거지역,20221008
경상남도 양산시 물금읍 가촌리 1256-10번지,48330,25323,0,1256,0010,1264100081584,,,,3,용도구역코드,UQQ310,제1종지구단위계획구역,1,0,,제1종지구단위계획구역,20221008
경상남도 양산시 물금읍 가촌리 1256-11번지,48330,25323,0,1256,0011,1264100052040,,,,1,용도지역코드,UQA121,제1종일반주거지역,1,0,,제1종일반주거지역,20221008
경상남도 양산시 물금읍 가촌리 1256-11번지,48330,25323,0,1256,0011,1264100052040,,,,3,용도구역코드,UQQ310,제1종지구단위계획구역,1,0,,제1종지구단위계획구역,20221008
경상남도 양산시 물금읍 가촌리 1256-12번지,48330,25323,0,1256,0012,1264100054189,,,,1,용도지역코드,UQA121,제1종일반주거지역,1,0,,제1종일반주거지역,20221008
경상남도 양산시 물금읍 가촌리 1256-12번지,48330,25323,0,1256,0012,1264100054189,,,,3,용도구역코드,UQQ310,제1종지구단위계획구역,1,0,,제1종지구단위계획구역,20221008
경상남도 양산시 물금읍 가촌리 1256-13번지,48330,25323,0,1256,0013,1264100071479,,,,1,용도지역코드,UQA121,제1종일반주거지역,1,0,,제1종일반주거지역,20221008
경상남도 양산시 물금읍 가촌리 1256-13번지,48330,25323,0,1256,0013,1264100071479,,,,3,용도구역코드,UQQ310,제1종지구단위계획구역,1,0,,제1종지구단위계획구역,20221008
경상남도 양산시 물금읍 가촌리 1256-14번지,48330,25323,0,1256,0014,1264100075246,,,,1,용도지역코드,UQA121,제1종일반주거지역,1,0,,제1종일반주거지역,20221008
경상남도 양산시 물금읍 가촌리 1256-14번지,48330,25323,0,1256,0014,1264100075246,,,,3,용도구역코드,UQQ310,제1종지구단위계획구역,1,0,,제1종지구단위계획구역,20221008
경상남도 양산시 물금읍 가촌리 1256-15번지,48330,25323,0,1256,0015,1264100086642,,,,1,용도지역코드,UQA121,제1종일반주거지역,1,0,,제1종일반주거지역,20221008
경상남도 양산시 물금읍 가촌리 1256-15번지,48330,25323,0,1256,0015,1264100086642,,,,3,용도구역코드,UQQ310,제1종지구단위계획구역,1,0,,제1종지구단위계획구역,20221008
경상남도 양산시 물금읍 가촌리 1256-16번지,48330,25323,0,1256,0016,1264100102055,,,,1,용도지역코드,UQA121,제1종일반주거지역,1,0,,제1종일반주거지역,20221008
경상남도 양산시 물금읍 가촌리 1256-16번지,48330,25323,0,1256,0016,1264100102055,,,,3,용도구역코드,UQQ310,제1종지구단위계획구역,1,0,,제1종지구단위계획구역,20221008
경상남도 양산시 물금읍 가촌리 1256-18번지,48330,25323,0,1256,0018,1264100109357,,,,3,용도구역코드,UQQ310,제1종지구단위계획구역,1,0,,제1종지구단위계획구역,20230615
경상남도 양산시 물금읍 가촌리 1256-18번지,48330,25323,0,1256,0018,1264100109357,,,,1,용도지역코드,UQA121,제1종일반주거지역,1,0,,제1종일반주거지역,20230615
경상남도 양산시 물금읍 가촌리 1257-1번지,48330,25323,0,1257,0001,1264100051992,,,,1,용도지역코드,UQA121,제1종일반주거지역,1,0,,제1종일반주거지역,20221008
경상남도 양산시 물금읍 가촌리 1257-1번지,48330,25323,0,1257,0001,1264100051992,,,,3,용도구역코드,UQQ310,제1종지구단위계획구역,1,0,,제1종지구단위계획구역,20221008
경상남도 양산시 물금읍 가촌리 1257-2번지,48330,25323,0,1257,0002,1264100056592,,,,1,용도지역코드,UQA121,제1종일반주거지역,1,0,,제1종일반주거지역,20221008
경상남도 양산시 물금읍 가촌리 1257-2번지,48330,25323,0,1257,0002,1264100056592,,,,3,용도구역코드,UQQ310,제1종지구단위계획구역,1,0,,제1종지구단위계획구역,20221008
경상남도 양산시 물금읍 가촌리 1257-3번지,48330,25323,0,1257,0003,1264100108978,,,,1,용도지역코드,UQA121,제1종일반주거지역,1,0,,제1종일반주거지역,20221008
경상남도 양산시 물금읍 가촌리 1257-3번지,48330,25323,0,1257,0003,1264100108978,,,,3,용도구역코드,UQQ310,제1종지구단위계획구역,1,0,,제1종지구단위계획구역,20221008
경상남도 양산시 물금읍 가촌리 1257-4번지,48330,25323,0,1257,0004,1264100107797,,,,1,용도지역코드,UQA121,제1종일반주거지역,1,0,,제1종일반주거지역,20221008
경상남도 양산시 물금읍 가촌리 1257-4번지,48330,25323,0,1257,0004,1264100107797,,,,3,용도구역코드,UQQ310,제1종지구단위계획구역,1,0,,제1종지구단위계획구역,20221008
경상남도 양산시 물금읍 가촌리 1257-5번지,48330,25323,0,1257,0005,1264100085345,,,,1,용도지역코드,UQA121,제1종일반주거지역,1,0,,제1종일반주거지역,20221008
경상남도 양산시 물금읍 가촌리 1257-5번지,48330,25323,0,1257,0005,1264100085345,,,,3,용도구역코드,UQQ310,제1종지구단위계획구역,1,0,,제1종지구단위계획구역,20221008
경상남도 양산시 물금읍 가촌리 1257-5번지,48330,25323,0,1257,0005,1264100085345,,,,3,용도구역코드,UOA120,상대보호구역,0,0,,상대정화구역,20221008
경상남도 양산시 물금읍 가촌리 1257-6번지,48330,25323,0,1257,0006,1264100070799,,,,1,용도지역코드,UQA121,제1종일반주거지역,1,0,,제1종일반주거지역,20221008
경상남도 양산시 물금읍 가촌리 1257-6번지,48330,25323,0,1257,0006,1264100070799,,,,3,용도구역코드,UQQ310,제1종지구단위계획구역,1,0,,제1종지구단위계획구역,20221008
경상남도 양산시 물금읍 가촌리 1257-6번지,48330,25323,0,1257,0006,1264100070799,,,,3,용도구역코드,UOA120,상대보호구역,0,0,,상대정화구역,20221008
경상남도 양산시 물금읍 가촌리 1257-7번지,48330,25323,0,1257,0007,1264100062721,,,,1,용도지역코드,UQA121,제1종일반주거지역,1,0,,제1종일반주거지역,20221008
경상남도 양산시 물금읍 가촌리 1257-7번지,48330,25323,0,1257,0007,1264100062721,,,,3,용도구역코드,UQQ310,제1종지구단위계획구역,1,0,,제1종지구단위계획구역,20221008
경상남도 양산시 물금읍 가촌리 1257-8번지,48330,25323,0,1257,0008,1264100069039,,,,1,용도지역코드,UQA121,제1종일반주거지역,1,0,,제1종일반주거지역,20221008
경상남도 양산시 물금읍 가촌리 1257-8번지,48330,25323,0,1257,0008,1264100069039,,,,3,용도구역코드,UQQ310,제1종지구단위계획구역,1,0,,제1종지구단위계획구역,20221008
경상남도 양산시 물금읍 가촌리 1257-9번지,48330,25323,0,1257,0009,1264100100433,,,,1,용도지역코드,UQA121,제1종일반주거지역,1,0,,제1종일반주거지역,20221008
경상남도 양산시 물금읍 가촌리 1257-9번지,48330,25323,0,1257,0009,1264100100433,,,,3,용도구역코드,UQQ310,제1종지구단위계획구역,1,0,,제1종지구단위계획구역,20221008
경상남도 양산시 물금읍 가촌리 1257-9번지,48330,25323,0,1257,0009,1264100100433,,,,3,용도구역코드,UOA120,상대보호구역,0,0,,상대정화구역,20221008
경상남도 양산시 물금읍 가촌리 1257-10번지,48330,25323,0,1257,0010,1264100052011,,,,1,용도지역코드,UQA121,제1종일반주거지역,1,0,,제1종일반주거지역,20221008
경상남도 양산시 물금읍 가촌리 1257-10번지,48330,25323,0,1257,0010,1264100052011,,,,3,용도구역코드,UQQ310,제1종지구단위계획구역,1,0,,제1종지구단위계획구역,20221008
경상남도 양산시 물금읍 가촌리 1257-12번지,48330,25323,0,1257,0012,1264100068540,,,,1,용도지역코드,UQA121,제1종일반주거지역,1,0,,제1종일반주거지역,20221008
경상남도 양산시 물금읍 가촌리 1257-12번지,48330,25323,0,1257,0012,1264100068540,,,,3,용도구역코드,UQQ310,제1종지구단위계획구역,1,0,,제1종지구단위계획구역,20221008
경상남도 양산시 물금읍 가촌리 1257-13번지,48330,25323,0,1257,0013,1264100085725,,,,1,용도지역코드,UQA121,제1종일반주거지역,1,0,,제1종일반주거지역,20221008
경상남도 양산시 물금읍 가촌리 1257-13번지,48330,25323,0,1257,0013,1264100085725,,,,3,용도구역코드,UQQ310,제1종지구단위계획구역,1,0,,제1종지구단위계획구역,20221008
경상남도 양산시 물금읍 가촌리 1257-13번지,48330,25323,0,1257,0013,1264100085725,,,,3,용도구역코드,UOA120,상대보호구역,0,0,,상대정화구역,20221008
경상남도 양산시 물금읍 가촌리 1257-14번지,48330,25323,0,1257,0014,1264100075543,,,,1,용도지역코드,UQA121,제1종일반주거지역,1,0,,제1종일반주거지역,20221008
경상남도 양산시 물금읍 가촌리 1257-14번지,48330,25323,0,1257,0014,1264100075543,,,,3,용도구역코드,UQQ310,제1종지구단위계획구역,1,0,,제1종지구단위계획구역,20221008
경상남도 양산시 물금읍 가촌리 1257-14번지,48330,25323,0,1257,0014,1264100075543,,,,3,용도구역코드,UOA120,상대보호구역,0,0,,상대정화구역,20221008
경상남도 양산시 물금읍 가촌리 1257-15번지,48330,25323,0,1257,0015,1264100090146,,,,1,용도지역코드,UQA121,제1종일반주거지역,1,0,,제1종일반주거지역,20221008
경상남도 양산시 물금읍 가촌리 1257-15번지,48330,25323,0,1257,0015,1264100090146,,,,3,용도구역코드,UQQ310,제1종지구단위계획구역,1,0,,제1종지구단위계획구역,20221008
경상남도 양산시 물금읍 가촌리 1257-15번지,48330,25323,0,1257,0015,1264100090146,,,,3,용도구역코드,UOA120,상대보호구역,0,0,,상대정화구역,20221008
경상남도 양산시 물금읍 가촌리 1257-16번지,48330,25323,0,1257,0016,1264100052213,,,,1,용도지역코드,UQA121,제1종일반주거지역,1,0,,제1종일반주거지역,20221008
경상남도 양산시 물금읍 가촌리 1257-16번지,48330,25323,0,1257,0016,1264100052213,,,,3,용도구역코드,UQQ310,제1종지구단위계획구역,1,0,,제1종지구단위계획구역,20221008
경상남도 양산시 물금읍 가촌리 1257-17번지,48330,25323,0,1257,0017,1264100052090,,,,1,용도지역코드,UQA121,제1종일반주거지역,1,0,,제1종일반주거지역,20221008
경상남도 양산시 물금읍 가촌리 1257-17번지,48330,25323,0,1257,0017,1264100052090,,,,3,용도구역코드,UQQ310,제1종지구단위계획구역,1,0,,제1종지구단위계획구역,20221008
경상남도 양산시 물금읍 가촌리 1257-18번지,48330,25323,0,1257,0018,1264100052827,,,,1,용도지역코드,UQA121,제1종일반주거지역,1,0,,제1종일반주거지역,20221008
경상남도 양산시 물금읍 가촌리 1257-18번지,48330,25323,0,1257,0018,1264100052827,,,,3,용도구역코드,UQQ310,제1종지구단위계획구역,1,0,,제1종지구단위계획구역,20221008
경상남도 양산시 물금읍 가촌리 1258-1번지,48330,25323,0,1258,0001,1264100097969,,,,1,용도지역코드,UQA121,제1종일반주거지역,1,0,,제1종일반주거지역,20221008
경상남도 양산시 물금읍 가촌리 1258-1번지,48330,25323,0,1258,0001,1264100097969,,,,3,용도구역코드,UQQ310,제1종지구단위계획구역,1,0,,제1종지구단위계획구역,20221008
경상남도 양산시 물금읍 가촌리 1258-1번지,48330,25323,0,1258,0001,1264100097969,,,,3,용도구역코드,UOA120,상대보호구역,0,0,,상대정화구역,20221008
경상남도 양산시 물금읍 가촌리 1258-3번지,48330,25323,0,1258,0003,1264100052217,,,,1,용도지역코드,UQA121,제1종일반주거지역,1,0,,제1종일반주거지역,20221008
경상남도 양산시 물금읍 가촌리 1258-3번지,48330,25323,0,1258,0003,1264100052217,,,,3,용도구역코드,UQQ310,제1종지구단위계획구역,1,0,,제1종지구단위계획구역,20221008
경상남도 양산시 물금읍 가촌리 1258-4번지,48330,25323,0,1258,0004,1264100059692,,,,1,용도지역코드,UQA121,제1종일반주거지역,1,0,,제1종일반주거지역,20221008
경상남도 양산시 물금읍 가촌리 1258-4번지,48330,25323,0,1258,0004,1264100059692,,,,3,용도구역코드,UQQ310,제1종지구단위계획구역,1,0,,제1종지구단위계획구역,20221008
경상남도 양산시 물금읍 가촌리 1258-4번지,48330,25323,0,1258,0004,1264100059692,,,,3,용도구역코드,UOA120,상대보호구역,0,0,,상대정화구역,20221008
경상남도 양산시 물금읍 가촌리 1258-5번지,48330,25323,0,1258,0005,1264100082339,,,,1,용도지역코드,UQA121,제1종일반주거지역,1,0,,제1종일반주거지역,20221008
경상남도 양산시 물금읍 가촌리 1258-5번지,48330,25323,0,1258,0005,1264100082339,,,,3,용도구역코드,UQQ310,제1종지구단위계획구역,1,0,,제1종지구단위계획구역,20221008
경상남도 양산시 물금읍 가촌리 1258-7번지,48330,25323,0,1258,0007,1264100078380,,,,1,용도지역코드,UQA121,제1종일반주거지역,1,0,,제1종일반주거지역,20221008
경상남도 양산시 물금읍 가촌리 1258-7번지,48330,25323,0,1258,0007,1264100078380,,,,3,용도구역코드,UQQ310,제1종지구단위계획구역,1,0,,제1종지구단위계획구역,20221008
경상남도 양산시 물금읍 가촌리 1258-8번지,48330,25323,0,1258,0008,1264100071962,,,,3,용도구역코드,UQQ310,제1종지구단위계획구역,1,0,,제1종지구단위계획구역,20221008
경상남도 양산시 물금읍 가촌리 1258-8번지,48330,25323,0,1258,0008,1264100071962,,,,3,용도구역코드,UOA120,상대보호구역,0,0,,상대정화구역,20221008
경상남도 양산시 물금읍 가촌리 1258-8번지,48330,25323,0,1258,0008,1264100071962,,,,1,용도지역코드,UQA121,제1종일반주거지역,1,0,,제1종일반주거지역,20221008
경상남도 양산시 물금읍 가촌리 1258-9번지,48330,25323,0,1258,0009,1264100052198,,,,1,용도지역코드,UQA121,제1종일반주거지역,1,0,,제1종일반주거지역,20221008
경상남도 양산시 물금읍 가촌리 1258-9번지,48330,25323,0,1258,0009,1264100052198,,,,3,용도구역코드,UQQ310,제1종지구단위계획구역,1,0,,제1종지구단위계획구역,20221008
경상남도 양산시 물금읍 가촌리 1258-10번지,48330,25323,0,1258,0010,1264100087681,,,,1,용도지역코드,UQA121,제1종일반주거지역,1,0,,제1종일반주거지역,20221008
경상남도 양산시 물금읍 가촌리 1258-10번지,48330,25323,0,1258,0010,1264100087681,,,,3,용도구역코드,UQQ310,제1종지구단위계획구역,1,0,,제1종지구단위계획구역,20221008
경상남도 양산시 물금읍 가촌리 1258-10번지,48330,25323,0,1258,0010,1264100087681,,,,3,용도구역코드,UOA120,상대보호구역,0,0,,상대정화구역,20221008
경상남도 양산시 물금읍 가촌리 1258-11번지,48330,25323,0,1258,0011,1264100094003,,,,1,용도지역코드,UQA121,제1종일반주거지역,1,0,,제1종일반주거지역,20221008
경상남도 양산시 물금읍 가촌리 1258-11번지,48330,25323,0,1258,0011,1264100094003,,,,3,용도구역코드,UQQ310,제1종지구단위계획구역,1,0,,제1종지구단위계획구역,20221008
경상남도 양산시 물금읍 가촌리 1258-11번지,48330,25323,0,1258,0011,1264100094003,,,,3,용도구역코드,UOA120,상대보호구역,0,0,,상대정화구역,20221008
경상남도 양산시 물금읍 가촌리 1258-12번지,48330,25323,0,1258,0012,1264100112356,,,,1,용도지역코드,UQA121,제1종일반주거지역,1,0,,제1종일반주거지역,20221008
경상남도 양산시 물금읍 가촌리 1258-12번지,48330,25323,0,1258,0012,1264100112356,,,,3,용도구역코드,UQQ310,제1종지구단위계획구역,1,0,,제1종지구단위계획구역,20221008
경상남도 양산시 물금읍 가촌리 1258-13번지,48330,25323,0,1258,0013,1264100078864,,,,1,용도지역코드,UQA121,제1종일반주거지역,1,0,,제1종일반주거지역,20221008
경상남도 양산시 물금읍 가촌리 1258-13번지,48330,25323,0,1258,0013,1264100078864,,,,3,용도구역코드,UQQ310,제1종지구단위계획구역,1,0,,제1종지구단위계획구역,20221008
경상남도 양산시 물금읍 가촌리 1258-13번지,48330,25323,0,1258,0013,1264100078864,,,,3,용도구역코드,UOA120,상대보호구역,0,0,,상대정화구역,20221008
경상남도 양산시 물금읍 가촌리 1258-14번지,48330,25323,0,1258,0014,1264100051294,,,,1,용도지역코드,UQA121,제1종일반주거지역,1,0,,제1종일반주거지역,20221008
경상남도 양산시 물금읍 가촌리 1258-14번지,48330,25323,0,1258,0014,1264100051294,,,,3,용도구역코드,UQQ310,제1종지구단위계획구역,1,0,,제1종지구단위계획구역,20221008
경상남도 양산시 물금읍 가촌리 1258-15번지,48330,25323,0,1258,0015,1264100113037,,,,1,용도지역코드,UQA121,제1종일반주거지역,1,0,,제1종일반주거지역,20221008
경상남도 양산시 물금읍 가촌리 1258-15번지,48330,25323,0,1258,0015,1264100113037,,,,3,용도구역코드,UQQ310,제1종지구단위계획구역,1,0,,제1종지구단위계획구역,20221008
경상남도 양산시 물금읍 가촌리 1259-1번지,48330,25323,0,1259,0001,1264100063299,,,,1,용도지역코드,UQA121,제1종일반주거지역,1,0,,제1종일반주거지역,20221008
경상남도 양산시 물금읍 가촌리 1259-1번지,48330,25323,0,1259,0001,1264100063299,,,,3,용도구역코드,UQQ310,제1종지구단위계획구역,1,0,,제1종지구단위계획구역,20221008
경상남도 양산시 물금읍 가촌리 1259-1번지,48330,25323,0,1259,0001,1264100063299,,,,3,용도구역코드,UOA120,상대보호구역,0,0,,상대정화구역,20221008
경상남도 양산시 물금읍 가촌리 1259-3번지,48330,25323,0,1259,0003,1264100049507,,,,1,용도지역코드,UQA121,제1종일반주거지역,1,0,,제1종일반주거지역,20221008
경상남도 양산시 물금읍 가촌리 1259-3번지,48330,25323,0,1259,0003,1264100049507,,,,3,용도구역코드,UQQ310,제1종지구단위계획구역,1,0,,제1종지구단위계획구역,20221008
경상남도 양산시 물금읍 가촌리 1259-3번지,48330,25323,0,1259,0003,1264100049507,,,,3,용도구역코드,UOA120,상대보호구역,0,0,,상대정화구역,20221008
경상남도 양산시 물금읍 가촌리 1259-4번지,48330,25323,0,1259,0004,1264100052089,,,,1,용도지역코드,UQA121,제1종일반주거지역,1,0,,제1종일반주거지역,20221008
경상남도 양산시 물금읍 가촌리 1259-4번지,48330,25323,0,1259,0004,1264100052089,,,,3,용도구역코드,UQQ310,제1종지구단위계획구역,1,0,,제1종지구단위계획구역,20221008
경상남도 양산시 물금읍 가촌리 1259-5번지,48330,25323,0,1259,0005,1264100111576,,,,1,용도지역코드,UQA121,제1종일반주거지역,1,0,,제1종일반주거지역,20221008
경상남도 양산시 물금읍 가촌리 1259-5번지,48330,25323,0,1259,0005,1264100111576,,,,3,용도구역코드,UQQ310,제1종지구단위계획구역,1,0,,제1종지구단위계획구역,20221008
경상남도 양산시 물금읍 가촌리 1259-6번지,48330,25323,0,1259,0006,1264100066139,,,,1,용도지역코드,UQA121,제1종일반주거지역,1,0,,제1종일반주거지역,20221008
경상남도 양산시 물금읍 가촌리 1259-6번지,48330,25323,0,1259,0006,1264100066139,,,,3,용도구역코드,UQQ310,제1종지구단위계획구역,1,0,,제1종지구단위계획구역,20221008
경상남도 양산시 물금읍 가촌리 1259-6번지,48330,25323,0,1259,0006,1264100066139,,,,3,용도구역코드,UOA120,상대보호구역,0,0,,상대정화구역,20221008
경상남도 양산시 물금읍 가촌리 1259-7번지,48330,25323,0,1259,0007,1264100076781,,,,1,용도지역코드,UQA121,제1종일반주거지역,1,0,,제1종일반주거지역,20221008
경상남도 양산시 물금읍 가촌리 1259-7번지,48330,25323,0,1259,0007,1264100076781,,,,3,용도구역코드,UQQ310,제1종지구단위계획구역,1,0,,제1종지구단위계획구역,20221008
경상남도 양산시 물금읍 가촌리 1259-7번지,48330,25323,0,1259,0007,1264100076781,,,,3,용도구역코드,UOA120,상대보호구역,0,0,,상대정화구역,20221008
경상남도 양산시 물금읍 가촌리 1259-9번지,48330,25323,0,1259,0009,1264100132783,,,,1,용도지역코드,UQA121,제1종일반주거지역,1,0,,제1종일반주거지역,20221008
경상남도 양산시 물금읍 가촌리 1259-9번지,48330,25323,0,1259,0009,1264100132783,,,,3,용도구역코드,UQQ310,제1종지구단위계획구역,1,0,,제1종지구단위계획구역,20221008
경상남도 양산시 물금읍 가촌리 1259-11번지,48330,25323,0,1259,0011,1264100072439,,,,1,용도지역코드,UQA121,제1종일반주거지역,1,0,,제1종일반주거지역,20221008
경상남도 양산시 물금읍 가촌리 1259-11번지,48330,25323,0,1259,0011,1264100072439,,,,3,용도구역코드,UQQ310,제1종지구단위계획구역,1,0,,제1종지구단위계획구역,20221008
경상남도 양산시 물금읍 가촌리 1259-11번지,48330,25323,0,1259,0011,1264100072439,,,,3,용도구역코드,UOA110,절대정화구역,0,0,,절대정화구역,20221008
경상남도 양산시 물금읍 가촌리 1259-11번지,48330,25323,0,1259,0011,1264100072439,,,,3,용도구역코드,UOA120,상대보호구역,0,0,,상대정화구역,20221008
경상남도 양산시 물금읍 가촌리 1259-13번지,48330,25323,0,1259,0013,1264100052215,,,,1,용도지역코드,UQA121,제1종일반주거지역,1,0,,제1종일반주거지역,20221008
경상남도 양산시 물금읍 가촌리 1259-13번지,48330,25323,0,1259,0013,1264100052215,,,,3,용도구역코드,UQQ310,제1종지구단위계획구역,1,0,,제1종지구단위계획구역,20221008
경상남도 양산시 물금읍 가촌리 1259-14번지,48330,25323,0,1259,0014,1264100054689,,,,1,용도지역코드,UQA121,제1종일반주거지역,1,0,,제1종일반주거지역,20221008
경상남도 양산시 물금읍 가촌리 1259-14번지,48330,25323,0,1259,0014,1264100054689,,,,3,용도구역코드,UQQ310,제1종지구단위계획구역,1,0,,제1종지구단위계획구역,20221008
경상남도 양산시 물금읍 가촌리 1260-1번지,48330,25323,0,1260,0001,1000000000000000436749,,,,3,용도구역코드,UQQ310,제1종지구단위계획구역,0,0,,제1종지구단위계획구역,20240425
경상남도 양산시 물금읍 가촌리 1260-1번지,48330,25323,0,1260,0001,1000000000000000436749,,,,1,용도지역코드,UQA121,제1종일반주거지역,1,0,,제1종일반주거지역,20240425
경상남도 양산시 물금읍 가촌리 1260-1번지,48330,25323,0,1260,0001,1000000000000000436749,,,,3,용도구역코드,UOA120,상대보호구역,1,0,,상대보호구역,20240425
경상남도 양산시 물금읍 가촌리 1260-1번지,48330,25323,0,1260,0001,1264100094105,,,,3,용도구역코드,UQQ310,제1종지구단위계획구역,1,0,,제1종지구단위계획구역,20221008
경상남도 양산시 물금읍 가촌리 1260-1번지,48330,25323,0,1260,0001,1264100094105,,,,3,용도구역코드,UOA120,상대보호구역,0,0,,상대정화구역,20221008
경상남도 양산시 물금읍 가촌리 1260-1번지,48330,25323,0,1260,0001,1264100094105,,,,1,용도지역코드,UQA121,제1종일반주거지역,1,0,,제1종일반주거지역,20221008
경상남도 양산시 물금읍 가촌리 1260-4번지,48330,25323,0,1260,0004,1264100052386,,,,1,용도지역코드,UQA121,제1종일반주거지역,1,0,,제1종일반주거지역,20221008
경상남도 양산시 물금읍 가촌리 1260-4번지,48330,25323,0,1260,0004,1264100052386,,,,3,용도구역코드,UQQ310,제1종지구단위계획구역,1,0,,제1종지구단위계획구역,20221008
경상남도 양산시 물금읍 가촌리 1260-6번지,48330,25323,0,1260,0006,1264100064380,,,,1,용도지역코드,UQA121,제1종일반주거지역,1,0,,제1종일반주거지역,20221008
경상남도 양산시 물금읍 가촌리 1260-6번지,48330,25323,0,1260,0006,1264100064380,,,,3,용도구역코드,UQQ310,제1종지구단위계획구역,1,0,,제1종지구단위계획구역,20221008
경상남도 양산시 물금읍 가촌리 1260-6번지,48330,25323,0,1260,0006,1264100064380,,,,3,용도구역코드,UOA120,상대보호구역,0,0,,상대정화구역,20221008
경상남도 양산시 물금읍 가촌리 1260-7번지,48330,25323,0,1260,0007,1264100052049,,,,3,용도구역코드,UQQ310,제1종지구단위계획구역,1,0,,제1종지구단위계획구역,20221008
경상남도 양산시 물금읍 가촌리 1260-7번지,48330,25323,0,1260,0007,1264100052049,,,,3,용도구역코드,UOA120,상대보호구역,0,0,,상대정화구역,20221008
경상남도 양산시 물금읍 가촌리 1260-7번지,48330,25323,0,1260,0007,1264100052049,,,,1,용도지역코드,UQA121,제1종일반주거지역,1,0,,제1종일반주거지역,20221008
경상남도 양산시 물금읍 가촌리 1260-8번지,48330,25323,0,1260,0008,1264100079282,,,,1,용도지역코드,UQA121,제1종일반주거지역,1,0,,제1종일반주거지역,20221008
경상남도 양산시 물금읍 가촌리 1260-8번지,48330,25323,0,1260,0008,1264100079282,,,,3,용도구역코드,UQQ310,제1종지구단위계획구역,1,0,,제1종지구단위계획구역,20221008
경상남도 양산시 물금읍 가촌리 1260-8번지,48330,25323,0,1260,0008,1264100079282,,,,3,용도구역코드,UOA120,상대보호구역,0,0,,상대정화구역,20221008
경상남도 양산시 물금읍 가촌리 1260-9번지,48330,25323,0,1260,0009,1264100095655,,,,1,용도지역코드,UQA121,제1종일반주거지역,1,0,,제1종일반주거지역,20221008
경상남도 양산시 물금읍 가촌리 1260-9번지,48330,25323,0,1260,0009,1264100095655,,,,3,용도구역코드,UQQ310,제1종지구단위계획구역,1,0,,제1종지구단위계획구역,20221008
경상남도 양산시 물금읍 가촌리 1260-9번지,48330,25323,0,1260,0009,1264100095655,,,,3,용도구역코드,UOA120,상대보호구역,0,0,,상대정화구역,20221008
경상남도 양산시 물금읍 가촌리 1260-11번지,48330,25323,0,1260,0011,1264100111936,,,,1,용도지역코드,UQA121,제1종일반주거지역,1,0,,제1종일반주거지역,20221008
경상남도 양산시 물금읍 가촌리 1260-11번지,48330,25323,0,1260,0011,1264100111936,,,,3,용도구역코드,UOA120,상대보호구역,1,0,,상대보호구역,20221008
경상남도 양산시 물금읍 가촌리 1260-11번지,48330,25323,0,1260,0011,1264100111936,,,,3,용도구역코드,UQQ310,제1종지구단위계획구역,0,0,,제1종지구단위계획구역,20221008
경상남도 양산시 물금읍 가촌리 1260-12번지,48330,25323,0,1260,0012,1264100052050,,,,1,용도지역코드,UQA121,제1종일반주거지역,1,0,,제1종일반주거지역,20221008
경상남도 양산시 물금읍 가촌리 1260-12번지,48330,25323,0,1260,0012,1264100052050,,,,3,용도구역코드,UQQ310,제1종지구단위계획구역,1,0,,제1종지구단위계획구역,20221008
경상남도 양산시 물금읍 가촌리 1260-13번지,48330,25323,0,1260,0013,1264100052241,,,,1,용도지역코드,UQA121,제1종일반주거지역,1,0,,제1종일반주거지역,20221008
경상남도 양산시 물금읍 가촌리 1260-13번지,48330,25323,0,1260,0013,1264100052241,,,,3,용도구역코드,UQQ310,제1종지구단위계획구역,1,0,,제1종지구단위계획구역,20221008
경상남도 양산시 물금읍 가촌리 1260-14번지,48330,25323,0,1260,0014,1264100069419,,,,1,용도지역코드,UQA121,제1종일반주거지역,1,0,,제1종일반주거지역,20221008
경상남도 양산시 물금읍 가촌리 1260-14번지,48330,25323,0,1260,0014,1264100069419,,,,3,용도구역코드,UQQ310,제1종지구단위계획구역,1,0,,제1종지구단위계획구역,20221008
경상남도 양산시 물금읍 가촌리 1260-15번지,48330,25323,0,1260,0015,1264100052427,,,,1,용도지역코드,UQA121,제1종일반주거지역,1,0,,제1종일반주거지역,20221008
경상남도 양산시 물금읍 가촌리 1260-15번지,48330,25323,0,1260,0015,1264100052427,,,,3,용도구역코드,UQQ310,제1종지구단위계획구역,1,0,,제1종지구단위계획구역,20221008
경상남도 양산시 물금읍 가촌리 1260-16번지,48330,25323,0,1260,0016,1264100083422,,,,1,용도지역코드,UQA121,제1종일반주거지역,1,0,,제1종일반주거지역,20221008
경상남도 양산시 물금읍 가촌리 1260-16번지,48330,25323,0,1260,0016,1264100083422,,,,3,용도구역코드,UQQ310,제1종지구단위계획구역,1,0,,제1종지구단위계획구역,20221008
경상남도 양산시 물금읍 가촌리 1260-17번지,48330,25323,0,1260,0017,1264100081879,,,,1,용도지역코드,UQA121,제1종일반주거지역,1,0,,제1종일반주거지역,20221008
경상남도 양산시 물금읍 가촌리 1260-17번지,48330,25323,0,1260,0017,1264100081879,,,,3,용도구역코드,UQQ310,제1종지구단위계획구역,1,0,,제1종지구단위계획구역,20221008
경상남도 양산시 물금읍 가촌리 1260-18번지,48330,25323,0,1260,0018,1264100053232,,,,1,용도지역코드,UQA121,제1종일반주거지역,1,0,,제1종일반주거지역,20221008
경상남도 양산시 물금읍 가촌리 1260-18번지,48330,25323,0,1260,0018,1264100053232,,,,3,용도구역코드,UQQ310,제1종지구단위계획구역,1,0,,제1종지구단위계획구역,20221008
경상남도 양산시 물금읍 가촌리 1261-1번지,48330,25323,0,1261,0001,1264100074579,,,,1,용도지역코드,UQA121,제1종일반주거지역,1,0,,제1종일반주거지역,20221008
경상남도 양산시 물금읍 가촌리 1261-1번지,48330,25323,0,1261,0001,1264100074579,,,,3,용도구역코드,UQQ310,제1종지구단위계획구역,1,0,,제1종지구단위계획구역,20221008
경상남도 양산시 물금읍 가촌리 1261-1번지,48330,25323,0,1261,0001,1264100074579,,,,3,용도구역코드,UOA120,상대보호구역,0,0,,상대정화구역,20221008
경상남도 양산시 물금읍 가촌리 1261-3번지,48330,25323,0,1261,0003,1264100052220,,,,1,용도지역코드,UQA121,제1종일반주거지역,1,0,,제1종일반주거지역,20221008
경상남도 양산시 물금읍 가촌리 1261-3번지,48330,25323,0,1261,0003,1264100052220,,,,3,용도구역코드,UQQ310,제1종지구단위계획구역,1,0,,제1종지구단위계획구역,20221008
경상남도 양산시 물금읍 가촌리 1261-5번지,48330,25323,0,1261,0005,1264100052088,,,,1,용도지역코드,UQA121,제1종일반주거지역,1,0,,제1종일반주거지역,20221008
경상남도 양산시 물금읍 가촌리 1261-5번지,48330,25323,0,1261,0005,1264100052088,,,,3,용도구역코드,UQQ310,제1종지구단위계획구역,1,0,,제1종지구단위계획구역,20221008
경상남도 양산시 물금읍 가촌리 1261-6번지,48330,25323,0,1261,0006,1264100052035,,,,1,용도지역코드,UQA121,제1종일반주거지역,1,0,,제1종일반주거지역,20221008
경상남도 양산시 물금읍 가촌리 1261-6번지,48330,25323,0,1261,0006,1264100052035,,,,3,용도구역코드,UQQ310,제1종지구단위계획구역,1,0,,제1종지구단위계획구역,20221008
경상남도 양산시 물금읍 가촌리 1261-7번지,48330,25323,0,1261,0007,1264100051632,,,,1,용도지역코드,UQA121,제1종일반주거지역,1,0,,제1종일반주거지역,20221008
경상남도 양산시 물금읍 가촌리 1261-7번지,48330,25323,0,1261,0007,1264100051632,,,,3,용도구역코드,UQQ310,제1종지구단위계획구역,1,0,,제1종지구단위계획구역,20221008
경상남도 양산시 물금읍 가촌리 1261-8번지,48330,25323,0,1261,0008,1264100059233,,,,1,용도지역코드,UQA121,제1종일반주거지역,1,0,,제1종일반주거지역,20221008
경상남도 양산시 물금읍 가촌리 1261-8번지,48330,25323,0,1261,0008,1264100059233,,,,3,용도구역코드,UQQ310,제1종지구단위계획구역,1,0,,제1종지구단위계획구역,20221008
경상남도 양산시 물금읍 가촌리 1261-8번지,48330,25323,0,1261,0008,1264100059233,,,,3,용도구역코드,UOA120,상대보호구역,0,0,,상대정화구역,20221008
경상남도 양산시 물금읍 가촌리 1261-9번지,48330,25323,0,1261,0009,1264100071000,,,,1,용도지역코드,UQA121,제1종일반주거지역,1,0,,제1종일반주거지역,20221008
경상남도 양산시 물금읍 가촌리 1261-9번지,48330,25323,0,1261,0009,1264100071000,,,,3,용도구역코드,UQQ310,제1종지구단위계획구역,1,0,,제1종지구단위계획구역,20221008
경상남도 양산시 물금읍 가촌리 1261-9번지,48330,25323,0,1261,0009,1264100071000,,,,3,용도구역코드,UOA120,상대보호구역,0,0,,상대정화구역,20221008
경상남도 양산시 물금읍 가촌리 1261-10번지,48330,25323,0,1261,0010,1264100052387,,,,1,용도지역코드,UQA121,제1종일반주거지역,1,0,,제1종일반주거지역,20221008
경상남도 양산시 물금읍 가촌리 1261-10번지,48330,25323,0,1261,0010,1264100052387,,,,3,용도구역코드,UQQ310,제1종지구단위계획구역,1,0,,제1종지구단위계획구역,20221008
경상남도 양산시 물금읍 가촌리 1261-11번지,48330,25323,0,1261,0011,1264100071221,,,,1,용도지역코드,UQA121,제1종일반주거지역,1,0,,제1종일반주거지역,20221008
경상남도 양산시 물금읍 가촌리 1261-11번지,48330,25323,0,1261,0011,1264100071221,,,,3,용도구역코드,UQQ310,제1종지구단위계획구역,1,0,,제1종지구단위계획구역,20221008
경상남도 양산시 물금읍 가촌리 1261-15번지,48330,25323,0,1261,0015,1264100051990,,,,1,용도지역코드,UQA121,제1종일반주거지역,1,0,,제1종일반주거지역,20221008
경상남도 양산시 물금읍 가촌리 1261-15번지,48330,25323,0,1261,0015,1264100051990,,,,3,용도구역코드,UQQ310,제1종지구단위계획구역,1,0,,제1종지구단위계획구역,20221008
경상남도 양산시 물금읍 가촌리 1261-15번지,48330,25323,0,1261,0015,1264100051990,,,,3,용도구역코드,UOA120,상대보호구역,0,0,,상대정화구역,20221008
경상남도 양산시 물금읍 가촌리 1261-17번지,48330,25323,0,1261,0017,1264100072340,,,,1,용도지역코드,UQA121,제1종일반주거지역,1,0,,제1종일반주거지역,20221008
경상남도 양산시 물금읍 가촌리 1261-17번지,48330,25323,0,1261,0017,1264100072340,,,,3,용도구역코드,UQQ310,제1종지구단위계획구역,1,0,,제1종지구단위계획구역,20221008
경상남도 양산시 물금읍 가촌리 1261-18번지,48330,25323,0,1261,0018,1264100052036,,,,1,용도지역코드,UQA121,제1종일반주거지역,1,0,,제1종일반주거지역,20221008
경상남도 양산시 물금읍 가촌리 1261-18번지,48330,25323,0,1261,0018,1264100052036,,,,3,용도구역코드,UQQ310,제1종지구단위계획구역,1,0,,제1종지구단위계획구역,20221008
경상남도 양산시 물금읍 가촌리 1262-1번지,48330,25323,0,1262,0001,1000000000000000442545,,,,3,용도구역코드,UQQ310,제1종지구단위계획구역,1,0,,제1종지구단위계획구역,20240110
경상남도 양산시 물금읍 가촌리 1262-1번지,48330,25323,0,1262,0001,1000000000000000442545,,,,1,용도지역코드,UQA121,제1종일반주거지역,1,0,,제1종일반주거지역,20240110
경상남도 양산시 물금읍 가촌리 1262-2번지,48330,25323,0,1262,0002,1264100084303,,,,1,용도지역코드,UQA121,제1종일반주거지역,1,0,,제1종일반주거지역,20221008
경상남도 양산시 물금읍 가촌리 1262-2번지,48330,25323,0,1262,0002,1264100084303,,,,3,용도구역코드,UQQ310,제1종지구단위계획구역,1,0,,제1종지구단위계획구역,20221008
경상남도 양산시 물금읍 가촌리 1262-3번지,48330,25323,0,1262,0003,1264100062039,,,,1,용도지역코드,UQA121,제1종일반주거지역,1,0,,제1종일반주거지역,20221008
경상남도 양산시 물금읍 가촌리 1262-3번지,48330,25323,0,1262,0003,1264100062039,,,,3,용도구역코드,UQQ310,제1종지구단위계획구역,1,0,,제1종지구단위계획구역,20221008
경상남도 양산시 물금읍 가촌리 1262-4번지,48330,25323,0,1262,0004,1264100086402,,,,1,용도지역코드,UQA121,제1종일반주거지역,1,0,,제1종일반주거지역,20221008
경상남도 양산시 물금읍 가촌리 1262-4번지,48330,25323,0,1262,0004,1264100086402,,,,3,용도구역코드,UQQ310,제1종지구단위계획구역,1,0,,제1종지구단위계획구역,20221008
경상남도 양산시 물금읍 가촌리 1262-4번지,48330,25323,0,1262,0004,1264100086402,,,,3,용도구역코드,UOA120,상대보호구역,0,0,,상대정화구역,20221008
경상남도 양산시 물금읍 가촌리 1262-5번지,48330,25323,0,1262,0005,1264100084221,,,,1,용도지역코드,UQA121,제1종일반주거지역,1,0,,제1종일반주거지역,20221008
경상남도 양산시 물금읍 가촌리 1262-5번지,48330,25323,0,1262,0005,1264100084221,,,,3,용도구역코드,UQQ310,제1종지구단위계획구역,1,0,,제1종지구단위계획구역,20221008
경상남도 양산시 물금읍 가촌리 1262-6번지,48330,25323,0,1262,0006,1264100067820,,,,1,용도지역코드,UQA121,제1종일반주거지역,1,0,,제1종일반주거지역,20221008
경상남도 양산시 물금읍 가촌리 1262-6번지,48330,25323,0,1262,0006,1264100067820,,,,3,용도구역코드,UQQ310,제1종지구단위계획구역,1,0,,제1종지구단위계획구역,20221008
경상남도 양산시 물금읍 가촌리 1262-6번지,48330,25323,0,1262,0006,1264100067820,,,,3,용도구역코드,UOA120,상대보호구역,0,0,,상대정화구역,20221008
경상남도 양산시 물금읍 가촌리 1262-7번지,48330,25323,0,1262,0007,1264100087842,,,,1,용도지역코드,UQA121,제1종일반주거지역,1,0,,제1종일반주거지역,20221008
경상남도 양산시 물금읍 가촌리 1262-7번지,48330,25323,0,1262,0007,1264100087842,,,,3,용도구역코드,UQQ310,제1종지구단위계획구역,1,0,,제1종지구단위계획구역,20221008
경상남도 양산시 물금읍 가촌리 1262-7번지,48330,25323,0,1262,0007,1264100087842,,,,3,용도구역코드,UOA120,상대보호구역,0,0,,상대정화구역,20221008
경상남도 양산시 물금읍 가촌리 1262-8번지,48330,25323,0,1262,0008,1264100052219,,,,1,용도지역코드,UQA121,제1종일반주거지역,1,0,,제1종일반주거지역,20221008
경상남도 양산시 물금읍 가촌리 1262-8번지,48330,25323,0,1262,0008,1264100052219,,,,3,용도구역코드,UQQ310,제1종지구단위계획구역,1,0,,제1종지구단위계획구역,20221008
경상남도 양산시 물금읍 가촌리 1262-9번지,48330,25323,0,1262,0009,1264100052194,,,,1,용도지역코드,UQA121,제1종일반주거지역,1,0,,제1종일반주거지역,20221008
경상남도 양산시 물금읍 가촌리 1262-9번지,48330,25323,0,1262,0009,1264100052194,,,,3,용도구역코드,UOA120,상대보호구역,,,,상대정화구역,20221008
경상남도 양산시 물금읍 가촌리 1262-9번지,48330,25323,0,1262,0009,1264100052194,,,,3,용도구역코드,UQQ310,제1종지구단위계획구역,1,0,,제1종지구단위계획구역,20221008
경상남도 양산시 물금읍 가촌리 1262-10번지,48330,25323,0,1262,0010,1264100072040,,,,1,용도지역코드,UQA121,제1종일반주거지역,1,0,,제1종일반주거지역,20221008
경상남도 양산시 물금읍 가촌리 1262-10번지,48330,25323,0,1262,0010,1264100072040,,,,3,용도구역코드,UQQ310,제1종지구단위계획구역,1,0,,제1종지구단위계획구역,20221008
경상남도 양산시 물금읍 가촌리 1262-10번지,48330,25323,0,1262,0010,1264100072040,,,,3,용도구역코드,UOA120,상대보호구역,0,0,,상대정화구역,20221008
경상남도 양산시 물금읍 가촌리 1262-11번지,48330,25323,0,1262,0011,1264100061837,,,,1,용도지역코드,UQA121,제1종일반주거지역,1,0,,제1종일반주거지역,20221008
경상남도 양산시 물금읍 가촌리 1262-11번지,48330,25323,0,1262,0011,1264100061837,,,,3,용도구역코드,UQQ310,제1종지구단위계획구역,1,0,,제1종지구단위계획구역,20221008
경상남도 양산시 물금읍 가촌리 1262-11번지,48330,25323,0,1262,0011,1264100061837,,,,3,용도구역코드,UOA120,상대보호구역,0,0,,상대정화구역,20221008
경상남도 양산시 물금읍 가촌리 1262-12번지,48330,25323,0,1262,0012,1264100115221,,,,1,용도지역코드,UQA121,제1종일반주거지역,1,0,,제1종일반주거지역,20231213
경상남도 양산시 물금읍 가촌리 1262-12번지,48330,25323,0,1262,0012,1264100115221,,,,3,용도구역코드,UQQ310,제1종지구단위계획구역,1,0,,제1종지구단위계획구역,20231213
경상남도 양산시 물금읍 가촌리 1262-13번지,48330,25323,0,1262,0013,1264100052239,,,,1,용도지역코드,UQA121,제1종일반주거지역,1,0,,제1종일반주거지역,20221008
경상남도 양산시 물금읍 가촌리 1262-13번지,48330,25323,0,1262,0013,1264100052239,,,,3,용도구역코드,UQQ310,제1종지구단위계획구역,1,0,,제1종지구단위계획구역,20221008
경상남도 양산시 물금읍 가촌리 1262-14번지,48330,25323,0,1262,0014,1264100100053,,,,1,용도지역코드,UQA121,제1종일반주거지역,1,0,,제1종일반주거지역,20221008
경상남도 양산시 물금읍 가촌리 1262-14번지,48330,25323,0,1262,0014,1264100100053,,,,3,용도구역코드,UOA120,상대보호구역,1,0,,상대보호구역,20221008
경상남도 양산시 물금읍 가촌리 1262-14번지,48330,25323,0,1262,0014,1264100100053,,,,3,용도구역코드,UQQ310,제1종지구단위계획구역,0,0,,제1종지구단위계획구역,20221008
경상남도 양산시 물금읍 가촌리 1262-15번지,48330,25323,0,1262,0015,1264100051991,,,,1,용도지역코드,UQA121,제1종일반주거지역,1,0,,제1종일반주거지역,20221008
경상남도 양산시 물금읍 가촌리 1262-15번지,48330,25323,0,1262,0015,1264100051991,,,,3,용도구역코드,UQQ310,제1종지구단위계획구역,1,0,,제1종지구단위계획구역,20221008
경상남도 양산시 물금읍 가촌리 1262-16번지,48330,25323,0,1262,0016,1264100104760,,,,1,용도지역코드,UQA121,제1종일반주거지역,1,0,,제1종일반주거지역,20221008
경상남도 양산시 물금읍 가촌리 1262-16번지,48330,25323,0,1262,0016,1264100104760,,,,2,용도지구코드,,,1,0,,,20221008
경상남도 양산시 물금읍 가촌리 1262-16번지,48330,25323,0,1262,0016,1264100104760,,,,3,용도구역코드,UQQ310,제1종지구단위계획구역,1,0,,제1종지구단위계획구역,20221008
경상남도 양산시 물금읍 가촌리 1262-16번지,48330,25323,0,1262,0016,1264100104760,,,,3,용도구역코드,UOA120,상대보호구역,0,0,,상대정화구역,20221008
경상남도 양산시 물금읍 가촌리 1262-17번지,48330,25323,0,1262,0017,1264100082761,,,,1,용도지역코드,UQA121,제1종일반주거지역,1,0,,제1종일반주거지역,20221008
경상남도 양산시 물금읍 가촌리 1262-17번지,48330,25323,0,1262,0017,1264100082761,,,,3,용도구역코드,UQQ310,제1종지구단위계획구역,1,0,,제1종지구단위계획구역,20221008
경상남도 양산시 물금읍 가촌리 1262-17번지,48330,25323,0,1262,0017,1264100082761,,,,3,용도구역코드,UOA120,상대보호구역,0,0,,상대정화구역,20221008
경상남도 양산시 물금읍 가촌리 1263-1번지,48330,25323,0,1263,0001,1264100091266,,,,1,용도지역코드,UQA121,제1종일반주거지역,1,0,,제1종일반주거지역,20221008
경상남도 양산시 물금읍 가촌리 1263-1번지,48330,25323,0,1263,0001,1264100091266,,,,3,용도구역코드,UQQ310,제1종지구단위계획구역,1,0,,제1종지구단위계획구역,20221008
경상남도 양산시 물금읍 가촌리 1263-1번지,48330,25323,0,1263,0001,1264100091266,,,,3,용도구역코드,UOA120,상대보호구역,0,0,,상대정화구역,20221008
경상남도 양산시 물금읍 가촌리 1263-2번지,48330,25323,0,1263,0002,1264100068821,,,,1,용도지역코드,UQA121,제1종일반주거지역,1,0,,제1종일반주거지역,20221008
경상남도 양산시 물금읍 가촌리 1263-2번지,48330,25323,0,1263,0002,1264100068821,,,,3,용도구역코드,UQQ310,제1종지구단위계획구역,1,0,,제1종지구단위계획구역,20221008
경상남도 양산시 물금읍 가촌리 1263-2번지,48330,25323,0,1263,0002,1264100068821,,,,3,용도구역코드,UOA120,상대보호구역,0,0,,상대정화구역,20221008
경상남도 양산시 물금읍 가촌리 1263-3번지,48330,25323,0,1263,0003,1264100083761,,,,1,용도지역코드,UQA121,제1종일반주거지역,1,0,,제1종일반주거지역,20221008
경상남도 양산시 물금읍 가촌리 1263-3번지,48330,25323,0,1263,0003,1264100083761,,,,3,용도구역코드,UQQ310,제1종지구단위계획구역,1,0,,제1종지구단위계획구역,20221008
경상남도 양산시 물금읍 가촌리 1263-3번지,48330,25323,0,1263,0003,1264100083761,,,,3,용도구역코드,UOA120,상대보호구역,0,0,,상대정화구역,20221008
경상남도 양산시 물금읍 가촌리 1263-4번지,48330,25323,0,1263,0004,1264100060774,,,,1,용도지역코드,UQA121,제1종일반주거지역,1,0,,제1종일반주거지역,20221008
경상남도 양산시 물금읍 가촌리 1263-4번지,48330,25323,0,1263,0004,1264100060774,,,,3,용도구역코드,UQQ310,제1종지구단위계획구역,1,0,,제1종지구단위계획구역,20221008
경상남도 양산시 물금읍 가촌리 1263-5번지,48330,25323,0,1263,0005,1264100075341,,,,1,용도지역코드,UQA121,제1종일반주거지역,1,0,,제1종일반주거지역,20221008
경상남도 양산시 물금읍 가촌리 1263-5번지,48330,25323,0,1263,0005,1264100075341,,,,3,용도구역코드,UQQ310,제1종지구단위계획구역,1,0,,제1종지구단위계획구역,20221008
경상남도 양산시 물금읍 가촌리 1263-5번지,48330,25323,0,1263,0005,1264100075341,,,,3,용도구역코드,UOA120,상대보호구역,0,0,,상대정화구역,20221008
경상남도 양산시 물금읍 가촌리 1263-6번지,48330,25323,0,1263,0006,1264100051988,,,,1,용도지역코드,UQA121,제1종일반주거지역,1,0,,제1종일반주거지역,20221008
경상남도 양산시 물금읍 가촌리 1263-6번지,48330,25323,0,1263,0006,1264100051988,,,,3,용도구역코드,UQQ310,제1종지구단위계획구역,1,0,,제1종지구단위계획구역,20221008
경상남도 양산시 물금읍 가촌리 1263-6번지,48330,25323,0,1263,0006,1264100051988,,,,3,용도구역코드,UOA120,상대보호구역,0,0,,상대정화구역,20221008
경상남도 양산시 물금읍 가촌리 1263-8번지,48330,25323,0,1263,0008,1264100052192,,,,1,용도지역코드,UQA121,제1종일반주거지역,1,0,,제1종일반주거지역,20221008
경상남도 양산시 물금읍 가촌리 1263-8번지,48330,25323,0,1263,0008,1264100052192,,,,3,용도구역코드,UOA120,상대보호구역,,,,상대정화구역,20221008
경상남도 양산시 물금읍 가촌리 1263-8번지,48330,25323,0,1263,0008,1264100052192,,,,3,용도구역코드,UQQ310,제1종지구단위계획구역,1,0,,제1종지구단위계획구역,20221008
경상남도 양산시 물금읍 가촌리 1263-9번지,48330,25323,0,1263,0009,1264100052091,,,,1,용도지역코드,UQA121,제1종일반주거지역,1,0,,제1종일반주거지역,20221008
경상남도 양산시 물금읍 가촌리 1263-9번지,48330,25323,0,1263,0009,1264100052091,,,,3,용도구역코드,UQQ310,제1종지구단위계획구역,1,0,,제1종지구단위계획구역,20221008
경상남도 양산시 물금읍 가촌리 1263-11번지,48330,25323,0,1263,0011,1264100052121,,,,1,용도지역코드,UQA121,제1종일반주거지역,1,0,,제1종일반주거지역,20221008
경상남도 양산시 물금읍 가촌리 1263-11번지,48330,25323,0,1263,0011,1264100052121,,,,3,용도구역코드,UQQ310,제1종지구단위계획구역,1,0,,제1종지구단위계획구역,20221008
경상남도 양산시 물금읍 가촌리 1263-12번지,48330,25323,0,1263,0012,1264100052301,,,,1,용도지역코드,UQA121,제1종일반주거지역,1,0,,제1종일반주거지역,20221008
경상남도 양산시 물금읍 가촌리 1263-12번지,48330,25323,0,1263,0012,1264100052301,,,,3,용도구역코드,UQQ310,제1종지구단위계획구역,1,0,,제1종지구단위계획구역,20221008
경상남도 양산시 물금읍 가촌리 1263-13번지,48330,25323,0,1263,0013,1264100075859,,,,1,용도지역코드,UQA121,제1종일반주거지역,1,0,,제1종일반주거지역,20221008
경상남도 양산시 물금읍 가촌리 1263-13번지,48330,25323,0,1263,0013,1264100075859,,,,3,용도구역코드,UQQ310,제1종지구단위계획구역,1,0,,제1종지구단위계획구역,20221008
경상남도 양산시 물금읍 가촌리 1263-14번지,48330,25323,0,1263,0014,1264100115078,,,,3,용도구역코드,UMZ100,가축사육제한구역,0,0,,가축사육제한구역,20221008
경상남도 양산시 물금읍 가촌리 1263-14번지,48330,25323,0,1263,0014,1264100115078,,,,1,용도지역코드,UQA121,제1종일반주거지역,1,0,,제1종일반주거지역,20221008
경상남도 양산시 물금읍 가촌리 1263-14번지,48330,25323,0,1263,0014,1264100115078,,,,3,용도구역코드,UQQ310,제1종지구단위계획구역,1,0,,제1종지구단위계획구역,20221008
경상남도 양산시 물금읍 가촌리 1263-15번지,48330,25323,0,1263,0015,1264100071880,,,,1,용도지역코드,UQA121,제1종일반주거지역,1,0,,제1종일반주거지역,20221008
경상남도 양산시 물금읍 가촌리 1263-15번지,48330,25323,0,1263,0015,1264100071880,,,,3,용도구역코드,UQQ310,제1종지구단위계획구역,1,0,,제1종지구단위계획구역,20221008
경상남도 양산시 물금읍 가촌리 1263-16번지,48330,25323,0,1263,0016,1264100088824,,,,1,용도지역코드,UQA121,제1종일반주거지역,1,0,,제1종일반주거지역,20221008
경상남도 양산시 물금읍 가촌리 1263-16번지,48330,25323,0,1263,0016,1264100088824,,,,3,용도구역코드,UQQ310,제1종지구단위계획구역,1,0,,제1종지구단위계획구역,20221008
경상남도 양산시 물금읍 가촌리 1263-17번지,48330,25323,0,1263,0017,1264100068320,,,,3,용도구역코드,UQQ310,제1종지구단위계획구역,1,0,,제1종지구단위계획구역,20221008
경상남도 양산시 물금읍 가촌리 1263-17번지,48330,25323,0,1263,0017,1264100068320,,,,1,용도지역코드,UQA121,제1종일반주거지역,1,0,,제1종일반주거지역,20221008
경상남도 양산시 물금읍 가촌리 1263-18번지,48330,25323,0,1263,0018,1264100108719,,,,1,용도지역코드,UQA121,제1종일반주거지역,1,0,,제1종일반주거지역,20221008
경상남도 양산시 물금읍 가촌리 1263-18번지,48330,25323,0,1263,0018,1264100108719,,,,3,용도구역코드,UQQ310,제1종지구단위계획구역,1,0,,제1종지구단위계획구역,20221008
경상남도 양산시 물금읍 가촌리 1263-19번지,48330,25323,0,1263,0019,1264100051910,,,,1,용도지역코드,UQA121,제1종일반주거지역,1,0,,제1종일반주거지역,20221008
경상남도 양산시 물금읍 가촌리 1263-19번지,48330,25323,0,1263,0019,1264100051910,,,,3,용도구역코드,UQQ310,제1종지구단위계획구역,1,0,,제1종지구단위계획구역,20221008
경상남도 양산시 물금읍 가촌리 1264-1번지,48330,25323,0,1264,0001,1264100074162,,,,1,용도지역코드,UQA121,제1종일반주거지역,1,0,,제1종일반주거지역,20221008
경상남도 양산시 물금읍 가촌리 1264-1번지,48330,25323,0,1264,0001,1264100074162,,,,3,용도구역코드,UQQ310,제1종지구단위계획구역,1,0,,제1종지구단위계획구역,20221008
경상남도 양산시 물금읍 가촌리 1264-1번지,48330,25323,0,1264,0001,1264100074162,,,,3,용도구역코드,UOA120,상대보호구역,0,0,,상대정화구역,20221008
경상남도 양산시 물금읍 가촌리 1264-2번지,48330,25323,0,1264,0002,1264100051996,,,,1,용도지역코드,UQA121,제1종일반주거지역,1,0,,제1종일반주거지역,20221008
경상남도 양산시 물금읍 가촌리 1264-2번지,48330,25323,0,1264,0002,1264100051996,,,,3,용도구역코드,UQQ310,제1종지구단위계획구역,1,0,,제1종지구단위계획구역,20221008
경상남도 양산시 물금읍 가촌리 1264-3번지,48330,25323,0,1264,0003,1264100051908,,,,1,용도지역코드,UQA121,제1종일반주거지역,1,0,,제1종일반주거지역,20221008
경상남도 양산시 물금읍 가촌리 1264-3번지,48330,25323,0,1264,0003,1264100051908,,,,3,용도구역코드,UQQ310,제1종지구단위계획구역,1,0,,제1종지구단위계획구역,20221008
경상남도 양산시 물금읍 가촌리 1264-4번지,48330,25323,0,1264,0004,1264100073900,,,,1,용도지역코드,UQA121,제1종일반주거지역,1,0,,제1종일반주거지역,20221008
경상남도 양산시 물금읍 가촌리 1264-4번지,48330,25323,0,1264,0004,1264100073900,,,,3,용도구역코드,UQQ310,제1종지구단위계획구역,1,0,,제1종지구단위계획구역,20221008
경상남도 양산시 물금읍 가촌리 1264-4번지,48330,25323,0,1264,0004,1264100073900,,,,3,용도구역코드,UOA120,상대보호구역,0,0,,상대정화구역,20221008
경상남도 양산시 물금읍 가촌리 1264-5번지,48330,25323,0,1264,0005,1264100055991,,,,1,용도지역코드,UQA121,제1종일반주거지역,1,0,,제1종일반주거지역,20221008
경상남도 양산시 물금읍 가촌리 1264-6번지,48330,25323,0,1264,0006,1264100115581,,,,1,용도지역코드,UQA121,제1종일반주거지역,1,0,,제1종일반주거지역,20221008
경상남도 양산시 물금읍 가촌리 1264-6번지,48330,25323,0,1264,0006,1264100115581,,,,3,용도구역코드,UQQ310,제1종지구단위계획구역,1,0,,제1종지구단위계획구역,20221008
경상남도 양산시 물금읍 가촌리 1264-7번지,48330,25323,0,1264,0007,1264100075120,,,,1,용도지역코드,UQA121,제1종일반주거지역,1,0,,제1종일반주거지역,20221008
경상남도 양산시 물금읍 가촌리 1264-7번지,48330,25323,0,1264,0007,1264100075120,,,,3,용도구역코드,UQQ310,제1종지구단위계획구역,1,0,,제1종지구단위계획구역,20221008
경상남도 양산시 물금읍 가촌리 1264-8번지,48330,25323,0,1264,0008,1264100083201,,,,1,용도지역코드,UQA121,제1종일반주거지역,1,0,,제1종일반주거지역,20221008
경상남도 양산시 물금읍 가촌리 1264-8번지,48330,25323,0,1264,0008,1264100083201,,,,3,용도구역코드,UQQ310,제1종지구단위계획구역,1,0,,제1종지구단위계획구역,20221008
경상남도 양산시 물금읍 가촌리 1264-9번지,48330,25323,0,1264,0009,1264100051639,,,,1,용도지역코드,UQA121,제1종일반주거지역,1,0,,제1종일반주거지역,20221008
경상남도 양산시 물금읍 가촌리 1264-10번지,48330,25323,0,1264,0010,1264100080180,,,,1,용도지역코드,UQA121,제1종일반주거지역,1,0,,제1종일반주거지역,20221008
경상남도 양산시 물금읍 가촌리 1264-10번지,48330,25323,0,1264,0010,1264100080180,,,,3,용도구역코드,UQQ310,제1종지구단위계획구역,1,0,,제1종지구단위계획구역,20221008
경상남도 양산시 물금읍 가촌리 1264-10번지,48330,25323,0,1264,0010,1264100080180,,,,3,용도구역코드,UOA120,상대보호구역,0,0,,상대정화구역,20221008
경상남도 양산시 물금읍 가촌리 1264-11번지,48330,25323,0,1264,0011,1264100115579,,,,1,용도지역코드,UQA121,제1종일반주거지역,1,0,,제1종일반주거지역,20221008
경상남도 양산시 물금읍 가촌리 1264-11번지,48330,25323,0,1264,0011,1264100115579,,,,3,용도구역코드,UQQ310,제1종지구단위계획구역,1,0,,제1종지구단위계획구역,20221008
경상남도 양산시 물금읍 가촌리 1264-11번지,48330,25323,0,1264,0011,1264100115579,,,,3,용도구역코드,UMZ100,가축사육제한구역,0,0,,가축사육제한구역,20221008
경상남도 양산시 물금읍 가촌리 1264-12번지,48330,25323,0,1264,0012,1264100100693,,,,1,용도지역코드,UQA121,제1종일반주거지역,1,0,,제1종일반주거지역,20221008
경상남도 양산시 물금읍 가촌리 1264-12번지,48330,25323,0,1264,0012,1264100100693,,,,3,용도구역코드,UQQ310,제1종지구단위계획구역,1,0,,제1종지구단위계획구역,20221008
경상남도 양산시 물금읍 가촌리 1264-13번지,48330,25323,0,1264,0013,1264100052382,,,,1,용도지역코드,UQA121,제1종일반주거지역,1,0,,제1종일반주거지역,20221008
경상남도 양산시 물금읍 가촌리 1264-13번지,48330,25323,0,1264,0013,1264100052382,,,,3,용도구역코드,UQQ310,제1종지구단위계획구역,1,0,,제1종지구단위계획구역,20221008
경상남도 양산시 물금읍 가촌리 1264-14번지,48330,25323,0,1264,0014,1264100112457,,,,1,용도지역코드,UQA121,제1종일반주거지역,1,0,,제1종일반주거지역,20221008
경상남도 양산시 물금읍 가촌리 1264-14번지,48330,25323,0,1264,0014,1264100112457,,,,3,용도구역코드,UOA120,상대보호구역,1,0,,상대보호구역,20221008
경상남도 양산시 물금읍 가촌리 1264-14번지,48330,25323,0,1264,0014,1264100112457,,,,3,용도구역코드,UQQ310,제1종지구단위계획구역,0,0,,제1종지구단위계획구역,20221008
경상남도 양산시 물금읍 가촌리 1264-15번지,48330,25323,0,1264,0015,1264100114876,,,,1,용도지역코드,UQA121,제1종일반주거지역,1,0,,제1종일반주거지역,20221008
경상남도 양산시 물금읍 가촌리 1264-15번지,48330,25323,0,1264,0015,1264100114876,,,,3,용도구역코드,UOA120,상대보호구역,1,0,,상대보호구역,20221008
경상남도 양산시 물금읍 가촌리 1264-15번지,48330,25323,0,1264,0015,1264100114876,,,,3,용도구역코드,UQQ310,제1종지구단위계획구역,0,0,,제1종지구단위계획구역,20221008
경상남도 양산시 물금읍 가촌리 1264-16번지,48330,25323,0,1264,0016,1264100091324,,,,1,용도지역코드,UQA121,제1종일반주거지역,1,0,,제1종일반주거지역,20221008
경상남도 양산시 물금읍 가촌리 1264-16번지,48330,25323,0,1264,0016,1264100091324,,,,3,용도구역코드,UQQ310,제1종지구단위계획구역,1,0,,제1종지구단위계획구역,20221008
경상남도 양산시 물금읍 가촌리 1264-16번지,48330,25323,0,1264,0016,1264100091324,,,,3,용도구역코드,UOA120,상대보호구역,0,0,,상대정화구역,20221008
경상남도 양산시 물금읍 가촌리 1264-17번지,48330,25323,0,1264,0017,1264100052111,,,,1,용도지역코드,UQA121,제1종일반주거지역,1,0,,제1종일반주거지역,20221008
경상남도 양산시 물금읍 가촌리 1264-17번지,48330,25323,0,1264,0017,1264100052111,,,,3,용도구역코드,UQQ310,제1종지구단위계획구역,1,0,,제1종지구단위계획구역,20221008
경상남도 양산시 물금읍 가촌리 1264-18번지,48330,25323,0,1264,0018,1264100052195,,,,1,용도지역코드,UQA121,제1종일반주거지역,1,0,,제1종일반주거지역,20221008
경상남도 양산시 물금읍 가촌리 1264-18번지,48330,25323,0,1264,0018,1264100052195,,,,3,용도구역코드,UQQ310,제1종지구단위계획구역,1,0,,제1종지구단위계획구역,20221008
경상남도 양산시 물금읍 가촌리 1265-1번지,48330,25323,0,1265,0001,1264100064961,,,,1,용도지역코드,UQA121,제1종일반주거지역,1,0,,제1종일반주거지역,20221008
경상남도 양산시 물금읍 가촌리 1265-1번지,48330,25323,0,1265,0001,1264100064961,,,,3,용도구역코드,UQQ310,제1종지구단위계획구역,1,0,,제1종지구단위계획구역,20221008
경상남도 양산시 물금읍 가촌리 1265-2번지,48330,25323,0,1265,0002,1264100070299,,,,1,용도지역코드,UQA121,제1종일반주거지역,1,0,,제1종일반주거지역,20221008
경상남도 양산시 물금읍 가촌리 1265-2번지,48330,25323,0,1265,0002,1264100070299,,,,3,용도구역코드,UQQ310,제1종지구단위계획구역,0,0,,제1종지구단위계획구역,20221008
경상남도 양산시 물금읍 가촌리 1265-2번지,48330,25323,0,1265,0002,1264100070299,,,,3,용도구역코드,UOA120,상대보호구역,0,0,,상대정화구역,20221008
경상남도 양산시 물금읍 가촌리 1265-4번지,48330,25323,0,1265,0004,1264100083750,,,,1,용도지역코드,UQA121,제1종일반주거지역,1,0,,제1종일반주거지역,20221008
경상남도 양산시 물금읍 가촌리 1265-4번지,48330,25323,0,1265,0004,1264100083750,,,,3,용도구역코드,UQQ310,제1종지구단위계획구역,1,0,,제1종지구단위계획구역,20221008
경상남도 양산시 물금읍 가촌리 1265-5번지,48330,25323,0,1265,0005,1264100115079,,,,1,용도지역코드,UQA121,제1종일반주거지역,1,0,,제1종일반주거지역,20221008
경상남도 양산시 물금읍 가촌리 1265-5번지,48330,25323,0,1265,0005,1264100115079,,,,3,용도구역코드,UQQ310,제1종지구단위계획구역,1,0,,제1종지구단위계획구역,20221008
경상남도 양산시 물금읍 가촌리 1265-5번지,48330,25323,0,1265,0005,1264100115079,,,,3,용도구역코드,UOA120,상대보호구역,0,0,,상대정화구역,20221008
경상남도 양산시 물금읍 가촌리 1265-6번지,48330,25323,0,1265,0006,1264100060874,,,,1,용도지역코드,UQA121,제1종일반주거지역,1,0,,제1종일반주거지역,20221008
경상남도 양산시 물금읍 가촌리 1265-6번지,48330,25323,0,1265,0006,1264100060874,,,,3,용도구역코드,UQQ310,제1종지구단위계획구역,1,0,,제1종지구단위계획구역,20221008
경상남도 양산시 물금읍 가촌리 1265-6번지,48330,25323,0,1265,0006,1264100060874,,,,3,용도구역코드,UOA120,상대보호구역,0,0,,상대정화구역,20221008
경상남도 양산시 물금읍 가촌리 1265-7번지,48330,25323,0,1265,0007,1264100071301,,,,1,용도지역코드,UQA121,제1종일반주거지역,1,0,,제1종일반주거지역,20221008
경상남도 양산시 물금읍 가촌리 1265-8번지,48330,25323,0,1265,0008,1264100081539,,,,1,용도지역코드,UQA121,제1종일반주거지역,1,0,,제1종일반주거지역,20221008
경상남도 양산시 물금읍 가촌리 1265-8번지,48330,25323,0,1265,0008,1264100081539,,,,3,용도구역코드,UQQ310,제1종지구단위계획구역,1,0,,제1종지구단위계획구역,20221008
경상남도 양산시 물금읍 가촌리 1265-9번지,48330,25323,0,1265,0009,1264100091601,,,,1,용도지역코드,UQA121,제1종일반주거지역,1,0,,제1종일반주거지역,20221008
경상남도 양산시 물금읍 가촌리 1265-9번지,48330,25323,0,1265,0009,1264100091601,,,,3,용도구역코드,UQQ310,제1종지구단위계획구역,1,0,,제1종지구단위계획구역,20221008
경상남도 양산시 물금읍 가촌리 1265-9번지,48330,25323,0,1265,0009,1264100091601,,,,3,용도구역코드,UOA120,상대보호구역,0,0,,상대정화구역,20221008
경상남도 양산시 물금읍 가촌리 1265-10번지,48330,25323,0,1265,0010,1264100061398,,,,1,용도지역코드,UQA121,제1종일반주거지역,1,0,,제1종일반주거지역,20221008
경상남도 양산시 물금읍 가촌리 1265-10번지,48330,25323,0,1265,0010,1264100061398,,,,3,용도구역코드,UQQ310,제1종지구단위계획구역,1,0,,제1종지구단위계획구역,20221008
경상남도 양산시 물금읍 가촌리 1265-11번지,48330,25323,0,1265,0011,1264100051172,,,,1,용도지역코드,UQA121,제1종일반주거지역,1,0,,제1종일반주거지역,20221008
경상남도 양산시 물금읍 가촌리 1265-11번지,48330,25323,0,1265,0011,1264100051172,,,,3,용도구역코드,UQQ310,제1종지구단위계획구역,1,0,,제1종지구단위계획구역,20221008
경상남도 양산시 물금읍 가촌리 1265-12번지,48330,25323,0,1265,0012,1264100051173,,,,1,용도지역코드,UQA121,제1종일반주거지역,1,0,,제1종일반주거지역,20221008
경상남도 양산시 물금읍 가촌리 1265-12번지,48330,25323,0,1265,0012,1264100051173,,,,3,용도구역코드,UQQ310,제1종지구단위계획구역,1,0,,제1종지구단위계획구역,20221008
경상남도 양산시 물금읍 가촌리 1265-13번지,48330,25323,0,1265,0013,1264100051174,,,,1,용도지역코드,UQA121,제1종일반주거지역,1,0,,제1종일반주거지역,20221008
경상남도 양산시 물금읍 가촌리 1265-13번지,48330,25323,0,1265,0013,1264100051174,,,,3,용도구역코드,UQQ310,제1종지구단위계획구역,1,0,,제1종지구단위계획구역,20221008
경상남도 양산시 물금읍 가촌리 1265-14번지,48330,25323,0,1265,0014,1264100113696,,,,1,용도지역코드,UQA121,제1종일반주거지역,1,0,,제1종일반주거지역,20221008
경상남도 양산시 물금읍 가촌리 1265-14번지,48330,25323,0,1265,0014,1264100113696,,,,3,용도구역코드,UOA120,상대보호구역,1,0,,상대보호구역,20221008
경상남도 양산시 물금읍 가촌리 1265-14번지,48330,25323,0,1265,0014,1264100113696,,,,3,용도구역코드,UQQ310,제1종지구단위계획구역,0,0,,제1종지구단위계획구역,20221008
경상남도 양산시 물금읍 가촌리 1265-15번지,48330,25323,0,1265,0015,1264100089070,,,,1,용도지역코드,UQA121,제1종일반주거지역,1,0,,제1종일반주거지역,20221008
경상남도 양산시 물금읍 가촌리 1265-15번지,48330,25323,0,1265,0015,1264100089070,,,,3,용도구역코드,UQQ310,제1종지구단위계획구역,1,0,,제1종지구단위계획구역,20221008
경상남도 양산시 물금읍 가촌리 1265-16번지,48330,25323,0,1265,0016,1264100052302,,,,1,용도지역코드,UQA121,제1종일반주거지역,1,0,,제1종일반주거지역,20221008
경상남도 양산시 물금읍 가촌리 1265-16번지,48330,25323,0,1265,0016,1264100052302,,,,3,용도구역코드,UQQ310,제1종지구단위계획구역,1,0,,제1종지구단위계획구역,20221008
경상남도 양산시 물금읍 가촌리 1265-17번지,48330,25323,0,1265,0017,1264100081219,,,,1,용도지역코드,UQA121,제1종일반주거지역,1,0,,제1종일반주거지역,20221008
경상남도 양산시 물금읍 가촌리 1265-17번지,48330,25323,0,1265,0017,1264100081219,,,,3,용도구역코드,UQQ310,제1종지구단위계획구역,1,0,,제1종지구단위계획구역,20221008
경상남도 양산시 물금읍 가촌리 1265-17번지,48330,25323,0,1265,0017,1264100081219,,,,3,용도구역코드,UOA120,상대보호구역,0,0,,상대정화구역,20221008
경상남도 양산시 물금읍 가촌리 1265-18번지,48330,25323,0,1265,0018,1264100078019,,,,1,용도지역코드,UQA121,제1종일반주거지역,1,0,,제1종일반주거지역,20221008
경상남도 양산시 물금읍 가촌리 1265-18번지,48330,25323,0,1265,0018,1264100078019,,,,3,용도구역코드,UQQ310,제1종지구단위계획구역,1,0,,제1종지구단위계획구역,20221008
경상남도 양산시 물금읍 가촌리 1266-2번지,48330,25323,0,1266,0002,1264100092624,,,,1,용도지역코드,UQA121,제1종일반주거지역,1,0,,제1종일반주거지역,20221008
경상남도 양산시 물금읍 가촌리 1266-2번지,48330,25323,0,1266,0002,1264100092624,,,,3,용도구역코드,UQQ310,제1종지구단위계획구역,1,0,,제1종지구단위계획구역,20221008
경상남도 양산시 물금읍 가촌리 1266-2번지,48330,25323,0,1266,0002,1264100092624,,,,3,용도구역코드,UOA120,상대보호구역,0,0,,상대정화구역,20221008
경상남도 양산시 물금읍 가촌리 1266-3번지,48330,25323,0,1266,0003,1264100085348,,,,1,용도지역코드,UQA121,제1종일반주거지역,1,0,,제1종일반주거지역,20221008
경상남도 양산시 물금읍 가촌리 1266-3번지,48330,25323,0,1266,0003,1264100085348,,,,3,용도구역코드,UQQ310,제1종지구단위계획구역,1,0,,제1종지구단위계획구역,20221008
경상남도 양산시 물금읍 가촌리 1266-4번지,48330,25323,0,1266,0004,1264100060873,,,,1,용도지역코드,UQA121,제1종일반주거지역,1,0,,제1종일반주거지역,20221008
경상남도 양산시 물금읍 가촌리 1266-4번지,48330,25323,0,1266,0004,1264100060873,,,,3,용도구역코드,UQQ310,제1종지구단위계획구역,1,0,,제1종지구단위계획구역,20221008
경상남도 양산시 물금읍 가촌리 1266-4번지,48330,25323,0,1266,0004,1264100060873,,,,3,용도구역코드,UOA120,상대보호구역,0,0,,상대정화구역,20221008
경상남도 양산시 물금읍 가촌리 1266-5번지,48330,25323,0,1266,0005,1264100052627,,,,1,용도지역코드,UQA121,제1종일반주거지역,1,0,,제1종일반주거지역,20221008
경상남도 양산시 물금읍 가촌리 1266-5번지,48330,25323,0,1266,0005,1264100052627,,,,3,용도구역코드,UQQ310,제1종지구단위계획구역,1,0,,제1종지구단위계획구역,20221008
경상남도 양산시 물금읍 가촌리 1266-5번지,48330,25323,0,1266,0005,1264100052627,,,,3,용도구역코드,UOA120,상대보호구역,0,0,,상대정화구역,20221008
경상남도 양산시 물금읍 가촌리 1266-6번지,48330,25323,0,1266,0006,1264100089067,,,,1,용도지역코드,UQA121,제1종일반주거지역,1,0,,제1종일반주거지역,20221008
경상남도 양산시 물금읍 가촌리 1266-6번지,48330,25323,0,1266,0006,1264100089067,,,,3,용도구역코드,UQQ310,제1종지구단위계획구역,1,0,,제1종지구단위계획구역,20221008
경상남도 양산시 물금읍 가촌리 1266-6번지,48330,25323,0,1266,0006,1264100089067,,,,3,용도구역코드,UOA120,상대보호구역,0,0,,상대정화구역,20221008
경상남도 양산시 물금읍 가촌리 1266-7번지,48330,25323,0,1266,0007,1264100069119,,,,1,용도지역코드,UQA121,제1종일반주거지역,1,0,,제1종일반주거지역,20221008
경상남도 양산시 물금읍 가촌리 1266-7번지,48330,25323,0,1266,0007,1264100069119,,,,3,용도구역코드,UQQ310,제1종지구단위계획구역,1,0,,제1종지구단위계획구역,20221008
경상남도 양산시 물금읍 가촌리 1266-7번지,48330,25323,0,1266,0007,1264100069119,,,,3,용도구역코드,UOA120,상대보호구역,0,0,,상대정화구역,20221008
경상남도 양산시 물금읍 가촌리 1266-8번지,48330,25323,0,1266,0008,1264100059854,,,,1,용도지역코드,UQA121,제1종일반주거지역,1,0,,제1종일반주거지역,20221008
경상남도 양산시 물금읍 가촌리 1266-8번지,48330,25323,0,1266,0008,1264100059854,,,,3,용도구역코드,UQQ310,제1종지구단위계획구역,1,0,,제1종지구단위계획구역,20221008
경상남도 양산시 물금읍 가촌리 1266-8번지,48330,25323,0,1266,0008,1264100059854,,,,3,용도구역코드,UOA120,상대보호구역,0,0,,상대정화구역,20221008
경상남도 양산시 물금읍 가촌리 1266-9번지,48330,25323,0,1266,0009,1264100105813,,,,3,용도구역코드,UQQ310,제1종지구단위계획구역,0,0,,제1종지구단위계획구역,20221008
경상남도 양산시 물금읍 가촌리 1266-9번지,48330,25323,0,1266,0009,1264100105813,,,,1,용도지역코드,UQA121,제1종일반주거지역,1,0,,제1종일반주거지역,20221008
경상남도 양산시 물금읍 가촌리 1266-9번지,48330,25323,0,1266,0009,1264100105813,,,,3,용도구역코드,UOA120,상대보호구역,1,0,,상대보호구역,20221008
경상남도 양산시 물금읍 가촌리 1266-9번지,48330,25323,0,1266,0009,1264100055388,,,,1,용도지역코드,UQA121,제1종일반주거지역,1,0,,제1종일반주거지역,20221008
경상남도 양산시 물금읍 가촌리 1266-9번지,48330,25323,0,1266,0009,1264100055388,,,,3,용도구역코드,UQQ310,제1종지구단위계획구역,1,0,,제1종지구단위계획구역,20221008
경상남도 양산시 물금읍 가촌리 1266-10번지,48330,25323,0,1266,0010,1264100083183,,,,1,용도지역코드,UQA121,제1종일반주거지역,1,0,,제1종일반주거지역,20221008
경상남도 양산시 물금읍 가촌리 1266-10번지,48330,25323,0,1266,0010,1264100083183,,,,3,용도구역코드,UQQ310,제1종지구단위계획구역,1,0,,제1종지구단위계획구역,20221008
경상남도 양산시 물금읍 가촌리 1266-11번지,48330,25323,0,1266,0011,1264100052218,,,,3,용도구역코드,UQQ310,제1종지구단위계획구역,1,0,,제1종지구단위계획구역,20221008
경상남도 양산시 물금읍 가촌리 1266-11번지,48330,25323,0,1266,0011,1264100052218,,,,1,용도지역코드,UQA121,제1종일반주거지역,1,0,,제1종일반주거지역,20221008
경상남도 양산시 물금읍 가촌리 1266-12번지,48330,25323,0,1266,0012,1264100052221,,,,1,용도지역코드,UQA121,제1종일반주거지역,1,0,,제1종일반주거지역,20221008
경상남도 양산시 물금읍 가촌리 1266-12번지,48330,25323,0,1266,0012,1264100052221,,,,3,용도구역코드,UQQ310,제1종지구단위계획구역,1,0,,제1종지구단위계획구역,20221008
경상남도 양산시 물금읍 가촌리 1266-13번지,48330,25323,0,1266,0013,1264100057309,,,,1,용도지역코드,UQA121,제1종일반주거지역,1,0,,제1종일반주거지역,20221008
경상남도 양산시 물금읍 가촌리 1266-13번지,48330,25323,0,1266,0013,1264100057309,,,,3,용도구역코드,UQQ310,제1종지구단위계획구역,1,0,,제1종지구단위계획구역,20221008
경상남도 양산시 물금읍 가촌리 1266-14번지,48330,25323,0,1266,0014,1264100080259,,,,1,용도지역코드,UQA121,제1종일반주거지역,1,0,,제1종일반주거지역,20221008
경상남도 양산시 물금읍 가촌리 1266-14번지,48330,25323,0,1266,0014,1264100080259,,,,3,용도구역코드,UQQ310,제1종지구단위계획구역,1,0,,제1종지구단위계획구역,20221008
경상남도 양산시 물금읍 가촌리 1266-15번지,48330,25323,0,1266,0015,1264100060593,,,,1,용도지역코드,UQA121,제1종일반주거지역,1,0,,제1종일반주거지역,20221008
경상남도 양산시 물금읍 가촌리 1266-15번지,48330,25323,0,1266,0015,1264100060593,,,,3,용도구역코드,UQQ310,제1종지구단위계획구역,1,0,,제1종지구단위계획구역,20221008
경상남도 양산시 물금읍 가촌리 1266-15번지,48330,25323,0,1266,0015,1264100060593,,,,3,용도구역코드,UOA120,상대보호구역,0,0,,상대정화구역,20221008
경상남도 양산시 물금읍 가촌리 1266-18번지,48330,25323,0,1266,0018,1264100052380,,,,1,용도지역코드,UQA121,제1종일반주거지역,1,0,,제1종일반주거지역,20221008
경상남도 양산시 물금읍 가촌리 1266-18번지,48330,25323,0,1266,0018,1264100052380,,,,3,용도구역코드,UQQ310,제1종지구단위계획구역,1,0,,제1종지구단위계획구역,20221008
경상남도 양산시 물금읍 가촌리 1267-1번지,48330,25323,0,1267,0001,1264100051614,,,,1,용도지역코드,UQA121,제1종일반주거지역,1,0,,제1종일반주거지역,20221008
경상남도 양산시 물금읍 가촌리 1267-1번지,48330,25323,0,1267,0001,1264100051614,,,,3,용도구역코드,UQQ310,제1종지구단위계획구역,1,0,,제1종지구단위계획구역,20221008
경상남도 양산시 물금읍 가촌리 1267-1번지,48330,25323,0,1267,0001,1264100051614,,,,3,용도구역코드,UOA120,상대보호구역,0,0,,상대정화구역,20221008
경상남도 양산시 물금읍 가촌리 1267-2번지,48330,25323,0,1267,0002,1264100052569,,,,1,용도지역코드,UQA121,제1종일반주거지역,1,0,,제1종일반주거지역,20221008
경상남도 양산시 물금읍 가촌리 1267-2번지,48330,25323,0,1267,0002,1264100052569,,,,3,용도구역코드,UQQ310,제1종지구단위계획구역,1,0,,제1종지구단위계획구역,20221008
경상남도 양산시 물금읍 가촌리 1267-3번지,48330,25323,0,1267,0003,1264100052010,,,,1,용도지역코드,UQA121,제1종일반주거지역,1,0,,제1종일반주거지역,20221008
경상남도 양산시 물금읍 가촌리 1267-3번지,48330,25323,0,1267,0003,1264100052010,,,,3,용도구역코드,UQQ310,제1종지구단위계획구역,1,0,,제1종지구단위계획구역,20221008
경상남도 양산시 물금읍 가촌리 1267-4번지,48330,25323,0,1267,0004,1264100073299,,,,1,용도지역코드,UQA121,제1종일반주거지역,1,0,,제1종일반주거지역,20221008
경상남도 양산시 물금읍 가촌리 1267-4번지,48330,25323,0,1267,0004,1264100073299,,,,3,용도구역코드,UQQ310,제1종지구단위계획구역,1,0,,제1종지구단위계획구역,20221008
경상남도 양산시 물금읍 가촌리 1267-5번지,48330,25323,0,1267,0005,1264100059474,,,,1,용도지역코드,UQA121,제1종일반주거지역,1,0,,제1종일반주거지역,20221008
경상남도 양산시 물금읍 가촌리 1267-5번지,48330,25323,0,1267,0005,1264100059474,,,,3,용도구역코드,UQQ310,제1종지구단위계획구역,1,0,,제1종지구단위계획구역,20221008
경상남도 양산시 물금읍 가촌리 1267-5번지,48330,25323,0,1267,0005,1264100059474,,,,3,용도구역코드,UOA120,상대보호구역,0,0,,상대정화구역,20221008
경상남도 양산시 물금읍 가촌리 1267-6번지,48330,25323,0,1267,0006,1264100051659,,,,3,용도구역코드,UQQ310,제1종지구단위계획구역,1,0,,제1종지구단위계획구역,20221008
경상남도 양산시 물금읍 가촌리 1267-6번지,48330,25323,0,1267,0006,1264100051659,,,,3,용도구역코드,UOA120,상대보호구역,0,0,,상대정화구역,20221008
경상남도 양산시 물금읍 가촌리 1267-6번지,48330,25323,0,1267,0006,1264100051659,,,,1,용도지역코드,UQA121,제1종일반주거지역,1,0,,제1종일반주거지역,20221008
경상남도 양산시 물금읍 가촌리 1267-7번지,48330,25323,0,1267,0007,1264100087521,,,,1,용도지역코드,UQA121,제1종일반주거지역,1,0,,제1종일반주거지역,20221008
경상남도 양산시 물금읍 가촌리 1267-7번지,48330,25323,0,1267,0007,1264100087521,,,,3,용도구역코드,UQQ310,제1종지구단위계획구역,1,0,,제1종지구단위계획구역,20221008
경상남도 양산시 물금읍 가촌리 1267-7번지,48330,25323,0,1267,0007,1264100087521,,,,3,용도구역코드,UOA120,상대보호구역,0,0,,상대정화구역,20221008
경상남도 양산시 물금읍 가촌리 1267-8번지,48330,25323,0,1267,0008,1264100051987,,,,1,용도지역코드,UQA121,제1종일반주거지역,1,0,,제1종일반주거지역,20221008
경상남도 양산시 물금읍 가촌리 1267-8번지,48330,25323,0,1267,0008,1264100051987,,,,3,용도구역코드,UQQ310,제1종지구단위계획구역,1,0,,제1종지구단위계획구역,20221008
경상남도 양산시 물금읍 가촌리 1267-9번지,48330,25323,0,1267,0009,1264100069099,,,,1,용도지역코드,UQA121,제1종일반주거지역,1,0,,제1종일반주거지역,20221008
경상남도 양산시 물금읍 가촌리 1267-9번지,48330,25323,0,1267,0009,1264100069099,,,,3,용도구역코드,UQQ310,제1종지구단위계획구역,1,0,,제1종지구단위계획구역,20221008
경상남도 양산시 물금읍 가촌리 1267-9번지,48330,25323,0,1267,0009,1264100069099,,,,3,용도구역코드,UOA120,상대보호구역,0,0,,상대정화구역,20221008
경상남도 양산시 물금읍 가촌리 1267-13번지,48330,25323,0,1267,0013,1264100103474,,,,1,용도지역코드,UQA121,제1종일반주거지역,1,0,,제1종일반주거지역,20221008
경상남도 양산시 물금읍 가촌리 1267-13번지,48330,25323,0,1267,0013,1264100103474,,,,3,용도구역코드,UQQ310,제1종지구단위계획구역,1,0,,제1종지구단위계획구역,20221008
경상남도 양산시 물금읍 가촌리 1267-14번지,48330,25323,0,1267,0014,1264100051884,,,,1,용도지역코드,UQA121,제1종일반주거지역,1,0,,제1종일반주거지역,20221008
경상남도 양산시 물금읍 가촌리 1267-14번지,48330,25323,0,1267,0014,1264100051884,,,,3,용도구역코드,UQQ310,제1종지구단위계획구역,1,0,,제1종지구단위계획구역,20221008
경상남도 양산시 물금읍 가촌리 1267-15번지,48330,25323,0,1267,0015,1264100055114,,,,1,용도지역코드,UQA121,제1종일반주거지역,1,0,,제1종일반주거지역,20221008
경상남도 양산시 물금읍 가촌리 1267-15번지,48330,25323,0,1267,0015,1264100055114,,,,3,용도구역코드,UQQ310,제1종지구단위계획구역,1,0,,제1종지구단위계획구역,20221008
경상남도 양산시 물금읍 가촌리 1268-3번지,48330,25323,0,1268,0003,1264100051775,,,,1,용도지역코드,UQA121,제1종일반주거지역,1,0,,제1종일반주거지역,20221008
경상남도 양산시 물금읍 가촌리 1268-3번지,48330,25323,0,1268,0003,1264100051775,,,,3,용도구역코드,UQQ310,제1종지구단위계획구역,1,0,,제1종지구단위계획구역,20221008
경상남도 양산시 물금읍 가촌리 1268-4번지,48330,25323,0,1268,0004,1264100051467,,,,1,용도지역코드,UQA121,제1종일반주거지역,1,0,,제1종일반주거지역,20221008
경상남도 양산시 물금읍 가촌리 1268-4번지,48330,25323,0,1268,0004,1264100051467,,,,3,용도구역코드,UQQ310,제1종지구단위계획구역,1,0,,제1종지구단위계획구역,20221008
경상남도 양산시 물금읍 가촌리 1268-5번지,48330,25323,0,1268,0005,1264100051814,,,,1,용도지역코드,UQA121,제1종일반주거지역,1,0,,제1종일반주거지역,20221008
경상남도 양산시 물금읍 가촌리 1268-5번지,48330,25323,0,1268,0005,1264100051814,,,,3,용도구역코드,UQQ310,제1종지구단위계획구역,1,0,,제1종지구단위계획구역,20221008
경상남도 양산시 물금읍 가촌리 1268-6번지,48330,25323,0,1268,0006,1264100052628,,,,1,용도지역코드,UQA121,제1종일반주거지역,1,0,,제1종일반주거지역,20221008
경상남도 양산시 물금읍 가촌리 1268-6번지,48330,25323,0,1268,0006,1264100052628,,,,3,용도구역코드,UQQ310,제1종지구단위계획구역,1,0,,제1종지구단위계획구역,20221008
경상남도 양산시 물금읍 가촌리 1268-7번지,48330,25323,0,1268,0007,1264100052297,,,,1,용도지역코드,UQA121,제1종일반주거지역,1,0,,제1종일반주거지역,20221008
경상남도 양산시 물금읍 가촌리 1268-8번지,48330,25323,0,1268,0008,1264100052093,,,,1,용도지역코드,UQA121,제1종일반주거지역,1,0,,제1종일반주거지역,20221008
경상남도 양산시 물금읍 가촌리 1268-8번지,48330,25323,0,1268,0008,1264100052093,,,,3,용도구역코드,UQQ310,제1종지구단위계획구역,1,0,,제1종지구단위계획구역,20221008
경상남도 양산시 물금읍 가촌리 1268-10번지,48330,25323,0,1268,0010,1264100053109,,,,1,용도지역코드,UQA121,제1종일반주거지역,1,0,,제1종일반주거지역,20221008
경상남도 양산시 물금읍 가촌리 1268-10번지,48330,25323,0,1268,0010,1264100053109,,,,3,용도구역코드,UQQ310,제1종지구단위계획구역,1,0,,제1종지구단위계획구역,20221008
경상남도 양산시 물금읍 가촌리 1268-11번지,48330,25323,0,1268,0011,1264100052228,,,,3,용도구역코드,UQQ310,제1종지구단위계획구역,1,0,,제1종지구단위계획구역,20221008
경상남도 양산시 물금읍 가촌리 1268-11번지,48330,25323,0,1268,0011,1264100052228,,,,1,용도지역코드,UQA121,제1종일반주거지역,1,0,,제1종일반주거지역,20221008
경상남도 양산시 물금읍 가촌리 1268-12번지,48330,25323,0,1268,0012,1264100052148,,,,1,용도지역코드,UQA121,제1종일반주거지역,1,0,,제1종일반주거지역,20221008
경상남도 양산시 물금읍 가촌리 1268-12번지,48330,25323,0,1268,0012,1264100052148,,,,3,용도구역코드,UQQ310,제1종지구단위계획구역,1,0,,제1종지구단위계획구역,20221008
경상남도 양산시 물금읍 가촌리 1268-13번지,48330,25323,0,1268,0013,1264100052709,,,,1,용도지역코드,UQA121,제1종일반주거지역,1,0,,제1종일반주거지역,20221008
경상남도 양산시 물금읍 가촌리 1268-13번지,48330,25323,0,1268,0013,1264100052709,,,,1,용도지역코드,UQA001,도시지역,0,0,,도시지역,20221008
경상남도 양산시 물금읍 가촌리 1268-13번지,48330,25323,0,1268,0013,1264100052709,,,,3,용도구역코드,UQQ310,제1종지구단위계획구역,1,0,,제1종지구단위계획구역,20221008
경상남도 양산시 물금읍 가촌리 1268-14번지,48330,25323,0,1268,0014,1264100052051,,,,1,용도지역코드,UQA121,제1종일반주거지역,1,0,,제1종일반주거지역,20221008
경상남도 양산시 물금읍 가촌리 1268-14번지,48330,25323,0,1268,0014,1264100052051,,,,3,용도구역코드,UQQ310,제1종지구단위계획구역,1,0,,제1종지구단위계획구역,20221008
경상남도 양산시 물금읍 가촌리 1269-1번지,48330,25323,0,1269,0001,1264100065500,,,,1,용도지역코드,UQA220,일반상업지역,1,0,,일반상업지역,20221008
경상남도 양산시 물금읍 가촌리 1269-1번지,48330,25323,0,1269,0001,1264100065500,,,,3,용도구역코드,UQQ310,제1종지구단위계획구역,1,0,,제1종지구단위계획구역,20221008
경상남도 양산시 물금읍 가촌리 1269-1번지,48330,25323,0,1269,0001,1264100065500,,,,3,용도구역코드,UOA120,상대보호구역,0,0,,상대정화구역,20221008
경상남도 양산시 물금읍 가촌리 1269-1번지,48330,25323,0,1269,0001,1264100065500,,,,3,용도구역코드,UOA110,절대정화구역,0,0,,절대정화구역,20221008
경상남도 양산시 물금읍 가촌리 1269-2번지,48330,25323,0,1269,0002,1000000000000000374932,,,,1,용도지역코드,UQA220,일반상업지역,1,0,,일반상업지역,20240402
경상남도 양산시 물금읍 가촌리 1269-2번지,48330,25323,0,1269,0002,1000000000000000374932,,,,3,용도구역코드,UQQ310,제1종지구단위계획구역,1,0,,제1종지구단위계획구역,20240402
경상남도 양산시 물금읍 가촌리 1269-3번지,48330,25323,0,1269,0003,1264100068000,,,,1,용도지역코드,UQA220,일반상업지역,1,0,,일반상업지역,20221008
경상남도 양산시 물금읍 가촌리 1269-3번지,48330,25323,0,1269,0003,1264100068000,,,,3,용도구역코드,UQQ310,제1종지구단위계획구역,1,0,,제1종지구단위계획구역,20221008
경상남도 양산시 물금읍 가촌리 1269-4번지,48330,25323,0,1269,0004,1264100067161,,,,1,용도지역코드,UQA220,일반상업지역,1,0,,일반상업지역,20221008
경상남도 양산시 물금읍 가촌리 1269-4번지,48330,25323,0,1269,0004,1264100067161,,,,3,용도구역코드,UQQ310,제1종지구단위계획구역,1,0,,제1종지구단위계획구역,20221008
경상남도 양산시 물금읍 가촌리 1269-5번지,48330,25323,0,1269,0005,1264100077381,,,,1,용도지역코드,UQA220,일반상업지역,1,0,,일반상업지역,20221008
경상남도 양산시 물금읍 가촌리 1269-5번지,48330,25323,0,1269,0005,1264100077381,,,,3,용도구역코드,UQQ310,제1종지구단위계획구역,1,0,,제1종지구단위계획구역,20221008
경상남도 양산시 물금읍 가촌리 1269-5번지,48330,25323,0,1269,0005,1264100077381,,,,3,용도구역코드,UOA120,상대보호구역,0,0,,상대정화구역,20221008
경상남도 양산시 물금읍 가촌리 1269-6번지,48330,25323,0,1269,0006,1264100080059,,,,1,용도지역코드,UQA220,일반상업지역,1,0,,일반상업지역,20221008
경상남도 양산시 물금읍 가촌리 1269-6번지,48330,25323,0,1269,0006,1264100080059,,,,3,용도구역코드,UQQ310,제1종지구단위계획구역,1,0,,제1종지구단위계획구역,20221008
경상남도 양산시 물금읍 가촌리 1269-8번지,48330,25323,0,1269,0008,1264100070080,,,,1,용도지역코드,UQA220,일반상업지역,1,0,,일반상업지역,20221008
경상남도 양산시 물금읍 가촌리 1269-8번지,48330,25323,0,1269,0008,1264100070080,,,,3,용도구역코드,UQQ310,제1종지구단위계획구역,1,0,,제1종지구단위계획구역,20221008
경상남도 양산시 물금읍 가촌리 1269-8번지,48330,25323,0,1269,0008,1264100070080,,,,3,용도구역코드,UOA110,절대정화구역,0,0,,절대정화구역,20221008
경상남도 양산시 물금읍 가촌리 1269-8번지,48330,25323,0,1269,0008,1264100070080,,,,3,용도구역코드,UOA120,상대보호구역,0,0,,상대정화구역,20221008
경상남도 양산시 물금읍 가촌리 1269-9번지,48330,25323,0,1269,0009,1264100071759,,,,1,용도지역코드,UQA220,일반상업지역,1,0,,일반상업지역,20221008
경상남도 양산시 물금읍 가촌리 1269-9번지,48330,25323,0,1269,0009,1264100071759,,,,3,용도구역코드,UQQ310,제1종지구단위계획구역,1,0,,제1종지구단위계획구역,20221008
경상남도 양산시 물금읍 가촌리 1269-10번지,48330,25323,0,1269,0010,1264100066400,,,,1,용도지역코드,UQA220,일반상업지역,1,0,,일반상업지역,20221008
경상남도 양산시 물금읍 가촌리 1269-10번지,48330,25323,0,1269,0010,1264100066400,,,,3,용도구역코드,UQQ310,제1종지구단위계획구역,1,0,,제1종지구단위계획구역,20221008
경상남도 양산시 물금읍 가촌리 1269-10번지,48330,25323,0,1269,0010,1264100066400,,,,3,용도구역코드,UOA120,상대보호구역,0,0,,상대정화구역,20221008
경상남도 양산시 물금읍 가촌리 1269-10번지,48330,25323,0,1269,0010,1264100066400,,,,3,용도구역코드,UOA110,절대정화구역,0,0,,절대정화구역,20221008
경상남도 양산시 물금읍 가촌리 1269-11번지,48330,25323,0,1269,0011,1264100060212,,,,1,용도지역코드,UQA220,일반상업지역,1,0,,일반상업지역,20221008
경상남도 양산시 물금읍 가촌리 1269-11번지,48330,25323,0,1269,0011,1264100060212,,,,3,용도구역코드,UQQ310,제1종지구단위계획구역,1,0,,제1종지구단위계획구역,20221008
경상남도 양산시 물금읍 가촌리 1269-11번지,48330,25323,0,1269,0011,1264100060212,,,,3,용도구역코드,UOA120,상대보호구역,0,0,,상대정화구역,20221008
경상남도 양산시 물금읍 가촌리 1269-11번지,48330,25323,0,1269,0011,1264100060212,,,,3,용도구역코드,UOA110,절대정화구역,0,0,,절대정화구역,20221008
경상남도 양산시 물금읍 가촌리 1269-13번지,48330,25323,0,1269,0013,1264100073681,,,,1,용도지역코드,UQA220,일반상업지역,1,0,,일반상업지역,20221008
경상남도 양산시 물금읍 가촌리 1269-13번지,48330,25323,0,1269,0013,1264100073681,,,,3,용도구역코드,UQQ310,제1종지구단위계획구역,1,0,,제1종지구단위계획구역,20221008
경상남도 양산시 물금읍 가촌리 1269-13번지,48330,25323,0,1269,0013,1264100073681,,,,3,용도구역코드,UOA120,상대보호구역,0,0,,상대정화구역,20221008
경상남도 양산시 물금읍 가촌리 1269-13번지,48330,25323,0,1269,0013,1264100073681,,,,3,용도구역코드,UOA110,절대정화구역,0,0,,절대정화구역,20221008
경상남도 양산시 물금읍 가촌리 1269-13번지,48330,25323,0,1269,0013,1264100152052,,,,1,용도지역코드,UQA220,일반상업지역,1,0,,일반상업지역,20221008
경상남도 양산시 물금읍 가촌리 1269-13번지,48330,25323,0,1269,0013,1264100152052,,,,3,용도구역코드,UOA120,상대보호구역,1,0,,상대보호구역,20221008
경상남도 양산시 물금읍 가촌리 1269-13번지,48330,25323,0,1269,0013,1264100152052,,,,3,용도구역코드,UQQ310,제1종지구단위계획구역,0,0,,제1종지구단위계획구역,20221008
경상남도 양산시 물금읍 가촌리 1269-14번지,48330,25323,0,1269,0014,1264100070782,,,,1,용도지역코드,UQA220,일반상업지역,1,0,,일반상업지역,20221008
경상남도 양산시 물금읍 가촌리 1269-14번지,48330,25323,0,1269,0014,1264100070782,,,,3,용도구역코드,UQQ310,제1종지구단위계획구역,1,0,,제1종지구단위계획구역,20221008
경상남도 양산시 물금읍 가촌리 1269-15번지,48330,25323,0,1269,0015,1264100067044,,,,1,용도지역코드,UQA220,일반상업지역,1,0,,일반상업지역,20221008
경상남도 양산시 물금읍 가촌리 1269-15번지,48330,25323,0,1269,0015,1264100067044,,,,3,용도구역코드,UQQ310,제1종지구단위계획구역,1,0,,제1종지구단위계획구역,20221008
경상남도 양산시 물금읍 가촌리 1269-16번지,48330,25323,0,1269,0016,1264100065919,,,,1,용도지역코드,UQA220,일반상업지역,1,0,,일반상업지역,20221008
경상남도 양산시 물금읍 가촌리 1269-16번지,48330,25323,0,1269,0016,1264100065919,,,,3,용도구역코드,UQQ310,제1종지구단위계획구역,1,0,,제1종지구단위계획구역,20221008
경상남도 양산시 물금읍 가촌리 1269-16번지,48330,25323,0,1269,0016,1264100096389,,,,1,용도지역코드,UQA220,일반상업지역,1,0,,일반상업지역,20221008
경상남도 양산시 물금읍 가촌리 1269-16번지,48330,25323,0,1269,0016,1264100096389,,,,3,용도구역코드,UOA110,절대정화구역,,,,절대정화구역,20221008
경상남도 양산시 물금읍 가촌리 1269-16번지,48330,25323,0,1269,0016,1264100096389,,,,3,용도구역코드,UQQ310,제1종지구단위계획구역,1,0,,제1종지구단위계획구역,20221008
경상남도 양산시 물금읍 가촌리 1269-16번지,48330,25323,0,1269,0016,1264100096389,,,,3,용도구역코드,UOA120,상대보호구역,0,0,,상대정화구역,20221008
경상남도 양산시 물금읍 가촌리 1269-17번지,48330,25323,0,1269,0017,1264100067239,,,,1,용도지역코드,UQA220,일반상업지역,1,0,,일반상업지역,20221008
경상남도 양산시 물금읍 가촌리 1269-17번지,48330,25323,0,1269,0017,1264100067239,,,,3,용도구역코드,UQQ310,제1종지구단위계획구역,1,0,,제1종지구단위계획구역,20221008
경상남도 양산시 물금읍 가촌리 1269-17번지,48330,25323,0,1269,0017,1264100067239,,,,3,용도구역코드,UOA120,상대보호구역,0,0,,상대정화구역,20221008
경상남도 양산시 물금읍 가촌리 1269-17번지,48330,25323,0,1269,0017,1264100067239,,,,3,용도구역코드,UOA110,절대정화구역,0,0,,절대정화구역,20221008
경상남도 양산시 물금읍 가촌리 1269-17번지,48330,25323,0,1269,0017,1264100067239,,,,3,용도구역코드,,,0,0,,,20221008
경상남도 양산시 물금읍 가촌리 1269-17번지,48330,25323,0,1269,0017,1264100089062,,,,1,용도지역코드,UQA220,일반상업지역,1,0,,일반상업지역,20221008
경상남도 양산시 물금읍 가촌리 1269-17번지,48330,25323,0,1269,0017,1264100089062,,,,3,용도구역코드,UQQ310,제1종지구단위계획구역,1,0,,제1종지구단위계획구역,20221008
경상남도 양산시 물금읍 가촌리 1269-17번지,48330,25323,0,1269,0017,1264100066800,,,,1,용도지역코드,UQA220,일반상업지역,1,0,,일반상업지역,20221008
경상남도 양산시 물금읍 가촌리 1269-17번지,48330,25323,0,1269,0017,1264100066800,,,,3,용도구역코드,UQQ310,제1종지구단위계획구역,1,0,,제1종지구단위계획구역,20221008
경상남도 양산시 물금읍 가촌리 1269-18번지,48330,25323,0,1269,0018,1264100119919,,,,1,용도지역코드,UQA220,일반상업지역,1,0,,일반상업지역,20221008
경상남도 양산시 물금읍 가촌리 1269-18번지,48330,25323,0,1269,0018,1264100119919,,,,3,용도구역코드,UOA120,상대보호구역,1,0,,상대보호구역,20221008
경상남도 양산시 물금읍 가촌리 1269-18번지,48330,25323,0,1269,0018,1264100119919,,,,3,용도구역코드,UQQ310,제1종지구단위계획구역,0,0,,제1종지구단위계획구역,20221008
경상남도 양산시 물금읍 가촌리 1269-18번지,48330,25323,0,1269,0018,1264100065259,,,,1,용도지역코드,UQA220,일반상업지역,1,0,,일반상업지역,20221008
경상남도 양산시 물금읍 가촌리 1269-18번지,48330,25323,0,1269,0018,1264100065259,,,,3,용도구역코드,UQQ310,제1종지구단위계획구역,1,0,,제1종지구단위계획구역,20221008
경상남도 양산시 물금읍 가촌리 1269-18번지,48330,25323,0,1269,0018,1264100082421,,,,1,용도지역코드,UQA220,일반상업지역,1,0,,일반상업지역,20221008
경상남도 양산시 물금읍 가촌리 1269-18번지,48330,25323,0,1269,0018,1264100082421,,,,3,용도구역코드,UQQ310,제1종지구단위계획구역,1,0,,제1종지구단위계획구역,20221008
경상남도 양산시 물금읍 가촌리 1269-19번지,48330,25323,0,1269,0019,1264100062259,,,,1,용도지역코드,UQA220,일반상업지역,1,0,,일반상업지역,20221008
경상남도 양산시 물금읍 가촌리 1269-19번지,48330,25323,0,1269,0019,1264100062259,,,,3,용도구역코드,UQQ310,제1종지구단위계획구역,1,0,,제1종지구단위계획구역,20221008
경상남도 양산시 물금읍 가촌리 1269-19번지,48330,25323,0,1269,0019,1264100062259,,,,3,용도구역코드,UOA120,상대보호구역,0,0,,상대정화구역,20221008
경상남도 양산시 물금읍 가촌리 1269-19번지,48330,25323,0,1269,0019,1264100104235,,,,1,용도지역코드,UQA220,일반상업지역,1,0,,일반상업지역,20221008
경상남도 양산시 물금읍 가촌리 1269-19번지,48330,25323,0,1269,0019,1264100104235,,,,3,용도구역코드,UQQ310,제1종지구단위계획구역,,,,제1종지구단위계획구역,20221008
경상남도 양산시 물금읍 가촌리 1269-19번지,48330,25323,0,1269,0019,1264100104235,,,,3,용도구역코드,UOA120,상대보호구역,1,0,,상대보호구역,20221008
경상남도 양산시 물금읍 가촌리 1269-19번지,48330,25323,0,1269,0019,1264100127001,,,,1,용도지역코드,UQA220,일반상업지역,1,0,,일반상업지역,20221008
경상남도 양산시 물금읍 가촌리 1269-19번지,48330,25323,0,1269,0019,1264100127001,,,,3,용도구역코드,UOA120,상대보호구역,1,0,,상대보호구역,20221008
경상남도 양산시 물금읍 가촌리 1269-19번지,48330,25323,0,1269,0019,1264100127001,,,,3,용도구역코드,UQQ310,제1종지구단위계획구역,0,0,,제1종지구단위계획구역,20221008
경상남도 양산시 물금읍 가촌리 1269-20번지,48330,25323,0,1269,0020,1264100071639,,,,1,용도지역코드,UQA220,일반상업지역,1,0,,일반상업지역,20221008
경상남도 양산시 물금읍 가촌리 1269-20번지,48330,25323,0,1269,0020,1264100071639,,,,3,용도구역코드,UQQ310,제1종지구단위계획구역,1,0,,제1종지구단위계획구역,20221008
경상남도 양산시 물금읍 가촌리 1270-1번지,48330,25323,0,1270,0001,1264100081380,,,,1,용도지역코드,UQA220,일반상업지역,1,0,,일반상업지역,20221008
경상남도 양산시 물금읍 가촌리 1270-1번지,48330,25323,0,1270,0001,1264100081380,,,,3,용도구역코드,UQQ310,제1종지구단위계획구역,1,0,,제1종지구단위계획구역,20221008
경상남도 양산시 물금읍 가촌리 1270-1번지,48330,25323,0,1270,0001,1264100081380,,,,3,용도구역코드,UOA120,상대보호구역,0,0,,상대정화구역,20221008
경상남도 양산시 물금읍 가촌리 1270-2번지,48330,25323,0,1270,0002,1264100088610,,,,1,용도지역코드,UQA220,일반상업지역,1,0,,일반상업지역,20221008
경상남도 양산시 물금읍 가촌리 1270-2번지,48330,25323,0,1270,0002,1264100088610,,,,3,용도구역코드,UQQ310,제1종지구단위계획구역,1,0,,제1종지구단위계획구역,20221008
경상남도 양산시 물금읍 가촌리 1270-3번지,48330,25323,0,1270,0003,1264100085346,,,,1,용도지역코드,UQA220,일반상업지역,1,0,,일반상업지역,20221008
경상남도 양산시 물금읍 가촌리 1270-3번지,48330,25323,0,1270,0003,1264100085346,,,,3,용도구역코드,UQQ310,제1종지구단위계획구역,1,0,,제1종지구단위계획구역,20221008
경상남도 양산시 물금읍 가촌리 1270-3번지,48330,25323,0,1270,0003,1264100099939,,,,1,용도지역코드,UQA220,일반상업지역,1,0,,일반상업지역,20221008
경상남도 양산시 물금읍 가촌리 1270-4번지,48330,25323,0,1270,0004,1264100078381,,,,1,용도지역코드,UQA220,일반상업지역,1,0,,일반상업지역,20221008
경상남도 양산시 물금읍 가촌리 1270-4번지,48330,25323,0,1270,0004,1264100152951,,,,1,용도지역코드,UQA220,일반상업지역,1,0,,일반상업지역,20221008
경상남도 양산시 물금읍 가촌리 1270-4번지,48330,25323,0,1270,0004,1264100152951,,,,3,용도구역코드,UQQ310,제1종지구단위계획구역,1,0,,제1종지구단위계획구역,20221008
경상남도 양산시 물금읍 가촌리 1270-4번지,48330,25323,0,1270,0004,1264100151933,,,,1,용도지역코드,UQA220,일반상업지역,1,0,,일반상업지역,20221008
경상남도 양산시 물금읍 가촌리 1270-4번지,48330,25323,0,1270,0004,1264100151933,,,,3,용도구역코드,UQQ310,제1종지구단위계획구역,1,0,,제1종지구단위계획구역,20221008
경상남도 양산시 물금읍 가촌리 1270-4번지,48330,25323,0,1270,0004,1264100071700,,,,1,용도지역코드,UQA220,일반상업지역,1,0,,일반상업지역,20221008
경상남도 양산시 물금읍 가촌리 1270-5번지,48330,25323,0,1270,0005,1264100124599,,,,1,용도지역코드,UQA220,일반상업지역,1,0,,일반상업지역,20221008
경상남도 양산시 물금읍 가촌리 1270-5번지,48330,25323,0,1270,0005,1264100124599,,,,3,용도구역코드,UQQ310,제1종지구단위계획구역,1,0,,제1종지구단위계획구역,20221008
경상남도 양산시 물금읍 가촌리 1270-5번지,48330,25323,0,1270,0005,1264100069879,,,,1,용도지역코드,UQA220,일반상업지역,1,0,,일반상업지역,20221008
경상남도 양산시 물금읍 가촌리 1270-5번지,48330,25323,0,1270,0005,1264100069879,,,,3,용도구역코드,UQQ310,제1종지구단위계획구역,1,0,,제1종지구단위계획구역,20221008
경상남도 양산시 물금읍 가촌리 1270-7번지,48330,25323,0,1270,0007,1000000000000000833659,,,,1,용도지역코드,UQA220,일반상업지역,1,0,,일반상업지역,20251110
경상남도 양산시 물금읍 가촌리 1270-7번지,48330,25323,0,1270,0007,1000000000000000833659,,,,3,용도구역코드,UOA120,상대보호구역,0,0,,상대보호구역,20251110
경상남도 양산시 물금읍 가촌리 1270-7번지,48330,25323,0,1270,0007,1000000000000000833659,,,,3,용도구역코드,UQQ310,제1종지구단위계획구역,1,0,,제1종지구단위계획구역,20251110
경상남도 양산시 물금읍 가촌리 1270-7번지,48330,25323,0,1270,0007,1264100083622,,,,1,용도지역코드,UQA220,일반상업지역,1,0,,일반상업지역,20221008
경상남도 양산시 물금읍 가촌리 1270-7번지,48330,25323,0,1270,0007,1264100083622,,,,3,용도구역코드,UQQ310,제1종지구단위계획구역,1,0,,제1종지구단위계획구역,20221008
경상남도 양산시 물금읍 가촌리 1270-7번지,48330,25323,0,1270,0007,1264100108076,,,,1,용도지역코드,UQA220,일반상업지역,1,0,,일반상업지역,20221008
경상남도 양산시 물금읍 가촌리 1270-8번지,48330,25323,0,1270,0008,1264100070504,,,,1,용도지역코드,UQA220,일반상업지역,1,0,,일반상업지역,20221008
경상남도 양산시 물금읍 가촌리 1270-8번지,48330,25323,0,1270,0008,1264100084282,,,,1,용도지역코드,UQA220,일반상업지역,1,0,,일반상업지역,20221008
경상남도 양산시 물금읍 가촌리 1270-8번지,48330,25323,0,1270,0008,1264100084282,,,,3,용도구역코드,UQQ310,제1종지구단위계획구역,1,0,,제1종지구단위계획구역,20221008
경상남도 양산시 물금읍 가촌리 1270-8번지,48330,25323,0,1270,0008,1264100106614,,,,1,용도지역코드,UQA220,일반상업지역,1,0,,일반상업지역,20221008
경상남도 양산시 물금읍 가촌리 1270-8번지,48330,25323,0,1270,0008,1264100106614,,,,3,용도구역코드,UQQ310,제1종지구단위계획구역,1,0,,제1종지구단위계획구역,20221008
경상남도 양산시 물금읍 가촌리 1270-8번지,48330,25323,0,1270,0008,1264100121079,,,,1,용도지역코드,UQA220,일반상업지역,1,0,,일반상업지역,20221008
경상남도 양산시 물금읍 가촌리 1270-8번지,48330,25323,0,1270,0008,1264100121079,,,,3,용도구역코드,UQQ310,제1종지구단위계획구역,1,0,,제1종지구단위계획구역,20221008
경상남도 양산시 물금읍 가촌리 1270-9번지,48330,25323,0,1270,0009,1000000000000000639587,,,,3,용도구역코드,UQQ310,제1종지구단위계획구역,1,0,,제1종지구단위계획구역,20241219
경상남도 양산시 물금읍 가촌리 1270-9번지,48330,25323,0,1270,0009,1000000000000000639587,,,,1,용도지역코드,UQA220,일반상업지역,1,0,,일반상업지역,20241219
경상남도 양산시 물금읍 가촌리 1270-9번지,48330,25323,0,1270,0009,1000000000000000639587,,,,3,용도구역코드,UOA120,상대보호구역,0,0,,상대보호구역,20241219
경상남도 양산시 물금읍 가촌리 1270-9번지,48330,25323,0,1270,0009,1000000000000000630253,,,,3,용도구역코드,UQQ310,제1종지구단위계획구역,1,0,,제1종지구단위계획구역,20241203
경상남도 양산시 물금읍 가촌리 1270-9번지,48330,25323,0,1270,0009,1000000000000000630253,,,,1,용도지역코드,UQA220,일반상업지역,1,0,,일반상업지역,20241203
경상남도 양산시 물금읍 가촌리 1270-9번지,48330,25323,0,1270,0009,1264100074479,,,,1,용도지역코드,UQA220,일반상업지역,1,0,,일반상업지역,20221008
경상남도 양산시 물금읍 가촌리 1270-9번지,48330,25323,0,1270,0009,1264100074479,,,,3,용도구역코드,UQQ310,제1종지구단위계획구역,1,0,,제1종지구단위계획구역,20221008
경상남도 양산시 물금읍 가촌리 1270-9번지,48330,25323,0,1270,0009,1264100074479,,,,3,용도구역코드,UOA120,상대보호구역,0,0,,상대정화구역,20221008
경상남도 양산시 물금읍 가촌리 1270-9번지,48330,25323,0,1270,0009,1264100099115,,,,1,용도지역코드,UQA220,일반상업지역,1,0,,일반상업지역,20221008
경상남도 양산시 물금읍 가촌리 1270-9번지,48330,25323,0,1270,0009,1264100099115,,,,3,용도구역코드,UOA120,상대보호구역,1,0,,상대정화구역,20221008
경상남도 양산시 물금읍 가촌리 1270-9번지,48330,25323,0,1270,0009,1264100099115,,,,3,용도구역코드,UQQ310,제1종지구단위계획구역,0,0,,제1종지구단위계획구역,20221008
경상남도 양산시 물금읍 가촌리 1270-9번지,48330,25323,0,1270,0009,1000000000000000616286,,,,1,용도지역코드,UQA220,일반상업지역,1,0,,일반상업지역,20241111
경상남도 양산시 물금읍 가촌리 1270-9번지,48330,25323,0,1270,0009,1000000000000000616286,,,,3,용도구역코드,UQQ310,제1종지구단위계획구역,1,0,,제1종지구단위계획구역,20241111
경상남도 양산시 물금읍 가촌리 1270-10번지,48330,25323,0,1270,0010,1264100102775,,,,1,용도지역코드,UQA220,일반상업지역,1,0,,일반상업지역,20221008
경상남도 양산시 물금읍 가촌리 1270-10번지,48330,25323,0,1270,0010,1264100102775,,,,3,용도구역코드,UQQ310,제1종지구단위계획구역,1,0,,제1종지구단위계획구역,20221008
경상남도 양산시 물금읍 가촌리 1270-11번지,48330,25323,0,1270,0011,1264100082081,,,,1,용도지역코드,UQA220,일반상업지역,1,0,,일반상업지역,20221008
경상남도 양산시 물금읍 가촌리 1270-11번지,48330,25323,0,1270,0011,1264100082081,,,,3,용도구역코드,UOA120,상대보호구역,1,0,,상대정화구역,20221008
경상남도 양산시 물금읍 가촌리 1270-11번지,48330,25323,0,1270,0011,1264100082081,,,,3,용도구역코드,UQQ310,제1종지구단위계획구역,0,0,,제1종지구단위계획구역,20221008
경상남도 양산시 물금읍 가촌리 1270-12번지,48330,25323,0,1270,0012,1264100063320,,,,1,용도지역코드,UQA220,일반상업지역,1,0,,일반상업지역,20221008
경상남도 양산시 물금읍 가촌리 1270-12번지,48330,25323,0,1270,0012,1264100063320,,,,3,용도구역코드,UQQ310,제1종지구단위계획구역,1,0,,제1종지구단위계획구역,20221008
경상남도 양산시 물금읍 가촌리 1270-13번지,48330,25323,0,1270,0013,1264100085721,,,,1,용도지역코드,UQA220,일반상업지역,1,0,,일반상업지역,20221008
경상남도 양산시 물금읍 가촌리 1270-13번지,48330,25323,0,1270,0013,1264100085721,,,,3,용도구역코드,UQQ310,제1종지구단위계획구역,1,0,,제1종지구단위계획구역,20221008
경상남도 양산시 물금읍 가촌리 1270-14번지,48330,25323,0,1270,0014,1264100074039,,,,1,용도지역코드,UQA220,일반상업지역,1,0,,일반상업지역,20221008
경상남도 양산시 물금읍 가촌리 1270-14번지,48330,25323,0,1270,0014,1264100074039,,,,3,용도구역코드,UQQ310,제1종지구단위계획구역,1,0,,제1종지구단위계획구역,20221008
경상남도 양산시 물금읍 가촌리 1270-14번지,48330,25323,0,1270,0014,1264100074039,,,,3,용도구역코드,UOA120,상대보호구역,0,0,,상대정화구역,20221008
경상남도 양산시 물금읍 가촌리 1270-15번지,48330,25323,0,1270,0015,1264100086282,,,,1,용도지역코드,UQA220,일반상업지역,1,0,,일반상업지역,20221008
경상남도 양산시 물금읍 가촌리 1270-15번지,48330,25323,0,1270,0015,1264100086282,,,,3,용도구역코드,UQQ310,제1종지구단위계획구역,1,0,,제1종지구단위계획구역,20221008
경상남도 양산시 물금읍 가촌리 1270-15번지,48330,25323,0,1270,0015,1264100086282,,,,3,용도구역코드,UOA120,상대보호구역,0,0,,상대정화구역,20221008
경상남도 양산시 물금읍 가촌리 1270-16번지,48330,25323,0,1270,0016,1264100063740,,,,1,용도지역코드,UQA220,일반상업지역,1,0,,일반상업지역,20221008
경상남도 양산시 물금읍 가촌리 1270-16번지,48330,25323,0,1270,0016,1264100063740,,,,3,용도구역코드,UQQ310,제1종지구단위계획구역,1,0,,제1종지구단위계획구역,20221008
경상남도 양산시 물금읍 가촌리 1271-1번지,48330,25323,0,1271,0001,1264100063121,,,,2,용도지구코드,,,1,0,,,20221008
경상남도 양산시 물금읍 가촌리 1272-1번지,48330,25323,0,1272,0001,1264100057672,,,,1,용도지역코드,UQA123,제3종일반주거지역,1,0,,제3종일반주거지역,20221008
경상남도 양산시 물금읍 가촌리 1272-1번지,48330,25323,0,1272,0001,1264100057672,,,,3,용도구역코드,UQQ310,제1종지구단위계획구역,1,0,,제1종지구단위계획구역,20221008
경상남도 양산시 물금읍 가촌리 1272-4번지,48330,25323,0,1272,0004,1264100057673,,,,1,용도지역코드,UQA123,제3종일반주거지역,1,0,,제3종일반주거지역,20221008
경상남도 양산시 물금읍 가촌리 1272-4번지,48330,25323,0,1272,0004,1264100057673,,,,3,용도구역코드,UQQ310,제1종지구단위계획구역,1,0,,제1종지구단위계획구역,20221008
경상남도 양산시 물금읍 가촌리 1272-10번지,48330,25323,0,1272,0010,1264100074580,,,,1,용도지역코드,UQA123,제3종일반주거지역,1,0,,제3종일반주거지역,20221008
경상남도 양산시 물금읍 가촌리 1272-10번지,48330,25323,0,1272,0010,1264100074580,,,,3,용도구역코드,UOA120,상대보호구역,,,,상대정화구역,20221008
경상남도 양산시 물금읍 가촌리 1272-10번지,48330,25323,0,1272,0010,1264100074580,,,,3,용도구역코드,UOA110,절대정화구역,,,,절대정화구역,20221008
경상남도 양산시 물금읍 가촌리 1272-10번지,48330,25323,0,1272,0010,1264100074580,,,,3,용도구역코드,UQQ310,제1종지구단위계획구역,1,0,,제1종지구단위계획구역,20221008
경상남도 양산시 물금읍 가촌리 1272-10번지,48330,25323,0,1272,0010,1264100059493,,,,1,용도지역코드,UQA123,제3종일반주거지역,1,0,,제3종일반주거지역,20221008
경상남도 양산시 물금읍 가촌리 1272-10번지,48330,25323,0,1272,0010,1264100059493,,,,3,용도구역코드,UQQ310,제1종지구단위계획구역,1,0,,제1종지구단위계획구역,20221008
경상남도 양산시 물금읍 가촌리 1272-10번지,48330,25323,0,1272,0010,1264100060573,,,,1,용도지역코드,UQA123,제3종일반주거지역,1,0,,제3종일반주거지역,20221008
경상남도 양산시 물금읍 가촌리 1272-10번지,48330,25323,0,1272,0010,1264100060573,,,,3,용도구역코드,UQQ310,제1종지구단위계획구역,1,0,,제1종지구단위계획구역,20221008
경상남도 양산시 물금읍 가촌리 1272-12번지,48330,25323,0,1272,0012,1264100095608,,,,1,용도지역코드,UQA123,제3종일반주거지역,1,0,,제3종일반주거지역,20221008
경상남도 양산시 물금읍 가촌리 1272-12번지,48330,25323,0,1272,0012,1264100095608,,,,3,용도구역코드,UOA110,절대정화구역,,,,절대정화구역,20221008
경상남도 양산시 물금읍 가촌리 1272-12번지,48330,25323,0,1272,0012,1264100095608,,,,3,용도구역코드,UQQ310,제1종지구단위계획구역,1,0,,제1종지구단위계획구역,20221008
경상남도 양산시 물금읍 가촌리 1272-12번지,48330,25323,0,1272,0012,1264100084621,,,,1,용도지역코드,UQA123,제3종일반주거지역,1,0,,제3종일반주거지역,20221008
경상남도 양산시 물금읍 가촌리 1272-12번지,48330,25323,0,1272,0012,1264100084621,,,,3,용도구역코드,UOA110,절대정화구역,,,,절대정화구역,20221008
경상남도 양산시 물금읍 가촌리 1272-12번지,48330,25323,0,1272,0012,1264100084621,,,,3,용도구역코드,UQQ310,제1종지구단위계획구역,1,0,,제1종지구단위계획구역,20221008
경상남도 양산시 물금읍 가촌리 1273-1번지,48330,25323,0,1273,0001,1264100060935,,,,1,용도지역코드,UQA123,제3종일반주거지역,1,0,,제3종일반주거지역,20221008
경상남도 양산시 물금읍 가촌리 1273-1번지,48330,25323,0,1273,0001,1264100060935,,,,3,용도구역코드,UQQ310,제1종지구단위계획구역,1,0,,제1종지구단위계획구역,20221008
경상남도 양산시 물금읍 가촌리 1273-2번지,48330,25323,0,1273,0002,1264100059976,,,,1,용도지역코드,UQA123,제3종일반주거지역,1,0,,제3종일반주거지역,20221008
경상남도 양산시 물금읍 가촌리 1273-2번지,48330,25323,0,1273,0002,1264100059976,,,,3,용도구역코드,UQQ310,제1종지구단위계획구역,1,0,,제1종지구단위계획구역,20221008
경상남도 양산시 물금읍 가촌리 1273-2번지,48330,25323,0,1273,0002,1264100060933,,,,1,용도지역코드,UQA123,제3종일반주거지역,1,0,,제3종일반주거지역,20221008
경상남도 양산시 물금읍 가촌리 1273-2번지,48330,25323,0,1273,0002,1264100060933,,,,3,용도구역코드,UQQ310,제1종지구단위계획구역,1,0,,제1종지구단위계획구역,20221008
경상남도 양산시 물금읍 가촌리 1273-2번지,48330,25323,0,1273,0002,1264100121700,,,,1,용도지역코드,UQA123,제3종일반주거지역,1,0,,제3종일반주거지역,20221008
경상남도 양산시 물금읍 가촌리 1275-2번지,48330,25323,0,1275,0002,1264100113237,,,,1,용도지역코드,UQA130,준주거지역,1,0,,준주거지역,20221008
경상남도 양산시 물금읍 가촌리 1275-2번지,48330,25323,0,1275,0002,1264100113237,,,,3,용도구역코드,UOA120,상대보호구역,1,0,,상대보호구역,20221008
경상남도 양산시 물금읍 가촌리 1275-2번지,48330,25323,0,1275,0002,1264100113237,,,,3,용도구역코드,UOA110,절대정화구역,0,0,,절대보호구역,20221008
경상남도 양산시 물금읍 가촌리 1275-2번지,48330,25323,0,1275,0002,1264100113237,,,,3,용도구역코드,UQQ310,제1종지구단위계획구역,0,0,,제1종지구단위계획구역,20221008
경상남도 양산시 물금읍 가촌리 1275-3번지,48330,25323,0,1275,0003,1264100080744,,,,1,용도지역코드,UQA130,준주거지역,1,0,,준주거지역,20221008
경상남도 양산시 물금읍 가촌리 1275-3번지,48330,25323,0,1275,0003,1264100080744,,,,3,용도구역코드,UQQ310,제1종지구단위계획구역,1,0,,제1종지구단위계획구역,20221008
경상남도 양산시 물금읍 가촌리 1275-3번지,48330,25323,0,1275,0003,1264100080744,,,,3,용도구역코드,UOA110,절대정화구역,0,0,,절대정화구역,20221008
경상남도 양산시 물금읍 가촌리 1275-4번지,48330,25323,0,1275,0004,1264100083424,,,,1,용도지역코드,UQA130,준주거지역,1,0,,준주거지역,20221008
경상남도 양산시 물금읍 가촌리 1275-4번지,48330,25323,0,1275,0004,1264100083424,,,,3,용도구역코드,UQQ310,제1종지구단위계획구역,1,0,,제1종지구단위계획구역,20221008
경상남도 양산시 물금읍 가촌리 1275-4번지,48330,25323,0,1275,0004,1264100083424,,,,3,용도구역코드,UOA110,절대정화구역,0,0,,절대정화구역,20221008
경상남도 양산시 물금읍 가촌리 1275-5번지,48330,25323,0,1275,0005,1264100079659,,,,1,용도지역코드,UQA130,준주거지역,1,0,,준주거지역,20221008
경상남도 양산시 물금읍 가촌리 1275-5번지,48330,25323,0,1275,0005,1264100079659,,,,3,용도구역코드,UOA110,절대정화구역,,,,절대정화구역,20221008
경상남도 양산시 물금읍 가촌리 1275-5번지,48330,25323,0,1275,0005,1264100079659,,,,3,용도구역코드,UQQ310,제1종지구단위계획구역,1,0,,제1종지구단위계획구역,20221008
경상남도 양산시 물금읍 가촌리 1275-5번지,48330,25323,0,1275,0005,1264100070500,,,,1,용도지역코드,UQA130,준주거지역,1,0,,준주거지역,20221008
경상남도 양산시 물금읍 가촌리 1275-5번지,48330,25323,0,1275,0005,1264100070500,,,,3,용도구역코드,UQQ310,제1종지구단위계획구역,1,0,,제1종지구단위계획구역,20221008
경상남도 양산시 물금읍 가촌리 1275-5번지,48330,25323,0,1275,0005,1264100070500,,,,3,용도구역코드,UOA110,절대정화구역,0,0,,절대정화구역,20221008
경상남도 양산시 물금읍 가촌리 1275-6번지,48330,25323,0,1275,0006,1264100068559,,,,1,용도지역코드,UQA130,준주거지역,1,0,,준주거지역,20221008
경상남도 양산시 물금읍 가촌리 1275-6번지,48330,25323,0,1275,0006,1264100068559,,,,3,용도구역코드,UQQ310,제1종지구단위계획구역,1,0,,제1종지구단위계획구역,20221008
경상남도 양산시 물금읍 가촌리 1275-6번지,48330,25323,0,1275,0006,1264100068559,,,,3,용도구역코드,UOA120,상대보호구역,0,0,,상대정화구역,20221008
경상남도 양산시 물금읍 가촌리 1275-6번지,48330,25323,0,1275,0006,1264100068559,,,,3,용도구역코드,UOA110,절대정화구역,0,0,,절대정화구역,20221008
경상남도 양산시 물금읍 가촌리 1275-7번지,48330,25323,0,1275,0007,1264100078861,,,,1,용도지역코드,UQA130,준주거지역,1,0,,준주거지역,20221008
경상남도 양산시 물금읍 가촌리 1275-7번지,48330,25323,0,1275,0007,1264100078861,,,,3,용도구역코드,UQQ310,제1종지구단위계획구역,1,0,,제1종지구단위계획구역,20221008
경상남도 양산시 물금읍 가촌리 1275-7번지,48330,25323,0,1275,0007,1264100078861,,,,3,용도구역코드,UOA110,절대정화구역,0,0,,절대정화구역,20221008
경상남도 양산시 물금읍 가촌리 1275-7번지,48330,25323,0,1275,0007,1264100078861,,,,3,용도구역코드,UOA120,상대보호구역,0,0,,상대정화구역,20221008
경상남도 양산시 물금읍 가촌리 1275-8번지,48330,25323,0,1275,0008,1264100095786,,,,1,용도지역코드,UQA130,준주거지역,1,0,,준주거지역,20221008
경상남도 양산시 물금읍 가촌리 1275-8번지,48330,25323,0,1275,0008,1264100095786,,,,3,용도구역코드,UQQ310,제1종지구단위계획구역,1,0,,제1종지구단위계획구역,20221008
경상남도 양산시 물금읍 가촌리 1276-1번지,48330,25323,0,1276,0001,1264100083365,,,,1,용도지역코드,UQA123,제3종일반주거지역,1,0,,제3종일반주거지역,20221008
경상남도 양산시 물금읍 가촌리 1276-1번지,48330,25323,0,1276,0001,1264100083365,,,,3,용도구역코드,UOA120,상대보호구역,,,,상대정화구역,20221008
경상남도 양산시 물금읍 가촌리 1276-1번지,48330,25323,0,1276,0001,1264100083365,,,,3,용도구역코드,UOA110,절대정화구역,,,,절대정화구역,20221008
경상남도 양산시 물금읍 가촌리 1276-1번지,48330,25323,0,1276,0001,1264100083365,,,,3,용도구역코드,UQQ310,제1종지구단위계획구역,1,0,,제1종지구단위계획구역,20221008
경상남도 양산시 물금읍 가촌리 1278-4번지,48330,25323,0,1278,0004,1000000000000000323910,,,,1,용도지역코드,UQA430,자연녹지지역,1,0,,자연녹지지역,20230630
경상남도 양산시 물금읍 가촌리 1278-4번지,48330,25323,0,1278,0004,1000000000000000323910,,,,3,용도구역코드,UQQ310,제1종지구단위계획구역,1,0,,제1종지구단위계획구역,20230630
경상남도 양산시 물금읍 가촌리 1278-4번지,48330,25323,0,1278,0004,1264100115559,,,,1,용도지역코드,UQA430,자연녹지지역,1,0,,자연녹지지역,20260723
경상남도 양산시 물금읍 가촌리 1278-4번지,48330,25323,0,1278,0004,1000000000000000296435,,,,3,용도구역코드,UOA120,상대보호구역,1,0,,상대보호구역,20250314
경상남도 양산시 물금읍 가촌리 1278-4번지,48330,25323,0,1278,0004,1000000000000000296435,,,,1,용도지역코드,UQA430,자연녹지지역,1,0,,자연녹지지역,20250314
경상남도 양산시 물금읍 가촌리 1278-4번지,48330,25323,0,1278,0004,1000000000000000730327,,,,3,용도구역코드,UMZ100,가축사육제한구역,0,0,,가축사육제한구역,20250521
경상남도 양산시 물금읍 가촌리 1278-4번지,48330,25323,0,1278,0004,1000000000000000730327,,,,1,용도지역코드,UQA430,자연녹지지역,1,0,,자연녹지지역,20250521
경상남도 양산시 물금읍 가촌리 1278-4번지,48330,25323,0,1278,0004,1000000000000000730327,,,,3,용도구역코드,UQQ310,제1종지구단위계획구역,1,0,,제1종지구단위계획구역,20250521
경상남도 양산시 물금읍 가촌리 1278-4번지,48330,25323,0,1278,0004,1000000000000000443282,,,,1,용도지역코드,UQA430,자연녹지지역,1,0,,자연녹지지역,20240111
경상남도 양산시 물금읍 가촌리 1278-4번지,48330,25323,0,1278,0004,1000000000000000415611,,,,1,용도지역코드,UQA430,자연녹지지역,1,0,,자연녹지지역,20231122
경상남도 양산시 물금읍 가촌리 1278-4번지,48330,25323,0,1278,0004,1264100115842,,,,1,용도지역코드,UQA430,자연녹지지역,1,0,,자연녹지지역,20221008
경상남도 양산시 물금읍 가촌리 1278-4번지,48330,25323,0,1278,0004,1264100115842,,,,3,용도구역코드,UOA120,상대보호구역,1,0,,상대보호구역,20221008
경상남도 양산시 물금읍 가촌리 1278-4번지,48330,25323,0,1278,0004,1264100115842,,,,3,용도구역코드,UOA110,절대정화구역,0,0,,절대보호구역,20221008
경상남도 양산시 물금읍 가촌리 1278-4번지,48330,25323,0,1278,0004,1264100115842,,,,3,용도구역코드,UQQ310,제1종지구단위계획구역,0,0,,제1종지구단위계획구역,20221008
경상남도 양산시 물금읍 가촌리 1278-4번지,48330,25323,0,1278,0004,1000000000000000541266,,,,1,용도지역코드,UQA430,자연녹지지역,1,0,,자연녹지지역,20240621
경상남도 양산시 물금읍 가촌리 1280-1번지,48330,25323,0,1280,0001,1264100071660,,,,1,용도지역코드,UQA220,일반상업지역,1,0,,일반상업지역,20221008
경상남도 양산시 물금읍 가촌리 1280-1번지,48330,25323,0,1280,0001,1264100071660,,,,3,용도구역코드,UQQ310,제1종지구단위계획구역,1,0,,제1종지구단위계획구역,20221008
경상남도 양산시 물금읍 가촌리 1280-2번지,48330,25323,0,1280,0002,1264100055648,,,,1,용도지역코드,UQA200,상업지역,1,0,,상업지역,20221008
경상남도 양산시 물금읍 가촌리 1280-3번지,48330,25323,0,1280,0003,1264100062201,,,,1,용도지역코드,UQA220,일반상업지역,1,0,,일반상업지역,20221008
경상남도 양산시 물금읍 가촌리 1280-4번지,48330,25323,0,1280,0004,1264100116199,,,,1,용도지역코드,UQA220,일반상업지역,1,0,,일반상업지역,20221008
경상남도 양산시 물금읍 가촌리 1280-4번지,48330,25323,0,1280,0004,1264100116199,,,,3,용도구역코드,UQQ310,제1종지구단위계획구역,1,0,,제1종지구단위계획구역,20221008
경상남도 양산시 물금읍 가촌리 1280-4번지,48330,25323,0,1280,0004,1000000000000000588641,,,,1,용도지역코드,UQA220,일반상업지역,1,0,,일반상업지역,20240920
경상남도 양산시 물금읍 가촌리 1280-4번지,48330,25323,0,1280,0004,1000000000000000588641,,,,3,용도구역코드,UQQ310,제1종지구단위계획구역,1,0,,제1종지구단위계획구역,20240920
경상남도 양산시 물금읍 가촌리 1280-4번지,48330,25323,0,1280,0004,1000000000000000678513,,,,3,용도구역코드,UQQ300,지구단위계획구역,1,0,,지구단위계획구역,20250325
경상남도 양산시 물금읍 가촌리 1280-4번지,48330,25323,0,1280,0004,1000000000000000678513,,,,1,용도지역코드,UQA220,일반상업지역,1,0,,일반상업지역,20250325
경상남도 양산시 물금읍 가촌리 1280-4번지,48330,25323,0,1280,0004,1264100092564,,,,1,용도지역코드,UQA220,일반상업지역,1,0,,일반상업지역,20221008
경상남도 양산시 물금읍 가촌리 1280-4번지,48330,25323,0,1280,0004,1264100092564,,,,3,용도구역코드,UQQ300,지구단위계획구역,1,0,,지구단위계획구역,20221008
경상남도 양산시 물금읍 가촌리 1280-4번지,48330,25323,0,1280,0004,1264100083367,,,,1,용도지역코드,UQA220,일반상업지역,1,0,,일반상업지역,20221008
경상남도 양산시 물금읍 가촌리 1280-4번지,48330,25323,0,1280,0004,1264100083929,,,,1,용도지역코드,UQA220,일반상업지역,1,0,,일반상업지역,20221008
경상남도 양산시 물금읍 가촌리 1280-4번지,48330,25323,0,1280,0004,1264100083929,,,,3,용도구역코드,UQQ310,제1종지구단위계획구역,1,0,,제1종지구단위계획구역,20221008
경상남도 양산시 물금읍 가촌리 1280-4번지,48330,25323,0,1280,0004,1264100087525,,,,1,용도지역코드,UQA220,일반상업지역,1,0,,일반상업지역,20221008
경상남도 양산시 물금읍 가촌리 1280-4번지,48330,25323,0,1280,0004,1264100087525,,,,3,용도구역코드,UQQ300,지구단위계획구역,1,0,,지구단위계획구역,20221008
경상남도 양산시 물금읍 가촌리 1280-4번지,48330,25323,0,1280,0004,1264100063547,,,,1,용도지역코드,UQA220,일반상업지역,1,0,,일반상업지역,20221008
경상남도 양산시 물금읍 가촌리 1280-4번지,48330,25323,0,1280,0004,1264100063547,,,,2,용도지구코드,,,1,0,,,20221008
경상남도 양산시 물금읍 가촌리 1280-4번지,48330,25323,0,1280,0004,1264100063547,,,,3,용도구역코드,UQQ300,지구단위계획구역,1,0,,지구단위계획구역,20221008
경상남도 양산시 물금읍 가촌리 1280-4번지,48330,25323,0,1280,0004,1264100093621,,,,1,용도지역코드,UQA220,일반상업지역,1,0,,일반상업지역,20221008
경상남도 양산시 물금읍 가촌리 1280-4번지,48330,25323,0,1280,0004,1264100093621,,,,3,용도구역코드,UQQ300,지구단위계획구역,1,0,,지구단위계획구역,20221008
경상남도 양산시 물금읍 가촌리 1280-4번지,48330,25323,0,1280,0004,1264100083366,,,,1,용도지역코드,UQA220,일반상업지역,1,0,,일반상업지역,20221008
경상남도 양산시 물금읍 가촌리 1280-4번지,48330,25323,0,1280,0004,1264100078899,,,,1,용도지역코드,UQA220,일반상업지역,1,0,,일반상업지역,20221008
경상남도 양산시 물금읍 가촌리 1280-4번지,48330,25323,0,1280,0004,1264100078899,,,,3,용도구역코드,UQQ310,제1종지구단위계획구역,1,0,,제1종지구단위계획구역,20221008
경상남도 양산시 물금읍 가촌리 1280-6번지,48330,25323,0,1280,0006,1264100057674,,,,1,용도지역코드,UQA220,일반상업지역,1,0,,일반상업지역,20221008
경상남도 양산시 물금읍 가촌리 1280-6번지,48330,25323,0,1280,0006,1264100057674,,,,3,용도구역코드,UQQ300,지구단위계획구역,1,0,,지구단위계획구역,20221008
경상남도 양산시 물금읍 가촌리 1280-6번지,48330,25323,0,1280,0006,1264100056728,,,,1,용도지역코드,UQA220,일반상업지역,1,0,,일반상업지역,20221008
경상남도 양산시 물금읍 가촌리 1280-7번지,48330,25323,0,1280,0007,1264100055348,,,,1,용도지역코드,UQA220,일반상업지역,1,0,,일반상업지역,20221008
경상남도 양산시 물금읍 가촌리 1280-7번지,48330,25323,0,1280,0007,1264100055348,,,,3,용도구역코드,UQQ310,제1종지구단위계획구역,1,0,,제1종지구단위계획구역,20221008
경상남도 양산시 물금읍 가촌리 1280-8번지,48330,25323,0,1280,0008,1264100154334,,,,3,용도구역코드,UOA120,상대보호구역,1,0,,상대보호구역,20221008
경상남도 양산시 물금읍 가촌리 1280-8번지,48330,25323,0,1280,0008,1264100154334,,,,3,용도구역코드,UQQ310,제1종지구단위계획구역,0,0,,제1종지구단위계획구역,20221008
경상남도 양산시 물금읍 가촌리 1280-8번지,48330,25323,0,1280,0008,1264100154334,,,,1,용도지역코드,UQA220,일반상업지역,1,0,,일반상업지역,20221008
경상남도 양산시 물금읍 가촌리 1280-8번지,48330,25323,0,1280,0008,1264100119859,,,,1,용도지역코드,UQA220,일반상업지역,1,0,,일반상업지역,20221008
경상남도 양산시 물금읍 가촌리 1280-8번지,48330,25323,0,1280,0008,1264100119859,,,,3,용도구역코드,UQQ310,제1종지구단위계획구역,1,0,,제1종지구단위계획구역,20221008
경상남도 양산시 물금읍 가촌리 1280-8번지,48330,25323,0,1280,0008,1264100119860,,,,1,용도지역코드,UQA220,일반상업지역,1,0,,일반상업지역,20221008
경상남도 양산시 물금읍 가촌리 1280-8번지,48330,25323,0,1280,0008,1264100119860,,,,3,용도구역코드,UQQ310,제1종지구단위계획구역,1,0,,제1종지구단위계획구역,20221008
경상남도 양산시 물금읍 가촌리 1280-8번지,48330,25323,0,1280,0008,1264100119861,,,,1,용도지역코드,UQA220,일반상업지역,1,0,,일반상업지역,20221008
경상남도 양산시 물금읍 가촌리 1280-8번지,48330,25323,0,1280,0008,1264100119861,,,,3,용도구역코드,UQQ310,제1종지구단위계획구역,1,0,,제1종지구단위계획구역,20221008
경상남도 양산시 물금읍 가촌리 1280-8번지,48330,25323,0,1280,0008,1264100119863,,,,1,용도지역코드,UQA220,일반상업지역,1,0,,일반상업지역,20221008
경상남도 양산시 물금읍 가촌리 1280-8번지,48330,25323,0,1280,0008,1264100119863,,,,3,용도구역코드,UQQ310,제1종지구단위계획구역,1,0,,제1종지구단위계획구역,20221008
경상남도 양산시 물금읍 가촌리 1280-8번지,48330,25323,0,1280,0008,1264100154332,,,,1,용도지역코드,UQA220,일반상업지역,1,0,,일반상업지역,20221008
경상남도 양산시 물금읍 가촌리 1280-8번지,48330,25323,0,1280,0008,1264100154332,,,,3,용도구역코드,UOA120,상대보호구역,1,0,,상대보호구역,20221008
경상남도 양산시 물금읍 가촌리 1280-8번지,48330,25323,0,1280,0008,1264100154332,,,,3,용도구역코드,UQQ310,제1종지구단위계획구역,0,0,,제1종지구단위계획구역,20221008
경상남도 양산시 물금읍 가촌리 1280-8번지,48330,25323,0,1280,0008,1264100155213,,,,1,용도지역코드,UQA220,일반상업지역,1,0,,일반상업지역,20221008
경상남도 양산시 물금읍 가촌리 1280-8번지,48330,25323,0,1280,0008,1264100155213,,,,3,용도구역코드,UOA120,상대보호구역,1,0,,상대보호구역,20221008
경상남도 양산시 물금읍 가촌리 1280-8번지,48330,25323,0,1280,0008,1264100155213,,,,3,용도구역코드,UQQ310,제1종지구단위계획구역,0,0,,제1종지구단위계획구역,20221008
경상남도 양산시 물금읍 가촌리 1280-8번지,48330,25323,0,1280,0008,1264100093121,,,,1,용도지역코드,UQA220,일반상업지역,1,0,,일반상업지역,20221008
경상남도 양산시 물금읍 가촌리 1280-8번지,48330,25323,0,1280,0008,1264100093121,,,,3,용도구역코드,UQQ310,제1종지구단위계획구역,1,0,,제1종지구단위계획구역,20221008
경상남도 양산시 물금읍 가촌리 1280-8번지,48330,25323,0,1280,0008,1264100154331,,,,1,용도지역코드,UQA220,일반상업지역,1,0,,일반상업지역,20221008
경상남도 양산시 물금읍 가촌리 1280-8번지,48330,25323,0,1280,0008,1264100154331,,,,3,용도구역코드,UOA120,상대보호구역,1,0,,상대보호구역,20221008
경상남도 양산시 물금읍 가촌리 1280-8번지,48330,25323,0,1280,0008,1264100154331,,,,3,용도구역코드,UQQ310,제1종지구단위계획구역,0,0,,제1종지구단위계획구역,20221008
경상남도 양산시 물금읍 가촌리 1280-8번지,48330,25323,0,1280,0008,1264100154333,,,,1,용도지역코드,UQA220,일반상업지역,1,0,,일반상업지역,20221008
경상남도 양산시 물금읍 가촌리 1280-8번지,48330,25323,0,1280,0008,1264100154333,,,,3,용도구역코드,UOA120,상대보호구역,1,0,,상대보호구역,20221008
경상남도 양산시 물금읍 가촌리 1280-8번지,48330,25323,0,1280,0008,1264100154333,,,,3,용도구역코드,UQQ310,제1종지구단위계획구역,0,0,,제1종지구단위계획구역,20221008
경상남도 양산시 물금읍 가촌리 1280-8번지,48330,25323,0,1280,0008,1264100093121,,,,3,용도구역코드,UOA120,상대보호구역,0,0,,상대정화구역,20221008
경상남도 양산시 물금읍 가촌리 1280-8번지,48330,25323,0,1280,0008,1264100066540,,,,1,용도지역코드,UQA220,일반상업지역,1,0,,일반상업지역,20221008
경상남도 양산시 물금읍 가촌리 1280-8번지,48330,25323,0,1280,0008,1264100066540,,,,3,용도구역코드,UOA120,상대보호구역,1,0,,상대정화구역,20221008
경상남도 양산시 물금읍 가촌리 1280-8번지,48330,25323,0,1280,0008,1264100066540,,,,3,용도구역코드,UQQ310,제1종지구단위계획구역,0,0,,제1종지구단위계획구역,20221008
경상남도 양산시 물금읍 가촌리 1284번지,48330,25323,0,1284,0000,1264100069080,,,,1,용도지역코드,UQA130,준주거지역,1,0,,준주거지역,20221008
경상남도 양산시 물금읍 가촌리 1284번지,48330,25323,0,1284,0000,1264100069080,,,,3,용도구역코드,UQQ310,제1종지구단위계획구역,1,0,,제1종지구단위계획구역,20221008
경상남도 양산시 물금읍 가촌리 1286-1번지,48330,25323,0,1286,0001,1264100069120,,,,1,용도지역코드,UQA210,중심상업지역,1,0,,중심상업지역,20221008
경상남도 양산시 물금읍 가촌리 1286-1번지,48330,25323,0,1286,0001,1264100069120,,,,3,용도구역코드,UQQ310,제1종지구단위계획구역,1,0,,제1종지구단위계획구역,20221008
경상남도 양산시 물금읍 가촌리 1286-2번지,48330,25323,0,1286,0002,1264100090886,,,,1,용도지역코드,UQA210,중심상업지역,1,0,,중심상업지역,20221008
경상남도 양산시 물금읍 가촌리 1286-2번지,48330,25323,0,1286,0002,1264100090886,,,,3,용도구역코드,UQQ310,제1종지구단위계획구역,1,0,,제1종지구단위계획구역,20221008
경상남도 양산시 물금읍 가촌리 1286-2번지,48330,25323,0,1286,0002,1264100101134,,,,1,용도지역코드,UQA210,중심상업지역,1,0,,중심상업지역,20221008
경상남도 양산시 물금읍 가촌리 1286-2번지,48330,25323,0,1286,0002,1264100089183,,,,1,용도지역코드,UQA210,중심상업지역,1,0,,중심상업지역,20221008
경상남도 양산시 물금읍 가촌리 1286-2번지,48330,25323,0,1286,0002,1264100089183,,,,3,용도구역코드,UQQ310,제1종지구단위계획구역,1,0,,제1종지구단위계획구역,20221008
경상남도 양산시 물금읍 가촌리 1286-2번지,48330,25323,0,1286,0002,1264100073199,,,,1,용도지역코드,UQA210,중심상업지역,1,0,,중심상업지역,20221008
경상남도 양산시 물금읍 가촌리 1286-2번지,48330,25323,0,1286,0002,1264100073199,,,,3,용도구역코드,UQQ310,제1종지구단위계획구역,1,0,,제1종지구단위계획구역,20221008
경상남도 양산시 물금읍 가촌리 1286-2번지,48330,25323,0,1286,0002,1264100134307,,,,1,용도지역코드,UQA210,중심상업지역,1,0,,중심상업지역,20221008
경상남도 양산시 물금읍 가촌리 1286-2번지,48330,25323,0,1286,0002,1264100134307,,,,3,용도구역코드,UQQ310,제1종지구단위계획구역,1,0,,제1종지구단위계획구역,20221008
경상남도 양산시 물금읍 가촌리 1286-2번지,48330,25323,0,1286,0002,1264100144164,,,,1,용도지역코드,UQA210,중심상업지역,1,0,,중심상업지역,20221008
경상남도 양산시 물금읍 가촌리 1286-2번지,48330,25323,0,1286,0002,1264100144164,,,,3,용도구역코드,UQQ310,제1종지구단위계획구역,1,0,,제1종지구단위계획구역,20221008
경상남도 양산시 물금읍 가촌리 1287-1번지,48330,25323,0,1287,0001,1264100087821,,,,1,용도지역코드,UQA210,중심상업지역,1,0,,중심상업지역,20221008
경상남도 양산시 물금읍 가촌리 1287-1번지,48330,25323,0,1287,0001,1264100087821,,,,3,용도구역코드,UQQ310,제1종지구단위계획구역,1,0,,제1종지구단위계획구역,20221008
경상남도 양산시 물금읍 가촌리 1287-1번지,48330,25323,0,1287,0001,1264100087827,,,,1,용도지역코드,UQA210,중심상업지역,1,0,,중심상업지역,20221008
경상남도 양산시 물금읍 가촌리 1287-1번지,48330,25323,0,1287,0001,1264100087827,,,,3,용도구역코드,UQQ310,제1종지구단위계획구역,1,0,,제1종지구단위계획구역,20221008
경상남도 양산시 물금읍 가촌리 1287-3번지,48330,25323,0,1287,0003,1264100090202,,,,1,용도지역코드,UQA210,중심상업지역,1,0,,중심상업지역,20221008
경상남도 양산시 물금읍 가촌리 1287-3번지,48330,25323,0,1287,0003,1264100090202,,,,3,용도구역코드,UQQ310,제1종지구단위계획구역,1,0,,제1종지구단위계획구역,20221008
경상남도 양산시 물금읍 가촌리 1287-5번지,48330,25323,0,1287,0005,1000000000000000437693,,,,3,용도구역코드,UQQ310,제1종지구단위계획구역,1,0,,제1종지구단위계획구역,20231229
경상남도 양산시 물금읍 가촌리 1287-5번지,48330,25323,0,1287,0005,1000000000000000437693,,,,1,용도지역코드,UQA210,중심상업지역,1,0,,중심상업지역,20231229
경상남도 양산시 물금읍 가촌리 1288-1번지,48330,25323,0,1288,0001,1264100107274,,,,1,용도지역코드,UQA210,중심상업지역,1,0,,중심상업지역,20221008
경상남도 양산시 물금읍 가촌리 1288-1번지,48330,25323,0,1288,0001,1264100107274,,,,3,용도구역코드,UMZ100,가축사육제한구역,1,0,,가축사육제한구역,20221008
경상남도 양산시 물금읍 가촌리 1288-1번지,48330,25323,0,1288,0001,1264100107274,,,,3,용도구역코드,UQQ310,제1종지구단위계획구역,0,0,,제1종지구단위계획구역,20221008
경상남도 양산시 물금읍 가촌리 1288-2번지,48330,25323,0,1288,0002,1264100106894,,,,1,용도지역코드,UQA210,중심상업지역,1,0,,중심상업지역,20221008
경상남도 양산시 물금읍 가촌리 1288-2번지,48330,25323,0,1288,0002,1264100106894,,,,3,용도구역코드,UQQ310,제1종지구단위계획구역,1,0,,제1종지구단위계획구역,20221008
경상남도 양산시 물금읍 가촌리 1288-2번지,48330,25323,0,1288,0002,1264100106894,,,,3,용도구역코드,UMZ100,가축사육제한구역,0,0,,가축사육제한구역,20221008
경상남도 양산시 물금읍 가촌리 1288-3번지,48330,25323,0,1288,0003,1264100063219,,,,1,용도지역코드,UQA210,중심상업지역,1,0,,중심상업지역,20221008
경상남도 양산시 물금읍 가촌리 1288-3번지,48330,25323,0,1288,0003,1264100063219,,,,3,용도구역코드,UQQ300,지구단위계획구역,1,0,,지구단위계획구역,20221008
경상남도 양산시 물금읍 가촌리 1289-1번지,48330,25323,0,1289,0001,1264100123220,,,,1,용도지역코드,UQA220,일반상업지역,1,0,,일반상업지역,20221008
경상남도 양산시 물금읍 가촌리 1289-1번지,48330,25323,0,1289,0001,1264100123220,,,,3,용도구역코드,UQQ310,제1종지구단위계획구역,1,0,,제1종지구단위계획구역,20221008
경상남도 양산시 물금읍 가촌리 1289-1번지,48330,25323,0,1289,0001,1264100123220,,,,3,용도구역코드,UMZ100,가축사육제한구역,0,0,,가축사육제한구역,20221008
경상남도 양산시 물금읍 가촌리 1289-1번지,48330,25323,0,1289,0001,1000000000000000204018,,,,1,용도지역코드,UQA210,중심상업지역,1,0,,중심상업지역,20230220
경상남도 양산시 물금읍 가촌리 1289-1번지,48330,25323,0,1289,0001,1000000000000000204018,,,,3,용도구역코드,UQQ310,제1종지구단위계획구역,1,0,,제1종지구단위계획구역,20230220
경상남도 양산시 물금읍 가촌리 1289-1번지,48330,25323,0,1289,0001,1264100063639,,,,1,용도지역코드,UQA210,중심상업지역,1,0,,중심상업지역,20221008
경상남도 양산시 물금읍 가촌리 1289-1번지,48330,25323,0,1289,0001,1264100063639,,,,3,용도구역코드,UQQ310,제1종지구단위계획구역,1,0,,제1종지구단위계획구역,20221008
경상남도 양산시 물금읍 가촌리 1289-2번지,48330,25323,0,1289,0002,1264100142103,,,,1,용도지역코드,UQA210,중심상업지역,1,0,,중심상업지역,20221008
경상남도 양산시 물금읍 가촌리 1289-2번지,48330,25323,0,1289,0002,1264100142103,,,,3,용도구역코드,UQQ310,제1종지구단위계획구역,1,0,,제1종지구단위계획구역,20221008
경상남도 양산시 물금읍 가촌리 1289-2번지,48330,25323,0,1289,0002,1264100078520,,,,1,용도지역코드,UQA210,중심상업지역,1,0,,중심상업지역,20221008
경상남도 양산시 물금읍 가촌리 1289-2번지,48330,25323,0,1289,0002,1264100078520,,,,3,용도구역코드,UQQ310,제1종지구단위계획구역,1,0,,제1종지구단위계획구역,20221008
경상남도 양산시 물금읍 가촌리 1289-2번지,48330,25323,0,1289,0002,1264100051132,,,,1,용도지역코드,UQA210,중심상업지역,1,0,,중심상업지역,20221008
경상남도 양산시 물금읍 가촌리 1289-2번지,48330,25323,0,1289,0002,1264100087761,,,,1,용도지역코드,UQA210,중심상업지역,1,0,,중심상업지역,20221008
경상남도 양산시 물금읍 가촌리 1289-2번지,48330,25323,0,1289,0002,1264100087761,,,,3,용도구역코드,UQQ310,제1종지구단위계획구역,1,0,,제1종지구단위계획구역,20221008
경상남도 양산시 물금읍 가촌리 1289-2번지,48330,25323,0,1289,0002,1264100137103,,,,1,용도지역코드,UQA210,중심상업지역,1,0,,중심상업지역,20221008
경상남도 양산시 물금읍 가촌리 1289-2번지,48330,25323,0,1289,0002,1264100137103,,,,3,용도구역코드,UQQ310,제1종지구단위계획구역,1,0,,제1종지구단위계획구역,20221008
경상남도 양산시 물금읍 가촌리 1289-2번지,48330,25323,0,1289,0002,1264100137103,,,,3,용도구역코드,UMZ100,가축사육제한구역,0,0,,가축사육제한구역,20221008
경상남도 양산시 물금읍 가촌리 1290-2번지,48330,25323,0,1290,0002,1264100083764,,,,1,용도지역코드,UQA210,중심상업지역,1,0,,중심상업지역,20221008
경상남도 양산시 물금읍 가촌리 1290-2번지,48330,25323,0,1290,0002,1264100083764,,,,3,용도구역코드,UQQ310,제1종지구단위계획구역,1,0,,제1종지구단위계획구역,20221008
경상남도 양산시 물금읍 가촌리 1290-3번지,48330,25323,0,1290,0003,1264100071879,,,,1,용도지역코드,UQA210,중심상업지역,1,0,,중심상업지역,20221008
경상남도 양산시 물금읍 가촌리 1290-3번지,48330,25323,0,1290,0003,1264100071879,,,,3,용도구역코드,UQQ300,지구단위계획구역,1,0,,지구단위계획구역,20221008
경상남도 양산시 물금읍 가촌리 1291-1번지,48330,25323,0,1291,0001,1264100062739,,,,1,용도지역코드,UQA210,중심상업지역,1,0,,중심상업지역,20221008
경상남도 양산시 물금읍 가촌리 1291-2번지,48330,25323,0,1291,0002,1264100065239,,,,1,용도지역코드,UQA210,중심상업지역,1,0,,중심상업지역,20221008
경상남도 양산시 물금읍 가촌리 1291-2번지,48330,25323,0,1291,0002,1264100065239,,,,3,용도구역코드,UQQ310,제1종지구단위계획구역,1,0,,제1종지구단위계획구역,20221008
경상남도 양산시 물금읍 가촌리 1292번지,48330,25323,0,1292,0000,1264100079820,,,,3,용도구역코드,UQQ310,제1종지구단위계획구역,1,0,,제1종지구단위계획구역,20221008
경상남도 양산시 물금읍 가촌리 1292번지,48330,25323,0,1292,0000,1264100079820,,,,1,용도지역코드,UQA240,유통상업지역,1,0,,유통상업지역,20221008
경상남도 양산시 물금읍 가촌리 1293-1번지,48330,25323,0,1293,0001,1264100070540,,,,1,용도지역코드,UQA210,중심상업지역,1,0,,중심상업지역,20221008
경상남도 양산시 물금읍 가촌리 1293-1번지,48330,25323,0,1293,0001,1264100070540,,,,3,용도구역코드,UQQ310,제1종지구단위계획구역,1,0,,제1종지구단위계획구역,20221008
경상남도 양산시 물금읍 가촌리 1293-2번지,48330,25323,0,1293,0002,1264100065920,,,,1,용도지역코드,UQA210,중심상업지역,1,0,,중심상업지역,20221008
경상남도 양산시 물금읍 가촌리 1293-2번지,48330,25323,0,1293,0002,1264100065920,,,,3,용도구역코드,UQQ310,제1종지구단위계획구역,1,0,,제1종지구단위계획구역,20221008
경상남도 양산시 물금읍 가촌리 1293-3번지,48330,25323,0,1293,0003,1000000000000000568208,,,,3,용도구역코드,UQQ310,제1종지구단위계획구역,1,0,,제1종지구단위계획구역,20240809
경상남도 양산시 물금읍 가촌리 1293-3번지,48330,25323,0,1293,0003,1000000000000000568208,,,,1,용도지역코드,UQA210,중심상업지역,1,0,,중심상업지역,20240809
경상남도 양산시 물금읍 가촌리 1293-3번지,48330,25323,0,1293,0003,1264100081999,,,,1,용도지역코드,UQA210,중심상업지역,1,0,,중심상업지역,20221008
경상남도 양산시 물금읍 가촌리 1293-3번지,48330,25323,0,1293,0003,1264100081999,,,,3,용도구역코드,UQQ310,제1종지구단위계획구역,1,0,,제1종지구단위계획구역,20221008
경상남도 양산시 물금읍 가촌리 1293-3번지,48330,25323,0,1293,0003,1264100121240,,,,1,용도지역코드,UQA210,중심상업지역,1,0,,중심상업지역,20221008
경상남도 양산시 물금읍 가촌리 1293-3번지,48330,25323,0,1293,0003,1264100121240,,,,3,용도구역코드,UQQ310,제1종지구단위계획구역,1,0,,제1종지구단위계획구역,20221008
경상남도 양산시 물금읍 가촌리 1293-3번지,48330,25323,0,1293,0003,1264100122359,,,,1,용도지역코드,UQA210,중심상업지역,1,0,,중심상업지역,20221008
경상남도 양산시 물금읍 가촌리 1293-3번지,48330,25323,0,1293,0003,1264100122359,,,,3,용도구역코드,UQQ310,제1종지구단위계획구역,1,0,,제1종지구단위계획구역,20221008
경상남도 양산시 물금읍 가촌리 1293-3번지,48330,25323,0,1293,0003,1264100113636,,,,1,용도지역코드,UQA210,중심상업지역,1,0,,중심상업지역,20221008
경상남도 양산시 물금읍 가촌리 1293-3번지,48330,25323,0,1293,0003,1264100113636,,,,3,용도구역코드,UQQ310,제1종지구단위계획구역,1,0,,제1종지구단위계획구역,20221008
경상남도 양산시 물금읍 가촌리 1293-3번지,48330,25323,0,1293,0003,1264100113636,,,,3,용도구역코드,UMZ100,가축사육제한구역,0,0,,가축사육제한구역,20221008
경상남도 양산시 물금읍 가촌리 1293-3번지,48330,25323,0,1293,0003,1264100066040,,,,1,용도지역코드,UQA210,중심상업지역,1,0,,중심상업지역,20221008
경상남도 양산시 물금읍 가촌리 1293-3번지,48330,25323,0,1293,0003,1264100066040,,,,3,용도구역코드,UQQ310,제1종지구단위계획구역,1,0,,제1종지구단위계획구역,20221008
경상남도 양산시 물금읍 가촌리 1293-5번지,48330,25323,0,1293,0005,1264100118859,,,,3,용도구역코드,UQQ310,제1종지구단위계획구역,1,0,,제1종지구단위계획구역,20221008
경상남도 양산시 물금읍 가촌리 1293-5번지,48330,25323,0,1293,0005,1264100118859,,,,1,용도지역코드,UQA210,중심상업지역,1,0,,중심상업지역,20221008
경상남도 양산시 물금읍 가촌리 1293-5번지,48330,25323,0,1293,0005,1264100118858,,,,1,용도지역코드,UQA210,중심상업지역,1,0,,중심상업지역,20221008
경상남도 양산시 물금읍 가촌리 1293-5번지,48330,25323,0,1293,0005,1264100118858,,,,3,용도구역코드,UQQ310,제1종지구단위계획구역,1,0,,제1종지구단위계획구역,20221008
경상남도 양산시 물금읍 가촌리 1293-5번지,48330,25323,0,1293,0005,1264100063781,,,,1,용도지역코드,UQA210,중심상업지역,1,0,,중심상업지역,20221008
경상남도 양산시 물금읍 가촌리 1293-5번지,48330,25323,0,1293,0005,1264100063781,,,,3,용도구역코드,UQQ310,제1종지구단위계획구역,1,0,,제1종지구단위계획구역,20221008
경상남도 양산시 물금읍 가촌리 1293-6번지,48330,25323,0,1293,0006,1000000000000000604222,,,,1,용도지역코드,UQA210,중심상업지역,1,0,,중심상업지역,20241022
경상남도 양산시 물금읍 가촌리 1293-6번지,48330,25323,0,1293,0006,1000000000000000604222,,,,3,용도구역코드,UQQ310,제1종지구단위계획구역,1,0,,제1종지구단위계획구역,20241022
경상남도 양산시 물금읍 가촌리 1293-6번지,48330,25323,0,1293,0006,1264100067599,,,,1,용도지역코드,UQA210,중심상업지역,1,0,,중심상업지역,20221008
경상남도 양산시 물금읍 가촌리 1293-6번지,48330,25323,0,1293,0006,1264100067599,,,,3,용도구역코드,UQQ310,제1종지구단위계획구역,1,0,,제1종지구단위계획구역,20221008
경상남도 양산시 물금읍 가촌리 1293-7번지,48330,25323,0,1293,0007,1264100079879,,,,3,용도구역코드,UQQ310,제1종지구단위계획구역,1,0,,제1종지구단위계획구역,20221008
경상남도 양산시 물금읍 가촌리 1293-7번지,48330,25323,0,1293,0007,1264100079879,,,,1,용도지역코드,UQA210,중심상업지역,1,0,,중심상업지역,20221008
경상남도 양산시 물금읍 가촌리 1293-7번지,48330,25323,0,1293,0007,1264100085389,,,,1,용도지역코드,UQA210,중심상업지역,1,0,,중심상업지역,20221008
경상남도 양산시 물금읍 가촌리 1293-7번지,48330,25323,0,1293,0007,1264100085389,,,,3,용도구역코드,UQQ310,제1종지구단위계획구역,1,0,,제1종지구단위계획구역,20221008
경상남도 양산시 물금읍 가촌리 1293-8번지,48330,25323,0,1293,0008,1264100059892,,,,1,용도지역코드,UQA210,중심상업지역,1,0,,중심상업지역,20221008
경상남도 양산시 물금읍 가촌리 1293-8번지,48330,25323,0,1293,0008,1264100059892,,,,3,용도구역코드,UQQ310,제1종지구단위계획구역,1,0,,제1종지구단위계획구역,20221008
경상남도 양산시 물금읍 가촌리 1293-9번지,48330,25323,0,1293,0009,1264100078480,,,,1,용도지역코드,UQA210,중심상업지역,1,0,,중심상업지역,20221008
경상남도 양산시 물금읍 가촌리 1293-9번지,48330,25323,0,1293,0009,1264100107413,,,,1,용도지역코드,UQA210,중심상업지역,1,0,,중심상업지역,20221008
경상남도 양산시 물금읍 가촌리 1293-9번지,48330,25323,0,1293,0009,1264100107413,,,,3,용도구역코드,UQQ310,제1종지구단위계획구역,1,0,,제1종지구단위계획구역,20221008
경상남도 양산시 물금읍 가촌리 1293-10번지,48330,25323,0,1293,0010,1264100077740,,,,1,용도지역코드,UQA210,중심상업지역,1,0,,중심상업지역,20221008
경상남도 양산시 물금읍 가촌리 1293-10번지,48330,25323,0,1293,0010,1264100077740,,,,3,용도구역코드,UQQ310,제1종지구단위계획구역,1,0,,제1종지구단위계획구역,20221008
경상남도 양산시 물금읍 가촌리 1294-1번지,48330,25323,0,1294,0001,1264100069921,,,,1,용도지역코드,UQA210,중심상업지역,1,0,,중심상업지역,20221008
경상남도 양산시 물금읍 가촌리 1294-1번지,48330,25323,0,1294,0001,1264100069921,,,,3,용도구역코드,UQQ310,제1종지구단위계획구역,1,0,,제1종지구단위계획구역,20221008
경상남도 양산시 물금읍 가촌리 1294-2번지,48330,25323,0,1294,0002,1000000000000000957849,,,,1,용도지역코드,UQA210,중심상업지역,1,0,,중심상업지역,20260806
경상남도 양산시 물금읍 가촌리 1294-2번지,48330,25323,0,1294,0002,1000000000000000957849,,,,3,용도구역코드,UQQ310,제1종지구단위계획구역,1,0,,제1종지구단위계획구역,20260806
경상남도 양산시 물금읍 가촌리 1294-2번지,48330,25323,0,1294,0002,1000000000000000616247,,,,3,용도구역코드,UQQ310,제1종지구단위계획구역,1,0,,제1종지구단위계획구역,20250214
경상남도 양산시 물금읍 가촌리 1294-2번지,48330,25323,0,1294,0002,1000000000000000616247,,,,1,용도지역코드,UQA210,중심상업지역,1,0,,중심상업지역,20250214
경상남도 양산시 물금읍 가촌리 1294-2번지,48330,25323,0,1294,0002,1264100083581,,,,1,용도지역코드,UQA210,중심상업지역,1,0,,중심상업지역,20221008
경상남도 양산시 물금읍 가촌리 1294-2번지,48330,25323,0,1294,0002,1264100083581,,,,3,용도구역코드,UQQ310,제1종지구단위계획구역,1,0,,제1종지구단위계획구역,20221008
경상남도 양산시 물금읍 가촌리 1294-2번지,48330,25323,0,1294,0002,1264100150592,,,,1,용도지역코드,UQA210,중심상업지역,1,0,,중심상업지역,20221008
경상남도 양산시 물금읍 가촌리 1294-2번지,48330,25323,0,1294,0002,1264100150592,,,,3,용도구역코드,UQQ310,제1종지구단위계획구역,1,0,,제1종지구단위계획구역,20221008
경상남도 양산시 물금읍 가촌리 1294-2번지,48330,25323,0,1294,0002,1264100149690,,,,1,용도지역코드,UQA210,중심상업지역,1,0,,중심상업지역,20221008
경상남도 양산시 물금읍 가촌리 1294-2번지,48330,25323,0,1294,0002,1264100149690,,,,3,용도구역코드,UQQ310,제1종지구단위계획구역,1,0,,제1종지구단위계획구역,20221008
경상남도 양산시 물금읍 가촌리 1294-2번지,48330,25323,0,1294,0002,1264100149690,,,,3,용도구역코드,UMZ100,가축사육제한구역,0,0,,가축사육제한구역,20221008
경상남도 양산시 물금읍 가촌리 1294-2번지,48330,25323,0,1294,0002,1264100155391,,,,3,용도구역코드,UQQ310,제1종지구단위계획구역,1,0,,제1종지구단위계획구역,20221206
경상남도 양산시 물금읍 가촌리 1294-2번지,48330,25323,0,1294,0002,1264100155391,,,,1,용도지역코드,UQA210,중심상업지역,1,0,,중심상업지역,20221206
경상남도 양산시 물금읍 가촌리 1295-1번지,48330,25323,0,1295,0001,1264100079780,,,,1,용도지역코드,UQA210,중심상업지역,1,0,,중심상업지역,20221008
경상남도 양산시 물금읍 가촌리 1295-1번지,48330,25323,0,1295,0001,1264100079780,,,,3,용도구역코드,UQQ310,제1종지구단위계획구역,1,0,,제1종지구단위계획구역,20221008
경상남도 양산시 물금읍 가촌리 1295-2번지,48330,25323,0,1295,0002,1264100108019,,,,3,용도구역코드,UQQ310,제1종지구단위계획구역,1,0,,제1종지구단위계획구역,20221008
경상남도 양산시 물금읍 가촌리 1295-2번지,48330,25323,0,1295,0002,1264100117458,,,,1,용도지역코드,UQA210,중심상업지역,1,0,,중심상업지역,20221008
경상남도 양산시 물금읍 가촌리 1295-2번지,48330,25323,0,1295,0002,1264100117458,,,,3,용도구역코드,UQQ310,제1종지구단위계획구역,1,0,,제1종지구단위계획구역,20221008
경상남도 양산시 물금읍 가촌리 1295-2번지,48330,25323,0,1295,0002,1264100065119,,,,3,용도구역코드,UQQ300,지구단위계획구역,1,0,,지구단위계획구역,20221008
경상남도 양산시 물금읍 가촌리 1295-2번지,48330,25323,0,1295,0002,1264100065119,,,,1,용도지역코드,UQA210,중심상업지역,1,0,,중심상업지역,20221008
경상남도 양산시 물금읍 가촌리 1295-2번지,48330,25323,0,1295,0002,1264100108019,,,,1,용도지역코드,UQA210,중심상업지역,1,0,,중심상업지역,20221008
경상남도 양산시 물금읍 가촌리 1295-3번지,48330,25323,0,1295,0003,1000000000000000476629,,,,3,용도구역코드,UQQ310,제1종지구단위계획구역,1,0,,제1종지구단위계획구역,20240827
경상남도 양산시 물금읍 가촌리 1295-3번지,48330,25323,0,1295,0003,1000000000000000476629,,,,1,용도지역코드,UQA210,중심상업지역,1,0,,중심상업지역,20240827
경상남도 양산시 물금읍 가촌리 1295-3번지,48330,25323,0,1295,0003,1264100088441,,,,1,용도지역코드,UQA210,중심상업지역,1,0,,중심상업지역,20221008
경상남도 양산시 물금읍 가촌리 1295-3번지,48330,25323,0,1295,0003,1264100088441,,,,3,용도구역코드,UQQ310,제1종지구단위계획구역,1,0,,제1종지구단위계획구역,20221008
경상남도 양산시 물금읍 가촌리 1296-1번지,48330,25323,0,1296,0001,1264100155472,,,,1,용도지역코드,UQA210,중심상업지역,1,0,,중심상업지역,20221008
경상남도 양산시 물금읍 가촌리 1296-1번지,48330,25323,0,1296,0001,1264100155472,,,,3,용도구역코드,UQQ310,제1종지구단위계획구역,1,0,,제1종지구단위계획구역,20221008
경상남도 양산시 물금읍 가촌리 1296-1번지,48330,25323,0,1296,0001,1000000000000000110973,,,,3,용도구역코드,UQQ310,제1종지구단위계획구역,1,0,,제1종지구단위계획구역,20221103
경상남도 양산시 물금읍 가촌리 1296-1번지,48330,25323,0,1296,0001,1000000000000000110973,,,,1,용도지역코드,UQA210,중심상업지역,1,0,,중심상업지역,20221103
경상남도 양산시 물금읍 가촌리 1296-1번지,48330,25323,0,1296,0001,1264100071079,,,,3,용도구역코드,UQQ310,제1종지구단위계획구역,1,0,,제1종지구단위계획구역,20221008
경상남도 양산시 물금읍 가촌리 1296-1번지,48330,25323,0,1296,0001,1264100158170,,,,1,용도지역코드,UQA210,중심상업지역,1,0,,중심상업지역,20221008
경상남도 양산시 물금읍 가촌리 1296-1번지,48330,25323,0,1296,0001,1264100156651,,,,1,용도지역코드,UQA210,중심상업지역,1,0,,중심상업지역,20221008
경상남도 양산시 물금읍 가촌리 1296-1번지,48330,25323,0,1296,0001,1264100156651,,,,3,용도구역코드,UQQ310,제1종지구단위계획구역,1,0,,제1종지구단위계획구역,20221008
경상남도 양산시 물금읍 가촌리 1296-1번지,48330,25323,0,1296,0001,1264100111798,,,,1,용도지역코드,UQA210,중심상업지역,1,0,,중심상업지역,20221008
경상남도 양산시 물금읍 가촌리 1296-1번지,48330,25323,0,1296,0001,1264100111798,,,,3,용도구역코드,UQQ310,제1종지구단위계획구역,1,0,,제1종지구단위계획구역,20221008
경상남도 양산시 물금읍 가촌리 1296-1번지,48330,25323,0,1296,0001,1264100140985,,,,1,용도지역코드,UQA210,중심상업지역,1,0,,중심상업지역,20221008
경상남도 양산시 물금읍 가촌리 1296-1번지,48330,25323,0,1296,0001,1264100113537,,,,1,용도지역코드,UQA210,중심상업지역,1,0,,중심상업지역,20221008
경상남도 양산시 물금읍 가촌리 1296-1번지,48330,25323,0,1296,0001,1264100113537,,,,3,용도구역코드,UQQ310,제1종지구단위계획구역,1,0,,제1종지구단위계획구역,20221008
경상남도 양산시 물금읍 가촌리 1296-1번지,48330,25323,0,1296,0001,1264100140983,,,,1,용도지역코드,UQA210,중심상업지역,1,0,,중심상업지역,20221008
경상남도 양산시 물금읍 가촌리 1296-1번지,48330,25323,0,1296,0001,1264100140983,,,,3,용도구역코드,UQQ310,제1종지구단위계획구역,1,0,,제1종지구단위계획구역,20221008
경상남도 양산시 물금읍 가촌리 1296-1번지,48330,25323,0,1296,0001,1264100140986,,,,1,용도지역코드,UQA210,중심상업지역,1,0,,중심상업지역,20221008
경상남도 양산시 물금읍 가촌리 1296-1번지,48330,25323,0,1296,0001,1264100140986,,,,3,용도구역코드,UQQ310,제1종지구단위계획구역,1,0,,제1종지구단위계획구역,20221008
경상남도 양산시 물금읍 가촌리 1296-1번지,48330,25323,0,1296,0001,1264100140985,,,,3,용도구역코드,UQQ310,제1종지구단위계획구역,1,0,,제1종지구단위계획구역,20221008
경상남도 양산시 물금읍 가촌리 1296-1번지,48330,25323,0,1296,0001,1264100071079,,,,1,용도지역코드,UQA210,중심상업지역,1,0,,중심상업지역,20221008
경상남도 양산시 물금읍 가촌리 1296-2번지,48330,25323,0,1296,0002,1000000000000000594813,,,,3,용도구역코드,UQQ310,제1종지구단위계획구역,1,0,,제1종지구단위계획구역,20241004
경상남도 양산시 물금읍 가촌리 1296-2번지,48330,25323,0,1296,0002,1000000000000000594813,,,,1,용도지역코드,UOC800,역사문화환경보존지역,0,0,,역사문화환경보존지역,20241004
경상남도 양산시 물금읍 가촌리 1296-2번지,48330,25323,0,1296,0002,1000000000000000594813,,,,1,용도지역코드,UQA210,중심상업지역,1,0,,중심상업지역,20241004
경상남도 양산시 물금읍 가촌리 1296-2번지,48330,25323,0,1296,0002,1264100067100,,,,1,용도지역코드,UQA210,중심상업지역,1,0,,중심상업지역,20221008
경상남도 양산시 물금읍 가촌리 1296-2번지,48330,25323,0,1296,0002,1264100067100,,,,3,용도구역코드,UQQ310,제1종지구단위계획구역,1,0,,제1종지구단위계획구역,20221008
경상남도 양산시 물금읍 가촌리 1296-2번지,48330,25323,0,1296,0002,1264100107553,,,,1,용도지역코드,UQA210,중심상업지역,1,0,,중심상업지역,20221008
경상남도 양산시 물금읍 가촌리 1296-2번지,48330,25323,0,1296,0002,1264100107553,,,,3,용도구역코드,UQQ310,제1종지구단위계획구역,1,0,,제1종지구단위계획구역,20221008
경상남도 양산시 물금읍 가촌리 1296-3번지,48330,25323,0,1296,0003,1000000000000000579591,,,,1,용도지역코드,UQA210,중심상업지역,1,0,,중심상업지역,20240902
경상남도 양산시 물금읍 가촌리 1296-3번지,48330,25323,0,1296,0003,1000000000000000579591,,,,3,용도구역코드,UQQ310,제1종지구단위계획구역,1,0,,제1종지구단위계획구역,20240902
경상남도 양산시 물금읍 가촌리 1296-3번지,48330,25323,0,1296,0003,1264100083242,,,,1,용도지역코드,UQA210,중심상업지역,1,0,,중심상업지역,20221008
경상남도 양산시 물금읍 가촌리 1296-3번지,48330,25323,0,1296,0003,1264100083242,,,,3,용도구역코드,UQQ310,제1종지구단위계획구역,1,0,,제1종지구단위계획구역,20221008
경상남도 양산시 물금읍 가촌리 1296-3번지,48330,25323,0,1296,0003,1264100065579,,,,1,용도지역코드,UQA210,중심상업지역,1,0,,중심상업지역,20221008
경상남도 양산시 물금읍 가촌리 1296-3번지,48330,25323,0,1296,0003,1264100065579,,,,3,용도구역코드,UQQ310,제1종지구단위계획구역,1,0,,제1종지구단위계획구역,20221008
경상남도 양산시 물금읍 가촌리 1296-3번지,48330,25323,0,1296,0003,1264100081500,,,,1,용도지역코드,UQA210,중심상업지역,1,0,,중심상업지역,20221008
경상남도 양산시 물금읍 가촌리 1296-3번지,48330,25323,0,1296,0003,1264100081500,,,,3,용도구역코드,UQQ310,제1종지구단위계획구역,1,0,,제1종지구단위계획구역,20221008
경상남도 양산시 물금읍 가촌리 1297번지,48330,25323,0,1297,0000,1264100069919,,,,1,용도지역코드,UQA210,중심상업지역,1,0,,중심상업지역,20221008
경상남도 양산시 물금읍 가촌리 1297번지,48330,25323,0,1297,0000,1264100069919,,,,3,용도구역코드,UQQ310,제1종지구단위계획구역,1,0,,제1종지구단위계획구역,20221008
경상남도 양산시 물금읍 가촌리 1297번지,48330,25323,0,1297,0000,1264100086183,,,,1,용도지역코드,UQA210,중심상업지역,1,0,,중심상업지역,20221008
경상남도 양산시 물금읍 가촌리 1297번지,48330,25323,0,1297,0000,1264100086183,,,,3,용도구역코드,UQQ310,제1종지구단위계획구역,1,0,,제1종지구단위계획구역,20221008
경상남도 양산시 물금읍 가촌리 1298-1번지,48330,25323,0,1298,0001,1264100100833,,,,1,용도지역코드,UQA210,중심상업지역,1,0,,중심상업지역,20221008
경상남도 양산시 물금읍 가촌리 1298-1번지,48330,25323,0,1298,0001,1264100100833,,,,3,용도구역코드,UQQ310,제1종지구단위계획구역,1,0,,제1종지구단위계획구역,20221008
경상남도 양산시 물금읍 가촌리 1298-1번지,48330,25323,0,1298,0001,1264100121200,,,,1,용도지역코드,UQA210,중심상업지역,1,0,,중심상업지역,20221008
경상남도 양산시 물금읍 가촌리 1298-1번지,48330,25323,0,1298,0001,1264100121200,,,,3,용도구역코드,UQQ310,제1종지구단위계획구역,1,0,,제1종지구단위계획구역,20221008
경상남도 양산시 물금읍 가촌리 1298-1번지,48330,25323,0,1298,0001,1264100077060,,,,1,용도지역코드,UQA210,중심상업지역,1,0,,중심상업지역,20221008
경상남도 양산시 물금읍 가촌리 1298-1번지,48330,25323,0,1298,0001,1264100077060,,,,3,용도구역코드,UQQ310,제1종지구단위계획구역,1,0,,제1종지구단위계획구역,20221008
경상남도 양산시 물금읍 가촌리 1298-3번지,48330,25323,0,1298,0003,1264100087201,,,,1,용도지역코드,UQA210,중심상업지역,1,0,,중심상업지역,20221008
경상남도 양산시 물금읍 가촌리 1298-3번지,48330,25323,0,1298,0003,1264100087201,,,,3,용도구역코드,UQQ310,제1종지구단위계획구역,1,0,,제1종지구단위계획구역,20221008
경상남도 양산시 물금읍 가촌리 1298-3번지,48330,25323,0,1298,0003,1000000000000000994091,,,,1,용도지역코드,UQA210,중심상업지역,1,0,,중심상업지역,20260713
경상남도 양산시 물금읍 가촌리 1298-3번지,48330,25323,0,1298,0003,1000000000000000348444,,,,3,용도구역코드,UQQ310,제1종지구단위계획구역,1,0,,제1종지구단위계획구역,20230802
경상남도 양산시 물금읍 가촌리 1298-3번지,48330,25323,0,1298,0003,1000000000000000348444,,,,1,용도지역코드,UQA210,중심상업지역,1,0,,중심상업지역,20230802
경상남도 양산시 물금읍 가촌리 1298-3번지,48330,25323,0,1298,0003,1264100155971,,,,1,용도지역코드,UQA210,중심상업지역,1,0,,중심상업지역,20221008
경상남도 양산시 물금읍 가촌리 1298-3번지,48330,25323,0,1298,0003,1264100155971,,,,3,용도구역코드,UQQ310,제1종지구단위계획구역,1,0,,제1종지구단위계획구역,20221008
경상남도 양산시 물금읍 가촌리 1298-3번지,48330,25323,0,1298,0003,1264100063999,,,,1,용도지역코드,UQA210,중심상업지역,1,0,,중심상업지역,20221008
경상남도 양산시 물금읍 가촌리 1298-3번지,48330,25323,0,1298,0003,1264100063999,,,,3,용도구역코드,UQQ310,제1종지구단위계획구역,1,0,,제1종지구단위계획구역,20221008
경상남도 양산시 물금읍 가촌리 1298-3번지,48330,25323,0,1298,0003,1264100124299,,,,1,용도지역코드,UQA210,중심상업지역,1,0,,중심상업지역,20221008
경상남도 양산시 물금읍 가촌리 1298-3번지,48330,25323,0,1298,0003,1264100124299,,,,3,용도구역코드,UQQ310,제1종지구단위계획구역,1,0,,제1종지구단위계획구역,20221008
경상남도 양산시 물금읍 가촌리 1298-3번지,48330,25323,0,1298,0003,1264100087202,,,,1,용도지역코드,UQA210,중심상업지역,1,0,,중심상업지역,20221008
경상남도 양산시 물금읍 가촌리 1298-3번지,48330,25323,0,1298,0003,1264100087202,,,,3,용도구역코드,UQQ310,제1종지구단위계획구역,1,0,,제1종지구단위계획구역,20221008
경상남도 양산시 물금읍 가촌리 1299-1번지,48330,25323,0,1299,0001,1264100074064,,,,1,용도지역코드,UQA210,중심상업지역,1,0,,중심상업지역,20221008
경상남도 양산시 물금읍 가촌리 1299-1번지,48330,25323,0,1299,0001,1264100074064,,,,3,용도구역코드,UQQ310,제1종지구단위계획구역,1,0,,제1종지구단위계획구역,20221008
경상남도 양산시 물금읍 가촌리 1299-1번지,48330,25323,0,1299,0001,1264100121819,,,,1,용도지역코드,UQA210,중심상업지역,1,0,,중심상업지역,20221008
경상남도 양산시 물금읍 가촌리 1299-1번지,48330,25323,0,1299,0001,1264100121819,,,,1,용도지역코드,UMZ100,가축사육제한구역,0,0,,가축사육제한구역,20221008
경상남도 양산시 물금읍 가촌리 1299-1번지,48330,25323,0,1299,0001,1264100121819,,,,3,용도구역코드,UQQ310,제1종지구단위계획구역,1,0,,제1종지구단위계획구역,20221008
경상남도 양산시 물금읍 가촌리 1299-1번지,48330,25323,0,1299,0001,1264100144763,,,,1,용도지역코드,UQA210,중심상업지역,1,0,,중심상업지역,20221008
경상남도 양산시 물금읍 가촌리 1299-1번지,48330,25323,0,1299,0001,1264100144763,,,,3,용도구역코드,UQQ310,제1종지구단위계획구역,1,0,,제1종지구단위계획구역,20221008
경상남도 양산시 물금읍 가촌리 1299-2번지,48330,25323,0,1299,0002,1264100073619,,,,1,용도지역코드,UQA210,중심상업지역,1,0,,중심상업지역,20221008
경상남도 양산시 물금읍 가촌리 1299-2번지,48330,25323,0,1299,0002,1264100073619,,,,3,용도구역코드,UQQ310,제1종지구단위계획구역,1,0,,제1종지구단위계획구역,20221008
경상남도 양산시 물금읍 가촌리 1299-2번지,48330,25323,0,1299,0002,1264100072259,,,,1,용도지역코드,UQA210,중심상업지역,1,0,,중심상업지역,20221008
경상남도 양산시 물금읍 가촌리 1299-2번지,48330,25323,0,1299,0002,1264100072259,,,,3,용도구역코드,UQQ310,제1종지구단위계획구역,1,0,,제1종지구단위계획구역,20221008
경상남도 양산시 물금읍 가촌리 1299-2번지,48330,25323,0,1299,0002,1264100094889,,,,1,용도지역코드,UQA210,중심상업지역,1,0,,중심상업지역,20221008
경상남도 양산시 물금읍 가촌리 1299-2번지,48330,25323,0,1299,0002,1264100094889,,,,3,용도구역코드,UQQ310,제1종지구단위계획구역,1,0,,제1종지구단위계획구역,20221008
경상남도 양산시 물금읍 가촌리 1299-2번지,48330,25323,0,1299,0002,1264100100376,,,,3,용도구역코드,UQQ310,제1종지구단위계획구역,1,0,,제1종지구단위계획구역,20221008
경상남도 양산시 물금읍 가촌리 1299-2번지,48330,25323,0,1299,0002,1264100096986,,,,1,용도지역코드,UQA210,중심상업지역,1,0,,중심상업지역,20221008
경상남도 양산시 물금읍 가촌리 1299-3번지,48330,25323,0,1299,0003,1264100119819,,,,1,용도지역코드,UQA210,중심상업지역,1,0,,중심상업지역,20221008
경상남도 양산시 물금읍 가촌리 1299-3번지,48330,25323,0,1299,0003,1264100119819,,,,3,용도구역코드,UQQ310,제1종지구단위계획구역,1,0,,제1종지구단위계획구역,20221008
경상남도 양산시 물금읍 가촌리 1299-3번지,48330,25323,0,1299,0003,1264100142669,,,,1,용도지역코드,UQA210,중심상업지역,1,0,,중심상업지역,20221008
경상남도 양산시 물금읍 가촌리 1299-3번지,48330,25323,0,1299,0003,1264100142669,,,,3,용도구역코드,UQQ310,제1종지구단위계획구역,1,0,,제1종지구단위계획구역,20221008
경상남도 양산시 물금읍 가촌리 1299-3번지,48330,25323,0,1299,0003,1264100142666,,,,1,용도지역코드,UQA210,중심상업지역,1,0,,중심상업지역,20221008
경상남도 양산시 물금읍 가촌리 1299-3번지,48330,25323,0,1299,0003,1264100155571,,,,1,용도지역코드,UQA210,중심상업지역,1,0,,중심상업지역,20221008
경상남도 양산시 물금읍 가촌리 1299-3번지,48330,25323,0,1299,0003,1264100155571,,,,3,용도구역코드,UQQ300,지구단위계획구역,1,0,,지구단위계획구역,20221008
경상남도 양산시 물금읍 가촌리 1299-3번지,48330,25323,0,1299,0003,1264100142667,,,,1,용도지역코드,UQA210,중심상업지역,1,0,,중심상업지역,20221008
경상남도 양산시 물금읍 가촌리 1299-3번지,48330,25323,0,1299,0003,1264100142667,,,,3,용도구역코드,UQQ310,제1종지구단위계획구역,1,0,,제1종지구단위계획구역,20221008
경상남도 양산시 물금읍 가촌리 1299-3번지,48330,25323,0,1299,0003,1264100142668,,,,1,용도지역코드,UQA210,중심상업지역,1,0,,중심상업지역,20221008
경상남도 양산시 물금읍 가촌리 1299-3번지,48330,25323,0,1299,0003,1264100142668,,,,3,용도구역코드,UQQ310,제1종지구단위계획구역,1,0,,제1종지구단위계획구역,20221008
경상남도 양산시 물금읍 가촌리 1299-3번지,48330,25323,0,1299,0003,1264100142665,,,,1,용도지역코드,UQA210,중심상업지역,1,0,,중심상업지역,20221008
경상남도 양산시 물금읍 가촌리 1299-3번지,48330,25323,0,1299,0003,1264100142665,,,,3,용도구역코드,UQQ310,제1종지구단위계획구역,1,0,,제1종지구단위계획구역,20221008
경상남도 양산시 물금읍 가촌리 1299-3번지,48330,25323,0,1299,0003,1264100142666,,,,3,용도구역코드,UQQ310,제1종지구단위계획구역,1,0,,제1종지구단위계획구역,20221008
경상남도 양산시 물금읍 가촌리 1299-3번지,48330,25323,0,1299,0003,1264100142670,,,,1,용도지역코드,UQA210,중심상업지역,1,0,,중심상업지역,20221008
경상남도 양산시 물금읍 가촌리 1299-3번지,48330,25323,0,1299,0003,1264100142670,,,,3,용도구역코드,UQQ310,제1종지구단위계획구역,1,0,,제1종지구단위계획구역,20221008
경상남도 양산시 물금읍 가촌리 1299-3번지,48330,25323,0,1299,0003,1264100073259,,,,1,용도지역코드,UQA210,중심상업지역,1,0,,중심상업지역,20221008
경상남도 양산시 물금읍 가촌리 1299-3번지,48330,25323,0,1299,0003,1264100073259,,,,3,용도구역코드,UQQ310,제1종지구단위계획구역,1,0,,제1종지구단위계획구역,20221008
경상남도 양산시 물금읍 가촌리 1300-1번지,48330,25323,0,1300,0001,1264100069843,,,,1,용도지역코드,UQA210,중심상업지역,1,0,,중심상업지역,20221008
경상남도 양산시 물금읍 가촌리 1300-1번지,48330,25323,0,1300,0001,1264100069843,,,,3,용도구역코드,UQQ300,지구단위계획구역,1,0,,지구단위계획구역,20221008
경상남도 양산시 물금읍 가촌리 1300-2번지,48330,25323,0,1300,0002,1264100070081,,,,1,용도지역코드,UQA210,중심상업지역,1,0,,중심상업지역,20221008
경상남도 양산시 물금읍 가촌리 1300-2번지,48330,25323,0,1300,0002,1264100070081,,,,3,용도구역코드,UQQ310,제1종지구단위계획구역,1,0,,제1종지구단위계획구역,20221008
경상남도 양산시 물금읍 가촌리 1301-1번지,48330,25323,0,1301,0001,1264100072579,,,,1,용도지역코드,UQA210,중심상업지역,1,0,,중심상업지역,20221008
경상남도 양산시 물금읍 가촌리 1301-1번지,48330,25323,0,1301,0001,1264100072579,,,,3,용도구역코드,UQQ300,지구단위계획구역,1,0,,지구단위계획구역,20221008
경상남도 양산시 물금읍 가촌리 1301-2번지,48330,25323,0,1301,0002,1000000000000000928764,,,,1,용도지역코드,UQA210,중심상업지역,1,0,,중심상업지역,20260417
경상남도 양산시 물금읍 가촌리 1301-2번지,48330,25323,0,1301,0002,1000000000000000928764,,,,3,용도구역코드,UQQ310,제1종지구단위계획구역,1,0,,제1종지구단위계획구역,20260417
경상남도 양산시 물금읍 가촌리 1301-2번지,48330,25323,0,1301,0002,1000000000000000930743,,,,3,용도구역코드,UQQ310,제1종지구단위계획구역,1,0,,제1종지구단위계획구역,20260420
경상남도 양산시 물금읍 가촌리 1301-2번지,48330,25323,0,1301,0002,1000000000000000930743,,,,1,용도지역코드,UQA210,중심상업지역,1,0,,중심상업지역,20260420
경상남도 양산시 물금읍 가촌리 1301-2번지,48330,25323,0,1301,0002,1000000000000000930743,,,,1,용도지역코드,UOC800,역사문화환경보존지역,0,0,,역사문화환경보존지역,20260420
경상남도 양산시 물금읍 가촌리 1301-2번지,48330,25323,0,1301,0002,1264100083703,,,,1,용도지역코드,UQA210,중심상업지역,1,0,,중심상업지역,20221008
경상남도 양산시 물금읍 가촌리 1301-2번지,48330,25323,0,1301,0002,1264100083703,,,,3,용도구역코드,UQQ310,제1종지구단위계획구역,1,0,,제1종지구단위계획구역,20221008
경상남도 양산시 물금읍 가촌리 1301-2번지,48330,25323,0,1301,0002,1264100066039,,,,1,용도지역코드,UQA210,중심상업지역,1,0,,중심상업지역,20221008
경상남도 양산시 물금읍 가촌리 1301-2번지,48330,25323,0,1301,0002,1264100066039,,,,3,용도구역코드,UQQ310,제1종지구단위계획구역,1,0,,제1종지구단위계획구역,20221008
경상남도 양산시 물금읍 가촌리 1301-2번지,48330,25323,0,1301,0002,1264100118158,,,,1,용도지역코드,UQA210,중심상업지역,1,0,,중심상업지역,20221008
경상남도 양산시 물금읍 가촌리 1301-2번지,48330,25323,0,1301,0002,1264100118158,,,,3,용도구역코드,UQQ310,제1종지구단위계획구역,1,0,,제1종지구단위계획구역,20221008
경상남도 양산시 물금읍 가촌리 1301-3번지,48330,25323,0,1301,0003,1264100064479,,,,1,용도지역코드,UQA210,중심상업지역,1,0,,중심상업지역,20221008
경상남도 양산시 물금읍 가촌리 1301-3번지,48330,25323,0,1301,0003,1264100064479,,,,3,용도구역코드,UQQ310,제1종지구단위계획구역,1,0,,제1종지구단위계획구역,20221008
경상남도 양산시 물금읍 가촌리 1301-4번지,48330,25323,0,1301,0004,1264100064500,,,,1,용도지역코드,UQA210,중심상업지역,1,0,,중심상업지역,20221008
경상남도 양산시 물금읍 가촌리 1301-4번지,48330,25323,0,1301,0004,1264100064500,,,,3,용도구역코드,UQQ310,제1종지구단위계획구역,1,0,,제1종지구단위계획구역,20221008
경상남도 양산시 물금읍 가촌리 1301-5번지,48330,25323,0,1301,0005,1264100156011,,,,1,용도지역코드,UQA210,중심상업지역,1,0,,중심상업지역,20231116
경상남도 양산시 물금읍 가촌리 1301-5번지,48330,25323,0,1301,0005,1264100156011,,,,3,용도구역코드,UQQ310,제1종지구단위계획구역,1,0,,제1종지구단위계획구역,20231116
경상남도 양산시 물금읍 가촌리 1312-1번지,48330,25323,0,1312,0001,1000000000000000896012,,,,3,용도구역코드,UMZ100,가축사육제한구역,0,0,,가축사육제한구역,20260303
경상남도 양산시 물금읍 가촌리 1312-1번지,48330,25323,0,1312,0001,1000000000000000896012,,,,1,용도지역코드,UQA122,제2종일반주거지역,1,0,,제2종일반주거지역,20260303
경상남도 양산시 물금읍 가촌리 1312-1번지,48330,25323,0,1312,0001,1000000000000000896012,,,,3,용도구역코드,UOA120,상대보호구역,0,0,,상대보호구역,20260303
경상남도 양산시 물금읍 가촌리 1312-1번지,48330,25323,0,1312,0001,1000000000000000896012,,,,1,용도지역코드,UQA430,자연녹지지역,0,0,,자연녹지지역,20260303
경상남도 양산시 물금읍 가촌리 1312-1번지,48330,25323,0,1312,0001,1000000000000000896012,,,,1,용도지역코드,UOA110,절대보호구역,0,0,,절대보호구역,20260303
경상남도 양산시 물금읍 가촌리 1312-1번지,48330,25323,0,1312,0001,1000000000000000896012,,,,3,용도구역코드,UQQ310,제1종지구단위계획구역,1,0,,제1종지구단위계획구역,20260303
경상남도 양산시 물금읍 가촌리 1312-1번지,48330,25323,0,1312,0001,1264100152893,,,,1,용도지역코드,UQA122,제2종일반주거지역,1,0,,제2종일반주거지역,20260204
경상남도 양산시 물금읍 가촌리 1312-1번지,48330,25323,0,1312,0001,1264100152893,,,,3,용도구역코드,UQQ310,제1종지구단위계획구역,1,0,,제1종지구단위계획구역,20260204
경상남도 양산시 물금읍 가촌리 1312-1번지,48330,25323,0,1312,0001,1264100108299,,,,1,용도지역코드,UQA122,제2종일반주거지역,1,0,,제2종일반주거지역,20221008
경상남도 양산시 물금읍 가촌리 1312-1번지,48330,25323,0,1312,0001,1264100108299,,,,3,용도구역코드,UQQ310,제1종지구단위계획구역,,,,제1종지구단위계획구역,20221008
경상남도 양산시 물금읍 가촌리 1312-1번지,48330,25323,0,1312,0001,1264100108299,,,,3,용도구역코드,UOA120,상대보호구역,1,0,,상대보호구역,20221008
경상남도 양산시 물금읍 가촌리 1312-1번지,48330,25323,0,1312,0001,1264100108299,,,,3,용도구역코드,UOA110,절대정화구역,0,0,,절대보호구역,20221008
경상남도 양산시 물금읍 가촌리 1312-1번지,48330,25323,0,1312,0001,1000000000000000197840,,,,1,용도지역코드,UQA122,제2종일반주거지역,1,0,,제2종일반주거지역,20221219
경상남도 양산시 물금읍 가촌리 1312-2번지,48330,25323,0,1312,0002,1264100148771,,,,1,용도지역코드,UQA121,제1종일반주거지역,1,0,,제1종일반주거지역,20240926
경상남도 양산시 물금읍 가촌리 1312-2번지,48330,25323,0,1312,0002,1264100148771,,,,3,용도구역코드,UOA120,상대보호구역,1,0,,상대보호구역,20240926
경상남도 양산시 물금읍 가촌리 1312-2번지,48330,25323,0,1312,0002,1264100148771,,,,3,용도구역코드,UQQ310,제1종지구단위계획구역,0,0,,제1종지구단위계획구역,20240926
경상남도 양산시 물금읍 가촌리 1312-2번지,48330,25323,0,1312,0002,1264100155051,,,,1,용도지역코드,UQA121,제1종일반주거지역,1,0,,제1종일반주거지역,20221008
경상남도 양산시 물금읍 가촌리 1312-3번지,48330,25323,0,1312,0003,1264100089742,,,,1,용도지역코드,UQA121,제1종일반주거지역,1,0,,제1종일반주거지역,20221008
경상남도 양산시 물금읍 가촌리 1312-3번지,48330,25323,0,1312,0003,1264100089742,,,,3,용도구역코드,UOA120,상대보호구역,1,0,,상대정화구역,20221008
경상남도 양산시 물금읍 가촌리 1312-3번지,48330,25323,0,1312,0003,1264100089742,,,,3,용도구역코드,UQQ310,제1종지구단위계획구역,0,0,,제1종지구단위계획구역,20221008
경상남도 양산시 물금읍 가촌리 1312-4번지,48330,25323,0,1312,0004,1264100102395,,,,1,용도지역코드,UQA430,자연녹지지역,1,0,,자연녹지지역,20221008
경상남도 양산시 물금읍 가촌리 1312-4번지,48330,25323,0,1312,0004,1264100102395,,,,3,용도구역코드,UQQ310,제1종지구단위계획구역,1,0,,제1종지구단위계획구역,20221008
경상남도 양산시 물금읍 가촌리 1312-4번지,48330,25323,0,1312,0004,1264100141764,,,,1,용도지역코드,UQA430,자연녹지지역,1,0,,자연녹지지역,20221008
경상남도 양산시 물금읍 가촌리 1312-4번지,48330,25323,0,1312,0004,1264100141764,,,,3,용도구역코드,UQQ310,제1종지구단위계획구역,1,0,,제1종지구단위계획구역,20221008
경상남도 양산시 물금읍 가촌리 1312-4번지,48330,25323,0,1312,0004,1264100096847,,,,1,용도지역코드,UQA430,자연녹지지역,1,0,,자연녹지지역,20221008
경상남도 양산시 물금읍 가촌리 1312-4번지,48330,25323,0,1312,0004,1264100096847,,,,3,용도구역코드,UQQ310,제1종지구단위계획구역,1,0,,제1종지구단위계획구역,20221008
경상남도 양산시 물금읍 가촌리 1315-1번지,48330,25323,0,1315,0001,1264100089941,,,,1,용도지역코드,UQA121,제1종일반주거지역,1,0,,제1종일반주거지역,20221008
경상남도 양산시 물금읍 가촌리 1315-1번지,48330,25323,0,1315,0001,1264100089941,,,,3,용도구역코드,UQQ310,제1종지구단위계획구역,1,0,,제1종지구단위계획구역,20221008
경상남도 양산시 물금읍 가촌리 1315-1번지,48330,25323,0,1315,0001,1264100089941,,,,3,용도구역코드,UOA120,상대보호구역,0,0,,상대정화구역,20221008
경상남도 양산시 물금읍 가촌리 1315-3번지,48330,25323,0,1315,0003,1264100115256,,,,1,용도지역코드,UQA121,제1종일반주거지역,1,0,,제1종일반주거지역,20221008
경상남도 양산시 물금읍 가촌리 1315-3번지,48330,25323,0,1315,0003,1264100115256,,,,3,용도구역코드,UOA120,상대보호구역,1,0,,상대보호구역,20221008
경상남도 양산시 물금읍 가촌리 1315-3번지,48330,25323,0,1315,0003,1264100115256,,,,3,용도구역코드,UQQ310,제1종지구단위계획구역,0,0,,제1종지구단위계획구역,20221008
경상남도 양산시 물금읍 가촌리 1315-5번지,48330,25323,0,1315,0005,1264100094042,,,,1,용도지역코드,UQA121,제1종일반주거지역,1,0,,제1종일반주거지역,20221008
경상남도 양산시 물금읍 가촌리 1315-5번지,48330,25323,0,1315,0005,1264100094042,,,,3,용도구역코드,UQQ310,제1종지구단위계획구역,1,0,,제1종지구단위계획구역,20221008
경상남도 양산시 물금읍 가촌리 1315-5번지,48330,25323,0,1315,0005,1264100094042,,,,3,용도구역코드,UOA110,절대정화구역,0,0,,절대정화구역,20221008
경상남도 양산시 물금읍 가촌리 1315-5번지,48330,25323,0,1315,0005,1264100094042,,,,3,용도구역코드,UOA120,상대보호구역,0,0,,상대정화구역,20221008
경상남도 양산시 물금읍 가촌리 1315-6번지,48330,25323,0,1315,0006,1264100100375,,,,1,용도지역코드,UQA121,제1종일반주거지역,1,0,,제1종일반주거지역,20221008
경상남도 양산시 물금읍 가촌리 1315-6번지,48330,25323,0,1315,0006,1264100100375,,,,3,용도구역코드,UOA120,상대보호구역,1,0,,상대보호구역,20221008
경상남도 양산시 물금읍 가촌리 1315-6번지,48330,25323,0,1315,0006,1264100100375,,,,3,용도구역코드,UQQ310,제1종지구단위계획구역,0,0,,제1종지구단위계획구역,20221008
경상남도 양산시 물금읍 가촌리 1315-6번지,48330,25323,0,1315,0006,1264100100375,,,,3,용도구역코드,UOA110,절대정화구역,0,0,,절대보호구역,20221008
경상남도 양산시 물금읍 가촌리 1315-7번지,48330,25323,0,1315,0007,1264100096486,,,,1,용도지역코드,UQA121,제1종일반주거지역,1,0,,제1종일반주거지역,20221008
경상남도 양산시 물금읍 가촌리 1315-7번지,48330,25323,0,1315,0007,1264100096486,,,,3,용도구역코드,UQQ310,제1종지구단위계획구역,1,0,,제1종지구단위계획구역,20221008
경상남도 양산시 물금읍 가촌리 1315-8번지,48330,25323,0,1315,0008,1264100072800,,,,1,용도지역코드,UQA121,제1종일반주거지역,1,0,,제1종일반주거지역,20221008
경상남도 양산시 물금읍 가촌리 1315-8번지,48330,25323,0,1315,0008,1264100072800,,,,3,용도구역코드,UQQ310,제1종지구단위계획구역,1,0,,제1종지구단위계획구역,20221008
경상남도 양산시 물금읍 가촌리 1315-9번지,48330,25323,0,1315,0009,1264100107653,,,,1,용도지역코드,UQA122,제2종일반주거지역,1,0,,제2종일반주거지역,20221008
경상남도 양산시 물금읍 가촌리 1316-1번지,48330,25323,0,1316,0001,1264100095555,,,,1,용도지역코드,UQA121,제1종일반주거지역,1,0,,제1종일반주거지역,20221008
경상남도 양산시 물금읍 가촌리 1316-1번지,48330,25323,0,1316,0001,1264100095555,,,,3,용도구역코드,UQQ310,제1종지구단위계획구역,1,0,,제1종지구단위계획구역,20221008
경상남도 양산시 물금읍 가촌리 1316-1번지,48330,25323,0,1316,0001,1264100095555,,,,3,용도구역코드,UOA110,절대정화구역,0,0,,절대정화구역,20221008
경상남도 양산시 물금읍 가촌리 1316-2번지,48330,25323,0,1316,0002,1264100095787,,,,1,용도지역코드,UQA121,제1종일반주거지역,1,0,,제1종일반주거지역,20221008
경상남도 양산시 물금읍 가촌리 1316-2번지,48330,25323,0,1316,0002,1264100095787,,,,3,용도구역코드,UQQ310,제1종지구단위계획구역,1,0,,제1종지구단위계획구역,20221008
경상남도 양산시 물금읍 가촌리 1316-2번지,48330,25323,0,1316,0002,1264100095787,,,,3,용도구역코드,UOA110,절대정화구역,0,0,,절대정화구역,20221008
경상남도 양산시 물금읍 가촌리 1316-4번지,48330,25323,0,1316,0004,1264100096206,,,,1,용도지역코드,UQA121,제1종일반주거지역,1,0,,제1종일반주거지역,20221008
경상남도 양산시 물금읍 가촌리 1316-4번지,48330,25323,0,1316,0004,1264100096206,,,,3,용도구역코드,UQQ310,제1종지구단위계획구역,1,0,,제1종지구단위계획구역,20221008
경상남도 양산시 물금읍 가촌리 1316-5번지,48330,25323,0,1316,0005,1264100109097,,,,1,용도지역코드,UQA121,제1종일반주거지역,1,0,,제1종일반주거지역,20221008
경상남도 양산시 물금읍 가촌리 1316-5번지,48330,25323,0,1316,0005,1264100109097,,,,3,용도구역코드,UQQ310,제1종지구단위계획구역,1,0,,제1종지구단위계획구역,20221008
경상남도 양산시 물금읍 가촌리 1318-1번지,48330,25323,0,1318,0001,1264100093561,,,,1,용도지역코드,UQA121,제1종일반주거지역,1,0,,제1종일반주거지역,20221008
경상남도 양산시 물금읍 가촌리 1318-1번지,48330,25323,0,1318,0001,1264100093561,,,,3,용도구역코드,UQQ310,제1종지구단위계획구역,1,0,,제1종지구단위계획구역,20221008
경상남도 양산시 물금읍 가촌리 1318-2번지,48330,25323,0,1318,0002,1264100100113,,,,1,용도지역코드,UQA121,제1종일반주거지역,1,0,,제1종일반주거지역,20221008
경상남도 양산시 물금읍 가촌리 1318-2번지,48330,25323,0,1318,0002,1264100100113,,,,3,용도구역코드,UQQ310,제1종지구단위계획구역,1,0,,제1종지구단위계획구역,20221008
경상남도 양산시 물금읍 가촌리 1318-3번지,48330,25323,0,1318,0003,1264100096209,,,,1,용도지역코드,UQA121,제1종일반주거지역,1,0,,제1종일반주거지역,20221008
경상남도 양산시 물금읍 가촌리 1318-3번지,48330,25323,0,1318,0003,1264100096209,,,,3,용도구역코드,UQQ310,제1종지구단위계획구역,1,0,,제1종지구단위계획구역,20221008
경상남도 양산시 물금읍 가촌리 1318-4번지,48330,25323,0,1318,0004,1264100099973,,,,3,용도구역코드,UQQ310,제1종지구단위계획구역,1,0,,제1종지구단위계획구역,20221008
경상남도 양산시 물금읍 가촌리 1318-4번지,48330,25323,0,1318,0004,1264100099973,,,,1,용도지역코드,UQA121,제1종일반주거지역,1,0,,제1종일반주거지역,20221008
경상남도 양산시 물금읍 가촌리 1318-6번지,48330,25323,0,1318,0006,1264100084984,,,,1,용도지역코드,UQA121,제1종일반주거지역,1,0,,제1종일반주거지역,20221008
경상남도 양산시 물금읍 가촌리 1318-6번지,48330,25323,0,1318,0006,1264100084984,,,,3,용도구역코드,UQQ310,제1종지구단위계획구역,1,0,,제1종지구단위계획구역,20221008
경상남도 양산시 물금읍 가촌리 1318-7번지,48330,25323,0,1318,0007,1264100107253,,,,1,용도지역코드,UQA121,제1종일반주거지역,1,0,,제1종일반주거지역,20221008
경상남도 양산시 물금읍 가촌리 1318-7번지,48330,25323,0,1318,0007,1264100107253,,,,3,용도구역코드,UOA120,상대보호구역,1,0,,상대보호구역,20221008
경상남도 양산시 물금읍 가촌리 1318-7번지,48330,25323,0,1318,0007,1264100107253,,,,3,용도구역코드,UQQ310,제1종지구단위계획구역,0,0,,제1종지구단위계획구역,20221008
경상남도 양산시 물금읍 가촌리 1318-8번지,48330,25323,0,1318,0008,1264100086231,,,,1,용도지역코드,UQA121,제1종일반주거지역,1,0,,제1종일반주거지역,20221008
경상남도 양산시 물금읍 가촌리 1318-8번지,48330,25323,0,1318,0008,1264100086231,,,,3,용도구역코드,UQQ310,제1종지구단위계획구역,1,0,,제1종지구단위계획구역,20221008
경상남도 양산시 물금읍 가촌리 1318-9번지,48330,25323,0,1318,0009,1264100117917,,,,1,용도지역코드,UQA121,제1종일반주거지역,1,0,,제1종일반주거지역,20221008
경상남도 양산시 물금읍 가촌리 1318-9번지,48330,25323,0,1318,0009,1264100117917,,,,3,용도구역코드,UOA120,상대보호구역,1,0,,상대보호구역,20221008
경상남도 양산시 물금읍 가촌리 1318-9번지,48330,25323,0,1318,0009,1264100117917,,,,3,용도구역코드,UQQ310,제1종지구단위계획구역,0,0,,제1종지구단위계획구역,20221008
경상남도 양산시 물금읍 가촌리 1318-10번지,48330,25323,0,1318,0010,1264100115639,,,,1,용도지역코드,UQA121,제1종일반주거지역,1,0,,제1종일반주거지역,20221008
경상남도 양산시 물금읍 가촌리 1318-10번지,48330,25323,0,1318,0010,1264100115639,,,,3,용도구역코드,UOA120,상대보호구역,1,0,,상대보호구역,20221008
경상남도 양산시 물금읍 가촌리 1318-10번지,48330,25323,0,1318,0010,1264100115639,,,,3,용도구역코드,UQQ310,제1종지구단위계획구역,0,0,,제1종지구단위계획구역,20221008
경상남도 양산시 물금읍 가촌리 1318-11번지,48330,25323,0,1318,0011,1264100083361,,,,1,용도지역코드,UQA121,제1종일반주거지역,1,0,,제1종일반주거지역,20221008
경상남도 양산시 물금읍 가촌리 1318-11번지,48330,25323,0,1318,0011,1264100083361,,,,3,용도구역코드,UQQ310,제1종지구단위계획구역,1,0,,제1종지구단위계획구역,20221008
경상남도 양산시 물금읍 가촌리 1319-1번지,48330,25323,0,1319,0001,1264100089382,,,,1,용도지역코드,UQA121,제1종일반주거지역,1,0,,제1종일반주거지역,20221008
경상남도 양산시 물금읍 가촌리 1319-1번지,48330,25323,0,1319,0001,1264100089382,,,,3,용도구역코드,UQQ310,제1종지구단위계획구역,1,0,,제1종지구단위계획구역,20221008
경상남도 양산시 물금읍 가촌리 1319-2번지,48330,25323,0,1319,0002,1264100105573,,,,1,용도지역코드,UQA121,제1종일반주거지역,1,0,,제1종일반주거지역,20221008
경상남도 양산시 물금읍 가촌리 1319-2번지,48330,25323,0,1319,0002,1264100105573,,,,3,용도구역코드,UQQ310,제1종지구단위계획구역,1,0,,제1종지구단위계획구역,20221008
경상남도 양산시 물금읍 가촌리 1319-4번지,48330,25323,0,1319,0004,1264100100214,,,,1,용도지역코드,UQA121,제1종일반주거지역,1,0,,제1종일반주거지역,20221008
경상남도 양산시 물금읍 가촌리 1319-4번지,48330,25323,0,1319,0004,1264100100214,,,,3,용도구역코드,UQQ310,제1종지구단위계획구역,1,0,,제1종지구단위계획구역,20221008
경상남도 양산시 물금읍 가촌리 1319-5번지,48330,25323,0,1319,0005,1264100114196,,,,1,용도지역코드,UQA121,제1종일반주거지역,1,0,,제1종일반주거지역,20221008
경상남도 양산시 물금읍 가촌리 1319-5번지,48330,25323,0,1319,0005,1264100114196,,,,3,용도구역코드,UQQ310,제1종지구단위계획구역,1,0,,제1종지구단위계획구역,20221008
경상남도 양산시 물금읍 가촌리 1319-7번지,48330,25323,0,1319,0007,1264100110577,,,,1,용도지역코드,UQA121,제1종일반주거지역,1,0,,제1종일반주거지역,20221008
경상남도 양산시 물금읍 가촌리 1319-7번지,48330,25323,0,1319,0007,1264100110577,,,,3,용도구역코드,UOA120,상대보호구역,1,0,,상대보호구역,20221008
경상남도 양산시 물금읍 가촌리 1319-7번지,48330,25323,0,1319,0007,1264100110577,,,,3,용도구역코드,UQQ310,제1종지구단위계획구역,0,0,,제1종지구단위계획구역,20221008
경상남도 양산시 물금읍 가촌리 1319-8번지,48330,25323,0,1319,0008,1264100094607,,,,1,용도지역코드,UQA121,제1종일반주거지역,1,0,,제1종일반주거지역,20221021
경상남도 양산시 물금읍 가촌리 1319-8번지,48330,25323,0,1319,0008,1264100094607,,,,3,용도구역코드,UQQ310,제1종지구단위계획구역,1,0,,제1종지구단위계획구역,20221021
경상남도 양산시 물금읍 가촌리 1319-8번지,48330,25323,0,1319,0008,1264100094607,,,,3,용도구역코드,UOA120,상대보호구역,0,0,,상대정화구역,20221021
경상남도 양산시 물금읍 가촌리 1319-9번지,48330,25323,0,1319,0009,1264100105744,,,,1,용도지역코드,UQA121,제1종일반주거지역,1,0,,제1종일반주거지역,20221008
경상남도 양산시 물금읍 가촌리 1319-9번지,48330,25323,0,1319,0009,1264100105744,,,,3,용도구역코드,UOA120,상대보호구역,1,0,,상대보호구역,20221008
경상남도 양산시 물금읍 가촌리 1319-9번지,48330,25323,0,1319,0009,1264100105744,,,,3,용도구역코드,UQQ310,제1종지구단위계획구역,0,0,,제1종지구단위계획구역,20221008
경상남도 양산시 물금읍 가촌리 1319-11번지,48330,25323,0,1319,0011,1264100094890,,,,1,용도지역코드,UQA121,제1종일반주거지역,1,0,,제1종일반주거지역,20221008
경상남도 양산시 물금읍 가촌리 1319-11번지,48330,25323,0,1319,0011,1264100094890,,,,3,용도구역코드,UQQ310,제1종지구단위계획구역,1,0,,제1종지구단위계획구역,20221008
경상남도 양산시 물금읍 가촌리 1319-11번지,48330,25323,0,1319,0011,1264100094890,,,,3,용도구역코드,UOA120,상대보호구역,0,0,,상대정화구역,20221008
경상남도 양산시 물금읍 가촌리 산43-1번지,48330,25323,1,0043,0001,1264100110557,,,,1,용도지역코드,UQA130,준주거지역,0,0,,준주거지역,20221008
경상남도 양산시 물금읍 가촌리 산43-1번지,48330,25323,1,0043,0001,1264100110557,,,,3,용도구역코드,UQQ300,지구단위계획구역,1,0,,지구단위계획구역,20221008
경상남도 양산시 물금읍 가촌리 산43-1번지,48330,25323,1,0043,0001,1264100110557,,,,1,용도지역코드,UQA122,제2종일반주거지역,1,0,,제2종일반주거지역,20221008
경상남도 양산시 물금읍 가촌리 산45번지,48330,25323,1,0045,0000,12643777,,,,1,용도지역코드,1020,일반주거지역,1,0,,일반주거지역,20221008
경상남도 양산시 물금읍 가촌리 산47-4번지,48330,25323,1,0047,0004,1264100125322,,,,3,용도구역코드,UQQ310,제1종지구단위계획구역,0,0,,제1종지구단위계획구역,20260723
경상남도 양산시 물금읍 가촌리 산47-4번지,48330,25323,1,0047,0004,1264100125322,,,,3,용도구역코드,UOA120,상대보호구역,1,0,,상대보호구역,20260723
경상남도 양산시 물금읍 가촌리 산47-4번지,48330,25323,1,0047,0004,1264100125322,,,,1,용도지역코드,UQA123,제3종일반주거지역,1,0,,제3종일반주거지역,20260723
경상남도 양산시 물금읍 가촌리 산47-4번지,48330,25323,1,0047,0004,1264100126542,,,,1,용도지역코드,UQA123,제3종일반주거지역,1,0,,제3종일반주거지역,20221008
경상남도 양산시 물금읍 가촌리 산47-4번지,48330,25323,1,0047,0004,1264100125181,,,,1,용도지역코드,UQA123,제3종일반주거지역,1,0,,제3종일반주거지역,20221008
경상남도 양산시 물금읍 가촌리 산47-4번지,48330,25323,1,0047,0004,1264100125181,,,,3,용도구역코드,UOA120,상대보호구역,1,0,,상대보호구역,20221008
경상남도 양산시 물금읍 가촌리 산47-4번지,48330,25323,1,0047,0004,1264100125181,,,,3,용도구역코드,UQQ310,제1종지구단위계획구역,0,0,,제1종지구단위계획구역,20221008
경상남도 양산시 물금읍 가촌리 산47-4번지,48330,25323,1,0047,0004,1264100126542,,,,3,용도구역코드,UOA120,상대보호구역,1,0,,상대보호구역,20221008
경상남도 양산시 물금읍 가촌리 산47-4번지,48330,25323,1,0047,0004,1264100126542,,,,3,용도구역코드,UQQ310,제1종지구단위계획구역,0,0,,제1종지구단위계획구역,20221008
경상남도 양산시 물금읍 가촌리 산47-4번지,48330,25323,1,0047,0004,1264100125183,,,,1,용도지역코드,UQA123,제3종일반주거지역,1,0,,제3종일반주거지역,20221008
경상남도 양산시 물금읍 가촌리 산47-4번지,48330,25323,1,0047,0004,1264100125183,,,,3,용도구역코드,UOA120,상대보호구역,1,0,,상대보호구역,20221008
경상남도 양산시 물금읍 가촌리 산47-4번지,48330,25323,1,0047,0004,1264100125183,,,,3,용도구역코드,UQQ310,제1종지구단위계획구역,0,0,,제1종지구단위계획구역,20221008
경상남도 양산시 물금읍 가촌리 산47-4번지,48330,25323,1,0047,0004,1264100108976,,,,1,용도지역코드,UQA123,제3종일반주거지역,1,0,,제3종일반주거지역,20221008
경상남도 양산시 물금읍 가촌리 산47-4번지,48330,25323,1,0047,0004,1264100108976,,,,3,용도구역코드,UQQ310,제1종지구단위계획구역,,,,제1종지구단위계획구역,20221008
경상남도 양산시 물금읍 가촌리 산47-4번지,48330,25323,1,0047,0004,1264100108976,,,,3,용도구역코드,UOA120,상대보호구역,1,0,,상대보호구역,20221008
경상남도 양산시 물금읍 가촌리 블록,48330,25323,2,0000,0000,1264100056948,양산물금2택지개발사업지구 중학교6부지,,,1,용도지역코드,UQA123,제3종일반주거지역,1,0,,제3종일반주거지역,20221008
경상남도 양산시 물금읍 가촌리 블록,48330,25323,2,0000,0000,1264100056948,양산물금2택지개발사업지구 중학교6부지,,,3,용도구역코드,UQQ310,제1종지구단위계획구역,1,0,,제1종지구단위계획구역,20221008
경상남도 양산시 물금읍 가촌리 블록,48330,25323,2,0000,0000,1264100055751,물금2택지개발사업지구 중학교6부지,,,1,용도지역코드,UQA123,제3종일반주거지역,1,0,,제3종일반주거지역,20221008
경상남도 양산시 물금읍 가촌리 블록,48330,25323,2,0000,0000,1264100055751,물금2택지개발사업지구 중학교6부지,,,3,용도구역코드,UQQ310,제1종지구단위계획구역,1,0,,제1종지구단위계획구역,20221008
경상남도 양산시 물금읍 가촌리 블록,48330,25323,2,0000,0000,1264100063380,양산물금택지개발사업지구,324,4,1,용도지역코드,UQA123,제3종일반주거지역,1,0,,제3종일반주거지역,20221008
경상남도 양산시 물금읍 가촌리 블록,48330,25323,2,0000,0000,1264100063380,양산물금택지개발사업지구,324,4,3,용도구역코드,UQQ310,제1종지구단위계획구역,1,0,,제1종지구단위계획구역,20221008
경상남도 양산시 물금읍 가촌리 블록,48330,25323,2,0000,0000,1264100069201,양산물금택지개발지구,제7호근린공원,,1,용도지역코드,UQA430,자연녹지지역,1,0,,자연녹지지역,20221008
경상남도 양산시 물금읍 가촌리 블록,48330,25323,2,0000,0000,1264100069201,양산물금택지개발지구,제7호근린공원,,3,용도구역코드,UQQ310,제1종지구단위계획구역,1,0,,제1종지구단위계획구역,20221008
경상남도 양산시 물금읍 가촌리 블록,48330,25323,2,0000,0000,1264100059953,양산물금택지개발사업2지구 48블록,,,1,용도지역코드,UQA123,제3종일반주거지역,1,0,,제3종일반주거지역,20221008
경상남도 양산시 물금읍 가촌리 블록,48330,25323,2,0000,0000,1264100059953,양산물금택지개발사업2지구 48블록,,,3,용도구역코드,UQQ310,제1종지구단위계획구역,1,0,,제1종지구단위계획구역,20221008
경상남도 양산시 물금읍 가촌리 블록,48330,25323,2,0000,0000,1264100060112,물금택지개발지구 49블록,,,1,용도지역코드,UQA123,제3종일반주거지역,1,0,,제3종일반주거지역,20221008
경상남도 양산시 물금읍 가촌리 블록,48330,25323,2,0000,0000,1264100060112,물금택지개발지구 49블록,,,3,용도구역코드,UQQ310,제1종지구단위계획구역,1,0,,제1종지구단위계획구역,20221008
경상남도 양산시 물금읍 가촌리 블록,48330,25323,2,0000,0000,1264100062842,양산물금택지개발사업2지구,48,,1,용도지역코드,UQA123,제3종일반주거지역,1,0,,제3종일반주거지역,20221008
경상남도 양산시 물금읍 가촌리 블록,48330,25323,2,0000,0000,1264100062842,양산물금택지개발사업2지구,48,,3,용도구역코드,UQQ310,제1종지구단위계획구역,1,0,,제1종지구단위계획구역,20221008
경상남도 양산시 물금읍 가촌리 블록,48330,25323,2,0000,0000,1264100059955,양산물금택지개발사업지구 324블록 4로트,,,1,용도지역코드,UQA121,제1종일반주거지역,1,0,,제1종일반주거지역,20221008
경상남도 양산시 물금읍 가촌리 블록,48330,25323,2,0000,0000,1264100059955,양산물금택지개발사업지구 324블록 4로트,,,3,용도구역코드,UQQ310,제1종지구단위계획구역,1,0,,제1종지구단위계획구역,20221008
경상남도 양산시 물금읍 가촌리 블록,48330,25323,2,0000,0000,1264100046665,,410,1,1,용도지역코드,UQA121,제1종일반주거지역,1,0,,제1종일반주거지역,20221008
경상남도 양산시 물금읍 가촌리 블록,48330,25323,2,0000,0000,1264100046886,,400B,10L,1,용도지역코드,UQA121,제1종일반주거지역,1,0,,제1종일반주거지역,20221008
경상남도 양산시 물금읍 가촌리 블록,48330,25323,2,0000,0000,1264100046886,,400B,10L,3,용도구역코드,UQQ310,제1종지구단위계획구역,1,0,,제1종지구단위계획구역,20221008
경상남도 양산시 물금읍 가촌리 블록,48330,25323,2,0000,0000,1264100046665,,410,1,3,용도구역코드,UQQ310,제1종지구단위계획구역,1,0,,제1종지구단위계획구역,20221008
경상남도 양산시 물금읍 가촌리 블록,48330,25323,2,0000,0000,1264100045932,,411,7,1,용도지역코드,UQA121,제1종일반주거지역,1,0,,제1종일반주거지역,20221008
경상남도 양산시 물금읍 가촌리 블록,48330,25323,2,0000,0000,1264100045932,,411,7,3,용도구역코드,UQQ310,제1종지구단위계획구역,1,0,,제1종지구단위계획구역,20221008
경상남도 양산시 물금읍 가촌리 블록,48330,25323,2,0000,0000,1264100072619,,570,10,1,용도지역코드,UQA120,일반주거지역,1,0,,일반주거지역,20221008
경상남도 양산시 물금읍 가촌리 블록,48330,25323,2,0000,0000,1264100072619,,570,10,3,용도구역코드,UQQ310,제1종지구단위계획구역,1,0,,제1종지구단위계획구역,20221008
경상남도 양산시 물금읍 가촌리 블록,48330,25323,2,0000,0000,1264100046825,,385,3,1,용도지역코드,UQA121,제1종일반주거지역,1,0,,제1종일반주거지역,20221008
경상남도 양산시 물금읍 가촌리 블록,48330,25323,2,0000,0000,1264100046825,,385,3,3,용도구역코드,UQQ310,제1종지구단위계획구역,1,0,,제1종지구단위계획구역,20221008
경상남도 양산시 물금읍 가촌리 블록,48330,25323,2,0000,0000,1264100055750,양산물금2택지개발사업지구 중학교6부지,,,1,용도지역코드,UQA123,제3종일반주거지역,1,0,,제3종일반주거지역,20221008
경상남도 양산시 물금읍 가촌리 블록,48330,25323,2,0000,0000,1264100049749,,399,8,1,용도지역코드,UQA121,제1종일반주거지역,1,0,,제1종일반주거지역,20221008
경상남도 양산시 물금읍 가촌리 블록,48330,25323,2,0000,0000,1264100049749,,399,8,3,용도구역코드,UQQ310,제1종지구단위계획구역,1,0,,제1종지구단위계획구역,20221008
경상남도 양산시 물금읍 가촌리 블록,48330,25323,2,0000,0000,1264100055750,양산물금2택지개발사업지구 중학교6부지,,,3,용도구역코드,UQQ310,제1종지구단위계획구역,1,0,,제1종지구단위계획구역,20221008
경상남도 양산시 물금읍 가촌리 블록,48330,25323,2,0000,0000,1264100055832,물금택지개발지구,초등학교10부지,,1,용도지역코드,UQA123,제3종일반주거지역,1,0,,제3종일반주거지역,20221008
경상남도 양산시 물금읍 가촌리 블록,48330,25323,2,0000,0000,1264100055832,물금택지개발지구,초등학교10부지,,3,용도구역코드,UQQ310,제1종지구단위계획구역,1,0,,제1종지구단위계획구역,20221008
경상남도 양산시 물금읍 가촌리 블록,48330,25323,2,0000,0000,1264100047186,,340,3,1,용도지역코드,UQA210,중심상업지역,1,0,,중심상업지역,20221008
경상남도 양산시 물금읍 가촌리 블록,48330,25323,2,0000,0000,1264100047186,,340,3,3,용도구역코드,UOA120,상대보호구역,1,0,,상대정화구역,20221008
경상남도 양산시 물금읍 가촌리 블록,48330,25323,2,0000,0000,1264100047186,,340,3,3,용도구역코드,UQQ310,제1종지구단위계획구역,0,0,,제1종지구단위계획구역,20221008
경상남도 양산시 물금읍 가촌리 블록,48330,25323,2,0000,0000,1264100055831,물금택지개발사업지구,초등학교10부지,,1,용도지역코드,UQA123,제3종일반주거지역,1,0,,제3종일반주거지역,20221008
경상남도 양산시 물금읍 가촌리 블록,48330,25323,2,0000,0000,1264100055831,물금택지개발사업지구,초등학교10부지,,3,용도구역코드,UQQ310,제1종지구단위계획구역,1,0,,제1종지구단위계획구역,20221008
경상남도 양산시 물금읍 가촌리 블록,48330,25323,2,0000,0000,1264100056049,물금택지개발사업지구 50블록,,,1,용도지역코드,UQA123,제3종일반주거지역,1,0,,제3종일반주거지역,20221008
경상남도 양산시 물금읍 가촌리 블록,48330,25323,2,0000,0000,1264100056049,물금택지개발사업지구 50블록,,,3,용도구역코드,UQQ310,제1종지구단위계획구역,1,0,,제1종지구단위계획구역,20221008
경상남도 양산시 물금읍 가촌리 블록,48330,25323,2,0000,0000,1264100083282,양산물금택지개발지구,제7호근린공원,,1,용도지역코드,UQA430,자연녹지지역,1,0,,자연녹지지역,20221008
경상남도 양산시 물금읍 가촌리 블록,48330,25323,2,0000,0000,1264100083282,양산물금택지개발지구,제7호근린공원,,3,용도구역코드,UQQ310,제1종지구단위계획구역,1,0,,제1종지구단위계획구역,20221008
경상남도 양산시 물금읍 가촌리 블록,48330,25323,2,0000,0000,1264100052377,,408,4,1,용도지역코드,UQA121,제1종일반주거지역,1,0,,제1종일반주거지역,20221008
경상남도 양산시 물금읍 가촌리 블록,48330,25323,2,0000,0000,1264100052377,,408,4,3,용도구역코드,UQQ310,제1종지구단위계획구역,1,0,,제1종지구단위계획구역,20221008
경상남도 양산시 물금읍 가촌리 블록,48330,25323,2,0000,0000,1264100049410,,504,1,1,용도지역코드,UQA210,중심상업지역,1,0,,중심상업지역,20221008
경상남도 양산시 물금읍 가촌리 블록,48330,25323,2,0000,0000,1264100059913,양산물금2택지개발사업지구 중학교6부지,,,1,용도지역코드,UQA123,제3종일반주거지역,1,0,,제3종일반주거지역,20221008
경상남도 양산시 물금읍 가촌리 블록,48330,25323,2,0000,0000,1264100059913,양산물금2택지개발사업지구 중학교6부지,,,3,용도구역코드,UQQ310,제1종지구단위계획구역,1,0,,제1종지구단위계획구역,20221008
경상남도 양산시 물금읍 가촌리 블록,48330,25323,2,0000,0000,1264100069202,양산물금택지개발지구,제9호근린공원,,1,용도지역코드,UQA430,자연녹지지역,1,0,,자연녹지지역,20221008
경상남도 양산시 물금읍 가촌리 블록,48330,25323,2,0000,0000,1264100069202,양산물금택지개발지구,제9호근린공원,,3,용도구역코드,UQQ310,제1종지구단위계획구역,1,0,,제1종지구단위계획구역,20221008
경상남도 양산시 물금읍 가촌리 블록,48330,25323,2,0000,0000,1264100049287,,474,5,1,용도지역코드,UQA220,일반상업지역,1,0,,일반상업지역,20221008
경상남도 양산시 물금읍 가촌리 블록,48330,25323,2,0000,0000,1264100049287,,474,5,3,용도구역코드,UQQ300,지구단위계획구역,1,0,,지구단위계획구역,20221008
경상남도 양산시 물금읍 가촌리 ,48330,25323,,0000,0000,1264100025670,,,,1,용도지역코드,UQA122,제2종일반주거지역,1,0,,제2종일반주거지역,20221008
