대지위치,시군구코드,법정동코드,대지구분코드,번,지,관리허가대장PK,특수지명,블록,로트,지역지구구역구분코드,지역지구구역구분코드명,지역지구구역코드,지역지구구역코드명,대표여부,주동구분코드,주동구분코드명,지역지구구역명,생성일자
경상남도 양산시 상북면 소토리 ,48330,33023,0,0000,0000,12643402,"916-26,916-10",,,1,용도지역코드,1220,일반공업지역,1,0,,일반공업지역,20221008
경상남도 양산시 상북면 소토리 ,48330,33023,0,0000,0000,12641859,경남 양산시 상북면 소토리 522-28번지,,,1,용도지역코드,1230,준공업지역,1,0,,준공업지역,20221008
경상남도 양산시 상북면 소토리 14번지,48330,33023,0,0014,0000,1000000000000000188004,,,,3,용도구역코드,UMZ100,가축사육제한구역,1,0,,가축사육제한구역,20230217
경상남도 양산시 상북면 소토리 14번지,48330,33023,0,0014,0000,1000000000000000188004,,,,1,용도지역코드,UQA320,일반공업지역,1,0,,일반공업지역,20230217
경상남도 양산시 상북면 소토리 14번지,48330,33023,0,0014,0000,1264100143344,,,,3,용도구역코드,UMZ100,가축사육제한구역,1,0,,가축사육제한구역,20221020
경상남도 양산시 상북면 소토리 14번지,48330,33023,0,0014,0000,1264100143344,,,,1,용도지역코드,UQA320,일반공업지역,1,0,,일반공업지역,20221020
경상남도 양산시 상북면 소토리 15번지,48330,33023,0,0015,0000,1264100081864,,,,1,용도지역코드,UQA320,일반공업지역,1,0,,일반공업지역,20221008
경상남도 양산시 상북면 소토리 17번지,48330,33023,0,0017,0000,1264100081862,,,,1,용도지역코드,UQA320,일반공업지역,1,0,,일반공업지역,20221008
경상남도 양산시 상북면 소토리 18번지,48330,33023,0,0018,0000,1000000000000000546479,,,,1,용도지역코드,UQA320,일반공업지역,1,0,,일반공업지역,20250306
경상남도 양산시 상북면 소토리 18-2번지,48330,33023,0,0018,0002,1264100140323,,,,1,용도지역코드,UQA320,일반공업지역,1,0,,일반공업지역,20221008
경상남도 양산시 상북면 소토리 18-2번지,48330,33023,0,0018,0002,1264100139604,,,,1,용도지역코드,UQA320,일반공업지역,1,0,,일반공업지역,20221008
경상남도 양산시 상북면 소토리 18-2번지,48330,33023,0,0018,0002,1264100139604,,,,3,용도구역코드,UMZ100,가축사육제한구역,1,0,,가축사육제한구역,20221008
경상남도 양산시 상북면 소토리 19번지,48330,33023,0,0019,0000,1264100143083,,,,1,용도지역코드,UQA320,일반공업지역,1,0,,일반공업지역,20221008
경상남도 양산시 상북면 소토리 20-1번지,48330,33023,0,0020,0001,1264100155511,,,,1,용도지역코드,UQA320,일반공업지역,1,0,,일반공업지역,20221107
경상남도 양산시 상북면 소토리 25-1번지,48330,33023,0,0025,0001,1264100140350,,,,1,용도지역코드,UQA320,일반공업지역,1,0,,일반공업지역,20221008
경상남도 양산시 상북면 소토리 26번지,48330,33023,0,0026,0000,1264100089021,,,,1,용도지역코드,UQA320,일반공업지역,1,0,,일반공업지역,20221008
경상남도 양산시 상북면 소토리 26번지,48330,33023,0,0026,0000,1264100082685,,,,1,용도지역코드,UQA320,일반공업지역,1,0,,일반공업지역,20221008
경상남도 양산시 상북면 소토리 27-1번지,48330,33023,0,0027,0001,1264100051748,,,,1,용도지역코드,UQA320,일반공업지역,1,0,,일반공업지역,20221008
경상남도 양산시 상북면 소토리 27-2번지,48330,33023,0,0027,0002,1264100057629,,,,1,용도지역코드,UQA320,일반공업지역,1,0,,일반공업지역,20221008
경상남도 양산시 상북면 소토리 27-3번지,48330,33023,0,0027,0003,1264100051750,,,,1,용도지역코드,UQA320,일반공업지역,1,0,,일반공업지역,20221008
경상남도 양산시 상북면 소토리 27-7번지,48330,33023,0,0027,0007,1264100068819,,,,1,용도지역코드,UQA320,일반공업지역,1,0,,일반공업지역,20221008
경상남도 양산시 상북면 소토리 27-17번지,48330,33023,0,0027,0017,1264100083342,,,,1,용도지역코드,UQA320,일반공업지역,1,0,,일반공업지역,20221008
경상남도 양산시 상북면 소토리 28번지,48330,33023,0,0028,0000,1264100096046,,,,1,용도지역코드,UQA320,일반공업지역,1,0,,일반공업지역,20221008
경상남도 양산시 상북면 소토리 28-3번지,48330,33023,0,0028,0003,1264100096047,,,,1,용도지역코드,UQA320,일반공업지역,1,0,,일반공업지역,20221008
경상남도 양산시 상북면 소토리 29-1번지,48330,33023,0,0029,0001,1264100037772,,,,1,용도지역코드,UQA320,일반공업지역,1,0,,일반공업지역,20221008
경상남도 양산시 상북면 소토리 29-2번지,48330,33023,0,0029,0002,1264100039732,,,,1,용도지역코드,UQA320,일반공업지역,1,0,,일반공업지역,20221008
경상남도 양산시 상북면 소토리 29-6번지,48330,33023,0,0029,0006,1264100073479,,,,1,용도지역코드,UQA320,일반공업지역,1,0,,일반공업지역,20221008
경상남도 양산시 상북면 소토리 29-7번지,48330,33023,0,0029,0007,1264100038216,,,,1,용도지역코드,UQA320,일반공업지역,1,0,,일반공업지역,20221008
경상남도 양산시 상북면 소토리 29-10번지,48330,33023,0,0029,0010,1264100038215,,,,1,용도지역코드,UQA320,일반공업지역,1,0,,일반공업지역,20221008
경상남도 양산시 상북면 소토리 29-10번지,48330,33023,0,0029,0010,1264100058714,,,,1,용도지역코드,UQA320,일반공업지역,1,0,,일반공업지역,20221008
경상남도 양산시 상북면 소토리 30-5번지,48330,33023,0,0030,0005,1264100073482,,,,1,용도지역코드,UQA320,일반공업지역,1,0,,일반공업지역,20221008
경상남도 양산시 상북면 소토리 30-8번지,48330,33023,0,0030,0008,1264100149971,,,,1,용도지역코드,UQA430,자연녹지지역,1,0,,자연녹지지역,20221008
경상남도 양산시 상북면 소토리 30-12번지,48330,33023,0,0030,0012,12646216,,,,1,용도지역코드,1220,일반공업지역,1,0,,일반공업지역,20221008
경상남도 양산시 상북면 소토리 30-12번지,48330,33023,0,0030,0012,1264100033605,,,,1,용도지역코드,UQA320,일반공업지역,1,0,,일반공업지역,20221008
경상남도 양산시 상북면 소토리 30-16번지,48330,33023,0,0030,0016,1264100040722,,,,1,용도지역코드,UQA320,일반공업지역,1,0,,일반공업지역,20221008
경상남도 양산시 상북면 소토리 30-25번지,48330,33023,0,0030,0025,1000000000000000531450,,,,1,용도지역코드,UQA320,일반공업지역,1,0,,일반공업지역,20241118
경상남도 양산시 상북면 소토리 30-25번지,48330,33023,0,0030,0025,1000000000000000531450,,,,3,용도구역코드,UMZ100,가축사육제한구역,1,0,,가축사육제한구역,20241118
경상남도 양산시 상북면 소토리 30-34번지,48330,33023,0,0030,0034,1264100154310,,,,1,용도지역코드,UQA320,일반공업지역,0,0,,일반공업지역,20221107
경상남도 양산시 상북면 소토리 30-34번지,48330,33023,0,0030,0034,1264100154310,,,,1,용도지역코드,UQA430,자연녹지지역,1,0,,자연녹지지역,20221107
경상남도 양산시 상북면 소토리 30-41번지,48330,33023,0,0030,0041,1000000000000000623597,,,,1,용도지역코드,UQA430,자연녹지지역,1,0,,자연녹지지역,20260429
경상남도 양산시 상북면 소토리 37-5번지,48330,33023,0,0037,0005,1000000000000000808556,,,,2,용도지구코드,UQM110,자연취락지구,1,0,,자연취락지구,20250919
경상남도 양산시 상북면 소토리 37-5번지,48330,33023,0,0037,0005,1000000000000000808556,,,,3,용도구역코드,UMZ100,가축사육제한구역,1,0,,가축사육제한구역,20250919
경상남도 양산시 상북면 소토리 37-5번지,48330,33023,0,0037,0005,1000000000000000808556,,,,1,용도지역코드,UQA430,자연녹지지역,1,0,,자연녹지지역,20250919
경상남도 양산시 상북면 소토리 37-12번지,48330,33023,0,0037,0012,1264100137863,,,,1,용도지역코드,UQA320,일반공업지역,1,0,,일반공업지역,20221008
경상남도 양산시 상북면 소토리 40-8번지,48330,33023,0,0040,0008,1264100140123,,,,1,용도지역코드,UQA430,자연녹지지역,1,0,,자연녹지지역,20221008
경상남도 양산시 상북면 소토리 40-8번지,48330,33023,0,0040,0008,1264100140123,,,,2,용도지구코드,UQM110,자연취락지구,1,0,,자연취락지구,20221008
경상남도 양산시 상북면 소토리 41-1번지,48330,33023,0,0041,0001,12645447,,,,1,용도지역코드,1330,자연녹지지역,1,0,,자연녹지지역,20221008
경상남도 양산시 상북면 소토리 41-1번지,48330,33023,0,0041,0001,12645447,,,,2,용도지구코드,011,자연취락지구,1,0,,자연취락지구,20221008
경상남도 양산시 상북면 소토리 46-1번지,48330,33023,0,0046,0001,12649597,,,,1,용도지역코드,1330,자연녹지지역,1,0,,자연녹지지역,20221008
경상남도 양산시 상북면 소토리 46-1번지,48330,33023,0,0046,0001,12649597,,,,2,용도지구코드,011,자연취락지구,1,0,,자연취락지구,20221008
경상남도 양산시 상북면 소토리 47-1번지,48330,33023,0,0047,0001,12648373,,,,1,용도지역코드,1330,자연녹지지역,1,0,,자연녹지지역,20221008
경상남도 양산시 상북면 소토리 47-1번지,48330,33023,0,0047,0001,12648373,,,,2,용도지구코드,011,자연취락지구,1,0,,자연취락지구,20221008
경상남도 양산시 상북면 소토리 48-1번지,48330,33023,0,0048,0001,1264705,경상남도 양산시 상북면 소토리,48,1,1,용도지역코드,0800,경지지역,1,0,,경지지역,20221008
경상남도 양산시 상북면 소토리 50-1번지,48330,33023,0,0050,0001,12647634,,,,1,용도지역코드,1330,자연녹지지역,1,0,,자연녹지지역,20221008
경상남도 양산시 상북면 소토리 50-1번지,48330,33023,0,0050,0001,12647634,,,,2,용도지구코드,011,자연취락지구,1,0,,자연취락지구,20221008
경상남도 양산시 상북면 소토리 50-5번지,48330,33023,0,0050,0005,1264322,,50,6,1,용도지역코드,0220,생산관리지역,1,0,,생산관리지역,20221008
경상남도 양산시 상북면 소토리 50-5번지,48330,33023,0,0050,0005,12641902,,,,1,용도지역코드,1330,자연녹지지역,1,0,,자연녹지지역,20221008
경상남도 양산시 상북면 소토리 52-8번지,48330,33023,0,0052,0008,12642060,,,,1,용도지역코드,1330,자연녹지지역,1,0,,자연녹지지역,20221008
경상남도 양산시 상북면 소토리 56-1번지,48330,33023,0,0056,0001,1264100023949,,,,1,용도지역코드,UQA430,자연녹지지역,1,0,,자연녹지지역,20221008
경상남도 양산시 상북면 소토리 56-1번지,48330,33023,0,0056,0001,1264100023949,,,,2,용도지구코드,UQM110,자연취락지구,1,0,,자연취락지구,20221008
경상남도 양산시 상북면 소토리 56-3번지,48330,33023,0,0056,0003,1264100141284,,,,3,용도구역코드,UMZ100,가축사육제한구역,1,0,,가축사육제한구역,20221008
경상남도 양산시 상북면 소토리 56-3번지,48330,33023,0,0056,0003,1264100141284,,,,1,용도지역코드,UQA430,자연녹지지역,1,0,,자연녹지지역,20221008
경상남도 양산시 상북면 소토리 56-3번지,48330,33023,0,0056,0003,1264100141284,,,,2,용도지구코드,UQM110,자연취락지구,1,0,,자연취락지구,20221008
경상남도 양산시 상북면 소토리 56-4번지,48330,33023,0,0056,0004,1000000000000000920569,,,,1,용도지역코드,UQA430,자연녹지지역,1,0,,자연녹지지역,20260626
경상남도 양산시 상북면 소토리 57번지,48330,33023,0,0057,0000,1264100005466,,,,1,용도지역코드,1330,자연녹지지역,1,0,,자연녹지지역,20221008
경상남도 양산시 상북면 소토리 57번지,48330,33023,0,0057,0000,12648067,,,,1,용도지역코드,1330,자연녹지지역,1,0,,자연녹지지역,20221008
경상남도 양산시 상북면 소토리 57번지,48330,33023,0,0057,0000,12648067,,,,3,용도구역코드,010,도시계획구역,1,0,,도시계획구역,20221008
경상남도 양산시 상북면 소토리 57번지,48330,33023,0,0057,0000,1264100074823,,,,1,용도지역코드,UQA430,자연녹지지역,1,0,,자연녹지지역,20221008
경상남도 양산시 상북면 소토리 58번지,48330,33023,0,0058,0000,1264100016298,,,,1,용도지역코드,1330,자연녹지지역,1,0,,자연녹지지역,20221008
경상남도 양산시 상북면 소토리 58-2번지,48330,33023,0,0058,0002,1264100094628,,,,1,용도지역코드,UQA430,자연녹지지역,1,0,,자연녹지지역,20221008
경상남도 양산시 상북면 소토리 58-2번지,48330,33023,0,0058,0002,1264100094628,,,,2,용도지구코드,UQM110,자연취락지구,1,0,,자연취락지구,20221008
경상남도 양산시 상북면 소토리 58-4번지,48330,33023,0,0058,0004,1264100018937,,,,1,용도지역코드,1330,자연녹지지역,1,0,,자연녹지지역,20221008
경상남도 양산시 상북면 소토리 59번지,48330,33023,0,0059,0000,1000000000000000370086,,,,1,용도지역코드,UQA430,자연녹지지역,1,0,,자연녹지지역,20241230
경상남도 양산시 상북면 소토리 61-2번지,48330,33023,0,0061,0002,1264100107899,,,,1,용도지역코드,UQA430,자연녹지지역,1,0,,자연녹지지역,20221008
경상남도 양산시 상북면 소토리 61-2번지,48330,33023,0,0061,0002,1264100107899,,,,2,용도지구코드,UQM110,자연취락지구,1,0,,자연취락지구,20221008
경상남도 양산시 상북면 소토리 63-1번지,48330,33023,0,0063,0001,1264100076859,,,,1,용도지역코드,UQA430,자연녹지지역,1,0,,자연녹지지역,20221008
경상남도 양산시 상북면 소토리 63-1번지,48330,33023,0,0063,0001,1264100076859,,,,2,용도지구코드,UQM110,자연취락지구,1,0,,자연취락지구,20221008
경상남도 양산시 상북면 소토리 64-1번지,48330,33023,0,0064,0001,12642735,,,,1,용도지역코드,1330,자연녹지지역,1,0,,자연녹지지역,20221008
경상남도 양산시 상북면 소토리 64-1번지,48330,33023,0,0064,0001,12642735,,,,2,용도지구코드,011,자연취락지구,1,0,,자연취락지구,20221008
경상남도 양산시 상북면 소토리 64-9번지,48330,33023,0,0064,0009,12644357,,,,1,용도지역코드,1330,자연녹지지역,1,0,,자연녹지지역,20221008
경상남도 양산시 상북면 소토리 64-9번지,48330,33023,0,0064,0009,12644357,,,,2,용도지구코드,011,자연취락지구,1,0,,자연취락지구,20221008
경상남도 양산시 상북면 소토리 66번지,48330,33023,0,0066,0000,12648868,,,,1,용도지역코드,1330,자연녹지지역,1,0,,자연녹지지역,20221008
경상남도 양산시 상북면 소토리 66번지,48330,33023,0,0066,0000,12648868,,,,2,용도지구코드,011,자연취락지구,1,0,,자연취락지구,20221008
경상남도 양산시 상북면 소토리 69-2번지,48330,33023,0,0069,0002,1264100025749,,,,1,용도지역코드,UQA320,일반공업지역,1,0,,일반공업지역,20221008
경상남도 양산시 상북면 소토리 70-5번지,48330,33023,0,0070,0005,1264100081581,,,,1,용도지역코드,UQA320,일반공업지역,1,0,,일반공업지역,20221008
경상남도 양산시 상북면 소토리 71번지,48330,33023,0,0071,0000,1264100022853,,,,1,용도지역코드,UQA320,일반공업지역,1,0,,일반공업지역,20221008
경상남도 양산시 상북면 소토리 71번지,48330,33023,0,0071,0000,1264100010549,,,,1,용도지역코드,1220,일반공업지역,1,0,,일반공업지역,20221008
경상남도 양산시 상북면 소토리 71번지,48330,33023,0,0071,0000,1264100016095,,,,1,용도지역코드,1220,일반공업지역,1,0,,일반공업지역,20221008
경상남도 양산시 상북면 소토리 71번지,48330,33023,0,0071,0000,1264100010550,,,,1,용도지역코드,1220,일반공업지역,1,0,,일반공업지역,20221008
경상남도 양산시 상북면 소토리 76번지,48330,33023,0,0076,0000,1264100064561,,,,1,용도지역코드,UQA430,자연녹지지역,1,0,,자연녹지지역,20221008
경상남도 양산시 상북면 소토리 85-4번지,48330,33023,0,0085,0004,1264100109877,,,,1,용도지역코드,UQA430,자연녹지지역,1,0,,자연녹지지역,20221008
경상남도 양산시 상북면 소토리 95번지,48330,33023,0,0095,0000,1264100064804,,,,1,용도지역코드,UQA320,일반공업지역,1,0,,일반공업지역,20221008
경상남도 양산시 상북면 소토리 96번지,48330,33023,0,0096,0000,1264100064343,,,,1,용도지역코드,UQA320,일반공업지역,1,0,,일반공업지역,20221008
경상남도 양산시 상북면 소토리 97번지,48330,33023,0,0097,0000,12642686,,,,1,용도지역코드,1220,일반공업지역,1,0,,일반공업지역,20221008
경상남도 양산시 상북면 소토리 97-1번지,48330,33023,0,0097,0001,1264100075799,,,,1,용도지역코드,UQA320,일반공업지역,1,0,,일반공업지역,20221008
경상남도 양산시 상북면 소토리 97-3번지,48330,33023,0,0097,0003,1264100082701,,,,1,용도지역코드,UQA320,일반공업지역,1,0,,일반공업지역,20221008
경상남도 양산시 상북면 소토리 97-3번지,48330,33023,0,0097,0003,1264100143983,,,,3,용도구역코드,UMZ100,가축사육제한구역,1,0,,가축사육제한구역,20251114
경상남도 양산시 상북면 소토리 97-3번지,48330,33023,0,0097,0003,1264100143983,,,,1,용도지역코드,UQA320,일반공업지역,1,0,,일반공업지역,20251114
경상남도 양산시 상북면 소토리 97-3번지,48330,33023,0,0097,0003,1264100087683,,,,1,용도지역코드,UQA320,일반공업지역,1,0,,일반공업지역,20221008
경상남도 양산시 상북면 소토리 97-5번지,48330,33023,0,0097,0005,1264100007568,,,,1,용도지역코드,1220,일반공업지역,1,0,,일반공업지역,20221008
경상남도 양산시 상북면 소토리 97-7번지,48330,33023,0,0097,0007,12648138,,,,1,용도지역코드,1330,자연녹지지역,1,0,,자연녹지지역,20221008
경상남도 양산시 상북면 소토리 97-7번지,48330,33023,0,0097,0007,12648138,,,,3,용도구역코드,010,도시계획구역,1,0,,도시계획구역,20221008
경상남도 양산시 상북면 소토리 97-7번지,48330,33023,0,0097,0007,1264100126762,,,,1,용도지역코드,UQA430,자연녹지지역,1,0,,자연녹지지역,20221008
경상남도 양산시 상북면 소토리 97-16번지,48330,33023,0,0097,0016,1264100021921,,,,1,용도지역코드,UQA430,자연녹지지역,1,0,,자연녹지지역,20221008
경상남도 양산시 상북면 소토리 97-29번지,48330,33023,0,0097,0029,1000000000000001007785,,,,1,용도지역코드,UQA430,자연녹지지역,1,0,,자연녹지지역,20260820
경상남도 양산시 상북면 소토리 97-31번지,48330,33023,0,0097,0031,1264100077439,,,,1,용도지역코드,UQA320,일반공업지역,1,0,,일반공업지역,20221008
경상남도 양산시 상북면 소토리 97-84번지,48330,33023,0,0097,0084,1264100056008,,,,1,용도지역코드,UQA320,일반공업지역,1,0,,일반공업지역,20221008
경상남도 양산시 상북면 소토리 97-86번지,48330,33023,0,0097,0086,1000000000000000657499,,,,3,용도구역코드,UMZ100,가축사육제한구역,1,0,,가축사육제한구역,20250702
경상남도 양산시 상북면 소토리 97-86번지,48330,33023,0,0097,0086,1000000000000000657499,,,,1,용도지역코드,UQA320,일반공업지역,1,0,,일반공업지역,20250702
경상남도 양산시 상북면 소토리 104번지,48330,33023,0,0104,0000,12646663,,,,1,용도지역코드,1220,일반공업지역,1,0,,일반공업지역,20221008
경상남도 양산시 상북면 소토리 104번지,48330,33023,0,0104,0000,12644398,,,,1,용도지역코드,1220,일반공업지역,1,0,,일반공업지역,20221008
경상남도 양산시 상북면 소토리 108번지,48330,33023,0,0108,0000,1000000000000000665647,,,,1,용도지역코드,UQA320,일반공업지역,1,0,,일반공업지역,20250708
경상남도 양산시 상북면 소토리 108번지,48330,33023,0,0108,0000,1000000000000000665647,,,,1,용도지역코드,UQA430,자연녹지지역,0,0,,자연녹지지역,20250708
경상남도 양산시 상북면 소토리 110-2번지,48330,33023,0,0110,0002,12645459,,,,1,용도지역코드,1220,일반공업지역,1,0,,일반공업지역,20221008
경상남도 양산시 상북면 소토리 110-2번지,48330,33023,0,0110,0002,1264100007788,,,,1,용도지역코드,1220,일반공업지역,1,0,,일반공업지역,20221008
경상남도 양산시 상북면 소토리 110-2번지,48330,33023,0,0110,0002,1264100015478,,,,1,용도지역코드,1220,일반공업지역,1,0,,일반공업지역,20221008
경상남도 양산시 상북면 소토리 111-2번지,48330,33023,0,0111,0002,1264100007787,,,,1,용도지역코드,1220,일반공업지역,1,0,,일반공업지역,20221008
경상남도 양산시 상북면 소토리 111-2번지,48330,33023,0,0111,0002,1264100011750,,,,1,용도지역코드,1220,일반공업지역,1,0,,일반공업지역,20221008
경상남도 양산시 상북면 소토리 112-1번지,48330,33023,0,0112,0001,12646606,,,,1,용도지역코드,1220,일반공업지역,1,0,,일반공업지역,20221008
경상남도 양산시 상북면 소토리 112-1번지,48330,33023,0,0112,0001,12645526,,,,1,용도지역코드,1220,일반공업지역,1,0,,일반공업지역,20221008
경상남도 양산시 상북면 소토리 112-1번지,48330,33023,0,0112,0001,1264100054849,,,,1,용도지역코드,UQA320,일반공업지역,1,0,,일반공업지역,20221008
경상남도 양산시 상북면 소토리 112-1번지,48330,33023,0,0112,0001,1264100041503,,,,1,용도지역코드,UQA320,일반공업지역,1,0,,일반공업지역,20221008
경상남도 양산시 상북면 소토리 112-1번지,48330,33023,0,0112,0001,1264100041503,,,,3,용도구역코드,,,1,0,,,20221008
경상남도 양산시 상북면 소토리 112-1번지,48330,33023,0,0112,0001,1264100112621,,,,1,용도지역코드,UQA320,일반공업지역,1,0,,일반공업지역,20221008
경상남도 양산시 상북면 소토리 112-1번지,48330,33023,0,0112,0001,1264100019225,,,,1,용도지역코드,1220,일반공업지역,1,0,,일반공업지역,20221008
경상남도 양산시 상북면 소토리 112-2번지,48330,33023,0,0112,0002,12646671,,,,1,용도지역코드,1220,일반공업지역,1,0,,일반공업지역,20221008
경상남도 양산시 상북면 소토리 112-2번지,48330,33023,0,0112,0002,1264100019719,,,,1,용도지역코드,1220,일반공업지역,1,0,,일반공업지역,20221008
경상남도 양산시 상북면 소토리 112-2번지,48330,33023,0,0112,0002,12647438,,,,1,용도지역코드,1220,일반공업지역,1,0,,일반공업지역,20221008
경상남도 양산시 상북면 소토리 112-2번지,48330,33023,0,0112,0002,12647459,,,,1,용도지역코드,1220,일반공업지역,1,0,,일반공업지역,20221008
경상남도 양산시 상북면 소토리 112-2번지,48330,33023,0,0112,0002,12646300,,,,1,용도지역코드,1220,일반공업지역,1,0,,일반공업지역,20221008
경상남도 양산시 상북면 소토리 113번지,48330,33023,0,0113,0000,12644591,,,113,1,용도지역코드,1220,일반공업지역,1,0,,일반공업지역,20221008
경상남도 양산시 상북면 소토리 113번지,48330,33023,0,0113,0000,1264100009972,,,,1,용도지역코드,1220,일반공업지역,1,0,,일반공업지역,20221008
경상남도 양산시 상북면 소토리 113번지,48330,33023,0,0113,0000,1264100036692,,,,1,용도지역코드,UQA320,일반공업지역,1,0,,일반공업지역,20221008
경상남도 양산시 상북면 소토리 113-2번지,48330,33023,0,0113,0002,12645753,,,,1,용도지역코드,1220,일반공업지역,1,0,,일반공업지역,20221008
경상남도 양산시 상북면 소토리 113-5번지,48330,33023,0,0113,0005,12645704,,,,1,용도지역코드,1220,일반공업지역,1,0,,일반공업지역,20221008
경상남도 양산시 상북면 소토리 114번지,48330,33023,0,0114,0000,12645973,,,,1,용도지역코드,1220,일반공업지역,1,0,,일반공업지역,20221008
경상남도 양산시 상북면 소토리 114번지,48330,33023,0,0114,0000,12644927,,,,1,용도지역코드,1220,일반공업지역,1,0,,일반공업지역,20221008
경상남도 양산시 상북면 소토리 115번지,48330,33023,0,0115,0000,12644695,외 3필지,,,1,용도지역코드,1220,일반공업지역,1,0,,일반공업지역,20221008
경상남도 양산시 상북면 소토리 115-3번지,48330,33023,0,0115,0003,12645560,,,,1,용도지역코드,1220,일반공업지역,1,0,,일반공업지역,20221008
경상남도 양산시 상북면 소토리 115-7번지,48330,33023,0,0115,0007,1000000000000000851129,,,,1,용도지역코드,UQA320,일반공업지역,1,0,,일반공업지역,20251128
경상남도 양산시 상북면 소토리 115-7번지,48330,33023,0,0115,0007,1000000000000000843064,,,,1,용도지역코드,UQA320,일반공업지역,1,0,,일반공업지역,20260202
경상남도 양산시 상북면 소토리 115-7번지,48330,33023,0,0115,0007,12645757,,,,1,용도지역코드,1220,일반공업지역,1,0,,일반공업지역,20221008
경상남도 양산시 상북면 소토리 117번지,48330,33023,0,0117,0000,1264100151791,,,,1,용도지역코드,UQA320,일반공업지역,1,0,,일반공업지역,20221008
경상남도 양산시 상북면 소토리 117번지,48330,33023,0,0117,0000,12646726,,,,1,용도지역코드,1220,일반공업지역,1,0,,일반공업지역,20221008
경상남도 양산시 상북면 소토리 117-3번지,48330,33023,0,0117,0003,12646755,,,,1,용도지역코드,1220,일반공업지역,1,0,,일반공업지역,20221008
경상남도 양산시 상북면 소토리 117-4번지,48330,33023,0,0117,0004,12647316,,,,1,용도지역코드,1220,일반공업지역,1,0,,일반공업지역,20221008
경상남도 양산시 상북면 소토리 117-4번지,48330,33023,0,0117,0004,1264100021305,,,,1,용도지역코드,1220,일반공업지역,1,0,,일반공업지역,20221008
경상남도 양산시 상북면 소토리 118번지,48330,33023,0,0118,0000,12646794,,,,1,용도지역코드,1220,일반공업지역,1,0,,일반공업지역,20221008
경상남도 양산시 상북면 소토리 118-4번지,48330,33023,0,0118,0004,1264100058434,,,,1,용도지역코드,UQA320,일반공업지역,1,0,,일반공업지역,20221008
경상남도 양산시 상북면 소토리 118-4번지,48330,33023,0,0118,0004,1264100026711,,,,1,용도지역코드,UQA320,일반공업지역,1,0,,일반공업지역,20221008
경상남도 양산시 상북면 소토리 118-10번지,48330,33023,0,0118,0010,12647498,,,,1,용도지역코드,1220,일반공업지역,1,0,,일반공업지역,20221008
경상남도 양산시 상북면 소토리 120번지,48330,33023,0,0120,0000,12645555,,,,1,용도지역코드,1220,일반공업지역,1,0,,일반공업지역,20221008
경상남도 양산시 상북면 소토리 120-2번지,48330,33023,0,0120,0002,12644367,,,,1,용도지역코드,1220,일반공업지역,1,0,,일반공업지역,20221008
경상남도 양산시 상북면 소토리 121번지,48330,33023,0,0121,0000,1264100149356,,,,1,용도지역코드,UQA320,일반공업지역,1,0,,일반공업지역,20221008
경상남도 양산시 상북면 소토리 122번지,48330,33023,0,0122,0000,12644351,경상남도 양산시 상북면 소토리,122,,1,용도지역코드,1220,일반공업지역,1,0,,일반공업지역,20221008
경상남도 양산시 상북면 소토리 122-2번지,48330,33023,0,0122,0002,1264100149355,,,,1,용도지역코드,UQA320,일반공업지역,1,0,,일반공업지역,20221008
경상남도 양산시 상북면 소토리 127번지,48330,33023,0,0127,0000,12649546,,,,1,용도지역코드,1220,일반공업지역,1,0,,일반공업지역,20221008
경상남도 양산시 상북면 소토리 127-7번지,48330,33023,0,0127,0007,1264100130386,,,,1,용도지역코드,UQA320,일반공업지역,1,0,,일반공업지역,20221008
경상남도 양산시 상북면 소토리 127-7번지,48330,33023,0,0127,0007,1264100130386,,,,3,용도구역코드,UMZ100,가축사육제한구역,1,0,,가축사육제한구역,20221008
경상남도 양산시 상북면 소토리 128-3번지,48330,33023,0,0128,0003,1264100112623,,,,1,용도지역코드,UQA320,일반공업지역,1,0,,일반공업지역,20221008
경상남도 양산시 상북면 소토리 128-3번지,48330,33023,0,0128,0003,1264100112623,,,,1,용도지역코드,UQA001,도시지역,0,0,,도시지역,20221008
경상남도 양산시 상북면 소토리 129번지,48330,33023,0,0129,0000,1264100015894,,,,1,용도지역코드,1220,일반공업지역,1,0,,일반공업지역,20221008
경상남도 양산시 상북면 소토리 129번지,48330,33023,0,0129,0000,1264100061639,,,,1,용도지역코드,UQA320,일반공업지역,1,0,,일반공업지역,20221008
경상남도 양산시 상북면 소토리 130번지,48330,33023,0,0130,0000,1264100015455,,,,1,용도지역코드,1220,일반공업지역,1,0,,일반공업지역,20221008
경상남도 양산시 상북면 소토리 130-1번지,48330,33023,0,0130,0001,1264100022851,,,,1,용도지역코드,UQA320,일반공업지역,1,0,,일반공업지역,20221008
경상남도 양산시 상북면 소토리 132-4번지,48330,33023,0,0132,0004,1264100020119,,,,1,용도지역코드,1220,일반공업지역,1,0,,일반공업지역,20221008
경상남도 양산시 상북면 소토리 132-6번지,48330,33023,0,0132,0006,1264100032930,,,,1,용도지역코드,UQA320,일반공업지역,1,0,,일반공업지역,20221008
경상남도 양산시 상북면 소토리 132-6번지,48330,33023,0,0132,0006,1264100008602,,,,1,용도지역코드,1220,일반공업지역,1,0,,일반공업지역,20221008
경상남도 양산시 상북면 소토리 132-8번지,48330,33023,0,0132,0008,1264100008601,,,,1,용도지역코드,1220,일반공업지역,1,0,,일반공업지역,20221008
경상남도 양산시 상북면 소토리 133-2번지,48330,33023,0,0133,0002,1264100095226,,,,1,용도지역코드,UQA320,일반공업지역,1,0,,일반공업지역,20221008
경상남도 양산시 상북면 소토리 133-2번지,48330,33023,0,0133,0002,1264100131724,,,,1,용도지역코드,UQA320,일반공업지역,1,0,,일반공업지역,20221008
경상남도 양산시 상북면 소토리 133-2번지,48330,33023,0,0133,0002,1264100026434,,,,1,용도지역코드,UQA320,일반공업지역,1,0,,일반공업지역,20221008
경상남도 양산시 상북면 소토리 133-8번지,48330,33023,0,0133,0008,1264100028518,,,,1,용도지역코드,UQA320,일반공업지역,1,0,,일반공업지역,20221008
경상남도 양산시 상북면 소토리 133-8번지,48330,33023,0,0133,0008,1264100029775,,,,1,용도지역코드,UQA320,일반공업지역,1,0,,일반공업지역,20221008
경상남도 양산시 상북면 소토리 133-9번지,48330,33023,0,0133,0009,1264100025209,,,,1,용도지역코드,UQA320,일반공업지역,1,0,,일반공업지역,20221008
경상남도 양산시 상북면 소토리 133-11번지,48330,33023,0,0133,0011,1264100042022,,,,1,용도지역코드,UQA320,일반공업지역,1,0,,일반공업지역,20221008
경상남도 양산시 상북면 소토리 133-11번지,48330,33023,0,0133,0011,1264100033626,,,,1,용도지역코드,UQA320,일반공업지역,1,0,,일반공업지역,20221008
경상남도 양산시 상북면 소토리 135번지,48330,33023,0,0135,0000,1264100009831,,,,1,용도지역코드,1220,일반공업지역,1,0,,일반공업지역,20221008
경상남도 양산시 상북면 소토리 135번지,48330,33023,0,0135,0000,1264100029335,,,,1,용도지역코드,UQA320,일반공업지역,1,0,,일반공업지역,20221008
경상남도 양산시 상북면 소토리 136번지,48330,33023,0,0136,0000,1264100010251,,,,1,용도지역코드,1220,일반공업지역,1,0,,일반공업지역,20221008
경상남도 양산시 상북면 소토리 136번지,48330,33023,0,0136,0000,12644446,,,,1,용도지역코드,1220,일반공업지역,1,0,,일반공업지역,20221008
경상남도 양산시 상북면 소토리 136번지,48330,33023,0,0136,0000,12646356,,,,1,용도지역코드,1220,일반공업지역,1,0,,일반공업지역,20221008
경상남도 양산시 상북면 소토리 136-2번지,48330,33023,0,0136,0002,12644975,,,,1,용도지역코드,1220,일반공업지역,1,0,,일반공업지역,20221008
경상남도 양산시 상북면 소토리 136-2번지,48330,33023,0,0136,0002,12644369,,,,1,용도지역코드,1220,일반공업지역,1,0,,일반공업지역,20221008
경상남도 양산시 상북면 소토리 136-10번지,48330,33023,0,0136,0010,1264100011630,,,,1,용도지역코드,1220,일반공업지역,1,0,,일반공업지역,20221008
경상남도 양산시 상북면 소토리 141번지,48330,33023,0,0141,0000,1000000000000000557504,,,,1,용도지역코드,UQA320,일반공업지역,1,0,,일반공업지역,20240719
경상남도 양산시 상북면 소토리 141번지,48330,33023,0,0141,0000,1000000000000000570932,,,,1,용도지역코드,UQA320,일반공업지역,1,0,,일반공업지역,20241023
경상남도 양산시 상북면 소토리 141번지,48330,33023,0,0141,0000,12645979,,,,1,용도지역코드,1220,일반공업지역,1,0,,일반공업지역,20221008
경상남도 양산시 상북면 소토리 141번지,48330,33023,0,0141,0000,12646060,,,,1,용도지역코드,1220,일반공업지역,1,0,,일반공업지역,20221008
경상남도 양산시 상북면 소토리 143-1번지,48330,33023,0,0143,0001,1264100004006,,,,1,용도지역코드,1220,일반공업지역,1,0,,일반공업지역,20221008
경상남도 양산시 상북면 소토리 143-2번지,48330,33023,0,0143,0002,12649480,,,,1,용도지역코드,1220,일반공업지역,1,0,,일반공업지역,20221008
경상남도 양산시 상북면 소토리 143-2번지,48330,33023,0,0143,0002,1264100016515,,,,1,용도지역코드,1220,일반공업지역,1,0,,일반공업지역,20221008
경상남도 양산시 상북면 소토리 143-2번지,48330,33023,0,0143,0002,12649332,,,,1,용도지역코드,1220,일반공업지역,1,0,,일반공업지역,20221008
경상남도 양산시 상북면 소토리 143-4번지,48330,33023,0,0143,0004,12648166,,,,1,용도지역코드,1220,일반공업지역,1,0,,일반공업지역,20221008
경상남도 양산시 상북면 소토리 144번지,48330,33023,0,0144,0000,12644786,,,,1,용도지역코드,1220,일반공업지역,1,0,,일반공업지역,20221008
경상남도 양산시 상북면 소토리 145번지,48330,33023,0,0145,0000,12649461,,,,1,용도지역코드,1220,일반공업지역,1,0,,일반공업지역,20221008
경상남도 양산시 상북면 소토리 145-4번지,48330,33023,0,0145,0004,12646001,,,,1,용도지역코드,1220,일반공업지역,1,0,,일반공업지역,20221008
경상남도 양산시 상북면 소토리 145-4번지,48330,33023,0,0145,0004,12644987,,,,1,용도지역코드,1220,일반공업지역,1,0,,일반공업지역,20221008
경상남도 양산시 상북면 소토리 146번지,48330,33023,0,0146,0000,12645282,,,,1,용도지역코드,1220,일반공업지역,1,0,,일반공업지역,20221008
경상남도 양산시 상북면 소토리 146번지,48330,33023,0,0146,0000,12646218,,,,1,용도지역코드,1220,일반공업지역,1,0,,일반공업지역,20221008
경상남도 양산시 상북면 소토리 147번지,48330,33023,0,0147,0000,12644355,,,,1,용도지역코드,1220,일반공업지역,1,0,,일반공업지역,20221008
경상남도 양산시 상북면 소토리 152번지,48330,33023,0,0152,0000,1264100155750,,,,1,용도지역코드,UQA320,일반공업지역,1,0,,일반공업지역,20221008
경상남도 양산시 상북면 소토리 154번지,48330,33023,0,0154,0000,1264100156550,,,,1,용도지역코드,UQA320,일반공업지역,1,0,,일반공업지역,20231121
경상남도 양산시 상북면 소토리 155번지,48330,33023,0,0155,0000,1000000000000000211021,,,,3,용도구역코드,UMZ100,가축사육제한구역,1,0,,가축사육제한구역,20230504
경상남도 양산시 상북면 소토리 155번지,48330,33023,0,0155,0000,1000000000000000211021,,,,1,용도지역코드,UQA320,일반공업지역,1,0,,일반공업지역,20230504
경상남도 양산시 상북면 소토리 156-4번지,48330,33023,0,0156,0004,1264100145664,,,,1,용도지역코드,UQA320,일반공업지역,1,0,,일반공업지역,20221008
경상남도 양산시 상북면 소토리 157-1번지,48330,33023,0,0157,0001,1264100146205,,,,1,용도지역코드,UQA320,일반공업지역,1,0,,일반공업지역,20221008
경상남도 양산시 상북면 소토리 157-2번지,48330,33023,0,0157,0002,1264100112818,,,,1,용도지역코드,UQA320,일반공업지역,1,0,,일반공업지역,20221008
경상남도 양산시 상북면 소토리 157-2번지,48330,33023,0,0157,0002,1264100112818,,,,3,용도구역코드,UMZ100,가축사육제한구역,1,0,,가축사육제한구역,20221008
경상남도 양산시 상북면 소토리 157-5번지,48330,33023,0,0157,0005,1264100147124,,,,1,용도지역코드,UQA320,일반공업지역,1,0,,일반공업지역,20221008
경상남도 양산시 상북면 소토리 160-1번지,48330,33023,0,0160,0001,1264100149972,,,,1,용도지역코드,UQA320,일반공업지역,1,0,,일반공업지역,20221008
경상남도 양산시 상북면 소토리 160-1번지,48330,33023,0,0160,0001,1264100028489,,,,1,용도지역코드,UQA320,일반공업지역,1,0,,일반공업지역,20221008
경상남도 양산시 상북면 소토리 160-2번지,48330,33023,0,0160,0002,1264100018976,,,,1,용도지역코드,1220,일반공업지역,1,0,,일반공업지역,20221008
경상남도 양산시 상북면 소토리 160-2번지,48330,33023,0,0160,0002,1264100008128,,,,1,용도지역코드,1220,일반공업지역,1,0,,일반공업지역,20221008
경상남도 양산시 상북면 소토리 160-3번지,48330,33023,0,0160,0003,1264100028514,,,,1,용도지역코드,UQA320,일반공업지역,1,0,,일반공업지역,20221008
경상남도 양산시 상북면 소토리 160-4번지,48330,33023,0,0160,0004,1264100075259,,,,1,용도지역코드,UQA320,일반공업지역,1,0,,일반공업지역,20221008
경상남도 양산시 상북면 소토리 160-4번지,48330,33023,0,0160,0004,1264100031621,,,,1,용도지역코드,UQA320,일반공업지역,1,0,,일반공업지역,20221008
경상남도 양산시 상북면 소토리 160-4번지,48330,33023,0,0160,0004,1264100043626,,,,1,용도지역코드,UQA320,일반공업지역,1,0,,일반공업지역,20221008
경상남도 양산시 상북면 소토리 160-5번지,48330,33023,0,0160,0005,1264100017014,,,,1,용도지역코드,1220,일반공업지역,1,0,,일반공업지역,20221008
경상남도 양산시 상북면 소토리 160-15번지,48330,33023,0,0160,0015,1264100028832,,,,1,용도지역코드,UQA320,일반공업지역,1,0,,일반공업지역,20221008
경상남도 양산시 상북면 소토리 160-21번지,48330,33023,0,0160,0021,1264100037435,,,,1,용도지역코드,UQA320,일반공업지역,1,0,,일반공업지역,20221008
경상남도 양산시 상북면 소토리 160-21번지,48330,33023,0,0160,0021,1264100115585,,,,1,용도지역코드,UQA320,일반공업지역,1,0,,일반공업지역,20221008
경상남도 양산시 상북면 소토리 160-21번지,48330,33023,0,0160,0021,1264100115585,,,,3,용도구역코드,UMZ100,가축사육제한구역,1,0,,가축사육제한구역,20221008
경상남도 양산시 상북면 소토리 160-21번지,48330,33023,0,0160,0021,1264100153370,,,,1,용도지역코드,UQA320,일반공업지역,1,0,,일반공업지역,20221008
경상남도 양산시 상북면 소토리 160-21번지,48330,33023,0,0160,0021,1264100033405,,,,1,용도지역코드,UQA320,일반공업지역,1,0,,일반공업지역,20221008
경상남도 양산시 상북면 소토리 160-22번지,48330,33023,0,0160,0022,1264100155471,,,,1,용도지역코드,UQA320,일반공업지역,1,0,,일반공업지역,20240213
경상남도 양산시 상북면 소토리 160-23번지,48330,33023,0,0160,0023,1264100033345,,,,1,용도지역코드,UQA320,일반공업지역,1,0,,일반공업지역,20221008
경상남도 양산시 상북면 소토리 160-23번지,48330,33023,0,0160,0023,1264100100613,,,,1,용도지역코드,UQA320,일반공업지역,1,0,,일반공업지역,20221008
경상남도 양산시 상북면 소토리 160-26번지,48330,33023,0,0160,0026,1264100149352,,,,1,용도지역코드,UQA320,일반공업지역,1,0,,일반공업지역,20221008
경상남도 양산시 상북면 소토리 160-27번지,48330,33023,0,0160,0027,1264100154752,,,,1,용도지역코드,UQA320,일반공업지역,1,0,,일반공업지역,20231130
경상남도 양산시 상북면 소토리 162번지,48330,33023,0,0162,0000,1264100057129,,,,1,용도지역코드,UQA320,일반공업지역,1,0,,일반공업지역,20221008
경상남도 양산시 상북면 소토리 162번지,48330,33023,0,0162,0000,1264100073839,,,,1,용도지역코드,UQA320,일반공업지역,1,0,,일반공업지역,20221008
경상남도 양산시 상북면 소토리 162번지,48330,33023,0,0162,0000,1264100068019,,,,1,용도지역코드,UQA320,일반공업지역,1,0,,일반공업지역,20221008
경상남도 양산시 상북면 소토리 163번지,48330,33023,0,0163,0000,1264100041942,,,,1,용도지역코드,UQA320,일반공업지역,1,0,,일반공업지역,20221008
경상남도 양산시 상북면 소토리 163번지,48330,33023,0,0163,0000,12647571,,,,1,용도지역코드,1220,일반공업지역,1,0,,일반공업지역,20221008
경상남도 양산시 상북면 소토리 163번지,48330,33023,0,0163,0000,12647571,,,,3,용도구역코드,010,도시계획구역,1,0,,도시계획구역,20221008
경상남도 양산시 상북면 소토리 163번지,48330,33023,0,0163,0000,12649530,,,,1,용도지역코드,1220,일반공업지역,1,0,,일반공업지역,20221008
경상남도 양산시 상북면 소토리 167-1번지,48330,33023,0,0167,0001,1264100056669,,,,1,용도지역코드,UQA320,일반공업지역,1,0,,일반공업지역,20221008
경상남도 양산시 상북면 소토리 167-3번지,48330,33023,0,0167,0003,1264100051747,,,,1,용도지역코드,UQA320,일반공업지역,1,0,,일반공업지역,20221008
경상남도 양산시 상북면 소토리 167-8번지,48330,33023,0,0167,0008,1264100135063,,,,1,용도지역코드,UQA320,일반공업지역,1,0,,일반공업지역,20221008
경상남도 양산시 상북면 소토리 171-1번지,48330,33023,0,0171,0001,1264100049046,,,,1,용도지역코드,UQA320,일반공업지역,1,0,,일반공업지역,20221008
경상남도 양산시 상북면 소토리 171-2번지,48330,33023,0,0171,0002,1264100064279,,,,1,용도지역코드,UQA320,일반공업지역,1,0,,일반공업지역,20221008
경상남도 양산시 상북면 소토리 171-4번지,48330,33023,0,0171,0004,1264100058331,,,,1,용도지역코드,UQA320,일반공업지역,1,0,,일반공업지역,20221008
경상남도 양산시 상북면 소토리 171-9번지,48330,33023,0,0171,0009,1264100049045,,,,1,용도지역코드,UQA320,일반공업지역,1,0,,일반공업지역,20221008
경상남도 양산시 상북면 소토리 177번지,48330,33023,0,0177,0000,1264100079479,,,,1,용도지역코드,UQA320,일반공업지역,1,0,,일반공업지역,20221008
경상남도 양산시 상북면 소토리 177번지,48330,33023,0,0177,0000,1264100028909,,,,1,용도지역코드,UQA320,일반공업지역,1,0,,일반공업지역,20221008
경상남도 양산시 상북면 소토리 181-2번지,48330,33023,0,0181,0002,1264100008130,,,,1,용도지역코드,1220,일반공업지역,1,0,,일반공업지역,20221008
경상남도 양산시 상북면 소토리 181-7번지,48330,33023,0,0181,0007,1264100017775,,,,1,용도지역코드,1220,일반공업지역,1,0,,일반공업지역,20221008
경상남도 양산시 상북면 소토리 183번지,48330,33023,0,0183,0000,1264100065339,,,,1,용도지역코드,UQA320,일반공업지역,1,0,,일반공업지역,20221008
경상남도 양산시 상북면 소토리 183번지,48330,33023,0,0183,0000,1264100074899,,,,1,용도지역코드,UQA320,일반공업지역,1,0,,일반공업지역,20221008
경상남도 양산시 상북면 소토리 183번지,48330,33023,0,0183,0000,1264100122879,,,,1,용도지역코드,UQA320,일반공업지역,1,0,,일반공업지역,20221008
경상남도 양산시 상북면 소토리 183번지,48330,33023,0,0183,0000,1264100122879,,,,3,용도구역코드,UMZ100,가축사육제한구역,1,0,,가축사육제한구역,20221008
경상남도 양산시 상북면 소토리 183번지,48330,33023,0,0183,0000,1264100013732,,,,1,용도지역코드,1220,일반공업지역,1,0,,일반공업지역,20221008
경상남도 양산시 상북면 소토리 190-3번지,48330,33023,0,0190,0003,1264100013175,,,,1,용도지역코드,1220,일반공업지역,1,0,,일반공업지역,20221008
경상남도 양산시 상북면 소토리 190-3번지,48330,33023,0,0190,0003,1264100034996,,,,1,용도지역코드,UQA320,일반공업지역,1,0,,일반공업지역,20221008
경상남도 양산시 상북면 소토리 243번지,48330,33023,0,0243,0000,12649396,,,,1,용도지역코드,1220,일반공업지역,1,0,,일반공업지역,20221008
경상남도 양산시 상북면 소토리 243-6번지,48330,33023,0,0243,0006,1264100028371,,,,1,용도지역코드,UQA320,일반공업지역,1,0,,일반공업지역,20221008
경상남도 양산시 상북면 소토리 243-6번지,48330,33023,0,0243,0006,1264100006306,,,,1,용도지역코드,1220,일반공업지역,1,0,,일반공업지역,20221008
경상남도 양산시 상북면 소토리 243-6번지,48330,33023,0,0243,0006,12649409,,,,1,용도지역코드,1220,일반공업지역,1,0,,일반공업지역,20221008
경상남도 양산시 상북면 소토리 244-1번지,48330,33023,0,0244,0001,12648121,,,,1,용도지역코드,1220,일반공업지역,1,0,,일반공업지역,20221008
경상남도 양산시 상북면 소토리 244-1번지,48330,33023,0,0244,0001,12648121,,,,3,용도구역코드,010,도시계획구역,1,0,,도시계획구역,20221008
경상남도 양산시 상북면 소토리 244-1번지,48330,33023,0,0244,0001,12649476,,,,1,용도지역코드,1220,일반공업지역,1,0,,일반공업지역,20221008
경상남도 양산시 상북면 소토리 244-4번지,48330,33023,0,0244,0004,1264100041342,,,,1,용도지역코드,UQA320,일반공업지역,1,0,,일반공업지역,20221008
경상남도 양산시 상북면 소토리 244-4번지,48330,33023,0,0244,0004,12648328,,,,1,용도지역코드,1220,일반공업지역,1,0,,일반공업지역,20221008
경상남도 양산시 상북면 소토리 244-4번지,48330,33023,0,0244,0004,12648089,,,,1,용도지역코드,1220,일반공업지역,1,0,,일반공업지역,20221008
경상남도 양산시 상북면 소토리 244-4번지,48330,33023,0,0244,0004,1264100010305,,,,1,용도지역코드,1220,일반공업지역,1,0,,일반공업지역,20221008
경상남도 양산시 상북면 소토리 244-10번지,48330,33023,0,0244,0010,1264100109916,,,,1,용도지역코드,UQA320,일반공업지역,1,0,,일반공업지역,20221008
경상남도 양산시 상북면 소토리 244-21번지,48330,33023,0,0244,0021,1264100018962,,,,1,용도지역코드,1220,일반공업지역,1,0,,일반공업지역,20221008
경상남도 양산시 상북면 소토리 244-21번지,48330,33023,0,0244,0021,1264100018962,,,,1,용도지역코드,1330,자연녹지지역,0,0,,자연녹지지역,20221008
경상남도 양산시 상북면 소토리 244-21번지,48330,33023,0,0244,0021,1264100014034,,,,1,용도지역코드,1220,일반공업지역,1,0,,일반공업지역,20221008
경상남도 양산시 상북면 소토리 244-21번지,48330,33023,0,0244,0021,12649462,,,,1,용도지역코드,1220,일반공업지역,1,0,,일반공업지역,20221008
경상남도 양산시 상북면 소토리 247-1번지,48330,33023,0,0247,0001,1264100061377,,,,1,용도지역코드,UQA320,일반공업지역,1,0,,일반공업지역,20221008
경상남도 양산시 상북면 소토리 247-1번지,48330,33023,0,0247,0001,12644928,,,,1,용도지역코드,1220,일반공업지역,1,0,,일반공업지역,20221008
경상남도 양산시 상북면 소토리 247-1번지,48330,33023,0,0247,0001,12646652,,,,1,용도지역코드,1220,일반공업지역,1,0,,일반공업지역,20221008
경상남도 양산시 상북면 소토리 247-1번지,48330,33023,0,0247,0001,1264100130984,,,,1,용도지역코드,UQA320,일반공업지역,1,0,,일반공업지역,20221008
경상남도 양산시 상북면 소토리 247-1번지,48330,33023,0,0247,0001,1264100130984,,,,3,용도구역코드,UMZ100,가축사육제한구역,1,0,,가축사육제한구역,20221008
경상남도 양산시 상북면 소토리 250번지,48330,33023,0,0250,0000,12646559,,,,1,용도지역코드,1220,일반공업지역,1,0,,일반공업지역,20221008
경상남도 양산시 상북면 소토리 250번지,48330,33023,0,0250,0000,12649456,,,,1,용도지역코드,1220,일반공업지역,1,0,,일반공업지역,20221008
경상남도 양산시 상북면 소토리 252번지,48330,33023,0,0252,0000,1264100029790,,,,1,용도지역코드,UQA320,일반공업지역,1,0,,일반공업지역,20221008
경상남도 양산시 상북면 소토리 253번지,48330,33023,0,0253,0000,1264100007966,,,,1,용도지역코드,1220,일반공업지역,1,0,,일반공업지역,20221008
경상남도 양산시 상북면 소토리 255-1번지,48330,33023,0,0255,0001,12648287,,,,1,용도지역코드,1220,일반공업지역,1,0,,일반공업지역,20221008
경상남도 양산시 상북면 소토리 256번지,48330,33023,0,0256,0000,1264100023469,,,,1,용도지역코드,UQA320,일반공업지역,1,0,,일반공업지역,20221008
경상남도 양산시 상북면 소토리 258-1번지,48330,33023,0,0258,0001,12648164,,,,1,용도지역코드,1220,일반공업지역,1,0,,일반공업지역,20221008
경상남도 양산시 상북면 소토리 258-3번지,48330,33023,0,0258,0003,12648351,,,,1,용도지역코드,1220,일반공업지역,1,0,,일반공업지역,20221008
경상남도 양산시 상북면 소토리 258-10번지,48330,33023,0,0258,0010,1264100063319,,,,1,용도지역코드,UQA320,일반공업지역,1,0,,일반공업지역,20221008
경상남도 양산시 상북면 소토리 258-10번지,48330,33023,0,0258,0010,12649359,,,,1,용도지역코드,1220,일반공업지역,1,0,,일반공업지역,20221008
경상남도 양산시 상북면 소토리 258-11번지,48330,33023,0,0258,0011,12648169,,,,1,용도지역코드,1220,일반공업지역,1,0,,일반공업지역,20221008
경상남도 양산시 상북면 소토리 258-11번지,48330,33023,0,0258,0011,12648169,,,,3,용도구역코드,010,도시계획구역,1,0,,도시계획구역,20221008
경상남도 양산시 상북면 소토리 258-13번지,48330,33023,0,0258,0013,12648167,,,,1,용도지역코드,1220,일반공업지역,1,0,,일반공업지역,20221008
경상남도 양산시 상북면 소토리 258-14번지,48330,33023,0,0258,0014,12648168,,,,1,용도지역코드,1220,일반공업지역,1,0,,일반공업지역,20221008
경상남도 양산시 상북면 소토리 258-15번지,48330,33023,0,0258,0015,1264100018034,,,,1,용도지역코드,1220,일반공업지역,1,0,,일반공업지역,20221008
경상남도 양산시 상북면 소토리 258-15번지,48330,33023,0,0258,0015,12648171,,,,1,용도지역코드,1220,일반공업지역,1,0,,일반공업지역,20221008
경상남도 양산시 상북면 소토리 258-15번지,48330,33023,0,0258,0015,12648171,,,,3,용도구역코드,010,도시계획구역,1,0,,도시계획구역,20221008
경상남도 양산시 상북면 소토리 258-15번지,48330,33023,0,0258,0015,1264100005630,,,,1,용도지역코드,1220,일반공업지역,1,0,,일반공업지역,20221008
경상남도 양산시 상북면 소토리 258-21번지,48330,33023,0,0258,0021,1264100086486,,,,1,용도지역코드,UQA430,자연녹지지역,1,0,,자연녹지지역,20221008
경상남도 양산시 상북면 소토리 258-30번지,48330,33023,0,0258,0030,1264100140504,,,,3,용도구역코드,UMZ100,가축사육제한구역,1,0,,가축사육제한구역,20221008
경상남도 양산시 상북면 소토리 258-30번지,48330,33023,0,0258,0030,1264100140504,,,,1,용도지역코드,UQA430,자연녹지지역,1,0,,자연녹지지역,20221008
경상남도 양산시 상북면 소토리 259번지,48330,33023,0,0259,0000,1264100032842,,,,1,용도지역코드,UQA320,일반공업지역,1,0,,일반공업지역,20221008
경상남도 양산시 상북면 소토리 259번지,48330,33023,0,0259,0000,1264100036675,,,,1,용도지역코드,UQA320,일반공업지역,1,0,,일반공업지역,20221008
경상남도 양산시 상북면 소토리 259-8번지,48330,33023,0,0259,0008,1264100037072,,,,1,용도지역코드,UQA320,일반공업지역,1,0,,일반공업지역,20221008
경상남도 양산시 상북면 소토리 260-1번지,48330,33023,0,0260,0001,1264100034735,,,,1,용도지역코드,UQA320,일반공업지역,1,0,,일반공업지역,20221008
경상남도 양산시 상북면 소토리 261번지,48330,33023,0,0261,0000,1264100037073,,,,1,용도지역코드,UQA320,일반공업지역,1,0,,일반공업지역,20221008
경상남도 양산시 상북면 소토리 264번지,48330,33023,0,0264,0000,12646761,,,,1,용도지역코드,1220,일반공업지역,1,0,,일반공업지역,20221008
경상남도 양산시 상북면 소토리 264번지,48330,33023,0,0264,0000,12647479,,,,1,용도지역코드,1220,일반공업지역,1,0,,일반공업지역,20221008
경상남도 양산시 상북면 소토리 264번지,48330,33023,0,0264,0000,12647479,,,,3,용도구역코드,010,도시계획구역,1,0,,도시계획구역,20221008
경상남도 양산시 상북면 소토리 264번지,48330,33023,0,0264,0000,1264100029452,,,,1,용도지역코드,UQA320,일반공업지역,1,0,,일반공업지역,20221008
경상남도 양산시 상북면 소토리 264번지,48330,33023,0,0264,0000,1264100032741,,,,1,용도지역코드,UQA320,일반공업지역,1,0,,일반공업지역,20221008
경상남도 양산시 상북면 소토리 265번지,48330,33023,0,0265,0000,1264100033649,,,,1,용도지역코드,UQA320,일반공업지역,1,0,,일반공업지역,20221008
경상남도 양산시 상북면 소토리 268-2번지,48330,33023,0,0268,0002,12644352,,,,1,용도지역코드,1220,일반공업지역,1,0,,일반공업지역,20221008
경상남도 양산시 상북면 소토리 268-2번지,48330,33023,0,0268,0002,12645469,,,,1,용도지역코드,1220,일반공업지역,1,0,,일반공업지역,20221008
경상남도 양산시 상북면 소토리 270-1번지,48330,33023,0,0270,0001,1264100071860,,,,1,용도지역코드,UQA320,일반공업지역,1,0,,일반공업지역,20221008
경상남도 양산시 상북면 소토리 273-3번지,48330,33023,0,0273,0003,12644477,,,,1,용도지역코드,1220,일반공업지역,1,0,,일반공업지역,20221008
경상남도 양산시 상북면 소토리 273-3번지,48330,33023,0,0273,0003,12645473,,,,1,용도지역코드,1220,일반공업지역,1,0,,일반공업지역,20221008
경상남도 양산시 상북면 소토리 276번지,48330,33023,0,0276,0000,1264100037333,,,,1,용도지역코드,UQA320,일반공업지역,1,0,,일반공업지역,20221008
경상남도 양산시 상북면 소토리 276-2번지,48330,33023,0,0276,0002,1264100108298,,,,1,용도지역코드,UQA320,일반공업지역,1,0,,일반공업지역,20221008
경상남도 양산시 상북면 소토리 276-2번지,48330,33023,0,0276,0002,1264100036793,,,,1,용도지역코드,UQA300,공업지역,1,0,,공업지역,20221008
경상남도 양산시 상북면 소토리 277-1번지,48330,33023,0,0277,0001,1264100139423,,,,1,용도지역코드,UQA320,일반공업지역,1,0,,일반공업지역,20221008
경상남도 양산시 상북면 소토리 277-1번지,48330,33023,0,0277,0001,1264100139423,,,,3,용도구역코드,UMZ100,가축사육제한구역,1,0,,가축사육제한구역,20221008
경상남도 양산시 상북면 소토리 277-1번지,48330,33023,0,0277,0001,12645077,,,,1,용도지역코드,1220,일반공업지역,1,0,,일반공업지역,20221008
경상남도 양산시 상북면 소토리 280번지,48330,33023,0,0280,0000,1264100021361,,,,1,용도지역코드,1220,일반공업지역,1,0,,일반공업지역,20221008
경상남도 양산시 상북면 소토리 280번지,48330,33023,0,0280,0000,1264100015259,,,,1,용도지역코드,1220,일반공업지역,1,0,,일반공업지역,20221008
경상남도 양산시 상북면 소토리 281-2번지,48330,33023,0,0281,0002,1264100014994,,,,1,용도지역코드,1220,일반공업지역,1,0,,일반공업지역,20221008
경상남도 양산시 상북면 소토리 283-1번지,48330,33023,0,0283,0001,12644476,,,,1,용도지역코드,1220,일반공업지역,1,0,,일반공업지역,20221008
경상남도 양산시 상북면 소토리 283-1번지,48330,33023,0,0283,0001,12644021,,,,1,용도지역코드,1220,일반공업지역,1,0,,일반공업지역,20221008
경상남도 양산시 상북면 소토리 284-4번지,48330,33023,0,0284,0004,1264100156890,,,,1,용도지역코드,UQA320,일반공업지역,1,0,,일반공업지역,20221008
경상남도 양산시 상북면 소토리 284-4번지,48330,33023,0,0284,0004,1264100151812,,,,1,용도지역코드,UQA320,일반공업지역,1,0,,일반공업지역,20221008
경상남도 양산시 상북면 소토리 284-5번지,48330,33023,0,0284,0005,12642790,,,,1,용도지역코드,1220,일반공업지역,1,0,,일반공업지역,20221008
경상남도 양산시 상북면 소토리 284-5번지,48330,33023,0,0284,0005,12645102,,,,1,용도지역코드,1220,일반공업지역,1,0,,일반공업지역,20221008
경상남도 양산시 상북면 소토리 284-6번지,48330,33023,0,0284,0006,1264100004005,,,,1,용도지역코드,1220,일반공업지역,1,0,,일반공업지역,20221008
경상남도 양산시 상북면 소토리 285번지,48330,33023,0,0285,0000,12642545,,,,1,용도지역코드,1220,일반공업지역,1,0,,일반공업지역,20221008
경상남도 양산시 상북면 소토리 285번지,48330,33023,0,0285,0000,12642491,,,,1,용도지역코드,1220,일반공업지역,1,0,,일반공업지역,20221008
경상남도 양산시 상북면 소토리 287-2번지,48330,33023,0,0287,0002,1264100027172,,,,1,용도지역코드,UQA320,일반공업지역,1,0,,일반공업지역,20221008
경상남도 양산시 상북면 소토리 287-2번지,48330,33023,0,0287,0002,12647383,,,,1,용도지역코드,1220,일반공업지역,1,0,,일반공업지역,20221008
경상남도 양산시 상북면 소토리 287-2번지,48330,33023,0,0287,0002,12647383,,,,3,용도구역코드,010,도시계획구역,1,0,,도시계획구역,20221008
경상남도 양산시 상북면 소토리 287-2번지,48330,33023,0,0287,0002,1264100008951,,,,1,용도지역코드,1220,일반공업지역,1,0,,일반공업지역,20221008
경상남도 양산시 상북면 소토리 288-3번지,48330,33023,0,0288,0003,12648155,,,,1,용도지역코드,1220,일반공업지역,1,0,,일반공업지역,20221008
경상남도 양산시 상북면 소토리 288-4번지,48330,33023,0,0288,0004,12648131,,,,1,용도지역코드,1220,일반공업지역,1,0,,일반공업지역,20221008
경상남도 양산시 상북면 소토리 289-2번지,48330,33023,0,0289,0002,12646647,,,,1,용도지역코드,1220,일반공업지역,1,0,,일반공업지역,20221008
경상남도 양산시 상북면 소토리 289-2번지,48330,33023,0,0289,0002,12646716,,,,1,용도지역코드,1220,일반공업지역,1,0,,일반공업지역,20221008
경상남도 양산시 상북면 소토리 291-1번지,48330,33023,0,0291,0001,1264100021785,,,,1,용도지역코드,UQA320,일반공업지역,1,0,,일반공업지역,20221008
경상남도 양산시 상북면 소토리 292번지,48330,33023,0,0292,0000,12646011,,,,1,용도지역코드,1220,일반공업지역,1,0,,일반공업지역,20221008
경상남도 양산시 상북면 소토리 292번지,48330,33023,0,0292,0000,12644722,,,,1,용도지역코드,1220,일반공업지역,1,0,,일반공업지역,20221008
경상남도 양산시 상북면 소토리 294-5번지,48330,33023,0,0294,0005,1264100027872,,,,1,용도지역코드,UQA320,일반공업지역,1,0,,일반공업지역,20221008
경상남도 양산시 상북면 소토리 294-5번지,48330,33023,0,0294,0005,1264100027872,,,,3,용도구역코드,UOA120,상대보호구역,1,0,,상대정화구역,20221008
경상남도 양산시 상북면 소토리 306번지,48330,33023,0,0306,0000,1264100060792,,,,1,용도지역코드,UQA430,자연녹지지역,1,0,,자연녹지지역,20221008
경상남도 양산시 상북면 소토리 306번지,48330,33023,0,0306,0000,1264100060792,,,,2,용도지구코드,UQM110,자연취락지구,1,0,,자연취락지구,20221008
경상남도 양산시 상북면 소토리 314-5번지,48330,33023,0,0314,0005,1264100125481,,,,1,용도지역코드,UQA430,자연녹지지역,1,0,,자연녹지지역,20221008
경상남도 양산시 상북면 소토리 318-1번지,48330,33023,0,0318,0001,1264100117739,,,,1,용도지역코드,UQA430,자연녹지지역,1,0,,자연녹지지역,20221008
경상남도 양산시 상북면 소토리 318-1번지,48330,33023,0,0318,0001,1264100117739,,,,2,용도지구코드,UQM110,자연취락지구,1,0,,자연취락지구,20221008
경상남도 양산시 상북면 소토리 318-1번지,48330,33023,0,0318,0001,1264100117739,,,,3,용도구역코드,UMZ100,가축사육제한구역,1,0,,가축사육제한구역,20221008
경상남도 양산시 상북면 소토리 318-1번지,48330,33023,0,0318,0001,1264100117337,,,,1,용도지역코드,UQA430,자연녹지지역,1,0,,자연녹지지역,20221008
경상남도 양산시 상북면 소토리 318-1번지,48330,33023,0,0318,0001,1264100117337,,,,2,용도지구코드,UQM110,자연취락지구,1,0,,자연취락지구,20221008
경상남도 양산시 상북면 소토리 318-1번지,48330,33023,0,0318,0001,1264100117337,,,,3,용도구역코드,UMZ100,가축사육제한구역,1,0,,가축사육제한구역,20221008
경상남도 양산시 상북면 소토리 322번지,48330,33023,0,0322,0000,1264100143963,,,,3,용도구역코드,UMZ100,가축사육제한구역,1,0,,가축사육제한구역,20230705
경상남도 양산시 상북면 소토리 322번지,48330,33023,0,0322,0000,1264100143963,,,,1,용도지역코드,UQA430,자연녹지지역,1,0,,자연녹지지역,20230705
경상남도 양산시 상북면 소토리 327-1번지,48330,33023,0,0327,0001,1264100028270,,,,1,용도지역코드,UQA430,자연녹지지역,1,0,,자연녹지지역,20221008
경상남도 양산시 상북면 소토리 327-1번지,48330,33023,0,0327,0001,1264100028270,,,,2,용도지구코드,UQM110,자연취락지구,1,0,,자연취락지구,20221008
경상남도 양산시 상북면 소토리 331-2번지,48330,33023,0,0331,0002,1000000000000000483147,,,,2,용도지구코드,UQM110,자연취락지구,1,0,,자연취락지구,20260112
경상남도 양산시 상북면 소토리 331-2번지,48330,33023,0,0331,0002,1000000000000000483147,,,,1,용도지역코드,UQA430,자연녹지지역,1,0,,자연녹지지역,20260112
경상남도 양산시 상북면 소토리 367번지,48330,33023,0,0367,0000,1000000000000000305901,,,,1,용도지역코드,UQA430,자연녹지지역,1,0,,자연녹지지역,20230601
경상남도 양산시 상북면 소토리 381-1번지,48330,33023,0,0381,0001,1264100153013,,,,1,용도지역코드,UQA430,자연녹지지역,1,0,,자연녹지지역,20221008
경상남도 양산시 상북면 소토리 387번지,48330,33023,0,0387,0000,1264100024269,,,,1,용도지역코드,UQA430,자연녹지지역,1,0,,자연녹지지역,20221008
경상남도 양산시 상북면 소토리 387번지,48330,33023,0,0387,0000,1264100024269,,,,2,용도지구코드,UQM110,자연취락지구,1,0,,자연취락지구,20221008
경상남도 양산시 상북면 소토리 389번지,48330,33023,0,0389,0000,12644384,,,,1,용도지역코드,1330,자연녹지지역,1,0,,자연녹지지역,20221008
경상남도 양산시 상북면 소토리 389번지,48330,33023,0,0389,0000,12644384,,,,2,용도지구코드,011,자연취락지구,1,0,,자연취락지구,20221008
경상남도 양산시 상북면 소토리 397번지,48330,33023,0,0397,0000,12646623,,,,1,용도지역코드,1330,자연녹지지역,1,0,,자연녹지지역,20221008
경상남도 양산시 상북면 소토리 397번지,48330,33023,0,0397,0000,12646623,,,,2,용도지구코드,011,자연취락지구,1,0,,자연취락지구,20221008
경상남도 양산시 상북면 소토리 401-2번지,48330,33023,0,0401,0002,1264100158250,,,,2,용도지구코드,UQM110,자연취락지구,1,0,,자연취락지구,20221214
경상남도 양산시 상북면 소토리 401-2번지,48330,33023,0,0401,0002,1264100158250,,,,1,용도지역코드,UQA430,자연녹지지역,1,0,,자연녹지지역,20221214
경상남도 양산시 상북면 소토리 401-2번지,48330,33023,0,0401,0002,1264100158250,,,,3,용도구역코드,UMZ100,가축사육제한구역,1,0,,가축사육제한구역,20221214
경상남도 양산시 상북면 소토리 401-2번지,48330,33023,0,0401,0002,1000000000000000318484,,,,2,용도지구코드,UQM110,자연취락지구,1,0,,자연취락지구,20230828
경상남도 양산시 상북면 소토리 401-2번지,48330,33023,0,0401,0002,1000000000000000318484,,,,1,용도지역코드,UQA430,자연녹지지역,1,0,,자연녹지지역,20230828
경상남도 양산시 상북면 소토리 401-2번지,48330,33023,0,0401,0002,1264100134704,,,,1,용도지역코드,UQA430,자연녹지지역,1,0,,자연녹지지역,20221008
경상남도 양산시 상북면 소토리 401-2번지,48330,33023,0,0401,0002,1264100134704,,,,2,용도지구코드,UQM110,자연취락지구,1,0,,자연취락지구,20221008
경상남도 양산시 상북면 소토리 402-1번지,48330,33023,0,0402,0001,12644385,,,,1,용도지역코드,1330,자연녹지지역,1,0,,자연녹지지역,20221008
경상남도 양산시 상북면 소토리 402-1번지,48330,33023,0,0402,0001,12644385,,,,2,용도지구코드,011,자연취락지구,1,0,,자연취락지구,20221008
경상남도 양산시 상북면 소토리 403-3번지,48330,33023,0,0403,0003,12646557,,,,1,용도지역코드,1330,자연녹지지역,1,0,,자연녹지지역,20221008
경상남도 양산시 상북면 소토리 403-3번지,48330,33023,0,0403,0003,12646557,,,,2,용도지구코드,011,자연취락지구,1,0,,자연취락지구,20221008
경상남도 양산시 상북면 소토리 403-5번지,48330,33023,0,0403,0005,1264100020565,,,,1,용도지역코드,1330,자연녹지지역,1,0,,자연녹지지역,20221008
경상남도 양산시 상북면 소토리 403-5번지,48330,33023,0,0403,0005,1264100020565,,,,2,용도지구코드,011,자연취락지구,1,0,,자연취락지구,20221008
경상남도 양산시 상북면 소토리 406-8번지,48330,33023,0,0406,0008,1264100032298,,,,1,용도지역코드,UQA430,자연녹지지역,1,0,,자연녹지지역,20221008
경상남도 양산시 상북면 소토리 412번지,48330,33023,0,0412,0000,1264100119221,,,,1,용도지역코드,UQA320,일반공업지역,1,0,,일반공업지역,20221008
경상남도 양산시 상북면 소토리 412번지,48330,33023,0,0412,0000,1264100099554,,,,1,용도지역코드,UQA320,일반공업지역,1,0,,일반공업지역,20221008
경상남도 양산시 상북면 소토리 412-6번지,48330,33023,0,0412,0006,1264100111799,,,,1,용도지역코드,UQA320,일반공업지역,1,0,,일반공업지역,20221008
경상남도 양산시 상북면 소토리 412-7번지,48330,33023,0,0412,0007,1264100144723,,,,1,용도지역코드,UQA320,일반공업지역,1,0,,일반공업지역,20221008
경상남도 양산시 상북면 소토리 412-7번지,48330,33023,0,0412,0007,1264100111816,,,,1,용도지역코드,UQA320,일반공업지역,1,0,,일반공업지역,20221008
경상남도 양산시 상북면 소토리 412-8번지,48330,33023,0,0412,0008,1264100075399,,,,1,용도지역코드,UQA320,일반공업지역,1,0,,일반공업지역,20221008
경상남도 양산시 상북면 소토리 412-9번지,48330,33023,0,0412,0009,1264100075400,,,,1,용도지역코드,UQA320,일반공업지역,1,0,,일반공업지역,20221008
경상남도 양산시 상북면 소토리 412-9번지,48330,33023,0,0412,0009,1264100122139,,,,1,용도지역코드,UQA320,일반공업지역,1,0,,일반공업지역,20221008
경상남도 양산시 상북면 소토리 417번지,48330,33023,0,0417,0000,12643898,,,,1,용도지역코드,1220,일반공업지역,1,0,,일반공업지역,20221008
경상남도 양산시 상북면 소토리 418-2번지,48330,33023,0,0418,0002,1264100144883,,,,1,용도지역코드,UQA320,일반공업지역,1,0,,일반공업지역,20221008
경상남도 양산시 상북면 소토리 418-2번지,48330,33023,0,0418,0002,1264100144883,,,,3,용도구역코드,UMZ100,가축사육제한구역,1,0,,가축사육제한구역,20221008
경상남도 양산시 상북면 소토리 418-2번지,48330,33023,0,0418,0002,1264100144883,,,,3,용도구역코드,UOA120,상대보호구역,0,0,,상대보호구역,20221008
경상남도 양산시 상북면 소토리 419-1번지,48330,33023,0,0419,0001,1264100060216,,,,1,용도지역코드,UQA320,일반공업지역,1,0,,일반공업지역,20221008
경상남도 양산시 상북면 소토리 419-1번지,48330,33023,0,0419,0001,1264100057829,,,,1,용도지역코드,UQA320,일반공업지역,1,0,,일반공업지역,20221008
경상남도 양산시 상북면 소토리 419-1번지,48330,33023,0,0419,0001,1264100057829,,,,3,용도구역코드,UOA120,상대보호구역,1,0,,상대정화구역,20221008
경상남도 양산시 상북면 소토리 419-1번지,48330,33023,0,0419,0001,1264100093701,,,,1,용도지역코드,UQA320,일반공업지역,1,0,,일반공업지역,20221008
경상남도 양산시 상북면 소토리 419-1번지,48330,33023,0,0419,0001,1264100093701,,,,3,용도구역코드,UOA120,상대보호구역,1,0,,상대정화구역,20221008
경상남도 양산시 상북면 소토리 419-1번지,48330,33023,0,0419,0001,1264100011370,,,,1,용도지역코드,1220,일반공업지역,1,0,,일반공업지역,20221008
경상남도 양산시 상북면 소토리 420번지,48330,33023,0,0420,0000,12645946,,,,1,용도지역코드,1220,일반공업지역,1,0,,일반공업지역,20221008
경상남도 양산시 상북면 소토리 420번지,48330,33023,0,0420,0000,1264100034755,,,,1,용도지역코드,UQA320,일반공업지역,1,0,,일반공업지역,20221008
경상남도 양산시 상북면 소토리 420번지,48330,33023,0,0420,0000,1264100034774,,,,1,용도지역코드,UQA320,일반공업지역,1,0,,일반공업지역,20221008
경상남도 양산시 상북면 소토리 421-1번지,48330,33023,0,0421,0001,12646077,,,,1,용도지역코드,1220,일반공업지역,1,0,,일반공업지역,20221008
경상남도 양산시 상북면 소토리 421-1번지,48330,33023,0,0421,0001,12645461,,,,1,용도지역코드,1220,일반공업지역,1,0,,일반공업지역,20221008
경상남도 양산시 상북면 소토리 421-1번지,48330,33023,0,0421,0001,12649441,,,,1,용도지역코드,1220,일반공업지역,1,0,,일반공업지역,20221008
경상남도 양산시 상북면 소토리 422-1번지,48330,33023,0,0422,0001,1264100004786,,,,1,용도지역코드,1220,일반공업지역,1,0,,일반공업지역,20221008
경상남도 양산시 상북면 소토리 423-1번지,48330,33023,0,0423,0001,1264100024349,,,,1,용도지역코드,UQA320,일반공업지역,1,0,,일반공업지역,20221008
경상남도 양산시 상북면 소토리 423-1번지,48330,33023,0,0423,0001,1264100024349,,,,3,용도구역코드,UOA120,상대보호구역,1,0,,상대정화구역,20221008
경상남도 양산시 상북면 소토리 423-1번지,48330,33023,0,0423,0001,12645562,,,,1,용도지역코드,1220,일반공업지역,1,0,,일반공업지역,20221008
경상남도 양산시 상북면 소토리 424-1번지,48330,33023,0,0424,0001,12645920,,,,1,용도지역코드,1220,일반공업지역,1,0,,일반공업지역,20221008
경상남도 양산시 상북면 소토리 424-1번지,48330,33023,0,0424,0001,12648262,,,,1,용도지역코드,1220,일반공업지역,1,0,,일반공업지역,20221008
경상남도 양산시 상북면 소토리 424-1번지,48330,33023,0,0424,0001,12649452,,,,1,용도지역코드,1220,일반공업지역,1,0,,일반공업지역,20221008
경상남도 양산시 상북면 소토리 428-5번지,48330,33023,0,0428,0005,12648103,,,,1,용도지역코드,1220,일반공업지역,1,0,,일반공업지역,20221008
경상남도 양산시 상북면 소토리 429-1번지,48330,33023,0,0429,0001,1000000000000000229918,,,,3,용도구역코드,UMZ100,가축사육제한구역,1,0,,가축사육제한구역,20230214
경상남도 양산시 상북면 소토리 429-1번지,48330,33023,0,0429,0001,1000000000000000229918,,,,1,용도지역코드,UQA320,일반공업지역,1,0,,일반공업지역,20230214
경상남도 양산시 상북면 소토리 429-1번지,48330,33023,0,0429,0001,1264100155810,,,,3,용도구역코드,UOA120,상대보호구역,0,0,,상대보호구역,20230118
경상남도 양산시 상북면 소토리 429-1번지,48330,33023,0,0429,0001,1264100155810,,,,3,용도구역코드,UMZ100,가축사육제한구역,1,0,,가축사육제한구역,20230118
경상남도 양산시 상북면 소토리 429-1번지,48330,33023,0,0429,0001,1264100155810,,,,1,용도지역코드,UQA320,일반공업지역,1,0,,일반공업지역,20230118
경상남도 양산시 상북면 소토리 429-1번지,48330,33023,0,0429,0001,1264100157670,,,,1,용도지역코드,UQA320,일반공업지역,1,0,,일반공업지역,20221116
경상남도 양산시 상북면 소토리 429-1번지,48330,33023,0,0429,0001,1264100157670,,,,3,용도구역코드,UMZ100,가축사육제한구역,1,0,,가축사육제한구역,20221116
경상남도 양산시 상북면 소토리 429-6번지,48330,33023,0,0429,0006,1000000000000000385622,,,,3,용도구역코드,UOA120,상대보호구역,0,0,,상대보호구역,20240122
경상남도 양산시 상북면 소토리 429-6번지,48330,33023,0,0429,0006,1000000000000000385622,,,,1,용도지역코드,UQA320,일반공업지역,1,0,,일반공업지역,20240122
경상남도 양산시 상북면 소토리 429-6번지,48330,33023,0,0429,0006,1000000000000000385622,,,,3,용도구역코드,UMZ100,가축사육제한구역,1,0,,가축사육제한구역,20240122
경상남도 양산시 상북면 소토리 429-6번지,48330,33023,0,0429,0006,1000000000000000385194,,,,3,용도구역코드,UMZ100,가축사육제한구역,1,0,,가축사육제한구역,20231010
경상남도 양산시 상북면 소토리 429-6번지,48330,33023,0,0429,0006,1000000000000000385194,,,,1,용도지역코드,UQA320,일반공업지역,1,0,,일반공업지역,20231010
경상남도 양산시 상북면 소토리 429-6번지,48330,33023,0,0429,0006,1000000000000000385194,,,,3,용도구역코드,UOA120,상대보호구역,0,0,,상대보호구역,20231010
경상남도 양산시 상북면 소토리 430번지,48330,33023,0,0430,0000,1264100009609,,,,1,용도지역코드,1220,일반공업지역,1,0,,일반공업지역,20221008
경상남도 양산시 상북면 소토리 432번지,48330,33023,0,0432,0000,12647659,,,,1,용도지역코드,1230,준공업지역,1,0,,준공업지역,20221008
경상남도 양산시 상북면 소토리 432번지,48330,33023,0,0432,0000,1264100082863,,,,1,용도지역코드,UQA330,준공업지역,1,0,,준공업지역,20221008
경상남도 양산시 상북면 소토리 432번지,48330,33023,0,0432,0000,1264100082863,,,,3,용도구역코드,UOA120,상대보호구역,1,0,,상대정화구역,20221008
경상남도 양산시 상북면 소토리 432-1번지,48330,33023,0,0432,0001,1264100004527,,,,1,용도지역코드,1220,일반공업지역,1,0,,일반공업지역,20221008
경상남도 양산시 상북면 소토리 433번지,48330,33023,0,0433,0000,1264100110299,,,,1,용도지역코드,UQA330,준공업지역,1,0,,준공업지역,20221008
경상남도 양산시 상북면 소토리 433번지,48330,33023,0,0433,0000,1264100110299,,,,3,용도구역코드,UMZ100,가축사육제한구역,1,0,,가축사육제한구역,20221008
경상남도 양산시 상북면 소토리 434번지,48330,33023,0,0434,0000,1264100021224,,,,1,용도지역코드,1230,준공업지역,1,0,,준공업지역,20221008
경상남도 양산시 상북면 소토리 434번지,48330,33023,0,0434,0000,1264100021224,,,,3,용도구역코드,272,상대정화구역,1,0,,상대정화구역,20221008
경상남도 양산시 상북면 소토리 435-4번지,48330,33023,0,0435,0004,12648485,,,,1,용도지역코드,1220,일반공업지역,1,0,,일반공업지역,20221008
경상남도 양산시 상북면 소토리 435-4번지,48330,33023,0,0435,0004,12647584,,,,1,용도지역코드,1220,일반공업지역,1,0,,일반공업지역,20221008
경상남도 양산시 상북면 소토리 435-6번지,48330,33023,0,0435,0006,12648413,,,,1,용도지역코드,1230,준공업지역,1,0,,준공업지역,20221008
경상남도 양산시 상북면 소토리 435-6번지,48330,33023,0,0435,0006,12648413,,,,3,용도구역코드,010,도시계획구역,1,0,,도시계획구역,20221008
경상남도 양산시 상북면 소토리 435-6번지,48330,33023,0,0435,0006,1264100082299,,,,1,용도지역코드,UQA330,준공업지역,1,0,,준공업지역,20221008
경상남도 양산시 상북면 소토리 435-6번지,48330,33023,0,0435,0006,1264100082299,,,,3,용도구역코드,UOA120,상대보호구역,1,0,,상대정화구역,20221008
경상남도 양산시 상북면 소토리 435-10번지,48330,33023,0,0435,0010,12648356,,,,1,용도지역코드,1230,준공업지역,1,0,,준공업지역,20221008
경상남도 양산시 상북면 소토리 437번지,48330,33023,0,0437,0000,1264100033084,,,,1,용도지역코드,UQA330,준공업지역,1,0,,준공업지역,20221008
경상남도 양산시 상북면 소토리 437번지,48330,33023,0,0437,0000,1264100033084,,,,3,용도구역코드,UOA120,상대보호구역,1,0,,상대정화구역,20221008
경상남도 양산시 상북면 소토리 437-4번지,48330,33023,0,0437,0004,1264100151693,,,,1,용도지역코드,UQA330,준공업지역,1,0,,준공업지역,20221008
경상남도 양산시 상북면 소토리 437-4번지,48330,33023,0,0437,0004,1264100151693,,,,3,용도구역코드,UMZ100,가축사육제한구역,1,0,,가축사육제한구역,20221008
경상남도 양산시 상북면 소토리 437-4번지,48330,33023,0,0437,0004,1264100151693,,,,3,용도구역코드,UOA120,상대보호구역,0,0,,상대보호구역,20221008
경상남도 양산시 상북면 소토리 437-4번지,48330,33023,0,0437,0004,1264100155150,,,,1,용도지역코드,UQA330,준공업지역,1,0,,준공업지역,20221008
경상남도 양산시 상북면 소토리 437-4번지,48330,33023,0,0437,0004,1264100155150,,,,3,용도구역코드,UOA120,상대보호구역,1,0,,상대보호구역,20221008
경상남도 양산시 상북면 소토리 437-4번지,48330,33023,0,0437,0004,1264100155150,,,,3,용도구역코드,UMZ100,가축사육제한구역,0,0,,가축사육제한구역,20221008
경상남도 양산시 상북면 소토리 437-4번지,48330,33023,0,0437,0004,1264100085806,,,,1,용도지역코드,UQA330,준공업지역,1,0,,준공업지역,20221008
경상남도 양산시 상북면 소토리 437-4번지,48330,33023,0,0437,0004,1264100085806,,,,3,용도구역코드,UOA120,상대보호구역,1,0,,상대정화구역,20221008
경상남도 양산시 상북면 소토리 437-5번지,48330,33023,0,0437,0005,1264100124639,,,,1,용도지역코드,UQA330,준공업지역,1,0,,준공업지역,20221008
경상남도 양산시 상북면 소토리 439-1번지,48330,33023,0,0439,0001,1264100004908,,,,1,용도지역코드,1230,준공업지역,1,0,,준공업지역,20221008
경상남도 양산시 상북면 소토리 439-2번지,48330,33023,0,0439,0002,1264100010449,,,,1,용도지역코드,1230,준공업지역,1,0,,준공업지역,20221008
경상남도 양산시 상북면 소토리 439-13번지,48330,33023,0,0439,0013,1264100118798,,,,1,용도지역코드,UQA320,일반공업지역,1,0,,일반공업지역,20221008
경상남도 양산시 상북면 소토리 439-13번지,48330,33023,0,0439,0013,1264100118798,,,,3,용도구역코드,UMZ100,가축사육제한구역,1,0,,가축사육제한구역,20221008
경상남도 양산시 상북면 소토리 439-13번지,48330,33023,0,0439,0013,1264100022406,,,,1,용도지역코드,UQA320,일반공업지역,1,0,,일반공업지역,20221008
경상남도 양산시 상북면 소토리 439-13번지,48330,33023,0,0439,0013,1264100022406,,,,3,용도구역코드,UOA120,상대보호구역,1,0,,상대정화구역,20221008
경상남도 양산시 상북면 소토리 439-15번지,48330,33023,0,0439,0015,1264100022631,,,,1,용도지역코드,UQA320,일반공업지역,1,0,,일반공업지역,20221008
경상남도 양산시 상북면 소토리 440-13번지,48330,33023,0,0440,0013,1264100010450,,,,1,용도지역코드,1230,준공업지역,1,0,,준공업지역,20221008
경상남도 양산시 상북면 소토리 445-15번지,48330,33023,0,0445,0015,12645764,,,,1,용도지역코드,1022,제2종일반주거지역,1,0,,제2종일반주거지역,20221008
경상남도 양산시 상북면 소토리 445-15번지,48330,33023,0,0445,0015,12645764,,,,3,용도구역코드,300,지구단위계획구역,1,0,,지구단위계획구역,20221008
경상남도 양산시 상북면 소토리 446번지,48330,33023,0,0446,0000,1264100031918,,,,1,용도지역코드,UQA330,준공업지역,1,0,,준공업지역,20221008
경상남도 양산시 상북면 소토리 449-1번지,48330,33023,0,0449,0001,12648198,,,,1,용도지역코드,1230,준공업지역,1,0,,준공업지역,20221008
경상남도 양산시 상북면 소토리 456-1번지,48330,33023,0,0456,0001,1264100019400,,,,1,용도지역코드,1230,준공업지역,1,0,,준공업지역,20221008
경상남도 양산시 상북면 소토리 456-1번지,48330,33023,0,0456,0001,12643213,,,,1,용도지역코드,1230,준공업지역,1,0,,준공업지역,20221008
경상남도 양산시 상북면 소토리 456-3번지,48330,33023,0,0456,0003,1264100023406,,,,1,용도지역코드,UQA330,준공업지역,1,0,,준공업지역,20221008
경상남도 양산시 상북면 소토리 456-4번지,48330,33023,0,0456,0004,1264100045965,,,,1,용도지역코드,UQA330,준공업지역,1,0,,준공업지역,20221008
경상남도 양산시 상북면 소토리 456-4번지,48330,33023,0,0456,0004,12644102,,,,1,용도지역코드,1230,준공업지역,1,0,,준공업지역,20221008
경상남도 양산시 상북면 소토리 456-4번지,48330,33023,0,0456,0004,1264100050308,,,,1,용도지역코드,UQA330,준공업지역,1,0,,준공업지역,20221008
경상남도 양산시 상북면 소토리 456-5번지,48330,33023,0,0456,0005,1264100023706,,,,1,용도지역코드,UQA330,준공업지역,1,0,,준공업지역,20221008
경상남도 양산시 상북면 소토리 456-5번지,48330,33023,0,0456,0005,1264100105895,,,,1,용도지역코드,UQA330,준공업지역,1,0,,준공업지역,20221008
경상남도 양산시 상북면 소토리 456-5번지,48330,33023,0,0456,0005,12648348,,,,1,용도지역코드,UQA330,준공업지역,1,0,,준공업지역,20221008
경상남도 양산시 상북면 소토리 456-8번지,48330,33023,0,0456,0008,12641202,,,,1,용도지역코드,0100,도시지역,1,0,,도시지역,20221008
경상남도 양산시 상북면 소토리 456-8번지,48330,33023,0,0456,0008,12641202,,,,1,용도지역코드,1230,준공업지역,0,0,,준공업지역,20221008
경상남도 양산시 상북면 소토리 456-8번지,48330,33023,0,0456,0008,1264100009531,,,,1,용도지역코드,1230,준공업지역,1,0,,준공업지역,20221008
경상남도 양산시 상북면 소토리 457-1번지,48330,33023,0,0457,0001,1264100026752,,,,1,용도지역코드,UQA330,준공업지역,1,0,,준공업지역,20221008
경상남도 양산시 상북면 소토리 457-2번지,48330,33023,0,0457,0002,1264100026254,,,,1,용도지역코드,UQA330,준공업지역,1,0,,준공업지역,20221008
경상남도 양산시 상북면 소토리 457-2번지,48330,33023,0,0457,0002,1264100026254,,,,3,용도구역코드,UOA120,상대보호구역,1,0,,상대정화구역,20221008
경상남도 양산시 상북면 소토리 459-1번지,48330,33023,0,0459,0001,12646699,,,,1,용도지역코드,1230,준공업지역,1,0,,준공업지역,20221008
경상남도 양산시 상북면 소토리 459-1번지,48330,33023,0,0459,0001,1264100025654,,,,1,용도지역코드,UQA330,준공업지역,1,0,,준공업지역,20221008
경상남도 양산시 상북면 소토리 459-3번지,48330,33023,0,0459,0003,12646827,,,,1,용도지역코드,1230,준공업지역,1,0,,준공업지역,20221008
경상남도 양산시 상북면 소토리 459-3번지,48330,33023,0,0459,0003,12645838,,,,1,용도지역코드,1230,준공업지역,1,0,,준공업지역,20221008
경상남도 양산시 상북면 소토리 459-5번지,48330,33023,0,0459,0005,12648034,,,,1,용도지역코드,1230,준공업지역,1,0,,준공업지역,20221008
경상남도 양산시 상북면 소토리 459-5번지,48330,33023,0,0459,0005,12646329,,,,1,용도지역코드,1230,준공업지역,1,0,,준공업지역,20221008
경상남도 양산시 상북면 소토리 459-5번지,48330,33023,0,0459,0005,1264100017634,,,,1,용도지역코드,1230,준공업지역,1,0,,준공업지역,20221008
경상남도 양산시 상북면 소토리 459-7번지,48330,33023,0,0459,0007,12643290,,,,1,용도지역코드,1230,준공업지역,1,0,,준공업지역,20221008
경상남도 양산시 상북면 소토리 459-7번지,48330,33023,0,0459,0007,12648915,,,,1,용도지역코드,0100,도시지역,0,0,,도시지역,20221008
경상남도 양산시 상북면 소토리 459-7번지,48330,33023,0,0459,0007,12648915,,,,1,용도지역코드,1230,준공업지역,1,0,,준공업지역,20221008
경상남도 양산시 상북면 소토리 459-10번지,48330,33023,0,0459,0010,12648913,,,,1,용도지역코드,1230,준공업지역,1,0,,준공업지역,20221008
경상남도 양산시 상북면 소토리 459-10번지,48330,33023,0,0459,0010,1264100138666,,,,1,용도지역코드,UQA330,준공업지역,1,0,,준공업지역,20221008
경상남도 양산시 상북면 소토리 459-19번지,48330,33023,0,0459,0019,1264100035813,,,,1,용도지역코드,UQA330,준공업지역,1,0,,준공업지역,20221008
경상남도 양산시 상북면 소토리 459-19번지,48330,33023,0,0459,0019,1264100038993,,,,1,용도지역코드,UQA330,준공업지역,1,0,,준공업지역,20221008
경상남도 양산시 상북면 소토리 459-19번지,48330,33023,0,0459,0019,1264100035814,,,,1,용도지역코드,UQA330,준공업지역,1,0,,준공업지역,20221008
경상남도 양산시 상북면 소토리 466-1번지,48330,33023,0,0466,0001,1264100035292,,,,1,용도지역코드,UQA330,준공업지역,1,0,,준공업지역,20221008
경상남도 양산시 상북면 소토리 474-2번지,48330,33023,0,0474,0002,12642408,,,,1,용도지역코드,1230,준공업지역,1,0,,준공업지역,20221008
경상남도 양산시 상북면 소토리 475-1번지,48330,33023,0,0475,0001,1264100147691,,,,3,용도구역코드,UMZ100,가축사육제한구역,1,0,,가축사육제한구역,20221104
경상남도 양산시 상북면 소토리 475-1번지,48330,33023,0,0475,0001,1264100147691,,,,1,용도지역코드,UQA330,준공업지역,1,0,,준공업지역,20221104
경상남도 양산시 상북면 소토리 479-2번지,48330,33023,0,0479,0002,12648156,,,,1,용도지역코드,1230,준공업지역,1,0,,준공업지역,20221008
경상남도 양산시 상북면 소토리 479-2번지,48330,33023,0,0479,0002,12648156,,,,3,용도구역코드,010,도시계획구역,1,0,,도시계획구역,20221008
경상남도 양산시 상북면 소토리 479-2번지,48330,33023,0,0479,0002,12649478,,,,1,용도지역코드,1230,준공업지역,1,0,,준공업지역,20221008
경상남도 양산시 상북면 소토리 479-2번지,48330,33023,0,0479,0002,12649478,,,,3,용도구역코드,010,도시계획구역,1,0,,도시계획구역,20221008
경상남도 양산시 상북면 소토리 479-8번지,48330,33023,0,0479,0008,1264100055988,,,,1,용도지역코드,UQA330,준공업지역,1,0,,준공업지역,20221008
경상남도 양산시 상북면 소토리 479-8번지,48330,33023,0,0479,0008,12648952,,,,1,용도지역코드,1230,준공업지역,1,0,,준공업지역,20221008
경상남도 양산시 상북면 소토리 479-18번지,48330,33023,0,0479,0018,1264100043302,,,,1,용도지역코드,UQA330,준공업지역,1,0,,준공업지역,20221008
경상남도 양산시 상북면 소토리 479-19번지,48330,33023,0,0479,0019,12644474,,,,1,용도지역코드,1230,준공업지역,1,0,,준공업지역,20221008
경상남도 양산시 상북면 소토리 479-19번지,48330,33023,0,0479,0019,1264100104437,,,,1,용도지역코드,UQA330,준공업지역,1,0,,준공업지역,20221008
경상남도 양산시 상북면 소토리 479-19번지,48330,33023,0,0479,0019,12649464,,,,1,용도지역코드,1230,준공업지역,1,0,,준공업지역,20221008
경상남도 양산시 상북면 소토리 479-22번지,48330,33023,0,0479,0022,12643089,,,,1,용도지역코드,1230,준공업지역,1,0,,준공업지역,20221008
경상남도 양산시 상북면 소토리 479-25번지,48330,33023,0,0479,0025,12646323,,,,1,용도지역코드,1230,준공업지역,1,0,,준공업지역,20221008
경상남도 양산시 상북면 소토리 479-29번지,48330,33023,0,0479,0029,12646083,,,,1,용도지역코드,1230,준공업지역,1,0,,준공업지역,20221008
경상남도 양산시 상북면 소토리 479-29번지,48330,33023,0,0479,0029,12645451,,,,1,용도지역코드,1230,준공업지역,1,0,,준공업지역,20221008
경상남도 양산시 상북면 소토리 479-29번지,48330,33023,0,0479,0029,1264100134083,,,,1,용도지역코드,UQA330,준공업지역,1,0,,준공업지역,20221008
경상남도 양산시 상북면 소토리 479-29번지,48330,33023,0,0479,0029,1264100134083,,,,3,용도구역코드,UMZ999,가축사육제한구역기타,1,0,,가축사육제한구역기타,20221008
경상남도 양산시 상북면 소토리 479-34번지,48330,33023,0,0479,0034,1264100066903,,,,1,용도지역코드,UQA330,준공업지역,1,0,,준공업지역,20221008
경상남도 양산시 상북면 소토리 479-35번지,48330,33023,0,0479,0035,12643113,,,,1,용도지역코드,1230,준공업지역,1,0,,준공업지역,20221008
경상남도 양산시 상북면 소토리 479-37번지,48330,33023,0,0479,0037,1264100116678,,,,1,용도지역코드,UQA330,준공업지역,1,0,,준공업지역,20221008
경상남도 양산시 상북면 소토리 479-37번지,48330,33023,0,0479,0037,1264100024089,,,,1,용도지역코드,UQA330,준공업지역,1,0,,준공업지역,20221008
경상남도 양산시 상북면 소토리 479-98번지,48330,33023,0,0479,0098,1264100022221,,,,1,용도지역코드,UQA330,준공업지역,1,0,,준공업지역,20221008
경상남도 양산시 상북면 소토리 482-11번지,48330,33023,0,0482,0011,12646420,,,,1,용도지역코드,1230,준공업지역,1,0,,준공업지역,20221008
경상남도 양산시 상북면 소토리 482-14번지,48330,33023,0,0482,0014,1264100026629,,,,1,용도지역코드,UQA330,준공업지역,1,0,,준공업지역,20221008
경상남도 양산시 상북면 소토리 482-16번지,48330,33023,0,0482,0016,12641573,경상남도 양산시 상북면 소토리,482,16,1,용도지역코드,1230,준공업지역,1,0,,준공업지역,20221008
경상남도 양산시 상북면 소토리 482-19번지,48330,33023,0,0482,0019,12644393,,,,1,용도지역코드,1230,준공업지역,1,0,,준공업지역,20221008
경상남도 양산시 상북면 소토리 482-23번지,48330,33023,0,0482,0023,1264100081939,,,,1,용도지역코드,UQA330,준공업지역,1,0,,준공업지역,20221008
경상남도 양산시 상북면 소토리 482-23번지,48330,33023,0,0482,0023,1000000000000000400061,,,,1,용도지역코드,UQA330,준공업지역,1,0,,준공업지역,20240325
경상남도 양산시 상북면 소토리 482-23번지,48330,33023,0,0482,0023,1000000000000000400061,,,,3,용도구역코드,UMZ100,가축사육제한구역,1,0,,가축사육제한구역,20240325
경상남도 양산시 상북면 소토리 482-23번지,48330,33023,0,0482,0023,1264100084662,,,,1,용도지역코드,UQA330,준공업지역,1,0,,준공업지역,20221008
경상남도 양산시 상북면 소토리 482-23번지,48330,33023,0,0482,0023,1264100088522,,,,1,용도지역코드,UQA330,준공업지역,1,0,,준공업지역,20221008
경상남도 양산시 상북면 소토리 482-24번지,48330,33023,0,0482,0024,1264100026350,,,,1,용도지역코드,UQA330,준공업지역,1,0,,준공업지역,20221008
경상남도 양산시 상북면 소토리 482-24번지,48330,33023,0,0482,0024,1264100008273,,,,1,용도지역코드,1230,준공업지역,1,0,,준공업지역,20221008
경상남도 양산시 상북면 소토리 482-32번지,48330,33023,0,0482,0032,1000000000000001021787,,,,1,용도지역코드,UQA330,준공업지역,1,0,,준공업지역,20260831
경상남도 양산시 상북면 소토리 482-35번지,48330,33023,0,0482,0035,1264100061718,,,,1,용도지역코드,UQA330,준공업지역,1,0,,준공업지역,20221008
경상남도 양산시 상북면 소토리 482-44번지,48330,33023,0,0482,0044,1264100095191,,,,1,용도지역코드,UQA330,준공업지역,1,0,,준공업지역,20221008
경상남도 양산시 상북면 소토리 482-44번지,48330,33023,0,0482,0044,1264485,,,,1,용도지역코드,0800,경지지역,1,0,,경지지역,20221008
경상남도 양산시 상북면 소토리 482-55번지,48330,33023,0,0482,0055,1264479,,,,1,용도지역코드,0800,경지지역,1,0,,경지지역,20221008
경상남도 양산시 상북면 소토리 486-1번지,48330,33023,0,0486,0001,1264100058952,,,,1,용도지역코드,UQA330,준공업지역,1,0,,준공업지역,20221008
경상남도 양산시 상북면 소토리 488-4번지,48330,33023,0,0488,0004,12647414,,,,1,용도지역코드,1230,준공업지역,1,0,,준공업지역,20221008
경상남도 양산시 상북면 소토리 488-4번지,48330,33023,0,0488,0004,1264100028090,,,,1,용도지역코드,UQA330,준공업지역,1,0,,준공업지역,20221008
경상남도 양산시 상북면 소토리 489번지,48330,33023,0,0489,0000,1264100069740,,,,1,용도지역코드,UQA330,준공업지역,1,0,,준공업지역,20221008
경상남도 양산시 상북면 소토리 489번지,48330,33023,0,0489,0000,12647756,,,,1,용도지역코드,1230,준공업지역,1,0,,준공업지역,20221008
경상남도 양산시 상북면 소토리 490-1번지,48330,33023,0,0490,0001,12643267,,,,1,용도지역코드,1220,일반공업지역,1,0,,일반공업지역,20221008
경상남도 양산시 상북면 소토리 490-1번지,48330,33023,0,0490,0001,1264100021881,,,,1,용도지역코드,UQA330,준공업지역,1,0,,준공업지역,20221008
경상남도 양산시 상북면 소토리 490-4번지,48330,33023,0,0490,0004,12641490,,,,1,용도지역코드,1230,준공업지역,1,0,,준공업지역,20221008
경상남도 양산시 상북면 소토리 492번지,48330,33023,0,0492,0000,1264100024953,,,,1,용도지역코드,UQA330,준공업지역,1,0,,준공업지역,20221008
경상남도 양산시 상북면 소토리 493번지,48330,33023,0,0493,0000,12647666,,,,1,용도지역코드,1230,준공업지역,1,0,,준공업지역,20221008
경상남도 양산시 상북면 소토리 493번지,48330,33023,0,0493,0000,12642090,,,,1,용도지역코드,1230,준공업지역,1,0,,준공업지역,20221008
경상남도 양산시 상북면 소토리 493번지,48330,33023,0,0493,0000,12641817,,,,1,용도지역코드,1230,준공업지역,1,0,,준공업지역,20221008
경상남도 양산시 상북면 소토리 493번지,48330,33023,0,0493,0000,1264100004185,,,,1,용도지역코드,1230,준공업지역,1,0,,준공업지역,20221008
경상남도 양산시 상북면 소토리 493번지,48330,33023,0,0493,0000,12649458,,,,1,용도지역코드,1230,준공업지역,1,0,,준공업지역,20221008
경상남도 양산시 상북면 소토리 500-2번지,48330,33023,0,0500,0002,1264100010591,,,,1,용도지역코드,1230,준공업지역,1,0,,준공업지역,20221008
경상남도 양산시 상북면 소토리 500-2번지,48330,33023,0,0500,0002,1264100089421,,,,1,용도지역코드,UQA330,준공업지역,1,0,,준공업지역,20221008
경상남도 양산시 상북면 소토리 500-2번지,48330,33023,0,0500,0002,1264100098975,,,,1,용도지역코드,UQA330,준공업지역,1,0,,준공업지역,20221008
경상남도 양산시 상북면 소토리 500-2번지,48330,33023,0,0500,0002,1264100027430,,,,1,용도지역코드,1230,준공업지역,1,0,,준공업지역,20221008
경상남도 양산시 상북면 소토리 500-2번지,48330,33023,0,0500,0002,1000000000000000668059,,,,3,용도구역코드,UMZ100,가축사육제한구역,1,0,,가축사육제한구역,20250220
경상남도 양산시 상북면 소토리 500-2번지,48330,33023,0,0500,0002,1000000000000000668059,,,,1,용도지역코드,UQA330,준공업지역,1,0,,준공업지역,20250220
경상남도 양산시 상북면 소토리 501-3번지,48330,33023,0,0501,0003,12648301,,,,1,용도지역코드,1230,준공업지역,1,0,,준공업지역,20221008
경상남도 양산시 상북면 소토리 502-6번지,48330,33023,0,0502,0006,1264100082220,,,,1,용도지역코드,UQA330,준공업지역,1,0,,준공업지역,20221008
경상남도 양산시 상북면 소토리 502-10번지,48330,33023,0,0502,0010,1264100156490,,,,1,용도지역코드,UQA330,준공업지역,1,0,,준공업지역,20230208
경상남도 양산시 상북면 소토리 502-24번지,48330,33023,0,0502,0024,1264100037372,,,,1,용도지역코드,UQA330,준공업지역,1,0,,준공업지역,20221008
경상남도 양산시 상북면 소토리 502-26번지,48330,33023,0,0502,0026,12648411,,,,1,용도지역코드,1230,준공업지역,1,0,,준공업지역,20221008
경상남도 양산시 상북면 소토리 502-30번지,48330,33023,0,0502,0030,1264100138826,,,,1,용도지역코드,UQA330,준공업지역,1,0,,준공업지역,20221008
경상남도 양산시 상북면 소토리 502-35번지,48330,33023,0,0502,0035,1000000000000000998612,,,,1,용도지역코드,UQA330,준공업지역,1,0,,준공업지역,20260722
경상남도 양산시 상북면 소토리 502-35번지,48330,33023,0,0502,0035,12648339,,,,1,용도지역코드,1230,준공업지역,1,0,,준공업지역,20221008
경상남도 양산시 상북면 소토리 502-35번지,48330,33023,0,0502,0035,12648339,,,,3,용도구역코드,010,도시계획구역,1,0,,도시계획구역,20221008
경상남도 양산시 상북면 소토리 502-35번지,48330,33023,0,0502,0035,1264100019558,,,,1,용도지역코드,1230,준공업지역,1,0,,준공업지역,20221008
경상남도 양산시 상북면 소토리 502-37번지,48330,33023,0,0502,0037,1264100127623,,,,1,용도지역코드,UQA330,준공업지역,1,0,,준공업지역,20221008
경상남도 양산시 상북면 소토리 507-1번지,48330,33023,0,0507,0001,12646673,,,,1,용도지역코드,1230,준공업지역,1,0,,준공업지역,20221008
경상남도 양산시 상북면 소토리 507-1번지,48330,33023,0,0507,0001,1264100108317,,,,1,용도지역코드,UQA330,준공업지역,1,0,,준공업지역,20221008
경상남도 양산시 상북면 소토리 507-1번지,48330,33023,0,0507,0001,1264100034308,,,,1,용도지역코드,UQA330,준공업지역,1,0,,준공업지역,20221008
경상남도 양산시 상북면 소토리 507-9번지,48330,33023,0,0507,0009,12648482,,,,1,용도지역코드,1230,준공업지역,1,0,,준공업지역,20221008
경상남도 양산시 상북면 소토리 507-9번지,48330,33023,0,0507,0009,12646697,,,,1,용도지역코드,1230,준공업지역,1,0,,준공업지역,20221008
경상남도 양산시 상북면 소토리 519-5번지,48330,33023,0,0519,0005,1264100017616,,,,1,용도지역코드,1220,일반공업지역,1,0,,일반공업지역,20221008
경상남도 양산시 상북면 소토리 521-1번지,48330,33023,0,0521,0001,12641198,,,,1,용도지역코드,1220,일반공업지역,1,0,,일반공업지역,20221008
경상남도 양산시 상북면 소토리 521-2번지,48330,33023,0,0521,0002,1264100007946,,,,1,용도지역코드,1220,일반공업지역,1,0,,일반공업지역,20221008
경상남도 양산시 상북면 소토리 522번지,48330,33023,0,0522,0000,1264100127761,,,,1,용도지역코드,UQA320,일반공업지역,1,0,,일반공업지역,20221008
경상남도 양산시 상북면 소토리 526번지,48330,33023,0,0526,0000,12642194,,,,1,용도지역코드,1220,일반공업지역,1,0,,일반공업지역,20221008
경상남도 양산시 상북면 소토리 526번지,48330,33023,0,0526,0000,1000000000000001019649,,,,1,용도지역코드,UQA320,일반공업지역,1,0,,일반공업지역,20260826
경상남도 양산시 상북면 소토리 526번지,48330,33023,0,0526,0000,1000000000000001019649,,,,3,용도구역코드,UOC810,역사문화환경보전지역,1,0,,역사문화환경보전지역,20260826
경상남도 양산시 상북면 소토리 526번지,48330,33023,0,0526,0000,1264100152211,,,,1,용도지역코드,UQA320,일반공업지역,1,0,,일반공업지역,20221008
경상남도 양산시 상북면 소토리 526번지,48330,33023,0,0526,0000,1264100076959,,,,1,용도지역코드,UQA320,일반공업지역,1,0,,일반공업지역,20221008
경상남도 양산시 상북면 소토리 528-5번지,48330,33023,0,0528,0005,12645702,,,,1,용도지역코드,1220,일반공업지역,1,0,,일반공업지역,20221008
경상남도 양산시 상북면 소토리 531-1번지,48330,33023,0,0531,0001,1000000000000000981128,,,,1,용도지역코드,UOC800,역사문화환경보존지역,0,0,,역사문화환경보존지역,20260624
경상남도 양산시 상북면 소토리 531-1번지,48330,33023,0,0531,0001,1000000000000000981128,,,,1,용도지역코드,UQA320,일반공업지역,1,0,,일반공업지역,20260624
경상남도 양산시 상북면 소토리 531-1번지,48330,33023,0,0531,0001,1000000000000000860178,,,,3,용도구역코드,UMZ100,가축사육제한구역,1,0,,가축사육제한구역,20260318
경상남도 양산시 상북면 소토리 531-1번지,48330,33023,0,0531,0001,1000000000000000860178,,,,1,용도지역코드,UOC800,역사문화환경보존지역,0,0,,역사문화환경보존지역,20260318
경상남도 양산시 상북면 소토리 531-1번지,48330,33023,0,0531,0001,1000000000000000860178,,,,1,용도지역코드,UQA320,일반공업지역,1,0,,일반공업지역,20260318
경상남도 양산시 상북면 소토리 531-1번지,48330,33023,0,0531,0001,1264100010509,,,,1,용도지역코드,1220,일반공업지역,1,0,,일반공업지역,20221008
경상남도 양산시 상북면 소토리 531-1번지,48330,33023,0,0531,0001,1264100092121,,,,1,용도지역코드,UQA320,일반공업지역,1,0,,일반공업지역,20221008
경상남도 양산시 상북면 소토리 531-1번지,48330,33023,0,0531,0001,12649427,,,,1,용도지역코드,1220,일반공업지역,1,0,,일반공업지역,20221008
경상남도 양산시 상북면 소토리 532번지,48330,33023,0,0532,0000,1264100089541,,,,1,용도지역코드,UQA320,일반공업지역,1,0,,일반공업지역,20221008
경상남도 양산시 상북면 소토리 539-2번지,48330,33023,0,0539,0002,12644966,,,,1,용도지역코드,1230,준공업지역,1,0,,준공업지역,20221008
경상남도 양산시 상북면 소토리 539-2번지,48330,33023,0,0539,0002,1264100085922,,,,1,용도지역코드,UQA330,준공업지역,1,0,,준공업지역,20221008
경상남도 양산시 상북면 소토리 539-2번지,48330,33023,0,0539,0002,12642332,,,,1,용도지역코드,1230,준공업지역,1,0,,준공업지역,20221008
경상남도 양산시 상북면 소토리 539-2번지,48330,33023,0,0539,0002,12648917,,,,1,용도지역코드,1230,준공업지역,1,0,,준공업지역,20221008
경상남도 양산시 상북면 소토리 543-9번지,48330,33023,0,0543,0009,12647263,,,,1,용도지역코드,1230,준공업지역,1,0,,준공업지역,20221008
경상남도 양산시 상북면 소토리 543-9번지,48330,33023,0,0543,0009,12647263,,,,3,용도구역코드,010,도시계획구역,1,0,,도시계획구역,20221008
경상남도 양산시 상북면 소토리 543-9번지,48330,33023,0,0543,0009,12642700,,,,1,용도지역코드,1230,준공업지역,1,0,,준공업지역,20221008
경상남도 양산시 상북면 소토리 543-10번지,48330,33023,0,0543,0010,1264100030997,,,,1,용도지역코드,UQA330,준공업지역,1,0,,준공업지역,20221008
경상남도 양산시 상북면 소토리 543-10번지,48330,33023,0,0543,0010,1264170,,,,1,용도지역코드,0800,경지지역,1,0,,경지지역,20221008
경상남도 양산시 상북면 소토리 547-2번지,48330,33023,0,0547,0002,1264100063739,,,,1,용도지역코드,UQA330,준공업지역,1,0,,준공업지역,20221008
경상남도 양산시 상북면 소토리 551-4번지,48330,33023,0,0551,0004,126470,,,,1,용도지역코드,0800,경지지역,1,0,,경지지역,20221008
경상남도 양산시 상북면 소토리 551-4번지,48330,33023,0,0551,0004,12649502,,,,1,용도지역코드,1230,준공업지역,1,0,,준공업지역,20221008
경상남도 양산시 상북면 소토리 551-7번지,48330,33023,0,0551,0007,1264100041343,,,,1,용도지역코드,UQA330,준공업지역,1,0,,준공업지역,20221008
경상남도 양산시 상북면 소토리 551-7번지,48330,33023,0,0551,0007,1000000000000000070079,,,,1,용도지역코드,UQA330,준공업지역,1,0,,준공업지역,20240402
경상남도 양산시 상북면 소토리 551-7번지,48330,33023,0,0551,0007,1264100104495,,,,1,용도지역코드,UQA330,준공업지역,1,0,,준공업지역,20221008
경상남도 양산시 상북면 소토리 551-7번지,48330,33023,0,0551,0007,1264100031096,,,,1,용도지역코드,UQA330,준공업지역,1,0,,준공업지역,20221008
경상남도 양산시 상북면 소토리 557번지,48330,33023,0,0557,0000,1264100015034,,,,1,용도지역코드,1230,준공업지역,1,0,,준공업지역,20221008
경상남도 양산시 상북면 소토리 558번지,48330,33023,0,0558,0000,1264100144183,,,,1,용도지역코드,UQA330,준공업지역,1,0,,준공업지역,20221008
경상남도 양산시 상북면 소토리 558번지,48330,33023,0,0558,0000,1264100011450,,,,1,용도지역코드,1230,준공업지역,1,0,,준공업지역,20221008
경상남도 양산시 상북면 소토리 559-1번지,48330,33023,0,0559,0001,1264100104794,,,,1,용도지역코드,UQA330,준공업지역,1,0,,준공업지역,20221008
경상남도 양산시 상북면 소토리 559-1번지,48330,33023,0,0559,0001,1264100104794,,,,3,용도구역코드,UMZ100,가축사육제한구역,1,0,,가축사육제한구역,20221008
경상남도 양산시 상북면 소토리 560-3번지,48330,33023,0,0560,0003,1264100045665,,,,1,용도지역코드,UQA330,준공업지역,1,0,,준공업지역,20221008
경상남도 양산시 상북면 소토리 560-3번지,48330,33023,0,0560,0003,1000000000000000286281,,,,1,용도지역코드,UQA330,준공업지역,1,0,,준공업지역,20231109
경상남도 양산시 상북면 소토리 560-3번지,48330,33023,0,0560,0003,1264100061920,,,,1,용도지역코드,UQA330,준공업지역,1,0,,준공업지역,20221008
경상남도 양산시 상북면 소토리 560-3번지,48330,33023,0,0560,0003,1264100053968,,,,1,용도지역코드,UQA330,준공업지역,1,0,,준공업지역,20221008
경상남도 양산시 상북면 소토리 561번지,48330,33023,0,0561,0000,12642511,,,,1,용도지역코드,1230,준공업지역,1,0,,준공업지역,20221008
경상남도 양산시 상북면 소토리 562번지,48330,33023,0,0562,0000,1264100027174,,,,1,용도지역코드,UQA330,준공업지역,1,0,,준공업지역,20221008
경상남도 양산시 상북면 소토리 563번지,48330,33023,0,0563,0000,12647454,,,,1,용도지역코드,1230,준공업지역,1,0,,준공업지역,20221008
경상남도 양산시 상북면 소토리 563번지,48330,33023,0,0563,0000,12642053,,,,1,용도지역코드,1230,준공업지역,1,0,,준공업지역,20221008
경상남도 양산시 상북면 소토리 563번지,48330,33023,0,0563,0000,12641665,,,,1,용도지역코드,1230,준공업지역,1,0,,준공업지역,20221008
경상남도 양산시 상북면 소토리 565-1번지,48330,33023,0,0565,0001,12646704,,,,1,용도지역코드,1230,준공업지역,1,0,,준공업지역,20221008
경상남도 양산시 상북면 소토리 565-2번지,48330,33023,0,0565,0002,1264100103398,,,,1,용도지역코드,UQA330,준공업지역,1,0,,준공업지역,20221008
경상남도 양산시 상북면 소토리 565-2번지,48330,33023,0,0565,0002,1264100057949,,,,1,용도지역코드,UQA330,준공업지역,1,0,,준공업지역,20221008
경상남도 양산시 상북면 소토리 565-6번지,48330,33023,0,0565,0006,12648361,,,,1,용도지역코드,1230,준공업지역,1,0,,준공업지역,20221008
경상남도 양산시 상북면 소토리 565-7번지,48330,33023,0,0565,0007,1264100132063,,,,1,용도지역코드,UQA330,준공업지역,1,0,,준공업지역,20221008
경상남도 양산시 상북면 소토리 566-2번지,48330,33023,0,0566,0002,12642802,,,,1,용도지역코드,1230,준공업지역,1,0,,준공업지역,20221008
경상남도 양산시 상북면 소토리 566-3번지,48330,33023,0,0566,0003,12646488,,,,1,용도지역코드,1230,준공업지역,1,0,,준공업지역,20221008
경상남도 양산시 상북면 소토리 566-3번지,48330,33023,0,0566,0003,12642260,,,,1,용도지역코드,1230,준공업지역,1,0,,준공업지역,20221008
경상남도 양산시 상북면 소토리 568-1번지,48330,33023,0,0568,0001,1264100058894,,,,1,용도지역코드,UQA330,준공업지역,1,0,,준공업지역,20221008
경상남도 양산시 상북면 소토리 568-1번지,48330,33023,0,0568,0001,1264100065859,,,,1,용도지역코드,UQA330,준공업지역,1,0,,준공업지역,20221008
경상남도 양산시 상북면 소토리 569-2번지,48330,33023,0,0569,0002,1264100007445,,,,1,용도지역코드,1230,준공업지역,1,0,,준공업지역,20221008
경상남도 양산시 상북면 소토리 569-9번지,48330,33023,0,0569,0009,1264441,,,,1,용도지역코드,0800,경지지역,1,0,,경지지역,20221008
경상남도 양산시 상북면 소토리 583-1번지,48330,33023,0,0583,0001,1264100021302,,,,1,용도지역코드,1230,준공업지역,1,0,,준공업지역,20221008
경상남도 양산시 상북면 소토리 583-2번지,48330,33023,0,0583,0002,1264100093268,,,,1,용도지역코드,UQA330,준공업지역,1,0,,준공업지역,20221008
경상남도 양산시 상북면 소토리 583-2번지,48330,33023,0,0583,0002,12648980,,,,1,용도지역코드,1230,준공업지역,1,0,,준공업지역,20221008
경상남도 양산시 상북면 소토리 584-1번지,48330,33023,0,0584,0001,1264100043442,,,,1,용도지역코드,UQA330,준공업지역,1,0,,준공업지역,20221008
경상남도 양산시 상북면 소토리 584-1번지,48330,33023,0,0584,0001,1264100040124,,,,1,용도지역코드,UQA330,준공업지역,1,0,,준공업지역,20221008
경상남도 양산시 상북면 소토리 584-1번지,48330,33023,0,0584,0001,1264100018638,,,,1,용도지역코드,1230,준공업지역,1,0,,준공업지역,20221008
경상남도 양산시 상북면 소토리 584-1번지,48330,33023,0,0584,0001,1264100005748,,,,1,용도지역코드,1230,준공업지역,1,0,,준공업지역,20221008
경상남도 양산시 상북면 소토리 584-1번지,48330,33023,0,0584,0001,12649453,,,,1,용도지역코드,1230,준공업지역,1,0,,준공업지역,20221008
경상남도 양산시 상북면 소토리 584-2번지,48330,33023,0,0584,0002,1264100032421,,,,1,용도지역코드,UQA330,준공업지역,1,0,,준공업지역,20221008
경상남도 양산시 상북면 소토리 605-1번지,48330,33023,0,0605,0001,1264100040862,,,,1,용도지역코드,UQA330,준공업지역,1,0,,준공업지역,20221008
경상남도 양산시 상북면 소토리 605-6번지,48330,33023,0,0605,0006,1264100040865,,,,1,용도지역코드,UQA330,준공업지역,1,0,,준공업지역,20221008
경상남도 양산시 상북면 소토리 605-6번지,48330,33023,0,0605,0006,1264100038992,,,,1,용도지역코드,UQA330,준공업지역,1,0,,준공업지역,20221008
경상남도 양산시 상북면 소토리 605-7번지,48330,33023,0,0605,0007,1264100096749,,,,1,용도지역코드,UQA330,준공업지역,1,0,,준공업지역,20221008
경상남도 양산시 상북면 소토리 605-7번지,48330,33023,0,0605,0007,1264100096749,,,,3,용도구역코드,UOA120,상대보호구역,1,0,,상대정화구역,20221008
경상남도 양산시 상북면 소토리 605-9번지,48330,33023,0,0605,0009,1264100147912,,,,1,용도지역코드,UQA330,준공업지역,1,0,,준공업지역,20221008
경상남도 양산시 상북면 소토리 605-9번지,48330,33023,0,0605,0009,1264100147912,,,,3,용도구역코드,UMZ100,가축사육제한구역,1,0,,가축사육제한구역,20221008
경상남도 양산시 상북면 소토리 605-9번지,48330,33023,0,0605,0009,1264100147912,,,,3,용도구역코드,UOA120,상대보호구역,0,0,,상대보호구역,20221008
경상남도 양산시 상북면 소토리 609번지,48330,33023,0,0609,0000,12649578,,,,1,용도지역코드,1230,준공업지역,1,0,,준공업지역,20221008
경상남도 양산시 상북면 소토리 610-1번지,48330,33023,0,0610,0001,1264100019596,,,,1,용도지역코드,1230,준공업지역,1,0,,준공업지역,20221008
경상남도 양산시 상북면 소토리 612-1번지,48330,33023,0,0612,0001,12644389,,,,1,용도지역코드,1230,준공업지역,1,0,,준공업지역,20221008
경상남도 양산시 상북면 소토리 612-4번지,48330,33023,0,0612,0004,12647610,,,,1,용도지역코드,1230,준공업지역,1,0,,준공업지역,20221008
경상남도 양산시 상북면 소토리 612-4번지,48330,33023,0,0612,0004,12647610,,,,1,용도지역코드,1330,자연녹지지역,0,0,,자연녹지지역,20221008
경상남도 양산시 상북면 소토리 612-4번지,48330,33023,0,0612,0004,12647610,,,,1,용도지역코드,2300,완충지역,0,0,,완충지역,20221008
경상남도 양산시 상북면 소토리 612-4번지,48330,33023,0,0612,0004,12647256,,,,1,용도지역코드,1230,준공업지역,1,0,,준공업지역,20221008
경상남도 양산시 상북면 소토리 612-4번지,48330,33023,0,0612,0004,12647256,,,,1,용도지역코드,1330,자연녹지지역,0,0,,자연녹지지역,20221008
경상남도 양산시 상북면 소토리 612-4번지,48330,33023,0,0612,0004,12647256,,,,1,용도지역코드,2300,완충지역,0,0,,완충지역,20221008
경상남도 양산시 상북면 소토리 612-12번지,48330,33023,0,0612,0012,12644388,,,,1,용도지역코드,1230,준공업지역,1,0,,준공업지역,20221008
경상남도 양산시 상북면 소토리 612-14번지,48330,33023,0,0612,0014,12644390,,,,1,용도지역코드,1230,준공업지역,1,0,,준공업지역,20221008
경상남도 양산시 상북면 소토리 613-1번지,48330,33023,0,0613,0001,12646825,,,,1,용도지역코드,1230,준공업지역,1,0,,준공업지역,20221008
경상남도 양산시 상북면 소토리 613-1번지,48330,33023,0,0613,0001,12645547,,,,1,용도지역코드,1230,준공업지역,1,0,,준공업지역,20221008
경상남도 양산시 상북면 소토리 613-6번지,48330,33023,0,0613,0006,1264100041344,,,,1,용도지역코드,UQA330,준공업지역,1,0,,준공업지역,20221008
경상남도 양산시 상북면 소토리 617-5번지,48330,33023,0,0617,0005,12643766,,,,1,용도지역코드,1230,준공업지역,1,0,,준공업지역,20221008
경상남도 양산시 상북면 소토리 617-5번지,48330,33023,0,0617,0005,12646665,,,,1,용도지역코드,1230,준공업지역,1,0,,준공업지역,20221008
경상남도 양산시 상북면 소토리 617-5번지,48330,33023,0,0617,0005,12646665,,,,3,용도구역코드,010,도시계획구역,1,0,,도시계획구역,20221008
경상남도 양산시 상북면 소토리 619-2번지,48330,33023,0,0619,0002,12644775,,,,1,용도지역코드,1230,준공업지역,1,0,,준공업지역,20221008
경상남도 양산시 상북면 소토리 622-6번지,48330,33023,0,0622,0006,1264100040193,,,,1,용도지역코드,UQA330,준공업지역,1,0,,준공업지역,20221008
경상남도 양산시 상북면 소토리 622-6번지,48330,33023,0,0622,0006,1264100040193,,,,3,용도구역코드,UOA120,상대보호구역,1,0,,상대정화구역,20221008
경상남도 양산시 상북면 소토리 622-6번지,48330,33023,0,0622,0006,1264100030676,,,,1,용도지역코드,UQA330,준공업지역,1,0,,준공업지역,20221008
경상남도 양산시 상북면 소토리 622-6번지,48330,33023,0,0622,0006,1264100030676,,,,3,용도구역코드,UOA120,상대보호구역,1,0,,상대정화구역,20221008
경상남도 양산시 상북면 소토리 622-30번지,48330,33023,0,0622,0030,12648210,,,,1,용도지역코드,1230,준공업지역,1,0,,준공업지역,20221008
경상남도 양산시 상북면 소토리 622-30번지,48330,33023,0,0622,0030,12648210,,,,3,용도구역코드,010,도시계획구역,1,0,,도시계획구역,20221008
경상남도 양산시 상북면 소토리 627-1번지,48330,33023,0,0627,0001,1264100067379,,,,1,용도지역코드,UQA330,준공업지역,1,0,,준공업지역,20221008
경상남도 양산시 상북면 소토리 627-1번지,48330,33023,0,0627,0001,1264100067379,,,,3,용도구역코드,UOA120,상대보호구역,1,0,,상대정화구역,20221008
경상남도 양산시 상북면 소토리 634-3번지,48330,33023,0,0634,0003,1264100110159,,,,1,용도지역코드,UQA330,준공업지역,1,0,,준공업지역,20221008
경상남도 양산시 상북면 소토리 636-4번지,48330,33023,0,0636,0004,1264100044248,,,,1,용도지역코드,UQA330,준공업지역,1,0,,준공업지역,20221008
경상남도 양산시 상북면 소토리 636-4번지,48330,33023,0,0636,0004,1264100031201,,,,1,용도지역코드,UQA330,준공업지역,1,0,,준공업지역,20221008
경상남도 양산시 상북면 소토리 636-7번지,48330,33023,0,0636,0007,12645456,,,,1,용도지역코드,1230,준공업지역,1,0,,준공업지역,20221008
경상남도 양산시 상북면 소토리 650번지,48330,33023,0,0650,0000,1264100019741,,,,1,용도지역코드,1230,준공업지역,1,0,,준공업지역,20221008
경상남도 양산시 상북면 소토리 650번지,48330,33023,0,0650,0000,1264100132404,,,,1,용도지역코드,UQA330,준공업지역,1,0,,준공업지역,20221008
경상남도 양산시 상북면 소토리 650번지,48330,33023,0,0650,0000,1264100071859,,,,3,용도구역코드,UOA120,상대보호구역,1,0,,상대정화구역,20221008
경상남도 양산시 상북면 소토리 650번지,48330,33023,0,0650,0000,1264100071859,,,,1,용도지역코드,UQA330,준공업지역,1,0,,준공업지역,20221008
경상남도 양산시 상북면 소토리 659-1번지,48330,33023,0,0659,0001,1264100079419,,,,3,용도구역코드,UOA110,절대정화구역,1,0,,절대정화구역,20221008
경상남도 양산시 상북면 소토리 659-1번지,48330,33023,0,0659,0001,1264100079419,,,,1,용도지역코드,UQA330,준공업지역,1,0,,준공업지역,20221008
경상남도 양산시 상북면 소토리 659-4번지,48330,33023,0,0659,0004,1264410,,,,1,용도지역코드,0800,경지지역,1,0,,경지지역,20221008
경상남도 양산시 상북면 소토리 659-6번지,48330,33023,0,0659,0006,12647401,,,,1,용도지역코드,1230,준공업지역,1,0,,준공업지역,20221008
경상남도 양산시 상북면 소토리 659-6번지,48330,33023,0,0659,0006,12647401,,,,3,용도구역코드,010,도시계획구역,1,0,,도시계획구역,20221008
경상남도 양산시 상북면 소토리 660-2번지,48330,33023,0,0660,0002,1264100040422,,,,1,용도지역코드,UQA330,준공업지역,1,0,,준공업지역,20221008
경상남도 양산시 상북면 소토리 660-2번지,48330,33023,0,0660,0002,1264100040422,,,,3,용도구역코드,UOA110,절대정화구역,1,0,,절대정화구역,20221008
경상남도 양산시 상북면 소토리 660-10번지,48330,33023,0,0660,0010,1264100030237,,,,1,용도지역코드,UQA330,준공업지역,1,0,,준공업지역,20221008
경상남도 양산시 상북면 소토리 661-3번지,48330,33023,0,0661,0003,1264100103634,,,,1,용도지역코드,UQA320,일반공업지역,1,0,,일반공업지역,20221008
경상남도 양산시 상북면 소토리 661-3번지,48330,33023,0,0661,0003,12646487,,,,1,용도지역코드,1220,일반공업지역,1,0,,일반공업지역,20221008
경상남도 양산시 상북면 소토리 661-3번지,48330,33023,0,0661,0003,12646487,,,,2,용도지구코드,990,기타지구,1,0,,기타지구,20221008
경상남도 양산시 상북면 소토리 661-3번지,48330,33023,0,0661,0003,12646487,,,,3,용도구역코드,990,기타구역,1,0,,기타구역,20221008
경상남도 양산시 상북면 소토리 662-3번지,48330,33023,0,0662,0003,1000000000000000590887,,,,3,용도구역코드,UMZ100,가축사육제한구역,1,0,,가축사육제한구역,20240925
경상남도 양산시 상북면 소토리 662-3번지,48330,33023,0,0662,0003,1000000000000000590887,,,,1,용도지역코드,UQA320,일반공업지역,1,0,,일반공업지역,20240925
경상남도 양산시 상북면 소토리 662-3번지,48330,33023,0,0662,0003,1000000000000000590887,,,,3,용도구역코드,UOA120,상대보호구역,0,0,,상대보호구역,20240925
경상남도 양산시 상북면 소토리 662-3번지,48330,33023,0,0662,0003,1264100105693,,,,1,용도지역코드,UQA300,공업지역,1,0,,공업지역,20221008
경상남도 양산시 상북면 소토리 662-3번지,48330,33023,0,0662,0003,1264100105693,,,,3,용도구역코드,UOA120,상대보호구역,1,0,,상대정화구역,20221008
경상남도 양산시 상북면 소토리 664-1번지,48330,33023,0,0664,0001,1264100108537,,,,1,용도지역코드,UQA320,일반공업지역,1,0,,일반공업지역,20221008
경상남도 양산시 상북면 소토리 664-1번지,48330,33023,0,0664,0001,1264100027249,,,,1,용도지역코드,UQA320,일반공업지역,1,0,,일반공업지역,20221008
경상남도 양산시 상북면 소토리 664-1번지,48330,33023,0,0664,0001,1264100027249,,,,3,용도구역코드,UOA120,상대보호구역,1,0,,상대정화구역,20221008
경상남도 양산시 상북면 소토리 664-1번지,48330,33023,0,0664,0001,1264100015257,,,,1,용도지역코드,1220,일반공업지역,1,0,,일반공업지역,20221008
경상남도 양산시 상북면 소토리 664-1번지,48330,33023,0,0664,0001,12647257,,,,1,용도지역코드,1220,일반공업지역,1,0,,일반공업지역,20221008
경상남도 양산시 상북면 소토리 664-1번지,48330,33023,0,0664,0001,12647257,,,,3,용도구역코드,010,도시계획구역,1,0,,도시계획구역,20221008
경상남도 양산시 상북면 소토리 667-1번지,48330,33023,0,0667,0001,1264100045887,,,,1,용도지역코드,UQA320,일반공업지역,1,0,,일반공업지역,20221008
경상남도 양산시 상북면 소토리 667-1번지,48330,33023,0,0667,0001,1264100045887,,,,3,용도구역코드,UOA120,상대보호구역,1,0,,상대정화구역,20221008
경상남도 양산시 상북면 소토리 669-2번지,48330,33023,0,0669,0002,1264100044645,,,,1,용도지역코드,UQA330,준공업지역,1,0,,준공업지역,20221008
경상남도 양산시 상북면 소토리 669-2번지,48330,33023,0,0669,0002,1264100044645,,,,3,용도구역코드,UOA120,상대보호구역,1,0,,상대정화구역,20221008
경상남도 양산시 상북면 소토리 669-2번지,48330,33023,0,0669,0002,1264100044645,,,,3,용도구역코드,UOA110,절대정화구역,0,0,,절대정화구역,20221008
경상남도 양산시 상북면 소토리 670번지,48330,33023,0,0670,0000,1264100064160,,,,1,용도지역코드,UQA330,준공업지역,1,0,,준공업지역,20221008
경상남도 양산시 상북면 소토리 670번지,48330,33023,0,0670,0000,1264100064160,,,,3,용도구역코드,UOA120,상대보호구역,1,0,,상대정화구역,20221008
경상남도 양산시 상북면 소토리 671-3번지,48330,33023,0,0671,0003,1264100088984,,,,1,용도지역코드,UQA330,준공업지역,1,0,,준공업지역,20221008
경상남도 양산시 상북면 소토리 672번지,48330,33023,0,0672,0000,12648867,,,,1,용도지역코드,1230,준공업지역,1,0,,준공업지역,20221008
경상남도 양산시 상북면 소토리 672-2번지,48330,33023,0,0672,0002,12646695,,,,1,용도지역코드,1230,준공업지역,1,0,,준공업지역,20221008
경상남도 양산시 상북면 소토리 672-2번지,48330,33023,0,0672,0002,1264100042046,,,,1,용도지역코드,UQA330,준공업지역,1,0,,준공업지역,20221008
경상남도 양산시 상북면 소토리 672-2번지,48330,33023,0,0672,0002,1264100042046,,,,3,용도구역코드,UOA120,상대보호구역,1,0,,상대정화구역,20221008
경상남도 양산시 상북면 소토리 672-2번지,48330,33023,0,0672,0002,1264100022609,,,,1,용도지역코드,UQA330,준공업지역,1,0,,준공업지역,20221008
경상남도 양산시 상북면 소토리 672-2번지,48330,33023,0,0672,0002,1264100022609,,,,3,용도구역코드,UOA120,상대보호구역,1,0,,상대정화구역,20221008
경상남도 양산시 상북면 소토리 673번지,48330,33023,0,0673,0000,1264100050947,,,,1,용도지역코드,UQA320,일반공업지역,1,0,,일반공업지역,20221008
경상남도 양산시 상북면 소토리 673번지,48330,33023,0,0673,0000,1264100050947,,,,3,용도구역코드,UOA120,상대보호구역,1,0,,상대정화구역,20221008
경상남도 양산시 상북면 소토리 673번지,48330,33023,0,0673,0000,1264100061417,,,,1,용도지역코드,UQA320,일반공업지역,1,0,,일반공업지역,20221008
경상남도 양산시 상북면 소토리 673번지,48330,33023,0,0673,0000,1264100061417,,,,3,용도구역코드,UOA120,상대보호구역,1,0,,상대정화구역,20221008
경상남도 양산시 상북면 소토리 673번지,48330,33023,0,0673,0000,1264100144643,,,,1,용도지역코드,UQA320,일반공업지역,1,0,,일반공업지역,20221008
경상남도 양산시 상북면 소토리 673번지,48330,33023,0,0673,0000,1264100144643,,,,3,용도구역코드,UMZ100,가축사육제한구역,1,0,,가축사육제한구역,20221008
경상남도 양산시 상북면 소토리 673번지,48330,33023,0,0673,0000,1264100144643,,,,3,용도구역코드,UOA120,상대보호구역,0,0,,상대보호구역,20221008
경상남도 양산시 상북면 소토리 674번지,48330,33023,0,0674,0000,12645081,,,,1,용도지역코드,1220,일반공업지역,1,0,,일반공업지역,20221008
경상남도 양산시 상북면 소토리 674-1번지,48330,33023,0,0674,0001,12645448,,,,1,용도지역코드,1220,일반공업지역,1,0,,일반공업지역,20221008
경상남도 양산시 상북면 소토리 674-2번지,48330,33023,0,0674,0002,1264100140024,,,,1,용도지역코드,UQA320,일반공업지역,1,0,,일반공업지역,20221008
경상남도 양산시 상북면 소토리 674-2번지,48330,33023,0,0674,0002,1264100090322,,,,1,용도지역코드,UQA320,일반공업지역,1,0,,일반공업지역,20221008
경상남도 양산시 상북면 소토리 674-2번지,48330,33023,0,0674,0002,1264100090322,,,,3,용도구역코드,UOA120,상대보호구역,1,0,,상대정화구역,20221008
경상남도 양산시 상북면 소토리 674-3번지,48330,33023,0,0674,0003,12647463,,,,1,용도지역코드,1220,일반공업지역,1,0,,일반공업지역,20221008
경상남도 양산시 상북면 소토리 674-3번지,48330,33023,0,0674,0003,12647463,,,,3,용도구역코드,010,도시계획구역,1,0,,도시계획구역,20221008
경상남도 양산시 상북면 소토리 675번지,48330,33023,0,0675,0000,1264100029370,,,,1,용도지역코드,UQA330,준공업지역,1,0,,준공업지역,20221008
경상남도 양산시 상북면 소토리 675번지,48330,33023,0,0675,0000,1264100029370,,,,3,용도구역코드,UOA120,상대보호구역,1,0,,상대정화구역,20221008
경상남도 양산시 상북면 소토리 675-4번지,48330,33023,0,0675,0004,1264100032476,,,,1,용도지역코드,UQA330,준공업지역,1,0,,준공업지역,20221008
경상남도 양산시 상북면 소토리 677번지,48330,33023,0,0677,0000,1000000000000000862856,,,,3,용도구역코드,UOA120,상대보호구역,0,0,,상대보호구역,20251219
경상남도 양산시 상북면 소토리 677번지,48330,33023,0,0677,0000,1000000000000000862856,,,,3,용도구역코드,UMZ100,가축사육제한구역,1,0,,가축사육제한구역,20251219
경상남도 양산시 상북면 소토리 677번지,48330,33023,0,0677,0000,1000000000000000862856,,,,1,용도지역코드,UQA330,준공업지역,1,0,,준공업지역,20251219
경상남도 양산시 상북면 소토리 679번지,48330,33023,0,0679,0000,1264100099936,,,,1,용도지역코드,UQA330,준공업지역,1,0,,준공업지역,20221008
경상남도 양산시 상북면 소토리 679번지,48330,33023,0,0679,0000,1264100099936,,,,3,용도구역코드,UOA120,상대보호구역,1,0,,상대정화구역,20221008
경상남도 양산시 상북면 소토리 679-1번지,48330,33023,0,0679,0001,1264100099935,,,,1,용도지역코드,UQA330,준공업지역,1,0,,준공업지역,20221008
경상남도 양산시 상북면 소토리 679-1번지,48330,33023,0,0679,0001,1264100099935,,,,3,용도구역코드,UOA120,상대보호구역,1,0,,상대정화구역,20221008
경상남도 양산시 상북면 소토리 681번지,48330,33023,0,0681,0000,1264100009971,,,,1,용도지역코드,1230,준공업지역,1,0,,준공업지역,20221008
경상남도 양산시 상북면 소토리 682-1번지,48330,33023,0,0682,0001,1264100095168,,,,1,용도지역코드,UQA330,준공업지역,1,0,,준공업지역,20221008
경상남도 양산시 상북면 소토리 682-3번지,48330,33023,0,0682,0003,12648186,,,,1,용도지역코드,1230,준공업지역,1,0,,준공업지역,20221008
경상남도 양산시 상북면 소토리 687번지,48330,33023,0,0687,0000,1264100030399,,,,1,용도지역코드,UQA330,준공업지역,1,0,,준공업지역,20221008
경상남도 양산시 상북면 소토리 688-1번지,48330,33023,0,0688,0001,1264100146804,,,,1,용도지역코드,UQA330,준공업지역,1,0,,준공업지역,20221008
경상남도 양산시 상북면 소토리 689번지,48330,33023,0,0689,0000,12645470,,,,1,용도지역코드,1230,준공업지역,1,0,,준공업지역,20221008
경상남도 양산시 상북면 소토리 690번지,48330,33023,0,0690,0000,12649371,,,,1,용도지역코드,1220,일반공업지역,1,0,,일반공업지역,20221008
경상남도 양산시 상북면 소토리 690번지,48330,33023,0,0690,0000,1264100032136,,,,1,용도지역코드,UQA320,일반공업지역,1,0,,일반공업지역,20221008
경상남도 양산시 상북면 소토리 690번지,48330,33023,0,0690,0000,1264100026190,,,,1,용도지역코드,UQA320,일반공업지역,1,0,,일반공업지역,20221008
경상남도 양산시 상북면 소토리 691-2번지,48330,33023,0,0691,0002,1264100021309,,,,1,용도지역코드,1220,일반공업지역,1,0,,일반공업지역,20221008
경상남도 양산시 상북면 소토리 691-2번지,48330,33023,0,0691,0002,12649565,,,,1,용도지역코드,1220,일반공업지역,1,0,,일반공업지역,20221008
경상남도 양산시 상북면 소토리 691-3번지,48330,33023,0,0691,0003,12648136,,,,1,용도지역코드,1230,준공업지역,1,0,,준공업지역,20221008
경상남도 양산시 상북면 소토리 691-5번지,48330,33023,0,0691,0005,1264100086066,,,,1,용도지역코드,UQA320,일반공업지역,1,0,,일반공업지역,20221008
경상남도 양산시 상북면 소토리 691-9번지,48330,33023,0,0691,0009,1264100027170,,,,1,용도지역코드,UQA320,일반공업지역,1,0,,일반공업지역,20221008
경상남도 양산시 상북면 소토리 692-1번지,48330,33023,0,0692,0001,12648393,,,,1,용도지역코드,1220,일반공업지역,1,0,,일반공업지역,20221008
경상남도 양산시 상북면 소토리 692-1번지,48330,33023,0,0692,0001,12648393,,,,3,용도구역코드,010,도시계획구역,1,0,,도시계획구역,20221008
경상남도 양산시 상북면 소토리 692-2번지,48330,33023,0,0692,0002,12648376,,,,1,용도지역코드,1220,일반공업지역,1,0,,일반공업지역,20221008
경상남도 양산시 상북면 소토리 692-2번지,48330,33023,0,0692,0002,12648376,,,,3,용도구역코드,010,도시계획구역,1,0,,도시계획구역,20221008
경상남도 양산시 상북면 소토리 693번지,48330,33023,0,0693,0000,12645263,,,,1,용도지역코드,1230,준공업지역,1,0,,준공업지역,20221008
경상남도 양산시 상북면 소토리 693번지,48330,33023,0,0693,0000,1264100117396,,,,1,용도지역코드,UQA330,준공업지역,1,0,,준공업지역,20221008
경상남도 양산시 상북면 소토리 694번지,48330,33023,0,0694,0000,1264100005286,,,,1,용도지역코드,1230,준공업지역,1,0,,준공업지역,20221008
경상남도 양산시 상북면 소토리 701번지,48330,33023,0,0701,0000,1264100055430,,,,1,용도지역코드,UQA330,준공업지역,1,0,,준공업지역,20221008
경상남도 양산시 상북면 소토리 701번지,48330,33023,0,0701,0000,1264100055430,,,,1,용도지역코드,UQA430,자연녹지지역,0,0,,자연녹지지역,20221008
경상남도 양산시 상북면 소토리 703번지,48330,33023,0,0703,0000,1264100047027,,,,1,용도지역코드,UQA330,준공업지역,1,0,,준공업지역,20221008
경상남도 양산시 상북면 소토리 703번지,48330,33023,0,0703,0000,1264100009150,,,,1,용도지역코드,1230,준공업지역,1,0,,준공업지역,20221008
경상남도 양산시 상북면 소토리 703번지,48330,33023,0,0703,0000,1264100040964,,,,1,용도지역코드,UQA330,준공업지역,1,0,,준공업지역,20221008
경상남도 양산시 상북면 소토리 704번지,48330,33023,0,0704,0000,1264100086062,,,,1,용도지역코드,UQA330,준공업지역,1,0,,준공업지역,20221008
경상남도 양산시 상북면 소토리 704번지,48330,33023,0,0704,0000,1264100117837,,,,1,용도지역코드,UQA330,준공업지역,1,0,,준공업지역,20221008
경상남도 양산시 상북면 소토리 705-1번지,48330,33023,0,0705,0001,1264100050709,,,,1,용도지역코드,UQA330,준공업지역,1,0,,준공업지역,20221008
경상남도 양산시 상북면 소토리 705-2번지,48330,33023,0,0705,0002,1264100084742,,,,1,용도지역코드,UQA330,준공업지역,1,0,,준공업지역,20221008
경상남도 양산시 상북면 소토리 707번지,48330,33023,0,0707,0000,12647408,,,,1,용도지역코드,1230,준공업지역,1,0,,준공업지역,20221008
경상남도 양산시 상북면 소토리 707번지,48330,33023,0,0707,0000,12647408,,,,3,용도구역코드,010,도시계획구역,1,0,,도시계획구역,20221008
경상남도 양산시 상북면 소토리 709-1번지,48330,33023,0,0709,0001,1264100095326,,,,1,용도지역코드,UQA320,일반공업지역,1,0,,일반공업지역,20221008
경상남도 양산시 상북면 소토리 712-1번지,48330,33023,0,0712,0001,1264100094806,,,,1,용도지역코드,UQA320,일반공업지역,1,0,,일반공업지역,20221008
경상남도 양산시 상북면 소토리 712-1번지,48330,33023,0,0712,0001,1264100056648,,,,1,용도지역코드,UQA320,일반공업지역,1,0,,일반공업지역,20221008
경상남도 양산시 상북면 소토리 712-1번지,48330,33023,0,0712,0001,12649358,,,,1,용도지역코드,1220,일반공업지역,1,0,,일반공업지역,20221008
경상남도 양산시 상북면 소토리 713번지,48330,33023,0,0713,0000,1264100020377,,,,1,용도지역코드,1220,일반공업지역,1,0,,일반공업지역,20221008
경상남도 양산시 상북면 소토리 713번지,48330,33023,0,0713,0000,12648250,,,,1,용도지역코드,1220,일반공업지역,1,0,,일반공업지역,20221008
경상남도 양산시 상북면 소토리 713번지,48330,33023,0,0713,0000,12644391,,,,1,용도지역코드,1220,일반공업지역,1,0,,일반공업지역,20221008
경상남도 양산시 상북면 소토리 715번지,48330,33023,0,0715,0000,1264100065179,,,,1,용도지역코드,UQA320,일반공업지역,1,0,,일반공업지역,20221008
경상남도 양산시 상북면 소토리 717번지,48330,33023,0,0717,0000,1264100134045,,,,1,용도지역코드,UQA330,준공업지역,1,0,,준공업지역,20221008
경상남도 양산시 상북면 소토리 719-3번지,48330,33023,0,0719,0003,1264100065180,,,,1,용도지역코드,UQA320,일반공업지역,1,0,,일반공업지역,20221008
경상남도 양산시 상북면 소토리 720번지,48330,33023,0,0720,0000,1264100135384,,,,1,용도지역코드,UQA330,준공업지역,1,0,,준공업지역,20221008
경상남도 양산시 상북면 소토리 720번지,48330,33023,0,0720,0000,12645840,,,,1,용도지역코드,1230,준공업지역,1,0,,준공업지역,20221008
경상남도 양산시 상북면 소토리 721번지,48330,33023,0,0721,0000,12644363,,,,1,용도지역코드,1220,일반공업지역,1,0,,일반공업지역,20221008
경상남도 양산시 상북면 소토리 722-2번지,48330,33023,0,0722,0002,12649352,,,,1,용도지역코드,1220,일반공업지역,1,0,,일반공업지역,20221008
경상남도 양산시 상북면 소토리 726-1번지,48330,33023,0,0726,0001,12648076,,,,1,용도지역코드,1220,일반공업지역,1,0,,일반공업지역,20221008
경상남도 양산시 상북면 소토리 726-4번지,48330,33023,0,0726,0004,12648092,,,,1,용도지역코드,1220,일반공업지역,1,0,,일반공업지역,20221008
경상남도 양산시 상북면 소토리 753-1번지,48330,33023,0,0753,0001,12644394,,,,1,용도지역코드,1220,일반공업지역,1,0,,일반공업지역,20221008
경상남도 양산시 상북면 소토리 753-1번지,48330,33023,0,0753,0001,12642923,,,,1,용도지역코드,1220,일반공업지역,1,0,,일반공업지역,20221008
경상남도 양산시 상북면 소토리 753-1번지,48330,33023,0,0753,0001,12642923,,,,1,용도지역코드,1330,자연녹지지역,0,0,,자연녹지지역,20221008
경상남도 양산시 상북면 소토리 753-1번지,48330,33023,0,0753,0001,12641329,경상남도 양산시 상북면 소토리,753,1,1,용도지역코드,1220,일반공업지역,1,0,,일반공업지역,20221008
경상남도 양산시 상북면 소토리 753-1번지,48330,33023,0,0753,0001,12642489,,,,1,용도지역코드,1220,일반공업지역,1,0,,일반공업지역,20221008
경상남도 양산시 상북면 소토리 762-3번지,48330,33023,0,0762,0003,1264100051810,,,,1,용도지역코드,UQA330,준공업지역,1,0,,준공업지역,20221008
경상남도 양산시 상북면 소토리 762-3번지,48330,33023,0,0762,0003,12647358,,,,1,용도지역코드,1230,준공업지역,1,0,,준공업지역,20221008
경상남도 양산시 상북면 소토리 762-4번지,48330,33023,0,0762,0004,1264100050629,,,,1,용도지역코드,UQA330,준공업지역,1,0,,준공업지역,20221008
경상남도 양산시 상북면 소토리 762-4번지,48330,33023,0,0762,0004,12646330,,,,1,용도지역코드,1230,준공업지역,1,0,,준공업지역,20221008
경상남도 양산시 상북면 소토리 762-4번지,48330,33023,0,0762,0004,1264100086501,,,,1,용도지역코드,UQA330,준공업지역,1,0,,준공업지역,20221008
경상남도 양산시 상북면 소토리 762-7번지,48330,33023,0,0762,0007,12641620,경상남도 양산시 상북면 소토리,762,7,1,용도지역코드,1230,준공업지역,1,0,,준공업지역,20221008
경상남도 양산시 상북면 소토리 762-22번지,48330,33023,0,0762,0022,12645907,,,,1,용도지역코드,1230,준공업지역,1,0,,준공업지역,20221008
경상남도 양산시 상북면 소토리 762-22번지,48330,33023,0,0762,0022,1264100050667,,,,1,용도지역코드,UQA330,준공업지역,1,0,,준공업지역,20221008
경상남도 양산시 상북면 소토리 762-22번지,48330,33023,0,0762,0022,1264100137604,,,,1,용도지역코드,UQA330,준공업지역,1,0,,준공업지역,20221008
경상남도 양산시 상북면 소토리 765-4번지,48330,33023,0,0765,0004,12641621,,,,1,용도지역코드,1230,준공업지역,1,0,,준공업지역,20221008
경상남도 양산시 상북면 소토리 788-4번지,48330,33023,0,0788,0004,12646820,,,,1,용도지역코드,1220,일반공업지역,1,0,,일반공업지역,20221008
경상남도 양산시 상북면 소토리 788-4번지,48330,33023,0,0788,0004,12649477,,,,1,용도지역코드,1220,일반공업지역,1,0,,일반공업지역,20221008
경상남도 양산시 상북면 소토리 788-4번지,48330,33023,0,0788,0004,12649477,,,,1,용도지역코드,1330,자연녹지지역,0,0,,자연녹지지역,20221008
경상남도 양산시 상북면 소토리 789번지,48330,33023,0,0789,0000,12646774,,,,1,용도지역코드,1220,일반공업지역,1,0,,일반공업지역,20221008
경상남도 양산시 상북면 소토리 790번지,48330,33023,0,0790,0000,1264100024809,,,,1,용도지역코드,UQA320,일반공업지역,1,0,,일반공업지역,20221008
경상남도 양산시 상북면 소토리 791번지,48330,33023,0,0791,0000,12645475,,,,1,용도지역코드,1220,일반공업지역,1,0,,일반공업지역,20221008
경상남도 양산시 상북면 소토리 792번지,48330,33023,0,0792,0000,1264100043906,,,,1,용도지역코드,UQA320,일반공업지역,1,0,,일반공업지역,20221008
경상남도 양산시 상북면 소토리 795-2번지,48330,33023,0,0795,0002,1264100116177,,,,1,용도지역코드,UQA320,일반공업지역,1,0,,일반공업지역,20221008
경상남도 양산시 상북면 소토리 796번지,48330,33023,0,0796,0000,12648144,,,,1,용도지역코드,1220,일반공업지역,1,0,,일반공업지역,20221008
경상남도 양산시 상북면 소토리 796번지,48330,33023,0,0796,0000,12648144,,,,3,용도구역코드,010,도시계획구역,1,0,,도시계획구역,20221008
경상남도 양산시 상북면 소토리 798번지,48330,33023,0,0798,0000,12648888,,,,1,용도지역코드,1220,일반공업지역,1,0,,일반공업지역,20221008
경상남도 양산시 상북면 소토리 798번지,48330,33023,0,0798,0000,12648180,,,,1,용도지역코드,1220,일반공업지역,1,0,,일반공업지역,20221008
경상남도 양산시 상북면 소토리 798번지,48330,33023,0,0798,0000,12648180,,,,3,용도구역코드,010,도시계획구역,1,0,,도시계획구역,20221008
경상남도 양산시 상북면 소토리 798번지,48330,33023,0,0798,0000,1264100062100,,,,1,용도지역코드,UQA320,일반공업지역,1,0,,일반공업지역,20221008
경상남도 양산시 상북면 소토리 798번지,48330,33023,0,0798,0000,1264100023189,,,,1,용도지역코드,UQA320,일반공업지역,1,0,,일반공업지역,20221008
경상남도 양산시 상북면 소토리 798번지,48330,33023,0,0798,0000,1264100004367,,,,1,용도지역코드,1220,일반공업지역,1,0,,일반공업지역,20221008
경상남도 양산시 상북면 소토리 798-1번지,48330,33023,0,0798,0001,12646149,,,,1,용도지역코드,1220,일반공업지역,1,0,,일반공업지역,20221008
경상남도 양산시 상북면 소토리 798-2번지,48330,33023,0,0798,0002,12648459,,,,1,용도지역코드,1220,일반공업지역,1,0,,일반공업지역,20221008
경상남도 양산시 상북면 소토리 798-2번지,48330,33023,0,0798,0002,12648459,,,,3,용도구역코드,010,도시계획구역,1,0,,도시계획구역,20221008
경상남도 양산시 상북면 소토리 798-2번지,48330,33023,0,0798,0002,1264100051347,,,,1,용도지역코드,UQA320,일반공업지역,1,0,,일반공업지역,20221008
경상남도 양산시 상북면 소토리 798-3번지,48330,33023,0,0798,0003,1000000000000000387074,,,,1,용도지역코드,UQA320,일반공업지역,1,0,,일반공업지역,20231012
경상남도 양산시 상북면 소토리 798-3번지,48330,33023,0,0798,0003,1000000000000000387074,,,,3,용도구역코드,UMZ100,가축사육제한구역,1,0,,가축사육제한구역,20231012
경상남도 양산시 상북면 소토리 798-3번지,48330,33023,0,0798,0003,12648902,,,,1,용도지역코드,1330,자연녹지지역,1,0,,자연녹지지역,20221008
경상남도 양산시 상북면 소토리 800번지,48330,33023,0,0800,0000,1264100026135,,,,1,용도지역코드,UQA320,일반공업지역,1,0,,일반공업지역,20221008
경상남도 양산시 상북면 소토리 800번지,48330,33023,0,0800,0000,1264100034993,,,,1,용도지역코드,UQA320,일반공업지역,1,0,,일반공업지역,20221008
경상남도 양산시 상북면 소토리 800번지,48330,33023,0,0800,0000,12648909,,,,1,용도지역코드,1220,일반공업지역,1,0,,일반공업지역,20221008
경상남도 양산시 상북면 소토리 800-1번지,48330,33023,0,0800,0001,12649412,,,,1,용도지역코드,1220,일반공업지역,1,0,,일반공업지역,20221008
경상남도 양산시 상북면 소토리 800-1번지,48330,33023,0,0800,0001,1264100107593,,,,1,용도지역코드,UQA320,일반공업지역,1,0,,일반공업지역,20221008
경상남도 양산시 상북면 소토리 800-1번지,48330,33023,0,0800,0001,1264100026171,,,,1,용도지역코드,UQA320,일반공업지역,1,0,,일반공업지역,20221008
경상남도 양산시 상북면 소토리 803번지,48330,33023,0,0803,0000,1264100142486,,,,1,용도지역코드,UQA320,일반공업지역,1,0,,일반공업지역,20221008
경상남도 양산시 상북면 소토리 803번지,48330,33023,0,0803,0000,1264100124641,,,,1,용도지역코드,UQA320,일반공업지역,1,0,,일반공업지역,20221008
경상남도 양산시 상북면 소토리 803번지,48330,33023,0,0803,0000,1264100124641,,,,3,용도구역코드,UMZ100,가축사육제한구역,1,0,,가축사육제한구역,20221008
경상남도 양산시 상북면 소토리 806번지,48330,33023,0,0806,0000,12648039,,,,1,용도지역코드,1220,일반공업지역,1,0,,일반공업지역,20221008
경상남도 양산시 상북면 소토리 806번지,48330,33023,0,0806,0000,1264100073182,,,,1,용도지역코드,UQA320,일반공업지역,1,0,,일반공업지역,20221008
경상남도 양산시 상북면 소토리 817-1번지,48330,33023,0,0817,0001,1264100129224,,,,1,용도지역코드,UQA320,일반공업지역,1,0,,일반공업지역,20221008
경상남도 양산시 상북면 소토리 818번지,48330,33023,0,0818,0000,1264100045310,,,,1,용도지역코드,UQA320,일반공업지역,1,0,,일반공업지역,20221008
경상남도 양산시 상북면 소토리 818번지,48330,33023,0,0818,0000,1264100045726,,,,1,용도지역코드,UQA320,일반공업지역,1,0,,일반공업지역,20221008
경상남도 양산시 상북면 소토리 825번지,48330,33023,0,0825,0000,12647764,,,,1,용도지역코드,1220,일반공업지역,1,0,,일반공업지역,20221008
경상남도 양산시 상북면 소토리 825번지,48330,33023,0,0825,0000,1264100004907,,,,1,용도지역코드,1220,일반공업지역,1,0,,일반공업지역,20221008
경상남도 양산시 상북면 소토리 825번지,48330,33023,0,0825,0000,1264100007168,,,,1,용도지역코드,1220,일반공업지역,1,0,,일반공업지역,20221008
경상남도 양산시 상북면 소토리 825번지,48330,33023,0,0825,0000,12649455,,,,1,용도지역코드,1220,일반공업지역,1,0,,일반공업지역,20221008
경상남도 양산시 상북면 소토리 827번지,48330,33023,0,0827,0000,12648374,,,,1,용도지역코드,1220,일반공업지역,1,0,,일반공업지역,20221008
경상남도 양산시 상북면 소토리 827번지,48330,33023,0,0827,0000,12648374,,,,3,용도구역코드,010,도시계획구역,1,0,,도시계획구역,20221008
경상남도 양산시 상북면 소토리 827번지,48330,33023,0,0827,0000,12648274,,,,1,용도지역코드,1220,일반공업지역,1,0,,일반공업지역,20221008
경상남도 양산시 상북면 소토리 828번지,48330,33023,0,0828,0000,1264100018758,,,,1,용도지역코드,1220,일반공업지역,1,0,,일반공업지역,20221008
경상남도 양산시 상북면 소토리 831-6번지,48330,33023,0,0831,0006,1264100015637,,,,1,용도지역코드,1220,일반공업지역,1,0,,일반공업지역,20221008
경상남도 양산시 상북면 소토리 833번지,48330,33023,0,0833,0000,12648194,,,,1,용도지역코드,1220,일반공업지역,1,0,,일반공업지역,20221008
경상남도 양산시 상북면 소토리 833-2번지,48330,33023,0,0833,0002,1264100005885,,,,1,용도지역코드,1220,일반공업지역,1,0,,일반공업지역,20221008
경상남도 양산시 상북면 소토리 833-4번지,48330,33023,0,0833,0004,12649558,,,,1,용도지역코드,1330,자연녹지지역,1,0,,자연녹지지역,20221008
경상남도 양산시 상북면 소토리 833-5번지,48330,33023,0,0833,0005,1264100024031,,,,1,용도지역코드,UQA320,일반공업지역,1,0,,일반공업지역,20221008
경상남도 양산시 상북면 소토리 833-5번지,48330,33023,0,0833,0005,12649413,,,,1,용도지역코드,1220,일반공업지역,1,0,,일반공업지역,20221008
경상남도 양산시 상북면 소토리 834-5번지,48330,33023,0,0834,0005,1264100138045,,,,1,용도지역코드,UQA320,일반공업지역,1,0,,일반공업지역,20221008
경상남도 양산시 상북면 소토리 834-5번지,48330,33023,0,0834,0005,1264100138045,,,,1,용도지역코드,UQA430,자연녹지지역,0,0,,자연녹지지역,20221008
경상남도 양산시 상북면 소토리 835-2번지,48330,33023,0,0835,0002,1000000000000000175125,,,,1,용도지역코드,UQA430,자연녹지지역,1,0,,자연녹지지역,20230125
경상남도 양산시 상북면 소토리 835-2번지,48330,33023,0,0835,0002,1264100155435,,,,1,용도지역코드,UQA430,자연녹지지역,1,0,,자연녹지지역,20221008
경상남도 양산시 상북면 소토리 835-2번지,48330,33023,0,0835,0002,1264100153310,,,,1,용도지역코드,UQA430,자연녹지지역,1,0,,자연녹지지역,20221008
경상남도 양산시 상북면 소토리 835-3번지,48330,33023,0,0835,0003,1264100054748,,,,1,용도지역코드,UQA320,일반공업지역,1,0,,일반공업지역,20221008
경상남도 양산시 상북면 소토리 835-3번지,48330,33023,0,0835,0003,1264100029149,,,,1,용도지역코드,UQA320,일반공업지역,1,0,,일반공업지역,20221008
경상남도 양산시 상북면 소토리 836번지,48330,33023,0,0836,0000,1264100028409,,,,1,용도지역코드,UQA430,자연녹지지역,1,0,,자연녹지지역,20221008
경상남도 양산시 상북면 소토리 863-1번지,48330,33023,0,0863,0001,1264100020116,,,,1,용도지역코드,1330,자연녹지지역,1,0,,자연녹지지역,20221008
경상남도 양산시 상북면 소토리 873번지,48330,33023,0,0873,0000,1264100059734,,,,1,용도지역코드,UQA430,자연녹지지역,1,0,,자연녹지지역,20221008
경상남도 양산시 상북면 소토리 880번지,48330,33023,0,0880,0000,1264100045265,,,,1,용도지역코드,UQA430,자연녹지지역,1,0,,자연녹지지역,20221008
경상남도 양산시 상북면 소토리 880-3번지,48330,33023,0,0880,0003,1264100045266,,,,1,용도지역코드,UQA430,자연녹지지역,1,0,,자연녹지지역,20221008
경상남도 양산시 상북면 소토리 883-1번지,48330,33023,0,0883,0001,1264100088244,,,,1,용도지역코드,UQA430,자연녹지지역,1,0,,자연녹지지역,20221008
경상남도 양산시 상북면 소토리 883-2번지,48330,33023,0,0883,0002,1264100088245,,,,1,용도지역코드,UQA430,자연녹지지역,1,0,,자연녹지지역,20221008
경상남도 양산시 상북면 소토리 883-4번지,48330,33023,0,0883,0004,1264100037132,,,,1,용도지역코드,UQA430,자연녹지지역,1,0,,자연녹지지역,20221008
경상남도 양산시 상북면 소토리 883-6번지,48330,33023,0,0883,0006,1264100031142,,,,1,용도지역코드,UQA430,자연녹지지역,1,0,,자연녹지지역,20221008
경상남도 양산시 상북면 소토리 884번지,48330,33023,0,0884,0000,1264100096007,,,,1,용도지역코드,UQA430,자연녹지지역,1,0,,자연녹지지역,20221008
경상남도 양산시 상북면 소토리 885번지,48330,33023,0,0885,0000,1264100085082,,,,1,용도지역코드,UQA430,자연녹지지역,1,0,,자연녹지지역,20221008
경상남도 양산시 상북면 소토리 890번지,48330,33023,0,0890,0000,1264100155410,,,,1,용도지역코드,UQA430,자연녹지지역,1,0,,자연녹지지역,20221008
경상남도 양산시 상북면 소토리 890번지,48330,33023,0,0890,0000,1264100155410,,,,2,용도지구코드,UQM110,자연취락지구,1,0,,자연취락지구,20221008
경상남도 양산시 상북면 소토리 899번지,48330,33023,0,0899,0000,1264100067199,,,,1,용도지역코드,UQA430,자연녹지지역,1,0,,자연녹지지역,20221008
경상남도 양산시 상북면 소토리 899번지,48330,33023,0,0899,0000,1264100067199,,,,2,용도지구코드,UQM110,자연취락지구,1,0,,자연취락지구,20221008
경상남도 양산시 상북면 소토리 910-1번지,48330,33023,0,0910,0001,12641327,경상남도 양산시 상북면 소토리,910,1,1,용도지역코드,1220,일반공업지역,1,0,,일반공업지역,20221008
경상남도 양산시 상북면 소토리 910-22번지,48330,33023,0,0910,0022,1000000000000000979411,,,,1,용도지역코드,UQA430,자연녹지지역,0,0,,자연녹지지역,20260623
경상남도 양산시 상북면 소토리 910-22번지,48330,33023,0,0910,0022,1000000000000000979411,,,,1,용도지역코드,UQA122,제2종일반주거지역,0,0,,제2종일반주거지역,20260623
경상남도 양산시 상북면 소토리 910-22번지,48330,33023,0,0910,0022,1000000000000000979411,,,,1,용도지역코드,UQA320,일반공업지역,1,0,,일반공업지역,20260623
경상남도 양산시 상북면 소토리 910-22번지,48330,33023,0,0910,0022,1264100158031,,,,1,용도지역코드,UQA320,일반공업지역,1,0,,일반공업지역,20230530
경상남도 양산시 상북면 소토리 910-22번지,48330,33023,0,0910,0022,1264100028109,,,,1,용도지역코드,UQA320,일반공업지역,1,0,,일반공업지역,20221008
경상남도 양산시 상북면 소토리 910-22번지,48330,33023,0,0910,0022,1264100028109,,,,1,용도지역코드,UQA430,자연녹지지역,0,0,,자연녹지지역,20221008
경상남도 양산시 상북면 소토리 910-22번지,48330,33023,0,0910,0022,1000000000000000421369,,,,1,용도지역코드,UQA122,제2종일반주거지역,0,0,,제2종일반주거지역,20231130
경상남도 양산시 상북면 소토리 910-22번지,48330,33023,0,0910,0022,1000000000000000421369,,,,1,용도지역코드,UQA320,일반공업지역,1,0,,일반공업지역,20231130
경상남도 양산시 상북면 소토리 910-22번지,48330,33023,0,0910,0022,12643431,,,,1,용도지역코드,1220,일반공업지역,1,0,,일반공업지역,20221008
경상남도 양산시 상북면 소토리 910-22번지,48330,33023,0,0910,0022,1264100008890,,,,1,용도지역코드,1220,일반공업지역,1,0,,일반공업지역,20221008
경상남도 양산시 상북면 소토리 910-22번지,48330,33023,0,0910,0022,1264100008890,,,,1,용도지역코드,1330,자연녹지지역,0,0,,자연녹지지역,20221008
경상남도 양산시 상북면 소토리 913-2번지,48330,33023,0,0913,0002,12641388,,913,10,1,용도지역코드,1220,일반공업지역,1,0,,일반공업지역,20221008
경상남도 양산시 상북면 소토리 913-2번지,48330,33023,0,0913,0002,12641468,경상남도 양산시 상북면 소토리,913,2,1,용도지역코드,1220,일반공업지역,1,0,,일반공업지역,20221008
경상남도 양산시 상북면 소토리 913-5번지,48330,33023,0,0913,0005,12641196,"913-5, 9번지",,,1,용도지역코드,1220,일반공업지역,1,0,,일반공업지역,20221008
경상남도 양산시 상북면 소토리 914-1번지,48330,33023,0,0914,0001,1000000000000000983474,,,,1,용도지역코드,UQA320,일반공업지역,1,0,,일반공업지역,20260626
경상남도 양산시 상북면 소토리 914-1번지,48330,33023,0,0914,0001,1000000000000000455750,,,,1,용도지역코드,UQA320,일반공업지역,1,0,,일반공업지역,20241007
경상남도 양산시 상북면 소토리 914-1번지,48330,33023,0,0914,0001,1264100035113,,,,1,용도지역코드,UQA320,일반공업지역,1,0,,일반공업지역,20221008
경상남도 양산시 상북면 소토리 916-3번지,48330,33023,0,0916,0003,1264100015355,,,,1,용도지역코드,1220,일반공업지역,1,0,,일반공업지역,20221008
경상남도 양산시 상북면 소토리 916-3번지,48330,33023,0,0916,0003,1264892,경상남도 양산시 상북면 소토리,916,3,1,용도지역코드,0100,도시지역,1,0,,도시지역,20221008
경상남도 양산시 상북면 소토리 916-7번지,48330,33023,0,0916,0007,1264100021421,,,,1,용도지역코드,UQA320,일반공업지역,1,0,,일반공업지역,20221008
경상남도 양산시 상북면 소토리 916-7번지,48330,33023,0,0916,0007,1264100091401,,,,1,용도지역코드,UQA320,일반공업지역,1,0,,일반공업지역,20221008
경상남도 양산시 상북면 소토리 916-26번지,48330,33023,0,0916,0026,1264100153111,,,,1,용도지역코드,UMZ100,가축사육제한구역,0,0,,가축사육제한구역,20230524
경상남도 양산시 상북면 소토리 916-26번지,48330,33023,0,0916,0026,1264100153111,,,,1,용도지역코드,UQA320,일반공업지역,1,0,,일반공업지역,20230524
경상남도 양산시 상북면 소토리 916-26번지,48330,33023,0,0916,0026,1264100104514,,,,1,용도지역코드,UQA320,일반공업지역,1,0,,일반공업지역,20221008
경상남도 양산시 상북면 소토리 916-26번지,48330,33023,0,0916,0026,1264100126561,,,,1,용도지역코드,UQA320,일반공업지역,1,0,,일반공업지역,20221008
경상남도 양산시 상북면 소토리 916-26번지,48330,33023,0,0916,0026,12642904,,,,1,용도지역코드,1220,일반공업지역,1,0,,일반공업지역,20221008
경상남도 양산시 상북면 소토리 916-26번지,48330,33023,0,0916,0026,1264226,,,,1,용도지역코드,0900,산림보전지역,1,0,,산림보전지역,20221008
경상남도 양산시 상북면 소토리 916-26번지,48330,33023,0,0916,0026,1264775,,,,1,용도지역코드,0900,산림보전지역,1,0,,산림보전지역,20221008
경상남도 양산시 상북면 소토리 938-1번지,48330,33023,0,0938,0001,1000000000000000401138,,,,1,용도지역코드,UQA430,자연녹지지역,1,0,,자연녹지지역,20231102
경상남도 양산시 상북면 소토리 941번지,48330,33023,0,0941,0000,1000000000000000490760,,,,1,용도지역코드,UQA430,자연녹지지역,1,0,,자연녹지지역,20240404
경상남도 양산시 상북면 소토리 941번지,48330,33023,0,0941,0000,1264100145683,,,,1,용도지역코드,UQA430,자연녹지지역,1,0,,자연녹지지역,20240404
경상남도 양산시 상북면 소토리 964-1번지,48330,33023,0,0964,0001,1264100007147,,,,1,용도지역코드,1220,일반공업지역,1,0,,일반공업지역,20221008
경상남도 양산시 상북면 소토리 964-1번지,48330,33023,0,0964,0001,1264100012074,,,,1,용도지역코드,1220,일반공업지역,1,0,,일반공업지역,20221008
경상남도 양산시 상북면 소토리 965번지,48330,33023,0,0965,0000,1264100132443,,,,1,용도지역코드,UQA320,일반공업지역,1,0,,일반공업지역,20221008
경상남도 양산시 상북면 소토리 965번지,48330,33023,0,0965,0000,1264100132443,,,,3,용도구역코드,UMZ100,가축사육제한구역,1,0,,가축사육제한구역,20221008
경상남도 양산시 상북면 소토리 965번지,48330,33023,0,0965,0000,12641223,965,,,1,용도지역코드,1220,일반공업지역,1,0,,일반공업지역,20221008
경상남도 양산시 상북면 소토리 965번지,48330,33023,0,0965,0000,12641223,965,,,1,용도지역코드,1330,자연녹지지역,0,0,,자연녹지지역,20221008
경상남도 양산시 상북면 소토리 965번지,48330,33023,0,0965,0000,12642474,,,,1,용도지역코드,1220,일반공업지역,1,0,,일반공업지역,20221008
경상남도 양산시 상북면 소토리 965번지,48330,33023,0,0965,0000,12642474,,,,1,용도지역코드,1330,자연녹지지역,0,0,,자연녹지지역,20221008
경상남도 양산시 상북면 소토리 965번지,48330,33023,0,0965,0000,12642481,,,,1,용도지역코드,1220,일반공업지역,1,0,,일반공업지역,20221008
경상남도 양산시 상북면 소토리 965번지,48330,33023,0,0965,0000,12642481,,,,1,용도지역코드,1330,자연녹지지역,0,0,,자연녹지지역,20221008
경상남도 양산시 상북면 소토리 965번지,48330,33023,0,0965,0000,12642493,,,,1,용도지역코드,1220,일반공업지역,1,0,,일반공업지역,20221008
경상남도 양산시 상북면 소토리 965번지,48330,33023,0,0965,0000,1264100017075,,,,1,용도지역코드,1220,일반공업지역,1,0,,일반공업지역,20221008
경상남도 양산시 상북면 소토리 966-1번지,48330,33023,0,0966,0001,1000000000000000486441,,,,3,용도구역코드,UMZ100,가축사육제한구역,1,0,,가축사육제한구역,20240912
경상남도 양산시 상북면 소토리 966-1번지,48330,33023,0,0966,0001,1000000000000000486441,,,,1,용도지역코드,UQA320,일반공업지역,1,0,,일반공업지역,20240912
경상남도 양산시 상북면 소토리 966-1번지,48330,33023,0,0966,0001,1000000000000000486441,,,,1,용도지역코드,UQA430,자연녹지지역,0,0,,자연녹지지역,20240912
경상남도 양산시 상북면 소토리 966-1번지,48330,33023,0,0966,0001,1264100042663,,,,1,용도지역코드,UQA320,일반공업지역,1,0,,일반공업지역,20221008
경상남도 양산시 상북면 소토리 966-1번지,48330,33023,0,0966,0001,12642065,경상남도 양산시 상북면 소토리,966,1,1,용도지역코드,1220,일반공업지역,1,0,,일반공업지역,20221008
경상남도 양산시 상북면 소토리 966-1번지,48330,33023,0,0966,0001,12642065,경상남도 양산시 상북면 소토리,966,1,1,용도지역코드,1330,자연녹지지역,0,0,,자연녹지지역,20221008
경상남도 양산시 상북면 소토리 971번지,48330,33023,0,0971,0000,12645871,,,,1,용도지역코드,1022,제2종일반주거지역,1,0,,제2종일반주거지역,20221008
경상남도 양산시 상북면 소토리 971번지,48330,33023,0,0971,0000,12646566,,,,1,용도지역코드,1022,제2종일반주거지역,1,0,,제2종일반주거지역,20221008
경상남도 양산시 상북면 소토리 973-57번지,48330,33023,0,0973,0057,1264100115760,,,,1,용도지역코드,UQA430,자연녹지지역,1,0,,자연녹지지역,20221008
경상남도 양산시 상북면 소토리 973-57번지,48330,33023,0,0973,0057,1264100115760,,,,2,용도지구코드,UQM110,자연취락지구,1,0,,자연취락지구,20221008
경상남도 양산시 상북면 소토리 973-57번지,48330,33023,0,0973,0057,1264100115760,,,,3,용도구역코드,UMZ100,가축사육제한구역,1,0,,가축사육제한구역,20221008
경상남도 양산시 상북면 소토리 981-7번지,48330,33023,0,0981,0007,12646574,,,,1,용도지역코드,1330,자연녹지지역,1,0,,자연녹지지역,20221008
경상남도 양산시 상북면 소토리 981-7번지,48330,33023,0,0981,0007,12646574,,,,2,용도지구코드,011,자연취락지구,1,0,,자연취락지구,20221008
경상남도 양산시 상북면 소토리 981-7번지,48330,33023,0,0981,0007,12646574,,,,3,용도구역코드,010,도시계획구역,1,0,,도시계획구역,20221008
경상남도 양산시 상북면 소토리 981-7번지,48330,33023,0,0981,0007,1264100018415,,,,1,용도지역코드,1330,자연녹지지역,1,0,,자연녹지지역,20221008
경상남도 양산시 상북면 소토리 981-7번지,48330,33023,0,0981,0007,1264100018415,,,,2,용도지구코드,011,자연취락지구,1,0,,자연취락지구,20221008
경상남도 양산시 상북면 소토리 983번지,48330,33023,0,0983,0000,1264100075911,,,,1,용도지역코드,UQA430,자연녹지지역,1,0,,자연녹지지역,20221008
경상남도 양산시 상북면 소토리 983번지,48330,33023,0,0983,0000,1264100075911,,,,2,용도지구코드,UQM110,자연취락지구,1,0,,자연취락지구,20221008
경상남도 양산시 상북면 소토리 983번지,48330,33023,0,0983,0000,1264100020019,,,,1,용도지역코드,1330,자연녹지지역,1,0,,자연녹지지역,20221008
경상남도 양산시 상북면 소토리 983번지,48330,33023,0,0983,0000,1264100020019,,,,2,용도지구코드,011,자연취락지구,1,0,,자연취락지구,20221008
경상남도 양산시 상북면 소토리 983번지,48330,33023,0,0983,0000,12648929,,,,1,용도지역코드,1330,자연녹지지역,1,0,,자연녹지지역,20221008
경상남도 양산시 상북면 소토리 983번지,48330,33023,0,0983,0000,12648929,,,,2,용도지구코드,011,자연취락지구,1,0,,자연취락지구,20221008
경상남도 양산시 상북면 소토리 994번지,48330,33023,0,0994,0000,1000000000000000268875,,,,1,용도지역코드,UQA430,자연녹지지역,1,0,,자연녹지지역,20230915
경상남도 양산시 상북면 소토리 994번지,48330,33023,0,0994,0000,1000000000000000268875,,,,2,용도지구코드,UQM110,자연취락지구,1,0,,자연취락지구,20230915
경상남도 양산시 상북면 소토리 998-1번지,48330,33023,0,0998,0001,1264100006027,,,,1,용도지역코드,1330,자연녹지지역,1,0,,자연녹지지역,20221008
경상남도 양산시 상북면 소토리 998-1번지,48330,33023,0,0998,0001,1264100006027,,,,2,용도지구코드,011,자연취락지구,1,0,,자연취락지구,20221008
경상남도 양산시 상북면 소토리 1000번지,48330,33023,0,1000,0000,1264100057752,,,,1,용도지역코드,UQA430,자연녹지지역,1,0,,자연녹지지역,20221008
경상남도 양산시 상북면 소토리 1003번지,48330,33023,0,1003,0000,1000000000000000193223,,,,1,용도지역코드,UQA430,자연녹지지역,1,0,,자연녹지지역,20221212
경상남도 양산시 상북면 소토리 1003번지,48330,33023,0,1003,0000,1264100061999,,,,1,용도지역코드,UQA430,자연녹지지역,1,0,,자연녹지지역,20221008
경상남도 양산시 상북면 소토리 1015-1번지,48330,33023,0,1015,0001,1264100020351,,,,1,용도지역코드,1330,자연녹지지역,1,0,,자연녹지지역,20221008
경상남도 양산시 상북면 소토리 1015-1번지,48330,33023,0,1015,0001,1264100020351,,,,2,용도지구코드,011,자연취락지구,1,0,,자연취락지구,20221008
경상남도 양산시 상북면 소토리 1015-1번지,48330,33023,0,1015,0001,1264100016057,,,,1,용도지역코드,1330,자연녹지지역,1,0,,자연녹지지역,20221008
경상남도 양산시 상북면 소토리 1015-1번지,48330,33023,0,1015,0001,1264100016057,,,,2,용도지구코드,011,자연취락지구,1,0,,자연취락지구,20221008
경상남도 양산시 상북면 소토리 1025-7번지,48330,33023,0,1025,0007,1264100006949,,,,1,용도지역코드,1330,자연녹지지역,1,0,,자연녹지지역,20221008
경상남도 양산시 상북면 소토리 1025-7번지,48330,33023,0,1025,0007,1264100006949,,,,2,용도지구코드,011,자연취락지구,1,0,,자연취락지구,20221008
경상남도 양산시 상북면 소토리 1026-1번지,48330,33023,0,1026,0001,1264100030699,,,,1,용도지역코드,UQA430,자연녹지지역,1,0,,자연녹지지역,20221008
경상남도 양산시 상북면 소토리 1026-1번지,48330,33023,0,1026,0001,1264100030699,,,,2,용도지구코드,UQM110,자연취락지구,1,0,,자연취락지구,20221008
경상남도 양산시 상북면 소토리 1027번지,48330,33023,0,1027,0000,1264100031003,,,,1,용도지역코드,UQA430,자연녹지지역,1,0,,자연녹지지역,20221008
경상남도 양산시 상북면 소토리 1029-1번지,48330,33023,0,1029,0001,1264100067480,,,,1,용도지역코드,UQA430,자연녹지지역,1,0,,자연녹지지역,20221008
경상남도 양산시 상북면 소토리 1029-3번지,48330,33023,0,1029,0003,12643489,,1029,3,1,용도지역코드,1330,자연녹지지역,1,0,,자연녹지지역,20221008
경상남도 양산시 상북면 소토리 1029-4번지,48330,33023,0,1029,0004,12647382,,,,1,용도지역코드,1330,자연녹지지역,1,0,,자연녹지지역,20221008
경상남도 양산시 상북면 소토리 1029-12번지,48330,33023,0,1029,0012,1264100006187,,,,1,용도지역코드,1330,자연녹지지역,1,0,,자연녹지지역,20221008
경상남도 양산시 상북면 소토리 1029-12번지,48330,33023,0,1029,0012,1264100006187,,,,2,용도지구코드,011,자연취락지구,1,0,,자연취락지구,20221008
경상남도 양산시 상북면 소토리 1029-14번지,48330,33023,0,1029,0014,12645942,,,,1,용도지역코드,1330,자연녹지지역,1,0,,자연녹지지역,20221008
경상남도 양산시 상북면 소토리 1029-18번지,48330,33023,0,1029,0018,1264100097269,,,,1,용도지역코드,UQA430,자연녹지지역,1,0,,자연녹지지역,20221008
경상남도 양산시 상북면 소토리 1029-18번지,48330,33023,0,1029,0018,1264638,,,,1,용도지역코드,0800,경지지역,1,0,,경지지역,20221008
경상남도 양산시 상북면 소토리 1029-19번지,48330,33023,0,1029,0019,1264562,,,,1,용도지역코드,0800,경지지역,1,0,,경지지역,20221008
경상남도 양산시 상북면 소토리 1029-20번지,48330,33023,0,1029,0020,12646459,,,,1,용도지역코드,1330,자연녹지지역,1,0,,자연녹지지역,20221008
경상남도 양산시 상북면 소토리 1029-24번지,48330,33023,0,1029,0024,12649361,,,,1,용도지역코드,1330,자연녹지지역,1,0,,자연녹지지역,20221008
경상남도 양산시 상북면 소토리 1029-25번지,48330,33023,0,1029,0025,12647397,,,,1,용도지역코드,1330,자연녹지지역,1,0,,자연녹지지역,20221008
경상남도 양산시 상북면 소토리 1029-25번지,48330,33023,0,1029,0025,12647397,,,,3,용도구역코드,010,도시계획구역,1,0,,도시계획구역,20221008
경상남도 양산시 상북면 소토리 1029-28번지,48330,33023,0,1029,0028,1264100133205,,,,1,용도지역코드,UQA430,자연녹지지역,1,0,,자연녹지지역,20221008
경상남도 양산시 상북면 소토리 1029-39번지,48330,33023,0,1029,0039,1000000000000000418851,,,,1,용도지역코드,UQA430,자연녹지지역,1,0,,자연녹지지역,20231127
경상남도 양산시 상북면 소토리 1029-39번지,48330,33023,0,1029,0039,1000000000000000418851,,,,2,용도지구코드,UQM110,자연취락지구,1,0,,자연취락지구,20231127
경상남도 양산시 상북면 소토리 1029-39번지,48330,33023,0,1029,0039,12646171,,,,1,용도지역코드,1330,자연녹지지역,1,0,,자연녹지지역,20221008
경상남도 양산시 상북면 소토리 1029-46번지,48330,33023,0,1029,0046,12644365,,,,1,용도지역코드,1330,자연녹지지역,1,0,,자연녹지지역,20221008
경상남도 양산시 상북면 소토리 1029-46번지,48330,33023,0,1029,0046,1264100095048,,,,1,용도지역코드,UQA430,자연녹지지역,1,0,,자연녹지지역,20221008
경상남도 양산시 상북면 소토리 1029-48번지,48330,33023,0,1029,0048,1000000000000000756818,,,,1,용도지역코드,UQA430,자연녹지지역,1,0,,자연녹지지역,20250701
경상남도 양산시 상북면 소토리 1035-1번지,48330,33023,0,1035,0001,1264100088462,,,,1,용도지역코드,UQA430,자연녹지지역,1,0,,자연녹지지역,20221008
경상남도 양산시 상북면 소토리 1035-5번지,48330,33023,0,1035,0005,1264100067520,,,,1,용도지역코드,UQA430,자연녹지지역,1,0,,자연녹지지역,20221008
경상남도 양산시 상북면 소토리 1035-8번지,48330,33023,0,1035,0008,1000000000000000181350,,,,1,용도지역코드,UQA430,자연녹지지역,1,0,,자연녹지지역,20241028
경상남도 양산시 상북면 소토리 1037번지,48330,33023,0,1037,0000,1264100026932,,,,1,용도지역코드,UQA430,자연녹지지역,1,0,,자연녹지지역,20221008
경상남도 양산시 상북면 소토리 1040번지,48330,33023,0,1040,0000,1264100113040,,,,1,용도지역코드,UQA430,자연녹지지역,1,0,,자연녹지지역,20221008
경상남도 양산시 상북면 소토리 1040번지,48330,33023,0,1040,0000,1264100113040,,,,3,용도구역코드,UMZ100,가축사육제한구역,1,0,,가축사육제한구역,20221008
경상남도 양산시 상북면 소토리 1062번지,48330,33023,0,1062,0000,1000000000000000450524,,,,1,용도지역코드,UQA430,자연녹지지역,1,0,,자연녹지지역,20240607
경상남도 양산시 상북면 소토리 1062번지,48330,33023,0,1062,0000,1000000000000000450524,,,,3,용도구역코드,UMZ100,가축사육제한구역,1,0,,가축사육제한구역,20240607
경상남도 양산시 상북면 소토리 1062번지,48330,33023,0,1062,0000,1000000000000000446226,,,,1,용도지역코드,UQA430,자연녹지지역,1,0,,자연녹지지역,20240117
경상남도 양산시 상북면 소토리 1062번지,48330,33023,0,1062,0000,1264100046225,,,,1,용도지역코드,UQA430,자연녹지지역,1,0,,자연녹지지역,20221008
경상남도 양산시 상북면 소토리 1062번지,48330,33023,0,1062,0000,1264100156450,,,,1,용도지역코드,UQA430,자연녹지지역,1,0,,자연녹지지역,20221008
경상남도 양산시 상북면 소토리 1062번지,48330,33023,0,1062,0000,1264100137363,,,,1,용도지역코드,UQA430,자연녹지지역,1,0,,자연녹지지역,20221008
경상남도 양산시 상북면 소토리 1062번지,48330,33023,0,1062,0000,1264100013275,,,,1,용도지역코드,1330,자연녹지지역,1,0,,자연녹지지역,20221008
경상남도 양산시 상북면 소토리 1062번지,48330,33023,0,1062,0000,1000000000000000272031,,,,1,용도지역코드,UQA430,자연녹지지역,1,0,,자연녹지지역,20230413
경상남도 양산시 상북면 소토리 1065번지,48330,33023,0,1065,0000,1264100014874,,,,1,용도지역코드,1330,자연녹지지역,1,0,,자연녹지지역,20221008
경상남도 양산시 상북면 소토리 1066-2번지,48330,33023,0,1066,0002,1000000000000000478386,,,,1,용도지역코드,UQA430,자연녹지지역,1,0,,자연녹지지역,20240318
경상남도 양산시 상북면 소토리 1066-2번지,48330,33023,0,1066,0002,1000000000000000478382,,,,1,용도지역코드,UQA430,자연녹지지역,1,0,,자연녹지지역,20240520
경상남도 양산시 상북면 소토리 1066-2번지,48330,33023,0,1066,0002,1264100032260,,,,1,용도지역코드,UQA430,자연녹지지역,1,0,,자연녹지지역,20221008
경상남도 양산시 상북면 소토리 1124번지,48330,33023,0,1124,0000,1000000000000000263992,,,,1,용도지역코드,UQA430,자연녹지지역,1,0,,자연녹지지역,20230403
경상남도 양산시 상북면 소토리 1131-1번지,48330,33023,0,1131,0001,1264100143685,,,,1,용도지역코드,UQA430,자연녹지지역,1,0,,자연녹지지역,20221008
경상남도 양산시 상북면 소토리 1137번지,48330,33023,0,1137,0000,1000000000000000340110,,,,1,용도지역코드,UQA430,자연녹지지역,1,0,,자연녹지지역,20230719
경상남도 양산시 상북면 소토리 1154번지,48330,33023,0,1154,0000,1264100145944,,,,1,용도지역코드,UQA430,자연녹지지역,1,0,,자연녹지지역,20221008
경상남도 양산시 상북면 소토리 1155번지,48330,33023,0,1155,0000,1000000000000000824408,,,,3,용도구역코드,UMZ100,가축사육제한구역,1,0,,가축사육제한구역,20251020
경상남도 양산시 상북면 소토리 1155번지,48330,33023,0,1155,0000,1000000000000000824408,,,,1,용도지역코드,UQA430,자연녹지지역,1,0,,자연녹지지역,20251020
경상남도 양산시 상북면 소토리 1155번지,48330,33023,0,1155,0000,1000000000000000824408,,,,3,용도구역코드,ZA0006,역사문화환경보존지역,0,0,,역사문화환경보존지역,20251020
경상남도 양산시 상북면 소토리 1155번지,48330,33023,0,1155,0000,1264100146963,,,,1,용도지역코드,UQA430,자연녹지지역,1,0,,자연녹지지역,20221008
경상남도 양산시 상북면 소토리 1156번지,48330,33023,0,1156,0000,1264100084643,,,,1,용도지역코드,UQA430,자연녹지지역,1,0,,자연녹지지역,20221008
경상남도 양산시 상북면 소토리 1159-3번지,48330,33023,0,1159,0003,1264100143328,,,,1,용도지역코드,UQA430,자연녹지지역,1,0,,자연녹지지역,20221008
경상남도 양산시 상북면 소토리 1159-3번지,48330,33023,0,1159,0003,1264100143328,,,,3,용도구역코드,UMZ100,가축사육제한구역,1,0,,가축사육제한구역,20221008
경상남도 양산시 상북면 소토리 1159-7번지,48330,33023,0,1159,0007,1000000000000000287402,,,,1,용도지역코드,UQA430,자연녹지지역,1,0,,자연녹지지역,20230705
경상남도 양산시 상북면 소토리 1165번지,48330,33023,0,1165,0000,1264100055008,,,,1,용도지역코드,UQA430,자연녹지지역,1,0,,자연녹지지역,20221008
경상남도 양산시 상북면 소토리 1174-1번지,48330,33023,0,1174,0001,1264100065060,,,,1,용도지역코드,UQA430,자연녹지지역,1,0,,자연녹지지역,20221008
경상남도 양산시 상북면 소토리 1179-4번지,48330,33023,0,1179,0004,12646751,,,,1,용도지역코드,1330,자연녹지지역,1,0,,자연녹지지역,20221008
경상남도 양산시 상북면 소토리 1179-4번지,48330,33023,0,1179,0004,12646751,,,,2,용도지구코드,011,자연취락지구,1,0,,자연취락지구,20221008
경상남도 양산시 상북면 소토리 1179-7번지,48330,33023,0,1179,0007,1000000000000000926979,,,,2,용도지구코드,UQM110,자연취락지구,1,0,,자연취락지구,20260824
경상남도 양산시 상북면 소토리 1179-7번지,48330,33023,0,1179,0007,1000000000000000926979,,,,1,용도지역코드,UQA430,자연녹지지역,1,0,,자연녹지지역,20260824
경상남도 양산시 상북면 소토리 1179-7번지,48330,33023,0,1179,0007,1000000000000000918768,,,,1,용도지역코드,UQA430,자연녹지지역,1,0,,자연녹지지역,20260403
경상남도 양산시 상북면 소토리 1179-7번지,48330,33023,0,1179,0007,1000000000000000918768,,,,2,용도지구코드,UQM110,자연취락지구,1,0,,자연취락지구,20260403
경상남도 양산시 상북면 소토리 1179-7번지,48330,33023,0,1179,0007,1000000000000000918768,,,,3,용도구역코드,ZD0009,역사문화환경보존지역,1,0,,역사문화환경보존지역,20260403
경상남도 양산시 상북면 소토리 1184번지,48330,33023,0,1184,0000,12641722,,,,1,용도지역코드,1330,자연녹지지역,1,0,,자연녹지지역,20221008
경상남도 양산시 상북면 소토리 1184번지,48330,33023,0,1184,0000,12641722,,,,2,용도지구코드,011,자연취락지구,1,0,,자연취락지구,20221008
경상남도 양산시 상북면 소토리 1194-1번지,48330,33023,0,1194,0001,1264100049770,,,,1,용도지역코드,UQA430,자연녹지지역,1,0,,자연녹지지역,20221008
경상남도 양산시 상북면 소토리 1194-1번지,48330,33023,0,1194,0001,1264100043585,,,,1,용도지역코드,UQA430,자연녹지지역,1,0,,자연녹지지역,20221008
경상남도 양산시 상북면 소토리 1194-1번지,48330,33023,0,1194,0001,1264100043585,,,,1,용도지역코드,UQA430,자연녹지지역,0,0,,자연녹지지역,20221008
경상남도 양산시 상북면 소토리 1194-1번지,48330,33023,0,1194,0001,1264100043585,,,,2,용도지구코드,UQM110,자연취락지구,1,0,,자연취락지구,20221008
경상남도 양산시 상북면 소토리 1194-1번지,48330,33023,0,1194,0001,1264100043585,,,,2,용도지구코드,UQM110,자연취락지구,0,0,,자연취락지구,20221008
경상남도 양산시 상북면 소토리 1194-1번지,48330,33023,0,1194,0001,1264100039372,,,,1,용도지역코드,UQA430,자연녹지지역,1,0,,자연녹지지역,20221008
경상남도 양산시 상북면 소토리 1194-1번지,48330,33023,0,1194,0001,1264100039372,,,,2,용도지구코드,UQM110,자연취락지구,1,0,,자연취락지구,20221008
경상남도 양산시 상북면 소토리 1197번지,48330,33023,0,1197,0000,1264100040502,,,,1,용도지역코드,UQA430,자연녹지지역,1,0,,자연녹지지역,20221008
경상남도 양산시 상북면 소토리 1197번지,48330,33023,0,1197,0000,1264100040502,,,,2,용도지구코드,UQM110,자연취락지구,1,0,,자연취락지구,20221008
경상남도 양산시 상북면 소토리 1204-13번지,48330,33023,0,1204,0013,12648984,,,,1,용도지역코드,1330,자연녹지지역,1,0,,자연녹지지역,20221008
경상남도 양산시 상북면 소토리 1204-13번지,48330,33023,0,1204,0013,12648984,,,,2,용도지구코드,011,자연취락지구,1,0,,자연취락지구,20221008
경상남도 양산시 상북면 소토리 1219-1번지,48330,33023,0,1219,0001,12647509,,,,1,용도지역코드,1220,일반공업지역,1,0,,일반공업지역,20221008
경상남도 양산시 상북면 소토리 1220-1번지,48330,33023,0,1220,0001,12642947,,,,1,용도지역코드,1220,일반공업지역,1,0,,일반공업지역,20221008
경상남도 양산시 상북면 소토리 1221-3번지,48330,33023,0,1221,0003,12645225,,,,1,용도지역코드,1330,자연녹지지역,1,0,,자연녹지지역,20221008
경상남도 양산시 상북면 소토리 1221-3번지,48330,33023,0,1221,0003,12645225,,,,2,용도지구코드,011,자연취락지구,1,0,,자연취락지구,20221008
경상남도 양산시 상북면 소토리 1222-6번지,48330,33023,0,1222,0006,12647253,,,,1,용도지역코드,1220,일반공업지역,1,0,,일반공업지역,20221008
경상남도 양산시 상북면 소토리 1222-8번지,48330,33023,0,1222,0008,1000000000000000964764,,,,1,용도지역코드,UOC800,역사문화환경보존지역,0,0,,역사문화환경보존지역,20260609
경상남도 양산시 상북면 소토리 1222-8번지,48330,33023,0,1222,0008,1000000000000000964764,,,,1,용도지역코드,UQA320,일반공업지역,1,0,,일반공업지역,20260609
경상남도 양산시 상북면 소토리 1222-8번지,48330,33023,0,1222,0008,1000000000000000964764,,,,1,용도지역코드,UMZ100,가축사육제한구역,0,0,,가축사육제한구역,20260609
경상남도 양산시 상북면 소토리 1222-8번지,48330,33023,0,1222,0008,1000000000000000926451,,,,3,용도구역코드,ZA0006,역사문화환경보존지역,0,0,,역사문화환경보존지역,20260414
경상남도 양산시 상북면 소토리 1222-8번지,48330,33023,0,1222,0008,1000000000000000926451,,,,3,용도구역코드,UMZ100,가축사육제한구역,1,0,,가축사육제한구역,20260414
경상남도 양산시 상북면 소토리 1222-8번지,48330,33023,0,1222,0008,1000000000000000926451,,,,1,용도지역코드,UQA320,일반공업지역,1,0,,일반공업지역,20260414
경상남도 양산시 상북면 소토리 1222-8번지,48330,33023,0,1222,0008,1000000000000000926451,,,,2,용도지구코드,UPB200,자연재해위험지구,1,0,,자연재해위험지구,20260414
경상남도 양산시 상북면 소토리 1222-8번지,48330,33023,0,1222,0008,1000000000000000924310,,,,1,용도지역코드,UQA320,일반공업지역,1,0,,일반공업지역,20260422
경상남도 양산시 상북면 소토리 1222-8번지,48330,33023,0,1222,0008,1000000000000000455242,,,,1,용도지역코드,UQA320,일반공업지역,1,0,,일반공업지역,20260324
경상남도 양산시 상북면 소토리 1222-8번지,48330,33023,0,1222,0008,1000000000000000455242,,,,3,용도구역코드,ZA0006,역사문화환경보존지역,0,0,,역사문화환경보존지역,20260324
경상남도 양산시 상북면 소토리 1222-8번지,48330,33023,0,1222,0008,1000000000000000455242,,,,3,용도구역코드,UMZ100,가축사육제한구역,1,0,,가축사육제한구역,20260324
경상남도 양산시 상북면 소토리 1222-8번지,48330,33023,0,1222,0008,1000000000000000919992,,,,1,용도지역코드,UQA320,일반공업지역,1,0,,일반공업지역,20260406
경상남도 양산시 상북면 소토리 1222-8번지,48330,33023,0,1222,0008,1000000000000000919992,,,,2,용도지구코드,UOG200,역사문화환경지구,1,0,,역사문화환경지구,20260406
경상남도 양산시 상북면 소토리 1222-8번지,48330,33023,0,1222,0008,1000000000000000919992,,,,3,용도구역코드,UMZ100,가축사육제한구역,1,0,,가축사육제한구역,20260406
경상남도 양산시 상북면 소토리 1222-8번지,48330,33023,0,1222,0008,12641984,,,,1,용도지역코드,1220,일반공업지역,1,0,,일반공업지역,20221008
경상남도 양산시 상북면 소토리 1222-8번지,48330,33023,0,1222,0008,12641611,,,,1,용도지역코드,1220,일반공업지역,1,0,,일반공업지역,20221008
경상남도 양산시 상북면 소토리 1222-9번지,48330,33023,0,1222,0009,12642874,,,,1,용도지역코드,1220,일반공업지역,1,0,,일반공업지역,20221008
경상남도 양산시 상북면 소토리 1222-9번지,48330,33023,0,1222,0009,12641612,,,,1,용도지역코드,1220,일반공업지역,1,0,,일반공업지역,20221008
경상남도 양산시 상북면 소토리 1223번지,48330,33023,0,1223,0000,1000000000000000914784,,,,3,용도구역코드,UMZ100,가축사육제한구역,1,0,,가축사육제한구역,20260330
경상남도 양산시 상북면 소토리 1223번지,48330,33023,0,1223,0000,1000000000000000914784,,,,2,용도지구코드,UPB200,자연재해위험지구,1,0,,자연재해위험지구,20260330
경상남도 양산시 상북면 소토리 1223번지,48330,33023,0,1223,0000,1000000000000000914784,,,,1,용도지역코드,UOC800,역사문화환경보존지역,0,0,,역사문화환경보존지역,20260330
경상남도 양산시 상북면 소토리 1223번지,48330,33023,0,1223,0000,1000000000000000914784,,,,1,용도지역코드,UQA320,일반공업지역,1,0,,일반공업지역,20260330
경상남도 양산시 상북면 소토리 1226-8번지,48330,33023,0,1226,0008,12648583,,,,1,용도지역코드,1220,일반공업지역,1,0,,일반공업지역,20221008
경상남도 양산시 상북면 소토리 1228-3번지,48330,33023,0,1228,0003,1264100045025,,,,1,용도지역코드,1220,일반공업지역,1,0,,일반공업지역,20221008
경상남도 양산시 상북면 소토리 1228-3번지,48330,33023,0,1228,0003,1264100021382,,,,1,용도지역코드,1220,일반공업지역,1,0,,일반공업지역,20221008
경상남도 양산시 상북면 소토리 1228-3번지,48330,33023,0,1228,0003,12645056,,,,1,용도지역코드,1220,일반공업지역,1,0,,일반공업지역,20221008
경상남도 양산시 상북면 소토리 1228-7번지,48330,33023,0,1228,0007,1000000000000000368259,,,,3,용도구역코드,UMZ100,가축사육제한구역,1,0,,가축사육제한구역,20240527
경상남도 양산시 상북면 소토리 1228-7번지,48330,33023,0,1228,0007,1000000000000000368259,,,,3,용도구역코드,ZA0006,역사문화환경보존지역,0,0,,역사문화환경보존지역,20240527
경상남도 양산시 상북면 소토리 1228-7번지,48330,33023,0,1228,0007,1000000000000000368259,,,,1,용도지역코드,UQA320,일반공업지역,1,0,,일반공업지역,20240527
경상남도 양산시 상북면 소토리 1228-7번지,48330,33023,0,1228,0007,1264100049987,,,,1,용도지역코드,UQA320,일반공업지역,1,0,,일반공업지역,20221008
경상남도 양산시 상북면 소토리 1228-7번지,48330,33023,0,1228,0007,1264100150036,,,,3,용도구역코드,UMZ100,가축사육제한구역,1,0,,가축사육제한구역,20221008
경상남도 양산시 상북면 소토리 1228-7번지,48330,33023,0,1228,0007,1264100150036,,,,1,용도지역코드,UQA320,일반공업지역,1,0,,일반공업지역,20221008
경상남도 양산시 상북면 소토리 1229번지,48330,33023,0,1229,0000,1000000000000000637192,,,,1,용도지역코드,UQA430,자연녹지지역,0,0,,자연녹지지역,20241216
경상남도 양산시 상북면 소토리 1229번지,48330,33023,0,1229,0000,1000000000000000637192,,,,1,용도지역코드,UQA320,일반공업지역,1,0,,일반공업지역,20241216
경상남도 양산시 상북면 소토리 1230번지,48330,33023,0,1230,0000,12642732,,,,1,용도지역코드,1330,자연녹지지역,1,0,,자연녹지지역,20221008
경상남도 양산시 상북면 소토리 1234번지,48330,33023,0,1234,0000,12649344,,,,1,용도지역코드,1330,자연녹지지역,1,0,,자연녹지지역,20221008
경상남도 양산시 상북면 소토리 1241-1번지,48330,33023,0,1241,0001,12648154,,,,1,용도지역코드,1220,일반공업지역,1,0,,일반공업지역,20221008
경상남도 양산시 상북면 소토리 1241-1번지,48330,33023,0,1241,0001,12648154,,,,3,용도구역코드,010,도시계획구역,1,0,,도시계획구역,20221008
경상남도 양산시 상북면 소토리 1245번지,48330,33023,0,1245,0000,1000000000000000878326,,,,2,용도지구코드,UPB200,자연재해위험지구,1,0,,자연재해위험지구,20260121
경상남도 양산시 상북면 소토리 1245번지,48330,33023,0,1245,0000,1000000000000000878326,,,,1,용도지역코드,UQA320,일반공업지역,1,0,,일반공업지역,20260121
경상남도 양산시 상북면 소토리 1245번지,48330,33023,0,1245,0000,1000000000000000878326,,,,3,용도구역코드,UMZ100,가축사육제한구역,1,0,,가축사육제한구역,20260121
경상남도 양산시 상북면 소토리 1245번지,48330,33023,0,1245,0000,1000000000000001019311,,,,3,용도구역코드,UMZ100,가축사육제한구역,1,0,,가축사육제한구역,20260826
경상남도 양산시 상북면 소토리 1245번지,48330,33023,0,1245,0000,1000000000000001019311,,,,1,용도지역코드,UQA320,일반공업지역,1,0,,일반공업지역,20260826
경상남도 양산시 상북면 소토리 1245번지,48330,33023,0,1245,0000,1000000000000000958648,,,,3,용도구역코드,UMZ100,가축사육제한구역,1,0,,가축사육제한구역,20260528
경상남도 양산시 상북면 소토리 1245번지,48330,33023,0,1245,0000,1000000000000000958648,,,,2,용도지구코드,UPB200,자연재해위험지구,1,0,,자연재해위험지구,20260528
경상남도 양산시 상북면 소토리 1245번지,48330,33023,0,1245,0000,1000000000000000958648,,,,1,용도지역코드,UQA320,일반공업지역,1,0,,일반공업지역,20260528
경상남도 양산시 상북면 소토리 1245번지,48330,33023,0,1245,0000,1000000000000000962789,,,,3,용도구역코드,UMZ100,가축사육제한구역,1,0,,가축사육제한구역,20260604
경상남도 양산시 상북면 소토리 1245번지,48330,33023,0,1245,0000,1000000000000000962789,,,,2,용도지구코드,UPB200,자연재해위험지구,1,0,,자연재해위험지구,20260604
경상남도 양산시 상북면 소토리 1245번지,48330,33023,0,1245,0000,1000000000000000962789,,,,1,용도지역코드,UQA320,일반공업지역,1,0,,일반공업지역,20260604
경상남도 양산시 상북면 소토리 1245번지,48330,33023,0,1245,0000,1000000000000000881268,,,,1,용도지역코드,UQA320,일반공업지역,1,0,,일반공업지역,20260128
경상남도 양산시 상북면 소토리 1245번지,48330,33023,0,1245,0000,1000000000000000881268,,,,3,용도구역코드,UMZ100,가축사육제한구역,1,0,,가축사육제한구역,20260128
경상남도 양산시 상북면 소토리 1260-30번지,48330,33023,0,1260,0030,1264100013372,,,,1,용도지역코드,1220,일반공업지역,1,0,,일반공업지역,20221008
경상남도 양산시 상북면 소토리 1261번지,48330,33023,0,1261,0000,1000000000000000696250,,,,3,용도구역코드,UQQ300,지구단위계획구역,0,0,,지구단위계획구역,20250708
경상남도 양산시 상북면 소토리 1261번지,48330,33023,0,1261,0000,1000000000000000696250,,,,2,용도지구코드,UHA700,재생사업지구,1,0,,재생사업지구,20250708
경상남도 양산시 상북면 소토리 1261번지,48330,33023,0,1261,0000,1000000000000000696250,,,,3,용도구역코드,UMZ100,가축사육제한구역,1,0,,가축사육제한구역,20250708
경상남도 양산시 상북면 소토리 1261번지,48330,33023,0,1261,0000,1000000000000000696250,,,,1,용도지역코드,UQA320,일반공업지역,1,0,,일반공업지역,20250708
경상남도 양산시 상북면 소토리 1261번지,48330,33023,0,1261,0000,1000000000000000769581,,,,3,용도구역코드,UQQ300,지구단위계획구역,1,0,,지구단위계획구역,20250722
경상남도 양산시 상북면 소토리 1261번지,48330,33023,0,1261,0000,1000000000000000769581,,,,2,용도지구코드,UHA700,재생사업지구,1,0,,재생사업지구,20250722
경상남도 양산시 상북면 소토리 1261번지,48330,33023,0,1261,0000,1000000000000000769581,,,,3,용도구역코드,UMZ100,가축사육제한구역,0,0,,가축사육제한구역,20250722
경상남도 양산시 상북면 소토리 1261번지,48330,33023,0,1261,0000,1000000000000000769581,,,,1,용도지역코드,UQA320,일반공업지역,1,0,,일반공업지역,20250722
경상남도 양산시 상북면 소토리 1264번지,48330,33023,0,1264,0000,12648153,,,,1,용도지역코드,1220,일반공업지역,1,0,,일반공업지역,20221008
경상남도 양산시 상북면 소토리 1264-3번지,48330,33023,0,1264,0003,1264100105535,,,,1,용도지역코드,UQA320,일반공업지역,1,0,,일반공업지역,20221008
경상남도 양산시 상북면 소토리 1264-3번지,48330,33023,0,1264,0003,1264100014334,,,,1,용도지역코드,1220,일반공업지역,1,0,,일반공업지역,20221008
경상남도 양산시 상북면 소토리 1271번지,48330,33023,0,1271,0000,12646776,,,,1,용도지역코드,1330,자연녹지지역,1,0,,자연녹지지역,20221008
경상남도 양산시 상북면 소토리 1271-2번지,48330,33023,0,1271,0002,1264100129143,,,,1,용도지역코드,UQA430,자연녹지지역,1,0,,자연녹지지역,20221008
경상남도 양산시 상북면 소토리 1271-2번지,48330,33023,0,1271,0002,1264100129143,,,,3,용도구역코드,UMZ100,가축사육제한구역,1,0,,가축사육제한구역,20221008
경상남도 양산시 상북면 소토리 1271-2번지,48330,33023,0,1271,0002,1264100127841,,,,1,용도지역코드,UQA430,자연녹지지역,1,0,,자연녹지지역,20221008
경상남도 양산시 상북면 소토리 1271-2번지,48330,33023,0,1271,0002,1264100127841,,,,3,용도구역코드,UMZ100,가축사육제한구역,1,0,,가축사육제한구역,20221008
경상남도 양산시 상북면 소토리 1287-14번지,48330,33023,0,1287,0014,12647483,,,,1,용도지역코드,1330,자연녹지지역,1,0,,자연녹지지역,20221008
경상남도 양산시 상북면 소토리 1287-16번지,48330,33023,0,1287,0016,1264100065419,,,,1,용도지역코드,UQA320,일반공업지역,1,0,,일반공업지역,20221008
경상남도 양산시 상북면 소토리 1287-16번지,48330,33023,0,1287,0016,1264100060553,,,,1,용도지역코드,UQA320,일반공업지역,1,0,,일반공업지역,20221008
경상남도 양산시 상북면 소토리 1287-18번지,48330,33023,0,1287,0018,1248599,,,,1,용도지역코드,Z200,준농림지역,1,0,,준농림지역,20221126
경상남도 양산시 상북면 소토리 1287-24번지,48330,33023,0,1287,0024,1264100129548,,,,1,용도지역코드,UQA430,자연녹지지역,1,0,,자연녹지지역,20221008
경상남도 양산시 상북면 소토리 1287-24번지,48330,33023,0,1287,0024,1264100129548,,,,2,용도지구코드,UQM110,자연취락지구,1,0,,자연취락지구,20221008
경상남도 양산시 상북면 소토리 1287-24번지,48330,33023,0,1287,0024,1264993,,,,1,용도지역코드,0100,도시지역,1,0,,도시지역,20221008
경상남도 양산시 상북면 소토리 1287-33번지,48330,33023,0,1287,0033,1264100013056,,,,1,용도지역코드,1330,자연녹지지역,1,0,,자연녹지지역,20221008
경상남도 양산시 상북면 소토리 산9-5번지,48330,33023,1,0009,0005,12649411,,,,1,용도지역코드,1330,자연녹지지역,1,0,,자연녹지지역,20221008
경상남도 양산시 상북면 소토리 산9-77번지,48330,33023,1,0009,0077,1264100122159,,,,1,용도지역코드,UQA430,자연녹지지역,1,0,,자연녹지지역,20221008
경상남도 양산시 상북면 소토리 산34번지,48330,33023,1,0034,0000,1264100066379,,,,1,용도지역코드,UQA430,자연녹지지역,1,0,,자연녹지지역,20221008
경상남도 양산시 상북면 소토리 산42-11번지,48330,33023,1,0042,0011,12641425,경상남도 양산시 상북면 소토리,42,11,1,용도지역코드,1330,자연녹지지역,1,0,,자연녹지지역,20221008
경상남도 양산시 상북면 소토리 산55-17번지,48330,33023,1,0055,0017,1264100123641,,,,1,용도지역코드,UQA430,자연녹지지역,1,0,,자연녹지지역,20221008
경상남도 양산시 상북면 소토리 산60-2번지,48330,33023,1,0060,0002,1264100084145,,,,1,용도지역코드,UQA001,도시지역,1,0,,도시지역,20221008
경상남도 양산시 상북면 소토리 산60-2번지,48330,33023,1,0060,0002,1264100084145,,,,1,용도지역코드,UQA320,일반공업지역,0,0,,일반공업지역,20221008
경상남도 양산시 상북면 소토리 산60-2번지,48330,33023,1,0060,0002,1264100099676,,,,1,용도지역코드,UQA320,일반공업지역,1,0,,일반공업지역,20221008
경상남도 양산시 상북면 소토리 산60-9번지,48330,33023,1,0060,0009,1264100084144,,,,1,용도지역코드,UQA001,도시지역,1,0,,도시지역,20221008
경상남도 양산시 상북면 소토리 산60-9번지,48330,33023,1,0060,0009,1264100084144,,,,1,용도지역코드,UQA320,일반공업지역,0,0,,일반공업지역,20221008
경상남도 양산시 상북면 소토리 산60-9번지,48330,33023,1,0060,0009,1264100100753,,,,1,용도지역코드,UQA320,일반공업지역,1,0,,일반공업지역,20221008
경상남도 양산시 상북면 소토리 산60-11번지,48330,33023,1,0060,0011,1264100099875,,,,1,용도지역코드,UQA320,일반공업지역,1,0,,일반공업지역,20221008
경상남도 양산시 상북면 소토리 산60-11번지,48330,33023,1,0060,0011,1264100099875,,,,1,용도지역코드,UQA001,도시지역,0,0,,도시지역,20221008
경상남도 양산시 상북면 소토리 산60-12번지,48330,33023,1,0060,0012,1264100099573,,,,1,용도지역코드,UQA001,도시지역,1,0,,도시지역,20221008
경상남도 양산시 상북면 소토리 산60-12번지,48330,33023,1,0060,0012,1264100099573,,,,1,용도지역코드,UQA320,일반공업지역,0,0,,일반공업지역,20221008
경상남도 양산시 상북면 소토리 산60-12번지,48330,33023,1,0060,0012,1264100122479,,,,1,용도지역코드,UQA320,일반공업지역,1,0,,일반공업지역,20221008
경상남도 양산시 상북면 소토리 산60-12번지,48330,33023,1,0060,0012,1264100122479,,,,3,용도구역코드,UMZ100,가축사육제한구역,1,0,,가축사육제한구역,20221008
경상남도 양산시 상북면 소토리 산60-13번지,48330,33023,1,0060,0013,1264100099274,,,,1,용도지역코드,UQA320,일반공업지역,1,0,,일반공업지역,20221008
경상남도 양산시 상북면 소토리 산60-13번지,48330,33023,1,0060,0013,1264100099274,,,,1,용도지역코드,UQA001,도시지역,0,0,,도시지역,20221008
경상남도 양산시 상북면 소토리 산60-13번지,48330,33023,1,0060,0013,1264100102416,,,,1,용도지역코드,UQA320,일반공업지역,1,0,,일반공업지역,20221008
경상남도 양산시 상북면 소토리 산60-13번지,48330,33023,1,0060,0013,1264100102416,,,,1,용도지역코드,UQA001,도시지역,0,0,,도시지역,20221008
경상남도 양산시 상북면 소토리 산60-14번지,48330,33023,1,0060,0014,1264100099514,,,,1,용도지역코드,UQA320,일반공업지역,1,0,,일반공업지역,20221008
경상남도 양산시 상북면 소토리 산60-14번지,48330,33023,1,0060,0014,1264100110558,,,,1,용도지역코드,UQA320,일반공업지역,1,0,,일반공업지역,20221008
경상남도 양산시 상북면 소토리 산60-14번지,48330,33023,1,0060,0014,1264100110558,,,,3,용도구역코드,UMZ100,가축사육제한구역,1,0,,가축사육제한구역,20221008
경상남도 양산시 상북면 소토리 산60-16번지,48330,33023,1,0060,0016,1264100122520,,,,1,용도지역코드,UQA320,일반공업지역,1,0,,일반공업지역,20221008
경상남도 양산시 상북면 소토리 산60-16번지,48330,33023,1,0060,0016,1264100122520,,,,3,용도구역코드,UMZ100,가축사육제한구역,1,0,,가축사육제한구역,20221008
경상남도 양산시 상북면 소토리 산60-17번지,48330,33023,1,0060,0017,1264100140885,,,,1,용도지역코드,UQA320,일반공업지역,1,0,,일반공업지역,20221008
경상남도 양산시 상북면 소토리 산60-18번지,48330,33023,1,0060,0018,1264100122519,,,,1,용도지역코드,UQA320,일반공업지역,1,0,,일반공업지역,20221008
경상남도 양산시 상북면 소토리 산60-18번지,48330,33023,1,0060,0018,1264100122519,,,,3,용도구역코드,UMZ100,가축사육제한구역,1,0,,가축사육제한구역,20221008
경상남도 양산시 상북면 소토리 산63번지,48330,33023,1,0063,0000,12648044,,,,1,용도지역코드,1220,일반공업지역,1,0,,일반공업지역,20221008
경상남도 양산시 상북면 소토리 산63번지,48330,33023,1,0063,0000,12648044,,,,3,용도구역코드,010,도시계획구역,1,0,,도시계획구역,20221008
경상남도 양산시 상북면 소토리 산80-1번지,48330,33023,1,0080,0001,1264100113137,,,,1,용도지역코드,UQA430,자연녹지지역,1,0,,자연녹지지역,20230502
경상남도 양산시 상북면 소토리 산128-3번지,48330,33023,1,0128,0003,1264100110298,,,,1,용도지역코드,UQA430,자연녹지지역,1,0,,자연녹지지역,20221008
경상남도 양산시 상북면 소토리 산128-3번지,48330,33023,1,0128,0003,1264100012831,,,,1,용도지역코드,1330,자연녹지지역,1,0,,자연녹지지역,20221008
경상남도 양산시 상북면 소토리 산128-7번지,48330,33023,1,0128,0007,1264100122860,,,,1,용도지역코드,UQA430,자연녹지지역,1,0,,자연녹지지역,20221008
경상남도 양산시 상북면 소토리 산128-9번지,48330,33023,1,0128,0009,1264100023448,,,,1,용도지역코드,UQA430,자연녹지지역,1,0,,자연녹지지역,20221008
경상남도 양산시 상북면 소토리 산128-10번지,48330,33023,1,0128,0010,1264100112456,,,,1,용도지역코드,UQA430,자연녹지지역,1,0,,자연녹지지역,20221008
경상남도 양산시 상북면 소토리 산128-11번지,48330,33023,1,0128,0011,1264100106118,,,,1,용도지역코드,UQA430,자연녹지지역,1,0,,자연녹지지역,20221008
경상남도 양산시 상북면 소토리 산128-11번지,48330,33023,1,0128,0011,1264100106119,,,,1,용도지역코드,UQA430,자연녹지지역,1,0,,자연녹지지역,20221008
경상남도 양산시 상북면 소토리 산128-12번지,48330,33023,1,0128,0012,1264100082199,,,,1,용도지역코드,UQA430,자연녹지지역,1,0,,자연녹지지역,20250519
경상남도 양산시 상북면 소토리 산128-12번지,48330,33023,1,0128,0012,1264100082199,,,,2,용도지구코드,UFF100,초지,1,0,,초지,20250519
경상남도 양산시 상북면 소토리 산128-13번지,48330,33023,1,0128,0013,1264100070699,,,,1,용도지역코드,UQA430,자연녹지지역,1,0,,자연녹지지역,20221008
경상남도 양산시 상북면 소토리 산128-16번지,48330,33023,1,0128,0016,1264100080527,,,,1,용도지역코드,UQA430,자연녹지지역,1,0,,자연녹지지역,20221008
경상남도 양산시 상북면 소토리 산128-23번지,48330,33023,1,0128,0023,1264100069822,,,,1,용도지역코드,UQA430,자연녹지지역,1,0,,자연녹지지역,20221008
경상남도 양산시 상북면 소토리 산132번지,48330,33023,1,0132,0000,12647506,,,,1,용도지역코드,1330,자연녹지지역,1,0,,자연녹지지역,20221008
경상남도 양산시 상북면 소토리 산138-6번지,48330,33023,1,0138,0006,1264100045908,,,,1,용도지역코드,UQA430,자연녹지지역,1,0,,자연녹지지역,20221008
경상남도 양산시 상북면 소토리 산139번지,48330,33023,1,0139,0000,12646494,,,,1,용도지역코드,1330,자연녹지지역,1,0,,자연녹지지역,20221008
