대지위치,시군구코드,법정동코드,대지구분코드,번,지,관리허가대장PK,특수지명,블록,로트,지역지구구역구분코드,지역지구구역구분코드명,지역지구구역코드,지역지구구역코드명,대표여부,주동구분코드,주동구분코드명,지역지구구역명,생성일자
경상남도 양산시 삼호동 ,48330,11400,0,0000,0000,12649037,,,,1,용도지역코드,1120,일반상업지역,1,0,,일반상업지역,20221008
경상남도 양산시 삼호동 ,48330,11400,0,0000,0000,12649037,,,,2,용도지구코드,340,토지구획정리사업지구,1,0,,토지구획정리사업지구,20221008
경상남도 양산시 삼호동 ,48330,11400,0,0000,0000,12649037,,,,3,용도구역코드,130,토지구획정리사업구역,1,0,,토지구획정리사업구역,20221008
경상남도 양산시 삼호동 ,48330,11400,0,0000,0000,12641857,경남 양산시 웅상읍 삼호리 510-4번지,,,1,용도지역코드,1030,준주거지역,1,0,,준주거지역,20221008
경상남도 양산시 삼호동 ,48330,11400,0,0000,0000,12649101,,,,1,용도지역코드,1120,일반상업지역,1,0,,일반상업지역,20221008
경상남도 양산시 삼호동 23번지,48330,11400,0,0023,0000,1264100147413,,,,1,용도지역코드,UQA430,자연녹지지역,1,0,,자연녹지지역,20221008
경상남도 양산시 삼호동 27번지,48330,11400,0,0027,0000,1264100072799,,,,1,용도지역코드,UQA410,보전녹지지역,1,0,,보전녹지지역,20221008
경상남도 양산시 삼호동 29번지,48330,11400,0,0029,0000,1000000000000000680930,,,,1,용도지역코드,UQA430,자연녹지지역,1,0,,자연녹지지역,20250314
경상남도 양산시 삼호동 29번지,48330,11400,0,0029,0000,1264100153471,,,,1,용도지역코드,UQA430,자연녹지지역,1,0,,자연녹지지역,20221008
경상남도 양산시 삼호동 30번지,48330,11400,0,0030,0000,1264100078259,,,,1,용도지역코드,UQA430,자연녹지지역,1,0,,자연녹지지역,20221008
경상남도 양산시 삼호동 64번지,48330,11400,0,0064,0000,1000000000000000741841,,,,1,용도지역코드,UQA430,자연녹지지역,1,0,,자연녹지지역,20250610
경상남도 양산시 삼호동 74-3번지,48330,11400,0,0074,0003,1264100129263,,,,1,용도지역코드,UQA430,자연녹지지역,1,0,,자연녹지지역,20230905
경상남도 양산시 삼호동 74-3번지,48330,11400,0,0074,0003,1264100129263,,,,3,용도구역코드,UMZ100,가축사육제한구역,1,0,,가축사육제한구역,20230905
경상남도 양산시 삼호동 81-3번지,48330,11400,0,0081,0003,12643151,,,,1,용도지역코드,1330,자연녹지지역,1,0,,자연녹지지역,20221008
경상남도 양산시 삼호동 90번지,48330,11400,0,0090,0000,1264100127621,,,,1,용도지역코드,UQA430,자연녹지지역,1,0,,자연녹지지역,20221008
경상남도 양산시 삼호동 90번지,48330,11400,0,0090,0000,1264100127621,,,,3,용도구역코드,UMZ100,가축사육제한구역,1,0,,가축사육제한구역,20221008
경상남도 양산시 삼호동 90-1번지,48330,11400,0,0090,0001,1264100126643,,,,1,용도지역코드,UQA430,자연녹지지역,1,0,,자연녹지지역,20221008
경상남도 양산시 삼호동 93번지,48330,11400,0,0093,0000,12642317,,,,1,용도지역코드,1330,자연녹지지역,1,0,,자연녹지지역,20221008
경상남도 양산시 삼호동 101-1번지,48330,11400,0,0101,0001,12647823,,,,1,용도지역코드,1021,제1종일반주거지역,1,0,,제1종일반주거지역,20221008
경상남도 양산시 삼호동 101-1번지,48330,11400,0,0101,0001,12647823,,,,3,용도구역코드,010,도시계획구역,1,0,,도시계획구역,20221008
경상남도 양산시 삼호동 101-2번지,48330,11400,0,0101,0002,1264100099893,,,,1,용도지역코드,UQA121,제1종일반주거지역,1,0,,제1종일반주거지역,20221008
경상남도 양산시 삼호동 101-2번지,48330,11400,0,0101,0002,1264100099893,,,,3,용도구역코드,UQQ310,제1종지구단위계획구역,1,0,,제1종지구단위계획구역,20221008
경상남도 양산시 삼호동 101-2번지,48330,11400,0,0101,0002,12647824,,,,1,용도지역코드,1021,제1종일반주거지역,1,0,,제1종일반주거지역,20221008
경상남도 양산시 삼호동 101-2번지,48330,11400,0,0101,0002,12647824,,,,3,용도구역코드,010,도시계획구역,1,0,,도시계획구역,20221008
경상남도 양산시 삼호동 101-4번지,48330,11400,0,0101,0004,12644067,,,,1,용도지역코드,1022,제2종일반주거지역,1,0,,제2종일반주거지역,20221008
경상남도 양산시 삼호동 101-4번지,48330,11400,0,0101,0004,12644067,,,,2,용도지구코드,160,택지개발지구,1,0,,택지개발지구,20221008
경상남도 양산시 삼호동 101-4번지,48330,11400,0,0101,0004,12644067,,,,3,용도구역코드,300,지구단위계획구역,1,0,,지구단위계획구역,20221008
경상남도 양산시 삼호동 101-5번지,48330,11400,0,0101,0005,12646005,,,,1,용도지역코드,1022,제2종일반주거지역,1,0,,제2종일반주거지역,20221008
경상남도 양산시 삼호동 101-5번지,48330,11400,0,0101,0005,12646005,,,,2,용도지구코드,160,택지개발지구,1,0,,택지개발지구,20221008
경상남도 양산시 삼호동 101-5번지,48330,11400,0,0101,0005,12646005,,,,3,용도구역코드,300,지구단위계획구역,1,0,,지구단위계획구역,20221008
경상남도 양산시 삼호동 101-6번지,48330,11400,0,0101,0006,12643610,,,,1,용도지역코드,1020,일반주거지역,1,0,,일반주거지역,20221008
경상남도 양산시 삼호동 101-7번지,48330,11400,0,0101,0007,12645658,,,,1,용도지역코드,1020,일반주거지역,1,0,,일반주거지역,20221008
경상남도 양산시 삼호동 101-7번지,48330,11400,0,0101,0007,12645658,,,,2,용도지구코드,160,택지개발지구,1,0,,택지개발지구,20221008
경상남도 양산시 삼호동 101-7번지,48330,11400,0,0101,0007,12645658,,,,3,용도구역코드,300,지구단위계획구역,1,0,,지구단위계획구역,20221008
경상남도 양산시 삼호동 101-8번지,48330,11400,0,0101,0008,1264100146363,,,,1,용도지역코드,UQA121,제1종일반주거지역,1,0,,제1종일반주거지역,20221008
경상남도 양산시 삼호동 101-8번지,48330,11400,0,0101,0008,1264100146363,,,,3,용도구역코드,UQQ310,제1종지구단위계획구역,1,0,,제1종지구단위계획구역,20221008
경상남도 양산시 삼호동 101-8번지,48330,11400,0,0101,0008,1264100014934,,,,1,용도지역코드,1021,제1종일반주거지역,1,0,,제1종일반주거지역,20221008
경상남도 양산시 삼호동 101-8번지,48330,11400,0,0101,0008,1264100014934,,,,3,용도구역코드,301,제1종지구단위계획구역,1,0,,제1종지구단위계획구역,20221008
경상남도 양산시 삼호동 102-2번지,48330,11400,0,0102,0002,12644533,,,,1,용도지역코드,1022,제2종일반주거지역,1,0,,제2종일반주거지역,20221008
경상남도 양산시 삼호동 102-3번지,48330,11400,0,0102,0003,12643892,,,,1,용도지역코드,1020,일반주거지역,1,0,,일반주거지역,20221008
경상남도 양산시 삼호동 102-3번지,48330,11400,0,0102,0003,12643892,,,,2,용도지구코드,160,택지개발지구,1,0,,택지개발지구,20221008
경상남도 양산시 삼호동 102-3번지,48330,11400,0,0102,0003,12643892,,,,3,용도구역코드,050,상세계획구역,1,0,,상세계획구역,20221008
경상남도 양산시 삼호동 102-4번지,48330,11400,0,0102,0004,12647021,,,,1,용도지역코드,1021,제1종일반주거지역,1,0,,제1종일반주거지역,20221008
경상남도 양산시 삼호동 102-4번지,48330,11400,0,0102,0004,1264100022084,,,,1,용도지역코드,UQA121,제1종일반주거지역,1,0,,제1종일반주거지역,20221008
경상남도 양산시 삼호동 102-5번지,48330,11400,0,0102,0005,1264100024373,,,,1,용도지역코드,UQA121,제1종일반주거지역,1,0,,제1종일반주거지역,20221008
경상남도 양산시 삼호동 102-5번지,48330,11400,0,0102,0005,1264100024373,,,,3,용도구역코드,UQQ310,제1종지구단위계획구역,1,0,,제1종지구단위계획구역,20221008
경상남도 양산시 삼호동 102-5번지,48330,11400,0,0102,0005,1264100015795,,,,1,용도지역코드,1021,제1종일반주거지역,1,0,,제1종일반주거지역,20221008
경상남도 양산시 삼호동 102-5번지,48330,11400,0,0102,0005,1264100015795,,,,3,용도구역코드,301,제1종지구단위계획구역,1,0,,제1종지구단위계획구역,20221008
경상남도 양산시 삼호동 102-7번지,48330,11400,0,0102,0007,12648793,,,,1,용도지역코드,1021,제1종일반주거지역,1,0,,제1종일반주거지역,20221008
경상남도 양산시 삼호동 102-7번지,48330,11400,0,0102,0007,12648793,,,,2,용도지구코드,160,택지개발지구,1,0,,택지개발지구,20221008
경상남도 양산시 삼호동 102-7번지,48330,11400,0,0102,0007,12648793,,,,3,용도구역코드,301,제1종지구단위계획구역,1,0,,제1종지구단위계획구역,20221008
경상남도 양산시 삼호동 104-2번지,48330,11400,0,0104,0002,12646978,,,,1,용도지역코드,1021,제1종일반주거지역,1,0,,제1종일반주거지역,20221008
경상남도 양산시 삼호동 104-2번지,48330,11400,0,0104,0002,12646978,,,,2,용도지구코드,980,용도지구미지정,1,0,,용도지구미지정,20221008
경상남도 양산시 삼호동 104-2번지,48330,11400,0,0104,0002,12646978,,,,3,용도구역코드,300,지구단위계획구역,1,0,,지구단위계획구역,20221008
경상남도 양산시 삼호동 104-3번지,48330,11400,0,0104,0003,12647016,,,,1,용도지역코드,1021,제1종일반주거지역,1,0,,제1종일반주거지역,20221008
경상남도 양산시 삼호동 104-3번지,48330,11400,0,0104,0003,12647016,,,,2,용도지구코드,160,택지개발지구,1,0,,택지개발지구,20221008
경상남도 양산시 삼호동 104-3번지,48330,11400,0,0104,0003,12647016,,,,3,용도구역코드,301,제1종지구단위계획구역,1,0,,제1종지구단위계획구역,20221008
경상남도 양산시 삼호동 104-3번지,48330,11400,0,0104,0003,1264100116096,,,,1,용도지역코드,UQA121,제1종일반주거지역,1,0,,제1종일반주거지역,20240808
경상남도 양산시 삼호동 104-3번지,48330,11400,0,0104,0003,1264100116096,,,,3,용도구역코드,UQQ310,제1종지구단위계획구역,1,0,,제1종지구단위계획구역,20240808
경상남도 양산시 삼호동 104-5번지,48330,11400,0,0104,0005,12646998,,,,1,용도지역코드,1021,제1종일반주거지역,1,0,,제1종일반주거지역,20221008
경상남도 양산시 삼호동 104-5번지,48330,11400,0,0104,0005,12646998,,,,2,용도지구코드,160,택지개발지구,1,0,,택지개발지구,20221008
경상남도 양산시 삼호동 104-5번지,48330,11400,0,0104,0005,12646998,,,,3,용도구역코드,301,제1종지구단위계획구역,1,0,,제1종지구단위계획구역,20221008
경상남도 양산시 삼호동 104-6번지,48330,11400,0,0104,0006,12649100,,,,1,용도지역코드,1021,제1종일반주거지역,1,0,,제1종일반주거지역,20221008
경상남도 양산시 삼호동 104-6번지,48330,11400,0,0104,0006,12649100,,,,3,용도구역코드,301,제1종지구단위계획구역,1,0,,제1종지구단위계획구역,20221008
경상남도 양산시 삼호동 104-8번지,48330,11400,0,0104,0008,12648674,,,,1,용도지역코드,1021,제1종일반주거지역,1,0,,제1종일반주거지역,20221008
경상남도 양산시 삼호동 104-8번지,48330,11400,0,0104,0008,12648674,,,,3,용도구역코드,010,도시계획구역,1,0,,도시계획구역,20221008
경상남도 양산시 삼호동 104-9번지,48330,11400,0,0104,0009,12647989,,,,1,용도지역코드,1021,제1종일반주거지역,1,0,,제1종일반주거지역,20221008
경상남도 양산시 삼호동 104-9번지,48330,11400,0,0104,0009,12647159,,,,1,용도지역코드,1021,제1종일반주거지역,1,0,,제1종일반주거지역,20221008
경상남도 양산시 삼호동 104-10번지,48330,11400,0,0104,0010,12643648,,,,1,용도지역코드,1020,일반주거지역,1,0,,일반주거지역,20221008
경상남도 양산시 삼호동 104-11번지,48330,11400,0,0104,0011,12643857,,,,1,용도지역코드,1020,일반주거지역,1,0,,일반주거지역,20221008
경상남도 양산시 삼호동 104-11번지,48330,11400,0,0104,0011,12643857,,,,2,용도지구코드,160,택지개발지구,1,0,,택지개발지구,20221008
경상남도 양산시 삼호동 104-11번지,48330,11400,0,0104,0011,12643857,,,,3,용도구역코드,300,지구단위계획구역,1,0,,지구단위계획구역,20221008
경상남도 양산시 삼호동 104-12번지,48330,11400,0,0104,0012,1264100040262,,,,1,용도지역코드,UQA121,제1종일반주거지역,1,0,,제1종일반주거지역,20221008
경상남도 양산시 삼호동 104-12번지,48330,11400,0,0104,0012,1264100040262,,,,3,용도구역코드,UQQ310,제1종지구단위계획구역,1,0,,제1종지구단위계획구역,20221008
경상남도 양산시 삼호동 104-13번지,48330,11400,0,0104,0013,12647147,,,,1,용도지역코드,1021,제1종일반주거지역,1,0,,제1종일반주거지역,20221008
경상남도 양산시 삼호동 109-2번지,48330,11400,0,0109,0002,1000000000000000824979,,,,3,용도구역코드,UQQ310,제1종지구단위계획구역,1,0,,제1종지구단위계획구역,20260108
경상남도 양산시 삼호동 109-2번지,48330,11400,0,0109,0002,1000000000000000824979,,,,1,용도지역코드,UQA121,제1종일반주거지역,1,0,,제1종일반주거지역,20260108
경상남도 양산시 삼호동 109-2번지,48330,11400,0,0109,0002,1264100055908,,,,1,용도지역코드,UQA121,제1종일반주거지역,1,0,,제1종일반주거지역,20221008
경상남도 양산시 삼호동 109-2번지,48330,11400,0,0109,0002,1264100055908,,,,3,용도구역코드,UQQ310,제1종지구단위계획구역,1,0,,제1종지구단위계획구역,20221008
경상남도 양산시 삼호동 109-3번지,48330,11400,0,0109,0003,1264100094466,,,,1,용도지역코드,UQA121,제1종일반주거지역,1,0,,제1종일반주거지역,20221008
경상남도 양산시 삼호동 109-3번지,48330,11400,0,0109,0003,1264100094466,,,,3,용도구역코드,UQQ310,제1종지구단위계획구역,1,0,,제1종지구단위계획구역,20221008
경상남도 양산시 삼호동 109-3번지,48330,11400,0,0109,0003,1264100094466,,,,3,용도구역코드,UOA110,절대정화구역,0,0,,절대정화구역,20221008
경상남도 양산시 삼호동 109-4번지,48330,11400,0,0109,0004,12643797,,,,1,용도지역코드,1020,일반주거지역,1,0,,일반주거지역,20221008
경상남도 양산시 삼호동 109-4번지,48330,11400,0,0109,0004,12643797,,,,2,용도지구코드,160,택지개발지구,1,0,,택지개발지구,20221008
경상남도 양산시 삼호동 109-5번지,48330,11400,0,0109,0005,12647022,,,,1,용도지역코드,1021,제1종일반주거지역,1,0,,제1종일반주거지역,20221008
경상남도 양산시 삼호동 109-5번지,48330,11400,0,0109,0005,1264100108997,,,,1,용도지역코드,UQA121,제1종일반주거지역,1,0,,제1종일반주거지역,20221008
경상남도 양산시 삼호동 109-5번지,48330,11400,0,0109,0005,1264100108997,,,,3,용도구역코드,UQQ310,제1종지구단위계획구역,1,0,,제1종지구단위계획구역,20221008
경상남도 양산시 삼호동 112-1번지,48330,11400,0,0112,0001,12643241,,,,1,용도지역코드,1020,일반주거지역,1,0,,일반주거지역,20221008
경상남도 양산시 삼호동 112-2번지,48330,11400,0,0112,0002,12643619,,,,1,용도지역코드,1020,일반주거지역,1,0,,일반주거지역,20221008
경상남도 양산시 삼호동 112-3번지,48330,11400,0,0112,0003,12643893,,,,1,용도지역코드,1020,일반주거지역,1,0,,일반주거지역,20221008
경상남도 양산시 삼호동 112-3번지,48330,11400,0,0112,0003,12643893,,,,2,용도지구코드,160,택지개발지구,1,0,,택지개발지구,20221008
경상남도 양산시 삼호동 112-3번지,48330,11400,0,0112,0003,12643893,,,,3,용도구역코드,300,지구단위계획구역,1,0,,지구단위계획구역,20221008
경상남도 양산시 삼호동 112-4번지,48330,11400,0,0112,0004,12643778,,,,1,용도지역코드,1020,일반주거지역,1,0,,일반주거지역,20221008
경상남도 양산시 삼호동 112-5번지,48330,11400,0,0112,0005,12643841,,,,1,용도지역코드,1020,일반주거지역,1,0,,일반주거지역,20221008
경상남도 양산시 삼호동 112-5번지,48330,11400,0,0112,0005,12643841,,,,2,용도지구코드,160,택지개발지구,1,0,,택지개발지구,20221008
경상남도 양산시 삼호동 112-5번지,48330,11400,0,0112,0005,12643841,,,,3,용도구역코드,050,상세계획구역,1,0,,상세계획구역,20221008
경상남도 양산시 삼호동 112-6번지,48330,11400,0,0112,0006,12643904,,,,1,용도지역코드,1020,일반주거지역,1,0,,일반주거지역,20221008
경상남도 양산시 삼호동 112-6번지,48330,11400,0,0112,0006,12643904,,,,2,용도지구코드,160,택지개발지구,1,0,,택지개발지구,20221008
경상남도 양산시 삼호동 112-6번지,48330,11400,0,0112,0006,12643904,,,,3,용도구역코드,990,기타구역,1,0,,기타구역,20221008
경상남도 양산시 삼호동 112-7번지,48330,11400,0,0112,0007,12643846,,,,1,용도지역코드,1020,일반주거지역,1,0,,일반주거지역,20221008
경상남도 양산시 삼호동 112-7번지,48330,11400,0,0112,0007,12643846,,,,2,용도지구코드,160,택지개발지구,1,0,,택지개발지구,20221008
경상남도 양산시 삼호동 112-7번지,48330,11400,0,0112,0007,12643846,,,,3,용도구역코드,301,제1종지구단위계획구역,1,0,,제1종지구단위계획구역,20221008
경상남도 양산시 삼호동 112-8번지,48330,11400,0,0112,0008,1264100008326,,,,1,용도지역코드,1021,제1종일반주거지역,1,0,,제1종일반주거지역,20221008
경상남도 양산시 삼호동 112-9번지,48330,11400,0,0112,0009,12648002,,,,1,용도지역코드,1021,제1종일반주거지역,1,0,,제1종일반주거지역,20221008
경상남도 양산시 삼호동 112-9번지,48330,11400,0,0112,0009,12648002,,,,2,용도지구코드,160,택지개발지구,1,0,,택지개발지구,20221008
경상남도 양산시 삼호동 112-9번지,48330,11400,0,0112,0009,12647050,,,,1,용도지역코드,1021,제1종일반주거지역,1,0,,제1종일반주거지역,20221008
경상남도 양산시 삼호동 112-10번지,48330,11400,0,0112,0010,12643981,,,,1,용도지역코드,1022,제2종일반주거지역,1,0,,제2종일반주거지역,20221008
경상남도 양산시 삼호동 112-10번지,48330,11400,0,0112,0010,12643981,,,,2,용도지구코드,160,택지개발지구,1,0,,택지개발지구,20221008
경상남도 양산시 삼호동 112-10번지,48330,11400,0,0112,0010,12643981,,,,3,용도구역코드,300,지구단위계획구역,1,0,,지구단위계획구역,20221008
경상남도 양산시 삼호동 112-11번지,48330,11400,0,0112,0011,12644941,,,,1,용도지역코드,1022,제2종일반주거지역,1,0,,제2종일반주거지역,20221008
경상남도 양산시 삼호동 112-11번지,48330,11400,0,0112,0011,12644941,,,,2,용도지구코드,160,택지개발지구,1,0,,택지개발지구,20221008
경상남도 양산시 삼호동 112-11번지,48330,11400,0,0112,0011,12644941,,,,3,용도구역코드,300,지구단위계획구역,1,0,,지구단위계획구역,20221008
경상남도 양산시 삼호동 112-12번지,48330,11400,0,0112,0012,1264100067800,,,,1,용도지역코드,UQA121,제1종일반주거지역,1,0,,제1종일반주거지역,20221008
경상남도 양산시 삼호동 112-12번지,48330,11400,0,0112,0012,1264100067800,,,,3,용도구역코드,UQQ310,제1종지구단위계획구역,1,0,,제1종지구단위계획구역,20221008
경상남도 양산시 삼호동 112-12번지,48330,11400,0,0112,0012,1264100067800,,,,3,용도구역코드,UOA110,절대정화구역,0,0,,절대정화구역,20221008
경상남도 양산시 삼호동 112-13번지,48330,11400,0,0112,0013,1264100040191,,,,1,용도지역코드,UQA121,제1종일반주거지역,1,0,,제1종일반주거지역,20221008
경상남도 양산시 삼호동 112-13번지,48330,11400,0,0112,0013,1264100040191,,,,3,용도구역코드,UQQ310,제1종지구단위계획구역,1,0,,제1종지구단위계획구역,20221008
경상남도 양산시 삼호동 112-14번지,48330,11400,0,0112,0014,1264100040190,,,,3,용도구역코드,UQQ310,제1종지구단위계획구역,1,0,,제1종지구단위계획구역,20221008
경상남도 양산시 삼호동 112-14번지,48330,11400,0,0112,0014,1264100040190,,,,1,용도지역코드,UQA121,제1종일반주거지역,1,0,,제1종일반주거지역,20221008
경상남도 양산시 삼호동 112-15번지,48330,11400,0,0112,0015,12644832,,,,1,용도지역코드,1022,제2종일반주거지역,1,0,,제2종일반주거지역,20221008
경상남도 양산시 삼호동 112-15번지,48330,11400,0,0112,0015,12644832,,,,2,용도지구코드,160,택지개발지구,1,0,,택지개발지구,20221008
경상남도 양산시 삼호동 112-15번지,48330,11400,0,0112,0015,12644832,,,,3,용도구역코드,300,지구단위계획구역,1,0,,지구단위계획구역,20221008
경상남도 양산시 삼호동 112-16번지,48330,11400,0,0112,0016,1264100067519,,,,1,용도지역코드,UQA121,제1종일반주거지역,1,0,,제1종일반주거지역,20221008
경상남도 양산시 삼호동 112-16번지,48330,11400,0,0112,0016,1264100067519,,,,3,용도구역코드,UQQ310,제1종지구단위계획구역,1,0,,제1종지구단위계획구역,20221008
경상남도 양산시 삼호동 112-16번지,48330,11400,0,0112,0016,1264100067519,,,,3,용도구역코드,UOA110,절대정화구역,0,0,,절대정화구역,20221008
경상남도 양산시 삼호동 112-17번지,48330,11400,0,0112,0017,12643872,,,,1,용도지역코드,1022,제2종일반주거지역,1,0,,제2종일반주거지역,20221008
경상남도 양산시 삼호동 112-17번지,48330,11400,0,0112,0017,12643872,,,,2,용도지구코드,160,택지개발지구,1,0,,택지개발지구,20221008
경상남도 양산시 삼호동 112-17번지,48330,11400,0,0112,0017,12643872,,,,3,용도구역코드,300,지구단위계획구역,1,0,,지구단위계획구역,20221008
경상남도 양산시 삼호동 112-18번지,48330,11400,0,0112,0018,12644541,,,,1,용도지역코드,1022,제2종일반주거지역,1,0,,제2종일반주거지역,20221008
경상남도 양산시 삼호동 112-18번지,48330,11400,0,0112,0018,12644541,,,,2,용도지구코드,160,택지개발지구,1,0,,택지개발지구,20221008
경상남도 양산시 삼호동 112-18번지,48330,11400,0,0112,0018,12644541,,,,3,용도구역코드,301,제1종지구단위계획구역,1,0,,제1종지구단위계획구역,20221008
경상남도 양산시 삼호동 114-1번지,48330,11400,0,0114,0001,1264100019785,,,,1,용도지역코드,1021,제1종일반주거지역,1,0,,제1종일반주거지역,20221008
경상남도 양산시 삼호동 114-1번지,48330,11400,0,0114,0001,1264100019785,,,,3,용도구역코드,301,제1종지구단위계획구역,1,0,,제1종지구단위계획구역,20221008
경상남도 양산시 삼호동 114-2번지,48330,11400,0,0114,0002,1264100019787,,,,1,용도지역코드,1021,제1종일반주거지역,1,0,,제1종일반주거지역,20221008
경상남도 양산시 삼호동 114-2번지,48330,11400,0,0114,0002,1264100019787,,,,3,용도구역코드,301,제1종지구단위계획구역,1,0,,제1종지구단위계획구역,20221008
경상남도 양산시 삼호동 114-4번지,48330,11400,0,0114,0004,12647849,,,,1,용도지역코드,1021,제1종일반주거지역,1,0,,제1종일반주거지역,20221008
경상남도 양산시 삼호동 114-4번지,48330,11400,0,0114,0004,12647849,,,,3,용도구역코드,010,도시계획구역,1,0,,도시계획구역,20221008
경상남도 양산시 삼호동 114-4번지,48330,11400,0,0114,0004,12647849,,,,3,용도구역코드,300,지구단위계획구역,0,0,,지구단위계획구역,20221008
경상남도 양산시 삼호동 114-5번지,48330,11400,0,0114,0005,12644683,,,,1,용도지역코드,1022,제2종일반주거지역,1,0,,제2종일반주거지역,20221008
경상남도 양산시 삼호동 114-5번지,48330,11400,0,0114,0005,12644683,,,,2,용도지구코드,160,택지개발지구,1,0,,택지개발지구,20221008
경상남도 양산시 삼호동 114-5번지,48330,11400,0,0114,0005,12644683,,,,3,용도구역코드,300,지구단위계획구역,1,0,,지구단위계획구역,20221008
경상남도 양산시 삼호동 114-6번지,48330,11400,0,0114,0006,12643906,,,,1,용도지역코드,1020,일반주거지역,1,0,,일반주거지역,20221008
경상남도 양산시 삼호동 114-6번지,48330,11400,0,0114,0006,12643906,,,,2,용도지구코드,160,택지개발지구,1,0,,택지개발지구,20221008
경상남도 양산시 삼호동 114-6번지,48330,11400,0,0114,0006,12643906,,,,3,용도구역코드,300,지구단위계획구역,1,0,,지구단위계획구역,20221008
경상남도 양산시 삼호동 114-7번지,48330,11400,0,0114,0007,1264100087181,,,,1,용도지역코드,UQA121,제1종일반주거지역,1,0,,제1종일반주거지역,20221008
경상남도 양산시 삼호동 114-7번지,48330,11400,0,0114,0007,1264100087181,,,,3,용도구역코드,UQQ310,제1종지구단위계획구역,1,0,,제1종지구단위계획구역,20221008
경상남도 양산시 삼호동 114-8번지,48330,11400,0,0114,0008,1264100151670,,,,1,용도지역코드,UQA121,제1종일반주거지역,1,0,,제1종일반주거지역,20221008
경상남도 양산시 삼호동 114-8번지,48330,11400,0,0114,0008,1264100151670,,,,3,용도구역코드,UQQ310,제1종지구단위계획구역,1,0,,제1종지구단위계획구역,20221008
경상남도 양산시 삼호동 114-9번지,48330,11400,0,0114,0009,12647024,,,,1,용도지역코드,1021,제1종일반주거지역,1,0,,제1종일반주거지역,20221008
경상남도 양산시 삼호동 114-9번지,48330,11400,0,0114,0009,12647024,,,,3,용도구역코드,300,지구단위계획구역,1,0,,지구단위계획구역,20221008
경상남도 양산시 삼호동 114-9번지,48330,11400,0,0114,0009,1264100007826,,,,1,용도지역코드,1021,제1종일반주거지역,1,0,,제1종일반주거지역,20221008
경상남도 양산시 삼호동 114-9번지,48330,11400,0,0114,0009,12649237,,,,1,용도지역코드,1021,제1종일반주거지역,1,0,,제1종일반주거지역,20221008
경상남도 양산시 삼호동 114-10번지,48330,11400,0,0114,0010,1264100037996,,,,1,용도지역코드,UQA121,제1종일반주거지역,1,0,,제1종일반주거지역,20221008
경상남도 양산시 삼호동 114-11번지,48330,11400,0,0114,0011,12643806,,,,1,용도지역코드,1020,일반주거지역,1,0,,일반주거지역,20221008
경상남도 양산시 삼호동 114-12번지,48330,11400,0,0114,0012,12643885,,,,1,용도지역코드,1020,일반주거지역,1,0,,일반주거지역,20221008
경상남도 양산시 삼호동 114-13번지,48330,11400,0,0114,0013,12643884,,,,1,용도지역코드,1022,제2종일반주거지역,1,0,,제2종일반주거지역,20221008
경상남도 양산시 삼호동 114-13번지,48330,11400,0,0114,0013,12643884,,,,2,용도지구코드,160,택지개발지구,1,0,,택지개발지구,20221008
경상남도 양산시 삼호동 114-13번지,48330,11400,0,0114,0013,12643884,,,,3,용도구역코드,300,지구단위계획구역,1,0,,지구단위계획구역,20221008
경상남도 양산시 삼호동 114-14번지,48330,11400,0,0114,0014,12643888,,,,1,용도지역코드,1022,제2종일반주거지역,1,0,,제2종일반주거지역,20221008
경상남도 양산시 삼호동 114-14번지,48330,11400,0,0114,0014,12643888,,,,2,용도지구코드,160,택지개발지구,1,0,,택지개발지구,20221008
경상남도 양산시 삼호동 114-14번지,48330,11400,0,0114,0014,12643888,,,,3,용도구역코드,300,지구단위계획구역,1,0,,지구단위계획구역,20221008
경상남도 양산시 삼호동 116-1번지,48330,11400,0,0116,0001,12643584,,,,1,용도지역코드,1020,일반주거지역,1,0,,일반주거지역,20221008
경상남도 양산시 삼호동 116-2번지,48330,11400,0,0116,0002,1264100037753,,,,1,용도지역코드,UQA121,제1종일반주거지역,1,0,,제1종일반주거지역,20221008
경상남도 양산시 삼호동 116-2번지,48330,11400,0,0116,0002,1264100037753,,,,3,용도구역코드,UQQ310,제1종지구단위계획구역,1,0,,제1종지구단위계획구역,20221008
경상남도 양산시 삼호동 116-3번지,48330,11400,0,0116,0003,1264100090441,,,,1,용도지역코드,UQA121,제1종일반주거지역,1,0,,제1종일반주거지역,20221008
경상남도 양산시 삼호동 116-3번지,48330,11400,0,0116,0003,1264100090441,,,,3,용도구역코드,UQQ310,제1종지구단위계획구역,1,0,,제1종지구단위계획구역,20221008
경상남도 양산시 삼호동 116-3번지,48330,11400,0,0116,0003,1264100135865,,,,1,용도지역코드,UQA121,제1종일반주거지역,1,0,,제1종일반주거지역,20221008
경상남도 양산시 삼호동 116-3번지,48330,11400,0,0116,0003,1264100135865,,,,3,용도구역코드,UQQ310,제1종지구단위계획구역,1,0,,제1종지구단위계획구역,20221008
경상남도 양산시 삼호동 116-3번지,48330,11400,0,0116,0003,1264100135865,,,,3,용도구역코드,UMZ100,가축사육제한구역,0,0,,가축사육제한구역,20221008
경상남도 양산시 삼호동 116-3번지,48330,11400,0,0116,0003,1264100135865,,,,3,용도구역코드,UOA120,상대보호구역,0,0,,상대보호구역,20221008
경상남도 양산시 삼호동 116-4번지,48330,11400,0,0116,0004,12645929,,,,1,용도지역코드,1021,제1종일반주거지역,1,0,,제1종일반주거지역,20221008
경상남도 양산시 삼호동 116-4번지,48330,11400,0,0116,0004,12645929,,,,2,용도지구코드,160,택지개발지구,1,0,,택지개발지구,20221008
경상남도 양산시 삼호동 116-4번지,48330,11400,0,0116,0004,12645929,,,,3,용도구역코드,301,제1종지구단위계획구역,1,0,,제1종지구단위계획구역,20221008
경상남도 양산시 삼호동 116-4번지,48330,11400,0,0116,0004,12646158,,,,1,용도지역코드,1021,제1종일반주거지역,1,0,,제1종일반주거지역,20221008
경상남도 양산시 삼호동 116-4번지,48330,11400,0,0116,0004,12646158,,,,3,용도구역코드,301,제1종지구단위계획구역,1,0,,제1종지구단위계획구역,20221008
경상남도 양산시 삼호동 116-5번지,48330,11400,0,0116,0005,1264100055488,,,,1,용도지역코드,UQA121,제1종일반주거지역,1,0,,제1종일반주거지역,20221008
경상남도 양산시 삼호동 116-5번지,48330,11400,0,0116,0005,1264100055488,,,,3,용도구역코드,UQQ310,제1종지구단위계획구역,1,0,,제1종지구단위계획구역,20221008
경상남도 양산시 삼호동 116-5번지,48330,11400,0,0116,0005,1264100055488,,,,3,용도구역코드,UOA120,상대보호구역,0,0,,상대정화구역,20221008
경상남도 양산시 삼호동 116-6번지,48330,11400,0,0116,0006,12649226,,,,1,용도지역코드,1021,제1종일반주거지역,1,0,,제1종일반주거지역,20221008
경상남도 양산시 삼호동 116-6번지,48330,11400,0,0116,0006,12649226,,,,2,용도지구코드,160,택지개발지구,1,0,,택지개발지구,20221008
경상남도 양산시 삼호동 116-6번지,48330,11400,0,0116,0006,12649226,,,,3,용도구역코드,301,제1종지구단위계획구역,1,0,,제1종지구단위계획구역,20221008
경상남도 양산시 삼호동 116-9번지,48330,11400,0,0116,0009,1264100033784,,,,1,용도지역코드,UQA121,제1종일반주거지역,1,0,,제1종일반주거지역,20221008
경상남도 양산시 삼호동 116-9번지,48330,11400,0,0116,0009,1264100033784,,,,3,용도구역코드,UQQ310,제1종지구단위계획구역,1,0,,제1종지구단위계획구역,20221008
경상남도 양산시 삼호동 116-9번지,48330,11400,0,0116,0009,1264100033784,,,,3,용도구역코드,UOA120,상대보호구역,0,0,,상대정화구역,20221008
경상남도 양산시 삼호동 116-11번지,48330,11400,0,0116,0011,1264100079681,,,,1,용도지역코드,UQA121,제1종일반주거지역,1,0,,제1종일반주거지역,20221008
경상남도 양산시 삼호동 116-11번지,48330,11400,0,0116,0011,1264100079681,,,,3,용도구역코드,UQQ310,제1종지구단위계획구역,1,0,,제1종지구단위계획구역,20221008
경상남도 양산시 삼호동 116-11번지,48330,11400,0,0116,0011,1264100079681,,,,3,용도구역코드,UOA120,상대보호구역,0,0,,상대정화구역,20221008
경상남도 양산시 삼호동 116-12번지,48330,11400,0,0116,0012,1264100080919,,,,1,용도지역코드,UQA121,제1종일반주거지역,1,0,,제1종일반주거지역,20221008
경상남도 양산시 삼호동 116-12번지,48330,11400,0,0116,0012,1264100080919,,,,3,용도구역코드,UQQ310,제1종지구단위계획구역,1,0,,제1종지구단위계획구역,20221008
경상남도 양산시 삼호동 116-12번지,48330,11400,0,0116,0012,1264100080919,,,,3,용도구역코드,UOA120,상대보호구역,0,0,,상대정화구역,20221008
경상남도 양산시 삼호동 117-1번지,48330,11400,0,0117,0001,12646996,,,,1,용도지역코드,1021,제1종일반주거지역,1,0,,제1종일반주거지역,20221008
경상남도 양산시 삼호동 117-1번지,48330,11400,0,0117,0001,12646996,,,,3,용도구역코드,300,지구단위계획구역,1,0,,지구단위계획구역,20221008
경상남도 양산시 삼호동 117-2번지,48330,11400,0,0117,0002,1264100064439,,,,1,용도지역코드,UQA121,제1종일반주거지역,1,0,,제1종일반주거지역,20221008
경상남도 양산시 삼호동 117-2번지,48330,11400,0,0117,0002,1264100064439,,,,3,용도구역코드,UQQ310,제1종지구단위계획구역,1,0,,제1종지구단위계획구역,20221008
경상남도 양산시 삼호동 117-3번지,48330,11400,0,0117,0003,12647025,,,,1,용도지역코드,1021,제1종일반주거지역,1,0,,제1종일반주거지역,20221008
경상남도 양산시 삼호동 117-3번지,48330,11400,0,0117,0003,12647025,,,,3,용도구역코드,301,제1종지구단위계획구역,1,0,,제1종지구단위계획구역,20221008
경상남도 양산시 삼호동 117-4번지,48330,11400,0,0117,0004,1264100040186,,,,1,용도지역코드,UQA121,제1종일반주거지역,1,0,,제1종일반주거지역,20221008
경상남도 양산시 삼호동 117-4번지,48330,11400,0,0117,0004,1264100040186,,,,3,용도구역코드,UQQ310,제1종지구단위계획구역,1,0,,제1종지구단위계획구역,20221008
경상남도 양산시 삼호동 118-1번지,48330,11400,0,0118,0001,1264100052367,,,,1,용도지역코드,UQA121,제1종일반주거지역,1,0,,제1종일반주거지역,20221008
경상남도 양산시 삼호동 118-1번지,48330,11400,0,0118,0001,1264100052367,,,,3,용도구역코드,UQQ310,제1종지구단위계획구역,1,0,,제1종지구단위계획구역,20221008
경상남도 양산시 삼호동 118-2번지,48330,11400,0,0118,0002,1264100051428,,,,1,용도지역코드,UQA121,제1종일반주거지역,1,0,,제1종일반주거지역,20221008
경상남도 양산시 삼호동 118-2번지,48330,11400,0,0118,0002,1264100051428,,,,3,용도구역코드,UQQ310,제1종지구단위계획구역,1,0,,제1종지구단위계획구역,20221008
경상남도 양산시 삼호동 118-3번지,48330,11400,0,0118,0003,1264100051427,,,,1,용도지역코드,UQA121,제1종일반주거지역,1,0,,제1종일반주거지역,20221008
경상남도 양산시 삼호동 118-3번지,48330,11400,0,0118,0003,1264100051427,,,,3,용도구역코드,UQQ310,제1종지구단위계획구역,1,0,,제1종지구단위계획구역,20221008
경상남도 양산시 삼호동 118-4번지,48330,11400,0,0118,0004,12645578,,,,1,용도지역코드,1022,제2종일반주거지역,1,0,,제2종일반주거지역,20221008
경상남도 양산시 삼호동 118-4번지,48330,11400,0,0118,0004,12645578,,,,2,용도지구코드,160,택지개발지구,1,0,,택지개발지구,20221008
경상남도 양산시 삼호동 118-4번지,48330,11400,0,0118,0004,12645578,,,,3,용도구역코드,300,지구단위계획구역,1,0,,지구단위계획구역,20221008
경상남도 양산시 삼호동 118-5번지,48330,11400,0,0118,0005,1264100078879,,,,1,용도지역코드,UQA121,제1종일반주거지역,1,0,,제1종일반주거지역,20221008
경상남도 양산시 삼호동 118-5번지,48330,11400,0,0118,0005,1264100078879,,,,3,용도구역코드,UQQ310,제1종지구단위계획구역,1,0,,제1종지구단위계획구역,20221008
경상남도 양산시 삼호동 118-6번지,48330,11400,0,0118,0006,12644761,,,,1,용도지역코드,1022,제2종일반주거지역,1,0,,제2종일반주거지역,20221008
경상남도 양산시 삼호동 118-6번지,48330,11400,0,0118,0006,12644761,,,,2,용도지구코드,160,택지개발지구,1,0,,택지개발지구,20221008
경상남도 양산시 삼호동 118-6번지,48330,11400,0,0118,0006,12644761,,,,3,용도구역코드,300,지구단위계획구역,1,0,,지구단위계획구역,20221008
경상남도 양산시 삼호동 118-7번지,48330,11400,0,0118,0007,12643627,,,,1,용도지역코드,1020,일반주거지역,1,0,,일반주거지역,20221008
경상남도 양산시 삼호동 118-8번지,48330,11400,0,0118,0008,12644838,,,,1,용도지역코드,1022,제2종일반주거지역,1,0,,제2종일반주거지역,20221008
경상남도 양산시 삼호동 118-8번지,48330,11400,0,0118,0008,12644838,,,,2,용도지구코드,160,택지개발지구,1,0,,택지개발지구,20221008
경상남도 양산시 삼호동 118-8번지,48330,11400,0,0118,0008,12644838,,,,3,용도구역코드,300,지구단위계획구역,1,0,,지구단위계획구역,20221008
경상남도 양산시 삼호동 119-1번지,48330,11400,0,0119,0001,1264100123279,,,,1,용도지역코드,UQA121,제1종일반주거지역,1,0,,제1종일반주거지역,20221008
경상남도 양산시 삼호동 119-1번지,48330,11400,0,0119,0001,1264100123279,,,,3,용도구역코드,UQQ310,제1종지구단위계획구역,1,0,,제1종지구단위계획구역,20221008
경상남도 양산시 삼호동 119-2번지,48330,11400,0,0119,0002,12643954,,,,1,용도지역코드,1022,제2종일반주거지역,1,0,,제2종일반주거지역,20221008
경상남도 양산시 삼호동 119-2번지,48330,11400,0,0119,0002,12643954,,,,2,용도지구코드,160,택지개발지구,1,0,,택지개발지구,20221008
경상남도 양산시 삼호동 119-2번지,48330,11400,0,0119,0002,12643954,,,,3,용도구역코드,300,지구단위계획구역,1,0,,지구단위계획구역,20221008
경상남도 양산시 삼호동 119-4번지,48330,11400,0,0119,0004,1264100036132,,,,1,용도지역코드,UQA121,제1종일반주거지역,1,0,,제1종일반주거지역,20221008
경상남도 양산시 삼호동 119-5번지,48330,11400,0,0119,0005,12644170,,,,1,용도지역코드,1022,제2종일반주거지역,1,0,,제2종일반주거지역,20221008
경상남도 양산시 삼호동 119-5번지,48330,11400,0,0119,0005,12644170,,,,2,용도지구코드,160,택지개발지구,1,0,,택지개발지구,20221008
경상남도 양산시 삼호동 119-5번지,48330,11400,0,0119,0005,12644170,,,,3,용도구역코드,300,지구단위계획구역,1,0,,지구단위계획구역,20221008
경상남도 양산시 삼호동 119-5번지,48330,11400,0,0119,0005,12643664,,,,1,용도지역코드,1020,일반주거지역,1,0,,일반주거지역,20221008
경상남도 양산시 삼호동 119-6번지,48330,11400,0,0119,0006,12645595,,,,1,용도지역코드,1022,제2종일반주거지역,1,0,,제2종일반주거지역,20221008
경상남도 양산시 삼호동 119-6번지,48330,11400,0,0119,0006,12645595,,,,2,용도지구코드,160,택지개발지구,1,0,,택지개발지구,20221008
경상남도 양산시 삼호동 119-6번지,48330,11400,0,0119,0006,12645595,,,,3,용도구역코드,300,지구단위계획구역,1,0,,지구단위계획구역,20221008
경상남도 양산시 삼호동 119-6번지,48330,11400,0,0119,0006,1264100102753,,,,1,용도지역코드,UQA121,제1종일반주거지역,1,0,,제1종일반주거지역,20221008
경상남도 양산시 삼호동 119-6번지,48330,11400,0,0119,0006,1264100102753,,,,3,용도구역코드,UQQ310,제1종지구단위계획구역,1,0,,제1종지구단위계획구역,20221008
경상남도 양산시 삼호동 120-1번지,48330,11400,0,0120,0001,1264100039798,,,,1,용도지역코드,UQA121,제1종일반주거지역,1,0,,제1종일반주거지역,20221008
경상남도 양산시 삼호동 120-1번지,48330,11400,0,0120,0001,1264100005566,,,,1,용도지역코드,1021,제1종일반주거지역,1,0,,제1종일반주거지역,20221008
경상남도 양산시 삼호동 120-2번지,48330,11400,0,0120,0002,12647800,,,,1,용도지역코드,1021,제1종일반주거지역,1,0,,제1종일반주거지역,20221008
경상남도 양산시 삼호동 120-2번지,48330,11400,0,0120,0002,12647800,,,,2,용도지구코드,160,택지개발지구,1,0,,택지개발지구,20221008
경상남도 양산시 삼호동 120-2번지,48330,11400,0,0120,0002,12647800,,,,3,용도구역코드,301,제1종지구단위계획구역,1,0,,제1종지구단위계획구역,20221008
경상남도 양산시 삼호동 120-3번지,48330,11400,0,0120,0003,12643343,,,,1,용도지역코드,1020,일반주거지역,1,0,,일반주거지역,20221008
경상남도 양산시 삼호동 120-4번지,48330,11400,0,0120,0004,12643325,,,,1,용도지역코드,1020,일반주거지역,1,0,,일반주거지역,20221008
경상남도 양산시 삼호동 120-5번지,48330,11400,0,0120,0005,12643348,,,,1,용도지역코드,1020,일반주거지역,1,0,,일반주거지역,20221008
경상남도 양산시 삼호동 120-6번지,48330,11400,0,0120,0006,1264100021644,,,,1,용도지역코드,UQA121,제1종일반주거지역,1,0,,제1종일반주거지역,20221008
경상남도 양산시 삼호동 120-7번지,48330,11400,0,0120,0007,12643703,,,,1,용도지역코드,1020,일반주거지역,1,0,,일반주거지역,20221008
경상남도 양산시 삼호동 120-7번지,48330,11400,0,0120,0007,12643703,,,,2,용도지구코드,160,택지개발지구,1,0,,택지개발지구,20221008
경상남도 양산시 삼호동 120-7번지,48330,11400,0,0120,0007,12643703,,,,3,용도구역코드,050,상세계획구역,1,0,,상세계획구역,20221008
경상남도 양산시 삼호동 120-8번지,48330,11400,0,0120,0008,12643629,,,,1,용도지역코드,1020,일반주거지역,1,0,,일반주거지역,20221008
경상남도 양산시 삼호동 120-9번지,48330,11400,0,0120,0009,12643628,,,,1,용도지역코드,1020,일반주거지역,1,0,,일반주거지역,20221008
경상남도 양산시 삼호동 120-10번지,48330,11400,0,0120,0010,1264100028830,,,,1,용도지역코드,UQA121,제1종일반주거지역,1,0,,제1종일반주거지역,20221008
경상남도 양산시 삼호동 120-11번지,48330,11400,0,0120,0011,12646967,,,,1,용도지역코드,1021,제1종일반주거지역,1,0,,제1종일반주거지역,20221008
경상남도 양산시 삼호동 120-11번지,48330,11400,0,0120,0011,12646967,,,,3,용도구역코드,300,지구단위계획구역,1,0,,지구단위계획구역,20221008
경상남도 양산시 삼호동 120-12번지,48330,11400,0,0120,0012,1264100037755,,,,1,용도지역코드,UQA121,제1종일반주거지역,1,0,,제1종일반주거지역,20221008
경상남도 양산시 삼호동 120-12번지,48330,11400,0,0120,0012,1264100037755,,,,3,용도구역코드,UQQ310,제1종지구단위계획구역,1,0,,제1종지구단위계획구역,20221008
경상남도 양산시 삼호동 120-13번지,48330,11400,0,0120,0013,12644753,,,,1,용도지역코드,1022,제2종일반주거지역,1,0,,제2종일반주거지역,20221008
경상남도 양산시 삼호동 120-13번지,48330,11400,0,0120,0013,12644753,,,,2,용도지구코드,160,택지개발지구,1,0,,택지개발지구,20221008
경상남도 양산시 삼호동 120-13번지,48330,11400,0,0120,0013,12644753,,,,3,용도구역코드,300,지구단위계획구역,1,0,,지구단위계획구역,20221008
경상남도 양산시 삼호동 120-14번지,48330,11400,0,0120,0014,1264100110681,,,,1,용도지역코드,UQA121,제1종일반주거지역,1,0,,제1종일반주거지역,20221008
경상남도 양산시 삼호동 120-14번지,48330,11400,0,0120,0014,1264100110681,,,,3,용도구역코드,UQQ310,제1종지구단위계획구역,1,0,,제1종지구단위계획구역,20221008
경상남도 양산시 삼호동 120-16번지,48330,11400,0,0120,0016,1264100030936,,,,1,용도지역코드,UQA121,제1종일반주거지역,1,0,,제1종일반주거지역,20221008
경상남도 양산시 삼호동 120-16번지,48330,11400,0,0120,0016,1264100030936,,,,3,용도구역코드,UQQ310,제1종지구단위계획구역,1,0,,제1종지구단위계획구역,20221008
경상남도 양산시 삼호동 120-17번지,48330,11400,0,0120,0017,1264100079899,,,,1,용도지역코드,UQA001,도시지역,1,0,,도시지역,20221008
경상남도 양산시 삼호동 120-17번지,48330,11400,0,0120,0017,1264100079899,,,,1,용도지역코드,UQA121,제1종일반주거지역,0,0,,제1종일반주거지역,20221008
경상남도 양산시 삼호동 120-17번지,48330,11400,0,0120,0017,1264100079899,,,,3,용도구역코드,UQQ310,제1종지구단위계획구역,1,0,,제1종지구단위계획구역,20221008
경상남도 양산시 삼호동 120-17번지,48330,11400,0,0120,0017,1264100079899,,,,3,용도구역코드,UOA120,상대보호구역,0,0,,상대정화구역,20221008
경상남도 양산시 삼호동 120-18번지,48330,11400,0,0120,0018,1264100027971,,,,1,용도지역코드,UQA121,제1종일반주거지역,1,0,,제1종일반주거지역,20221008
경상남도 양산시 삼호동 120-18번지,48330,11400,0,0120,0018,1264100027971,,,,3,용도구역코드,UQQ310,제1종지구단위계획구역,1,0,,제1종지구단위계획구역,20221008
경상남도 양산시 삼호동 120-19번지,48330,11400,0,0120,0019,1264100039392,,,,1,용도지역코드,UQA121,제1종일반주거지역,1,0,,제1종일반주거지역,20221008
경상남도 양산시 삼호동 120-19번지,48330,11400,0,0120,0019,1264100039392,,,,3,용도구역코드,UQQ310,제1종지구단위계획구역,1,0,,제1종지구단위계획구역,20221008
경상남도 양산시 삼호동 120-19번지,48330,11400,0,0120,0019,12646999,,,,1,용도지역코드,1021,제1종일반주거지역,1,0,,제1종일반주거지역,20221008
경상남도 양산시 삼호동 120-19번지,48330,11400,0,0120,0019,12646999,,,,3,용도구역코드,300,지구단위계획구역,1,0,,지구단위계획구역,20221008
경상남도 양산시 삼호동 120-20번지,48330,11400,0,0120,0020,12646975,,,,1,용도지역코드,1021,제1종일반주거지역,1,0,,제1종일반주거지역,20221008
경상남도 양산시 삼호동 120-20번지,48330,11400,0,0120,0020,12646975,,,,3,용도구역코드,300,지구단위계획구역,1,0,,지구단위계획구역,20221008
경상남도 양산시 삼호동 120-20번지,48330,11400,0,0120,0020,1264100023268,,,,1,용도지역코드,UQA121,제1종일반주거지역,1,0,,제1종일반주거지역,20221008
경상남도 양산시 삼호동 120-20번지,48330,11400,0,0120,0020,1264100023268,,,,3,용도구역코드,UQQ310,제1종지구단위계획구역,1,0,,제1종지구단위계획구역,20221008
경상남도 양산시 삼호동 120-20번지,48330,11400,0,0120,0020,1264100040225,,,,1,용도지역코드,UQA121,제1종일반주거지역,1,0,,제1종일반주거지역,20221008
경상남도 양산시 삼호동 120-20번지,48330,11400,0,0120,0020,1264100024909,,,,1,용도지역코드,UQA121,제1종일반주거지역,1,0,,제1종일반주거지역,20221008
경상남도 양산시 삼호동 120-20번지,48330,11400,0,0120,0020,1264100024909,,,,3,용도구역코드,UQQ310,제1종지구단위계획구역,1,0,,제1종지구단위계획구역,20221008
경상남도 양산시 삼호동 122-1번지,48330,11400,0,0122,0001,12643242,,,,1,용도지역코드,1020,일반주거지역,1,0,,일반주거지역,20221008
경상남도 양산시 삼호동 122-2번지,48330,11400,0,0122,0002,1264100027652,,,,1,용도지역코드,UQA121,제1종일반주거지역,1,0,,제1종일반주거지역,20221008
경상남도 양산시 삼호동 122-3번지,48330,11400,0,0122,0003,12644539,,,,1,용도지역코드,1022,제2종일반주거지역,1,0,,제2종일반주거지역,20221008
경상남도 양산시 삼호동 122-3번지,48330,11400,0,0122,0003,12644539,,,,2,용도지구코드,160,택지개발지구,1,0,,택지개발지구,20221008
경상남도 양산시 삼호동 122-3번지,48330,11400,0,0122,0003,12644539,,,,3,용도구역코드,300,지구단위계획구역,1,0,,지구단위계획구역,20221008
경상남도 양산시 삼호동 122-4번지,48330,11400,0,0122,0004,12647029,,,,1,용도지역코드,1021,제1종일반주거지역,1,0,,제1종일반주거지역,20221008
경상남도 양산시 삼호동 122-4번지,48330,11400,0,0122,0004,12647029,,,,3,용도구역코드,300,지구단위계획구역,1,0,,지구단위계획구역,20221008
경상남도 양산시 삼호동 122-4번지,48330,11400,0,0122,0004,1264100027312,,,,1,용도지역코드,UQA121,제1종일반주거지역,1,0,,제1종일반주거지역,20221008
경상남도 양산시 삼호동 122-5번지,48330,11400,0,0122,0005,1264100020637,,,,1,용도지역코드,1021,제1종일반주거지역,1,0,,제1종일반주거지역,20221008
경상남도 양산시 삼호동 122-5번지,48330,11400,0,0122,0005,1264100020637,,,,3,용도구역코드,301,제1종지구단위계획구역,1,0,,제1종지구단위계획구역,20221008
경상남도 양산시 삼호동 122-6번지,48330,11400,0,0122,0006,12647028,,,,1,용도지역코드,1021,제1종일반주거지역,1,0,,제1종일반주거지역,20221008
경상남도 양산시 삼호동 122-6번지,48330,11400,0,0122,0006,12647028,,,,3,용도구역코드,300,지구단위계획구역,1,0,,지구단위계획구역,20221008
경상남도 양산시 삼호동 122-6번지,48330,11400,0,0122,0006,1264100034293,,,,1,용도지역코드,UQA121,제1종일반주거지역,1,0,,제1종일반주거지역,20221008
경상남도 양산시 삼호동 122-6번지,48330,11400,0,0122,0006,12649098,,,,1,용도지역코드,1021,제1종일반주거지역,1,0,,제1종일반주거지역,20221008
경상남도 양산시 삼호동 122-6번지,48330,11400,0,0122,0006,12649098,,,,3,용도구역코드,301,제1종지구단위계획구역,1,0,,제1종지구단위계획구역,20221008
경상남도 양산시 삼호동 122-7번지,48330,11400,0,0122,0007,12643996,,,,1,용도지역코드,1022,제2종일반주거지역,1,0,,제2종일반주거지역,20221008
경상남도 양산시 삼호동 122-7번지,48330,11400,0,0122,0007,12643996,,,,2,용도지구코드,160,택지개발지구,1,0,,택지개발지구,20221008
경상남도 양산시 삼호동 122-7번지,48330,11400,0,0122,0007,12643996,,,,3,용도구역코드,300,지구단위계획구역,1,0,,지구단위계획구역,20221008
경상남도 양산시 삼호동 122-9번지,48330,11400,0,0122,0009,12643813,,,,1,용도지역코드,1020,일반주거지역,1,0,,일반주거지역,20221008
경상남도 양산시 삼호동 122-9번지,48330,11400,0,0122,0009,12643813,,,,2,용도지구코드,160,택지개발지구,1,0,,택지개발지구,20221008
경상남도 양산시 삼호동 122-10번지,48330,11400,0,0122,0010,1264100028070,,,,1,용도지역코드,UQA121,제1종일반주거지역,1,0,,제1종일반주거지역,20221008
경상남도 양산시 삼호동 122-10번지,48330,11400,0,0122,0010,1264100028070,,,,3,용도구역코드,UQQ310,제1종지구단위계획구역,1,0,,제1종지구단위계획구역,20221008
경상남도 양산시 삼호동 122-11번지,48330,11400,0,0122,0011,1264100074360,,,,1,용도지역코드,UQA121,제1종일반주거지역,1,0,,제1종일반주거지역,20221008
경상남도 양산시 삼호동 122-11번지,48330,11400,0,0122,0011,1264100074360,,,,3,용도구역코드,UQQ310,제1종지구단위계획구역,1,0,,제1종지구단위계획구역,20221008
경상남도 양산시 삼호동 122-11번지,48330,11400,0,0122,0011,1264100074360,,,,3,용도구역코드,UOA120,상대보호구역,0,0,,상대정화구역,20221008
경상남도 양산시 삼호동 122-12번지,48330,11400,0,0122,0012,1264100024391,,,,1,용도지역코드,UQA121,제1종일반주거지역,1,0,,제1종일반주거지역,20221008
경상남도 양산시 삼호동 122-13번지,48330,11400,0,0122,0013,1264100034388,,,,1,용도지역코드,UQA121,제1종일반주거지역,1,0,,제1종일반주거지역,20221008
경상남도 양산시 삼호동 122-13번지,48330,11400,0,0122,0013,1264100034388,,,,3,용도구역코드,UQQ310,제1종지구단위계획구역,1,0,,제1종지구단위계획구역,20221008
경상남도 양산시 삼호동 122-13번지,48330,11400,0,0122,0013,1264100034388,,,,3,용도구역코드,UOA120,상대보호구역,0,0,,상대정화구역,20221008
경상남도 양산시 삼호동 122-14번지,48330,11400,0,0122,0014,1264100034387,,,,1,용도지역코드,UQA121,제1종일반주거지역,1,0,,제1종일반주거지역,20221008
경상남도 양산시 삼호동 122-14번지,48330,11400,0,0122,0014,1264100034387,,,,3,용도구역코드,UQQ310,제1종지구단위계획구역,1,0,,제1종지구단위계획구역,20221008
경상남도 양산시 삼호동 122-14번지,48330,11400,0,0122,0014,1264100034387,,,,3,용도구역코드,UOA120,상대보호구역,0,0,,상대정화구역,20221008
경상남도 양산시 삼호동 122-15번지,48330,11400,0,0122,0015,1264100007048,,,,1,용도지역코드,1021,제1종일반주거지역,1,0,,제1종일반주거지역,20221008
경상남도 양산시 삼호동 122-15번지,48330,11400,0,0122,0015,1264100007048,,,,3,용도구역코드,301,제1종지구단위계획구역,1,0,,제1종지구단위계획구역,20221008
경상남도 양산시 삼호동 122-16번지,48330,11400,0,0122,0016,12643856,,,,1,용도지역코드,1020,일반주거지역,1,0,,일반주거지역,20221008
경상남도 양산시 삼호동 122-16번지,48330,11400,0,0122,0016,12643856,,,,2,용도지구코드,160,택지개발지구,1,0,,택지개발지구,20221008
경상남도 양산시 삼호동 127-1번지,48330,11400,0,0127,0001,12643240,,,,1,용도지역코드,1020,일반주거지역,1,0,,일반주거지역,20221008
경상남도 양산시 삼호동 127-2번지,48330,11400,0,0127,0002,12643821,,,,1,용도지역코드,1020,일반주거지역,1,0,,일반주거지역,20221008
경상남도 양산시 삼호동 127-2번지,48330,11400,0,0127,0002,12643821,,,,2,용도지구코드,160,택지개발지구,1,0,,택지개발지구,20221008
경상남도 양산시 삼호동 127-3번지,48330,11400,0,0127,0003,12647027,,,,1,용도지역코드,1021,제1종일반주거지역,1,0,,제1종일반주거지역,20221008
경상남도 양산시 삼호동 127-3번지,48330,11400,0,0127,0003,12647027,,,,3,용도구역코드,300,지구단위계획구역,1,0,,지구단위계획구역,20221008
경상남도 양산시 삼호동 127-3번지,48330,11400,0,0127,0003,1264100023488,,,,1,용도지역코드,UQA121,제1종일반주거지역,1,0,,제1종일반주거지역,20221008
경상남도 양산시 삼호동 127-3번지,48330,11400,0,0127,0003,1264100023488,,,,3,용도구역코드,UQQ310,제1종지구단위계획구역,1,0,,제1종지구단위계획구역,20221008
경상남도 양산시 삼호동 127-4번지,48330,11400,0,0127,0004,1264100024151,,,,1,용도지역코드,UQA121,제1종일반주거지역,1,0,,제1종일반주거지역,20221008
경상남도 양산시 삼호동 127-4번지,48330,11400,0,0127,0004,1264100024151,,,,3,용도구역코드,UQQ310,제1종지구단위계획구역,1,0,,제1종지구단위계획구역,20221008
경상남도 양산시 삼호동 127-4번지,48330,11400,0,0127,0004,12647026,,,,1,용도지역코드,1021,제1종일반주거지역,1,0,,제1종일반주거지역,20221008
경상남도 양산시 삼호동 127-4번지,48330,11400,0,0127,0004,12647026,,,,3,용도구역코드,300,지구단위계획구역,1,0,,지구단위계획구역,20221008
경상남도 양산시 삼호동 127-5번지,48330,11400,0,0127,0005,12644304,,,,1,용도지역코드,1022,제2종일반주거지역,1,0,,제2종일반주거지역,20221008
경상남도 양산시 삼호동 127-5번지,48330,11400,0,0127,0005,1264100028731,,,,1,용도지역코드,UQA121,제1종일반주거지역,1,0,,제1종일반주거지역,20221008
경상남도 양산시 삼호동 127-5번지,48330,11400,0,0127,0005,1264100028731,,,,3,용도구역코드,UQQ310,제1종지구단위계획구역,1,0,,제1종지구단위계획구역,20221008
경상남도 양산시 삼호동 127-6번지,48330,11400,0,0127,0006,1264100100293,,,,1,용도지역코드,UQA121,제1종일반주거지역,1,0,,제1종일반주거지역,20221008
경상남도 양산시 삼호동 127-6번지,48330,11400,0,0127,0006,1264100100293,,,,3,용도구역코드,UQQ310,제1종지구단위계획구역,1,0,,제1종지구단위계획구역,20221008
경상남도 양산시 삼호동 127-7번지,48330,11400,0,0127,0007,12649248,,,,1,용도지역코드,1021,제1종일반주거지역,1,0,,제1종일반주거지역,20221008
경상남도 양산시 삼호동 127-7번지,48330,11400,0,0127,0007,12649248,,,,3,용도구역코드,301,제1종지구단위계획구역,1,0,,제1종지구단위계획구역,20221008
경상남도 양산시 삼호동 127-9번지,48330,11400,0,0127,0009,1264100029630,,,,1,용도지역코드,UQA121,제1종일반주거지역,1,0,,제1종일반주거지역,20221008
경상남도 양산시 삼호동 127-9번지,48330,11400,0,0127,0009,1264100029630,,,,3,용도구역코드,UQQ310,제1종지구단위계획구역,1,0,,제1종지구단위계획구역,20221008
경상남도 양산시 삼호동 127-10번지,48330,11400,0,0127,0010,1264100063499,,,,1,용도지역코드,UQA121,제1종일반주거지역,1,0,,제1종일반주거지역,20221008
경상남도 양산시 삼호동 127-10번지,48330,11400,0,0127,0010,1264100063499,,,,3,용도구역코드,UQQ310,제1종지구단위계획구역,1,0,,제1종지구단위계획구역,20221008
경상남도 양산시 삼호동 127-11번지,48330,11400,0,0127,0011,12647799,,,,1,용도지역코드,1021,제1종일반주거지역,1,0,,제1종일반주거지역,20221008
경상남도 양산시 삼호동 127-11번지,48330,11400,0,0127,0011,12647799,,,,3,용도구역코드,300,지구단위계획구역,1,0,,지구단위계획구역,20221008
경상남도 양산시 삼호동 127-12번지,48330,11400,0,0127,0012,1264100043886,,,,1,용도지역코드,UQA121,제1종일반주거지역,1,0,,제1종일반주거지역,20221008
경상남도 양산시 삼호동 127-12번지,48330,11400,0,0127,0012,1264100043886,,,,3,용도구역코드,UQQ310,제1종지구단위계획구역,1,0,,제1종지구단위계획구역,20221008
경상남도 양산시 삼호동 127-15번지,48330,11400,0,0127,0015,1264100040215,,,,1,용도지역코드,UQA121,제1종일반주거지역,1,0,,제1종일반주거지역,20221008
경상남도 양산시 삼호동 127-15번지,48330,11400,0,0127,0015,1264100047106,,,,1,용도지역코드,UQA121,제1종일반주거지역,1,0,,제1종일반주거지역,20221008
경상남도 양산시 삼호동 127-15번지,48330,11400,0,0127,0015,1264100047106,,,,3,용도구역코드,UQQ310,제1종지구단위계획구역,1,0,,제1종지구단위계획구역,20221008
경상남도 양산시 삼호동 127-16번지,48330,11400,0,0127,0016,1264100040217,,,,1,용도지역코드,UQA121,제1종일반주거지역,1,0,,제1종일반주거지역,20221008
경상남도 양산시 삼호동 127-17번지,48330,11400,0,0127,0017,1264100085925,,,,1,용도지역코드,UQA121,제1종일반주거지역,1,0,,제1종일반주거지역,20221008
경상남도 양산시 삼호동 127-17번지,48330,11400,0,0127,0017,1264100085925,,,,3,용도구역코드,UQQ310,제1종지구단위계획구역,1,0,,제1종지구단위계획구역,20221008
경상남도 양산시 삼호동 127-18번지,48330,11400,0,0127,0018,1264100073902,,,,1,용도지역코드,UQA121,제1종일반주거지역,1,0,,제1종일반주거지역,20221008
경상남도 양산시 삼호동 127-18번지,48330,11400,0,0127,0018,1264100073902,,,,3,용도구역코드,UQQ310,제1종지구단위계획구역,1,0,,제1종지구단위계획구역,20221008
경상남도 양산시 삼호동 127-18번지,48330,11400,0,0127,0018,1264100073902,,,,3,용도구역코드,UOA120,상대보호구역,0,0,,상대정화구역,20221008
경상남도 양산시 삼호동 131-1번지,48330,11400,0,0131,0001,12646993,,,,1,용도지역코드,1030,준주거지역,1,0,,준주거지역,20221008
경상남도 양산시 삼호동 131-1번지,48330,11400,0,0131,0001,12646993,,,,3,용도구역코드,301,제1종지구단위계획구역,1,0,,제1종지구단위계획구역,20221008
경상남도 양산시 삼호동 131-2번지,48330,11400,0,0131,0002,12646976,,,,1,용도지역코드,1030,준주거지역,1,0,,준주거지역,20221008
경상남도 양산시 삼호동 131-2번지,48330,11400,0,0131,0002,12646976,,,,2,용도지구코드,160,택지개발지구,1,0,,택지개발지구,20221008
경상남도 양산시 삼호동 131-2번지,48330,11400,0,0131,0002,12646976,,,,3,용도구역코드,301,제1종지구단위계획구역,1,0,,제1종지구단위계획구역,20221008
경상남도 양산시 삼호동 131-3번지,48330,11400,0,0131,0003,1264100144863,,,,1,용도지역코드,UQA130,준주거지역,1,0,,준주거지역,20221008
경상남도 양산시 삼호동 131-3번지,48330,11400,0,0131,0003,1264100144863,,,,3,용도구역코드,UQQ310,제1종지구단위계획구역,1,0,,제1종지구단위계획구역,20221008
경상남도 양산시 삼호동 131-4번지,48330,11400,0,0131,0004,1264100144864,,,,1,용도지역코드,UQA130,준주거지역,1,0,,준주거지역,20221008
경상남도 양산시 삼호동 131-4번지,48330,11400,0,0131,0004,1264100144864,,,,3,용도구역코드,UQQ310,제1종지구단위계획구역,1,0,,제1종지구단위계획구역,20221008
경상남도 양산시 삼호동 131-5번지,48330,11400,0,0131,0005,1264100033744,,,,1,용도지역코드,UQA121,제1종일반주거지역,1,0,,제1종일반주거지역,20221008
경상남도 양산시 삼호동 131-5번지,48330,11400,0,0131,0005,1264100033744,,,,3,용도구역코드,UQQ310,제1종지구단위계획구역,1,0,,제1종지구단위계획구역,20221008
경상남도 양산시 삼호동 131-5번지,48330,11400,0,0131,0005,1264100042364,,,,1,용도지역코드,UQA121,제1종일반주거지역,1,0,,제1종일반주거지역,20221008
경상남도 양산시 삼호동 131-5번지,48330,11400,0,0131,0005,1264100042364,,,,3,용도구역코드,UQQ310,제1종지구단위계획구역,1,0,,제1종지구단위계획구역,20221008
경상남도 양산시 삼호동 131-5번지,48330,11400,0,0131,0005,1264100042364,,,,3,용도구역코드,UOA120,상대보호구역,0,0,,상대정화구역,20221008
경상남도 양산시 삼호동 132-1번지,48330,11400,0,0132,0001,12646971,,,,1,용도지역코드,1030,준주거지역,1,0,,준주거지역,20221008
경상남도 양산시 삼호동 132-1번지,48330,11400,0,0132,0001,12646971,,,,2,용도지구코드,160,택지개발지구,1,0,,택지개발지구,20221008
경상남도 양산시 삼호동 132-1번지,48330,11400,0,0132,0001,12646971,,,,3,용도구역코드,301,제1종지구단위계획구역,1,0,,제1종지구단위계획구역,20221008
경상남도 양산시 삼호동 132-3번지,48330,11400,0,0132,0003,1264100060853,,,,1,용도지역코드,UQA130,준주거지역,1,0,,준주거지역,20221008
경상남도 양산시 삼호동 132-3번지,48330,11400,0,0132,0003,1264100060853,,,,3,용도구역코드,UQQ310,제1종지구단위계획구역,1,0,,제1종지구단위계획구역,20221008
경상남도 양산시 삼호동 132-4번지,48330,11400,0,0132,0004,1264100060852,,,,1,용도지역코드,UQA130,준주거지역,1,0,,준주거지역,20221008
경상남도 양산시 삼호동 132-4번지,48330,11400,0,0132,0004,1264100060852,,,,3,용도구역코드,UQQ310,제1종지구단위계획구역,1,0,,제1종지구단위계획구역,20221008
경상남도 양산시 삼호동 132-5번지,48330,11400,0,0132,0005,1264100033805,,,,1,용도지역코드,UQA130,준주거지역,1,0,,준주거지역,20221008
경상남도 양산시 삼호동 132-5번지,48330,11400,0,0132,0005,1264100033805,,,,3,용도구역코드,UQQ310,제1종지구단위계획구역,1,0,,제1종지구단위계획구역,20221008
경상남도 양산시 삼호동 132-5번지,48330,11400,0,0132,0005,1264100033805,,,,3,용도구역코드,UOA120,상대보호구역,0,0,,상대정화구역,20221008
경상남도 양산시 삼호동 132-5번지,48330,11400,0,0132,0005,1264100031137,,,,1,용도지역코드,UQA130,준주거지역,1,0,,준주거지역,20221008
경상남도 양산시 삼호동 132-5번지,48330,11400,0,0132,0005,1264100031137,,,,3,용도구역코드,UQQ310,제1종지구단위계획구역,1,0,,제1종지구단위계획구역,20221008
경상남도 양산시 삼호동 132-5번지,48330,11400,0,0132,0005,1264100031137,,,,3,용도구역코드,UOA120,상대보호구역,0,0,,상대정화구역,20221008
경상남도 양산시 삼호동 132-6번지,48330,11400,0,0132,0006,1264100015834,,,,1,용도지역코드,1030,준주거지역,1,0,,준주거지역,20221008
경상남도 양산시 삼호동 132-6번지,48330,11400,0,0132,0006,1000000000000000258935,,,,3,용도구역코드,UQQ310,제1종지구단위계획구역,1,0,,제1종지구단위계획구역,20230328
경상남도 양산시 삼호동 132-6번지,48330,11400,0,0132,0006,1000000000000000258935,,,,1,용도지역코드,UQA130,준주거지역,1,0,,준주거지역,20230328
경상남도 양산시 삼호동 135-3번지,48330,11400,0,0135,0003,12647004,,,,1,용도지역코드,1021,제1종일반주거지역,1,0,,제1종일반주거지역,20221008
경상남도 양산시 삼호동 135-3번지,48330,11400,0,0135,0003,12647004,,,,2,용도지구코드,160,택지개발지구,1,0,,택지개발지구,20221008
경상남도 양산시 삼호동 135-3번지,48330,11400,0,0135,0003,12647004,,,,3,용도구역코드,301,제1종지구단위계획구역,1,0,,제1종지구단위계획구역,20221008
경상남도 양산시 삼호동 135-4번지,48330,11400,0,0135,0004,12647836,,,,1,용도지역코드,1021,제1종일반주거지역,1,0,,제1종일반주거지역,20221008
경상남도 양산시 삼호동 135-4번지,48330,11400,0,0135,0004,12647836,,,,3,용도구역코드,010,도시계획구역,1,0,,도시계획구역,20221008
경상남도 양산시 삼호동 135-5번지,48330,11400,0,0135,0005,12643908,,,,1,용도지역코드,1020,일반주거지역,1,0,,일반주거지역,20221008
경상남도 양산시 삼호동 135-5번지,48330,11400,0,0135,0005,12643908,,,,2,용도지구코드,160,택지개발지구,1,0,,택지개발지구,20221008
경상남도 양산시 삼호동 135-5번지,48330,11400,0,0135,0005,12643908,,,,3,용도구역코드,300,지구단위계획구역,1,0,,지구단위계획구역,20221008
경상남도 양산시 삼호동 135-8번지,48330,11400,0,0135,0008,12647018,,,,1,용도지역코드,1021,제1종일반주거지역,1,0,,제1종일반주거지역,20221008
경상남도 양산시 삼호동 135-8번지,48330,11400,0,0135,0008,12647018,,,,2,용도지구코드,160,택지개발지구,1,0,,택지개발지구,20221008
경상남도 양산시 삼호동 135-8번지,48330,11400,0,0135,0008,12647018,,,,3,용도구역코드,301,제1종지구단위계획구역,1,0,,제1종지구단위계획구역,20221008
경상남도 양산시 삼호동 135-10번지,48330,11400,0,0135,0010,12647001,,,,1,용도지역코드,1021,제1종일반주거지역,1,0,,제1종일반주거지역,20221008
경상남도 양산시 삼호동 135-10번지,48330,11400,0,0135,0010,12647001,,,,2,용도지구코드,160,택지개발지구,1,0,,택지개발지구,20221008
경상남도 양산시 삼호동 135-10번지,48330,11400,0,0135,0010,12647001,,,,3,용도구역코드,301,제1종지구단위계획구역,1,0,,제1종지구단위계획구역,20221008
경상남도 양산시 삼호동 136-1번지,48330,11400,0,0136,0001,1264100006526,,,,1,용도지역코드,1021,제1종일반주거지역,1,0,,제1종일반주거지역,20221008
경상남도 양산시 삼호동 136-1번지,48330,11400,0,0136,0001,1264100006526,,,,3,용도구역코드,301,제1종지구단위계획구역,1,0,,제1종지구단위계획구역,20221008
경상남도 양산시 삼호동 136-3번지,48330,11400,0,0136,0003,1264100048825,,,,1,용도지역코드,UQA121,제1종일반주거지역,1,0,,제1종일반주거지역,20221008
경상남도 양산시 삼호동 136-5번지,48330,11400,0,0136,0005,12646973,,,,1,용도지역코드,1021,제1종일반주거지역,1,0,,제1종일반주거지역,20221008
경상남도 양산시 삼호동 136-6번지,48330,11400,0,0136,0006,1264100039094,,,,1,용도지역코드,UQA121,제1종일반주거지역,1,0,,제1종일반주거지역,20221008
경상남도 양산시 삼호동 136-6번지,48330,11400,0,0136,0006,1264100039094,,,,3,용도구역코드,UQQ310,제1종지구단위계획구역,1,0,,제1종지구단위계획구역,20221008
경상남도 양산시 삼호동 136-7번지,48330,11400,0,0136,0007,1264100078920,,,,1,용도지역코드,UQA121,제1종일반주거지역,1,0,,제1종일반주거지역,20221008
경상남도 양산시 삼호동 136-7번지,48330,11400,0,0136,0007,1264100078920,,,,3,용도구역코드,UQQ310,제1종지구단위계획구역,1,0,,제1종지구단위계획구역,20221008
경상남도 양산시 삼호동 136-7번지,48330,11400,0,0136,0007,1264100078920,,,,3,용도구역코드,UOA120,상대보호구역,0,0,,상대정화구역,20221008
경상남도 양산시 삼호동 136-8번지,48330,11400,0,0136,0008,1264100085181,,,,3,용도구역코드,UQQ310,제1종지구단위계획구역,1,0,,제1종지구단위계획구역,20221008
경상남도 양산시 삼호동 136-8번지,48330,11400,0,0136,0008,1264100085181,,,,1,용도지역코드,UQA001,도시지역,1,0,,도시지역,20221008
경상남도 양산시 삼호동 136-8번지,48330,11400,0,0136,0008,1264100085181,,,,1,용도지역코드,UQA121,제1종일반주거지역,0,0,,제1종일반주거지역,20221008
경상남도 양산시 삼호동 136-10번지,48330,11400,0,0136,0010,1264100049106,,,,1,용도지역코드,UQA121,제1종일반주거지역,1,0,,제1종일반주거지역,20221008
경상남도 양산시 삼호동 136-10번지,48330,11400,0,0136,0010,1264100049106,,,,3,용도구역코드,UQQ310,제1종지구단위계획구역,1,0,,제1종지구단위계획구역,20221008
경상남도 양산시 삼호동 136-11번지,48330,11400,0,0136,0011,1264100075545,,,,1,용도지역코드,UQA121,제1종일반주거지역,1,0,,제1종일반주거지역,20221008
경상남도 양산시 삼호동 136-11번지,48330,11400,0,0136,0011,1264100075545,,,,3,용도구역코드,UQQ310,제1종지구단위계획구역,1,0,,제1종지구단위계획구역,20221008
경상남도 양산시 삼호동 136-12번지,48330,11400,0,0136,0012,1264100039596,,,,1,용도지역코드,UQA121,제1종일반주거지역,1,0,,제1종일반주거지역,20221008
경상남도 양산시 삼호동 136-12번지,48330,11400,0,0136,0012,1264100039596,,,,3,용도구역코드,UQQ310,제1종지구단위계획구역,1,0,,제1종지구단위계획구역,20221008
경상남도 양산시 삼호동 136-13번지,48330,11400,0,0136,0013,1264100016176,,,,1,용도지역코드,1021,제1종일반주거지역,1,0,,제1종일반주거지역,20221008
경상남도 양산시 삼호동 136-13번지,48330,11400,0,0136,0013,1264100020639,,,,1,용도지역코드,1021,제1종일반주거지역,1,0,,제1종일반주거지역,20221008
경상남도 양산시 삼호동 137-1번지,48330,11400,0,0137,0001,12646992,,,,1,용도지역코드,1021,제1종일반주거지역,1,0,,제1종일반주거지역,20221008
경상남도 양산시 삼호동 137-1번지,48330,11400,0,0137,0001,12646992,,,,2,용도지구코드,160,택지개발지구,1,0,,택지개발지구,20221008
경상남도 양산시 삼호동 137-1번지,48330,11400,0,0137,0001,12646992,,,,3,용도구역코드,301,제1종지구단위계획구역,1,0,,제1종지구단위계획구역,20221008
경상남도 양산시 삼호동 137-1번지,48330,11400,0,0137,0001,1264100115781,,,,1,용도지역코드,UQA121,제1종일반주거지역,1,0,,제1종일반주거지역,20230616
경상남도 양산시 삼호동 137-1번지,48330,11400,0,0137,0001,1264100115781,,,,3,용도구역코드,UQQ310,제1종지구단위계획구역,1,0,,제1종지구단위계획구역,20230616
경상남도 양산시 삼호동 137-2번지,48330,11400,0,0137,0002,12646982,,,,1,용도지역코드,1021,제1종일반주거지역,1,0,,제1종일반주거지역,20221008
경상남도 양산시 삼호동 137-2번지,48330,11400,0,0137,0002,1264100091503,,,,1,용도지역코드,UQA121,제1종일반주거지역,1,0,,제1종일반주거지역,20221008
경상남도 양산시 삼호동 137-2번지,48330,11400,0,0137,0002,1264100091503,,,,3,용도구역코드,UQQ310,제1종지구단위계획구역,1,0,,제1종지구단위계획구역,20221008
경상남도 양산시 삼호동 137-3번지,48330,11400,0,0137,0003,1264100057994,,,,1,용도지역코드,UQA121,제1종일반주거지역,1,0,,제1종일반주거지역,20221008
경상남도 양산시 삼호동 137-3번지,48330,11400,0,0137,0003,1264100057994,,,,3,용도구역코드,UQQ310,제1종지구단위계획구역,1,0,,제1종지구단위계획구역,20221008
경상남도 양산시 삼호동 137-4번지,48330,11400,0,0137,0004,1264100072061,,,,1,용도지역코드,UQA121,제1종일반주거지역,1,0,,제1종일반주거지역,20221008
경상남도 양산시 삼호동 137-4번지,48330,11400,0,0137,0004,1264100072061,,,,3,용도구역코드,UQQ310,제1종지구단위계획구역,1,0,,제1종지구단위계획구역,20221008
경상남도 양산시 삼호동 137-5번지,48330,11400,0,0137,0005,1264100065421,,,,1,용도지역코드,UQA121,제1종일반주거지역,1,0,,제1종일반주거지역,20221008
경상남도 양산시 삼호동 137-5번지,48330,11400,0,0137,0005,1264100065421,,,,3,용도구역코드,UQQ310,제1종지구단위계획구역,1,0,,제1종지구단위계획구역,20221008
경상남도 양산시 삼호동 137-7번지,48330,11400,0,0137,0007,12649108,,,,1,용도지역코드,1021,제1종일반주거지역,1,0,,제1종일반주거지역,20221008
경상남도 양산시 삼호동 137-7번지,48330,11400,0,0137,0007,12649108,,,,2,용도지구코드,160,택지개발지구,1,0,,택지개발지구,20221008
경상남도 양산시 삼호동 137-7번지,48330,11400,0,0137,0007,12649108,,,,3,용도구역코드,301,제1종지구단위계획구역,1,0,,제1종지구단위계획구역,20221008
경상남도 양산시 삼호동 137-8번지,48330,11400,0,0137,0008,1264100031818,,,,1,용도지역코드,UQA121,제1종일반주거지역,1,0,,제1종일반주거지역,20221008
경상남도 양산시 삼호동 138-1번지,48330,11400,0,0138,0001,12647013,,,,1,용도지역코드,1021,제1종일반주거지역,1,0,,제1종일반주거지역,20221008
경상남도 양산시 삼호동 138-1번지,48330,11400,0,0138,0001,12647013,,,,2,용도지구코드,160,택지개발지구,1,0,,택지개발지구,20221008
경상남도 양산시 삼호동 138-1번지,48330,11400,0,0138,0001,12647013,,,,3,용도구역코드,301,제1종지구단위계획구역,1,0,,제1종지구단위계획구역,20221008
경상남도 양산시 삼호동 138-2번지,48330,11400,0,0138,0002,12647020,,,,1,용도지역코드,1021,제1종일반주거지역,1,0,,제1종일반주거지역,20221008
경상남도 양산시 삼호동 138-2번지,48330,11400,0,0138,0002,12647020,,,,2,용도지구코드,160,택지개발지구,1,0,,택지개발지구,20221008
경상남도 양산시 삼호동 138-2번지,48330,11400,0,0138,0002,12647020,,,,3,용도구역코드,301,제1종지구단위계획구역,1,0,,제1종지구단위계획구역,20221008
경상남도 양산시 삼호동 138-2번지,48330,11400,0,0138,0002,1264100035496,,,,1,용도지역코드,UQA121,제1종일반주거지역,1,0,,제1종일반주거지역,20221008
경상남도 양산시 삼호동 138-2번지,48330,11400,0,0138,0002,1264100035496,,,,3,용도구역코드,UQQ310,제1종지구단위계획구역,1,0,,제1종지구단위계획구역,20221008
경상남도 양산시 삼호동 138-3번지,48330,11400,0,0138,0003,1264100112177,,,,1,용도지역코드,UQA121,제1종일반주거지역,1,0,,제1종일반주거지역,20221008
경상남도 양산시 삼호동 138-3번지,48330,11400,0,0138,0003,1264100112177,,,,3,용도구역코드,UQQ310,제1종지구단위계획구역,1,0,,제1종지구단위계획구역,20221008
경상남도 양산시 삼호동 138-3번지,48330,11400,0,0138,0003,12647019,,,,1,용도지역코드,1021,제1종일반주거지역,1,0,,제1종일반주거지역,20221008
경상남도 양산시 삼호동 138-3번지,48330,11400,0,0138,0003,12647019,,,,2,용도지구코드,160,택지개발지구,1,0,,택지개발지구,20221008
경상남도 양산시 삼호동 138-3번지,48330,11400,0,0138,0003,12647019,,,,3,용도구역코드,301,제1종지구단위계획구역,1,0,,제1종지구단위계획구역,20221008
경상남도 양산시 삼호동 138-4번지,48330,11400,0,0138,0004,12646997,,,,1,용도지역코드,1021,제1종일반주거지역,1,0,,제1종일반주거지역,20221008
경상남도 양산시 삼호동 138-4번지,48330,11400,0,0138,0004,12646997,,,,2,용도지구코드,160,택지개발지구,1,0,,택지개발지구,20221008
경상남도 양산시 삼호동 138-4번지,48330,11400,0,0138,0004,12646997,,,,3,용도구역코드,301,제1종지구단위계획구역,1,0,,제1종지구단위계획구역,20221008
경상남도 양산시 삼호동 138-5번지,48330,11400,0,0138,0005,1264100028532,,,,1,용도지역코드,UQA121,제1종일반주거지역,1,0,,제1종일반주거지역,20221008
경상남도 양산시 삼호동 138-5번지,48330,11400,0,0138,0005,1264100028532,,,,3,용도구역코드,UQQ310,제1종지구단위계획구역,1,0,,제1종지구단위계획구역,20221008
경상남도 양산시 삼호동 138-6번지,48330,11400,0,0138,0006,1264100055111,,,,1,용도지역코드,UQA121,제1종일반주거지역,1,0,,제1종일반주거지역,20221008
경상남도 양산시 삼호동 138-6번지,48330,11400,0,0138,0006,1264100055111,,,,3,용도구역코드,UQQ310,제1종지구단위계획구역,1,0,,제1종지구단위계획구역,20221008
경상남도 양산시 삼호동 138-6번지,48330,11400,0,0138,0006,1264100039273,,,,1,용도지역코드,UQA121,제1종일반주거지역,1,0,,제1종일반주거지역,20221008
경상남도 양산시 삼호동 138-6번지,48330,11400,0,0138,0006,1264100039273,,,,3,용도구역코드,UQQ310,제1종지구단위계획구역,1,0,,제1종지구단위계획구역,20221008
경상남도 양산시 삼호동 138-6번지,48330,11400,0,0138,0006,1264100039273,,,,3,용도구역코드,UOA120,상대보호구역,0,0,,상대정화구역,20221008
경상남도 양산시 삼호동 138-6번지,48330,11400,0,0138,0006,12649104,,,,1,용도지역코드,1021,제1종일반주거지역,1,0,,제1종일반주거지역,20221008
경상남도 양산시 삼호동 138-6번지,48330,11400,0,0138,0006,12649104,,,,3,용도구역코드,301,제1종지구단위계획구역,1,0,,제1종지구단위계획구역,20221008
경상남도 양산시 삼호동 138-7번지,48330,11400,0,0138,0007,1264100072059,,,,1,용도지역코드,UQA121,제1종일반주거지역,1,0,,제1종일반주거지역,20221008
경상남도 양산시 삼호동 138-7번지,48330,11400,0,0138,0007,1264100072059,,,,3,용도구역코드,UQQ310,제1종지구단위계획구역,1,0,,제1종지구단위계획구역,20221008
경상남도 양산시 삼호동 138-11번지,48330,11400,0,0138,0011,1264100066359,,,,1,용도지역코드,UQA121,제1종일반주거지역,1,0,,제1종일반주거지역,20221008
경상남도 양산시 삼호동 138-11번지,48330,11400,0,0138,0011,1264100066359,,,,3,용도구역코드,UQQ310,제1종지구단위계획구역,1,0,,제1종지구단위계획구역,20221008
경상남도 양산시 삼호동 138-12번지,48330,11400,0,0138,0012,12643919,,,,1,용도지역코드,1022,제2종일반주거지역,1,0,,제2종일반주거지역,20221008
경상남도 양산시 삼호동 138-12번지,48330,11400,0,0138,0012,12643919,,,,2,용도지구코드,160,택지개발지구,1,0,,택지개발지구,20221008
경상남도 양산시 삼호동 138-12번지,48330,11400,0,0138,0012,12643919,,,,3,용도구역코드,300,지구단위계획구역,1,0,,지구단위계획구역,20221008
경상남도 양산시 삼호동 138-13번지,48330,11400,0,0138,0013,12645829,,,,1,용도지역코드,1022,제2종일반주거지역,1,0,,제2종일반주거지역,20221008
경상남도 양산시 삼호동 138-13번지,48330,11400,0,0138,0013,12645829,,,,2,용도지구코드,990,기타지구,1,0,,기타지구,20221008
경상남도 양산시 삼호동 138-13번지,48330,11400,0,0138,0013,12645829,,,,3,용도구역코드,300,지구단위계획구역,1,0,,지구단위계획구역,20221008
경상남도 양산시 삼호동 138-16번지,48330,11400,0,0138,0016,1264100019936,,,,1,용도지역코드,1021,제1종일반주거지역,1,0,,제1종일반주거지역,20221008
경상남도 양산시 삼호동 138-16번지,48330,11400,0,0138,0016,1264100019936,,,,3,용도구역코드,301,제1종지구단위계획구역,1,0,,제1종지구단위계획구역,20221008
경상남도 양산시 삼호동 138-16번지,48330,11400,0,0138,0016,1264100024109,,,,1,용도지역코드,UQA121,제1종일반주거지역,1,0,,제1종일반주거지역,20221008
경상남도 양산시 삼호동 140-1번지,48330,11400,0,0140,0001,12647079,,,,1,용도지역코드,1021,제1종일반주거지역,1,0,,제1종일반주거지역,20221008
경상남도 양산시 삼호동 140-1번지,48330,11400,0,0140,0001,12649238,,,,1,용도지역코드,1021,제1종일반주거지역,1,0,,제1종일반주거지역,20221008
경상남도 양산시 삼호동 140-1번지,48330,11400,0,0140,0001,1264100007265,,,,1,용도지역코드,1021,제1종일반주거지역,1,0,,제1종일반주거지역,20221008
경상남도 양산시 삼호동 140-4번지,48330,11400,0,0140,0004,1264100035796,,,,1,용도지역코드,UQA121,제1종일반주거지역,1,0,,제1종일반주거지역,20221008
경상남도 양산시 삼호동 140-5번지,48330,11400,0,0140,0005,1264100027169,,,,1,용도지역코드,UQA121,제1종일반주거지역,1,0,,제1종일반주거지역,20221008
경상남도 양산시 삼호동 140-6번지,48330,11400,0,0140,0006,1264100020202,,,,1,용도지역코드,1021,제1종일반주거지역,1,0,,제1종일반주거지역,20221008
경상남도 양산시 삼호동 140-7번지,48330,11400,0,0140,0007,1264100021363,,,,1,용도지역코드,UQA121,제1종일반주거지역,1,0,,제1종일반주거지역,20221008
경상남도 양산시 삼호동 140-8번지,48330,11400,0,0140,0008,1264100051787,,,,3,용도구역코드,UQQ310,제1종지구단위계획구역,1,0,,제1종지구단위계획구역,20221008
경상남도 양산시 삼호동 140-8번지,48330,11400,0,0140,0008,1264100051787,,,,1,용도지역코드,UQA121,제1종일반주거지역,1,0,,제1종일반주거지역,20221008
경상남도 양산시 삼호동 140-12번지,48330,11400,0,0140,0012,1264100030957,,,,1,용도지역코드,UQA121,제1종일반주거지역,1,0,,제1종일반주거지역,20221008
경상남도 양산시 삼호동 140-12번지,48330,11400,0,0140,0012,1264100030957,,,,3,용도구역코드,UOA120,상대보호구역,1,0,,상대정화구역,20221008
경상남도 양산시 삼호동 140-13번지,48330,11400,0,0140,0013,1264100040263,,,,1,용도지역코드,UQA121,제1종일반주거지역,1,0,,제1종일반주거지역,20221008
경상남도 양산시 삼호동 140-14번지,48330,11400,0,0140,0014,1264100085385,,,,1,용도지역코드,UQA121,제1종일반주거지역,1,0,,제1종일반주거지역,20221008
경상남도 양산시 삼호동 140-14번지,48330,11400,0,0140,0014,1264100085385,,,,3,용도구역코드,UQQ310,제1종지구단위계획구역,1,0,,제1종지구단위계획구역,20221008
경상남도 양산시 삼호동 140-14번지,48330,11400,0,0140,0014,1264100085385,,,,3,용도구역코드,UOA120,상대보호구역,0,0,,상대정화구역,20221008
경상남도 양산시 삼호동 140-15번지,48330,11400,0,0140,0015,1264100040645,,,,1,용도지역코드,UQA121,제1종일반주거지역,1,0,,제1종일반주거지역,20221008
경상남도 양산시 삼호동 140-16번지,48330,11400,0,0140,0016,12647070,,,,1,용도지역코드,1021,제1종일반주거지역,1,0,,제1종일반주거지역,20221008
경상남도 양산시 삼호동 141-1번지,48330,11400,0,0141,0001,1264100030798,,,,1,용도지역코드,UQA121,제1종일반주거지역,1,0,,제1종일반주거지역,20221008
경상남도 양산시 삼호동 141-1번지,48330,11400,0,0141,0001,1264100006927,,,,1,용도지역코드,1021,제1종일반주거지역,1,0,,제1종일반주거지역,20221008
경상남도 양산시 삼호동 141-2번지,48330,11400,0,0141,0002,1264100020346,,,,1,용도지역코드,1021,제1종일반주거지역,1,0,,제1종일반주거지역,20221008
경상남도 양산시 삼호동 141-3번지,48330,11400,0,0141,0003,1264100020345,,,,1,용도지역코드,1021,제1종일반주거지역,1,0,,제1종일반주거지역,20221008
경상남도 양산시 삼호동 141-4번지,48330,11400,0,0141,0004,1264100077579,,,,1,용도지역코드,UQA121,제1종일반주거지역,1,0,,제1종일반주거지역,20221008
경상남도 양산시 삼호동 141-4번지,48330,11400,0,0141,0004,1264100077579,,,,3,용도구역코드,UQQ310,제1종지구단위계획구역,1,0,,제1종지구단위계획구역,20221008
경상남도 양산시 삼호동 141-4번지,48330,11400,0,0141,0004,1264100077579,,,,3,용도구역코드,UOA120,상대보호구역,0,0,,상대정화구역,20221008
경상남도 양산시 삼호동 141-5번지,48330,11400,0,0141,0005,1264100004689,,,,1,용도지역코드,1021,제1종일반주거지역,1,0,,제1종일반주거지역,20221008
경상남도 양산시 삼호동 141-5번지,48330,11400,0,0141,0005,1264100004689,,,,3,용도구역코드,301,제1종지구단위계획구역,1,0,,제1종지구단위계획구역,20221008
경상남도 양산시 삼호동 141-6번지,48330,11400,0,0141,0006,1264100082361,,,,3,용도구역코드,UOA120,상대보호구역,0,0,,상대정화구역,20221008
경상남도 양산시 삼호동 141-6번지,48330,11400,0,0141,0006,1264100082361,,,,1,용도지역코드,UQA121,제1종일반주거지역,1,0,,제1종일반주거지역,20221008
경상남도 양산시 삼호동 141-6번지,48330,11400,0,0141,0006,1264100082361,,,,3,용도구역코드,UQQ310,제1종지구단위계획구역,1,0,,제1종지구단위계획구역,20221008
경상남도 양산시 삼호동 141-6번지,48330,11400,0,0141,0006,12645781,,,,1,용도지역코드,1022,제2종일반주거지역,1,0,,제2종일반주거지역,20221008
경상남도 양산시 삼호동 141-8번지,48330,11400,0,0141,0008,1264100006606,,,,1,용도지역코드,1021,제1종일반주거지역,1,0,,제1종일반주거지역,20221008
경상남도 양산시 삼호동 141-9번지,48330,11400,0,0141,0009,1264100094001,,,,1,용도지역코드,UQA121,제1종일반주거지역,1,0,,제1종일반주거지역,20221008
경상남도 양산시 삼호동 141-9번지,48330,11400,0,0141,0009,1264100094001,,,,3,용도구역코드,UQQ310,제1종지구단위계획구역,1,0,,제1종지구단위계획구역,20221008
경상남도 양산시 삼호동 141-10번지,48330,11400,0,0141,0010,12648771,,,,1,용도지역코드,1021,제1종일반주거지역,1,0,,제1종일반주거지역,20221008
경상남도 양산시 삼호동 141-10번지,48330,11400,0,0141,0010,12648771,,,,2,용도지구코드,160,택지개발지구,1,0,,택지개발지구,20221008
경상남도 양산시 삼호동 141-10번지,48330,11400,0,0141,0010,12648771,,,,3,용도구역코드,301,제1종지구단위계획구역,1,0,,제1종지구단위계획구역,20221008
경상남도 양산시 삼호동 141-11번지,48330,11400,0,0141,0011,1264100025869,,,,1,용도지역코드,UQA121,제1종일반주거지역,1,0,,제1종일반주거지역,20221008
경상남도 양산시 삼호동 141-12번지,48330,11400,0,0141,0012,12644655,,,,1,용도지역코드,1022,제2종일반주거지역,1,0,,제2종일반주거지역,20221008
경상남도 양산시 삼호동 141-12번지,48330,11400,0,0141,0012,12644655,,,,2,용도지구코드,160,택지개발지구,1,0,,택지개발지구,20221008
경상남도 양산시 삼호동 141-12번지,48330,11400,0,0141,0012,12644655,,,,3,용도구역코드,301,제1종지구단위계획구역,1,0,,제1종지구단위계획구역,20221008
경상남도 양산시 삼호동 141-12번지,48330,11400,0,0141,0012,1264100088001,,,,1,용도지역코드,UQA121,제1종일반주거지역,1,0,,제1종일반주거지역,20221008
경상남도 양산시 삼호동 141-12번지,48330,11400,0,0141,0012,1264100088001,,,,3,용도구역코드,UQQ310,제1종지구단위계획구역,1,0,,제1종지구단위계획구역,20221008
경상남도 양산시 삼호동 141-13번지,48330,11400,0,0141,0013,1264100088002,,,,1,용도지역코드,UQA121,제1종일반주거지역,1,0,,제1종일반주거지역,20221008
경상남도 양산시 삼호동 141-13번지,48330,11400,0,0141,0013,1264100088002,,,,3,용도구역코드,UQQ310,제1종지구단위계획구역,1,0,,제1종지구단위계획구역,20221008
경상남도 양산시 삼호동 141-15번지,48330,11400,0,0141,0015,1264100145404,,,,1,용도지역코드,UQA121,제1종일반주거지역,1,0,,제1종일반주거지역,20250716
경상남도 양산시 삼호동 141-15번지,48330,11400,0,0141,0015,1264100145404,,,,3,용도구역코드,UQQ310,제1종지구단위계획구역,1,0,,제1종지구단위계획구역,20250716
경상남도 양산시 삼호동 141-16번지,48330,11400,0,0141,0016,1264100039435,,,,1,용도지역코드,UQA121,제1종일반주거지역,1,0,,제1종일반주거지역,20221008
경상남도 양산시 삼호동 141-16번지,48330,11400,0,0141,0016,1264100039435,,,,3,용도구역코드,UQQ310,제1종지구단위계획구역,1,0,,제1종지구단위계획구역,20221008
경상남도 양산시 삼호동 141-16번지,48330,11400,0,0141,0016,1264100039435,,,,3,용도구역코드,UOA120,상대보호구역,0,0,,상대정화구역,20221008
경상남도 양산시 삼호동 142-1번지,48330,11400,0,0142,0001,1264100063501,,,,1,용도지역코드,UQA121,제1종일반주거지역,1,0,,제1종일반주거지역,20221008
경상남도 양산시 삼호동 142-1번지,48330,11400,0,0142,0001,1264100063501,,,,3,용도구역코드,UQQ310,제1종지구단위계획구역,1,0,,제1종지구단위계획구역,20221008
경상남도 양산시 삼호동 142-1번지,48330,11400,0,0142,0001,1264100063501,,,,3,용도구역코드,UOA120,상대보호구역,0,0,,상대정화구역,20221008
경상남도 양산시 삼호동 142-1번지,48330,11400,0,0142,0001,12647130,,,,1,용도지역코드,0100,도시지역,1,0,,도시지역,20221008
경상남도 양산시 삼호동 142-1번지,48330,11400,0,0142,0001,12647130,,,,1,용도지역코드,1021,제1종일반주거지역,0,0,,제1종일반주거지역,20221008
경상남도 양산시 삼호동 142-1번지,48330,11400,0,0142,0001,12647130,,,,2,용도지구코드,160,택지개발지구,1,0,,택지개발지구,20221008
경상남도 양산시 삼호동 142-1번지,48330,11400,0,0142,0001,12647130,,,,3,용도구역코드,301,제1종지구단위계획구역,1,0,,제1종지구단위계획구역,20221008
경상남도 양산시 삼호동 142-2번지,48330,11400,0,0142,0002,1264100027651,,,,1,용도지역코드,UQA121,제1종일반주거지역,1,0,,제1종일반주거지역,20221008
경상남도 양산시 삼호동 142-3번지,48330,11400,0,0142,0003,12649157,,,,1,용도지역코드,1021,제1종일반주거지역,1,0,,제1종일반주거지역,20221008
경상남도 양산시 삼호동 142-3번지,48330,11400,0,0142,0003,12649157,,,,2,용도지구코드,160,택지개발지구,1,0,,택지개발지구,20221008
경상남도 양산시 삼호동 142-3번지,48330,11400,0,0142,0003,12649157,,,,3,용도구역코드,301,제1종지구단위계획구역,1,0,,제1종지구단위계획구역,20221008
경상남도 양산시 삼호동 142-4번지,48330,11400,0,0142,0004,1264100022024,,,,1,용도지역코드,UQA121,제1종일반주거지역,1,0,,제1종일반주거지역,20221008
경상남도 양산시 삼호동 142-5번지,48330,11400,0,0142,0005,1264100018636,,,,1,용도지역코드,1021,제1종일반주거지역,1,0,,제1종일반주거지역,20221008
경상남도 양산시 삼호동 142-5번지,48330,11400,0,0142,0005,1264100018636,,,,3,용도구역코드,301,제1종지구단위계획구역,1,0,,제1종지구단위계획구역,20221008
경상남도 양산시 삼호동 142-6번지,48330,11400,0,0142,0006,12647997,,,,1,용도지역코드,1021,제1종일반주거지역,1,0,,제1종일반주거지역,20221008
경상남도 양산시 삼호동 142-6번지,48330,11400,0,0142,0006,12647997,,,,2,용도지구코드,160,택지개발지구,1,0,,택지개발지구,20221008
경상남도 양산시 삼호동 142-6번지,48330,11400,0,0142,0006,12647997,,,,3,용도구역코드,301,제1종지구단위계획구역,1,0,,제1종지구단위계획구역,20221008
경상남도 양산시 삼호동 142-6번지,48330,11400,0,0142,0006,12645771,,,,1,용도지역코드,1022,제2종일반주거지역,1,0,,제2종일반주거지역,20221008
경상남도 양산시 삼호동 142-6번지,48330,11400,0,0142,0006,12645771,,,,2,용도지구코드,160,택지개발지구,1,0,,택지개발지구,20221008
경상남도 양산시 삼호동 142-6번지,48330,11400,0,0142,0006,12645771,,,,3,용도구역코드,301,제1종지구단위계획구역,1,0,,제1종지구단위계획구역,20221008
경상남도 양산시 삼호동 142-8번지,48330,11400,0,0142,0008,1264100016476,,,,1,용도지역코드,1021,제1종일반주거지역,1,0,,제1종일반주거지역,20221008
경상남도 양산시 삼호동 142-9번지,48330,11400,0,0142,0009,1264100081241,,,,1,용도지역코드,UQA121,제1종일반주거지역,1,0,,제1종일반주거지역,20221008
경상남도 양산시 삼호동 142-9번지,48330,11400,0,0142,0009,1264100143389,,,,1,용도지역코드,UQA121,제1종일반주거지역,1,0,,제1종일반주거지역,20221008
경상남도 양산시 삼호동 142-9번지,48330,11400,0,0142,0009,1264100143389,,,,3,용도구역코드,UQQ310,제1종지구단위계획구역,1,0,,제1종지구단위계획구역,20221008
경상남도 양산시 삼호동 142-9번지,48330,11400,0,0142,0009,1264100058055,,,,1,용도지역코드,UQA121,제1종일반주거지역,1,0,,제1종일반주거지역,20221008
경상남도 양산시 삼호동 142-9번지,48330,11400,0,0142,0009,1264100017454,,,,1,용도지역코드,1021,제1종일반주거지역,1,0,,제1종일반주거지역,20221008
경상남도 양산시 삼호동 142-9번지,48330,11400,0,0142,0009,1264100017454,,,,2,용도지구코드,160,택지개발지구,1,0,,택지개발지구,20221008
경상남도 양산시 삼호동 142-10번지,48330,11400,0,0142,0010,1264100046366,,,,1,용도지역코드,UQA121,제1종일반주거지역,1,0,,제1종일반주거지역,20221008
경상남도 양산시 삼호동 142-10번지,48330,11400,0,0142,0010,1264100046366,,,,3,용도구역코드,UQQ310,제1종지구단위계획구역,1,0,,제1종지구단위계획구역,20221008
경상남도 양산시 삼호동 142-11번지,48330,11400,0,0142,0011,1264100046045,,,,1,용도지역코드,UQA121,제1종일반주거지역,1,0,,제1종일반주거지역,20221008
경상남도 양산시 삼호동 142-11번지,48330,11400,0,0142,0011,1264100046045,,,,3,용도구역코드,UQQ310,제1종지구단위계획구역,1,0,,제1종지구단위계획구역,20221008
경상남도 양산시 삼호동 142-14번지,48330,11400,0,0142,0014,12644563,,,,1,용도지역코드,1020,일반주거지역,1,0,,일반주거지역,20221008
경상남도 양산시 삼호동 142-14번지,48330,11400,0,0142,0014,12644563,,,,2,용도지구코드,160,택지개발지구,1,0,,택지개발지구,20221008
경상남도 양산시 삼호동 142-14번지,48330,11400,0,0142,0014,12644563,,,,3,용도구역코드,300,지구단위계획구역,1,0,,지구단위계획구역,20221008
경상남도 양산시 삼호동 142-15번지,48330,11400,0,0142,0015,12645650,,,,1,용도지역코드,1022,제2종일반주거지역,1,0,,제2종일반주거지역,20221008
경상남도 양산시 삼호동 142-16번지,48330,11400,0,0142,0016,1264100139203,,,,1,용도지역코드,UQA121,제1종일반주거지역,1,0,,제1종일반주거지역,20221008
경상남도 양산시 삼호동 142-16번지,48330,11400,0,0142,0016,1264100139203,,,,3,용도구역코드,UOA120,상대보호구역,1,0,,상대보호구역,20221008
경상남도 양산시 삼호동 142-16번지,48330,11400,0,0142,0016,1264100139203,,,,3,용도구역코드,UQQ310,제1종지구단위계획구역,0,0,,제1종지구단위계획구역,20221008
경상남도 양산시 삼호동 144-1번지,48330,11400,0,0144,0001,12648689,,,,1,용도지역코드,1021,제1종일반주거지역,1,0,,제1종일반주거지역,20221008
경상남도 양산시 삼호동 144-1번지,48330,11400,0,0144,0001,12648689,,,,3,용도구역코드,301,제1종지구단위계획구역,1,0,,제1종지구단위계획구역,20221008
경상남도 양산시 삼호동 144-2번지,48330,11400,0,0144,0002,1264100114897,,,,1,용도지역코드,UQA121,제1종일반주거지역,1,0,,제1종일반주거지역,20221008
경상남도 양산시 삼호동 144-2번지,48330,11400,0,0144,0002,1264100114897,,,,3,용도구역코드,UQQ310,제1종지구단위계획구역,1,0,,제1종지구단위계획구역,20221008
경상남도 양산시 삼호동 144-2번지,48330,11400,0,0144,0002,12645897,,,,1,용도지역코드,1021,제1종일반주거지역,1,0,,제1종일반주거지역,20221008
경상남도 양산시 삼호동 144-2번지,48330,11400,0,0144,0002,12645897,,,,2,용도지구코드,160,택지개발지구,1,0,,택지개발지구,20221008
경상남도 양산시 삼호동 144-2번지,48330,11400,0,0144,0002,12645897,,,,3,용도구역코드,301,제1종지구단위계획구역,1,0,,제1종지구단위계획구역,20221008
경상남도 양산시 삼호동 144-3번지,48330,11400,0,0144,0003,1264100036874,,,,1,용도지역코드,UQA121,제1종일반주거지역,1,0,,제1종일반주거지역,20221008
경상남도 양산시 삼호동 144-3번지,48330,11400,0,0144,0003,1264100006406,,,,1,용도지역코드,1021,제1종일반주거지역,1,0,,제1종일반주거지역,20221008
경상남도 양산시 삼호동 144-4번지,48330,11400,0,0144,0004,1264100007025,,,,1,용도지역코드,1021,제1종일반주거지역,1,0,,제1종일반주거지역,20221008
경상남도 양산시 삼호동 144-5번지,48330,11400,0,0144,0005,1264100007026,,,,1,용도지역코드,1021,제1종일반주거지역,1,0,,제1종일반주거지역,20221008
경상남도 양산시 삼호동 144-5번지,48330,11400,0,0144,0005,1264100039313,,,,1,용도지역코드,UQA121,제1종일반주거지역,1,0,,제1종일반주거지역,20221008
경상남도 양산시 삼호동 144-5번지,48330,11400,0,0144,0005,1264100039313,,,,3,용도구역코드,UQQ310,제1종지구단위계획구역,1,0,,제1종지구단위계획구역,20221008
경상남도 양산시 삼호동 144-6번지,48330,11400,0,0144,0006,1264100014076,,,,1,용도지역코드,1021,제1종일반주거지역,1,0,,제1종일반주거지역,20221008
경상남도 양산시 삼호동 144-7번지,48330,11400,0,0144,0007,12649149,,,,1,용도지역코드,1021,제1종일반주거지역,1,0,,제1종일반주거지역,20221008
경상남도 양산시 삼호동 144-7번지,48330,11400,0,0144,0007,12649149,,,,2,용도지구코드,160,택지개발지구,1,0,,택지개발지구,20221008
경상남도 양산시 삼호동 144-7번지,48330,11400,0,0144,0007,12649149,,,,3,용도구역코드,301,제1종지구단위계획구역,1,0,,제1종지구단위계획구역,20221008
경상남도 양산시 삼호동 145-1번지,48330,11400,0,0145,0001,12646172,,,,1,용도지역코드,1021,제1종일반주거지역,1,0,,제1종일반주거지역,20221008
경상남도 양산시 삼호동 145-1번지,48330,11400,0,0145,0001,12646172,,,,3,용도구역코드,301,제1종지구단위계획구역,1,0,,제1종지구단위계획구역,20221008
경상남도 양산시 삼호동 145-2번지,48330,11400,0,0145,0002,12643858,,,,1,용도지역코드,1022,제2종일반주거지역,1,0,,제2종일반주거지역,20221008
경상남도 양산시 삼호동 145-2번지,48330,11400,0,0145,0002,12643858,,,,2,용도지구코드,160,택지개발지구,1,0,,택지개발지구,20221008
경상남도 양산시 삼호동 145-2번지,48330,11400,0,0145,0002,12643858,,,,3,용도구역코드,300,지구단위계획구역,1,0,,지구단위계획구역,20221008
경상남도 양산시 삼호동 145-4번지,48330,11400,0,0145,0004,12646168,,,,1,용도지역코드,1021,제1종일반주거지역,1,0,,제1종일반주거지역,20221008
경상남도 양산시 삼호동 145-4번지,48330,11400,0,0145,0004,12646168,,,,3,용도구역코드,301,제1종지구단위계획구역,1,0,,제1종지구단위계획구역,20221008
경상남도 양산시 삼호동 145-4번지,48330,11400,0,0145,0004,1264100102833,,,,1,용도지역코드,UQA121,제1종일반주거지역,1,0,,제1종일반주거지역,20221008
경상남도 양산시 삼호동 145-4번지,48330,11400,0,0145,0004,1264100102833,,,,3,용도구역코드,UOA120,상대보호구역,1,0,,상대보호구역,20221008
경상남도 양산시 삼호동 145-4번지,48330,11400,0,0145,0004,1264100102833,,,,3,용도구역코드,UQQ310,제1종지구단위계획구역,0,0,,제1종지구단위계획구역,20221008
경상남도 양산시 삼호동 145-5번지,48330,11400,0,0145,0005,12647801,,,,1,용도지역코드,1021,제1종일반주거지역,1,0,,제1종일반주거지역,20221008
경상남도 양산시 삼호동 145-5번지,48330,11400,0,0145,0005,12647801,,,,3,용도구역코드,301,제1종지구단위계획구역,1,0,,제1종지구단위계획구역,20221008
경상남도 양산시 삼호동 145-6번지,48330,11400,0,0145,0006,1264100027311,,,,1,용도지역코드,UQA121,제1종일반주거지역,1,0,,제1종일반주거지역,20221008
경상남도 양산시 삼호동 145-6번지,48330,11400,0,0145,0006,1264100027311,,,,3,용도구역코드,UQQ310,제1종지구단위계획구역,1,0,,제1종지구단위계획구역,20221008
경상남도 양산시 삼호동 145-7번지,48330,11400,0,0145,0007,1264100070641,,,,1,용도지역코드,UQA121,제1종일반주거지역,1,0,,제1종일반주거지역,20221008
경상남도 양산시 삼호동 145-7번지,48330,11400,0,0145,0007,1264100070641,,,,3,용도구역코드,UQQ310,제1종지구단위계획구역,1,0,,제1종지구단위계획구역,20221008
경상남도 양산시 삼호동 145-7번지,48330,11400,0,0145,0007,1264100070641,,,,3,용도구역코드,UOA120,상대보호구역,0,0,,상대정화구역,20221008
경상남도 양산시 삼호동 145-8번지,48330,11400,0,0145,0008,1264100030659,,,,1,용도지역코드,UQA121,제1종일반주거지역,1,0,,제1종일반주거지역,20221008
경상남도 양산시 삼호동 145-8번지,48330,11400,0,0145,0008,1264100030659,,,,3,용도구역코드,UQQ310,제1종지구단위계획구역,1,0,,제1종지구단위계획구역,20221008
경상남도 양산시 삼호동 145-8번지,48330,11400,0,0145,0008,1264100030659,,,,3,용도구역코드,UOA120,상대보호구역,0,0,,상대정화구역,20221008
경상남도 양산시 삼호동 145-9번지,48330,11400,0,0145,0009,1264100042862,,,,1,용도지역코드,UQA121,제1종일반주거지역,1,0,,제1종일반주거지역,20221008
경상남도 양산시 삼호동 145-9번지,48330,11400,0,0145,0009,1264100087421,,,,1,용도지역코드,UQA121,제1종일반주거지역,1,0,,제1종일반주거지역,20221008
경상남도 양산시 삼호동 145-9번지,48330,11400,0,0145,0009,1264100087421,,,,3,용도구역코드,UQQ310,제1종지구단위계획구역,1,0,,제1종지구단위계획구역,20221008
경상남도 양산시 삼호동 145-10번지,48330,11400,0,0145,0010,12645599,,,,1,용도지역코드,1022,제2종일반주거지역,1,0,,제2종일반주거지역,20221008
경상남도 양산시 삼호동 145-10번지,48330,11400,0,0145,0010,12645599,,,,2,용도지구코드,160,택지개발지구,1,0,,택지개발지구,20221008
경상남도 양산시 삼호동 145-10번지,48330,11400,0,0145,0010,12645599,,,,3,용도구역코드,301,제1종지구단위계획구역,1,0,,제1종지구단위계획구역,20221008
경상남도 양산시 삼호동 146-1번지,48330,11400,0,0146,0001,1264100045185,,,,1,용도지역코드,UQA121,제1종일반주거지역,1,0,,제1종일반주거지역,20221008
경상남도 양산시 삼호동 146-1번지,48330,11400,0,0146,0001,1264100045185,,,,3,용도구역코드,UQQ310,제1종지구단위계획구역,1,0,,제1종지구단위계획구역,20221008
경상남도 양산시 삼호동 146-2번지,48330,11400,0,0146,0002,1264100024671,,,,1,용도지역코드,UQA121,제1종일반주거지역,1,0,,제1종일반주거지역,20221008
경상남도 양산시 삼호동 146-2번지,48330,11400,0,0146,0002,1264100024671,,,,3,용도구역코드,UQQ310,제1종지구단위계획구역,1,0,,제1종지구단위계획구역,20221008
경상남도 양산시 삼호동 146-3번지,48330,11400,0,0146,0003,1264100003785,,,,1,용도지역코드,1021,제1종일반주거지역,1,0,,제1종일반주거지역,20221008
경상남도 양산시 삼호동 146-3번지,48330,11400,0,0146,0003,1264100003785,,,,2,용도지구코드,160,택지개발지구,1,0,,택지개발지구,20221008
경상남도 양산시 삼호동 146-3번지,48330,11400,0,0146,0003,1264100003785,,,,3,용도구역코드,301,제1종지구단위계획구역,1,0,,제1종지구단위계획구역,20221008
경상남도 양산시 삼호동 146-4번지,48330,11400,0,0146,0004,1264100106915,,,,1,용도지역코드,UQA121,제1종일반주거지역,1,0,,제1종일반주거지역,20221008
경상남도 양산시 삼호동 146-4번지,48330,11400,0,0146,0004,1264100106915,,,,3,용도구역코드,UOA120,상대보호구역,1,0,,상대보호구역,20221008
경상남도 양산시 삼호동 146-4번지,48330,11400,0,0146,0004,1264100106915,,,,3,용도구역코드,UQQ310,제1종지구단위계획구역,0,0,,제1종지구단위계획구역,20221008
경상남도 양산시 삼호동 146-5번지,48330,11400,0,0146,0005,12645368,,,,1,용도지역코드,1022,제2종일반주거지역,1,0,,제2종일반주거지역,20221008
경상남도 양산시 삼호동 146-5번지,48330,11400,0,0146,0005,12645368,,,,2,용도지구코드,160,택지개발지구,1,0,,택지개발지구,20221008
경상남도 양산시 삼호동 146-5번지,48330,11400,0,0146,0005,12645368,,,,3,용도구역코드,300,지구단위계획구역,1,0,,지구단위계획구역,20221008
경상남도 양산시 삼호동 146-6번지,48330,11400,0,0146,0006,1264100038493,,,,1,용도지역코드,UQA121,제1종일반주거지역,1,0,,제1종일반주거지역,20221008
경상남도 양산시 삼호동 146-6번지,48330,11400,0,0146,0006,1264100038493,,,,3,용도구역코드,UQQ310,제1종지구단위계획구역,1,0,,제1종지구단위계획구역,20221008
경상남도 양산시 삼호동 146-6번지,48330,11400,0,0146,0006,1264100038493,,,,3,용도구역코드,UOA120,상대보호구역,0,0,,상대정화구역,20221008
경상남도 양산시 삼호동 146-7번지,48330,11400,0,0146,0007,1264100040104,,,,1,용도지역코드,UQA121,제1종일반주거지역,1,0,,제1종일반주거지역,20221008
경상남도 양산시 삼호동 146-9번지,48330,11400,0,0146,0009,1264100090901,,,,1,용도지역코드,UQA121,제1종일반주거지역,1,0,,제1종일반주거지역,20221008
경상남도 양산시 삼호동 146-9번지,48330,11400,0,0146,0009,1264100090901,,,,3,용도구역코드,UQQ310,제1종지구단위계획구역,1,0,,제1종지구단위계획구역,20221008
경상남도 양산시 삼호동 146-9번지,48330,11400,0,0146,0009,1264100090901,,,,3,용도구역코드,UOA120,상대보호구역,0,0,,상대정화구역,20221008
경상남도 양산시 삼호동 146-10번지,48330,11400,0,0146,0010,1264100006568,,,,1,용도지역코드,1021,제1종일반주거지역,1,0,,제1종일반주거지역,20221008
경상남도 양산시 삼호동 146-10번지,48330,11400,0,0146,0010,1264100006568,,,,3,용도구역코드,301,제1종지구단위계획구역,1,0,,제1종지구단위계획구역,20221008
경상남도 양산시 삼호동 146-11번지,48330,11400,0,0146,0011,12644032,,,,1,용도지역코드,1022,제2종일반주거지역,1,0,,제2종일반주거지역,20221008
경상남도 양산시 삼호동 146-11번지,48330,11400,0,0146,0011,12644032,,,,2,용도지구코드,160,택지개발지구,1,0,,택지개발지구,20221008
경상남도 양산시 삼호동 146-11번지,48330,11400,0,0146,0011,12644032,,,,3,용도구역코드,300,지구단위계획구역,1,0,,지구단위계획구역,20221008
경상남도 양산시 삼호동 146-12번지,48330,11400,0,0146,0012,1264100034289,,,,1,용도지역코드,UQA121,제1종일반주거지역,1,0,,제1종일반주거지역,20221008
경상남도 양산시 삼호동 146-12번지,48330,11400,0,0146,0012,1264100034289,,,,3,용도구역코드,UQQ310,제1종지구단위계획구역,1,0,,제1종지구단위계획구역,20221008
경상남도 양산시 삼호동 146-13번지,48330,11400,0,0146,0013,1264100031128,,,,1,용도지역코드,UQA121,제1종일반주거지역,1,0,,제1종일반주거지역,20221008
경상남도 양산시 삼호동 146-13번지,48330,11400,0,0146,0013,1264100031128,,,,3,용도구역코드,UOA110,절대정화구역,1,0,,절대정화구역,20221008
경상남도 양산시 삼호동 146-13번지,48330,11400,0,0146,0013,1264100031128,,,,3,용도구역코드,UOA120,상대보호구역,0,0,,상대정화구역,20221008
경상남도 양산시 삼호동 146-14번지,48330,11400,0,0146,0014,1264100036873,,,,1,용도지역코드,UQA121,제1종일반주거지역,1,0,,제1종일반주거지역,20221008
경상남도 양산시 삼호동 146-14번지,48330,11400,0,0146,0014,1264100036873,,,,3,용도구역코드,UQQ310,제1종지구단위계획구역,1,0,,제1종지구단위계획구역,20221008
경상남도 양산시 삼호동 146-15번지,48330,11400,0,0146,0015,1264100036294,,,,1,용도지역코드,UQA121,제1종일반주거지역,1,0,,제1종일반주거지역,20221008
경상남도 양산시 삼호동 146-15번지,48330,11400,0,0146,0015,1264100036294,,,,3,용도구역코드,UQQ310,제1종지구단위계획구역,1,0,,제1종지구단위계획구역,20221008
경상남도 양산시 삼호동 146-16번지,48330,11400,0,0146,0016,12644780,,,,1,용도지역코드,1022,제2종일반주거지역,1,0,,제2종일반주거지역,20221008
경상남도 양산시 삼호동 146-16번지,48330,11400,0,0146,0016,12644780,,,,2,용도지구코드,160,택지개발지구,1,0,,택지개발지구,20221008
경상남도 양산시 삼호동 146-16번지,48330,11400,0,0146,0016,12644780,,,,3,용도구역코드,300,지구단위계획구역,1,0,,지구단위계획구역,20221008
경상남도 양산시 삼호동 146-17번지,48330,11400,0,0146,0017,1264100038317,,,,1,용도지역코드,UQA121,제1종일반주거지역,1,0,,제1종일반주거지역,20221008
경상남도 양산시 삼호동 146-17번지,48330,11400,0,0146,0017,1264100038317,,,,3,용도구역코드,UQQ310,제1종지구단위계획구역,1,0,,제1종지구단위계획구역,20221008
경상남도 양산시 삼호동 146-18번지,48330,11400,0,0146,0018,12649113,,,,1,용도지역코드,1021,제1종일반주거지역,1,0,,제1종일반주거지역,20221008
경상남도 양산시 삼호동 146-18번지,48330,11400,0,0146,0018,12649113,,,,2,용도지구코드,160,택지개발지구,1,0,,택지개발지구,20221008
경상남도 양산시 삼호동 146-18번지,48330,11400,0,0146,0018,12649113,,,,3,용도구역코드,301,제1종지구단위계획구역,1,0,,제1종지구단위계획구역,20221008
경상남도 양산시 삼호동 147-2번지,48330,11400,0,0147,0002,1264100077739,,,,1,용도지역코드,UQA121,제1종일반주거지역,1,0,,제1종일반주거지역,20221008
경상남도 양산시 삼호동 147-2번지,48330,11400,0,0147,0002,1264100077739,,,,3,용도구역코드,UQQ310,제1종지구단위계획구역,1,0,,제1종지구단위계획구역,20221008
경상남도 양산시 삼호동 147-2번지,48330,11400,0,0147,0002,1264100077739,,,,3,용도구역코드,UOA120,상대보호구역,0,0,,상대정화구역,20221008
경상남도 양산시 삼호동 147-3번지,48330,11400,0,0147,0003,1264100021767,,,,1,용도지역코드,UQA111,제1종전용주거지역,1,0,,제1종전용주거지역,20221008
경상남도 양산시 삼호동 147-3번지,48330,11400,0,0147,0003,1264100021767,,,,3,용도구역코드,UQQ310,제1종지구단위계획구역,1,0,,제1종지구단위계획구역,20221008
경상남도 양산시 삼호동 147-3번지,48330,11400,0,0147,0003,1264100111517,,,,1,용도지역코드,UQA121,제1종일반주거지역,1,0,,제1종일반주거지역,20221008
경상남도 양산시 삼호동 147-3번지,48330,11400,0,0147,0003,1264100111517,,,,3,용도구역코드,UOA120,상대보호구역,1,0,,상대보호구역,20221008
경상남도 양산시 삼호동 147-3번지,48330,11400,0,0147,0003,1264100111517,,,,3,용도구역코드,UQQ310,제1종지구단위계획구역,0,0,,제1종지구단위계획구역,20221008
경상남도 양산시 삼호동 147-5번지,48330,11400,0,0147,0005,12648672,,,,1,용도지역코드,1021,제1종일반주거지역,1,0,,제1종일반주거지역,20221008
경상남도 양산시 삼호동 147-5번지,48330,11400,0,0147,0005,12648672,,,,2,용도지구코드,160,택지개발지구,1,0,,택지개발지구,20221008
경상남도 양산시 삼호동 147-5번지,48330,11400,0,0147,0005,12648672,,,,3,용도구역코드,301,제1종지구단위계획구역,1,0,,제1종지구단위계획구역,20221008
경상남도 양산시 삼호동 147-6번지,48330,11400,0,0147,0006,12645024,,,,1,용도지역코드,1022,제2종일반주거지역,1,0,,제2종일반주거지역,20221008
경상남도 양산시 삼호동 147-6번지,48330,11400,0,0147,0006,12645024,,,,2,용도지구코드,160,택지개발지구,1,0,,택지개발지구,20221008
경상남도 양산시 삼호동 147-6번지,48330,11400,0,0147,0006,12645024,,,,3,용도구역코드,010,도시계획구역,1,0,,도시계획구역,20221008
경상남도 양산시 삼호동 147-7번지,48330,11400,0,0147,0007,12649023,,,,1,용도지역코드,1021,제1종일반주거지역,1,0,,제1종일반주거지역,20221008
경상남도 양산시 삼호동 147-7번지,48330,11400,0,0147,0007,12649023,,,,3,용도구역코드,301,제1종지구단위계획구역,1,0,,제1종지구단위계획구역,20221008
경상남도 양산시 삼호동 147-14번지,48330,11400,0,0147,0014,1264100021766,,,,1,용도지역코드,UQA121,제1종일반주거지역,1,0,,제1종일반주거지역,20221008
경상남도 양산시 삼호동 147-14번지,48330,11400,0,0147,0014,1264100021766,,,,3,용도구역코드,UQQ310,제1종지구단위계획구역,1,0,,제1종지구단위계획구역,20221008
경상남도 양산시 삼호동 147-17번지,48330,11400,0,0147,0017,12645377,,,,1,용도지역코드,1022,제2종일반주거지역,1,0,,제2종일반주거지역,20221008
경상남도 양산시 삼호동 147-17번지,48330,11400,0,0147,0017,12645377,,,,3,용도구역코드,990,기타구역,1,0,,기타구역,20221008
경상남도 양산시 삼호동 147-17번지,48330,11400,0,0147,0017,12647189,,,,1,용도지역코드,1021,제1종일반주거지역,1,0,,제1종일반주거지역,20221008
경상남도 양산시 삼호동 147-17번지,48330,11400,0,0147,0017,12647189,,,,2,용도지구코드,160,택지개발지구,1,0,,택지개발지구,20221008
경상남도 양산시 삼호동 147-17번지,48330,11400,0,0147,0017,12647189,,,,3,용도구역코드,301,제1종지구단위계획구역,1,0,,제1종지구단위계획구역,20221008
경상남도 양산시 삼호동 147-17번지,48330,11400,0,0147,0017,1264100040965,,,,1,용도지역코드,UQA121,제1종일반주거지역,1,0,,제1종일반주거지역,20221008
경상남도 양산시 삼호동 151-3번지,48330,11400,0,0151,0003,1264100095927,,,,1,용도지역코드,UQA121,제1종일반주거지역,1,0,,제1종일반주거지역,20221008
경상남도 양산시 삼호동 151-3번지,48330,11400,0,0151,0003,1264100095927,,,,3,용도구역코드,UQQ310,제1종지구단위계획구역,1,0,,제1종지구단위계획구역,20221008
경상남도 양산시 삼호동 151-5번지,48330,11400,0,0151,0005,12647127,,,,1,용도지역코드,1021,제1종일반주거지역,1,0,,제1종일반주거지역,20221008
경상남도 양산시 삼호동 151-5번지,48330,11400,0,0151,0005,12647127,,,,3,용도구역코드,301,제1종지구단위계획구역,1,0,,제1종지구단위계획구역,20221008
경상남도 양산시 삼호동 151-7번지,48330,11400,0,0151,0007,1264100094727,,,,1,용도지역코드,UQA121,제1종일반주거지역,1,0,,제1종일반주거지역,20221008
경상남도 양산시 삼호동 151-7번지,48330,11400,0,0151,0007,1264100094727,,,,3,용도구역코드,UQQ310,제1종지구단위계획구역,1,0,,제1종지구단위계획구역,20221008
경상남도 양산시 삼호동 151-7번지,48330,11400,0,0151,0007,1264100094727,,,,3,용도구역코드,UOA110,절대정화구역,0,0,,절대정화구역,20221008
경상남도 양산시 삼호동 151-7번지,48330,11400,0,0151,0007,1264100094727,,,,3,용도구역코드,UOA120,상대보호구역,0,0,,상대정화구역,20221008
경상남도 양산시 삼호동 151-10번지,48330,11400,0,0151,0010,1264100041223,,,,1,용도지역코드,UQA121,제1종일반주거지역,1,0,,제1종일반주거지역,20221008
경상남도 양산시 삼호동 151-10번지,48330,11400,0,0151,0010,1264100041223,,,,3,용도구역코드,UQQ310,제1종지구단위계획구역,1,0,,제1종지구단위계획구역,20221008
경상남도 양산시 삼호동 151-10번지,48330,11400,0,0151,0010,1264100041223,,,,3,용도구역코드,UOA120,상대보호구역,0,0,,상대정화구역,20221008
경상남도 양산시 삼호동 151-10번지,48330,11400,0,0151,0010,1264100041223,,,,3,용도구역코드,UOA110,절대정화구역,0,0,,절대정화구역,20221008
경상남도 양산시 삼호동 153-4번지,48330,11400,0,0153,0004,1264100035973,,,,1,용도지역코드,UQA121,제1종일반주거지역,1,0,,제1종일반주거지역,20221008
경상남도 양산시 삼호동 153-4번지,48330,11400,0,0153,0004,1264100035973,,,,3,용도구역코드,UQQ310,제1종지구단위계획구역,1,0,,제1종지구단위계획구역,20221008
경상남도 양산시 삼호동 153-5번지,48330,11400,0,0153,0005,1264100094341,,,,1,용도지역코드,UQA121,제1종일반주거지역,1,0,,제1종일반주거지역,20221008
경상남도 양산시 삼호동 153-5번지,48330,11400,0,0153,0005,1264100094341,,,,3,용도구역코드,UQQ310,제1종지구단위계획구역,1,0,,제1종지구단위계획구역,20221008
경상남도 양산시 삼호동 153-6번지,48330,11400,0,0153,0006,1264100049629,,,,1,용도지역코드,UQA121,제1종일반주거지역,1,0,,제1종일반주거지역,20221008
경상남도 양산시 삼호동 153-6번지,48330,11400,0,0153,0006,1264100049629,,,,3,용도구역코드,UQQ310,제1종지구단위계획구역,1,0,,제1종지구단위계획구역,20221008
경상남도 양산시 삼호동 153-6번지,48330,11400,0,0153,0006,1264100049629,,,,3,용도구역코드,UOA120,상대보호구역,0,0,,상대정화구역,20221008
경상남도 양산시 삼호동 153-7번지,48330,11400,0,0153,0007,1264100030201,,,,1,용도지역코드,UQA121,제1종일반주거지역,1,0,,제1종일반주거지역,20221008
경상남도 양산시 삼호동 153-11번지,48330,11400,0,0153,0011,1264100061480,,,,3,용도구역코드,UQQ310,제1종지구단위계획구역,1,0,,제1종지구단위계획구역,20221008
경상남도 양산시 삼호동 153-11번지,48330,11400,0,0153,0011,1264100061480,,,,1,용도지역코드,UQA121,제1종일반주거지역,1,0,,제1종일반주거지역,20221008
경상남도 양산시 삼호동 153-12번지,48330,11400,0,0153,0012,1264100061479,,,,1,용도지역코드,UQA121,제1종일반주거지역,1,0,,제1종일반주거지역,20221008
경상남도 양산시 삼호동 153-12번지,48330,11400,0,0153,0012,1264100061479,,,,3,용도구역코드,UQQ310,제1종지구단위계획구역,1,0,,제1종지구단위계획구역,20221008
경상남도 양산시 삼호동 159-1번지,48330,11400,0,0159,0001,1264100022850,,,,1,용도지역코드,UQA121,제1종일반주거지역,1,0,,제1종일반주거지역,20221008
경상남도 양산시 삼호동 159-1번지,48330,11400,0,0159,0001,1264100022850,,,,3,용도구역코드,UQQ310,제1종지구단위계획구역,1,0,,제1종지구단위계획구역,20221008
경상남도 양산시 삼호동 159-2번지,48330,11400,0,0159,0002,12647820,,,,1,용도지역코드,1021,제1종일반주거지역,1,0,,제1종일반주거지역,20221008
경상남도 양산시 삼호동 159-2번지,48330,11400,0,0159,0002,12647820,,,,3,용도구역코드,301,제1종지구단위계획구역,1,0,,제1종지구단위계획구역,20221008
경상남도 양산시 삼호동 166번지,48330,11400,0,0166,0000,1264100097567,,,,1,용도지역코드,UQA122,제2종일반주거지역,1,0,,제2종일반주거지역,20221008
경상남도 양산시 삼호동 167번지,48330,11400,0,0167,0000,1264100053227,,,,1,용도지역코드,UQA430,자연녹지지역,1,0,,자연녹지지역,20221008
경상남도 양산시 삼호동 167번지,48330,11400,0,0167,0000,1264100053227,,,,2,용도지구코드,UQM110,자연취락지구,1,0,,자연취락지구,20221008
경상남도 양산시 삼호동 172-2번지,48330,11400,0,0172,0002,12644307,,,,1,용도지역코드,1020,일반주거지역,1,0,,일반주거지역,20221008
경상남도 양산시 삼호동 172-4번지,48330,11400,0,0172,0004,1264100037078,,,,1,용도지역코드,UQA121,제1종일반주거지역,1,0,,제1종일반주거지역,20221008
경상남도 양산시 삼호동 172-5번지,48330,11400,0,0172,0005,12646148,장백아파트,103,102,1,용도지역코드,1022,제2종일반주거지역,1,0,,제2종일반주거지역,20221008
경상남도 양산시 삼호동 172-6번지,48330,11400,0,0172,0006,1264100022469,,,,1,용도지역코드,UQA121,제1종일반주거지역,1,0,,제1종일반주거지역,20221008
경상남도 양산시 삼호동 172-6번지,48330,11400,0,0172,0006,1264100022469,,,,3,용도구역코드,UQQ310,제1종지구단위계획구역,1,0,,제1종지구단위계획구역,20221008
경상남도 양산시 삼호동 172-7번지,48330,11400,0,0172,0007,12649242,,,,1,용도지역코드,1021,제1종일반주거지역,1,0,,제1종일반주거지역,20221008
경상남도 양산시 삼호동 172-7번지,48330,11400,0,0172,0007,12649242,,,,2,용도지구코드,160,택지개발지구,1,0,,택지개발지구,20221008
경상남도 양산시 삼호동 172-7번지,48330,11400,0,0172,0007,12649242,,,,3,용도구역코드,301,제1종지구단위계획구역,1,0,,제1종지구단위계획구역,20221008
경상남도 양산시 삼호동 172-10번지,48330,11400,0,0172,0010,1264100134684,,,,1,용도지역코드,UQA121,제1종일반주거지역,1,0,,제1종일반주거지역,20221008
경상남도 양산시 삼호동 172-10번지,48330,11400,0,0172,0010,1264100134684,,,,3,용도구역코드,UOA120,상대보호구역,1,0,,상대보호구역,20221008
경상남도 양산시 삼호동 172-10번지,48330,11400,0,0172,0010,1264100134684,,,,3,용도구역코드,UQQ310,제1종지구단위계획구역,0,0,,제1종지구단위계획구역,20221008
경상남도 양산시 삼호동 172-11번지,48330,11400,0,0172,0011,12645375,,,,1,용도지역코드,1022,제2종일반주거지역,1,0,,제2종일반주거지역,20221008
경상남도 양산시 삼호동 172-11번지,48330,11400,0,0172,0011,12645375,,,,3,용도구역코드,300,지구단위계획구역,1,0,,지구단위계획구역,20221008
경상남도 양산시 삼호동 172-12번지,48330,11400,0,0172,0012,12645376,,,,1,용도지역코드,1022,제2종일반주거지역,1,0,,제2종일반주거지역,20221008
경상남도 양산시 삼호동 172-12번지,48330,11400,0,0172,0012,12645376,,,,3,용도구역코드,300,지구단위계획구역,1,0,,지구단위계획구역,20221008
경상남도 양산시 삼호동 172-13번지,48330,11400,0,0172,0013,1264100029389,,,,1,용도지역코드,UQA121,제1종일반주거지역,1,0,,제1종일반주거지역,20221008
경상남도 양산시 삼호동 172-14번지,48330,11400,0,0172,0014,1264100029390,,,,1,용도지역코드,UQA121,제1종일반주거지역,1,0,,제1종일반주거지역,20221008
경상남도 양산시 삼호동 172-15번지,48330,11400,0,0172,0015,1264100074439,,,,1,용도지역코드,UQA121,제1종일반주거지역,1,0,,제1종일반주거지역,20221008
경상남도 양산시 삼호동 172-15번지,48330,11400,0,0172,0015,1264100074439,,,,3,용도구역코드,UQQ310,제1종지구단위계획구역,1,0,,제1종지구단위계획구역,20221008
경상남도 양산시 삼호동 175-1번지,48330,11400,0,0175,0001,1264100087383,,,,1,용도지역코드,UQA111,제1종전용주거지역,1,0,,제1종전용주거지역,20221008
경상남도 양산시 삼호동 175-1번지,48330,11400,0,0175,0001,1264100087383,,,,3,용도구역코드,UQQ310,제1종지구단위계획구역,1,0,,제1종지구단위계획구역,20221008
경상남도 양산시 삼호동 175-1번지,48330,11400,0,0175,0001,1264100087383,,,,3,용도구역코드,UOA110,절대정화구역,0,0,,절대정화구역,20221008
경상남도 양산시 삼호동 175-1번지,48330,11400,0,0175,0001,1264100087383,,,,3,용도구역코드,UOA120,상대보호구역,0,0,,상대정화구역,20221008
경상남도 양산시 삼호동 175-2번지,48330,11400,0,0175,0002,1264100029116,,,,1,용도지역코드,UQA111,제1종전용주거지역,1,0,,제1종전용주거지역,20221008
경상남도 양산시 삼호동 175-2번지,48330,11400,0,0175,0002,1264100029116,,,,3,용도구역코드,UOA110,절대정화구역,1,0,,절대정화구역,20221008
경상남도 양산시 삼호동 175-2번지,48330,11400,0,0175,0002,1264100029116,,,,3,용도구역코드,UOA120,상대보호구역,0,0,,상대정화구역,20221008
경상남도 양산시 삼호동 175-3번지,48330,11400,0,0175,0003,1264100094867,,,,1,용도지역코드,UQA111,제1종전용주거지역,1,0,,제1종전용주거지역,20221008
경상남도 양산시 삼호동 175-3번지,48330,11400,0,0175,0003,1264100094867,,,,3,용도구역코드,UQQ310,제1종지구단위계획구역,1,0,,제1종지구단위계획구역,20221008
경상남도 양산시 삼호동 175-3번지,48330,11400,0,0175,0003,1264100094867,,,,3,용도구역코드,UOA120,상대보호구역,0,0,,상대정화구역,20221008
경상남도 양산시 삼호동 175-4번지,48330,11400,0,0175,0004,1264100022788,,,,1,용도지역코드,UQA111,제1종전용주거지역,1,0,,제1종전용주거지역,20221008
경상남도 양산시 삼호동 175-4번지,48330,11400,0,0175,0004,1264100022788,,,,3,용도구역코드,UQQ310,제1종지구단위계획구역,1,0,,제1종지구단위계획구역,20221008
경상남도 양산시 삼호동 175-5번지,48330,11400,0,0175,0005,1264100047270,,,,1,용도지역코드,UQA111,제1종전용주거지역,1,0,,제1종전용주거지역,20221008
경상남도 양산시 삼호동 175-5번지,48330,11400,0,0175,0005,1264100047270,,,,3,용도구역코드,UQQ310,제1종지구단위계획구역,1,0,,제1종지구단위계획구역,20221008
경상남도 양산시 삼호동 175-6번지,48330,11400,0,0175,0006,1264100015216,,,,1,용도지역코드,1011,제1종전용주거지역,1,0,,제1종전용주거지역,20221008
경상남도 양산시 삼호동 175-6번지,48330,11400,0,0175,0006,1264100015216,,,,3,용도구역코드,301,제1종지구단위계획구역,1,0,,제1종지구단위계획구역,20221008
경상남도 양산시 삼호동 175-7번지,48330,11400,0,0175,0007,1264100018718,,,,1,용도지역코드,1011,제1종전용주거지역,1,0,,제1종전용주거지역,20221008
경상남도 양산시 삼호동 175-7번지,48330,11400,0,0175,0007,1264100018718,,,,3,용도구역코드,301,제1종지구단위계획구역,1,0,,제1종지구단위계획구역,20221008
경상남도 양산시 삼호동 175-9번지,48330,11400,0,0175,0009,1264100008186,,,,1,용도지역코드,1011,제1종전용주거지역,1,0,,제1종전용주거지역,20221008
경상남도 양산시 삼호동 175-9번지,48330,11400,0,0175,0009,1264100008186,,,,3,용도구역코드,301,제1종지구단위계획구역,1,0,,제1종지구단위계획구역,20221008
경상남도 양산시 삼호동 175-9번지,48330,11400,0,0175,0009,12649161,,,,1,용도지역코드,1012,제2종전용주거지역,1,0,,제2종 전용주거지역,20221008
경상남도 양산시 삼호동 175-9번지,48330,11400,0,0175,0009,12649161,,,,2,용도지구코드,160,택지개발지구,1,0,,택지개발지구,20221008
경상남도 양산시 삼호동 175-9번지,48330,11400,0,0175,0009,12649161,,,,3,용도구역코드,301,제1종지구단위계획구역,1,0,,제1종지구단위계획구역,20221008
경상남도 양산시 삼호동 175-10번지,48330,11400,0,0175,0010,1264100043646,,,,1,용도지역코드,UQA111,제1종전용주거지역,1,0,,제1종전용주거지역,20221008
경상남도 양산시 삼호동 175-10번지,48330,11400,0,0175,0010,1264100043646,,,,3,용도구역코드,UQQ310,제1종지구단위계획구역,1,0,,제1종지구단위계획구역,20221008
경상남도 양산시 삼호동 175-12번지,48330,11400,0,0175,0012,1264100140930,,,,1,용도지역코드,UQA111,제1종전용주거지역,1,0,,제1종전용주거지역,20221008
경상남도 양산시 삼호동 175-12번지,48330,11400,0,0175,0012,1264100140930,,,,3,용도구역코드,UQQ310,제1종지구단위계획구역,1,0,,제1종지구단위계획구역,20221008
경상남도 양산시 삼호동 175-12번지,48330,11400,0,0175,0012,1264100030356,,,,1,용도지역코드,UQA111,제1종전용주거지역,1,0,,제1종전용주거지역,20221008
경상남도 양산시 삼호동 175-12번지,48330,11400,0,0175,0012,1264100030356,,,,3,용도구역코드,UQQ310,제1종지구단위계획구역,1,0,,제1종지구단위계획구역,20221008
경상남도 양산시 삼호동 177-1번지,48330,11400,0,0177,0001,12648635,,,,1,용도지역코드,1011,제1종전용주거지역,1,0,,제1종 전용주거지역,20221008
경상남도 양산시 삼호동 177-1번지,48330,11400,0,0177,0001,12648635,,,,2,용도지구코드,160,택지개발지구,1,0,,택지개발지구,20221008
경상남도 양산시 삼호동 177-1번지,48330,11400,0,0177,0001,12648635,,,,3,용도구역코드,301,제1종지구단위계획구역,1,0,,제1종지구단위계획구역,20221008
경상남도 양산시 삼호동 177-3번지,48330,11400,0,0177,0003,1264100076899,,,,1,용도지역코드,UQA111,제1종전용주거지역,1,0,,제1종전용주거지역,20221008
경상남도 양산시 삼호동 177-3번지,48330,11400,0,0177,0003,1264100076899,,,,3,용도구역코드,UQQ310,제1종지구단위계획구역,1,0,,제1종지구단위계획구역,20221008
경상남도 양산시 삼호동 177-4번지,48330,11400,0,0177,0004,1264100013712,,,,1,용도지역코드,1011,제1종전용주거지역,1,0,,제1종전용주거지역,20221008
경상남도 양산시 삼호동 177-4번지,48330,11400,0,0177,0004,1264100013712,,,,3,용도구역코드,301,제1종지구단위계획구역,1,0,,제1종지구단위계획구역,20221008
경상남도 양산시 삼호동 177-4번지,48330,11400,0,0177,0004,1264100013712,,,,3,용도구역코드,272,상대정화구역,0,0,,상대정화구역,20221008
경상남도 양산시 삼호동 177-6번지,48330,11400,0,0177,0006,1264100110516,,,,1,용도지역코드,UQA111,제1종전용주거지역,1,0,,제1종전용주거지역,20221008
경상남도 양산시 삼호동 177-6번지,48330,11400,0,0177,0006,1264100110516,,,,3,용도구역코드,UQQ310,제1종지구단위계획구역,1,0,,제1종지구단위계획구역,20221008
경상남도 양산시 삼호동 177-6번지,48330,11400,0,0177,0006,1264100085342,,,,1,용도지역코드,UQA111,제1종전용주거지역,1,0,,제1종전용주거지역,20221008
경상남도 양산시 삼호동 177-6번지,48330,11400,0,0177,0006,1264100085342,,,,3,용도구역코드,UQQ310,제1종지구단위계획구역,1,0,,제1종지구단위계획구역,20221008
경상남도 양산시 삼호동 177-7번지,48330,11400,0,0177,0007,12647126,,,,1,용도지역코드,1011,제1종전용주거지역,1,0,,제1종 전용주거지역,20221008
경상남도 양산시 삼호동 177-7번지,48330,11400,0,0177,0007,12647126,,,,2,용도지구코드,160,택지개발지구,1,0,,택지개발지구,20221008
경상남도 양산시 삼호동 177-7번지,48330,11400,0,0177,0007,12647126,,,,3,용도구역코드,300,지구단위계획구역,1,0,,지구단위계획구역,20221008
경상남도 양산시 삼호동 177-8번지,48330,11400,0,0177,0008,1264100027871,,,,1,용도지역코드,UQA111,제1종전용주거지역,1,0,,제1종전용주거지역,20221008
경상남도 양산시 삼호동 177-8번지,48330,11400,0,0177,0008,1264100027871,,,,3,용도구역코드,UQQ310,제1종지구단위계획구역,1,0,,제1종지구단위계획구역,20221008
경상남도 양산시 삼호동 177-8번지,48330,11400,0,0177,0008,12649142,,,,1,용도지역코드,1011,제1종전용주거지역,1,0,,제1종 전용주거지역,20221008
경상남도 양산시 삼호동 177-8번지,48330,11400,0,0177,0008,12649142,,,,3,용도구역코드,301,제1종지구단위계획구역,1,0,,제1종지구단위계획구역,20221008
경상남도 양산시 삼호동 177-11번지,48330,11400,0,0177,0011,12649030,,,,1,용도지역코드,1011,제1종전용주거지역,1,0,,제1종 전용주거지역,20221008
경상남도 양산시 삼호동 177-11번지,48330,11400,0,0177,0011,12649030,,,,2,용도지구코드,160,택지개발지구,1,0,,택지개발지구,20221008
경상남도 양산시 삼호동 177-11번지,48330,11400,0,0177,0011,12649030,,,,3,용도구역코드,301,제1종지구단위계획구역,1,0,,제1종지구단위계획구역,20221008
경상남도 양산시 삼호동 177-12번지,48330,11400,0,0177,0012,12648634,,,,1,용도지역코드,1011,제1종전용주거지역,1,0,,제1종 전용주거지역,20221008
경상남도 양산시 삼호동 177-12번지,48330,11400,0,0177,0012,12648634,,,,2,용도지구코드,160,택지개발지구,1,0,,택지개발지구,20221008
경상남도 양산시 삼호동 177-12번지,48330,11400,0,0177,0012,12648634,,,,3,용도구역코드,301,제1종지구단위계획구역,1,0,,제1종지구단위계획구역,20221008
경상남도 양산시 삼호동 178-3번지,48330,11400,0,0178,0003,1264100016134,,,,1,용도지역코드,1011,제1종전용주거지역,1,0,,제1종전용주거지역,20221008
경상남도 양산시 삼호동 178-3번지,48330,11400,0,0178,0003,1264100016134,,,,3,용도구역코드,301,제1종지구단위계획구역,1,0,,제1종지구단위계획구역,20221008
경상남도 양산시 삼호동 178-4번지,48330,11400,0,0178,0004,1264100029249,,,,1,용도지역코드,UQA111,제1종전용주거지역,1,0,,제1종전용주거지역,20221008
경상남도 양산시 삼호동 178-4번지,48330,11400,0,0178,0004,1264100029249,,,,3,용도구역코드,UQQ310,제1종지구단위계획구역,1,0,,제1종지구단위계획구역,20221008
경상남도 양산시 삼호동 178-6번지,48330,11400,0,0178,0006,12649229,,,,1,용도지역코드,1011,제1종전용주거지역,1,0,,제1종 전용주거지역,20221008
경상남도 양산시 삼호동 178-7번지,48330,11400,0,0178,0007,1264100031376,,,,1,용도지역코드,UQA121,제1종일반주거지역,1,0,,제1종일반주거지역,20221008
경상남도 양산시 삼호동 178-9번지,48330,11400,0,0178,0009,1264100006947,,,,1,용도지역코드,1011,제1종전용주거지역,1,0,,제1종전용주거지역,20221008
경상남도 양산시 삼호동 178-9번지,48330,11400,0,0178,0009,1264100006947,,,,3,용도구역코드,301,제1종지구단위계획구역,1,0,,제1종지구단위계획구역,20221008
경상남도 양산시 삼호동 178-10번지,48330,11400,0,0178,0010,12649081,,,,1,용도지역코드,1011,제1종전용주거지역,1,0,,제1종 전용주거지역,20221008
경상남도 양산시 삼호동 178-10번지,48330,11400,0,0178,0010,12649081,,,,2,용도지구코드,160,택지개발지구,1,0,,택지개발지구,20221008
경상남도 양산시 삼호동 178-10번지,48330,11400,0,0178,0010,12649081,,,,3,용도구역코드,301,제1종지구단위계획구역,1,0,,제1종지구단위계획구역,20221008
경상남도 양산시 삼호동 179-1번지,48330,11400,0,0179,0001,12648640,,,,1,용도지역코드,1011,제1종전용주거지역,1,0,,제1종 전용주거지역,20221008
경상남도 양산시 삼호동 179-1번지,48330,11400,0,0179,0001,12648640,,,,2,용도지구코드,160,택지개발지구,1,0,,택지개발지구,20221008
경상남도 양산시 삼호동 179-1번지,48330,11400,0,0179,0001,12648640,,,,3,용도구역코드,010,도시계획구역,0,0,,도시계획구역,20221008
경상남도 양산시 삼호동 179-1번지,48330,11400,0,0179,0001,12648640,,,,3,용도구역코드,301,제1종지구단위계획구역,1,0,,제1종지구단위계획구역,20221008
경상남도 양산시 삼호동 179-1번지,48330,11400,0,0179,0001,1264100008629,,,,1,용도지역코드,1011,제1종전용주거지역,1,0,,제1종전용주거지역,20221008
경상남도 양산시 삼호동 179-1번지,48330,11400,0,0179,0001,1264100008629,,,,3,용도구역코드,301,제1종지구단위계획구역,1,0,,제1종지구단위계획구역,20221008
경상남도 양산시 삼호동 179-3번지,48330,11400,0,0179,0003,1264100050326,,,,1,용도지역코드,UQA111,제1종전용주거지역,1,0,,제1종전용주거지역,20221008
경상남도 양산시 삼호동 179-3번지,48330,11400,0,0179,0003,1264100050326,,,,3,용도구역코드,UQQ310,제1종지구단위계획구역,1,0,,제1종지구단위계획구역,20221008
경상남도 양산시 삼호동 179-3번지,48330,11400,0,0179,0003,1264100050326,,,,3,용도구역코드,UOA120,상대보호구역,0,0,,상대정화구역,20221008
경상남도 양산시 삼호동 179-4번지,48330,11400,0,0179,0004,1264100039676,,,,1,용도지역코드,UQA111,제1종전용주거지역,1,0,,제1종전용주거지역,20221008
경상남도 양산시 삼호동 179-4번지,48330,11400,0,0179,0004,1264100039676,,,,3,용도구역코드,UQQ310,제1종지구단위계획구역,1,0,,제1종지구단위계획구역,20221008
경상남도 양산시 삼호동 179-5번지,48330,11400,0,0179,0005,1264100025771,,,,1,용도지역코드,UQA111,제1종전용주거지역,1,0,,제1종전용주거지역,20221008
경상남도 양산시 삼호동 179-5번지,48330,11400,0,0179,0005,1264100025771,,,,3,용도구역코드,UQQ310,제1종지구단위계획구역,1,0,,제1종지구단위계획구역,20221008
경상남도 양산시 삼호동 179-6번지,48330,11400,0,0179,0006,1264100152691,,,,1,용도지역코드,UQA111,제1종전용주거지역,1,0,,제1종전용주거지역,20221008
경상남도 양산시 삼호동 179-6번지,48330,11400,0,0179,0006,1264100152691,,,,3,용도구역코드,UQQ310,제1종지구단위계획구역,1,0,,제1종지구단위계획구역,20221008
경상남도 양산시 삼호동 179-9번지,48330,11400,0,0179,0009,12643180,,,,1,용도지역코드,1010,전용주거지역,1,0,,전용주거지역,20221008
경상남도 양산시 삼호동 179-9번지,48330,11400,0,0179,0009,12643180,,,,3,용도구역코드,050,상세계획구역,1,0,,상세계획구역,20221008
경상남도 양산시 삼호동 179-10번지,48330,11400,0,0179,0010,12648649,,,,1,용도지역코드,1011,제1종전용주거지역,1,0,,제1종 전용주거지역,20221008
경상남도 양산시 삼호동 179-10번지,48330,11400,0,0179,0010,12648649,,,,3,용도구역코드,010,도시계획구역,1,0,,도시계획구역,20221008
경상남도 양산시 삼호동 179-11번지,48330,11400,0,0179,0011,1264100087384,,,,1,용도지역코드,UQA111,제1종전용주거지역,1,0,,제1종전용주거지역,20221008
경상남도 양산시 삼호동 179-11번지,48330,11400,0,0179,0011,1264100087384,,,,3,용도구역코드,UQQ310,제1종지구단위계획구역,1,0,,제1종지구단위계획구역,20221008
경상남도 양산시 삼호동 180-1번지,48330,11400,0,0180,0001,1264100128982,,,,1,용도지역코드,UQA111,제1종전용주거지역,1,0,,제1종전용주거지역,20221008
경상남도 양산시 삼호동 180-1번지,48330,11400,0,0180,0001,1264100128982,,,,3,용도구역코드,UQQ310,제1종지구단위계획구역,1,0,,제1종지구단위계획구역,20221008
경상남도 양산시 삼호동 180-1번지,48330,11400,0,0180,0001,1264100128982,,,,3,용도구역코드,UOA120,상대보호구역,0,0,,상대보호구역,20221008
경상남도 양산시 삼호동 180-1번지,48330,11400,0,0180,0001,1264100071279,,,,1,용도지역코드,UQA111,제1종전용주거지역,1,0,,제1종전용주거지역,20221008
경상남도 양산시 삼호동 180-1번지,48330,11400,0,0180,0001,1264100071279,,,,3,용도구역코드,UOA120,상대보호구역,1,0,,상대정화구역,20221008
경상남도 양산시 삼호동 180-1번지,48330,11400,0,0180,0001,1264100071279,,,,3,용도구역코드,UQQ310,제1종지구단위계획구역,0,0,,제1종지구단위계획구역,20221008
경상남도 양산시 삼호동 180-4번지,48330,11400,0,0180,0004,1264100085861,,,,1,용도지역코드,UQA111,제1종전용주거지역,1,0,,제1종전용주거지역,20221008
경상남도 양산시 삼호동 180-4번지,48330,11400,0,0180,0004,1264100085861,,,,3,용도구역코드,UQQ310,제1종지구단위계획구역,1,0,,제1종지구단위계획구역,20221008
경상남도 양산시 삼호동 180-8번지,48330,11400,0,0180,0008,12648801,,,,1,용도지역코드,1011,제1종전용주거지역,1,0,,제1종 전용주거지역,20221008
경상남도 양산시 삼호동 180-8번지,48330,11400,0,0180,0008,12648801,,,,3,용도구역코드,301,제1종지구단위계획구역,1,0,,제1종지구단위계획구역,20221008
경상남도 양산시 삼호동 180-10번지,48330,11400,0,0180,0010,12649225,,,,1,용도지역코드,1011,제1종전용주거지역,1,0,,제1종 전용주거지역,20221008
경상남도 양산시 삼호동 180-10번지,48330,11400,0,0180,0010,12649225,,,,3,용도구역코드,301,제1종지구단위계획구역,1,0,,제1종지구단위계획구역,20221008
경상남도 양산시 삼호동 181-1번지,48330,11400,0,0181,0001,1264100025130,,,,1,용도지역코드,UQA121,제1종일반주거지역,1,0,,제1종일반주거지역,20221008
경상남도 양산시 삼호동 181-1번지,48330,11400,0,0181,0001,1264100005965,,,,1,용도지역코드,1021,제1종일반주거지역,1,0,,제1종일반주거지역,20221008
경상남도 양산시 삼호동 181-2번지,48330,11400,0,0181,0002,1264100022262,,,,1,용도지역코드,UQA121,제1종일반주거지역,1,0,,제1종일반주거지역,20221008
경상남도 양산시 삼호동 181-3번지,48330,11400,0,0181,0003,12645677,,,,1,용도지역코드,1022,제2종일반주거지역,1,0,,제2종일반주거지역,20221008
경상남도 양산시 삼호동 181-3번지,48330,11400,0,0181,0003,12645677,,,,2,용도지구코드,160,택지개발지구,1,0,,택지개발지구,20221008
경상남도 양산시 삼호동 181-3번지,48330,11400,0,0181,0003,12645677,,,,3,용도구역코드,301,제1종지구단위계획구역,1,0,,제1종지구단위계획구역,20221008
경상남도 양산시 삼호동 181-4번지,48330,11400,0,0181,0004,1264100091501,,,,1,용도지역코드,UQA121,제1종일반주거지역,1,0,,제1종일반주거지역,20221008
경상남도 양산시 삼호동 181-4번지,48330,11400,0,0181,0004,1264100091501,,,,3,용도구역코드,UQQ310,제1종지구단위계획구역,1,0,,제1종지구단위계획구역,20221008
경상남도 양산시 삼호동 181-5번지,48330,11400,0,0181,0005,1264100028511,,,,1,용도지역코드,UQA121,제1종일반주거지역,1,0,,제1종일반주거지역,20221008
경상남도 양산시 삼호동 181-7번지,48330,11400,0,0181,0007,12644726,,,,1,용도지역코드,1022,제2종일반주거지역,1,0,,제2종일반주거지역,20221008
경상남도 양산시 삼호동 181-7번지,48330,11400,0,0181,0007,12644726,,,,2,용도지구코드,160,택지개발지구,1,0,,택지개발지구,20221008
경상남도 양산시 삼호동 181-7번지,48330,11400,0,0181,0007,12644726,,,,3,용도구역코드,300,지구단위계획구역,1,0,,지구단위계획구역,20221008
경상남도 양산시 삼호동 181-8번지,48330,11400,0,0181,0008,1264100031236,,,,1,용도지역코드,UQA121,제1종일반주거지역,1,0,,제1종일반주거지역,20221008
경상남도 양산시 삼호동 181-8번지,48330,11400,0,0181,0008,1264100031236,,,,3,용도구역코드,UQQ310,제1종지구단위계획구역,1,0,,제1종지구단위계획구역,20221008
경상남도 양산시 삼호동 181-9번지,48330,11400,0,0181,0009,12647041,,,,1,용도지역코드,1021,제1종일반주거지역,1,0,,제1종일반주거지역,20221008
경상남도 양산시 삼호동 181-10번지,48330,11400,0,0181,0010,12646136,,,,1,용도지역코드,1022,제2종일반주거지역,1,0,,제2종일반주거지역,20221008
경상남도 양산시 삼호동 181-11번지,48330,11400,0,0181,0011,1264100089762,,,,1,용도지역코드,UQA121,제1종일반주거지역,1,0,,제1종일반주거지역,20221008
경상남도 양산시 삼호동 181-11번지,48330,11400,0,0181,0011,1264100089762,,,,3,용도구역코드,UQQ310,제1종지구단위계획구역,1,0,,제1종지구단위계획구역,20221008
경상남도 양산시 삼호동 181-11번지,48330,11400,0,0181,0011,1264100089762,,,,3,용도구역코드,UOA120,상대보호구역,0,0,,상대정화구역,20221008
경상남도 양산시 삼호동 181-12번지,48330,11400,0,0181,0012,1264100083701,,,,1,용도지역코드,UQA121,제1종일반주거지역,1,0,,제1종일반주거지역,20221008
경상남도 양산시 삼호동 181-12번지,48330,11400,0,0181,0012,1264100083701,,,,3,용도구역코드,UQQ310,제1종지구단위계획구역,1,0,,제1종지구단위계획구역,20221008
경상남도 양산시 삼호동 181-12번지,48330,11400,0,0181,0012,1264100083701,,,,3,용도구역코드,UOA120,상대보호구역,0,0,,상대정화구역,20221008
경상남도 양산시 삼호동 181-13번지,48330,11400,0,0181,0013,1264100078600,,,,1,용도지역코드,UQA121,제1종일반주거지역,1,0,,제1종일반주거지역,20221008
경상남도 양산시 삼호동 181-13번지,48330,11400,0,0181,0013,1264100078600,,,,3,용도구역코드,UQQ310,제1종지구단위계획구역,1,0,,제1종지구단위계획구역,20221008
경상남도 양산시 삼호동 181-13번지,48330,11400,0,0181,0013,1264100004686,,,,1,용도지역코드,1021,제1종일반주거지역,1,0,,제1종일반주거지역,20221008
경상남도 양산시 삼호동 181-13번지,48330,11400,0,0181,0013,1264100004686,,,,3,용도구역코드,301,제1종지구단위계획구역,1,0,,제1종지구단위계획구역,20221008
경상남도 양산시 삼호동 181-14번지,48330,11400,0,0181,0014,12643951,,,,1,용도지역코드,1020,일반주거지역,1,0,,일반주거지역,20221008
경상남도 양산시 삼호동 181-14번지,48330,11400,0,0181,0014,12643951,,,,2,용도지구코드,160,택지개발지구,1,0,,택지개발지구,20221008
경상남도 양산시 삼호동 181-14번지,48330,11400,0,0181,0014,12643951,,,,3,용도구역코드,300,지구단위계획구역,1,0,,지구단위계획구역,20221008
경상남도 양산시 삼호동 183-2번지,48330,11400,0,0183,0002,1264100071663,,,,3,용도구역코드,UQQ310,제1종지구단위계획구역,1,0,,제1종지구단위계획구역,20221008
경상남도 양산시 삼호동 183-2번지,48330,11400,0,0183,0002,1264100071663,,,,3,용도구역코드,UOA120,상대보호구역,0,0,,상대정화구역,20221008
경상남도 양산시 삼호동 183-2번지,48330,11400,0,0183,0002,1264100071663,,,,1,용도지역코드,UQA121,제1종일반주거지역,1,0,,제1종일반주거지역,20221008
경상남도 양산시 삼호동 183-3번지,48330,11400,0,0183,0003,1264100071662,,,,1,용도지역코드,UQA121,제1종일반주거지역,1,0,,제1종일반주거지역,20221008
경상남도 양산시 삼호동 183-3번지,48330,11400,0,0183,0003,1264100071662,,,,3,용도구역코드,UQQ310,제1종지구단위계획구역,1,0,,제1종지구단위계획구역,20221008
경상남도 양산시 삼호동 183-3번지,48330,11400,0,0183,0003,1264100071662,,,,3,용도구역코드,UOA120,상대보호구역,0,0,,상대정화구역,20221008
경상남도 양산시 삼호동 183-4번지,48330,11400,0,0183,0004,1264100040187,,,,1,용도지역코드,UQA121,제1종일반주거지역,1,0,,제1종일반주거지역,20221008
경상남도 양산시 삼호동 183-4번지,48330,11400,0,0183,0004,1264100040187,,,,3,용도구역코드,UQQ310,제1종지구단위계획구역,1,0,,제1종지구단위계획구역,20221008
경상남도 양산시 삼호동 183-5번지,48330,11400,0,0183,0005,1264100024051,,,,1,용도지역코드,UQA121,제1종일반주거지역,1,0,,제1종일반주거지역,20221008
경상남도 양산시 삼호동 183-5번지,48330,11400,0,0183,0005,1264100024051,,,,3,용도구역코드,UQQ310,제1종지구단위계획구역,1,0,,제1종지구단위계획구역,20221008
경상남도 양산시 삼호동 183-6번지,48330,11400,0,0183,0006,1264100023507,,,,1,용도지역코드,UQA121,제1종일반주거지역,1,0,,제1종일반주거지역,20221008
경상남도 양산시 삼호동 183-6번지,48330,11400,0,0183,0006,1264100023507,,,,3,용도구역코드,UQQ310,제1종지구단위계획구역,1,0,,제1종지구단위계획구역,20221008
경상남도 양산시 삼호동 183-7번지,48330,11400,0,0183,0007,1264100030598,,,,1,용도지역코드,UQA121,제1종일반주거지역,1,0,,제1종일반주거지역,20221008
경상남도 양산시 삼호동 183-7번지,48330,11400,0,0183,0007,1264100030598,,,,3,용도구역코드,UQQ310,제1종지구단위계획구역,1,0,,제1종지구단위계획구역,20221008
경상남도 양산시 삼호동 183-7번지,48330,11400,0,0183,0007,1264100030598,,,,3,용도구역코드,UOA120,상대보호구역,0,0,,상대정화구역,20221008
경상남도 양산시 삼호동 183-8번지,48330,11400,0,0183,0008,1264100019776,,,,1,용도지역코드,1021,제1종일반주거지역,1,0,,제1종일반주거지역,20221008
경상남도 양산시 삼호동 183-8번지,48330,11400,0,0183,0008,1264100019776,,,,3,용도구역코드,301,제1종지구단위계획구역,1,0,,제1종지구단위계획구역,20221008
경상남도 양산시 삼호동 183-9번지,48330,11400,0,0183,0009,1264100085463,,,,1,용도지역코드,UQA121,제1종일반주거지역,1,0,,제1종일반주거지역,20221008
경상남도 양산시 삼호동 183-9번지,48330,11400,0,0183,0009,1264100085463,,,,3,용도구역코드,UQQ310,제1종지구단위계획구역,1,0,,제1종지구단위계획구역,20221008
경상남도 양산시 삼호동 183-11번지,48330,11400,0,0183,0011,12644873,,,,1,용도지역코드,1022,제2종일반주거지역,1,0,,제2종일반주거지역,20221008
경상남도 양산시 삼호동 183-11번지,48330,11400,0,0183,0011,12644873,,,,2,용도지구코드,160,택지개발지구,1,0,,택지개발지구,20221008
경상남도 양산시 삼호동 183-11번지,48330,11400,0,0183,0011,12644873,,,,3,용도구역코드,300,지구단위계획구역,1,0,,지구단위계획구역,20221008
경상남도 양산시 삼호동 183-12번지,48330,11400,0,0183,0012,1264100115016,,,,1,용도지역코드,UQA121,제1종일반주거지역,1,0,,제1종일반주거지역,20221008
경상남도 양산시 삼호동 183-12번지,48330,11400,0,0183,0012,1264100115016,,,,3,용도구역코드,UQQ310,제1종지구단위계획구역,1,0,,제1종지구단위계획구역,20221008
경상남도 양산시 삼호동 183-13번지,48330,11400,0,0183,0013,12646981,,,,1,용도지역코드,1021,제1종일반주거지역,1,0,,제1종일반주거지역,20221008
경상남도 양산시 삼호동 185-3번지,48330,11400,0,0185,0003,1264100103133,,,,1,용도지역코드,UQA111,제1종전용주거지역,1,0,,제1종전용주거지역,20221008
경상남도 양산시 삼호동 185-3번지,48330,11400,0,0185,0003,1264100103133,,,,3,용도구역코드,UQQ310,제1종지구단위계획구역,1,0,,제1종지구단위계획구역,20221008
경상남도 양산시 삼호동 185-5번지,48330,11400,0,0185,0005,1264100036055,,,,1,용도지역코드,UQA111,제1종전용주거지역,1,0,,제1종전용주거지역,20221008
경상남도 양산시 삼호동 185-5번지,48330,11400,0,0185,0005,1264100036055,,,,3,용도구역코드,UQQ310,제1종지구단위계획구역,1,0,,제1종지구단위계획구역,20221008
경상남도 양산시 삼호동 186번지,48330,11400,0,0186,0000,12647908,,,,1,용도지역코드,1022,제2종일반주거지역,1,0,,제2종일반주거지역,20221008
경상남도 양산시 삼호동 186번지,48330,11400,0,0186,0000,12647908,,,,2,용도지구코드,990,기타지구,1,0,,기타지구,20221008
경상남도 양산시 삼호동 186번지,48330,11400,0,0186,0000,12647908,,,,3,용도구역코드,300,지구단위계획구역,1,0,,지구단위계획구역,20221008
경상남도 양산시 삼호동 186번지,48330,11400,0,0186,0000,12644603,,,,1,용도지역코드,1022,제2종일반주거지역,1,0,,제2종일반주거지역,20221008
경상남도 양산시 삼호동 186번지,48330,11400,0,0186,0000,12644603,,,,2,용도지구코드,160,택지개발지구,1,0,,택지개발지구,20221008
경상남도 양산시 삼호동 186번지,48330,11400,0,0186,0000,12644603,,,,3,용도구역코드,300,지구단위계획구역,1,0,,지구단위계획구역,20221008
경상남도 양산시 삼호동 186번지,48330,11400,0,0186,0000,12649194,,,,1,용도지역코드,1022,제2종일반주거지역,1,0,,제2종일반주거지역,20221008
경상남도 양산시 삼호동 186번지,48330,11400,0,0186,0000,12649194,,,,3,용도구역코드,301,제1종지구단위계획구역,1,0,,제1종지구단위계획구역,20221008
경상남도 양산시 삼호동 188-1번지,48330,11400,0,0188,0001,12649163,,,,1,용도지역코드,1021,제1종일반주거지역,1,0,,제1종일반주거지역,20221008
경상남도 양산시 삼호동 188-1번지,48330,11400,0,0188,0001,12649163,,,,2,용도지구코드,160,택지개발지구,1,0,,택지개발지구,20221008
경상남도 양산시 삼호동 188-1번지,48330,11400,0,0188,0001,12649163,,,,3,용도구역코드,301,제1종지구단위계획구역,1,0,,제1종지구단위계획구역,20221008
경상남도 양산시 삼호동 188-2번지,48330,11400,0,0188,0002,1264100040702,,,,1,용도지역코드,UQA121,제1종일반주거지역,1,0,,제1종일반주거지역,20221008
경상남도 양산시 삼호동 188-2번지,48330,11400,0,0188,0002,1264100040702,,,,3,용도구역코드,UQQ310,제1종지구단위계획구역,1,0,,제1종지구단위계획구역,20221008
경상남도 양산시 삼호동 188-3번지,48330,11400,0,0188,0003,1264100040647,,,,1,용도지역코드,UQA121,제1종일반주거지역,1,0,,제1종일반주거지역,20221008
경상남도 양산시 삼호동 188-4번지,48330,11400,0,0188,0004,12644731,,,,1,용도지역코드,1022,제2종일반주거지역,1,0,,제2종일반주거지역,20221008
경상남도 양산시 삼호동 188-4번지,48330,11400,0,0188,0004,12644731,,,,2,용도지구코드,160,택지개발지구,1,0,,택지개발지구,20221008
경상남도 양산시 삼호동 188-4번지,48330,11400,0,0188,0004,12644731,,,,3,용도구역코드,300,지구단위계획구역,1,0,,지구단위계획구역,20221008
경상남도 양산시 삼호동 188-5번지,48330,11400,0,0188,0005,1264100028829,,,,1,용도지역코드,UQA121,제1종일반주거지역,1,0,,제1종일반주거지역,20221008
경상남도 양산시 삼호동 188-6번지,48330,11400,0,0188,0006,1264100034838,,,,1,용도지역코드,UQA121,제1종일반주거지역,1,0,,제1종일반주거지역,20221008
경상남도 양산시 삼호동 188-6번지,48330,11400,0,0188,0006,1264100034838,,,,3,용도구역코드,UQQ310,제1종지구단위계획구역,1,0,,제1종지구단위계획구역,20221008
경상남도 양산시 삼호동 188-7번지,48330,11400,0,0188,0007,1264100013792,,,,1,용도지역코드,1021,제1종일반주거지역,1,0,,제1종일반주거지역,20221008
경상남도 양산시 삼호동 188-7번지,48330,11400,0,0188,0007,1264100013792,,,,3,용도구역코드,301,제1종지구단위계획구역,1,0,,제1종지구단위계획구역,20221008
경상남도 양산시 삼호동 188-8번지,48330,11400,0,0188,0008,1264100064821,,,,1,용도지역코드,UQA121,제1종일반주거지역,1,0,,제1종일반주거지역,20221008
경상남도 양산시 삼호동 188-8번지,48330,11400,0,0188,0008,1264100064821,,,,3,용도구역코드,UQQ310,제1종지구단위계획구역,1,0,,제1종지구단위계획구역,20221008
경상남도 양산시 삼호동 188-8번지,48330,11400,0,0188,0008,1264100064821,,,,3,용도구역코드,UOA120,상대보호구역,0,0,,상대정화구역,20221008
경상남도 양산시 삼호동 189-1번지,48330,11400,0,0189,0001,1264100019590,,,,1,용도지역코드,1021,제1종일반주거지역,1,0,,제1종일반주거지역,20221008
경상남도 양산시 삼호동 189-1번지,48330,11400,0,0189,0001,1264100019590,,,,3,용도구역코드,301,제1종지구단위계획구역,1,0,,제1종지구단위계획구역,20221008
경상남도 양산시 삼호동 189-2번지,48330,11400,0,0189,0002,1264100072883,,,,1,용도지역코드,UQA121,제1종일반주거지역,1,0,,제1종일반주거지역,20221008
경상남도 양산시 삼호동 189-2번지,48330,11400,0,0189,0002,1264100072883,,,,3,용도구역코드,UQQ310,제1종지구단위계획구역,1,0,,제1종지구단위계획구역,20221008
경상남도 양산시 삼호동 189-2번지,48330,11400,0,0189,0002,1264100072883,,,,3,용도구역코드,UOA120,상대보호구역,0,0,,상대정화구역,20221008
경상남도 양산시 삼호동 189-3번지,48330,11400,0,0189,0003,1264100111237,,,,1,용도지역코드,UQA121,제1종일반주거지역,1,0,,제1종일반주거지역,20221008
경상남도 양산시 삼호동 189-3번지,48330,11400,0,0189,0003,1264100111237,,,,3,용도구역코드,UQQ310,제1종지구단위계획구역,1,0,,제1종지구단위계획구역,20221008
경상남도 양산시 삼호동 189-4번지,48330,11400,0,0189,0004,12644930,,,,1,용도지역코드,1022,제2종일반주거지역,1,0,,제2종일반주거지역,20221008
경상남도 양산시 삼호동 189-4번지,48330,11400,0,0189,0004,12644930,,,,2,용도지구코드,160,택지개발지구,1,0,,택지개발지구,20221008
경상남도 양산시 삼호동 189-4번지,48330,11400,0,0189,0004,12644930,,,,3,용도구역코드,300,지구단위계획구역,1,0,,지구단위계획구역,20221008
경상남도 양산시 삼호동 189-5번지,48330,11400,0,0189,0005,1264100095706,,,,1,용도지역코드,UQA121,제1종일반주거지역,1,0,,제1종일반주거지역,20221008
경상남도 양산시 삼호동 189-5번지,48330,11400,0,0189,0005,1264100095706,,,,3,용도구역코드,UQQ310,제1종지구단위계획구역,1,0,,제1종지구단위계획구역,20221008
경상남도 양산시 삼호동 189-6번지,48330,11400,0,0189,0006,12645936,,,,1,용도지역코드,1022,제2종일반주거지역,1,0,,제2종일반주거지역,20221008
경상남도 양산시 삼호동 189-6번지,48330,11400,0,0189,0006,12645936,,,,3,용도구역코드,300,지구단위계획구역,1,0,,지구단위계획구역,20221008
경상남도 양산시 삼호동 189-6번지,48330,11400,0,0189,0006,12648620,,,,1,용도지역코드,1021,제1종일반주거지역,1,0,,제1종일반주거지역,20221008
경상남도 양산시 삼호동 189-6번지,48330,11400,0,0189,0006,12648620,,,,3,용도구역코드,010,도시계획구역,1,0,,도시계획구역,20221008
경상남도 양산시 삼호동 189-6번지,48330,11400,0,0189,0006,12648620,,,,3,용도구역코드,300,지구단위계획구역,0,0,,지구단위계획구역,20221008
경상남도 양산시 삼호동 189-7번지,48330,11400,0,0189,0007,1264100040052,,,,1,용도지역코드,UQA121,제1종일반주거지역,1,0,,제1종일반주거지역,20221008
경상남도 양산시 삼호동 189-7번지,48330,11400,0,0189,0007,1264100040052,,,,3,용도구역코드,UQQ310,제1종지구단위계획구역,1,0,,제1종지구단위계획구역,20221008
경상남도 양산시 삼호동 189-7번지,48330,11400,0,0189,0007,1264100040052,,,,3,용도구역코드,UOA120,상대보호구역,0,0,,상대정화구역,20221008
경상남도 양산시 삼호동 189-8번지,48330,11400,0,0189,0008,1264100090661,,,,1,용도지역코드,UQA001,도시지역,1,0,,도시지역,20221008
경상남도 양산시 삼호동 189-8번지,48330,11400,0,0189,0008,1264100090661,,,,1,용도지역코드,UQA121,제1종일반주거지역,0,0,,제1종일반주거지역,20221008
경상남도 양산시 삼호동 189-8번지,48330,11400,0,0189,0008,1264100090661,,,,3,용도구역코드,UQQ310,제1종지구단위계획구역,1,0,,제1종지구단위계획구역,20221008
경상남도 양산시 삼호동 190-2번지,48330,11400,0,0190,0002,1264100047286,,,,1,용도지역코드,UQA121,제1종일반주거지역,1,0,,제1종일반주거지역,20221008
경상남도 양산시 삼호동 190-2번지,48330,11400,0,0190,0002,1264100047286,,,,3,용도구역코드,UQQ310,제1종지구단위계획구역,1,0,,제1종지구단위계획구역,20221008
경상남도 양산시 삼호동 190-3번지,48330,11400,0,0190,0003,1264100028392,,,,1,용도지역코드,UQA121,제1종일반주거지역,1,0,,제1종일반주거지역,20221008
경상남도 양산시 삼호동 190-3번지,48330,11400,0,0190,0003,1264100028392,,,,3,용도구역코드,UQQ310,제1종지구단위계획구역,1,0,,제1종지구단위계획구역,20221008
경상남도 양산시 삼호동 190-4번지,48330,11400,0,0190,0004,1264100028391,,,,1,용도지역코드,UQA121,제1종일반주거지역,1,0,,제1종일반주거지역,20221008
경상남도 양산시 삼호동 190-4번지,48330,11400,0,0190,0004,1264100028391,,,,3,용도구역코드,UQQ310,제1종지구단위계획구역,1,0,,제1종지구단위계획구역,20221008
경상남도 양산시 삼호동 190-5번지,48330,11400,0,0190,0005,1264100088261,,,,1,용도지역코드,UQA121,제1종일반주거지역,1,0,,제1종일반주거지역,20221008
경상남도 양산시 삼호동 190-5번지,48330,11400,0,0190,0005,1264100088261,,,,3,용도구역코드,UQQ310,제1종지구단위계획구역,1,0,,제1종지구단위계획구역,20221008
경상남도 양산시 삼호동 190-5번지,48330,11400,0,0190,0005,1264100023710,,,,1,용도지역코드,UQA121,제1종일반주거지역,1,0,,제1종일반주거지역,20221008
경상남도 양산시 삼호동 191-1번지,48330,11400,0,0191,0001,12647813,,,,1,용도지역코드,1021,제1종일반주거지역,1,0,,제1종일반주거지역,20221008
경상남도 양산시 삼호동 191-1번지,48330,11400,0,0191,0001,12647813,,,,2,용도지구코드,160,택지개발지구,1,0,,택지개발지구,20221008
경상남도 양산시 삼호동 191-1번지,48330,11400,0,0191,0001,12647813,,,,3,용도구역코드,300,지구단위계획구역,1,0,,지구단위계획구역,20221008
경상남도 양산시 삼호동 191-2번지,48330,11400,0,0191,0002,12646988,,,,1,용도지역코드,1021,제1종일반주거지역,1,0,,제1종일반주거지역,20221008
경상남도 양산시 삼호동 191-3번지,48330,11400,0,0191,0003,1264100020000,,,,1,용도지역코드,1021,제1종일반주거지역,1,0,,제1종일반주거지역,20221008
경상남도 양산시 삼호동 191-4번지,48330,11400,0,0191,0004,1264100019999,,,,1,용도지역코드,1021,제1종일반주거지역,1,0,,제1종일반주거지역,20221008
경상남도 양산시 삼호동 191-5번지,48330,11400,0,0191,0005,1264100032540,,,,1,용도지역코드,UQA121,제1종일반주거지역,1,0,,제1종일반주거지역,20221008
경상남도 양산시 삼호동 191-5번지,48330,11400,0,0191,0005,1264100032540,,,,3,용도구역코드,UQQ310,제1종지구단위계획구역,1,0,,제1종지구단위계획구역,20221008
경상남도 양산시 삼호동 191-6번지,48330,11400,0,0191,0006,1264100036178,,,,1,용도지역코드,UQA121,제1종일반주거지역,1,0,,제1종일반주거지역,20221008
경상남도 양산시 삼호동 191-6번지,48330,11400,0,0191,0006,1264100036178,,,,3,용도구역코드,UQQ310,제1종지구단위계획구역,1,0,,제1종지구단위계획구역,20221008
경상남도 양산시 삼호동 191-7번지,48330,11400,0,0191,0007,12645857,,,,1,용도지역코드,1022,제2종일반주거지역,1,0,,제2종일반주거지역,20221008
경상남도 양산시 삼호동 191-8번지,48330,11400,0,0191,0008,1264100064839,,,,1,용도지역코드,UQA121,제1종일반주거지역,1,0,,제1종일반주거지역,20221008
경상남도 양산시 삼호동 191-8번지,48330,11400,0,0191,0008,1264100064839,,,,3,용도구역코드,UQQ310,제1종지구단위계획구역,1,0,,제1종지구단위계획구역,20221008
경상남도 양산시 삼호동 191-9번지,48330,11400,0,0191,0009,1264100065241,,,,1,용도지역코드,UQA121,제1종일반주거지역,1,0,,제1종일반주거지역,20221008
경상남도 양산시 삼호동 191-9번지,48330,11400,0,0191,0009,1264100065241,,,,3,용도구역코드,UQQ310,제1종지구단위계획구역,1,0,,제1종지구단위계획구역,20221008
경상남도 양산시 삼호동 191-10번지,48330,11400,0,0191,0010,12645856,,,,1,용도지역코드,1022,제2종일반주거지역,1,0,,제2종일반주거지역,20221008
경상남도 양산시 삼호동 191-10번지,48330,11400,0,0191,0010,12645856,,,,3,용도구역코드,300,지구단위계획구역,1,0,,지구단위계획구역,20221008
경상남도 양산시 삼호동 191-11번지,48330,11400,0,0191,0011,1264100027570,,,,1,용도지역코드,UQA121,제1종일반주거지역,1,0,,제1종일반주거지역,20221008
경상남도 양산시 삼호동 191-11번지,48330,11400,0,0191,0011,1264100027570,,,,3,용도구역코드,UQQ310,제1종지구단위계획구역,1,0,,제1종지구단위계획구역,20221008
경상남도 양산시 삼호동 191-11번지,48330,11400,0,0191,0011,1264100027570,,,,3,용도구역코드,UOA120,상대보호구역,0,0,,상대정화구역,20221008
경상남도 양산시 삼호동 191-12번지,48330,11400,0,0191,0012,1264100032763,,,,1,용도지역코드,UQA121,제1종일반주거지역,1,0,,제1종일반주거지역,20221008
경상남도 양산시 삼호동 192-2번지,48330,11400,0,0192,0002,1264100025892,,,,1,용도지역코드,UQA122,제2종일반주거지역,1,0,,제2종일반주거지역,20221008
경상남도 양산시 삼호동 192-2번지,48330,11400,0,0192,0002,1264100025892,,,,3,용도구역코드,UOA120,상대보호구역,1,0,,상대정화구역,20221008
경상남도 양산시 삼호동 192-2번지,48330,11400,0,0192,0002,1264100065399,,,,1,용도지역코드,UQA122,제2종일반주거지역,1,0,,제2종일반주거지역,20221008
경상남도 양산시 삼호동 192-2번지,48330,11400,0,0192,0002,1264100065399,,,,3,용도구역코드,UOA120,상대보호구역,1,0,,상대정화구역,20221008
경상남도 양산시 삼호동 193번지,48330,11400,0,0193,0000,1264100032922,,,,3,용도구역코드,UOA120,상대보호구역,1,0,,상대정화구역,20221008
경상남도 양산시 삼호동 193번지,48330,11400,0,0193,0000,1264100032922,,,,1,용도지역코드,UQA122,제2종일반주거지역,1,0,,제2종일반주거지역,20221008
경상남도 양산시 삼호동 194번지,48330,11400,0,0194,0000,1264100048485,,,,1,용도지역코드,UQA122,제2종일반주거지역,1,0,,제2종일반주거지역,20221008
경상남도 양산시 삼호동 194번지,48330,11400,0,0194,0000,1264100134266,,,,1,용도지역코드,UQA122,제2종일반주거지역,1,0,,제2종일반주거지역,20221008
경상남도 양산시 삼호동 194번지,48330,11400,0,0194,0000,1264100134266,,,,3,용도구역코드,UMZ999,가축사육제한구역기타,1,0,,가축사육제한구역기타,20221008
경상남도 양산시 삼호동 197번지,48330,11400,0,0197,0000,12641574,,,,1,용도지역코드,1020,일반주거지역,1,0,,일반주거지역,20221008
경상남도 양산시 삼호동 197번지,48330,11400,0,0197,0000,12647892,,,,1,용도지역코드,1022,제2종일반주거지역,1,0,,제2종일반주거지역,20221008
경상남도 양산시 삼호동 200번지,48330,11400,0,0200,0000,1264100028029,,,,1,용도지역코드,UQA122,제2종일반주거지역,1,0,,제2종일반주거지역,20221008
경상남도 양산시 삼호동 201번지,48330,11400,0,0201,0000,12647116,,,,1,용도지역코드,1022,제2종일반주거지역,1,0,,제2종일반주거지역,20221008
경상남도 양산시 삼호동 201번지,48330,11400,0,0201,0000,12647180,,,,1,용도지역코드,1020,일반주거지역,1,0,,일반주거지역,20221008
경상남도 양산시 삼호동 201번지,48330,11400,0,0201,0000,12643173,,,,1,용도지역코드,1020,일반주거지역,1,0,,일반주거지역,20221008
경상남도 양산시 삼호동 201-10번지,48330,11400,0,0201,0010,1264100058694,,,,2,용도지구코드,UQG130,일반미관지구,1,0,,일반미관지구,20221008
경상남도 양산시 삼호동 201-10번지,48330,11400,0,0201,0010,1264100058694,,,,1,용도지역코드,UQA122,제2종일반주거지역,1,0,,제2종일반주거지역,20221008
경상남도 양산시 삼호동 201-10번지,48330,11400,0,0201,0010,1264100078601,,,,1,용도지역코드,UQA122,제2종일반주거지역,1,0,,제2종일반주거지역,20221008
경상남도 양산시 삼호동 201-10번지,48330,11400,0,0201,0010,1264100078601,,,,2,용도지구코드,UQG130,일반미관지구,1,0,,일반미관지구,20221008
경상남도 양산시 삼호동 201-10번지,48330,11400,0,0201,0010,1264100069881,,,,1,용도지역코드,UQA122,제2종일반주거지역,1,0,,제2종일반주거지역,20221008
경상남도 양산시 삼호동 201-10번지,48330,11400,0,0201,0010,1264100069881,,,,2,용도지구코드,UQG130,일반미관지구,1,0,,일반미관지구,20221008
경상남도 양산시 삼호동 201-12번지,48330,11400,0,0201,0012,1264100081865,,,,1,용도지역코드,UQA122,제2종일반주거지역,1,0,,제2종일반주거지역,20221008
경상남도 양산시 삼호동 201-12번지,48330,11400,0,0201,0012,1264100081865,,,,2,용도지구코드,UQG130,일반미관지구,1,0,,일반미관지구,20221008
경상남도 양산시 삼호동 201-12번지,48330,11400,0,0201,0012,1264100066099,,,,1,용도지역코드,UQA122,제2종일반주거지역,1,0,,제2종일반주거지역,20221008
경상남도 양산시 삼호동 201-12번지,48330,11400,0,0201,0012,1264100066099,,,,2,용도지구코드,UQG130,일반미관지구,1,0,,일반미관지구,20221008
경상남도 양산시 삼호동 201-12번지,48330,11400,0,0201,0012,1264100058693,,,,1,용도지역코드,UQA122,제2종일반주거지역,1,0,,제2종일반주거지역,20221008
경상남도 양산시 삼호동 201-12번지,48330,11400,0,0201,0012,1264100058693,,,,2,용도지구코드,UQG130,일반미관지구,1,0,,일반미관지구,20221008
경상남도 양산시 삼호동 202번지,48330,11400,0,0202,0000,1264100007345,,,,1,용도지역코드,1022,제2종일반주거지역,1,0,,제2종일반주거지역,20221008
경상남도 양산시 삼호동 202-1번지,48330,11400,0,0202,0001,1264100133192,,,,1,용도지역코드,UQA122,제2종일반주거지역,1,0,,제2종일반주거지역,20221008
경상남도 양산시 삼호동 202-1번지,48330,11400,0,0202,0001,1264100133192,,,,2,용도지구코드,UQF132,시가지경관지구(일반),1,0,,시가지경관지구(일반),20221008
경상남도 양산시 삼호동 202-1번지,48330,11400,0,0202,0001,1264100136783,,,,1,용도지역코드,UQA122,제2종일반주거지역,1,0,,제2종일반주거지역,20221008
경상남도 양산시 삼호동 202-1번지,48330,11400,0,0202,0001,1264100136783,,,,2,용도지구코드,UQF132,시가지경관지구(일반),1,0,,시가지경관지구(일반),20221008
경상남도 양산시 삼호동 203번지,48330,11400,0,0203,0000,12642827,,,,1,용도지역코드,1020,일반주거지역,1,0,,일반주거지역,20221008
경상남도 양산시 삼호동 203-7번지,48330,11400,0,0203,0007,1264100099394,,,,1,용도지역코드,UQA122,제2종일반주거지역,1,0,,제2종일반주거지역,20221008
경상남도 양산시 삼호동 203-7번지,48330,11400,0,0203,0007,12647964,,,,1,용도지역코드,1022,제2종일반주거지역,1,0,,제2종일반주거지역,20221008
경상남도 양산시 삼호동 203-7번지,48330,11400,0,0203,0007,12647964,,,,3,용도구역코드,010,도시계획구역,1,0,,도시계획구역,20221008
경상남도 양산시 삼호동 206-1번지,48330,11400,0,0206,0001,1000000000000000200573,,,,1,용도지역코드,UQA122,제2종일반주거지역,1,0,,제2종일반주거지역,20221222
경상남도 양산시 삼호동 206-1번지,48330,11400,0,0206,0001,1264100097868,,,,1,용도지역코드,UQA122,제2종일반주거지역,1,0,,제2종일반주거지역,20221008
경상남도 양산시 삼호동 206-4번지,48330,11400,0,0206,0004,1264100042623,,,,1,용도지역코드,UQA122,제2종일반주거지역,1,0,,제2종일반주거지역,20221008
경상남도 양산시 삼호동 212번지,48330,11400,0,0212,0000,1264100106593,,,,1,용도지역코드,UQA122,제2종일반주거지역,1,0,,제2종일반주거지역,20221008
경상남도 양산시 삼호동 212번지,48330,11400,0,0212,0000,1264100106593,,,,3,용도구역코드,UMZ100,가축사육제한구역,1,0,,가축사육제한구역,20221008
경상남도 양산시 삼호동 212번지,48330,11400,0,0212,0000,1264100130763,,,,1,용도지역코드,UQA122,제2종일반주거지역,1,0,,제2종일반주거지역,20221008
경상남도 양산시 삼호동 212번지,48330,11400,0,0212,0000,1264100130763,,,,3,용도구역코드,UMZ100,가축사육제한구역,1,0,,가축사육제한구역,20221008
경상남도 양산시 삼호동 213번지,48330,11400,0,0213,0000,1264100029350,,,,1,용도지역코드,UQA122,제2종일반주거지역,1,0,,제2종일반주거지역,20221008
경상남도 양산시 삼호동 222번지,48330,11400,0,0222,0000,1264100051129,,,,1,용도지역코드,UQA122,제2종일반주거지역,1,0,,제2종일반주거지역,20221008
경상남도 양산시 삼호동 224번지,48330,11400,0,0224,0000,1264100133084,,,,1,용도지역코드,UQA122,제2종일반주거지역,1,0,,제2종일반주거지역,20221008
경상남도 양산시 삼호동 224번지,48330,11400,0,0224,0000,1264100129101,,,,1,용도지역코드,UQA122,제2종일반주거지역,1,0,,제2종일반주거지역,20221008
경상남도 양산시 삼호동 225번지,48330,11400,0,0225,0000,12644279,,,,1,용도지역코드,1020,일반주거지역,1,0,,일반주거지역,20221008
경상남도 양산시 삼호동 229번지,48330,11400,0,0229,0000,1264100029250,,,,1,용도지역코드,UQA122,제2종일반주거지역,1,0,,제2종일반주거지역,20221008
경상남도 양산시 삼호동 239-1번지,48330,11400,0,0239,0001,1264100106673,,,,1,용도지역코드,UQA122,제2종일반주거지역,1,0,,제2종일반주거지역,20221008
경상남도 양산시 삼호동 239-1번지,48330,11400,0,0239,0001,1264100106673,,,,3,용도구역코드,UMZ100,가축사육제한구역,1,0,,가축사육제한구역,20221008
경상남도 양산시 삼호동 251번지,48330,11400,0,0251,0000,1264100012010,,,,1,용도지역코드,1330,자연녹지지역,1,0,,자연녹지지역,20221008
경상남도 양산시 삼호동 251번지,48330,11400,0,0251,0000,1264100012010,,,,2,용도지구코드,011,자연취락지구,1,0,,자연취락지구,20221008
경상남도 양산시 삼호동 268번지,48330,11400,0,0268,0000,1000000000000001017762,,,,1,용도지역코드,UQA430,자연녹지지역,1,0,,자연녹지지역,20260824
경상남도 양산시 삼호동 274번지,48330,11400,0,0274,0000,1264100062760,,,,3,용도구역코드,UEA110,농업진흥구역,1,0,,농업진흥구역,20221008
경상남도 양산시 삼호동 274번지,48330,11400,0,0274,0000,1264100062760,,,,1,용도지역코드,UQA420,생산녹지지역,1,0,,생산녹지지역,20221008
경상남도 양산시 삼호동 280번지,48330,11400,0,0280,0000,126446,,,,1,용도지역코드,1320,생산녹지지역,1,0,,생산녹지지역,20221008
경상남도 양산시 삼호동 282번지,48330,11400,0,0282,0000,1264100014697,,,,1,용도지역코드,1330,자연녹지지역,1,0,,자연녹지지역,20221008
경상남도 양산시 삼호동 282번지,48330,11400,0,0282,0000,1264100014697,,,,3,용도구역코드,170,농업진흥구역,1,0,,농업진흥구역,20221008
경상남도 양산시 삼호동 289번지,48330,11400,0,0289,0000,1000000000000000700838,,,,3,용도구역코드,UMZ100,가축사육제한구역,1,0,,가축사육제한구역,20260324
경상남도 양산시 삼호동 289번지,48330,11400,0,0289,0000,1000000000000000700838,,,,3,용도구역코드,ZA0006,역사문화환경보존지역,0,0,,역사문화환경보존지역,20260324
경상남도 양산시 삼호동 289번지,48330,11400,0,0289,0000,1000000000000000700838,,,,1,용도지역코드,UQA430,자연녹지지역,1,0,,자연녹지지역,20260324
경상남도 양산시 삼호동 291번지,48330,11400,0,0291,0000,1000000000000000085927,,,,1,용도지역코드,UQA420,생산녹지지역,1,0,,생산녹지지역,20221027
경상남도 양산시 삼호동 323번지,48330,11400,0,0323,0000,1264100089301,,,,1,용도지역코드,UQA122,제2종일반주거지역,1,0,,제2종일반주거지역,20221008
경상남도 양산시 삼호동 363번지,48330,11400,0,0363,0000,1264100111836,,,,1,용도지역코드,UQA430,자연녹지지역,1,0,,자연녹지지역,20230905
경상남도 양산시 삼호동 363번지,48330,11400,0,0363,0000,1264100111836,,,,1,용도지역코드,UM2100,공장설립승인지역,0,0,,공장설립승인지역,20230905
경상남도 양산시 삼호동 370-4번지,48330,11400,0,0370,0004,1000000000000000243854,,,,1,용도지역코드,UQA430,자연녹지지역,1,0,,자연녹지지역,20230308
경상남도 양산시 삼호동 372번지,48330,11400,0,0372,0000,1264100076159,,,,1,용도지역코드,UM2100,공장설립승인지역,,,,공장설립승인지역,20221008
경상남도 양산시 삼호동 372번지,48330,11400,0,0372,0000,1264100076159,,,,1,용도지역코드,UQA430,자연녹지지역,1,0,,자연녹지지역,20221008
경상남도 양산시 삼호동 372번지,48330,11400,0,0372,0000,1264100076159,,,,2,용도지구코드,UQM110,자연취락지구,1,0,,자연취락지구,20221008
경상남도 양산시 삼호동 373번지,48330,11400,0,0373,0000,1264100055729,,,,1,용도지역코드,UQA430,자연녹지지역,1,0,,자연녹지지역,20221008
경상남도 양산시 삼호동 373번지,48330,11400,0,0373,0000,1264100055729,,,,2,용도지구코드,UQM110,자연취락지구,1,0,,자연취락지구,20221008
경상남도 양산시 삼호동 380-6번지,48330,11400,0,0380,0006,1264991,,,,1,용도지역코드,1330,자연녹지지역,1,0,,자연녹지지역,20221008
경상남도 양산시 삼호동 385번지,48330,11400,0,0385,0000,12647834,,,,1,용도지역코드,1330,자연녹지지역,1,0,,자연녹지지역,20221008
경상남도 양산시 삼호동 385번지,48330,11400,0,0385,0000,12647834,,,,2,용도지구코드,011,자연취락지구,1,0,,자연취락지구,20221008
경상남도 양산시 삼호동 385번지,48330,11400,0,0385,0000,12647834,,,,3,용도구역코드,010,도시계획구역,1,0,,도시계획구역,20221008
경상남도 양산시 삼호동 387-2번지,48330,11400,0,0387,0002,1264100080080,,,,1,용도지역코드,UQA430,자연녹지지역,1,0,,자연녹지지역,20221008
경상남도 양산시 삼호동 387-2번지,48330,11400,0,0387,0002,1264100080080,,,,2,용도지구코드,UQM110,자연취락지구,1,0,,자연취락지구,20221008
경상남도 양산시 삼호동 388번지,48330,11400,0,0388,0000,1264100059933,,,,1,용도지역코드,UQA430,자연녹지지역,1,0,,자연녹지지역,20221008
경상남도 양산시 삼호동 388번지,48330,11400,0,0388,0000,1264100059933,,,,2,용도지구코드,UQM110,자연취락지구,1,0,,자연취락지구,20221008
경상남도 양산시 삼호동 388번지,48330,11400,0,0388,0000,1264100058712,,,,1,용도지역코드,UQA430,자연녹지지역,1,0,,자연녹지지역,20221008
경상남도 양산시 삼호동 388번지,48330,11400,0,0388,0000,1264100058712,,,,2,용도지구코드,UQM110,자연취락지구,1,0,,자연취락지구,20221008
경상남도 양산시 삼호동 388번지,48330,11400,0,0388,0000,1264100078919,,,,1,용도지역코드,UQA430,자연녹지지역,1,0,,자연녹지지역,20221008
경상남도 양산시 삼호동 388번지,48330,11400,0,0388,0000,1264100078919,,,,2,용도지구코드,UQM110,자연취락지구,1,0,,자연취락지구,20221008
경상남도 양산시 삼호동 391번지,48330,11400,0,0391,0000,1264100008870,,,,1,용도지역코드,1330,자연녹지지역,1,0,,자연녹지지역,20221008
경상남도 양산시 삼호동 391번지,48330,11400,0,0391,0000,1264100008870,,,,2,용도지구코드,011,자연취락지구,1,0,,자연취락지구,20221008
경상남도 양산시 삼호동 392번지,48330,11400,0,0392,0000,1264100008869,,,,1,용도지역코드,1330,자연녹지지역,1,0,,자연녹지지역,20221008
경상남도 양산시 삼호동 392번지,48330,11400,0,0392,0000,1264100008869,,,,2,용도지구코드,011,자연취락지구,1,0,,자연취락지구,20221008
경상남도 양산시 삼호동 393번지,48330,11400,0,0393,0000,1264100069619,,,,1,용도지역코드,UQA430,자연녹지지역,1,0,,자연녹지지역,20221008
경상남도 양산시 삼호동 393번지,48330,11400,0,0393,0000,1264100069619,,,,2,용도지구코드,UQM110,자연취락지구,1,0,,자연취락지구,20221008
경상남도 양산시 삼호동 401번지,48330,11400,0,0401,0000,1000000000000000577083,,,,3,용도구역코드,ZA0006,역사문화환경보존지역,1,0,,역사문화환경보존지역,20240827
경상남도 양산시 삼호동 401번지,48330,11400,0,0401,0000,1000000000000000577083,,,,1,용도지역코드,UQA430,자연녹지지역,1,0,,자연녹지지역,20240827
경상남도 양산시 삼호동 401번지,48330,11400,0,0401,0000,1000000000000000577083,,,,2,용도지구코드,UQM110,자연취락지구,1,0,,자연취락지구,20240827
경상남도 양산시 삼호동 401번지,48330,11400,0,0401,0000,1000000000000000577083,,,,3,용도구역코드,UMZ100,가축사육제한구역,0,0,,가축사육제한구역,20240827
경상남도 양산시 삼호동 408-2번지,48330,11400,0,0408,0002,1264599,,,,1,용도지역코드,1330,자연녹지지역,1,0,,자연녹지지역,20221008
경상남도 양산시 삼호동 411번지,48330,11400,0,0411,0000,1264100089501,,,,1,용도지역코드,UQA430,자연녹지지역,1,0,,자연녹지지역,20221008
경상남도 양산시 삼호동 416-5번지,48330,11400,0,0416,0005,12643746,,,,1,용도지역코드,1020,일반주거지역,1,0,,일반주거지역,20221008
경상남도 양산시 삼호동 416-6번지,48330,11400,0,0416,0006,1264100147390,,,,1,용도지역코드,UQA122,제2종일반주거지역,1,0,,제2종일반주거지역,20221008
경상남도 양산시 삼호동 416-6번지,48330,11400,0,0416,0006,1264100147390,,,,2,용도지구코드,UQF132,시가지경관지구(일반),1,0,,시가지경관지구(일반),20221008
경상남도 양산시 삼호동 433-1번지,48330,11400,0,0433,0001,12647007,삼호구획사업지구,3,4,1,용도지역코드,1022,제2종일반주거지역,1,0,,제2종일반주거지역,20221008
경상남도 양산시 삼호동 433-1번지,48330,11400,0,0433,0001,12647133,삼호구획사업지구,3,4,1,용도지역코드,1022,제2종일반주거지역,1,0,,제2종일반주거지역,20221008
경상남도 양산시 삼호동 438번지,48330,11400,0,0438,0000,1264591,경상남도 양산시 웅상읍 삼호리,438,,1,용도지역코드,1330,자연녹지지역,1,0,,자연녹지지역,20221008
경상남도 양산시 삼호동 438-7번지,48330,11400,0,0438,0007,12645400,,,,1,용도지역코드,1330,자연녹지지역,1,0,,자연녹지지역,20221008
경상남도 양산시 삼호동 439-6번지,48330,11400,0,0439,0006,1264100117578,,,,1,용도지역코드,UQA430,자연녹지지역,1,0,,자연녹지지역,20221008
경상남도 양산시 삼호동 450-2번지,48330,11400,0,0450,0002,12647828,,,,1,용도지역코드,1022,제2종일반주거지역,1,0,,제2종일반주거지역,20221008
경상남도 양산시 삼호동 450-2번지,48330,11400,0,0450,0002,12647828,,,,3,용도구역코드,010,도시계획구역,1,0,,도시계획구역,20221008
경상남도 양산시 삼호동 450-10번지,48330,11400,0,0450,0010,1264100069460,,,,1,용도지역코드,UQA122,제2종일반주거지역,1,0,,제2종일반주거지역,20221008
경상남도 양산시 삼호동 450-10번지,48330,11400,0,0450,0010,1264100069460,,,,2,용도지구코드,UQG130,일반미관지구,1,0,,일반미관지구,20221008
경상남도 양산시 삼호동 451번지,48330,11400,0,0451,0000,12644681,,,,1,용도지역코드,1022,제2종일반주거지역,1,0,,제2종일반주거지역,20221008
경상남도 양산시 삼호동 451-8번지,48330,11400,0,0451,0008,1264100143263,,,,1,용도지역코드,UQA122,제2종일반주거지역,1,0,,제2종일반주거지역,20221008
경상남도 양산시 삼호동 452-2번지,48330,11400,0,0452,0002,1264100005225,,,,1,용도지역코드,1022,제2종일반주거지역,1,0,,제2종일반주거지역,20221008
경상남도 양산시 삼호동 453번지,48330,11400,0,0453,0000,12641843,,,,1,용도지역코드,1020,일반주거지역,1,0,,일반주거지역,20221008
경상남도 양산시 삼호동 454-2번지,48330,11400,0,0454,0002,1264100034148,,,,1,용도지역코드,UQA122,제2종일반주거지역,1,0,,제2종일반주거지역,20221008
경상남도 양산시 삼호동 454-2번지,48330,11400,0,0454,0002,1264100034148,,,,3,용도구역코드,UOA120,상대보호구역,1,0,,상대정화구역,20221008
경상남도 양산시 삼호동 454-5번지,48330,11400,0,0454,0005,1264100080659,,,,1,용도지역코드,UQA122,제2종일반주거지역,1,0,,제2종일반주거지역,20221008
경상남도 양산시 삼호동 455-23번지,48330,11400,0,0455,0023,1264100156595,,,,1,용도지역코드,UQA122,제2종일반주거지역,1,0,,제2종일반주거지역,20221223
경상남도 양산시 삼호동 455-23번지,48330,11400,0,0455,0023,1264100156595,,,,3,용도구역코드,UOA120,상대보호구역,1,0,,상대보호구역,20221223
경상남도 양산시 삼호동 457-1번지,48330,11400,0,0457,0001,12645097,,,,1,용도지역코드,1022,제2종일반주거지역,1,0,,제2종일반주거지역,20221008
경상남도 양산시 삼호동 457-1번지,48330,11400,0,0457,0001,12645097,,,,2,용도지구코드,160,택지개발지구,1,0,,택지개발지구,20221008
경상남도 양산시 삼호동 457-1번지,48330,11400,0,0457,0001,12645097,,,,3,용도구역코드,300,지구단위계획구역,1,0,,지구단위계획구역,20221008
경상남도 양산시 삼호동 457-1번지,48330,11400,0,0457,0001,12643172,,,,1,용도지역코드,1020,일반주거지역,1,0,,일반주거지역,20221008
경상남도 양산시 삼호동 457-1번지,48330,11400,0,0457,0001,12643172,,,,3,용도구역코드,050,상세계획구역,1,0,,상세계획구역,20221008
경상남도 양산시 삼호동 457-2번지,48330,11400,0,0457,0002,1264100021643,,,,1,용도지역코드,UQA121,제1종일반주거지역,1,0,,제1종일반주거지역,20221008
경상남도 양산시 삼호동 457-3번지,48330,11400,0,0457,0003,12645380,,,,1,용도지역코드,1022,제2종일반주거지역,1,0,,제2종일반주거지역,20221008
경상남도 양산시 삼호동 457-3번지,48330,11400,0,0457,0003,12645380,,,,3,용도구역코드,990,기타구역,1,0,,기타구역,20221008
경상남도 양산시 삼호동 457-4번지,48330,11400,0,0457,0004,1264100083382,,,,1,용도지역코드,UQA121,제1종일반주거지역,1,0,,제1종일반주거지역,20221008
경상남도 양산시 삼호동 457-4번지,48330,11400,0,0457,0004,1264100083382,,,,3,용도구역코드,UQQ310,제1종지구단위계획구역,1,0,,제1종지구단위계획구역,20221008
경상남도 양산시 삼호동 457-5번지,48330,11400,0,0457,0005,1264100079979,,,,1,용도지역코드,UQA121,제1종일반주거지역,1,0,,제1종일반주거지역,20221008
경상남도 양산시 삼호동 457-5번지,48330,11400,0,0457,0005,1264100079979,,,,3,용도구역코드,UQQ310,제1종지구단위계획구역,1,0,,제1종지구단위계획구역,20221008
경상남도 양산시 삼호동 458-1번지,48330,11400,0,0458,0001,1264100040544,,,,1,용도지역코드,UQA121,제1종일반주거지역,1,0,,제1종일반주거지역,20221008
경상남도 양산시 삼호동 458-1번지,48330,11400,0,0458,0001,1264100040544,,,,3,용도구역코드,,,1,0,,,20221008
경상남도 양산시 삼호동 458-2번지,48330,11400,0,0458,0002,1264100038572,,,,1,용도지역코드,UQA121,제1종일반주거지역,1,0,,제1종일반주거지역,20221008
경상남도 양산시 삼호동 458-3번지,48330,11400,0,0458,0003,1264100040646,,,,1,용도지역코드,UQA121,제1종일반주거지역,1,0,,제1종일반주거지역,20221008
경상남도 양산시 삼호동 458-4번지,48330,11400,0,0458,0004,1000000000000000199548,,,,3,용도구역코드,UQQ310,제1종지구단위계획구역,1,0,,제1종지구단위계획구역,20231115
경상남도 양산시 삼호동 458-4번지,48330,11400,0,0458,0004,1000000000000000199548,,,,1,용도지역코드,UQA121,제1종일반주거지역,1,0,,제1종일반주거지역,20231115
경상남도 양산시 삼호동 458-4번지,48330,11400,0,0458,0004,1000000000000000199548,,,,3,용도구역코드,UOA120,상대보호구역,0,0,,상대보호구역,20231115
경상남도 양산시 삼호동 458-4번지,48330,11400,0,0458,0004,1000000000000000199548,,,,3,용도구역코드,UMZ100,가축사육제한구역,0,0,,가축사육제한구역,20231115
경상남도 양산시 삼호동 458-5번지,48330,11400,0,0458,0005,1264100021768,,,,1,용도지역코드,UQA121,제1종일반주거지역,1,0,,제1종일반주거지역,20221008
경상남도 양산시 삼호동 458-5번지,48330,11400,0,0458,0005,12649065,,,,1,용도지역코드,1021,제1종일반주거지역,1,0,,제1종일반주거지역,20221008
경상남도 양산시 삼호동 458-5번지,48330,11400,0,0458,0005,12649065,,,,3,용도구역코드,301,제1종지구단위계획구역,1,0,,제1종지구단위계획구역,20221008
경상남도 양산시 삼호동 458-6번지,48330,11400,0,0458,0006,1264100035712,,,,3,용도구역코드,UOA120,상대보호구역,0,0,,상대정화구역,20221008
경상남도 양산시 삼호동 458-6번지,48330,11400,0,0458,0006,1264100035712,,,,1,용도지역코드,UQA121,제1종일반주거지역,1,0,,제1종일반주거지역,20221008
경상남도 양산시 삼호동 458-6번지,48330,11400,0,0458,0006,1264100035712,,,,3,용도구역코드,UQQ310,제1종지구단위계획구역,1,0,,제1종지구단위계획구역,20221008
경상남도 양산시 삼호동 458-7번지,48330,11400,0,0458,0007,1264100019820,,,,1,용도지역코드,1021,제1종일반주거지역,1,0,,제1종일반주거지역,20221008
경상남도 양산시 삼호동 458-8번지,48330,11400,0,0458,0008,1264100033745,,,,1,용도지역코드,UQA121,제1종일반주거지역,1,0,,제1종일반주거지역,20221008
경상남도 양산시 삼호동 459-1번지,48330,11400,0,0459,0001,12646972,,,,1,용도지역코드,1021,제1종일반주거지역,1,0,,제1종일반주거지역,20221008
경상남도 양산시 삼호동 459-1번지,48330,11400,0,0459,0001,12646972,,,,3,용도구역코드,300,지구단위계획구역,1,0,,지구단위계획구역,20221008
경상남도 양산시 삼호동 459-1번지,48330,11400,0,0459,0001,1264100037077,,,,1,용도지역코드,UQA121,제1종일반주거지역,1,0,,제1종일반주거지역,20221008
경상남도 양산시 삼호동 459-3번지,48330,11400,0,0459,0003,1264100032458,,,,1,용도지역코드,UQA121,제1종일반주거지역,1,0,,제1종일반주거지역,20221008
경상남도 양산시 삼호동 459-4번지,48330,11400,0,0459,0004,1264100036594,,,,1,용도지역코드,UQA121,제1종일반주거지역,1,0,,제1종일반주거지역,20221008
경상남도 양산시 삼호동 459-4번지,48330,11400,0,0459,0004,1264100036594,,,,3,용도구역코드,UQQ310,제1종지구단위계획구역,1,0,,제1종지구단위계획구역,20221008
경상남도 양산시 삼호동 459-4번지,48330,11400,0,0459,0004,1264100036594,,,,3,용도구역코드,UOA120,상대보호구역,0,0,,상대정화구역,20221008
경상남도 양산시 삼호동 459-5번지,48330,11400,0,0459,0005,1264100033749,,,,1,용도지역코드,UQA121,제1종일반주거지역,1,0,,제1종일반주거지역,20221008
경상남도 양산시 삼호동 459-5번지,48330,11400,0,0459,0005,1264100033749,,,,3,용도구역코드,UQQ310,제1종지구단위계획구역,1,0,,제1종지구단위계획구역,20221008
경상남도 양산시 삼호동 459-5번지,48330,11400,0,0459,0005,1264100033749,,,,3,용도구역코드,UOA120,상대보호구역,0,0,,상대정화구역,20221008
경상남도 양산시 삼호동 459-6번지,48330,11400,0,0459,0006,1264100029251,,,,1,용도지역코드,UQA121,제1종일반주거지역,1,0,,제1종일반주거지역,20221008
경상남도 양산시 삼호동 459-7번지,48330,11400,0,0459,0007,1264100033043,,,,1,용도지역코드,UQA121,제1종일반주거지역,1,0,,제1종일반주거지역,20221008
경상남도 양산시 삼호동 459-8번지,48330,11400,0,0459,0008,1264100019821,,,,1,용도지역코드,1021,제1종일반주거지역,1,0,,제1종일반주거지역,20221008
경상남도 양산시 삼호동 459-9번지,48330,11400,0,0459,0009,12645690,,,,1,용도지역코드,1022,제2종일반주거지역,1,0,,제2종일반주거지역,20221008
경상남도 양산시 삼호동 459-9번지,48330,11400,0,0459,0009,12645690,,,,2,용도지구코드,160,택지개발지구,1,0,,택지개발지구,20221008
경상남도 양산시 삼호동 459-9번지,48330,11400,0,0459,0009,12645690,,,,3,용도구역코드,301,제1종지구단위계획구역,1,0,,제1종지구단위계획구역,20221008
경상남도 양산시 삼호동 459-10번지,48330,11400,0,0459,0010,1264100032982,,,,1,용도지역코드,UQA121,제1종일반주거지역,1,0,,제1종일반주거지역,20221008
경상남도 양산시 삼호동 459-10번지,48330,11400,0,0459,0010,1264100032982,,,,3,용도구역코드,UQQ310,제1종지구단위계획구역,1,0,,제1종지구단위계획구역,20221008
경상남도 양산시 삼호동 459-11번지,48330,11400,0,0459,0011,1264100036872,,,,1,용도지역코드,UQA121,제1종일반주거지역,1,0,,제1종일반주거지역,20221008
경상남도 양산시 삼호동 459-12번지,48330,11400,0,0459,0012,1264100034722,,,,1,용도지역코드,UQA121,제1종일반주거지역,1,0,,제1종일반주거지역,20221008
경상남도 양산시 삼호동 459-12번지,48330,11400,0,0459,0012,1264100034722,,,,3,용도구역코드,UQQ310,제1종지구단위계획구역,1,0,,제1종지구단위계획구역,20221008
경상남도 양산시 삼호동 459-13번지,48330,11400,0,0459,0013,12647150,,,,1,용도지역코드,1021,제1종일반주거지역,1,0,,제1종일반주거지역,20221008
경상남도 양산시 삼호동 459-13번지,48330,11400,0,0459,0013,12647150,,,,3,용도구역코드,301,제1종지구단위계획구역,1,0,,제1종지구단위계획구역,20221008
경상남도 양산시 삼호동 459-15번지,48330,11400,0,0459,0015,12645398,,,,1,용도지역코드,1022,제2종일반주거지역,1,0,,제2종일반주거지역,20221008
경상남도 양산시 삼호동 459-15번지,48330,11400,0,0459,0015,12645398,,,,2,용도지구코드,160,택지개발지구,1,0,,택지개발지구,20221008
경상남도 양산시 삼호동 459-15번지,48330,11400,0,0459,0015,12645398,,,,3,용도구역코드,300,지구단위계획구역,1,0,,지구단위계획구역,20221008
경상남도 양산시 삼호동 459-15번지,48330,11400,0,0459,0015,12644658,,,,1,용도지역코드,1022,제2종일반주거지역,1,0,,제2종일반주거지역,20221008
경상남도 양산시 삼호동 459-15번지,48330,11400,0,0459,0015,12644658,,,,2,용도지구코드,160,택지개발지구,1,0,,택지개발지구,20221008
경상남도 양산시 삼호동 459-15번지,48330,11400,0,0459,0015,12644658,,,,3,용도구역코드,300,지구단위계획구역,1,0,,지구단위계획구역,20221008
경상남도 양산시 삼호동 459-16번지,48330,11400,0,0459,0016,1264100004605,,,,1,용도지역코드,1021,제1종일반주거지역,1,0,,제1종일반주거지역,20221008
경상남도 양산시 삼호동 459-16번지,48330,11400,0,0459,0016,1264100004605,,,,3,용도구역코드,301,제1종지구단위계획구역,1,0,,제1종지구단위계획구역,20221008
경상남도 양산시 삼호동 460-1번지,48330,11400,0,0460,0001,1000000000000000834172,,,,3,용도구역코드,UMZ100,가축사육제한구역,1,0,,가축사육제한구역,20251104
경상남도 양산시 삼호동 460-1번지,48330,11400,0,0460,0001,1000000000000000834172,,,,1,용도지역코드,UQA122,제2종일반주거지역,1,0,,제2종일반주거지역,20251104
경상남도 양산시 삼호동 460-1번지,48330,11400,0,0460,0001,12645813,,,,1,용도지역코드,1022,제2종일반주거지역,1,0,,제2종일반주거지역,20221008
경상남도 양산시 삼호동 460-4번지,48330,11400,0,0460,0004,1264100082801,,,,1,용도지역코드,UQA122,제2종일반주거지역,1,0,,제2종일반주거지역,20221008
경상남도 양산시 삼호동 460-4번지,48330,11400,0,0460,0004,1264100082801,,,,3,용도구역코드,UOA120,상대보호구역,1,0,,상대정화구역,20221008
경상남도 양산시 삼호동 461번지,48330,11400,0,0461,0000,12645772,,,,1,용도지역코드,1022,제2종일반주거지역,1,0,,제2종일반주거지역,20221008
경상남도 양산시 삼호동 462번지,48330,11400,0,0462,0000,1264100058172,,,,1,용도지역코드,UQA122,제2종일반주거지역,1,0,,제2종일반주거지역,20221008
경상남도 양산시 삼호동 463번지,48330,11400,0,0463,0000,1264100076580,,,,1,용도지역코드,UQA122,제2종일반주거지역,1,0,,제2종일반주거지역,20221008
경상남도 양산시 삼호동 463번지,48330,11400,0,0463,0000,1264100076580,,,,3,용도구역코드,UOA120,상대보호구역,1,0,,상대정화구역,20221008
경상남도 양산시 삼호동 463-3번지,48330,11400,0,0463,0003,1264100048865,,,,1,용도지역코드,UQA122,제2종일반주거지역,1,0,,제2종일반주거지역,20221008
경상남도 양산시 삼호동 463-3번지,48330,11400,0,0463,0003,1264100048865,,,,3,용도구역코드,UOA120,상대보호구역,1,0,,상대정화구역,20221008
경상남도 양산시 삼호동 463-3번지,48330,11400,0,0463,0003,1264100039916,,,,1,용도지역코드,UQA122,제2종일반주거지역,1,0,,제2종일반주거지역,20221008
경상남도 양산시 삼호동 463-3번지,48330,11400,0,0463,0003,1264100039916,,,,3,용도구역코드,UOA120,상대보호구역,1,0,,상대정화구역,20221008
경상남도 양산시 삼호동 463-5번지,48330,11400,0,0463,0005,1264448,,,,1,용도지역코드,1020,일반주거지역,1,0,,일반주거지역,20221008
경상남도 양산시 삼호동 463-7번지,48330,11400,0,0463,0007,1264100069462,,,,1,용도지역코드,UQA122,제2종일반주거지역,1,0,,제2종일반주거지역,20221008
경상남도 양산시 삼호동 464-13번지,48330,11400,0,0464,0013,1264100030597,,,,1,용도지역코드,UQA122,제2종일반주거지역,1,0,,제2종일반주거지역,20221008
경상남도 양산시 삼호동 465-1번지,48330,11400,0,0465,0001,1264100072680,,,,1,용도지역코드,UQA122,제2종일반주거지역,1,0,,제2종일반주거지역,20221008
경상남도 양산시 삼호동 465-1번지,48330,11400,0,0465,0001,1264100088341,,,,1,용도지역코드,UQA122,제2종일반주거지역,1,0,,제2종일반주거지역,20221008
경상남도 양산시 삼호동 465-13번지,48330,11400,0,0465,0013,12648602,,,,1,용도지역코드,1022,제2종일반주거지역,1,0,,제2종일반주거지역,20221008
경상남도 양산시 삼호동 465-13번지,48330,11400,0,0465,0013,12648602,,,,3,용도구역코드,010,도시계획구역,1,0,,도시계획구역,20221008
경상남도 양산시 삼호동 465-15번지,48330,11400,0,0465,0015,1264100072643,,,,1,용도지역코드,UQA122,제2종일반주거지역,1,0,,제2종일반주거지역,20221008
경상남도 양산시 삼호동 466-4번지,48330,11400,0,0466,0004,1264565,,,,1,용도지역코드,1020,일반주거지역,1,0,,일반주거지역,20221008
경상남도 양산시 삼호동 466-10번지,48330,11400,0,0466,0010,12647125,,,,1,용도지역코드,1022,제2종일반주거지역,1,0,,제2종일반주거지역,20221008
경상남도 양산시 삼호동 466-10번지,48330,11400,0,0466,0010,12646986,,,,1,용도지역코드,1022,제2종일반주거지역,1,0,,제2종일반주거지역,20221008
경상남도 양산시 삼호동 466-15번지,48330,11400,0,0466,0015,1264100017757,,,,1,용도지역코드,1022,제2종일반주거지역,1,0,,제2종일반주거지역,20221008
경상남도 양산시 삼호동 466-18번지,48330,11400,0,0466,0018,1264100071999,,,,1,용도지역코드,UQA122,제2종일반주거지역,1,0,,제2종일반주거지역,20221008
경상남도 양산시 삼호동 466-18번지,48330,11400,0,0466,0018,1264100025469,,,,1,용도지역코드,UQA122,제2종일반주거지역,1,0,,제2종일반주거지역,20221008
경상남도 양산시 삼호동 466-18번지,48330,11400,0,0466,0018,1264100025469,,,,3,용도구역코드,UOA120,상대보호구역,1,0,,상대정화구역,20221008
경상남도 양산시 삼호동 466-22번지,48330,11400,0,0466,0022,1264570,,,,1,용도지역코드,1020,일반주거지역,1,0,,일반주거지역,20221008
경상남도 양산시 삼호동 467-3번지,48330,11400,0,0467,0003,12642457,,,,1,용도지역코드,1020,일반주거지역,1,0,,일반주거지역,20221008
경상남도 양산시 삼호동 468-4번지,48330,11400,0,0468,0004,1264100107393,,,,1,용도지역코드,UQA122,제2종일반주거지역,1,0,,제2종일반주거지역,20221008
경상남도 양산시 삼호동 468-17번지,48330,11400,0,0468,0017,1264100088382,,,,1,용도지역코드,UQA122,제2종일반주거지역,1,0,,제2종일반주거지역,20221008
경상남도 양산시 삼호동 469-5번지,48330,11400,0,0469,0005,12642656,,,,1,용도지역코드,1030,준주거지역,1,0,,준주거지역,20221008
경상남도 양산시 삼호동 470번지,48330,11400,0,0470,0000,1264100036595,,,,1,용도지역코드,UQA130,준주거지역,1,0,,준주거지역,20221008
경상남도 양산시 삼호동 470-2번지,48330,11400,0,0470,0002,1264100045930,,,,1,용도지역코드,UQA130,준주거지역,1,0,,준주거지역,20221008
경상남도 양산시 삼호동 470-2번지,48330,11400,0,0470,0002,1264100045930,,,,3,용도구역코드,UOA120,상대보호구역,1,0,,상대정화구역,20221008
경상남도 양산시 삼호동 470-2번지,48330,11400,0,0470,0002,1264100081620,,,,1,용도지역코드,UQA130,준주거지역,1,0,,준주거지역,20221008
경상남도 양산시 삼호동 470-2번지,48330,11400,0,0470,0002,1264100081620,,,,3,용도구역코드,UOA120,상대보호구역,1,0,,상대정화구역,20221008
경상남도 양산시 삼호동 470-4번지,48330,11400,0,0470,0004,1264100036053,,,,1,용도지역코드,UQA130,준주거지역,1,0,,준주거지역,20221008
경상남도 양산시 삼호동 470-5번지,48330,11400,0,0470,0005,1264100052202,,,,1,용도지역코드,UQA130,준주거지역,1,0,,준주거지역,20221008
경상남도 양산시 삼호동 471번지,48330,11400,0,0471,0000,12647069,,,,1,용도지역코드,1030,준주거지역,1,0,,준주거지역,20221008
경상남도 양산시 삼호동 471번지,48330,11400,0,0471,0000,12647069,,,,2,용도지구코드,980,용도지구미지정,1,0,,용도지구미지정,20221008
경상남도 양산시 삼호동 471번지,48330,11400,0,0471,0000,12647069,,,,3,용도구역코드,980,용도구역미지정,1,0,,용도구역미지정,20221008
경상남도 양산시 삼호동 471-1번지,48330,11400,0,0471,0001,1264100103974,,,,1,용도지역코드,UQA130,준주거지역,1,0,,준주거지역,20221008
경상남도 양산시 삼호동 471-3번지,48330,11400,0,0471,0003,1264100103975,,,,1,용도지역코드,UQA130,준주거지역,1,0,,준주거지역,20221008
경상남도 양산시 삼호동 474-1번지,48330,11400,0,0474,0001,1264100157492,,,,1,용도지역코드,UQA122,제2종일반주거지역,1,0,,제2종일반주거지역,20221008
경상남도 양산시 삼호동 475-2번지,48330,11400,0,0475,0002,1264100032967,,,,1,용도지역코드,UQA121,제1종일반주거지역,1,0,,제1종일반주거지역,20221008
경상남도 양산시 삼호동 475-2번지,48330,11400,0,0475,0002,1264100032967,,,,3,용도구역코드,UQQ310,제1종지구단위계획구역,1,0,,제1종지구단위계획구역,20221008
경상남도 양산시 삼호동 475-2번지,48330,11400,0,0475,0002,1264100007528,,,,1,용도지역코드,1021,제1종일반주거지역,1,0,,제1종일반주거지역,20221008
경상남도 양산시 삼호동 475-3번지,48330,11400,0,0475,0003,1264100007490,,,,1,용도지역코드,1021,제1종일반주거지역,1,0,,제1종일반주거지역,20221008
경상남도 양산시 삼호동 475-3번지,48330,11400,0,0475,0003,1264100032968,,,,3,용도구역코드,UQQ310,제1종지구단위계획구역,1,0,,제1종지구단위계획구역,20221008
경상남도 양산시 삼호동 475-3번지,48330,11400,0,0475,0003,1264100032968,,,,1,용도지역코드,UQA121,제1종일반주거지역,1,0,,제1종일반주거지역,20221008
경상남도 양산시 삼호동 475-4번지,48330,11400,0,0475,0004,12645646,,,,1,용도지역코드,1022,제2종일반주거지역,1,0,,제2종일반주거지역,20221008
경상남도 양산시 삼호동 475-4번지,48330,11400,0,0475,0004,12645646,,,,2,용도지구코드,160,택지개발지구,1,0,,택지개발지구,20221008
경상남도 양산시 삼호동 475-4번지,48330,11400,0,0475,0004,12645646,,,,3,용도구역코드,301,제1종지구단위계획구역,1,0,,제1종지구단위계획구역,20221008
경상남도 양산시 삼호동 475-5번지,48330,11400,0,0475,0005,1264100033103,,,,1,용도지역코드,UQA121,제1종일반주거지역,1,0,,제1종일반주거지역,20221008
경상남도 양산시 삼호동 475-5번지,48330,11400,0,0475,0005,1264100033103,,,,3,용도구역코드,UQQ310,제1종지구단위계획구역,1,0,,제1종지구단위계획구역,20221008
경상남도 양산시 삼호동 475-5번지,48330,11400,0,0475,0005,1264100006705,,,,1,용도지역코드,1021,제1종일반주거지역,1,0,,제1종일반주거지역,20221008
경상남도 양산시 삼호동 475-6번지,48330,11400,0,0475,0006,1264100033102,,,,1,용도지역코드,UQA121,제1종일반주거지역,1,0,,제1종일반주거지역,20221008
경상남도 양산시 삼호동 475-6번지,48330,11400,0,0475,0006,1264100033102,,,,3,용도구역코드,UQQ310,제1종지구단위계획구역,1,0,,제1종지구단위계획구역,20221008
경상남도 양산시 삼호동 475-6번지,48330,11400,0,0475,0006,1264100007491,,,,1,용도지역코드,1021,제1종일반주거지역,1,0,,제1종일반주거지역,20221008
경상남도 양산시 삼호동 475-7번지,48330,11400,0,0475,0007,1264100034292,,,,1,용도지역코드,UQA121,제1종일반주거지역,1,0,,제1종일반주거지역,20221008
경상남도 양산시 삼호동 475-8번지,48330,11400,0,0475,0008,1264100034412,,,,1,용도지역코드,UQA121,제1종일반주거지역,1,0,,제1종일반주거지역,20221008
경상남도 양산시 삼호동 475-9번지,48330,11400,0,0475,0009,12647035,,,,1,용도지역코드,1022,제2종일반주거지역,1,0,,제2종일반주거지역,20221008
경상남도 양산시 삼호동 475-9번지,48330,11400,0,0475,0009,12647035,,,,3,용도구역코드,300,지구단위계획구역,1,0,,지구단위계획구역,20221008
경상남도 양산시 삼호동 475-10번지,48330,11400,0,0475,0010,1264100014516,,,,1,용도지역코드,1021,제1종일반주거지역,1,0,,제1종일반주거지역,20221008
경상남도 양산시 삼호동 475-10번지,48330,11400,0,0475,0010,1264100014516,,,,3,용도구역코드,301,제1종지구단위계획구역,1,0,,제1종지구단위계획구역,20221008
경상남도 양산시 삼호동 475-11번지,48330,11400,0,0475,0011,1264100037392,,,,1,용도지역코드,UQA121,제1종일반주거지역,1,0,,제1종일반주거지역,20221008
경상남도 양산시 삼호동 475-11번지,48330,11400,0,0475,0011,1264100037392,,,,3,용도구역코드,UQQ310,제1종지구단위계획구역,1,0,,제1종지구단위계획구역,20221008
경상남도 양산시 삼호동 475-11번지,48330,11400,0,0475,0011,1264100037392,,,,3,용도구역코드,UOA120,상대보호구역,0,0,,상대정화구역,20221008
경상남도 양산시 삼호동 475-14번지,48330,11400,0,0475,0014,1264100056548,,,,1,용도지역코드,UQA121,제1종일반주거지역,1,0,,제1종일반주거지역,20221008
경상남도 양산시 삼호동 475-14번지,48330,11400,0,0475,0014,1264100056548,,,,3,용도구역코드,UQQ310,제1종지구단위계획구역,1,0,,제1종지구단위계획구역,20221008
경상남도 양산시 삼호동 475-15번지,48330,11400,0,0475,0015,1264100017096,,,,1,용도지역코드,1021,제1종일반주거지역,1,0,,제1종일반주거지역,20221008
경상남도 양산시 삼호동 475-15번지,48330,11400,0,0475,0015,1264100017096,,,,3,용도구역코드,301,제1종지구단위계획구역,1,0,,제1종지구단위계획구역,20221008
경상남도 양산시 삼호동 475-15번지,48330,11400,0,0475,0015,1264100017096,,,,3,용도구역코드,272,상대정화구역,0,0,,상대정화구역,20221008
경상남도 양산시 삼호동 475-16번지,48330,11400,0,0475,0016,1264100034715,,,,1,용도지역코드,UQA121,제1종일반주거지역,1,0,,제1종일반주거지역,20221008
경상남도 양산시 삼호동 475-16번지,48330,11400,0,0475,0016,1264100034715,,,,3,용도구역코드,UQQ310,제1종지구단위계획구역,1,0,,제1종지구단위계획구역,20221008
경상남도 양산시 삼호동 476-1번지,48330,11400,0,0476,0001,1264100017915,,,,1,용도지역코드,1021,제1종일반주거지역,1,0,,제1종일반주거지역,20221008
경상남도 양산시 삼호동 476-1번지,48330,11400,0,0476,0001,1264100017915,,,,3,용도구역코드,301,제1종지구단위계획구역,1,0,,제1종지구단위계획구역,20221008
경상남도 양산시 삼호동 476-2번지,48330,11400,0,0476,0002,12644642,,,,1,용도지역코드,1022,제2종일반주거지역,1,0,,제2종일반주거지역,20221008
경상남도 양산시 삼호동 476-2번지,48330,11400,0,0476,0002,12644642,,,,2,용도지구코드,160,택지개발지구,1,0,,택지개발지구,20221008
경상남도 양산시 삼호동 476-2번지,48330,11400,0,0476,0002,12644642,,,,3,용도구역코드,140,택지개발사업구역,1,0,,택지개발사업구역,20221008
경상남도 양산시 삼호동 476-5번지,48330,11400,0,0476,0005,12644022,,,,1,용도지역코드,1022,제2종일반주거지역,1,0,,제2종일반주거지역,20221008
경상남도 양산시 삼호동 476-5번지,48330,11400,0,0476,0005,12644022,,,,2,용도지구코드,160,택지개발지구,1,0,,택지개발지구,20221008
경상남도 양산시 삼호동 476-5번지,48330,11400,0,0476,0005,12644022,,,,3,용도구역코드,300,지구단위계획구역,1,0,,지구단위계획구역,20221008
경상남도 양산시 삼호동 476-6번지,48330,11400,0,0476,0006,1264100026691,,,,1,용도지역코드,UQA121,제1종일반주거지역,1,0,,제1종일반주거지역,20221008
경상남도 양산시 삼호동 476-6번지,48330,11400,0,0476,0006,1264100026691,,,,3,용도구역코드,UQQ310,제1종지구단위계획구역,1,0,,제1종지구단위계획구역,20221008
경상남도 양산시 삼호동 476-7번지,48330,11400,0,0476,0007,1264100026690,,,,3,용도구역코드,UQQ310,제1종지구단위계획구역,1,0,,제1종지구단위계획구역,20221008
경상남도 양산시 삼호동 476-7번지,48330,11400,0,0476,0007,1264100026690,,,,1,용도지역코드,UQA121,제1종일반주거지역,1,0,,제1종일반주거지역,20221008
경상남도 양산시 삼호동 476-8번지,48330,11400,0,0476,0008,1264100020344,,,,1,용도지역코드,1021,제1종일반주거지역,1,0,,제1종일반주거지역,20221008
경상남도 양산시 삼호동 476-8번지,48330,11400,0,0476,0008,1264100006565,,,,1,용도지역코드,1021,제1종일반주거지역,1,0,,제1종일반주거지역,20221008
경상남도 양산시 삼호동 476-9번지,48330,11400,0,0476,0009,1264100032459,,,,1,용도지역코드,UQA121,제1종일반주거지역,1,0,,제1종일반주거지역,20221008
경상남도 양산시 삼호동 476-10번지,48330,11400,0,0476,0010,1264100032460,,,,1,용도지역코드,UQA121,제1종일반주거지역,1,0,,제1종일반주거지역,20221008
경상남도 양산시 삼호동 476-11번지,48330,11400,0,0476,0011,12648679,,,,1,용도지역코드,1021,제1종일반주거지역,1,0,,제1종일반주거지역,20221008
경상남도 양산시 삼호동 476-11번지,48330,11400,0,0476,0011,12648679,,,,3,용도구역코드,301,제1종지구단위계획구역,1,0,,제1종지구단위계획구역,20221008
경상남도 양산시 삼호동 476-11번지,48330,11400,0,0476,0011,12649251,,,,1,용도지역코드,1021,제1종일반주거지역,1,0,,제1종일반주거지역,20221008
경상남도 양산시 삼호동 476-11번지,48330,11400,0,0476,0011,12649251,,,,2,용도지구코드,160,택지개발지구,1,0,,택지개발지구,20221008
경상남도 양산시 삼호동 476-12번지,48330,11400,0,0476,0012,1264100028272,,,,1,용도지역코드,UQA121,제1종일반주거지역,1,0,,제1종일반주거지역,20221008
경상남도 양산시 삼호동 476-12번지,48330,11400,0,0476,0012,1264100028272,,,,3,용도구역코드,UQQ310,제1종지구단위계획구역,1,0,,제1종지구단위계획구역,20221008
경상남도 양산시 삼호동 476-13번지,48330,11400,0,0476,0013,1264100040644,,,,1,용도지역코드,UQA121,제1종일반주거지역,1,0,,제1종일반주거지역,20221008
경상남도 양산시 삼호동 476-14번지,48330,11400,0,0476,0014,1264100147105,,,,3,용도구역코드,UQQ310,제1종지구단위계획구역,1,0,,제1종지구단위계획구역,20221008
경상남도 양산시 삼호동 476-14번지,48330,11400,0,0476,0014,1264100147105,,,,1,용도지역코드,UQA121,제1종일반주거지역,1,0,,제1종일반주거지역,20221008
경상남도 양산시 삼호동 476-16번지,48330,11400,0,0476,0016,12643762,,,,1,용도지역코드,1020,일반주거지역,1,0,,일반주거지역,20221008
경상남도 양산시 삼호동 477-1번지,48330,11400,0,0477,0001,1264100013612,,,,1,용도지역코드,1021,제1종일반주거지역,1,0,,제1종일반주거지역,20221008
경상남도 양산시 삼호동 477-2번지,48330,11400,0,0477,0002,1264100020640,,,,1,용도지역코드,1021,제1종일반주거지역,1,0,,제1종일반주거지역,20221008
경상남도 양산시 삼호동 477-2번지,48330,11400,0,0477,0002,1264100020640,,,,3,용도구역코드,301,제1종지구단위계획구역,1,0,,제1종지구단위계획구역,20221008
경상남도 양산시 삼호동 477-2번지,48330,11400,0,0477,0002,1264100020640,,,,3,용도구역코드,272,상대정화구역,0,0,,상대정화구역,20221008
경상남도 양산시 삼호동 477-3번지,48330,11400,0,0477,0003,1264100015357,,,,1,용도지역코드,1021,제1종일반주거지역,1,0,,제1종일반주거지역,20221008
경상남도 양산시 삼호동 477-3번지,48330,11400,0,0477,0003,1264100015357,,,,3,용도구역코드,301,제1종지구단위계획구역,1,0,,제1종지구단위계획구역,20221008
경상남도 양산시 삼호동 477-3번지,48330,11400,0,0477,0003,1264100015357,,,,3,용도구역코드,272,상대정화구역,0,0,,상대정화구역,20221008
경상남도 양산시 삼호동 477-4번지,48330,11400,0,0477,0004,12644756,,,,1,용도지역코드,1022,제2종일반주거지역,1,0,,제2종일반주거지역,20221008
경상남도 양산시 삼호동 477-5번지,48330,11400,0,0477,0005,12644757,,,,1,용도지역코드,1022,제2종일반주거지역,1,0,,제2종일반주거지역,20221008
경상남도 양산시 삼호동 477-5번지,48330,11400,0,0477,0005,12644757,,,,2,용도지구코드,160,택지개발지구,1,0,,택지개발지구,20221008
경상남도 양산시 삼호동 477-5번지,48330,11400,0,0477,0005,12644757,,,,3,용도구역코드,301,제1종지구단위계획구역,1,0,,제1종지구단위계획구역,20221008
경상남도 양산시 삼호동 477-8번지,48330,11400,0,0477,0008,1264100067720,,,,1,용도지역코드,UQA121,제1종일반주거지역,1,0,,제1종일반주거지역,20221008
경상남도 양산시 삼호동 477-8번지,48330,11400,0,0477,0008,1264100067720,,,,3,용도구역코드,UQQ310,제1종지구단위계획구역,1,0,,제1종지구단위계획구역,20221008
경상남도 양산시 삼호동 477-9번지,48330,11400,0,0477,0009,1264100098593,,,,1,용도지역코드,UQA121,제1종일반주거지역,1,0,,제1종일반주거지역,20221008
경상남도 양산시 삼호동 477-9번지,48330,11400,0,0477,0009,1264100098593,,,,3,용도구역코드,UQQ310,제1종지구단위계획구역,1,0,,제1종지구단위계획구역,20221008
경상남도 양산시 삼호동 477-10번지,48330,11400,0,0477,0010,1264100051007,,,,3,용도구역코드,UQQ310,제1종지구단위계획구역,1,0,,제1종지구단위계획구역,20221008
경상남도 양산시 삼호동 477-10번지,48330,11400,0,0477,0010,1264100051007,,,,1,용도지역코드,UQA121,제1종일반주거지역,1,0,,제1종일반주거지역,20221008
경상남도 양산시 삼호동 477-11번지,48330,11400,0,0477,0011,1264100077900,,,,1,용도지역코드,UQA121,제1종일반주거지역,1,0,,제1종일반주거지역,20221008
경상남도 양산시 삼호동 477-11번지,48330,11400,0,0477,0011,1264100077900,,,,3,용도구역코드,UQQ310,제1종지구단위계획구역,1,0,,제1종지구단위계획구역,20221008
경상남도 양산시 삼호동 477-11번지,48330,11400,0,0477,0011,1264100077900,,,,3,용도구역코드,UOA120,상대보호구역,0,0,,상대정화구역,20221008
경상남도 양산시 삼호동 477-12번지,48330,11400,0,0477,0012,1264100046046,,,,1,용도지역코드,UQA121,제1종일반주거지역,1,0,,제1종일반주거지역,20221008
경상남도 양산시 삼호동 477-12번지,48330,11400,0,0477,0012,1264100046046,,,,3,용도구역코드,UQQ310,제1종지구단위계획구역,1,0,,제1종지구단위계획구역,20221008
경상남도 양산시 삼호동 477-13번지,48330,11400,0,0477,0013,1264100033342,,,,1,용도지역코드,UQA121,제1종일반주거지역,1,0,,제1종일반주거지역,20221008
경상남도 양산시 삼호동 477-13번지,48330,11400,0,0477,0013,1264100033342,,,,3,용도구역코드,UQQ310,제1종지구단위계획구역,1,0,,제1종지구단위계획구역,20221008
경상남도 양산시 삼호동 477-15번지,48330,11400,0,0477,0015,1264100033947,,,,1,용도지역코드,UQA121,제1종일반주거지역,1,0,,제1종일반주거지역,20221008
경상남도 양산시 삼호동 477-15번지,48330,11400,0,0477,0015,1264100033947,,,,3,용도구역코드,UQQ310,제1종지구단위계획구역,1,0,,제1종지구단위계획구역,20221008
경상남도 양산시 삼호동 477-15번지,48330,11400,0,0477,0015,1264100033947,,,,3,용도구역코드,UOA120,상대보호구역,0,0,,상대정화구역,20221008
경상남도 양산시 삼호동 477-16번지,48330,11400,0,0477,0016,1264100030817,,,,1,용도지역코드,UQA121,제1종일반주거지역,1,0,,제1종일반주거지역,20221008
경상남도 양산시 삼호동 477-16번지,48330,11400,0,0477,0016,1264100030817,,,,3,용도구역코드,UQQ310,제1종지구단위계획구역,1,0,,제1종지구단위계획구역,20221008
경상남도 양산시 삼호동 477-16번지,48330,11400,0,0477,0016,1264100006591,,,,1,용도지역코드,1021,제1종일반주거지역,1,0,,제1종일반주거지역,20221008
경상남도 양산시 삼호동 477-16번지,48330,11400,0,0477,0016,1264100006591,,,,3,용도구역코드,301,제1종지구단위계획구역,1,0,,제1종지구단위계획구역,20221008
경상남도 양산시 삼호동 478-2번지,48330,11400,0,0478,0002,1264100040342,,,,1,용도지역코드,UQA121,제1종일반주거지역,1,0,,제1종일반주거지역,20221008
경상남도 양산시 삼호동 478-2번지,48330,11400,0,0478,0002,1264100040342,,,,3,용도구역코드,UQQ310,제1종지구단위계획구역,1,0,,제1종지구단위계획구역,20221008
경상남도 양산시 삼호동 478-2번지,48330,11400,0,0478,0002,1264100014074,,,,1,용도지역코드,1021,제1종일반주거지역,1,0,,제1종일반주거지역,20221008
경상남도 양산시 삼호동 478-3번지,48330,11400,0,0478,0003,1264100028231,,,,1,용도지역코드,UQA121,제1종일반주거지역,1,0,,제1종일반주거지역,20221008
경상남도 양산시 삼호동 478-3번지,48330,11400,0,0478,0003,1264100022608,,,,1,용도지역코드,UQA121,제1종일반주거지역,1,0,,제1종일반주거지역,20221008
경상남도 양산시 삼호동 478-4번지,48330,11400,0,0478,0004,12643855,,,,1,용도지역코드,1020,일반주거지역,1,0,,일반주거지역,20221008
경상남도 양산시 삼호동 478-4번지,48330,11400,0,0478,0004,12643855,,,,2,용도지구코드,160,택지개발지구,1,0,,택지개발지구,20221008
경상남도 양산시 삼호동 478-4번지,48330,11400,0,0478,0004,12643855,,,,3,용도구역코드,300,지구단위계획구역,1,0,,지구단위계획구역,20221008
경상남도 양산시 삼호동 478-6번지,48330,11400,0,0478,0006,1264100088062,,,,1,용도지역코드,UQA121,제1종일반주거지역,1,0,,제1종일반주거지역,20221008
경상남도 양산시 삼호동 478-6번지,48330,11400,0,0478,0006,1264100088062,,,,3,용도구역코드,UQQ310,제1종지구단위계획구역,1,0,,제1종지구단위계획구역,20221008
경상남도 양산시 삼호동 478-8번지,48330,11400,0,0478,0008,1264100026529,,,,1,용도지역코드,UQA121,제1종일반주거지역,1,0,,제1종일반주거지역,20221008
경상남도 양산시 삼호동 478-8번지,48330,11400,0,0478,0008,1264100026529,,,,3,용도구역코드,UQQ310,제1종지구단위계획구역,1,0,,제1종지구단위계획구역,20221008
경상남도 양산시 삼호동 478-8번지,48330,11400,0,0478,0008,1264100026529,,,,3,용도구역코드,UOA120,상대보호구역,0,0,,상대정화구역,20221008
경상남도 양산시 삼호동 478-9번지,48330,11400,0,0478,0009,1264100066904,,,,1,용도지역코드,UQA121,제1종일반주거지역,1,0,,제1종일반주거지역,20221008
경상남도 양산시 삼호동 478-9번지,48330,11400,0,0478,0009,1264100066904,,,,3,용도구역코드,UQQ310,제1종지구단위계획구역,1,0,,제1종지구단위계획구역,20221008
경상남도 양산시 삼호동 479-1번지,48330,11400,0,0479,0001,12643847,,,,1,용도지역코드,1022,제2종일반주거지역,1,0,,제2종일반주거지역,20221008
경상남도 양산시 삼호동 479-1번지,48330,11400,0,0479,0001,12643847,,,,2,용도지구코드,160,택지개발지구,1,0,,택지개발지구,20221008
경상남도 양산시 삼호동 479-1번지,48330,11400,0,0479,0001,12643847,,,,3,용도구역코드,300,지구단위계획구역,1,0,,지구단위계획구역,20221008
경상남도 양산시 삼호동 479-2번지,48330,11400,0,0479,0002,12643827,,,,1,용도지역코드,1020,일반주거지역,1,0,,일반주거지역,20221008
경상남도 양산시 삼호동 479-2번지,48330,11400,0,0479,0002,12643827,,,,2,용도지구코드,160,택지개발지구,1,0,,택지개발지구,20221008
경상남도 양산시 삼호동 479-2번지,48330,11400,0,0479,0002,12643827,,,,3,용도구역코드,140,택지개발사업구역,1,0,,택지개발사업구역,20221008
경상남도 양산시 삼호동 479-3번지,48330,11400,0,0479,0003,12648598,,,,1,용도지역코드,1021,제1종일반주거지역,1,0,,제1종일반주거지역,20221008
경상남도 양산시 삼호동 479-3번지,48330,11400,0,0479,0003,12648598,,,,3,용도구역코드,010,도시계획구역,1,0,,도시계획구역,20221008
경상남도 양산시 삼호동 479-4번지,48330,11400,0,0479,0004,1264100032969,,,,1,용도지역코드,UQA121,제1종일반주거지역,1,0,,제1종일반주거지역,20221008
경상남도 양산시 삼호동 479-4번지,48330,11400,0,0479,0004,1264100032969,,,,3,용도구역코드,UQQ310,제1종지구단위계획구역,1,0,,제1종지구단위계획구역,20221008
경상남도 양산시 삼호동 479-4번지,48330,11400,0,0479,0004,1264100006706,,,,1,용도지역코드,1021,제1종일반주거지역,1,0,,제1종일반주거지역,20221008
경상남도 양산시 삼호동 479-5번지,48330,11400,0,0479,0005,1264100032966,,,,1,용도지역코드,UQA121,제1종일반주거지역,1,0,,제1종일반주거지역,20221008
경상남도 양산시 삼호동 479-5번지,48330,11400,0,0479,0005,1264100032966,,,,3,용도구역코드,UQQ310,제1종지구단위계획구역,1,0,,제1종지구단위계획구역,20221008
경상남도 양산시 삼호동 479-5번지,48330,11400,0,0479,0005,1264100007529,,,,1,용도지역코드,1021,제1종일반주거지역,1,0,,제1종일반주거지역,20221008
경상남도 양산시 삼호동 479-6번지,48330,11400,0,0479,0006,1264100026233,,,,1,용도지역코드,UQA121,제1종일반주거지역,1,0,,제1종일반주거지역,20221008
경상남도 양산시 삼호동 479-6번지,48330,11400,0,0479,0006,1264100007545,,,,1,용도지역코드,1021,제1종일반주거지역,1,0,,제1종일반주거지역,20221008
경상남도 양산시 삼호동 479-7번지,48330,11400,0,0479,0007,1264100040543,,,,1,용도지역코드,UQA121,제1종일반주거지역,1,0,,제1종일반주거지역,20221008
경상남도 양산시 삼호동 479-7번지,48330,11400,0,0479,0007,1264100040543,,,,3,용도구역코드,UQQ310,제1종지구단위계획구역,1,0,,제1종지구단위계획구역,20221008
경상남도 양산시 삼호동 479-7번지,48330,11400,0,0479,0007,1264100040543,,,,3,용도구역코드,UOA120,상대보호구역,0,0,,상대정화구역,20221008
경상남도 양산시 삼호동 479-9번지,48330,11400,0,0479,0009,1264100052203,,,,1,용도지역코드,UQA121,제1종일반주거지역,1,0,,제1종일반주거지역,20221008
경상남도 양산시 삼호동 479-9번지,48330,11400,0,0479,0009,1264100052203,,,,3,용도구역코드,UQQ310,제1종지구단위계획구역,1,0,,제1종지구단위계획구역,20221008
경상남도 양산시 삼호동 479-10번지,48330,11400,0,0479,0010,1264100070739,,,,1,용도지역코드,UQA121,제1종일반주거지역,1,0,,제1종일반주거지역,20221008
경상남도 양산시 삼호동 479-10번지,48330,11400,0,0479,0010,1264100070739,,,,3,용도구역코드,UQQ310,제1종지구단위계획구역,1,0,,제1종지구단위계획구역,20221008
경상남도 양산시 삼호동 479-10번지,48330,11400,0,0479,0010,1264100070739,,,,3,용도구역코드,UOA120,상대보호구역,0,0,,상대정화구역,20221008
경상남도 양산시 삼호동 479-11번지,48330,11400,0,0479,0011,1264100016177,,,,1,용도지역코드,1021,제1종일반주거지역,1,0,,제1종일반주거지역,20221008
경상남도 양산시 삼호동 479-11번지,48330,11400,0,0479,0011,1264100016177,,,,2,용도지구코드,980,용도지구미지정,1,0,,용도지구미지정,20221008
경상남도 양산시 삼호동 479-11번지,48330,11400,0,0479,0011,1264100016177,,,,3,용도구역코드,301,제1종지구단위계획구역,1,0,,제1종지구단위계획구역,20221008
경상남도 양산시 삼호동 479-12번지,48330,11400,0,0479,0012,1264100030777,,,,1,용도지역코드,UQA121,제1종일반주거지역,1,0,,제1종일반주거지역,20221008
경상남도 양산시 삼호동 479-12번지,48330,11400,0,0479,0012,1264100030777,,,,3,용도구역코드,UQQ310,제1종지구단위계획구역,1,0,,제1종지구단위계획구역,20221008
경상남도 양산시 삼호동 479-12번지,48330,11400,0,0479,0012,1264100030777,,,,3,용도구역코드,UOA120,상대보호구역,0,0,,상대정화구역,20221008
경상남도 양산시 삼호동 479-14번지,48330,11400,0,0479,0014,1264100042522,,,,1,용도지역코드,UQA121,제1종일반주거지역,1,0,,제1종일반주거지역,20221008
경상남도 양산시 삼호동 479-14번지,48330,11400,0,0479,0014,1264100042522,,,,3,용도구역코드,UQQ310,제1종지구단위계획구역,1,0,,제1종지구단위계획구역,20221008
경상남도 양산시 삼호동 479-15번지,48330,11400,0,0479,0015,1264100038333,,,,1,용도지역코드,UQA121,제1종일반주거지역,1,0,,제1종일반주거지역,20221008
경상남도 양산시 삼호동 479-15번지,48330,11400,0,0479,0015,1264100038333,,,,3,용도구역코드,UQQ310,제1종지구단위계획구역,1,0,,제1종지구단위계획구역,20221008
경상남도 양산시 삼호동 479-16번지,48330,11400,0,0479,0016,1264100016678,,,,1,용도지역코드,1021,제1종일반주거지역,1,0,,제1종일반주거지역,20221008
경상남도 양산시 삼호동 479-16번지,48330,11400,0,0479,0016,1264100088825,,,,1,용도지역코드,UQA121,제1종일반주거지역,1,0,,제1종일반주거지역,20221008
경상남도 양산시 삼호동 479-16번지,48330,11400,0,0479,0016,1264100088825,,,,3,용도구역코드,UQQ310,제1종지구단위계획구역,1,0,,제1종지구단위계획구역,20221008
경상남도 양산시 삼호동 480-1번지,48330,11400,0,0480,0001,1264100066499,,,,1,용도지역코드,UQA121,제1종일반주거지역,1,0,,제1종일반주거지역,20221008
경상남도 양산시 삼호동 480-1번지,48330,11400,0,0480,0001,1264100066499,,,,3,용도구역코드,UQQ310,제1종지구단위계획구역,1,0,,제1종지구단위계획구역,20221008
경상남도 양산시 삼호동 480-2번지,48330,11400,0,0480,0002,1264100017257,,,,1,용도지역코드,1021,제1종일반주거지역,1,0,,제1종일반주거지역,20221008
경상남도 양산시 삼호동 480-2번지,48330,11400,0,0480,0002,1264100017257,,,,3,용도구역코드,301,제1종지구단위계획구역,1,0,,제1종지구단위계획구역,20221008
경상남도 양산시 삼호동 480-3번지,48330,11400,0,0480,0003,1264100019443,,,,1,용도지역코드,1021,제1종일반주거지역,1,0,,제1종일반주거지역,20221008
경상남도 양산시 삼호동 480-4번지,48330,11400,0,0480,0004,1264100018637,,,,1,용도지역코드,1021,제1종일반주거지역,1,0,,제1종일반주거지역,20221008
경상남도 양산시 삼호동 480-5번지,48330,11400,0,0480,0005,1264100022263,,,,1,용도지역코드,UQA121,제1종일반주거지역,1,0,,제1종일반주거지역,20221008
경상남도 양산시 삼호동 480-6번지,48330,11400,0,0480,0006,12644073,,,,1,용도지역코드,1022,제2종일반주거지역,1,0,,제2종일반주거지역,20221008
경상남도 양산시 삼호동 480-6번지,48330,11400,0,0480,0006,12644073,,,,2,용도지구코드,160,택지개발지구,1,0,,택지개발지구,20221008
경상남도 양산시 삼호동 480-6번지,48330,11400,0,0480,0006,12644073,,,,3,용도구역코드,300,지구단위계획구역,1,0,,지구단위계획구역,20221008
경상남도 양산시 삼호동 480-7번지,48330,11400,0,0480,0007,1264100032616,,,,1,용도지역코드,UQA121,제1종일반주거지역,1,0,,제1종일반주거지역,20221008
경상남도 양산시 삼호동 480-10번지,48330,11400,0,0480,0010,1264100069319,,,,1,용도지역코드,UQA121,제1종일반주거지역,1,0,,제1종일반주거지역,20221008
경상남도 양산시 삼호동 480-10번지,48330,11400,0,0480,0010,1264100069319,,,,3,용도구역코드,UQQ310,제1종지구단위계획구역,1,0,,제1종지구단위계획구역,20221008
경상남도 양산시 삼호동 480-13번지,48330,11400,0,0480,0013,1264100031076,,,,1,용도지역코드,UQA121,제1종일반주거지역,1,0,,제1종일반주거지역,20221008
경상남도 양산시 삼호동 480-13번지,48330,11400,0,0480,0013,1264100031076,,,,3,용도구역코드,UQQ310,제1종지구단위계획구역,1,0,,제1종지구단위계획구역,20221008
경상남도 양산시 삼호동 480-14번지,48330,11400,0,0480,0014,1264100035797,,,,1,용도지역코드,UQA121,제1종일반주거지역,1,0,,제1종일반주거지역,20221008
경상남도 양산시 삼호동 480-14번지,48330,11400,0,0480,0014,1264100035797,,,,3,용도구역코드,UQQ310,제1종지구단위계획구역,1,0,,제1종지구단위계획구역,20221008
경상남도 양산시 삼호동 480-15번지,48330,11400,0,0480,0015,1264100037292,,,,1,용도지역코드,UQA121,제1종일반주거지역,1,0,,제1종일반주거지역,20221008
경상남도 양산시 삼호동 480-15번지,48330,11400,0,0480,0015,1264100037292,,,,3,용도구역코드,UQQ310,제1종지구단위계획구역,1,0,,제1종지구단위계획구역,20221008
경상남도 양산시 삼호동 480-16번지,48330,11400,0,0480,0016,1264100019236,,,,1,용도지역코드,1021,제1종일반주거지역,1,0,,제1종일반주거지역,20221008
경상남도 양산시 삼호동 481-5번지,48330,11400,0,0481,0005,12649102,,,,1,용도지역코드,1021,제1종일반주거지역,1,0,,제1종일반주거지역,20221008
경상남도 양산시 삼호동 481-5번지,48330,11400,0,0481,0005,12649102,,,,2,용도지구코드,160,택지개발지구,1,0,,택지개발지구,20221008
경상남도 양산시 삼호동 481-5번지,48330,11400,0,0481,0005,12649102,,,,3,용도구역코드,301,제1종지구단위계획구역,1,0,,제1종지구단위계획구역,20221008
경상남도 양산시 삼호동 481-6번지,48330,11400,0,0481,0006,1264100082400,,,,1,용도지역코드,UQA121,제1종일반주거지역,1,0,,제1종일반주거지역,20221008
경상남도 양산시 삼호동 481-6번지,48330,11400,0,0481,0006,1264100082400,,,,3,용도구역코드,UQQ310,제1종지구단위계획구역,1,0,,제1종지구단위계획구역,20221008
경상남도 양산시 삼호동 481-6번지,48330,11400,0,0481,0006,12649103,,,,1,용도지역코드,1021,제1종일반주거지역,1,0,,제1종일반주거지역,20221008
경상남도 양산시 삼호동 481-6번지,48330,11400,0,0481,0006,12649103,,,,2,용도지구코드,160,택지개발지구,1,0,,택지개발지구,20221008
경상남도 양산시 삼호동 481-6번지,48330,11400,0,0481,0006,12649103,,,,3,용도구역코드,301,제1종지구단위계획구역,1,0,,제1종지구단위계획구역,20221008
경상남도 양산시 삼호동 481-7번지,48330,11400,0,0481,0007,1264100022470,,,,1,용도지역코드,UQA121,제1종일반주거지역,1,0,,제1종일반주거지역,20221008
경상남도 양산시 삼호동 481-8번지,48330,11400,0,0481,0008,1264100023707,,,,1,용도지역코드,UQA121,제1종일반주거지역,1,0,,제1종일반주거지역,20221008
경상남도 양산시 삼호동 481-11번지,48330,11400,0,0481,0011,1264100082102,,,,1,용도지역코드,UQA121,제1종일반주거지역,1,0,,제1종일반주거지역,20221008
경상남도 양산시 삼호동 481-11번지,48330,11400,0,0481,0011,1264100082102,,,,3,용도구역코드,UQQ310,제1종지구단위계획구역,1,0,,제1종지구단위계획구역,20221008
경상남도 양산시 삼호동 481-13번지,48330,11400,0,0481,0013,12644609,,,,1,용도지역코드,1022,제2종일반주거지역,1,0,,제2종일반주거지역,20221008
경상남도 양산시 삼호동 481-13번지,48330,11400,0,0481,0013,12644609,,,,2,용도지구코드,160,택지개발지구,1,0,,택지개발지구,20221008
경상남도 양산시 삼호동 481-13번지,48330,11400,0,0481,0013,12644609,,,,3,용도구역코드,300,지구단위계획구역,1,0,,지구단위계획구역,20221008
경상남도 양산시 삼호동 481-14번지,48330,11400,0,0481,0014,1264100037093,,,,1,용도지역코드,UQA121,제1종일반주거지역,1,0,,제1종일반주거지역,20221008
경상남도 양산시 삼호동 481-14번지,48330,11400,0,0481,0014,1264100037093,,,,3,용도구역코드,UQQ310,제1종지구단위계획구역,1,0,,제1종지구단위계획구역,20221008
경상남도 양산시 삼호동 481-16번지,48330,11400,0,0481,0016,12643925,,,,1,용도지역코드,1020,일반주거지역,1,0,,일반주거지역,20221008
경상남도 양산시 삼호동 481-16번지,48330,11400,0,0481,0016,12643925,,,,2,용도지구코드,160,택지개발지구,1,0,,택지개발지구,20221008
경상남도 양산시 삼호동 481-16번지,48330,11400,0,0481,0016,12643925,,,,3,용도구역코드,300,지구단위계획구역,1,0,,지구단위계획구역,20221008
경상남도 양산시 삼호동 482번지,48330,11400,0,0482,0000,1000000000000000400608,,,,3,용도구역코드,UOA120,상대보호구역,0,0,,상대보호구역,20240129
경상남도 양산시 삼호동 482번지,48330,11400,0,0482,0000,1000000000000000400608,,,,1,용도지역코드,UIJ999,주차장기타,0,0,,주차장기타,20240129
경상남도 양산시 삼호동 482번지,48330,11400,0,0482,0000,1000000000000000400608,,,,3,용도구역코드,UMZ100,가축사육제한구역,0,0,,가축사육제한구역,20240129
경상남도 양산시 삼호동 482번지,48330,11400,0,0482,0000,1000000000000000400608,,,,3,용도구역코드,UQQ310,제1종지구단위계획구역,1,0,,제1종지구단위계획구역,20240129
경상남도 양산시 삼호동 482번지,48330,11400,0,0482,0000,1000000000000000400608,,,,1,용도지역코드,UQA121,제1종일반주거지역,1,0,,제1종일반주거지역,20240129
경상남도 양산시 삼호동 482번지,48330,11400,0,0482,0000,1264100011035,,,,1,용도지역코드,1021,제1종일반주거지역,1,0,,제1종일반주거지역,20221008
경상남도 양산시 삼호동 482번지,48330,11400,0,0482,0000,1264100011035,,,,3,용도구역코드,301,제1종지구단위계획구역,1,0,,제1종지구단위계획구역,20221008
경상남도 양산시 삼호동 484-1번지,48330,11400,0,0484,0001,1264100054749,,,,1,용도지역코드,UQA121,제1종일반주거지역,1,0,,제1종일반주거지역,20221008
경상남도 양산시 삼호동 484-1번지,48330,11400,0,0484,0001,1264100054749,,,,3,용도구역코드,UQQ310,제1종지구단위계획구역,1,0,,제1종지구단위계획구역,20221008
경상남도 양산시 삼호동 484-2번지,48330,11400,0,0484,0002,12645647,,,,1,용도지역코드,1022,제2종일반주거지역,1,0,,제2종일반주거지역,20221008
경상남도 양산시 삼호동 484-2번지,48330,11400,0,0484,0002,12645647,,,,2,용도지구코드,160,택지개발지구,1,0,,택지개발지구,20221008
경상남도 양산시 삼호동 484-2번지,48330,11400,0,0484,0002,12645647,,,,3,용도구역코드,301,제1종지구단위계획구역,1,0,,제1종지구단위계획구역,20221008
경상남도 양산시 삼호동 484-4번지,48330,11400,0,0484,0004,12649036,,,,1,용도지역코드,1021,제1종일반주거지역,1,0,,제1종일반주거지역,20221008
경상남도 양산시 삼호동 484-4번지,48330,11400,0,0484,0004,12649036,,,,2,용도지구코드,160,택지개발지구,1,0,,택지개발지구,20221008
경상남도 양산시 삼호동 484-4번지,48330,11400,0,0484,0004,12649036,,,,3,용도구역코드,301,제1종지구단위계획구역,1,0,,제1종지구단위계획구역,20221008
경상남도 양산시 삼호동 484-5번지,48330,11400,0,0484,0005,12643969,,,,1,용도지역코드,1020,일반주거지역,1,0,,일반주거지역,20221008
경상남도 양산시 삼호동 484-5번지,48330,11400,0,0484,0005,12643969,,,,2,용도지구코드,160,택지개발지구,1,0,,택지개발지구,20221008
경상남도 양산시 삼호동 484-5번지,48330,11400,0,0484,0005,12643969,,,,3,용도구역코드,300,지구단위계획구역,1,0,,지구단위계획구역,20221008
경상남도 양산시 삼호동 484-6번지,48330,11400,0,0484,0006,1264100061419,,,,1,용도지역코드,UQA121,제1종일반주거지역,1,0,,제1종일반주거지역,20221008
경상남도 양산시 삼호동 484-8번지,48330,11400,0,0484,0008,12644984,,,,1,용도지역코드,1022,제2종일반주거지역,1,0,,제2종일반주거지역,20221008
경상남도 양산시 삼호동 484-8번지,48330,11400,0,0484,0008,12644984,,,,2,용도지구코드,160,택지개발지구,1,0,,택지개발지구,20221008
경상남도 양산시 삼호동 484-8번지,48330,11400,0,0484,0008,12644984,,,,3,용도구역코드,300,지구단위계획구역,1,0,,지구단위계획구역,20221008
경상남도 양산시 삼호동 484-9번지,48330,11400,0,0484,0009,1264100025414,,,,1,용도지역코드,UQA121,제1종일반주거지역,1,0,,제1종일반주거지역,20221008
경상남도 양산시 삼호동 484-9번지,48330,11400,0,0484,0009,1264100025414,,,,3,용도구역코드,UQQ310,제1종지구단위계획구역,1,0,,제1종지구단위계획구역,20221008
경상남도 양산시 삼호동 484-10번지,48330,11400,0,0484,0010,1264100025229,,,,1,용도지역코드,UQA121,제1종일반주거지역,1,0,,제1종일반주거지역,20221008
경상남도 양산시 삼호동 484-10번지,48330,11400,0,0484,0010,1264100025229,,,,3,용도구역코드,UOA120,상대보호구역,1,0,,상대정화구역,20221008
경상남도 양산시 삼호동 484-10번지,48330,11400,0,0484,0010,1264100025229,,,,3,용도구역코드,UQQ310,제1종지구단위계획구역,0,0,,제1종지구단위계획구역,20221008
경상남도 양산시 삼호동 484-11번지,48330,11400,0,0484,0011,1264100085441,,,,1,용도지역코드,UQA121,제1종일반주거지역,1,0,,제1종일반주거지역,20221008
경상남도 양산시 삼호동 484-11번지,48330,11400,0,0484,0011,1264100085441,,,,3,용도구역코드,UQQ310,제1종지구단위계획구역,1,0,,제1종지구단위계획구역,20221008
경상남도 양산시 삼호동 484-11번지,48330,11400,0,0484,0011,1264100085441,,,,3,용도구역코드,UOA120,상대보호구역,0,0,,상대정화구역,20221008
경상남도 양산시 삼호동 484-12번지,48330,11400,0,0484,0012,1264100110039,,,,1,용도지역코드,UQA121,제1종일반주거지역,1,0,,제1종일반주거지역,20221008
경상남도 양산시 삼호동 484-12번지,48330,11400,0,0484,0012,1264100110039,,,,3,용도구역코드,UQQ310,제1종지구단위계획구역,1,0,,제1종지구단위계획구역,20221008
경상남도 양산시 삼호동 484-13번지,48330,11400,0,0484,0013,12645261,,,,1,용도지역코드,1022,제2종일반주거지역,1,0,,제2종일반주거지역,20221008
경상남도 양산시 삼호동 484-13번지,48330,11400,0,0484,0013,12645261,,,,2,용도지구코드,160,택지개발지구,1,0,,택지개발지구,20221008
경상남도 양산시 삼호동 484-13번지,48330,11400,0,0484,0013,12645261,,,,3,용도구역코드,300,지구단위계획구역,1,0,,지구단위계획구역,20221008
경상남도 양산시 삼호동 484-14번지,48330,11400,0,0484,0014,1264100099473,,,,1,용도지역코드,UQA121,제1종일반주거지역,1,0,,제1종일반주거지역,20221008
경상남도 양산시 삼호동 484-14번지,48330,11400,0,0484,0014,1264100099473,,,,3,용도구역코드,UQQ310,제1종지구단위계획구역,1,0,,제1종지구단위계획구역,20221008
경상남도 양산시 삼호동 484-16번지,48330,11400,0,0484,0016,12645369,,,,1,용도지역코드,1022,제2종일반주거지역,1,0,,제2종일반주거지역,20221008
경상남도 양산시 삼호동 484-16번지,48330,11400,0,0484,0016,12645369,,,,2,용도지구코드,160,택지개발지구,1,0,,택지개발지구,20221008
경상남도 양산시 삼호동 484-16번지,48330,11400,0,0484,0016,12645369,,,,3,용도구역코드,300,지구단위계획구역,1,0,,지구단위계획구역,20221008
경상남도 양산시 삼호동 484-16번지,48330,11400,0,0484,0016,1264100038012,,,,1,용도지역코드,UQA121,제1종일반주거지역,1,0,,제1종일반주거지역,20221008
경상남도 양산시 삼호동 484-18번지,48330,11400,0,0484,0018,1264100005325,,,,1,용도지역코드,1021,제1종일반주거지역,1,0,,제1종일반주거지역,20221008
경상남도 양산시 삼호동 484-18번지,48330,11400,0,0484,0018,1264100005325,,,,3,용도구역코드,301,제1종지구단위계획구역,1,0,,제1종지구단위계획구역,20221008
경상남도 양산시 삼호동 484-18번지,48330,11400,0,0484,0018,12646994,,,,1,용도지역코드,1021,제1종일반주거지역,1,0,,제1종일반주거지역,20221008
경상남도 양산시 삼호동 484-18번지,48330,11400,0,0484,0018,12646994,,,,3,용도구역코드,300,지구단위계획구역,1,0,,지구단위계획구역,20221008
경상남도 양산시 삼호동 484-19번지,48330,11400,0,0484,0019,1264100037436,,,,1,용도지역코드,UQA121,제1종일반주거지역,1,0,,제1종일반주거지역,20221008
경상남도 양산시 삼호동 484-20번지,48330,11400,0,0484,0020,12645914,,,,1,용도지역코드,1021,제1종일반주거지역,1,0,,제1종일반주거지역,20221008
경상남도 양산시 삼호동 484-20번지,48330,11400,0,0484,0020,12645914,,,,3,용도구역코드,301,제1종지구단위계획구역,1,0,,제1종지구단위계획구역,20221008
경상남도 양산시 삼호동 484-21번지,48330,11400,0,0484,0021,12645884,,,,1,용도지역코드,1022,제2종일반주거지역,1,0,,제2종일반주거지역,20221008
경상남도 양산시 삼호동 484-21번지,48330,11400,0,0484,0021,12645884,,,,3,용도구역코드,301,제1종지구단위계획구역,1,0,,제1종지구단위계획구역,20221008
경상남도 양산시 삼호동 484-22번지,48330,11400,0,0484,0022,1264100041963,,,,1,용도지역코드,UQA121,제1종일반주거지역,1,0,,제1종일반주거지역,20221008
경상남도 양산시 삼호동 485-1번지,48330,11400,0,0485,0001,1264100024231,,,,1,용도지역코드,UQA121,제1종일반주거지역,1,0,,제1종일반주거지역,20221008
경상남도 양산시 삼호동 485-1번지,48330,11400,0,0485,0001,1264100016395,,,,1,용도지역코드,1021,제1종일반주거지역,1,0,,제1종일반주거지역,20221008
경상남도 양산시 삼호동 485-2번지,48330,11400,0,0485,0002,1264100088084,,,,1,용도지역코드,UQA121,제1종일반주거지역,1,0,,제1종일반주거지역,20221008
경상남도 양산시 삼호동 485-2번지,48330,11400,0,0485,0002,1264100088084,,,,3,용도구역코드,UQQ300,지구단위계획구역,1,0,,지구단위계획구역,20221008
경상남도 양산시 삼호동 485-4번지,48330,11400,0,0485,0004,1264100064181,,,,1,용도지역코드,UQA121,제1종일반주거지역,1,0,,제1종일반주거지역,20221008
경상남도 양산시 삼호동 485-4번지,48330,11400,0,0485,0004,1264100064181,,,,3,용도구역코드,UQQ310,제1종지구단위계획구역,1,0,,제1종지구단위계획구역,20221008
경상남도 양산시 삼호동 485-4번지,48330,11400,0,0485,0004,1264100064181,,,,3,용도구역코드,UOA120,상대보호구역,0,0,,상대정화구역,20221008
경상남도 양산시 삼호동 485-5번지,48330,11400,0,0485,0005,12649067,,,,1,용도지역코드,1021,제1종일반주거지역,1,0,,제1종일반주거지역,20221008
경상남도 양산시 삼호동 485-5번지,48330,11400,0,0485,0005,12649067,,,,2,용도지구코드,160,택지개발지구,1,0,,택지개발지구,20221008
경상남도 양산시 삼호동 485-5번지,48330,11400,0,0485,0005,12649067,,,,3,용도구역코드,301,제1종지구단위계획구역,1,0,,제1종지구단위계획구역,20221008
경상남도 양산시 삼호동 485-5번지,48330,11400,0,0485,0005,12648797,,,,1,용도지역코드,1021,제1종일반주거지역,1,0,,제1종일반주거지역,20221008
경상남도 양산시 삼호동 485-5번지,48330,11400,0,0485,0005,12648797,,,,3,용도구역코드,301,제1종지구단위계획구역,1,0,,제1종지구단위계획구역,20221008
경상남도 양산시 삼호동 485-7번지,48330,11400,0,0485,0007,12645534,,,,1,용도지역코드,1022,제2종일반주거지역,1,0,,제2종일반주거지역,20221008
경상남도 양산시 삼호동 485-7번지,48330,11400,0,0485,0007,12645534,,,,3,용도구역코드,300,지구단위계획구역,1,0,,지구단위계획구역,20221008
경상남도 양산시 삼호동 485-9번지,48330,11400,0,0485,0009,12643120,,,,1,용도지역코드,1020,일반주거지역,1,0,,일반주거지역,20221008
경상남도 양산시 삼호동 485-9번지,48330,11400,0,0485,0009,12643120,,,,3,용도구역코드,050,상세계획구역,1,0,,상세계획구역,20221008
경상남도 양산시 삼호동 485-10번지,48330,11400,0,0485,0010,1264100040545,,,,1,용도지역코드,UQA121,제1종일반주거지역,1,0,,제1종일반주거지역,20221008
경상남도 양산시 삼호동 485-11번지,48330,11400,0,0485,0011,1264100084382,,,,1,용도지역코드,UQA121,제1종일반주거지역,1,0,,제1종일반주거지역,20221008
경상남도 양산시 삼호동 485-11번지,48330,11400,0,0485,0011,1264100084382,,,,3,용도구역코드,UQQ310,제1종지구단위계획구역,1,0,,제1종지구단위계획구역,20221008
경상남도 양산시 삼호동 485-11번지,48330,11400,0,0485,0011,1264100084382,,,,3,용도구역코드,UOA120,상대보호구역,0,0,,상대정화구역,20221008
경상남도 양산시 삼호동 485-12번지,48330,11400,0,0485,0012,1264100038233,,,,1,용도지역코드,UQA121,제1종일반주거지역,1,0,,제1종일반주거지역,20221008
경상남도 양산시 삼호동 485-13번지,48330,11400,0,0485,0013,1264100025470,,,,1,용도지역코드,UQA121,제1종일반주거지역,1,0,,제1종일반주거지역,20221008
경상남도 양산시 삼호동 485-13번지,48330,11400,0,0485,0013,1264100025470,,,,3,용도구역코드,UQQ310,제1종지구단위계획구역,1,0,,제1종지구단위계획구역,20221008
경상남도 양산시 삼호동 485-13번지,48330,11400,0,0485,0013,1264100025470,,,,3,용도구역코드,UOA110,절대정화구역,0,0,,절대정화구역,20221008
경상남도 양산시 삼호동 485-14번지,48330,11400,0,0485,0014,12648685,,,,1,용도지역코드,1021,제1종일반주거지역,1,0,,제1종일반주거지역,20221008
경상남도 양산시 삼호동 485-14번지,48330,11400,0,0485,0014,12648685,,,,3,용도구역코드,301,제1종지구단위계획구역,1,0,,제1종지구단위계획구역,20221008
경상남도 양산시 삼호동 485-15번지,48330,11400,0,0485,0015,1264100052188,,,,1,용도지역코드,UQA121,제1종일반주거지역,1,0,,제1종일반주거지역,20221008
경상남도 양산시 삼호동 485-15번지,48330,11400,0,0485,0015,1264100052188,,,,3,용도구역코드,UQQ310,제1종지구단위계획구역,1,0,,제1종지구단위계획구역,20221008
경상남도 양산시 삼호동 485-16번지,48330,11400,0,0485,0016,1264100042103,,,,1,용도지역코드,UQA121,제1종일반주거지역,1,0,,제1종일반주거지역,20221008
경상남도 양산시 삼호동 485-16번지,48330,11400,0,0485,0016,1264100042103,,,,3,용도구역코드,UQQ310,제1종지구단위계획구역,1,0,,제1종지구단위계획구역,20221008
경상남도 양산시 삼호동 486-1번지,48330,11400,0,0486,0001,1264100051588,,,,1,용도지역코드,UQA121,제1종일반주거지역,1,0,,제1종일반주거지역,20221008
경상남도 양산시 삼호동 486-1번지,48330,11400,0,0486,0001,1264100051588,,,,3,용도구역코드,UQQ310,제1종지구단위계획구역,1,0,,제1종지구단위계획구역,20221008
경상남도 양산시 삼호동 486-1번지,48330,11400,0,0486,0001,12645213,,,,1,용도지역코드,1022,제2종일반주거지역,1,0,,제2종일반주거지역,20221008
경상남도 양산시 삼호동 486-1번지,48330,11400,0,0486,0001,12645213,,,,2,용도지구코드,160,택지개발지구,1,0,,택지개발지구,20221008
경상남도 양산시 삼호동 486-1번지,48330,11400,0,0486,0001,12645213,,,,3,용도구역코드,300,지구단위계획구역,1,0,,지구단위계획구역,20221008
경상남도 양산시 삼호동 486-1번지,48330,11400,0,0486,0001,1264100064239,,,,1,용도지역코드,UQA121,제1종일반주거지역,1,0,,제1종일반주거지역,20221008
경상남도 양산시 삼호동 486-1번지,48330,11400,0,0486,0001,1264100064239,,,,3,용도구역코드,UQQ310,제1종지구단위계획구역,1,0,,제1종지구단위계획구역,20221008
경상남도 양산시 삼호동 486-2번지,48330,11400,0,0486,0002,1264100057469,,,,1,용도지역코드,UQA121,제1종일반주거지역,1,0,,제1종일반주거지역,20221008
경상남도 양산시 삼호동 486-2번지,48330,11400,0,0486,0002,1264100057469,,,,3,용도구역코드,UOA120,상대보호구역,1,0,,상대정화구역,20221008
경상남도 양산시 삼호동 486-3번지,48330,11400,0,0486,0003,1264100051187,,,,1,용도지역코드,UQA121,제1종일반주거지역,1,0,,제1종일반주거지역,20221008
경상남도 양산시 삼호동 486-3번지,48330,11400,0,0486,0003,1264100051187,,,,3,용도구역코드,UQQ310,제1종지구단위계획구역,1,0,,제1종지구단위계획구역,20221008
경상남도 양산시 삼호동 486-4번지,48330,11400,0,0486,0004,1264100084084,,,,1,용도지역코드,UQA121,제1종일반주거지역,1,0,,제1종일반주거지역,20221008
경상남도 양산시 삼호동 486-4번지,48330,11400,0,0486,0004,1264100084084,,,,3,용도구역코드,UQQ310,제1종지구단위계획구역,1,0,,제1종지구단위계획구역,20221008
경상남도 양산시 삼호동 486-5번지,48330,11400,0,0486,0005,1264100032617,,,,1,용도지역코드,UQA121,제1종일반주거지역,1,0,,제1종일반주거지역,20221008
경상남도 양산시 삼호동 486-5번지,48330,11400,0,0486,0005,1264100032617,,,,3,용도구역코드,UQQ310,제1종지구단위계획구역,1,0,,제1종지구단위계획구역,20221008
경상남도 양산시 삼호동 486-5번지,48330,11400,0,0486,0005,1264100032617,,,,3,용도구역코드,UOA120,상대보호구역,0,0,,상대정화구역,20221008
경상남도 양산시 삼호동 486-5번지,48330,11400,0,0486,0005,1264100032617,,,,3,용도구역코드,UOA110,절대정화구역,0,0,,절대정화구역,20221008
경상남도 양산시 삼호동 486-6번지,48330,11400,0,0486,0006,1264100042222,,,,1,용도지역코드,UQA121,제1종일반주거지역,1,0,,제1종일반주거지역,20221008
경상남도 양산시 삼호동 486-6번지,48330,11400,0,0486,0006,1264100042222,,,,3,용도구역코드,UQQ310,제1종지구단위계획구역,1,0,,제1종지구단위계획구역,20221008
경상남도 양산시 삼호동 486-7번지,48330,11400,0,0486,0007,12648667,,,,1,용도지역코드,1021,제1종일반주거지역,1,0,,제1종일반주거지역,20221008
경상남도 양산시 삼호동 486-7번지,48330,11400,0,0486,0007,12648667,,,,2,용도지구코드,160,택지개발지구,1,0,,택지개발지구,20221008
경상남도 양산시 삼호동 486-7번지,48330,11400,0,0486,0007,12648667,,,,3,용도구역코드,301,제1종지구단위계획구역,1,0,,제1종지구단위계획구역,20221008
경상남도 양산시 삼호동 487-2번지,48330,11400,0,0487,0002,12646363,,,,1,용도지역코드,1021,제1종일반주거지역,1,0,,제1종일반주거지역,20221008
경상남도 양산시 삼호동 487-2번지,48330,11400,0,0487,0002,12646363,,,,3,용도구역코드,300,지구단위계획구역,1,0,,지구단위계획구역,20221008
경상남도 양산시 삼호동 487-3번지,48330,11400,0,0487,0003,1000000000000000594371,,,,3,용도구역코드,UOA120,상대보호구역,0,0,,상대보호구역,20260320
경상남도 양산시 삼호동 487-3번지,48330,11400,0,0487,0003,1000000000000000594371,,,,1,용도지역코드,UQA121,제1종일반주거지역,1,0,,제1종일반주거지역,20260320
경상남도 양산시 삼호동 487-3번지,48330,11400,0,0487,0003,1000000000000000594371,,,,3,용도구역코드,UMZ100,가축사육제한구역,0,0,,가축사육제한구역,20260320
경상남도 양산시 삼호동 487-3번지,48330,11400,0,0487,0003,1000000000000000594371,,,,3,용도구역코드,UQQ310,제1종지구단위계획구역,1,0,,제1종지구단위계획구역,20260320
경상남도 양산시 삼호동 487-6번지,48330,11400,0,0487,0006,1264100087341,,,,1,용도지역코드,UQA121,제1종일반주거지역,1,0,,제1종일반주거지역,20221008
경상남도 양산시 삼호동 487-6번지,48330,11400,0,0487,0006,1264100087341,,,,3,용도구역코드,UQQ310,제1종지구단위계획구역,1,0,,제1종지구단위계획구역,20221008
경상남도 양산시 삼호동 487-6번지,48330,11400,0,0487,0006,1264100087341,,,,3,용도구역코드,UOA120,상대보호구역,0,0,,상대정화구역,20221008
경상남도 양산시 삼호동 487-7번지,48330,11400,0,0487,0007,1264100097806,,,,1,용도지역코드,UQA121,제1종일반주거지역,1,0,,제1종일반주거지역,20221008
경상남도 양산시 삼호동 487-7번지,48330,11400,0,0487,0007,1264100097806,,,,3,용도구역코드,UQQ310,제1종지구단위계획구역,1,0,,제1종지구단위계획구역,20221008
경상남도 양산시 삼호동 487-9번지,48330,11400,0,0487,0009,12645734,,,,1,용도지역코드,1022,제2종일반주거지역,1,0,,제2종일반주거지역,20221008
경상남도 양산시 삼호동 487-9번지,48330,11400,0,0487,0009,12645734,,,,2,용도지구코드,160,택지개발지구,1,0,,택지개발지구,20221008
경상남도 양산시 삼호동 487-9번지,48330,11400,0,0487,0009,12645734,,,,3,용도구역코드,301,제1종지구단위계획구역,1,0,,제1종지구단위계획구역,20221008
경상남도 양산시 삼호동 487-9번지,48330,11400,0,0487,0009,1264100102053,,,,1,용도지역코드,UQA121,제1종일반주거지역,1,0,,제1종일반주거지역,20221008
경상남도 양산시 삼호동 487-9번지,48330,11400,0,0487,0009,1264100102053,,,,3,용도구역코드,UQQ310,제1종지구단위계획구역,1,0,,제1종지구단위계획구역,20221008
경상남도 양산시 삼호동 487-11번지,48330,11400,0,0487,0011,1264100079799,,,,1,용도지역코드,UQA121,제1종일반주거지역,1,0,,제1종일반주거지역,20221008
경상남도 양산시 삼호동 487-11번지,48330,11400,0,0487,0011,1264100079799,,,,3,용도구역코드,UQQ310,제1종지구단위계획구역,1,0,,제1종지구단위계획구역,20221008
경상남도 양산시 삼호동 487-12번지,48330,11400,0,0487,0012,12644564,,,,1,용도지역코드,1022,제2종일반주거지역,1,0,,제2종일반주거지역,20221008
경상남도 양산시 삼호동 487-12번지,48330,11400,0,0487,0012,12644564,,,,2,용도지구코드,160,택지개발지구,1,0,,택지개발지구,20221008
경상남도 양산시 삼호동 487-12번지,48330,11400,0,0487,0012,12644564,,,,3,용도구역코드,301,제1종지구단위계획구역,1,0,,제1종지구단위계획구역,20221008
경상남도 양산시 삼호동 487-13번지,48330,11400,0,0487,0013,12643907,,,,1,용도지역코드,1022,제2종일반주거지역,1,0,,제2종일반주거지역,20221008
경상남도 양산시 삼호동 487-13번지,48330,11400,0,0487,0013,12643907,,,,2,용도지구코드,160,택지개발지구,1,0,,택지개발지구,20221008
경상남도 양산시 삼호동 487-13번지,48330,11400,0,0487,0013,12643907,,,,3,용도구역코드,300,지구단위계획구역,1,0,,지구단위계획구역,20221008
경상남도 양산시 삼호동 487-14번지,48330,11400,0,0487,0014,12643886,,,,1,용도지역코드,1020,일반주거지역,1,0,,일반주거지역,20221008
경상남도 양산시 삼호동 487-14번지,48330,11400,0,0487,0014,12643886,,,,2,용도지구코드,160,택지개발지구,1,0,,택지개발지구,20221008
경상남도 양산시 삼호동 487-14번지,48330,11400,0,0487,0014,12643886,,,,3,용도구역코드,990,기타구역,1,0,,기타구역,20221008
경상남도 양산시 삼호동 487-15번지,48330,11400,0,0487,0015,12643868,,,,1,용도지역코드,1020,일반주거지역,1,0,,일반주거지역,20221008
경상남도 양산시 삼호동 487-15번지,48330,11400,0,0487,0015,12643868,,,,2,용도지구코드,160,택지개발지구,1,0,,택지개발지구,20221008
경상남도 양산시 삼호동 487-16번지,48330,11400,0,0487,0016,12645026,,,,1,용도지역코드,1022,제2종일반주거지역,1,0,,제2종일반주거지역,20221008
경상남도 양산시 삼호동 487-16번지,48330,11400,0,0487,0016,12645026,,,,2,용도지구코드,160,택지개발지구,1,0,,택지개발지구,20221008
경상남도 양산시 삼호동 487-16번지,48330,11400,0,0487,0016,12645026,,,,3,용도구역코드,300,지구단위계획구역,1,0,,지구단위계획구역,20221008
경상남도 양산시 삼호동 487-17번지,48330,11400,0,0487,0017,12645025,,,,1,용도지역코드,1022,제2종일반주거지역,1,0,,제2종일반주거지역,20221008
경상남도 양산시 삼호동 487-17번지,48330,11400,0,0487,0017,12645025,,,,2,용도지구코드,160,택지개발지구,1,0,,택지개발지구,20221008
경상남도 양산시 삼호동 487-17번지,48330,11400,0,0487,0017,12645025,,,,3,용도구역코드,300,지구단위계획구역,1,0,,지구단위계획구역,20221008
경상남도 양산시 삼호동 487-18번지,48330,11400,0,0487,0018,12643921,,,,1,용도지역코드,1020,일반주거지역,1,0,,일반주거지역,20221008
경상남도 양산시 삼호동 487-18번지,48330,11400,0,0487,0018,12643921,,,,2,용도지구코드,160,택지개발지구,1,0,,택지개발지구,20221008
경상남도 양산시 삼호동 487-18번지,48330,11400,0,0487,0018,12643921,,,,3,용도구역코드,300,지구단위계획구역,1,0,,지구단위계획구역,20221008
경상남도 양산시 삼호동 487-19번지,48330,11400,0,0487,0019,12643922,,,,1,용도지역코드,1020,일반주거지역,1,0,,일반주거지역,20221008
경상남도 양산시 삼호동 487-19번지,48330,11400,0,0487,0019,12643922,,,,2,용도지구코드,160,택지개발지구,1,0,,택지개발지구,20221008
경상남도 양산시 삼호동 487-19번지,48330,11400,0,0487,0019,12643922,,,,3,용도구역코드,300,지구단위계획구역,1,0,,지구단위계획구역,20221008
경상남도 양산시 삼호동 487-20번지,48330,11400,0,0487,0020,12649028,,,,1,용도지역코드,1021,제1종일반주거지역,1,0,,제1종일반주거지역,20221008
경상남도 양산시 삼호동 487-20번지,48330,11400,0,0487,0020,12649028,,,,2,용도지구코드,160,택지개발지구,1,0,,택지개발지구,20221008
경상남도 양산시 삼호동 487-20번지,48330,11400,0,0487,0020,12649028,,,,3,용도구역코드,301,제1종지구단위계획구역,1,0,,제1종지구단위계획구역,20221008
경상남도 양산시 삼호동 487-21번지,48330,11400,0,0487,0021,1264100023709,,,,1,용도지역코드,UQA121,제1종일반주거지역,1,0,,제1종일반주거지역,20221008
경상남도 양산시 삼호동 487-22번지,48330,11400,0,0487,0022,1264100040308,,,,1,용도지역코드,UQA121,제1종일반주거지역,1,0,,제1종일반주거지역,20221008
경상남도 양산시 삼호동 487-22번지,48330,11400,0,0487,0022,1264100040308,,,,3,용도구역코드,UQQ310,제1종지구단위계획구역,1,0,,제1종지구단위계획구역,20221008
경상남도 양산시 삼호동 488-2번지,48330,11400,0,0488,0002,1264100004546,,,,1,용도지역코드,1021,제1종일반주거지역,1,0,,제1종일반주거지역,20221008
경상남도 양산시 삼호동 488-2번지,48330,11400,0,0488,0002,1264100004546,,,,3,용도구역코드,301,제1종지구단위계획구역,1,0,,제1종지구단위계획구역,20221008
경상남도 양산시 삼호동 488-2번지,48330,11400,0,0488,0002,1264100035312,,,,1,용도지역코드,UQA121,제1종일반주거지역,1,0,,제1종일반주거지역,20221008
경상남도 양산시 삼호동 488-2번지,48330,11400,0,0488,0002,1264100035312,,,,3,용도구역코드,UQQ310,제1종지구단위계획구역,1,0,,제1종지구단위계획구역,20221008
경상남도 양산시 삼호동 488-3번지,48330,11400,0,0488,0003,1264100033684,,,,1,용도지역코드,UQA121,제1종일반주거지역,1,0,,제1종일반주거지역,20221008
경상남도 양산시 삼호동 488-4번지,48330,11400,0,0488,0004,1264100037496,,,,1,용도지역코드,UQA121,제1종일반주거지역,1,0,,제1종일반주거지역,20221008
경상남도 양산시 삼호동 488-5번지,48330,11400,0,0488,0005,1264100025891,,,,1,용도지역코드,UQA121,제1종일반주거지역,1,0,,제1종일반주거지역,20221008
경상남도 양산시 삼호동 488-5번지,48330,11400,0,0488,0005,1264100025891,,,,3,용도구역코드,UOA120,상대보호구역,1,0,,상대정화구역,20221008
경상남도 양산시 삼호동 488-5번지,48330,11400,0,0488,0005,1264100025891,,,,3,용도구역코드,UQQ310,제1종지구단위계획구역,0,0,,제1종지구단위계획구역,20221008
경상남도 양산시 삼호동 488-5번지,48330,11400,0,0488,0005,1264100029971,,,,1,용도지역코드,UQA121,제1종일반주거지역,1,0,,제1종일반주거지역,20221008
경상남도 양산시 삼호동 488-5번지,48330,11400,0,0488,0005,1264100029971,,,,3,용도구역코드,UQQ310,제1종지구단위계획구역,1,0,,제1종지구단위계획구역,20221008
경상남도 양산시 삼호동 488-6번지,48330,11400,0,0488,0006,12646995,,,,1,용도지역코드,1021,제1종일반주거지역,1,0,,제1종일반주거지역,20221008
경상남도 양산시 삼호동 488-6번지,48330,11400,0,0488,0006,12646995,,,,3,용도구역코드,300,지구단위계획구역,1,0,,지구단위계획구역,20221008
경상남도 양산시 삼호동 488-6번지,48330,11400,0,0488,0006,1264100040189,,,,1,용도지역코드,UQA121,제1종일반주거지역,1,0,,제1종일반주거지역,20221008
경상남도 양산시 삼호동 488-7번지,48330,11400,0,0488,0007,1264100021146,,,,1,용도지역코드,1021,제1종일반주거지역,1,0,,제1종일반주거지역,20221008
경상남도 양산시 삼호동 488-7번지,48330,11400,0,0488,0007,1264100021146,,,,3,용도구역코드,301,제1종지구단위계획구역,1,0,,제1종지구단위계획구역,20221008
경상남도 양산시 삼호동 488-7번지,48330,11400,0,0488,0007,1264100021146,,,,3,용도구역코드,272,상대정화구역,0,0,,상대정화구역,20221008
경상남도 양산시 삼호동 488-8번지,48330,11400,0,0488,0008,12644747,,,,1,용도지역코드,1022,제2종일반주거지역,1,0,,제2종일반주거지역,20221008
경상남도 양산시 삼호동 488-8번지,48330,11400,0,0488,0008,12644747,,,,2,용도지구코드,160,택지개발지구,1,0,,택지개발지구,20221008
경상남도 양산시 삼호동 488-8번지,48330,11400,0,0488,0008,12644747,,,,3,용도구역코드,300,지구단위계획구역,1,0,,지구단위계획구역,20221008
경상남도 양산시 삼호동 488-9번지,48330,11400,0,0488,0009,1264100033946,,,,1,용도지역코드,UQA121,제1종일반주거지역,1,0,,제1종일반주거지역,20221008
경상남도 양산시 삼호동 488-9번지,48330,11400,0,0488,0009,1264100033946,,,,3,용도구역코드,UQQ310,제1종지구단위계획구역,1,0,,제1종지구단위계획구역,20221008
경상남도 양산시 삼호동 488-9번지,48330,11400,0,0488,0009,1264100033946,,,,3,용도구역코드,UOA120,상대보호구역,0,0,,상대정화구역,20221008
경상남도 양산시 삼호동 488-10번지,48330,11400,0,0488,0010,1264100022122,,,,1,용도지역코드,UQA121,제1종일반주거지역,1,0,,제1종일반주거지역,20221008
경상남도 양산시 삼호동 488-10번지,48330,11400,0,0488,0010,1264100022122,,,,3,용도구역코드,UQQ310,제1종지구단위계획구역,1,0,,제1종지구단위계획구역,20221008
경상남도 양산시 삼호동 488-11번지,48330,11400,0,0488,0011,12647847,,,,1,용도지역코드,1021,제1종일반주거지역,1,0,,제1종일반주거지역,20221008
경상남도 양산시 삼호동 488-11번지,48330,11400,0,0488,0011,12647847,,,,2,용도지구코드,980,용도지구미지정,1,0,,용도지구미지정,20221008
경상남도 양산시 삼호동 488-11번지,48330,11400,0,0488,0011,12647847,,,,3,용도구역코드,301,제1종지구단위계획구역,1,0,,제1종지구단위계획구역,20221008
경상남도 양산시 삼호동 488-12번지,48330,11400,0,0488,0012,1264100068260,,,,1,용도지역코드,UQA121,제1종일반주거지역,1,0,,제1종일반주거지역,20221008
경상남도 양산시 삼호동 488-12번지,48330,11400,0,0488,0012,1264100068260,,,,3,용도구역코드,UQQ310,제1종지구단위계획구역,1,0,,제1종지구단위계획구역,20221008
경상남도 양산시 삼호동 489-2번지,48330,11400,0,0489,0002,12649239,,,,1,용도지역코드,1021,제1종일반주거지역,1,0,,제1종일반주거지역,20221008
경상남도 양산시 삼호동 489-2번지,48330,11400,0,0489,0002,12649239,,,,2,용도지구코드,160,택지개발지구,1,0,,택지개발지구,20221008
경상남도 양산시 삼호동 489-2번지,48330,11400,0,0489,0002,12649239,,,,3,용도구역코드,301,제1종지구단위계획구역,1,0,,제1종지구단위계획구역,20221008
경상남도 양산시 삼호동 489-3번지,48330,11400,0,0489,0003,12644534,,,,1,용도지역코드,1022,제2종일반주거지역,1,0,,제2종일반주거지역,20221008
경상남도 양산시 삼호동 489-3번지,48330,11400,0,0489,0003,12644534,,,,2,용도지구코드,160,택지개발지구,1,0,,택지개발지구,20221008
경상남도 양산시 삼호동 489-3번지,48330,11400,0,0489,0003,12644534,,,,3,용도구역코드,300,지구단위계획구역,1,0,,지구단위계획구역,20221008
경상남도 양산시 삼호동 489-4번지,48330,11400,0,0489,0004,1264100075882,,,,1,용도지역코드,UQA121,제1종일반주거지역,1,0,,제1종일반주거지역,20221008
경상남도 양산시 삼호동 489-4번지,48330,11400,0,0489,0004,1264100075882,,,,3,용도구역코드,UQQ310,제1종지구단위계획구역,1,0,,제1종지구단위계획구역,20221008
경상남도 양산시 삼호동 489-4번지,48330,11400,0,0489,0004,1264100075882,,,,3,용도구역코드,UOA120,상대보호구역,0,0,,상대정화구역,20221008
경상남도 양산시 삼호동 489-5번지,48330,11400,0,0489,0005,1264100052222,,,,1,용도지역코드,UQA121,제1종일반주거지역,1,0,,제1종일반주거지역,20221008
경상남도 양산시 삼호동 489-5번지,48330,11400,0,0489,0005,1264100052222,,,,3,용도구역코드,UQQ310,제1종지구단위계획구역,1,0,,제1종지구단위계획구역,20221008
경상남도 양산시 삼호동 489-5번지,48330,11400,0,0489,0005,1264100010149,,,,1,용도지역코드,1021,제1종일반주거지역,1,0,,제1종일반주거지역,20221008
경상남도 양산시 삼호동 489-5번지,48330,11400,0,0489,0005,1264100010149,,,,3,용도구역코드,301,제1종지구단위계획구역,1,0,,제1종지구단위계획구역,20221008
경상남도 양산시 삼호동 489-6번지,48330,11400,0,0489,0006,12644535,,,,1,용도지역코드,1022,제2종일반주거지역,1,0,,제2종일반주거지역,20221008
경상남도 양산시 삼호동 489-6번지,48330,11400,0,0489,0006,12644535,,,,2,용도지구코드,160,택지개발지구,1,0,,택지개발지구,20221008
경상남도 양산시 삼호동 489-6번지,48330,11400,0,0489,0006,12644535,,,,3,용도구역코드,300,지구단위계획구역,1,0,,지구단위계획구역,20221008
경상남도 양산시 삼호동 489-7번지,48330,11400,0,0489,0007,12649147,,,,1,용도지역코드,1021,제1종일반주거지역,1,0,,제1종일반주거지역,20221008
경상남도 양산시 삼호동 489-7번지,48330,11400,0,0489,0007,12649147,,,,3,용도구역코드,301,제1종지구단위계획구역,1,0,,제1종지구단위계획구역,20221008
경상남도 양산시 삼호동 489-10번지,48330,11400,0,0489,0010,1264100007109,,,,1,용도지역코드,1021,제1종일반주거지역,1,0,,제1종일반주거지역,20221008
경상남도 양산시 삼호동 489-10번지,48330,11400,0,0489,0010,1264100031676,,,,1,용도지역코드,UQA121,제1종일반주거지역,1,0,,제1종일반주거지역,20221008
경상남도 양산시 삼호동 489-10번지,48330,11400,0,0489,0010,1264100031676,,,,3,용도구역코드,UQQ310,제1종지구단위계획구역,1,0,,제1종지구단위계획구역,20221008
경상남도 양산시 삼호동 489-11번지,48330,11400,0,0489,0011,12643923,,,,1,용도지역코드,1020,일반주거지역,1,0,,일반주거지역,20221008
경상남도 양산시 삼호동 489-11번지,48330,11400,0,0489,0011,12643923,,,,2,용도지구코드,160,택지개발지구,1,0,,택지개발지구,20221008
경상남도 양산시 삼호동 489-11번지,48330,11400,0,0489,0011,12643923,,,,3,용도구역코드,300,지구단위계획구역,1,0,,지구단위계획구역,20221008
경상남도 양산시 삼호동 489-12번지,48330,11400,0,0489,0012,12644033,,,,1,용도지역코드,1022,제2종일반주거지역,1,0,,제2종일반주거지역,20221008
경상남도 양산시 삼호동 489-12번지,48330,11400,0,0489,0012,12644033,,,,2,용도지구코드,160,택지개발지구,1,0,,택지개발지구,20221008
경상남도 양산시 삼호동 489-12번지,48330,11400,0,0489,0012,12644033,,,,3,용도구역코드,300,지구단위계획구역,1,0,,지구단위계획구역,20221008
경상남도 양산시 삼호동 489-13번지,48330,11400,0,0489,0013,12644822,,,,1,용도지역코드,1022,제2종일반주거지역,1,0,,제2종일반주거지역,20221008
경상남도 양산시 삼호동 489-13번지,48330,11400,0,0489,0013,12644822,,,,2,용도지구코드,160,택지개발지구,1,0,,택지개발지구,20221008
경상남도 양산시 삼호동 489-13번지,48330,11400,0,0489,0013,12644822,,,,3,용도구역코드,300,지구단위계획구역,1,0,,지구단위계획구역,20221008
경상남도 양산시 삼호동 489-14번지,48330,11400,0,0489,0014,12643920,,,,1,용도지역코드,1020,일반주거지역,1,0,,일반주거지역,20221008
경상남도 양산시 삼호동 489-14번지,48330,11400,0,0489,0014,12643920,,,,2,용도지구코드,160,택지개발지구,1,0,,택지개발지구,20221008
경상남도 양산시 삼호동 489-14번지,48330,11400,0,0489,0014,12643920,,,,3,용도구역코드,300,지구단위계획구역,1,0,,지구단위계획구역,20221008
경상남도 양산시 삼호동 489-15번지,48330,11400,0,0489,0015,12644803,,,,1,용도지역코드,1022,제2종일반주거지역,1,0,,제2종일반주거지역,20221008
경상남도 양산시 삼호동 489-15번지,48330,11400,0,0489,0015,12644803,,,,2,용도지구코드,160,택지개발지구,1,0,,택지개발지구,20221008
경상남도 양산시 삼호동 489-15번지,48330,11400,0,0489,0015,12644803,,,,3,용도구역코드,300,지구단위계획구역,1,0,,지구단위계획구역,20221008
경상남도 양산시 삼호동 489-16번지,48330,11400,0,0489,0016,12643672,,,,1,용도지역코드,1020,일반주거지역,1,0,,일반주거지역,20221008
경상남도 양산시 삼호동 489-16번지,48330,11400,0,0489,0016,12643672,,,,2,용도지구코드,160,택지개발지구,1,0,,택지개발지구,20221008
경상남도 양산시 삼호동 489-16번지,48330,11400,0,0489,0016,12643672,,,,3,용도구역코드,050,상세계획구역,1,0,,상세계획구역,20221008
경상남도 양산시 삼호동 489-17번지,48330,11400,0,0489,0017,12643673,,,,1,용도지역코드,1020,일반주거지역,1,0,,일반주거지역,20221008
경상남도 양산시 삼호동 489-17번지,48330,11400,0,0489,0017,12643673,,,,2,용도지구코드,160,택지개발지구,1,0,,택지개발지구,20221008
경상남도 양산시 삼호동 489-17번지,48330,11400,0,0489,0017,12643673,,,,3,용도구역코드,050,상세계획구역,1,0,,상세계획구역,20221008
경상남도 양산시 삼호동 490-1번지,48330,11400,0,0490,0001,1264100019377,,,,1,용도지역코드,1021,제1종일반주거지역,1,0,,제1종일반주거지역,20221008
경상남도 양산시 삼호동 490-2번지,48330,11400,0,0490,0002,1264100081721,,,,1,용도지역코드,UQA121,제1종일반주거지역,1,0,,제1종일반주거지역,20221008
경상남도 양산시 삼호동 490-2번지,48330,11400,0,0490,0002,1264100081721,,,,3,용도구역코드,UQQ310,제1종지구단위계획구역,1,0,,제1종지구단위계획구역,20221008
경상남도 양산시 삼호동 490-3번지,48330,11400,0,0490,0003,1264100068259,,,,3,용도구역코드,UQQ310,제1종지구단위계획구역,1,0,,제1종지구단위계획구역,20221008
경상남도 양산시 삼호동 490-3번지,48330,11400,0,0490,0003,1264100068259,,,,1,용도지역코드,UQA121,제1종일반주거지역,1,0,,제1종일반주거지역,20221008
경상남도 양산시 삼호동 490-8번지,48330,11400,0,0490,0008,12646985,,,,1,용도지역코드,1021,제1종일반주거지역,1,0,,제1종일반주거지역,20221008
경상남도 양산시 삼호동 490-8번지,48330,11400,0,0490,0008,12646985,,,,3,용도구역코드,300,지구단위계획구역,1,0,,지구단위계획구역,20221008
경상남도 양산시 삼호동 490-10번지,48330,11400,0,0490,0010,12643722,,,,1,용도지역코드,1020,일반주거지역,1,0,,일반주거지역,20221008
경상남도 양산시 삼호동 490-11번지,48330,11400,0,0490,0011,1264100018014,,,,1,용도지역코드,1021,제1종일반주거지역,1,0,,제1종일반주거지역,20221008
경상남도 양산시 삼호동 490-12번지,48330,11400,0,0490,0012,12644034,,,,1,용도지역코드,1022,제2종일반주거지역,1,0,,제2종일반주거지역,20221008
경상남도 양산시 삼호동 490-12번지,48330,11400,0,0490,0012,12644034,,,,2,용도지구코드,160,택지개발지구,1,0,,택지개발지구,20221008
경상남도 양산시 삼호동 490-12번지,48330,11400,0,0490,0012,12644034,,,,3,용도구역코드,300,지구단위계획구역,1,0,,지구단위계획구역,20221008
경상남도 양산시 삼호동 490-13번지,48330,11400,0,0490,0013,12644035,,,,1,용도지역코드,1022,제2종일반주거지역,1,0,,제2종일반주거지역,20221008
경상남도 양산시 삼호동 490-13번지,48330,11400,0,0490,0013,12644035,,,,2,용도지구코드,160,택지개발지구,1,0,,택지개발지구,20221008
경상남도 양산시 삼호동 490-13번지,48330,11400,0,0490,0013,12644035,,,,3,용도구역코드,300,지구단위계획구역,1,0,,지구단위계획구역,20221008
경상남도 양산시 삼호동 490-14번지,48330,11400,0,0490,0014,1264100070820,,,,1,용도지역코드,UQA121,제1종일반주거지역,1,0,,제1종일반주거지역,20221008
경상남도 양산시 삼호동 490-14번지,48330,11400,0,0490,0014,1264100070820,,,,3,용도구역코드,UQQ310,제1종지구단위계획구역,1,0,,제1종지구단위계획구역,20221008
경상남도 양산시 삼호동 490-16번지,48330,11400,0,0490,0016,12644565,,,,1,용도지역코드,1020,일반주거지역,1,0,,일반주거지역,20221008
경상남도 양산시 삼호동 490-16번지,48330,11400,0,0490,0016,12644565,,,,2,용도지구코드,160,택지개발지구,1,0,,택지개발지구,20221008
경상남도 양산시 삼호동 490-16번지,48330,11400,0,0490,0016,12644565,,,,3,용도구역코드,300,지구단위계획구역,1,0,,지구단위계획구역,20221008
경상남도 양산시 삼호동 490-17번지,48330,11400,0,0490,0017,12645364,,,,1,용도지역코드,1022,제2종일반주거지역,1,0,,제2종일반주거지역,20221008
경상남도 양산시 삼호동 490-17번지,48330,11400,0,0490,0017,12645364,,,,2,용도지구코드,160,택지개발지구,1,0,,택지개발지구,20221008
경상남도 양산시 삼호동 490-17번지,48330,11400,0,0490,0017,12645364,,,,3,용도구역코드,300,지구단위계획구역,1,0,,지구단위계획구역,20221008
경상남도 양산시 삼호동 490-18번지,48330,11400,0,0490,0018,1264100071401,,,,1,용도지역코드,UQA121,제1종일반주거지역,1,0,,제1종일반주거지역,20221008
경상남도 양산시 삼호동 490-18번지,48330,11400,0,0490,0018,1264100071401,,,,3,용도구역코드,UQQ310,제1종지구단위계획구역,1,0,,제1종지구단위계획구역,20221008
경상남도 양산시 삼호동 490-20번지,48330,11400,0,0490,0020,1264100026437,,,,1,용도지역코드,UQA121,제1종일반주거지역,1,0,,제1종일반주거지역,20221008
경상남도 양산시 삼호동 490-20번지,48330,11400,0,0490,0020,1264100006287,,,,1,용도지역코드,1021,제1종일반주거지역,1,0,,제1종일반주거지역,20221008
경상남도 양산시 삼호동 491-1번지,48330,11400,0,0491,0001,12648817,,,,1,용도지역코드,1021,제1종일반주거지역,1,0,,제1종일반주거지역,20221008
경상남도 양산시 삼호동 491-1번지,48330,11400,0,0491,0001,12648817,,,,2,용도지구코드,160,택지개발지구,1,0,,택지개발지구,20221008
경상남도 양산시 삼호동 491-1번지,48330,11400,0,0491,0001,12648817,,,,3,용도구역코드,301,제1종지구단위계획구역,1,0,,제1종지구단위계획구역,20221008
경상남도 양산시 삼호동 491-1번지,48330,11400,0,0491,0001,12646979,,,,1,용도지역코드,1021,제1종일반주거지역,1,0,,제1종일반주거지역,20221008
경상남도 양산시 삼호동 491-2번지,48330,11400,0,0491,0002,1264100031996,,,,1,용도지역코드,UQA121,제1종일반주거지역,1,0,,제1종일반주거지역,20221008
경상남도 양산시 삼호동 491-2번지,48330,11400,0,0491,0002,1264100031996,,,,3,용도구역코드,UQQ300,지구단위계획구역,1,0,,지구단위계획구역,20221008
경상남도 양산시 삼호동 491-2번지,48330,11400,0,0491,0002,1264100027353,,,,1,용도지역코드,UQA121,제1종일반주거지역,1,0,,제1종일반주거지역,20221008
경상남도 양산시 삼호동 491-2번지,48330,11400,0,0491,0002,1264100027353,,,,3,용도구역코드,UQQ310,제1종지구단위계획구역,1,0,,제1종지구단위계획구역,20221008
경상남도 양산시 삼호동 491-3번지,48330,11400,0,0491,0003,1264100039397,,,,1,용도지역코드,UQA121,제1종일반주거지역,1,0,,제1종일반주거지역,20221008
경상남도 양산시 삼호동 491-6번지,48330,11400,0,0491,0006,12649041,,,,1,용도지역코드,1021,제1종일반주거지역,1,0,,제1종일반주거지역,20221008
경상남도 양산시 삼호동 491-6번지,48330,11400,0,0491,0006,12649041,,,,3,용도구역코드,301,제1종지구단위계획구역,1,0,,제1종지구단위계획구역,20221008
경상남도 양산시 삼호동 491-7번지,48330,11400,0,0491,0007,12643831,,,,1,용도지역코드,1022,제2종일반주거지역,1,0,,제2종일반주거지역,20221008
경상남도 양산시 삼호동 491-7번지,48330,11400,0,0491,0007,12643831,,,,2,용도지구코드,160,택지개발지구,1,0,,택지개발지구,20221008
경상남도 양산시 삼호동 491-7번지,48330,11400,0,0491,0007,12643831,,,,3,용도구역코드,300,지구단위계획구역,1,0,,지구단위계획구역,20221008
경상남도 양산시 삼호동 491-7번지,48330,11400,0,0491,0007,1264100065660,,,,1,용도지역코드,UQA121,제1종일반주거지역,1,0,,제1종일반주거지역,20221008
경상남도 양산시 삼호동 491-7번지,48330,11400,0,0491,0007,1264100065660,,,,3,용도구역코드,UQQ310,제1종지구단위계획구역,1,0,,제1종지구단위계획구역,20221008
경상남도 양산시 삼호동 491-8번지,48330,11400,0,0491,0008,1264100023954,,,,1,용도지역코드,UQA121,제1종일반주거지역,1,0,,제1종일반주거지역,20221008
경상남도 양산시 삼호동 493번지,48330,11400,0,0493,0000,1264100103453,,,,1,용도지역코드,UQA130,준주거지역,1,0,,준주거지역,20221008
경상남도 양산시 삼호동 493번지,48330,11400,0,0493,0000,1264100103453,,,,3,용도구역코드,UQQ310,제1종지구단위계획구역,1,0,,제1종지구단위계획구역,20221008
경상남도 양산시 삼호동 495-1번지,48330,11400,0,0495,0001,12643874,,,,1,용도지역코드,1022,제2종일반주거지역,1,0,,제2종일반주거지역,20221008
경상남도 양산시 삼호동 495-1번지,48330,11400,0,0495,0001,12643874,,,,2,용도지구코드,160,택지개발지구,1,0,,택지개발지구,20221008
경상남도 양산시 삼호동 495-1번지,48330,11400,0,0495,0001,12643874,,,,3,용도구역코드,300,지구단위계획구역,1,0,,지구단위계획구역,20221008
경상남도 양산시 삼호동 495-2번지,48330,11400,0,0495,0002,12643617,,,,1,용도지역코드,1020,일반주거지역,1,0,,일반주거지역,20221008
경상남도 양산시 삼호동 495-3번지,48330,11400,0,0495,0003,12643637,,,,1,용도지역코드,1020,일반주거지역,1,0,,일반주거지역,20221008
경상남도 양산시 삼호동 495-3번지,48330,11400,0,0495,0003,12643637,,,,2,용도지구코드,160,택지개발지구,1,0,,택지개발지구,20221008
경상남도 양산시 삼호동 495-3번지,48330,11400,0,0495,0003,12643637,,,,3,용도구역코드,050,상세계획구역,1,0,,상세계획구역,20221008
경상남도 양산시 삼호동 495-4번지,48330,11400,0,0495,0004,12644589,,,,1,용도지역코드,1022,제2종일반주거지역,1,0,,제2종일반주거지역,20221008
경상남도 양산시 삼호동 495-4번지,48330,11400,0,0495,0004,12644589,,,,2,용도지구코드,160,택지개발지구,1,0,,택지개발지구,20221008
경상남도 양산시 삼호동 495-4번지,48330,11400,0,0495,0004,12644589,,,,3,용도구역코드,300,지구단위계획구역,1,0,,지구단위계획구역,20221008
경상남도 양산시 삼호동 495-5번지,48330,11400,0,0495,0005,1264100025131,,,,1,용도지역코드,UQA121,제1종일반주거지역,1,0,,제1종일반주거지역,20221008
경상남도 양산시 삼호동 495-5번지,48330,11400,0,0495,0005,1264100005565,,,,1,용도지역코드,1021,제1종일반주거지역,1,0,,제1종일반주거지역,20221008
경상남도 양산시 삼호동 495-6번지,48330,11400,0,0495,0006,12647006,,,,1,용도지역코드,1021,제1종일반주거지역,1,0,,제1종일반주거지역,20221008
경상남도 양산시 삼호동 495-6번지,48330,11400,0,0495,0006,12647006,,,,2,용도지구코드,160,택지개발지구,1,0,,택지개발지구,20221008
경상남도 양산시 삼호동 495-6번지,48330,11400,0,0495,0006,12647006,,,,3,용도구역코드,301,제1종지구단위계획구역,1,0,,제1종지구단위계획구역,20221008
경상남도 양산시 삼호동 495-8번지,48330,11400,0,0495,0008,12643663,,,,1,용도지역코드,1020,일반주거지역,1,0,,일반주거지역,20221008
경상남도 양산시 삼호동 495-8번지,48330,11400,0,0495,0008,12643663,,,,2,용도지구코드,160,택지개발지구,1,0,,택지개발지구,20221008
경상남도 양산시 삼호동 495-8번지,48330,11400,0,0495,0008,1264100057996,,,,1,용도지역코드,UQA121,제1종일반주거지역,1,0,,제1종일반주거지역,20221008
경상남도 양산시 삼호동 495-8번지,48330,11400,0,0495,0008,1264100057996,,,,3,용도구역코드,UQQ310,제1종지구단위계획구역,1,0,,제1종지구단위계획구역,20221008
경상남도 양산시 삼호동 495-9번지,48330,11400,0,0495,0009,12644540,,,,1,용도지역코드,1022,제2종일반주거지역,1,0,,제2종일반주거지역,20221008
경상남도 양산시 삼호동 495-9번지,48330,11400,0,0495,0009,12644540,,,,2,용도지구코드,160,택지개발지구,1,0,,택지개발지구,20221008
경상남도 양산시 삼호동 495-9번지,48330,11400,0,0495,0009,12644540,,,,3,용도구역코드,300,지구단위계획구역,1,0,,지구단위계획구역,20221008
경상남도 양산시 삼호동 495-9번지,48330,11400,0,0495,0009,1264100061437,,,,1,용도지역코드,UQA121,제1종일반주거지역,1,0,,제1종일반주거지역,20221008
경상남도 양산시 삼호동 495-9번지,48330,11400,0,0495,0009,1264100061437,,,,3,용도구역코드,UQQ310,제1종지구단위계획구역,1,0,,제1종지구단위계획구역,20221008
경상남도 양산시 삼호동 495-9번지,48330,11400,0,0495,0009,1264100061437,,,,3,용도구역코드,UOA120,상대보호구역,0,0,,상대정화구역,20221008
경상남도 양산시 삼호동 495-10번지,48330,11400,0,0495,0010,1264100018460,,,,1,용도지역코드,1021,제1종일반주거지역,1,0,,제1종일반주거지역,20221008
경상남도 양산시 삼호동 495-10번지,48330,11400,0,0495,0010,1264100018460,,,,3,용도구역코드,301,제1종지구단위계획구역,1,0,,제1종지구단위계획구역,20221008
경상남도 양산시 삼호동 495-12번지,48330,11400,0,0495,0012,12643487,,,,1,용도지역코드,1022,제2종일반주거지역,1,0,,제2종일반주거지역,20221008
경상남도 양산시 삼호동 495-12번지,48330,11400,0,0495,0012,12643487,,,,2,용도지구코드,160,택지개발지구,1,0,,택지개발지구,20221008
경상남도 양산시 삼호동 495-12번지,48330,11400,0,0495,0012,12643487,,,,3,용도구역코드,300,지구단위계획구역,1,0,,지구단위계획구역,20221008
경상남도 양산시 삼호동 498-1번지,48330,11400,0,0498,0001,12644577,,,,1,용도지역코드,1030,준주거지역,1,0,,준주거지역,20221008
경상남도 양산시 삼호동 498-1번지,48330,11400,0,0498,0001,12644577,,,,2,용도지구코드,160,택지개발지구,1,0,,택지개발지구,20221008
경상남도 양산시 삼호동 498-1번지,48330,11400,0,0498,0001,12644577,,,,3,용도구역코드,300,지구단위계획구역,1,0,,지구단위계획구역,20221008
경상남도 양산시 삼호동 498-2번지,48330,11400,0,0498,0002,12643355,,,,1,용도지역코드,1030,준주거지역,1,0,,준주거지역,20221008
경상남도 양산시 삼호동 498-2번지,48330,11400,0,0498,0002,12643355,,,,2,용도지구코드,160,택지개발지구,1,0,,택지개발지구,20221008
경상남도 양산시 삼호동 498-2번지,48330,11400,0,0498,0002,12643355,,,,3,용도구역코드,010,도시계획구역,1,0,,도시계획구역,20221008
경상남도 양산시 삼호동 498-2번지,48330,11400,0,0498,0002,12643355,,,,3,용도구역코드,140,택지개발사업구역,0,0,,택지개발사업구역,20221008
경상남도 양산시 삼호동 498-2번지,48330,11400,0,0498,0002,12643355,,,,3,용도구역코드,050,상세계획구역,0,0,,상세계획구역,20221008
경상남도 양산시 삼호동 498-2번지,48330,11400,0,0498,0002,12643482,,,,1,용도지역코드,1030,준주거지역,1,0,,준주거지역,20221008
경상남도 양산시 삼호동 498-2번지,48330,11400,0,0498,0002,12643482,,,,2,용도지구코드,160,택지개발지구,1,0,,택지개발지구,20221008
경상남도 양산시 삼호동 498-3번지,48330,11400,0,0498,0003,12643609,,,,1,용도지역코드,1030,준주거지역,1,0,,준주거지역,20221008
경상남도 양산시 삼호동 499-1번지,48330,11400,0,0499,0001,12643601,,,,1,용도지역코드,1030,준주거지역,1,0,,준주거지역,20221008
경상남도 양산시 삼호동 499-1번지,48330,11400,0,0499,0001,12643601,,,,2,용도지구코드,160,택지개발지구,1,0,,택지개발지구,20221008
경상남도 양산시 삼호동 499-1번지,48330,11400,0,0499,0001,12643601,,,,3,용도구역코드,050,상세계획구역,1,0,,상세계획구역,20221008
경상남도 양산시 삼호동 499-1번지,48330,11400,0,0499,0001,1264100010750,,,,2,용도지구코드,160,택지개발지구,1,0,,택지개발지구,20221008
경상남도 양산시 삼호동 499-1번지,48330,11400,0,0499,0001,1264100010750,,,,1,용도지역코드,1030,준주거지역,1,0,,준주거지역,20221008
경상남도 양산시 삼호동 499-3번지,48330,11400,0,0499,0003,12643354,,,,1,용도지역코드,1030,준주거지역,1,0,,준주거지역,20221008
경상남도 양산시 삼호동 499-3번지,48330,11400,0,0499,0003,12643481,,,,1,용도지역코드,1030,준주거지역,1,0,,준주거지역,20221008
경상남도 양산시 삼호동 499-3번지,48330,11400,0,0499,0003,12643481,,,,2,용도지구코드,160,택지개발지구,1,0,,택지개발지구,20221008
경상남도 양산시 삼호동 499-5번지,48330,11400,0,0499,0005,12644169,,,,1,용도지역코드,1030,준주거지역,1,0,,준주거지역,20221008
경상남도 양산시 삼호동 499-5번지,48330,11400,0,0499,0005,12643742,,,,1,용도지역코드,1030,준주거지역,1,0,,준주거지역,20221008
경상남도 양산시 삼호동 499-6번지,48330,11400,0,0499,0006,12644572,,,,1,용도지역코드,1030,준주거지역,1,0,,준주거지역,20221008
경상남도 양산시 삼호동 499-6번지,48330,11400,0,0499,0006,12644572,,,,2,용도지구코드,160,택지개발지구,1,0,,택지개발지구,20221008
경상남도 양산시 삼호동 499-6번지,48330,11400,0,0499,0006,12644572,,,,3,용도구역코드,301,제1종지구단위계획구역,1,0,,제1종지구단위계획구역,20221008
경상남도 양산시 삼호동 499-8번지,48330,11400,0,0499,0008,12643599,,,,1,용도지역코드,1030,준주거지역,1,0,,준주거지역,20221008
경상남도 양산시 삼호동 499-8번지,48330,11400,0,0499,0008,12643599,,,,2,용도지구코드,160,택지개발지구,1,0,,택지개발지구,20221008
경상남도 양산시 삼호동 499-8번지,48330,11400,0,0499,0008,12643599,,,,3,용도구역코드,050,상세계획구역,1,0,,상세계획구역,20221008
경상남도 양산시 삼호동 499-8번지,48330,11400,0,0499,0008,1264100010752,,,,1,용도지역코드,1030,준주거지역,1,0,,준주거지역,20221008
경상남도 양산시 삼호동 499-8번지,48330,11400,0,0499,0008,1264100010752,,,,2,용도지구코드,160,택지개발지구,1,0,,택지개발지구,20221008
경상남도 양산시 삼호동 500-4번지,48330,11400,0,0500,0004,12642941,,,,1,용도지역코드,1030,준주거지역,1,0,,준주거지역,20221008
경상남도 양산시 삼호동 501-1번지,48330,11400,0,0501,0001,12647048,,,,1,용도지역코드,1030,준주거지역,1,0,,준주거지역,20221008
경상남도 양산시 삼호동 501-5번지,48330,11400,0,0501,0005,12643822,,,,1,용도지역코드,1030,준주거지역,1,0,,준주거지역,20221008
경상남도 양산시 삼호동 503-4번지,48330,11400,0,0503,0004,1264100084921,,,,1,용도지역코드,UQA220,일반상업지역,1,0,,일반상업지역,20221008
경상남도 양산시 삼호동 503-4번지,48330,11400,0,0503,0004,1264100084921,,,,3,용도구역코드,UOA120,상대보호구역,1,0,,상대정화구역,20221008
경상남도 양산시 삼호동 503-4번지,48330,11400,0,0503,0004,1264100098053,,,,1,용도지역코드,UQA220,일반상업지역,1,0,,일반상업지역,20221008
경상남도 양산시 삼호동 503-4번지,48330,11400,0,0503,0004,12647129,,,,1,용도지역코드,1120,일반상업지역,1,0,,일반상업지역,20221008
경상남도 양산시 삼호동 503-17번지,48330,11400,0,0503,0017,1264100019978,,,,1,용도지역코드,1030,준주거지역,1,0,,준주거지역,20221008
경상남도 양산시 삼호동 504-2번지,48330,11400,0,0504,0002,12644737,,,,1,용도지역코드,1030,준주거지역,1,0,,준주거지역,20221008
경상남도 양산시 삼호동 504-3번지,48330,11400,0,0504,0003,1264100072421,,,,1,용도지역코드,UQA130,준주거지역,1,0,,준주거지역,20221008
경상남도 양산시 삼호동 504-3번지,48330,11400,0,0504,0003,1264100072421,,,,3,용도구역코드,UOA120,상대보호구역,1,0,,상대정화구역,20221008
경상남도 양산시 삼호동 505번지,48330,11400,0,0505,0000,126478,,,,1,용도지역코드,1020,일반주거지역,1,0,,일반주거지역,20221008
경상남도 양산시 삼호동 505-2번지,48330,11400,0,0505,0002,1264100110876,,,,1,용도지역코드,UQA130,준주거지역,1,0,,준주거지역,20221008
경상남도 양산시 삼호동 506-9번지,48330,11400,0,0506,0009,1264100085344,,,,1,용도지역코드,UQA220,일반상업지역,1,0,,일반상업지역,20221008
경상남도 양산시 삼호동 508-3번지,48330,11400,0,0508,0003,1264100124480,,,,1,용도지역코드,UQA220,일반상업지역,1,0,,일반상업지역,20221008
경상남도 양산시 삼호동 508-4번지,48330,11400,0,0508,0004,1264100075744,,,,1,용도지역코드,UQA130,준주거지역,1,0,,준주거지역,20221008
경상남도 양산시 삼호동 508-8번지,48330,11400,0,0508,0008,1264100032439,,,,1,용도지역코드,UQA130,준주거지역,1,0,,준주거지역,20221008
경상남도 양산시 삼호동 508-8번지,48330,11400,0,0508,0008,1264100032439,,,,3,용도구역코드,UOA120,상대보호구역,1,0,,상대정화구역,20221008
경상남도 양산시 삼호동 508-9번지,48330,11400,0,0508,0009,1264100123379,,,,1,용도지역코드,UQA130,준주거지역,1,0,,준주거지역,20221008
경상남도 양산시 삼호동 508-12번지,48330,11400,0,0508,0012,1264100031141,,,,1,용도지역코드,UQA130,준주거지역,1,0,,준주거지역,20221008
경상남도 양산시 삼호동 508-16번지,48330,11400,0,0508,0016,1264100139825,,,,1,용도지역코드,UQA130,준주거지역,1,0,,준주거지역,20221008
경상남도 양산시 삼호동 508-16번지,48330,11400,0,0508,0016,1264100119841,,,,1,용도지역코드,UQA130,준주거지역,1,0,,준주거지역,20221008
경상남도 양산시 삼호동 508-23번지,48330,11400,0,0508,0023,1264100114596,,,,1,용도지역코드,UQA130,준주거지역,1,0,,준주거지역,20221008
경상남도 양산시 삼호동 508-23번지,48330,11400,0,0508,0023,1264100114596,,,,3,용도구역코드,UMZ100,가축사육제한구역,1,0,,가축사육제한구역,20221008
경상남도 양산시 삼호동 510-4번지,48330,11400,0,0510,0004,1000000000000000398417,,,,1,용도지역코드,UQA220,일반상업지역,1,0,,일반상업지역,20231128
경상남도 양산시 삼호동 510-4번지,48330,11400,0,0510,0004,1264100154330,,,,1,용도지역코드,UQA220,일반상업지역,1,0,,일반상업지역,20221008
경상남도 양산시 삼호동 510-4번지,48330,11400,0,0510,0004,1264100154330,,,,3,용도구역코드,UMZ100,가축사육제한구역,1,0,,가축사육제한구역,20221008
경상남도 양산시 삼호동 510-4번지,48330,11400,0,0510,0004,12643381,,,,1,용도지역코드,1030,준주거지역,1,0,,준주거지역,20221008
경상남도 양산시 삼호동 510-5번지,48330,11400,0,0510,0005,12645681,,,,1,용도지역코드,1030,준주거지역,1,0,,준주거지역,20221008
경상남도 양산시 삼호동 510-6번지,48330,11400,0,0510,0006,1264100025910,,,,1,용도지역코드,UQA130,준주거지역,1,0,,준주거지역,20221008
경상남도 양산시 삼호동 510-6번지,48330,11400,0,0510,0006,1264100150190,,,,1,용도지역코드,UQA220,일반상업지역,1,0,,일반상업지역,20221018
경상남도 양산시 삼호동 510-6번지,48330,11400,0,0510,0006,1264100008246,,,,1,용도지역코드,1030,준주거지역,1,0,,준주거지역,20221008
경상남도 양산시 삼호동 510-6번지,48330,11400,0,0510,0006,1264977,,,,1,용도지역코드,1020,일반주거지역,1,0,,일반주거지역,20221008
경상남도 양산시 삼호동 510-7번지,48330,11400,0,0510,0007,12641129,,,,1,용도지역코드,1030,준주거지역,1,0,,준주거지역,20221008
경상남도 양산시 삼호동 510-19번지,48330,11400,0,0510,0019,12646950,,,,1,용도지역코드,1030,준주거지역,1,0,,준주거지역,20221008
경상남도 양산시 삼호동 510-31번지,48330,11400,0,0510,0031,1264100100853,,,,1,용도지역코드,UQA130,준주거지역,1,0,,준주거지역,20221008
경상남도 양산시 삼호동 510-31번지,48330,11400,0,0510,0031,1264100100853,,,,3,용도구역코드,UOA120,상대보호구역,1,0,,상대정화구역,20221008
경상남도 양산시 삼호동 510-31번지,48330,11400,0,0510,0031,1264100106356,,,,1,용도지역코드,UQA130,준주거지역,1,0,,준주거지역,20221008
경상남도 양산시 삼호동 511-6번지,48330,11400,0,0511,0006,1000000000000000799936,,,,3,용도구역코드,UMZ100,가축사육제한구역,0,0,,가축사육제한구역,20250908
경상남도 양산시 삼호동 511-6번지,48330,11400,0,0511,0006,1000000000000000799936,,,,1,용도지역코드,UQA220,일반상업지역,1,0,,일반상업지역,20250908
경상남도 양산시 삼호동 511-6번지,48330,11400,0,0511,0006,1000000000000000799936,,,,3,용도구역코드,UOA120,상대보호구역,1,0,,상대보호구역,20250908
경상남도 양산시 삼호동 515번지,48330,11400,0,0515,0000,1264100033007,,,,1,용도지역코드,UQA130,준주거지역,1,0,,준주거지역,20221008
경상남도 양산시 삼호동 515번지,48330,11400,0,0515,0000,1264100033007,,,,3,용도구역코드,UOA120,상대보호구역,1,0,,상대정화구역,20221008
경상남도 양산시 삼호동 515-3번지,48330,11400,0,0515,0003,1264100033565,,,,1,용도지역코드,UQA130,준주거지역,1,0,,준주거지역,20221008
경상남도 양산시 삼호동 517번지,48330,11400,0,0517,0000,1264100111096,,,,1,용도지역코드,UQA220,일반상업지역,1,0,,일반상업지역,20231222
경상남도 양산시 삼호동 517번지,48330,11400,0,0517,0000,1264100111096,,,,3,용도구역코드,UOA120,상대보호구역,1,0,,상대보호구역,20231222
경상남도 양산시 삼호동 517번지,48330,11400,0,0517,0000,1264100111096,,,,3,용도구역코드,UOA110,절대정화구역,0,0,,절대보호구역,20231222
경상남도 양산시 삼호동 519-1번지,48330,11400,0,0519,0001,12645756,,,,1,용도지역코드,1030,준주거지역,1,0,,준주거지역,20221008
경상남도 양산시 삼호동 519-5번지,48330,11400,0,0519,0005,12649151,,,,1,용도지역코드,1120,일반상업지역,1,0,,일반상업지역,20221008
경상남도 양산시 삼호동 519-6번지,48330,11400,0,0519,0006,12646938,,,,1,용도지역코드,1120,일반상업지역,1,0,,일반상업지역,20221008
경상남도 양산시 삼호동 521번지,48330,11400,0,0521,0000,1264100037972,,,,1,용도지역코드,UQA220,일반상업지역,1,0,,일반상업지역,20221008
경상남도 양산시 삼호동 521번지,48330,11400,0,0521,0000,1264100037972,,,,3,용도구역코드,UOA120,상대보호구역,1,0,,상대정화구역,20221008
경상남도 양산시 삼호동 521번지,48330,11400,0,0521,0000,1264100037972,,,,3,용도구역코드,UOA110,절대정화구역,0,0,,절대정화구역,20221008
경상남도 양산시 삼호동 521번지,48330,11400,0,0521,0000,1264100049230,,,,1,용도지역코드,UQA220,일반상업지역,1,0,,일반상업지역,20221008
경상남도 양산시 삼호동 521번지,48330,11400,0,0521,0000,12647921,,,,1,용도지역코드,1120,일반상업지역,1,0,,일반상업지역,20221008
경상남도 양산시 삼호동 521번지,48330,11400,0,0521,0000,12647921,,,,3,용도구역코드,010,도시계획구역,1,0,,도시계획구역,20221008
경상남도 양산시 삼호동 522-2번지,48330,11400,0,0522,0002,1264100033283,,,,1,용도지역코드,UQA220,일반상업지역,1,0,,일반상업지역,20221008
경상남도 양산시 삼호동 522-4번지,48330,11400,0,0522,0004,1264100034149,,,,1,용도지역코드,UQA220,일반상업지역,1,0,,일반상업지역,20221008
경상남도 양산시 삼호동 522-4번지,48330,11400,0,0522,0004,1264100034149,,,,3,용도구역코드,UOA110,절대정화구역,1,0,,절대정화구역,20221008
경상남도 양산시 삼호동 522-5번지,48330,11400,0,0522,0005,1264100078580,,,,1,용도지역코드,UQA220,일반상업지역,1,0,,일반상업지역,20221008
경상남도 양산시 삼호동 523-2번지,48330,11400,0,0523,0002,1264392,,,,1,용도지역코드,1120,일반상업지역,1,0,,일반상업지역,20221008
경상남도 양산시 삼호동 523-4번지,48330,11400,0,0523,0004,1264712,,,,1,용도지역코드,1120,일반상업지역,1,0,,일반상업지역,20221008
경상남도 양산시 삼호동 524번지,48330,11400,0,0524,0000,1264100010753,,,,1,용도지역코드,1120,일반상업지역,1,0,,일반상업지역,20221008
경상남도 양산시 삼호동 528-1번지,48330,11400,0,0528,0001,12643758,,,,1,용도지역코드,1120,일반상업지역,1,0,,일반상업지역,20221008
경상남도 양산시 삼호동 530-6번지,48330,11400,0,0530,0006,1264100140124,,,,1,용도지역코드,UQA220,일반상업지역,1,0,,일반상업지역,20221008
경상남도 양산시 삼호동 530-6번지,48330,11400,0,0530,0006,1264100140124,,,,3,용도구역코드,UOA120,상대보호구역,1,0,,상대보호구역,20221008
경상남도 양산시 삼호동 531-9번지,48330,11400,0,0531,0009,12641355,,,,1,용도지역코드,1120,일반상업지역,1,0,,일반상업지역,20221008
경상남도 양산시 삼호동 531-9번지,48330,11400,0,0531,0009,1264100029693,,,,1,용도지역코드,UQA220,일반상업지역,1,0,,일반상업지역,20221008
경상남도 양산시 삼호동 531-9번지,48330,11400,0,0531,0009,1264100029693,,,,3,용도구역코드,UOA120,상대보호구역,1,0,,상대정화구역,20221008
경상남도 양산시 삼호동 531-15번지,48330,11400,0,0531,0015,1264782,경상남도 양산시 웅상읍 삼호리,531,15,1,용도지역코드,1120,일반상업지역,1,0,,일반상업지역,20221008
경상남도 양산시 삼호동 531-15번지,48330,11400,0,0531,0015,1264272,,,,1,용도지역코드,1120,일반상업지역,1,0,,일반상업지역,20221008
경상남도 양산시 삼호동 531-20번지,48330,11400,0,0531,0020,1264100071921,,,,1,용도지역코드,UQA220,일반상업지역,1,0,,일반상업지역,20221008
경상남도 양산시 삼호동 531-20번지,48330,11400,0,0531,0020,1264100071921,,,,3,용도구역코드,UOA120,상대보호구역,1,0,,상대정화구역,20221008
경상남도 양산시 삼호동 531-28번지,48330,11400,0,0531,0028,12643126,,,,1,용도지역코드,1120,일반상업지역,1,0,,일반상업지역,20221008
경상남도 양산시 삼호동 531-31번지,48330,11400,0,0531,0031,1264100149250,,,,1,용도지역코드,UQA220,일반상업지역,1,0,,일반상업지역,20221008
경상남도 양산시 삼호동 533-8번지,48330,11400,0,0533,0008,12648601,,,,1,용도지역코드,1120,일반상업지역,1,0,,일반상업지역,20221008
경상남도 양산시 삼호동 533-11번지,48330,11400,0,0533,0011,1264100026011,,,,1,용도지역코드,UQA220,일반상업지역,1,0,,일반상업지역,20221008
경상남도 양산시 삼호동 533-14번지,48330,11400,0,0533,0014,1264100036914,,,,1,용도지역코드,UQA220,일반상업지역,1,0,,일반상업지역,20221008
경상남도 양산시 삼호동 533-14번지,48330,11400,0,0533,0014,1264100036914,,,,3,용도구역코드,UOA120,상대보호구역,1,0,,상대정화구역,20221008
경상남도 양산시 삼호동 533-17번지,48330,11400,0,0533,0017,12649072,,,,1,용도지역코드,1120,일반상업지역,1,0,,일반상업지역,20221008
경상남도 양산시 삼호동 533-19번지,48330,11400,0,0533,0019,1264706,,,,1,용도지역코드,1120,일반상업지역,1,0,,일반상업지역,20221008
경상남도 양산시 삼호동 535-6번지,48330,11400,0,0535,0006,12648605,,,,1,용도지역코드,1120,일반상업지역,1,0,,일반상업지역,20221008
경상남도 양산시 삼호동 535-9번지,48330,11400,0,0535,0009,1264100152931,,,,1,용도지역코드,UQA220,일반상업지역,1,0,,일반상업지역,20230622
경상남도 양산시 삼호동 535-9번지,48330,11400,0,0535,0009,1264100053187,,,,1,용도지역코드,UQA220,일반상업지역,1,0,,일반상업지역,20221008
경상남도 양산시 삼호동 536-4번지,48330,11400,0,0536,0004,12645401,,,,1,용도지역코드,1120,일반상업지역,1,0,,일반상업지역,20221008
경상남도 양산시 삼호동 536-4번지,48330,11400,0,0536,0004,12641366,,,,1,용도지역코드,1120,일반상업지역,1,0,,일반상업지역,20221008
경상남도 양산시 삼호동 540번지,48330,11400,0,0540,0000,1264100079079,,,,1,용도지역코드,UQA130,준주거지역,1,0,,준주거지역,20221008
경상남도 양산시 삼호동 541-1번지,48330,11400,0,0541,0001,12642469,,,,1,용도지역코드,1030,준주거지역,1,0,,준주거지역,20221008
경상남도 양산시 삼호동 541-1번지,48330,11400,0,0541,0001,12642469,,,,1,용도지역코드,1120,일반상업지역,0,0,,일반상업지역,20221008
경상남도 양산시 삼호동 546-1번지,48330,11400,0,0546,0001,1264100020376,,,,1,용도지역코드,1030,준주거지역,1,0,,준주거지역,20221008
경상남도 양산시 삼호동 546-1번지,48330,11400,0,0546,0001,1264100020376,,,,2,용도지구코드,980,용도지구미지정,1,0,,용도지구미지정,20221008
경상남도 양산시 삼호동 546-1번지,48330,11400,0,0546,0001,1264100020376,,,,3,용도구역코드,272,상대정화구역,1,0,,상대정화구역,20221008
경상남도 양산시 삼호동 552-3번지,48330,11400,0,0552,0003,12648810,,,,1,용도지역코드,1021,제1종일반주거지역,1,0,,제1종일반주거지역,20221008
경상남도 양산시 삼호동 552-3번지,48330,11400,0,0552,0003,12648810,,,,3,용도구역코드,UOA120,상대보호구역,1,0,,상대정화구역,20221008
경상남도 양산시 삼호동 552-3번지,48330,11400,0,0552,0003,12647085,,,,1,용도지역코드,1021,제1종일반주거지역,1,0,,제1종일반주거지역,20221008
경상남도 양산시 삼호동 552-3번지,48330,11400,0,0552,0003,12643717,,,,1,용도지역코드,1020,일반주거지역,1,0,,일반주거지역,20221008
경상남도 양산시 삼호동 552-6번지,48330,11400,0,0552,0006,1264100108199,,,,1,용도지역코드,UQA121,제1종일반주거지역,1,0,,제1종일반주거지역,20221008
경상남도 양산시 삼호동 552-6번지,48330,11400,0,0552,0006,1264100119059,,,,1,용도지역코드,UQA121,제1종일반주거지역,1,0,,제1종일반주거지역,20221008
경상남도 양산시 삼호동 552-8번지,48330,11400,0,0552,0008,1264100071699,,,,1,용도지역코드,UQA121,제1종일반주거지역,1,0,,제1종일반주거지역,20221008
경상남도 양산시 삼호동 552-9번지,48330,11400,0,0552,0009,1264100111358,,,,1,용도지역코드,UQA121,제1종일반주거지역,1,0,,제1종일반주거지역,20221008
경상남도 양산시 삼호동 552-11번지,48330,11400,0,0552,0011,1264100100454,,,,1,용도지역코드,UQA130,준주거지역,1,0,,준주거지역,20221008
경상남도 양산시 삼호동 552-11번지,48330,11400,0,0552,0011,1264100106053,,,,1,용도지역코드,UQA130,준주거지역,1,0,,준주거지역,20221008
경상남도 양산시 삼호동 555번지,48330,11400,0,0555,0000,12644144,,,,1,용도지역코드,1020,일반주거지역,1,0,,일반주거지역,20221008
경상남도 양산시 삼호동 555번지,48330,11400,0,0555,0000,12645060,,,,1,용도지역코드,1022,제2종일반주거지역,1,0,,제2종일반주거지역,20221008
경상남도 양산시 삼호동 556-1번지,48330,11400,0,0556,0001,1264100097286,,,,1,용도지역코드,UQA121,제1종일반주거지역,1,0,,제1종일반주거지역,20221008
경상남도 양산시 삼호동 556-1번지,48330,11400,0,0556,0001,1264100097286,,,,3,용도구역코드,UOA120,상대보호구역,1,0,,상대정화구역,20221008
경상남도 양산시 삼호동 556-1번지,48330,11400,0,0556,0001,1264100083803,,,,1,용도지역코드,UQA121,제1종일반주거지역,1,0,,제1종일반주거지역,20221008
경상남도 양산시 삼호동 556-1번지,48330,11400,0,0556,0001,1264100083803,,,,3,용도구역코드,UOA120,상대보호구역,1,0,,상대정화구역,20221008
경상남도 양산시 삼호동 556-3번지,48330,11400,0,0556,0003,1264100083804,,,,1,용도지역코드,UQA121,제1종일반주거지역,1,0,,제1종일반주거지역,20221008
경상남도 양산시 삼호동 556-3번지,48330,11400,0,0556,0003,1264100083804,,,,3,용도구역코드,UOA120,상대보호구역,1,0,,상대정화구역,20221008
경상남도 양산시 삼호동 556-3번지,48330,11400,0,0556,0003,1264100101474,,,,1,용도지역코드,UQA121,제1종일반주거지역,1,0,,제1종일반주거지역,20221008
경상남도 양산시 삼호동 557-1번지,48330,11400,0,0557,0001,1264100039354,,,,1,용도지역코드,UQA130,준주거지역,1,0,,준주거지역,20221008
경상남도 양산시 삼호동 557-8번지,48330,11400,0,0557,0008,1264100025530,,,,1,용도지역코드,UQA121,제1종일반주거지역,1,0,,제1종일반주거지역,20221008
경상남도 양산시 삼호동 557-8번지,48330,11400,0,0557,0008,1264100025530,,,,3,용도구역코드,UOA120,상대보호구역,1,0,,상대정화구역,20221008
경상남도 양산시 삼호동 557-15번지,48330,11400,0,0557,0015,1264100039752,,,,1,용도지역코드,UQA130,준주거지역,1,0,,준주거지역,20221008
경상남도 양산시 삼호동 557-15번지,48330,11400,0,0557,0015,1264100039752,,,,3,용도구역코드,UOA120,상대보호구역,1,0,,상대정화구역,20221008
경상남도 양산시 삼호동 558번지,48330,11400,0,0558,0000,1264100074500,,,,1,용도지역코드,UQA130,준주거지역,1,0,,준주거지역,20221008
경상남도 양산시 삼호동 558번지,48330,11400,0,0558,0000,1264100074500,,,,3,용도구역코드,UOA120,상대보호구역,1,0,,상대정화구역,20221008
경상남도 양산시 삼호동 560번지,48330,11400,0,0560,0000,12649217,,,,1,용도지역코드,1030,준주거지역,1,0,,준주거지역,20221008
경상남도 양산시 삼호동 560번지,48330,11400,0,0560,0000,12641652,,,,1,용도지역코드,1030,준주거지역,1,0,,준주거지역,20221008
경상남도 양산시 삼호동 560번지,48330,11400,0,0560,0000,12641807,,,,1,용도지역코드,1030,준주거지역,1,0,,준주거지역,20221008
경상남도 양산시 삼호동 562-2번지,48330,11400,0,0562,0002,1264100076199,,,,1,용도지역코드,UQA130,준주거지역,1,0,,준주거지역,20221008
경상남도 양산시 삼호동 562-3번지,48330,11400,0,0562,0003,12641344,,,,1,용도지역코드,1030,준주거지역,1,0,,준주거지역,20221008
경상남도 양산시 삼호동 564-1번지,48330,11400,0,0564,0001,12645939,,,,1,용도지역코드,1030,준주거지역,1,0,,준주거지역,20221008
경상남도 양산시 삼호동 564-3번지,48330,11400,0,0564,0003,1264100008650,,,,1,용도지역코드,1030,준주거지역,1,0,,준주거지역,20221008
경상남도 양산시 삼호동 564-4번지,48330,11400,0,0564,0004,12645,,,,1,용도지역코드,1030,준주거지역,1,0,,준주거지역,20221008
경상남도 양산시 삼호동 564-9번지,48330,11400,0,0564,0009,1264100023528,,,,1,용도지역코드,UQA130,준주거지역,1,0,,준주거지역,20221008
경상남도 양산시 삼호동 564-9번지,48330,11400,0,0564,0009,1264100009076,,,,1,용도지역코드,1030,준주거지역,1,0,,준주거지역,20221008
경상남도 양산시 삼호동 567-10번지,48330,11400,0,0567,0010,1264810,,,,1,용도지역코드,1120,일반상업지역,1,0,,일반상업지역,20221008
경상남도 양산시 삼호동 567-10번지,48330,11400,0,0567,0010,12641524,,,,1,용도지역코드,1120,일반상업지역,1,0,,일반상업지역,20221008
경상남도 양산시 삼호동 567-12번지,48330,11400,0,0567,0012,1264100034290,,,,1,용도지역코드,UQA220,일반상업지역,1,0,,일반상업지역,20221008
경상남도 양산시 삼호동 567-21번지,48330,11400,0,0567,0021,1264100036713,,,,1,용도지역코드,UQA220,일반상업지역,1,0,,일반상업지역,20221008
경상남도 양산시 삼호동 568번지,48330,11400,0,0568,0000,1000000000000000648107,,,,1,용도지역코드,UQA220,일반상업지역,1,0,,일반상업지역,20250728
경상남도 양산시 삼호동 568번지,48330,11400,0,0568,0000,1000000000000000648107,,,,3,용도구역코드,UOA120,상대보호구역,1,0,,상대보호구역,20250728
경상남도 양산시 삼호동 569-2번지,48330,11400,0,0569,0002,1264100060392,,,,1,용도지역코드,UQA220,일반상업지역,1,0,,일반상업지역,20221008
경상남도 양산시 삼호동 569-2번지,48330,11400,0,0569,0002,1264100060392,,,,3,용도구역코드,UOA120,상대보호구역,1,0,,상대정화구역,20221008
경상남도 양산시 삼호동 569-3번지,48330,11400,0,0569,0003,12646197,,,,1,용도지역코드,1120,일반상업지역,1,0,,일반상업지역,20221008
경상남도 양산시 삼호동 570번지,48330,11400,0,0570,0000,1264546,경상남도 양산시 웅상읍 삼호리,570,,1,용도지역코드,1120,일반상업지역,1,0,,일반상업지역,20221008
경상남도 양산시 삼호동 571-1번지,48330,11400,0,0571,0001,12646200,,,,1,용도지역코드,1020,일반주거지역,1,0,,일반주거지역,20221008
경상남도 양산시 삼호동 572-5번지,48330,11400,0,0572,0005,1264100023047,,,,1,용도지역코드,UQA220,일반상업지역,1,0,,일반상업지역,20221008
경상남도 양산시 삼호동 572-7번지,48330,11400,0,0572,0007,1264735,,,,1,용도지역코드,1120,일반상업지역,1,0,,일반상업지역,20221008
경상남도 양산시 삼호동 573-7번지,48330,11400,0,0573,0007,1264100033650,,,,1,용도지역코드,UQA220,일반상업지역,1,0,,일반상업지역,20221008
경상남도 양산시 삼호동 573-9번지,48330,11400,0,0573,0009,1264100078200,,,,1,용도지역코드,UQA220,일반상업지역,1,0,,일반상업지역,20221008
경상남도 양산시 삼호동 576-3번지,48330,11400,0,0576,0003,1264916,,,,1,용도지역코드,1120,일반상업지역,1,0,,일반상업지역,20221008
경상남도 양산시 삼호동 576-3번지,48330,11400,0,0576,0003,1264100021882,,,,1,용도지역코드,UQA220,일반상업지역,1,0,,일반상업지역,20221008
경상남도 양산시 삼호동 579-1번지,48330,11400,0,0579,0001,12641990,경상남도 양ㅅ나시 웅상읍 삼호리,579,1,1,용도지역코드,1120,일반상업지역,1,0,,일반상업지역,20221008
경상남도 양산시 삼호동 580-2번지,48330,11400,0,0580,0002,126425,,,,1,용도지역코드,1020,일반주거지역,1,0,,일반주거지역,20221008
경상남도 양산시 삼호동 580-4번지,48330,11400,0,0580,0004,1264780,경상남도 양산시 웅상읍 삼호리,580,4,1,용도지역코드,1120,일반상업지역,1,0,,일반상업지역,20221008
경상남도 양산시 삼호동 582-7번지,48330,11400,0,0582,0007,12644112,,,,1,용도지역코드,0100,도시지역,0,0,,도시지역,20221008
경상남도 양산시 삼호동 582-7번지,48330,11400,0,0582,0007,12644112,,,,1,용도지역코드,1120,일반상업지역,1,0,,일반상업지역,20221008
경상남도 양산시 삼호동 582-7번지,48330,11400,0,0582,0007,1264539,,,,1,용도지역코드,1120,일반상업지역,1,0,,일반상업지역,20221008
경상남도 양산시 삼호동 582-11번지,48330,11400,0,0582,0011,1264100125501,,,,1,용도지역코드,UQA220,일반상업지역,1,0,,일반상업지역,20221008
경상남도 양산시 삼호동 582-11번지,48330,11400,0,0582,0011,1264100125501,,,,3,용도구역코드,UOA120,상대보호구역,1,0,,상대보호구역,20221008
경상남도 양산시 삼호동 586-1번지,48330,11400,0,0586,0001,1000000000000000466965,,,,1,용도지역코드,UQA220,일반상업지역,1,0,,일반상업지역,20240912
경상남도 양산시 삼호동 587번지,48330,11400,0,0587,0000,1264100048785,,,,1,용도지역코드,UQA220,일반상업지역,1,0,,일반상업지역,20221008
경상남도 양산시 삼호동 588번지,48330,11400,0,0588,0000,1264100024529,,,,1,용도지역코드,UQA220,일반상업지역,1,0,,일반상업지역,20221008
경상남도 양산시 삼호동 592번지,48330,11400,0,0592,0000,1264100005686,,,,1,용도지역코드,1120,일반상업지역,1,0,,일반상업지역,20221008
경상남도 양산시 삼호동 594번지,48330,11400,0,0594,0000,1264378,경상남도 양산시 웅상읍 삼호리,594,,1,용도지역코드,1120,일반상업지역,1,0,,일반상업지역,20221008
경상남도 양산시 삼호동 597번지,48330,11400,0,0597,0000,1264854,,,,1,용도지역코드,1020,일반주거지역,1,0,,일반주거지역,20221008
경상남도 양산시 삼호동 597-1번지,48330,11400,0,0597,0001,1000000000000000087987,,,,1,용도지역코드,UQA130,준주거지역,1,0,,준주거지역,20230323
경상남도 양산시 삼호동 598번지,48330,11400,0,0598,0000,1264100136404,,,,1,용도지역코드,UQA130,준주거지역,1,0,,준주거지역,20240808
경상남도 양산시 삼호동 600번지,48330,11400,0,0600,0000,12645814,,,,1,용도지역코드,1030,준주거지역,1,0,,준주거지역,20221008
경상남도 양산시 삼호동 603-1번지,48330,11400,0,0603,0001,1264100123480,,,,1,용도지역코드,UQA130,준주거지역,1,0,,준주거지역,20221008
경상남도 양산시 삼호동 603-1번지,48330,11400,0,0603,0001,1264100123480,,,,3,용도구역코드,UMZ100,가축사육제한구역,1,0,,가축사육제한구역,20221008
경상남도 양산시 삼호동 605-3번지,48330,11400,0,0605,0003,12647926,,,,1,용도지역코드,1022,제2종일반주거지역,1,0,,제2종일반주거지역,20221008
경상남도 양산시 삼호동 605-3번지,48330,11400,0,0605,0003,12647926,,,,3,용도구역코드,010,도시계획구역,1,0,,도시계획구역,20221008
경상남도 양산시 삼호동 608번지,48330,11400,0,0608,0000,12641182,,,,1,용도지역코드,1020,일반주거지역,1,0,,일반주거지역,20221008
경상남도 양산시 삼호동 609번지,48330,11400,0,0609,0000,12641114,,,,1,용도지역코드,1020,일반주거지역,1,0,,일반주거지역,20221008
경상남도 양산시 삼호동 616-2번지,48330,11400,0,0616,0002,1264708,,,,1,용도지역코드,1020,일반주거지역,1,0,,일반주거지역,20221008
경상남도 양산시 삼호동 620-4번지,48330,11400,0,0620,0004,1264100076441,,,,1,용도지역코드,UQA122,제2종일반주거지역,1,0,,제2종일반주거지역,20221008
경상남도 양산시 삼호동 620-4번지,48330,11400,0,0620,0004,1264100033687,,,,1,용도지역코드,UQA122,제2종일반주거지역,1,0,,제2종일반주거지역,20221008
경상남도 양산시 삼호동 620-4번지,48330,11400,0,0620,0004,1264100033687,,,,3,용도구역코드,UOA120,상대보호구역,1,0,,상대정화구역,20221008
경상남도 양산시 삼호동 620-4번지,48330,11400,0,0620,0004,1264100033687,,,,3,용도구역코드,UOA110,절대정화구역,0,0,,절대정화구역,20221008
경상남도 양산시 삼호동 622-2번지,48330,11400,0,0622,0002,12646362,,,,1,용도지역코드,1022,제2종일반주거지역,1,0,,제2종일반주거지역,20221008
경상남도 양산시 삼호동 622-3번지,48330,11400,0,0622,0003,12644583,,,,1,용도지역코드,1022,제2종일반주거지역,1,0,,제2종일반주거지역,20221008
경상남도 양산시 삼호동 622-5번지,48330,11400,0,0622,0005,1264100147224,,,,1,용도지역코드,UQA122,제2종일반주거지역,1,0,,제2종일반주거지역,20221008
경상남도 양산시 삼호동 627번지,48330,11400,0,0627,0000,1000000000000000927159,,,,2,용도지구코드,UQF130,시가지경관지구,1,0,,시가지경관지구,20260415
경상남도 양산시 삼호동 627번지,48330,11400,0,0627,0000,1000000000000000927159,,,,1,용도지역코드,UQA122,제2종일반주거지역,1,0,,제2종일반주거지역,20260415
경상남도 양산시 삼호동 627번지,48330,11400,0,0627,0000,1000000000000000927159,,,,3,용도구역코드,UOA120,상대보호구역,1,0,,상대보호구역,20260415
경상남도 양산시 삼호동 627번지,48330,11400,0,0627,0000,1264100029749,,,,1,용도지역코드,UQA122,제2종일반주거지역,1,0,,제2종일반주거지역,20221008
경상남도 양산시 삼호동 627번지,48330,11400,0,0627,0000,1264100029749,,,,3,용도구역코드,UOA110,절대정화구역,1,0,,절대정화구역,20221008
경상남도 양산시 삼호동 629번지,48330,11400,0,0629,0000,1264100017760,,,,1,용도지역코드,1330,자연녹지지역,1,0,,자연녹지지역,20221008
경상남도 양산시 삼호동 634-2번지,48330,11400,0,0634,0002,1264100145463,,,,1,용도지역코드,UQA430,자연녹지지역,1,0,,자연녹지지역,20221008
경상남도 양산시 삼호동 634-2번지,48330,11400,0,0634,0002,1264100145463,,,,3,용도구역코드,UOA120,상대보호구역,1,0,,상대보호구역,20221008
경상남도 양산시 삼호동 634-2번지,48330,11400,0,0634,0002,1264100145463,,,,3,용도구역코드,UMZ100,가축사육제한구역,0,0,,가축사육제한구역,20221008
경상남도 양산시 삼호동 635-7번지,48330,11400,0,0635,0007,1264100016477,,,,1,용도지역코드,1022,제2종일반주거지역,1,0,,제2종일반주거지역,20221008
경상남도 양산시 삼호동 635-7번지,48330,11400,0,0635,0007,1264100016477,,,,3,용도구역코드,271,절대정화구역,1,0,,절대정화구역,20221008
경상남도 양산시 삼호동 640-2번지,48330,11400,0,0640,0002,1264100066381,,,,1,용도지역코드,UQA130,준주거지역,1,0,,준주거지역,20221008
경상남도 양산시 삼호동 640-2번지,48330,11400,0,0640,0002,1264100066381,,,,2,용도지구코드,UQG130,일반미관지구,1,0,,일반미관지구,20221008
경상남도 양산시 삼호동 640-2번지,48330,11400,0,0640,0002,1264100066381,,,,3,용도구역코드,UOA120,상대보호구역,1,0,,상대정화구역,20221008
경상남도 양산시 삼호동 640-5번지,48330,11400,0,0640,0005,1264100066640,,,,1,용도지역코드,UQA130,준주거지역,1,0,,준주거지역,20221008
경상남도 양산시 삼호동 640-5번지,48330,11400,0,0640,0005,1264100066640,,,,3,용도구역코드,UOA120,상대보호구역,1,0,,상대정화구역,20221008
경상남도 양산시 삼호동 640-5번지,48330,11400,0,0640,0005,1264100083881,,,,1,용도지역코드,UQA130,준주거지역,1,0,,준주거지역,20221008
경상남도 양산시 삼호동 640-5번지,48330,11400,0,0640,0005,1264100083881,,,,3,용도구역코드,UOA120,상대보호구역,1,0,,상대정화구역,20221008
경상남도 양산시 삼호동 641-4번지,48330,11400,0,0641,0004,12647123,,,,1,용도지역코드,1030,준주거지역,1,0,,준주거지역,20221008
경상남도 양산시 삼호동 641-5번지,48330,11400,0,0641,0005,1000000000000000419193,,,,1,용도지역코드,UQA130,준주거지역,1,0,,준주거지역,20231128
경상남도 양산시 삼호동 641-5번지,48330,11400,0,0641,0005,1000000000000000419193,,,,1,용도지역코드,UOC800,역사문화환경보존지역,0,0,,역사문화환경보존지역,20231128
경상남도 양산시 삼호동 641-5번지,48330,11400,0,0641,0005,1000000000000000419193,,,,3,용도구역코드,UOA120,상대보호구역,1,0,,상대보호구역,20231128
경상남도 양산시 삼호동 641-5번지,48330,11400,0,0641,0005,12642678,,,,1,용도지역코드,1030,준주거지역,1,0,,준주거지역,20221008
경상남도 양산시 삼호동 641-12번지,48330,11400,0,0641,0012,1264100042542,,,,1,용도지역코드,UQA130,준주거지역,1,0,,준주거지역,20221008
경상남도 양산시 삼호동 641-12번지,48330,11400,0,0641,0012,1264100042542,,,,3,용도구역코드,UOA110,절대정화구역,1,0,,절대정화구역,20221008
경상남도 양산시 삼호동 642-1번지,48330,11400,0,0642,0001,1264100028050,,,,1,용도지역코드,UQA130,준주거지역,1,0,,준주거지역,20221008
경상남도 양산시 삼호동 642-2번지,48330,11400,0,0642,0002,1264100121523,,,,1,용도지역코드,UQA130,준주거지역,1,0,,준주거지역,20221008
경상남도 양산시 삼호동 642-2번지,48330,11400,0,0642,0002,1264100121523,,,,3,용도구역코드,UMZ100,가축사육제한구역,1,0,,가축사육제한구역,20221008
경상남도 양산시 삼호동 642-2번지,48330,11400,0,0642,0002,1264100121523,,,,3,용도구역코드,UOA120,상대보호구역,0,0,,상대정화구역,20221008
경상남도 양산시 삼호동 644번지,48330,11400,0,0644,0000,1264100112757,,,,1,용도지역코드,UQA130,준주거지역,1,0,,준주거지역,20221008
경상남도 양산시 삼호동 644번지,48330,11400,0,0644,0000,1264100112757,,,,3,용도구역코드,UMZ100,가축사육제한구역,1,0,,가축사육제한구역,20221008
경상남도 양산시 삼호동 645번지,48330,11400,0,0645,0000,12641171,,,,1,용도지역코드,1120,일반상업지역,1,0,,일반상업지역,20221008
경상남도 양산시 삼호동 646번지,48330,11400,0,0646,0000,12641163,,,,1,용도지역코드,1120,일반상업지역,1,0,,일반상업지역,20221008
경상남도 양산시 삼호동 647번지,48330,11400,0,0647,0000,1264632,경상남도 양산시 웅상읍 삼호리,647,,1,용도지역코드,1120,일반상업지역,1,0,,일반상업지역,20221008
경상남도 양산시 삼호동 649번지,48330,11400,0,0649,0000,1264100048305,,,,1,용도지역코드,UQA220,일반상업지역,1,0,,일반상업지역,20221008
경상남도 양산시 삼호동 652-2번지,48330,11400,0,0652,0002,12643281,,,,1,용도지역코드,1030,준주거지역,1,0,,준주거지역,20221008
경상남도 양산시 삼호동 653-3번지,48330,11400,0,0653,0003,12643759,,,,1,용도지역코드,1030,준주거지역,1,0,,준주거지역,20221008
경상남도 양산시 삼호동 653-3번지,48330,11400,0,0653,0003,1264100042983,,,,1,용도지역코드,UQA130,준주거지역,1,0,,준주거지역,20221008
경상남도 양산시 삼호동 654-3번지,48330,11400,0,0654,0003,1264100054249,,,,1,용도지역코드,UQA130,준주거지역,1,0,,준주거지역,20221008
경상남도 양산시 삼호동 654-3번지,48330,11400,0,0654,0003,1264100054249,,,,3,용도구역코드,UOA120,상대보호구역,1,0,,상대정화구역,20221008
경상남도 양산시 삼호동 654-7번지,48330,11400,0,0654,0007,1264100047487,,,,1,용도지역코드,UQA130,준주거지역,1,0,,준주거지역,20221008
경상남도 양산시 삼호동 654-11번지,48330,11400,0,0654,0011,12644862,,,,1,용도지역코드,1030,준주거지역,1,0,,준주거지역,20221008
경상남도 양산시 삼호동 654-16번지,48330,11400,0,0654,0016,1264100047488,,,,1,용도지역코드,UQA130,준주거지역,1,0,,준주거지역,20221008
경상남도 양산시 삼호동 654-17번지,48330,11400,0,0654,0017,1264100049231,,,,1,용도지역코드,UQA130,준주거지역,1,0,,준주거지역,20221008
경상남도 양산시 삼호동 654-18번지,48330,11400,0,0654,0018,1264100045448,,,,1,용도지역코드,UQA130,준주거지역,1,0,,준주거지역,20221008
경상남도 양산시 삼호동 654-19번지,48330,11400,0,0654,0019,1264100045447,,,,1,용도지역코드,UQA130,준주거지역,1,0,,준주거지역,20221008
경상남도 양산시 삼호동 654-20번지,48330,11400,0,0654,0020,1264100045446,,,,1,용도지역코드,UQA130,준주거지역,1,0,,준주거지역,20221008
경상남도 양산시 삼호동 665-1번지,48330,11400,0,0665,0001,12649027,,,,1,용도지역코드,1030,준주거지역,1,0,,준주거지역,20221008
경상남도 양산시 삼호동 666-1번지,48330,11400,0,0666,0001,12648653,,,,1,용도지역코드,1030,준주거지역,1,0,,준주거지역,20221008
경상남도 양산시 삼호동 666-1번지,48330,11400,0,0666,0001,12648653,,,,3,용도구역코드,010,도시계획구역,1,0,,도시계획구역,20221008
경상남도 양산시 삼호동 666-1번지,48330,11400,0,0666,0001,1264100035772,,,,1,용도지역코드,UQA130,준주거지역,1,0,,준주거지역,20221008
경상남도 양산시 삼호동 666-1번지,48330,11400,0,0666,0001,12647971,,,,1,용도지역코드,1030,준주거지역,1,0,,준주거지역,20221008
경상남도 양산시 삼호동 666-1번지,48330,11400,0,0666,0001,12647971,,,,3,용도구역코드,010,도시계획구역,1,0,,도시계획구역,20221008
경상남도 양산시 삼호동 666-1번지,48330,11400,0,0666,0001,1264100032971,,,,1,용도지역코드,UQA130,준주거지역,1,0,,준주거지역,20221008
경상남도 양산시 삼호동 666-3번지,48330,11400,0,0666,0003,1264100013772,,,,1,용도지역코드,1030,준주거지역,1,0,,준주거지역,20221008
경상남도 양산시 삼호동 666-5번지,48330,11400,0,0666,0005,1264100044606,,,,1,용도지역코드,UQA130,준주거지역,1,0,,준주거지역,20221008
경상남도 양산시 삼호동 666-5번지,48330,11400,0,0666,0005,1264100044606,,,,3,용도구역코드,UOA120,상대보호구역,1,0,,상대정화구역,20221008
경상남도 양산시 삼호동 675번지,48330,11400,0,0675,0000,12647930,,,,1,용도지역코드,1330,자연녹지지역,1,0,,자연녹지지역,20221008
경상남도 양산시 삼호동 703-12번지,48330,11400,0,0703,0012,12647168,,,,1,용도지역코드,1120,일반상업지역,1,0,,일반상업지역,20221008
경상남도 양산시 삼호동 704-3번지,48330,11400,0,0704,0003,1264100075745,,,,1,용도지역코드,UQA220,일반상업지역,1,0,,일반상업지역,20221008
경상남도 양산시 삼호동 704-4번지,48330,11400,0,0704,0004,1264100042582,,,,1,용도지역코드,UQA220,일반상업지역,1,0,,일반상업지역,20221008
경상남도 양산시 삼호동 704-4번지,48330,11400,0,0704,0004,1264100042582,,,,3,용도구역코드,UOA120,상대보호구역,1,0,,상대정화구역,20221008
경상남도 양산시 삼호동 704-4번지,48330,11400,0,0704,0004,1264550,,,,1,용도지역코드,1120,일반상업지역,1,0,,일반상업지역,20221008
경상남도 양산시 삼호동 704-4번지,48330,11400,0,0704,0004,1264100052149,,,,1,용도지역코드,UQA220,일반상업지역,1,0,,일반상업지역,20221008
경상남도 양산시 삼호동 704-4번지,48330,11400,0,0704,0004,1264100107296,,,,1,용도지역코드,UQA220,일반상업지역,1,0,,일반상업지역,20221008
경상남도 양산시 삼호동 704-4번지,48330,11400,0,0704,0004,1264100107296,,,,3,용도구역코드,UOA120,상대보호구역,1,0,,상대보호구역,20221008
경상남도 양산시 삼호동 704-4번지,48330,11400,0,0704,0004,1264100029692,,,,1,용도지역코드,UQA220,일반상업지역,1,0,,일반상업지역,20221008
경상남도 양산시 삼호동 704-4번지,48330,11400,0,0704,0004,1264100029692,,,,3,용도구역코드,UOA120,상대보호구역,1,0,,상대정화구역,20221008
경상남도 양산시 삼호동 704-4번지,48330,11400,0,0704,0004,1264100026689,,,,1,용도지역코드,UQA220,일반상업지역,1,0,,일반상업지역,20221008
경상남도 양산시 삼호동 704-4번지,48330,11400,0,0704,0004,1264100026689,,,,3,용도구역코드,UOA120,상대보호구역,1,0,,상대정화구역,20221008
경상남도 양산시 삼호동 704-4번지,48330,11400,0,0704,0004,1264100019786,,,,1,용도지역코드,1120,일반상업지역,1,0,,일반상업지역,20221008
경상남도 양산시 삼호동 704-4번지,48330,11400,0,0704,0004,1264100019786,,,,3,용도구역코드,272,상대정화구역,1,0,,상대정화구역,20221008
경상남도 양산시 삼호동 704-7번지,48330,11400,0,0704,0007,1264100156594,,,,1,용도지역코드,UQA220,일반상업지역,1,0,,일반상업지역,20230904
경상남도 양산시 삼호동 704-7번지,48330,11400,0,0704,0007,1264100083963,,,,1,용도지역코드,UQA220,일반상업지역,1,0,,일반상업지역,20221008
경상남도 양산시 삼호동 704-7번지,48330,11400,0,0704,0007,1264100083963,,,,3,용도구역코드,UOA120,상대보호구역,1,0,,상대정화구역,20221008
경상남도 양산시 삼호동 705-10번지,48330,11400,0,0705,0010,1264100013916,,,,1,용도지역코드,1120,일반상업지역,1,0,,일반상업지역,20221008
경상남도 양산시 삼호동 705-10번지,48330,11400,0,0705,0010,1264100013916,,,,2,용도지구코드,980,용도지구미지정,1,0,,용도지구미지정,20221008
경상남도 양산시 삼호동 705-10번지,48330,11400,0,0705,0010,1264100013916,,,,3,용도구역코드,980,용도구역미지정,1,0,,용도구역미지정,20221008
경상남도 양산시 삼호동 705-10번지,48330,11400,0,0705,0010,12646041,,,,1,용도지역코드,1120,일반상업지역,1,0,,일반상업지역,20221008
경상남도 양산시 삼호동 705-10번지,48330,11400,0,0705,0010,1264100020717,,,,1,용도지역코드,1120,일반상업지역,1,0,,일반상업지역,20221008
경상남도 양산시 삼호동 705-10번지,48330,11400,0,0705,0010,1264100020717,,,,2,용도지구코드,980,용도지구미지정,1,0,,용도지구미지정,20221008
경상남도 양산시 삼호동 705-10번지,48330,11400,0,0705,0010,1264100020717,,,,3,용도구역코드,980,용도구역미지정,1,0,,용도구역미지정,20221008
경상남도 양산시 삼호동 705-11번지,48330,11400,0,0705,0011,1264174,,,,1,용도지역코드,1120,일반상업지역,1,0,,일반상업지역,20221008
경상남도 양산시 삼호동 707-2번지,48330,11400,0,0707,0002,12644088,,,,1,용도지역코드,1120,일반상업지역,1,0,,일반상업지역,20221008
경상남도 양산시 삼호동 708번지,48330,11400,0,0708,0000,12644152,,,,1,용도지역코드,1020,일반주거지역,1,0,,일반주거지역,20221008
경상남도 양산시 삼호동 714-8번지,48330,11400,0,0714,0008,1264456,경상남도 양산시 웅상읍 삼호리,714,8,1,용도지역코드,1020,일반주거지역,1,0,,일반주거지역,20221008
경상남도 양산시 삼호동 715번지,48330,11400,0,0715,0000,1264757,경상남도 양산시 웅상읍 삼호리,715,,1,용도지역코드,1020,일반주거지역,1,0,,일반주거지역,20221008
경상남도 양산시 삼호동 717-3번지,48330,11400,0,0717,0003,1264100026109,,,,1,용도지역코드,UQA130,준주거지역,1,0,,준주거지역,20221008
경상남도 양산시 삼호동 717-16번지,48330,11400,0,0717,0016,12641535,경상남도 양산시 웅상읍 삼호리,717,16,1,용도지역코드,1030,준주거지역,1,0,,준주거지역,20221008
경상남도 양산시 삼호동 717-16번지,48330,11400,0,0717,0016,12641804,,,,1,용도지역코드,1020,일반주거지역,1,0,,일반주거지역,20221008
경상남도 양산시 삼호동 718-6번지,48330,11400,0,0718,0006,1264821,718-6,,,1,용도지역코드,1020,일반주거지역,1,0,,일반주거지역,20221008
경상남도 양산시 삼호동 719번지,48330,11400,0,0719,0000,1264100037593,,,,1,용도지역코드,UQA130,준주거지역,1,0,,준주거지역,20221008
경상남도 양산시 삼호동 719번지,48330,11400,0,0719,0000,1264100037593,,,,3,용도구역코드,UOA120,상대보호구역,1,0,,상대정화구역,20221008
경상남도 양산시 삼호동 719-4번지,48330,11400,0,0719,0004,1264100101615,,,,1,용도지역코드,UQA130,준주거지역,1,0,,준주거지역,20221008
경상남도 양산시 삼호동 719-4번지,48330,11400,0,0719,0004,1264100007489,,,,1,용도지역코드,1030,준주거지역,1,0,,준주거지역,20221008
경상남도 양산시 삼호동 719-6번지,48330,11400,0,0719,0006,1264100036075,,,,3,용도구역코드,UOA120,상대보호구역,1,0,,상대정화구역,20221008
경상남도 양산시 삼호동 719-6번지,48330,11400,0,0719,0006,1264100036075,,,,1,용도지역코드,UQA130,준주거지역,1,0,,준주거지역,20221008
경상남도 양산시 삼호동 719-7번지,48330,11400,0,0719,0007,1264100037774,,,,1,용도지역코드,UQA130,준주거지역,1,0,,준주거지역,20221008
경상남도 양산시 삼호동 719-8번지,48330,11400,0,0719,0008,1264100037775,,,,1,용도지역코드,UQA130,준주거지역,1,0,,준주거지역,20221008
경상남도 양산시 삼호동 719-9번지,48330,11400,0,0719,0009,1264100102813,,,,1,용도지역코드,UQA130,준주거지역,1,0,,준주거지역,20221008
경상남도 양산시 삼호동 721번지,48330,11400,0,0721,0000,1264100097506,,,,1,용도지역코드,UQA130,준주거지역,1,0,,준주거지역,20221008
경상남도 양산시 삼호동 721번지,48330,11400,0,0721,0000,1264100097506,,,,3,용도구역코드,UOA120,상대보호구역,1,0,,상대정화구역,20221008
경상남도 양산시 삼호동 722-1번지,48330,11400,0,0722,0001,12641502,경상남도 양산시 웅상읍 삼호리,722,1,1,용도지역코드,1030,준주거지역,1,0,,준주거지역,20221008
경상남도 양산시 삼호동 722-2번지,48330,11400,0,0722,0002,1264100104313,,,,1,용도지역코드,UQA130,준주거지역,1,0,,준주거지역,20221008
경상남도 양산시 삼호동 722-2번지,48330,11400,0,0722,0002,1264100104313,,,,3,용도구역코드,UOA120,상대보호구역,1,0,,상대보호구역,20221008
경상남도 양산시 삼호동 722-2번지,48330,11400,0,0722,0002,1264100135444,,,,1,용도지역코드,UQA130,준주거지역,1,0,,준주거지역,20221008
경상남도 양산시 삼호동 722-2번지,48330,11400,0,0722,0002,1264100135444,,,,3,용도구역코드,UOA120,상대보호구역,1,0,,상대보호구역,20221008
경상남도 양산시 삼호동 722-2번지,48330,11400,0,0722,0002,12649066,,,,1,용도지역코드,1030,준주거지역,1,0,,준주거지역,20221008
경상남도 양산시 삼호동 725-4번지,48330,11400,0,0725,0004,12642670,,,,1,용도지역코드,1030,준주거지역,1,0,,준주거지역,20221008
경상남도 양산시 삼호동 733-1번지,48330,11400,0,0733,0001,1264100070041,,,,1,용도지역코드,UQA122,제2종일반주거지역,1,0,,제2종일반주거지역,20221008
경상남도 양산시 삼호동 733-1번지,48330,11400,0,0733,0001,1264100047505,,,,1,용도지역코드,UQA122,제2종일반주거지역,1,0,,제2종일반주거지역,20221008
경상남도 양산시 삼호동 733-4번지,48330,11400,0,0733,0004,1264100048947,,,,1,용도지역코드,UQA122,제2종일반주거지역,1,0,,제2종일반주거지역,20221008
경상남도 양산시 삼호동 733-5번지,48330,11400,0,0733,0005,1264100046787,,,,1,용도지역코드,UQA122,제2종일반주거지역,1,0,,제2종일반주거지역,20221008
경상남도 양산시 삼호동 737-1번지,48330,11400,0,0737,0001,12644807,,,,1,용도지역코드,1030,준주거지역,1,0,,준주거지역,20221008
경상남도 양산시 삼호동 747번지,48330,11400,0,0747,0000,1264978,경상남도 양산시 웅상읍 삼호리,747,,1,용도지역코드,1020,일반주거지역,1,0,,일반주거지역,20221008
경상남도 양산시 삼호동 747번지,48330,11400,0,0747,0000,1264728,경상남도 양산시 웅상읍 삼호리,747,,1,용도지역코드,1020,일반주거지역,1,0,,일반주거지역,20221008
경상남도 양산시 삼호동 747-1번지,48330,11400,0,0747,0001,1264100012755,,,,1,용도지역코드,1022,제2종일반주거지역,1,0,,제2종일반주거지역,20221008
경상남도 양산시 삼호동 754번지,48330,11400,0,0754,0000,1264100007426,,,,1,용도지역코드,1022,제2종일반주거지역,1,0,,제2종일반주거지역,20221008
경상남도 양산시 삼호동 754번지,48330,11400,0,0754,0000,12649234,,,,1,용도지역코드,1022,제2종일반주거지역,1,0,,제2종일반주거지역,20221008
경상남도 양산시 삼호동 754-2번지,48330,11400,0,0754,0002,1264100096328,,,,1,용도지역코드,UQA122,제2종일반주거지역,1,0,,제2종일반주거지역,20221008
경상남도 양산시 삼호동 754-2번지,48330,11400,0,0754,0002,1264100096328,,,,3,용도구역코드,UOA110,절대정화구역,1,0,,절대정화구역,20221008
경상남도 양산시 삼호동 754-5번지,48330,11400,0,0754,0005,1264100064679,,,,1,용도지역코드,UQA122,제2종일반주거지역,1,0,,제2종일반주거지역,20221008
경상남도 양산시 삼호동 758-2번지,48330,11400,0,0758,0002,1264100088881,,,,1,용도지역코드,UQA121,제1종일반주거지역,1,0,,제1종일반주거지역,20221008
경상남도 양산시 삼호동 758-2번지,48330,11400,0,0758,0002,1264100088881,,,,3,용도구역코드,UQQ310,제1종지구단위계획구역,1,0,,제1종지구단위계획구역,20221008
경상남도 양산시 삼호동 758-2번지,48330,11400,0,0758,0002,1264100088881,,,,3,용도구역코드,UOA110,절대정화구역,0,0,,절대정화구역,20221008
경상남도 양산시 삼호동 758-4번지,48330,11400,0,0758,0004,12644739,,,,1,용도지역코드,1022,제2종일반주거지역,1,0,,제2종일반주거지역,20221008
경상남도 양산시 삼호동 758-4번지,48330,11400,0,0758,0004,12644739,,,,2,용도지구코드,160,택지개발지구,1,0,,택지개발지구,20221008
경상남도 양산시 삼호동 758-4번지,48330,11400,0,0758,0004,12644739,,,,3,용도구역코드,300,지구단위계획구역,1,0,,지구단위계획구역,20221008
경상남도 양산시 삼호동 758-5번지,48330,11400,0,0758,0005,1264100030718,,,,1,용도지역코드,UQA121,제1종일반주거지역,1,0,,제1종일반주거지역,20221008
경상남도 양산시 삼호동 758-5번지,48330,11400,0,0758,0005,1264100030718,,,,3,용도구역코드,UQQ310,제1종지구단위계획구역,1,0,,제1종지구단위계획구역,20221008
경상남도 양산시 삼호동 758-5번지,48330,11400,0,0758,0005,1264100030718,,,,3,용도구역코드,UOA120,상대보호구역,0,0,,상대정화구역,20221008
경상남도 양산시 삼호동 758-7번지,48330,11400,0,0758,0007,12644637,,,,1,용도지역코드,1022,제2종일반주거지역,1,0,,제2종일반주거지역,20221008
경상남도 양산시 삼호동 758-7번지,48330,11400,0,0758,0007,12644637,,,,2,용도지구코드,160,택지개발지구,1,0,,택지개발지구,20221008
경상남도 양산시 삼호동 758-7번지,48330,11400,0,0758,0007,12644637,,,,3,용도구역코드,300,지구단위계획구역,1,0,,지구단위계획구역,20221008
경상남도 양산시 삼호동 758-8번지,48330,11400,0,0758,0008,1264100064182,,,,1,용도지역코드,UQA121,제1종일반주거지역,1,0,,제1종일반주거지역,20221008
경상남도 양산시 삼호동 758-8번지,48330,11400,0,0758,0008,1264100064182,,,,3,용도구역코드,UQQ310,제1종지구단위계획구역,1,0,,제1종지구단위계획구역,20221008
경상남도 양산시 삼호동 758-8번지,48330,11400,0,0758,0008,1264100064182,,,,3,용도구역코드,UOA120,상대보호구역,0,0,,상대정화구역,20221008
경상남도 양산시 삼호동 758-9번지,48330,11400,0,0758,0009,12643890,,,,1,용도지역코드,1020,일반주거지역,1,0,,일반주거지역,20221008
경상남도 양산시 삼호동 758-9번지,48330,11400,0,0758,0009,12643890,,,,2,용도지구코드,160,택지개발지구,1,0,,택지개발지구,20221008
경상남도 양산시 삼호동 758-9번지,48330,11400,0,0758,0009,12643890,,,,3,용도구역코드,300,지구단위계획구역,1,0,,지구단위계획구역,20221008
경상남도 양산시 삼호동 758-10번지,48330,11400,0,0758,0010,12643245,,,,1,용도지역코드,1020,일반주거지역,1,0,,일반주거지역,20221008
경상남도 양산시 삼호동 760-1번지,48330,11400,0,0760,0001,12643877,,,,1,용도지역코드,1020,일반주거지역,1,0,,일반주거지역,20221008
경상남도 양산시 삼호동 760-1번지,48330,11400,0,0760,0001,12643877,,,,2,용도지구코드,160,택지개발지구,1,0,,택지개발지구,20221008
경상남도 양산시 삼호동 760-1번지,48330,11400,0,0760,0001,12643877,,,,3,용도구역코드,050,상세계획구역,1,0,,상세계획구역,20221008
경상남도 양산시 삼호동 760-2번지,48330,11400,0,0760,0002,12647153,,,,1,용도지역코드,1021,제1종일반주거지역,1,0,,제1종일반주거지역,20221008
경상남도 양산시 삼호동 760-2번지,48330,11400,0,0760,0002,12647153,,,,2,용도지구코드,160,택지개발지구,1,0,,택지개발지구,20221008
경상남도 양산시 삼호동 760-2번지,48330,11400,0,0760,0002,12647153,,,,3,용도구역코드,301,제1종지구단위계획구역,1,0,,제1종지구단위계획구역,20221008
경상남도 양산시 삼호동 760-3번지,48330,11400,0,0760,0003,12643794,,,,1,용도지역코드,1020,일반주거지역,1,0,,일반주거지역,20221008
경상남도 양산시 삼호동 760-3번지,48330,11400,0,0760,0003,12643794,,,,2,용도지구코드,160,택지개발지구,1,0,,택지개발지구,20221008
경상남도 양산시 삼호동 760-3번지,48330,11400,0,0760,0003,1264100028831,,,,1,용도지역코드,UQA121,제1종일반주거지역,1,0,,제1종일반주거지역,20221008
경상남도 양산시 삼호동 760-4번지,48330,11400,0,0760,0004,12643869,,,,1,용도지역코드,1020,일반주거지역,1,0,,일반주거지역,20221008
경상남도 양산시 삼호동 760-4번지,48330,11400,0,0760,0004,12643869,,,,2,용도지구코드,160,택지개발지구,1,0,,택지개발지구,20221008
경상남도 양산시 삼호동 760-5번지,48330,11400,0,0760,0005,12644999,,,,1,용도지역코드,1022,제2종일반주거지역,1,0,,제2종일반주거지역,20221008
경상남도 양산시 삼호동 760-5번지,48330,11400,0,0760,0005,12644999,,,,2,용도지구코드,160,택지개발지구,1,0,,택지개발지구,20221008
경상남도 양산시 삼호동 760-5번지,48330,11400,0,0760,0005,12644999,,,,3,용도구역코드,300,지구단위계획구역,1,0,,지구단위계획구역,20221008
경상남도 양산시 삼호동 760-6번지,48330,11400,0,0760,0006,12644532,,,,2,용도지구코드,160,택지개발지구,1,0,,택지개발지구,20221008
경상남도 양산시 삼호동 760-6번지,48330,11400,0,0760,0006,12644532,,,,3,용도구역코드,300,지구단위계획구역,1,0,,지구단위계획구역,20221008
경상남도 양산시 삼호동 760-6번지,48330,11400,0,0760,0006,12644532,,,,1,용도지역코드,1022,제2종일반주거지역,1,0,,제2종일반주거지역,20221008
경상남도 양산시 삼호동 760-7번지,48330,11400,0,0760,0007,12644549,,,,1,용도지역코드,1022,제2종일반주거지역,1,0,,제2종일반주거지역,20221008
경상남도 양산시 삼호동 760-7번지,48330,11400,0,0760,0007,12644549,,,,2,용도지구코드,160,택지개발지구,1,0,,택지개발지구,20221008
경상남도 양산시 삼호동 760-7번지,48330,11400,0,0760,0007,12644549,,,,3,용도구역코드,300,지구단위계획구역,1,0,,지구단위계획구역,20221008
경상남도 양산시 삼호동 760-8번지,48330,11400,0,0760,0008,12644550,,,,1,용도지역코드,1022,제2종일반주거지역,1,0,,제2종일반주거지역,20221008
경상남도 양산시 삼호동 760-8번지,48330,11400,0,0760,0008,12644550,,,,2,용도지구코드,160,택지개발지구,1,0,,택지개발지구,20221008
경상남도 양산시 삼호동 760-8번지,48330,11400,0,0760,0008,12644550,,,,3,용도구역코드,300,지구단위계획구역,1,0,,지구단위계획구역,20221008
경상남도 양산시 삼호동 760-9번지,48330,11400,0,0760,0009,12643891,,,,1,용도지역코드,1020,일반주거지역,1,0,,일반주거지역,20221008
경상남도 양산시 삼호동 760-9번지,48330,11400,0,0760,0009,12643891,,,,2,용도지구코드,160,택지개발지구,1,0,,택지개발지구,20221008
경상남도 양산시 삼호동 760-9번지,48330,11400,0,0760,0009,12643891,,,,3,용도구역코드,300,지구단위계획구역,1,0,,지구단위계획구역,20221008
경상남도 양산시 삼호동 760-10번지,48330,11400,0,0760,0010,12643807,,,,3,용도구역코드,300,지구단위계획구역,1,0,,지구단위계획구역,20221008
경상남도 양산시 삼호동 760-10번지,48330,11400,0,0760,0010,12643807,,,,1,용도지역코드,1022,제2종일반주거지역,1,0,,제2종일반주거지역,20221008
경상남도 양산시 삼호동 760-10번지,48330,11400,0,0760,0010,12643807,,,,2,용도지구코드,160,택지개발지구,1,0,,택지개발지구,20221008
경상남도 양산시 삼호동 760-11번지,48330,11400,0,0760,0011,12643808,,,,1,용도지역코드,1022,제2종일반주거지역,1,0,,제2종일반주거지역,20221008
경상남도 양산시 삼호동 760-11번지,48330,11400,0,0760,0011,12643808,,,,2,용도지구코드,160,택지개발지구,1,0,,택지개발지구,20221008
경상남도 양산시 삼호동 760-11번지,48330,11400,0,0760,0011,12643808,,,,3,용도구역코드,300,지구단위계획구역,1,0,,지구단위계획구역,20221008
경상남도 양산시 삼호동 760-12번지,48330,11400,0,0760,0012,1264100071899,,,,1,용도지역코드,UQA121,제1종일반주거지역,1,0,,제1종일반주거지역,20221008
경상남도 양산시 삼호동 760-12번지,48330,11400,0,0760,0012,1264100071899,,,,3,용도구역코드,UQQ310,제1종지구단위계획구역,0,0,,제1종지구단위계획구역,20221008
경상남도 양산시 삼호동 760-12번지,48330,11400,0,0760,0012,1264100071899,,,,3,용도구역코드,UOA120,상대보호구역,0,0,,상대정화구역,20221008
경상남도 양산시 삼호동 760-14번지,48330,11400,0,0760,0014,12644663,,,,1,용도지역코드,1022,제2종일반주거지역,1,0,,제2종일반주거지역,20221008
경상남도 양산시 삼호동 760-14번지,48330,11400,0,0760,0014,12644663,,,,2,용도지구코드,160,택지개발지구,1,0,,택지개발지구,20221008
경상남도 양산시 삼호동 760-14번지,48330,11400,0,0760,0014,12644663,,,,3,용도구역코드,300,지구단위계획구역,1,0,,지구단위계획구역,20221008
경상남도 양산시 삼호동 760-15번지,48330,11400,0,0760,0015,12643833,,,,1,용도지역코드,1020,일반주거지역,1,0,,일반주거지역,20221008
경상남도 양산시 삼호동 760-15번지,48330,11400,0,0760,0015,12643833,,,,2,용도지구코드,160,택지개발지구,1,0,,택지개발지구,20221008
경상남도 양산시 삼호동 760-15번지,48330,11400,0,0760,0015,12643833,,,,3,용도구역코드,300,지구단위계획구역,1,0,,지구단위계획구역,20221008
경상남도 양산시 삼호동 760-20번지,48330,11400,0,0760,0020,1264100021703,,,,1,용도지역코드,UQA121,제1종일반주거지역,1,0,,제1종일반주거지역,20221008
경상남도 양산시 삼호동 761-1번지,48330,11400,0,0761,0001,12643686,,,,1,용도지역코드,1020,일반주거지역,1,0,,일반주거지역,20221008
경상남도 양산시 삼호동 761-1번지,48330,11400,0,0761,0001,12643686,,,,2,용도지구코드,160,택지개발지구,1,0,,택지개발지구,20221008
경상남도 양산시 삼호동 761-1번지,48330,11400,0,0761,0001,12643686,,,,3,용도구역코드,010,도시계획구역,1,0,,도시계획구역,20221008
경상남도 양산시 삼호동 761-1번지,48330,11400,0,0761,0001,12643686,,,,3,용도구역코드,050,상세계획구역,0,0,,상세계획구역,20221008
경상남도 양산시 삼호동 761-2번지,48330,11400,0,0761,0002,12644693,,,,1,용도지역코드,1022,제2종일반주거지역,1,0,,제2종일반주거지역,20221008
경상남도 양산시 삼호동 761-2번지,48330,11400,0,0761,0002,12644693,,,,2,용도지구코드,160,택지개발지구,1,0,,택지개발지구,20221008
경상남도 양산시 삼호동 761-2번지,48330,11400,0,0761,0002,12644693,,,,3,용도구역코드,300,지구단위계획구역,1,0,,지구단위계획구역,20221008
경상남도 양산시 삼호동 761-3번지,48330,11400,0,0761,0003,12645007,,,,1,용도지역코드,1022,제2종일반주거지역,1,0,,제2종일반주거지역,20221008
경상남도 양산시 삼호동 761-3번지,48330,11400,0,0761,0003,12645007,,,,2,용도지구코드,160,택지개발지구,1,0,,택지개발지구,20221008
경상남도 양산시 삼호동 761-3번지,48330,11400,0,0761,0003,12645007,,,,3,용도구역코드,300,지구단위계획구역,1,0,,지구단위계획구역,20221008
경상남도 양산시 삼호동 761-4번지,48330,11400,0,0761,0004,12643840,,,,1,용도지역코드,1020,일반주거지역,1,0,,일반주거지역,20221008
경상남도 양산시 삼호동 761-5번지,48330,11400,0,0761,0005,12643875,,,,1,용도지역코드,1020,일반주거지역,1,0,,일반주거지역,20221008
경상남도 양산시 삼호동 761-5번지,48330,11400,0,0761,0005,12643875,,,,2,용도지구코드,160,택지개발지구,1,0,,택지개발지구,20221008
경상남도 양산시 삼호동 761-6번지,48330,11400,0,0761,0006,12644057,,,,1,용도지역코드,1022,제2종일반주거지역,1,0,,제2종일반주거지역,20221008
경상남도 양산시 삼호동 761-6번지,48330,11400,0,0761,0006,1264100022146,,,,1,용도지역코드,UQA121,제1종일반주거지역,1,0,,제1종일반주거지역,20221008
경상남도 양산시 삼호동 761-7번지,48330,11400,0,0761,0007,12644058,,,,1,용도지역코드,1022,제2종일반주거지역,1,0,,제2종일반주거지역,20221008
경상남도 양산시 삼호동 761-7번지,48330,11400,0,0761,0007,1264100022121,,,,1,용도지역코드,UQA121,제1종일반주거지역,1,0,,제1종일반주거지역,20221008
경상남도 양산시 삼호동 761-8번지,48330,11400,0,0761,0008,12643968,,,,1,용도지역코드,1022,제2종일반주거지역,1,0,,제2종일반주거지역,20221008
경상남도 양산시 삼호동 761-8번지,48330,11400,0,0761,0008,12643968,,,,2,용도지구코드,160,택지개발지구,1,0,,택지개발지구,20221008
경상남도 양산시 삼호동 761-8번지,48330,11400,0,0761,0008,12643968,,,,3,용도구역코드,300,지구단위계획구역,1,0,,지구단위계획구역,20221008
경상남도 양산시 삼호동 761-9번지,48330,11400,0,0761,0009,12643871,,,,1,용도지역코드,1020,일반주거지역,1,0,,일반주거지역,20221008
경상남도 양산시 삼호동 761-9번지,48330,11400,0,0761,0009,12643871,,,,2,용도지구코드,160,택지개발지구,1,0,,택지개발지구,20221008
경상남도 양산시 삼호동 761-9번지,48330,11400,0,0761,0009,12643871,,,,3,용도구역코드,300,지구단위계획구역,1,0,,지구단위계획구역,20221008
경상남도 양산시 삼호동 761-10번지,48330,11400,0,0761,0010,12647803,,,,1,용도지역코드,1021,제1종일반주거지역,1,0,,제1종일반주거지역,20221008
경상남도 양산시 삼호동 761-10번지,48330,11400,0,0761,0010,12647803,,,,2,용도지구코드,160,택지개발지구,1,0,,택지개발지구,20221008
경상남도 양산시 삼호동 761-10번지,48330,11400,0,0761,0010,12647803,,,,3,용도구역코드,301,제1종지구단위계획구역,1,0,,제1종지구단위계획구역,20221008
경상남도 양산시 삼호동 761-11번지,48330,11400,0,0761,0011,1264100081619,,,,1,용도지역코드,UQA121,제1종일반주거지역,1,0,,제1종일반주거지역,20221008
경상남도 양산시 삼호동 761-11번지,48330,11400,0,0761,0011,1264100081619,,,,3,용도구역코드,UQQ310,제1종지구단위계획구역,1,0,,제1종지구단위계획구역,20221008
경상남도 양산시 삼호동 761-12번지,48330,11400,0,0761,0012,1264100026530,,,,1,용도지역코드,UQA121,제1종일반주거지역,1,0,,제1종일반주거지역,20221008
경상남도 양산시 삼호동 761-13번지,48330,11400,0,0761,0013,1264100052267,,,,1,용도지역코드,UQA121,제1종일반주거지역,1,0,,제1종일반주거지역,20221008
경상남도 양산시 삼호동 761-15번지,48330,11400,0,0761,0015,1264100083003,,,,1,용도지역코드,UQA121,제1종일반주거지역,1,0,,제1종일반주거지역,20221008
경상남도 양산시 삼호동 761-15번지,48330,11400,0,0761,0015,1264100083003,,,,3,용도구역코드,UQQ310,제1종지구단위계획구역,1,0,,제1종지구단위계획구역,20221008
경상남도 양산시 삼호동 761-16번지,48330,11400,0,0761,0016,12647137,,,,1,용도지역코드,1021,제1종일반주거지역,1,0,,제1종일반주거지역,20221008
경상남도 양산시 삼호동 761-16번지,48330,11400,0,0761,0016,12647137,,,,3,용도구역코드,301,제1종지구단위계획구역,1,0,,제1종지구단위계획구역,20221008
경상남도 양산시 삼호동 761-18번지,48330,11400,0,0761,0018,1264100083005,,,,1,용도지역코드,UQA121,제1종일반주거지역,1,0,,제1종일반주거지역,20221008
경상남도 양산시 삼호동 761-18번지,48330,11400,0,0761,0018,1264100083005,,,,3,용도구역코드,UQQ310,제1종지구단위계획구역,1,0,,제1종지구단위계획구역,20221008
경상남도 양산시 삼호동 761-19번지,48330,11400,0,0761,0019,12645520,,,,1,용도지역코드,1022,제2종일반주거지역,1,0,,제2종일반주거지역,20221008
경상남도 양산시 삼호동 761-19번지,48330,11400,0,0761,0019,12645520,,,,2,용도지구코드,160,택지개발지구,1,0,,택지개발지구,20221008
경상남도 양산시 삼호동 761-19번지,48330,11400,0,0761,0019,12645520,,,,3,용도구역코드,301,제1종지구단위계획구역,1,0,,제1종지구단위계획구역,20221008
경상남도 양산시 삼호동 761-20번지,48330,11400,0,0761,0020,1264100045928,,,,1,용도지역코드,UQA121,제1종일반주거지역,1,0,,제1종일반주거지역,20221008
경상남도 양산시 삼호동 761-20번지,48330,11400,0,0761,0020,1264100045928,,,,3,용도구역코드,UQQ310,제1종지구단위계획구역,1,0,,제1종지구단위계획구역,20221008
경상남도 양산시 삼호동 762-1번지,48330,11400,0,0762,0001,1264100050626,,,,1,용도지역코드,UQA130,준주거지역,1,0,,준주거지역,20221008
경상남도 양산시 삼호동 762-1번지,48330,11400,0,0762,0001,1264100053508,,,,1,용도지역코드,UQA130,준주거지역,1,0,,준주거지역,20221008
경상남도 양산시 삼호동 762-2번지,48330,11400,0,0762,0002,12647011,,,,1,용도지역코드,1030,준주거지역,1,0,,준주거지역,20221008
경상남도 양산시 삼호동 762-2번지,48330,11400,0,0762,0002,12647011,,,,3,용도구역코드,300,지구단위계획구역,1,0,,지구단위계획구역,20221008
경상남도 양산시 삼호동 762-3번지,48330,11400,0,0762,0003,12648612,,,,1,용도지역코드,1030,준주거지역,1,0,,준주거지역,20221008
경상남도 양산시 삼호동 762-3번지,48330,11400,0,0762,0003,12648612,,,,3,용도구역코드,300,지구단위계획구역,1,0,,지구단위계획구역,20221008
경상남도 양산시 삼호동 762-3번지,48330,11400,0,0762,0003,12645366,,,,1,용도지역코드,1030,준주거지역,1,0,,준주거지역,20221008
경상남도 양산시 삼호동 762-3번지,48330,11400,0,0762,0003,12645366,,,,2,용도지구코드,160,택지개발지구,1,0,,택지개발지구,20221008
경상남도 양산시 삼호동 762-3번지,48330,11400,0,0762,0003,12645366,,,,3,용도구역코드,300,지구단위계획구역,1,0,,지구단위계획구역,20221008
경상남도 양산시 삼호동 762-4번지,48330,11400,0,0762,0004,1264100132623,,,,1,용도지역코드,UQA130,준주거지역,1,0,,준주거지역,20221008
경상남도 양산시 삼호동 762-4번지,48330,11400,0,0762,0004,1264100132623,,,,3,용도구역코드,UQQ310,제1종지구단위계획구역,1,0,,제1종지구단위계획구역,20221008
경상남도 양산시 삼호동 762-4번지,48330,11400,0,0762,0004,12643199,,,,1,용도지역코드,1030,준주거지역,1,0,,준주거지역,20221008
경상남도 양산시 삼호동 762-4번지,48330,11400,0,0762,0004,12643199,,,,2,용도지구코드,160,택지개발지구,1,0,,택지개발지구,20221008
경상남도 양산시 삼호동 762-4번지,48330,11400,0,0762,0004,12643199,,,,3,용도구역코드,050,상세계획구역,1,0,,상세계획구역,20221008
경상남도 양산시 삼호동 762-5번지,48330,11400,0,0762,0005,12644841,,,,1,용도지역코드,1030,준주거지역,1,0,,준주거지역,20221008
경상남도 양산시 삼호동 762-5번지,48330,11400,0,0762,0005,12644841,,,,2,용도지구코드,160,택지개발지구,1,0,,택지개발지구,20221008
경상남도 양산시 삼호동 762-5번지,48330,11400,0,0762,0005,12644841,,,,3,용도구역코드,300,지구단위계획구역,1,0,,지구단위계획구역,20221008
경상남도 양산시 삼호동 763-2번지,48330,11400,0,0763,0002,12647058,,,,1,용도지역코드,1021,제1종일반주거지역,1,0,,제1종일반주거지역,20221008
경상남도 양산시 삼호동 763-2번지,48330,11400,0,0763,0002,12647058,,,,3,용도구역코드,301,제1종지구단위계획구역,1,0,,제1종지구단위계획구역,20221008
경상남도 양산시 삼호동 764-1번지,48330,11400,0,0764,0001,1000000000000000734122,,,,1,용도지역코드,UQA122,제2종일반주거지역,1,0,,제2종일반주거지역,20260126
경상남도 양산시 삼호동 764-1번지,48330,11400,0,0764,0001,1000000000000000734122,,,,3,용도구역코드,UQQ310,제1종지구단위계획구역,1,0,,제1종지구단위계획구역,20260126
경상남도 양산시 삼호동 764-1번지,48330,11400,0,0764,0001,1000000000000000820586,,,,1,용도지역코드,UQA122,제2종일반주거지역,1,0,,제2종일반주거지역,20251014
경상남도 양산시 삼호동 764-1번지,48330,11400,0,0764,0001,1000000000000000820586,,,,3,용도구역코드,UQQ310,제1종지구단위계획구역,1,0,,제1종지구단위계획구역,20251014
경상남도 양산시 삼호동 764-1번지,48330,11400,0,0764,0001,1264100036054,,,,1,용도지역코드,UQA122,제2종일반주거지역,1,0,,제2종일반주거지역,20221008
경상남도 양산시 삼호동 764-1번지,48330,11400,0,0764,0001,1264100008267,,,,1,용도지역코드,1022,제2종일반주거지역,1,0,,제2종일반주거지역,20221008
경상남도 양산시 삼호동 764-3번지,48330,11400,0,0764,0003,1264100037594,,,,1,용도지역코드,UQA122,제2종일반주거지역,1,0,,제2종일반주거지역,20221008
경상남도 양산시 삼호동 764-3번지,48330,11400,0,0764,0003,1264100037594,,,,3,용도구역코드,UQQ310,제1종지구단위계획구역,1,0,,제1종지구단위계획구역,20221008
경상남도 양산시 삼호동 765-1번지,48330,11400,0,0765,0001,1264100072341,,,,1,용도지역코드,UQA130,준주거지역,1,0,,준주거지역,20221008
경상남도 양산시 삼호동 765-1번지,48330,11400,0,0765,0001,1264100072341,,,,3,용도구역코드,UQQ310,제1종지구단위계획구역,1,0,,제1종지구단위계획구역,20221008
경상남도 양산시 삼호동 765-1번지,48330,11400,0,0765,0001,1264100072341,,,,3,용도구역코드,UOA120,상대보호구역,0,0,,상대정화구역,20221008
경상남도 양산시 삼호동 765-3번지,48330,11400,0,0765,0003,1264100047686,,,,1,용도지역코드,UQA130,준주거지역,1,0,,준주거지역,20221008
경상남도 양산시 삼호동 765-3번지,48330,11400,0,0765,0003,1264100047686,,,,3,용도구역코드,UQQ310,제1종지구단위계획구역,1,0,,제1종지구단위계획구역,20221008
경상남도 양산시 삼호동 765-4번지,48330,11400,0,0765,0004,1264100057270,,,,1,용도지역코드,UQA130,준주거지역,1,0,,준주거지역,20221008
경상남도 양산시 삼호동 765-4번지,48330,11400,0,0765,0004,1264100057270,,,,3,용도구역코드,UQQ310,제1종지구단위계획구역,1,0,,제1종지구단위계획구역,20221008
경상남도 양산시 삼호동 765-4번지,48330,11400,0,0765,0004,1264100057270,,,,3,용도구역코드,UOA120,상대보호구역,0,0,,상대정화구역,20221008
경상남도 양산시 삼호동 766-1번지,48330,11400,0,0766,0001,1264100024509,,,,1,용도지역코드,UQA130,준주거지역,1,0,,준주거지역,20221008
경상남도 양산시 삼호동 766-1번지,48330,11400,0,0766,0001,1264100024509,,,,3,용도구역코드,UQQ310,제1종지구단위계획구역,1,0,,제1종지구단위계획구역,20221008
경상남도 양산시 삼호동 766-2번지,48330,11400,0,0766,0002,1264100086841,,,,1,용도지역코드,UQA130,준주거지역,1,0,,준주거지역,20221008
경상남도 양산시 삼호동 766-2번지,48330,11400,0,0766,0002,1264100086841,,,,3,용도구역코드,UQQ310,제1종지구단위계획구역,1,0,,제1종지구단위계획구역,20221008
경상남도 양산시 삼호동 766-2번지,48330,11400,0,0766,0002,1264100086841,,,,3,용도구역코드,UOA120,상대보호구역,0,0,,상대정화구역,20221008
경상남도 양산시 삼호동 766-3번지,48330,11400,0,0766,0003,1264100139528,,,,1,용도지역코드,UQA130,준주거지역,1,0,,준주거지역,20221008
경상남도 양산시 삼호동 766-3번지,48330,11400,0,0766,0003,1264100139528,,,,3,용도구역코드,UQQ310,제1종지구단위계획구역,1,0,,제1종지구단위계획구역,20221008
경상남도 양산시 삼호동 766-3번지,48330,11400,0,0766,0003,1264100139528,,,,3,용도구역코드,UOA120,상대보호구역,0,0,,상대보호구역,20221008
경상남도 양산시 삼호동 766-3번지,48330,11400,0,0766,0003,1264100087663,,,,1,용도지역코드,UQA130,준주거지역,1,0,,준주거지역,20221008
경상남도 양산시 삼호동 766-3번지,48330,11400,0,0766,0003,1264100087663,,,,3,용도구역코드,UQQ310,제1종지구단위계획구역,1,0,,제1종지구단위계획구역,20221008
경상남도 양산시 삼호동 766-4번지,48330,11400,0,0766,0004,1264100091063,,,,1,용도지역코드,UQA130,준주거지역,1,0,,준주거지역,20221008
경상남도 양산시 삼호동 766-4번지,48330,11400,0,0766,0004,1264100091063,,,,3,용도구역코드,UQQ310,제1종지구단위계획구역,1,0,,제1종지구단위계획구역,20221008
경상남도 양산시 삼호동 766-4번지,48330,11400,0,0766,0004,1264100091063,,,,3,용도구역코드,UOA120,상대보호구역,0,0,,상대정화구역,20221008
경상남도 양산시 삼호동 767-1번지,48330,11400,0,0767,0001,1264100024911,,,,1,용도지역코드,UQA130,준주거지역,1,0,,준주거지역,20221008
경상남도 양산시 삼호동 767-1번지,48330,11400,0,0767,0001,1264100015794,,,,1,용도지역코드,1030,준주거지역,1,0,,준주거지역,20221008
경상남도 양산시 삼호동 767-1번지,48330,11400,0,0767,0001,1264100033450,,,,1,용도지역코드,UQA130,준주거지역,1,0,,준주거지역,20221008
경상남도 양산시 삼호동 767-5번지,48330,11400,0,0767,0005,1264100015754,,,,1,용도지역코드,1030,준주거지역,1,0,,준주거지역,20221008
경상남도 양산시 삼호동 767-5번지,48330,11400,0,0767,0005,1264100024910,,,,1,용도지역코드,UQA130,준주거지역,1,0,,준주거지역,20221008
경상남도 양산시 삼호동 767-6번지,48330,11400,0,0767,0006,1264100016036,,,,1,용도지역코드,1030,준주거지역,1,0,,준주거지역,20221008
경상남도 양산시 삼호동 767-6번지,48330,11400,0,0767,0006,1264100019457,,,,1,용도지역코드,1030,준주거지역,1,0,,준주거지역,20221008
경상남도 양산시 삼호동 775번지,48330,11400,0,0775,0000,1264100039875,,,,1,용도지역코드,UQA122,제2종일반주거지역,1,0,,제2종일반주거지역,20221008
경상남도 양산시 삼호동 776번지,48330,11400,0,0776,0000,1264100039874,,,,1,용도지역코드,UQA122,제2종일반주거지역,1,0,,제2종일반주거지역,20221008
경상남도 양산시 삼호동 779-11번지,48330,11400,0,0779,0011,1264100060672,,,,1,용도지역코드,UQA220,일반상업지역,1,0,,일반상업지역,20221008
경상남도 양산시 삼호동 779-12번지,48330,11400,0,0779,0012,1264100120739,,,,1,용도지역코드,UQA220,일반상업지역,1,0,,일반상업지역,20221008
경상남도 양산시 삼호동 779-12번지,48330,11400,0,0779,0012,1264100120739,,,,3,용도구역코드,UOA120,상대보호구역,1,0,,상대보호구역,20221008
경상남도 양산시 삼호동 779-12번지,48330,11400,0,0779,0012,1264100120739,,,,3,용도구역코드,UOA110,절대정화구역,0,0,,절대보호구역,20221008
경상남도 양산시 삼호동 779-12번지,48330,11400,0,0779,0012,12648783,,,,1,용도지역코드,1120,일반상업지역,1,0,,일반상업지역,20221008
경상남도 양산시 삼호동 779-12번지,48330,11400,0,0779,0012,12648783,,,,3,용도구역코드,010,도시계획구역,1,0,,도시계획구역,20221008
경상남도 양산시 삼호동 781번지,48330,11400,0,0781,0000,12649071,,,,1,용도지역코드,1120,일반상업지역,1,0,,일반상업지역,20221008
경상남도 양산시 삼호동 782-4번지,48330,11400,0,0782,0004,1264100035872,,,,1,용도지역코드,UQA220,일반상업지역,1,0,,일반상업지역,20221008
경상남도 양산시 삼호동 782-9번지,48330,11400,0,0782,0009,1264100038972,,,,1,용도지역코드,UQA220,일반상업지역,1,0,,일반상업지역,20221008
경상남도 양산시 삼호동 782-9번지,48330,11400,0,0782,0009,1264100038972,,,,3,용도구역코드,UOA120,상대보호구역,1,0,,상대정화구역,20221008
경상남도 양산시 삼호동 782-13번지,48330,11400,0,0782,0013,12648807,,,,1,용도지역코드,1120,일반상업지역,1,0,,일반상업지역,20221008
경상남도 양산시 삼호동 782-22번지,48330,11400,0,0782,0022,1264100038335,,,,1,용도지역코드,UQA130,준주거지역,1,0,,준주거지역,20221008
경상남도 양산시 삼호동 782-22번지,48330,11400,0,0782,0022,1264100043889,,,,1,용도지역코드,UQA130,준주거지역,1,0,,준주거지역,20221008
경상남도 양산시 삼호동 782-25번지,48330,11400,0,0782,0025,1264100038337,,,,1,용도지역코드,UQA130,준주거지역,1,0,,준주거지역,20221008
경상남도 양산시 삼호동 783-3번지,48330,11400,0,0783,0003,12649211,,,,1,용도지역코드,1030,준주거지역,1,0,,준주거지역,20221008
경상남도 양산시 삼호동 783-6번지,48330,11400,0,0783,0006,1000000000000000619045,,,,1,용도지역코드,UQA220,일반상업지역,1,0,,일반상업지역,20251208
경상남도 양산시 삼호동 783-6번지,48330,11400,0,0783,0006,1000000000000000619045,,,,3,용도구역코드,UOA120,상대보호구역,1,0,,상대보호구역,20251208
경상남도 양산시 삼호동 784-1번지,48330,11400,0,0784,0001,1264100107897,,,,1,용도지역코드,UQA130,준주거지역,1,0,,준주거지역,20221008
경상남도 양산시 삼호동 790-1번지,48330,11400,0,0790,0001,1264100016834,,,,1,용도지역코드,1030,준주거지역,1,0,,준주거지역,20221008
경상남도 양산시 삼호동 790-1번지,48330,11400,0,0790,0001,1264100016834,,,,3,용도구역코드,272,상대정화구역,1,0,,상대정화구역,20221008
경상남도 양산시 삼호동 790-2번지,48330,11400,0,0790,0002,12645374,,,,1,용도지역코드,1022,제2종일반주거지역,1,0,,제2종일반주거지역,20221008
경상남도 양산시 삼호동 790-2번지,48330,11400,0,0790,0002,12645374,,,,2,용도지구코드,160,택지개발지구,1,0,,택지개발지구,20221008
경상남도 양산시 삼호동 790-2번지,48330,11400,0,0790,0002,12645374,,,,3,용도구역코드,301,제1종지구단위계획구역,1,0,,제1종지구단위계획구역,20221008
경상남도 양산시 삼호동 790-2번지,48330,11400,0,0790,0002,1264100032923,,,,1,용도지역코드,UQA130,준주거지역,1,0,,준주거지역,20221008
경상남도 양산시 삼호동 790-2번지,48330,11400,0,0790,0002,1264100032923,,,,3,용도구역코드,UQQ310,제1종지구단위계획구역,1,0,,제1종지구단위계획구역,20221008
경상남도 양산시 삼호동 790-2번지,48330,11400,0,0790,0002,1264100032923,,,,3,용도구역코드,UOA120,상대보호구역,0,0,,상대정화구역,20221008
경상남도 양산시 삼호동 790-2번지,48330,11400,0,0790,0002,12649093,,,,1,용도지역코드,1030,준주거지역,1,0,,준주거지역,20221008
경상남도 양산시 삼호동 790-2번지,48330,11400,0,0790,0002,12649093,,,,3,용도구역코드,301,제1종지구단위계획구역,1,0,,제1종지구단위계획구역,20221008
경상남도 양산시 삼호동 790-3번지,48330,11400,0,0790,0003,1264100066583,,,,1,용도지역코드,UQA130,준주거지역,1,0,,준주거지역,20221008
경상남도 양산시 삼호동 790-3번지,48330,11400,0,0790,0003,1264100066583,,,,3,용도구역코드,UQQ310,제1종지구단위계획구역,1,0,,제1종지구단위계획구역,20221008
경상남도 양산시 삼호동 790-4번지,48330,11400,0,0790,0004,1264100107273,,,,1,용도지역코드,UQA130,준주거지역,1,0,,준주거지역,20221008
경상남도 양산시 삼호동 790-4번지,48330,11400,0,0790,0004,1264100107273,,,,3,용도구역코드,UQQ310,제1종지구단위계획구역,1,0,,제1종지구단위계획구역,20221008
경상남도 양산시 삼호동 790-4번지,48330,11400,0,0790,0004,12646947,,,,1,용도지역코드,1030,준주거지역,1,0,,준주거지역,20221008
경상남도 양산시 삼호동 790-4번지,48330,11400,0,0790,0004,1264100150372,,,,1,용도지역코드,UQA130,준주거지역,1,0,,준주거지역,20221008
경상남도 양산시 삼호동 790-4번지,48330,11400,0,0790,0004,1264100150372,,,,3,용도구역코드,UQQ310,제1종지구단위계획구역,1,0,,제1종지구단위계획구역,20221008
경상남도 양산시 삼호동 790-4번지,48330,11400,0,0790,0004,1264100013072,,,,1,용도지역코드,1030,준주거지역,1,0,,준주거지역,20221008
경상남도 양산시 삼호동 790-4번지,48330,11400,0,0790,0004,1264100013072,,,,3,용도구역코드,301,제1종지구단위계획구역,1,0,,제1종지구단위계획구역,20221008
경상남도 양산시 삼호동 790-8번지,48330,11400,0,0790,0008,1264100035799,,,,1,용도지역코드,UQA130,준주거지역,1,0,,준주거지역,20221008
경상남도 양산시 삼호동 790-8번지,48330,11400,0,0790,0008,1264100035799,,,,3,용도구역코드,UQQ310,제1종지구단위계획구역,1,0,,제1종지구단위계획구역,20221008
경상남도 양산시 삼호동 790-8번지,48330,11400,0,0790,0008,1264100035799,,,,3,용도구역코드,UOA120,상대보호구역,0,0,,상대정화구역,20221008
경상남도 양산시 삼호동 790-9번지,48330,11400,0,0790,0009,1264100059472,,,,1,용도지역코드,UQA130,준주거지역,1,0,,준주거지역,20221008
경상남도 양산시 삼호동 790-9번지,48330,11400,0,0790,0009,1264100059472,,,,3,용도구역코드,UOA120,상대보호구역,1,0,,상대정화구역,20221008
경상남도 양산시 삼호동 791-1번지,48330,11400,0,0791,0001,1264100072321,,,,1,용도지역코드,UQA130,준주거지역,1,0,,준주거지역,20221008
경상남도 양산시 삼호동 791-1번지,48330,11400,0,0791,0001,1264100072321,,,,3,용도구역코드,UOA120,상대보호구역,1,0,,상대정화구역,20221008
경상남도 양산시 삼호동 791-1번지,48330,11400,0,0791,0001,1264100072321,,,,3,용도구역코드,UQQ310,제1종지구단위계획구역,0,0,,제1종지구단위계획구역,20221008
경상남도 양산시 삼호동 791-1번지,48330,11400,0,0791,0001,1264100083042,,,,1,용도지역코드,UQA130,준주거지역,1,0,,준주거지역,20221008
경상남도 양산시 삼호동 791-1번지,48330,11400,0,0791,0001,1264100083042,,,,3,용도구역코드,UQQ310,제1종지구단위계획구역,1,0,,제1종지구단위계획구역,20221008
경상남도 양산시 삼호동 791-1번지,48330,11400,0,0791,0001,1264100083042,,,,3,용도구역코드,UOA120,상대보호구역,0,0,,상대정화구역,20221008
경상남도 양산시 삼호동 791-2번지,48330,11400,0,0791,0002,1264100033887,,,,1,용도지역코드,UQA130,준주거지역,1,0,,준주거지역,20221008
경상남도 양산시 삼호동 791-2번지,48330,11400,0,0791,0002,1264100033887,,,,3,용도구역코드,UQQ310,제1종지구단위계획구역,1,0,,제1종지구단위계획구역,20221008
경상남도 양산시 삼호동 791-3번지,48330,11400,0,0791,0003,1264100074799,,,,1,용도지역코드,UQA130,준주거지역,1,0,,준주거지역,20221008
경상남도 양산시 삼호동 791-4번지,48330,11400,0,0791,0004,12647187,,,,1,용도지역코드,1030,준주거지역,1,0,,준주거지역,20221008
경상남도 양산시 삼호동 791-4번지,48330,11400,0,0791,0004,12647187,,,,2,용도지구코드,160,택지개발지구,1,0,,택지개발지구,20221008
경상남도 양산시 삼호동 791-4번지,48330,11400,0,0791,0004,12647187,,,,3,용도구역코드,301,제1종지구단위계획구역,1,0,,제1종지구단위계획구역,20221008
경상남도 양산시 삼호동 791-4번지,48330,11400,0,0791,0004,12644973,,,,1,용도지역코드,1030,준주거지역,1,0,,준주거지역,20221008
경상남도 양산시 삼호동 791-4번지,48330,11400,0,0791,0004,12644973,,,,2,용도지구코드,160,택지개발지구,1,0,,택지개발지구,20221008
경상남도 양산시 삼호동 791-4번지,48330,11400,0,0791,0004,12644973,,,,3,용도구역코드,300,지구단위계획구역,1,0,,지구단위계획구역,20221008
경상남도 양산시 삼호동 791-4번지,48330,11400,0,0791,0004,12649070,,,,1,용도지역코드,1021,제1종일반주거지역,1,0,,제1종일반주거지역,20221008
경상남도 양산시 삼호동 791-4번지,48330,11400,0,0791,0004,12649070,,,,2,용도지구코드,160,택지개발지구,1,0,,택지개발지구,20221008
경상남도 양산시 삼호동 791-4번지,48330,11400,0,0791,0004,12649070,,,,3,용도구역코드,301,제1종지구단위계획구역,1,0,,제1종지구단위계획구역,20221008
경상남도 양산시 삼호동 791-6번지,48330,11400,0,0791,0006,1264100086842,,,,1,용도지역코드,UQA130,준주거지역,1,0,,준주거지역,20221008
경상남도 양산시 삼호동 791-6번지,48330,11400,0,0791,0006,1264100086842,,,,3,용도구역코드,UQQ310,제1종지구단위계획구역,1,0,,제1종지구단위계획구역,20221008
경상남도 양산시 삼호동 791-6번지,48330,11400,0,0791,0006,1264100086842,,,,3,용도구역코드,UOA120,상대보호구역,0,0,,상대정화구역,20221008
경상남도 양산시 삼호동 791-9번지,48330,11400,0,0791,0009,1264100068099,,,,3,용도구역코드,UQQ310,제1종지구단위계획구역,1,0,,제1종지구단위계획구역,20221008
경상남도 양산시 삼호동 791-9번지,48330,11400,0,0791,0009,1264100068099,,,,1,용도지역코드,UQA130,준주거지역,1,0,,준주거지역,20221008
경상남도 양산시 삼호동 794-1번지,48330,11400,0,0794,0001,1264100085902,,,,1,용도지역코드,UQA130,준주거지역,1,0,,준주거지역,20221008
경상남도 양산시 삼호동 794-1번지,48330,11400,0,0794,0001,1264100085902,,,,3,용도구역코드,UQQ310,제1종지구단위계획구역,1,0,,제1종지구단위계획구역,20221008
경상남도 양산시 삼호동 794-1번지,48330,11400,0,0794,0001,1264100085902,,,,3,용도구역코드,UOA120,상대보호구역,0,0,,상대정화구역,20221008
경상남도 양산시 삼호동 794-1번지,48330,11400,0,0794,0001,1264100095088,,,,1,용도지역코드,UQA130,준주거지역,1,0,,준주거지역,20221008
경상남도 양산시 삼호동 794-1번지,48330,11400,0,0794,0001,1264100095088,,,,3,용도구역코드,UQQ310,제1종지구단위계획구역,1,0,,제1종지구단위계획구역,20221008
경상남도 양산시 삼호동 794-1번지,48330,11400,0,0794,0001,1264100095088,,,,3,용도구역코드,UOA120,상대보호구역,0,0,,상대정화구역,20221008
경상남도 양산시 삼호동 794-2번지,48330,11400,0,0794,0002,1264100149430,,,,1,용도지역코드,UQA130,준주거지역,1,0,,준주거지역,20221008
경상남도 양산시 삼호동 794-2번지,48330,11400,0,0794,0002,1264100149430,,,,3,용도구역코드,UQQ310,제1종지구단위계획구역,1,0,,제1종지구단위계획구역,20221008
경상남도 양산시 삼호동 794-4번지,48330,11400,0,0794,0004,1264100093661,,,,1,용도지역코드,UQA130,준주거지역,1,0,,준주거지역,20221008
경상남도 양산시 삼호동 794-4번지,48330,11400,0,0794,0004,1264100093661,,,,3,용도구역코드,UQQ310,제1종지구단위계획구역,1,0,,제1종지구단위계획구역,20221008
경상남도 양산시 삼호동 794-4번지,48330,11400,0,0794,0004,1264100093661,,,,3,용도구역코드,UOA120,상대보호구역,0,0,,상대정화구역,20221008
경상남도 양산시 삼호동 794-4번지,48330,11400,0,0794,0004,1264100154750,,,,1,용도지역코드,UQA130,준주거지역,1,0,,준주거지역,20221008
경상남도 양산시 삼호동 794-4번지,48330,11400,0,0794,0004,1264100154750,,,,3,용도구역코드,UQQ310,제1종지구단위계획구역,1,0,,제1종지구단위계획구역,20221008
경상남도 양산시 삼호동 795-2번지,48330,11400,0,0795,0002,12646314,,,,1,용도지역코드,1030,준주거지역,1,0,,준주거지역,20221008
경상남도 양산시 삼호동 795-2번지,48330,11400,0,0795,0002,12646314,,,,3,용도구역코드,300,지구단위계획구역,1,0,,지구단위계획구역,20221008
경상남도 양산시 삼호동 795-3번지,48330,11400,0,0795,0003,12644494,,,,1,용도지역코드,1030,준주거지역,1,0,,준주거지역,20221008
경상남도 양산시 삼호동 795-4번지,48330,11400,0,0795,0004,1264100022888,,,,1,용도지역코드,UQA130,준주거지역,1,0,,준주거지역,20221008
경상남도 양산시 삼호동 795-4번지,48330,11400,0,0795,0004,1264100022888,,,,3,용도구역코드,UQQ310,제1종지구단위계획구역,1,0,,제1종지구단위계획구역,20221008
경상남도 양산시 삼호동 795-4번지,48330,11400,0,0795,0004,1264100022888,,,,3,용도구역코드,UOA120,상대보호구역,0,0,,상대정화구역,20221008
경상남도 양산시 삼호동 796-1번지,48330,11400,0,0796,0001,1264100052491,,,,1,용도지역코드,UQA121,제1종일반주거지역,1,0,,제1종일반주거지역,20221008
경상남도 양산시 삼호동 796-1번지,48330,11400,0,0796,0001,1264100052491,,,,3,용도구역코드,UQQ310,제1종지구단위계획구역,1,0,,제1종지구단위계획구역,20221008
경상남도 양산시 삼호동 796-1번지,48330,11400,0,0796,0001,1264100052491,,,,3,용도구역코드,UOA120,상대보호구역,0,0,,상대정화구역,20221008
경상남도 양산시 삼호동 796-2번지,48330,11400,0,0796,0002,1264100025411,,,,1,용도지역코드,UQA121,제1종일반주거지역,1,0,,제1종일반주거지역,20221008
경상남도 양산시 삼호동 796-2번지,48330,11400,0,0796,0002,1264100006086,,,,1,용도지역코드,1021,제1종일반주거지역,1,0,,제1종일반주거지역,20221008
경상남도 양산시 삼호동 796-4번지,48330,11400,0,0796,0004,1264100024374,,,,1,용도지역코드,UQA121,제1종일반주거지역,1,0,,제1종일반주거지역,20221008
경상남도 양산시 삼호동 796-4번지,48330,11400,0,0796,0004,1264100024374,,,,3,용도구역코드,UQQ310,제1종지구단위계획구역,1,0,,제1종지구단위계획구역,20221008
경상남도 양산시 삼호동 796-5번지,48330,11400,0,0796,0005,1264100074820,,,,1,용도지역코드,UQA121,제1종일반주거지역,1,0,,제1종일반주거지역,20221008
경상남도 양산시 삼호동 796-5번지,48330,11400,0,0796,0005,1264100074820,,,,3,용도구역코드,UQQ310,제1종지구단위계획구역,1,0,,제1종지구단위계획구역,20221008
경상남도 양산시 삼호동 796-5번지,48330,11400,0,0796,0005,1264100074820,,,,3,용도구역코드,UOA120,상대보호구역,0,0,,상대정화구역,20221008
경상남도 양산시 삼호동 796-6번지,48330,11400,0,0796,0006,12645561,,,,1,용도지역코드,1022,제2종일반주거지역,1,0,,제2종일반주거지역,20221008
경상남도 양산시 삼호동 796-6번지,48330,11400,0,0796,0006,12645561,,,,2,용도지구코드,160,택지개발지구,1,0,,택지개발지구,20221008
경상남도 양산시 삼호동 796-6번지,48330,11400,0,0796,0006,12645561,,,,3,용도구역코드,300,지구단위계획구역,1,0,,지구단위계획구역,20221008
경상남도 양산시 삼호동 796-6번지,48330,11400,0,0796,0006,1264100095467,,,,1,용도지역코드,UQA121,제1종일반주거지역,1,0,,제1종일반주거지역,20221008
경상남도 양산시 삼호동 796-6번지,48330,11400,0,0796,0006,1264100095467,,,,3,용도구역코드,UQQ310,제1종지구단위계획구역,1,0,,제1종지구단위계획구역,20221008
경상남도 양산시 삼호동 796-9번지,48330,11400,0,0796,0009,1264100063379,,,,1,용도지역코드,UQA121,제1종일반주거지역,1,0,,제1종일반주거지역,20221008
경상남도 양산시 삼호동 796-9번지,48330,11400,0,0796,0009,1264100063379,,,,3,용도구역코드,UQQ310,제1종지구단위계획구역,1,0,,제1종지구단위계획구역,20221008
경상남도 양산시 삼호동 796-9번지,48330,11400,0,0796,0009,1264100063379,,,,3,용도구역코드,UOA120,상대보호구역,0,0,,상대정화구역,20221008
경상남도 양산시 삼호동 796-10번지,48330,11400,0,0796,0010,1264100063541,,,,1,용도지역코드,UQA121,제1종일반주거지역,1,0,,제1종일반주거지역,20221008
경상남도 양산시 삼호동 796-10번지,48330,11400,0,0796,0010,1264100063541,,,,3,용도구역코드,UQQ310,제1종지구단위계획구역,1,0,,제1종지구단위계획구역,20221008
경상남도 양산시 삼호동 796-10번지,48330,11400,0,0796,0010,1264100063541,,,,3,용도구역코드,UOA120,상대보호구역,0,0,,상대정화구역,20221008
경상남도 양산시 삼호동 796-11번지,48330,11400,0,0796,0011,1264100063559,,,,1,용도지역코드,UQA121,제1종일반주거지역,1,0,,제1종일반주거지역,20221008
경상남도 양산시 삼호동 796-11번지,48330,11400,0,0796,0011,1264100063559,,,,3,용도구역코드,UQQ310,제1종지구단위계획구역,1,0,,제1종지구단위계획구역,20221008
경상남도 양산시 삼호동 796-11번지,48330,11400,0,0796,0011,1264100063559,,,,3,용도구역코드,UOA120,상대보호구역,0,0,,상대정화구역,20221008
경상남도 양산시 삼호동 796-12번지,48330,11400,0,0796,0012,12645918,,,,1,용도지역코드,1021,제1종일반주거지역,1,0,,제1종일반주거지역,20221008
경상남도 양산시 삼호동 796-13번지,48330,11400,0,0796,0013,1264100023810,,,,1,용도지역코드,UQA121,제1종일반주거지역,1,0,,제1종일반주거지역,20221008
경상남도 양산시 삼호동 796-13번지,48330,11400,0,0796,0013,1264100023810,,,,3,용도구역코드,UOA120,상대보호구역,1,0,,상대정화구역,20221008
경상남도 양산시 삼호동 796-14번지,48330,11400,0,0796,0014,1264100034029,,,,1,용도지역코드,UQA121,제1종일반주거지역,1,0,,제1종일반주거지역,20221008
경상남도 양산시 삼호동 796-14번지,48330,11400,0,0796,0014,1264100034029,,,,3,용도구역코드,UQQ310,제1종지구단위계획구역,1,0,,제1종지구단위계획구역,20221008
경상남도 양산시 삼호동 796-14번지,48330,11400,0,0796,0014,1264100034029,,,,3,용도구역코드,UOA120,상대보호구역,0,0,,상대정화구역,20221008
경상남도 양산시 삼호동 796-16번지,48330,11400,0,0796,0016,1264100039296,,,,1,용도지역코드,UQA121,제1종일반주거지역,1,0,,제1종일반주거지역,20221008
경상남도 양산시 삼호동 796-17번지,48330,11400,0,0796,0017,1264100101213,,,,1,용도지역코드,UQA121,제1종일반주거지역,1,0,,제1종일반주거지역,20221008
경상남도 양산시 삼호동 796-17번지,48330,11400,0,0796,0017,1264100101213,,,,3,용도구역코드,UQQ310,제1종지구단위계획구역,1,0,,제1종지구단위계획구역,20221008
경상남도 양산시 삼호동 797번지,48330,11400,0,0797,0000,1000000000000000633922,,,,3,용도구역코드,UOA120,상대보호구역,1,0,,상대보호구역,20250410
경상남도 양산시 삼호동 797번지,48330,11400,0,0797,0000,1000000000000000633922,,,,1,용도지역코드,UQA121,제1종일반주거지역,1,0,,제1종일반주거지역,20250410
경상남도 양산시 삼호동 797번지,48330,11400,0,0797,0000,1000000000000000633922,,,,3,용도구역코드,UQQ310,제1종지구단위계획구역,0,0,,제1종지구단위계획구역,20250410
경상남도 양산시 삼호동 804-2번지,48330,11400,0,0804,0002,1264100019819,,,,1,용도지역코드,1021,제1종일반주거지역,1,0,,제1종일반주거지역,20221008
경상남도 양산시 삼호동 804-2번지,48330,11400,0,0804,0002,1264100019819,,,,3,용도구역코드,301,제1종지구단위계획구역,1,0,,제1종지구단위계획구역,20221008
경상남도 양산시 삼호동 804-2번지,48330,11400,0,0804,0002,1264100019819,,,,3,용도구역코드,272,상대정화구역,0,0,,상대정화구역,20221008
경상남도 양산시 삼호동 804-3번지,48330,11400,0,0804,0003,1264100019442,,,,1,용도지역코드,1021,제1종일반주거지역,1,0,,제1종일반주거지역,20221008
경상남도 양산시 삼호동 804-3번지,48330,11400,0,0804,0003,1264100005805,,,,1,용도지역코드,1021,제1종일반주거지역,1,0,,제1종일반주거지역,20221008
경상남도 양산시 삼호동 804-4번지,48330,11400,0,0804,0004,1264100029799,,,,1,용도지역코드,UQA121,제1종일반주거지역,1,0,,제1종일반주거지역,20221008
경상남도 양산시 삼호동 804-4번지,48330,11400,0,0804,0004,1264100014414,,,,1,용도지역코드,1021,제1종일반주거지역,1,0,,제1종일반주거지역,20221008
경상남도 양산시 삼호동 804-5번지,48330,11400,0,0804,0005,1264100026232,,,,1,용도지역코드,UQA121,제1종일반주거지역,1,0,,제1종일반주거지역,20221008
경상남도 양산시 삼호동 804-5번지,48330,11400,0,0804,0005,1264100007669,,,,1,용도지역코드,1021,제1종일반주거지역,1,0,,제1종일반주거지역,20221008
경상남도 양산시 삼호동 804-6번지,48330,11400,0,0804,0006,12645379,,,,1,용도지역코드,1022,제2종일반주거지역,1,0,,제2종일반주거지역,20221008
경상남도 양산시 삼호동 804-6번지,48330,11400,0,0804,0006,12645379,,,,2,용도지구코드,160,택지개발지구,1,0,,택지개발지구,20221008
경상남도 양산시 삼호동 804-6번지,48330,11400,0,0804,0006,12645379,,,,3,용도구역코드,300,지구단위계획구역,1,0,,지구단위계획구역,20221008
경상남도 양산시 삼호동 804-6번지,48330,11400,0,0804,0006,12646201,,,,1,용도지역코드,1021,제1종일반주거지역,1,0,,제1종일반주거지역,20221008
경상남도 양산시 삼호동 804-7번지,48330,11400,0,0804,0007,1264100041642,,,,1,용도지역코드,UQA121,제1종일반주거지역,1,0,,제1종일반주거지역,20221008
경상남도 양산시 삼호동 804-8번지,48330,11400,0,0804,0008,12643934,,,,1,용도지역코드,1022,제2종일반주거지역,1,0,,제2종일반주거지역,20221008
경상남도 양산시 삼호동 804-8번지,48330,11400,0,0804,0008,12643934,,,,2,용도지구코드,160,택지개발지구,1,0,,택지개발지구,20221008
경상남도 양산시 삼호동 804-8번지,48330,11400,0,0804,0008,12643934,,,,3,용도구역코드,300,지구단위계획구역,1,0,,지구단위계획구역,20221008
경상남도 양산시 삼호동 804-9번지,48330,11400,0,0804,0009,1264100074819,,,,1,용도지역코드,UQA121,제1종일반주거지역,1,0,,제1종일반주거지역,20221008
경상남도 양산시 삼호동 804-9번지,48330,11400,0,0804,0009,1264100074819,,,,3,용도구역코드,UQQ310,제1종지구단위계획구역,1,0,,제1종지구단위계획구역,20221008
경상남도 양산시 삼호동 804-9번지,48330,11400,0,0804,0009,1264100074819,,,,3,용도구역코드,UOA120,상대보호구역,0,0,,상대정화구역,20221008
경상남도 양산시 삼호동 804-10번지,48330,11400,0,0804,0010,1264100074299,,,,1,용도지역코드,UQA121,제1종일반주거지역,1,0,,제1종일반주거지역,20221008
경상남도 양산시 삼호동 804-10번지,48330,11400,0,0804,0010,1264100074299,,,,3,용도구역코드,UQQ310,제1종지구단위계획구역,1,0,,제1종지구단위계획구역,20221008
경상남도 양산시 삼호동 804-11번지,48330,11400,0,0804,0011,1264100064180,,,,1,용도지역코드,UQA121,제1종일반주거지역,1,0,,제1종일반주거지역,20221008
경상남도 양산시 삼호동 804-11번지,48330,11400,0,0804,0011,1264100064180,,,,3,용도구역코드,UQQ310,제1종지구단위계획구역,1,0,,제1종지구단위계획구역,20221008
경상남도 양산시 삼호동 804-11번지,48330,11400,0,0804,0011,1264100064180,,,,3,용도구역코드,UOA120,상대보호구역,0,0,,상대정화구역,20221008
경상남도 양산시 삼호동 804-12번지,48330,11400,0,0804,0012,1264100051027,,,,1,용도지역코드,UQA121,제1종일반주거지역,1,0,,제1종일반주거지역,20221008
경상남도 양산시 삼호동 804-12번지,48330,11400,0,0804,0012,1264100051027,,,,3,용도구역코드,UQQ310,제1종지구단위계획구역,1,0,,제1종지구단위계획구역,20221008
경상남도 양산시 삼호동 804-13번지,48330,11400,0,0804,0013,1264100006928,,,,1,용도지역코드,1021,제1종일반주거지역,1,0,,제1종일반주거지역,20221008
경상남도 양산시 삼호동 804-13번지,48330,11400,0,0804,0013,1264100030797,,,,1,용도지역코드,UQA121,제1종일반주거지역,1,0,,제1종일반주거지역,20221008
경상남도 양산시 삼호동 805-1번지,48330,11400,0,0805,0001,12648785,,,,1,용도지역코드,1021,제1종일반주거지역,1,0,,제1종일반주거지역,20221008
경상남도 양산시 삼호동 805-1번지,48330,11400,0,0805,0001,12648785,,,,3,용도구역코드,301,제1종지구단위계획구역,1,0,,제1종지구단위계획구역,20221008
경상남도 양산시 삼호동 805-2번지,48330,11400,0,0805,0002,1264100009333,,,,1,용도지역코드,1021,제1종일반주거지역,1,0,,제1종일반주거지역,20221008
경상남도 양산시 삼호동 805-2번지,48330,11400,0,0805,0002,1264100009333,,,,3,용도구역코드,301,제1종지구단위계획구역,1,0,,제1종지구단위계획구역,20221008
경상남도 양산시 삼호동 805-3번지,48330,11400,0,0805,0003,1264100035798,,,,1,용도지역코드,UQA121,제1종일반주거지역,1,0,,제1종일반주거지역,20221008
경상남도 양산시 삼호동 805-3번지,48330,11400,0,0805,0003,1264100035798,,,,3,용도구역코드,UQQ310,제1종지구단위계획구역,1,0,,제1종지구단위계획구역,20221008
경상남도 양산시 삼호동 805-3번지,48330,11400,0,0805,0003,1264100035798,,,,3,용도구역코드,UOA120,상대보호구역,0,0,,상대정화구역,20221008
경상남도 양산시 삼호동 805-4번지,48330,11400,0,0805,0004,1264100021145,,,,1,용도지역코드,1021,제1종일반주거지역,1,0,,제1종일반주거지역,20221008
경상남도 양산시 삼호동 805-5번지,48330,11400,0,0805,0005,1264100088201,,,,1,용도지역코드,UQA121,제1종일반주거지역,1,0,,제1종일반주거지역,20221008
경상남도 양산시 삼호동 805-5번지,48330,11400,0,0805,0005,1264100088201,,,,3,용도구역코드,UQQ310,제1종지구단위계획구역,1,0,,제1종지구단위계획구역,20221008
경상남도 양산시 삼호동 805-5번지,48330,11400,0,0805,0005,1264100088201,,,,3,용도구역코드,UOA120,상대보호구역,0,0,,상대정화구역,20221008
경상남도 양산시 삼호동 805-7번지,48330,11400,0,0805,0007,12644779,,,,1,용도지역코드,1022,제2종일반주거지역,1,0,,제2종일반주거지역,20221008
경상남도 양산시 삼호동 805-7번지,48330,11400,0,0805,0007,12644779,,,,2,용도지구코드,160,택지개발지구,1,0,,택지개발지구,20221008
경상남도 양산시 삼호동 805-7번지,48330,11400,0,0805,0007,12644779,,,,3,용도구역코드,300,지구단위계획구역,1,0,,지구단위계획구역,20221008
경상남도 양산시 삼호동 805-8번지,48330,11400,0,0805,0008,1264100031817,,,,1,용도지역코드,UQA121,제1종일반주거지역,1,0,,제1종일반주거지역,20221008
경상남도 양산시 삼호동 805-9번지,48330,11400,0,0805,0009,12643795,,,,1,용도지역코드,1020,일반주거지역,1,0,,일반주거지역,20221008
경상남도 양산시 삼호동 805-9번지,48330,11400,0,0805,0009,12643795,,,,2,용도지구코드,340,토지구획정리사업지구,1,0,,토지구획정리사업지구,20221008
경상남도 양산시 삼호동 805-9번지,48330,11400,0,0805,0009,12643795,,,,3,용도구역코드,300,지구단위계획구역,1,0,,지구단위계획구역,20221008
경상남도 양산시 삼호동 805-10번지,48330,11400,0,0805,0010,12643789,,,,1,용도지역코드,1020,일반주거지역,1,0,,일반주거지역,20221008
경상남도 양산시 삼호동 805-11번지,48330,11400,0,0805,0011,12645033,,,,1,용도지역코드,1022,제2종일반주거지역,1,0,,제2종일반주거지역,20221008
경상남도 양산시 삼호동 805-11번지,48330,11400,0,0805,0011,12645033,,,,2,용도지구코드,160,택지개발지구,1,0,,택지개발지구,20221008
경상남도 양산시 삼호동 805-11번지,48330,11400,0,0805,0011,12645033,,,,3,용도구역코드,300,지구단위계획구역,1,0,,지구단위계획구역,20221008
경상남도 양산시 삼호동 805-12번지,48330,11400,0,0805,0012,12644566,,,,1,용도지역코드,1022,제2종일반주거지역,1,0,,제2종일반주거지역,20221008
경상남도 양산시 삼호동 805-12번지,48330,11400,0,0805,0012,12644566,,,,2,용도지구코드,160,택지개발지구,1,0,,택지개발지구,20221008
경상남도 양산시 삼호동 805-12번지,48330,11400,0,0805,0012,12644566,,,,3,용도구역코드,300,지구단위계획구역,1,0,,지구단위계획구역,20221008
경상남도 양산시 삼호동 805-12번지,48330,11400,0,0805,0012,1264100038672,,,,1,용도지역코드,UQA121,제1종일반주거지역,1,0,,제1종일반주거지역,20221008
경상남도 양산시 삼호동 805-13번지,48330,11400,0,0805,0013,12644567,,,,1,용도지역코드,1022,제2종일반주거지역,1,0,,제2종일반주거지역,20221008
경상남도 양산시 삼호동 805-13번지,48330,11400,0,0805,0013,12644567,,,,2,용도지구코드,160,택지개발지구,1,0,,택지개발지구,20221008
경상남도 양산시 삼호동 805-13번지,48330,11400,0,0805,0013,12644567,,,,3,용도구역코드,300,지구단위계획구역,1,0,,지구단위계획구역,20221008
경상남도 양산시 삼호동 805-13번지,48330,11400,0,0805,0013,1264100077519,,,,1,용도지역코드,UQA121,제1종일반주거지역,1,0,,제1종일반주거지역,20221008
경상남도 양산시 삼호동 805-13번지,48330,11400,0,0805,0013,1264100077519,,,,3,용도구역코드,UQQ310,제1종지구단위계획구역,1,0,,제1종지구단위계획구역,20221008
경상남도 양산시 삼호동 805-13번지,48330,11400,0,0805,0013,1264100077519,,,,3,용도구역코드,UOA120,상대보호구역,0,0,,상대정화구역,20221008
경상남도 양산시 삼호동 805-14번지,48330,11400,0,0805,0014,1264100051587,,,,1,용도지역코드,UQA121,제1종일반주거지역,1,0,,제1종일반주거지역,20221008
경상남도 양산시 삼호동 805-14번지,48330,11400,0,0805,0014,1264100051587,,,,3,용도구역코드,UQQ310,제1종지구단위계획구역,1,0,,제1종지구단위계획구역,20221008
경상남도 양산시 삼호동 805-15번지,48330,11400,0,0805,0015,12649025,,,,1,용도지역코드,1021,제1종일반주거지역,1,0,,제1종일반주거지역,20221008
경상남도 양산시 삼호동 805-15번지,48330,11400,0,0805,0015,12649025,,,,3,용도구역코드,301,제1종지구단위계획구역,1,0,,제1종지구단위계획구역,20221008
경상남도 양산시 삼호동 805-16번지,48330,11400,0,0805,0016,1264100037472,,,,1,용도지역코드,UQA121,제1종일반주거지역,1,0,,제1종일반주거지역,20221008
경상남도 양산시 삼호동 805-16번지,48330,11400,0,0805,0016,1264100037472,,,,3,용도구역코드,UQQ310,제1종지구단위계획구역,1,0,,제1종지구단위계획구역,20221008
경상남도 양산시 삼호동 805-17번지,48330,11400,0,0805,0017,1264100004825,,,,1,용도지역코드,1021,제1종일반주거지역,1,0,,제1종일반주거지역,20221008
경상남도 양산시 삼호동 805-17번지,48330,11400,0,0805,0017,1264100004825,,,,3,용도구역코드,301,제1종지구단위계획구역,1,0,,제1종지구단위계획구역,20221008
경상남도 양산시 삼호동 806-2번지,48330,11400,0,0806,0002,12645849,,,,1,용도지역코드,1022,제2종일반주거지역,1,0,,제2종일반주거지역,20221008
경상남도 양산시 삼호동 806-2번지,48330,11400,0,0806,0002,12645849,,,,3,용도구역코드,300,지구단위계획구역,1,0,,지구단위계획구역,20221008
경상남도 양산시 삼호동 806-2번지,48330,11400,0,0806,0002,12648725,,,,1,용도지역코드,1021,제1종일반주거지역,1,0,,제1종일반주거지역,20221008
경상남도 양산시 삼호동 806-2번지,48330,11400,0,0806,0002,12648725,,,,3,용도구역코드,010,도시계획구역,1,0,,도시계획구역,20221008
경상남도 양산시 삼호동 806-2번지,48330,11400,0,0806,0002,12648725,,,,3,용도구역코드,301,제1종지구단위계획구역,0,0,,제1종지구단위계획구역,20221008
경상남도 양산시 삼호동 806-2번지,48330,11400,0,0806,0002,12649204,,,,1,용도지역코드,1021,제1종일반주거지역,1,0,,제1종일반주거지역,20221008
경상남도 양산시 삼호동 806-2번지,48330,11400,0,0806,0002,12649204,,,,3,용도구역코드,301,제1종지구단위계획구역,1,0,,제1종지구단위계획구역,20221008
경상남도 양산시 삼호동 806-4번지,48330,11400,0,0806,0004,12649095,,,,1,용도지역코드,1021,제1종일반주거지역,1,0,,제1종일반주거지역,20221008
경상남도 양산시 삼호동 806-4번지,48330,11400,0,0806,0004,12649095,,,,3,용도구역코드,301,제1종지구단위계획구역,1,0,,제1종지구단위계획구역,20221008
경상남도 양산시 삼호동 806-6번지,48330,11400,0,0806,0006,1264100068659,,,,1,용도지역코드,UQA121,제1종일반주거지역,1,0,,제1종일반주거지역,20221008
경상남도 양산시 삼호동 806-6번지,48330,11400,0,0806,0006,1264100068659,,,,3,용도구역코드,UQQ310,제1종지구단위계획구역,1,0,,제1종지구단위계획구역,20221008
경상남도 양산시 삼호동 806-7번지,48330,11400,0,0806,0007,1264100013232,,,,1,용도지역코드,1021,제1종일반주거지역,1,0,,제1종일반주거지역,20221008
경상남도 양산시 삼호동 806-7번지,48330,11400,0,0806,0007,1264100013232,,,,3,용도구역코드,301,제1종지구단위계획구역,1,0,,제1종지구단위계획구역,20221008
경상남도 양산시 삼호동 806-7번지,48330,11400,0,0806,0007,1264100018996,,,,1,용도지역코드,1021,제1종일반주거지역,1,0,,제1종일반주거지역,20221008
경상남도 양산시 삼호동 806-7번지,48330,11400,0,0806,0007,1264100018996,,,,3,용도구역코드,301,제1종지구단위계획구역,1,0,,제1종지구단위계획구역,20221008
경상남도 양산시 삼호동 806-8번지,48330,11400,0,0806,0008,12649090,,,,1,용도지역코드,1021,제1종일반주거지역,1,0,,제1종일반주거지역,20221008
경상남도 양산시 삼호동 806-8번지,48330,11400,0,0806,0008,12649090,,,,2,용도지구코드,160,택지개발지구,1,0,,택지개발지구,20221008
경상남도 양산시 삼호동 806-8번지,48330,11400,0,0806,0008,12649090,,,,3,용도구역코드,301,제1종지구단위계획구역,1,0,,제1종지구단위계획구역,20221008
경상남도 양산시 삼호동 806-9번지,48330,11400,0,0806,0009,1264100040982,,,,1,용도지역코드,UQA121,제1종일반주거지역,1,0,,제1종일반주거지역,20221008
경상남도 양산시 삼호동 806-9번지,48330,11400,0,0806,0009,1264100040982,,,,3,용도구역코드,UQQ310,제1종지구단위계획구역,1,0,,제1종지구단위계획구역,20221008
경상남도 양산시 삼호동 806-9번지,48330,11400,0,0806,0009,1264100045225,,,,1,용도지역코드,UQA121,제1종일반주거지역,1,0,,제1종일반주거지역,20221008
경상남도 양산시 삼호동 806-9번지,48330,11400,0,0806,0009,1264100045225,,,,3,용도구역코드,UQQ310,제1종지구단위계획구역,1,0,,제1종지구단위계획구역,20221008
경상남도 양산시 삼호동 806-10번지,48330,11400,0,0806,0010,12645685,,,,1,용도지역코드,1022,제2종일반주거지역,1,0,,제2종일반주거지역,20221008
경상남도 양산시 삼호동 806-10번지,48330,11400,0,0806,0010,12645685,,,,2,용도지구코드,160,택지개발지구,1,0,,택지개발지구,20221008
경상남도 양산시 삼호동 806-10번지,48330,11400,0,0806,0010,12645685,,,,3,용도구역코드,300,지구단위계획구역,1,0,,지구단위계획구역,20221008
경상남도 양산시 삼호동 806-12번지,48330,11400,0,0806,0012,1264100025471,,,,1,용도지역코드,UQA121,제1종일반주거지역,1,0,,제1종일반주거지역,20221008
경상남도 양산시 삼호동 806-12번지,48330,11400,0,0806,0012,1264100025471,,,,3,용도구역코드,UQQ310,제1종지구단위계획구역,1,0,,제1종지구단위계획구역,20221008
경상남도 양산시 삼호동 806-12번지,48330,11400,0,0806,0012,1264100025471,,,,3,용도구역코드,UOA120,상대보호구역,0,0,,상대정화구역,20221008
경상남도 양산시 삼호동 806-12번지,48330,11400,0,0806,0012,12644046,,,,1,용도지역코드,1022,제2종일반주거지역,1,0,,제2종일반주거지역,20221008
경상남도 양산시 삼호동 806-12번지,48330,11400,0,0806,0012,12644046,,,,2,용도지구코드,160,택지개발지구,1,0,,택지개발지구,20221008
경상남도 양산시 삼호동 806-12번지,48330,11400,0,0806,0012,12644046,,,,3,용도구역코드,300,지구단위계획구역,1,0,,지구단위계획구역,20221008
경상남도 양산시 삼호동 807-1번지,48330,11400,0,0807,0001,1264100017437,,,,1,용도지역코드,1021,제1종일반주거지역,1,0,,제1종일반주거지역,20221008
경상남도 양산시 삼호동 807-1번지,48330,11400,0,0807,0001,1264100017437,,,,3,용도구역코드,301,제1종지구단위계획구역,1,0,,제1종지구단위계획구역,20221008
경상남도 양산시 삼호동 807-1번지,48330,11400,0,0807,0001,1264100017437,,,,3,용도구역코드,272,상대정화구역,0,0,,상대정화구역,20221008
경상남도 양산시 삼호동 807-2번지,48330,11400,0,0807,0002,1264100016295,,,,1,용도지역코드,1021,제1종일반주거지역,1,0,,제1종일반주거지역,20221008
경상남도 양산시 삼호동 807-2번지,48330,11400,0,0807,0002,1264100019996,,,,1,용도지역코드,1021,제1종일반주거지역,1,0,,제1종일반주거지역,20221008
경상남도 양산시 삼호동 807-3번지,48330,11400,0,0807,0003,1264100020642,,,,1,용도지역코드,1021,제1종일반주거지역,1,0,,제1종일반주거지역,20221008
경상남도 양산시 삼호동 807-3번지,48330,11400,0,0807,0003,1264100016314,,,,1,용도지역코드,1021,제1종일반주거지역,1,0,,제1종일반주거지역,20221008
경상남도 양산시 삼호동 807-4번지,48330,11400,0,0807,0004,12644972,,,,1,용도지역코드,1022,제2종일반주거지역,1,0,,제2종일반주거지역,20221008
경상남도 양산시 삼호동 807-4번지,48330,11400,0,0807,0004,12644972,,,,2,용도지구코드,160,택지개발지구,1,0,,택지개발지구,20221008
경상남도 양산시 삼호동 807-4번지,48330,11400,0,0807,0004,12644972,,,,3,용도구역코드,300,지구단위계획구역,1,0,,지구단위계획구역,20221008
경상남도 양산시 삼호동 807-5번지,48330,11400,0,0807,0005,1264100035313,,,,1,용도지역코드,UQA121,제1종일반주거지역,1,0,,제1종일반주거지역,20221008
경상남도 양산시 삼호동 807-5번지,48330,11400,0,0807,0005,1264100035313,,,,3,용도구역코드,UQQ310,제1종지구단위계획구역,1,0,,제1종지구단위계획구역,20221008
경상남도 양산시 삼호동 807-6번지,48330,11400,0,0807,0006,1264100052170,,,,1,용도지역코드,UQA121,제1종일반주거지역,1,0,,제1종일반주거지역,20221008
경상남도 양산시 삼호동 807-6번지,48330,11400,0,0807,0006,1264100052170,,,,3,용도구역코드,UQQ310,제1종지구단위계획구역,1,0,,제1종지구단위계획구역,20221008
경상남도 양산시 삼호동 807-6번지,48330,11400,0,0807,0006,1264100052170,,,,3,용도구역코드,UOA120,상대보호구역,0,0,,상대정화구역,20221008
경상남도 양산시 삼호동 807-7번지,48330,11400,0,0807,0007,1264100026970,,,,1,용도지역코드,UQA121,제1종일반주거지역,1,0,,제1종일반주거지역,20221008
경상남도 양산시 삼호동 807-7번지,48330,11400,0,0807,0007,1264100026970,,,,3,용도구역코드,UQQ310,제1종지구단위계획구역,1,0,,제1종지구단위계획구역,20221008
경상남도 양산시 삼호동 807-8번지,48330,11400,0,0807,0008,1264100023787,,,,1,용도지역코드,UQA121,제1종일반주거지역,1,0,,제1종일반주거지역,20221008
경상남도 양산시 삼호동 807-8번지,48330,11400,0,0807,0008,1264100023787,,,,3,용도구역코드,UOA120,상대보호구역,1,0,,상대정화구역,20221008
경상남도 양산시 삼호동 808-4번지,48330,11400,0,0808,0004,12643796,,,,1,용도지역코드,1020,일반주거지역,1,0,,일반주거지역,20221008
경상남도 양산시 삼호동 808-5번지,48330,11400,0,0808,0005,12647036,,,,1,용도지역코드,1021,제1종일반주거지역,1,0,,제1종일반주거지역,20221008
경상남도 양산시 삼호동 808-5번지,48330,11400,0,0808,0005,12647036,,,,3,용도구역코드,301,제1종지구단위계획구역,1,0,,제1종지구단위계획구역,20221008
경상남도 양산시 삼호동 808-8번지,48330,11400,0,0808,0008,1264100040305,,,,1,용도지역코드,UQA121,제1종일반주거지역,1,0,,제1종일반주거지역,20221008
경상남도 양산시 삼호동 808-8번지,48330,11400,0,0808,0008,1264100040305,,,,3,용도구역코드,UQQ310,제1종지구단위계획구역,1,0,,제1종지구단위계획구역,20221008
경상남도 양산시 삼호동 808-9번지,48330,11400,0,0808,0009,1264100040188,,,,1,용도지역코드,UQA121,제1종일반주거지역,1,0,,제1종일반주거지역,20221008
경상남도 양산시 삼호동 808-9번지,48330,11400,0,0808,0009,1264100040188,,,,3,용도구역코드,UQQ310,제1종지구단위계획구역,1,0,,제1종지구단위계획구역,20221008
경상남도 양산시 삼호동 808-10번지,48330,11400,0,0808,0010,1264100052169,,,,1,용도지역코드,UQA121,제1종일반주거지역,1,0,,제1종일반주거지역,20221008
경상남도 양산시 삼호동 808-10번지,48330,11400,0,0808,0010,1264100052169,,,,3,용도구역코드,UQQ310,제1종지구단위계획구역,1,0,,제1종지구단위계획구역,20221008
경상남도 양산시 삼호동 808-10번지,48330,11400,0,0808,0010,1264100052169,,,,3,용도구역코드,UOA120,상대보호구역,0,0,,상대정화구역,20221008
경상남도 양산시 삼호동 808-11번지,48330,11400,0,0808,0011,1264100077359,,,,1,용도지역코드,UQA121,제1종일반주거지역,1,0,,제1종일반주거지역,20221008
경상남도 양산시 삼호동 808-11번지,48330,11400,0,0808,0011,1264100077359,,,,3,용도구역코드,UQQ310,제1종지구단위계획구역,1,0,,제1종지구단위계획구역,20221008
경상남도 양산시 삼호동 808-11번지,48330,11400,0,0808,0011,1264100083363,,,,1,용도지역코드,UQA121,제1종일반주거지역,1,0,,제1종일반주거지역,20221008
경상남도 양산시 삼호동 808-13번지,48330,11400,0,0808,0013,1264100022549,,,,1,용도지역코드,UQA121,제1종일반주거지역,1,0,,제1종일반주거지역,20221008
경상남도 양산시 삼호동 808-13번지,48330,11400,0,0808,0013,1264100022549,,,,3,용도구역코드,UQQ310,제1종지구단위계획구역,1,0,,제1종지구단위계획구역,20221008
경상남도 양산시 삼호동 808-14번지,48330,11400,0,0808,0014,1264100087941,,,,1,용도지역코드,UQA121,제1종일반주거지역,1,0,,제1종일반주거지역,20221008
경상남도 양산시 삼호동 808-14번지,48330,11400,0,0808,0014,1264100087941,,,,3,용도구역코드,UQQ310,제1종지구단위계획구역,1,0,,제1종지구단위계획구역,20221008
경상남도 양산시 삼호동 808-14번지,48330,11400,0,0808,0014,1264100087941,,,,3,용도구역코드,UOA120,상대보호구역,0,0,,상대정화구역,20221008
경상남도 양산시 삼호동 808-15번지,48330,11400,0,0808,0015,1264100113396,,,,1,용도지역코드,UQA121,제1종일반주거지역,1,0,,제1종일반주거지역,20221008
경상남도 양산시 삼호동 808-15번지,48330,11400,0,0808,0015,1264100113396,,,,3,용도구역코드,UQQ310,제1종지구단위계획구역,1,0,,제1종지구단위계획구역,20221008
경상남도 양산시 삼호동 808-17번지,48330,11400,0,0808,0017,1264100034030,,,,1,용도지역코드,UQA121,제1종일반주거지역,1,0,,제1종일반주거지역,20221008
경상남도 양산시 삼호동 808-17번지,48330,11400,0,0808,0017,1264100034030,,,,3,용도구역코드,UQQ310,제1종지구단위계획구역,1,0,,제1종지구단위계획구역,20221008
경상남도 양산시 삼호동 808-17번지,48330,11400,0,0808,0017,1264100034030,,,,3,용도구역코드,UOA120,상대보호구역,0,0,,상대정화구역,20221008
경상남도 양산시 삼호동 808-18번지,48330,11400,0,0808,0018,1264100039053,,,,1,용도지역코드,UQA121,제1종일반주거지역,1,0,,제1종일반주거지역,20221008
경상남도 양산시 삼호동 808-18번지,48330,11400,0,0808,0018,1264100039053,,,,3,용도구역코드,UQQ310,제1종지구단위계획구역,1,0,,제1종지구단위계획구역,20221008
경상남도 양산시 삼호동 809-1번지,48330,11400,0,0809,0001,1264100016495,,,,1,용도지역코드,1021,제1종일반주거지역,1,0,,제1종일반주거지역,20221008
경상남도 양산시 삼호동 809-1번지,48330,11400,0,0809,0001,1264100016495,,,,3,용도구역코드,301,제1종지구단위계획구역,1,0,,제1종지구단위계획구역,20221008
경상남도 양산시 삼호동 809-2번지,48330,11400,0,0809,0002,1264100016539,,,,1,용도지역코드,1021,제1종일반주거지역,1,0,,제1종일반주거지역,20221008
경상남도 양산시 삼호동 809-2번지,48330,11400,0,0809,0002,1264100016539,,,,3,용도구역코드,301,제1종지구단위계획구역,1,0,,제1종지구단위계획구역,20221008
경상남도 양산시 삼호동 809-3번지,48330,11400,0,0809,0003,1264100020519,,,,1,용도지역코드,1021,제1종일반주거지역,1,0,,제1종일반주거지역,20221008
경상남도 양산시 삼호동 809-3번지,48330,11400,0,0809,0003,1264100020519,,,,3,용도구역코드,272,상대정화구역,1,0,,상대정화구역,20221008
경상남도 양산시 삼호동 809-4번지,48330,11400,0,0809,0004,1264100020557,,,,1,용도지역코드,1021,제1종일반주거지역,1,0,,제1종일반주거지역,20221008
경상남도 양산시 삼호동 809-4번지,48330,11400,0,0809,0004,1264100020557,,,,3,용도구역코드,272,상대정화구역,1,0,,상대정화구역,20221008
경상남도 양산시 삼호동 809-7번지,48330,11400,0,0809,0007,1264100023871,,,,1,용도지역코드,UQA121,제1종일반주거지역,1,0,,제1종일반주거지역,20221008
경상남도 양산시 삼호동 809-7번지,48330,11400,0,0809,0007,1264100023871,,,,3,용도구역코드,UQQ310,제1종지구단위계획구역,1,0,,제1종지구단위계획구역,20221008
경상남도 양산시 삼호동 809-7번지,48330,11400,0,0809,0007,1264100023871,,,,3,용도구역코드,UOA120,상대보호구역,0,0,,상대정화구역,20221008
경상남도 양산시 삼호동 809-8번지,48330,11400,0,0809,0008,1264100032299,,,,1,용도지역코드,UQA121,제1종일반주거지역,1,0,,제1종일반주거지역,20221008
경상남도 양산시 삼호동 809-10번지,48330,11400,0,0809,0010,1264100030557,,,,1,용도지역코드,UQA121,제1종일반주거지역,1,0,,제1종일반주거지역,20221008
경상남도 양산시 삼호동 809-11번지,48330,11400,0,0809,0011,1264100050514,,,,1,용도지역코드,UQA121,제1종일반주거지역,1,0,,제1종일반주거지역,20221008
경상남도 양산시 삼호동 809-11번지,48330,11400,0,0809,0011,12647134,,,,1,용도지역코드,1020,일반주거지역,1,0,,일반주거지역,20221008
경상남도 양산시 삼호동 809-12번지,48330,11400,0,0809,0012,1264100003824,,,,1,용도지역코드,1021,제1종일반주거지역,1,0,,제1종일반주거지역,20221008
경상남도 양산시 삼호동 809-12번지,48330,11400,0,0809,0012,1264100003824,,,,3,용도구역코드,301,제1종지구단위계획구역,1,0,,제1종지구단위계획구역,20221008
경상남도 양산시 삼호동 809-13번지,48330,11400,0,0809,0013,1264100025029,,,,3,용도구역코드,UQQ310,제1종지구단위계획구역,1,0,,제1종지구단위계획구역,20221008
경상남도 양산시 삼호동 809-13번지,48330,11400,0,0809,0013,1264100025029,,,,1,용도지역코드,UQA121,제1종일반주거지역,1,0,,제1종일반주거지역,20221008
경상남도 양산시 삼호동 809-14번지,48330,11400,0,0809,0014,1264100085442,,,,1,용도지역코드,UQA121,제1종일반주거지역,1,0,,제1종일반주거지역,20221008
경상남도 양산시 삼호동 809-14번지,48330,11400,0,0809,0014,1264100085442,,,,3,용도구역코드,UQQ310,제1종지구단위계획구역,1,0,,제1종지구단위계획구역,20221008
경상남도 양산시 삼호동 809-15번지,48330,11400,0,0809,0015,1264100030896,,,,1,용도지역코드,UQA121,제1종일반주거지역,1,0,,제1종일반주거지역,20221008
경상남도 양산시 삼호동 809-15번지,48330,11400,0,0809,0015,1264100030896,,,,3,용도구역코드,UQQ310,제1종지구단위계획구역,1,0,,제1종지구단위계획구역,20221008
경상남도 양산시 삼호동 809-15번지,48330,11400,0,0809,0015,1264100030896,,,,3,용도구역코드,UOA120,상대보호구역,0,0,,상대정화구역,20221008
경상남도 양산시 삼호동 810-1번지,48330,11400,0,0810,0001,1264100019957,,,,1,용도지역코드,1021,제1종일반주거지역,1,0,,제1종일반주거지역,20221008
경상남도 양산시 삼호동 810-2번지,48330,11400,0,0810,0002,1264100026012,,,,1,용도지역코드,UQA121,제1종일반주거지역,1,0,,제1종일반주거지역,20221008
경상남도 양산시 삼호동 810-3번지,48330,11400,0,0810,0003,1264100078581,,,,1,용도지역코드,UQA121,제1종일반주거지역,1,0,,제1종일반주거지역,20221008
경상남도 양산시 삼호동 810-3번지,48330,11400,0,0810,0003,1264100078581,,,,3,용도구역코드,UQQ310,제1종지구단위계획구역,1,0,,제1종지구단위계획구역,20221008
경상남도 양산시 삼호동 810-4번지,48330,11400,0,0810,0004,1264100015214,,,,1,용도지역코드,1021,제1종일반주거지역,1,0,,제1종일반주거지역,20221008
경상남도 양산시 삼호동 810-4번지,48330,11400,0,0810,0004,1264100004865,,,,1,용도지역코드,1021,제1종일반주거지역,1,0,,제1종일반주거지역,20221008
경상남도 양산시 삼호동 810-5번지,48330,11400,0,0810,0005,1264100025733,,,,1,용도지역코드,UQA121,제1종일반주거지역,1,0,,제1종일반주거지역,20221008
경상남도 양산시 삼호동 810-6번지,48330,11400,0,0810,0006,12647985,,,,1,용도지역코드,1021,제1종일반주거지역,1,0,,제1종일반주거지역,20221008
경상남도 양산시 삼호동 810-6번지,48330,11400,0,0810,0006,12647790,,,,1,용도지역코드,1021,제1종일반주거지역,1,0,,제1종일반주거지역,20221008
경상남도 양산시 삼호동 810-6번지,48330,11400,0,0810,0006,12647790,,,,2,용도지구코드,980,용도지구미지정,1,0,,용도지구미지정,20221008
경상남도 양산시 삼호동 810-6번지,48330,11400,0,0810,0006,12647790,,,,3,용도구역코드,301,제1종지구단위계획구역,1,0,,제1종지구단위계획구역,20221008
경상남도 양산시 삼호동 810-7번지,48330,11400,0,0810,0007,1264100021364,,,,1,용도지역코드,1021,제1종일반주거지역,1,0,,제1종일반주거지역,20221008
경상남도 양산시 삼호동 810-7번지,48330,11400,0,0810,0007,1264100021364,,,,3,용도구역코드,301,제1종지구단위계획구역,1,0,,제1종지구단위계획구역,20221008
경상남도 양산시 삼호동 810-8번지,48330,11400,0,0810,0008,1264100077842,,,,1,용도지역코드,UQA121,제1종일반주거지역,1,0,,제1종일반주거지역,20221008
경상남도 양산시 삼호동 810-8번지,48330,11400,0,0810,0008,1264100077842,,,,3,용도구역코드,UQQ310,제1종지구단위계획구역,1,0,,제1종지구단위계획구역,20221008
경상남도 양산시 삼호동 810-8번지,48330,11400,0,0810,0008,1264100077842,,,,3,용도구역코드,UOA120,상대보호구역,0,0,,상대정화구역,20221008
경상남도 양산시 삼호동 810-10번지,48330,11400,0,0810,0010,1264100050587,,,,1,용도지역코드,UQA121,제1종일반주거지역,1,0,,제1종일반주거지역,20221008
경상남도 양산시 삼호동 810-10번지,48330,11400,0,0810,0010,1264100050587,,,,3,용도구역코드,UQQ310,제1종지구단위계획구역,1,0,,제1종지구단위계획구역,20221008
경상남도 양산시 삼호동 810-11번지,48330,11400,0,0810,0011,12647789,,,,1,용도지역코드,1021,제1종일반주거지역,1,0,,제1종일반주거지역,20221008
경상남도 양산시 삼호동 810-12번지,48330,11400,0,0810,0012,1264100068239,,,,1,용도지역코드,UQA121,제1종일반주거지역,1,0,,제1종일반주거지역,20221008
경상남도 양산시 삼호동 810-12번지,48330,11400,0,0810,0012,1264100068239,,,,3,용도구역코드,UQQ310,제1종지구단위계획구역,1,0,,제1종지구단위계획구역,20221008
경상남도 양산시 삼호동 810-12번지,48330,11400,0,0810,0012,1264100068239,,,,3,용도구역코드,UOA120,상대보호구역,0,0,,상대정화구역,20221008
경상남도 양산시 삼호동 810-13번지,48330,11400,0,0810,0013,1264100050988,,,,1,용도지역코드,UQA121,제1종일반주거지역,1,0,,제1종일반주거지역,20221008
경상남도 양산시 삼호동 810-13번지,48330,11400,0,0810,0013,1264100050988,,,,3,용도구역코드,UQQ310,제1종지구단위계획구역,1,0,,제1종지구단위계획구역,20221008
경상남도 양산시 삼호동 810-16번지,48330,11400,0,0810,0016,12645869,,,,1,용도지역코드,1022,제2종일반주거지역,1,0,,제2종일반주거지역,20221008
경상남도 양산시 삼호동 810-16번지,48330,11400,0,0810,0016,12645869,,,,2,용도지구코드,160,택지개발지구,1,0,,택지개발지구,20221008
경상남도 양산시 삼호동 810-16번지,48330,11400,0,0810,0016,12645869,,,,3,용도구역코드,301,제1종지구단위계획구역,1,0,,제1종지구단위계획구역,20221008
경상남도 양산시 삼호동 811-1번지,48330,11400,0,0811,0001,1264100063899,,,,1,용도지역코드,UQA130,준주거지역,1,0,,준주거지역,20221008
경상남도 양산시 삼호동 811-1번지,48330,11400,0,0811,0001,1264100063899,,,,3,용도구역코드,UQQ310,제1종지구단위계획구역,1,0,,제1종지구단위계획구역,20221008
경상남도 양산시 삼호동 811-5번지,48330,11400,0,0811,0005,1264100077660,,,,1,용도지역코드,UQA130,준주거지역,1,0,,준주거지역,20221008
경상남도 양산시 삼호동 811-5번지,48330,11400,0,0811,0005,1264100077660,,,,3,용도구역코드,UQQ310,제1종지구단위계획구역,1,0,,제1종지구단위계획구역,20221008
경상남도 양산시 삼호동 811-6번지,48330,11400,0,0811,0006,12649029,,,,1,용도지역코드,1030,준주거지역,1,0,,준주거지역,20221008
경상남도 양산시 삼호동 811-6번지,48330,11400,0,0811,0006,12649029,,,,2,용도지구코드,160,택지개발지구,1,0,,택지개발지구,20221008
경상남도 양산시 삼호동 811-6번지,48330,11400,0,0811,0006,12649029,,,,3,용도구역코드,301,제1종지구단위계획구역,1,0,,제1종지구단위계획구역,20221008
경상남도 양산시 삼호동 812-1번지,48330,11400,0,0812,0001,1264100026590,,,,1,용도지역코드,UQA121,제1종일반주거지역,1,0,,제1종일반주거지역,20221008
경상남도 양산시 삼호동 812-2번지,48330,11400,0,0812,0002,1264100009751,,,,1,용도지역코드,1021,제1종일반주거지역,1,0,,제1종일반주거지역,20221008
경상남도 양산시 삼호동 812-2번지,48330,11400,0,0812,0002,1264100009751,,,,3,용도구역코드,301,제1종지구단위계획구역,1,0,,제1종지구단위계획구역,20221008
경상남도 양산시 삼호동 812-3번지,48330,11400,0,0812,0003,1264100043685,,,,1,용도지역코드,UQA121,제1종일반주거지역,1,0,,제1종일반주거지역,20221008
경상남도 양산시 삼호동 812-4번지,48330,11400,0,0812,0004,1264100116677,,,,1,용도지역코드,UQA121,제1종일반주거지역,1,0,,제1종일반주거지역,20221008
경상남도 양산시 삼호동 812-7번지,48330,11400,0,0812,0007,1264100012650,,,,1,용도지역코드,1021,제1종일반주거지역,1,0,,제1종일반주거지역,20221008
경상남도 양산시 삼호동 812-7번지,48330,11400,0,0812,0007,1264100020923,,,,1,용도지역코드,1021,제1종일반주거지역,1,0,,제1종일반주거지역,20221008
경상남도 양산시 삼호동 813-1번지,48330,11400,0,0813,0001,1264100039513,,,,1,용도지역코드,UQA121,제1종일반주거지역,1,0,,제1종일반주거지역,20221008
경상남도 양산시 삼호동 813-2번지,48330,11400,0,0813,0002,12644011,,,,1,용도지역코드,1020,일반주거지역,1,0,,일반주거지역,20221008
경상남도 양산시 삼호동 813-2번지,48330,11400,0,0813,0002,12644011,,,,2,용도지구코드,160,택지개발지구,1,0,,택지개발지구,20221008
경상남도 양산시 삼호동 813-2번지,48330,11400,0,0813,0002,12644011,,,,3,용도구역코드,300,지구단위계획구역,1,0,,지구단위계획구역,20221008
경상남도 양산시 삼호동 813-4번지,48330,11400,0,0813,0004,1264100079559,,,,1,용도지역코드,UQA121,제1종일반주거지역,1,0,,제1종일반주거지역,20221008
경상남도 양산시 삼호동 813-4번지,48330,11400,0,0813,0004,1264100079559,,,,3,용도구역코드,UQQ310,제1종지구단위계획구역,1,0,,제1종지구단위계획구역,20221008
경상남도 양산시 삼호동 813-4번지,48330,11400,0,0813,0004,1264100079559,,,,3,용도구역코드,UOA120,상대보호구역,0,0,,상대정화구역,20221008
경상남도 양산시 삼호동 813-5번지,48330,11400,0,0813,0005,1264100070639,,,,1,용도지역코드,UQA121,제1종일반주거지역,1,0,,제1종일반주거지역,20221008
경상남도 양산시 삼호동 813-5번지,48330,11400,0,0813,0005,1264100070639,,,,3,용도구역코드,UQQ310,제1종지구단위계획구역,1,0,,제1종지구단위계획구역,20221008
경상남도 양산시 삼호동 813-5번지,48330,11400,0,0813,0005,1264100070639,,,,3,용도구역코드,UOA120,상대보호구역,0,0,,상대정화구역,20221008
경상남도 양산시 삼호동 813-6번지,48330,11400,0,0813,0006,1264100022607,,,,3,용도구역코드,UQQ310,제1종지구단위계획구역,1,0,,제1종지구단위계획구역,20221008
경상남도 양산시 삼호동 813-6번지,48330,11400,0,0813,0006,1264100022607,,,,3,용도구역코드,UOA120,상대보호구역,0,0,,상대정화구역,20221008
경상남도 양산시 삼호동 813-6번지,48330,11400,0,0813,0006,1264100022607,,,,1,용도지역코드,UQA121,제1종일반주거지역,1,0,,제1종일반주거지역,20221008
경상남도 양산시 삼호동 813-7번지,48330,11400,0,0813,0007,1264100026257,,,,1,용도지역코드,UQA121,제1종일반주거지역,1,0,,제1종일반주거지역,20221008
경상남도 양산시 삼호동 813-7번지,48330,11400,0,0813,0007,1264100026257,,,,3,용도구역코드,UQQ300,지구단위계획구역,1,0,,지구단위계획구역,20221008
경상남도 양산시 삼호동 813-7번지,48330,11400,0,0813,0007,1264100007110,,,,1,용도지역코드,1021,제1종일반주거지역,1,0,,제1종일반주거지역,20221008
경상남도 양산시 삼호동 813-8번지,48330,11400,0,0813,0008,12644569,,,,1,용도지역코드,1022,제2종일반주거지역,1,0,,제2종일반주거지역,20221008
경상남도 양산시 삼호동 813-8번지,48330,11400,0,0813,0008,12644569,,,,2,용도지구코드,160,택지개발지구,1,0,,택지개발지구,20221008
경상남도 양산시 삼호동 813-8번지,48330,11400,0,0813,0008,12644569,,,,3,용도구역코드,300,지구단위계획구역,1,0,,지구단위계획구역,20221008
경상남도 양산시 삼호동 813-9번지,48330,11400,0,0813,0009,12644570,,,,1,용도지역코드,1022,제2종일반주거지역,1,0,,제2종일반주거지역,20221008
경상남도 양산시 삼호동 813-9번지,48330,11400,0,0813,0009,12644570,,,,2,용도지구코드,160,택지개발지구,1,0,,택지개발지구,20221008
경상남도 양산시 삼호동 813-9번지,48330,11400,0,0813,0009,12644570,,,,3,용도구역코드,300,지구단위계획구역,1,0,,지구단위계획구역,20221008
경상남도 양산시 삼호동 813-10번지,48330,11400,0,0813,0010,1264100020282,,,,1,용도지역코드,1022,제2종일반주거지역,1,0,,제2종일반주거지역,20221008
경상남도 양산시 삼호동 813-10번지,48330,11400,0,0813,0010,1264100020282,,,,3,용도구역코드,301,제1종지구단위계획구역,1,0,,제1종지구단위계획구역,20221008
경상남도 양산시 삼호동 813-10번지,48330,11400,0,0813,0010,1264100020282,,,,3,용도구역코드,272,상대정화구역,0,0,,상대정화구역,20221008
경상남도 양산시 삼호동 813-11번지,48330,11400,0,0813,0011,1264100020281,,,,1,용도지역코드,1021,제1종일반주거지역,1,0,,제1종일반주거지역,20221008
경상남도 양산시 삼호동 813-11번지,48330,11400,0,0813,0011,1264100020281,,,,3,용도구역코드,301,제1종지구단위계획구역,1,0,,제1종지구단위계획구역,20221008
경상남도 양산시 삼호동 813-11번지,48330,11400,0,0813,0011,1264100020281,,,,3,용도구역코드,272,상대정화구역,0,0,,상대정화구역,20221008
경상남도 양산시 삼호동 813-12번지,48330,11400,0,0813,0012,1264100060472,,,,1,용도지역코드,UQA121,제1종일반주거지역,1,0,,제1종일반주거지역,20221008
경상남도 양산시 삼호동 813-12번지,48330,11400,0,0813,0012,1264100060472,,,,3,용도구역코드,UQQ310,제1종지구단위계획구역,1,0,,제1종지구단위계획구역,20221008
경상남도 양산시 삼호동 814-1번지,48330,11400,0,0814,0001,1264100016315,,,,1,용도지역코드,1021,제1종일반주거지역,1,0,,제1종일반주거지역,20221008
경상남도 양산시 삼호동 814-2번지,48330,11400,0,0814,0002,12645873,,,,1,용도지역코드,1022,제2종일반주거지역,1,0,,제2종일반주거지역,20221008
경상남도 양산시 삼호동 814-2번지,48330,11400,0,0814,0002,12645873,,,,3,용도구역코드,301,제1종지구단위계획구역,1,0,,제1종지구단위계획구역,20221008
경상남도 양산시 삼호동 814-3번지,48330,11400,0,0814,0003,1264100005753,,,,1,용도지역코드,1021,제1종일반주거지역,1,0,,제1종일반주거지역,20221008
경상남도 양산시 삼호동 814-3번지,48330,11400,0,0814,0003,1264100005753,,,,3,용도구역코드,301,제1종지구단위계획구역,1,0,,제1종지구단위계획구역,20221008
경상남도 양산시 삼호동 814-5번지,48330,11400,0,0814,0005,12645267,,,,1,용도지역코드,1022,제2종일반주거지역,1,0,,제2종일반주거지역,20221008
경상남도 양산시 삼호동 814-5번지,48330,11400,0,0814,0005,12645267,,,,2,용도지구코드,160,택지개발지구,1,0,,택지개발지구,20221008
경상남도 양산시 삼호동 814-5번지,48330,11400,0,0814,0005,12645267,,,,3,용도구역코드,300,지구단위계획구역,1,0,,지구단위계획구역,20221008
경상남도 양산시 삼호동 814-6번지,48330,11400,0,0814,0006,12644578,,,,1,용도지역코드,1022,제2종일반주거지역,1,0,,제2종일반주거지역,20221008
경상남도 양산시 삼호동 814-6번지,48330,11400,0,0814,0006,12644578,,,,2,용도지구코드,160,택지개발지구,1,0,,택지개발지구,20221008
경상남도 양산시 삼호동 814-6번지,48330,11400,0,0814,0006,12644578,,,,3,용도구역코드,300,지구단위계획구역,1,0,,지구단위계획구역,20221008
경상남도 양산시 삼호동 814-7번지,48330,11400,0,0814,0007,12643662,,,,1,용도지역코드,1020,일반주거지역,1,0,,일반주거지역,20221008
경상남도 양산시 삼호동 814-7번지,48330,11400,0,0814,0007,12643662,,,,2,용도지구코드,160,택지개발지구,1,0,,택지개발지구,20221008
경상남도 양산시 삼호동 814-7번지,48330,11400,0,0814,0007,12643662,,,,3,용도구역코드,050,상세계획구역,1,0,,상세계획구역,20221008
경상남도 양산시 삼호동 814-7번지,48330,11400,0,0814,0007,12643662,,,,3,용도구역코드,010,도시계획구역,0,0,,도시계획구역,20221008
경상남도 양산시 삼호동 814-8번지,48330,11400,0,0814,0008,1264100084241,,,,1,용도지역코드,UQA121,제1종일반주거지역,1,0,,제1종일반주거지역,20221008
경상남도 양산시 삼호동 814-8번지,48330,11400,0,0814,0008,1264100084241,,,,3,용도구역코드,UQQ310,제1종지구단위계획구역,1,0,,제1종지구단위계획구역,20221008
경상남도 양산시 삼호동 814-9번지,48330,11400,0,0814,0009,1264100065299,,,,1,용도지역코드,UQA121,제1종일반주거지역,1,0,,제1종일반주거지역,20221008
경상남도 양산시 삼호동 814-9번지,48330,11400,0,0814,0009,1264100065299,,,,3,용도구역코드,UQQ310,제1종지구단위계획구역,1,0,,제1종지구단위계획구역,20221008
경상남도 양산시 삼호동 814-10번지,48330,11400,0,0814,0010,12647023,,,,1,용도지역코드,1021,제1종일반주거지역,1,0,,제1종일반주거지역,20221008
경상남도 양산시 삼호동 814-10번지,48330,11400,0,0814,0010,12647023,,,,3,용도구역코드,300,지구단위계획구역,1,0,,지구단위계획구역,20221008
경상남도 양산시 삼호동 814-10번지,48330,11400,0,0814,0010,1264100029011,,,,1,용도지역코드,UQA121,제1종일반주거지역,1,0,,제1종일반주거지역,20221008
경상남도 양산시 삼호동 814-10번지,48330,11400,0,0814,0010,1264100029011,,,,3,용도구역코드,UQQ310,제1종지구단위계획구역,1,0,,제1종지구단위계획구역,20221008
경상남도 양산시 삼호동 814-10번지,48330,11400,0,0814,0010,1264100029011,,,,3,용도구역코드,UOA120,상대보호구역,0,0,,상대정화구역,20221008
경상남도 양산시 삼호동 814-11번지,48330,11400,0,0814,0011,1264100028234,,,,1,용도지역코드,UQA121,제1종일반주거지역,1,0,,제1종일반주거지역,20221008
경상남도 양산시 삼호동 823-3번지,48330,11400,0,0823,0003,1264100116396,,,,1,용도지역코드,UQA430,자연녹지지역,1,0,,자연녹지지역,20221008
경상남도 양산시 삼호동 823-3번지,48330,11400,0,0823,0003,1264100116396,,,,3,용도구역코드,UMZ100,가축사육제한구역,1,0,,가축사육제한구역,20221008
경상남도 양산시 삼호동 823-3번지,48330,11400,0,0823,0003,1264100011611,,,,1,용도지역코드,1330,자연녹지지역,1,0,,자연녹지지역,20221008
경상남도 양산시 삼호동 823-7번지,48330,11400,0,0823,0007,12644065,,,,1,용도지역코드,1330,자연녹지지역,1,0,,자연녹지지역,20221008
경상남도 양산시 삼호동 823-7번지,48330,11400,0,0823,0007,1264100114777,,,,3,용도구역코드,UMZ100,가축사육제한구역,1,0,,가축사육제한구역,20221008
경상남도 양산시 삼호동 823-7번지,48330,11400,0,0823,0007,1264100114777,,,,1,용도지역코드,UQA430,자연녹지지역,1,0,,자연녹지지역,20221008
경상남도 양산시 삼호동 823-7번지,48330,11400,0,0823,0007,1264100121423,,,,1,용도지역코드,UQA430,자연녹지지역,1,0,,자연녹지지역,20221008
경상남도 양산시 삼호동 823-7번지,48330,11400,0,0823,0007,1264100121423,,,,3,용도구역코드,UMZ100,가축사육제한구역,1,0,,가축사육제한구역,20221008
경상남도 양산시 삼호동 823-7번지,48330,11400,0,0823,0007,1264100121422,,,,1,용도지역코드,UQA430,자연녹지지역,1,0,,자연녹지지역,20221008
경상남도 양산시 삼호동 823-7번지,48330,11400,0,0823,0007,1264100121422,,,,3,용도구역코드,UMZ100,가축사육제한구역,1,0,,가축사육제한구역,20221008
경상남도 양산시 삼호동 823-7번지,48330,11400,0,0823,0007,1264100121420,,,,1,용도지역코드,UQA430,자연녹지지역,1,0,,자연녹지지역,20221008
경상남도 양산시 삼호동 823-7번지,48330,11400,0,0823,0007,1264100121420,,,,3,용도구역코드,UMZ100,가축사육제한구역,1,0,,가축사육제한구역,20221008
경상남도 양산시 삼호동 823-7번지,48330,11400,0,0823,0007,1264100114776,,,,1,용도지역코드,UQA430,자연녹지지역,1,0,,자연녹지지역,20221008
경상남도 양산시 삼호동 823-7번지,48330,11400,0,0823,0007,1264100114776,,,,3,용도구역코드,UMZ100,가축사육제한구역,1,0,,가축사육제한구역,20221008
경상남도 양산시 삼호동 823-7번지,48330,11400,0,0823,0007,1264100121421,,,,1,용도지역코드,UQA430,자연녹지지역,1,0,,자연녹지지역,20221008
경상남도 양산시 삼호동 823-7번지,48330,11400,0,0823,0007,1264100121421,,,,3,용도구역코드,UMZ100,가축사육제한구역,1,0,,가축사육제한구역,20221008
경상남도 양산시 삼호동 823-10번지,48330,11400,0,0823,0010,12644965,,,,1,용도지역코드,1330,자연녹지지역,1,0,,자연녹지지역,20221008
경상남도 양산시 삼호동 823-17번지,48330,11400,0,0823,0017,1264100116377,,,,1,용도지역코드,UQA430,자연녹지지역,1,0,,자연녹지지역,20221008
경상남도 양산시 삼호동 823-17번지,48330,11400,0,0823,0017,1264100116377,,,,3,용도구역코드,UMZ100,가축사육제한구역,1,0,,가축사육제한구역,20221008
경상남도 양산시 삼호동 823-21번지,48330,11400,0,0823,0021,1264100116376,,,,1,용도지역코드,UQA430,자연녹지지역,1,0,,자연녹지지역,20221008
경상남도 양산시 삼호동 823-21번지,48330,11400,0,0823,0021,1264100116376,,,,3,용도구역코드,UMZ100,가축사육제한구역,1,0,,가축사육제한구역,20221008
경상남도 양산시 삼호동 823-22번지,48330,11400,0,0823,0022,1264100138243,,,,1,용도지역코드,UQA430,자연녹지지역,1,0,,자연녹지지역,20221008
경상남도 양산시 삼호동 823-22번지,48330,11400,0,0823,0022,1264100138243,,,,3,용도구역코드,UMZ100,가축사육제한구역,1,0,,가축사육제한구역,20221008
경상남도 양산시 삼호동 823-22번지,48330,11400,0,0823,0022,1264100121424,,,,1,용도지역코드,UQA430,자연녹지지역,1,0,,자연녹지지역,20221008
경상남도 양산시 삼호동 823-22번지,48330,11400,0,0823,0022,1264100121424,,,,3,용도구역코드,UMZ100,가축사육제한구역,1,0,,가축사육제한구역,20221008
경상남도 양산시 삼호동 823-22번지,48330,11400,0,0823,0022,1264100117957,,,,1,용도지역코드,UQA430,자연녹지지역,1,0,,자연녹지지역,20221008
경상남도 양산시 삼호동 823-22번지,48330,11400,0,0823,0022,1264100117957,,,,3,용도구역코드,UMZ100,가축사육제한구역,1,0,,가축사육제한구역,20221008
경상남도 양산시 삼호동 823-22번지,48330,11400,0,0823,0022,1264100118677,,,,1,용도지역코드,UQA430,자연녹지지역,1,0,,자연녹지지역,20221008
경상남도 양산시 삼호동 823-22번지,48330,11400,0,0823,0022,1264100118677,,,,3,용도구역코드,UMZ100,가축사육제한구역,1,0,,가축사육제한구역,20221008
경상남도 양산시 삼호동 823-26번지,48330,11400,0,0823,0026,1264100148770,,,,1,용도지역코드,UQA430,자연녹지지역,1,0,,자연녹지지역,20250716
경상남도 양산시 삼호동 823-26번지,48330,11400,0,0823,0026,1264100148770,,,,3,용도구역코드,UMZ100,가축사육제한구역,1,0,,가축사육제한구역,20250716
경상남도 양산시 삼호동 823-30번지,48330,11400,0,0823,0030,1264100118638,,,,3,용도구역코드,UMZ100,가축사육제한구역,1,0,,가축사육제한구역,20221008
경상남도 양산시 삼호동 823-30번지,48330,11400,0,0823,0030,1264100118638,,,,1,용도지역코드,UQA430,자연녹지지역,1,0,,자연녹지지역,20221008
경상남도 양산시 삼호동 830-1번지,48330,11400,0,0830,0001,12643774,,,,1,용도지역코드,1020,일반주거지역,1,0,,일반주거지역,20221008
경상남도 양산시 삼호동 830-1번지,48330,11400,0,0830,0001,12643774,,,,2,용도지구코드,160,택지개발지구,1,0,,택지개발지구,20221008
경상남도 양산시 삼호동 830-1번지,48330,11400,0,0830,0001,12643774,,,,3,용도구역코드,300,지구단위계획구역,1,0,,지구단위계획구역,20221008
경상남도 양산시 삼호동 830-2번지,48330,11400,0,0830,0002,1264100033468,,,,1,용도지역코드,UQA121,제1종일반주거지역,1,0,,제1종일반주거지역,20221008
경상남도 양산시 삼호동 830-4번지,48330,11400,0,0830,0004,1264100037474,,,,1,용도지역코드,UQA121,제1종일반주거지역,1,0,,제1종일반주거지역,20221008
경상남도 양산시 삼호동 830-4번지,48330,11400,0,0830,0004,1264100037474,,,,3,용도구역코드,UQQ310,제1종지구단위계획구역,1,0,,제1종지구단위계획구역,20221008
경상남도 양산시 삼호동 830-4번지,48330,11400,0,0830,0004,1264100037474,,,,3,용도구역코드,UOA120,상대보호구역,0,0,,상대정화구역,20221008
경상남도 양산시 삼호동 830-5번지,48330,11400,0,0830,0005,1264100070220,,,,1,용도지역코드,UQA121,제1종일반주거지역,1,0,,제1종일반주거지역,20221008
경상남도 양산시 삼호동 830-5번지,48330,11400,0,0830,0005,1264100070220,,,,3,용도구역코드,UQQ310,제1종지구단위계획구역,1,0,,제1종지구단위계획구역,20221008
경상남도 양산시 삼호동 830-6번지,48330,11400,0,0830,0006,1264100026652,,,,1,용도지역코드,UQA121,제1종일반주거지역,1,0,,제1종일반주거지역,20221008
경상남도 양산시 삼호동 830-6번지,48330,11400,0,0830,0006,1264100026652,,,,3,용도구역코드,UQQ310,제1종지구단위계획구역,1,0,,제1종지구단위계획구역,20221008
경상남도 양산시 삼호동 830-6번지,48330,11400,0,0830,0006,1264100087823,,,,1,용도지역코드,UQA121,제1종일반주거지역,1,0,,제1종일반주거지역,20221008
경상남도 양산시 삼호동 830-6번지,48330,11400,0,0830,0006,1264100087823,,,,3,용도구역코드,UQQ310,제1종지구단위계획구역,1,0,,제1종지구단위계획구역,20221008
경상남도 양산시 삼호동 830-6번지,48330,11400,0,0830,0006,1264100087823,,,,3,용도구역코드,UOA120,상대보호구역,0,0,,상대정화구역,20221008
경상남도 양산시 삼호동 830-7번지,48330,11400,0,0830,0007,1264100034027,,,,1,용도지역코드,UQA121,제1종일반주거지역,1,0,,제1종일반주거지역,20221008
경상남도 양산시 삼호동 830-7번지,48330,11400,0,0830,0007,1264100034027,,,,3,용도구역코드,UQQ310,제1종지구단위계획구역,1,0,,제1종지구단위계획구역,20221008
경상남도 양산시 삼호동 830-9번지,48330,11400,0,0830,0009,12644568,,,,1,용도지역코드,1022,제2종일반주거지역,1,0,,제2종일반주거지역,20221008
경상남도 양산시 삼호동 830-9번지,48330,11400,0,0830,0009,12644568,,,,2,용도지구코드,160,택지개발지구,1,0,,택지개발지구,20221008
경상남도 양산시 삼호동 830-9번지,48330,11400,0,0830,0009,12644568,,,,3,용도구역코드,300,지구단위계획구역,1,0,,지구단위계획구역,20221008
경상남도 양산시 삼호동 830-10번지,48330,11400,0,0830,0010,1264100019857,,,,1,용도지역코드,1021,제1종일반주거지역,1,0,,제1종일반주거지역,20221008
경상남도 양산시 삼호동 830-11번지,48330,11400,0,0830,0011,1264100026993,,,,1,용도지역코드,UQA121,제1종일반주거지역,1,0,,제1종일반주거지역,20221008
경상남도 양산시 삼호동 830-14번지,48330,11400,0,0830,0014,12644171,,,,1,용도지역코드,1020,일반주거지역,1,0,,일반주거지역,20221008
경상남도 양산시 삼호동 830-14번지,48330,11400,0,0830,0014,12644171,,,,2,용도지구코드,160,택지개발지구,1,0,,택지개발지구,20221008
경상남도 양산시 삼호동 830-14번지,48330,11400,0,0830,0014,12644171,,,,3,용도구역코드,300,지구단위계획구역,1,0,,지구단위계획구역,20221008
경상남도 양산시 삼호동 830-14번지,48330,11400,0,0830,0014,12643721,,,,1,용도지역코드,1020,일반주거지역,1,0,,일반주거지역,20221008
경상남도 양산시 삼호동 831-1번지,48330,11400,0,0831,0001,1264100020638,,,,1,용도지역코드,1021,제1종일반주거지역,1,0,,제1종일반주거지역,20221008
경상남도 양산시 삼호동 831-1번지,48330,11400,0,0831,0001,1264100016475,,,,1,용도지역코드,1021,제1종일반주거지역,1,0,,제1종일반주거지역,20221008
경상남도 양산시 삼호동 831-2번지,48330,11400,0,0831,0002,1264100046367,,,,1,용도지역코드,UQA121,제1종일반주거지역,1,0,,제1종일반주거지역,20221008
경상남도 양산시 삼호동 831-2번지,48330,11400,0,0831,0002,1264100046367,,,,3,용도구역코드,UQQ310,제1종지구단위계획구역,1,0,,제1종지구단위계획구역,20221008
경상남도 양산시 삼호동 831-4번지,48330,11400,0,0831,0004,1264100074501,,,,1,용도지역코드,UQA121,제1종일반주거지역,1,0,,제1종일반주거지역,20221008
경상남도 양산시 삼호동 831-4번지,48330,11400,0,0831,0004,1264100074501,,,,3,용도구역코드,UQQ310,제1종지구단위계획구역,1,0,,제1종지구단위계획구역,20221008
경상남도 양산시 삼호동 831-4번지,48330,11400,0,0831,0004,1264100074501,,,,3,용도구역코드,UOA120,상대보호구역,0,0,,상대정화구역,20221008
경상남도 양산시 삼호동 831-5번지,48330,11400,0,0831,0005,1264100040648,,,,1,용도지역코드,UQA121,제1종일반주거지역,1,0,,제1종일반주거지역,20221008
경상남도 양산시 삼호동 831-6번지,48330,11400,0,0831,0006,1264100037475,,,,1,용도지역코드,UQA121,제1종일반주거지역,1,0,,제1종일반주거지역,20221008
경상남도 양산시 삼호동 831-7번지,48330,11400,0,0831,0007,1264100023708,,,,1,용도지역코드,UQA121,제1종일반주거지역,1,0,,제1종일반주거지역,20221008
경상남도 양산시 삼호동 831-8번지,48330,11400,0,0831,0008,1264100080859,,,,1,용도지역코드,UQA121,제1종일반주거지역,1,0,,제1종일반주거지역,20221008
경상남도 양산시 삼호동 831-8번지,48330,11400,0,0831,0008,1264100080859,,,,3,용도구역코드,UQQ310,제1종지구단위계획구역,1,0,,제1종지구단위계획구역,20221008
경상남도 양산시 삼호동 831-9번지,48330,11400,0,0831,0009,12649126,,,,1,용도지역코드,1021,제1종일반주거지역,1,0,,제1종일반주거지역,20221008
경상남도 양산시 삼호동 831-9번지,48330,11400,0,0831,0009,12649126,,,,3,용도구역코드,301,제1종지구단위계획구역,1,0,,제1종지구단위계획구역,20221008
경상남도 양산시 삼호동 831-11번지,48330,11400,0,0831,0011,12649158,,,,1,용도지역코드,1021,제1종일반주거지역,1,0,,제1종일반주거지역,20221008
경상남도 양산시 삼호동 831-11번지,48330,11400,0,0831,0011,12649158,,,,3,용도구역코드,301,제1종지구단위계획구역,1,0,,제1종지구단위계획구역,20221008
경상남도 양산시 삼호동 831-12번지,48330,11400,0,0831,0012,1264100018557,,,,1,용도지역코드,1021,제1종일반주거지역,1,0,,제1종일반주거지역,20221008
경상남도 양산시 삼호동 834-1번지,48330,11400,0,0834,0001,12643745,,,,1,용도지역코드,1020,일반주거지역,1,0,,일반주거지역,20221008
경상남도 양산시 삼호동 834-2번지,48330,11400,0,0834,0002,12643944,,,,1,용도지역코드,1020,일반주거지역,1,0,,일반주거지역,20221008
경상남도 양산시 삼호동 834-2번지,48330,11400,0,0834,0002,12643944,,,,2,용도지구코드,160,택지개발지구,1,0,,택지개발지구,20221008
경상남도 양산시 삼호동 834-2번지,48330,11400,0,0834,0002,12643944,,,,3,용도구역코드,300,지구단위계획구역,1,0,,지구단위계획구역,20221008
경상남도 양산시 삼호동 834-3번지,48330,11400,0,0834,0003,12644551,,,,1,용도지역코드,1022,제2종일반주거지역,1,0,,제2종일반주거지역,20221008
경상남도 양산시 삼호동 834-3번지,48330,11400,0,0834,0003,12644551,,,,2,용도지구코드,160,택지개발지구,1,0,,택지개발지구,20221008
경상남도 양산시 삼호동 834-3번지,48330,11400,0,0834,0003,12644551,,,,3,용도구역코드,300,지구단위계획구역,1,0,,지구단위계획구역,20221008
경상남도 양산시 삼호동 834-4번지,48330,11400,0,0834,0004,12644542,,,,1,용도지역코드,1022,제2종일반주거지역,1,0,,제2종일반주거지역,20221008
경상남도 양산시 삼호동 834-4번지,48330,11400,0,0834,0004,12644542,,,,2,용도지구코드,160,택지개발지구,1,0,,택지개발지구,20221008
경상남도 양산시 삼호동 834-4번지,48330,11400,0,0834,0004,12644542,,,,3,용도구역코드,300,지구단위계획구역,1,0,,지구단위계획구역,20221008
경상남도 양산시 삼호동 834-5번지,48330,11400,0,0834,0005,1264100026994,,,,1,용도지역코드,UQA121,제1종일반주거지역,1,0,,제1종일반주거지역,20221008
경상남도 양산시 삼호동 834-5번지,48330,11400,0,0834,0005,1264100008466,,,,1,용도지역코드,1021,제1종일반주거지역,1,0,,제1종일반주거지역,20221008
경상남도 양산시 삼호동 834-6번지,48330,11400,0,0834,0006,1264100010134,,,,1,용도지역코드,1021,제1종일반주거지역,1,0,,제1종일반주거지역,20221008
경상남도 양산시 삼호동 834-6번지,48330,11400,0,0834,0006,1264100010134,,,,3,용도구역코드,301,제1종지구단위계획구역,1,0,,제1종지구단위계획구역,20221008
경상남도 양산시 삼호동 834-6번지,48330,11400,0,0834,0006,1264100026995,,,,1,용도지역코드,UQA121,제1종일반주거지역,1,0,,제1종일반주거지역,20221008
경상남도 양산시 삼호동 834-7번지,48330,11400,0,0834,0007,1264100026289,,,,1,용도지역코드,UQA121,제1종일반주거지역,1,0,,제1종일반주거지역,20221008
경상남도 양산시 삼호동 834-8번지,48330,11400,0,0834,0008,1264100040083,,,,1,용도지역코드,UQA121,제1종일반주거지역,1,0,,제1종일반주거지역,20221008
경상남도 양산시 삼호동 834-10번지,48330,11400,0,0834,0010,1264100029996,,,,1,용도지역코드,UQA121,제1종일반주거지역,1,0,,제1종일반주거지역,20221008
경상남도 양산시 삼호동 834-11번지,48330,11400,0,0834,0011,1264100056711,,,,1,용도지역코드,UQA121,제1종일반주거지역,1,0,,제1종일반주거지역,20221008
경상남도 양산시 삼호동 834-11번지,48330,11400,0,0834,0011,1264100056711,,,,3,용도구역코드,UQQ310,제1종지구단위계획구역,1,0,,제1종지구단위계획구역,20221008
경상남도 양산시 삼호동 834-11번지,48330,11400,0,0834,0011,1264100056711,,,,3,용도구역코드,UOA120,상대보호구역,0,0,,상대정화구역,20221008
경상남도 양산시 삼호동 834-12번지,48330,11400,0,0834,0012,12648627,,,,1,용도지역코드,1021,제1종일반주거지역,1,0,,제1종일반주거지역,20221008
경상남도 양산시 삼호동 834-12번지,48330,11400,0,0834,0012,12648627,,,,2,용도지구코드,160,택지개발지구,1,0,,택지개발지구,20221008
경상남도 양산시 삼호동 834-12번지,48330,11400,0,0834,0012,12648627,,,,3,용도구역코드,301,제1종지구단위계획구역,1,0,,제1종지구단위계획구역,20221008
경상남도 양산시 삼호동 834-13번지,48330,11400,0,0834,0013,12647039,,,,1,용도지역코드,1021,제1종일반주거지역,1,0,,제1종일반주거지역,20221008
경상남도 양산시 삼호동 834-14번지,48330,11400,0,0834,0014,1264100060832,,,,1,용도지역코드,UQA121,제1종일반주거지역,1,0,,제1종일반주거지역,20221008
경상남도 양산시 삼호동 834-14번지,48330,11400,0,0834,0014,1264100060832,,,,3,용도구역코드,UQQ310,제1종지구단위계획구역,1,0,,제1종지구단위계획구역,20221008
경상남도 양산시 삼호동 834-17번지,48330,11400,0,0834,0017,1264100024390,,,,1,용도지역코드,UQA121,제1종일반주거지역,1,0,,제1종일반주거지역,20221008
경상남도 양산시 삼호동 839-1번지,48330,11400,0,0839,0001,12649099,,,,1,용도지역코드,1021,제1종일반주거지역,1,0,,제1종일반주거지역,20221008
경상남도 양산시 삼호동 839-1번지,48330,11400,0,0839,0001,12649099,,,,2,용도지구코드,160,택지개발지구,1,0,,택지개발지구,20221008
경상남도 양산시 삼호동 839-1번지,48330,11400,0,0839,0001,12649099,,,,3,용도구역코드,301,제1종지구단위계획구역,1,0,,제1종지구단위계획구역,20221008
경상남도 양산시 삼호동 839-1번지,48330,11400,0,0839,0001,12649099,,,,3,용도구역코드,290,도시설계구역,0,0,,도시설계구역,20221008
경상남도 양산시 삼호동 839-1번지,48330,11400,0,0839,0001,1264100045827,,,,1,용도지역코드,UQA121,제1종일반주거지역,1,0,,제1종일반주거지역,20221008
경상남도 양산시 삼호동 839-1번지,48330,11400,0,0839,0001,1264100045827,,,,3,용도구역코드,UQQ310,제1종지구단위계획구역,1,0,,제1종지구단위계획구역,20221008
경상남도 양산시 삼호동 839-1번지,48330,11400,0,0839,0001,1264100050126,,,,1,용도지역코드,UQA121,제1종일반주거지역,1,0,,제1종일반주거지역,20221008
경상남도 양산시 삼호동 839-1번지,48330,11400,0,0839,0001,1264100050126,,,,3,용도구역코드,UQQ310,제1종지구단위계획구역,1,0,,제1종지구단위계획구역,20221008
경상남도 양산시 삼호동 839-2번지,48330,11400,0,0839,0002,1264100054368,,,,1,용도지역코드,UQA121,제1종일반주거지역,1,0,,제1종일반주거지역,20221008
경상남도 양산시 삼호동 839-2번지,48330,11400,0,0839,0002,1264100054368,,,,3,용도구역코드,UQQ310,제1종지구단위계획구역,1,0,,제1종지구단위계획구역,20221008
경상남도 양산시 삼호동 840-1번지,48330,11400,0,0840,0001,1264100027870,,,,1,용도지역코드,UQA121,제1종일반주거지역,1,0,,제1종일반주거지역,20221008
경상남도 양산시 삼호동 840-1번지,48330,11400,0,0840,0001,12646990,,,,1,용도지역코드,1021,제1종일반주거지역,1,0,,제1종일반주거지역,20221008
경상남도 양산시 삼호동 840-1번지,48330,11400,0,0840,0001,12646990,,,,3,용도구역코드,301,제1종지구단위계획구역,1,0,,제1종지구단위계획구역,20221008
경상남도 양산시 삼호동 840-2번지,48330,11400,0,0840,0002,12648694,,,,1,용도지역코드,1021,제1종일반주거지역,1,0,,제1종일반주거지역,20221008
경상남도 양산시 삼호동 840-2번지,48330,11400,0,0840,0002,12648694,,,,2,용도지구코드,160,택지개발지구,1,0,,택지개발지구,20221008
경상남도 양산시 삼호동 840-2번지,48330,11400,0,0840,0002,12648694,,,,3,용도구역코드,301,제1종지구단위계획구역,1,0,,제1종지구단위계획구역,20221008
경상남도 양산시 삼호동 840-3번지,48330,11400,0,0840,0003,1264100044229,,,,1,용도지역코드,UQA121,제1종일반주거지역,1,0,,제1종일반주거지역,20221008
경상남도 양산시 삼호동 840-3번지,48330,11400,0,0840,0003,1264100044229,,,,3,용도구역코드,UQQ310,제1종지구단위계획구역,1,0,,제1종지구단위계획구역,20221008
경상남도 양산시 삼호동 840-4번지,48330,11400,0,0840,0004,1264100046708,,,,1,용도지역코드,UQA121,제1종일반주거지역,1,0,,제1종일반주거지역,20221008
경상남도 양산시 삼호동 840-4번지,48330,11400,0,0840,0004,1264100046708,,,,3,용도구역코드,UQQ310,제1종지구단위계획구역,1,0,,제1종지구단위계획구역,20221008
경상남도 양산시 삼호동 840-5번지,48330,11400,0,0840,0005,12647014,,,,1,용도지역코드,1021,제1종일반주거지역,1,0,,제1종일반주거지역,20221008
경상남도 양산시 삼호동 840-5번지,48330,11400,0,0840,0005,12647014,,,,2,용도지구코드,160,택지개발지구,1,0,,택지개발지구,20221008
경상남도 양산시 삼호동 840-5번지,48330,11400,0,0840,0005,12647014,,,,3,용도구역코드,301,제1종지구단위계획구역,1,0,,제1종지구단위계획구역,20221008
경상남도 양산시 삼호동 840-6번지,48330,11400,0,0840,0006,1264100009629,,,,1,용도지역코드,1021,제1종일반주거지역,1,0,,제1종일반주거지역,20221008
경상남도 양산시 삼호동 840-6번지,48330,11400,0,0840,0006,1264100009629,,,,3,용도구역코드,301,제1종지구단위계획구역,1,0,,제1종지구단위계획구역,20221008
경상남도 양산시 삼호동 840-7번지,48330,11400,0,0840,0007,1264100087662,,,,1,용도지역코드,UQA121,제1종일반주거지역,1,0,,제1종일반주거지역,20221008
경상남도 양산시 삼호동 840-7번지,48330,11400,0,0840,0007,1264100087662,,,,3,용도구역코드,UQQ310,제1종지구단위계획구역,1,0,,제1종지구단위계획구역,20221008
경상남도 양산시 삼호동 840-9번지,48330,11400,0,0840,0009,12644863,,,,1,용도지역코드,1012,제2종전용주거지역,1,0,,제2종 전용주거지역,20221008
경상남도 양산시 삼호동 840-9번지,48330,11400,0,0840,0009,12644863,,,,2,용도지구코드,160,택지개발지구,1,0,,택지개발지구,20221008
경상남도 양산시 삼호동 840-9번지,48330,11400,0,0840,0009,12644863,,,,3,용도구역코드,300,지구단위계획구역,1,0,,지구단위계획구역,20221008
경상남도 양산시 삼호동 840-9번지,48330,11400,0,0840,0009,12647988,,,,1,용도지역코드,1021,제1종일반주거지역,1,0,,제1종일반주거지역,20221008
경상남도 양산시 삼호동 840-9번지,48330,11400,0,0840,0009,12647988,,,,3,용도구역코드,010,도시계획구역,1,0,,도시계획구역,20221008
경상남도 양산시 삼호동 840-9번지,48330,11400,0,0840,0009,12647988,,,,3,용도구역코드,300,지구단위계획구역,0,0,,지구단위계획구역,20221008
경상남도 양산시 삼호동 840-10번지,48330,11400,0,0840,0010,12647017,,,,1,용도지역코드,1021,제1종일반주거지역,1,0,,제1종일반주거지역,20221008
경상남도 양산시 삼호동 840-10번지,48330,11400,0,0840,0010,12647017,,,,2,용도지구코드,160,택지개발지구,1,0,,택지개발지구,20221008
경상남도 양산시 삼호동 840-10번지,48330,11400,0,0840,0010,12647017,,,,3,용도구역코드,301,제1종지구단위계획구역,1,0,,제1종지구단위계획구역,20221008
경상남도 양산시 삼호동 840-10번지,48330,11400,0,0840,0010,12649018,,,,1,용도지역코드,1021,제1종일반주거지역,1,0,,제1종일반주거지역,20221008
경상남도 양산시 삼호동 840-10번지,48330,11400,0,0840,0010,12649018,,,,2,용도지구코드,160,택지개발지구,1,0,,택지개발지구,20221008
경상남도 양산시 삼호동 840-10번지,48330,11400,0,0840,0010,12649018,,,,3,용도구역코드,301,제1종지구단위계획구역,1,0,,제1종지구단위계획구역,20221008
경상남도 양산시 삼호동 840-12번지,48330,11400,0,0840,0012,12648693,,,,1,용도지역코드,1021,제1종일반주거지역,1,0,,제1종일반주거지역,20221008
경상남도 양산시 삼호동 840-12번지,48330,11400,0,0840,0012,12648693,,,,2,용도지구코드,160,택지개발지구,1,0,,택지개발지구,20221008
경상남도 양산시 삼호동 840-12번지,48330,11400,0,0840,0012,12648693,,,,3,용도구역코드,301,제1종지구단위계획구역,1,0,,제1종지구단위계획구역,20221008
경상남도 양산시 삼호동 840-12번지,48330,11400,0,0840,0012,12649068,,,,1,용도지역코드,1021,제1종일반주거지역,1,0,,제1종일반주거지역,20221008
경상남도 양산시 삼호동 840-12번지,48330,11400,0,0840,0012,12649068,,,,3,용도구역코드,301,제1종지구단위계획구역,1,0,,제1종지구단위계획구역,20221008
경상남도 양산시 삼호동 841-1번지,48330,11400,0,0841,0001,12644789,,,,1,용도지역코드,1022,제2종일반주거지역,1,0,,제2종일반주거지역,20221008
경상남도 양산시 삼호동 841-1번지,48330,11400,0,0841,0001,12644789,,,,2,용도지구코드,160,택지개발지구,1,0,,택지개발지구,20221008
경상남도 양산시 삼호동 841-1번지,48330,11400,0,0841,0001,12644789,,,,3,용도구역코드,300,지구단위계획구역,1,0,,지구단위계획구역,20221008
경상남도 양산시 삼호동 841-2번지,48330,11400,0,0841,0002,1264100094467,,,,1,용도지역코드,UQA121,제1종일반주거지역,1,0,,제1종일반주거지역,20221008
경상남도 양산시 삼호동 841-2번지,48330,11400,0,0841,0002,1264100094467,,,,3,용도구역코드,UQQ310,제1종지구단위계획구역,1,0,,제1종지구단위계획구역,20221008
경상남도 양산시 삼호동 841-4번지,48330,11400,0,0841,0004,12644639,,,,1,용도지역코드,1022,제2종일반주거지역,1,0,,제2종일반주거지역,20221008
경상남도 양산시 삼호동 841-4번지,48330,11400,0,0841,0004,12644639,,,,2,용도지구코드,160,택지개발지구,1,0,,택지개발지구,20221008
경상남도 양산시 삼호동 841-4번지,48330,11400,0,0841,0004,12644639,,,,3,용도구역코드,300,지구단위계획구역,1,0,,지구단위계획구역,20221008
경상남도 양산시 삼호동 841-5번지,48330,11400,0,0841,0005,1264100028069,,,,1,용도지역코드,UQA121,제1종일반주거지역,1,0,,제1종일반주거지역,20221008
경상남도 양산시 삼호동 841-5번지,48330,11400,0,0841,0005,1264100028069,,,,3,용도구역코드,UQQ310,제1종지구단위계획구역,1,0,,제1종지구단위계획구역,20221008
경상남도 양산시 삼호동 845-2번지,48330,11400,0,0845,0002,12643950,,,,1,용도지역코드,1022,제2종일반주거지역,1,0,,제2종일반주거지역,20221008
경상남도 양산시 삼호동 845-2번지,48330,11400,0,0845,0002,12643950,,,,2,용도지구코드,160,택지개발지구,1,0,,택지개발지구,20221008
경상남도 양산시 삼호동 845-2번지,48330,11400,0,0845,0002,12643950,,,,3,용도구역코드,300,지구단위계획구역,1,0,,지구단위계획구역,20221008
경상남도 양산시 삼호동 845-3번지,48330,11400,0,0845,0003,12644974,,,,1,용도지역코드,1022,제2종일반주거지역,1,0,,제2종일반주거지역,20221008
경상남도 양산시 삼호동 845-3번지,48330,11400,0,0845,0003,12644974,,,,2,용도지구코드,160,택지개발지구,1,0,,택지개발지구,20221008
경상남도 양산시 삼호동 845-3번지,48330,11400,0,0845,0003,12644974,,,,3,용도구역코드,300,지구단위계획구역,1,0,,지구단위계획구역,20221008
경상남도 양산시 삼호동 845-4번지,48330,11400,0,0845,0004,1264100030937,,,,1,용도지역코드,UQA121,제1종일반주거지역,1,0,,제1종일반주거지역,20221008
경상남도 양산시 삼호동 845-4번지,48330,11400,0,0845,0004,1264100030937,,,,3,용도구역코드,UQQ310,제1종지구단위계획구역,1,0,,제1종지구단위계획구역,20221008
경상남도 양산시 삼호동 846-1번지,48330,11400,0,0846,0001,12642525,,,,1,용도지역코드,1330,자연녹지지역,1,0,,자연녹지지역,20221008
경상남도 양산시 삼호동 846-1번지,48330,11400,0,0846,0001,12642546,,,,1,용도지역코드,1330,자연녹지지역,1,0,,자연녹지지역,20221008
경상남도 양산시 삼호동 846-3번지,48330,11400,0,0846,0003,1000000000000000910138,,,,3,용도구역코드,UMZ100,가축사육제한구역,1,0,,가축사육제한구역,20260324
경상남도 양산시 삼호동 846-3번지,48330,11400,0,0846,0003,1000000000000000910138,,,,3,용도구역코드,UOA120,상대보호구역,0,0,,상대보호구역,20260324
경상남도 양산시 삼호동 846-3번지,48330,11400,0,0846,0003,1000000000000000910138,,,,1,용도지역코드,UQA430,자연녹지지역,1,0,,자연녹지지역,20260324
경상남도 양산시 삼호동 846-4번지,48330,11400,0,0846,0004,12647056,,,,1,용도지역코드,1330,자연녹지지역,1,0,,자연녹지지역,20221008
경상남도 양산시 삼호동 846-4번지,48330,11400,0,0846,0004,1264100036292,,,,1,용도지역코드,UQA430,자연녹지지역,1,0,,자연녹지지역,20221008
경상남도 양산시 삼호동 846-5번지,48330,11400,0,0846,0005,1264100135443,,,,1,용도지역코드,UQA430,자연녹지지역,1,0,,자연녹지지역,20221008
경상남도 양산시 삼호동 846-5번지,48330,11400,0,0846,0005,1264100135443,,,,3,용도구역코드,UOA120,상대보호구역,1,0,,상대보호구역,20221008
경상남도 양산시 삼호동 846-5번지,48330,11400,0,0846,0005,12647819,,,,1,용도지역코드,1330,자연녹지지역,1,0,,자연녹지지역,20221008
경상남도 양산시 삼호동 846-6번지,48330,11400,0,0846,0006,12647781,,,,1,용도지역코드,1330,자연녹지지역,1,0,,자연녹지지역,20221008
경상남도 양산시 삼호동 846-7번지,48330,11400,0,0846,0007,1264100086261,,,,1,용도지역코드,UQA430,자연녹지지역,1,0,,자연녹지지역,20221008
경상남도 양산시 삼호동 846-7번지,48330,11400,0,0846,0007,1264100086261,,,,3,용도구역코드,UOA120,상대보호구역,1,0,,상대보호구역,20221008
경상남도 양산시 삼호동 846-7번지,48330,11400,0,0846,0007,12647157,,,,1,용도지역코드,1330,자연녹지지역,1,0,,자연녹지지역,20221008
경상남도 양산시 삼호동 846-7번지,48330,11400,0,0846,0007,1264100119441,,,,1,용도지역코드,UQA430,자연녹지지역,1,0,,자연녹지지역,20221008
경상남도 양산시 삼호동 846-7번지,48330,11400,0,0846,0007,1264100119441,,,,3,용도구역코드,UOA120,상대보호구역,1,0,,상대보호구역,20221008
경상남도 양산시 삼호동 846-7번지,48330,11400,0,0846,0007,1264100102094,,,,1,용도지역코드,UQA430,자연녹지지역,1,0,,자연녹지지역,20221008
경상남도 양산시 삼호동 846-7번지,48330,11400,0,0846,0007,1264100102094,,,,3,용도구역코드,UOA120,상대보호구역,1,0,,상대보호구역,20221008
경상남도 양산시 삼호동 846-7번지,48330,11400,0,0846,0007,12649146,,,,1,용도지역코드,1330,자연녹지지역,1,0,,자연녹지지역,20221008
경상남도 양산시 삼호동 846-11번지,48330,11400,0,0846,0011,12647055,,,,1,용도지역코드,1330,자연녹지지역,1,0,,자연녹지지역,20221008
경상남도 양산시 삼호동 846-23번지,48330,11400,0,0846,0023,1264100013094,,,,1,용도지역코드,1330,자연녹지지역,1,0,,자연녹지지역,20221008
경상남도 양산시 삼호동 846-23번지,48330,11400,0,0846,0023,1264100013094,,,,3,용도구역코드,272,상대정화구역,1,0,,상대정화구역,20221008
경상남도 양산시 삼호동 846-29번지,48330,11400,0,0846,0029,1264100085384,,,,1,용도지역코드,UQA430,자연녹지지역,1,0,,자연녹지지역,20221008
경상남도 양산시 삼호동 846-29번지,48330,11400,0,0846,0029,1264100085384,,,,3,용도구역코드,UOA120,상대보호구역,1,0,,상대정화구역,20221008
경상남도 양산시 삼호동 846-30번지,48330,11400,0,0846,0030,1264100095146,,,,1,용도지역코드,UQA430,자연녹지지역,1,0,,자연녹지지역,20221008
경상남도 양산시 삼호동 846-30번지,48330,11400,0,0846,0030,1264100119959,,,,1,용도지역코드,UQA430,자연녹지지역,1,0,,자연녹지지역,20221008
경상남도 양산시 삼호동 846-30번지,48330,11400,0,0846,0030,1264100103253,,,,1,용도지역코드,UQA430,자연녹지지역,1,0,,자연녹지지역,20221008
경상남도 양산시 삼호동 846-34번지,48330,11400,0,0846,0034,1264100102095,,,,1,용도지역코드,UQA430,자연녹지지역,1,0,,자연녹지지역,20221008
경상남도 양산시 삼호동 846-34번지,48330,11400,0,0846,0034,1264100102095,,,,3,용도구역코드,UOA120,상대보호구역,1,0,,상대보호구역,20221008
경상남도 양산시 삼호동 846-35번지,48330,11400,0,0846,0035,1000000000000000242339,,,,1,용도지역코드,UQA430,자연녹지지역,1,0,,자연녹지지역,20230725
경상남도 양산시 삼호동 846-35번지,48330,11400,0,0846,0035,1264100155473,,,,1,용도지역코드,UQA430,자연녹지지역,1,0,,자연녹지지역,20221012
경상남도 양산시 삼호동 846-35번지,48330,11400,0,0846,0035,1264100155473,,,,3,용도구역코드,UOA120,상대보호구역,1,0,,상대보호구역,20221012
경상남도 양산시 삼호동 846-35번지,48330,11400,0,0846,0035,1264100102096,,,,1,용도지역코드,UQA430,자연녹지지역,1,0,,자연녹지지역,20221008
경상남도 양산시 삼호동 846-35번지,48330,11400,0,0846,0035,1264100102096,,,,3,용도구역코드,UOA120,상대보호구역,1,0,,상대보호구역,20221008
경상남도 양산시 삼호동 848번지,48330,11400,0,0848,0000,1000000000000000429125,,,,1,용도지역코드,UQA430,자연녹지지역,1,0,,자연녹지지역,20240523
경상남도 양산시 삼호동 848번지,48330,11400,0,0848,0000,12641546,경상남도 양산시 웅상읍 삼호리,848,,1,용도지역코드,1330,자연녹지지역,1,0,,자연녹지지역,20221008
경상남도 양산시 삼호동 848번지,48330,11400,0,0848,0000,1264100012690,,,,1,용도지역코드,1330,자연녹지지역,1,0,,자연녹지지역,20221008
경상남도 양산시 삼호동 848번지,48330,11400,0,0848,0000,1264100012690,,,,3,용도구역코드,272,상대정화구역,1,0,,상대정화구역,20221008
경상남도 양산시 삼호동 848번지,48330,11400,0,0848,0000,12642159,경상남도 양산시 웅상읍 삼호리,848,,1,용도지역코드,1330,자연녹지지역,1,0,,자연녹지지역,20221008
경상남도 양산시 삼호동 851-5번지,48330,11400,0,0851,0005,1264100125321,,,,1,용도지역코드,UQA430,자연녹지지역,1,0,,자연녹지지역,20221008
경상남도 양산시 삼호동 852-3번지,48330,11400,0,0852,0003,1264100108116,,,,1,용도지역코드,UQA430,자연녹지지역,1,0,,자연녹지지역,20221008
경상남도 양산시 삼호동 858번지,48330,11400,0,0858,0000,1264100132463,,,,1,용도지역코드,UQA430,자연녹지지역,1,0,,자연녹지지역,20241218
경상남도 양산시 삼호동 858번지,48330,11400,0,0858,0000,1000000000000000641923,,,,1,용도지역코드,UQA430,자연녹지지역,1,0,,자연녹지지역,20241224
경상남도 양산시 삼호동 863-1번지,48330,11400,0,0863,0001,12644454,경상남도 양산시 웅상읍 삼호리,863,1,1,용도지역코드,1330,자연녹지지역,1,0,,자연녹지지역,20221008
경상남도 양산시 삼호동 863-1번지,48330,11400,0,0863,0001,1264100086522,,,,1,용도지역코드,UQA430,자연녹지지역,1,0,,자연녹지지역,20221008
경상남도 양산시 삼호동 863-1번지,48330,11400,0,0863,0001,1264100086522,,,,3,용도구역코드,UOA120,상대보호구역,1,0,,상대정화구역,20221008
경상남도 양산시 삼호동 863-1번지,48330,11400,0,0863,0001,12647975,,,,1,용도지역코드,1330,자연녹지지역,1,0,,자연녹지지역,20221008
경상남도 양산시 삼호동 863-1번지,48330,11400,0,0863,0001,1264100088781,,,,1,용도지역코드,UQA430,자연녹지지역,1,0,,자연녹지지역,20221008
경상남도 양산시 삼호동 863-1번지,48330,11400,0,0863,0001,1264100088781,,,,3,용도구역코드,UOA120,상대보호구역,1,0,,상대정화구역,20221008
경상남도 양산시 삼호동 863-1번지,48330,11400,0,0863,0001,1264100121181,,,,1,용도지역코드,UQA430,자연녹지지역,1,0,,자연녹지지역,20221008
경상남도 양산시 삼호동 863-1번지,48330,11400,0,0863,0001,1264100031036,,,,1,용도지역코드,UQA430,자연녹지지역,1,0,,자연녹지지역,20221008
경상남도 양산시 삼호동 863-1번지,48330,11400,0,0863,0001,1264100019358,,,,1,용도지역코드,1330,자연녹지지역,1,0,,자연녹지지역,20221008
경상남도 양산시 삼호동 863-1번지,48330,11400,0,0863,0001,1264100013413,,,,1,용도지역코드,1330,자연녹지지역,1,0,,자연녹지지역,20221008
경상남도 양산시 삼호동 863-1번지,48330,11400,0,0863,0001,1264100013413,,,,3,용도구역코드,272,상대정화구역,1,0,,상대정화구역,20221008
경상남도 양산시 삼호동 870-4번지,48330,11400,0,0870,0004,1264100073320,,,,1,용도지역코드,UQA121,제1종일반주거지역,1,0,,제1종일반주거지역,20221008
경상남도 양산시 삼호동 870-4번지,48330,11400,0,0870,0004,1264100073320,,,,3,용도구역코드,UQQ310,제1종지구단위계획구역,1,0,,제1종지구단위계획구역,20221008
경상남도 양산시 삼호동 870-5번지,48330,11400,0,0870,0005,12647000,,,,1,용도지역코드,1021,제1종일반주거지역,1,0,,제1종일반주거지역,20221008
경상남도 양산시 삼호동 870-5번지,48330,11400,0,0870,0005,12647000,,,,3,용도구역코드,301,제1종지구단위계획구역,1,0,,제1종지구단위계획구역,20221008
경상남도 양산시 삼호동 870-6번지,48330,11400,0,0870,0006,1264100034294,,,,1,용도지역코드,UQA121,제1종일반주거지역,1,0,,제1종일반주거지역,20221008
경상남도 양산시 삼호동 870-6번지,48330,11400,0,0870,0006,1264100034294,,,,3,용도구역코드,UQQ310,제1종지구단위계획구역,1,0,,제1종지구단위계획구역,20221008
경상남도 양산시 삼호동 870-7번지,48330,11400,0,0870,0007,1264100042363,,,,1,용도지역코드,UQA121,제1종일반주거지역,1,0,,제1종일반주거지역,20221008
경상남도 양산시 삼호동 870-7번지,48330,11400,0,0870,0007,1264100042363,,,,3,용도구역코드,UQQ310,제1종지구단위계획구역,1,0,,제1종지구단위계획구역,20221008
경상남도 양산시 삼호동 870-7번지,48330,11400,0,0870,0007,12649160,,,,1,용도지역코드,1021,제1종일반주거지역,1,0,,제1종일반주거지역,20221008
경상남도 양산시 삼호동 870-7번지,48330,11400,0,0870,0007,12649160,,,,2,용도지구코드,160,택지개발지구,1,0,,택지개발지구,20221008
경상남도 양산시 삼호동 870-7번지,48330,11400,0,0870,0007,12649160,,,,3,용도구역코드,301,제1종지구단위계획구역,1,0,,제1종지구단위계획구역,20221008
경상남도 양산시 삼호동 870-8번지,48330,11400,0,0870,0008,12648716,,,,1,용도지역코드,1021,제1종일반주거지역,1,0,,제1종일반주거지역,20221008
경상남도 양산시 삼호동 870-8번지,48330,11400,0,0870,0008,12648716,,,,2,용도지구코드,160,택지개발지구,1,0,,택지개발지구,20221008
경상남도 양산시 삼호동 870-8번지,48330,11400,0,0870,0008,12648716,,,,3,용도구역코드,301,제1종지구단위계획구역,1,0,,제1종지구단위계획구역,20221008
경상남도 양산시 삼호동 870-9번지,48330,11400,0,0870,0009,12646980,,,,1,용도지역코드,1021,제1종일반주거지역,1,0,,제1종일반주거지역,20221008
경상남도 양산시 삼호동 870-9번지,48330,11400,0,0870,0009,12646980,,,,3,용도구역코드,300,지구단위계획구역,1,0,,지구단위계획구역,20221008
경상남도 양산시 삼호동 870-9번지,48330,11400,0,0870,0009,12648709,,,,1,용도지역코드,1021,제1종일반주거지역,1,0,,제1종일반주거지역,20221008
경상남도 양산시 삼호동 870-9번지,48330,11400,0,0870,0009,12648709,,,,2,용도지구코드,160,택지개발지구,1,0,,택지개발지구,20221008
경상남도 양산시 삼호동 870-9번지,48330,11400,0,0870,0009,12648709,,,,3,용도구역코드,301,제1종지구단위계획구역,1,0,,제1종지구단위계획구역,20221008
경상남도 양산시 삼호동 871-1번지,48330,11400,0,0871,0001,12645632,,,,1,용도지역코드,1022,제2종일반주거지역,1,0,,제2종일반주거지역,20221008
경상남도 양산시 삼호동 871-1번지,48330,11400,0,0871,0001,12645632,,,,2,용도지구코드,160,택지개발지구,1,0,,택지개발지구,20221008
경상남도 양산시 삼호동 871-1번지,48330,11400,0,0871,0001,12645632,,,,3,용도구역코드,301,제1종지구단위계획구역,1,0,,제1종지구단위계획구역,20221008
경상남도 양산시 삼호동 871-1번지,48330,11400,0,0871,0001,1264100027052,,,,1,용도지역코드,UQA121,제1종일반주거지역,1,0,,제1종일반주거지역,20221008
경상남도 양산시 삼호동 871-2번지,48330,11400,0,0871,0002,1264100022926,,,,1,용도지역코드,UQA121,제1종일반주거지역,1,0,,제1종일반주거지역,20221008
경상남도 양산시 삼호동 871-2번지,48330,11400,0,0871,0002,1264100022926,,,,3,용도구역코드,UQQ310,제1종지구단위계획구역,1,0,,제1종지구단위계획구역,20221008
경상남도 양산시 삼호동 871-3번지,48330,11400,0,0871,0003,12649039,,,,1,용도지역코드,1021,제1종일반주거지역,1,0,,제1종일반주거지역,20221008
경상남도 양산시 삼호동 871-3번지,48330,11400,0,0871,0003,12649039,,,,3,용도구역코드,301,제1종지구단위계획구역,1,0,,제1종지구단위계획구역,20221008
경상남도 양산시 삼호동 871-4번지,48330,11400,0,0871,0004,12649162,,,,1,용도지역코드,1021,제1종일반주거지역,1,0,,제1종일반주거지역,20221008
경상남도 양산시 삼호동 871-4번지,48330,11400,0,0871,0004,12649162,,,,2,용도지구코드,160,택지개발지구,1,0,,택지개발지구,20221008
경상남도 양산시 삼호동 871-4번지,48330,11400,0,0871,0004,12649162,,,,3,용도구역코드,301,제1종지구단위계획구역,1,0,,제1종지구단위계획구역,20221008
경상남도 양산시 삼호동 871-5번지,48330,11400,0,0871,0005,12648686,,,,1,용도지역코드,1021,제1종일반주거지역,1,0,,제1종일반주거지역,20221008
경상남도 양산시 삼호동 871-5번지,48330,11400,0,0871,0005,12648686,,,,2,용도지구코드,160,택지개발지구,1,0,,택지개발지구,20221008
경상남도 양산시 삼호동 871-5번지,48330,11400,0,0871,0005,12648686,,,,3,용도구역코드,301,제1종지구단위계획구역,1,0,,제1종지구단위계획구역,20221008
경상남도 양산시 삼호동 871-6번지,48330,11400,0,0871,0006,1264100018314,,,,1,용도지역코드,1021,제1종일반주거지역,1,0,,제1종일반주거지역,20221008
경상남도 양산시 삼호동 871-6번지,48330,11400,0,0871,0006,1264100018314,,,,3,용도구역코드,301,제1종지구단위계획구역,1,0,,제1종지구단위계획구역,20221008
경상남도 양산시 삼호동 871-6번지,48330,11400,0,0871,0006,1264100018314,,,,3,용도구역코드,272,상대정화구역,0,0,,상대정화구역,20221008
경상남도 양산시 삼호동 871-6번지,48330,11400,0,0871,0006,12645720,,,,1,용도지역코드,1022,제2종일반주거지역,1,0,,제2종일반주거지역,20221008
경상남도 양산시 삼호동 871-6번지,48330,11400,0,0871,0006,12645720,,,,2,용도지구코드,160,택지개발지구,1,0,,택지개발지구,20221008
경상남도 양산시 삼호동 871-6번지,48330,11400,0,0871,0006,12645720,,,,3,용도구역코드,301,제1종지구단위계획구역,1,0,,제1종지구단위계획구역,20221008
경상남도 양산시 삼호동 871-7번지,48330,11400,0,0871,0007,1264100017416,,,,1,용도지역코드,1021,제1종일반주거지역,1,0,,제1종일반주거지역,20221008
경상남도 양산시 삼호동 871-8번지,48330,11400,0,0871,0008,12648644,,,,1,용도지역코드,1021,제1종일반주거지역,1,0,,제1종일반주거지역,20221008
경상남도 양산시 삼호동 871-8번지,48330,11400,0,0871,0008,12648644,,,,2,용도지구코드,160,택지개발지구,1,0,,택지개발지구,20221008
경상남도 양산시 삼호동 871-8번지,48330,11400,0,0871,0008,12648644,,,,3,용도구역코드,301,제1종지구단위계획구역,1,0,,제1종지구단위계획구역,20221008
경상남도 양산시 삼호동 871-9번지,48330,11400,0,0871,0009,12649015,,,,1,용도지역코드,1021,제1종일반주거지역,1,0,,제1종일반주거지역,20221008
경상남도 양산시 삼호동 871-9번지,48330,11400,0,0871,0009,12649015,,,,2,용도지구코드,160,택지개발지구,1,0,,택지개발지구,20221008
경상남도 양산시 삼호동 871-9번지,48330,11400,0,0871,0009,12649015,,,,3,용도구역코드,301,제1종지구단위계획구역,1,0,,제1종지구단위계획구역,20221008
경상남도 양산시 삼호동 871-10번지,48330,11400,0,0871,0010,1264100126061,,,,1,용도지역코드,UQA121,제1종일반주거지역,1,0,,제1종일반주거지역,20221008
경상남도 양산시 삼호동 871-10번지,48330,11400,0,0871,0010,1264100126061,,,,3,용도구역코드,UQQ310,제1종지구단위계획구역,1,0,,제1종지구단위계획구역,20221008
경상남도 양산시 삼호동 871-11번지,48330,11400,0,0871,0011,12645758,,,,1,용도지역코드,1022,제2종일반주거지역,1,0,,제2종일반주거지역,20221008
경상남도 양산시 삼호동 871-11번지,48330,11400,0,0871,0011,12645758,,,,2,용도지구코드,160,택지개발지구,1,0,,택지개발지구,20221008
경상남도 양산시 삼호동 871-11번지,48330,11400,0,0871,0011,12645758,,,,3,용도구역코드,300,지구단위계획구역,1,0,,지구단위계획구역,20221008
경상남도 양산시 삼호동 871-11번지,48330,11400,0,0871,0011,1264100102054,,,,1,용도지역코드,UQA121,제1종일반주거지역,1,0,,제1종일반주거지역,20221008
경상남도 양산시 삼호동 871-11번지,48330,11400,0,0871,0011,1264100102054,,,,3,용도구역코드,UQQ310,제1종지구단위계획구역,1,0,,제1종지구단위계획구역,20221008
경상남도 양산시 삼호동 871-12번지,48330,11400,0,0871,0012,1264100030477,,,,1,용도지역코드,UQA121,제1종일반주거지역,1,0,,제1종일반주거지역,20221008
경상남도 양산시 삼호동 871-12번지,48330,11400,0,0871,0012,1264100030477,,,,3,용도구역코드,UQQ310,제1종지구단위계획구역,1,0,,제1종지구단위계획구역,20221008
경상남도 양산시 삼호동 871-13번지,48330,11400,0,0871,0013,12649132,,,,1,용도지역코드,1021,제1종일반주거지역,1,0,,제1종일반주거지역,20221008
경상남도 양산시 삼호동 871-13번지,48330,11400,0,0871,0013,12649132,,,,3,용도구역코드,301,제1종지구단위계획구역,1,0,,제1종지구단위계획구역,20221008
경상남도 양산시 삼호동 871-14번지,48330,11400,0,0871,0014,1264100026650,,,,1,용도지역코드,UQA121,제1종일반주거지역,1,0,,제1종일반주거지역,20221008
경상남도 양산시 삼호동 871-15번지,48330,11400,0,0871,0015,12645928,,,,1,용도지역코드,1021,제1종일반주거지역,1,0,,제1종일반주거지역,20221008
경상남도 양산시 삼호동 871-15번지,48330,11400,0,0871,0015,12645928,,,,2,용도지구코드,980,용도지구미지정,1,0,,용도지구미지정,20221008
경상남도 양산시 삼호동 871-15번지,48330,11400,0,0871,0015,12645928,,,,3,용도구역코드,980,용도구역미지정,1,0,,용도구역미지정,20221008
경상남도 양산시 삼호동 871-16번지,48330,11400,0,0871,0016,1264100132028,,,,1,용도지역코드,UQA121,제1종일반주거지역,1,0,,제1종일반주거지역,20221008
경상남도 양산시 삼호동 871-16번지,48330,11400,0,0871,0016,1264100132028,,,,3,용도구역코드,UQQ310,제1종지구단위계획구역,1,0,,제1종지구단위계획구역,20221008
경상남도 양산시 삼호동 871-16번지,48330,11400,0,0871,0016,1264100132028,,,,3,용도구역코드,UOA120,상대보호구역,0,0,,상대보호구역,20221008
경상남도 양산시 삼호동 871-16번지,48330,11400,0,0871,0016,12649086,,,,1,용도지역코드,1021,제1종일반주거지역,1,0,,제1종일반주거지역,20221008
경상남도 양산시 삼호동 871-16번지,48330,11400,0,0871,0016,12649086,,,,2,용도지구코드,160,택지개발지구,1,0,,택지개발지구,20221008
경상남도 양산시 삼호동 871-16번지,48330,11400,0,0871,0016,12649086,,,,3,용도구역코드,301,제1종지구단위계획구역,1,0,,제1종지구단위계획구역,20221008
경상남도 양산시 삼호동 871-18번지,48330,11400,0,0871,0018,1264100065159,,,,1,용도지역코드,UQA121,제1종일반주거지역,1,0,,제1종일반주거지역,20221008
경상남도 양산시 삼호동 871-18번지,48330,11400,0,0871,0018,1264100065159,,,,3,용도구역코드,UQQ310,제1종지구단위계획구역,1,0,,제1종지구단위계획구역,20221008
경상남도 양산시 삼호동 871-19번지,48330,11400,0,0871,0019,1000000000000000212260,,,,1,용도지역코드,UQA121,제1종일반주거지역,1,0,,제1종일반주거지역,20230111
경상남도 양산시 삼호동 871-19번지,48330,11400,0,0871,0019,1000000000000000212260,,,,3,용도구역코드,UQQ310,제1종지구단위계획구역,1,0,,제1종지구단위계획구역,20230111
경상남도 양산시 삼호동 871-19번지,48330,11400,0,0871,0019,1264100147223,,,,1,용도지역코드,UQA121,제1종일반주거지역,1,0,,제1종일반주거지역,20221008
경상남도 양산시 삼호동 871-19번지,48330,11400,0,0871,0019,1264100147223,,,,3,용도구역코드,UQQ310,제1종지구단위계획구역,1,0,,제1종지구단위계획구역,20221008
경상남도 양산시 삼호동 873-1번지,48330,11400,0,0873,0001,12647963,,,,1,용도지역코드,1021,제1종일반주거지역,1,0,,제1종일반주거지역,20221008
경상남도 양산시 삼호동 873-1번지,48330,11400,0,0873,0001,12647963,,,,3,용도구역코드,300,지구단위계획구역,1,0,,지구단위계획구역,20221008
경상남도 양산시 삼호동 873-1번지,48330,11400,0,0873,0001,1264100128302,,,,1,용도지역코드,UQA121,제1종일반주거지역,1,0,,제1종일반주거지역,20221008
경상남도 양산시 삼호동 873-1번지,48330,11400,0,0873,0001,1264100128302,,,,3,용도구역코드,UQQ310,제1종지구단위계획구역,1,0,,제1종지구단위계획구역,20221008
경상남도 양산시 삼호동 873-2번지,48330,11400,0,0873,0002,1264100081899,,,,1,용도지역코드,UQA121,제1종일반주거지역,1,0,,제1종일반주거지역,20221008
경상남도 양산시 삼호동 873-2번지,48330,11400,0,0873,0002,1264100081899,,,,3,용도구역코드,UOA110,절대정화구역,,,,절대정화구역,20221008
경상남도 양산시 삼호동 873-2번지,48330,11400,0,0873,0002,1264100081899,,,,3,용도구역코드,UQQ310,제1종지구단위계획구역,1,0,,제1종지구단위계획구역,20221008
경상남도 양산시 삼호동 873-2번지,48330,11400,0,0873,0002,1264100004766,,,,1,용도지역코드,1021,제1종일반주거지역,1,0,,제1종일반주거지역,20221008
경상남도 양산시 삼호동 873-2번지,48330,11400,0,0873,0002,1264100004766,,,,3,용도구역코드,301,제1종지구단위계획구역,1,0,,제1종지구단위계획구역,20221008
경상남도 양산시 삼호동 873-3번지,48330,11400,0,0873,0003,1000000000000000195036,,,,3,용도구역코드,UMZ100,가축사육제한구역,0,0,,가축사육제한구역,20231123
경상남도 양산시 삼호동 873-3번지,48330,11400,0,0873,0003,1000000000000000195036,,,,3,용도구역코드,UOA120,상대보호구역,0,0,,상대보호구역,20231123
경상남도 양산시 삼호동 873-3번지,48330,11400,0,0873,0003,1000000000000000195036,,,,1,용도지역코드,UQA121,제1종일반주거지역,1,0,,제1종일반주거지역,20231123
경상남도 양산시 삼호동 873-3번지,48330,11400,0,0873,0003,1000000000000000195036,,,,1,용도지역코드,UOA110,절대보호구역,0,0,,절대보호구역,20231123
경상남도 양산시 삼호동 873-3번지,48330,11400,0,0873,0003,1000000000000000195036,,,,3,용도구역코드,UQQ310,제1종지구단위계획구역,1,0,,제1종지구단위계획구역,20231123
경상남도 양산시 삼호동 873-4번지,48330,11400,0,0873,0004,1264100009935,,,,1,용도지역코드,1021,제1종일반주거지역,1,0,,제1종일반주거지역,20221008
경상남도 양산시 삼호동 873-4번지,48330,11400,0,0873,0004,1264100009935,,,,3,용도구역코드,301,제1종지구단위계획구역,1,0,,제1종지구단위계획구역,20221008
경상남도 양산시 삼호동 873-4번지,48330,11400,0,0873,0004,1264100041664,,,,1,용도지역코드,UQA121,제1종일반주거지역,1,0,,제1종일반주거지역,20221008
경상남도 양산시 삼호동 873-4번지,48330,11400,0,0873,0004,1264100041664,,,,3,용도구역코드,UQQ310,제1종지구단위계획구역,1,0,,제1종지구단위계획구역,20221008
경상남도 양산시 삼호동 873-4번지,48330,11400,0,0873,0004,1264100041664,,,,3,용도구역코드,UOA120,상대보호구역,0,0,,상대정화구역,20221008
경상남도 양산시 삼호동 873-5번지,48330,11400,0,0873,0005,1264100078599,,,,1,용도지역코드,UQA121,제1종일반주거지역,1,0,,제1종일반주거지역,20221008
경상남도 양산시 삼호동 873-5번지,48330,11400,0,0873,0005,1264100078599,,,,3,용도구역코드,UQQ310,제1종지구단위계획구역,1,0,,제1종지구단위계획구역,20221008
경상남도 양산시 삼호동 873-5번지,48330,11400,0,0873,0005,12645943,,,,1,용도지역코드,1021,제1종일반주거지역,1,0,,제1종일반주거지역,20221008
경상남도 양산시 삼호동 873-5번지,48330,11400,0,0873,0005,12645943,,,,3,용도구역코드,300,지구단위계획구역,1,0,,지구단위계획구역,20221008
경상남도 양산시 삼호동 873-6번지,48330,11400,0,0873,0006,12644833,,,,1,용도지역코드,1021,제1종일반주거지역,1,0,,제1종일반주거지역,20221008
경상남도 양산시 삼호동 873-6번지,48330,11400,0,0873,0006,12644833,,,,2,용도지구코드,160,택지개발지구,1,0,,택지개발지구,20221008
경상남도 양산시 삼호동 873-6번지,48330,11400,0,0873,0006,12644833,,,,3,용도구역코드,301,제1종지구단위계획구역,1,0,,제1종지구단위계획구역,20221008
경상남도 양산시 삼호동 873-7번지,48330,11400,0,0873,0007,12643839,,,,1,용도지역코드,1020,일반주거지역,1,0,,일반주거지역,20221008
경상남도 양산시 삼호동 873-7번지,48330,11400,0,0873,0007,12643839,,,,2,용도지구코드,160,택지개발지구,1,0,,택지개발지구,20221008
경상남도 양산시 삼호동 873-7번지,48330,11400,0,0873,0007,12643839,,,,3,용도구역코드,050,상세계획구역,1,0,,상세계획구역,20221008
경상남도 양산시 삼호동 873-8번지,48330,11400,0,0873,0008,1264100077901,,,,1,용도지역코드,UQA121,제1종일반주거지역,1,0,,제1종일반주거지역,20221008
경상남도 양산시 삼호동 873-8번지,48330,11400,0,0873,0008,1264100077901,,,,3,용도구역코드,UQQ310,제1종지구단위계획구역,1,0,,제1종지구단위계획구역,20221008
경상남도 양산시 삼호동 873-8번지,48330,11400,0,0873,0008,1264100077901,,,,3,용도구역코드,UOA110,절대정화구역,0,0,,절대정화구역,20221008
경상남도 양산시 삼호동 876-1번지,48330,11400,0,0876,0001,1264100031516,,,,1,용도지역코드,UQA121,제1종일반주거지역,1,0,,제1종일반주거지역,20221008
경상남도 양산시 삼호동 876-1번지,48330,11400,0,0876,0001,1264100031516,,,,3,용도구역코드,UQQ310,제1종지구단위계획구역,1,0,,제1종지구단위계획구역,20221008
경상남도 양산시 삼호동 876-1번지,48330,11400,0,0876,0001,1264100031516,,,,3,용도구역코드,UOA120,상대보호구역,0,0,,상대정화구역,20221008
경상남도 양산시 삼호동 876-2번지,48330,11400,0,0876,0002,1264100043627,,,,1,용도지역코드,UQA121,제1종일반주거지역,1,0,,제1종일반주거지역,20221008
경상남도 양산시 삼호동 876-2번지,48330,11400,0,0876,0002,1264100043627,,,,3,용도구역코드,UQQ310,제1종지구단위계획구역,1,0,,제1종지구단위계획구역,20221008
경상남도 양산시 삼호동 876-3번지,48330,11400,0,0876,0003,1264100031016,,,,1,용도지역코드,UQA121,제1종일반주거지역,1,0,,제1종일반주거지역,20221008
경상남도 양산시 삼호동 876-3번지,48330,11400,0,0876,0003,1264100031016,,,,3,용도구역코드,UOA120,상대보호구역,,,,상대정화구역,20221008
경상남도 양산시 삼호동 876-3번지,48330,11400,0,0876,0003,1264100031016,,,,3,용도구역코드,UQQ310,제1종지구단위계획구역,1,0,,제1종지구단위계획구역,20221008
경상남도 양산시 삼호동 876-4번지,48330,11400,0,0876,0004,1264100037473,,,,1,용도지역코드,UQA121,제1종일반주거지역,1,0,,제1종일반주거지역,20221008
경상남도 양산시 삼호동 876-4번지,48330,11400,0,0876,0004,1264100037473,,,,3,용도구역코드,UQQ310,제1종지구단위계획구역,1,0,,제1종지구단위계획구역,20221008
경상남도 양산시 삼호동 876-4번지,48330,11400,0,0876,0004,1264100037473,,,,3,용도구역코드,UOA120,상대보호구역,0,0,,상대정화구역,20221008
경상남도 양산시 삼호동 876-5번지,48330,11400,0,0876,0005,1264100013532,,,,1,용도지역코드,1021,제1종일반주거지역,1,0,,제1종일반주거지역,20221008
경상남도 양산시 삼호동 876-6번지,48330,11400,0,0876,0006,12647054,,,,1,용도지역코드,1021,제1종일반주거지역,1,0,,제1종일반주거지역,20221008
경상남도 양산시 삼호동 876-6번지,48330,11400,0,0876,0006,12647054,,,,3,용도구역코드,301,제1종지구단위계획구역,1,0,,제1종지구단위계획구역,20221008
경상남도 양산시 삼호동 876-7번지,48330,11400,0,0876,0007,12647793,,,,1,용도지역코드,1021,제1종일반주거지역,1,0,,제1종일반주거지역,20221008
경상남도 양산시 삼호동 876-8번지,48330,11400,0,0876,0008,1264100019444,,,,1,용도지역코드,1021,제1종일반주거지역,1,0,,제1종일반주거지역,20221008
경상남도 양산시 삼호동 876-8번지,48330,11400,0,0876,0008,1264100019444,,,,3,용도구역코드,301,제1종지구단위계획구역,1,0,,제1종지구단위계획구역,20221008
경상남도 양산시 삼호동 876-8번지,48330,11400,0,0876,0008,1264100019444,,,,3,용도구역코드,272,상대정화구역,0,0,,상대정화구역,20221008
경상남도 양산시 삼호동 876-10번지,48330,11400,0,0876,0010,1264100027352,,,,1,용도지역코드,UQA121,제1종일반주거지역,1,0,,제1종일반주거지역,20221008
경상남도 양산시 삼호동 876-10번지,48330,11400,0,0876,0010,1264100027352,,,,3,용도구역코드,UQQ310,제1종지구단위계획구역,1,0,,제1종지구단위계획구역,20221008
경상남도 양산시 삼호동 883-1번지,48330,11400,0,0883,0001,1264100083941,,,,1,용도지역코드,UQA121,제1종일반주거지역,1,0,,제1종일반주거지역,20221008
경상남도 양산시 삼호동 883-1번지,48330,11400,0,0883,0001,1264100083941,,,,3,용도구역코드,UQQ310,제1종지구단위계획구역,1,0,,제1종지구단위계획구역,20221008
경상남도 양산시 삼호동 883-1번지,48330,11400,0,0883,0001,1264100083941,,,,3,용도구역코드,UOA120,상대보호구역,0,0,,상대정화구역,20221008
경상남도 양산시 삼호동 883-1번지,48330,11400,0,0883,0001,1264100128601,,,,1,용도지역코드,UQA121,제1종일반주거지역,1,0,,제1종일반주거지역,20221008
경상남도 양산시 삼호동 883-1번지,48330,11400,0,0883,0001,1264100128601,,,,3,용도구역코드,UQQ300,지구단위계획구역,1,0,,지구단위계획구역,20221008
경상남도 양산시 삼호동 883-2번지,48330,11400,0,0883,0002,1264100030959,,,,1,용도지역코드,UQA121,제1종일반주거지역,1,0,,제1종일반주거지역,20221008
경상남도 양산시 삼호동 883-3번지,48330,11400,0,0883,0003,1264100043322,,,,1,용도지역코드,UQA121,제1종일반주거지역,1,0,,제1종일반주거지역,20221008
경상남도 양산시 삼호동 883-4번지,48330,11400,0,0883,0004,1264100025870,,,,1,용도지역코드,UQA121,제1종일반주거지역,1,0,,제1종일반주거지역,20221008
경상남도 양산시 삼호동 883-5번지,48330,11400,0,0883,0005,1264100082782,,,,1,용도지역코드,UQA121,제1종일반주거지역,1,0,,제1종일반주거지역,20221008
경상남도 양산시 삼호동 883-5번지,48330,11400,0,0883,0005,1264100082782,,,,3,용도구역코드,UQQ310,제1종지구단위계획구역,1,0,,제1종지구단위계획구역,20221008
경상남도 양산시 삼호동 883-5번지,48330,11400,0,0883,0005,1264100069279,,,,1,용도지역코드,UQA121,제1종일반주거지역,1,0,,제1종일반주거지역,20221008
경상남도 양산시 삼호동 883-5번지,48330,11400,0,0883,0005,1264100069279,,,,3,용도구역코드,UQQ310,제1종지구단위계획구역,1,0,,제1종지구단위계획구역,20221008
경상남도 양산시 삼호동 883-5번지,48330,11400,0,0883,0005,1264100069279,,,,3,용도구역코드,UOA110,절대정화구역,0,0,,절대정화구역,20221008
경상남도 양산시 삼호동 883-7번지,48330,11400,0,0883,0007,12643957,,,,1,용도지역코드,1022,제2종일반주거지역,1,0,,제2종일반주거지역,20221008
경상남도 양산시 삼호동 883-7번지,48330,11400,0,0883,0007,12643957,,,,2,용도지구코드,160,택지개발지구,1,0,,택지개발지구,20221008
경상남도 양산시 삼호동 883-7번지,48330,11400,0,0883,0007,12643957,,,,3,용도구역코드,300,지구단위계획구역,1,0,,지구단위계획구역,20221008
경상남도 양산시 삼호동 884-1번지,48330,11400,0,0884,0001,1264100013332,,,,1,용도지역코드,1030,준주거지역,1,0,,준주거지역,20221008
경상남도 양산시 삼호동 884-1번지,48330,11400,0,0884,0001,1264100013332,,,,3,용도구역코드,301,제1종지구단위계획구역,1,0,,제1종지구단위계획구역,20221008
경상남도 양산시 삼호동 884-1번지,48330,11400,0,0884,0001,1264100013332,,,,3,용도구역코드,272,상대정화구역,0,0,,상대정화구역,20221008
경상남도 양산시 삼호동 884-7번지,48330,11400,0,0884,0007,12649105,,,,1,용도지역코드,1030,준주거지역,1,0,,준주거지역,20221008
경상남도 양산시 삼호동 884-7번지,48330,11400,0,0884,0007,12649105,,,,3,용도구역코드,140,택지개발사업구역,1,0,,택지개발사업구역,20221008
경상남도 양산시 삼호동 885-3번지,48330,11400,0,0885,0003,1264100045485,,,,1,용도지역코드,UQA121,제1종일반주거지역,1,0,,제1종일반주거지역,20221008
경상남도 양산시 삼호동 885-3번지,48330,11400,0,0885,0003,1264100045485,,,,3,용도구역코드,UQQ310,제1종지구단위계획구역,1,0,,제1종지구단위계획구역,20221008
경상남도 양산시 삼호동 885-4번지,48330,11400,0,0885,0004,12643723,,,,1,용도지역코드,1022,제2종일반주거지역,1,0,,제2종일반주거지역,20221008
경상남도 양산시 삼호동 885-4번지,48330,11400,0,0885,0004,12643723,,,,2,용도지구코드,160,택지개발지구,1,0,,택지개발지구,20221008
경상남도 양산시 삼호동 885-4번지,48330,11400,0,0885,0004,12643723,,,,3,용도구역코드,300,지구단위계획구역,1,0,,지구단위계획구역,20221008
경상남도 양산시 삼호동 885-5번지,48330,11400,0,0885,0005,1264100068719,,,,1,용도지역코드,UQA121,제1종일반주거지역,1,0,,제1종일반주거지역,20221008
경상남도 양산시 삼호동 885-5번지,48330,11400,0,0885,0005,1264100068719,,,,3,용도구역코드,UQQ310,제1종지구단위계획구역,1,0,,제1종지구단위계획구역,20221008
경상남도 양산시 삼호동 885-6번지,48330,11400,0,0885,0006,1264100043003,,,,1,용도지역코드,UQA121,제1종일반주거지역,1,0,,제1종일반주거지역,20221008
경상남도 양산시 삼호동 885-6번지,48330,11400,0,0885,0006,1264100043003,,,,3,용도구역코드,UQQ310,제1종지구단위계획구역,1,0,,제1종지구단위계획구역,20221008
경상남도 양산시 삼호동 886-1번지,48330,11400,0,0886,0001,1264100123383,,,,1,용도지역코드,UQA121,제1종일반주거지역,1,0,,제1종일반주거지역,20221008
경상남도 양산시 삼호동 886-1번지,48330,11400,0,0886,0001,1264100123383,,,,3,용도구역코드,UQQ310,제1종지구단위계획구역,1,0,,제1종지구단위계획구역,20221008
경상남도 양산시 삼호동 886-1번지,48330,11400,0,0886,0001,1264100123383,,,,3,용도구역코드,UMZ100,가축사육제한구역,0,0,,가축사육제한구역,20221008
경상남도 양산시 삼호동 886-1번지,48330,11400,0,0886,0001,1264100127281,,,,1,용도지역코드,UQA121,제1종일반주거지역,1,0,,제1종일반주거지역,20221008
경상남도 양산시 삼호동 886-1번지,48330,11400,0,0886,0001,1264100127281,,,,3,용도구역코드,UOA120,상대보호구역,1,0,,상대보호구역,20221008
경상남도 양산시 삼호동 886-1번지,48330,11400,0,0886,0001,1264100127281,,,,3,용도구역코드,UOA110,절대정화구역,0,0,,절대보호구역,20221008
경상남도 양산시 삼호동 886-1번지,48330,11400,0,0886,0001,1264100127281,,,,3,용도구역코드,UQQ310,제1종지구단위계획구역,0,0,,제1종지구단위계획구역,20221008
경상남도 양산시 삼호동 886-1번지,48330,11400,0,0886,0001,1264100151610,,,,1,용도지역코드,UQA121,제1종일반주거지역,1,0,,제1종일반주거지역,20221008
경상남도 양산시 삼호동 886-1번지,48330,11400,0,0886,0001,1264100151610,,,,3,용도구역코드,UOA120,상대보호구역,1,0,,상대보호구역,20221008
경상남도 양산시 삼호동 886-1번지,48330,11400,0,0886,0001,1264100151610,,,,3,용도구역코드,UOA110,절대정화구역,0,0,,절대보호구역,20221008
경상남도 양산시 삼호동 886-1번지,48330,11400,0,0886,0001,1264100151610,,,,3,용도구역코드,UQQ310,제1종지구단위계획구역,0,0,,제1종지구단위계획구역,20221008
경상남도 양산시 삼호동 887-3번지,48330,11400,0,0887,0003,12644531,,,,1,용도지역코드,1022,제2종일반주거지역,1,0,,제2종일반주거지역,20221008
경상남도 양산시 삼호동 887-3번지,48330,11400,0,0887,0003,12644531,,,,2,용도지구코드,160,택지개발지구,1,0,,택지개발지구,20221008
경상남도 양산시 삼호동 887-3번지,48330,11400,0,0887,0003,12644531,,,,3,용도구역코드,300,지구단위계획구역,1,0,,지구단위계획구역,20221008
경상남도 양산시 삼호동 887-4번지,48330,11400,0,0887,0004,12644530,,,,1,용도지역코드,1022,제2종일반주거지역,1,0,,제2종일반주거지역,20221008
경상남도 양산시 삼호동 887-4번지,48330,11400,0,0887,0004,12644530,,,,2,용도지구코드,160,택지개발지구,1,0,,택지개발지구,20221008
경상남도 양산시 삼호동 887-4번지,48330,11400,0,0887,0004,12644530,,,,3,용도구역코드,300,지구단위계획구역,1,0,,지구단위계획구역,20221008
경상남도 양산시 삼호동 887-5번지,48330,11400,0,0887,0005,12644979,,,,1,용도지역코드,1022,제2종일반주거지역,1,0,,제2종일반주거지역,20221008
경상남도 양산시 삼호동 887-5번지,48330,11400,0,0887,0005,12644979,,,,2,용도지구코드,160,택지개발지구,1,0,,택지개발지구,20221008
경상남도 양산시 삼호동 887-5번지,48330,11400,0,0887,0005,12644979,,,,3,용도구역코드,301,제1종지구단위계획구역,1,0,,제1종지구단위계획구역,20221008
경상남도 양산시 삼호동 892-2번지,48330,11400,0,0892,0002,1264100034721,,,,1,용도지역코드,UQA121,제1종일반주거지역,1,0,,제1종일반주거지역,20221008
경상남도 양산시 삼호동 892-2번지,48330,11400,0,0892,0002,1264100034721,,,,3,용도구역코드,UOA120,상대보호구역,1,0,,상대정화구역,20221008
경상남도 양산시 삼호동 892-2번지,48330,11400,0,0892,0002,1264100034721,,,,3,용도구역코드,UOA110,절대정화구역,0,0,,절대정화구역,20221008
경상남도 양산시 삼호동 892-2번지,48330,11400,0,0892,0002,1264100038013,,,,1,용도지역코드,UQA121,제1종일반주거지역,1,0,,제1종일반주거지역,20221008
경상남도 양산시 삼호동 892-2번지,48330,11400,0,0892,0002,1264100038013,,,,3,용도구역코드,UQQ310,제1종지구단위계획구역,1,0,,제1종지구단위계획구역,20221008
경상남도 양산시 삼호동 892-2번지,48330,11400,0,0892,0002,1264100038013,,,,3,용도구역코드,UOA110,절대정화구역,0,0,,절대정화구역,20221008
경상남도 양산시 삼호동 892-2번지,48330,11400,0,0892,0002,1264100038013,,,,3,용도구역코드,UOA120,상대보호구역,0,0,,상대정화구역,20221008
경상남도 양산시 삼호동 892-4번지,48330,11400,0,0892,0004,1264100040302,,,,1,용도지역코드,UQA121,제1종일반주거지역,1,0,,제1종일반주거지역,20221008
경상남도 양산시 삼호동 892-4번지,48330,11400,0,0892,0004,1264100040302,,,,3,용도구역코드,UQQ310,제1종지구단위계획구역,1,0,,제1종지구단위계획구역,20221008
경상남도 양산시 삼호동 892-5번지,48330,11400,0,0892,0005,12645361,,,,1,용도지역코드,1022,제2종일반주거지역,1,0,,제2종일반주거지역,20221008
경상남도 양산시 삼호동 892-6번지,48330,11400,0,0892,0006,1264100071601,,,,1,용도지역코드,UQA121,제1종일반주거지역,1,0,,제1종일반주거지역,20221008
경상남도 양산시 삼호동 892-6번지,48330,11400,0,0892,0006,1264100071601,,,,3,용도구역코드,UQQ310,제1종지구단위계획구역,1,0,,제1종지구단위계획구역,20221008
경상남도 양산시 삼호동 892-7번지,48330,11400,0,0892,0007,1264100036554,,,,1,용도지역코드,UQA121,제1종일반주거지역,1,0,,제1종일반주거지역,20221008
경상남도 양산시 삼호동 892-7번지,48330,11400,0,0892,0007,1264100036554,,,,3,용도구역코드,UQQ310,제1종지구단위계획구역,1,0,,제1종지구단위계획구역,20221008
경상남도 양산시 삼호동 892-7번지,48330,11400,0,0892,0007,1264100036554,,,,3,용도구역코드,UOA120,상대보호구역,0,0,,상대정화구역,20221008
경상남도 양산시 삼호동 892-8번지,48330,11400,0,0892,0008,12643775,,,,1,용도지역코드,1020,일반주거지역,1,0,,일반주거지역,20221008
경상남도 양산시 삼호동 892-8번지,48330,11400,0,0892,0008,12643775,,,,2,용도지구코드,160,택지개발지구,1,0,,택지개발지구,20221008
경상남도 양산시 삼호동 892-8번지,48330,11400,0,0892,0008,12643775,,,,3,용도구역코드,050,상세계획구역,1,0,,상세계획구역,20221008
경상남도 양산시 삼호동 895-1번지,48330,11400,0,0895,0001,12643805,,,,1,용도지역코드,1020,일반주거지역,1,0,,일반주거지역,20221008
경상남도 양산시 삼호동 895-1번지,48330,11400,0,0895,0001,12643805,,,,2,용도지구코드,160,택지개발지구,1,0,,택지개발지구,20221008
경상남도 양산시 삼호동 895-1번지,48330,11400,0,0895,0001,12643805,,,,3,용도구역코드,300,지구단위계획구역,1,0,,지구단위계획구역,20221008
경상남도 양산시 삼호동 895-5번지,48330,11400,0,0895,0005,1264100034291,,,,1,용도지역코드,UQA121,제1종일반주거지역,1,0,,제1종일반주거지역,20221008
경상남도 양산시 삼호동 895-5번지,48330,11400,0,0895,0005,1264100034291,,,,3,용도구역코드,UQQ310,제1종지구단위계획구역,1,0,,제1종지구단위계획구역,20221008
경상남도 양산시 삼호동 895-6번지,48330,11400,0,0895,0006,1264100034852,,,,1,용도지역코드,UQA121,제1종일반주거지역,1,0,,제1종일반주거지역,20221008
경상남도 양산시 삼호동 895-6번지,48330,11400,0,0895,0006,1264100034852,,,,3,용도구역코드,UQQ310,제1종지구단위계획구역,1,0,,제1종지구단위계획구역,20221008
경상남도 양산시 삼호동 895-6번지,48330,11400,0,0895,0006,1264100034852,,,,3,용도구역코드,UOA110,절대정화구역,0,0,,절대정화구역,20221008
경상남도 양산시 삼호동 895-6번지,48330,11400,0,0895,0006,1264100034852,,,,3,용도구역코드,UOA120,상대보호구역,0,0,,상대정화구역,20221008
경상남도 양산시 삼호동 896-1번지,48330,11400,0,0896,0001,12644538,,,,1,용도지역코드,1020,일반주거지역,1,0,,일반주거지역,20221008
경상남도 양산시 삼호동 896-2번지,48330,11400,0,0896,0002,1264100045105,,,,1,용도지역코드,UQA121,제1종일반주거지역,1,0,,제1종일반주거지역,20221008
경상남도 양산시 삼호동 896-2번지,48330,11400,0,0896,0002,1264100045105,,,,3,용도구역코드,UQQ300,지구단위계획구역,1,0,,지구단위계획구역,20221008
경상남도 양산시 삼호동 896-3번지,48330,11400,0,0896,0003,12644580,,,,1,용도지역코드,1020,일반주거지역,1,0,,일반주거지역,20221008
경상남도 양산시 삼호동 896-3번지,48330,11400,0,0896,0003,12644580,,,,2,용도지구코드,160,택지개발지구,1,0,,택지개발지구,20221008
경상남도 양산시 삼호동 896-3번지,48330,11400,0,0896,0003,12644580,,,,3,용도구역코드,300,지구단위계획구역,1,0,,지구단위계획구역,20221008
경상남도 양산시 삼호동 896-4번지,48330,11400,0,0896,0004,1264100044672,,,,1,용도지역코드,UQA121,제1종일반주거지역,1,0,,제1종일반주거지역,20221008
경상남도 양산시 삼호동 896-4번지,48330,11400,0,0896,0004,1264100044672,,,,3,용도구역코드,UQQ310,제1종지구단위계획구역,1,0,,제1종지구단위계획구역,20221008
경상남도 양산시 삼호동 896-4번지,48330,11400,0,0896,0004,1264100044672,,,,3,용도구역코드,UOA120,상대보호구역,0,0,,상대정화구역,20221008
경상남도 양산시 삼호동 896-4번지,48330,11400,0,0896,0004,1264100044672,,,,3,용도구역코드,UOA110,절대정화구역,0,0,,절대정화구역,20221008
경상남도 양산시 삼호동 896-4번지,48330,11400,0,0896,0004,12648597,,,,1,용도지역코드,1021,제1종일반주거지역,1,0,,제1종일반주거지역,20221008
경상남도 양산시 삼호동 896-5번지,48330,11400,0,0896,0005,1264100048225,,,,1,용도지역코드,UQA121,제1종일반주거지역,1,0,,제1종일반주거지역,20221008
경상남도 양산시 삼호동 896-5번지,48330,11400,0,0896,0005,1264100048225,,,,3,용도구역코드,UQQ310,제1종지구단위계획구역,1,0,,제1종지구단위계획구역,20221008
경상남도 양산시 삼호동 896-5번지,48330,11400,0,0896,0005,1264100048225,,,,3,용도구역코드,UOA110,절대정화구역,0,0,,절대정화구역,20221008
경상남도 양산시 삼호동 896-5번지,48330,11400,0,0896,0005,12648596,,,,1,용도지역코드,1021,제1종일반주거지역,1,0,,제1종일반주거지역,20221008
경상남도 양산시 삼호동 898-2번지,48330,11400,0,0898,0002,1264100099533,,,,1,용도지역코드,UQA121,제1종일반주거지역,1,0,,제1종일반주거지역,20221008
경상남도 양산시 삼호동 898-2번지,48330,11400,0,0898,0002,1264100099533,,,,3,용도구역코드,UQQ310,제1종지구단위계획구역,1,0,,제1종지구단위계획구역,20221008
경상남도 양산시 삼호동 898-3번지,48330,11400,0,0898,0003,12647812,,,,1,용도지역코드,1021,제1종일반주거지역,1,0,,제1종일반주거지역,20221008
경상남도 양산시 삼호동 898-3번지,48330,11400,0,0898,0003,12647812,,,,2,용도지구코드,160,택지개발지구,1,0,,택지개발지구,20221008
경상남도 양산시 삼호동 898-3번지,48330,11400,0,0898,0003,12647812,,,,3,용도구역코드,301,제1종지구단위계획구역,1,0,,제1종지구단위계획구역,20221008
경상남도 양산시 삼호동 898-4번지,48330,11400,0,0898,0004,1264100025770,,,,1,용도지역코드,UQA121,제1종일반주거지역,1,0,,제1종일반주거지역,20221008
경상남도 양산시 삼호동 898-4번지,48330,11400,0,0898,0004,1264100025770,,,,3,용도구역코드,UQQ310,제1종지구단위계획구역,1,0,,제1종지구단위계획구역,20221008
경상남도 양산시 삼호동 898-5번지,48330,11400,0,0898,0005,12649120,,,,1,용도지역코드,1021,제1종일반주거지역,1,0,,제1종일반주거지역,20221008
경상남도 양산시 삼호동 898-5번지,48330,11400,0,0898,0005,12649120,,,,2,용도지구코드,160,택지개발지구,1,0,,택지개발지구,20221008
경상남도 양산시 삼호동 898-5번지,48330,11400,0,0898,0005,12649120,,,,3,용도구역코드,301,제1종지구단위계획구역,1,0,,제1종지구단위계획구역,20221008
경상남도 양산시 삼호동 898-6번지,48330,11400,0,0898,0006,1264100075004,,,,1,용도지역코드,UQA121,제1종일반주거지역,1,0,,제1종일반주거지역,20221008
경상남도 양산시 삼호동 898-6번지,48330,11400,0,0898,0006,1264100075004,,,,3,용도구역코드,UQQ310,제1종지구단위계획구역,1,0,,제1종지구단위계획구역,20221008
경상남도 양산시 삼호동 898-6번지,48330,11400,0,0898,0006,1264100075004,,,,3,용도구역코드,UOA120,상대보호구역,0,0,,상대정화구역,20221008
경상남도 양산시 삼호동 898-7번지,48330,11400,0,0898,0007,12644976,,,,1,용도지역코드,1022,제2종일반주거지역,1,0,,제2종일반주거지역,20221008
경상남도 양산시 삼호동 898-7번지,48330,11400,0,0898,0007,12644976,,,,2,용도지구코드,160,택지개발지구,1,0,,택지개발지구,20221008
경상남도 양산시 삼호동 898-7번지,48330,11400,0,0898,0007,12644976,,,,3,용도구역코드,300,지구단위계획구역,1,0,,지구단위계획구역,20221008
경상남도 양산시 삼호동 911-7번지,48330,11400,0,0911,0007,1000000000000000959471,,,,1,용도지역코드,UQA130,준주거지역,1,0,,준주거지역,20260529
경상남도 양산시 삼호동 911-7번지,48330,11400,0,0911,0007,1000000000000000959471,,,,3,용도구역코드,UMZ100,가축사육제한구역,1,0,,가축사육제한구역,20260529
경상남도 양산시 삼호동 911-7번지,48330,11400,0,0911,0007,12642261,,,,1,용도지역코드,1030,준주거지역,1,0,,준주거지역,20221008
경상남도 양산시 삼호동 911-7번지,48330,11400,0,0911,0007,12642309,,,,1,용도지역코드,1030,준주거지역,1,0,,준주거지역,20221008
경상남도 양산시 삼호동 911-7번지,48330,11400,0,0911,0007,12647913,,,,1,용도지역코드,1030,준주거지역,1,0,,준주거지역,20221008
경상남도 양산시 삼호동 911-13번지,48330,11400,0,0911,0013,12648727,,,,1,용도지역코드,1030,준주거지역,1,0,,준주거지역,20221008
경상남도 양산시 삼호동 911-13번지,48330,11400,0,0911,0013,12648727,,,,3,용도구역코드,010,도시계획구역,1,0,,도시계획구역,20221008
경상남도 양산시 삼호동 911-13번지,48330,11400,0,0911,0013,12648754,,,,1,용도지역코드,1030,준주거지역,1,0,,준주거지역,20221008
경상남도 양산시 삼호동 911-16번지,48330,11400,0,0911,0016,1264100037076,,,,1,용도지역코드,UQA130,준주거지역,1,0,,준주거지역,20221008
경상남도 양산시 삼호동 911-23번지,48330,11400,0,0911,0023,1264100048025,,,,1,용도지역코드,UQA130,준주거지역,1,0,,준주거지역,20221008
경상남도 양산시 삼호동 914-1번지,48330,11400,0,0914,0001,1264100010109,,,,1,용도지역코드,1030,준주거지역,1,0,,준주거지역,20221008
경상남도 양산시 삼호동 915번지,48330,11400,0,0915,0000,1264100006658,,,,1,용도지역코드,1030,준주거지역,1,0,,준주거지역,20221008
경상남도 양산시 삼호동 916번지,48330,11400,0,0916,0000,12648741,,,,1,용도지역코드,1030,준주거지역,1,0,,준주거지역,20221008
경상남도 양산시 삼호동 916번지,48330,11400,0,0916,0000,12648741,,,,3,용도구역코드,010,도시계획구역,1,0,,도시계획구역,20221008
경상남도 양산시 삼호동 935번지,48330,11400,0,0935,0000,1000000000000000216572,,,,3,용도구역코드,UJB100,하천구역,1,0,,하천구역,20230317
경상남도 양산시 삼호동 935번지,48330,11400,0,0935,0000,1000000000000000216572,,,,1,용도지역코드,UQA430,자연녹지지역,1,0,,자연녹지지역,20230317
경상남도 양산시 삼호동 935번지,48330,11400,0,0935,0000,12647929,,,,1,용도지역코드,1330,자연녹지지역,1,0,,자연녹지지역,20230117
경상남도 양산시 삼호동 937-1번지,48330,11400,0,0937,0001,12645299,,,,1,용도지역코드,1330,자연녹지지역,1,0,,자연녹지지역,20230110
경상남도 양산시 삼호동 937-4번지,48330,11400,0,0937,0004,12647122,,,,1,용도지역코드,1330,자연녹지지역,1,0,,자연녹지지역,20221008
경상남도 양산시 삼호동 941번지,48330,11400,0,0941,0000,1264100034995,,,,1,용도지역코드,UQA430,자연녹지지역,1,0,,자연녹지지역,20221008
경상남도 양산시 삼호동 941번지,48330,11400,0,0941,0000,1264100034995,,,,3,용도구역코드,UJB200,하천예정지,1,0,,하천예정지,20221008
경상남도 양산시 삼호동 941번지,48330,11400,0,0941,0000,12645300,,,,1,용도지역코드,1330,자연녹지지역,1,0,,자연녹지지역,20221008
경상남도 양산시 삼호동 953-7번지,48330,11400,0,0953,0007,12647974,,,,1,용도지역코드,1022,제2종일반주거지역,1,0,,제2종일반주거지역,20221008
경상남도 양산시 삼호동 953-18번지,48330,11400,0,0953,0018,12646974,,,,1,용도지역코드,1022,제2종일반주거지역,1,0,,제2종일반주거지역,20221008
경상남도 양산시 삼호동 953-29번지,48330,11400,0,0953,0029,12643467,,,,1,용도지역코드,1330,자연녹지지역,1,0,,자연녹지지역,20221008
경상남도 양산시 삼호동 953-29번지,48330,11400,0,0953,0029,12643467,,,,3,용도구역코드,990,기타구역,1,0,,기타구역,20221008
경상남도 양산시 삼호동 953-29번지,48330,11400,0,0953,0029,12643501,,,,1,용도지역코드,1330,자연녹지지역,1,0,,자연녹지지역,20221008
경상남도 양산시 삼호동 953-29번지,48330,11400,0,0953,0029,12643501,,,,3,용도구역코드,990,기타구역,1,0,,기타구역,20221008
경상남도 양산시 삼호동 953-29번지,48330,11400,0,0953,0029,12643503,,,,1,용도지역코드,1330,자연녹지지역,1,0,,자연녹지지역,20221008
경상남도 양산시 삼호동 953-48번지,48330,11400,0,0953,0048,1264893,,,,1,용도지역코드,1320,생산녹지지역,1,0,,생산녹지지역,20221008
경상남도 양산시 삼호동 953-48번지,48330,11400,0,0953,0048,1264893,,,,1,용도지역코드,1330,자연녹지지역,0,0,,자연녹지지역,20221008
경상남도 양산시 삼호동 953-56번지,48330,11400,0,0953,0056,1264100156050,,,,1,용도지역코드,UQA430,자연녹지지역,1,0,,자연녹지지역,20221008
경상남도 양산시 삼호동 953-56번지,48330,11400,0,0953,0056,1264100008107,,,,1,용도지역코드,1330,자연녹지지역,1,0,,자연녹지지역,20221008
경상남도 양산시 삼호동 953-57번지,48330,11400,0,0953,0057,1264100156270,,,,1,용도지역코드,UQA430,자연녹지지역,1,0,,자연녹지지역,20221008
경상남도 양산시 삼호동 953-57번지,48330,11400,0,0953,0057,1264100156270,,,,1,용도지역코드,UQA130,준주거지역,0,0,,준주거지역,20221008
경상남도 양산시 삼호동 953-57번지,48330,11400,0,0953,0057,1264100156270,,,,2,용도지구코드,UQF132,시가지경관지구(일반),1,0,,시가지경관지구(일반),20221008
경상남도 양산시 삼호동 953-57번지,48330,11400,0,0953,0057,12643463,,,,1,용도지역코드,1330,자연녹지지역,1,0,,자연녹지지역,20221008
경상남도 양산시 삼호동 953-57번지,48330,11400,0,0953,0057,12643463,,,,3,용도구역코드,010,도시계획구역,1,0,,도시계획구역,20221008
경상남도 양산시 삼호동 953-72번지,48330,11400,0,0953,0072,1264100116276,,,,1,용도지역코드,UQA430,자연녹지지역,1,0,,자연녹지지역,20221008
경상남도 양산시 삼호동 953-84번지,48330,11400,0,0953,0084,1264100116277,,,,1,용도지역코드,UQA430,자연녹지지역,1,0,,자연녹지지역,20250718
경상남도 양산시 삼호동 953-86번지,48330,11400,0,0953,0086,1264100130804,,,,1,용도지역코드,UQA430,자연녹지지역,1,0,,자연녹지지역,20221008
경상남도 양산시 삼호동 953-89번지,48330,11400,0,0953,0089,1264100140525,,,,1,용도지역코드,UQA130,준주거지역,1,0,,준주거지역,20221008
경상남도 양산시 삼호동 954-1번지,48330,11400,0,0954,0001,1264100121559,,,,1,용도지역코드,UQA430,자연녹지지역,1,0,,자연녹지지역,20221008
경상남도 양산시 삼호동 983-1번지,48330,11400,0,0983,0001,1264100096326,,,,1,용도지역코드,UQA122,제2종일반주거지역,1,0,,제2종일반주거지역,20221008
경상남도 양산시 삼호동 983-1번지,48330,11400,0,0983,0001,1264100096326,,,,3,용도구역코드,UOA120,상대보호구역,1,0,,상대정화구역,20221008
경상남도 양산시 삼호동 983-1번지,48330,11400,0,0983,0001,1264100067279,,,,1,용도지역코드,UQA122,제2종일반주거지역,1,0,,제2종일반주거지역,20221008
경상남도 양산시 삼호동 983-3번지,48330,11400,0,0983,0003,12645811,,983,3,1,용도지역코드,1022,제2종일반주거지역,1,0,,제2종일반주거지역,20221008
경상남도 양산시 삼호동 983-5번지,48330,11400,0,0983,0005,1264100125161,,,,1,용도지역코드,UQA122,제2종일반주거지역,1,0,,제2종일반주거지역,20221008
경상남도 양산시 삼호동 983-5번지,48330,11400,0,0983,0005,1264100105014,,,,1,용도지역코드,UQA122,제2종일반주거지역,1,0,,제2종일반주거지역,20221008
경상남도 양산시 삼호동 983-5번지,48330,11400,0,0983,0005,1264100105014,,,,3,용도구역코드,UMZ100,가축사육제한구역,1,0,,가축사육제한구역,20221008
경상남도 양산시 삼호동 983-6번지,48330,11400,0,0983,0006,1264100004085,,,,1,용도지역코드,1022,제2종일반주거지역,1,0,,제2종일반주거지역,20221008
경상남도 양산시 삼호동 983-6번지,48330,11400,0,0983,0006,1264100025410,,,,1,용도지역코드,UQA122,제2종일반주거지역,1,0,,제2종일반주거지역,20221008
경상남도 양산시 삼호동 983-7번지,48330,11400,0,0983,0007,12641413,,,,1,용도지역코드,1020,일반주거지역,1,0,,일반주거지역,20221008
경상남도 양산시 삼호동 983-12번지,48330,11400,0,0983,0012,1264100026438,,,,1,용도지역코드,UQA122,제2종일반주거지역,1,0,,제2종일반주거지역,20221008
경상남도 양산시 삼호동 983-12번지,48330,11400,0,0983,0012,12649153,,,,1,용도지역코드,1022,제2종일반주거지역,1,0,,제2종일반주거지역,20221008
경상남도 양산시 삼호동 983-14번지,48330,11400,0,0983,0014,1264100023607,,,,1,용도지역코드,UQA122,제2종일반주거지역,1,0,,제2종일반주거지역,20221008
경상남도 양산시 삼호동 983-15번지,48330,11400,0,0983,0015,1264100078661,,,,1,용도지역코드,UQA122,제2종일반주거지역,1,0,,제2종일반주거지역,20221008
경상남도 양산시 삼호동 983-21번지,48330,11400,0,0983,0021,12645812,,983,21,1,용도지역코드,1022,제2종일반주거지역,1,0,,제2종일반주거지역,20221008
경상남도 양산시 삼호동 983-22번지,48330,11400,0,0983,0022,12645716,,,,1,용도지역코드,1022,제2종일반주거지역,1,0,,제2종일반주거지역,20221008
경상남도 양산시 삼호동 983-23번지,48330,11400,0,0983,0023,12645718,,,,1,용도지역코드,1022,제2종일반주거지역,1,0,,제2종일반주거지역,20221008
경상남도 양산시 삼호동 983-27번지,48330,11400,0,0983,0027,1264100022308,,,,1,용도지역코드,UQA122,제2종일반주거지역,1,0,,제2종일반주거지역,20221008
경상남도 양산시 삼호동 983-27번지,48330,11400,0,0983,0027,1264100022308,,,,3,용도구역코드,UOA110,절대정화구역,1,0,,절대정화구역,20221008
경상남도 양산시 삼호동 983-27번지,48330,11400,0,0983,0027,12649140,,,,1,용도지역코드,1022,제2종일반주거지역,1,0,,제2종일반주거지역,20221008
경상남도 양산시 삼호동 984-1번지,48330,11400,0,0984,0001,1264100119220,,,,1,용도지역코드,UQA122,제2종일반주거지역,1,0,,제2종일반주거지역,20221008
경상남도 양산시 삼호동 984-1번지,48330,11400,0,0984,0001,1264100116416,,,,1,용도지역코드,UQA122,제2종일반주거지역,1,0,,제2종일반주거지역,20221008
경상남도 양산시 삼호동 984-12번지,48330,11400,0,0984,0012,1264100082501,,,,1,용도지역코드,UQA122,제2종일반주거지역,1,0,,제2종일반주거지역,20221008
경상남도 양산시 삼호동 984-13번지,48330,11400,0,0984,0013,1264100084143,,,,1,용도지역코드,UQA122,제2종일반주거지역,1,0,,제2종일반주거지역,20221008
경상남도 양산시 삼호동 984-14번지,48330,11400,0,0984,0014,1264100078499,,,,1,용도지역코드,UQA122,제2종일반주거지역,1,0,,제2종일반주거지역,20221008
경상남도 양산시 삼호동 984-14번지,48330,11400,0,0984,0014,1264100083403,,,,1,용도지역코드,UQA122,제2종일반주거지역,1,0,,제2종일반주거지역,20221008
경상남도 양산시 삼호동 984-15번지,48330,11400,0,0984,0015,1264100077199,,,,1,용도지역코드,UQA122,제2종일반주거지역,1,0,,제2종일반주거지역,20221008
경상남도 양산시 삼호동 984-16번지,48330,11400,0,0984,0016,1264100081239,,,,1,용도지역코드,UQA122,제2종일반주거지역,1,0,,제2종일반주거지역,20221008
경상남도 양산시 삼호동 984-17번지,48330,11400,0,0984,0017,1264100081240,,,,1,용도지역코드,UQA122,제2종일반주거지역,1,0,,제2종일반주거지역,20221008
경상남도 양산시 삼호동 984-18번지,48330,11400,0,0984,0018,1264100080560,,,,1,용도지역코드,UQA122,제2종일반주거지역,1,0,,제2종일반주거지역,20221008
경상남도 양산시 삼호동 985-1번지,48330,11400,0,0985,0001,1264100026436,,,,1,용도지역코드,UQA122,제2종일반주거지역,1,0,,제2종일반주거지역,20221008
경상남도 양산시 삼호동 985-1번지,48330,11400,0,0985,0001,1264100006570,,,,1,용도지역코드,1022,제2종일반주거지역,1,0,,제2종일반주거지역,20221008
경상남도 양산시 삼호동 985-2번지,48330,11400,0,0985,0002,12645862,,,,1,용도지역코드,1022,제2종일반주거지역,1,0,,제2종일반주거지역,20221008
경상남도 양산시 삼호동 985-2번지,48330,11400,0,0985,0002,12645862,,,,2,용도지구코드,980,용도지구미지정,1,0,,용도지구미지정,20221008
경상남도 양산시 삼호동 985-3번지,48330,11400,0,0985,0003,1264100026829,,,,1,용도지역코드,UQA122,제2종일반주거지역,1,0,,제2종일반주거지역,20221008
경상남도 양산시 삼호동 985-3번지,48330,11400,0,0985,0003,1264100026829,,,,3,용도구역코드,UOA120,상대보호구역,1,0,,상대정화구역,20221008
경상남도 양산시 삼호동 985-5번지,48330,11400,0,0985,0005,1264100017734,,,,1,용도지역코드,1022,제2종일반주거지역,1,0,,제2종일반주거지역,20221008
경상남도 양산시 삼호동 985-6번지,48330,11400,0,0985,0006,1264100006725,,,,1,용도지역코드,1022,제2종일반주거지역,1,0,,제2종일반주거지역,20221008
경상남도 양산시 삼호동 985-7번지,48330,11400,0,0985,0007,1264100051408,,,,1,용도지역코드,UQA122,제2종일반주거지역,1,0,,제2종일반주거지역,20221008
경상남도 양산시 삼호동 985-7번지,48330,11400,0,0985,0007,1264100060034,,,,1,용도지역코드,UQA122,제2종일반주거지역,1,0,,제2종일반주거지역,20221008
경상남도 양산시 삼호동 985-7번지,48330,11400,0,0985,0007,1264100150230,,,,1,용도지역코드,UQA122,제2종일반주거지역,1,0,,제2종일반주거지역,20221008
경상남도 양산시 삼호동 985-7번지,48330,11400,0,0985,0007,1264100150230,,,,3,용도구역코드,UOA120,상대보호구역,1,0,,상대보호구역,20221008
경상남도 양산시 삼호동 985-7번지,48330,11400,0,0985,0007,1264100150230,,,,3,용도구역코드,UMZ100,가축사육제한구역,0,0,,가축사육제한구역,20221008
경상남도 양산시 삼호동 985-8번지,48330,11400,0,0985,0008,1264100009129,,,,1,용도지역코드,1022,제2종일반주거지역,1,0,,제2종일반주거지역,20221008
경상남도 양산시 삼호동 985-9번지,48330,11400,0,0985,0009,1000000000000000367401,,,,1,용도지역코드,UQA122,제2종일반주거지역,1,0,,제2종일반주거지역,20230906
경상남도 양산시 삼호동 985-9번지,48330,11400,0,0985,0009,12649017,,,,1,용도지역코드,1022,제2종일반주거지역,1,0,,제2종일반주거지역,20221008
경상남도 양산시 삼호동 985-11번지,48330,11400,0,0985,0011,1264100030596,,,,1,용도지역코드,UQA122,제2종일반주거지역,1,0,,제2종일반주거지역,20221008
경상남도 양산시 삼호동 985-11번지,48330,11400,0,0985,0011,1264100022849,,,,1,용도지역코드,UQA122,제2종일반주거지역,1,0,,제2종일반주거지역,20221008
경상남도 양산시 삼호동 985-12번지,48330,11400,0,0985,0012,1264100067041,,,,1,용도지역코드,UQA122,제2종일반주거지역,1,0,,제2종일반주거지역,20221008
경상남도 양산시 삼호동 985-12번지,48330,11400,0,0985,0012,1264100067041,,,,3,용도구역코드,UOA120,상대보호구역,1,0,,상대정화구역,20221008
경상남도 양산시 삼호동 985-13번지,48330,11400,0,0985,0013,12647759,,,,1,용도지역코드,1022,제2종일반주거지역,1,0,,제2종일반주거지역,20221008
경상남도 양산시 삼호동 985-14번지,48330,11400,0,0985,0014,1264100006967,,,,1,용도지역코드,1022,제2종일반주거지역,1,0,,제2종일반주거지역,20221008
경상남도 양산시 삼호동 985-17번지,48330,11400,0,0985,0017,1264100134944,,,,1,용도지역코드,UQA122,제2종일반주거지역,1,0,,제2종일반주거지역,20221008
경상남도 양산시 삼호동 985-17번지,48330,11400,0,0985,0017,1264100134944,,,,3,용도구역코드,UOA120,상대보호구역,1,0,,상대보호구역,20221008
경상남도 양산시 삼호동 985-17번지,48330,11400,0,0985,0017,1264100134944,,,,3,용도구역코드,UMZ100,가축사육제한구역,0,0,,가축사육제한구역,20221008
경상남도 양산시 삼호동 985-17번지,48330,11400,0,0985,0017,12645182,,,,1,용도지역코드,1022,제2종일반주거지역,1,0,,제2종일반주거지역,20221008
경상남도 양산시 삼호동 985-17번지,48330,11400,0,0985,0017,12643687,,,,1,용도지역코드,1020,일반주거지역,1,0,,일반주거지역,20221008
경상남도 양산시 삼호동 985-27번지,48330,11400,0,0985,0027,1264100026830,,,,1,용도지역코드,UQA122,제2종일반주거지역,1,0,,제2종일반주거지역,20221008
경상남도 양산시 삼호동 985-27번지,48330,11400,0,0985,0027,1264100026830,,,,3,용도구역코드,UOA120,상대보호구역,1,0,,상대정화구역,20221008
경상남도 양산시 삼호동 986-3번지,48330,11400,0,0986,0003,1264100012174,,,,1,용도지역코드,1022,제2종일반주거지역,1,0,,제2종일반주거지역,20221008
경상남도 양산시 삼호동 986-5번지,48330,11400,0,0986,0005,12645793,,,,1,용도지역코드,1022,제2종일반주거지역,1,0,,제2종일반주거지역,20221008
경상남도 양산시 삼호동 986-6번지,48330,11400,0,0986,0006,1264100065999,,,,1,용도지역코드,UQA122,제2종일반주거지역,1,0,,제2종일반주거지역,20221008
경상남도 양산시 삼호동 986-6번지,48330,11400,0,0986,0006,1264100065999,,,,3,용도구역코드,UOA120,상대보호구역,1,0,,상대정화구역,20221008
경상남도 양산시 삼호동 986-6번지,48330,11400,0,0986,0006,1264100052551,,,,1,용도지역코드,UQA122,제2종일반주거지역,1,0,,제2종일반주거지역,20221008
경상남도 양산시 삼호동 986-6번지,48330,11400,0,0986,0006,1264100052551,,,,3,용도구역코드,UOA120,상대보호구역,1,0,,상대정화구역,20221008
경상남도 양산시 삼호동 986-8번지,48330,11400,0,0986,0008,1000000000000000897400,,,,1,용도지역코드,UQA122,제2종일반주거지역,1,0,,제2종일반주거지역,20260317
경상남도 양산시 삼호동 986-10번지,48330,11400,0,0986,0010,1264100012610,,,,1,용도지역코드,1022,제2종일반주거지역,1,0,,제2종일반주거지역,20221008
경상남도 양산시 삼호동 986-10번지,48330,11400,0,0986,0010,1264100012610,,,,3,용도구역코드,272,상대정화구역,1,0,,상대정화구역,20221008
경상남도 양산시 삼호동 986-10번지,48330,11400,0,0986,0010,12648800,,,,1,용도지역코드,1022,제2종일반주거지역,1,0,,제2종일반주거지역,20221008
경상남도 양산시 삼호동 986-12번지,48330,11400,0,0986,0012,1264100139063,,,,1,용도지역코드,UQA122,제2종일반주거지역,1,0,,제2종일반주거지역,20221008
경상남도 양산시 삼호동 986-12번지,48330,11400,0,0986,0012,1264100139063,,,,3,용도구역코드,UOA120,상대보호구역,1,0,,상대보호구역,20221008
경상남도 양산시 삼호동 986-12번지,48330,11400,0,0986,0012,12649122,,,,1,용도지역코드,1022,제2종일반주거지역,1,0,,제2종일반주거지역,20221008
경상남도 양산시 삼호동 986-13번지,48330,11400,0,0986,0013,1264100086229,,,,1,용도지역코드,UQA122,제2종일반주거지역,1,0,,제2종일반주거지역,20221008
경상남도 양산시 삼호동 986-16번지,48330,11400,0,0986,0016,1264100052550,,,,1,용도지역코드,UQA122,제2종일반주거지역,1,0,,제2종일반주거지역,20221008
경상남도 양산시 삼호동 986-16번지,48330,11400,0,0986,0016,1264100052550,,,,3,용도구역코드,UOA120,상대보호구역,1,0,,상대정화구역,20221008
경상남도 양산시 삼호동 987-5번지,48330,11400,0,0987,0005,1264100017597,,,,1,용도지역코드,1022,제2종일반주거지역,1,0,,제2종일반주거지역,20221008
경상남도 양산시 삼호동 987-5번지,48330,11400,0,0987,0005,1264100129423,,,,1,용도지역코드,UQA122,제2종일반주거지역,1,0,,제2종일반주거지역,20221008
경상남도 양산시 삼호동 987-5번지,48330,11400,0,0987,0005,1264100129423,,,,3,용도구역코드,UOA120,상대보호구역,1,0,,상대보호구역,20221008
경상남도 양산시 삼호동 987-5번지,48330,11400,0,0987,0005,1264100129423,,,,3,용도구역코드,UOA110,절대정화구역,0,0,,절대보호구역,20221008
경상남도 양산시 삼호동 988-1번지,48330,11400,0,0988,0001,12642339,,,,1,용도지역코드,1030,준주거지역,1,0,,준주거지역,20221008
경상남도 양산시 삼호동 988-1번지,48330,11400,0,0988,0001,12644184,,,,1,용도지역코드,1030,준주거지역,1,0,,준주거지역,20221008
경상남도 양산시 삼호동 988-2번지,48330,11400,0,0988,0002,1264100083383,,,,1,용도지역코드,UQA130,준주거지역,1,0,,준주거지역,20221008
경상남도 양산시 삼호동 988-2번지,48330,11400,0,0988,0002,12647967,,,,1,용도지역코드,1030,준주거지역,1,0,,준주거지역,20221008
경상남도 양산시 삼호동 988-2번지,48330,11400,0,0988,0002,12647967,,,,2,용도지구코드,980,용도지구미지정,1,0,,용도지구미지정,20221008
경상남도 양산시 삼호동 988-2번지,48330,11400,0,0988,0002,12647967,,,,3,용도구역코드,010,도시계획구역,1,0,,도시계획구역,20221008
경상남도 양산시 삼호동 988-4번지,48330,11400,0,0988,0004,1264100024851,,,,1,용도지역코드,UQA130,준주거지역,1,0,,준주거지역,20221008
경상남도 양산시 삼호동 988-4번지,48330,11400,0,0988,0004,1264100024851,,,,3,용도구역코드,UOA120,상대보호구역,1,0,,상대정화구역,20221008
경상남도 양산시 삼호동 988-5번지,48330,11400,0,0988,0005,1264517,,,,1,용도지역코드,1020,일반주거지역,1,0,,일반주거지역,20221008
경상남도 양산시 삼호동 988-5번지,48330,11400,0,0988,0005,1264100018336,,,,1,용도지역코드,1030,준주거지역,1,0,,준주거지역,20221008
경상남도 양산시 삼호동 988-6번지,48330,11400,0,0988,0006,1264100007448,,,,1,용도지역코드,1030,준주거지역,1,0,,준주거지역,20221008
경상남도 양산시 삼호동 988-8번지,48330,11400,0,0988,0008,1264100040184,,,,1,용도지역코드,UQA130,준주거지역,1,0,,준주거지역,20221008
경상남도 양산시 삼호동 988-10번지,48330,11400,0,0988,0010,12644820,,,,1,용도지역코드,1030,준주거지역,1,0,,준주거지역,20221008
경상남도 양산시 삼호동 988-10번지,48330,11400,0,0988,0010,12641450,,,,1,용도지역코드,1030,준주거지역,1,0,,준주거지역,20221008
경상남도 양산시 삼호동 988-12번지,48330,11400,0,0988,0012,1264100043162,,,,1,용도지역코드,UQA130,준주거지역,1,0,,준주거지역,20221008
경상남도 양산시 삼호동 988-12번지,48330,11400,0,0988,0012,1264100024189,,,,1,용도지역코드,UQA130,준주거지역,1,0,,준주거지역,20221008
경상남도 양산시 삼호동 988-12번지,48330,11400,0,0988,0012,1264100024189,,,,3,용도구역코드,UOA120,상대보호구역,1,0,,상대정화구역,20221008
경상남도 양산시 삼호동 988-13번지,48330,11400,0,0988,0013,1264100018337,,,,1,용도지역코드,1030,준주거지역,1,0,,준주거지역,20221008
경상남도 양산시 삼호동 988-15번지,48330,11400,0,0988,0015,1264100007671,,,,1,용도지역코드,1030,준주거지역,1,0,,준주거지역,20221008
경상남도 양산시 삼호동 988-16번지,48330,11400,0,0988,0016,1264100007672,,,,1,용도지역코드,1030,준주거지역,1,0,,준주거지역,20221008
경상남도 양산시 삼호동 988-17번지,48330,11400,0,0988,0017,1264100007670,,,,1,용도지역코드,1030,준주거지역,1,0,,준주거지역,20221008
경상남도 양산시 삼호동 988-19번지,48330,11400,0,0988,0019,1264100040183,,,,1,용도지역코드,UQA130,준주거지역,1,0,,준주거지역,20221008
경상남도 양산시 삼호동 989-1번지,48330,11400,0,0989,0001,1264100067699,,,,1,용도지역코드,UQA122,제2종일반주거지역,1,0,,제2종일반주거지역,20221008
경상남도 양산시 삼호동 989-1번지,48330,11400,0,0989,0001,1264100067699,,,,3,용도구역코드,UOA120,상대보호구역,1,0,,상대정화구역,20221008
경상남도 양산시 삼호동 989-1번지,48330,11400,0,0989,0001,1264100027310,,,,1,용도지역코드,UQA122,제2종일반주거지역,1,0,,제2종일반주거지역,20221008
경상남도 양산시 삼호동 989-1번지,48330,11400,0,0989,0001,1264100027310,,,,3,용도구역코드,UOA120,상대보호구역,1,0,,상대정화구역,20221008
경상남도 양산시 삼호동 989-3번지,48330,11400,0,0989,0003,12643435,,,,1,용도지역코드,1020,일반주거지역,1,0,,일반주거지역,20221008
경상남도 양산시 삼호동 989-3번지,48330,11400,0,0989,0003,12641870,,,,1,용도지역코드,1020,일반주거지역,1,0,,일반주거지역,20221008
경상남도 양산시 삼호동 989-3번지,48330,11400,0,0989,0003,12649184,,,,1,용도지역코드,1022,제2종일반주거지역,1,0,,제2종일반주거지역,20221008
경상남도 양산시 삼호동 989-3번지,48330,11400,0,0989,0003,12649184,,,,3,용도구역코드,010,도시계획구역,1,0,,도시계획구역,20221008
경상남도 양산시 삼호동 989-4번지,48330,11400,0,0989,0004,1264100034533,,,,1,용도지역코드,UQA122,제2종일반주거지역,1,0,,제2종일반주거지역,20221008
경상남도 양산시 삼호동 989-4번지,48330,11400,0,0989,0004,1264100034533,,,,3,용도구역코드,UOA120,상대보호구역,1,0,,상대정화구역,20221008
경상남도 양산시 삼호동 989-6번지,48330,11400,0,0989,0006,1264100089821,,,,1,용도지역코드,UQA122,제2종일반주거지역,1,0,,제2종일반주거지역,20221008
경상남도 양산시 삼호동 989-6번지,48330,11400,0,0989,0006,1264100080563,,,,1,용도지역코드,UQA122,제2종일반주거지역,1,0,,제2종일반주거지역,20221008
경상남도 양산시 삼호동 989-8번지,48330,11400,0,0989,0008,12645853,,,,1,용도지역코드,1022,제2종일반주거지역,1,0,,제2종일반주거지역,20221008
경상남도 양산시 삼호동 989-8번지,48330,11400,0,0989,0008,12645853,,,,2,용도지구코드,980,용도지구미지정,1,0,,용도지구미지정,20221008
경상남도 양산시 삼호동 989-8번지,48330,11400,0,0989,0008,12645853,,,,3,용도구역코드,980,용도구역미지정,1,0,,용도구역미지정,20221008
경상남도 양산시 삼호동 989-9번지,48330,11400,0,0989,0009,1264100027271,,,,1,용도지역코드,UQA122,제2종일반주거지역,1,0,,제2종일반주거지역,20221008
경상남도 양산시 삼호동 989-9번지,48330,11400,0,0989,0009,1264100027271,,,,3,용도구역코드,UOA120,상대보호구역,1,0,,상대정화구역,20221008
경상남도 양산시 삼호동 989-10번지,48330,11400,0,0989,0010,1264100027309,,,,3,용도구역코드,UOA120,상대보호구역,1,0,,상대정화구역,20221008
경상남도 양산시 삼호동 989-10번지,48330,11400,0,0989,0010,1264100027309,,,,1,용도지역코드,UQA122,제2종일반주거지역,1,0,,제2종일반주거지역,20221008
경상남도 양산시 삼호동 990-1번지,48330,11400,0,0990,0001,1264100076680,,,,1,용도지역코드,UQA122,제2종일반주거지역,1,0,,제2종일반주거지역,20221008
경상남도 양산시 삼호동 990-3번지,48330,11400,0,0990,0003,12644865,,,,1,용도지역코드,1022,제2종일반주거지역,1,0,,제2종일반주거지역,20221008
경상남도 양산시 삼호동 990-3번지,48330,11400,0,0990,0003,1264100078222,,,,1,용도지역코드,UQA122,제2종일반주거지역,1,0,,제2종일반주거지역,20221008
경상남도 양산시 삼호동 990-4번지,48330,11400,0,0990,0004,12648696,,,,1,용도지역코드,1022,제2종일반주거지역,1,0,,제2종일반주거지역,20221008
경상남도 양산시 삼호동 990-6번지,48330,11400,0,0990,0006,1264100034613,,,,1,용도지역코드,UQA122,제2종일반주거지역,1,0,,제2종일반주거지역,20221008
경상남도 양산시 삼호동 990-6번지,48330,11400,0,0990,0006,1264100034613,,,,3,용도구역코드,UOA120,상대보호구역,1,0,,상대정화구역,20221008
경상남도 양산시 삼호동 990-6번지,48330,11400,0,0990,0006,12643246,,,,1,용도지역코드,1020,일반주거지역,1,0,,일반주거지역,20221008
경상남도 양산시 삼호동 990-8번지,48330,11400,0,0990,0008,12641058,,,,1,용도지역코드,1020,일반주거지역,1,0,,일반주거지역,20221008
경상남도 양산시 삼호동 990-12번지,48330,11400,0,0990,0012,1264100036192,,,,1,용도지역코드,UQA122,제2종일반주거지역,1,0,,제2종일반주거지역,20221008
경상남도 양산시 삼호동 990-18번지,48330,11400,0,0990,0018,1264100081560,,,,1,용도지역코드,UQA122,제2종일반주거지역,1,0,,제2종일반주거지역,20221008
경상남도 양산시 삼호동 990-19번지,48330,11400,0,0990,0019,1264100078223,,,,1,용도지역코드,UQA122,제2종일반주거지역,1,0,,제2종일반주거지역,20221008
경상남도 양산시 삼호동 992-2번지,48330,11400,0,0992,0002,12645678,,,,1,용도지역코드,1022,제2종일반주거지역,1,0,,제2종일반주거지역,20221008
경상남도 양산시 삼호동 992-6번지,48330,11400,0,0992,0006,12647141,,,,1,용도지역코드,1022,제2종일반주거지역,1,0,,제2종일반주거지역,20221008
경상남도 양산시 삼호동 992-6번지,48330,11400,0,0992,0006,12647141,,,,3,용도구역코드,300,지구단위계획구역,1,0,,지구단위계획구역,20221008
경상남도 양산시 삼호동 992-6번지,48330,11400,0,0992,0006,1264100038235,,,,1,용도지역코드,UQA122,제2종일반주거지역,1,0,,제2종일반주거지역,20221008
경상남도 양산시 삼호동 992-11번지,48330,11400,0,0992,0011,12645691,,,,1,용도지역코드,1022,제2종일반주거지역,1,0,,제2종일반주거지역,20221008
경상남도 양산시 삼호동 992-18번지,48330,11400,0,0992,0018,12645785,,,,1,용도지역코드,1022,제2종일반주거지역,1,0,,제2종일반주거지역,20221008
경상남도 양산시 삼호동 992-19번지,48330,11400,0,0992,0019,12641547,,,,1,용도지역코드,1020,일반주거지역,1,0,,일반주거지역,20221008
경상남도 양산시 삼호동 992-20번지,48330,11400,0,0992,0020,12645679,,,,1,용도지역코드,1022,제2종일반주거지역,1,0,,제2종일반주거지역,20221008
경상남도 양산시 삼호동 992-22번지,48330,11400,0,0992,0022,1264100038234,,,,1,용도지역코드,UQA122,제2종일반주거지역,1,0,,제2종일반주거지역,20221008
경상남도 양산시 삼호동 993-1번지,48330,11400,0,0993,0001,12644939,,,,1,용도지역코드,1022,제2종일반주거지역,1,0,,제2종일반주거지역,20221008
경상남도 양산시 삼호동 993-1번지,48330,11400,0,0993,0001,12644939,,,,2,용도지구코드,340,토지구획정리사업지구,1,0,,토지구획정리사업지구,20221008
경상남도 양산시 삼호동 993-3번지,48330,11400,0,0993,0003,1264100135683,,,,1,용도지역코드,UQA122,제2종일반주거지역,1,0,,제2종일반주거지역,20221008
경상남도 양산시 삼호동 993-3번지,48330,11400,0,0993,0003,1264100021096,,,,1,용도지역코드,1022,제2종일반주거지역,1,0,,제2종일반주거지역,20221008
경상남도 양산시 삼호동 993-3번지,48330,11400,0,0993,0003,1264100019420,,,,1,용도지역코드,1022,제2종일반주거지역,1,0,,제2종일반주거지역,20221008
경상남도 양산시 삼호동 993-4번지,48330,11400,0,0993,0004,1264100064163,,,,1,용도지역코드,UQA122,제2종일반주거지역,1,0,,제2종일반주거지역,20221008
경상남도 양산시 삼호동 993-4번지,48330,11400,0,0993,0004,1264100064163,,,,3,용도구역코드,UOA120,상대보호구역,1,0,,상대정화구역,20221008
경상남도 양산시 삼호동 993-5번지,48330,11400,0,0993,0005,1264100010053,,,,1,용도지역코드,1022,제2종일반주거지역,1,0,,제2종일반주거지역,20221008
경상남도 양산시 삼호동 993-5번지,48330,11400,0,0993,0005,1264100110317,,,,1,용도지역코드,UQA122,제2종일반주거지역,1,0,,제2종일반주거지역,20221008
경상남도 양산시 삼호동 993-5번지,48330,11400,0,0993,0005,1264100005425,,,,1,용도지역코드,1022,제2종일반주거지역,1,0,,제2종일반주거지역,20221008
경상남도 양산시 삼호동 993-6번지,48330,11400,0,0993,0006,1264100034794,,,,1,용도지역코드,UQA122,제2종일반주거지역,1,0,,제2종일반주거지역,20221008
경상남도 양산시 삼호동 993-6번지,48330,11400,0,0993,0006,1264100052068,,,,1,용도지역코드,UQA122,제2종일반주거지역,1,0,,제2종일반주거지역,20221008
경상남도 양산시 삼호동 993-6번지,48330,11400,0,0993,0006,1264100052068,,,,3,용도구역코드,UOA120,상대보호구역,1,0,,상대정화구역,20221008
경상남도 양산시 삼호동 993-8번지,48330,11400,0,0993,0008,12648799,,,,1,용도지역코드,1022,제2종일반주거지역,1,0,,제2종일반주거지역,20221008
경상남도 양산시 삼호동 993-9번지,48330,11400,0,0993,0009,12644940,,,,1,용도지역코드,1022,제2종일반주거지역,1,0,,제2종일반주거지역,20221008
경상남도 양산시 삼호동 993-9번지,48330,11400,0,0993,0009,12644940,,,,2,용도지구코드,340,토지구획정리사업지구,1,0,,토지구획정리사업지구,20221008
경상남도 양산시 삼호동 994-1번지,48330,11400,0,0994,0001,1000000000000000070784,,,,3,용도구역코드,UOA120,상대보호구역,1,0,,상대보호구역,20221014
경상남도 양산시 삼호동 994-1번지,48330,11400,0,0994,0001,1000000000000000070784,,,,1,용도지역코드,UQA122,제2종일반주거지역,1,0,,제2종일반주거지역,20221014
경상남도 양산시 삼호동 994-3번지,48330,11400,0,0994,0003,12645371,,,,1,용도지역코드,1022,제2종일반주거지역,1,0,,제2종일반주거지역,20221008
경상남도 양산시 삼호동 994-5번지,48330,11400,0,0994,0005,12642103,,,,1,용도지역코드,1020,일반주거지역,1,0,,일반주거지역,20221008
경상남도 양산시 삼호동 994-7번지,48330,11400,0,0994,0007,12645863,,,,1,용도지역코드,1022,제2종일반주거지역,1,0,,제2종일반주거지역,20221008
경상남도 양산시 삼호동 994-9번지,48330,11400,0,0994,0009,1264100021646,,,,1,용도지역코드,UQA122,제2종일반주거지역,1,0,,제2종일반주거지역,20221008
경상남도 양산시 삼호동 994-9번지,48330,11400,0,0994,0009,12645855,,,,1,용도지역코드,1022,제2종일반주거지역,1,0,,제2종일반주거지역,20221008
경상남도 양산시 삼호동 994-9번지,48330,11400,0,0994,0009,12649119,,,,1,용도지역코드,1022,제2종일반주거지역,1,0,,제2종일반주거지역,20221008
경상남도 양산시 삼호동 994-16번지,48330,11400,0,0994,0016,1264100021647,,,,1,용도지역코드,UQA122,제2종일반주거지역,1,0,,제2종일반주거지역,20221008
경상남도 양산시 삼호동 994-16번지,48330,11400,0,0994,0016,12649133,,,,1,용도지역코드,1022,제2종일반주거지역,1,0,,제2종일반주거지역,20221008
경상남도 양산시 삼호동 995-1번지,48330,11400,0,0995,0001,1264100021645,,,,1,용도지역코드,UQA122,제2종일반주거지역,1,0,,제2종일반주거지역,20221008
경상남도 양산시 삼호동 995-5번지,48330,11400,0,0995,0005,1264100014078,,,,1,용도지역코드,1022,제2종일반주거지역,1,0,,제2종일반주거지역,20221008
경상남도 양산시 삼호동 995-6번지,48330,11400,0,0995,0006,1264100057370,,,,1,용도지역코드,UQA122,제2종일반주거지역,1,0,,제2종일반주거지역,20221008
경상남도 양산시 삼호동 995-6번지,48330,11400,0,0995,0006,1264683,,,,1,용도지역코드,1020,일반주거지역,1,0,,일반주거지역,20221008
경상남도 양산시 삼호동 995-6번지,48330,11400,0,0995,0006,1264969,995-6,,,1,용도지역코드,1020,일반주거지역,1,0,,일반주거지역,20221008
경상남도 양산시 삼호동 995-13번지,48330,11400,0,0995,0013,1264100006248,,,,1,용도지역코드,1022,제2종일반주거지역,1,0,,제2종일반주거지역,20221008
경상남도 양산시 삼호동 995-13번지,48330,11400,0,0995,0013,1264100051607,,,,1,용도지역코드,UQA122,제2종일반주거지역,1,0,,제2종일반주거지역,20221008
경상남도 양산시 삼호동 995-14번지,48330,11400,0,0995,0014,1264100052055,,,,1,용도지역코드,UQA122,제2종일반주거지역,1,0,,제2종일반주거지역,20221008
경상남도 양산시 삼호동 995-15번지,48330,11400,0,0995,0015,1264100102993,,,,1,용도지역코드,UQA122,제2종일반주거지역,1,0,,제2종일반주거지역,20221008
경상남도 양산시 삼호동 995-16번지,48330,11400,0,0995,0016,1264100021702,,,,1,용도지역코드,UQA122,제2종일반주거지역,1,0,,제2종일반주거지역,20221008
경상남도 양산시 삼호동 995-17번지,48330,11400,0,0995,0017,1264100018115,,,,1,용도지역코드,1022,제2종일반주거지역,1,0,,제2종일반주거지역,20221008
경상남도 양산시 삼호동 996-1번지,48330,11400,0,0996,0001,1264535,,,,1,용도지역코드,1020,일반주거지역,1,0,,일반주거지역,20221008
경상남도 양산시 삼호동 996-2번지,48330,11400,0,0996,0002,1264531,,,,1,용도지역코드,1020,일반주거지역,1,0,,일반주거지역,20221008
경상남도 양산시 삼호동 996-3번지,48330,11400,0,0996,0003,12643179,,,,1,용도지역코드,1030,준주거지역,1,0,,준주거지역,20221008
경상남도 양산시 삼호동 996-5번지,48330,11400,0,0996,0005,12643960,,,,1,용도지역코드,1030,준주거지역,1,0,,준주거지역,20221008
경상남도 양산시 삼호동 996-5번지,48330,11400,0,0996,0005,12643960,,,,2,용도지구코드,340,토지구획정리사업지구,1,0,,토지구획정리사업지구,20221008
경상남도 양산시 삼호동 996-8번지,48330,11400,0,0996,0008,12642795,,,,1,용도지역코드,1030,준주거지역,1,0,,준주거지역,20221008
경상남도 양산시 삼호동 996-9번지,48330,11400,0,0996,0009,1264100064179,,,,1,용도지역코드,UQA130,준주거지역,1,0,,준주거지역,20221008
경상남도 양산시 삼호동 996-9번지,48330,11400,0,0996,0009,1264100064179,,,,3,용도구역코드,UOA120,상대보호구역,1,0,,상대정화구역,20221008
경상남도 양산시 삼호동 996-11번지,48330,11400,0,0996,0011,12644126,,,,1,용도지역코드,1030,준주거지역,1,0,,준주거지역,20221008
경상남도 양산시 삼호동 996-11번지,48330,11400,0,0996,0011,12643249,,,,1,용도지역코드,1030,준주거지역,1,0,,준주거지역,20221008
경상남도 양산시 삼호동 996-12번지,48330,11400,0,0996,0012,12643695,,,,1,용도지역코드,1030,준주거지역,1,0,,준주거지역,20221008
경상남도 양산시 삼호동 996-13번지,48330,11400,0,0996,0013,12645742,,,,1,용도지역코드,1030,준주거지역,1,0,,준주거지역,20221008
경상남도 양산시 삼호동 996-13번지,48330,11400,0,0996,0013,12645742,,,,2,용도지구코드,980,용도지구미지정,1,0,,용도지구미지정,20221008
경상남도 양산시 삼호동 996-13번지,48330,11400,0,0996,0013,12645742,,,,3,용도구역코드,980,용도구역미지정,1,0,,용도구역미지정,20221008
경상남도 양산시 삼호동 1005-2번지,48330,11400,0,1005,0002,1264100042662,,,,1,용도지역코드,UQA122,제2종일반주거지역,1,0,,제2종일반주거지역,20221008
경상남도 양산시 삼호동 1005-2번지,48330,11400,0,1005,0002,1264100042662,,,,2,용도지구코드,UQG130,일반미관지구,1,0,,일반미관지구,20221008
경상남도 양산시 삼호동 1005-2번지,48330,11400,0,1005,0002,1264100084681,,,,1,용도지역코드,UQA122,제2종일반주거지역,1,0,,제2종일반주거지역,20221008
경상남도 양산시 삼호동 1005-2번지,48330,11400,0,1005,0002,1264100084681,,,,2,용도지구코드,UQG130,일반미관지구,1,0,,일반미관지구,20221008
경상남도 양산시 삼호동 1005-2번지,48330,11400,0,1005,0002,1264100084681,,,,3,용도구역코드,UOA120,상대보호구역,0,0,,상대정화구역,20221008
경상남도 양산시 삼호동 1005-2번지,48330,11400,0,1005,0002,1264100084681,,,,3,용도구역코드,UDW100,도시개발구역,0,0,,도시개발구역,20221008
경상남도 양산시 삼호동 1005-13번지,48330,11400,0,1005,0013,1000000000000000280171,,,,1,용도지역코드,UQA130,준주거지역,1,0,,준주거지역,20231122
경상남도 양산시 삼호동 1005-13번지,48330,11400,0,1005,0013,1000000000000000280171,,,,2,용도지구코드,UQF132,시가지경관지구(일반),1,0,,시가지경관지구(일반),20231122
경상남도 양산시 삼호동 1005-13번지,48330,11400,0,1005,0013,1000000000000000280169,,,,1,용도지역코드,UQA130,준주거지역,1,0,,준주거지역,20230425
경상남도 양산시 삼호동 1005-13번지,48330,11400,0,1005,0013,1000000000000000280169,,,,2,용도지구코드,UQF132,시가지경관지구(일반),1,0,,시가지경관지구(일반),20230425
경상남도 양산시 삼호동 1005-14번지,48330,11400,0,1005,0014,1264100081799,,,,1,용도지역코드,UQA122,제2종일반주거지역,1,0,,제2종일반주거지역,20221008
경상남도 양산시 삼호동 1005-14번지,48330,11400,0,1005,0014,1264100081799,,,,2,용도지구코드,UQG130,일반미관지구,1,0,,일반미관지구,20221008
경상남도 양산시 삼호동 1005-14번지,48330,11400,0,1005,0014,1264100081799,,,,3,용도구역코드,UDW100,도시개발구역,1,0,,도시개발구역,20221008
경상남도 양산시 삼호동 1005-14번지,48330,11400,0,1005,0014,1264100081799,,,,3,용도구역코드,UOA120,상대보호구역,0,0,,상대정화구역,20221008
경상남도 양산시 삼호동 1005-15번지,48330,11400,0,1005,0015,1264100137447,,,,1,용도지역코드,UQA130,준주거지역,1,0,,준주거지역,20221008
경상남도 양산시 삼호동 1005-15번지,48330,11400,0,1005,0015,1264100137447,,,,2,용도지구코드,UQF132,시가지경관지구(일반),1,0,,시가지경관지구(일반),20221008
경상남도 양산시 삼호동 1005-20번지,48330,11400,0,1005,0020,1264100036293,,,,1,용도지역코드,UQA122,제2종일반주거지역,1,0,,제2종일반주거지역,20221008
경상남도 양산시 삼호동 1005-20번지,48330,11400,0,1005,0020,1264100036293,,,,2,용도지구코드,UQG130,일반미관지구,1,0,,일반미관지구,20221008
경상남도 양산시 삼호동 1005-26번지,48330,11400,0,1005,0026,1000000000000000461367,,,,2,용도지구코드,UQF132,시가지경관지구(일반),1,0,,시가지경관지구(일반),20240705
경상남도 양산시 삼호동 1005-26번지,48330,11400,0,1005,0026,1000000000000000461367,,,,1,용도지역코드,UQA130,준주거지역,1,0,,준주거지역,20240705
경상남도 양산시 삼호동 1005-26번지,48330,11400,0,1005,0026,1264100059812,,,,1,용도지역코드,UQA122,제2종일반주거지역,1,0,,제2종일반주거지역,20221008
경상남도 양산시 삼호동 1005-26번지,48330,11400,0,1005,0026,1264100059812,,,,2,용도지구코드,UQG130,일반미관지구,1,0,,일반미관지구,20221008
경상남도 양산시 삼호동 1005-27번지,48330,11400,0,1005,0027,1264100043022,,,,1,용도지역코드,UQA122,제2종일반주거지역,1,0,,제2종일반주거지역,20221008
경상남도 양산시 삼호동 1006-1번지,48330,11400,0,1006,0001,1264100134185,,,,1,용도지역코드,UQA220,일반상업지역,1,0,,일반상업지역,20221008
경상남도 양산시 삼호동 1006-1번지,48330,11400,0,1006,0001,1264100134185,,,,3,용도구역코드,UOA120,상대보호구역,1,0,,상대보호구역,20221008
경상남도 양산시 삼호동 1006-3번지,48330,11400,0,1006,0003,1264100156811,,,,1,용도지역코드,UQA220,일반상업지역,1,0,,일반상업지역,20221008
경상남도 양산시 삼호동 1006-3번지,48330,11400,0,1006,0003,1264100071159,,,,1,용도지역코드,UQA220,일반상업지역,1,0,,일반상업지역,20221008
경상남도 양산시 삼호동 1006-4번지,48330,11400,0,1006,0004,1264100042664,,,,3,용도구역코드,UDW100,도시개발구역,1,0,,도시개발구역,20221008
경상남도 양산시 삼호동 1006-4번지,48330,11400,0,1006,0004,1264100042664,,,,3,용도구역코드,UOA120,상대보호구역,0,0,,상대정화구역,20221008
경상남도 양산시 삼호동 1006-4번지,48330,11400,0,1006,0004,1264100042664,,,,1,용도지역코드,UQA220,일반상업지역,1,0,,일반상업지역,20221008
경상남도 양산시 삼호동 1006-6번지,48330,11400,0,1006,0006,1264100123899,,,,1,용도지역코드,UQA220,일반상업지역,1,0,,일반상업지역,20221008
경상남도 양산시 삼호동 1006-6번지,48330,11400,0,1006,0006,1264100123899,,,,3,용도구역코드,UOA120,상대보호구역,1,0,,상대보호구역,20221008
경상남도 양산시 삼호동 1008번지,48330,11400,0,1008,0000,1264100039892,,,,1,용도지역코드,UQA220,일반상업지역,1,0,,일반상업지역,20221008
경상남도 양산시 삼호동 1009-1번지,48330,11400,0,1009,0001,1264100123602,,,,1,용도지역코드,UQA220,일반상업지역,1,0,,일반상업지역,20221008
경상남도 양산시 삼호동 1009-1번지,48330,11400,0,1009,0001,1264100123602,,,,3,용도구역코드,UOA120,상대보호구역,1,0,,상대보호구역,20221008
경상남도 양산시 삼호동 1009-3번지,48330,11400,0,1009,0003,1264100094866,,,,1,용도지역코드,UQA220,일반상업지역,1,0,,일반상업지역,20221008
경상남도 양산시 삼호동 1009-6번지,48330,11400,0,1009,0006,1264100096329,,,,1,용도지역코드,UQA220,일반상업지역,1,0,,일반상업지역,20221008
경상남도 양산시 삼호동 1009-6번지,48330,11400,0,1009,0006,1264100096329,,,,3,용도구역코드,UOA120,상대보호구역,,,,상대정화구역,20221008
경상남도 양산시 삼호동 1009-6번지,48330,11400,0,1009,0006,1264100096329,,,,3,용도구역코드,UDW100,도시개발구역,1,0,,도시개발구역,20221008
경상남도 양산시 삼호동 1009-9번지,48330,11400,0,1009,0009,1264100045465,,,,1,용도지역코드,UQA220,일반상업지역,1,0,,일반상업지역,20221008
경상남도 양산시 삼호동 1009-10번지,48330,11400,0,1009,0010,1264100072021,,,,1,용도지역코드,UQA220,일반상업지역,1,0,,일반상업지역,20221008
경상남도 양산시 삼호동 1009-10번지,48330,11400,0,1009,0010,1264100072021,,,,1,용도지역코드,UQA130,준주거지역,0,0,,준주거지역,20221008
경상남도 양산시 삼호동 1009-12번지,48330,11400,0,1009,0012,1264100075019,,,,1,용도지역코드,UQA220,일반상업지역,1,0,,일반상업지역,20221008
경상남도 양산시 삼호동 1010-2번지,48330,11400,0,1010,0002,1264100070502,,,,1,용도지역코드,UQA220,일반상업지역,1,0,,일반상업지역,20221008
경상남도 양산시 삼호동 1010-2번지,48330,11400,0,1010,0002,1264100070502,,,,3,용도구역코드,UDW100,도시개발구역,1,0,,도시개발구역,20221008
경상남도 양산시 삼호동 1010-2번지,48330,11400,0,1010,0002,1264100070502,,,,3,용도구역코드,UOA120,상대보호구역,0,0,,상대정화구역,20221008
경상남도 양산시 삼호동 1010-3번지,48330,11400,0,1010,0003,1000000000000000723041,,,,1,용도지역코드,UQA220,일반상업지역,1,0,,일반상업지역,20250513
경상남도 양산시 삼호동 1010-3번지,48330,11400,0,1010,0003,1000000000000000723041,,,,3,용도구역코드,UOA120,상대보호구역,1,0,,상대보호구역,20250513
경상남도 양산시 삼호동 1010-3번지,48330,11400,0,1010,0003,12647762,,,,1,용도지역코드,1120,일반상업지역,1,0,,일반상업지역,20221008
경상남도 양산시 삼호동 1010-3번지,48330,11400,0,1010,0003,12647762,,,,3,용도구역코드,UDW100,도시개발구역,1,0,,도시개발구역,20221008
경상남도 양산시 삼호동 1010-3번지,48330,11400,0,1010,0003,12647762,,,,3,용도구역코드,UOA120,상대보호구역,0,0,,상대정화구역,20221008
경상남도 양산시 삼호동 1010-3번지,48330,11400,0,1010,0003,1264100132064,,,,1,용도지역코드,UQA220,일반상업지역,1,0,,일반상업지역,20221008
경상남도 양산시 삼호동 1010-3번지,48330,11400,0,1010,0003,1264100132064,,,,3,용도구역코드,UMZ100,가축사육제한구역,1,0,,가축사육제한구역,20221008
경상남도 양산시 삼호동 1010-3번지,48330,11400,0,1010,0003,1264100135787,,,,1,용도지역코드,UQA220,일반상업지역,1,0,,일반상업지역,20221008
경상남도 양산시 삼호동 1010-7번지,48330,11400,0,1010,0007,1000000000000000538206,,,,1,용도지역코드,UQA220,일반상업지역,1,0,,일반상업지역,20240618
경상남도 양산시 삼호동 1010-7번지,48330,11400,0,1010,0007,1000000000000000538206,,,,3,용도구역코드,UMZ100,가축사육제한구역,1,0,,가축사육제한구역,20240618
경상남도 양산시 삼호동 1010-7번지,48330,11400,0,1010,0007,1264100100873,,,,1,용도지역코드,UQA220,일반상업지역,1,0,,일반상업지역,20221008
경상남도 양산시 삼호동 1010-8번지,48330,11400,0,1010,0008,1264100134843,,,,1,용도지역코드,UQA220,일반상업지역,1,0,,일반상업지역,20221008
경상남도 양산시 삼호동 1010-8번지,48330,11400,0,1010,0008,1264100134843,,,,3,용도구역코드,UOA120,상대보호구역,1,0,,상대보호구역,20221008
경상남도 양산시 삼호동 1010-8번지,48330,11400,0,1010,0008,1264100040000,,,,1,용도지역코드,UQA220,일반상업지역,1,0,,일반상업지역,20221008
경상남도 양산시 삼호동 1010-10번지,48330,11400,0,1010,0010,1264100056410,,,,1,용도지역코드,UQA220,일반상업지역,1,0,,일반상업지역,20221008
경상남도 양산시 삼호동 1010-11번지,48330,11400,0,1010,0011,1000000000000000510051,,,,1,용도지역코드,UQA220,일반상업지역,1,0,,일반상업지역,20240722
경상남도 양산시 삼호동 1010-11번지,48330,11400,0,1010,0011,1000000000000000510051,,,,3,용도구역코드,UOA120,상대보호구역,1,0,,상대보호구역,20240722
경상남도 양산시 삼호동 1010-11번지,48330,11400,0,1010,0011,1264100142403,,,,1,용도지역코드,UQA220,일반상업지역,1,0,,일반상업지역,20221008
경상남도 양산시 삼호동 1010-11번지,48330,11400,0,1010,0011,1264100142403,,,,3,용도구역코드,UMZ100,가축사육제한구역,1,0,,가축사육제한구역,20221008
경상남도 양산시 삼호동 1010-11번지,48330,11400,0,1010,0011,1264100142403,,,,3,용도구역코드,UOA120,상대보호구역,0,0,,상대보호구역,20221008
경상남도 양산시 삼호동 1011번지,48330,11400,0,1011,0000,1264100074361,,,,1,용도지역코드,UQA220,일반상업지역,1,0,,일반상업지역,20221008
경상남도 양산시 삼호동 1011번지,48330,11400,0,1011,0000,1264100074361,,,,3,용도구역코드,UDW100,도시개발구역,1,0,,도시개발구역,20221008
경상남도 양산시 삼호동 1011번지,48330,11400,0,1011,0000,1264100074361,,,,3,용도구역코드,UOA120,상대보호구역,0,0,,상대정화구역,20221008
경상남도 양산시 삼호동 1012-1번지,48330,11400,0,1012,0001,1264100055748,,,,1,용도지역코드,UQA220,일반상업지역,1,0,,일반상업지역,20221008
경상남도 양산시 삼호동 1012-1번지,48330,11400,0,1012,0001,1264100055748,,,,3,용도구역코드,UOA120,상대보호구역,1,0,,상대정화구역,20221008
경상남도 양산시 삼호동 1012-1번지,48330,11400,0,1012,0001,1264100079822,,,,1,용도지역코드,UQA220,일반상업지역,1,0,,일반상업지역,20221008
경상남도 양산시 삼호동 1012-1번지,48330,11400,0,1012,0001,1264100079822,,,,3,용도구역코드,UDW100,도시개발구역,1,0,,도시개발구역,20221008
경상남도 양산시 삼호동 1012-1번지,48330,11400,0,1012,0001,1264100079822,,,,3,용도구역코드,UOA120,상대보호구역,0,0,,상대정화구역,20221008
경상남도 양산시 삼호동 1012-3번지,48330,11400,0,1012,0003,1264100089502,,,,1,용도지역코드,UQA220,일반상업지역,1,0,,일반상업지역,20221008
경상남도 양산시 삼호동 1012-3번지,48330,11400,0,1012,0003,1264100089502,,,,3,용도구역코드,UBG100,기업도시개발구역,1,0,,기업도시개발구역,20221008
경상남도 양산시 삼호동 1012-3번지,48330,11400,0,1012,0003,1264100089502,,,,3,용도구역코드,UOA120,상대보호구역,0,0,,상대정화구역,20221008
경상남도 양산시 삼호동 1012-6번지,48330,11400,0,1012,0006,1000000000000000763146,,,,1,용도지역코드,UQA220,일반상업지역,1,0,,일반상업지역,20250711
경상남도 양산시 삼호동 1013-1번지,48330,11400,0,1013,0001,1264100110737,,,,1,용도지역코드,UQA122,제2종일반주거지역,1,0,,제2종일반주거지역,20221008
경상남도 양산시 삼호동 1013-1번지,48330,11400,0,1013,0001,1264100110737,,,,2,용도지구코드,UQG130,일반미관지구,1,0,,일반미관지구,20221008
경상남도 양산시 삼호동 1013-1번지,48330,11400,0,1013,0001,1264100110737,,,,3,용도구역코드,UDW100,도시개발구역,1,0,,도시개발구역,20221008
경상남도 양산시 삼호동 1013-2번지,48330,11400,0,1013,0002,1264100134127,,,,1,용도지역코드,UQA130,준주거지역,1,0,,준주거지역,20221008
경상남도 양산시 삼호동 1013-2번지,48330,11400,0,1013,0002,1264100134127,,,,2,용도지구코드,UQF132,시가지경관지구(일반),1,0,,시가지경관지구(일반),20221008
경상남도 양산시 삼호동 1013-2번지,48330,11400,0,1013,0002,1264100134127,,,,3,용도구역코드,UMZ100,가축사육제한구역,1,0,,가축사육제한구역,20221008
경상남도 양산시 삼호동 1014-5번지,48330,11400,0,1014,0005,1264100062359,,,,1,용도지역코드,UQA122,제2종일반주거지역,1,0,,제2종일반주거지역,20221008
경상남도 양산시 삼호동 1014-5번지,48330,11400,0,1014,0005,1264100062359,,,,2,용도지구코드,UQG130,일반미관지구,1,0,,일반미관지구,20221008
경상남도 양산시 삼호동 1014-6번지,48330,11400,0,1014,0006,1264100086503,,,,1,용도지역코드,UQA122,제2종일반주거지역,1,0,,제2종일반주거지역,20221008
경상남도 양산시 삼호동 1014-6번지,48330,11400,0,1014,0006,1264100086503,,,,2,용도지구코드,UQG130,일반미관지구,1,0,,일반미관지구,20221008
경상남도 양산시 삼호동 1015-2번지,48330,11400,0,1015,0002,1264100100353,,,,1,용도지역코드,UQA122,제2종일반주거지역,1,0,,제2종일반주거지역,20221008
경상남도 양산시 삼호동 1015-3번지,48330,11400,0,1015,0003,1264100150772,,,,1,용도지역코드,UQA130,준주거지역,1,0,,준주거지역,20230623
경상남도 양산시 삼호동 1015-3번지,48330,11400,0,1015,0003,1264100150772,,,,2,용도지구코드,UQF132,시가지경관지구(일반),1,0,,시가지경관지구(일반),20230623
경상남도 양산시 삼호동 1015-3번지,48330,11400,0,1015,0003,1264100062519,,,,1,용도지역코드,UQA122,제2종일반주거지역,1,0,,제2종일반주거지역,20221008
경상남도 양산시 삼호동 1015-3번지,48330,11400,0,1015,0003,1264100062519,,,,2,용도지구코드,UQG130,일반미관지구,1,0,,일반미관지구,20221008
경상남도 양산시 삼호동 1015-3번지,48330,11400,0,1015,0003,1264100024669,,,,1,용도지역코드,UQA122,제2종일반주거지역,1,0,,제2종일반주거지역,20221008
경상남도 양산시 삼호동 1016-7번지,48330,11400,0,1016,0007,1264100082500,,,,1,용도지역코드,UQA122,제2종일반주거지역,1,0,,제2종일반주거지역,20221008
경상남도 양산시 삼호동 1016-7번지,48330,11400,0,1016,0007,1264100082500,,,,2,용도지구코드,UQG130,일반미관지구,1,0,,일반미관지구,20221008
경상남도 양산시 삼호동 1016-7번지,48330,11400,0,1016,0007,1264100082500,,,,3,용도구역코드,UDW100,도시개발구역,1,0,,도시개발구역,20221008
경상남도 양산시 삼호동 1016-7번지,48330,11400,0,1016,0007,1264100107633,,,,1,용도지역코드,UQA122,제2종일반주거지역,1,0,,제2종일반주거지역,20221008
경상남도 양산시 삼호동 1016-7번지,48330,11400,0,1016,0007,1264100055928,,,,1,용도지역코드,UQA122,제2종일반주거지역,1,0,,제2종일반주거지역,20221008
경상남도 양산시 삼호동 1016-7번지,48330,11400,0,1016,0007,1264100055928,,,,2,용도지구코드,UQG130,일반미관지구,1,0,,일반미관지구,20221008
경상남도 양산시 삼호동 1016-7번지,48330,11400,0,1016,0007,1264100055928,,,,3,용도구역코드,UDW100,도시개발구역,1,0,,도시개발구역,20221008
경상남도 양산시 삼호동 1016-7번지,48330,11400,0,1016,0007,1264100107633,,,,2,용도지구코드,UQG130,일반미관지구,1,0,,일반미관지구,20221008
경상남도 양산시 삼호동 1016-7번지,48330,11400,0,1016,0007,1264100107633,,,,3,용도구역코드,UDW100,도시개발구역,1,0,,도시개발구역,20221008
경상남도 양산시 삼호동 1016-8번지,48330,11400,0,1016,0008,1264100068420,,,,1,용도지역코드,UQA122,제2종일반주거지역,1,0,,제2종일반주거지역,20221008
경상남도 양산시 삼호동 1016-8번지,48330,11400,0,1016,0008,1264100068420,,,,2,용도지구코드,UQG130,일반미관지구,1,0,,일반미관지구,20221008
경상남도 양산시 삼호동 1016-9번지,48330,11400,0,1016,0009,1264100040185,,,,1,용도지역코드,UQA122,제2종일반주거지역,1,0,,제2종일반주거지역,20221008
경상남도 양산시 삼호동 1016-9번지,48330,11400,0,1016,0009,1264100040185,,,,3,용도구역코드,UDW100,도시개발구역,1,0,,도시개발구역,20221008
경상남도 양산시 삼호동 1020번지,48330,11400,0,1020,0000,1000000000000000954466,,,,1,용도지역코드,UQA130,준주거지역,1,0,,준주거지역,20260521
경상남도 양산시 삼호동 1020번지,48330,11400,0,1020,0000,1000000000000000954466,,,,1,용도지역코드,UQA430,자연녹지지역,0,0,,자연녹지지역,20260521
경상남도 양산시 삼호동 1020번지,48330,11400,0,1020,0000,1000000000000000954466,,,,2,용도지구코드,UQF130,시가지경관지구,1,0,,시가지경관지구,20260521
경상남도 양산시 삼호동 1020번지,48330,11400,0,1020,0000,1000000000000000954466,,,,3,용도구역코드,UJB100,하천구역,1,0,,하천구역,20260521
경상남도 양산시 삼호동 1020번지,48330,11400,0,1020,0000,1000000000000000941784,,,,1,용도지역코드,UQA220,일반상업지역,0,0,,일반상업지역,20260430
경상남도 양산시 삼호동 1020번지,48330,11400,0,1020,0000,1000000000000000941784,,,,3,용도구역코드,UOA120,상대보호구역,1,0,,상대보호구역,20260430
경상남도 양산시 삼호동 1020번지,48330,11400,0,1020,0000,1000000000000000941784,,,,1,용도지역코드,UQA130,준주거지역,1,0,,준주거지역,20260430
경상남도 양산시 삼호동 1020번지,48330,11400,0,1020,0000,1000000000000000941784,,,,2,용도지구코드,UQF130,시가지경관지구,1,0,,시가지경관지구,20260430
경상남도 양산시 삼호동 1020번지,48330,11400,0,1020,0000,1000000000000000941784,,,,3,용도구역코드,UJB100,하천구역,0,0,,하천구역,20260430
경상남도 양산시 삼호동 1020-27번지,48330,11400,0,1020,0027,1264794,1020-27,,,1,용도지역코드,1220,일반공업지역,1,0,,일반공업지역,20221008
경상남도 양산시 삼호동 1236-3번지,48330,11400,0,1236,0003,12642247,,,,1,용도지역코드,1330,자연녹지지역,1,0,,자연녹지지역,20221008
경상남도 양산시 삼호동 산1-1번지,48330,11400,1,0001,0001,1000000000000000234347,,,,1,용도지역코드,UQA430,자연녹지지역,1,0,,자연녹지지역,20230221
경상남도 양산시 삼호동 산1-2번지,48330,11400,1,0001,0002,1264100079341,,,,1,용도지역코드,UQA430,자연녹지지역,1,0,,자연녹지지역,20221008
경상남도 양산시 삼호동 산1-2번지,48330,11400,1,0001,0002,1264100079341,,,,1,용도지역코드,UM2100,공장설립승인지역,0,0,,공장설립승인지역,20221008
경상남도 양산시 삼호동 산1-10번지,48330,11400,1,0001,0010,1264100140353,,,,1,용도지역코드,UQA430,자연녹지지역,1,0,,자연녹지지역,20230831
경상남도 양산시 삼호동 산1-10번지,48330,11400,1,0001,0010,1264100079340,,,,1,용도지역코드,UQA430,자연녹지지역,1,0,,자연녹지지역,20221008
경상남도 양산시 삼호동 산1-21번지,48330,11400,1,0001,0021,1264100140352,,,,1,용도지역코드,UQA430,자연녹지지역,1,0,,자연녹지지역,20221008
경상남도 양산시 삼호동 산8번지,48330,11400,1,0008,0000,1264100146663,,,,1,용도지역코드,UQA430,자연녹지지역,1,0,,자연녹지지역,20221008
경상남도 양산시 삼호동 산10-1번지,48330,11400,1,0010,0001,1264100039872,,,,1,용도지역코드,UQA122,제2종일반주거지역,1,0,,제2종일반주거지역,20221008
경상남도 양산시 삼호동 산10-6번지,48330,11400,1,0010,0006,1264100040307,,,,1,용도지역코드,UQA122,제2종일반주거지역,1,0,,제2종일반주거지역,20221008
경상남도 양산시 삼호동 산21-6번지,48330,11400,1,0021,0006,1264100071580,,,,1,용도지역코드,UQA430,자연녹지지역,1,0,,자연녹지지역,20221008
경상남도 양산시 삼호동 산21-6번지,48330,11400,1,0021,0006,1264100071580,,,,3,용도구역코드,UOA120,상대보호구역,1,0,,상대정화구역,20221008
경상남도 양산시 삼호동 산24-12번지,48330,11400,1,0024,0012,1264100030517,,,,1,용도지역코드,UQA430,자연녹지지역,1,0,,자연녹지지역,20221008
경상남도 양산시 삼호동 산24-12번지,48330,11400,1,0024,0012,1264100030517,,,,3,용도구역코드,UOA120,상대보호구역,1,0,,상대정화구역,20221008
경상남도 양산시 삼호동 산33-79번지,48330,11400,1,0033,0079,126428,,,,1,용도지역코드,1330,자연녹지지역,1,0,,자연녹지지역,20221008
경상남도 양산시 삼호동 산49-1번지,48330,11400,1,0049,0001,1264100149014,,,,1,용도지역코드,UQA430,자연녹지지역,1,0,,자연녹지지역,20221008
경상남도 양산시 삼호동 블록,48330,11400,2,0000,0000,12645015,삼호지구토지구획정리사업지구내,4B,1L,1,용도지역코드,1022,제2종일반주거지역,1,0,,제2종일반주거지역,20221008
경상남도 양산시 삼호동 블록,48330,11400,2,0000,0000,12645015,삼호지구토지구획정리사업지구내,4B,1L,2,용도지구코드,340,토지구획정리사업지구,1,0,,토지구획정리사업지구,20221008
경상남도 양산시 삼호동 블록,48330,11400,2,0000,0000,12645015,삼호지구토지구획정리사업지구내,4B,1L,3,용도구역코드,130,토지구획정리사업구역,1,0,,토지구획정리사업구역,20221008
경상남도 양산시 삼호동 블록,48330,11400,2,0000,0000,1264100031196,삼호 토지구획정리사업지구,8B,9L,1,용도지역코드,UQA220,일반상업지역,1,0,,일반상업지역,20221008
경상남도 양산시 삼호동 블록,48330,11400,2,0000,0000,1264100028732,삼호토지구획정리지구,4,9,1,용도지역코드,UQA122,제2종일반주거지역,1,0,,제2종일반주거지역,20221008
경상남도 양산시 삼호동 블록,48330,11400,2,0000,0000,1264100014696,삼호토지구획정리사업지구,1블록,32로트,1,용도지역코드,1022,제2종일반주거지역,1,0,,제2종일반주거지역,20221008
경상남도 양산시 삼호동 블록,48330,11400,2,0000,0000,1264100014696,삼호토지구획정리사업지구,1블록,32로트,2,용도지구코드,340,토지구획정리사업지구,1,0,,토지구획정리사업지구,20221008
경상남도 양산시 삼호동 블록,48330,11400,2,0000,0000,1264100018717,삼호지구,10,6,1,용도지역코드,1120,일반상업지역,1,0,,일반상업지역,20221008
경상남도 양산시 삼호동 블록,48330,11400,2,0000,0000,1264100018717,삼호지구,10,6,3,용도구역코드,390,도시개발구역,1,0,,도시개발구역,20221008
경상남도 양산시 삼호동 블록,48330,11400,2,0000,0000,1264100004505,삼호토지구획정리지구,8블럭,7로트,1,용도지역코드,1120,일반상업지역,1,0,,일반상업지역,20221008
경상남도 양산시 삼호동 블록,48330,11400,2,0000,0000,1264100004505,삼호토지구획정리지구,8블럭,7로트,2,용도지구코드,340,토지구획정리사업지구,1,0,,토지구획정리사업지구,20221008
경상남도 양산시 삼호동 블록,48330,11400,2,0000,0000,1000000000000000759406,삼호지구 주택지조성사업부지,5BL,4L,1,용도지역코드,UQA122,제2종일반주거지역,1,0,,제2종일반주거지역,20260824
경상남도 양산시 삼호동 블록,48330,11400,2,0000,0000,1000000000000000759406,삼호지구 주택지조성사업부지,5BL,4L,2,용도지구코드,UQG130,일반미관지구,1,0,,일반미관지구,20260824
경상남도 양산시 삼호동 블록,48330,11400,2,0000,0000,1264100014075,삼호지구 토지구획정리구역,9블록,12로트,1,용도지역코드,1120,일반상업지역,1,0,,일반상업지역,20221008
경상남도 양산시 삼호동 블록,48330,11400,2,0000,0000,1264100014075,삼호지구 토지구획정리구역,9블록,12로트,2,용도지구코드,340,토지구획정리사업지구,1,0,,토지구획정리사업지구,20221008
경상남도 양산시 삼호동 블록,48330,11400,2,0000,0000,1000000000000000759406,삼호지구 주택지조성사업부지,5BL,4L,1,용도지역코드,UQA122,제2종일반주거지역,1,0,,제2종일반주거지역,20250709
경상남도 양산시 삼호동 블록,48330,11400,2,0000,0000,1000000000000000759406,삼호지구 주택지조성사업부지,5BL,4L,2,용도지구코드,UQG130,일반미관지구,1,0,,일반미관지구,20250709
경상남도 양산시 삼호동 블록,48330,11400,2,0000,0000,1000000000000000661995,삼호구획정리지구,2블록,3로트,3,용도구역코드,UMZ100,가축사육제한구역,0,0,,가축사육제한구역,20250714
경상남도 양산시 삼호동 블록,48330,11400,2,0000,0000,1000000000000000661995,삼호구획정리지구,2블록,3로트,3,용도구역코드,UOA120,상대보호구역,1,0,,상대보호구역,20250714
경상남도 양산시 삼호동 블록,48330,11400,2,0000,0000,1000000000000000661995,삼호구획정리지구,2블록,3로트,1,용도지역코드,UQA122,제2종일반주거지역,1,0,,제2종일반주거지역,20250714
경상남도 양산시 삼호동 블록,48330,11400,2,0000,0000,1000000000000000661995,삼호구획정리지구,2블록,3로트,3,용도구역코드,UOA120,상대보호구역,1,0,,상대보호구역,20250408
경상남도 양산시 삼호동 블록,48330,11400,2,0000,0000,1000000000000000661995,삼호구획정리지구,2블록,3로트,1,용도지역코드,UQA122,제2종일반주거지역,1,0,,제2종일반주거지역,20250408
경상남도 양산시 삼호동 블록,48330,11400,2,0000,0000,1000000000000000661995,삼호구획정리지구,2블록,3로트,3,용도구역코드,UMZ100,가축사육제한구역,0,0,,가축사육제한구역,20250408
경상남도 양산시 삼호동 블록,48330,11400,2,0000,0000,12649082,삼호지구토지구획정리사업지구내,1,26,1,용도지역코드,1020,일반주거지역,1,0,,일반주거지역,20221008
경상남도 양산시 삼호동 블록,48330,11400,2,0000,0000,12649082,삼호지구토지구획정리사업지구내,1,26,2,용도지구코드,340,토지구획정리사업지구,1,0,,토지구획정리사업지구,20221008
경상남도 양산시 삼호동 블록,48330,11400,2,0000,0000,12649091,삼호토지구획정리지구,5블록,2롯트,1,용도지역코드,1022,제2종일반주거지역,1,0,,제2종일반주거지역,20221008
경상남도 양산시 삼호동 블록,48330,11400,2,0000,0000,12649091,삼호토지구획정리지구,5블록,2롯트,2,용도지구코드,340,토지구획정리사업지구,1,0,,토지구획정리사업지구,20221008
경상남도 양산시 삼호동 블록,48330,11400,2,0000,0000,1264100011812,삼호지구 토지구획정리사업지구내,1블록,12로트,1,용도지역코드,1022,제2종일반주거지역,1,0,,제2종일반주거지역,20221008
경상남도 양산시 삼호동 블록,48330,11400,2,0000,0000,1264100011812,삼호지구 토지구획정리사업지구내,1블록,12로트,3,용도구역코드,130,토지구획정리사업구역,1,0,,토지구획정리사업구역,20221008
경상남도 양산시 삼호동 블록,48330,11400,2,0000,0000,1264100100153,삼호지구 주택지조성사업부지,5BL,1L,1,용도지역코드,UQA122,제2종일반주거지역,1,0,,제2종일반주거지역,20221008
경상남도 양산시 삼호동 블록,48330,11400,2,0000,0000,1264100100153,삼호지구 주택지조성사업부지,5BL,1L,2,용도지구코드,UQG130,일반미관지구,1,0,,일반미관지구,20221008
경상남도 양산시 삼호동 블록,48330,11400,2,0000,0000,1000000000000000755905,삼호지구 주택지조성사업부지,5BL,1L,1,용도지역코드,UQA122,제2종일반주거지역,1,0,,제2종일반주거지역,20250630
경상남도 양산시 삼호동 블록,48330,11400,2,0000,0000,1000000000000000755905,삼호지구 주택지조성사업부지,5BL,1L,2,용도지구코드,UQG130,일반미관지구,1,0,,일반미관지구,20250630
경상남도 양산시 삼호동 블록,48330,11400,2,0000,0000,1000000000000000755905,삼호지구 주택지조성사업부지,5BL,1L,2,용도지구코드,UQG130,일반미관지구,1,0,,일반미관지구,20260824
경상남도 양산시 삼호동 블록,48330,11400,2,0000,0000,1000000000000000755905,삼호지구 주택지조성사업부지,5BL,1L,1,용도지역코드,UQA122,제2종일반주거지역,1,0,,제2종일반주거지역,20260824
경상남도 양산시 삼호동 블록,48330,11400,2,0000,0000,1264100005545,삼호토지구획정리사업지구,7,1,1,용도지역코드,1120,일반상업지역,1,0,,일반상업지역,20221008
경상남도 양산시 삼호동 블록,48330,11400,2,0000,0000,12647149,삼호지구 토지구획정리지구내,1,24,1,용도지역코드,1022,제2종일반주거지역,1,0,,제2종일반주거지역,20221008
경상남도 양산시 삼호동 블록,48330,11400,2,0000,0000,1264100017114,삼호지구 토지구획정리사업지구내,8,2,1,용도지역코드,1120,일반상업지역,1,0,,일반상업지역,20221008
경상남도 양산시 삼호동 블록,48330,11400,2,0000,0000,12647106,삼호토지구획정리지구,2,1-2,1,용도지역코드,1022,제2종일반주거지역,1,0,,제2종일반주거지역,20221008
경상남도 양산시 삼호동 블록,48330,11400,2,0000,0000,1264100019799,삼호지구,8,5-1,1,용도지역코드,1120,일반상업지역,1,0,,일반상업지역,20221008
경상남도 양산시 삼호동 블록,48330,11400,2,0000,0000,1264100020138,삼호지구 토지구획정리지구,6,2,1,용도지역코드,1120,일반상업지역,1,0,,일반상업지역,20221008
경상남도 양산시 삼호동 블록,48330,11400,2,0000,0000,1264100020138,삼호지구 토지구획정리지구,6,2,2,용도지구코드,340,토지구획정리사업지구,1,0,,토지구획정리사업지구,20221008
경상남도 양산시 삼호동 블록,48330,11400,2,0000,0000,1264100020138,삼호지구 토지구획정리지구,6,2,3,용도구역코드,980,용도구역미지정,1,0,,용도구역미지정,20221008
경상남도 양산시 삼호동 블록,48330,11400,2,0000,0000,1264100018757,삼호토지구획정리지구,4,9,1,용도지역코드,1022,제2종일반주거지역,1,0,,제2종일반주거지역,20221008
경상남도 양산시 삼호동 블록,48330,11400,2,0000,0000,1264100018757,삼호토지구획정리지구,4,9,3,용도구역코드,390,도시개발구역,1,0,,도시개발구역,20221008
경상남도 양산시 삼호동 블록,48330,11400,2,0000,0000,12645397,토지구획정리사업지구,1B,1L,1,용도지역코드,1022,제2종일반주거지역,1,0,,제2종일반주거지역,20221008
경상남도 양산시 삼호동 블록,48330,11400,2,0000,0000,12647009,삼호지구토지구획정리사업지구내,5,4,1,용도지역코드,1020,일반주거지역,1,0,,일반주거지역,20221008
경상남도 양산시 삼호동 블록,48330,11400,2,0000,0000,12647996,삼호지구,5B,11L,1,용도지역코드,1022,제2종일반주거지역,1,0,,제2종일반주거지역,20221008
경상남도 양산시 삼호동 블록,48330,11400,2,0000,0000,12647040,삼호토지구획정리지구 5B 8L,,,1,용도지역코드,1022,제2종일반주거지역,1,0,,제2종일반주거지역,20221008
경상남도 양산시 삼호동 블록,48330,11400,2,0000,0000,12647042,삼호지구,1,23,1,용도지역코드,1020,일반주거지역,1,0,,일반주거지역,20221008
경상남도 양산시 삼호동 블록,48330,11400,2,0000,0000,12647053,삼호지구 토지구획정리사업지구내,4,5,1,용도지역코드,1020,일반주거지역,1,0,,일반주거지역,20221008
경상남도 양산시 삼호동 블록,48330,11400,2,0000,0000,12647139,삼호토지구획정리지구,3,3,1,용도지역코드,1022,제2종일반주거지역,1,0,,제2종일반주거지역,20221008
경상남도 양산시 삼호동 블록,48330,11400,2,0000,0000,12645998,삼호지구토지구획정리사업지구,4B,1L,1,용도지역코드,1022,제2종일반주거지역,1,0,,제2종일반주거지역,20221008
경상남도 양산시 삼호동 블록,48330,11400,2,0000,0000,12645998,삼호지구토지구획정리사업지구,4B,1L,2,용도지구코드,340,토지구획정리사업지구,1,0,,토지구획정리사업지구,20221008
경상남도 양산시 삼호동 블록,48330,11400,2,0000,0000,12645998,삼호지구토지구획정리사업지구,4B,1L,3,용도구역코드,130,토지구획정리사업구역,1,0,,토지구획정리사업구역,20221008
경상남도 양산시 삼호동 블록,48330,11400,2,0000,0000,12646026,삼호지구 토지구획정리사업지구,2,1-2,1,용도지역코드,1022,제2종일반주거지역,1,0,,제2종일반주거지역,20221008
경상남도 양산시 삼호동 블록,48330,11400,2,0000,0000,12646026,삼호지구 토지구획정리사업지구,2,1-2,2,용도지구코드,340,토지구획정리사업지구,1,0,,토지구획정리사업지구,20221008
경상남도 양산시 삼호동 블록,48330,11400,2,0000,0000,12647750,삼호지구 토지구획정리사업지구,8,11,1,용도지역코드,1120,일반상업지역,1,0,,일반상업지역,20221008
경상남도 양산시 삼호동 블록,48330,11400,2,0000,0000,12647750,삼호지구 토지구획정리사업지구,8,11,2,용도지구코드,340,토지구획정리사업지구,1,0,,토지구획정리사업지구,20221008
경상남도 양산시 삼호동 블록,48330,11400,2,0000,0000,12646944,삼호토지구획정리지구 7B 1L,,,1,용도지역코드,1120,일반상업지역,1,0,,일반상업지역,20221008
경상남도 양산시 삼호동 블록,48330,11400,2,0000,0000,12648594,삼호구획정리지구,4,2,1,용도지역코드,1022,제2종일반주거지역,1,0,,제2종일반주거지역,20221008
경상남도 양산시 삼호동 블록,48330,11400,2,0000,0000,12648594,삼호구획정리지구,4,2,2,용도지구코드,980,용도지구미지정,1,0,,용도지구미지정,20221008
경상남도 양산시 삼호동 블록,48330,11400,2,0000,0000,12648594,삼호구획정리지구,4,2,3,용도구역코드,010,도시계획구역,1,0,,도시계획구역,20221008
경상남도 양산시 삼호동 블록,48330,11400,2,0000,0000,12648624,삼호토지구획정리지구 2B 1-5L,,,1,용도지역코드,1022,제2종일반주거지역,1,0,,제2종일반주거지역,20221008
경상남도 양산시 삼호동 블록,48330,11400,2,0000,0000,12648624,삼호토지구획정리지구 2B 1-5L,,,2,용도지구코드,340,토지구획정리사업지구,1,0,,토지구획정리사업지구,20221008
경상남도 양산시 삼호동 블록,48330,11400,2,0000,0000,12648690,삼호지구 구획정리,8,10,1,용도지역코드,1120,일반상업지역,1,0,,일반상업지역,20221008
경상남도 양산시 삼호동 블록,48330,11400,2,0000,0000,12648700,양산시 삼호지구 토지구획 정리사업 지구 내,1,28,1,용도지역코드,1022,제2종일반주거지역,1,0,,제2종일반주거지역,20221008
경상남도 양산시 삼호동 블록,48330,11400,2,0000,0000,12648700,양산시 삼호지구 토지구획 정리사업 지구 내,1,28,2,용도지구코드,340,토지구획정리사업지구,1,0,,토지구획정리사업지구,20221008
경상남도 양산시 삼호동 블록,48330,11400,2,0000,0000,12644945,삼호지구토지구획정리,3B,1L,1,용도지역코드,1022,제2종일반주거지역,1,0,,제2종일반주거지역,20221008
경상남도 양산시 삼호동 블록,48330,11400,2,0000,0000,12644945,삼호지구토지구획정리,3B,1L,2,용도지구코드,340,토지구획정리사업지구,1,0,,토지구획정리사업지구,20221008
경상남도 양산시 삼호동 블록,48330,11400,2,0000,0000,12645609,토지구획정리 사업지구,1,1,1,용도지역코드,1022,제2종일반주거지역,1,0,,제2종일반주거지역,20221008
경상남도 양산시 삼호동 블록,48330,11400,2,0000,0000,12645684,삼호일단의주택지조성사업지구 4B 8L,,,1,용도지역코드,1022,제2종일반주거지역,1,0,,제2종일반주거지역,20221008
경상남도 양산시 삼호동 블록,48330,11400,2,0000,0000,12645726,양산시 삼호지구 토지구획 정리사업 지구내,1,4,1,용도지역코드,1022,제2종일반주거지역,1,0,,제2종일반주거지역,20221008
경상남도 양산시 삼호동 블록,48330,11400,2,0000,0000,12645726,양산시 삼호지구 토지구획 정리사업 지구내,1,4,2,용도지구코드,340,토지구획정리사업지구,1,0,,토지구획정리사업지구,20221008
경상남도 양산시 삼호동 블록,48330,11400,2,0000,0000,12645609,토지구획정리 사업지구,1,1,2,용도지구코드,340,토지구획정리사업지구,1,0,,토지구획정리사업지구,20221008
경상남도 양산시 삼호동 블록,48330,11400,2,0000,0000,12646203,삼호지구일단의 주택지조성사업,5,11,1,용도지역코드,1022,제2종일반주거지역,1,0,,제2종일반주거지역,20221008
경상남도 양산시 삼호동 블록,48330,11400,2,0000,0000,12646203,삼호지구일단의 주택지조성사업,5,11,2,용도지구코드,340,토지구획정리사업지구,1,0,,토지구획정리사업지구,20221008
경상남도 양산시 삼호동 블록,48330,11400,2,0000,0000,12645543,삼호일단의주택지조성사업 5B 11L,,,1,용도지역코드,1020,일반주거지역,1,0,,일반주거지역,20221008
경상남도 양산시 삼호동 블록,48330,11400,2,0000,0000,12645543,삼호일단의주택지조성사업 5B 11L,,,2,용도지구코드,340,토지구획정리사업지구,1,0,,토지구획정리사업지구,20221008
경상남도 양산시 삼호동 블록,48330,11400,2,0000,0000,12645544,삼호지구일단의주택지조성사업 4B 1L,,,1,용도지역코드,1020,일반주거지역,1,0,,일반주거지역,20221008
경상남도 양산시 삼호동 블록,48330,11400,2,0000,0000,12645544,삼호지구일단의주택지조성사업 4B 1L,,,2,용도지구코드,340,토지구획정리사업지구,1,0,,토지구획정리사업지구,20221008
경상남도 양산시 삼호동 블록,48330,11400,2,0000,0000,12645683,삼호토지구획정리지구 4B 4L,,,1,용도지역코드,1022,제2종일반주거지역,1,0,,제2종일반주거지역,20221008
경상남도 양산시 삼호동 블록,48330,11400,2,0000,0000,12649155,토지구획정리지구,1,5,1,용도지역코드,1022,제2종일반주거지역,1,0,,제2종일반주거지역,20221008
경상남도 양산시 삼호동 블록,48330,11400,2,0000,0000,12649155,토지구획정리지구,1,5,2,용도지구코드,340,토지구획정리사업지구,1,0,,토지구획정리사업지구,20221008
경상남도 양산시 삼호동 블록,48330,11400,2,0000,0000,12649155,토지구획정리지구,1,5,3,용도구역코드,130,토지구획정리사업구역,1,0,,토지구획정리사업구역,20221008
경상남도 양산시 삼호동 블록,48330,11400,2,0000,0000,12643956,삼호토지구획정리지구 5B 5L,,,1,용도지역코드,1020,일반주거지역,1,0,,일반주거지역,20221008
경상남도 양산시 삼호동 블록,48330,11400,2,0000,0000,1264100027972,삼호지구토지구획정리사업지구내,6,5,1,용도지역코드,UQA200,상업지역,1,0,,상업지역,20221008
경상남도 양산시 삼호동 블록,48330,11400,2,0000,0000,12643956,삼호토지구획정리지구 5B 5L,,,2,용도지구코드,340,토지구획정리사업지구,1,0,,토지구획정리사업지구,20221008
경상남도 양산시 삼호동 블록,48330,11400,2,0000,0000,1264100027234,삼호토지구획정리사업지구,4,10,1,용도지역코드,UQA122,제2종일반주거지역,1,0,,제2종일반주거지역,20221008
경상남도 양산시 삼호동 블록,48330,11400,2,0000,0000,1264100029253,삼호토지구획정리사업지구,4블록,7로트,1,용도지역코드,UQA122,제2종일반주거지역,1,0,,제2종일반주거지역,20221008
경상남도 양산시 삼호동 블록,48330,11400,2,0000,0000,1264100033945,삼호토지구획정리사업지구,9블록,11로트,1,용도지역코드,UQA220,일반상업지역,1,0,,일반상업지역,20221008
경상남도 양산시 삼호동 블록,48330,11400,2,0000,0000,12643132,삼호지구 이단의 주택지 조성사업지내 3B 5L,,,1,용도지역코드,1020,일반주거지역,1,0,,일반주거지역,20221008
경상남도 양산시 삼호동 블록,48330,11400,2,0000,0000,1264100024889,,1블록,25로트,1,용도지역코드,UQA122,제2종일반주거지역,1,0,,제2종일반주거지역,20221008
경상남도 양산시 삼호동 블록,48330,11400,2,0000,0000,1264100031480,삼호토지구획정리사업지구,10블럭,4로트,1,용도지역코드,UQA220,일반상업지역,1,0,,일반상업지역,20221008
경상남도 양산시 삼호동 블록,48330,11400,2,0000,0000,1264100030217,삼호토지구획정리사업지구내,1,- 8,1,용도지역코드,UQA122,제2종일반주거지역,1,0,,제2종일반주거지역,20221008
경상남도 양산시 삼호동 블록,48330,11400,2,0000,0000,1264100020421,삼호지구토지구획정리지구,1,35,1,용도지역코드,1022,제2종일반주거지역,1,0,,제2종일반주거지역,20221008
경상남도 양산시 삼호동 블록,48330,11400,2,0000,0000,1264100021307,2B 1-2L,,,1,용도지역코드,1022,제2종일반주거지역,1,0,,제2종일반주거지역,20221008
경상남도 양산시 삼호동 블록,48330,11400,2,0000,0000,1264100027350,삼호토지구획정리사업지구내,9,- 8,1,용도지역코드,UQA220,일반상업지역,1,0,,일반상업지역,20221008
경상남도 양산시 삼호동 블록,48330,11400,2,0000,0000,1264100007425,,1블록,25로트,1,용도지역코드,1022,제2종일반주거지역,1,0,,제2종일반주거지역,20221008
경상남도 양산시 삼호동 블록,48330,11400,2,0000,0000,1264100033384,삼호토지구획정리사업지구,9,1,1,용도지역코드,UQA220,일반상업지역,1,0,,일반상업지역,20221008
경상남도 양산시 삼호동 블록,48330,11400,2,0000,0000,1264100019465,삼호지구,10,6,1,용도지역코드,1120,일반상업지역,1,0,,일반상업지역,20221008
경상남도 양산시 삼호동 블록,48330,11400,2,0000,0000,1264100019465,삼호지구,10,6,3,용도구역코드,390,도시개발구역,1,0,,도시개발구역,20221008
경상남도 양산시 삼호동 블록,48330,11400,2,0000,0000,1264100034414,토지구획정리사업지구,6블럭,1롯트,1,용도지역코드,UQA220,일반상업지역,1,0,,일반상업지역,20221008
경상남도 양산시 삼호동 블록,48330,11400,2,0000,0000,1264100016714,삼호토지구획정리지구,1B,26L,1,용도지역코드,UQA122,제2종일반주거지역,1,0,,제2종일반주거지역,20221008
경상남도 양산시 삼호동 블록,48330,11400,2,0000,0000,1264914,삼호토지구획정리지구 4B 10L,,,1,용도지역코드,1020,일반주거지역,1,0,,일반주거지역,20221008
경상남도 양산시 삼호동 블록,48330,11400,2,0000,0000,1264100018960,삼호지구토지구획정리사업지구,9블럭,6-1로트,1,용도지역코드,1120,일반상업지역,1,0,,일반상업지역,20221008
경상남도 양산시 삼호동 블록,48330,11400,2,0000,0000,1264100018960,삼호지구토지구획정리사업지구,9블럭,6-1로트,2,용도지구코드,340,토지구획정리사업지구,1,0,,토지구획정리사업지구,20221008
경상남도 양산시 삼호동 블록,48330,11400,2,0000,0000,1264100032096,삼호지구 토지구획정리사업 지구내,1,3,1,용도지역코드,UQA122,제2종일반주거지역,1,0,,제2종일반주거지역,20221008
경상남도 양산시 삼호동 블록,48330,11400,2,0000,0000,12649257,"삼호토지구획정리지구 1B 28L, 1B 29L",,,1,용도지역코드,1022,제2종일반주거지역,1,0,,제2종일반주거지역,20221008
경상남도 양산시 삼호동 블록,48330,11400,2,0000,0000,12649257,"삼호토지구획정리지구 1B 28L, 1B 29L",,,2,용도지구코드,340,토지구획정리사업지구,1,0,,토지구획정리사업지구,20221008
경상남도 양산시 삼호동 블록,48330,11400,2,0000,0000,1264100006245,삼호지구 토지구획 정리지구내,9,3,1,용도지역코드,1120,일반상업지역,1,0,,일반상업지역,20221008
경상남도 양산시 삼호동 블록,48330,11400,2,0000,0000,1264100009409,삼호지구 토지구획정리사업지구내,8,1,1,용도지역코드,1120,일반상업지역,1,0,,일반상업지역,20221008
경상남도 양산시 삼호동 블록,48330,11400,2,0000,0000,1264100009409,삼호지구 토지구획정리사업지구내,8,1,2,용도지구코드,980,용도지구미지정,1,0,,용도지구미지정,20221008
경상남도 양산시 삼호동 블록,48330,11400,2,0000,0000,1264100009409,삼호지구 토지구획정리사업지구내,8,1,3,용도구역코드,980,용도구역미지정,1,0,,용도구역미지정,20221008
경상남도 양산시 삼호동 블록,48330,11400,2,0000,0000,12647788,양산시 삼호지구 토지구획정리사업지구내,9,6-1,1,용도지역코드,1120,일반상업지역,1,0,,일반상업지역,20221008
경상남도 양산시 삼호동 블록,48330,11400,2,0000,0000,12647788,양산시 삼호지구 토지구획정리사업지구내,9,6-1,2,용도지구코드,340,토지구획정리사업지구,1,0,,토지구획정리사업지구,20221008
경상남도 양산시 삼호동 블록,48330,11400,2,0000,0000,12649026,삼호지구토지구획정리지구내,1,37,1,용도지역코드,1020,일반주거지역,0,0,,일반주거지역,20221008
경상남도 양산시 삼호동 블록,48330,11400,2,0000,0000,12649026,삼호지구토지구획정리지구내,1,37,1,용도지역코드,1022,제2종일반주거지역,1,0,,제2종일반주거지역,20221008
경상남도 양산시 삼호동 블록,48330,11400,2,0000,0000,12649026,삼호지구토지구획정리지구내,1,37,2,용도지구코드,340,토지구획정리사업지구,1,0,,토지구획정리사업지구,20221008
경상남도 양산시 삼호동 블록,48330,11400,2,0000,0000,1264100009410,삼호지구 토지구획정리사업지구내,1,24,3,용도구역코드,980,용도구역미지정,1,0,,용도구역미지정,20221008
경상남도 양산시 삼호동 블록,48330,11400,2,0000,0000,12649260,삼호토지구획정리지구내,10,1,1,용도지역코드,1120,일반상업지역,1,0,,일반상업지역,20221008
경상남도 양산시 삼호동 블록,48330,11400,2,0000,0000,12649260,삼호토지구획정리지구내,10,1,2,용도지구코드,340,토지구획정리사업지구,1,0,,토지구획정리사업지구,20221008
경상남도 양산시 삼호동 블록,48330,11400,2,0000,0000,12649198,토지구획정리지구,9,13,1,용도지역코드,1120,일반상업지역,1,0,,일반상업지역,20221008
경상남도 양산시 삼호동 블록,48330,11400,2,0000,0000,12649198,토지구획정리지구,9,13,2,용도지구코드,340,토지구획정리사업지구,1,0,,토지구획정리사업지구,20221008
경상남도 양산시 삼호동 블록,48330,11400,2,0000,0000,12649198,토지구획정리지구,9,13,3,용도구역코드,130,토지구획정리사업구역,1,0,,토지구획정리사업구역,20221008
경상남도 양산시 삼호동 블록,48330,11400,2,0000,0000,12649167,양산시 삼호지구토지구획정리지구,1,34,1,용도지역코드,1022,제2종일반주거지역,1,0,,제2종일반주거지역,20221008
경상남도 양산시 삼호동 블록,48330,11400,2,0000,0000,12649167,양산시 삼호지구토지구획정리지구,1,34,2,용도지구코드,340,토지구획정리사업지구,1,0,,토지구획정리사업지구,20221008
경상남도 양산시 삼호동 블록,48330,11400,2,0000,0000,12649094,삼호토지구획정리지구 1B 6L,,,1,용도지역코드,1022,제2종일반주거지역,1,0,,제2종일반주거지역,20221008
경상남도 양산시 삼호동 블록,48330,11400,2,0000,0000,12649094,삼호토지구획정리지구 1B 6L,,,3,용도구역코드,390,도시개발구역,1,0,,도시개발구역,20221008
경상남도 양산시 삼호동 블록,48330,11400,2,0000,0000,12649235,삼호토지구획정리사업지구,6B,5L,1,용도지역코드,1120,일반상업지역,1,0,,일반상업지역,20221008
경상남도 양산시 삼호동 블록,48330,11400,2,0000,0000,1264100009410,삼호지구 토지구획정리사업지구내,1,24,1,용도지역코드,1022,제2종일반주거지역,1,0,,제2종일반주거지역,20221008
경상남도 양산시 삼호동 블록,48330,11400,2,0000,0000,1264100009410,삼호지구 토지구획정리사업지구내,1,24,2,용도지구코드,980,용도지구미지정,1,0,,용도지구미지정,20221008
경상남도 양산시 삼호동 블록,48330,11400,2,0000,0000,12649115,삼호지구토지구획정리,10,7,1,용도지역코드,1120,일반상업지역,1,0,,일반상업지역,20221008
경상남도 양산시 삼호동 블록,48330,11400,2,0000,0000,12649115,삼호지구토지구획정리,10,7,3,용도구역코드,390,도시개발구역,1,0,,도시개발구역,20221008
경상남도 양산시 삼호동 블록,48330,11400,2,0000,0000,12648710,삼호일단의주택지조성사업지구 1B 7L,,,1,용도지역코드,1022,제2종일반주거지역,1,0,,제2종일반주거지역,20221008
경상남도 양산시 삼호동 블록,48330,11400,2,0000,0000,12649259,삼호지구토지구획정리지구내,9,12,1,용도지역코드,1120,일반상업지역,1,0,,일반상업지역,20221008
경상남도 양산시 삼호동 블록,48330,11400,2,0000,0000,12649259,삼호지구토지구획정리지구내,9,12,2,용도지구코드,340,토지구획정리사업지구,1,0,,토지구획정리사업지구,20221008
경상남도 양산시 삼호동 블록,48330,11400,2,0000,0000,1264100003846,삼호토지구획정리지구,2,1-2,1,용도지역코드,1022,제2종일반주거지역,1,0,,제2종일반주거지역,20221008
경상남도 양산시 삼호동 블록,48330,11400,2,0000,0000,12649196,삼호지구토지구획정리지구내,9,12,1,용도지역코드,1120,일반상업지역,1,0,,일반상업지역,20221008
경상남도 양산시 삼호동 블록,48330,11400,2,0000,0000,12649196,삼호지구토지구획정리지구내,9,12,2,용도지구코드,340,토지구획정리사업지구,1,0,,토지구획정리사업지구,20221008
경상남도 양산시 삼호동 블록,48330,11400,2,0000,0000,12649203,삼호지구토지구획정리사업지구내,1,26,1,용도지역코드,1020,일반주거지역,1,0,,일반주거지역,20221008
경상남도 양산시 삼호동 블록,48330,11400,2,0000,0000,12649203,삼호지구토지구획정리사업지구내,1,26,2,용도지구코드,340,토지구획정리사업지구,1,0,,토지구획정리사업지구,20221008
경상남도 양산시 삼호동 블록,48330,11400,2,0000,0000,1264100019856,삼호택지구획정리지구,1,27,1,용도지역코드,1022,제2종일반주거지역,1,0,,제2종일반주거지역,20221008
경상남도 양산시 삼호동 블록,48330,11400,2,0000,0000,1264100021221,삼호토지구획정리사업지구,1블록,"9,10놋트",1,용도지역코드,1022,제2종일반주거지역,1,0,,제2종일반주거지역,20221008
경상남도 양산시 삼호동 블록,48330,11400,2,0000,0000,12648751,삼호지구 토지구획사업지구,3,4,1,용도지역코드,1022,제2종일반주거지역,1,0,,제2종일반주거지역,20221008
경상남도 양산시 삼호동 블록,48330,11400,2,0000,0000,12648753,양산시 삼호지구,1,1,1,용도지역코드,1022,제2종일반주거지역,1,0,,제2종일반주거지역,20221008
경상남도 양산시 삼호동 블록,48330,11400,2,0000,0000,12648753,양산시 삼호지구,1,1,2,용도지구코드,340,토지구획정리사업지구,1,0,,토지구획정리사업지구,20221008
경상남도 양산시 삼호동 블록,48330,11400,2,0000,0000,12649144,삼호일단주택지조성사업지구,2블록,6로트,1,용도지역코드,1022,제2종일반주거지역,1,0,,제2종일반주거지역,20221008
경상남도 양산시 삼호동 블록,48330,11400,2,0000,0000,12649144,삼호일단주택지조성사업지구,2블록,6로트,2,용도지구코드,340,토지구획정리사업지구,1,0,,토지구획정리사업지구,20221008
경상남도 양산시 삼호동 블록,48330,11400,2,0000,0000,1264100012391,삼호지구 토지구획정리사업지구내,1,31,1,용도지역코드,1022,제2종일반주거지역,1,0,,제2종일반주거지역,20221008
경상남도 양산시 삼호동 블록,48330,11400,2,0000,0000,1264100012391,삼호지구 토지구획정리사업지구내,1,31,2,용도지구코드,980,용도지구미지정,1,0,,용도지구미지정,20221008
경상남도 양산시 삼호동 블록,48330,11400,2,0000,0000,1264100012391,삼호지구 토지구획정리사업지구내,1,31,3,용도구역코드,980,용도구역미지정,1,0,,용도구역미지정,20221008
경상남도 양산시 삼호동 블록,48330,11400,2,0000,0000,12649087,삼호토지구획정리지구,5-,3,1,용도지역코드,1022,제2종일반주거지역,1,0,,제2종일반주거지역,20221008
경상남도 양산시 삼호동 블록,48330,11400,2,0000,0000,12649087,삼호토지구획정리지구,5-,3,2,용도지구코드,340,토지구획정리사업지구,1,0,,토지구획정리사업지구,20221008
경상남도 양산시 삼호동 블록,48330,11400,2,0000,0000,1264100005405,삼호지구,10,6,1,용도지역코드,1120,일반상업지역,1,0,,일반상업지역,20221008
경상남도 양산시 삼호동 블록,48330,11400,2,0000,0000,1264100005405,삼호지구,10,6,3,용도구역코드,390,도시개발구역,1,0,,도시개발구역,20221008
경상남도 양산시 삼호동 블록,48330,11400,2,0000,0000,12647864,삼호지구 토지구획 정리지구,1,25,1,용도지역코드,1022,제2종일반주거지역,1,0,,제2종일반주거지역,20221008
경상남도 양산시 삼호동 블록,48330,11400,2,0000,0000,1264100006188,삼호지구토지구획정리지구,1,35,1,용도지역코드,1022,제2종일반주거지역,1,0,,제2종일반주거지역,20221008
경상남도 양산시 삼호동 블록,48330,11400,2,0000,0000,1264100006188,삼호지구토지구획정리지구,1,35,2,용도지구코드,340,토지구획정리사업지구,1,0,,토지구획정리사업지구,20221008
경상남도 양산시 삼호동 블록,48330,11400,2,0000,0000,1264100009209,토지구획정리지구,1,33,1,용도지역코드,1022,제2종일반주거지역,1,0,,제2종일반주거지역,20221008
경상남도 양산시 삼호동 블록,48330,11400,2,0000,0000,1264100007349,삼호지구토지구획정리지구내,9,4,1,용도지역코드,1120,일반상업지역,1,0,,일반상업지역,20221008
경상남도 양산시 삼호동 블록,48330,11400,2,0000,0000,12647128,삼호지구토지구획정리사업지구내,9,12,1,용도지역코드,1120,일반상업지역,1,0,,일반상업지역,20221008
경상남도 양산시 삼호동 블록,48330,11400,2,0000,0000,12647128,삼호지구토지구획정리사업지구내,9,12,2,용도지구코드,340,토지구획정리사업지구,1,0,,토지구획정리사업지구,20221008
경상남도 양산시 삼호동 블록1-35번지,48330,11400,2,0001,0035,12644040,삼호지구 토지구획 정리사업 지구내,1,35,1,용도지역코드,1022,제2종일반주거지역,1,0,,제2종일반주거지역,20221008
경상남도 양산시 삼호동 블록1-35번지,48330,11400,2,0001,0035,12644040,삼호지구 토지구획 정리사업 지구내,1,35,2,용도지구코드,340,토지구획정리사업지구,1,0,,토지구획정리사업지구,20221008
경상남도 양산시 삼호동 블록2-1번지,48330,11400,2,0002,0001,12645565,삼호지구,2,1-1,1,용도지역코드,1020,일반주거지역,1,0,,일반주거지역,20221008
경상남도 양산시 삼호동 블록2-1번지,48330,11400,2,0002,0001,12645565,삼호지구,2,1-1,2,용도지구코드,340,토지구획정리사업지구,1,0,,토지구획정리사업지구,20221008
경상남도 양산시 삼호동 블록4-9번지,48330,11400,2,0004,0009,12643479,,,,1,용도지역코드,1020,일반주거지역,1,0,,일반주거지역,20221008
경상남도 양산시 삼호동 블록4-9번지,48330,11400,2,0004,0009,12643479,,,,2,용도지구코드,340,토지구획정리사업지구,1,0,,토지구획정리사업지구,20221008
경상남도 양산시 삼호동 블록4-9번지,48330,11400,2,0004,0009,12643479,,,,3,용도구역코드,010,도시계획구역,1,0,,도시계획구역,20221008
경상남도 양산시 삼호동 블록4-9번지,48330,11400,2,0004,0009,12643479,,,,3,용도구역코드,130,토지구획정리사업구역,0,0,,토지구획정리사업구역,20221008
경상남도 양산시 삼호동 488-1번지,48330,11400,,0488,0001,12643480,,,,1,용도지역코드,1020,일반주거지역,1,0,,일반주거지역,20221008
경상남도 양산시 삼호동 488-1번지,48330,11400,,0488,0001,12643480,,,,2,용도지구코드,160,택지개발지구,1,0,,택지개발지구,20221008
