대지위치,시군구코드,법정동코드,대지구분코드,번,지,관리허가대장PK,특수지명,블록,로트,지역지구구역구분코드,지역지구구역구분코드명,지역지구구역코드,지역지구구역코드명,대표여부,주동구분코드,주동구분코드명,지역지구구역명,생성일자
경상남도 양산시 물금읍 범어리 220-4번지,48330,25324,0,0220,0004,12649375,,,,1,용도지역코드,1030,준주거지역,1,0,,준주거지역,20221008
경상남도 양산시 물금읍 범어리 236-1번지,48330,25324,0,0236,0001,12649393,,,,1,용도지역코드,1021,제1종일반주거지역,1,0,,제1종일반주거지역,20221008
경상남도 양산시 물금읍 범어리 237-8번지,48330,25324,0,0237,0008,12649379,,,,1,용도지역코드,1021,제1종일반주거지역,1,0,,제1종일반주거지역,20221008
경상남도 양산시 물금읍 범어리 238-2번지,48330,25324,0,0238,0002,12649407,,,,1,용도지역코드,1021,제1종일반주거지역,1,0,,제1종일반주거지역,20221008
경상남도 양산시 물금읍 범어리 238-2번지,48330,25324,0,0238,0002,12649407,,,,3,용도구역코드,301,제1종지구단위계획구역,1,0,,제1종지구단위계획구역,20221008
경상남도 양산시 물금읍 범어리 385-1번지,48330,25324,0,0385,0001,1264100052008,,,,1,용도지역코드,UQA122,제2종일반주거지역,1,0,,제2종일반주거지역,20221008
경상남도 양산시 물금읍 범어리 385-1번지,48330,25324,0,0385,0001,1264100052009,,,,1,용도지역코드,UQA122,제2종일반주거지역,1,0,,제2종일반주거지역,20221008
경상남도 양산시 물금읍 범어리 385-1번지,48330,25324,0,0385,0001,1264100124381,,,,1,용도지역코드,UQA122,제2종일반주거지역,1,0,,제2종일반주거지역,20221008
경상남도 양산시 물금읍 범어리 385-1번지,48330,25324,0,0385,0001,1264100124381,,,,3,용도구역코드,UOA110,절대정화구역,1,0,,절대보호구역,20221008
경상남도 양산시 물금읍 범어리 385-4번지,48330,25324,0,0385,0004,1000000000000000792982,,,,1,용도지역코드,UQA122,제2종일반주거지역,1,0,,제2종일반주거지역,20260313
경상남도 양산시 물금읍 범어리 385-6번지,48330,25324,0,0385,0006,1264100074859,,,,1,용도지역코드,UQA122,제2종일반주거지역,1,0,,제2종일반주거지역,20221008
경상남도 양산시 물금읍 범어리 385-6번지,48330,25324,0,0385,0006,1264100074859,,,,3,용도구역코드,UOA110,절대정화구역,1,0,,절대정화구역,20221008
경상남도 양산시 물금읍 범어리 385-6번지,48330,25324,0,0385,0006,1264100059798,,,,1,용도지역코드,UQA122,제2종일반주거지역,1,0,,제2종일반주거지역,20221008
경상남도 양산시 물금읍 범어리 385-6번지,48330,25324,0,0385,0006,12641136,,,,1,용도지역코드,1020,일반주거지역,1,0,,일반주거지역,20221008
경상남도 양산시 물금읍 범어리 385-7번지,48330,25324,0,0385,0007,1000000000000000711764,,,,1,용도지역코드,UQA122,제2종일반주거지역,1,0,,제2종일반주거지역,20250723
경상남도 양산시 물금읍 범어리 385-7번지,48330,25324,0,0385,0007,1264100154354,,,,1,용도지역코드,UQA122,제2종일반주거지역,1,0,,제2종일반주거지역,20221008
경상남도 양산시 물금읍 범어리 385-7번지,48330,25324,0,0385,0007,1264100154354,,,,3,용도구역코드,UOA120,상대보호구역,1,0,,상대보호구역,20221008
경상남도 양산시 물금읍 범어리 385-7번지,48330,25324,0,0385,0007,1264100154354,,,,3,용도구역코드,UOA110,절대정화구역,0,0,,절대보호구역,20221008
경상남도 양산시 물금읍 범어리 385-7번지,48330,25324,0,0385,0007,12643786,,,,1,용도지역코드,1020,일반주거지역,1,0,,일반주거지역,20221008
경상남도 양산시 물금읍 범어리 385-8번지,48330,25324,0,0385,0008,1264100068500,,,,1,용도지역코드,UQA122,제2종일반주거지역,1,0,,제2종일반주거지역,20221008
경상남도 양산시 물금읍 범어리 385-8번지,48330,25324,0,0385,0008,1264100068500,,,,3,용도구역코드,UOA120,상대보호구역,1,0,,상대정화구역,20221008
경상남도 양산시 물금읍 범어리 385-8번지,48330,25324,0,0385,0008,1264100068500,,,,3,용도구역코드,UOA110,절대정화구역,0,0,,절대정화구역,20221008
경상남도 양산시 물금읍 범어리 385-10번지,48330,25324,0,0385,0010,1000000000000000641685,,,,3,용도구역코드,UOA110,절대정화구역,0,0,,절대보호구역,20241223
경상남도 양산시 물금읍 범어리 385-10번지,48330,25324,0,0385,0010,1000000000000000641685,,,,3,용도구역코드,UOA120,상대보호구역,1,0,,상대보호구역,20241223
경상남도 양산시 물금읍 범어리 385-10번지,48330,25324,0,0385,0010,1000000000000000641685,,,,1,용도지역코드,UQA122,제2종일반주거지역,1,0,,제2종일반주거지역,20241223
경상남도 양산시 물금읍 범어리 385-10번지,48330,25324,0,0385,0010,1264100058392,,,,1,용도지역코드,UQA122,제2종일반주거지역,1,0,,제2종일반주거지역,20221008
경상남도 양산시 물금읍 범어리 385-10번지,48330,25324,0,0385,0010,1264100058392,,,,3,용도구역코드,UOA110,절대정화구역,1,0,,절대정화구역,20221008
경상남도 양산시 물금읍 범어리 385-28번지,48330,25324,0,0385,0028,1000000000000000631768,,,,1,용도지역코드,UQA122,제2종일반주거지역,1,0,,제2종일반주거지역,20241205
경상남도 양산시 물금읍 범어리 386-1번지,48330,25324,0,0386,0001,1264100013573,,,,1,용도지역코드,1022,제2종일반주거지역,1,0,,제2종일반주거지역,20221008
경상남도 양산시 물금읍 범어리 386-1번지,48330,25324,0,0386,0001,126437,,,,1,용도지역코드,1020,일반주거지역,1,0,,일반주거지역,20221008
경상남도 양산시 물금읍 범어리 386-1번지,48330,25324,0,0386,0001,12641339,,386,1,1,용도지역코드,1020,일반주거지역,1,0,,일반주거지역,20221008
경상남도 양산시 물금읍 범어리 386-1번지,48330,25324,0,0386,0001,1264860,경상남도 양산시 물금읍 범어리,386,1,1,용도지역코드,1020,일반주거지역,1,0,,일반주거지역,20221008
경상남도 양산시 물금읍 범어리 387-3번지,48330,25324,0,0387,0003,1264100082622,,,,1,용도지역코드,UQA122,제2종일반주거지역,1,0,,제2종일반주거지역,20221008
경상남도 양산시 물금읍 범어리 387-3번지,48330,25324,0,0387,0003,1264100082622,,,,3,용도구역코드,UOA120,상대보호구역,1,0,,상대정화구역,20221008
경상남도 양산시 물금읍 범어리 387-3번지,48330,25324,0,0387,0003,1264100082622,,,,3,용도구역코드,UOA110,절대정화구역,0,0,,절대정화구역,20221008
경상남도 양산시 물금읍 범어리 387-3번지,48330,25324,0,0387,0003,1264100037442,,,,1,용도지역코드,UQA122,제2종일반주거지역,1,0,,제2종일반주거지역,20221008
경상남도 양산시 물금읍 범어리 387-3번지,48330,25324,0,0387,0003,1264100009229,,,,1,용도지역코드,1022,제2종일반주거지역,1,0,,제2종일반주거지역,20221008
경상남도 양산시 물금읍 범어리 388-4번지,48330,25324,0,0388,0004,126462,,,,1,용도지역코드,1330,자연녹지지역,1,0,,자연녹지지역,20221008
경상남도 양산시 물금읍 범어리 388-11번지,48330,25324,0,0388,0011,1000000000000000370688,,,,3,용도구역코드,UMZ100,가축사육제한구역,1,0,,가축사육제한구역,20250702
경상남도 양산시 물금읍 범어리 388-11번지,48330,25324,0,0388,0011,1000000000000000370688,,,,1,용도지역코드,UQA123,제3종일반주거지역,1,0,,제3종일반주거지역,20250702
경상남도 양산시 물금읍 범어리 388-11번지,48330,25324,0,0388,0011,1000000000000000370688,,,,3,용도구역코드,UOA120,상대보호구역,0,0,,상대보호구역,20250702
경상남도 양산시 물금읍 범어리 404-4번지,48330,25324,0,0404,0004,1264100157930,,,,3,용도구역코드,UOA120,상대보호구역,1,0,,상대보호구역,20230426
경상남도 양산시 물금읍 범어리 404-4번지,48330,25324,0,0404,0004,1264100157930,,,,1,용도지역코드,UQA123,제3종일반주거지역,1,0,,제3종일반주거지역,20230426
경상남도 양산시 물금읍 범어리 404-4번지,48330,25324,0,0404,0004,1264100154192,,,,1,용도지역코드,UQA123,제3종일반주거지역,1,0,,제3종일반주거지역,20221008
경상남도 양산시 물금읍 범어리 404-4번지,48330,25324,0,0404,0004,1264100154192,,,,3,용도구역코드,UOA120,상대보호구역,1,0,,상대보호구역,20221008
경상남도 양산시 물금읍 범어리 404-5번지,48330,25324,0,0404,0005,1264100157931,,,,1,용도지역코드,UQA123,제3종일반주거지역,1,0,,제3종일반주거지역,20230426
경상남도 양산시 물금읍 범어리 404-5번지,48330,25324,0,0404,0005,1264100157931,,,,3,용도구역코드,UOA120,상대보호구역,1,0,,상대보호구역,20230426
경상남도 양산시 물금읍 범어리 404-5번지,48330,25324,0,0404,0005,1264100154191,,,,1,용도지역코드,UQA123,제3종일반주거지역,1,0,,제3종일반주거지역,20221008
경상남도 양산시 물금읍 범어리 404-5번지,48330,25324,0,0404,0005,1264100154191,,,,3,용도구역코드,UOA120,상대보호구역,1,0,,상대보호구역,20221008
경상남도 양산시 물금읍 범어리 413-9번지,48330,25324,0,0413,0009,1264100137285,,,,1,용도지역코드,UQA123,제3종일반주거지역,1,0,,제3종일반주거지역,20221008
경상남도 양산시 물금읍 범어리 413-9번지,48330,25324,0,0413,0009,1264100137285,,,,3,용도구역코드,UOA120,상대보호구역,1,0,,상대보호구역,20221008
경상남도 양산시 물금읍 범어리 413-9번지,48330,25324,0,0413,0009,1264100137285,,,,3,용도구역코드,UMZ000,가축사육제한구역미분류,0,0,,가축사육제한구역미분류,20221008
경상남도 양산시 물금읍 범어리 413-10번지,48330,25324,0,0413,0010,1264100137286,,,,1,용도지역코드,UQA123,제3종일반주거지역,1,0,,제3종일반주거지역,20221008
경상남도 양산시 물금읍 범어리 413-10번지,48330,25324,0,0413,0010,1264100137286,,,,3,용도구역코드,UOA120,상대보호구역,1,0,,상대보호구역,20221008
경상남도 양산시 물금읍 범어리 413-10번지,48330,25324,0,0413,0010,1264100137286,,,,3,용도구역코드,UMZ100,가축사육제한구역,0,0,,가축사육제한구역,20221008
경상남도 양산시 물금읍 범어리 413-15번지,48330,25324,0,0413,0015,1264100154211,,,,1,용도지역코드,UQA123,제3종일반주거지역,1,0,,제3종일반주거지역,20221008
경상남도 양산시 물금읍 범어리 413-15번지,48330,25324,0,0413,0015,1264100154211,,,,3,용도구역코드,UOA120,상대보호구역,1,0,,상대보호구역,20221008
경상남도 양산시 물금읍 범어리 436-8번지,48330,25324,0,0436,0008,12649370,,,,1,용도지역코드,1021,제1종일반주거지역,1,0,,제1종일반주거지역,20221008
경상남도 양산시 물금읍 범어리 436-9번지,48330,25324,0,0436,0009,1264100025898,,,,1,용도지역코드,UQA121,제1종일반주거지역,1,0,,제1종일반주거지역,20221008
경상남도 양산시 물금읍 범어리 451-6번지,48330,25324,0,0451,0006,1264100033526,,,,1,용도지역코드,UQA121,제1종일반주거지역,1,0,,제1종일반주거지역,20221008
경상남도 양산시 물금읍 범어리 451-6번지,48330,25324,0,0451,0006,1264100033526,,,,3,용도구역코드,UQQ310,제1종지구단위계획구역,1,0,,제1종지구단위계획구역,20221008
경상남도 양산시 물금읍 범어리 453-1번지,48330,25324,0,0453,0001,1264100057131,,,,1,용도지역코드,UQA430,자연녹지지역,1,0,,자연녹지지역,20221008
경상남도 양산시 물금읍 범어리 453-1번지,48330,25324,0,0453,0001,1264100057131,,,,3,용도구역코드,UOA120,상대보호구역,1,0,,상대정화구역,20221008
경상남도 양산시 물금읍 범어리 477-2번지,48330,25324,0,0477,0002,1264100023313,,,,1,용도지역코드,UQA122,제2종일반주거지역,1,0,,제2종일반주거지역,20221008
경상남도 양산시 물금읍 범어리 477-2번지,48330,25324,0,0477,0002,1264100023313,,,,3,용도구역코드,UOA120,상대보호구역,1,0,,상대정화구역,20221008
경상남도 양산시 물금읍 범어리 477-22번지,48330,25324,0,0477,0022,1264100033364,,,,1,용도지역코드,UQA122,제2종일반주거지역,1,0,,제2종일반주거지역,20221008
경상남도 양산시 물금읍 범어리 500번지,48330,25324,0,0500,0000,1264577,경상남도 양산시 물금읍 범어리,500,,1,용도지역코드,1330,자연녹지지역,1,0,,자연녹지지역,20221008
경상남도 양산시 물금읍 범어리 501번지,48330,25324,0,0501,0000,1000000000000000698693,,,,3,용도구역코드,UQQ300,지구단위계획구역,1,0,,지구단위계획구역,20250408
경상남도 양산시 물금읍 범어리 501번지,48330,25324,0,0501,0000,1000000000000000698693,,,,3,용도구역코드,UMZ100,가축사육제한구역,0,0,,가축사육제한구역,20250408
경상남도 양산시 물금읍 범어리 501번지,48330,25324,0,0501,0000,1000000000000000698693,,,,3,용도구역코드,UOA120,상대보호구역,0,0,,상대보호구역,20250408
경상남도 양산시 물금읍 범어리 501번지,48330,25324,0,0501,0000,1000000000000000698693,,,,1,용도지역코드,UQA121,제1종일반주거지역,1,0,,제1종일반주거지역,20250408
경상남도 양산시 물금읍 범어리 501번지,48330,25324,0,0501,0000,1264100025809,,,,1,용도지역코드,UQA121,제1종일반주거지역,1,0,,제1종일반주거지역,20221008
경상남도 양산시 물금읍 범어리 501번지,48330,25324,0,0501,0000,1264100016594,,,,1,용도지역코드,1021,제1종일반주거지역,1,0,,제1종일반주거지역,20221008
경상남도 양산시 물금읍 범어리 502-3번지,48330,25324,0,0502,0003,1000000000000000957515,,,,3,용도구역코드,UQQ300,지구단위계획구역,1,0,,지구단위계획구역,20260527
경상남도 양산시 물금읍 범어리 502-3번지,48330,25324,0,0502,0003,1000000000000000957515,,,,1,용도지역코드,UQA123,제3종일반주거지역,1,0,,제3종일반주거지역,20260527
경상남도 양산시 물금읍 범어리 502-3번지,48330,25324,0,0502,0003,1000000000000000957515,,,,3,용도구역코드,UDT100,정비구역,0,0,,정비구역,20260527
경상남도 양산시 물금읍 범어리 502-3번지,48330,25324,0,0502,0003,1000000000000000955292,,,,3,용도구역코드,UDT100,정비구역,1,0,,정비구역,20260522
경상남도 양산시 물금읍 범어리 502-3번지,48330,25324,0,0502,0003,1000000000000000955292,,,,3,용도구역코드,UQQ300,지구단위계획구역,0,0,,지구단위계획구역,20260522
경상남도 양산시 물금읍 범어리 502-3번지,48330,25324,0,0502,0003,1000000000000000955292,,,,1,용도지역코드,UQA123,제3종일반주거지역,1,0,,제3종일반주거지역,20260522
경상남도 양산시 물금읍 범어리 502-3번지,48330,25324,0,0502,0003,1000000000000000415619,,,,1,용도지역코드,UQA123,제3종일반주거지역,1,0,,제3종일반주거지역,20231122
경상남도 양산시 물금읍 범어리 504-3번지,48330,25324,0,0504,0003,1264100147185,,,,1,용도지역코드,UQA121,제1종일반주거지역,1,0,,제1종일반주거지역,20231220
경상남도 양산시 물금읍 범어리 504-3번지,48330,25324,0,0504,0003,1264100147185,,,,3,용도구역코드,UQQ310,제1종지구단위계획구역,1,0,,제1종지구단위계획구역,20231220
경상남도 양산시 물금읍 범어리 504-4번지,48330,25324,0,0504,0004,12643312,,,,1,용도지역코드,1020,일반주거지역,1,0,,일반주거지역,20221008
경상남도 양산시 물금읍 범어리 504-4번지,48330,25324,0,0504,0004,12647655,,,,1,용도지역코드,1021,제1종일반주거지역,1,0,,제1종일반주거지역,20221008
경상남도 양산시 물금읍 범어리 504-4번지,48330,25324,0,0504,0004,12647655,,,,3,용도구역코드,301,제1종지구단위계획구역,1,0,,제1종지구단위계획구역,20221008
경상남도 양산시 물금읍 범어리 504-5번지,48330,25324,0,0504,0005,1264100030160,,,,1,용도지역코드,UQA121,제1종일반주거지역,1,0,,제1종일반주거지역,20221008
경상남도 양산시 물금읍 범어리 504-5번지,48330,25324,0,0504,0005,1264100030160,,,,3,용도구역코드,UQQ310,제1종지구단위계획구역,1,0,,제1종지구단위계획구역,20221008
경상남도 양산시 물금읍 범어리 504-6번지,48330,25324,0,0504,0006,1264835,,,,1,용도지역코드,1020,일반주거지역,1,0,,일반주거지역,20221008
경상남도 양산시 물금읍 범어리 504-7번지,48330,25324,0,0504,0007,1264100035532,,,,1,용도지역코드,UQA122,제2종일반주거지역,1,0,,제2종일반주거지역,20221008
경상남도 양산시 물금읍 범어리 504-8번지,48330,25324,0,0504,0008,12642320,,,,1,용도지역코드,1020,일반주거지역,1,0,,일반주거지역,20221008
경상남도 양산시 물금읍 범어리 504-8번지,48330,25324,0,0504,0008,12649585,,,,1,용도지역코드,1021,제1종일반주거지역,1,0,,제1종일반주거지역,20221008
경상남도 양산시 물금읍 범어리 504-8번지,48330,25324,0,0504,0008,12649585,,,,3,용도구역코드,301,제1종지구단위계획구역,1,0,,제1종지구단위계획구역,20221008
경상남도 양산시 물금읍 범어리 504-9번지,48330,25324,0,0504,0009,12642314,,,,1,용도지역코드,1020,일반주거지역,1,0,,일반주거지역,20221008
경상남도 양산시 물금읍 범어리 504-10번지,48330,25324,0,0504,0010,1264881,경상남도 양산시 물금읍 범어리,504,10,1,용도지역코드,1020,일반주거지역,1,0,,일반주거지역,20221008
경상남도 양산시 물금읍 범어리 505-3번지,48330,25324,0,0505,0003,12647250,,,,1,용도지역코드,1021,제1종일반주거지역,1,0,,제1종일반주거지역,20221008
경상남도 양산시 물금읍 범어리 505-3번지,48330,25324,0,0505,0003,12647250,,,,3,용도구역코드,301,제1종지구단위계획구역,1,0,,제1종지구단위계획구역,20221008
경상남도 양산시 물금읍 범어리 505-5번지,48330,25324,0,0505,0005,12644698,,,,1,용도지역코드,1022,제2종일반주거지역,1,0,,제2종일반주거지역,20221008
경상남도 양산시 물금읍 범어리 505-6번지,48330,25324,0,0505,0006,1264100016335,,,,1,용도지역코드,1021,제1종일반주거지역,1,0,,제1종일반주거지역,20221008
경상남도 양산시 물금읍 범어리 505-6번지,48330,25324,0,0505,0006,1264100016335,,,,3,용도구역코드,301,제1종지구단위계획구역,1,0,,제1종지구단위계획구역,20221008
경상남도 양산시 물금읍 범어리 505-6번지,48330,25324,0,0505,0006,1264100016335,,,,3,용도구역코드,272,상대정화구역,0,0,,상대정화구역,20221008
경상남도 양산시 물금읍 범어리 505-6번지,48330,25324,0,0505,0006,1264100016335,,,,3,용도구역코드,271,절대정화구역,0,0,,절대정화구역,20221008
경상남도 양산시 물금읍 범어리 505-7번지,48330,25324,0,0505,0007,1264100040602,,,,1,용도지역코드,UQA121,제1종일반주거지역,1,0,,제1종일반주거지역,20221008
경상남도 양산시 물금읍 범어리 505-7번지,48330,25324,0,0505,0007,1264100040602,,,,3,용도구역코드,UQQ310,제1종지구단위계획구역,1,0,,제1종지구단위계획구역,20221008
경상남도 양산시 물금읍 범어리 505-9번지,48330,25324,0,0505,0009,12641091,,,,1,용도지역코드,1020,일반주거지역,1,0,,일반주거지역,20221008
경상남도 양산시 물금읍 범어리 505-10번지,48330,25324,0,0505,0010,1000000000000000898506,,,,3,용도구역코드,UQQ300,지구단위계획구역,1,0,,지구단위계획구역,20260306
경상남도 양산시 물금읍 범어리 505-10번지,48330,25324,0,0505,0010,1000000000000000898506,,,,1,용도지역코드,UQA121,제1종일반주거지역,1,0,,제1종일반주거지역,20260306
경상남도 양산시 물금읍 범어리 505-11번지,48330,25324,0,0505,0011,12644935,,,,1,용도지역코드,1022,제2종일반주거지역,1,0,,제2종일반주거지역,20221008
경상남도 양산시 물금읍 범어리 505-12번지,48330,25324,0,0505,0012,1264100140563,,,,3,용도구역코드,UOA120,상대보호구역,0,0,,상대보호구역,20221008
경상남도 양산시 물금읍 범어리 505-12번지,48330,25324,0,0505,0012,1264100140563,,,,1,용도지역코드,UQA121,제1종일반주거지역,1,0,,제1종일반주거지역,20221008
경상남도 양산시 물금읍 범어리 505-12번지,48330,25324,0,0505,0012,1264100140563,,,,3,용도구역코드,UQQ310,제1종지구단위계획구역,1,0,,제1종지구단위계획구역,20221008
경상남도 양산시 물금읍 범어리 505-12번지,48330,25324,0,0505,0012,1264100140563,,,,3,용도구역코드,UMZ100,가축사육제한구역,0,0,,가축사육제한구역,20221008
경상남도 양산시 물금읍 범어리 505-13번지,48330,25324,0,0505,0013,1000000000000000967472,,,,1,용도지역코드,UQA121,제1종일반주거지역,1,0,,제1종일반주거지역,20260701
경상남도 양산시 물금읍 범어리 505-13번지,48330,25324,0,0505,0013,1000000000000000967472,,,,3,용도구역코드,UOA120,상대보호구역,0,0,,상대보호구역,20260701
경상남도 양산시 물금읍 범어리 505-13번지,48330,25324,0,0505,0013,1000000000000000967472,,,,3,용도구역코드,UQQ300,지구단위계획구역,1,0,,지구단위계획구역,20260701
경상남도 양산시 물금읍 범어리 505-13번지,48330,25324,0,0505,0013,1264100028153,,,,1,용도지역코드,UQA121,제1종일반주거지역,1,0,,제1종일반주거지역,20221008
경상남도 양산시 물금읍 범어리 505-13번지,48330,25324,0,0505,0013,1264100028153,,,,3,용도구역코드,UQQ310,제1종지구단위계획구역,1,0,,제1종지구단위계획구역,20221008
경상남도 양산시 물금읍 범어리 505-13번지,48330,25324,0,0505,0013,1264100028153,,,,3,용도구역코드,UOA120,상대보호구역,0,0,,상대정화구역,20221008
경상남도 양산시 물금읍 범어리 505-14번지,48330,25324,0,0505,0014,1264100039674,,,,1,용도지역코드,UQA121,제1종일반주거지역,1,0,,제1종일반주거지역,20221008
경상남도 양산시 물금읍 범어리 505-14번지,48330,25324,0,0505,0014,1264100039674,,,,3,용도구역코드,UQQ310,제1종지구단위계획구역,1,0,,제1종지구단위계획구역,20221008
경상남도 양산시 물금읍 범어리 505-14번지,48330,25324,0,0505,0014,1264100039674,,,,3,용도구역코드,UOA120,상대보호구역,0,0,,상대정화구역,20221008
경상남도 양산시 물금읍 범어리 506-3번지,48330,25324,0,0506,0003,12641831,,,,1,용도지역코드,1020,일반주거지역,1,0,,일반주거지역,20221008
경상남도 양산시 물금읍 범어리 506-4번지,48330,25324,0,0506,0004,12644139,,,,1,용도지역코드,1020,일반주거지역,1,0,,일반주거지역,20221008
경상남도 양산시 물금읍 범어리 506-4번지,48330,25324,0,0506,0004,12642754,,,,1,용도지역코드,1020,일반주거지역,1,0,,일반주거지역,20221008
경상남도 양산시 물금읍 범어리 506-4번지,48330,25324,0,0506,0004,12642754,,,,3,용도구역코드,050,상세계획구역,1,0,,상세계획구역,20221008
경상남도 양산시 물금읍 범어리 506-5번지,48330,25324,0,0506,0005,12643228,,,,1,용도지역코드,1020,일반주거지역,1,0,,일반주거지역,20221008
경상남도 양산시 물금읍 범어리 506-7번지,48330,25324,0,0506,0007,1264100026229,,,,1,용도지역코드,UQA121,제1종일반주거지역,1,0,,제1종일반주거지역,20221008
경상남도 양산시 물금읍 범어리 506-7번지,48330,25324,0,0506,0007,1264100026229,,,,3,용도구역코드,UQQ310,제1종지구단위계획구역,1,0,,제1종지구단위계획구역,20221008
경상남도 양산시 물금읍 범어리 506-7번지,48330,25324,0,0506,0007,1264100026229,,,,3,용도구역코드,UOA120,상대보호구역,0,0,,상대정화구역,20221008
경상남도 양산시 물금읍 범어리 506-7번지,48330,25324,0,0506,0007,12643229,,,,1,용도지역코드,1020,일반주거지역,1,0,,일반주거지역,20221008
경상남도 양산시 물금읍 범어리 506-8번지,48330,25324,0,0506,0008,12642240,,,,1,용도지역코드,1020,일반주거지역,1,0,,일반주거지역,20221008
경상남도 양산시 물금읍 범어리 506-10번지,48330,25324,0,0506,0010,1264100115976,,,,1,용도지역코드,UQA121,제1종일반주거지역,1,0,,제1종일반주거지역,20221008
경상남도 양산시 물금읍 범어리 506-10번지,48330,25324,0,0506,0010,1264100115976,,,,3,용도구역코드,UQQ310,제1종지구단위계획구역,1,0,,제1종지구단위계획구역,20221008
경상남도 양산시 물금읍 범어리 506-10번지,48330,25324,0,0506,0010,1264100097966,,,,3,용도구역코드,UQQ310,제1종지구단위계획구역,1,0,,제1종지구단위계획구역,20221008
경상남도 양산시 물금읍 범어리 506-10번지,48330,25324,0,0506,0010,1264100097966,,,,1,용도지역코드,UQA121,제1종일반주거지역,1,0,,제1종일반주거지역,20221008
경상남도 양산시 물금읍 범어리 506-10번지,48330,25324,0,0506,0010,1264100097966,,,,3,용도구역코드,UOA120,상대보호구역,,,,상대정화구역,20221008
경상남도 양산시 물금읍 범어리 507-1번지,48330,25324,0,0507,0001,1264100095887,,,,1,용도지역코드,UQA121,제1종일반주거지역,1,0,,제1종일반주거지역,20221008
경상남도 양산시 물금읍 범어리 507-1번지,48330,25324,0,0507,0001,1264100095887,,,,3,용도구역코드,UOA120,상대보호구역,,,,상대정화구역,20221008
경상남도 양산시 물금읍 범어리 507-1번지,48330,25324,0,0507,0001,1264100095887,,,,3,용도구역코드,UQQ310,제1종지구단위계획구역,1,0,,제1종지구단위계획구역,20221008
경상남도 양산시 물금읍 범어리 507-1번지,48330,25324,0,0507,0001,1264100094886,,,,3,용도구역코드,UOA120,상대보호구역,0,0,,상대정화구역,20221008
경상남도 양산시 물금읍 범어리 507-1번지,48330,25324,0,0507,0001,1264100094886,,,,1,용도지역코드,UQA121,제1종일반주거지역,1,0,,제1종일반주거지역,20221008
경상남도 양산시 물금읍 범어리 507-1번지,48330,25324,0,0507,0001,1264100094886,,,,3,용도구역코드,UQQ310,제1종지구단위계획구역,0,0,,제1종지구단위계획구역,20221008
경상남도 양산시 물금읍 범어리 507-2번지,48330,25324,0,0507,0002,1264100023952,,,,1,용도지역코드,UQA121,제1종일반주거지역,1,0,,제1종일반주거지역,20221008
경상남도 양산시 물금읍 범어리 507-2번지,48330,25324,0,0507,0002,1264100023952,,,,3,용도구역코드,UQQ310,제1종지구단위계획구역,1,0,,제1종지구단위계획구역,20221008
경상남도 양산시 물금읍 범어리 507-3번지,48330,25324,0,0507,0003,12643247,,,,1,용도지역코드,1020,일반주거지역,1,0,,일반주거지역,20221008
경상남도 양산시 물금읍 범어리 507-3번지,48330,25324,0,0507,0003,12643247,,,,3,용도구역코드,050,상세계획구역,1,0,,상세계획구역,20221008
경상남도 양산시 물금읍 범어리 507-6번지,48330,25324,0,0507,0006,12642781,,,,1,용도지역코드,1020,일반주거지역,1,0,,일반주거지역,20221008
경상남도 양산시 물금읍 범어리 507-6번지,48330,25324,0,0507,0006,12642781,,,,3,용도구역코드,050,상세계획구역,1,0,,상세계획구역,20221008
경상남도 양산시 물금읍 범어리 507-9번지,48330,25324,0,0507,0009,1264100086761,,,,1,용도지역코드,UQA121,제1종일반주거지역,1,0,,제1종일반주거지역,20221008
경상남도 양산시 물금읍 범어리 507-9번지,48330,25324,0,0507,0009,1264100086761,,,,3,용도구역코드,UQQ310,제1종지구단위계획구역,1,0,,제1종지구단위계획구역,20221008
경상남도 양산시 물금읍 범어리 507-10번지,48330,25324,0,0507,0010,12645424,,,,1,용도지역코드,1022,제2종일반주거지역,1,0,,제2종일반주거지역,20221008
경상남도 양산시 물금읍 범어리 507-11번지,48330,25324,0,0507,0011,12644640,,,,1,용도지역코드,1022,제2종일반주거지역,1,0,,제2종일반주거지역,20221008
경상남도 양산시 물금읍 범어리 507-11번지,48330,25324,0,0507,0011,12644640,,,,2,용도지구코드,160,택지개발지구,1,0,,택지개발지구,20221008
경상남도 양산시 물금읍 범어리 507-11번지,48330,25324,0,0507,0011,12644640,,,,3,용도구역코드,300,지구단위계획구역,1,0,,지구단위계획구역,20221008
경상남도 양산시 물금읍 범어리 507-11번지,48330,25324,0,0507,0011,1264100020560,,,,1,용도지역코드,1022,제2종일반주거지역,1,0,,제2종일반주거지역,20221008
경상남도 양산시 물금읍 범어리 507-11번지,48330,25324,0,0507,0011,1264100020560,,,,3,용도구역코드,301,제1종지구단위계획구역,1,0,,제1종지구단위계획구역,20221008
경상남도 양산시 물금읍 범어리 507-14번지,48330,25324,0,0507,0014,12642119,,,,1,용도지역코드,1020,일반주거지역,1,0,,일반주거지역,20221008
경상남도 양산시 물금읍 범어리 508-1번지,48330,25324,0,0508,0001,1264100076840,,,,1,용도지역코드,UQA121,제1종일반주거지역,1,0,,제1종일반주거지역,20221008
경상남도 양산시 물금읍 범어리 508-1번지,48330,25324,0,0508,0001,1264100076840,,,,3,용도구역코드,UQQ310,제1종지구단위계획구역,1,0,,제1종지구단위계획구역,20221008
경상남도 양산시 물금읍 범어리 508-2번지,48330,25324,0,0508,0002,1264100020379,,,,1,용도지역코드,1021,제1종일반주거지역,1,0,,제1종일반주거지역,20221008
경상남도 양산시 물금읍 범어리 508-2번지,48330,25324,0,0508,0002,1264100020379,,,,3,용도구역코드,301,제1종지구단위계획구역,1,0,,제1종지구단위계획구역,20221008
경상남도 양산시 물금읍 범어리 508-2번지,48330,25324,0,0508,0002,1264100020379,,,,3,용도구역코드,272,상대정화구역,0,0,,상대정화구역,20221008
경상남도 양산시 물금읍 범어리 508-2번지,48330,25324,0,0508,0002,12649384,,,,1,용도지역코드,1021,제1종일반주거지역,1,0,,제1종일반주거지역,20221008
경상남도 양산시 물금읍 범어리 508-2번지,48330,25324,0,0508,0002,12649384,,,,3,용도구역코드,301,제1종지구단위계획구역,1,0,,제1종지구단위계획구역,20221008
경상남도 양산시 물금읍 범어리 508-3번지,48330,25324,0,0508,0003,12643372,,,,1,용도지역코드,1020,일반주거지역,1,0,,일반주거지역,20221008
경상남도 양산시 물금읍 범어리 508-3번지,48330,25324,0,0508,0003,1264100144644,,,,1,용도지역코드,UQA121,제1종일반주거지역,1,0,,제1종일반주거지역,20221008
경상남도 양산시 물금읍 범어리 508-3번지,48330,25324,0,0508,0003,1264100144644,,,,3,용도구역코드,UQQ310,제1종지구단위계획구역,1,0,,제1종지구단위계획구역,20221008
경상남도 양산시 물금읍 범어리 508-3번지,48330,25324,0,0508,0003,12643087,,,,1,용도지역코드,1020,일반주거지역,1,0,,일반주거지역,20221008
경상남도 양산시 물금읍 범어리 508-5번지,48330,25324,0,0508,0005,1264100085543,,,,1,용도지역코드,UQA001,도시지역,1,0,,도시지역,20221008
경상남도 양산시 물금읍 범어리 508-5번지,48330,25324,0,0508,0005,1264100085543,,,,1,용도지역코드,UQA121,제1종일반주거지역,0,0,,제1종일반주거지역,20221008
경상남도 양산시 물금읍 범어리 508-5번지,48330,25324,0,0508,0005,1264100085543,,,,3,용도구역코드,UQQ310,제1종지구단위계획구역,1,0,,제1종지구단위계획구역,20221008
경상남도 양산시 물금읍 범어리 508-6번지,48330,25324,0,0508,0006,12642242,,,,1,용도지역코드,1020,일반주거지역,1,0,,일반주거지역,20221008
경상남도 양산시 물금읍 범어리 508-9번지,48330,25324,0,0508,0009,1264100095195,,,,3,용도구역코드,UOA120,상대보호구역,0,0,,상대정화구역,20221008
경상남도 양산시 물금읍 범어리 508-9번지,48330,25324,0,0508,0009,1264100095195,,,,1,용도지역코드,UQA121,제1종일반주거지역,1,0,,제1종일반주거지역,20221008
경상남도 양산시 물금읍 범어리 508-9번지,48330,25324,0,0508,0009,1264100095195,,,,3,용도구역코드,UQQ310,제1종지구단위계획구역,1,0,,제1종지구단위계획구역,20221008
경상남도 양산시 물금읍 범어리 508-10번지,48330,25324,0,0508,0010,12643122,,,,1,용도지역코드,1020,일반주거지역,1,0,,일반주거지역,20221008
경상남도 양산시 물금읍 범어리 508-11번지,48330,25324,0,0508,0011,1264100085245,,,,1,용도지역코드,UQA121,제1종일반주거지역,1,0,,제1종일반주거지역,20221008
경상남도 양산시 물금읍 범어리 508-11번지,48330,25324,0,0508,0011,1264100085245,,,,3,용도구역코드,UQQ310,제1종지구단위계획구역,1,0,,제1종지구단위계획구역,20221008
경상남도 양산시 물금읍 범어리 508-11번지,48330,25324,0,0508,0011,1264100085245,,,,3,용도구역코드,UOA120,상대보호구역,0,0,,상대정화구역,20221008
경상남도 양산시 물금읍 범어리 508-14번지,48330,25324,0,0508,0014,1264100056108,,,,1,용도지역코드,UQA121,제1종일반주거지역,1,0,,제1종일반주거지역,20221008
경상남도 양산시 물금읍 범어리 508-14번지,48330,25324,0,0508,0014,1264100056108,,,,3,용도구역코드,UQQ310,제1종지구단위계획구역,1,0,,제1종지구단위계획구역,20221008
경상남도 양산시 물금읍 범어리 508-15번지,48330,25324,0,0508,0015,1264100154790,,,,3,용도구역코드,UMZ100,가축사육제한구역,0,0,,가축사육제한구역,20221122
경상남도 양산시 물금읍 범어리 508-15번지,48330,25324,0,0508,0015,1264100154790,,,,1,용도지역코드,UQA121,제1종일반주거지역,1,0,,제1종일반주거지역,20221122
경상남도 양산시 물금읍 범어리 508-15번지,48330,25324,0,0508,0015,1264100154790,,,,3,용도구역코드,UQQ310,제1종지구단위계획구역,1,0,,제1종지구단위계획구역,20221122
경상남도 양산시 물금읍 범어리 508-15번지,48330,25324,0,0508,0015,1264100154790,,,,3,용도구역코드,UOA120,상대보호구역,0,0,,상대보호구역,20221122
경상남도 양산시 물금읍 범어리 508-16번지,48330,25324,0,0508,0016,12644716,,,,1,용도지역코드,1022,제2종일반주거지역,1,0,,제2종일반주거지역,20221008
경상남도 양산시 물금읍 범어리 509-1번지,48330,25324,0,0509,0001,1264100019788,,,,1,용도지역코드,1021,제1종일반주거지역,1,0,,제1종일반주거지역,20221008
경상남도 양산시 물금읍 범어리 509-1번지,48330,25324,0,0509,0001,1264100019788,,,,3,용도구역코드,301,제1종지구단위계획구역,1,0,,제1종지구단위계획구역,20221008
경상남도 양산시 물금읍 범어리 509-1번지,48330,25324,0,0509,0001,1264100013133,,,,1,용도지역코드,1021,제1종일반주거지역,1,0,,제1종일반주거지역,20221008
경상남도 양산시 물금읍 범어리 509-1번지,48330,25324,0,0509,0001,1264100013133,,,,3,용도구역코드,301,제1종지구단위계획구역,1,0,,제1종지구단위계획구역,20221008
경상남도 양산시 물금읍 범어리 509-2번지,48330,25324,0,0509,0002,12644025,,,,1,용도지역코드,1020,일반주거지역,1,0,,일반주거지역,20221008
경상남도 양산시 물금읍 범어리 509-3번지,48330,25324,0,0509,0003,12644024,,,,1,용도지역코드,1020,일반주거지역,1,0,,일반주거지역,20221008
경상남도 양산시 물금읍 범어리 509-5번지,48330,25324,0,0509,0005,1264100033648,,,,1,용도지역코드,UQA121,제1종일반주거지역,1,0,,제1종일반주거지역,20221008
경상남도 양산시 물금읍 범어리 509-5번지,48330,25324,0,0509,0005,1264100033648,,,,3,용도구역코드,UQQ310,제1종지구단위계획구역,1,0,,제1종지구단위계획구역,20221008
경상남도 양산시 물금읍 범어리 509-6번지,48330,25324,0,0509,0006,12644692,,,,1,용도지역코드,1022,제2종일반주거지역,1,0,,제2종일반주거지역,20221008
경상남도 양산시 물금읍 범어리 509-7번지,48330,25324,0,0509,0007,12642766,,,,1,용도지역코드,1020,일반주거지역,1,0,,일반주거지역,20221008
경상남도 양산시 물금읍 범어리 509-7번지,48330,25324,0,0509,0007,12642766,,,,3,용도구역코드,050,상세계획구역,1,0,,상세계획구역,20221008
경상남도 양산시 물금읍 범어리 509-8번지,48330,25324,0,0509,0008,12645866,,,,1,용도지역코드,1022,제2종일반주거지역,1,0,,제2종일반주거지역,20221008
경상남도 양산시 물금읍 범어리 509-8번지,48330,25324,0,0509,0008,12645866,,,,3,용도구역코드,300,지구단위계획구역,1,0,,지구단위계획구역,20221008
경상남도 양산시 물금읍 범어리 509-9번지,48330,25324,0,0509,0009,12644547,,,,1,용도지역코드,1022,제2종일반주거지역,1,0,,제2종일반주거지역,20221008
경상남도 양산시 물금읍 범어리 509-9번지,48330,25324,0,0509,0009,12644547,,,,2,용도지구코드,160,택지개발지구,1,0,,택지개발지구,20221008
경상남도 양산시 물금읍 범어리 509-9번지,48330,25324,0,0509,0009,12644547,,,,3,용도구역코드,300,지구단위계획구역,1,0,,지구단위계획구역,20221008
경상남도 양산시 물금읍 범어리 509-11번지,48330,25324,0,0509,0011,12642015,,,,1,용도지역코드,1020,일반주거지역,1,0,,일반주거지역,20221008
경상남도 양산시 물금읍 범어리 509-12번지,48330,25324,0,0509,0012,12641093,509-12,,,1,용도지역코드,1020,일반주거지역,1,0,,일반주거지역,20221008
경상남도 양산시 물금읍 범어리 509-15번지,48330,25324,0,0509,0015,1264100142303,,,,1,용도지역코드,UQA121,제1종일반주거지역,1,0,,제1종일반주거지역,20221008
경상남도 양산시 물금읍 범어리 509-15번지,48330,25324,0,0509,0015,1264100142303,,,,3,용도구역코드,UOA120,상대보호구역,1,0,,상대보호구역,20221008
경상남도 양산시 물금읍 범어리 509-15번지,48330,25324,0,0509,0015,1264100142303,,,,3,용도구역코드,UQQ310,제1종지구단위계획구역,0,0,,제1종지구단위계획구역,20221008
경상남도 양산시 물금읍 범어리 509-17번지,48330,25324,0,0509,0017,1264100057998,,,,1,용도지역코드,UQA121,제1종일반주거지역,1,0,,제1종일반주거지역,20221008
경상남도 양산시 물금읍 범어리 509-17번지,48330,25324,0,0509,0017,1264100057998,,,,3,용도구역코드,UQQ310,제1종지구단위계획구역,1,0,,제1종지구단위계획구역,20221008
경상남도 양산시 물금읍 범어리 509-18번지,48330,25324,0,0509,0018,12641111,509-18,,,1,용도지역코드,1020,일반주거지역,1,0,,일반주거지역,20221008
경상남도 양산시 물금읍 범어리 509-19번지,48330,25324,0,0509,0019,1000000000000000283995,,,,1,용도지역코드,UQA121,제1종일반주거지역,1,0,,제1종일반주거지역,20240221
경상남도 양산시 물금읍 범어리 509-19번지,48330,25324,0,0509,0019,1000000000000000283995,,,,3,용도구역코드,UQQ310,제1종지구단위계획구역,1,0,,제1종지구단위계획구역,20240221
경상남도 양산시 물금읍 범어리 509-19번지,48330,25324,0,0509,0019,1264100115758,,,,1,용도지역코드,UQA121,제1종일반주거지역,1,0,,제1종일반주거지역,20221008
경상남도 양산시 물금읍 범어리 509-19번지,48330,25324,0,0509,0019,1264100115758,,,,3,용도구역코드,UQQ310,제1종지구단위계획구역,1,0,,제1종지구단위계획구역,20221008
경상남도 양산시 물금읍 범어리 509-19번지,48330,25324,0,0509,0019,1264100115758,,,,3,용도구역코드,UMZ100,가축사육제한구역,0,0,,가축사육제한구역,20221008
경상남도 양산시 물금읍 범어리 510-8번지,48330,25324,0,0510,0008,12641034,,,,1,용도지역코드,1020,일반주거지역,1,0,,일반주거지역,20221008
경상남도 양산시 물금읍 범어리 511-3번지,48330,25324,0,0511,0003,1264100031039,,,,1,용도지역코드,UQA121,제1종일반주거지역,1,0,,제1종일반주거지역,20221008
경상남도 양산시 물금읍 범어리 511-3번지,48330,25324,0,0511,0003,1264100031039,,,,3,용도구역코드,UQQ310,제1종지구단위계획구역,1,0,,제1종지구단위계획구역,20221008
경상남도 양산시 물금읍 범어리 511-5번지,48330,25324,0,0511,0005,1264100073960,,,,1,용도지역코드,UQA121,제1종일반주거지역,1,0,,제1종일반주거지역,20221008
경상남도 양산시 물금읍 범어리 511-5번지,48330,25324,0,0511,0005,1264100073960,,,,3,용도구역코드,UQQ310,제1종지구단위계획구역,1,0,,제1종지구단위계획구역,20221008
경상남도 양산시 물금읍 범어리 511-6번지,48330,25324,0,0511,0006,1264100069982,,,,1,용도지역코드,UQA121,제1종일반주거지역,1,0,,제1종일반주거지역,20221008
경상남도 양산시 물금읍 범어리 511-6번지,48330,25324,0,0511,0006,1264100069982,,,,3,용도구역코드,UQQ310,제1종지구단위계획구역,1,0,,제1종지구단위계획구역,20221008
경상남도 양산시 물금읍 범어리 511-7번지,48330,25324,0,0511,0007,1264100103035,,,,1,용도지역코드,UQA121,제1종일반주거지역,1,0,,제1종일반주거지역,20221008
경상남도 양산시 물금읍 범어리 511-7번지,48330,25324,0,0511,0007,1264100103035,,,,3,용도구역코드,UQQ310,제1종지구단위계획구역,,,,제1종지구단위계획구역,20221008
경상남도 양산시 물금읍 범어리 511-7번지,48330,25324,0,0511,0007,1264100103035,,,,3,용도구역코드,UOA120,상대보호구역,1,0,,상대보호구역,20221008
경상남도 양산시 물금읍 범어리 511-9번지,48330,25324,0,0511,0009,1264100084224,,,,1,용도지역코드,UQA121,제1종일반주거지역,1,0,,제1종일반주거지역,20221008
경상남도 양산시 물금읍 범어리 511-9번지,48330,25324,0,0511,0009,1264100084224,,,,3,용도구역코드,UQQ310,제1종지구단위계획구역,1,0,,제1종지구단위계획구역,20221008
경상남도 양산시 물금읍 범어리 511-9번지,48330,25324,0,0511,0009,1264100084224,,,,3,용도구역코드,UOA120,상대보호구역,0,0,,상대정화구역,20221008
경상남도 양산시 물금읍 범어리 511-10번지,48330,25324,0,0511,0010,1264100052298,,,,1,용도지역코드,UQA121,제1종일반주거지역,1,0,,제1종일반주거지역,20221008
경상남도 양산시 물금읍 범어리 511-10번지,48330,25324,0,0511,0010,1264100052298,,,,3,용도구역코드,UQQ310,제1종지구단위계획구역,1,0,,제1종지구단위계획구역,20221008
경상남도 양산시 물금읍 범어리 511-10번지,48330,25324,0,0511,0010,1264100052298,,,,3,용도구역코드,UOA120,상대보호구역,0,0,,상대정화구역,20221008
경상남도 양산시 물금읍 범어리 513-1번지,48330,25324,0,0513,0001,1000000000000000600979,,,,1,용도지역코드,UQA430,자연녹지지역,1,0,,자연녹지지역,20241016
경상남도 양산시 물금읍 범어리 514-1번지,48330,25324,0,0514,0001,1264100073323,,,,1,용도지역코드,UQA430,자연녹지지역,1,0,,자연녹지지역,20221008
경상남도 양산시 물금읍 범어리 514-1번지,48330,25324,0,0514,0001,1264100073323,,,,3,용도구역코드,UOA120,상대보호구역,1,0,,상대정화구역,20221008
경상남도 양산시 물금읍 범어리 514-1번지,48330,25324,0,0514,0001,1264100102396,,,,1,용도지역코드,UQA430,자연녹지지역,1,0,,자연녹지지역,20221008
경상남도 양산시 물금읍 범어리 514-1번지,48330,25324,0,0514,0001,1264100102396,,,,3,용도구역코드,UOA120,상대보호구역,1,0,,상대보호구역,20221008
경상남도 양산시 물금읍 범어리 514-3번지,48330,25324,0,0514,0003,1000000000000000237032,,,,1,용도지역코드,UQA430,자연녹지지역,1,0,,자연녹지지역,20230224
경상남도 양산시 물금읍 범어리 515-2번지,48330,25324,0,0515,0002,12644784,,,,1,용도지역코드,1022,제2종일반주거지역,1,0,,제2종일반주거지역,20221008
경상남도 양산시 물금읍 범어리 515-2번지,48330,25324,0,0515,0002,12644784,,,,3,용도구역코드,140,택지개발사업구역,1,0,,택지개발사업구역,20221008
경상남도 양산시 물금읍 범어리 515-6번지,48330,25324,0,0515,0006,12645421,,,,1,용도지역코드,1022,제2종일반주거지역,1,0,,제2종일반주거지역,20221008
경상남도 양산시 물금읍 범어리 515-6번지,48330,25324,0,0515,0006,12645421,,,,3,용도구역코드,300,지구단위계획구역,1,0,,지구단위계획구역,20221008
경상남도 양산시 물금읍 범어리 515-10번지,48330,25324,0,0515,0010,1000000000000000773021,,,,1,용도지역코드,UQA121,제1종일반주거지역,1,0,,제1종일반주거지역,20251001
경상남도 양산시 물금읍 범어리 515-10번지,48330,25324,0,0515,0010,1000000000000000773021,,,,3,용도구역코드,UQQ300,지구단위계획구역,1,0,,지구단위계획구역,20251001
경상남도 양산시 물금읍 범어리 515-10번지,48330,25324,0,0515,0010,12644948,,,,1,용도지역코드,1022,제2종일반주거지역,1,0,,제2종일반주거지역,20221008
경상남도 양산시 물금읍 범어리 515-11번지,48330,25324,0,0515,0011,1000000000000000414864,,,,3,용도구역코드,UQQ310,제1종지구단위계획구역,1,0,,제1종지구단위계획구역,20240724
경상남도 양산시 물금읍 범어리 515-11번지,48330,25324,0,0515,0011,1000000000000000414864,,,,1,용도지역코드,UQA121,제1종일반주거지역,1,0,,제1종일반주거지역,20240724
경상남도 양산시 물금읍 범어리 515-12번지,48330,25324,0,0515,0012,12644958,,,,1,용도지역코드,1022,제2종일반주거지역,1,0,,제2종일반주거지역,20221008
경상남도 양산시 물금읍 범어리 515-13번지,48330,25324,0,0515,0013,12644331,,,,1,용도지역코드,1022,제2종일반주거지역,1,0,,제2종일반주거지역,20221008
경상남도 양산시 물금읍 범어리 515-14번지,48330,25324,0,0515,0014,12644598,,,,1,용도지역코드,1022,제2종일반주거지역,1,0,,제2종일반주거지역,20221008
경상남도 양산시 물금읍 범어리 516-1번지,48330,25324,0,0516,0001,12648211,,,,1,용도지역코드,1021,제1종일반주거지역,1,0,,제1종일반주거지역,20221008
경상남도 양산시 물금읍 범어리 516-1번지,48330,25324,0,0516,0001,12648211,,,,3,용도구역코드,301,제1종지구단위계획구역,1,0,,제1종지구단위계획구역,20221008
경상남도 양산시 물금읍 범어리 516-2번지,48330,25324,0,0516,0002,12648192,,,,1,용도지역코드,1021,제1종일반주거지역,1,0,,제1종일반주거지역,20221008
경상남도 양산시 물금읍 범어리 516-2번지,48330,25324,0,0516,0002,12648192,,,,3,용도구역코드,301,제1종지구단위계획구역,1,0,,제1종지구단위계획구역,20221008
경상남도 양산시 물금읍 범어리 516-3번지,48330,25324,0,0516,0003,1264100091890,,,,1,용도지역코드,UQA121,제1종일반주거지역,1,0,,제1종일반주거지역,20221008
경상남도 양산시 물금읍 범어리 516-3번지,48330,25324,0,0516,0003,1264100091890,,,,3,용도구역코드,UQQ310,제1종지구단위계획구역,1,0,,제1종지구단위계획구역,20221008
경상남도 양산시 물금읍 범어리 516-3번지,48330,25324,0,0516,0003,1264100087802,,,,3,용도구역코드,UQQ310,제1종지구단위계획구역,1,0,,제1종지구단위계획구역,20221008
경상남도 양산시 물금읍 범어리 516-3번지,48330,25324,0,0516,0003,1264100087802,,,,1,용도지역코드,UQA121,제1종일반주거지역,1,0,,제1종일반주거지역,20221008
경상남도 양산시 물금읍 범어리 516-5번지,48330,25324,0,0516,0005,12645875,,,,1,용도지역코드,1022,제2종일반주거지역,1,0,,제2종일반주거지역,20221008
경상남도 양산시 물금읍 범어리 516-6번지,48330,25324,0,0516,0006,1264100016679,,,,1,용도지역코드,1021,제1종일반주거지역,1,0,,제1종일반주거지역,20221008
경상남도 양산시 물금읍 범어리 516-6번지,48330,25324,0,0516,0006,1264100016679,,,,3,용도구역코드,301,제1종지구단위계획구역,1,0,,제1종지구단위계획구역,20221008
경상남도 양산시 물금읍 범어리 516-8번지,48330,25324,0,0516,0008,1264100020416,,,,1,용도지역코드,1021,제1종일반주거지역,1,0,,제1종일반주거지역,20221008
경상남도 양산시 물금읍 범어리 516-8번지,48330,25324,0,0516,0008,1264100020416,,,,3,용도구역코드,301,제1종지구단위계획구역,1,0,,제1종지구단위계획구역,20221008
경상남도 양산시 물금읍 범어리 516-8번지,48330,25324,0,0516,0008,1264100028610,,,,1,용도지역코드,UQA121,제1종일반주거지역,1,0,,제1종일반주거지역,20221008
경상남도 양산시 물금읍 범어리 516-8번지,48330,25324,0,0516,0008,1264100028610,,,,3,용도구역코드,UQQ310,제1종지구단위계획구역,1,0,,제1종지구단위계획구역,20221008
경상남도 양산시 물금읍 범어리 516-10번지,48330,25324,0,0516,0010,12645013,,,,1,용도지역코드,1022,제2종일반주거지역,1,0,,제2종일반주거지역,20221008
경상남도 양산시 물금읍 범어리 517-1번지,48330,25324,0,0517,0001,12644319,,,,1,용도지역코드,1020,일반주거지역,1,0,,일반주거지역,20221008
경상남도 양산시 물금읍 범어리 517-4번지,48330,25324,0,0517,0004,1264100026070,,,,1,용도지역코드,UQA121,제1종일반주거지역,1,0,,제1종일반주거지역,20221008
경상남도 양산시 물금읍 범어리 517-4번지,48330,25324,0,0517,0004,1264100026070,,,,3,용도구역코드,UQQ310,제1종지구단위계획구역,1,0,,제1종지구단위계획구역,20221008
경상남도 양산시 물금읍 범어리 517-6번지,48330,25324,0,0517,0006,1264100141403,,,,3,용도구역코드,UQQ310,제1종지구단위계획구역,1,0,,제1종지구단위계획구역,20221008
경상남도 양산시 물금읍 범어리 517-6번지,48330,25324,0,0517,0006,1264100141403,,,,1,용도지역코드,UQA121,제1종일반주거지역,1,0,,제1종일반주거지역,20221008
경상남도 양산시 물금읍 범어리 517-7번지,48330,25324,0,0517,0007,1264100033302,,,,3,용도구역코드,UQQ310,제1종지구단위계획구역,1,0,,제1종지구단위계획구역,20221008
경상남도 양산시 물금읍 범어리 517-7번지,48330,25324,0,0517,0007,1264100033302,,,,1,용도지역코드,UQA121,제1종일반주거지역,1,0,,제1종일반주거지역,20221008
경상남도 양산시 물금읍 범어리 517-8번지,48330,25324,0,0517,0008,1264100146204,,,,1,용도지역코드,UQA121,제1종일반주거지역,1,0,,제1종일반주거지역,20221008
경상남도 양산시 물금읍 범어리 517-8번지,48330,25324,0,0517,0008,1264100146204,,,,3,용도구역코드,UQQ310,제1종지구단위계획구역,1,0,,제1종지구단위계획구역,20221008
경상남도 양산시 물금읍 범어리 517-8번지,48330,25324,0,0517,0008,1264100072279,,,,1,용도지역코드,UQA121,제1종일반주거지역,1,0,,제1종일반주거지역,20221008
경상남도 양산시 물금읍 범어리 517-8번지,48330,25324,0,0517,0008,1264100072279,,,,3,용도구역코드,UQQ310,제1종지구단위계획구역,1,0,,제1종지구단위계획구역,20221008
경상남도 양산시 물금읍 범어리 517-9번지,48330,25324,0,0517,0009,12646377,,,,1,용도지역코드,1021,제1종일반주거지역,1,0,,제1종일반주거지역,20221008
경상남도 양산시 물금읍 범어리 517-10번지,48330,25324,0,0517,0010,12645906,,,,1,용도지역코드,1021,제1종일반주거지역,1,0,,제1종일반주거지역,20221008
경상남도 양산시 물금읍 범어리 517-14번지,48330,25324,0,0517,0014,1264100082981,,,,1,용도지역코드,UQA121,제1종일반주거지역,1,0,,제1종일반주거지역,20221008
경상남도 양산시 물금읍 범어리 517-14번지,48330,25324,0,0517,0014,1264100082981,,,,3,용도구역코드,UQQ310,제1종지구단위계획구역,1,0,,제1종지구단위계획구역,20221008
경상남도 양산시 물금읍 범어리 517-15번지,48330,25324,0,0517,0015,12644335,,,,1,용도지역코드,1012,제2종전용주거지역,1,0,,제2종 전용주거지역,20221008
경상남도 양산시 물금읍 범어리 517-15번지,48330,25324,0,0517,0015,12645001,,,,1,용도지역코드,1022,제2종일반주거지역,1,0,,제2종일반주거지역,20221008
경상남도 양산시 물금읍 범어리 518-3번지,48330,25324,0,0518,0003,1264100127263,,,,1,용도지역코드,UQA121,제1종일반주거지역,1,0,,제1종일반주거지역,20221008
경상남도 양산시 물금읍 범어리 518-3번지,48330,25324,0,0518,0003,1264100127263,,,,3,용도구역코드,UQQ310,제1종지구단위계획구역,1,0,,제1종지구단위계획구역,20221008
경상남도 양산시 물금읍 범어리 518-4번지,48330,25324,0,0518,0004,1264100050729,,,,1,용도지역코드,UQA121,제1종일반주거지역,1,0,,제1종일반주거지역,20221008
경상남도 양산시 물금읍 범어리 518-4번지,48330,25324,0,0518,0004,1264100050729,,,,3,용도구역코드,UQQ310,제1종지구단위계획구역,1,0,,제1종지구단위계획구역,20221008
경상남도 양산시 물금읍 범어리 518-8번지,48330,25324,0,0518,0008,12644320,,,,1,용도지역코드,1022,제2종일반주거지역,1,0,,제2종일반주거지역,20221008
경상남도 양산시 물금읍 범어리 518-9번지,48330,25324,0,0518,0009,12644327,,,,1,용도지역코드,1022,제2종일반주거지역,1,0,,제2종일반주거지역,20221008
경상남도 양산시 물금읍 범어리 518-9번지,48330,25324,0,0518,0009,12644327,,,,2,용도지구코드,160,택지개발지구,1,0,,택지개발지구,20221008
경상남도 양산시 물금읍 범어리 518-13번지,48330,25324,0,0518,0013,12644851,,,,1,용도지역코드,1022,제2종일반주거지역,1,0,,제2종일반주거지역,20221008
경상남도 양산시 물금읍 범어리 518-14번지,48330,25324,0,0518,0014,1264100070559,,,,1,용도지역코드,UQA121,제1종일반주거지역,1,0,,제1종일반주거지역,20221008
경상남도 양산시 물금읍 범어리 518-14번지,48330,25324,0,0518,0014,1264100070559,,,,3,용도구역코드,UQQ310,제1종지구단위계획구역,1,0,,제1종지구단위계획구역,20221008
경상남도 양산시 물금읍 범어리 518-14번지,48330,25324,0,0518,0014,1264100105396,,,,1,용도지역코드,UQA121,제1종일반주거지역,1,0,,제1종일반주거지역,20221008
경상남도 양산시 물금읍 범어리 518-14번지,48330,25324,0,0518,0014,1264100105396,,,,3,용도구역코드,UQQ310,제1종지구단위계획구역,1,0,,제1종지구단위계획구역,20221008
경상남도 양산시 물금읍 범어리 518-15번지,48330,25324,0,0518,0015,1264100107841,,,,1,용도지역코드,UQA121,제1종일반주거지역,1,0,,제1종일반주거지역,20221008
경상남도 양산시 물금읍 범어리 518-15번지,48330,25324,0,0518,0015,1264100107841,,,,3,용도구역코드,UQQ310,제1종지구단위계획구역,1,0,,제1종지구단위계획구역,20221008
경상남도 양산시 물금읍 범어리 518-16번지,48330,25324,0,0518,0016,12644597,,,,1,용도지역코드,1022,제2종일반주거지역,1,0,,제2종일반주거지역,20221008
경상남도 양산시 물금읍 범어리 519-1번지,48330,25324,0,0519,0001,1264100024251,,,,1,용도지역코드,UQA121,제1종일반주거지역,1,0,,제1종일반주거지역,20221008
경상남도 양산시 물금읍 범어리 519-1번지,48330,25324,0,0519,0001,1264100024251,,,,3,용도구역코드,UQQ310,제1종지구단위계획구역,1,0,,제1종지구단위계획구역,20221008
경상남도 양산시 물금읍 범어리 519-1번지,48330,25324,0,0519,0001,1264100015634,,,,1,용도지역코드,1021,제1종일반주거지역,1,0,,제1종일반주거지역,20221008
경상남도 양산시 물금읍 범어리 519-1번지,48330,25324,0,0519,0001,1264100015634,,,,3,용도구역코드,301,제1종지구단위계획구역,1,0,,제1종지구단위계획구역,20221008
경상남도 양산시 물금읍 범어리 519-3번지,48330,25324,0,0519,0003,12645423,,,,1,용도지역코드,1022,제2종일반주거지역,1,0,,제2종일반주거지역,20221008
경상남도 양산시 물금읍 범어리 519-3번지,48330,25324,0,0519,0003,12645423,,,,3,용도구역코드,301,제1종지구단위계획구역,1,0,,제1종지구단위계획구역,20221008
경상남도 양산시 물금읍 범어리 519-6번지,48330,25324,0,0519,0006,12646440,,,,1,용도지역코드,1021,제1종일반주거지역,1,0,,제1종일반주거지역,20221008
경상남도 양산시 물금읍 범어리 519-6번지,48330,25324,0,0519,0006,12646440,,,,2,용도지구코드,160,택지개발지구,1,0,,택지개발지구,20221008
경상남도 양산시 물금읍 범어리 519-6번지,48330,25324,0,0519,0006,12646440,,,,3,용도구역코드,301,제1종지구단위계획구역,1,0,,제1종지구단위계획구역,20221008
경상남도 양산시 물금읍 범어리 519-6번지,48330,25324,0,0519,0006,1264100019440,,,,1,용도지역코드,1021,제1종일반주거지역,1,0,,제1종일반주거지역,20221008
경상남도 양산시 물금읍 범어리 519-8번지,48330,25324,0,0519,0008,1264100006467,,,,1,용도지역코드,1021,제1종일반주거지역,1,0,,제1종일반주거지역,20221008
경상남도 양산시 물금읍 범어리 519-8번지,48330,25324,0,0519,0008,1264100006467,,,,3,용도구역코드,301,제1종지구단위계획구역,1,0,,제1종지구단위계획구역,20221008
경상남도 양산시 물금읍 범어리 519-10번지,48330,25324,0,0519,0010,1264100019585,,,,1,용도지역코드,1021,제1종일반주거지역,1,0,,제1종일반주거지역,20221008
경상남도 양산시 물금읍 범어리 519-10번지,48330,25324,0,0519,0010,12646489,,,,1,용도지역코드,1021,제1종일반주거지역,1,0,,제1종일반주거지역,20221008
경상남도 양산시 물금읍 범어리 519-11번지,48330,25324,0,0519,0011,12645231,,,,1,용도지역코드,1022,제2종일반주거지역,1,0,,제2종일반주거지역,20221008
경상남도 양산시 물금읍 범어리 520-2번지,48330,25324,0,0520,0002,12644752,,,,1,용도지역코드,1022,제2종일반주거지역,1,0,,제2종일반주거지역,20221008
경상남도 양산시 물금읍 범어리 520-4번지,48330,25324,0,0520,0004,12646531,,,,1,용도지역코드,1021,제1종일반주거지역,1,0,,제1종일반주거지역,20221008
경상남도 양산시 물금읍 범어리 520-4번지,48330,25324,0,0520,0004,12646531,,,,3,용도구역코드,300,지구단위계획구역,1,0,,지구단위계획구역,20221008
경상남도 양산시 물금읍 범어리 520-5번지,48330,25324,0,0520,0005,1264100023270,,,,1,용도지역코드,UQA121,제1종일반주거지역,1,0,,제1종일반주거지역,20221008
경상남도 양산시 물금읍 범어리 520-5번지,48330,25324,0,0520,0005,1264100023270,,,,3,용도구역코드,UQQ310,제1종지구단위계획구역,1,0,,제1종지구단위계획구역,20221008
경상남도 양산시 물금읍 범어리 520-5번지,48330,25324,0,0520,0005,1264100009390,,,,3,용도구역코드,301,제1종지구단위계획구역,1,0,,제1종지구단위계획구역,20221008
경상남도 양산시 물금읍 범어리 520-5번지,48330,25324,0,0520,0005,1264100009390,,,,1,용도지역코드,1021,제1종일반주거지역,1,0,,제1종일반주거지역,20221008
경상남도 양산시 물금읍 범어리 520-7번지,48330,25324,0,0520,0007,1264100066259,,,,1,용도지역코드,UQA121,제1종일반주거지역,1,0,,제1종일반주거지역,20221008
경상남도 양산시 물금읍 범어리 520-7번지,48330,25324,0,0520,0007,1264100066259,,,,3,용도구역코드,UQQ310,제1종지구단위계획구역,1,0,,제1종지구단위계획구역,20221008
경상남도 양산시 물금읍 범어리 520-11번지,48330,25324,0,0520,0011,1264100146344,,,,1,용도지역코드,UQA121,제1종일반주거지역,1,0,,제1종일반주거지역,20221008
경상남도 양산시 물금읍 범어리 520-11번지,48330,25324,0,0520,0011,1264100146344,,,,3,용도구역코드,UQQ310,제1종지구단위계획구역,1,0,,제1종지구단위계획구역,20221008
경상남도 양산시 물금읍 범어리 520-13번지,48330,25324,0,0520,0013,1264100070479,,,,1,용도지역코드,UQA121,제1종일반주거지역,1,0,,제1종일반주거지역,20221008
경상남도 양산시 물금읍 범어리 520-13번지,48330,25324,0,0520,0013,1264100070479,,,,3,용도구역코드,UQQ310,제1종지구단위계획구역,1,0,,제1종지구단위계획구역,20221008
경상남도 양산시 물금읍 범어리 521-1번지,48330,25324,0,0521,0001,1264100083202,,,,1,용도지역코드,UQA121,제1종일반주거지역,1,0,,제1종일반주거지역,20221008
경상남도 양산시 물금읍 범어리 521-1번지,48330,25324,0,0521,0001,1264100083202,,,,3,용도구역코드,UQQ310,제1종지구단위계획구역,1,0,,제1종지구단위계획구역,20221008
경상남도 양산시 물금읍 범어리 521-1번지,48330,25324,0,0521,0001,1264100083202,,,,3,용도구역코드,UOA120,상대보호구역,0,0,,상대정화구역,20221008
경상남도 양산시 물금읍 범어리 521-1번지,48330,25324,0,0521,0001,1264100076220,,,,1,용도지역코드,UQA121,제1종일반주거지역,1,0,,제1종일반주거지역,20221008
경상남도 양산시 물금읍 범어리 521-1번지,48330,25324,0,0521,0001,1264100076220,,,,3,용도구역코드,UQQ310,제1종지구단위계획구역,1,0,,제1종지구단위계획구역,20221008
경상남도 양산시 물금읍 범어리 521-3번지,48330,25324,0,0521,0003,12643916,,,,1,용도지역코드,1020,일반주거지역,1,0,,일반주거지역,20221008
경상남도 양산시 물금읍 범어리 521-3번지,48330,25324,0,0521,0003,1264100026329,,,,1,용도지역코드,UQA121,제1종일반주거지역,1,0,,제1종일반주거지역,20221008
경상남도 양산시 물금읍 범어리 521-3번지,48330,25324,0,0521,0003,1264100026329,,,,3,용도구역코드,UQQ310,제1종지구단위계획구역,1,0,,제1종지구단위계획구역,20221008
경상남도 양산시 물금읍 범어리 521-3번지,48330,25324,0,0521,0003,1264100026329,,,,3,용도구역코드,UOA120,상대보호구역,0,0,,상대정화구역,20221008
경상남도 양산시 물금읍 범어리 521-4번지,48330,25324,0,0521,0004,1264100118697,,,,1,용도지역코드,UQA121,제1종일반주거지역,1,0,,제1종일반주거지역,20221008
경상남도 양산시 물금읍 범어리 521-4번지,48330,25324,0,0521,0004,1264100118697,,,,3,용도구역코드,UQQ310,제1종지구단위계획구역,1,0,,제1종지구단위계획구역,20221008
경상남도 양산시 물금읍 범어리 521-7번지,48330,25324,0,0521,0007,1264100142545,,,,1,용도지역코드,UQA121,제1종일반주거지역,1,0,,제1종일반주거지역,20221008
경상남도 양산시 물금읍 범어리 521-7번지,48330,25324,0,0521,0007,1264100142545,,,,3,용도구역코드,UQQ310,제1종지구단위계획구역,1,0,,제1종지구단위계획구역,20221008
경상남도 양산시 물금읍 범어리 521-10번지,48330,25324,0,0521,0010,1264100157511,,,,3,용도구역코드,UOA120,상대보호구역,1,0,,상대보호구역,20230927
경상남도 양산시 물금읍 범어리 521-10번지,48330,25324,0,0521,0010,1264100157511,,,,1,용도지역코드,UQA121,제1종일반주거지역,1,0,,제1종일반주거지역,20230927
경상남도 양산시 물금읍 범어리 521-10번지,48330,25324,0,0521,0010,1264100157511,,,,3,용도구역코드,UQQ310,제1종지구단위계획구역,0,0,,제1종지구단위계획구역,20230927
경상남도 양산시 물금읍 범어리 521-10번지,48330,25324,0,0521,0010,1264100107094,,,,1,용도지역코드,UQA121,제1종일반주거지역,1,0,,제1종일반주거지역,20221008
경상남도 양산시 물금읍 범어리 521-10번지,48330,25324,0,0521,0010,1264100107094,,,,3,용도구역코드,UQQ310,제1종지구단위계획구역,1,0,,제1종지구단위계획구역,20221008
경상남도 양산시 물금읍 범어리 521-10번지,48330,25324,0,0521,0010,1264100107094,,,,3,용도구역코드,UOA120,상대보호구역,0,0,,상대정화구역,20221008
경상남도 양산시 물금읍 범어리 521-10번지,48330,25324,0,0521,0010,1264100107094,,,,3,용도구역코드,UOA110,절대정화구역,0,0,,절대정화구역,20221008
경상남도 양산시 물금읍 범어리 521-11번지,48330,25324,0,0521,0011,1264100139004,,,,1,용도지역코드,UQA121,제1종일반주거지역,1,0,,제1종일반주거지역,20221008
경상남도 양산시 물금읍 범어리 521-11번지,48330,25324,0,0521,0011,1264100139004,,,,3,용도구역코드,UQQ310,제1종지구단위계획구역,1,0,,제1종지구단위계획구역,20221008
경상남도 양산시 물금읍 범어리 521-11번지,48330,25324,0,0521,0011,12645428,,,,1,용도지역코드,1022,제2종일반주거지역,1,0,,제2종일반주거지역,20221008
경상남도 양산시 물금읍 범어리 522-2번지,48330,25324,0,0522,0002,12643148,,,,1,용도지역코드,1020,일반주거지역,1,0,,일반주거지역,20221008
경상남도 양산시 물금읍 범어리 522-5번지,48330,25324,0,0522,0005,12642354,,,,1,용도지역코드,1020,일반주거지역,1,0,,일반주거지역,20221008
경상남도 양산시 물금읍 범어리 522-7번지,48330,25324,0,0522,0007,12643942,,,,1,용도지역코드,1020,일반주거지역,1,0,,일반주거지역,20221008
경상남도 양산시 물금읍 범어리 522-8번지,48330,25324,0,0522,0008,1264100035333,,,,1,용도지역코드,UQA121,제1종일반주거지역,1,0,,제1종일반주거지역,20221008
경상남도 양산시 물금읍 범어리 522-9번지,48330,25324,0,0522,0009,12648096,,,,1,용도지역코드,1021,제1종일반주거지역,1,0,,제1종일반주거지역,20221008
경상남도 양산시 물금읍 범어리 522-9번지,48330,25324,0,0522,0009,12648096,,,,3,용도구역코드,010,도시계획구역,1,0,,도시계획구역,20221008
경상남도 양산시 물금읍 범어리 522-9번지,48330,25324,0,0522,0009,12648096,,,,3,용도구역코드,300,지구단위계획구역,0,0,,지구단위계획구역,20221008
경상남도 양산시 물금읍 범어리 523-1번지,48330,25324,0,0523,0001,12645419,,,,1,용도지역코드,1022,제2종일반주거지역,1,0,,제2종일반주거지역,20221008
경상남도 양산시 물금읍 범어리 523-1번지,48330,25324,0,0523,0001,12645419,,,,3,용도구역코드,301,제1종지구단위계획구역,1,0,,제1종지구단위계획구역,20221008
경상남도 양산시 물금읍 범어리 523-2번지,48330,25324,0,0523,0002,1264100084761,,,,1,용도지역코드,UQA121,제1종일반주거지역,1,0,,제1종일반주거지역,20221008
경상남도 양산시 물금읍 범어리 523-2번지,48330,25324,0,0523,0002,1264100084761,,,,3,용도구역코드,UQQ310,제1종지구단위계획구역,1,0,,제1종지구단위계획구역,20221008
경상남도 양산시 물금읍 범어리 523-4번지,48330,25324,0,0523,0004,1264100026409,,,,1,용도지역코드,UQA121,제1종일반주거지역,1,0,,제1종일반주거지역,20221008
경상남도 양산시 물금읍 범어리 523-4번지,48330,25324,0,0523,0004,1264100026409,,,,3,용도구역코드,UQQ310,제1종지구단위계획구역,1,0,,제1종지구단위계획구역,20221008
경상남도 양산시 물금읍 범어리 523-4번지,48330,25324,0,0523,0004,1264100027313,,,,1,용도지역코드,UQA121,제1종일반주거지역,1,0,,제1종일반주거지역,20221008
경상남도 양산시 물금읍 범어리 523-4번지,48330,25324,0,0523,0004,1264100027313,,,,3,용도구역코드,UQQ310,제1종지구단위계획구역,1,0,,제1종지구단위계획구역,20221008
경상남도 양산시 물금읍 범어리 523-8번지,48330,25324,0,0523,0008,1264100094550,,,,1,용도지역코드,UQA121,제1종일반주거지역,1,0,,제1종일반주거지역,20221008
경상남도 양산시 물금읍 범어리 523-8번지,48330,25324,0,0523,0008,1264100094550,,,,3,용도구역코드,UQQ310,제1종지구단위계획구역,1,0,,제1종지구단위계획구역,20221008
경상남도 양산시 물금읍 범어리 523-9번지,48330,25324,0,0523,0009,1264100083748,,,,1,용도지역코드,UQA121,제1종일반주거지역,1,0,,제1종일반주거지역,20221008
경상남도 양산시 물금읍 범어리 523-9번지,48330,25324,0,0523,0009,1264100083748,,,,3,용도구역코드,UQQ310,제1종지구단위계획구역,1,0,,제1종지구단위계획구역,20221008
경상남도 양산시 물금읍 범어리 523-10번지,48330,25324,0,0523,0010,12645177,,,,1,용도지역코드,1022,제2종일반주거지역,1,0,,제2종일반주거지역,20221008
경상남도 양산시 물금읍 범어리 524-4번지,48330,25324,0,0524,0004,1264100119079,,,,1,용도지역코드,UQA121,제1종일반주거지역,1,0,,제1종일반주거지역,20221008
경상남도 양산시 물금읍 범어리 524-4번지,48330,25324,0,0524,0004,1264100119079,,,,3,용도구역코드,UQQ310,제1종지구단위계획구역,1,0,,제1종지구단위계획구역,20221008
경상남도 양산시 물금읍 범어리 524-4번지,48330,25324,0,0524,0004,1264100119079,,,,3,용도구역코드,UMZ100,가축사육제한구역,0,0,,가축사육제한구역,20221008
경상남도 양산시 물금읍 범어리 524-5번지,48330,25324,0,0524,0005,1264100015140,,,,1,용도지역코드,1021,제1종일반주거지역,1,0,,제1종일반주거지역,20221008
경상남도 양산시 물금읍 범어리 524-5번지,48330,25324,0,0524,0005,1264100015140,,,,3,용도구역코드,301,제1종지구단위계획구역,1,0,,제1종지구단위계획구역,20221008
경상남도 양산시 물금읍 범어리 524-7번지,48330,25324,0,0524,0007,1264100020196,,,,1,용도지역코드,1021,제1종일반주거지역,1,0,,제1종일반주거지역,20221008
경상남도 양산시 물금읍 범어리 524-7번지,48330,25324,0,0524,0007,1264100020196,,,,3,용도구역코드,301,제1종지구단위계획구역,1,0,,제1종지구단위계획구역,20221008
경상남도 양산시 물금읍 범어리 524-7번지,48330,25324,0,0524,0007,1264100016856,,,,1,용도지역코드,1021,제1종일반주거지역,1,0,,제1종일반주거지역,20221008
경상남도 양산시 물금읍 범어리 524-7번지,48330,25324,0,0524,0007,1264100016856,,,,3,용도구역코드,301,제1종지구단위계획구역,1,0,,제1종지구단위계획구역,20221008
경상남도 양산시 물금읍 범어리 524-10번지,48330,25324,0,0524,0010,1264100026890,,,,1,용도지역코드,UQA121,제1종일반주거지역,1,0,,제1종일반주거지역,20221008
경상남도 양산시 물금읍 범어리 524-10번지,48330,25324,0,0524,0010,1264100026890,,,,3,용도구역코드,UQQ310,제1종지구단위계획구역,1,0,,제1종지구단위계획구역,20221008
경상남도 양산시 물금읍 범어리 524-11번지,48330,25324,0,0524,0011,12644699,,,,1,용도지역코드,0100,도시지역,1,0,,도시지역,20221008
경상남도 양산시 물금읍 범어리 524-11번지,48330,25324,0,0524,0011,12644699,,,,1,용도지역코드,1022,제2종일반주거지역,0,0,,제2종일반주거지역,20221008
경상남도 양산시 물금읍 범어리 524-12번지,48330,25324,0,0524,0012,1264100059992,,,,1,용도지역코드,UQA121,제1종일반주거지역,1,0,,제1종일반주거지역,20221008
경상남도 양산시 물금읍 범어리 524-12번지,48330,25324,0,0524,0012,1264100059992,,,,3,용도구역코드,UQQ310,제1종지구단위계획구역,1,0,,제1종지구단위계획구역,20221008
경상남도 양산시 물금읍 범어리 524-13번지,48330,25324,0,0524,0013,12644588,,,,1,용도지역코드,1022,제2종일반주거지역,1,0,,제2종일반주거지역,20221008
경상남도 양산시 물금읍 범어리 524-14번지,48330,25324,0,0524,0014,1264100112317,,,,1,용도지역코드,UQA121,제1종일반주거지역,1,0,,제1종일반주거지역,20221008
경상남도 양산시 물금읍 범어리 524-14번지,48330,25324,0,0524,0014,1264100112317,,,,3,용도구역코드,UQQ310,제1종지구단위계획구역,1,0,,제1종지구단위계획구역,20221008
경상남도 양산시 물금읍 범어리 524-14번지,48330,25324,0,0524,0014,12642396,,,,1,용도지역코드,1020,일반주거지역,1,0,,일반주거지역,20221008
경상남도 양산시 물금읍 범어리 524-15번지,48330,25324,0,0524,0015,12644607,,,,1,용도지역코드,0100,도시지역,0,0,,도시지역,20221008
경상남도 양산시 물금읍 범어리 524-15번지,48330,25324,0,0524,0015,12644607,,,,1,용도지역코드,1022,제2종일반주거지역,1,0,,제2종일반주거지역,20221008
경상남도 양산시 물금읍 범어리 524-15번지,48330,25324,0,0524,0015,12644607,,,,3,용도구역코드,140,택지개발사업구역,1,0,,택지개발사업구역,20221008
경상남도 양산시 물금읍 범어리 525-1번지,48330,25324,0,0525,0001,12648525,,,,1,용도지역코드,1021,제1종일반주거지역,1,0,,제1종일반주거지역,20221008
경상남도 양산시 물금읍 범어리 525-1번지,48330,25324,0,0525,0001,12648525,,,,3,용도구역코드,301,제1종지구단위계획구역,1,0,,제1종지구단위계획구역,20221008
경상남도 양산시 물금읍 범어리 525-3번지,48330,25324,0,0525,0003,1264100145324,,,,1,용도지역코드,UQA121,제1종일반주거지역,1,0,,제1종일반주거지역,20221008
경상남도 양산시 물금읍 범어리 525-3번지,48330,25324,0,0525,0003,1264100145324,,,,3,용도구역코드,UQQ310,제1종지구단위계획구역,1,0,,제1종지구단위계획구역,20221008
경상남도 양산시 물금읍 범어리 525-3번지,48330,25324,0,0525,0003,1264100018135,,,,1,용도지역코드,1021,제1종일반주거지역,1,0,,제1종일반주거지역,20221008
경상남도 양산시 물금읍 범어리 525-3번지,48330,25324,0,0525,0003,1264100018135,,,,3,용도구역코드,301,제1종지구단위계획구역,1,0,,제1종지구단위계획구역,20221008
경상남도 양산시 물금읍 범어리 525-4번지,48330,25324,0,0525,0004,1000000000000000355752,,,,1,용도지역코드,UQA121,제1종일반주거지역,1,0,,제1종일반주거지역,20250306
경상남도 양산시 물금읍 범어리 525-4번지,48330,25324,0,0525,0004,1000000000000000355752,,,,3,용도구역코드,UQQ310,제1종지구단위계획구역,1,0,,제1종지구단위계획구역,20250306
경상남도 양산시 물금읍 범어리 525-5번지,48330,25324,0,0525,0005,12646514,,,,1,용도지역코드,1021,제1종일반주거지역,1,0,,제1종일반주거지역,20221008
경상남도 양산시 물금읍 범어리 525-5번지,48330,25324,0,0525,0005,12646514,,,,3,용도구역코드,300,지구단위계획구역,1,0,,지구단위계획구역,20221008
경상남도 양산시 물금읍 범어리 525-7번지,48330,25324,0,0525,0007,12641592,,,,1,용도지역코드,1020,일반주거지역,1,0,,일반주거지역,20221008
경상남도 양산시 물금읍 범어리 525-12번지,48330,25324,0,0525,0012,1264100050553,,,,1,용도지역코드,UQA121,제1종일반주거지역,1,0,,제1종일반주거지역,20221008
경상남도 양산시 물금읍 범어리 525-12번지,48330,25324,0,0525,0012,1264100050553,,,,3,용도구역코드,UQQ310,제1종지구단위계획구역,1,0,,제1종지구단위계획구역,20221008
경상남도 양산시 물금읍 범어리 525-13번지,48330,25324,0,0525,0013,1264100019257,,,,1,용도지역코드,1021,제1종일반주거지역,1,0,,제1종일반주거지역,20221008
경상남도 양산시 물금읍 범어리 525-13번지,48330,25324,0,0525,0013,1264100019257,,,,3,용도구역코드,301,제1종지구단위계획구역,1,0,,제1종지구단위계획구역,20221008
경상남도 양산시 물금읍 범어리 525-13번지,48330,25324,0,0525,0013,1264100015774,,,,1,용도지역코드,1021,제1종일반주거지역,1,0,,제1종일반주거지역,20221008
경상남도 양산시 물금읍 범어리 525-13번지,48330,25324,0,0525,0013,1264100015774,,,,3,용도구역코드,301,제1종지구단위계획구역,1,0,,제1종지구단위계획구역,20221008
경상남도 양산시 물금읍 범어리 526-1번지,48330,25324,0,0526,0001,1264100049047,,,,1,용도지역코드,UQA121,제1종일반주거지역,1,0,,제1종일반주거지역,20221008
경상남도 양산시 물금읍 범어리 526-1번지,48330,25324,0,0526,0001,1264100049047,,,,3,용도구역코드,UQQ310,제1종지구단위계획구역,1,0,,제1종지구단위계획구역,20221008
경상남도 양산시 물금읍 범어리 526-2번지,48330,25324,0,0526,0002,12647629,,,,1,용도지역코드,1021,제1종일반주거지역,1,0,,제1종일반주거지역,20221008
경상남도 양산시 물금읍 범어리 526-2번지,48330,25324,0,0526,0002,12647629,,,,3,용도구역코드,301,제1종지구단위계획구역,1,0,,제1종지구단위계획구역,20221008
경상남도 양산시 물금읍 범어리 526-4번지,48330,25324,0,0526,0004,12644324,,,,1,용도지역코드,1022,제2종일반주거지역,1,0,,제2종일반주거지역,20221008
경상남도 양산시 물금읍 범어리 526-10번지,48330,25324,0,0526,0010,1000000000000000746166,,,,1,용도지역코드,UQA121,제1종일반주거지역,1,0,,제1종일반주거지역,20250701
경상남도 양산시 물금읍 범어리 526-10번지,48330,25324,0,0526,0010,1000000000000000746166,,,,3,용도구역코드,UQQ300,지구단위계획구역,1,0,,지구단위계획구역,20250701
경상남도 양산시 물금읍 범어리 526-10번지,48330,25324,0,0526,0010,1000000000000000746166,,,,1,용도지역코드,UQA121,제1종일반주거지역,1,0,,제1종일반주거지역,20250716
경상남도 양산시 물금읍 범어리 526-10번지,48330,25324,0,0526,0010,1000000000000000746166,,,,3,용도구역코드,UQQ300,지구단위계획구역,1,0,,지구단위계획구역,20250716
경상남도 양산시 물금읍 범어리 526-10번지,48330,25324,0,0526,0010,1264100145023,,,,1,용도지역코드,UQA121,제1종일반주거지역,1,0,,제1종일반주거지역,20221008
경상남도 양산시 물금읍 범어리 526-10번지,48330,25324,0,0526,0010,1264100145023,,,,3,용도구역코드,UQQ310,제1종지구단위계획구역,1,0,,제1종지구단위계획구역,20221008
경상남도 양산시 물금읍 범어리 526-10번지,48330,25324,0,0526,0010,1264100148951,,,,1,용도지역코드,UQA121,제1종일반주거지역,1,0,,제1종일반주거지역,20221008
경상남도 양산시 물금읍 범어리 526-10번지,48330,25324,0,0526,0010,1264100148951,,,,3,용도구역코드,UQQ310,제1종지구단위계획구역,1,0,,제1종지구단위계획구역,20221008
경상남도 양산시 물금읍 범어리 526-11번지,48330,25324,0,0526,0011,1264100086523,,,,1,용도지역코드,UQA121,제1종일반주거지역,1,0,,제1종일반주거지역,20221008
경상남도 양산시 물금읍 범어리 526-11번지,48330,25324,0,0526,0011,1264100086523,,,,3,용도구역코드,UQQ310,제1종지구단위계획구역,1,0,,제1종지구단위계획구역,20221008
경상남도 양산시 물금읍 범어리 526-12번지,48330,25324,0,0526,0012,1264100055689,,,,1,용도지역코드,UQA121,제1종일반주거지역,1,0,,제1종일반주거지역,20221008
경상남도 양산시 물금읍 범어리 526-12번지,48330,25324,0,0526,0012,1264100055689,,,,3,용도구역코드,UQQ310,제1종지구단위계획구역,1,0,,제1종지구단위계획구역,20221008
경상남도 양산시 물금읍 범어리 526-13번지,48330,25324,0,0526,0013,12644326,,,,1,용도지역코드,1022,제2종일반주거지역,1,0,,제2종일반주거지역,20221008
경상남도 양산시 물금읍 범어리 526-14번지,48330,25324,0,0526,0014,12644942,,,,1,용도지역코드,1022,제2종일반주거지역,1,0,,제2종일반주거지역,20221008
경상남도 양산시 물금읍 범어리 526-15번지,48330,25324,0,0526,0015,1264100020476,,,,1,용도지역코드,1021,제1종일반주거지역,1,0,,제1종일반주거지역,20221008
경상남도 양산시 물금읍 범어리 526-15번지,48330,25324,0,0526,0015,1264100020476,,,,3,용도구역코드,301,제1종지구단위계획구역,1,0,,제1종지구단위계획구역,20221008
경상남도 양산시 물금읍 범어리 526-15번지,48330,25324,0,0526,0015,12646462,,,,1,용도지역코드,1021,제1종일반주거지역,1,0,,제1종일반주거지역,20221008
경상남도 양산시 물금읍 범어리 526-15번지,48330,25324,0,0526,0015,12646462,,,,2,용도지구코드,280,택지개발예정지구,1,0,,택지개발예정지구,20221008
경상남도 양산시 물금읍 범어리 526-15번지,48330,25324,0,0526,0015,12646462,,,,3,용도구역코드,300,지구단위계획구역,1,0,,지구단위계획구역,20221008
경상남도 양산시 물금읍 범어리 526-16번지,48330,25324,0,0526,0016,12644777,,,,1,용도지역코드,1012,제2종전용주거지역,1,0,,제2종 전용주거지역,20221008
경상남도 양산시 물금읍 범어리 526-16번지,48330,25324,0,0526,0016,12644777,,,,2,용도지구코드,160,택지개발지구,1,0,,택지개발지구,20221008
경상남도 양산시 물금읍 범어리 526-16번지,48330,25324,0,0526,0016,12644777,,,,3,용도구역코드,300,지구단위계획구역,1,0,,지구단위계획구역,20221008
경상남도 양산시 물금읍 범어리 526-17번지,48330,25324,0,0526,0017,1264100084901,,,,1,용도지역코드,UQA121,제1종일반주거지역,1,0,,제1종일반주거지역,20221008
경상남도 양산시 물금읍 범어리 526-17번지,48330,25324,0,0526,0017,1264100084901,,,,3,용도구역코드,UQQ310,제1종지구단위계획구역,1,0,,제1종지구단위계획구역,20221008
경상남도 양산시 물금읍 범어리 526-19번지,48330,25324,0,0526,0019,12646390,,,,1,용도지역코드,1021,제1종일반주거지역,1,0,,제1종일반주거지역,20221008
경상남도 양산시 물금읍 범어리 526-19번지,48330,25324,0,0526,0019,12646390,,,,2,용도지구코드,160,택지개발지구,1,0,,택지개발지구,20221008
경상남도 양산시 물금읍 범어리 526-19번지,48330,25324,0,0526,0019,12646390,,,,3,용도구역코드,301,제1종지구단위계획구역,1,0,,제1종지구단위계획구역,20221008
경상남도 양산시 물금읍 범어리 527-1번지,48330,25324,0,0527,0001,1264100019357,,,,1,용도지역코드,1021,제1종일반주거지역,1,0,,제1종일반주거지역,20221008
경상남도 양산시 물금읍 범어리 527-1번지,48330,25324,0,0527,0001,1264100019357,,,,3,용도구역코드,301,제1종지구단위계획구역,1,0,,제1종지구단위계획구역,20221008
경상남도 양산시 물금읍 범어리 527-3번지,48330,25324,0,0527,0003,1000000000000000870602,,,,3,용도구역코드,UMZ100,가축사육제한구역,0,0,,가축사육제한구역,20260324
경상남도 양산시 물금읍 범어리 527-3번지,48330,25324,0,0527,0003,1000000000000000870602,,,,1,용도지역코드,UQA121,제1종일반주거지역,1,0,,제1종일반주거지역,20260324
경상남도 양산시 물금읍 범어리 527-3번지,48330,25324,0,0527,0003,1000000000000000870602,,,,3,용도구역코드,UQQ300,지구단위계획구역,1,0,,지구단위계획구역,20260324
경상남도 양산시 물금읍 범어리 527-5번지,48330,25324,0,0527,0005,1264100027509,,,,1,용도지역코드,UQA121,제1종일반주거지역,1,0,,제1종일반주거지역,20221008
경상남도 양산시 물금읍 범어리 527-5번지,48330,25324,0,0527,0005,1264100027509,,,,3,용도구역코드,UQQ310,제1종지구단위계획구역,1,0,,제1종지구단위계획구역,20221008
경상남도 양산시 물금읍 범어리 527-6번지,48330,25324,0,0527,0006,12644321,,,,1,용도지역코드,1022,제2종일반주거지역,1,0,,제2종일반주거지역,20221008
경상남도 양산시 물금읍 범어리 527-7번지,48330,25324,0,0527,0007,1264100140924,,,,1,용도지역코드,UQA121,제1종일반주거지역,1,0,,제1종일반주거지역,20221008
경상남도 양산시 물금읍 범어리 527-7번지,48330,25324,0,0527,0007,1264100140924,,,,3,용도구역코드,UQQ310,제1종지구단위계획구역,1,0,,제1종지구단위계획구역,20221008
경상남도 양산시 물금읍 범어리 527-7번지,48330,25324,0,0527,0007,1264100140924,,,,3,용도구역코드,UMZ100,가축사육제한구역,0,0,,가축사육제한구역,20221008
경상남도 양산시 물금읍 범어리 527-8번지,48330,25324,0,0527,0008,12646852,,,,1,용도지역코드,1021,제1종일반주거지역,1,0,,제1종일반주거지역,20221008
경상남도 양산시 물금읍 범어리 527-8번지,48330,25324,0,0527,0008,12646852,,,,3,용도구역코드,300,지구단위계획구역,1,0,,지구단위계획구역,20221008
경상남도 양산시 물금읍 범어리 527-8번지,48330,25324,0,0527,0008,12642239,,,,1,용도지역코드,1020,일반주거지역,1,0,,일반주거지역,20221008
경상남도 양산시 물금읍 범어리 527-8번지,48330,25324,0,0527,0008,1264100042443,,,,1,용도지역코드,UQA121,제1종일반주거지역,1,0,,제1종일반주거지역,20221008
경상남도 양산시 물금읍 범어리 527-8번지,48330,25324,0,0527,0008,1264100042443,,,,3,용도구역코드,UQQ310,제1종지구단위계획구역,1,0,,제1종지구단위계획구역,20221008
경상남도 양산시 물금읍 범어리 527-9번지,48330,25324,0,0527,0009,12646515,,,,1,용도지역코드,1021,제1종일반주거지역,1,0,,제1종일반주거지역,20221008
경상남도 양산시 물금읍 범어리 527-9번지,48330,25324,0,0527,0009,12646515,,,,3,용도구역코드,300,지구단위계획구역,1,0,,지구단위계획구역,20221008
경상남도 양산시 물금읍 범어리 527-11번지,48330,25324,0,0527,0011,1264100073100,,,,1,용도지역코드,UQA121,제1종일반주거지역,1,0,,제1종일반주거지역,20221008
경상남도 양산시 물금읍 범어리 527-11번지,48330,25324,0,0527,0011,1264100073100,,,,3,용도구역코드,UQQ310,제1종지구단위계획구역,1,0,,제1종지구단위계획구역,20221008
경상남도 양산시 물금읍 범어리 527-12번지,48330,25324,0,0527,0012,12644332,,,,1,용도지역코드,1022,제2종일반주거지역,1,0,,제2종일반주거지역,20221008
경상남도 양산시 물금읍 범어리 527-12번지,48330,25324,0,0527,0012,1000000000000000814157,,,,3,용도구역코드,UQQ300,지구단위계획구역,1,0,,지구단위계획구역,20260422
경상남도 양산시 물금읍 범어리 527-12번지,48330,25324,0,0527,0012,1000000000000000814157,,,,1,용도지역코드,UQA121,제1종일반주거지역,1,0,,제1종일반주거지역,20260422
경상남도 양산시 물금읍 범어리 527-14번지,48330,25324,0,0527,0014,1264100040053,,,,1,용도지역코드,UQA121,제1종일반주거지역,1,0,,제1종일반주거지역,20221008
경상남도 양산시 물금읍 범어리 527-15번지,48330,25324,0,0527,0015,12644962,,,,1,용도지역코드,1020,일반주거지역,1,0,,일반주거지역,20221008
경상남도 양산시 물금읍 범어리 527-16번지,48330,25324,0,0527,0016,12644963,,,,1,용도지역코드,1220,일반공업지역,0,0,,일반공업지역,20221008
경상남도 양산시 물금읍 범어리 527-16번지,48330,25324,0,0527,0016,12644963,,,,1,용도지역코드,1020,일반주거지역,1,0,,일반주거지역,20221008
경상남도 양산시 물금읍 범어리 528-1번지,48330,25324,0,0528,0001,1264100044245,,,,1,용도지역코드,UQA121,제1종일반주거지역,1,0,,제1종일반주거지역,20221008
경상남도 양산시 물금읍 범어리 528-1번지,48330,25324,0,0528,0001,1264100044245,,,,3,용도구역코드,UQQ310,제1종지구단위계획구역,1,0,,제1종지구단위계획구역,20221008
경상남도 양산시 물금읍 범어리 528-1번지,48330,25324,0,0528,0001,1264100102513,,,,1,용도지역코드,UQA121,제1종일반주거지역,1,0,,제1종일반주거지역,20221008
경상남도 양산시 물금읍 범어리 528-1번지,48330,25324,0,0528,0001,1264100102513,,,,3,용도구역코드,UQQ310,제1종지구단위계획구역,1,0,,제1종지구단위계획구역,20221008
경상남도 양산시 물금읍 범어리 528-1번지,48330,25324,0,0528,0001,1264100040562,,,,1,용도지역코드,UQA121,제1종일반주거지역,1,0,,제1종일반주거지역,20221008
경상남도 양산시 물금읍 범어리 528-1번지,48330,25324,0,0528,0001,1264100040562,,,,3,용도구역코드,UQQ310,제1종지구단위계획구역,1,0,,제1종지구단위계획구역,20221008
경상남도 양산시 물금읍 범어리 528-3번지,48330,25324,0,0528,0003,1264100017236,,,,1,용도지역코드,1021,제1종일반주거지역,1,0,,제1종일반주거지역,20221008
경상남도 양산시 물금읍 범어리 528-3번지,48330,25324,0,0528,0003,1264100017236,,,,3,용도구역코드,301,제1종지구단위계획구역,1,0,,제1종지구단위계획구역,20221008
경상남도 양산시 물금읍 범어리 528-6번지,48330,25324,0,0528,0006,1264100125961,,,,1,용도지역코드,UQA121,제1종일반주거지역,1,0,,제1종일반주거지역,20221008
경상남도 양산시 물금읍 범어리 528-6번지,48330,25324,0,0528,0006,1264100125961,,,,3,용도구역코드,UQQ310,제1종지구단위계획구역,1,0,,제1종지구단위계획구역,20221008
경상남도 양산시 물금읍 범어리 528-7번지,48330,25324,0,0528,0007,1264100115377,,,,1,용도지역코드,UQA121,제1종일반주거지역,1,0,,제1종일반주거지역,20221008
경상남도 양산시 물금읍 범어리 528-7번지,48330,25324,0,0528,0007,1264100115377,,,,3,용도구역코드,UQQ310,제1종지구단위계획구역,1,0,,제1종지구단위계획구역,20221008
경상남도 양산시 물금읍 범어리 528-7번지,48330,25324,0,0528,0007,1264100115377,,,,3,용도구역코드,UMZ100,가축사육제한구역,0,0,,가축사육제한구역,20221008
경상남도 양산시 물금읍 범어리 528-8번지,48330,25324,0,0528,0008,1000000000000000498089,,,,1,용도지역코드,UQA121,제1종일반주거지역,1,0,,제1종일반주거지역,20241120
경상남도 양산시 물금읍 범어리 528-10번지,48330,25324,0,0528,0010,12646745,,,,1,용도지역코드,1021,제1종일반주거지역,1,0,,제1종일반주거지역,20221008
경상남도 양산시 물금읍 범어리 528-10번지,48330,25324,0,0528,0010,12646745,,,,3,용도구역코드,301,제1종지구단위계획구역,1,0,,제1종지구단위계획구역,20221008
경상남도 양산시 물금읍 범어리 528-11번지,48330,25324,0,0528,0011,12646742,,,,1,용도지역코드,1021,제1종일반주거지역,1,0,,제1종일반주거지역,20221008
경상남도 양산시 물금읍 범어리 528-11번지,48330,25324,0,0528,0011,12646742,,,,3,용도구역코드,301,제1종지구단위계획구역,1,0,,제1종지구단위계획구역,20221008
경상남도 양산시 물금읍 범어리 529-3번지,48330,25324,0,0529,0003,12641591,,,,1,용도지역코드,1020,일반주거지역,1,0,,일반주거지역,20221008
경상남도 양산시 물금읍 범어리 529-4번지,48330,25324,0,0529,0004,1264100030317,,,,1,용도지역코드,UQA121,제1종일반주거지역,1,0,,제1종일반주거지역,20221008
경상남도 양산시 물금읍 범어리 529-4번지,48330,25324,0,0529,0004,1264100030317,,,,3,용도구역코드,UQQ310,제1종지구단위계획구역,1,0,,제1종지구단위계획구역,20221008
경상남도 양산시 물금읍 범어리 529-5번지,48330,25324,0,0529,0005,12641598,,,,1,용도지역코드,1020,일반주거지역,1,0,,일반주거지역,20221008
경상남도 양산시 물금읍 범어리 529-7번지,48330,25324,0,0529,0007,12644576,,,,1,용도지역코드,1022,제2종일반주거지역,1,0,,제2종일반주거지역,20221008
경상남도 양산시 물금읍 범어리 529-7번지,48330,25324,0,0529,0007,12644576,,,,2,용도지구코드,160,택지개발지구,1,0,,택지개발지구,20221008
경상남도 양산시 물금읍 범어리 529-7번지,48330,25324,0,0529,0007,12644576,,,,3,용도구역코드,301,제1종지구단위계획구역,1,0,,제1종지구단위계획구역,20221008
경상남도 양산시 물금읍 범어리 529-8번지,48330,25324,0,0529,0008,1264100058775,,,,1,용도지역코드,UQA121,제1종일반주거지역,1,0,,제1종일반주거지역,20221008
경상남도 양산시 물금읍 범어리 529-8번지,48330,25324,0,0529,0008,1264100058775,,,,3,용도구역코드,UQQ310,제1종지구단위계획구역,1,0,,제1종지구단위계획구역,20221008
경상남도 양산시 물금읍 범어리 529-9번지,48330,25324,0,0529,0009,1264100030099,,,,1,용도지역코드,UQA121,제1종일반주거지역,1,0,,제1종일반주거지역,20221008
경상남도 양산시 물금읍 범어리 529-9번지,48330,25324,0,0529,0009,1264100030099,,,,3,용도구역코드,UQQ310,제1종지구단위계획구역,1,0,,제1종지구단위계획구역,20221008
경상남도 양산시 물금읍 범어리 529-11번지,48330,25324,0,0529,0011,12644749,,,,1,용도지역코드,1022,제2종일반주거지역,1,0,,제2종일반주거지역,20221008
경상남도 양산시 물금읍 범어리 529-11번지,48330,25324,0,0529,0011,12644749,,,,2,용도지구코드,980,용도지구미지정,1,0,,용도지구미지정,20221008
경상남도 양산시 물금읍 범어리 529-11번지,48330,25324,0,0529,0011,12644749,,,,3,용도구역코드,980,용도구역미지정,1,0,,용도구역미지정,20221008
경상남도 양산시 물금읍 범어리 529-13번지,48330,25324,0,0529,0013,1264100030316,,,,1,용도지역코드,UQA121,제1종일반주거지역,1,0,,제1종일반주거지역,20221008
경상남도 양산시 물금읍 범어리 529-13번지,48330,25324,0,0529,0013,1264100030316,,,,3,용도구역코드,UQQ310,제1종지구단위계획구역,1,0,,제1종지구단위계획구역,20221008
경상남도 양산시 물금읍 범어리 532-2번지,48330,25324,0,0532,0002,12642384,,,,1,용도지역코드,1020,일반주거지역,1,0,,일반주거지역,20221008
경상남도 양산시 물금읍 범어리 532-3번지,48330,25324,0,0532,0003,12644816,,,,1,용도지역코드,1022,제2종일반주거지역,1,0,,제2종일반주거지역,20221008
경상남도 양산시 물금읍 범어리 532-4번지,48330,25324,0,0532,0004,1264100019405,,,,1,용도지역코드,1021,제1종일반주거지역,1,0,,제1종일반주거지역,20221008
경상남도 양산시 물금읍 범어리 532-4번지,48330,25324,0,0532,0004,1264100019405,,,,3,용도구역코드,271,절대정화구역,1,0,,절대정화구역,20221008
경상남도 양산시 물금읍 범어리 532-5번지,48330,25324,0,0532,0005,1264100020500,,,,1,용도지역코드,1021,제1종일반주거지역,1,0,,제1종일반주거지역,20221008
경상남도 양산시 물금읍 범어리 532-5번지,48330,25324,0,0532,0005,1264100020500,,,,3,용도구역코드,301,제1종지구단위계획구역,1,0,,제1종지구단위계획구역,20221008
경상남도 양산시 물금읍 범어리 532-7번지,48330,25324,0,0532,0007,1264100040664,,,,1,용도지역코드,UQA121,제1종일반주거지역,1,0,,제1종일반주거지역,20221008
경상남도 양산시 물금읍 범어리 532-7번지,48330,25324,0,0532,0007,1264100040664,,,,3,용도구역코드,UQQ310,제1종지구단위계획구역,1,0,,제1종지구단위계획구역,20221008
경상남도 양산시 물금읍 범어리 532-8번지,48330,25324,0,0532,0008,12642646,,,,1,용도지역코드,1020,일반주거지역,1,0,,일반주거지역,20221008
경상남도 양산시 물금읍 범어리 532-12번지,48330,25324,0,0532,0012,12645426,,,,1,용도지역코드,1022,제2종일반주거지역,1,0,,제2종일반주거지역,20221008
경상남도 양산시 물금읍 범어리 532-12번지,48330,25324,0,0532,0012,12645426,,,,2,용도지구코드,160,택지개발지구,1,0,,택지개발지구,20221008
경상남도 양산시 물금읍 범어리 532-12번지,48330,25324,0,0532,0012,12645426,,,,3,용도구역코드,301,제1종지구단위계획구역,1,0,,제1종지구단위계획구역,20221008
경상남도 양산시 물금읍 범어리 533-1번지,48330,25324,0,0533,0001,12642371,,,,1,용도지역코드,1020,일반주거지역,1,0,,일반주거지역,20221008
경상남도 양산시 물금읍 범어리 534-1번지,48330,25324,0,0534,0001,12641690,,,,1,용도지역코드,1020,일반주거지역,1,0,,일반주거지역,20221008
경상남도 양산시 물금읍 범어리 535-1번지,48330,25324,0,0535,0001,12644526,,,,1,용도지역코드,1022,제2종일반주거지역,1,0,,제2종일반주거지역,20221008
경상남도 양산시 물금읍 범어리 535-1번지,48330,25324,0,0535,0001,12644526,,,,2,용도지구코드,160,택지개발지구,1,0,,택지개발지구,20221008
경상남도 양산시 물금읍 범어리 535-1번지,48330,25324,0,0535,0001,12644526,,,,3,용도구역코드,300,지구단위계획구역,1,0,,지구단위계획구역,20221008
경상남도 양산시 물금읍 범어리 535-2번지,48330,25324,0,0535,0002,12641220,535-2번지,,,1,용도지역코드,1020,일반주거지역,1,0,,일반주거지역,20221008
경상남도 양산시 물금읍 범어리 535-5번지,48330,25324,0,0535,0005,1264100152515,,,,1,용도지역코드,UQA121,제1종일반주거지역,1,0,,제1종일반주거지역,20221008
경상남도 양산시 물금읍 범어리 535-5번지,48330,25324,0,0535,0005,1264100152515,,,,3,용도구역코드,UQQ310,제1종지구단위계획구역,1,0,,제1종지구단위계획구역,20221008
경상남도 양산시 물금읍 범어리 535-7번지,48330,25324,0,0535,0007,12645003,,,,1,용도지역코드,1022,제2종일반주거지역,1,0,,제2종일반주거지역,20221008
경상남도 양산시 물금읍 범어리 535-8번지,48330,25324,0,0535,0008,1264100026669,,,,1,용도지역코드,UQA121,제1종일반주거지역,1,0,,제1종일반주거지역,20221008
경상남도 양산시 물금읍 범어리 535-8번지,48330,25324,0,0535,0008,1264100026669,,,,3,용도구역코드,UQQ310,제1종지구단위계획구역,1,0,,제1종지구단위계획구역,20221008
경상남도 양산시 물금읍 범어리 535-9번지,48330,25324,0,0535,0009,12649357,,,,1,용도지역코드,1021,제1종일반주거지역,1,0,,제1종일반주거지역,20221008
경상남도 양산시 물금읍 범어리 535-11번지,48330,25324,0,0535,0011,1264100059694,,,,1,용도지역코드,UQA121,제1종일반주거지역,1,0,,제1종일반주거지역,20221008
경상남도 양산시 물금읍 범어리 535-11번지,48330,25324,0,0535,0011,1264100059694,,,,3,용도구역코드,UQQ310,제1종지구단위계획구역,1,0,,제1종지구단위계획구역,20221008
경상남도 양산시 물금읍 범어리 535-12번지,48330,25324,0,0535,0012,12644322,,,,1,용도지역코드,1022,제2종일반주거지역,1,0,,제2종일반주거지역,20221008
경상남도 양산시 물금읍 범어리 535-12번지,48330,25324,0,0535,0012,12644337,,,,1,용도지역코드,1022,제2종일반주거지역,1,0,,제2종일반주거지역,20221008
경상남도 양산시 물금읍 범어리 535-14번지,48330,25324,0,0535,0014,12648094,,,,1,용도지역코드,1021,제1종일반주거지역,1,0,,제1종일반주거지역,20221008
경상남도 양산시 물금읍 범어리 535-14번지,48330,25324,0,0535,0014,12648094,,,,3,용도구역코드,010,도시계획구역,0,0,,도시계획구역,20221008
경상남도 양산시 물금읍 범어리 535-14번지,48330,25324,0,0535,0014,12648094,,,,3,용도구역코드,301,제1종지구단위계획구역,1,0,,제1종지구단위계획구역,20221008
경상남도 양산시 물금읍 범어리 535-15번지,48330,25324,0,0535,0015,12645274,,,,1,용도지역코드,1022,제2종일반주거지역,1,0,,제2종일반주거지역,20221008
경상남도 양산시 물금읍 범어리 535-16번지,48330,25324,0,0535,0016,1264100007676,,,,1,용도지역코드,1021,제1종일반주거지역,1,0,,제1종일반주거지역,20221008
경상남도 양산시 물금읍 범어리 535-17번지,48330,25324,0,0535,0017,12642692,,,,1,용도지역코드,1020,일반주거지역,1,0,,일반주거지역,20221008
경상남도 양산시 물금읍 범어리 535-18번지,48330,25324,0,0535,0018,1264100056348,,,,1,용도지역코드,UQA121,제1종일반주거지역,1,0,,제1종일반주거지역,20221008
경상남도 양산시 물금읍 범어리 535-18번지,48330,25324,0,0535,0018,1264100056348,,,,3,용도구역코드,UQQ310,제1종지구단위계획구역,1,0,,제1종지구단위계획구역,20221008
경상남도 양산시 물금읍 범어리 535-21번지,48330,25324,0,0535,0021,1264100069680,,,,3,용도구역코드,UQQ310,제1종지구단위계획구역,1,0,,제1종지구단위계획구역,20221008
경상남도 양산시 물금읍 범어리 535-21번지,48330,25324,0,0535,0021,1264100069680,,,,1,용도지역코드,UQA121,제1종일반주거지역,1,0,,제1종일반주거지역,20221008
경상남도 양산시 물금읍 범어리 537-2번지,48330,25324,0,0537,0002,1264100098315,,,,1,용도지역코드,UQA121,제1종일반주거지역,1,0,,제1종일반주거지역,20221008
경상남도 양산시 물금읍 범어리 537-2번지,48330,25324,0,0537,0002,1264100098315,,,,3,용도구역코드,UQQ310,제1종지구단위계획구역,1,0,,제1종지구단위계획구역,20221008
경상남도 양산시 물금읍 범어리 537-3번지,48330,25324,0,0537,0003,1264100021282,,,,1,용도지역코드,1021,제1종일반주거지역,1,0,,제1종일반주거지역,20221008
경상남도 양산시 물금읍 범어리 537-3번지,48330,25324,0,0537,0003,1264100021282,,,,3,용도구역코드,301,제1종지구단위계획구역,1,0,,제1종지구단위계획구역,20221008
경상남도 양산시 물금읍 범어리 537-3번지,48330,25324,0,0537,0003,1264100007888,,,,1,용도지역코드,1021,제1종일반주거지역,1,0,,제1종일반주거지역,20221008
경상남도 양산시 물금읍 범어리 537-3번지,48330,25324,0,0537,0003,1264100007888,,,,3,용도구역코드,301,제1종지구단위계획구역,1,0,,제1종지구단위계획구역,20221008
경상남도 양산시 물금읍 범어리 537-4번지,48330,25324,0,0537,0004,1264100017777,,,,1,용도지역코드,1021,제1종일반주거지역,1,0,,제1종일반주거지역,20221008
경상남도 양산시 물금읍 범어리 537-4번지,48330,25324,0,0537,0004,1264100017777,,,,3,용도구역코드,301,제1종지구단위계획구역,1,0,,제1종지구단위계획구역,20221008
경상남도 양산시 물금읍 범어리 537-4번지,48330,25324,0,0537,0004,1264100017777,,,,3,용도구역코드,272,상대정화구역,0,0,,상대정화구역,20221008
경상남도 양산시 물금읍 범어리 537-6번지,48330,25324,0,0537,0006,1264100078279,,,,1,용도지역코드,UQA121,제1종일반주거지역,1,0,,제1종일반주거지역,20221008
경상남도 양산시 물금읍 범어리 537-6번지,48330,25324,0,0537,0006,1264100078279,,,,3,용도구역코드,UQQ310,제1종지구단위계획구역,1,0,,제1종지구단위계획구역,20221008
경상남도 양산시 물금읍 범어리 537-6번지,48330,25324,0,0537,0006,1264100078279,,,,3,용도구역코드,UOA120,상대보호구역,0,0,,상대정화구역,20221008
경상남도 양산시 물금읍 범어리 537-6번지,48330,25324,0,0537,0006,1264100025991,,,,1,용도지역코드,UQA121,제1종일반주거지역,1,0,,제1종일반주거지역,20221008
경상남도 양산시 물금읍 범어리 537-6번지,48330,25324,0,0537,0006,1264100025991,,,,3,용도구역코드,UOA120,상대보호구역,1,0,,상대정화구역,20221008
경상남도 양산시 물금읍 범어리 537-7번지,48330,25324,0,0537,0007,1000000000000000328361,,,,1,용도지역코드,UQA121,제1종일반주거지역,1,0,,제1종일반주거지역,20231110
경상남도 양산시 물금읍 범어리 537-7번지,48330,25324,0,0537,0007,1000000000000000328361,,,,3,용도구역코드,UQQ310,제1종지구단위계획구역,1,0,,제1종지구단위계획구역,20231110
경상남도 양산시 물금읍 범어리 537-7번지,48330,25324,0,0537,0007,1264100091183,,,,1,용도지역코드,UQA121,제1종일반주거지역,1,0,,제1종일반주거지역,20221008
경상남도 양산시 물금읍 범어리 537-7번지,48330,25324,0,0537,0007,1264100091183,,,,3,용도구역코드,UQQ310,제1종지구단위계획구역,1,0,,제1종지구단위계획구역,20221008
경상남도 양산시 물금읍 범어리 537-8번지,48330,25324,0,0537,0008,12649422,,,,1,용도지역코드,1021,제1종일반주거지역,1,0,,제1종일반주거지역,20221008
경상남도 양산시 물금읍 범어리 537-8번지,48330,25324,0,0537,0008,12649422,,,,3,용도구역코드,301,제1종지구단위계획구역,1,0,,제1종지구단위계획구역,20221008
경상남도 양산시 물금읍 범어리 538-1번지,48330,25324,0,0538,0001,1264100099738,,,,1,용도지역코드,UQA121,제1종일반주거지역,1,0,,제1종일반주거지역,20221008
경상남도 양산시 물금읍 범어리 538-1번지,48330,25324,0,0538,0001,1264100099738,,,,3,용도구역코드,UQQ310,제1종지구단위계획구역,1,0,,제1종지구단위계획구역,20221008
경상남도 양산시 물금읍 범어리 538-2번지,48330,25324,0,0538,0002,1264100106193,,,,1,용도지역코드,UQA121,제1종일반주거지역,1,0,,제1종일반주거지역,20221008
경상남도 양산시 물금읍 범어리 538-2번지,48330,25324,0,0538,0002,1264100106193,,,,3,용도구역코드,UQQ310,제1종지구단위계획구역,1,0,,제1종지구단위계획구역,20221008
경상남도 양산시 물금읍 범어리 538-6번지,48330,25324,0,0538,0006,1264100031536,,,,1,용도지역코드,UQA121,제1종일반주거지역,1,0,,제1종일반주거지역,20221008
경상남도 양산시 물금읍 범어리 538-6번지,48330,25324,0,0538,0006,1264100031536,,,,3,용도구역코드,UQQ310,제1종지구단위계획구역,1,0,,제1종지구단위계획구역,20221008
경상남도 양산시 물금읍 범어리 538-12번지,48330,25324,0,0538,0012,1264100025653,,,,1,용도지역코드,UQA121,제1종일반주거지역,1,0,,제1종일반주거지역,20221008
경상남도 양산시 물금읍 범어리 538-12번지,48330,25324,0,0538,0012,1264100025653,,,,3,용도구역코드,UQQ310,제1종지구단위계획구역,1,0,,제1종지구단위계획구역,20221008
경상남도 양산시 물금읍 범어리 538-17번지,48330,25324,0,0538,0017,1264100019802,,,,1,용도지역코드,1021,제1종일반주거지역,1,0,,제1종일반주거지역,20221008
경상남도 양산시 물금읍 범어리 538-17번지,48330,25324,0,0538,0017,1264100019802,,,,3,용도구역코드,301,제1종지구단위계획구역,1,0,,제1종지구단위계획구역,20221008
경상남도 양산시 물금읍 범어리 538-17번지,48330,25324,0,0538,0017,12645697,,,,1,용도지역코드,1022,제2종일반주거지역,1,0,,제2종일반주거지역,20221008
경상남도 양산시 물금읍 범어리 538-17번지,48330,25324,0,0538,0017,12645697,,,,3,용도구역코드,300,지구단위계획구역,1,0,,지구단위계획구역,20221008
경상남도 양산시 물금읍 범어리 539-1번지,48330,25324,0,0539,0001,12642012,,,,1,용도지역코드,1020,일반주거지역,1,0,,일반주거지역,20221008
경상남도 양산시 물금읍 범어리 539-1번지,48330,25324,0,0539,0001,12642012,,,,2,용도지구코드,160,택지개발지구,1,0,,택지개발지구,20221008
경상남도 양산시 물금읍 범어리 539-3번지,48330,25324,0,0539,0003,1264100059656,,,,1,용도지역코드,UQA121,제1종일반주거지역,1,0,,제1종일반주거지역,20221008
경상남도 양산시 물금읍 범어리 539-3번지,48330,25324,0,0539,0003,1264100059656,,,,3,용도구역코드,UQQ310,제1종지구단위계획구역,1,0,,제1종지구단위계획구역,20221008
경상남도 양산시 물금읍 범어리 539-3번지,48330,25324,0,0539,0003,1264100061058,,,,1,용도지역코드,UQA121,제1종일반주거지역,1,0,,제1종일반주거지역,20221008
경상남도 양산시 물금읍 범어리 539-3번지,48330,25324,0,0539,0003,1264100061058,,,,3,용도구역코드,UQQ310,제1종지구단위계획구역,1,0,,제1종지구단위계획구역,20221008
경상남도 양산시 물금읍 범어리 539-4번지,48330,25324,0,0539,0004,1264100091561,,,,1,용도지역코드,UQA121,제1종일반주거지역,1,0,,제1종일반주거지역,20221008
경상남도 양산시 물금읍 범어리 539-4번지,48330,25324,0,0539,0004,1264100091561,,,,3,용도구역코드,UQQ310,제1종지구단위계획구역,1,0,,제1종지구단위계획구역,20221008
경상남도 양산시 물금읍 범어리 539-5번지,48330,25324,0,0539,0005,1264100068541,,,,1,용도지역코드,UQA121,제1종일반주거지역,1,0,,제1종일반주거지역,20221008
경상남도 양산시 물금읍 범어리 539-5번지,48330,25324,0,0539,0005,1264100068541,,,,3,용도구역코드,UQQ310,제1종지구단위계획구역,1,0,,제1종지구단위계획구역,20221008
경상남도 양산시 물금읍 범어리 539-5번지,48330,25324,0,0539,0005,1264100068541,,,,3,용도구역코드,UOA120,상대보호구역,0,0,,상대정화구역,20221008
경상남도 양산시 물금읍 범어리 539-6번지,48330,25324,0,0539,0006,1264100051551,,,,1,용도지역코드,UQA121,제1종일반주거지역,1,0,,제1종일반주거지역,20221008
경상남도 양산시 물금읍 범어리 539-6번지,48330,25324,0,0539,0006,1264100051551,,,,3,용도구역코드,UQQ310,제1종지구단위계획구역,1,0,,제1종지구단위계획구역,20221008
경상남도 양산시 물금읍 범어리 539-7번지,48330,25324,0,0539,0007,1264100126726,,,,1,용도지역코드,UQA121,제1종일반주거지역,1,0,,제1종일반주거지역,20221008
경상남도 양산시 물금읍 범어리 539-7번지,48330,25324,0,0539,0007,1264100126726,,,,3,용도구역코드,UQQ310,제1종지구단위계획구역,1,0,,제1종지구단위계획구역,20221008
경상남도 양산시 물금읍 범어리 539-7번지,48330,25324,0,0539,0007,1264100126726,,,,3,용도구역코드,UMZ100,가축사육제한구역,0,0,,가축사육제한구역,20221008
경상남도 양산시 물금읍 범어리 539-7번지,48330,25324,0,0539,0007,1264100015616,,,,1,용도지역코드,1021,제1종일반주거지역,1,0,,제1종일반주거지역,20221008
경상남도 양산시 물금읍 범어리 539-7번지,48330,25324,0,0539,0007,1264100015616,,,,3,용도구역코드,301,제1종지구단위계획구역,1,0,,제1종지구단위계획구역,20221008
경상남도 양산시 물금읍 범어리 539-8번지,48330,25324,0,0539,0008,1264100105034,,,,3,용도구역코드,UQQ310,제1종지구단위계획구역,1,0,,제1종지구단위계획구역,20221008
경상남도 양산시 물금읍 범어리 539-8번지,48330,25324,0,0539,0008,1264100105034,,,,1,용도지역코드,UQA121,제1종일반주거지역,1,0,,제1종일반주거지역,20221008
경상남도 양산시 물금읍 범어리 539-8번지,48330,25324,0,0539,0008,1264100015716,,,,1,용도지역코드,1021,제1종일반주거지역,1,0,,제1종일반주거지역,20221008
경상남도 양산시 물금읍 범어리 539-8번지,48330,25324,0,0539,0008,1264100015716,,,,3,용도구역코드,301,제1종지구단위계획구역,1,0,,제1종지구단위계획구역,20221008
경상남도 양산시 물금읍 범어리 539-9번지,48330,25324,0,0539,0009,1264100062401,,,,1,용도지역코드,UQA121,제1종일반주거지역,1,0,,제1종일반주거지역,20221008
경상남도 양산시 물금읍 범어리 539-9번지,48330,25324,0,0539,0009,1264100062401,,,,3,용도구역코드,UQQ310,제1종지구단위계획구역,1,0,,제1종지구단위계획구역,20221008
경상남도 양산시 물금읍 범어리 539-10번지,48330,25324,0,0539,0010,1264100091182,,,,1,용도지역코드,UQA121,제1종일반주거지역,1,0,,제1종일반주거지역,20221008
경상남도 양산시 물금읍 범어리 539-10번지,48330,25324,0,0539,0010,1264100091182,,,,3,용도구역코드,UQQ310,제1종지구단위계획구역,1,0,,제1종지구단위계획구역,20221008
경상남도 양산시 물금읍 범어리 539-10번지,48330,25324,0,0539,0010,1000000000000000973295,,,,3,용도구역코드,UQQ300,지구단위계획구역,1,0,,지구단위계획구역,20260617
경상남도 양산시 물금읍 범어리 539-10번지,48330,25324,0,0539,0010,1000000000000000973295,,,,1,용도지역코드,UQA121,제1종일반주거지역,1,0,,제1종일반주거지역,20260617
경상남도 양산시 물금읍 범어리 539-11번지,48330,25324,0,0539,0011,12642304,,,,1,용도지역코드,1020,일반주거지역,1,0,,일반주거지역,20221008
경상남도 양산시 물금읍 범어리 539-11번지,48330,25324,0,0539,0011,12642286,,,,1,용도지역코드,1020,일반주거지역,1,0,,일반주거지역,20221008
경상남도 양산시 물금읍 범어리 539-11번지,48330,25324,0,0539,0011,1264100011392,,,,1,용도지역코드,1021,제1종일반주거지역,1,0,,제1종일반주거지역,20221008
경상남도 양산시 물금읍 범어리 539-11번지,48330,25324,0,0539,0011,1264100011392,,,,3,용도구역코드,301,제1종지구단위계획구역,1,0,,제1종지구단위계획구역,20221008
경상남도 양산시 물금읍 범어리 540-1번지,48330,25324,0,0540,0001,1264100048306,,,,1,용도지역코드,UQA121,제1종일반주거지역,1,0,,제1종일반주거지역,20221008
경상남도 양산시 물금읍 범어리 540-1번지,48330,25324,0,0540,0001,1264100048306,,,,3,용도구역코드,UQQ310,제1종지구단위계획구역,1,0,,제1종지구단위계획구역,20221008
경상남도 양산시 물금읍 범어리 540-2번지,48330,25324,0,0540,0002,12642009,,,,1,용도지역코드,1021,제1종일반주거지역,1,0,,제1종일반주거지역,20221008
경상남도 양산시 물금읍 범어리 540-2번지,48330,25324,0,0540,0002,12642009,,,,3,용도구역코드,300,지구단위계획구역,1,0,,지구단위계획구역,20221008
경상남도 양산시 물금읍 범어리 540-2번지,48330,25324,0,0540,0002,12646857,,,,1,용도지역코드,1021,제1종일반주거지역,1,0,,제1종일반주거지역,20221008
경상남도 양산시 물금읍 범어리 540-2번지,48330,25324,0,0540,0002,12646857,,,,3,용도구역코드,301,제1종지구단위계획구역,1,0,,제1종지구단위계획구역,20221008
경상남도 양산시 물금읍 범어리 540-6번지,48330,25324,0,0540,0006,1264100031579,,,,1,용도지역코드,UQA121,제1종일반주거지역,1,0,,제1종일반주거지역,20221008
경상남도 양산시 물금읍 범어리 540-6번지,48330,25324,0,0540,0006,1264100031579,,,,3,용도구역코드,UQQ310,제1종지구단위계획구역,1,0,,제1종지구단위계획구역,20221008
경상남도 양산시 물금읍 범어리 540-7번지,48330,25324,0,0540,0007,1264100012712,,,,1,용도지역코드,1021,제1종일반주거지역,1,0,,제1종일반주거지역,20221008
경상남도 양산시 물금읍 범어리 540-7번지,48330,25324,0,0540,0007,1264100012712,,,,3,용도구역코드,301,제1종지구단위계획구역,1,0,,제1종지구단위계획구역,20221008
경상남도 양산시 물금읍 범어리 540-8번지,48330,25324,0,0540,0008,1264100012553,,,,1,용도지역코드,1021,제1종일반주거지역,1,0,,제1종일반주거지역,20221008
경상남도 양산시 물금읍 범어리 540-8번지,48330,25324,0,0540,0008,1264100012553,,,,3,용도구역코드,301,제1종지구단위계획구역,1,0,,제1종지구단위계획구역,20221008
경상남도 양산시 물금읍 범어리 540-10번지,48330,25324,0,0540,0010,1264100015294,,,,1,용도지역코드,1021,제1종일반주거지역,1,0,,제1종일반주거지역,20221008
경상남도 양산시 물금읍 범어리 540-10번지,48330,25324,0,0540,0010,1264100015294,,,,3,용도구역코드,301,제1종지구단위계획구역,1,0,,제1종지구단위계획구역,20221008
경상남도 양산시 물금읍 범어리 540-13번지,48330,25324,0,0540,0013,12641203,540-13,,,1,용도지역코드,1020,일반주거지역,1,0,,일반주거지역,20221008
경상남도 양산시 물금읍 범어리 540-14번지,48330,25324,0,0540,0014,1264100040663,,,,1,용도지역코드,UQA121,제1종일반주거지역,1,0,,제1종일반주거지역,20221008
경상남도 양산시 물금읍 범어리 540-14번지,48330,25324,0,0540,0014,1264100040663,,,,3,용도구역코드,UQQ310,제1종지구단위계획구역,1,0,,제1종지구단위계획구역,20221008
경상남도 양산시 물금읍 범어리 540-15번지,48330,25324,0,0540,0015,12647521,,,,1,용도지역코드,1021,제1종일반주거지역,1,0,,제1종일반주거지역,20221008
경상남도 양산시 물금읍 범어리 540-15번지,48330,25324,0,0540,0015,12647521,,,,3,용도구역코드,300,지구단위계획구역,1,0,,지구단위계획구역,20221008
경상남도 양산시 물금읍 범어리 542-1번지,48330,25324,0,0542,0001,12642109,,,,1,용도지역코드,1020,일반주거지역,1,0,,일반주거지역,20221008
경상남도 양산시 물금읍 범어리 542-2번지,48330,25324,0,0542,0002,1264100068699,,,,1,용도지역코드,UQA121,제1종일반주거지역,1,0,,제1종일반주거지역,20221008
경상남도 양산시 물금읍 범어리 542-2번지,48330,25324,0,0542,0002,1264100068699,,,,3,용도구역코드,UQQ310,제1종지구단위계획구역,1,0,,제1종지구단위계획구역,20221008
경상남도 양산시 물금읍 범어리 542-3번지,48330,25324,0,0542,0003,1264100015934,,,,1,용도지역코드,1021,제1종일반주거지역,1,0,,제1종일반주거지역,20221008
경상남도 양산시 물금읍 범어리 542-4번지,48330,25324,0,0542,0004,1264100011633,,,,1,용도지역코드,1021,제1종일반주거지역,1,0,,제1종일반주거지역,20221008
경상남도 양산시 물금읍 범어리 542-4번지,48330,25324,0,0542,0004,1264100011633,,,,3,용도구역코드,301,제1종지구단위계획구역,1,0,,제1종지구단위계획구역,20221008
경상남도 양산시 물금읍 범어리 542-10번지,48330,25324,0,0542,0010,1000000000000000195344,,,,3,용도구역코드,UQQ310,제1종지구단위계획구역,1,0,,제1종지구단위계획구역,20230627
경상남도 양산시 물금읍 범어리 542-10번지,48330,25324,0,0542,0010,1000000000000000195344,,,,1,용도지역코드,UQA121,제1종일반주거지역,1,0,,제1종일반주거지역,20230627
경상남도 양산시 물금읍 범어리 543-1번지,48330,25324,0,0543,0001,12644080,,,,1,용도지역코드,1022,제2종일반주거지역,1,0,,제2종일반주거지역,20221008
경상남도 양산시 물금읍 범어리 543-1번지,48330,25324,0,0543,0001,1264100108157,,,,1,용도지역코드,UQA121,제1종일반주거지역,1,0,,제1종일반주거지역,20221008
경상남도 양산시 물금읍 범어리 543-1번지,48330,25324,0,0543,0001,1264100108157,,,,3,용도구역코드,UQQ310,제1종지구단위계획구역,1,0,,제1종지구단위계획구역,20221008
경상남도 양산시 물금읍 범어리 543-3번지,48330,25324,0,0543,0003,12642334,,,,1,용도지역코드,1020,일반주거지역,1,0,,일반주거지역,20221008
경상남도 양산시 물금읍 범어리 543-5번지,48330,25324,0,0543,0005,1264100066780,,,,1,용도지역코드,UQA121,제1종일반주거지역,1,0,,제1종일반주거지역,20221008
경상남도 양산시 물금읍 범어리 543-5번지,48330,25324,0,0543,0005,1264100066780,,,,3,용도구역코드,UOA120,상대보호구역,1,0,,상대정화구역,20221008
경상남도 양산시 물금읍 범어리 543-6번지,48330,25324,0,0543,0006,1264100100837,,,,1,용도지역코드,UQA121,제1종일반주거지역,1,0,,제1종일반주거지역,20221008
경상남도 양산시 물금읍 범어리 543-6번지,48330,25324,0,0543,0006,1264100100837,,,,3,용도구역코드,UQQ300,지구단위계획구역,1,0,,지구단위계획구역,20221008
경상남도 양산시 물금읍 범어리 543-6번지,48330,25324,0,0543,0006,1264100100837,,,,3,용도구역코드,UOA120,상대보호구역,0,0,,상대정화구역,20221008
경상남도 양산시 물금읍 범어리 543-7번지,48330,25324,0,0543,0007,12644330,,,,1,용도지역코드,0100,도시지역,1,0,,도시지역,20221008
경상남도 양산시 물금읍 범어리 543-7번지,48330,25324,0,0543,0007,12644330,,,,1,용도지역코드,1022,제2종일반주거지역,0,0,,제2종일반주거지역,20221008
경상남도 양산시 물금읍 범어리 543-9번지,48330,25324,0,0543,0009,1264100106494,,,,1,용도지역코드,UQA121,제1종일반주거지역,1,0,,제1종일반주거지역,20221008
경상남도 양산시 물금읍 범어리 543-9번지,48330,25324,0,0543,0009,1264100106494,,,,3,용도구역코드,UQQ310,제1종지구단위계획구역,1,0,,제1종지구단위계획구역,20221008
경상남도 양산시 물금읍 범어리 543-10번지,48330,25324,0,0543,0010,1264100101874,,,,1,용도지역코드,UQA121,제1종일반주거지역,1,0,,제1종일반주거지역,20221008
경상남도 양산시 물금읍 범어리 543-10번지,48330,25324,0,0543,0010,1264100101874,,,,3,용도구역코드,UQQ310,제1종지구단위계획구역,1,0,,제1종지구단위계획구역,20221008
경상남도 양산시 물금읍 범어리 543-11번지,48330,25324,0,0543,0011,1264100139006,,,,1,용도지역코드,UQA121,제1종일반주거지역,1,0,,제1종일반주거지역,20221008
경상남도 양산시 물금읍 범어리 543-11번지,48330,25324,0,0543,0011,1264100139006,,,,3,용도구역코드,UQQ310,제1종지구단위계획구역,1,0,,제1종지구단위계획구역,20221008
경상남도 양산시 물금읍 범어리 543-12번지,48330,25324,0,0543,0012,1264100079240,,,,1,용도지역코드,UQA121,제1종일반주거지역,1,0,,제1종일반주거지역,20221008
경상남도 양산시 물금읍 범어리 543-12번지,48330,25324,0,0543,0012,1264100079240,,,,3,용도구역코드,UQQ310,제1종지구단위계획구역,1,0,,제1종지구단위계획구역,20221008
경상남도 양산시 물금읍 범어리 543-12번지,48330,25324,0,0543,0012,1264100079240,,,,3,용도구역코드,UOA120,상대보호구역,0,0,,상대정화구역,20221008
경상남도 양산시 물금읍 범어리 544-2번지,48330,25324,0,0544,0002,1264100042825,,,,1,용도지역코드,UQA121,제1종일반주거지역,1,0,,제1종일반주거지역,20221008
경상남도 양산시 물금읍 범어리 544-2번지,48330,25324,0,0544,0002,1264100042825,,,,3,용도구역코드,UQQ310,제1종지구단위계획구역,1,0,,제1종지구단위계획구역,20221008
경상남도 양산시 물금읍 범어리 544-3번지,48330,25324,0,0544,0003,1264100053729,,,,1,용도지역코드,UQA121,제1종일반주거지역,1,0,,제1종일반주거지역,20221008
경상남도 양산시 물금읍 범어리 544-3번지,48330,25324,0,0544,0003,1264100053729,,,,3,용도구역코드,UQQ310,제1종지구단위계획구역,1,0,,제1종지구단위계획구역,20221008
경상남도 양산시 물금읍 범어리 544-3번지,48330,25324,0,0544,0003,12644328,,,,1,용도지역코드,1022,제2종일반주거지역,1,0,,제2종일반주거지역,20221008
경상남도 양산시 물금읍 범어리 544-3번지,48330,25324,0,0544,0003,1264100057932,,,,1,용도지역코드,UQA121,제1종일반주거지역,1,0,,제1종일반주거지역,20221008
경상남도 양산시 물금읍 범어리 544-3번지,48330,25324,0,0544,0003,1264100057932,,,,3,용도구역코드,UQQ310,제1종지구단위계획구역,1,0,,제1종지구단위계획구역,20221008
경상남도 양산시 물금읍 범어리 544-4번지,48330,25324,0,0544,0004,1264100050608,,,,1,용도지역코드,UQA121,제1종일반주거지역,1,0,,제1종일반주거지역,20221008
경상남도 양산시 물금읍 범어리 544-5번지,48330,25324,0,0544,0005,1264100035013,,,,1,용도지역코드,UQA121,제1종일반주거지역,1,0,,제1종일반주거지역,20221008
경상남도 양산시 물금읍 범어리 544-5번지,48330,25324,0,0544,0005,1264100035013,,,,3,용도구역코드,UQQ310,제1종지구단위계획구역,1,0,,제1종지구단위계획구역,20221008
경상남도 양산시 물금읍 범어리 544-7번지,48330,25324,0,0544,0007,12644960,,,,1,용도지역코드,1012,제2종전용주거지역,1,0,,제2종 전용주거지역,20221008
경상남도 양산시 물금읍 범어리 544-8번지,48330,25324,0,0544,0008,1264100022787,,,,1,용도지역코드,UQA121,제1종일반주거지역,1,0,,제1종일반주거지역,20221008
경상남도 양산시 물금읍 범어리 544-8번지,48330,25324,0,0544,0008,1264100022787,,,,3,용도구역코드,UQQ310,제1종지구단위계획구역,1,0,,제1종지구단위계획구역,20221008
경상남도 양산시 물금읍 범어리 544-8번지,48330,25324,0,0544,0008,1264100009052,,,,1,용도지역코드,1021,제1종일반주거지역,1,0,,제1종일반주거지역,20221008
경상남도 양산시 물금읍 범어리 544-8번지,48330,25324,0,0544,0008,1264100009052,,,,3,용도구역코드,301,제1종지구단위계획구역,1,0,,제1종지구단위계획구역,20221008
경상남도 양산시 물금읍 범어리 544-9번지,48330,25324,0,0544,0009,1264100022907,,,,1,용도지역코드,UQA121,제1종일반주거지역,1,0,,제1종일반주거지역,20221008
경상남도 양산시 물금읍 범어리 544-9번지,48330,25324,0,0544,0009,1264100022907,,,,3,용도구역코드,UQQ310,제1종지구단위계획구역,1,0,,제1종지구단위계획구역,20221008
경상남도 양산시 물금읍 범어리 544-9번지,48330,25324,0,0544,0009,1264100009053,,,,1,용도지역코드,1021,제1종일반주거지역,1,0,,제1종일반주거지역,20221008
경상남도 양산시 물금읍 범어리 544-9번지,48330,25324,0,0544,0009,1264100009053,,,,3,용도구역코드,301,제1종지구단위계획구역,1,0,,제1종지구단위계획구역,20221008
경상남도 양산시 물금읍 범어리 544-10번지,48330,25324,0,0544,0010,1264100100394,,,,1,용도지역코드,UQA121,제1종일반주거지역,1,0,,제1종일반주거지역,20221008
경상남도 양산시 물금읍 범어리 544-10번지,48330,25324,0,0544,0010,1264100100394,,,,3,용도구역코드,UQQ310,제1종지구단위계획구역,1,0,,제1종지구단위계획구역,20221008
경상남도 양산시 물금읍 범어리 544-10번지,48330,25324,0,0544,0010,1264100087523,,,,1,용도지역코드,UQA121,제1종일반주거지역,1,0,,제1종일반주거지역,20221008
경상남도 양산시 물금읍 범어리 544-10번지,48330,25324,0,0544,0010,1264100087523,,,,3,용도구역코드,UQQ310,제1종지구단위계획구역,1,0,,제1종지구단위계획구역,20221008
경상남도 양산시 물금읍 범어리 545-1번지,48330,25324,0,0545,0001,1264100020916,,,,1,용도지역코드,1021,제1종일반주거지역,1,0,,제1종일반주거지역,20221008
경상남도 양산시 물금읍 범어리 545-1번지,48330,25324,0,0545,0001,1264100020916,,,,3,용도구역코드,301,제1종지구단위계획구역,1,0,,제1종지구단위계획구역,20221008
경상남도 양산시 물금읍 범어리 545-1번지,48330,25324,0,0545,0001,1264100010891,,,,1,용도지역코드,1021,제1종일반주거지역,1,0,,제1종일반주거지역,20221008
경상남도 양산시 물금읍 범어리 545-1번지,48330,25324,0,0545,0001,1264100010891,,,,3,용도구역코드,301,제1종지구단위계획구역,1,0,,제1종지구단위계획구역,20221008
경상남도 양산시 물금읍 범어리 545-3번지,48330,25324,0,0545,0003,12648181,,,,1,용도지역코드,1021,제1종일반주거지역,1,0,,제1종일반주거지역,20221008
경상남도 양산시 물금읍 범어리 545-3번지,48330,25324,0,0545,0003,12648181,,,,3,용도구역코드,301,제1종지구단위계획구역,1,0,,제1종지구단위계획구역,20221008
경상남도 양산시 물금읍 범어리 545-3번지,48330,25324,0,0545,0003,12648181,,,,3,용도구역코드,010,도시계획구역,0,0,,도시계획구역,20221008
경상남도 양산시 물금읍 범어리 545-8번지,48330,25324,0,0545,0008,12645952,,,,1,용도지역코드,1021,제1종일반주거지역,1,0,,제1종일반주거지역,20221008
경상남도 양산시 물금읍 범어리 545-8번지,48330,25324,0,0545,0008,12645952,,,,3,용도구역코드,300,지구단위계획구역,1,0,,지구단위계획구역,20221008
경상남도 양산시 물금읍 범어리 545-8번지,48330,25324,0,0545,0008,1264100020740,,,,1,용도지역코드,1021,제1종일반주거지역,1,0,,제1종일반주거지역,20221008
경상남도 양산시 물금읍 범어리 545-8번지,48330,25324,0,0545,0008,1264100020740,,,,3,용도구역코드,301,제1종지구단위계획구역,1,0,,제1종지구단위계획구역,20221008
경상남도 양산시 물금읍 범어리 545-9번지,48330,25324,0,0545,0009,1264100051755,,,,1,용도지역코드,UQA121,제1종일반주거지역,1,0,,제1종일반주거지역,20221008
경상남도 양산시 물금읍 범어리 545-9번지,48330,25324,0,0545,0009,1264100051755,,,,3,용도구역코드,UQQ310,제1종지구단위계획구역,1,0,,제1종지구단위계획구역,20221008
경상남도 양산시 물금읍 범어리 546-1번지,48330,25324,0,0546,0001,12645425,,,,1,용도지역코드,1022,제2종일반주거지역,1,0,,제2종일반주거지역,20221008
경상남도 양산시 물금읍 범어리 546-3번지,48330,25324,0,0546,0003,12649288,,,,1,용도지역코드,1021,제1종일반주거지역,1,0,,제1종일반주거지역,20221008
경상남도 양산시 물금읍 범어리 546-3번지,48330,25324,0,0546,0003,12649288,,,,3,용도구역코드,301,제1종지구단위계획구역,1,0,,제1종지구단위계획구역,20221008
경상남도 양산시 물금읍 범어리 546-4번지,48330,25324,0,0546,0004,12649521,,,,1,용도지역코드,1021,제1종일반주거지역,1,0,,제1종일반주거지역,20221008
경상남도 양산시 물금읍 범어리 546-4번지,48330,25324,0,0546,0004,12649521,,,,3,용도구역코드,301,제1종지구단위계획구역,1,0,,제1종지구단위계획구역,20221008
경상남도 양산시 물금읍 범어리 546-7번지,48330,25324,0,0546,0007,1264100021861,,,,1,용도지역코드,UQA121,제1종일반주거지역,1,0,,제1종일반주거지역,20221008
경상남도 양산시 물금읍 범어리 546-7번지,48330,25324,0,0546,0007,1264100021861,,,,3,용도구역코드,UQQ310,제1종지구단위계획구역,1,0,,제1종지구단위계획구역,20221008
경상남도 양산시 물금읍 범어리 546-8번지,48330,25324,0,0546,0008,12646028,,,,1,용도지역코드,1022,제2종일반주거지역,0,0,,제2종일반주거지역,20221008
경상남도 양산시 물금읍 범어리 546-8번지,48330,25324,0,0546,0008,12646028,,,,1,용도지역코드,1021,제1종일반주거지역,1,0,,제1종일반주거지역,20221008
경상남도 양산시 물금읍 범어리 546-8번지,48330,25324,0,0546,0008,12644329,,,,1,용도지역코드,1022,제2종일반주거지역,1,0,,제2종일반주거지역,20221008
경상남도 양산시 물금읍 범어리 546-9번지,48330,25324,0,0546,0009,12645548,,,,1,용도지역코드,1022,제2종일반주거지역,1,0,,제2종일반주거지역,20221008
경상남도 양산시 물금읍 범어리 546-9번지,48330,25324,0,0546,0009,1264100118198,,,,1,용도지역코드,UQA121,제1종일반주거지역,1,0,,제1종일반주거지역,20221008
경상남도 양산시 물금읍 범어리 546-9번지,48330,25324,0,0546,0009,1264100118198,,,,3,용도구역코드,UQQ310,제1종지구단위계획구역,1,0,,제1종지구단위계획구역,20221008
경상남도 양산시 물금읍 범어리 546-10번지,48330,25324,0,0546,0010,1264100096869,,,,3,용도구역코드,UQQ310,제1종지구단위계획구역,1,0,,제1종지구단위계획구역,20221008
경상남도 양산시 물금읍 범어리 546-10번지,48330,25324,0,0546,0010,1264100096869,,,,3,용도구역코드,UOA110,절대정화구역,0,0,,절대정화구역,20221008
경상남도 양산시 물금읍 범어리 546-10번지,48330,25324,0,0546,0010,1264100096869,,,,1,용도지역코드,UQA121,제1종일반주거지역,1,0,,제1종일반주거지역,20221008
경상남도 양산시 물금읍 범어리 546-11번지,48330,25324,0,0546,0011,12644750,,,,1,용도지역코드,1022,제2종일반주거지역,1,0,,제2종일반주거지역,20221008
경상남도 양산시 물금읍 범어리 546-12번지,48330,25324,0,0546,0012,1264100020356,,,,1,용도지역코드,1021,제1종일반주거지역,1,0,,제1종일반주거지역,20221008
경상남도 양산시 물금읍 범어리 546-12번지,48330,25324,0,0546,0012,1264100020356,,,,3,용도구역코드,301,제1종지구단위계획구역,1,0,,제1종지구단위계획구역,20221008
경상남도 양산시 물금읍 범어리 546-13번지,48330,25324,0,0546,0013,12645710,,,,1,용도지역코드,1022,제2종일반주거지역,1,0,,제2종일반주거지역,20221008
경상남도 양산시 물금읍 범어리 546-13번지,48330,25324,0,0546,0013,12645710,,,,3,용도구역코드,300,지구단위계획구역,1,0,,지구단위계획구역,20221008
경상남도 양산시 물금읍 범어리 546-13번지,48330,25324,0,0546,0013,1264100059795,,,,1,용도지역코드,UQA121,제1종일반주거지역,1,0,,제1종일반주거지역,20221008
경상남도 양산시 물금읍 범어리 546-13번지,48330,25324,0,0546,0013,1264100059795,,,,3,용도구역코드,UQQ310,제1종지구단위계획구역,1,0,,제1종지구단위계획구역,20221008
경상남도 양산시 물금읍 범어리 546-14번지,48330,25324,0,0546,0014,1264100066279,,,,1,용도지역코드,UQA121,제1종일반주거지역,1,0,,제1종일반주거지역,20221008
경상남도 양산시 물금읍 범어리 546-14번지,48330,25324,0,0546,0014,1264100066279,,,,3,용도구역코드,UQQ310,제1종지구단위계획구역,1,0,,제1종지구단위계획구역,20221008
경상남도 양산시 물금읍 범어리 546-14번지,48330,25324,0,0546,0014,1264100066279,,,,3,용도구역코드,UOA120,상대보호구역,0,0,,상대정화구역,20221008
경상남도 양산시 물금읍 범어리 546-15번지,48330,25324,0,0546,0015,1264100060192,,,,1,용도지역코드,UQA121,제1종일반주거지역,1,0,,제1종일반주거지역,20221008
경상남도 양산시 물금읍 범어리 546-15번지,48330,25324,0,0546,0015,1264100060192,,,,3,용도구역코드,UQQ310,제1종지구단위계획구역,1,0,,제1종지구단위계획구역,20221008
경상남도 양산시 물금읍 범어리 546-15번지,48330,25324,0,0546,0015,1264100060192,,,,3,용도구역코드,UOA120,상대보호구역,0,0,,상대정화구역,20221008
경상남도 양산시 물금읍 범어리 547-6번지,48330,25324,0,0547,0006,1264100124882,,,,1,용도지역코드,UQA121,제1종일반주거지역,1,0,,제1종일반주거지역,20221008
경상남도 양산시 물금읍 범어리 547-6번지,48330,25324,0,0547,0006,1264100124882,,,,3,용도구역코드,UOA110,절대정화구역,1,0,,절대보호구역,20221008
경상남도 양산시 물금읍 범어리 547-6번지,48330,25324,0,0547,0006,1264100124882,,,,3,용도구역코드,UQQ310,제1종지구단위계획구역,0,0,,제1종지구단위계획구역,20221008
경상남도 양산시 물금읍 범어리 548-1번지,48330,25324,0,0548,0001,1264100019224,,,,1,용도지역코드,1021,제1종일반주거지역,1,0,,제1종일반주거지역,20221008
경상남도 양산시 물금읍 범어리 548-1번지,48330,25324,0,0548,0001,1264100019224,,,,3,용도구역코드,301,제1종지구단위계획구역,1,0,,제1종지구단위계획구역,20221008
경상남도 양산시 물금읍 범어리 548-1번지,48330,25324,0,0548,0001,1264100015617,,,,1,용도지역코드,1021,제1종일반주거지역,1,0,,제1종일반주거지역,20221008
경상남도 양산시 물금읍 범어리 548-1번지,48330,25324,0,0548,0001,1264100015617,,,,3,용도구역코드,301,제1종지구단위계획구역,1,0,,제1종지구단위계획구역,20221008
경상남도 양산시 물금읍 범어리 548-2번지,48330,25324,0,0548,0002,1264100023626,,,,1,용도지역코드,UQA121,제1종일반주거지역,1,0,,제1종일반주거지역,20221008
경상남도 양산시 물금읍 범어리 548-2번지,48330,25324,0,0548,0002,1264100023626,,,,3,용도구역코드,UQQ310,제1종지구단위계획구역,1,0,,제1종지구단위계획구역,20221008
경상남도 양산시 물금읍 범어리 548-2번지,48330,25324,0,0548,0002,1264100015262,,,,1,용도지역코드,1021,제1종일반주거지역,1,0,,제1종일반주거지역,20221008
경상남도 양산시 물금읍 범어리 548-2번지,48330,25324,0,0548,0002,1264100015262,,,,3,용도구역코드,301,제1종지구단위계획구역,1,0,,제1종지구단위계획구역,20221008
경상남도 양산시 물금읍 범어리 548-3번지,48330,25324,0,0548,0003,1264100087884,,,,1,용도지역코드,UQA121,제1종일반주거지역,1,0,,제1종일반주거지역,20221008
경상남도 양산시 물금읍 범어리 548-3번지,48330,25324,0,0548,0003,1264100087884,,,,3,용도구역코드,UQQ310,제1종지구단위계획구역,1,0,,제1종지구단위계획구역,20221008
경상남도 양산시 물금읍 범어리 548-3번지,48330,25324,0,0548,0003,1264100087884,,,,3,용도구역코드,UOA120,상대보호구역,0,0,,상대정화구역,20221008
경상남도 양산시 물금읍 범어리 548-3번지,48330,25324,0,0548,0003,1264100087884,,,,3,용도구역코드,UOA110,절대정화구역,0,0,,절대정화구역,20221008
경상남도 양산시 물금읍 범어리 548-4번지,48330,25324,0,0548,0004,1264100078239,,,,1,용도지역코드,UQA121,제1종일반주거지역,1,0,,제1종일반주거지역,20221008
경상남도 양산시 물금읍 범어리 548-4번지,48330,25324,0,0548,0004,1264100078239,,,,3,용도구역코드,UOA120,상대보호구역,,,,상대정화구역,20221008
경상남도 양산시 물금읍 범어리 548-4번지,48330,25324,0,0548,0004,1264100078239,,,,3,용도구역코드,UOA110,절대정화구역,,,,절대정화구역,20221008
경상남도 양산시 물금읍 범어리 548-4번지,48330,25324,0,0548,0004,1264100078239,,,,3,용도구역코드,UQQ310,제1종지구단위계획구역,1,0,,제1종지구단위계획구역,20221008
경상남도 양산시 물금읍 범어리 548-5번지,48330,25324,0,0548,0005,1264100065422,,,,1,용도지역코드,UQA121,제1종일반주거지역,1,0,,제1종일반주거지역,20221008
경상남도 양산시 물금읍 범어리 548-5번지,48330,25324,0,0548,0005,1264100065422,,,,3,용도구역코드,UQQ310,제1종지구단위계획구역,1,0,,제1종지구단위계획구역,20221008
경상남도 양산시 물금읍 범어리 548-5번지,48330,25324,0,0548,0005,1264100065422,,,,3,용도구역코드,UOA110,절대정화구역,0,0,,절대정화구역,20221008
경상남도 양산시 물금읍 범어리 548-5번지,48330,25324,0,0548,0005,1264100065422,,,,3,용도구역코드,UOA120,상대보호구역,0,0,,상대정화구역,20221008
경상남도 양산시 물금읍 범어리 548-6번지,48330,25324,0,0548,0006,1264100019360,,,,1,용도지역코드,1021,제1종일반주거지역,1,0,,제1종일반주거지역,20221008
경상남도 양산시 물금읍 범어리 548-6번지,48330,25324,0,0548,0006,1264100019360,,,,3,용도구역코드,301,제1종지구단위계획구역,1,0,,제1종지구단위계획구역,20221008
경상남도 양산시 물금읍 범어리 548-6번지,48330,25324,0,0548,0006,1264100016197,,,,1,용도지역코드,1021,제1종일반주거지역,1,0,,제1종일반주거지역,20221008
경상남도 양산시 물금읍 범어리 548-6번지,48330,25324,0,0548,0006,1264100016197,,,,3,용도구역코드,301,제1종지구단위계획구역,1,0,,제1종지구단위계획구역,20221008
경상남도 양산시 물금읍 범어리 550-1번지,48330,25324,0,0550,0001,1264830,,,,1,용도지역코드,1020,일반주거지역,1,0,,일반주거지역,20221008
경상남도 양산시 물금읍 범어리 550-3번지,48330,25324,0,0550,0003,1000000000000000956692,,,,1,용도지역코드,UQA130,준주거지역,1,0,,준주거지역,20260610
경상남도 양산시 물금읍 범어리 550-4번지,48330,25324,0,0550,0004,12649588,,,,1,용도지역코드,1030,준주거지역,1,0,,준주거지역,20221008
경상남도 양산시 물금읍 범어리 550-4번지,48330,25324,0,0550,0004,12649588,,,,3,용도구역코드,301,제1종지구단위계획구역,1,0,,제1종지구단위계획구역,20221008
경상남도 양산시 물금읍 범어리 550-7번지,48330,25324,0,0550,0007,1264100135067,,,,1,용도지역코드,UQA130,준주거지역,1,0,,준주거지역,20221008
경상남도 양산시 물금읍 범어리 550-7번지,48330,25324,0,0550,0007,1264100135067,,,,3,용도구역코드,UQQ310,제1종지구단위계획구역,1,0,,제1종지구단위계획구역,20221008
경상남도 양산시 물금읍 범어리 550-7번지,48330,25324,0,0550,0007,1264100135067,,,,3,용도구역코드,UMZ100,가축사육제한구역,0,0,,가축사육제한구역,20221008
경상남도 양산시 물금읍 범어리 550-7번지,48330,25324,0,0550,0007,1264100135067,,,,3,용도구역코드,UOA120,상대보호구역,0,0,,상대보호구역,20221008
경상남도 양산시 물금읍 범어리 551-2번지,48330,25324,0,0551,0002,1264870,,,,1,용도지역코드,1020,일반주거지역,1,0,,일반주거지역,20221008
경상남도 양산시 물금읍 범어리 551-3번지,48330,25324,0,0551,0003,12641103,,,,1,용도지역코드,1020,일반주거지역,1,0,,일반주거지역,20221008
경상남도 양산시 물금읍 범어리 552-1번지,48330,25324,0,0552,0001,1264857,,,,1,용도지역코드,1020,일반주거지역,1,0,,일반주거지역,20221008
경상남도 양산시 물금읍 범어리 552-1번지,48330,25324,0,0552,0001,1264100071139,,,,1,용도지역코드,UQA121,제1종일반주거지역,1,0,,제1종일반주거지역,20221008
경상남도 양산시 물금읍 범어리 552-1번지,48330,25324,0,0552,0001,1264100071139,,,,3,용도구역코드,UQQ310,제1종지구단위계획구역,1,0,,제1종지구단위계획구역,20221008
경상남도 양산시 물금읍 범어리 552-2번지,48330,25324,0,0552,0002,12641107,,,,1,용도지역코드,1020,일반주거지역,1,0,,일반주거지역,20221008
경상남도 양산시 물금읍 범어리 552-2번지,48330,25324,0,0552,0002,12641436,,,,1,용도지역코드,1020,일반주거지역,1,0,,일반주거지역,20221008
경상남도 양산시 물금읍 범어리 552-4번지,48330,25324,0,0552,0004,12641158,,,,1,용도지역코드,1020,일반주거지역,1,0,,일반주거지역,20221008
경상남도 양산시 물금읍 범어리 552-5번지,48330,25324,0,0552,0005,12641124,,,,1,용도지역코드,1020,일반주거지역,1,0,,일반주거지역,20221008
경상남도 양산시 물금읍 범어리 552-5번지,48330,25324,0,0552,0005,12641306,,,,1,용도지역코드,1020,일반주거지역,1,0,,일반주거지역,20221008
경상남도 양산시 물금읍 범어리 552-6번지,48330,25324,0,0552,0006,1264100123259,,,,1,용도지역코드,UQA121,제1종일반주거지역,1,0,,제1종일반주거지역,20221008
경상남도 양산시 물금읍 범어리 552-6번지,48330,25324,0,0552,0006,1264100123259,,,,3,용도구역코드,UQQ310,제1종지구단위계획구역,1,0,,제1종지구단위계획구역,20221008
경상남도 양산시 물금읍 범어리 552-9번지,48330,25324,0,0552,0009,12641644,,,,1,용도지역코드,1020,일반주거지역,1,0,,일반주거지역,20221008
경상남도 양산시 물금읍 범어리 552-10번지,48330,25324,0,0552,0010,1264100041907,,,,1,용도지역코드,UQA121,제1종일반주거지역,1,0,,제1종일반주거지역,20221008
경상남도 양산시 물금읍 범어리 552-10번지,48330,25324,0,0552,0010,1264100041907,,,,3,용도구역코드,UQQ310,제1종지구단위계획구역,1,0,,제1종지구단위계획구역,20221008
경상남도 양산시 물금읍 범어리 552-10번지,48330,25324,0,0552,0010,1264100041907,,,,3,용도구역코드,UOA120,상대보호구역,0,0,,상대정화구역,20221008
경상남도 양산시 물금읍 범어리 552-11번지,48330,25324,0,0552,0011,1264100029352,,,,1,용도지역코드,UQA121,제1종일반주거지역,1,0,,제1종일반주거지역,20221008
경상남도 양산시 물금읍 범어리 552-11번지,48330,25324,0,0552,0011,1264100029352,,,,3,용도구역코드,UQQ310,제1종지구단위계획구역,1,0,,제1종지구단위계획구역,20221008
경상남도 양산시 물금읍 범어리 552-12번지,48330,25324,0,0552,0012,1264100039213,,,,1,용도지역코드,UQA121,제1종일반주거지역,1,0,,제1종일반주거지역,20221008
경상남도 양산시 물금읍 범어리 552-12번지,48330,25324,0,0552,0012,1264100039213,,,,3,용도구역코드,UQQ310,제1종지구단위계획구역,1,0,,제1종지구단위계획구역,20221008
경상남도 양산시 물금읍 범어리 552-13번지,48330,25324,0,0552,0013,1264100146806,,,,3,용도구역코드,UOA120,상대보호구역,1,0,,상대보호구역,20230120
경상남도 양산시 물금읍 범어리 552-13번지,48330,25324,0,0552,0013,1264100146806,,,,3,용도구역코드,UQQ310,제1종지구단위계획구역,0,0,,제1종지구단위계획구역,20230120
경상남도 양산시 물금읍 범어리 552-13번지,48330,25324,0,0552,0013,1264100146806,,,,1,용도지역코드,UQA121,제1종일반주거지역,1,0,,제1종일반주거지역,20230120
경상남도 양산시 물금읍 범어리 552-14번지,48330,25324,0,0552,0014,1264100021258,,,,1,용도지역코드,1021,제1종일반주거지역,1,0,,제1종일반주거지역,20221008
경상남도 양산시 물금읍 범어리 552-14번지,48330,25324,0,0552,0014,1264100021258,,,,3,용도구역코드,301,제1종지구단위계획구역,1,0,,제1종지구단위계획구역,20221008
경상남도 양산시 물금읍 범어리 552-14번지,48330,25324,0,0552,0014,1264100021258,,,,3,용도구역코드,272,상대정화구역,0,0,,상대정화구역,20221008
경상남도 양산시 물금읍 범어리 553-1번지,48330,25324,0,0553,0001,1264100070244,,,,1,용도지역코드,UQA121,제1종일반주거지역,1,0,,제1종일반주거지역,20221008
경상남도 양산시 물금읍 범어리 553-1번지,48330,25324,0,0553,0001,1264100070244,,,,3,용도구역코드,UQQ310,제1종지구단위계획구역,1,0,,제1종지구단위계획구역,20221008
경상남도 양산시 물금읍 범어리 553-2번지,48330,25324,0,0553,0002,1264100068321,,,,1,용도지역코드,UQA121,제1종일반주거지역,1,0,,제1종일반주거지역,20221008
경상남도 양산시 물금읍 범어리 553-2번지,48330,25324,0,0553,0002,1264100068321,,,,3,용도구역코드,UQQ310,제1종지구단위계획구역,1,0,,제1종지구단위계획구역,20221008
경상남도 양산시 물금읍 범어리 553-2번지,48330,25324,0,0553,0002,12641094,553-2,,,1,용도지역코드,1020,일반주거지역,1,0,,일반주거지역,20221008
경상남도 양산시 물금읍 범어리 553-3번지,48330,25324,0,0553,0003,12641112,553-3,,,1,용도지역코드,1020,일반주거지역,1,0,,일반주거지역,20221008
경상남도 양산시 물금읍 범어리 553-6번지,48330,25324,0,0553,0006,1264100019576,,,,1,용도지역코드,1021,제1종일반주거지역,1,0,,제1종일반주거지역,20221008
경상남도 양산시 물금읍 범어리 553-6번지,48330,25324,0,0553,0006,1264100019576,,,,3,용도구역코드,301,제1종지구단위계획구역,1,0,,제1종지구단위계획구역,20221008
경상남도 양산시 물금읍 범어리 553-7번지,48330,25324,0,0553,0007,1264100018455,,,,1,용도지역코드,1021,제1종일반주거지역,1,0,,제1종일반주거지역,20221008
경상남도 양산시 물금읍 범어리 553-7번지,48330,25324,0,0553,0007,1264100018455,,,,3,용도구역코드,301,제1종지구단위계획구역,0,0,,제1종지구단위계획구역,20221008
경상남도 양산시 물금읍 범어리 553-7번지,48330,25324,0,0553,0007,1264100018455,,,,3,용도구역코드,272,상대정화구역,0,0,,상대정화구역,20221008
경상남도 양산시 물금읍 범어리 553-8번지,48330,25324,0,0553,0008,1264100017034,,,,1,용도지역코드,1021,제1종일반주거지역,1,0,,제1종일반주거지역,20221008
경상남도 양산시 물금읍 범어리 553-8번지,48330,25324,0,0553,0008,1264100017034,,,,3,용도구역코드,301,제1종지구단위계획구역,1,0,,제1종지구단위계획구역,20221008
경상남도 양산시 물금읍 범어리 553-9번지,48330,25324,0,0553,0009,1264100092841,,,,1,용도지역코드,UQA121,제1종일반주거지역,1,0,,제1종일반주거지역,20221008
경상남도 양산시 물금읍 범어리 553-9번지,48330,25324,0,0553,0009,1264100092841,,,,3,용도구역코드,UQQ310,제1종지구단위계획구역,1,0,,제1종지구단위계획구역,20221008
경상남도 양산시 물금읍 범어리 553-10번지,48330,25324,0,0553,0010,1264100019639,,,,1,용도지역코드,1021,제1종일반주거지역,1,0,,제1종일반주거지역,20221008
경상남도 양산시 물금읍 범어리 553-10번지,48330,25324,0,0553,0010,1264100019639,,,,3,용도구역코드,301,제1종지구단위계획구역,1,0,,제1종지구단위계획구역,20221008
경상남도 양산시 물금읍 범어리 556번지,48330,25324,0,0556,0000,1264100010673,,,,1,용도지역코드,1330,자연녹지지역,1,0,,자연녹지지역,20221008
경상남도 양산시 물금읍 범어리 556번지,48330,25324,0,0556,0000,1264100010673,,,,3,용도구역코드,301,제1종지구단위계획구역,1,0,,제1종지구단위계획구역,20221008
경상남도 양산시 물금읍 범어리 558-1번지,48330,25324,0,0558,0001,12643995,,,,1,용도지역코드,1020,일반주거지역,1,0,,일반주거지역,20221008
경상남도 양산시 물금읍 범어리 559-2번지,48330,25324,0,0559,0002,12643832,,,,1,용도지역코드,1020,일반주거지역,1,0,,일반주거지역,20221008
경상남도 양산시 물금읍 범어리 561번지,48330,25324,0,0561,0000,1264100031498,,,,1,용도지역코드,UQA122,제2종일반주거지역,1,0,,제2종일반주거지역,20221008
경상남도 양산시 물금읍 범어리 561번지,48330,25324,0,0561,0000,12646528,,,,1,용도지역코드,1020,일반주거지역,1,0,,일반주거지역,20221008
경상남도 양산시 물금읍 범어리 561번지,48330,25324,0,0561,0000,1264100026129,,,,1,용도지역코드,UQA122,제2종일반주거지역,1,0,,제2종일반주거지역,20221008
경상남도 양산시 물금읍 범어리 561-3번지,48330,25324,0,0561,0003,1264100023312,,,,1,용도지역코드,UQA122,제2종일반주거지역,1,0,,제2종일반주거지역,20221008
경상남도 양산시 물금읍 범어리 561-3번지,48330,25324,0,0561,0003,1264100023312,,,,3,용도구역코드,UOA120,상대보호구역,1,0,,상대정화구역,20221008
경상남도 양산시 물금읍 범어리 565번지,48330,25324,0,0565,0000,1264100039272,,,,1,용도지역코드,UQA122,제2종일반주거지역,1,0,,제2종일반주거지역,20221008
경상남도 양산시 물금읍 범어리 565번지,48330,25324,0,0565,0000,1264100039272,,,,3,용도구역코드,UOA120,상대보호구역,1,0,,상대정화구역,20221008
경상남도 양산시 물금읍 범어리 566번지,48330,25324,0,0566,0000,1264100030097,,,,1,용도지역코드,UQA122,제2종일반주거지역,1,0,,제2종일반주거지역,20221008
경상남도 양산시 물금읍 범어리 566-1번지,48330,25324,0,0566,0001,1264100030098,,,,1,용도지역코드,UQA122,제2종일반주거지역,1,0,,제2종일반주거지역,20221008
경상남도 양산시 물금읍 범어리 567-2번지,48330,25324,0,0567,0002,1264118,,,,1,용도지역코드,1020,일반주거지역,1,0,,일반주거지역,20221008
경상남도 양산시 물금읍 범어리 569번지,48330,25324,0,0569,0000,12646855,,,,1,용도지역코드,1022,제2종일반주거지역,1,0,,제2종일반주거지역,20221008
경상남도 양산시 물금읍 범어리 569번지,48330,25324,0,0569,0000,1264100034892,,,,1,용도지역코드,UQA122,제2종일반주거지역,1,0,,제2종일반주거지역,20221008
경상남도 양산시 물금읍 범어리 569번지,48330,25324,0,0569,0000,1264100034892,,,,3,용도구역코드,UOA120,상대보호구역,1,0,,상대정화구역,20221008
경상남도 양산시 물금읍 범어리 569번지,48330,25324,0,0569,0000,12646888,,,,1,용도지역코드,1022,제2종일반주거지역,1,0,,제2종일반주거지역,20221008
경상남도 양산시 물금읍 범어리 569번지,48330,25324,0,0569,0000,1264100153474,,,,1,용도지역코드,UQA122,제2종일반주거지역,1,0,,제2종일반주거지역,20221008
경상남도 양산시 물금읍 범어리 569번지,48330,25324,0,0569,0000,1264100153474,,,,3,용도구역코드,UOA120,상대보호구역,1,0,,상대보호구역,20221008
경상남도 양산시 물금읍 범어리 569번지,48330,25324,0,0569,0000,12646867,,,,1,용도지역코드,1022,제2종일반주거지역,1,0,,제2종일반주거지역,20221008
경상남도 양산시 물금읍 범어리 570번지,48330,25324,0,0570,0000,1264100102875,,,,1,용도지역코드,UQA122,제2종일반주거지역,1,0,,제2종일반주거지역,20221008
경상남도 양산시 물금읍 범어리 570번지,48330,25324,0,0570,0000,1264100066044,,,,1,용도지역코드,UQA122,제2종일반주거지역,1,0,,제2종일반주거지역,20221008
경상남도 양산시 물금읍 범어리 570번지,48330,25324,0,0570,0000,1264100066044,,,,3,용도구역코드,UOA120,상대보호구역,1,0,,상대정화구역,20221008
경상남도 양산시 물금읍 범어리 570번지,48330,25324,0,0570,0000,1264100090482,,,,1,용도지역코드,UQA122,제2종일반주거지역,1,0,,제2종일반주거지역,20221008
경상남도 양산시 물금읍 범어리 572번지,48330,25324,0,0572,0000,1264100078304,,,,1,용도지역코드,UQA122,제2종일반주거지역,1,0,,제2종일반주거지역,20221008
경상남도 양산시 물금읍 범어리 572-3번지,48330,25324,0,0572,0003,1264100080423,,,,1,용도지역코드,UQA122,제2종일반주거지역,1,0,,제2종일반주거지역,20221008
경상남도 양산시 물금읍 범어리 574번지,48330,25324,0,0574,0000,1264100022043,,,,1,용도지역코드,UQA122,제2종일반주거지역,1,0,,제2종일반주거지역,20221008
경상남도 양산시 물금읍 범어리 574번지,48330,25324,0,0574,0000,1264100016396,,,,1,용도지역코드,1022,제2종일반주거지역,1,0,,제2종일반주거지역,20221008
경상남도 양산시 물금읍 범어리 576-1번지,48330,25324,0,0576,0001,1264100013756,,,,1,용도지역코드,1022,제2종일반주거지역,1,0,,제2종일반주거지역,20221008
경상남도 양산시 물금읍 범어리 576-1번지,48330,25324,0,0576,0001,1264100013756,,,,3,용도구역코드,272,상대정화구역,1,0,,상대정화구역,20221008
경상남도 양산시 물금읍 범어리 576-1번지,48330,25324,0,0576,0001,1264100027150,,,,1,용도지역코드,UQA122,제2종일반주거지역,1,0,,제2종일반주거지역,20221008
경상남도 양산시 물금읍 범어리 576-3번지,48330,25324,0,0576,0003,1264100027149,,,,1,용도지역코드,UQA122,제2종일반주거지역,1,0,,제2종일반주거지역,20221008
경상남도 양산시 물금읍 범어리 577번지,48330,25324,0,0577,0000,1264100030639,,,,1,용도지역코드,UQA122,제2종일반주거지역,1,0,,제2종일반주거지역,20221008
경상남도 양산시 물금읍 범어리 577번지,48330,25324,0,0577,0000,1264100030639,,,,3,용도구역코드,UOA120,상대보호구역,1,0,,상대정화구역,20221008
경상남도 양산시 물금읍 범어리 579-1번지,48330,25324,0,0579,0001,12641783,,,,1,용도지역코드,1020,일반주거지역,1,0,,일반주거지역,20221008
경상남도 양산시 물금읍 범어리 579-2번지,48330,25324,0,0579,0002,12641617,,,,1,용도지역코드,1020,일반주거지역,1,0,,일반주거지역,20221008
경상남도 양산시 물금읍 범어리 579-3번지,48330,25324,0,0579,0003,12643191,,,,1,용도지역코드,1020,일반주거지역,1,0,,일반주거지역,20221008
경상남도 양산시 물금읍 범어리 579-3번지,48330,25324,0,0579,0003,12643191,,,,3,용도구역코드,050,상세계획구역,1,0,,상세계획구역,20221008
경상남도 양산시 물금읍 범어리 579-4번지,48330,25324,0,0579,0004,1264100082681,,,,1,용도지역코드,UQA121,제1종일반주거지역,1,0,,제1종일반주거지역,20221008
경상남도 양산시 물금읍 범어리 579-4번지,48330,25324,0,0579,0004,1264100082681,,,,3,용도구역코드,UQQ310,제1종지구단위계획구역,1,0,,제1종지구단위계획구역,20221008
경상남도 양산시 물금읍 범어리 579-4번지,48330,25324,0,0579,0004,1264100082681,,,,3,용도구역코드,UOA120,상대보호구역,0,0,,상대정화구역,20221008
경상남도 양산시 물금읍 범어리 580-1번지,48330,25324,0,0580,0001,1264100013276,,,,1,용도지역코드,1021,제1종일반주거지역,1,0,,제1종일반주거지역,20221008
경상남도 양산시 물금읍 범어리 580-1번지,48330,25324,0,0580,0001,1264100013276,,,,3,용도구역코드,301,제1종지구단위계획구역,1,0,,제1종지구단위계획구역,20221008
경상남도 양산시 물금읍 범어리 580-2번지,48330,25324,0,0580,0002,1264100039174,,,,1,용도지역코드,UQA121,제1종일반주거지역,1,0,,제1종일반주거지역,20221008
경상남도 양산시 물금읍 범어리 580-2번지,48330,25324,0,0580,0002,1264100039174,,,,3,용도구역코드,UQQ310,제1종지구단위계획구역,1,0,,제1종지구단위계획구역,20221008
경상남도 양산시 물금읍 범어리 580-5번지,48330,25324,0,0580,0005,1264100046550,,,,1,용도지역코드,UQA121,제1종일반주거지역,1,0,,제1종일반주거지역,20221008
경상남도 양산시 물금읍 범어리 580-5번지,48330,25324,0,0580,0005,1264100046550,,,,3,용도구역코드,UQQ310,제1종지구단위계획구역,1,0,,제1종지구단위계획구역,20221008
경상남도 양산시 물금읍 범어리 580-5번지,48330,25324,0,0580,0005,1264100046550,,,,3,용도구역코드,UOA120,상대보호구역,0,0,,상대정화구역,20221008
경상남도 양산시 물금읍 범어리 580-5번지,48330,25324,0,0580,0005,1264100046550,,,,3,용도구역코드,UOA110,절대정화구역,0,0,,절대정화구역,20221008
경상남도 양산시 물금읍 범어리 580-6번지,48330,25324,0,0580,0006,1264100040122,,,,1,용도지역코드,UQA121,제1종일반주거지역,1,0,,제1종일반주거지역,20221008
경상남도 양산시 물금읍 범어리 580-6번지,48330,25324,0,0580,0006,1264100040122,,,,3,용도구역코드,UQQ310,제1종지구단위계획구역,1,0,,제1종지구단위계획구역,20221008
경상남도 양산시 물금읍 범어리 580-8번지,48330,25324,0,0580,0008,12645432,,,,1,용도지역코드,1022,제2종일반주거지역,1,0,,제2종일반주거지역,20221008
경상남도 양산시 물금읍 범어리 580-8번지,48330,25324,0,0580,0008,12645432,,,,3,용도구역코드,300,지구단위계획구역,1,0,,지구단위계획구역,20221008
경상남도 양산시 물금읍 범어리 590-1번지,48330,25324,0,0590,0001,12641819,,,,1,용도지역코드,1020,일반주거지역,1,0,,일반주거지역,20221008
경상남도 양산시 물금읍 범어리 591-2번지,48330,25324,0,0591,0002,1264100140584,,,,1,용도지역코드,UQA122,제2종일반주거지역,1,0,,제2종일반주거지역,20221008
경상남도 양산시 물금읍 범어리 591-2번지,48330,25324,0,0591,0002,1264100140584,,,,3,용도구역코드,UMZ100,가축사육제한구역,1,0,,가축사육제한구역,20221008
경상남도 양산시 물금읍 범어리 591-2번지,48330,25324,0,0591,0002,1264100140584,,,,3,용도구역코드,UOA120,상대보호구역,0,0,,상대보호구역,20221008
경상남도 양산시 물금읍 범어리 596번지,48330,25324,0,0596,0000,12642672,,,,1,용도지역코드,1020,일반주거지역,1,0,,일반주거지역,20221008
경상남도 양산시 물금읍 범어리 597-3번지,48330,25324,0,0597,0003,1264100028517,,,,1,용도지역코드,UQA122,제2종일반주거지역,1,0,,제2종일반주거지역,20221008
경상남도 양산시 물금읍 범어리 597-4번지,48330,25324,0,0597,0004,1264100065679,,,,1,용도지역코드,UQA122,제2종일반주거지역,1,0,,제2종일반주거지역,20221008
경상남도 양산시 물금읍 범어리 597-4번지,48330,25324,0,0597,0004,1264100065679,,,,3,용도구역코드,UOA120,상대보호구역,1,0,,상대정화구역,20221008
경상남도 양산시 물금읍 범어리 606번지,48330,25324,0,0606,0000,12648313,,,,1,용도지역코드,1022,제2종일반주거지역,1,0,,제2종일반주거지역,20221008
경상남도 양산시 물금읍 범어리 606번지,48330,25324,0,0606,0000,12646585,,,,1,용도지역코드,1022,제2종일반주거지역,1,0,,제2종일반주거지역,20221008
경상남도 양산시 물금읍 범어리 617번지,48330,25324,0,0617,0000,1264100098080,,,,1,용도지역코드,UQA122,제2종일반주거지역,1,0,,제2종일반주거지역,20221008
경상남도 양산시 물금읍 범어리 617번지,48330,25324,0,0617,0000,1264100098080,,,,3,용도구역코드,UOA120,상대보호구역,1,0,,상대정화구역,20221008
경상남도 양산시 물금읍 범어리 620번지,48330,25324,0,0620,0000,1264100140347,,,,1,용도지역코드,UQA122,제2종일반주거지역,1,0,,제2종일반주거지역,20221008
경상남도 양산시 물금읍 범어리 622번지,48330,25324,0,0622,0000,1000000000000000116027,,,,3,용도구역코드,UOA120,상대보호구역,0,0,,상대보호구역,20230816
경상남도 양산시 물금읍 범어리 622번지,48330,25324,0,0622,0000,1000000000000000116027,,,,3,용도구역코드,UMZ100,가축사육제한구역,1,0,,가축사육제한구역,20230816
경상남도 양산시 물금읍 범어리 622번지,48330,25324,0,0622,0000,1000000000000000116027,,,,1,용도지역코드,UQA122,제2종일반주거지역,1,0,,제2종일반주거지역,20230816
경상남도 양산시 물금읍 범어리 623번지,48330,25324,0,0623,0000,1264100067860,,,,1,용도지역코드,UQA122,제2종일반주거지역,1,0,,제2종일반주거지역,20221008
경상남도 양산시 물금읍 범어리 623번지,48330,25324,0,0623,0000,1264100067860,,,,3,용도구역코드,UOA120,상대보호구역,1,0,,상대정화구역,20221008
경상남도 양산시 물금읍 범어리 624-6번지,48330,25324,0,0624,0006,1264100067899,,,,1,용도지역코드,UQA122,제2종일반주거지역,1,0,,제2종일반주거지역,20221008
경상남도 양산시 물금읍 범어리 624-6번지,48330,25324,0,0624,0006,1264100067899,,,,3,용도구역코드,UOA120,상대보호구역,1,0,,상대정화구역,20221008
경상남도 양산시 물금읍 범어리 630-1번지,48330,25324,0,0630,0001,1264100051754,,,,1,용도지역코드,UQA121,제1종일반주거지역,1,0,,제1종일반주거지역,20221008
경상남도 양산시 물금읍 범어리 630-1번지,48330,25324,0,0630,0001,1264100051754,,,,3,용도구역코드,UQQ310,제1종지구단위계획구역,1,0,,제1종지구단위계획구역,20221008
경상남도 양산시 물금읍 범어리 630-3번지,48330,25324,0,0630,0003,1264100082579,,,,1,용도지역코드,UQA121,제1종일반주거지역,1,0,,제1종일반주거지역,20221008
경상남도 양산시 물금읍 범어리 630-3번지,48330,25324,0,0630,0003,1264100082579,,,,3,용도구역코드,UQQ310,제1종지구단위계획구역,1,0,,제1종지구단위계획구역,20221008
경상남도 양산시 물금읍 범어리 630-7번지,48330,25324,0,0630,0007,12641760,,,,1,용도지역코드,1020,일반주거지역,1,0,,일반주거지역,20221008
경상남도 양산시 물금읍 범어리 630-9번지,48330,25324,0,0630,0009,1264100139585,,,,1,용도지역코드,UQA121,제1종일반주거지역,1,0,,제1종일반주거지역,20221008
경상남도 양산시 물금읍 범어리 630-9번지,48330,25324,0,0630,0009,1264100139585,,,,3,용도구역코드,UQQ310,제1종지구단위계획구역,1,0,,제1종지구단위계획구역,20221008
경상남도 양산시 물금읍 범어리 630-9번지,48330,25324,0,0630,0009,1264100141285,,,,1,용도지역코드,UQA121,제1종일반주거지역,1,0,,제1종일반주거지역,20221008
경상남도 양산시 물금읍 범어리 630-9번지,48330,25324,0,0630,0009,1264100141285,,,,3,용도구역코드,UQQ310,제1종지구단위계획구역,1,0,,제1종지구단위계획구역,20221008
경상남도 양산시 물금읍 범어리 630-10번지,48330,25324,0,0630,0010,1264100051753,,,,1,용도지역코드,UQA121,제1종일반주거지역,1,0,,제1종일반주거지역,20221008
경상남도 양산시 물금읍 범어리 630-10번지,48330,25324,0,0630,0010,1264100051753,,,,3,용도구역코드,UQQ310,제1종지구단위계획구역,1,0,,제1종지구단위계획구역,20221008
경상남도 양산시 물금읍 범어리 631-2번지,48330,25324,0,0631,0002,1264100052947,,,,1,용도지역코드,UQA121,제1종일반주거지역,1,0,,제1종일반주거지역,20221008
경상남도 양산시 물금읍 범어리 631-2번지,48330,25324,0,0631,0002,1264100052947,,,,3,용도구역코드,UQQ310,제1종지구단위계획구역,1,0,,제1종지구단위계획구역,20221008
경상남도 양산시 물금읍 범어리 631-6번지,48330,25324,0,0631,0006,1264100028111,,,,1,용도지역코드,UQA121,제1종일반주거지역,1,0,,제1종일반주거지역,20221008
경상남도 양산시 물금읍 범어리 631-6번지,48330,25324,0,0631,0006,1264100028111,,,,3,용도구역코드,UQQ310,제1종지구단위계획구역,1,0,,제1종지구단위계획구역,20221008
경상남도 양산시 물금읍 범어리 631-6번지,48330,25324,0,0631,0006,1264100101334,,,,1,용도지역코드,UQA121,제1종일반주거지역,1,0,,제1종일반주거지역,20221008
경상남도 양산시 물금읍 범어리 631-6번지,48330,25324,0,0631,0006,1264100101334,,,,3,용도구역코드,UQQ310,제1종지구단위계획구역,1,0,,제1종지구단위계획구역,20221008
경상남도 양산시 물금읍 범어리 631-8번지,48330,25324,0,0631,0008,12641604,,,,1,용도지역코드,1020,일반주거지역,1,0,,일반주거지역,20221008
경상남도 양산시 물금읍 범어리 631-10번지,48330,25324,0,0631,0010,12641544,,,,1,용도지역코드,1020,일반주거지역,1,0,,일반주거지역,20221008
경상남도 양산시 물금읍 범어리 631-12번지,48330,25324,0,0631,0012,1264100083182,,,,1,용도지역코드,UQA121,제1종일반주거지역,1,0,,제1종일반주거지역,20221008
경상남도 양산시 물금읍 범어리 631-12번지,48330,25324,0,0631,0012,1264100083182,,,,3,용도구역코드,UQQ310,제1종지구단위계획구역,1,0,,제1종지구단위계획구역,20221008
경상남도 양산시 물금읍 범어리 631-12번지,48330,25324,0,0631,0012,1264100083182,,,,3,용도구역코드,UOA120,상대보호구역,0,0,,상대정화구역,20221008
경상남도 양산시 물금읍 범어리 631-12번지,48330,25324,0,0631,0012,1264100013893,,,,1,용도지역코드,1021,제1종일반주거지역,1,0,,제1종일반주거지역,20221008
경상남도 양산시 물금읍 범어리 631-12번지,48330,25324,0,0631,0012,1264100013893,,,,3,용도구역코드,301,제1종지구단위계획구역,1,0,,제1종지구단위계획구역,20221008
경상남도 양산시 물금읍 범어리 631-13번지,48330,25324,0,0631,0013,1264100079639,,,,1,용도지역코드,UQA121,제1종일반주거지역,1,0,,제1종일반주거지역,20221008
경상남도 양산시 물금읍 범어리 631-13번지,48330,25324,0,0631,0013,12646167,,,,1,용도지역코드,1021,제1종일반주거지역,1,0,,제1종일반주거지역,20221008
경상남도 양산시 물금읍 범어리 631-13번지,48330,25324,0,0631,0013,1264100079639,,,,3,용도구역코드,UQQ310,제1종지구단위계획구역,1,0,,제1종지구단위계획구역,20221008
경상남도 양산시 물금읍 범어리 632-1번지,48330,25324,0,0632,0001,12641170,,,,1,용도지역코드,1020,일반주거지역,1,0,,일반주거지역,20221008
경상남도 양산시 물금읍 범어리 632-2번지,48330,25324,0,0632,0002,12642273,,,,1,용도지역코드,1020,일반주거지역,1,0,,일반주거지역,20221008
경상남도 양산시 물금읍 범어리 632-3번지,48330,25324,0,0632,0003,1000000000000000370582,,,,3,용도구역코드,UMZ100,가축사육제한구역,0,0,,가축사육제한구역,20230911
경상남도 양산시 물금읍 범어리 632-3번지,48330,25324,0,0632,0003,1000000000000000370582,,,,3,용도구역코드,UQQ310,제1종지구단위계획구역,1,0,,제1종지구단위계획구역,20230911
경상남도 양산시 물금읍 범어리 632-3번지,48330,25324,0,0632,0003,1000000000000000370582,,,,1,용도지역코드,UQA121,제1종일반주거지역,1,0,,제1종일반주거지역,20230911
경상남도 양산시 물금읍 범어리 632-4번지,48330,25324,0,0632,0004,1264100017316,,,,3,용도구역코드,301,제1종지구단위계획구역,1,0,,제1종지구단위계획구역,20221008
경상남도 양산시 물금읍 범어리 632-4번지,48330,25324,0,0632,0004,1264100017316,,,,3,용도구역코드,272,상대정화구역,0,0,,상대정화구역,20221008
경상남도 양산시 물금읍 범어리 632-4번지,48330,25324,0,0632,0004,1264100017316,,,,1,용도지역코드,1021,제1종일반주거지역,1,0,,제1종일반주거지역,20221008
경상남도 양산시 물금읍 범어리 632-5번지,48330,25324,0,0632,0005,12648069,,,,1,용도지역코드,1021,제1종일반주거지역,1,0,,제1종일반주거지역,20221008
경상남도 양산시 물금읍 범어리 632-5번지,48330,25324,0,0632,0005,12648069,,,,3,용도구역코드,010,도시계획구역,1,0,,도시계획구역,20221008
경상남도 양산시 물금읍 범어리 632-5번지,48330,25324,0,0632,0005,12648069,,,,3,용도구역코드,300,지구단위계획구역,0,0,,지구단위계획구역,20221008
경상남도 양산시 물금읍 범어리 632-8번지,48330,25324,0,0632,0008,1264100145543,,,,1,용도지역코드,UQA121,제1종일반주거지역,1,0,,제1종일반주거지역,20221008
경상남도 양산시 물금읍 범어리 632-8번지,48330,25324,0,0632,0008,1264100145543,,,,3,용도구역코드,UQQ310,제1종지구단위계획구역,1,0,,제1종지구단위계획구역,20221008
경상남도 양산시 물금읍 범어리 632-8번지,48330,25324,0,0632,0008,1264100145543,,,,3,용도구역코드,UMZ100,가축사육제한구역,0,0,,가축사육제한구역,20221008
경상남도 양산시 물금읍 범어리 632-8번지,48330,25324,0,0632,0008,1264100145543,,,,3,용도구역코드,UOA120,상대보호구역,0,0,,상대보호구역,20221008
경상남도 양산시 물금읍 범어리 633-1번지,48330,25324,0,0633,0001,1264100060615,,,,1,용도지역코드,UQA121,제1종일반주거지역,1,0,,제1종일반주거지역,20221008
경상남도 양산시 물금읍 범어리 633-1번지,48330,25324,0,0633,0001,1264100060615,,,,3,용도구역코드,UQQ310,제1종지구단위계획구역,1,0,,제1종지구단위계획구역,20221008
경상남도 양산시 물금읍 범어리 633-2번지,48330,25324,0,0633,0002,1264100016779,,,,1,용도지역코드,1021,제1종일반주거지역,1,0,,제1종일반주거지역,20221008
경상남도 양산시 물금읍 범어리 633-2번지,48330,25324,0,0633,0002,1264100016779,,,,3,용도구역코드,301,제1종지구단위계획구역,1,0,,제1종지구단위계획구역,20221008
경상남도 양산시 물금읍 범어리 633-5번지,48330,25324,0,0633,0005,12642765,,,,1,용도지역코드,1020,일반주거지역,1,0,,일반주거지역,20221008
경상남도 양산시 물금읍 범어리 633-5번지,48330,25324,0,0633,0005,12642765,,,,2,용도지구코드,160,택지개발지구,1,0,,택지개발지구,20221008
경상남도 양산시 물금읍 범어리 633-6번지,48330,25324,0,0633,0006,12641751,,,,1,용도지역코드,1020,일반주거지역,1,0,,일반주거지역,20221008
경상남도 양산시 물금읍 범어리 633-6번지,48330,25324,0,0633,0006,12641824,,,,1,용도지역코드,1020,일반주거지역,1,0,,일반주거지역,20221008
경상남도 양산시 물금읍 범어리 633-12번지,48330,25324,0,0633,0012,12644861,,,,1,용도지역코드,1022,제2종일반주거지역,1,0,,제2종일반주거지역,20221008
경상남도 양산시 물금읍 범어리 633-12번지,48330,25324,0,0633,0012,12644861,,,,2,용도지구코드,160,택지개발지구,1,0,,택지개발지구,20221008
경상남도 양산시 물금읍 범어리 633-14번지,48330,25324,0,0633,0014,1264855,,,,1,용도지역코드,1020,일반주거지역,1,0,,일반주거지역,20221008
경상남도 양산시 물금읍 범어리 634-1번지,48330,25324,0,0634,0001,12641755,,,,1,용도지역코드,1020,일반주거지역,1,0,,일반주거지역,20221008
경상남도 양산시 물금읍 범어리 634-2번지,48330,25324,0,0634,0002,12646142,,,,1,용도지역코드,1021,제1종일반주거지역,1,0,,제1종일반주거지역,20221008
경상남도 양산시 물금읍 범어리 634-2번지,48330,25324,0,0634,0002,12646142,,,,3,용도구역코드,300,지구단위계획구역,1,0,,지구단위계획구역,20221008
경상남도 양산시 물금읍 범어리 634-2번지,48330,25324,0,0634,0002,1264100082420,,,,1,용도지역코드,UQA121,제1종일반주거지역,1,0,,제1종일반주거지역,20221008
경상남도 양산시 물금읍 범어리 634-2번지,48330,25324,0,0634,0002,1264100082420,,,,3,용도구역코드,UQQ310,제1종지구단위계획구역,1,0,,제1종지구단위계획구역,20221008
경상남도 양산시 물금읍 범어리 634-2번지,48330,25324,0,0634,0002,1264100082420,,,,3,용도구역코드,UOA120,상대보호구역,0,0,,상대정화구역,20221008
경상남도 양산시 물금읍 범어리 634-7번지,48330,25324,0,0634,0007,1264100115759,,,,1,용도지역코드,UQA121,제1종일반주거지역,1,0,,제1종일반주거지역,20221008
경상남도 양산시 물금읍 범어리 634-7번지,48330,25324,0,0634,0007,1264100115759,,,,3,용도구역코드,UOA120,상대보호구역,1,0,,상대보호구역,20221008
경상남도 양산시 물금읍 범어리 634-7번지,48330,25324,0,0634,0007,1264100115759,,,,3,용도구역코드,UQQ310,제1종지구단위계획구역,0,0,,제1종지구단위계획구역,20221008
경상남도 양산시 물금읍 범어리 634-7번지,48330,25324,0,0634,0007,1264100140384,,,,1,용도지역코드,UQA121,제1종일반주거지역,1,0,,제1종일반주거지역,20221008
경상남도 양산시 물금읍 범어리 634-7번지,48330,25324,0,0634,0007,1264100140384,,,,3,용도구역코드,UOA120,상대보호구역,1,0,,상대보호구역,20221008
경상남도 양산시 물금읍 범어리 634-7번지,48330,25324,0,0634,0007,1264100140384,,,,3,용도구역코드,UQQ310,제1종지구단위계획구역,0,0,,제1종지구단위계획구역,20221008
경상남도 양산시 물금읍 범어리 634-8번지,48330,25324,0,0634,0008,12642233,,,,1,용도지역코드,1020,일반주거지역,1,0,,일반주거지역,20221008
경상남도 양산시 물금읍 범어리 634-9번지,48330,25324,0,0634,0009,12642288,,,,1,용도지역코드,1020,일반주거지역,1,0,,일반주거지역,20221008
경상남도 양산시 물금읍 범어리 634-10번지,48330,25324,0,0634,0010,12641211,634-10,,,1,용도지역코드,1020,일반주거지역,1,0,,일반주거지역,20221008
경상남도 양산시 물금읍 범어리 634-11번지,48330,25324,0,0634,0011,1264100025969,,,,1,용도지역코드,UQA121,제1종일반주거지역,1,0,,제1종일반주거지역,20221008
경상남도 양산시 물금읍 범어리 634-11번지,48330,25324,0,0634,0011,1264100025969,,,,3,용도구역코드,UQQ310,제1종지구단위계획구역,1,0,,제1종지구단위계획구역,20221008
경상남도 양산시 물금읍 범어리 634-11번지,48330,25324,0,0634,0011,1264100025969,,,,3,용도구역코드,UOA120,상대보호구역,0,0,,상대정화구역,20221008
경상남도 양산시 물금읍 범어리 634-12번지,48330,25324,0,0634,0012,12641480,경남 양산시 물금읍 범어리 634-12번지,,,1,용도지역코드,1020,일반주거지역,1,0,,일반주거지역,20221008
경상남도 양산시 물금읍 범어리 634-13번지,48330,25324,0,0634,0013,12641672,,,,1,용도지역코드,1020,일반주거지역,1,0,,일반주거지역,20221008
경상남도 양산시 물금읍 범어리 634-14번지,48330,25324,0,0634,0014,12645316,,,,1,용도지역코드,1022,제2종일반주거지역,1,0,,제2종일반주거지역,20221008
경상남도 양산시 물금읍 범어리 634-14번지,48330,25324,0,0634,0014,12642091,,,,1,용도지역코드,1020,일반주거지역,1,0,,일반주거지역,20221008
경상남도 양산시 물금읍 범어리 634-15번지,48330,25324,0,0634,0015,12641254,634-15,,,1,용도지역코드,1020,일반주거지역,1,0,,일반주거지역,20221008
경상남도 양산시 물금읍 범어리 634-16번지,48330,25324,0,0634,0016,12641714,,,,1,용도지역코드,1020,일반주거지역,1,0,,일반주거지역,20221008
경상남도 양산시 물금읍 범어리 634-16번지,48330,25324,0,0634,0016,12641758,,,,1,용도지역코드,1020,일반주거지역,1,0,,일반주거지역,20221008
경상남도 양산시 물금읍 범어리 635-1번지,48330,25324,0,0635,0001,12642017,,,,1,용도지역코드,1020,일반주거지역,1,0,,일반주거지역,20221008
경상남도 양산시 물금읍 범어리 635-5번지,48330,25324,0,0635,0005,1264100124780,,,,1,용도지역코드,UQA121,제1종일반주거지역,1,0,,제1종일반주거지역,20221008
경상남도 양산시 물금읍 범어리 635-5번지,48330,25324,0,0635,0005,1264100124780,,,,3,용도구역코드,UQQ310,제1종지구단위계획구역,1,0,,제1종지구단위계획구역,20221008
경상남도 양산시 물금읍 범어리 635-5번지,48330,25324,0,0635,0005,1264100124780,,,,3,용도구역코드,UMZ100,가축사육제한구역,0,0,,가축사육제한구역,20221008
경상남도 양산시 물금읍 범어리 635-5번지,48330,25324,0,0635,0005,1264100124780,,,,3,용도구역코드,UOA120,상대보호구역,0,0,,상대보호구역,20221008
경상남도 양산시 물금읍 범어리 635-7번지,48330,25324,0,0635,0007,12641786,,,,1,용도지역코드,1020,일반주거지역,1,0,,일반주거지역,20221008
경상남도 양산시 물금읍 범어리 635-8번지,48330,25324,0,0635,0008,1264818,635-8,,,1,용도지역코드,1020,일반주거지역,1,0,,일반주거지역,20221008
경상남도 양산시 물금읍 범어리 635-10번지,48330,25324,0,0635,0010,1264100032022,,,,1,용도지역코드,UQA121,제1종일반주거지역,1,0,,제1종일반주거지역,20221008
경상남도 양산시 물금읍 범어리 635-11번지,48330,25324,0,0635,0011,1264100085244,,,,1,용도지역코드,UQA121,제1종일반주거지역,1,0,,제1종일반주거지역,20221008
경상남도 양산시 물금읍 범어리 635-11번지,48330,25324,0,0635,0011,1264100085244,,,,3,용도구역코드,UQQ310,제1종지구단위계획구역,1,0,,제1종지구단위계획구역,20221008
경상남도 양산시 물금읍 범어리 635-11번지,48330,25324,0,0635,0011,1264100007145,,,,1,용도지역코드,1021,제1종일반주거지역,1,0,,제1종일반주거지역,20221008
경상남도 양산시 물금읍 범어리 635-13번지,48330,25324,0,0635,0013,12641212,,,,1,용도지역코드,1020,일반주거지역,1,0,,일반주거지역,20221008
경상남도 양산시 물금읍 범어리 636-1번지,48330,25324,0,0636,0001,12641711,,,,1,용도지역코드,1020,일반주거지역,1,0,,일반주거지역,20221008
경상남도 양산시 물금읍 범어리 636-2번지,48330,25324,0,0636,0002,1264100031458,,,,1,용도지역코드,UQA121,제1종일반주거지역,1,0,,제1종일반주거지역,20221008
경상남도 양산시 물금읍 범어리 636-2번지,48330,25324,0,0636,0002,1264100031458,,,,3,용도구역코드,UOA120,상대보호구역,1,0,,상대정화구역,20221008
경상남도 양산시 물금읍 범어리 636-3번지,48330,25324,0,0636,0003,1264100112719,,,,1,용도지역코드,UQA121,제1종일반주거지역,1,0,,제1종일반주거지역,20221008
경상남도 양산시 물금읍 범어리 636-3번지,48330,25324,0,0636,0003,1264100112719,,,,3,용도구역코드,UQQ310,제1종지구단위계획구역,1,0,,제1종지구단위계획구역,20221008
경상남도 양산시 물금읍 범어리 636-4번지,48330,25324,0,0636,0004,1264100146803,,,,1,용도지역코드,UQA121,제1종일반주거지역,1,0,,제1종일반주거지역,20221008
경상남도 양산시 물금읍 범어리 636-4번지,48330,25324,0,0636,0004,1264100146803,,,,3,용도구역코드,UQQ310,제1종지구단위계획구역,1,0,,제1종지구단위계획구역,20221008
경상남도 양산시 물금읍 범어리 636-4번지,48330,25324,0,0636,0004,1264100055288,,,,1,용도지역코드,UQA121,제1종일반주거지역,1,0,,제1종일반주거지역,20221008
경상남도 양산시 물금읍 범어리 636-4번지,48330,25324,0,0636,0004,1264100055288,,,,3,용도구역코드,UQQ310,제1종지구단위계획구역,1,0,,제1종지구단위계획구역,20221008
경상남도 양산시 물금읍 범어리 636-6번지,48330,25324,0,0636,0006,1264100050307,,,,1,용도지역코드,UQA121,제1종일반주거지역,1,0,,제1종일반주거지역,20221008
경상남도 양산시 물금읍 범어리 636-6번지,48330,25324,0,0636,0006,1264100050307,,,,3,용도구역코드,UQQ310,제1종지구단위계획구역,1,0,,제1종지구단위계획구역,20221008
경상남도 양산시 물금읍 범어리 636-6번지,48330,25324,0,0636,0006,1264100050307,,,,3,용도구역코드,UOA120,상대보호구역,0,0,,상대정화구역,20221008
경상남도 양산시 물금읍 범어리 636-8번지,48330,25324,0,0636,0008,12641262,636-8,,,1,용도지역코드,1020,일반주거지역,1,0,,일반주거지역,20221008
경상남도 양산시 물금읍 범어리 636-8번지,48330,25324,0,0636,0008,12641263,636-8,,,1,용도지역코드,1020,일반주거지역,1,0,,일반주거지역,20221008
경상남도 양산시 물금읍 범어리 636-13번지,48330,25324,0,0636,0013,12645567,,,,1,용도지역코드,1022,제2종일반주거지역,1,0,,제2종일반주거지역,20221008
경상남도 양산시 물금읍 범어리 636-14번지,48330,25324,0,0636,0014,1264100012533,,,,1,용도지역코드,1021,제1종일반주거지역,1,0,,제1종일반주거지역,20221008
경상남도 양산시 물금읍 범어리 636-14번지,48330,25324,0,0636,0014,1264100012533,,,,3,용도구역코드,301,제1종지구단위계획구역,1,0,,제1종지구단위계획구역,20221008
경상남도 양산시 물금읍 범어리 636-14번지,48330,25324,0,0636,0014,1264100012533,,,,3,용도구역코드,272,상대정화구역,0,0,,상대정화구역,20221008
경상남도 양산시 물금읍 범어리 636-14번지,48330,25324,0,0636,0014,1264100021581,,,,1,용도지역코드,UQA121,제1종일반주거지역,1,0,,제1종일반주거지역,20221008
경상남도 양산시 물금읍 범어리 636-14번지,48330,25324,0,0636,0014,1264100021581,,,,3,용도구역코드,UQQ310,제1종지구단위계획구역,1,0,,제1종지구단위계획구역,20221008
경상남도 양산시 물금읍 범어리 636-14번지,48330,25324,0,0636,0014,1264100021581,,,,3,용도구역코드,UOA120,상대보호구역,0,0,,상대정화구역,20221008
경상남도 양산시 물금읍 범어리 637-1번지,48330,25324,0,0637,0001,12641570,,,,1,용도지역코드,1020,일반주거지역,1,0,,일반주거지역,20221008
경상남도 양산시 물금읍 범어리 637-1번지,48330,25324,0,0637,0001,12641570,,,,2,용도지구코드,160,택지개발지구,1,0,,택지개발지구,20221008
경상남도 양산시 물금읍 범어리 637-5번지,48330,25324,0,0637,0005,12642044,,,,1,용도지역코드,1020,일반주거지역,1,0,,일반주거지역,20221008
경상남도 양산시 물금읍 범어리 637-7번지,48330,25324,0,0637,0007,12641515,,,,1,용도지역코드,1020,일반주거지역,1,0,,일반주거지역,20221008
경상남도 양산시 물금읍 범어리 637-10번지,48330,25324,0,0637,0010,1264100013875,,,,1,용도지역코드,1022,제2종일반주거지역,1,0,,제2종일반주거지역,20221008
경상남도 양산시 물금읍 범어리 637-11번지,48330,25324,0,0637,0011,1264100017375,,,,1,용도지역코드,1021,제1종일반주거지역,1,0,,제1종일반주거지역,20221008
경상남도 양산시 물금읍 범어리 637-11번지,48330,25324,0,0637,0011,1264100017375,,,,3,용도구역코드,301,제1종지구단위계획구역,1,0,,제1종지구단위계획구역,20221008
경상남도 양산시 물금읍 범어리 637-14번지,48330,25324,0,0637,0014,12642229,,,,1,용도지역코드,1020,일반주거지역,1,0,,일반주거지역,20221008
경상남도 양산시 물금읍 범어리 638-1번지,48330,25324,0,0638,0001,12648362,,,,1,용도지역코드,1021,제1종일반주거지역,1,0,,제1종일반주거지역,20221008
경상남도 양산시 물금읍 범어리 638-1번지,48330,25324,0,0638,0001,12648362,,,,3,용도구역코드,010,도시계획구역,1,0,,도시계획구역,20221008
경상남도 양산시 물금읍 범어리 638-1번지,48330,25324,0,0638,0001,12648362,,,,3,용도구역코드,301,제1종지구단위계획구역,0,0,,제1종지구단위계획구역,20221008
경상남도 양산시 물금읍 범어리 638-3번지,48330,25324,0,0638,0003,1264100076521,,,,1,용도지역코드,UQA121,제1종일반주거지역,1,0,,제1종일반주거지역,20221008
경상남도 양산시 물금읍 범어리 638-3번지,48330,25324,0,0638,0003,1264100076521,,,,3,용도구역코드,UQQ310,제1종지구단위계획구역,1,0,,제1종지구단위계획구역,20221008
경상남도 양산시 물금읍 범어리 638-3번지,48330,25324,0,0638,0003,1264100076521,,,,3,용도구역코드,UOA120,상대보호구역,0,0,,상대정화구역,20221008
경상남도 양산시 물금읍 범어리 638-3번지,48330,25324,0,0638,0003,1264100090442,,,,1,용도지역코드,UQA121,제1종일반주거지역,1,0,,제1종일반주거지역,20221008
경상남도 양산시 물금읍 범어리 638-3번지,48330,25324,0,0638,0003,1264100090442,,,,3,용도구역코드,UQQ310,제1종지구단위계획구역,1,0,,제1종지구단위계획구역,20221008
경상남도 양산시 물금읍 범어리 638-3번지,48330,25324,0,0638,0003,1264100090442,,,,3,용도구역코드,UOA120,상대보호구역,0,0,,상대정화구역,20221008
경상남도 양산시 물금읍 범어리 638-3번지,48330,25324,0,0638,0003,1264100094102,,,,1,용도지역코드,UQA121,제1종일반주거지역,1,0,,제1종일반주거지역,20221008
경상남도 양산시 물금읍 범어리 638-3번지,48330,25324,0,0638,0003,1264100094102,,,,3,용도구역코드,UQQ310,제1종지구단위계획구역,1,0,,제1종지구단위계획구역,20221008
경상남도 양산시 물금읍 범어리 638-3번지,48330,25324,0,0638,0003,1264100094102,,,,3,용도구역코드,UOA120,상대보호구역,0,0,,상대정화구역,20221008
경상남도 양산시 물금읍 범어리 638-4번지,48330,25324,0,0638,0004,12641273,,,,1,용도지역코드,1020,일반주거지역,1,0,,일반주거지역,20221008
경상남도 양산시 물금읍 범어리 638-7번지,48330,25324,0,0638,0007,12641754,,,,1,용도지역코드,1020,일반주거지역,1,0,,일반주거지역,20221008
경상남도 양산시 물금읍 범어리 638-8번지,48330,25324,0,0638,0008,12641616,,,,1,용도지역코드,1020,일반주거지역,1,0,,일반주거지역,20221008
경상남도 양산시 물금읍 범어리 638-10번지,48330,25324,0,0638,0010,1264100022283,,,,1,용도지역코드,UQA121,제1종일반주거지역,1,0,,제1종일반주거지역,20221008
경상남도 양산시 물금읍 범어리 638-10번지,48330,25324,0,0638,0010,1264100022283,,,,3,용도구역코드,UQQ310,제1종지구단위계획구역,1,0,,제1종지구단위계획구역,20221008
경상남도 양산시 물금읍 범어리 638-12번지,48330,25324,0,0638,0012,1264100076939,,,,1,용도지역코드,UQA121,제1종일반주거지역,1,0,,제1종일반주거지역,20221008
경상남도 양산시 물금읍 범어리 638-12번지,48330,25324,0,0638,0012,1264100076939,,,,3,용도구역코드,UQQ310,제1종지구단위계획구역,1,0,,제1종지구단위계획구역,20221008
경상남도 양산시 물금읍 범어리 638-14번지,48330,25324,0,0638,0014,1264100014434,,,,1,용도지역코드,1021,제1종일반주거지역,1,0,,제1종일반주거지역,20221008
경상남도 양산시 물금읍 범어리 638-14번지,48330,25324,0,0638,0014,1264100014434,,,,3,용도구역코드,301,제1종지구단위계획구역,1,0,,제1종지구단위계획구역,20221008
경상남도 양산시 물금읍 범어리 638-14번지,48330,25324,0,0638,0014,12641078,683-14,,,1,용도지역코드,1020,일반주거지역,1,0,,일반주거지역,20221008
경상남도 양산시 물금읍 범어리 638-14번지,48330,25324,0,0638,0014,1264100019897,,,,1,용도지역코드,1021,제1종일반주거지역,1,0,,제1종일반주거지역,20221008
경상남도 양산시 물금읍 범어리 638-14번지,48330,25324,0,0638,0014,1264100019897,,,,3,용도구역코드,301,제1종지구단위계획구역,1,0,,제1종지구단위계획구역,20221008
경상남도 양산시 물금읍 범어리 639-1번지,48330,25324,0,0639,0001,12641646,,,,1,용도지역코드,1020,일반주거지역,1,0,,일반주거지역,20221008
경상남도 양산시 물금읍 범어리 639-3번지,48330,25324,0,0639,0003,1264869,,,,1,용도지역코드,1020,일반주거지역,1,0,,일반주거지역,20221008
경상남도 양산시 물금읍 범어리 639-4번지,48330,25324,0,0639,0004,12644336,,,,1,용도지역코드,1022,제2종일반주거지역,1,0,,제2종일반주거지역,20221008
경상남도 양산시 물금읍 범어리 639-5번지,48330,25324,0,0639,0005,12641530,,,,1,용도지역코드,1020,일반주거지역,1,0,,일반주거지역,20221008
경상남도 양산시 물금읍 범어리 639-7번지,48330,25324,0,0639,0007,12647388,,,,1,용도지역코드,1021,제1종일반주거지역,1,0,,제1종일반주거지역,20221008
경상남도 양산시 물금읍 범어리 639-7번지,48330,25324,0,0639,0007,12647388,,,,3,용도구역코드,010,도시계획구역,0,0,,도시계획구역,20221008
경상남도 양산시 물금읍 범어리 639-7번지,48330,25324,0,0639,0007,12647388,,,,3,용도구역코드,301,제1종지구단위계획구역,1,0,,제1종지구단위계획구역,20221008
경상남도 양산시 물금읍 범어리 639-10번지,48330,25324,0,0639,0010,1264100137087,,,,1,용도지역코드,UQA121,제1종일반주거지역,1,0,,제1종일반주거지역,20221008
경상남도 양산시 물금읍 범어리 639-10번지,48330,25324,0,0639,0010,1264100137087,,,,3,용도구역코드,UQQ310,제1종지구단위계획구역,1,0,,제1종지구단위계획구역,20221008
경상남도 양산시 물금읍 범어리 639-12번지,48330,25324,0,0639,0012,12641372,639-12,,,1,용도지역코드,1020,일반주거지역,1,0,,일반주거지역,20221008
경상남도 양산시 물금읍 범어리 639-13번지,48330,25324,0,0639,0013,1264100019778,,,,1,용도지역코드,1021,제1종일반주거지역,1,0,,제1종일반주거지역,20221008
경상남도 양산시 물금읍 범어리 639-13번지,48330,25324,0,0639,0013,1264100019778,,,,3,용도구역코드,301,제1종지구단위계획구역,1,0,,제1종지구단위계획구역,20221008
경상남도 양산시 물금읍 범어리 639-13번지,48330,25324,0,0639,0013,1264100011810,,,,1,용도지역코드,1021,제1종일반주거지역,1,0,,제1종일반주거지역,20221008
경상남도 양산시 물금읍 범어리 639-13번지,48330,25324,0,0639,0013,1264100011810,,,,3,용도구역코드,301,제1종지구단위계획구역,1,0,,제1종지구단위계획구역,20221008
경상남도 양산시 물금읍 범어리 641-1번지,48330,25324,0,0641,0001,12642136,,,,1,용도지역코드,1020,일반주거지역,1,0,,일반주거지역,20221008
경상남도 양산시 물금읍 범어리 641-7번지,48330,25324,0,0641,0007,1264100019299,,,,1,용도지역코드,1021,제1종일반주거지역,1,0,,제1종일반주거지역,20221008
경상남도 양산시 물금읍 범어리 641-7번지,48330,25324,0,0641,0007,1264100019299,,,,3,용도구역코드,301,제1종지구단위계획구역,1,0,,제1종지구단위계획구역,20221008
경상남도 양산시 물금읍 범어리 641-10번지,48330,25324,0,0641,0010,1264100022886,,,,1,용도지역코드,UQA121,제1종일반주거지역,1,0,,제1종일반주거지역,20221008
경상남도 양산시 물금읍 범어리 641-10번지,48330,25324,0,0641,0010,1264100022886,,,,3,용도구역코드,UQQ310,제1종지구단위계획구역,1,0,,제1종지구단위계획구역,20221008
경상남도 양산시 물금읍 범어리 641-10번지,48330,25324,0,0641,0010,1264100008547,,,,1,용도지역코드,1021,제1종일반주거지역,1,0,,제1종일반주거지역,20221008
경상남도 양산시 물금읍 범어리 641-10번지,48330,25324,0,0641,0010,1264100008547,,,,3,용도구역코드,301,제1종지구단위계획구역,1,0,,제1종지구단위계획구역,20221008
경상남도 양산시 물금읍 범어리 642-1번지,48330,25324,0,0642,0001,12641086,,,,1,용도지역코드,1020,일반주거지역,1,0,,일반주거지역,20221008
경상남도 양산시 물금읍 범어리 642-2번지,48330,25324,0,0642,0002,1264100005247,,,,1,용도지역코드,1021,제1종일반주거지역,1,0,,제1종일반주거지역,20221008
경상남도 양산시 물금읍 범어리 642-2번지,48330,25324,0,0642,0002,1264100005247,,,,3,용도구역코드,301,제1종지구단위계획구역,1,0,,제1종지구단위계획구역,20221008
경상남도 양산시 물금읍 범어리 642-2번지,48330,25324,0,0642,0002,1264100005246,,,,1,용도지역코드,1021,제1종일반주거지역,1,0,,제1종일반주거지역,20221008
경상남도 양산시 물금읍 범어리 642-2번지,48330,25324,0,0642,0002,1264100005246,,,,3,용도구역코드,301,제1종지구단위계획구역,1,0,,제1종지구단위계획구역,20221008
경상남도 양산시 물금읍 범어리 642-3번지,48330,25324,0,0642,0003,1264100085363,,,,1,용도지역코드,UQA121,제1종일반주거지역,1,0,,제1종일반주거지역,20221008
경상남도 양산시 물금읍 범어리 642-3번지,48330,25324,0,0642,0003,1264100085363,,,,3,용도구역코드,UQQ310,제1종지구단위계획구역,1,0,,제1종지구단위계획구역,20221008
경상남도 양산시 물금읍 범어리 642-4번지,48330,25324,0,0642,0004,12642055,,,,1,용도지역코드,1020,일반주거지역,1,0,,일반주거지역,20221008
경상남도 양산시 물금읍 범어리 642-5번지,48330,25324,0,0642,0005,1264100083402,,,,1,용도지역코드,UQA121,제1종일반주거지역,1,0,,제1종일반주거지역,20221008
경상남도 양산시 물금읍 범어리 642-5번지,48330,25324,0,0642,0005,1264100083402,,,,3,용도구역코드,UQQ310,제1종지구단위계획구역,1,0,,제1종지구단위계획구역,20221008
경상남도 양산시 물금읍 범어리 642-5번지,48330,25324,0,0642,0005,1264100061399,,,,1,용도지역코드,UQA121,제1종일반주거지역,1,0,,제1종일반주거지역,20221008
경상남도 양산시 물금읍 범어리 642-6번지,48330,25324,0,0642,0006,1264100016318,,,,1,용도지역코드,1021,제1종일반주거지역,1,0,,제1종일반주거지역,20221008
경상남도 양산시 물금읍 범어리 642-6번지,48330,25324,0,0642,0006,1264100016318,,,,3,용도구역코드,301,제1종지구단위계획구역,1,0,,제1종지구단위계획구역,20221008
경상남도 양산시 물금읍 범어리 642-6번지,48330,25324,0,0642,0006,12641229,642-6,,,1,용도지역코드,0100,도시지역,0,0,,도시지역,20221008
경상남도 양산시 물금읍 범어리 642-6번지,48330,25324,0,0642,0006,12641229,642-6,,,1,용도지역코드,1020,일반주거지역,1,0,,일반주거지역,20221008
경상남도 양산시 물금읍 범어리 642-7번지,48330,25324,0,0642,0007,12641664,,,,1,용도지역코드,1020,일반주거지역,1,0,,일반주거지역,20221008
경상남도 양산시 물금읍 범어리 642-7번지,48330,25324,0,0642,0007,12641787,,,,1,용도지역코드,1020,일반주거지역,1,0,,일반주거지역,20221008
경상남도 양산시 물금읍 범어리 642-8번지,48330,25324,0,0642,0008,1264100030236,,,,1,용도지역코드,UQA121,제1종일반주거지역,1,0,,제1종일반주거지역,20221008
경상남도 양산시 물금읍 범어리 642-8번지,48330,25324,0,0642,0008,1264100030236,,,,3,용도구역코드,UQQ310,제1종지구단위계획구역,1,0,,제1종지구단위계획구역,20221008
경상남도 양산시 물금읍 범어리 642-10번지,48330,25324,0,0642,0010,12641691,,,,1,용도지역코드,1020,일반주거지역,1,0,,일반주거지역,20221008
경상남도 양산시 물금읍 범어리 642-12번지,48330,25324,0,0642,0012,1264100022887,,,,1,용도지역코드,UQA121,제1종일반주거지역,1,0,,제1종일반주거지역,20221008
경상남도 양산시 물금읍 범어리 642-12번지,48330,25324,0,0642,0012,1264100022887,,,,3,용도구역코드,UQQ310,제1종지구단위계획구역,1,0,,제1종지구단위계획구역,20221008
경상남도 양산시 물금읍 범어리 642-12번지,48330,25324,0,0642,0012,1264100015636,,,,1,용도지역코드,1021,제1종일반주거지역,1,0,,제1종일반주거지역,20221008
경상남도 양산시 물금읍 범어리 642-12번지,48330,25324,0,0642,0012,1264100015636,,,,3,용도구역코드,301,제1종지구단위계획구역,1,0,,제1종지구단위계획구역,20221008
경상남도 양산시 물금읍 범어리 642-12번지,48330,25324,0,0642,0012,1264100015636,,,,3,용도구역코드,272,상대정화구역,0,0,,상대정화구역,20221008
경상남도 양산시 물금읍 범어리 642-13번지,48330,25324,0,0642,0013,1264100040064,,,,1,용도지역코드,UQA121,제1종일반주거지역,1,0,,제1종일반주거지역,20221008
경상남도 양산시 물금읍 범어리 642-13번지,48330,25324,0,0642,0013,1264100040064,,,,3,용도구역코드,UQQ310,제1종지구단위계획구역,1,0,,제1종지구단위계획구역,20221008
경상남도 양산시 물금읍 범어리 642-13번지,48330,25324,0,0642,0013,1264100040064,,,,3,용도구역코드,UOA120,상대보호구역,0,0,,상대정화구역,20221008
경상남도 양산시 물금읍 범어리 642-14번지,48330,25324,0,0642,0014,12641085,642-14,,,1,용도지역코드,1020,일반주거지역,1,0,,일반주거지역,20221008
경상남도 양산시 물금읍 범어리 643-4번지,48330,25324,0,0643,0004,1264100156931,,,,1,용도지역코드,UQA120,일반주거지역,1,0,,일반주거지역,20221008
경상남도 양산시 물금읍 범어리 643-7번지,48330,25324,0,0643,0007,12641728,,,,1,용도지역코드,1020,일반주거지역,1,0,,일반주거지역,20221008
경상남도 양산시 물금읍 범어리 643-8번지,48330,25324,0,0643,0008,1264100079520,,,,1,용도지역코드,UQA121,제1종일반주거지역,1,0,,제1종일반주거지역,20221008
경상남도 양산시 물금읍 범어리 643-8번지,48330,25324,0,0643,0008,1264100079520,,,,3,용도구역코드,UQQ310,제1종지구단위계획구역,1,0,,제1종지구단위계획구역,20221008
경상남도 양산시 물금읍 범어리 643-8번지,48330,25324,0,0643,0008,1264100079520,,,,3,용도구역코드,UOA120,상대보호구역,0,0,,상대정화구역,20221008
경상남도 양산시 물금읍 범어리 643-9번지,48330,25324,0,0643,0009,12641658,,,,1,용도지역코드,1020,일반주거지역,1,0,,일반주거지역,20221008
경상남도 양산시 물금읍 범어리 643-13번지,48330,25324,0,0643,0013,1264100060497,,,,1,용도지역코드,UQA121,제1종일반주거지역,1,0,,제1종일반주거지역,20221008
경상남도 양산시 물금읍 범어리 643-13번지,48330,25324,0,0643,0013,1264100060497,,,,3,용도구역코드,UQQ310,제1종지구단위계획구역,1,0,,제1종지구단위계획구역,20221008
경상남도 양산시 물금읍 범어리 643-13번지,48330,25324,0,0643,0013,1264100060497,,,,3,용도구역코드,UOA120,상대보호구역,0,0,,상대정화구역,20221008
경상남도 양산시 물금읍 범어리 643-14번지,48330,25324,0,0643,0014,1264908,,,,1,용도지역코드,1020,일반주거지역,1,0,,일반주거지역,20221008
경상남도 양산시 물금읍 범어리 644-1번지,48330,25324,0,0644,0001,1264100147774,,,,1,용도지역코드,UQA130,준주거지역,1,0,,준주거지역,20221008
경상남도 양산시 물금읍 범어리 644-1번지,48330,25324,0,0644,0001,1264100147774,,,,3,용도구역코드,UQQ310,제1종지구단위계획구역,1,0,,제1종지구단위계획구역,20221008
경상남도 양산시 물금읍 범어리 644-1번지,48330,25324,0,0644,0001,1264100147774,,,,3,용도구역코드,UMZ100,가축사육제한구역,0,0,,가축사육제한구역,20221008
경상남도 양산시 물금읍 범어리 644-1번지,48330,25324,0,0644,0001,1264100114336,,,,1,용도지역코드,UQA130,준주거지역,1,0,,준주거지역,20221008
경상남도 양산시 물금읍 범어리 644-1번지,48330,25324,0,0644,0001,1264100114336,,,,3,용도구역코드,UQQ310,제1종지구단위계획구역,1,0,,제1종지구단위계획구역,20221008
경상남도 양산시 물금읍 범어리 644-1번지,48330,25324,0,0644,0001,1264100114336,,,,3,용도구역코드,UMZ100,가축사육제한구역,0,0,,가축사육제한구역,20221008
경상남도 양산시 물금읍 범어리 644-2번지,48330,25324,0,0644,0002,12643263,,,,1,용도지역코드,1030,준주거지역,1,0,,준주거지역,20221008
경상남도 양산시 물금읍 범어리 644-4번지,48330,25324,0,0644,0004,12644041,,,,1,용도지역코드,1030,준주거지역,1,0,,준주거지역,20221008
경상남도 양산시 물금읍 범어리 644-5번지,48330,25324,0,0644,0005,12645049,,,,1,용도지역코드,1030,준주거지역,1,0,,준주거지역,20221008
경상남도 양산시 물금읍 범어리 644-5번지,48330,25324,0,0644,0005,12644028,,,,1,용도지역코드,1030,준주거지역,1,0,,준주거지역,20221008
경상남도 양산시 물금읍 범어리 644-5번지,48330,25324,0,0644,0005,12644028,,,,2,용도지구코드,980,용도지구미지정,1,0,,용도지구미지정,20221008
경상남도 양산시 물금읍 범어리 644-5번지,48330,25324,0,0644,0005,12644028,,,,3,용도구역코드,980,용도구역미지정,1,0,,용도구역미지정,20221008
경상남도 양산시 물금읍 범어리 644-5번지,48330,25324,0,0644,0005,12648941,,,,1,용도지역코드,1030,준주거지역,1,0,,준주거지역,20221008
경상남도 양산시 물금읍 범어리 644-5번지,48330,25324,0,0644,0005,12648941,,,,3,용도구역코드,301,제1종지구단위계획구역,1,0,,제1종지구단위계획구역,20221008
경상남도 양산시 물금읍 범어리 644-6번지,48330,25324,0,0644,0006,12648043,,,,1,용도지역코드,1030,준주거지역,1,0,,준주거지역,20221008
경상남도 양산시 물금읍 범어리 644-6번지,48330,25324,0,0644,0006,12648043,,,,3,용도구역코드,010,도시계획구역,1,0,,도시계획구역,20221008
경상남도 양산시 물금읍 범어리 644-6번지,48330,25324,0,0644,0006,12649447,,,,1,용도지역코드,1030,준주거지역,1,0,,준주거지역,20221008
경상남도 양산시 물금읍 범어리 644-6번지,48330,25324,0,0644,0006,12649447,,,,3,용도구역코드,301,제1종지구단위계획구역,1,0,,제1종지구단위계획구역,20221008
경상남도 양산시 물금읍 범어리 644-8번지,48330,25324,0,0644,0008,12645799,,,,1,용도지역코드,1030,준주거지역,1,0,,준주거지역,20221008
경상남도 양산시 물금읍 범어리 644-8번지,48330,25324,0,0644,0008,12645799,,,,2,용도지구코드,160,택지개발지구,1,0,,택지개발지구,20221008
경상남도 양산시 물금읍 범어리 644-8번지,48330,25324,0,0644,0008,12645799,,,,3,용도구역코드,301,제1종지구단위계획구역,1,0,,제1종지구단위계획구역,20221008
경상남도 양산시 물금읍 범어리 644-9번지,48330,25324,0,0644,0009,1264100011276,,,,1,용도지역코드,1030,준주거지역,1,0,,준주거지역,20221008
경상남도 양산시 물금읍 범어리 644-9번지,48330,25324,0,0644,0009,1264100011276,,,,3,용도구역코드,301,제1종지구단위계획구역,1,0,,제1종지구단위계획구역,20221008
경상남도 양산시 물금읍 범어리 645-3번지,48330,25324,0,0645,0003,1264100073481,,,,1,용도지역코드,UQA121,제1종일반주거지역,1,0,,제1종일반주거지역,20221008
경상남도 양산시 물금읍 범어리 645-3번지,48330,25324,0,0645,0003,1264100073481,,,,3,용도구역코드,UQQ310,제1종지구단위계획구역,1,0,,제1종지구단위계획구역,20221008
경상남도 양산시 물금읍 범어리 645-5번지,48330,25324,0,0645,0005,12642088,,,,1,용도지역코드,1020,일반주거지역,1,0,,일반주거지역,20221008
경상남도 양산시 물금읍 범어리 645-7번지,48330,25324,0,0645,0007,12641642,,,,1,용도지역코드,1020,일반주거지역,1,0,,일반주거지역,20221008
경상남도 양산시 물금읍 범어리 645-8번지,48330,25324,0,0645,0008,1264100063545,,,,1,용도지역코드,UQA121,제1종일반주거지역,1,0,,제1종일반주거지역,20221008
경상남도 양산시 물금읍 범어리 645-8번지,48330,25324,0,0645,0008,1264100063545,,,,3,용도구역코드,UQQ310,제1종지구단위계획구역,1,0,,제1종지구단위계획구역,20221008
경상남도 양산시 물금읍 범어리 645-9번지,48330,25324,0,0645,0009,12641251,645-9,,,1,용도지역코드,1020,일반주거지역,1,0,,일반주거지역,20221008
경상남도 양산시 물금읍 범어리 645-10번지,48330,25324,0,0645,0010,12641506,,,,1,용도지역코드,1020,일반주거지역,1,0,,일반주거지역,20221008
경상남도 양산시 물금읍 범어리 645-11번지,48330,25324,0,0645,0011,12641745,,,,1,용도지역코드,1020,일반주거지역,1,0,,일반주거지역,20221008
경상남도 양산시 물금읍 범어리 645-13번지,48330,25324,0,0645,0013,12641272,645-13,,,1,용도지역코드,1020,일반주거지역,1,0,,일반주거지역,20221008
경상남도 양산시 물금읍 범어리 645-14번지,48330,25324,0,0645,0014,12641520,,,,1,용도지역코드,1020,일반주거지역,1,0,,일반주거지역,20221008
경상남도 양산시 물금읍 범어리 646-2번지,48330,25324,0,0646,0002,1264100012852,,,,1,용도지역코드,1021,제1종일반주거지역,1,0,,제1종일반주거지역,20221008
경상남도 양산시 물금읍 범어리 646-2번지,48330,25324,0,0646,0002,1264100012852,,,,3,용도구역코드,301,제1종지구단위계획구역,1,0,,제1종지구단위계획구역,20221008
경상남도 양산시 물금읍 범어리 646-2번지,48330,25324,0,0646,0002,1264100019588,,,,1,용도지역코드,1021,제1종일반주거지역,1,0,,제1종일반주거지역,20221008
경상남도 양산시 물금읍 범어리 646-2번지,48330,25324,0,0646,0002,1264100019588,,,,3,용도구역코드,301,제1종지구단위계획구역,1,0,,제1종지구단위계획구역,20221008
경상남도 양산시 물금읍 범어리 646-4번지,48330,25324,0,0646,0004,12641269,646-4,,,1,용도지역코드,1020,일반주거지역,1,0,,일반주거지역,20221008
경상남도 양산시 물금읍 범어리 646-7번지,48330,25324,0,0646,0007,12641168,646-7,,,1,용도지역코드,1020,일반주거지역,1,0,,일반주거지역,20221008
경상남도 양산시 물금읍 범어리 646-8번지,48330,25324,0,0646,0008,1264100019716,,,,1,용도지역코드,1021,제1종일반주거지역,1,0,,제1종일반주거지역,20221008
경상남도 양산시 물금읍 범어리 646-8번지,48330,25324,0,0646,0008,1264100019716,,,,3,용도구역코드,301,제1종지구단위계획구역,1,0,,제1종지구단위계획구역,20221008
경상남도 양산시 물금읍 범어리 646-8번지,48330,25324,0,0646,0008,12648201,,,,1,용도지역코드,1021,제1종일반주거지역,1,0,,제1종일반주거지역,20221008
경상남도 양산시 물금읍 범어리 646-8번지,48330,25324,0,0646,0008,12648201,,,,3,용도구역코드,010,도시계획구역,1,0,,도시계획구역,20221008
경상남도 양산시 물금읍 범어리 646-8번지,48330,25324,0,0646,0008,12648201,,,,3,용도구역코드,301,제1종지구단위계획구역,0,0,,제1종지구단위계획구역,20221008
경상남도 양산시 물금읍 범어리 646-11번지,48330,25324,0,0646,0011,1264100072979,,,,1,용도지역코드,UQA121,제1종일반주거지역,1,0,,제1종일반주거지역,20221008
경상남도 양산시 물금읍 범어리 646-11번지,48330,25324,0,0646,0011,1264100072979,,,,3,용도구역코드,UQQ310,제1종지구단위계획구역,1,0,,제1종지구단위계획구역,20221008
경상남도 양산시 물금읍 범어리 646-13번지,48330,25324,0,0646,0013,1264100016157,,,,1,용도지역코드,1021,제1종일반주거지역,1,0,,제1종일반주거지역,20221008
경상남도 양산시 물금읍 범어리 646-13번지,48330,25324,0,0646,0013,1264100016157,,,,3,용도구역코드,301,제1종지구단위계획구역,1,0,,제1종지구단위계획구역,20221008
경상남도 양산시 물금읍 범어리 646-13번지,48330,25324,0,0646,0013,1264100019780,,,,1,용도지역코드,1021,제1종일반주거지역,1,0,,제1종일반주거지역,20221008
경상남도 양산시 물금읍 범어리 646-13번지,48330,25324,0,0646,0013,1264100019780,,,,3,용도구역코드,301,제1종지구단위계획구역,1,0,,제1종지구단위계획구역,20221008
경상남도 양산시 물금읍 범어리 646-14번지,48330,25324,0,0646,0014,12641219,646-14,,,1,용도지역코드,1020,일반주거지역,1,0,,일반주거지역,20221008
경상남도 양산시 물금읍 범어리 647-1번지,48330,25324,0,0647,0001,1264100070099,,,,1,용도지역코드,UQA130,준주거지역,1,0,,준주거지역,20221008
경상남도 양산시 물금읍 범어리 647-1번지,48330,25324,0,0647,0001,1264100070099,,,,3,용도구역코드,UQQ310,제1종지구단위계획구역,1,0,,제1종지구단위계획구역,20221008
경상남도 양산시 물금읍 범어리 647-1번지,48330,25324,0,0647,0001,1264100064999,,,,1,용도지역코드,UQA130,준주거지역,1,0,,준주거지역,20221008
경상남도 양산시 물금읍 범어리 647-1번지,48330,25324,0,0647,0001,1264100064999,,,,3,용도구역코드,UQQ310,제1종지구단위계획구역,1,0,,제1종지구단위계획구역,20221008
경상남도 양산시 물금읍 범어리 647-4번지,48330,25324,0,0647,0004,1264100080882,,,,1,용도지역코드,UQA130,준주거지역,1,0,,준주거지역,20221008
경상남도 양산시 물금읍 범어리 647-4번지,48330,25324,0,0647,0004,1264100080882,,,,3,용도구역코드,UQQ310,제1종지구단위계획구역,1,0,,제1종지구단위계획구역,20221008
경상남도 양산시 물금읍 범어리 647-6번지,48330,25324,0,0647,0006,1264100038495,,,,1,용도지역코드,UQA130,준주거지역,1,0,,준주거지역,20221008
경상남도 양산시 물금읍 범어리 647-6번지,48330,25324,0,0647,0006,1264100038495,,,,3,용도구역코드,UQQ310,제1종지구단위계획구역,1,0,,제1종지구단위계획구역,20221008
경상남도 양산시 물금읍 범어리 647-7번지,48330,25324,0,0647,0007,1264100102074,,,,1,용도지역코드,UQA130,준주거지역,1,0,,준주거지역,20221008
경상남도 양산시 물금읍 범어리 647-7번지,48330,25324,0,0647,0007,1264100102074,,,,3,용도구역코드,UQQ310,제1종지구단위계획구역,1,0,,제1종지구단위계획구역,20221008
경상남도 양산시 물금읍 범어리 647-8번지,48330,25324,0,0647,0008,12646407,,,,1,용도지역코드,1030,준주거지역,1,0,,준주거지역,20221008
경상남도 양산시 물금읍 범어리 647-8번지,48330,25324,0,0647,0008,1264100019800,,,,1,용도지역코드,1021,제1종일반주거지역,1,0,,제1종일반주거지역,20221008
경상남도 양산시 물금읍 범어리 647-8번지,48330,25324,0,0647,0008,1264100019800,,,,3,용도구역코드,301,제1종지구단위계획구역,1,0,,제1종지구단위계획구역,20221008
경상남도 양산시 물금읍 범어리 647-9번지,48330,25324,0,0647,0009,1264100113041,,,,1,용도지역코드,UQA130,준주거지역,1,0,,준주거지역,20221008
경상남도 양산시 물금읍 범어리 647-9번지,48330,25324,0,0647,0009,1264100113041,,,,3,용도구역코드,UQQ310,제1종지구단위계획구역,1,0,,제1종지구단위계획구역,20221008
경상남도 양산시 물금읍 범어리 647-10번지,48330,25324,0,0647,0010,1264100108440,,,,1,용도지역코드,UQA130,준주거지역,1,0,,준주거지역,20221008
경상남도 양산시 물금읍 범어리 647-10번지,48330,25324,0,0647,0010,1264100108440,,,,3,용도구역코드,UQQ310,제1종지구단위계획구역,1,0,,제1종지구단위계획구역,20221008
경상남도 양산시 물금읍 범어리 647-10번지,48330,25324,0,0647,0010,1264100108440,,,,3,용도구역코드,UMZ100,가축사육제한구역,0,0,,가축사육제한구역,20221008
경상남도 양산시 물금읍 범어리 647-12번지,48330,25324,0,0647,0012,1264100143666,,,,1,용도지역코드,UQA130,준주거지역,1,0,,준주거지역,20221008
경상남도 양산시 물금읍 범어리 647-12번지,48330,25324,0,0647,0012,1264100143666,,,,3,용도구역코드,UQQ310,제1종지구단위계획구역,1,0,,제1종지구단위계획구역,20221008
경상남도 양산시 물금읍 범어리 647-13번지,48330,25324,0,0647,0013,12646170,,,,1,용도지역코드,1030,준주거지역,1,0,,준주거지역,20221008
경상남도 양산시 물금읍 범어리 648-1번지,48330,25324,0,0648,0001,1264100029110,,,,1,용도지역코드,UQA130,준주거지역,1,0,,준주거지역,20221008
경상남도 양산시 물금읍 범어리 648-1번지,48330,25324,0,0648,0001,1264100029110,,,,3,용도구역코드,UQQ310,제1종지구단위계획구역,1,0,,제1종지구단위계획구역,20221008
경상남도 양산시 물금읍 범어리 648-2번지,48330,25324,0,0648,0002,1000000000000000739288,,,,1,용도지역코드,UQA130,준주거지역,1,0,,준주거지역,20260803
경상남도 양산시 물금읍 범어리 648-2번지,48330,25324,0,0648,0002,1264100111516,,,,1,용도지역코드,UQA130,준주거지역,1,0,,준주거지역,20221008
경상남도 양산시 물금읍 범어리 648-2번지,48330,25324,0,0648,0002,1264100111516,,,,3,용도구역코드,UQQ310,제1종지구단위계획구역,1,0,,제1종지구단위계획구역,20221008
경상남도 양산시 물금읍 범어리 648-3번지,48330,25324,0,0648,0003,1264100076900,,,,1,용도지역코드,UQA130,준주거지역,1,0,,준주거지역,20221008
경상남도 양산시 물금읍 범어리 648-3번지,48330,25324,0,0648,0003,1264100076900,,,,3,용도구역코드,UQQ310,제1종지구단위계획구역,1,0,,제1종지구단위계획구역,20221008
경상남도 양산시 물금읍 범어리 648-4번지,48330,25324,0,0648,0004,1264100037812,,,,1,용도지역코드,UQA130,준주거지역,1,0,,준주거지역,20221008
경상남도 양산시 물금읍 범어리 648-4번지,48330,25324,0,0648,0004,1264100037812,,,,3,용도구역코드,UQQ310,제1종지구단위계획구역,1,0,,제1종지구단위계획구역,20221008
경상남도 양산시 물금읍 범어리 648-4번지,48330,25324,0,0648,0004,12648107,,,,1,용도지역코드,1030,준주거지역,1,0,,준주거지역,20221008
경상남도 양산시 물금읍 범어리 648-4번지,48330,25324,0,0648,0004,12648107,,,,3,용도구역코드,010,도시계획구역,1,0,,도시계획구역,20221008
경상남도 양산시 물금읍 범어리 649-1번지,48330,25324,0,0649,0001,1264100133885,,,,1,용도지역코드,UQA121,제1종일반주거지역,1,0,,제1종일반주거지역,20221008
경상남도 양산시 물금읍 범어리 649-1번지,48330,25324,0,0649,0001,1264100133885,,,,3,용도구역코드,UQQ310,제1종지구단위계획구역,1,0,,제1종지구단위계획구역,20221008
경상남도 양산시 물금읍 범어리 649-2번지,48330,25324,0,0649,0002,1264100148450,,,,1,용도지역코드,UQA121,제1종일반주거지역,1,0,,제1종일반주거지역,20221008
경상남도 양산시 물금읍 범어리 649-2번지,48330,25324,0,0649,0002,1264100148450,,,,3,용도구역코드,UQQ310,제1종지구단위계획구역,1,0,,제1종지구단위계획구역,20221008
경상남도 양산시 물금읍 범어리 649-4번지,48330,25324,0,0649,0004,12645941,,,,1,용도지역코드,1021,제1종일반주거지역,1,0,,제1종일반주거지역,20221008
경상남도 양산시 물금읍 범어리 649-4번지,48330,25324,0,0649,0004,12645941,,,,3,용도구역코드,301,제1종지구단위계획구역,1,0,,제1종지구단위계획구역,20221008
경상남도 양산시 물금읍 범어리 649-5번지,48330,25324,0,0649,0005,12641197,,,,1,용도지역코드,1020,일반주거지역,1,0,,일반주거지역,20221008
경상남도 양산시 물금읍 범어리 649-6번지,48330,25324,0,0649,0006,12648334,,,,1,용도지역코드,1021,제1종일반주거지역,1,0,,제1종일반주거지역,20221008
경상남도 양산시 물금읍 범어리 649-6번지,48330,25324,0,0649,0006,12648334,,,,3,용도구역코드,301,제1종지구단위계획구역,1,0,,제1종지구단위계획구역,20221008
경상남도 양산시 물금읍 범어리 649-6번지,48330,25324,0,0649,0006,12643720,,,,1,용도지역코드,1020,일반주거지역,1,0,,일반주거지역,20221008
경상남도 양산시 물금읍 범어리 649-7번지,48330,25324,0,0649,0007,12641580,,,,1,용도지역코드,1020,일반주거지역,1,0,,일반주거지역,20221008
경상남도 양산시 물금읍 범어리 649-8번지,48330,25324,0,0649,0008,12643998,,,,1,용도지역코드,1020,일반주거지역,1,0,,일반주거지역,20221008
경상남도 양산시 물금읍 범어리 649-10번지,48330,25324,0,0649,0010,12641723,,,,1,용도지역코드,1020,일반주거지역,1,0,,일반주거지역,20221008
경상남도 양산시 물금읍 범어리 650-2번지,48330,25324,0,0650,0002,12642861,,,,1,용도지역코드,1030,준주거지역,1,0,,준주거지역,20221008
경상남도 양산시 물금읍 범어리 650-2번지,48330,25324,0,0650,0002,12642380,,,,1,용도지역코드,1030,준주거지역,1,0,,준주거지역,20221008
경상남도 양산시 물금읍 범어리 650-2번지,48330,25324,0,0650,0002,12642387,,,,1,용도지역코드,1030,준주거지역,1,0,,준주거지역,20221008
경상남도 양산시 물금읍 범어리 650-3번지,48330,25324,0,0650,0003,12649602,,,,1,용도지역코드,1030,준주거지역,1,0,,준주거지역,20221008
경상남도 양산시 물금읍 범어리 650-3번지,48330,25324,0,0650,0003,12649602,,,,3,용도구역코드,301,제1종지구단위계획구역,1,0,,제1종지구단위계획구역,20221008
경상남도 양산시 물금읍 범어리 650-3번지,48330,25324,0,0650,0003,1264100005045,,,,1,용도지역코드,1030,준주거지역,1,0,,준주거지역,20221008
경상남도 양산시 물금읍 범어리 650-3번지,48330,25324,0,0650,0003,1264100005045,,,,3,용도구역코드,301,제1종지구단위계획구역,1,0,,제1종지구단위계획구역,20221008
경상남도 양산시 물금읍 범어리 650-4번지,48330,25324,0,0650,0004,12641302,,,,1,용도지역코드,1020,일반주거지역,1,0,,일반주거지역,20221008
경상남도 양산시 물금읍 범어리 652-3번지,48330,25324,0,0652,0003,1264100130684,,,,1,용도지역코드,UQA122,제2종일반주거지역,1,0,,제2종일반주거지역,20221008
경상남도 양산시 물금읍 범어리 652-3번지,48330,25324,0,0652,0003,1264100130684,,,,3,용도구역코드,UOA120,상대보호구역,1,0,,상대보호구역,20221008
경상남도 양산시 물금읍 범어리 652-4번지,48330,25324,0,0652,0004,1264100075179,,,,1,용도지역코드,UQA122,제2종일반주거지역,1,0,,제2종일반주거지역,20221008
경상남도 양산시 물금읍 범어리 652-4번지,48330,25324,0,0652,0004,1264100075179,,,,3,용도구역코드,UOA120,상대보호구역,1,0,,상대정화구역,20221008
경상남도 양산시 물금읍 범어리 653번지,48330,25324,0,0653,0000,1264100122619,,,,1,용도지역코드,UQA122,제2종일반주거지역,1,0,,제2종일반주거지역,20221008
경상남도 양산시 물금읍 범어리 663-1번지,48330,25324,0,0663,0001,1264100078240,,,,1,용도지역코드,UQA122,제2종일반주거지역,1,0,,제2종일반주거지역,20221008
경상남도 양산시 물금읍 범어리 670-7번지,48330,25324,0,0670,0007,12642657,,,,1,용도지역코드,1020,일반주거지역,1,0,,일반주거지역,20221008
경상남도 양산시 물금읍 범어리 670-11번지,48330,25324,0,0670,0011,12649537,,,,1,용도지역코드,1021,제1종일반주거지역,1,0,,제1종일반주거지역,20221008
경상남도 양산시 물금읍 범어리 670-11번지,48330,25324,0,0670,0011,1264100015577,,,,1,용도지역코드,1021,제1종일반주거지역,1,0,,제1종일반주거지역,20221008
경상남도 양산시 물금읍 범어리 670-12번지,48330,25324,0,0670,0012,1264100013134,,,,1,용도지역코드,1021,제1종일반주거지역,1,0,,제1종일반주거지역,20221008
경상남도 양산시 물금읍 범어리 670-12번지,48330,25324,0,0670,0012,1264100013134,,,,3,용도구역코드,301,제1종지구단위계획구역,1,0,,제1종지구단위계획구역,20221008
경상남도 양산시 물금읍 범어리 670-12번지,48330,25324,0,0670,0012,1264100020939,,,,1,용도지역코드,1021,제1종일반주거지역,1,0,,제1종일반주거지역,20221008
경상남도 양산시 물금읍 범어리 670-12번지,48330,25324,0,0670,0012,1264100020939,,,,3,용도구역코드,301,제1종지구단위계획구역,1,0,,제1종지구단위계획구역,20221008
경상남도 양산시 물금읍 범어리 671-1번지,48330,25324,0,0671,0001,1264100077000,,,,1,용도지역코드,UQA130,준주거지역,1,0,,준주거지역,20221008
경상남도 양산시 물금읍 범어리 671-1번지,48330,25324,0,0671,0001,1264100077000,,,,3,용도구역코드,UQQ310,제1종지구단위계획구역,1,0,,제1종지구단위계획구역,20221008
경상남도 양산시 물금읍 범어리 671-1번지,48330,25324,0,0671,0001,1264100067461,,,,1,용도지역코드,UQA130,준주거지역,1,0,,준주거지역,20221008
경상남도 양산시 물금읍 범어리 671-1번지,48330,25324,0,0671,0001,1264100067461,,,,3,용도구역코드,UQQ310,제1종지구단위계획구역,1,0,,제1종지구단위계획구역,20221008
경상남도 양산시 물금읍 범어리 671-2번지,48330,25324,0,0671,0002,1264100057130,,,,1,용도지역코드,UQA130,준주거지역,1,0,,준주거지역,20221008
경상남도 양산시 물금읍 범어리 671-2번지,48330,25324,0,0671,0002,1264100057130,,,,3,용도구역코드,UQQ310,제1종지구단위계획구역,1,0,,제1종지구단위계획구역,20221008
경상남도 양산시 물금읍 범어리 671-3번지,48330,25324,0,0671,0003,1264100044326,,,,1,용도지역코드,UQA130,준주거지역,1,0,,준주거지역,20221008
경상남도 양산시 물금읍 범어리 671-3번지,48330,25324,0,0671,0003,1264100044326,,,,3,용도구역코드,UQQ310,제1종지구단위계획구역,1,0,,제1종지구단위계획구역,20221008
경상남도 양산시 물금읍 범어리 671-3번지,48330,25324,0,0671,0003,1264100084141,,,,1,용도지역코드,UQA130,준주거지역,1,0,,준주거지역,20221008
경상남도 양산시 물금읍 범어리 671-3번지,48330,25324,0,0671,0003,1264100084141,,,,3,용도구역코드,UQQ310,제1종지구단위계획구역,1,0,,제1종지구단위계획구역,20221008
경상남도 양산시 물금읍 범어리 671-5번지,48330,25324,0,0671,0005,1264100032822,,,,1,용도지역코드,UQA130,준주거지역,1,0,,준주거지역,20221008
경상남도 양산시 물금읍 범어리 671-6번지,48330,25324,0,0671,0006,1000000000000000439616,,,,3,용도구역코드,UQQ310,제1종지구단위계획구역,1,0,,제1종지구단위계획구역,20260416
경상남도 양산시 물금읍 범어리 671-6번지,48330,25324,0,0671,0006,1000000000000000439616,,,,1,용도지역코드,UQA130,준주거지역,1,0,,준주거지역,20260416
경상남도 양산시 물금읍 범어리 671-6번지,48330,25324,0,0671,0006,1000000000000000439616,,,,1,용도지역코드,UQA130,준주거지역,1,0,,준주거지역,20240923
경상남도 양산시 물금읍 범어리 671-6번지,48330,25324,0,0671,0006,1000000000000000439616,,,,3,용도구역코드,UQQ310,제1종지구단위계획구역,1,0,,제1종지구단위계획구역,20240923
경상남도 양산시 물금읍 범어리 671-9번지,48330,25324,0,0671,0009,12645541,,,,1,용도지역코드,1030,준주거지역,1,0,,준주거지역,20221008
경상남도 양산시 물금읍 범어리 671-9번지,48330,25324,0,0671,0009,1264100005755,,,,1,용도지역코드,1030,준주거지역,1,0,,준주거지역,20221008
경상남도 양산시 물금읍 범어리 671-9번지,48330,25324,0,0671,0009,1264100005755,,,,3,용도구역코드,301,제1종지구단위계획구역,1,0,,제1종지구단위계획구역,20221008
경상남도 양산시 물금읍 범어리 671-11번지,48330,25324,0,0671,0011,1264100088583,,,,1,용도지역코드,UQA130,준주거지역,1,0,,준주거지역,20221008
경상남도 양산시 물금읍 범어리 671-11번지,48330,25324,0,0671,0011,1264100088583,,,,3,용도구역코드,UQQ310,제1종지구단위계획구역,1,0,,제1종지구단위계획구역,20221008
경상남도 양산시 물금읍 범어리 672-1번지,48330,25324,0,0672,0001,12644981,,,,1,용도지역코드,1020,일반주거지역,1,0,,일반주거지역,20221008
경상남도 양산시 물금읍 범어리 672-1번지,48330,25324,0,0672,0001,1264100020117,,,,3,용도구역코드,301,제1종지구단위계획구역,1,0,,제1종지구단위계획구역,20221008
경상남도 양산시 물금읍 범어리 672-1번지,48330,25324,0,0672,0001,1264100020117,,,,1,용도지역코드,1021,제1종일반주거지역,1,0,,제1종일반주거지역,20221008
경상남도 양산시 물금읍 범어리 672-2번지,48330,25324,0,0672,0002,12641188,,,,1,용도지역코드,1020,일반주거지역,1,0,,일반주거지역,20221008
경상남도 양산시 물금읍 범어리 672-4번지,48330,25324,0,0672,0004,1264100087962,,,,3,용도구역코드,UQQ310,제1종지구단위계획구역,1,0,,제1종지구단위계획구역,20221008
경상남도 양산시 물금읍 범어리 672-4번지,48330,25324,0,0672,0004,1264100087962,,,,1,용도지역코드,UQA121,제1종일반주거지역,1,0,,제1종일반주거지역,20221008
경상남도 양산시 물금읍 범어리 672-5번지,48330,25324,0,0672,0005,12649624,,,,1,용도지역코드,1021,제1종일반주거지역,1,0,,제1종일반주거지역,20221008
경상남도 양산시 물금읍 범어리 672-5번지,48330,25324,0,0672,0005,12649624,,,,3,용도구역코드,301,제1종지구단위계획구역,1,0,,제1종지구단위계획구역,20221008
경상남도 양산시 물금읍 범어리 673-1번지,48330,25324,0,0673,0001,1264100033446,,,,1,용도지역코드,UQA121,제1종일반주거지역,1,0,,제1종일반주거지역,20221008
경상남도 양산시 물금읍 범어리 673-1번지,48330,25324,0,0673,0001,1264100033446,,,,3,용도구역코드,UQQ310,제1종지구단위계획구역,1,0,,제1종지구단위계획구역,20221008
경상남도 양산시 물금읍 범어리 673-4번지,48330,25324,0,0673,0004,12641799,,,,1,용도지역코드,1020,일반주거지역,1,0,,일반주거지역,20221008
경상남도 양산시 물금읍 범어리 673-8번지,48330,25324,0,0673,0008,12645233,,,,1,용도지역코드,1022,제2종일반주거지역,1,0,,제2종일반주거지역,20221008
경상남도 양산시 물금읍 범어리 673-8번지,48330,25324,0,0673,0008,12646208,,,,1,용도지역코드,1021,제1종일반주거지역,1,0,,제1종일반주거지역,20221008
경상남도 양산시 물금읍 범어리 673-9번지,48330,25324,0,0673,0009,1264100066101,,,,1,용도지역코드,UQA121,제1종일반주거지역,1,0,,제1종일반주거지역,20221008
경상남도 양산시 물금읍 범어리 673-9번지,48330,25324,0,0673,0009,1264100066101,,,,3,용도구역코드,UQQ310,제1종지구단위계획구역,1,0,,제1종지구단위계획구역,20221008
경상남도 양산시 물금읍 범어리 673-9번지,48330,25324,0,0673,0009,12642685,,,,1,용도지역코드,1020,일반주거지역,1,0,,일반주거지역,20221008
경상남도 양산시 물금읍 범어리 673-9번지,48330,25324,0,0673,0009,12642685,,,,3,용도구역코드,050,상세계획구역,1,0,,상세계획구역,20221008
경상남도 양산시 물금읍 범어리 673-11번지,48330,25324,0,0673,0011,12641244,673-11번지,,,1,용도지역코드,1020,일반주거지역,1,0,,일반주거지역,20221008
경상남도 양산시 물금읍 범어리 673-12번지,48330,25324,0,0673,0012,12641571,,,,1,용도지역코드,1020,일반주거지역,1,0,,일반주거지역,20221008
경상남도 양산시 물금읍 범어리 673-13번지,48330,25324,0,0673,0013,12642873,,,,1,용도지역코드,1020,일반주거지역,1,0,,일반주거지역,20221008
경상남도 양산시 물금읍 범어리 673-13번지,48330,25324,0,0673,0013,12642946,,,,1,용도지역코드,1020,일반주거지역,1,0,,일반주거지역,20221008
경상남도 양산시 물금읍 범어리 673-13번지,48330,25324,0,0673,0013,12642041,,,,1,용도지역코드,1020,일반주거지역,1,0,,일반주거지역,20221008
경상남도 양산시 물금읍 범어리 673-14번지,48330,25324,0,0673,0014,1264895,,,,1,용도지역코드,1020,일반주거지역,1,0,,일반주거지역,20221008
경상남도 양산시 물금읍 범어리 673-15번지,48330,25324,0,0673,0015,12641632,,,,1,용도지역코드,1020,일반주거지역,1,0,,일반주거지역,20221008
경상남도 양산시 물금읍 범어리 673-16번지,48330,25324,0,0673,0016,12641142,673-16,,,1,용도지역코드,1020,일반주거지역,1,0,,일반주거지역,20221008
경상남도 양산시 물금읍 범어리 674-7번지,48330,25324,0,0674,0007,1264100070444,,,,1,용도지역코드,UQA121,제1종일반주거지역,1,0,,제1종일반주거지역,20221008
경상남도 양산시 물금읍 범어리 674-7번지,48330,25324,0,0674,0007,1264100070444,,,,3,용도구역코드,UQQ310,제1종지구단위계획구역,1,0,,제1종지구단위계획구역,20221008
경상남도 양산시 물금읍 범어리 674-10번지,48330,25324,0,0674,0010,12641527,,,,1,용도지역코드,1020,일반주거지역,1,0,,일반주거지역,20221008
경상남도 양산시 물금읍 범어리 674-11번지,48330,25324,0,0674,0011,12643728,,,,1,용도지역코드,1020,일반주거지역,1,0,,일반주거지역,20221008
경상남도 양산시 물금읍 범어리 674-14번지,48330,25324,0,0674,0014,12641537,,,,1,용도지역코드,1020,일반주거지역,1,0,,일반주거지역,20221008
경상남도 양산시 물금읍 범어리 675-1번지,48330,25324,0,0675,0001,1000000000000000266652,,,,3,용도구역코드,UOA120,상대보호구역,1,0,,상대보호구역,20230626
경상남도 양산시 물금읍 범어리 675-1번지,48330,25324,0,0675,0001,1000000000000000266652,,,,3,용도구역코드,UQQ310,제1종지구단위계획구역,0,0,,제1종지구단위계획구역,20230626
경상남도 양산시 물금읍 범어리 675-1번지,48330,25324,0,0675,0001,1000000000000000266652,,,,1,용도지역코드,UQA121,제1종일반주거지역,1,0,,제1종일반주거지역,20230626
경상남도 양산시 물금읍 범어리 675-1번지,48330,25324,0,0675,0001,1264100148631,,,,3,용도구역코드,UQQ310,제1종지구단위계획구역,0,0,,제1종지구단위계획구역,20230227
경상남도 양산시 물금읍 범어리 675-1번지,48330,25324,0,0675,0001,1264100148631,,,,3,용도구역코드,UOA120,상대보호구역,1,0,,상대보호구역,20230227
경상남도 양산시 물금읍 범어리 675-1번지,48330,25324,0,0675,0001,1264100148631,,,,1,용도지역코드,UQA121,제1종일반주거지역,1,0,,제1종일반주거지역,20230227
경상남도 양산시 물금읍 범어리 675-1번지,48330,25324,0,0675,0001,12648229,,,,1,용도지역코드,1021,제1종일반주거지역,1,0,,제1종일반주거지역,20221008
경상남도 양산시 물금읍 범어리 675-1번지,48330,25324,0,0675,0001,12648229,,,,3,용도구역코드,301,제1종지구단위계획구역,1,0,,제1종지구단위계획구역,20221008
경상남도 양산시 물금읍 범어리 675-2번지,48330,25324,0,0675,0002,1264100137224,,,,1,용도지역코드,UQA121,제1종일반주거지역,1,0,,제1종일반주거지역,20221008
경상남도 양산시 물금읍 범어리 675-2번지,48330,25324,0,0675,0002,1264100137224,,,,3,용도구역코드,UQQ310,제1종지구단위계획구역,1,0,,제1종지구단위계획구역,20221008
경상남도 양산시 물금읍 범어리 675-2번지,48330,25324,0,0675,0002,12642022,,,,1,용도지역코드,1020,일반주거지역,1,0,,일반주거지역,20221008
경상남도 양산시 물금읍 범어리 675-7번지,48330,25324,0,0675,0007,12641121,675-7,,,1,용도지역코드,1020,일반주거지역,1,0,,일반주거지역,20221008
경상남도 양산시 물금읍 범어리 675-8번지,48330,25324,0,0675,0008,12641797,,,,1,용도지역코드,1020,일반주거지역,1,0,,일반주거지역,20221008
경상남도 양산시 물금읍 범어리 675-9번지,48330,25324,0,0675,0009,12641145,675-9,,,1,용도지역코드,1020,일반주거지역,1,0,,일반주거지역,20221008
경상남도 양산시 물금읍 범어리 675-9번지,48330,25324,0,0675,0009,12641806,,,,1,용도지역코드,1020,일반주거지역,1,0,,일반주거지역,20221008
경상남도 양산시 물금읍 범어리 676-1번지,48330,25324,0,0676,0001,12642105,,,,1,용도지역코드,1020,일반주거지역,1,0,,일반주거지역,20221008
경상남도 양산시 물금읍 범어리 676-5번지,48330,25324,0,0676,0005,12642674,,,,1,용도지역코드,1020,일반주거지역,1,0,,일반주거지역,20221008
경상남도 양산시 물금읍 범어리 676-6번지,48330,25324,0,0676,0006,12641645,,,,1,용도지역코드,1020,일반주거지역,1,0,,일반주거지역,20221008
경상남도 양산시 물금읍 범어리 676-7번지,48330,25324,0,0676,0007,12641589,,,,1,용도지역코드,1020,일반주거지역,1,0,,일반주거지역,20221008
경상남도 양산시 물금읍 범어리 676-9번지,48330,25324,0,0676,0009,12643104,,,,1,용도지역코드,1020,일반주거지역,1,0,,일반주거지역,20221008
경상남도 양산시 물금읍 범어리 676-10번지,48330,25324,0,0676,0010,12641995,,,,1,용도지역코드,1020,일반주거지역,1,0,,일반주거지역,20221008
경상남도 양산시 물금읍 범어리 676-11번지,48330,25324,0,0676,0011,12641123,676-11,,,1,용도지역코드,1020,일반주거지역,1,0,,일반주거지역,20221008
경상남도 양산시 물금읍 범어리 676-12번지,48330,25324,0,0676,0012,12641595,,,,1,용도지역코드,1020,일반주거지역,1,0,,일반주거지역,20221008
경상남도 양산시 물금읍 범어리 676-13번지,48330,25324,0,0676,0013,12641726,,,,1,용도지역코드,1020,일반주거지역,1,0,,일반주거지역,20221008
경상남도 양산시 물금읍 범어리 676-14번지,48330,25324,0,0676,0014,12642224,,,,1,용도지역코드,1020,일반주거지역,1,0,,일반주거지역,20221008
경상남도 양산시 물금읍 범어리 677-3번지,48330,25324,0,0677,0003,12641590,,,,1,용도지역코드,1020,일반주거지역,1,0,,일반주거지역,20221008
경상남도 양산시 물금읍 범어리 677-5번지,48330,25324,0,0677,0005,12641605,,,,1,용도지역코드,1020,일반주거지역,1,0,,일반주거지역,20221008
경상남도 양산시 물금읍 범어리 677-6번지,48330,25324,0,0677,0006,1000000000000000264894,,,,1,용도지역코드,UQA121,제1종일반주거지역,1,0,,제1종일반주거지역,20230915
경상남도 양산시 물금읍 범어리 677-6번지,48330,25324,0,0677,0006,1000000000000000264894,,,,3,용도구역코드,UQQ310,제1종지구단위계획구역,1,0,,제1종지구단위계획구역,20230915
경상남도 양산시 물금읍 범어리 677-7번지,48330,25324,0,0677,0007,1264100093384,,,,1,용도지역코드,UQA121,제1종일반주거지역,1,0,,제1종일반주거지역,20221008
경상남도 양산시 물금읍 범어리 677-7번지,48330,25324,0,0677,0007,1264100093384,,,,3,용도구역코드,UQQ310,제1종지구단위계획구역,1,0,,제1종지구단위계획구역,20221008
경상남도 양산시 물금읍 범어리 677-7번지,48330,25324,0,0677,0007,12641236,677-7,,,1,용도지역코드,1020,일반주거지역,1,0,,일반주거지역,20221008
경상남도 양산시 물금읍 범어리 677-7번지,48330,25324,0,0677,0007,1264100061060,,,,1,용도지역코드,UQA121,제1종일반주거지역,1,0,,제1종일반주거지역,20221008
경상남도 양산시 물금읍 범어리 677-7번지,48330,25324,0,0677,0007,1264100061060,,,,3,용도구역코드,UQQ310,제1종지구단위계획구역,1,0,,제1종지구단위계획구역,20221008
경상남도 양산시 물금읍 범어리 677-8번지,48330,25324,0,0677,0008,1264100041143,,,,1,용도지역코드,UQA121,제1종일반주거지역,1,0,,제1종일반주거지역,20221008
경상남도 양산시 물금읍 범어리 677-8번지,48330,25324,0,0677,0008,1264100041143,,,,3,용도구역코드,UQQ310,제1종지구단위계획구역,1,0,,제1종지구단위계획구역,20221008
경상남도 양산시 물금읍 범어리 677-8번지,48330,25324,0,0677,0008,1264100016843,,,,1,용도지역코드,1021,제1종일반주거지역,1,0,,제1종일반주거지역,20221008
경상남도 양산시 물금읍 범어리 677-8번지,48330,25324,0,0677,0008,1264100016843,,,,3,용도구역코드,301,제1종지구단위계획구역,1,0,,제1종지구단위계획구역,20221008
경상남도 양산시 물금읍 범어리 677-13번지,48330,25324,0,0677,0013,1264100035072,,,,1,용도지역코드,UQA121,제1종일반주거지역,1,0,,제1종일반주거지역,20221008
경상남도 양산시 물금읍 범어리 677-13번지,48330,25324,0,0677,0013,1264100035072,,,,3,용도구역코드,UQQ310,제1종지구단위계획구역,1,0,,제1종지구단위계획구역,20221008
경상남도 양산시 물금읍 범어리 677-13번지,48330,25324,0,0677,0013,1264100035072,,,,3,용도구역코드,UOA120,상대보호구역,0,0,,상대정화구역,20221008
경상남도 양산시 물금읍 범어리 677-14번지,48330,25324,0,0677,0014,1264100085881,,,,1,용도지역코드,UQA121,제1종일반주거지역,1,0,,제1종일반주거지역,20221008
경상남도 양산시 물금읍 범어리 677-14번지,48330,25324,0,0677,0014,1264100085881,,,,3,용도구역코드,UQQ310,제1종지구단위계획구역,1,0,,제1종지구단위계획구역,20221008
경상남도 양산시 물금읍 범어리 677-14번지,48330,25324,0,0677,0014,1264100085881,,,,3,용도구역코드,UOA120,상대보호구역,0,0,,상대정화구역,20221008
경상남도 양산시 물금읍 범어리 678-1번지,48330,25324,0,0678,0001,1264100070879,,,,1,용도지역코드,UQA121,제1종일반주거지역,1,0,,제1종일반주거지역,20221008
경상남도 양산시 물금읍 범어리 678-1번지,48330,25324,0,0678,0001,1264100070879,,,,3,용도구역코드,UQQ310,제1종지구단위계획구역,1,0,,제1종지구단위계획구역,20221008
경상남도 양산시 물금읍 범어리 678-1번지,48330,25324,0,0678,0001,1264100070879,,,,3,용도구역코드,UOA110,절대정화구역,0,0,,절대정화구역,20221008
경상남도 양산시 물금읍 범어리 678-4번지,48330,25324,0,0678,0004,12641538,,,,1,용도지역코드,1020,일반주거지역,1,0,,일반주거지역,20221008
경상남도 양산시 물금읍 범어리 678-6번지,48330,25324,0,0678,0006,12647274,,,,1,용도지역코드,1021,제1종일반주거지역,1,0,,제1종일반주거지역,20221008
경상남도 양산시 물금읍 범어리 678-6번지,48330,25324,0,0678,0006,12647274,,,,3,용도구역코드,300,지구단위계획구역,1,0,,지구단위계획구역,20221008
경상남도 양산시 물금읍 범어리 678-7번지,48330,25324,0,0678,0007,1264100040203,,,,1,용도지역코드,UQA121,제1종일반주거지역,1,0,,제1종일반주거지역,20221008
경상남도 양산시 물금읍 범어리 678-7번지,48330,25324,0,0678,0007,1264100040203,,,,3,용도구역코드,UQQ310,제1종지구단위계획구역,1,0,,제1종지구단위계획구역,20221008
경상남도 양산시 물금읍 범어리 678-7번지,48330,25324,0,0678,0007,1264100040203,,,,3,용도구역코드,UOA120,상대보호구역,0,0,,상대정화구역,20221008
경상남도 양산시 물금읍 범어리 678-9번지,48330,25324,0,0678,0009,12641703,,,,1,용도지역코드,1020,일반주거지역,1,0,,일반주거지역,20221008
경상남도 양산시 물금읍 범어리 678-10번지,48330,25324,0,0678,0010,1264100050550,,,,1,용도지역코드,UQA121,제1종일반주거지역,1,0,,제1종일반주거지역,20221008
경상남도 양산시 물금읍 범어리 678-10번지,48330,25324,0,0678,0010,1264100050550,,,,3,용도구역코드,UQQ310,제1종지구단위계획구역,1,0,,제1종지구단위계획구역,20221008
경상남도 양산시 물금읍 범어리 678-11번지,48330,25324,0,0678,0011,1264100013892,,,,1,용도지역코드,1021,제1종일반주거지역,1,0,,제1종일반주거지역,20221008
경상남도 양산시 물금읍 범어리 678-11번지,48330,25324,0,0678,0011,1264100013892,,,,3,용도구역코드,301,제1종지구단위계획구역,1,0,,제1종지구단위계획구역,20221008
경상남도 양산시 물금읍 범어리 678-12번지,48330,25324,0,0678,0012,12648477,,,,1,용도지역코드,1021,제1종일반주거지역,1,0,,제1종일반주거지역,20221008
경상남도 양산시 물금읍 범어리 678-12번지,48330,25324,0,0678,0012,12648477,,,,3,용도구역코드,301,제1종지구단위계획구역,1,0,,제1종지구단위계획구역,20221008
경상남도 양산시 물금읍 범어리 678-13번지,48330,25324,0,0678,0013,12641777,,,,1,용도지역코드,1020,일반주거지역,1,0,,일반주거지역,20221008
경상남도 양산시 물금읍 범어리 678-14번지,48330,25324,0,0678,0014,12641532,,,,1,용도지역코드,1020,일반주거지역,1,0,,일반주거지역,20221008
경상남도 양산시 물금읍 범어리 678-15번지,48330,25324,0,0678,0015,12641079,678-15,,,1,용도지역코드,1020,일반주거지역,1,0,,일반주거지역,20221008
경상남도 양산시 물금읍 범어리 678-16번지,48330,25324,0,0678,0016,1264100084383,,,,1,용도지역코드,UQA121,제1종일반주거지역,1,0,,제1종일반주거지역,20221008
경상남도 양산시 물금읍 범어리 678-16번지,48330,25324,0,0678,0016,1264100084383,,,,3,용도구역코드,UQQ310,제1종지구단위계획구역,1,0,,제1종지구단위계획구역,20221008
경상남도 양산시 물금읍 범어리 678-16번지,48330,25324,0,0678,0016,1264100084383,,,,3,용도구역코드,UOA110,절대정화구역,0,0,,절대정화구역,20221008
경상남도 양산시 물금읍 범어리 679-3번지,48330,25324,0,0679,0003,12642329,,,,1,용도지역코드,1020,일반주거지역,1,0,,일반주거지역,20221008
경상남도 양산시 물금읍 범어리 679-3번지,48330,25324,0,0679,0003,12641829,,,,1,용도지역코드,1020,일반주거지역,1,0,,일반주거지역,20221008
경상남도 양산시 물금읍 범어리 679-4번지,48330,25324,0,0679,0004,12644677,,,,1,용도지역코드,1012,제2종전용주거지역,0,0,,제2종 전용주거지역,20221008
경상남도 양산시 물금읍 범어리 679-4번지,48330,25324,0,0679,0004,12644677,,,,1,용도지역코드,1022,제2종일반주거지역,1,0,,제2종일반주거지역,20221008
경상남도 양산시 물금읍 범어리 679-5번지,48330,25324,0,0679,0005,12641603,,,,1,용도지역코드,1020,일반주거지역,1,0,,일반주거지역,20221008
경상남도 양산시 물금읍 범어리 679-10번지,48330,25324,0,0679,0010,12641766,,,,1,용도지역코드,1020,일반주거지역,1,0,,일반주거지역,20221008
경상남도 양산시 물금읍 범어리 679-11번지,48330,25324,0,0679,0011,1264100085362,,,,1,용도지역코드,UQA121,제1종일반주거지역,1,0,,제1종일반주거지역,20221008
경상남도 양산시 물금읍 범어리 679-11번지,48330,25324,0,0679,0011,1264100085362,,,,3,용도구역코드,UQQ310,제1종지구단위계획구역,1,0,,제1종지구단위계획구역,20221008
경상남도 양산시 물금읍 범어리 679-11번지,48330,25324,0,0679,0011,1264100085362,,,,3,용도구역코드,UOA120,상대보호구역,0,0,,상대정화구역,20221008
경상남도 양산시 물금읍 범어리 679-12번지,48330,25324,0,0679,0012,1264100024053,,,,1,용도지역코드,UQA121,제1종일반주거지역,1,0,,제1종일반주거지역,20221008
경상남도 양산시 물금읍 범어리 679-12번지,48330,25324,0,0679,0012,1264100024053,,,,3,용도구역코드,UQQ310,제1종지구단위계획구역,1,0,,제1종지구단위계획구역,20221008
경상남도 양산시 물금읍 범어리 679-12번지,48330,25324,0,0679,0012,1264100009530,,,,1,용도지역코드,1021,제1종일반주거지역,1,0,,제1종일반주거지역,20221008
경상남도 양산시 물금읍 범어리 679-12번지,48330,25324,0,0679,0012,1264100009530,,,,3,용도구역코드,301,제1종지구단위계획구역,1,0,,제1종지구단위계획구역,20221008
경상남도 양산시 물금읍 범어리 679-13번지,48330,25324,0,0679,0013,12641601,,,,1,용도지역코드,1020,일반주거지역,1,0,,일반주거지역,20221008
경상남도 양산시 물금읍 범어리 679-15번지,48330,25324,0,0679,0015,1264100022468,,,,1,용도지역코드,UQA121,제1종일반주거지역,1,0,,제1종일반주거지역,20221008
경상남도 양산시 물금읍 범어리 679-15번지,48330,25324,0,0679,0015,1264100022468,,,,3,용도구역코드,UQQ310,제1종지구단위계획구역,1,0,,제1종지구단위계획구역,20221008
경상남도 양산시 물금읍 범어리 679-15번지,48330,25324,0,0679,0015,1264100022468,,,,3,용도구역코드,UOA110,절대정화구역,0,0,,절대정화구역,20221008
경상남도 양산시 물금읍 범어리 679-15번지,48330,25324,0,0679,0015,1264100011110,,,,1,용도지역코드,1021,제1종일반주거지역,1,0,,제1종일반주거지역,20221008
경상남도 양산시 물금읍 범어리 679-15번지,48330,25324,0,0679,0015,1264100011110,,,,3,용도구역코드,301,제1종지구단위계획구역,1,0,,제1종지구단위계획구역,20221008
경상남도 양산시 물금읍 범어리 679-16번지,48330,25324,0,0679,0016,12641139,679-16,,,1,용도지역코드,1020,일반주거지역,1,0,,일반주거지역,20221008
경상남도 양산시 물금읍 범어리 680-1번지,48330,25324,0,0680,0001,1000000000000000522744,,,,1,용도지역코드,UQA121,제1종일반주거지역,1,0,,제1종일반주거지역,20240617
경상남도 양산시 물금읍 범어리 680-1번지,48330,25324,0,0680,0001,1000000000000000522744,,,,3,용도구역코드,UMZ100,가축사육제한구역,0,0,,가축사육제한구역,20240617
경상남도 양산시 물금읍 범어리 680-1번지,48330,25324,0,0680,0001,1000000000000000522744,,,,3,용도구역코드,UQQ310,제1종지구단위계획구역,1,0,,제1종지구단위계획구역,20240617
경상남도 양산시 물금읍 범어리 680-1번지,48330,25324,0,0680,0001,1000000000000000522744,,,,3,용도구역코드,UOA120,상대보호구역,0,0,,상대보호구역,20240617
경상남도 양산시 물금읍 범어리 680-3번지,48330,25324,0,0680,0003,12641178,,,,1,용도지역코드,1020,일반주거지역,1,0,,일반주거지역,20221008
경상남도 양산시 물금읍 범어리 680-4번지,48330,25324,0,0680,0004,12649404,,,,1,용도지역코드,1021,제1종일반주거지역,1,0,,제1종일반주거지역,20221008
경상남도 양산시 물금읍 범어리 680-4번지,48330,25324,0,0680,0004,12649404,,,,3,용도구역코드,301,제1종지구단위계획구역,1,0,,제1종지구단위계획구역,20221008
경상남도 양산시 물금읍 범어리 680-7번지,48330,25324,0,0680,0007,1264100092903,,,,1,용도지역코드,UQA121,제1종일반주거지역,1,0,,제1종일반주거지역,20221008
경상남도 양산시 물금읍 범어리 680-7번지,48330,25324,0,0680,0007,1264100092903,,,,3,용도구역코드,UQQ310,제1종지구단위계획구역,1,0,,제1종지구단위계획구역,20221008
경상남도 양산시 물금읍 범어리 680-7번지,48330,25324,0,0680,0007,1264100092903,,,,3,용도구역코드,UOA120,상대보호구역,0,0,,상대정화구역,20221008
경상남도 양산시 물금읍 범어리 680-8번지,48330,25324,0,0680,0008,1264850,,,,1,용도지역코드,1020,일반주거지역,1,0,,일반주거지역,20221008
경상남도 양산시 물금읍 범어리 680-9번지,48330,25324,0,0680,0009,1264100013733,,,,1,용도지역코드,1021,제1종일반주거지역,1,0,,제1종일반주거지역,20221008
경상남도 양산시 물금읍 범어리 680-9번지,48330,25324,0,0680,0009,1264100013733,,,,3,용도구역코드,301,제1종지구단위계획구역,1,0,,제1종지구단위계획구역,20221008
경상남도 양산시 물금읍 범어리 680-9번지,48330,25324,0,0680,0009,1264100020797,,,,1,용도지역코드,1021,제1종일반주거지역,1,0,,제1종일반주거지역,20221008
경상남도 양산시 물금읍 범어리 680-9번지,48330,25324,0,0680,0009,1264100020797,,,,3,용도구역코드,301,제1종지구단위계획구역,1,0,,제1종지구단위계획구역,20221008
경상남도 양산시 물금읍 범어리 680-13번지,48330,25324,0,0680,0013,1264100046546,,,,1,용도지역코드,UQA121,제1종일반주거지역,1,0,,제1종일반주거지역,20221008
경상남도 양산시 물금읍 범어리 680-13번지,48330,25324,0,0680,0013,1264100046546,,,,3,용도구역코드,UQQ310,제1종지구단위계획구역,1,0,,제1종지구단위계획구역,20221008
경상남도 양산시 물금읍 범어리 680-13번지,48330,25324,0,0680,0013,1264100046546,,,,3,용도구역코드,UOA120,상대보호구역,0,0,,상대정화구역,20221008
경상남도 양산시 물금읍 범어리 680-13번지,48330,25324,0,0680,0013,1264100046546,,,,3,용도구역코드,UOA110,절대정화구역,0,0,,절대정화구역,20221008
경상남도 양산시 물금읍 범어리 680-16번지,48330,25324,0,0680,0016,12644289,,,,1,용도지역코드,1020,일반주거지역,1,0,,일반주거지역,20221008
경상남도 양산시 물금읍 범어리 681-1번지,48330,25324,0,0681,0001,1264100016996,,,,1,용도지역코드,1021,제1종일반주거지역,1,0,,제1종일반주거지역,20221008
경상남도 양산시 물금읍 범어리 681-1번지,48330,25324,0,0681,0001,1264100016996,,,,3,용도구역코드,301,제1종지구단위계획구역,1,0,,제1종지구단위계획구역,20221008
경상남도 양산시 물금읍 범어리 681-2번지,48330,25324,0,0681,0002,12641624,,,,1,용도지역코드,1020,일반주거지역,1,0,,일반주거지역,20221008
경상남도 양산시 물금읍 범어리 681-4번지,48330,25324,0,0681,0004,1264100019278,,,,1,용도지역코드,1021,제1종일반주거지역,1,0,,제1종일반주거지역,20221008
경상남도 양산시 물금읍 범어리 681-4번지,48330,25324,0,0681,0004,1264100019278,,,,3,용도구역코드,301,제1종지구단위계획구역,1,0,,제1종지구단위계획구역,20221008
경상남도 양산시 물금읍 범어리 681-5번지,48330,25324,0,0681,0005,1264100012952,,,,1,용도지역코드,1021,제1종일반주거지역,1,0,,제1종일반주거지역,20221008
경상남도 양산시 물금읍 범어리 681-5번지,48330,25324,0,0681,0005,1264100012952,,,,3,용도구역코드,301,제1종지구단위계획구역,1,0,,제1종지구단위계획구역,20221008
경상남도 양산시 물금읍 범어리 681-5번지,48330,25324,0,0681,0005,1264100022666,,,,3,용도구역코드,UQQ310,제1종지구단위계획구역,1,0,,제1종지구단위계획구역,20221008
경상남도 양산시 물금읍 범어리 681-5번지,48330,25324,0,0681,0005,1264100022666,,,,1,용도지역코드,UQA121,제1종일반주거지역,1,0,,제1종일반주거지역,20221008
경상남도 양산시 물금읍 범어리 681-9번지,48330,25324,0,0681,0009,12642039,,,,1,용도지역코드,1020,일반주거지역,1,0,,일반주거지역,20221008
경상남도 양산시 물금읍 범어리 681-9번지,48330,25324,0,0681,0009,12641716,,,,1,용도지역코드,1020,일반주거지역,1,0,,일반주거지역,20221008
경상남도 양산시 물금읍 범어리 681-10번지,48330,25324,0,0681,0010,12641228,681-10,,,1,용도지역코드,1020,일반주거지역,1,0,,일반주거지역,20221008
경상남도 양산시 물금읍 범어리 681-11번지,48330,25324,0,0681,0011,12645903,,,,1,용도지역코드,1021,제1종일반주거지역,1,0,,제1종일반주거지역,20221008
경상남도 양산시 물금읍 범어리 681-11번지,48330,25324,0,0681,0011,12645903,,,,2,용도지구코드,160,택지개발지구,1,0,,택지개발지구,20221008
경상남도 양산시 물금읍 범어리 681-11번지,48330,25324,0,0681,0011,12645903,,,,3,용도구역코드,301,제1종지구단위계획구역,1,0,,제1종지구단위계획구역,20221008
경상남도 양산시 물금읍 범어리 681-12번지,48330,25324,0,0681,0012,12641482,,,,1,용도지역코드,1020,일반주거지역,1,0,,일반주거지역,20221008
경상남도 양산시 물금읍 범어리 681-13번지,48330,25324,0,0681,0013,12641283,681-13,,,1,용도지역코드,1020,일반주거지역,1,0,,일반주거지역,20221008
경상남도 양산시 물금읍 범어리 681-14번지,48330,25324,0,0681,0014,12641613,,,,1,용도지역코드,1020,일반주거지역,1,0,,일반주거지역,20221008
경상남도 양산시 물금읍 범어리 681-15번지,48330,25324,0,0681,0015,12641677,,,,1,용도지역코드,1020,일반주거지역,1,0,,일반주거지역,20221008
경상남도 양산시 물금읍 범어리 682-3번지,48330,25324,0,0682,0003,1000000000000001013983,,,,1,용도지역코드,UQA123,제3종일반주거지역,1,0,,제3종일반주거지역,20260814
경상남도 양산시 물금읍 범어리 682-3번지,48330,25324,0,0682,0003,1000000000000001013983,,,,3,용도구역코드,UQQ300,지구단위계획구역,1,0,,지구단위계획구역,20260814
경상남도 양산시 물금읍 범어리 683-1번지,48330,25324,0,0683,0001,12641432,683-1,,,1,용도지역코드,1020,일반주거지역,1,0,,일반주거지역,20221008
경상남도 양산시 물금읍 범어리 683-2번지,48330,25324,0,0683,0002,12641097,683-2,,,1,용도지역코드,1020,일반주거지역,1,0,,일반주거지역,20221008
경상남도 양산시 물금읍 범어리 683-3번지,48330,25324,0,0683,0003,12641126,683-3,,,1,용도지역코드,1020,일반주거지역,1,0,,일반주거지역,20221008
경상남도 양산시 물금읍 범어리 683-4번지,48330,25324,0,0683,0004,12641190,,,,1,용도지역코드,1020,일반주거지역,1,0,,일반주거지역,20221008
경상남도 양산시 물금읍 범어리 683-5번지,48330,25324,0,0683,0005,12641541,,,,1,용도지역코드,1020,일반주거지역,1,0,,일반주거지역,20221008
경상남도 양산시 물금읍 범어리 683-7번지,48330,25324,0,0683,0007,12641489,경남 양산시 물금읍 범어리 683-7번지,,,1,용도지역코드,1020,일반주거지역,1,0,,일반주거지역,20221008
경상남도 양산시 물금읍 범어리 683-8번지,48330,25324,0,0683,0008,1264100019597,,,,1,용도지역코드,1021,제1종일반주거지역,1,0,,제1종일반주거지역,20221008
경상남도 양산시 물금읍 범어리 683-8번지,48330,25324,0,0683,0008,1264100019597,,,,3,용도구역코드,301,제1종지구단위계획구역,1,0,,제1종지구단위계획구역,20221008
경상남도 양산시 물금읍 범어리 683-8번지,48330,25324,0,0683,0008,1264100016256,,,,1,용도지역코드,1021,제1종일반주거지역,1,0,,제1종일반주거지역,20221008
경상남도 양산시 물금읍 범어리 683-8번지,48330,25324,0,0683,0008,1264100016256,,,,3,용도구역코드,301,제1종지구단위계획구역,1,0,,제1종지구단위계획구역,20221008
경상남도 양산시 물금읍 범어리 683-9번지,48330,25324,0,0683,0009,12643198,,,,1,용도지역코드,1020,일반주거지역,1,0,,일반주거지역,20221008
경상남도 양산시 물금읍 범어리 683-9번지,48330,25324,0,0683,0009,12643198,,,,3,용도구역코드,050,상세계획구역,1,0,,상세계획구역,20221008
경상남도 양산시 물금읍 범어리 683-10번지,48330,25324,0,0683,0010,12641640,,,,1,용도지역코드,1020,일반주거지역,1,0,,일반주거지역,20221008
경상남도 양산시 물금읍 범어리 683-11번지,48330,25324,0,0683,0011,12642348,,,,1,용도지역코드,1020,일반주거지역,1,0,,일반주거지역,20221008
경상남도 양산시 물금읍 범어리 683-11번지,48330,25324,0,0683,0011,12642366,,,,1,용도지역코드,1020,일반주거지역,1,0,,일반주거지역,20221008
경상남도 양산시 물금읍 범어리 683-12번지,48330,25324,0,0683,0012,12641851,,,,1,용도지역코드,1020,일반주거지역,1,0,,일반주거지역,20221008
경상남도 양산시 물금읍 범어리 683-12번지,48330,25324,0,0683,0012,12641683,,,,1,용도지역코드,1020,일반주거지역,1,0,,일반주거지역,20221008
경상남도 양산시 물금읍 범어리 683-12번지,48330,25324,0,0683,0012,1264100155970,,,,3,용도구역코드,UMZ100,가축사육제한구역,0,0,,가축사육제한구역,20250624
경상남도 양산시 물금읍 범어리 683-12번지,48330,25324,0,0683,0012,1264100155970,,,,1,용도지역코드,UQA121,제1종일반주거지역,1,0,,제1종일반주거지역,20250624
경상남도 양산시 물금읍 범어리 683-12번지,48330,25324,0,0683,0012,1264100155970,,,,3,용도구역코드,UOA120,상대보호구역,0,0,,상대보호구역,20250624
경상남도 양산시 물금읍 범어리 683-12번지,48330,25324,0,0683,0012,1264100155970,,,,3,용도구역코드,UQQ310,제1종지구단위계획구역,1,0,,제1종지구단위계획구역,20250624
경상남도 양산시 물금읍 범어리 683-13번지,48330,25324,0,0683,0013,1264100036512,,,,1,용도지역코드,UQA121,제1종일반주거지역,1,0,,제1종일반주거지역,20221008
경상남도 양산시 물금읍 범어리 683-13번지,48330,25324,0,0683,0013,1264100036512,,,,3,용도구역코드,UQQ310,제1종지구단위계획구역,1,0,,제1종지구단위계획구역,20221008
경상남도 양산시 물금읍 범어리 683-13번지,48330,25324,0,0683,0013,1264100036512,,,,3,용도구역코드,UOA120,상대보호구역,0,0,,상대정화구역,20221008
경상남도 양산시 물금읍 범어리 684-2번지,48330,25324,0,0684,0002,12641290,684-2,,,1,용도지역코드,1020,일반주거지역,1,0,,일반주거지역,20221008
경상남도 양산시 물금읍 범어리 684-4번지,48330,25324,0,0684,0004,12641545,,,,1,용도지역코드,1020,일반주거지역,1,0,,일반주거지역,20221008
경상남도 양산시 물금읍 범어리 684-5번지,48330,25324,0,0684,0005,12645581,,,,1,용도지역코드,1020,일반주거지역,1,0,,일반주거지역,20221008
경상남도 양산시 물금읍 범어리 684-6번지,48330,25324,0,0684,0006,1264100019589,,,,1,용도지역코드,1021,제1종일반주거지역,1,0,,제1종일반주거지역,20221008
경상남도 양산시 물금읍 범어리 684-6번지,48330,25324,0,0684,0006,1264100019589,,,,3,용도구역코드,301,제1종지구단위계획구역,1,0,,제1종지구단위계획구역,20221008
경상남도 양산시 물금읍 범어리 684-6번지,48330,25324,0,0684,0006,1264100014118,,,,1,용도지역코드,1021,제1종일반주거지역,1,0,,제1종일반주거지역,20221008
경상남도 양산시 물금읍 범어리 684-6번지,48330,25324,0,0684,0006,1264100014118,,,,3,용도구역코드,301,제1종지구단위계획구역,1,0,,제1종지구단위계획구역,20221008
경상남도 양산시 물금읍 범어리 684-7번지,48330,25324,0,0684,0007,12641247,684-7,,,1,용도지역코드,1020,일반주거지역,1,0,,일반주거지역,20221008
경상남도 양산시 물금읍 범어리 684-8번지,48330,25324,0,0684,0008,12642540,,,,1,용도지역코드,1020,일반주거지역,1,0,,일반주거지역,20221008
경상남도 양산시 물금읍 범어리 684-8번지,48330,25324,0,0684,0008,12642462,,,,1,용도지역코드,1020,일반주거지역,1,0,,일반주거지역,20221008
경상남도 양산시 물금읍 범어리 684-9번지,48330,25324,0,0684,0009,12641825,,,,1,용도지역코드,1020,일반주거지역,1,0,,일반주거지역,20221008
경상남도 양산시 물금읍 범어리 684-10번지,48330,25324,0,0684,0010,1264100117818,,,,1,용도지역코드,UQA121,제1종일반주거지역,1,0,,제1종일반주거지역,20221008
경상남도 양산시 물금읍 범어리 684-10번지,48330,25324,0,0684,0010,1264100117818,,,,3,용도구역코드,UQQ310,제1종지구단위계획구역,1,0,,제1종지구단위계획구역,20221008
경상남도 양산시 물금읍 범어리 684-10번지,48330,25324,0,0684,0010,1264100106274,,,,1,용도지역코드,UQA121,제1종일반주거지역,1,0,,제1종일반주거지역,20221008
경상남도 양산시 물금읍 범어리 684-10번지,48330,25324,0,0684,0010,1264100106274,,,,3,용도구역코드,UQQ310,제1종지구단위계획구역,1,0,,제1종지구단위계획구역,20221008
경상남도 양산시 물금읍 범어리 684-11번지,48330,25324,0,0684,0011,1264100029493,,,,1,용도지역코드,UQA121,제1종일반주거지역,1,0,,제1종일반주거지역,20221008
경상남도 양산시 물금읍 범어리 684-11번지,48330,25324,0,0684,0011,1264100029493,,,,3,용도구역코드,UOA110,절대정화구역,1,0,,절대정화구역,20221008
경상남도 양산시 물금읍 범어리 684-11번지,48330,25324,0,0684,0011,1264100029493,,,,3,용도구역코드,UQQ310,제1종지구단위계획구역,0,0,,제1종지구단위계획구역,20221008
경상남도 양산시 물금읍 범어리 684-12번지,48330,25324,0,0684,0012,1264100037553,,,,1,용도지역코드,UQA121,제1종일반주거지역,1,0,,제1종일반주거지역,20221008
경상남도 양산시 물금읍 범어리 684-13번지,48330,25324,0,0684,0013,1264100097326,,,,1,용도지역코드,UQA121,제1종일반주거지역,1,0,,제1종일반주거지역,20221008
경상남도 양산시 물금읍 범어리 684-13번지,48330,25324,0,0684,0013,1264100097326,,,,3,용도구역코드,UQQ310,제1종지구단위계획구역,1,0,,제1종지구단위계획구역,20221008
경상남도 양산시 물금읍 범어리 684-14번지,48330,25324,0,0684,0014,12642720,,,,1,용도지역코드,1020,일반주거지역,1,0,,일반주거지역,20221008
경상남도 양산시 물금읍 범어리 685-1번지,48330,25324,0,0685,0001,12641695,,,,1,용도지역코드,1020,일반주거지역,1,0,,일반주거지역,20221008
경상남도 양산시 물금읍 범어리 685-1번지,48330,25324,0,0685,0001,12642046,,,,1,용도지역코드,1020,일반주거지역,1,0,,일반주거지역,20221008
경상남도 양산시 물금읍 범어리 685-5번지,48330,25324,0,0685,0005,12646416,,,,1,용도지역코드,1021,제1종일반주거지역,1,0,,제1종일반주거지역,20221008
경상남도 양산시 물금읍 범어리 685-5번지,48330,25324,0,0685,0005,12646416,,,,3,용도구역코드,301,제1종지구단위계획구역,1,0,,제1종지구단위계획구역,20221008
경상남도 양산시 물금읍 범어리 685-5번지,48330,25324,0,0685,0005,1264100012571,,,,1,용도지역코드,1021,제1종일반주거지역,1,0,,제1종일반주거지역,20221008
경상남도 양산시 물금읍 범어리 685-5번지,48330,25324,0,0685,0005,1264100012571,,,,3,용도구역코드,301,제1종지구단위계획구역,1,0,,제1종지구단위계획구역,20221008
경상남도 양산시 물금읍 범어리 685-6번지,48330,25324,0,0685,0006,1264100016676,,,,1,용도지역코드,1021,제1종일반주거지역,1,0,,제1종일반주거지역,20221008
경상남도 양산시 물금읍 범어리 685-6번지,48330,25324,0,0685,0006,1264100016676,,,,3,용도구역코드,301,제1종지구단위계획구역,1,0,,제1종지구단위계획구역,20221008
경상남도 양산시 물금읍 범어리 685-6번지,48330,25324,0,0685,0006,1264100016676,,,,3,용도구역코드,271,절대정화구역,0,0,,절대정화구역,20221008
경상남도 양산시 물금읍 범어리 685-11번지,48330,25324,0,0685,0011,1264100065880,,,,1,용도지역코드,UQA121,제1종일반주거지역,1,0,,제1종일반주거지역,20221008
경상남도 양산시 물금읍 범어리 685-11번지,48330,25324,0,0685,0011,1264100065880,,,,3,용도구역코드,UQQ310,제1종지구단위계획구역,1,0,,제1종지구단위계획구역,20221008
경상남도 양산시 물금읍 범어리 685-11번지,48330,25324,0,0685,0011,1264100065880,,,,3,용도구역코드,UOA110,절대정화구역,0,0,,절대정화구역,20221008
경상남도 양산시 물금읍 범어리 686-1번지,48330,25324,0,0686,0001,12646586,,,,1,용도지역코드,1021,제1종일반주거지역,1,0,,제1종일반주거지역,20221008
경상남도 양산시 물금읍 범어리 686-4번지,48330,25324,0,0686,0004,1264100025970,,,,1,용도지역코드,UQA121,제1종일반주거지역,1,0,,제1종일반주거지역,20221008
경상남도 양산시 물금읍 범어리 686-4번지,48330,25324,0,0686,0004,1264100025970,,,,3,용도구역코드,UQQ310,제1종지구단위계획구역,1,0,,제1종지구단위계획구역,20221008
경상남도 양산시 물금읍 범어리 686-4번지,48330,25324,0,0686,0004,1264100027450,,,,1,용도지역코드,UQA121,제1종일반주거지역,1,0,,제1종일반주거지역,20221008
경상남도 양산시 물금읍 범어리 686-4번지,48330,25324,0,0686,0004,1264100027450,,,,3,용도구역코드,UQQ310,제1종지구단위계획구역,1,0,,제1종지구단위계획구역,20221008
경상남도 양산시 물금읍 범어리 686-4번지,48330,25324,0,0686,0004,12641495,,,,1,용도지역코드,1020,일반주거지역,1,0,,일반주거지역,20221008
경상남도 양산시 물금읍 범어리 686-5번지,48330,25324,0,0686,0005,12641282,686-5,,,1,용도지역코드,1020,일반주거지역,1,0,,일반주거지역,20221008
경상남도 양산시 물금읍 범어리 686-6번지,48330,25324,0,0686,0006,1264100072001,,,,1,용도지역코드,UQA121,제1종일반주거지역,1,0,,제1종일반주거지역,20221008
경상남도 양산시 물금읍 범어리 686-6번지,48330,25324,0,0686,0006,1264100072001,,,,3,용도구역코드,UQQ310,제1종지구단위계획구역,1,0,,제1종지구단위계획구역,20221008
경상남도 양산시 물금읍 범어리 686-6번지,48330,25324,0,0686,0006,1264100072001,,,,3,용도구역코드,UOA110,절대정화구역,0,0,,절대정화구역,20221008
경상남도 양산시 물금읍 범어리 686-7번지,48330,25324,0,0686,0007,1264100073187,,,,1,용도지역코드,UQA121,제1종일반주거지역,1,0,,제1종일반주거지역,20221008
경상남도 양산시 물금읍 범어리 686-7번지,48330,25324,0,0686,0007,1264100073187,,,,3,용도구역코드,UQQ310,제1종지구단위계획구역,1,0,,제1종지구단위계획구역,20221008
경상남도 양산시 물금읍 범어리 686-7번지,48330,25324,0,0686,0007,1264100073187,,,,3,용도구역코드,UOA110,절대정화구역,0,0,,절대정화구역,20221008
경상남도 양산시 물금읍 범어리 686-7번지,48330,25324,0,0686,0007,1264100073187,,,,3,용도구역코드,UOA120,상대보호구역,0,0,,상대정화구역,20221008
경상남도 양산시 물금읍 범어리 686-8번지,48330,25324,0,0686,0008,1264100095549,,,,3,용도구역코드,UOA120,상대보호구역,0,0,,상대정화구역,20221008
경상남도 양산시 물금읍 범어리 686-8번지,48330,25324,0,0686,0008,1264100095549,,,,3,용도구역코드,UOA110,절대정화구역,0,0,,절대정화구역,20221008
경상남도 양산시 물금읍 범어리 686-8번지,48330,25324,0,0686,0008,1264100095549,,,,1,용도지역코드,UQA121,제1종일반주거지역,1,0,,제1종일반주거지역,20221008
경상남도 양산시 물금읍 범어리 686-8번지,48330,25324,0,0686,0008,1264100095549,,,,3,용도구역코드,UQQ310,제1종지구단위계획구역,1,0,,제1종지구단위계획구역,20221008
경상남도 양산시 물금읍 범어리 687-1번지,48330,25324,0,0687,0001,1264100045065,,,,1,용도지역코드,UQA121,제1종일반주거지역,1,0,,제1종일반주거지역,20221008
경상남도 양산시 물금읍 범어리 687-1번지,48330,25324,0,0687,0001,1264100045065,,,,3,용도구역코드,UQQ310,제1종지구단위계획구역,1,0,,제1종지구단위계획구역,20221008
경상남도 양산시 물금읍 범어리 687-1번지,48330,25324,0,0687,0001,1264100099914,,,,1,용도지역코드,UQA121,제1종일반주거지역,1,0,,제1종일반주거지역,20221008
경상남도 양산시 물금읍 범어리 687-1번지,48330,25324,0,0687,0001,1264100028851,,,,1,용도지역코드,UQA121,제1종일반주거지역,1,0,,제1종일반주거지역,20221008
경상남도 양산시 물금읍 범어리 687-1번지,48330,25324,0,0687,0001,1264100028851,,,,3,용도구역코드,UQQ310,제1종지구단위계획구역,1,0,,제1종지구단위계획구역,20221008
경상남도 양산시 물금읍 범어리 687-1번지,48330,25324,0,0687,0001,12641970,,,,1,용도지역코드,1020,일반주거지역,1,0,,일반주거지역,20221008
경상남도 양산시 물금읍 범어리 687-1번지,48330,25324,0,0687,0001,1000000000000000102670,,,,1,용도지역코드,UQA121,제1종일반주거지역,1,0,,제1종일반주거지역,20221102
경상남도 양산시 물금읍 범어리 687-2번지,48330,25324,0,0687,0002,1264100019779,,,,1,용도지역코드,1021,제1종일반주거지역,1,0,,제1종일반주거지역,20221008
경상남도 양산시 물금읍 범어리 687-2번지,48330,25324,0,0687,0002,1264100019779,,,,3,용도구역코드,301,제1종지구단위계획구역,1,0,,제1종지구단위계획구역,20221008
경상남도 양산시 물금읍 범어리 687-2번지,48330,25324,0,0687,0002,1264100016914,,,,1,용도지역코드,1021,제1종일반주거지역,1,0,,제1종일반주거지역,20221008
경상남도 양산시 물금읍 범어리 687-2번지,48330,25324,0,0687,0002,1264100016914,,,,3,용도구역코드,301,제1종지구단위계획구역,1,0,,제1종지구단위계획구역,20221008
경상남도 양산시 물금읍 범어리 687-2번지,48330,25324,0,0687,0002,1264100007589,,,,1,용도지역코드,1021,제1종일반주거지역,1,0,,제1종일반주거지역,20221008
경상남도 양산시 물금읍 범어리 687-2번지,48330,25324,0,0687,0002,1264100007589,,,,3,용도구역코드,301,제1종지구단위계획구역,1,0,,제1종지구단위계획구역,20221008
경상남도 양산시 물금읍 범어리 687-3번지,48330,25324,0,0687,0003,1264100019598,,,,1,용도지역코드,1021,제1종일반주거지역,1,0,,제1종일반주거지역,20221008
경상남도 양산시 물금읍 범어리 687-3번지,48330,25324,0,0687,0003,1264100019598,,,,3,용도구역코드,301,제1종지구단위계획구역,1,0,,제1종지구단위계획구역,20221008
경상남도 양산시 물금읍 범어리 687-3번지,48330,25324,0,0687,0003,1264100016435,,,,1,용도지역코드,1021,제1종일반주거지역,1,0,,제1종일반주거지역,20221008
경상남도 양산시 물금읍 범어리 687-3번지,48330,25324,0,0687,0003,1264100016435,,,,3,용도구역코드,301,제1종지구단위계획구역,1,0,,제1종지구단위계획구역,20221008
경상남도 양산시 물금읍 범어리 687-5번지,48330,25324,0,0687,0005,1264100043832,,,,1,용도지역코드,UQA121,제1종일반주거지역,1,0,,제1종일반주거지역,20221008
경상남도 양산시 물금읍 범어리 687-5번지,48330,25324,0,0687,0005,1264100043832,,,,3,용도구역코드,UQQ310,제1종지구단위계획구역,1,0,,제1종지구단위계획구역,20221008
경상남도 양산시 물금읍 범어리 687-5번지,48330,25324,0,0687,0005,1264100043832,,,,3,용도구역코드,UOA120,상대보호구역,0,0,,상대정화구역,20221008
경상남도 양산시 물금읍 범어리 687-6번지,48330,25324,0,0687,0006,12641232,687-6,,,1,용도지역코드,1020,일반주거지역,1,0,,일반주거지역,20221008
경상남도 양산시 물금읍 범어리 687-7번지,48330,25324,0,0687,0007,12641169,687-7번지,,,1,용도지역코드,1020,일반주거지역,1,0,,일반주거지역,20221008
경상남도 양산시 물금읍 범어리 692-2번지,48330,25324,0,0692,0002,12648140,,,,1,용도지역코드,1022,제2종일반주거지역,1,0,,제2종일반주거지역,20221008
경상남도 양산시 물금읍 범어리 692-2번지,48330,25324,0,0692,0002,12648140,,,,3,용도구역코드,010,도시계획구역,1,0,,도시계획구역,20221008
경상남도 양산시 물금읍 범어리 692-2번지,48330,25324,0,0692,0002,12641641,,,,1,용도지역코드,1020,일반주거지역,1,0,,일반주거지역,20221008
경상남도 양산시 물금읍 범어리 693번지,48330,25324,0,0693,0000,1264187,,,,1,용도지역코드,1020,일반주거지역,1,0,,일반주거지역,20221008
경상남도 양산시 물금읍 범어리 694번지,48330,25324,0,0694,0000,1264258,,,,1,용도지역코드,1020,일반주거지역,1,0,,일반주거지역,20221008
경상남도 양산시 물금읍 범어리 695번지,48330,25324,0,0695,0000,12642234,,,,1,용도지역코드,1020,일반주거지역,1,0,,일반주거지역,20221008
경상남도 양산시 물금읍 범어리 696번지,48330,25324,0,0696,0000,1264100153831,,,,1,용도지역코드,UQA122,제2종일반주거지역,1,0,,제2종일반주거지역,20221124
경상남도 양산시 물금읍 범어리 697번지,48330,25324,0,0697,0000,1264100038532,,,,1,용도지역코드,UQA122,제2종일반주거지역,1,0,,제2종일반주거지역,20221008
경상남도 양산시 물금읍 범어리 697번지,48330,25324,0,0697,0000,1264100038532,,,,3,용도구역코드,UOA120,상대보호구역,1,0,,상대정화구역,20221008
경상남도 양산시 물금읍 범어리 697번지,48330,25324,0,0697,0000,1264100107693,,,,1,용도지역코드,UQA122,제2종일반주거지역,1,0,,제2종일반주거지역,20221008
경상남도 양산시 물금읍 범어리 697번지,48330,25324,0,0697,0000,1264100107693,,,,3,용도구역코드,UOA120,상대보호구역,1,0,,상대보호구역,20221008
경상남도 양산시 물금읍 범어리 697번지,48330,25324,0,0697,0000,1264100108478,,,,1,용도지역코드,UQA122,제2종일반주거지역,1,0,,제2종일반주거지역,20221008
경상남도 양산시 물금읍 범어리 697번지,48330,25324,0,0697,0000,1264100108478,,,,3,용도구역코드,UOA120,상대보호구역,1,0,,상대정화구역,20221008
경상남도 양산시 물금읍 범어리 700번지,48330,25324,0,0700,0000,1264100037272,,,,1,용도지역코드,UQA122,제2종일반주거지역,1,0,,제2종일반주거지역,20221008
경상남도 양산시 물금읍 범어리 700번지,48330,25324,0,0700,0000,1264100037272,,,,3,용도구역코드,UOA120,상대보호구역,1,0,,상대정화구역,20221008
경상남도 양산시 물금읍 범어리 701번지,48330,25324,0,0701,0000,1264100040443,,,,1,용도지역코드,UQA122,제2종일반주거지역,1,0,,제2종일반주거지역,20221008
경상남도 양산시 물금읍 범어리 705번지,48330,25324,0,0705,0000,12646782,,,,1,용도지역코드,1022,제2종일반주거지역,1,0,,제2종일반주거지역,20221008
경상남도 양산시 물금읍 범어리 707-1번지,48330,25324,0,0707,0001,1264100033767,,,,1,용도지역코드,UQA122,제2종일반주거지역,1,0,,제2종일반주거지역,20221008
경상남도 양산시 물금읍 범어리 707-1번지,48330,25324,0,0707,0001,1264100033767,,,,3,용도구역코드,UOA120,상대보호구역,1,0,,상대정화구역,20221008
경상남도 양산시 물금읍 범어리 707-2번지,48330,25324,0,0707,0002,1264100040783,,,,1,용도지역코드,UQA122,제2종일반주거지역,1,0,,제2종일반주거지역,20221008
경상남도 양산시 물금읍 범어리 708-1번지,48330,25324,0,0708,0001,1264100090743,,,,1,용도지역코드,UQA122,제2종일반주거지역,1,0,,제2종일반주거지역,20221008
경상남도 양산시 물금읍 범어리 708-2번지,48330,25324,0,0708,0002,1264100109076,,,,1,용도지역코드,UQA122,제2종일반주거지역,1,0,,제2종일반주거지역,20221008
경상남도 양산시 물금읍 범어리 708-3번지,48330,25324,0,0708,0003,12645878,,,,1,용도지역코드,1022,제2종일반주거지역,1,0,,제2종일반주거지역,20221008
경상남도 양산시 물금읍 범어리 708-7번지,48330,25324,0,0708,0007,1264100090741,,,,1,용도지역코드,UQA122,제2종일반주거지역,1,0,,제2종일반주거지역,20221008
경상남도 양산시 물금읍 범어리 712-4번지,48330,25324,0,0712,0004,12646511,,,,1,용도지역코드,1022,제2종일반주거지역,1,0,,제2종일반주거지역,20221008
경상남도 양산시 물금읍 범어리 712-4번지,48330,25324,0,0712,0004,1264100029916,,,,1,용도지역코드,UQA122,제2종일반주거지역,1,0,,제2종일반주거지역,20221008
경상남도 양산시 물금읍 범어리 712-4번지,48330,25324,0,0712,0004,1264100035978,,,,1,용도지역코드,UQA122,제2종일반주거지역,1,0,,제2종일반주거지역,20221008
경상남도 양산시 물금읍 범어리 712-4번지,48330,25324,0,0712,0004,12649545,,,,1,용도지역코드,1022,제2종일반주거지역,1,0,,제2종일반주거지역,20221008
경상남도 양산시 물금읍 범어리 712-6번지,48330,25324,0,0712,0006,1264100018725,,,,1,용도지역코드,1022,제2종일반주거지역,1,0,,제2종일반주거지역,20221008
경상남도 양산시 물금읍 범어리 712-6번지,48330,25324,0,0712,0006,1264100018725,,,,3,용도구역코드,272,상대정화구역,1,0,,상대정화구역,20221008
경상남도 양산시 물금읍 범어리 712-7번지,48330,25324,0,0712,0007,1264100031537,,,,1,용도지역코드,UQA122,제2종일반주거지역,1,0,,제2종일반주거지역,20221008
경상남도 양산시 물금읍 범어리 713-3번지,48330,25324,0,0713,0003,1264100128661,,,,1,용도지역코드,UQA122,제2종일반주거지역,1,0,,제2종일반주거지역,20221008
경상남도 양산시 물금읍 범어리 713-6번지,48330,25324,0,0713,0006,12644334,,,,1,용도지역코드,1022,제2종일반주거지역,1,0,,제2종일반주거지역,20221008
경상남도 양산시 물금읍 범어리 713-7번지,48330,25324,0,0713,0007,1264114,,,,1,용도지역코드,1020,일반주거지역,1,0,,일반주거지역,20221008
경상남도 양산시 물금읍 범어리 713-11번지,48330,25324,0,0713,0011,1264100052193,,,,3,용도구역코드,UOA120,상대보호구역,1,0,,상대정화구역,20221008
경상남도 양산시 물금읍 범어리 713-11번지,48330,25324,0,0713,0011,1264100052193,,,,1,용도지역코드,UQA122,제2종일반주거지역,1,0,,제2종일반주거지역,20221008
경상남도 양산시 물금읍 범어리 713-13번지,48330,25324,0,0713,0013,1264100104113,,,,1,용도지역코드,UQA122,제2종일반주거지역,1,0,,제2종일반주거지역,20221008
경상남도 양산시 물금읍 범어리 713-13번지,48330,25324,0,0713,0013,1264100104113,,,,3,용도구역코드,UOA120,상대보호구역,1,0,,상대정화구역,20221008
경상남도 양산시 물금읍 범어리 713-13번지,48330,25324,0,0713,0013,12646765,,,,1,용도지역코드,1022,제2종일반주거지역,1,0,,제2종일반주거지역,20221008
경상남도 양산시 물금읍 범어리 715번지,48330,25324,0,0715,0000,1264100019381,,,,1,용도지역코드,1022,제2종일반주거지역,1,0,,제2종일반주거지역,20221008
경상남도 양산시 물금읍 범어리 716-1번지,48330,25324,0,0716,0001,1264100035452,,,,1,용도지역코드,UQA122,제2종일반주거지역,1,0,,제2종일반주거지역,20221008
경상남도 양산시 물금읍 범어리 716-1번지,48330,25324,0,0716,0001,1264100035452,,,,3,용도구역코드,UOA120,상대보호구역,1,0,,상대정화구역,20221008
경상남도 양산시 물금읍 범어리 716-2번지,48330,25324,0,0716,0002,1264100033067,,,,1,용도지역코드,UQA122,제2종일반주거지역,1,0,,제2종일반주거지역,20221008
경상남도 양산시 물금읍 범어리 716-3번지,48330,25324,0,0716,0003,1264100033068,,,,1,용도지역코드,UQA122,제2종일반주거지역,1,0,,제2종일반주거지역,20221008
경상남도 양산시 물금읍 범어리 716-6번지,48330,25324,0,0716,0006,1264100027449,,,,1,용도지역코드,UQA122,제2종일반주거지역,1,0,,제2종일반주거지역,20221008
경상남도 양산시 물금읍 범어리 716-6번지,48330,25324,0,0716,0006,1264100027449,,,,3,용도구역코드,UOA120,상대보호구역,1,0,,상대정화구역,20221008
경상남도 양산시 물금읍 범어리 716-17번지,48330,25324,0,0716,0017,1264100025896,,,,1,용도지역코드,UQA122,제2종일반주거지역,1,0,,제2종일반주거지역,20221008
경상남도 양산시 물금읍 범어리 716-17번지,48330,25324,0,0716,0017,1264100025896,,,,3,용도구역코드,UOA120,상대보호구역,1,0,,상대정화구역,20221008
경상남도 양산시 물금읍 범어리 716-19번지,48330,25324,0,0716,0019,1264100026929,,,,1,용도지역코드,UQA122,제2종일반주거지역,1,0,,제2종일반주거지역,20221008
경상남도 양산시 물금읍 범어리 716-23번지,48330,25324,0,0716,0023,1264100035192,,,,1,용도지역코드,UQA122,제2종일반주거지역,1,0,,제2종일반주거지역,20221008
경상남도 양산시 물금읍 범어리 716-23번지,48330,25324,0,0716,0023,1264100035192,,,,3,용도구역코드,UOA120,상대보호구역,1,0,,상대정화구역,20221008
경상남도 양산시 물금읍 범어리 716-25번지,48330,25324,0,0716,0025,1264100049065,,,,1,용도지역코드,UQA122,제2종일반주거지역,1,0,,제2종일반주거지역,20221008
경상남도 양산시 물금읍 범어리 716-28번지,48330,25324,0,0716,0028,1264100052769,,,,1,용도지역코드,UQA122,제2종일반주거지역,1,0,,제2종일반주거지역,20221008
경상남도 양산시 물금읍 범어리 716-31번지,48330,25324,0,0716,0031,1264100052771,,,,1,용도지역코드,UQA122,제2종일반주거지역,1,0,,제2종일반주거지역,20221008
경상남도 양산시 물금읍 범어리 716-33번지,48330,25324,0,0716,0033,1264100052770,,,,1,용도지역코드,UQA122,제2종일반주거지역,1,0,,제2종일반주거지역,20221008
경상남도 양산시 물금읍 범어리 717-7번지,48330,25324,0,0717,0007,1264100017774,,,,1,용도지역코드,1022,제2종일반주거지역,1,0,,제2종일반주거지역,20221008
경상남도 양산시 물금읍 범어리 717-7번지,48330,25324,0,0717,0007,1264100022145,,,,1,용도지역코드,UQA122,제2종일반주거지역,1,0,,제2종일반주거지역,20221008
경상남도 양산시 물금읍 범어리 717-9번지,48330,25324,0,0717,0009,1264100021562,,,,1,용도지역코드,UQA122,제2종일반주거지역,1,0,,제2종일반주거지역,20221008
경상남도 양산시 물금읍 범어리 717-9번지,48330,25324,0,0717,0009,1264100021562,,,,3,용도구역코드,UOA120,상대보호구역,1,0,,상대정화구역,20221008
경상남도 양산시 물금읍 범어리 717-11번지,48330,25324,0,0717,0011,1264100052710,,,,1,용도지역코드,UQA122,제2종일반주거지역,1,0,,제2종일반주거지역,20221008
경상남도 양산시 물금읍 범어리 717-11번지,48330,25324,0,0717,0011,1264100052710,,,,3,용도구역코드,UOA120,상대보호구역,1,0,,상대정화구역,20221008
경상남도 양산시 물금읍 범어리 717-11번지,48330,25324,0,0717,0011,1264100052710,,,,3,용도구역코드,UOA110,절대정화구역,0,0,,절대정화구역,20221008
경상남도 양산시 물금읍 범어리 717-11번지,48330,25324,0,0717,0011,1264100070159,,,,1,용도지역코드,UQA122,제2종일반주거지역,1,0,,제2종일반주거지역,20221008
경상남도 양산시 물금읍 범어리 717-11번지,48330,25324,0,0717,0011,1264100070159,,,,3,용도구역코드,UOA120,상대보호구역,1,0,,상대정화구역,20221008
경상남도 양산시 물금읍 범어리 717-11번지,48330,25324,0,0717,0011,1264100070159,,,,3,용도구역코드,UOA110,절대정화구역,0,0,,절대정화구역,20221008
경상남도 양산시 물금읍 범어리 717-12번지,48330,25324,0,0717,0012,12648058,,,,1,용도지역코드,1022,제2종일반주거지역,1,0,,제2종일반주거지역,20221008
경상남도 양산시 물금읍 범어리 717-22번지,48330,25324,0,0717,0022,1264100022244,,,,1,용도지역코드,UQA122,제2종일반주거지역,1,0,,제2종일반주거지역,20221008
경상남도 양산시 물금읍 범어리 717-22번지,48330,25324,0,0717,0022,1264100022244,,,,3,용도구역코드,UOA120,상대보호구역,1,0,,상대정화구역,20221008
경상남도 양산시 물금읍 범어리 718-2번지,48330,25324,0,0718,0002,1264100024530,,,,1,용도지역코드,UQA122,제2종일반주거지역,1,0,,제2종일반주거지역,20221008
경상남도 양산시 물금읍 범어리 718-2번지,48330,25324,0,0718,0002,12649325,,,,1,용도지역코드,1022,제2종일반주거지역,1,0,,제2종일반주거지역,20221008
경상남도 양산시 물금읍 범어리 721-1번지,48330,25324,0,0721,0001,12644340,,,,1,용도지역코드,1022,제2종일반주거지역,1,0,,제2종일반주거지역,20221008
경상남도 양산시 물금읍 범어리 721-1번지,48330,25324,0,0721,0001,1264334,,,,1,용도지역코드,1020,일반주거지역,1,0,,일반주거지역,20221008
경상남도 양산시 물금읍 범어리 721-7번지,48330,25324,0,0721,0007,1264100026791,,,,1,용도지역코드,UQA122,제2종일반주거지역,1,0,,제2종일반주거지역,20221008
경상남도 양산시 물금읍 범어리 721-10번지,48330,25324,0,0721,0010,12644600,,,,1,용도지역코드,1022,제2종일반주거지역,1,0,,제2종일반주거지역,20221008
경상남도 양산시 물금읍 범어리 721-13번지,48330,25324,0,0721,0013,1264100053111,,,,1,용도지역코드,UQA122,제2종일반주거지역,1,0,,제2종일반주거지역,20221008
경상남도 양산시 물금읍 범어리 721-15번지,48330,25324,0,0721,0015,1264100053113,,,,1,용도지역코드,UQA122,제2종일반주거지역,1,0,,제2종일반주거지역,20221008
경상남도 양산시 물금읍 범어리 721-39번지,48330,25324,0,0721,0039,1264100053110,,,,1,용도지역코드,UQA122,제2종일반주거지역,1,0,,제2종일반주거지역,20221008
경상남도 양산시 물금읍 범어리 721-39번지,48330,25324,0,0721,0039,1264100053110,,,,3,용도구역코드,UOA120,상대보호구역,1,0,,상대정화구역,20221008
경상남도 양산시 물금읍 범어리 721-41번지,48330,25324,0,0721,0041,1264100053112,,,,1,용도지역코드,UQA122,제2종일반주거지역,1,0,,제2종일반주거지역,20221008
경상남도 양산시 물금읍 범어리 721-41번지,48330,25324,0,0721,0041,1264100053112,,,,3,용도구역코드,UOA120,상대보호구역,1,0,,상대정화구역,20221008
경상남도 양산시 물금읍 범어리 722번지,48330,25324,0,0722,0000,1264100155392,,,,1,용도지역코드,UQA130,준주거지역,1,0,,준주거지역,20230131
경상남도 양산시 물금읍 범어리 722번지,48330,25324,0,0722,0000,1264100032376,,,,1,용도지역코드,UQA130,준주거지역,1,0,,준주거지역,20221008
경상남도 양산시 물금읍 범어리 722번지,48330,25324,0,0722,0000,1264100003825,,,,1,용도지역코드,1030,준주거지역,1,0,,준주거지역,20221008
경상남도 양산시 물금읍 범어리 724-2번지,48330,25324,0,0724,0002,12645626,,,,1,용도지역코드,1022,제2종일반주거지역,1,0,,제2종일반주거지역,20221008
경상남도 양산시 물금읍 범어리 726번지,48330,25324,0,0726,0000,1264100008711,,,,1,용도지역코드,1022,제2종일반주거지역,1,0,,제2종일반주거지역,20221008
경상남도 양산시 물금읍 범어리 726번지,48330,25324,0,0726,0000,1264100029631,,,,1,용도지역코드,UQA122,제2종일반주거지역,1,0,,제2종일반주거지역,20221008
경상남도 양산시 물금읍 범어리 726-1번지,48330,25324,0,0726,0001,12641540,,,,1,용도지역코드,1020,일반주거지역,1,0,,일반주거지역,20221008
경상남도 양산시 물금읍 범어리 726-3번지,48330,25324,0,0726,0003,1264100083926,,,,1,용도지역코드,UQA122,제2종일반주거지역,1,0,,제2종일반주거지역,20221008
경상남도 양산시 물금읍 범어리 726-5번지,48330,25324,0,0726,0005,1000000000000000352353,,,,3,용도구역코드,UOA120,상대보호구역,0,0,,상대보호구역,20240207
경상남도 양산시 물금읍 범어리 726-5번지,48330,25324,0,0726,0005,1000000000000000352353,,,,1,용도지역코드,UQA122,제2종일반주거지역,1,0,,제2종일반주거지역,20240207
경상남도 양산시 물금읍 범어리 726-5번지,48330,25324,0,0726,0005,1000000000000000352353,,,,3,용도구역코드,UMZ100,가축사육제한구역,1,0,,가축사육제한구역,20240207
경상남도 양산시 물금읍 범어리 726-5번지,48330,25324,0,0726,0005,12644866,,,,1,용도지역코드,1022,제2종일반주거지역,1,0,,제2종일반주거지역,20221008
경상남도 양산시 물금읍 범어리 726-7번지,48330,25324,0,0726,0007,12641359,,,,1,용도지역코드,1020,일반주거지역,1,0,,일반주거지역,20221008
경상남도 양산시 물금읍 범어리 726-7번지,48330,25324,0,0726,0007,1264121,,,,1,용도지역코드,1020,일반주거지역,1,0,,일반주거지역,20221008
경상남도 양산시 물금읍 범어리 726-20번지,48330,25324,0,0726,0020,1264100016296,,,,1,용도지역코드,1022,제2종일반주거지역,1,0,,제2종일반주거지역,20221008
경상남도 양산시 물금읍 범어리 726-20번지,48330,25324,0,0726,0020,1264100016296,,,,3,용도구역코드,271,절대정화구역,1,0,,절대정화구역,20221008
경상남도 양산시 물금읍 범어리 727-9번지,48330,25324,0,0727,0009,1264100085801,,,,1,용도지역코드,UQA122,제2종일반주거지역,1,0,,제2종일반주거지역,20221008
경상남도 양산시 물금읍 범어리 727-12번지,48330,25324,0,0727,0012,12648335,,,,1,용도지역코드,1022,제2종일반주거지역,1,0,,제2종일반주거지역,20221008
경상남도 양산시 물금읍 범어리 727-12번지,48330,25324,0,0727,0012,1264100021842,,,,1,용도지역코드,UQA122,제2종일반주거지역,1,0,,제2종일반주거지역,20221008
경상남도 양산시 물금읍 범어리 733-1번지,48330,25324,0,0733,0001,12644185,,,,1,용도지역코드,1030,준주거지역,1,0,,준주거지역,20221008
경상남도 양산시 물금읍 범어리 739번지,48330,25324,0,0739,0000,1264100103053,,,,1,용도지역코드,UQA130,준주거지역,1,0,,준주거지역,20221008
경상남도 양산시 물금읍 범어리 739-6번지,48330,25324,0,0739,0006,1264100155570,,,,1,용도지역코드,UQA130,준주거지역,1,0,,준주거지역,20221008
경상남도 양산시 물금읍 범어리 740-1번지,48330,25324,0,0740,0001,12642943,,,,1,용도지역코드,1030,준주거지역,1,0,,준주거지역,20221008
경상남도 양산시 물금읍 범어리 740-1번지,48330,25324,0,0740,0001,1264100087364,,,,1,용도지역코드,UQA130,준주거지역,1,0,,준주거지역,20221008
경상남도 양산시 물금읍 범어리 740-1번지,48330,25324,0,0740,0001,1264100087364,,,,3,용도구역코드,UOA120,상대보호구역,1,0,,상대정화구역,20221008
경상남도 양산시 물금읍 범어리 740-1번지,48330,25324,0,0740,0001,12642902,,,,1,용도지역코드,1030,준주거지역,1,0,,준주거지역,20221008
경상남도 양산시 물금읍 범어리 740-1번지,48330,25324,0,0740,0001,12642903,,,,1,용도지역코드,1030,준주거지역,1,0,,준주거지역,20221008
경상남도 양산시 물금읍 범어리 740-1번지,48330,25324,0,0740,0001,12647641,,,,1,용도지역코드,1030,준주거지역,1,0,,준주거지역,20221008
경상남도 양산시 물금읍 범어리 740-1번지,48330,25324,0,0740,0001,12647641,,,,3,용도구역코드,UOA120,상대보호구역,1,0,,상대정화구역,20221008
경상남도 양산시 물금읍 범어리 740-28번지,48330,25324,0,0740,0028,1264100083364,,,,1,용도지역코드,UQA130,준주거지역,1,0,,준주거지역,20221008
경상남도 양산시 물금읍 범어리 740-28번지,48330,25324,0,0740,0028,1264100083364,,,,3,용도구역코드,UOA120,상대보호구역,1,0,,상대정화구역,20221008
경상남도 양산시 물금읍 범어리 744-1번지,48330,25324,0,0744,0001,1264100034150,,,,1,용도지역코드,UQA122,제2종일반주거지역,1,0,,제2종일반주거지역,20221008
경상남도 양산시 물금읍 범어리 744-2번지,48330,25324,0,0744,0002,1264100069739,,,,1,용도지역코드,UQA122,제2종일반주거지역,1,0,,제2종일반주거지역,20221008
경상남도 양산시 물금읍 범어리 744-2번지,48330,25324,0,0744,0002,1264100069739,,,,3,용도구역코드,UOA120,상대보호구역,1,0,,상대정화구역,20221008
경상남도 양산시 물금읍 범어리 744-2번지,48330,25324,0,0744,0002,1264100111360,,,,1,용도지역코드,UQA122,제2종일반주거지역,1,0,,제2종일반주거지역,20221008
경상남도 양산시 물금읍 범어리 744-6번지,48330,25324,0,0744,0006,12646657,,,,1,용도지역코드,1022,제2종일반주거지역,1,0,,제2종일반주거지역,20221008
경상남도 양산시 물금읍 범어리 747번지,48330,25324,0,0747,0000,1264100080743,,,,1,용도지역코드,UQA122,제2종일반주거지역,1,0,,제2종일반주거지역,20221008
경상남도 양산시 물금읍 범어리 747번지,48330,25324,0,0747,0000,1264100080743,,,,3,용도구역코드,UOA120,상대보호구역,1,0,,상대정화구역,20221008
경상남도 양산시 물금읍 범어리 750-2번지,48330,25324,0,0750,0002,12644840,,,,1,용도지역코드,1022,제2종일반주거지역,1,0,,제2종일반주거지역,20221008
경상남도 양산시 물금읍 범어리 751번지,48330,25324,0,0751,0000,12642379,,,,1,용도지역코드,1020,일반주거지역,1,0,,일반주거지역,20221008
경상남도 양산시 물금읍 범어리 752번지,48330,25324,0,0752,0000,1264100117960,,,,1,용도지역코드,UQA122,제2종일반주거지역,1,0,,제2종일반주거지역,20221008
경상남도 양산시 물금읍 범어리 752번지,48330,25324,0,0752,0000,1264100117960,,,,3,용도구역코드,UOA120,상대보호구역,1,0,,상대보호구역,20221008
경상남도 양산시 물금읍 범어리 756번지,48330,25324,0,0756,0000,1000000000000000956684,,,,1,용도지역코드,UQA122,제2종일반주거지역,1,0,,제2종일반주거지역,20260526
경상남도 양산시 물금읍 범어리 756번지,48330,25324,0,0756,0000,1000000000000000956684,,,,3,용도구역코드,UOA120,상대보호구역,1,0,,상대보호구역,20260526
경상남도 양산시 물금읍 범어리 758번지,48330,25324,0,0758,0000,1264100015735,,,,1,용도지역코드,1022,제2종일반주거지역,1,0,,제2종일반주거지역,20221008
경상남도 양산시 물금읍 범어리 758번지,48330,25324,0,0758,0000,1264100015735,,,,3,용도구역코드,272,상대정화구역,1,0,,상대정화구역,20221008
경상남도 양산시 물금읍 범어리 759-1번지,48330,25324,0,0759,0001,1264100040105,,,,1,용도지역코드,UQA122,제2종일반주거지역,1,0,,제2종일반주거지역,20221008
경상남도 양산시 물금읍 범어리 763-1번지,48330,25324,0,0763,0001,1264100051756,,,,1,용도지역코드,UQA122,제2종일반주거지역,1,0,,제2종일반주거지역,20221008
경상남도 양산시 물금읍 범어리 763-10번지,48330,25324,0,0763,0010,1264100034188,,,,1,용도지역코드,UQA122,제2종일반주거지역,1,0,,제2종일반주거지역,20221008
경상남도 양산시 물금읍 범어리 763-10번지,48330,25324,0,0763,0010,1264100034188,,,,3,용도구역코드,UOA120,상대보호구역,1,0,,상대정화구역,20221008
경상남도 양산시 물금읍 범어리 763-10번지,48330,25324,0,0763,0010,1264100038616,,,,1,용도지역코드,UQA122,제2종일반주거지역,1,0,,제2종일반주거지역,20221008
경상남도 양산시 물금읍 범어리 763-10번지,48330,25324,0,0763,0010,1264100038616,,,,3,용도구역코드,UOA120,상대보호구역,1,0,,상대정화구역,20221008
경상남도 양산시 물금읍 범어리 763-12번지,48330,25324,0,0763,0012,1264100052492,,,,1,용도지역코드,UQA122,제2종일반주거지역,1,0,,제2종일반주거지역,20221008
경상남도 양산시 물금읍 범어리 763-12번지,48330,25324,0,0763,0012,1264100052492,,,,3,용도구역코드,UOA120,상대보호구역,1,0,,상대정화구역,20221008
경상남도 양산시 물금읍 범어리 763-13번지,48330,25324,0,0763,0013,1264100037738,,,,1,용도지역코드,UQA122,제2종일반주거지역,1,0,,제2종일반주거지역,20221008
경상남도 양산시 물금읍 범어리 763-13번지,48330,25324,0,0763,0013,1264100037738,,,,3,용도구역코드,UOA120,상대보호구역,1,0,,상대정화구역,20221008
경상남도 양산시 물금읍 범어리 763-14번지,48330,25324,0,0763,0014,1264100037739,,,,1,용도지역코드,UQA122,제2종일반주거지역,1,0,,제2종일반주거지역,20221008
경상남도 양산시 물금읍 범어리 763-14번지,48330,25324,0,0763,0014,1264100037739,,,,3,용도구역코드,UOA120,상대보호구역,1,0,,상대정화구역,20221008
경상남도 양산시 물금읍 범어리 763-16번지,48330,25324,0,0763,0016,1264100051757,,,,1,용도지역코드,UQA122,제2종일반주거지역,1,0,,제2종일반주거지역,20221008
경상남도 양산시 물금읍 범어리 764번지,48330,25324,0,0764,0000,1264100034413,,,,1,용도지역코드,UQA122,제2종일반주거지역,1,0,,제2종일반주거지역,20221008
경상남도 양산시 물금읍 범어리 764-8번지,48330,25324,0,0764,0008,1264100011690,,,,1,용도지역코드,1030,준주거지역,1,0,,준주거지역,20221008
경상남도 양산시 물금읍 범어리 764-8번지,48330,25324,0,0764,0008,1264100011690,,,,3,용도구역코드,272,상대정화구역,1,0,,상대정화구역,20221008
경상남도 양산시 물금읍 범어리 765번지,48330,25324,0,0765,0000,1264100016234,,,,1,용도지역코드,1022,제2종일반주거지역,1,0,,제2종일반주거지역,20221008
경상남도 양산시 물금읍 범어리 765번지,48330,25324,0,0765,0000,1264100019096,,,,1,용도지역코드,1022,제2종일반주거지역,1,0,,제2종일반주거지역,20221008
경상남도 양산시 물금읍 범어리 765-1번지,48330,25324,0,0765,0001,12641465,,,,1,용도지역코드,1020,일반주거지역,1,0,,일반주거지역,20221008
경상남도 양산시 물금읍 범어리 765-8번지,48330,25324,0,0765,0008,1264100009389,,,,1,용도지역코드,1030,준주거지역,1,0,,준주거지역,20221008
경상남도 양산시 물금읍 범어리 765-8번지,48330,25324,0,0765,0008,1264100012090,,,,1,용도지역코드,1030,준주거지역,1,0,,준주거지역,20221008
경상남도 양산시 물금읍 범어리 765-12번지,48330,25324,0,0765,0012,1264100028969,,,,1,용도지역코드,UQA122,제2종일반주거지역,1,0,,제2종일반주거지역,20221008
경상남도 양산시 물금읍 범어리 765-12번지,48330,25324,0,0765,0012,1264100028969,,,,3,용도구역코드,UOA120,상대보호구역,1,0,,상대정화구역,20221008
경상남도 양산시 물금읍 범어리 765-12번지,48330,25324,0,0765,0012,1264100032418,,,,1,용도지역코드,UQA122,제2종일반주거지역,1,0,,제2종일반주거지역,20221008
경상남도 양산시 물금읍 범어리 765-12번지,48330,25324,0,0765,0012,1264100032418,,,,3,용도구역코드,UOA120,상대보호구역,1,0,,상대정화구역,20221008
경상남도 양산시 물금읍 범어리 767번지,48330,25324,0,0767,0000,12641176,,,,1,용도지역코드,1030,준주거지역,1,0,,준주거지역,20221008
경상남도 양산시 물금읍 범어리 769번지,48330,25324,0,0769,0000,12643611,,769,,1,용도지역코드,1030,준주거지역,1,0,,준주거지역,20221008
경상남도 양산시 물금읍 범어리 770번지,48330,25324,0,0770,0000,12641389,,,,1,용도지역코드,1030,준주거지역,1,0,,준주거지역,20221008
경상남도 양산시 물금읍 범어리 770번지,48330,25324,0,0770,0000,1264100032442,,,,1,용도지역코드,UQA130,준주거지역,1,0,,준주거지역,20221008
경상남도 양산시 물금읍 범어리 770-1번지,48330,25324,0,0770,0001,1264100051758,,,,1,용도지역코드,UQA130,준주거지역,1,0,,준주거지역,20221008
경상남도 양산시 물금읍 범어리 770-2번지,48330,25324,0,0770,0002,1264158,,,,1,용도지역코드,1020,일반주거지역,1,0,,일반주거지역,20221008
경상남도 양산시 물금읍 범어리 770-2번지,48330,25324,0,0770,0002,1264100020077,,,,1,용도지역코드,1030,준주거지역,1,0,,준주거지역,20221008
경상남도 양산시 물금읍 범어리 770-2번지,48330,25324,0,0770,0002,1264100020077,,,,3,용도구역코드,272,상대정화구역,1,0,,상대정화구역,20221008
경상남도 양산시 물금읍 범어리 770-2번지,48330,25324,0,0770,0002,12649652,,,,1,용도지역코드,1020,일반주거지역,1,0,,일반주거지역,20221008
경상남도 양산시 물금읍 범어리 770-2번지,48330,25324,0,0770,0002,1264100030162,,,,1,용도지역코드,UQA130,준주거지역,1,0,,준주거지역,20221008
경상남도 양산시 물금읍 범어리 770-2번지,48330,25324,0,0770,0002,1264100030162,,,,3,용도구역코드,UOA120,상대보호구역,1,0,,상대정화구역,20221008
경상남도 양산시 물금읍 범어리 770-2번지,48330,25324,0,0770,0002,1264100031419,,,,1,용도지역코드,UQA130,준주거지역,1,0,,준주거지역,20221008
경상남도 양산시 물금읍 범어리 770-2번지,48330,25324,0,0770,0002,1264100031419,,,,3,용도구역코드,UOA120,상대보호구역,1,0,,상대정화구역,20221008
경상남도 양산시 물금읍 범어리 770-2번지,48330,25324,0,0770,0002,1264100015314,,,,1,용도지역코드,1030,준주거지역,1,0,,준주거지역,20221008
경상남도 양산시 물금읍 범어리 770-2번지,48330,25324,0,0770,0002,1264100015314,,,,3,용도구역코드,272,상대정화구역,1,0,,상대정화구역,20221008
경상남도 양산시 물금읍 범어리 770-3번지,48330,25324,0,0770,0003,1264100022374,,,,1,용도지역코드,UQA130,준주거지역,1,0,,준주거지역,20221008
경상남도 양산시 물금읍 범어리 770-3번지,48330,25324,0,0770,0003,1264100022374,,,,3,용도구역코드,UOA120,상대보호구역,1,0,,상대정화구역,20221008
경상남도 양산시 물금읍 범어리 770-6번지,48330,25324,0,0770,0006,1264100029976,,,,1,용도지역코드,UQA130,준주거지역,1,0,,준주거지역,20221008
경상남도 양산시 물금읍 범어리 770-6번지,48330,25324,0,0770,0006,1264100029976,,,,3,용도구역코드,UOA120,상대보호구역,1,0,,상대정화구역,20221008
경상남도 양산시 물금읍 범어리 770-9번지,48330,25324,0,0770,0009,1264100020076,,,,1,용도지역코드,1030,준주거지역,1,0,,준주거지역,20221008
경상남도 양산시 물금읍 범어리 770-9번지,48330,25324,0,0770,0009,1264100020076,,,,3,용도구역코드,272,상대정화구역,1,0,,상대정화구역,20221008
경상남도 양산시 물금읍 범어리 770-9번지,48330,25324,0,0770,0009,1264100030161,,,,1,용도지역코드,UQA130,준주거지역,1,0,,준주거지역,20221008
경상남도 양산시 물금읍 범어리 770-9번지,48330,25324,0,0770,0009,1264100030161,,,,3,용도구역코드,UOA120,상대보호구역,1,0,,상대정화구역,20221008
경상남도 양산시 물금읍 범어리 770-9번지,48330,25324,0,0770,0009,1264100031418,,,,1,용도지역코드,UQA130,준주거지역,1,0,,준주거지역,20221008
경상남도 양산시 물금읍 범어리 770-9번지,48330,25324,0,0770,0009,1264100031418,,,,3,용도구역코드,UOA120,상대보호구역,1,0,,상대정화구역,20221008
경상남도 양산시 물금읍 범어리 770-10번지,48330,25324,0,0770,0010,12649292,,,,1,용도지역코드,1030,준주거지역,1,0,,준주거지역,20221008
경상남도 양산시 물금읍 범어리 770-10번지,48330,25324,0,0770,0010,12649292,,,,3,용도구역코드,272,상대정화구역,1,0,,상대정화구역,20221008
경상남도 양산시 물금읍 범어리 771-9번지,48330,25324,0,0771,0009,1264100112963,,,,1,용도지역코드,UQA130,준주거지역,1,0,,준주거지역,20221008
경상남도 양산시 물금읍 범어리 771-9번지,48330,25324,0,0771,0009,1264100112963,,,,3,용도구역코드,UMZ100,가축사육제한구역,1,0,,가축사육제한구역,20221008
경상남도 양산시 물금읍 범어리 771-9번지,48330,25324,0,0771,0009,1264100112963,,,,3,용도구역코드,UOA120,상대보호구역,0,0,,상대정화구역,20221008
경상남도 양산시 물금읍 범어리 772-1번지,48330,25324,0,0772,0001,12645700,,,,1,용도지역코드,1030,준주거지역,1,0,,준주거지역,20221008
경상남도 양산시 물금읍 범어리 772-4번지,48330,25324,0,0772,0004,1264100092322,,,,1,용도지역코드,UQA130,준주거지역,1,0,,준주거지역,20221008
경상남도 양산시 물금읍 범어리 772-4번지,48330,25324,0,0772,0004,1264100092322,,,,3,용도구역코드,UOA120,상대보호구역,1,0,,상대정화구역,20221008
경상남도 양산시 물금읍 범어리 772-12번지,48330,25324,0,0772,0012,1000000000000000670184,,,,3,용도구역코드,UOA120,상대보호구역,1,0,,상대보호구역,20250630
경상남도 양산시 물금읍 범어리 772-12번지,48330,25324,0,0772,0012,1000000000000000670184,,,,1,용도지역코드,UQA122,제2종일반주거지역,1,0,,제2종일반주거지역,20250630
경상남도 양산시 물금읍 범어리 772-23번지,48330,25324,0,0772,0023,12648141,,,,1,용도지역코드,1022,제2종일반주거지역,1,0,,제2종일반주거지역,20221008
경상남도 양산시 물금읍 범어리 772-23번지,48330,25324,0,0772,0023,12648141,,,,3,용도구역코드,010,도시계획구역,1,0,,도시계획구역,20221008
경상남도 양산시 물금읍 범어리 772-29번지,48330,25324,0,0772,0029,1264100112019,,,,1,용도지역코드,UQA130,준주거지역,1,0,,준주거지역,20221008
경상남도 양산시 물금읍 범어리 772-29번지,48330,25324,0,0772,0029,1264100112019,,,,3,용도구역코드,UMZ100,가축사육제한구역,1,0,,가축사육제한구역,20221008
경상남도 양산시 물금읍 범어리 773번지,48330,25324,0,0773,0000,1264100020517,,,,1,용도지역코드,1030,준주거지역,1,0,,준주거지역,20221008
경상남도 양산시 물금읍 범어리 773번지,48330,25324,0,0773,0000,1264100020517,,,,3,용도구역코드,272,상대정화구역,1,0,,상대정화구역,20221008
경상남도 양산시 물금읍 범어리 773-1번지,48330,25324,0,0773,0001,1264194,,,,1,용도지역코드,1020,일반주거지역,1,0,,일반주거지역,20221008
경상남도 양산시 물금읍 범어리 773-3번지,48330,25324,0,0773,0003,12645183,,,,1,용도지역코드,1030,준주거지역,1,0,,준주거지역,20221008
경상남도 양산시 물금읍 범어리 773-3번지,48330,25324,0,0773,0003,12641235,,,,1,용도지역코드,1030,준주거지역,1,0,,준주거지역,20221008
경상남도 양산시 물금읍 범어리 773-3번지,48330,25324,0,0773,0003,1264100028390,,,,1,용도지역코드,UQA130,준주거지역,1,0,,준주거지역,20221008
경상남도 양산시 물금읍 범어리 773-3번지,48330,25324,0,0773,0003,1264100028390,,,,3,용도구역코드,UOA120,상대보호구역,1,0,,상대정화구역,20221008
경상남도 양산시 물금읍 범어리 773-6번지,48330,25324,0,0773,0006,1264100020518,,,,1,용도지역코드,1030,준주거지역,1,0,,준주거지역,20221008
경상남도 양산시 물금읍 범어리 773-6번지,48330,25324,0,0773,0006,1264100020518,,,,3,용도구역코드,272,상대정화구역,1,0,,상대정화구역,20221008
경상남도 양산시 물금읍 범어리 773-7번지,48330,25324,0,0773,0007,1264100032159,,,,1,용도지역코드,UQA130,준주거지역,1,0,,준주거지역,20221008
경상남도 양산시 물금읍 범어리 773-7번지,48330,25324,0,0773,0007,1264100032159,,,,3,용도구역코드,UOA120,상대보호구역,1,0,,상대정화구역,20221008
경상남도 양산시 물금읍 범어리 773-8번지,48330,25324,0,0773,0008,1264100032158,,,,1,용도지역코드,UQA130,준주거지역,1,0,,준주거지역,20221008
경상남도 양산시 물금읍 범어리 773-8번지,48330,25324,0,0773,0008,1264100032158,,,,3,용도구역코드,UOA120,상대보호구역,1,0,,상대정화구역,20221008
경상남도 양산시 물금읍 범어리 774-3번지,48330,25324,0,0774,0003,12643701,,744,3,1,용도지역코드,1020,일반주거지역,1,0,,일반주거지역,20221008
경상남도 양산시 물금읍 범어리 779-3번지,48330,25324,0,0779,0003,1264687,,,,1,용도지역코드,1330,자연녹지지역,1,0,,자연녹지지역,20221008
경상남도 양산시 물금읍 범어리 789-5번지,48330,25324,0,0789,0005,1264611,,,,1,용도지역코드,1020,일반주거지역,1,0,,일반주거지역,20221008
경상남도 양산시 물금읍 범어리 797-1번지,48330,25324,0,0797,0001,1264100059495,,,,1,용도지역코드,UQA122,제2종일반주거지역,1,0,,제2종일반주거지역,20221008
경상남도 양산시 물금읍 범어리 797-1번지,48330,25324,0,0797,0001,1264100059495,,,,3,용도구역코드,UOA120,상대보호구역,1,0,,상대정화구역,20221008
경상남도 양산시 물금읍 범어리 797-4번지,48330,25324,0,0797,0004,1264189,,,,1,용도지역코드,1330,자연녹지지역,1,0,,자연녹지지역,20221008
경상남도 양산시 물금읍 범어리 797-6번지,48330,25324,0,0797,0006,1264100058293,,,,3,용도구역코드,UOA120,상대보호구역,1,0,,상대정화구역,20221008
경상남도 양산시 물금읍 범어리 797-6번지,48330,25324,0,0797,0006,1264100058293,,,,1,용도지역코드,UQA122,제2종일반주거지역,1,0,,제2종일반주거지역,20221008
경상남도 양산시 물금읍 범어리 797-6번지,48330,25324,0,0797,0006,1264100048107,,,,1,용도지역코드,UQA122,제2종일반주거지역,1,0,,제2종일반주거지역,20221008
경상남도 양산시 물금읍 범어리 797-7번지,48330,25324,0,0797,0007,12647646,,,,1,용도지역코드,1022,제2종일반주거지역,1,0,,제2종일반주거지역,20221008
경상남도 양산시 물금읍 범어리 797-7번지,48330,25324,0,0797,0007,12646797,,,,1,용도지역코드,1022,제2종일반주거지역,1,0,,제2종일반주거지역,20221008
경상남도 양산시 물금읍 범어리 797-8번지,48330,25324,0,0797,0008,1264100107573,,,,1,용도지역코드,UQA122,제2종일반주거지역,1,0,,제2종일반주거지역,20221008
경상남도 양산시 물금읍 범어리 797-8번지,48330,25324,0,0797,0008,1264100107573,,,,3,용도구역코드,UOA120,상대보호구역,1,0,,상대정화구역,20221008
경상남도 양산시 물금읍 범어리 797-8번지,48330,25324,0,0797,0008,1264100112677,,,,1,용도지역코드,UQA122,제2종일반주거지역,1,0,,제2종일반주거지역,20221008
경상남도 양산시 물금읍 범어리 797-8번지,48330,25324,0,0797,0008,1264100112677,,,,3,용도구역코드,UOA120,상대보호구역,1,0,,상대정화구역,20221008
경상남도 양산시 물금읍 범어리 797-11번지,48330,25324,0,0797,0011,12644896,,,,1,용도지역코드,1022,제2종일반주거지역,1,0,,제2종일반주거지역,20221008
경상남도 양산시 물금읍 범어리 797-13번지,48330,25324,0,0797,0013,1264100022287,,,,1,용도지역코드,UQA122,제2종일반주거지역,1,0,,제2종일반주거지역,20221008
경상남도 양산시 물금읍 범어리 797-13번지,48330,25324,0,0797,0013,1264100022287,,,,3,용도구역코드,UOA120,상대보호구역,1,0,,상대정화구역,20221008
경상남도 양산시 물금읍 범어리 797-17번지,48330,25324,0,0797,0017,1264100093942,,,,1,용도지역코드,UQA122,제2종일반주거지역,1,0,,제2종일반주거지역,20221008
경상남도 양산시 물금읍 범어리 797-21번지,48330,25324,0,0797,0021,1264100036073,,,,1,용도지역코드,UQA122,제2종일반주거지역,1,0,,제2종일반주거지역,20221008
경상남도 양산시 물금읍 범어리 797-21번지,48330,25324,0,0797,0021,1264100036073,,,,3,용도구역코드,UOA120,상대보호구역,1,0,,상대정화구역,20221008
경상남도 양산시 물금읍 범어리 797-21번지,48330,25324,0,0797,0021,1264100042943,,,,1,용도지역코드,UQA122,제2종일반주거지역,1,0,,제2종일반주거지역,20221008
경상남도 양산시 물금읍 범어리 797-21번지,48330,25324,0,0797,0021,1264100042943,,,,3,용도구역코드,UOA120,상대보호구역,1,0,,상대정화구역,20221008
경상남도 양산시 물금읍 범어리 800-1번지,48330,25324,0,0800,0001,1264644,경상남도 양산시 물금읍 범어리,800,1,1,용도지역코드,1020,일반주거지역,1,0,,일반주거지역,20221008
경상남도 양산시 물금읍 범어리 800-1번지,48330,25324,0,0800,0001,1264100006205,,,,1,용도지역코드,1022,제2종일반주거지역,1,0,,제2종일반주거지역,20221008
경상남도 양산시 물금읍 범어리 800-1번지,48330,25324,0,0800,0001,12647251,,,,1,용도지역코드,1022,제2종일반주거지역,1,0,,제2종일반주거지역,20221008
경상남도 양산시 물금읍 범어리 800-1번지,48330,25324,0,0800,0001,12647251,,,,3,용도구역코드,010,도시계획구역,1,0,,도시계획구역,20221008
경상남도 양산시 물금읍 범어리 800-1번지,48330,25324,0,0800,0001,1264100119439,,,,1,용도지역코드,UQA122,제2종일반주거지역,1,0,,제2종일반주거지역,20221008
경상남도 양산시 물금읍 범어리 800-1번지,48330,25324,0,0800,0001,1264100095528,,,,1,용도지역코드,UQA122,제2종일반주거지역,1,0,,제2종일반주거지역,20221008
경상남도 양산시 물금읍 범어리 800-1번지,48330,25324,0,0800,0001,1264100153671,,,,1,용도지역코드,UQA122,제2종일반주거지역,1,0,,제2종일반주거지역,20221223
경상남도 양산시 물금읍 범어리 801-2번지,48330,25324,0,0801,0002,12644339,,,,1,용도지역코드,1022,제2종일반주거지역,1,0,,제2종일반주거지역,20221008
경상남도 양산시 물금읍 범어리 806번지,48330,25324,0,0806,0000,1264100052711,,,,1,용도지역코드,UQA122,제2종일반주거지역,1,0,,제2종일반주거지역,20221008
경상남도 양산시 물금읍 범어리 806번지,48330,25324,0,0806,0000,1264100052711,,,,3,용도구역코드,UOA110,절대정화구역,,,,절대정화구역,20221008
경상남도 양산시 물금읍 범어리 806번지,48330,25324,0,0806,0000,1264100052711,,,,3,용도구역코드,UOA120,상대보호구역,1,0,,상대정화구역,20221008
경상남도 양산시 물금읍 범어리 807번지,48330,25324,0,0807,0000,12645826,,,,1,용도지역코드,1022,제2종일반주거지역,1,0,,제2종일반주거지역,20221008
경상남도 양산시 물금읍 범어리 810번지,48330,25324,0,0810,0000,1264100008287,,,,1,용도지역코드,1022,제2종일반주거지역,1,0,,제2종일반주거지역,20221008
경상남도 양산시 물금읍 범어리 810번지,48330,25324,0,0810,0000,12644620,,,,1,용도지역코드,1022,제2종일반주거지역,1,0,,제2종일반주거지역,20221008
경상남도 양산시 물금읍 범어리 810번지,48330,25324,0,0810,0000,12644620,,,,1,용도지역코드,0100,도시지역,0,0,,도시지역,20221008
경상남도 양산시 물금읍 범어리 829-2번지,48330,25324,0,0829,0002,1264100149010,,,,1,용도지역코드,UQA122,제2종일반주거지역,1,0,,제2종일반주거지역,20221008
경상남도 양산시 물금읍 범어리 831-5번지,48330,25324,0,0831,0005,1264100109336,,,,1,용도지역코드,UQA122,제2종일반주거지역,1,0,,제2종일반주거지역,20221008
경상남도 양산시 물금읍 범어리 831-9번지,48330,25324,0,0831,0009,1264177,,,,1,용도지역코드,1020,일반주거지역,1,0,,일반주거지역,20221008
경상남도 양산시 물금읍 범어리 831-9번지,48330,25324,0,0831,0009,12641393,경상남도 양산시 물금읍 범어리,831,9,1,용도지역코드,1020,일반주거지역,1,0,,일반주거지역,20221008
경상남도 양산시 물금읍 범어리 831-11번지,48330,25324,0,0831,0011,12643588,,,,1,용도지역코드,1020,일반주거지역,1,0,,일반주거지역,20221008
경상남도 양산시 물금읍 범어리 831-12번지,48330,25324,0,0831,0012,12646432,,,,1,용도지역코드,1022,제2종일반주거지역,1,0,,제2종일반주거지역,20221008
경상남도 양산시 물금읍 범어리 832번지,48330,25324,0,0832,0000,1264100133463,,,,1,용도지역코드,UQA122,제2종일반주거지역,1,0,,제2종일반주거지역,20221008
경상남도 양산시 물금읍 범어리 832-2번지,48330,25324,0,0832,0002,12647245,,,,1,용도지역코드,1022,제2종일반주거지역,1,0,,제2종일반주거지역,20221008
경상남도 양산시 물금읍 범어리 832-2번지,48330,25324,0,0832,0002,12647245,,,,3,용도구역코드,010,도시계획구역,1,0,,도시계획구역,20221008
경상남도 양산시 물금읍 범어리 832-3번지,48330,25324,0,0832,0003,1264100107574,,,,1,용도지역코드,UQA121,제1종일반주거지역,1,0,,제1종일반주거지역,20221008
경상남도 양산시 물금읍 범어리 833번지,48330,25324,0,0833,0000,1264100051091,,,,1,용도지역코드,UQA122,제2종일반주거지역,1,0,,제2종일반주거지역,20221008
경상남도 양산시 물금읍 범어리 833-3번지,48330,25324,0,0833,0003,1264100083925,,,,1,용도지역코드,UQA122,제2종일반주거지역,1,0,,제2종일반주거지역,20221008
경상남도 양산시 물금읍 범어리 833-4번지,48330,25324,0,0833,0004,1264100070001,,,,1,용도지역코드,UQA122,제2종일반주거지역,1,0,,제2종일반주거지역,20221008
경상남도 양산시 물금읍 범어리 833-5번지,48330,25324,0,0833,0005,1264100151292,,,,1,용도지역코드,UQA122,제2종일반주거지역,1,0,,제2종일반주거지역,20221008
경상남도 양산시 물금읍 범어리 833-7번지,48330,25324,0,0833,0007,1264100066021,,,,1,용도지역코드,UQA122,제2종일반주거지역,1,0,,제2종일반주거지역,20221008
경상남도 양산시 물금읍 범어리 834번지,48330,25324,0,0834,0000,1264100104895,,,,1,용도지역코드,UQA122,제2종일반주거지역,1,0,,제2종일반주거지역,20221008
경상남도 양산시 물금읍 범어리 838번지,48330,25324,0,0838,0000,12644122,,838,,1,용도지역코드,1020,일반주거지역,1,0,,일반주거지역,20221008
경상남도 양산시 물금읍 범어리 841번지,48330,25324,0,0841,0000,1264100019718,,,,1,용도지역코드,1022,제2종일반주거지역,1,0,,제2종일반주거지역,20221008
경상남도 양산시 물금읍 범어리 843번지,48330,25324,0,0843,0000,1264100024129,,,,1,용도지역코드,UQA122,제2종일반주거지역,1,0,,제2종일반주거지역,20221008
경상남도 양산시 물금읍 범어리 843번지,48330,25324,0,0843,0000,1264100024129,,,,3,용도구역코드,UOA120,상대보호구역,1,0,,상대정화구역,20221008
경상남도 양산시 물금읍 범어리 844-2번지,48330,25324,0,0844,0002,1264100025009,,,,1,용도지역코드,UQA122,제2종일반주거지역,1,0,,제2종일반주거지역,20221008
경상남도 양산시 물금읍 범어리 846번지,48330,25324,0,0846,0000,12643118,,,,1,용도지역코드,1020,일반주거지역,1,0,,일반주거지역,20221008
경상남도 양산시 물금읍 범어리 847-2번지,48330,25324,0,0847,0002,1264100033445,,,,1,용도지역코드,UQA122,제2종일반주거지역,1,0,,제2종일반주거지역,20221008
경상남도 양산시 물금읍 범어리 847-3번지,48330,25324,0,0847,0003,1264100089323,,,,1,용도지역코드,UQA122,제2종일반주거지역,1,0,,제2종일반주거지역,20221008
경상남도 양산시 물금읍 범어리 847-5번지,48330,25324,0,0847,0005,12642095,,,,1,용도지역코드,1020,일반주거지역,1,0,,일반주거지역,20221008
경상남도 양산시 물금읍 범어리 847-13번지,48330,25324,0,0847,0013,1264100033444,,,,1,용도지역코드,UQA122,제2종일반주거지역,1,0,,제2종일반주거지역,20221008
경상남도 양산시 물금읍 범어리 847-13번지,48330,25324,0,0847,0013,1264100037172,,,,1,용도지역코드,UQA122,제2종일반주거지역,1,0,,제2종일반주거지역,20221008
경상남도 양산시 물금읍 범어리 851번지,48330,25324,0,0851,0000,1264100150333,,,,1,용도지역코드,UQA121,제1종일반주거지역,1,0,,제1종일반주거지역,20221008
경상남도 양산시 물금읍 범어리 851번지,48330,25324,0,0851,0000,1264100150333,,,,3,용도구역코드,UOA120,상대보호구역,1,0,,상대보호구역,20221008
경상남도 양산시 물금읍 범어리 851번지,48330,25324,0,0851,0000,1264100150333,,,,3,용도구역코드,UQQ310,제1종지구단위계획구역,0,0,,제1종지구단위계획구역,20221008
경상남도 양산시 물금읍 범어리 852번지,48330,25324,0,0852,0000,1264100149292,,,,1,용도지역코드,UQA121,제1종일반주거지역,1,0,,제1종일반주거지역,20221008
경상남도 양산시 물금읍 범어리 852번지,48330,25324,0,0852,0000,1264100149292,,,,3,용도구역코드,UQQ310,제1종지구단위계획구역,1,0,,제1종지구단위계획구역,20221008
경상남도 양산시 물금읍 범어리 852번지,48330,25324,0,0852,0000,1264100149292,,,,3,용도구역코드,UMZ100,가축사육제한구역,0,0,,가축사육제한구역,20221008
경상남도 양산시 물금읍 범어리 852번지,48330,25324,0,0852,0000,1264100149292,,,,3,용도구역코드,UOA120,상대보호구역,0,0,,상대보호구역,20221008
경상남도 양산시 물금읍 범어리 892-2번지,48330,25324,0,0892,0002,12648982,,,,1,용도지역코드,1022,제2종일반주거지역,1,0,,제2종일반주거지역,20221008
경상남도 양산시 물금읍 범어리 892-4번지,48330,25324,0,0892,0004,12648233,,,,1,용도지역코드,1022,제2종일반주거지역,1,0,,제2종일반주거지역,20221008
경상남도 양산시 물금읍 범어리 892-6번지,48330,25324,0,0892,0006,1264100044485,,,,1,용도지역코드,UQA122,제2종일반주거지역,1,0,,제2종일반주거지역,20221008
경상남도 양산시 물금읍 범어리 894번지,48330,25324,0,0894,0000,12646012,,,,1,용도지역코드,1022,제2종일반주거지역,1,0,,제2종일반주거지역,20221008
경상남도 양산시 물금읍 범어리 894번지,48330,25324,0,0894,0000,12647648,,,,1,용도지역코드,1022,제2종일반주거지역,1,0,,제2종일반주거지역,20221008
경상남도 양산시 물금읍 범어리 894번지,48330,25324,0,0894,0000,12647648,,,,3,용도구역코드,271,절대정화구역,1,0,,절대정화구역,20221008
경상남도 양산시 물금읍 범어리 895번지,48330,25324,0,0895,0000,1264100149071,,,,1,용도지역코드,UQA122,제2종일반주거지역,1,0,,제2종일반주거지역,20221008
경상남도 양산시 물금읍 범어리 895번지,48330,25324,0,0895,0000,1264100032924,,,,1,용도지역코드,UQA122,제2종일반주거지역,1,0,,제2종일반주거지역,20221008
경상남도 양산시 물금읍 범어리 895번지,48330,25324,0,0895,0000,1264100033204,,,,1,용도지역코드,UQA122,제2종일반주거지역,1,0,,제2종일반주거지역,20221008
경상남도 양산시 물금읍 범어리 895-3번지,48330,25324,0,0895,0003,1264100030159,,,,1,용도지역코드,UQA122,제2종일반주거지역,1,0,,제2종일반주거지역,20221008
경상남도 양산시 물금읍 범어리 895-3번지,48330,25324,0,0895,0003,1264100030159,,,,3,용도구역코드,UOA120,상대보호구역,1,0,,상대정화구역,20221008
경상남도 양산시 물금읍 범어리 895-4번지,48330,25324,0,0895,0004,1264100148024,,,,1,용도지역코드,UQA122,제2종일반주거지역,1,0,,제2종일반주거지역,20221008
경상남도 양산시 물금읍 범어리 895-4번지,48330,25324,0,0895,0004,1264100148024,,,,3,용도구역코드,UOA110,절대정화구역,1,0,,절대정화구역,20221008
경상남도 양산시 물금읍 범어리 897-3번지,48330,25324,0,0897,0003,1264100030518,,,,1,용도지역코드,UQA122,제2종일반주거지역,1,0,,제2종일반주거지역,20221008
경상남도 양산시 물금읍 범어리 897-3번지,48330,25324,0,0897,0003,1264100030518,,,,3,용도구역코드,UOA120,상대보호구역,1,0,,상대정화구역,20221008
경상남도 양산시 물금읍 범어리 897-3번지,48330,25324,0,0897,0003,1264100030518,,,,3,용도구역코드,UOA110,절대정화구역,0,0,,절대정화구역,20221008
경상남도 양산시 물금읍 범어리 935-1번지,48330,25324,0,0935,0001,12647453,,,,1,용도지역코드,1022,제2종일반주거지역,1,0,,제2종일반주거지역,20221008
경상남도 양산시 물금읍 범어리 935-1번지,48330,25324,0,0935,0001,12647453,,,,3,용도구역코드,010,도시계획구역,1,0,,도시계획구역,20221008
경상남도 양산시 물금읍 범어리 935-1번지,48330,25324,0,0935,0001,1264100058652,,,,1,용도지역코드,UQA122,제2종일반주거지역,1,0,,제2종일반주거지역,20221008
경상남도 양산시 물금읍 범어리 935-4번지,48330,25324,0,0935,0004,12645964,,,,1,용도지역코드,1022,제2종일반주거지역,0,0,,제2종일반주거지역,20221008
경상남도 양산시 물금읍 범어리 935-4번지,48330,25324,0,0935,0004,12645964,,,,1,용도지역코드,1330,자연녹지지역,1,0,,자연녹지지역,20221008
경상남도 양산시 물금읍 범어리 935-4번지,48330,25324,0,0935,0004,1264100015274,,,,1,용도지역코드,1330,자연녹지지역,1,0,,자연녹지지역,20221008
경상남도 양산시 물금읍 범어리 935-4번지,48330,25324,0,0935,0004,1264100015274,,,,1,용도지역코드,1022,제2종일반주거지역,0,0,,제2종일반주거지역,20221008
경상남도 양산시 물금읍 범어리 935-4번지,48330,25324,0,0935,0004,1264100149671,,,,1,용도지역코드,UQA430,자연녹지지역,1,0,,자연녹지지역,20221008
경상남도 양산시 물금읍 범어리 935-4번지,48330,25324,0,0935,0004,1264100149671,,,,1,용도지역코드,UQA122,제2종일반주거지역,0,0,,제2종일반주거지역,20221008
경상남도 양산시 물금읍 범어리 935-4번지,48330,25324,0,0935,0004,1264100149671,,,,3,용도구역코드,UOA120,상대보호구역,1,0,,상대보호구역,20221008
경상남도 양산시 물금읍 범어리 935-4번지,48330,25324,0,0935,0004,1264100149671,,,,3,용도구역코드,UMZ100,가축사육제한구역,0,0,,가축사육제한구역,20221008
경상남도 양산시 물금읍 범어리 935-4번지,48330,25324,0,0935,0004,12642521,,,,1,용도지역코드,1330,자연녹지지역,1,0,,자연녹지지역,20221008
경상남도 양산시 물금읍 범어리 935-4번지,48330,25324,0,0935,0004,12649601,,,,1,용도지역코드,1022,제2종일반주거지역,0,0,,제2종일반주거지역,20221008
경상남도 양산시 물금읍 범어리 935-4번지,48330,25324,0,0935,0004,12649601,,,,1,용도지역코드,1330,자연녹지지역,1,0,,자연녹지지역,20221008
경상남도 양산시 물금읍 범어리 936-2번지,48330,25324,0,0936,0002,1264100093101,,,,1,용도지역코드,UQA430,자연녹지지역,1,0,,자연녹지지역,20221008
경상남도 양산시 물금읍 범어리 936-2번지,48330,25324,0,0936,0002,1264100093101,,,,1,용도지역코드,UQA122,제2종일반주거지역,0,0,,제2종일반주거지역,20221008
경상남도 양산시 물금읍 범어리 936-2번지,48330,25324,0,0936,0002,1264100093101,,,,3,용도구역코드,UOA120,상대보호구역,1,0,,상대정화구역,20221008
경상남도 양산시 물금읍 범어리 940-2번지,48330,25324,0,0940,0002,1000000000000000935270,,,,3,용도구역코드,UQQ300,지구단위계획구역,1,0,,지구단위계획구역,20260423
경상남도 양산시 물금읍 범어리 940-2번지,48330,25324,0,0940,0002,1000000000000000935270,,,,1,용도지역코드,UQA122,제2종일반주거지역,1,0,,제2종일반주거지역,20260423
경상남도 양산시 물금읍 범어리 940-2번지,48330,25324,0,0940,0002,1000000000000000920515,,,,3,용도구역코드,UQQ300,지구단위계획구역,1,0,,지구단위계획구역,20260407
경상남도 양산시 물금읍 범어리 940-2번지,48330,25324,0,0940,0002,1000000000000000920515,,,,1,용도지역코드,UQA122,제2종일반주거지역,1,0,,제2종일반주거지역,20260407
경상남도 양산시 물금읍 범어리 940-5번지,48330,25324,0,0940,0005,1264100015258,,,,1,용도지역코드,1330,자연녹지지역,1,0,,자연녹지지역,20221008
경상남도 양산시 물금읍 범어리 972-1번지,48330,25324,0,0972,0001,12641671,,,,1,용도지역코드,1020,일반주거지역,1,0,,일반주거지역,20221008
경상남도 양산시 물금읍 범어리 972-9번지,48330,25324,0,0972,0009,1264100059853,,,,1,용도지역코드,UQA122,제2종일반주거지역,1,0,,제2종일반주거지역,20221008
경상남도 양산시 물금읍 범어리 973번지,48330,25324,0,0973,0000,1264100116196,,,,1,용도지역코드,UQA122,제2종일반주거지역,1,0,,제2종일반주거지역,20221008
경상남도 양산시 물금읍 범어리 973-1번지,48330,25324,0,0973,0001,1264100087043,,,,1,용도지역코드,UQA122,제2종일반주거지역,1,0,,제2종일반주거지역,20221008
경상남도 양산시 물금읍 범어리 973-1번지,48330,25324,0,0973,0001,1264100087043,,,,3,용도구역코드,UOA120,상대보호구역,1,0,,상대정화구역,20221008
경상남도 양산시 물금읍 범어리 974-1번지,48330,25324,0,0974,0001,1264100036177,,,,1,용도지역코드,UQA122,제2종일반주거지역,1,0,,제2종일반주거지역,20221008
경상남도 양산시 물금읍 범어리 974-1번지,48330,25324,0,0974,0001,1264100036177,,,,3,용도구역코드,UOA120,상대보호구역,1,0,,상대정화구역,20221008
경상남도 양산시 물금읍 범어리 974-1번지,48330,25324,0,0974,0001,12641194,경상남도 양산시 물금읍 범어리,974,1,1,용도지역코드,1020,일반주거지역,1,0,,일반주거지역,20221008
경상남도 양산시 물금읍 범어리 974-3번지,48330,25324,0,0974,0003,12647363,,,,1,용도지역코드,1022,제2종일반주거지역,1,0,,제2종일반주거지역,20221008
경상남도 양산시 물금읍 범어리 974-3번지,48330,25324,0,0974,0003,12647363,,,,3,용도구역코드,010,도시계획구역,1,0,,도시계획구역,20221008
경상남도 양산시 물금읍 범어리 976-2번지,48330,25324,0,0976,0002,1264100019361,,,,1,용도지역코드,1022,제2종일반주거지역,1,0,,제2종일반주거지역,20221008
경상남도 양산시 물금읍 범어리 976-2번지,48330,25324,0,0976,0002,1264100019361,,,,3,용도구역코드,272,상대정화구역,1,0,,상대정화구역,20221008
경상남도 양산시 물금읍 범어리 976-2번지,48330,25324,0,0976,0002,1264100016297,,,,1,용도지역코드,1022,제2종일반주거지역,1,0,,제2종일반주거지역,20221008
경상남도 양산시 물금읍 범어리 976-2번지,48330,25324,0,0976,0002,1264100016297,,,,3,용도구역코드,272,상대정화구역,1,0,,상대정화구역,20221008
경상남도 양산시 물금읍 범어리 977번지,48330,25324,0,0977,0000,12647323,,,,1,용도지역코드,1022,제2종일반주거지역,1,0,,제2종일반주거지역,20221008
경상남도 양산시 물금읍 범어리 979번지,48330,25324,0,0979,0000,1264100151813,,,,1,용도지역코드,UQA122,제2종일반주거지역,1,0,,제2종일반주거지역,20221215
경상남도 양산시 물금읍 범어리 984번지,48330,25324,0,0984,0000,1264100129267,,,,1,용도지역코드,UQA122,제2종일반주거지역,1,0,,제2종일반주거지역,20221008
경상남도 양산시 물금읍 범어리 984번지,48330,25324,0,0984,0000,1264100123442,,,,1,용도지역코드,UQA122,제2종일반주거지역,1,0,,제2종일반주거지역,20221008
경상남도 양산시 물금읍 범어리 984-2번지,48330,25324,0,0984,0002,1264100101075,,,,1,용도지역코드,UQA122,제2종일반주거지역,1,0,,제2종일반주거지역,20221008
경상남도 양산시 물금읍 범어리 984-4번지,48330,25324,0,0984,0004,1264100097027,,,,1,용도지역코드,UQA122,제2종일반주거지역,1,0,,제2종일반주거지역,20221008
경상남도 양산시 물금읍 범어리 984-5번지,48330,25324,0,0984,0005,1264100093789,,,,1,용도지역코드,UQA122,제2종일반주거지역,1,0,,제2종일반주거지역,20221008
경상남도 양산시 물금읍 범어리 984-5번지,48330,25324,0,0984,0005,1264100093789,,,,3,용도구역코드,UOA120,상대보호구역,1,0,,상대정화구역,20221008
경상남도 양산시 물금읍 범어리 984-5번지,48330,25324,0,0984,0005,1264100093789,,,,3,용도구역코드,UOA110,절대정화구역,0,0,,절대정화구역,20221008
경상남도 양산시 물금읍 범어리 984-6번지,48330,25324,0,0984,0006,1264100104894,,,,1,용도지역코드,UQA122,제2종일반주거지역,1,0,,제2종일반주거지역,20221008
경상남도 양산시 물금읍 범어리 984-6번지,48330,25324,0,0984,0006,1264100104894,,,,3,용도구역코드,UOA120,상대보호구역,1,0,,상대보호구역,20221008
경상남도 양산시 물금읍 범어리 984-6번지,48330,25324,0,0984,0006,1264100104894,,,,3,용도구역코드,UOA110,절대정화구역,0,0,,절대보호구역,20221008
경상남도 양산시 물금읍 범어리 1007-4번지,48330,25324,0,1007,0004,12642855,,,,1,용도지역코드,1020,일반주거지역,1,0,,일반주거지역,20221008
경상남도 양산시 물금읍 범어리 1007-4번지,48330,25324,0,1007,0004,1264891,,,,1,용도지역코드,1020,일반주거지역,1,0,,일반주거지역,20221008
경상남도 양산시 물금읍 범어리 1008번지,48330,25324,0,1008,0000,1264100108696,,,,1,용도지역코드,UQA122,제2종일반주거지역,1,0,,제2종일반주거지역,20221008
경상남도 양산시 물금읍 범어리 1009번지,48330,25324,0,1009,0000,12643437,,,,1,용도지역코드,1020,일반주거지역,1,0,,일반주거지역,20221008
경상남도 양산시 물금읍 범어리 1009-5번지,48330,25324,0,1009,0005,1264100083426,,,,1,용도지역코드,UQA122,제2종일반주거지역,1,0,,제2종일반주거지역,20221008
경상남도 양산시 물금읍 범어리 1009-5번지,48330,25324,0,1009,0005,1264100083426,,,,3,용도구역코드,UOA120,상대보호구역,1,0,,상대정화구역,20221008
경상남도 양산시 물금읍 범어리 1012번지,48330,25324,0,1012,0000,1264100054529,,,,1,용도지역코드,UQA122,제2종일반주거지역,1,0,,제2종일반주거지역,20221008
경상남도 양산시 물금읍 범어리 1012번지,48330,25324,0,1012,0000,1264100054529,,,,3,용도구역코드,UOA120,상대보호구역,1,0,,상대정화구역,20221008
경상남도 양산시 물금읍 범어리 1012번지,48330,25324,0,1012,0000,1264100049906,,,,1,용도지역코드,UQA122,제2종일반주거지역,1,0,,제2종일반주거지역,20221008
경상남도 양산시 물금읍 범어리 1017-2번지,48330,25324,0,1017,0002,1264100077699,,,,1,용도지역코드,UQA122,제2종일반주거지역,1,0,,제2종일반주거지역,20221008
경상남도 양산시 물금읍 범어리 1017-2번지,48330,25324,0,1017,0002,1264100077699,,,,3,용도구역코드,UOA120,상대보호구역,1,0,,상대정화구역,20221008
경상남도 양산시 물금읍 범어리 1019-1번지,48330,25324,0,1019,0001,1000000000000000782084,,,,3,용도구역코드,UOA120,상대보호구역,0,0,,상대보호구역,20260612
경상남도 양산시 물금읍 범어리 1019-1번지,48330,25324,0,1019,0001,1000000000000000782084,,,,1,용도지역코드,UQA122,제2종일반주거지역,1,0,,제2종일반주거지역,20260612
경상남도 양산시 물금읍 범어리 1019-1번지,48330,25324,0,1019,0001,1000000000000000782084,,,,3,용도구역코드,UMZ100,가축사육제한구역,1,0,,가축사육제한구역,20260612
경상남도 양산시 물금읍 범어리 1019-3번지,48330,25324,0,1019,0003,1000000000000000334826,,,,1,용도지역코드,UQA122,제2종일반주거지역,1,0,,제2종일반주거지역,20230711
경상남도 양산시 물금읍 범어리 1019-3번지,48330,25324,0,1019,0003,1000000000000000334826,,,,3,용도구역코드,UMZ100,가축사육제한구역,1,0,,가축사육제한구역,20230711
경상남도 양산시 물금읍 범어리 1019-8번지,48330,25324,0,1019,0008,1264100040198,,,,1,용도지역코드,UQA122,제2종일반주거지역,1,0,,제2종일반주거지역,20221008
경상남도 양산시 물금읍 범어리 1019-8번지,48330,25324,0,1019,0008,1264100105216,,,,1,용도지역코드,UQA122,제2종일반주거지역,1,0,,제2종일반주거지역,20221008
경상남도 양산시 물금읍 범어리 1019-10번지,48330,25324,0,1019,0010,1000000000000000081608,,,,1,용도지역코드,UQA122,제2종일반주거지역,1,0,,제2종일반주거지역,20230608
경상남도 양산시 물금읍 범어리 1019-10번지,48330,25324,0,1019,0010,1000000000000000081608,,,,3,용도구역코드,UMZ100,가축사육제한구역,1,0,,가축사육제한구역,20230608
경상남도 양산시 물금읍 범어리 1019-10번지,48330,25324,0,1019,0010,1000000000000000081608,,,,3,용도구역코드,UOA120,상대보호구역,0,0,,상대보호구역,20230608
경상남도 양산시 물금읍 범어리 1019-10번지,48330,25324,0,1019,0010,1264100154350,,,,1,용도지역코드,UQA122,제2종일반주거지역,1,0,,제2종일반주거지역,20221008
경상남도 양산시 물금읍 범어리 1019-10번지,48330,25324,0,1019,0010,1264100154350,,,,3,용도구역코드,UMZ100,가축사육제한구역,1,0,,가축사육제한구역,20221008
경상남도 양산시 물금읍 범어리 1019-10번지,48330,25324,0,1019,0010,1264100154350,,,,3,용도구역코드,UOA120,상대보호구역,0,0,,상대보호구역,20221008
경상남도 양산시 물금읍 범어리 1020번지,48330,25324,0,1020,0000,1264100035792,,,,1,용도지역코드,UQA122,제2종일반주거지역,1,0,,제2종일반주거지역,20221008
경상남도 양산시 물금읍 범어리 1021-5번지,48330,25324,0,1021,0005,1264100026595,,,,1,용도지역코드,UQA122,제2종일반주거지역,1,0,,제2종일반주거지역,20221008
경상남도 양산시 물금읍 범어리 1021-5번지,48330,25324,0,1021,0005,1264100026595,,,,3,용도구역코드,UOA120,상대보호구역,1,0,,상대정화구역,20221008
경상남도 양산시 물금읍 범어리 1022-3번지,48330,25324,0,1022,0003,1264100033122,,,,1,용도지역코드,UQA122,제2종일반주거지역,1,0,,제2종일반주거지역,20221008
경상남도 양산시 물금읍 범어리 1022-3번지,48330,25324,0,1022,0003,1264100033122,,,,3,용도구역코드,UOA120,상대보호구역,1,0,,상대정화구역,20221008
경상남도 양산시 물금읍 범어리 1022-4번지,48330,25324,0,1022,0004,12642256,,,,1,용도지역코드,1020,일반주거지역,1,0,,일반주거지역,20221008
경상남도 양산시 물금읍 범어리 1022-4번지,48330,25324,0,1022,0004,12642374,,,,1,용도지역코드,1020,일반주거지역,1,0,,일반주거지역,20221008
경상남도 양산시 물금읍 범어리 1022-5번지,48330,25324,0,1022,0005,12646573,,,,1,용도지역코드,1022,제2종일반주거지역,1,0,,제2종일반주거지역,20221008
경상남도 양산시 물금읍 범어리 1022-14번지,48330,25324,0,1022,0014,1264100004926,,,,1,용도지역코드,1022,제2종일반주거지역,1,0,,제2종일반주거지역,20221008
경상남도 양산시 물금읍 범어리 1022-20번지,48330,25324,0,1022,0020,1264100033123,,,,1,용도지역코드,UQA122,제2종일반주거지역,1,0,,제2종일반주거지역,20221008
경상남도 양산시 물금읍 범어리 1022-20번지,48330,25324,0,1022,0020,1264100033123,,,,3,용도구역코드,UOA120,상대보호구역,1,0,,상대정화구역,20221008
경상남도 양산시 물금읍 범어리 1025-4번지,48330,25324,0,1025,0004,1000000000000001008456,,,,3,용도구역코드,UOA120,상대보호구역,1,0,,상대보호구역,20260826
경상남도 양산시 물금읍 범어리 1025-4번지,48330,25324,0,1025,0004,1000000000000001008456,,,,1,용도지역코드,UQA122,제2종일반주거지역,1,0,,제2종일반주거지역,20260826
경상남도 양산시 물금읍 범어리 1025-7번지,48330,25324,0,1025,0007,1264100067559,,,,1,용도지역코드,UQA122,제2종일반주거지역,1,0,,제2종일반주거지역,20221008
경상남도 양산시 물금읍 범어리 1025-7번지,48330,25324,0,1025,0007,1264100067559,,,,3,용도구역코드,UOA120,상대보호구역,1,0,,상대정화구역,20221008
경상남도 양산시 물금읍 범어리 1027-1번지,48330,25324,0,1027,0001,126433,,,,1,용도지역코드,1330,자연녹지지역,1,0,,자연녹지지역,20221008
경상남도 양산시 물금읍 범어리 1027-3번지,48330,25324,0,1027,0003,1264325,,,,1,용도지역코드,1020,일반주거지역,1,0,,일반주거지역,20221008
경상남도 양산시 물금읍 범어리 1027-3번지,48330,25324,0,1027,0003,1264100051372,,,,1,용도지역코드,UQA122,제2종일반주거지역,1,0,,제2종일반주거지역,20221008
경상남도 양산시 물금읍 범어리 1027-3번지,48330,25324,0,1027,0003,1264100051372,,,,3,용도구역코드,UOA120,상대보호구역,1,0,,상대정화구역,20221008
경상남도 양산시 물금읍 범어리 1028-1번지,48330,25324,0,1028,0001,12645854,,,,1,용도지역코드,1022,제2종일반주거지역,1,0,,제2종일반주거지역,20221008
경상남도 양산시 물금읍 범어리 1030-1번지,48330,25324,0,1030,0001,12642174,,,,1,용도지역코드,1020,일반주거지역,1,0,,일반주거지역,20221008
경상남도 양산시 물금읍 범어리 1030-6번지,48330,25324,0,1030,0006,1264100120640,,,,1,용도지역코드,UQA122,제2종일반주거지역,1,0,,제2종일반주거지역,20221008
경상남도 양산시 물금읍 범어리 1031-3번지,48330,25324,0,1031,0003,1264100145563,,,,1,용도지역코드,UQA122,제2종일반주거지역,1,0,,제2종일반주거지역,20221008
경상남도 양산시 물금읍 범어리 1031-3번지,48330,25324,0,1031,0003,1264100145563,,,,3,용도구역코드,UOA120,상대보호구역,1,0,,상대보호구역,20221008
경상남도 양산시 물금읍 범어리 1031-3번지,48330,25324,0,1031,0003,1264100059013,,,,1,용도지역코드,UQA122,제2종일반주거지역,1,0,,제2종일반주거지역,20221008
경상남도 양산시 물금읍 범어리 1031-6번지,48330,25324,0,1031,0006,1264100084641,,,,1,용도지역코드,UQA122,제2종일반주거지역,1,0,,제2종일반주거지역,20221008
경상남도 양산시 물금읍 범어리 1031-6번지,48330,25324,0,1031,0006,1264100084641,,,,3,용도구역코드,UOA120,상대보호구역,1,0,,상대정화구역,20221008
경상남도 양산시 물금읍 범어리 1110번지,48330,25324,0,1110,0000,1264100050686,,,,1,용도지역코드,UQA430,자연녹지지역,1,0,,자연녹지지역,20221008
경상남도 양산시 물금읍 범어리 1110번지,48330,25324,0,1110,0000,1264100050686,,,,3,용도구역코드,UQQ310,제1종지구단위계획구역,1,0,,제1종지구단위계획구역,20221008
경상남도 양산시 물금읍 범어리 1110번지,48330,25324,0,1110,0000,1264100048387,,,,1,용도지역코드,UQA430,자연녹지지역,1,0,,자연녹지지역,20221008
경상남도 양산시 물금읍 범어리 1110번지,48330,25324,0,1110,0000,1264100048387,,,,3,용도구역코드,UOA120,상대보호구역,,,,상대정화구역,20221008
경상남도 양산시 물금읍 범어리 1110번지,48330,25324,0,1110,0000,1264100048387,,,,3,용도구역코드,UQQ310,제1종지구단위계획구역,1,0,,제1종지구단위계획구역,20221008
경상남도 양산시 물금읍 범어리 1180-17번지,48330,25324,0,1180,0017,1000000000000000661815,,,,3,용도구역코드,UOA120,상대보호구역,0,0,,상대보호구역,20250210
경상남도 양산시 물금읍 범어리 1180-17번지,48330,25324,0,1180,0017,1000000000000000661815,,,,1,용도지역코드,UQA122,제2종일반주거지역,1,0,,제2종일반주거지역,20250210
경상남도 양산시 물금읍 범어리 1180-17번지,48330,25324,0,1180,0017,1000000000000000661815,,,,3,용도구역코드,UMZ100,가축사육제한구역,1,0,,가축사육제한구역,20250210
경상남도 양산시 물금읍 범어리 1773번지,48330,25324,0,1773,0000,12648311,,,,1,용도지역코드,1330,자연녹지지역,1,0,,자연녹지지역,20221008
경상남도 양산시 물금읍 범어리 1783번지,48330,25324,0,1783,0000,12641110,"1783, 1784-1",1784,1,1,용도지역코드,1020,일반주거지역,1,0,,일반주거지역,20221008
경상남도 양산시 물금읍 범어리 1784번지,48330,25324,0,1784,0000,12641630,,,,1,용도지역코드,1020,일반주거지역,1,0,,일반주거지역,20221008
경상남도 양산시 물금읍 범어리 1939번지,48330,25324,0,1939,0000,1000000000000000988246,,,,1,용도지역코드,UQA430,자연녹지지역,1,0,,자연녹지지역,20260703
경상남도 양산시 물금읍 범어리 2005번지,48330,25324,0,2005,0000,1264172,,,,1,용도지역코드,1330,자연녹지지역,1,0,,자연녹지지역,20221008
경상남도 양산시 물금읍 범어리 2082번지,48330,25324,0,2082,0000,1264100010771,,,,1,용도지역코드,1021,제1종일반주거지역,1,0,,제1종일반주거지역,20221008
경상남도 양산시 물금읍 범어리 2082번지,48330,25324,0,2082,0000,1264100010771,,,,3,용도구역코드,301,제1종지구단위계획구역,1,0,,제1종지구단위계획구역,20221008
경상남도 양산시 물금읍 범어리 2204번지,48330,25324,0,2204,0000,12647426,,,,1,용도지역코드,1021,제1종일반주거지역,1,0,,제1종일반주거지역,20221008
경상남도 양산시 물금읍 범어리 2204번지,48330,25324,0,2204,0000,12644888,,,,1,용도지역코드,1021,제1종일반주거지역,1,0,,제1종일반주거지역,20221008
경상남도 양산시 물금읍 범어리 2209번지,48330,25324,0,2209,0000,1264100021541,,,,1,용도지역코드,UQA121,제1종일반주거지역,1,0,,제1종일반주거지역,20221008
경상남도 양산시 물금읍 범어리 2214번지,48330,25324,0,2214,0000,12643243,,,,1,용도지역코드,1020,일반주거지역,1,0,,일반주거지역,20221008
경상남도 양산시 물금읍 범어리 2214번지,48330,25324,0,2214,0000,1000000000000000197757,,,,3,용도구역코드,UMZ100,가축사육제한구역,1,0,,가축사육제한구역,20230829
경상남도 양산시 물금읍 범어리 2214번지,48330,25324,0,2214,0000,1000000000000000197757,,,,3,용도구역코드,UOA120,상대보호구역,0,0,,상대보호구역,20230829
경상남도 양산시 물금읍 범어리 2214번지,48330,25324,0,2214,0000,1000000000000000197757,,,,1,용도지역코드,UQA121,제1종일반주거지역,1,0,,제1종일반주거지역,20230829
경상남도 양산시 물금읍 범어리 2214-1번지,48330,25324,0,2214,0001,12649454,,,,1,용도지역코드,1021,제1종일반주거지역,1,0,,제1종일반주거지역,20221008
경상남도 양산시 물금읍 범어리 2215-6번지,48330,25324,0,2215,0006,12645420,,,,1,용도지역코드,1022,제2종일반주거지역,1,0,,제2종일반주거지역,20221008
경상남도 양산시 물금읍 범어리 2232번지,48330,25324,0,2232,0000,12648514,,,,1,용도지역코드,1021,제1종일반주거지역,1,0,,제1종일반주거지역,20221008
경상남도 양산시 물금읍 범어리 2232-1번지,48330,25324,0,2232,0001,1264100111776,,,,1,용도지역코드,UQA430,자연녹지지역,1,0,,자연녹지지역,20221008
경상남도 양산시 물금읍 범어리 2232-1번지,48330,25324,0,2232,0001,1264100111776,,,,1,용도지역코드,UQA121,제1종일반주거지역,0,0,,제1종일반주거지역,20221008
경상남도 양산시 물금읍 범어리 2232-1번지,48330,25324,0,2232,0001,1264100111776,,,,3,용도구역코드,UOA120,상대보호구역,1,0,,상대정화구역,20221008
경상남도 양산시 물금읍 범어리 2232-1번지,48330,25324,0,2232,0001,1264100111776,,,,3,용도구역코드,UMZ100,가축사육제한구역,0,0,,가축사육제한구역,20221008
경상남도 양산시 물금읍 범어리 2233번지,48330,25324,0,2233,0000,1264100100653,,,,1,용도지역코드,UQA430,자연녹지지역,1,0,,자연녹지지역,20221008
경상남도 양산시 물금읍 범어리 2233번지,48330,25324,0,2233,0000,1264100027889,,,,1,용도지역코드,UQA430,자연녹지지역,1,0,,자연녹지지역,20221008
경상남도 양산시 물금읍 범어리 2233번지,48330,25324,0,2233,0000,1264100027889,,,,3,용도구역코드,UOA120,상대보호구역,1,0,,상대정화구역,20221008
경상남도 양산시 물금읍 범어리 2233번지,48330,25324,0,2233,0000,1264100014398,,,,1,용도지역코드,1330,자연녹지지역,1,0,,자연녹지지역,20221008
경상남도 양산시 물금읍 범어리 2233번지,48330,25324,0,2233,0000,1264100014398,,,,3,용도구역코드,272,상대정화구역,1,0,,상대정화구역,20221008
경상남도 양산시 물금읍 범어리 2243-2번지,48330,25324,0,2243,0002,1264100132323,,,,1,용도지역코드,UQA121,제1종일반주거지역,1,0,,제1종일반주거지역,20260527
경상남도 양산시 물금읍 범어리 2245번지,48330,25324,0,2245,0000,12648453,,,,1,용도지역코드,1021,제1종일반주거지역,1,0,,제1종일반주거지역,20221008
경상남도 양산시 물금읍 범어리 2406번지,48330,25324,0,2406,0000,12647278,,,,1,용도지역코드,1330,자연녹지지역,1,0,,자연녹지지역,20221008
경상남도 양산시 물금읍 범어리 2446번지,48330,25324,0,2446,0000,1264100009951,,,,1,용도지역코드,1330,자연녹지지역,1,0,,자연녹지지역,20221008
경상남도 양산시 물금읍 범어리 2673-2번지,48330,25324,0,2673,0002,1264100132923,,,,1,용도지역코드,UQA123,제3종일반주거지역,1,0,,제3종일반주거지역,20221008
경상남도 양산시 물금읍 범어리 2673-2번지,48330,25324,0,2673,0002,1264100132923,,,,3,용도구역코드,UQQ310,제1종지구단위계획구역,1,0,,제1종지구단위계획구역,20221008
경상남도 양산시 물금읍 범어리 2673-2번지,48330,25324,0,2673,0002,1264100132923,,,,3,용도구역코드,UMZ100,가축사육제한구역,0,0,,가축사육제한구역,20221008
경상남도 양산시 물금읍 범어리 2673-2번지,48330,25324,0,2673,0002,1264100132923,,,,3,용도구역코드,UOA120,상대보호구역,0,0,,상대보호구역,20221008
경상남도 양산시 물금읍 범어리 2673-4번지,48330,25324,0,2673,0004,1264100029889,,,,1,용도지역코드,UQA123,제3종일반주거지역,1,0,,제3종일반주거지역,20221008
경상남도 양산시 물금읍 범어리 2673-4번지,48330,25324,0,2673,0004,1264100029889,,,,3,용도구역코드,UOA110,절대정화구역,,,,절대정화구역,20221008
경상남도 양산시 물금읍 범어리 2673-4번지,48330,25324,0,2673,0004,1264100029889,,,,3,용도구역코드,UQQ310,제1종지구단위계획구역,1,0,,제1종지구단위계획구역,20221008
경상남도 양산시 물금읍 범어리 2673-4번지,48330,25324,0,2673,0004,1264100029889,,,,3,용도구역코드,UOA120,상대보호구역,0,0,,상대정화구역,20221008
경상남도 양산시 물금읍 범어리 2674번지,48330,25324,0,2674,0000,1264100077879,,,,1,용도지역코드,UQA123,제3종일반주거지역,1,0,,제3종일반주거지역,20221008
경상남도 양산시 물금읍 범어리 2674번지,48330,25324,0,2674,0000,1264100077879,,,,3,용도구역코드,UOA120,상대보호구역,1,0,,상대정화구역,20221008
경상남도 양산시 물금읍 범어리 2674번지,48330,25324,0,2674,0000,1264100117963,,,,1,용도지역코드,UQA123,제3종일반주거지역,1,0,,제3종일반주거지역,20221008
경상남도 양산시 물금읍 범어리 2674번지,48330,25324,0,2674,0000,1264100117963,,,,3,용도구역코드,UQQ310,제1종지구단위계획구역,1,0,,제1종지구단위계획구역,20221008
경상남도 양산시 물금읍 범어리 2674번지,48330,25324,0,2674,0000,1264100117963,,,,3,용도구역코드,UOA120,상대보호구역,0,0,,상대정화구역,20221008
경상남도 양산시 물금읍 범어리 2674번지,48330,25324,0,2674,0000,1264100117963,,,,3,용도구역코드,UMZ100,가축사육제한구역,0,0,,가축사육제한구역,20221008
경상남도 양산시 물금읍 범어리 2674번지,48330,25324,0,2674,0000,12649334,,,,1,용도지역코드,1023,제3종일반주거지역,1,0,,제3종일반주거지역,20221008
경상남도 양산시 물금읍 범어리 2674번지,48330,25324,0,2674,0000,1264100128041,,,,1,용도지역코드,UQA123,제3종일반주거지역,1,0,,제3종일반주거지역,20221008
경상남도 양산시 물금읍 범어리 2674번지,48330,25324,0,2674,0000,1264100128041,,,,3,용도구역코드,UQQ310,제1종지구단위계획구역,1,0,,제1종지구단위계획구역,20221008
경상남도 양산시 물금읍 범어리 2674번지,48330,25324,0,2674,0000,1264100128041,,,,3,용도구역코드,UMZ100,가축사육제한구역,0,0,,가축사육제한구역,20221008
경상남도 양산시 물금읍 범어리 2674번지,48330,25324,0,2674,0000,1264100128041,,,,3,용도구역코드,UOA120,상대보호구역,0,0,,상대보호구역,20221008
경상남도 양산시 물금읍 범어리 2674번지,48330,25324,0,2674,0000,1264100128041,,,,3,용도구역코드,UOA110,절대정화구역,0,0,,절대정화구역,20221008
경상남도 양산시 물금읍 범어리 2674번지,48330,25324,0,2674,0000,1264100033063,,,,1,용도지역코드,UQA123,제3종일반주거지역,1,0,,제3종일반주거지역,20221008
경상남도 양산시 물금읍 범어리 2674번지,48330,25324,0,2674,0000,1264100033063,,,,3,용도구역코드,UQQ310,제1종지구단위계획구역,1,0,,제1종지구단위계획구역,20221008
경상남도 양산시 물금읍 범어리 2675-1번지,48330,25324,0,2675,0001,1264100007847,,,,1,용도지역코드,1030,준주거지역,1,0,,준주거지역,20221008
경상남도 양산시 물금읍 범어리 2675-1번지,48330,25324,0,2675,0001,1264100118860,,,,1,용도지역코드,UQA130,준주거지역,1,0,,준주거지역,20221008
경상남도 양산시 물금읍 범어리 2675-1번지,48330,25324,0,2675,0001,1264100118860,,,,3,용도구역코드,UQQ300,지구단위계획구역,1,0,,지구단위계획구역,20221008
경상남도 양산시 물금읍 범어리 2675-1번지,48330,25324,0,2675,0001,1264100037412,,,,1,용도지역코드,UQA130,준주거지역,1,0,,준주거지역,20221008
경상남도 양산시 물금읍 범어리 2675-1번지,48330,25324,0,2675,0001,1264100037412,,,,3,용도구역코드,UQQ310,제1종지구단위계획구역,1,0,,제1종지구단위계획구역,20221008
경상남도 양산시 물금읍 범어리 2675-2번지,48330,25324,0,2675,0002,12649414,,,,1,용도지역코드,1030,준주거지역,1,0,,준주거지역,20221008
경상남도 양산시 물금읍 범어리 2675-2번지,48330,25324,0,2675,0002,12649414,,,,3,용도구역코드,301,제1종지구단위계획구역,1,0,,제1종지구단위계획구역,20221008
경상남도 양산시 물금읍 범어리 2675-3번지,48330,25324,0,2675,0003,1264100015775,,,,1,용도지역코드,1030,준주거지역,1,0,,준주거지역,20221008
경상남도 양산시 물금읍 범어리 2675-3번지,48330,25324,0,2675,0003,1264100015775,,,,3,용도구역코드,301,제1종지구단위계획구역,1,0,,제1종지구단위계획구역,20221008
경상남도 양산시 물금읍 범어리 2675-5번지,48330,25324,0,2675,0005,1264100016474,,,,1,용도지역코드,1030,준주거지역,1,0,,준주거지역,20221008
경상남도 양산시 물금읍 범어리 2675-5번지,48330,25324,0,2675,0005,1264100016474,,,,3,용도구역코드,301,제1종지구단위계획구역,1,0,,제1종지구단위계획구역,20221008
경상남도 양산시 물금읍 범어리 2678-1번지,48330,25324,0,2678,0001,1000000000000000957517,,,,3,용도구역코드,UQQ310,제1종지구단위계획구역,1,0,,제1종지구단위계획구역,20260527
경상남도 양산시 물금읍 범어리 2678-1번지,48330,25324,0,2678,0001,1000000000000000957517,,,,1,용도지역코드,UQA130,준주거지역,1,0,,준주거지역,20260527
경상남도 양산시 물금읍 범어리 2678-1번지,48330,25324,0,2678,0001,1264100043502,,,,1,용도지역코드,UQA130,준주거지역,1,0,,준주거지역,20221008
경상남도 양산시 물금읍 범어리 2678-1번지,48330,25324,0,2678,0001,1264100043502,,,,3,용도구역코드,UQQ310,제1종지구단위계획구역,1,0,,제1종지구단위계획구역,20221008
경상남도 양산시 물금읍 범어리 2678-2번지,48330,25324,0,2678,0002,12649405,,,,1,용도지역코드,1030,준주거지역,1,0,,준주거지역,20221008
경상남도 양산시 물금읍 범어리 2678-2번지,48330,25324,0,2678,0002,12649405,,,,3,용도구역코드,301,제1종지구단위계획구역,1,0,,제1종지구단위계획구역,20221008
경상남도 양산시 물금읍 범어리 2678-4번지,48330,25324,0,2678,0004,1264100015514,,,,1,용도지역코드,1030,준주거지역,1,0,,준주거지역,20221008
경상남도 양산시 물금읍 범어리 2678-4번지,48330,25324,0,2678,0004,1264100015514,,,,3,용도구역코드,301,제1종지구단위계획구역,1,0,,제1종지구단위계획구역,20221008
경상남도 양산시 물금읍 범어리 2678-6번지,48330,25324,0,2678,0006,1264100008873,,,,1,용도지역코드,1030,준주거지역,1,0,,준주거지역,20221008
경상남도 양산시 물금읍 범어리 2678-6번지,48330,25324,0,2678,0006,1264100008873,,,,3,용도구역코드,301,제1종지구단위계획구역,1,0,,제1종지구단위계획구역,20221008
경상남도 양산시 물금읍 범어리 2678-6번지,48330,25324,0,2678,0006,1264100013813,,,,1,용도지역코드,1030,준주거지역,1,0,,준주거지역,20221008
경상남도 양산시 물금읍 범어리 2678-6번지,48330,25324,0,2678,0006,1264100013813,,,,3,용도구역코드,301,제1종지구단위계획구역,1,0,,제1종지구단위계획구역,20221008
경상남도 양산시 물금읍 범어리 2679-1번지,48330,25324,0,2679,0001,1264100157832,,,,1,용도지역코드,UOA110,절대보호구역,0,0,,절대보호구역,20240603
경상남도 양산시 물금읍 범어리 2679-1번지,48330,25324,0,2679,0001,1264100157832,,,,3,용도구역코드,UQQ310,제1종지구단위계획구역,1,0,,제1종지구단위계획구역,20240603
경상남도 양산시 물금읍 범어리 2679-1번지,48330,25324,0,2679,0001,1264100157832,,,,3,용도구역코드,UOA120,상대보호구역,0,0,,상대보호구역,20240603
경상남도 양산시 물금읍 범어리 2679-1번지,48330,25324,0,2679,0001,1264100157832,,,,1,용도지역코드,UQA121,제1종일반주거지역,1,0,,제1종일반주거지역,20240603
경상남도 양산시 물금읍 범어리 2679-1번지,48330,25324,0,2679,0001,1264100157832,,,,3,용도구역코드,UMZ100,가축사육제한구역,0,0,,가축사육제한구역,20240603
경상남도 양산시 물금읍 범어리 2679-2번지,48330,25324,0,2679,0002,1264100053235,,,,1,용도지역코드,UQA121,제1종일반주거지역,1,0,,제1종일반주거지역,20221008
경상남도 양산시 물금읍 범어리 2679-2번지,48330,25324,0,2679,0002,1264100020198,,,,1,용도지역코드,UQA121,제1종일반주거지역,1,0,,제1종일반주거지역,20221008
경상남도 양산시 물금읍 범어리 2679-2번지,48330,25324,0,2679,0002,1264100054208,,,,1,용도지역코드,UQA121,제1종일반주거지역,1,0,,제1종일반주거지역,20221008
경상남도 양산시 물금읍 범어리 2679-3번지,48330,25324,0,2679,0003,1264100121319,,,,1,용도지역코드,UQA121,제1종일반주거지역,1,0,,제1종일반주거지역,20221008
경상남도 양산시 물금읍 범어리 2679-3번지,48330,25324,0,2679,0003,1264100121319,,,,3,용도구역코드,UQQ310,제1종지구단위계획구역,1,0,,제1종지구단위계획구역,20221008
경상남도 양산시 물금읍 범어리 2680-1번지,48330,25324,0,2680,0001,1264100050246,,,,1,용도지역코드,UQA121,제1종일반주거지역,1,0,,제1종일반주거지역,20221008
경상남도 양산시 물금읍 범어리 2680-1번지,48330,25324,0,2680,0001,1264100050246,,,,3,용도구역코드,UQQ310,제1종지구단위계획구역,1,0,,제1종지구단위계획구역,20221008
경상남도 양산시 물금읍 범어리 2680-1번지,48330,25324,0,2680,0001,1264100050246,,,,3,용도구역코드,UOA120,상대보호구역,0,0,,상대정화구역,20221008
경상남도 양산시 물금읍 범어리 2680-1번지,48330,25324,0,2680,0001,1264100005369,,,,1,용도지역코드,1021,제1종일반주거지역,1,0,,제1종일반주거지역,20221008
경상남도 양산시 물금읍 범어리 2680-1번지,48330,25324,0,2680,0001,1264100005369,,,,2,용도지구코드,,,1,0,,,20221008
경상남도 양산시 물금읍 범어리 2680-1번지,48330,25324,0,2680,0001,1264100005369,,,,3,용도구역코드,301,제1종지구단위계획구역,1,0,,제1종지구단위계획구역,20221008
경상남도 양산시 물금읍 범어리 2680-2번지,48330,25324,0,2680,0002,1264100003811,,,,1,용도지역코드,1020,일반주거지역,1,0,,일반주거지역,20221008
경상남도 양산시 물금읍 범어리 2680-2번지,48330,25324,0,2680,0002,1264100003811,,,,1,용도지역코드,1021,제1종일반주거지역,0,0,,제1종일반주거지역,20221008
경상남도 양산시 물금읍 범어리 2680-2번지,48330,25324,0,2680,0002,1264100003811,,,,2,용도지구코드,160,택지개발지구,1,0,,택지개발지구,20221008
경상남도 양산시 물금읍 범어리 2680-3번지,48330,25324,0,2680,0003,1264100029393,,,,1,용도지역코드,UQA121,제1종일반주거지역,1,0,,제1종일반주거지역,20221008
경상남도 양산시 물금읍 범어리 2680-3번지,48330,25324,0,2680,0003,1264100029393,,,,3,용도구역코드,UQQ310,제1종지구단위계획구역,1,0,,제1종지구단위계획구역,20221008
경상남도 양산시 물금읍 범어리 2680-3번지,48330,25324,0,2680,0003,12649415,,,,1,용도지역코드,1021,제1종일반주거지역,1,0,,제1종일반주거지역,20221008
경상남도 양산시 물금읍 범어리 2680-3번지,48330,25324,0,2680,0003,12649415,,,,3,용도구역코드,301,제1종지구단위계획구역,1,0,,제1종지구단위계획구역,20221008
경상남도 양산시 물금읍 범어리 2680-4번지,48330,25324,0,2680,0004,1264100003847,,,,1,용도지역코드,1021,제1종일반주거지역,1,0,,제1종일반주거지역,20221008
경상남도 양산시 물금읍 범어리 2680-5번지,48330,25324,0,2680,0005,12649418,,,,1,용도지역코드,1021,제1종일반주거지역,1,0,,제1종일반주거지역,20221008
경상남도 양산시 물금읍 범어리 2680-5번지,48330,25324,0,2680,0005,12649418,,,,3,용도구역코드,010,도시계획구역,1,0,,도시계획구역,20221008
경상남도 양산시 물금읍 범어리 2680-5번지,48330,25324,0,2680,0005,12649418,,,,3,용도구역코드,301,제1종지구단위계획구역,0,0,,제1종지구단위계획구역,20221008
경상남도 양산시 물금읍 범어리 2680-6번지,48330,25324,0,2680,0006,1264100030163,,,,1,용도지역코드,UQA121,제1종일반주거지역,1,0,,제1종일반주거지역,20221008
경상남도 양산시 물금읍 범어리 2680-6번지,48330,25324,0,2680,0006,1264100030163,,,,3,용도구역코드,UQQ310,제1종지구단위계획구역,1,0,,제1종지구단위계획구역,20221008
경상남도 양산시 물금읍 범어리 2680-7번지,48330,25324,0,2680,0007,1264100014695,,,,1,용도지역코드,1021,제1종일반주거지역,1,0,,제1종일반주거지역,20221008
경상남도 양산시 물금읍 범어리 2680-8번지,48330,25324,0,2680,0008,12649419,,,,1,용도지역코드,1021,제1종일반주거지역,1,0,,제1종일반주거지역,20221008
경상남도 양산시 물금읍 범어리 2680-8번지,48330,25324,0,2680,0008,12649419,,,,3,용도구역코드,301,제1종지구단위계획구역,1,0,,제1종지구단위계획구역,20221008
경상남도 양산시 물금읍 범어리 2680-10번지,48330,25324,0,2680,0010,1264100004205,,,,1,용도지역코드,1021,제1종일반주거지역,1,0,,제1종일반주거지역,20221008
경상남도 양산시 물금읍 범어리 2680-10번지,48330,25324,0,2680,0010,1264100004205,,,,3,용도구역코드,301,제1종지구단위계획구역,1,0,,제1종지구단위계획구역,20221008
경상남도 양산시 물금읍 범어리 2680-11번지,48330,25324,0,2680,0011,1264100022546,,,,1,용도지역코드,UQA121,제1종일반주거지역,1,0,,제1종일반주거지역,20221008
경상남도 양산시 물금읍 범어리 2680-11번지,48330,25324,0,2680,0011,1264100022546,,,,3,용도구역코드,UQQ310,제1종지구단위계획구역,1,0,,제1종지구단위계획구역,20221008
경상남도 양산시 물금읍 범어리 2680-12번지,48330,25324,0,2680,0012,1264100037053,,,,1,용도지역코드,UQA121,제1종일반주거지역,1,0,,제1종일반주거지역,20221008
경상남도 양산시 물금읍 범어리 2680-12번지,48330,25324,0,2680,0012,1264100037053,,,,3,용도구역코드,UQQ310,제1종지구단위계획구역,1,0,,제1종지구단위계획구역,20221008
경상남도 양산시 물금읍 범어리 2680-12번지,48330,25324,0,2680,0012,1264100037053,,,,3,용도구역코드,UOA120,상대보호구역,0,0,,상대정화구역,20221008
경상남도 양산시 물금읍 범어리 2680-13번지,48330,25324,0,2680,0013,12649420,,,,1,용도지역코드,1021,제1종일반주거지역,1,0,,제1종일반주거지역,20221008
경상남도 양산시 물금읍 범어리 2680-13번지,48330,25324,0,2680,0013,12649420,,,,3,용도구역코드,010,도시계획구역,1,0,,도시계획구역,20221008
경상남도 양산시 물금읍 범어리 2680-13번지,48330,25324,0,2680,0013,12649420,,,,3,용도구역코드,301,제1종지구단위계획구역,0,0,,제1종지구단위계획구역,20221008
경상남도 양산시 물금읍 범어리 2680-14번지,48330,25324,0,2680,0014,1264100005370,,,,1,용도지역코드,1021,제1종일반주거지역,1,0,,제1종일반주거지역,20221008
경상남도 양산시 물금읍 범어리 2680-14번지,48330,25324,0,2680,0014,1264100005370,,,,3,용도구역코드,301,제1종지구단위계획구역,1,0,,제1종지구단위계획구역,20221008
경상남도 양산시 물금읍 범어리 2680-15번지,48330,25324,0,2680,0015,1264100023609,,,,1,용도지역코드,UQA121,제1종일반주거지역,1,0,,제1종일반주거지역,20221008
경상남도 양산시 물금읍 범어리 2680-15번지,48330,25324,0,2680,0015,1264100023609,,,,3,용도구역코드,UQQ310,제1종지구단위계획구역,1,0,,제1종지구단위계획구역,20221008
경상남도 양산시 물금읍 범어리 2680-16번지,48330,25324,0,2680,0016,1264100007587,,,,1,용도지역코드,1021,제1종일반주거지역,1,0,,제1종일반주거지역,20221008
경상남도 양산시 물금읍 범어리 2680-16번지,48330,25324,0,2680,0016,1264100007587,,,,3,용도구역코드,301,제1종지구단위계획구역,1,0,,제1종지구단위계획구역,20221008
경상남도 양산시 물금읍 범어리 2681-1번지,48330,25324,0,2681,0001,1264100007650,,,,1,용도지역코드,1021,제1종일반주거지역,1,0,,제1종일반주거지역,20221008
경상남도 양산시 물금읍 범어리 2681-1번지,48330,25324,0,2681,0001,1264100007650,,,,3,용도구역코드,301,제1종지구단위계획구역,1,0,,제1종지구단위계획구역,20221008
경상남도 양산시 물금읍 범어리 2681-1번지,48330,25324,0,2681,0001,1264100036252,,,,3,용도구역코드,UQQ310,제1종지구단위계획구역,1,0,,제1종지구단위계획구역,20221008
경상남도 양산시 물금읍 범어리 2681-1번지,48330,25324,0,2681,0001,1264100036252,,,,1,용도지역코드,UQA121,제1종일반주거지역,1,0,,제1종일반주거지역,20221008
경상남도 양산시 물금읍 범어리 2681-2번지,48330,25324,0,2681,0002,1264100021567,,,,1,용도지역코드,UQA121,제1종일반주거지역,1,0,,제1종일반주거지역,20221008
경상남도 양산시 물금읍 범어리 2681-2번지,48330,25324,0,2681,0002,1264100021567,,,,3,용도구역코드,UQQ310,제1종지구단위계획구역,1,0,,제1종지구단위계획구역,20221008
경상남도 양산시 물금읍 범어리 2681-2번지,48330,25324,0,2681,0002,1264100013755,,,,1,용도지역코드,1021,제1종일반주거지역,1,0,,제1종일반주거지역,20221008
경상남도 양산시 물금읍 범어리 2681-2번지,48330,25324,0,2681,0002,1264100013755,,,,3,용도구역코드,301,제1종지구단위계획구역,1,0,,제1종지구단위계획구역,20221008
경상남도 양산시 물금읍 범어리 2681-3번지,48330,25324,0,2681,0003,1264100022809,,,,1,용도지역코드,UQA121,제1종일반주거지역,1,0,,제1종일반주거지역,20221008
경상남도 양산시 물금읍 범어리 2681-3번지,48330,25324,0,2681,0003,1264100022809,,,,3,용도구역코드,UQQ310,제1종지구단위계획구역,1,0,,제1종지구단위계획구역,20221008
경상남도 양산시 물금읍 범어리 2681-3번지,48330,25324,0,2681,0003,1264100015854,,,,1,용도지역코드,1021,제1종일반주거지역,1,0,,제1종일반주거지역,20221008
경상남도 양산시 물금읍 범어리 2681-3번지,48330,25324,0,2681,0003,1264100015854,,,,3,용도구역코드,301,제1종지구단위계획구역,1,0,,제1종지구단위계획구역,20221008
경상남도 양산시 물금읍 범어리 2681-4번지,48330,25324,0,2681,0004,1264100014374,,,,1,용도지역코드,1021,제1종일반주거지역,1,0,,제1종일반주거지역,20221008
경상남도 양산시 물금읍 범어리 2681-4번지,48330,25324,0,2681,0004,1264100014374,,,,3,용도구역코드,301,제1종지구단위계획구역,1,0,,제1종지구단위계획구역,20221008
경상남도 양산시 물금읍 범어리 2681-4번지,48330,25324,0,2681,0004,1264100019896,,,,1,용도지역코드,1021,제1종일반주거지역,1,0,,제1종일반주거지역,20221008
경상남도 양산시 물금읍 범어리 2681-4번지,48330,25324,0,2681,0004,1264100019896,,,,3,용도구역코드,301,제1종지구단위계획구역,1,0,,제1종지구단위계획구역,20221008
경상남도 양산시 물금읍 범어리 2681-5번지,48330,25324,0,2681,0005,1264100016896,,,,1,용도지역코드,1021,제1종일반주거지역,1,0,,제1종일반주거지역,20221008
경상남도 양산시 물금읍 범어리 2681-5번지,48330,25324,0,2681,0005,1264100016896,,,,3,용도구역코드,301,제1종지구단위계획구역,1,0,,제1종지구단위계획구역,20221008
경상남도 양산시 물금읍 범어리 2681-6번지,48330,25324,0,2681,0006,1264100065056,,,,1,용도지역코드,UQA121,제1종일반주거지역,1,0,,제1종일반주거지역,20221008
경상남도 양산시 물금읍 범어리 2681-6번지,48330,25324,0,2681,0006,1264100065056,,,,3,용도구역코드,UQQ310,제1종지구단위계획구역,1,0,,제1종지구단위계획구역,20221008
경상남도 양산시 물금읍 범어리 2681-6번지,48330,25324,0,2681,0006,1264100014555,,,,1,용도지역코드,1021,제1종일반주거지역,1,0,,제1종일반주거지역,20221008
경상남도 양산시 물금읍 범어리 2681-6번지,48330,25324,0,2681,0006,1264100014555,,,,3,용도구역코드,301,제1종지구단위계획구역,1,0,,제1종지구단위계획구역,20221008
경상남도 양산시 물금읍 범어리 2681-7번지,48330,25324,0,2681,0007,1264100025834,,,,1,용도지역코드,UQA121,제1종일반주거지역,1,0,,제1종일반주거지역,20221008
경상남도 양산시 물금읍 범어리 2681-7번지,48330,25324,0,2681,0007,1264100025834,,,,3,용도구역코드,UQQ310,제1종지구단위계획구역,1,0,,제1종지구단위계획구역,20221008
경상남도 양산시 물금읍 범어리 2681-7번지,48330,25324,0,2681,0007,1264100008729,,,,1,용도지역코드,1021,제1종일반주거지역,1,0,,제1종일반주거지역,20221008
경상남도 양산시 물금읍 범어리 2681-7번지,48330,25324,0,2681,0007,1264100008729,,,,3,용도구역코드,301,제1종지구단위계획구역,1,0,,제1종지구단위계획구역,20221008
경상남도 양산시 물금읍 범어리 2681-8번지,48330,25324,0,2681,0008,1264100005930,,,,1,용도지역코드,1021,제1종일반주거지역,1,0,,제1종일반주거지역,20221008
경상남도 양산시 물금읍 범어리 2681-8번지,48330,25324,0,2681,0008,1264100005930,,,,3,용도구역코드,301,제1종지구단위계획구역,1,0,,제1종지구단위계획구역,20221008
경상남도 양산시 물금읍 범어리 2681-9번지,48330,25324,0,2681,0009,1264100069439,,,,1,용도지역코드,UQA121,제1종일반주거지역,1,0,,제1종일반주거지역,20221008
경상남도 양산시 물금읍 범어리 2681-9번지,48330,25324,0,2681,0009,1264100069439,,,,3,용도구역코드,UQQ310,제1종지구단위계획구역,1,0,,제1종지구단위계획구역,20221008
경상남도 양산시 물금읍 범어리 2681-9번지,48330,25324,0,2681,0009,1264100069439,,,,3,용도구역코드,UOA120,상대보호구역,0,0,,상대정화구역,20221008
경상남도 양산시 물금읍 범어리 2681-10번지,48330,25324,0,2681,0010,1264100031426,,,,1,용도지역코드,UQA121,제1종일반주거지역,1,0,,제1종일반주거지역,20221008
경상남도 양산시 물금읍 범어리 2681-10번지,48330,25324,0,2681,0010,1264100031426,,,,3,용도구역코드,UQQ300,지구단위계획구역,1,0,,지구단위계획구역,20221008
경상남도 양산시 물금읍 범어리 2681-11번지,48330,25324,0,2681,0011,1264100018499,,,,1,용도지역코드,1021,제1종일반주거지역,1,0,,제1종일반주거지역,20221008
경상남도 양산시 물금읍 범어리 2681-11번지,48330,25324,0,2681,0011,1264100018499,,,,3,용도구역코드,301,제1종지구단위계획구역,1,0,,제1종지구단위계획구역,20221008
경상남도 양산시 물금읍 범어리 2681-12번지,48330,25324,0,2681,0012,1264100044866,,,,1,용도지역코드,UQA121,제1종일반주거지역,1,0,,제1종일반주거지역,20221008
경상남도 양산시 물금읍 범어리 2681-12번지,48330,25324,0,2681,0012,1264100044866,,,,3,용도구역코드,UQQ310,제1종지구단위계획구역,1,0,,제1종지구단위계획구역,20221008
경상남도 양산시 물금읍 범어리 2681-12번지,48330,25324,0,2681,0012,1264100044866,,,,3,용도구역코드,UOA120,상대보호구역,0,0,,상대정화구역,20221008
경상남도 양산시 물금읍 범어리 2681-12번지,48330,25324,0,2681,0012,1264100013552,,,,1,용도지역코드,1021,제1종일반주거지역,1,0,,제1종일반주거지역,20221008
경상남도 양산시 물금읍 범어리 2681-12번지,48330,25324,0,2681,0012,1264100013552,,,,3,용도구역코드,301,제1종지구단위계획구역,1,0,,제1종지구단위계획구역,20221008
경상남도 양산시 물금읍 범어리 2681-13번지,48330,25324,0,2681,0013,1264100030578,,,,1,용도지역코드,UQA121,제1종일반주거지역,1,0,,제1종일반주거지역,20221008
경상남도 양산시 물금읍 범어리 2681-13번지,48330,25324,0,2681,0013,1264100030578,,,,3,용도구역코드,UQQ300,지구단위계획구역,1,0,,지구단위계획구역,20221008
경상남도 양산시 물금읍 범어리 2681-14번지,48330,25324,0,2681,0014,1264100015139,,,,1,용도지역코드,1021,제1종일반주거지역,1,0,,제1종일반주거지역,20221008
경상남도 양산시 물금읍 범어리 2681-14번지,48330,25324,0,2681,0014,1264100015139,,,,3,용도구역코드,301,제1종지구단위계획구역,1,0,,제1종지구단위계획구역,20221008
경상남도 양산시 물금읍 범어리 2681-15번지,48330,25324,0,2681,0015,1264100045927,,,,3,용도구역코드,UOA120,상대보호구역,0,0,,상대정화구역,20221008
경상남도 양산시 물금읍 범어리 2681-15번지,48330,25324,0,2681,0015,1264100045927,,,,1,용도지역코드,UQA121,제1종일반주거지역,1,0,,제1종일반주거지역,20221008
경상남도 양산시 물금읍 범어리 2681-15번지,48330,25324,0,2681,0015,1264100045927,,,,3,용도구역코드,UQQ310,제1종지구단위계획구역,1,0,,제1종지구단위계획구역,20221008
경상남도 양산시 물금읍 범어리 2681-16번지,48330,25324,0,2681,0016,12649398,,,,1,용도지역코드,1021,제1종일반주거지역,1,0,,제1종일반주거지역,20221008
경상남도 양산시 물금읍 범어리 2682-1번지,48330,25324,0,2682,0001,1264100026130,,,,1,용도지역코드,UQA121,제1종일반주거지역,1,0,,제1종일반주거지역,20221008
경상남도 양산시 물금읍 범어리 2682-1번지,48330,25324,0,2682,0001,1264100026130,,,,3,용도구역코드,UQQ310,제1종지구단위계획구역,1,0,,제1종지구단위계획구역,20221008
경상남도 양산시 물금읍 범어리 2682-2번지,48330,25324,0,2682,0002,1264100027551,,,,3,용도구역코드,UQQ310,제1종지구단위계획구역,1,0,,제1종지구단위계획구역,20221008
경상남도 양산시 물금읍 범어리 2682-2번지,48330,25324,0,2682,0002,1264100027551,,,,1,용도지역코드,UQA121,제1종일반주거지역,1,0,,제1종일반주거지역,20221008
경상남도 양산시 물금읍 범어리 2682-3번지,48330,25324,0,2682,0003,1264100051631,,,,1,용도지역코드,UQA121,제1종일반주거지역,1,0,,제1종일반주거지역,20221008
경상남도 양산시 물금읍 범어리 2682-3번지,48330,25324,0,2682,0003,1264100051631,,,,3,용도구역코드,UQQ310,제1종지구단위계획구역,1,0,,제1종지구단위계획구역,20221008
경상남도 양산시 물금읍 범어리 2682-3번지,48330,25324,0,2682,0003,1264100051631,,,,3,용도구역코드,UOA120,상대보호구역,0,0,,상대정화구역,20221008
경상남도 양산시 물금읍 범어리 2682-4번지,48330,25324,0,2682,0004,1264100008617,,,,1,용도지역코드,1021,제1종일반주거지역,1,0,,제1종일반주거지역,20221008
경상남도 양산시 물금읍 범어리 2682-4번지,48330,25324,0,2682,0004,1264100008617,,,,3,용도구역코드,301,제1종지구단위계획구역,1,0,,제1종지구단위계획구역,20221008
경상남도 양산시 물금읍 범어리 2682-5번지,48330,25324,0,2682,0005,1264100019077,,,,3,용도구역코드,301,제1종지구단위계획구역,1,0,,제1종지구단위계획구역,20221008
경상남도 양산시 물금읍 범어리 2682-5번지,48330,25324,0,2682,0005,1264100019077,,,,3,용도구역코드,272,상대정화구역,0,0,,상대정화구역,20221008
경상남도 양산시 물금읍 범어리 2682-5번지,48330,25324,0,2682,0005,1264100019077,,,,1,용도지역코드,1021,제1종일반주거지역,1,0,,제1종일반주거지역,20221008
경상남도 양산시 물금읍 범어리 2682-5번지,48330,25324,0,2682,0005,1264100012595,,,,1,용도지역코드,1021,제1종일반주거지역,1,0,,제1종일반주거지역,20221008
경상남도 양산시 물금읍 범어리 2682-5번지,48330,25324,0,2682,0005,1264100012595,,,,3,용도구역코드,301,제1종지구단위계획구역,1,0,,제1종지구단위계획구역,20221008
경상남도 양산시 물금읍 범어리 2682-5번지,48330,25324,0,2682,0005,1264100012595,,,,3,용도구역코드,272,상대정화구역,0,0,,상대정화구역,20221008
경상남도 양산시 물금읍 범어리 2682-5번지,48330,25324,0,2682,0005,1264100040082,,,,1,용도지역코드,UQA121,제1종일반주거지역,1,0,,제1종일반주거지역,20221008
경상남도 양산시 물금읍 범어리 2682-5번지,48330,25324,0,2682,0005,1264100040082,,,,3,용도구역코드,UQQ310,제1종지구단위계획구역,1,0,,제1종지구단위계획구역,20221008
경상남도 양산시 물금읍 범어리 2682-5번지,48330,25324,0,2682,0005,1264100040082,,,,3,용도구역코드,UOA120,상대보호구역,0,0,,상대정화구역,20221008
경상남도 양산시 물금읍 범어리 2682-6번지,48330,25324,0,2682,0006,1264100009730,,,,1,용도지역코드,1021,제1종일반주거지역,1,0,,제1종일반주거지역,20221008
경상남도 양산시 물금읍 범어리 2682-6번지,48330,25324,0,2682,0006,1264100009730,,,,3,용도구역코드,301,제1종지구단위계획구역,1,0,,제1종지구단위계획구역,20221008
경상남도 양산시 물금읍 범어리 2682-7번지,48330,25324,0,2682,0007,1264100015137,,,,1,용도지역코드,1021,제1종일반주거지역,1,0,,제1종일반주거지역,20221008
경상남도 양산시 물금읍 범어리 2682-8번지,48330,25324,0,2682,0008,1000000000000000476143,,,,1,용도지역코드,UQA121,제1종일반주거지역,1,0,,제1종일반주거지역,20240314
경상남도 양산시 물금읍 범어리 2682-8번지,48330,25324,0,2682,0008,1264100022908,,,,1,용도지역코드,UQA121,제1종일반주거지역,1,0,,제1종일반주거지역,20221008
경상남도 양산시 물금읍 범어리 2682-8번지,48330,25324,0,2682,0008,1264100022908,,,,3,용도구역코드,UQQ310,제1종지구단위계획구역,1,0,,제1종지구단위계획구역,20221008
경상남도 양산시 물금읍 범어리 2682-8번지,48330,25324,0,2682,0008,1264100022908,,,,3,용도구역코드,UOA120,상대보호구역,0,0,,상대정화구역,20221008
경상남도 양산시 물금읍 범어리 2682-9번지,48330,25324,0,2682,0009,1264100020941,,,,1,용도지역코드,1021,제1종일반주거지역,1,0,,제1종일반주거지역,20221008
경상남도 양산시 물금읍 범어리 2682-9번지,48330,25324,0,2682,0009,1264100020941,,,,3,용도구역코드,301,제1종지구단위계획구역,1,0,,제1종지구단위계획구역,20221008
경상남도 양산시 물금읍 범어리 2682-9번지,48330,25324,0,2682,0009,1264100020941,,,,3,용도구역코드,272,상대정화구역,0,0,,상대정화구역,20221008
경상남도 양산시 물금읍 범어리 2682-10번지,48330,25324,0,2682,0010,1264100038353,,,,1,용도지역코드,UQA121,제1종일반주거지역,1,0,,제1종일반주거지역,20221008
경상남도 양산시 물금읍 범어리 2682-10번지,48330,25324,0,2682,0010,1264100038353,,,,3,용도구역코드,UQQ310,제1종지구단위계획구역,1,0,,제1종지구단위계획구역,20221008
경상남도 양산시 물금읍 범어리 2682-11번지,48330,25324,0,2682,0011,1264100026251,,,,1,용도지역코드,UQA121,제1종일반주거지역,1,0,,제1종일반주거지역,20221008
경상남도 양산시 물금읍 범어리 2682-11번지,48330,25324,0,2682,0011,1264100026251,,,,3,용도구역코드,UQQ310,제1종지구단위계획구역,1,0,,제1종지구단위계획구역,20221008
경상남도 양산시 물금읍 범어리 2682-11번지,48330,25324,0,2682,0011,1264100026251,,,,3,용도구역코드,UOA120,상대보호구역,0,0,,상대정화구역,20221008
경상남도 양산시 물금읍 범어리 2682-12번지,48330,25324,0,2682,0012,1264100025589,,,,1,용도지역코드,UQA121,제1종일반주거지역,1,0,,제1종일반주거지역,20221008
경상남도 양산시 물금읍 범어리 2682-12번지,48330,25324,0,2682,0012,1264100025589,,,,3,용도구역코드,UQQ310,제1종지구단위계획구역,1,0,,제1종지구단위계획구역,20221008
경상남도 양산시 물금읍 범어리 2682-13번지,48330,25324,0,2682,0013,1264100032018,,,,1,용도지역코드,UQA121,제1종일반주거지역,1,0,,제1종일반주거지역,20221008
경상남도 양산시 물금읍 범어리 2682-13번지,48330,25324,0,2682,0013,1264100032018,,,,3,용도구역코드,UQQ310,제1종지구단위계획구역,1,0,,제1종지구단위계획구역,20221008
경상남도 양산시 물금읍 범어리 2682-13번지,48330,25324,0,2682,0013,1264100032018,,,,3,용도구역코드,UOA120,상대보호구역,0,0,,상대정화구역,20221008
경상남도 양산시 물금읍 범어리 2682-14번지,48330,25324,0,2682,0014,1264100025289,,,,1,용도지역코드,UQA121,제1종일반주거지역,1,0,,제1종일반주거지역,20221008
경상남도 양산시 물금읍 범어리 2682-14번지,48330,25324,0,2682,0014,1264100025289,,,,3,용도구역코드,UQQ310,제1종지구단위계획구역,1,0,,제1종지구단위계획구역,20221008
경상남도 양산시 물금읍 범어리 2682-14번지,48330,25324,0,2682,0014,1264100025289,,,,3,용도구역코드,UOA120,상대보호구역,0,0,,상대정화구역,20221008
경상남도 양산시 물금읍 범어리 2682-15번지,48330,25324,0,2682,0015,1264100029771,,,,1,용도지역코드,UQA121,제1종일반주거지역,1,0,,제1종일반주거지역,20221008
경상남도 양산시 물금읍 범어리 2682-15번지,48330,25324,0,2682,0015,1264100029771,,,,3,용도구역코드,UQQ310,제1종지구단위계획구역,1,0,,제1종지구단위계획구역,20221008
경상남도 양산시 물금읍 범어리 2682-15번지,48330,25324,0,2682,0015,1264100029771,,,,3,용도구역코드,UOA120,상대보호구역,0,0,,상대정화구역,20221008
경상남도 양산시 물금읍 범어리 2682-16번지,48330,25324,0,2682,0016,1264100031801,,,,1,용도지역코드,UQA121,제1종일반주거지역,1,0,,제1종일반주거지역,20221008
경상남도 양산시 물금읍 범어리 2682-16번지,48330,25324,0,2682,0016,1264100031801,,,,3,용도구역코드,UQQ310,제1종지구단위계획구역,1,0,,제1종지구단위계획구역,20221008
경상남도 양산시 물금읍 범어리 2683-1번지,48330,25324,0,2683,0001,1264100029512,,,,1,용도지역코드,UQA121,제1종일반주거지역,1,0,,제1종일반주거지역,20221008
경상남도 양산시 물금읍 범어리 2683-1번지,48330,25324,0,2683,0001,1264100029512,,,,3,용도구역코드,UQQ310,제1종지구단위계획구역,1,0,,제1종지구단위계획구역,20221008
경상남도 양산시 물금읍 범어리 2683-2번지,48330,25324,0,2683,0002,1264100019098,,,,3,용도구역코드,301,제1종지구단위계획구역,1,0,,제1종지구단위계획구역,20221008
경상남도 양산시 물금읍 범어리 2683-2번지,48330,25324,0,2683,0002,1264100019098,,,,1,용도지역코드,1021,제1종일반주거지역,1,0,,제1종일반주거지역,20221008
경상남도 양산시 물금읍 범어리 2683-3번지,48330,25324,0,2683,0003,1264100019162,,,,1,용도지역코드,1021,제1종일반주거지역,1,0,,제1종일반주거지역,20221008
경상남도 양산시 물금읍 범어리 2683-3번지,48330,25324,0,2683,0003,1264100019162,,,,3,용도구역코드,301,제1종지구단위계획구역,1,0,,제1종지구단위계획구역,20221008
경상남도 양산시 물금읍 범어리 2683-3번지,48330,25324,0,2683,0003,1264100019162,,,,3,용도구역코드,272,상대정화구역,0,0,,상대정화구역,20221008
경상남도 양산시 물금읍 범어리 2683-5번지,48330,25324,0,2683,0005,1264100021197,,,,1,용도지역코드,1021,제1종일반주거지역,1,0,,제1종일반주거지역,20221008
경상남도 양산시 물금읍 범어리 2683-5번지,48330,25324,0,2683,0005,1264100021197,,,,3,용도구역코드,301,제1종지구단위계획구역,1,0,,제1종지구단위계획구역,20221008
경상남도 양산시 물금읍 범어리 2683-6번지,48330,25324,0,2683,0006,1264100020940,,,,1,용도지역코드,1021,제1종일반주거지역,1,0,,제1종일반주거지역,20221008
경상남도 양산시 물금읍 범어리 2683-6번지,48330,25324,0,2683,0006,1264100020940,,,,3,용도구역코드,301,제1종지구단위계획구역,1,0,,제1종지구단위계획구역,20221008
경상남도 양산시 물금읍 범어리 2683-7번지,48330,25324,0,2683,0007,1264100034837,,,,1,용도지역코드,UQA121,제1종일반주거지역,1,0,,제1종일반주거지역,20221008
경상남도 양산시 물금읍 범어리 2683-7번지,48330,25324,0,2683,0007,1264100034837,,,,3,용도구역코드,UQQ310,제1종지구단위계획구역,1,0,,제1종지구단위계획구역,20221008
경상남도 양산시 물금읍 범어리 2683-7번지,48330,25324,0,2683,0007,1264100034837,,,,3,용도구역코드,UOA120,상대보호구역,0,0,,상대정화구역,20221008
경상남도 양산시 물금읍 범어리 2683-8번지,48330,25324,0,2683,0008,1264100022610,,,,1,용도지역코드,UQA121,제1종일반주거지역,1,0,,제1종일반주거지역,20221008
경상남도 양산시 물금읍 범어리 2683-8번지,48330,25324,0,2683,0008,1264100022610,,,,3,용도구역코드,UQQ310,제1종지구단위계획구역,1,0,,제1종지구단위계획구역,20221008
경상남도 양산시 물금읍 범어리 2683-9번지,48330,25324,0,2683,0009,1264100031119,,,,3,용도구역코드,UQQ310,제1종지구단위계획구역,1,0,,제1종지구단위계획구역,20221008
경상남도 양산시 물금읍 범어리 2683-9번지,48330,25324,0,2683,0009,1264100031119,,,,3,용도구역코드,UOA120,상대보호구역,0,0,,상대정화구역,20221008
경상남도 양산시 물금읍 범어리 2683-9번지,48330,25324,0,2683,0009,1264100031119,,,,1,용도지역코드,UQA121,제1종일반주거지역,1,0,,제1종일반주거지역,20221008
경상남도 양산시 물금읍 범어리 2683-10번지,48330,25324,0,2683,0010,1264100023606,,,,1,용도지역코드,UQA121,제1종일반주거지역,1,0,,제1종일반주거지역,20221008
경상남도 양산시 물금읍 범어리 2683-10번지,48330,25324,0,2683,0010,1264100023606,,,,3,용도구역코드,UQQ310,제1종지구단위계획구역,1,0,,제1종지구단위계획구역,20221008
경상남도 양산시 물금읍 범어리 2683-10번지,48330,25324,0,2683,0010,1264100023606,,,,3,용도구역코드,UOA120,상대보호구역,0,0,,상대정화구역,20221008
경상남도 양산시 물금읍 범어리 2683-11번지,48330,25324,0,2683,0011,1264100019640,,,,1,용도지역코드,1021,제1종일반주거지역,1,0,,제1종일반주거지역,20221008
경상남도 양산시 물금읍 범어리 2683-11번지,48330,25324,0,2683,0011,1264100019640,,,,3,용도구역코드,301,제1종지구단위계획구역,1,0,,제1종지구단위계획구역,20221008
경상남도 양산시 물금읍 범어리 2683-11번지,48330,25324,0,2683,0011,1264100006365,,,,1,용도지역코드,1021,제1종일반주거지역,1,0,,제1종일반주거지역,20221008
경상남도 양산시 물금읍 범어리 2683-11번지,48330,25324,0,2683,0011,1264100006365,,,,3,용도구역코드,301,제1종지구단위계획구역,1,0,,제1종지구단위계획구역,20221008
경상남도 양산시 물금읍 범어리 2683-12번지,48330,25324,0,2683,0012,1264100007165,,,,1,용도지역코드,1021,제1종일반주거지역,1,0,,제1종일반주거지역,20221008
경상남도 양산시 물금읍 범어리 2683-13번지,48330,25324,0,2683,0013,1264100051936,,,,1,용도지역코드,UQA121,제1종일반주거지역,1,0,,제1종일반주거지역,20221008
경상남도 양산시 물금읍 범어리 2683-13번지,48330,25324,0,2683,0013,1264100051936,,,,3,용도구역코드,UQQ310,제1종지구단위계획구역,1,0,,제1종지구단위계획구역,20221008
경상남도 양산시 물금읍 범어리 2683-13번지,48330,25324,0,2683,0013,1264100051936,,,,3,용도구역코드,UOA120,상대보호구역,0,0,,상대정화구역,20221008
경상남도 양산시 물금읍 범어리 2683-14번지,48330,25324,0,2683,0014,1264100019796,,,,1,용도지역코드,1021,제1종일반주거지역,1,0,,제1종일반주거지역,20221008
경상남도 양산시 물금읍 범어리 2683-14번지,48330,25324,0,2683,0014,1264100019796,,,,3,용도구역코드,301,제1종지구단위계획구역,1,0,,제1종지구단위계획구역,20221008
경상남도 양산시 물금읍 범어리 2683-15번지,48330,25324,0,2683,0015,1264100020505,,,,1,용도지역코드,1021,제1종일반주거지역,1,0,,제1종일반주거지역,20221008
경상남도 양산시 물금읍 범어리 2683-15번지,48330,25324,0,2683,0015,1264100020505,,,,3,용도구역코드,301,제1종지구단위계획구역,1,0,,제1종지구단위계획구역,20221008
경상남도 양산시 물금읍 범어리 2683-15번지,48330,25324,0,2683,0015,1264100004466,,,,1,용도지역코드,1021,제1종일반주거지역,1,0,,제1종일반주거지역,20221008
경상남도 양산시 물금읍 범어리 2683-16번지,48330,25324,0,2683,0016,1264100015394,,,,1,용도지역코드,1021,제1종일반주거지역,1,0,,제1종일반주거지역,20221008
경상남도 양산시 물금읍 범어리 2684-1번지,48330,25324,0,2684,0001,1264100028170,,,,1,용도지역코드,UQA121,제1종일반주거지역,1,0,,제1종일반주거지역,20221008
경상남도 양산시 물금읍 범어리 2684-1번지,48330,25324,0,2684,0001,1264100028170,,,,3,용도구역코드,UQQ310,제1종지구단위계획구역,1,0,,제1종지구단위계획구역,20221008
경상남도 양산시 물금읍 범어리 2684-2번지,48330,25324,0,2684,0002,1264100075479,,,,1,용도지역코드,UQA121,제1종일반주거지역,1,0,,제1종일반주거지역,20221008
경상남도 양산시 물금읍 범어리 2684-2번지,48330,25324,0,2684,0002,1264100075479,,,,3,용도구역코드,UQQ310,제1종지구단위계획구역,1,0,,제1종지구단위계획구역,20221008
경상남도 양산시 물금읍 범어리 2684-2번지,48330,25324,0,2684,0002,1264100075479,,,,3,용도구역코드,UOA110,절대정화구역,0,0,,절대정화구역,20221008
경상남도 양산시 물금읍 범어리 2684-2번지,48330,25324,0,2684,0002,1264100075479,,,,3,용도구역코드,UOA120,상대보호구역,0,0,,상대정화구역,20221008
경상남도 양산시 물금읍 범어리 2684-3번지,48330,25324,0,2684,0003,1264100036812,,,,1,용도지역코드,UQA121,제1종일반주거지역,1,0,,제1종일반주거지역,20221008
경상남도 양산시 물금읍 범어리 2684-3번지,48330,25324,0,2684,0003,1264100036812,,,,3,용도구역코드,UQQ310,제1종지구단위계획구역,1,0,,제1종지구단위계획구역,20221008
경상남도 양산시 물금읍 범어리 2684-4번지,48330,25324,0,2684,0004,1264100013633,,,,1,용도지역코드,1021,제1종일반주거지역,1,0,,제1종일반주거지역,20221008
경상남도 양산시 물금읍 범어리 2684-4번지,48330,25324,0,2684,0004,1264100013633,,,,3,용도구역코드,301,제1종지구단위계획구역,1,0,,제1종지구단위계획구역,20221008
경상남도 양산시 물금읍 범어리 2684-5번지,48330,25324,0,2684,0005,1264100045627,,,,1,용도지역코드,UQA121,제1종일반주거지역,1,0,,제1종일반주거지역,20221008
경상남도 양산시 물금읍 범어리 2684-5번지,48330,25324,0,2684,0005,1264100045627,,,,3,용도구역코드,UQQ310,제1종지구단위계획구역,1,0,,제1종지구단위계획구역,20221008
경상남도 양산시 물금읍 범어리 2684-5번지,48330,25324,0,2684,0005,1264100045627,,,,3,용도구역코드,UOA120,상대보호구역,0,0,,상대정화구역,20221008
경상남도 양산시 물금읍 범어리 2684-6번지,48330,25324,0,2684,0006,1264100029772,,,,1,용도지역코드,UQA121,제1종일반주거지역,1,0,,제1종일반주거지역,20221008
경상남도 양산시 물금읍 범어리 2684-6번지,48330,25324,0,2684,0006,1264100029772,,,,3,용도구역코드,UQQ310,제1종지구단위계획구역,1,0,,제1종지구단위계획구역,20221008
경상남도 양산시 물금읍 범어리 2684-6번지,48330,25324,0,2684,0006,1264100029772,,,,3,용도구역코드,UOA120,상대보호구역,0,0,,상대정화구역,20221008
경상남도 양산시 물금읍 범어리 2684-7번지,48330,25324,0,2684,0007,1264100033046,,,,1,용도지역코드,UQA121,제1종일반주거지역,1,0,,제1종일반주거지역,20221008
경상남도 양산시 물금읍 범어리 2684-7번지,48330,25324,0,2684,0007,1264100033046,,,,3,용도구역코드,UQQ310,제1종지구단위계획구역,1,0,,제1종지구단위계획구역,20221008
경상남도 양산시 물금읍 범어리 2684-7번지,48330,25324,0,2684,0007,1264100033046,,,,3,용도구역코드,UOA120,상대보호구역,0,0,,상대정화구역,20221008
경상남도 양산시 물금읍 범어리 2685-4번지,48330,25324,0,2685,0004,1264100027151,,,,1,용도지역코드,UQA121,제1종일반주거지역,1,0,,제1종일반주거지역,20221008
경상남도 양산시 물금읍 범어리 2685-4번지,48330,25324,0,2685,0004,1264100027151,,,,3,용도구역코드,UQQ310,제1종지구단위계획구역,1,0,,제1종지구단위계획구역,20221008
경상남도 양산시 물금읍 범어리 2685-4번지,48330,25324,0,2685,0004,1264100027151,,,,3,용도구역코드,UOA120,상대보호구역,0,0,,상대정화구역,20221008
경상남도 양산시 물금읍 범어리 2685-5번지,48330,25324,0,2685,0005,1264100029413,,,,1,용도지역코드,UQA121,제1종일반주거지역,1,0,,제1종일반주거지역,20221008
경상남도 양산시 물금읍 범어리 2685-5번지,48330,25324,0,2685,0005,1264100029413,,,,3,용도구역코드,UQQ310,제1종지구단위계획구역,1,0,,제1종지구단위계획구역,20221008
경상남도 양산시 물금읍 범어리 2685-5번지,48330,25324,0,2685,0005,1264100029413,,,,3,용도구역코드,UOA120,상대보호구역,0,0,,상대정화구역,20221008
경상남도 양산시 물금읍 범어리 2685-6번지,48330,25324,0,2685,0006,1264100028990,,,,3,용도구역코드,UQQ310,제1종지구단위계획구역,1,0,,제1종지구단위계획구역,20221008
경상남도 양산시 물금읍 범어리 2685-6번지,48330,25324,0,2685,0006,1264100028990,,,,3,용도구역코드,UOA120,상대보호구역,0,0,,상대정화구역,20221008
경상남도 양산시 물금읍 범어리 2685-6번지,48330,25324,0,2685,0006,1264100028990,,,,1,용도지역코드,UQA121,제1종일반주거지역,1,0,,제1종일반주거지역,20221008
경상남도 양산시 물금읍 범어리 2685-7번지,48330,25324,0,2685,0007,1264100016058,,,,1,용도지역코드,1021,제1종일반주거지역,1,0,,제1종일반주거지역,20221008
경상남도 양산시 물금읍 범어리 2685-7번지,48330,25324,0,2685,0007,1264100016058,,,,3,용도구역코드,301,제1종지구단위계획구역,1,0,,제1종지구단위계획구역,20221008
경상남도 양산시 물금읍 범어리 2685-7번지,48330,25324,0,2685,0007,1264100027555,,,,1,용도지역코드,UQA121,제1종일반주거지역,1,0,,제1종일반주거지역,20221008
경상남도 양산시 물금읍 범어리 2685-7번지,48330,25324,0,2685,0007,1264100027555,,,,3,용도구역코드,UQQ310,제1종지구단위계획구역,1,0,,제1종지구단위계획구역,20221008
경상남도 양산시 물금읍 범어리 2685-8번지,48330,25324,0,2685,0008,1264100051475,,,,1,용도지역코드,UQA121,제1종일반주거지역,1,0,,제1종일반주거지역,20221008
경상남도 양산시 물금읍 범어리 2685-8번지,48330,25324,0,2685,0008,1264100051475,,,,3,용도구역코드,UQQ310,제1종지구단위계획구역,1,0,,제1종지구단위계획구역,20221008
경상남도 양산시 물금읍 범어리 2685-9번지,48330,25324,0,2685,0009,1264100020197,,,,1,용도지역코드,1021,제1종일반주거지역,1,0,,제1종일반주거지역,20221008
경상남도 양산시 물금읍 범어리 2685-9번지,48330,25324,0,2685,0009,1264100020197,,,,3,용도구역코드,301,제1종지구단위계획구역,1,0,,제1종지구단위계획구역,20221008
경상남도 양산시 물금읍 범어리 2685-9번지,48330,25324,0,2685,0009,1264100013295,,,,1,용도지역코드,1021,제1종일반주거지역,1,0,,제1종일반주거지역,20221008
경상남도 양산시 물금읍 범어리 2685-9번지,48330,25324,0,2685,0009,1264100013975,,,,1,용도지역코드,1021,제1종일반주거지역,1,0,,제1종일반주거지역,20221008
경상남도 양산시 물금읍 범어리 2685-9번지,48330,25324,0,2685,0009,1264100013975,,,,3,용도구역코드,301,제1종지구단위계획구역,1,0,,제1종지구단위계획구역,20221008
경상남도 양산시 물금읍 범어리 2685-10번지,48330,25324,0,2685,0010,1264100025249,,,,1,용도지역코드,UQA121,제1종일반주거지역,1,0,,제1종일반주거지역,20221008
경상남도 양산시 물금읍 범어리 2685-10번지,48330,25324,0,2685,0010,1264100025249,,,,3,용도구역코드,UQQ310,제1종지구단위계획구역,1,0,,제1종지구단위계획구역,20221008
경상남도 양산시 물금읍 범어리 2685-12번지,48330,25324,0,2685,0012,1264100017756,,,,1,용도지역코드,1021,제1종일반주거지역,1,0,,제1종일반주거지역,20221008
경상남도 양산시 물금읍 범어리 2685-12번지,48330,25324,0,2685,0012,1264100017756,,,,3,용도구역코드,301,제1종지구단위계획구역,1,0,,제1종지구단위계획구역,20221008
경상남도 양산시 물금읍 범어리 2685-13번지,48330,25324,0,2685,0013,1264100022281,,,,1,용도지역코드,UQA121,제1종일반주거지역,1,0,,제1종일반주거지역,20221008
경상남도 양산시 물금읍 범어리 2685-13번지,48330,25324,0,2685,0013,1264100022281,,,,3,용도구역코드,UQQ310,제1종지구단위계획구역,1,0,,제1종지구단위계획구역,20221008
경상남도 양산시 물금읍 범어리 2685-13번지,48330,25324,0,2685,0013,1264100022281,,,,3,용도구역코드,UOA120,상대보호구역,0,0,,상대정화구역,20221008
경상남도 양산시 물금읍 범어리 2685-13번지,48330,25324,0,2685,0013,1264100022281,,,,3,용도구역코드,UOA110,절대정화구역,0,0,,절대정화구역,20221008
경상남도 양산시 물금읍 범어리 2685-14번지,48330,25324,0,2685,0014,1264100009130,,,,1,용도지역코드,1021,제1종일반주거지역,1,0,,제1종일반주거지역,20221008
경상남도 양산시 물금읍 범어리 2685-14번지,48330,25324,0,2685,0014,1264100009130,,,,3,용도구역코드,301,제1종지구단위계획구역,1,0,,제1종지구단위계획구역,20221008
경상남도 양산시 물금읍 범어리 2685-14번지,48330,25324,0,2685,0014,1264100027730,,,,1,용도지역코드,UQA121,제1종일반주거지역,1,0,,제1종일반주거지역,20221008
경상남도 양산시 물금읍 범어리 2685-14번지,48330,25324,0,2685,0014,1264100027730,,,,3,용도구역코드,UOA110,절대정화구역,,,,절대정화구역,20221008
경상남도 양산시 물금읍 범어리 2685-14번지,48330,25324,0,2685,0014,1264100027730,,,,3,용도구역코드,UQQ310,제1종지구단위계획구역,1,0,,제1종지구단위계획구역,20221008
경상남도 양산시 물금읍 범어리 2685-14번지,48330,25324,0,2685,0014,1264100027730,,,,3,용도구역코드,UOA120,상대보호구역,0,0,,상대정화구역,20221008
경상남도 양산시 물금읍 범어리 2686-1번지,48330,25324,0,2686,0001,1264100021982,,,,1,용도지역코드,UQA121,제1종일반주거지역,1,0,,제1종일반주거지역,20221008
경상남도 양산시 물금읍 범어리 2686-1번지,48330,25324,0,2686,0001,1264100021982,,,,3,용도구역코드,UQQ310,제1종지구단위계획구역,1,0,,제1종지구단위계획구역,20221008
경상남도 양산시 물금읍 범어리 2686-1번지,48330,25324,0,2686,0001,1264100021982,,,,3,용도구역코드,UOA120,상대보호구역,0,0,,상대정화구역,20221008
경상남도 양산시 물금읍 범어리 2686-3번지,48330,25324,0,2686,0003,1000000000000000440777,,,,1,용도지역코드,UQA121,제1종일반주거지역,1,0,,제1종일반주거지역,20241218
경상남도 양산시 물금읍 범어리 2686-3번지,48330,25324,0,2686,0003,1000000000000000440777,,,,3,용도구역코드,UOA120,상대보호구역,0,0,,상대보호구역,20241218
경상남도 양산시 물금읍 범어리 2686-3번지,48330,25324,0,2686,0003,1000000000000000440777,,,,3,용도구역코드,UMZ100,가축사육제한구역,0,0,,가축사육제한구역,20241218
경상남도 양산시 물금읍 범어리 2686-3번지,48330,25324,0,2686,0003,1000000000000000440777,,,,3,용도구역코드,UQQ310,제1종지구단위계획구역,1,0,,제1종지구단위계획구역,20241218
경상남도 양산시 물금읍 범어리 2686-3번지,48330,25324,0,2686,0003,1264100005288,,,,1,용도지역코드,1021,제1종일반주거지역,1,0,,제1종일반주거지역,20221008
경상남도 양산시 물금읍 범어리 2686-3번지,48330,25324,0,2686,0003,1264100005288,,,,3,용도구역코드,301,제1종지구단위계획구역,1,0,,제1종지구단위계획구역,20221008
경상남도 양산시 물금읍 범어리 2686-4번지,48330,25324,0,2686,0004,1264100010233,,,,1,용도지역코드,1021,제1종일반주거지역,1,0,,제1종일반주거지역,20221008
경상남도 양산시 물금읍 범어리 2686-4번지,48330,25324,0,2686,0004,1264100010233,,,,3,용도구역코드,301,제1종지구단위계획구역,1,0,,제1종지구단위계획구역,20221008
경상남도 양산시 물금읍 범어리 2686-5번지,48330,25324,0,2686,0005,1264100050210,,,,1,용도지역코드,UQA121,제1종일반주거지역,1,0,,제1종일반주거지역,20221008
경상남도 양산시 물금읍 범어리 2686-5번지,48330,25324,0,2686,0005,1264100050210,,,,3,용도구역코드,UQQ310,제1종지구단위계획구역,1,0,,제1종지구단위계획구역,20221008
경상남도 양산시 물금읍 범어리 2686-6번지,48330,25324,0,2686,0006,1264100038192,,,,1,용도지역코드,UQA121,제1종일반주거지역,1,0,,제1종일반주거지역,20221008
경상남도 양산시 물금읍 범어리 2686-6번지,48330,25324,0,2686,0006,1264100038192,,,,3,용도구역코드,UQQ310,제1종지구단위계획구역,1,0,,제1종지구단위계획구역,20221008
경상남도 양산시 물금읍 범어리 2686-8번지,48330,25324,0,2686,0008,1264100092621,,,,1,용도지역코드,UQA121,제1종일반주거지역,1,0,,제1종일반주거지역,20221008
경상남도 양산시 물금읍 범어리 2686-8번지,48330,25324,0,2686,0008,1264100092621,,,,3,용도구역코드,UQQ310,제1종지구단위계획구역,1,0,,제1종지구단위계획구역,20221008
경상남도 양산시 물금읍 범어리 2686-8번지,48330,25324,0,2686,0008,12649394,,,,1,용도지역코드,1021,제1종일반주거지역,1,0,,제1종일반주거지역,20221008
경상남도 양산시 물금읍 범어리 2686-8번지,48330,25324,0,2686,0008,12649394,,,,3,용도구역코드,301,제1종지구단위계획구역,1,0,,제1종지구단위계획구역,20221008
경상남도 양산시 물금읍 범어리 2686-9번지,48330,25324,0,2686,0009,1264100023587,,,,1,용도지역코드,UQA121,제1종일반주거지역,1,0,,제1종일반주거지역,20221008
경상남도 양산시 물금읍 범어리 2686-9번지,48330,25324,0,2686,0009,1264100023587,,,,3,용도구역코드,UQQ310,제1종지구단위계획구역,1,0,,제1종지구단위계획구역,20221008
경상남도 양산시 물금읍 범어리 2686-10번지,48330,25324,0,2686,0010,1264100004245,,,,2,용도지구코드,160,택지개발지구,1,0,,택지개발지구,20221008
경상남도 양산시 물금읍 범어리 2686-11번지,48330,25324,0,2686,0011,1264100028449,,,,1,용도지역코드,UQA121,제1종일반주거지역,1,0,,제1종일반주거지역,20221008
경상남도 양산시 물금읍 범어리 2686-11번지,48330,25324,0,2686,0011,1264100028449,,,,3,용도구역코드,UQQ310,제1종지구단위계획구역,1,0,,제1종지구단위계획구역,20221008
경상남도 양산시 물금읍 범어리 2686-12번지,48330,25324,0,2686,0012,1264100024272,,,,1,용도지역코드,UQA121,제1종일반주거지역,1,0,,제1종일반주거지역,20221008
경상남도 양산시 물금읍 범어리 2686-12번지,48330,25324,0,2686,0012,1264100024272,,,,3,용도구역코드,UQQ310,제1종지구단위계획구역,1,0,,제1종지구단위계획구역,20221008
경상남도 양산시 물금읍 범어리 2686-13번지,48330,25324,0,2686,0013,1264100025712,,,,1,용도지역코드,UQA121,제1종일반주거지역,1,0,,제1종일반주거지역,20221008
경상남도 양산시 물금읍 범어리 2686-13번지,48330,25324,0,2686,0013,1264100025712,,,,3,용도구역코드,UQQ310,제1종지구단위계획구역,1,0,,제1종지구단위계획구역,20221008
경상남도 양산시 물금읍 범어리 2686-14번지,48330,25324,0,2686,0014,1264100026512,,,,1,용도지역코드,UQA121,제1종일반주거지역,1,0,,제1종일반주거지역,20221008
경상남도 양산시 물금읍 범어리 2686-14번지,48330,25324,0,2686,0014,1264100026512,,,,3,용도구역코드,UQQ310,제1종지구단위계획구역,1,0,,제1종지구단위계획구역,20221008
경상남도 양산시 물금읍 범어리 2686-14번지,48330,25324,0,2686,0014,1264100026512,,,,3,용도구역코드,UOA120,상대보호구역,0,0,,상대정화구역,20221008
경상남도 양산시 물금읍 범어리 2686-15번지,48330,25324,0,2686,0015,1264100022646,,,,1,용도지역코드,UQA121,제1종일반주거지역,1,0,,제1종일반주거지역,20221008
경상남도 양산시 물금읍 범어리 2686-15번지,48330,25324,0,2686,0015,1264100022646,,,,3,용도구역코드,UQQ310,제1종지구단위계획구역,1,0,,제1종지구단위계획구역,20221008
경상남도 양산시 물금읍 범어리 2686-15번지,48330,25324,0,2686,0015,1264100022646,,,,3,용도구역코드,UOA120,상대보호구역,0,0,,상대정화구역,20221008
경상남도 양산시 물금읍 범어리 2686-16번지,48330,25324,0,2686,0016,1264100149130,,,,1,용도지역코드,UQA121,제1종일반주거지역,1,0,,제1종일반주거지역,20221008
경상남도 양산시 물금읍 범어리 2686-16번지,48330,25324,0,2686,0016,1264100149130,,,,3,용도구역코드,UQQ310,제1종지구단위계획구역,1,0,,제1종지구단위계획구역,20221008
경상남도 양산시 물금읍 범어리 2686-16번지,48330,25324,0,2686,0016,1264100149130,,,,3,용도구역코드,UMZ100,가축사육제한구역,0,0,,가축사육제한구역,20221008
경상남도 양산시 물금읍 범어리 2686-16번지,48330,25324,0,2686,0016,1264100149130,,,,3,용도구역코드,UOA120,상대보호구역,0,0,,상대보호구역,20221008
경상남도 양산시 물금읍 범어리 2687-1번지,48330,25324,0,2687,0001,1264100014394,,,,1,용도지역코드,1021,제1종일반주거지역,1,0,,제1종일반주거지역,20221008
경상남도 양산시 물금읍 범어리 2687-1번지,48330,25324,0,2687,0001,1264100014394,,,,3,용도구역코드,301,제1종지구단위계획구역,1,0,,제1종지구단위계획구역,20221008
경상남도 양산시 물금읍 범어리 2687-1번지,48330,25324,0,2687,0001,1264100014394,,,,3,용도구역코드,272,상대정화구역,0,0,,상대정화구역,20221008
경상남도 양산시 물금읍 범어리 2687-2번지,48330,25324,0,2687,0002,1264100021781,,,,1,용도지역코드,UQA121,제1종일반주거지역,1,0,,제1종일반주거지역,20221008
경상남도 양산시 물금읍 범어리 2687-2번지,48330,25324,0,2687,0002,1264100021781,,,,3,용도구역코드,UQQ310,제1종지구단위계획구역,1,0,,제1종지구단위계획구역,20221008
경상남도 양산시 물금읍 범어리 2687-2번지,48330,25324,0,2687,0002,1264100021781,,,,3,용도구역코드,UOA120,상대보호구역,0,0,,상대정화구역,20221008
경상남도 양산시 물금읍 범어리 2687-3번지,48330,25324,0,2687,0003,1264100039572,,,,1,용도지역코드,UQA121,제1종일반주거지역,1,0,,제1종일반주거지역,20221008
경상남도 양산시 물금읍 범어리 2687-3번지,48330,25324,0,2687,0003,1264100039572,,,,3,용도구역코드,UQQ310,제1종지구단위계획구역,0,0,,제1종지구단위계획구역,20221008
경상남도 양산시 물금읍 범어리 2687-3번지,48330,25324,0,2687,0003,1264100039572,,,,3,용도구역코드,UOA120,상대보호구역,0,0,,상대정화구역,20221008
경상남도 양산시 물금읍 범어리 2687-4번지,48330,25324,0,2687,0004,1264100011870,,,,1,용도지역코드,1021,제1종일반주거지역,1,0,,제1종일반주거지역,20221008
경상남도 양산시 물금읍 범어리 2687-4번지,48330,25324,0,2687,0004,1264100011870,,,,3,용도구역코드,301,제1종지구단위계획구역,1,0,,제1종지구단위계획구역,20221008
경상남도 양산시 물금읍 범어리 2687-5번지,48330,25324,0,2687,0005,1264100024192,,,,1,용도지역코드,UQA121,제1종일반주거지역,1,0,,제1종일반주거지역,20221008
경상남도 양산시 물금읍 범어리 2687-5번지,48330,25324,0,2687,0005,1264100024192,,,,3,용도구역코드,UQQ310,제1종지구단위계획구역,1,0,,제1종지구단위계획구역,20221008
경상남도 양산시 물금읍 범어리 2687-5번지,48330,25324,0,2687,0005,1264100013296,,,,1,용도지역코드,1021,제1종일반주거지역,1,0,,제1종일반주거지역,20221008
경상남도 양산시 물금읍 범어리 2687-5번지,48330,25324,0,2687,0005,1264100013296,,,,3,용도구역코드,301,제1종지구단위계획구역,1,0,,제1종지구단위계획구역,20221008
경상남도 양산시 물금읍 범어리 2687-6번지,48330,25324,0,2687,0006,1264100105274,,,,1,용도지역코드,UQA121,제1종일반주거지역,1,0,,제1종일반주거지역,20221008
경상남도 양산시 물금읍 범어리 2687-6번지,48330,25324,0,2687,0006,1264100105274,,,,3,용도구역코드,UQQ310,제1종지구단위계획구역,1,0,,제1종지구단위계획구역,20221008
경상남도 양산시 물금읍 범어리 2687-7번지,48330,25324,0,2687,0007,1264100105273,,,,1,용도지역코드,UQA121,제1종일반주거지역,1,0,,제1종일반주거지역,20221008
경상남도 양산시 물금읍 범어리 2687-7번지,48330,25324,0,2687,0007,1264100105273,,,,3,용도구역코드,UQQ310,제1종지구단위계획구역,1,0,,제1종지구단위계획구역,20221008
경상남도 양산시 물금읍 범어리 2687-8번지,48330,25324,0,2687,0008,1264100010810,,,,1,용도지역코드,1021,제1종일반주거지역,1,0,,제1종일반주거지역,20221008
경상남도 양산시 물금읍 범어리 2687-8번지,48330,25324,0,2687,0008,1264100010810,,,,3,용도구역코드,301,제1종지구단위계획구역,1,0,,제1종지구단위계획구역,20221008
경상남도 양산시 물금읍 범어리 2687-9번지,48330,25324,0,2687,0009,1264100016897,,,,1,용도지역코드,1021,제1종일반주거지역,1,0,,제1종일반주거지역,20221008
경상남도 양산시 물금읍 범어리 2687-9번지,48330,25324,0,2687,0009,1264100016897,,,,3,용도구역코드,301,제1종지구단위계획구역,1,0,,제1종지구단위계획구역,20221008
경상남도 양산시 물금읍 범어리 2687-10번지,48330,25324,0,2687,0010,1264100028809,,,,1,용도지역코드,UQA121,제1종일반주거지역,1,0,,제1종일반주거지역,20221008
경상남도 양산시 물금읍 범어리 2687-10번지,48330,25324,0,2687,0010,1264100028809,,,,3,용도구역코드,UQQ310,제1종지구단위계획구역,1,0,,제1종지구단위계획구역,20221008
경상남도 양산시 물금읍 범어리 2687-10번지,48330,25324,0,2687,0010,1264100028809,,,,3,용도구역코드,UOA120,상대보호구역,0,0,,상대정화구역,20221008
경상남도 양산시 물금읍 범어리 2687-11번지,48330,25324,0,2687,0011,1264100017460,,,,1,용도지역코드,1021,제1종일반주거지역,1,0,,제1종일반주거지역,20221008
경상남도 양산시 물금읍 범어리 2687-11번지,48330,25324,0,2687,0011,1264100017460,,,,3,용도구역코드,301,제1종지구단위계획구역,1,0,,제1종지구단위계획구역,20221008
경상남도 양산시 물금읍 범어리 2687-13번지,48330,25324,0,2687,0013,1264100026310,,,,1,용도지역코드,UQA121,제1종일반주거지역,1,0,,제1종일반주거지역,20221008
경상남도 양산시 물금읍 범어리 2687-13번지,48330,25324,0,2687,0013,1264100026310,,,,3,용도구역코드,UQQ310,제1종지구단위계획구역,1,0,,제1종지구단위계획구역,20221008
경상남도 양산시 물금읍 범어리 2687-14번지,48330,25324,0,2687,0014,1264100028989,,,,1,용도지역코드,UQA121,제1종일반주거지역,1,0,,제1종일반주거지역,20221008
경상남도 양산시 물금읍 범어리 2687-14번지,48330,25324,0,2687,0014,1264100028989,,,,3,용도구역코드,UQQ310,제1종지구단위계획구역,1,0,,제1종지구단위계획구역,20221008
경상남도 양산시 물금읍 범어리 2687-16번지,48330,25324,0,2687,0016,1264100051764,,,,1,용도지역코드,UQA121,제1종일반주거지역,1,0,,제1종일반주거지역,20221008
경상남도 양산시 물금읍 범어리 2687-16번지,48330,25324,0,2687,0016,1264100051764,,,,3,용도구역코드,UQQ310,제1종지구단위계획구역,1,0,,제1종지구단위계획구역,20221008
경상남도 양산시 물금읍 범어리 2687-16번지,48330,25324,0,2687,0016,1264100051764,,,,3,용도구역코드,UOA120,상대보호구역,0,0,,상대정화구역,20221008
경상남도 양산시 물금읍 범어리 2688-1번지,48330,25324,0,2688,0001,1264100026250,,,,1,용도지역코드,UQA121,제1종일반주거지역,1,0,,제1종일반주거지역,20221008
경상남도 양산시 물금읍 범어리 2688-1번지,48330,25324,0,2688,0001,1264100026250,,,,3,용도구역코드,UQQ310,제1종지구단위계획구역,1,0,,제1종지구단위계획구역,20221008
경상남도 양산시 물금읍 범어리 2688-1번지,48330,25324,0,2688,0001,1264100026250,,,,3,용도구역코드,UOA120,상대보호구역,0,0,,상대정화구역,20221008
경상남도 양산시 물금읍 범어리 2688-2번지,48330,25324,0,2688,0002,1264100029053,,,,1,용도지역코드,UQA121,제1종일반주거지역,1,0,,제1종일반주거지역,20221008
경상남도 양산시 물금읍 범어리 2688-2번지,48330,25324,0,2688,0002,1264100029053,,,,3,용도구역코드,UQQ310,제1종지구단위계획구역,1,0,,제1종지구단위계획구역,20221008
경상남도 양산시 물금읍 범어리 2688-3번지,48330,25324,0,2688,0003,1264100016174,,,,1,용도지역코드,1021,제1종일반주거지역,1,0,,제1종일반주거지역,20221008
경상남도 양산시 물금읍 범어리 2688-3번지,48330,25324,0,2688,0003,1264100016174,,,,3,용도구역코드,301,제1종지구단위계획구역,1,0,,제1종지구단위계획구역,20221008
경상남도 양산시 물금읍 범어리 2688-4번지,48330,25324,0,2688,0004,1264100016354,,,,1,용도지역코드,1021,제1종일반주거지역,1,0,,제1종일반주거지역,20221008
경상남도 양산시 물금읍 범어리 2688-4번지,48330,25324,0,2688,0004,1264100016354,,,,3,용도구역코드,301,제1종지구단위계획구역,1,0,,제1종지구단위계획구역,20221008
경상남도 양산시 물금읍 범어리 2688-5번지,48330,25324,0,2688,0005,1264100021120,,,,1,용도지역코드,1021,제1종일반주거지역,1,0,,제1종일반주거지역,20221008
경상남도 양산시 물금읍 범어리 2688-5번지,48330,25324,0,2688,0005,1264100021120,,,,3,용도구역코드,301,제1종지구단위계획구역,1,0,,제1종지구단위계획구역,20221008
경상남도 양산시 물금읍 범어리 2688-5번지,48330,25324,0,2688,0005,1264100014694,,,,1,용도지역코드,1021,제1종일반주거지역,1,0,,제1종일반주거지역,20221008
경상남도 양산시 물금읍 범어리 2688-5번지,48330,25324,0,2688,0005,1264100014694,,,,3,용도구역코드,301,제1종지구단위계획구역,1,0,,제1종지구단위계획구역,20221008
경상남도 양산시 물금읍 범어리 2688-6번지,48330,25324,0,2688,0006,1264100008649,,,,1,용도지역코드,1021,제1종일반주거지역,1,0,,제1종일반주거지역,20221008
경상남도 양산시 물금읍 범어리 2688-6번지,48330,25324,0,2688,0006,1264100008649,,,,3,용도구역코드,301,제1종지구단위계획구역,1,0,,제1종지구단위계획구역,20221008
경상남도 양산시 물금읍 범어리 2688-7번지,48330,25324,0,2688,0007,1264100076940,,,,1,용도지역코드,UQA121,제1종일반주거지역,1,0,,제1종일반주거지역,20221008
경상남도 양산시 물금읍 범어리 2688-7번지,48330,25324,0,2688,0007,1264100076940,,,,3,용도구역코드,UQQ310,제1종지구단위계획구역,1,0,,제1종지구단위계획구역,20221008
경상남도 양산시 물금읍 범어리 2688-8번지,48330,25324,0,2688,0008,1264100019403,,,,1,용도지역코드,1021,제1종일반주거지역,1,0,,제1종일반주거지역,20221008
경상남도 양산시 물금읍 범어리 2688-8번지,48330,25324,0,2688,0008,1264100019403,,,,3,용도구역코드,301,제1종지구단위계획구역,1,0,,제1종지구단위계획구역,20221008
경상남도 양산시 물금읍 범어리 2688-8번지,48330,25324,0,2688,0008,1000000000000000933749,,,,1,용도지역코드,UQA121,제1종일반주거지역,1,0,,제1종일반주거지역,20260422
경상남도 양산시 물금읍 범어리 2688-9번지,48330,25324,0,2688,0009,1264100019976,,,,1,용도지역코드,1021,제1종일반주거지역,1,0,,제1종일반주거지역,20221008
경상남도 양산시 물금읍 범어리 2688-9번지,48330,25324,0,2688,0009,1264100019976,,,,3,용도구역코드,301,제1종지구단위계획구역,1,0,,제1종지구단위계획구역,20221008
경상남도 양산시 물금읍 범어리 2688-9번지,48330,25324,0,2688,0009,1264100004246,,,,1,용도지역코드,1021,제1종일반주거지역,1,0,,제1종일반주거지역,20221008
경상남도 양산시 물금읍 범어리 2688-9번지,48330,25324,0,2688,0009,1264100004246,,,,3,용도구역코드,301,제1종지구단위계획구역,1,0,,제1종지구단위계획구역,20221008
경상남도 양산시 물금읍 범어리 2688-10번지,48330,25324,0,2688,0010,1264100022966,,,,1,용도지역코드,UQA121,제1종일반주거지역,1,0,,제1종일반주거지역,20221008
경상남도 양산시 물금읍 범어리 2688-10번지,48330,25324,0,2688,0010,1264100022966,,,,3,용도구역코드,UQQ310,제1종지구단위계획구역,1,0,,제1종지구단위계획구역,20221008
경상남도 양산시 물금읍 범어리 2688-11번지,48330,25324,0,2688,0011,1264100020458,,,,1,용도지역코드,1021,제1종일반주거지역,1,0,,제1종일반주거지역,20221008
경상남도 양산시 물금읍 범어리 2688-11번지,48330,25324,0,2688,0011,1264100020458,,,,3,용도구역코드,301,제1종지구단위계획구역,1,0,,제1종지구단위계획구역,20221008
경상남도 양산시 물금읍 범어리 2688-12번지,48330,25324,0,2688,0012,1264100012631,,,,1,용도지역코드,1021,제1종일반주거지역,1,0,,제1종일반주거지역,20221008
경상남도 양산시 물금읍 범어리 2688-12번지,48330,25324,0,2688,0012,1264100012631,,,,3,용도구역코드,301,제1종지구단위계획구역,1,0,,제1종지구단위계획구역,20221008
경상남도 양산시 물금읍 범어리 2688-12번지,48330,25324,0,2688,0012,1264100021001,,,,1,용도지역코드,1021,제1종일반주거지역,1,0,,제1종일반주거지역,20221008
경상남도 양산시 물금읍 범어리 2688-12번지,48330,25324,0,2688,0012,1264100021001,,,,3,용도구역코드,301,제1종지구단위계획구역,1,0,,제1종지구단위계획구역,20221008
경상남도 양산시 물금읍 범어리 2688-13번지,48330,25324,0,2688,0013,1264100029474,,,,1,용도지역코드,UQA121,제1종일반주거지역,1,0,,제1종일반주거지역,20221008
경상남도 양산시 물금읍 범어리 2688-13번지,48330,25324,0,2688,0013,1264100029474,,,,3,용도구역코드,UQQ310,제1종지구단위계획구역,1,0,,제1종지구단위계획구역,20221008
경상남도 양산시 물금읍 범어리 2688-14번지,48330,25324,0,2688,0014,1264100027069,,,,1,용도지역코드,UQA121,제1종일반주거지역,1,0,,제1종일반주거지역,20221008
경상남도 양산시 물금읍 범어리 2688-14번지,48330,25324,0,2688,0014,1264100027069,,,,3,용도구역코드,UQQ310,제1종지구단위계획구역,1,0,,제1종지구단위계획구역,20221008
경상남도 양산시 물금읍 범어리 2688-14번지,48330,25324,0,2688,0014,1264100027069,,,,3,용도구역코드,UOA120,상대보호구역,0,0,,상대정화구역,20221008
경상남도 양산시 물금읍 범어리 2688-15번지,48330,25324,0,2688,0015,1264100022222,,,,1,용도지역코드,UQA121,제1종일반주거지역,1,0,,제1종일반주거지역,20221008
경상남도 양산시 물금읍 범어리 2688-15번지,48330,25324,0,2688,0015,1264100022222,,,,3,용도구역코드,UQQ310,제1종지구단위계획구역,1,0,,제1종지구단위계획구역,20221008
경상남도 양산시 물금읍 범어리 2688-16번지,48330,25324,0,2688,0016,1264100019680,,,,1,용도지역코드,1021,제1종일반주거지역,1,0,,제1종일반주거지역,20221008
경상남도 양산시 물금읍 범어리 2688-16번지,48330,25324,0,2688,0016,1264100019680,,,,3,용도구역코드,301,제1종지구단위계획구역,1,0,,제1종지구단위계획구역,20221008
경상남도 양산시 물금읍 범어리 2689-1번지,48330,25324,0,2689,0001,1264100023066,,,,1,용도지역코드,UQA121,제1종일반주거지역,1,0,,제1종일반주거지역,20221008
경상남도 양산시 물금읍 범어리 2689-1번지,48330,25324,0,2689,0001,1264100023066,,,,3,용도구역코드,UQQ310,제1종지구단위계획구역,1,0,,제1종지구단위계획구역,20221008
경상남도 양산시 물금읍 범어리 2689-2번지,48330,25324,0,2689,0002,1264100008168,,,,1,용도지역코드,1021,제1종일반주거지역,1,0,,제1종일반주거지역,20221008
경상남도 양산시 물금읍 범어리 2689-2번지,48330,25324,0,2689,0002,1264100008168,,,,3,용도구역코드,301,제1종지구단위계획구역,1,0,,제1종지구단위계획구역,20221008
경상남도 양산시 물금읍 범어리 2689-3번지,48330,25324,0,2689,0003,1264100025351,,,,1,용도지역코드,UQA121,제1종일반주거지역,1,0,,제1종일반주거지역,20221008
경상남도 양산시 물금읍 범어리 2689-3번지,48330,25324,0,2689,0003,1264100025351,,,,3,용도구역코드,UQQ310,제1종지구단위계획구역,1,0,,제1종지구단위계획구역,20221008
경상남도 양산시 물금읍 범어리 2689-3번지,48330,25324,0,2689,0003,1264100025351,,,,3,용도구역코드,UOA120,상대보호구역,0,0,,상대정화구역,20221008
경상남도 양산시 물금읍 범어리 2689-4번지,48330,25324,0,2689,0004,1264100019417,,,,1,용도지역코드,1021,제1종일반주거지역,1,0,,제1종일반주거지역,20221008
경상남도 양산시 물금읍 범어리 2689-4번지,48330,25324,0,2689,0004,1264100019417,,,,3,용도구역코드,301,제1종지구단위계획구역,1,0,,제1종지구단위계획구역,20221008
경상남도 양산시 물금읍 범어리 2689-5번지,48330,25324,0,2689,0005,1264100022224,,,,1,용도지역코드,UQA121,제1종일반주거지역,1,0,,제1종일반주거지역,20221008
경상남도 양산시 물금읍 범어리 2689-5번지,48330,25324,0,2689,0005,1264100022224,,,,3,용도구역코드,UQQ310,제1종지구단위계획구역,1,0,,제1종지구단위계획구역,20221008
경상남도 양산시 물금읍 범어리 2689-6번지,48330,25324,0,2689,0006,1264100014635,,,,1,용도지역코드,1021,제1종일반주거지역,1,0,,제1종일반주거지역,20221008
경상남도 양산시 물금읍 범어리 2689-6번지,48330,25324,0,2689,0006,1264100014635,,,,3,용도구역코드,301,제1종지구단위계획구역,1,0,,제1종지구단위계획구역,20221008
경상남도 양산시 물금읍 범어리 2689-7번지,48330,25324,0,2689,0007,1264100019018,,,,1,용도지역코드,1021,제1종일반주거지역,1,0,,제1종일반주거지역,20221008
경상남도 양산시 물금읍 범어리 2689-7번지,48330,25324,0,2689,0007,1264100019018,,,,3,용도구역코드,301,제1종지구단위계획구역,1,0,,제1종지구단위계획구역,20221008
경상남도 양산시 물금읍 범어리 2690-1번지,48330,25324,0,2690,0001,1264100019784,,,,1,용도지역코드,1021,제1종일반주거지역,1,0,,제1종일반주거지역,20221008
경상남도 양산시 물금읍 범어리 2690-1번지,48330,25324,0,2690,0001,1264100019784,,,,3,용도구역코드,301,제1종지구단위계획구역,1,0,,제1종지구단위계획구역,20221008
경상남도 양산시 물금읍 범어리 2690-1번지,48330,25324,0,2690,0001,1264100015036,,,,1,용도지역코드,1021,제1종일반주거지역,1,0,,제1종일반주거지역,20221008
경상남도 양산시 물금읍 범어리 2690-1번지,48330,25324,0,2690,0001,1264100015036,,,,3,용도구역코드,301,제1종지구단위계획구역,1,0,,제1종지구단위계획구역,20221008
경상남도 양산시 물금읍 범어리 2690-2번지,48330,25324,0,2690,0002,1264100005888,,,,1,용도지역코드,1021,제1종일반주거지역,1,0,,제1종일반주거지역,20221008
경상남도 양산시 물금읍 범어리 2690-2번지,48330,25324,0,2690,0002,1264100005888,,,,3,용도구역코드,301,제1종지구단위계획구역,1,0,,제1종지구단위계획구역,20221008
경상남도 양산시 물금읍 범어리 2690-3번지,48330,25324,0,2690,0003,1264100119799,,,,1,용도지역코드,UQA121,제1종일반주거지역,1,0,,제1종일반주거지역,20221008
경상남도 양산시 물금읍 범어리 2690-3번지,48330,25324,0,2690,0003,1264100119799,,,,3,용도구역코드,UQQ310,제1종지구단위계획구역,1,0,,제1종지구단위계획구역,20221008
경상남도 양산시 물금읍 범어리 2690-3번지,48330,25324,0,2690,0003,1264100009850,,,,1,용도지역코드,1021,제1종일반주거지역,1,0,,제1종일반주거지역,20221008
경상남도 양산시 물금읍 범어리 2690-3번지,48330,25324,0,2690,0003,1264100009850,,,,3,용도구역코드,301,제1종지구단위계획구역,1,0,,제1종지구단위계획구역,20221008
경상남도 양산시 물금읍 범어리 2690-4번지,48330,25324,0,2690,0004,1264100030416,,,,1,용도지역코드,UQA121,제1종일반주거지역,1,0,,제1종일반주거지역,20221008
경상남도 양산시 물금읍 범어리 2690-4번지,48330,25324,0,2690,0004,1264100030416,,,,3,용도구역코드,UQQ310,제1종지구단위계획구역,1,0,,제1종지구단위계획구역,20221008
경상남도 양산시 물금읍 범어리 2690-5번지,48330,25324,0,2690,0005,1264100035692,,,,1,용도지역코드,UQA121,제1종일반주거지역,1,0,,제1종일반주거지역,20221008
경상남도 양산시 물금읍 범어리 2690-5번지,48330,25324,0,2690,0005,1264100035692,,,,3,용도구역코드,UQQ310,제1종지구단위계획구역,1,0,,제1종지구단위계획구역,20221008
경상남도 양산시 물금읍 범어리 2690-6번지,48330,25324,0,2690,0006,1264100051477,,,,3,용도구역코드,UQQ310,제1종지구단위계획구역,1,0,,제1종지구단위계획구역,20221008
경상남도 양산시 물금읍 범어리 2690-6번지,48330,25324,0,2690,0006,1264100051477,,,,3,용도구역코드,UOA120,상대보호구역,0,0,,상대정화구역,20221008
경상남도 양산시 물금읍 범어리 2690-6번지,48330,25324,0,2690,0006,1264100051477,,,,1,용도지역코드,UQA121,제1종일반주거지역,1,0,,제1종일반주거지역,20221008
경상남도 양산시 물금읍 범어리 2690-8번지,48330,25324,0,2690,0008,1264100021139,,,,1,용도지역코드,1021,제1종일반주거지역,1,0,,제1종일반주거지역,20221008
경상남도 양산시 물금읍 범어리 2690-8번지,48330,25324,0,2690,0008,1264100021139,,,,3,용도구역코드,301,제1종지구단위계획구역,1,0,,제1종지구단위계획구역,20221008
경상남도 양산시 물금읍 범어리 2690-8번지,48330,25324,0,2690,0008,1264100014396,,,,1,용도지역코드,1021,제1종일반주거지역,1,0,,제1종일반주거지역,20221008
경상남도 양산시 물금읍 범어리 2690-8번지,48330,25324,0,2690,0008,1264100014396,,,,3,용도구역코드,301,제1종지구단위계획구역,1,0,,제1종지구단위계획구역,20221008
경상남도 양산시 물금읍 범어리 2690-9번지,48330,25324,0,2690,0009,1264100023831,,,,1,용도지역코드,UQA121,제1종일반주거지역,1,0,,제1종일반주거지역,20221008
경상남도 양산시 물금읍 범어리 2690-9번지,48330,25324,0,2690,0009,1264100023831,,,,3,용도구역코드,UQQ310,제1종지구단위계획구역,1,0,,제1종지구단위계획구역,20221008
경상남도 양산시 물금읍 범어리 2690-9번지,48330,25324,0,2690,0009,1264100016115,,,,1,용도지역코드,1021,제1종일반주거지역,1,0,,제1종일반주거지역,20221008
경상남도 양산시 물금읍 범어리 2690-9번지,48330,25324,0,2690,0009,1264100016115,,,,3,용도구역코드,301,제1종지구단위계획구역,1,0,,제1종지구단위계획구역,20221008
경상남도 양산시 물금읍 범어리 2690-10번지,48330,25324,0,2690,0010,1264100052231,,,,1,용도지역코드,UQA121,제1종일반주거지역,1,0,,제1종일반주거지역,20221008
경상남도 양산시 물금읍 범어리 2690-10번지,48330,25324,0,2690,0010,1264100052231,,,,3,용도구역코드,UQQ310,제1종지구단위계획구역,1,0,,제1종지구단위계획구역,20221008
경상남도 양산시 물금읍 범어리 2690-10번지,48330,25324,0,2690,0010,1264100052231,,,,3,용도구역코드,UOA120,상대보호구역,0,0,,상대정화구역,20221008
경상남도 양산시 물금읍 범어리 2690-11번지,48330,25324,0,2690,0011,1264100022988,,,,1,용도지역코드,UQA121,제1종일반주거지역,1,0,,제1종일반주거지역,20221008
경상남도 양산시 물금읍 범어리 2690-11번지,48330,25324,0,2690,0011,1264100022988,,,,3,용도구역코드,UQQ310,제1종지구단위계획구역,1,0,,제1종지구단위계획구역,20221008
경상남도 양산시 물금읍 범어리 2690-11번지,48330,25324,0,2690,0011,1264100009371,,,,1,용도지역코드,1021,제1종일반주거지역,1,0,,제1종일반주거지역,20221008
경상남도 양산시 물금읍 범어리 2690-11번지,48330,25324,0,2690,0011,1264100009371,,,,3,용도구역코드,301,제1종지구단위계획구역,1,0,,제1종지구단위계획구역,20221008
경상남도 양산시 물금읍 범어리 2690-13번지,48330,25324,0,2690,0013,1264100021143,,,,1,용도지역코드,1021,제1종일반주거지역,1,0,,제1종일반주거지역,20221008
경상남도 양산시 물금읍 범어리 2690-13번지,48330,25324,0,2690,0013,1264100021143,,,,3,용도구역코드,301,제1종지구단위계획구역,1,0,,제1종지구단위계획구역,20221008
경상남도 양산시 물금읍 범어리 2690-13번지,48330,25324,0,2690,0013,1264100013952,,,,1,용도지역코드,1021,제1종일반주거지역,1,0,,제1종일반주거지역,20221008
경상남도 양산시 물금읍 범어리 2690-13번지,48330,25324,0,2690,0013,1264100013952,,,,3,용도구역코드,301,제1종지구단위계획구역,1,0,,제1종지구단위계획구역,20221008
경상남도 양산시 물금읍 범어리 2690-14번지,48330,25324,0,2690,0014,1264100025010,,,,1,용도지역코드,UQA121,제1종일반주거지역,1,0,,제1종일반주거지역,20221008
경상남도 양산시 물금읍 범어리 2690-14번지,48330,25324,0,2690,0014,1264100025010,,,,3,용도구역코드,UQQ310,제1종지구단위계획구역,1,0,,제1종지구단위계획구역,20221008
경상남도 양산시 물금읍 범어리 2690-14번지,48330,25324,0,2690,0014,1264100011772,,,,1,용도지역코드,1021,제1종일반주거지역,1,0,,제1종일반주거지역,20221008
경상남도 양산시 물금읍 범어리 2690-14번지,48330,25324,0,2690,0014,1264100011772,,,,3,용도구역코드,301,제1종지구단위계획구역,1,0,,제1종지구단위계획구역,20221008
경상남도 양산시 물금읍 범어리 2691-2번지,48330,25324,0,2691,0002,1264100046145,,,,1,용도지역코드,UQA121,제1종일반주거지역,1,0,,제1종일반주거지역,20221008
경상남도 양산시 물금읍 범어리 2691-2번지,48330,25324,0,2691,0002,1264100046145,,,,3,용도구역코드,UQQ310,제1종지구단위계획구역,1,0,,제1종지구단위계획구역,20221008
경상남도 양산시 물금읍 범어리 2691-2번지,48330,25324,0,2691,0002,1264100046145,,,,3,용도구역코드,UOA120,상대보호구역,0,0,,상대정화구역,20221008
경상남도 양산시 물금읍 범어리 2691-2번지,48330,25324,0,2691,0002,1264100046145,,,,3,용도구역코드,UOA110,절대정화구역,0,0,,절대정화구역,20221008
경상남도 양산시 물금읍 범어리 2691-3번지,48330,25324,0,2691,0003,1264100013033,,,,1,용도지역코드,1021,제1종일반주거지역,1,0,,제1종일반주거지역,20221008
경상남도 양산시 물금읍 범어리 2691-3번지,48330,25324,0,2691,0003,1264100013033,,,,3,용도구역코드,301,제1종지구단위계획구역,1,0,,제1종지구단위계획구역,20221008
경상남도 양산시 물금읍 범어리 2691-4번지,48330,25324,0,2691,0004,1264100016416,,,,1,용도지역코드,1021,제1종일반주거지역,1,0,,제1종일반주거지역,20221008
경상남도 양산시 물금읍 범어리 2691-4번지,48330,25324,0,2691,0004,1264100016416,,,,3,용도구역코드,301,제1종지구단위계획구역,1,0,,제1종지구단위계획구역,20221008
경상남도 양산시 물금읍 범어리 2691-4번지,48330,25324,0,2691,0004,1264100065057,,,,1,용도지역코드,UQA121,제1종일반주거지역,1,0,,제1종일반주거지역,20221008
경상남도 양산시 물금읍 범어리 2691-4번지,48330,25324,0,2691,0004,1264100065057,,,,3,용도구역코드,UQQ310,제1종지구단위계획구역,1,0,,제1종지구단위계획구역,20221008
경상남도 양산시 물금읍 범어리 2691-4번지,48330,25324,0,2691,0004,1264100019577,,,,1,용도지역코드,1021,제1종일반주거지역,1,0,,제1종일반주거지역,20221008
경상남도 양산시 물금읍 범어리 2691-4번지,48330,25324,0,2691,0004,1264100019577,,,,3,용도구역코드,301,제1종지구단위계획구역,1,0,,제1종지구단위계획구역,20221008
경상남도 양산시 물금읍 범어리 2691-5번지,48330,25324,0,2691,0005,1264100022326,,,,1,용도지역코드,UQA121,제1종일반주거지역,1,0,,제1종일반주거지역,20221008
경상남도 양산시 물금읍 범어리 2691-5번지,48330,25324,0,2691,0005,1264100022326,,,,3,용도구역코드,UQQ310,제1종지구단위계획구역,1,0,,제1종지구단위계획구역,20221008
경상남도 양산시 물금읍 범어리 2691-5번지,48330,25324,0,2691,0005,1264100013953,,,,1,용도지역코드,1021,제1종일반주거지역,1,0,,제1종일반주거지역,20221008
경상남도 양산시 물금읍 범어리 2691-5번지,48330,25324,0,2691,0005,1264100013953,,,,3,용도구역코드,301,제1종지구단위계획구역,1,0,,제1종지구단위계획구역,20221008
경상남도 양산시 물금읍 범어리 2691-6번지,48330,25324,0,2691,0006,1264100016415,,,,1,용도지역코드,1021,제1종일반주거지역,1,0,,제1종일반주거지역,20221008
경상남도 양산시 물금읍 범어리 2691-6번지,48330,25324,0,2691,0006,1264100016415,,,,3,용도구역코드,301,제1종지구단위계획구역,1,0,,제1종지구단위계획구역,20221008
경상남도 양산시 물금읍 범어리 2691-6번지,48330,25324,0,2691,0006,1264100019520,,,,1,용도지역코드,1021,제1종일반주거지역,1,0,,제1종일반주거지역,20221008
경상남도 양산시 물금읍 범어리 2691-6번지,48330,25324,0,2691,0006,1264100019520,,,,3,용도구역코드,301,제1종지구단위계획구역,1,0,,제1종지구단위계획구역,20221008
경상남도 양산시 물금읍 범어리 2691-7번지,48330,25324,0,2691,0007,1264100019521,,,,1,용도지역코드,1021,제1종일반주거지역,1,0,,제1종일반주거지역,20221008
경상남도 양산시 물금읍 범어리 2691-7번지,48330,25324,0,2691,0007,1264100019521,,,,3,용도구역코드,301,제1종지구단위계획구역,1,0,,제1종지구단위계획구역,20221008
경상남도 양산시 물금읍 범어리 2691-7번지,48330,25324,0,2691,0007,1264100016278,,,,1,용도지역코드,1021,제1종일반주거지역,1,0,,제1종일반주거지역,20221008
경상남도 양산시 물금읍 범어리 2691-7번지,48330,25324,0,2691,0007,1264100016278,,,,3,용도구역코드,301,제1종지구단위계획구역,1,0,,제1종지구단위계획구역,20221008
경상남도 양산시 물금읍 범어리 2691-8번지,48330,25324,0,2691,0008,1264100041146,,,,1,용도지역코드,UQA121,제1종일반주거지역,1,0,,제1종일반주거지역,20221008
경상남도 양산시 물금읍 범어리 2691-8번지,48330,25324,0,2691,0008,1264100041146,,,,3,용도구역코드,UQQ310,제1종지구단위계획구역,1,0,,제1종지구단위계획구역,20221008
경상남도 양산시 물금읍 범어리 2691-8번지,48330,25324,0,2691,0008,1264100041146,,,,3,용도구역코드,UOA120,상대보호구역,0,0,,상대정화구역,20221008
경상남도 양산시 물금읍 범어리 2691-9번지,48330,25324,0,2691,0009,1264100009729,,,,1,용도지역코드,1021,제1종일반주거지역,1,0,,제1종일반주거지역,20221008
경상남도 양산시 물금읍 범어리 2691-9번지,48330,25324,0,2691,0009,1264100009729,,,,3,용도구역코드,301,제1종지구단위계획구역,1,0,,제1종지구단위계획구역,20221008
경상남도 양산시 물금읍 범어리 2691-10번지,48330,25324,0,2691,0010,1264100011671,,,,1,용도지역코드,1021,제1종일반주거지역,1,0,,제1종일반주거지역,20221008
경상남도 양산시 물금읍 범어리 2691-10번지,48330,25324,0,2691,0010,1264100011671,,,,3,용도구역코드,301,제1종지구단위계획구역,1,0,,제1종지구단위계획구역,20221008
경상남도 양산시 물금읍 범어리 2691-10번지,48330,25324,0,2691,0010,1264100011671,,,,3,용도구역코드,272,상대정화구역,0,0,,상대정화구역,20221008
경상남도 양산시 물금읍 범어리 2691-11번지,48330,25324,0,2691,0011,1264100016279,,,,1,용도지역코드,1021,제1종일반주거지역,1,0,,제1종일반주거지역,20221008
경상남도 양산시 물금읍 범어리 2691-11번지,48330,25324,0,2691,0011,1264100016279,,,,3,용도구역코드,301,제1종지구단위계획구역,1,0,,제1종지구단위계획구역,20221008
경상남도 양산시 물금읍 범어리 2691-11번지,48330,25324,0,2691,0011,1264100019522,,,,1,용도지역코드,1021,제1종일반주거지역,1,0,,제1종일반주거지역,20221008
경상남도 양산시 물금읍 범어리 2691-11번지,48330,25324,0,2691,0011,1264100019522,,,,3,용도구역코드,301,제1종지구단위계획구역,1,0,,제1종지구단위계획구역,20221008
경상남도 양산시 물금읍 범어리 2691-12번지,48330,25324,0,2691,0012,1264100008630,,,,1,용도지역코드,1021,제1종일반주거지역,1,0,,제1종일반주거지역,20221008
경상남도 양산시 물금읍 범어리 2691-12번지,48330,25324,0,2691,0012,1264100008630,,,,3,용도구역코드,301,제1종지구단위계획구역,1,0,,제1종지구단위계획구역,20221008
경상남도 양산시 물금읍 범어리 2692-1번지,48330,25324,0,2692,0001,1264100016535,,,,1,용도지역코드,1021,제1종일반주거지역,1,0,,제1종일반주거지역,20221008
경상남도 양산시 물금읍 범어리 2692-1번지,48330,25324,0,2692,0001,1264100016535,,,,3,용도구역코드,301,제1종지구단위계획구역,1,0,,제1종지구단위계획구역,20221008
경상남도 양산시 물금읍 범어리 2692-2번지,48330,25324,0,2692,0002,1264100031001,,,,1,용도지역코드,UQA121,제1종일반주거지역,1,0,,제1종일반주거지역,20221008
경상남도 양산시 물금읍 범어리 2692-2번지,48330,25324,0,2692,0002,1264100031001,,,,3,용도구역코드,UQQ310,제1종지구단위계획구역,1,0,,제1종지구단위계획구역,20221008
경상남도 양산시 물금읍 범어리 2692-3번지,48330,25324,0,2692,0003,1264100019279,,,,1,용도지역코드,1021,제1종일반주거지역,1,0,,제1종일반주거지역,20221008
경상남도 양산시 물금읍 범어리 2692-3번지,48330,25324,0,2692,0003,1264100019279,,,,3,용도구역코드,301,제1종지구단위계획구역,1,0,,제1종지구단위계획구역,20221008
경상남도 양산시 물금읍 범어리 2692-5번지,48330,25324,0,2692,0005,1264100053309,,,,1,용도지역코드,UQA121,제1종일반주거지역,1,0,,제1종일반주거지역,20221008
경상남도 양산시 물금읍 범어리 2692-5번지,48330,25324,0,2692,0005,1264100053309,,,,3,용도구역코드,UQQ310,제1종지구단위계획구역,1,0,,제1종지구단위계획구역,20221008
경상남도 양산시 물금읍 범어리 2692-6번지,48330,25324,0,2692,0006,1264100028889,,,,1,용도지역코드,UQA121,제1종일반주거지역,1,0,,제1종일반주거지역,20221008
경상남도 양산시 물금읍 범어리 2692-6번지,48330,25324,0,2692,0006,1264100028889,,,,3,용도구역코드,UQQ310,제1종지구단위계획구역,1,0,,제1종지구단위계획구역,20221008
경상남도 양산시 물금읍 범어리 2692-6번지,48330,25324,0,2692,0006,1264100028889,,,,3,용도구역코드,UOA120,상대보호구역,0,0,,상대정화구역,20221008
경상남도 양산시 물금읍 범어리 2692-7번지,48330,25324,0,2692,0007,1264100114436,,,,1,용도지역코드,UQA121,제1종일반주거지역,1,0,,제1종일반주거지역,20221008
경상남도 양산시 물금읍 범어리 2692-7번지,48330,25324,0,2692,0007,1264100114436,,,,3,용도구역코드,UOA120,상대보호구역,1,0,,상대보호구역,20221008
경상남도 양산시 물금읍 범어리 2692-7번지,48330,25324,0,2692,0007,1264100114436,,,,3,용도구역코드,UQQ310,제1종지구단위계획구역,0,0,,제1종지구단위계획구역,20221008
경상남도 양산시 물금읍 범어리 2692-8번지,48330,25324,0,2692,0008,1264100009829,,,,3,용도구역코드,301,제1종지구단위계획구역,1,0,,제1종지구단위계획구역,20221008
경상남도 양산시 물금읍 범어리 2692-8번지,48330,25324,0,2692,0008,1264100021138,,,,1,용도지역코드,1021,제1종일반주거지역,1,0,,제1종일반주거지역,20221008
경상남도 양산시 물금읍 범어리 2692-8번지,48330,25324,0,2692,0008,1264100021138,,,,3,용도구역코드,301,제1종지구단위계획구역,1,0,,제1종지구단위계획구역,20221008
경상남도 양산시 물금읍 범어리 2692-8번지,48330,25324,0,2692,0008,1264100009829,,,,1,용도지역코드,1021,제1종일반주거지역,1,0,,제1종일반주거지역,20221008
경상남도 양산시 물금읍 범어리 2692-9번지,48330,25324,0,2692,0009,1264100016114,,,,1,용도지역코드,1021,제1종일반주거지역,1,0,,제1종일반주거지역,20221008
경상남도 양산시 물금읍 범어리 2692-9번지,48330,25324,0,2692,0009,1264100016114,,,,3,용도구역코드,301,제1종지구단위계획구역,1,0,,제1종지구단위계획구역,20221008
경상남도 양산시 물금읍 범어리 2692-9번지,48330,25324,0,2692,0009,1264100019737,,,,1,용도지역코드,1021,제1종일반주거지역,1,0,,제1종일반주거지역,20221008
경상남도 양산시 물금읍 범어리 2692-9번지,48330,25324,0,2692,0009,1264100019737,,,,3,용도구역코드,301,제1종지구단위계획구역,1,0,,제1종지구단위계획구역,20221008
경상남도 양산시 물금읍 범어리 2692-10번지,48330,25324,0,2692,0010,1264100060254,,,,1,용도지역코드,UQA121,제1종일반주거지역,1,0,,제1종일반주거지역,20221008
경상남도 양산시 물금읍 범어리 2692-10번지,48330,25324,0,2692,0010,1264100060254,,,,3,용도구역코드,UQQ310,제1종지구단위계획구역,1,0,,제1종지구단위계획구역,20221008
경상남도 양산시 물금읍 범어리 2692-10번지,48330,25324,0,2692,0010,1264100060254,,,,3,용도구역코드,UOA120,상대보호구역,0,0,,상대정화구역,20221008
경상남도 양산시 물금읍 범어리 2692-11번지,48330,25324,0,2692,0011,1264100016777,,,,1,용도지역코드,1021,제1종일반주거지역,1,0,,제1종일반주거지역,20221008
경상남도 양산시 물금읍 범어리 2692-11번지,48330,25324,0,2692,0011,1264100016777,,,,3,용도구역코드,301,제1종지구단위계획구역,1,0,,제1종지구단위계획구역,20221008
경상남도 양산시 물금읍 범어리 2692-12번지,48330,25324,0,2692,0012,1264100017315,,,,1,용도지역코드,1021,제1종일반주거지역,1,0,,제1종일반주거지역,20221008
경상남도 양산시 물금읍 범어리 2692-12번지,48330,25324,0,2692,0012,1264100017315,,,,3,용도구역코드,301,제1종지구단위계획구역,1,0,,제1종지구단위계획구역,20221008
경상남도 양산시 물금읍 범어리 2692-12번지,48330,25324,0,2692,0012,1264100017315,,,,3,용도구역코드,272,상대정화구역,0,0,,상대정화구역,20221008
경상남도 양산시 물금읍 범어리 2692-13번지,48330,25324,0,2692,0013,1264100028335,,,,1,용도지역코드,UQA121,제1종일반주거지역,1,0,,제1종일반주거지역,20221008
경상남도 양산시 물금읍 범어리 2692-13번지,48330,25324,0,2692,0013,1264100028335,,,,3,용도구역코드,UQQ310,제1종지구단위계획구역,1,0,,제1종지구단위계획구역,20221008
경상남도 양산시 물금읍 범어리 2692-14번지,48330,25324,0,2692,0014,1264100034673,,,,1,용도지역코드,UQA121,제1종일반주거지역,1,0,,제1종일반주거지역,20221008
경상남도 양산시 물금읍 범어리 2692-14번지,48330,25324,0,2692,0014,1264100034673,,,,3,용도구역코드,UQQ310,제1종지구단위계획구역,1,0,,제1종지구단위계획구역,20221008
경상남도 양산시 물금읍 범어리 2692-14번지,48330,25324,0,2692,0014,1264100034673,,,,3,용도구역코드,UOA120,상대보호구역,0,0,,상대정화구역,20221008
경상남도 양산시 물금읍 범어리 2692-14번지,48330,25324,0,2692,0014,1264100034673,,,,3,용도구역코드,UOA110,절대정화구역,0,0,,절대정화구역,20221008
경상남도 양산시 물금읍 범어리 2692-15번지,48330,25324,0,2692,0015,1264100028330,,,,1,용도지역코드,UQA121,제1종일반주거지역,1,0,,제1종일반주거지역,20221008
경상남도 양산시 물금읍 범어리 2692-15번지,48330,25324,0,2692,0015,1264100028330,,,,3,용도구역코드,UQQ310,제1종지구단위계획구역,1,0,,제1종지구단위계획구역,20221008
경상남도 양산시 물금읍 범어리 2692-15번지,48330,25324,0,2692,0015,1264100028330,,,,3,용도구역코드,UOA110,절대정화구역,0,0,,절대정화구역,20221008
경상남도 양산시 물금읍 범어리 2692-15번지,48330,25324,0,2692,0015,1264100028330,,,,3,용도구역코드,UOA120,상대보호구역,0,0,,상대정화구역,20221008
경상남도 양산시 물금읍 범어리 2692-16번지,48330,25324,0,2692,0016,1264100081759,,,,1,용도지역코드,UQA121,제1종일반주거지역,1,0,,제1종일반주거지역,20221008
경상남도 양산시 물금읍 범어리 2692-16번지,48330,25324,0,2692,0016,1264100081759,,,,3,용도구역코드,UQQ310,제1종지구단위계획구역,1,0,,제1종지구단위계획구역,20221008
경상남도 양산시 물금읍 범어리 2693-1번지,48330,25324,0,2693,0001,1264100027552,,,,1,용도지역코드,UQA121,제1종일반주거지역,1,0,,제1종일반주거지역,20221008
경상남도 양산시 물금읍 범어리 2693-1번지,48330,25324,0,2693,0001,1264100027552,,,,3,용도구역코드,UQQ310,제1종지구단위계획구역,1,0,,제1종지구단위계획구역,20221008
경상남도 양산시 물금읍 범어리 2693-2번지,48330,25324,0,2693,0002,1264100058732,,,,1,용도지역코드,UQA121,제1종일반주거지역,1,0,,제1종일반주거지역,20221008
경상남도 양산시 물금읍 범어리 2693-2번지,48330,25324,0,2693,0002,1264100058732,,,,3,용도구역코드,UQQ310,제1종지구단위계획구역,1,0,,제1종지구단위계획구역,20221008
경상남도 양산시 물금읍 범어리 2693-2번지,48330,25324,0,2693,0002,1264100058732,,,,3,용도구역코드,UOA120,상대보호구역,0,0,,상대정화구역,20221008
경상남도 양산시 물금읍 범어리 2693-2번지,48330,25324,0,2693,0002,1264100058732,,,,3,용도구역코드,UOA110,절대정화구역,0,0,,절대정화구역,20221008
경상남도 양산시 물금읍 범어리 2693-2번지,48330,25324,0,2693,0002,1264100016790,,,,1,용도지역코드,1021,제1종일반주거지역,1,0,,제1종일반주거지역,20221008
경상남도 양산시 물금읍 범어리 2693-2번지,48330,25324,0,2693,0002,1264100016790,,,,3,용도구역코드,301,제1종지구단위계획구역,1,0,,제1종지구단위계획구역,20221008
경상남도 양산시 물금읍 범어리 2693-3번지,48330,25324,0,2693,0003,1264100019578,,,,1,용도지역코드,1021,제1종일반주거지역,1,0,,제1종일반주거지역,20221008
경상남도 양산시 물금읍 범어리 2693-3번지,48330,25324,0,2693,0003,1264100019578,,,,3,용도구역코드,301,제1종지구단위계획구역,1,0,,제1종지구단위계획구역,20221008
경상남도 양산시 물금읍 범어리 2693-3번지,48330,25324,0,2693,0003,1264100019578,,,,3,용도구역코드,272,상대정화구역,0,0,,상대정화구역,20221008
경상남도 양산시 물금읍 범어리 2693-3번지,48330,25324,0,2693,0003,1264100019578,,,,3,용도구역코드,271,절대정화구역,0,0,,절대정화구역,20221008
경상남도 양산시 물금읍 범어리 2693-3번지,48330,25324,0,2693,0003,1264100016598,,,,3,용도구역코드,271,절대정화구역,0,0,,절대정화구역,20221008
경상남도 양산시 물금읍 범어리 2693-3번지,48330,25324,0,2693,0003,1264100016598,,,,3,용도구역코드,272,상대정화구역,0,0,,상대정화구역,20221008
경상남도 양산시 물금읍 범어리 2693-3번지,48330,25324,0,2693,0003,1264100016598,,,,1,용도지역코드,1021,제1종일반주거지역,1,0,,제1종일반주거지역,20221008
경상남도 양산시 물금읍 범어리 2693-3번지,48330,25324,0,2693,0003,1264100016598,,,,3,용도구역코드,301,제1종지구단위계획구역,1,0,,제1종지구단위계획구역,20221008
경상남도 양산시 물금읍 범어리 2693-4번지,48330,25324,0,2693,0004,1264100016536,,,,1,용도지역코드,1021,제1종일반주거지역,1,0,,제1종일반주거지역,20221008
경상남도 양산시 물금읍 범어리 2693-4번지,48330,25324,0,2693,0004,1264100016536,,,,3,용도구역코드,301,제1종지구단위계획구역,1,0,,제1종지구단위계획구역,20221008
경상남도 양산시 물금읍 범어리 2693-4번지,48330,25324,0,2693,0004,1264100016536,,,,3,용도구역코드,272,상대정화구역,0,0,,상대정화구역,20221008
경상남도 양산시 물금읍 범어리 2693-5번지,48330,25324,0,2693,0005,1264100021383,,,,1,용도지역코드,1021,제1종일반주거지역,1,0,,제1종일반주거지역,20221008
경상남도 양산시 물금읍 범어리 2693-5번지,48330,25324,0,2693,0005,1264100021383,,,,3,용도구역코드,301,제1종지구단위계획구역,1,0,,제1종지구단위계획구역,20221008
경상남도 양산시 물금읍 범어리 2693-5번지,48330,25324,0,2693,0005,1264100021383,,,,3,용도구역코드,272,상대정화구역,0,0,,상대정화구역,20221008
경상남도 양산시 물금읍 범어리 2693-6번지,48330,25324,0,2693,0006,1264100062299,,,,1,용도지역코드,UQA121,제1종일반주거지역,1,0,,제1종일반주거지역,20221008
경상남도 양산시 물금읍 범어리 2693-6번지,48330,25324,0,2693,0006,1264100062299,,,,3,용도구역코드,UQQ310,제1종지구단위계획구역,1,0,,제1종지구단위계획구역,20221008
경상남도 양산시 물금읍 범어리 2693-6번지,48330,25324,0,2693,0006,1264100062299,,,,3,용도구역코드,UOA120,상대보호구역,0,0,,상대정화구역,20221008
경상남도 양산시 물금읍 범어리 2693-7번지,48330,25324,0,2693,0007,1264100023689,,,,1,용도지역코드,UQA121,제1종일반주거지역,1,0,,제1종일반주거지역,20221008
경상남도 양산시 물금읍 범어리 2693-7번지,48330,25324,0,2693,0007,1264100023689,,,,3,용도구역코드,UQQ310,제1종지구단위계획구역,1,0,,제1종지구단위계획구역,20221008
경상남도 양산시 물금읍 범어리 2693-9번지,48330,25324,0,2693,0009,1264100022225,,,,1,용도지역코드,UQA121,제1종일반주거지역,1,0,,제1종일반주거지역,20221008
경상남도 양산시 물금읍 범어리 2693-9번지,48330,25324,0,2693,0009,1264100022225,,,,3,용도구역코드,UQQ310,제1종지구단위계획구역,1,0,,제1종지구단위계획구역,20221008
경상남도 양산시 물금읍 범어리 2693-9번지,48330,25324,0,2693,0009,1264100022225,,,,3,용도구역코드,UOA120,상대보호구역,0,0,,상대정화구역,20221008
경상남도 양산시 물금읍 범어리 2693-10번지,48330,25324,0,2693,0010,1264100019277,,,,1,용도지역코드,1021,제1종일반주거지역,1,0,,제1종일반주거지역,20221008
경상남도 양산시 물금읍 범어리 2693-10번지,48330,25324,0,2693,0010,1264100019277,,,,3,용도구역코드,301,제1종지구단위계획구역,1,0,,제1종지구단위계획구역,20221008
경상남도 양산시 물금읍 범어리 2693-10번지,48330,25324,0,2693,0010,1264100019277,,,,3,용도구역코드,272,상대정화구역,0,0,,상대정화구역,20221008
경상남도 양산시 물금읍 범어리 2693-10번지,48330,25324,0,2693,0010,1264100016254,,,,1,용도지역코드,1021,제1종일반주거지역,1,0,,제1종일반주거지역,20221008
경상남도 양산시 물금읍 범어리 2693-10번지,48330,25324,0,2693,0010,1264100016254,,,,3,용도구역코드,301,제1종지구단위계획구역,1,0,,제1종지구단위계획구역,20221008
경상남도 양산시 물금읍 범어리 2693-10번지,48330,25324,0,2693,0010,1264100016254,,,,3,용도구역코드,272,상대정화구역,0,0,,상대정화구역,20221008
경상남도 양산시 물금읍 범어리 2693-11번지,48330,25324,0,2693,0011,1264100033263,,,,1,용도지역코드,UQA121,제1종일반주거지역,1,0,,제1종일반주거지역,20221008
경상남도 양산시 물금읍 범어리 2693-11번지,48330,25324,0,2693,0011,1264100033263,,,,3,용도구역코드,UQQ310,제1종지구단위계획구역,1,0,,제1종지구단위계획구역,20221008
경상남도 양산시 물금읍 범어리 2693-11번지,48330,25324,0,2693,0011,1264100033263,,,,3,용도구역코드,UOA120,상대보호구역,0,0,,상대정화구역,20221008
경상남도 양산시 물금읍 범어리 2693-12번지,48330,25324,0,2693,0012,1264100029770,,,,1,용도지역코드,UQA121,제1종일반주거지역,1,0,,제1종일반주거지역,20221008
경상남도 양산시 물금읍 범어리 2693-12번지,48330,25324,0,2693,0012,1264100029770,,,,3,용도구역코드,UQQ310,제1종지구단위계획구역,1,0,,제1종지구단위계획구역,20221008
경상남도 양산시 물금읍 범어리 2693-12번지,48330,25324,0,2693,0012,1264100029770,,,,3,용도구역코드,UOA120,상대보호구역,0,0,,상대정화구역,20221008
경상남도 양산시 물금읍 범어리 2693-13번지,48330,25324,0,2693,0013,1264100029229,,,,1,용도지역코드,UQA121,제1종일반주거지역,1,0,,제1종일반주거지역,20221008
경상남도 양산시 물금읍 범어리 2693-13번지,48330,25324,0,2693,0013,1264100029229,,,,3,용도구역코드,UQQ310,제1종지구단위계획구역,1,0,,제1종지구단위계획구역,20221008
경상남도 양산시 물금읍 범어리 2693-13번지,48330,25324,0,2693,0013,1264100029229,,,,3,용도구역코드,UOA120,상대보호구역,0,0,,상대정화구역,20221008
경상남도 양산시 물금읍 범어리 2693-14번지,48330,25324,0,2693,0014,1264100029791,,,,1,용도지역코드,UQA121,제1종일반주거지역,1,0,,제1종일반주거지역,20221008
경상남도 양산시 물금읍 범어리 2693-14번지,48330,25324,0,2693,0014,1264100029791,,,,3,용도구역코드,UQQ310,제1종지구단위계획구역,1,0,,제1종지구단위계획구역,20221008
경상남도 양산시 물금읍 범어리 2693-14번지,48330,25324,0,2693,0014,1264100029791,,,,3,용도구역코드,UOA120,상대보호구역,0,0,,상대정화구역,20221008
경상남도 양산시 물금읍 범어리 2693-15번지,48330,25324,0,2693,0015,1264100035955,,,,1,용도지역코드,UQA121,제1종일반주거지역,1,0,,제1종일반주거지역,20221008
경상남도 양산시 물금읍 범어리 2693-15번지,48330,25324,0,2693,0015,1264100035955,,,,3,용도구역코드,UQQ310,제1종지구단위계획구역,1,0,,제1종지구단위계획구역,20221008
경상남도 양산시 물금읍 범어리 2693-15번지,48330,25324,0,2693,0015,1264100035955,,,,3,용도구역코드,UOA120,상대보호구역,0,0,,상대정화구역,20221008
경상남도 양산시 물금읍 범어리 2694-1번지,48330,25324,0,2694,0001,1264100089381,,,,1,용도지역코드,UQA121,제1종일반주거지역,1,0,,제1종일반주거지역,20221008
경상남도 양산시 물금읍 범어리 2694-1번지,48330,25324,0,2694,0001,1264100089381,,,,3,용도구역코드,UQQ310,제1종지구단위계획구역,1,0,,제1종지구단위계획구역,20221008
경상남도 양산시 물금읍 범어리 2694-1번지,48330,25324,0,2694,0001,1264100089381,,,,3,용도구역코드,UOA110,절대정화구역,0,0,,절대정화구역,20221008
경상남도 양산시 물금읍 범어리 2694-1번지,48330,25324,0,2694,0001,1264100089381,,,,3,용도구역코드,UOA120,상대보호구역,0,0,,상대정화구역,20221008
경상남도 양산시 물금읍 범어리 2694-2번지,48330,25324,0,2694,0002,1264100051765,,,,1,용도지역코드,UQA121,제1종일반주거지역,1,0,,제1종일반주거지역,20221008
경상남도 양산시 물금읍 범어리 2694-2번지,48330,25324,0,2694,0002,1264100051765,,,,3,용도구역코드,UQQ310,제1종지구단위계획구역,1,0,,제1종지구단위계획구역,20221008
경상남도 양산시 물금읍 범어리 2694-2번지,48330,25324,0,2694,0002,1264100051765,,,,3,용도구역코드,UOA120,상대보호구역,0,0,,상대정화구역,20221008
경상남도 양산시 물금읍 범어리 2694-3번지,48330,25324,0,2694,0003,1264100017134,,,,1,용도지역코드,1021,제1종일반주거지역,1,0,,제1종일반주거지역,20221008
경상남도 양산시 물금읍 범어리 2694-3번지,48330,25324,0,2694,0003,1264100017134,,,,3,용도구역코드,301,제1종지구단위계획구역,1,0,,제1종지구단위계획구역,20221008
경상남도 양산시 물금읍 범어리 2694-4번지,48330,25324,0,2694,0004,1264100030299,,,,1,용도지역코드,UQA121,제1종일반주거지역,1,0,,제1종일반주거지역,20221008
경상남도 양산시 물금읍 범어리 2694-4번지,48330,25324,0,2694,0004,1264100030299,,,,3,용도구역코드,UQQ310,제1종지구단위계획구역,1,0,,제1종지구단위계획구역,20221008
경상남도 양산시 물금읍 범어리 2694-5번지,48330,25324,0,2694,0005,1264100023889,,,,1,용도지역코드,UQA121,제1종일반주거지역,1,0,,제1종일반주거지역,20221008
경상남도 양산시 물금읍 범어리 2694-5번지,48330,25324,0,2694,0005,1264100023889,,,,3,용도구역코드,UQQ310,제1종지구단위계획구역,1,0,,제1종지구단위계획구역,20221008
경상남도 양산시 물금읍 범어리 2694-5번지,48330,25324,0,2694,0005,1264100023889,,,,3,용도구역코드,UOA120,상대보호구역,0,0,,상대정화구역,20221008
경상남도 양산시 물금읍 범어리 2694-7번지,48330,25324,0,2694,0007,1264100150350,,,,1,용도지역코드,UQA121,제1종일반주거지역,1,0,,제1종일반주거지역,20221008
경상남도 양산시 물금읍 범어리 2694-7번지,48330,25324,0,2694,0007,1264100150350,,,,3,용도구역코드,UOA120,상대보호구역,1,0,,상대보호구역,20221008
경상남도 양산시 물금읍 범어리 2694-7번지,48330,25324,0,2694,0007,1264100150350,,,,3,용도구역코드,UQQ310,제1종지구단위계획구역,0,0,,제1종지구단위계획구역,20221008
경상남도 양산시 물금읍 범어리 2694-8번지,48330,25324,0,2694,0008,1264100022005,,,,1,용도지역코드,UQA121,제1종일반주거지역,1,0,,제1종일반주거지역,20221008
경상남도 양산시 물금읍 범어리 2694-8번지,48330,25324,0,2694,0008,1264100022005,,,,3,용도구역코드,UQQ310,제1종지구단위계획구역,1,0,,제1종지구단위계획구역,20221008
경상남도 양산시 물금읍 범어리 2694-8번지,48330,25324,0,2694,0008,1264100022005,,,,3,용도구역코드,UOA120,상대보호구역,0,0,,상대정화구역,20221008
경상남도 양산시 물금읍 범어리 2694-8번지,48330,25324,0,2694,0008,1264100011871,,,,1,용도지역코드,1021,제1종일반주거지역,1,0,,제1종일반주거지역,20221008
경상남도 양산시 물금읍 범어리 2694-8번지,48330,25324,0,2694,0008,1264100011871,,,,3,용도구역코드,301,제1종지구단위계획구역,1,0,,제1종지구단위계획구역,20221008
경상남도 양산시 물금읍 범어리 2694-10번지,48330,25324,0,2694,0010,1264100033905,,,,3,용도구역코드,UQQ310,제1종지구단위계획구역,1,0,,제1종지구단위계획구역,20221008
경상남도 양산시 물금읍 범어리 2694-10번지,48330,25324,0,2694,0010,1264100033905,,,,3,용도구역코드,UOA120,상대보호구역,0,0,,상대정화구역,20221008
경상남도 양산시 물금읍 범어리 2694-10번지,48330,25324,0,2694,0010,1264100033905,,,,1,용도지역코드,UQA121,제1종일반주거지역,1,0,,제1종일반주거지역,20221008
경상남도 양산시 물금읍 범어리 2694-11번지,48330,25324,0,2694,0011,1264100114218,,,,1,용도지역코드,UQA121,제1종일반주거지역,1,0,,제1종일반주거지역,20221008
경상남도 양산시 물금읍 범어리 2694-11번지,48330,25324,0,2694,0011,1264100114218,,,,3,용도구역코드,UOA120,상대보호구역,1,0,,상대보호구역,20221008
경상남도 양산시 물금읍 범어리 2694-11번지,48330,25324,0,2694,0011,1264100114218,,,,3,용도구역코드,UQQ310,제1종지구단위계획구역,0,0,,제1종지구단위계획구역,20221008
경상남도 양산시 물금읍 범어리 2694-12번지,48330,25324,0,2694,0012,1264100019738,,,,1,용도지역코드,1021,제1종일반주거지역,1,0,,제1종일반주거지역,20221008
경상남도 양산시 물금읍 범어리 2694-12번지,48330,25324,0,2694,0012,1264100019738,,,,3,용도구역코드,301,제1종지구단위계획구역,1,0,,제1종지구단위계획구역,20221008
경상남도 양산시 물금읍 범어리 2694-12번지,48330,25324,0,2694,0012,1264100010133,,,,1,용도지역코드,1022,제2종일반주거지역,1,0,,제2종일반주거지역,20221008
경상남도 양산시 물금읍 범어리 2694-12번지,48330,25324,0,2694,0012,1264100010133,,,,3,용도구역코드,301,제1종지구단위계획구역,1,0,,제1종지구단위계획구역,20221008
경상남도 양산시 물금읍 범어리 2694-13번지,48330,25324,0,2694,0013,1264100032677,,,,1,용도지역코드,UQA121,제1종일반주거지역,1,0,,제1종일반주거지역,20221008
경상남도 양산시 물금읍 범어리 2694-13번지,48330,25324,0,2694,0013,1264100032677,,,,3,용도구역코드,UQQ310,제1종지구단위계획구역,1,0,,제1종지구단위계획구역,20221008
경상남도 양산시 물금읍 범어리 2694-13번지,48330,25324,0,2694,0013,1264100032677,,,,3,용도구역코드,UOA120,상대보호구역,0,0,,상대정화구역,20221008
경상남도 양산시 물금읍 범어리 2694-14번지,48330,25324,0,2694,0014,1264100071041,,,,1,용도지역코드,UQA121,제1종일반주거지역,1,0,,제1종일반주거지역,20221008
경상남도 양산시 물금읍 범어리 2694-14번지,48330,25324,0,2694,0014,1264100071041,,,,3,용도구역코드,UQQ310,제1종지구단위계획구역,1,0,,제1종지구단위계획구역,20221008
경상남도 양산시 물금읍 범어리 2694-15번지,48330,25324,0,2694,0015,1264100028011,,,,1,용도지역코드,UQA121,제1종일반주거지역,1,0,,제1종일반주거지역,20221008
경상남도 양산시 물금읍 범어리 2694-15번지,48330,25324,0,2694,0015,1264100016735,,,,1,용도지역코드,1021,제1종일반주거지역,1,0,,제1종일반주거지역,20221008
경상남도 양산시 물금읍 범어리 2694-15번지,48330,25324,0,2694,0015,1264100016735,,,,3,용도구역코드,301,제1종지구단위계획구역,1,0,,제1종지구단위계획구역,20221008
경상남도 양산시 물금읍 범어리 2694-16번지,48330,25324,0,2694,0016,1264100020058,,,,3,용도구역코드,301,제1종지구단위계획구역,1,0,,제1종지구단위계획구역,20221008
경상남도 양산시 물금읍 범어리 2694-16번지,48330,25324,0,2694,0016,1264100020058,,,,1,용도지역코드,1021,제1종일반주거지역,1,0,,제1종일반주거지역,20221008
경상남도 양산시 물금읍 범어리 2695-1번지,48330,25324,0,2695,0001,1264100015316,,,,1,용도지역코드,1021,제1종일반주거지역,1,0,,제1종일반주거지역,20221008
경상남도 양산시 물금읍 범어리 2695-1번지,48330,25324,0,2695,0001,1264100015316,,,,3,용도구역코드,301,제1종지구단위계획구역,1,0,,제1종지구단위계획구역,20221008
경상남도 양산시 물금읍 범어리 2695-1번지,48330,25324,0,2695,0001,1264100020256,,,,1,용도지역코드,1021,제1종일반주거지역,1,0,,제1종일반주거지역,20221008
경상남도 양산시 물금읍 범어리 2695-1번지,48330,25324,0,2695,0001,1264100020256,,,,3,용도구역코드,301,제1종지구단위계획구역,1,0,,제1종지구단위계획구역,20221008
경상남도 양산시 물금읍 범어리 2695-2번지,48330,25324,0,2695,0002,1264100015556,,,,1,용도지역코드,1021,제1종일반주거지역,1,0,,제1종일반주거지역,20221008
경상남도 양산시 물금읍 범어리 2695-2번지,48330,25324,0,2695,0002,1264100015556,,,,3,용도구역코드,301,제1종지구단위계획구역,1,0,,제1종지구단위계획구역,20221008
경상남도 양산시 물금읍 범어리 2695-3번지,48330,25324,0,2695,0003,1264100090621,,,,3,용도구역코드,UOA110,절대정화구역,0,0,,절대정화구역,20221008
경상남도 양산시 물금읍 범어리 2695-3번지,48330,25324,0,2695,0003,1264100090621,,,,1,용도지역코드,UQA121,제1종일반주거지역,1,0,,제1종일반주거지역,20221008
경상남도 양산시 물금읍 범어리 2695-3번지,48330,25324,0,2695,0003,1264100090621,,,,3,용도구역코드,UQQ310,제1종지구단위계획구역,1,0,,제1종지구단위계획구역,20221008
경상남도 양산시 물금읍 범어리 2695-3번지,48330,25324,0,2695,0003,1264100090621,,,,3,용도구역코드,UOA120,상대보호구역,0,0,,상대정화구역,20221008
경상남도 양산시 물금읍 범어리 2695-4번지,48330,25324,0,2695,0004,1264100021782,,,,1,용도지역코드,UQA121,제1종일반주거지역,1,0,,제1종일반주거지역,20221008
경상남도 양산시 물금읍 범어리 2695-4번지,48330,25324,0,2695,0004,1264100021782,,,,3,용도구역코드,UQQ310,제1종지구단위계획구역,1,0,,제1종지구단위계획구역,20221008
경상남도 양산시 물금읍 범어리 2695-5번지,48330,25324,0,2695,0005,1264100035213,,,,1,용도지역코드,UQA121,제1종일반주거지역,1,0,,제1종일반주거지역,20221008
경상남도 양산시 물금읍 범어리 2695-5번지,48330,25324,0,2695,0005,1264100035213,,,,3,용도구역코드,UQQ310,제1종지구단위계획구역,1,0,,제1종지구단위계획구역,20221008
경상남도 양산시 물금읍 범어리 2695-5번지,48330,25324,0,2695,0005,1264100035213,,,,3,용도구역코드,UOA120,상대보호구역,0,0,,상대정화구역,20221008
경상남도 양산시 물금읍 범어리 2695-6번지,48330,25324,0,2695,0006,1264100013253,,,,1,용도지역코드,1021,제1종일반주거지역,1,0,,제1종일반주거지역,20221008
경상남도 양산시 물금읍 범어리 2695-6번지,48330,25324,0,2695,0006,1264100013253,,,,3,용도구역코드,301,제1종지구단위계획구역,1,0,,제1종지구단위계획구역,20221008
경상남도 양산시 물금읍 범어리 2695-6번지,48330,25324,0,2695,0006,1264100063483,,,,1,용도지역코드,UQA121,제1종일반주거지역,1,0,,제1종일반주거지역,20221008
경상남도 양산시 물금읍 범어리 2695-6번지,48330,25324,0,2695,0006,1264100063483,,,,3,용도구역코드,UQQ310,제1종지구단위계획구역,1,0,,제1종지구단위계획구역,20221008
경상남도 양산시 물금읍 범어리 2695-6번지,48330,25324,0,2695,0006,1264100008616,,,,1,용도지역코드,1021,제1종일반주거지역,1,0,,제1종일반주거지역,20221008
경상남도 양산시 물금읍 범어리 2695-6번지,48330,25324,0,2695,0006,1264100008616,,,,3,용도구역코드,301,제1종지구단위계획구역,1,0,,제1종지구단위계획구역,20221008
경상남도 양산시 물금읍 범어리 2695-7번지,48330,25324,0,2695,0007,1264100031002,,,,1,용도지역코드,UQA121,제1종일반주거지역,1,0,,제1종일반주거지역,20221008
경상남도 양산시 물금읍 범어리 2695-7번지,48330,25324,0,2695,0007,1264100031002,,,,3,용도구역코드,UQQ310,제1종지구단위계획구역,1,0,,제1종지구단위계획구역,20221008
경상남도 양산시 물금읍 범어리 2695-7번지,48330,25324,0,2695,0007,1264100031002,,,,3,용도구역코드,UOA120,상대보호구역,0,0,,상대정화구역,20221008
경상남도 양산시 물금읍 범어리 2695-8번지,48330,25324,0,2695,0008,1264100014894,,,,1,용도지역코드,1021,제1종일반주거지역,1,0,,제1종일반주거지역,20221008
경상남도 양산시 물금읍 범어리 2695-8번지,48330,25324,0,2695,0008,1264100014894,,,,3,용도구역코드,301,제1종지구단위계획구역,1,0,,제1종지구단위계획구역,20221008
경상남도 양산시 물금읍 범어리 2695-9번지,48330,25324,0,2695,0009,1264100026431,,,,1,용도지역코드,UQA121,제1종일반주거지역,1,0,,제1종일반주거지역,20221008
경상남도 양산시 물금읍 범어리 2695-9번지,48330,25324,0,2695,0009,1264100026431,,,,3,용도구역코드,UQQ310,제1종지구단위계획구역,1,0,,제1종지구단위계획구역,20221008
경상남도 양산시 물금읍 범어리 2695-10번지,48330,25324,0,2695,0010,1264100007748,,,,1,용도지역코드,1021,제1종일반주거지역,1,0,,제1종일반주거지역,20221008
경상남도 양산시 물금읍 범어리 2695-10번지,48330,25324,0,2695,0010,1264100007748,,,,3,용도구역코드,301,제1종지구단위계획구역,1,0,,제1종지구단위계획구역,20221008
경상남도 양산시 물금읍 범어리 2695-11번지,48330,25324,0,2695,0011,1264100012392,,,,1,용도지역코드,1021,제1종일반주거지역,1,0,,제1종일반주거지역,20221008
경상남도 양산시 물금읍 범어리 2695-11번지,48330,25324,0,2695,0011,1264100012392,,,,3,용도구역코드,301,제1종지구단위계획구역,1,0,,제1종지구단위계획구역,20221008
경상남도 양산시 물금읍 범어리 2695-11번지,48330,25324,0,2695,0011,1264100020380,,,,3,용도구역코드,301,제1종지구단위계획구역,1,0,,제1종지구단위계획구역,20221008
경상남도 양산시 물금읍 범어리 2695-11번지,48330,25324,0,2695,0011,1264100020380,,,,1,용도지역코드,1021,제1종일반주거지역,1,0,,제1종일반주거지역,20221008
경상남도 양산시 물금읍 범어리 2695-12번지,48330,25324,0,2695,0012,1000000000000000274250,,,,3,용도구역코드,UMZ100,가축사육제한구역,0,0,,가축사육제한구역,20230418
경상남도 양산시 물금읍 범어리 2695-12번지,48330,25324,0,2695,0012,1000000000000000274250,,,,3,용도구역코드,UOA120,상대보호구역,0,0,,상대보호구역,20230418
경상남도 양산시 물금읍 범어리 2695-12번지,48330,25324,0,2695,0012,1000000000000000274250,,,,1,용도지역코드,UQA121,제1종일반주거지역,1,0,,제1종일반주거지역,20230418
경상남도 양산시 물금읍 범어리 2695-12번지,48330,25324,0,2695,0012,1000000000000000274250,,,,3,용도구역코드,UQQ310,제1종지구단위계획구역,1,0,,제1종지구단위계획구역,20230418
경상남도 양산시 물금읍 범어리 2695-13번지,48330,25324,0,2695,0013,1264100016778,,,,1,용도지역코드,1021,제1종일반주거지역,1,0,,제1종일반주거지역,20221008
경상남도 양산시 물금읍 범어리 2695-13번지,48330,25324,0,2695,0013,1264100016778,,,,3,용도구역코드,301,제1종지구단위계획구역,1,0,,제1종지구단위계획구역,20221008
경상남도 양산시 물금읍 범어리 2695-14번지,48330,25324,0,2695,0014,1264100021119,,,,1,용도지역코드,1021,제1종일반주거지역,1,0,,제1종일반주거지역,20221008
경상남도 양산시 물금읍 범어리 2695-14번지,48330,25324,0,2695,0014,1264100021119,,,,3,용도구역코드,301,제1종지구단위계획구역,1,0,,제1종지구단위계획구역,20221008
경상남도 양산시 물금읍 범어리 2695-14번지,48330,25324,0,2695,0014,1264100005385,,,,1,용도지역코드,1021,제1종일반주거지역,1,0,,제1종일반주거지역,20221008
경상남도 양산시 물금읍 범어리 2695-15번지,48330,25324,0,2695,0015,1264100019078,,,,3,용도구역코드,301,제1종지구단위계획구역,1,0,,제1종지구단위계획구역,20221008
경상남도 양산시 물금읍 범어리 2695-15번지,48330,25324,0,2695,0015,1264100019078,,,,1,용도지역코드,1021,제1종일반주거지역,1,0,,제1종일반주거지역,20221008
경상남도 양산시 물금읍 범어리 2695-15번지,48330,25324,0,2695,0015,1264100016336,,,,1,용도지역코드,1021,제1종일반주거지역,1,0,,제1종일반주거지역,20221008
경상남도 양산시 물금읍 범어리 2695-15번지,48330,25324,0,2695,0015,1264100016336,,,,3,용도구역코드,272,상대정화구역,1,0,,상대정화구역,20221008
경상남도 양산시 물금읍 범어리 2695-15번지,48330,25324,0,2695,0015,1264100016336,,,,3,용도구역코드,301,제1종지구단위계획구역,0,0,,제1종지구단위계획구역,20221008
경상남도 양산시 물금읍 범어리 2695-16번지,48330,25324,0,2695,0016,1264100017338,,,,1,용도지역코드,1021,제1종일반주거지역,1,0,,제1종일반주거지역,20221008
경상남도 양산시 물금읍 범어리 2695-16번지,48330,25324,0,2695,0016,1264100017338,,,,3,용도구역코드,301,제1종지구단위계획구역,1,0,,제1종지구단위계획구역,20221008
경상남도 양산시 물금읍 범어리 2696-1번지,48330,25324,0,2696,0001,1264100035234,,,,1,용도지역코드,UQA121,제1종일반주거지역,1,0,,제1종일반주거지역,20221008
경상남도 양산시 물금읍 범어리 2696-1번지,48330,25324,0,2696,0001,1264100035234,,,,3,용도구역코드,UQQ310,제1종지구단위계획구역,1,0,,제1종지구단위계획구역,20221008
경상남도 양산시 물금읍 범어리 2696-1번지,48330,25324,0,2696,0001,1264100035234,,,,3,용도구역코드,UOA120,상대보호구역,0,0,,상대정화구역,20221008
경상남도 양산시 물금읍 범어리 2696-2번지,48330,25324,0,2696,0002,1264100031800,,,,3,용도구역코드,UOA120,상대보호구역,0,0,,상대정화구역,20221008
경상남도 양산시 물금읍 범어리 2696-2번지,48330,25324,0,2696,0002,1264100031800,,,,1,용도지역코드,UQA121,제1종일반주거지역,1,0,,제1종일반주거지역,20221008
경상남도 양산시 물금읍 범어리 2696-2번지,48330,25324,0,2696,0002,1264100031800,,,,3,용도구역코드,UQQ310,제1종지구단위계획구역,1,0,,제1종지구단위계획구역,20221008
경상남도 양산시 물금읍 범어리 2696-3번지,48330,25324,0,2696,0003,1264100036072,,,,1,용도지역코드,UQA121,제1종일반주거지역,1,0,,제1종일반주거지역,20221008
경상남도 양산시 물금읍 범어리 2696-3번지,48330,25324,0,2696,0003,1264100036072,,,,3,용도구역코드,UQQ310,제1종지구단위계획구역,1,0,,제1종지구단위계획구역,20221008
경상남도 양산시 물금읍 범어리 2696-3번지,48330,25324,0,2696,0003,1264100036072,,,,3,용도구역코드,UOA120,상대보호구역,0,0,,상대정화구역,20221008
경상남도 양산시 물금읍 범어리 2696-4번지,48330,25324,0,2696,0004,1264100049550,,,,1,용도지역코드,UQA121,제1종일반주거지역,1,0,,제1종일반주거지역,20221008
경상남도 양산시 물금읍 범어리 2696-4번지,48330,25324,0,2696,0004,1264100049550,,,,3,용도구역코드,UQQ310,제1종지구단위계획구역,1,0,,제1종지구단위계획구역,20221008
경상남도 양산시 물금읍 범어리 2696-4번지,48330,25324,0,2696,0004,1264100049550,,,,3,용도구역코드,UOA120,상대보호구역,0,0,,상대정화구역,20221008
경상남도 양산시 물금읍 범어리 2696-5번지,48330,25324,0,2696,0005,1264100011213,,,,1,용도지역코드,1021,제1종일반주거지역,1,0,,제1종일반주거지역,20221008
경상남도 양산시 물금읍 범어리 2696-5번지,48330,25324,0,2696,0005,1264100011213,,,,3,용도구역코드,301,제1종지구단위계획구역,1,0,,제1종지구단위계획구역,20221008
경상남도 양산시 물금읍 범어리 2696-6번지,48330,25324,0,2696,0006,1264100011770,,,,1,용도지역코드,1021,제1종일반주거지역,1,0,,제1종일반주거지역,20221008
경상남도 양산시 물금읍 범어리 2696-6번지,48330,25324,0,2696,0006,1264100011770,,,,3,용도구역코드,272,상대정화구역,1,0,,상대정화구역,20221008
경상남도 양산시 물금읍 범어리 2696-6번지,48330,25324,0,2696,0006,1264100011770,,,,3,용도구역코드,301,제1종지구단위계획구역,0,0,,제1종지구단위계획구역,20221008
경상남도 양산시 물금읍 범어리 2696-8번지,48330,25324,0,2696,0008,1264100045925,,,,1,용도지역코드,UQA121,제1종일반주거지역,1,0,,제1종일반주거지역,20221008
경상남도 양산시 물금읍 범어리 2696-8번지,48330,25324,0,2696,0008,1264100045925,,,,3,용도구역코드,UQQ310,제1종지구단위계획구역,1,0,,제1종지구단위계획구역,20221008
경상남도 양산시 물금읍 범어리 2696-8번지,48330,25324,0,2696,0008,1264100045925,,,,3,용도구역코드,UOA120,상대보호구역,0,0,,상대정화구역,20221008
경상남도 양산시 물금읍 범어리 2696-9번지,48330,25324,0,2696,0009,1264100019599,,,,1,용도지역코드,1021,제1종일반주거지역,1,0,,제1종일반주거지역,20221008
경상남도 양산시 물금읍 범어리 2696-9번지,48330,25324,0,2696,0009,1264100019599,,,,3,용도구역코드,301,제1종지구단위계획구역,1,0,,제1종지구단위계획구역,20221008
경상남도 양산시 물금읍 범어리 2696-9번지,48330,25324,0,2696,0009,1264100014634,,,,1,용도지역코드,1021,제1종일반주거지역,1,0,,제1종일반주거지역,20221008
경상남도 양산시 물금읍 범어리 2696-10번지,48330,25324,0,2696,0010,1264100046246,,,,1,용도지역코드,UQA121,제1종일반주거지역,1,0,,제1종일반주거지역,20221008
경상남도 양산시 물금읍 범어리 2696-10번지,48330,25324,0,2696,0010,1264100046246,,,,3,용도구역코드,UQQ310,제1종지구단위계획구역,1,0,,제1종지구단위계획구역,20221008
경상남도 양산시 물금읍 범어리 2696-10번지,48330,25324,0,2696,0010,1264100046246,,,,3,용도구역코드,UOA120,상대보호구역,0,0,,상대정화구역,20221008
경상남도 양산시 물금읍 범어리 2696-11번지,48330,25324,0,2696,0011,1264100007546,,,,1,용도지역코드,1021,제1종일반주거지역,1,0,,제1종일반주거지역,20221008
경상남도 양산시 물금읍 범어리 2697-1번지,48330,25324,0,2697,0001,1264100021763,,,,1,용도지역코드,1021,제1종일반주거지역,1,0,,제1종일반주거지역,20221008
경상남도 양산시 물금읍 범어리 2697-1번지,48330,25324,0,2697,0001,1264100021763,,,,3,용도구역코드,301,제1종지구단위계획구역,1,0,,제1종지구단위계획구역,20221008
경상남도 양산시 물금읍 범어리 2697-1번지,48330,25324,0,2697,0001,1264100014016,,,,1,용도지역코드,1021,제1종일반주거지역,1,0,,제1종일반주거지역,20221008
경상남도 양산시 물금읍 범어리 2697-1번지,48330,25324,0,2697,0001,1264100014016,,,,3,용도구역코드,301,제1종지구단위계획구역,1,0,,제1종지구단위계획구역,20221008
경상남도 양산시 물금읍 범어리 2697-2번지,48330,25324,0,2697,0002,1264100037273,,,,1,용도지역코드,UQA121,제1종일반주거지역,1,0,,제1종일반주거지역,20221008
경상남도 양산시 물금읍 범어리 2697-2번지,48330,25324,0,2697,0002,1264100037273,,,,3,용도구역코드,UQQ310,제1종지구단위계획구역,1,0,,제1종지구단위계획구역,20221008
경상남도 양산시 물금읍 범어리 2697-2번지,48330,25324,0,2697,0002,1264100037273,,,,3,용도구역코드,UOA120,상대보호구역,0,0,,상대정화구역,20221008
경상남도 양산시 물금읍 범어리 2697-3번지,48330,25324,0,2697,0003,1264100025189,,,,1,용도지역코드,UQA121,제1종일반주거지역,1,0,,제1종일반주거지역,20221008
경상남도 양산시 물금읍 범어리 2697-3번지,48330,25324,0,2697,0003,1264100025189,,,,3,용도구역코드,UQQ310,제1종지구단위계획구역,1,0,,제1종지구단위계획구역,20221008
경상남도 양산시 물금읍 범어리 2697-4번지,48330,25324,0,2697,0004,1264100026593,,,,1,용도지역코드,UQA121,제1종일반주거지역,1,0,,제1종일반주거지역,20221008
경상남도 양산시 물금읍 범어리 2697-4번지,48330,25324,0,2697,0004,1264100026593,,,,3,용도구역코드,UQQ310,제1종지구단위계획구역,1,0,,제1종지구단위계획구역,20221008
경상남도 양산시 물금읍 범어리 2697-5번지,48330,25324,0,2697,0005,1264100019781,,,,1,용도지역코드,1021,제1종일반주거지역,1,0,,제1종일반주거지역,20221008
경상남도 양산시 물금읍 범어리 2697-5번지,48330,25324,0,2697,0005,1264100019781,,,,3,용도구역코드,301,제1종지구단위계획구역,1,0,,제1종지구단위계획구역,20221008
경상남도 양산시 물금읍 범어리 2697-5번지,48330,25324,0,2697,0005,1264100010299,,,,1,용도지역코드,1021,제1종일반주거지역,1,0,,제1종일반주거지역,20221008
경상남도 양산시 물금읍 범어리 2697-5번지,48330,25324,0,2697,0005,1264100010299,,,,3,용도구역코드,301,제1종지구단위계획구역,1,0,,제1종지구단위계획구역,20221008
경상남도 양산시 물금읍 범어리 2697-6번지,48330,25324,0,2697,0006,1264100009054,,,,1,용도지역코드,1021,제1종일반주거지역,1,0,,제1종일반주거지역,20221008
경상남도 양산시 물금읍 범어리 2697-6번지,48330,25324,0,2697,0006,1264100009054,,,,3,용도구역코드,301,제1종지구단위계획구역,1,0,,제1종지구단위계획구역,20221008
경상남도 양산시 물금읍 범어리 2697-7번지,48330,25324,0,2697,0007,1264100007747,,,,1,용도지역코드,1021,제1종일반주거지역,1,0,,제1종일반주거지역,20221008
경상남도 양산시 물금읍 범어리 2697-8번지,48330,25324,0,2697,0008,1264100036172,,,,3,용도구역코드,UQQ310,제1종지구단위계획구역,1,0,,제1종지구단위계획구역,20221008
경상남도 양산시 물금읍 범어리 2697-8번지,48330,25324,0,2697,0008,1264100036172,,,,3,용도구역코드,UOA120,상대보호구역,0,0,,상대정화구역,20221008
경상남도 양산시 물금읍 범어리 2697-8번지,48330,25324,0,2697,0008,1264100009310,,,,1,용도지역코드,1021,제1종일반주거지역,1,0,,제1종일반주거지역,20221008
경상남도 양산시 물금읍 범어리 2697-8번지,48330,25324,0,2697,0008,1264100009310,,,,3,용도구역코드,301,제1종지구단위계획구역,1,0,,제1종지구단위계획구역,20221008
경상남도 양산시 물금읍 범어리 2697-8번지,48330,25324,0,2697,0008,1264100036172,,,,1,용도지역코드,UQA121,제1종일반주거지역,1,0,,제1종일반주거지역,20221008
경상남도 양산시 물금읍 범어리 2697-9번지,48330,25324,0,2697,0009,1264100020822,,,,1,용도지역코드,1021,제1종일반주거지역,1,0,,제1종일반주거지역,20221008
경상남도 양산시 물금읍 범어리 2697-9번지,48330,25324,0,2697,0009,1264100020822,,,,3,용도구역코드,301,제1종지구단위계획구역,1,0,,제1종지구단위계획구역,20221008
경상남도 양산시 물금읍 범어리 2697-10번지,48330,25324,0,2697,0010,1264100052549,,,,1,용도지역코드,UQA121,제1종일반주거지역,1,0,,제1종일반주거지역,20221008
경상남도 양산시 물금읍 범어리 2697-10번지,48330,25324,0,2697,0010,1264100052549,,,,3,용도구역코드,UQQ310,제1종지구단위계획구역,1,0,,제1종지구단위계획구역,20221008
경상남도 양산시 물금읍 범어리 2697-11번지,48330,25324,0,2697,0011,1264100027556,,,,1,용도지역코드,UQA121,제1종일반주거지역,1,0,,제1종일반주거지역,20221008
경상남도 양산시 물금읍 범어리 2697-11번지,48330,25324,0,2697,0011,1264100027556,,,,3,용도구역코드,UQQ310,제1종지구단위계획구역,1,0,,제1종지구단위계획구역,20221008
경상남도 양산시 물금읍 범어리 2697-11번지,48330,25324,0,2697,0011,1264100010895,,,,1,용도지역코드,1021,제1종일반주거지역,1,0,,제1종일반주거지역,20221008
경상남도 양산시 물금읍 범어리 2697-11번지,48330,25324,0,2697,0011,1264100010895,,,,3,용도구역코드,301,제1종지구단위계획구역,1,0,,제1종지구단위계획구역,20221008
경상남도 양산시 물금읍 범어리 2697-12번지,48330,25324,0,2697,0012,1264100036613,,,,1,용도지역코드,UQA121,제1종일반주거지역,1,0,,제1종일반주거지역,20221008
경상남도 양산시 물금읍 범어리 2697-12번지,48330,25324,0,2697,0012,1264100036613,,,,3,용도구역코드,UQQ310,제1종지구단위계획구역,1,0,,제1종지구단위계획구역,20221008
경상남도 양산시 물금읍 범어리 2698-2번지,48330,25324,0,2698,0002,1264100065048,,,,1,용도지역코드,UQA121,제1종일반주거지역,1,0,,제1종일반주거지역,20221008
경상남도 양산시 물금읍 범어리 2698-2번지,48330,25324,0,2698,0002,1264100065048,,,,3,용도구역코드,UQQ310,제1종지구단위계획구역,1,0,,제1종지구단위계획구역,20221008
경상남도 양산시 물금읍 범어리 2698-2번지,48330,25324,0,2698,0002,1264100008730,,,,1,용도지역코드,1021,제1종일반주거지역,1,0,,제1종일반주거지역,20221008
경상남도 양산시 물금읍 범어리 2698-2번지,48330,25324,0,2698,0002,1264100008730,,,,3,용도구역코드,301,제1종지구단위계획구역,1,0,,제1종지구단위계획구역,20221008
경상남도 양산시 물금읍 범어리 2698-3번지,48330,25324,0,2698,0003,1264100051909,,,,3,용도구역코드,UQQ310,제1종지구단위계획구역,1,0,,제1종지구단위계획구역,20221008
경상남도 양산시 물금읍 범어리 2698-3번지,48330,25324,0,2698,0003,1264100051909,,,,1,용도지역코드,UQA121,제1종일반주거지역,1,0,,제1종일반주거지역,20221008
경상남도 양산시 물금읍 범어리 2698-4번지,48330,25324,0,2698,0004,1264100008615,,,,1,용도지역코드,1021,제1종일반주거지역,1,0,,제1종일반주거지역,20221008
경상남도 양산시 물금읍 범어리 2698-5번지,48330,25324,0,2698,0005,1264100040662,,,,1,용도지역코드,UQA121,제1종일반주거지역,1,0,,제1종일반주거지역,20221008
경상남도 양산시 물금읍 범어리 2698-5번지,48330,25324,0,2698,0005,1264100040662,,,,3,용도구역코드,UQQ310,제1종지구단위계획구역,1,0,,제1종지구단위계획구역,20221008
경상남도 양산시 물금읍 범어리 2698-5번지,48330,25324,0,2698,0005,1264100040662,,,,3,용도구역코드,UOA120,상대보호구역,0,0,,상대정화구역,20221008
경상남도 양산시 물금읍 범어리 2698-6번지,48330,25324,0,2698,0006,1264100010429,,,,1,용도지역코드,1021,제1종일반주거지역,1,0,,제1종일반주거지역,20221008
경상남도 양산시 물금읍 범어리 2698-6번지,48330,25324,0,2698,0006,1264100010429,,,,3,용도구역코드,301,제1종지구단위계획구역,1,0,,제1종지구단위계획구역,20221008
경상남도 양산시 물금읍 범어리 2698-7번지,48330,25324,0,2698,0007,1264100123262,,,,1,용도지역코드,UQA121,제1종일반주거지역,1,0,,제1종일반주거지역,20221008
경상남도 양산시 물금읍 범어리 2698-7번지,48330,25324,0,2698,0007,1264100123262,,,,3,용도구역코드,UQQ310,제1종지구단위계획구역,1,0,,제1종지구단위계획구역,20221008
경상남도 양산시 물금읍 범어리 2698-8번지,48330,25324,0,2698,0008,1264100019402,,,,1,용도지역코드,1021,제1종일반주거지역,1,0,,제1종일반주거지역,20221008
경상남도 양산시 물금읍 범어리 2698-8번지,48330,25324,0,2698,0008,1264100019402,,,,3,용도구역코드,301,제1종지구단위계획구역,1,0,,제1종지구단위계획구역,20221008
경상남도 양산시 물금읍 범어리 2698-8번지,48330,25324,0,2698,0008,1264100008386,,,,1,용도지역코드,1021,제1종일반주거지역,1,0,,제1종일반주거지역,20221008
경상남도 양산시 물금읍 범어리 2698-8번지,48330,25324,0,2698,0008,1264100008386,,,,3,용도구역코드,301,제1종지구단위계획구역,1,0,,제1종지구단위계획구역,20221008
경상남도 양산시 물금읍 범어리 2698-9번지,48330,25324,0,2698,0009,1264100051935,,,,1,용도지역코드,UQA121,제1종일반주거지역,1,0,,제1종일반주거지역,20221008
경상남도 양산시 물금읍 범어리 2698-9번지,48330,25324,0,2698,0009,1264100051935,,,,3,용도구역코드,UQQ310,제1종지구단위계획구역,1,0,,제1종지구단위계획구역,20221008
경상남도 양산시 물금읍 범어리 2698-9번지,48330,25324,0,2698,0009,1264100051935,,,,3,용도구역코드,UOA120,상대보호구역,0,0,,상대정화구역,20221008
경상남도 양산시 물금읍 범어리 2698-10번지,48330,25324,0,2698,0010,1264100014797,,,,1,용도지역코드,1021,제1종일반주거지역,1,0,,제1종일반주거지역,20221008
경상남도 양산시 물금읍 범어리 2698-10번지,48330,25324,0,2698,0010,1264100014797,,,,3,용도구역코드,301,제1종지구단위계획구역,1,0,,제1종지구단위계획구역,20221008
경상남도 양산시 물금읍 범어리 2698-10번지,48330,25324,0,2698,0010,1264100022243,,,,1,용도지역코드,UQA121,제1종일반주거지역,1,0,,제1종일반주거지역,20221008
경상남도 양산시 물금읍 범어리 2698-10번지,48330,25324,0,2698,0010,1264100022243,,,,3,용도구역코드,UQQ310,제1종지구단위계획구역,1,0,,제1종지구단위계획구역,20221008
경상남도 양산시 물금읍 범어리 2698-11번지,48330,25324,0,2698,0011,1264100009050,,,,1,용도지역코드,1022,제2종일반주거지역,1,0,,제2종일반주거지역,20221008
경상남도 양산시 물금읍 범어리 2698-11번지,48330,25324,0,2698,0011,1264100009050,,,,3,용도구역코드,301,제1종지구단위계획구역,1,0,,제1종지구단위계획구역,20221008
경상남도 양산시 물금읍 범어리 2698-12번지,48330,25324,0,2698,0012,1264100051879,,,,1,용도지역코드,UQA121,제1종일반주거지역,1,0,,제1종일반주거지역,20221008
경상남도 양산시 물금읍 범어리 2698-12번지,48330,25324,0,2698,0012,1264100051879,,,,3,용도구역코드,UQQ310,제1종지구단위계획구역,1,0,,제1종지구단위계획구역,20221008
경상남도 양산시 물금읍 범어리 2698-12번지,48330,25324,0,2698,0012,1264100051879,,,,3,용도구역코드,UOA120,상대보호구역,0,0,,상대정화구역,20221008
경상남도 양산시 물금읍 범어리 2698-13번지,48330,25324,0,2698,0013,1264100010010,,,,1,용도지역코드,1021,제1종일반주거지역,1,0,,제1종일반주거지역,20221008
경상남도 양산시 물금읍 범어리 2698-13번지,48330,25324,0,2698,0013,1264100010010,,,,3,용도구역코드,301,제1종지구단위계획구역,1,0,,제1종지구단위계획구역,20221008
경상남도 양산시 물금읍 범어리 2698-14번지,48330,25324,0,2698,0014,1264100007627,,,,1,용도지역코드,1021,제1종일반주거지역,1,0,,제1종일반주거지역,20221008
경상남도 양산시 물금읍 범어리 2698-14번지,48330,25324,0,2698,0014,1264100007627,,,,3,용도구역코드,301,제1종지구단위계획구역,1,0,,제1종지구단위계획구역,20221008
경상남도 양산시 물금읍 범어리 2699-1번지,48330,25324,0,2699,0001,1264100014234,,,,1,용도지역코드,1021,제1종일반주거지역,1,0,,제1종일반주거지역,20221008
경상남도 양산시 물금읍 범어리 2699-1번지,48330,25324,0,2699,0001,1264100014234,,,,3,용도구역코드,301,제1종지구단위계획구역,1,0,,제1종지구단위계획구역,20221008
경상남도 양산시 물금읍 범어리 2699-1번지,48330,25324,0,2699,0001,1264100014234,,,,3,용도구역코드,272,상대정화구역,0,0,,상대정화구역,20221008
경상남도 양산시 물금읍 범어리 2699-2번지,48330,25324,0,2699,0002,1264100044226,,,,1,용도지역코드,UQA121,제1종일반주거지역,1,0,,제1종일반주거지역,20221008
경상남도 양산시 물금읍 범어리 2699-2번지,48330,25324,0,2699,0002,1264100044226,,,,2,용도지구코드,,,1,0,,,20221008
경상남도 양산시 물금읍 범어리 2699-2번지,48330,25324,0,2699,0002,1264100044226,,,,3,용도구역코드,UOA110,절대정화구역,0,0,,절대정화구역,20221008
경상남도 양산시 물금읍 범어리 2699-2번지,48330,25324,0,2699,0002,1264100044226,,,,3,용도구역코드,UOA120,상대보호구역,0,0,,상대정화구역,20221008
경상남도 양산시 물금읍 범어리 2699-2번지,48330,25324,0,2699,0002,1264100044226,,,,3,용도구역코드,UQQ310,제1종지구단위계획구역,0,0,,제1종지구단위계획구역,20221008
경상남도 양산시 물금읍 범어리 2699-3번지,48330,25324,0,2699,0003,1264100025952,,,,1,용도지역코드,UQA121,제1종일반주거지역,1,0,,제1종일반주거지역,20221008
경상남도 양산시 물금읍 범어리 2699-3번지,48330,25324,0,2699,0003,1264100025952,,,,3,용도구역코드,UQQ310,제1종지구단위계획구역,1,0,,제1종지구단위계획구역,20221008
경상남도 양산시 물금읍 범어리 2699-4번지,48330,25324,0,2699,0004,1264100031717,,,,1,용도지역코드,UQA121,제1종일반주거지역,1,0,,제1종일반주거지역,20221008
경상남도 양산시 물금읍 범어리 2699-4번지,48330,25324,0,2699,0004,1264100031717,,,,3,용도구역코드,UQQ310,제1종지구단위계획구역,1,0,,제1종지구단위계획구역,20221008
경상남도 양산시 물금읍 범어리 2699-4번지,48330,25324,0,2699,0004,1264100010610,,,,3,용도구역코드,301,제1종지구단위계획구역,1,0,,제1종지구단위계획구역,20221008
경상남도 양산시 물금읍 범어리 2699-4번지,48330,25324,0,2699,0004,1264100010610,,,,1,용도지역코드,1021,제1종일반주거지역,1,0,,제1종일반주거지역,20221008
경상남도 양산시 물금읍 범어리 2699-5번지,48330,25324,0,2699,0005,1264100026435,,,,1,용도지역코드,UQA121,제1종일반주거지역,1,0,,제1종일반주거지역,20221008
경상남도 양산시 물금읍 범어리 2699-5번지,48330,25324,0,2699,0005,1264100026435,,,,3,용도구역코드,UQQ310,제1종지구단위계획구역,1,0,,제1종지구단위계획구역,20221008
경상남도 양산시 물금읍 범어리 2699-5번지,48330,25324,0,2699,0005,1264100026435,,,,3,용도구역코드,UOA120,상대보호구역,0,0,,상대정화구역,20221008
경상남도 양산시 물금읍 범어리 2699-6번지,48330,25324,0,2699,0006,1264100031878,,,,1,용도지역코드,UQA121,제1종일반주거지역,1,0,,제1종일반주거지역,20221008
경상남도 양산시 물금읍 범어리 2699-6번지,48330,25324,0,2699,0006,1264100031878,,,,3,용도구역코드,UQQ310,제1종지구단위계획구역,1,0,,제1종지구단위계획구역,20221008
경상남도 양산시 물금읍 범어리 2699-7번지,48330,25324,0,2699,0007,1264100010896,,,,1,용도지역코드,1021,제1종일반주거지역,1,0,,제1종일반주거지역,20221008
경상남도 양산시 물금읍 범어리 2699-7번지,48330,25324,0,2699,0007,1264100010896,,,,3,용도구역코드,301,제1종지구단위계획구역,1,0,,제1종지구단위계획구역,20221008
경상남도 양산시 물금읍 범어리 2699-8번지,48330,25324,0,2699,0008,1264100020856,,,,1,용도지역코드,1021,제1종일반주거지역,1,0,,제1종일반주거지역,20221008
경상남도 양산시 물금읍 범어리 2699-8번지,48330,25324,0,2699,0008,1264100020856,,,,3,용도구역코드,301,제1종지구단위계획구역,1,0,,제1종지구단위계획구역,20221008
경상남도 양산시 물금읍 범어리 2699-8번지,48330,25324,0,2699,0008,1264100020856,,,,3,용도구역코드,272,상대정화구역,0,0,,상대정화구역,20221008
경상남도 양산시 물금읍 범어리 2699-9번지,48330,25324,0,2699,0009,1264100025652,,,,1,용도지역코드,UQA122,제2종일반주거지역,1,0,,제2종일반주거지역,20221008
경상남도 양산시 물금읍 범어리 2699-9번지,48330,25324,0,2699,0009,1264100025652,,,,3,용도구역코드,UQQ310,제1종지구단위계획구역,1,0,,제1종지구단위계획구역,20221008
경상남도 양산시 물금읍 범어리 2699-10번지,48330,25324,0,2699,0010,1264100017175,,,,1,용도지역코드,1021,제1종일반주거지역,1,0,,제1종일반주거지역,20221008
경상남도 양산시 물금읍 범어리 2699-10번지,48330,25324,0,2699,0010,1264100017175,,,,3,용도구역코드,301,제1종지구단위계획구역,1,0,,제1종지구단위계획구역,20221008
경상남도 양산시 물금읍 범어리 2699-11번지,48330,25324,0,2699,0011,1264100034773,,,,3,용도구역코드,UQQ310,제1종지구단위계획구역,1,0,,제1종지구단위계획구역,20221008
경상남도 양산시 물금읍 범어리 2699-11번지,48330,25324,0,2699,0011,1264100034773,,,,3,용도구역코드,UOA120,상대보호구역,0,0,,상대정화구역,20221008
경상남도 양산시 물금읍 범어리 2699-11번지,48330,25324,0,2699,0011,1264100034773,,,,1,용도지역코드,UQA121,제1종일반주거지역,1,0,,제1종일반주거지역,20221008
경상남도 양산시 물금읍 범어리 2699-12번지,48330,25324,0,2699,0012,1264100083421,,,,1,용도지역코드,UQA121,제1종일반주거지역,1,0,,제1종일반주거지역,20221008
경상남도 양산시 물금읍 범어리 2699-12번지,48330,25324,0,2699,0012,1264100083421,,,,3,용도구역코드,UQQ310,제1종지구단위계획구역,1,0,,제1종지구단위계획구역,20221008
경상남도 양산시 물금읍 범어리 2699-13번지,48330,25324,0,2699,0013,1264100031417,,,,1,용도지역코드,UQA121,제1종일반주거지역,1,0,,제1종일반주거지역,20221008
경상남도 양산시 물금읍 범어리 2699-14번지,48330,25324,0,2699,0014,1264100034833,,,,1,용도지역코드,UQA121,제1종일반주거지역,1,0,,제1종일반주거지역,20221008
경상남도 양산시 물금읍 범어리 2699-14번지,48330,25324,0,2699,0014,1264100034833,,,,3,용도구역코드,UQQ310,제1종지구단위계획구역,1,0,,제1종지구단위계획구역,20221008
경상남도 양산시 물금읍 범어리 2700-1번지,48330,25324,0,2700,0001,1264100026133,,,,1,용도지역코드,UQA122,제2종일반주거지역,1,0,,제2종일반주거지역,20221008
경상남도 양산시 물금읍 범어리 2700-1번지,48330,25324,0,2700,0001,1264100026133,,,,3,용도구역코드,UQQ310,제1종지구단위계획구역,1,0,,제1종지구단위계획구역,20221008
경상남도 양산시 물금읍 범어리 2700-1번지,48330,25324,0,2700,0001,1264100026133,,,,3,용도구역코드,UOA120,상대보호구역,0,0,,상대정화구역,20221008
경상남도 양산시 물금읍 범어리 2700-2번지,48330,25324,0,2700,0002,1264100034718,,,,1,용도지역코드,UQA121,제1종일반주거지역,1,0,,제1종일반주거지역,20221008
경상남도 양산시 물금읍 범어리 2700-2번지,48330,25324,0,2700,0002,1264100034718,,,,3,용도구역코드,UQQ310,제1종지구단위계획구역,1,0,,제1종지구단위계획구역,20221008
경상남도 양산시 물금읍 범어리 2700-2번지,48330,25324,0,2700,0002,1264100034718,,,,3,용도구역코드,UOA120,상대보호구역,0,0,,상대정화구역,20221008
경상남도 양산시 물금읍 범어리 2700-3번지,48330,25324,0,2700,0003,1264100029633,,,,1,용도지역코드,UQA121,제1종일반주거지역,1,0,,제1종일반주거지역,20221008
경상남도 양산시 물금읍 범어리 2700-3번지,48330,25324,0,2700,0003,1264100029633,,,,3,용도구역코드,UQQ310,제1종지구단위계획구역,1,0,,제1종지구단위계획구역,20221008
경상남도 양산시 물금읍 범어리 2700-4번지,48330,25324,0,2700,0004,1264100054648,,,,1,용도지역코드,UQA121,제1종일반주거지역,1,0,,제1종일반주거지역,20221008
경상남도 양산시 물금읍 범어리 2700-4번지,48330,25324,0,2700,0004,1264100054648,,,,3,용도구역코드,UQQ310,제1종지구단위계획구역,1,0,,제1종지구단위계획구역,20221008
경상남도 양산시 물금읍 범어리 2700-5번지,48330,25324,0,2700,0005,1264100035052,,,,1,용도지역코드,UQA121,제1종일반주거지역,1,0,,제1종일반주거지역,20221008
경상남도 양산시 물금읍 범어리 2700-5번지,48330,25324,0,2700,0005,1264100035052,,,,3,용도구역코드,UQQ310,제1종지구단위계획구역,1,0,,제1종지구단위계획구역,20221008
경상남도 양산시 물금읍 범어리 2700-5번지,48330,25324,0,2700,0005,1264100035052,,,,3,용도구역코드,UOA120,상대보호구역,0,0,,상대정화구역,20221008
경상남도 양산시 물금읍 범어리 2700-5번지,48330,25324,0,2700,0005,1264100029310,,,,1,용도지역코드,UQA121,제1종일반주거지역,1,0,,제1종일반주거지역,20221008
경상남도 양산시 물금읍 범어리 2700-5번지,48330,25324,0,2700,0005,1264100029310,,,,3,용도구역코드,UQQ310,제1종지구단위계획구역,1,0,,제1종지구단위계획구역,20221008
경상남도 양산시 물금읍 범어리 2700-6번지,48330,25324,0,2700,0006,1264100030404,,,,1,용도지역코드,UQA121,제1종일반주거지역,1,0,,제1종일반주거지역,20221008
경상남도 양산시 물금읍 범어리 2700-6번지,48330,25324,0,2700,0006,1264100030404,,,,3,용도구역코드,UQQ310,제1종지구단위계획구역,1,0,,제1종지구단위계획구역,20221008
경상남도 양산시 물금읍 범어리 2700-7번지,48330,25324,0,2700,0007,1264100021142,,,,1,용도지역코드,1021,제1종일반주거지역,1,0,,제1종일반주거지역,20221008
경상남도 양산시 물금읍 범어리 2700-7번지,48330,25324,0,2700,0007,1264100021142,,,,3,용도구역코드,301,제1종지구단위계획구역,1,0,,제1종지구단위계획구역,20221008
경상남도 양산시 물금읍 범어리 2700-7번지,48330,25324,0,2700,0007,1264100012532,,,,1,용도지역코드,1021,제1종일반주거지역,1,0,,제1종일반주거지역,20221008
경상남도 양산시 물금읍 범어리 2700-7번지,48330,25324,0,2700,0007,1264100012532,,,,3,용도구역코드,301,제1종지구단위계획구역,1,0,,제1종지구단위계획구역,20221008
경상남도 양산시 물금읍 범어리 2700-8번지,48330,25324,0,2700,0008,1264100060352,,,,1,용도지역코드,UQA121,제1종일반주거지역,1,0,,제1종일반주거지역,20221008
경상남도 양산시 물금읍 범어리 2700-8번지,48330,25324,0,2700,0008,1264100060352,,,,3,용도구역코드,UQQ310,제1종지구단위계획구역,1,0,,제1종지구단위계획구역,20221008
경상남도 양산시 물금읍 범어리 2700-9번지,48330,25324,0,2700,0009,1264100032927,,,,1,용도지역코드,UQA121,제1종일반주거지역,1,0,,제1종일반주거지역,20221008
경상남도 양산시 물금읍 범어리 2700-9번지,48330,25324,0,2700,0009,1264100032927,,,,3,용도구역코드,UQQ310,제1종지구단위계획구역,1,0,,제1종지구단위계획구역,20221008
경상남도 양산시 물금읍 범어리 2700-9번지,48330,25324,0,2700,0009,1264100032927,,,,3,용도구역코드,UOA120,상대보호구역,0,0,,상대정화구역,20221008
경상남도 양산시 물금읍 범어리 2700-10번지,48330,25324,0,2700,0010,1264100067980,,,,1,용도지역코드,UQA121,제1종일반주거지역,1,0,,제1종일반주거지역,20221008
경상남도 양산시 물금읍 범어리 2700-10번지,48330,25324,0,2700,0010,1264100067980,,,,3,용도구역코드,UQQ310,제1종지구단위계획구역,1,0,,제1종지구단위계획구역,20221008
경상남도 양산시 물금읍 범어리 2700-10번지,48330,25324,0,2700,0010,1264100067980,,,,3,용도구역코드,UOA120,상대보호구역,0,0,,상대정화구역,20221008
경상남도 양산시 물금읍 범어리 2700-11번지,48330,25324,0,2700,0011,1264100039232,,,,1,용도지역코드,UQA121,제1종일반주거지역,1,0,,제1종일반주거지역,20221008
경상남도 양산시 물금읍 범어리 2700-11번지,48330,25324,0,2700,0011,1264100039232,,,,3,용도구역코드,UQQ310,제1종지구단위계획구역,1,0,,제1종지구단위계획구역,20221008
경상남도 양산시 물금읍 범어리 2700-12번지,48330,25324,0,2700,0012,1264100017816,,,,1,용도지역코드,1021,제1종일반주거지역,1,0,,제1종일반주거지역,20221008
경상남도 양산시 물금읍 범어리 2700-12번지,48330,25324,0,2700,0012,1264100017816,,,,3,용도구역코드,301,제1종지구단위계획구역,1,0,,제1종지구단위계획구역,20221008
경상남도 양산시 물금읍 범어리 2700-12번지,48330,25324,0,2700,0012,1264100017816,,,,3,용도구역코드,272,상대정화구역,0,0,,상대정화구역,20221008
경상남도 양산시 물금읍 범어리 2700-13번지,48330,25324,0,2700,0013,1264100012854,,,,1,용도지역코드,1021,제1종일반주거지역,1,0,,제1종일반주거지역,20221008
경상남도 양산시 물금읍 범어리 2700-13번지,48330,25324,0,2700,0013,1264100012854,,,,3,용도구역코드,272,상대정화구역,1,0,,상대정화구역,20221008
경상남도 양산시 물금읍 범어리 2700-13번지,48330,25324,0,2700,0013,1264100012854,,,,3,용도구역코드,301,제1종지구단위계획구역,0,0,,제1종지구단위계획구역,20221008
경상남도 양산시 물금읍 범어리 2700-14번지,48330,25324,0,2700,0014,1264100022004,,,,1,용도지역코드,UQA122,제2종일반주거지역,1,0,,제2종일반주거지역,20221008
경상남도 양산시 물금읍 범어리 2700-14번지,48330,25324,0,2700,0014,1264100022004,,,,3,용도구역코드,UQQ310,제1종지구단위계획구역,1,0,,제1종지구단위계획구역,20221008
경상남도 양산시 물금읍 범어리 2701-1번지,48330,25324,0,2701,0001,1264100023688,,,,1,용도지역코드,UQA121,제1종일반주거지역,1,0,,제1종일반주거지역,20221008
경상남도 양산시 물금읍 범어리 2701-1번지,48330,25324,0,2701,0001,1264100023688,,,,3,용도구역코드,UQQ310,제1종지구단위계획구역,1,0,,제1종지구단위계획구역,20221008
경상남도 양산시 물금읍 범어리 2701-1번지,48330,25324,0,2701,0001,1264100023688,,,,3,용도구역코드,UOA120,상대보호구역,0,0,,상대정화구역,20221008
경상남도 양산시 물금읍 범어리 2701-2번지,48330,25324,0,2701,0002,1264100030881,,,,1,용도지역코드,UQA121,제1종일반주거지역,1,0,,제1종일반주거지역,20221008
경상남도 양산시 물금읍 범어리 2701-2번지,48330,25324,0,2701,0002,1264100030881,,,,3,용도구역코드,UQQ310,제1종지구단위계획구역,1,0,,제1종지구단위계획구역,20221008
경상남도 양산시 물금읍 범어리 2701-3번지,48330,25324,0,2701,0003,1264100076379,,,,1,용도지역코드,UQA121,제1종일반주거지역,1,0,,제1종일반주거지역,20221008
경상남도 양산시 물금읍 범어리 2701-3번지,48330,25324,0,2701,0003,1264100076379,,,,3,용도구역코드,UQQ310,제1종지구단위계획구역,1,0,,제1종지구단위계획구역,20221008
경상남도 양산시 물금읍 범어리 2701-4번지,48330,25324,0,2701,0004,1264100015635,,,,1,용도지역코드,1021,제1종일반주거지역,1,0,,제1종일반주거지역,20221008
경상남도 양산시 물금읍 범어리 2701-4번지,48330,25324,0,2701,0004,1264100015635,,,,2,용도지구코드,,,1,0,,,20221008
경상남도 양산시 물금읍 범어리 2701-4번지,48330,25324,0,2701,0004,1264100015635,,,,3,용도구역코드,301,제1종지구단위계획구역,1,0,,제1종지구단위계획구역,20221008
경상남도 양산시 물금읍 범어리 2701-4번지,48330,25324,0,2701,0004,1264100015635,,,,3,용도구역코드,272,상대정화구역,0,0,,상대정화구역,20221008
경상남도 양산시 물금읍 범어리 2701-4번지,48330,25324,0,2701,0004,1264100019998,,,,1,용도지역코드,1021,제1종일반주거지역,1,0,,제1종일반주거지역,20221008
경상남도 양산시 물금읍 범어리 2701-4번지,48330,25324,0,2701,0004,1264100019998,,,,3,용도구역코드,301,제1종지구단위계획구역,1,0,,제1종지구단위계획구역,20221008
경상남도 양산시 물금읍 범어리 2701-4번지,48330,25324,0,2701,0004,1264100019998,,,,3,용도구역코드,272,상대정화구역,0,0,,상대정화구역,20221008
경상남도 양산시 물금읍 범어리 2701-5번지,48330,25324,0,2701,0005,1264100052379,,,,1,용도지역코드,UQA121,제1종일반주거지역,1,0,,제1종일반주거지역,20221008
경상남도 양산시 물금읍 범어리 2701-5번지,48330,25324,0,2701,0005,1264100052379,,,,3,용도구역코드,UQQ310,제1종지구단위계획구역,1,0,,제1종지구단위계획구역,20221008
경상남도 양산시 물금읍 범어리 2701-5번지,48330,25324,0,2701,0005,1264100052379,,,,3,용도구역코드,UOA120,상대보호구역,0,0,,상대정화구역,20221008
경상남도 양산시 물금읍 범어리 2701-6번지,48330,25324,0,2701,0006,1264100052371,,,,1,용도지역코드,UQA121,제1종일반주거지역,1,0,,제1종일반주거지역,20221008
경상남도 양산시 물금읍 범어리 2701-6번지,48330,25324,0,2701,0006,1264100052371,,,,3,용도구역코드,UOA120,상대보호구역,,,,상대정화구역,20221008
경상남도 양산시 물금읍 범어리 2701-6번지,48330,25324,0,2701,0006,1264100052371,,,,3,용도구역코드,UQQ310,제1종지구단위계획구역,1,0,,제1종지구단위계획구역,20221008
경상남도 양산시 물금읍 범어리 2701-7번지,48330,25324,0,2701,0007,1264100028230,,,,1,용도지역코드,UQA121,제1종일반주거지역,1,0,,제1종일반주거지역,20221008
경상남도 양산시 물금읍 범어리 2701-7번지,48330,25324,0,2701,0007,1264100028230,,,,3,용도구역코드,UQQ310,제1종지구단위계획구역,1,0,,제1종지구단위계획구역,20221008
경상남도 양산시 물금읍 범어리 2701-7번지,48330,25324,0,2701,0007,1264100028230,,,,3,용도구역코드,UOA120,상대보호구역,0,0,,상대정화구역,20221008
경상남도 양산시 물금읍 범어리 2701-8번지,48330,25324,0,2701,0008,1264100028933,,,,1,용도지역코드,UQA121,제1종일반주거지역,1,0,,제1종일반주거지역,20221008
경상남도 양산시 물금읍 범어리 2701-8번지,48330,25324,0,2701,0008,1264100028933,,,,3,용도구역코드,UQQ310,제1종지구단위계획구역,1,0,,제1종지구단위계획구역,20221008
경상남도 양산시 물금읍 범어리 2701-8번지,48330,25324,0,2701,0008,1264100009931,,,,1,용도지역코드,1021,제1종일반주거지역,1,0,,제1종일반주거지역,20221008
경상남도 양산시 물금읍 범어리 2701-8번지,48330,25324,0,2701,0008,1264100009931,,,,3,용도구역코드,301,제1종지구단위계획구역,1,0,,제1종지구단위계획구역,20221008
경상남도 양산시 물금읍 범어리 2701-9번지,48330,25324,0,2701,0009,1264100009969,,,,1,용도지역코드,1021,제1종일반주거지역,1,0,,제1종일반주거지역,20221008
경상남도 양산시 물금읍 범어리 2701-9번지,48330,25324,0,2701,0009,1264100009969,,,,3,용도구역코드,301,제1종지구단위계획구역,1,0,,제1종지구단위계획구역,20221008
경상남도 양산시 물금읍 범어리 2701-10번지,48330,25324,0,2701,0010,1264100007926,,,,1,용도지역코드,1021,제1종일반주거지역,1,0,,제1종일반주거지역,20221008
경상남도 양산시 물금읍 범어리 2701-10번지,48330,25324,0,2701,0010,1264100023953,,,,1,용도지역코드,UQA121,제1종일반주거지역,1,0,,제1종일반주거지역,20221008
경상남도 양산시 물금읍 범어리 2701-10번지,48330,25324,0,2701,0010,1264100023953,,,,3,용도구역코드,UQQ310,제1종지구단위계획구역,1,0,,제1종지구단위계획구역,20221008
경상남도 양산시 물금읍 범어리 2701-11번지,48330,25324,0,2701,0011,1264100031416,,,,1,용도지역코드,UQA121,제1종일반주거지역,1,0,,제1종일반주거지역,20221008
경상남도 양산시 물금읍 범어리 2701-11번지,48330,25324,0,2701,0011,1264100031416,,,,3,용도구역코드,UQQ310,제1종지구단위계획구역,1,0,,제1종지구단위계획구역,20221008
경상남도 양산시 물금읍 범어리 2701-12번지,48330,25324,0,2701,0012,1264100030638,,,,1,용도지역코드,UQA121,제1종일반주거지역,1,0,,제1종일반주거지역,20221008
경상남도 양산시 물금읍 범어리 2701-12번지,48330,25324,0,2701,0012,1264100030638,,,,3,용도구역코드,UQQ310,제1종지구단위계획구역,1,0,,제1종지구단위계획구역,20221008
경상남도 양산시 물금읍 범어리 2701-13번지,48330,25324,0,2701,0013,1264100045931,,,,3,용도구역코드,UQQ310,제1종지구단위계획구역,1,0,,제1종지구단위계획구역,20221008
경상남도 양산시 물금읍 범어리 2701-13번지,48330,25324,0,2701,0013,1264100045931,,,,3,용도구역코드,UOA120,상대보호구역,0,0,,상대정화구역,20221008
경상남도 양산시 물금읍 범어리 2701-13번지,48330,25324,0,2701,0013,1264100045931,,,,1,용도지역코드,UQA121,제1종일반주거지역,1,0,,제1종일반주거지역,20221008
경상남도 양산시 물금읍 범어리 2701-14번지,48330,25324,0,2701,0014,1264100021904,,,,1,용도지역코드,UQA121,제1종일반주거지역,1,0,,제1종일반주거지역,20221008
경상남도 양산시 물금읍 범어리 2701-14번지,48330,25324,0,2701,0014,1264100021904,,,,3,용도구역코드,UQQ310,제1종지구단위계획구역,1,0,,제1종지구단위계획구역,20221008
경상남도 양산시 물금읍 범어리 2702-1번지,48330,25324,0,2702,0001,1264100012572,,,,3,용도구역코드,301,제1종지구단위계획구역,1,0,,제1종지구단위계획구역,20221008
경상남도 양산시 물금읍 범어리 2702-1번지,48330,25324,0,2702,0001,1264100012572,,,,1,용도지역코드,1021,제1종일반주거지역,1,0,,제1종일반주거지역,20221008
경상남도 양산시 물금읍 범어리 2702-1번지,48330,25324,0,2702,0001,1264100026951,,,,1,용도지역코드,UQA121,제1종일반주거지역,1,0,,제1종일반주거지역,20221008
경상남도 양산시 물금읍 범어리 2702-1번지,48330,25324,0,2702,0001,1264100026951,,,,3,용도구역코드,UQQ310,제1종지구단위계획구역,1,0,,제1종지구단위계획구역,20221008
경상남도 양산시 물금읍 범어리 2702-1번지,48330,25324,0,2702,0001,1264100026951,,,,3,용도구역코드,UOA120,상대보호구역,0,0,,상대정화구역,20221008
경상남도 양산시 물금읍 범어리 2702-2번지,48330,25324,0,2702,0002,1264100032216,,,,1,용도지역코드,UQA121,제1종일반주거지역,1,0,,제1종일반주거지역,20221008
경상남도 양산시 물금읍 범어리 2702-2번지,48330,25324,0,2702,0002,1264100032216,,,,3,용도구역코드,UQQ310,제1종지구단위계획구역,1,0,,제1종지구단위계획구역,20221008
경상남도 양산시 물금읍 범어리 2702-3번지,48330,25324,0,2702,0003,1264100052171,,,,1,용도지역코드,UQA121,제1종일반주거지역,1,0,,제1종일반주거지역,20221008
경상남도 양산시 물금읍 범어리 2702-3번지,48330,25324,0,2702,0003,1264100052171,,,,3,용도구역코드,UOA120,상대보호구역,,,,상대정화구역,20221008
경상남도 양산시 물금읍 범어리 2702-3번지,48330,25324,0,2702,0003,1264100052171,,,,3,용도구역코드,UQQ310,제1종지구단위계획구역,1,0,,제1종지구단위계획구역,20221008
경상남도 양산시 물금읍 범어리 2702-4번지,48330,25324,0,2702,0004,1264100026189,,,,1,용도지역코드,UQA121,제1종일반주거지역,1,0,,제1종일반주거지역,20221008
경상남도 양산시 물금읍 범어리 2702-4번지,48330,25324,0,2702,0004,1264100026189,,,,3,용도구역코드,UQQ310,제1종지구단위계획구역,1,0,,제1종지구단위계획구역,20221008
경상남도 양산시 물금읍 범어리 2702-4번지,48330,25324,0,2702,0004,1264100026189,,,,3,용도구역코드,UOA120,상대보호구역,0,0,,상대정화구역,20221008
경상남도 양산시 물금읍 범어리 2702-5번지,48330,25324,0,2702,0005,1264100021118,,,,1,용도지역코드,1021,제1종일반주거지역,1,0,,제1종일반주거지역,20221008
경상남도 양산시 물금읍 범어리 2702-5번지,48330,25324,0,2702,0005,1264100021118,,,,3,용도구역코드,301,제1종지구단위계획구역,1,0,,제1종지구단위계획구역,20221008
경상남도 양산시 물금읍 범어리 2702-5번지,48330,25324,0,2702,0005,1264100015235,,,,1,용도지역코드,1021,제1종일반주거지역,1,0,,제1종일반주거지역,20221008
경상남도 양산시 물금읍 범어리 2702-5번지,48330,25324,0,2702,0005,1264100015235,,,,3,용도구역코드,301,제1종지구단위계획구역,1,0,,제1종지구단위계획구역,20221008
경상남도 양산시 물금읍 범어리 2702-6번지,48330,25324,0,2702,0006,1264100012711,,,,1,용도지역코드,1021,제1종일반주거지역,1,0,,제1종일반주거지역,20221008
경상남도 양산시 물금읍 범어리 2702-6번지,48330,25324,0,2702,0006,1264100012711,,,,3,용도구역코드,301,제1종지구단위계획구역,1,0,,제1종지구단위계획구역,20221008
경상남도 양산시 물금읍 범어리 2702-6번지,48330,25324,0,2702,0006,1264100022184,,,,1,용도지역코드,UQA121,제1종일반주거지역,1,0,,제1종일반주거지역,20221008
경상남도 양산시 물금읍 범어리 2702-6번지,48330,25324,0,2702,0006,1264100022184,,,,3,용도구역코드,UQQ310,제1종지구단위계획구역,1,0,,제1종지구단위계획구역,20221008
경상남도 양산시 물금읍 범어리 2702-6번지,48330,25324,0,2702,0006,1264100022184,,,,3,용도구역코드,UOA120,상대보호구역,0,0,,상대정화구역,20221008
경상남도 양산시 물금읍 범어리 2702-7번지,48330,25324,0,2702,0007,1264100027609,,,,1,용도지역코드,UQA121,제1종일반주거지역,1,0,,제1종일반주거지역,20221008
경상남도 양산시 물금읍 범어리 2702-7번지,48330,25324,0,2702,0007,1264100027609,,,,3,용도구역코드,UQQ310,제1종지구단위계획구역,1,0,,제1종지구단위계획구역,20221008
경상남도 양산시 물금읍 범어리 2702-8번지,48330,25324,0,2702,0008,1264100053509,,,,3,용도구역코드,UQQ310,제1종지구단위계획구역,1,0,,제1종지구단위계획구역,20221008
경상남도 양산시 물금읍 범어리 2702-8번지,48330,25324,0,2702,0008,1264100053509,,,,3,용도구역코드,UOA120,상대보호구역,0,0,,상대정화구역,20221008
경상남도 양산시 물금읍 범어리 2702-8번지,48330,25324,0,2702,0008,1264100053509,,,,1,용도지역코드,UQA121,제1종일반주거지역,1,0,,제1종일반주거지역,20221008
경상남도 양산시 물금읍 범어리 2702-9번지,48330,25324,0,2702,0009,1264100052112,,,,1,용도지역코드,UQA121,제1종일반주거지역,1,0,,제1종일반주거지역,20221008
경상남도 양산시 물금읍 범어리 2702-9번지,48330,25324,0,2702,0009,1264100052112,,,,3,용도구역코드,UQQ310,제1종지구단위계획구역,1,0,,제1종지구단위계획구역,20221008
경상남도 양산시 물금읍 범어리 2702-9번지,48330,25324,0,2702,0009,1264100052112,,,,3,용도구역코드,UOA120,상대보호구역,0,0,,상대정화구역,20221008
경상남도 양산시 물금읍 범어리 2702-10번지,48330,25324,0,2702,0010,1264100026331,,,,1,용도지역코드,UQA121,제1종일반주거지역,1,0,,제1종일반주거지역,20221008
경상남도 양산시 물금읍 범어리 2702-10번지,48330,25324,0,2702,0010,1264100026331,,,,3,용도구역코드,UQQ310,제1종지구단위계획구역,1,0,,제1종지구단위계획구역,20221008
경상남도 양산시 물금읍 범어리 2702-10번지,48330,25324,0,2702,0010,1264100026331,,,,3,용도구역코드,UOA120,상대보호구역,0,0,,상대정화구역,20221008
경상남도 양산시 물금읍 범어리 2702-11번지,48330,25324,0,2702,0011,1264100036933,,,,1,용도지역코드,UQA121,제1종일반주거지역,1,0,,제1종일반주거지역,20221008
경상남도 양산시 물금읍 범어리 2702-11번지,48330,25324,0,2702,0011,1264100036933,,,,3,용도구역코드,UQQ310,제1종지구단위계획구역,1,0,,제1종지구단위계획구역,20221008
경상남도 양산시 물금읍 범어리 2702-11번지,48330,25324,0,2702,0011,1264100036933,,,,3,용도구역코드,UOA120,상대보호구역,0,0,,상대정화구역,20221008
경상남도 양산시 물금읍 범어리 2702-12번지,48330,25324,0,2702,0012,1264100021662,,,,1,용도지역코드,UQA121,제1종일반주거지역,1,0,,제1종일반주거지역,20221008
경상남도 양산시 물금읍 범어리 2702-12번지,48330,25324,0,2702,0012,1264100021662,,,,3,용도구역코드,UQQ310,제1종지구단위계획구역,1,0,,제1종지구단위계획구역,20221008
경상남도 양산시 물금읍 범어리 2702-13번지,48330,25324,0,2702,0013,1264100065040,,,,1,용도지역코드,UQA121,제1종일반주거지역,1,0,,제1종일반주거지역,20221008
경상남도 양산시 물금읍 범어리 2702-13번지,48330,25324,0,2702,0013,1264100065040,,,,3,용도구역코드,UQQ310,제1종지구단위계획구역,1,0,,제1종지구단위계획구역,20221008
경상남도 양산시 물금읍 범어리 2702-13번지,48330,25324,0,2702,0013,1264100065040,,,,3,용도구역코드,UOA120,상대보호구역,0,0,,상대정화구역,20221008
경상남도 양산시 물금읍 범어리 2702-13번지,48330,25324,0,2702,0013,1264100016680,,,,1,용도지역코드,1021,제1종일반주거지역,1,0,,제1종일반주거지역,20221008
경상남도 양산시 물금읍 범어리 2702-13번지,48330,25324,0,2702,0013,1264100016680,,,,3,용도구역코드,301,제1종지구단위계획구역,1,0,,제1종지구단위계획구역,20221008
경상남도 양산시 물금읍 범어리 2702-13번지,48330,25324,0,2702,0013,1264100016680,,,,3,용도구역코드,272,상대정화구역,0,0,,상대정화구역,20221008
경상남도 양산시 물금읍 범어리 2702-14번지,48330,25324,0,2702,0014,1264100022223,,,,1,용도지역코드,UQA121,제1종일반주거지역,1,0,,제1종일반주거지역,20221008
경상남도 양산시 물금읍 범어리 2702-14번지,48330,25324,0,2702,0014,1264100022223,,,,3,용도구역코드,UQQ310,제1종지구단위계획구역,1,0,,제1종지구단위계획구역,20221008
경상남도 양산시 물금읍 범어리 2703-1번지,48330,25324,0,2703,0001,1264100083602,,,,1,용도지역코드,UQA121,제1종일반주거지역,1,0,,제1종일반주거지역,20221008
경상남도 양산시 물금읍 범어리 2703-1번지,48330,25324,0,2703,0001,1264100083602,,,,3,용도구역코드,UQQ310,제1종지구단위계획구역,1,0,,제1종지구단위계획구역,20221008
경상남도 양산시 물금읍 범어리 2703-2번지,48330,25324,0,2703,0002,1264100052317,,,,1,용도지역코드,UQA121,제1종일반주거지역,1,0,,제1종일반주거지역,20221008
경상남도 양산시 물금읍 범어리 2703-2번지,48330,25324,0,2703,0002,1264100052317,,,,3,용도구역코드,UQQ310,제1종지구단위계획구역,1,0,,제1종지구단위계획구역,20221008
경상남도 양산시 물금읍 범어리 2703-2번지,48330,25324,0,2703,0002,1264100052317,,,,3,용도구역코드,UOA120,상대보호구역,0,0,,상대정화구역,20221008
경상남도 양산시 물금읍 범어리 2703-3번지,48330,25324,0,2703,0003,1264100009934,,,,1,용도지역코드,1021,제1종일반주거지역,1,0,,제1종일반주거지역,20221008
경상남도 양산시 물금읍 범어리 2703-3번지,48330,25324,0,2703,0003,1264100009934,,,,3,용도구역코드,301,제1종지구단위계획구역,1,0,,제1종지구단위계획구역,20221008
경상남도 양산시 물금읍 범어리 2703-4번지,48330,25324,0,2703,0004,1264100071881,,,,1,용도지역코드,UQA121,제1종일반주거지역,1,0,,제1종일반주거지역,20221008
경상남도 양산시 물금읍 범어리 2703-4번지,48330,25324,0,2703,0004,1264100071881,,,,3,용도구역코드,UQQ310,제1종지구단위계획구역,1,0,,제1종지구단위계획구역,20221008
경상남도 양산시 물금읍 범어리 2703-5번지,48330,25324,0,2703,0005,1264100033206,,,,1,용도지역코드,UQA121,제1종일반주거지역,1,0,,제1종일반주거지역,20221008
경상남도 양산시 물금읍 범어리 2703-5번지,48330,25324,0,2703,0005,1264100033206,,,,3,용도구역코드,UQQ310,제1종지구단위계획구역,1,0,,제1종지구단위계획구역,20221008
경상남도 양산시 물금읍 범어리 2703-5번지,48330,25324,0,2703,0005,1264100033206,,,,3,용도구역코드,UOA120,상대보호구역,0,0,,상대정화구역,20221008
경상남도 양산시 물금읍 범어리 2703-8번지,48330,25324,0,2703,0008,1264100047828,,,,1,용도지역코드,UQA121,제1종일반주거지역,1,0,,제1종일반주거지역,20221008
경상남도 양산시 물금읍 범어리 2703-8번지,48330,25324,0,2703,0008,1264100047828,,,,3,용도구역코드,UQQ310,제1종지구단위계획구역,1,0,,제1종지구단위계획구역,20221008
경상남도 양산시 물금읍 범어리 2703-9번지,48330,25324,0,2703,0009,1264100070219,,,,1,용도지역코드,UQA121,제1종일반주거지역,1,0,,제1종일반주거지역,20221008
경상남도 양산시 물금읍 범어리 2703-9번지,48330,25324,0,2703,0009,1264100070219,,,,3,용도구역코드,UQQ310,제1종지구단위계획구역,1,0,,제1종지구단위계획구역,20221008
경상남도 양산시 물금읍 범어리 2703-10번지,48330,25324,0,2703,0010,1264100030017,,,,1,용도지역코드,UQA121,제1종일반주거지역,1,0,,제1종일반주거지역,20221008
경상남도 양산시 물금읍 범어리 2703-10번지,48330,25324,0,2703,0010,1264100030017,,,,3,용도구역코드,UQQ310,제1종지구단위계획구역,1,0,,제1종지구단위계획구역,20221008
경상남도 양산시 물금읍 범어리 2703-11번지,48330,25324,0,2703,0011,1264100013155,,,,1,용도지역코드,1021,제1종일반주거지역,1,0,,제1종일반주거지역,20221008
경상남도 양산시 물금읍 범어리 2703-11번지,48330,25324,0,2703,0011,1264100006828,,,,1,용도지역코드,1021,제1종일반주거지역,1,0,,제1종일반주거지역,20221008
경상남도 양산시 물금읍 범어리 2703-12번지,48330,25324,0,2703,0012,1264100035533,,,,1,용도지역코드,UQA121,제1종일반주거지역,1,0,,제1종일반주거지역,20221008
경상남도 양산시 물금읍 범어리 2703-12번지,48330,25324,0,2703,0012,1264100035533,,,,3,용도구역코드,UQQ310,제1종지구단위계획구역,1,0,,제1종지구단위계획구역,20221008
경상남도 양산시 물금읍 범어리 2703-12번지,48330,25324,0,2703,0012,1264100035533,,,,3,용도구역코드,UOA120,상대보호구역,0,0,,상대정화구역,20221008
경상남도 양산시 물금읍 범어리 2703-13번지,48330,25324,0,2703,0013,1264100026894,,,,1,용도지역코드,UQA121,제1종일반주거지역,1,0,,제1종일반주거지역,20221008
경상남도 양산시 물금읍 범어리 2703-13번지,48330,25324,0,2703,0013,1264100026894,,,,3,용도구역코드,UQQ310,제1종지구단위계획구역,1,0,,제1종지구단위계획구역,20221008
경상남도 양산시 물금읍 범어리 2703-14번지,48330,25324,0,2703,0014,1264100010300,,,,1,용도지역코드,1021,제1종일반주거지역,1,0,,제1종일반주거지역,20221008
경상남도 양산시 물금읍 범어리 2703-14번지,48330,25324,0,2703,0014,1264100010300,,,,3,용도구역코드,301,제1종지구단위계획구역,1,0,,제1종지구단위계획구역,20221008
경상남도 양산시 물금읍 범어리 2703-14번지,48330,25324,0,2703,0014,1264100024191,,,,1,용도지역코드,UQA121,제1종일반주거지역,1,0,,제1종일반주거지역,20221008
경상남도 양산시 물금읍 범어리 2703-14번지,48330,25324,0,2703,0014,1264100024191,,,,3,용도구역코드,UQQ310,제1종지구단위계획구역,1,0,,제1종지구단위계획구역,20221008
경상남도 양산시 물금읍 범어리 2704-1번지,48330,25324,0,2704,0001,1264100051813,,,,1,용도지역코드,UQA121,제1종일반주거지역,1,0,,제1종일반주거지역,20221008
경상남도 양산시 물금읍 범어리 2704-1번지,48330,25324,0,2704,0001,1264100051813,,,,3,용도구역코드,UQQ310,제1종지구단위계획구역,1,0,,제1종지구단위계획구역,20221008
경상남도 양산시 물금읍 범어리 2704-2번지,48330,25324,0,2704,0002,1264100078981,,,,1,용도지역코드,UQA121,제1종일반주거지역,1,0,,제1종일반주거지역,20221008
경상남도 양산시 물금읍 범어리 2704-2번지,48330,25324,0,2704,0002,1264100078981,,,,3,용도구역코드,UQQ310,제1종지구단위계획구역,1,0,,제1종지구단위계획구역,20221008
경상남도 양산시 물금읍 범어리 2704-3번지,48330,25324,0,2704,0003,1264100013213,,,,1,용도지역코드,1021,제1종일반주거지역,1,0,,제1종일반주거지역,20221008
경상남도 양산시 물금읍 범어리 2704-3번지,48330,25324,0,2704,0003,1264100013213,,,,3,용도구역코드,301,제1종지구단위계획구역,1,0,,제1종지구단위계획구역,20221008
경상남도 양산시 물금읍 범어리 2704-4번지,48330,25324,0,2704,0004,1264100035652,,,,3,용도구역코드,UOA120,상대보호구역,0,0,,상대정화구역,20221008
경상남도 양산시 물금읍 범어리 2704-4번지,48330,25324,0,2704,0004,1264100035652,,,,1,용도지역코드,UQA121,제1종일반주거지역,1,0,,제1종일반주거지역,20221008
경상남도 양산시 물금읍 범어리 2704-4번지,48330,25324,0,2704,0004,1264100035652,,,,3,용도구역코드,UQQ310,제1종지구단위계획구역,1,0,,제1종지구단위계획구역,20221008
경상남도 양산시 물금읍 범어리 2704-5번지,48330,25324,0,2704,0005,1264100034270,,,,1,용도지역코드,UQA121,제1종일반주거지역,1,0,,제1종일반주거지역,20221008
경상남도 양산시 물금읍 범어리 2704-5번지,48330,25324,0,2704,0005,1264100034270,,,,3,용도구역코드,UQQ310,제1종지구단위계획구역,1,0,,제1종지구단위계획구역,20221008
경상남도 양산시 물금읍 범어리 2704-6번지,48330,25324,0,2704,0006,1264100052348,,,,1,용도지역코드,UQA121,제1종일반주거지역,1,0,,제1종일반주거지역,20221008
경상남도 양산시 물금읍 범어리 2704-6번지,48330,25324,0,2704,0006,1264100052348,,,,3,용도구역코드,UQQ310,제1종지구단위계획구역,1,0,,제1종지구단위계획구역,20221008
경상남도 양산시 물금읍 범어리 2704-6번지,48330,25324,0,2704,0006,1264100052348,,,,3,용도구역코드,UOA120,상대보호구역,0,0,,상대정화구역,20221008
경상남도 양산시 물금읍 범어리 2704-7번지,48330,25324,0,2704,0007,1264100020037,,,,1,용도지역코드,1021,제1종일반주거지역,1,0,,제1종일반주거지역,20221008
경상남도 양산시 물금읍 범어리 2704-7번지,48330,25324,0,2704,0007,1264100020037,,,,3,용도구역코드,301,제1종지구단위계획구역,1,0,,제1종지구단위계획구역,20221008
경상남도 양산시 물금읍 범어리 2704-8번지,48330,25324,0,2704,0008,1264100046185,,,,1,용도지역코드,UQA121,제1종일반주거지역,1,0,,제1종일반주거지역,20221008
경상남도 양산시 물금읍 범어리 2704-8번지,48330,25324,0,2704,0008,1264100046185,,,,3,용도구역코드,UQQ310,제1종지구단위계획구역,1,0,,제1종지구단위계획구역,20221008
경상남도 양산시 물금읍 범어리 2704-9번지,48330,25324,0,2704,0009,1264100018558,,,,1,용도지역코드,1021,제1종일반주거지역,1,0,,제1종일반주거지역,20221008
경상남도 양산시 물금읍 범어리 2704-9번지,48330,25324,0,2704,0009,1264100018558,,,,3,용도구역코드,301,제1종지구단위계획구역,1,0,,제1종지구단위계획구역,20221008
경상남도 양산시 물금읍 범어리 2704-10번지,48330,25324,0,2704,0010,1264100071040,,,,1,용도지역코드,UQA121,제1종일반주거지역,1,0,,제1종일반주거지역,20221008
경상남도 양산시 물금읍 범어리 2704-10번지,48330,25324,0,2704,0010,1264100071040,,,,3,용도구역코드,UQQ310,제1종지구단위계획구역,1,0,,제1종지구단위계획구역,20221008
경상남도 양산시 물금읍 범어리 2704-10번지,48330,25324,0,2704,0010,1264100071040,,,,3,용도구역코드,UOA120,상대보호구역,0,0,,상대정화구역,20221008
경상남도 양산시 물금읍 범어리 2704-11번지,48330,25324,0,2704,0011,12649410,,,,1,용도지역코드,1021,제1종일반주거지역,1,0,,제1종일반주거지역,20221008
경상남도 양산시 물금읍 범어리 2704-11번지,48330,25324,0,2704,0011,12649410,,,,3,용도구역코드,301,제1종지구단위계획구역,1,0,,제1종지구단위계획구역,20221008
경상남도 양산시 물금읍 범어리 2704-13번지,48330,25324,0,2704,0013,1264100018817,,,,1,용도지역코드,1021,제1종일반주거지역,1,0,,제1종일반주거지역,20221008
경상남도 양산시 물금읍 범어리 2704-13번지,48330,25324,0,2704,0013,1264100018817,,,,3,용도구역코드,301,제1종지구단위계획구역,1,0,,제1종지구단위계획구역,20221008
경상남도 양산시 물금읍 범어리 2704-13번지,48330,25324,0,2704,0013,1264100047327,,,,1,용도지역코드,UQA121,제1종일반주거지역,1,0,,제1종일반주거지역,20221008
경상남도 양산시 물금읍 범어리 2704-13번지,48330,25324,0,2704,0013,1264100047327,,,,3,용도구역코드,UQQ310,제1종지구단위계획구역,1,0,,제1종지구단위계획구역,20221008
경상남도 양산시 물금읍 범어리 2704-14번지,48330,25324,0,2704,0014,1264100027229,,,,1,용도지역코드,UQA121,제1종일반주거지역,1,0,,제1종일반주거지역,20221008
경상남도 양산시 물금읍 범어리 2704-14번지,48330,25324,0,2704,0014,1264100027229,,,,3,용도구역코드,UQQ310,제1종지구단위계획구역,1,0,,제1종지구단위계획구역,20221008
경상남도 양산시 물금읍 범어리 2705-1번지,48330,25324,0,2705,0001,1264100007166,,,,1,용도지역코드,1021,제1종일반주거지역,1,0,,제1종일반주거지역,20221008
경상남도 양산시 물금읍 범어리 2705-1번지,48330,25324,0,2705,0001,1264100007166,,,,3,용도구역코드,301,제1종지구단위계획구역,1,0,,제1종지구단위계획구역,20221008
경상남도 양산시 물금읍 범어리 2705-2번지,48330,25324,0,2705,0002,1264100022347,,,,1,용도지역코드,UQA121,제1종일반주거지역,1,0,,제1종일반주거지역,20221008
경상남도 양산시 물금읍 범어리 2705-2번지,48330,25324,0,2705,0002,1264100022347,,,,3,용도구역코드,UQQ310,제1종지구단위계획구역,1,0,,제1종지구단위계획구역,20221008
경상남도 양산시 물금읍 범어리 2705-3번지,48330,25324,0,2705,0003,1264100019789,,,,1,용도지역코드,1021,제1종일반주거지역,1,0,,제1종일반주거지역,20221008
경상남도 양산시 물금읍 범어리 2705-3번지,48330,25324,0,2705,0003,1264100019789,,,,3,용도구역코드,301,제1종지구단위계획구역,1,0,,제1종지구단위계획구역,20221008
경상남도 양산시 물금읍 범어리 2705-4번지,48330,25324,0,2705,0004,1264100070002,,,,1,용도지역코드,UQA121,제1종일반주거지역,1,0,,제1종일반주거지역,20221008
경상남도 양산시 물금읍 범어리 2705-4번지,48330,25324,0,2705,0004,1264100070002,,,,3,용도구역코드,UQQ310,제1종지구단위계획구역,1,0,,제1종지구단위계획구역,20221008
경상남도 양산시 물금읍 범어리 2705-5번지,48330,25324,0,2705,0005,1264100052346,,,,1,용도지역코드,UQA121,제1종일반주거지역,1,0,,제1종일반주거지역,20221008
경상남도 양산시 물금읍 범어리 2705-5번지,48330,25324,0,2705,0005,1264100052346,,,,3,용도구역코드,UQQ310,제1종지구단위계획구역,1,0,,제1종지구단위계획구역,20221008
경상남도 양산시 물금읍 범어리 2705-5번지,48330,25324,0,2705,0005,1264100052346,,,,3,용도구역코드,UOA120,상대보호구역,0,0,,상대정화구역,20221008
경상남도 양산시 물금읍 범어리 2705-6번지,48330,25324,0,2705,0006,1264100079981,,,,1,용도지역코드,UQA121,제1종일반주거지역,1,0,,제1종일반주거지역,20221008
경상남도 양산시 물금읍 범어리 2705-6번지,48330,25324,0,2705,0006,1264100079981,,,,3,용도구역코드,UQQ310,제1종지구단위계획구역,1,0,,제1종지구단위계획구역,20221008
경상남도 양산시 물금읍 범어리 2705-6번지,48330,25324,0,2705,0006,1264100079981,,,,3,용도구역코드,UOA120,상대보호구역,0,0,,상대정화구역,20221008
경상남도 양산시 물금읍 범어리 2705-7번지,48330,25324,0,2705,0007,1264100090142,,,,1,용도지역코드,UQA121,제1종일반주거지역,1,0,,제1종일반주거지역,20221008
경상남도 양산시 물금읍 범어리 2705-7번지,48330,25324,0,2705,0007,1264100090142,,,,3,용도구역코드,UQQ310,제1종지구단위계획구역,1,0,,제1종지구단위계획구역,20221008
경상남도 양산시 물금읍 범어리 2705-7번지,48330,25324,0,2705,0007,1264100090142,,,,3,용도구역코드,UOA120,상대보호구역,0,0,,상대정화구역,20221008
경상남도 양산시 물금읍 범어리 2705-8번지,48330,25324,0,2705,0008,1264100009932,,,,1,용도지역코드,1021,제1종일반주거지역,1,0,,제1종일반주거지역,20221008
경상남도 양산시 물금읍 범어리 2705-8번지,48330,25324,0,2705,0008,1264100009932,,,,3,용도구역코드,301,제1종지구단위계획구역,1,0,,제1종지구단위계획구역,20221008
경상남도 양산시 물금읍 범어리 2705-8번지,48330,25324,0,2705,0008,1264100020520,,,,1,용도지역코드,1021,제1종일반주거지역,1,0,,제1종일반주거지역,20221008
경상남도 양산시 물금읍 범어리 2705-8번지,48330,25324,0,2705,0008,1264100020520,,,,3,용도구역코드,301,제1종지구단위계획구역,1,0,,제1종지구단위계획구역,20221008
경상남도 양산시 물금읍 범어리 2705-9번지,48330,25324,0,2705,0009,1264100021908,,,,1,용도지역코드,UQA121,제1종일반주거지역,1,0,,제1종일반주거지역,20221008
경상남도 양산시 물금읍 범어리 2705-9번지,48330,25324,0,2705,0009,1264100021908,,,,3,용도구역코드,UQQ310,제1종지구단위계획구역,1,0,,제1종지구단위계획구역,20221008
경상남도 양산시 물금읍 범어리 2705-9번지,48330,25324,0,2705,0009,1264100021908,,,,3,용도구역코드,UOA120,상대보호구역,0,0,,상대정화구역,20221008
경상남도 양산시 물금읍 범어리 2705-10번지,48330,25324,0,2705,0010,1264100006506,,,,1,용도지역코드,1021,제1종일반주거지역,1,0,,제1종일반주거지역,20221008
경상남도 양산시 물금읍 범어리 2705-10번지,48330,25324,0,2705,0010,1264100006506,,,,3,용도구역코드,301,제1종지구단위계획구역,1,0,,제1종지구단위계획구역,20221008
경상남도 양산시 물금읍 범어리 2705-11번지,48330,25324,0,2705,0011,1264100036253,,,,1,용도지역코드,UQA121,제1종일반주거지역,1,0,,제1종일반주거지역,20221008
경상남도 양산시 물금읍 범어리 2705-11번지,48330,25324,0,2705,0011,1264100036253,,,,3,용도구역코드,UQQ310,제1종지구단위계획구역,1,0,,제1종지구단위계획구역,20221008
경상남도 양산시 물금읍 범어리 2705-11번지,48330,25324,0,2705,0011,1264100051507,,,,1,용도지역코드,UQA122,제2종일반주거지역,1,0,,제2종일반주거지역,20221008
경상남도 양산시 물금읍 범어리 2705-11번지,48330,25324,0,2705,0011,1264100051507,,,,3,용도구역코드,UQQ310,제1종지구단위계획구역,1,0,,제1종지구단위계획구역,20221008
경상남도 양산시 물금읍 범어리 2705-12번지,48330,25324,0,2705,0012,1264100015078,,,,1,용도지역코드,1021,제1종일반주거지역,1,0,,제1종일반주거지역,20221008
경상남도 양산시 물금읍 범어리 2705-12번지,48330,25324,0,2705,0012,1264100015078,,,,3,용도구역코드,301,제1종지구단위계획구역,1,0,,제1종지구단위계획구역,20221008
경상남도 양산시 물금읍 범어리 2705-13번지,48330,25324,0,2705,0013,1264100035953,,,,3,용도구역코드,UQQ310,제1종지구단위계획구역,1,0,,제1종지구단위계획구역,20221008
경상남도 양산시 물금읍 범어리 2705-13번지,48330,25324,0,2705,0013,1264100035953,,,,3,용도구역코드,UOA120,상대보호구역,0,0,,상대정화구역,20221008
경상남도 양산시 물금읍 범어리 2705-13번지,48330,25324,0,2705,0013,1264100035953,,,,1,용도지역코드,UQA121,제1종일반주거지역,1,0,,제1종일반주거지역,20221008
경상남도 양산시 물금읍 범어리 2705-14번지,48330,25324,0,2705,0014,1264100007245,,,,1,용도지역코드,1021,제1종일반주거지역,1,0,,제1종일반주거지역,20221008
경상남도 양산시 물금읍 범어리 2705-14번지,48330,25324,0,2705,0014,1264100007245,,,,3,용도구역코드,301,제1종지구단위계획구역,1,0,,제1종지구단위계획구역,20221008
경상남도 양산시 물금읍 범어리 2706-1번지,48330,25324,0,2706,0001,1264100063080,,,,1,용도지역코드,UQA121,제1종일반주거지역,1,0,,제1종일반주거지역,20221008
경상남도 양산시 물금읍 범어리 2706-1번지,48330,25324,0,2706,0001,1264100063080,,,,3,용도구역코드,UQQ310,제1종지구단위계획구역,1,0,,제1종지구단위계획구역,20221008
경상남도 양산시 물금읍 범어리 2706-1번지,48330,25324,0,2706,0001,1264100063080,,,,3,용도구역코드,UOA120,상대보호구역,0,0,,상대정화구역,20221008
경상남도 양산시 물금읍 범어리 2706-2번지,48330,25324,0,2706,0002,1264100009332,,,,1,용도지역코드,1021,제1종일반주거지역,1,0,,제1종일반주거지역,20221008
경상남도 양산시 물금읍 범어리 2706-2번지,48330,25324,0,2706,0002,1264100009332,,,,3,용도구역코드,301,제1종지구단위계획구역,1,0,,제1종지구단위계획구역,20221008
경상남도 양산시 물금읍 범어리 2706-3번지,48330,25324,0,2706,0003,1264100114617,,,,1,용도지역코드,UQA121,제1종일반주거지역,1,0,,제1종일반주거지역,20221008
경상남도 양산시 물금읍 범어리 2706-3번지,48330,25324,0,2706,0003,1264100114617,,,,3,용도구역코드,UOA120,상대보호구역,1,0,,상대보호구역,20221008
경상남도 양산시 물금읍 범어리 2706-3번지,48330,25324,0,2706,0003,1264100114617,,,,3,용도구역코드,UQQ310,제1종지구단위계획구역,0,0,,제1종지구단위계획구역,20221008
경상남도 양산시 물금읍 범어리 2706-4번지,48330,25324,0,2706,0004,1264100016787,,,,1,용도지역코드,1021,제1종일반주거지역,1,0,,제1종일반주거지역,20221008
경상남도 양산시 물금읍 범어리 2706-4번지,48330,25324,0,2706,0004,1264100016787,,,,3,용도구역코드,301,제1종지구단위계획구역,1,0,,제1종지구단위계획구역,20221008
경상남도 양산시 물금읍 범어리 2706-4번지,48330,25324,0,2706,0004,1264100016787,,,,3,용도구역코드,272,상대정화구역,0,0,,상대정화구역,20221008
경상남도 양산시 물금읍 범어리 2706-6번지,48330,25324,0,2706,0006,1264100027429,,,,1,용도지역코드,UQA121,제1종일반주거지역,1,0,,제1종일반주거지역,20221008
경상남도 양산시 물금읍 범어리 2706-6번지,48330,25324,0,2706,0006,1264100027429,,,,3,용도구역코드,UQQ310,제1종지구단위계획구역,1,0,,제1종지구단위계획구역,20221008
경상남도 양산시 물금읍 범어리 2706-7번지,48330,25324,0,2706,0007,1264100052318,,,,1,용도지역코드,UQA121,제1종일반주거지역,1,0,,제1종일반주거지역,20221008
경상남도 양산시 물금읍 범어리 2706-7번지,48330,25324,0,2706,0007,1264100052318,,,,3,용도구역코드,UQQ310,제1종지구단위계획구역,1,0,,제1종지구단위계획구역,20221008
경상남도 양산시 물금읍 범어리 2706-8번지,48330,25324,0,2706,0008,1264100036852,,,,1,용도지역코드,UQA121,제1종일반주거지역,1,0,,제1종일반주거지역,20221008
경상남도 양산시 물금읍 범어리 2706-8번지,48330,25324,0,2706,0008,1264100036852,,,,3,용도구역코드,UQQ310,제1종지구단위계획구역,1,0,,제1종지구단위계획구역,20221008
경상남도 양산시 물금읍 범어리 2706-8번지,48330,25324,0,2706,0008,1264100036852,,,,3,용도구역코드,UOA120,상대보호구역,0,0,,상대정화구역,20221008
경상남도 양산시 물금읍 범어리 2706-9번지,48330,25324,0,2706,0009,1264100048927,,,,1,용도지역코드,UQA121,제1종일반주거지역,1,0,,제1종일반주거지역,20221008
경상남도 양산시 물금읍 범어리 2706-9번지,48330,25324,0,2706,0009,1264100048927,,,,3,용도구역코드,UQQ310,제1종지구단위계획구역,1,0,,제1종지구단위계획구역,20221008
경상남도 양산시 물금읍 범어리 2706-9번지,48330,25324,0,2706,0009,1264100048927,,,,3,용도구역코드,UOA120,상대보호구역,0,0,,상대정화구역,20221008
경상남도 양산시 물금읍 범어리 2706-10번지,48330,25324,0,2706,0010,1264100065739,,,,1,용도지역코드,UQA121,제1종일반주거지역,1,0,,제1종일반주거지역,20221008
경상남도 양산시 물금읍 범어리 2706-10번지,48330,25324,0,2706,0010,1264100065739,,,,3,용도구역코드,UQQ310,제1종지구단위계획구역,1,0,,제1종지구단위계획구역,20221008
경상남도 양산시 물금읍 범어리 2706-10번지,48330,25324,0,2706,0010,1264100065739,,,,3,용도구역코드,UOA120,상대보호구역,0,0,,상대정화구역,20221008
경상남도 양산시 물금읍 범어리 2706-11번지,48330,25324,0,2706,0011,1264100031240,,,,1,용도지역코드,UQA121,제1종일반주거지역,1,0,,제1종일반주거지역,20221008
경상남도 양산시 물금읍 범어리 2706-11번지,48330,25324,0,2706,0011,1264100031240,,,,3,용도구역코드,UQQ310,제1종지구단위계획구역,1,0,,제1종지구단위계획구역,20221008
경상남도 양산시 물금읍 범어리 2706-12번지,48330,25324,0,2706,0012,1264100034328,,,,1,용도지역코드,UQA121,제1종일반주거지역,1,0,,제1종일반주거지역,20221008
경상남도 양산시 물금읍 범어리 2706-12번지,48330,25324,0,2706,0012,1264100034328,,,,3,용도구역코드,UQQ310,제1종지구단위계획구역,1,0,,제1종지구단위계획구역,20221008
경상남도 양산시 물금읍 범어리 2706-12번지,48330,25324,0,2706,0012,1264100034328,,,,3,용도구역코드,UOA120,상대보호구역,0,0,,상대정화구역,20221008
경상남도 양산시 물금읍 범어리 2706-13번지,48330,25324,0,2706,0013,1264100052054,,,,1,용도지역코드,UQA121,제1종일반주거지역,1,0,,제1종일반주거지역,20221008
경상남도 양산시 물금읍 범어리 2706-13번지,48330,25324,0,2706,0013,1264100052054,,,,3,용도구역코드,UQQ310,제1종지구단위계획구역,1,0,,제1종지구단위계획구역,20221008
경상남도 양산시 물금읍 범어리 2706-14번지,48330,25324,0,2706,0014,1264100052336,,,,1,용도지역코드,UQA121,제1종일반주거지역,1,0,,제1종일반주거지역,20221008
경상남도 양산시 물금읍 범어리 2706-14번지,48330,25324,0,2706,0014,1264100052336,,,,3,용도구역코드,UQQ310,제1종지구단위계획구역,1,0,,제1종지구단위계획구역,20221008
경상남도 양산시 물금읍 범어리 2706-14번지,48330,25324,0,2706,0014,1264100052336,,,,3,용도구역코드,UOA120,상대보호구역,0,0,,상대정화구역,20221008
경상남도 양산시 물금읍 범어리 2706-15번지,48330,25324,0,2706,0015,1264100033544,,,,1,용도지역코드,UQA121,제1종일반주거지역,1,0,,제1종일반주거지역,20221008
경상남도 양산시 물금읍 범어리 2706-15번지,48330,25324,0,2706,0015,1264100033544,,,,3,용도구역코드,UQQ310,제1종지구단위계획구역,1,0,,제1종지구단위계획구역,20221008
경상남도 양산시 물금읍 범어리 2706-15번지,48330,25324,0,2706,0015,1264100033544,,,,3,용도구역코드,UOA120,상대보호구역,0,0,,상대정화구역,20221008
경상남도 양산시 물금읍 범어리 2706-16번지,48330,25324,0,2706,0016,1264100034185,,,,1,용도지역코드,UQA121,제1종일반주거지역,1,0,,제1종일반주거지역,20221008
경상남도 양산시 물금읍 범어리 2706-16번지,48330,25324,0,2706,0016,1264100009709,,,,1,용도지역코드,1021,제1종일반주거지역,1,0,,제1종일반주거지역,20221008
경상남도 양산시 물금읍 범어리 2706-16번지,48330,25324,0,2706,0016,1264100009709,,,,3,용도구역코드,301,제1종지구단위계획구역,1,0,,제1종지구단위계획구역,20221008
경상남도 양산시 물금읍 범어리 2707-1번지,48330,25324,0,2707,0001,1264100005745,,,,1,용도지역코드,1021,제1종일반주거지역,1,0,,제1종일반주거지역,20221008
경상남도 양산시 물금읍 범어리 2707-1번지,48330,25324,0,2707,0001,1264100005745,,,,3,용도구역코드,301,제1종지구단위계획구역,1,0,,제1종지구단위계획구역,20221008
경상남도 양산시 물금읍 범어리 2707-2번지,48330,25324,0,2707,0002,1264100010298,,,,1,용도지역코드,1021,제1종일반주거지역,1,0,,제1종일반주거지역,20221008
경상남도 양산시 물금읍 범어리 2707-2번지,48330,25324,0,2707,0002,1264100010298,,,,3,용도구역코드,301,제1종지구단위계획구역,1,0,,제1종지구단위계획구역,20221008
경상남도 양산시 물금읍 범어리 2707-2번지,48330,25324,0,2707,0002,1264100019679,,,,1,용도지역코드,1011,제1종전용주거지역,1,0,,제1종전용주거지역,20221008
경상남도 양산시 물금읍 범어리 2707-2번지,48330,25324,0,2707,0002,1264100019679,,,,3,용도구역코드,301,제1종지구단위계획구역,1,0,,제1종지구단위계획구역,20221008
경상남도 양산시 물금읍 범어리 2707-3번지,48330,25324,0,2707,0003,1264100052224,,,,1,용도지역코드,UQA121,제1종일반주거지역,1,0,,제1종일반주거지역,20221008
경상남도 양산시 물금읍 범어리 2707-3번지,48330,25324,0,2707,0003,1264100052224,,,,3,용도구역코드,UQQ310,제1종지구단위계획구역,1,0,,제1종지구단위계획구역,20221008
경상남도 양산시 물금읍 범어리 2707-3번지,48330,25324,0,2707,0003,1264100052224,,,,3,용도구역코드,UOA120,상대보호구역,0,0,,상대정화구역,20221008
경상남도 양산시 물금읍 범어리 2707-4번지,48330,25324,0,2707,0004,1000000000000000246113,,,,3,용도구역코드,UMZ100,가축사육제한구역,1,0,,가축사육제한구역,20230627
경상남도 양산시 물금읍 범어리 2707-4번지,48330,25324,0,2707,0004,1000000000000000246113,,,,1,용도지역코드,UQA121,제1종일반주거지역,1,0,,제1종일반주거지역,20230627
경상남도 양산시 물금읍 범어리 2707-4번지,48330,25324,0,2707,0004,1264100008127,,,,1,용도지역코드,1022,제2종일반주거지역,1,0,,제2종일반주거지역,20221008
경상남도 양산시 물금읍 범어리 2707-5번지,48330,25324,0,2707,0005,1264100032179,,,,1,용도지역코드,UQA121,제1종일반주거지역,1,0,,제1종일반주거지역,20221008
경상남도 양산시 물금읍 범어리 2707-5번지,48330,25324,0,2707,0005,1264100032179,,,,3,용도구역코드,UQQ310,제1종지구단위계획구역,1,0,,제1종지구단위계획구역,20221008
경상남도 양산시 물금읍 범어리 2707-5번지,48330,25324,0,2707,0005,1264100009731,,,,1,용도지역코드,1021,제1종일반주거지역,1,0,,제1종일반주거지역,20221008
경상남도 양산시 물금읍 범어리 2707-5번지,48330,25324,0,2707,0005,1264100009731,,,,3,용도구역코드,301,제1종지구단위계획구역,1,0,,제1종지구단위계획구역,20221008
경상남도 양산시 물금읍 범어리 2707-6번지,48330,25324,0,2707,0006,1264100019239,,,,1,용도지역코드,1011,제1종전용주거지역,1,0,,제1종전용주거지역,20221008
경상남도 양산시 물금읍 범어리 2707-6번지,48330,25324,0,2707,0006,1264100019239,,,,3,용도구역코드,301,제1종지구단위계획구역,1,0,,제1종지구단위계획구역,20221008
경상남도 양산시 물금읍 범어리 2707-6번지,48330,25324,0,2707,0006,1264100015715,,,,1,용도지역코드,1021,제1종일반주거지역,1,0,,제1종일반주거지역,20221008
경상남도 양산시 물금읍 범어리 2707-6번지,48330,25324,0,2707,0006,1264100015715,,,,3,용도구역코드,301,제1종지구단위계획구역,1,0,,제1종지구단위계획구역,20221008
경상남도 양산시 물금읍 범어리 2707-7번지,48330,25324,0,2707,0007,1264100004467,,,,1,용도지역코드,1021,제1종일반주거지역,1,0,,제1종일반주거지역,20221008
경상남도 양산시 물금읍 범어리 2707-7번지,48330,25324,0,2707,0007,1264100020857,,,,1,용도지역코드,1021,제1종일반주거지역,1,0,,제1종일반주거지역,20221008
경상남도 양산시 물금읍 범어리 2707-7번지,48330,25324,0,2707,0007,1264100020857,,,,3,용도구역코드,301,제1종지구단위계획구역,1,0,,제1종지구단위계획구역,20221008
경상남도 양산시 물금읍 범어리 2707-8번지,48330,25324,0,2707,0008,1264100006656,,,,1,용도지역코드,1022,제2종일반주거지역,1,0,,제2종일반주거지역,20221008
경상남도 양산시 물금읍 범어리 2707-10번지,48330,25324,0,2707,0010,1264100006966,,,,1,용도지역코드,1021,제1종일반주거지역,1,0,,제1종일반주거지역,20221008
경상남도 양산시 물금읍 범어리 2707-10번지,48330,25324,0,2707,0010,1264100006966,,,,3,용도구역코드,301,제1종지구단위계획구역,1,0,,제1종지구단위계획구역,20221008
경상남도 양산시 물금읍 범어리 2707-11번지,48330,25324,0,2707,0011,1264100052206,,,,1,용도지역코드,UQA121,제1종일반주거지역,1,0,,제1종일반주거지역,20221008
경상남도 양산시 물금읍 범어리 2707-11번지,48330,25324,0,2707,0011,1264100052206,,,,3,용도구역코드,UQQ310,제1종지구단위계획구역,1,0,,제1종지구단위계획구역,20221008
경상남도 양산시 물금읍 범어리 2707-12번지,48330,25324,0,2707,0012,1264100032019,,,,1,용도지역코드,UQA121,제1종일반주거지역,1,0,,제1종일반주거지역,20221008
경상남도 양산시 물금읍 범어리 2707-12번지,48330,25324,0,2707,0012,1264100032019,,,,3,용도구역코드,UQQ310,제1종지구단위계획구역,1,0,,제1종지구단위계획구역,20221008
경상남도 양산시 물금읍 범어리 2707-13번지,48330,25324,0,2707,0013,1264100092623,,,,1,용도지역코드,UQA121,제1종일반주거지역,1,0,,제1종일반주거지역,20221008
경상남도 양산시 물금읍 범어리 2707-13번지,48330,25324,0,2707,0013,1264100092623,,,,3,용도구역코드,UQQ310,제1종지구단위계획구역,1,0,,제1종지구단위계획구역,20221008
경상남도 양산시 물금읍 범어리 2707-13번지,48330,25324,0,2707,0013,1264100092623,,,,3,용도구역코드,UOA120,상대보호구역,0,0,,상대정화구역,20221008
경상남도 양산시 물금읍 범어리 2707-14번지,48330,25324,0,2707,0014,1264100030880,,,,1,용도지역코드,UQA121,제1종일반주거지역,1,0,,제1종일반주거지역,20221008
경상남도 양산시 물금읍 범어리 2707-14번지,48330,25324,0,2707,0014,1264100030880,,,,3,용도구역코드,UQQ310,제1종지구단위계획구역,1,0,,제1종지구단위계획구역,20221008
경상남도 양산시 물금읍 범어리 2707-14번지,48330,25324,0,2707,0014,1264100030880,,,,3,용도구역코드,UOA120,상대보호구역,0,0,,상대정화구역,20221008
경상남도 양산시 물금읍 범어리 2707-15번지,48330,25324,0,2707,0015,1264100020264,,,,1,용도지역코드,1021,제1종일반주거지역,1,0,,제1종일반주거지역,20221008
경상남도 양산시 물금읍 범어리 2707-15번지,48330,25324,0,2707,0015,1264100020264,,,,3,용도구역코드,272,상대정화구역,1,0,,상대정화구역,20221008
경상남도 양산시 물금읍 범어리 2707-15번지,48330,25324,0,2707,0015,1264100020264,,,,3,용도구역코드,301,제1종지구단위계획구역,0,0,,제1종지구단위계획구역,20221008
경상남도 양산시 물금읍 범어리 2707-15번지,48330,25324,0,2707,0015,1264100007286,,,,1,용도지역코드,1021,제1종일반주거지역,1,0,,제1종일반주거지역,20221008
경상남도 양산시 물금읍 범어리 2707-15번지,48330,25324,0,2707,0015,1264100007286,,,,3,용도구역코드,301,제1종지구단위계획구역,1,0,,제1종지구단위계획구역,20221008
경상남도 양산시 물금읍 범어리 2707-16번지,48330,25324,0,2707,0016,1264100057030,,,,1,용도지역코드,UQA121,제1종일반주거지역,1,0,,제1종일반주거지역,20221008
경상남도 양산시 물금읍 범어리 2707-16번지,48330,25324,0,2707,0016,1264100057030,,,,3,용도구역코드,UQQ310,제1종지구단위계획구역,1,0,,제1종지구단위계획구역,20221008
경상남도 양산시 물금읍 범어리 2707-16번지,48330,25324,0,2707,0016,1264100057030,,,,3,용도구역코드,UOA120,상대보호구역,0,0,,상대정화구역,20221008
경상남도 양산시 물금읍 범어리 2707-17번지,48330,25324,0,2707,0017,1264100037079,,,,1,용도지역코드,UQA121,제1종일반주거지역,1,0,,제1종일반주거지역,20221008
경상남도 양산시 물금읍 범어리 2707-17번지,48330,25324,0,2707,0017,1264100037079,,,,3,용도구역코드,UQQ310,제1종지구단위계획구역,1,0,,제1종지구단위계획구역,20221008
경상남도 양산시 물금읍 범어리 2707-17번지,48330,25324,0,2707,0017,1264100037079,,,,3,용도구역코드,UOA120,상대보호구역,0,0,,상대정화구역,20221008
경상남도 양산시 물금읍 범어리 2707-18번지,48330,25324,0,2707,0018,1264100041663,,,,1,용도지역코드,UQA121,제1종일반주거지역,1,0,,제1종일반주거지역,20221008
경상남도 양산시 물금읍 범어리 2707-18번지,48330,25324,0,2707,0018,1264100041663,,,,3,용도구역코드,UQQ300,지구단위계획구역,1,0,,지구단위계획구역,20221008
경상남도 양산시 물금읍 범어리 2710-1번지,48330,25324,0,2710,0001,1264100078561,,,,1,용도지역코드,UQA130,준주거지역,1,0,,준주거지역,20221008
경상남도 양산시 물금읍 범어리 2710-1번지,48330,25324,0,2710,0001,1264100078561,,,,3,용도구역코드,UOA120,상대보호구역,,,,상대정화구역,20221008
경상남도 양산시 물금읍 범어리 2710-1번지,48330,25324,0,2710,0001,1264100078561,,,,3,용도구역코드,UQQ310,제1종지구단위계획구역,1,0,,제1종지구단위계획구역,20221008
경상남도 양산시 물금읍 범어리 2710-1번지,48330,25324,0,2710,0001,1264100064240,,,,1,용도지역코드,UQA130,준주거지역,1,0,,준주거지역,20221008
경상남도 양산시 물금읍 범어리 2710-1번지,48330,25324,0,2710,0001,1264100064240,,,,3,용도구역코드,UOA120,상대보호구역,,,,상대정화구역,20221008
경상남도 양산시 물금읍 범어리 2710-1번지,48330,25324,0,2710,0001,1264100064240,,,,3,용도구역코드,UQQ310,제1종지구단위계획구역,1,0,,제1종지구단위계획구역,20221008
경상남도 양산시 물금읍 범어리 2710-1번지,48330,25324,0,2710,0001,1264100080319,,,,1,용도지역코드,UQA130,준주거지역,1,0,,준주거지역,20221008
경상남도 양산시 물금읍 범어리 2710-1번지,48330,25324,0,2710,0001,1264100080319,,,,3,용도구역코드,UOA120,상대보호구역,,,,상대정화구역,20221008
경상남도 양산시 물금읍 범어리 2710-1번지,48330,25324,0,2710,0001,1264100080319,,,,3,용도구역코드,UQQ310,제1종지구단위계획구역,1,0,,제1종지구단위계획구역,20221008
경상남도 양산시 물금읍 범어리 2710-4번지,48330,25324,0,2710,0004,1264100080479,,,,1,용도지역코드,UQA130,준주거지역,1,0,,준주거지역,20221008
경상남도 양산시 물금읍 범어리 2710-4번지,48330,25324,0,2710,0004,1264100080479,,,,3,용도구역코드,UOA120,상대보호구역,,,,상대정화구역,20221008
경상남도 양산시 물금읍 범어리 2710-4번지,48330,25324,0,2710,0004,1264100080479,,,,3,용도구역코드,UQQ310,제1종지구단위계획구역,1,0,,제1종지구단위계획구역,20221008
경상남도 양산시 물금읍 범어리 2711-1번지,48330,25324,0,2711,0001,1264100014954,,,,1,용도지역코드,1120,일반상업지역,1,0,,일반상업지역,20221008
경상남도 양산시 물금읍 범어리 2711-1번지,48330,25324,0,2711,0001,1264100014954,,,,3,용도구역코드,301,제1종지구단위계획구역,1,0,,제1종지구단위계획구역,20221008
경상남도 양산시 물금읍 범어리 2711-1번지,48330,25324,0,2711,0001,1264100108197,,,,1,용도지역코드,UQA220,일반상업지역,1,0,,일반상업지역,20221008
경상남도 양산시 물금읍 범어리 2711-1번지,48330,25324,0,2711,0001,1264100108197,,,,3,용도구역코드,UQQ310,제1종지구단위계획구역,1,0,,제1종지구단위계획구역,20221008
경상남도 양산시 물금읍 범어리 2711-1번지,48330,25324,0,2711,0001,1264100102294,,,,1,용도지역코드,UQA220,일반상업지역,1,0,,일반상업지역,20221008
경상남도 양산시 물금읍 범어리 2711-1번지,48330,25324,0,2711,0001,1264100102294,,,,3,용도구역코드,UQQ310,제1종지구단위계획구역,1,0,,제1종지구단위계획구역,20221008
경상남도 양산시 물금읍 범어리 2711-1번지,48330,25324,0,2711,0001,12649342,,,,1,용도지역코드,1120,일반상업지역,1,0,,일반상업지역,20221008
경상남도 양산시 물금읍 범어리 2711-1번지,48330,25324,0,2711,0001,12649342,,,,3,용도구역코드,301,제1종지구단위계획구역,1,0,,제1종지구단위계획구역,20221008
경상남도 양산시 물금읍 범어리 2711-1번지,48330,25324,0,2711,0001,1264100042382,,,,1,용도지역코드,UQA220,일반상업지역,1,0,,일반상업지역,20221008
경상남도 양산시 물금읍 범어리 2711-1번지,48330,25324,0,2711,0001,1264100042382,,,,3,용도구역코드,UQQ310,제1종지구단위계획구역,1,0,,제1종지구단위계획구역,20221008
경상남도 양산시 물금읍 범어리 2711-1번지,48330,25324,0,2711,0001,1264100011270,,,,1,용도지역코드,1120,일반상업지역,1,0,,일반상업지역,20221008
경상남도 양산시 물금읍 범어리 2711-1번지,48330,25324,0,2711,0001,1264100011270,,,,3,용도구역코드,301,제1종지구단위계획구역,1,0,,제1종지구단위계획구역,20221008
경상남도 양산시 물금읍 범어리 2711-3번지,48330,25324,0,2711,0003,1264100030760,,,,1,용도지역코드,UQA220,일반상업지역,1,0,,일반상업지역,20221008
경상남도 양산시 물금읍 범어리 2711-3번지,48330,25324,0,2711,0003,1264100030760,,,,3,용도구역코드,UQQ310,제1종지구단위계획구역,1,0,,제1종지구단위계획구역,20221008
경상남도 양산시 물금읍 범어리 2711-3번지,48330,25324,0,2711,0003,1264100072460,,,,1,용도지역코드,UQA220,일반상업지역,1,0,,일반상업지역,20221008
경상남도 양산시 물금읍 범어리 2711-3번지,48330,25324,0,2711,0003,1264100072460,,,,3,용도구역코드,UQQ310,제1종지구단위계획구역,1,0,,제1종지구단위계획구역,20221008
경상남도 양산시 물금읍 범어리 2711-3번지,48330,25324,0,2711,0003,1264100046746,,,,1,용도지역코드,UQA220,일반상업지역,1,0,,일반상업지역,20221008
경상남도 양산시 물금읍 범어리 2711-3번지,48330,25324,0,2711,0003,1264100046746,,,,3,용도구역코드,UQQ310,제1종지구단위계획구역,1,0,,제1종지구단위계획구역,20221008
경상남도 양산시 물금읍 범어리 2711-4번지,48330,25324,0,2711,0004,1264100049226,,,,1,용도지역코드,UQA220,일반상업지역,1,0,,일반상업지역,20221008
경상남도 양산시 물금읍 범어리 2711-4번지,48330,25324,0,2711,0004,1264100049226,,,,3,용도구역코드,UQQ310,제1종지구단위계획구역,1,0,,제1종지구단위계획구역,20221008
경상남도 양산시 물금읍 범어리 2711-4번지,48330,25324,0,2711,0004,1000000000000000071810,,,,1,용도지역코드,UQA220,일반상업지역,1,0,,일반상업지역,20221017
경상남도 양산시 물금읍 범어리 2711-4번지,48330,25324,0,2711,0004,1000000000000000071810,,,,3,용도구역코드,UQQ310,제1종지구단위계획구역,1,0,,제1종지구단위계획구역,20221017
경상남도 양산시 물금읍 범어리 2711-4번지,48330,25324,0,2711,0004,1000000000000000071827,,,,3,용도구역코드,UQQ310,제1종지구단위계획구역,1,0,,제1종지구단위계획구역,20221017
경상남도 양산시 물금읍 범어리 2711-4번지,48330,25324,0,2711,0004,1000000000000000071827,,,,1,용도지역코드,UQA220,일반상업지역,1,0,,일반상업지역,20221017
경상남도 양산시 물금읍 범어리 2711-4번지,48330,25324,0,2711,0004,1264100108276,,,,1,용도지역코드,UQA220,일반상업지역,1,0,,일반상업지역,20221008
경상남도 양산시 물금읍 범어리 2711-4번지,48330,25324,0,2711,0004,1264100108276,,,,3,용도구역코드,UQQ310,제1종지구단위계획구역,1,0,,제1종지구단위계획구역,20221008
경상남도 양산시 물금읍 범어리 2711-4번지,48330,25324,0,2711,0004,1264100031116,,,,1,용도지역코드,UQA220,일반상업지역,1,0,,일반상업지역,20221008
경상남도 양산시 물금읍 범어리 2711-4번지,48330,25324,0,2711,0004,1264100031116,,,,3,용도구역코드,UQQ310,제1종지구단위계획구역,1,0,,제1종지구단위계획구역,20221008
경상남도 양산시 물금읍 범어리 2711-5번지,48330,25324,0,2711,0005,1264100141463,,,,1,용도지역코드,UQA220,일반상업지역,1,0,,일반상업지역,20221008
경상남도 양산시 물금읍 범어리 2711-5번지,48330,25324,0,2711,0005,1264100141463,,,,3,용도구역코드,UQQ310,제1종지구단위계획구역,1,0,,제1종지구단위계획구역,20221008
경상남도 양산시 물금읍 범어리 2711-5번지,48330,25324,0,2711,0005,1264100141463,,,,3,용도구역코드,UMZ100,가축사육제한구역,0,0,,가축사육제한구역,20221008
경상남도 양산시 물금읍 범어리 2711-5번지,48330,25324,0,2711,0005,1000000000000000836735,,,,1,용도지역코드,UQA220,일반상업지역,1,0,,일반상업지역,20251107
경상남도 양산시 물금읍 범어리 2711-5번지,48330,25324,0,2711,0005,1000000000000000836735,,,,3,용도구역코드,UQQ310,제1종지구단위계획구역,1,0,,제1종지구단위계획구역,20251107
경상남도 양산시 물금읍 범어리 2711-5번지,48330,25324,0,2711,0005,1264100153731,,,,1,용도지역코드,UQA220,일반상업지역,1,0,,일반상업지역,20221008
경상남도 양산시 물금읍 범어리 2711-5번지,48330,25324,0,2711,0005,1264100153731,,,,3,용도구역코드,UQQ310,제1종지구단위계획구역,1,0,,제1종지구단위계획구역,20221008
경상남도 양산시 물금읍 범어리 2711-5번지,48330,25324,0,2711,0005,12649383,,,,1,용도지역코드,1120,일반상업지역,1,0,,일반상업지역,20221008
경상남도 양산시 물금읍 범어리 2711-5번지,48330,25324,0,2711,0005,12649383,,,,2,용도지구코드,160,택지개발지구,1,0,,택지개발지구,20221008
경상남도 양산시 물금읍 범어리 2711-5번지,48330,25324,0,2711,0005,12649383,,,,3,용도구역코드,301,제1종지구단위계획구역,1,0,,제1종지구단위계획구역,20221008
경상남도 양산시 물금읍 범어리 2711-5번지,48330,25324,0,2711,0005,1264100011230,,,,1,용도지역코드,1120,일반상업지역,1,0,,일반상업지역,20221008
경상남도 양산시 물금읍 범어리 2711-5번지,48330,25324,0,2711,0005,1264100011230,,,,2,용도지구코드,160,택지개발지구,1,0,,택지개발지구,20221008
경상남도 양산시 물금읍 범어리 2711-5번지,48330,25324,0,2711,0005,1264100011230,,,,3,용도구역코드,301,제1종지구단위계획구역,1,0,,제1종지구단위계획구역,20221008
경상남도 양산시 물금읍 범어리 2711-7번지,48330,25324,0,2711,0007,1264100043565,,,,1,용도지역코드,UQA220,일반상업지역,1,0,,일반상업지역,20221008
경상남도 양산시 물금읍 범어리 2711-7번지,48330,25324,0,2711,0007,1264100043565,,,,3,용도구역코드,UQQ310,제1종지구단위계획구역,1,0,,제1종지구단위계획구역,20221008
경상남도 양산시 물금읍 범어리 2711-8번지,48330,25324,0,2711,0008,1264100095246,,,,1,용도지역코드,UQA220,일반상업지역,1,0,,일반상업지역,20221008
경상남도 양산시 물금읍 범어리 2711-8번지,48330,25324,0,2711,0008,1264100095246,,,,3,용도구역코드,UQQ310,제1종지구단위계획구역,1,0,,제1종지구단위계획구역,20221008
경상남도 양산시 물금읍 범어리 2711-8번지,48330,25324,0,2711,0008,1264100143723,,,,1,용도지역코드,UQA220,일반상업지역,1,0,,일반상업지역,20221008
경상남도 양산시 물금읍 범어리 2711-8번지,48330,25324,0,2711,0008,1264100143723,,,,3,용도구역코드,UQQ310,제1종지구단위계획구역,1,0,,제1종지구단위계획구역,20221008
경상남도 양산시 물금읍 범어리 2711-9번지,48330,25324,0,2711,0009,1264100047865,,,,1,용도지역코드,UQA220,일반상업지역,1,0,,일반상업지역,20221008
경상남도 양산시 물금읍 범어리 2711-9번지,48330,25324,0,2711,0009,1264100047865,,,,3,용도구역코드,UQQ310,제1종지구단위계획구역,1,0,,제1종지구단위계획구역,20221008
경상남도 양산시 물금읍 범어리 2711-10번지,48330,25324,0,2711,0010,1264100156991,,,,1,용도지역코드,UQA220,일반상업지역,1,0,,일반상업지역,20221008
경상남도 양산시 물금읍 범어리 2711-10번지,48330,25324,0,2711,0010,1264100156991,,,,3,용도구역코드,UQQ310,제1종지구단위계획구역,1,0,,제1종지구단위계획구역,20221008
경상남도 양산시 물금읍 범어리 2711-10번지,48330,25324,0,2711,0010,1000000000000000476347,,,,3,용도구역코드,UQQ300,지구단위계획구역,1,0,,지구단위계획구역,20240314
경상남도 양산시 물금읍 범어리 2711-10번지,48330,25324,0,2711,0010,1000000000000000476347,,,,3,용도구역코드,UMZ100,가축사육제한구역,0,0,,가축사육제한구역,20240314
경상남도 양산시 물금읍 범어리 2711-10번지,48330,25324,0,2711,0010,1000000000000000476347,,,,1,용도지역코드,UQA220,일반상업지역,1,0,,일반상업지역,20240314
경상남도 양산시 물금읍 범어리 2711-10번지,48330,25324,0,2711,0010,1264100104633,,,,1,용도지역코드,UQA220,일반상업지역,1,0,,일반상업지역,20221008
경상남도 양산시 물금읍 범어리 2711-10번지,48330,25324,0,2711,0010,1264100130726,,,,1,용도지역코드,UQA220,일반상업지역,1,0,,일반상업지역,20221008
경상남도 양산시 물금읍 범어리 2711-10번지,48330,25324,0,2711,0010,1264100130726,,,,3,용도구역코드,UQQ300,지구단위계획구역,1,0,,지구단위계획구역,20221008
경상남도 양산시 물금읍 범어리 2711-10번지,48330,25324,0,2711,0010,1000000000000000913534,,,,1,용도지역코드,UQA220,일반상업지역,1,0,,일반상업지역,20260327
경상남도 양산시 물금읍 범어리 2711-10번지,48330,25324,0,2711,0010,1000000000000000913534,,,,3,용도구역코드,UQQ310,제1종지구단위계획구역,1,0,,제1종지구단위계획구역,20260327
경상남도 양산시 물금읍 범어리 2711-10번지,48330,25324,0,2711,0010,1264100119879,,,,1,용도지역코드,UQA220,일반상업지역,1,0,,일반상업지역,20221008
경상남도 양산시 물금읍 범어리 2711-10번지,48330,25324,0,2711,0010,1264100119879,,,,3,용도구역코드,UQQ310,제1종지구단위계획구역,1,0,,제1종지구단위계획구역,20221008
경상남도 양산시 물금읍 범어리 2711-10번지,48330,25324,0,2711,0010,1264100054530,,,,1,용도지역코드,UQA220,일반상업지역,1,0,,일반상업지역,20221008
경상남도 양산시 물금읍 범어리 2711-10번지,48330,25324,0,2711,0010,1264100054530,,,,3,용도구역코드,UQQ310,제1종지구단위계획구역,1,0,,제1종지구단위계획구역,20221008
경상남도 양산시 물금읍 범어리 2711-10번지,48330,25324,0,2711,0010,1264100051761,,,,1,용도지역코드,UQA220,일반상업지역,1,0,,일반상업지역,20221008
경상남도 양산시 물금읍 범어리 2711-10번지,48330,25324,0,2711,0010,1264100051761,,,,3,용도구역코드,UQQ310,제1종지구단위계획구역,1,0,,제1종지구단위계획구역,20221008
경상남도 양산시 물금읍 범어리 2711-10번지,48330,25324,0,2711,0010,1264100050889,,,,1,용도지역코드,UQA220,일반상업지역,1,0,,일반상업지역,20221008
경상남도 양산시 물금읍 범어리 2711-10번지,48330,25324,0,2711,0010,1264100050889,,,,3,용도구역코드,UQQ310,제1종지구단위계획구역,1,0,,제1종지구단위계획구역,20221008
경상남도 양산시 물금읍 범어리 2711-10번지,48330,25324,0,2711,0010,1264100053548,,,,1,용도지역코드,UQA220,일반상업지역,1,0,,일반상업지역,20221008
경상남도 양산시 물금읍 범어리 2711-10번지,48330,25324,0,2711,0010,1264100053548,,,,3,용도구역코드,UQQ310,제1종지구단위계획구역,1,0,,제1종지구단위계획구역,20221008
경상남도 양산시 물금읍 범어리 2711-10번지,48330,25324,0,2711,0010,1264100133923,,,,1,용도지역코드,UQA220,일반상업지역,1,0,,일반상업지역,20221008
경상남도 양산시 물금읍 범어리 2711-10번지,48330,25324,0,2711,0010,1264100133923,,,,3,용도구역코드,UQQ310,제1종지구단위계획구역,1,0,,제1종지구단위계획구역,20221008
경상남도 양산시 물금읍 범어리 2711-10번지,48330,25324,0,2711,0010,1264100146445,,,,1,용도지역코드,UQA220,일반상업지역,1,0,,일반상업지역,20221008
경상남도 양산시 물금읍 범어리 2711-10번지,48330,25324,0,2711,0010,1264100146445,,,,3,용도구역코드,UQQ310,제1종지구단위계획구역,1,0,,제1종지구단위계획구역,20221008
경상남도 양산시 물금읍 범어리 2711-10번지,48330,25324,0,2711,0010,1264100121299,,,,1,용도지역코드,UQA220,일반상업지역,1,0,,일반상업지역,20221008
경상남도 양산시 물금읍 범어리 2711-10번지,48330,25324,0,2711,0010,1264100121299,,,,3,용도구역코드,UQQ310,제1종지구단위계획구역,1,0,,제1종지구단위계획구역,20221008
경상남도 양산시 물금읍 범어리 2711-10번지,48330,25324,0,2711,0010,1264100106954,,,,1,용도지역코드,UQA220,일반상업지역,1,0,,일반상업지역,20221008
경상남도 양산시 물금읍 범어리 2711-10번지,48330,25324,0,2711,0010,1264100139424,,,,1,용도지역코드,UQA220,일반상업지역,1,0,,일반상업지역,20221008
경상남도 양산시 물금읍 범어리 2711-10번지,48330,25324,0,2711,0010,1264100139424,,,,3,용도구역코드,UQQ310,제1종지구단위계획구역,1,0,,제1종지구단위계획구역,20221008
경상남도 양산시 물금읍 범어리 2711-10번지,48330,25324,0,2711,0010,1264100050707,,,,1,용도지역코드,UQA220,일반상업지역,1,0,,일반상업지역,20221008
경상남도 양산시 물금읍 범어리 2711-10번지,48330,25324,0,2711,0010,1264100050707,,,,3,용도구역코드,UQQ310,제1종지구단위계획구역,1,0,,제1종지구단위계획구역,20221008
경상남도 양산시 물금읍 범어리 2711-10번지,48330,25324,0,2711,0010,1264100120159,,,,1,용도지역코드,UQA220,일반상업지역,1,0,,일반상업지역,20221008
경상남도 양산시 물금읍 범어리 2711-10번지,48330,25324,0,2711,0010,1264100120159,,,,3,용도구역코드,UQQ310,제1종지구단위계획구역,1,0,,제1종지구단위계획구역,20221008
경상남도 양산시 물금읍 범어리 2711-10번지,48330,25324,0,2711,0010,1264100033925,,,,1,용도지역코드,UQA220,일반상업지역,1,0,,일반상업지역,20221008
경상남도 양산시 물금읍 범어리 2711-10번지,48330,25324,0,2711,0010,1264100033925,,,,3,용도구역코드,UQQ310,제1종지구단위계획구역,1,0,,제1종지구단위계획구역,20221008
경상남도 양산시 물금읍 범어리 2711-10번지,48330,25324,0,2711,0010,1264100034246,,,,1,용도지역코드,UQA220,일반상업지역,1,0,,일반상업지역,20221008
경상남도 양산시 물금읍 범어리 2711-10번지,48330,25324,0,2711,0010,1264100034246,,,,3,용도구역코드,UQQ310,제1종지구단위계획구역,1,0,,제1종지구단위계획구역,20221008
경상남도 양산시 물금읍 범어리 2711-10번지,48330,25324,0,2711,0010,12649425,,,,1,용도지역코드,1120,일반상업지역,1,0,,일반상업지역,20221008
경상남도 양산시 물금읍 범어리 2711-10번지,48330,25324,0,2711,0010,12649425,,,,3,용도구역코드,301,제1종지구단위계획구역,1,0,,제1종지구단위계획구역,20221008
경상남도 양산시 물금읍 범어리 2711-10번지,48330,25324,0,2711,0010,1264100037456,,,,1,용도지역코드,UQA220,일반상업지역,1,0,,일반상업지역,20221008
경상남도 양산시 물금읍 범어리 2711-10번지,48330,25324,0,2711,0010,1264100037456,,,,3,용도구역코드,UQQ310,제1종지구단위계획구역,1,0,,제1종지구단위계획구역,20221008
경상남도 양산시 물금읍 범어리 2711-11번지,48330,25324,0,2711,0011,1264100020538,,,,1,용도지역코드,1120,일반상업지역,1,0,,일반상업지역,20221008
경상남도 양산시 물금읍 범어리 2711-11번지,48330,25324,0,2711,0011,1264100020538,,,,3,용도구역코드,301,제1종지구단위계획구역,1,0,,제1종지구단위계획구역,20221008
경상남도 양산시 물금읍 범어리 2711-11번지,48330,25324,0,2711,0011,1264100155493,,,,1,용도지역코드,UQA220,일반상업지역,1,0,,일반상업지역,20230925
경상남도 양산시 물금읍 범어리 2711-11번지,48330,25324,0,2711,0011,1000000000000000236793,,,,1,용도지역코드,UQA220,일반상업지역,1,0,,일반상업지역,20230822
경상남도 양산시 물금읍 범어리 2711-11번지,48330,25324,0,2711,0011,1000000000000000271716,,,,1,용도지역코드,UQA220,일반상업지역,1,0,,일반상업지역,20230425
경상남도 양산시 물금읍 범어리 2711-11번지,48330,25324,0,2711,0011,1000000000000000271716,,,,3,용도구역코드,UQQ310,제1종지구단위계획구역,1,0,,제1종지구단위계획구역,20230425
경상남도 양산시 물금읍 범어리 2711-11번지,48330,25324,0,2711,0011,1264100022927,,,,1,용도지역코드,UQA220,일반상업지역,1,0,,일반상업지역,20221008
경상남도 양산시 물금읍 범어리 2711-11번지,48330,25324,0,2711,0011,1264100022927,,,,3,용도구역코드,UQQ310,제1종지구단위계획구역,1,0,,제1종지구단위계획구역,20221008
경상남도 양산시 물금읍 범어리 2711-11번지,48330,25324,0,2711,0011,1264100016639,,,,1,용도지역코드,1120,일반상업지역,1,0,,일반상업지역,20221008
경상남도 양산시 물금읍 범어리 2711-11번지,48330,25324,0,2711,0011,1264100016639,,,,3,용도구역코드,301,제1종지구단위계획구역,1,0,,제1종지구단위계획구역,20221008
경상남도 양산시 물금읍 범어리 2711-11번지,48330,25324,0,2711,0011,1264100027349,,,,1,용도지역코드,UQA220,일반상업지역,1,0,,일반상업지역,20221008
경상남도 양산시 물금읍 범어리 2711-11번지,48330,25324,0,2711,0011,1264100027349,,,,3,용도구역코드,UQQ310,제1종지구단위계획구역,1,0,,제1종지구단위계획구역,20221008
경상남도 양산시 물금읍 범어리 2711-11번지,48330,25324,0,2711,0011,1264100017974,,,,1,용도지역코드,1120,일반상업지역,1,0,,일반상업지역,20221008
경상남도 양산시 물금읍 범어리 2711-11번지,48330,25324,0,2711,0011,1264100017974,,,,3,용도구역코드,301,제1종지구단위계획구역,1,0,,제1종지구단위계획구역,20221008
경상남도 양산시 물금읍 범어리 2711-11번지,48330,25324,0,2711,0011,1264100026334,,,,1,용도지역코드,UQA220,일반상업지역,1,0,,일반상업지역,20221008
경상남도 양산시 물금읍 범어리 2711-11번지,48330,25324,0,2711,0011,1264100026334,,,,3,용도구역코드,UQQ310,제1종지구단위계획구역,1,0,,제1종지구단위계획구역,20221008
경상남도 양산시 물금읍 범어리 2711-11번지,48330,25324,0,2711,0011,1264100029395,,,,1,용도지역코드,UQA220,일반상업지역,1,0,,일반상업지역,20221008
경상남도 양산시 물금읍 범어리 2711-11번지,48330,25324,0,2711,0011,1264100029395,,,,3,용도구역코드,UQQ310,제1종지구단위계획구역,1,0,,제1종지구단위계획구역,20221008
경상남도 양산시 물금읍 범어리 2711-11번지,48330,25324,0,2711,0011,1264100050209,,,,1,용도지역코드,UQA220,일반상업지역,1,0,,일반상업지역,20221008
경상남도 양산시 물금읍 범어리 2711-11번지,48330,25324,0,2711,0011,1264100005309,,,,1,용도지역코드,1120,일반상업지역,1,0,,일반상업지역,20221008
경상남도 양산시 물금읍 범어리 2711-11번지,48330,25324,0,2711,0011,1264100005309,,,,3,용도구역코드,301,제1종지구단위계획구역,1,0,,제1종지구단위계획구역,20221008
경상남도 양산시 물금읍 범어리 2711-11번지,48330,25324,0,2711,0011,1264100025650,,,,1,용도지역코드,UQA220,일반상업지역,1,0,,일반상업지역,20221008
경상남도 양산시 물금읍 범어리 2711-11번지,48330,25324,0,2711,0011,1264100025650,,,,3,용도구역코드,UQQ310,제1종지구단위계획구역,1,0,,제1종지구단위계획구역,20221008
경상남도 양산시 물금읍 범어리 2711-17번지,48330,25324,0,2711,0017,1264100065479,,,,1,용도지역코드,UQA220,일반상업지역,1,0,,일반상업지역,20221008
경상남도 양산시 물금읍 범어리 2711-17번지,48330,25324,0,2711,0017,1264100065479,,,,3,용도구역코드,UQQ310,제1종지구단위계획구역,1,0,,제1종지구단위계획구역,20221008
경상남도 양산시 물금읍 범어리 2711-17번지,48330,25324,0,2711,0017,1264100019818,,,,1,용도지역코드,1120,일반상업지역,1,0,,일반상업지역,20221008
경상남도 양산시 물금읍 범어리 2711-17번지,48330,25324,0,2711,0017,1264100019818,,,,3,용도구역코드,301,제1종지구단위계획구역,1,0,,제1종지구단위계획구역,20221008
경상남도 양산시 물금읍 범어리 2711-18번지,48330,25324,0,2711,0018,1264100004928,,,,1,용도지역코드,1120,일반상업지역,1,0,,일반상업지역,20221008
경상남도 양산시 물금읍 범어리 2711-19번지,48330,25324,0,2711,0019,1264100064659,,,,1,용도지역코드,UQA220,일반상업지역,1,0,,일반상업지역,20221008
경상남도 양산시 물금읍 범어리 2711-19번지,48330,25324,0,2711,0019,1264100064659,,,,3,용도구역코드,UQQ310,제1종지구단위계획구역,1,0,,제1종지구단위계획구역,20221008
경상남도 양산시 물금읍 범어리 2711-19번지,48330,25324,0,2711,0019,1264100059612,,,,1,용도지역코드,UQA220,일반상업지역,1,0,,일반상업지역,20221008
경상남도 양산시 물금읍 범어리 2711-19번지,48330,25324,0,2711,0019,1264100059612,,,,3,용도구역코드,UQQ310,제1종지구단위계획구역,1,0,,제1종지구단위계획구역,20221008
경상남도 양산시 물금읍 범어리 2711-19번지,48330,25324,0,2711,0019,1264100034004,,,,1,용도지역코드,UQA220,일반상업지역,1,0,,일반상업지역,20221008
경상남도 양산시 물금읍 범어리 2711-19번지,48330,25324,0,2711,0019,1264100034004,,,,3,용도구역코드,UQQ310,제1종지구단위계획구역,1,0,,제1종지구단위계획구역,20221008
경상남도 양산시 물금읍 범어리 2711-20번지,48330,25324,0,2711,0020,1264100034204,,,,1,용도지역코드,UQA220,일반상업지역,1,0,,일반상업지역,20221008
경상남도 양산시 물금읍 범어리 2711-20번지,48330,25324,0,2711,0020,1264100034204,,,,3,용도구역코드,UQQ310,제1종지구단위계획구역,1,0,,제1종지구단위계획구역,20221008
경상남도 양산시 물금읍 범어리 2711-20번지,48330,25324,0,2711,0020,1000000000000000554112,,,,3,용도구역코드,UMZ100,가축사육제한구역,0,0,,가축사육제한구역,20240802
경상남도 양산시 물금읍 범어리 2711-20번지,48330,25324,0,2711,0020,1000000000000000554112,,,,3,용도구역코드,UQQ310,제1종지구단위계획구역,1,0,,제1종지구단위계획구역,20240802
경상남도 양산시 물금읍 범어리 2711-20번지,48330,25324,0,2711,0020,1000000000000000554112,,,,1,용도지역코드,UQA220,일반상업지역,1,0,,일반상업지역,20240802
경상남도 양산시 물금읍 범어리 2711-20번지,48330,25324,0,2711,0020,1000000000000000801362,,,,3,용도구역코드,UQQ310,제1종지구단위계획구역,1,0,,제1종지구단위계획구역,20251001
경상남도 양산시 물금읍 범어리 2711-20번지,48330,25324,0,2711,0020,1000000000000000801362,,,,1,용도지역코드,UQA220,일반상업지역,1,0,,일반상업지역,20251001
경상남도 양산시 물금읍 범어리 2711-20번지,48330,25324,0,2711,0020,12649424,,,,1,용도지역코드,1120,일반상업지역,1,0,,일반상업지역,20221008
경상남도 양산시 물금읍 범어리 2711-20번지,48330,25324,0,2711,0020,1264100114716,,,,1,용도지역코드,UQA220,일반상업지역,1,0,,일반상업지역,20221008
경상남도 양산시 물금읍 범어리 2711-20번지,48330,25324,0,2711,0020,1264100114716,,,,3,용도구역코드,UQQ310,제1종지구단위계획구역,1,0,,제1종지구단위계획구역,20221008
경상남도 양산시 물금읍 범어리 2711-20번지,48330,25324,0,2711,0020,1264100114716,,,,3,용도구역코드,UMZ100,가축사육제한구역,0,0,,가축사육제한구역,20221008
경상남도 양산시 물금읍 범어리 2711-20번지,48330,25324,0,2711,0020,1264100016855,,,,1,용도지역코드,1120,일반상업지역,1,0,,일반상업지역,20221008
경상남도 양산시 물금읍 범어리 2711-20번지,48330,25324,0,2711,0020,1264100016855,,,,3,용도구역코드,301,제1종지구단위계획구역,1,0,,제1종지구단위계획구역,20221008
경상남도 양산시 물금읍 범어리 2711-20번지,48330,25324,0,2711,0020,12649424,,,,3,용도구역코드,301,제1종지구단위계획구역,1,0,,제1종지구단위계획구역,20221008
경상남도 양산시 물금읍 범어리 2711-20번지,48330,25324,0,2711,0020,1264100012752,,,,3,용도구역코드,301,제1종지구단위계획구역,1,0,,제1종지구단위계획구역,20221008
경상남도 양산시 물금읍 범어리 2711-20번지,48330,25324,0,2711,0020,1264100011470,,,,1,용도지역코드,1120,일반상업지역,1,0,,일반상업지역,20221008
경상남도 양산시 물금읍 범어리 2711-20번지,48330,25324,0,2711,0020,1264100011470,,,,3,용도구역코드,301,제1종지구단위계획구역,1,0,,제1종지구단위계획구역,20221008
경상남도 양산시 물금읍 범어리 2711-20번지,48330,25324,0,2711,0020,1264100012752,,,,1,용도지역코드,1120,일반상업지역,1,0,,일반상업지역,20221008
경상남도 양산시 물금읍 범어리 2711-22번지,48330,25324,0,2711,0022,1264100015014,,,,3,용도구역코드,301,제1종지구단위계획구역,1,0,,제1종지구단위계획구역,20240404
경상남도 양산시 물금읍 범어리 2711-22번지,48330,25324,0,2711,0022,1264100015014,,,,1,용도지역코드,1120,일반상업지역,1,0,,일반상업지역,20240404
경상남도 양산시 물금읍 범어리 2711-23번지,48330,25324,0,2711,0023,1264100110319,,,,1,용도지역코드,UQA220,일반상업지역,1,0,,일반상업지역,20221008
경상남도 양산시 물금읍 범어리 2711-23번지,48330,25324,0,2711,0023,1264100110319,,,,3,용도구역코드,UQQ310,제1종지구단위계획구역,1,0,,제1종지구단위계획구역,20221008
경상남도 양산시 물금읍 범어리 2711-23번지,48330,25324,0,2711,0023,1264100066999,,,,1,용도지역코드,UQA220,일반상업지역,1,0,,일반상업지역,20221008
경상남도 양산시 물금읍 범어리 2711-23번지,48330,25324,0,2711,0023,1264100066999,,,,3,용도구역코드,UQQ310,제1종지구단위계획구역,1,0,,제1종지구단위계획구역,20221008
경상남도 양산시 물금읍 범어리 2711-24번지,48330,25324,0,2711,0024,1264100147572,,,,3,용도구역코드,UQQ310,제1종지구단위계획구역,1,0,,제1종지구단위계획구역,20240528
경상남도 양산시 물금읍 범어리 2711-24번지,48330,25324,0,2711,0024,1264100147572,,,,1,용도지역코드,UQA220,일반상업지역,1,0,,일반상업지역,20240528
경상남도 양산시 물금읍 범어리 2711-25번지,48330,25324,0,2711,0025,1264100053229,,,,1,용도지역코드,UQA220,일반상업지역,1,0,,일반상업지역,20221008
경상남도 양산시 물금읍 범어리 2711-25번지,48330,25324,0,2711,0025,1264100053229,,,,3,용도구역코드,UQQ310,제1종지구단위계획구역,1,0,,제1종지구단위계획구역,20221008
경상남도 양산시 물금읍 범어리 2711-25번지,48330,25324,0,2711,0025,1264100053228,,,,1,용도지역코드,UQA220,일반상업지역,1,0,,일반상업지역,20221008
경상남도 양산시 물금읍 범어리 2711-25번지,48330,25324,0,2711,0025,1264100053228,,,,3,용도구역코드,UQQ310,제1종지구단위계획구역,1,0,,제1종지구단위계획구역,20221008
경상남도 양산시 물금읍 범어리 2711-25번지,48330,25324,0,2711,0025,1264100054690,,,,1,용도지역코드,UQA220,일반상업지역,1,0,,일반상업지역,20221008
경상남도 양산시 물금읍 범어리 2711-25번지,48330,25324,0,2711,0025,1264100054690,,,,3,용도구역코드,UQQ310,제1종지구단위계획구역,1,0,,제1종지구단위계획구역,20221008
경상남도 양산시 물금읍 범어리 2711-25번지,48330,25324,0,2711,0025,1264100012972,,,,3,용도구역코드,301,제1종지구단위계획구역,1,0,,제1종지구단위계획구역,20221008
경상남도 양산시 물금읍 범어리 2711-25번지,48330,25324,0,2711,0025,1264100012972,,,,1,용도지역코드,1120,일반상업지역,1,0,,일반상업지역,20221008
경상남도 양산시 물금읍 범어리 2711-26번지,48330,25324,0,2711,0026,1264100011031,,,,1,용도지역코드,1120,일반상업지역,1,0,,일반상업지역,20221008
경상남도 양산시 물금읍 범어리 2711-26번지,48330,25324,0,2711,0026,1264100011031,,,,3,용도구역코드,301,제1종지구단위계획구역,1,0,,제1종지구단위계획구역,20221008
경상남도 양산시 물금읍 범어리 2711-26번지,48330,25324,0,2711,0026,1264100067821,,,,1,용도지역코드,UQA220,일반상업지역,1,0,,일반상업지역,20221008
경상남도 양산시 물금읍 범어리 2711-26번지,48330,25324,0,2711,0026,1264100067821,,,,3,용도구역코드,UQQ310,제1종지구단위계획구역,1,0,,제1종지구단위계획구역,20221008
경상남도 양산시 물금읍 범어리 2711-26번지,48330,25324,0,2711,0026,1264100025950,,,,1,용도지역코드,UQA220,일반상업지역,1,0,,일반상업지역,20221008
경상남도 양산시 물금읍 범어리 2711-26번지,48330,25324,0,2711,0026,1264100031957,,,,1,용도지역코드,UQA220,일반상업지역,1,0,,일반상업지역,20221008
경상남도 양산시 물금읍 범어리 2711-28번지,48330,25324,0,2711,0028,1264100069641,,,,1,용도지역코드,UQA220,일반상업지역,1,0,,일반상업지역,20221008
경상남도 양산시 물금읍 범어리 2711-28번지,48330,25324,0,2711,0028,1264100069641,,,,3,용도구역코드,UQQ310,제1종지구단위계획구역,1,0,,제1종지구단위계획구역,20221008
경상남도 양산시 물금읍 범어리 2711-28번지,48330,25324,0,2711,0028,1264100087843,,,,1,용도지역코드,UQA220,일반상업지역,1,0,,일반상업지역,20221008
경상남도 양산시 물금읍 범어리 2711-28번지,48330,25324,0,2711,0028,1264100087843,,,,3,용도구역코드,UQQ310,제1종지구단위계획구역,1,0,,제1종지구단위계획구역,20221008
경상남도 양산시 물금읍 범어리 2711-29번지,48330,25324,0,2711,0029,1264100045847,,,,1,용도지역코드,UQA220,일반상업지역,1,0,,일반상업지역,20221008
경상남도 양산시 물금읍 범어리 2711-29번지,48330,25324,0,2711,0029,1264100045847,,,,3,용도구역코드,UQQ310,제1종지구단위계획구역,1,0,,제1종지구단위계획구역,20221008
경상남도 양산시 물금읍 범어리 2711-30번지,48330,25324,0,2711,0030,1264100096866,,,,1,용도지역코드,UQA220,일반상업지역,1,0,,일반상업지역,20221008
경상남도 양산시 물금읍 범어리 2711-30번지,48330,25324,0,2711,0030,1264100096866,,,,3,용도구역코드,UQQ310,제1종지구단위계획구역,1,0,,제1종지구단위계획구역,20221008
경상남도 양산시 물금읍 범어리 2711-31번지,48330,25324,0,2711,0031,1264100136623,,,,1,용도지역코드,UQA220,일반상업지역,1,0,,일반상업지역,20221008
경상남도 양산시 물금읍 범어리 2711-31번지,48330,25324,0,2711,0031,1264100136623,,,,3,용도구역코드,UQQ310,제1종지구단위계획구역,1,0,,제1종지구단위계획구역,20221008
경상남도 양산시 물금읍 범어리 2711-31번지,48330,25324,0,2711,0031,1264100064759,,,,1,용도지역코드,UQA220,일반상업지역,1,0,,일반상업지역,20221008
경상남도 양산시 물금읍 범어리 2711-31번지,48330,25324,0,2711,0031,1264100064759,,,,3,용도구역코드,UQQ310,제1종지구단위계획구역,1,0,,제1종지구단위계획구역,20221008
경상남도 양산시 물금읍 범어리 2711-33번지,48330,25324,0,2711,0033,1264100147571,,,,1,용도지역코드,UQA220,일반상업지역,1,0,,일반상업지역,20240528
경상남도 양산시 물금읍 범어리 2711-33번지,48330,25324,0,2711,0033,1264100147571,,,,3,용도구역코드,UQQ310,제1종지구단위계획구역,1,0,,제1종지구단위계획구역,20240528
경상남도 양산시 물금읍 범어리 2711-33번지,48330,25324,0,2711,0033,1264100007167,,,,1,용도지역코드,1120,일반상업지역,1,0,,일반상업지역,20221008
경상남도 양산시 물금읍 범어리 2711-33번지,48330,25324,0,2711,0033,1264100007167,,,,3,용도구역코드,301,제1종지구단위계획구역,1,0,,제1종지구단위계획구역,20221008
경상남도 양산시 물금읍 범어리 2711-33번지,48330,25324,0,2711,0033,1000000000000000575081,,,,1,용도지역코드,UQA220,일반상업지역,1,0,,일반상업지역,20240823
경상남도 양산시 물금읍 범어리 2711-33번지,48330,25324,0,2711,0033,1000000000000000575081,,,,3,용도구역코드,UQQ310,제1종지구단위계획구역,1,0,,제1종지구단위계획구역,20240823
경상남도 양산시 물금읍 범어리 2711-33번지,48330,25324,0,2711,0033,1000000000000000575081,,,,3,용도구역코드,UMZ100,가축사육제한구역,0,0,,가축사육제한구역,20240823
경상남도 양산시 물금읍 범어리 2711-34번지,48330,25324,0,2711,0034,1264100089061,,,,1,용도지역코드,UQA220,일반상업지역,1,0,,일반상업지역,20221008
경상남도 양산시 물금읍 범어리 2711-34번지,48330,25324,0,2711,0034,1264100089061,,,,3,용도구역코드,UQQ310,제1종지구단위계획구역,1,0,,제1종지구단위계획구역,20221008
경상남도 양산시 물금읍 범어리 2711-35번지,48330,25324,0,2711,0035,1264100024831,,,,3,용도구역코드,UQQ310,제1종지구단위계획구역,1,0,,제1종지구단위계획구역,20221008
경상남도 양산시 물금읍 범어리 2711-35번지,48330,25324,0,2711,0035,1264100024831,,,,1,용도지역코드,UQA220,일반상업지역,1,0,,일반상업지역,20221008
경상남도 양산시 물금읍 범어리 2711-35번지,48330,25324,0,2711,0035,1264100090885,,,,1,용도지역코드,UQA220,일반상업지역,1,0,,일반상업지역,20221008
경상남도 양산시 물금읍 범어리 2711-35번지,48330,25324,0,2711,0035,1264100090885,,,,3,용도구역코드,UQQ310,제1종지구단위계획구역,1,0,,제1종지구단위계획구역,20221008
경상남도 양산시 물금읍 범어리 2711-35번지,48330,25324,0,2711,0035,1264100149830,,,,1,용도지역코드,UQA220,일반상업지역,1,0,,일반상업지역,20221008
경상남도 양산시 물금읍 범어리 2711-35번지,48330,25324,0,2711,0035,1264100149830,,,,3,용도구역코드,UQQ310,제1종지구단위계획구역,1,0,,제1종지구단위계획구역,20221008
경상남도 양산시 물금읍 범어리 2711-35번지,48330,25324,0,2711,0035,1264100101974,,,,1,용도지역코드,UQA220,일반상업지역,1,0,,일반상업지역,20221008
경상남도 양산시 물금읍 범어리 2711-35번지,48330,25324,0,2711,0035,1264100101974,,,,3,용도구역코드,UQQ310,제1종지구단위계획구역,1,0,,제1종지구단위계획구역,20221008
경상남도 양산시 물금읍 범어리 2711-35번지,48330,25324,0,2711,0035,1264100019980,,,,1,용도지역코드,1120,일반상업지역,1,0,,일반상업지역,20221008
경상남도 양산시 물금읍 범어리 2711-35번지,48330,25324,0,2711,0035,1264100019980,,,,3,용도구역코드,301,제1종지구단위계획구역,1,0,,제1종지구단위계획구역,20221008
경상남도 양산시 물금읍 범어리 2711-35번지,48330,25324,0,2711,0035,1264100021276,,,,1,용도지역코드,1120,일반상업지역,1,0,,일반상업지역,20221008
경상남도 양산시 물금읍 범어리 2711-35번지,48330,25324,0,2711,0035,1264100021276,,,,3,용도구역코드,301,제1종지구단위계획구역,1,0,,제1종지구단위계획구역,20221008
경상남도 양산시 물금읍 범어리 2711-37번지,48330,25324,0,2711,0037,1264100049547,,,,1,용도지역코드,UQA220,일반상업지역,1,0,,일반상업지역,20221008
경상남도 양산시 물금읍 범어리 2711-37번지,48330,25324,0,2711,0037,1264100049547,,,,3,용도구역코드,UQQ310,제1종지구단위계획구역,1,0,,제1종지구단위계획구역,20221008
경상남도 양산시 물금읍 범어리 2711-38번지,48330,25324,0,2711,0038,1264100076839,,,,1,용도지역코드,UQA220,일반상업지역,1,0,,일반상업지역,20221008
경상남도 양산시 물금읍 범어리 2711-38번지,48330,25324,0,2711,0038,1264100076839,,,,3,용도구역코드,UQQ310,제1종지구단위계획구역,1,0,,제1종지구단위계획구역,20221008
경상남도 양산시 물금읍 범어리 2711-39번지,48330,25324,0,2711,0039,1264100076519,,,,1,용도지역코드,UQA220,일반상업지역,1,0,,일반상업지역,20221008
경상남도 양산시 물금읍 범어리 2711-39번지,48330,25324,0,2711,0039,1264100076519,,,,3,용도구역코드,UQQ310,제1종지구단위계획구역,1,0,,제1종지구단위계획구역,20221008
경상남도 양산시 물금읍 범어리 2712-7번지,48330,25324,0,2712,0007,1264100018616,,,,1,용도지역코드,1023,제3종일반주거지역,1,0,,제3종일반주거지역,20221008
경상남도 양산시 물금읍 범어리 2712-12번지,48330,25324,0,2712,0012,1264100025709,,,,1,용도지역코드,UQA123,제3종일반주거지역,1,0,,제3종일반주거지역,20221008
경상남도 양산시 물금읍 범어리 2714-1번지,48330,25324,0,2714,0001,1264100102874,,,,1,용도지역코드,UQA123,제3종일반주거지역,1,0,,제3종일반주거지역,20221008
경상남도 양산시 물금읍 범어리 2714-1번지,48330,25324,0,2714,0001,1264100102874,,,,3,용도구역코드,UQQ310,제1종지구단위계획구역,1,0,,제1종지구단위계획구역,20221008
경상남도 양산시 물금읍 범어리 2714-3번지,48330,25324,0,2714,0003,1264100016398,,,,1,용도지역코드,1120,일반상업지역,1,0,,일반상업지역,20221008
경상남도 양산시 물금읍 범어리 2714-3번지,48330,25324,0,2714,0003,1264100016398,,,,3,용도구역코드,301,제1종지구단위계획구역,1,0,,제1종지구단위계획구역,20221008
경상남도 양산시 물금읍 범어리 2714-5번지,48330,25324,0,2714,0005,1264100084342,,,,1,용도지역코드,UQA220,일반상업지역,1,0,,일반상업지역,20221008
경상남도 양산시 물금읍 범어리 2714-5번지,48330,25324,0,2714,0005,1264100084342,,,,3,용도구역코드,UQQ310,제1종지구단위계획구역,1,0,,제1종지구단위계획구역,20221008
경상남도 양산시 물금읍 범어리 2714-5번지,48330,25324,0,2714,0005,1264100018716,,,,1,용도지역코드,1120,일반상업지역,1,0,,일반상업지역,20221008
경상남도 양산시 물금읍 범어리 2714-8번지,48330,25324,0,2714,0008,1264100080540,,,,1,용도지역코드,UQA220,일반상업지역,1,0,,일반상업지역,20221008
경상남도 양산시 물금읍 범어리 2714-8번지,48330,25324,0,2714,0008,1264100080540,,,,3,용도구역코드,UQQ310,제1종지구단위계획구역,1,0,,제1종지구단위계획구역,20221008
경상남도 양산시 물금읍 범어리 2714-8번지,48330,25324,0,2714,0008,1000000000000000446440,,,,3,용도구역코드,UQQ310,제1종지구단위계획구역,1,0,,제1종지구단위계획구역,20240502
경상남도 양산시 물금읍 범어리 2714-8번지,48330,25324,0,2714,0008,1000000000000000446440,,,,1,용도지역코드,UQA220,일반상업지역,1,0,,일반상업지역,20240502
경상남도 양산시 물금읍 범어리 2714-8번지,48330,25324,0,2714,0008,1000000000000000446440,,,,3,용도구역코드,UQQ310,제1종지구단위계획구역,1,0,,제1종지구단위계획구역,20250716
경상남도 양산시 물금읍 범어리 2714-8번지,48330,25324,0,2714,0008,1000000000000000446440,,,,1,용도지역코드,UQA220,일반상업지역,1,0,,일반상업지역,20250716
경상남도 양산시 물금읍 범어리 2714-10번지,48330,25324,0,2714,0010,1264100032519,,,,1,용도지역코드,UQA220,일반상업지역,1,0,,일반상업지역,20221008
경상남도 양산시 물금읍 범어리 2714-10번지,48330,25324,0,2714,0010,1264100032519,,,,3,용도구역코드,UQQ310,제1종지구단위계획구역,1,0,,제1종지구단위계획구역,20221008
경상남도 양산시 물금읍 범어리 2714-11번지,48330,25324,0,2714,0011,1264100147513,,,,3,용도구역코드,UQQ310,제1종지구단위계획구역,1,0,,제1종지구단위계획구역,20221008
경상남도 양산시 물금읍 범어리 2714-11번지,48330,25324,0,2714,0011,1264100104173,,,,1,용도지역코드,UQA220,일반상업지역,1,0,,일반상업지역,20221008
경상남도 양산시 물금읍 범어리 2714-11번지,48330,25324,0,2714,0011,1264100104173,,,,3,용도구역코드,UQQ310,제1종지구단위계획구역,1,0,,제1종지구단위계획구역,20221008
경상남도 양산시 물금읍 범어리 2714-11번지,48330,25324,0,2714,0011,1264100147513,,,,1,용도지역코드,UQA220,일반상업지역,1,0,,일반상업지역,20221008
경상남도 양산시 물금읍 범어리 2714-12번지,48330,25324,0,2714,0012,1264100050831,,,,1,용도지역코드,UQA220,일반상업지역,1,0,,일반상업지역,20221008
경상남도 양산시 물금읍 범어리 2714-12번지,48330,25324,0,2714,0012,1264100104174,,,,1,용도지역코드,UQA220,일반상업지역,1,0,,일반상업지역,20221008
경상남도 양산시 물금읍 범어리 2714-12번지,48330,25324,0,2714,0012,1264100104174,,,,3,용도구역코드,UQQ310,제1종지구단위계획구역,1,0,,제1종지구단위계획구역,20221008
경상남도 양산시 물금읍 범어리 2714-13번지,48330,25324,0,2714,0013,1264100064461,,,,1,용도지역코드,UQA220,일반상업지역,1,0,,일반상업지역,20221008
경상남도 양산시 물금읍 범어리 2714-13번지,48330,25324,0,2714,0013,1264100064461,,,,3,용도구역코드,UQQ310,제1종지구단위계획구역,1,0,,제1종지구단위계획구역,20221008
경상남도 양산시 물금읍 범어리 2714-14번지,48330,25324,0,2714,0014,1264100004465,,,,1,용도지역코드,1120,일반상업지역,1,0,,일반상업지역,20221008
경상남도 양산시 물금읍 범어리 2714-14번지,48330,25324,0,2714,0014,1264100004465,,,,3,용도구역코드,301,제1종지구단위계획구역,1,0,,제1종지구단위계획구역,20221008
경상남도 양산시 물금읍 범어리 2714-15번지,48330,25324,0,2714,0015,1264100029029,,,,1,용도지역코드,UQA220,일반상업지역,1,0,,일반상업지역,20221008
경상남도 양산시 물금읍 범어리 2714-15번지,48330,25324,0,2714,0015,1264100028169,,,,1,용도지역코드,UQA220,일반상업지역,1,0,,일반상업지역,20221008
경상남도 양산시 물금읍 범어리 2714-15번지,48330,25324,0,2714,0015,1264100028169,,,,3,용도구역코드,UQQ310,제1종지구단위계획구역,1,0,,제1종지구단위계획구역,20221008
경상남도 양산시 물금읍 범어리 2714-16번지,48330,25324,0,2714,0016,1264100151211,,,,1,용도지역코드,UQA220,일반상업지역,1,0,,일반상업지역,20230208
경상남도 양산시 물금읍 범어리 2714-17번지,48330,25324,0,2714,0017,1264100054591,,,,1,용도지역코드,UQA220,일반상업지역,1,0,,일반상업지역,20221008
경상남도 양산시 물금읍 범어리 2714-17번지,48330,25324,0,2714,0017,1264100054591,,,,3,용도구역코드,UQQ310,제1종지구단위계획구역,1,0,,제1종지구단위계획구역,20221008
경상남도 양산시 물금읍 범어리 2714-18번지,48330,25324,0,2714,0018,1264100093123,,,,1,용도지역코드,UQA220,일반상업지역,1,0,,일반상업지역,20221008
경상남도 양산시 물금읍 범어리 2714-18번지,48330,25324,0,2714,0018,1264100093123,,,,3,용도구역코드,UQQ310,제1종지구단위계획구역,1,0,,제1종지구단위계획구역,20221008
경상남도 양산시 물금읍 범어리 2714-18번지,48330,25324,0,2714,0018,1264100025949,,,,1,용도지역코드,UQA220,일반상업지역,1,0,,일반상업지역,20221008
경상남도 양산시 물금읍 범어리 2715-1번지,48330,25324,0,2715,0001,1264100063579,,,,1,용도지역코드,UQA220,일반상업지역,1,0,,일반상업지역,20221008
경상남도 양산시 물금읍 범어리 2715-1번지,48330,25324,0,2715,0001,1264100063579,,,,3,용도구역코드,UQQ310,제1종지구단위계획구역,1,0,,제1종지구단위계획구역,20221008
경상남도 양산시 물금읍 범어리 2715-1번지,48330,25324,0,2715,0001,1264100116936,,,,1,용도지역코드,UQA220,일반상업지역,1,0,,일반상업지역,20221008
경상남도 양산시 물금읍 범어리 2715-1번지,48330,25324,0,2715,0001,1264100116936,,,,3,용도구역코드,UQQ310,제1종지구단위계획구역,1,0,,제1종지구단위계획구역,20221008
경상남도 양산시 물금읍 범어리 2715-1번지,48330,25324,0,2715,0001,1264100101593,,,,1,용도지역코드,UQA220,일반상업지역,1,0,,일반상업지역,20221008
경상남도 양산시 물금읍 범어리 2715-1번지,48330,25324,0,2715,0001,1264100101593,,,,3,용도구역코드,UQQ310,제1종지구단위계획구역,1,0,,제1종지구단위계획구역,20221008
경상남도 양산시 물금읍 범어리 2715-1번지,48330,25324,0,2715,0001,1264100096348,,,,1,용도지역코드,UQA220,일반상업지역,1,0,,일반상업지역,20221008
경상남도 양산시 물금읍 범어리 2715-1번지,48330,25324,0,2715,0001,1264100096348,,,,3,용도구역코드,UQQ310,제1종지구단위계획구역,1,0,,제1종지구단위계획구역,20221008
경상남도 양산시 물금읍 범어리 2715-1번지,48330,25324,0,2715,0001,1264100025450,,,,1,용도지역코드,UQA220,일반상업지역,1,0,,일반상업지역,20221008
경상남도 양산시 물금읍 범어리 2715-1번지,48330,25324,0,2715,0001,1264100025450,,,,3,용도구역코드,UQQ310,제1종지구단위계획구역,1,0,,제1종지구단위계획구역,20221008
경상남도 양산시 물금읍 범어리 2715-1번지,48330,25324,0,2715,0001,1264100033645,,,,1,용도지역코드,UQA220,일반상업지역,1,0,,일반상업지역,20221008
경상남도 양산시 물금읍 범어리 2715-1번지,48330,25324,0,2715,0001,1264100033645,,,,2,용도지구코드,,,1,0,,,20221008
경상남도 양산시 물금읍 범어리 2715-1번지,48330,25324,0,2715,0001,1264100033645,,,,3,용도구역코드,,,1,0,,,20221008
경상남도 양산시 물금읍 범어리 2715-3번지,48330,25324,0,2715,0003,1264100055930,,,,3,용도구역코드,UQQ310,제1종지구단위계획구역,1,0,,제1종지구단위계획구역,20221008
경상남도 양산시 물금읍 범어리 2715-3번지,48330,25324,0,2715,0003,1264100055930,,,,1,용도지역코드,UQA220,일반상업지역,1,0,,일반상업지역,20221008
경상남도 양산시 물금읍 범어리 2715-3번지,48330,25324,0,2715,0003,1000000000000000607050,,,,3,용도구역코드,UQQ310,제1종지구단위계획구역,1,0,,제1종지구단위계획구역,20241114
경상남도 양산시 물금읍 범어리 2715-3번지,48330,25324,0,2715,0003,1000000000000000607050,,,,3,용도구역코드,UMZ100,가축사육제한구역,0,0,,가축사육제한구역,20241114
경상남도 양산시 물금읍 범어리 2715-3번지,48330,25324,0,2715,0003,1000000000000000607050,,,,1,용도지역코드,UQA220,일반상업지역,1,0,,일반상업지역,20241114
경상남도 양산시 물금읍 범어리 2715-3번지,48330,25324,0,2715,0003,1264100098694,,,,1,용도지역코드,UQA220,일반상업지역,1,0,,일반상업지역,20221008
경상남도 양산시 물금읍 범어리 2715-3번지,48330,25324,0,2715,0003,1264100098694,,,,3,용도구역코드,UQQ310,제1종지구단위계획구역,1,0,,제1종지구단위계획구역,20221008
경상남도 양산시 물금읍 범어리 2715-3번지,48330,25324,0,2715,0003,1264100079579,,,,1,용도지역코드,UQA220,일반상업지역,1,0,,일반상업지역,20221008
경상남도 양산시 물금읍 범어리 2715-3번지,48330,25324,0,2715,0003,1264100079579,,,,3,용도구역코드,UQQ310,제1종지구단위계획구역,1,0,,제1종지구단위계획구역,20221008
경상남도 양산시 물금읍 범어리 2715-3번지,48330,25324,0,2715,0003,1264100065141,,,,1,용도지역코드,UQA220,일반상업지역,1,0,,일반상업지역,20221008
경상남도 양산시 물금읍 범어리 2715-3번지,48330,25324,0,2715,0003,1264100065141,,,,3,용도구역코드,UQQ310,제1종지구단위계획구역,1,0,,제1종지구단위계획구역,20221008
경상남도 양산시 물금읍 범어리 2715-4번지,48330,25324,0,2715,0004,1264100038494,,,,1,용도지역코드,UQA220,일반상업지역,1,0,,일반상업지역,20221008
경상남도 양산시 물금읍 범어리 2715-4번지,48330,25324,0,2715,0004,1264100038494,,,,3,용도구역코드,UQQ310,제1종지구단위계획구역,1,0,,제1종지구단위계획구역,20221008
경상남도 양산시 물금읍 범어리 2715-4번지,48330,25324,0,2715,0004,1000000000000000895638,,,,1,용도지역코드,UQA220,일반상업지역,1,0,,일반상업지역,20260302
경상남도 양산시 물금읍 범어리 2715-4번지,48330,25324,0,2715,0004,1000000000000000895638,,,,3,용도구역코드,UQQ310,제1종지구단위계획구역,1,0,,제1종지구단위계획구역,20260302
경상남도 양산시 물금읍 범어리 2715-4번지,48330,25324,0,2715,0004,1264100056310,,,,1,용도지역코드,UQA220,일반상업지역,1,0,,일반상업지역,20221008
경상남도 양산시 물금읍 범어리 2715-4번지,48330,25324,0,2715,0004,1264100056310,,,,3,용도구역코드,UQQ310,제1종지구단위계획구역,1,0,,제1종지구단위계획구역,20221008
경상남도 양산시 물금읍 범어리 2715-4번지,48330,25324,0,2715,0004,1264100111216,,,,1,용도지역코드,UQA220,일반상업지역,1,0,,일반상업지역,20221008
경상남도 양산시 물금읍 범어리 2715-4번지,48330,25324,0,2715,0004,1264100111216,,,,3,용도구역코드,UQQ310,제1종지구단위계획구역,1,0,,제1종지구단위계획구역,20221008
경상남도 양산시 물금읍 범어리 2715-5번지,48330,25324,0,2715,0005,1264100054968,,,,1,용도지역코드,UQA220,일반상업지역,1,0,,일반상업지역,20221008
경상남도 양산시 물금읍 범어리 2715-5번지,48330,25324,0,2715,0005,1264100054968,,,,3,용도구역코드,UQQ310,제1종지구단위계획구역,1,0,,제1종지구단위계획구역,20221008
경상남도 양산시 물금읍 범어리 2715-5번지,48330,25324,0,2715,0005,1264100091886,,,,1,용도지역코드,UQA220,일반상업지역,1,0,,일반상업지역,20230721
경상남도 양산시 물금읍 범어리 2715-5번지,48330,25324,0,2715,0005,1264100091886,,,,3,용도구역코드,UQQ310,제1종지구단위계획구역,1,0,,제1종지구단위계획구역,20230721
경상남도 양산시 물금읍 범어리 2715-5번지,48330,25324,0,2715,0005,1264100076299,,,,1,용도지역코드,UQA220,일반상업지역,1,0,,일반상업지역,20221008
경상남도 양산시 물금읍 범어리 2715-5번지,48330,25324,0,2715,0005,1264100076299,,,,3,용도구역코드,UQQ310,제1종지구단위계획구역,1,0,,제1종지구단위계획구역,20221008
경상남도 양산시 물금읍 범어리 2715-7번지,48330,25324,0,2715,0007,1264100009309,,,,1,용도지역코드,1120,일반상업지역,1,0,,일반상업지역,20221008
경상남도 양산시 물금읍 범어리 2715-7번지,48330,25324,0,2715,0007,1000000000000000370700,,,,3,용도구역코드,UQQ310,제1종지구단위계획구역,1,0,,제1종지구단위계획구역,20230911
경상남도 양산시 물금읍 범어리 2715-7번지,48330,25324,0,2715,0007,1000000000000000370700,,,,1,용도지역코드,UQA220,일반상업지역,1,0,,일반상업지역,20230911
경상남도 양산시 물금읍 범어리 2715-7번지,48330,25324,0,2715,0007,1264100091226,,,,1,용도지역코드,UQA220,일반상업지역,1,0,,일반상업지역,20221008
경상남도 양산시 물금읍 범어리 2715-7번지,48330,25324,0,2715,0007,1264100054008,,,,1,용도지역코드,UQA220,일반상업지역,1,0,,일반상업지역,20221008
경상남도 양산시 물금읍 범어리 2715-7번지,48330,25324,0,2715,0007,1264100053027,,,,1,용도지역코드,UQA220,일반상업지역,1,0,,일반상업지역,20221008
경상남도 양산시 물금읍 범어리 2715-7번지,48330,25324,0,2715,0007,1264100053027,,,,3,용도구역코드,UQQ310,제1종지구단위계획구역,1,0,,제1종지구단위계획구역,20221008
경상남도 양산시 물금읍 범어리 2715-8번지,48330,25324,0,2715,0008,1264100114397,,,,3,용도구역코드,UQQ310,제1종지구단위계획구역,1,0,,제1종지구단위계획구역,20221008
경상남도 양산시 물금읍 범어리 2715-8번지,48330,25324,0,2715,0008,1264100083861,,,,1,용도지역코드,UQA220,일반상업지역,1,0,,일반상업지역,20221008
경상남도 양산시 물금읍 범어리 2715-8번지,48330,25324,0,2715,0008,1264100083861,,,,3,용도구역코드,UQQ310,제1종지구단위계획구역,1,0,,제1종지구단위계획구역,20221008
경상남도 양산시 물금읍 범어리 2715-8번지,48330,25324,0,2715,0008,1264100124881,,,,1,용도지역코드,UQA220,일반상업지역,1,0,,일반상업지역,20221008
경상남도 양산시 물금읍 범어리 2715-8번지,48330,25324,0,2715,0008,1264100087482,,,,1,용도지역코드,UQA220,일반상업지역,1,0,,일반상업지역,20221008
경상남도 양산시 물금읍 범어리 2715-8번지,48330,25324,0,2715,0008,1264100087482,,,,3,용도구역코드,UQQ310,제1종지구단위계획구역,1,0,,제1종지구단위계획구역,20221008
경상남도 양산시 물금읍 범어리 2715-8번지,48330,25324,0,2715,0008,1264100114397,,,,1,용도지역코드,UQA220,일반상업지역,1,0,,일반상업지역,20221008
경상남도 양산시 물금읍 범어리 2715-11번지,48330,25324,0,2715,0011,1264100025850,,,,1,용도지역코드,UQA220,일반상업지역,1,0,,일반상업지역,20221008
경상남도 양산시 물금읍 범어리 2715-11번지,48330,25324,0,2715,0011,1264100025850,,,,3,용도구역코드,UQQ310,제1종지구단위계획구역,1,0,,제1종지구단위계획구역,20221008
경상남도 양산시 물금읍 범어리 2715-11번지,48330,25324,0,2715,0011,1264100090481,,,,1,용도지역코드,UQA220,일반상업지역,1,0,,일반상업지역,20221008
경상남도 양산시 물금읍 범어리 2715-11번지,48330,25324,0,2715,0011,1264100090481,,,,3,용도구역코드,UQQ310,제1종지구단위계획구역,1,0,,제1종지구단위계획구역,20221008
경상남도 양산시 물금읍 범어리 2715-13번지,48330,25324,0,2715,0013,1264100008269,,,,1,용도지역코드,1120,일반상업지역,1,0,,일반상업지역,20221008
경상남도 양산시 물금읍 범어리 2715-13번지,48330,25324,0,2715,0013,1264100008269,,,,3,용도구역코드,301,제1종지구단위계획구역,1,0,,제1종지구단위계획구역,20221008
경상남도 양산시 물금읍 범어리 2715-16번지,48330,25324,0,2715,0016,1264100080564,,,,1,용도지역코드,UQA220,일반상업지역,1,0,,일반상업지역,20221008
경상남도 양산시 물금읍 범어리 2715-16번지,48330,25324,0,2715,0016,1264100080564,,,,3,용도구역코드,UQQ310,제1종지구단위계획구역,1,0,,제1종지구단위계획구역,20221008
경상남도 양산시 물금읍 범어리 2715-18번지,48330,25324,0,2715,0018,1264100036092,,,,1,용도지역코드,UQA220,일반상업지역,1,0,,일반상업지역,20221008
경상남도 양산시 물금읍 범어리 2715-18번지,48330,25324,0,2715,0018,1264100036092,,,,3,용도구역코드,UQQ310,제1종지구단위계획구역,1,0,,제1종지구단위계획구역,20221008
경상남도 양산시 물금읍 범어리 2715-18번지,48330,25324,0,2715,0018,1264100005568,,,,1,용도지역코드,1120,일반상업지역,1,0,,일반상업지역,20221008
경상남도 양산시 물금읍 범어리 2715-18번지,48330,25324,0,2715,0018,1264100005568,,,,3,용도구역코드,010,도시계획구역,1,0,,도시계획구역,20221008
경상남도 양산시 물금읍 범어리 2715-20번지,48330,25324,0,2715,0020,1264100076019,,,,1,용도지역코드,UQA220,일반상업지역,1,0,,일반상업지역,20221008
경상남도 양산시 물금읍 범어리 2715-20번지,48330,25324,0,2715,0020,1264100076019,,,,3,용도구역코드,UQQ310,제1종지구단위계획구역,1,0,,제1종지구단위계획구역,20221008
경상남도 양산시 물금읍 범어리 2715-20번지,48330,25324,0,2715,0020,1264100025669,,,,1,용도지역코드,UQA123,제3종일반주거지역,1,0,,제3종일반주거지역,20221008
경상남도 양산시 물금읍 범어리 2715-20번지,48330,25324,0,2715,0020,1264100088761,,,,1,용도지역코드,UQA220,일반상업지역,1,0,,일반상업지역,20221008
경상남도 양산시 물금읍 범어리 2715-20번지,48330,25324,0,2715,0020,1264100088761,,,,3,용도구역코드,UQQ310,제1종지구단위계획구역,1,0,,제1종지구단위계획구역,20221008
경상남도 양산시 물금읍 범어리 2715-21번지,48330,25324,0,2715,0021,1264100067419,,,,1,용도지역코드,UQA220,일반상업지역,1,0,,일반상업지역,20221008
경상남도 양산시 물금읍 범어리 2715-21번지,48330,25324,0,2715,0021,1264100067419,,,,3,용도구역코드,UQQ310,제1종지구단위계획구역,1,0,,제1종지구단위계획구역,20221008
경상남도 양산시 물금읍 범어리 2715-21번지,48330,25324,0,2715,0021,1264100025897,,,,1,용도지역코드,UQA220,일반상업지역,1,0,,일반상업지역,20221008
경상남도 양산시 물금읍 범어리 2715-21번지,48330,25324,0,2715,0021,1264100025897,,,,3,용도구역코드,UQQ310,제1종지구단위계획구역,1,0,,제1종지구단위계획구역,20221008
경상남도 양산시 물금읍 범어리 2715-21번지,48330,25324,0,2715,0021,1264100098435,,,,1,용도지역코드,UQA220,일반상업지역,1,0,,일반상업지역,20221008
경상남도 양산시 물금읍 범어리 2715-21번지,48330,25324,0,2715,0021,1264100098435,,,,3,용도구역코드,UQQ310,제1종지구단위계획구역,1,0,,제1종지구단위계획구역,20221008
경상남도 양산시 물금읍 범어리 2715-21번지,48330,25324,0,2715,0021,1264100083541,,,,1,용도지역코드,UQA220,일반상업지역,1,0,,일반상업지역,20221008
경상남도 양산시 물금읍 범어리 2715-21번지,48330,25324,0,2715,0021,1264100083541,,,,3,용도구역코드,UQQ310,제1종지구단위계획구역,1,0,,제1종지구단위계획구역,20221008
경상남도 양산시 물금읍 범어리 2715-21번지,48330,25324,0,2715,0021,1264100141484,,,,1,용도지역코드,UQA220,일반상업지역,1,0,,일반상업지역,20221008
경상남도 양산시 물금읍 범어리 2715-21번지,48330,25324,0,2715,0021,1264100141484,,,,3,용도구역코드,UQQ310,제1종지구단위계획구역,1,0,,제1종지구단위계획구역,20221008
경상남도 양산시 물금읍 범어리 2715-21번지,48330,25324,0,2715,0021,1264100141484,,,,3,용도구역코드,UMZ100,가축사육제한구역,0,0,,가축사육제한구역,20221008
경상남도 양산시 물금읍 범어리 2715-22번지,48330,25324,0,2715,0022,1264100139363,,,,1,용도지역코드,UQA220,일반상업지역,1,0,,일반상업지역,20221008
경상남도 양산시 물금읍 범어리 2715-22번지,48330,25324,0,2715,0022,1264100139363,,,,3,용도구역코드,UQQ310,제1종지구단위계획구역,1,0,,제1종지구단위계획구역,20221008
경상남도 양산시 물금읍 범어리 2715-22번지,48330,25324,0,2715,0022,1264100139363,,,,3,용도구역코드,UMZ100,가축사육제한구역,0,0,,가축사육제한구역,20221008
경상남도 양산시 물금읍 범어리 2715-22번지,48330,25324,0,2715,0022,1264100153953,,,,1,용도지역코드,UQA220,일반상업지역,1,0,,일반상업지역,20221008
경상남도 양산시 물금읍 범어리 2715-22번지,48330,25324,0,2715,0022,1264100153953,,,,3,용도구역코드,UQQ310,제1종지구단위계획구역,1,0,,제1종지구단위계획구역,20221008
경상남도 양산시 물금읍 범어리 2715-22번지,48330,25324,0,2715,0022,1264100153953,,,,3,용도구역코드,UMZ100,가축사육제한구역,0,0,,가축사육제한구역,20221008
경상남도 양산시 물금읍 범어리 2715-23번지,48330,25324,0,2715,0023,1264100011170,,,,1,용도지역코드,1120,일반상업지역,1,0,,일반상업지역,20221008
경상남도 양산시 물금읍 범어리 2715-23번지,48330,25324,0,2715,0023,1264100011170,,,,3,용도구역코드,301,제1종지구단위계획구역,1,0,,제1종지구단위계획구역,20221008
경상남도 양산시 물금읍 범어리 2715-23번지,48330,25324,0,2715,0023,1264100066599,,,,1,용도지역코드,UQA220,일반상업지역,1,0,,일반상업지역,20221008
경상남도 양산시 물금읍 범어리 2715-23번지,48330,25324,0,2715,0023,1264100096048,,,,1,용도지역코드,UQA220,일반상업지역,1,0,,일반상업지역,20221008
경상남도 양산시 물금읍 범어리 2715-23번지,48330,25324,0,2715,0023,1264100096048,,,,3,용도구역코드,UQQ310,제1종지구단위계획구역,1,0,,제1종지구단위계획구역,20221008
경상남도 양산시 물금읍 범어리 2715-23번지,48330,25324,0,2715,0023,1264100025912,,,,3,용도구역코드,UQQ310,제1종지구단위계획구역,1,0,,제1종지구단위계획구역,20221008
경상남도 양산시 물금읍 범어리 2715-23번지,48330,25324,0,2715,0023,1264100025912,,,,1,용도지역코드,UQA220,일반상업지역,1,0,,일반상업지역,20221008
경상남도 양산시 물금읍 범어리 2715-28번지,48330,25324,0,2715,0028,1264100130183,,,,1,용도지역코드,UQA220,일반상업지역,1,0,,일반상업지역,20221008
경상남도 양산시 물금읍 범어리 2715-28번지,48330,25324,0,2715,0028,1264100130183,,,,3,용도구역코드,UQQ310,제1종지구단위계획구역,1,0,,제1종지구단위계획구역,20221008
경상남도 양산시 물금읍 범어리 2715-29번지,48330,25324,0,2715,0029,1264100101095,,,,1,용도지역코드,UQA220,일반상업지역,1,0,,일반상업지역,20260723
경상남도 양산시 물금읍 범어리 2715-29번지,48330,25324,0,2715,0029,1264100101095,,,,3,용도구역코드,UQQ310,제1종지구단위계획구역,1,0,,제1종지구단위계획구역,20260723
경상남도 양산시 물금읍 범어리 2715-29번지,48330,25324,0,2715,0029,1264100027272,,,,1,용도지역코드,UQA220,일반상업지역,1,0,,일반상업지역,20221008
경상남도 양산시 물금읍 범어리 2715-29번지,48330,25324,0,2715,0029,1264100091941,,,,3,용도구역코드,UQQ310,제1종지구단위계획구역,1,0,,제1종지구단위계획구역,20221008
경상남도 양산시 물금읍 범어리 2715-29번지,48330,25324,0,2715,0029,1264100058592,,,,1,용도지역코드,UQA220,일반상업지역,1,0,,일반상업지역,20221008
경상남도 양산시 물금읍 범어리 2715-29번지,48330,25324,0,2715,0029,1264100058592,,,,3,용도구역코드,UQQ310,제1종지구단위계획구역,1,0,,제1종지구단위계획구역,20221008
경상남도 양산시 물금읍 범어리 2715-29번지,48330,25324,0,2715,0029,1264100091941,,,,1,용도지역코드,UQA220,일반상업지역,1,0,,일반상업지역,20221008
경상남도 양산시 물금읍 범어리 2715-31번지,48330,25324,0,2715,0031,1264100135324,,,,3,용도구역코드,UQQ310,제1종지구단위계획구역,1,0,,제1종지구단위계획구역,20231207
경상남도 양산시 물금읍 범어리 2715-31번지,48330,25324,0,2715,0031,1264100135324,,,,1,용도지역코드,UQA220,일반상업지역,1,0,,일반상업지역,20231207
경상남도 양산시 물금읍 범어리 2715-32번지,48330,25324,0,2715,0032,1000000000000000834007,,,,1,용도지역코드,UQA220,일반상업지역,1,0,,일반상업지역,20251104
경상남도 양산시 물금읍 범어리 2715-32번지,48330,25324,0,2715,0032,1000000000000000834007,,,,3,용도구역코드,UMZ100,가축사육제한구역,0,0,,가축사육제한구역,20251104
경상남도 양산시 물금읍 범어리 2715-32번지,48330,25324,0,2715,0032,1000000000000000834007,,,,3,용도구역코드,UQQ310,제1종지구단위계획구역,1,0,,제1종지구단위계획구역,20251104
경상남도 양산시 물금읍 범어리 2715-32번지,48330,25324,0,2715,0032,1264100091884,,,,1,용도지역코드,UQA220,일반상업지역,1,0,,일반상업지역,20221008
경상남도 양산시 물금읍 범어리 2715-32번지,48330,25324,0,2715,0032,1264100091884,,,,3,용도구역코드,UQQ310,제1종지구단위계획구역,1,0,,제1종지구단위계획구역,20221008
경상남도 양산시 물금읍 범어리 2715-33번지,48330,25324,0,2715,0033,1264100134325,,,,1,용도지역코드,UQA220,일반상업지역,1,0,,일반상업지역,20221008
경상남도 양산시 물금읍 범어리 2715-33번지,48330,25324,0,2715,0033,1264100134325,,,,3,용도구역코드,UQQ310,제1종지구단위계획구역,1,0,,제1종지구단위계획구역,20221008
경상남도 양산시 물금읍 범어리 2715-34번지,48330,25324,0,2715,0034,1264100045567,,,,1,용도지역코드,UQA220,일반상업지역,1,0,,일반상업지역,20221008
경상남도 양산시 물금읍 범어리 2715-34번지,48330,25324,0,2715,0034,1264100045567,,,,3,용도구역코드,UQQ310,제1종지구단위계획구역,1,0,,제1종지구단위계획구역,20221008
경상남도 양산시 물금읍 범어리 2715-34번지,48330,25324,0,2715,0034,1000000000000000676390,,,,3,용도구역코드,UQQ310,제1종지구단위계획구역,1,0,,제1종지구단위계획구역,20250509
경상남도 양산시 물금읍 범어리 2715-34번지,48330,25324,0,2715,0034,1000000000000000676390,,,,1,용도지역코드,UQA220,일반상업지역,1,0,,일반상업지역,20250509
경상남도 양산시 물금읍 범어리 2715-34번지,48330,25324,0,2715,0034,1000000000000000676390,,,,3,용도구역코드,UMZ100,가축사육제한구역,0,0,,가축사육제한구역,20250509
경상남도 양산시 물금읍 범어리 2715-34번지,48330,25324,0,2715,0034,1000000000000000676390,,,,1,용도지역코드,UQA220,일반상업지역,1,0,,일반상업지역,20250625
경상남도 양산시 물금읍 범어리 2715-34번지,48330,25324,0,2715,0034,1000000000000000676390,,,,3,용도구역코드,UMZ100,가축사육제한구역,0,0,,가축사육제한구역,20250625
경상남도 양산시 물금읍 범어리 2715-34번지,48330,25324,0,2715,0034,1000000000000000676390,,,,3,용도구역코드,UQQ310,제1종지구단위계획구역,1,0,,제1종지구단위계획구역,20250625
경상남도 양산시 물금읍 범어리 2715-36번지,48330,25324,0,2715,0036,1000000000000000987811,,,,3,용도구역코드,UQQ310,제1종지구단위계획구역,1,0,,제1종지구단위계획구역,20260702
경상남도 양산시 물금읍 범어리 2715-36번지,48330,25324,0,2715,0036,1000000000000000987811,,,,1,용도지역코드,UQA220,일반상업지역,1,0,,일반상업지역,20260702
경상남도 양산시 물금읍 범어리 2715-36번지,48330,25324,0,2715,0036,1264100154691,,,,1,용도지역코드,UQA220,일반상업지역,1,0,,일반상업지역,20221008
경상남도 양산시 물금읍 범어리 2715-36번지,48330,25324,0,2715,0036,1264100154691,,,,3,용도구역코드,UQQ310,제1종지구단위계획구역,1,0,,제1종지구단위계획구역,20221008
경상남도 양산시 물금읍 범어리 2715-36번지,48330,25324,0,2715,0036,1264100075139,,,,1,용도지역코드,UQA220,일반상업지역,1,0,,일반상업지역,20221008
경상남도 양산시 물금읍 범어리 2715-36번지,48330,25324,0,2715,0036,1264100075139,,,,3,용도구역코드,UQQ310,제1종지구단위계획구역,1,0,,제1종지구단위계획구역,20221008
경상남도 양산시 물금읍 범어리 2715-37번지,48330,25324,0,2715,0037,1000000000000000644462,,,,3,용도구역코드,UQQ310,제1종지구단위계획구역,1,0,,제1종지구단위계획구역,20241230
경상남도 양산시 물금읍 범어리 2715-37번지,48330,25324,0,2715,0037,1000000000000000644462,,,,1,용도지역코드,UQA220,일반상업지역,1,0,,일반상업지역,20241230
경상남도 양산시 물금읍 범어리 2715-37번지,48330,25324,0,2715,0037,1264100084841,,,,3,용도구역코드,UQQ310,제1종지구단위계획구역,1,0,,제1종지구단위계획구역,20240711
경상남도 양산시 물금읍 범어리 2715-37번지,48330,25324,0,2715,0037,1264100084841,,,,1,용도지역코드,UQA220,일반상업지역,1,0,,일반상업지역,20240711
경상남도 양산시 물금읍 범어리 2715-38번지,48330,25324,0,2715,0038,1264100032911,,,,1,용도지역코드,UQA220,일반상업지역,1,0,,일반상업지역,20221008
경상남도 양산시 물금읍 범어리 2715-38번지,48330,25324,0,2715,0038,1264100076280,,,,1,용도지역코드,UQA220,일반상업지역,1,0,,일반상업지역,20221008
경상남도 양산시 물금읍 범어리 2715-38번지,48330,25324,0,2715,0038,1264100076280,,,,3,용도구역코드,UQQ310,제1종지구단위계획구역,1,0,,제1종지구단위계획구역,20221008
경상남도 양산시 물금읍 범어리 2715-39번지,48330,25324,0,2715,0039,1264100074559,,,,1,용도지역코드,UQA220,일반상업지역,1,0,,일반상업지역,20221008
경상남도 양산시 물금읍 범어리 2715-39번지,48330,25324,0,2715,0039,1264100074559,,,,3,용도구역코드,UQQ310,제1종지구단위계획구역,1,0,,제1종지구단위계획구역,20221008
경상남도 양산시 물금읍 범어리 2716-3번지,48330,25324,0,2716,0003,1264100102855,,,,1,용도지역코드,UQA121,제1종일반주거지역,1,0,,제1종일반주거지역,20221008
경상남도 양산시 물금읍 범어리 2716-3번지,48330,25324,0,2716,0003,1264100102855,,,,3,용도구역코드,UQQ310,제1종지구단위계획구역,1,0,,제1종지구단위계획구역,20221008
경상남도 양산시 물금읍 범어리 2716-4번지,48330,25324,0,2716,0004,1264100045568,,,,1,용도지역코드,UQA121,제1종일반주거지역,1,0,,제1종일반주거지역,20221008
경상남도 양산시 물금읍 범어리 2716-4번지,48330,25324,0,2716,0004,1264100045568,,,,3,용도구역코드,UQQ310,제1종지구단위계획구역,1,0,,제1종지구단위계획구역,20221008
경상남도 양산시 물금읍 범어리 2716-6번지,48330,25324,0,2716,0006,1264100061059,,,,1,용도지역코드,UQA121,제1종일반주거지역,1,0,,제1종일반주거지역,20221008
경상남도 양산시 물금읍 범어리 2716-6번지,48330,25324,0,2716,0006,1264100061059,,,,3,용도구역코드,UQQ310,제1종지구단위계획구역,1,0,,제1종지구단위계획구역,20221008
경상남도 양산시 물금읍 범어리 2716-6번지,48330,25324,0,2716,0006,1264100073322,,,,1,용도지역코드,UQA121,제1종일반주거지역,1,0,,제1종일반주거지역,20221008
경상남도 양산시 물금읍 범어리 2716-6번지,48330,25324,0,2716,0006,1264100073322,,,,3,용도구역코드,UQQ310,제1종지구단위계획구역,1,0,,제1종지구단위계획구역,20221008
경상남도 양산시 물금읍 범어리 2716-7번지,48330,25324,0,2716,0007,1264100070719,,,,1,용도지역코드,UQA121,제1종일반주거지역,1,0,,제1종일반주거지역,20221008
경상남도 양산시 물금읍 범어리 2716-7번지,48330,25324,0,2716,0007,1264100070719,,,,3,용도구역코드,UQQ310,제1종지구단위계획구역,1,0,,제1종지구단위계획구역,20221008
경상남도 양산시 물금읍 범어리 2716-8번지,48330,25324,0,2716,0008,1264100033606,,,,1,용도지역코드,UQA121,제1종일반주거지역,1,0,,제1종일반주거지역,20221008
경상남도 양산시 물금읍 범어리 2716-8번지,48330,25324,0,2716,0008,1264100033606,,,,3,용도구역코드,UQQ310,제1종지구단위계획구역,1,0,,제1종지구단위계획구역,20221008
경상남도 양산시 물금읍 범어리 2716-9번지,48330,25324,0,2716,0009,1264100050527,,,,1,용도지역코드,UQA121,제1종일반주거지역,1,0,,제1종일반주거지역,20221008
경상남도 양산시 물금읍 범어리 2716-9번지,48330,25324,0,2716,0009,1264100050527,,,,3,용도구역코드,UQQ310,제1종지구단위계획구역,1,0,,제1종지구단위계획구역,20221008
경상남도 양산시 물금읍 범어리 2716-10번지,48330,25324,0,2716,0010,1264100015618,,,,1,용도지역코드,1021,제1종일반주거지역,1,0,,제1종일반주거지역,20221008
경상남도 양산시 물금읍 범어리 2716-10번지,48330,25324,0,2716,0010,1264100015618,,,,3,용도구역코드,301,제1종지구단위계획구역,1,0,,제1종지구단위계획구역,20221008
경상남도 양산시 물금읍 범어리 2716-11번지,48330,25324,0,2716,0011,1264100007287,,,,1,용도지역코드,1021,제1종일반주거지역,1,0,,제1종일반주거지역,20221008
경상남도 양산시 물금읍 범어리 2716-11번지,48330,25324,0,2716,0011,1264100007287,,,,3,용도구역코드,301,제1종지구단위계획구역,1,0,,제1종지구단위계획구역,20221008
경상남도 양산시 물금읍 범어리 2716-12번지,48330,25324,0,2716,0012,1264100021721,,,,1,용도지역코드,UQA121,제1종일반주거지역,1,0,,제1종일반주거지역,20221008
경상남도 양산시 물금읍 범어리 2716-12번지,48330,25324,0,2716,0012,1264100021721,,,,3,용도구역코드,UQQ310,제1종지구단위계획구역,1,0,,제1종지구단위계획구역,20221008
경상남도 양산시 물금읍 범어리 2717-1번지,48330,25324,0,2717,0001,12649432,,,,1,용도지역코드,1021,제1종일반주거지역,1,0,,제1종일반주거지역,20221008
경상남도 양산시 물금읍 범어리 2717-1번지,48330,25324,0,2717,0001,12649432,,,,3,용도구역코드,301,제1종지구단위계획구역,1,0,,제1종지구단위계획구역,20221008
경상남도 양산시 물금읍 범어리 2717-2번지,48330,25324,0,2717,0002,1264100025169,,,,1,용도지역코드,UQA121,제1종일반주거지역,1,0,,제1종일반주거지역,20221008
경상남도 양산시 물금읍 범어리 2717-2번지,48330,25324,0,2717,0002,1264100025169,,,,3,용도구역코드,UQQ310,제1종지구단위계획구역,1,0,,제1종지구단위계획구역,20221008
경상남도 양산시 물금읍 범어리 2717-3번지,48330,25324,0,2717,0003,1264100044765,,,,1,용도지역코드,UQA121,제1종일반주거지역,1,0,,제1종일반주거지역,20221008
경상남도 양산시 물금읍 범어리 2717-3번지,48330,25324,0,2717,0003,1264100044765,,,,3,용도구역코드,UQQ310,제1종지구단위계획구역,1,0,,제1종지구단위계획구역,20221008
경상남도 양산시 물금읍 범어리 2717-4번지,48330,25324,0,2717,0004,1264100027152,,,,1,용도지역코드,UQA121,제1종일반주거지역,1,0,,제1종일반주거지역,20221008
경상남도 양산시 물금읍 범어리 2717-4번지,48330,25324,0,2717,0004,1264100027152,,,,3,용도구역코드,UQQ310,제1종지구단위계획구역,1,0,,제1종지구단위계획구역,20221008
경상남도 양산시 물금읍 범어리 2717-5번지,48330,25324,0,2717,0005,1264100063741,,,,1,용도지역코드,UQA121,제1종일반주거지역,1,0,,제1종일반주거지역,20221008
경상남도 양산시 물금읍 범어리 2717-5번지,48330,25324,0,2717,0005,1264100063741,,,,3,용도구역코드,UQQ310,제1종지구단위계획구역,1,0,,제1종지구단위계획구역,20221008
경상남도 양산시 물금읍 범어리 2717-6번지,48330,25324,0,2717,0006,1264100054389,,,,1,용도지역코드,UQA121,제1종일반주거지역,1,0,,제1종일반주거지역,20221008
경상남도 양산시 물금읍 범어리 2717-6번지,48330,25324,0,2717,0006,1264100054389,,,,3,용도구역코드,UQQ310,제1종지구단위계획구역,1,0,,제1종지구단위계획구역,20221008
경상남도 양산시 물금읍 범어리 2717-6번지,48330,25324,0,2717,0006,1264100037232,,,,1,용도지역코드,UQA121,제1종일반주거지역,1,0,,제1종일반주거지역,20221008
경상남도 양산시 물금읍 범어리 2717-6번지,48330,25324,0,2717,0006,1264100037232,,,,3,용도구역코드,UQQ310,제1종지구단위계획구역,1,0,,제1종지구단위계획구역,20221008
경상남도 양산시 물금읍 범어리 2717-7번지,48330,25324,0,2717,0007,1264100056608,,,,1,용도지역코드,UQA121,제1종일반주거지역,1,0,,제1종일반주거지역,20221008
경상남도 양산시 물금읍 범어리 2717-7번지,48330,25324,0,2717,0007,1264100056608,,,,3,용도구역코드,UQQ310,제1종지구단위계획구역,1,0,,제1종지구단위계획구역,20221008
경상남도 양산시 물금읍 범어리 2717-7번지,48330,25324,0,2717,0007,1264100056608,,,,3,용도구역코드,UOA120,상대보호구역,0,0,,상대정화구역,20221008
경상남도 양산시 물금읍 범어리 2717-8번지,48330,25324,0,2717,0008,1264100144065,,,,1,용도지역코드,UQA121,제1종일반주거지역,1,0,,제1종일반주거지역,20221008
경상남도 양산시 물금읍 범어리 2717-8번지,48330,25324,0,2717,0008,1264100144065,,,,3,용도구역코드,UQQ310,제1종지구단위계획구역,1,0,,제1종지구단위계획구역,20221008
경상남도 양산시 물금읍 범어리 2717-9번지,48330,25324,0,2717,0009,1264100058494,,,,1,용도지역코드,UQA121,제1종일반주거지역,1,0,,제1종일반주거지역,20221008
경상남도 양산시 물금읍 범어리 2717-9번지,48330,25324,0,2717,0009,1264100058494,,,,3,용도구역코드,UQQ310,제1종지구단위계획구역,1,0,,제1종지구단위계획구역,20221008
경상남도 양산시 물금읍 범어리 2717-9번지,48330,25324,0,2717,0009,1264100058494,,,,3,용도구역코드,UOA120,상대보호구역,0,0,,상대정화구역,20221008
경상남도 양산시 물금읍 범어리 2717-11번지,48330,25324,0,2717,0011,1264100071600,,,,1,용도지역코드,UQA121,제1종일반주거지역,1,0,,제1종일반주거지역,20221008
경상남도 양산시 물금읍 범어리 2717-11번지,48330,25324,0,2717,0011,1264100071600,,,,3,용도구역코드,UQQ310,제1종지구단위계획구역,1,0,,제1종지구단위계획구역,20221008
경상남도 양산시 물금읍 범어리 2717-12번지,48330,25324,0,2717,0012,1264100013534,,,,1,용도지역코드,1021,제1종일반주거지역,1,0,,제1종일반주거지역,20221008
경상남도 양산시 물금읍 범어리 2717-12번지,48330,25324,0,2717,0012,1264100013534,,,,3,용도구역코드,301,제1종지구단위계획구역,1,0,,제1종지구단위계획구역,20221008
경상남도 양산시 물금읍 범어리 2718-2번지,48330,25324,0,2718,0002,1264100025533,,,,1,용도지역코드,UQA121,제1종일반주거지역,1,0,,제1종일반주거지역,20221008
경상남도 양산시 물금읍 범어리 2718-2번지,48330,25324,0,2718,0002,1264100025533,,,,3,용도구역코드,UQQ310,제1종지구단위계획구역,1,0,,제1종지구단위계획구역,20221008
경상남도 양산시 물금읍 범어리 2718-5번지,48330,25324,0,2718,0005,1264100019000,,,,1,용도지역코드,1021,제1종일반주거지역,1,0,,제1종일반주거지역,20221008
경상남도 양산시 물금읍 범어리 2718-5번지,48330,25324,0,2718,0005,1264100019000,,,,3,용도구역코드,301,제1종지구단위계획구역,1,0,,제1종지구단위계획구역,20221008
경상남도 양산시 물금읍 범어리 2718-5번지,48330,25324,0,2718,0005,1264100019000,,,,3,용도구역코드,272,상대정화구역,0,0,,상대정화구역,20221008
경상남도 양산시 물금읍 범어리 2718-5번지,48330,25324,0,2718,0005,1264100021523,,,,1,용도지역코드,UQA121,제1종일반주거지역,1,0,,제1종일반주거지역,20221008
경상남도 양산시 물금읍 범어리 2718-5번지,48330,25324,0,2718,0005,1264100021523,,,,3,용도구역코드,UQQ310,제1종지구단위계획구역,1,0,,제1종지구단위계획구역,20221008
경상남도 양산시 물금읍 범어리 2718-5번지,48330,25324,0,2718,0005,1264100021523,,,,3,용도구역코드,UOA120,상대보호구역,0,0,,상대정화구역,20221008
경상남도 양산시 물금읍 범어리 2718-7번지,48330,25324,0,2718,0007,1264100052013,,,,1,용도지역코드,UQA121,제1종일반주거지역,1,0,,제1종일반주거지역,20221008
경상남도 양산시 물금읍 범어리 2718-7번지,48330,25324,0,2718,0007,1264100052013,,,,3,용도구역코드,UOA120,상대보호구역,,,,상대정화구역,20221008
경상남도 양산시 물금읍 범어리 2718-7번지,48330,25324,0,2718,0007,1264100052013,,,,3,용도구역코드,UQQ310,제1종지구단위계획구역,1,0,,제1종지구단위계획구역,20221008
경상남도 양산시 물금읍 범어리 2718-7번지,48330,25324,0,2718,0007,1264100115999,,,,1,용도지역코드,UQA121,제1종일반주거지역,1,0,,제1종일반주거지역,20221008
경상남도 양산시 물금읍 범어리 2718-7번지,48330,25324,0,2718,0007,1264100115999,,,,3,용도구역코드,UQQ310,제1종지구단위계획구역,1,0,,제1종지구단위계획구역,20221008
경상남도 양산시 물금읍 범어리 2718-7번지,48330,25324,0,2718,0007,1264100115999,,,,3,용도구역코드,UMZ100,가축사육제한구역,0,0,,가축사육제한구역,20221008
경상남도 양산시 물금읍 범어리 2718-8번지,48330,25324,0,2718,0008,1264100016154,,,,3,용도구역코드,301,제1종지구단위계획구역,1,0,,제1종지구단위계획구역,20221008
경상남도 양산시 물금읍 범어리 2718-8번지,48330,25324,0,2718,0008,1264100016154,,,,3,용도구역코드,272,상대정화구역,0,0,,상대정화구역,20221008
경상남도 양산시 물금읍 범어리 2718-8번지,48330,25324,0,2718,0008,1264100016154,,,,1,용도지역코드,1021,제1종일반주거지역,1,0,,제1종일반주거지역,20221008
경상남도 양산시 물금읍 범어리 2718-9번지,48330,25324,0,2718,0009,1264100009750,,,,1,용도지역코드,1021,제1종일반주거지역,1,0,,제1종일반주거지역,20221008
경상남도 양산시 물금읍 범어리 2718-9번지,48330,25324,0,2718,0009,1264100009750,,,,3,용도구역코드,301,제1종지구단위계획구역,1,0,,제1종지구단위계획구역,20221008
경상남도 양산시 물금읍 범어리 2718-11번지,48330,25324,0,2718,0011,1264100015656,,,,1,용도지역코드,1021,제1종일반주거지역,1,0,,제1종일반주거지역,20221008
경상남도 양산시 물금읍 범어리 2718-11번지,48330,25324,0,2718,0011,1264100015656,,,,3,용도구역코드,301,제1종지구단위계획구역,1,0,,제1종지구단위계획구역,20221008
경상남도 양산시 물금읍 범어리 2718-12번지,48330,25324,0,2718,0012,1264100091323,,,,1,용도지역코드,UQA121,제1종일반주거지역,1,0,,제1종일반주거지역,20221008
경상남도 양산시 물금읍 범어리 2718-12번지,48330,25324,0,2718,0012,1264100091323,,,,3,용도구역코드,UQQ310,제1종지구단위계획구역,1,0,,제1종지구단위계획구역,20221008
경상남도 양산시 물금읍 범어리 2718-12번지,48330,25324,0,2718,0012,1264100091323,,,,3,용도구역코드,UOA120,상대보호구역,0,0,,상대정화구역,20221008
경상남도 양산시 물금읍 범어리 2718-14번지,48330,25324,0,2718,0014,1264100076319,,,,1,용도지역코드,UQA121,제1종일반주거지역,1,0,,제1종일반주거지역,20221008
경상남도 양산시 물금읍 범어리 2718-14번지,48330,25324,0,2718,0014,1264100076319,,,,3,용도구역코드,UQQ310,제1종지구단위계획구역,1,0,,제1종지구단위계획구역,20221008
경상남도 양산시 물금읍 범어리 2718-14번지,48330,25324,0,2718,0014,1264100076319,,,,3,용도구역코드,UOA120,상대보호구역,0,0,,상대정화구역,20221008
경상남도 양산시 물금읍 범어리 2718-15번지,48330,25324,0,2718,0015,1264100087750,,,,1,용도지역코드,UQA121,제1종일반주거지역,1,0,,제1종일반주거지역,20221008
경상남도 양산시 물금읍 범어리 2718-15번지,48330,25324,0,2718,0015,1264100087750,,,,3,용도구역코드,UQQ310,제1종지구단위계획구역,1,0,,제1종지구단위계획구역,20221008
경상남도 양산시 물금읍 범어리 2718-15번지,48330,25324,0,2718,0015,1264100087750,,,,3,용도구역코드,UOA120,상대보호구역,0,0,,상대정화구역,20221008
경상남도 양산시 물금읍 범어리 2718-17번지,48330,25324,0,2718,0017,1264100064059,,,,1,용도지역코드,UQA121,제1종일반주거지역,1,0,,제1종일반주거지역,20221008
경상남도 양산시 물금읍 범어리 2718-17번지,48330,25324,0,2718,0017,1264100064059,,,,3,용도구역코드,UQQ310,제1종지구단위계획구역,1,0,,제1종지구단위계획구역,20221008
경상남도 양산시 물금읍 범어리 2718-17번지,48330,25324,0,2718,0017,1264100064059,,,,3,용도구역코드,UOA120,상대보호구역,0,0,,상대정화구역,20221008
경상남도 양산시 물금읍 범어리 2719-1번지,48330,25324,0,2719,0001,1264100012750,,,,1,용도지역코드,1021,제1종일반주거지역,1,0,,제1종일반주거지역,20221008
경상남도 양산시 물금읍 범어리 2719-1번지,48330,25324,0,2719,0001,1264100012750,,,,3,용도구역코드,301,제1종지구단위계획구역,1,0,,제1종지구단위계획구역,20221008
경상남도 양산시 물금읍 범어리 2719-2번지,48330,25324,0,2719,0002,1264100049147,,,,1,용도지역코드,UQA121,제1종일반주거지역,1,0,,제1종일반주거지역,20221008
경상남도 양산시 물금읍 범어리 2719-2번지,48330,25324,0,2719,0002,1264100049147,,,,3,용도구역코드,UQQ310,제1종지구단위계획구역,1,0,,제1종지구단위계획구역,20221008
경상남도 양산시 물금읍 범어리 2719-2번지,48330,25324,0,2719,0002,1264100049147,,,,3,용도구역코드,UOA120,상대보호구역,0,0,,상대정화구역,20221008
경상남도 양산시 물금읍 범어리 2719-3번지,48330,25324,0,2719,0003,1264100110636,,,,1,용도지역코드,UQA121,제1종일반주거지역,1,0,,제1종일반주거지역,20221008
경상남도 양산시 물금읍 범어리 2719-3번지,48330,25324,0,2719,0003,1264100110636,,,,3,용도구역코드,UOA120,상대보호구역,1,0,,상대보호구역,20221008
경상남도 양산시 물금읍 범어리 2719-3번지,48330,25324,0,2719,0003,1264100110636,,,,3,용도구역코드,UQQ310,제1종지구단위계획구역,0,0,,제1종지구단위계획구역,20221008
경상남도 양산시 물금읍 범어리 2719-4번지,48330,25324,0,2719,0004,1264100093841,,,,1,용도지역코드,UQA121,제1종일반주거지역,1,0,,제1종일반주거지역,20221008
경상남도 양산시 물금읍 범어리 2719-4번지,48330,25324,0,2719,0004,1264100093841,,,,3,용도구역코드,UQQ310,제1종지구단위계획구역,1,0,,제1종지구단위계획구역,20221008
경상남도 양산시 물금읍 범어리 2719-5번지,48330,25324,0,2719,0005,1264100035093,,,,1,용도지역코드,UQA121,제1종일반주거지역,1,0,,제1종일반주거지역,20221008
경상남도 양산시 물금읍 범어리 2719-5번지,48330,25324,0,2719,0005,1264100035093,,,,3,용도구역코드,UQQ310,제1종지구단위계획구역,1,0,,제1종지구단위계획구역,20221008
경상남도 양산시 물금읍 범어리 2719-6번지,48330,25324,0,2719,0006,1264100042263,,,,1,용도지역코드,UQA121,제1종일반주거지역,1,0,,제1종일반주거지역,20221008
경상남도 양산시 물금읍 범어리 2719-6번지,48330,25324,0,2719,0006,1264100042263,,,,3,용도구역코드,UQQ310,제1종지구단위계획구역,1,0,,제1종지구단위계획구역,20221008
경상남도 양산시 물금읍 범어리 2719-6번지,48330,25324,0,2719,0006,1264100042263,,,,3,용도구역코드,UOA120,상대보호구역,0,0,,상대정화구역,20221008
경상남도 양산시 물금읍 범어리 2719-8번지,48330,25324,0,2719,0008,1000000000000000453154,,,,3,용도구역코드,UQQ310,제1종지구단위계획구역,0,0,,제1종지구단위계획구역,20240809
경상남도 양산시 물금읍 범어리 2719-8번지,48330,25324,0,2719,0008,1000000000000000453154,,,,3,용도구역코드,UOA120,상대보호구역,1,0,,상대보호구역,20240809
경상남도 양산시 물금읍 범어리 2719-8번지,48330,25324,0,2719,0008,1000000000000000453154,,,,1,용도지역코드,UQA121,제1종일반주거지역,1,0,,제1종일반주거지역,20240809
경상남도 양산시 물금읍 범어리 2719-9번지,48330,25324,0,2719,0009,1264100029353,,,,1,용도지역코드,UQA121,제1종일반주거지역,1,0,,제1종일반주거지역,20221008
경상남도 양산시 물금읍 범어리 2719-9번지,48330,25324,0,2719,0009,1264100029353,,,,3,용도구역코드,UQQ310,제1종지구단위계획구역,1,0,,제1종지구단위계획구역,20221008
경상남도 양산시 물금읍 범어리 2719-10번지,48330,25324,0,2719,0010,1264100063399,,,,1,용도지역코드,UQA121,제1종일반주거지역,1,0,,제1종일반주거지역,20221008
경상남도 양산시 물금읍 범어리 2719-10번지,48330,25324,0,2719,0010,1264100063399,,,,3,용도구역코드,UQQ310,제1종지구단위계획구역,1,0,,제1종지구단위계획구역,20221008
경상남도 양산시 물금읍 범어리 2719-10번지,48330,25324,0,2719,0010,1264100063399,,,,3,용도구역코드,UOA120,상대보호구역,0,0,,상대정화구역,20221008
경상남도 양산시 물금읍 범어리 2719-11번지,48330,25324,0,2719,0011,1264100049585,,,,1,용도지역코드,UQA121,제1종일반주거지역,1,0,,제1종일반주거지역,20221008
경상남도 양산시 물금읍 범어리 2719-11번지,48330,25324,0,2719,0011,1264100049585,,,,3,용도구역코드,UQQ310,제1종지구단위계획구역,1,0,,제1종지구단위계획구역,20221008
경상남도 양산시 물금읍 범어리 2719-11번지,48330,25324,0,2719,0011,1264100049585,,,,3,용도구역코드,UOA120,상대보호구역,0,0,,상대정화구역,20221008
경상남도 양산시 물금읍 범어리 2719-11번지,48330,25324,0,2719,0011,1264100045366,,,,1,용도지역코드,UQA121,제1종일반주거지역,1,0,,제1종일반주거지역,20221008
경상남도 양산시 물금읍 범어리 2719-11번지,48330,25324,0,2719,0011,1264100045366,,,,3,용도구역코드,UQQ310,제1종지구단위계획구역,1,0,,제1종지구단위계획구역,20221008
경상남도 양산시 물금읍 범어리 2719-11번지,48330,25324,0,2719,0011,1264100045366,,,,3,용도구역코드,UOA120,상대보호구역,0,0,,상대정화구역,20221008
경상남도 양산시 물금읍 범어리 2719-12번지,48330,25324,0,2719,0012,1264100063400,,,,1,용도지역코드,UQA121,제1종일반주거지역,1,0,,제1종일반주거지역,20221008
경상남도 양산시 물금읍 범어리 2719-12번지,48330,25324,0,2719,0012,1264100063400,,,,3,용도구역코드,UQQ310,제1종지구단위계획구역,1,0,,제1종지구단위계획구역,20221008
경상남도 양산시 물금읍 범어리 2719-12번지,48330,25324,0,2719,0012,1264100063400,,,,3,용도구역코드,UOA120,상대보호구역,0,0,,상대정화구역,20221008
경상남도 양산시 물금읍 범어리 2719-13번지,48330,25324,0,2719,0013,1264100016792,,,,1,용도지역코드,1021,제1종일반주거지역,1,0,,제1종일반주거지역,20221008
경상남도 양산시 물금읍 범어리 2719-13번지,48330,25324,0,2719,0013,1264100016792,,,,3,용도구역코드,301,제1종지구단위계획구역,1,0,,제1종지구단위계획구역,20221008
경상남도 양산시 물금읍 범어리 2720-1번지,48330,25324,0,2720,0001,1264100009590,,,,1,용도지역코드,1021,제1종일반주거지역,1,0,,제1종일반주거지역,20221008
경상남도 양산시 물금읍 범어리 2720-1번지,48330,25324,0,2720,0001,1264100009590,,,,3,용도구역코드,301,제1종지구단위계획구역,1,0,,제1종지구단위계획구역,20221008
경상남도 양산시 물금읍 범어리 2720-2번지,48330,25324,0,2720,0002,1264100037592,,,,1,용도지역코드,UQA121,제1종일반주거지역,1,0,,제1종일반주거지역,20221008
경상남도 양산시 물금읍 범어리 2720-2번지,48330,25324,0,2720,0002,1264100037592,,,,3,용도구역코드,UQQ310,제1종지구단위계획구역,1,0,,제1종지구단위계획구역,20221008
경상남도 양산시 물금읍 범어리 2720-3번지,48330,25324,0,2720,0003,1264100044285,,,,3,용도구역코드,UOA120,상대보호구역,0,0,,상대정화구역,20221008
경상남도 양산시 물금읍 범어리 2720-3번지,48330,25324,0,2720,0003,1264100044285,,,,1,용도지역코드,UQA121,제1종일반주거지역,1,0,,제1종일반주거지역,20221008
경상남도 양산시 물금읍 범어리 2720-3번지,48330,25324,0,2720,0003,1264100044285,,,,3,용도구역코드,UQQ310,제1종지구단위계획구역,1,0,,제1종지구단위계획구역,20221008
경상남도 양산시 물금읍 범어리 2720-4번지,48330,25324,0,2720,0004,1264100043706,,,,3,용도구역코드,UQQ310,제1종지구단위계획구역,1,0,,제1종지구단위계획구역,20221008
경상남도 양산시 물금읍 범어리 2720-4번지,48330,25324,0,2720,0004,1264100043706,,,,3,용도구역코드,UOA120,상대보호구역,0,0,,상대정화구역,20221008
경상남도 양산시 물금읍 범어리 2720-4번지,48330,25324,0,2720,0004,1264100043706,,,,1,용도지역코드,UQA121,제1종일반주거지역,1,0,,제1종일반주거지역,20221008
경상남도 양산시 물금읍 범어리 2720-5번지,48330,25324,0,2720,0005,1264100059974,,,,1,용도지역코드,UQA121,제1종일반주거지역,1,0,,제1종일반주거지역,20221008
경상남도 양산시 물금읍 범어리 2720-5번지,48330,25324,0,2720,0005,1264100059974,,,,3,용도구역코드,UQQ310,제1종지구단위계획구역,1,0,,제1종지구단위계획구역,20221008
경상남도 양산시 물금읍 범어리 2720-5번지,48330,25324,0,2720,0005,1264100059974,,,,3,용도구역코드,UOA120,상대보호구역,0,0,,상대정화구역,20221008
경상남도 양산시 물금읍 범어리 2720-6번지,48330,25324,0,2720,0006,1264100035073,,,,1,용도지역코드,UQA121,제1종일반주거지역,1,0,,제1종일반주거지역,20221008
경상남도 양산시 물금읍 범어리 2720-6번지,48330,25324,0,2720,0006,1264100035073,,,,3,용도구역코드,UQQ310,제1종지구단위계획구역,1,0,,제1종지구단위계획구역,20221008
경상남도 양산시 물금읍 범어리 2720-7번지,48330,25324,0,2720,0007,1264100093542,,,,1,용도지역코드,UQA121,제1종일반주거지역,1,0,,제1종일반주거지역,20221008
경상남도 양산시 물금읍 범어리 2720-7번지,48330,25324,0,2720,0007,1264100093542,,,,3,용도구역코드,UQQ310,제1종지구단위계획구역,1,0,,제1종지구단위계획구역,20221008
경상남도 양산시 물금읍 범어리 2720-8번지,48330,25324,0,2720,0008,1264100095546,,,,1,용도지역코드,UQA121,제1종일반주거지역,1,0,,제1종일반주거지역,20221008
경상남도 양산시 물금읍 범어리 2720-8번지,48330,25324,0,2720,0008,1264100095546,,,,3,용도구역코드,UQQ310,제1종지구단위계획구역,1,0,,제1종지구단위계획구역,20221008
경상남도 양산시 물금읍 범어리 2720-8번지,48330,25324,0,2720,0008,1264100095546,,,,3,용도구역코드,UOA120,상대보호구역,0,0,,상대정화구역,20221008
경상남도 양산시 물금읍 범어리 2720-9번지,48330,25324,0,2720,0009,1264100033168,,,,1,용도지역코드,UQA121,제1종일반주거지역,1,0,,제1종일반주거지역,20221008
경상남도 양산시 물금읍 범어리 2720-10번지,48330,25324,0,2720,0010,1264100044525,,,,1,용도지역코드,UQA121,제1종일반주거지역,1,0,,제1종일반주거지역,20221008
경상남도 양산시 물금읍 범어리 2720-10번지,48330,25324,0,2720,0010,1264100044525,,,,3,용도구역코드,UQQ310,제1종지구단위계획구역,1,0,,제1종지구단위계획구역,20221008
경상남도 양산시 물금읍 범어리 2720-11번지,48330,25324,0,2720,0011,1264100032640,,,,1,용도지역코드,UQA121,제1종일반주거지역,1,0,,제1종일반주거지역,20221008
경상남도 양산시 물금읍 범어리 2720-11번지,48330,25324,0,2720,0011,1264100032640,,,,3,용도구역코드,UQQ310,제1종지구단위계획구역,1,0,,제1종지구단위계획구역,20221008
경상남도 양산시 물금읍 범어리 2720-11번지,48330,25324,0,2720,0011,1264100032640,,,,3,용도구역코드,UOA120,상대보호구역,0,0,,상대정화구역,20221008
경상남도 양산시 물금읍 범어리 2720-12번지,48330,25324,0,2720,0012,1264100040062,,,,3,용도구역코드,UOA120,상대보호구역,0,0,,상대정화구역,20221008
경상남도 양산시 물금읍 범어리 2720-12번지,48330,25324,0,2720,0012,1264100040062,,,,1,용도지역코드,UQA121,제1종일반주거지역,1,0,,제1종일반주거지역,20221008
경상남도 양산시 물금읍 범어리 2720-12번지,48330,25324,0,2720,0012,1264100040062,,,,3,용도구역코드,UQQ310,제1종지구단위계획구역,1,0,,제1종지구단위계획구역,20221008
경상남도 양산시 물금읍 범어리 2720-13번지,48330,25324,0,2720,0013,1264100035412,,,,1,용도지역코드,UQA121,제1종일반주거지역,1,0,,제1종일반주거지역,20221008
경상남도 양산시 물금읍 범어리 2720-13번지,48330,25324,0,2720,0013,1264100035412,,,,3,용도구역코드,UQQ310,제1종지구단위계획구역,1,0,,제1종지구단위계획구역,20221008
경상남도 양산시 물금읍 범어리 2720-14번지,48330,25324,0,2720,0014,1264100013212,,,,1,용도지역코드,1021,제1종일반주거지역,1,0,,제1종일반주거지역,20221008
경상남도 양산시 물금읍 범어리 2720-14번지,48330,25324,0,2720,0014,1264100013212,,,,3,용도구역코드,301,제1종지구단위계획구역,1,0,,제1종지구단위계획구역,20221008
경상남도 양산시 물금읍 범어리 2721-1번지,48330,25324,0,2721,0001,1264100038292,,,,1,용도지역코드,UQA121,제1종일반주거지역,1,0,,제1종일반주거지역,20221008
경상남도 양산시 물금읍 범어리 2721-1번지,48330,25324,0,2721,0001,1264100038292,,,,3,용도구역코드,UQQ310,제1종지구단위계획구역,1,0,,제1종지구단위계획구역,20221008
경상남도 양산시 물금읍 범어리 2721-1번지,48330,25324,0,2721,0001,1264100033566,,,,1,용도지역코드,UQA121,제1종일반주거지역,1,0,,제1종일반주거지역,20221008
경상남도 양산시 물금읍 범어리 2721-1번지,48330,25324,0,2721,0001,1264100033566,,,,3,용도구역코드,UQQ310,제1종지구단위계획구역,1,0,,제1종지구단위계획구역,20221008
경상남도 양산시 물금읍 범어리 2721-2번지,48330,25324,0,2721,0002,1264100080840,,,,1,용도지역코드,UQA121,제1종일반주거지역,1,0,,제1종일반주거지역,20221008
경상남도 양산시 물금읍 범어리 2721-2번지,48330,25324,0,2721,0002,1264100080840,,,,3,용도구역코드,UQQ310,제1종지구단위계획구역,1,0,,제1종지구단위계획구역,20221008
경상남도 양산시 물금읍 범어리 2721-2번지,48330,25324,0,2721,0002,1264100072919,,,,1,용도지역코드,UQA121,제1종일반주거지역,1,0,,제1종일반주거지역,20221008
경상남도 양산시 물금읍 범어리 2721-2번지,48330,25324,0,2721,0002,1264100072919,,,,3,용도구역코드,UQQ310,제1종지구단위계획구역,1,0,,제1종지구단위계획구역,20221008
경상남도 양산시 물금읍 범어리 2721-5번지,48330,25324,0,2721,0005,1264100069640,,,,1,용도지역코드,UQA121,제1종일반주거지역,1,0,,제1종일반주거지역,20221008
경상남도 양산시 물금읍 범어리 2721-5번지,48330,25324,0,2721,0005,1264100069640,,,,3,용도구역코드,UQQ310,제1종지구단위계획구역,1,0,,제1종지구단위계획구역,20221008
경상남도 양산시 물금읍 범어리 2721-6번지,48330,25324,0,2721,0006,1264100028072,,,,1,용도지역코드,UQA121,제1종일반주거지역,1,0,,제1종일반주거지역,20221008
경상남도 양산시 물금읍 범어리 2721-6번지,48330,25324,0,2721,0006,1264100028072,,,,3,용도구역코드,UQQ310,제1종지구단위계획구역,1,0,,제1종지구단위계획구역,20221008
경상남도 양산시 물금읍 범어리 2721-7번지,48330,25324,0,2721,0007,1264100032826,,,,1,용도지역코드,UQA121,제1종일반주거지역,1,0,,제1종일반주거지역,20221008
경상남도 양산시 물금읍 범어리 2721-7번지,48330,25324,0,2721,0007,1264100032826,,,,3,용도구역코드,UQQ310,제1종지구단위계획구역,1,0,,제1종지구단위계획구역,20221008
경상남도 양산시 물금읍 범어리 2721-8번지,48330,25324,0,2721,0008,1264100129943,,,,1,용도지역코드,UQA121,제1종일반주거지역,1,0,,제1종일반주거지역,20221008
경상남도 양산시 물금읍 범어리 2721-8번지,48330,25324,0,2721,0008,1264100129943,,,,3,용도구역코드,UQQ310,제1종지구단위계획구역,1,0,,제1종지구단위계획구역,20221008
경상남도 양산시 물금읍 범어리 2721-9번지,48330,25324,0,2721,0009,1264100080880,,,,1,용도지역코드,UQA121,제1종일반주거지역,1,0,,제1종일반주거지역,20221008
경상남도 양산시 물금읍 범어리 2721-9번지,48330,25324,0,2721,0009,1264100080880,,,,3,용도구역코드,UQQ310,제1종지구단위계획구역,1,0,,제1종지구단위계획구역,20221008
경상남도 양산시 물금읍 범어리 2721-9번지,48330,25324,0,2721,0009,1264100096210,,,,1,용도지역코드,UQA121,제1종일반주거지역,1,0,,제1종일반주거지역,20221008
경상남도 양산시 물금읍 범어리 2721-9번지,48330,25324,0,2721,0009,1264100096210,,,,3,용도구역코드,UQQ310,제1종지구단위계획구역,1,0,,제1종지구단위계획구역,20221008
경상남도 양산시 물금읍 범어리 2721-10번지,48330,25324,0,2721,0010,1264100095649,,,,1,용도지역코드,UQA121,제1종일반주거지역,1,0,,제1종일반주거지역,20221008
경상남도 양산시 물금읍 범어리 2721-10번지,48330,25324,0,2721,0010,1264100095649,,,,3,용도구역코드,UQQ310,제1종지구단위계획구역,1,0,,제1종지구단위계획구역,20221008
경상남도 양산시 물금읍 범어리 2721-10번지,48330,25324,0,2721,0010,1264100104175,,,,1,용도지역코드,UQA121,제1종일반주거지역,1,0,,제1종일반주거지역,20221008
경상남도 양산시 물금읍 범어리 2721-10번지,48330,25324,0,2721,0010,1264100104175,,,,3,용도구역코드,UQQ310,제1종지구단위계획구역,1,0,,제1종지구단위계획구역,20221008
경상남도 양산시 물금읍 범어리 2721-11번지,48330,25324,0,2721,0011,1264100064739,,,,1,용도지역코드,UQA121,제1종일반주거지역,1,0,,제1종일반주거지역,20221008
경상남도 양산시 물금읍 범어리 2721-11번지,48330,25324,0,2721,0011,1264100064739,,,,3,용도구역코드,UQQ310,제1종지구단위계획구역,1,0,,제1종지구단위계획구역,20221008
경상남도 양산시 물금읍 범어리 2721-11번지,48330,25324,0,2721,0011,1264100072222,,,,1,용도지역코드,UQA121,제1종일반주거지역,1,0,,제1종일반주거지역,20221008
경상남도 양산시 물금읍 범어리 2721-11번지,48330,25324,0,2721,0011,1264100072222,,,,3,용도구역코드,UQQ310,제1종지구단위계획구역,1,0,,제1종지구단위계획구역,20221008
경상남도 양산시 물금읍 범어리 2722-1번지,48330,25324,0,2722,0001,1264100063742,,,,1,용도지역코드,UQA121,제1종일반주거지역,1,0,,제1종일반주거지역,20221008
경상남도 양산시 물금읍 범어리 2722-1번지,48330,25324,0,2722,0001,1264100063742,,,,3,용도구역코드,UQQ310,제1종지구단위계획구역,1,0,,제1종지구단위계획구역,20221008
경상남도 양산시 물금읍 범어리 2722-2번지,48330,25324,0,2722,0002,1264100016791,,,,1,용도지역코드,1021,제1종일반주거지역,1,0,,제1종일반주거지역,20221008
경상남도 양산시 물금읍 범어리 2722-2번지,48330,25324,0,2722,0002,1264100016791,,,,3,용도구역코드,301,제1종지구단위계획구역,1,0,,제1종지구단위계획구역,20221008
경상남도 양산시 물금읍 범어리 2722-3번지,48330,25324,0,2722,0003,1264100063401,,,,1,용도지역코드,UQA121,제1종일반주거지역,1,0,,제1종일반주거지역,20221008
경상남도 양산시 물금읍 범어리 2722-3번지,48330,25324,0,2722,0003,1264100063401,,,,3,용도구역코드,UQQ310,제1종지구단위계획구역,1,0,,제1종지구단위계획구역,20221008
경상남도 양산시 물금읍 범어리 2722-5번지,48330,25324,0,2722,0005,1000000000000000619731,,,,3,용도구역코드,UQQ310,제1종지구단위계획구역,0,0,,제1종지구단위계획구역,20250617
경상남도 양산시 물금읍 범어리 2722-5번지,48330,25324,0,2722,0005,1000000000000000619731,,,,3,용도구역코드,UOA120,상대보호구역,0,0,,상대보호구역,20250617
경상남도 양산시 물금읍 범어리 2722-5번지,48330,25324,0,2722,0005,1000000000000000619731,,,,1,용도지역코드,UQA121,제1종일반주거지역,1,0,,제1종일반주거지역,20250617
경상남도 양산시 물금읍 범어리 2722-5번지,48330,25324,0,2722,0005,1000000000000000619731,,,,3,용도구역코드,UMZ100,가축사육제한구역,1,0,,가축사육제한구역,20250617
경상남도 양산시 물금읍 범어리 2722-6번지,48330,25324,0,2722,0006,1264100051094,,,,1,용도지역코드,UQA121,제1종일반주거지역,1,0,,제1종일반주거지역,20221008
경상남도 양산시 물금읍 범어리 2722-6번지,48330,25324,0,2722,0006,1264100051094,,,,3,용도구역코드,UQQ310,제1종지구단위계획구역,1,0,,제1종지구단위계획구역,20221008
경상남도 양산시 물금읍 범어리 2722-9번지,48330,25324,0,2722,0009,1264100080239,,,,1,용도지역코드,UQA121,제1종일반주거지역,1,0,,제1종일반주거지역,20221008
경상남도 양산시 물금읍 범어리 2722-9번지,48330,25324,0,2722,0009,1264100080239,,,,3,용도구역코드,UQQ310,제1종지구단위계획구역,1,0,,제1종지구단위계획구역,20221008
경상남도 양산시 물금읍 범어리 2722-10번지,48330,25324,0,2722,0010,1000000000000000619030,,,,3,용도구역코드,UOA120,상대보호구역,0,0,,상대보호구역,20250616
경상남도 양산시 물금읍 범어리 2722-10번지,48330,25324,0,2722,0010,1000000000000000619030,,,,3,용도구역코드,UMZ100,가축사육제한구역,0,0,,가축사육제한구역,20250616
경상남도 양산시 물금읍 범어리 2722-10번지,48330,25324,0,2722,0010,1000000000000000619030,,,,1,용도지역코드,UQA121,제1종일반주거지역,1,0,,제1종일반주거지역,20250616
경상남도 양산시 물금읍 범어리 2722-10번지,48330,25324,0,2722,0010,1000000000000000619030,,,,3,용도구역코드,UQQ310,제1종지구단위계획구역,1,0,,제1종지구단위계획구역,20250616
경상남도 양산시 물금읍 범어리 2723-1번지,48330,25324,0,2723,0001,1264100014395,,,,1,용도지역코드,1021,제1종일반주거지역,1,0,,제1종일반주거지역,20221008
경상남도 양산시 물금읍 범어리 2723-1번지,48330,25324,0,2723,0001,1264100014395,,,,3,용도구역코드,301,제1종지구단위계획구역,1,0,,제1종지구단위계획구역,20221008
경상남도 양산시 물금읍 범어리 2723-2번지,48330,25324,0,2723,0002,1264100067339,,,,1,용도지역코드,UQA121,제1종일반주거지역,1,0,,제1종일반주거지역,20221008
경상남도 양산시 물금읍 범어리 2723-2번지,48330,25324,0,2723,0002,1264100067339,,,,3,용도구역코드,UQQ310,제1종지구단위계획구역,1,0,,제1종지구단위계획구역,20221008
경상남도 양산시 물금읍 범어리 2723-2번지,48330,25324,0,2723,0002,1264100067339,,,,3,용도구역코드,UOA120,상대보호구역,0,0,,상대정화구역,20221008
경상남도 양산시 물금읍 범어리 2723-3번지,48330,25324,0,2723,0003,1264100069860,,,,1,용도지역코드,UQA121,제1종일반주거지역,1,0,,제1종일반주거지역,20221008
경상남도 양산시 물금읍 범어리 2723-3번지,48330,25324,0,2723,0003,1264100069860,,,,3,용도구역코드,UQQ310,제1종지구단위계획구역,1,0,,제1종지구단위계획구역,20221008
경상남도 양산시 물금읍 범어리 2723-3번지,48330,25324,0,2723,0003,1264100059975,,,,1,용도지역코드,UQA121,제1종일반주거지역,1,0,,제1종일반주거지역,20221008
경상남도 양산시 물금읍 범어리 2723-3번지,48330,25324,0,2723,0003,1264100059975,,,,3,용도구역코드,UQQ310,제1종지구단위계획구역,1,0,,제1종지구단위계획구역,20221008
경상남도 양산시 물금읍 범어리 2723-5번지,48330,25324,0,2723,0005,1000000000000000520392,,,,3,용도구역코드,UOA120,상대보호구역,1,0,,상대보호구역,20241230
경상남도 양산시 물금읍 범어리 2723-5번지,48330,25324,0,2723,0005,1000000000000000520392,,,,1,용도지역코드,UQA121,제1종일반주거지역,1,0,,제1종일반주거지역,20241230
경상남도 양산시 물금읍 범어리 2723-5번지,48330,25324,0,2723,0005,1000000000000000520392,,,,3,용도구역코드,UQQ310,제1종지구단위계획구역,0,0,,제1종지구단위계획구역,20241230
경상남도 양산시 물금읍 범어리 2723-6번지,48330,25324,0,2723,0006,1264100029829,,,,1,용도지역코드,UQA121,제1종일반주거지역,1,0,,제1종일반주거지역,20221008
경상남도 양산시 물금읍 범어리 2723-6번지,48330,25324,0,2723,0006,1264100029829,,,,3,용도구역코드,UQQ310,제1종지구단위계획구역,1,0,,제1종지구단위계획구역,20221008
경상남도 양산시 물금읍 범어리 2723-6번지,48330,25324,0,2723,0006,1264100029829,,,,3,용도구역코드,UOA120,상대보호구역,0,0,,상대정화구역,20221008
경상남도 양산시 물금읍 범어리 2723-7번지,48330,25324,0,2723,0007,1264100116000,,,,1,용도지역코드,UQA121,제1종일반주거지역,1,0,,제1종일반주거지역,20221008
경상남도 양산시 물금읍 범어리 2723-7번지,48330,25324,0,2723,0007,1264100116000,,,,3,용도구역코드,UQQ310,제1종지구단위계획구역,1,0,,제1종지구단위계획구역,20221008
경상남도 양산시 물금읍 범어리 2723-7번지,48330,25324,0,2723,0007,1264100116000,,,,3,용도구역코드,UMZ100,가축사육제한구역,0,0,,가축사육제한구역,20221008
경상남도 양산시 물금읍 범어리 2723-8번지,48330,25324,0,2723,0008,1264100058059,,,,1,용도지역코드,UQA121,제1종일반주거지역,1,0,,제1종일반주거지역,20221008
경상남도 양산시 물금읍 범어리 2723-8번지,48330,25324,0,2723,0008,1264100058059,,,,3,용도구역코드,UQQ310,제1종지구단위계획구역,1,0,,제1종지구단위계획구역,20221008
경상남도 양산시 물금읍 범어리 2723-10번지,48330,25324,0,2723,0010,1264100039797,,,,1,용도지역코드,UQA121,제1종일반주거지역,1,0,,제1종일반주거지역,20221008
경상남도 양산시 물금읍 범어리 2723-10번지,48330,25324,0,2723,0010,1264100039797,,,,3,용도구역코드,UQQ310,제1종지구단위계획구역,1,0,,제1종지구단위계획구역,20221008
경상남도 양산시 물금읍 범어리 2723-11번지,48330,25324,0,2723,0011,1264100037573,,,,1,용도지역코드,UQA121,제1종일반주거지역,1,0,,제1종일반주거지역,20221008
경상남도 양산시 물금읍 범어리 2723-11번지,48330,25324,0,2723,0011,1264100037573,,,,3,용도구역코드,UQQ310,제1종지구단위계획구역,1,0,,제1종지구단위계획구역,20221008
경상남도 양산시 물금읍 범어리 2724-1번지,48330,25324,0,2724,0001,1264100015557,,,,1,용도지역코드,1021,제1종일반주거지역,1,0,,제1종일반주거지역,20221008
경상남도 양산시 물금읍 범어리 2724-1번지,48330,25324,0,2724,0001,1264100015557,,,,3,용도구역코드,301,제1종지구단위계획구역,1,0,,제1종지구단위계획구역,20221008
경상남도 양산시 물금읍 범어리 2724-1번지,48330,25324,0,2724,0001,1264100015557,,,,3,용도구역코드,272,상대정화구역,0,0,,상대정화구역,20221008
경상남도 양산시 물금읍 범어리 2724-2번지,48330,25324,0,2724,0002,1264100055849,,,,1,용도지역코드,UQA121,제1종일반주거지역,1,0,,제1종일반주거지역,20221008
경상남도 양산시 물금읍 범어리 2724-2번지,48330,25324,0,2724,0002,1264100055849,,,,3,용도구역코드,UQQ310,제1종지구단위계획구역,1,0,,제1종지구단위계획구역,20221008
경상남도 양산시 물금읍 범어리 2724-2번지,48330,25324,0,2724,0002,1264100055849,,,,3,용도구역코드,UOA120,상대보호구역,0,0,,상대정화구역,20221008
경상남도 양산시 물금읍 범어리 2724-3번지,48330,25324,0,2724,0003,1264100005126,,,,1,용도지역코드,1021,제1종일반주거지역,1,0,,제1종일반주거지역,20221008
경상남도 양산시 물금읍 범어리 2724-3번지,48330,25324,0,2724,0003,1264100005126,,,,3,용도구역코드,301,제1종지구단위계획구역,1,0,,제1종지구단위계획구역,20221008
경상남도 양산시 물금읍 범어리 2724-6번지,48330,25324,0,2724,0006,1264100083661,,,,1,용도지역코드,UQA121,제1종일반주거지역,1,0,,제1종일반주거지역,20221008
경상남도 양산시 물금읍 범어리 2724-6번지,48330,25324,0,2724,0006,1264100083661,,,,3,용도구역코드,UQQ310,제1종지구단위계획구역,1,0,,제1종지구단위계획구역,20221008
경상남도 양산시 물금읍 범어리 2724-6번지,48330,25324,0,2724,0006,1264100083661,,,,3,용도구역코드,UOA120,상대보호구역,0,0,,상대정화구역,20221008
경상남도 양산시 물금읍 범어리 2724-7번지,48330,25324,0,2724,0007,1264100028592,,,,1,용도지역코드,UQA121,제1종일반주거지역,1,0,,제1종일반주거지역,20221008
경상남도 양산시 물금읍 범어리 2724-7번지,48330,25324,0,2724,0007,1264100028592,,,,3,용도구역코드,UQQ310,제1종지구단위계획구역,1,0,,제1종지구단위계획구역,20221008
경상남도 양산시 물금읍 범어리 2724-8번지,48330,25324,0,2724,0008,1264100026210,,,,1,용도지역코드,UQA121,제1종일반주거지역,1,0,,제1종일반주거지역,20221008
경상남도 양산시 물금읍 범어리 2724-8번지,48330,25324,0,2724,0008,1264100026210,,,,3,용도구역코드,UQQ310,제1종지구단위계획구역,1,0,,제1종지구단위계획구역,20221008
경상남도 양산시 물금읍 범어리 2724-9번지,48330,25324,0,2724,0009,1264100090381,,,,1,용도지역코드,UQA121,제1종일반주거지역,1,0,,제1종일반주거지역,20221008
경상남도 양산시 물금읍 범어리 2724-9번지,48330,25324,0,2724,0009,1264100090381,,,,3,용도구역코드,UQQ310,제1종지구단위계획구역,1,0,,제1종지구단위계획구역,20221008
경상남도 양산시 물금읍 범어리 2724-10번지,48330,25324,0,2724,0010,1264100057409,,,,1,용도지역코드,UQA121,제1종일반주거지역,1,0,,제1종일반주거지역,20221008
경상남도 양산시 물금읍 범어리 2724-10번지,48330,25324,0,2724,0010,1264100057409,,,,3,용도구역코드,UQQ310,제1종지구단위계획구역,1,0,,제1종지구단위계획구역,20221008
경상남도 양산시 물금읍 범어리 2724-10번지,48330,25324,0,2724,0010,1264100057409,,,,3,용도구역코드,UOA120,상대보호구역,0,0,,상대정화구역,20221008
경상남도 양산시 물금읍 범어리 2724-11번지,48330,25324,0,2724,0011,1264100043828,,,,1,용도지역코드,UQA121,제1종일반주거지역,1,0,,제1종일반주거지역,20221008
경상남도 양산시 물금읍 범어리 2724-11번지,48330,25324,0,2724,0011,1264100043828,,,,3,용도구역코드,UQQ310,제1종지구단위계획구역,1,0,,제1종지구단위계획구역,20221008
경상남도 양산시 물금읍 범어리 2724-11번지,48330,25324,0,2724,0011,1264100043828,,,,3,용도구역코드,UOA120,상대보호구역,0,0,,상대정화구역,20221008
경상남도 양산시 물금읍 범어리 2725-1번지,48330,25324,0,2725,0001,1264100026771,,,,1,용도지역코드,UQA121,제1종일반주거지역,1,0,,제1종일반주거지역,20221008
경상남도 양산시 물금읍 범어리 2725-1번지,48330,25324,0,2725,0001,1264100026771,,,,3,용도구역코드,UQQ310,제1종지구단위계획구역,1,0,,제1종지구단위계획구역,20221008
경상남도 양산시 물금읍 범어리 2725-1번지,48330,25324,0,2725,0001,1264100031239,,,,1,용도지역코드,UQA121,제1종일반주거지역,1,0,,제1종일반주거지역,20221008
경상남도 양산시 물금읍 범어리 2725-1번지,48330,25324,0,2725,0001,1264100031239,,,,3,용도구역코드,UQQ310,제1종지구단위계획구역,1,0,,제1종지구단위계획구역,20221008
경상남도 양산시 물금읍 범어리 2725-1번지,48330,25324,0,2725,0001,1264100013974,,,,1,용도지역코드,1021,제1종일반주거지역,1,0,,제1종일반주거지역,20221008
경상남도 양산시 물금읍 범어리 2725-1번지,48330,25324,0,2725,0001,1264100013974,,,,3,용도구역코드,301,제1종지구단위계획구역,1,0,,제1종지구단위계획구역,20221008
경상남도 양산시 물금읍 범어리 2725-5번지,48330,25324,0,2725,0005,1264100099813,,,,1,용도지역코드,UQA121,제1종일반주거지역,1,0,,제1종일반주거지역,20221008
경상남도 양산시 물금읍 범어리 2725-5번지,48330,25324,0,2725,0005,1264100099813,,,,3,용도구역코드,UQQ310,제1종지구단위계획구역,1,0,,제1종지구단위계획구역,20221008
경상남도 양산시 물금읍 범어리 2725-5번지,48330,25324,0,2725,0005,1264100091962,,,,1,용도지역코드,UQA121,제1종일반주거지역,1,0,,제1종일반주거지역,20221008
경상남도 양산시 물금읍 범어리 2725-5번지,48330,25324,0,2725,0005,1264100091962,,,,3,용도구역코드,UQQ310,제1종지구단위계획구역,1,0,,제1종지구단위계획구역,20221008
경상남도 양산시 물금읍 범어리 2725-6번지,48330,25324,0,2725,0006,1264100108538,,,,1,용도지역코드,UQA121,제1종일반주거지역,1,0,,제1종일반주거지역,20221008
경상남도 양산시 물금읍 범어리 2725-6번지,48330,25324,0,2725,0006,1264100108538,,,,3,용도구역코드,UQQ310,제1종지구단위계획구역,1,0,,제1종지구단위계획구역,20221008
경상남도 양산시 물금읍 범어리 2725-9번지,48330,25324,0,2725,0009,1264100152932,,,,1,용도지역코드,UQA121,제1종일반주거지역,1,0,,제1종일반주거지역,20221008
경상남도 양산시 물금읍 범어리 2725-9번지,48330,25324,0,2725,0009,1264100152932,,,,3,용도구역코드,UOA120,상대보호구역,1,0,,상대보호구역,20221008
경상남도 양산시 물금읍 범어리 2725-9번지,48330,25324,0,2725,0009,1264100152932,,,,3,용도구역코드,UQQ310,제1종지구단위계획구역,0,0,,제1종지구단위계획구역,20221008
경상남도 양산시 물금읍 범어리 2725-10번지,48330,25324,0,2725,0010,1264100034006,,,,1,용도지역코드,UQA121,제1종일반주거지역,1,0,,제1종일반주거지역,20221008
경상남도 양산시 물금읍 범어리 2725-10번지,48330,25324,0,2725,0010,1264100034006,,,,3,용도구역코드,UQQ310,제1종지구단위계획구역,1,0,,제1종지구단위계획구역,20221008
경상남도 양산시 물금읍 범어리 2725-12번지,48330,25324,0,2725,0012,1264100099933,,,,1,용도지역코드,UQA121,제1종일반주거지역,1,0,,제1종일반주거지역,20221008
경상남도 양산시 물금읍 범어리 2725-12번지,48330,25324,0,2725,0012,1264100099933,,,,3,용도구역코드,UQQ310,제1종지구단위계획구역,1,0,,제1종지구단위계획구역,20221008
경상남도 양산시 물금읍 범어리 2725-13번지,48330,25324,0,2725,0013,1264100079281,,,,1,용도지역코드,UQA121,제1종일반주거지역,1,0,,제1종일반주거지역,20221008
경상남도 양산시 물금읍 범어리 2725-13번지,48330,25324,0,2725,0013,1264100079281,,,,3,용도구역코드,UQQ310,제1종지구단위계획구역,1,0,,제1종지구단위계획구역,20221008
경상남도 양산시 물금읍 범어리 2725-14번지,48330,25324,0,2725,0014,1264100081585,,,,3,용도구역코드,UOA120,상대보호구역,0,0,,상대정화구역,20221008
경상남도 양산시 물금읍 범어리 2725-14번지,48330,25324,0,2725,0014,1264100081585,,,,3,용도구역코드,UOA110,절대정화구역,0,0,,절대정화구역,20221008
경상남도 양산시 물금읍 범어리 2725-14번지,48330,25324,0,2725,0014,1264100091111,,,,3,용도구역코드,UQQ310,제1종지구단위계획구역,1,0,,제1종지구단위계획구역,20221008
경상남도 양산시 물금읍 범어리 2725-14번지,48330,25324,0,2725,0014,1264100091111,,,,1,용도지역코드,UQA121,제1종일반주거지역,1,0,,제1종일반주거지역,20221008
경상남도 양산시 물금읍 범어리 2725-14번지,48330,25324,0,2725,0014,1264100081585,,,,1,용도지역코드,UQA121,제1종일반주거지역,1,0,,제1종일반주거지역,20221008
경상남도 양산시 물금읍 범어리 2725-14번지,48330,25324,0,2725,0014,1264100081585,,,,3,용도구역코드,UQQ310,제1종지구단위계획구역,1,0,,제1종지구단위계획구역,20221008
경상남도 양산시 물금읍 범어리 2762-1번지,48330,25324,0,2762,0001,1000000000000000878059,,,,3,용도구역코드,UOA120,상대보호구역,1,0,,상대보호구역,20260121
경상남도 양산시 물금읍 범어리 2762-1번지,48330,25324,0,2762,0001,1000000000000000878059,,,,1,용도지역코드,UQA122,제2종일반주거지역,1,0,,제2종일반주거지역,20260121
경상남도 양산시 물금읍 범어리 2762-1번지,48330,25324,0,2762,0001,1000000000000000878059,,,,3,용도구역코드,UQQ310,제1종지구단위계획구역,0,0,,제1종지구단위계획구역,20260121
경상남도 양산시 물금읍 범어리 2762-1번지,48330,25324,0,2762,0001,1000000000000000928698,,,,3,용도구역코드,UOA120,상대보호구역,1,0,,상대보호구역,20260417
경상남도 양산시 물금읍 범어리 2762-1번지,48330,25324,0,2762,0001,1000000000000000928698,,,,3,용도구역코드,UMZ100,가축사육제한구역,0,0,,가축사육제한구역,20260417
경상남도 양산시 물금읍 범어리 2762-1번지,48330,25324,0,2762,0001,1000000000000000928698,,,,1,용도지역코드,UQA122,제2종일반주거지역,1,0,,제2종일반주거지역,20260417
경상남도 양산시 물금읍 범어리 2762-1번지,48330,25324,0,2762,0001,1000000000000000997821,,,,1,용도지역코드,UQA122,제2종일반주거지역,1,0,,제2종일반주거지역,20260721
경상남도 양산시 물금읍 범어리 2762-1번지,48330,25324,0,2762,0001,1000000000000000997821,,,,3,용도구역코드,UQQ310,제1종지구단위계획구역,1,0,,제1종지구단위계획구역,20260721
경상남도 양산시 물금읍 범어리 2762-1번지,48330,25324,0,2762,0001,1000000000000001003898,,,,1,용도지역코드,UQA122,제2종일반주거지역,1,0,,제2종일반주거지역,20260813
경상남도 양산시 물금읍 범어리 2762-1번지,48330,25324,0,2762,0001,1000000000000001003898,,,,3,용도구역코드,UOA120,상대보호구역,0,0,,상대보호구역,20260813
경상남도 양산시 물금읍 범어리 2762-1번지,48330,25324,0,2762,0001,1000000000000001003898,,,,3,용도구역코드,UQQ310,제1종지구단위계획구역,1,0,,제1종지구단위계획구역,20260813
경상남도 양산시 물금읍 범어리 2762-1번지,48330,25324,0,2762,0001,1000000000000001021144,,,,1,용도지역코드,UQA122,제2종일반주거지역,1,0,,제2종일반주거지역,20260828
경상남도 양산시 물금읍 범어리 2762-1번지,48330,25324,0,2762,0001,1000000000000001021144,,,,3,용도구역코드,UQQ310,제1종지구단위계획구역,1,0,,제1종지구단위계획구역,20260828
경상남도 양산시 물금읍 범어리 2762-1번지,48330,25324,0,2762,0001,1000000000000000896088,,,,3,용도구역코드,UOA120,상대보호구역,0,0,,상대보호구역,20260413
경상남도 양산시 물금읍 범어리 2762-1번지,48330,25324,0,2762,0001,1000000000000000896088,,,,1,용도지역코드,UQA122,제2종일반주거지역,1,0,,제2종일반주거지역,20260413
경상남도 양산시 물금읍 범어리 2762-1번지,48330,25324,0,2762,0001,1000000000000000896088,,,,3,용도구역코드,UQQ310,제1종지구단위계획구역,1,0,,제1종지구단위계획구역,20260413
경상남도 양산시 물금읍 범어리 2762-1번지,48330,25324,0,2762,0001,1000000000000000962201,,,,3,용도구역코드,UOA120,상대보호구역,1,0,,상대보호구역,20260604
경상남도 양산시 물금읍 범어리 2762-1번지,48330,25324,0,2762,0001,1000000000000000962201,,,,1,용도지역코드,UQA122,제2종일반주거지역,1,0,,제2종일반주거지역,20260604
경상남도 양산시 물금읍 범어리 2762-1번지,48330,25324,0,2762,0001,1000000000000000962201,,,,3,용도구역코드,UQQ310,제1종지구단위계획구역,0,0,,제1종지구단위계획구역,20260604
경상남도 양산시 물금읍 범어리 2762-1번지,48330,25324,0,2762,0001,1000000000000000891427,,,,1,용도지역코드,UQA122,제2종일반주거지역,1,0,,제2종일반주거지역,20260220
경상남도 양산시 물금읍 범어리 2762-1번지,48330,25324,0,2762,0001,1000000000000000891427,,,,3,용도구역코드,UQQ310,제1종지구단위계획구역,0,0,,제1종지구단위계획구역,20260220
경상남도 양산시 물금읍 범어리 2762-1번지,48330,25324,0,2762,0001,1000000000000000891427,,,,3,용도구역코드,UOA120,상대보호구역,1,0,,상대보호구역,20260220
경상남도 양산시 물금읍 범어리 2762-1번지,48330,25324,0,2762,0001,1000000000000000823501,,,,1,용도지역코드,UQA122,제2종일반주거지역,1,0,,제2종일반주거지역,20260224
경상남도 양산시 물금읍 범어리 2762-1번지,48330,25324,0,2762,0001,1000000000000000417074,,,,1,용도지역코드,UQA122,제2종일반주거지역,1,0,,제2종일반주거지역,20251127
경상남도 양산시 물금읍 범어리 2762-1번지,48330,25324,0,2762,0001,1000000000000000738205,,,,3,용도구역코드,UOA120,상대보호구역,1,0,,상대보호구역,20251127
경상남도 양산시 물금읍 범어리 2762-1번지,48330,25324,0,2762,0001,1000000000000000738205,,,,3,용도구역코드,UQQ310,제1종지구단위계획구역,0,0,,제1종지구단위계획구역,20251127
경상남도 양산시 물금읍 범어리 2762-1번지,48330,25324,0,2762,0001,1000000000000000738205,,,,1,용도지역코드,UQA122,제2종일반주거지역,1,0,,제2종일반주거지역,20251127
경상남도 양산시 물금읍 범어리 2762-1번지,48330,25324,0,2762,0001,1000000000000000417074,,,,3,용도구역코드,UOA120,상대보호구역,1,0,,상대보호구역,20251127
경상남도 양산시 물금읍 범어리 2762-1번지,48330,25324,0,2762,0001,1000000000000000417074,,,,3,용도구역코드,UQQ310,제1종지구단위계획구역,0,0,,제1종지구단위계획구역,20251127
경상남도 양산시 물금읍 범어리 2762-1번지,48330,25324,0,2762,0001,1000000000000000880701,,,,1,용도지역코드,UQA122,제2종일반주거지역,1,0,,제2종일반주거지역,20260127
경상남도 양산시 물금읍 범어리 2762-1번지,48330,25324,0,2762,0001,1000000000000000880701,,,,3,용도구역코드,UQQ310,제1종지구단위계획구역,0,0,,제1종지구단위계획구역,20260127
경상남도 양산시 물금읍 범어리 2762-1번지,48330,25324,0,2762,0001,1000000000000000880701,,,,3,용도구역코드,UOA120,상대보호구역,1,0,,상대보호구역,20260127
경상남도 양산시 물금읍 범어리 2762-1번지,48330,25324,0,2762,0001,1000000000000000801306,,,,3,용도구역코드,UOA120,상대보호구역,1,0,,상대보호구역,20250910
경상남도 양산시 물금읍 범어리 2762-1번지,48330,25324,0,2762,0001,1000000000000000801583,,,,1,용도지역코드,UQA122,제2종일반주거지역,1,0,,제2종일반주거지역,20250910
경상남도 양산시 물금읍 범어리 2762-1번지,48330,25324,0,2762,0001,1000000000000000801306,,,,1,용도지역코드,UQA122,제2종일반주거지역,1,0,,제2종일반주거지역,20250910
경상남도 양산시 물금읍 범어리 2762-1번지,48330,25324,0,2762,0001,1000000000000000801306,,,,3,용도구역코드,UQQ310,제1종지구단위계획구역,0,0,,제1종지구단위계획구역,20250910
경상남도 양산시 물금읍 범어리 2762-1번지,48330,25324,0,2762,0001,1000000000000000758601,,,,3,용도구역코드,UMZ100,가축사육제한구역,0,0,,가축사육제한구역,20250923
경상남도 양산시 물금읍 범어리 2762-1번지,48330,25324,0,2762,0001,1000000000000000758601,,,,3,용도구역코드,UQQ310,제1종지구단위계획구역,0,0,,제1종지구단위계획구역,20250923
경상남도 양산시 물금읍 범어리 2762-1번지,48330,25324,0,2762,0001,1000000000000000758601,,,,3,용도구역코드,UOA120,상대보호구역,1,0,,상대보호구역,20250923
경상남도 양산시 물금읍 범어리 2762-1번지,48330,25324,0,2762,0001,1000000000000000758601,,,,1,용도지역코드,UQA122,제2종일반주거지역,1,0,,제2종일반주거지역,20250923
경상남도 양산시 물금읍 범어리 2762-1번지,48330,25324,0,2762,0001,1000000000000000818010,,,,1,용도지역코드,UQA122,제2종일반주거지역,1,0,,제2종일반주거지역,20251002
경상남도 양산시 물금읍 범어리 2762-1번지,48330,25324,0,2762,0001,1000000000000000469765,,,,3,용도구역코드,UOA120,상대보호구역,0,0,,상대보호구역,20250124
경상남도 양산시 물금읍 범어리 2762-1번지,48330,25324,0,2762,0001,1000000000000000469765,,,,1,용도지역코드,UQA122,제2종일반주거지역,1,0,,제2종일반주거지역,20250124
경상남도 양산시 물금읍 범어리 2762-1번지,48330,25324,0,2762,0001,1000000000000000469765,,,,3,용도구역코드,UQQ310,제1종지구단위계획구역,1,0,,제1종지구단위계획구역,20250124
경상남도 양산시 물금읍 범어리 2762-1번지,48330,25324,0,2762,0001,1264100143125,,,,1,용도지역코드,UQA122,제2종일반주거지역,1,0,,제2종일반주거지역,20231115
경상남도 양산시 물금읍 범어리 2762-1번지,48330,25324,0,2762,0001,1264100143125,,,,3,용도구역코드,UQQ310,제1종지구단위계획구역,0,0,,제1종지구단위계획구역,20231115
경상남도 양산시 물금읍 범어리 2762-1번지,48330,25324,0,2762,0001,1264100143125,,,,3,용도구역코드,UOA120,상대보호구역,1,0,,상대보호구역,20231115
경상남도 양산시 물금읍 범어리 2762-1번지,48330,25324,0,2762,0001,1000000000000000076199,,,,1,용도지역코드,UQA122,제2종일반주거지역,1,0,,제2종일반주거지역,20231211
경상남도 양산시 물금읍 범어리 2762-1번지,48330,25324,0,2762,0001,1000000000000000076199,,,,3,용도구역코드,UQQ310,제1종지구단위계획구역,0,0,,제1종지구단위계획구역,20231211
경상남도 양산시 물금읍 범어리 2762-1번지,48330,25324,0,2762,0001,1000000000000000076199,,,,3,용도구역코드,UOA120,상대보호구역,1,0,,상대보호구역,20231211
경상남도 양산시 물금읍 범어리 2762-1번지,48330,25324,0,2762,0001,1000000000000000894449,,,,3,용도구역코드,UQQ310,제1종지구단위계획구역,1,0,,제1종지구단위계획구역,20260226
경상남도 양산시 물금읍 범어리 2762-1번지,48330,25324,0,2762,0001,1000000000000000894449,,,,3,용도구역코드,UOA120,상대보호구역,0,0,,상대보호구역,20260226
경상남도 양산시 물금읍 범어리 2762-1번지,48330,25324,0,2762,0001,1000000000000000894449,,,,1,용도지역코드,UQA122,제2종일반주거지역,1,0,,제2종일반주거지역,20260226
경상남도 양산시 물금읍 범어리 2762-1번지,48330,25324,0,2762,0001,1264100091969,,,,1,용도지역코드,UQA122,제2종일반주거지역,1,0,,제2종일반주거지역,20221008
경상남도 양산시 물금읍 범어리 2762-1번지,48330,25324,0,2762,0001,1264100091969,,,,3,용도구역코드,UOA110,절대정화구역,,,,절대정화구역,20221008
경상남도 양산시 물금읍 범어리 2762-1번지,48330,25324,0,2762,0001,1264100091969,,,,3,용도구역코드,UQQ310,제1종지구단위계획구역,1,0,,제1종지구단위계획구역,20221008
경상남도 양산시 물금읍 범어리 2762-1번지,48330,25324,0,2762,0001,1264100110556,,,,1,용도지역코드,UQA122,제2종일반주거지역,1,0,,제2종일반주거지역,20221008
경상남도 양산시 물금읍 범어리 2762-1번지,48330,25324,0,2762,0001,1264100110556,,,,3,용도구역코드,UOA110,절대정화구역,1,0,,절대보호구역,20221008
경상남도 양산시 물금읍 범어리 2762-1번지,48330,25324,0,2762,0001,1264100110556,,,,3,용도구역코드,UQQ310,제1종지구단위계획구역,0,0,,제1종지구단위계획구역,20221008
경상남도 양산시 물금읍 범어리 2762-1번지,48330,25324,0,2762,0001,1264100059432,,,,1,용도지역코드,UQA122,제2종일반주거지역,1,0,,제2종일반주거지역,20221008
경상남도 양산시 물금읍 범어리 2762-1번지,48330,25324,0,2762,0001,1264100059432,,,,3,용도구역코드,UQQ310,제1종지구단위계획구역,1,0,,제1종지구단위계획구역,20221008
경상남도 양산시 물금읍 범어리 2762-1번지,48330,25324,0,2762,0001,1264100113319,,,,1,용도지역코드,UQA122,제2종일반주거지역,1,0,,제2종일반주거지역,20221008
경상남도 양산시 물금읍 범어리 2762-1번지,48330,25324,0,2762,0001,1264100113319,,,,3,용도구역코드,UOA110,절대정화구역,1,0,,절대보호구역,20221008
경상남도 양산시 물금읍 범어리 2762-1번지,48330,25324,0,2762,0001,1264100113319,,,,3,용도구역코드,UQQ310,제1종지구단위계획구역,0,0,,제1종지구단위계획구역,20221008
경상남도 양산시 물금읍 범어리 2762-1번지,48330,25324,0,2762,0001,1264100132125,,,,1,용도지역코드,UQA122,제2종일반주거지역,1,0,,제2종일반주거지역,20221008
경상남도 양산시 물금읍 범어리 2762-1번지,48330,25324,0,2762,0001,1264100132125,,,,3,용도구역코드,UQQ310,제1종지구단위계획구역,1,0,,제1종지구단위계획구역,20221008
경상남도 양산시 물금읍 범어리 2762-1번지,48330,25324,0,2762,0001,1264100132025,,,,1,용도지역코드,UQA122,제2종일반주거지역,1,0,,제2종일반주거지역,20221008
경상남도 양산시 물금읍 범어리 2762-1번지,48330,25324,0,2762,0001,1264100132025,,,,3,용도구역코드,UQQ310,제1종지구단위계획구역,1,0,,제1종지구단위계획구역,20221008
경상남도 양산시 물금읍 범어리 2762-1번지,48330,25324,0,2762,0001,1264100132025,,,,3,용도구역코드,UOA120,상대보호구역,0,0,,상대보호구역,20221008
경상남도 양산시 물금읍 범어리 2762-1번지,48330,25324,0,2762,0001,1264100143546,,,,1,용도지역코드,UQA122,제2종일반주거지역,1,0,,제2종일반주거지역,20221008
경상남도 양산시 물금읍 범어리 2762-1번지,48330,25324,0,2762,0001,1264100143546,,,,3,용도구역코드,UQQ310,제1종지구단위계획구역,1,0,,제1종지구단위계획구역,20221008
경상남도 양산시 물금읍 범어리 2762-1번지,48330,25324,0,2762,0001,1264100143546,,,,3,용도구역코드,UOA120,상대보호구역,0,0,,상대보호구역,20221008
경상남도 양산시 물금읍 범어리 2762-1번지,48330,25324,0,2762,0001,1264100143546,,,,3,용도구역코드,UMZ100,가축사육제한구역,0,0,,가축사육제한구역,20221008
경상남도 양산시 물금읍 범어리 2762-1번지,48330,25324,0,2762,0001,1264100067920,,,,1,용도지역코드,UQA122,제2종일반주거지역,1,0,,제2종일반주거지역,20221008
경상남도 양산시 물금읍 범어리 2762-1번지,48330,25324,0,2762,0001,1264100067920,,,,3,용도구역코드,UOA110,절대정화구역,1,0,,절대보호구역,20221008
경상남도 양산시 물금읍 범어리 2762-1번지,48330,25324,0,2762,0001,1264100067920,,,,3,용도구역코드,UQQ310,제1종지구단위계획구역,0,0,,제1종지구단위계획구역,20221008
경상남도 양산시 물금읍 범어리 2762-1번지,48330,25324,0,2762,0001,1264100105633,,,,1,용도지역코드,UQA122,제2종일반주거지역,1,0,,제2종일반주거지역,20221008
경상남도 양산시 물금읍 범어리 2762-1번지,48330,25324,0,2762,0001,1264100105633,,,,3,용도구역코드,UOA110,절대정화구역,1,0,,절대보호구역,20221008
경상남도 양산시 물금읍 범어리 2762-1번지,48330,25324,0,2762,0001,1264100105633,,,,3,용도구역코드,UQQ310,제1종지구단위계획구역,0,0,,제1종지구단위계획구역,20221008
경상남도 양산시 물금읍 범어리 2762-1번지,48330,25324,0,2762,0001,1000000000000000848471,,,,3,용도구역코드,UQQ310,제1종지구단위계획구역,0,0,,제1종지구단위계획구역,20251125
경상남도 양산시 물금읍 범어리 2762-1번지,48330,25324,0,2762,0001,1000000000000000848471,,,,1,용도지역코드,UQA122,제2종일반주거지역,1,0,,제2종일반주거지역,20251125
경상남도 양산시 물금읍 범어리 2762-1번지,48330,25324,0,2762,0001,1000000000000000848471,,,,3,용도구역코드,UOA120,상대보호구역,1,0,,상대보호구역,20251125
경상남도 양산시 물금읍 범어리 2762-1번지,48330,25324,0,2762,0001,1000000000000000897413,,,,3,용도구역코드,UOA120,상대보호구역,1,0,,상대보호구역,20260305
경상남도 양산시 물금읍 범어리 2762-1번지,48330,25324,0,2762,0001,1000000000000000897413,,,,3,용도구역코드,UQQ310,제1종지구단위계획구역,0,0,,제1종지구단위계획구역,20260305
경상남도 양산시 물금읍 범어리 2762-1번지,48330,25324,0,2762,0001,1000000000000000897413,,,,1,용도지역코드,UQA122,제2종일반주거지역,1,0,,제2종일반주거지역,20260305
경상남도 양산시 물금읍 범어리 2762-1번지,48330,25324,0,2762,0001,1264100034367,,,,1,용도지역코드,UQA122,제2종일반주거지역,1,0,,제2종일반주거지역,20221008
경상남도 양산시 물금읍 범어리 2762-1번지,48330,25324,0,2762,0001,1264100034367,,,,3,용도구역코드,UQQ310,제1종지구단위계획구역,1,0,,제1종지구단위계획구역,20221008
경상남도 양산시 물금읍 범어리 2762-1번지,48330,25324,0,2762,0001,1264100048745,,,,1,용도지역코드,UQA122,제2종일반주거지역,1,0,,제2종일반주거지역,20221008
경상남도 양산시 물금읍 범어리 2762-1번지,48330,25324,0,2762,0001,1264100144844,,,,1,용도지역코드,UQA122,제2종일반주거지역,1,0,,제2종일반주거지역,20221008
경상남도 양산시 물금읍 범어리 2762-1번지,48330,25324,0,2762,0001,1264100144844,,,,3,용도구역코드,UOA120,상대보호구역,1,0,,상대보호구역,20221008
경상남도 양산시 물금읍 범어리 2762-1번지,48330,25324,0,2762,0001,1264100144844,,,,3,용도구역코드,UQQ310,제1종지구단위계획구역,0,0,,제1종지구단위계획구역,20221008
경상남도 양산시 물금읍 범어리 2762-1번지,48330,25324,0,2762,0001,1000000000000001002295,,,,1,용도지역코드,UQA122,제2종일반주거지역,1,0,,제2종일반주거지역,20260728
경상남도 양산시 물금읍 범어리 2762-1번지,48330,25324,0,2762,0001,1000000000000001002295,,,,3,용도구역코드,UQQ310,제1종지구단위계획구역,1,0,,제1종지구단위계획구역,20260728
경상남도 양산시 물금읍 범어리 2762-1번지,48330,25324,0,2762,0001,1264100012271,,,,1,용도지역코드,1022,제2종일반주거지역,1,0,,제2종일반주거지역,20221008
경상남도 양산시 물금읍 범어리 2762-1번지,48330,25324,0,2762,0001,1264100012271,,,,2,용도지구코드,160,택지개발지구,1,0,,택지개발지구,20221008
경상남도 양산시 물금읍 범어리 2762-1번지,48330,25324,0,2762,0001,1264100012271,,,,3,용도구역코드,301,제1종지구단위계획구역,1,0,,제1종지구단위계획구역,20221008
경상남도 양산시 물금읍 범어리 2762-1번지,48330,25324,0,2762,0001,1000000000000000986742,,,,3,용도구역코드,UQQ310,제1종지구단위계획구역,1,0,,제1종지구단위계획구역,20260701
경상남도 양산시 물금읍 범어리 2762-1번지,48330,25324,0,2762,0001,1000000000000000986742,,,,1,용도지역코드,UQA122,제2종일반주거지역,1,0,,제2종일반주거지역,20260701
경상남도 양산시 물금읍 범어리 2762-6번지,48330,25324,0,2762,0006,1000000000000000299026,,,,1,용도지역코드,UQA122,제2종일반주거지역,1,0,,제2종일반주거지역,20251209
경상남도 양산시 물금읍 범어리 2762-6번지,48330,25324,0,2762,0006,1000000000000000299026,,,,3,용도구역코드,UQQ310,제1종지구단위계획구역,1,0,,제1종지구단위계획구역,20251209
경상남도 양산시 물금읍 범어리 2762-6번지,48330,25324,0,2762,0006,1000000000000000474798,,,,3,용도구역코드,UQQ310,제1종지구단위계획구역,1,0,,제1종지구단위계획구역,20250210
경상남도 양산시 물금읍 범어리 2762-6번지,48330,25324,0,2762,0006,1000000000000000474798,,,,3,용도구역코드,UMZ100,가축사육제한구역,0,0,,가축사육제한구역,20250210
경상남도 양산시 물금읍 범어리 2762-6번지,48330,25324,0,2762,0006,1000000000000000474798,,,,1,용도지역코드,UQA122,제2종일반주거지역,1,0,,제2종일반주거지역,20250210
경상남도 양산시 물금읍 범어리 2762-6번지,48330,25324,0,2762,0006,1000000000000000791449,,,,1,용도지역코드,UQA122,제2종일반주거지역,1,0,,제2종일반주거지역,20250827
경상남도 양산시 물금읍 범어리 2762-6번지,48330,25324,0,2762,0006,1000000000000000321074,,,,3,용도구역코드,UQQ310,제1종지구단위계획구역,1,0,,제1종지구단위계획구역,20230621
경상남도 양산시 물금읍 범어리 2762-6번지,48330,25324,0,2762,0006,1000000000000000321074,,,,1,용도지역코드,UQA122,제2종일반주거지역,1,0,,제2종일반주거지역,20230621
경상남도 양산시 물금읍 범어리 2762-6번지,48330,25324,0,2762,0006,1000000000000000545196,,,,1,용도지역코드,UQA122,제2종일반주거지역,1,0,,제2종일반주거지역,20240628
경상남도 양산시 물금읍 범어리 2762-6번지,48330,25324,0,2762,0006,1000000000000000501021,,,,1,용도지역코드,UQA122,제2종일반주거지역,1,0,,제2종일반주거지역,20240419
경상남도 양산시 물금읍 범어리 2762-6번지,48330,25324,0,2762,0006,1000000000000000501021,,,,3,용도구역코드,UQQ310,제1종지구단위계획구역,1,0,,제1종지구단위계획구역,20240419
경상남도 양산시 물금읍 범어리 2762-6번지,48330,25324,0,2762,0006,1264100095509,,,,1,용도지역코드,UQA122,제2종일반주거지역,1,0,,제2종일반주거지역,20221008
경상남도 양산시 물금읍 범어리 2762-6번지,48330,25324,0,2762,0006,1264100095509,,,,3,용도구역코드,UQQ310,제1종지구단위계획구역,1,0,,제1종지구단위계획구역,20221008
경상남도 양산시 물금읍 범어리 2762-6번지,48330,25324,0,2762,0006,1264100095509,,,,3,용도구역코드,UOA110,절대정화구역,0,0,,절대정화구역,20221008
경상남도 양산시 물금읍 범어리 2762-10번지,48330,25324,0,2762,0010,1264100123441,,,,1,용도지역코드,UQA122,제2종일반주거지역,1,0,,제2종일반주거지역,20221008
경상남도 양산시 물금읍 범어리 2762-10번지,48330,25324,0,2762,0010,1264100123441,,,,3,용도구역코드,UQQ310,제1종지구단위계획구역,1,0,,제1종지구단위계획구역,20221008
경상남도 양산시 물금읍 범어리 2762-10번지,48330,25324,0,2762,0010,1000000000000000743772,,,,1,용도지역코드,UQA122,제2종일반주거지역,1,0,,제2종일반주거지역,20250612
경상남도 양산시 물금읍 범어리 2762-10번지,48330,25324,0,2762,0010,1264100105894,,,,1,용도지역코드,UQA122,제2종일반주거지역,1,0,,제2종일반주거지역,20221008
경상남도 양산시 물금읍 범어리 2762-10번지,48330,25324,0,2762,0010,1264100105894,,,,3,용도구역코드,UQQ310,제1종지구단위계획구역,0,0,,제1종지구단위계획구역,20221008
경상남도 양산시 물금읍 범어리 2762-10번지,48330,25324,0,2762,0010,1264100105894,,,,3,용도구역코드,UMZ100,가축사육제한구역,0,0,,가축사육제한구역,20221008
경상남도 양산시 물금읍 범어리 2762-10번지,48330,25324,0,2762,0010,1264100156352,,,,1,용도지역코드,UQA122,제2종일반주거지역,1,0,,제2종일반주거지역,20221008
경상남도 양산시 물금읍 범어리 2762-10번지,48330,25324,0,2762,0010,1264100156352,,,,3,용도구역코드,UQQ310,제1종지구단위계획구역,1,0,,제1종지구단위계획구역,20221008
경상남도 양산시 물금읍 범어리 2762-10번지,48330,25324,0,2762,0010,1264100126042,,,,1,용도지역코드,UQA122,제2종일반주거지역,1,0,,제2종일반주거지역,20230127
경상남도 양산시 물금읍 범어리 2762-10번지,48330,25324,0,2762,0010,1264100126042,,,,3,용도구역코드,UQQ310,제1종지구단위계획구역,1,0,,제1종지구단위계획구역,20230127
경상남도 양산시 물금읍 범어리 2768-1번지,48330,25324,0,2768,0001,1264100127842,,,,1,용도지역코드,UQA122,제2종일반주거지역,1,0,,제2종일반주거지역,20221008
경상남도 양산시 물금읍 범어리 2768-1번지,48330,25324,0,2768,0001,1264100127842,,,,3,용도구역코드,UQQ310,제1종지구단위계획구역,1,0,,제1종지구단위계획구역,20221008
경상남도 양산시 물금읍 범어리 2769-2번지,48330,25324,0,2769,0002,1000000000000000619364,,,,1,용도지역코드,UQA220,일반상업지역,1,0,,일반상업지역,20250113
경상남도 양산시 물금읍 범어리 2769-2번지,48330,25324,0,2769,0002,1264100105833,,,,1,용도지역코드,UQA220,일반상업지역,1,0,,일반상업지역,20221008
경상남도 양산시 물금읍 범어리 2769-2번지,48330,25324,0,2769,0002,1264100105833,,,,3,용도구역코드,UQQ310,제1종지구단위계획구역,1,0,,제1종지구단위계획구역,20221008
경상남도 양산시 물금읍 범어리 2769-2번지,48330,25324,0,2769,0002,1264100105833,,,,3,용도구역코드,UMZ100,가축사육제한구역,0,0,,가축사육제한구역,20221008
경상남도 양산시 물금읍 범어리 2769-2번지,48330,25324,0,2769,0002,1264100105574,,,,1,용도지역코드,UQA220,일반상업지역,1,0,,일반상업지역,20221008
경상남도 양산시 물금읍 범어리 2769-2번지,48330,25324,0,2769,0002,1264100105574,,,,3,용도구역코드,UQQ310,제1종지구단위계획구역,1,0,,제1종지구단위계획구역,20221008
경상남도 양산시 물금읍 범어리 2769-2번지,48330,25324,0,2769,0002,1264100105574,,,,3,용도구역코드,UMZ100,가축사육제한구역,0,0,,가축사육제한구역,20221008
경상남도 양산시 물금읍 범어리 2769-3번지,48330,25324,0,2769,0003,1000000000000000927966,,,,1,용도지역코드,UQA220,일반상업지역,1,0,,일반상업지역,20260416
경상남도 양산시 물금읍 범어리 2769-3번지,48330,25324,0,2769,0003,1000000000000000927966,,,,3,용도구역코드,UQQ310,제1종지구단위계획구역,1,0,,제1종지구단위계획구역,20260416
경상남도 양산시 물금읍 범어리 2769-3번지,48330,25324,0,2769,0003,1264100151511,,,,1,용도지역코드,UQA220,일반상업지역,1,0,,일반상업지역,20221008
경상남도 양산시 물금읍 범어리 2769-4번지,48330,25324,0,2769,0004,1264100088682,,,,3,용도구역코드,UQQ310,제1종지구단위계획구역,1,0,,제1종지구단위계획구역,20221008
경상남도 양산시 물금읍 범어리 2769-4번지,48330,25324,0,2769,0004,1264100088682,,,,3,용도구역코드,UOA110,절대정화구역,,,,절대정화구역,20221008
경상남도 양산시 물금읍 범어리 2769-4번지,48330,25324,0,2769,0004,1264100088682,,,,1,용도지역코드,UQA220,일반상업지역,1,0,,일반상업지역,20221008
경상남도 양산시 물금읍 범어리 2769-4번지,48330,25324,0,2769,0004,1264100088682,,,,3,용도구역코드,UOA120,상대보호구역,,,,상대정화구역,20221008
경상남도 양산시 물금읍 범어리 2769-5번지,48330,25324,0,2769,0005,1264100067981,,,,1,용도지역코드,UQA220,일반상업지역,1,0,,일반상업지역,20221008
경상남도 양산시 물금읍 범어리 2769-5번지,48330,25324,0,2769,0005,1264100067981,,,,3,용도구역코드,UQQ310,제1종지구단위계획구역,1,0,,제1종지구단위계획구역,20221008
경상남도 양산시 물금읍 범어리 2769-6번지,48330,25324,0,2769,0006,1264100061001,,,,1,용도지역코드,UQA220,일반상업지역,1,0,,일반상업지역,20221008
경상남도 양산시 물금읍 범어리 2769-6번지,48330,25324,0,2769,0006,1264100061001,,,,3,용도구역코드,UQQ310,제1종지구단위계획구역,1,0,,제1종지구단위계획구역,20221008
경상남도 양산시 물금읍 범어리 2770-3번지,48330,25324,0,2770,0003,1000000000000000276346,,,,1,용도지역코드,UQA220,일반상업지역,1,0,,일반상업지역,20230915
경상남도 양산시 물금읍 범어리 2770-3번지,48330,25324,0,2770,0003,1000000000000000276346,,,,3,용도구역코드,UMZ100,가축사육제한구역,0,0,,가축사육제한구역,20230915
경상남도 양산시 물금읍 범어리 2770-3번지,48330,25324,0,2770,0003,1000000000000000276346,,,,3,용도구역코드,UQQ310,제1종지구단위계획구역,1,0,,제1종지구단위계획구역,20230915
경상남도 양산시 물금읍 범어리 2770-3번지,48330,25324,0,2770,0003,1000000000000000276346,,,,3,용도구역코드,UOA120,상대보호구역,0,0,,상대보호구역,20230915
경상남도 양산시 물금읍 범어리 2771-1번지,48330,25324,0,2771,0001,1264100108160,,,,1,용도지역코드,UQA121,제1종일반주거지역,1,0,,제1종일반주거지역,20221008
경상남도 양산시 물금읍 범어리 2771-2번지,48330,25324,0,2771,0002,1264100052242,,,,1,용도지역코드,UQA121,제1종일반주거지역,1,0,,제1종일반주거지역,20221008
경상남도 양산시 물금읍 범어리 2771-2번지,48330,25324,0,2771,0002,1264100052242,,,,3,용도구역코드,UQQ310,제1종지구단위계획구역,1,0,,제1종지구단위계획구역,20221008
경상남도 양산시 물금읍 범어리 2771-3번지,48330,25324,0,2771,0003,1264100087643,,,,1,용도지역코드,UQA121,제1종일반주거지역,1,0,,제1종일반주거지역,20221008
경상남도 양산시 물금읍 범어리 2771-3번지,48330,25324,0,2771,0003,1264100087643,,,,3,용도구역코드,UQQ310,제1종지구단위계획구역,1,0,,제1종지구단위계획구역,20221008
경상남도 양산시 물금읍 범어리 2771-4번지,48330,25324,0,2771,0004,1264100115517,,,,3,용도구역코드,UOA120,상대보호구역,1,0,,상대보호구역,20221008
경상남도 양산시 물금읍 범어리 2771-4번지,48330,25324,0,2771,0004,1264100115517,,,,3,용도구역코드,UQQ310,제1종지구단위계획구역,0,0,,제1종지구단위계획구역,20221008
경상남도 양산시 물금읍 범어리 2771-4번지,48330,25324,0,2771,0004,1264100115517,,,,1,용도지역코드,UQA121,제1종일반주거지역,1,0,,제1종일반주거지역,20221008
경상남도 양산시 물금읍 범어리 2771-5번지,48330,25324,0,2771,0005,1264100095891,,,,1,용도지역코드,UQA121,제1종일반주거지역,1,0,,제1종일반주거지역,20221008
경상남도 양산시 물금읍 범어리 2771-5번지,48330,25324,0,2771,0005,1264100095891,,,,3,용도구역코드,UQQ310,제1종지구단위계획구역,1,0,,제1종지구단위계획구역,20221008
경상남도 양산시 물금읍 범어리 2771-6번지,48330,25324,0,2771,0006,1264100072599,,,,1,용도지역코드,UQA121,제1종일반주거지역,1,0,,제1종일반주거지역,20221008
경상남도 양산시 물금읍 범어리 2771-6번지,48330,25324,0,2771,0006,1264100072599,,,,3,용도구역코드,UQQ310,제1종지구단위계획구역,1,0,,제1종지구단위계획구역,20221008
경상남도 양산시 물금읍 범어리 2771-6번지,48330,25324,0,2771,0006,1264100072599,,,,3,용도구역코드,UOA120,상대보호구역,0,0,,상대정화구역,20221008
경상남도 양산시 물금읍 범어리 2771-7번지,48330,25324,0,2771,0007,1264100087682,,,,1,용도지역코드,UQA121,제1종일반주거지역,1,0,,제1종일반주거지역,20221008
경상남도 양산시 물금읍 범어리 2771-7번지,48330,25324,0,2771,0007,1264100087682,,,,3,용도구역코드,UQQ310,제1종지구단위계획구역,1,0,,제1종지구단위계획구역,20221008
경상남도 양산시 물금읍 범어리 2771-9번지,48330,25324,0,2771,0009,1264100087721,,,,1,용도지역코드,UQA121,제1종일반주거지역,1,0,,제1종일반주거지역,20221008
경상남도 양산시 물금읍 범어리 2771-9번지,48330,25324,0,2771,0009,1264100087721,,,,3,용도구역코드,UQQ310,제1종지구단위계획구역,1,0,,제1종지구단위계획구역,20221008
경상남도 양산시 물금읍 범어리 2771-10번지,48330,25324,0,2771,0010,1264100079022,,,,1,용도지역코드,UQA121,제1종일반주거지역,1,0,,제1종일반주거지역,20221008
경상남도 양산시 물금읍 범어리 2771-10번지,48330,25324,0,2771,0010,1264100079022,,,,3,용도구역코드,UQQ310,제1종지구단위계획구역,1,0,,제1종지구단위계획구역,20221008
경상남도 양산시 물금읍 범어리 2771-11번지,48330,25324,0,2771,0011,1264100080459,,,,1,용도지역코드,UQA121,제1종일반주거지역,1,0,,제1종일반주거지역,20221008
경상남도 양산시 물금읍 범어리 2771-11번지,48330,25324,0,2771,0011,1264100080459,,,,3,용도구역코드,UQQ310,제1종지구단위계획구역,1,0,,제1종지구단위계획구역,20221008
경상남도 양산시 물금읍 범어리 2771-11번지,48330,25324,0,2771,0011,1264100080459,,,,3,용도구역코드,UOA120,상대보호구역,0,0,,상대정화구역,20221008
경상남도 양산시 물금읍 범어리 2771-13번지,48330,25324,0,2771,0013,1264100074161,,,,1,용도지역코드,UQA121,제1종일반주거지역,1,0,,제1종일반주거지역,20221008
경상남도 양산시 물금읍 범어리 2771-14번지,48330,25324,0,2771,0014,1264100087641,,,,1,용도지역코드,UQA121,제1종일반주거지역,1,0,,제1종일반주거지역,20221008
경상남도 양산시 물금읍 범어리 2771-14번지,48330,25324,0,2771,0014,1264100087641,,,,3,용도구역코드,UQQ310,제1종지구단위계획구역,1,0,,제1종지구단위계획구역,20221008
경상남도 양산시 물금읍 범어리 2771-15번지,48330,25324,0,2771,0015,1264100068779,,,,1,용도지역코드,UQA121,제1종일반주거지역,1,0,,제1종일반주거지역,20221008
경상남도 양산시 물금읍 범어리 2771-15번지,48330,25324,0,2771,0015,1264100068779,,,,3,용도구역코드,UQQ310,제1종지구단위계획구역,1,0,,제1종지구단위계획구역,20221008
경상남도 양산시 물금읍 범어리 2771-17번지,48330,25324,0,2771,0017,1264100067082,,,,1,용도지역코드,UQA121,제1종일반주거지역,1,0,,제1종일반주거지역,20221008
경상남도 양산시 물금읍 범어리 2771-17번지,48330,25324,0,2771,0017,1264100067082,,,,3,용도구역코드,UQQ310,제1종지구단위계획구역,1,0,,제1종지구단위계획구역,20221008
경상남도 양산시 물금읍 범어리 2771-18번지,48330,25324,0,2771,0018,1264100066699,,,,1,용도지역코드,UQA121,제1종일반주거지역,1,0,,제1종일반주거지역,20221008
경상남도 양산시 물금읍 범어리 2771-18번지,48330,25324,0,2771,0018,1264100066699,,,,3,용도구역코드,UQQ310,제1종지구단위계획구역,1,0,,제1종지구단위계획구역,20221008
경상남도 양산시 물금읍 범어리 2771-19번지,48330,25324,0,2771,0019,1264100087748,,,,1,용도지역코드,UQA121,제1종일반주거지역,1,0,,제1종일반주거지역,20221008
경상남도 양산시 물금읍 범어리 2771-19번지,48330,25324,0,2771,0019,1264100087748,,,,3,용도구역코드,UQQ300,지구단위계획구역,1,0,,지구단위계획구역,20221008
경상남도 양산시 물금읍 범어리 2771-20번지,48330,25324,0,2771,0020,1264100095933,,,,1,용도지역코드,UQA121,제1종일반주거지역,1,0,,제1종일반주거지역,20221008
경상남도 양산시 물금읍 범어리 2771-20번지,48330,25324,0,2771,0020,1264100095933,,,,3,용도구역코드,UQQ310,제1종지구단위계획구역,1,0,,제1종지구단위계획구역,20221008
경상남도 양산시 물금읍 범어리 2771-21번지,48330,25324,0,2771,0021,1264100084762,,,,3,용도구역코드,UQQ310,제1종지구단위계획구역,1,0,,제1종지구단위계획구역,20221008
경상남도 양산시 물금읍 범어리 2771-21번지,48330,25324,0,2771,0021,1264100084762,,,,1,용도지역코드,UQA121,제1종일반주거지역,1,0,,제1종일반주거지역,20221008
경상남도 양산시 물금읍 범어리 2771-22번지,48330,25324,0,2771,0022,1264100075039,,,,1,용도지역코드,UQA121,제1종일반주거지역,1,0,,제1종일반주거지역,20221008
경상남도 양산시 물금읍 범어리 2771-22번지,48330,25324,0,2771,0022,1264100075039,,,,3,용도구역코드,UQQ310,제1종지구단위계획구역,1,0,,제1종지구단위계획구역,20221008
경상남도 양산시 물금읍 범어리 2772-1번지,48330,25324,0,2772,0001,1264100066781,,,,1,용도지역코드,UQA121,제1종일반주거지역,1,0,,제1종일반주거지역,20221008
경상남도 양산시 물금읍 범어리 2772-1번지,48330,25324,0,2772,0001,1264100066781,,,,3,용도구역코드,UQQ310,제1종지구단위계획구역,1,0,,제1종지구단위계획구역,20221008
경상남도 양산시 물금읍 범어리 2772-1번지,48330,25324,0,2772,0001,1264100066781,,,,3,용도구역코드,UOA120,상대보호구역,0,0,,상대정화구역,20221008
경상남도 양산시 물금읍 범어리 2772-2번지,48330,25324,0,2772,0002,1264100134584,,,,1,용도지역코드,UQA121,제1종일반주거지역,1,0,,제1종일반주거지역,20221008
경상남도 양산시 물금읍 범어리 2772-2번지,48330,25324,0,2772,0002,1264100134584,,,,3,용도구역코드,UOA120,상대보호구역,1,0,,상대보호구역,20221008
경상남도 양산시 물금읍 범어리 2772-2번지,48330,25324,0,2772,0002,1264100134584,,,,3,용도구역코드,UQQ310,제1종지구단위계획구역,0,0,,제1종지구단위계획구역,20221008
경상남도 양산시 물금읍 범어리 2772-3번지,48330,25324,0,2772,0003,1264100073999,,,,1,용도지역코드,UQA121,제1종일반주거지역,1,0,,제1종일반주거지역,20221008
경상남도 양산시 물금읍 범어리 2772-4번지,48330,25324,0,2772,0004,1264100106835,,,,1,용도지역코드,UQA121,제1종일반주거지역,1,0,,제1종일반주거지역,20221008
경상남도 양산시 물금읍 범어리 2772-4번지,48330,25324,0,2772,0004,1264100106835,,,,3,용도구역코드,UQQ310,제1종지구단위계획구역,1,0,,제1종지구단위계획구역,20221008
경상남도 양산시 물금읍 범어리 2772-6번지,48330,25324,0,2772,0006,1264100070781,,,,1,용도지역코드,UQA121,제1종일반주거지역,1,0,,제1종일반주거지역,20221008
경상남도 양산시 물금읍 범어리 2772-6번지,48330,25324,0,2772,0006,1264100070781,,,,3,용도구역코드,UQQ310,제1종지구단위계획구역,1,0,,제1종지구단위계획구역,20221008
경상남도 양산시 물금읍 범어리 2772-7번지,48330,25324,0,2772,0007,1264100076479,,,,1,용도지역코드,UQA121,제1종일반주거지역,1,0,,제1종일반주거지역,20221008
경상남도 양산시 물금읍 범어리 2772-7번지,48330,25324,0,2772,0007,1264100076479,,,,3,용도구역코드,UQQ310,제1종지구단위계획구역,1,0,,제1종지구단위계획구역,20221008
경상남도 양산시 물금읍 범어리 2772-8번지,48330,25324,0,2772,0008,1264100066842,,,,1,용도지역코드,UQA121,제1종일반주거지역,1,0,,제1종일반주거지역,20221008
경상남도 양산시 물금읍 범어리 2772-8번지,48330,25324,0,2772,0008,1264100066842,,,,3,용도구역코드,UQQ310,제1종지구단위계획구역,1,0,,제1종지구단위계획구역,20221008
경상남도 양산시 물금읍 범어리 2772-8번지,48330,25324,0,2772,0008,1264100066842,,,,3,용도구역코드,UOA120,상대보호구역,0,0,,상대정화구역,20221008
경상남도 양산시 물금읍 범어리 2772-9번지,48330,25324,0,2772,0009,1264100087749,,,,1,용도지역코드,UQA121,제1종일반주거지역,1,0,,제1종일반주거지역,20221008
경상남도 양산시 물금읍 범어리 2772-9번지,48330,25324,0,2772,0009,1264100087749,,,,3,용도구역코드,UQQ310,제1종지구단위계획구역,1,0,,제1종지구단위계획구역,20221008
경상남도 양산시 물금읍 범어리 2772-10번지,48330,25324,0,2772,0010,1264100087743,,,,1,용도지역코드,UQA121,제1종일반주거지역,1,0,,제1종일반주거지역,20221008
경상남도 양산시 물금읍 범어리 2772-10번지,48330,25324,0,2772,0010,1264100087743,,,,3,용도구역코드,UQQ310,제1종지구단위계획구역,1,0,,제1종지구단위계획구역,20221008
경상남도 양산시 물금읍 범어리 2772-11번지,48330,25324,0,2772,0011,1264100064400,,,,1,용도지역코드,UQA121,제1종일반주거지역,1,0,,제1종일반주거지역,20221008
경상남도 양산시 물금읍 범어리 2772-11번지,48330,25324,0,2772,0011,1264100064400,,,,3,용도구역코드,UQQ310,제1종지구단위계획구역,1,0,,제1종지구단위계획구역,20221008
경상남도 양산시 물금읍 범어리 2772-11번지,48330,25324,0,2772,0011,1264100064400,,,,3,용도구역코드,UOA120,상대보호구역,0,0,,상대정화구역,20221008
경상남도 양산시 물금읍 범어리 2772-12번지,48330,25324,0,2772,0012,1264100091565,,,,1,용도지역코드,UQA121,제1종일반주거지역,1,0,,제1종일반주거지역,20221008
경상남도 양산시 물금읍 범어리 2772-12번지,48330,25324,0,2772,0012,1264100091565,,,,3,용도구역코드,UQQ310,제1종지구단위계획구역,1,0,,제1종지구단위계획구역,20221008
경상남도 양산시 물금읍 범어리 2772-12번지,48330,25324,0,2772,0012,1264100091565,,,,3,용도구역코드,UOA120,상대보호구역,0,0,,상대정화구역,20221008
경상남도 양산시 물금읍 범어리 2773-1번지,48330,25324,0,2773,0001,1264100089581,,,,1,용도지역코드,UQA121,제1종일반주거지역,1,0,,제1종일반주거지역,20221008
경상남도 양산시 물금읍 범어리 2773-1번지,48330,25324,0,2773,0001,1264100089581,,,,3,용도구역코드,UQQ310,제1종지구단위계획구역,1,0,,제1종지구단위계획구역,20221008
경상남도 양산시 물금읍 범어리 2773-2번지,48330,25324,0,2773,0002,1264100051292,,,,1,용도지역코드,UQA121,제1종일반주거지역,1,0,,제1종일반주거지역,20221008
경상남도 양산시 물금읍 범어리 2773-2번지,48330,25324,0,2773,0002,1264100051292,,,,3,용도구역코드,UQQ310,제1종지구단위계획구역,1,0,,제1종지구단위계획구역,20221008
경상남도 양산시 물금읍 범어리 2773-3번지,48330,25324,0,2773,0003,1264100068379,,,,1,용도지역코드,UQA121,제1종일반주거지역,1,0,,제1종일반주거지역,20221008
경상남도 양산시 물금읍 범어리 2773-3번지,48330,25324,0,2773,0003,1264100068379,,,,3,용도구역코드,UQQ310,제1종지구단위계획구역,1,0,,제1종지구단위계획구역,20221008
경상남도 양산시 물금읍 범어리 2773-4번지,48330,25324,0,2773,0004,1264100061922,,,,1,용도지역코드,UQA121,제1종일반주거지역,1,0,,제1종일반주거지역,20221008
경상남도 양산시 물금읍 범어리 2773-4번지,48330,25324,0,2773,0004,1264100061922,,,,3,용도구역코드,UQQ310,제1종지구단위계획구역,1,0,,제1종지구단위계획구역,20221008
경상남도 양산시 물금읍 범어리 2773-5번지,48330,25324,0,2773,0005,1264100095890,,,,1,용도지역코드,UQA121,제1종일반주거지역,1,0,,제1종일반주거지역,20221008
경상남도 양산시 물금읍 범어리 2773-5번지,48330,25324,0,2773,0005,1264100095890,,,,3,용도구역코드,UQQ310,제1종지구단위계획구역,1,0,,제1종지구단위계획구역,20221008
경상남도 양산시 물금읍 범어리 2773-6번지,48330,25324,0,2773,0006,1264100115582,,,,1,용도지역코드,UQA121,제1종일반주거지역,1,0,,제1종일반주거지역,20221008
경상남도 양산시 물금읍 범어리 2773-6번지,48330,25324,0,2773,0006,1264100115582,,,,3,용도구역코드,UOA120,상대보호구역,1,0,,상대보호구역,20221008
경상남도 양산시 물금읍 범어리 2773-6번지,48330,25324,0,2773,0006,1264100115582,,,,3,용도구역코드,UQQ310,제1종지구단위계획구역,0,0,,제1종지구단위계획구역,20221008
경상남도 양산시 물금읍 범어리 2773-8번지,48330,25324,0,2773,0008,1264100135325,,,,1,용도지역코드,UQA121,제1종일반주거지역,1,0,,제1종일반주거지역,20221008
경상남도 양산시 물금읍 범어리 2773-8번지,48330,25324,0,2773,0008,1264100135325,,,,3,용도구역코드,UQQ310,제1종지구단위계획구역,1,0,,제1종지구단위계획구역,20221008
경상남도 양산시 물금읍 범어리 2773-9번지,48330,25324,0,2773,0009,1264100091102,,,,1,용도지역코드,UQA121,제1종일반주거지역,1,0,,제1종일반주거지역,20221008
경상남도 양산시 물금읍 범어리 2773-9번지,48330,25324,0,2773,0009,1264100091102,,,,3,용도구역코드,UQQ310,제1종지구단위계획구역,1,0,,제1종지구단위계획구역,20221008
경상남도 양산시 물금읍 범어리 2773-10번지,48330,25324,0,2773,0010,1264100087747,,,,1,용도지역코드,UQA121,제1종일반주거지역,1,0,,제1종일반주거지역,20221008
경상남도 양산시 물금읍 범어리 2773-10번지,48330,25324,0,2773,0010,1264100087747,,,,3,용도구역코드,UQQ310,제1종지구단위계획구역,1,0,,제1종지구단위계획구역,20221008
경상남도 양산시 물금읍 범어리 2773-11번지,48330,25324,0,2773,0011,1264100068939,,,,1,용도지역코드,UQA121,제1종일반주거지역,1,0,,제1종일반주거지역,20221008
경상남도 양산시 물금읍 범어리 2773-11번지,48330,25324,0,2773,0011,1264100068939,,,,3,용도구역코드,UQQ310,제1종지구단위계획구역,1,0,,제1종지구단위계획구역,20221008
경상남도 양산시 물금읍 범어리 2773-11번지,48330,25324,0,2773,0011,1264100068939,,,,3,용도구역코드,UOA120,상대보호구역,0,0,,상대정화구역,20221008
경상남도 양산시 물금읍 범어리 2773-12번지,48330,25324,0,2773,0012,1264100072862,,,,3,용도구역코드,UOA120,상대보호구역,0,0,,상대정화구역,20221008
경상남도 양산시 물금읍 범어리 2773-12번지,48330,25324,0,2773,0012,1264100072862,,,,1,용도지역코드,UQA121,제1종일반주거지역,1,0,,제1종일반주거지역,20221008
경상남도 양산시 물금읍 범어리 2773-12번지,48330,25324,0,2773,0012,1264100072862,,,,3,용도구역코드,UQQ310,제1종지구단위계획구역,1,0,,제1종지구단위계획구역,20221008
경상남도 양산시 물금읍 범어리 2774-1번지,48330,25324,0,2774,0001,1264100068820,,,,1,용도지역코드,UQA121,제1종일반주거지역,1,0,,제1종일반주거지역,20221008
경상남도 양산시 물금읍 범어리 2774-1번지,48330,25324,0,2774,0001,1264100068820,,,,3,용도구역코드,UQQ310,제1종지구단위계획구역,1,0,,제1종지구단위계획구역,20221008
경상남도 양산시 물금읍 범어리 2774-1번지,48330,25324,0,2774,0001,1264100068820,,,,3,용도구역코드,UOA120,상대보호구역,0,0,,상대정화구역,20221008
경상남도 양산시 물금읍 범어리 2774-2번지,48330,25324,0,2774,0002,1264100082982,,,,1,용도지역코드,UQA121,제1종일반주거지역,1,0,,제1종일반주거지역,20221008
경상남도 양산시 물금읍 범어리 2774-2번지,48330,25324,0,2774,0002,1264100082982,,,,3,용도구역코드,UQQ310,제1종지구단위계획구역,1,0,,제1종지구단위계획구역,20221008
경상남도 양산시 물금읍 범어리 2774-3번지,48330,25324,0,2774,0003,1264100078739,,,,1,용도지역코드,UQA121,제1종일반주거지역,1,0,,제1종일반주거지역,20221008
경상남도 양산시 물금읍 범어리 2774-3번지,48330,25324,0,2774,0003,1264100078739,,,,3,용도구역코드,UQQ310,제1종지구단위계획구역,1,0,,제1종지구단위계획구역,20221008
경상남도 양산시 물금읍 범어리 2774-4번지,48330,25324,0,2774,0004,1264100053107,,,,1,용도지역코드,UQA121,제1종일반주거지역,1,0,,제1종일반주거지역,20221008
경상남도 양산시 물금읍 범어리 2774-4번지,48330,25324,0,2774,0004,1264100053107,,,,3,용도구역코드,UOA120,상대보호구역,,,,상대정화구역,20221008
경상남도 양산시 물금읍 범어리 2774-4번지,48330,25324,0,2774,0004,1264100053107,,,,3,용도구역코드,UQQ310,제1종지구단위계획구역,1,0,,제1종지구단위계획구역,20221008
경상남도 양산시 물금읍 범어리 2774-5번지,48330,25324,0,2774,0005,1264100077200,,,,1,용도지역코드,UQA121,제1종일반주거지역,1,0,,제1종일반주거지역,20221008
경상남도 양산시 물금읍 범어리 2774-5번지,48330,25324,0,2774,0005,1264100077200,,,,3,용도구역코드,UQQ310,제1종지구단위계획구역,1,0,,제1종지구단위계획구역,20221008
경상남도 양산시 물금읍 범어리 2774-6번지,48330,25324,0,2774,0006,1264100076399,,,,1,용도지역코드,UQA121,제1종일반주거지역,1,0,,제1종일반주거지역,20221008
경상남도 양산시 물금읍 범어리 2774-6번지,48330,25324,0,2774,0006,1264100076399,,,,3,용도구역코드,UQQ310,제1종지구단위계획구역,1,0,,제1종지구단위계획구역,20221008
경상남도 양산시 물금읍 범어리 2774-8번지,48330,25324,0,2774,0008,1264100060875,,,,1,용도지역코드,UQA121,제1종일반주거지역,1,0,,제1종일반주거지역,20221008
경상남도 양산시 물금읍 범어리 2774-8번지,48330,25324,0,2774,0008,1264100060875,,,,3,용도구역코드,UQQ310,제1종지구단위계획구역,1,0,,제1종지구단위계획구역,20221008
경상남도 양산시 물금읍 범어리 2774-8번지,48330,25324,0,2774,0008,1264100060875,,,,3,용도구역코드,UOA120,상대보호구역,0,0,,상대정화구역,20221008
경상남도 양산시 물금읍 범어리 2774-10번지,48330,25324,0,2774,0010,1264100066046,,,,1,용도지역코드,UQA121,제1종일반주거지역,1,0,,제1종일반주거지역,20221008
경상남도 양산시 물금읍 범어리 2774-10번지,48330,25324,0,2774,0010,1264100066046,,,,3,용도구역코드,UQQ310,제1종지구단위계획구역,1,0,,제1종지구단위계획구역,20221008
경상남도 양산시 물금읍 범어리 2774-10번지,48330,25324,0,2774,0010,1264100066046,,,,3,용도구역코드,UOA120,상대보호구역,0,0,,상대정화구역,20221008
경상남도 양산시 물금읍 범어리 2774-11번지,48330,25324,0,2774,0011,1264100068823,,,,1,용도지역코드,UQA121,제1종일반주거지역,1,0,,제1종일반주거지역,20221008
경상남도 양산시 물금읍 범어리 2774-11번지,48330,25324,0,2774,0011,1264100068823,,,,3,용도구역코드,UQQ310,제1종지구단위계획구역,1,0,,제1종지구단위계획구역,20221008
경상남도 양산시 물금읍 범어리 2774-12번지,48330,25324,0,2774,0012,1264100074719,,,,1,용도지역코드,UQA121,제1종일반주거지역,1,0,,제1종일반주거지역,20221008
경상남도 양산시 물금읍 범어리 2774-12번지,48330,25324,0,2774,0012,1264100074719,,,,3,용도구역코드,UQQ310,제1종지구단위계획구역,1,0,,제1종지구단위계획구역,20221008
경상남도 양산시 물금읍 범어리 2775-1번지,48330,25324,0,2775,0001,1264100073179,,,,3,용도구역코드,UQQ310,제1종지구단위계획구역,1,0,,제1종지구단위계획구역,20221008
경상남도 양산시 물금읍 범어리 2775-1번지,48330,25324,0,2775,0001,1264100073179,,,,1,용도지역코드,UQA220,일반상업지역,1,0,,일반상업지역,20221008
경상남도 양산시 물금읍 범어리 2775-2번지,48330,25324,0,2775,0002,1264100142946,,,,1,용도지역코드,UQA220,일반상업지역,1,0,,일반상업지역,20221008
경상남도 양산시 물금읍 범어리 2775-2번지,48330,25324,0,2775,0002,1264100142946,,,,3,용도구역코드,UOA120,상대보호구역,1,0,,상대보호구역,20221008
경상남도 양산시 물금읍 범어리 2775-2번지,48330,25324,0,2775,0002,1264100142946,,,,3,용도구역코드,UQQ310,제1종지구단위계획구역,0,0,,제1종지구단위계획구역,20221008
경상남도 양산시 물금읍 범어리 2775-3번지,48330,25324,0,2775,0003,1264100136205,,,,1,용도지역코드,UQA220,일반상업지역,1,0,,일반상업지역,20221008
경상남도 양산시 물금읍 범어리 2775-3번지,48330,25324,0,2775,0003,1264100136205,,,,3,용도구역코드,UQQ310,제1종지구단위계획구역,1,0,,제1종지구단위계획구역,20221008
경상남도 양산시 물금읍 범어리 2775-3번지,48330,25324,0,2775,0003,1264100136205,,,,3,용도구역코드,UOA120,상대보호구역,0,0,,상대보호구역,20221008
경상남도 양산시 물금읍 범어리 2775-3번지,48330,25324,0,2775,0003,1264100076480,,,,1,용도지역코드,UQA220,일반상업지역,1,0,,일반상업지역,20221008
경상남도 양산시 물금읍 범어리 2775-3번지,48330,25324,0,2775,0003,1264100076480,,,,3,용도구역코드,UQQ310,제1종지구단위계획구역,1,0,,제1종지구단위계획구역,20221008
경상남도 양산시 물금읍 범어리 2775-3번지,48330,25324,0,2775,0003,1264100076480,,,,3,용도구역코드,UOA120,상대보호구역,0,0,,상대정화구역,20221008
경상남도 양산시 물금읍 범어리 2775-3번지,48330,25324,0,2775,0003,1264100138105,,,,1,용도지역코드,UQA220,일반상업지역,1,0,,일반상업지역,20221008
경상남도 양산시 물금읍 범어리 2775-3번지,48330,25324,0,2775,0003,1264100138105,,,,3,용도구역코드,UQQ310,제1종지구단위계획구역,1,0,,제1종지구단위계획구역,20221008
경상남도 양산시 물금읍 범어리 2775-3번지,48330,25324,0,2775,0003,1264100138105,,,,3,용도구역코드,UOA120,상대보호구역,0,0,,상대보호구역,20221008
경상남도 양산시 물금읍 범어리 2775-4번지,48330,25324,0,2775,0004,1264100124600,,,,1,용도지역코드,UQA220,일반상업지역,1,0,,일반상업지역,20221008
경상남도 양산시 물금읍 범어리 2775-4번지,48330,25324,0,2775,0004,1264100124600,,,,3,용도구역코드,UQQ310,제1종지구단위계획구역,1,0,,제1종지구단위계획구역,20221008
경상남도 양산시 물금읍 범어리 2775-4번지,48330,25324,0,2775,0004,1264100071459,,,,1,용도지역코드,UQA220,일반상업지역,1,0,,일반상업지역,20221008
경상남도 양산시 물금읍 범어리 2775-4번지,48330,25324,0,2775,0004,1264100071459,,,,3,용도구역코드,UQQ310,제1종지구단위계획구역,1,0,,제1종지구단위계획구역,20221008
경상남도 양산시 물금읍 범어리 2775-5번지,48330,25324,0,2775,0005,1264100132103,,,,1,용도지역코드,UQA220,일반상업지역,1,0,,일반상업지역,20221008
경상남도 양산시 물금읍 범어리 2775-5번지,48330,25324,0,2775,0005,1264100132103,,,,3,용도구역코드,UOA120,상대보호구역,1,0,,상대보호구역,20221008
경상남도 양산시 물금읍 범어리 2775-5번지,48330,25324,0,2775,0005,1264100132103,,,,3,용도구역코드,UQQ310,제1종지구단위계획구역,0,0,,제1종지구단위계획구역,20221008
경상남도 양산시 물금읍 범어리 2775-5번지,48330,25324,0,2775,0005,1264100132103,,,,3,용도구역코드,UMZ100,가축사육제한구역,0,0,,가축사육제한구역,20221008
경상남도 양산시 물금읍 범어리 2775-10번지,48330,25324,0,2775,0010,1264100075080,,,,1,용도지역코드,UQA220,일반상업지역,1,0,,일반상업지역,20221008
경상남도 양산시 물금읍 범어리 2776-1번지,48330,25324,0,2776,0001,1264100075140,,,,1,용도지역코드,UQA220,일반상업지역,1,0,,일반상업지역,20221008
경상남도 양산시 물금읍 범어리 2776-1번지,48330,25324,0,2776,0001,1264100075140,,,,3,용도구역코드,UQQ310,제1종지구단위계획구역,1,0,,제1종지구단위계획구역,20221008
경상남도 양산시 물금읍 범어리 2776-1번지,48330,25324,0,2776,0001,1264100075140,,,,3,용도구역코드,UOA120,상대보호구역,0,0,,상대정화구역,20221008
경상남도 양산시 물금읍 범어리 2776-3번지,48330,25324,0,2776,0003,1264100077859,,,,1,용도지역코드,UQA220,일반상업지역,1,0,,일반상업지역,20221008
경상남도 양산시 물금읍 범어리 2776-3번지,48330,25324,0,2776,0003,1264100077859,,,,3,용도구역코드,UQQ310,제1종지구단위계획구역,1,0,,제1종지구단위계획구역,20221008
경상남도 양산시 물금읍 범어리 2776-3번지,48330,25324,0,2776,0003,1264100077859,,,,3,용도구역코드,UOA120,상대보호구역,0,0,,상대정화구역,20221008
경상남도 양산시 물금읍 범어리 2776-6번지,48330,25324,0,2776,0006,1264100136845,,,,1,용도지역코드,UQA220,일반상업지역,1,0,,일반상업지역,20221008
경상남도 양산시 물금읍 범어리 2776-6번지,48330,25324,0,2776,0006,1264100136845,,,,3,용도구역코드,UQQ310,제1종지구단위계획구역,1,0,,제1종지구단위계획구역,20221008
경상남도 양산시 물금읍 범어리 2776-6번지,48330,25324,0,2776,0006,1264100079040,,,,1,용도지역코드,UQA220,일반상업지역,1,0,,일반상업지역,20221008
경상남도 양산시 물금읍 범어리 2776-6번지,48330,25324,0,2776,0006,1264100079040,,,,3,용도구역코드,UOA120,상대보호구역,,,,상대정화구역,20221008
경상남도 양산시 물금읍 범어리 2776-6번지,48330,25324,0,2776,0006,1264100079040,,,,3,용도구역코드,UQQ310,제1종지구단위계획구역,1,0,,제1종지구단위계획구역,20221008
경상남도 양산시 물금읍 범어리 2777-2번지,48330,25324,0,2777,0002,1264100095653,,,,1,용도지역코드,UQA121,제1종일반주거지역,1,0,,제1종일반주거지역,20221008
경상남도 양산시 물금읍 범어리 2777-2번지,48330,25324,0,2777,0002,1264100095653,,,,3,용도구역코드,UQQ310,제1종지구단위계획구역,1,0,,제1종지구단위계획구역,20221008
경상남도 양산시 물금읍 범어리 2777-2번지,48330,25324,0,2777,0002,1264100095653,,,,3,용도구역코드,UOA120,상대보호구역,0,0,,상대정화구역,20221008
경상남도 양산시 물금읍 범어리 2777-3번지,48330,25324,0,2777,0003,1264100067843,,,,1,용도지역코드,UQA121,제1종일반주거지역,1,0,,제1종일반주거지역,20221008
경상남도 양산시 물금읍 범어리 2777-3번지,48330,25324,0,2777,0003,1264100067843,,,,3,용도구역코드,UQQ310,제1종지구단위계획구역,1,0,,제1종지구단위계획구역,20221008
경상남도 양산시 물금읍 범어리 2777-4번지,48330,25324,0,2777,0004,1264100067959,,,,1,용도지역코드,UQA121,제1종일반주거지역,1,0,,제1종일반주거지역,20221008
경상남도 양산시 물금읍 범어리 2777-4번지,48330,25324,0,2777,0004,1264100067959,,,,3,용도구역코드,UQQ310,제1종지구단위계획구역,1,0,,제1종지구단위계획구역,20221008
경상남도 양산시 물금읍 범어리 2777-5번지,48330,25324,0,2777,0005,1264100052512,,,,1,용도지역코드,UQA121,제1종일반주거지역,1,0,,제1종일반주거지역,20221008
경상남도 양산시 물금읍 범어리 2777-6번지,48330,25324,0,2777,0006,1264100075121,,,,1,용도지역코드,UQA121,제1종일반주거지역,1,0,,제1종일반주거지역,20221008
경상남도 양산시 물금읍 범어리 2777-6번지,48330,25324,0,2777,0006,1264100075121,,,,3,용도구역코드,UQQ310,제1종지구단위계획구역,1,0,,제1종지구단위계획구역,20221008
경상남도 양산시 물금읍 범어리 2777-7번지,48330,25324,0,2777,0007,1264100059973,,,,1,용도지역코드,UQA121,제1종일반주거지역,1,0,,제1종일반주거지역,20221008
경상남도 양산시 물금읍 범어리 2777-7번지,48330,25324,0,2777,0007,1264100059973,,,,3,용도구역코드,UQQ310,제1종지구단위계획구역,1,0,,제1종지구단위계획구역,20221008
경상남도 양산시 물금읍 범어리 2777-7번지,48330,25324,0,2777,0007,1264100059973,,,,3,용도구역코드,UOA120,상대보호구역,0,0,,상대정화구역,20221008
경상남도 양산시 물금읍 범어리 2777-8번지,48330,25324,0,2777,0008,1264100065063,,,,1,용도지역코드,UQA121,제1종일반주거지역,1,0,,제1종일반주거지역,20221008
경상남도 양산시 물금읍 범어리 2777-8번지,48330,25324,0,2777,0008,1264100065063,,,,3,용도구역코드,UQQ310,제1종지구단위계획구역,1,0,,제1종지구단위계획구역,20221008
경상남도 양산시 물금읍 범어리 2777-10번지,48330,25324,0,2777,0010,1264100052511,,,,1,용도지역코드,UQA121,제1종일반주거지역,1,0,,제1종일반주거지역,20221008
경상남도 양산시 물금읍 범어리 2777-11번지,48330,25324,0,2777,0011,1264100083281,,,,1,용도지역코드,UQA121,제1종일반주거지역,1,0,,제1종일반주거지역,20221008
경상남도 양산시 물금읍 범어리 2777-11번지,48330,25324,0,2777,0011,1264100083281,,,,3,용도구역코드,UQQ310,제1종지구단위계획구역,1,0,,제1종지구단위계획구역,20221008
경상남도 양산시 물금읍 범어리 2777-12번지,48330,25324,0,2777,0012,1264100076320,,,,1,용도지역코드,UQA121,제1종일반주거지역,1,0,,제1종일반주거지역,20221008
경상남도 양산시 물금읍 범어리 2777-12번지,48330,25324,0,2777,0012,1264100076320,,,,3,용도구역코드,UQQ310,제1종지구단위계획구역,1,0,,제1종지구단위계획구역,20221008
경상남도 양산시 물금읍 범어리 2777-13번지,48330,25324,0,2777,0013,1264100052510,,,,1,용도지역코드,UQA121,제1종일반주거지역,1,0,,제1종일반주거지역,20221008
경상남도 양산시 물금읍 범어리 2778-1번지,48330,25324,0,2778,0001,1264100153350,,,,1,용도지역코드,UQA121,제1종일반주거지역,1,0,,제1종일반주거지역,20221008
경상남도 양산시 물금읍 범어리 2778-1번지,48330,25324,0,2778,0001,1264100153350,,,,3,용도구역코드,UOA120,상대보호구역,1,0,,상대보호구역,20221008
경상남도 양산시 물금읍 범어리 2778-1번지,48330,25324,0,2778,0001,1264100153350,,,,3,용도구역코드,UQQ310,제1종지구단위계획구역,0,0,,제1종지구단위계획구역,20221008
경상남도 양산시 물금읍 범어리 2778-2번지,48330,25324,0,2778,0002,1264100085722,,,,1,용도지역코드,UQA121,제1종일반주거지역,1,0,,제1종일반주거지역,20221008
경상남도 양산시 물금읍 범어리 2778-2번지,48330,25324,0,2778,0002,1264100085722,,,,3,용도구역코드,UQQ310,제1종지구단위계획구역,1,0,,제1종지구단위계획구역,20221008
경상남도 양산시 물금읍 범어리 2778-2번지,48330,25324,0,2778,0002,1264100085722,,,,3,용도구역코드,UOA120,상대보호구역,0,0,,상대정화구역,20221008
경상남도 양산시 물금읍 범어리 2778-3번지,48330,25324,0,2778,0003,1264100087524,,,,1,용도지역코드,UQA121,제1종일반주거지역,1,0,,제1종일반주거지역,20221008
경상남도 양산시 물금읍 범어리 2778-3번지,48330,25324,0,2778,0003,1264100087524,,,,3,용도구역코드,UQQ310,제1종지구단위계획구역,1,0,,제1종지구단위계획구역,20221008
경상남도 양산시 물금읍 범어리 2778-4번지,48330,25324,0,2778,0004,1264100092061,,,,1,용도지역코드,UQA121,제1종일반주거지역,1,0,,제1종일반주거지역,20221008
경상남도 양산시 물금읍 범어리 2778-4번지,48330,25324,0,2778,0004,1264100092061,,,,3,용도구역코드,UQQ310,제1종지구단위계획구역,1,0,,제1종지구단위계획구역,20221008
경상남도 양산시 물금읍 범어리 2778-5번지,48330,25324,0,2778,0005,1264100108578,,,,1,용도지역코드,UQA121,제1종일반주거지역,1,0,,제1종일반주거지역,20221008
경상남도 양산시 물금읍 범어리 2778-5번지,48330,25324,0,2778,0005,1264100108578,,,,3,용도구역코드,UQQ310,제1종지구단위계획구역,1,0,,제1종지구단위계획구역,20221008
경상남도 양산시 물금읍 범어리 2778-7번지,48330,25324,0,2778,0007,1264100108579,,,,1,용도지역코드,UQA121,제1종일반주거지역,1,0,,제1종일반주거지역,20221008
경상남도 양산시 물금읍 범어리 2778-7번지,48330,25324,0,2778,0007,1264100108579,,,,3,용도구역코드,UQQ310,제1종지구단위계획구역,1,0,,제1종지구단위계획구역,20221008
경상남도 양산시 물금읍 범어리 2778-8번지,48330,25324,0,2778,0008,1264100147591,,,,1,용도지역코드,UQA121,제1종일반주거지역,1,0,,제1종일반주거지역,20221008
경상남도 양산시 물금읍 범어리 2778-8번지,48330,25324,0,2778,0008,1264100147591,,,,3,용도구역코드,UOA120,상대보호구역,1,0,,상대보호구역,20221008
경상남도 양산시 물금읍 범어리 2778-8번지,48330,25324,0,2778,0008,1264100147591,,,,3,용도구역코드,UQQ310,제1종지구단위계획구역,0,0,,제1종지구단위계획구역,20221008
경상남도 양산시 물금읍 범어리 2778-10번지,48330,25324,0,2778,0010,1264100070119,,,,1,용도지역코드,UQA121,제1종일반주거지역,1,0,,제1종일반주거지역,20221008
경상남도 양산시 물금읍 범어리 2778-10번지,48330,25324,0,2778,0010,1264100070119,,,,3,용도구역코드,UQQ310,제1종지구단위계획구역,1,0,,제1종지구단위계획구역,20221008
경상남도 양산시 물금읍 범어리 2778-11번지,48330,25324,0,2778,0011,1264100102858,,,,1,용도지역코드,UQA121,제1종일반주거지역,1,0,,제1종일반주거지역,20221008
경상남도 양산시 물금읍 범어리 2778-11번지,48330,25324,0,2778,0011,1264100102858,,,,3,용도구역코드,UQQ310,제1종지구단위계획구역,1,0,,제1종지구단위계획구역,20221008
경상남도 양산시 물금읍 범어리 2778-12번지,48330,25324,0,2778,0012,1264100114997,,,,1,용도지역코드,UQA121,제1종일반주거지역,1,0,,제1종일반주거지역,20221008
경상남도 양산시 물금읍 범어리 2778-12번지,48330,25324,0,2778,0012,1264100114997,,,,3,용도구역코드,UQQ310,제1종지구단위계획구역,1,0,,제1종지구단위계획구역,20221008
경상남도 양산시 물금읍 범어리 2778-13번지,48330,25324,0,2778,0013,1264100061617,,,,1,용도지역코드,UQA121,제1종일반주거지역,1,0,,제1종일반주거지역,20221008
경상남도 양산시 물금읍 범어리 2778-13번지,48330,25324,0,2778,0013,1264100061617,,,,3,용도구역코드,UQQ310,제1종지구단위계획구역,1,0,,제1종지구단위계획구역,20221008
경상남도 양산시 물금읍 범어리 2778-13번지,48330,25324,0,2778,0013,1264100061617,,,,3,용도구역코드,UOA120,상대보호구역,0,0,,상대정화구역,20221008
경상남도 양산시 물금읍 범어리 2778-13번지,48330,25324,0,2778,0013,1264100072079,,,,1,용도지역코드,UQA121,제1종일반주거지역,1,0,,제1종일반주거지역,20221008
경상남도 양산시 물금읍 범어리 2778-13번지,48330,25324,0,2778,0013,1264100072079,,,,3,용도구역코드,UQQ310,제1종지구단위계획구역,1,0,,제1종지구단위계획구역,20221008
경상남도 양산시 물금읍 범어리 2778-13번지,48330,25324,0,2778,0013,1264100072079,,,,3,용도구역코드,UOA120,상대보호구역,0,0,,상대정화구역,20221008
경상남도 양산시 물금읍 범어리 2778-14번지,48330,25324,0,2778,0014,1264100066739,,,,1,용도지역코드,UQA121,제1종일반주거지역,1,0,,제1종일반주거지역,20221008
경상남도 양산시 물금읍 범어리 2778-14번지,48330,25324,0,2778,0014,1264100066739,,,,3,용도구역코드,UQQ310,제1종지구단위계획구역,1,0,,제1종지구단위계획구역,20221008
경상남도 양산시 물금읍 범어리 2778-15번지,48330,25324,0,2778,0015,1264100060394,,,,1,용도지역코드,UQA121,제1종일반주거지역,1,0,,제1종일반주거지역,20221008
경상남도 양산시 물금읍 범어리 2778-15번지,48330,25324,0,2778,0015,1264100060394,,,,3,용도구역코드,UQQ310,제1종지구단위계획구역,1,0,,제1종지구단위계획구역,20221008
경상남도 양산시 물금읍 범어리 2778-16번지,48330,25324,0,2778,0016,1264100111236,,,,1,용도지역코드,UQA121,제1종일반주거지역,1,0,,제1종일반주거지역,20221008
경상남도 양산시 물금읍 범어리 2778-16번지,48330,25324,0,2778,0016,1264100111236,,,,3,용도구역코드,UQQ310,제1종지구단위계획구역,1,0,,제1종지구단위계획구역,20221008
경상남도 양산시 물금읍 범어리 2778-17번지,48330,25324,0,2778,0017,1264100075200,,,,1,용도지역코드,UQA121,제1종일반주거지역,1,0,,제1종일반주거지역,20221008
경상남도 양산시 물금읍 범어리 2778-17번지,48330,25324,0,2778,0017,1264100075200,,,,3,용도구역코드,UQQ310,제1종지구단위계획구역,1,0,,제1종지구단위계획구역,20221008
경상남도 양산시 물금읍 범어리 2778-18번지,48330,25324,0,2778,0018,1264100087722,,,,1,용도지역코드,UQA121,제1종일반주거지역,1,0,,제1종일반주거지역,20221008
경상남도 양산시 물금읍 범어리 2778-18번지,48330,25324,0,2778,0018,1264100087722,,,,3,용도구역코드,UQQ310,제1종지구단위계획구역,1,0,,제1종지구단위계획구역,20221008
경상남도 양산시 물금읍 범어리 2778-19번지,48330,25324,0,2778,0019,1264100082921,,,,1,용도지역코드,UQA121,제1종일반주거지역,1,0,,제1종일반주거지역,20221008
경상남도 양산시 물금읍 범어리 2778-19번지,48330,25324,0,2778,0019,1264100082921,,,,3,용도구역코드,UQQ310,제1종지구단위계획구역,1,0,,제1종지구단위계획구역,20221008
경상남도 양산시 물금읍 범어리 2778-20번지,48330,25324,0,2778,0020,1264100075720,,,,1,용도지역코드,UQA121,제1종일반주거지역,1,0,,제1종일반주거지역,20221008
경상남도 양산시 물금읍 범어리 2778-20번지,48330,25324,0,2778,0020,1264100075720,,,,3,용도구역코드,UQQ310,제1종지구단위계획구역,1,0,,제1종지구단위계획구역,20221008
경상남도 양산시 물금읍 범어리 2778-20번지,48330,25324,0,2778,0020,1264100075720,,,,3,용도구역코드,UOA120,상대보호구역,0,0,,상대정화구역,20221008
경상남도 양산시 물금읍 범어리 2778-21번지,48330,25324,0,2778,0021,1264100072180,,,,1,용도지역코드,UQA121,제1종일반주거지역,1,0,,제1종일반주거지역,20221008
경상남도 양산시 물금읍 범어리 2778-21번지,48330,25324,0,2778,0021,1264100072180,,,,3,용도구역코드,UQQ310,제1종지구단위계획구역,1,0,,제1종지구단위계획구역,20221008
경상남도 양산시 물금읍 범어리 2778-22번지,48330,25324,0,2778,0022,1264100092062,,,,1,용도지역코드,UQA121,제1종일반주거지역,1,0,,제1종일반주거지역,20221008
경상남도 양산시 물금읍 범어리 2778-22번지,48330,25324,0,2778,0022,1264100092062,,,,3,용도구역코드,UQQ310,제1종지구단위계획구역,1,0,,제1종지구단위계획구역,20221008
경상남도 양산시 물금읍 범어리 2778-23번지,48330,25324,0,2778,0023,1264100098815,,,,1,용도지역코드,UQA121,제1종일반주거지역,1,0,,제1종일반주거지역,20221008
경상남도 양산시 물금읍 범어리 2778-23번지,48330,25324,0,2778,0023,1264100098815,,,,3,용도구역코드,UQQ310,제1종지구단위계획구역,1,0,,제1종지구단위계획구역,20221008
경상남도 양산시 물금읍 범어리 2778-23번지,48330,25324,0,2778,0023,1264100098815,,,,3,용도구역코드,UOA120,상대보호구역,0,0,,상대정화구역,20221008
경상남도 양산시 물금읍 범어리 2778-26번지,48330,25324,0,2778,0026,1264100080542,,,,1,용도지역코드,UQA121,제1종일반주거지역,1,0,,제1종일반주거지역,20221008
경상남도 양산시 물금읍 범어리 2778-26번지,48330,25324,0,2778,0026,1264100080542,,,,3,용도구역코드,UQQ310,제1종지구단위계획구역,1,0,,제1종지구단위계획구역,20221008
경상남도 양산시 물금읍 범어리 2778-27번지,48330,25324,0,2778,0027,1264100071400,,,,1,용도지역코드,UQA121,제1종일반주거지역,1,0,,제1종일반주거지역,20221008
경상남도 양산시 물금읍 범어리 2778-27번지,48330,25324,0,2778,0027,1264100071400,,,,3,용도구역코드,UQQ300,지구단위계획구역,1,0,,지구단위계획구역,20221008
경상남도 양산시 물금읍 범어리 2778-27번지,48330,25324,0,2778,0027,1264100071400,,,,3,용도구역코드,UOA120,상대보호구역,0,0,,상대정화구역,20221008
경상남도 양산시 물금읍 범어리 2778-28번지,48330,25324,0,2778,0028,1264100071320,,,,1,용도지역코드,UQA121,제1종일반주거지역,1,0,,제1종일반주거지역,20221008
경상남도 양산시 물금읍 범어리 2778-28번지,48330,25324,0,2778,0028,1264100071320,,,,3,용도구역코드,UQQ310,제1종지구단위계획구역,1,0,,제1종지구단위계획구역,20221008
경상남도 양산시 물금읍 범어리 2778-29번지,48330,25324,0,2778,0029,1264100091889,,,,1,용도지역코드,UQA121,제1종일반주거지역,1,0,,제1종일반주거지역,20221008
경상남도 양산시 물금읍 범어리 2778-29번지,48330,25324,0,2778,0029,1264100091889,,,,3,용도구역코드,UQQ310,제1종지구단위계획구역,1,0,,제1종지구단위계획구역,20221008
경상남도 양산시 물금읍 범어리 2778-31번지,48330,25324,0,2778,0031,1264100065280,,,,1,용도지역코드,UQA121,제1종일반주거지역,1,0,,제1종일반주거지역,20221008
경상남도 양산시 물금읍 범어리 2778-31번지,48330,25324,0,2778,0031,1264100065280,,,,3,용도구역코드,UQQ310,제1종지구단위계획구역,1,0,,제1종지구단위계획구역,20221008
경상남도 양산시 물금읍 범어리 2778-31번지,48330,25324,0,2778,0031,1264100065280,,,,3,용도구역코드,UOA120,상대보호구역,0,0,,상대정화구역,20221008
경상남도 양산시 물금읍 범어리 2779-1번지,48330,25324,0,2779,0001,1264100076980,,,,1,용도지역코드,UQA121,제1종일반주거지역,1,0,,제1종일반주거지역,20221008
경상남도 양산시 물금읍 범어리 2779-1번지,48330,25324,0,2779,0001,1264100076980,,,,3,용도구역코드,UQQ310,제1종지구단위계획구역,1,0,,제1종지구단위계획구역,20221008
경상남도 양산시 물금읍 범어리 2779-2번지,48330,25324,0,2779,0002,1264100071059,,,,1,용도지역코드,UQA121,제1종일반주거지역,1,0,,제1종일반주거지역,20221008
경상남도 양산시 물금읍 범어리 2779-2번지,48330,25324,0,2779,0002,1264100071059,,,,3,용도구역코드,UQQ310,제1종지구단위계획구역,1,0,,제1종지구단위계획구역,20221008
경상남도 양산시 물금읍 범어리 2779-3번지,48330,25324,0,2779,0003,1264100045885,,,,1,용도지역코드,UQA121,제1종일반주거지역,1,0,,제1종일반주거지역,20221008
경상남도 양산시 물금읍 범어리 2779-3번지,48330,25324,0,2779,0003,1264100045885,,,,3,용도구역코드,UOA120,상대보호구역,1,0,,상대정화구역,20221008
경상남도 양산시 물금읍 범어리 2779-6번지,48330,25324,0,2779,0006,1264100115657,,,,1,용도지역코드,UQA121,제1종일반주거지역,1,0,,제1종일반주거지역,20221008
경상남도 양산시 물금읍 범어리 2779-6번지,48330,25324,0,2779,0006,1264100115657,,,,3,용도구역코드,UQQ310,제1종지구단위계획구역,1,0,,제1종지구단위계획구역,20221008
경상남도 양산시 물금읍 범어리 2779-7번지,48330,25324,0,2779,0007,1264100098814,,,,1,용도지역코드,UQA121,제1종일반주거지역,1,0,,제1종일반주거지역,20221008
경상남도 양산시 물금읍 범어리 2779-7번지,48330,25324,0,2779,0007,1264100098814,,,,3,용도구역코드,UQQ310,제1종지구단위계획구역,1,0,,제1종지구단위계획구역,20221008
경상남도 양산시 물금읍 범어리 2779-7번지,48330,25324,0,2779,0007,1264100098814,,,,3,용도구역코드,UOA120,상대보호구역,0,0,,상대정화구역,20221008
경상남도 양산시 물금읍 범어리 2779-7번지,48330,25324,0,2779,0007,1264100098814,,,,3,용도구역코드,UOA110,절대정화구역,0,0,,절대정화구역,20221008
경상남도 양산시 물금읍 범어리 2779-8번지,48330,25324,0,2779,0008,1264100095889,,,,1,용도지역코드,UQA121,제1종일반주거지역,1,0,,제1종일반주거지역,20221008
경상남도 양산시 물금읍 범어리 2779-8번지,48330,25324,0,2779,0008,1264100095889,,,,3,용도구역코드,UQQ310,제1종지구단위계획구역,1,0,,제1종지구단위계획구역,20221008
경상남도 양산시 물금읍 범어리 2779-9번지,48330,25324,0,2779,0009,1264100068700,,,,1,용도지역코드,UQA121,제1종일반주거지역,1,0,,제1종일반주거지역,20221008
경상남도 양산시 물금읍 범어리 2779-9번지,48330,25324,0,2779,0009,1264100068700,,,,3,용도구역코드,UQQ310,제1종지구단위계획구역,1,0,,제1종지구단위계획구역,20221008
경상남도 양산시 물금읍 범어리 2779-10번지,48330,25324,0,2779,0010,1264100080899,,,,1,용도지역코드,UQA121,제1종일반주거지역,1,0,,제1종일반주거지역,20221008
경상남도 양산시 물금읍 범어리 2779-10번지,48330,25324,0,2779,0010,1264100080899,,,,3,용도구역코드,UQQ310,제1종지구단위계획구역,1,0,,제1종지구단위계획구역,20221008
경상남도 양산시 물금읍 범어리 2779-10번지,48330,25324,0,2779,0010,1264100080899,,,,3,용도구역코드,UOA120,상대보호구역,0,0,,상대정화구역,20221008
경상남도 양산시 물금읍 범어리 2779-11번지,48330,25324,0,2779,0011,1264100070919,,,,1,용도지역코드,UQA121,제1종일반주거지역,1,0,,제1종일반주거지역,20221008
경상남도 양산시 물금읍 범어리 2779-11번지,48330,25324,0,2779,0011,1264100070919,,,,3,용도구역코드,UQQ310,제1종지구단위계획구역,1,0,,제1종지구단위계획구역,20221008
경상남도 양산시 물금읍 범어리 2779-12번지,48330,25324,0,2779,0012,1264100101875,,,,1,용도지역코드,UQA121,제1종일반주거지역,1,0,,제1종일반주거지역,20221008
경상남도 양산시 물금읍 범어리 2779-12번지,48330,25324,0,2779,0012,1264100101875,,,,3,용도구역코드,UQQ310,제1종지구단위계획구역,1,0,,제1종지구단위계획구역,20221008
경상남도 양산시 물금읍 범어리 2779-13번지,48330,25324,0,2779,0013,1264100073519,,,,1,용도지역코드,UQA121,제1종일반주거지역,1,0,,제1종일반주거지역,20221008
경상남도 양산시 물금읍 범어리 2779-13번지,48330,25324,0,2779,0013,1264100073519,,,,3,용도구역코드,UQQ310,제1종지구단위계획구역,1,0,,제1종지구단위계획구역,20221008
경상남도 양산시 물금읍 범어리 2779-14번지,48330,25324,0,2779,0014,1264100074759,,,,1,용도지역코드,UQA121,제1종일반주거지역,1,0,,제1종일반주거지역,20221008
경상남도 양산시 물금읍 범어리 2779-14번지,48330,25324,0,2779,0014,1264100074759,,,,3,용도구역코드,UQQ310,제1종지구단위계획구역,1,0,,제1종지구단위계획구역,20221008
경상남도 양산시 물금읍 범어리 2779-15번지,48330,25324,0,2779,0015,1264100076279,,,,1,용도지역코드,UQA121,제1종일반주거지역,1,0,,제1종일반주거지역,20221008
경상남도 양산시 물금읍 범어리 2779-15번지,48330,25324,0,2779,0015,1264100076279,,,,3,용도구역코드,UQQ310,제1종지구단위계획구역,1,0,,제1종지구단위계획구역,20221008
경상남도 양산시 물금읍 범어리 2779-16번지,48330,25324,0,2779,0016,1264100088421,,,,1,용도지역코드,UQA121,제1종일반주거지역,1,0,,제1종일반주거지역,20221008
경상남도 양산시 물금읍 범어리 2779-16번지,48330,25324,0,2779,0016,1264100088421,,,,3,용도구역코드,UOA120,상대보호구역,,,,상대정화구역,20221008
경상남도 양산시 물금읍 범어리 2779-16번지,48330,25324,0,2779,0016,1264100088421,,,,3,용도구역코드,UQQ310,제1종지구단위계획구역,1,0,,제1종지구단위계획구역,20221008
경상남도 양산시 물금읍 범어리 2779-17번지,48330,25324,0,2779,0017,1264100084001,,,,1,용도지역코드,UQA121,제1종일반주거지역,1,0,,제1종일반주거지역,20221008
경상남도 양산시 물금읍 범어리 2779-17번지,48330,25324,0,2779,0017,1264100084001,,,,3,용도구역코드,UQQ310,제1종지구단위계획구역,1,0,,제1종지구단위계획구역,20221008
경상남도 양산시 물금읍 범어리 2779-19번지,48330,25324,0,2779,0019,1264100080742,,,,1,용도지역코드,UQA121,제1종일반주거지역,1,0,,제1종일반주거지역,20221008
경상남도 양산시 물금읍 범어리 2779-19번지,48330,25324,0,2779,0019,1264100080742,,,,3,용도구역코드,UQQ310,제1종지구단위계획구역,1,0,,제1종지구단위계획구역,20221008
경상남도 양산시 물금읍 범어리 2779-20번지,48330,25324,0,2779,0020,1264100086322,,,,1,용도지역코드,UQA121,제1종일반주거지역,1,0,,제1종일반주거지역,20221008
경상남도 양산시 물금읍 범어리 2779-20번지,48330,25324,0,2779,0020,1264100086322,,,,3,용도구역코드,UQQ310,제1종지구단위계획구역,1,0,,제1종지구단위계획구역,20221008
경상남도 양산시 물금읍 범어리 2779-21번지,48330,25324,0,2779,0021,1264100115561,,,,3,용도구역코드,UQQ310,제1종지구단위계획구역,0,0,,제1종지구단위계획구역,20230619
경상남도 양산시 물금읍 범어리 2779-21번지,48330,25324,0,2779,0021,1264100115561,,,,1,용도지역코드,UQA121,제1종일반주거지역,1,0,,제1종일반주거지역,20230619
경상남도 양산시 물금읍 범어리 2779-21번지,48330,25324,0,2779,0021,1264100115561,,,,3,용도구역코드,UOA120,상대보호구역,1,0,,상대보호구역,20230619
경상남도 양산시 물금읍 범어리 2779-21번지,48330,25324,0,2779,0021,1264100115561,,,,3,용도구역코드,UOA110,절대정화구역,0,0,,절대보호구역,20230619
경상남도 양산시 물금읍 범어리 2779-22번지,48330,25324,0,2779,0022,1264100071039,,,,1,용도지역코드,UQA121,제1종일반주거지역,1,0,,제1종일반주거지역,20221008
경상남도 양산시 물금읍 범어리 2779-22번지,48330,25324,0,2779,0022,1264100071039,,,,3,용도구역코드,UQQ310,제1종지구단위계획구역,1,0,,제1종지구단위계획구역,20221008
경상남도 양산시 물금읍 범어리 2779-23번지,48330,25324,0,2779,0023,1264100063546,,,,1,용도지역코드,UQA121,제1종일반주거지역,1,0,,제1종일반주거지역,20221008
경상남도 양산시 물금읍 범어리 2779-23번지,48330,25324,0,2779,0023,1264100063546,,,,3,용도구역코드,UQQ310,제1종지구단위계획구역,1,0,,제1종지구단위계획구역,20221008
경상남도 양산시 물금읍 범어리 2780-1번지,48330,25324,0,2780,0001,1264100089441,,,,1,용도지역코드,UQA121,제1종일반주거지역,1,0,,제1종일반주거지역,20221008
경상남도 양산시 물금읍 범어리 2780-1번지,48330,25324,0,2780,0001,1264100089441,,,,3,용도구역코드,UQQ310,제1종지구단위계획구역,1,0,,제1종지구단위계획구역,20221008
경상남도 양산시 물금읍 범어리 2780-2번지,48330,25324,0,2780,0002,1264100058953,,,,1,용도지역코드,UQA121,제1종일반주거지역,1,0,,제1종일반주거지역,20221008
경상남도 양산시 물금읍 범어리 2780-2번지,48330,25324,0,2780,0002,1264100058953,,,,3,용도구역코드,UQQ310,제1종지구단위계획구역,1,0,,제1종지구단위계획구역,20221008
경상남도 양산시 물금읍 범어리 2780-2번지,48330,25324,0,2780,0002,1264100063544,,,,1,용도지역코드,UQA121,제1종일반주거지역,1,0,,제1종일반주거지역,20221008
경상남도 양산시 물금읍 범어리 2780-2번지,48330,25324,0,2780,0002,1264100063544,,,,3,용도구역코드,UQQ310,제1종지구단위계획구역,1,0,,제1종지구단위계획구역,20221008
경상남도 양산시 물금읍 범어리 2780-3번지,48330,25324,0,2780,0003,1264100076499,,,,1,용도지역코드,UQA121,제1종일반주거지역,1,0,,제1종일반주거지역,20221008
경상남도 양산시 물금읍 범어리 2780-3번지,48330,25324,0,2780,0003,1264100076499,,,,3,용도구역코드,UQQ310,제1종지구단위계획구역,1,0,,제1종지구단위계획구역,20221008
경상남도 양산시 물금읍 범어리 2780-4번지,48330,25324,0,2780,0004,1264100098313,,,,3,용도구역코드,UQQ310,제1종지구단위계획구역,1,0,,제1종지구단위계획구역,20221008
경상남도 양산시 물금읍 범어리 2780-4번지,48330,25324,0,2780,0004,1264100098313,,,,1,용도지역코드,UQA121,제1종일반주거지역,1,0,,제1종일반주거지역,20221008
경상남도 양산시 물금읍 범어리 2780-5번지,48330,25324,0,2780,0005,1264100056593,,,,1,용도지역코드,UQA121,제1종일반주거지역,1,0,,제1종일반주거지역,20221008
경상남도 양산시 물금읍 범어리 2780-5번지,48330,25324,0,2780,0005,1264100056593,,,,3,용도구역코드,UQQ310,제1종지구단위계획구역,1,0,,제1종지구단위계획구역,20221008
경상남도 양산시 물금읍 범어리 2780-6번지,48330,25324,0,2780,0006,1264100051333,,,,1,용도지역코드,UQA121,제1종일반주거지역,1,0,,제1종일반주거지역,20221008
경상남도 양산시 물금읍 범어리 2780-6번지,48330,25324,0,2780,0006,1264100051333,,,,3,용도구역코드,UOA120,상대보호구역,1,0,,상대정화구역,20221008
경상남도 양산시 물금읍 범어리 2780-7번지,48330,25324,0,2780,0007,1264100151831,,,,1,용도지역코드,UQA121,제1종일반주거지역,1,0,,제1종일반주거지역,20221101
경상남도 양산시 물금읍 범어리 2780-7번지,48330,25324,0,2780,0007,1264100151831,,,,3,용도구역코드,UQQ310,제1종지구단위계획구역,1,0,,제1종지구단위계획구역,20221101
경상남도 양산시 물금읍 범어리 2780-8번지,48330,25324,0,2780,0008,1264100149211,,,,1,용도지역코드,UQA121,제1종일반주거지역,1,0,,제1종일반주거지역,20221008
경상남도 양산시 물금읍 범어리 2780-8번지,48330,25324,0,2780,0008,1264100149211,,,,3,용도구역코드,UQQ310,제1종지구단위계획구역,1,0,,제1종지구단위계획구역,20221008
경상남도 양산시 물금읍 범어리 2780-8번지,48330,25324,0,2780,0008,1264100149211,,,,3,용도구역코드,UMZ100,가축사육제한구역,0,0,,가축사육제한구역,20221008
경상남도 양산시 물금읍 범어리 2780-8번지,48330,25324,0,2780,0008,1264100149211,,,,3,용도구역코드,UOA120,상대보호구역,0,0,,상대보호구역,20221008
경상남도 양산시 물금읍 범어리 2780-9번지,48330,25324,0,2780,0009,1264100085041,,,,1,용도지역코드,UQA121,제1종일반주거지역,1,0,,제1종일반주거지역,20221008
경상남도 양산시 물금읍 범어리 2780-9번지,48330,25324,0,2780,0009,1264100085041,,,,3,용도구역코드,UQQ310,제1종지구단위계획구역,1,0,,제1종지구단위계획구역,20221008
경상남도 양산시 물금읍 범어리 2780-9번지,48330,25324,0,2780,0009,1264100085041,,,,3,용도구역코드,UOA120,상대보호구역,0,0,,상대정화구역,20221008
경상남도 양산시 물금읍 범어리 2780-10번지,48330,25324,0,2780,0010,1264100091702,,,,1,용도지역코드,UQA121,제1종일반주거지역,1,0,,제1종일반주거지역,20221008
경상남도 양산시 물금읍 범어리 2780-10번지,48330,25324,0,2780,0010,1264100091702,,,,3,용도구역코드,UQQ310,제1종지구단위계획구역,1,0,,제1종지구단위계획구역,20221008
경상남도 양산시 물금읍 범어리 2780-11번지,48330,25324,0,2780,0011,1264100066820,,,,1,용도지역코드,UQA121,제1종일반주거지역,1,0,,제1종일반주거지역,20221008
경상남도 양산시 물금읍 범어리 2780-11번지,48330,25324,0,2780,0011,1264100066820,,,,3,용도구역코드,UQQ310,제1종지구단위계획구역,1,0,,제1종지구단위계획구역,20221008
경상남도 양산시 물금읍 범어리 2780-12번지,48330,25324,0,2780,0012,1264100152011,,,,1,용도지역코드,UQA121,제1종일반주거지역,1,0,,제1종일반주거지역,20221008
경상남도 양산시 물금읍 범어리 2780-12번지,48330,25324,0,2780,0012,1264100152011,,,,3,용도구역코드,UOA120,상대보호구역,1,0,,상대보호구역,20221008
경상남도 양산시 물금읍 범어리 2780-12번지,48330,25324,0,2780,0012,1264100152011,,,,3,용도구역코드,UQQ310,제1종지구단위계획구역,0,0,,제1종지구단위계획구역,20221008
경상남도 양산시 물금읍 범어리 2780-13번지,48330,25324,0,2780,0013,1264100074860,,,,1,용도지역코드,UQA121,제1종일반주거지역,1,0,,제1종일반주거지역,20221008
경상남도 양산시 물금읍 범어리 2780-13번지,48330,25324,0,2780,0013,1264100074860,,,,3,용도구역코드,UQQ310,제1종지구단위계획구역,1,0,,제1종지구단위계획구역,20221008
경상남도 양산시 물금읍 범어리 2780-14번지,48330,25324,0,2780,0014,1264100069681,,,,1,용도지역코드,UQA121,제1종일반주거지역,1,0,,제1종일반주거지역,20221008
경상남도 양산시 물금읍 범어리 2780-14번지,48330,25324,0,2780,0014,1264100069681,,,,3,용도구역코드,UQQ310,제1종지구단위계획구역,1,0,,제1종지구단위계획구역,20221008
경상남도 양산시 물금읍 범어리 2780-14번지,48330,25324,0,2780,0014,1264100069681,,,,3,용도구역코드,UOA120,상대보호구역,0,0,,상대정화구역,20221008
경상남도 양산시 물금읍 범어리 2781-1번지,48330,25324,0,2781,0001,1264100111041,,,,1,용도지역코드,UQA121,제1종일반주거지역,1,0,,제1종일반주거지역,20221008
경상남도 양산시 물금읍 범어리 2781-1번지,48330,25324,0,2781,0001,1264100111041,,,,3,용도구역코드,UQQ310,제1종지구단위계획구역,1,0,,제1종지구단위계획구역,20221008
경상남도 양산시 물금읍 범어리 2781-2번지,48330,25324,0,2781,0002,1264100095892,,,,1,용도지역코드,UQA121,제1종일반주거지역,1,0,,제1종일반주거지역,20221008
경상남도 양산시 물금읍 범어리 2781-2번지,48330,25324,0,2781,0002,1264100095892,,,,3,용도구역코드,UQQ310,제1종지구단위계획구역,1,0,,제1종지구단위계획구역,20221008
경상남도 양산시 물금읍 범어리 2781-3번지,48330,25324,0,2781,0003,1264100052029,,,,1,용도지역코드,UQA121,제1종일반주거지역,1,0,,제1종일반주거지역,20221008
경상남도 양산시 물금읍 범어리 2781-3번지,48330,25324,0,2781,0003,1264100052029,,,,3,용도구역코드,UQQ310,제1종지구단위계획구역,1,0,,제1종지구단위계획구역,20221008
경상남도 양산시 물금읍 범어리 2781-4번지,48330,25324,0,2781,0004,1264100073961,,,,1,용도지역코드,UQA121,제1종일반주거지역,1,0,,제1종일반주거지역,20221008
경상남도 양산시 물금읍 범어리 2781-4번지,48330,25324,0,2781,0004,1264100073961,,,,3,용도구역코드,UQQ310,제1종지구단위계획구역,1,0,,제1종지구단위계획구역,20221008
경상남도 양산시 물금읍 범어리 2781-5번지,48330,25324,0,2781,0005,1264100052030,,,,1,용도지역코드,UQA121,제1종일반주거지역,1,0,,제1종일반주거지역,20221008
경상남도 양산시 물금읍 범어리 2781-5번지,48330,25324,0,2781,0005,1264100052030,,,,3,용도구역코드,UQQ310,제1종지구단위계획구역,1,0,,제1종지구단위계획구역,20221008
경상남도 양산시 물금읍 범어리 2781-7번지,48330,25324,0,2781,0007,1264100050387,,,,3,용도구역코드,UOA110,절대정화구역,,,,절대정화구역,20221008
경상남도 양산시 물금읍 범어리 2781-7번지,48330,25324,0,2781,0007,1264100050387,,,,1,용도지역코드,UQA121,제1종일반주거지역,1,0,,제1종일반주거지역,20221008
경상남도 양산시 물금읍 범어리 2781-7번지,48330,25324,0,2781,0007,1264100050387,,,,3,용도구역코드,UQQ310,제1종지구단위계획구역,1,0,,제1종지구단위계획구역,20221008
경상남도 양산시 물금읍 범어리 2781-8번지,48330,25324,0,2781,0008,1264100081100,,,,1,용도지역코드,UQA121,제1종일반주거지역,1,0,,제1종일반주거지역,20221008
경상남도 양산시 물금읍 범어리 2781-8번지,48330,25324,0,2781,0008,1264100081100,,,,3,용도구역코드,UQQ310,제1종지구단위계획구역,1,0,,제1종지구단위계획구역,20221008
경상남도 양산시 물금읍 범어리 2781-9번지,48330,25324,0,2781,0009,1264100052031,,,,1,용도지역코드,UQA121,제1종일반주거지역,1,0,,제1종일반주거지역,20221008
경상남도 양산시 물금읍 범어리 2781-9번지,48330,25324,0,2781,0009,1264100052031,,,,3,용도구역코드,UQQ310,제1종지구단위계획구역,1,0,,제1종지구단위계획구역,20221008
경상남도 양산시 물금읍 범어리 2781-9번지,48330,25324,0,2781,0009,1000000000000000382298,,,,1,용도지역코드,UQA121,제1종일반주거지역,1,0,,제1종일반주거지역,20231018
경상남도 양산시 물금읍 범어리 2781-9번지,48330,25324,0,2781,0009,1000000000000000382298,,,,3,용도구역코드,UMZ100,가축사육제한구역,1,0,,가축사육제한구역,20231018
경상남도 양산시 물금읍 범어리 2781-10번지,48330,25324,0,2781,0010,1264100078541,,,,1,용도지역코드,UQA121,제1종일반주거지역,1,0,,제1종일반주거지역,20221008
경상남도 양산시 물금읍 범어리 2781-10번지,48330,25324,0,2781,0010,1264100078541,,,,2,용도지구코드,,,1,0,,,20221008
경상남도 양산시 물금읍 범어리 2781-10번지,48330,25324,0,2781,0010,1264100078541,,,,3,용도구역코드,UQQ310,제1종지구단위계획구역,1,0,,제1종지구단위계획구역,20221008
경상남도 양산시 물금읍 범어리 2781-11번지,48330,25324,0,2781,0011,1264100068824,,,,1,용도지역코드,UQA121,제1종일반주거지역,1,0,,제1종일반주거지역,20221008
경상남도 양산시 물금읍 범어리 2781-11번지,48330,25324,0,2781,0011,1264100068824,,,,3,용도구역코드,UQQ310,제1종지구단위계획구역,1,0,,제1종지구단위계획구역,20221008
경상남도 양산시 물금읍 범어리 2781-12번지,48330,25324,0,2781,0012,1264100093122,,,,3,용도구역코드,UQQ310,제1종지구단위계획구역,1,0,,제1종지구단위계획구역,20221008
경상남도 양산시 물금읍 범어리 2781-12번지,48330,25324,0,2781,0012,1264100093122,,,,3,용도구역코드,UOA110,절대정화구역,0,0,,절대정화구역,20221008
경상남도 양산시 물금읍 범어리 2781-12번지,48330,25324,0,2781,0012,1264100093122,,,,3,용도구역코드,UOA120,상대보호구역,0,0,,상대정화구역,20221008
경상남도 양산시 물금읍 범어리 2781-12번지,48330,25324,0,2781,0012,1264100093122,,,,1,용도지역코드,UQA121,제1종일반주거지역,1,0,,제1종일반주거지역,20221008
경상남도 양산시 물금읍 범어리 2781-14번지,48330,25324,0,2781,0014,1264100141183,,,,1,용도지역코드,UQA121,제1종일반주거지역,1,0,,제1종일반주거지역,20221008
경상남도 양산시 물금읍 범어리 2781-14번지,48330,25324,0,2781,0014,1264100141183,,,,3,용도구역코드,UOA120,상대보호구역,1,0,,상대보호구역,20221008
경상남도 양산시 물금읍 범어리 2781-14번지,48330,25324,0,2781,0014,1264100141183,,,,3,용도구역코드,UQQ310,제1종지구단위계획구역,0,0,,제1종지구단위계획구역,20221008
경상남도 양산시 물금읍 범어리 2781-16번지,48330,25324,0,2781,0016,1264100097226,,,,1,용도지역코드,UQA121,제1종일반주거지역,1,0,,제1종일반주거지역,20221008
경상남도 양산시 물금읍 범어리 2781-16번지,48330,25324,0,2781,0016,1264100097226,,,,3,용도구역코드,UQQ310,제1종지구단위계획구역,1,0,,제1종지구단위계획구역,20221008
경상남도 양산시 물금읍 범어리 2781-17번지,48330,25324,0,2781,0017,1264100062579,,,,1,용도지역코드,UQA121,제1종일반주거지역,1,0,,제1종일반주거지역,20221008
경상남도 양산시 물금읍 범어리 2781-17번지,48330,25324,0,2781,0017,1264100062579,,,,3,용도구역코드,UQQ310,제1종지구단위계획구역,1,0,,제1종지구단위계획구역,20221008
경상남도 양산시 물금읍 범어리 2781-18번지,48330,25324,0,2781,0018,1000000000000000221559,,,,1,용도지역코드,UQA121,제1종일반주거지역,1,0,,제1종일반주거지역,20230130
경상남도 양산시 물금읍 범어리 2781-18번지,48330,25324,0,2781,0018,1000000000000000221559,,,,3,용도구역코드,UQQ310,제1종지구단위계획구역,1,0,,제1종지구단위계획구역,20230130
경상남도 양산시 물금읍 범어리 2781-18번지,48330,25324,0,2781,0018,1000000000000000221559,,,,3,용도구역코드,UOA120,상대보호구역,0,0,,상대보호구역,20230130
경상남도 양산시 물금읍 범어리 2781-19번지,48330,25324,0,2781,0019,1264100071300,,,,1,용도지역코드,UQA121,제1종일반주거지역,1,0,,제1종일반주거지역,20221008
경상남도 양산시 물금읍 범어리 2781-19번지,48330,25324,0,2781,0019,1264100071300,,,,3,용도구역코드,UQQ310,제1종지구단위계획구역,1,0,,제1종지구단위계획구역,20221008
경상남도 양산시 물금읍 범어리 2781-20번지,48330,25324,0,2781,0020,1264100052038,,,,1,용도지역코드,UQA121,제1종일반주거지역,1,0,,제1종일반주거지역,20221008
경상남도 양산시 물금읍 범어리 2781-20번지,48330,25324,0,2781,0020,1264100052038,,,,3,용도구역코드,UQQ310,제1종지구단위계획구역,1,0,,제1종지구단위계획구역,20221008
경상남도 양산시 물금읍 범어리 2781-21번지,48330,25324,0,2781,0021,1264100075759,,,,1,용도지역코드,UQA121,제1종일반주거지역,1,0,,제1종일반주거지역,20221008
경상남도 양산시 물금읍 범어리 2781-22번지,48330,25324,0,2781,0022,1264100069539,,,,1,용도지역코드,UQA121,제1종일반주거지역,1,0,,제1종일반주거지역,20221008
경상남도 양산시 물금읍 범어리 2781-22번지,48330,25324,0,2781,0022,1264100069539,,,,3,용도구역코드,UQQ310,제1종지구단위계획구역,1,0,,제1종지구단위계획구역,20221008
경상남도 양산시 물금읍 범어리 2781-22번지,48330,25324,0,2781,0022,1264100069539,,,,3,용도구역코드,UOA120,상대보호구역,0,0,,상대정화구역,20221008
경상남도 양산시 물금읍 범어리 2781-24번지,48330,25324,0,2781,0024,1264100069101,,,,1,용도지역코드,UQA121,제1종일반주거지역,1,0,,제1종일반주거지역,20221008
경상남도 양산시 물금읍 범어리 2781-24번지,48330,25324,0,2781,0024,1264100069101,,,,2,용도지구코드,,,1,0,,,20221008
경상남도 양산시 물금읍 범어리 2781-24번지,48330,25324,0,2781,0024,1264100069101,,,,3,용도구역코드,UQQ310,제1종지구단위계획구역,1,0,,제1종지구단위계획구역,20221008
경상남도 양산시 물금읍 범어리 2781-25번지,48330,25324,0,2781,0025,1264100067659,,,,1,용도지역코드,UQA121,제1종일반주거지역,1,0,,제1종일반주거지역,20221008
경상남도 양산시 물금읍 범어리 2781-25번지,48330,25324,0,2781,0025,1264100067659,,,,3,용도구역코드,UQQ310,제1종지구단위계획구역,1,0,,제1종지구단위계획구역,20221008
경상남도 양산시 물금읍 범어리 2782-1번지,48330,25324,0,2782,0001,1264100093761,,,,1,용도지역코드,UQA210,중심상업지역,1,0,,중심상업지역,20221008
경상남도 양산시 물금읍 범어리 2782-1번지,48330,25324,0,2782,0001,1264100150492,,,,1,용도지역코드,UQA210,중심상업지역,1,0,,중심상업지역,20221008
경상남도 양산시 물금읍 범어리 2782-1번지,48330,25324,0,2782,0001,1264100150492,,,,3,용도구역코드,UOA120,상대보호구역,1,0,,상대보호구역,20221008
경상남도 양산시 물금읍 범어리 2782-1번지,48330,25324,0,2782,0001,1264100150492,,,,3,용도구역코드,UQQ310,제1종지구단위계획구역,0,0,,제1종지구단위계획구역,20221008
경상남도 양산시 물금읍 범어리 2782-1번지,48330,25324,0,2782,0001,1264100073183,,,,1,용도지역코드,UQA210,중심상업지역,1,0,,중심상업지역,20221008
경상남도 양산시 물금읍 범어리 2782-1번지,48330,25324,0,2782,0001,1264100073183,,,,3,용도구역코드,UQQ310,제1종지구단위계획구역,1,0,,제1종지구단위계획구역,20221008
경상남도 양산시 물금읍 범어리 2782-1번지,48330,25324,0,2782,0001,1264100093761,,,,3,용도구역코드,UQQ310,제1종지구단위계획구역,1,0,,제1종지구단위계획구역,20221008
경상남도 양산시 물금읍 범어리 2782-1번지,48330,25324,0,2782,0001,1264100093761,,,,3,용도구역코드,UOA120,상대보호구역,0,0,,상대정화구역,20221008
경상남도 양산시 물금읍 범어리 2782-1번지,48330,25324,0,2782,0001,1264100093761,,,,3,용도구역코드,UOA110,절대정화구역,0,0,,절대정화구역,20221008
경상남도 양산시 물금읍 범어리 2782-2번지,48330,25324,0,2782,0002,1264100073161,,,,1,용도지역코드,UQA210,중심상업지역,1,0,,중심상업지역,20221008
경상남도 양산시 물금읍 범어리 2782-2번지,48330,25324,0,2782,0002,1264100073161,,,,3,용도구역코드,UQQ310,제1종지구단위계획구역,1,0,,제1종지구단위계획구역,20221008
경상남도 양산시 물금읍 범어리 2782-4번지,48330,25324,0,2782,0004,1264100073499,,,,1,용도지역코드,UQA210,중심상업지역,1,0,,중심상업지역,20221008
경상남도 양산시 물금읍 범어리 2782-4번지,48330,25324,0,2782,0004,1264100073499,,,,3,용도구역코드,UQQ310,제1종지구단위계획구역,1,0,,제1종지구단위계획구역,20221008
경상남도 양산시 물금읍 범어리 2782-5번지,48330,25324,0,2782,0005,1264100150991,,,,1,용도지역코드,UQA210,중심상업지역,1,0,,중심상업지역,20221008
경상남도 양산시 물금읍 범어리 2782-5번지,48330,25324,0,2782,0005,1264100150991,,,,3,용도구역코드,UQQ310,제1종지구단위계획구역,1,0,,제1종지구단위계획구역,20221008
경상남도 양산시 물금읍 범어리 2782-5번지,48330,25324,0,2782,0005,1264100150991,,,,3,용도구역코드,UMZ100,가축사육제한구역,0,0,,가축사육제한구역,20221008
경상남도 양산시 물금읍 범어리 2782-5번지,48330,25324,0,2782,0005,1264100150991,,,,3,용도구역코드,UOA120,상대보호구역,0,0,,상대보호구역,20221008
경상남도 양산시 물금읍 범어리 2782-5번지,48330,25324,0,2782,0005,1264100156851,,,,1,용도지역코드,UQA210,중심상업지역,1,0,,중심상업지역,20221008
경상남도 양산시 물금읍 범어리 2782-5번지,48330,25324,0,2782,0005,1264100156851,,,,3,용도구역코드,UQQ310,제1종지구단위계획구역,1,0,,제1종지구단위계획구역,20221008
경상남도 양산시 물금읍 범어리 2782-5번지,48330,25324,0,2782,0005,1264100156851,,,,3,용도구역코드,UMZ100,가축사육제한구역,0,0,,가축사육제한구역,20221008
경상남도 양산시 물금읍 범어리 2782-5번지,48330,25324,0,2782,0005,1264100156851,,,,3,용도구역코드,UOA120,상대보호구역,0,0,,상대보호구역,20221008
경상남도 양산시 물금읍 범어리 2782-5번지,48330,25324,0,2782,0005,1264100104294,,,,1,용도지역코드,UQA210,중심상업지역,1,0,,중심상업지역,20221008
경상남도 양산시 물금읍 범어리 2782-5번지,48330,25324,0,2782,0005,1264100104294,,,,3,용도구역코드,UQQ310,제1종지구단위계획구역,1,0,,제1종지구단위계획구역,20221008
경상남도 양산시 물금읍 범어리 2782-5번지,48330,25324,0,2782,0005,1264100104294,,,,3,용도구역코드,UOA120,상대보호구역,0,0,,상대정화구역,20221008
경상남도 양산시 물금읍 범어리 2782-6번지,48330,25324,0,2782,0006,1264100086623,,,,1,용도지역코드,UQA210,중심상업지역,1,0,,중심상업지역,20221008
경상남도 양산시 물금읍 범어리 2782-6번지,48330,25324,0,2782,0006,1264100086623,,,,3,용도구역코드,UQQ310,제1종지구단위계획구역,1,0,,제1종지구단위계획구역,20221008
경상남도 양산시 물금읍 범어리 2782-6번지,48330,25324,0,2782,0006,1264100087822,,,,1,용도지역코드,UQA210,중심상업지역,1,0,,중심상업지역,20221008
경상남도 양산시 물금읍 범어리 2782-6번지,48330,25324,0,2782,0006,1264100087822,,,,3,용도구역코드,UQQ310,제1종지구단위계획구역,1,0,,제1종지구단위계획구역,20221008
경상남도 양산시 물금읍 범어리 2782-7번지,48330,25324,0,2782,0007,1264100078119,,,,1,용도지역코드,UQA210,중심상업지역,1,0,,중심상업지역,20221008
경상남도 양산시 물금읍 범어리 2782-7번지,48330,25324,0,2782,0007,1264100078119,,,,3,용도구역코드,UQQ310,제1종지구단위계획구역,1,0,,제1종지구단위계획구역,20221008
경상남도 양산시 물금읍 범어리 2782-7번지,48330,25324,0,2782,0007,1264100083928,,,,1,용도지역코드,UQA210,중심상업지역,1,0,,중심상업지역,20221008
경상남도 양산시 물금읍 범어리 2782-7번지,48330,25324,0,2782,0007,1264100083928,,,,3,용도구역코드,UQQ310,제1종지구단위계획구역,1,0,,제1종지구단위계획구역,20221008
경상남도 양산시 물금읍 범어리 2782-7번지,48330,25324,0,2782,0007,1264100064879,,,,1,용도지역코드,UQA210,중심상업지역,1,0,,중심상업지역,20221008
경상남도 양산시 물금읍 범어리 2782-7번지,48330,25324,0,2782,0007,1264100064879,,,,3,용도구역코드,UQQ310,제1종지구단위계획구역,1,0,,제1종지구단위계획구역,20221008
경상남도 양산시 물금읍 범어리 2782-7번지,48330,25324,0,2782,0007,1264100082821,,,,1,용도지역코드,UQA210,중심상업지역,1,0,,중심상업지역,20221008
경상남도 양산시 물금읍 범어리 2782-7번지,48330,25324,0,2782,0007,1264100082821,,,,3,용도구역코드,UQQ310,제1종지구단위계획구역,1,0,,제1종지구단위계획구역,20221008
경상남도 양산시 물금읍 범어리 2782-7번지,48330,25324,0,2782,0007,1264100078859,,,,1,용도지역코드,UQA210,중심상업지역,1,0,,중심상업지역,20221008
경상남도 양산시 물금읍 범어리 2782-7번지,48330,25324,0,2782,0007,1264100078859,,,,3,용도구역코드,UQQ310,제1종지구단위계획구역,1,0,,제1종지구단위계획구역,20221008
경상남도 양산시 물금읍 범어리 2783-3번지,48330,25324,0,2783,0003,1264100061298,,,,1,용도지역코드,UQA210,중심상업지역,1,0,,중심상업지역,20221008
경상남도 양산시 물금읍 범어리 2783-3번지,48330,25324,0,2783,0003,1264100061298,,,,3,용도구역코드,UOA120,상대보호구역,1,0,,상대정화구역,20221008
경상남도 양산시 물금읍 범어리 2783-3번지,48330,25324,0,2783,0003,1264100061298,,,,3,용도구역코드,UQQ310,제1종지구단위계획구역,0,0,,제1종지구단위계획구역,20221008
경상남도 양산시 물금읍 범어리 2783-3번지,48330,25324,0,2783,0003,1264100142983,,,,1,용도지역코드,UQA210,중심상업지역,1,0,,중심상업지역,20221008
경상남도 양산시 물금읍 범어리 2783-3번지,48330,25324,0,2783,0003,1264100142983,,,,3,용도구역코드,UQQ310,제1종지구단위계획구역,1,0,,제1종지구단위계획구역,20221008
경상남도 양산시 물금읍 범어리 2783-3번지,48330,25324,0,2783,0003,1264100132983,,,,1,용도지역코드,UQA210,중심상업지역,1,0,,중심상업지역,20221008
경상남도 양산시 물금읍 범어리 2783-3번지,48330,25324,0,2783,0003,1264100132983,,,,3,용도구역코드,UOA120,상대보호구역,1,0,,상대보호구역,20221008
경상남도 양산시 물금읍 범어리 2783-3번지,48330,25324,0,2783,0003,1264100132983,,,,3,용도구역코드,UQQ310,제1종지구단위계획구역,0,0,,제1종지구단위계획구역,20221008
경상남도 양산시 물금읍 범어리 2783-4번지,48330,25324,0,2783,0004,1264100065080,,,,1,용도지역코드,UQA210,중심상업지역,1,0,,중심상업지역,20221008
경상남도 양산시 물금읍 범어리 2783-4번지,48330,25324,0,2783,0004,1264100065080,,,,3,용도구역코드,UOA120,상대보호구역,,,,상대정화구역,20221008
경상남도 양산시 물금읍 범어리 2783-4번지,48330,25324,0,2783,0004,1264100065080,,,,3,용도구역코드,UQQ310,제1종지구단위계획구역,1,0,,제1종지구단위계획구역,20221008
경상남도 양산시 물금읍 범어리 2783-4번지,48330,25324,0,2783,0004,1264100091181,,,,1,용도지역코드,UQA210,중심상업지역,1,0,,중심상업지역,20221008
경상남도 양산시 물금읍 범어리 2783-4번지,48330,25324,0,2783,0004,1264100091181,,,,3,용도구역코드,UQQ310,제1종지구단위계획구역,1,0,,제1종지구단위계획구역,20221008
경상남도 양산시 물금읍 범어리 2783-4번지,48330,25324,0,2783,0004,1264100091181,,,,3,용도구역코드,UOA120,상대보호구역,0,0,,상대정화구역,20221008
경상남도 양산시 물금읍 범어리 2783-4번지,48330,25324,0,2783,0004,1264100138443,,,,1,용도지역코드,UQA210,중심상업지역,1,0,,중심상업지역,20221008
경상남도 양산시 물금읍 범어리 2783-4번지,48330,25324,0,2783,0004,1264100138443,,,,3,용도구역코드,UQQ310,제1종지구단위계획구역,1,0,,제1종지구단위계획구역,20221008
경상남도 양산시 물금읍 범어리 2783-4번지,48330,25324,0,2783,0004,1264100138443,,,,3,용도구역코드,UOA120,상대보호구역,0,0,,상대보호구역,20221008
경상남도 양산시 물금읍 범어리 2783-4번지,48330,25324,0,2783,0004,1264100144083,,,,1,용도지역코드,UQA210,중심상업지역,1,0,,중심상업지역,20221008
경상남도 양산시 물금읍 범어리 2783-4번지,48330,25324,0,2783,0004,1264100144083,,,,3,용도구역코드,UQQ310,제1종지구단위계획구역,1,0,,제1종지구단위계획구역,20221008
경상남도 양산시 물금읍 범어리 2783-4번지,48330,25324,0,2783,0004,1264100144083,,,,3,용도구역코드,UOA120,상대보호구역,0,0,,상대보호구역,20221008
경상남도 양산시 물금읍 범어리 2784번지,48330,25324,0,2784,0000,1264100069920,,,,1,용도지역코드,UQA210,중심상업지역,1,0,,중심상업지역,20221008
경상남도 양산시 물금읍 범어리 2784번지,48330,25324,0,2784,0000,1264100069920,,,,3,용도구역코드,UQQ310,제1종지구단위계획구역,1,0,,제1종지구단위계획구역,20221008
경상남도 양산시 물금읍 범어리 2785-2번지,48330,25324,0,2785,0002,1264100059952,,,,1,용도지역코드,UQA123,제3종일반주거지역,1,0,,제3종일반주거지역,20221008
경상남도 양산시 물금읍 범어리 2785-2번지,48330,25324,0,2785,0002,1264100059952,,,,3,용도구역코드,UQQ310,제1종지구단위계획구역,1,0,,제1종지구단위계획구역,20221008
경상남도 양산시 물금읍 범어리 2785-2번지,48330,25324,0,2785,0002,1000000000000000479617,,,,1,용도지역코드,UQA123,제3종일반주거지역,1,0,,제3종일반주거지역,20240320
경상남도 양산시 물금읍 범어리 2785-2번지,48330,25324,0,2785,0002,1000000000000000448626,,,,1,용도지역코드,UQA123,제3종일반주거지역,1,0,,제3종일반주거지역,20240122
경상남도 양산시 물금읍 범어리 2787-1번지,48330,25324,0,2787,0001,1264100157290,,,,1,용도지역코드,UQA430,자연녹지지역,1,0,,자연녹지지역,20221008
경상남도 양산시 물금읍 범어리 2787-1번지,48330,25324,0,2787,0001,1264100138143,,,,1,용도지역코드,UQA430,자연녹지지역,1,0,,자연녹지지역,20221008
경상남도 양산시 물금읍 범어리 2787-1번지,48330,25324,0,2787,0001,1264100138143,,,,3,용도구역코드,UQQ310,제1종지구단위계획구역,1,0,,제1종지구단위계획구역,20221008
경상남도 양산시 물금읍 범어리 2787-5번지,48330,25324,0,2787,0005,1264100116497,,,,1,용도지역코드,UQA121,제1종일반주거지역,1,0,,제1종일반주거지역,20221008
경상남도 양산시 물금읍 범어리 2787-5번지,48330,25324,0,2787,0005,1264100116497,,,,3,용도구역코드,UQQ310,제1종지구단위계획구역,1,0,,제1종지구단위계획구역,20221008
경상남도 양산시 물금읍 범어리 2787-5번지,48330,25324,0,2787,0005,1264100116497,,,,3,용도구역코드,UMZ100,가축사육제한구역,0,0,,가축사육제한구역,20221008
경상남도 양산시 물금읍 범어리 2787-5번지,48330,25324,0,2787,0005,1264100116497,,,,3,용도구역코드,UOC999,보호구역기타,0,0,,보호구역기타,20221008
경상남도 양산시 물금읍 범어리 2788-1번지,48330,25324,0,2788,0001,1264100115379,,,,3,용도구역코드,UQQ310,제1종지구단위계획구역,1,0,,제1종지구단위계획구역,20250722
경상남도 양산시 물금읍 범어리 2788-1번지,48330,25324,0,2788,0001,1264100115379,,,,1,용도지역코드,UQA121,제1종일반주거지역,1,0,,제1종일반주거지역,20250722
경상남도 양산시 물금읍 범어리 2788-2번지,48330,25324,0,2788,0002,1264100115793,,,,1,용도지역코드,UQA121,제1종일반주거지역,1,0,,제1종일반주거지역,20221008
경상남도 양산시 물금읍 범어리 2788-2번지,48330,25324,0,2788,0002,1264100115793,,,,3,용도구역코드,UQQ310,제1종지구단위계획구역,1,0,,제1종지구단위계획구역,20221008
경상남도 양산시 물금읍 범어리 2788-3번지,48330,25324,0,2788,0003,1264100080721,,,,1,용도지역코드,UQA121,제1종일반주거지역,1,0,,제1종일반주거지역,20221008
경상남도 양산시 물금읍 범어리 2788-3번지,48330,25324,0,2788,0003,1264100080721,,,,3,용도구역코드,UQQ310,제1종지구단위계획구역,1,0,,제1종지구단위계획구역,20221008
경상남도 양산시 물금읍 범어리 2788-5번지,48330,25324,0,2788,0005,1264100115598,,,,1,용도지역코드,UQA121,제1종일반주거지역,1,0,,제1종일반주거지역,20221008
경상남도 양산시 물금읍 범어리 2788-5번지,48330,25324,0,2788,0005,1264100115598,,,,3,용도구역코드,UQQ310,제1종지구단위계획구역,1,0,,제1종지구단위계획구역,20221008
경상남도 양산시 물금읍 범어리 2789-1번지,48330,25324,0,2789,0001,1264100100013,,,,1,용도지역코드,UQA121,제1종일반주거지역,1,0,,제1종일반주거지역,20221008
경상남도 양산시 물금읍 범어리 2789-1번지,48330,25324,0,2789,0001,1264100100013,,,,3,용도구역코드,UQQ310,제1종지구단위계획구역,1,0,,제1종지구단위계획구역,20221008
경상남도 양산시 물금읍 범어리 2789-1번지,48330,25324,0,2789,0001,1264100100013,,,,3,용도구역코드,UOA120,상대보호구역,0,0,,상대정화구역,20221008
경상남도 양산시 물금읍 범어리 2789-2번지,48330,25324,0,2789,0002,1264100106234,,,,1,용도지역코드,UQA121,제1종일반주거지역,1,0,,제1종일반주거지역,20221008
경상남도 양산시 물금읍 범어리 2789-2번지,48330,25324,0,2789,0002,1264100106234,,,,3,용도구역코드,UQQ310,제1종지구단위계획구역,1,0,,제1종지구단위계획구역,20221008
경상남도 양산시 물금읍 범어리 2789-3번지,48330,25324,0,2789,0003,1264100105741,,,,1,용도지역코드,UQA121,제1종일반주거지역,1,0,,제1종일반주거지역,20221008
경상남도 양산시 물금읍 범어리 2789-3번지,48330,25324,0,2789,0003,1264100105741,,,,3,용도구역코드,UQQ310,제1종지구단위계획구역,1,0,,제1종지구단위계획구역,20221008
경상남도 양산시 물금읍 범어리 2789-5번지,48330,25324,0,2789,0005,1264100107435,,,,1,용도지역코드,UQA121,제1종일반주거지역,1,0,,제1종일반주거지역,20221008
경상남도 양산시 물금읍 범어리 2789-5번지,48330,25324,0,2789,0005,1264100107435,,,,3,용도구역코드,UOA120,상대보호구역,1,0,,상대보호구역,20221008
경상남도 양산시 물금읍 범어리 2789-5번지,48330,25324,0,2789,0005,1264100107435,,,,3,용도구역코드,UQQ310,제1종지구단위계획구역,0,0,,제1종지구단위계획구역,20221008
경상남도 양산시 물금읍 범어리 2789-8번지,48330,25324,0,2789,0008,1000000000000000598332,,,,1,용도지역코드,UQA121,제1종일반주거지역,1,0,,제1종일반주거지역,20250131
경상남도 양산시 물금읍 범어리 2789-8번지,48330,25324,0,2789,0008,1000000000000000598332,,,,3,용도구역코드,UQQ310,제1종지구단위계획구역,1,0,,제1종지구단위계획구역,20250131
경상남도 양산시 물금읍 범어리 2789-8번지,48330,25324,0,2789,0008,1264100115794,,,,1,용도지역코드,UQA121,제1종일반주거지역,1,0,,제1종일반주거지역,20221008
경상남도 양산시 물금읍 범어리 2789-8번지,48330,25324,0,2789,0008,1264100115794,,,,3,용도구역코드,UQQ310,제1종지구단위계획구역,1,0,,제1종지구단위계획구역,20221008
경상남도 양산시 물금읍 범어리 2791-1번지,48330,25324,0,2791,0001,1264100115792,,,,1,용도지역코드,UQA121,제1종일반주거지역,1,0,,제1종일반주거지역,20221008
경상남도 양산시 물금읍 범어리 2791-1번지,48330,25324,0,2791,0001,1264100115792,,,,3,용도구역코드,UOA120,상대보호구역,1,0,,상대보호구역,20221008
경상남도 양산시 물금읍 범어리 2791-1번지,48330,25324,0,2791,0001,1264100115792,,,,3,용도구역코드,UQQ310,제1종지구단위계획구역,0,0,,제1종지구단위계획구역,20221008
경상남도 양산시 물금읍 범어리 2791-2번지,48330,25324,0,2791,0002,1264100113380,,,,1,용도지역코드,UQA121,제1종일반주거지역,1,0,,제1종일반주거지역,20221008
경상남도 양산시 물금읍 범어리 2791-2번지,48330,25324,0,2791,0002,1264100113380,,,,3,용도구역코드,UOA120,상대보호구역,1,0,,상대보호구역,20221008
경상남도 양산시 물금읍 범어리 2791-2번지,48330,25324,0,2791,0002,1264100113380,,,,3,용도구역코드,UQQ310,제1종지구단위계획구역,0,0,,제1종지구단위계획구역,20221008
경상남도 양산시 물금읍 범어리 2791-7번지,48330,25324,0,2791,0007,1264100113381,,,,1,용도지역코드,UQA121,제1종일반주거지역,1,0,,제1종일반주거지역,20221008
경상남도 양산시 물금읍 범어리 2791-7번지,48330,25324,0,2791,0007,1264100113381,,,,3,용도구역코드,UOA120,상대보호구역,1,0,,상대보호구역,20221008
경상남도 양산시 물금읍 범어리 2791-7번지,48330,25324,0,2791,0007,1264100113381,,,,3,용도구역코드,UQQ310,제1종지구단위계획구역,0,0,,제1종지구단위계획구역,20221008
경상남도 양산시 물금읍 범어리 2791-12번지,48330,25324,0,2791,0012,1000000000000000948708,,,,3,용도구역코드,UQQ310,제1종지구단위계획구역,1,0,,제1종지구단위계획구역,20260513
경상남도 양산시 물금읍 범어리 2791-12번지,48330,25324,0,2791,0012,1000000000000000948708,,,,1,용도지역코드,UQA121,제1종일반주거지역,1,0,,제1종일반주거지역,20260513
경상남도 양산시 물금읍 범어리 2791-13번지,48330,25324,0,2791,0013,1264100115417,,,,3,용도구역코드,UOA120,상대보호구역,1,0,,상대보호구역,20221121
경상남도 양산시 물금읍 범어리 2791-13번지,48330,25324,0,2791,0013,1264100115417,,,,1,용도지역코드,UQA121,제1종일반주거지역,1,0,,제1종일반주거지역,20221121
경상남도 양산시 물금읍 범어리 2791-13번지,48330,25324,0,2791,0013,1264100115417,,,,3,용도구역코드,UQQ310,제1종지구단위계획구역,0,0,,제1종지구단위계획구역,20221121
경상남도 양산시 물금읍 범어리 2792-2번지,48330,25324,0,2792,0002,1264100115418,,,,1,용도지역코드,UQA121,제1종일반주거지역,1,0,,제1종일반주거지역,20221008
경상남도 양산시 물금읍 범어리 2792-2번지,48330,25324,0,2792,0002,1264100115418,,,,3,용도구역코드,UOA120,상대보호구역,1,0,,상대보호구역,20221008
경상남도 양산시 물금읍 범어리 2792-2번지,48330,25324,0,2792,0002,1264100115418,,,,3,용도구역코드,UQQ310,제1종지구단위계획구역,0,0,,제1종지구단위계획구역,20221008
경상남도 양산시 물금읍 범어리 2792-7번지,48330,25324,0,2792,0007,1264100115419,,,,3,용도구역코드,UQQ310,제1종지구단위계획구역,0,0,,제1종지구단위계획구역,20221008
경상남도 양산시 물금읍 범어리 2792-7번지,48330,25324,0,2792,0007,1264100115419,,,,1,용도지역코드,UQA121,제1종일반주거지역,1,0,,제1종일반주거지역,20221008
경상남도 양산시 물금읍 범어리 2792-7번지,48330,25324,0,2792,0007,1264100115419,,,,3,용도구역코드,UOA120,상대보호구역,1,0,,상대보호구역,20221008
경상남도 양산시 물금읍 범어리 2792-12번지,48330,25324,0,2792,0012,1264100115661,,,,1,용도지역코드,UQA121,제1종일반주거지역,1,0,,제1종일반주거지역,20221008
경상남도 양산시 물금읍 범어리 2792-12번지,48330,25324,0,2792,0012,1264100115661,,,,3,용도구역코드,UQQ310,제1종지구단위계획구역,1,0,,제1종지구단위계획구역,20221008
경상남도 양산시 물금읍 범어리 2793-2번지,48330,25324,0,2793,0002,1264100082861,,,,1,용도지역코드,UQA121,제1종일반주거지역,1,0,,제1종일반주거지역,20221008
경상남도 양산시 물금읍 범어리 2793-2번지,48330,25324,0,2793,0002,1264100082861,,,,3,용도구역코드,UQQ310,제1종지구단위계획구역,1,0,,제1종지구단위계획구역,20221008
경상남도 양산시 물금읍 범어리 2793-3번지,48330,25324,0,2793,0003,1264100115658,,,,1,용도지역코드,UQA121,제1종일반주거지역,1,0,,제1종일반주거지역,20221008
경상남도 양산시 물금읍 범어리 2793-3번지,48330,25324,0,2793,0003,1264100115658,,,,3,용도구역코드,UQQ310,제1종지구단위계획구역,1,0,,제1종지구단위계획구역,20221008
경상남도 양산시 물금읍 범어리 2793-5번지,48330,25324,0,2793,0005,1264100115603,,,,1,용도지역코드,UQA121,제1종일반주거지역,1,0,,제1종일반주거지역,20221008
경상남도 양산시 물금읍 범어리 2793-5번지,48330,25324,0,2793,0005,1264100115603,,,,3,용도구역코드,UQQ310,제1종지구단위계획구역,0,0,,제1종지구단위계획구역,20221008
경상남도 양산시 물금읍 범어리 2793-5번지,48330,25324,0,2793,0005,1264100115603,,,,3,용도구역코드,UMZ100,가축사육제한구역,0,0,,가축사육제한구역,20221008
경상남도 양산시 물금읍 범어리 2793-8번지,48330,25324,0,2793,0008,1264100156631,,,,1,용도지역코드,UQA130,준주거지역,1,0,,준주거지역,20221008
경상남도 양산시 물금읍 범어리 2793-8번지,48330,25324,0,2793,0008,1264100156631,,,,3,용도구역코드,UQQ310,제1종지구단위계획구역,1,0,,제1종지구단위계획구역,20221008
경상남도 양산시 물금읍 범어리 2793-11번지,48330,25324,0,2793,0011,1264100130383,,,,3,용도구역코드,UQQ310,제1종지구단위계획구역,1,0,,제1종지구단위계획구역,20230925
경상남도 양산시 물금읍 범어리 2793-11번지,48330,25324,0,2793,0011,1264100130383,,,,1,용도지역코드,UQA121,제1종일반주거지역,1,0,,제1종일반주거지역,20230925
경상남도 양산시 물금읍 범어리 2793-12번지,48330,25324,0,2793,0012,1264100101995,,,,1,용도지역코드,UQA121,제1종일반주거지역,1,0,,제1종일반주거지역,20221008
경상남도 양산시 물금읍 범어리 2793-12번지,48330,25324,0,2793,0012,1264100101995,,,,3,용도구역코드,UOA120,상대보호구역,1,0,,상대보호구역,20221008
경상남도 양산시 물금읍 범어리 2793-12번지,48330,25324,0,2793,0012,1264100101995,,,,3,용도구역코드,UQQ310,제1종지구단위계획구역,0,0,,제1종지구단위계획구역,20221008
경상남도 양산시 물금읍 범어리 2794-1번지,48330,25324,0,2794,0001,1264100113596,,,,1,용도지역코드,UQA121,제1종일반주거지역,1,0,,제1종일반주거지역,20221008
경상남도 양산시 물금읍 범어리 2794-1번지,48330,25324,0,2794,0001,1264100113596,,,,3,용도구역코드,UOA120,상대보호구역,1,0,,상대보호구역,20221008
경상남도 양산시 물금읍 범어리 2794-1번지,48330,25324,0,2794,0001,1264100113596,,,,3,용도구역코드,UOA110,절대정화구역,0,0,,절대보호구역,20221008
경상남도 양산시 물금읍 범어리 2794-1번지,48330,25324,0,2794,0001,1264100113596,,,,3,용도구역코드,UQQ310,제1종지구단위계획구역,0,0,,제1종지구단위계획구역,20221008
경상남도 양산시 물금읍 범어리 2794-2번지,48330,25324,0,2794,0002,1264100113597,,,,1,용도지역코드,UQA121,제1종일반주거지역,1,0,,제1종일반주거지역,20221008
경상남도 양산시 물금읍 범어리 2794-2번지,48330,25324,0,2794,0002,1264100113597,,,,3,용도구역코드,UOA110,절대정화구역,1,0,,절대보호구역,20221008
경상남도 양산시 물금읍 범어리 2794-2번지,48330,25324,0,2794,0002,1264100113597,,,,3,용도구역코드,UQQ310,제1종지구단위계획구역,0,0,,제1종지구단위계획구역,20221008
경상남도 양산시 물금읍 범어리 2794-3번지,48330,25324,0,2794,0003,1264100116297,,,,1,용도지역코드,UQA121,제1종일반주거지역,1,0,,제1종일반주거지역,20221008
경상남도 양산시 물금읍 범어리 2794-3번지,48330,25324,0,2794,0003,1264100116297,,,,3,용도구역코드,UOA110,절대정화구역,1,0,,절대보호구역,20221008
경상남도 양산시 물금읍 범어리 2794-3번지,48330,25324,0,2794,0003,1264100116297,,,,3,용도구역코드,UQQ310,제1종지구단위계획구역,0,0,,제1종지구단위계획구역,20221008
경상남도 양산시 물금읍 범어리 2794-4번지,48330,25324,0,2794,0004,1264100095187,,,,3,용도구역코드,UQQ310,제1종지구단위계획구역,1,0,,제1종지구단위계획구역,20221008
경상남도 양산시 물금읍 범어리 2794-4번지,48330,25324,0,2794,0004,1264100095187,,,,3,용도구역코드,UOA110,절대정화구역,0,0,,절대정화구역,20221008
경상남도 양산시 물금읍 범어리 2794-4번지,48330,25324,0,2794,0004,1264100095187,,,,1,용도지역코드,UQA121,제1종일반주거지역,1,0,,제1종일반주거지역,20221008
경상남도 양산시 물금읍 범어리 2794-6번지,48330,25324,0,2794,0006,1264100113177,,,,1,용도지역코드,UQA121,제1종일반주거지역,1,0,,제1종일반주거지역,20221008
경상남도 양산시 물금읍 범어리 2794-6번지,48330,25324,0,2794,0006,1264100113177,,,,3,용도구역코드,UOA110,절대정화구역,1,0,,절대보호구역,20221008
경상남도 양산시 물금읍 범어리 2794-6번지,48330,25324,0,2794,0006,1264100113177,,,,3,용도구역코드,UQQ310,제1종지구단위계획구역,0,0,,제1종지구단위계획구역,20221008
경상남도 양산시 물금읍 범어리 2794-9번지,48330,25324,0,2794,0009,1264100115604,,,,1,용도지역코드,UQA121,제1종일반주거지역,1,0,,제1종일반주거지역,20221008
경상남도 양산시 물금읍 범어리 2794-9번지,48330,25324,0,2794,0009,1264100115604,,,,3,용도구역코드,UOA120,상대보호구역,1,0,,상대보호구역,20221008
경상남도 양산시 물금읍 범어리 2794-9번지,48330,25324,0,2794,0009,1264100115604,,,,3,용도구역코드,UOA110,절대정화구역,0,0,,절대보호구역,20221008
경상남도 양산시 물금읍 범어리 2794-9번지,48330,25324,0,2794,0009,1264100115604,,,,3,용도구역코드,UQQ310,제1종지구단위계획구역,0,0,,제1종지구단위계획구역,20221008
경상남도 양산시 물금읍 범어리 2795-3번지,48330,25324,0,2795,0003,1264100115998,,,,1,용도지역코드,UQA121,제1종일반주거지역,1,0,,제1종일반주거지역,20221008
경상남도 양산시 물금읍 범어리 2795-3번지,48330,25324,0,2795,0003,1264100115998,,,,3,용도구역코드,UQQ310,제1종지구단위계획구역,1,0,,제1종지구단위계획구역,20221008
경상남도 양산시 물금읍 범어리 2795-4번지,48330,25324,0,2795,0004,1264100113217,,,,1,용도지역코드,UQA121,제1종일반주거지역,1,0,,제1종일반주거지역,20221107
경상남도 양산시 물금읍 범어리 2795-4번지,48330,25324,0,2795,0004,1264100113217,,,,3,용도구역코드,UQQ310,제1종지구단위계획구역,0,0,,제1종지구단위계획구역,20221107
경상남도 양산시 물금읍 범어리 2795-4번지,48330,25324,0,2795,0004,1264100113217,,,,3,용도구역코드,UOA120,상대보호구역,1,0,,상대보호구역,20221107
경상남도 양산시 물금읍 범어리 2795-6번지,48330,25324,0,2795,0006,1264100115157,,,,1,용도지역코드,UQA121,제1종일반주거지역,1,0,,제1종일반주거지역,20221008
경상남도 양산시 물금읍 범어리 2795-6번지,48330,25324,0,2795,0006,1264100115157,,,,3,용도구역코드,UQQ310,제1종지구단위계획구역,1,0,,제1종지구단위계획구역,20221008
경상남도 양산시 물금읍 범어리 2795-7번지,48330,25324,0,2795,0007,1264100103594,,,,1,용도지역코드,UQA121,제1종일반주거지역,1,0,,제1종일반주거지역,20221008
경상남도 양산시 물금읍 범어리 2795-7번지,48330,25324,0,2795,0007,1264100103594,,,,3,용도구역코드,UQQ310,제1종지구단위계획구역,1,0,,제1종지구단위계획구역,20221008
경상남도 양산시 물금읍 범어리 2795-8번지,48330,25324,0,2795,0008,1264100124179,,,,1,용도지역코드,UQA121,제1종일반주거지역,1,0,,제1종일반주거지역,20221008
경상남도 양산시 물금읍 범어리 2795-8번지,48330,25324,0,2795,0008,1264100124179,,,,3,용도구역코드,UQQ310,제1종지구단위계획구역,1,0,,제1종지구단위계획구역,20221008
경상남도 양산시 물금읍 범어리 2795-10번지,48330,25324,0,2795,0010,1264100107838,,,,1,용도지역코드,UQA121,제1종일반주거지역,1,0,,제1종일반주거지역,20221008
경상남도 양산시 물금읍 범어리 2795-10번지,48330,25324,0,2795,0010,1264100107838,,,,3,용도구역코드,UQQ310,제1종지구단위계획구역,1,0,,제1종지구단위계획구역,20221008
경상남도 양산시 물금읍 범어리 2795-11번지,48330,25324,0,2795,0011,1264100112256,,,,1,용도지역코드,UQA121,제1종일반주거지역,1,0,,제1종일반주거지역,20221008
경상남도 양산시 물금읍 범어리 2795-11번지,48330,25324,0,2795,0011,1264100112256,,,,3,용도구역코드,UQQ310,제1종지구단위계획구역,1,0,,제1종지구단위계획구역,20221008
경상남도 양산시 물금읍 범어리 2796-1번지,48330,25324,0,2796,0001,1264100105853,,,,1,용도지역코드,UQA121,제1종일반주거지역,1,0,,제1종일반주거지역,20221008
경상남도 양산시 물금읍 범어리 2796-1번지,48330,25324,0,2796,0001,1264100105853,,,,3,용도구역코드,UQQ310,제1종지구단위계획구역,1,0,,제1종지구단위계획구역,20221008
경상남도 양산시 물금읍 범어리 2796-2번지,48330,25324,0,2796,0002,1264100136663,,,,1,용도지역코드,UQA121,제1종일반주거지역,1,0,,제1종일반주거지역,20221008
경상남도 양산시 물금읍 범어리 2796-2번지,48330,25324,0,2796,0002,1264100136663,,,,3,용도구역코드,UQQ310,제1종지구단위계획구역,1,0,,제1종지구단위계획구역,20221008
경상남도 양산시 물금읍 범어리 2796-3번지,48330,25324,0,2796,0003,1264100115560,,,,1,용도지역코드,UQA121,제1종일반주거지역,1,0,,제1종일반주거지역,20230622
경상남도 양산시 물금읍 범어리 2796-3번지,48330,25324,0,2796,0003,1264100115560,,,,3,용도구역코드,UOA120,상대보호구역,0,0,,상대정화구역,20230622
경상남도 양산시 물금읍 범어리 2796-3번지,48330,25324,0,2796,0003,1264100115560,,,,3,용도구역코드,UQQ310,제1종지구단위계획구역,1,0,,제1종지구단위계획구역,20230622
경상남도 양산시 물금읍 범어리 2796-4번지,48330,25324,0,2796,0004,1264100113501,,,,1,용도지역코드,UQA121,제1종일반주거지역,1,0,,제1종일반주거지역,20221008
경상남도 양산시 물금읍 범어리 2796-4번지,48330,25324,0,2796,0004,1264100113501,,,,3,용도구역코드,UQQ310,제1종지구단위계획구역,1,0,,제1종지구단위계획구역,20221008
경상남도 양산시 물금읍 범어리 2796-5번지,48330,25324,0,2796,0005,1264100086622,,,,1,용도지역코드,UQA122,제2종일반주거지역,1,0,,제2종일반주거지역,20221008
경상남도 양산시 물금읍 범어리 2796-5번지,48330,25324,0,2796,0005,1264100086622,,,,3,용도구역코드,UQQ300,지구단위계획구역,1,0,,지구단위계획구역,20221008
경상남도 양산시 물금읍 범어리 2796-6번지,48330,25324,0,2796,0006,1000000000000000945802,,,,1,용도지역코드,UQA121,제1종일반주거지역,1,0,,제1종일반주거지역,20260508
경상남도 양산시 물금읍 범어리 2796-6번지,48330,25324,0,2796,0006,1000000000000000945802,,,,3,용도구역코드,UOA120,상대보호구역,0,0,,상대보호구역,20260508
경상남도 양산시 물금읍 범어리 2796-6번지,48330,25324,0,2796,0006,1000000000000000945802,,,,3,용도구역코드,UMZ100,가축사육제한구역,0,0,,가축사육제한구역,20260508
경상남도 양산시 물금읍 범어리 2796-6번지,48330,25324,0,2796,0006,1000000000000000945802,,,,3,용도구역코드,UQQ310,제1종지구단위계획구역,1,0,,제1종지구단위계획구역,20260508
경상남도 양산시 물금읍 범어리 2796-7번지,48330,25324,0,2796,0007,1264100103553,,,,1,용도지역코드,UQA121,제1종일반주거지역,1,0,,제1종일반주거지역,20221008
경상남도 양산시 물금읍 범어리 2796-7번지,48330,25324,0,2796,0007,1264100103553,,,,3,용도구역코드,UQQ310,제1종지구단위계획구역,1,0,,제1종지구단위계획구역,20221008
경상남도 양산시 물금읍 범어리 2796-8번지,48330,25324,0,2796,0008,1264100113503,,,,3,용도구역코드,UQQ310,제1종지구단위계획구역,1,0,,제1종지구단위계획구역,20240610
경상남도 양산시 물금읍 범어리 2796-8번지,48330,25324,0,2796,0008,1264100113503,,,,1,용도지역코드,UQA121,제1종일반주거지역,1,0,,제1종일반주거지역,20240610
경상남도 양산시 물금읍 범어리 2796-9번지,48330,25324,0,2796,0009,1264100135383,,,,1,용도지역코드,UQA121,제1종일반주거지역,1,0,,제1종일반주거지역,20221008
경상남도 양산시 물금읍 범어리 2796-9번지,48330,25324,0,2796,0009,1264100135383,,,,3,용도구역코드,UQQ310,제1종지구단위계획구역,1,0,,제1종지구단위계획구역,20221008
경상남도 양산시 물금읍 범어리 2796-9번지,48330,25324,0,2796,0009,1264100135383,,,,3,용도구역코드,UOA120,상대보호구역,0,0,,상대보호구역,20221008
경상남도 양산시 물금읍 범어리 2796-9번지,48330,25324,0,2796,0009,1264100135383,,,,3,용도구역코드,UMZ100,가축사육제한구역,0,0,,가축사육제한구역,20221008
경상남도 양산시 물금읍 범어리 2796-10번지,48330,25324,0,2796,0010,1264100115278,,,,1,용도지역코드,UQA121,제1종일반주거지역,1,0,,제1종일반주거지역,20221008
경상남도 양산시 물금읍 범어리 2796-10번지,48330,25324,0,2796,0010,1264100115278,,,,3,용도구역코드,UQQ310,제1종지구단위계획구역,1,0,,제1종지구단위계획구역,20221008
경상남도 양산시 물금읍 범어리 2797-1번지,48330,25324,0,2797,0001,1264100115837,,,,1,용도지역코드,UQA121,제1종일반주거지역,1,0,,제1종일반주거지역,20221008
경상남도 양산시 물금읍 범어리 2797-1번지,48330,25324,0,2797,0001,1264100115837,,,,3,용도구역코드,UQQ310,제1종지구단위계획구역,1,0,,제1종지구단위계획구역,20221008
경상남도 양산시 물금읍 범어리 2797-3번지,48330,25324,0,2797,0003,1264100113097,,,,1,용도지역코드,UQA121,제1종일반주거지역,1,0,,제1종일반주거지역,20221008
경상남도 양산시 물금읍 범어리 2797-3번지,48330,25324,0,2797,0003,1264100113097,,,,3,용도구역코드,UOA120,상대보호구역,1,0,,상대보호구역,20221008
경상남도 양산시 물금읍 범어리 2797-3번지,48330,25324,0,2797,0003,1264100113097,,,,3,용도구역코드,UQQ310,제1종지구단위계획구역,0,0,,제1종지구단위계획구역,20221008
경상남도 양산시 물금읍 범어리 2797-4번지,48330,25324,0,2797,0004,1264100114480,,,,1,용도지역코드,UQA121,제1종일반주거지역,1,0,,제1종일반주거지역,20221008
경상남도 양산시 물금읍 범어리 2797-4번지,48330,25324,0,2797,0004,1264100114480,,,,3,용도구역코드,UOA120,상대보호구역,1,0,,상대보호구역,20221008
경상남도 양산시 물금읍 범어리 2797-4번지,48330,25324,0,2797,0004,1264100114480,,,,3,용도구역코드,UQQ310,제1종지구단위계획구역,0,0,,제1종지구단위계획구역,20221008
경상남도 양산시 물금읍 범어리 2797-6번지,48330,25324,0,2797,0006,1264100115662,,,,1,용도지역코드,UQA121,제1종일반주거지역,1,0,,제1종일반주거지역,20221008
경상남도 양산시 물금읍 범어리 2797-6번지,48330,25324,0,2797,0006,1264100115662,,,,3,용도구역코드,UQQ310,제1종지구단위계획구역,1,0,,제1종지구단위계획구역,20221008
경상남도 양산시 물금읍 범어리 2797-8번지,48330,25324,0,2797,0008,1264100112937,,,,1,용도지역코드,UQA121,제1종일반주거지역,1,0,,제1종일반주거지역,20221008
경상남도 양산시 물금읍 범어리 2797-8번지,48330,25324,0,2797,0008,1264100112937,,,,3,용도구역코드,UOA120,상대보호구역,1,0,,상대보호구역,20221008
경상남도 양산시 물금읍 범어리 2797-8번지,48330,25324,0,2797,0008,1264100112937,,,,3,용도구역코드,UQQ310,제1종지구단위계획구역,0,0,,제1종지구단위계획구역,20221008
경상남도 양산시 물금읍 범어리 2797-9번지,48330,25324,0,2797,0009,1264100101896,,,,1,용도지역코드,UQA121,제1종일반주거지역,1,0,,제1종일반주거지역,20221008
경상남도 양산시 물금읍 범어리 2797-9번지,48330,25324,0,2797,0009,1264100101896,,,,3,용도구역코드,UOA120,상대보호구역,1,0,,상대정화구역,20221008
경상남도 양산시 물금읍 범어리 2797-9번지,48330,25324,0,2797,0009,1264100101896,,,,3,용도구역코드,UQQ310,제1종지구단위계획구역,0,0,,제1종지구단위계획구역,20221008
경상남도 양산시 물금읍 범어리 2797-11번지,48330,25324,0,2797,0011,1264100113398,,,,1,용도지역코드,UQA121,제1종일반주거지역,1,0,,제1종일반주거지역,20221008
경상남도 양산시 물금읍 범어리 2797-11번지,48330,25324,0,2797,0011,1264100113398,,,,3,용도구역코드,UOA120,상대보호구역,1,0,,상대보호구역,20221008
경상남도 양산시 물금읍 범어리 2797-11번지,48330,25324,0,2797,0011,1264100113398,,,,3,용도구역코드,UQQ310,제1종지구단위계획구역,0,0,,제1종지구단위계획구역,20221008
경상남도 양산시 물금읍 범어리 2798-1번지,48330,25324,0,2798,0001,1000000000000000546192,,,,1,용도지역코드,UQA130,준주거지역,1,0,,준주거지역,20241112
경상남도 양산시 물금읍 범어리 2798-1번지,48330,25324,0,2798,0001,1000000000000000546192,,,,3,용도구역코드,UQQ300,지구단위계획구역,1,0,,지구단위계획구역,20241112
경상남도 양산시 물금읍 범어리 2798-1번지,48330,25324,0,2798,0001,1000000000000000899573,,,,1,용도지역코드,UQA130,준주거지역,1,0,,준주거지역,20260309
경상남도 양산시 물금읍 범어리 2798-1번지,48330,25324,0,2798,0001,1000000000000000899573,,,,3,용도구역코드,UOA120,상대보호구역,1,0,,상대보호구역,20260309
경상남도 양산시 물금읍 범어리 2798-1번지,48330,25324,0,2798,0001,1264100139343,,,,1,용도지역코드,UQA130,준주거지역,1,0,,준주거지역,20221008
경상남도 양산시 물금읍 범어리 2798-1번지,48330,25324,0,2798,0001,1264100139343,,,,3,용도구역코드,UQQ310,제1종지구단위계획구역,1,0,,제1종지구단위계획구역,20221008
경상남도 양산시 물금읍 범어리 2799-1번지,48330,25324,0,2799,0001,1264100106836,,,,1,용도지역코드,UQA121,제1종일반주거지역,1,0,,제1종일반주거지역,20221008
경상남도 양산시 물금읍 범어리 2799-1번지,48330,25324,0,2799,0001,1264100106836,,,,3,용도구역코드,UOA110,절대정화구역,1,0,,절대보호구역,20221008
경상남도 양산시 물금읍 범어리 2799-1번지,48330,25324,0,2799,0001,1264100106836,,,,3,용도구역코드,UQQ310,제1종지구단위계획구역,0,0,,제1종지구단위계획구역,20221008
경상남도 양산시 물금읍 범어리 2799-2번지,48330,25324,0,2799,0002,1264100106793,,,,1,용도지역코드,UQA121,제1종일반주거지역,1,0,,제1종일반주거지역,20221008
경상남도 양산시 물금읍 범어리 2799-2번지,48330,25324,0,2799,0002,1264100106793,,,,3,용도구역코드,UQQ310,제1종지구단위계획구역,1,0,,제1종지구단위계획구역,20221008
경상남도 양산시 물금읍 범어리 2799-3번지,48330,25324,0,2799,0003,1264100099033,,,,1,용도지역코드,UQA121,제1종일반주거지역,1,0,,제1종일반주거지역,20221008
경상남도 양산시 물금읍 범어리 2799-3번지,48330,25324,0,2799,0003,1264100099033,,,,3,용도구역코드,UOA110,절대정화구역,1,0,,절대보호구역,20221008
경상남도 양산시 물금읍 범어리 2799-3번지,48330,25324,0,2799,0003,1264100099033,,,,3,용도구역코드,UQQ310,제1종지구단위계획구역,0,0,,제1종지구단위계획구역,20221008
경상남도 양산시 물금읍 범어리 2799-4번지,48330,25324,0,2799,0004,1264100090563,,,,1,용도지역코드,UQA121,제1종일반주거지역,1,0,,제1종일반주거지역,20221008
경상남도 양산시 물금읍 범어리 2799-4번지,48330,25324,0,2799,0004,1264100090563,,,,3,용도구역코드,UQQ310,제1종지구단위계획구역,1,0,,제1종지구단위계획구역,20221008
경상남도 양산시 물금읍 범어리 2799-4번지,48330,25324,0,2799,0004,1264100090563,,,,3,용도구역코드,UOA110,절대정화구역,0,0,,절대정화구역,20221008
경상남도 양산시 물금읍 범어리 2799-4번지,48330,25324,0,2799,0004,1264100090563,,,,3,용도구역코드,UOA120,상대보호구역,0,0,,상대정화구역,20221008
경상남도 양산시 물금읍 범어리 2800-1번지,48330,25324,0,2800,0001,1264100087204,,,,1,용도지역코드,UQA121,제1종일반주거지역,1,0,,제1종일반주거지역,20221008
경상남도 양산시 물금읍 범어리 2800-1번지,48330,25324,0,2800,0001,1264100087204,,,,3,용도구역코드,UQQ310,제1종지구단위계획구역,1,0,,제1종지구단위계획구역,20221008
경상남도 양산시 물금읍 범어리 2800-3번지,48330,25324,0,2800,0003,1264100115142,,,,1,용도지역코드,UQA121,제1종일반주거지역,1,0,,제1종일반주거지역,20221008
경상남도 양산시 물금읍 범어리 2800-3번지,48330,25324,0,2800,0003,1264100115142,,,,3,용도구역코드,UOA110,절대정화구역,1,0,,절대보호구역,20221008
경상남도 양산시 물금읍 범어리 2800-3번지,48330,25324,0,2800,0003,1264100115142,,,,3,용도구역코드,UQQ310,제1종지구단위계획구역,0,0,,제1종지구단위계획구역,20221008
경상남도 양산시 물금읍 범어리 2800-4번지,48330,25324,0,2800,0004,1264100094403,,,,1,용도지역코드,UQA121,제1종일반주거지역,1,0,,제1종일반주거지역,20221008
경상남도 양산시 물금읍 범어리 2800-4번지,48330,25324,0,2800,0004,1264100094403,,,,3,용도구역코드,UQQ310,제1종지구단위계획구역,1,0,,제1종지구단위계획구역,20221008
경상남도 양산시 물금읍 범어리 2800-5번지,48330,25324,0,2800,0005,1264100113178,,,,1,용도지역코드,UQA121,제1종일반주거지역,1,0,,제1종일반주거지역,20221008
경상남도 양산시 물금읍 범어리 2800-5번지,48330,25324,0,2800,0005,1264100113178,,,,3,용도구역코드,UOA110,절대정화구역,1,0,,절대보호구역,20221008
경상남도 양산시 물금읍 범어리 2800-5번지,48330,25324,0,2800,0005,1264100113178,,,,3,용도구역코드,UQQ310,제1종지구단위계획구역,0,0,,제1종지구단위계획구역,20221008
경상남도 양산시 물금읍 범어리 2800-8번지,48330,25324,0,2800,0008,1264100116357,,,,1,용도지역코드,UQA121,제1종일반주거지역,1,0,,제1종일반주거지역,20221008
경상남도 양산시 물금읍 범어리 2800-8번지,48330,25324,0,2800,0008,1264100116357,,,,3,용도구역코드,UQQ310,제1종지구단위계획구역,1,0,,제1종지구단위계획구역,20221008
경상남도 양산시 물금읍 범어리 2800-9번지,48330,25324,0,2800,0009,1264100133423,,,,1,용도지역코드,UQA121,제1종일반주거지역,1,0,,제1종일반주거지역,20221008
경상남도 양산시 물금읍 범어리 2800-9번지,48330,25324,0,2800,0009,1264100133423,,,,3,용도구역코드,UQQ310,제1종지구단위계획구역,1,0,,제1종지구단위계획구역,20221008
경상남도 양산시 물금읍 범어리 2826번지,48330,25324,0,2826,0000,1000000000000000515385,,,,1,용도지역코드,UQA430,자연녹지지역,1,0,,자연녹지지역,20240513
경상남도 양산시 물금읍 범어리 2828-1번지,48330,25324,0,2828,0001,1264100115601,,,,1,용도지역코드,UQA121,제1종일반주거지역,1,0,,제1종일반주거지역,20221008
경상남도 양산시 물금읍 범어리 2828-1번지,48330,25324,0,2828,0001,1264100115601,,,,3,용도구역코드,UOA110,절대정화구역,1,0,,절대보호구역,20221008
경상남도 양산시 물금읍 범어리 2828-1번지,48330,25324,0,2828,0001,1264100115601,,,,3,용도구역코드,UQQ310,제1종지구단위계획구역,0,0,,제1종지구단위계획구역,20221008
경상남도 양산시 물금읍 범어리 2828-2번지,48330,25324,0,2828,0002,1264100148332,,,,1,용도지역코드,UQA121,제1종일반주거지역,1,0,,제1종일반주거지역,20221008
경상남도 양산시 물금읍 범어리 2828-2번지,48330,25324,0,2828,0002,1264100148332,,,,3,용도구역코드,UQQ310,제1종지구단위계획구역,1,0,,제1종지구단위계획구역,20221008
경상남도 양산시 물금읍 범어리 2828-3번지,48330,25324,0,2828,0003,1264100116057,,,,1,용도지역코드,UQA121,제1종일반주거지역,1,0,,제1종일반주거지역,20221008
경상남도 양산시 물금읍 범어리 2828-3번지,48330,25324,0,2828,0003,1264100116057,,,,3,용도구역코드,UQQ310,제1종지구단위계획구역,1,0,,제1종지구단위계획구역,20221008
경상남도 양산시 물금읍 범어리 2828-3번지,48330,25324,0,2828,0003,1264100116057,,,,3,용도구역코드,UOA110,절대정화구역,0,0,,절대정화구역,20221008
경상남도 양산시 물금읍 범어리 2828-4번지,48330,25324,0,2828,0004,1264100113716,,,,3,용도구역코드,UQQ310,제1종지구단위계획구역,1,0,,제1종지구단위계획구역,20230418
경상남도 양산시 물금읍 범어리 2828-4번지,48330,25324,0,2828,0004,1264100113716,,,,1,용도지역코드,UQA121,제1종일반주거지역,1,0,,제1종일반주거지역,20230418
경상남도 양산시 물금읍 범어리 2828-6번지,48330,25324,0,2828,0006,1264100111299,,,,1,용도지역코드,UQA121,제1종일반주거지역,1,0,,제1종일반주거지역,20221008
경상남도 양산시 물금읍 범어리 2828-6번지,48330,25324,0,2828,0006,1264100111299,,,,3,용도구역코드,UQQ310,제1종지구단위계획구역,1,0,,제1종지구단위계획구역,20221008
경상남도 양산시 물금읍 범어리 2828-7번지,48330,25324,0,2828,0007,1264100105595,,,,1,용도지역코드,UQA121,제1종일반주거지역,1,0,,제1종일반주거지역,20221008
경상남도 양산시 물금읍 범어리 2828-7번지,48330,25324,0,2828,0007,1264100105595,,,,3,용도구역코드,UQQ310,제1종지구단위계획구역,1,0,,제1종지구단위계획구역,20221008
경상남도 양산시 물금읍 범어리 2828-8번지,48330,25324,0,2828,0008,1264100102776,,,,1,용도지역코드,UQA121,제1종일반주거지역,1,0,,제1종일반주거지역,20221008
경상남도 양산시 물금읍 범어리 2828-8번지,48330,25324,0,2828,0008,1264100102776,,,,3,용도구역코드,UQQ310,제1종지구단위계획구역,1,0,,제1종지구단위계획구역,20221008
경상남도 양산시 물금읍 범어리 2828-9번지,48330,25324,0,2828,0009,1264100114718,,,,1,용도지역코드,UQA121,제1종일반주거지역,1,0,,제1종일반주거지역,20221008
경상남도 양산시 물금읍 범어리 2828-9번지,48330,25324,0,2828,0009,1264100114718,,,,3,용도구역코드,UQQ310,제1종지구단위계획구역,1,0,,제1종지구단위계획구역,20221008
경상남도 양산시 물금읍 범어리 2829-1번지,48330,25324,0,2829,0001,1264100107295,,,,1,용도지역코드,UQA121,제1종일반주거지역,1,0,,제1종일반주거지역,20221008
경상남도 양산시 물금읍 범어리 2829-1번지,48330,25324,0,2829,0001,1264100107295,,,,3,용도구역코드,UQQ300,지구단위계획구역,1,0,,지구단위계획구역,20221008
경상남도 양산시 물금읍 범어리 2829-3번지,48330,25324,0,2829,0003,1264100115098,,,,1,용도지역코드,UQA121,제1종일반주거지역,1,0,,제1종일반주거지역,20221008
경상남도 양산시 물금읍 범어리 2829-3번지,48330,25324,0,2829,0003,1264100115098,,,,3,용도구역코드,UOA110,절대정화구역,1,0,,절대보호구역,20221008
경상남도 양산시 물금읍 범어리 2829-3번지,48330,25324,0,2829,0003,1264100115098,,,,3,용도구역코드,UQQ310,제1종지구단위계획구역,0,0,,제1종지구단위계획구역,20221008
경상남도 양산시 물금읍 범어리 2829-4번지,48330,25324,0,2829,0004,1264100107095,,,,1,용도지역코드,UQA121,제1종일반주거지역,1,0,,제1종일반주거지역,20221008
경상남도 양산시 물금읍 범어리 2829-4번지,48330,25324,0,2829,0004,1264100107095,,,,3,용도구역코드,UOA110,절대정화구역,1,0,,절대보호구역,20221008
경상남도 양산시 물금읍 범어리 2829-4번지,48330,25324,0,2829,0004,1264100107095,,,,3,용도구역코드,UQQ310,제1종지구단위계획구역,0,0,,제1종지구단위계획구역,20221008
경상남도 양산시 물금읍 범어리 2829-5번지,48330,25324,0,2829,0005,1264100114816,,,,1,용도지역코드,UQA121,제1종일반주거지역,1,0,,제1종일반주거지역,20221008
경상남도 양산시 물금읍 범어리 2829-5번지,48330,25324,0,2829,0005,1264100114816,,,,3,용도구역코드,UQQ310,제1종지구단위계획구역,1,0,,제1종지구단위계획구역,20221008
경상남도 양산시 물금읍 범어리 2829-6번지,48330,25324,0,2829,0006,1264100115397,,,,1,용도지역코드,UQA121,제1종일반주거지역,1,0,,제1종일반주거지역,20221008
경상남도 양산시 물금읍 범어리 2829-6번지,48330,25324,0,2829,0006,1264100115397,,,,3,용도구역코드,UOA110,절대정화구역,1,0,,절대보호구역,20221008
경상남도 양산시 물금읍 범어리 2829-6번지,48330,25324,0,2829,0006,1264100115397,,,,3,용도구역코드,UQQ310,제1종지구단위계획구역,0,0,,제1종지구단위계획구역,20221008
경상남도 양산시 물금읍 범어리 2829-7번지,48330,25324,0,2829,0007,1264100111218,,,,1,용도지역코드,UQA121,제1종일반주거지역,1,0,,제1종일반주거지역,20221008
경상남도 양산시 물금읍 범어리 2829-7번지,48330,25324,0,2829,0007,1264100111218,,,,3,용도구역코드,UOA110,절대정화구역,1,0,,절대보호구역,20221008
경상남도 양산시 물금읍 범어리 2829-7번지,48330,25324,0,2829,0007,1264100111218,,,,3,용도구역코드,UQQ310,제1종지구단위계획구역,0,0,,제1종지구단위계획구역,20221008
경상남도 양산시 물금읍 범어리 2829-7번지,48330,25324,0,2829,0007,1264100120579,,,,1,용도지역코드,UQA121,제1종일반주거지역,1,0,,제1종일반주거지역,20221008
경상남도 양산시 물금읍 범어리 2829-7번지,48330,25324,0,2829,0007,1264100120579,,,,3,용도구역코드,UQQ310,제1종지구단위계획구역,1,0,,제1종지구단위계획구역,20221008
경상남도 양산시 물금읍 범어리 2830-1번지,48330,25324,0,2830,0001,1264100115599,,,,1,용도지역코드,UQA121,제1종일반주거지역,1,0,,제1종일반주거지역,20221008
경상남도 양산시 물금읍 범어리 2830-1번지,48330,25324,0,2830,0001,1264100115599,,,,3,용도구역코드,UOA110,절대정화구역,1,0,,절대보호구역,20221008
경상남도 양산시 물금읍 범어리 2830-1번지,48330,25324,0,2830,0001,1264100115599,,,,3,용도구역코드,UQQ310,제1종지구단위계획구역,0,0,,제1종지구단위계획구역,20221008
경상남도 양산시 물금읍 범어리 2830-3번지,48330,25324,0,2830,0003,1264100115318,,,,1,용도지역코드,UQA121,제1종일반주거지역,1,0,,제1종일반주거지역,20221008
경상남도 양산시 물금읍 범어리 2830-3번지,48330,25324,0,2830,0003,1264100115318,,,,3,용도구역코드,UQQ310,제1종지구단위계획구역,1,0,,제1종지구단위계획구역,20221008
경상남도 양산시 물금읍 범어리 2830-5번지,48330,25324,0,2830,0005,1000000000000000110572,,,,1,용도지역코드,UQA121,제1종일반주거지역,1,0,,제1종일반주거지역,20241223
경상남도 양산시 물금읍 범어리 2830-5번지,48330,25324,0,2830,0005,1000000000000000110572,,,,3,용도구역코드,UQQ310,제1종지구단위계획구역,1,0,,제1종지구단위계획구역,20241223
경상남도 양산시 물금읍 범어리 2830-5번지,48330,25324,0,2830,0005,1000000000000000110572,,,,3,용도구역코드,UMZ100,가축사육제한구역,0,0,,가축사육제한구역,20241223
경상남도 양산시 물금읍 범어리 2830-6번지,48330,25324,0,2830,0006,1264100110682,,,,1,용도지역코드,UQA121,제1종일반주거지역,1,0,,제1종일반주거지역,20221008
경상남도 양산시 물금읍 범어리 2830-6번지,48330,25324,0,2830,0006,1264100110682,,,,3,용도구역코드,UQQ310,제1종지구단위계획구역,1,0,,제1종지구단위계획구역,20221008
경상남도 양산시 물금읍 범어리 2831-1번지,48330,25324,0,2831,0001,1264100111300,,,,1,용도지역코드,UQA121,제1종일반주거지역,1,0,,제1종일반주거지역,20221008
경상남도 양산시 물금읍 범어리 2831-1번지,48330,25324,0,2831,0001,1264100111300,,,,3,용도구역코드,UQQ310,제1종지구단위계획구역,1,0,,제1종지구단위계획구역,20221008
경상남도 양산시 물금읍 범어리 2831-2번지,48330,25324,0,2831,0002,1264100115596,,,,1,용도지역코드,UQA121,제1종일반주거지역,1,0,,제1종일반주거지역,20221008
경상남도 양산시 물금읍 범어리 2831-2번지,48330,25324,0,2831,0002,1264100115596,,,,3,용도구역코드,UQQ310,제1종지구단위계획구역,1,0,,제1종지구단위계획구역,20221008
경상남도 양산시 물금읍 범어리 2831-4번지,48330,25324,0,2831,0004,1264100115839,,,,1,용도지역코드,UQA121,제1종일반주거지역,1,0,,제1종일반주거지역,20221008
경상남도 양산시 물금읍 범어리 2831-4번지,48330,25324,0,2831,0004,1264100115839,,,,3,용도구역코드,UQQ310,제1종지구단위계획구역,1,0,,제1종지구단위계획구역,20221008
경상남도 양산시 물금읍 범어리 2831-6번지,48330,25324,0,2831,0006,1000000000000000740514,,,,3,용도구역코드,UQQ310,제1종지구단위계획구역,1,0,,제1종지구단위계획구역,20260401
경상남도 양산시 물금읍 범어리 2831-6번지,48330,25324,0,2831,0006,1000000000000000740514,,,,1,용도지역코드,UQA121,제1종일반주거지역,1,0,,제1종일반주거지역,20260401
경상남도 양산시 물금읍 범어리 2831-6번지,48330,25324,0,2831,0006,1264100115597,,,,1,용도지역코드,UQA121,제1종일반주거지역,1,0,,제1종일반주거지역,20221008
경상남도 양산시 물금읍 범어리 2831-6번지,48330,25324,0,2831,0006,1264100115597,,,,3,용도구역코드,UQQ310,제1종지구단위계획구역,1,0,,제1종지구단위계획구역,20221008
경상남도 양산시 물금읍 범어리 2831-7번지,48330,25324,0,2831,0007,1264100142123,,,,1,용도지역코드,UQA121,제1종일반주거지역,1,0,,제1종일반주거지역,20221008
경상남도 양산시 물금읍 범어리 2831-7번지,48330,25324,0,2831,0007,1264100142123,,,,3,용도구역코드,UQQ310,제1종지구단위계획구역,0,0,,제1종지구단위계획구역,20221008
경상남도 양산시 물금읍 범어리 2831-7번지,48330,25324,0,2831,0007,1264100142123,,,,3,용도구역코드,UMZ100,가축사육제한구역,0,0,,가축사육제한구역,20221008
경상남도 양산시 물금읍 범어리 2831-7번지,48330,25324,0,2831,0007,1264100142123,,,,3,용도구역코드,UOA120,상대보호구역,0,0,,상대보호구역,20221008
경상남도 양산시 물금읍 범어리 2831-8번지,48330,25324,0,2831,0008,1264100129001,,,,1,용도지역코드,UQA121,제1종일반주거지역,1,0,,제1종일반주거지역,20221008
경상남도 양산시 물금읍 범어리 2831-8번지,48330,25324,0,2831,0008,1264100129001,,,,3,용도구역코드,UQQ310,제1종지구단위계획구역,1,0,,제1종지구단위계획구역,20221008
경상남도 양산시 물금읍 범어리 산49-5번지,48330,25324,1,0049,0005,1264827,49-5,,,1,용도지역코드,1020,일반주거지역,1,0,,일반주거지역,20221008
경상남도 양산시 물금읍 범어리 산64번지,48330,25324,1,0064,0000,12641951,,,,1,용도지역코드,1330,자연녹지지역,1,0,,자연녹지지역,20221008
경상남도 양산시 물금읍 범어리 산64번지,48330,25324,1,0064,0000,1264907,,,,1,용도지역코드,1330,자연녹지지역,1,0,,자연녹지지역,20221008
경상남도 양산시 물금읍 범어리 산127번지,48330,25324,1,0127,0000,12641648,,,,1,용도지역코드,1020,일반주거지역,1,0,,일반주거지역,20221008
경상남도 양산시 물금읍 범어리 산135-2번지,48330,25324,1,0135,0002,1264447,,,,1,용도지역코드,1330,자연녹지지역,1,0,,자연녹지지역,20221008
경상남도 양산시 물금읍 범어리 블록,48330,25324,2,0000,0000,1264100036732,물금택지개발사업지구 3-3단계(부산대학교 양산캠퍼스 구내),,,1,용도지역코드,UQA122,제2종일반주거지역,1,0,,제2종일반주거지역,20221008
경상남도 양산시 물금읍 범어리 블록,48330,25324,2,0000,0000,1264100088561,양산물금택지 개발사업지구 제3-3단계,,,1,용도지역코드,UQA122,제2종일반주거지역,1,0,,제2종일반주거지역,20221008
경상남도 양산시 물금읍 범어리 블록,48330,25324,2,0000,0000,1264100088561,양산물금택지 개발사업지구 제3-3단계,,,3,용도구역코드,UQQ310,제1종지구단위계획구역,1,0,,제1종지구단위계획구역,20221008
경상남도 양산시 물금읍 범어리 블록,48330,25324,2,0000,0000,1264100072281,양산물금택지 개발사업지구 제3-3단계,,,1,용도지역코드,UQA122,제2종일반주거지역,1,0,,제2종일반주거지역,20221008
경상남도 양산시 물금읍 범어리 블록,48330,25324,2,0000,0000,1264100072281,양산물금택지 개발사업지구 제3-3단계,,,3,용도구역코드,UQQ310,제1종지구단위계획구역,1,0,,제1종지구단위계획구역,20221008
경상남도 양산시 물금읍 범어리 블록,48330,25324,2,0000,0000,1264100072281,양산물금택지 개발사업지구 제3-3단계,,,3,용도구역코드,UOA110,절대정화구역,0,0,,절대정화구역,20221008
경상남도 양산시 물금읍 범어리 블록,48330,25324,2,0000,0000,1264100039332,,474블록,2로트,1,용도지역코드,UQA220,일반상업지역,1,0,,일반상업지역,20221008
경상남도 양산시 물금읍 범어리 블록,48330,25324,2,0000,0000,1264100015375,택지개발지구 3-2단계,11블럭,,2,용도지구코드,160,택지개발지구,1,0,,택지개발지구,20221008
경상남도 양산시 물금읍 범어리 블록,48330,25324,2,0000,0000,1264100021566,양산물금 택지개발사업지구 제3-3단계,,,1,용도지역코드,UQA122,제2종일반주거지역,1,0,,제2종일반주거지역,20221008
경상남도 양산시 물금읍 범어리 블록,48330,25324,2,0000,0000,1264100021566,양산물금 택지개발사업지구 제3-3단계,,,3,용도구역코드,UQQ310,제1종지구단위계획구역,1,0,,제1종지구단위계획구역,20221008
경상남도 양산시 물금읍 범어리 블록,48330,25324,2,0000,0000,1264100040284,양산물금지구3-2단계,681블록,2로트,1,용도지역코드,UQA130,준주거지역,1,0,,준주거지역,20221008
경상남도 양산시 물금읍 범어리 블록,48330,25324,2,0000,0000,1264100040284,양산물금지구3-2단계,681블록,2로트,3,용도구역코드,UQQ300,지구단위계획구역,1,0,,지구단위계획구역,20221008
경상남도 양산시 물금읍 범어리 블록,48330,25324,2,0000,0000,1264100012730,택지개발지구 3-2단계,11,,1,용도지역코드,1030,준주거지역,1,0,,준주거지역,20221008
경상남도 양산시 물금읍 범어리 블록,48330,25324,2,0000,0000,1264100012730,택지개발지구 3-2단계,11,,2,용도지구코드,,,1,0,,,20221008
경상남도 양산시 물금읍 범어리 블록,48330,25324,2,0000,0000,1264100012730,택지개발지구 3-2단계,11,,3,용도구역코드,301,제1종지구단위계획구역,1,0,,제1종지구단위계획구역,20221008
경상남도 양산시 물금읍 범어리 블록,48330,25324,2,0000,0000,12647754,양산물금지구,268,1,1,용도지역코드,1023,제3종일반주거지역,1,0,,제3종일반주거지역,20221008
경상남도 양산시 물금읍 범어리 블록,48330,25324,2,0000,0000,1264100053369,양산물금택지개발사업,354,4,1,용도지역코드,UQA121,제1종일반주거지역,1,0,,제1종일반주거지역,20221008
경상남도 양산시 물금읍 범어리 블록,48330,25324,2,0000,0000,1264100078680,물금2지구,661,3,1,용도지역코드,UQA121,제1종일반주거지역,1,0,,제1종일반주거지역,20221008
경상남도 양산시 물금읍 범어리 블록,48330,25324,2,0000,0000,1264100078680,물금2지구,661,3,3,용도구역코드,UQQ310,제1종지구단위계획구역,1,0,,제1종지구단위계획구역,20221008
경상남도 양산시 물금읍 범어리 블록,48330,25324,2,0000,0000,1264100053369,양산물금택지개발사업,354,4,3,용도구역코드,UQQ310,제1종지구단위계획구역,1,0,,제1종지구단위계획구역,20221008
경상남도 양산시 물금읍 범어리 블록,48330,25324,2,0000,0000,1264100053615,물금2택지개발지구내 초등학교12부지,,,1,용도지역코드,UQA121,제1종일반주거지역,1,0,,제1종일반주거지역,20221008
경상남도 양산시 물금읍 범어리 블록,48330,25324,2,0000,0000,1264100053615,물금2택지개발지구내 초등학교12부지,,,3,용도구역코드,UQQ310,제1종지구단위계획구역,1,0,,제1종지구단위계획구역,20221008
경상남도 양산시 물금읍 범어리 블록,48330,25324,2,0000,0000,1264100049525,양산물금택지 개발사업지구 제3-3단계,,,1,용도지역코드,UQA122,제2종일반주거지역,1,0,,제2종일반주거지역,20221008
경상남도 양산시 물금읍 범어리 블록,48330,25324,2,0000,0000,1264100049525,양산물금택지 개발사업지구 제3-3단계,,,3,용도구역코드,UQQ310,제1종지구단위계획구역,1,0,,제1종지구단위계획구역,20221008
경상남도 양산시 물금읍 범어리 블록,48330,25324,2,0000,0000,1264100049525,양산물금택지 개발사업지구 제3-3단계,,,3,용도구역코드,UOA110,절대정화구역,0,0,,절대정화구역,20221008
경상남도 양산시 물금읍 범어리 블록,48330,25324,2,0000,0000,1264100022387,양산물금택지개발지구,3단계,부산대학교 구내,1,용도지역코드,UQA122,제2종일반주거지역,1,0,,제2종일반주거지역,20221008
경상남도 양산시 물금읍 범어리 블록,48330,25324,2,0000,0000,1264100039492,물금택지개발사업지구 중학교6부지,,,1,용도지역코드,UQA122,제2종일반주거지역,1,0,,제2종일반주거지역,20221008
경상남도 양산시 물금읍 범어리 블록,48330,25324,2,0000,0000,1264100039492,물금택지개발사업지구 중학교6부지,,,3,용도구역코드,UQQ310,제1종지구단위계획구역,1,0,,제1종지구단위계획구역,20221008
경상남도 양산시 물금읍 범어리 블록,48330,25324,2,0000,0000,1264100022062,양산물금지구택지개발지구,3-3,,1,용도지역코드,UQA122,제2종일반주거지역,1,0,,제2종일반주거지역,20221008
경상남도 양산시 물금읍 범어리 블록,48330,25324,2,0000,0000,1264100015498,양산물금지구택지개발지구제3단계양산부산대학교병원 구내,,,3,용도구역코드,301,제1종지구단위계획구역,1,0,,제1종지구단위계획구역,20221008
경상남도 양산시 물금읍 범어리 블록,48330,25324,2,0000,0000,1264100004906,제3단계지역 부산대학교 제2캠퍼스,1블럭,,1,용도지역코드,1022,제2종일반주거지역,1,0,,제2종일반주거지역,20221008
경상남도 양산시 물금읍 범어리 블록,48330,25324,2,0000,0000,1264100015498,양산물금지구택지개발지구제3단계양산부산대학교병원 구내,,,1,용도지역코드,1022,제2종일반주거지역,1,0,,제2종일반주거지역,20221008
경상남도 양산시 물금읍 범어리 블록,48330,25324,2,0000,0000,12649300,물금택지개발지구 1지구 2단계,220,6,1,용도지역코드,1030,준주거지역,1,0,,준주거지역,20221008
경상남도 양산시 물금읍 범어리 블록,48330,25324,2,0000,0000,12649300,물금택지개발지구 1지구 2단계,220,6,3,용도구역코드,301,제1종지구단위계획구역,1,0,,제1종지구단위계획구역,20221008
경상남도 양산시 물금읍 범어리 블록,48330,25324,2,0000,0000,1264100005765,양산물금택지개발,3블럭,3로트,1,용도지역코드,1022,제2종일반주거지역,1,0,,제2종일반주거지역,20221008
경상남도 양산시 물금읍 범어리 블록,48330,25324,2,0000,0000,1264100005765,양산물금택지개발,3블럭,3로트,2,용도지구코드,160,택지개발지구,1,0,,택지개발지구,20221008
경상남도 양산시 물금읍 범어리 블록,48330,25324,2,0000,0000,1264100016781,물금택지개발지구,공구3-3,부산대학교 부지내,1,용도지역코드,1022,제2종일반주거지역,1,0,,제2종일반주거지역,20221008
경상남도 양산시 물금읍 범어리 블록,48330,25324,2,0000,0000,1264100016781,물금택지개발지구,공구3-3,부산대학교 부지내,2,용도지구코드,160,택지개발지구,1,0,,택지개발지구,20221008
경상남도 양산시 물금읍 범어리 블록,48330,25324,2,0000,0000,12649608,양산물금택지지구3단계,324,2,1,용도지역코드,1022,제2종일반주거지역,1,0,,제2종일반주거지역,20221008
경상남도 양산시 물금읍 범어리 블록12-16번지,48330,25324,2,0012,0016,1264880,,,,1,용도지역코드,1020,일반주거지역,1,0,,일반주거지역,20221008
경상남도 양산시 물금읍 범어리 블록86-2번지,48330,25324,2,0086,0002,1264582,,,,1,용도지역코드,1020,일반주거지역,1,0,,일반주거지역,20221008
