대지위치,시군구코드,법정동코드,대지구분코드,번,지,관리허가대장PK,특수지명,블록,로트,지역지구구역구분코드,지역지구구역구분코드명,지역지구구역코드,지역지구구역코드명,대표여부,주동구분코드,주동구분코드명,지역지구구역명,생성일자
경상남도 양산시 평산동 ,48330,11900,0,0000,0000,12645394,26B7L,,,1,용도지역코드,1022,제2종일반주거지역,1,0,,제2종일반주거지역,20221008
경상남도 양산시 평산동 ,48330,11900,0,0000,0000,12644162,경상남도 양산시 웅상읍 평산리,367,5,1,용도지역코드,1020,일반주거지역,1,0,,일반주거지역,20221008
경상남도 양산시 평산동 ,48330,11900,0,0000,0000,12645370,평산지구토지구획정리지구 19B 4L,,,1,용도지역코드,1120,일반상업지역,1,0,,일반상업지역,20221008
경상남도 양산시 평산동 ,48330,11900,0,0000,0000,12644461,,19,6,1,용도지역코드,1120,일반상업지역,1,0,,일반상업지역,20221008
경상남도 양산시 평산동 ,48330,11900,0,0000,0000,12643685,평산지구 토지구획정리사업지구,20B,2L,1,용도지역코드,1120,일반상업지역,1,0,,일반상업지역,20221008
경상남도 양산시 평산동 ,48330,11900,0,0000,0000,12643244,"888-2, 889-2",,,1,용도지역코드,1020,일반주거지역,1,0,,일반주거지역,20221008
경상남도 양산시 평산동 ,48330,11900,0,0000,0000,12643272,"273-1,273-2",,,1,용도지역코드,1020,일반주거지역,1,0,,일반주거지역,20221008
경상남도 양산시 평산동 ,48330,11900,0,0000,0000,12641487,경남 양산시 웅상읍 평산리 23-1번지,,,1,용도지역코드,1330,자연녹지지역,1,0,,자연녹지지역,20221008
경상남도 양산시 평산동 ,48330,11900,0,0000,0000,12645350,평산토지구획정리사업지구 24B 5N,,,1,용도지역코드,1022,제2종일반주거지역,1,0,,제2종일반주거지역,20221008
경상남도 양산시 평산동 1-3번지,48330,11900,0,0001,0003,1264100015318,,,,1,용도지역코드,1120,일반상업지역,1,0,,일반상업지역,20221008
경상남도 양산시 평산동 1-5번지,48330,11900,0,0001,0005,12643059,,,,1,용도지역코드,1120,일반상업지역,1,0,,일반상업지역,20221008
경상남도 양산시 평산동 1-5번지,48330,11900,0,0001,0005,1264100011491,,,,1,용도지역코드,1120,일반상업지역,1,0,,일반상업지역,20221008
경상남도 양산시 평산동 2번지,48330,11900,0,0002,0000,12645972,,,,1,용도지역코드,1120,일반상업지역,1,0,,일반상업지역,20221008
경상남도 양산시 평산동 2번지,48330,11900,0,0002,0000,12644996,,,,1,용도지역코드,1120,일반상업지역,1,0,,일반상업지역,20221008
경상남도 양산시 평산동 2번지,48330,11900,0,0002,0000,1264100017795,,,,1,용도지역코드,1120,일반상업지역,1,0,,일반상업지역,20221008
경상남도 양산시 평산동 2번지,48330,11900,0,0002,0000,1264100035817,,,,1,용도지역코드,UQA220,일반상업지역,1,0,,일반상업지역,20221008
경상남도 양산시 평산동 4번지,48330,11900,0,0004,0000,12642716,,,,1,용도지역코드,1120,일반상업지역,1,0,,일반상업지역,20221008
경상남도 양산시 평산동 4번지,48330,11900,0,0004,0000,12642716,,,,1,용도지역코드,1330,자연녹지지역,0,0,,자연녹지지역,20221008
경상남도 양산시 평산동 5번지,48330,11900,0,0005,0000,12643056,,,,1,용도지역코드,1330,자연녹지지역,1,0,,자연녹지지역,20221008
경상남도 양산시 평산동 8-1번지,48330,11900,0,0008,0001,1264100011490,,,,1,용도지역코드,1120,일반상업지역,1,0,,일반상업지역,20221008
경상남도 양산시 평산동 9-1번지,48330,11900,0,0009,0001,12645378,,,,1,용도지역코드,1120,일반상업지역,1,0,,일반상업지역,20221008
경상남도 양산시 평산동 11번지,48330,11900,0,0011,0000,12647784,,,,1,용도지역코드,1022,제2종일반주거지역,1,0,,제2종일반주거지역,20221008
경상남도 양산시 평산동 12번지,48330,11900,0,0012,0000,1264100005627,,,,1,용도지역코드,1330,자연녹지지역,1,0,,자연녹지지역,20221008
경상남도 양산시 평산동 12번지,48330,11900,0,0012,0000,12642024,,,,1,용도지역코드,1330,자연녹지지역,1,0,,자연녹지지역,20221008
경상남도 양산시 평산동 13번지,48330,11900,0,0013,0000,1264100005626,,,,1,용도지역코드,1330,자연녹지지역,1,0,,자연녹지지역,20221008
경상남도 양산시 평산동 13-3번지,48330,11900,0,0013,0003,12643754,,13B,3L,1,용도지역코드,1120,일반상업지역,1,0,,일반상업지역,20221008
경상남도 양산시 평산동 13-8번지,48330,11900,0,0013,0008,12643262,평산지구토지구획정리지구,,,1,용도지역코드,1120,일반상업지역,1,0,,일반상업지역,20221008
경상남도 양산시 평산동 14번지,48330,11900,0,0014,0000,1264100089881,,,,1,용도지역코드,UQA122,제2종일반주거지역,1,0,,제2종일반주거지역,20221008
경상남도 양산시 평산동 15-1번지,48330,11900,0,0015,0001,12643905,,,,1,용도지역코드,1022,제2종일반주거지역,1,0,,제2종일반주거지역,20221008
경상남도 양산시 평산동 15-1번지,48330,11900,0,0015,0001,1264100015575,,,,1,용도지역코드,1022,제2종일반주거지역,1,0,,제2종일반주거지역,20221008
경상남도 양산시 평산동 15-1번지,48330,11900,0,0015,0001,12649178,,,,1,용도지역코드,1022,제2종일반주거지역,1,0,,제2종일반주거지역,20221008
경상남도 양산시 평산동 15-2번지,48330,11900,0,0015,0002,12643254,,,,1,용도지역코드,1330,자연녹지지역,1,0,,자연녹지지역,20221008
경상남도 양산시 평산동 15-5번지,48330,11900,0,0015,0005,12644964,,,,1,용도지역코드,1022,제2종일반주거지역,1,0,,제2종일반주거지역,20221008
경상남도 양산시 평산동 15-9번지,48330,11900,0,0015,0009,1264100015576,,,,1,용도지역코드,1022,제2종일반주거지역,1,0,,제2종일반주거지역,20221008
경상남도 양산시 평산동 15-9번지,48330,11900,0,0015,0009,12645012,,,,1,용도지역코드,1022,제2종일반주거지역,1,0,,제2종일반주거지역,20221008
경상남도 양산시 평산동 15-12번지,48330,11900,0,0015,0012,12643945,,15,12,1,용도지역코드,1120,일반상업지역,1,0,,일반상업지역,20221008
경상남도 양산시 평산동 16-2번지,48330,11900,0,0016,0002,12649096,,,,1,용도지역코드,1022,제2종일반주거지역,1,0,,제2종일반주거지역,20221008
경상남도 양산시 평산동 16-6번지,48330,11900,0,0016,0006,1264100063125,,,,1,용도지역코드,UQA122,제2종일반주거지역,1,0,,제2종일반주거지역,20221008
경상남도 양산시 평산동 16-6번지,48330,11900,0,0016,0006,1264100063125,,,,2,용도지구코드,UQG130,일반미관지구,1,0,,일반미관지구,20221008
경상남도 양산시 평산동 18-3번지,48330,11900,0,0018,0003,1264100005527,,,,1,용도지역코드,1330,자연녹지지역,1,0,,자연녹지지역,20221008
경상남도 양산시 평산동 18-3번지,48330,11900,0,0018,0003,12641698,,,,1,용도지역코드,1330,자연녹지지역,1,0,,자연녹지지역,20221008
경상남도 양산시 평산동 18-3번지,48330,11900,0,0018,0003,12642029,,,,1,용도지역코드,1330,자연녹지지역,1,0,,자연녹지지역,20221008
경상남도 양산시 평산동 18-3번지,48330,11900,0,0018,0003,12641627,,,,1,용도지역코드,1330,자연녹지지역,1,0,,자연녹지지역,20221008
경상남도 양산시 평산동 18-3번지,48330,11900,0,0018,0003,1264100005587,,,,1,용도지역코드,1330,자연녹지지역,1,0,,자연녹지지역,20221008
경상남도 양산시 평산동 18-7번지,48330,11900,0,0018,0007,12647087,,,,1,용도지역코드,1022,제2종일반주거지역,1,0,,제2종일반주거지역,20221008
경상남도 양산시 평산동 18-7번지,48330,11900,0,0018,0007,12642458,,,,1,용도지역코드,1330,자연녹지지역,1,0,,자연녹지지역,20221008
경상남도 양산시 평산동 20-8번지,48330,11900,0,0020,0008,1264762,경상남도 양산시 웅상읍 평산리,20,8,1,용도지역코드,0800,경지지역,1,0,,경지지역,20221008
경상남도 양산시 평산동 20-8번지,48330,11900,0,0020,0008,126472,,,,1,용도지역코드,0800,경지지역,1,0,,경지지역,20221008
경상남도 양산시 평산동 21-1번지,48330,11900,0,0021,0001,1264100140005,,,,1,용도지역코드,UQA122,제2종일반주거지역,1,0,,제2종일반주거지역,20221008
경상남도 양산시 평산동 21-1번지,48330,11900,0,0021,0001,1264100140005,,,,2,용도지구코드,UQF130,시가지경관지구,1,0,,시가지경관지구,20221008
경상남도 양산시 평산동 21-6번지,48330,11900,0,0021,0006,12643652,평산지구 토지구획정리사업지구,21B,6L,1,용도지역코드,1120,일반상업지역,1,0,,일반상업지역,20221008
경상남도 양산시 평산동 23-1번지,48330,11900,0,0023,0001,12647883,,,,1,용도지역코드,1022,제2종일반주거지역,1,0,,제2종일반주거지역,20221008
경상남도 양산시 평산동 24-1번지,48330,11900,0,0024,0001,12647816,,,,1,용도지역코드,1022,제2종일반주거지역,1,0,,제2종일반주거지역,20221008
경상남도 양산시 평산동 24-13번지,48330,11900,0,0024,0013,12646091,,,,1,용도지역코드,1330,자연녹지지역,1,0,,자연녹지지역,20260204
경상남도 양산시 평산동 26-6번지,48330,11900,0,0026,0006,12647120,,,,1,용도지역코드,1330,자연녹지지역,1,0,,자연녹지지역,20260204
경상남도 양산시 평산동 26-11번지,48330,11900,0,0026,0011,12647119,,,,1,용도지역코드,1330,자연녹지지역,1,0,,자연녹지지역,20221008
경상남도 양산시 평산동 26-11번지,48330,11900,0,0026,0011,1264100095886,,,,1,용도지역코드,UQA430,자연녹지지역,1,0,,자연녹지지역,20221008
경상남도 양산시 평산동 26-11번지,48330,11900,0,0026,0011,1264100095886,,,,3,용도구역코드,UOA120,상대보호구역,1,0,,상대정화구역,20221008
경상남도 양산시 평산동 26-17번지,48330,11900,0,0026,0017,1000000000000000839713,,,,1,용도지역코드,UQA122,제2종일반주거지역,1,0,,제2종일반주거지역,20260123
경상남도 양산시 평산동 26-17번지,48330,11900,0,0026,0017,1000000000000000839713,,,,1,용도지역코드,UQA430,자연녹지지역,0,0,,자연녹지지역,20260123
경상남도 양산시 평산동 26-17번지,48330,11900,0,0026,0017,1000000000000000839713,,,,2,용도지구코드,UQF130,시가지경관지구,1,0,,시가지경관지구,20260123
경상남도 양산시 평산동 31-2번지,48330,11900,0,0031,0002,12642877,,,,1,용도지역코드,1020,일반주거지역,1,0,,일반주거지역,20221008
경상남도 양산시 평산동 31-2번지,48330,11900,0,0031,0002,12642311,,,,1,용도지역코드,1020,일반주거지역,1,0,,일반주거지역,20221008
경상남도 양산시 평산동 31-2번지,48330,11900,0,0031,0002,12642311,,,,1,용도지역코드,1330,자연녹지지역,0,0,,자연녹지지역,20221008
경상남도 양산시 평산동 31-2번지,48330,11900,0,0031,0002,12648803,,,,1,용도지역코드,1022,제2종일반주거지역,1,0,,제2종일반주거지역,20221008
경상남도 양산시 평산동 31-2번지,48330,11900,0,0031,0002,12648803,,,,3,용도구역코드,010,도시계획구역,1,0,,도시계획구역,20221008
경상남도 양산시 평산동 31-5번지,48330,11900,0,0031,0005,12647117,,,,1,용도지역코드,1022,제2종일반주거지역,1,0,,제2종일반주거지역,20221008
경상남도 양산시 평산동 31-5번지,48330,11900,0,0031,0005,1000000000000001001940,,,,1,용도지역코드,UQA130,준주거지역,1,0,,준주거지역,20260805
경상남도 양산시 평산동 31-5번지,48330,11900,0,0031,0005,1000000000000001001940,,,,3,용도구역코드,UOA120,상대보호구역,1,0,,상대보호구역,20260805
경상남도 양산시 평산동 31-5번지,48330,11900,0,0031,0005,1000000000000001001940,,,,2,용도지구코드,UQF130,시가지경관지구,1,0,,시가지경관지구,20260805
경상남도 양산시 평산동 31-5번지,48330,11900,0,0031,0005,1264100061138,,,,1,용도지역코드,UQA130,준주거지역,1,0,,준주거지역,20221008
경상남도 양산시 평산동 31-5번지,48330,11900,0,0031,0005,1264100151270,,,,1,용도지역코드,UQA130,준주거지역,1,0,,준주거지역,20221008
경상남도 양산시 평산동 31-5번지,48330,11900,0,0031,0005,1264100151270,,,,2,용도지구코드,UQF132,시가지경관지구(일반),1,0,,시가지경관지구(일반),20221008
경상남도 양산시 평산동 31-5번지,48330,11900,0,0031,0005,1264100151270,,,,3,용도구역코드,UOA120,상대보호구역,1,0,,상대보호구역,20221008
경상남도 양산시 평산동 31-5번지,48330,11900,0,0031,0005,1264100059673,,,,1,용도지역코드,UQA130,준주거지역,1,0,,준주거지역,20221008
경상남도 양산시 평산동 31-5번지,48330,11900,0,0031,0005,12641098,경상남도 양산시 웅상읍 평산리,31,5,1,용도지역코드,1020,일반주거지역,1,0,,일반주거지역,20221008
경상남도 양산시 평산동 31-5번지,48330,11900,0,0031,0005,1264100007306,,,,1,용도지역코드,1022,제2종일반주거지역,1,0,,제2종일반주거지역,20221008
경상남도 양산시 평산동 31-5번지,48330,11900,0,0031,0005,12648814,,,,1,용도지역코드,1022,제2종일반주거지역,1,0,,제2종일반주거지역,20221008
경상남도 양산시 평산동 31-7번지,48330,11900,0,0031,0007,1264100131547,,,,1,용도지역코드,UQA130,준주거지역,1,0,,준주거지역,20221008
경상남도 양산시 평산동 31-7번지,48330,11900,0,0031,0007,1264100131547,,,,2,용도지구코드,UQF132,시가지경관지구(일반),1,0,,시가지경관지구(일반),20221008
경상남도 양산시 평산동 31-7번지,48330,11900,0,0031,0007,1264100096566,,,,1,용도지역코드,UQA130,준주거지역,1,0,,준주거지역,20221008
경상남도 양산시 평산동 31-7번지,48330,11900,0,0031,0007,1264100096566,,,,2,용도지구코드,UQG130,일반미관지구,1,0,,일반미관지구,20221008
경상남도 양산시 평산동 31-7번지,48330,11900,0,0031,0007,1264100096566,,,,3,용도구역코드,UOA120,상대보호구역,1,0,,상대정화구역,20221008
경상남도 양산시 평산동 31-11번지,48330,11900,0,0031,0011,12641135,경상남도 양산시 웅상읍 평산리,31,11,1,용도지역코드,1020,일반주거지역,1,0,,일반주거지역,20221008
경상남도 양산시 평산동 31-11번지,48330,11900,0,0031,0011,12641135,경상남도 양산시 웅상읍 평산리,31,11,1,용도지역코드,0100,도시지역,0,0,,도시지역,20221008
경상남도 양산시 평산동 36번지,48330,11900,0,0036,0000,12644308,,,,1,용도지역코드,1020,일반주거지역,1,0,,일반주거지역,20221008
경상남도 양산시 평산동 36번지,48330,11900,0,0036,0000,1264100088381,,,,1,용도지역코드,UQA130,준주거지역,1,0,,준주거지역,20221008
경상남도 양산시 평산동 36번지,48330,11900,0,0036,0000,1264100088381,,,,2,용도지구코드,UQG100,미관지구,1,0,,미관지구,20221008
경상남도 양산시 평산동 36번지,48330,11900,0,0036,0000,1264100088381,,,,3,용도구역코드,UOA110,절대정화구역,1,0,,절대정화구역,20221008
경상남도 양산시 평산동 36-2번지,48330,11900,0,0036,0002,1264100100593,,,,1,용도지역코드,UQA122,제2종일반주거지역,1,0,,제2종일반주거지역,20221008
경상남도 양산시 평산동 36-2번지,48330,11900,0,0036,0002,1264100100593,,,,3,용도구역코드,UOA110,절대정화구역,1,0,,절대정화구역,20221008
경상남도 양산시 평산동 37번지,48330,11900,0,0037,0000,12643798,,,,1,용도지역코드,1020,일반주거지역,1,0,,일반주거지역,20221008
경상남도 양산시 평산동 38번지,48330,11900,0,0038,0000,1264100103356,,,,1,용도지역코드,UQA122,제2종일반주거지역,1,0,,제2종일반주거지역,20221008
경상남도 양산시 평산동 38번지,48330,11900,0,0038,0000,1264100103356,,,,3,용도구역코드,UOA120,상대보호구역,1,0,,상대정화구역,20221008
경상남도 양산시 평산동 38번지,48330,11900,0,0038,0000,1264100103353,,,,1,용도지역코드,UQA122,제2종일반주거지역,1,0,,제2종일반주거지역,20221008
경상남도 양산시 평산동 38번지,48330,11900,0,0038,0000,1264100103353,,,,3,용도구역코드,UOA120,상대보호구역,1,0,,상대정화구역,20221008
경상남도 양산시 평산동 39번지,48330,11900,0,0039,0000,1264100103355,,,,1,용도지역코드,UQA122,제2종일반주거지역,1,0,,제2종일반주거지역,20221008
경상남도 양산시 평산동 39번지,48330,11900,0,0039,0000,1264100103355,,,,3,용도구역코드,UOA120,상대보호구역,1,0,,상대정화구역,20221008
경상남도 양산시 평산동 39-8번지,48330,11900,0,0039,0008,1264100149651,,,,1,용도지역코드,UQA430,자연녹지지역,1,0,,자연녹지지역,20250704
경상남도 양산시 평산동 39-8번지,48330,11900,0,0039,0008,1000000000000000216627,,,,1,용도지역코드,UQA430,자연녹지지역,1,0,,자연녹지지역,20230118
경상남도 양산시 평산동 47-14번지,48330,11900,0,0047,0014,1000000000000000722883,,,,3,용도구역코드,UQQ300,지구단위계획구역,1,0,,지구단위계획구역,20250703
경상남도 양산시 평산동 47-14번지,48330,11900,0,0047,0014,1000000000000000722883,,,,3,용도구역코드,UMZ100,가축사육제한구역,0,0,,가축사육제한구역,20250703
경상남도 양산시 평산동 47-14번지,48330,11900,0,0047,0014,1000000000000000722883,,,,1,용도지역코드,UQA122,제2종일반주거지역,1,0,,제2종일반주거지역,20250703
경상남도 양산시 평산동 49-4번지,48330,11900,0,0049,0004,1264100006968,,,,1,용도지역코드,1021,제1종일반주거지역,1,0,,제1종일반주거지역,20221008
경상남도 양산시 평산동 49-4번지,48330,11900,0,0049,0004,1264100006607,,,,1,용도지역코드,1021,제1종일반주거지역,1,0,,제1종일반주거지역,20221008
경상남도 양산시 평산동 50번지,48330,11900,0,0050,0000,1264100011673,,,,1,용도지역코드,1023,제3종일반주거지역,1,0,,제3종일반주거지역,20221008
경상남도 양산시 평산동 50번지,48330,11900,0,0050,0000,1264100037497,,,,1,용도지역코드,UQA123,제3종일반주거지역,1,0,,제3종일반주거지역,20221008
경상남도 양산시 평산동 50번지,48330,11900,0,0050,0000,1264100037497,,,,1,용도지역코드,UQA122,제2종일반주거지역,0,0,,제2종일반주거지역,20221008
경상남도 양산시 평산동 50번지,48330,11900,0,0050,0000,1264100037497,,,,3,용도구역코드,UOA120,상대보호구역,1,0,,상대정화구역,20221008
경상남도 양산시 평산동 50번지,48330,11900,0,0050,0000,12647002,,,,1,용도지역코드,1023,제3종일반주거지역,1,0,,제3종일반주거지역,20221008
경상남도 양산시 평산동 50번지,48330,11900,0,0050,0000,1264100012751,,,,1,용도지역코드,1023,제3종일반주거지역,1,0,,제3종일반주거지역,20221008
경상남도 양산시 평산동 50-6번지,48330,11900,0,0050,0006,1264100076223,,,,1,용도지역코드,UQA123,제3종일반주거지역,1,0,,제3종일반주거지역,20221008
경상남도 양산시 평산동 50-6번지,48330,11900,0,0050,0006,1264100154955,,,,1,용도지역코드,UQA123,제3종일반주거지역,1,0,,제3종일반주거지역,20221008
경상남도 양산시 평산동 50-6번지,48330,11900,0,0050,0006,12647802,,,,1,용도지역코드,1023,제3종일반주거지역,1,0,,제3종일반주거지역,20221008
경상남도 양산시 평산동 50-6번지,48330,11900,0,0050,0006,12649183,,,,1,용도지역코드,1023,제3종일반주거지역,1,0,,제3종일반주거지역,20221008
경상남도 양산시 평산동 50-9번지,48330,11900,0,0050,0009,1264100036373,,,,1,용도지역코드,UQA123,제3종일반주거지역,1,0,,제3종일반주거지역,20221008
경상남도 양산시 평산동 50-11번지,48330,11900,0,0050,0011,12645893,,,,1,용도지역코드,1022,제2종일반주거지역,1,0,,제2종일반주거지역,20221008
경상남도 양산시 평산동 50-15번지,48330,11900,0,0050,0015,12648701,,,,1,용도지역코드,1023,제3종일반주거지역,1,0,,제3종일반주거지역,20221008
경상남도 양산시 평산동 51-3번지,48330,11900,0,0051,0003,1264100040282,,,,3,용도구역코드,UOA120,상대보호구역,1,0,,상대정화구역,20221008
경상남도 양산시 평산동 51-3번지,48330,11900,0,0051,0003,1264100040282,,,,1,용도지역코드,UQA123,제3종일반주거지역,1,0,,제3종일반주거지역,20221008
경상남도 양산시 평산동 51-17번지,48330,11900,0,0051,0017,12645613,,,,1,용도지역코드,1022,제2종일반주거지역,1,0,,제2종일반주거지역,20221008
경상남도 양산시 평산동 51-18번지,48330,11900,0,0051,0018,1264100040085,,,,1,용도지역코드,UQA123,제3종일반주거지역,1,0,,제3종일반주거지역,20221008
경상남도 양산시 평산동 51-18번지,48330,11900,0,0051,0018,1264100040085,,,,3,용도구역코드,UOA120,상대보호구역,1,0,,상대정화구역,20221008
경상남도 양산시 평산동 51-20번지,48330,11900,0,0051,0020,1264100049025,,,,1,용도지역코드,UQA122,제2종일반주거지역,1,0,,제2종일반주거지역,20221008
경상남도 양산시 평산동 51-21번지,48330,11900,0,0051,0021,1264100016755,,,,1,용도지역코드,1022,제2종일반주거지역,1,0,,제2종일반주거지역,20221008
경상남도 양산시 평산동 51-27번지,48330,11900,0,0051,0027,12645255,,,,1,용도지역코드,1022,제2종일반주거지역,1,0,,제2종일반주거지역,20221008
경상남도 양산시 평산동 51-32번지,48330,11900,0,0051,0032,12647949,,,,1,용도지역코드,1022,제2종일반주거지역,1,0,,제2종일반주거지역,20221008
경상남도 양산시 평산동 51-32번지,48330,11900,0,0051,0032,12649210,,,,1,용도지역코드,1022,제2종일반주거지역,1,0,,제2종일반주거지역,20221008
경상남도 양산시 평산동 51-35번지,48330,11900,0,0051,0035,1264100057149,,,,1,용도지역코드,UQA122,제2종일반주거지역,1,0,,제2종일반주거지역,20221008
경상남도 양산시 평산동 51-35번지,48330,11900,0,0051,0035,1264100057149,,,,3,용도구역코드,UOA120,상대보호구역,1,0,,상대정화구역,20221008
경상남도 양산시 평산동 51-35번지,48330,11900,0,0051,0035,1264100087744,,,,1,용도지역코드,UQA122,제2종일반주거지역,1,0,,제2종일반주거지역,20221008
경상남도 양산시 평산동 51-35번지,48330,11900,0,0051,0035,1264100087744,,,,3,용도구역코드,UOA120,상대보호구역,1,0,,상대정화구역,20221008
경상남도 양산시 평산동 51-36번지,48330,11900,0,0051,0036,1264100010289,,,,1,용도지역코드,1022,제2종일반주거지역,1,0,,제2종일반주거지역,20221008
경상남도 양산시 평산동 51-36번지,48330,11900,0,0051,0036,1264100027049,,,,1,용도지역코드,UQA122,제2종일반주거지역,1,0,,제2종일반주거지역,20221008
경상남도 양산시 평산동 51-37번지,48330,11900,0,0051,0037,1264100114657,,,,1,용도지역코드,UQA122,제2종일반주거지역,1,0,,제2종일반주거지역,20221008
경상남도 양산시 평산동 51-37번지,48330,11900,0,0051,0037,1264100114657,,,,3,용도구역코드,UOA120,상대보호구역,1,0,,상대보호구역,20221008
경상남도 양산시 평산동 51-38번지,48330,11900,0,0051,0038,1264100038553,,,,1,용도지역코드,UQA122,제2종일반주거지역,1,0,,제2종일반주거지역,20221008
경상남도 양산시 평산동 51-38번지,48330,11900,0,0051,0038,1264100038553,,,,3,용도구역코드,UOA120,상대보호구역,1,0,,상대정화구역,20221008
경상남도 양산시 평산동 51-39번지,48330,11900,0,0051,0039,1264100037776,,,,1,용도지역코드,UQA122,제2종일반주거지역,1,0,,제2종일반주거지역,20221008
경상남도 양산시 평산동 51-39번지,48330,11900,0,0051,0039,1264100037776,,,,3,용도구역코드,UOA120,상대보호구역,1,0,,상대정화구역,20221008
경상남도 양산시 평산동 51-40번지,48330,11900,0,0051,0040,12645908,,,,1,용도지역코드,1022,제2종일반주거지역,1,0,,제2종일반주거지역,20221008
경상남도 양산시 평산동 51-41번지,48330,11900,0,0051,0041,1000000000000000535046,,,,1,용도지역코드,UQA122,제2종일반주거지역,1,0,,제2종일반주거지역,20240613
경상남도 양산시 평산동 51-44번지,48330,11900,0,0051,0044,1264100008750,,,,1,용도지역코드,1022,제2종일반주거지역,1,0,,제2종일반주거지역,20221008
경상남도 양산시 평산동 51-44번지,48330,11900,0,0051,0044,1264100019783,,,,1,용도지역코드,1022,제2종일반주거지역,1,0,,제2종일반주거지역,20221008
경상남도 양산시 평산동 51-45번지,48330,11900,0,0051,0045,12647062,,,,1,용도지역코드,1022,제2종일반주거지역,1,0,,제2종일반주거지역,20221008
경상남도 양산시 평산동 51-53번지,48330,11900,0,0051,0053,1264100020422,,,,1,용도지역코드,1022,제2종일반주거지역,1,0,,제2종일반주거지역,20221008
경상남도 양산시 평산동 51-58번지,48330,11900,0,0051,0058,1264100068880,,,,1,용도지역코드,UQA122,제2종일반주거지역,1,0,,제2종일반주거지역,20221008
경상남도 양산시 평산동 51-61번지,48330,11900,0,0051,0061,1264100115877,,,,1,용도지역코드,UQA122,제2종일반주거지역,1,0,,제2종일반주거지역,20221008
경상남도 양산시 평산동 51-62번지,48330,11900,0,0051,0062,1264100034273,,,,3,용도구역코드,UOA110,절대정화구역,1,0,,절대정화구역,20221008
경상남도 양산시 평산동 51-62번지,48330,11900,0,0051,0062,1264100034273,,,,1,용도지역코드,UQA122,제2종일반주거지역,1,0,,제2종일반주거지역,20221008
경상남도 양산시 평산동 51-62번지,48330,11900,0,0051,0062,1264100005785,,,,1,용도지역코드,1022,제2종일반주거지역,1,0,,제2종일반주거지역,20221008
경상남도 양산시 평산동 51-63번지,48330,11900,0,0051,0063,1264100126842,,,,1,용도지역코드,UQA122,제2종일반주거지역,1,0,,제2종일반주거지역,20221008
경상남도 양산시 평산동 51-63번지,48330,11900,0,0051,0063,1264100126842,,,,3,용도구역코드,UMZ100,가축사육제한구역,1,0,,가축사육제한구역,20221008
경상남도 양산시 평산동 51-63번지,48330,11900,0,0051,0063,1264100126842,,,,3,용도구역코드,UOA120,상대보호구역,0,0,,상대보호구역,20221008
경상남도 양산시 평산동 51-68번지,48330,11900,0,0051,0068,1264100149411,,,,1,용도지역코드,UQA123,제3종일반주거지역,1,0,,제3종일반주거지역,20221008
경상남도 양산시 평산동 51-68번지,48330,11900,0,0051,0068,1264100113876,,,,1,용도지역코드,UQA123,제3종일반주거지역,1,0,,제3종일반주거지역,20221008
경상남도 양산시 평산동 51-68번지,48330,11900,0,0051,0068,1264100004607,,,,1,용도지역코드,1023,제3종일반주거지역,1,0,,제3종일반주거지역,20221008
경상남도 양산시 평산동 51-69번지,48330,11900,0,0051,0069,1264100027051,,,,1,용도지역코드,UQA122,제2종일반주거지역,1,0,,제2종일반주거지역,20221008
경상남도 양산시 평산동 51-69번지,48330,11900,0,0051,0069,1264100008749,,,,1,용도지역코드,1022,제2종일반주거지역,1,0,,제2종일반주거지역,20221008
경상남도 양산시 평산동 51-70번지,48330,11900,0,0051,0070,1264100027050,,,,1,용도지역코드,UQA122,제2종일반주거지역,1,0,,제2종일반주거지역,20221008
경상남도 양산시 평산동 51-70번지,48330,11900,0,0051,0070,1264100010290,,,,1,용도지역코드,1022,제2종일반주거지역,1,0,,제2종일반주거지역,20221008
경상남도 양산시 평산동 51-72번지,48330,11900,0,0051,0072,1264100016756,,,,1,용도지역코드,1022,제2종일반주거지역,1,0,,제2종일반주거지역,20221008
경상남도 양산시 평산동 51-73번지,48330,11900,0,0051,0073,1264100029929,,,,1,용도지역코드,UQA122,제2종일반주거지역,1,0,,제2종일반주거지역,20221008
경상남도 양산시 평산동 51-73번지,48330,11900,0,0051,0073,1264100029929,,,,3,용도구역코드,UOA120,상대보호구역,1,0,,상대정화구역,20221008
경상남도 양산시 평산동 51-74번지,48330,11900,0,0051,0074,1264100020420,,,,1,용도지역코드,1022,제2종일반주거지역,1,0,,제2종일반주거지역,20221008
경상남도 양산시 평산동 51-75번지,48330,11900,0,0051,0075,1264100040546,,,,1,용도지역코드,UQA123,제3종일반주거지역,1,0,,제3종일반주거지역,20221008
경상남도 양산시 평산동 51-75번지,48330,11900,0,0051,0075,1264100040546,,,,3,용도구역코드,UOA120,상대보호구역,1,0,,상대정화구역,20221008
경상남도 양산시 평산동 51-76번지,48330,11900,0,0051,0076,1264100083081,,,,1,용도지역코드,UQA122,제2종일반주거지역,1,0,,제2종일반주거지역,20221008
경상남도 양산시 평산동 51-76번지,48330,11900,0,0051,0076,1264100083081,,,,3,용도구역코드,UOA120,상대보호구역,1,0,,상대정화구역,20221008
경상남도 양산시 평산동 51-77번지,48330,11900,0,0051,0077,1264100114656,,,,1,용도지역코드,UQA122,제2종일반주거지역,1,0,,제2종일반주거지역,20221008
경상남도 양산시 평산동 51-77번지,48330,11900,0,0051,0077,1264100114656,,,,3,용도구역코드,UOA120,상대보호구역,1,0,,상대보호구역,20221008
경상남도 양산시 평산동 52번지,48330,11900,0,0052,0000,1264100015154,,,,1,용도지역코드,1022,제2종일반주거지역,1,0,,제2종일반주거지역,20221008
경상남도 양산시 평산동 52번지,48330,11900,0,0052,0000,12646290,,,,1,용도지역코드,1022,제2종일반주거지역,1,0,,제2종일반주거지역,20221008
경상남도 양산시 평산동 52번지,48330,11900,0,0052,0000,12647112,,,,1,용도지역코드,1022,제2종일반주거지역,1,0,,제2종일반주거지역,20221008
경상남도 양산시 평산동 52-1번지,48330,11900,0,0052,0001,1264100057891,,,,1,용도지역코드,UQA122,제2종일반주거지역,1,0,,제2종일반주거지역,20221008
경상남도 양산시 평산동 52-4번지,48330,11900,0,0052,0004,1264100017834,,,,1,용도지역코드,1022,제2종일반주거지역,1,0,,제2종일반주거지역,20221008
경상남도 양산시 평산동 52-7번지,48330,11900,0,0052,0007,1264100056809,,,,1,용도지역코드,UQA122,제2종일반주거지역,1,0,,제2종일반주거지역,20221008
경상남도 양산시 평산동 54번지,48330,11900,0,0054,0000,1264100153194,,,,3,용도구역코드,UOA110,절대정화구역,0,0,,절대보호구역,20230425
경상남도 양산시 평산동 54번지,48330,11900,0,0054,0000,1264100153194,,,,1,용도지역코드,UQA122,제2종일반주거지역,1,0,,제2종일반주거지역,20230425
경상남도 양산시 평산동 54번지,48330,11900,0,0054,0000,1264100153194,,,,3,용도구역코드,UOA120,상대보호구역,1,0,,상대보호구역,20230425
경상남도 양산시 평산동 54번지,48330,11900,0,0054,0000,12643791,,,,1,용도지역코드,1020,일반주거지역,1,0,,일반주거지역,20221008
경상남도 양산시 평산동 56-4번지,48330,11900,0,0056,0004,12645384,,,,1,용도지역코드,1022,제2종일반주거지역,1,0,,제2종일반주거지역,20221008
경상남도 양산시 평산동 57번지,48330,11900,0,0057,0000,1264100148370,,,,1,용도지역코드,UQA122,제2종일반주거지역,1,0,,제2종일반주거지역,20221008
경상남도 양산시 평산동 57번지,48330,11900,0,0057,0000,1264100148370,,,,3,용도구역코드,UOA120,상대보호구역,1,0,,상대보호구역,20221008
경상남도 양산시 평산동 57번지,48330,11900,0,0057,0000,1264100074839,,,,1,용도지역코드,UQA122,제2종일반주거지역,1,0,,제2종일반주거지역,20221008
경상남도 양산시 평산동 57번지,48330,11900,0,0057,0000,1264100074839,,,,3,용도구역코드,UOA120,상대보호구역,1,0,,상대정화구역,20221008
경상남도 양산시 평산동 57-3번지,48330,11900,0,0057,0003,1264100032422,,,,1,용도지역코드,UQA122,제2종일반주거지역,1,0,,제2종일반주거지역,20221008
경상남도 양산시 평산동 57-6번지,48330,11900,0,0057,0006,1264100033066,,,,1,용도지역코드,UQA122,제2종일반주거지역,1,0,,제2종일반주거지역,20221008
경상남도 양산시 평산동 58-1번지,48330,11900,0,0058,0001,12645891,,,,1,용도지역코드,1022,제2종일반주거지역,1,0,,제2종일반주거지역,20221008
경상남도 양산시 평산동 58-1번지,48330,11900,0,0058,0001,12645348,,,,1,용도지역코드,1022,제2종일반주거지역,1,0,,제2종일반주거지역,20221008
경상남도 양산시 평산동 58-4번지,48330,11900,0,0058,0004,1264826,"58-4, 58-2, 31-8(3필지)",,,1,용도지역코드,Z200,준농림지역,1,0,,준농림지역,20221008
경상남도 양산시 평산동 58-6번지,48330,11900,0,0058,0006,12641217,58-6,,,1,용도지역코드,1020,일반주거지역,1,0,,일반주거지역,20221008
경상남도 양산시 평산동 64-1번지,48330,11900,0,0064,0001,1264100028690,,,,1,용도지역코드,UQA122,제2종일반주거지역,1,0,,제2종일반주거지역,20221008
경상남도 양산시 평산동 68-8번지,48330,11900,0,0068,0008,12646969,,16,1,1,용도지역코드,1022,제2종일반주거지역,1,0,,제2종일반주거지역,20221008
경상남도 양산시 평산동 69-1번지,48330,11900,0,0069,0001,1264900,경상남도 양산시 웅상읍 평산리,69,1,1,용도지역코드,Z200,준농림지역,1,0,,준농림지역,20221008
경상남도 양산시 평산동 73-1번지,48330,11900,0,0073,0001,1264100032559,,,,1,용도지역코드,UQA122,제2종일반주거지역,1,0,,제2종일반주거지역,20221008
경상남도 양산시 평산동 73-8번지,48330,11900,0,0073,0008,1264100055308,,,,1,용도지역코드,UQA122,제2종일반주거지역,1,0,,제2종일반주거지역,20221008
경상남도 양산시 평산동 73-8번지,48330,11900,0,0073,0008,1264100055308,,,,3,용도구역코드,UOA120,상대보호구역,1,0,,상대정화구역,20221008
경상남도 양산시 평산동 74-1번지,48330,11900,0,0074,0001,1264100055468,,,,1,용도지역코드,UQA122,제2종일반주거지역,1,0,,제2종일반주거지역,20221008
경상남도 양산시 평산동 74-1번지,48330,11900,0,0074,0001,1264100055468,,,,3,용도구역코드,UOA120,상대보호구역,1,0,,상대정화구역,20221008
경상남도 양산시 평산동 74-1번지,48330,11900,0,0074,0001,1264100065319,,,,1,용도지역코드,UQA122,제2종일반주거지역,1,0,,제2종일반주거지역,20221008
경상남도 양산시 평산동 74-1번지,48330,11900,0,0074,0001,1264100065319,,,,3,용도구역코드,UOA120,상대보호구역,1,0,,상대정화구역,20221008
경상남도 양산시 평산동 74-2번지,48330,11900,0,0074,0002,1000000000000000858501,,,,1,용도지역코드,UQA130,준주거지역,1,0,,준주거지역,20251224
경상남도 양산시 평산동 74-3번지,48330,11900,0,0074,0003,1264100115036,,,,1,용도지역코드,UQA122,제2종일반주거지역,1,0,,제2종일반주거지역,20221008
경상남도 양산시 평산동 74-5번지,48330,11900,0,0074,0005,1264100040208,,,,1,용도지역코드,UQA122,제2종일반주거지역,1,0,,제2종일반주거지역,20221008
경상남도 양산시 평산동 74-6번지,48330,11900,0,0074,0006,1264100049665,,,,1,용도지역코드,UQA122,제2종일반주거지역,1,0,,제2종일반주거지역,20221008
경상남도 양산시 평산동 74-6번지,48330,11900,0,0074,0006,1264100079684,,,,1,용도지역코드,UQA122,제2종일반주거지역,1,0,,제2종일반주거지역,20221008
경상남도 양산시 평산동 74-7번지,48330,11900,0,0074,0007,1264100079060,,,,1,용도지역코드,UQA122,제2종일반주거지역,1,0,,제2종일반주거지역,20221008
경상남도 양산시 평산동 74-7번지,48330,11900,0,0074,0007,1264100079060,,,,3,용도구역코드,UOA120,상대보호구역,1,0,,상대정화구역,20221008
경상남도 양산시 평산동 74-7번지,48330,11900,0,0074,0007,1264100085221,,,,1,용도지역코드,UQA122,제2종일반주거지역,1,0,,제2종일반주거지역,20221008
경상남도 양산시 평산동 74-7번지,48330,11900,0,0074,0007,1264100085221,,,,3,용도구역코드,UOA120,상대보호구역,1,0,,상대정화구역,20221008
경상남도 양산시 평산동 74-8번지,48330,11900,0,0074,0008,1264100041187,,,,1,용도지역코드,UQA122,제2종일반주거지역,1,0,,제2종일반주거지역,20221008
경상남도 양산시 평산동 74-9번지,48330,11900,0,0074,0009,1264100065619,,,,1,용도지역코드,UQA122,제2종일반주거지역,1,0,,제2종일반주거지역,20221008
경상남도 양산시 평산동 74-9번지,48330,11900,0,0074,0009,1264100044945,,,,1,용도지역코드,UQA122,제2종일반주거지역,1,0,,제2종일반주거지역,20221008
경상남도 양산시 평산동 74-10번지,48330,11900,0,0074,0010,1264100057530,,,,1,용도지역코드,UQA122,제2종일반주거지역,1,0,,제2종일반주거지역,20221008
경상남도 양산시 평산동 75-1번지,48330,11900,0,0075,0001,1264100045829,,,,1,용도지역코드,UQA122,제2종일반주거지역,1,0,,제2종일반주거지역,20221008
경상남도 양산시 평산동 75-2번지,48330,11900,0,0075,0002,1264100100194,,,,1,용도지역코드,UQA122,제2종일반주거지역,1,0,,제2종일반주거지역,20221008
경상남도 양산시 평산동 75-3번지,48330,11900,0,0075,0003,1264100043242,,,,1,용도지역코드,UQA122,제2종일반주거지역,1,0,,제2종일반주거지역,20221008
경상남도 양산시 평산동 76-2번지,48330,11900,0,0076,0002,1264100032258,,,,1,용도지역코드,UQA220,일반상업지역,1,0,,일반상업지역,20221008
경상남도 양산시 평산동 76-2번지,48330,11900,0,0076,0002,1264100032259,,,,1,용도지역코드,UQA220,일반상업지역,1,0,,일반상업지역,20221008
경상남도 양산시 평산동 76-5번지,48330,11900,0,0076,0005,1264100074642,,,,1,용도지역코드,UQA220,일반상업지역,1,0,,일반상업지역,20221008
경상남도 양산시 평산동 76-6번지,48330,11900,0,0076,0006,1264100073500,,,,1,용도지역코드,UQA220,일반상업지역,1,0,,일반상업지역,20221008
경상남도 양산시 평산동 76-7번지,48330,11900,0,0076,0007,1264100127401,,,,1,용도지역코드,UQA220,일반상업지역,1,0,,일반상업지역,20221008
경상남도 양산시 평산동 76-9번지,48330,11900,0,0076,0009,1264100148192,,,,1,용도지역코드,UQA220,일반상업지역,1,0,,일반상업지역,20221008
경상남도 양산시 평산동 76-10번지,48330,11900,0,0076,0010,1264100134883,,,,1,용도지역코드,UQA220,일반상업지역,1,0,,일반상업지역,20221008
경상남도 양산시 평산동 76-10번지,48330,11900,0,0076,0010,1264100098536,,,,1,용도지역코드,UQA220,일반상업지역,1,0,,일반상업지역,20221008
경상남도 양산시 평산동 76-11번지,48330,11900,0,0076,0011,1264100052307,,,,1,용도지역코드,UQA220,일반상업지역,1,0,,일반상업지역,20221008
경상남도 양산시 평산동 76-11번지,48330,11900,0,0076,0011,1264100145183,,,,1,용도지역코드,UQA220,일반상업지역,1,0,,일반상업지역,20221008
경상남도 양산시 평산동 76-13번지,48330,11900,0,0076,0013,1264100073188,,,,1,용도지역코드,UQA220,일반상업지역,1,0,,일반상업지역,20221008
경상남도 양산시 평산동 77번지,48330,11900,0,0077,0000,12649114,,,,1,용도지역코드,1022,제2종일반주거지역,1,0,,제2종일반주거지역,20221008
경상남도 양산시 평산동 79번지,48330,11900,0,0079,0000,12645983,,,,1,용도지역코드,1022,제2종일반주거지역,1,0,,제2종일반주거지역,20221008
경상남도 양산시 평산동 79번지,48330,11900,0,0079,0000,12644983,,,,1,용도지역코드,1022,제2종일반주거지역,1,0,,제2종일반주거지역,20221008
경상남도 양산시 평산동 80-6번지,48330,11900,0,0080,0006,12642649,,,,1,용도지역코드,1020,일반주거지역,1,0,,일반주거지역,20221008
경상남도 양산시 평산동 80-10번지,48330,11900,0,0080,0010,1264100015755,,,,1,용도지역코드,1022,제2종일반주거지역,1,0,,제2종일반주거지역,20221008
경상남도 양산시 평산동 80-10번지,48330,11900,0,0080,0010,1264100015755,,,,3,용도구역코드,272,상대정화구역,1,0,,상대정화구역,20221008
경상남도 양산시 평산동 83-2번지,48330,11900,0,0083,0002,1264100054229,,,,1,용도지역코드,UQA220,일반상업지역,1,0,,일반상업지역,20221008
경상남도 양산시 평산동 83-6번지,48330,11900,0,0083,0006,1000000000000000630701,,,,1,용도지역코드,UQA220,일반상업지역,1,0,,일반상업지역,20250926
경상남도 양산시 평산동 83-7번지,48330,11900,0,0083,0007,1264100051208,,,,1,용도지역코드,UQA220,일반상업지역,1,0,,일반상업지역,20221008
경상남도 양산시 평산동 83-8번지,48330,11900,0,0083,0008,1264100054029,,,,1,용도지역코드,UQA220,일반상업지역,1,0,,일반상업지역,20221008
경상남도 양산시 평산동 83-9번지,48330,11900,0,0083,0009,1264100110677,,,,1,용도지역코드,UQA220,일반상업지역,1,0,,일반상업지역,20221008
경상남도 양산시 평산동 83-12번지,48330,11900,0,0083,0012,1264100064219,,,,1,용도지역코드,UQA220,일반상업지역,1,0,,일반상업지역,20221008
경상남도 양산시 평산동 83-12번지,48330,11900,0,0083,0012,1264100060094,,,,1,용도지역코드,UQA220,일반상업지역,1,0,,일반상업지역,20221008
경상남도 양산시 평산동 83-13번지,48330,11900,0,0083,0013,1264100050207,,,,1,용도지역코드,UQA220,일반상업지역,1,0,,일반상업지역,20221008
경상남도 양산시 평산동 83-13번지,48330,11900,0,0083,0013,1264100042823,,,,1,용도지역코드,UQA220,일반상업지역,1,0,,일반상업지역,20221008
경상남도 양산시 평산동 83-14번지,48330,11900,0,0083,0014,1264100052567,,,,1,용도지역코드,UQA220,일반상업지역,1,0,,일반상업지역,20221008
경상남도 양산시 평산동 83-14번지,48330,11900,0,0083,0014,1264100075839,,,,1,용도지역코드,UQA220,일반상업지역,1,0,,일반상업지역,20221008
경상남도 양산시 평산동 83-15번지,48330,11900,0,0083,0015,1264100050866,,,,1,용도지역코드,UQA220,일반상업지역,1,0,,일반상업지역,20221008
경상남도 양산시 평산동 84번지,48330,11900,0,0084,0000,1264100044626,,,,1,용도지역코드,UQA122,제2종일반주거지역,1,0,,제2종일반주거지역,20221008
경상남도 양산시 평산동 84-1번지,48330,11900,0,0084,0001,1264100044250,,,,1,용도지역코드,UQA122,제2종일반주거지역,1,0,,제2종일반주거지역,20221008
경상남도 양산시 평산동 84-2번지,48330,11900,0,0084,0002,1264100040013,,,,1,용도지역코드,UQA122,제2종일반주거지역,1,0,,제2종일반주거지역,20221008
경상남도 양산시 평산동 84-3번지,48330,11900,0,0084,0003,1264100086743,,,,1,용도지역코드,UQA122,제2종일반주거지역,1,0,,제2종일반주거지역,20221008
경상남도 양산시 평산동 84-4번지,48330,11900,0,0084,0004,1264100060272,,,,1,용도지역코드,UQA122,제2종일반주거지역,1,0,,제2종일반주거지역,20221008
경상남도 양산시 평산동 84-5번지,48330,11900,0,0084,0005,1264100035152,,,,1,용도지역코드,UQA122,제2종일반주거지역,1,0,,제2종일반주거지역,20221008
경상남도 양산시 평산동 84-5번지,48330,11900,0,0084,0005,1264100035152,,,,3,용도구역코드,UDW100,도시개발구역,1,0,,도시개발구역,20221008
경상남도 양산시 평산동 84-6번지,48330,11900,0,0084,0006,1264100035153,,,,1,용도지역코드,UQA122,제2종일반주거지역,1,0,,제2종일반주거지역,20221008
경상남도 양산시 평산동 84-7번지,48330,11900,0,0084,0007,1264100045245,,,,1,용도지역코드,UQA122,제2종일반주거지역,1,0,,제2종일반주거지역,20221008
경상남도 양산시 평산동 84-7번지,48330,11900,0,0084,0007,1264100083006,,,,1,용도지역코드,UQA122,제2종일반주거지역,1,0,,제2종일반주거지역,20221008
경상남도 양산시 평산동 84-9번지,48330,11900,0,0084,0009,1264100040445,,,,1,용도지역코드,UQA122,제2종일반주거지역,1,0,,제2종일반주거지역,20221008
경상남도 양산시 평산동 84-11번지,48330,11900,0,0084,0011,1264100049228,,,,1,용도지역코드,UQA122,제2종일반주거지역,1,0,,제2종일반주거지역,20221008
경상남도 양산시 평산동 84-12번지,48330,11900,0,0084,0012,1264100101513,,,,1,용도지역코드,UQA122,제2종일반주거지역,1,0,,제2종일반주거지역,20221008
경상남도 양산시 평산동 84-14번지,48330,11900,0,0084,0014,1264100042442,,,,1,용도지역코드,UQA122,제2종일반주거지역,1,0,,제2종일반주거지역,20221008
경상남도 양산시 평산동 84-15번지,48330,11900,0,0084,0015,1264100101014,,,,1,용도지역코드,UQA122,제2종일반주거지역,1,0,,제2종일반주거지역,20221008
경상남도 양산시 평산동 84-16번지,48330,11900,0,0084,0016,1264100077419,,,,1,용도지역코드,UQA122,제2종일반주거지역,1,0,,제2종일반주거지역,20221008
경상남도 양산시 평산동 85번지,48330,11900,0,0085,0000,1264100035815,,,,1,용도지역코드,UQA122,제2종일반주거지역,1,0,,제2종일반주거지역,20221008
경상남도 양산시 평산동 85-1번지,48330,11900,0,0085,0001,1264100035816,,,,1,용도지역코드,UQA122,제2종일반주거지역,1,0,,제2종일반주거지역,20221008
경상남도 양산시 평산동 85-2번지,48330,11900,0,0085,0002,1264100046265,,,,1,용도지역코드,UQA122,제2종일반주거지역,1,0,,제2종일반주거지역,20221008
경상남도 양산시 평산동 85-3번지,48330,11900,0,0085,0003,1264100063459,,,,1,용도지역코드,UQA122,제2종일반주거지역,1,0,,제2종일반주거지역,20221008
경상남도 양산시 평산동 85-5번지,48330,11900,0,0085,0005,1264100040014,,,,1,용도지역코드,UQA122,제2종일반주거지역,1,0,,제2종일반주거지역,20221008
경상남도 양산시 평산동 85-6번지,48330,11900,0,0085,0006,1264100051850,,,,1,용도지역코드,UQA122,제2종일반주거지역,1,0,,제2종일반주거지역,20221008
경상남도 양산시 평산동 85-7번지,48330,11900,0,0085,0007,1264100042102,,,,1,용도지역코드,UQA122,제2종일반주거지역,1,0,,제2종일반주거지역,20221008
경상남도 양산시 평산동 85-8번지,48330,11900,0,0085,0008,1264100094261,,,,1,용도지역코드,UQA122,제2종일반주거지역,1,0,,제2종일반주거지역,20221008
경상남도 양산시 평산동 85-10번지,48330,11900,0,0085,0010,1264100059815,,,,1,용도지역코드,UQA122,제2종일반주거지역,1,0,,제2종일반주거지역,20221008
경상남도 양산시 평산동 85-11번지,48330,11900,0,0085,0011,1264100065219,,,,1,용도지역코드,UQA122,제2종일반주거지역,1,0,,제2종일반주거지역,20221008
경상남도 양산시 평산동 85-12번지,48330,11900,0,0085,0012,1264100037452,,,,1,용도지역코드,UQA122,제2종일반주거지역,1,0,,제2종일반주거지역,20221008
경상남도 양산시 평산동 85-13번지,48330,11900,0,0085,0013,1264100057330,,,,1,용도지역코드,UQA122,제2종일반주거지역,1,0,,제2종일반주거지역,20221008
경상남도 양산시 평산동 85-13번지,48330,11900,0,0085,0013,1264100034814,,,,1,용도지역코드,UQA122,제2종일반주거지역,1,0,,제2종일반주거지역,20221008
경상남도 양산시 평산동 85-13번지,48330,11900,0,0085,0013,1264100034814,,,,3,용도구역코드,UDW100,도시개발구역,1,0,,도시개발구역,20221008
경상남도 양산시 평산동 85-14번지,48330,11900,0,0085,0014,1264100052227,,,,1,용도지역코드,UQA122,제2종일반주거지역,1,0,,제2종일반주거지역,20221008
경상남도 양산시 평산동 85-15번지,48330,11900,0,0085,0015,1264100037454,,,,1,용도지역코드,UQA122,제2종일반주거지역,1,0,,제2종일반주거지역,20221008
경상남도 양산시 평산동 85-16번지,48330,11900,0,0085,0016,1264100037453,,,,1,용도지역코드,UQA122,제2종일반주거지역,1,0,,제2종일반주거지역,20221008
경상남도 양산시 평산동 86-2번지,48330,11900,0,0086,0002,1264100055251,,,,1,용도지역코드,UQA122,제2종일반주거지역,1,0,,제2종일반주거지역,20221008
경상남도 양산시 평산동 86-4번지,48330,11900,0,0086,0004,1264100040205,,,,1,용도지역코드,UQA122,제2종일반주거지역,1,0,,제2종일반주거지역,20221008
경상남도 양산시 평산동 86-6번지,48330,11900,0,0086,0006,1264100050508,,,,1,용도지역코드,UQA122,제2종일반주거지역,1,0,,제2종일반주거지역,20221008
경상남도 양산시 평산동 86-7번지,48330,11900,0,0086,0007,1264100040206,,,,1,용도지역코드,UQA122,제2종일반주거지역,1,0,,제2종일반주거지역,20221008
경상남도 양산시 평산동 86-8번지,48330,11900,0,0086,0008,1264100040207,,,,1,용도지역코드,UQA122,제2종일반주거지역,1,0,,제2종일반주거지역,20221008
경상남도 양산시 평산동 86-10번지,48330,11900,0,0086,0010,1264100040204,,,,1,용도지역코드,UQA122,제2종일반주거지역,1,0,,제2종일반주거지역,20221008
경상남도 양산시 평산동 86-10번지,48330,11900,0,0086,0010,1264100046486,,,,1,용도지역코드,UQA122,제2종일반주거지역,1,0,,제2종일반주거지역,20221008
경상남도 양산시 평산동 86-11번지,48330,11900,0,0086,0011,1264100058029,,,,1,용도지역코드,UQA122,제2종일반주거지역,1,0,,제2종일반주거지역,20221008
경상남도 양산시 평산동 86-12번지,48330,11900,0,0086,0012,1000000000000000860773,,,,1,용도지역코드,UQA122,제2종일반주거지역,1,0,,제2종일반주거지역,20260420
경상남도 양산시 평산동 86-13번지,48330,11900,0,0086,0013,1264100039794,,,,1,용도지역코드,UQA122,제2종일반주거지역,1,0,,제2종일반주거지역,20221008
경상남도 양산시 평산동 86-15번지,48330,11900,0,0086,0015,1264100082080,,,,1,용도지역코드,UQA122,제2종일반주거지역,1,0,,제2종일반주거지역,20221008
경상남도 양산시 평산동 86-16번지,48330,11900,0,0086,0016,1264100073399,,,,1,용도지역코드,UQA001,도시지역,1,0,,도시지역,20221008
경상남도 양산시 평산동 86-16번지,48330,11900,0,0086,0016,1264100073399,,,,1,용도지역코드,UQA122,제2종일반주거지역,0,0,,제2종일반주거지역,20221008
경상남도 양산시 평산동 86-17번지,48330,11900,0,0086,0017,1264100115056,,,,1,용도지역코드,UQA122,제2종일반주거지역,1,0,,제2종일반주거지역,20221008
경상남도 양산시 평산동 86-17번지,48330,11900,0,0086,0017,1264100054148,,,,1,용도지역코드,UQA122,제2종일반주거지역,1,0,,제2종일반주거지역,20221008
경상남도 양산시 평산동 86-18번지,48330,11900,0,0086,0018,1264100044668,,,,1,용도지역코드,UQA122,제2종일반주거지역,1,0,,제2종일반주거지역,20221008
경상남도 양산시 평산동 86-19번지,48330,11900,0,0086,0019,1264100036892,,,,1,용도지역코드,UQA122,제2종일반주거지역,1,0,,제2종일반주거지역,20221008
경상남도 양산시 평산동 86-23번지,48330,11900,0,0086,0023,1264100055531,,,,1,용도지역코드,UQA122,제2종일반주거지역,1,0,,제2종일반주거지역,20221008
경상남도 양산시 평산동 87번지,48330,11900,0,0087,0000,1264100107155,,,,1,용도지역코드,UQA122,제2종일반주거지역,1,0,,제2종일반주거지역,20221008
경상남도 양산시 평산동 88-3번지,48330,11900,0,0088,0003,1264100055449,,,,1,용도지역코드,UQA122,제2종일반주거지역,1,0,,제2종일반주거지역,20221008
경상남도 양산시 평산동 88-9번지,48330,11900,0,0088,0009,1264100102893,,,,1,용도지역코드,UQA122,제2종일반주거지역,1,0,,제2종일반주거지역,20221008
경상남도 양산시 평산동 88-11번지,48330,11900,0,0088,0011,1264100109276,,,,1,용도지역코드,UQA122,제2종일반주거지역,1,0,,제2종일반주거지역,20221008
경상남도 양산시 평산동 89-6번지,48330,11900,0,0089,0006,1264100040803,,,,1,용도지역코드,UQA122,제2종일반주거지역,1,0,,제2종일반주거지역,20221008
경상남도 양산시 평산동 89-9번지,48330,11900,0,0089,0009,1264100134623,,,,1,용도지역코드,UQA122,제2종일반주거지역,1,0,,제2종일반주거지역,20221008
경상남도 양산시 평산동 93-13번지,48330,11900,0,0093,0013,12648740,,,,1,용도지역코드,1120,일반상업지역,1,0,,일반상업지역,20221008
경상남도 양산시 평산동 93-13번지,48330,11900,0,0093,0013,12643882,,,,1,용도지역코드,1120,일반상업지역,1,0,,일반상업지역,20221008
경상남도 양산시 평산동 93-20번지,48330,11900,0,0093,0020,12648772,,,,1,용도지역코드,1120,일반상업지역,1,0,,일반상업지역,20221008
경상남도 양산시 평산동 94-1번지,48330,11900,0,0094,0001,1264100033474,,,,1,용도지역코드,UQA220,일반상업지역,1,0,,일반상업지역,20221008
경상남도 양산시 평산동 94-1번지,48330,11900,0,0094,0001,1264100033474,,,,3,용도구역코드,UDW100,도시개발구역,1,0,,도시개발구역,20221008
경상남도 양산시 평산동 94-8번지,48330,11900,0,0094,0008,1264100044670,,,,1,용도지역코드,UQA220,일반상업지역,1,0,,일반상업지역,20221008
경상남도 양산시 평산동 94-9번지,48330,11900,0,0094,0009,1264100033473,,,,1,용도지역코드,UQA220,일반상업지역,1,0,,일반상업지역,20221008
경상남도 양산시 평산동 94-9번지,48330,11900,0,0094,0009,1264100033473,,,,3,용도구역코드,UDW100,도시개발구역,1,0,,도시개발구역,20221008
경상남도 양산시 평산동 95번지,48330,11900,0,0095,0000,12648715,,,,1,용도지역코드,1120,일반상업지역,1,0,,일반상업지역,20221008
경상남도 양산시 평산동 95번지,48330,11900,0,0095,0000,12648715,,,,2,용도지구코드,980,용도지구미지정,1,0,,용도지구미지정,20221008
경상남도 양산시 평산동 95번지,48330,11900,0,0095,0000,12648715,,,,3,용도구역코드,980,용도구역미지정,1,0,,용도구역미지정,20221008
경상남도 양산시 평산동 96번지,48330,11900,0,0096,0000,1264100044045,,,,1,용도지역코드,UQA220,일반상업지역,1,0,,일반상업지역,20221008
경상남도 양산시 평산동 97번지,48330,11900,0,0097,0000,12646283,경상남도 양산시 웅상읍 평산리,97,,1,용도지역코드,1120,일반상업지역,1,0,,일반상업지역,20221008
경상남도 양산시 평산동 97번지,48330,11900,0,0097,0000,12646283,경상남도 양산시 웅상읍 평산리,97,,2,용도지구코드,340,토지구획정리사업지구,1,0,,토지구획정리사업지구,20221008
경상남도 양산시 평산동 97-1번지,48330,11900,0,0097,0001,1264100086061,,,,1,용도지역코드,UQA220,일반상업지역,1,0,,일반상업지역,20221008
경상남도 양산시 평산동 97-2번지,48330,11900,0,0097,0002,1264100053708,,,,1,용도지역코드,UQA220,일반상업지역,1,0,,일반상업지역,20221008
경상남도 양산시 평산동 97-2번지,48330,11900,0,0097,0002,1264100067319,,,,1,용도지역코드,UQA220,일반상업지역,1,0,,일반상업지역,20221008
경상남도 양산시 평산동 97-4번지,48330,11900,0,0097,0004,1000000000000000225209,,,,1,용도지역코드,UQA220,일반상업지역,1,0,,일반상업지역,20230206
경상남도 양산시 평산동 97-4번지,48330,11900,0,0097,0004,1264100038552,,,,1,용도지역코드,UQA220,일반상업지역,1,0,,일반상업지역,20221008
경상남도 양산시 평산동 97-4번지,48330,11900,0,0097,0004,1264100039152,,,,1,용도지역코드,UQA220,일반상업지역,1,0,,일반상업지역,20221008
경상남도 양산시 평산동 97-4번지,48330,11900,0,0097,0004,1264100028669,,,,1,용도지역코드,UQA220,일반상업지역,1,0,,일반상업지역,20221008
경상남도 양산시 평산동 97-11번지,48330,11900,0,0097,0011,1264100034306,,,,1,용도지역코드,UQA220,일반상업지역,1,0,,일반상업지역,20221008
경상남도 양산시 평산동 97-12번지,48330,11900,0,0097,0012,1264100081861,,,,1,용도지역코드,UQA220,일반상업지역,1,0,,일반상업지역,20221008
경상남도 양산시 평산동 98-6번지,48330,11900,0,0098,0006,1264100051267,,,,1,용도지역코드,UQA130,준주거지역,1,0,,준주거지역,20221008
경상남도 양산시 평산동 98-6번지,48330,11900,0,0098,0006,1264100051267,,,,2,용도지구코드,UQG130,일반미관지구,1,0,,일반미관지구,20221008
경상남도 양산시 평산동 99-1번지,48330,11900,0,0099,0001,1264100063460,,,,1,용도지역코드,UQA130,준주거지역,1,0,,준주거지역,20221008
경상남도 양산시 평산동 99-1번지,48330,11900,0,0099,0001,1264100043145,,,,1,용도지역코드,UQA130,준주거지역,1,0,,준주거지역,20221008
경상남도 양산시 평산동 99-1번지,48330,11900,0,0099,0001,1264100069959,,,,1,용도지역코드,UQA130,준주거지역,1,0,,준주거지역,20221008
경상남도 양산시 평산동 99-1번지,48330,11900,0,0099,0001,1264100069959,,,,2,용도지구코드,UQG130,일반미관지구,1,0,,일반미관지구,20221008
경상남도 양산시 평산동 99-1번지,48330,11900,0,0099,0001,1264100069959,,,,3,용도구역코드,UIA100,도로구역,1,0,,도로구역,20221008
경상남도 양산시 평산동 99-1번지,48330,11900,0,0099,0001,1264100067540,,,,1,용도지역코드,UQA130,준주거지역,1,0,,준주거지역,20221008
경상남도 양산시 평산동 99-1번지,48330,11900,0,0099,0001,1264100041349,,,,1,용도지역코드,UQA130,준주거지역,1,0,,준주거지역,20221008
경상남도 양산시 평산동 100-1번지,48330,11900,0,0100,0001,1264100028739,,,,1,용도지역코드,UQA220,일반상업지역,1,0,,일반상업지역,20221008
경상남도 양산시 평산동 100-1번지,48330,11900,0,0100,0001,1264100050690,,,,1,용도지역코드,UQA220,일반상업지역,1,0,,일반상업지역,20221008
경상남도 양산시 평산동 100-1번지,48330,11900,0,0100,0001,1264100105673,,,,1,용도지역코드,UQA220,일반상업지역,1,0,,일반상업지역,20221008
경상남도 양산시 평산동 100-1번지,48330,11900,0,0100,0001,1264100047705,,,,1,용도지역코드,UQA220,일반상업지역,1,0,,일반상업지역,20221008
경상남도 양산시 평산동 100-2번지,48330,11900,0,0100,0002,1264100088545,,,,1,용도지역코드,UQA220,일반상업지역,1,0,,일반상업지역,20221008
경상남도 양산시 평산동 100-3번지,48330,11900,0,0100,0003,1264100032638,,,,1,용도지역코드,UQA220,일반상업지역,1,0,,일반상업지역,20221008
경상남도 양산시 평산동 100-3번지,48330,11900,0,0100,0003,1264100056952,,,,1,용도지역코드,UQA220,일반상업지역,1,0,,일반상업지역,20221008
경상남도 양산시 평산동 100-3번지,48330,11900,0,0100,0003,1264100056952,,,,3,용도구역코드,ULB100,전원개발사업구역,1,0,,전원개발사업구역,20221008
경상남도 양산시 평산동 100-3번지,48330,11900,0,0100,0003,1264100055968,,,,1,용도지역코드,UQA220,일반상업지역,1,0,,일반상업지역,20221008
경상남도 양산시 평산동 100-3번지,48330,11900,0,0100,0003,1264100055968,,,,3,용도구역코드,ULB100,전원개발사업구역,1,0,,전원개발사업구역,20221008
경상남도 양산시 평산동 100-5번지,48330,11900,0,0100,0005,1264100096174,,,,1,용도지역코드,UQA220,일반상업지역,1,0,,일반상업지역,20221008
경상남도 양산시 평산동 100-5번지,48330,11900,0,0100,0005,1264100074362,,,,1,용도지역코드,UQA220,일반상업지역,1,0,,일반상업지역,20221008
경상남도 양산시 평산동 100-6번지,48330,11900,0,0100,0006,1264100111636,,,,1,용도지역코드,UQA220,일반상업지역,1,0,,일반상업지역,20221008
경상남도 양산시 평산동 100-6번지,48330,11900,0,0100,0006,1000000000000000525838,,,,3,용도구역코드,UMZ100,가축사육제한구역,1,0,,가축사육제한구역,20240716
경상남도 양산시 평산동 100-6번지,48330,11900,0,0100,0006,1000000000000000525838,,,,1,용도지역코드,UQA220,일반상업지역,1,0,,일반상업지역,20240716
경상남도 양산시 평산동 100-6번지,48330,11900,0,0100,0006,1264100046969,,,,1,용도지역코드,UQA220,일반상업지역,1,0,,일반상업지역,20221008
경상남도 양산시 평산동 100-6번지,48330,11900,0,0100,0006,1264100006911,,,,1,용도지역코드,1120,일반상업지역,1,0,,일반상업지역,20221008
경상남도 양산시 평산동 100-6번지,48330,11900,0,0100,0006,1264100147697,,,,1,용도지역코드,UQA220,일반상업지역,1,0,,일반상업지역,20221008
경상남도 양산시 평산동 100-6번지,48330,11900,0,0100,0006,1264100109576,,,,1,용도지역코드,UQA220,일반상업지역,1,0,,일반상업지역,20221008
경상남도 양산시 평산동 101번지,48330,11900,0,0101,0000,1264100029351,,,,1,용도지역코드,UQA123,제3종일반주거지역,1,0,,제3종일반주거지역,20221008
경상남도 양산시 평산동 102-1번지,48330,11900,0,0102,0001,1000000000000000743770,,,,3,용도구역코드,UMZ100,가축사육제한구역,1,0,,가축사육제한구역,20251022
경상남도 양산시 평산동 102-1번지,48330,11900,0,0102,0001,1000000000000000743770,,,,1,용도지역코드,UQA220,일반상업지역,1,0,,일반상업지역,20251022
경상남도 양산시 평산동 102-1번지,48330,11900,0,0102,0001,1264100079683,,,,1,용도지역코드,UQA220,일반상업지역,1,0,,일반상업지역,20221008
경상남도 양산시 평산동 102-1번지,48330,11900,0,0102,0001,1264100027250,,,,1,용도지역코드,UQA220,일반상업지역,1,0,,일반상업지역,20221008
경상남도 양산시 평산동 102-5번지,48330,11900,0,0102,0005,1264100141826,,,,1,용도지역코드,UQA220,일반상업지역,1,0,,일반상업지역,20221008
경상남도 양산시 평산동 102-7번지,48330,11900,0,0102,0007,1000000000000000518652,,,,1,용도지역코드,UQA220,일반상업지역,1,0,,일반상업지역,20240520
경상남도 양산시 평산동 102-7번지,48330,11900,0,0102,0007,1264100086502,,,,1,용도지역코드,UQA220,일반상업지역,1,0,,일반상업지역,20221008
경상남도 양산시 평산동 102-8번지,48330,11900,0,0102,0008,1000000000000000994727,,,,1,용도지역코드,UQA220,일반상업지역,1,0,,일반상업지역,20260728
경상남도 양산시 평산동 102-8번지,48330,11900,0,0102,0008,1000000000000000994727,,,,3,용도구역코드,UMZ100,가축사육제한구역,1,0,,가축사육제한구역,20260728
경상남도 양산시 평산동 103-1번지,48330,11900,0,0103,0001,1264100050046,,,,1,용도지역코드,UQA220,일반상업지역,1,0,,일반상업지역,20221008
경상남도 양산시 평산동 103-2번지,48330,11900,0,0103,0002,1264100086661,,,,1,용도지역코드,UQA220,일반상업지역,1,0,,일반상업지역,20221008
경상남도 양산시 평산동 103-3번지,48330,11900,0,0103,0003,1000000000000000207608,,,,1,용도지역코드,UQA220,일반상업지역,1,0,,일반상업지역,20230113
경상남도 양산시 평산동 103-3번지,48330,11900,0,0103,0003,1264100088123,,,,1,용도지역코드,UQA220,일반상업지역,1,0,,일반상업지역,20221008
경상남도 양산시 평산동 103-5번지,48330,11900,0,0103,0005,1000000000000000865934,,,,1,용도지역코드,UQA220,일반상업지역,1,0,,일반상업지역,20260624
경상남도 양산시 평산동 103-5번지,48330,11900,0,0103,0005,1000000000000000865934,,,,3,용도구역코드,UMZ100,가축사육제한구역,1,0,,가축사육제한구역,20260624
경상남도 양산시 평산동 103-5번지,48330,11900,0,0103,0005,1000000000000000991446,,,,1,용도지역코드,UQA220,일반상업지역,1,0,,일반상업지역,20260714
경상남도 양산시 평산동 103-6번지,48330,11900,0,0103,0006,1264100037714,,,,1,용도지역코드,UQA220,일반상업지역,1,0,,일반상업지역,20221008
경상남도 양산시 평산동 103-9번지,48330,11900,0,0103,0009,1264100062759,,,,1,용도지역코드,UQA220,일반상업지역,1,0,,일반상업지역,20221008
경상남도 양산시 평산동 103-11번지,48330,11900,0,0103,0011,1264100123079,,,,1,용도지역코드,UQA220,일반상업지역,1,0,,일반상업지역,20221008
경상남도 양산시 평산동 103-12번지,48330,11900,0,0103,0012,1000000000000000940200,,,,1,용도지역코드,UQA220,일반상업지역,1,0,,일반상업지역,20260512
경상남도 양산시 평산동 103-12번지,48330,11900,0,0103,0012,1000000000000000940200,,,,3,용도구역코드,UMZ100,가축사육제한구역,1,0,,가축사육제한구역,20260512
경상남도 양산시 평산동 103-12번지,48330,11900,0,0103,0012,1264100156810,,,,1,용도지역코드,UQA220,일반상업지역,1,0,,일반상업지역,20240308
경상남도 양산시 평산동 103-12번지,48330,11900,0,0103,0012,1264100156810,,,,3,용도구역코드,UMZ100,가축사육제한구역,1,0,,가축사육제한구역,20240308
경상남도 양산시 평산동 104-1번지,48330,11900,0,0104,0001,1264100130564,,,,1,용도지역코드,UQA220,일반상업지역,1,0,,일반상업지역,20221008
경상남도 양산시 평산동 104-1번지,48330,11900,0,0104,0001,1264100034380,,,,1,용도지역코드,UQA220,일반상업지역,1,0,,일반상업지역,20221008
경상남도 양산시 평산동 104-1번지,48330,11900,0,0104,0001,1264100034380,,,,1,용도지역코드,UQA122,제2종일반주거지역,0,0,,제2종일반주거지역,20221008
경상남도 양산시 평산동 104-1번지,48330,11900,0,0104,0001,1264100042303,,,,1,용도지역코드,UQA220,일반상업지역,1,0,,일반상업지역,20221008
경상남도 양산시 평산동 104-1번지,48330,11900,0,0104,0001,1000000000000000909944,,,,1,용도지역코드,UQA220,일반상업지역,1,0,,일반상업지역,20260324
경상남도 양산시 평산동 104-1번지,48330,11900,0,0104,0001,1000000000000000909944,,,,3,용도구역코드,UMZ100,가축사육제한구역,1,0,,가축사육제한구역,20260324
경상남도 양산시 평산동 104-3번지,48330,11900,0,0104,0003,1264100055469,,,,1,용도지역코드,UQA220,일반상업지역,1,0,,일반상업지역,20221008
경상남도 양산시 평산동 104-3번지,48330,11900,0,0104,0003,1264100063360,,,,1,용도지역코드,UQA220,일반상업지역,1,0,,일반상업지역,20221008
경상남도 양산시 평산동 104-3번지,48330,11900,0,0104,0003,1264100115018,,,,1,용도지역코드,UQA220,일반상업지역,1,0,,일반상업지역,20221008
경상남도 양산시 평산동 104-4번지,48330,11900,0,0104,0004,1264100029913,,,,1,용도지역코드,UQA220,일반상업지역,1,0,,일반상업지역,20221008
경상남도 양산시 평산동 104-5번지,48330,11900,0,0104,0005,1000000000000000615339,,,,1,용도지역코드,UQA220,일반상업지역,1,0,,일반상업지역,20241108
경상남도 양산시 평산동 104-5번지,48330,11900,0,0104,0005,1264100152212,,,,1,용도지역코드,UQA220,일반상업지역,1,0,,일반상업지역,20221008
경상남도 양산시 평산동 104-5번지,48330,11900,0,0104,0005,1264100152212,,,,3,용도구역코드,UMZ100,가축사육제한구역,1,0,,가축사육제한구역,20221008
경상남도 양산시 평산동 104-6번지,48330,11900,0,0104,0006,1264100045727,,,,1,용도지역코드,UQA220,일반상업지역,1,0,,일반상업지역,20221008
경상남도 양산시 평산동 104-8번지,48330,11900,0,0104,0008,1264100124619,,,,1,용도지역코드,UQA220,일반상업지역,1,0,,일반상업지역,20221008
경상남도 양산시 평산동 104-8번지,48330,11900,0,0104,0008,1264100124619,,,,3,용도구역코드,UMZ100,가축사육제한구역,1,0,,가축사육제한구역,20221008
경상남도 양산시 평산동 105-4번지,48330,11900,0,0105,0004,1264100058552,,,,1,용도지역코드,UQA122,제2종일반주거지역,1,0,,제2종일반주거지역,20221008
경상남도 양산시 평산동 105-5번지,48330,11900,0,0105,0005,1264100067081,,,,1,용도지역코드,UQA122,제2종일반주거지역,1,0,,제2종일반주거지역,20221008
경상남도 양산시 평산동 105-6번지,48330,11900,0,0105,0006,1264100093082,,,,1,용도지역코드,UQA122,제2종일반주거지역,1,0,,제2종일반주거지역,20221008
경상남도 양산시 평산동 106-3번지,48330,11900,0,0106,0003,1264100131603,,,,1,용도지역코드,UQA122,제2종일반주거지역,1,0,,제2종일반주거지역,20221008
경상남도 양산시 평산동 106-3번지,48330,11900,0,0106,0003,1264100131603,,,,3,용도구역코드,UOA120,상대보호구역,1,0,,상대보호구역,20221008
경상남도 양산시 평산동 106-6번지,48330,11900,0,0106,0006,1264100038115,,,,1,용도지역코드,UQA122,제2종일반주거지역,1,0,,제2종일반주거지역,20221008
경상남도 양산시 평산동 107-4번지,48330,11900,0,0107,0004,1264100033167,,,,1,용도지역코드,UQA122,제2종일반주거지역,1,0,,제2종일반주거지역,20221008
경상남도 양산시 평산동 107-6번지,48330,11900,0,0107,0006,1264100067701,,,,1,용도지역코드,UQA122,제2종일반주거지역,1,0,,제2종일반주거지역,20221008
경상남도 양산시 평산동 107-7번지,48330,11900,0,0107,0007,1264100091741,,,,1,용도지역코드,UQA122,제2종일반주거지역,1,0,,제2종일반주거지역,20221008
경상남도 양산시 평산동 107-7번지,48330,11900,0,0107,0007,1264100091741,,,,3,용도구역코드,UOA120,상대보호구역,1,0,,상대정화구역,20221008
경상남도 양산시 평산동 107-8번지,48330,11900,0,0107,0008,1264100024770,,,,1,용도지역코드,UQA122,제2종일반주거지역,1,0,,제2종일반주거지역,20221008
경상남도 양산시 평산동 108-1번지,48330,11900,0,0108,0001,1264100083321,,,,1,용도지역코드,UQA220,일반상업지역,1,0,,일반상업지역,20221008
경상남도 양산시 평산동 108-2번지,48330,11900,0,0108,0002,1264100067260,,,,1,용도지역코드,UQA220,일반상업지역,1,0,,일반상업지역,20221008
경상남도 양산시 평산동 108-3번지,48330,11900,0,0108,0003,1000000000000000073938,,,,1,용도지역코드,UQA220,일반상업지역,1,0,,일반상업지역,20230111
경상남도 양산시 평산동 108-3번지,48330,11900,0,0108,0003,1264100034152,,,,1,용도지역코드,UQA220,일반상업지역,1,0,,일반상업지역,20221008
경상남도 양산시 평산동 108-3번지,48330,11900,0,0108,0003,1264100034152,,,,3,용도구역코드,UDW100,도시개발구역,1,0,,도시개발구역,20221008
경상남도 양산시 평산동 108-4번지,48330,11900,0,0108,0004,1264100086442,,,,1,용도지역코드,UQA220,일반상업지역,1,0,,일반상업지역,20221008
경상남도 양산시 평산동 108-6번지,48330,11900,0,0108,0006,1264100040196,,,,1,용도지역코드,UQA220,일반상업지역,1,0,,일반상업지역,20221008
경상남도 양산시 평산동 108-6번지,48330,11900,0,0108,0006,1264100040196,,,,1,용도지역코드,UQA123,제3종일반주거지역,0,0,,제3종일반주거지역,20221008
경상남도 양산시 평산동 108-6번지,48330,11900,0,0108,0006,1264100040196,,,,3,용도구역코드,UDW100,도시개발구역,1,0,,도시개발구역,20221008
경상남도 양산시 평산동 108-7번지,48330,11900,0,0108,0007,1264100035254,,,,1,용도지역코드,UQA220,일반상업지역,1,0,,일반상업지역,20221008
경상남도 양산시 평산동 108-9번지,48330,11900,0,0108,0009,1264100123759,,,,1,용도지역코드,UQA220,일반상업지역,1,0,,일반상업지역,20221008
경상남도 양산시 평산동 108-9번지,48330,11900,0,0108,0009,1264100128381,,,,1,용도지역코드,UQA220,일반상업지역,1,0,,일반상업지역,20221008
경상남도 양산시 평산동 108-9번지,48330,11900,0,0108,0009,1264100128381,,,,3,용도구역코드,UMZ100,가축사육제한구역,1,0,,가축사육제한구역,20221008
경상남도 양산시 평산동 108-11번지,48330,11900,0,0108,0011,1264100092021,,,,1,용도지역코드,UQA220,일반상업지역,1,0,,일반상업지역,20221008
경상남도 양산시 평산동 109번지,48330,11900,0,0109,0000,12645386,외인송원빌라,,403,1,용도지역코드,1022,제2종일반주거지역,1,0,,제2종일반주거지역,20221008
경상남도 양산시 평산동 109-2번지,48330,11900,0,0109,0002,1264100055109,,,,1,용도지역코드,UQA122,제2종일반주거지역,1,0,,제2종일반주거지역,20221008
경상남도 양산시 평산동 109-2번지,48330,11900,0,0109,0002,12643161,,,,1,용도지역코드,1020,일반주거지역,1,0,,일반주거지역,20221008
경상남도 양산시 평산동 109-7번지,48330,11900,0,0109,0007,1264100055110,,,,1,용도지역코드,UQA122,제2종일반주거지역,1,0,,제2종일반주거지역,20221008
경상남도 양산시 평산동 109-7번지,48330,11900,0,0109,0007,1264100055110,,,,3,용도구역코드,UOA120,상대보호구역,1,0,,상대정화구역,20221008
경상남도 양산시 평산동 110-1번지,48330,11900,0,0110,0001,1264100125943,,,,1,용도지역코드,UQA122,제2종일반주거지역,1,0,,제2종일반주거지역,20221008
경상남도 양산시 평산동 110-5번지,48330,11900,0,0110,0005,1264100099574,,,,1,용도지역코드,UQA122,제2종일반주거지역,1,0,,제2종일반주거지역,20221008
경상남도 양산시 평산동 110-5번지,48330,11900,0,0110,0005,1264100087881,,,,1,용도지역코드,UQA122,제2종일반주거지역,1,0,,제2종일반주거지역,20221008
경상남도 양산시 평산동 110-5번지,48330,11900,0,0110,0005,1264100087881,,,,3,용도구역코드,UOA120,상대보호구역,1,0,,상대정화구역,20221008
경상남도 양산시 평산동 110-6번지,48330,11900,0,0110,0006,1264100051407,,,,1,용도지역코드,UQA122,제2종일반주거지역,1,0,,제2종일반주거지역,20221008
경상남도 양산시 평산동 110-6번지,48330,11900,0,0110,0006,1264100051407,,,,3,용도구역코드,UOA120,상대보호구역,1,0,,상대정화구역,20221008
경상남도 양산시 평산동 110-6번지,48330,11900,0,0110,0006,1264100057489,,,,1,용도지역코드,UQA122,제2종일반주거지역,1,0,,제2종일반주거지역,20221008
경상남도 양산시 평산동 110-6번지,48330,11900,0,0110,0006,1264100069379,,,,1,용도지역코드,UQA122,제2종일반주거지역,1,0,,제2종일반주거지역,20221008
경상남도 양산시 평산동 110-8번지,48330,11900,0,0110,0008,1264100057533,,,,1,용도지역코드,UQA122,제2종일반주거지역,1,0,,제2종일반주거지역,20221008
경상남도 양산시 평산동 110-8번지,48330,11900,0,0110,0008,1264100057533,,,,3,용도구역코드,UOA120,상대보호구역,1,0,,상대정화구역,20221008
경상남도 양산시 평산동 110-10번지,48330,11900,0,0110,0010,1264100090742,,,,1,용도지역코드,UQA122,제2종일반주거지역,1,0,,제2종일반주거지역,20221008
경상남도 양산시 평산동 110-10번지,48330,11900,0,0110,0010,1264100090742,,,,3,용도구역코드,UOA120,상대보호구역,1,0,,상대정화구역,20221008
경상남도 양산시 평산동 110-21번지,48330,11900,0,0110,0021,1264100092822,,,,1,용도지역코드,UQA122,제2종일반주거지역,1,0,,제2종일반주거지역,20221008
경상남도 양산시 평산동 112-1번지,48330,11900,0,0112,0001,1264100152054,,,,3,용도구역코드,UMZ100,가축사육제한구역,1,0,,가축사육제한구역,20230609
경상남도 양산시 평산동 112-1번지,48330,11900,0,0112,0001,1264100152054,,,,3,용도구역코드,UOA120,상대보호구역,0,0,,상대보호구역,20230609
경상남도 양산시 평산동 112-1번지,48330,11900,0,0112,0001,1264100152054,,,,1,용도지역코드,UQA123,제3종일반주거지역,1,0,,제3종일반주거지역,20230609
경상남도 양산시 평산동 112-3번지,48330,11900,0,0112,0003,1000000000000000188637,,,,3,용도구역코드,UMZ100,가축사육제한구역,1,0,,가축사육제한구역,20230216
경상남도 양산시 평산동 112-3번지,48330,11900,0,0112,0003,1000000000000000188637,,,,1,용도지역코드,UQA123,제3종일반주거지역,1,0,,제3종일반주거지역,20230216
경상남도 양산시 평산동 112-3번지,48330,11900,0,0112,0003,1000000000000000188637,,,,3,용도구역코드,UOA120,상대보호구역,0,0,,상대보호구역,20230216
경상남도 양산시 평산동 112-3번지,48330,11900,0,0112,0003,1264100013272,,,,1,용도지역코드,1023,제3종일반주거지역,1,0,,제3종일반주거지역,20221008
경상남도 양산시 평산동 117-3번지,48330,11900,0,0117,0003,1264100098476,,,,1,용도지역코드,UQA122,제2종일반주거지역,1,0,,제2종일반주거지역,20221008
경상남도 양산시 평산동 117-3번지,48330,11900,0,0117,0003,1264100098476,,,,3,용도구역코드,UOA120,상대보호구역,1,0,,상대정화구역,20221008
경상남도 양산시 평산동 117-7번지,48330,11900,0,0117,0007,1264100008590,,,,1,용도지역코드,1023,제3종일반주거지역,1,0,,제3종일반주거지역,20221008
경상남도 양산시 평산동 117-12번지,48330,11900,0,0117,0012,1264100051343,,,,1,용도지역코드,UQA122,제2종일반주거지역,1,0,,제2종일반주거지역,20221008
경상남도 양산시 평산동 117-12번지,48330,11900,0,0117,0012,1264100051343,,,,3,용도구역코드,UOA120,상대보호구역,1,0,,상대정화구역,20221008
경상남도 양산시 평산동 117-12번지,48330,11900,0,0117,0012,1264100077339,,,,1,용도지역코드,UQA122,제2종일반주거지역,1,0,,제2종일반주거지역,20221008
경상남도 양산시 평산동 117-29번지,48330,11900,0,0117,0029,1264100051344,,,,1,용도지역코드,UQA122,제2종일반주거지역,1,0,,제2종일반주거지역,20221008
경상남도 양산시 평산동 117-29번지,48330,11900,0,0117,0029,1264100051344,,,,3,용도구역코드,UOA120,상대보호구역,1,0,,상대정화구역,20221008
경상남도 양산시 평산동 117-36번지,48330,11900,0,0117,0036,1264100066741,,,,1,용도지역코드,UQA122,제2종일반주거지역,1,0,,제2종일반주거지역,20221008
경상남도 양산시 평산동 117-36번지,48330,11900,0,0117,0036,1264100067979,,,,1,용도지역코드,UQA122,제2종일반주거지역,1,0,,제2종일반주거지역,20221008
경상남도 양산시 평산동 117-41번지,48330,11900,0,0117,0041,1264100077639,,,,1,용도지역코드,UQA122,제2종일반주거지역,1,0,,제2종일반주거지역,20221008
경상남도 양산시 평산동 117-41번지,48330,11900,0,0117,0041,1264100055030,,,,1,용도지역코드,UQA122,제2종일반주거지역,1,0,,제2종일반주거지역,20221008
경상남도 양산시 평산동 117-42번지,48330,11900,0,0117,0042,1264100077640,,,,1,용도지역코드,UQA122,제2종일반주거지역,1,0,,제2종일반주거지역,20221008
경상남도 양산시 평산동 117-42번지,48330,11900,0,0117,0042,1264100055051,,,,1,용도지역코드,UQA122,제2종일반주거지역,1,0,,제2종일반주거지역,20221008
경상남도 양산시 평산동 117-43번지,48330,11900,0,0117,0043,1264100077641,,,,1,용도지역코드,UQA122,제2종일반주거지역,1,0,,제2종일반주거지역,20221008
경상남도 양산시 평산동 117-43번지,48330,11900,0,0117,0043,1264100055029,,,,1,용도지역코드,UQA122,제2종일반주거지역,1,0,,제2종일반주거지역,20221008
경상남도 양산시 평산동 117-45번지,48330,11900,0,0117,0045,1264100055028,,,,1,용도지역코드,UQA122,제2종일반주거지역,1,0,,제2종일반주거지역,20221008
경상남도 양산시 평산동 119-1번지,48330,11900,0,0119,0001,1264100006486,,,,1,용도지역코드,1023,제3종일반주거지역,1,0,,제3종일반주거지역,20221008
경상남도 양산시 평산동 119-1번지,48330,11900,0,0119,0001,1264100006486,,,,2,용도지구코드,980,용도지구미지정,1,0,,용도지구미지정,20221008
경상남도 양산시 평산동 119-1번지,48330,11900,0,0119,0001,1264100006486,,,,3,용도구역코드,980,용도구역미지정,1,0,,용도구역미지정,20221008
경상남도 양산시 평산동 119-3번지,48330,11900,0,0119,0003,12648661,,,,1,용도지역코드,1022,제2종일반주거지역,1,0,,제2종일반주거지역,20221008
경상남도 양산시 평산동 119-7번지,48330,11900,0,0119,0007,12649040,,,,1,용도지역코드,1022,제2종일반주거지역,1,0,,제2종일반주거지역,20221008
경상남도 양산시 평산동 119-19번지,48330,11900,0,0119,0019,1264100046551,,,,1,용도지역코드,UQA122,제2종일반주거지역,1,0,,제2종일반주거지역,20221008
경상남도 양산시 평산동 119-19번지,48330,11900,0,0119,0019,1264100046551,,,,3,용도구역코드,UOA120,상대보호구역,1,0,,상대정화구역,20221008
경상남도 양산시 평산동 119-21번지,48330,11900,0,0119,0021,12643696,,,,1,용도지역코드,1020,일반주거지역,1,0,,일반주거지역,20221008
경상남도 양산시 평산동 119-28번지,48330,11900,0,0119,0028,1264100003829,,,,1,용도지역코드,1023,제3종일반주거지역,1,0,,제3종일반주거지역,20221008
경상남도 양산시 평산동 120-5번지,48330,11900,0,0120,0005,12644926,,,,1,용도지역코드,1022,제2종일반주거지역,1,0,,제2종일반주거지역,20221008
경상남도 양산시 평산동 120-8번지,48330,11900,0,0120,0008,1264100017814,,,,1,용도지역코드,1022,제2종일반주거지역,1,0,,제2종일반주거지역,20221008
경상남도 양산시 평산동 120-8번지,48330,11900,0,0120,0008,1264100017814,,,,3,용도구역코드,272,상대정화구역,1,0,,상대정화구역,20221008
경상남도 양산시 평산동 120-9번지,48330,11900,0,0120,0009,1264100013092,,,,1,용도지역코드,1023,제3종일반주거지역,1,0,,제3종일반주거지역,20221008
경상남도 양산시 평산동 121번지,48330,11900,0,0121,0000,12642665,,,,1,용도지역코드,1020,일반주거지역,1,0,,일반주거지역,20221008
경상남도 양산시 평산동 123-3번지,48330,11900,0,0123,0003,1264100146664,,,,1,용도지역코드,UQA123,제3종일반주거지역,1,0,,제3종일반주거지역,20221008
경상남도 양산시 평산동 123-3번지,48330,11900,0,0123,0003,1264100146664,,,,3,용도구역코드,UMZ100,가축사육제한구역,1,0,,가축사육제한구역,20221008
경상남도 양산시 평산동 123-3번지,48330,11900,0,0123,0003,1264100146664,,,,3,용도구역코드,UOA120,상대보호구역,0,0,,상대보호구역,20221008
경상남도 양산시 평산동 123-3번지,48330,11900,0,0123,0003,1264100138325,,,,1,용도지역코드,UQA123,제3종일반주거지역,1,0,,제3종일반주거지역,20221008
경상남도 양산시 평산동 123-3번지,48330,11900,0,0123,0003,1264100138325,,,,3,용도구역코드,UMZ100,가축사육제한구역,1,0,,가축사육제한구역,20221008
경상남도 양산시 평산동 123-3번지,48330,11900,0,0123,0003,1264100138325,,,,3,용도구역코드,UOA120,상대보호구역,0,0,,상대보호구역,20221008
경상남도 양산시 평산동 123-4번지,48330,11900,0,0123,0004,1264100058612,,,,1,용도지역코드,UQA122,제2종일반주거지역,1,0,,제2종일반주거지역,20221008
경상남도 양산시 평산동 123-4번지,48330,11900,0,0123,0004,1264100058612,,,,3,용도구역코드,UOA120,상대보호구역,1,0,,상대정화구역,20221008
경상남도 양산시 평산동 123-4번지,48330,11900,0,0123,0004,12647970,,,,1,용도지역코드,1022,제2종일반주거지역,1,0,,제2종일반주거지역,20221008
경상남도 양산시 평산동 123-4번지,48330,11900,0,0123,0004,12647970,,,,3,용도구역코드,010,도시계획구역,1,0,,도시계획구역,20221008
경상남도 양산시 평산동 123-4번지,48330,11900,0,0123,0004,12648645,,,,1,용도지역코드,1022,제2종일반주거지역,1,0,,제2종일반주거지역,20221008
경상남도 양산시 평산동 123-4번지,48330,11900,0,0123,0004,12648645,,,,3,용도구역코드,010,도시계획구역,1,0,,도시계획구역,20221008
경상남도 양산시 평산동 123-4번지,48330,11900,0,0123,0004,12648815,,,,1,용도지역코드,1022,제2종일반주거지역,1,0,,제2종일반주거지역,20221008
경상남도 양산시 평산동 125-3번지,48330,11900,0,0125,0003,1264100022226,,,,1,용도지역코드,UQA220,일반상업지역,1,0,,일반상업지역,20221008
경상남도 양산시 평산동 125-8번지,48330,11900,0,0125,0008,1264100058049,,,,1,용도지역코드,UQA220,일반상업지역,1,0,,일반상업지역,20221008
경상남도 양산시 평산동 125-9번지,48330,11900,0,0125,0009,1264100084885,,,,1,용도지역코드,UQA220,일반상업지역,1,0,,일반상업지역,20221008
경상남도 양산시 평산동 125-10번지,48330,11900,0,0125,0010,1264100033644,,,,1,용도지역코드,UQA220,일반상업지역,1,0,,일반상업지역,20221008
경상남도 양산시 평산동 125-14번지,48330,11900,0,0125,0014,1264100053289,,,,1,용도지역코드,UQA220,일반상업지역,1,0,,일반상업지역,20221008
경상남도 양산시 평산동 126번지,48330,11900,0,0126,0000,1264100086225,,,,1,용도지역코드,UQA123,제3종일반주거지역,1,0,,제3종일반주거지역,20221008
경상남도 양산시 평산동 130번지,48330,11900,0,0130,0000,1264100084824,,,,1,용도지역코드,UQA123,제3종일반주거지역,1,0,,제3종일반주거지역,20221008
경상남도 양산시 평산동 131번지,48330,11900,0,0131,0000,1264100029652,,,,1,용도지역코드,UQA123,제3종일반주거지역,1,0,,제3종일반주거지역,20221008
경상남도 양산시 평산동 131-3번지,48330,11900,0,0131,0003,1264100071839,,,,1,용도지역코드,UQA123,제3종일반주거지역,1,0,,제3종일반주거지역,20221008
경상남도 양산시 평산동 131-3번지,48330,11900,0,0131,0003,1264100086224,,,,1,용도지역코드,UQA123,제3종일반주거지역,1,0,,제3종일반주거지역,20221008
경상남도 양산시 평산동 134번지,48330,11900,0,0134,0000,12647158,,,,1,용도지역코드,1022,제2종일반주거지역,1,0,,제2종일반주거지역,20221008
경상남도 양산시 평산동 135번지,48330,11900,0,0135,0000,12648806,,,,1,용도지역코드,1020,일반주거지역,1,0,,일반주거지역,20221008
경상남도 양산시 평산동 135-1번지,48330,11900,0,0135,0001,1264100142727,,,,1,용도지역코드,UQA220,일반상업지역,1,0,,일반상업지역,20221008
경상남도 양산시 평산동 135-1번지,48330,11900,0,0135,0001,1264100144303,,,,1,용도지역코드,UQA220,일반상업지역,1,0,,일반상업지역,20221008
경상남도 양산시 평산동 135-1번지,48330,11900,0,0135,0001,1264100034815,,,,1,용도지역코드,UQA220,일반상업지역,1,0,,일반상업지역,20221008
경상남도 양산시 평산동 135-6번지,48330,11900,0,0135,0006,1264100129547,,,,1,용도지역코드,UQA220,일반상업지역,1,0,,일반상업지역,20221008
경상남도 양산시 평산동 140번지,48330,11900,0,0140,0000,12649022,,,,1,용도지역코드,1120,일반상업지역,1,0,,일반상업지역,20221008
경상남도 양산시 평산동 143번지,48330,11900,0,0143,0000,12644488,,,,1,용도지역코드,1120,일반상업지역,1,0,,일반상업지역,20221008
경상남도 양산시 평산동 143-3번지,48330,11900,0,0143,0003,12644489,,,,1,용도지역코드,1120,일반상업지역,1,0,,일반상업지역,20221008
경상남도 양산시 평산동 143-3번지,48330,11900,0,0143,0003,1264100131303,,,,1,용도지역코드,UQA220,일반상업지역,1,0,,일반상업지역,20221008
경상남도 양산시 평산동 143-3번지,48330,11900,0,0143,0003,1264100131303,,,,3,용도구역코드,UMZ100,가축사육제한구역,1,0,,가축사육제한구역,20221008
경상남도 양산시 평산동 145번지,48330,11900,0,0145,0000,1264100068999,,,,1,용도지역코드,UQA220,일반상업지역,1,0,,일반상업지역,20221008
경상남도 양산시 평산동 146-1번지,48330,11900,0,0146,0001,12649816,,,,1,용도지역코드,1120,일반상업지역,1,0,,일반상업지역,20221008
경상남도 양산시 평산동 146-1번지,48330,11900,0,0146,0001,12646266,,,,1,용도지역코드,1120,일반상업지역,1,0,,일반상업지역,20221008
경상남도 양산시 평산동 146-5번지,48330,11900,0,0146,0005,1264100154910,,,,1,용도지역코드,UQA220,일반상업지역,1,0,,일반상업지역,20221008
경상남도 양산시 평산동 146-5번지,48330,11900,0,0146,0005,1264100154910,,,,3,용도구역코드,UMZ100,가축사육제한구역,1,0,,가축사육제한구역,20221008
경상남도 양산시 평산동 146-15번지,48330,11900,0,0146,0015,12647957,,,,1,용도지역코드,1120,일반상업지역,1,0,,일반상업지역,20221008
경상남도 양산시 평산동 147-2번지,48330,11900,0,0147,0002,12644823,,,,1,용도지역코드,1120,일반상업지역,1,0,,일반상업지역,20221008
경상남도 양산시 평산동 147-4번지,48330,11900,0,0147,0004,1264100114836,,,,1,용도지역코드,UQA220,일반상업지역,1,0,,일반상업지역,20230911
경상남도 양산시 평산동 148-1번지,48330,11900,0,0148,0001,12644156,,148,4,1,용도지역코드,1120,일반상업지역,1,0,,일반상업지역,20221008
경상남도 양산시 평산동 148-4번지,48330,11900,0,0148,0004,12645074,,,,1,용도지역코드,1120,일반상업지역,1,0,,일반상업지역,20221008
경상남도 양산시 평산동 148-4번지,48330,11900,0,0148,0004,12643708,,148,4,1,용도지역코드,1120,일반상업지역,1,0,,일반상업지역,20221008
경상남도 양산시 평산동 148-4번지,48330,11900,0,0148,0004,1264100082119,,,,1,용도지역코드,UQA220,일반상업지역,1,0,,일반상업지역,20221008
경상남도 양산시 평산동 149-8번지,48330,11900,0,0149,0008,12647785,,,,1,용도지역코드,1120,일반상업지역,1,0,,일반상업지역,20221008
경상남도 양산시 평산동 155번지,48330,11900,0,0155,0000,1264100081320,,,,1,용도지역코드,UQA220,일반상업지역,1,0,,일반상업지역,20221008
경상남도 양산시 평산동 155번지,48330,11900,0,0155,0000,12642503,,,,1,용도지역코드,1020,일반주거지역,1,0,,일반주거지역,20221008
경상남도 양산시 평산동 155-3번지,48330,11900,0,0155,0003,1264100117096,,,,1,용도지역코드,UQA220,일반상업지역,1,0,,일반상업지역,20221008
경상남도 양산시 평산동 155-3번지,48330,11900,0,0155,0003,1264100120439,,,,1,용도지역코드,UQA220,일반상업지역,1,0,,일반상업지역,20221008
경상남도 양산시 평산동 159번지,48330,11900,0,0159,0000,1264100094527,,,,1,용도지역코드,UQA220,일반상업지역,1,0,,일반상업지역,20221008
경상남도 양산시 평산동 162번지,48330,11900,0,0162,0000,1264100138984,,,,1,용도지역코드,UQA220,일반상업지역,1,0,,일반상업지역,20221008
경상남도 양산시 평산동 162번지,48330,11900,0,0162,0000,1264100138984,,,,3,용도구역코드,UMZ100,가축사육제한구역,1,0,,가축사육제한구역,20221008
경상남도 양산시 평산동 162번지,48330,11900,0,0162,0000,1264100079959,,,,1,용도지역코드,UQA220,일반상업지역,1,0,,일반상업지역,20221008
경상남도 양산시 평산동 162번지,48330,11900,0,0162,0000,1264100070321,,,,1,용도지역코드,UQA220,일반상업지역,1,0,,일반상업지역,20221008
경상남도 양산시 평산동 162번지,48330,11900,0,0162,0000,1264100079939,,,,1,용도지역코드,UQA220,일반상업지역,1,0,,일반상업지역,20221008
경상남도 양산시 평산동 162번지,48330,11900,0,0162,0000,12642768,,,,1,용도지역코드,1120,일반상업지역,1,0,,일반상업지역,20221008
경상남도 양산시 평산동 162번지,48330,11900,0,0162,0000,12649181,,,,1,용도지역코드,1120,일반상업지역,1,0,,일반상업지역,20221008
경상남도 양산시 평산동 163-2번지,48330,11900,0,0163,0002,1264100121499,,,,1,용도지역코드,UQA220,일반상업지역,1,0,,일반상업지역,20221008
경상남도 양산시 평산동 163-2번지,48330,11900,0,0163,0002,1264841,,,,1,용도지역코드,Z200,준농림지역,1,0,,준농림지역,20221008
경상남도 양산시 평산동 163-3번지,48330,11900,0,0163,0003,12642885,,,,1,용도지역코드,1020,일반주거지역,1,0,,일반주거지역,20221008
경상남도 양산시 평산동 163-3번지,48330,11900,0,0163,0003,12641449,163-3,,,1,용도지역코드,1020,일반주거지역,1,0,,일반주거지역,20221008
경상남도 양산시 평산동 163-3번지,48330,11900,0,0163,0003,12641449,163-3,,,1,용도지역코드,0100,도시지역,0,0,,도시지역,20221008
경상남도 양산시 평산동 163-7번지,48330,11900,0,0163,0007,12641193,,,,1,용도지역코드,1020,일반주거지역,1,0,,일반주거지역,20221008
경상남도 양산시 평산동 163-7번지,48330,11900,0,0163,0007,1264100004488,,,,1,용도지역코드,1023,제3종일반주거지역,1,0,,제3종일반주거지역,20221008
경상남도 양산시 평산동 163-12번지,48330,11900,0,0163,0012,12643641,,,,1,용도지역코드,1120,일반상업지역,1,0,,일반상업지역,20221008
경상남도 양산시 평산동 163-12번지,48330,11900,0,0163,0012,12643641,,,,2,용도지구코드,980,용도지구미지정,1,0,,용도지구미지정,20221008
경상남도 양산시 평산동 163-12번지,48330,11900,0,0163,0012,12643641,,,,3,용도구역코드,980,용도구역미지정,1,0,,용도구역미지정,20221008
경상남도 양산시 평산동 167-1번지,48330,11900,0,0167,0001,12645257,,,,1,용도지역코드,1120,일반상업지역,1,0,,일반상업지역,20221008
경상남도 양산시 평산동 167-1번지,48330,11900,0,0167,0001,12648805,,,,1,용도지역코드,1120,일반상업지역,1,0,,일반상업지역,20221008
경상남도 양산시 평산동 178번지,48330,11900,0,0178,0000,1000000000000000664042,,,,1,용도지역코드,UQA123,제3종일반주거지역,1,0,,제3종일반주거지역,20250523
경상남도 양산시 평산동 178번지,48330,11900,0,0178,0000,12647866,,,,1,용도지역코드,1023,제3종일반주거지역,1,0,,제3종일반주거지역,20221008
경상남도 양산시 평산동 184번지,48330,11900,0,0184,0000,1264100097846,,,,1,용도지역코드,UQA220,일반상업지역,1,0,,일반상업지역,20221008
경상남도 양산시 평산동 184번지,48330,11900,0,0184,0000,1264100097846,,,,3,용도구역코드,UQQ310,제1종지구단위계획구역,1,0,,제1종지구단위계획구역,20221008
경상남도 양산시 평산동 184번지,48330,11900,0,0184,0000,1264100100813,,,,1,용도지역코드,UQA220,일반상업지역,1,0,,일반상업지역,20221008
경상남도 양산시 평산동 184번지,48330,11900,0,0184,0000,1264100100813,,,,3,용도구역코드,UQQ310,제1종지구단위계획구역,1,0,,제1종지구단위계획구역,20221008
경상남도 양산시 평산동 184번지,48330,11900,0,0184,0000,1264100101713,,,,1,용도지역코드,UQA220,일반상업지역,1,0,,일반상업지역,20221008
경상남도 양산시 평산동 184번지,48330,11900,0,0184,0000,1264100101713,,,,3,용도구역코드,UQQ310,제1종지구단위계획구역,1,0,,제1종지구단위계획구역,20221008
경상남도 양산시 평산동 184번지,48330,11900,0,0184,0000,1264100093861,,,,1,용도지역코드,UQA220,일반상업지역,1,0,,일반상업지역,20221008
경상남도 양산시 평산동 184번지,48330,11900,0,0184,0000,1264100093861,,,,3,용도구역코드,UQQ310,제1종지구단위계획구역,1,0,,제1종지구단위계획구역,20221008
경상남도 양산시 평산동 184번지,48330,11900,0,0184,0000,1264100101715,,,,1,용도지역코드,UQA220,일반상업지역,1,0,,일반상업지역,20221008
경상남도 양산시 평산동 184번지,48330,11900,0,0184,0000,1264100101715,,,,3,용도구역코드,UQQ310,제1종지구단위계획구역,1,0,,제1종지구단위계획구역,20221008
경상남도 양산시 평산동 184번지,48330,11900,0,0184,0000,1264100104013,,,,1,용도지역코드,UQA220,일반상업지역,1,0,,일반상업지역,20221008
경상남도 양산시 평산동 184번지,48330,11900,0,0184,0000,1264100104013,,,,3,용도구역코드,UQQ310,제1종지구단위계획구역,1,0,,제1종지구단위계획구역,20221008
경상남도 양산시 평산동 185번지,48330,11900,0,0185,0000,1264100144324,,,,1,용도지역코드,UQA220,일반상업지역,1,0,,일반상업지역,20221008
경상남도 양산시 평산동 185번지,48330,11900,0,0185,0000,1264100144203,,,,1,용도지역코드,UQA220,일반상업지역,1,0,,일반상업지역,20221008
경상남도 양산시 평산동 185번지,48330,11900,0,0185,0000,12643958,,,,1,용도지역코드,1120,일반상업지역,1,0,,일반상업지역,20221008
경상남도 양산시 평산동 188번지,48330,11900,0,0188,0000,1264100068040,,,,1,용도지역코드,UQA123,제3종일반주거지역,1,0,,제3종일반주거지역,20221008
경상남도 양산시 평산동 188번지,48330,11900,0,0188,0000,1264100057609,,,,1,용도지역코드,UQA123,제3종일반주거지역,1,0,,제3종일반주거지역,20221008
경상남도 양산시 평산동 189번지,48330,11900,0,0189,0000,1264100019466,,,,1,용도지역코드,1023,제3종일반주거지역,1,0,,제3종일반주거지역,20221008
경상남도 양산시 평산동 189-1번지,48330,11900,0,0189,0001,1264100062180,,,,1,용도지역코드,UQA123,제3종일반주거지역,1,0,,제3종일반주거지역,20221008
경상남도 양산시 평산동 189-4번지,48330,11900,0,0189,0004,1264100092162,,,,1,용도지역코드,UQA123,제3종일반주거지역,1,0,,제3종일반주거지역,20221008
경상남도 양산시 평산동 190-2번지,48330,11900,0,0190,0002,1264100151792,,,,1,용도지역코드,UQA122,제2종일반주거지역,1,0,,제2종일반주거지역,20221008
경상남도 양산시 평산동 190-3번지,48330,11900,0,0190,0003,1264100013512,,,,1,용도지역코드,1022,제2종일반주거지역,1,0,,제2종일반주거지역,20221008
경상남도 양산시 평산동 190-4번지,48330,11900,0,0190,0004,12646092,,,,1,용도지역코드,1022,제2종일반주거지역,1,0,,제2종일반주거지역,20221008
경상남도 양산시 평산동 191-1번지,48330,11900,0,0191,0001,1264100021057,,,,1,용도지역코드,1022,제2종일반주거지역,1,0,,제2종일반주거지역,20221008
경상남도 양산시 평산동 191-6번지,48330,11900,0,0191,0006,1264100081242,,,,1,용도지역코드,UQA122,제2종일반주거지역,1,0,,제2종일반주거지역,20221008
경상남도 양산시 평산동 191-6번지,48330,11900,0,0191,0006,1264100081242,,,,3,용도구역코드,UOA120,상대보호구역,1,0,,상대정화구역,20221008
경상남도 양산시 평산동 191-6번지,48330,11900,0,0191,0006,1264100101013,,,,1,용도지역코드,UQA122,제2종일반주거지역,1,0,,제2종일반주거지역,20221008
경상남도 양산시 평산동 191-6번지,48330,11900,0,0191,0006,1264100101013,,,,3,용도구역코드,UOA120,상대보호구역,1,0,,상대정화구역,20221008
경상남도 양산시 평산동 193-2번지,48330,11900,0,0193,0002,1264100099074,,,,1,용도지역코드,UQA123,제3종일반주거지역,1,0,,제3종일반주거지역,20221008
경상남도 양산시 평산동 193-4번지,48330,11900,0,0193,0004,1264100058533,,,,1,용도지역코드,UQA123,제3종일반주거지역,1,0,,제3종일반주거지역,20221008
경상남도 양산시 평산동 194-2번지,48330,11900,0,0194,0002,1264100142726,,,,1,용도지역코드,UQA123,제3종일반주거지역,1,0,,제3종일반주거지역,20221008
경상남도 양산시 평산동 194-2번지,48330,11900,0,0194,0002,12641207,,,,1,용도지역코드,1020,일반주거지역,1,0,,일반주거지역,20221008
경상남도 양산시 평산동 194-4번지,48330,11900,0,0194,0004,1264100067059,,,,1,용도지역코드,UQA123,제3종일반주거지역,1,0,,제3종일반주거지역,20221008
경상남도 양산시 평산동 194-4번지,48330,11900,0,0194,0004,1264100060313,,,,1,용도지역코드,UQA123,제3종일반주거지역,1,0,,제3종일반주거지역,20221008
경상남도 양산시 평산동 195-1번지,48330,11900,0,0195,0001,1000000000000000213666,,,,1,용도지역코드,UQA123,제3종일반주거지역,1,0,,제3종일반주거지역,20250529
경상남도 양산시 평산동 195-1번지,48330,11900,0,0195,0001,12643380,,,,1,용도지역코드,1020,일반주거지역,1,0,,일반주거지역,20221008
경상남도 양산시 평산동 204-6번지,48330,11900,0,0204,0006,12643977,,,,1,용도지역코드,1030,준주거지역,1,0,,준주거지역,20221008
경상남도 양산시 평산동 205-1번지,48330,11900,0,0205,0001,12642843,,,,1,용도지역코드,1030,준주거지역,1,0,,준주거지역,20221008
경상남도 양산시 평산동 205-7번지,48330,11900,0,0205,0007,12647086,,,,1,용도지역코드,1030,준주거지역,1,0,,준주거지역,20221008
경상남도 양산시 평산동 205-7번지,48330,11900,0,0205,0007,12645996,,,,1,용도지역코드,1030,준주거지역,1,0,,준주거지역,20221008
경상남도 양산시 평산동 205-11번지,48330,11900,0,0205,0011,12648816,,,,1,용도지역코드,1030,준주거지역,1,0,,준주거지역,20221008
경상남도 양산시 평산동 205-11번지,48330,11900,0,0205,0011,12648816,,,,3,용도구역코드,010,도시계획구역,1,0,,도시계획구역,20221008
경상남도 양산시 평산동 205-23번지,48330,11900,0,0205,0023,12641130,경상남도 양산시 웅상읍 평산리,205,23,1,용도지역코드,1030,준주거지역,1,0,,준주거지역,20221008
경상남도 양산시 평산동 205-23번지,48330,11900,0,0205,0023,12641130,경상남도 양산시 웅상읍 평산리,205,23,1,용도지역코드,1120,일반상업지역,0,0,,일반상업지역,20221008
경상남도 양산시 평산동 205-28번지,48330,11900,0,0205,0028,12641594,경상남도 양산시 웅상읍 평산리,205,28,1,용도지역코드,1030,준주거지역,1,0,,준주거지역,20221008
경상남도 양산시 평산동 205-46번지,48330,11900,0,0205,0046,12647935,,,,1,용도지역코드,1030,준주거지역,1,0,,준주거지역,20221008
경상남도 양산시 평산동 205-56번지,48330,11900,0,0205,0056,12642809,,,,1,용도지역코드,1030,준주거지역,1,0,,준주거지역,20221008
경상남도 양산시 평산동 205-59번지,48330,11900,0,0205,0059,12644306,,,,1,용도지역코드,1030,준주거지역,1,0,,준주거지역,20221008
경상남도 양산시 평산동 222-1번지,48330,11900,0,0222,0001,12645099,,,,1,용도지역코드,1120,일반상업지역,1,0,,일반상업지역,20221008
경상남도 양산시 평산동 223번지,48330,11900,0,0223,0000,12642940,,,,1,용도지역코드,1030,준주거지역,1,0,,준주거지역,20221008
경상남도 양산시 평산동 223번지,48330,11900,0,0223,0000,12642940,,,,1,용도지역코드,1120,일반상업지역,0,0,,일반상업지역,20221008
경상남도 양산시 평산동 223-1번지,48330,11900,0,0223,0001,12642404,,,,1,용도지역코드,1030,준주거지역,1,0,,준주거지역,20221008
경상남도 양산시 평산동 223-1번지,48330,11900,0,0223,0001,12642428,,,,1,용도지역코드,1030,준주거지역,1,0,,준주거지역,20221008
경상남도 양산시 평산동 223-3번지,48330,11900,0,0223,0003,1264847,,,,1,용도지역코드,0100,도시지역,1,0,,도시지역,20221008
경상남도 양산시 평산동 223-4번지,48330,11900,0,0223,0004,12646214,,,,1,용도지역코드,1120,일반상업지역,1,0,,일반상업지역,20221008
경상남도 양산시 평산동 223-4번지,48330,11900,0,0223,0004,1264646,,,,1,용도지역코드,0800,경지지역,1,0,,경지지역,20221008
경상남도 양산시 평산동 223-6번지,48330,11900,0,0223,0006,12648708,,,,1,용도지역코드,1120,일반상업지역,1,0,,일반상업지역,20221008
경상남도 양산시 평산동 223-6번지,48330,11900,0,0223,0006,12641474,,,,1,용도지역코드,1120,일반상업지역,1,0,,일반상업지역,20221008
경상남도 양산시 평산동 224번지,48330,11900,0,0224,0000,12643612,,,,1,용도지역코드,1120,일반상업지역,1,0,,일반상업지역,20221008
경상남도 양산시 평산동 224-11번지,48330,11900,0,0224,0011,12644174,,,,1,용도지역코드,1120,일반상업지역,1,0,,일반상업지역,20221008
경상남도 양산시 평산동 224-11번지,48330,11900,0,0224,0011,12641048,,,,1,용도지역코드,0100,도시지역,1,0,,도시지역,20221008
경상남도 양산시 평산동 224-14번지,48330,11900,0,0224,0014,12643702,,224,14,1,용도지역코드,1120,일반상업지역,1,0,,일반상업지역,20221008
경상남도 양산시 평산동 224-17번지,48330,11900,0,0224,0017,12642140,,,,1,용도지역코드,1030,준주거지역,1,0,,준주거지역,20221008
경상남도 양산시 평산동 224-31번지,48330,11900,0,0224,0031,12642207,,,,1,용도지역코드,1120,일반상업지역,1,0,,일반상업지역,20221008
경상남도 양산시 평산동 233-2번지,48330,11900,0,0233,0002,12647837,,,,1,용도지역코드,1030,준주거지역,1,0,,준주거지역,20221008
경상남도 양산시 평산동 233-2번지,48330,11900,0,0233,0002,12648794,,,,1,용도지역코드,1030,준주거지역,1,0,,준주거지역,20221008
경상남도 양산시 평산동 233-2번지,48330,11900,0,0233,0002,12648794,,,,3,용도구역코드,010,도시계획구역,1,0,,도시계획구역,20221008
경상남도 양산시 평산동 233-2번지,48330,11900,0,0233,0002,12648812,,,,1,용도지역코드,1030,준주거지역,1,0,,준주거지역,20221008
경상남도 양산시 평산동 233-2번지,48330,11900,0,0233,0002,12648812,,,,3,용도구역코드,010,도시계획구역,1,0,,도시계획구역,20221008
경상남도 양산시 평산동 250번지,48330,11900,0,0250,0000,1264109,,,,1,용도지역코드,0800,경지지역,1,0,,경지지역,20221008
경상남도 양산시 평산동 251-1번지,48330,11900,0,0251,0001,1264100034677,,,,1,용도지역코드,UQA122,제2종일반주거지역,1,0,,제2종일반주거지역,20221008
경상남도 양산시 평산동 251-6번지,48330,11900,0,0251,0006,1264100105013,,,,1,용도지역코드,UQA122,제2종일반주거지역,1,0,,제2종일반주거지역,20221008
경상남도 양산시 평산동 251-10번지,48330,11900,0,0251,0010,1264100035255,,,,1,용도지역코드,UQA122,제2종일반주거지역,1,0,,제2종일반주거지역,20221008
경상남도 양산시 평산동 252번지,48330,11900,0,0252,0000,1000000000000000671016,,,,1,용도지역코드,UQA122,제2종일반주거지역,1,0,,제2종일반주거지역,20250226
경상남도 양산시 평산동 252번지,48330,11900,0,0252,0000,1264100005629,,,,1,용도지역코드,1021,제1종일반주거지역,1,0,,제1종일반주거지역,20221008
경상남도 양산시 평산동 253번지,48330,11900,0,0253,0000,12647162,,,,1,용도지역코드,1022,제2종일반주거지역,1,0,,제2종일반주거지역,20221008
경상남도 양산시 평산동 253-9번지,48330,11900,0,0253,0009,12644546,,,,1,용도지역코드,1022,제2종일반주거지역,1,0,,제2종일반주거지역,20221008
경상남도 양산시 평산동 253-10번지,48330,11900,0,0253,0010,12644543,,,,1,용도지역코드,1022,제2종일반주거지역,1,0,,제2종일반주거지역,20221008
경상남도 양산시 평산동 253-11번지,48330,11900,0,0253,0011,12644545,,,,1,용도지역코드,1022,제2종일반주거지역,1,0,,제2종일반주거지역,20221008
경상남도 양산시 평산동 253-12번지,48330,11900,0,0253,0012,12644544,,,,1,용도지역코드,1022,제2종일반주거지역,1,0,,제2종일반주거지역,20221008
경상남도 양산시 평산동 254번지,48330,11900,0,0254,0000,12642937,,,,1,용도지역코드,1020,일반주거지역,1,0,,일반주거지역,20221008
경상남도 양산시 평산동 255번지,48330,11900,0,0255,0000,1264100123881,,,,1,용도지역코드,UQA122,제2종일반주거지역,1,0,,제2종일반주거지역,20221008
경상남도 양산시 평산동 255번지,48330,11900,0,0255,0000,1264100123881,,,,3,용도구역코드,UOA120,상대보호구역,1,0,,상대보호구역,20221008
경상남도 양산시 평산동 257-4번지,48330,11900,0,0257,0004,1264100118277,,,,1,용도지역코드,UQA122,제2종일반주거지역,1,0,,제2종일반주거지역,20221008
경상남도 양산시 평산동 257-6번지,48330,11900,0,0257,0006,1264100012593,,,,1,용도지역코드,1022,제2종일반주거지역,1,0,,제2종일반주거지역,20221008
경상남도 양산시 평산동 257-7번지,48330,11900,0,0257,0007,1264100131990,,,,1,용도지역코드,UQA122,제2종일반주거지역,1,0,,제2종일반주거지역,20221008
경상남도 양산시 평산동 257-7번지,48330,11900,0,0257,0007,1264100131990,,,,3,용도구역코드,UOA120,상대보호구역,1,0,,상대보호구역,20221008
경상남도 양산시 평산동 257-18번지,48330,11900,0,0257,0018,1264100040804,,,,1,용도지역코드,UQA122,제2종일반주거지역,1,0,,제2종일반주거지역,20221008
경상남도 양산시 평산동 264번지,48330,11900,0,0264,0000,1264100049526,,,,1,용도지역코드,UQA122,제2종일반주거지역,1,0,,제2종일반주거지역,20221008
경상남도 양산시 평산동 264번지,48330,11900,0,0264,0000,1264100049526,,,,3,용도구역코드,UOA120,상대보호구역,1,0,,상대정화구역,20221008
경상남도 양산시 평산동 264-2번지,48330,11900,0,0264,0002,1264100049625,,,,1,용도지역코드,UQA122,제2종일반주거지역,1,0,,제2종일반주거지역,20221008
경상남도 양산시 평산동 264-2번지,48330,11900,0,0264,0002,1264100049625,,,,3,용도구역코드,UOA120,상대보호구역,1,0,,상대정화구역,20221008
경상남도 양산시 평산동 264-3번지,48330,11900,0,0264,0003,1264100049627,,,,1,용도지역코드,UQA122,제2종일반주거지역,1,0,,제2종일반주거지역,20221008
경상남도 양산시 평산동 264-3번지,48330,11900,0,0264,0003,1264100049627,,,,3,용도구역코드,UOA120,상대보호구역,1,0,,상대정화구역,20221008
경상남도 양산시 평산동 264-4번지,48330,11900,0,0264,0004,1264100049626,,,,1,용도지역코드,UQA122,제2종일반주거지역,1,0,,제2종일반주거지역,20221008
경상남도 양산시 평산동 264-4번지,48330,11900,0,0264,0004,1264100049626,,,,3,용도구역코드,UOA120,상대보호구역,1,0,,상대정화구역,20221008
경상남도 양산시 평산동 269번지,48330,11900,0,0269,0000,12648678,,,,1,용도지역코드,1022,제2종일반주거지역,1,0,,제2종일반주거지역,20221008
경상남도 양산시 평산동 270-4번지,48330,11900,0,0270,0004,1264100016195,,,,1,용도지역코드,1022,제2종일반주거지역,1,0,,제2종일반주거지역,20221008
경상남도 양산시 평산동 271번지,48330,11900,0,0271,0000,12643401,,,,1,용도지역코드,1020,일반주거지역,1,0,,일반주거지역,20221008
경상남도 양산시 평산동 271-1번지,48330,11900,0,0271,0001,1264100005525,,,,1,용도지역코드,1022,제2종일반주거지역,1,0,,제2종일반주거지역,20221008
경상남도 양산시 평산동 273번지,48330,11900,0,0273,0000,12641785,,,,1,용도지역코드,1020,일반주거지역,1,0,,일반주거지역,20221008
경상남도 양산시 평산동 273-1번지,48330,11900,0,0273,0001,12644548,,,,1,용도지역코드,1022,제2종일반주거지역,1,0,,제2종일반주거지역,20221008
경상남도 양산시 평산동 273-1번지,48330,11900,0,0273,0001,12644037,,,,1,용도지역코드,1022,제2종일반주거지역,1,0,,제2종일반주거지역,20221008
경상남도 양산시 평산동 273-2번지,48330,11900,0,0273,0002,1264100078519,,,,1,용도지역코드,UQA122,제2종일반주거지역,1,0,,제2종일반주거지역,20221008
경상남도 양산시 평산동 275번지,48330,11900,0,0275,0000,1264100020343,,,,1,용도지역코드,1022,제2종일반주거지역,1,0,,제2종일반주거지역,20221008
경상남도 양산시 평산동 277-1번지,48330,11900,0,0277,0001,12648660,,,,1,용도지역코드,1022,제2종일반주거지역,1,0,,제2종일반주거지역,20221008
경상남도 양산시 평산동 277-1번지,48330,11900,0,0277,0001,12648660,,,,3,용도구역코드,010,도시계획구역,1,0,,도시계획구역,20221008
경상남도 양산시 평산동 277-3번지,48330,11900,0,0277,0003,1264100027709,,,,1,용도지역코드,UQA122,제2종일반주거지역,1,0,,제2종일반주거지역,20221008
경상남도 양산시 평산동 279-2번지,48330,11900,0,0279,0002,1264100146810,,,,1,용도지역코드,UQA122,제2종일반주거지역,1,0,,제2종일반주거지역,20221008
경상남도 양산시 평산동 279-25번지,48330,11900,0,0279,0025,1264100008851,,,,1,용도지역코드,1022,제2종일반주거지역,1,0,,제2종일반주거지역,20221008
경상남도 양산시 평산동 283번지,48330,11900,0,0283,0000,1000000000000000448788,,,,1,용도지역코드,UQA430,자연녹지지역,1,0,,자연녹지지역,20240611
경상남도 양산시 평산동 284번지,48330,11900,0,0284,0000,1264100042702,,,,1,용도지역코드,UQA122,제2종일반주거지역,1,0,,제2종일반주거지역,20221008
경상남도 양산시 평산동 293번지,48330,11900,0,0293,0000,12643108,,,,1,용도지역코드,1020,일반주거지역,1,0,,일반주거지역,20221008
경상남도 양산시 평산동 293-6번지,48330,11900,0,0293,0006,12644079,,,,1,용도지역코드,1022,제2종일반주거지역,1,0,,제2종일반주거지역,20221008
경상남도 양산시 평산동 295-3번지,48330,11900,0,0295,0003,1264100010389,,,,1,용도지역코드,1022,제2종일반주거지역,1,0,,제2종일반주거지역,20221008
경상남도 양산시 평산동 295-3번지,48330,11900,0,0295,0003,1264100008489,,,,1,용도지역코드,1022,제2종일반주거지역,1,0,,제2종일반주거지역,20221008
경상남도 양산시 평산동 303-15번지,48330,11900,0,0303,0015,1000000000000000458991,,,,1,용도지역코드,UQA122,제2종일반주거지역,1,0,,제2종일반주거지역,20240213
경상남도 양산시 평산동 304-4번지,48330,11900,0,0304,0004,1264100138783,,,,1,용도지역코드,UQA122,제2종일반주거지역,1,0,,제2종일반주거지역,20221008
경상남도 양산시 평산동 304-4번지,48330,11900,0,0304,0004,1264100138783,,,,3,용도구역코드,UOA120,상대보호구역,1,0,,상대보호구역,20221008
경상남도 양산시 평산동 304-9번지,48330,11900,0,0304,0009,1264100048945,,,,1,용도지역코드,UQA122,제2종일반주거지역,1,0,,제2종일반주거지역,20221008
경상남도 양산시 평산동 305번지,48330,11900,0,0305,0000,12645524,,,,1,용도지역코드,1022,제2종일반주거지역,1,0,,제2종일반주거지역,20221008
경상남도 양산시 평산동 305번지,48330,11900,0,0305,0000,1264100005086,,,,1,용도지역코드,1022,제2종일반주거지역,1,0,,제2종일반주거지역,20221008
경상남도 양산시 평산동 306-1번지,48330,11900,0,0306,0001,12643306,경남 양산시 웅상읍 평산리,314,5,1,용도지역코드,1020,일반주거지역,1,0,,일반주거지역,20221008
경상남도 양산시 평산동 311-3번지,48330,11900,0,0311,0003,12642858,,,,1,용도지역코드,1020,일반주거지역,1,0,,일반주거지역,20221008
경상남도 양산시 평산동 312번지,48330,11900,0,0312,0000,1000000000000000618801,,,,1,용도지역코드,UQA122,제2종일반주거지역,1,0,,제2종일반주거지역,20241114
경상남도 양산시 평산동 312번지,48330,11900,0,0312,0000,1000000000000000618801,,,,2,용도지구코드,UQF132,시가지경관지구(일반),1,0,,시가지경관지구(일반),20241114
경상남도 양산시 평산동 314번지,48330,11900,0,0314,0000,1264100025490,,,,3,용도구역코드,UOA120,상대보호구역,1,0,,상대정화구역,20221008
경상남도 양산시 평산동 314번지,48330,11900,0,0314,0000,1264100025490,,,,1,용도지역코드,UQA122,제2종일반주거지역,1,0,,제2종일반주거지역,20221008
경상남도 양산시 평산동 314-8번지,48330,11900,0,0314,0008,1000000000000000880766,,,,3,용도구역코드,UOA120,상대보호구역,1,0,,상대보호구역,20260127
경상남도 양산시 평산동 314-8번지,48330,11900,0,0314,0008,1000000000000000880766,,,,1,용도지역코드,UQA122,제2종일반주거지역,1,0,,제2종일반주거지역,20260127
경상남도 양산시 평산동 314-8번지,48330,11900,0,0314,0008,1000000000000000880766,,,,2,용도지구코드,UQF132,시가지경관지구(일반),1,0,,시가지경관지구(일반),20260127
경상남도 양산시 평산동 315번지,48330,11900,0,0315,0000,1264100056268,,,,1,용도지역코드,UQA122,제2종일반주거지역,1,0,,제2종일반주거지역,20221008
경상남도 양산시 평산동 327-1번지,48330,11900,0,0327,0001,12643653,,,,1,용도지역코드,1020,일반주거지역,1,0,,일반주거지역,20221008
경상남도 양산시 평산동 328번지,48330,11900,0,0328,0000,1264100019682,,,,1,용도지역코드,1022,제2종일반주거지역,1,0,,제2종일반주거지역,20221008
경상남도 양산시 평산동 328번지,48330,11900,0,0328,0000,1264100028432,,,,1,용도지역코드,UQA122,제2종일반주거지역,1,0,,제2종일반주거지역,20221008
경상남도 양산시 평산동 330번지,48330,11900,0,0330,0000,1264100051209,,,,1,용도지역코드,UQA123,제3종일반주거지역,1,0,,제3종일반주거지역,20221008
경상남도 양산시 평산동 330번지,48330,11900,0,0330,0000,1264100051209,,,,2,용도지구코드,UQG130,일반미관지구,1,0,,일반미관지구,20221008
경상남도 양산시 평산동 330번지,48330,11900,0,0330,0000,1264100043885,,,,1,용도지역코드,UQA123,제3종일반주거지역,1,0,,제3종일반주거지역,20221008
경상남도 양산시 평산동 330번지,48330,11900,0,0330,0000,1264100043885,,,,2,용도지구코드,UQG130,일반미관지구,1,0,,일반미관지구,20221008
경상남도 양산시 평산동 330-3번지,48330,11900,0,0330,0003,1264100044005,,,,1,용도지역코드,UQA123,제3종일반주거지역,1,0,,제3종일반주거지역,20221008
경상남도 양산시 평산동 330-3번지,48330,11900,0,0330,0003,1264100044005,,,,2,용도지구코드,UQG130,일반미관지구,1,0,,일반미관지구,20221008
경상남도 양산시 평산동 333-1번지,48330,11900,0,0333,0001,12643502,,,,1,용도지역코드,1012,제2종전용주거지역,1,0,,제2종 전용주거지역,20221008
경상남도 양산시 평산동 334-4번지,48330,11900,0,0334,0004,1264100012771,,,,1,용도지역코드,UQA122,제2종일반주거지역,1,0,,제2종일반주거지역,20221008
경상남도 양산시 평산동 334-4번지,48330,11900,0,0334,0004,1264100012771,,,,3,용도구역코드,UOA120,상대보호구역,1,0,,상대정화구역,20221008
경상남도 양산시 평산동 335-2번지,48330,11900,0,0335,0002,1264100090041,,,,1,용도지역코드,UQA122,제2종일반주거지역,1,0,,제2종일반주거지역,20221008
경상남도 양산시 평산동 335-2번지,48330,11900,0,0335,0002,1264100090041,,,,2,용도지구코드,UQG130,일반미관지구,1,0,,일반미관지구,20221008
경상남도 양산시 평산동 336번지,48330,11900,0,0336,0000,1264100022566,,,,1,용도지역코드,UQA123,제3종일반주거지역,1,0,,제3종일반주거지역,20221008
경상남도 양산시 평산동 337-1번지,48330,11900,0,0337,0001,1264100004965,,,,1,용도지역코드,1022,제2종일반주거지역,1,0,,제2종일반주거지역,20221008
경상남도 양산시 평산동 337-3번지,48330,11900,0,0337,0003,1264100097606,,,,1,용도지역코드,UQA122,제2종일반주거지역,1,0,,제2종일반주거지역,20221008
경상남도 양산시 평산동 337-5번지,48330,11900,0,0337,0005,1264100067280,,,,1,용도지역코드,UQA122,제2종일반주거지역,1,0,,제2종일반주거지역,20221008
경상남도 양산시 평산동 337-6번지,48330,11900,0,0337,0006,12645245,,,,1,용도지역코드,1022,제2종일반주거지역,1,0,,제2종일반주거지역,20221008
경상남도 양산시 평산동 337-7번지,48330,11900,0,0337,0007,12645248,,,,1,용도지역코드,1022,제2종일반주거지역,1,0,,제2종일반주거지역,20221008
경상남도 양산시 평산동 337-17번지,48330,11900,0,0337,0017,1264100097687,,,,1,용도지역코드,UQA123,제3종일반주거지역,1,0,,제3종일반주거지역,20221008
경상남도 양산시 평산동 337-20번지,48330,11900,0,0337,0020,1264100092344,,,,1,용도지역코드,UQA122,제2종일반주거지역,1,0,,제2종일반주거지역,20221008
경상남도 양산시 평산동 337-20번지,48330,11900,0,0337,0020,1264100092344,,,,2,용도지구코드,UQG130,일반미관지구,1,0,,일반미관지구,20221008
경상남도 양산시 평산동 337-22번지,48330,11900,0,0337,0022,1264100062880,,,,1,용도지역코드,UQA122,제2종일반주거지역,1,0,,제2종일반주거지역,20221008
경상남도 양산시 평산동 337-22번지,48330,11900,0,0337,0022,1264100062880,,,,2,용도지구코드,UQG130,일반미관지구,1,0,,일반미관지구,20221008
경상남도 양산시 평산동 337-25번지,48330,11900,0,0337,0025,1264100071099,,,,1,용도지역코드,UQA122,제2종일반주거지역,1,0,,제2종일반주거지역,20221008
경상남도 양산시 평산동 340-1번지,48330,11900,0,0340,0001,1264100055728,,,,1,용도지역코드,UQA123,제3종일반주거지역,1,0,,제3종일반주거지역,20221008
경상남도 양산시 평산동 340-5번지,48330,11900,0,0340,0005,1264100064520,,,,1,용도지역코드,UQA122,제2종일반주거지역,1,0,,제2종일반주거지역,20221008
경상남도 양산시 평산동 340-5번지,48330,11900,0,0340,0005,1264100064520,,,,3,용도구역코드,UOA120,상대보호구역,1,0,,상대정화구역,20221008
경상남도 양산시 평산동 340-6번지,48330,11900,0,0340,0006,1264100145189,,,,1,용도지역코드,UQA122,제2종일반주거지역,1,0,,제2종일반주거지역,20221008
경상남도 양산시 평산동 340-6번지,48330,11900,0,0340,0006,1264100145189,,,,3,용도구역코드,UOA120,상대보호구역,1,0,,상대보호구역,20221008
경상남도 양산시 평산동 340-7번지,48330,11900,0,0340,0007,1264100112036,,,,1,용도지역코드,UQA122,제2종일반주거지역,1,0,,제2종일반주거지역,20221008
경상남도 양산시 평산동 340-7번지,48330,11900,0,0340,0007,1264100112036,,,,3,용도구역코드,UOA120,상대보호구역,1,0,,상대정화구역,20221008
경상남도 양산시 평산동 340-8번지,48330,11900,0,0340,0008,1264100010304,,,,1,용도지역코드,1022,제2종일반주거지역,1,0,,제2종일반주거지역,20221008
경상남도 양산시 평산동 340-8번지,48330,11900,0,0340,0008,1264100155370,,,,1,용도지역코드,UQA122,제2종일반주거지역,1,0,,제2종일반주거지역,20221008
경상남도 양산시 평산동 340-8번지,48330,11900,0,0340,0008,1264100155370,,,,3,용도구역코드,UOA120,상대보호구역,1,0,,상대보호구역,20221008
경상남도 양산시 평산동 341번지,48330,11900,0,0341,0000,1264100071900,,,,1,용도지역코드,UQA123,제3종일반주거지역,1,0,,제3종일반주거지역,20221008
경상남도 양산시 평산동 341번지,48330,11900,0,0341,0000,1264100071900,,,,2,용도지구코드,UQG130,일반미관지구,1,0,,일반미관지구,20221008
경상남도 양산시 평산동 341번지,48330,11900,0,0341,0000,1264764,,,,1,용도지역코드,0800,경지지역,1,0,,경지지역,20221008
경상남도 양산시 평산동 341번지,48330,11900,0,0341,0000,1264764,,,,1,용도지역코드,0700,취락지역,0,0,,취락지역,20221008
경상남도 양산시 평산동 341-4번지,48330,11900,0,0341,0004,1264100085981,,,,1,용도지역코드,UQA123,제3종일반주거지역,1,0,,제3종일반주거지역,20221008
경상남도 양산시 평산동 348번지,48330,11900,0,0348,0000,1000000000000000588372,,,,3,용도구역코드,UQQ300,지구단위계획구역,0,0,,지구단위계획구역,20250725
경상남도 양산시 평산동 348번지,48330,11900,0,0348,0000,1000000000000000588372,,,,3,용도구역코드,UOA120,상대보호구역,1,0,,상대보호구역,20250725
경상남도 양산시 평산동 348번지,48330,11900,0,0348,0000,1000000000000000588372,,,,1,용도지역코드,UQA122,제2종일반주거지역,1,0,,제2종일반주거지역,20250725
경상남도 양산시 평산동 348번지,48330,11900,0,0348,0000,1000000000000000588372,,,,3,용도구역코드,UOA110,절대정화구역,0,0,,절대보호구역,20250725
경상남도 양산시 평산동 349-1번지,48330,11900,0,0349,0001,12643595,경상남도 양산시 웅상읍 평산리,349,1,1,용도지역코드,1020,일반주거지역,1,0,,일반주거지역,20221008
경상남도 양산시 평산동 349-4번지,48330,11900,0,0349,0004,12643074,,,,1,용도지역코드,1020,일반주거지역,1,0,,일반주거지역,20221008
경상남도 양산시 평산동 352-7번지,48330,11900,0,0352,0007,1264100010250,,,,1,용도지역코드,1022,제2종일반주거지역,1,0,,제2종일반주거지역,20221008
경상남도 양산시 평산동 352-7번지,48330,11900,0,0352,0007,1264100010250,,,,3,용도구역코드,301,제1종지구단위계획구역,1,0,,제1종지구단위계획구역,20221008
경상남도 양산시 평산동 352-18번지,48330,11900,0,0352,0018,1264100093024,,,,1,용도지역코드,UQA122,제2종일반주거지역,1,0,,제2종일반주거지역,20221008
경상남도 양산시 평산동 361번지,48330,11900,0,0361,0000,1264100058031,,,,1,용도지역코드,UQA121,제1종일반주거지역,1,0,,제1종일반주거지역,20221008
경상남도 양산시 평산동 361번지,48330,11900,0,0361,0000,1264100058031,,,,3,용도구역코드,UOA120,상대보호구역,1,0,,상대정화구역,20221008
경상남도 양산시 평산동 364번지,48330,11900,0,0364,0000,1264100006285,,,,1,용도지역코드,1022,제2종일반주거지역,1,0,,제2종일반주거지역,20221008
경상남도 양산시 평산동 364번지,48330,11900,0,0364,0000,1264100006285,,,,3,용도구역코드,301,제1종지구단위계획구역,1,0,,제1종지구단위계획구역,20221008
경상남도 양산시 평산동 367-3번지,48330,11900,0,0367,0003,1264100003944,,,,1,용도지역코드,1021,제1종일반주거지역,1,0,,제1종일반주거지역,20221008
경상남도 양산시 평산동 367-5번지,48330,11900,0,0367,0005,1264337,,,,1,용도지역코드,0800,경지지역,1,0,,경지지역,20221008
경상남도 양산시 평산동 367-5번지,48330,11900,0,0367,0005,1264337,,,,1,용도지역코드,0700,취락지역,0,0,,취락지역,20221008
경상남도 양산시 평산동 367-5번지,48330,11900,0,0367,0005,1264339,,,,1,용도지역코드,0800,경지지역,1,0,,경지지역,20221008
경상남도 양산시 평산동 367-5번지,48330,11900,0,0367,0005,1264339,,,,1,용도지역코드,0700,취락지역,0,0,,취락지역,20221008
경상남도 양산시 평산동 367-6번지,48330,11900,0,0367,0006,1264100016182,,,,1,용도지역코드,1022,제2종일반주거지역,1,0,,제2종일반주거지역,20221008
경상남도 양산시 평산동 367-6번지,48330,11900,0,0367,0006,1264100016182,,,,3,용도구역코드,271,절대정화구역,1,0,,절대정화구역,20221008
경상남도 양산시 평산동 367-13번지,48330,11900,0,0367,0013,12644809,,,,1,용도지역코드,1022,제2종일반주거지역,1,0,,제2종일반주거지역,20221008
경상남도 양산시 평산동 367-13번지,48330,11900,0,0367,0013,12645090,,,,1,용도지역코드,1022,제2종일반주거지역,1,0,,제2종일반주거지역,20221008
경상남도 양산시 평산동 367-15번지,48330,11900,0,0367,0015,12649171,,,,1,용도지역코드,1021,제1종일반주거지역,1,0,,제1종일반주거지역,20221008
경상남도 양산시 평산동 374번지,48330,11900,0,0374,0000,12649246,,,,1,용도지역코드,1021,제1종일반주거지역,1,0,,제1종일반주거지역,20221008
경상남도 양산시 평산동 375번지,48330,11900,0,0375,0000,1264100129464,,,,1,용도지역코드,UQA121,제1종일반주거지역,1,0,,제1종일반주거지역,20221008
경상남도 양산시 평산동 375번지,48330,11900,0,0375,0000,1264100129464,,,,2,용도지구코드,UQF132,시가지경관지구(일반),1,0,,시가지경관지구(일반),20221008
경상남도 양산시 평산동 375번지,48330,11900,0,0375,0000,1264100129464,,,,3,용도구역코드,UOA120,상대보호구역,1,0,,상대보호구역,20221008
경상남도 양산시 평산동 390번지,48330,11900,0,0390,0000,12646217,,,,1,용도지역코드,1021,제1종일반주거지역,1,0,,제1종일반주거지역,20221008
경상남도 양산시 평산동 421번지,48330,11900,0,0421,0000,12642327,,,,1,용도지역코드,1020,일반주거지역,1,0,,일반주거지역,20221008
경상남도 양산시 평산동 428번지,48330,11900,0,0428,0000,1264100025894,,,,1,용도지역코드,UQA121,제1종일반주거지역,1,0,,제1종일반주거지역,20221008
경상남도 양산시 평산동 428번지,48330,11900,0,0428,0000,1264100040195,,,,1,용도지역코드,UQA121,제1종일반주거지역,1,0,,제1종일반주거지역,20221008
경상남도 양산시 평산동 428번지,48330,11900,0,0428,0000,12649125,,,,1,용도지역코드,1021,제1종일반주거지역,1,0,,제1종일반주거지역,20221008
경상남도 양산시 평산동 430번지,48330,11900,0,0430,0000,1264100026910,,,,1,용도지역코드,UQA121,제1종일반주거지역,1,0,,제1종일반주거지역,20221008
경상남도 양산시 평산동 431번지,48330,11900,0,0431,0000,1264100147613,,,,1,용도지역코드,UQA121,제1종일반주거지역,1,0,,제1종일반주거지역,20221008
경상남도 양산시 평산동 431번지,48330,11900,0,0431,0000,1264100147613,,,,2,용도지구코드,UQF132,시가지경관지구(일반),1,0,,시가지경관지구(일반),20221008
경상남도 양산시 평산동 431번지,48330,11900,0,0431,0000,1264100147613,,,,3,용도구역코드,UOA120,상대보호구역,1,0,,상대보호구역,20221008
경상남도 양산시 평산동 433번지,48330,11900,0,0433,0000,1264100038472,,,,1,용도지역코드,UQA121,제1종일반주거지역,1,0,,제1종일반주거지역,20221008
경상남도 양산시 평산동 433번지,48330,11900,0,0433,0000,1264100038472,,,,3,용도구역코드,UOA120,상대보호구역,1,0,,상대정화구역,20221008
경상남도 양산시 평산동 438번지,48330,11900,0,0438,0000,1264100057950,,,,1,용도지역코드,UQA122,제2종일반주거지역,1,0,,제2종일반주거지역,20221008
경상남도 양산시 평산동 438번지,48330,11900,0,0438,0000,1264100057950,,,,2,용도지구코드,UQG130,일반미관지구,1,0,,일반미관지구,20221008
경상남도 양산시 평산동 438번지,48330,11900,0,0438,0000,1264100057950,,,,3,용도구역코드,UOA120,상대보호구역,1,0,,상대정화구역,20221008
경상남도 양산시 평산동 438번지,48330,11900,0,0438,0000,1264100057950,,,,3,용도구역코드,UOA110,절대정화구역,0,0,,절대정화구역,20221008
경상남도 양산시 평산동 442-1번지,48330,11900,0,0442,0001,1264100052807,,,,1,용도지역코드,UQA123,제3종일반주거지역,1,0,,제3종일반주거지역,20221008
경상남도 양산시 평산동 442-1번지,48330,11900,0,0442,0001,1264100052807,,,,2,용도지구코드,UQG130,일반미관지구,1,0,,일반미관지구,20221008
경상남도 양산시 평산동 442-1번지,48330,11900,0,0442,0001,1264100052807,,,,3,용도구역코드,UOA120,상대보호구역,1,0,,상대정화구역,20221008
경상남도 양산시 평산동 443-1번지,48330,11900,0,0443,0001,12645773,,,,1,용도지역코드,1022,제2종일반주거지역,1,0,,제2종일반주거지역,20221008
경상남도 양산시 평산동 445번지,48330,11900,0,0445,0000,1264100016936,,,,1,용도지역코드,1022,제2종일반주거지역,1,0,,제2종일반주거지역,20221008
경상남도 양산시 평산동 452번지,48330,11900,0,0452,0000,126471,,,,1,용도지역코드,0800,경지지역,1,0,,경지지역,20221008
경상남도 양산시 평산동 452번지,48330,11900,0,0452,0000,126464,,,,1,용도지역코드,0800,경지지역,1,0,,경지지역,20221008
경상남도 양산시 평산동 452번지,48330,11900,0,0452,0000,126465,,,,1,용도지역코드,0800,경지지역,1,0,,경지지역,20221008
경상남도 양산시 평산동 453번지,48330,11900,0,0453,0000,12647073,,,,1,용도지역코드,1021,제1종일반주거지역,1,0,,제1종일반주거지역,20221008
경상남도 양산시 평산동 453번지,48330,11900,0,0453,0000,1264100030401,,,,1,용도지역코드,UQA121,제1종일반주거지역,1,0,,제1종일반주거지역,20221008
경상남도 양산시 평산동 453-3번지,48330,11900,0,0453,0003,1264100075640,,,,1,용도지역코드,UQA121,제1종일반주거지역,1,0,,제1종일반주거지역,20221008
경상남도 양산시 평산동 453-3번지,48330,11900,0,0453,0003,1264100082179,,,,1,용도지역코드,UQA121,제1종일반주거지역,1,0,,제1종일반주거지역,20221008
경상남도 양산시 평산동 455-1번지,48330,11900,0,0455,0001,1264100097686,,,,1,용도지역코드,UQA121,제1종일반주거지역,1,0,,제1종일반주거지역,20221008
경상남도 양산시 평산동 455-1번지,48330,11900,0,0455,0001,1264100097686,,,,2,용도지구코드,UQG130,일반미관지구,1,0,,일반미관지구,20221008
경상남도 양산시 평산동 455-1번지,48330,11900,0,0455,0001,1264100097686,,,,3,용도구역코드,UOA120,상대보호구역,1,0,,상대정화구역,20221008
경상남도 양산시 평산동 457번지,48330,11900,0,0457,0000,1264100014594,,,,1,용도지역코드,1021,제1종일반주거지역,1,0,,제1종일반주거지역,20221008
경상남도 양산시 평산동 457번지,48330,11900,0,0457,0000,1264100014594,,,,3,용도구역코드,272,상대정화구역,1,0,,상대정화구역,20221008
경상남도 양산시 평산동 467번지,48330,11900,0,0467,0000,1264100005887,,,,1,용도지역코드,1022,제2종일반주거지역,1,0,,제2종일반주거지역,20221008
경상남도 양산시 평산동 468번지,48330,11900,0,0468,0000,1264293,,,,1,용도지역코드,0700,취락지역,1,0,,취락지역,20221008
경상남도 양산시 평산동 470번지,48330,11900,0,0470,0000,1264100037993,,,,1,용도지역코드,UQA122,제2종일반주거지역,1,0,,제2종일반주거지역,20221008
경상남도 양산시 평산동 475번지,48330,11900,0,0475,0000,1000000000000000122224,,,,2,용도지구코드,UQF130,시가지경관지구,1,0,,시가지경관지구,20230602
경상남도 양산시 평산동 475번지,48330,11900,0,0475,0000,1000000000000000122224,,,,1,용도지역코드,UQA122,제2종일반주거지역,1,0,,제2종일반주거지역,20230602
경상남도 양산시 평산동 475번지,48330,11900,0,0475,0000,1000000000000000122224,,,,3,용도구역코드,UMZ100,가축사육제한구역,0,0,,가축사육제한구역,20230602
경상남도 양산시 평산동 475번지,48330,11900,0,0475,0000,1000000000000000122224,,,,3,용도구역코드,UOA120,상대보호구역,1,0,,상대보호구역,20230602
경상남도 양산시 평산동 475번지,48330,11900,0,0475,0000,1000000000000000484009,,,,3,용도구역코드,UMZ100,가축사육제한구역,1,0,,가축사육제한구역,20240326
경상남도 양산시 평산동 475번지,48330,11900,0,0475,0000,1000000000000000484009,,,,2,용도지구코드,UQF132,시가지경관지구(일반),1,0,,시가지경관지구(일반),20240326
경상남도 양산시 평산동 475번지,48330,11900,0,0475,0000,1000000000000000484009,,,,1,용도지역코드,UQA122,제2종일반주거지역,1,0,,제2종일반주거지역,20240326
경상남도 양산시 평산동 475번지,48330,11900,0,0475,0000,1000000000000000484009,,,,3,용도구역코드,UOA120,상대보호구역,0,0,,상대보호구역,20240326
경상남도 양산시 평산동 475번지,48330,11900,0,0475,0000,1264100036717,,,,1,용도지역코드,UQA122,제2종일반주거지역,1,0,,제2종일반주거지역,20221008
경상남도 양산시 평산동 475번지,48330,11900,0,0475,0000,1264100036717,,,,3,용도구역코드,UOA120,상대보호구역,1,0,,상대정화구역,20221008
경상남도 양산시 평산동 477번지,48330,11900,0,0477,0000,1264100050510,,,,1,용도지역코드,UQA121,제1종일반주거지역,1,0,,제1종일반주거지역,20221008
경상남도 양산시 평산동 477번지,48330,11900,0,0477,0000,1264100050510,,,,2,용도지구코드,UQG130,일반미관지구,1,0,,일반미관지구,20221008
경상남도 양산시 평산동 481번지,48330,11900,0,0481,0000,12646198,,,,1,용도지역코드,1022,제2종일반주거지역,1,0,,제2종일반주거지역,20221008
경상남도 양산시 평산동 482번지,48330,11900,0,0482,0000,12645356,경상남도 양산시 웅상읍 평산리,482,,1,용도지역코드,1022,제2종일반주거지역,1,0,,제2종일반주거지역,20221008
경상남도 양산시 평산동 484-17번지,48330,11900,0,0484,0017,12645751,,,,1,용도지역코드,1021,제1종일반주거지역,1,0,,제1종일반주거지역,20221008
경상남도 양산시 평산동 484-17번지,48330,11900,0,0484,0017,12645751,,,,2,용도지구코드,160,택지개발지구,1,0,,택지개발지구,20221008
경상남도 양산시 평산동 484-17번지,48330,11900,0,0484,0017,12645751,,,,3,용도구역코드,301,제1종지구단위계획구역,1,0,,제1종지구단위계획구역,20221008
경상남도 양산시 평산동 485번지,48330,11900,0,0485,0000,1264100045708,,,,1,용도지역코드,UQA121,제1종일반주거지역,1,0,,제1종일반주거지역,20221008
경상남도 양산시 평산동 485번지,48330,11900,0,0485,0000,1264100045708,,,,2,용도지구코드,UQG130,일반미관지구,1,0,,일반미관지구,20221008
경상남도 양산시 평산동 485-7번지,48330,11900,0,0485,0007,12642121,,,,1,용도지역코드,1020,일반주거지역,1,0,,일반주거지역,20221008
경상남도 양산시 평산동 485-10번지,48330,11900,0,0485,0010,12642128,,,,1,용도지역코드,1020,일반주거지역,1,0,,일반주거지역,20221008
경상남도 양산시 평산동 486-2번지,48330,11900,0,0486,0002,1000000000000000163222,,,,1,용도지역코드,UQA122,제2종일반주거지역,1,0,,제2종일반주거지역,20230530
경상남도 양산시 평산동 486-2번지,48330,11900,0,0486,0002,1000000000000000163222,,,,2,용도지구코드,UQF132,시가지경관지구(일반),1,0,,시가지경관지구(일반),20230530
경상남도 양산시 평산동 486-2번지,48330,11900,0,0486,0002,1000000000000000163222,,,,3,용도구역코드,UOA120,상대보호구역,1,0,,상대보호구역,20230530
경상남도 양산시 평산동 486-2번지,48330,11900,0,0486,0002,1000000000000000163222,,,,3,용도구역코드,UMZ100,가축사육제한구역,0,0,,가축사육제한구역,20230530
경상남도 양산시 평산동 486-2번지,48330,11900,0,0486,0002,1264100036938,,,,1,용도지역코드,UQA122,제2종일반주거지역,1,0,,제2종일반주거지역,20221008
경상남도 양산시 평산동 486-2번지,48330,11900,0,0486,0002,1264100036938,,,,3,용도구역코드,UOA120,상대보호구역,1,0,,상대정화구역,20221008
경상남도 양산시 평산동 486-3번지,48330,11900,0,0486,0003,1264100039312,,,,1,용도지역코드,UQA121,제1종일반주거지역,1,0,,제1종일반주거지역,20221008
경상남도 양산시 평산동 486-3번지,48330,11900,0,0486,0003,1264100017394,,,,1,용도지역코드,1021,제1종일반주거지역,1,0,,제1종일반주거지역,20221008
경상남도 양산시 평산동 486-3번지,48330,11900,0,0486,0003,1264100017394,,,,3,용도구역코드,272,상대정화구역,0,0,,상대정화구역,20221008
경상남도 양산시 평산동 486-3번지,48330,11900,0,0486,0003,1264100017394,,,,3,용도구역코드,271,절대정화구역,0,0,,절대정화구역,20221008
경상남도 양산시 평산동 486-3번지,48330,11900,0,0486,0003,1264100017395,,,,1,용도지역코드,1021,제1종일반주거지역,1,0,,제1종일반주거지역,20221008
경상남도 양산시 평산동 486-3번지,48330,11900,0,0486,0003,1264100017395,,,,3,용도구역코드,272,상대정화구역,0,0,,상대정화구역,20221008
경상남도 양산시 평산동 486-3번지,48330,11900,0,0486,0003,1264100017395,,,,3,용도구역코드,271,절대정화구역,0,0,,절대정화구역,20221008
경상남도 양산시 평산동 486-4번지,48330,11900,0,0486,0004,1264100076780,,,,1,용도지역코드,UQA121,제1종일반주거지역,1,0,,제1종일반주거지역,20221008
경상남도 양산시 평산동 486-4번지,48330,11900,0,0486,0004,1264100076780,,,,2,용도지구코드,UQG130,일반미관지구,1,0,,일반미관지구,20221008
경상남도 양산시 평산동 490번지,48330,11900,0,0490,0000,1264100130565,,,,1,용도지역코드,UQA121,제1종일반주거지역,1,0,,제1종일반주거지역,20221008
경상남도 양산시 평산동 492번지,48330,11900,0,0492,0000,1264100010630,,,,1,용도지역코드,1021,제1종일반주거지역,1,0,,제1종일반주거지역,20221008
경상남도 양산시 평산동 494번지,48330,11900,0,0494,0000,1264100075320,,,,1,용도지역코드,UQA121,제1종일반주거지역,1,0,,제1종일반주거지역,20221008
경상남도 양산시 평산동 494번지,48330,11900,0,0494,0000,1264100108456,,,,1,용도지역코드,UQA121,제1종일반주거지역,1,0,,제1종일반주거지역,20221008
경상남도 양산시 평산동 494번지,48330,11900,0,0494,0000,1264100092783,,,,1,용도지역코드,UQA121,제1종일반주거지역,1,0,,제1종일반주거지역,20221008
경상남도 양산시 평산동 494-7번지,48330,11900,0,0494,0007,1264100075319,,,,1,용도지역코드,UQA121,제1종일반주거지역,1,0,,제1종일반주거지역,20221008
경상남도 양산시 평산동 495-2번지,48330,11900,0,0495,0002,1264100012592,,,,1,용도지역코드,1021,제1종일반주거지역,1,0,,제1종일반주거지역,20221008
경상남도 양산시 평산동 495-2번지,48330,11900,0,0495,0002,1264100012592,,,,3,용도구역코드,272,상대정화구역,1,0,,상대정화구역,20221008
경상남도 양산시 평산동 496-3번지,48330,11900,0,0496,0003,1264100020937,,,,1,용도지역코드,1023,제3종일반주거지역,1,0,,제3종일반주거지역,20221008
경상남도 양산시 평산동 497번지,48330,11900,0,0497,0000,1264100126841,,,,1,용도지역코드,UQA123,제3종일반주거지역,1,0,,제3종일반주거지역,20221008
경상남도 양산시 평산동 497번지,48330,11900,0,0497,0000,1264100034348,,,,1,용도지역코드,UQA123,제3종일반주거지역,1,0,,제3종일반주거지역,20221008
경상남도 양산시 평산동 497번지,48330,11900,0,0497,0000,1264100028370,,,,1,용도지역코드,UQA123,제3종일반주거지역,1,0,,제3종일반주거지역,20221008
경상남도 양산시 평산동 497번지,48330,11900,0,0497,0000,12643414,,,,1,용도지역코드,1020,일반주거지역,1,0,,일반주거지역,20221008
경상남도 양산시 평산동 498번지,48330,11900,0,0498,0000,1264100073760,,,,1,용도지역코드,UQA123,제3종일반주거지역,1,0,,제3종일반주거지역,20221008
경상남도 양산시 평산동 498-1번지,48330,11900,0,0498,0001,1264100013593,,,,1,용도지역코드,1023,제3종일반주거지역,1,0,,제3종일반주거지역,20221008
경상남도 양산시 평산동 498-1번지,48330,11900,0,0498,0001,1264100013593,,,,3,용도구역코드,272,상대정화구역,1,0,,상대정화구역,20221008
경상남도 양산시 평산동 504번지,48330,11900,0,0504,0000,1000000000000000240696,,,,1,용도지역코드,UQA123,제3종일반주거지역,1,0,,제3종일반주거지역,20230303
경상남도 양산시 평산동 506-1번지,48330,11900,0,0506,0001,12645740,,,,1,용도지역코드,1022,제2종일반주거지역,1,0,,제2종일반주거지역,20221008
경상남도 양산시 평산동 506-5번지,48330,11900,0,0506,0005,1264100074063,,,,1,용도지역코드,UQA121,제1종일반주거지역,1,0,,제1종일반주거지역,20221008
경상남도 양산시 평산동 506-7번지,48330,11900,0,0506,0007,1264100074061,,,,1,용도지역코드,UQA121,제1종일반주거지역,1,0,,제1종일반주거지역,20221008
경상남도 양산시 평산동 506-8번지,48330,11900,0,0506,0008,1264100074060,,,,1,용도지역코드,UQA121,제1종일반주거지역,1,0,,제1종일반주거지역,20221008
경상남도 양산시 평산동 507번지,48330,11900,0,0507,0000,1264100074059,,,,1,용도지역코드,UQA121,제1종일반주거지역,1,0,,제1종일반주거지역,20221008
경상남도 양산시 평산동 508-5번지,48330,11900,0,0508,0005,1264100142446,,,,1,용도지역코드,UQA123,제3종일반주거지역,1,0,,제3종일반주거지역,20221111
경상남도 양산시 평산동 509번지,48330,11900,0,0509,0000,1264100132763,,,,1,용도지역코드,UQA123,제3종일반주거지역,1,0,,제3종일반주거지역,20221008
경상남도 양산시 평산동 513번지,48330,11900,0,0513,0000,1264100007205,,,,1,용도지역코드,1023,제3종일반주거지역,1,0,,제3종일반주거지역,20221008
경상남도 양산시 평산동 513번지,48330,11900,0,0513,0000,1264100006806,,,,1,용도지역코드,1022,제2종일반주거지역,1,0,,제2종일반주거지역,20221008
경상남도 양산시 평산동 513번지,48330,11900,0,0513,0000,1264100006806,,,,1,용도지역코드,1023,제3종일반주거지역,0,0,,제3종일반주거지역,20221008
경상남도 양산시 평산동 513-1번지,48330,11900,0,0513,0001,1264100016674,,,,1,용도지역코드,1021,제1종일반주거지역,1,0,,제1종일반주거지역,20221008
경상남도 양산시 평산동 513-1번지,48330,11900,0,0513,0001,1264100016674,,,,3,용도구역코드,272,상대정화구역,1,0,,상대정화구역,20221008
경상남도 양산시 평산동 514번지,48330,11900,0,0514,0000,1000000000000000947049,,,,1,용도지역코드,UQA122,제2종일반주거지역,1,0,,제2종일반주거지역,20260511
경상남도 양산시 평산동 525-2번지,48330,11900,0,0525,0002,1000000000000000076982,,,,1,용도지역코드,UQA121,제1종일반주거지역,1,0,,제1종일반주거지역,20221021
경상남도 양산시 평산동 525-2번지,48330,11900,0,0525,0002,1000000000000000076982,,,,2,용도지구코드,UQF132,시가지경관지구(일반),1,0,,시가지경관지구(일반),20221021
경상남도 양산시 평산동 527-1번지,48330,11900,0,0527,0001,12643738,,527,5,1,용도지역코드,1020,일반주거지역,1,0,,일반주거지역,20221008
경상남도 양산시 평산동 527-8번지,48330,11900,0,0527,0008,1264100109617,,,,1,용도지역코드,UQA122,제2종일반주거지역,1,0,,제2종일반주거지역,20221008
경상남도 양산시 평산동 527-8번지,48330,11900,0,0527,0008,1264100109617,,,,3,용도구역코드,UMZ100,가축사육제한구역,1,0,,가축사육제한구역,20221008
경상남도 양산시 평산동 527-8번지,48330,11900,0,0527,0008,1264100011510,,,,1,용도지역코드,1022,제2종일반주거지역,1,0,,제2종일반주거지역,20221008
경상남도 양산시 평산동 530번지,48330,11900,0,0530,0000,1264100033065,,,,1,용도지역코드,UQA122,제2종일반주거지역,1,0,,제2종일반주거지역,20221008
경상남도 양산시 평산동 530-8번지,48330,11900,0,0530,0008,1000000000000000379395,,,,1,용도지역코드,UQA123,제3종일반주거지역,1,0,,제3종일반주거지역,20230925
경상남도 양산시 평산동 530-8번지,48330,11900,0,0530,0008,12646966,,,,1,용도지역코드,1023,제3종일반주거지역,1,0,,제3종일반주거지역,20221008
경상남도 양산시 평산동 530-8번지,48330,11900,0,0530,0008,12642780,,,,1,용도지역코드,1020,일반주거지역,1,0,,일반주거지역,20221008
경상남도 양산시 평산동 530-17번지,48330,11900,0,0530,0017,12645266,,,,1,용도지역코드,1022,제2종일반주거지역,1,0,,제2종일반주거지역,20221008
경상남도 양산시 평산동 530-19번지,48330,11900,0,0530,0019,12646047,,,,1,용도지역코드,1022,제2종일반주거지역,1,0,,제2종일반주거지역,20221008
경상남도 양산시 평산동 530-19번지,48330,11900,0,0530,0019,12645020,,,,1,용도지역코드,1022,제2종일반주거지역,1,0,,제2종일반주거지역,20221008
경상남도 양산시 평산동 530-19번지,48330,11900,0,0530,0019,1264100061640,,,,1,용도지역코드,UQA122,제2종일반주거지역,1,0,,제2종일반주거지역,20221008
경상남도 양산시 평산동 531-9번지,48330,11900,0,0531,0009,1264100108757,,,,1,용도지역코드,UQA122,제2종일반주거지역,1,0,,제2종일반주거지역,20221008
경상남도 양산시 평산동 531-9번지,48330,11900,0,0531,0009,1264100108757,,,,2,용도지구코드,UQG130,일반미관지구,1,0,,일반미관지구,20221008
경상남도 양산시 평산동 531-9번지,48330,11900,0,0531,0009,1264100087441,,,,1,용도지역코드,UQA122,제2종일반주거지역,1,0,,제2종일반주거지역,20221008
경상남도 양산시 평산동 531-9번지,48330,11900,0,0531,0009,1264100087441,,,,2,용도지구코드,UQG130,일반미관지구,1,0,,일반미관지구,20221008
경상남도 양산시 평산동 531-46번지,48330,11900,0,0531,0046,1000000000000000430595,,,,1,용도지역코드,UQA123,제3종일반주거지역,1,0,,제3종일반주거지역,20231215
경상남도 양산시 평산동 531-46번지,48330,11900,0,0531,0046,12645892,,,,1,용도지역코드,1022,제2종일반주거지역,1,0,,제2종일반주거지역,20221008
경상남도 양산시 평산동 531-46번지,48330,11900,0,0531,0046,1264100016637,,,,1,용도지역코드,1023,제3종일반주거지역,1,0,,제3종일반주거지역,20221008
경상남도 양산시 평산동 531-46번지,48330,11900,0,0531,0046,12649252,,,,1,용도지역코드,1023,제3종일반주거지역,1,0,,제3종일반주거지역,20221008
경상남도 양산시 평산동 531-60번지,48330,11900,0,0531,0060,12647780,,,,1,용도지역코드,1022,제2종일반주거지역,1,0,,제2종일반주거지역,20221008
경상남도 양산시 평산동 531-60번지,48330,11900,0,0531,0060,1264100009830,,,,1,용도지역코드,1022,제2종일반주거지역,1,0,,제2종일반주거지역,20221008
경상남도 양산시 평산동 532-3번지,48330,11900,0,0532,0003,12643561,,,,1,용도지역코드,1022,제2종일반주거지역,1,0,,제2종일반주거지역,20221008
경상남도 양산시 평산동 532-3번지,48330,11900,0,0532,0003,12643561,,,,1,용도지역코드,0100,도시지역,0,0,,도시지역,20221008
경상남도 양산시 평산동 534-1번지,48330,11900,0,0534,0001,1264100105053,,,,2,용도지구코드,UQG130,일반미관지구,1,0,,일반미관지구,20221008
경상남도 양산시 평산동 534-1번지,48330,11900,0,0534,0001,1264100105053,,,,1,용도지역코드,UQA121,제1종일반주거지역,1,0,,제1종일반주거지역,20221008
경상남도 양산시 평산동 534-1번지,48330,11900,0,0534,0001,1264100127181,,,,1,용도지역코드,UQA121,제1종일반주거지역,1,0,,제1종일반주거지역,20221008
경상남도 양산시 평산동 534-1번지,48330,11900,0,0534,0001,1264100127181,,,,2,용도지구코드,UQG130,일반미관지구,1,0,,일반미관지구,20221008
경상남도 양산시 평산동 540-3번지,48330,11900,0,0540,0003,1264100081202,,,,1,용도지역코드,UQA123,제3종일반주거지역,1,0,,제3종일반주거지역,20221008
경상남도 양산시 평산동 540-3번지,48330,11900,0,0540,0003,1264100019977,,,,1,용도지역코드,UQA123,제3종일반주거지역,1,0,,제3종일반주거지역,20221008
경상남도 양산시 평산동 540-3번지,48330,11900,0,0540,0003,1264100019977,,,,3,용도구역코드,UQQ900,개발행위허가제한지역,1,0,,개발행위허가제한지역,20221008
경상남도 양산시 평산동 540-3번지,48330,11900,0,0540,0003,1264100091881,,,,1,용도지역코드,UQA123,제3종일반주거지역,1,0,,제3종일반주거지역,20221008
경상남도 양산시 평산동 540-3번지,48330,11900,0,0540,0003,1264100109338,,,,1,용도지역코드,UQA123,제3종일반주거지역,1,0,,제3종일반주거지역,20221008
경상남도 양산시 평산동 540-3번지,48330,11900,0,0540,0003,1264100054373,,,,1,용도지역코드,UQA123,제3종일반주거지역,1,0,,제3종일반주거지역,20221008
경상남도 양산시 평산동 540-3번지,48330,11900,0,0540,0003,1264100042002,,,,1,용도지역코드,UQA123,제3종일반주거지역,1,0,,제3종일반주거지역,20221008
경상남도 양산시 평산동 540-3번지,48330,11900,0,0540,0003,1264100031576,,,,1,용도지역코드,UQA123,제3종일반주거지역,1,0,,제3종일반주거지역,20221008
경상남도 양산시 평산동 543번지,48330,11900,0,0543,0000,1264100115736,,,,1,용도지역코드,UQA121,제1종일반주거지역,1,0,,제1종일반주거지역,20221008
경상남도 양산시 평산동 543번지,48330,11900,0,0543,0000,1264100135145,,,,1,용도지역코드,UQA121,제1종일반주거지역,1,0,,제1종일반주거지역,20221008
경상남도 양산시 평산동 543번지,48330,11900,0,0543,0000,1264100135145,,,,3,용도구역코드,UMZ100,가축사육제한구역,1,0,,가축사육제한구역,20221008
경상남도 양산시 평산동 543번지,48330,11900,0,0543,0000,1264100100413,,,,1,용도지역코드,UQA121,제1종일반주거지역,1,0,,제1종일반주거지역,20221008
경상남도 양산시 평산동 546-2번지,48330,11900,0,0546,0002,12641905,,,,1,용도지역코드,1020,일반주거지역,1,0,,일반주거지역,20221008
경상남도 양산시 평산동 552번지,48330,11900,0,0552,0000,1264100153452,,,,1,용도지역코드,UQA123,제3종일반주거지역,1,0,,제3종일반주거지역,20221008
경상남도 양산시 평산동 552번지,48330,11900,0,0552,0000,1264100153452,,,,3,용도구역코드,UQQ300,지구단위계획구역,1,0,,지구단위계획구역,20221008
경상남도 양산시 평산동 553-3번지,48330,11900,0,0553,0003,1000000000000000489057,,,,1,용도지역코드,UQA123,제3종일반주거지역,1,0,,제3종일반주거지역,20240402
경상남도 양산시 평산동 553-3번지,48330,11900,0,0553,0003,1000000000000000489057,,,,3,용도구역코드,UMZ100,가축사육제한구역,1,0,,가축사육제한구역,20240402
경상남도 양산시 평산동 553-3번지,48330,11900,0,0553,0003,1264100093641,,,,1,용도지역코드,UQA123,제3종일반주거지역,1,0,,제3종일반주거지역,20221008
경상남도 양산시 평산동 553-3번지,48330,11900,0,0553,0003,1264100057049,,,,1,용도지역코드,UQA123,제3종일반주거지역,1,0,,제3종일반주거지역,20221008
경상남도 양산시 평산동 553-3번지,48330,11900,0,0553,0003,1264100050847,,,,1,용도지역코드,UQA123,제3종일반주거지역,1,0,,제3종일반주거지역,20221008
경상남도 양산시 평산동 553-3번지,48330,11900,0,0553,0003,1264100153136,,,,1,용도지역코드,UQA123,제3종일반주거지역,1,0,,제3종일반주거지역,20221008
경상남도 양산시 평산동 553-3번지,48330,11900,0,0553,0003,1264100153136,,,,3,용도구역코드,UMZ100,가축사육제한구역,1,0,,가축사육제한구역,20221008
경상남도 양산시 평산동 553-3번지,48330,11900,0,0553,0003,1264100154130,,,,3,용도구역코드,UMZ100,가축사육제한구역,1,0,,가축사육제한구역,20221130
경상남도 양산시 평산동 553-3번지,48330,11900,0,0553,0003,1264100154130,,,,1,용도지역코드,UQA123,제3종일반주거지역,1,0,,제3종일반주거지역,20221130
경상남도 양산시 평산동 554-10번지,48330,11900,0,0554,0010,1264100083461,,,,1,용도지역코드,UQA121,제1종일반주거지역,1,0,,제1종일반주거지역,20221008
경상남도 양산시 평산동 555번지,48330,11900,0,0555,0000,1264100018838,,,,1,용도지역코드,1021,제1종일반주거지역,1,0,,제1종일반주거지역,20221008
경상남도 양산시 평산동 555-3번지,48330,11900,0,0555,0003,1264100114778,,,,1,용도지역코드,UQA121,제1종일반주거지역,1,0,,제1종일반주거지역,20221008
경상남도 양산시 평산동 555-3번지,48330,11900,0,0555,0003,1264100116737,,,,1,용도지역코드,UQA121,제1종일반주거지역,1,0,,제1종일반주거지역,20221008
경상남도 양산시 평산동 556-1번지,48330,11900,0,0556,0001,1264920,"556-1, 556-36",,,1,용도지역코드,0800,경지지역,1,0,,경지지역,20221008
경상남도 양산시 평산동 556-1번지,48330,11900,0,0556,0001,12649076,,,,1,용도지역코드,UQA121,제1종일반주거지역,1,,,제1종일반주거지역,20251022
경상남도 양산시 평산동 556-1번지,48330,11900,0,0556,0001,1264234,,,,1,용도지역코드,0800,경지지역,1,0,,경지지역,20221008
경상남도 양산시 평산동 556-12번지,48330,11900,0,0556,0012,1000000000000000380521,,,,1,용도지역코드,UQA121,제1종일반주거지역,1,0,,제1종일반주거지역,20240318
경상남도 양산시 평산동 556-12번지,48330,11900,0,0556,0012,1000000000000000380521,,,,3,용도구역코드,UOA120,상대보호구역,1,0,,상대보호구역,20240318
경상남도 양산시 평산동 556-12번지,48330,11900,0,0556,0012,1000000000000000380521,,,,3,용도구역코드,UMZ100,가축사육제한구역,0,0,,가축사육제한구역,20240318
경상남도 양산시 평산동 556-14번지,48330,11900,0,0556,0014,1264100044686,,,,1,용도지역코드,UQA121,제1종일반주거지역,1,0,,제1종일반주거지역,20221008
경상남도 양산시 평산동 556-29번지,48330,11900,0,0556,0029,1000000000000000890301,,,,3,용도구역코드,UMZ100,가축사육제한구역,1,0,,가축사육제한구역,20260529
경상남도 양산시 평산동 556-29번지,48330,11900,0,0556,0029,1000000000000000890301,,,,1,용도지역코드,UQA121,제1종일반주거지역,1,0,,제1종일반주거지역,20260529
경상남도 양산시 평산동 556-33번지,48330,11900,0,0556,0033,12641204,,,,1,용도지역코드,1020,일반주거지역,1,0,,일반주거지역,20221008
경상남도 양산시 평산동 556-54번지,48330,11900,0,0556,0054,1264100076879,,,,1,용도지역코드,UQA121,제1종일반주거지역,1,0,,제1종일반주거지역,20221008
경상남도 양산시 평산동 556-54번지,48330,11900,0,0556,0054,1264100076879,,,,3,용도구역코드,UOA120,상대보호구역,1,0,,상대정화구역,20221008
경상남도 양산시 평산동 556-55번지,48330,11900,0,0556,0055,12648774,,,,1,용도지역코드,1021,제1종일반주거지역,1,0,,제1종일반주거지역,20221008
경상남도 양산시 평산동 556-68번지,48330,11900,0,0556,0068,1264100040364,,,,3,용도구역코드,UOA120,상대보호구역,1,0,,상대정화구역,20221008
경상남도 양산시 평산동 556-68번지,48330,11900,0,0556,0068,1264100040364,,,,1,용도지역코드,UQA121,제1종일반주거지역,1,0,,제1종일반주거지역,20221008
경상남도 양산시 평산동 558번지,48330,11900,0,0558,0000,1264100091041,,,,1,용도지역코드,UQA121,제1종일반주거지역,1,0,,제1종일반주거지역,20221008
경상남도 양산시 평산동 558번지,48330,11900,0,0558,0000,1264100091041,,,,2,용도지구코드,UQG130,일반미관지구,1,0,,일반미관지구,20221008
경상남도 양산시 평산동 558번지,48330,11900,0,0558,0000,1264100097548,,,,1,용도지역코드,UQA121,제1종일반주거지역,1,0,,제1종일반주거지역,20221008
경상남도 양산시 평산동 558번지,48330,11900,0,0558,0000,1264100097548,,,,2,용도지구코드,UQG130,일반미관지구,1,0,,일반미관지구,20221008
경상남도 양산시 평산동 558번지,48330,11900,0,0558,0000,12642939,,,,1,용도지역코드,1020,일반주거지역,1,0,,일반주거지역,20221008
경상남도 양산시 평산동 559번지,48330,11900,0,0559,0000,1264360,,,,1,용도지역코드,1021,제1종일반주거지역,1,0,,제1종일반주거지역,20221008
경상남도 양산시 평산동 559번지,48330,11900,0,0559,0000,1264360,,,,1,용도지역코드,1030,준주거지역,0,0,,준주거지역,20221008
경상남도 양산시 평산동 559-3번지,48330,11900,0,0559,0003,1264100029589,,,,1,용도지역코드,UQA123,제3종일반주거지역,1,0,,제3종일반주거지역,20221008
경상남도 양산시 평산동 559-3번지,48330,11900,0,0559,0003,1264100029589,,,,2,용도지구코드,UQO000,특정용도미분류,1,0,,특정용도미분류,20221008
경상남도 양산시 평산동 559-3번지,48330,11900,0,0559,0003,1264100029589,,,,3,용도구역코드,UOA110,절대정화구역,1,0,,절대정화구역,20221008
경상남도 양산시 평산동 559-4번지,48330,11900,0,0559,0004,1264100080379,,,,1,용도지역코드,UQA121,제1종일반주거지역,1,0,,제1종일반주거지역,20221008
경상남도 양산시 평산동 559-4번지,48330,11900,0,0559,0004,1264100080379,,,,2,용도지구코드,UQG130,일반미관지구,1,0,,일반미관지구,20221008
경상남도 양산시 평산동 559-5번지,48330,11900,0,0559,0005,1264100134524,,,,1,용도지역코드,UQA123,제3종일반주거지역,1,0,,제3종일반주거지역,20221008
경상남도 양산시 평산동 559-13번지,48330,11900,0,0559,0013,1264100108056,,,,1,용도지역코드,UQA121,제1종일반주거지역,1,0,,제1종일반주거지역,20221008
경상남도 양산시 평산동 559-13번지,48330,11900,0,0559,0013,1264100108056,,,,2,용도지구코드,UQG130,일반미관지구,1,0,,일반미관지구,20221008
경상남도 양산시 평산동 559-13번지,48330,11900,0,0559,0013,1264100099093,,,,1,용도지역코드,UQA121,제1종일반주거지역,1,0,,제1종일반주거지역,20221008
경상남도 양산시 평산동 559-13번지,48330,11900,0,0559,0013,1264100099093,,,,2,용도지구코드,UQG130,일반미관지구,1,0,,일반미관지구,20221008
경상남도 양산시 평산동 560번지,48330,11900,0,0560,0000,12645236,,,,1,용도지역코드,1022,제2종일반주거지역,1,0,,제2종일반주거지역,20221008
경상남도 양산시 평산동 560-1번지,48330,11900,0,0560,0001,12644685,,,,1,용도지역코드,1022,제2종일반주거지역,1,0,,제2종일반주거지역,20221008
경상남도 양산시 평산동 560-5번지,48330,11900,0,0560,0005,12642241,,,,1,용도지역코드,1020,일반주거지역,1,0,,일반주거지역,20221008
경상남도 양산시 평산동 562-4번지,48330,11900,0,0562,0004,12641815,경상남도 양산시 웅상읍 평산리,562,4,1,용도지역코드,1020,일반주거지역,1,0,,일반주거지역,20221008
경상남도 양산시 평산동 564-20번지,48330,11900,0,0564,0020,12642363,,,,1,용도지역코드,1020,일반주거지역,1,0,,일반주거지역,20221008
경상남도 양산시 평산동 564-25번지,48330,11900,0,0564,0025,1264100024872,,,,1,용도지역코드,UQA122,제2종일반주거지역,1,0,,제2종일반주거지역,20221008
경상남도 양산시 평산동 564-41번지,48330,11900,0,0564,0041,1264100044885,,,,1,용도지역코드,UQA121,제1종일반주거지역,1,0,,제1종일반주거지역,20221008
경상남도 양산시 평산동 564-41번지,48330,11900,0,0564,0041,1264100044885,,,,2,용도지구코드,UQG130,일반미관지구,1,0,,일반미관지구,20221008
경상남도 양산시 평산동 564-64번지,48330,11900,0,0564,0064,12646272,,,,1,용도지역코드,1022,제2종일반주거지역,1,0,,제2종일반주거지역,20221008
경상남도 양산시 평산동 564-64번지,48330,11900,0,0564,0064,12646272,,,,2,용도지구코드,990,기타지구,1,0,,기타지구,20221008
경상남도 양산시 평산동 564-64번지,48330,11900,0,0564,0064,12646272,,,,3,용도구역코드,980,용도구역미지정,1,0,,용도구역미지정,20221008
경상남도 양산시 평산동 564-71번지,48330,11900,0,0564,0071,1264100150774,,,,2,용도지구코드,UQF132,시가지경관지구(일반),1,0,,시가지경관지구(일반),20231204
경상남도 양산시 평산동 564-71번지,48330,11900,0,0564,0071,1264100150774,,,,1,용도지역코드,UQA122,제2종일반주거지역,1,0,,제2종일반주거지역,20231204
경상남도 양산시 평산동 564-73번지,48330,11900,0,0564,0073,1264100027330,,,,1,용도지역코드,UQA123,제3종일반주거지역,1,0,,제3종일반주거지역,20221008
경상남도 양산시 평산동 564-95번지,48330,11900,0,0564,0095,1264100082986,,,,1,용도지역코드,UQA121,제1종일반주거지역,1,0,,제1종일반주거지역,20221008
경상남도 양산시 평산동 564-95번지,48330,11900,0,0564,0095,1264100020617,,,,2,용도지구코드,UBO300,개발행위허가및건축허가제한지역,1,0,,개발행위허가및건축허가제한지역,20221008
경상남도 양산시 평산동 564-95번지,48330,11900,0,0564,0095,1264100020617,,,,3,용도구역코드,272,상대정화구역,1,0,,상대정화구역,20221008
경상남도 양산시 평산동 564-95번지,48330,11900,0,0564,0095,1264100020617,,,,1,용도지역코드,1021,제1종일반주거지역,1,0,,제1종일반주거지역,20221008
경상남도 양산시 평산동 564-97번지,48330,11900,0,0564,0097,1264100018155,,,,1,용도지역코드,1021,제1종일반주거지역,1,0,,제1종일반주거지역,20221008
경상남도 양산시 평산동 564-98번지,48330,11900,0,0564,0098,1264100054308,,,,1,용도지역코드,UQA121,제1종일반주거지역,1,0,,제1종일반주거지역,20221008
경상남도 양산시 평산동 564-99번지,48330,11900,0,0564,0099,1264100016835,,,,1,용도지역코드,1021,제1종일반주거지역,1,0,,제1종일반주거지역,20221008
경상남도 양산시 평산동 564-99번지,48330,11900,0,0564,0099,1264100016835,,,,3,용도구역코드,272,상대정화구역,1,0,,상대정화구역,20221008
경상남도 양산시 평산동 564-100번지,48330,11900,0,0564,0100,1264100008771,,,,1,용도지역코드,1021,제1종일반주거지역,1,0,,제1종일반주거지역,20221008
경상남도 양산시 평산동 564-100번지,48330,11900,0,0564,0100,1264100008771,,,,3,용도구역코드,272,상대정화구역,1,0,,상대정화구역,20221008
경상남도 양산시 평산동 564-143번지,48330,11900,0,0564,0143,1264100023566,,,,1,용도지역코드,UQA123,제3종일반주거지역,1,0,,제3종일반주거지역,20221008
경상남도 양산시 평산동 564-143번지,48330,11900,0,0564,0143,1264100023566,,,,3,용도구역코드,UOA120,상대보호구역,1,0,,상대정화구역,20221008
경상남도 양산시 평산동 566-8번지,48330,11900,0,0566,0008,1264100013653,,,,1,용도지역코드,1023,제3종일반주거지역,1,0,,제3종일반주거지역,20221008
경상남도 양산시 평산동 566-10번지,48330,11900,0,0566,0010,1264100064519,,,,1,용도지역코드,UQA123,제3종일반주거지역,1,0,,제3종일반주거지역,20221008
경상남도 양산시 평산동 566-10번지,48330,11900,0,0566,0010,1264100064519,,,,2,용도지구코드,UQG130,일반미관지구,1,0,,일반미관지구,20221008
경상남도 양산시 평산동 566-10번지,48330,11900,0,0566,0010,1264100013654,,,,1,용도지역코드,1023,제3종일반주거지역,1,0,,제3종일반주거지역,20221008
경상남도 양산시 평산동 566-10번지,48330,11900,0,0566,0010,1264100013654,,,,2,용도지구코드,UQG130,일반미관지구,1,0,,일반미관지구,20221008
경상남도 양산시 평산동 566-10번지,48330,11900,0,0566,0010,1264100013654,,,,3,용도구역코드,UOA120,상대보호구역,1,0,,상대정화구역,20221008
경상남도 양산시 평산동 566-10번지,48330,11900,0,0566,0010,1264100013654,,,,3,용도구역코드,UOA110,절대정화구역,0,0,,절대정화구역,20221008
경상남도 양산시 평산동 566-10번지,48330,11900,0,0566,0010,1264100013655,,,,1,용도지역코드,1023,제3종일반주거지역,1,0,,제3종일반주거지역,20221008
경상남도 양산시 평산동 566-19번지,48330,11900,0,0566,0019,1264100013656,,,,1,용도지역코드,1023,제3종일반주거지역,1,0,,제3종일반주거지역,20221008
경상남도 양산시 평산동 566-19번지,48330,11900,0,0566,0019,1264100106354,,,,1,용도지역코드,UQA123,제3종일반주거지역,1,0,,제3종일반주거지역,20221008
경상남도 양산시 평산동 566-19번지,48330,11900,0,0566,0019,1264100106354,,,,2,용도지구코드,UQG130,일반미관지구,1,0,,일반미관지구,20221008
경상남도 양산시 평산동 566-19번지,48330,11900,0,0566,0019,1264100106354,,,,3,용도구역코드,UOA110,절대정화구역,1,0,,절대정화구역,20221008
경상남도 양산시 평산동 566-59번지,48330,11900,0,0566,0059,1264100006913,,,,1,용도지역코드,1021,제1종일반주거지역,1,0,,제1종일반주거지역,20221008
경상남도 양산시 평산동 566-105번지,48330,11900,0,0566,0105,1264100013652,,,,1,용도지역코드,1023,제3종일반주거지역,1,0,,제3종일반주거지역,20221008
경상남도 양산시 평산동 566-106번지,48330,11900,0,0566,0106,1264100151931,,,,1,용도지역코드,UQA123,제3종일반주거지역,1,0,,제3종일반주거지역,20221008
경상남도 양산시 평산동 566-106번지,48330,11900,0,0566,0106,1264100151931,,,,2,용도지구코드,UQF130,시가지경관지구,1,0,,시가지경관지구,20221008
경상남도 양산시 평산동 566-106번지,48330,11900,0,0566,0106,1264100101635,,,,1,용도지역코드,1023,제3종일반주거지역,1,0,,제3종일반주거지역,20221008
경상남도 양산시 평산동 566-151번지,48330,11900,0,0566,0151,1264100101634,,,,1,용도지역코드,UQA123,제3종일반주거지역,1,0,,제3종일반주거지역,20221008
경상남도 양산시 평산동 566-151번지,48330,11900,0,0566,0151,1264100101634,,,,2,용도지구코드,UQG130,일반미관지구,1,0,,일반미관지구,20221008
경상남도 양산시 평산동 566-151번지,48330,11900,0,0566,0151,1264100101634,,,,3,용도구역코드,UOA110,절대정화구역,1,0,,절대정화구역,20221008
경상남도 양산시 평산동 566-153번지,48330,11900,0,0566,0153,1264100084202,,,,1,용도지역코드,UQA123,제3종일반주거지역,1,0,,제3종일반주거지역,20221008
경상남도 양산시 평산동 566-153번지,48330,11900,0,0566,0153,1264100084202,,,,2,용도지구코드,UQG130,일반미관지구,1,0,,일반미관지구,20221008
경상남도 양산시 평산동 566-153번지,48330,11900,0,0566,0153,1264100084201,,,,1,용도지역코드,UQA123,제3종일반주거지역,1,0,,제3종일반주거지역,20221008
경상남도 양산시 평산동 566-153번지,48330,11900,0,0566,0153,1264100084201,,,,2,용도지구코드,UQG130,일반미관지구,1,0,,일반미관지구,20221008
경상남도 양산시 평산동 566-157번지,48330,11900,0,0566,0157,1264100151932,,,,1,용도지역코드,1023,제3종일반주거지역,1,0,,제3종일반주거지역,20221008
경상남도 양산시 평산동 567-4번지,48330,11900,0,0567,0004,12647869,,,,1,용도지역코드,1021,제1종일반주거지역,1,0,,제1종일반주거지역,20221008
경상남도 양산시 평산동 567-4번지,48330,11900,0,0567,0004,12647869,,,,3,용도구역코드,010,도시계획구역,1,0,,도시계획구역,20221008
경상남도 양산시 평산동 567-9번지,48330,11900,0,0567,0009,1000000000000000507241,,,,1,용도지역코드,UQA121,제1종일반주거지역,1,0,,제1종일반주거지역,20240823
경상남도 양산시 평산동 567-9번지,48330,11900,0,0567,0009,1000000000000000507241,,,,3,용도구역코드,UOA120,상대보호구역,0,0,,상대보호구역,20240823
경상남도 양산시 평산동 567-9번지,48330,11900,0,0567,0009,1000000000000000507241,,,,3,용도구역코드,UMZ100,가축사육제한구역,1,0,,가축사육제한구역,20240823
경상남도 양산시 평산동 567-9번지,48330,11900,0,0567,0009,1264100138085,,,,1,용도지역코드,UQA121,제1종일반주거지역,1,0,,제1종일반주거지역,20221008
경상남도 양산시 평산동 567-9번지,48330,11900,0,0567,0009,1264100138085,,,,3,용도구역코드,UMZ100,가축사육제한구역,1,0,,가축사육제한구역,20221008
경상남도 양산시 평산동 567-9번지,48330,11900,0,0567,0009,1264100138085,,,,3,용도구역코드,UOA120,상대보호구역,0,0,,상대보호구역,20221008
경상남도 양산시 평산동 567-14번지,48330,11900,0,0567,0014,12642376,,,,1,용도지역코드,1020,일반주거지역,1,0,,일반주거지역,20221008
경상남도 양산시 평산동 567-37번지,48330,11900,0,0567,0037,1264100006887,,,,1,용도지역코드,1021,제1종일반주거지역,1,0,,제1종일반주거지역,20221008
경상남도 양산시 평산동 567-37번지,48330,11900,0,0567,0037,1264100026336,,,,1,용도지역코드,UQA121,제1종일반주거지역,1,0,,제1종일반주거지역,20221008
경상남도 양산시 평산동 567-37번지,48330,11900,0,0567,0037,1264100026336,,,,3,용도구역코드,UOA120,상대보호구역,1,0,,상대정화구역,20221008
경상남도 양산시 평산동 567-37번지,48330,11900,0,0567,0037,12642490,,,,1,용도지역코드,1020,일반주거지역,1,0,,일반주거지역,20221008
경상남도 양산시 평산동 568-3번지,48330,11900,0,0568,0003,1264567,,,,1,용도지역코드,0800,경지지역,1,0,,경지지역,20221008
경상남도 양산시 평산동 568-6번지,48330,11900,0,0568,0006,12642292,경상남도 양산시 웅상읍 평산리,568,6,1,용도지역코드,1020,일반주거지역,1,0,,일반주거지역,20221008
경상남도 양산시 평산동 568-6번지,48330,11900,0,0568,0006,12642249,경상남도 양산시 웅상읍 평산리,568,6,1,용도지역코드,1020,일반주거지역,1,0,,일반주거지역,20221008
경상남도 양산시 평산동 568-6번지,48330,11900,0,0568,0006,12642328,경상남도 양산시 웅상읍 평산리,568,6,1,용도지역코드,1020,일반주거지역,1,0,,일반주거지역,20221008
경상남도 양산시 평산동 568-10번지,48330,11900,0,0568,0010,1264100157130,,,,1,용도지역코드,UQA121,제1종일반주거지역,1,0,,제1종일반주거지역,20221008
경상남도 양산시 평산동 568-10번지,48330,11900,0,0568,0010,1264100157130,,,,1,용도지역코드,UQA123,제3종일반주거지역,0,0,,제3종일반주거지역,20221008
경상남도 양산시 평산동 568-10번지,48330,11900,0,0568,0010,1264100136968,,,,1,용도지역코드,UQA121,제1종일반주거지역,1,0,,제1종일반주거지역,20221008
경상남도 양산시 평산동 568-10번지,48330,11900,0,0568,0010,1264100136968,,,,1,용도지역코드,UQA123,제3종일반주거지역,0,0,,제3종일반주거지역,20221008
경상남도 양산시 평산동 568-10번지,48330,11900,0,0568,0010,1264100136968,,,,3,용도구역코드,UMZ100,가축사육제한구역,1,0,,가축사육제한구역,20221008
경상남도 양산시 평산동 568-10번지,48330,11900,0,0568,0010,1264100136968,,,,3,용도구역코드,UOA120,상대보호구역,0,0,,상대보호구역,20221008
경상남도 양산시 평산동 568-10번지,48330,11900,0,0568,0010,12643932,,,,1,용도지역코드,1022,제2종일반주거지역,1,0,,제2종일반주거지역,20221008
경상남도 양산시 평산동 568-18번지,48330,11900,0,0568,0018,1264100151731,,,,1,용도지역코드,UQA121,제1종일반주거지역,1,0,,제1종일반주거지역,20221008
경상남도 양산시 평산동 568-18번지,48330,11900,0,0568,0018,1264100132964,,,,1,용도지역코드,UQA121,제1종일반주거지역,1,0,,제1종일반주거지역,20221008
경상남도 양산시 평산동 568-18번지,48330,11900,0,0568,0018,1264100094468,,,,1,용도지역코드,UQA121,제1종일반주거지역,1,0,,제1종일반주거지역,20221008
경상남도 양산시 평산동 568-23번지,48330,11900,0,0568,0023,12641214,,,,1,용도지역코드,1020,일반주거지역,1,0,,일반주거지역,20221008
경상남도 양산시 평산동 568-26번지,48330,11900,0,0568,0026,12641266,568-26,,,1,용도지역코드,1020,일반주거지역,1,0,,일반주거지역,20221008
경상남도 양산시 평산동 568-34번지,48330,11900,0,0568,0034,12641554,,,,1,용도지역코드,1020,일반주거지역,1,0,,일반주거지역,20221008
경상남도 양산시 평산동 568-34번지,48330,11900,0,0568,0034,1264100107013,,,,1,용도지역코드,UQA121,제1종일반주거지역,1,0,,제1종일반주거지역,20221008
경상남도 양산시 평산동 568-41번지,48330,11900,0,0568,0041,12642085,,,,1,용도지역코드,1020,일반주거지역,1,0,,일반주거지역,20221008
경상남도 양산시 평산동 568-42번지,48330,11900,0,0568,0042,12644166,,,,1,용도지역코드,1020,일반주거지역,1,0,,일반주거지역,20221008
경상남도 양산시 평산동 568-43번지,48330,11900,0,0568,0043,12642310,,,,1,용도지역코드,1020,일반주거지역,1,0,,일반주거지역,20221008
경상남도 양산시 평산동 568-50번지,48330,11900,0,0568,0050,12643461,,,,1,용도지역코드,1020,일반주거지역,1,0,,일반주거지역,20221008
경상남도 양산시 평산동 568-50번지,48330,11900,0,0568,0050,12642652,,,,1,용도지역코드,1020,일반주거지역,1,0,,일반주거지역,20221008
경상남도 양산시 평산동 568-53번지,48330,11900,0,0568,0053,1000000000000000819942,,,,1,용도지역코드,UQA121,제1종일반주거지역,1,0,,제1종일반주거지역,20260112
경상남도 양산시 평산동 568-53번지,48330,11900,0,0568,0053,1000000000000000819942,,,,3,용도구역코드,UMZ100,가축사육제한구역,1,0,,가축사육제한구역,20260112
경상남도 양산시 평산동 568-57번지,48330,11900,0,0568,0057,1264100041022,,,,1,용도지역코드,UQA121,제1종일반주거지역,1,0,,제1종일반주거지역,20221008
경상남도 양산시 평산동 568-82번지,48330,11900,0,0568,0082,1000000000000000227847,,,,3,용도구역코드,UOA120,상대보호구역,1,0,,상대보호구역,20260224
경상남도 양산시 평산동 568-82번지,48330,11900,0,0568,0082,1000000000000000227847,,,,1,용도지역코드,UQA121,제1종일반주거지역,1,0,,제1종일반주거지역,20260224
경상남도 양산시 평산동 568-82번지,48330,11900,0,0568,0082,1000000000000000732398,,,,1,용도지역코드,UQA121,제1종일반주거지역,1,0,,제1종일반주거지역,20250526
경상남도 양산시 평산동 568-82번지,48330,11900,0,0568,0082,1000000000000000732398,,,,3,용도구역코드,UOA120,상대보호구역,1,0,,상대보호구역,20250526
경상남도 양산시 평산동 568-101번지,48330,11900,0,0568,0101,1264100075519,,,,1,용도지역코드,UQA121,제1종일반주거지역,1,0,,제1종일반주거지역,20221008
경상남도 양산시 평산동 568-101번지,48330,11900,0,0568,0101,1264100129344,,,,1,용도지역코드,UQA121,제1종일반주거지역,1,0,,제1종일반주거지역,20221008
경상남도 양산시 평산동 568-102번지,48330,11900,0,0568,0102,1264100141123,,,,1,용도지역코드,UQA121,제1종일반주거지역,1,0,,제1종일반주거지역,20221008
경상남도 양산시 평산동 568-108번지,48330,11900,0,0568,0108,1264100013915,,,,1,용도지역코드,1023,제3종일반주거지역,1,0,,제3종일반주거지역,20221008
경상남도 양산시 평산동 568-108번지,48330,11900,0,0568,0108,1264100013915,,,,2,용도지구코드,980,용도지구미지정,1,0,,용도지구미지정,20221008
경상남도 양산시 평산동 568-421번지,48330,11900,0,0568,0421,12642047,,,,1,용도지역코드,1020,일반주거지역,1,0,,일반주거지역,20221008
경상남도 양산시 평산동 570-4번지,48330,11900,0,0570,0004,1000000000000000635644,,,,1,용도지역코드,UQA430,자연녹지지역,1,0,,자연녹지지역,20250728
경상남도 양산시 평산동 570-32번지,48330,11900,0,0570,0032,12647165,,,,1,용도지역코드,1330,자연녹지지역,1,0,,자연녹지지역,20221008
경상남도 양산시 평산동 570-43번지,48330,11900,0,0570,0043,1264100082020,,,,1,용도지역코드,UQA121,제1종일반주거지역,1,0,,제1종일반주거지역,20221008
경상남도 양산시 평산동 570-43번지,48330,11900,0,0570,0043,1264100082020,,,,3,용도구역코드,UOA120,상대보호구역,1,0,,상대정화구역,20221008
경상남도 양산시 평산동 570-60번지,48330,11900,0,0570,0060,12645211,,,,1,용도지역코드,1330,자연녹지지역,1,0,,자연녹지지역,20221008
경상남도 양산시 평산동 570-67번지,48330,11900,0,0570,0067,12647015,,,,1,용도지역코드,1021,제1종일반주거지역,1,0,,제1종일반주거지역,20221008
경상남도 양산시 평산동 572-1번지,48330,11900,0,0572,0001,1264100073800,,,,1,용도지역코드,UQA430,자연녹지지역,1,0,,자연녹지지역,20221008
경상남도 양산시 평산동 572-1번지,48330,11900,0,0572,0001,1264100073800,,,,3,용도구역코드,UOA120,상대보호구역,1,0,,상대정화구역,20221008
경상남도 양산시 평산동 572-1번지,48330,11900,0,0572,0001,1264100097246,,,,1,용도지역코드,UQA430,자연녹지지역,1,0,,자연녹지지역,20221008
경상남도 양산시 평산동 572-1번지,48330,11900,0,0572,0001,1264100097246,,,,3,용도구역코드,UOA120,상대보호구역,1,0,,상대정화구역,20221008
경상남도 양산시 평산동 572-7번지,48330,11900,0,0572,0007,1264660,,,,1,용도지역코드,0800,경지지역,1,0,,경지지역,20221008
경상남도 양산시 평산동 572-10번지,48330,11900,0,0572,0010,12642818,,,,1,용도지역코드,1330,자연녹지지역,1,0,,자연녹지지역,20221008
경상남도 양산시 평산동 572-75번지,48330,11900,0,0572,0075,1000000000000000064976,,,,1,용도지역코드,UQA430,자연녹지지역,1,0,,자연녹지지역,20221103
경상남도 양산시 평산동 572-75번지,48330,11900,0,0572,0075,1000000000000000064976,,,,3,용도구역코드,UOA120,상대보호구역,1,0,,상대보호구역,20221103
경상남도 양산시 평산동 573-3번지,48330,11900,0,0573,0003,1264100117717,,,,1,용도지역코드,UQA430,자연녹지지역,1,0,,자연녹지지역,20221008
경상남도 양산시 평산동 573-3번지,48330,11900,0,0573,0003,1264100117717,,,,3,용도구역코드,UMZ100,가축사육제한구역,1,0,,가축사육제한구역,20221008
경상남도 양산시 평산동 574-2번지,48330,11900,0,0574,0002,1264100053431,,,,1,용도지역코드,UQA430,자연녹지지역,1,0,,자연녹지지역,20221008
경상남도 양산시 평산동 574-21번지,48330,11900,0,0574,0021,1000000000000000588343,,,,3,용도구역코드,UMZ100,가축사육제한구역,1,0,,가축사육제한구역,20250725
경상남도 양산시 평산동 574-21번지,48330,11900,0,0574,0021,1000000000000000588343,,,,1,용도지역코드,UQA430,자연녹지지역,1,0,,자연녹지지역,20250725
경상남도 양산시 평산동 577-10번지,48330,11900,0,0577,0010,1264100151110,,,,1,용도지역코드,UQA121,제1종일반주거지역,1,0,,제1종일반주거지역,20221008
경상남도 양산시 평산동 577-10번지,48330,11900,0,0577,0010,1264100151110,,,,3,용도구역코드,UMZ100,가축사육제한구역,1,0,,가축사육제한구역,20221008
경상남도 양산시 평산동 584번지,48330,11900,0,0584,0000,1264100063362,,,,1,용도지역코드,UQA121,제1종일반주거지역,1,0,,제1종일반주거지역,20221008
경상남도 양산시 평산동 584번지,48330,11900,0,0584,0000,1264100063362,,,,1,용도지역코드,UQA123,제3종일반주거지역,0,0,,제3종일반주거지역,20221008
경상남도 양산시 평산동 587-32번지,48330,11900,0,0587,0032,1264100014256,,,,1,용도지역코드,1023,제3종일반주거지역,1,0,,제3종일반주거지역,20221008
경상남도 양산시 평산동 587-32번지,48330,11900,0,0587,0032,1264100014256,,,,3,용도구역코드,272,상대정화구역,1,0,,상대정화구역,20221008
경상남도 양산시 평산동 587-32번지,48330,11900,0,0587,0032,1264100043928,,,,1,용도지역코드,UQA123,제3종일반주거지역,1,0,,제3종일반주거지역,20221008
경상남도 양산시 평산동 587-33번지,48330,11900,0,0587,0033,1000000000000000223667,,,,3,용도구역코드,UOA120,상대보호구역,0,0,,상대보호구역,20230202
경상남도 양산시 평산동 587-33번지,48330,11900,0,0587,0033,1000000000000000223667,,,,1,용도지역코드,UQA123,제3종일반주거지역,1,0,,제3종일반주거지역,20230202
경상남도 양산시 평산동 587-33번지,48330,11900,0,0587,0033,1000000000000000223667,,,,3,용도구역코드,UMZ100,가축사육제한구역,1,0,,가축사육제한구역,20230202
경상남도 양산시 평산동 587-33번지,48330,11900,0,0587,0033,1000000000000000226944,,,,3,용도구역코드,UOA120,상대보호구역,0,0,,상대보호구역,20230208
경상남도 양산시 평산동 587-33번지,48330,11900,0,0587,0033,1000000000000000226944,,,,3,용도구역코드,UMZ100,가축사육제한구역,1,0,,가축사육제한구역,20230208
경상남도 양산시 평산동 587-33번지,48330,11900,0,0587,0033,1000000000000000226944,,,,1,용도지역코드,UQA123,제3종일반주거지역,1,0,,제3종일반주거지역,20230208
경상남도 양산시 평산동 587-63번지,48330,11900,0,0587,0063,1264100081701,,,,1,용도지역코드,UQA123,제3종일반주거지역,1,0,,제3종일반주거지역,20221008
경상남도 양산시 평산동 589-10번지,48330,11900,0,0589,0010,12643393,,,,1,용도지역코드,1020,일반주거지역,1,0,,일반주거지역,20221008
경상남도 양산시 평산동 589-11번지,48330,11900,0,0589,0011,12643181,,,,1,용도지역코드,1020,일반주거지역,1,0,,일반주거지역,20221008
경상남도 양산시 평산동 589-11번지,48330,11900,0,0589,0011,1264100027989,,,,1,용도지역코드,UQA123,제3종일반주거지역,1,0,,제3종일반주거지역,20221008
경상남도 양산시 평산동 589-15번지,48330,11900,0,0589,0015,1264100116736,,,,1,용도지역코드,UQA121,제1종일반주거지역,1,0,,제1종일반주거지역,20221008
경상남도 양산시 평산동 591번지,48330,11900,0,0591,0000,1264100081700,,,,1,용도지역코드,UQA123,제3종일반주거지역,1,0,,제3종일반주거지역,20221008
경상남도 양산시 평산동 591번지,48330,11900,0,0591,0000,12647873,,,,1,용도지역코드,1023,제3종일반주거지역,1,0,,제3종일반주거지역,20221008
경상남도 양산시 평산동 591번지,48330,11900,0,0591,0000,12647873,,,,3,용도구역코드,010,도시계획구역,1,0,,도시계획구역,20221008
경상남도 양산시 평산동 591-2번지,48330,11900,0,0591,0002,1264100081699,,,,1,용도지역코드,UQA123,제3종일반주거지역,1,0,,제3종일반주거지역,20221008
경상남도 양산시 평산동 602번지,48330,11900,0,0602,0000,1264100030216,,,,1,용도지역코드,UQA123,제3종일반주거지역,1,0,,제3종일반주거지역,20221008
경상남도 양산시 평산동 602번지,48330,11900,0,0602,0000,1264100030216,,,,3,용도구역코드,UOA120,상대보호구역,1,0,,상대정화구역,20221008
경상남도 양산시 평산동 602번지,48330,11900,0,0602,0000,1264100100674,,,,1,용도지역코드,UQA123,제3종일반주거지역,1,0,,제3종일반주거지역,20221008
경상남도 양산시 평산동 606-4번지,48330,11900,0,0606,0004,1264100031479,,,,1,용도지역코드,UQA123,제3종일반주거지역,1,0,,제3종일반주거지역,20221008
경상남도 양산시 평산동 606-7번지,48330,11900,0,0606,0007,1264100099293,,,,1,용도지역코드,UQA123,제3종일반주거지역,1,0,,제3종일반주거지역,20221008
경상남도 양산시 평산동 609번지,48330,11900,0,0609,0000,1264100099675,,,,1,용도지역코드,UQA123,제3종일반주거지역,0,0,,제3종일반주거지역,20221008
경상남도 양산시 평산동 609번지,48330,11900,0,0609,0000,1264100099675,,,,3,용도구역코드,UOA120,상대보호구역,1,0,,상대정화구역,20221008
경상남도 양산시 평산동 609번지,48330,11900,0,0609,0000,1264100099675,,,,1,용도지역코드,UQA121,제1종일반주거지역,1,0,,제1종일반주거지역,20221008
경상남도 양산시 평산동 610번지,48330,11900,0,0610,0000,12641210,610,,,1,용도지역코드,1020,일반주거지역,1,0,,일반주거지역,20221008
경상남도 양산시 평산동 610번지,48330,11900,0,0610,0000,12641973,경상남도 양산시 웅상읍 평산리,610,,1,용도지역코드,1020,일반주거지역,1,0,,일반주거지역,20221008
경상남도 양산시 평산동 610번지,48330,11900,0,0610,0000,12641907,경상남도 양산시 웅상읍 평산리,610,,1,용도지역코드,1020,일반주거지역,1,0,,일반주거지역,20221008
경상남도 양산시 평산동 614번지,48330,11900,0,0614,0000,1264100100955,,,,1,용도지역코드,UQA121,제1종일반주거지역,1,0,,제1종일반주거지역,20221008
경상남도 양산시 평산동 614번지,48330,11900,0,0614,0000,1264100100955,,,,3,용도구역코드,UOA120,상대보호구역,1,0,,상대보호구역,20221008
경상남도 양산시 평산동 615번지,48330,11900,0,0615,0000,1264100098535,,,,1,용도지역코드,UQA121,제1종일반주거지역,1,0,,제1종일반주거지역,20221008
경상남도 양산시 평산동 615번지,48330,11900,0,0615,0000,1264100098535,,,,3,용도구역코드,UOA120,상대보호구역,1,0,,상대정화구역,20221008
경상남도 양산시 평산동 618-6번지,48330,11900,0,0618,0006,1264100072499,,,,1,용도지역코드,UQA121,제1종일반주거지역,1,0,,제1종일반주거지역,20221008
경상남도 양산시 평산동 618-6번지,48330,11900,0,0618,0006,1264100075000,,,,1,용도지역코드,UQA121,제1종일반주거지역,1,0,,제1종일반주거지역,20221008
경상남도 양산시 평산동 618-6번지,48330,11900,0,0618,0006,1264100070939,,,,1,용도지역코드,UQA122,제2종일반주거지역,1,0,,제2종일반주거지역,20221008
경상남도 양산시 평산동 618-6번지,48330,11900,0,0618,0006,1264100068081,,,,1,용도지역코드,UQA122,제2종일반주거지역,1,0,,제2종일반주거지역,20221008
경상남도 양산시 평산동 623-1번지,48330,11900,0,0623,0001,1264100036956,,,,1,용도지역코드,UQA430,자연녹지지역,1,0,,자연녹지지역,20221008
경상남도 양산시 평산동 623-1번지,48330,11900,0,0623,0001,1264100036956,,,,3,용도구역코드,UOA120,상대보호구역,1,0,,상대정화구역,20221008
경상남도 양산시 평산동 630번지,48330,11900,0,0630,0000,1264100152055,,,,3,용도구역코드,UOA120,상대보호구역,0,0,,상대보호구역,20231122
경상남도 양산시 평산동 630번지,48330,11900,0,0630,0000,1264100152055,,,,3,용도구역코드,UMZ100,가축사육제한구역,1,0,,가축사육제한구역,20231122
경상남도 양산시 평산동 630번지,48330,11900,0,0630,0000,1264100152055,,,,1,용도지역코드,UQA430,자연녹지지역,1,0,,자연녹지지역,20231122
경상남도 양산시 평산동 630번지,48330,11900,0,0630,0000,1264100152055,,,,1,용도지역코드,UQA122,제2종일반주거지역,0,0,,제2종일반주거지역,20231122
경상남도 양산시 평산동 630번지,48330,11900,0,0630,0000,1264100015358,,,,1,용도지역코드,1330,자연녹지지역,1,0,,자연녹지지역,20221008
경상남도 양산시 평산동 630번지,48330,11900,0,0630,0000,1264100037992,,,,1,용도지역코드,UQA430,자연녹지지역,1,0,,자연녹지지역,20221008
경상남도 양산시 평산동 630번지,48330,11900,0,0630,0000,1264100037992,,,,1,용도지역코드,UQA121,제1종일반주거지역,0,0,,제1종일반주거지역,20221008
경상남도 양산시 평산동 630번지,48330,11900,0,0630,0000,1264100037992,,,,1,용도지역코드,UQA122,제2종일반주거지역,0,0,,제2종일반주거지역,20221008
경상남도 양산시 평산동 630번지,48330,11900,0,0630,0000,1264100037992,,,,3,용도구역코드,UOA120,상대보호구역,1,0,,상대정화구역,20221008
경상남도 양산시 평산동 634번지,48330,11900,0,0634,0000,1000000000000000292986,,,,1,용도지역코드,UQA122,제2종일반주거지역,1,0,,제2종일반주거지역,20230512
경상남도 양산시 평산동 634번지,48330,11900,0,0634,0000,1000000000000000292986,,,,3,용도구역코드,UMZ100,가축사육제한구역,1,0,,가축사육제한구역,20230512
경상남도 양산시 평산동 634번지,48330,11900,0,0634,0000,1000000000000000292985,,,,1,용도지역코드,UQA122,제2종일반주거지역,1,0,,제2종일반주거지역,20230531
경상남도 양산시 평산동 634번지,48330,11900,0,0634,0000,1000000000000000292985,,,,3,용도구역코드,UMZ100,가축사육제한구역,1,0,,가축사육제한구역,20230531
경상남도 양산시 평산동 634번지,48330,11900,0,0634,0000,1264100154791,,,,1,용도지역코드,UQA122,제2종일반주거지역,1,0,,제2종일반주거지역,20230209
경상남도 양산시 평산동 634번지,48330,11900,0,0634,0000,1264100154791,,,,3,용도구역코드,UMZ100,가축사육제한구역,1,0,,가축사육제한구역,20230209
경상남도 양산시 평산동 634-3번지,48330,11900,0,0634,0003,1264100018857,,,,1,용도지역코드,1330,자연녹지지역,1,0,,자연녹지지역,20221008
경상남도 양산시 평산동 635번지,48330,11900,0,0635,0000,1000000000000000531597,,,,1,용도지역코드,UQA122,제2종일반주거지역,1,0,,제2종일반주거지역,20240607
경상남도 양산시 평산동 636번지,48330,11900,0,0636,0000,1264100105735,,,,1,용도지역코드,UQA122,제2종일반주거지역,1,0,,제2종일반주거지역,20221008
경상남도 양산시 평산동 637-1번지,48330,11900,0,0637,0001,1264100029893,,,,1,용도지역코드,UQA122,제2종일반주거지역,1,0,,제2종일반주거지역,20221008
경상남도 양산시 평산동 639-1번지,48330,11900,0,0639,0001,1264100136843,,,,1,용도지역코드,UQA122,제2종일반주거지역,1,0,,제2종일반주거지역,20221008
경상남도 양산시 평산동 639-2번지,48330,11900,0,0639,0002,1264100130025,,,,1,용도지역코드,UQA122,제2종일반주거지역,1,0,,제2종일반주거지역,20221008
경상남도 양산시 평산동 641-1번지,48330,11900,0,0641,0001,1264100004547,,,,1,용도지역코드,1022,제2종일반주거지역,1,0,,제2종일반주거지역,20221008
경상남도 양산시 평산동 645번지,48330,11900,0,0645,0000,12647091,,,,1,용도지역코드,1022,제2종일반주거지역,1,0,,제2종일반주거지역,20221008
경상남도 양산시 평산동 645번지,48330,11900,0,0645,0000,12641526,,,,1,용도지역코드,1020,일반주거지역,1,0,,일반주거지역,20221008
경상남도 양산시 평산동 645-2번지,48330,11900,0,0645,0002,12643681,,,,1,용도지역코드,1020,일반주거지역,1,0,,일반주거지역,20221008
경상남도 양산시 평산동 645-2번지,48330,11900,0,0645,0002,1264100025409,,,,1,용도지역코드,UQA122,제2종일반주거지역,1,0,,제2종일반주거지역,20221008
경상남도 양산시 평산동 645-4번지,48330,11900,0,0645,0004,12643800,,,,1,용도지역코드,1020,일반주거지역,1,0,,일반주거지역,20221008
경상남도 양산시 평산동 645-4번지,48330,11900,0,0645,0004,1264100085941,,,,1,용도지역코드,UQA122,제2종일반주거지역,1,0,,제2종일반주거지역,20221008
경상남도 양산시 평산동 646-1번지,48330,11900,0,0646,0001,1264100125942,,,,1,용도지역코드,UQA122,제2종일반주거지역,1,0,,제2종일반주거지역,20221008
경상남도 양산시 평산동 647번지,48330,11900,0,0647,0000,12642822,,,,1,용도지역코드,1020,일반주거지역,1,0,,일반주거지역,20221008
경상남도 양산시 평산동 648-3번지,48330,11900,0,0648,0003,1264100154531,,,,1,용도지역코드,UQA123,제3종일반주거지역,1,0,,제3종일반주거지역,20221008
경상남도 양산시 평산동 648-3번지,48330,11900,0,0648,0003,1264100154531,,,,1,용도지역코드,UQA122,제2종일반주거지역,0,0,,제2종일반주거지역,20221008
경상남도 양산시 평산동 649번지,48330,11900,0,0649,0000,1264100044666,,,,1,용도지역코드,UQA122,제2종일반주거지역,1,0,,제2종일반주거지역,20221008
경상남도 양산시 평산동 649-1번지,48330,11900,0,0649,0001,12647982,,,,1,용도지역코드,1022,제2종일반주거지역,1,0,,제2종일반주거지역,20221008
경상남도 양산시 평산동 649-1번지,48330,11900,0,0649,0001,12644604,,,,1,용도지역코드,1022,제2종일반주거지역,1,0,,제2종일반주거지역,20221008
경상남도 양산시 평산동 662-1번지,48330,11900,0,0662,0001,1264100034307,,,,1,용도지역코드,UQA430,자연녹지지역,1,0,,자연녹지지역,20221008
경상남도 양산시 평산동 669번지,48330,11900,0,0669,0000,1264100040209,,,,1,용도지역코드,UQA430,자연녹지지역,1,0,,자연녹지지역,20221008
경상남도 양산시 평산동 671번지,48330,11900,0,0671,0000,1264100018195,,,,1,용도지역코드,1330,자연녹지지역,1,0,,자연녹지지역,20221008
경상남도 양산시 평산동 677번지,48330,11900,0,0677,0000,12643307,,,,1,용도지역코드,1330,자연녹지지역,1,0,,자연녹지지역,20221008
경상남도 양산시 평산동 677-3번지,48330,11900,0,0677,0003,1264100061919,,,,1,용도지역코드,UQA123,제3종일반주거지역,1,0,,제3종일반주거지역,20221008
경상남도 양산시 평산동 678번지,48330,11900,0,0678,0000,1000000000000000424703,,,,3,용도구역코드,UMZ100,가축사육제한구역,1,0,,가축사육제한구역,20251230
경상남도 양산시 평산동 678번지,48330,11900,0,0678,0000,1000000000000000424703,,,,1,용도지역코드,UQA430,자연녹지지역,1,0,,자연녹지지역,20251230
경상남도 양산시 평산동 678번지,48330,11900,0,0678,0000,1264100102173,,,,1,용도지역코드,UQA430,자연녹지지역,1,0,,자연녹지지역,20221008
경상남도 양산시 평산동 681번지,48330,11900,0,0681,0000,1264100048905,,,,1,용도지역코드,UQA430,자연녹지지역,1,0,,자연녹지지역,20221008
경상남도 양산시 평산동 681번지,48330,11900,0,0681,0000,1264100032356,,,,1,용도지역코드,UQA430,자연녹지지역,1,0,,자연녹지지역,20221008
경상남도 양산시 평산동 681번지,48330,11900,0,0681,0000,1264100032356,,,,1,용도지역코드,UQA123,제3종일반주거지역,0,0,,제3종일반주거지역,20221008
경상남도 양산시 평산동 681-4번지,48330,11900,0,0681,0004,1264100118917,,,,1,용도지역코드,UQA430,자연녹지지역,1,0,,자연녹지지역,20221008
경상남도 양산시 평산동 681-14번지,48330,11900,0,0681,0014,1264100071799,,,,1,용도지역코드,UQA430,자연녹지지역,1,0,,자연녹지지역,20221008
경상남도 양산시 평산동 681-14번지,48330,11900,0,0681,0014,1264100143508,,,,1,용도지역코드,UQA430,자연녹지지역,1,0,,자연녹지지역,20260122
경상남도 양산시 평산동 683번지,48330,11900,0,0683,0000,1264100149253,,,,1,용도지역코드,UQA430,자연녹지지역,1,0,,자연녹지지역,20221008
경상남도 양산시 평산동 683번지,48330,11900,0,0683,0000,1264100061857,,,,1,용도지역코드,UQA430,자연녹지지역,1,0,,자연녹지지역,20221008
경상남도 양산시 평산동 695-1번지,48330,11900,0,0695,0001,12642679,,,,1,용도지역코드,1330,자연녹지지역,1,0,,자연녹지지역,20221008
경상남도 양산시 평산동 695-3번지,48330,11900,0,0695,0003,12645325,,,,1,용도지역코드,1330,자연녹지지역,1,0,,자연녹지지역,20221008
경상남도 양산시 평산동 696-3번지,48330,11900,0,0696,0003,1264157,,,,1,용도지역코드,0800,경지지역,1,0,,경지지역,20221008
경상남도 양산시 평산동 705-1번지,48330,11900,0,0705,0001,12642894,,,,1,용도지역코드,1330,자연녹지지역,1,0,,자연녹지지역,20221008
경상남도 양산시 평산동 705-1번지,48330,11900,0,0705,0001,12646075,,,,1,용도지역코드,1330,자연녹지지역,1,0,,자연녹지지역,20221008
경상남도 양산시 평산동 713-2번지,48330,11900,0,0713,0002,12645389,,,,1,용도지역코드,1022,제2종일반주거지역,1,0,,제2종일반주거지역,20221008
경상남도 양산시 평산동 726번지,48330,11900,0,0726,0000,12649034,,,,1,용도지역코드,1022,제2종일반주거지역,1,0,,제2종일반주거지역,20221008
경상남도 양산시 평산동 726번지,48330,11900,0,0726,0000,1264100056189,,,,1,용도지역코드,UQA122,제2종일반주거지역,1,0,,제2종일반주거지역,20221008
경상남도 양산시 평산동 726-2번지,48330,11900,0,0726,0002,1264100056188,,,,1,용도지역코드,UQA122,제2종일반주거지역,1,0,,제2종일반주거지역,20221008
경상남도 양산시 평산동 726-9번지,48330,11900,0,0726,0009,1264100062839,,,,1,용도지역코드,UQA122,제2종일반주거지역,1,0,,제2종일반주거지역,20221008
경상남도 양산시 평산동 727-2번지,48330,11900,0,0727,0002,1000000000000000236155,,,,3,용도구역코드,UMZ100,가축사육제한구역,1,0,,가축사육제한구역,20230223
경상남도 양산시 평산동 727-2번지,48330,11900,0,0727,0002,1000000000000000236155,,,,1,용도지역코드,UQA123,제3종일반주거지역,1,0,,제3종일반주거지역,20230223
경상남도 양산시 평산동 727-2번지,48330,11900,0,0727,0002,1000000000000000236010,,,,3,용도구역코드,UMZ100,가축사육제한구역,1,0,,가축사육제한구역,20230223
경상남도 양산시 평산동 727-2번지,48330,11900,0,0727,0002,1000000000000000236010,,,,1,용도지역코드,UQA123,제3종일반주거지역,1,0,,제3종일반주거지역,20230223
경상남도 양산시 평산동 727-2번지,48330,11900,0,0727,0002,1000000000000000236113,,,,1,용도지역코드,UQA123,제3종일반주거지역,1,0,,제3종일반주거지역,20230223
경상남도 양산시 평산동 727-2번지,48330,11900,0,0727,0002,1000000000000000236113,,,,3,용도구역코드,UMZ100,가축사육제한구역,1,0,,가축사육제한구역,20230223
경상남도 양산시 평산동 737-27번지,48330,11900,0,0737,0027,12647074,,,,1,용도지역코드,1022,제2종일반주거지역,1,0,,제2종일반주거지역,20221008
경상남도 양산시 평산동 737-30번지,48330,11900,0,0737,0030,12642664,,,,1,용도지역코드,1020,일반주거지역,1,0,,일반주거지역,20221008
경상남도 양산시 평산동 737-57번지,48330,11900,0,0737,0057,12641277,737-57,,,1,용도지역코드,1020,일반주거지역,1,0,,일반주거지역,20221008
경상남도 양산시 평산동 737-59번지,48330,11900,0,0737,0059,12643284,,,,1,용도지역코드,1020,일반주거지역,1,0,,일반주거지역,20221008
경상남도 양산시 평산동 737-77번지,48330,11900,0,0737,0077,12644763,,,,1,용도지역코드,1030,준주거지역,1,0,,준주거지역,20221008
경상남도 양산시 평산동 737-122번지,48330,11900,0,0737,0122,12645046,,,,1,용도지역코드,1022,제2종일반주거지역,1,0,,제2종일반주거지역,20221008
경상남도 양산시 평산동 737-125번지,48330,11900,0,0737,0125,12645900,,,,1,용도지역코드,1030,준주거지역,1,0,,준주거지역,20221008
경상남도 양산시 평산동 737-126번지,48330,11900,0,0737,0126,12647868,,,,1,용도지역코드,1022,제2종일반주거지역,1,0,,제2종일반주거지역,20221008
경상남도 양산시 평산동 737-126번지,48330,11900,0,0737,0126,12647868,,,,3,용도구역코드,010,도시계획구역,1,0,,도시계획구역,20221008
경상남도 양산시 평산동 737-132번지,48330,11900,0,0737,0132,12648762,,,,1,용도지역코드,1030,준주거지역,1,0,,준주거지역,20221008
경상남도 양산시 평산동 737-132번지,48330,11900,0,0737,0132,12648762,,,,3,용도구역코드,010,도시계획구역,1,0,,도시계획구역,20221008
경상남도 양산시 평산동 737-152번지,48330,11900,0,0737,0152,12642730,,,,1,용도지역코드,1030,준주거지역,1,0,,준주거지역,20221008
경상남도 양산시 평산동 737-152번지,48330,11900,0,0737,0152,12648739,,,,1,용도지역코드,1030,준주거지역,1,0,,준주거지역,20221008
경상남도 양산시 평산동 737-184번지,48330,11900,0,0737,0184,12648773,,,,1,용도지역코드,1022,제2종일반주거지역,1,0,,제2종일반주거지역,20221008
경상남도 양산시 평산동 737-198번지,48330,11900,0,0737,0198,12641284,"737-198,9",,,1,용도지역코드,1120,일반상업지역,1,0,,일반상업지역,20221008
경상남도 양산시 평산동 737-198번지,48330,11900,0,0737,0198,12642524,경상남도 양산시 웅상읍 평산리,737,198,1,용도지역코드,1120,일반상업지역,1,0,,일반상업지역,20221008
경상남도 양산시 평산동 737-205번지,48330,11900,0,0737,0205,12641276,737-205,,,1,용도지역코드,1020,일반주거지역,1,0,,일반주거지역,20221008
경상남도 양산시 평산동 737-209번지,48330,11900,0,0737,0209,12641666,경상남도 양산시 웅상읍 평산리,737,209,1,용도지역코드,1120,일반상업지역,1,0,,일반상업지역,20221008
경상남도 양산시 평산동 737-209번지,48330,11900,0,0737,0209,12641705,경상남도 양산시 웅상읍 평산리,737,209,1,용도지역코드,1120,일반상업지역,1,0,,일반상업지역,20221008
경상남도 양산시 평산동 752-2번지,48330,11900,0,0752,0002,12642431,,,,1,용도지역코드,1330,자연녹지지역,1,0,,자연녹지지역,20221008
경상남도 양산시 평산동 792-2번지,48330,11900,0,0792,0002,12642851,,,,1,용도지역코드,1330,자연녹지지역,1,0,,자연녹지지역,20221008
경상남도 양산시 평산동 800번지,48330,11900,0,0800,0000,1264100143825,,,,3,용도구역코드,UDV100,개발제한구역,0,0,,개발제한구역,20221008
경상남도 양산시 평산동 800번지,48330,11900,0,0800,0000,1264100143825,,,,3,용도구역코드,UOA120,상대보호구역,0,0,,상대보호구역,20221008
경상남도 양산시 평산동 800번지,48330,11900,0,0800,0000,1264100049628,,,,1,용도지역코드,UQA430,자연녹지지역,1,0,,자연녹지지역,20221008
경상남도 양산시 평산동 800번지,48330,11900,0,0800,0000,1264100049628,,,,3,용도구역코드,UDV100,개발제한구역,1,0,,개발제한구역,20221008
경상남도 양산시 평산동 800번지,48330,11900,0,0800,0000,1264100049628,,,,3,용도구역코드,UOA120,상대보호구역,0,0,,상대정화구역,20221008
경상남도 양산시 평산동 800번지,48330,11900,0,0800,0000,1264100143825,,,,1,용도지역코드,UQA430,자연녹지지역,1,0,,자연녹지지역,20221008
경상남도 양산시 평산동 800번지,48330,11900,0,0800,0000,1264100143825,,,,3,용도구역코드,UMZ100,가축사육제한구역,1,0,,가축사육제한구역,20221008
경상남도 양산시 평산동 816번지,48330,11900,0,0816,0000,12641740,,,,1,용도지역코드,1330,자연녹지지역,1,0,,자연녹지지역,20221008
경상남도 양산시 평산동 817번지,48330,11900,0,0817,0000,12647065,,,,1,용도지역코드,1022,제2종일반주거지역,0,0,,제2종일반주거지역,20221008
경상남도 양산시 평산동 817번지,48330,11900,0,0817,0000,12647065,,,,1,용도지역코드,1330,자연녹지지역,1,0,,자연녹지지역,20221008
경상남도 양산시 평산동 826-1번지,48330,11900,0,0826,0001,12647950,,,,1,용도지역코드,1330,자연녹지지역,1,0,,자연녹지지역,20221008
경상남도 양산시 평산동 826-1번지,48330,11900,0,0826,0001,12647951,,,,1,용도지역코드,1330,자연녹지지역,1,0,,자연녹지지역,20221008
경상남도 양산시 평산동 826-1번지,48330,11900,0,0826,0001,12648717,,,,1,용도지역코드,1330,자연녹지지역,1,0,,자연녹지지역,20221008
경상남도 양산시 평산동 827-4번지,48330,11900,0,0827,0004,12642650,,,,1,용도지역코드,1330,자연녹지지역,1,0,,자연녹지지역,20221008
경상남도 양산시 평산동 834-1번지,48330,11900,0,0834,0001,1000000000000000503652,,,,1,용도지역코드,UQA430,자연녹지지역,1,0,,자연녹지지역,20240424
경상남도 양산시 평산동 840-15번지,48330,11900,0,0840,0015,12641278,,,,1,용도지역코드,1320,생산녹지지역,1,0,,생산녹지지역,20221008
경상남도 양산시 평산동 851번지,48330,11900,0,0851,0000,1000000000000000471069,,,,1,용도지역코드,UQA430,자연녹지지역,1,0,,자연녹지지역,20240306
경상남도 양산시 평산동 857-6번지,48330,11900,0,0857,0006,1264100088802,,,,1,용도지역코드,UQA430,자연녹지지역,1,0,,자연녹지지역,20221008
경상남도 양산시 평산동 857-6번지,48330,11900,0,0857,0006,1264100088802,,,,3,용도구역코드,UOA120,상대보호구역,1,0,,상대정화구역,20221008
경상남도 양산시 평산동 858-3번지,48330,11900,0,0858,0003,12647787,,,,1,용도지역코드,1330,자연녹지지역,1,0,,자연녹지지역,20221008
경상남도 양산시 평산동 858-4번지,48330,11900,0,0858,0004,12645362,,,,1,용도지역코드,1330,자연녹지지역,1,0,,자연녹지지역,20221008
경상남도 양산시 평산동 858-4번지,48330,11900,0,0858,0004,12643776,,,,1,용도지역코드,1330,자연녹지지역,1,0,,자연녹지지역,20221008
경상남도 양산시 평산동 858-4번지,48330,11900,0,0858,0004,12643776,,,,3,용도구역코드,180,농업보호구역,1,0,,농업보호구역,20221008
경상남도 양산시 평산동 858-10번지,48330,11900,0,0858,0010,1264100084661,,,,1,용도지역코드,UQA430,자연녹지지역,1,0,,자연녹지지역,20221008
경상남도 양산시 평산동 858-10번지,48330,11900,0,0858,0010,1264100084661,,,,3,용도구역코드,UEA120,농업보호구역,1,0,,농업보호구역,20221008
경상남도 양산시 평산동 859번지,48330,11900,0,0859,0000,1264100006548,,,,1,용도지역코드,1330,자연녹지지역,1,0,,자연녹지지역,20221008
경상남도 양산시 평산동 859-6번지,48330,11900,0,0859,0006,1000000000000000401547,,,,1,용도지역코드,UQA430,자연녹지지역,1,0,,자연녹지지역,20240207
경상남도 양산시 평산동 859-6번지,48330,11900,0,0859,0006,1264100139763,,,,1,용도지역코드,UQA430,자연녹지지역,1,0,,자연녹지지역,20221008
경상남도 양산시 평산동 859-14번지,48330,11900,0,0859,0014,1264100080081,,,,1,용도지역코드,UQA430,자연녹지지역,1,0,,자연녹지지역,20221008
경상남도 양산시 평산동 859-14번지,48330,11900,0,0859,0014,1264100080081,,,,3,용도구역코드,UEA120,농업보호구역,1,0,,농업보호구역,20221008
경상남도 양산시 평산동 862-14번지,48330,11900,0,0862,0014,1264100151351,,,,1,용도지역코드,UQA430,자연녹지지역,1,0,,자연녹지지역,20221008
경상남도 양산시 평산동 862-15번지,48330,11900,0,0862,0015,1000000000000000275518,,,,1,용도지역코드,UQA430,자연녹지지역,1,0,,자연녹지지역,20230418
경상남도 양산시 평산동 863-3번지,48330,11900,0,0863,0003,1000000000000000494918,,,,1,용도지역코드,UQA121,제1종일반주거지역,0,0,,제1종일반주거지역,20240411
경상남도 양산시 평산동 863-3번지,48330,11900,0,0863,0003,1000000000000000494918,,,,1,용도지역코드,UQA430,자연녹지지역,1,0,,자연녹지지역,20240411
경상남도 양산시 평산동 867번지,48330,11900,0,0867,0000,1264100023630,,,,1,용도지역코드,UQA122,제2종일반주거지역,1,0,,제2종일반주거지역,20221008
경상남도 양산시 평산동 868번지,48330,11900,0,0868,0000,12642059,경상남도 양산시 웅상읍 평산리,868,,1,용도지역코드,1330,자연녹지지역,1,0,,자연녹지지역,20221008
경상남도 양산시 평산동 874번지,48330,11900,0,0874,0000,1264100050065,,,,1,용도지역코드,UQA121,제1종일반주거지역,1,0,,제1종일반주거지역,20221008
경상남도 양산시 평산동 874-3번지,48330,11900,0,0874,0003,1000000000000000984483,,,,1,용도지역코드,UQA121,제1종일반주거지역,1,0,,제1종일반주거지역,20260626
경상남도 양산시 평산동 874-3번지,48330,11900,0,0874,0003,1000000000000000071910,,,,3,용도구역코드,UOA120,상대보호구역,1,0,,상대보호구역,20221017
경상남도 양산시 평산동 874-3번지,48330,11900,0,0874,0003,1000000000000000071910,,,,1,용도지역코드,UQA121,제1종일반주거지역,1,0,,제1종일반주거지역,20221017
경상남도 양산시 평산동 875번지,48330,11900,0,0875,0000,1264100142744,,,,1,용도지역코드,UQA121,제1종일반주거지역,1,0,,제1종일반주거지역,20221008
경상남도 양산시 평산동 875번지,48330,11900,0,0875,0000,1264100142744,,,,3,용도구역코드,UOA120,상대보호구역,1,0,,상대보호구역,20221008
경상남도 양산시 평산동 875번지,48330,11900,0,0875,0000,1264100142744,,,,3,용도구역코드,UMZ100,가축사육제한구역,0,0,,가축사육제한구역,20221008
경상남도 양산시 평산동 877-2번지,48330,11900,0,0877,0002,12649141,,,,1,용도지역코드,1021,제1종일반주거지역,1,0,,제1종일반주거지역,20221008
경상남도 양산시 평산동 877-2번지,48330,11900,0,0877,0002,1264100007846,,,,1,용도지역코드,1021,제1종일반주거지역,1,0,,제1종일반주거지역,20221008
경상남도 양산시 평산동 881번지,48330,11900,0,0881,0000,12649111,,,,1,용도지역코드,1021,제1종일반주거지역,1,0,,제1종일반주거지역,20221008
경상남도 양산시 평산동 883-1번지,48330,11900,0,0883,0001,12645344,,,,1,용도지역코드,1022,제2종일반주거지역,1,0,,제2종일반주거지역,20221008
경상남도 양산시 평산동 884번지,48330,11900,0,0884,0000,1264100055888,,,,1,용도지역코드,UQA430,자연녹지지역,1,0,,자연녹지지역,20221008
경상남도 양산시 평산동 884번지,48330,11900,0,0884,0000,1264100055888,,,,2,용도지구코드,UQM110,자연취락지구,1,0,,자연취락지구,20221008
경상남도 양산시 평산동 885-4번지,48330,11900,0,0885,0004,1264100137803,,,,1,용도지역코드,UQA121,제1종일반주거지역,1,0,,제1종일반주거지역,20221008
경상남도 양산시 평산동 885-4번지,48330,11900,0,0885,0004,1264100137803,,,,3,용도구역코드,UOA120,상대보호구역,1,0,,상대보호구역,20221008
경상남도 양산시 평산동 885-6번지,48330,11900,0,0885,0006,1264100101833,,,,1,용도지역코드,UQA121,제1종일반주거지역,1,0,,제1종일반주거지역,20221008
경상남도 양산시 평산동 885-6번지,48330,11900,0,0885,0006,1264100101833,,,,3,용도구역코드,UOA120,상대보호구역,1,0,,상대보호구역,20221008
경상남도 양산시 평산동 885-7번지,48330,11900,0,0885,0007,1264100025329,,,,1,용도지역코드,UQA121,제1종일반주거지역,1,0,,제1종일반주거지역,20221008
경상남도 양산시 평산동 885-7번지,48330,11900,0,0885,0007,1264100025329,,,,3,용도구역코드,UOA120,상대보호구역,1,0,,상대정화구역,20221008
경상남도 양산시 평산동 886-3번지,48330,11900,0,0886,0003,12645545,,,,1,용도지역코드,1022,제2종일반주거지역,1,0,,제2종일반주거지역,20221008
경상남도 양산시 평산동 887-1번지,48330,11900,0,0887,0001,1264100118417,,,,1,용도지역코드,UQA121,제1종일반주거지역,1,0,,제1종일반주거지역,20221008
경상남도 양산시 평산동 888번지,48330,11900,0,0888,0000,1264100150775,,,,3,용도구역코드,UOA110,절대정화구역,0,0,,절대보호구역,20221104
경상남도 양산시 평산동 888번지,48330,11900,0,0888,0000,1264100150775,,,,1,용도지역코드,UQA121,제1종일반주거지역,1,0,,제1종일반주거지역,20221104
경상남도 양산시 평산동 888번지,48330,11900,0,0888,0000,1264100150775,,,,3,용도구역코드,UOA120,상대보호구역,1,0,,상대보호구역,20221104
경상남도 양산시 평산동 888-2번지,48330,11900,0,0888,0002,12645721,,,,1,용도지역코드,1022,제2종일반주거지역,1,0,,제2종일반주거지역,20221008
경상남도 양산시 평산동 888-3번지,48330,11900,0,0888,0003,12647076,,,,1,용도지역코드,1330,자연녹지지역,1,0,,자연녹지지역,20221008
경상남도 양산시 평산동 888-3번지,48330,11900,0,0888,0003,1264100028191,,,,1,용도지역코드,UQA430,자연녹지지역,1,0,,자연녹지지역,20221008
경상남도 양산시 평산동 889번지,48330,11900,0,0889,0000,12647008,,,,1,용도지역코드,1021,제1종일반주거지역,1,0,,제1종일반주거지역,20221008
경상남도 양산시 평산동 889번지,48330,11900,0,0889,0000,1264100141424,,,,1,용도지역코드,UQA121,제1종일반주거지역,1,0,,제1종일반주거지역,20221008
경상남도 양산시 평산동 889번지,48330,11900,0,0889,0000,1264100141424,,,,3,용도구역코드,UOA120,상대보호구역,1,0,,상대보호구역,20221008
경상남도 양산시 평산동 889번지,48330,11900,0,0889,0000,1264100021036,,,,1,용도지역코드,1021,제1종일반주거지역,1,0,,제1종일반주거지역,20221008
경상남도 양산시 평산동 889번지,48330,11900,0,0889,0000,1264100016334,,,,1,용도지역코드,1021,제1종일반주거지역,1,0,,제1종일반주거지역,20221008
경상남도 양산시 평산동 889-1번지,48330,11900,0,0889,0001,1264100148250,,,,1,용도지역코드,UQA121,제1종일반주거지역,1,0,,제1종일반주거지역,20221008
경상남도 양산시 평산동 889-1번지,48330,11900,0,0889,0001,1000000000000000743029,,,,1,용도지역코드,UQA121,제1종일반주거지역,1,0,,제1종일반주거지역,20250818
경상남도 양산시 평산동 889-1번지,48330,11900,0,0889,0001,1000000000000000449913,,,,3,용도구역코드,UOA120,상대보호구역,1,0,,상대보호구역,20250327
경상남도 양산시 평산동 889-1번지,48330,11900,0,0889,0001,1000000000000000449913,,,,1,용도지역코드,UQA121,제1종일반주거지역,1,0,,제1종일반주거지역,20250327
경상남도 양산시 평산동 889-4번지,48330,11900,0,0889,0004,12647131,,,,1,용도지역코드,1021,제1종일반주거지역,1,0,,제1종일반주거지역,20221008
경상남도 양산시 평산동 890-1번지,48330,11900,0,0890,0001,1264624,경상남도 양산시 웅상읍 평산리,890,1,1,용도지역코드,0800,경지지역,1,0,,경지지역,20221008
경상남도 양산시 평산동 891번지,48330,11900,0,0891,0000,1264100088523,,,,1,용도지역코드,UQA430,자연녹지지역,1,0,,자연녹지지역,20221008
경상남도 양산시 평산동 892번지,48330,11900,0,0892,0000,1000000000000000654024,,,,1,용도지역코드,UQA430,자연녹지지역,1,0,,자연녹지지역,20250117
경상남도 양산시 평산동 892번지,48330,11900,0,0892,0000,1264100101153,,,,1,용도지역코드,UQA430,자연녹지지역,1,0,,자연녹지지역,20221008
경상남도 양산시 평산동 892번지,48330,11900,0,0892,0000,1264100101153,,,,3,용도구역코드,UOA120,상대보호구역,1,0,,상대보호구역,20221008
경상남도 양산시 평산동 903번지,48330,11900,0,0903,0000,1264100080639,,,,1,용도지역코드,UQA430,자연녹지지역,1,0,,자연녹지지역,20221008
경상남도 양산시 평산동 903번지,48330,11900,0,0903,0000,1264100080639,,,,3,용도구역코드,UOA120,상대보호구역,1,0,,상대정화구역,20221008
경상남도 양산시 평산동 904번지,48330,11900,0,0904,0000,12645933,,,,1,용도지역코드,1330,자연녹지지역,1,0,,자연녹지지역,20221008
경상남도 양산시 평산동 904-3번지,48330,11900,0,0904,0003,1000000000000000902884,,,,1,용도지역코드,UQA430,자연녹지지역,1,0,,자연녹지지역,20260819
경상남도 양산시 평산동 904-3번지,48330,11900,0,0904,0003,1000000000000000902884,,,,3,용도구역코드,UMZ100,가축사육제한구역,1,0,,가축사육제한구역,20260819
경상남도 양산시 평산동 910-1번지,48330,11900,0,0910,0001,1264100040125,,,,3,용도구역코드,UOA120,상대보호구역,1,0,,상대정화구역,20221008
경상남도 양산시 평산동 910-1번지,48330,11900,0,0910,0001,1264100040125,,,,1,용도지역코드,UQA121,제1종일반주거지역,1,0,,제1종일반주거지역,20221008
경상남도 양산시 평산동 910-2번지,48330,11900,0,0910,0002,1264100132123,,,,1,용도지역코드,UQA121,제1종일반주거지역,1,0,,제1종일반주거지역,20221008
경상남도 양산시 평산동 910-2번지,48330,11900,0,0910,0002,12646146,,,,1,용도지역코드,1022,제2종일반주거지역,1,0,,제2종일반주거지역,20221008
경상남도 양산시 평산동 910-10번지,48330,11900,0,0910,0010,1264100098534,,,,1,용도지역코드,UQA121,제1종일반주거지역,1,0,,제1종일반주거지역,20221008
경상남도 양산시 평산동 916-1번지,48330,11900,0,0916,0001,12645926,,,,1,용도지역코드,1330,자연녹지지역,1,0,,자연녹지지역,20221008
경상남도 양산시 평산동 922번지,48330,11900,0,0922,0000,12641862,경상남도 양산시 웅상읍 평산리,922,,1,용도지역코드,1330,자연녹지지역,1,0,,자연녹지지역,20221008
경상남도 양산시 평산동 922번지,48330,11900,0,0922,0000,12641051,경상남도 양산시 웅상읍 평산리,922,,1,용도지역코드,0800,경지지역,1,0,,경지지역,20221008
경상남도 양산시 평산동 925-3번지,48330,11900,0,0925,0003,1264245,,,,1,용도지역코드,0800,경지지역,1,0,,경지지역,20221008
경상남도 양산시 평산동 933번지,48330,11900,0,0933,0000,1264100102213,,,,1,용도지역코드,UQA121,제1종일반주거지역,1,0,,제1종일반주거지역,20221008
경상남도 양산시 평산동 937-1번지,48330,11900,0,0937,0001,12647852,,,,1,용도지역코드,1021,제1종일반주거지역,1,0,,제1종일반주거지역,20221008
경상남도 양산시 평산동 937-1번지,48330,11900,0,0937,0001,12647852,,,,3,용도구역코드,010,도시계획구역,1,0,,도시계획구역,20221008
경상남도 양산시 평산동 937-2번지,48330,11900,0,0937,0002,12643269,,,,1,용도지역코드,1020,일반주거지역,1,0,,일반주거지역,20221008
경상남도 양산시 평산동 941-1번지,48330,11900,0,0941,0001,1264100104975,,,,1,용도지역코드,UQA121,제1종일반주거지역,1,0,,제1종일반주거지역,20221008
경상남도 양산시 평산동 941-10번지,48330,11900,0,0941,0010,1264100105133,,,,1,용도지역코드,UQA121,제1종일반주거지역,1,0,,제1종일반주거지역,20221008
경상남도 양산시 평산동 942-1번지,48330,11900,0,0942,0001,1264100105015,,,,1,용도지역코드,UQA121,제1종일반주거지역,1,0,,제1종일반주거지역,20221008
경상남도 양산시 평산동 945-5번지,48330,11900,0,0945,0005,1264100026569,,,,1,용도지역코드,UQA430,자연녹지지역,1,0,,자연녹지지역,20221008
경상남도 양산시 평산동 954-41번지,48330,11900,0,0954,0041,1264100133584,,,,1,용도지역코드,UQA430,자연녹지지역,1,0,,자연녹지지역,20221008
경상남도 양산시 평산동 954-41번지,48330,11900,0,0954,0041,1264100133584,,,,3,용도구역코드,UDV100,개발제한구역,1,0,,개발제한구역,20221008
경상남도 양산시 평산동 954-57번지,48330,11900,0,0954,0057,1000000000000000842172,,,,1,용도지역코드,UQA430,자연녹지지역,1,0,,자연녹지지역,20251117
경상남도 양산시 평산동 954-57번지,48330,11900,0,0954,0057,1000000000000000842172,,,,3,용도구역코드,UDV100,개발제한구역,1,0,,개발제한구역,20251117
경상남도 양산시 평산동 963-4번지,48330,11900,0,0963,0004,12643279,,,,1,용도지역코드,1020,일반주거지역,1,0,,일반주거지역,20221008
경상남도 양산시 평산동 963-16번지,48330,11900,0,0963,0016,12643300,,,,1,용도지역코드,1020,일반주거지역,1,0,,일반주거지역,20221008
경상남도 양산시 평산동 963-20번지,48330,11900,0,0963,0020,1264100058112,,,,1,용도지역코드,UQA121,제1종일반주거지역,1,0,,제1종일반주거지역,20221008
경상남도 양산시 평산동 963-21번지,48330,11900,0,0963,0021,1264100058111,,,,1,용도지역코드,UQA121,제1종일반주거지역,1,0,,제1종일반주거지역,20221008
경상남도 양산시 평산동 963-23번지,48330,11900,0,0963,0023,1264100062539,,,,1,용도지역코드,UQA121,제1종일반주거지역,1,0,,제1종일반주거지역,20221008
경상남도 양산시 평산동 963-23번지,48330,11900,0,0963,0023,1264100064379,,,,1,용도지역코드,UQA121,제1종일반주거지역,1,0,,제1종일반주거지역,20221008
경상남도 양산시 평산동 968번지,48330,11900,0,0968,0000,1264100036716,,,,1,용도지역코드,UQA121,제1종일반주거지역,1,0,,제1종일반주거지역,20221008
경상남도 양산시 평산동 969번지,48330,11900,0,0969,0000,1264100005569,,,,1,용도지역코드,1021,제1종일반주거지역,1,0,,제1종일반주거지역,20221008
경상남도 양산시 평산동 971번지,48330,11900,0,0971,0000,1000000000000000230637,,,,1,용도지역코드,UQA121,제1종일반주거지역,0,0,,제1종일반주거지역,20240605
경상남도 양산시 평산동 971번지,48330,11900,0,0971,0000,1000000000000000230637,,,,3,용도구역코드,UMZ100,가축사육제한구역,1,0,,가축사육제한구역,20240605
경상남도 양산시 평산동 971번지,48330,11900,0,0971,0000,1000000000000000230637,,,,1,용도지역코드,UQA430,자연녹지지역,1,0,,자연녹지지역,20240605
경상남도 양산시 평산동 977-1번지,48330,11900,0,0977,0001,12643616,,,,1,용도지역코드,1330,자연녹지지역,1,0,,자연녹지지역,20221008
경상남도 양산시 평산동 977-1번지,48330,11900,0,0977,0001,12643616,,,,3,용도구역코드,180,농업보호구역,1,0,,농업보호구역,20221008
경상남도 양산시 평산동 977-5번지,48330,11900,0,0977,0005,12642412,,,,1,용도지역코드,1330,자연녹지지역,1,0,,자연녹지지역,20221008
경상남도 양산시 평산동 978-4번지,48330,11900,0,0978,0004,1264100152734,,,,1,용도지역코드,UQA430,자연녹지지역,1,0,,자연녹지지역,20221008
경상남도 양산시 평산동 979-3번지,48330,11900,0,0979,0003,1264100005928,,,,1,용도지역코드,1330,자연녹지지역,1,0,,자연녹지지역,20221008
경상남도 양산시 평산동 982-1번지,48330,11900,0,0982,0001,12643412,,,,1,용도지역코드,1020,일반주거지역,1,0,,일반주거지역,20221008
경상남도 양산시 평산동 982-1번지,48330,11900,0,0982,0001,12642108,경상남도 양산시 웅상읍 평산리,982,1,1,용도지역코드,1330,자연녹지지역,1,0,,자연녹지지역,20221008
경상남도 양산시 평산동 982-1번지,48330,11900,0,0982,0001,12644085,,,,1,용도지역코드,1020,일반주거지역,1,0,,일반주거지역,20221008
경상남도 양산시 평산동 982-4번지,48330,11900,0,0982,0004,1264100081139,,,,1,용도지역코드,UQA121,제1종일반주거지역,1,0,,제1종일반주거지역,20221008
경상남도 양산시 평산동 983-3번지,48330,11900,0,0983,0003,12642911,,,,1,용도지역코드,1330,자연녹지지역,1,0,,자연녹지지역,20221008
경상남도 양산시 평산동 983-3번지,48330,11900,0,0983,0003,12642911,,,,2,용도지구코드,011,자연취락지구,1,0,,자연취락지구,20221008
경상남도 양산시 평산동 983-3번지,48330,11900,0,0983,0003,12642289,,,,1,용도지역코드,1330,자연녹지지역,1,0,,자연녹지지역,20221008
경상남도 양산시 평산동 983-4번지,48330,11900,0,0983,0004,12641427,,,,1,용도지역코드,1330,자연녹지지역,1,0,,자연녹지지역,20221008
경상남도 양산시 평산동 983-8번지,48330,11900,0,0983,0008,12642495,,,,1,용도지역코드,1330,자연녹지지역,1,0,,자연녹지지역,20221008
경상남도 양산시 평산동 986-1번지,48330,11900,0,0986,0001,12643123,,,,1,용도지역코드,1020,일반주거지역,1,0,,일반주거지역,20221008
경상남도 양산시 평산동 987-3번지,48330,11900,0,0987,0003,1264100061237,,,,1,용도지역코드,UQA121,제1종일반주거지역,1,0,,제1종일반주거지역,20221008
경상남도 양산시 평산동 987-3번지,48330,11900,0,0987,0003,1264100061237,,,,1,용도지역코드,UQA430,자연녹지지역,0,0,,자연녹지지역,20221008
경상남도 양산시 평산동 987-3번지,48330,11900,0,0987,0003,12649263,,,,1,용도지역코드,1021,제1종일반주거지역,1,0,,제1종일반주거지역,20221008
경상남도 양산시 평산동 987-3번지,48330,11900,0,0987,0003,12649263,,,,1,용도지역코드,1330,자연녹지지역,0,0,,자연녹지지역,20221008
경상남도 양산시 평산동 987-3번지,48330,11900,0,0987,0003,12649263,,,,3,용도구역코드,010,도시계획구역,1,0,,도시계획구역,20221008
경상남도 양산시 평산동 987-3번지,48330,11900,0,0987,0003,12648789,,,,1,용도지역코드,1021,제1종일반주거지역,1,0,,제1종일반주거지역,20221008
경상남도 양산시 평산동 987-3번지,48330,11900,0,0987,0003,12648789,,,,1,용도지역코드,1330,자연녹지지역,0,0,,자연녹지지역,20221008
경상남도 양산시 평산동 987-3번지,48330,11900,0,0987,0003,12648789,,,,3,용도구역코드,010,도시계획구역,1,0,,도시계획구역,20221008
경상남도 양산시 평산동 987-4번지,48330,11900,0,0987,0004,1000000000000000850195,,,,1,용도지역코드,UQA430,자연녹지지역,0,0,,자연녹지지역,20260204
경상남도 양산시 평산동 987-4번지,48330,11900,0,0987,0004,1000000000000000850195,,,,1,용도지역코드,UQA121,제1종일반주거지역,1,0,,제1종일반주거지역,20260204
경상남도 양산시 평산동 987-4번지,48330,11900,0,0987,0004,1264100013277,,,,1,용도지역코드,1330,자연녹지지역,1,0,,자연녹지지역,20221008
경상남도 양산시 평산동 987-4번지,48330,11900,0,0987,0004,1264100013277,,,,1,용도지역코드,1021,제1종일반주거지역,0,0,,제1종일반주거지역,20221008
경상남도 양산시 평산동 987-6번지,48330,11900,0,0987,0006,1264100044665,,,,1,용도지역코드,UQA121,제1종일반주거지역,1,0,,제1종일반주거지역,20221008
경상남도 양산시 평산동 994번지,48330,11900,0,0994,0000,1264100099673,,,,1,용도지역코드,UQA430,자연녹지지역,1,0,,자연녹지지역,20221008
경상남도 양산시 평산동 997번지,48330,11900,0,0997,0000,1264100143365,,,,1,용도지역코드,UQA430,자연녹지지역,1,0,,자연녹지지역,20221008
경상남도 양산시 평산동 997번지,48330,11900,0,0997,0000,1264100143365,,,,1,용도지역코드,UQA121,제1종일반주거지역,0,0,,제1종일반주거지역,20221008
경상남도 양산시 평산동 997-2번지,48330,11900,0,0997,0002,1264100143603,,,,1,용도지역코드,UQA430,자연녹지지역,1,0,,자연녹지지역,20221008
경상남도 양산시 평산동 999-1번지,48330,11900,0,0999,0001,1264100047665,,,,1,용도지역코드,UQA430,자연녹지지역,1,0,,자연녹지지역,20221008
경상남도 양산시 평산동 999-1번지,48330,11900,0,0999,0001,1264100015954,,,,1,용도지역코드,1330,자연녹지지역,1,0,,자연녹지지역,20221008
경상남도 양산시 평산동 999-1번지,48330,11900,0,0999,0001,1264100012654,,,,1,용도지역코드,1330,자연녹지지역,1,0,,자연녹지지역,20221008
경상남도 양산시 평산동 1000-1번지,48330,11900,0,1000,0001,1264789,1000-1,,,1,용도지역코드,0800,경지지역,1,0,,경지지역,20221008
경상남도 양산시 평산동 1000-1번지,48330,11900,0,1000,0001,12648818,,,,1,용도지역코드,1330,자연녹지지역,1,0,,자연녹지지역,20221008
경상남도 양산시 평산동 1000-1번지,48330,11900,0,1000,0001,12648818,,,,3,용도구역코드,010,도시계획구역,1,0,,도시계획구역,20221008
경상남도 양산시 평산동 1001번지,48330,11900,0,1001,0000,1264100147416,,,,1,용도지역코드,UQA430,자연녹지지역,1,0,,자연녹지지역,20221008
경상남도 양산시 평산동 1001-1번지,48330,11900,0,1001,0001,12647178,,,,1,용도지역코드,1330,자연녹지지역,1,0,,자연녹지지역,20221008
경상남도 양산시 평산동 1001-1번지,48330,11900,0,1001,0001,12645797,,,,1,용도지역코드,1330,자연녹지지역,1,0,,자연녹지지역,20221008
경상남도 양산시 평산동 1002번지,48330,11900,0,1002,0000,1264100134048,,,,1,용도지역코드,UQA430,자연녹지지역,1,0,,자연녹지지역,20221008
경상남도 양산시 평산동 1004번지,48330,11900,0,1004,0000,1000000000000000203717,,,,1,용도지역코드,UQA430,자연녹지지역,1,0,,자연녹지지역,20221227
경상남도 양산시 평산동 1004번지,48330,11900,0,1004,0000,1000000000000000203648,,,,1,용도지역코드,UQA430,자연녹지지역,1,0,,자연녹지지역,20231207
경상남도 양산시 평산동 1004-4번지,48330,11900,0,1004,0004,1000000000000000203716,,,,1,용도지역코드,UQA430,자연녹지지역,1,0,,자연녹지지역,20241021
경상남도 양산시 평산동 1005-1번지,48330,11900,0,1005,0001,1264100117478,,,,1,용도지역코드,UQA430,자연녹지지역,1,0,,자연녹지지역,20221008
경상남도 양산시 평산동 1005-1번지,48330,11900,0,1005,0001,1264100117478,,,,3,용도구역코드,UJB100,하천구역,1,0,,하천구역,20221008
경상남도 양산시 평산동 1005-1번지,48330,11900,0,1005,0001,1264100043785,,,,1,용도지역코드,UQA430,자연녹지지역,1,0,,자연녹지지역,20221008
경상남도 양산시 평산동 1005-1번지,48330,11900,0,1005,0001,1264100043785,,,,3,용도구역코드,UJB100,하천구역,1,0,,하천구역,20221008
경상남도 양산시 평산동 1006-5번지,48330,11900,0,1006,0005,12647952,,,,1,용도지역코드,1330,자연녹지지역,1,0,,자연녹지지역,20221008
경상남도 양산시 평산동 1006-6번지,48330,11900,0,1006,0006,1264100131988,,,,1,용도지역코드,UQA430,자연녹지지역,1,0,,자연녹지지역,20221008
경상남도 양산시 평산동 1006-6번지,48330,11900,0,1006,0006,1264100101313,,,,1,용도지역코드,UQA430,자연녹지지역,1,0,,자연녹지지역,20221008
경상남도 양산시 평산동 1006-7번지,48330,11900,0,1006,0007,1264100114636,,,,1,용도지역코드,UQA430,자연녹지지역,1,0,,자연녹지지역,20221008
경상남도 양산시 평산동 1006-7번지,48330,11900,0,1006,0007,1264100114636,,,,3,용도구역코드,UMZ100,가축사육제한구역,1,0,,가축사육제한구역,20221008
경상남도 양산시 평산동 1006-7번지,48330,11900,0,1006,0007,1264100112956,,,,1,용도지역코드,UQA430,자연녹지지역,1,0,,자연녹지지역,20221008
경상남도 양산시 평산동 1006-7번지,48330,11900,0,1006,0007,1264100112956,,,,3,용도구역코드,UMZ100,가축사육제한구역,1,0,,가축사육제한구역,20221008
경상남도 양산시 평산동 1006-13번지,48330,11900,0,1006,0013,1264100080619,,,,1,용도지역코드,UQA430,자연녹지지역,1,0,,자연녹지지역,20221008
경상남도 양산시 평산동 1007-5번지,48330,11900,0,1007,0005,1264100116256,,,,1,용도지역코드,UQA430,자연녹지지역,1,0,,자연녹지지역,20221008
경상남도 양산시 평산동 1010-1번지,48330,11900,0,1010,0001,12641846,,,,1,용도지역코드,1330,자연녹지지역,1,0,,자연녹지지역,20221008
경상남도 양산시 평산동 1010-6번지,48330,11900,0,1010,0006,1264100108016,,,,1,용도지역코드,UQA430,자연녹지지역,1,0,,자연녹지지역,20221008
경상남도 양산시 평산동 1010-11번지,48330,11900,0,1010,0011,1264100141644,,,,1,용도지역코드,UQA430,자연녹지지역,1,0,,자연녹지지역,20221008
경상남도 양산시 평산동 1013-1번지,48330,11900,0,1013,0001,1264100082319,,,,1,용도지역코드,UQA430,자연녹지지역,1,0,,자연녹지지역,20221008
경상남도 양산시 평산동 1013-1번지,48330,11900,0,1013,0001,12642444,,,,1,용도지역코드,1330,자연녹지지역,1,0,,자연녹지지역,20221008
경상남도 양산시 평산동 1015번지,48330,11900,0,1015,0000,1264100072960,,,,1,용도지역코드,UQA430,자연녹지지역,1,0,,자연녹지지역,20221008
경상남도 양산시 평산동 1016-2번지,48330,11900,0,1016,0002,1264100099395,,,,1,용도지역코드,UQA430,자연녹지지역,1,0,,자연녹지지역,20221008
경상남도 양산시 평산동 1017번지,48330,11900,0,1017,0000,12648703,,,,1,용도지역코드,1330,자연녹지지역,1,0,,자연녹지지역,20221008
경상남도 양산시 평산동 1017번지,48330,11900,0,1017,0000,12648703,,,,3,용도구역코드,180,농업보호구역,1,0,,농업보호구역,20221008
경상남도 양산시 평산동 1020-1번지,48330,11900,0,1020,0001,1264100125421,,,,1,용도지역코드,UQA430,자연녹지지역,1,0,,자연녹지지역,20221008
경상남도 양산시 평산동 1020-4번지,48330,11900,0,1020,0004,1264100015334,,,,1,용도지역코드,1330,자연녹지지역,1,0,,자연녹지지역,20221008
경상남도 양산시 평산동 1020-4번지,48330,11900,0,1020,0004,1264100015334,,,,3,용도구역코드,180,농업보호구역,1,0,,농업보호구역,20221008
경상남도 양산시 평산동 1020-8번지,48330,11900,0,1020,0008,1264100033646,,,,1,용도지역코드,UQA430,자연녹지지역,1,0,,자연녹지지역,20221008
경상남도 양산시 평산동 1025번지,48330,11900,0,1025,0000,1264100060773,,,,1,용도지역코드,UQA430,자연녹지지역,1,0,,자연녹지지역,20221008
경상남도 양산시 평산동 1025번지,48330,11900,0,1025,0000,1264100060773,,,,3,용도구역코드,UEA120,농업보호구역,1,0,,농업보호구역,20221008
경상남도 양산시 평산동 1029번지,48330,11900,0,1029,0000,1264100088427,,,,1,용도지역코드,UQA430,자연녹지지역,1,0,,자연녹지지역,20221008
경상남도 양산시 평산동 1029번지,48330,11900,0,1029,0000,1264100081959,,,,1,용도지역코드,UQA430,자연녹지지역,1,0,,자연녹지지역,20221008
경상남도 양산시 평산동 1037번지,48330,11900,0,1037,0000,1264100075540,,,,1,용도지역코드,UQA430,자연녹지지역,1,0,,자연녹지지역,20221008
경상남도 양산시 평산동 1038-6번지,48330,11900,0,1038,0006,1264100132528,,,,1,용도지역코드,UQA430,자연녹지지역,1,0,,자연녹지지역,20221008
경상남도 양산시 평산동 1038-7번지,48330,11900,0,1038,0007,1264100126463,,,,1,용도지역코드,UQA430,자연녹지지역,1,0,,자연녹지지역,20221008
경상남도 양산시 평산동 1038-8번지,48330,11900,0,1038,0008,1264100141223,,,,1,용도지역코드,UQA430,자연녹지지역,1,0,,자연녹지지역,20221008
경상남도 양산시 평산동 1038-9번지,48330,11900,0,1038,0009,1264100134685,,,,1,용도지역코드,UQA430,자연녹지지역,1,0,,자연녹지지역,20221008
경상남도 양산시 평산동 1038-10번지,48330,11900,0,1038,0010,1264100134686,,,,1,용도지역코드,UQA430,자연녹지지역,1,0,,자연녹지지역,20221008
경상남도 양산시 평산동 1038-13번지,48330,11900,0,1038,0013,1264100136847,,,,1,용도지역코드,UQA430,자연녹지지역,1,0,,자연녹지지역,20230630
경상남도 양산시 평산동 1040번지,48330,11900,0,1040,0000,12643714,,,,1,용도지역코드,1330,자연녹지지역,1,0,,자연녹지지역,20221008
경상남도 양산시 평산동 1042번지,48330,11900,0,1042,0000,12647177,,,,1,용도지역코드,1330,자연녹지지역,1,0,,자연녹지지역,20221008
경상남도 양산시 평산동 1042번지,48330,11900,0,1042,0000,12647862,,,,1,용도지역코드,1330,자연녹지지역,1,0,,자연녹지지역,20221008
경상남도 양산시 평산동 1042번지,48330,11900,0,1042,0000,12647862,,,,3,용도구역코드,010,도시계획구역,1,0,,도시계획구역,20221008
경상남도 양산시 평산동 1042번지,48330,11900,0,1042,0000,12647862,,,,3,용도구역코드,180,농업보호구역,0,0,,농업보호구역,20221008
경상남도 양산시 평산동 1042-1번지,48330,11900,0,1042,0001,12642705,,,,1,용도지역코드,1330,자연녹지지역,1,0,,자연녹지지역,20221008
경상남도 양산시 평산동 1042-1번지,48330,11900,0,1042,0001,12642705,,,,3,용도구역코드,990,기타구역,1,0,,기타구역,20221008
경상남도 양산시 평산동 1042-1번지,48330,11900,0,1042,0001,12642706,,,,1,용도지역코드,1330,자연녹지지역,1,0,,자연녹지지역,20221008
경상남도 양산시 평산동 1042-1번지,48330,11900,0,1042,0001,12642706,,,,3,용도구역코드,990,기타구역,1,0,,기타구역,20221008
경상남도 양산시 평산동 1042-2번지,48330,11900,0,1042,0002,12642533,,,,1,용도지역코드,1330,자연녹지지역,1,0,,자연녹지지역,20221008
경상남도 양산시 평산동 1042-5번지,48330,11900,0,1042,0005,1264100147550,,,,1,용도지역코드,UQA430,자연녹지지역,1,0,,자연녹지지역,20221008
경상남도 양산시 평산동 1042-7번지,48330,11900,0,1042,0007,1264100047426,,,,1,용도지역코드,UQA430,자연녹지지역,1,0,,자연녹지지역,20221008
경상남도 양산시 평산동 1042-7번지,48330,11900,0,1042,0007,1264100113516,,,,1,용도지역코드,UQA430,자연녹지지역,1,0,,자연녹지지역,20221008
경상남도 양산시 평산동 1042-24번지,48330,11900,0,1042,0024,1264100047425,,,,1,용도지역코드,UQA430,자연녹지지역,1,0,,자연녹지지역,20221008
경상남도 양산시 평산동 1044-1번지,48330,11900,0,1044,0001,12648784,,,,1,용도지역코드,1330,자연녹지지역,1,0,,자연녹지지역,20221008
경상남도 양산시 평산동 1044-1번지,48330,11900,0,1044,0001,12648784,,,,3,용도구역코드,010,도시계획구역,1,0,,도시계획구역,20221008
경상남도 양산시 평산동 1045-1번지,48330,11900,0,1045,0001,1264100021561,,,,1,용도지역코드,1330,자연녹지지역,1,0,,자연녹지지역,20221008
경상남도 양산시 평산동 1045-1번지,48330,11900,0,1045,0001,1264100021561,,,,3,용도구역코드,180,농업보호구역,1,0,,농업보호구역,20221008
경상남도 양산시 평산동 1046번지,48330,11900,0,1046,0000,12648776,,,,1,용도지역코드,1330,자연녹지지역,1,0,,자연녹지지역,20221008
경상남도 양산시 평산동 1046번지,48330,11900,0,1046,0000,12648776,,,,3,용도구역코드,180,농업보호구역,1,0,,농업보호구역,20221008
경상남도 양산시 평산동 1046-1번지,48330,11900,0,1046,0001,12648714,,,,1,용도지역코드,1330,자연녹지지역,1,0,,자연녹지지역,20221008
경상남도 양산시 평산동 1047-1번지,48330,11900,0,1047,0001,12648782,,,,1,용도지역코드,1330,자연녹지지역,1,0,,자연녹지지역,20221008
경상남도 양산시 평산동 1047-1번지,48330,11900,0,1047,0001,12648782,,,,3,용도구역코드,010,도시계획구역,0,0,,도시계획구역,20221008
경상남도 양산시 평산동 1047-1번지,48330,11900,0,1047,0001,12648782,,,,3,용도구역코드,180,농업보호구역,1,0,,농업보호구역,20221008
경상남도 양산시 평산동 1047-3번지,48330,11900,0,1047,0003,1000000000000000674206,,,,1,용도지역코드,UQA430,자연녹지지역,1,0,,자연녹지지역,20250903
경상남도 양산시 평산동 1047-3번지,48330,11900,0,1047,0003,1000000000000000674206,,,,3,용도구역코드,UMZ100,가축사육제한구역,1,0,,가축사육제한구역,20250903
경상남도 양산시 평산동 1047-5번지,48330,11900,0,1047,0005,1264100128581,,,,1,용도지역코드,UQA430,자연녹지지역,1,0,,자연녹지지역,20221008
경상남도 양산시 평산동 1050-5번지,48330,11900,0,1050,0005,12647899,,,,1,용도지역코드,1330,자연녹지지역,1,0,,자연녹지지역,20221008
경상남도 양산시 평산동 1050-5번지,48330,11900,0,1050,0005,12647899,,,,3,용도구역코드,180,농업보호구역,1,0,,농업보호구역,20221008
경상남도 양산시 평산동 1050-13번지,48330,11900,0,1050,0013,1000000000000000355269,,,,1,용도지역코드,UQA430,자연녹지지역,1,0,,자연녹지지역,20231206
경상남도 양산시 평산동 1050-13번지,48330,11900,0,1050,0013,1000000000000000623939,,,,3,용도구역코드,UMZ100,가축사육제한구역,1,0,,가축사육제한구역,20250708
경상남도 양산시 평산동 1050-13번지,48330,11900,0,1050,0013,1000000000000000623939,,,,1,용도지역코드,UQA430,자연녹지지역,1,0,,자연녹지지역,20250708
경상남도 양산시 평산동 1050-13번지,48330,11900,0,1050,0013,1264100026531,,,,1,용도지역코드,UQA430,자연녹지지역,1,0,,자연녹지지역,20221008
경상남도 양산시 평산동 1050-13번지,48330,11900,0,1050,0013,1264100026531,,,,3,용도구역코드,UEA120,농업보호구역,1,0,,농업보호구역,20221008
경상남도 양산시 평산동 1050-13번지,48330,11900,0,1050,0013,1000000000000000234124,,,,3,용도구역코드,UMZ100,가축사육제한구역,1,0,,가축사육제한구역,20230221
경상남도 양산시 평산동 1050-13번지,48330,11900,0,1050,0013,1000000000000000234124,,,,1,용도지역코드,UQA430,자연녹지지역,1,0,,자연녹지지역,20230221
경상남도 양산시 평산동 1050-16번지,48330,11900,0,1050,0016,12645360,,,,1,용도지역코드,1330,자연녹지지역,1,0,,자연녹지지역,20221008
경상남도 양산시 평산동 1050-16번지,48330,11900,0,1050,0016,12645360,,,,3,용도구역코드,180,농업보호구역,1,0,,농업보호구역,20221008
경상남도 양산시 평산동 1050-19번지,48330,11900,0,1050,0019,1264100029569,,,,1,용도지역코드,UQA430,자연녹지지역,1,0,,자연녹지지역,20221008
경상남도 양산시 평산동 1050-20번지,48330,11900,0,1050,0020,1000000000000000362233,,,,3,용도구역코드,UJB100,하천구역,1,0,,하천구역,20230829
경상남도 양산시 평산동 1050-20번지,48330,11900,0,1050,0020,1000000000000000362233,,,,1,용도지역코드,UQA430,자연녹지지역,1,0,,자연녹지지역,20230829
경상남도 양산시 평산동 1050-20번지,48330,11900,0,1050,0020,1000000000000000363350,,,,3,용도구역코드,UJB100,하천구역,1,0,,하천구역,20230830
경상남도 양산시 평산동 1050-20번지,48330,11900,0,1050,0020,1000000000000000363350,,,,1,용도지역코드,UQA430,자연녹지지역,1,0,,자연녹지지역,20230830
경상남도 양산시 평산동 1050-20번지,48330,11900,0,1050,0020,1264100042283,,,,1,용도지역코드,UQA430,자연녹지지역,1,0,,자연녹지지역,20221008
경상남도 양산시 평산동 1050-20번지,48330,11900,0,1050,0020,1264100042283,,,,3,용도구역코드,UEA120,농업보호구역,1,0,,농업보호구역,20221008
경상남도 양산시 평산동 1050-20번지,48330,11900,0,1050,0020,1264100042283,,,,3,용도구역코드,UJB100,하천구역,0,0,,하천구역,20221008
경상남도 양산시 평산동 1050-20번지,48330,11900,0,1050,0020,1264100049185,,,,1,용도지역코드,UQA430,자연녹지지역,1,0,,자연녹지지역,20221008
경상남도 양산시 평산동 1050-20번지,48330,11900,0,1050,0020,1264100049185,,,,3,용도구역코드,UEA120,농업보호구역,1,0,,농업보호구역,20221008
경상남도 양산시 평산동 1050-20번지,48330,11900,0,1050,0020,1264100049185,,,,3,용도구역코드,UJB100,하천구역,0,0,,하천구역,20221008
경상남도 양산시 평산동 1054-3번지,48330,11900,0,1054,0003,1264100044026,,,,1,용도지역코드,UQA430,자연녹지지역,1,0,,자연녹지지역,20221008
경상남도 양산시 평산동 1054-3번지,48330,11900,0,1054,0003,1264100044026,,,,3,용도구역코드,UJB100,하천구역,1,0,,하천구역,20221008
경상남도 양산시 평산동 1054-3번지,48330,11900,0,1054,0003,1264100134267,,,,1,용도지역코드,UQA430,자연녹지지역,1,0,,자연녹지지역,20221008
경상남도 양산시 평산동 1054-3번지,48330,11900,0,1054,0003,1264100153590,,,,1,용도지역코드,UQA430,자연녹지지역,1,0,,자연녹지지역,20221008
경상남도 양산시 평산동 1054-3번지,48330,11900,0,1054,0003,1264100139804,,,,1,용도지역코드,UQA430,자연녹지지역,1,0,,자연녹지지역,20221008
경상남도 양산시 평산동 1075번지,48330,11900,0,1075,0000,1264100063560,,,,1,용도지역코드,UQA430,자연녹지지역,1,0,,자연녹지지역,20221008
경상남도 양산시 평산동 1075번지,48330,11900,0,1075,0000,1264100022022,,,,1,용도지역코드,1330,자연녹지지역,1,0,,자연녹지지역,20221008
경상남도 양산시 평산동 1075번지,48330,11900,0,1075,0000,1264100022022,,,,3,용도구역코드,180,농업보호구역,1,0,,농업보호구역,20221008
경상남도 양산시 평산동 1075-4번지,48330,11900,0,1075,0004,1000000000000000425474,,,,1,용도지역코드,UQA430,자연녹지지역,1,0,,자연녹지지역,20250924
경상남도 양산시 평산동 1075-4번지,48330,11900,0,1075,0004,1000000000000000425474,,,,3,용도구역코드,UMZ100,가축사육제한구역,1,0,,가축사육제한구역,20250924
경상남도 양산시 평산동 1075-5번지,48330,11900,0,1075,0005,1264100022023,,,,1,용도지역코드,1330,자연녹지지역,1,0,,자연녹지지역,20221008
경상남도 양산시 평산동 1075-5번지,48330,11900,0,1075,0005,1264100022023,,,,3,용도구역코드,180,농업보호구역,1,0,,농업보호구역,20221008
경상남도 양산시 평산동 1075-18번지,48330,11900,0,1075,0018,1264100022021,,,,1,용도지역코드,1330,자연녹지지역,1,0,,자연녹지지역,20221008
경상남도 양산시 평산동 1075-18번지,48330,11900,0,1075,0018,1264100022021,,,,3,용도구역코드,180,농업보호구역,1,0,,농업보호구역,20221008
경상남도 양산시 평산동 1075-19번지,48330,11900,0,1075,0019,1264100022007,,,,1,용도지역코드,1330,자연녹지지역,1,0,,자연녹지지역,20221008
경상남도 양산시 평산동 1075-19번지,48330,11900,0,1075,0019,1264100022007,,,,3,용도구역코드,180,농업보호구역,1,0,,농업보호구역,20221008
경상남도 양산시 평산동 1081-1번지,48330,11900,0,1081,0001,12649838,,,,1,용도지역코드,1330,자연녹지지역,1,0,,자연녹지지역,20221008
경상남도 양산시 평산동 1088번지,48330,11900,0,1088,0000,12642933,,,,1,용도지역코드,Z200,준농림지역,1,0,,준농림지역,20221008
경상남도 양산시 평산동 1088번지,48330,11900,0,1088,0000,1264100009029,,,,1,용도지역코드,1310,보전녹지지역,1,0,,보전녹지지역,20221008
경상남도 양산시 평산동 1096-1번지,48330,11900,0,1096,0001,1264572,,,,1,용도지역코드,0900,산림보전지역,1,0,,산림보전지역,20221008
경상남도 양산시 평산동 1108-29번지,48330,11900,0,1108,0029,12642786,,,,1,용도지역코드,1020,일반주거지역,1,0,,일반주거지역,20221008
경상남도 양산시 평산동 1108-40번지,48330,11900,0,1108,0040,1264331,,,,1,용도지역코드,0800,경지지역,1,0,,경지지역,20221008
경상남도 양산시 평산동 1108-71번지,48330,11900,0,1108,0071,1000000000000000677424,,,,3,용도구역코드,UOA120,상대보호구역,1,0,,상대보호구역,20260212
경상남도 양산시 평산동 1108-71번지,48330,11900,0,1108,0071,1000000000000000677424,,,,1,용도지역코드,UQA122,제2종일반주거지역,1,0,,제2종일반주거지역,20260212
경상남도 양산시 평산동 1108-101번지,48330,11900,0,1108,0101,1264100154391,,,,1,용도지역코드,UQA430,자연녹지지역,1,0,,자연녹지지역,20230321
경상남도 양산시 평산동 1108-101번지,48330,11900,0,1108,0101,1264100154391,,,,1,용도지역코드,UQA123,제3종일반주거지역,0,0,,제3종일반주거지역,20230321
경상남도 양산시 평산동 1108-121번지,48330,11900,0,1108,0121,12641661,경상남도 양산시 웅상읍 평산리,1108,121,1,용도지역코드,1330,자연녹지지역,1,0,,자연녹지지역,20221008
경상남도 양산시 평산동 1108-121번지,48330,11900,0,1108,0121,12641713,경상남도 양산시 웅상읍 평산리,1108,121,1,용도지역코드,1330,자연녹지지역,1,0,,자연녹지지역,20221008
경상남도 양산시 평산동 1108-160번지,48330,11900,0,1108,0160,1264100020498,,,,1,용도지역코드,1022,제2종일반주거지역,1,0,,제2종일반주거지역,20221008
경상남도 양산시 평산동 1108-160번지,48330,11900,0,1108,0160,1264100020498,,,,3,용도구역코드,272,상대정화구역,1,0,,상대정화구역,20221008
경상남도 양산시 평산동 1108-160번지,48330,11900,0,1108,0160,1264100024171,,,,1,용도지역코드,UQA122,제2종일반주거지역,1,0,,제2종일반주거지역,20221008
경상남도 양산시 평산동 1108-160번지,48330,11900,0,1108,0160,1264100024171,,,,3,용도구역코드,UOA120,상대보호구역,1,0,,상대정화구역,20221008
경상남도 양산시 평산동 1108-231번지,48330,11900,0,1108,0231,1264100056028,,,,1,용도지역코드,UQA123,제3종일반주거지역,1,0,,제3종일반주거지역,20221008
경상남도 양산시 평산동 1108-231번지,48330,11900,0,1108,0231,1264100056028,,,,2,용도지구코드,UQG130,일반미관지구,1,0,,일반미관지구,20221008
경상남도 양산시 평산동 1184번지,48330,11900,0,1184,0000,1264100053828,,,,1,용도지역코드,UQA122,제2종일반주거지역,1,0,,제2종일반주거지역,20221008
경상남도 양산시 평산동 1184번지,48330,11900,0,1184,0000,1264100005586,,,,1,용도지역코드,1330,자연녹지지역,1,0,,자연녹지지역,20221008
경상남도 양산시 평산동 1187번지,48330,11900,0,1187,0000,1264100140163,,,,1,용도지역코드,UQA430,자연녹지지역,1,0,,자연녹지지역,20221008
경상남도 양산시 평산동 1187번지,48330,11900,0,1187,0000,1264100140163,,,,1,용도지역코드,UQA122,제2종일반주거지역,0,0,,제2종일반주거지역,20221008
경상남도 양산시 평산동 1187번지,48330,11900,0,1187,0000,1264100140163,,,,2,용도지구코드,UQF132,시가지경관지구(일반),1,0,,시가지경관지구(일반),20221008
경상남도 양산시 평산동 1187번지,48330,11900,0,1187,0000,1264100140163,,,,3,용도구역코드,UJB100,하천구역,1,0,,하천구역,20221008
경상남도 양산시 평산동 1189번지,48330,11900,0,1189,0000,12648662,,,,1,용도지역코드,1022,제2종일반주거지역,1,0,,제2종일반주거지역,20221008
경상남도 양산시 평산동 1189번지,48330,11900,0,1189,0000,1264100128141,,,,1,용도지역코드,UQA122,제2종일반주거지역,1,0,,제2종일반주거지역,20221008
경상남도 양산시 평산동 1189번지,48330,11900,0,1189,0000,1264100128141,,,,2,용도지구코드,UQF132,시가지경관지구(일반),1,0,,시가지경관지구(일반),20221008
경상남도 양산시 평산동 1201-34번지,48330,11900,0,1201,0034,1264100153911,,,,1,용도지역코드,UQA122,제2종일반주거지역,1,0,,제2종일반주거지역,20230705
경상남도 양산시 평산동 1201-34번지,48330,11900,0,1201,0034,1264100153911,,,,3,용도구역코드,UQQ300,지구단위계획구역,1,0,,지구단위계획구역,20230705
경상남도 양산시 평산동 산9-8번지,48330,11900,1,0009,0008,12645385,,,,1,용도지역코드,1022,제2종일반주거지역,1,0,,제2종일반주거지역,20221008
경상남도 양산시 평산동 산10-5번지,48330,11900,1,0010,0005,12647829,,,,1,용도지역코드,1023,제3종일반주거지역,1,0,,제3종일반주거지역,20221008
경상남도 양산시 평산동 산10-13번지,48330,11900,1,0010,0013,1264100040782,,,,1,용도지역코드,UQA123,제3종일반주거지역,1,0,,제3종일반주거지역,20251114
경상남도 양산시 평산동 산25-10번지,48330,11900,1,0025,0010,1000000000000000350429,,,,3,용도구역코드,UMZ100,가축사육제한구역,1,0,,가축사육제한구역,20251105
경상남도 양산시 평산동 산25-10번지,48330,11900,1,0025,0010,1000000000000000350429,,,,3,용도구역코드,UOA120,상대보호구역,0,0,,상대보호구역,20251105
경상남도 양산시 평산동 산25-10번지,48330,11900,1,0025,0010,1000000000000000350429,,,,1,용도지역코드,UQA430,자연녹지지역,1,0,,자연녹지지역,20251105
경상남도 양산시 평산동 산119-9번지,48330,11900,1,0119,0009,1264100130284,,,,1,용도지역코드,UQA122,제2종일반주거지역,1,0,,제2종일반주거지역,20231110
경상남도 양산시 평산동 산119-9번지,48330,11900,1,0119,0009,1264100130284,,,,3,용도구역코드,UOA120,상대보호구역,1,0,,상대보호구역,20231110
경상남도 양산시 평산동 산155-3번지,48330,11900,1,0155,0003,1264100028735,,,,1,용도지역코드,UQA430,자연녹지지역,1,0,,자연녹지지역,20221008
경상남도 양산시 평산동 산161-3번지,48330,11900,1,0161,0003,1264100122039,,,,1,용도지역코드,UQA430,자연녹지지역,1,0,,자연녹지지역,20231227
경상남도 양산시 평산동 산171-4번지,48330,11900,1,0171,0004,1000000000000000849139,,,,3,용도구역코드,UDV100,개발제한구역,1,0,,개발제한구역,20251126
경상남도 양산시 평산동 산171-4번지,48330,11900,1,0171,0004,1000000000000000849139,,,,1,용도지역코드,UQA430,자연녹지지역,1,0,,자연녹지지역,20251126
경상남도 양산시 평산동 산367-5번지,48330,11900,1,0367,0005,12644091,,,,1,용도지역코드,1020,일반주거지역,1,0,,일반주거지역,20221008
경상남도 양산시 평산동 블록,48330,11900,2,0000,0000,12649159,평산지구 토지구획정리지구,25,7,1,용도지역코드,1120,일반상업지역,1,0,,일반상업지역,20221008
경상남도 양산시 평산동 블록,48330,11900,2,0000,0000,12649159,평산지구 토지구획정리지구,25,7,2,용도지구코드,340,토지구획정리사업지구,1,0,,토지구획정리사업지구,20221008
경상남도 양산시 평산동 블록,48330,11900,2,0000,0000,1264100020439,평산토지구획정리사업지구,2블록,3-1롯트,1,용도지역코드,1022,제2종일반주거지역,1,0,,제2종일반주거지역,20221008
경상남도 양산시 평산동 블록,48330,11900,2,0000,0000,1264100005027,평산토지구회정리사업지구,20블럭,1로트,1,용도지역코드,1120,일반상업지역,1,0,,일반상업지역,20221008
경상남도 양산시 평산동 블록,48330,11900,2,0000,0000,1264100005027,평산토지구회정리사업지구,20블럭,1로트,3,용도구역코드,010,도시계획구역,1,0,,도시계획구역,20221008
경상남도 양산시 평산동 블록,48330,11900,2,0000,0000,12649261,평산토지구획정리사업지구,24,5,1,용도지역코드,1022,제2종일반주거지역,1,0,,제2종일반주거지역,20221008
경상남도 양산시 평산동 블록,48330,11900,2,0000,0000,12646983,평산구획정리사업지구,22B,8L,1,용도지역코드,1020,일반주거지역,1,0,,일반주거지역,20221008
경상남도 양산시 평산동 블록,48330,11900,2,0000,0000,12648692,평산토지구획정리지구 12B 3L,,,1,용도지역코드,1022,제2종일반주거지역,1,0,,제2종일반주거지역,20221008
경상남도 양산시 평산동 블록,48330,11900,2,0000,0000,12645587,평산토지구획정리사업지구,11,1,1,용도지역코드,1022,제2종일반주거지역,1,0,,제2종일반주거지역,20221008
경상남도 양산시 평산동 블록,48330,11900,2,0000,0000,12645587,평산토지구획정리사업지구,11,1,2,용도지구코드,340,토지구획정리사업지구,1,0,,토지구획정리사업지구,20221008
경상남도 양산시 평산동 블록,48330,11900,2,0000,0000,1264100029117,24블럭 1노트,,,1,용도지역코드,UQA122,제2종일반주거지역,1,0,,제2종일반주거지역,20221008
경상남도 양산시 평산동 블록,48330,11900,2,0000,0000,12648769,토지구획정리지구,20,1,1,용도지역코드,1120,일반상업지역,1,0,,일반상업지역,20221008
경상남도 양산시 평산동 블록,48330,11900,2,0000,0000,12648769,토지구획정리지구,20,1,2,용도지구코드,340,토지구획정리사업지구,1,0,,토지구획정리사업지구,20221008
경상남도 양산시 평산동 블록,48330,11900,2,0000,0000,12648769,토지구획정리지구,20,1,3,용도구역코드,010,도시계획구역,1,0,,도시계획구역,20221008
경상남도 양산시 평산동 블록,48330,11900,2,0000,0000,1264100022123,평산토지구획정리지구,2,2,1,용도지역코드,UQA122,제2종일반주거지역,1,0,,제2종일반주거지역,20221008
경상남도 양산시 평산동 블록,48330,11900,2,0000,0000,1264100022123,평산토지구획정리지구,2,2,3,용도구역코드,UOA120,상대보호구역,1,0,,상대정화구역,20221008
경상남도 양산시 평산동 블록,48330,11900,2,0000,0000,1264100020980,평산구획정리지구,24블록,7로트,1,용도지역코드,1022,제2종일반주거지역,1,0,,제2종일반주거지역,20221008
경상남도 양산시 평산동 블록,48330,11900,2,0000,0000,1264100019421,19B 3L,,,1,용도지역코드,1120,일반상업지역,1,0,,일반상업지역,20221008
경상남도 양산시 평산동 블록,48330,11900,2,0000,0000,1264100012651,평산지구토지구획정리지구,12,2-1,1,용도지역코드,1022,제2종일반주거지역,1,0,,제2종일반주거지역,20221008
경상남도 양산시 평산동 블록,48330,11900,2,0000,0000,12647010,평산지구 토지구획정리 사업지구,12,1-2,1,용도지역코드,1022,제2종일반주거지역,1,0,,제2종일반주거지역,20221008
경상남도 양산시 평산동 블록,48330,11900,2,0000,0000,12647010,평산지구 토지구획정리 사업지구,12,1-2,2,용도지구코드,340,토지구획정리사업지구,1,0,,토지구획정리사업지구,20221008
경상남도 양산시 평산동 블록,48330,11900,2,0000,0000,12647012,경상남도 양산시 웅상읍 평산리,12,1-3,1,용도지역코드,1020,일반주거지역,1,0,,일반주거지역,20221008
경상남도 양산시 평산동 블록,48330,11900,2,0000,0000,12647012,경상남도 양산시 웅상읍 평산리,12,1-3,2,용도지구코드,340,토지구획정리사업지구,1,0,,토지구획정리사업지구,20221008
경상남도 양산시 평산동 블록,48330,11900,2,0000,0000,12645858,평산지구토지구획정리지구,16,3-1,1,용도지역코드,1022,제2종일반주거지역,1,0,,제2종일반주거지역,20221008
경상남도 양산시 평산동 블록,48330,11900,2,0000,0000,12647987,평산리토지구획정리지구,22,2-1,1,용도지역코드,1022,제2종일반주거지역,1,0,,제2종일반주거지역,20221008
경상남도 양산시 평산동 블록,48330,11900,2,0000,0000,12647995,평산지구토지구획정리사업지구,23B,1L,1,용도지역코드,1022,제2종일반주거지역,1,0,,제2종일반주거지역,20221008
경상남도 양산시 평산동 블록,48330,11900,2,0000,0000,12647033,평산지구,13,4,1,용도지역코드,1120,일반상업지역,1,0,,일반상업지역,20221008
경상남도 양산시 평산동 블록,48330,11900,2,0000,0000,12647033,평산지구,13,4,2,용도지구코드,340,토지구획정리사업지구,1,0,,토지구획정리사업지구,20221008
경상남도 양산시 평산동 블록,48330,11900,2,0000,0000,12647033,평산지구,13,4,3,용도구역코드,080,도시개발예정구역,1,0,,도시개발예정구역,20221008
경상남도 양산시 평산동 블록,48330,11900,2,0000,0000,12647077,토지구획정리사업지구,26,8,1,용도지역코드,1120,일반상업지역,1,0,,일반상업지역,20221008
경상남도 양산시 평산동 블록,48330,11900,2,0000,0000,12645912,평산토지구획정리지구9B1L,,,1,용도지역코드,1022,제2종일반주거지역,1,0,,제2종일반주거지역,20221008
경상남도 양산시 평산동 블록,48330,11900,2,0000,0000,12645912,평산토지구획정리지구9B1L,,,2,용도지구코드,340,토지구획정리사업지구,1,0,,토지구획정리사업지구,20221008
경상남도 양산시 평산동 블록,48330,11900,2,0000,0000,12645924,평산토지구획정리사업지구,24,1,1,용도지역코드,1022,제2종일반주거지역,1,0,,제2종일반주거지역,20221008
경상남도 양산시 평산동 블록,48330,11900,2,0000,0000,12645924,평산토지구획정리사업지구,24,1,2,용도지구코드,340,토지구획정리사업지구,1,0,,토지구획정리사업지구,20221008
경상남도 양산시 평산동 블록,48330,11900,2,0000,0000,12647077,토지구획정리사업지구,26,8,2,용도지구코드,980,용도지구미지정,1,0,,용도지구미지정,20221008
경상남도 양산시 평산동 블록,48330,11900,2,0000,0000,12647077,토지구획정리사업지구,26,8,3,용도구역코드,390,도시개발구역,1,0,,도시개발구역,20221008
경상남도 양산시 평산동 블록,48330,11900,2,0000,0000,12647082,평산지구토지구획정리사업지구,17,4,1,용도지역코드,1022,제2종일반주거지역,1,0,,제2종일반주거지역,20221008
경상남도 양산시 평산동 블록,48330,11900,2,0000,0000,12647114,평산구획정리지구,11,1,1,용도지역코드,1022,제2종일반주거지역,1,0,,제2종일반주거지역,20221008
경상남도 양산시 평산동 블록,48330,11900,2,0000,0000,12647114,평산구획정리지구,11,1,2,용도지구코드,340,토지구획정리사업지구,1,0,,토지구획정리사업지구,20221008
경상남도 양산시 평산동 블록,48330,11900,2,0000,0000,12645949,평산지구 토지구획 정리사업 지구내,15,8,1,용도지역코드,1120,일반상업지역,1,0,,일반상업지역,20221008
경상남도 양산시 평산동 블록,48330,11900,2,0000,0000,12648584,평산토지구획정리사업지구,19,2,1,용도지역코드,1120,일반상업지역,1,0,,일반상업지역,20221008
경상남도 양산시 평산동 블록,48330,11900,2,0000,0000,12648584,평산토지구획정리사업지구,19,2,2,용도지구코드,980,용도지구미지정,1,0,,용도지구미지정,20221008
경상남도 양산시 평산동 블록,48330,11900,2,0000,0000,12648584,평산토지구획정리사업지구,19,2,3,용도구역코드,980,용도구역미지정,1,0,,용도구역미지정,20221008
경상남도 양산시 평산동 블록,48330,11900,2,0000,0000,12645975,평산토지구획정리사업지구,26,1,1,용도지역코드,1120,일반상업지역,1,0,,일반상업지역,20221008
경상남도 양산시 평산동 블록,48330,11900,2,0000,0000,12645975,평산토지구획정리사업지구,26,1,2,용도지구코드,340,토지구획정리사업지구,1,0,,토지구획정리사업지구,20221008
경상남도 양산시 평산동 블록,48330,11900,2,0000,0000,12647160,토지구획정리사업지구,9,2,1,용도지역코드,1022,제2종일반주거지역,1,0,,제2종일반주거지역,20221008
경상남도 양산시 평산동 블록,48330,11900,2,0000,0000,12647160,토지구획정리사업지구,9,2,2,용도지구코드,340,토지구획정리사업지구,1,0,,토지구획정리사업지구,20221008
경상남도 양산시 평산동 블록,48330,11900,2,0000,0000,12647170,평산지구토지구획정리지구,18,6,1,용도지역코드,1120,일반상업지역,1,0,,일반상업지역,20221008
경상남도 양산시 평산동 블록,48330,11900,2,0000,0000,12647749,평산지구 토지구획정리 사업지구내,21,1,1,용도지역코드,1120,일반상업지역,1,0,,일반상업지역,20221008
경상남도 양산시 평산동 블록,48330,11900,2,0000,0000,12647749,평산지구 토지구획정리 사업지구내,21,1,2,용도지구코드,340,토지구획정리사업지구,1,0,,토지구획정리사업지구,20221008
경상남도 양산시 평산동 블록,48330,11900,2,0000,0000,12647778,평산지구토지구획정리사업지구,23B,1L,1,용도지역코드,1020,일반주거지역,1,0,,일반주거지역,20221008
경상남도 양산시 평산동 블록,48330,11900,2,0000,0000,12644917,평산토지구획정리지구,20,5,1,용도지역코드,1120,일반상업지역,1,0,,일반상업지역,20221008
경상남도 양산시 평산동 블록,48330,11900,2,0000,0000,12644917,평산토지구획정리지구,20,5,2,용도지구코드,340,토지구획정리사업지구,1,0,,토지구획정리사업지구,20221008
경상남도 양산시 평산동 블록,48330,11900,2,0000,0000,12643896,평산토지구획정리지구 17B 3L,,,1,용도지역코드,1020,일반주거지역,1,0,,일반주거지역,20221008
경상남도 양산시 평산동 블록,48330,11900,2,0000,0000,12646267,평산지구 토지구획정리사업지구,19,2,1,용도지역코드,1120,일반상업지역,1,0,,일반상업지역,20221008
경상남도 양산시 평산동 블록,48330,11900,2,0000,0000,12646267,평산지구 토지구획정리사업지구,19,2,2,용도지구코드,340,토지구획정리사업지구,1,0,,토지구획정리사업지구,20221008
경상남도 양산시 평산동 블록,48330,11900,2,0000,0000,12646267,평산지구 토지구획정리사업지구,19,2,3,용도구역코드,980,용도구역미지정,1,0,,용도구역미지정,20221008
경상남도 양산시 평산동 블록,48330,11900,2,0000,0000,12646275,평산지구 토지구획 정리사업 지구내,26,1-1,1,용도지역코드,1120,일반상업지역,1,0,,일반상업지역,20221008
경상남도 양산시 평산동 블록,48330,11900,2,0000,0000,12646275,평산지구 토지구획 정리사업 지구내,26,1-1,2,용도지구코드,980,용도지구미지정,1,0,,용도지구미지정,20221008
경상남도 양산시 평산동 블록,48330,11900,2,0000,0000,12646275,평산지구 토지구획 정리사업 지구내,26,1-1,3,용도구역코드,980,용도구역미지정,1,0,,용도구역미지정,20221008
경상남도 양산시 평산동 블록,48330,11900,2,0000,0000,12644662,평산토지구획정리지구,25,8,1,용도지역코드,1120,일반상업지역,1,0,,일반상업지역,20221008
경상남도 양산시 평산동 블록,48330,11900,2,0000,0000,12646317,토지구획정리지구,20,1,1,용도지역코드,1120,일반상업지역,1,0,,일반상업지역,20221008
경상남도 양산시 평산동 블록,48330,11900,2,0000,0000,12646317,토지구획정리지구,20,1,2,용도지구코드,340,토지구획정리사업지구,1,0,,토지구획정리사업지구,20221008
경상남도 양산시 평산동 블록,48330,11900,2,0000,0000,12646317,토지구획정리지구,20,1,3,용도구역코드,010,도시계획구역,1,0,,도시계획구역,20221008
경상남도 양산시 평산동 블록,48330,11900,2,0000,0000,12645067,평산토지구획정리사업지구,13,3,1,용도지역코드,1120,일반상업지역,1,0,,일반상업지역,20221008
경상남도 양산시 평산동 블록,48330,11900,2,0000,0000,12645067,평산토지구획정리사업지구,13,3,2,용도지구코드,340,토지구획정리사업지구,1,0,,토지구획정리사업지구,20221008
경상남도 양산시 평산동 블록,48330,11900,2,0000,0000,12645101,평산지구 토지구획정리사업지구,13,2,1,용도지역코드,1120,일반상업지역,1,0,,일반상업지역,20221008
경상남도 양산시 평산동 블록,48330,11900,2,0000,0000,12646074,평산토지구획정리지구,16,3,1,용도지역코드,1022,제2종일반주거지역,1,0,,제2종일반주거지역,20221008
경상남도 양산시 평산동 블록,48330,11900,2,0000,0000,12644484,평산지구내,20,6,1,용도지역코드,1120,일반상업지역,1,0,,일반상업지역,20221008
경상남도 양산시 평산동 블록,48330,11900,2,0000,0000,12644484,평산지구내,20,6,2,용도지구코드,980,용도지구미지정,1,0,,용도지구미지정,20221008
경상남도 양산시 평산동 블록,48330,11900,2,0000,0000,12644484,평산지구내,20,6,3,용도구역코드,980,용도구역미지정,1,0,,용도구역미지정,20221008
경상남도 양산시 평산동 블록,48330,11900,2,0000,0000,12645669,평산토지구획정리지구,21,4,1,용도지역코드,1120,일반상업지역,1,0,,일반상업지역,20221008
경상남도 양산시 평산동 블록,48330,11900,2,0000,0000,12645669,평산토지구획정리지구,21,4,2,용도지구코드,340,토지구획정리사업지구,1,0,,토지구획정리사업지구,20221008
경상남도 양산시 평산동 블록,48330,11900,2,0000,0000,12646225,평산토지구획정리사업지구,25,8,1,용도지역코드,1120,일반상업지역,1,0,,일반상업지역,20221008
경상남도 양산시 평산동 블록,48330,11900,2,0000,0000,12646225,평산토지구획정리사업지구,25,8,2,용도지구코드,340,토지구획정리사업지구,1,0,,토지구획정리사업지구,20221008
경상남도 양산시 평산동 블록,48330,11900,2,0000,0000,12644799,평산지구토지구획정리지구,22,1,1,용도지역코드,1022,제2종일반주거지역,1,0,,제2종일반주거지역,20221008
경상남도 양산시 평산동 블록,48330,11900,2,0000,0000,12644799,평산지구토지구획정리지구,22,1,2,용도지구코드,340,토지구획정리사업지구,1,0,,토지구획정리사업지구,20221008
경상남도 양산시 평산동 블록,48330,11900,2,0000,0000,12645745,평산토지구획정리지구,12,2-1,1,용도지역코드,1022,제2종일반주거지역,1,0,,제2종일반주거지역,20221008
경상남도 양산시 평산동 블록,48330,11900,2,0000,0000,12645251,평산토지구획사업지구,2,4,1,용도지역코드,1022,제2종일반주거지역,1,0,,제2종일반주거지역,20221008
경상남도 양산시 평산동 블록,48330,11900,2,0000,0000,12645251,평산토지구획사업지구,2,4,2,용도지구코드,340,토지구획정리사업지구,1,0,,토지구획정리사업지구,20221008
경상남도 양산시 평산동 블록,48330,11900,2,0000,0000,12644847,평산토지구획정리사업지구,5B,3-1L,1,용도지역코드,1120,일반상업지역,1,0,,일반상업지역,20221008
경상남도 양산시 평산동 블록,48330,11900,2,0000,0000,12644847,평산토지구획정리사업지구,5B,3-1L,2,용도지구코드,340,토지구획정리사업지구,1,0,,토지구획정리사업지구,20221008
경상남도 양산시 평산동 블록,48330,11900,2,0000,0000,12645575,평산지구토지구획정리사업지구,16,3,1,용도지역코드,1022,제2종일반주거지역,1,0,,제2종일반주거지역,20221008
경상남도 양산시 평산동 블록,48330,11900,2,0000,0000,12645575,평산지구토지구획정리사업지구,16,3,2,용도지구코드,340,토지구획정리사업지구,1,0,,토지구획정리사업지구,20221008
경상남도 양산시 평산동 블록,48330,11900,2,0000,0000,12645281,평산지구토지구획정리사업지구,22,1,1,용도지역코드,1022,제2종일반주거지역,1,0,,제2종일반주거지역,20221008
경상남도 양산시 평산동 블록,48330,11900,2,0000,0000,12645281,평산지구토지구획정리사업지구,22,1,2,용도지구코드,340,토지구획정리사업지구,1,0,,토지구획정리사업지구,20221008
경상남도 양산시 평산동 블록,48330,11900,2,0000,0000,12645289,평산토지구획정리사업지구,26,9,1,용도지역코드,1120,일반상업지역,1,0,,일반상업지역,20221008
경상남도 양산시 평산동 블록,48330,11900,2,0000,0000,12645289,평산토지구획정리사업지구,26,9,2,용도지구코드,340,토지구획정리사업지구,1,0,,토지구획정리사업지구,20221008
경상남도 양산시 평산동 블록,48330,11900,2,0000,0000,12644869,평산지구 토지구획정리사업지구,18,2,1,용도지역코드,1120,일반상업지역,1,0,,일반상업지역,20221008
경상남도 양산시 평산동 블록,48330,11900,2,0000,0000,12644869,평산지구 토지구획정리사업지구,18,2,2,용도지구코드,340,토지구획정리사업지구,1,0,,토지구획정리사업지구,20221008
경상남도 양산시 평산동 블록,48330,11900,2,0000,0000,12644869,평산지구 토지구획정리사업지구,18,2,3,용도구역코드,130,토지구획정리사업구역,1,0,,토지구획정리사업구역,20221008
경상남도 양산시 평산동 블록,48330,11900,2,0000,0000,12645795,평산지구토지구획정리사업지구,19,4,1,용도지역코드,1120,일반상업지역,1,0,,일반상업지역,20221008
경상남도 양산시 평산동 블록,48330,11900,2,0000,0000,12645795,평산지구토지구획정리사업지구,19,4,2,용도지구코드,340,토지구획정리사업지구,1,0,,토지구획정리사업지구,20221008
경상남도 양산시 평산동 블록,48330,11900,2,0000,0000,12645315,평산지구토지구획정리지구,26,9,1,용도지역코드,1120,일반상업지역,1,0,,일반상업지역,20221008
경상남도 양산시 평산동 블록,48330,11900,2,0000,0000,12645315,평산지구토지구획정리지구,26,9,2,용도지구코드,340,토지구획정리사업지구,1,0,,토지구획정리사업지구,20221008
경상남도 양산시 평산동 블록,48330,11900,2,0000,0000,12645612,토지구획정리지구,12,2-2,1,용도지역코드,1022,제2종일반주거지역,1,0,,제2종일반주거지역,20221008
경상남도 양산시 평산동 블록,48330,11900,2,0000,0000,12645612,토지구획정리지구,12,2-2,2,용도지구코드,340,토지구획정리사업지구,1,0,,토지구획정리사업지구,20221008
경상남도 양산시 평산동 블록,48330,11900,2,0000,0000,12645617,평산토지구획정리사업지구,19,1,1,용도지역코드,1120,일반상업지역,1,0,,일반상업지역,20221008
경상남도 양산시 평산동 블록,48330,11900,2,0000,0000,12645507,평산지구토지구획정리사업지구내,24,7,1,용도지역코드,1022,제2종일반주거지역,1,0,,제2종일반주거지역,20221008
경상남도 양산시 평산동 블록,48330,11900,2,0000,0000,12645507,평산지구토지구획정리사업지구내,24,7,2,용도지구코드,340,토지구획정리사업지구,1,0,,토지구획정리사업지구,20221008
경상남도 양산시 평산동 블록,48330,11900,2,0000,0000,12644882,경상남도 양산시 평산지구 토지구획 정리사업지구내,12,2,1,용도지역코드,1022,제2종일반주거지역,1,0,,제2종일반주거지역,20221008
경상남도 양산시 평산동 블록,48330,11900,2,0000,0000,12644882,경상남도 양산시 평산지구 토지구획 정리사업지구내,12,2,2,용도지구코드,340,토지구획정리사업지구,1,0,,토지구획정리사업지구,20221008
경상남도 양산시 평산동 블록,48330,11900,2,0000,0000,1264100019136,,19,3,1,용도지역코드,UQA220,일반상업지역,1,0,,일반상업지역,20221008
경상남도 양산시 평산동 블록,48330,11900,2,0000,0000,1264100020438,평산토지구획정리사업지구,2블록,3롯트,1,용도지역코드,1022,제2종일반주거지역,1,0,,제2종일반주거지역,20221008
경상남도 양산시 평산동 블록,48330,11900,2,0000,0000,12643915,평산지구,22,2,1,용도지역코드,1022,제2종일반주거지역,1,0,,제2종일반주거지역,20221008
경상남도 양산시 평산동 블록,48330,11900,2,0000,0000,12643915,평산지구,22,2,2,용도지구코드,340,토지구획정리사업지구,1,0,,토지구획정리사업지구,20221008
경상남도 양산시 평산동 블록,48330,11900,2,0000,0000,12643917,평산지구 토지구획사업지구,22B,7L,1,용도지역코드,1022,제2종일반주거지역,1,0,,제2종일반주거지역,20221008
경상남도 양산시 평산동 블록,48330,11900,2,0000,0000,12643917,평산지구 토지구획사업지구,22B,7L,2,용도지구코드,340,토지구획정리사업지구,1,0,,토지구획정리사업지구,20221008
경상남도 양산시 평산동 블록,48330,11900,2,0000,0000,12643918,평산지구토지구획정리사업지구,22,2-1,1,용도지역코드,1022,제2종일반주거지역,1,0,,제2종일반주거지역,20221008
경상남도 양산시 평산동 블록,48330,11900,2,0000,0000,12643918,평산지구토지구획정리사업지구,22,2-1,2,용도지구코드,340,토지구획정리사업지구,1,0,,토지구획정리사업지구,20221008
경상남도 양산시 평산동 블록,48330,11900,2,0000,0000,1264100025491,13B 2L,,,1,용도지역코드,UQA220,일반상업지역,1,0,,일반상업지역,20221008
경상남도 양산시 평산동 블록,48330,11900,2,0000,0000,1264100018435,,23,4,1,용도지역코드,1022,제2종일반주거지역,1,0,,제2종일반주거지역,20221008
경상남도 양산시 평산동 블록,48330,11900,2,0000,0000,1264100018435,,23,4,3,용도구역코드,272,상대정화구역,1,0,,상대정화구역,20221008
경상남도 양산시 평산동 블록,48330,11900,2,0000,0000,1264100018435,,23,4,3,용도구역코드,390,도시개발구역,0,0,,도시개발구역,20221008
경상남도 양산시 평산동 블록,48330,11900,2,0000,0000,1264100019100,,24블록,5로트,1,용도지역코드,1022,제2종일반주거지역,1,0,,제2종일반주거지역,20221008
경상남도 양산시 평산동 블록,48330,11900,2,0000,0000,1264100019100,,24블록,5로트,2,용도지구코드,340,토지구획정리사업지구,1,0,,토지구획정리사업지구,20221008
경상남도 양산시 평산동 블록,48330,11900,2,0000,0000,1264100026610,토지구획정리사업지구내,26블록,6로트,1,용도지역코드,UQA220,일반상업지역,1,0,,일반상업지역,20221008
경상남도 양산시 평산동 블록,48330,11900,2,0000,0000,1264100017414,토지구획정리사업지구내,26블록,6로트,1,용도지역코드,1120,일반상업지역,1,0,,일반상업지역,20221008
경상남도 양산시 평산동 블록,48330,11900,2,0000,0000,1264100007405,평산토지구획정리지구,21,2,1,용도지역코드,1120,일반상업지역,1,0,,일반상업지역,20221008
경상남도 양산시 평산동 블록,48330,11900,2,0000,0000,1264100019401,,24블록,3로트,1,용도지역코드,1022,제2종일반주거지역,1,0,,제2종일반주거지역,20221008
경상남도 양산시 평산동 블록,48330,11900,2,0000,0000,12649012,평산토지구획정리사업지구내,25,1,1,용도지역코드,1120,일반상업지역,1,0,,일반상업지역,20221008
경상남도 양산시 평산동 블록,48330,11900,2,0000,0000,12649016,평산지구토지구획정리사업지구내,11,8,1,용도지역코드,1020,일반주거지역,1,0,,일반주거지역,20221008
경상남도 양산시 평산동 블록,48330,11900,2,0000,0000,12649016,평산지구토지구획정리사업지구내,11,8,2,용도지구코드,340,토지구획정리사업지구,1,0,,토지구획정리사업지구,20221008
경상남도 양산시 평산동 블록,48330,11900,2,0000,0000,1264100006805,평산토지구획정리지구,25B,1L,1,용도지역코드,1120,일반상업지역,1,0,,일반상업지역,20221008
경상남도 양산시 평산동 블록,48330,11900,2,0000,0000,1264100019137,19B 3L,,,1,용도지역코드,1120,일반상업지역,1,0,,일반상업지역,20221008
경상남도 양산시 평산동 블록,48330,11900,2,0000,0000,1264100010130,평산지구 토지구획정리사업지구내,23,3,1,용도지역코드,1022,제2종일반주거지역,1,0,,제2종일반주거지역,20221008
경상남도 양산시 평산동 블록,48330,11900,2,0000,0000,1264100011612,,12,1-3,1,용도지역코드,1022,제2종일반주거지역,1,0,,제2종일반주거지역,20221008
경상남도 양산시 평산동 블록,48330,11900,2,0000,0000,1264100011612,,12,1-3,2,용도지구코드,340,토지구획정리사업지구,1,0,,토지구획정리사업지구,20221008
경상남도 양산시 평산동 블록,48330,11900,2,0000,0000,1264100007649,토지구획정리사업지구,25bB,9L,1,용도지역코드,1120,일반상업지역,1,0,,일반상업지역,20221008
경상남도 양산시 평산동 블록,48330,11900,2,0000,0000,1264100012050,평산토지구획정리사업지구,20,1,1,용도지역코드,1120,일반상업지역,1,0,,일반상업지역,20221008
경상남도 양산시 평산동 블록,48330,11900,2,0000,0000,1264100012050,평산토지구획정리사업지구,20,1,2,용도지구코드,340,토지구획정리사업지구,1,0,,토지구획정리사업지구,20221008
경상남도 양산시 평산동 블록,48330,11900,2,0000,0000,12649059,평산토지구획정리지구,2,4,1,용도지역코드,1022,제2종일반주거지역,1,0,,제2종일반주거지역,20221008
경상남도 양산시 평산동 블록,48330,11900,2,0000,0000,12649207,평산토지구획정리사업지구,21,1,1,용도지역코드,1120,일반상업지역,1,0,,일반상업지역,20221008
경상남도 양산시 평산동 블록,48330,11900,2,0000,0000,12649213,평산토지구획정리지구,,,1,용도지역코드,1120,일반상업지역,1,0,,일반상업지역,20221008
경상남도 양산시 평산동 블록,48330,11900,2,0000,0000,12649213,평산토지구획정리지구,,,3,용도구역코드,010,도시계획구역,1,0,,도시계획구역,20221008
경상남도 양산시 평산동 블록,48330,11900,2,0000,0000,12649218,평산지구토지구획정리사업지구,22B,6L,1,용도지역코드,1022,제2종일반주거지역,1,0,,제2종일반주거지역,20221008
경상남도 양산시 평산동 블록,48330,11900,2,0000,0000,12649218,평산지구토지구획정리사업지구,22B,6L,2,용도지구코드,340,토지구획정리사업지구,1,0,,토지구획정리사업지구,20221008
경상남도 양산시 평산동 블록,48330,11900,2,0000,0000,12649218,평산지구토지구획정리사업지구,22B,6L,3,용도구역코드,130,토지구획정리사업구역,1,0,,토지구획정리사업구역,20221008
경상남도 양산시 평산동 블록,48330,11900,2,0000,0000,12648761,평산토지구획정리지구,13,2,1,용도지역코드,1120,일반상업지역,1,0,,일반상업지역,20221008
경상남도 양산시 평산동 블록,48330,11900,2,0000,0000,12648761,평산토지구획정리지구,13,2,2,용도지구코드,340,토지구획정리사업지구,1,0,,토지구획정리사업지구,20221008
경상남도 양산시 평산동 블록,48330,11900,2,0000,0000,1264100007447,평산토지구획정리지구,15블록,3로트,1,용도지역코드,1120,일반상업지역,1,0,,일반상업지역,20221008
경상남도 양산시 평산동 블록,48330,11900,2,0000,0000,12649156,양산시 평산지구 토지구획 정리사업 지구내,16,4,1,용도지역코드,1022,제2종일반주거지역,1,0,,제2종일반주거지역,20221008
경상남도 양산시 평산동 블록,48330,11900,2,0000,0000,12649156,양산시 평산지구 토지구획 정리사업 지구내,16,4,2,용도지구코드,340,토지구획정리사업지구,1,0,,토지구획정리사업지구,20221008
경상남도 양산시 평산동 블록,48330,11900,2,0000,0000,12649264,토지구획정리사업지구,20,1,1,용도지역코드,1120,일반상업지역,1,0,,일반상업지역,20221008
경상남도 양산시 평산동 블록,48330,11900,2,0000,0000,12649264,토지구획정리사업지구,20,1,3,용도구역코드,010,도시계획구역,1,0,,도시계획구역,20221008
경상남도 양산시 평산동 블록,48330,11900,2,0000,0000,12649265,평산토지구획정리사업지구,25,8,1,용도지역코드,1120,일반상업지역,1,0,,일반상업지역,20221008
경상남도 양산시 평산동 블록,48330,11900,2,0000,0000,12648767,토지구획정리지구 20B 1L,,,1,용도지역코드,1120,일반상업지역,1,0,,일반상업지역,20221008
경상남도 양산시 평산동 블록,48330,11900,2,0000,0000,12648767,토지구획정리지구 20B 1L,,,2,용도지구코드,340,토지구획정리사업지구,1,0,,토지구획정리사업지구,20221008
경상남도 양산시 평산동 블록,48330,11900,2,0000,0000,12648767,토지구획정리지구 20B 1L,,,3,용도구역코드,010,도시계획구역,1,0,,도시계획구역,20221008
경상남도 양산시 평산동 블록,48330,11900,2,0000,0000,12648777,토지구획정리지구,2,2,1,용도지역코드,1022,제2종일반주거지역,1,0,,제2종일반주거지역,20221008
경상남도 양산시 평산동 블록,48330,11900,2,0000,0000,1264100004685,평산토지구획정리지구,24블록,3로트,1,용도지역코드,1022,제2종일반주거지역,1,0,,제2종일반주거지역,20221008
경상남도 양산시 평산동 블록,48330,11900,2,0000,0000,1264100004685,평산토지구획정리지구,24블록,3로트,2,용도지구코드,340,토지구획정리사업지구,1,0,,토지구획정리사업지구,20221008
경상남도 양산시 평산동 블록,48330,11900,2,0000,0000,12649265,평산토지구획정리사업지구,25,8,2,용도지구코드,340,토지구획정리사업지구,1,0,,토지구획정리사업지구,20221008
경상남도 양산시 평산동 블록,48330,11900,2,0000,0000,12648808,평상토지구획정리지구 17B 4L,,,1,용도지역코드,1022,제2종일반주거지역,1,0,,제2종일반주거지역,20221008
경상남도 양산시 평산동 블록,48330,11900,2,0000,0000,12648808,평상토지구획정리지구 17B 4L,,,2,용도지구코드,340,토지구획정리사업지구,1,0,,토지구획정리사업지구,20221008
경상남도 양산시 평산동 블록,48330,11900,2,0000,0000,1264100010295,평산토지구획정리사업지구,25블록,8로트,1,용도지역코드,1120,일반상업지역,1,0,,일반상업지역,20221008
경상남도 양산시 평산동 블록,48330,11900,2,0000,0000,1264100010295,평산토지구획정리사업지구,25블록,8로트,2,용도지구코드,340,토지구획정리사업지구,1,0,,토지구획정리사업지구,20221008
경상남도 양산시 평산동 블록,48330,11900,2,0000,0000,1264100006912,평산지구,25,9,1,용도지역코드,1120,일반상업지역,1,0,,일반상업지역,20221008
경상남도 양산시 평산동 블록,48330,11900,2,0000,0000,12649106,평산토지구획정리지구,21,5,1,용도지역코드,1120,일반상업지역,1,0,,일반상업지역,20221008
경상남도 양산시 평산동 블록,48330,11900,2,0000,0000,1264100011091,평산토지구획정리사업지구,18블록,1로트,1,용도지역코드,1120,일반상업지역,1,0,,일반상업지역,20221008
경상남도 양산시 평산동 블록,48330,11900,2,0000,0000,1264100011091,평산토지구획정리사업지구,18블록,1로트,2,용도지구코드,340,토지구획정리사업지구,1,0,,토지구획정리사업지구,20221008
경상남도 양산시 평산동 블록1-3번지,48330,11900,2,0001,0003,12644524,명곡2지구토지구획정리사업지구,,,1,용도지역코드,1022,제2종일반주거지역,1,0,,제2종일반주거지역,20221008
경상남도 양산시 평산동 블록1-3번지,48330,11900,2,0001,0003,12644524,명곡2지구토지구획정리사업지구,,,2,용도지구코드,340,토지구획정리사업지구,1,0,,토지구획정리사업지구,20221008
경상남도 양산시 평산동 블록11-1번지,48330,11900,2,0011,0001,12645513,평산토지구획정리사업구역,,,1,용도지역코드,1022,제2종일반주거지역,1,0,,제2종일반주거지역,20221008
경상남도 양산시 평산동 블록11-1번지,48330,11900,2,0011,0001,12645513,평산토지구획정리사업구역,,,2,용도지구코드,340,토지구획정리사업지구,1,0,,토지구획정리사업지구,20221008
경상남도 양산시 평산동 블록11-6번지,48330,11900,2,0011,0006,12644728,평산지구토지구획정리사업지구,11,6,1,용도지역코드,1022,제2종일반주거지역,1,0,,제2종일반주거지역,20221008
경상남도 양산시 평산동 블록11-6번지,48330,11900,2,0011,0006,12644728,평산지구토지구획정리사업지구,11,6,2,용도지구코드,340,토지구획정리사업지구,1,0,,토지구획정리사업지구,20221008
경상남도 양산시 평산동 블록12-2번지,48330,11900,2,0012,0002,12644039,,,,1,용도지역코드,1022,제2종일반주거지역,1,0,,제2종일반주거지역,20221008
경상남도 양산시 평산동 블록12-5번지,48330,11900,2,0012,0005,12642641,,,,1,용도지역코드,1020,일반주거지역,1,0,,일반주거지역,20221008
경상남도 양산시 평산동 블록13-2번지,48330,11900,2,0013,0002,12644586,평산지구 토지구획정리사업지구,13,2,1,용도지역코드,1120,일반상업지역,1,0,,일반상업지역,20221008
경상남도 양산시 평산동 블록13-3번지,48330,11900,2,0013,0003,12644165,,13B,3L,1,용도지역코드,1120,일반상업지역,1,0,,일반상업지역,20221008
경상남도 양산시 평산동 블록13-5번지,48330,11900,2,0013,0005,12642101,,,,1,용도지역코드,1120,일반상업지역,1,0,,일반상업지역,20221008
경상남도 양산시 평산동 블록13-7번지,48330,11900,2,0013,0007,12645032,평산리 평산지구,13,7,1,용도지역코드,1120,일반상업지역,1,0,,일반상업지역,20221008
경상남도 양산시 평산동 블록13-7번지,48330,11900,2,0013,0007,12645032,평산리 평산지구,13,7,2,용도지구코드,980,용도지구미지정,1,0,,용도지구미지정,20221008
경상남도 양산시 평산동 블록16-2번지,48330,11900,2,0016,0002,12643991,양산시 평산지구 토지구획 정리사업 지구,,,1,용도지역코드,1020,일반주거지역,1,0,,일반주거지역,20221008
경상남도 양산시 평산동 블록17-1번지,48330,11900,2,0017,0001,12644131,경상남도 양산시 웅상읍 평산리,17,1,1,용도지역코드,1020,일반주거지역,1,0,,일반주거지역,20221008
경상남도 양산시 평산동 블록17-1번지,48330,11900,2,0017,0001,12644131,경상남도 양산시 웅상읍 평산리,17,1,2,용도지구코드,340,토지구획정리사업지구,1,0,,토지구획정리사업지구,20221008
경상남도 양산시 평산동 블록17-4번지,48330,11900,2,0017,0004,12643967,,,,1,용도지역코드,1020,일반주거지역,1,0,,일반주거지역,20221008
경상남도 양산시 평산동 블록17-4번지,48330,11900,2,0017,0004,12643967,,,,2,용도지구코드,340,토지구획정리사업지구,1,0,,토지구획정리사업지구,20221008
경상남도 양산시 평산동 블록19-3번지,48330,11900,2,0019,0003,12644450,양산시 평산지구 토지구획정리내,19,3,1,용도지역코드,1120,일반상업지역,1,0,,일반상업지역,20221008
경상남도 양산시 평산동 블록19-5번지,48330,11900,2,0019,0005,12643566,경남 양산시 평산지구 토지구획 정리사업 지구내 19B 5L,,,1,용도지역코드,1120,일반상업지역,1,0,,일반상업지역,20221008
경상남도 양산시 평산동 블록19-5번지,48330,11900,2,0019,0005,12643534,경남 양산시 평산지구 토지구획 정리사업 지구내 19B 5L,,,1,용도지역코드,1120,일반상업지역,1,0,,일반상업지역,20221008
경상남도 양산시 평산동 블록20번지,48330,11900,2,0020,0000,12643747,8-2롯트,,,1,용도지역코드,1120,일반상업지역,1,0,,일반상업지역,20221008
경상남도 양산시 평산동 블록20번지,48330,11900,2,0020,0000,12643747,8-2롯트,,,3,용도구역코드,010,도시계획구역,1,0,,도시계획구역,20221008
경상남도 양산시 평산동 블록20-8번지,48330,11900,2,0020,0008,12643603,,,,1,용도지역코드,1120,일반상업지역,1,0,,일반상업지역,20221008
경상남도 양산시 평산동 블록20-8번지,48330,11900,2,0020,0008,12643603,,,,2,용도지구코드,340,토지구획정리사업지구,1,0,,토지구획정리사업지구,20221008
경상남도 양산시 평산동 블록20-8번지,48330,11900,2,0020,0008,12643603,,,,3,용도구역코드,980,용도구역미지정,1,0,,용도구역미지정,20221008
경상남도 양산시 평산동 블록22-5번지,48330,11900,2,0022,0005,12643799,평산지구 토지구획정리사업지구,22,5,1,용도지역코드,1020,일반주거지역,1,0,,일반주거지역,20221008
경상남도 양산시 평산동 블록25-5번지,48330,11900,2,0025,0005,12643988,평산지구 토지구획정리사업지구,,,1,용도지역코드,1120,일반상업지역,1,0,,일반상업지역,20221008
경상남도 양산시 평산동 블록25-5번지,48330,11900,2,0025,0005,12643988,평산지구 토지구획정리사업지구,,,2,용도지구코드,340,토지구획정리사업지구,1,0,,토지구획정리사업지구,20221008
경상남도 양산시 평산동 블록26-1번지,48330,11900,2,0026,0001,12643660,평산지구 토지정리구획,26,1,1,용도지역코드,1120,일반상업지역,1,0,,일반상업지역,20221008
경상남도 양산시 평산동 블록26-1번지,48330,11900,2,0026,0001,12643660,평산지구 토지정리구획,26,1,2,용도지구코드,340,토지구획정리사업지구,1,0,,토지구획정리사업지구,20221008
경상남도 양산시 평산동 블록26-7번지,48330,11900,2,0026,0007,12643809,,,,1,용도지역코드,1120,일반상업지역,1,0,,일반상업지역,20221008
경상남도 양산시 평산동 블록26-7번지,48330,11900,2,0026,0007,12643809,,,,2,용도지구코드,160,택지개발지구,1,0,,택지개발지구,20221008
경상남도 양산시 평산동 블록26-9번지,48330,11900,2,0026,0009,12643989,평산지구 토지구획지구 26B9L,,,1,용도지역코드,1120,일반상업지역,1,0,,일반상업지역,20221008
경상남도 양산시 평산동 ,48330,11900,,0000,0000,12643522,평산지구 13브럭 7놋트,,,1,용도지역코드,1120,일반상업지역,1,0,,일반상업지역,20221008
경상남도 양산시 평산동 ,48330,11900,,0000,0000,12643522,평산지구 13브럭 7놋트,,,2,용도지구코드,980,용도지구미지정,1,0,,용도지구미지정,20221008
