대지위치,시군구코드,법정동코드,대지구분코드,번,지,관리허가대장PK,특수지명,블록,로트,지역지구구역구분코드,지역지구구역구분코드명,지역지구구역코드,지역지구구역코드명,대표여부,주동구분코드,주동구분코드명,지역지구구역명,생성일자
경상남도 양산시 어곡동 ,48330,11200,0,0000,0000,12642819,7-2B 9L,,,1,용도지역코드,1220,일반공업지역,1,0,,일반공업지역,20221008
경상남도 양산시 어곡동 ,48330,11200,0,0000,0000,12643726,,184,1,1,용도지역코드,1020,일반주거지역,1,0,,일반주거지역,20221008
경상남도 양산시 어곡동 ,48330,11200,0,0000,0000,12643526,11-4브록1롯트(869-3번지),,,1,용도지역코드,1220,일반공업지역,1,0,,일반공업지역,20221008
경상남도 양산시 어곡동 ,48330,11200,0,0000,0000,12641483,경남 양산시 어곡동 1506 1507-2 -7,,,1,용도지역코드,1330,자연녹지지역,1,0,,자연녹지지역,20221008
경상남도 양산시 어곡동 ,48330,11200,0,0000,0000,12641484,경남 양산시 어곡동1490 1491-1~5 1506 1507-2-4 2064,,,1,용도지역코드,1330,자연녹지지역,1,0,,자연녹지지역,20221008
경상남도 양산시 어곡동 1번지,48330,11200,0,0001,0000,12646674,,,,1,용도지역코드,1330,자연녹지지역,1,0,,자연녹지지역,20221008
경상남도 양산시 어곡동 1번지,48330,11200,0,0001,0000,12646674,,,,1,용도지역코드,1021,제1종일반주거지역,0,0,,제1종일반주거지역,20221008
경상남도 양산시 어곡동 1번지,48330,11200,0,0001,0000,1264142,,,,1,용도지역코드,1330,자연녹지지역,1,0,,자연녹지지역,20221008
경상남도 양산시 어곡동 9-2번지,48330,11200,0,0009,0002,12643420,어곡산업단지,,,1,용도지역코드,1220,일반공업지역,1,0,,일반공업지역,20221008
경상남도 양산시 어곡동 22번지,48330,11200,0,0022,0000,1264100095666,,,,1,용도지역코드,UQA122,제2종일반주거지역,1,0,,제2종일반주거지역,20221008
경상남도 양산시 어곡동 22번지,48330,11200,0,0022,0000,1264100097347,,,,1,용도지역코드,UQA122,제2종일반주거지역,1,0,,제2종일반주거지역,20221008
경상남도 양산시 어곡동 22번지,48330,11200,0,0022,0000,1264100095609,,,,1,용도지역코드,UQA122,제2종일반주거지역,1,0,,제2종일반주거지역,20221008
경상남도 양산시 어곡동 22번지,48330,11200,0,0022,0000,1264100094362,,,,1,용도지역코드,UQA122,제2종일반주거지역,1,0,,제2종일반주거지역,20221008
경상남도 양산시 어곡동 68-1번지,48330,11200,0,0068,0001,12647374,,,,1,용도지역코드,1021,제1종일반주거지역,1,0,,제1종일반주거지역,20221008
경상남도 양산시 어곡동 72-5번지,48330,11200,0,0072,0005,1000000000000000449265,,,,1,용도지역코드,UQA122,제2종일반주거지역,1,0,,제2종일반주거지역,20240214
경상남도 양산시 어곡동 72-24번지,48330,11200,0,0072,0024,1264100084561,,,,1,용도지역코드,UQA122,제2종일반주거지역,1,0,,제2종일반주거지역,20221008
경상남도 양산시 어곡동 95번지,48330,11200,0,0095,0000,1264100024054,,,,1,용도지역코드,UQA430,자연녹지지역,1,0,,자연녹지지역,20221008
경상남도 양산시 어곡동 97번지,48330,11200,0,0097,0000,1264100071025,,,,1,용도지역코드,UQA430,자연녹지지역,1,0,,자연녹지지역,20221008
경상남도 양산시 어곡동 97번지,48330,11200,0,0097,0000,1264100071025,,,,1,용도지역코드,UQA122,제2종일반주거지역,0,0,,제2종일반주거지역,20221008
경상남도 양산시 어곡동 97번지,48330,11200,0,0097,0000,1264100071025,,,,3,용도구역코드,UOA120,상대보호구역,1,0,,상대정화구역,20221008
경상남도 양산시 어곡동 99-1번지,48330,11200,0,0099,0001,12642703,,,,1,용도지역코드,1020,일반주거지역,1,0,,일반주거지역,20221008
경상남도 양산시 어곡동 128번지,48330,11200,0,0128,0000,1000000000000000425476,,,,1,용도지역코드,UQA122,제2종일반주거지역,1,0,,제2종일반주거지역,20231207
경상남도 양산시 어곡동 128번지,48330,11200,0,0128,0000,1264100082459,,,,1,용도지역코드,UQA122,제2종일반주거지역,1,0,,제2종일반주거지역,20221008
경상남도 양산시 어곡동 128번지,48330,11200,0,0128,0000,1000000000000000436028,,,,1,용도지역코드,UQA122,제2종일반주거지역,1,0,,제2종일반주거지역,20240129
경상남도 양산시 어곡동 128-5번지,48330,11200,0,0128,0005,1264100091361,,,,1,용도지역코드,UQA122,제2종일반주거지역,1,0,,제2종일반주거지역,20221008
경상남도 양산시 어곡동 131번지,48330,11200,0,0131,0000,1264100152391,,,,1,용도지역코드,UQA122,제2종일반주거지역,1,0,,제2종일반주거지역,20221008
경상남도 양산시 어곡동 131번지,48330,11200,0,0131,0000,1264100152391,,,,3,용도구역코드,UMZ100,가축사육제한구역,1,0,,가축사육제한구역,20221008
경상남도 양산시 어곡동 131번지,48330,11200,0,0131,0000,1264100132544,,,,1,용도지역코드,UQA122,제2종일반주거지역,1,0,,제2종일반주거지역,20221008
경상남도 양산시 어곡동 131번지,48330,11200,0,0131,0000,1264100132544,,,,3,용도구역코드,UMZ100,가축사육제한구역,1,0,,가축사육제한구역,20221008
경상남도 양산시 어곡동 131-1번지,48330,11200,0,0131,0001,1264100119639,,,,1,용도지역코드,UQA122,제2종일반주거지역,1,0,,제2종일반주거지역,20221008
경상남도 양산시 어곡동 131-5번지,48330,11200,0,0131,0005,1264100154671,,,,1,용도지역코드,UQA122,제2종일반주거지역,1,0,,제2종일반주거지역,20250909
경상남도 양산시 어곡동 132번지,48330,11200,0,0132,0000,1264100142063,,,,1,용도지역코드,UQA122,제2종일반주거지역,1,0,,제2종일반주거지역,20221008
경상남도 양산시 어곡동 134-2번지,48330,11200,0,0134,0002,1264100097547,,,,1,용도지역코드,UQA430,자연녹지지역,1,0,,자연녹지지역,20250822
경상남도 양산시 어곡동 138-2번지,48330,11200,0,0138,0002,1264100062200,,,,1,용도지역코드,UQA430,자연녹지지역,1,0,,자연녹지지역,20221008
경상남도 양산시 어곡동 138-2번지,48330,11200,0,0138,0002,1264100062200,,,,3,용도구역코드,UOA120,상대보호구역,1,0,,상대정화구역,20221008
경상남도 양산시 어곡동 138-2번지,48330,11200,0,0138,0002,1264100083749,,,,1,용도지역코드,UQA430,자연녹지지역,1,0,,자연녹지지역,20221008
경상남도 양산시 어곡동 139-1번지,48330,11200,0,0139,0001,1264100077219,,,,1,용도지역코드,UQA430,자연녹지지역,1,0,,자연녹지지역,20221008
경상남도 양산시 어곡동 139-1번지,48330,11200,0,0139,0001,1264100062199,,,,1,용도지역코드,UQA430,자연녹지지역,1,0,,자연녹지지역,20221008
경상남도 양산시 어곡동 139-1번지,48330,11200,0,0139,0001,1264100062199,,,,3,용도구역코드,UOA120,상대보호구역,1,0,,상대정화구역,20221008
경상남도 양산시 어곡동 139-2번지,48330,11200,0,0139,0002,1264100032682,,,,1,용도지역코드,UQA430,자연녹지지역,1,0,,자연녹지지역,20221008
경상남도 양산시 어곡동 139-2번지,48330,11200,0,0139,0002,1264100013294,,,,1,용도지역코드,1330,자연녹지지역,1,0,,자연녹지지역,20221008
경상남도 양산시 어곡동 140번지,48330,11200,0,0140,0000,1264100112359,,,,1,용도지역코드,UQA430,자연녹지지역,1,0,,자연녹지지역,20221008
경상남도 양산시 어곡동 140번지,48330,11200,0,0140,0000,1264100087882,,,,1,용도지역코드,UQA430,자연녹지지역,1,0,,자연녹지지역,20221008
경상남도 양산시 어곡동 140번지,48330,11200,0,0140,0000,1264100087882,,,,3,용도구역코드,UOA120,상대보호구역,1,0,,상대정화구역,20221008
경상남도 양산시 어곡동 145-2번지,48330,11200,0,0145,0002,1264100122999,,,,1,용도지역코드,UQA430,자연녹지지역,1,0,,자연녹지지역,20221008
경상남도 양산시 어곡동 145-3번지,48330,11200,0,0145,0003,1264100139124,,,,1,용도지역코드,UQA430,자연녹지지역,1,0,,자연녹지지역,20221008
경상남도 양산시 어곡동 145-5번지,48330,11200,0,0145,0005,1264100142284,,,,1,용도지역코드,UQA430,자연녹지지역,1,0,,자연녹지지역,20221008
경상남도 양산시 어곡동 145-7번지,48330,11200,0,0145,0007,1264100013592,,,,1,용도지역코드,1330,자연녹지지역,1,0,,자연녹지지역,20221008
경상남도 양산시 어곡동 145-7번지,48330,11200,0,0145,0007,12644234,,,,1,용도지역코드,1330,자연녹지지역,1,0,,자연녹지지역,20221008
경상남도 양산시 어곡동 145-9번지,48330,11200,0,0145,0009,1264100090961,,,,1,용도지역코드,UQA122,제2종일반주거지역,1,0,,제2종일반주거지역,20221008
경상남도 양산시 어곡동 145-9번지,48330,11200,0,0145,0009,1264100090961,,,,3,용도구역코드,UOA120,상대보호구역,1,0,,상대정화구역,20221008
경상남도 양산시 어곡동 145-32번지,48330,11200,0,0145,0032,1264100141963,,,,1,용도지역코드,UQA122,제2종일반주거지역,1,0,,제2종일반주거지역,20221008
경상남도 양산시 어곡동 145-39번지,48330,11200,0,0145,0039,1000000000000000792038,,,,1,용도지역코드,UQA430,자연녹지지역,1,0,,자연녹지지역,20260414
경상남도 양산시 어곡동 145-39번지,48330,11200,0,0145,0039,1264100072759,,,,1,용도지역코드,UQA430,자연녹지지역,1,0,,자연녹지지역,20221008
경상남도 양산시 어곡동 145-47번지,48330,11200,0,0145,0047,1000000000000000329716,,,,3,용도구역코드,UMZ100,가축사육제한구역,1,0,,가축사육제한구역,20230912
경상남도 양산시 어곡동 145-47번지,48330,11200,0,0145,0047,1000000000000000329716,,,,1,용도지역코드,UQA430,자연녹지지역,1,0,,자연녹지지역,20230912
경상남도 양산시 어곡동 145-49번지,48330,11200,0,0145,0049,1264100058011,,,,1,용도지역코드,UQA122,제2종일반주거지역,1,0,,제2종일반주거지역,20221008
경상남도 양산시 어곡동 145-49번지,48330,11200,0,0145,0049,1264100058011,,,,3,용도구역코드,UOA120,상대보호구역,1,0,,상대정화구역,20221008
경상남도 양산시 어곡동 146-5번지,48330,11200,0,0146,0005,1264100091116,,,,1,용도지역코드,UQA122,제2종일반주거지역,1,0,,제2종일반주거지역,20221008
경상남도 양산시 어곡동 146-5번지,48330,11200,0,0146,0005,1264100091116,,,,3,용도구역코드,UOA120,상대보호구역,1,0,,상대정화구역,20221008
경상남도 양산시 어곡동 147-1번지,48330,11200,0,0147,0001,12645142,,,,1,용도지역코드,1330,자연녹지지역,1,0,,자연녹지지역,20221008
경상남도 양산시 어곡동 150번지,48330,11200,0,0150,0000,1264711,,,,1,용도지역코드,1330,자연녹지지역,1,0,,자연녹지지역,20221008
경상남도 양산시 어곡동 150번지,48330,11200,0,0150,0000,1000000000000000363883,,,,1,용도지역코드,UQA430,자연녹지지역,1,0,,자연녹지지역,20250305
경상남도 양산시 어곡동 150번지,48330,11200,0,0150,0000,1000000000000000445144,,,,1,용도지역코드,UQA430,자연녹지지역,1,0,,자연녹지지역,20240116
경상남도 양산시 어곡동 150번지,48330,11200,0,0150,0000,1000000000000000477342,,,,1,용도지역코드,UQA430,자연녹지지역,1,0,,자연녹지지역,20240315
경상남도 양산시 어곡동 158번지,48330,11200,0,0158,0000,12643045,,,,1,용도지역코드,1220,일반공업지역,1,0,,일반공업지역,20221008
경상남도 양산시 어곡동 158번지,48330,11200,0,0158,0000,1264232,,,,1,용도지역코드,1220,일반공업지역,1,0,,일반공업지역,20221008
경상남도 양산시 어곡동 158번지,48330,11200,0,0158,0000,12642486,,,,1,용도지역코드,1220,일반공업지역,1,0,,일반공업지역,20221008
경상남도 양산시 어곡동 162-8번지,48330,11200,0,0162,0008,12648298,,,,1,용도지역코드,1220,일반공업지역,1,0,,일반공업지역,20221008
경상남도 양산시 어곡동 162-8번지,48330,11200,0,0162,0008,1264100057109,,,,1,용도지역코드,UQA320,일반공업지역,1,0,,일반공업지역,20221008
경상남도 양산시 어곡동 162-8번지,48330,11200,0,0162,0008,1264100052647,,,,1,용도지역코드,UQA320,일반공업지역,1,0,,일반공업지역,20221008
경상남도 양산시 어곡동 162-8번지,48330,11200,0,0162,0008,1264100052647,,,,3,용도구역코드,UOA120,상대보호구역,1,0,,상대정화구역,20221008
경상남도 양산시 어곡동 162-8번지,48330,11200,0,0162,0008,1264100055410,,,,1,용도지역코드,UQA320,일반공업지역,1,0,,일반공업지역,20221008
경상남도 양산시 어곡동 162-8번지,48330,11200,0,0162,0008,12642198,경상남도 양산시 어곡동,162,8,1,용도지역코드,1220,일반공업지역,1,0,,일반공업지역,20221008
경상남도 양산시 어곡동 162-10번지,48330,11200,0,0162,0010,12646633,,,,1,용도지역코드,1220,일반공업지역,1,0,,일반공업지역,20221008
경상남도 양산시 어곡동 162-10번지,48330,11200,0,0162,0010,1264100128441,,,,1,용도지역코드,UQA320,일반공업지역,1,0,,일반공업지역,20221008
경상남도 양산시 어곡동 165-1번지,48330,11200,0,0165,0001,1264221,,,,1,용도지역코드,1220,일반공업지역,1,0,,일반공업지역,20221008
경상남도 양산시 어곡동 165-1번지,48330,11200,0,0165,0001,1264995,경상남도 양산시 어곡동,165,1,1,용도지역코드,1220,일반공업지역,1,0,,일반공업지역,20221008
경상남도 양산시 어곡동 168번지,48330,11200,0,0168,0000,1264100018134,,,,1,용도지역코드,1330,자연녹지지역,1,0,,자연녹지지역,20221008
경상남도 양산시 어곡동 168번지,48330,11200,0,0168,0000,12641165,,,,1,용도지역코드,1330,자연녹지지역,1,0,,자연녹지지역,20221008
경상남도 양산시 어곡동 170번지,48330,11200,0,0170,0000,1264100130663,,,,1,용도지역코드,UQA330,준공업지역,1,0,,준공업지역,20221008
경상남도 양산시 어곡동 173번지,48330,11200,0,0173,0000,12649295,,,,1,용도지역코드,1330,자연녹지지역,1,0,,자연녹지지역,20221008
경상남도 양산시 어곡동 173번지,48330,11200,0,0173,0000,12649295,,,,2,용도지구코드,011,자연취락지구,1,0,,자연취락지구,20221008
경상남도 양산시 어곡동 174-3번지,48330,11200,0,0174,0003,12648457,,,,1,용도지역코드,1330,자연녹지지역,1,0,,자연녹지지역,20221008
경상남도 양산시 어곡동 174-3번지,48330,11200,0,0174,0003,12648457,,,,2,용도지구코드,011,자연취락지구,1,0,,자연취락지구,20221008
경상남도 양산시 어곡동 174-3번지,48330,11200,0,0174,0003,12642613,,,,1,용도지역코드,1330,자연녹지지역,1,0,,자연녹지지역,20221008
경상남도 양산시 어곡동 177-1번지,48330,11200,0,0177,0001,12648916,,,,1,용도지역코드,1330,자연녹지지역,1,0,,자연녹지지역,20221008
경상남도 양산시 어곡동 177-1번지,48330,11200,0,0177,0001,12642612,,,,1,용도지역코드,1330,자연녹지지역,1,0,,자연녹지지역,20221008
경상남도 양산시 어곡동 181-1번지,48330,11200,0,0181,0001,12642425,182-1,,,1,용도지역코드,1330,자연녹지지역,1,0,,자연녹지지역,20221008
경상남도 양산시 어곡동 183번지,48330,11200,0,0183,0000,12643329,,184,22,1,용도지역코드,1020,일반주거지역,1,0,,일반주거지역,20221008
경상남도 양산시 어곡동 183-2번지,48330,11200,0,0183,0002,1264100059515,,,,1,용도지역코드,UQA430,자연녹지지역,1,0,,자연녹지지역,20221008
경상남도 양산시 어곡동 183-2번지,48330,11200,0,0183,0002,1264100059515,,,,3,용도구역코드,UOA120,상대보호구역,1,0,,상대정화구역,20221008
경상남도 양산시 어곡동 183-2번지,48330,11200,0,0183,0002,12642673,,,,1,용도지역코드,1330,자연녹지지역,1,0,,자연녹지지역,20221008
경상남도 양산시 어곡동 184-1번지,48330,11200,0,0184,0001,12644175,,,,1,용도지역코드,1020,일반주거지역,1,0,,일반주거지역,20221008
경상남도 양산시 어곡동 184-2번지,48330,11200,0,0184,0002,1000000000000000283270,,,,3,용도구역코드,UMZ100,가축사육제한구역,1,0,,가축사육제한구역,20230428
경상남도 양산시 어곡동 184-2번지,48330,11200,0,0184,0002,1000000000000000283270,,,,1,용도지역코드,UQA330,준공업지역,1,0,,준공업지역,20230428
경상남도 양산시 어곡동 184-2번지,48330,11200,0,0184,0002,1000000000000000283270,,,,1,용도지역코드,UQA001,도시지역,0,0,,도시지역,20230428
경상남도 양산시 어곡동 184-2번지,48330,11200,0,0184,0002,1264100101533,,,,1,용도지역코드,UQA122,제2종일반주거지역,1,0,,제2종일반주거지역,20230404
경상남도 양산시 어곡동 184-2번지,48330,11200,0,0184,0002,1264100101533,,,,3,용도구역코드,UOA120,상대보호구역,1,0,,상대정화구역,20230404
경상남도 양산시 어곡동 184-2번지,48330,11200,0,0184,0002,1264100099035,,,,1,용도지역코드,UQA122,제2종일반주거지역,1,0,,제2종일반주거지역,20221008
경상남도 양산시 어곡동 184-2번지,48330,11200,0,0184,0002,12649434,,,,1,용도지역코드,1022,제2종일반주거지역,1,0,,제2종일반주거지역,20221008
경상남도 양산시 어곡동 184-6번지,48330,11200,0,0184,0006,12648040,,,,1,용도지역코드,1022,제2종일반주거지역,1,0,,제2종일반주거지역,20221008
경상남도 양산시 어곡동 184-6번지,48330,11200,0,0184,0006,1264100007228,,,,1,용도지역코드,1022,제2종일반주거지역,1,0,,제2종일반주거지역,20221008
경상남도 양산시 어곡동 184-7번지,48330,11200,0,0184,0007,12645283,,,,1,용도지역코드,1022,제2종일반주거지역,1,0,,제2종일반주거지역,20221008
경상남도 양산시 어곡동 184-7번지,48330,11200,0,0184,0007,12643072,,,,1,용도지역코드,1020,일반주거지역,1,0,,일반주거지역,20221008
경상남도 양산시 어곡동 184-26번지,48330,11200,0,0184,0026,1264100096146,,,,1,용도지역코드,UQA122,제2종일반주거지역,1,0,,제2종일반주거지역,20221008
경상남도 양산시 어곡동 184-26번지,48330,11200,0,0184,0026,1264100100633,,,,1,용도지역코드,UQA122,제2종일반주거지역,1,0,,제2종일반주거지역,20221008
경상남도 양산시 어곡동 187-5번지,48330,11200,0,0187,0005,1264100013533,,,,1,용도지역코드,1022,제2종일반주거지역,1,0,,제2종일반주거지역,20221008
경상남도 양산시 어곡동 187-5번지,48330,11200,0,0187,0005,1264100013533,,,,3,용도구역코드,272,상대정화구역,1,0,,상대정화구역,20221008
경상남도 양산시 어곡동 190번지,48330,11200,0,0190,0000,1264100064560,,,,1,용도지역코드,UQA122,제2종일반주거지역,1,0,,제2종일반주거지역,20221008
경상남도 양산시 어곡동 190번지,48330,11200,0,0190,0000,1264100064560,,,,3,용도구역코드,UOA120,상대보호구역,1,0,,상대정화구역,20221008
경상남도 양산시 어곡동 190번지,48330,11200,0,0190,0000,1264100033024,,,,1,용도지역코드,UQA122,제2종일반주거지역,1,0,,제2종일반주거지역,20221008
경상남도 양산시 어곡동 190번지,48330,11200,0,0190,0000,12642254,,,,1,용도지역코드,1020,일반주거지역,1,0,,일반주거지역,20221008
경상남도 양산시 어곡동 191번지,48330,11200,0,0191,0000,1264100143403,,,,1,용도지역코드,UQA330,준공업지역,1,0,,준공업지역,20221008
경상남도 양산시 어곡동 192번지,48330,11200,0,0192,0000,126434,,,,1,용도지역코드,0800,경지지역,1,0,,경지지역,20221008
경상남도 양산시 어곡동 194-1번지,48330,11200,0,0194,0001,1264100017614,,,,1,용도지역코드,1021,제1종일반주거지역,1,0,,제1종일반주거지역,20221008
경상남도 양산시 어곡동 198번지,48330,11200,0,0198,0000,1264100103733,,,,1,용도지역코드,UQA330,준공업지역,1,0,,준공업지역,20221008
경상남도 양산시 어곡동 198번지,48330,11200,0,0198,0000,1264100103733,,,,3,용도구역코드,UMZ100,가축사육제한구역,1,0,,가축사육제한구역,20221008
경상남도 양산시 어곡동 205번지,48330,11200,0,0205,0000,1264100133646,,,,1,용도지역코드,UQA330,준공업지역,1,0,,준공업지역,20221008
경상남도 양산시 어곡동 213-1번지,48330,11200,0,0213,0001,1264100126564,,,,1,용도지역코드,UQA330,준공업지역,1,0,,준공업지역,20221008
경상남도 양산시 어곡동 214번지,48330,11200,0,0214,0000,1264100066319,,,,1,용도지역코드,UQA122,제2종일반주거지역,1,0,,제2종일반주거지역,20221008
경상남도 양산시 어곡동 216-1번지,48330,11200,0,0216,0001,1264100122942,,,,1,용도지역코드,UQA330,준공업지역,1,0,,준공업지역,20221008
경상남도 양산시 어곡동 216-1번지,48330,11200,0,0216,0001,1264100122942,,,,3,용도구역코드,UMZ100,가축사육제한구역,1,0,,가축사육제한구역,20221008
경상남도 양산시 어곡동 217-1번지,48330,11200,0,0217,0001,12648227,,,,1,용도지역코드,1330,자연녹지지역,1,0,,자연녹지지역,20221008
경상남도 양산시 어곡동 218번지,48330,11200,0,0218,0000,1264100057810,,,,1,용도지역코드,UQA430,자연녹지지역,1,0,,자연녹지지역,20221008
경상남도 양산시 어곡동 218번지,48330,11200,0,0218,0000,1264100057810,,,,2,용도지구코드,UMB300,취락지구,1,0,,취락지구,20221008
경상남도 양산시 어곡동 219-1번지,48330,11200,0,0219,0001,1264100033787,,,,1,용도지역코드,UQA430,자연녹지지역,1,0,,자연녹지지역,20221008
경상남도 양산시 어곡동 219-1번지,48330,11200,0,0219,0001,1264100033787,,,,2,용도지구코드,UQM110,자연취락지구,1,0,,자연취락지구,20221008
경상남도 양산시 어곡동 219-2번지,48330,11200,0,0219,0002,1264100035220,,,,1,용도지역코드,UQA430,자연녹지지역,1,0,,자연녹지지역,20221008
경상남도 양산시 어곡동 219-2번지,48330,11200,0,0219,0002,1264100035220,,,,2,용도지구코드,UQM110,자연취락지구,1,0,,자연취락지구,20221008
경상남도 양산시 어곡동 219-2번지,48330,11200,0,0219,0002,1264100051612,,,,1,용도지역코드,UQA430,자연녹지지역,1,0,,자연녹지지역,20221008
경상남도 양산시 어곡동 219-2번지,48330,11200,0,0219,0002,1264100051612,,,,2,용도지구코드,UQM110,자연취락지구,1,0,,자연취락지구,20221008
경상남도 양산시 어곡동 223번지,48330,11200,0,0223,0000,1264100036876,,,,1,용도지역코드,UQA430,자연녹지지역,1,0,,자연녹지지역,20221008
경상남도 양산시 어곡동 223번지,48330,11200,0,0223,0000,1264100036876,,,,2,용도지구코드,UQM110,자연취락지구,1,0,,자연취락지구,20221008
경상남도 양산시 어곡동 223번지,48330,11200,0,0223,0000,1264100027558,,,,1,용도지역코드,UQA430,자연녹지지역,1,0,,자연녹지지역,20221008
경상남도 양산시 어곡동 223번지,48330,11200,0,0223,0000,1264100027558,,,,2,용도지구코드,UMB300,취락지구,1,0,,취락지구,20221008
경상남도 양산시 어곡동 223번지,48330,11200,0,0223,0000,12641319,,,,1,용도지역코드,1330,자연녹지지역,1,0,,자연녹지지역,20221008
경상남도 양산시 어곡동 223번지,48330,11200,0,0223,0000,1264100024871,,,,1,용도지역코드,UQA430,자연녹지지역,1,0,,자연녹지지역,20221008
경상남도 양산시 어곡동 223번지,48330,11200,0,0223,0000,1264100024871,,,,2,용도지구코드,UQM110,자연취락지구,1,0,,자연취락지구,20221008
경상남도 양산시 어곡동 224번지,48330,11200,0,0224,0000,1264100005127,,,,1,용도지역코드,1330,자연녹지지역,1,0,,자연녹지지역,20221008
경상남도 양산시 어곡동 224번지,48330,11200,0,0224,0000,1264100005127,,,,2,용도지구코드,011,자연취락지구,1,0,,자연취락지구,20221008
경상남도 양산시 어곡동 230번지,48330,11200,0,0230,0000,1264100050306,,,,1,용도지역코드,UQA122,제2종일반주거지역,1,0,,제2종일반주거지역,20221008
경상남도 양산시 어곡동 230번지,48330,11200,0,0230,0000,1264100059152,,,,1,용도지역코드,UQA122,제2종일반주거지역,1,0,,제2종일반주거지역,20221008
경상남도 양산시 어곡동 233번지,48330,11200,0,0233,0000,1264100138625,,,,1,용도지역코드,UQA330,준공업지역,1,0,,준공업지역,20221008
경상남도 양산시 어곡동 233번지,48330,11200,0,0233,0000,1000000000000000324131,,,,1,용도지역코드,UQA330,준공업지역,1,0,,준공업지역,20230706
경상남도 양산시 어곡동 233번지,48330,11200,0,0233,0000,1264100140351,,,,1,용도지역코드,UQA330,준공업지역,1,0,,준공업지역,20221008
경상남도 양산시 어곡동 233번지,48330,11200,0,0233,0000,1264100028210,,,,1,용도지역코드,UQA121,제1종일반주거지역,1,0,,제1종일반주거지역,20221008
경상남도 양산시 어곡동 239번지,48330,11200,0,0239,0000,12645306,,,,1,용도지역코드,1022,제2종일반주거지역,1,0,,제2종일반주거지역,20221008
경상남도 양산시 어곡동 239번지,48330,11200,0,0239,0000,12649617,,,,1,용도지역코드,1021,제1종일반주거지역,1,0,,제1종일반주거지역,20221008
경상남도 양산시 어곡동 244번지,48330,11200,0,0244,0000,1000000000000000411349,,,,3,용도구역코드,UMZ100,가축사육제한구역,1,0,,가축사육제한구역,20240705
경상남도 양산시 어곡동 244번지,48330,11200,0,0244,0000,1000000000000000411349,,,,1,용도지역코드,UQA330,준공업지역,1,0,,준공업지역,20240705
경상남도 양산시 어곡동 244-5번지,48330,11200,0,0244,0005,1000000000000000390995,,,,3,용도구역코드,UMZ100,가축사육제한구역,1,0,,가축사육제한구역,20250526
경상남도 양산시 어곡동 244-5번지,48330,11200,0,0244,0005,1000000000000000390995,,,,1,용도지역코드,UQA330,준공업지역,1,0,,준공업지역,20250526
경상남도 양산시 어곡동 250-1번지,48330,11200,0,0250,0001,1264100085684,,,,1,용도지역코드,UQA122,제2종일반주거지역,1,0,,제2종일반주거지역,20221008
경상남도 양산시 어곡동 261-4번지,48330,11200,0,0261,0004,12648341,,,,1,용도지역코드,1330,자연녹지지역,1,0,,자연녹지지역,20221008
경상남도 양산시 어곡동 261-4번지,48330,11200,0,0261,0004,12648341,,,,1,용도지역코드,1021,제1종일반주거지역,0,0,,제1종일반주거지역,20221008
경상남도 양산시 어곡동 261-4번지,48330,11200,0,0261,0004,12648341,,,,3,용도구역코드,010,도시계획구역,1,0,,도시계획구역,20221008
경상남도 양산시 어곡동 282-1번지,48330,11200,0,0282,0001,1264100141166,,,,1,용도지역코드,UQA330,준공업지역,1,0,,준공업지역,20221008
경상남도 양산시 어곡동 282-1번지,48330,11200,0,0282,0001,1000000000000000904420,,,,1,용도지역코드,UQA330,준공업지역,1,0,,준공업지역,20260727
경상남도 양산시 어곡동 282-1번지,48330,11200,0,0282,0001,1000000000000000904420,,,,3,용도구역코드,UMZ100,가축사육제한구역,1,0,,가축사육제한구역,20260727
경상남도 양산시 어곡동 288번지,48330,11200,0,0288,0000,1264100004144,,,,1,용도지역코드,1330,자연녹지지역,1,0,,자연녹지지역,20221008
경상남도 양산시 어곡동 300-2번지,48330,11200,0,0300,0002,12644744,,,,1,용도지역코드,1330,자연녹지지역,1,0,,자연녹지지역,20221008
경상남도 양산시 어곡동 303번지,48330,11200,0,0303,0000,12643614,,,,1,용도지역코드,1330,자연녹지지역,1,0,,자연녹지지역,20221008
경상남도 양산시 어곡동 305-2번지,48330,11200,0,0305,0002,12646128,,,,1,용도지역코드,1330,자연녹지지역,1,0,,자연녹지지역,20221008
경상남도 양산시 어곡동 305-2번지,48330,11200,0,0305,0002,1264100140184,,,,1,용도지역코드,UQA330,준공업지역,1,0,,준공업지역,20221008
경상남도 양산시 어곡동 307번지,48330,11200,0,0307,0000,1264100004088,,,,1,용도지역코드,1330,자연녹지지역,1,0,,자연녹지지역,20221008
경상남도 양산시 어곡동 308-3번지,48330,11200,0,0308,0003,12647538,,,,1,용도지역코드,1021,제1종일반주거지역,1,0,,제1종일반주거지역,20221008
경상남도 양산시 어곡동 308-4번지,48330,11200,0,0308,0004,1264100092981,,,,1,용도지역코드,UQA122,제2종일반주거지역,1,0,,제2종일반주거지역,20221008
경상남도 양산시 어곡동 318-5번지,48330,11200,0,0318,0005,1264100087227,,,,1,용도지역코드,UQA122,제2종일반주거지역,1,0,,제2종일반주거지역,20221008
경상남도 양산시 어곡동 318-5번지,48330,11200,0,0318,0005,1264100087227,,,,3,용도구역코드,UOA120,상대보호구역,1,0,,상대정화구역,20221008
경상남도 양산시 어곡동 318-5번지,48330,11200,0,0318,0005,1264100119599,,,,1,용도지역코드,UQA330,준공업지역,1,0,,준공업지역,20221008
경상남도 양산시 어곡동 318-5번지,48330,11200,0,0318,0005,1264100151990,,,,1,용도지역코드,UQA330,준공업지역,1,0,,준공업지역,20221008
경상남도 양산시 어곡동 319번지,48330,11200,0,0319,0000,12644215,,,,1,용도지역코드,1020,일반주거지역,1,0,,일반주거지역,20221008
경상남도 양산시 어곡동 319번지,48330,11200,0,0319,0000,1264100150630,,,,1,용도지역코드,UQA330,준공업지역,1,0,,준공업지역,20221008
경상남도 양산시 어곡동 319번지,48330,11200,0,0319,0000,1264100150630,,,,3,용도구역코드,UMZ100,가축사육제한구역,1,0,,가축사육제한구역,20221008
경상남도 양산시 어곡동 319-4번지,48330,11200,0,0319,0004,12644191,,,,1,용도지역코드,1020,일반주거지역,1,0,,일반주거지역,20221008
경상남도 양산시 어곡동 319-5번지,48330,11200,0,0319,0005,1000000000000000742700,,,,3,용도구역코드,UMZ100,가축사육제한구역,1,0,,가축사육제한구역,20250618
경상남도 양산시 어곡동 319-5번지,48330,11200,0,0319,0005,1000000000000000742700,,,,1,용도지역코드,UQA330,준공업지역,1,0,,준공업지역,20250618
경상남도 양산시 어곡동 319-5번지,48330,11200,0,0319,0005,12644214,,,,1,용도지역코드,1020,일반주거지역,1,0,,일반주거지역,20221008
경상남도 양산시 어곡동 323-5번지,48330,11200,0,0323,0005,12646526,,,,1,용도지역코드,1021,제1종일반주거지역,1,0,,제1종일반주거지역,20221008
경상남도 양산시 어곡동 330-2번지,48330,11200,0,0330,0002,1264100062900,,,,1,용도지역코드,UQA122,제2종일반주거지역,1,0,,제2종일반주거지역,20221008
경상남도 양산시 어곡동 330-2번지,48330,11200,0,0330,0002,1264100062900,,,,3,용도구역코드,UOA110,절대정화구역,,,,절대정화구역,20221008
경상남도 양산시 어곡동 330-2번지,48330,11200,0,0330,0002,1264100062900,,,,3,용도구역코드,UOA120,상대보호구역,1,0,,상대정화구역,20221008
경상남도 양산시 어곡동 333-3번지,48330,11200,0,0333,0003,12641201,,,,1,용도지역코드,1020,일반주거지역,1,0,,일반주거지역,20221008
경상남도 양산시 어곡동 333-3번지,48330,11200,0,0333,0003,12641853,경남 양산시 어곡동 333-3번지,,,1,용도지역코드,1020,일반주거지역,1,0,,일반주거지역,20221008
경상남도 양산시 어곡동 335번지,48330,11200,0,0335,0000,1000000000000000575241,,,,3,용도구역코드,UMZ100,가축사육제한구역,1,0,,가축사육제한구역,20250304
경상남도 양산시 어곡동 335번지,48330,11200,0,0335,0000,1000000000000000575241,,,,1,용도지역코드,UQA122,제2종일반주거지역,1,0,,제2종일반주거지역,20250304
경상남도 양산시 어곡동 337번지,48330,11200,0,0337,0000,12644785,,,,1,용도지역코드,1022,제2종일반주거지역,1,0,,제2종일반주거지역,20221008
경상남도 양산시 어곡동 338-1번지,48330,11200,0,0338,0001,1000000000000000834462,,,,1,용도지역코드,UQA122,제2종일반주거지역,1,0,,제2종일반주거지역,20260407
경상남도 양산시 어곡동 338-3번지,48330,11200,0,0338,0003,1264100064979,,,,3,용도구역코드,UOA120,상대보호구역,1,0,,상대정화구역,20221008
경상남도 양산시 어곡동 338-3번지,48330,11200,0,0338,0003,1264100108677,,,,1,용도지역코드,UQA122,제2종일반주거지역,1,0,,제2종일반주거지역,20221008
경상남도 양산시 어곡동 338-3번지,48330,11200,0,0338,0003,1264100064979,,,,1,용도지역코드,UQA122,제2종일반주거지역,1,0,,제2종일반주거지역,20221008
경상남도 양산시 어곡동 338-3번지,48330,11200,0,0338,0003,1264100067099,,,,1,용도지역코드,UQA122,제2종일반주거지역,1,0,,제2종일반주거지역,20221008
경상남도 양산시 어곡동 338-3번지,48330,11200,0,0338,0003,1264100067099,,,,3,용도구역코드,UOA120,상대보호구역,1,0,,상대정화구역,20221008
경상남도 양산시 어곡동 338-7번지,48330,11200,0,0338,0007,1264100068279,,,,1,용도지역코드,UQA122,제2종일반주거지역,1,0,,제2종일반주거지역,20221008
경상남도 양산시 어곡동 338-7번지,48330,11200,0,0338,0007,1264100068279,,,,3,용도구역코드,UOA120,상대보호구역,1,0,,상대정화구역,20221008
경상남도 양산시 어곡동 338-8번지,48330,11200,0,0338,0008,1264100034618,,,,1,용도지역코드,UQA121,제1종일반주거지역,1,0,,제1종일반주거지역,20221008
경상남도 양산시 어곡동 340-1번지,48330,11200,0,0340,0001,12645510,,,,1,용도지역코드,1022,제2종일반주거지역,1,0,,제2종일반주거지역,20221008
경상남도 양산시 어곡동 340-2번지,48330,11200,0,0340,0002,1264100149302,,,,1,용도지역코드,UQA122,제2종일반주거지역,1,0,,제2종일반주거지역,20221008
경상남도 양산시 어곡동 340-8번지,48330,11200,0,0340,0008,1264100135783,,,,1,용도지역코드,UQA122,제2종일반주거지역,1,0,,제2종일반주거지역,20221008
경상남도 양산시 어곡동 340-8번지,48330,11200,0,0340,0008,1264100135783,,,,3,용도구역코드,UMZ100,가축사육제한구역,1,0,,가축사육제한구역,20221008
경상남도 양산시 어곡동 340-9번지,48330,11200,0,0340,0009,1264100070481,,,,1,용도지역코드,UQA122,제2종일반주거지역,1,0,,제2종일반주거지역,20221008
경상남도 양산시 어곡동 340-9번지,48330,11200,0,0340,0009,1264100070481,,,,1,용도지역코드,UQA430,자연녹지지역,0,0,,자연녹지지역,20221008
경상남도 양산시 어곡동 340-9번지,48330,11200,0,0340,0009,1264100070481,,,,3,용도구역코드,UOA120,상대보호구역,1,0,,상대정화구역,20221008
경상남도 양산시 어곡동 340-21번지,48330,11200,0,0340,0021,1264100028736,,,,1,용도지역코드,UQA121,제1종일반주거지역,1,0,,제1종일반주거지역,20221008
경상남도 양산시 어곡동 341-4번지,48330,11200,0,0341,0004,1264100148030,,,,1,용도지역코드,UQA122,제2종일반주거지역,1,0,,제2종일반주거지역,20241024
경상남도 양산시 어곡동 341-4번지,48330,11200,0,0341,0004,1264100148030,,,,1,용도지역코드,UQA430,자연녹지지역,0,0,,자연녹지지역,20241024
경상남도 양산시 어곡동 341-4번지,48330,11200,0,0341,0004,1264100031757,,,,1,용도지역코드,UQA121,제1종일반주거지역,1,0,,제1종일반주거지역,20221008
경상남도 양산시 어곡동 347-1번지,48330,11200,0,0347,0001,12648152,,,,1,용도지역코드,1021,제1종일반주거지역,1,0,,제1종일반주거지역,20221008
경상남도 양산시 어곡동 347-1번지,48330,11200,0,0347,0001,12648152,,,,3,용도구역코드,010,도시계획구역,1,0,,도시계획구역,20221008
경상남도 양산시 어곡동 347-1번지,48330,11200,0,0347,0001,1264100056488,,,,1,용도지역코드,UQA122,제2종일반주거지역,1,0,,제2종일반주거지역,20221008
경상남도 양산시 어곡동 348번지,48330,11200,0,0348,0000,1264100154551,,,,1,용도지역코드,UQA122,제2종일반주거지역,1,0,,제2종일반주거지역,20221008
경상남도 양산시 어곡동 348번지,48330,11200,0,0348,0000,1264100154551,,,,3,용도구역코드,UMZ100,가축사육제한구역,1,0,,가축사육제한구역,20221008
경상남도 양산시 어곡동 349-2번지,48330,11200,0,0349,0002,1264100057869,,,,1,용도지역코드,UQA122,제2종일반주거지역,1,0,,제2종일반주거지역,20221008
경상남도 양산시 어곡동 350번지,48330,11200,0,0350,0000,1000000000000000892471,,,,1,용도지역코드,UQA122,제2종일반주거지역,1,0,,제2종일반주거지역,20260223
경상남도 양산시 어곡동 350번지,48330,11200,0,0350,0000,1000000000000000892471,,,,3,용도구역코드,UMZ100,가축사육제한구역,1,0,,가축사육제한구역,20260223
경상남도 양산시 어곡동 350번지,48330,11200,0,0350,0000,1000000000000000892471,,,,3,용도구역코드,UMZ100,가축사육제한구역,1,0,,가축사육제한구역,20260522
경상남도 양산시 어곡동 350번지,48330,11200,0,0350,0000,1000000000000000892471,,,,1,용도지역코드,UQA122,제2종일반주거지역,1,0,,제2종일반주거지역,20260522
경상남도 양산시 어곡동 350번지,48330,11200,0,0350,0000,1000000000000000511847,,,,1,용도지역코드,UQA122,제2종일반주거지역,1,0,,제2종일반주거지역,20251113
경상남도 양산시 어곡동 351-2번지,48330,11200,0,0351,0002,12645598,,,,1,용도지역코드,1021,제1종일반주거지역,1,0,,제1종일반주거지역,20221008
경상남도 양산시 어곡동 352번지,48330,11200,0,0352,0000,1264100053267,,,,1,용도지역코드,UQA122,제2종일반주거지역,1,0,,제2종일반주거지역,20221008
경상남도 양산시 어곡동 352-5번지,48330,11200,0,0352,0005,1264100143506,,,,1,용도지역코드,UQA122,제2종일반주거지역,1,0,,제2종일반주거지역,20221008
경상남도 양산시 어곡동 352-5번지,48330,11200,0,0352,0005,1264100143506,,,,3,용도구역코드,UMZ100,가축사육제한구역,1,0,,가축사육제한구역,20221008
경상남도 양산시 어곡동 358-12번지,48330,11200,0,0358,0012,1264100153010,,,,1,용도지역코드,UQA122,제2종일반주거지역,1,0,,제2종일반주거지역,20221008
경상남도 양산시 어곡동 358-12번지,48330,11200,0,0358,0012,1264100153010,,,,1,용도지역코드,UQA130,준주거지역,0,0,,준주거지역,20221008
경상남도 양산시 어곡동 358-12번지,48330,11200,0,0358,0012,1264100153010,,,,3,용도구역코드,UMZ100,가축사육제한구역,1,0,,가축사육제한구역,20221008
경상남도 양산시 어곡동 358-12번지,48330,11200,0,0358,0012,1264100153010,,,,3,용도구역코드,UOA120,상대보호구역,0,0,,상대보호구역,20221008
경상남도 양산시 어곡동 358-12번지,48330,11200,0,0358,0012,1264100153410,,,,1,용도지역코드,UQA122,제2종일반주거지역,1,0,,제2종일반주거지역,20221008
경상남도 양산시 어곡동 358-12번지,48330,11200,0,0358,0012,1264100153410,,,,1,용도지역코드,UQA130,준주거지역,0,0,,준주거지역,20221008
경상남도 양산시 어곡동 358-12번지,48330,11200,0,0358,0012,1264100153410,,,,3,용도구역코드,UMZ100,가축사육제한구역,1,0,,가축사육제한구역,20221008
경상남도 양산시 어곡동 358-12번지,48330,11200,0,0358,0012,1264100153410,,,,3,용도구역코드,UOA120,상대보호구역,0,0,,상대보호구역,20221008
경상남도 양산시 어곡동 358-12번지,48330,11200,0,0358,0012,1264100153011,,,,1,용도지역코드,UQA122,제2종일반주거지역,1,0,,제2종일반주거지역,20221008
경상남도 양산시 어곡동 358-12번지,48330,11200,0,0358,0012,1264100153011,,,,1,용도지역코드,UQA130,준주거지역,0,0,,준주거지역,20221008
경상남도 양산시 어곡동 359번지,48330,11200,0,0359,0000,1000000000000000226662,,,,1,용도지역코드,UQA122,제2종일반주거지역,1,0,,제2종일반주거지역,20240229
경상남도 양산시 어곡동 359-1번지,48330,11200,0,0359,0001,1000000000000000481060,,,,1,용도지역코드,UQA122,제2종일반주거지역,1,0,,제2종일반주거지역,20250307
경상남도 양산시 어곡동 359-2번지,48330,11200,0,0359,0002,1000000000000000481068,,,,1,용도지역코드,UQA122,제2종일반주거지역,1,0,,제2종일반주거지역,20250307
경상남도 양산시 어곡동 359-3번지,48330,11200,0,0359,0003,1000000000000000443815,,,,1,용도지역코드,UQA122,제2종일반주거지역,1,0,,제2종일반주거지역,20250214
경상남도 양산시 어곡동 359-4번지,48330,11200,0,0359,0004,1000000000000000226683,,,,1,용도지역코드,UQA122,제2종일반주거지역,1,0,,제2종일반주거지역,20240208
경상남도 양산시 어곡동 360-2번지,48330,11200,0,0360,0002,1264100142643,,,,1,용도지역코드,UQA122,제2종일반주거지역,1,0,,제2종일반주거지역,20221008
경상남도 양산시 어곡동 360-3번지,48330,11200,0,0360,0003,1264100141186,,,,1,용도지역코드,UQA122,제2종일반주거지역,1,0,,제2종일반주거지역,20221008
경상남도 양산시 어곡동 361-1번지,48330,11200,0,0361,0001,1264100141265,,,,1,용도지역코드,UQA122,제2종일반주거지역,1,0,,제2종일반주거지역,20221008
경상남도 양산시 어곡동 362번지,48330,11200,0,0362,0000,1264100141366,,,,1,용도지역코드,UQA122,제2종일반주거지역,1,0,,제2종일반주거지역,20221008
경상남도 양산시 어곡동 363-1번지,48330,11200,0,0363,0001,1264100061457,,,,1,용도지역코드,UQA122,제2종일반주거지역,1,0,,제2종일반주거지역,20221008
경상남도 양산시 어곡동 363-6번지,48330,11200,0,0363,0006,1264100077681,,,,1,용도지역코드,UQA122,제2종일반주거지역,1,0,,제2종일반주거지역,20221008
경상남도 양산시 어곡동 364-1번지,48330,11200,0,0364,0001,12648120,,,,1,용도지역코드,1021,제1종일반주거지역,1,0,,제1종일반주거지역,20221008
경상남도 양산시 어곡동 364-1번지,48330,11200,0,0364,0001,12648120,,,,1,용도지역코드,1330,자연녹지지역,0,0,,자연녹지지역,20221008
경상남도 양산시 어곡동 364-1번지,48330,11200,0,0364,0001,12648120,,,,3,용도구역코드,010,도시계획구역,1,0,,도시계획구역,20221008
경상남도 양산시 어곡동 365번지,48330,11200,0,0365,0000,1264100103194,,,,1,용도지역코드,UQA122,제2종일반주거지역,1,0,,제2종일반주거지역,20221008
경상남도 양산시 어곡동 365-3번지,48330,11200,0,0365,0003,1264100106453,,,,1,용도지역코드,UQA430,자연녹지지역,1,0,,자연녹지지역,20221008
경상남도 양산시 어곡동 365-3번지,48330,11200,0,0365,0003,1264100106453,,,,1,용도지역코드,UQA122,제2종일반주거지역,0,0,,제2종일반주거지역,20221008
경상남도 양산시 어곡동 365-3번지,48330,11200,0,0365,0003,1264100106453,,,,3,용도구역코드,UMZ100,가축사육제한구역,1,0,,가축사육제한구역,20221008
경상남도 양산시 어곡동 367-2번지,48330,11200,0,0367,0002,12645137,,,,1,용도지역코드,1022,제2종일반주거지역,1,0,,제2종일반주거지역,20221008
경상남도 양산시 어곡동 367-2번지,48330,11200,0,0367,0002,12646151,,,,1,용도지역코드,1021,제1종일반주거지역,1,0,,제1종일반주거지역,20221008
경상남도 양산시 어곡동 368번지,48330,11200,0,0368,0000,12645896,,,,1,용도지역코드,1330,자연녹지지역,1,0,,자연녹지지역,20221008
경상남도 양산시 어곡동 375-1번지,48330,11200,0,0375,0001,12646103,,,,1,용도지역코드,1022,제2종일반주거지역,1,0,,제2종일반주거지역,20221008
경상남도 양산시 어곡동 377번지,48330,11200,0,0377,0000,1264284,,,,1,용도지역코드,0800,경지지역,1,0,,경지지역,20221008
경상남도 양산시 어곡동 378번지,48330,11200,0,0378,0000,1264100155450,,,,1,용도지역코드,UQA330,준공업지역,1,0,,준공업지역,20221008
경상남도 양산시 어곡동 378번지,48330,11200,0,0378,0000,1264100155450,,,,3,용도구역코드,UMZ100,가축사육제한구역,1,0,,가축사육제한구역,20221008
경상남도 양산시 어곡동 387-1번지,48330,11200,0,0387,0001,12644241,,,,1,용도지역코드,1020,일반주거지역,1,0,,일반주거지역,20221008
경상남도 양산시 어곡동 389-2번지,48330,11200,0,0389,0002,12641775,,,,1,용도지역코드,1020,일반주거지역,1,0,,일반주거지역,20221008
경상남도 양산시 어곡동 390번지,48330,11200,0,0390,0000,1264100083746,,,,1,용도지역코드,UQA122,제2종일반주거지역,1,0,,제2종일반주거지역,20221008
경상남도 양산시 어곡동 390번지,48330,11200,0,0390,0000,1264100057331,,,,1,용도지역코드,UQA122,제2종일반주거지역,1,0,,제2종일반주거지역,20221008
경상남도 양산시 어곡동 396번지,48330,11200,0,0396,0000,12646175,,,,1,용도지역코드,1022,제2종일반주거지역,1,0,,제2종일반주거지역,20221008
경상남도 양산시 어곡동 396번지,48330,11200,0,0396,0000,1264100083501,,,,1,용도지역코드,UQA122,제2종일반주거지역,1,0,,제2종일반주거지역,20221008
경상남도 양산시 어곡동 396번지,48330,11200,0,0396,0000,12644247,,,,1,용도지역코드,1020,일반주거지역,1,0,,일반주거지역,20221008
경상남도 양산시 어곡동 397번지,48330,11200,0,0397,0000,12646582,,,,1,용도지역코드,1021,제1종일반주거지역,1,0,,제1종일반주거지역,20221008
경상남도 양산시 어곡동 397번지,48330,11200,0,0397,0000,1264100133863,,,,1,용도지역코드,UQA330,준공업지역,1,0,,준공업지역,20221008
경상남도 양산시 어곡동 399번지,48330,11200,0,0399,0000,1264100008226,,,,1,용도지역코드,1021,제1종일반주거지역,1,0,,제1종일반주거지역,20221008
경상남도 양산시 어곡동 399번지,48330,11200,0,0399,0000,12645506,,,,1,용도지역코드,1022,제2종일반주거지역,1,0,,제2종일반주거지역,20221008
경상남도 양산시 어곡동 403번지,48330,11200,0,0403,0000,12646109,,,,1,용도지역코드,1022,제2종일반주거지역,1,0,,제2종일반주거지역,20221008
경상남도 양산시 어곡동 406-1번지,48330,11200,0,0406,0001,1264100156350,,,,1,용도지역코드,UQA330,준공업지역,1,0,,준공업지역,20221008
경상남도 양산시 어곡동 406-1번지,48330,11200,0,0406,0001,1264100156350,,,,3,용도구역코드,UMZ100,가축사육제한구역,1,0,,가축사육제한구역,20221008
경상남도 양산시 어곡동 406-1번지,48330,11200,0,0406,0001,1264100153710,,,,1,용도지역코드,UQA330,준공업지역,1,0,,준공업지역,20221008
경상남도 양산시 어곡동 406-1번지,48330,11200,0,0406,0001,1264100153710,,,,3,용도구역코드,UMZ100,가축사육제한구역,1,0,,가축사육제한구역,20221008
경상남도 양산시 어곡동 408-1번지,48330,11200,0,0408,0001,1264100062160,,,,1,용도지역코드,UQA122,제2종일반주거지역,1,0,,제2종일반주거지역,20221008
경상남도 양산시 어곡동 408-2번지,48330,11200,0,0408,0002,1264100157233,,,,1,용도지역코드,UQA330,준공업지역,1,0,,준공업지역,20240125
경상남도 양산시 어곡동 408-2번지,48330,11200,0,0408,0002,1264100157233,,,,3,용도구역코드,UMZ100,가축사육제한구역,1,0,,가축사육제한구역,20240125
경상남도 양산시 어곡동 408-3번지,48330,11200,0,0408,0003,12648430,,,,1,용도지역코드,1021,제1종일반주거지역,1,0,,제1종일반주거지역,20221008
경상남도 양산시 어곡동 408-17번지,48330,11200,0,0408,0017,1264100074640,,,,1,용도지역코드,UQA122,제2종일반주거지역,1,0,,제2종일반주거지역,20221008
경상남도 양산시 어곡동 408-19번지,48330,11200,0,0408,0019,1000000000000000553643,,,,1,용도지역코드,UQA330,준공업지역,1,0,,준공업지역,20250319
경상남도 양산시 어곡동 409번지,48330,11200,0,0409,0000,1000000000000000508537,,,,1,용도지역코드,UQA330,준공업지역,1,0,,준공업지역,20240501
경상남도 양산시 어곡동 409번지,48330,11200,0,0409,0000,1264100040247,,,,1,용도지역코드,UQA122,제2종일반주거지역,1,0,,제2종일반주거지역,20221008
경상남도 양산시 어곡동 409번지,48330,11200,0,0409,0000,1264100146443,,,,1,용도지역코드,UQA330,준공업지역,1,0,,준공업지역,20221008
경상남도 양산시 어곡동 409번지,48330,11200,0,0409,0000,1264100146526,,,,1,용도지역코드,UQA330,준공업지역,1,0,,준공업지역,20221008
경상남도 양산시 어곡동 411번지,48330,11200,0,0411,0000,12645144,,,,1,용도지역코드,1022,제2종일반주거지역,1,0,,제2종일반주거지역,20221008
경상남도 양산시 어곡동 412번지,48330,11200,0,0412,0000,12644904,,,,1,용도지역코드,1022,제2종일반주거지역,1,0,,제2종일반주거지역,20221008
경상남도 양산시 어곡동 419-2번지,48330,11200,0,0419,0002,12644199,,,,1,용도지역코드,1020,일반주거지역,1,0,,일반주거지역,20221008
경상남도 양산시 어곡동 419-2번지,48330,11200,0,0419,0002,12644252,,,,1,용도지역코드,1020,일반주거지역,1,0,,일반주거지역,20221008
경상남도 양산시 어곡동 419-13번지,48330,11200,0,0419,0013,12644206,,,,1,용도지역코드,1020,일반주거지역,1,0,,일반주거지역,20221008
경상남도 양산시 어곡동 420번지,48330,11200,0,0420,0000,12642925,,,,1,용도지역코드,1020,일반주거지역,1,0,,일반주거지역,20221008
경상남도 양산시 어곡동 421-3번지,48330,11200,0,0421,0003,12646698,,,,1,용도지역코드,1021,제1종일반주거지역,1,0,,제1종일반주거지역,20221008
경상남도 양산시 어곡동 421-3번지,48330,11200,0,0421,0003,1264100149633,,,,1,용도지역코드,UQA330,준공업지역,1,0,,준공업지역,20221008
경상남도 양산시 어곡동 424-3번지,48330,11200,0,0424,0003,1000000000000000963019,,,,1,용도지역코드,UQA330,준공업지역,1,0,,준공업지역,20260605
경상남도 양산시 어곡동 424-3번지,48330,11200,0,0424,0003,1000000000000000963019,,,,3,용도구역코드,UMZ100,가축사육제한구역,1,0,,가축사육제한구역,20260605
경상남도 양산시 어곡동 425-1번지,48330,11200,0,0425,0001,12649293,,,,1,용도지역코드,1021,제1종일반주거지역,1,0,,제1종일반주거지역,20221008
경상남도 양산시 어곡동 429번지,48330,11200,0,0429,0000,12645118,,,,1,용도지역코드,1022,제2종일반주거지역,1,0,,제2종일반주거지역,20221008
경상남도 양산시 어곡동 433-2번지,48330,11200,0,0433,0002,1264100043102,,,,1,용도지역코드,UQA122,제2종일반주거지역,1,0,,제2종일반주거지역,20221008
경상남도 양산시 어곡동 433-5번지,48330,11200,0,0433,0005,1000000000000000405186,,,,1,용도지역코드,UQA330,준공업지역,1,0,,준공업지역,20240909
경상남도 양산시 어곡동 433-7번지,48330,11200,0,0433,0007,1264100045507,,,,1,용도지역코드,UQA122,제2종일반주거지역,1,0,,제2종일반주거지역,20221008
경상남도 양산시 어곡동 440번지,48330,11200,0,0440,0000,1000000000000000370733,,,,1,용도지역코드,UQA330,준공업지역,1,0,,준공업지역,20241205
경상남도 양산시 어곡동 445번지,48330,11200,0,0445,0000,1264100087105,,,,1,용도지역코드,UQA122,제2종일반주거지역,1,0,,제2종일반주거지역,20221008
경상남도 양산시 어곡동 445-1번지,48330,11200,0,0445,0001,12642667,,,,1,용도지역코드,1020,일반주거지역,1,0,,일반주거지역,20221008
경상남도 양산시 어곡동 447번지,48330,11200,0,0447,0000,1264100058733,,,,1,용도지역코드,UQA122,제2종일반주거지역,1,0,,제2종일반주거지역,20221008
경상남도 양산시 어곡동 447번지,48330,11200,0,0447,0000,1264100008129,,,,1,용도지역코드,1021,제1종일반주거지역,1,0,,제1종일반주거지역,20221008
경상남도 양산시 어곡동 456번지,48330,11200,0,0456,0000,1264100060133,,,,1,용도지역코드,UQA430,자연녹지지역,1,0,,자연녹지지역,20221008
경상남도 양산시 어곡동 456번지,48330,11200,0,0456,0000,1264100060133,,,,1,용도지역코드,UQA122,제2종일반주거지역,0,0,,제2종일반주거지역,20221008
경상남도 양산시 어곡동 525번지,48330,11200,0,0525,0000,1000000000000000557954,,,,1,용도지역코드,UQA430,자연녹지지역,1,0,,자연녹지지역,20240722
경상남도 양산시 어곡동 525번지,48330,11200,0,0525,0000,1264100043042,,,,1,용도지역코드,UQA430,자연녹지지역,1,0,,자연녹지지역,20221008
경상남도 양산시 어곡동 529번지,48330,11200,0,0529,0000,12644213,,,,1,용도지역코드,1330,자연녹지지역,1,0,,자연녹지지역,20221008
경상남도 양산시 어곡동 532번지,48330,11200,0,0532,0000,12641609,,,,1,용도지역코드,1330,자연녹지지역,1,0,,자연녹지지역,20221008
경상남도 양산시 어곡동 532-3번지,48330,11200,0,0532,0003,12641610,,,,1,용도지역코드,1330,자연녹지지역,1,0,,자연녹지지역,20221008
경상남도 양산시 어곡동 532-4번지,48330,11200,0,0532,0004,12645670,,,,1,용도지역코드,1330,자연녹지지역,1,0,,자연녹지지역,20221008
경상남도 양산시 어곡동 539번지,48330,11200,0,0539,0000,12645303,,,,1,용도지역코드,1330,자연녹지지역,1,0,,자연녹지지역,20221008
경상남도 양산시 어곡동 540번지,48330,11200,0,0540,0000,1264100013394,,,,1,용도지역코드,1330,자연녹지지역,1,0,,자연녹지지역,20221008
경상남도 양산시 어곡동 542-11번지,48330,11200,0,0542,0011,12644661,,,,1,용도지역코드,1030,준주거지역,1,0,,준주거지역,20221008
경상남도 양산시 어곡동 542-14번지,48330,11200,0,0542,0014,1264100106113,,,,1,용도지역코드,UQA130,준주거지역,1,0,,준주거지역,20221008
경상남도 양산시 어곡동 542-20번지,48330,11200,0,0542,0020,12645129,,,,1,용도지역코드,1030,준주거지역,1,0,,준주거지역,20221008
경상남도 양산시 어곡동 543번지,48330,11200,0,0543,0000,1264100006886,,,,1,용도지역코드,1030,준주거지역,1,0,,준주거지역,20221008
경상남도 양산시 어곡동 543번지,48330,11200,0,0543,0000,12647340,,,,1,용도지역코드,1030,준주거지역,1,0,,준주거지역,20221008
경상남도 양산시 어곡동 543-4번지,48330,11200,0,0543,0004,1264100072463,,,,1,용도지역코드,UQA130,준주거지역,1,0,,준주거지역,20221008
경상남도 양산시 어곡동 543-4번지,48330,11200,0,0543,0004,1264100072463,,,,3,용도구역코드,UOA120,상대보호구역,1,0,,상대정화구역,20221008
경상남도 양산시 어곡동 543-4번지,48330,11200,0,0543,0004,1264100007125,,,,1,용도지역코드,1030,준주거지역,1,0,,준주거지역,20221008
경상남도 양산시 어곡동 545-4번지,48330,11200,0,0545,0004,12648415,,,,1,용도지역코드,1030,준주거지역,1,0,,준주거지역,20221008
경상남도 양산시 어곡동 545-4번지,48330,11200,0,0545,0004,12648415,,,,3,용도구역코드,010,도시계획구역,1,0,,도시계획구역,20221008
경상남도 양산시 어곡동 545-4번지,48330,11200,0,0545,0004,1264100099773,,,,1,용도지역코드,UQA130,준주거지역,1,0,,준주거지역,20221008
경상남도 양산시 어곡동 545-4번지,48330,11200,0,0545,0004,1264100099773,,,,3,용도구역코드,UOA120,상대보호구역,1,0,,상대정화구역,20221008
경상남도 양산시 어곡동 546번지,48330,11200,0,0546,0000,1264100089281,,,,1,용도지역코드,UQA130,준주거지역,1,0,,준주거지역,20221008
경상남도 양산시 어곡동 549번지,48330,11200,0,0549,0000,1264100044468,,,,1,용도지역코드,UQA122,제2종일반주거지역,1,0,,제2종일반주거지역,20221008
경상남도 양산시 어곡동 550번지,48330,11200,0,0550,0000,1264100141365,,,,1,용도지역코드,UQA122,제2종일반주거지역,1,0,,제2종일반주거지역,20221008
경상남도 양산시 어곡동 555번지,48330,11200,0,0555,0000,1264100115218,,,,1,용도지역코드,UQA122,제2종일반주거지역,1,0,,제2종일반주거지역,20221008
경상남도 양산시 어곡동 555번지,48330,11200,0,0555,0000,1264100115218,,,,3,용도구역코드,UGB300,보호구역,1,0,,보호구역,20221008
경상남도 양산시 어곡동 560번지,48330,11200,0,0560,0000,1264100096286,,,,1,용도지역코드,UQA122,제2종일반주거지역,1,0,,제2종일반주거지역,20221008
경상남도 양산시 어곡동 581번지,48330,11200,0,0581,0000,12646732,,,,1,용도지역코드,1030,준주거지역,1,0,,준주거지역,20221008
경상남도 양산시 어곡동 585-4번지,48330,11200,0,0585,0004,12645112,,,,1,용도지역코드,1030,준주거지역,1,0,,준주거지역,20221008
경상남도 양산시 어곡동 587-2번지,48330,11200,0,0587,0002,1264100133284,,,,1,용도지역코드,UQA130,준주거지역,1,0,,준주거지역,20221008
경상남도 양산시 어곡동 588-1번지,48330,11200,0,0588,0001,1264100090823,,,,1,용도지역코드,UQA130,준주거지역,1,0,,준주거지역,20221008
경상남도 양산시 어곡동 588-7번지,48330,11200,0,0588,0007,1264100090824,,,,1,용도지역코드,UQA130,준주거지역,1,0,,준주거지역,20221008
경상남도 양산시 어곡동 591-1번지,48330,11200,0,0591,0001,1264100094401,,,,1,용도지역코드,UQA130,준주거지역,1,0,,준주거지역,20221008
경상남도 양산시 어곡동 591-1번지,48330,11200,0,0591,0001,1264100094401,,,,3,용도구역코드,UOA120,상대보호구역,1,0,,상대정화구역,20221008
경상남도 양산시 어곡동 593번지,48330,11200,0,0593,0000,1264100156370,,,,1,용도지역코드,UQA130,준주거지역,1,0,,준주거지역,20230210
경상남도 양산시 어곡동 593번지,48330,11200,0,0593,0000,12646278,,,,1,용도지역코드,1030,준주거지역,1,0,,준주거지역,20221008
경상남도 양산시 어곡동 593-4번지,48330,11200,0,0593,0004,12646389,,,,1,용도지역코드,1030,준주거지역,1,0,,준주거지역,20221008
경상남도 양산시 어곡동 596-1번지,48330,11200,0,0596,0001,1264100097046,,,,1,용도지역코드,UQA122,제2종일반주거지역,1,0,,제2종일반주거지역,20221008
경상남도 양산시 어곡동 596-1번지,48330,11200,0,0596,0001,1264100097046,,,,3,용도구역코드,UOA120,상대보호구역,1,0,,상대정화구역,20221008
경상남도 양산시 어곡동 596-1번지,48330,11200,0,0596,0001,12645256,,,,1,용도지역코드,0100,도시지역,1,0,,도시지역,20221008
경상남도 양산시 어곡동 596-1번지,48330,11200,0,0596,0001,12645256,,,,1,용도지역코드,1022,제2종일반주거지역,0,0,,제2종일반주거지역,20221008
경상남도 양산시 어곡동 597-1번지,48330,11200,0,0597,0001,12641694,,,,1,용도지역코드,1020,일반주거지역,1,0,,일반주거지역,20221008
경상남도 양산시 어곡동 597-4번지,48330,11200,0,0597,0004,12649376,,,,1,용도지역코드,1021,제1종일반주거지역,1,0,,제1종일반주거지역,20221008
경상남도 양산시 어곡동 598-1번지,48330,11200,0,0598,0001,12648224,,,,1,용도지역코드,1021,제1종일반주거지역,1,0,,제1종일반주거지역,20221008
경상남도 양산시 어곡동 600-3번지,48330,11200,0,0600,0003,1264100050466,,,,1,용도지역코드,UQA122,제2종일반주거지역,1,0,,제2종일반주거지역,20221008
경상남도 양산시 어곡동 600-3번지,48330,11200,0,0600,0003,12642796,,,,1,용도지역코드,1020,일반주거지역,1,0,,일반주거지역,20221008
경상남도 양산시 어곡동 601번지,48330,11200,0,0601,0000,12645824,,,,1,용도지역코드,1021,제1종일반주거지역,1,0,,제1종일반주거지역,20221008
경상남도 양산시 어곡동 601-4번지,48330,11200,0,0601,0004,12645825,,,,1,용도지역코드,1022,제2종일반주거지역,1,0,,제2종일반주거지역,20221008
경상남도 양산시 어곡동 608-22번지,48330,11200,0,0608,0022,1000000000000000704847,,,,1,용도지역코드,UQA122,제2종일반주거지역,1,0,,제2종일반주거지역,20250731
경상남도 양산시 어곡동 608-22번지,48330,11200,0,0608,0022,1000000000000000704847,,,,3,용도구역코드,UMZ100,가축사육제한구역,1,0,,가축사육제한구역,20250731
경상남도 양산시 어곡동 608-22번지,48330,11200,0,0608,0022,1264100046507,,,,1,용도지역코드,UQA122,제2종일반주거지역,1,0,,제2종일반주거지역,20221008
경상남도 양산시 어곡동 610-1번지,48330,11200,0,0610,0001,1264100064421,,,,1,용도지역코드,UQA122,제2종일반주거지역,1,0,,제2종일반주거지역,20221008
경상남도 양산시 어곡동 610-9번지,48330,11200,0,0610,0009,1264100058852,,,,1,용도지역코드,UQA122,제2종일반주거지역,1,0,,제2종일반주거지역,20221008
경상남도 양산시 어곡동 610-10번지,48330,11200,0,0610,0010,1264100058853,,,,1,용도지역코드,UQA122,제2종일반주거지역,1,0,,제2종일반주거지역,20221008
경상남도 양산시 어곡동 610-11번지,48330,11200,0,0610,0011,1264100059532,,,,1,용도지역코드,UQA122,제2종일반주거지역,1,0,,제2종일반주거지역,20221008
경상남도 양산시 어곡동 610-13번지,48330,11200,0,0610,0013,1264100058854,,,,1,용도지역코드,UQA122,제2종일반주거지역,1,0,,제2종일반주거지역,20221008
경상남도 양산시 어곡동 611-2번지,48330,11200,0,0611,0002,1264100028433,,,,1,용도지역코드,UQA130,준주거지역,1,0,,준주거지역,20221008
경상남도 양산시 어곡동 611-2번지,48330,11200,0,0611,0002,1264100047385,,,,1,용도지역코드,UQA130,준주거지역,1,0,,준주거지역,20221008
경상남도 양산시 어곡동 611-2번지,48330,11200,0,0611,0002,1000000000000000679415,,,,3,용도구역코드,UOA120,상대보호구역,0,0,,상대보호구역,20250618
경상남도 양산시 어곡동 611-2번지,48330,11200,0,0611,0002,1000000000000000679415,,,,1,용도지역코드,UQA130,준주거지역,1,0,,준주거지역,20250618
경상남도 양산시 어곡동 611-2번지,48330,11200,0,0611,0002,1000000000000000679415,,,,3,용도구역코드,UMZ100,가축사육제한구역,1,0,,가축사육제한구역,20250618
경상남도 양산시 어곡동 611-4번지,48330,11200,0,0611,0004,1264100034913,,,,1,용도지역코드,UQA130,준주거지역,1,0,,준주거지역,20221008
경상남도 양산시 어곡동 620-2번지,48330,11200,0,0620,0002,1264100078306,,,,1,용도지역코드,UQA130,준주거지역,1,0,,준주거지역,20221008
경상남도 양산시 어곡동 621-3번지,48330,11200,0,0621,0003,1264100077682,,,,1,용도지역코드,UQA130,준주거지역,1,0,,준주거지역,20221008
경상남도 양산시 어곡동 621-3번지,48330,11200,0,0621,0003,1264100077682,,,,3,용도구역코드,UOA120,상대보호구역,1,0,,상대정화구역,20221008
경상남도 양산시 어곡동 621-4번지,48330,11200,0,0621,0004,1264100078305,,,,1,용도지역코드,UQA130,준주거지역,1,0,,준주거지역,20221008
경상남도 양산시 어곡동 621-9번지,48330,11200,0,0621,0009,1000000000000000400700,,,,1,용도지역코드,UQA130,준주거지역,1,0,,준주거지역,20240603
경상남도 양산시 어곡동 622번지,48330,11200,0,0622,0000,1264100130783,,,,1,용도지역코드,UQA130,준주거지역,1,0,,준주거지역,20221008
경상남도 양산시 어곡동 636번지,48330,11200,0,0636,0000,1264100039395,,,,1,용도지역코드,UQA121,제1종일반주거지역,1,0,,제1종일반주거지역,20221008
경상남도 양산시 어곡동 636번지,48330,11200,0,0636,0000,12648945,,,,1,용도지역코드,1021,제1종일반주거지역,1,0,,제1종일반주거지역,20221008
경상남도 양산시 어곡동 640번지,48330,11200,0,0640,0000,1264100031656,,,,1,용도지역코드,UQA121,제1종일반주거지역,1,0,,제1종일반주거지역,20221008
경상남도 양산시 어곡동 645-1번지,48330,11200,0,0645,0001,1264278,,,,1,용도지역코드,0500,자연환경보전지역,1,0,,자연환경보전지역,20221008
경상남도 양산시 어곡동 645-1번지,48330,11200,0,0645,0001,1264278,,,,1,용도지역코드,0800,경지지역,0,0,,경지지역,20221008
경상남도 양산시 어곡동 645-8번지,48330,11200,0,0645,0008,1264100099553,,,,1,용도지역코드,UQA430,자연녹지지역,1,0,,자연녹지지역,20221008
경상남도 양산시 어곡동 645-8번지,48330,11200,0,0645,0008,1264100099553,,,,1,용도지역코드,UQA122,제2종일반주거지역,0,0,,제2종일반주거지역,20221008
경상남도 양산시 어곡동 679-2번지,48330,11200,0,0679,0002,1264100138183,,,,1,용도지역코드,UQA122,제2종일반주거지역,1,0,,제2종일반주거지역,20221008
경상남도 양산시 어곡동 679-2번지,48330,11200,0,0679,0002,1264100138183,,,,3,용도구역코드,UMZ100,가축사육제한구역,1,0,,가축사육제한구역,20221008
경상남도 양산시 어곡동 679-2번지,48330,11200,0,0679,0002,1264100025069,,,,1,용도지역코드,UQA121,제1종일반주거지역,1,0,,제1종일반주거지역,20221008
경상남도 양산시 어곡동 688번지,48330,11200,0,0688,0000,12642226,,,,1,용도지역코드,1020,일반주거지역,1,0,,일반주거지역,20221008
경상남도 양산시 어곡동 688번지,48330,11200,0,0688,0000,12643782,,,,1,용도지역코드,1020,일반주거지역,1,0,,일반주거지역,20221008
경상남도 양산시 어곡동 698-1번지,48330,11200,0,0698,0001,1000000000000000953864,,,,1,용도지역코드,UQA320,일반공업지역,1,0,,일반공업지역,20260520
경상남도 양산시 어곡동 698-1번지,48330,11200,0,0698,0001,1000000000000000953864,,,,3,용도구역코드,UMZ100,가축사육제한구역,1,0,,가축사육제한구역,20260520
경상남도 양산시 어곡동 698-1번지,48330,11200,0,0698,0001,1000000000000000817851,,,,1,용도지역코드,UQA320,일반공업지역,1,0,,일반공업지역,20260707
경상남도 양산시 어곡동 698-1번지,48330,11200,0,0698,0001,1000000000000000854396,,,,1,용도지역코드,UQA320,일반공업지역,1,0,,일반공업지역,20251204
경상남도 양산시 어곡동 698-1번지,48330,11200,0,0698,0001,1000000000000000817852,,,,1,용도지역코드,UQA320,일반공업지역,1,0,,일반공업지역,20251002
경상남도 양산시 어곡동 698-1번지,48330,11200,0,0698,0001,1264100133227,,,,1,용도지역코드,UQA320,일반공업지역,1,0,,일반공업지역,20221008
경상남도 양산시 어곡동 698-1번지,48330,11200,0,0698,0001,12646340,,,,1,용도지역코드,1220,일반공업지역,1,0,,일반공업지역,20221008
경상남도 양산시 어곡동 698-1번지,48330,11200,0,0698,0001,1264100095894,,,,1,용도지역코드,UQA320,일반공업지역,1,0,,일반공업지역,20221008
경상남도 양산시 어곡동 699번지,48330,11200,0,0699,0000,1264651,경상남도 양산시 어곡동,699,,1,용도지역코드,0100,도시지역,1,0,,도시지역,20221008
경상남도 양산시 어곡동 699-11번지,48330,11200,0,0699,0011,12644854,,,,1,용도지역코드,1220,일반공업지역,1,0,,일반공업지역,20221008
경상남도 양산시 어곡동 700-1번지,48330,11200,0,0700,0001,1264100150491,,,,1,용도지역코드,UQA320,일반공업지역,1,0,,일반공업지역,20241023
경상남도 양산시 어곡동 700-1번지,48330,11200,0,0700,0001,1264100150491,,,,1,용도지역코드,UQA430,자연녹지지역,0,0,,자연녹지지역,20241023
경상남도 양산시 어곡동 700-2번지,48330,11200,0,0700,0002,1264100099794,,,,1,용도지역코드,UQA430,자연녹지지역,,,,자연녹지지역,20221008
경상남도 양산시 어곡동 700-2번지,48330,11200,0,0700,0002,1264100099794,,,,1,용도지역코드,UQA320,일반공업지역,1,0,,일반공업지역,20221008
경상남도 양산시 어곡동 700-2번지,48330,11200,0,0700,0002,1264100120839,,,,1,용도지역코드,UQA320,일반공업지역,1,0,,일반공업지역,20221008
경상남도 양산시 어곡동 700-2번지,48330,11200,0,0700,0002,1264100120839,,,,1,용도지역코드,UQA430,자연녹지지역,0,0,,자연녹지지역,20221008
경상남도 양산시 어곡동 700-2번지,48330,11200,0,0700,0002,1264100118597,,,,1,용도지역코드,UQA320,일반공업지역,1,0,,일반공업지역,20221008
경상남도 양산시 어곡동 700-2번지,48330,11200,0,0700,0002,1264100118597,,,,1,용도지역코드,UQA430,자연녹지지역,0,0,,자연녹지지역,20221008
경상남도 양산시 어곡동 700-2번지,48330,11200,0,0700,0002,1264100155212,,,,1,용도지역코드,UQA320,일반공업지역,1,0,,일반공업지역,20221008
경상남도 양산시 어곡동 700-2번지,48330,11200,0,0700,0002,1264100155212,,,,1,용도지역코드,UQA430,자연녹지지역,0,0,,자연녹지지역,20221008
경상남도 양산시 어곡동 700-5번지,48330,11200,0,0700,0005,12646065,,,,1,용도지역코드,1220,일반공업지역,1,0,,일반공업지역,20221008
경상남도 양산시 어곡동 700-5번지,48330,11200,0,0700,0005,12645340,,,,1,용도지역코드,1220,일반공업지역,1,0,,일반공업지역,20221008
경상남도 양산시 어곡동 700-5번지,48330,11200,0,0700,0005,12642857,,,,1,용도지역코드,1330,자연녹지지역,1,0,,자연녹지지역,20221008
경상남도 양산시 어곡동 702번지,48330,11200,0,0702,0000,12646602,,,,1,용도지역코드,1220,일반공업지역,1,0,,일반공업지역,20221008
경상남도 양산시 어곡동 702번지,48330,11200,0,0702,0000,12644267,,,,1,용도지역코드,1220,일반공업지역,1,0,,일반공업지역,20221008
경상남도 양산시 어곡동 702번지,48330,11200,0,0702,0000,1264100040202,,,,1,용도지역코드,UQA320,일반공업지역,1,0,,일반공업지역,20221008
경상남도 양산시 어곡동 702번지,48330,11200,0,0702,0000,1264100040802,,,,1,용도지역코드,UQA320,일반공업지역,1,0,,일반공업지역,20221008
경상남도 양산시 어곡동 702번지,48330,11200,0,0702,0000,1264100054488,,,,1,용도지역코드,UQA320,일반공업지역,1,0,,일반공업지역,20221008
경상남도 양산시 어곡동 702번지,48330,11200,0,0702,0000,12643590,,,,1,용도지역코드,1220,일반공업지역,1,0,,일반공업지역,20221008
경상남도 양산시 어곡동 702-2번지,48330,11200,0,0702,0002,1000000000000000267182,,,,1,용도지역코드,UQA320,일반공업지역,1,0,,일반공업지역,20230428
경상남도 양산시 어곡동 702-2번지,48330,11200,0,0702,0002,1000000000000000294600,,,,1,용도지역코드,UQA320,일반공업지역,1,0,,일반공업지역,20230905
경상남도 양산시 어곡동 702-2번지,48330,11200,0,0702,0002,12643876,,,,1,용도지역코드,1220,일반공업지역,1,0,,일반공업지역,20221008
경상남도 양산시 어곡동 702-3번지,48330,11200,0,0702,0003,1264100046845,,,,1,용도지역코드,UQA320,일반공업지역,1,0,,일반공업지역,20221008
경상남도 양산시 어곡동 702-3번지,48330,11200,0,0702,0003,1264100137383,,,,1,용도지역코드,UQA320,일반공업지역,1,0,,일반공업지역,20221008
경상남도 양산시 어곡동 702-3번지,48330,11200,0,0702,0003,1264100137385,,,,1,용도지역코드,UQA320,일반공업지역,1,0,,일반공업지역,20221008
경상남도 양산시 어곡동 704번지,48330,11200,0,0704,0000,1264100062799,,,,1,용도지역코드,UQA320,일반공업지역,1,0,,일반공업지역,20221008
경상남도 양산시 어곡동 705번지,48330,11200,0,0705,0000,1264100025953,,,,1,용도지역코드,UQA320,일반공업지역,1,0,,일반공업지역,20221008
경상남도 양산시 어곡동 705번지,48330,11200,0,0705,0000,1264100063139,,,,1,용도지역코드,UQA320,일반공업지역,1,0,,일반공업지역,20221008
경상남도 양산시 어곡동 705번지,48330,11200,0,0705,0000,1264100017135,,,,1,용도지역코드,1220,일반공업지역,1,0,,일반공업지역,20221008
경상남도 양산시 어곡동 718번지,48330,11200,0,0718,0000,1000000000000000946771,,,,1,용도지역코드,UQA330,준공업지역,1,0,,준공업지역,20260622
경상남도 양산시 어곡동 725번지,48330,11200,0,0725,0000,12647303,,,,1,용도지역코드,1230,준공업지역,1,0,,준공업지역,20221008
경상남도 양산시 어곡동 726-1번지,48330,11200,0,0726,0001,12647355,,,,1,용도지역코드,1220,일반공업지역,1,0,,일반공업지역,20221008
경상남도 양산시 어곡동 726-1번지,48330,11200,0,0726,0001,12647355,,,,3,용도구역코드,010,도시계획구역,1,0,,도시계획구역,20221008
경상남도 양산시 어곡동 726-2번지,48330,11200,0,0726,0002,12644084,,726,2,1,용도지역코드,1220,일반공업지역,1,0,,일반공업지역,20221008
경상남도 양산시 어곡동 726-2번지,48330,11200,0,0726,0002,12644245,,726,3,1,용도지역코드,1220,일반공업지역,1,0,,일반공업지역,20221008
경상남도 양산시 어곡동 726-2번지,48330,11200,0,0726,0002,12643028,,,,1,용도지역코드,1220,일반공업지역,1,0,,일반공업지역,20221008
경상남도 양산시 어곡동 727-3번지,48330,11200,0,0727,0003,12646658,,,,1,용도지역코드,1220,일반공업지역,1,0,,일반공업지역,20221008
경상남도 양산시 어곡동 727-3번지,48330,11200,0,0727,0003,12643356,,,,1,용도지역코드,1220,일반공업지역,1,0,,일반공업지역,20221008
경상남도 양산시 어곡동 727-4번지,48330,11200,0,0727,0004,12643215,,,,1,용도지역코드,1220,일반공업지역,1,0,,일반공업지역,20221008
경상남도 양산시 어곡동 730-1번지,48330,11200,0,0730,0001,12646669,,,,1,용도지역코드,1220,일반공업지역,1,0,,일반공업지역,20221008
경상남도 양산시 어곡동 732-1번지,48330,11200,0,0732,0001,12641499,,,,1,용도지역코드,1330,자연녹지지역,1,0,,자연녹지지역,20221008
경상남도 양산시 어곡동 734번지,48330,11200,0,0734,0000,12642042,경상남도 양산시 어곡동,734,,1,용도지역코드,1330,자연녹지지역,1,0,,자연녹지지역,20221008
경상남도 양산시 어곡동 734-4번지,48330,11200,0,0734,0004,12646858,,,,1,용도지역코드,1220,일반공업지역,1,0,,일반공업지역,20221008
경상남도 양산시 어곡동 734-4번지,48330,11200,0,0734,0004,1264945,경상남도 양산시 어곡동,734,4,1,용도지역코드,1330,자연녹지지역,1,0,,자연녹지지역,20221008
경상남도 양산시 어곡동 747번지,48330,11200,0,0747,0000,12648347,,,,1,용도지역코드,1220,일반공업지역,1,0,,일반공업지역,20221008
경상남도 양산시 어곡동 748번지,48330,11200,0,0748,0000,1264100031736,,,,1,용도지역코드,UQA320,일반공업지역,1,0,,일반공업지역,20221008
경상남도 양산시 어곡동 748번지,48330,11200,0,0748,0000,12649613,,,,1,용도지역코드,1220,일반공업지역,1,0,,일반공업지역,20221008
경상남도 양산시 어곡동 753-1번지,48330,11200,0,0753,0001,1264100029470,,,,1,용도지역코드,UQA320,일반공업지역,1,0,,일반공업지역,20221008
경상남도 양산시 어곡동 753-3번지,48330,11200,0,0753,0003,1264100154870,,,,3,용도구역코드,UMZ100,가축사육제한구역,1,0,,가축사육제한구역,20230508
경상남도 양산시 어곡동 753-3번지,48330,11200,0,0753,0003,1264100154870,,,,1,용도지역코드,UQA320,일반공업지역,1,0,,일반공업지역,20230508
경상남도 양산시 어곡동 753-13번지,48330,11200,0,0753,0013,1264100031843,,,,1,용도지역코드,UQA320,일반공업지역,1,0,,일반공업지역,20221008
경상남도 양산시 어곡동 753-13번지,48330,11200,0,0753,0013,1264100028490,,,,1,용도지역코드,UQA320,일반공업지역,1,0,,일반공업지역,20221008
경상남도 양산시 어곡동 756-3번지,48330,11200,0,0756,0003,12645551,,,,1,용도지역코드,1220,일반공업지역,1,0,,일반공업지역,20221008
경상남도 양산시 어곡동 756-3번지,48330,11200,0,0756,0003,1000000000000001012149,,,,1,용도지역코드,UQA320,일반공업지역,1,0,,일반공업지역,20260812
경상남도 양산시 어곡동 756-3번지,48330,11200,0,0756,0003,1000000000000001012149,,,,3,용도구역코드,UMZ100,가축사육제한구역,1,0,,가축사육제한구역,20260812
경상남도 양산시 어곡동 756-3번지,48330,11200,0,0756,0003,1000000000000000992674,,,,1,용도지역코드,UQA320,일반공업지역,1,0,,일반공업지역,20260824
경상남도 양산시 어곡동 756-3번지,48330,11200,0,0756,0003,1000000000000000992674,,,,3,용도구역코드,UMZ100,가축사육제한구역,1,0,,가축사육제한구역,20260824
경상남도 양산시 어곡동 757-3번지,48330,11200,0,0757,0003,12649378,,,,1,용도지역코드,1220,일반공업지역,1,0,,일반공업지역,20221008
경상남도 양산시 어곡동 757-3번지,48330,11200,0,0757,0003,12649378,,,,3,용도구역코드,301,제1종지구단위계획구역,1,0,,제1종지구단위계획구역,20221008
경상남도 양산시 어곡동 782-1번지,48330,11200,0,0782,0001,1264100016934,,,,1,용도지역코드,1220,일반공업지역,1,0,,일반공업지역,20221008
경상남도 양산시 어곡동 782-1번지,48330,11200,0,0782,0001,12648270,,,,1,용도지역코드,1220,일반공업지역,1,0,,일반공업지역,20221008
경상남도 양산시 어곡동 782-1번지,48330,11200,0,0782,0001,12644217,,,,1,용도지역코드,1220,일반공업지역,1,0,,일반공업지역,20221008
경상남도 양산시 어곡동 782-1번지,48330,11200,0,0782,0001,1264100130324,,,,1,용도지역코드,UQA320,일반공업지역,1,0,,일반공업지역,20221008
경상남도 양산시 어곡동 782-4번지,48330,11200,0,0782,0004,12644178,,,,1,용도지역코드,1220,일반공업지역,1,0,,일반공업지역,20221008
경상남도 양산시 어곡동 782-4번지,48330,11200,0,0782,0004,12643866,,,,1,용도지역코드,1220,일반공업지역,1,0,,일반공업지역,20221008
경상남도 양산시 어곡동 787-1번지,48330,11200,0,0787,0001,12648580,,,,1,용도지역코드,1220,일반공업지역,1,0,,일반공업지역,20221008
경상남도 양산시 어곡동 787-1번지,48330,11200,0,0787,0001,12649457,,,,1,용도지역코드,1220,일반공업지역,1,0,,일반공업지역,20221008
경상남도 양산시 어곡동 791번지,48330,11200,0,0791,0000,1000000000000000238465,,,,1,용도지역코드,UQA320,일반공업지역,1,0,,일반공업지역,20231220
경상남도 양산시 어곡동 791-2번지,48330,11200,0,0791,0002,1264100138725,,,,1,용도지역코드,UQA320,일반공업지역,1,0,,일반공업지역,20221008
경상남도 양산시 어곡동 791-5번지,48330,11200,0,0791,0005,1000000000000000330781,,,,1,용도지역코드,UQA320,일반공업지역,1,0,,일반공업지역,20231220
경상남도 양산시 어곡동 794-3번지,48330,11200,0,0794,0003,12648877,,,,1,용도지역코드,1220,일반공업지역,1,0,,일반공업지역,20221008
경상남도 양산시 어곡동 794-10번지,48330,11200,0,0794,0010,12644212,,,,1,용도지역코드,1220,일반공업지역,1,0,,일반공업지역,20221008
경상남도 양산시 어곡동 794-14번지,48330,11200,0,0794,0014,12646630,,,,1,용도지역코드,1220,일반공업지역,1,0,,일반공업지역,20221008
경상남도 양산시 어곡동 794-14번지,48330,11200,0,0794,0014,12648481,,,,1,용도지역코드,1220,일반공업지역,1,0,,일반공업지역,20221008
경상남도 양산시 어곡동 794-14번지,48330,11200,0,0794,0014,12648481,,,,3,용도구역코드,010,도시계획구역,1,0,,도시계획구역,20221008
경상남도 양산시 어곡동 794-14번지,48330,11200,0,0794,0014,12647668,,,,1,용도지역코드,1220,일반공업지역,1,0,,일반공업지역,20221008
경상남도 양산시 어곡동 794-14번지,48330,11200,0,0794,0014,12644202,,,,1,용도지역코드,1220,일반공업지역,1,0,,일반공업지역,20221008
경상남도 양산시 어곡동 795-5번지,48330,11200,0,0795,0005,1264100076179,,,,1,용도지역코드,UQA320,일반공업지역,1,0,,일반공업지역,20221008
경상남도 양산시 어곡동 795-5번지,48330,11200,0,0795,0005,1264100081519,,,,1,용도지역코드,UQA320,일반공업지역,1,0,,일반공업지역,20221008
경상남도 양산시 어곡동 796-1번지,48330,11200,0,0796,0001,12648860,,,,1,용도지역코드,1220,일반공업지역,1,0,,일반공업지역,20221008
경상남도 양산시 어곡동 797-1번지,48330,11200,0,0797,0001,1000000000000000399593,,,,1,용도지역코드,UQA320,일반공업지역,1,0,,일반공업지역,20231031
경상남도 양산시 어곡동 797-1번지,48330,11200,0,0797,0001,1264100073899,,,,1,용도지역코드,UQA320,일반공업지역,1,0,,일반공업지역,20221008
경상남도 양산시 어곡동 797-1번지,48330,11200,0,0797,0001,12648084,,,,1,용도지역코드,1220,일반공업지역,1,0,,일반공업지역,20221008
경상남도 양산시 어곡동 797-1번지,48330,11200,0,0797,0001,12648085,,,,1,용도지역코드,1220,일반공업지역,1,0,,일반공업지역,20221008
경상남도 양산시 어곡동 798-3번지,48330,11200,0,0798,0003,12648100,,,,1,용도지역코드,1021,제1종일반주거지역,1,0,,제1종일반주거지역,20221008
경상남도 양산시 어곡동 856-1번지,48330,11200,0,0856,0001,12644271,,,,1,용도지역코드,1220,일반공업지역,1,0,,일반공업지역,20221008
경상남도 양산시 어곡동 856-1번지,48330,11200,0,0856,0001,12646054,,,,1,용도지역코드,1220,일반공업지역,1,0,,일반공업지역,20221008
경상남도 양산시 어곡동 856-1번지,48330,11200,0,0856,0001,1000000000000000507984,,,,3,용도구역코드,UQQ300,지구단위계획구역,1,0,,지구단위계획구역,20241021
경상남도 양산시 어곡동 856-1번지,48330,11200,0,0856,0001,1000000000000000507984,,,,1,용도지역코드,UQA320,일반공업지역,1,0,,일반공업지역,20241021
경상남도 양산시 어곡동 856-1번지,48330,11200,0,0856,0001,1000000000000000507984,,,,3,용도구역코드,UBK500,산업시설구역,0,0,,산업시설구역,20241021
경상남도 양산시 어곡동 856-1번지,48330,11200,0,0856,0001,1000000000000000507984,,,,2,용도지구코드,UFB120,산업용지,1,0,,산업용지,20241021
경상남도 양산시 어곡동 856-1번지,48330,11200,0,0856,0001,1264100006425,,,,1,용도지역코드,1220,일반공업지역,1,0,,일반공업지역,20221008
경상남도 양산시 어곡동 856-1번지,48330,11200,0,0856,0001,1264100033528,,,,1,용도지역코드,UQA320,일반공업지역,1,0,,일반공업지역,20221008
경상남도 양산시 어곡동 856-1번지,48330,11200,0,0856,0001,12649475,,,,1,용도지역코드,1220,일반공업지역,1,0,,일반공업지역,20221008
경상남도 양산시 어곡동 856-1번지,48330,11200,0,0856,0001,1264100004224,,,,1,용도지역코드,1220,일반공업지역,1,0,,일반공업지역,20221008
경상남도 양산시 어곡동 856-1번지,48330,11200,0,0856,0001,1264100013392,,,,1,용도지역코드,1220,일반공업지역,1,0,,일반공업지역,20221008
경상남도 양산시 어곡동 856-1번지,48330,11200,0,0856,0001,1264100152371,,,,1,용도지역코드,UQA320,일반공업지역,1,0,,일반공업지역,20230601
경상남도 양산시 어곡동 856-2번지,48330,11200,0,0856,0002,12644492,,,,1,용도지역코드,1220,일반공업지역,1,0,,일반공업지역,20221008
경상남도 양산시 어곡동 856-2번지,48330,11200,0,0856,0002,1264100026134,,,,1,용도지역코드,UQA320,일반공업지역,1,0,,일반공업지역,20221008
경상남도 양산시 어곡동 856-2번지,48330,11200,0,0856,0002,12646191,,,,1,용도지역코드,1220,일반공업지역,1,0,,일반공업지역,20221008
경상남도 양산시 어곡동 856-4번지,48330,11200,0,0856,0004,1264100047269,,,,1,용도지역코드,UQA320,일반공업지역,1,0,,일반공업지역,20221008
경상남도 양산시 어곡동 856-4번지,48330,11200,0,0856,0004,1264100024229,,,,1,용도지역코드,UQA320,일반공업지역,1,0,,일반공업지역,20221008
경상남도 양산시 어곡동 856-5번지,48330,11200,0,0856,0005,12644447,,,,1,용도지역코드,1220,일반공업지역,1,0,,일반공업지역,20221008
경상남도 양산시 어곡동 856-5번지,48330,11200,0,0856,0005,1264100005307,,,,1,용도지역코드,1220,일반공업지역,1,0,,일반공업지역,20221008
경상남도 양산시 어곡동 856-5번지,48330,11200,0,0856,0005,1264100005307,,,,2,용도지구코드,440,산업단지,1,0,,산업단지,20221008
경상남도 양산시 어곡동 857-1번지,48330,11200,0,0857,0001,12646823,,,,1,용도지역코드,1220,일반공업지역,1,0,,일반공업지역,20221008
경상남도 양산시 어곡동 857-1번지,48330,11200,0,0857,0001,12646303,,,,1,용도지역코드,1220,일반공업지역,1,0,,일반공업지역,20221008
경상남도 양산시 어곡동 857-1번지,48330,11200,0,0857,0001,1264100053619,,,,1,용도지역코드,UQA320,일반공업지역,1,0,,일반공업지역,20221008
경상남도 양산시 어곡동 857-1번지,48330,11200,0,0857,0001,1264100072779,,,,1,용도지역코드,UQA320,일반공업지역,1,0,,일반공업지역,20221008
경상남도 양산시 어곡동 857-2번지,48330,11200,0,0857,0002,1000000000000000212446,,,,1,용도지역코드,UQA320,일반공업지역,1,0,,일반공업지역,20230111
경상남도 양산시 어곡동 857-2번지,48330,11200,0,0857,0002,12644493,,,,1,용도지역코드,1220,일반공업지역,1,0,,일반공업지역,20221008
경상남도 양산시 어곡동 857-2번지,48330,11200,0,0857,0002,1000000000000000785604,,,,1,용도지역코드,UQA320,일반공업지역,1,0,,일반공업지역,20250818
경상남도 양산시 어곡동 857-2번지,48330,11200,0,0857,0002,1000000000000000794041,,,,1,용도지역코드,UQA320,일반공업지역,1,0,,일반공업지역,20250901
경상남도 양산시 어곡동 857-2번지,48330,11200,0,0857,0002,1000000000000000794041,,,,3,용도구역코드,UMZ100,가축사육제한구역,1,0,,가축사육제한구역,20250901
경상남도 양산시 어곡동 857-2번지,48330,11200,0,0857,0002,1000000000000000820826,,,,3,용도구역코드,UMZ100,가축사육제한구역,1,0,,가축사육제한구역,20251014
경상남도 양산시 어곡동 857-2번지,48330,11200,0,0857,0002,1000000000000000820826,,,,1,용도지역코드,UQA320,일반공업지역,1,0,,일반공업지역,20251014
경상남도 양산시 어곡동 857-2번지,48330,11200,0,0857,0002,1000000000000000575446,,,,3,용도구역코드,UMZ100,가축사육제한구역,1,0,,가축사육제한구역,20241011
경상남도 양산시 어곡동 857-2번지,48330,11200,0,0857,0002,1000000000000000575446,,,,1,용도지역코드,UQA320,일반공업지역,1,0,,일반공업지역,20241011
경상남도 양산시 어곡동 857-2번지,48330,11200,0,0857,0002,1000000000000000627273,,,,1,용도지역코드,UQA320,일반공업지역,1,0,,일반공업지역,20241127
경상남도 양산시 어곡동 857-2번지,48330,11200,0,0857,0002,1264100050327,,,,1,용도지역코드,UQA320,일반공업지역,1,0,,일반공업지역,20221008
경상남도 양산시 어곡동 857-2번지,48330,11200,0,0857,0002,1264100058274,,,,1,용도지역코드,UQA320,일반공업지역,1,0,,일반공업지역,20221008
경상남도 양산시 어곡동 857-2번지,48330,11200,0,0857,0002,1264100063439,,,,1,용도지역코드,UQA320,일반공업지역,1,0,,일반공업지역,20221008
경상남도 양산시 어곡동 857-2번지,48330,11200,0,0857,0002,12646195,,,,1,용도지역코드,1220,일반공업지역,1,0,,일반공업지역,20221008
경상남도 양산시 어곡동 857-2번지,48330,11200,0,0857,0002,1264100059936,,,,1,용도지역코드,UQA320,일반공업지역,1,0,,일반공업지역,20221008
경상남도 양산시 어곡동 857-2번지,48330,11200,0,0857,0002,1000000000000000599130,,,,1,용도지역코드,UQA320,일반공업지역,1,0,,일반공업지역,20241014
경상남도 양산시 어곡동 857-3번지,48330,11200,0,0857,0003,12644145,,,,1,용도지역코드,1220,일반공업지역,1,0,,일반공업지역,20221008
경상남도 양산시 어곡동 857-4번지,48330,11200,0,0857,0004,12644487,,,,1,용도지역코드,1220,일반공업지역,1,0,,일반공업지역,20221008
경상남도 양산시 어곡동 857-5번지,48330,11200,0,0857,0005,12646310,,,,1,용도지역코드,1220,일반공업지역,1,0,,일반공업지역,20221008
경상남도 양산시 어곡동 857-5번지,48330,11200,0,0857,0005,1264100050848,,,,1,용도지역코드,UQA320,일반공업지역,1,0,,일반공업지역,20221008
경상남도 양산시 어곡동 857-5번지,48330,11200,0,0857,0005,1264100122679,,,,1,용도지역코드,UQA320,일반공업지역,1,0,,일반공업지역,20221008
경상남도 양산시 어곡동 857-6번지,48330,11200,0,0857,0006,1000000000000000180832,,,,1,용도지역코드,UQA320,일반공업지역,1,0,,일반공업지역,20221128
경상남도 양산시 어곡동 857-6번지,48330,11200,0,0857,0006,1264100145624,,,,1,용도지역코드,UQA320,일반공업지역,1,0,,일반공업지역,20221008
경상남도 양산시 어곡동 857-6번지,48330,11200,0,0857,0006,1264100145624,,,,3,용도구역코드,UMZ100,가축사육제한구역,1,0,,가축사육제한구역,20221008
경상남도 양산시 어곡동 857-6번지,48330,11200,0,0857,0006,1264100143325,,,,1,용도지역코드,UQA320,일반공업지역,1,0,,일반공업지역,20221008
경상남도 양산시 어곡동 857-6번지,48330,11200,0,0857,0006,1264100117376,,,,1,용도지역코드,UQA320,일반공업지역,1,0,,일반공업지역,20221008
경상남도 양산시 어곡동 857-6번지,48330,11200,0,0857,0006,1264100020979,,,,1,용도지역코드,1220,일반공업지역,1,0,,일반공업지역,20221008
경상남도 양산시 어곡동 857-7번지,48330,11200,0,0857,0007,1264100047605,,,,1,용도지역코드,UQA320,일반공업지역,1,0,,일반공업지역,20221008
경상남도 양산시 어곡동 857-7번지,48330,11200,0,0857,0007,12644495,,,,1,용도지역코드,1220,일반공업지역,1,0,,일반공업지역,20221008
경상남도 양산시 어곡동 857-7번지,48330,11200,0,0857,0007,1264100049207,,,,1,용도지역코드,UQA320,일반공업지역,1,0,,일반공업지역,20221008
경상남도 양산시 어곡동 857-10번지,48330,11200,0,0857,0010,12648508,,,,1,용도지역코드,1220,일반공업지역,1,0,,일반공업지역,20221008
경상남도 양산시 어곡동 857-10번지,48330,11200,0,0857,0010,12645898,,,,1,용도지역코드,1220,일반공업지역,1,0,,일반공업지역,20221008
경상남도 양산시 어곡동 857-10번지,48330,11200,0,0857,0010,12646666,,,,1,용도지역코드,1220,일반공업지역,1,0,,일반공업지역,20221008
경상남도 양산시 어곡동 857-10번지,48330,11200,0,0857,0010,1264100014775,,,,1,용도지역코드,1220,일반공업지역,1,0,,일반공업지역,20221008
경상남도 양산시 어곡동 857-11번지,48330,11200,0,0857,0011,12645331,,,,1,용도지역코드,1220,일반공업지역,1,0,,일반공업지역,20221008
경상남도 양산시 어곡동 857-11번지,48330,11200,0,0857,0011,1264100053628,,,,1,용도지역코드,UQA320,일반공업지역,1,0,,일반공업지역,20221008
경상남도 양산시 어곡동 857-12번지,48330,11200,0,0857,0012,12644500,,,,1,용도지역코드,1220,일반공업지역,1,0,,일반공업지역,20221008
경상남도 양산시 어곡동 857-13번지,48330,11200,0,0857,0013,12644504,,,,1,용도지역코드,1220,일반공업지역,1,0,,일반공업지역,20221008
경상남도 양산시 어곡동 857-13번지,48330,11200,0,0857,0013,12646188,,,,1,용도지역코드,1220,일반공업지역,1,0,,일반공업지역,20221008
경상남도 양산시 어곡동 857-13번지,48330,11200,0,0857,0013,1264100025913,,,,1,용도지역코드,UQA320,일반공업지역,1,0,,일반공업지역,20221008
경상남도 양산시 어곡동 858-1번지,48330,11200,0,0858,0001,1264100019458,,,,1,용도지역코드,1220,일반공업지역,1,0,,일반공업지역,20221008
경상남도 양산시 어곡동 858-1번지,48330,11200,0,0858,0001,12645327,,,,1,용도지역코드,1220,일반공업지역,1,0,,일반공업지역,20221008
경상남도 양산시 어곡동 858-1번지,48330,11200,0,0858,0001,1264100138665,,,,1,용도지역코드,UQA320,일반공업지역,1,0,,일반공업지역,20221008
경상남도 양산시 어곡동 858-2번지,48330,11200,0,0858,0002,12646355,,,,1,용도지역코드,1220,일반공업지역,1,0,,일반공업지역,20221008
경상남도 양산시 어곡동 858-2번지,48330,11200,0,0858,0002,1264100013535,,,,1,용도지역코드,1220,일반공업지역,1,0,,일반공업지역,20221008
경상남도 양산시 어곡동 858-2번지,48330,11200,0,0858,0002,12643542,3-2블록 1놋트,,,1,용도지역코드,1220,일반공업지역,1,0,,일반공업지역,20221008
경상남도 양산시 어곡동 858-3번지,48330,11200,0,0858,0003,1264100084541,,,,1,용도지역코드,UQA320,일반공업지역,1,0,,일반공업지역,20221008
경상남도 양산시 어곡동 858-3번지,48330,11200,0,0858,0003,12644491,,,,1,용도지역코드,1220,일반공업지역,1,0,,일반공업지역,20221008
경상남도 양산시 어곡동 858-3번지,48330,11200,0,0858,0003,12644491,,,,2,용도지구코드,990,기타지구,1,0,,기타지구,20221008
경상남도 양산시 어곡동 858-3번지,48330,11200,0,0858,0003,1264100037213,,,,1,용도지역코드,UQA320,일반공업지역,1,0,,일반공업지역,20221008
경상남도 양산시 어곡동 858-3번지,48330,11200,0,0858,0003,1264100005946,,,,1,용도지역코드,1220,일반공업지역,1,0,,일반공업지역,20221008
경상남도 양산시 어곡동 858-4번지,48330,11200,0,0858,0004,12648931,,,,2,용도지구코드,440,산업단지,1,0,,산업단지,20221008
경상남도 양산시 어곡동 858-4번지,48330,11200,0,0858,0004,12646817,,,,1,용도지역코드,1220,일반공업지역,1,0,,일반공업지역,20221008
경상남도 양산시 어곡동 858-4번지,48330,11200,0,0858,0004,12646592,,,,1,용도지역코드,1220,일반공업지역,1,0,,일반공업지역,20221008
경상남도 양산시 어곡동 858-4번지,48330,11200,0,0858,0004,12646667,,,,1,용도지역코드,1220,일반공업지역,1,0,,일반공업지역,20221008
경상남도 양산시 어곡동 858-4번지,48330,11200,0,0858,0004,1264100023669,,,,1,용도지역코드,UQA320,일반공업지역,1,0,,일반공업지역,20221008
경상남도 양산시 어곡동 858-4번지,48330,11200,0,0858,0004,12648931,,,,1,용도지역코드,1220,일반공업지역,1,0,,일반공업지역,20221008
경상남도 양산시 어곡동 858-5번지,48330,11200,0,0858,0005,1264100050488,,,,1,용도지역코드,UQA320,일반공업지역,1,0,,일반공업지역,20221008
경상남도 양산시 어곡동 858-5번지,48330,11200,0,0858,0005,1264100153230,,,,1,용도지역코드,UQA320,일반공업지역,1,0,,일반공업지역,20221008
경상남도 양산시 어곡동 858-5번지,48330,11200,0,0858,0005,1264100153230,,,,3,용도구역코드,UMZ100,가축사육제한구역,1,0,,가축사육제한구역,20221008
경상남도 양산시 어곡동 858-5번지,48330,11200,0,0858,0005,1264100043507,,,,1,용도지역코드,UQA320,일반공업지역,1,0,,일반공업지역,20221008
경상남도 양산시 어곡동 858-5번지,48330,11200,0,0858,0005,1264100152831,,,,1,용도지역코드,UQA320,일반공업지역,1,0,,일반공업지역,20221008
경상남도 양산시 어곡동 858-5번지,48330,11200,0,0858,0005,1264100152831,,,,3,용도구역코드,UMZ100,가축사육제한구역,1,0,,가축사육제한구역,20221008
경상남도 양산시 어곡동 858-5번지,48330,11200,0,0858,0005,12645330,,,,1,용도지역코드,1220,일반공업지역,1,0,,일반공업지역,20221008
경상남도 양산시 어곡동 858-5번지,48330,11200,0,0858,0005,1264100064460,,,,1,용도지역코드,UQA320,일반공업지역,1,0,,일반공업지역,20221008
경상남도 양산시 어곡동 858-5번지,48330,11200,0,0858,0005,1264100143145,,,,1,용도지역코드,UQA320,일반공업지역,1,0,,일반공업지역,20221008
경상남도 양산시 어곡동 858-5번지,48330,11200,0,0858,0005,1264100097766,,,,1,용도지역코드,UQA320,일반공업지역,1,0,,일반공업지역,20221008
경상남도 양산시 어곡동 858-5번지,48330,11200,0,0858,0005,1264100005028,,,,1,용도지역코드,1220,일반공업지역,1,0,,일반공업지역,20221008
경상남도 양산시 어곡동 858-6번지,48330,11200,0,0858,0006,1264100040216,,,,1,용도지역코드,UQA320,일반공업지역,1,0,,일반공업지역,20221008
경상남도 양산시 어곡동 861번지,48330,11200,0,0861,0000,12646737,,,,1,용도지역코드,1220,일반공업지역,1,0,,일반공업지역,20221008
경상남도 양산시 어곡동 861번지,48330,11200,0,0861,0000,1264100040826,,,,1,용도지역코드,UQA320,일반공업지역,1,0,,일반공업지역,20221008
경상남도 양산시 어곡동 861번지,48330,11200,0,0861,0000,1264100036076,,,,1,용도지역코드,UQA320,일반공업지역,1,0,,일반공업지역,20221008
경상남도 양산시 어곡동 862-1번지,48330,11200,0,0862,0001,12644466,,,,1,용도지역코드,Z100,준도시지역,1,0,,준도시지역,20221008
경상남도 양산시 어곡동 862-1번지,48330,11200,0,0862,0001,1264100023108,,,,1,용도지역코드,1230,준공업지역,1,0,,준공업지역,20221008
경상남도 양산시 어곡동 862-1번지,48330,11200,0,0862,0001,1264100023108,,,,2,용도지구코드,440,산업단지,1,0,,산업단지,20221008
경상남도 양산시 어곡동 862-1번지,48330,11200,0,0862,0001,12647448,,,,1,용도지역코드,1230,준공업지역,1,0,,준공업지역,20221008
경상남도 양산시 어곡동 862-1번지,48330,11200,0,0862,0001,12647448,,,,2,용도지구코드,440,산업단지,1,0,,산업단지,20221008
경상남도 양산시 어곡동 862-1번지,48330,11200,0,0862,0001,12646347,(어곡지방산업단지),6,1,1,용도지역코드,1230,준공업지역,1,0,,준공업지역,20221008
경상남도 양산시 어곡동 862-1번지,48330,11200,0,0862,0001,1264100031657,,,,1,용도지역코드,UQA330,준공업지역,1,0,,준공업지역,20221008
경상남도 양산시 어곡동 862-1번지,48330,11200,0,0862,0001,1264100006945,,,,1,용도지역코드,1230,준공업지역,1,0,,준공업지역,20221008
경상남도 양산시 어곡동 862-1번지,48330,11200,0,0862,0001,12648269,,,,1,용도지역코드,1230,준공업지역,1,0,,준공업지역,20221008
경상남도 양산시 어곡동 862-1번지,48330,11200,0,0862,0001,12648269,,,,2,용도지구코드,440,산업단지,1,0,,산업단지,20221008
경상남도 양산시 어곡동 862-2번지,48330,11200,0,0862,0002,1264100100673,,,,1,용도지역코드,UQA330,준공업지역,1,0,,준공업지역,20221008
경상남도 양산시 어곡동 862-3번지,48330,11200,0,0862,0003,12648261,,,,1,용도지역코드,1230,준공업지역,1,0,,준공업지역,20221008
경상남도 양산시 어곡동 862-3번지,48330,11200,0,0862,0003,12648261,,,,2,용도지구코드,440,산업단지,1,0,,산업단지,20221008
경상남도 양산시 어곡동 862-3번지,48330,11200,0,0862,0003,1264100032537,,,,1,용도지역코드,UQA330,준공업지역,1,0,,준공업지역,20221008
경상남도 양산시 어곡동 862-3번지,48330,11200,0,0862,0003,12646049,,,,1,용도지역코드,1230,준공업지역,1,0,,준공업지역,20221008
경상남도 양산시 어곡동 862-3번지,48330,11200,0,0862,0003,12644499,,,,1,용도지역코드,1230,준공업지역,1,0,,준공업지역,20221008
경상남도 양산시 어곡동 862-3번지,48330,11200,0,0862,0003,1264100013173,,,,1,용도지역코드,1230,준공업지역,1,0,,준공업지역,20221008
경상남도 양산시 어곡동 862-3번지,48330,11200,0,0862,0003,1264100006225,,,,1,용도지역코드,1230,준공업지역,1,0,,준공업지역,20221008
경상남도 양산시 어곡동 862-3번지,48330,11200,0,0862,0003,1264100006225,,,,2,용도지구코드,440,산업단지,1,0,,산업단지,20221008
경상남도 양산시 어곡동 862-4번지,48330,11200,0,0862,0004,1264100131107,,,,1,용도지역코드,UQA330,준공업지역,1,0,,준공업지역,20221008
경상남도 양산시 어곡동 862-4번지,48330,11200,0,0862,0004,12644469,,,,1,용도지역코드,1230,준공업지역,1,0,,준공업지역,20221008
경상남도 양산시 어곡동 862-4번지,48330,11200,0,0862,0004,1264100087541,,,,1,용도지역코드,UQA330,준공업지역,1,0,,준공업지역,20221008
경상남도 양산시 어곡동 862-5번지,48330,11200,0,0862,0005,12645292,,,,1,용도지역코드,1230,준공업지역,1,0,,준공업지역,20221008
경상남도 양산시 어곡동 862-5번지,48330,11200,0,0862,0005,12644038,,,,1,용도지역코드,1230,준공업지역,1,0,,준공업지역,20221008
경상남도 양산시 어곡동 862-6번지,48330,11200,0,0862,0006,12645311,,,,1,용도지역코드,1230,준공업지역,1,0,,준공업지역,20221008
경상남도 양산시 어곡동 862-6번지,48330,11200,0,0862,0006,1264100041303,,,,1,용도지역코드,UQA330,준공업지역,1,0,,준공업지역,20221008
경상남도 양산시 어곡동 862-6번지,48330,11200,0,0862,0006,1264100078699,,,,2,용도지구코드,,,1,0,,,20221008
경상남도 양산시 어곡동 862-6번지,48330,11200,0,0862,0006,1264100078699,,,,3,용도구역코드,,,1,0,,,20221008
경상남도 양산시 어곡동 862-6번지,48330,11200,0,0862,0006,1264100078699,,,,1,용도지역코드,UQA330,준공업지역,1,0,,준공업지역,20221008
경상남도 양산시 어곡동 862-6번지,48330,11200,0,0862,0006,12648299,,,,1,용도지역코드,1230,준공업지역,1,0,,준공업지역,20221008
경상남도 양산시 어곡동 862-6번지,48330,11200,0,0862,0006,12648299,,,,2,용도지구코드,440,산업단지,1,0,,산업단지,20221008
경상남도 양산시 어곡동 862-6번지,48330,11200,0,0862,0006,1264100023109,,,,1,용도지역코드,UQA330,준공업지역,1,0,,준공업지역,20221008
경상남도 양산시 어곡동 862-6번지,48330,11200,0,0862,0006,12644003,어곡동 862-10,862,10,1,용도지역코드,1230,준공업지역,1,0,,준공업지역,20221008
경상남도 양산시 어곡동 862-6번지,48330,11200,0,0862,0006,12649460,,,,1,용도지역코드,1230,준공업지역,1,0,,준공업지역,20221008
경상남도 양산시 어곡동 862-6번지,48330,11200,0,0862,0006,12649460,,,,2,용도지구코드,440,산업단지,1,0,,산업단지,20221008
경상남도 양산시 어곡동 862-7번지,48330,11200,0,0862,0007,12647446,,,,1,용도지역코드,1230,준공업지역,1,0,,준공업지역,20221008
경상남도 양산시 어곡동 862-7번지,48330,11200,0,0862,0007,12644445,,,,1,용도지역코드,1230,준공업지역,1,0,,준공업지역,20221008
경상남도 양산시 어곡동 863-1번지,48330,11200,0,0863,0001,1264100004948,,,,1,용도지역코드,1220,일반공업지역,1,0,,일반공업지역,20221008
경상남도 양산시 어곡동 863-1번지,48330,11200,0,0863,0001,1264100006590,,,,1,용도지역코드,1220,일반공업지역,1,0,,일반공업지역,20221008
경상남도 양산시 어곡동 863-1번지,48330,11200,0,0863,0001,1264100111976,,,,1,용도지역코드,UQA320,일반공업지역,1,0,,일반공업지역,20221008
경상남도 양산시 어곡동 863-1번지,48330,11200,0,0863,0001,1264100111976,,,,3,용도구역코드,UMZ100,가축사육제한구역,1,0,,가축사육제한구역,20221008
경상남도 양산시 어곡동 863-1번지,48330,11200,0,0863,0001,1264100010530,,,,1,용도지역코드,1220,일반공업지역,1,0,,일반공업지역,20221008
경상남도 양산시 어곡동 863-1번지,48330,11200,0,0863,0001,1000000000000000446626,,,,3,용도구역코드,UMZ100,가축사육제한구역,0,0,,가축사육제한구역,20250707
경상남도 양산시 어곡동 863-1번지,48330,11200,0,0863,0001,1000000000000000446626,,,,1,용도지역코드,UQA320,일반공업지역,1,0,,일반공업지역,20250707
경상남도 양산시 어곡동 863-1번지,48330,11200,0,0863,0001,1000000000000000446626,,,,2,용도지구코드,UFB120,산업용지,1,0,,산업용지,20250707
경상남도 양산시 어곡동 863-1번지,48330,11200,0,0863,0001,1000000000000000446626,,,,3,용도구역코드,UQQ300,지구단위계획구역,1,0,,지구단위계획구역,20250707
경상남도 양산시 어곡동 863-1번지,48330,11200,0,0863,0001,1000000000000000487295,,,,2,용도지구코드,UFB120,산업용지,1,0,,산업용지,20240329
경상남도 양산시 어곡동 863-1번지,48330,11200,0,0863,0001,1000000000000000487295,,,,1,용도지역코드,UQA320,일반공업지역,1,0,,일반공업지역,20240329
경상남도 양산시 어곡동 863-1번지,48330,11200,0,0863,0001,1000000000000000487295,,,,3,용도구역코드,UMZ100,가축사육제한구역,1,0,,가축사육제한구역,20240329
경상남도 양산시 어곡동 863-1번지,48330,11200,0,0863,0001,1000000000000000487295,,,,3,용도구역코드,UQQ300,지구단위계획구역,0,0,,지구단위계획구역,20240329
경상남도 양산시 어곡동 863-1번지,48330,11200,0,0863,0001,1264100091844,,,,1,용도지역코드,UQA320,일반공업지역,1,0,,일반공업지역,20221008
경상남도 양산시 어곡동 863-1번지,48330,11200,0,0863,0001,12649808,,,,1,용도지역코드,1220,일반공업지역,1,0,,일반공업지역,20221008
경상남도 양산시 어곡동 863-1번지,48330,11200,0,0863,0001,12649805,,,,1,용도지역코드,1220,일반공업지역,1,0,,일반공업지역,20221008
경상남도 양산시 어곡동 863-1번지,48330,11200,0,0863,0001,1264100064959,,,,1,용도지역코드,UQA320,일반공업지역,1,0,,일반공업지역,20221008
경상남도 양산시 어곡동 863-1번지,48330,11200,0,0863,0001,12642817,,,,1,용도지역코드,1220,일반공업지역,1,0,,일반공업지역,20221008
경상남도 양산시 어곡동 863-1번지,48330,11200,0,0863,0001,1264100036217,,,,1,용도지역코드,UQA320,일반공업지역,1,0,,일반공업지역,20221008
경상남도 양산시 어곡동 863-1번지,48330,11200,0,0863,0001,1264100019080,,,,1,용도지역코드,1220,일반공업지역,1,0,,일반공업지역,20221008
경상남도 양산시 어곡동 863-1번지,48330,11200,0,0863,0001,1264100006589,,,,1,용도지역코드,1220,일반공업지역,1,0,,일반공업지역,20221008
경상남도 양산시 어곡동 863-2번지,48330,11200,0,0863,0002,12644092,,,,1,용도지역코드,1220,일반공업지역,1,0,,일반공업지역,20221008
경상남도 양산시 어곡동 863-2번지,48330,11200,0,0863,0002,1264100061057,,,,1,용도지역코드,UQA320,일반공업지역,1,0,,일반공업지역,20221008
경상남도 양산시 어곡동 863-3번지,48330,11200,0,0863,0003,1264100015439,,,,1,용도지역코드,1220,일반공업지역,1,0,,일반공업지역,20221008
경상남도 양산시 어곡동 863-3번지,48330,11200,0,0863,0003,1264100017115,,,,1,용도지역코드,1220,일반공업지역,1,0,,일반공업지역,20221008
경상남도 양산시 어곡동 863-5번지,48330,11200,0,0863,0005,12643964,,,,1,용도지역코드,1220,일반공업지역,1,0,,일반공업지역,20221008
경상남도 양산시 어곡동 863-7번지,48330,11200,0,0863,0007,12649550,,,,1,용도지역코드,1220,일반공업지역,1,0,,일반공업지역,20221008
경상남도 양산시 어곡동 863-7번지,48330,11200,0,0863,0007,12649550,,,,2,용도지구코드,440,산업단지,1,0,,산업단지,20221008
경상남도 양산시 어곡동 864-1번지,48330,11200,0,0864,0001,12646596,,,,1,용도지역코드,1220,일반공업지역,1,0,,일반공업지역,20221008
경상남도 양산시 어곡동 864-1번지,48330,11200,0,0864,0001,12646596,,,,2,용도지구코드,440,산업단지,1,0,,산업단지,20221008
경상남도 양산시 어곡동 864-2번지,48330,11200,0,0864,0002,12645978,,,,1,용도지역코드,1220,일반공업지역,1,0,,일반공업지역,20221008
경상남도 양산시 어곡동 864-2번지,48330,11200,0,0864,0002,1264100086901,,,,1,용도지역코드,UQA320,일반공업지역,1,0,,일반공업지역,20221008
경상남도 양산시 어곡동 864-2번지,48330,11200,0,0864,0002,12643347,어곡지방산업단지 7-2BL-14LT,,,1,용도지역코드,1220,일반공업지역,1,0,,일반공업지역,20221008
경상남도 양산시 어곡동 864-4번지,48330,11200,0,0864,0004,12643756,,,,1,용도지역코드,1220,일반공업지역,1,0,,일반공업지역,20221008
경상남도 양산시 어곡동 864-4번지,48330,11200,0,0864,0004,1264100010303,,,,1,용도지역코드,1220,일반공업지역,1,0,,일반공업지역,20221008
경상남도 양산시 어곡동 864-5번지,48330,11200,0,0864,0005,1264100025773,,,,1,용도지역코드,UQA320,일반공업지역,1,0,,일반공업지역,20221008
경상남도 양산시 어곡동 864-5번지,48330,11200,0,0864,0005,12646287,,,,1,용도지역코드,1220,일반공업지역,1,0,,일반공업지역,20221008
경상남도 양산시 어곡동 864-5번지,48330,11200,0,0864,0005,1264100039012,,,,1,용도지역코드,UQA320,일반공업지역,1,0,,일반공업지역,20221008
경상남도 양산시 어곡동 864-7번지,48330,11200,0,0864,0007,12646000,,,,1,용도지역코드,1220,일반공업지역,1,0,,일반공업지역,20221008
경상남도 양산시 어곡동 864-7번지,48330,11200,0,0864,0007,12644124,,,,1,용도지역코드,1220,일반공업지역,1,0,,일반공업지역,20221008
경상남도 양산시 어곡동 864-7번지,48330,11200,0,0864,0007,1264100126727,,,,1,용도지역코드,UQA320,일반공업지역,1,0,,일반공업지역,20221008
경상남도 양산시 어곡동 864-7번지,48330,11200,0,0864,0007,1264100118298,,,,1,용도지역코드,UQA320,일반공업지역,1,0,,일반공업지역,20221008
경상남도 양산시 어곡동 864-8번지,48330,11200,0,0864,0008,12646780,,,,1,용도지역코드,1220,일반공업지역,1,0,,일반공업지역,20221008
경상남도 양산시 어곡동 864-8번지,48330,11200,0,0864,0008,1264100015397,,,,1,용도지역코드,1220,일반공업지역,1,0,,일반공업지역,20221008
경상남도 양산시 어곡동 864-8번지,48330,11200,0,0864,0008,1264100136225,,,,1,용도지역코드,UQA320,일반공업지역,1,0,,일반공업지역,20221008
경상남도 양산시 어곡동 865-4번지,48330,11200,0,0865,0004,12645326,,,,1,용도지역코드,1230,준공업지역,1,0,,준공업지역,20221008
경상남도 양산시 어곡동 865-7번지,48330,11200,0,0865,0007,12646510,,,,1,용도지역코드,0100,도시지역,1,0,,도시지역,20221008
경상남도 양산시 어곡동 865-7번지,48330,11200,0,0865,0007,12646510,,,,1,용도지역코드,1230,준공업지역,0,0,,준공업지역,20221008
경상남도 양산시 어곡동 865-7번지,48330,11200,0,0865,0007,12646510,,,,2,용도지구코드,990,기타지구,1,0,,기타지구,20221008
경상남도 양산시 어곡동 865-9번지,48330,11200,0,0865,0009,12643549,,,,1,용도지역코드,1230,준공업지역,1,0,,준공업지역,20221008
경상남도 양산시 어곡동 865-10번지,48330,11200,0,0865,0010,12644017,,,,1,용도지역코드,1230,준공업지역,1,0,,준공업지역,20221008
경상남도 양산시 어곡동 865-10번지,48330,11200,0,0865,0010,12645078,,,,1,용도지역코드,1230,준공업지역,1,0,,준공업지역,20221008
경상남도 양산시 어곡동 865-11번지,48330,11200,0,0865,0011,12644463,,,,1,용도지역코드,1220,일반공업지역,1,0,,일반공업지역,20221008
경상남도 양산시 어곡동 865-11번지,48330,11200,0,0865,0011,12646646,,,,1,용도지역코드,1230,준공업지역,1,0,,준공업지역,20221008
경상남도 양산시 어곡동 865-11번지,48330,11200,0,0865,0011,1264100111996,,,,1,용도지역코드,UQA330,준공업지역,1,0,,준공업지역,20221008
경상남도 양산시 어곡동 865-12번지,48330,11200,0,0865,0012,1264100043829,,,,1,용도지역코드,UQA330,준공업지역,1,0,,준공업지역,20221008
경상남도 양산시 어곡동 865-12번지,48330,11200,0,0865,0012,1000000000000000289588,,,,1,용도지역코드,UQA330,준공업지역,1,0,,준공업지역,20240517
경상남도 양산시 어곡동 865-12번지,48330,11200,0,0865,0012,1264100151833,,,,1,용도지역코드,UQA330,준공업지역,1,0,,준공업지역,20221008
경상남도 양산시 어곡동 865-12번지,48330,11200,0,0865,0012,1264100097466,,,,1,용도지역코드,UQA330,준공업지역,1,0,,준공업지역,20221008
경상남도 양산시 어곡동 865-12번지,48330,11200,0,0865,0012,1264100147144,,,,1,용도지역코드,UQA330,준공업지역,1,0,,준공업지역,20221008
경상남도 양산시 어곡동 865-12번지,48330,11200,0,0865,0012,12643559,,,,1,용도지역코드,1230,준공업지역,1,0,,준공업지역,20221008
경상남도 양산시 어곡동 865-12번지,48330,11200,0,0865,0012,12645163,,,,1,용도지역코드,1230,준공업지역,1,0,,준공업지역,20221008
경상남도 양산시 어곡동 865-13번지,48330,11200,0,0865,0013,1264100046168,,,,1,용도지역코드,UQA320,일반공업지역,1,0,,일반공업지역,20221008
경상남도 양산시 어곡동 865-13번지,48330,11200,0,0865,0013,12644443,,,,1,용도지역코드,1230,준공업지역,1,0,,준공업지역,20221008
경상남도 양산시 어곡동 865-13번지,48330,11200,0,0865,0013,12646211,,,,1,용도지역코드,1230,준공업지역,1,0,,준공업지역,20221008
경상남도 양산시 어곡동 865-13번지,48330,11200,0,0865,0013,1264100018840,,,,1,용도지역코드,1230,준공업지역,1,0,,준공업지역,20221008
경상남도 양산시 어곡동 865-13번지,48330,11200,0,0865,0013,1264100018840,,,,2,용도지구코드,440,산업단지,1,0,,산업단지,20221008
경상남도 양산시 어곡동 865-14번지,48330,11200,0,0865,0014,12644720,,,,1,용도지역코드,1230,준공업지역,1,0,,준공업지역,20221008
경상남도 양산시 어곡동 865-15번지,48330,11200,0,0865,0015,1264100016519,,,,1,용도지역코드,1220,일반공업지역,1,0,,일반공업지역,20221008
경상남도 양산시 어곡동 865-15번지,48330,11200,0,0865,0015,1264100016519,,,,2,용도지구코드,440,산업단지,1,0,,산업단지,20221008
경상남도 양산시 어곡동 865-15번지,48330,11200,0,0865,0015,12647440,,,,1,용도지역코드,1230,준공업지역,1,0,,준공업지역,20221008
경상남도 양산시 어곡동 865-15번지,48330,11200,0,0865,0015,12644818,,,,1,용도지역코드,1230,준공업지역,1,0,,준공업지역,20221008
경상남도 양산시 어곡동 865-15번지,48330,11200,0,0865,0015,1264100008600,,,,1,용도지역코드,1220,일반공업지역,1,0,,일반공업지역,20221008
경상남도 양산시 어곡동 865-16번지,48330,11200,0,0865,0016,12646078,,,,1,용도지역코드,1230,준공업지역,1,0,,준공업지역,20221008
경상남도 양산시 어곡동 865-16번지,48330,11200,0,0865,0016,1264100137883,,,,1,용도지역코드,UQA330,준공업지역,1,0,,준공업지역,20221008
경상남도 양산시 어곡동 865-16번지,48330,11200,0,0865,0016,1264100138403,,,,1,용도지역코드,UQA330,준공업지역,1,0,,준공업지역,20221008
경상남도 양산시 어곡동 865-16번지,48330,11200,0,0865,0016,1264100137826,,,,1,용도지역코드,UQA330,준공업지역,1,0,,준공업지역,20221008
경상남도 양산시 어곡동 865-23번지,48330,11200,0,0865,0023,12644462,,,,1,용도지역코드,1230,준공업지역,1,0,,준공업지역,20221008
경상남도 양산시 어곡동 867-4번지,48330,11200,0,0867,0004,12644485,,,,1,용도지역코드,1220,일반공업지역,1,0,,일반공업지역,20221008
경상남도 양산시 어곡동 867-4번지,48330,11200,0,0867,0004,12643725,,,,1,용도지역코드,1220,일반공업지역,1,0,,일반공업지역,20221008
경상남도 양산시 어곡동 867-4번지,48330,11200,0,0867,0004,1264100010234,,,,1,용도지역코드,1220,일반공업지역,1,0,,일반공업지역,20221008
경상남도 양산시 어곡동 867-4번지,48330,11200,0,0867,0004,1264100010234,,,,2,용도지구코드,440,산업단지,1,0,,산업단지,20221008
경상남도 양산시 어곡동 868-1번지,48330,11200,0,0868,0001,12646352,,,,1,용도지역코드,1220,일반공업지역,1,0,,일반공업지역,20221008
경상남도 양산시 어곡동 868-1번지,48330,11200,0,0868,0001,12646352,,,,2,용도지구코드,990,기타지구,1,0,,기타지구,20221008
경상남도 양산시 어곡동 868-1번지,48330,11200,0,0868,0001,12649474,,,,1,용도지역코드,1220,일반공업지역,1,0,,일반공업지역,20221008
경상남도 양산시 어곡동 868-1번지,48330,11200,0,0868,0001,12649474,,,,2,용도지구코드,440,산업단지,1,0,,산업단지,20221008
경상남도 양산시 어곡동 868-1번지,48330,11200,0,0868,0001,12647771,,,,1,용도지역코드,1220,일반공업지역,1,0,,일반공업지역,20221008
경상남도 양산시 어곡동 868-1번지,48330,11200,0,0868,0001,12647771,,,,2,용도지구코드,440,산업단지,1,0,,산업단지,20221008
경상남도 양산시 어곡동 868-1번지,48330,11200,0,0868,0001,12644136,,,,1,용도지역코드,1220,일반공업지역,1,0,,일반공업지역,20221008
경상남도 양산시 어곡동 868-2번지,48330,11200,0,0868,0002,12646587,,,,1,용도지역코드,1220,일반공업지역,1,0,,일반공업지역,20221008
경상남도 양산시 어곡동 868-2번지,48330,11200,0,0868,0002,12646040,,,,1,용도지역코드,1220,일반공업지역,1,0,,일반공업지역,20221008
경상남도 양산시 어곡동 868-2번지,48330,11200,0,0868,0002,12644275,,,,1,용도지역코드,1220,일반공업지역,1,0,,일반공업지역,20221008
경상남도 양산시 어곡동 868-2번지,48330,11200,0,0868,0002,12643523,,,,1,용도지역코드,1220,일반공업지역,1,0,,일반공업지역,20221008
경상남도 양산시 어곡동 868-2번지,48330,11200,0,0868,0002,12649486,,,,1,용도지역코드,1220,일반공업지역,1,0,,일반공업지역,20221008
경상남도 양산시 어곡동 868-4번지,48330,11200,0,0868,0004,12643528,,,,1,용도지역코드,1220,일반공업지역,1,0,,일반공업지역,20221008
경상남도 양산시 어곡동 868-5번지,48330,11200,0,0868,0005,12648284,,,,1,용도지역코드,1220,일반공업지역,1,0,,일반공업지역,20221008
경상남도 양산시 어곡동 868-5번지,48330,11200,0,0868,0005,12648284,,,,2,용도지구코드,440,산업단지,1,0,,산업단지,20221008
경상남도 양산시 어곡동 868-6번지,48330,11200,0,0868,0006,12643698,,,,1,용도지역코드,1220,일반공업지역,1,0,,일반공업지역,20221008
경상남도 양산시 어곡동 868-6번지,48330,11200,0,0868,0006,12644176,,,,1,용도지역코드,1220,일반공업지역,1,0,,일반공업지역,20221008
경상남도 양산시 어곡동 868-7번지,48330,11200,0,0868,0007,12644082,,,,1,용도지역코드,1220,일반공업지역,1,0,,일반공업지역,20221008
경상남도 양산시 어곡동 868-8번지,48330,11200,0,0868,0008,12644208,,,,1,용도지역코드,1220,일반공업지역,1,0,,일반공업지역,20221008
경상남도 양산시 어곡동 868-9번지,48330,11200,0,0868,0009,12643719,,,,1,용도지역코드,1220,일반공업지역,1,0,,일반공업지역,20221008
경상남도 양산시 어곡동 868-9번지,48330,11200,0,0868,0009,1264100025549,,,,1,용도지역코드,UQA320,일반공업지역,1,0,,일반공업지역,20221008
경상남도 양산시 어곡동 869-1번지,48330,11200,0,0869,0001,12643545,,,,1,용도지역코드,1220,일반공업지역,1,0,,일반공업지역,20221008
경상남도 양산시 어곡동 869-1번지,48330,11200,0,0869,0001,12643545,,,,2,용도지구코드,170,공업용지지구,1,0,,공업용지지구,20221008
경상남도 양산시 어곡동 869-1번지,48330,11200,0,0869,0001,1264100023390,,,,1,용도지역코드,UQA320,일반공업지역,1,0,,일반공업지역,20221008
경상남도 양산시 어곡동 869-1번지,48330,11200,0,0869,0001,1264100089041,,,,1,용도지역코드,UQA320,일반공업지역,1,0,,일반공업지역,20221008
경상남도 양산시 어곡동 869-1번지,48330,11200,0,0869,0001,12646962,,,,1,용도지역코드,1220,일반공업지역,1,0,,일반공업지역,20221008
경상남도 양산시 어곡동 869-1번지,48330,11200,0,0869,0001,1264100123820,,,,1,용도지역코드,UQA320,일반공업지역,1,0,,일반공업지역,20221008
경상남도 양산시 어곡동 869-1번지,48330,11200,0,0869,0001,1264100084881,,,,1,용도지역코드,UQA320,일반공업지역,1,0,,일반공업지역,20221008
경상남도 양산시 어곡동 869-2번지,48330,11200,0,0869,0002,12648304,,,,1,용도지역코드,1220,일반공업지역,1,0,,일반공업지역,20221008
경상남도 양산시 어곡동 869-2번지,48330,11200,0,0869,0002,12647428,,,,1,용도지역코드,1220,일반공업지역,1,0,,일반공업지역,20221008
경상남도 양산시 어곡동 869-2번지,48330,11200,0,0869,0002,12646662,,,,1,용도지역코드,1220,일반공업지역,1,0,,일반공업지역,20221008
경상남도 양산시 어곡동 869-2번지,48330,11200,0,0869,0002,12645070,,,,1,용도지역코드,1220,일반공업지역,1,0,,일반공업지역,20221008
경상남도 양산시 어곡동 869-2번지,48330,11200,0,0869,0002,12646358,,,,1,용도지역코드,1220,일반공업지역,1,0,,일반공업지역,20221008
경상남도 양산시 어곡동 869-2번지,48330,11200,0,0869,0002,12643088,,,,1,용도지역코드,1220,일반공업지역,1,0,,일반공업지역,20221008
경상남도 양산시 어곡동 869-2번지,48330,11200,0,0869,0002,1264100007285,,,,1,용도지역코드,1220,일반공업지역,1,0,,일반공업지역,20221008
경상남도 양산시 어곡동 869-2번지,48330,11200,0,0869,0002,12649436,,,,1,용도지역코드,1220,일반공업지역,1,0,,일반공업지역,20221008
경상남도 양산시 어곡동 869-3번지,48330,11200,0,0869,0003,12644479,,,,1,용도지역코드,1220,일반공업지역,1,0,,일반공업지역,20221008
경상남도 양산시 어곡동 869-3번지,48330,11200,0,0869,0003,1264100148970,,,,1,용도지역코드,UQA320,일반공업지역,1,0,,일반공업지역,20221008
경상남도 양산시 어곡동 869-3번지,48330,11200,0,0869,0003,1264100148970,,,,3,용도구역코드,UMZ100,가축사육제한구역,1,0,,가축사육제한구역,20221008
경상남도 양산시 어곡동 869-3번지,48330,11200,0,0869,0003,1264100149231,,,,1,용도지역코드,UQA320,일반공업지역,1,0,,일반공업지역,20221008
경상남도 양산시 어곡동 869-3번지,48330,11200,0,0869,0003,1264100149231,,,,3,용도구역코드,UMZ100,가축사육제한구역,1,0,,가축사육제한구역,20221008
경상남도 양산시 어곡동 869-4번지,48330,11200,0,0869,0004,12644133,,,,1,용도지역코드,1220,일반공업지역,1,0,,일반공업지역,20221008
경상남도 양산시 어곡동 869-4번지,48330,11200,0,0869,0004,12644151,,,,1,용도지역코드,1220,일반공업지역,1,0,,일반공업지역,20221008
경상남도 양산시 어곡동 869-5번지,48330,11200,0,0869,0005,1264100109217,,,,1,용도지역코드,UQA320,일반공업지역,1,0,,일반공업지역,20221008
경상남도 양산시 어곡동 869-5번지,48330,11200,0,0869,0005,1264100058053,,,,1,용도지역코드,UQA320,일반공업지역,1,0,,일반공업지역,20221008
경상남도 양산시 어곡동 869-5번지,48330,11200,0,0869,0005,12648588,,,,1,용도지역코드,1220,일반공업지역,1,0,,일반공업지역,20221008
경상남도 양산시 어곡동 869-5번지,48330,11200,0,0869,0005,12644783,,,,1,용도지역코드,1220,일반공업지역,1,0,,일반공업지역,20221008
경상남도 양산시 어곡동 869-5번지,48330,11200,0,0869,0005,1264100135326,,,,1,용도지역코드,UQA320,일반공업지역,1,0,,일반공업지역,20221008
경상남도 양산시 어곡동 869-5번지,48330,11200,0,0869,0005,1264100135326,,,,3,용도구역코드,UMZ100,가축사육제한구역,1,0,,가축사육제한구역,20221008
경상남도 양산시 어곡동 869-6번지,48330,11200,0,0869,0006,1264100117097,,,,1,용도지역코드,UQA320,일반공업지역,1,0,,일반공업지역,20221008
경상남도 양산시 어곡동 869-6번지,48330,11200,0,0869,0006,12646470,,,,1,용도지역코드,1220,일반공업지역,1,0,,일반공업지역,20221008
경상남도 양산시 어곡동 869-6번지,48330,11200,0,0869,0006,12646470,,,,2,용도지구코드,440,산업단지,1,0,,산업단지,20221008
경상남도 양산시 어곡동 869-6번지,48330,11200,0,0869,0006,1264100120762,,,,1,용도지역코드,UQA320,일반공업지역,1,0,,일반공업지역,20221008
경상남도 양산시 어곡동 869-7번지,48330,11200,0,0869,0007,1264100026450,,,,1,용도지역코드,UQA320,일반공업지역,1,0,,일반공업지역,20221008
경상남도 양산시 어곡동 869-8번지,48330,11200,0,0869,0008,12644453,,,,1,용도지역코드,1220,일반공업지역,1,0,,일반공업지역,20221008
경상남도 양산시 어곡동 869-8번지,48330,11200,0,0869,0008,1264100046268,,,,1,용도지역코드,UQA320,일반공업지역,1,0,,일반공업지역,20221008
경상남도 양산시 어곡동 869-8번지,48330,11200,0,0869,0008,1264100009573,,,,1,용도지역코드,1220,일반공업지역,1,0,,일반공업지역,20221008
경상남도 양산시 어곡동 869-8번지,48330,11200,0,0869,0008,1264100009573,,,,2,용도지구코드,440,산업단지,1,0,,산업단지,20221008
경상남도 양산시 어곡동 869-9번지,48330,11200,0,0869,0009,12645987,,,,1,용도지역코드,1220,일반공업지역,1,0,,일반공업지역,20221008
경상남도 양산시 어곡동 869-9번지,48330,11200,0,0869,0009,1264100024069,,,,1,용도지역코드,UQA320,일반공업지역,1,0,,일반공업지역,20221008
경상남도 양산시 어곡동 869-11번지,48330,11200,0,0869,0011,1264100116877,,,,1,용도지역코드,UQA320,일반공업지역,1,0,,일반공업지역,20221008
경상남도 양산시 어곡동 869-11번지,48330,11200,0,0869,0011,1264100038172,,,,1,용도지역코드,UQA320,일반공업지역,1,0,,일반공업지역,20221008
경상남도 양산시 어곡동 869-11번지,48330,11200,0,0869,0011,12649302,,,,1,용도지역코드,1220,일반공업지역,1,0,,일반공업지역,20221008
경상남도 양산시 어곡동 869-11번지,48330,11200,0,0869,0011,12649302,,,,2,용도지구코드,440,산업단지,1,0,,산업단지,20221008
경상남도 양산시 어곡동 869-12번지,48330,11200,0,0869,0012,12646418,,,,1,용도지역코드,1220,일반공업지역,1,0,,일반공업지역,20221008
경상남도 양산시 어곡동 869-12번지,48330,11200,0,0869,0012,12646418,,,,2,용도지구코드,440,산업단지,1,0,,산업단지,20221008
경상남도 양산시 어곡동 869-12번지,48330,11200,0,0869,0012,1264100107533,,,,1,용도지역코드,UQA320,일반공업지역,1,0,,일반공업지역,20221008
경상남도 양산시 어곡동 869-12번지,48330,11200,0,0869,0012,1264100140531,,,,1,용도지역코드,UQA320,일반공업지역,1,0,,일반공업지역,20221008
경상남도 양산시 어곡동 869-15번지,48330,11200,0,0869,0015,12647372,,,,1,용도지역코드,1220,일반공업지역,1,0,,일반공업지역,20221008
경상남도 양산시 어곡동 869-15번지,48330,11200,0,0869,0015,12648480,,,,1,용도지역코드,1220,일반공업지역,1,0,,일반공업지역,20221008
경상남도 양산시 어곡동 869-15번지,48330,11200,0,0869,0015,12648920,,,,1,용도지역코드,1220,일반공업지역,1,0,,일반공업지역,20221008
경상남도 양산시 어곡동 869-15번지,48330,11200,0,0869,0015,12648920,,,,2,용도지구코드,440,산업단지,1,0,,산업단지,20221008
경상남도 양산시 어곡동 869-16번지,48330,11200,0,0869,0016,1264100005505,,,,1,용도지역코드,1220,일반공업지역,1,0,,일반공업지역,20221008
경상남도 양산시 어곡동 869-16번지,48330,11200,0,0869,0016,1264100005505,,,,2,용도지구코드,440,산업단지,1,0,,산업단지,20221008
경상남도 양산시 어곡동 870-1번지,48330,11200,0,0870,0001,12646954,,,,1,용도지역코드,1230,준공업지역,1,0,,준공업지역,20221008
경상남도 양산시 어곡동 870-2번지,48330,11200,0,0870,0002,12648235,,,,1,용도지역코드,1220,일반공업지역,1,0,,일반공업지역,20221008
경상남도 양산시 어곡동 870-2번지,48330,11200,0,0870,0002,12645511,,,,1,용도지역코드,1220,일반공업지역,1,0,,일반공업지역,20221008
경상남도 양산시 어곡동 870-3번지,48330,11200,0,0870,0003,1264100084402,,,,1,용도지역코드,UQA330,준공업지역,1,0,,준공업지역,20221008
경상남도 양산시 어곡동 870-4번지,48330,11200,0,0870,0004,1264100010831,,,,1,용도지역코드,1230,준공업지역,1,0,,준공업지역,20221008
경상남도 양산시 어곡동 870-5번지,48330,11200,0,0870,0005,12649815,,,,1,용도지역코드,1230,준공업지역,0,0,,준공업지역,20221008
경상남도 양산시 어곡동 870-5번지,48330,11200,0,0870,0005,12649815,,,,1,용도지역코드,2300,완충지역,0,0,,완충지역,20221008
경상남도 양산시 어곡동 870-5번지,48330,11200,0,0870,0005,12649815,,,,1,용도지역코드,0700,취락지역,1,0,,취락지역,20221008
경상남도 양산시 어곡동 870-5번지,48330,11200,0,0870,0005,12642694,,,,1,용도지역코드,1220,일반공업지역,1,0,,일반공업지역,20221008
경상남도 양산시 어곡동 870-7번지,48330,11200,0,0870,0007,12647345,,,,1,용도지역코드,1230,준공업지역,1,0,,준공업지역,20221008
경상남도 양산시 어곡동 870-7번지,48330,11200,0,0870,0007,12647345,,,,3,용도구역코드,010,도시계획구역,1,0,,도시계획구역,20221008
경상남도 양산시 어곡동 870-7번지,48330,11200,0,0870,0007,1264100005889,,,,1,용도지역코드,1230,준공업지역,1,0,,준공업지역,20221008
경상남도 양산시 어곡동 870-7번지,48330,11200,0,0870,0007,1264100005889,,,,2,용도지구코드,440,산업단지,1,0,,산업단지,20221008
경상남도 양산시 어곡동 870-8번지,48330,11200,0,0870,0008,12647346,,,,1,용도지역코드,1230,준공업지역,1,0,,준공업지역,20221008
경상남도 양산시 어곡동 870-8번지,48330,11200,0,0870,0008,12647346,,,,3,용도구역코드,010,도시계획구역,1,0,,도시계획구역,20221008
경상남도 양산시 어곡동 870-8번지,48330,11200,0,0870,0008,1264100038133,,,,1,용도지역코드,UQA330,준공업지역,1,0,,준공업지역,20221008
경상남도 양산시 어곡동 871-1번지,48330,11200,0,0871,0001,12646436,,,,1,용도지역코드,1220,일반공업지역,1,0,,일반공업지역,20221008
경상남도 양산시 어곡동 871-1번지,48330,11200,0,0871,0001,1264100047725,,,,1,용도지역코드,UQA320,일반공업지역,1,0,,일반공업지역,20221008
경상남도 양산시 어곡동 871-2번지,48330,11200,0,0871,0002,12646320,,,,1,용도지역코드,1220,일반공업지역,1,0,,일반공업지역,20221008
경상남도 양산시 어곡동 871-2번지,48330,11200,0,0871,0002,12646641,,,,1,용도지역코드,1220,일반공업지역,1,0,,일반공업지역,20221008
경상남도 양산시 어곡동 871-2번지,48330,11200,0,0871,0002,12646641,,,,2,용도지구코드,440,산업단지,1,0,,산업단지,20221008
경상남도 양산시 어곡동 871-3번지,48330,11200,0,0871,0003,12648101,,,,1,용도지역코드,1220,일반공업지역,1,0,,일반공업지역,20221008
경상남도 양산시 어곡동 871-3번지,48330,11200,0,0871,0003,12648101,,,,3,용도구역코드,010,도시계획구역,1,0,,도시계획구역,20221008
경상남도 양산시 어곡동 871-4번지,48330,11200,0,0871,0004,12644480,어곡지방산업단지,13,,1,용도지역코드,1220,일반공업지역,1,0,,일반공업지역,20221008
경상남도 양산시 어곡동 871-5번지,48330,11200,0,0871,0005,1264100007427,,,,1,용도지역코드,1220,일반공업지역,1,0,,일반공업지역,20221008
경상남도 양산시 어곡동 871-5번지,48330,11200,0,0871,0005,12647421,,,,1,용도지역코드,1220,일반공업지역,1,0,,일반공업지역,20221008
경상남도 양산시 어곡동 871-5번지,48330,11200,0,0871,0005,12647421,,,,2,용도지구코드,170,공업용지지구,1,0,,공업용지지구,20221008
경상남도 양산시 어곡동 871-5번지,48330,11200,0,0871,0005,12646367,,,,1,용도지역코드,1220,일반공업지역,1,0,,일반공업지역,20221008
경상남도 양산시 어곡동 871-5번지,48330,11200,0,0871,0005,12646367,,,,2,용도지구코드,170,공업용지지구,1,0,,공업용지지구,20221008
경상남도 양산시 어곡동 871-5번지,48330,11200,0,0871,0005,1264100076323,,,,1,용도지역코드,UQA320,일반공업지역,1,0,,일반공업지역,20221008
경상남도 양산시 어곡동 871-6번지,48330,11200,0,0871,0006,12648578,,,,1,용도지역코드,1220,일반공업지역,1,0,,일반공업지역,20221008
경상남도 양산시 어곡동 871-8번지,48330,11200,0,0871,0008,12646302,,,,1,용도지역코드,1220,일반공업지역,1,0,,일반공업지역,20221008
경상남도 양산시 어곡동 871-8번지,48330,11200,0,0871,0008,12647466,,,,1,용도지역코드,1220,일반공업지역,1,0,,일반공업지역,20221008
경상남도 양산시 어곡동 871-8번지,48330,11200,0,0871,0008,12647466,,,,3,용도구역코드,010,도시계획구역,1,0,,도시계획구역,20221008
경상남도 양산시 어곡동 871-8번지,48330,11200,0,0871,0008,1264100025453,,,,1,용도지역코드,UQA320,일반공업지역,1,0,,일반공업지역,20221008
경상남도 양산시 어곡동 871-10번지,48330,11200,0,0871,0010,12648572,,,,1,용도지역코드,1220,일반공업지역,1,0,,일반공업지역,20221008
경상남도 양산시 어곡동 871-10번지,48330,11200,0,0871,0010,1264100143165,,,,1,용도지역코드,UQA320,일반공업지역,1,0,,일반공업지역,20221008
경상남도 양산시 어곡동 871-10번지,48330,11200,0,0871,0010,1264100143165,,,,3,용도구역코드,UMZ100,가축사육제한구역,1,0,,가축사육제한구역,20221008
경상남도 양산시 어곡동 871-11번지,48330,11200,0,0871,0011,12648490,,,,1,용도지역코드,1220,일반공업지역,1,0,,일반공업지역,20221008
경상남도 양산시 어곡동 871-11번지,48330,11200,0,0871,0011,12648490,,,,3,용도구역코드,010,도시계획구역,1,0,,도시계획구역,20221008
경상남도 양산시 어곡동 871-11번지,48330,11200,0,0871,0011,1264100102177,,,,1,용도지역코드,UQA320,일반공업지역,1,0,,일반공업지역,20221008
경상남도 양산시 어곡동 871-11번지,48330,11200,0,0871,0011,1264100076421,,,,1,용도지역코드,UQA320,일반공업지역,1,0,,일반공업지역,20221008
경상남도 양산시 어곡동 871-11번지,48330,11200,0,0871,0011,1264100072221,,,,1,용도지역코드,UQA320,일반공업지역,1,0,,일반공업지역,20221008
경상남도 양산시 어곡동 871-11번지,48330,11200,0,0871,0011,12647757,,,,1,용도지역코드,1220,일반공업지역,1,0,,일반공업지역,20221008
경상남도 양산시 어곡동 871-11번지,48330,11200,0,0871,0011,12647757,,,,3,용도구역코드,010,도시계획구역,1,0,,도시계획구역,20221008
경상남도 양산시 어곡동 871-13번지,48330,11200,0,0871,0013,1264100027269,,,,1,용도지역코드,UQA320,일반공업지역,1,0,,일반공업지역,20221008
경상남도 양산시 어곡동 871-13번지,48330,11200,0,0871,0013,1000000000000000955149,,,,1,용도지역코드,UQA320,일반공업지역,1,0,,일반공업지역,20260609
경상남도 양산시 어곡동 871-13번지,48330,11200,0,0871,0013,1000000000000000955149,,,,1,용도지역코드,UHA999,산업단지기타,0,0,,산업단지기타,20260609
경상남도 양산시 어곡동 871-13번지,48330,11200,0,0871,0013,1264100155573,,,,1,용도지역코드,UQA320,일반공업지역,1,0,,일반공업지역,20221025
경상남도 양산시 어곡동 871-13번지,48330,11200,0,0871,0013,12648303,,,,1,용도지역코드,1220,일반공업지역,1,0,,일반공업지역,20221008
경상남도 양산시 어곡동 871-13번지,48330,11200,0,0871,0013,1264100113477,,,,1,용도지역코드,UQA320,일반공업지역,1,0,,일반공업지역,20221008
경상남도 양산시 어곡동 871-13번지,48330,11200,0,0871,0013,12648503,,,,1,용도지역코드,1220,일반공업지역,1,0,,일반공업지역,20221008
경상남도 양산시 어곡동 871-13번지,48330,11200,0,0871,0013,12648241,,,,1,용도지역코드,1220,일반공업지역,1,0,,일반공업지역,20221008
경상남도 양산시 어곡동 871-13번지,48330,11200,0,0871,0013,12646940,"지방산업단지(식품,음식료품 용지)",14,,1,용도지역코드,1220,일반공업지역,1,0,,일반공업지역,20221008
경상남도 양산시 어곡동 871-13번지,48330,11200,0,0871,0013,1264100145423,,,,1,용도지역코드,UQA320,일반공업지역,1,0,,일반공업지역,20221008
경상남도 양산시 어곡동 871-13번지,48330,11200,0,0871,0013,1264100148013,,,,1,용도지역코드,UQA320,일반공업지역,1,0,,일반공업지역,20221008
경상남도 양산시 어곡동 871-13번지,48330,11200,0,0871,0013,1264100106474,,,,1,용도지역코드,UQA320,일반공업지역,1,0,,일반공업지역,20221008
경상남도 양산시 어곡동 871-13번지,48330,11200,0,0871,0013,1264100120619,,,,1,용도지역코드,UQA320,일반공업지역,1,0,,일반공업지역,20221008
경상남도 양산시 어곡동 871-13번지,48330,11200,0,0871,0013,1264100023989,,,,1,용도지역코드,UQA320,일반공업지역,1,0,,일반공업지역,20221008
경상남도 양산시 어곡동 871-13번지,48330,11200,0,0871,0013,1264100050347,,,,1,용도지역코드,UQA320,일반공업지역,1,0,,일반공업지역,20221008
경상남도 양산시 어곡동 871-13번지,48330,11200,0,0871,0013,1264100015238,,,,1,용도지역코드,1220,일반공업지역,1,0,,일반공업지역,20221008
경상남도 양산시 어곡동 871-13번지,48330,11200,0,0871,0013,12649471,,,,1,용도지역코드,1220,일반공업지역,1,0,,일반공업지역,20221008
경상남도 양산시 어곡동 871-13번지,48330,11200,0,0871,0013,1264100025909,,,,1,용도지역코드,UQA320,일반공업지역,1,0,,일반공업지역,20221008
경상남도 양산시 어곡동 871-14번지,48330,11200,0,0871,0014,1264100112178,,,,1,용도지역코드,UQA320,일반공업지역,1,0,,일반공업지역,20221008
경상남도 양산시 어곡동 871-14번지,48330,11200,0,0871,0014,1264100008613,,,,1,용도지역코드,1220,일반공업지역,1,0,,일반공업지역,20221008
경상남도 양산시 어곡동 871-15번지,48330,11200,0,0871,0015,1264100049646,,,,1,용도지역코드,UQA320,일반공업지역,1,0,,일반공업지역,20221008
경상남도 양산시 어곡동 871-15번지,48330,11200,0,0871,0015,12646505,,,,1,용도지역코드,1220,일반공업지역,1,0,,일반공업지역,20221008
경상남도 양산시 어곡동 871-15번지,48330,11200,0,0871,0015,1264100021304,,,,1,용도지역코드,1220,일반공업지역,1,0,,일반공업지역,20221008
경상남도 양산시 어곡동 871-17번지,48330,11200,0,0871,0017,1264100018719,,,,1,용도지역코드,1220,일반공업지역,1,0,,일반공업지역,20221008
경상남도 양산시 어곡동 871-17번지,48330,11200,0,0871,0017,1000000000000000747699,,,,1,용도지역코드,UQA320,일반공업지역,1,0,,일반공업지역,20250618
경상남도 양산시 어곡동 871-17번지,48330,11200,0,0871,0017,12648057,,,,1,용도지역코드,1220,일반공업지역,1,0,,일반공업지역,20221008
경상남도 양산시 어곡동 871-18번지,48330,11200,0,0871,0018,12648575,,,,1,용도지역코드,1220,일반공업지역,1,0,,일반공업지역,20221008
경상남도 양산시 어곡동 871-18번지,48330,11200,0,0871,0018,12648575,,,,3,용도구역코드,010,도시계획구역,1,0,,도시계획구역,20221008
경상남도 양산시 어곡동 871-19번지,48330,11200,0,0871,0019,12648294,,,,1,용도지역코드,1220,일반공업지역,1,0,,일반공업지역,20221008
경상남도 양산시 어곡동 872번지,48330,11200,0,0872,0000,1264100042942,,,,1,용도지역코드,UQA320,일반공업지역,1,0,,일반공업지역,20221008
경상남도 양산시 어곡동 872번지,48330,11200,0,0872,0000,12644242,,,,1,용도지역코드,1220,일반공업지역,1,0,,일반공업지역,20221008
경상남도 양산시 어곡동 872번지,48330,11200,0,0872,0000,12646086,,,,1,용도지역코드,1220,일반공업지역,1,0,,일반공업지역,20221008
경상남도 양산시 어곡동 872번지,48330,11200,0,0872,0000,1264100057931,,,,1,용도지역코드,UQA320,일반공업지역,1,0,,일반공업지역,20221008
경상남도 양산시 어곡동 872번지,48330,11200,0,0872,0000,1264100024409,,,,1,용도지역코드,UQA320,일반공업지역,1,0,,일반공업지역,20221008
경상남도 양산시 어곡동 872-1번지,48330,11200,0,0872,0001,1264100062479,,,,1,용도지역코드,UQA320,일반공업지역,1,0,,일반공업지역,20221008
경상남도 양산시 어곡동 872-1번지,48330,11200,0,0872,0001,12648292,,,,1,용도지역코드,1220,일반공업지역,1,0,,일반공업지역,20221008
경상남도 양산시 어곡동 872-3번지,48330,11200,0,0872,0003,1264100096726,,,,1,용도지역코드,UQA320,일반공업지역,1,0,,일반공업지역,20221008
경상남도 양산시 어곡동 873번지,48330,11200,0,0873,0000,1264100017495,,,,1,용도지역코드,1220,일반공업지역,1,0,,일반공업지역,20221008
경상남도 양산시 어곡동 873번지,48330,11200,0,0873,0000,12649459,,,,1,용도지역코드,1220,일반공업지역,1,0,,일반공업지역,20221008
경상남도 양산시 어곡동 873번지,48330,11200,0,0873,0000,12649459,,,,2,용도지구코드,440,산업단지,1,0,,산업단지,20221008
경상남도 양산시 어곡동 873번지,48330,11200,0,0873,0000,1264100010235,,,,1,용도지역코드,1220,일반공업지역,1,0,,일반공업지역,20221008
경상남도 양산시 어곡동 873번지,48330,11200,0,0873,0000,1264100010235,,,,2,용도지구코드,440,산업단지,1,0,,산업단지,20221008
경상남도 양산시 어곡동 874-1번지,48330,11200,0,0874,0001,1264100031838,,,,1,용도지역코드,UQA320,일반공업지역,1,0,,일반공업지역,20221008
경상남도 양산시 어곡동 874-1번지,48330,11200,0,0874,0001,12648305,,,,1,용도지역코드,1220,일반공업지역,1,0,,일반공업지역,20221008
경상남도 양산시 어곡동 874-2번지,48330,11200,0,0874,0002,12646052,,,,1,용도지역코드,1220,일반공업지역,1,0,,일반공업지역,20221008
경상남도 양산시 어곡동 874-2번지,48330,11200,0,0874,0002,12644161,,,,1,용도지역코드,1220,일반공업지역,1,0,,일반공업지역,20221008
경상남도 양산시 어곡동 874-2번지,48330,11200,0,0874,0002,12645027,,,,1,용도지역코드,1220,일반공업지역,1,0,,일반공업지역,20221008
경상남도 양산시 어곡동 874-3번지,48330,11200,0,0874,0003,12645844,,,,1,용도지역코드,1220,일반공업지역,1,0,,일반공업지역,20221008
경상남도 양산시 어곡동 874-4번지,48330,11200,0,0874,0004,12648290,,,,1,용도지역코드,1220,일반공업지역,1,0,,일반공업지역,20221008
경상남도 양산시 어곡동 874-4번지,48330,11200,0,0874,0004,1264100115496,,,,1,용도지역코드,UQA320,일반공업지역,1,0,,일반공업지역,20221008
경상남도 양산시 어곡동 874-4번지,48330,11200,0,0874,0004,1264100029069,,,,1,용도지역코드,UQA320,일반공업지역,1,0,,일반공업지역,20221008
경상남도 양산시 어곡동 874-4번지,48330,11200,0,0874,0004,1264100020621,,,,1,용도지역코드,1220,일반공업지역,1,0,,일반공업지역,20221008
경상남도 양산시 어곡동 918-1번지,48330,11200,0,0918,0001,1000000000000000657821,,,,1,용도지역코드,UQA320,일반공업지역,1,0,,일반공업지역,20250124
경상남도 양산시 어곡동 1044-2번지,48330,11200,0,1044,0002,1264100031177,,,,1,용도지역코드,UQA430,자연녹지지역,1,0,,자연녹지지역,20221008
경상남도 양산시 어곡동 1044-2번지,48330,11200,0,1044,0002,1264100037732,,,,1,용도지역코드,UQA430,자연녹지지역,1,0,,자연녹지지역,20221008
경상남도 양산시 어곡동 1044-9번지,48330,11200,0,1044,0009,1000000000000000690471,,,,1,용도지역코드,UQA430,자연녹지지역,0,0,,자연녹지지역,20250618
경상남도 양산시 어곡동 1044-9번지,48330,11200,0,1044,0009,1000000000000000690471,,,,1,용도지역코드,UQA320,일반공업지역,1,0,,일반공업지역,20250618
경상남도 양산시 어곡동 1044-9번지,48330,11200,0,1044,0009,1000000000000000690471,,,,3,용도구역코드,UMZ100,가축사육제한구역,1,0,,가축사육제한구역,20250618
경상남도 양산시 어곡동 1044-9번지,48330,11200,0,1044,0009,1264100136025,,,,1,용도지역코드,UQA320,일반공업지역,1,0,,일반공업지역,20221008
경상남도 양산시 어곡동 1044-9번지,48330,11200,0,1044,0009,1264100009790,,,,1,용도지역코드,1220,일반공업지역,1,0,,일반공업지역,20221008
경상남도 양산시 어곡동 1044-21번지,48330,11200,0,1044,0021,1264100004585,,,,1,용도지역코드,1220,일반공업지역,1,0,,일반공업지역,20221008
경상남도 양산시 어곡동 1044-21번지,48330,11200,0,1044,0021,1264100015260,,,,1,용도지역코드,1220,일반공업지역,1,0,,일반공업지역,20221008
경상남도 양산시 어곡동 1044-21번지,48330,11200,0,1044,0021,1264100011570,,,,1,용도지역코드,1220,일반공업지역,1,0,,일반공업지역,20221008
경상남도 양산시 어곡동 1044-21번지,48330,11200,0,1044,0021,1264100011570,,,,1,용도지역코드,1330,자연녹지지역,0,0,,자연녹지지역,20221008
경상남도 양산시 어곡동 1044-21번지,48330,11200,0,1044,0021,1264100016135,,,,1,용도지역코드,1220,일반공업지역,1,0,,일반공업지역,20221008
경상남도 양산시 어곡동 1044-22번지,48330,11200,0,1044,0022,1264100021422,,,,1,용도지역코드,UQA320,일반공업지역,1,0,,일반공업지역,20221008
경상남도 양산시 어곡동 1044-22번지,48330,11200,0,1044,0022,1264100021422,,,,1,용도지역코드,UQA430,자연녹지지역,0,0,,자연녹지지역,20221008
경상남도 양산시 어곡동 1044-22번지,48330,11200,0,1044,0022,12648052,,,,1,용도지역코드,1220,일반공업지역,1,0,,일반공업지역,20221008
경상남도 양산시 어곡동 1044-22번지,48330,11200,0,1044,0022,12648052,,,,1,용도지역코드,1330,자연녹지지역,0,0,,자연녹지지역,20221008
경상남도 양산시 어곡동 1044-37번지,48330,11200,0,1044,0037,1264100069160,,,,1,용도지역코드,UQA430,자연녹지지역,1,0,,자연녹지지역,20221008
경상남도 양산시 어곡동 1044-39번지,48330,11200,0,1044,0039,1264100104053,,,,1,용도지역코드,UQA430,자연녹지지역,1,0,,자연녹지지역,20221008
경상남도 양산시 어곡동 1044-39번지,48330,11200,0,1044,0039,1264100121759,,,,1,용도지역코드,UQA430,자연녹지지역,1,0,,자연녹지지역,20221008
경상남도 양산시 어곡동 1044-41번지,48330,11200,0,1044,0041,1264100058433,,,,1,용도지역코드,UQA430,자연녹지지역,1,0,,자연녹지지역,20221008
경상남도 양산시 어곡동 1044-47번지,48330,11200,0,1044,0047,1000000000000000236297,,,,1,용도지역코드,UQA320,일반공업지역,1,0,,일반공업지역,20230223
경상남도 양산시 어곡동 1044-47번지,48330,11200,0,1044,0047,1000000000000000206181,,,,1,용도지역코드,UQA320,일반공업지역,1,0,,일반공업지역,20230518
경상남도 양산시 어곡동 1044-48번지,48330,11200,0,1044,0048,1000000000000000254029,,,,1,용도지역코드,UQA320,일반공업지역,1,0,,일반공업지역,20230811
경상남도 양산시 어곡동 1070-1번지,48330,11200,0,1070,0001,1264100069660,,,,1,용도지역코드,UQA320,일반공업지역,1,0,,일반공업지역,20221008
경상남도 양산시 어곡동 1070-1번지,48330,11200,0,1070,0001,1264100154957,,,,1,용도지역코드,UQA320,일반공업지역,1,0,,일반공업지역,20221008
경상남도 양산시 어곡동 1070-1번지,48330,11200,0,1070,0001,1264100154957,,,,3,용도구역코드,UQQ310,제1종지구단위계획구역,1,0,,제1종지구단위계획구역,20221008
경상남도 양산시 어곡동 1070-1번지,48330,11200,0,1070,0001,1264100070483,,,,1,용도지역코드,UQA320,일반공업지역,1,0,,일반공업지역,20221008
경상남도 양산시 어곡동 1070-1번지,48330,11200,0,1070,0001,1264100069659,,,,1,용도지역코드,UQA320,일반공업지역,1,0,,일반공업지역,20221008
경상남도 양산시 어곡동 1070-1번지,48330,11200,0,1070,0001,1264100087661,,,,3,용도구역코드,UQQ310,제1종지구단위계획구역,1,0,,제1종지구단위계획구역,20221008
경상남도 양산시 어곡동 1070-1번지,48330,11200,0,1070,0001,1264100087661,,,,1,용도지역코드,UQA320,일반공업지역,1,0,,일반공업지역,20221008
경상남도 양산시 어곡동 1070-1번지,48330,11200,0,1070,0001,1264100071540,,,,1,용도지역코드,UQA320,일반공업지역,1,0,,일반공업지역,20221008
경상남도 양산시 어곡동 1070-2번지,48330,11200,0,1070,0002,1000000000000000952892,,,,1,용도지역코드,UQA320,일반공업지역,1,0,,일반공업지역,20260611
경상남도 양산시 어곡동 1070-2번지,48330,11200,0,1070,0002,1000000000000000952892,,,,3,용도구역코드,UQQ310,제1종지구단위계획구역,1,0,,제1종지구단위계획구역,20260611
경상남도 양산시 어곡동 1070-2번지,48330,11200,0,1070,0002,1264100149351,,,,1,용도지역코드,UQA320,일반공업지역,1,0,,일반공업지역,20241111
경상남도 양산시 어곡동 1070-2번지,48330,11200,0,1070,0002,1264100149351,,,,3,용도구역코드,UQQ300,지구단위계획구역,1,0,,지구단위계획구역,20241111
경상남도 양산시 어곡동 1070-2번지,48330,11200,0,1070,0002,1000000000000000911341,,,,3,용도구역코드,UQQ310,제1종지구단위계획구역,1,0,,제1종지구단위계획구역,20260325
경상남도 양산시 어곡동 1070-2번지,48330,11200,0,1070,0002,1000000000000000911341,,,,1,용도지역코드,UQA320,일반공업지역,1,0,,일반공업지역,20260325
경상남도 양산시 어곡동 1070-4번지,48330,11200,0,1070,0004,1000000000000000258343,,,,1,용도지역코드,UQA320,일반공업지역,1,0,,일반공업지역,20230327
경상남도 양산시 어곡동 1070-4번지,48330,11200,0,1070,0004,1000000000000000258317,,,,3,용도구역코드,UQQ310,제1종지구단위계획구역,1,0,,제1종지구단위계획구역,20230327
경상남도 양산시 어곡동 1070-4번지,48330,11200,0,1070,0004,1000000000000000258317,,,,1,용도지역코드,UQA320,일반공업지역,1,0,,일반공업지역,20230327
경상남도 양산시 어곡동 1070-4번지,48330,11200,0,1070,0004,1000000000000000261294,,,,1,용도지역코드,UQA320,일반공업지역,1,0,,일반공업지역,20230330
경상남도 양산시 어곡동 1070-4번지,48330,11200,0,1070,0004,1000000000000000398928,,,,1,용도지역코드,UQA320,일반공업지역,1,0,,일반공업지역,20231030
경상남도 양산시 어곡동 1070-4번지,48330,11200,0,1070,0004,1264100152570,,,,1,용도지역코드,UQA320,일반공업지역,1,0,,일반공업지역,20231027
경상남도 양산시 어곡동 1070-4번지,48330,11200,0,1070,0004,1264100152570,,,,3,용도구역코드,UQQ310,제1종지구단위계획구역,1,0,,제1종지구단위계획구역,20231027
경상남도 양산시 어곡동 1070-4번지,48330,11200,0,1070,0004,1000000000000000258287,,,,3,용도구역코드,UQQ310,제1종지구단위계획구역,1,0,,제1종지구단위계획구역,20230327
경상남도 양산시 어곡동 1070-4번지,48330,11200,0,1070,0004,1000000000000000258287,,,,1,용도지역코드,UQA320,일반공업지역,1,0,,일반공업지역,20230327
경상남도 양산시 어곡동 1070-4번지,48330,11200,0,1070,0004,1000000000000000250957,,,,3,용도구역코드,UMZ100,가축사육제한구역,0,0,,가축사육제한구역,20230316
경상남도 양산시 어곡동 1070-4번지,48330,11200,0,1070,0004,1000000000000000250957,,,,3,용도구역코드,UQQ310,제1종지구단위계획구역,1,0,,제1종지구단위계획구역,20230316
경상남도 양산시 어곡동 1070-4번지,48330,11200,0,1070,0004,1000000000000000250957,,,,1,용도지역코드,UQA320,일반공업지역,1,0,,일반공업지역,20230316
경상남도 양산시 어곡동 1070-6번지,48330,11200,0,1070,0006,1000000000000000351765,,,,3,용도구역코드,UQQ310,제1종지구단위계획구역,1,0,,제1종지구단위계획구역,20230808
경상남도 양산시 어곡동 1070-6번지,48330,11200,0,1070,0006,1000000000000000351765,,,,1,용도지역코드,UQA320,일반공업지역,1,0,,일반공업지역,20230808
경상남도 양산시 어곡동 1070-6번지,48330,11200,0,1070,0006,1264100138823,,,,1,용도지역코드,UQA320,일반공업지역,1,0,,일반공업지역,20221008
경상남도 양산시 어곡동 1070-6번지,48330,11200,0,1070,0006,1264100138823,,,,3,용도구역코드,UQQ310,제1종지구단위계획구역,1,0,,제1종지구단위계획구역,20221008
경상남도 양산시 어곡동 1070-6번지,48330,11200,0,1070,0006,1264100154890,,,,3,용도구역코드,UQQ310,제1종지구단위계획구역,1,0,,제1종지구단위계획구역,20221008
경상남도 양산시 어곡동 1070-6번지,48330,11200,0,1070,0006,1264100114977,,,,1,용도지역코드,UQA320,일반공업지역,1,0,,일반공업지역,20221008
경상남도 양산시 어곡동 1070-6번지,48330,11200,0,1070,0006,1264100114977,,,,3,용도구역코드,UQQ310,제1종지구단위계획구역,1,0,,제1종지구단위계획구역,20221008
경상남도 양산시 어곡동 1070-6번지,48330,11200,0,1070,0006,1264100154890,,,,1,용도지역코드,UQA320,일반공업지역,1,0,,일반공업지역,20221008
경상남도 양산시 어곡동 1070-9번지,48330,11200,0,1070,0009,1000000000000000186177,,,,1,용도지역코드,UQA320,일반공업지역,1,0,,일반공업지역,20221205
경상남도 양산시 어곡동 1070-9번지,48330,11200,0,1070,0009,1000000000000000186177,,,,3,용도구역코드,UQQ310,제1종지구단위계획구역,1,0,,제1종지구단위계획구역,20221205
경상남도 양산시 어곡동 1070-9번지,48330,11200,0,1070,0009,1000000000000000186163,,,,3,용도구역코드,UQQ310,제1종지구단위계획구역,1,0,,제1종지구단위계획구역,20221205
경상남도 양산시 어곡동 1070-9번지,48330,11200,0,1070,0009,1000000000000000186163,,,,1,용도지역코드,UQA320,일반공업지역,1,0,,일반공업지역,20221205
경상남도 양산시 어곡동 1071-1번지,48330,11200,0,1071,0001,1264100153892,,,,3,용도구역코드,UQQ310,제1종지구단위계획구역,1,0,,제1종지구단위계획구역,20240329
경상남도 양산시 어곡동 1071-1번지,48330,11200,0,1071,0001,1264100153892,,,,3,용도구역코드,UMZ100,가축사육제한구역,0,0,,가축사육제한구역,20240329
경상남도 양산시 어곡동 1071-1번지,48330,11200,0,1071,0001,1264100153892,,,,1,용도지역코드,UQA320,일반공업지역,1,0,,일반공업지역,20240329
경상남도 양산시 어곡동 1071-2번지,48330,11200,0,1071,0002,1264100127862,,,,1,용도지역코드,UQA320,일반공업지역,1,0,,일반공업지역,20221008
경상남도 양산시 어곡동 1071-2번지,48330,11200,0,1071,0002,1264100127862,,,,3,용도구역코드,UQQ310,제1종지구단위계획구역,1,0,,제1종지구단위계획구역,20221008
경상남도 양산시 어곡동 1071-2번지,48330,11200,0,1071,0002,1264100115119,,,,1,용도지역코드,UQA320,일반공업지역,1,0,,일반공업지역,20221008
경상남도 양산시 어곡동 1071-2번지,48330,11200,0,1071,0002,1264100115119,,,,3,용도구역코드,UQQ310,제1종지구단위계획구역,1,0,,제1종지구단위계획구역,20221008
경상남도 양산시 어곡동 1071-2번지,48330,11200,0,1071,0002,1264100110838,,,,1,용도지역코드,UQA320,일반공업지역,1,0,,일반공업지역,20221008
경상남도 양산시 어곡동 1071-2번지,48330,11200,0,1071,0002,1264100110838,,,,3,용도구역코드,UQQ310,제1종지구단위계획구역,1,0,,제1종지구단위계획구역,20221008
경상남도 양산시 어곡동 1071-2번지,48330,11200,0,1071,0002,1264100129271,,,,1,용도지역코드,UQA320,일반공업지역,1,0,,일반공업지역,20221008
경상남도 양산시 어곡동 1071-2번지,48330,11200,0,1071,0002,1264100129271,,,,3,용도구역코드,UQQ310,제1종지구단위계획구역,1,0,,제1종지구단위계획구역,20221008
경상남도 양산시 어곡동 1072-1번지,48330,11200,0,1072,0001,1264100080001,,,,3,용도구역코드,UQQ310,제1종지구단위계획구역,1,0,,제1종지구단위계획구역,20221008
경상남도 양산시 어곡동 1072-1번지,48330,11200,0,1072,0001,1000000000000000487253,,,,3,용도구역코드,UQQ310,제1종지구단위계획구역,1,0,,제1종지구단위계획구역,20240329
경상남도 양산시 어곡동 1072-1번지,48330,11200,0,1072,0001,1000000000000000487253,,,,1,용도지역코드,UQA320,일반공업지역,1,0,,일반공업지역,20240329
경상남도 양산시 어곡동 1072-1번지,48330,11200,0,1072,0001,1264100073160,,,,1,용도지역코드,UQA320,일반공업지역,1,0,,일반공업지역,20221008
경상남도 양산시 어곡동 1072-1번지,48330,11200,0,1072,0001,1264100073160,,,,3,용도구역코드,UQQ310,제1종지구단위계획구역,1,0,,제1종지구단위계획구역,20221008
경상남도 양산시 어곡동 1072-3번지,48330,11200,0,1072,0003,1264100070779,,,,1,용도지역코드,UQA320,일반공업지역,1,0,,일반공업지역,20221008
경상남도 양산시 어곡동 1072-3번지,48330,11200,0,1072,0003,1264100070779,,,,3,용도구역코드,UQQ310,제1종지구단위계획구역,1,0,,제1종지구단위계획구역,20221008
경상남도 양산시 어곡동 1072-3번지,48330,11200,0,1072,0003,1264100070780,,,,1,용도지역코드,UQA320,일반공업지역,1,0,,일반공업지역,20221008
경상남도 양산시 어곡동 1072-3번지,48330,11200,0,1072,0003,1264100070780,,,,3,용도구역코드,UQQ310,제1종지구단위계획구역,1,0,,제1종지구단위계획구역,20221008
경상남도 양산시 어곡동 1072-6번지,48330,11200,0,1072,0006,1264100072999,,,,1,용도지역코드,UQA320,일반공업지역,1,0,,일반공업지역,20221008
경상남도 양산시 어곡동 1072-6번지,48330,11200,0,1072,0006,1264100072999,,,,3,용도구역코드,UQQ310,제1종지구단위계획구역,1,0,,제1종지구단위계획구역,20221008
경상남도 양산시 어곡동 1072-7번지,48330,11200,0,1072,0007,1264100082520,,,,1,용도지역코드,UQA320,일반공업지역,1,0,,일반공업지역,20221008
경상남도 양산시 어곡동 1072-7번지,48330,11200,0,1072,0007,1264100082520,,,,3,용도구역코드,UQQ310,제1종지구단위계획구역,1,0,,제1종지구단위계획구역,20221008
경상남도 양산시 어곡동 1072-10번지,48330,11200,0,1072,0010,1264100079940,,,,3,용도구역코드,UQQ310,제1종지구단위계획구역,1,0,,제1종지구단위계획구역,20221008
경상남도 양산시 어곡동 1072-10번지,48330,11200,0,1072,0010,1264100079940,,,,1,용도지역코드,UQA320,일반공업지역,1,0,,일반공업지역,20221008
경상남도 양산시 어곡동 1072-11번지,48330,11200,0,1072,0011,1264100095086,,,,1,용도지역코드,UQA320,일반공업지역,1,0,,일반공업지역,20221008
경상남도 양산시 어곡동 1072-11번지,48330,11200,0,1072,0011,1264100095086,,,,3,용도구역코드,UQQ310,제1종지구단위계획구역,1,0,,제1종지구단위계획구역,20221008
경상남도 양산시 어곡동 1072-11번지,48330,11200,0,1072,0011,1264100079941,,,,1,용도지역코드,UQA320,일반공업지역,1,0,,일반공업지역,20221008
경상남도 양산시 어곡동 1072-11번지,48330,11200,0,1072,0011,1264100079941,,,,3,용도구역코드,UQQ310,제1종지구단위계획구역,1,0,,제1종지구단위계획구역,20221008
경상남도 양산시 어곡동 1072-12번지,48330,11200,0,1072,0012,1264100079942,,,,1,용도지역코드,UQA320,일반공업지역,1,0,,일반공업지역,20221008
경상남도 양산시 어곡동 1072-12번지,48330,11200,0,1072,0012,1264100079942,,,,3,용도구역코드,UQQ310,제1종지구단위계획구역,1,0,,제1종지구단위계획구역,20221008
경상남도 양산시 어곡동 1072-13번지,48330,11200,0,1072,0013,1264100079943,,,,1,용도지역코드,UQA320,일반공업지역,1,0,,일반공업지역,20221008
경상남도 양산시 어곡동 1072-13번지,48330,11200,0,1072,0013,1264100079943,,,,3,용도구역코드,UQQ310,제1종지구단위계획구역,1,0,,제1종지구단위계획구역,20221008
경상남도 양산시 어곡동 1072-14번지,48330,11200,0,1072,0014,1264100080004,,,,1,용도지역코드,UQA320,일반공업지역,1,0,,일반공업지역,20221008
경상남도 양산시 어곡동 1072-14번지,48330,11200,0,1072,0014,1264100080004,,,,3,용도구역코드,UQQ310,제1종지구단위계획구역,1,0,,제1종지구단위계획구역,20221008
경상남도 양산시 어곡동 1073-2번지,48330,11200,0,1073,0002,1000000000000000577193,,,,3,용도구역코드,UQQ310,제1종지구단위계획구역,1,0,,제1종지구단위계획구역,20250214
경상남도 양산시 어곡동 1073-2번지,48330,11200,0,1073,0002,1000000000000000577193,,,,1,용도지역코드,UQA320,일반공업지역,1,0,,일반공업지역,20250214
경상남도 양산시 어곡동 1073-2번지,48330,11200,0,1073,0002,1000000000000000529271,,,,3,용도구역코드,UQQ310,제1종지구단위계획구역,1,0,,제1종지구단위계획구역,20240603
경상남도 양산시 어곡동 1073-2번지,48330,11200,0,1073,0002,1000000000000000529271,,,,1,용도지역코드,UQA320,일반공업지역,1,0,,일반공업지역,20240603
경상남도 양산시 어곡동 1073-2번지,48330,11200,0,1073,0002,1000000000000000592580,,,,1,용도지역코드,UQA320,일반공업지역,1,0,,일반공업지역,20240930
경상남도 양산시 어곡동 1073-2번지,48330,11200,0,1073,0002,1000000000000000592580,,,,3,용도구역코드,UQQ310,제1종지구단위계획구역,1,0,,제1종지구단위계획구역,20240930
경상남도 양산시 어곡동 1073-3번지,48330,11200,0,1073,0003,1264100123700,,,,1,용도지역코드,UQA320,일반공업지역,1,0,,일반공업지역,20221008
경상남도 양산시 어곡동 1073-3번지,48330,11200,0,1073,0003,1264100104553,,,,1,용도지역코드,UQA320,일반공업지역,1,0,,일반공업지역,20221008
경상남도 양산시 어곡동 1073-3번지,48330,11200,0,1073,0003,1264100104553,,,,3,용도구역코드,UQQ310,제1종지구단위계획구역,1,0,,제1종지구단위계획구역,20221008
경상남도 양산시 어곡동 1073-6번지,48330,11200,0,1073,0006,1000000000000000886248,,,,3,용도구역코드,UQQ310,제1종지구단위계획구역,1,0,,제1종지구단위계획구역,20260206
경상남도 양산시 어곡동 1073-6번지,48330,11200,0,1073,0006,1000000000000000886248,,,,1,용도지역코드,UQA320,일반공업지역,1,0,,일반공업지역,20260206
경상남도 양산시 어곡동 1073-6번지,48330,11200,0,1073,0006,1000000000000000313673,,,,1,용도지역코드,UQA320,일반공업지역,1,0,,일반공업지역,20230613
경상남도 양산시 어곡동 1074-5번지,48330,11200,0,1074,0005,1264100126563,,,,1,용도지역코드,UQA320,일반공업지역,1,0,,일반공업지역,20221008
경상남도 양산시 어곡동 1074-7번지,48330,11200,0,1074,0007,1000000000000000947588,,,,1,용도지역코드,UQA320,일반공업지역,1,0,,일반공업지역,20260512
경상남도 양산시 어곡동 1074-7번지,48330,11200,0,1074,0007,1000000000000000947588,,,,3,용도구역코드,UMZ100,가축사육제한구역,0,0,,가축사육제한구역,20260512
경상남도 양산시 어곡동 1074-7번지,48330,11200,0,1074,0007,1000000000000000947588,,,,3,용도구역코드,UQQ310,제1종지구단위계획구역,1,0,,제1종지구단위계획구역,20260512
경상남도 양산시 어곡동 1074-7번지,48330,11200,0,1074,0007,1264100073120,,,,1,용도지역코드,UQA320,일반공업지역,1,0,,일반공업지역,20221008
경상남도 양산시 어곡동 1074-7번지,48330,11200,0,1074,0007,1264100073120,,,,3,용도구역코드,UQQ310,제1종지구단위계획구역,1,0,,제1종지구단위계획구역,20221008
경상남도 양산시 어곡동 1074-8번지,48330,11200,0,1074,0008,1264100130064,,,,1,용도지역코드,UQA320,일반공업지역,1,0,,일반공업지역,20221008
경상남도 양산시 어곡동 1074-8번지,48330,11200,0,1074,0008,1264100130064,,,,3,용도구역코드,UQQ310,제1종지구단위계획구역,1,0,,제1종지구단위계획구역,20221008
경상남도 양산시 어곡동 1074-11번지,48330,11200,0,1074,0011,1264100068979,,,,1,용도지역코드,UQA320,일반공업지역,1,0,,일반공업지역,20221008
경상남도 양산시 어곡동 1074-12번지,48330,11200,0,1074,0012,1000000000000000834577,,,,1,용도지역코드,UQA320,일반공업지역,1,0,,일반공업지역,20260210
경상남도 양산시 어곡동 1074-12번지,48330,11200,0,1074,0012,1000000000000000834577,,,,3,용도구역코드,UQQ310,제1종지구단위계획구역,1,0,,제1종지구단위계획구역,20260210
경상남도 양산시 어곡동 1074-14번지,48330,11200,0,1074,0014,1264100128521,,,,1,용도지역코드,UQA320,일반공업지역,1,0,,일반공업지역,20221008
경상남도 양산시 어곡동 1074-15번지,48330,11200,0,1074,0015,1000000000000000509200,,,,3,용도구역코드,UQQ310,제1종지구단위계획구역,1,0,,제1종지구단위계획구역,20250724
경상남도 양산시 어곡동 1074-15번지,48330,11200,0,1074,0015,1000000000000000509200,,,,1,용도지역코드,UQA320,일반공업지역,1,0,,일반공업지역,20250724
경상남도 양산시 어곡동 1074-16번지,48330,11200,0,1074,0016,1264100065639,,,,1,용도지역코드,UQA320,일반공업지역,1,0,,일반공업지역,20221008
경상남도 양산시 어곡동 1074-16번지,48330,11200,0,1074,0016,1264100065639,,,,3,용도구역코드,UQQ310,제1종지구단위계획구역,1,0,,제1종지구단위계획구역,20221008
경상남도 양산시 어곡동 1074-17번지,48330,11200,0,1074,0017,1264100066619,,,,1,용도지역코드,UQA320,일반공업지역,1,0,,일반공업지역,20221008
경상남도 양산시 어곡동 1074-18번지,48330,11200,0,1074,0018,1264100144903,,,,3,용도구역코드,UQQ310,제1종지구단위계획구역,0,0,,제1종지구단위계획구역,20221008
경상남도 양산시 어곡동 1074-18번지,48330,11200,0,1074,0018,1264100144903,,,,1,용도지역코드,UQA320,일반공업지역,1,0,,일반공업지역,20221008
경상남도 양산시 어곡동 1074-18번지,48330,11200,0,1074,0018,1264100144903,,,,3,용도구역코드,UMZ100,가축사육제한구역,1,0,,가축사육제한구역,20221008
경상남도 양산시 어곡동 1076번지,48330,11200,0,1076,0000,1264100140129,,,,1,용도지역코드,UQA320,일반공업지역,1,0,,일반공업지역,20221008
경상남도 양산시 어곡동 1076번지,48330,11200,0,1076,0000,1264100140129,,,,3,용도구역코드,UQQ310,제1종지구단위계획구역,1,0,,제1종지구단위계획구역,20221008
경상남도 양산시 어곡동 1076번지,48330,11200,0,1076,0000,1264100140129,,,,3,용도구역코드,UQQ300,지구단위계획구역,0,0,,지구단위계획구역,20221008
경상남도 양산시 어곡동 1076번지,48330,11200,0,1076,0000,1264100140129,,,,3,용도구역코드,UJB100,하천구역,0,0,,하천구역,20221008
경상남도 양산시 어곡동 1115번지,48330,11200,0,1115,0000,12643024,,,,1,용도지역코드,1220,일반공업지역,1,0,,일반공업지역,20221008
경상남도 양산시 어곡동 1120번지,48330,11200,0,1120,0000,12649381,,,,1,용도지역코드,1220,일반공업지역,1,0,,일반공업지역,20221008
경상남도 양산시 어곡동 1124-2번지,48330,11200,0,1124,0002,1264100086489,,,,1,용도지역코드,UQA320,일반공업지역,1,0,,일반공업지역,20221008
경상남도 양산시 어곡동 1124-2번지,48330,11200,0,1124,0002,1264100026789,,,,1,용도지역코드,UQA320,일반공업지역,1,0,,일반공업지역,20221008
경상남도 양산시 어곡동 1124-2번지,48330,11200,0,1124,0002,1264100026789,,,,1,용도지역코드,UQA330,준공업지역,0,0,,준공업지역,20221008
경상남도 양산시 어곡동 1124-8번지,48330,11200,0,1124,0008,1264100063099,,,,1,용도지역코드,UQA320,일반공업지역,1,0,,일반공업지역,20221008
경상남도 양산시 어곡동 1124-8번지,48330,11200,0,1124,0008,1264100102113,,,,1,용도지역코드,UQA320,일반공업지역,1,0,,일반공업지역,20221008
경상남도 양산시 어곡동 1124-8번지,48330,11200,0,1124,0008,1264100104513,,,,1,용도지역코드,UQA320,일반공업지역,1,0,,일반공업지역,20221008
경상남도 양산시 어곡동 1124-8번지,48330,11200,0,1124,0008,12649287,,,,1,용도지역코드,1220,일반공업지역,1,0,,일반공업지역,20221008
경상남도 양산시 어곡동 1124-8번지,48330,11200,0,1124,0008,1000000000000000123929,,,,1,용도지역코드,UQA320,일반공업지역,1,0,,일반공업지역,20221110
경상남도 양산시 어곡동 1124-9번지,48330,11200,0,1124,0009,12648130,,,,1,용도지역코드,1220,일반공업지역,1,0,,일반공업지역,20221008
경상남도 양산시 어곡동 1124-9번지,48330,11200,0,1124,0009,12648277,,,,1,용도지역코드,1220,일반공업지역,1,0,,일반공업지역,20221008
경상남도 양산시 어곡동 1126번지,48330,11200,0,1126,0000,12643224,,,,1,용도지역코드,1220,일반공업지역,1,0,,일반공업지역,20221008
경상남도 양산시 어곡동 1126번지,48330,11200,0,1126,0000,12648472,,,,1,용도지역코드,1220,일반공업지역,1,0,,일반공업지역,20221008
경상남도 양산시 어곡동 1126번지,48330,11200,0,1126,0000,12648472,,,,3,용도구역코드,010,도시계획구역,1,0,,도시계획구역,20221008
경상남도 양산시 어곡동 1128번지,48330,11200,0,1128,0000,12648855,,,,1,용도지역코드,1220,일반공업지역,1,0,,일반공업지역,20221008
경상남도 양산시 어곡동 1129번지,48330,11200,0,1129,0000,1264100006657,,,,1,용도지역코드,1220,일반공업지역,1,0,,일반공업지역,20221008
경상남도 양산시 어곡동 1129번지,48330,11200,0,1129,0000,1264100020341,,,,1,용도지역코드,1220,일반공업지역,1,0,,일반공업지역,20221008
경상남도 양산시 어곡동 1130번지,48330,11200,0,1130,0000,1264100003807,,,,1,용도지역코드,1220,일반공업지역,1,0,,일반공업지역,20221008
경상남도 양산시 어곡동 1136번지,48330,11200,0,1136,0000,1264100132044,,,,1,용도지역코드,UQA320,일반공업지역,1,0,,일반공업지역,20221008
경상남도 양산시 어곡동 1138번지,48330,11200,0,1138,0000,12645125,,,,1,용도지역코드,1220,일반공업지역,1,0,,일반공업지역,20221008
경상남도 양산시 어곡동 1138번지,48330,11200,0,1138,0000,12645125,,,,1,용도지역코드,0100,도시지역,0,0,,도시지역,20221008
경상남도 양산시 어곡동 1142-4번지,48330,11200,0,1142,0004,12648077,,,,1,용도지역코드,1230,준공업지역,1,0,,준공업지역,20221008
경상남도 양산시 어곡동 1142-4번지,48330,11200,0,1142,0004,12648077,,,,3,용도구역코드,010,도시계획구역,1,0,,도시계획구역,20221008
경상남도 양산시 어곡동 1146번지,48330,11200,0,1146,0000,1264100060913,,,,1,용도지역코드,UQA330,준공업지역,1,0,,준공업지역,20221008
경상남도 양산시 어곡동 1148번지,48330,11200,0,1148,0000,1264100106496,,,,1,용도지역코드,UQA330,준공업지역,1,0,,준공업지역,20221008
경상남도 양산시 어곡동 1162번지,48330,11200,0,1162,0000,1264100084990,,,,1,용도지역코드,UQA330,준공업지역,1,0,,준공업지역,20221008
경상남도 양산시 어곡동 1164-1번지,48330,11200,0,1164,0001,1264100033062,,,,1,용도지역코드,UQA330,준공업지역,1,0,,준공업지역,20221008
경상남도 양산시 어곡동 1172번지,48330,11200,0,1172,0000,1000000000000000616579,,,,3,용도구역코드,UMZ100,가축사육제한구역,1,0,,가축사육제한구역,20241230
경상남도 양산시 어곡동 1172번지,48330,11200,0,1172,0000,1000000000000000616579,,,,1,용도지역코드,UQA320,일반공업지역,1,0,,일반공업지역,20241230
경상남도 양산시 어곡동 1172번지,48330,11200,0,1172,0000,1264100148490,,,,1,용도지역코드,UQA320,일반공업지역,1,0,,일반공업지역,20221008
경상남도 양산시 어곡동 1172번지,48330,11200,0,1172,0000,1264100010851,,,,1,용도지역코드,1220,일반공업지역,1,0,,일반공업지역,20221008
경상남도 양산시 어곡동 1172번지,48330,11200,0,1172,0000,1264100106754,,,,1,용도지역코드,UQA320,일반공업지역,1,0,,일반공업지역,20221008
경상남도 양산시 어곡동 1172번지,48330,11200,0,1172,0000,1264100106754,,,,3,용도구역코드,UMZ100,가축사육제한구역,1,0,,가축사육제한구역,20221008
경상남도 양산시 어곡동 1172번지,48330,11200,0,1172,0000,1264100091261,,,,1,용도지역코드,UQA320,일반공업지역,1,0,,일반공업지역,20221008
경상남도 양산시 어곡동 1172번지,48330,11200,0,1172,0000,1264100024329,,,,1,용도지역코드,UQA320,일반공업지역,1,0,,일반공업지역,20221008
경상남도 양산시 어곡동 1172번지,48330,11200,0,1172,0000,1264100009030,,,,1,용도지역코드,1220,일반공업지역,1,0,,일반공업지역,20221008
경상남도 양산시 어곡동 1175번지,48330,11200,0,1175,0000,12649286,,,,1,용도지역코드,1220,일반공업지역,1,0,,일반공업지역,20221008
경상남도 양산시 어곡동 1175번지,48330,11200,0,1175,0000,1264100009929,,,,1,용도지역코드,1220,일반공업지역,1,0,,일반공업지역,20221008
경상남도 양산시 어곡동 1180번지,48330,11200,0,1180,0000,12646603,,,,1,용도지역코드,1220,일반공업지역,1,0,,일반공업지역,20221008
경상남도 양산시 어곡동 1180번지,48330,11200,0,1180,0000,1264290,,,,1,용도지역코드,0100,도시지역,1,0,,도시지역,20221008
경상남도 양산시 어곡동 1183번지,48330,11200,0,1183,0000,1000000000000000916780,,,,1,용도지역코드,UQA320,일반공업지역,1,0,,일반공업지역,20260401
경상남도 양산시 어곡동 1185번지,48330,11200,0,1185,0000,12647419,,,,1,용도지역코드,1220,일반공업지역,1,0,,일반공업지역,20221008
경상남도 양산시 어곡동 1185번지,48330,11200,0,1185,0000,1264100006488,,,,1,용도지역코드,1220,일반공업지역,1,0,,일반공업지역,20221008
경상남도 양산시 어곡동 1187번지,48330,11200,0,1187,0000,1264100064819,,,,1,용도지역코드,UQA320,일반공업지역,1,0,,일반공업지역,20221008
경상남도 양산시 어곡동 1187번지,48330,11200,0,1187,0000,12649312,,,,1,용도지역코드,1220,일반공업지역,1,0,,일반공업지역,20221008
경상남도 양산시 어곡동 1187번지,48330,11200,0,1187,0000,12649312,,,,3,용도구역코드,010,도시계획구역,1,0,,도시계획구역,20221008
경상남도 양산시 어곡동 1187번지,48330,11200,0,1187,0000,12649311,,,,1,용도지역코드,1220,일반공업지역,1,0,,일반공업지역,20221008
경상남도 양산시 어곡동 1187번지,48330,11200,0,1187,0000,12649311,,,,3,용도구역코드,010,도시계획구역,1,0,,도시계획구역,20221008
경상남도 양산시 어곡동 1189번지,48330,11200,0,1189,0000,1264100031198,,,,1,용도지역코드,UQA320,일반공업지역,1,0,,일반공업지역,20221008
경상남도 양산시 어곡동 1189번지,48330,11200,0,1189,0000,1264100031198,,,,3,용도구역코드,UOA120,상대보호구역,1,0,,상대정화구역,20221008
경상남도 양산시 어곡동 1189번지,48330,11200,0,1189,0000,12645977,,,,1,용도지역코드,1220,일반공업지역,1,0,,일반공업지역,20221008
경상남도 양산시 어곡동 1189번지,48330,11200,0,1189,0000,12644235,,,,1,용도지역코드,1220,일반공업지역,1,0,,일반공업지역,20221008
경상남도 양산시 어곡동 1190-1번지,48330,11200,0,1190,0001,12646522,,,,1,용도지역코드,1220,일반공업지역,1,0,,일반공업지역,20221008
경상남도 양산시 어곡동 1193번지,48330,11200,0,1193,0000,1264100007512,,,,1,용도지역코드,1220,일반공업지역,1,0,,일반공업지역,20221008
경상남도 양산시 어곡동 1194-4번지,48330,11200,0,1194,0004,12645147,,,,1,용도지역코드,1220,일반공업지역,1,0,,일반공업지역,20221008
경상남도 양산시 어곡동 1195-1번지,48330,11200,0,1195,0001,1264100105394,,,,1,용도지역코드,UQA320,일반공업지역,1,0,,일반공업지역,20221008
경상남도 양산시 어곡동 1195-1번지,48330,11200,0,1195,0001,12645932,,,,1,용도지역코드,1220,일반공업지역,1,0,,일반공업지역,20221008
경상남도 양산시 어곡동 1195-2번지,48330,11200,0,1195,0002,12648266,,,,1,용도지역코드,1220,일반공업지역,1,0,,일반공업지역,20221008
경상남도 양산시 어곡동 1195-2번지,48330,11200,0,1195,0002,12646654,,,,1,용도지역코드,1220,일반공업지역,1,0,,일반공업지역,20221008
경상남도 양산시 어곡동 1195-2번지,48330,11200,0,1195,0002,12646455,,,,1,용도지역코드,1220,일반공업지역,1,0,,일반공업지역,20221008
경상남도 양산시 어곡동 1195-2번지,48330,11200,0,1195,0002,1264100054608,,,,1,용도지역코드,UQA320,일반공업지역,1,0,,일반공업지역,20221008
경상남도 양산시 어곡동 1205-3번지,48330,11200,0,1205,0003,12646157,,,,1,용도지역코드,1230,준공업지역,1,0,,준공업지역,20221008
경상남도 양산시 어곡동 1206-1번지,48330,11200,0,1206,0001,1264100067819,,,,1,용도지역코드,UQA330,준공업지역,1,0,,준공업지역,20221008
경상남도 양산시 어곡동 1235-1번지,48330,11200,0,1235,0001,12646779,,,,1,용도지역코드,1230,준공업지역,1,0,,준공업지역,20221008
경상남도 양산시 어곡동 1235-1번지,48330,11200,0,1235,0001,12646398,,,,1,용도지역코드,1230,준공업지역,1,0,,준공업지역,20221008
경상남도 양산시 어곡동 1235-1번지,48330,11200,0,1235,0001,12646576,,,,1,용도지역코드,1230,준공업지역,1,0,,준공업지역,20221008
경상남도 양산시 어곡동 1235-1번지,48330,11200,0,1235,0001,1264100009073,,,,1,용도지역코드,1230,준공업지역,1,0,,준공업지역,20221008
경상남도 양산시 어곡동 1235-1번지,48330,11200,0,1235,0001,12649604,,,,1,용도지역코드,1230,준공업지역,1,0,,준공업지역,20221008
경상남도 양산시 어곡동 1238-2번지,48330,11200,0,1238,0002,12643027,,,,1,용도지역코드,1220,일반공업지역,1,0,,일반공업지역,20221008
경상남도 양산시 어곡동 1239-3번지,48330,11200,0,1239,0003,1264100128841,,,,1,용도지역코드,UQA320,일반공업지역,1,0,,일반공업지역,20221008
경상남도 양산시 어곡동 1239-3번지,48330,11200,0,1239,0003,1264100128841,,,,3,용도구역코드,UMZ100,가축사육제한구역,1,0,,가축사육제한구역,20221008
경상남도 양산시 어곡동 1240번지,48330,11200,0,1240,0000,1264100097586,,,,1,용도지역코드,UQA330,준공업지역,1,0,,준공업지역,20221008
경상남도 양산시 어곡동 1240-1번지,48330,11200,0,1240,0001,1264100137086,,,,1,용도지역코드,UQA330,준공업지역,1,0,,준공업지역,20221008
경상남도 양산시 어곡동 1242-4번지,48330,11200,0,1242,0004,12644916,,,,1,용도지역코드,1220,일반공업지역,1,0,,일반공업지역,20221008
경상남도 양산시 어곡동 1242-5번지,48330,11200,0,1242,0005,12643044,,,,1,용도지역코드,1220,일반공업지역,1,0,,일반공업지역,20221008
경상남도 양산시 어곡동 1242-6번지,48330,11200,0,1242,0006,12645931,,,,1,용도지역코드,1220,일반공업지역,1,0,,일반공업지역,20221008
경상남도 양산시 어곡동 1242-6번지,48330,11200,0,1242,0006,12646733,,,,1,용도지역코드,1220,일반공업지역,1,0,,일반공업지역,20221008
경상남도 양산시 어곡동 1242-15번지,48330,11200,0,1242,0015,12643139,,,,1,용도지역코드,1220,일반공업지역,1,0,,일반공업지역,20221008
경상남도 양산시 어곡동 1247-1번지,48330,11200,0,1247,0001,1264100019837,,,,1,용도지역코드,1220,일반공업지역,1,0,,일반공업지역,20221008
경상남도 양산시 어곡동 1247-1번지,48330,11200,0,1247,0001,12645302,,,,1,용도지역코드,1220,일반공업지역,1,0,,일반공업지역,20221008
경상남도 양산시 어곡동 1247-7번지,48330,11200,0,1247,0007,12647638,,,,1,용도지역코드,1220,일반공업지역,1,0,,일반공업지역,20221008
경상남도 양산시 어곡동 1247-7번지,48330,11200,0,1247,0007,12646517,,,,1,용도지역코드,1220,일반공업지역,1,0,,일반공업지역,20221008
경상남도 양산시 어곡동 1247-9번지,48330,11200,0,1247,0009,12646105,,,,1,용도지역코드,1220,일반공업지역,1,0,,일반공업지역,20221008
경상남도 양산시 어곡동 1249-3번지,48330,11200,0,1249,0003,1000000000000000577580,,,,3,용도구역코드,UMZ100,가축사육제한구역,1,0,,가축사육제한구역,20240912
경상남도 양산시 어곡동 1249-3번지,48330,11200,0,1249,0003,1000000000000000577580,,,,1,용도지역코드,UQA320,일반공업지역,1,0,,일반공업지역,20240912
경상남도 양산시 어곡동 1249-3번지,48330,11200,0,1249,0003,1000000000000000577580,,,,3,용도구역코드,UOA120,상대보호구역,0,0,,상대보호구역,20240912
경상남도 양산시 어곡동 1249-3번지,48330,11200,0,1249,0003,12646700,,,,1,용도지역코드,1220,일반공업지역,1,0,,일반공업지역,20221008
경상남도 양산시 어곡동 1249-3번지,48330,11200,0,1249,0003,1264100152213,,,,1,용도지역코드,UQA320,일반공업지역,1,0,,일반공업지역,20221008
경상남도 양산시 어곡동 1249-3번지,48330,11200,0,1249,0003,1264100152213,,,,3,용도구역코드,UMZ100,가축사육제한구역,1,0,,가축사육제한구역,20221008
경상남도 양산시 어곡동 1249-3번지,48330,11200,0,1249,0003,1264100152213,,,,3,용도구역코드,UOA120,상대보호구역,0,0,,상대보호구역,20221008
경상남도 양산시 어곡동 1249-3번지,48330,11200,0,1249,0003,1264100153210,,,,1,용도지역코드,UQA320,일반공업지역,1,0,,일반공업지역,20221008
경상남도 양산시 어곡동 1249-3번지,48330,11200,0,1249,0003,1264100153210,,,,3,용도구역코드,UMZ100,가축사육제한구역,1,0,,가축사육제한구역,20221008
경상남도 양산시 어곡동 1249-3번지,48330,11200,0,1249,0003,1264100153210,,,,3,용도구역코드,UOA120,상대보호구역,0,0,,상대보호구역,20221008
경상남도 양산시 어곡동 1249-3번지,48330,11200,0,1249,0003,1264100007927,,,,1,용도지역코드,1220,일반공업지역,1,0,,일반공업지역,20221008
경상남도 양산시 어곡동 1249-9번지,48330,11200,0,1249,0009,1264100012071,,,,1,용도지역코드,1220,일반공업지역,1,0,,일반공업지역,20221008
경상남도 양산시 어곡동 1251번지,48330,11200,0,1251,0000,1264100085683,,,,1,용도지역코드,UQA430,자연녹지지역,1,0,,자연녹지지역,20221008
경상남도 양산시 어곡동 1251번지,48330,11200,0,1251,0000,1264100085683,,,,3,용도구역코드,UOA120,상대보호구역,1,0,,상대정화구역,20221008
경상남도 양산시 어곡동 1259-1번지,48330,11200,0,1259,0001,12643039,,,,1,용도지역코드,1330,자연녹지지역,1,0,,자연녹지지역,20221008
경상남도 양산시 어곡동 1259-1번지,48330,11200,0,1259,0001,12643037,,,,1,용도지역코드,1330,자연녹지지역,1,0,,자연녹지지역,20221008
경상남도 양산시 어곡동 1265번지,48330,11200,0,1265,0000,12649387,,,,1,용도지역코드,1220,일반공업지역,1,0,,일반공업지역,20221008
경상남도 양산시 어곡동 1277번지,48330,11200,0,1277,0000,1264100141823,,,,1,용도지역코드,UQA430,자연녹지지역,1,0,,자연녹지지역,20221008
경상남도 양산시 어곡동 1277번지,48330,11200,0,1277,0000,1264100141823,,,,3,용도구역코드,UOA120,상대보호구역,1,0,,상대보호구역,20221008
경상남도 양산시 어곡동 1277번지,48330,11200,0,1277,0000,1264100141823,,,,3,용도구역코드,UMZ100,가축사육제한구역,0,0,,가축사육제한구역,20221008
경상남도 양산시 어곡동 1279번지,48330,11200,0,1279,0000,1264100146743,,,,1,용도지역코드,UQA430,자연녹지지역,1,0,,자연녹지지역,20221008
경상남도 양산시 어곡동 1320번지,48330,11200,0,1320,0000,1264100084989,,,,1,용도지역코드,UQA330,준공업지역,1,0,,준공업지역,20221008
경상남도 양산시 어곡동 1427-1번지,48330,11200,0,1427,0001,1264321,,,,1,용도지역코드,0100,도시지역,1,0,,도시지역,20221008
경상남도 양산시 어곡동 1427-1번지,48330,11200,0,1427,0001,1264678,,,,1,용도지역코드,0100,도시지역,1,0,,도시지역,20221008
경상남도 양산시 어곡동 1439번지,48330,11200,0,1439,0000,12649389,,,,1,용도지역코드,1330,자연녹지지역,1,0,,자연녹지지역,20221008
경상남도 양산시 어곡동 1439-1번지,48330,11200,0,1439,0001,12649417,,,,1,용도지역코드,1330,자연녹지지역,1,0,,자연녹지지역,20221008
경상남도 양산시 어곡동 1439-1번지,48330,11200,0,1439,0001,1000000000000000992604,,,,1,용도지역코드,UQA430,자연녹지지역,1,0,,자연녹지지역,20260710
경상남도 양산시 어곡동 1439-1번지,48330,11200,0,1439,0001,1000000000000000992604,,,,3,용도구역코드,UMZ100,가축사육제한구역,1,0,,가축사육제한구역,20260710
경상남도 양산시 어곡동 1439-1번지,48330,11200,0,1439,0001,1000000000000000992604,,,,3,용도구역코드,UOA120,상대보호구역,0,0,,상대보호구역,20260710
경상남도 양산시 어곡동 1439-1번지,48330,11200,0,1439,0001,1000000000000000195016,,,,3,용도구역코드,UMZ100,가축사육제한구역,1,0,,가축사육제한구역,20221214
경상남도 양산시 어곡동 1439-1번지,48330,11200,0,1439,0001,1000000000000000195016,,,,1,용도지역코드,UQA430,자연녹지지역,1,0,,자연녹지지역,20221214
경상남도 양산시 어곡동 1439-1번지,48330,11200,0,1439,0001,1264100143043,,,,1,용도지역코드,UQA430,자연녹지지역,1,0,,자연녹지지역,20221008
경상남도 양산시 어곡동 1439-1번지,48330,11200,0,1439,0001,1264100143043,,,,3,용도구역코드,UMZ100,가축사육제한구역,1,0,,가축사육제한구역,20221008
경상남도 양산시 어곡동 1439-1번지,48330,11200,0,1439,0001,1264100143043,,,,3,용도구역코드,UOA100,학교환경위생정화구역,0,0,,학교환경위생정화구역,20221008
경상남도 양산시 어곡동 1439-1번지,48330,11200,0,1439,0001,1264100050586,,,,1,용도지역코드,UQA430,자연녹지지역,1,0,,자연녹지지역,20221008
경상남도 양산시 어곡동 1441번지,48330,11200,0,1441,0000,12644194,,,,1,용도지역코드,1220,일반공업지역,1,0,,일반공업지역,20221008
경상남도 양산시 어곡동 1441번지,48330,11200,0,1441,0000,1264100064800,,,,1,용도지역코드,UQA320,일반공업지역,1,0,,일반공업지역,20221008
경상남도 양산시 어곡동 1441번지,48330,11200,0,1441,0000,1264100064800,,,,3,용도구역코드,UOA120,상대보호구역,1,0,,상대정화구역,20221008
경상남도 양산시 어곡동 1443번지,48330,11200,0,1443,0000,12643029,,,,1,용도지역코드,1220,일반공업지역,1,0,,일반공업지역,20221008
경상남도 양산시 어곡동 1443번지,48330,11200,0,1443,0000,12647662,,,,1,용도지역코드,1220,일반공업지역,1,0,,일반공업지역,20221008
경상남도 양산시 어곡동 1444-8번지,48330,11200,0,1444,0008,12644197,,,,1,용도지역코드,1220,일반공업지역,1,0,,일반공업지역,20221008
경상남도 양산시 어곡동 1446-1번지,48330,11200,0,1446,0001,12641167,,,,1,용도지역코드,1330,자연녹지지역,1,0,,자연녹지지역,20221008
경상남도 양산시 어곡동 1446-1번지,48330,11200,0,1446,0001,1264100009909,,,,1,용도지역코드,1330,자연녹지지역,1,0,,자연녹지지역,20221008
경상남도 양산시 어곡동 1448-1번지,48330,11200,0,1448,0001,1264223,,,,1,용도지역코드,0800,경지지역,1,0,,경지지역,20221008
경상남도 양산시 어곡동 1448-1번지,48330,11200,0,1448,0001,1264100004368,,,,1,용도지역코드,1330,자연녹지지역,1,0,,자연녹지지역,20221008
경상남도 양산시 어곡동 1458번지,48330,11200,0,1458,0000,1000000000000000966600,,,,1,용도지역코드,UQA430,자연녹지지역,1,0,,자연녹지지역,20260610
경상남도 양산시 어곡동 1458번지,48330,11200,0,1458,0000,1000000000000000966600,,,,3,용도구역코드,UOA120,상대보호구역,0,0,,상대보호구역,20260610
경상남도 양산시 어곡동 1458번지,48330,11200,0,1458,0000,1000000000000000966600,,,,3,용도구역코드,UMZ100,가축사육제한구역,1,0,,가축사육제한구역,20260610
경상남도 양산시 어곡동 1461번지,48330,11200,0,1461,0000,1264100053127,,,,1,용도지역코드,UQA430,자연녹지지역,1,0,,자연녹지지역,20221008
경상남도 양산시 어곡동 1461번지,48330,11200,0,1461,0000,1264100041345,,,,1,용도지역코드,UQA430,자연녹지지역,1,0,,자연녹지지역,20221008
경상남도 양산시 어곡동 1462-1번지,48330,11200,0,1462,0001,12649321,,,,1,용도지역코드,1330,자연녹지지역,1,0,,자연녹지지역,20221008
경상남도 양산시 어곡동 1465번지,48330,11200,0,1465,0000,1000000000000000475640,,,,3,용도구역코드,UOA120,상대보호구역,1,0,,상대보호구역,20240524
경상남도 양산시 어곡동 1465번지,48330,11200,0,1465,0000,1000000000000000475640,,,,1,용도지역코드,UQA320,일반공업지역,1,0,,일반공업지역,20240524
경상남도 양산시 어곡동 1465번지,48330,11200,0,1465,0000,12643031,,,,1,용도지역코드,1220,일반공업지역,1,0,,일반공업지역,20221008
경상남도 양산시 어곡동 1466-1번지,48330,11200,0,1466,0001,12646815,,,,1,용도지역코드,1220,일반공업지역,1,0,,일반공업지역,20221008
경상남도 양산시 어곡동 1466-1번지,48330,11200,0,1466,0001,12644201,경상남도 양산시 어곡동,1466,1,1,용도지역코드,1220,일반공업지역,1,0,,일반공업지역,20221008
경상남도 양산시 어곡동 1470-4번지,48330,11200,0,1470,0004,12646126,,,,1,용도지역코드,1220,일반공업지역,1,0,,일반공업지역,20221008
경상남도 양산시 어곡동 1472-7번지,48330,11200,0,1472,0007,1264100060492,,,,1,용도지역코드,UQA320,일반공업지역,1,0,,일반공업지역,20221008
경상남도 양산시 어곡동 1472-7번지,48330,11200,0,1472,0007,1264100060492,,,,3,용도구역코드,UJB100,하천구역,1,0,,하천구역,20221008
경상남도 양산시 어곡동 1472-7번지,48330,11200,0,1472,0007,1264100060492,,,,3,용도구역코드,UOA120,상대보호구역,0,0,,상대정화구역,20221008
경상남도 양산시 어곡동 1472-7번지,48330,11200,0,1472,0007,12645043,,,,1,용도지역코드,1220,일반공업지역,1,0,,일반공업지역,20221008
경상남도 양산시 어곡동 1472-8번지,48330,11200,0,1472,0008,12646593,,,,1,용도지역코드,1220,일반공업지역,1,0,,일반공업지역,20221008
경상남도 양산시 어곡동 1490번지,48330,11200,0,1490,0000,1264100034653,,,,1,용도지역코드,UQA330,준공업지역,1,0,,준공업지역,20221008
경상남도 양산시 어곡동 1490번지,48330,11200,0,1490,0000,1264100034653,,,,1,용도지역코드,UQA430,자연녹지지역,0,0,,자연녹지지역,20221008
경상남도 양산시 어곡동 1492-6번지,48330,11200,0,1492,0006,12646119,,,,1,용도지역코드,1230,준공업지역,1,0,,준공업지역,20221008
경상남도 양산시 어곡동 1500번지,48330,11200,0,1500,0000,1264100012630,,,,1,용도지역코드,1230,준공업지역,1,0,,준공업지역,20221008
경상남도 양산시 어곡동 1506번지,48330,11200,0,1506,0000,12648264,,,,1,용도지역코드,1230,준공업지역,1,0,,준공업지역,20221008
경상남도 양산시 어곡동 1506번지,48330,11200,0,1506,0000,12648264,,,,1,용도지역코드,1220,일반공업지역,0,0,,일반공업지역,20221008
경상남도 양산시 어곡동 1506번지,48330,11200,0,1506,0000,12648264,,,,3,용도구역코드,010,도시계획구역,1,0,,도시계획구역,20221008
경상남도 양산시 어곡동 1512-1번지,48330,11200,0,1512,0001,12645132,,,,1,용도지역코드,1330,자연녹지지역,1,0,,자연녹지지역,20221008
경상남도 양산시 어곡동 1512-1번지,48330,11200,0,1512,0001,1264100065049,,,,1,용도지역코드,UQA430,자연녹지지역,1,0,,자연녹지지역,20221008
경상남도 양산시 어곡동 1513-1번지,48330,11200,0,1513,0001,1264100106714,,,,1,용도지역코드,UQA430,자연녹지지역,1,0,,자연녹지지역,20221008
경상남도 양산시 어곡동 1513-1번지,48330,11200,0,1513,0001,1264100106714,,,,3,용도구역코드,UOA120,상대보호구역,1,0,,상대보호구역,20221008
경상남도 양산시 어곡동 1513-1번지,48330,11200,0,1513,0001,12644911,,,,1,용도지역코드,0100,도시지역,1,0,,도시지역,20221008
경상남도 양산시 어곡동 1513-1번지,48330,11200,0,1513,0001,12644911,,,,1,용도지역코드,1330,자연녹지지역,0,0,,자연녹지지역,20221008
경상남도 양산시 어곡동 1514번지,48330,11200,0,1514,0000,1264100097786,,,,1,용도지역코드,UQA430,자연녹지지역,1,0,,자연녹지지역,20221008
경상남도 양산시 어곡동 1514번지,48330,11200,0,1514,0000,1264100097786,,,,3,용도구역코드,UOA120,상대보호구역,1,0,,상대정화구역,20221008
경상남도 양산시 어곡동 1515번지,48330,11200,0,1515,0000,12649320,,,,1,용도지역코드,1330,자연녹지지역,1,0,,자연녹지지역,20221008
경상남도 양산시 어곡동 1515-3번지,48330,11200,0,1515,0003,12649319,,,,1,용도지역코드,1330,자연녹지지역,1,0,,자연녹지지역,20221008
경상남도 양산시 어곡동 1527번지,48330,11200,0,1527,0000,12646956,,,,1,용도지역코드,1330,자연녹지지역,1,0,,자연녹지지역,20221008
경상남도 양산시 어곡동 1529번지,48330,11200,0,1529,0000,1264100154810,,,,1,용도지역코드,UQA430,자연녹지지역,1,0,,자연녹지지역,20221008
경상남도 양산시 어곡동 1529번지,48330,11200,0,1529,0000,1264100102274,,,,1,용도지역코드,UQA430,자연녹지지역,1,0,,자연녹지지역,20221008
경상남도 양산시 어곡동 1531-2번지,48330,11200,0,1531,0002,1264100051568,,,,1,용도지역코드,UQA430,자연녹지지역,1,0,,자연녹지지역,20221008
경상남도 양산시 어곡동 1533-3번지,48330,11200,0,1533,0003,12645121,,,,1,용도지역코드,1230,준공업지역,1,0,,준공업지역,20221008
경상남도 양산시 어곡동 1534-1번지,48330,11200,0,1534,0001,12646534,,,,1,용도지역코드,1330,자연녹지지역,1,0,,자연녹지지역,20221008
경상남도 양산시 어곡동 1534-1번지,48330,11200,0,1534,0001,1264100005046,,,,1,용도지역코드,1330,자연녹지지역,1,0,,자연녹지지역,20221008
경상남도 양산시 어곡동 1536-1번지,48330,11200,0,1536,0001,12644036,,,,1,용도지역코드,1330,자연녹지지역,1,0,,자연녹지지역,20221008
경상남도 양산시 어곡동 1536-1번지,48330,11200,0,1536,0001,1000000000000000471114,,,,1,용도지역코드,UQA430,자연녹지지역,1,0,,자연녹지지역,20240618
경상남도 양산시 어곡동 1536-1번지,48330,11200,0,1536,0001,12646176,,,,1,용도지역코드,1330,자연녹지지역,1,0,,자연녹지지역,20221008
경상남도 양산시 어곡동 1536-3번지,48330,11200,0,1536,0003,1264100142804,,,,1,용도지역코드,UQA330,준공업지역,1,0,,준공업지역,20260109
경상남도 양산시 어곡동 1536-3번지,48330,11200,0,1536,0003,12645119,,,,1,용도지역코드,1230,준공업지역,1,0,,준공업지역,20221008
경상남도 양산시 어곡동 1536-3번지,48330,11200,0,1536,0003,12644778,,,,1,용도지역코드,1230,준공업지역,1,0,,준공업지역,20221008
경상남도 양산시 어곡동 1536-5번지,48330,11200,0,1536,0005,12644081,,,,1,용도지역코드,1230,준공업지역,1,0,,준공업지역,20221008
경상남도 양산시 어곡동 1536-5번지,48330,11200,0,1536,0005,1264100065960,,,,1,용도지역코드,UQA330,준공업지역,1,0,,준공업지역,20221008
경상남도 양산시 어곡동 1536-10번지,48330,11200,0,1536,0010,12645116,,,,1,용도지역코드,1230,준공업지역,1,0,,준공업지역,20221008
경상남도 양산시 어곡동 1536-10번지,48330,11200,0,1536,0010,12645061,,,,1,용도지역코드,1230,준공업지역,1,0,,준공업지역,20221008
경상남도 양산시 어곡동 1536-10번지,48330,11200,0,1536,0010,12649600,,,,1,용도지역코드,1230,준공업지역,1,0,,준공업지역,20221008
경상남도 양산시 어곡동 1537-4번지,48330,11200,0,1537,0004,12648881,,,,1,용도지역코드,1230,준공업지역,1,0,,준공업지역,20221008
경상남도 양산시 어곡동 1537-6번지,48330,11200,0,1537,0006,12644867,,,,1,용도지역코드,1330,자연녹지지역,1,0,,자연녹지지역,20221008
경상남도 양산시 어곡동 1538-2번지,48330,11200,0,1538,0002,1264100006587,,,,1,용도지역코드,1230,준공업지역,1,0,,준공업지역,20221008
경상남도 양산시 어곡동 1539번지,48330,11200,0,1539,0000,1000000000000000782989,,,,1,용도지역코드,UQA430,자연녹지지역,1,0,,자연녹지지역,20250813
경상남도 양산시 어곡동 1539번지,48330,11200,0,1539,0000,12643425,,,,1,용도지역코드,1330,자연녹지지역,1,0,,자연녹지지역,20221008
경상남도 양산시 어곡동 1539번지,48330,11200,0,1539,0000,12643454,,,,1,용도지역코드,1330,자연녹지지역,1,0,,자연녹지지역,20221008
경상남도 양산시 어곡동 1542-1번지,48330,11200,0,1542,0001,12641737,,,,1,용도지역코드,1330,자연녹지지역,1,0,,자연녹지지역,20221008
경상남도 양산시 어곡동 1542-5번지,48330,11200,0,1542,0005,1000000000000000744740,,,,1,용도지역코드,UQA430,자연녹지지역,1,0,,자연녹지지역,20250613
경상남도 양산시 어곡동 1542-5번지,48330,11200,0,1542,0005,1000000000000000750761,,,,3,용도구역코드,UMZ100,가축사육제한구역,1,0,,가축사육제한구역,20250929
경상남도 양산시 어곡동 1542-5번지,48330,11200,0,1542,0005,1000000000000000750761,,,,1,용도지역코드,UQA430,자연녹지지역,1,0,,자연녹지지역,20250929
경상남도 양산시 어곡동 1542-5번지,48330,11200,0,1542,0005,1264100108796,,,,1,용도지역코드,UQA430,자연녹지지역,1,0,,자연녹지지역,20221008
경상남도 양산시 어곡동 1542-5번지,48330,11200,0,1542,0005,1264100094846,,,,1,용도지역코드,UQA430,자연녹지지역,1,0,,자연녹지지역,20221008
경상남도 양산시 어곡동 1542-5번지,48330,11200,0,1542,0005,1264100019391,,,,1,용도지역코드,1330,자연녹지지역,1,0,,자연녹지지역,20221008
경상남도 양산시 어곡동 1542-5번지,48330,11200,0,1542,0005,1000000000000000835468,,,,1,용도지역코드,UQA430,자연녹지지역,1,0,,자연녹지지역,20251106
경상남도 양산시 어곡동 1542-6번지,48330,11200,0,1542,0006,1264100012073,,,,1,용도지역코드,1330,자연녹지지역,1,0,,자연녹지지역,20221008
경상남도 양산시 어곡동 1550번지,48330,11200,0,1550,0000,1264100118238,,,,1,용도지역코드,UQA430,자연녹지지역,1,0,,자연녹지지역,20230119
경상남도 양산시 어곡동 1587-1번지,48330,11200,0,1587,0001,1264100011532,,,,1,용도지역코드,1330,자연녹지지역,1,0,,자연녹지지역,20221008
경상남도 양산시 어곡동 1588-1번지,48330,11200,0,1588,0001,1264100149976,,,,1,용도지역코드,UQA430,자연녹지지역,1,0,,자연녹지지역,20221025
경상남도 양산시 어곡동 1596-1번지,48330,11200,0,1596,0001,12649844,,,,1,용도지역코드,1310,보전녹지지역,1,0,,보전녹지지역,20221008
경상남도 양산시 어곡동 1596-1번지,48330,11200,0,1596,0001,12641888,,,,1,용도지역코드,Z200,준농림지역,1,0,,준농림지역,20221008
경상남도 양산시 어곡동 1596-4번지,48330,11200,0,1596,0004,12648225,,,,1,용도지역코드,1310,보전녹지지역,1,0,,보전녹지지역,20221008
경상남도 양산시 어곡동 1596-6번지,48330,11200,0,1596,0006,12643317,,,,1,용도지역코드,0100,도시지역,1,0,,도시지역,20221008
경상남도 양산시 어곡동 1596-6번지,48330,11200,0,1596,0006,12643317,,,,2,용도지구코드,980,용도지구미지정,1,0,,용도지구미지정,20221008
경상남도 양산시 어곡동 1596-6번지,48330,11200,0,1596,0006,12649472,,,,1,용도지역코드,1310,보전녹지지역,1,0,,보전녹지지역,20221008
경상남도 양산시 어곡동 1596-8번지,48330,11200,0,1596,0008,12648200,,,,1,용도지역코드,1310,보전녹지지역,1,0,,보전녹지지역,20221008
경상남도 양산시 어곡동 1596-8번지,48330,11200,0,1596,0008,12648200,,,,3,용도구역코드,010,도시계획구역,1,0,,도시계획구역,20221008
경상남도 양산시 어곡동 1596-17번지,48330,11200,0,1596,0017,1264100150611,,,,1,용도지역코드,UQA410,보전녹지지역,1,0,,보전녹지지역,20221008
경상남도 양산시 어곡동 1605번지,48330,11200,0,1605,0000,12641074,1605-1,,,1,용도지역코드,Z200,준농림지역,1,0,,준농림지역,20221008
경상남도 양산시 어곡동 1608-2번지,48330,11200,0,1608,0002,1264100031841,,,,1,용도지역코드,UQA430,자연녹지지역,1,0,,자연녹지지역,20221008
경상남도 양산시 어곡동 1625-1번지,48330,11200,0,1625,0001,1000000000000000284444,,,,1,용도지역코드,UQA430,자연녹지지역,1,0,,자연녹지지역,20230501
경상남도 양산시 어곡동 1625-1번지,48330,11200,0,1625,0001,1000000000000000284444,,,,1,용도지역코드,UQA330,준공업지역,0,0,,준공업지역,20230501
경상남도 양산시 어곡동 1625-1번지,48330,11200,0,1625,0001,1264100158130,,,,1,용도지역코드,UQA330,준공업지역,0,0,,준공업지역,20221008
경상남도 양산시 어곡동 1625-1번지,48330,11200,0,1625,0001,1264100158130,,,,1,용도지역코드,UQA430,자연녹지지역,1,0,,자연녹지지역,20221008
경상남도 양산시 어곡동 1625-1번지,48330,11200,0,1625,0001,1264100007707,,,,1,용도지역코드,1330,자연녹지지역,1,0,,자연녹지지역,20221008
경상남도 양산시 어곡동 1625-1번지,48330,11200,0,1625,0001,1264100007707,,,,1,용도지역코드,1230,준공업지역,0,0,,준공업지역,20221008
경상남도 양산시 어곡동 1649-1번지,48330,11200,0,1649,0001,1264100127625,,,,1,용도지역코드,UQA430,자연녹지지역,1,0,,자연녹지지역,20221008
경상남도 양산시 어곡동 1651-3번지,48330,11200,0,1651,0003,1264100006385,,,,1,용도지역코드,1230,준공업지역,1,0,,준공업지역,20221008
경상남도 양산시 어곡동 1652번지,48330,11200,0,1652,0000,12648873,,,,1,용도지역코드,1230,준공업지역,1,0,,준공업지역,20221008
경상남도 양산시 어곡동 1652번지,48330,11200,0,1652,0000,12649505,,,,1,용도지역코드,1230,준공업지역,1,0,,준공업지역,20221008
경상남도 양산시 어곡동 1657-5번지,48330,11200,0,1657,0005,1264100106695,,,,1,용도지역코드,UQA330,준공업지역,1,0,,준공업지역,20221008
경상남도 양산시 어곡동 1657-14번지,48330,11200,0,1657,0014,1264100005750,,,,1,용도지역코드,1230,준공업지역,1,0,,준공업지역,20221008
경상남도 양산시 어곡동 1657-19번지,48330,11200,0,1657,0019,12643022,,,,1,용도지역코드,1230,준공업지역,1,0,,준공업지역,20221008
경상남도 양산시 어곡동 1659번지,48330,11200,0,1659,0000,12647394,,,,1,용도지역코드,1230,준공업지역,1,0,,준공업지역,20221008
경상남도 양산시 어곡동 1662-3번지,48330,11200,0,1662,0003,12644219,,,,1,용도지역코드,1230,준공업지역,1,0,,준공업지역,20221008
경상남도 양산시 어곡동 1662-3번지,48330,11200,0,1662,0003,1264100149550,,,,1,용도지역코드,UQA330,준공업지역,1,0,,준공업지역,20221008
경상남도 양산시 어곡동 1662-8번지,48330,11200,0,1662,0008,1264100060415,,,,1,용도지역코드,UQA430,자연녹지지역,1,0,,자연녹지지역,20221008
경상남도 양산시 어곡동 1662-8번지,48330,11200,0,1662,0008,12649388,,,,1,용도지역코드,1330,자연녹지지역,1,0,,자연녹지지역,20221008
경상남도 양산시 어곡동 1667-2번지,48330,11200,0,1667,0002,1264100156111,,,,1,용도지역코드,UQA330,준공업지역,1,0,,준공업지역,20221008
경상남도 양산시 어곡동 1667-2번지,48330,11200,0,1667,0002,1264100156111,,,,3,용도구역코드,UMZ100,가축사육제한구역,1,0,,가축사육제한구역,20221008
경상남도 양산시 어곡동 1672번지,48330,11200,0,1672,0000,12648357,,,,1,용도지역코드,1230,준공업지역,1,0,,준공업지역,20221008
경상남도 양산시 어곡동 1677번지,48330,11200,0,1677,0000,1264100098574,,,,1,용도지역코드,UQA330,준공업지역,1,0,,준공업지역,20221008
경상남도 양산시 어곡동 1693번지,48330,11200,0,1693,0000,1264100044669,,,,1,용도지역코드,UQA330,준공업지역,1,0,,준공업지역,20221008
경상남도 양산시 어곡동 1693번지,48330,11200,0,1693,0000,12647437,,,,1,용도지역코드,1230,준공업지역,1,0,,준공업지역,20221008
경상남도 양산시 어곡동 1693번지,48330,11200,0,1693,0000,12647437,,,,1,용도지역코드,1330,자연녹지지역,0,0,,자연녹지지역,20221008
경상남도 양산시 어곡동 1693번지,48330,11200,0,1693,0000,12647475,,,,1,용도지역코드,1230,준공업지역,1,0,,준공업지역,20221008
경상남도 양산시 어곡동 1693번지,48330,11200,0,1693,0000,12647475,,,,1,용도지역코드,1330,자연녹지지역,0,0,,자연녹지지역,20221008
경상남도 양산시 어곡동 1693번지,48330,11200,0,1693,0000,12645321,,,,1,용도지역코드,1230,준공업지역,1,0,,준공업지역,20221008
경상남도 양산시 어곡동 1693번지,48330,11200,0,1693,0000,1264100030018,,,,1,용도지역코드,UQA330,준공업지역,1,0,,준공업지역,20221008
경상남도 양산시 어곡동 1734번지,48330,11200,0,1734,0000,1000000000000000846542,,,,1,용도지역코드,UQA330,준공업지역,1,0,,준공업지역,20251121
경상남도 양산시 어곡동 1734번지,48330,11200,0,1734,0000,1000000000000000784365,,,,1,용도지역코드,UQA430,자연녹지지역,0,0,,자연녹지지역,20251219
경상남도 양산시 어곡동 1734번지,48330,11200,0,1734,0000,1000000000000000784365,,,,1,용도지역코드,UQA330,준공업지역,1,0,,준공업지역,20251219
경상남도 양산시 어곡동 1749번지,48330,11200,0,1749,0000,1000000000000000729187,,,,1,용도지역코드,UQA330,준공업지역,1,0,,준공업지역,20250520
경상남도 양산시 어곡동 1755-6번지,48330,11200,0,1755,0006,1264100125701,,,,1,용도지역코드,UQA330,준공업지역,1,0,,준공업지역,20221008
경상남도 양산시 어곡동 1755-6번지,48330,11200,0,1755,0006,1264100125701,,,,3,용도구역코드,UMZ100,가축사육제한구역,1,0,,가축사육제한구역,20221008
경상남도 양산시 어곡동 1756번지,48330,11200,0,1756,0000,1264100011030,,,,1,용도지역코드,1230,준공업지역,1,0,,준공업지역,20221008
경상남도 양산시 어곡동 1760번지,48330,11200,0,1760,0000,1264100111156,,,,1,용도지역코드,UQA330,준공업지역,1,0,,준공업지역,20221008
경상남도 양산시 어곡동 1761-1번지,48330,11200,0,1761,0001,1264100044429,,,,1,용도지역코드,UQA330,준공업지역,1,0,,준공업지역,20221008
경상남도 양산시 어곡동 1764번지,48330,11200,0,1764,0000,1264989,경상남도 양산시 어곡동,1764,,1,용도지역코드,1330,자연녹지지역,1,0,,자연녹지지역,20221008
경상남도 양산시 어곡동 1787번지,48330,11200,0,1787,0000,1264100150253,,,,1,용도지역코드,UQA430,자연녹지지역,1,0,,자연녹지지역,20221008
경상남도 양산시 어곡동 1795번지,48330,11200,0,1795,0000,1264166,,,,1,용도지역코드,0100,도시지역,1,0,,도시지역,20221008
경상남도 양산시 어곡동 1802번지,48330,11200,0,1802,0000,1000000000000000342376,,,,1,용도지역코드,UQA430,자연녹지지역,1,0,,자연녹지지역,20230724
경상남도 양산시 어곡동 1850번지,48330,11200,0,1850,0000,1264100152810,,,,1,용도지역코드,UQA430,자연녹지지역,1,0,,자연녹지지역,20230203
경상남도 양산시 어곡동 1850번지,48330,11200,0,1850,0000,1000000000000000331602,,,,1,용도지역코드,UQA430,자연녹지지역,1,0,,자연녹지지역,20230713
경상남도 양산시 어곡동 1850번지,48330,11200,0,1850,0000,1264100124679,,,,1,용도지역코드,UQA430,자연녹지지역,1,0,,자연녹지지역,20221008
경상남도 양산시 어곡동 1850번지,48330,11200,0,1850,0000,1264100151370,,,,1,용도지역코드,UQA430,자연녹지지역,1,0,,자연녹지지역,20221008
경상남도 양산시 어곡동 1861번지,48330,11200,0,1861,0000,1264100005925,,,,1,용도지역코드,1220,일반공업지역,1,0,,일반공업지역,20221008
경상남도 양산시 어곡동 1861번지,48330,11200,0,1861,0000,1264100067021,,,,1,용도지역코드,UQA320,일반공업지역,1,0,,일반공업지역,20221008
경상남도 양산시 어곡동 1861번지,48330,11200,0,1861,0000,1264100006661,,,,1,용도지역코드,1220,일반공업지역,1,0,,일반공업지역,20221008
경상남도 양산시 어곡동 1875번지,48330,11200,0,1875,0000,12641707,,,,1,용도지역코드,1330,자연녹지지역,1,0,,자연녹지지역,20221008
경상남도 양산시 어곡동 1875번지,48330,11200,0,1875,0000,12641680,,,,1,용도지역코드,1330,자연녹지지역,1,0,,자연녹지지역,20221008
경상남도 양산시 어곡동 1877번지,48330,11200,0,1877,0000,12648208,,,,1,용도지역코드,1220,일반공업지역,1,0,,일반공업지역,20221008
경상남도 양산시 어곡동 1887번지,48330,11200,0,1887,0000,1000000000000000302248,,,,1,용도지역코드,UQA430,자연녹지지역,1,0,,자연녹지지역,20230525
경상남도 양산시 어곡동 1901번지,48330,11200,0,1901,0000,1000000000000000709699,,,,1,용도지역코드,UQA430,자연녹지지역,1,0,,자연녹지지역,20250422
경상남도 양산시 어곡동 1910번지,48330,11200,0,1910,0000,1264100030580,,,,1,용도지역코드,UQA430,자연녹지지역,1,0,,자연녹지지역,20221008
경상남도 양산시 어곡동 1919번지,48330,11200,0,1919,0000,12643026,,,,1,용도지역코드,1330,자연녹지지역,1,0,,자연녹지지역,20221008
경상남도 양산시 어곡동 1953-1번지,48330,11200,0,1953,0001,1264100137827,,,,1,용도지역코드,UQA430,자연녹지지역,1,0,,자연녹지지역,20221008
경상남도 양산시 어곡동 1953-1번지,48330,11200,0,1953,0001,1264100137827,,,,3,용도구역코드,UMZ100,가축사육제한구역,1,0,,가축사육제한구역,20221008
경상남도 양산시 어곡동 1953-1번지,48330,11200,0,1953,0001,1264100130223,,,,1,용도지역코드,UQA430,자연녹지지역,1,0,,자연녹지지역,20221008
경상남도 양산시 어곡동 1953-1번지,48330,11200,0,1953,0001,1264100130223,,,,3,용도구역코드,UMZ100,가축사육제한구역,1,0,,가축사육제한구역,20221008
경상남도 양산시 어곡동 1956-1번지,48330,11200,0,1956,0001,1264100113379,,,,1,용도지역코드,UQA430,자연녹지지역,1,0,,자연녹지지역,20221008
경상남도 양산시 어곡동 1962-2번지,48330,11200,0,1962,0002,12642611,,,,1,용도지역코드,0300,농림지역,1,0,,농림지역,20221008
경상남도 양산시 어곡동 1962-2번지,48330,11200,0,1962,0002,12642619,,,,1,용도지역코드,0300,농림지역,1,0,,농림지역,20221008
경상남도 양산시 어곡동 2079-1번지,48330,11200,0,2079,0001,12649825,,,,1,용도지역코드,1230,준공업지역,1,0,,준공업지역,20221008
경상남도 양산시 어곡동 2091-3번지,48330,11200,0,2091,0003,1264100023306,,,,1,용도지역코드,UQA430,자연녹지지역,1,0,,자연녹지지역,20221008
경상남도 양산시 어곡동 2091-59번지,48330,11200,0,2091,0059,1264100137943,,,,1,용도지역코드,UQA430,자연녹지지역,1,0,,자연녹지지역,20221008
경상남도 양산시 어곡동 2091-59번지,48330,11200,0,2091,0059,1264100137044,,,,1,용도지역코드,UQA430,자연녹지지역,1,0,,자연녹지지역,20221008
경상남도 양산시 어곡동 2091-59번지,48330,11200,0,2091,0059,1264100135764,,,,1,용도지역코드,UQA430,자연녹지지역,1,0,,자연녹지지역,20221008
경상남도 양산시 어곡동 2091-61번지,48330,11200,0,2091,0061,1264100037974,,,,1,용도지역코드,UQA430,자연녹지지역,1,0,,자연녹지지역,20221008
경상남도 양산시 어곡동 2091-61번지,48330,11200,0,2091,0061,1264100116996,,,,1,용도지역코드,UQA430,자연녹지지역,1,0,,자연녹지지역,20221008
경상남도 양산시 어곡동 2093번지,48330,11200,0,2093,0000,1264100090002,,,,1,용도지역코드,UQA430,자연녹지지역,1,0,,자연녹지지역,20221008
경상남도 양산시 어곡동 2093번지,48330,11200,0,2093,0000,1264100090002,,,,1,용도지역코드,UQA330,준공업지역,0,0,,준공업지역,20221008
경상남도 양산시 어곡동 2093번지,48330,11200,0,2093,0000,1264100090002,,,,1,용도지역코드,UQA320,일반공업지역,0,0,,일반공업지역,20221008
경상남도 양산시 어곡동 2093번지,48330,11200,0,2093,0000,1264100090002,,,,3,용도구역코드,UOA120,상대보호구역,1,0,,상대정화구역,20221008
경상남도 양산시 어곡동 산81-10번지,48330,11200,1,0081,0010,12648204,,,,1,용도지역코드,1220,일반공업지역,1,0,,일반공업지역,20221008
경상남도 양산시 어곡동 산81-15번지,48330,11200,1,0081,0015,1264100030297,,,,1,용도지역코드,UQA320,일반공업지역,1,0,,일반공업지역,20221008
경상남도 양산시 어곡동 산81-15번지,48330,11200,1,0081,0015,1264100030297,,,,3,용도구역코드,UMZ100,가축사육제한구역,1,0,,가축사육제한구역,20221008
경상남도 양산시 어곡동 산82번지,48330,11200,1,0082,0000,1000000000000000347428,,,,1,용도지역코드,UQA320,일반공업지역,1,0,,일반공업지역,20230801
경상남도 양산시 어곡동 산84-3번지,48330,11200,1,0084,0003,1264100036939,,,,1,용도지역코드,UQA430,자연녹지지역,1,0,,자연녹지지역,20221008
경상남도 양산시 어곡동 산84-19번지,48330,11200,1,0084,0019,1264100037455,,,,1,용도지역코드,UQA430,자연녹지지역,1,0,,자연녹지지역,20221008
경상남도 양산시 어곡동 산93-1번지,48330,11200,1,0093,0001,1000000000000000879992,,,,3,용도구역코드,UQQ300,지구단위계획구역,1,0,,지구단위계획구역,20260126
경상남도 양산시 어곡동 산93-1번지,48330,11200,1,0093,0001,1000000000000000879992,,,,1,용도지역코드,UQA320,일반공업지역,1,0,,일반공업지역,20260126
경상남도 양산시 어곡동 산152번지,48330,11200,1,0152,0000,12649831,,,,1,용도지역코드,1330,자연녹지지역,1,0,,자연녹지지역,20221008
경상남도 양산시 어곡동 산152번지,48330,11200,1,0152,0000,12647293,,,,1,용도지역코드,1330,자연녹지지역,1,0,,자연녹지지역,20221008
경상남도 양산시 어곡동 산152-2번지,48330,11200,1,0152,0002,1264100030020,,,,1,용도지역코드,UQA430,자연녹지지역,1,0,,자연녹지지역,20221008
경상남도 양산시 어곡동 산152-8번지,48330,11200,1,0152,0008,1264100029969,,,,1,용도지역코드,UQA430,자연녹지지역,1,0,,자연녹지지역,20221008
경상남도 양산시 어곡동 산153번지,48330,11200,1,0153,0000,1264100139603,,,,1,용도지역코드,UQA430,자연녹지지역,1,0,,자연녹지지역,20221008
경상남도 양산시 어곡동 산155번지,48330,11200,1,0155,0000,1264100007673,,,,1,용도지역코드,1220,일반공업지역,1,0,,일반공업지역,20221008
경상남도 양산시 어곡동 산201번지,48330,11200,1,0201,0000,1264100013352,,,,1,용도지역코드,1330,자연녹지지역,1,0,,자연녹지지역,20221008
경상남도 양산시 어곡동 산201번지,48330,11200,1,0201,0000,1264100013352,,,,1,용도지역코드,1220,일반공업지역,0,0,,일반공업지역,20221008
경상남도 양산시 어곡동 산201-10번지,48330,11200,1,0201,0010,1000000000000000863047,,,,3,용도구역코드,UQQ300,지구단위계획구역,1,0,,지구단위계획구역,20251219
경상남도 양산시 어곡동 산201-10번지,48330,11200,1,0201,0010,1000000000000000863047,,,,1,용도지역코드,UQA320,일반공업지역,1,0,,일반공업지역,20251219
경상남도 양산시 어곡동 산328-1번지,48330,11200,1,0328,0001,12645769,,,,1,용도지역코드,1220,일반공업지역,1,0,,일반공업지역,20221008
경상남도 양산시 어곡동 산339-1번지,48330,11200,1,0339,0001,12641791,,,,1,용도지역코드,1330,자연녹지지역,1,0,,자연녹지지역,20221008
경상남도 양산시 어곡동 산362-12번지,48330,11200,1,0362,0012,1264100031842,,,,1,용도지역코드,UQA430,자연녹지지역,1,0,,자연녹지지역,20221008
경상남도 양산시 어곡동 산362-12번지,48330,11200,1,0362,0012,1264100087621,,,,1,용도지역코드,UQA430,자연녹지지역,1,0,,자연녹지지역,20221008
경상남도 양산시 어곡동 산364-15번지,48330,11200,1,0364,0015,1264100005145,,,,1,용도지역코드,1330,자연녹지지역,1,0,,자연녹지지역,20221008
경상남도 양산시 어곡동 산368-2번지,48330,11200,1,0368,0002,12647229,,,,1,용도지역코드,1330,자연녹지지역,1,0,,자연녹지지역,20221008
경상남도 양산시 어곡동 산437번지,48330,11200,1,0437,0000,1264100018035,,,,1,용도지역코드,1330,자연녹지지역,1,0,,자연녹지지역,20221008
경상남도 양산시 어곡동 산1472번지,48330,11200,1,1472,0000,1264132,,,,1,용도지역코드,0900,산림보전지역,1,0,,산림보전지역,20221008
경상남도 양산시 어곡동 산1472번지,48330,11200,1,1472,0000,1264132,,,,1,용도지역코드,0800,경지지역,0,0,,경지지역,20221008
경상남도 양산시 어곡동 산1542-6번지,48330,11200,1,1542,0006,12642250,,,,1,용도지역코드,1330,자연녹지지역,1,0,,자연녹지지역,20221008
경상남도 양산시 어곡동 블록,48330,11200,2,0000,0000,12643023,어곡산업단지 9-2블록 3롯트,,,1,용도지역코드,1220,일반공업지역,1,0,,일반공업지역,20221008
경상남도 양산시 어곡동 블록,48330,11200,2,0000,0000,12643152,어곡지방산업단지 11-3블록 1롯트,,,1,용도지역코드,1220,일반공업지역,1,0,,일반공업지역,20221008
경상남도 양산시 어곡동 블록,48330,11200,2,0000,0000,1264100042502,어곡도시개발사업지구,3,4,1,용도지역코드,UQA320,일반공업지역,1,0,,일반공업지역,20221008
경상남도 양산시 어곡동 블록,48330,11200,2,0000,0000,1264100052667,어곡도시개발사업지구내,1,15,1,용도지역코드,UQA320,일반공업지역,1,0,,일반공업지역,20221008
경상남도 양산시 어곡동 블록,48330,11200,2,0000,0000,1264100055148,어곡지구,5,4,1,용도지역코드,UQA320,일반공업지역,1,0,,일반공업지역,20221008
경상남도 양산시 어곡동 블록,48330,11200,2,0000,0000,1264100068481,어곡도시개발지구,1블럭,12,1,용도지역코드,UQA320,일반공업지역,1,0,,일반공업지역,20221008
경상남도 양산시 어곡동 블록,48330,11200,2,0000,0000,1264100034244,어곡지구도시개발사업,1블록,7로트,1,용도지역코드,UQA320,일반공업지역,1,0,,일반공업지역,20221008
경상남도 양산시 어곡동 블록,48330,11200,2,0000,0000,1264100034244,어곡지구도시개발사업,1블록,7로트,3,용도구역코드,UQQ310,제1종지구단위계획구역,1,0,,제1종지구단위계획구역,20221008
경상남도 양산시 어곡동 블록,48330,11200,2,0000,0000,1264100043186,도시개발사업지구,4,8,1,용도지역코드,UQA320,일반공업지역,1,0,,일반공업지역,20221008
경상남도 양산시 어곡동 블록,48330,11200,2,0000,0000,1264100036033,어곡도시개발사업,1블록,9로트,1,용도지역코드,UQA320,일반공업지역,1,0,,일반공업지역,20221008
경상남도 양산시 어곡동 블록,48330,11200,2,0000,0000,1264100036033,어곡도시개발사업,1블록,9로트,3,용도구역코드,UQQ310,제1종지구단위계획구역,1,0,,제1종지구단위계획구역,20221008
경상남도 양산시 어곡동 블록,48330,11200,2,0000,0000,1264100033885,도시개발사업지구,1블록,5로트,1,용도지역코드,UQA320,일반공업지역,1,0,,일반공업지역,20221008
경상남도 양산시 어곡동 블록,48330,11200,2,0000,0000,1264100033885,도시개발사업지구,1블록,5로트,3,용도구역코드,UQQ310,제1종지구단위계획구역,1,0,,제1종지구단위계획구역,20221008
경상남도 양산시 어곡동 블록,48330,11200,2,0000,0000,1264100041402,도시개발사업지구,6,1,1,용도지역코드,UQA430,자연녹지지역,1,0,,자연녹지지역,20221008
경상남도 양산시 어곡동 블록,48330,11200,2,0000,0000,1264100041403,도시개발사업지구,4,9,1,용도지역코드,UQA320,일반공업지역,1,0,,일반공업지역,20221008
경상남도 양산시 어곡동 블록,48330,11200,2,0000,0000,1264100039955,도시개발사업,1,10,1,용도지역코드,UQA320,일반공업지역,1,0,,일반공업지역,20221008
경상남도 양산시 어곡동 블록,48330,11200,2,0000,0000,12646315,어곡지방산업단지,14,5,1,용도지역코드,1220,일반공업지역,1,0,,일반공업지역,20221008
경상남도 양산시 어곡동 블록,48330,11200,2,0000,0000,1264100060255,어곡지구 도시개발사업,1,11,1,용도지역코드,UQA320,일반공업지역,1,0,,일반공업지역,20221008
경상남도 양산시 어곡동 블록,48330,11200,2,0000,0000,1264100053809,어곡도시개발지구,1블럭,12,1,용도지역코드,UQA320,일반공업지역,1,0,,일반공업지역,20221008
경상남도 양산시 어곡동 블록,48330,11200,2,0000,0000,1264100053810,어곡도시개발지구,1블럭,12,1,용도지역코드,UQA320,일반공업지역,1,0,,일반공업지역,20221008
경상남도 양산시 어곡동 블록,48330,11200,2,0000,0000,1264100064341,도시개발구역,3,1,1,용도지역코드,UQA320,일반공업지역,1,0,,일반공업지역,20221008
경상남도 양산시 어곡동 블록,48330,11200,2,0000,0000,1264100053808,어곡도시개발지구,1블럭,12,1,용도지역코드,UQA320,일반공업지역,1,0,,일반공업지역,20221008
경상남도 양산시 어곡동 블록,48330,11200,2,0000,0000,1264100043062,어곡지구,1,4,1,용도지역코드,UQA320,일반공업지역,1,0,,일반공업지역,20221008
경상남도 양산시 어곡동 블록,48330,11200,2,0000,0000,1264100043062,어곡지구,1,4,3,용도구역코드,UQQ310,제1종지구단위계획구역,1,0,,제1종지구단위계획구역,20221008
경상남도 양산시 어곡동 블록,48330,11200,2,0000,0000,1264100064799,어곡도시개발지구,1블럭,12,1,용도지역코드,UQA320,일반공업지역,1,0,,일반공업지역,20221008
경상남도 양산시 어곡동 블록,48330,11200,2,0000,0000,1264100053007,어곡도시개발사업지구내,5,6,1,용도지역코드,UQA320,일반공업지역,1,0,,일반공업지역,20221008
경상남도 양산시 어곡동 블록,48330,11200,2,0000,0000,12642897,어곡지방산업단지 21B,,,1,용도지역코드,1220,일반공업지역,1,0,,일반공업지역,20221008
경상남도 양산시 어곡동 블록,48330,11200,2,0000,0000,12643032,어곡지방산업단지 7-2블록 13롯트,,,1,용도지역코드,1220,일반공업지역,1,0,,일반공업지역,20221008
경상남도 양산시 어곡동 블록,48330,11200,2,0000,0000,12643035,어곡지방산업단지 9-2블록 9롯트,,,1,용도지역코드,1220,일반공업지역,1,0,,일반공업지역,20221008
경상남도 양산시 어곡동 블록,48330,11200,2,0000,0000,12643038,어곡지방산업단지 16블록,,,1,용도지역코드,1220,일반공업지역,1,0,,일반공업지역,20221008
경상남도 양산시 어곡동 블록,48330,11200,2,0000,0000,12643046,어곡산업단지 7-2블록 7롯트,,,1,용도지역코드,1220,일반공업지역,1,0,,일반공업지역,20221008
경상남도 양산시 어곡동 블록,48330,11200,2,0000,0000,12643099,어곡지방산업단지 9-1블록,,,1,용도지역코드,1220,일반공업지역,1,0,,일반공업지역,20221008
경상남도 양산시 어곡동 블록,48330,11200,2,0000,0000,12643165,어곡지방산업단지 10B-2L,,,1,용도지역코드,1220,일반공업지역,1,0,,일반공업지역,20221008
경상남도 양산시 어곡동 블록,48330,11200,2,0000,0000,12642689,"어곡지방산업단지내 9-2BL 9,10LT",,,1,용도지역코드,9900,기타지역,1,0,,기타지역,20221008
경상남도 양산시 어곡동 블록,48330,11200,2,0000,0000,12642737,어곡산업단지내 7-2BL 15LT,,,1,용도지역코드,1220,일반공업지역,1,0,,일반공업지역,20221008
경상남도 양산시 어곡동 블록,48330,11200,2,0000,0000,1264100062419,도시개발구역,3,1,1,용도지역코드,UQA320,일반공업지역,1,0,,일반공업지역,20221008
경상남도 양산시 어곡동 블록,48330,11200,2,0000,0000,1264100037653,어곡도시개발사업지구,3블록,3롯트,1,용도지역코드,UQA320,일반공업지역,1,0,,일반공업지역,20221008
경상남도 양산시 어곡동 블록,48330,11200,2,0000,0000,1264100067160,도시개발구역,3,1,1,용도지역코드,UQA320,일반공업지역,1,0,,일반공업지역,20221008
경상남도 양산시 어곡동 블록,48330,11200,2,0000,0000,1264100016783,어곡지구도시개발사업지구,1블럭13로트,,1,용도지역코드,1220,일반공업지역,1,0,,일반공업지역,20221008
경상남도 양산시 어곡동 블록,48330,11200,2,0000,0000,1264100039954,도시개발사업,1,8,1,용도지역코드,UQA120,일반주거지역,1,0,,일반주거지역,20221008
경상남도 양산시 어곡동 블록,48330,11200,2,0000,0000,1264100035793,도시개발사업구역,5블록,3로트,1,용도지역코드,UQA320,일반공업지역,1,0,,일반공업지역,20221008
경상남도 양산시 어곡동 블록7-2번지,48330,11200,2,0007,0002,12643282,블록 5놋트,,,1,용도지역코드,1220,일반공업지역,1,0,,일반공업지역,20221008
경상남도 양산시 어곡동 블록9-5번지,48330,11200,2,0009,0005,12642313,,,,1,용도지역코드,1220,일반공업지역,1,0,,일반공업지역,20221008
경상남도 양산시 어곡동 블록11-4번지,48330,11200,2,0011,0004,12643537,,869,9,1,용도지역코드,1220,일반공업지역,1,0,,일반공업지역,20221008
경상남도 양산시 어곡동 블록11-4번지,48330,11200,2,0011,0004,12643537,,869,9,3,용도구역코드,990,기타구역,1,0,,기타구역,20221008
경상남도 양산시 어곡동 블록21번지,48330,11200,2,0021,0000,12642062,,,,1,용도지역코드,1220,일반공업지역,1,0,,일반공업지역,20221008
경상남도 양산시 어곡동 ,48330,11200,,0000,0000,12642410,"어곡지방 산업단지내 9-1브럭 1,2롯트",,,1,용도지역코드,1220,일반공업지역,1,0,,일반공업지역,20221008
경상남도 양산시 어곡동 ,48330,11200,,0000,0000,12643520,어곡지방산업단지 1-1BL-2LT,,,1,용도지역코드,1220,일반공업지역,1,0,,일반공업지역,20221008
경상남도 양산시 어곡동 ,48330,11200,,0000,0000,12643524,양산시 어곡지방산업단지 1-1B 1L,,,1,용도지역코드,9900,기타지역,1,0,,기타지역,20221008
경상남도 양산시 어곡동 ,48330,11200,,0000,0000,12643524,양산시 어곡지방산업단지 1-1B 1L,,,2,용도지구코드,020,농어촌산업지구,0,0,,농어촌산업지구,20221008
경상남도 양산시 어곡동 ,48330,11200,,0000,0000,12643524,양산시 어곡지방산업단지 1-1B 1L,,,2,용도지구코드,990,기타지구,1,0,,기타지구,20221008
경상남도 양산시 어곡동 ,48330,11200,,0000,0000,12643553,,870,4,1,용도지역코드,0100,도시지역,1,0,,도시지역,20221008
경상남도 양산시 어곡동 ,48330,11200,,0000,0000,12643553,,870,4,1,용도지역코드,1230,준공업지역,0,0,,준공업지역,20221008
경상남도 양산시 어곡동 856-4번지,48330,11200,,0856,0004,12644451,,,,1,용도지역코드,1220,일반공업지역,1,0,,일반공업지역,20221008
경상남도 양산시 어곡동 867-5번지,48330,11200,,0867,0005,12643292,,,,1,용도지역코드,1220,일반공업지역,1,0,,일반공업지역,20221008
경상남도 양산시 어곡동 869-2번지,48330,11200,,0869,0002,12643573,어곡지방산업단지,,,1,용도지역코드,1220,일반공업지역,1,0,,일반공업지역,20221008
경상남도 양산시 어곡동 870-3번지,48330,11200,,0870,0003,12643547,,,,1,용도지역코드,1230,준공업지역,1,0,,준공업지역,20221008
