대지위치,시군구코드,법정동코드,대지구분코드,번,지,관리허가대장PK,특수지명,블록,로트,지역지구구역구분코드,지역지구구역구분코드명,지역지구구역코드,지역지구구역코드명,대표여부,주동구분코드,주동구분코드명,지역지구구역명,생성일자
경상남도 양산시 물금읍 물금리 40-4번지,48330,25321,0,0040,0004,1264376,,,,1,용도지역코드,1330,자연녹지지역,1,0,,자연녹지지역,20221008
경상남도 양산시 물금읍 물금리 47-3번지,48330,25321,0,0047,0003,12641039,경상남도 양산시 물금읍 물금리,47,3,1,용도지역코드,1120,일반상업지역,1,0,,일반상업지역,20221008
경상남도 양산시 물금읍 물금리 95번지,48330,25321,0,0095,0000,1264299,,,,1,용도지역코드,1330,자연녹지지역,1,0,,자연녹지지역,20221008
경상남도 양산시 물금읍 물금리 95번지,48330,25321,0,0095,0000,1264100122699,,,,1,용도지역코드,UQA121,제1종일반주거지역,1,0,,제1종일반주거지역,20221008
경상남도 양산시 물금읍 물금리 95번지,48330,25321,0,0095,0000,1264717,,,,1,용도지역코드,1330,자연녹지지역,1,0,,자연녹지지역,20221008
경상남도 양산시 물금읍 물금리 97-3번지,48330,25321,0,0097,0003,1264100030763,,,,1,용도지역코드,UQA123,제3종일반주거지역,1,0,,제3종일반주거지역,20221008
경상남도 양산시 물금읍 물금리 97-3번지,48330,25321,0,0097,0003,1264100030763,,,,3,용도구역코드,UQQ310,제1종지구단위계획구역,1,0,,제1종지구단위계획구역,20221008
경상남도 양산시 물금읍 물금리 132-1번지,48330,25321,0,0132,0001,1000000000000000884058,,,,1,용도지역코드,UQA121,제1종일반주거지역,0,0,,제1종일반주거지역,20260819
경상남도 양산시 물금읍 물금리 132-1번지,48330,25321,0,0132,0001,1000000000000000884058,,,,1,용도지역코드,UOC800,역사문화환경보존지역,0,0,,역사문화환경보존지역,20260819
경상남도 양산시 물금읍 물금리 132-1번지,48330,25321,0,0132,0001,1000000000000000884058,,,,1,용도지역코드,UQA430,자연녹지지역,1,0,,자연녹지지역,20260819
경상남도 양산시 물금읍 물금리 132-3번지,48330,25321,0,0132,0003,12647387,,,,1,용도지역코드,1021,제1종일반주거지역,1,0,,제1종일반주거지역,20221008
경상남도 양산시 물금읍 물금리 132-20번지,48330,25321,0,0132,0020,1264100153430,,,,1,용도지역코드,UQA121,제1종일반주거지역,1,0,,제1종일반주거지역,20230105
경상남도 양산시 물금읍 물금리 132-26번지,48330,25321,0,0132,0026,1264100078860,,,,1,용도지역코드,UQA121,제1종일반주거지역,1,0,,제1종일반주거지역,20221008
경상남도 양산시 물금읍 물금리 132-28번지,48330,25321,0,0132,0028,1264100078459,,,,1,용도지역코드,UQA121,제1종일반주거지역,1,0,,제1종일반주거지역,20221008
경상남도 양산시 물금읍 물금리 133-3번지,48330,25321,0,0133,0003,1264100065042,,,,1,용도지역코드,UQA121,제1종일반주거지역,1,0,,제1종일반주거지역,20221008
경상남도 양산시 물금읍 물금리 138-25번지,48330,25321,0,0138,0025,1264100128063,,,,1,용도지역코드,UQA121,제1종일반주거지역,1,0,,제1종일반주거지역,20221008
경상남도 양산시 물금읍 물금리 219-3번지,48330,25321,0,0219,0003,1264100087581,,,,1,용도지역코드,UQA430,자연녹지지역,1,0,,자연녹지지역,20221008
경상남도 양산시 물금읍 물금리 219-3번지,48330,25321,0,0219,0003,1264100087581,,,,3,용도구역코드,UDV100,개발제한구역,1,0,,개발제한구역,20221008
경상남도 양산시 물금읍 물금리 275번지,48330,25321,0,0275,0000,1000000000000000557331,,,,1,용도지역코드,UDV100,개발제한구역,1,0,,개발제한구역,20240719
경상남도 양산시 물금읍 물금리 275번지,48330,25321,0,0275,0000,1000000000000000557331,,,,1,용도지역코드,UQA430,자연녹지지역,,0,,자연녹지지역,20240719
경상남도 양산시 물금읍 물금리 275번지,48330,25321,0,0275,0000,1000000000000000916131,,,,3,용도구역코드,UDV100,개발제한구역,1,0,,개발제한구역,20260331
경상남도 양산시 물금읍 물금리 275번지,48330,25321,0,0275,0000,1000000000000000916131,,,,3,용도구역코드,UJB100,하천구역,0,0,,하천구역,20260331
경상남도 양산시 물금읍 물금리 275번지,48330,25321,0,0275,0000,1000000000000000916131,,,,1,용도지역코드,UQA430,자연녹지지역,1,0,,자연녹지지역,20260331
경상남도 양산시 물금읍 물금리 332-3번지,48330,25321,0,0332,0003,1000000000000000355702,,,,1,용도지역코드,UQA430,자연녹지지역,1,0,,자연녹지지역,20230817
경상남도 양산시 물금읍 물금리 360-10번지,48330,25321,0,0360,0010,126483,,,,1,용도지역코드,1020,일반주거지역,1,0,,일반주거지역,20221008
경상남도 양산시 물금읍 물금리 365-16번지,48330,25321,0,0365,0016,1264627,경상남도 양산시 물금읍 물금리,365,16,1,용도지역코드,1020,일반주거지역,1,0,,일반주거지역,20221008
경상남도 양산시 물금읍 물금리 372-3번지,48330,25321,0,0372,0003,1000000000000000908428,,,,1,용도지역코드,UQA430,자연녹지지역,1,0,,자연녹지지역,20260320
경상남도 양산시 물금읍 물금리 372-3번지,48330,25321,0,0372,0003,1000000000000000908428,,,,2,용도지구코드,UIK100,철도보호지구,1,0,,철도보호지구,20260320
경상남도 양산시 물금읍 물금리 372-3번지,48330,25321,0,0372,0003,1000000000000000615924,,,,1,용도지역코드,UIK999,철도안전용도지역기타,1,0,,철도안전용도지역기타,20241108
경상남도 양산시 물금읍 물금리 372-3번지,48330,25321,0,0372,0003,1264100052988,,,,1,용도지역코드,UQA430,자연녹지지역,1,0,,자연녹지지역,20221008
경상남도 양산시 물금읍 물금리 372-6번지,48330,25321,0,0372,0006,1264100116516,,,,1,용도지역코드,UQA220,일반상업지역,1,0,,일반상업지역,20221008
경상남도 양산시 물금읍 물금리 372-6번지,48330,25321,0,0372,0006,1264100110616,,,,1,용도지역코드,UQA220,일반상업지역,1,0,,일반상업지역,20221008
경상남도 양산시 물금읍 물금리 375-6번지,48330,25321,0,0375,0006,1264296,,,,1,용도지역코드,1120,일반상업지역,1,0,,일반상업지역,20221008
경상남도 양산시 물금읍 물금리 376-4번지,48330,25321,0,0376,0004,1264100074180,,,,1,용도지역코드,UQA220,일반상업지역,1,0,,일반상업지역,20221008
경상남도 양산시 물금읍 물금리 376-4번지,48330,25321,0,0376,0004,1264100132545,,,,3,용도구역코드,UMZ100,가축사육제한구역,1,0,,가축사육제한구역,20221008
경상남도 양산시 물금읍 물금리 376-4번지,48330,25321,0,0376,0004,1264100132545,,,,1,용도지역코드,UQA220,일반상업지역,1,0,,일반상업지역,20221008
경상남도 양산시 물금읍 물금리 376-7번지,48330,25321,0,0376,0007,1264100138663,,,,1,용도지역코드,UQA220,일반상업지역,1,0,,일반상업지역,20221008
경상남도 양산시 물금읍 물금리 376-11번지,48330,25321,0,0376,0011,1264100127561,,,,1,용도지역코드,UQA220,일반상업지역,1,0,,일반상업지역,20221008
경상남도 양산시 물금읍 물금리 376-12번지,48330,25321,0,0376,0012,12646335,,,,1,용도지역코드,1120,일반상업지역,1,0,,일반상업지역,20221008
경상남도 양산시 물금읍 물금리 376-14번지,48330,25321,0,0376,0014,1264100043688,,,,1,용도지역코드,UQA220,일반상업지역,1,0,,일반상업지역,20221008
경상남도 양산시 물금읍 물금리 376-16번지,48330,25321,0,0376,0016,1264100139224,,,,1,용도지역코드,UQA220,일반상업지역,1,0,,일반상업지역,20221008
경상남도 양산시 물금읍 물금리 377-1번지,48330,25321,0,0377,0001,1264100108817,,,,1,용도지역코드,UQA220,일반상업지역,1,0,,일반상업지역,20221008
경상남도 양산시 물금읍 물금리 377-1번지,48330,25321,0,0377,0001,1264100108817,,,,3,용도구역코드,UMZ100,가축사육제한구역,1,0,,가축사육제한구역,20221008
경상남도 양산시 물금읍 물금리 377-1번지,48330,25321,0,0377,0001,1264100099354,,,,1,용도지역코드,UQA220,일반상업지역,1,0,,일반상업지역,20221008
경상남도 양산시 물금읍 물금리 377-1번지,48330,25321,0,0377,0001,1264100008829,,,,1,용도지역코드,1120,일반상업지역,1,0,,일반상업지역,20221008
경상남도 양산시 물금읍 물금리 378-2번지,48330,25321,0,0378,0002,1264100152516,,,,1,용도지역코드,UQA220,일반상업지역,1,0,,일반상업지역,20221008
경상남도 양산시 물금읍 물금리 379-8번지,48330,25321,0,0379,0008,1264100136805,,,,1,용도지역코드,UQA220,일반상업지역,1,0,,일반상업지역,20221008
경상남도 양산시 물금읍 물금리 380-3번지,48330,25321,0,0380,0003,12645865,,,,1,용도지역코드,1120,일반상업지역,1,0,,일반상업지역,20221008
경상남도 양산시 물금읍 물금리 380-3번지,48330,25321,0,0380,0003,1264100109396,,,,1,용도지역코드,UQA220,일반상업지역,1,0,,일반상업지역,20221008
경상남도 양산시 물금읍 물금리 380-3번지,48330,25321,0,0380,0003,1264100109396,,,,3,용도구역코드,UMZ100,가축사육제한구역,1,0,,가축사육제한구역,20221008
경상남도 양산시 물금읍 물금리 380-4번지,48330,25321,0,0380,0004,1264454,경상남도 양산시 물금읍 물금리,380,4,1,용도지역코드,1120,일반상업지역,1,0,,일반상업지역,20221008
경상남도 양산시 물금읍 물금리 380-22번지,48330,25321,0,0380,0022,1000000000000000374863,,,,1,용도지역코드,UQA220,일반상업지역,1,0,,일반상업지역,20240130
경상남도 양산시 물금읍 물금리 380-22번지,48330,25321,0,0380,0022,1000000000000000374863,,,,3,용도구역코드,UMZ100,가축사육제한구역,1,0,,가축사육제한구역,20240130
경상남도 양산시 물금읍 물금리 380-22번지,48330,25321,0,0380,0022,1264343,,,,1,용도지역코드,1020,일반주거지역,1,0,,일반주거지역,20221008
경상남도 양산시 물금읍 물금리 380-30번지,48330,25321,0,0380,0030,12644468,,,,1,용도지역코드,1120,일반상업지역,1,0,,일반상업지역,20221008
경상남도 양산시 물금읍 물금리 380-31번지,48330,25321,0,0380,0031,12644506,,,,1,용도지역코드,1120,일반상업지역,1,0,,일반상업지역,20221008
경상남도 양산시 물금읍 물금리 380-37번지,48330,25321,0,0380,0037,12646749,,,,1,용도지역코드,1120,일반상업지역,1,0,,일반상업지역,20221008
경상남도 양산시 물금읍 물금리 381-1번지,48330,25321,0,0381,0001,1264100114279,,,,1,용도지역코드,UQA220,일반상업지역,1,0,,일반상업지역,20221008
경상남도 양산시 물금읍 물금리 381-1번지,48330,25321,0,0381,0001,1264100114279,,,,3,용도구역코드,UMZ100,가축사육제한구역,1,0,,가축사육제한구역,20221008
경상남도 양산시 물금읍 물금리 385-3번지,48330,25321,0,0385,0003,12644341,,,,1,용도지역코드,1120,일반상업지역,1,0,,일반상업지역,20221008
경상남도 양산시 물금읍 물금리 387-9번지,48330,25321,0,0387,0009,1000000000000000622552,,,,1,용도지역코드,UQA220,일반상업지역,1,0,,일반상업지역,20241204
경상남도 양산시 물금읍 물금리 387-9번지,48330,25321,0,0387,0009,1264100081280,,,,1,용도지역코드,UQA220,일반상업지역,1,0,,일반상업지역,20221008
경상남도 양산시 물금읍 물금리 387-15번지,48330,25321,0,0387,0015,1000000000000000945235,,,,1,용도지역코드,UQA220,일반상업지역,1,0,,일반상업지역,20260508
경상남도 양산시 물금읍 물금리 388-1번지,48330,25321,0,0388,0001,12647625,,,,1,용도지역코드,1120,일반상업지역,1,0,,일반상업지역,20221008
경상남도 양산시 물금읍 물금리 388-1번지,48330,25321,0,0388,0001,12646406,,,,1,용도지역코드,1120,일반상업지역,1,0,,일반상업지역,20221008
경상남도 양산시 물금읍 물금리 388-1번지,48330,25321,0,0388,0001,1264100103693,,,,1,용도지역코드,UQA220,일반상업지역,1,0,,일반상업지역,20221008
경상남도 양산시 물금읍 물금리 388-4번지,48330,25321,0,0388,0004,1264100129584,,,,1,용도지역코드,UQA220,일반상업지역,1,0,,일반상업지역,20221008
경상남도 양산시 물금읍 물금리 388-4번지,48330,25321,0,0388,0004,1264100129584,,,,3,용도구역코드,UMZ100,가축사육제한구역,1,0,,가축사육제한구역,20221008
경상남도 양산시 물금읍 물금리 389-6번지,48330,25321,0,0389,0006,1264100078862,,,,1,용도지역코드,UQA220,일반상업지역,1,0,,일반상업지역,20221008
경상남도 양산시 물금읍 물금리 389-8번지,48330,25321,0,0389,0008,1264100022487,,,,1,용도지역코드,UQA220,일반상업지역,1,0,,일반상업지역,20221008
경상남도 양산시 물금읍 물금리 389-10번지,48330,25321,0,0389,0010,1264100045808,,,,1,용도지역코드,UQA220,일반상업지역,1,0,,일반상업지역,20221008
경상남도 양산시 물금읍 물금리 390-4번지,48330,25321,0,0390,0004,1264100116576,,,,1,용도지역코드,UQA220,일반상업지역,1,0,,일반상업지역,20221008
경상남도 양산시 물금읍 물금리 390-6번지,48330,25321,0,0390,0006,1000000000000000320297,,,,1,용도지역코드,UQA220,일반상업지역,1,0,,일반상업지역,20230621
경상남도 양산시 물금읍 물금리 391-4번지,48330,25321,0,0391,0004,1264100155434,,,,1,용도지역코드,UQA220,일반상업지역,1,0,,일반상업지역,20221008
경상남도 양산시 물금읍 물금리 391-4번지,48330,25321,0,0391,0004,1264100155434,,,,1,용도지역코드,UQA122,제2종일반주거지역,0,0,,제2종일반주거지역,20221008
경상남도 양산시 물금읍 물금리 391-4번지,48330,25321,0,0391,0004,1264100155434,,,,3,용도구역코드,UQQ310,제1종지구단위계획구역,1,0,,제1종지구단위계획구역,20221008
경상남도 양산시 물금읍 물금리 391-4번지,48330,25321,0,0391,0004,1264100155434,,,,3,용도구역코드,UDT100,정비구역,0,0,,정비구역,20221008
경상남도 양산시 물금읍 물금리 392-20번지,48330,25321,0,0392,0020,12643591,경상남도 양산시 물금읍 물금리,392,20,1,용도지역코드,1120,일반상업지역,1,0,,일반상업지역,20221008
경상남도 양산시 물금읍 물금리 392-25번지,48330,25321,0,0392,0025,1264100155091,,,,1,용도지역코드,UQA220,일반상업지역,1,0,,일반상업지역,20221008
경상남도 양산시 물금읍 물금리 392-30번지,48330,25321,0,0392,0030,1264289,,,,1,용도지역코드,1120,일반상업지역,1,0,,일반상업지역,20221008
경상남도 양산시 물금읍 물금리 392-40번지,48330,25321,0,0392,0040,1264100110376,,,,1,용도지역코드,UQA220,일반상업지역,1,0,,일반상업지역,20221008
경상남도 양산시 물금읍 물금리 392-40번지,48330,25321,0,0392,0040,1264100110376,,,,3,용도구역코드,UOA120,상대보호구역,1,0,,상대정화구역,20221008
경상남도 양산시 물금읍 물금리 392-47번지,48330,25321,0,0392,0047,1264100061178,,,,1,용도지역코드,UQA220,일반상업지역,1,0,,일반상업지역,20221008
경상남도 양산시 물금읍 물금리 396-2번지,48330,25321,0,0396,0002,1264100011150,,,,1,용도지역코드,1330,자연녹지지역,1,0,,자연녹지지역,20221008
경상남도 양산시 물금읍 물금리 404-2번지,48330,25321,0,0404,0002,1264100143823,,,,1,용도지역코드,UQA122,제2종일반주거지역,1,0,,제2종일반주거지역,20221008
경상남도 양산시 물금읍 물금리 404-6번지,48330,25321,0,0404,0006,1264100024470,,,,1,용도지역코드,UQA122,제2종일반주거지역,1,0,,제2종일반주거지역,20221008
경상남도 양산시 물금읍 물금리 406-11번지,48330,25321,0,0406,0011,12649512,,,,1,용도지역코드,1022,제2종일반주거지역,1,0,,제2종일반주거지역,20221008
경상남도 양산시 물금읍 물금리 406-14번지,48330,25321,0,0406,0014,1264193,,,,1,용도지역코드,1020,일반주거지역,1,0,,일반주거지역,20221008
경상남도 양산시 물금읍 물금리 406-23번지,48330,25321,0,0406,0023,1264100108441,,,,1,용도지역코드,UQA122,제2종일반주거지역,1,0,,제2종일반주거지역,20221008
경상남도 양산시 물금읍 물금리 406-23번지,48330,25321,0,0406,0023,1264100108441,,,,3,용도구역코드,UOA120,상대보호구역,1,0,,상대정화구역,20221008
경상남도 양산시 물금읍 물금리 406-27번지,48330,25321,0,0406,0027,1264100148570,,,,1,용도지역코드,UQA122,제2종일반주거지역,1,0,,제2종일반주거지역,20221008
경상남도 양산시 물금읍 물금리 406-27번지,48330,25321,0,0406,0027,1264100148570,,,,3,용도구역코드,UOA120,상대보호구역,1,0,,상대보호구역,20221008
경상남도 양산시 물금읍 물금리 406-34번지,48330,25321,0,0406,0034,1264100017058,,,,1,용도지역코드,1021,제1종일반주거지역,1,0,,제1종일반주거지역,20221008
경상남도 양산시 물금읍 물금리 406-35번지,48330,25321,0,0406,0035,1264100033904,,,,1,용도지역코드,UQA121,제1종일반주거지역,1,0,,제1종일반주거지역,20221008
경상남도 양산시 물금읍 물금리 406-35번지,48330,25321,0,0406,0035,12646796,,,,1,용도지역코드,1021,제1종일반주거지역,1,0,,제1종일반주거지역,20221008
경상남도 양산시 물금읍 물금리 406-40번지,48330,25321,0,0406,0040,1264100098317,,,,1,용도지역코드,UQA121,제1종일반주거지역,1,0,,제1종일반주거지역,20221008
경상남도 양산시 물금읍 물금리 406-46번지,48330,25321,0,0406,0046,1000000000000000502492,,,,3,용도구역코드,UMZ100,가축사육제한구역,1,0,,가축사육제한구역,20240725
경상남도 양산시 물금읍 물금리 406-46번지,48330,25321,0,0406,0046,1000000000000000502492,,,,1,용도지역코드,UQA121,제1종일반주거지역,1,0,,제1종일반주거지역,20240725
경상남도 양산시 물금읍 물금리 406-46번지,48330,25321,0,0406,0046,1264100137904,,,,1,용도지역코드,UQA121,제1종일반주거지역,1,0,,제1종일반주거지역,20221008
경상남도 양산시 물금읍 물금리 406-46번지,48330,25321,0,0406,0046,1264100137904,,,,3,용도구역코드,UMZ100,가축사육제한구역,1,0,,가축사육제한구역,20221008
경상남도 양산시 물금읍 물금리 406-46번지,48330,25321,0,0406,0046,1264100157052,,,,1,용도지역코드,UQA121,제1종일반주거지역,1,0,,제1종일반주거지역,20221008
경상남도 양산시 물금읍 물금리 406-46번지,48330,25321,0,0406,0046,1264100138185,,,,1,용도지역코드,UQA121,제1종일반주거지역,1,0,,제1종일반주거지역,20221008
경상남도 양산시 물금읍 물금리 406-46번지,48330,25321,0,0406,0046,1264100138185,,,,3,용도구역코드,UMZ100,가축사육제한구역,1,0,,가축사육제한구역,20221008
경상남도 양산시 물금읍 물금리 406-50번지,48330,25321,0,0406,0050,1264100112516,,,,1,용도지역코드,UQA122,제2종일반주거지역,1,0,,제2종일반주거지역,20221008
경상남도 양산시 물금읍 물금리 406-50번지,48330,25321,0,0406,0050,1264100112516,,,,3,용도구역코드,UOA120,상대보호구역,1,0,,상대정화구역,20221008
경상남도 양산시 물금읍 물금리 406-50번지,48330,25321,0,0406,0050,1264100112516,,,,3,용도구역코드,UMZ100,가축사육제한구역,0,0,,가축사육제한구역,20221008
경상남도 양산시 물금읍 물금리 406-57번지,48330,25321,0,0406,0057,12648113,,,,1,용도지역코드,1022,제2종일반주거지역,1,0,,제2종일반주거지역,20221008
경상남도 양산시 물금읍 물금리 406-61번지,48330,25321,0,0406,0061,1264100046826,,,,1,용도지역코드,UQA122,제2종일반주거지역,1,0,,제2종일반주거지역,20221008
경상남도 양산시 물금읍 물금리 406-62번지,48330,25321,0,0406,0062,1264100131404,,,,1,용도지역코드,UQA122,제2종일반주거지역,1,0,,제2종일반주거지역,20221008
경상남도 양산시 물금읍 물금리 406-62번지,48330,25321,0,0406,0062,1264100131404,,,,3,용도구역코드,UMZ100,가축사육제한구역,1,0,,가축사육제한구역,20221008
경상남도 양산시 물금읍 물금리 406-63번지,48330,25321,0,0406,0063,12642100,경상남도 양산시 물금읍 물금리,406,63,1,용도지역코드,1020,일반주거지역,1,0,,일반주거지역,20221008
경상남도 양산시 물금읍 물금리 406-67번지,48330,25321,0,0406,0067,1264100039212,,,,1,용도지역코드,UQA122,제2종일반주거지역,1,0,,제2종일반주거지역,20221008
경상남도 양산시 물금읍 물금리 406-73번지,48330,25321,0,0406,0073,1264100090207,,,,1,용도지역코드,UQA122,제2종일반주거지역,1,0,,제2종일반주거지역,20221008
경상남도 양산시 물금읍 물금리 406-131번지,48330,25321,0,0406,0131,1264100034184,,,,1,용도지역코드,UQA122,제2종일반주거지역,1,0,,제2종일반주거지역,20221008
경상남도 양산시 물금읍 물금리 406-131번지,48330,25321,0,0406,0131,1264100040362,,,,1,용도지역코드,UQA122,제2종일반주거지역,1,0,,제2종일반주거지역,20221008
경상남도 양산시 물금읍 물금리 406-147번지,48330,25321,0,0406,0147,1264100062841,,,,1,용도지역코드,UQA122,제2종일반주거지역,1,0,,제2종일반주거지역,20221008
경상남도 양산시 물금읍 물금리 411-6번지,48330,25321,0,0411,0006,1264327,,,,1,용도지역코드,1020,일반주거지역,1,0,,일반주거지역,20221008
경상남도 양산시 물금읍 물금리 412-4번지,48330,25321,0,0412,0004,1264100138564,,,,1,용도지역코드,UQA220,일반상업지역,1,0,,일반상업지역,20221008
경상남도 양산시 물금읍 물금리 412-4번지,48330,25321,0,0412,0004,1264100138564,,,,3,용도구역코드,UOA120,상대보호구역,1,0,,상대보호구역,20221008
경상남도 양산시 물금읍 물금리 412-9번지,48330,25321,0,0412,0009,1000000000000001020424,,,,1,용도지역코드,UQA220,일반상업지역,1,0,,일반상업지역,20260827
경상남도 양산시 물금읍 물금리 412-9번지,48330,25321,0,0412,0009,1000000000000001020424,,,,3,용도구역코드,UMZ100,가축사육제한구역,1,0,,가축사육제한구역,20260827
경상남도 양산시 물금읍 물금리 412-18번지,48330,25321,0,0412,0018,12648216,,,,1,용도지역코드,1120,일반상업지역,1,0,,일반상업지역,20221008
경상남도 양산시 물금읍 물금리 417-4번지,48330,25321,0,0417,0004,12643633,,,,1,용도지역코드,1020,일반주거지역,1,0,,일반주거지역,20221008
경상남도 양산시 물금읍 물금리 417-8번지,48330,25321,0,0417,0008,12646626,,,,1,용도지역코드,1022,제2종일반주거지역,1,0,,제2종일반주거지역,20221008
경상남도 양산시 물금읍 물금리 417-13번지,48330,25321,0,0417,0013,1000000000000000118872,,,,3,용도구역코드,UOA120,상대보호구역,1,0,,상대보호구역,20240201
경상남도 양산시 물금읍 물금리 417-13번지,48330,25321,0,0417,0013,1000000000000000118872,,,,3,용도구역코드,UMZ100,가축사육제한구역,0,0,,가축사육제한구역,20240201
경상남도 양산시 물금읍 물금리 417-13번지,48330,25321,0,0417,0013,1000000000000000118872,,,,1,용도지역코드,UQA220,일반상업지역,1,0,,일반상업지역,20240201
경상남도 양산시 물금읍 물금리 422-5번지,48330,25321,0,0422,0005,1264100110996,,,,1,용도지역코드,UQA122,제2종일반주거지역,1,0,,제2종일반주거지역,20221008
경상남도 양산시 물금읍 물금리 422-5번지,48330,25321,0,0422,0005,1264100110996,,,,3,용도구역코드,UMZ100,가축사육제한구역,1,0,,가축사육제한구역,20221008
경상남도 양산시 물금읍 물금리 423-1번지,48330,25321,0,0423,0001,12642301,,,,1,용도지역코드,1020,일반주거지역,1,0,,일반주거지역,20221008
경상남도 양산시 물금읍 물금리 423-1번지,48330,25321,0,0423,0001,12642319,,,,1,용도지역코드,1020,일반주거지역,1,0,,일반주거지역,20221008
경상남도 양산시 물금읍 물금리 424-4번지,48330,25321,0,0424,0004,1264100091185,,,,1,용도지역코드,UQA121,제1종일반주거지역,1,0,,제1종일반주거지역,20221008
경상남도 양산시 물금읍 물금리 425번지,48330,25321,0,0425,0000,12641362,,,,1,용도지역코드,1020,일반주거지역,1,0,,일반주거지역,20221008
경상남도 양산시 물금읍 물금리 430-4번지,48330,25321,0,0430,0004,1264100153652,,,,1,용도지역코드,UQA121,제1종일반주거지역,1,0,,제1종일반주거지역,20221008
경상남도 양산시 물금읍 물금리 433번지,48330,25321,0,0433,0000,1264100117018,,,,1,용도지역코드,UQA121,제1종일반주거지역,1,0,,제1종일반주거지역,20221008
경상남도 양산시 물금읍 물금리 433번지,48330,25321,0,0433,0000,1264100117018,,,,3,용도구역코드,,,1,0,,,20221008
경상남도 양산시 물금읍 물금리 433번지,48330,25321,0,0433,0000,1000000000000000469732,,,,1,용도지역코드,UQA121,제1종일반주거지역,1,0,,제1종일반주거지역,20240405
경상남도 양산시 물금읍 물금리 434번지,48330,25321,0,0434,0000,1264100077799,,,,1,용도지역코드,UQA121,제1종일반주거지역,1,0,,제1종일반주거지역,20221008
경상남도 양산시 물금읍 물금리 438번지,48330,25321,0,0438,0000,12648428,,,,1,용도지역코드,1022,제2종일반주거지역,1,0,,제2종일반주거지역,20221008
경상남도 양산시 물금읍 물금리 440-2번지,48330,25321,0,0440,0002,1264100050826,,,,1,용도지역코드,UQA122,제2종일반주거지역,1,0,,제2종일반주거지역,20221008
경상남도 양산시 물금읍 물금리 440-2번지,48330,25321,0,0440,0002,12646228,,,,1,용도지역코드,1022,제2종일반주거지역,1,0,,제2종일반주거지역,20221008
경상남도 양산시 물금읍 물금리 440-2번지,48330,25321,0,0440,0002,12641088,440-2,,,1,용도지역코드,1020,일반주거지역,1,0,,일반주거지역,20221008
경상남도 양산시 물금읍 물금리 440-2번지,48330,25321,0,0440,0002,12641409,,,,1,용도지역코드,1020,일반주거지역,1,0,,일반주거지역,20221008
경상남도 양산시 물금읍 물금리 440-2번지,48330,25321,0,0440,0002,12641443,,,,1,용도지역코드,1020,일반주거지역,1,0,,일반주거지역,20221008
경상남도 양산시 물금읍 물금리 442-1번지,48330,25321,0,0442,0001,1264100026513,,,,1,용도지역코드,UQA122,제2종일반주거지역,1,0,,제2종일반주거지역,20221008
경상남도 양산시 물금읍 물금리 442-6번지,48330,25321,0,0442,0006,1264100049411,,,,1,용도지역코드,UQA122,제2종일반주거지역,1,0,,제2종일반주거지역,20221008
경상남도 양산시 물금읍 물금리 443-2번지,48330,25321,0,0443,0002,1264100139783,,,,1,용도지역코드,UQA122,제2종일반주거지역,1,0,,제2종일반주거지역,20221008
경상남도 양산시 물금읍 물금리 443-2번지,48330,25321,0,0443,0002,1264100139783,,,,3,용도구역코드,UOA120,상대보호구역,1,0,,상대보호구역,20221008
경상남도 양산시 물금읍 물금리 443-4번지,48330,25321,0,0443,0004,1264100140348,,,,1,용도지역코드,UQA122,제2종일반주거지역,1,0,,제2종일반주거지역,20221008
경상남도 양산시 물금읍 물금리 443-4번지,48330,25321,0,0443,0004,1264100140348,,,,3,용도구역코드,UMZ100,가축사육제한구역,1,0,,가축사육제한구역,20221008
경상남도 양산시 물금읍 물금리 443-4번지,48330,25321,0,0443,0004,1264100140348,,,,3,용도구역코드,UOA120,상대보호구역,0,0,,상대보호구역,20221008
경상남도 양산시 물금읍 물금리 444-1번지,48330,25321,0,0444,0001,12648399,,,,1,용도지역코드,1022,제2종일반주거지역,1,0,,제2종일반주거지역,20221008
경상남도 양산시 물금읍 물금리 444-1번지,48330,25321,0,0444,0001,12648399,,,,3,용도구역코드,010,도시계획구역,1,0,,도시계획구역,20221008
경상남도 양산시 물금읍 물금리 445-1번지,48330,25321,0,0445,0001,1264100134664,,,,1,용도지역코드,UQA122,제2종일반주거지역,1,0,,제2종일반주거지역,20221008
경상남도 양산시 물금읍 물금리 446-1번지,48330,25321,0,0446,0001,1264100076099,,,,1,용도지역코드,UQA122,제2종일반주거지역,1,0,,제2종일반주거지역,20221008
경상남도 양산시 물금읍 물금리 448-2번지,48330,25321,0,0448,0002,1264100118717,,,,1,용도지역코드,UQA122,제2종일반주거지역,1,0,,제2종일반주거지역,20221008
경상남도 양산시 물금읍 물금리 448-2번지,48330,25321,0,0448,0002,1264100118717,,,,3,용도구역코드,UOA120,상대보호구역,1,0,,상대보호구역,20221008
경상남도 양산시 물금읍 물금리 456번지,48330,25321,0,0456,0000,1000000000000000614078,,,,1,용도지역코드,UQA122,제2종일반주거지역,1,0,,제2종일반주거지역,20251114
경상남도 양산시 물금읍 물금리 456번지,48330,25321,0,0456,0000,1000000000000000614078,,,,3,용도구역코드,UMZ100,가축사육제한구역,1,0,,가축사육제한구역,20251114
경상남도 양산시 물금읍 물금리 457-10번지,48330,25321,0,0457,0010,1264100110316,,,,1,용도지역코드,UQA122,제2종일반주거지역,1,0,,제2종일반주거지역,20221008
경상남도 양산시 물금읍 물금리 457-10번지,48330,25321,0,0457,0010,1264100102415,,,,1,용도지역코드,UQA122,제2종일반주거지역,1,0,,제2종일반주거지역,20221008
경상남도 양산시 물금읍 물금리 457-10번지,48330,25321,0,0457,0010,1264100112376,,,,1,용도지역코드,UQA122,제2종일반주거지역,1,0,,제2종일반주거지역,20221008
경상남도 양산시 물금읍 물금리 457-10번지,48330,25321,0,0457,0010,1264100114237,,,,1,용도지역코드,UQA122,제2종일반주거지역,1,0,,제2종일반주거지역,20221008
경상남도 양산시 물금읍 물금리 460번지,48330,25321,0,0460,0000,1264100098436,,,,1,용도지역코드,UQA121,제1종일반주거지역,1,0,,제1종일반주거지역,20221008
경상남도 양산시 물금읍 물금리 461번지,48330,25321,0,0461,0000,12648900,,,,1,용도지역코드,1021,제1종일반주거지역,1,0,,제1종일반주거지역,20221008
경상남도 양산시 물금읍 물금리 463번지,48330,25321,0,0463,0000,1264100116476,,,,1,용도지역코드,UQA121,제1종일반주거지역,1,0,,제1종일반주거지역,20221008
경상남도 양산시 물금읍 물금리 485-2번지,48330,25321,0,0485,0002,1264100082280,,,,1,용도지역코드,UQA121,제1종일반주거지역,1,0,,제1종일반주거지역,20221008
경상남도 양산시 물금읍 물금리 485-2번지,48330,25321,0,0485,0002,1264100082280,,,,1,용도지역코드,UQA430,자연녹지지역,0,0,,자연녹지지역,20221008
경상남도 양산시 물금읍 물금리 485-2번지,48330,25321,0,0485,0002,1264100107098,,,,1,용도지역코드,UQA121,제1종일반주거지역,1,0,,제1종일반주거지역,20221008
경상남도 양산시 물금읍 물금리 485-2번지,48330,25321,0,0485,0002,1264100107098,,,,1,용도지역코드,UQA430,자연녹지지역,0,0,,자연녹지지역,20221008
경상남도 양산시 물금읍 물금리 485-2번지,48330,25321,0,0485,0002,1264100107098,,,,3,용도구역코드,UMZ100,가축사육제한구역,1,0,,가축사육제한구역,20221008
경상남도 양산시 물금읍 물금리 491-1번지,48330,25321,0,0491,0001,1264102,,,,1,용도지역코드,1020,일반주거지역,1,0,,일반주거지역,20221008
경상남도 양산시 물금읍 물금리 491-2번지,48330,25321,0,0491,0002,126421,,,,1,용도지역코드,1020,일반주거지역,1,0,,일반주거지역,20221008
경상남도 양산시 물금읍 물금리 491-4번지,48330,25321,0,0491,0004,1264190,,,,1,용도지역코드,1020,일반주거지역,1,0,,일반주거지역,20221008
경상남도 양산시 물금읍 물금리 491-7번지,48330,25321,0,0491,0007,1264113,,,,1,용도지역코드,1020,일반주거지역,1,0,,일반주거지역,20221008
경상남도 양산시 물금읍 물금리 491-7번지,48330,25321,0,0491,0007,1264100082804,,,,1,용도지역코드,UQA121,제1종일반주거지역,1,0,,제1종일반주거지역,20221008
경상남도 양산시 물금읍 물금리 491-11번지,48330,25321,0,0491,0011,1264100050248,,,,1,용도지역코드,UQA121,제1종일반주거지역,1,0,,제1종일반주거지역,20221008
경상남도 양산시 물금읍 물금리 491-11번지,48330,25321,0,0491,0011,1264100045945,,,,1,용도지역코드,UQA121,제1종일반주거지역,1,0,,제1종일반주거지역,20221008
경상남도 양산시 물금읍 물금리 491-13번지,48330,25321,0,0491,0013,1264195,,491,14,1,용도지역코드,1020,일반주거지역,1,0,,일반주거지역,20221008
경상남도 양산시 물금읍 물금리 491-18번지,48330,25321,0,0491,0018,1264103,,,,1,용도지역코드,1020,일반주거지역,1,0,,일반주거지역,20221008
경상남도 양산시 물금읍 물금리 491-19번지,48330,25321,0,0491,0019,1264101,,,,1,용도지역코드,1020,일반주거지역,1,0,,일반주거지역,20221008
경상남도 양산시 물금읍 물금리 491-22번지,48330,25321,0,0491,0022,1264100128164,,,,1,용도지역코드,UQA121,제1종일반주거지역,1,0,,제1종일반주거지역,20221008
경상남도 양산시 물금읍 물금리 493번지,48330,25321,0,0493,0000,1264100103373,,,,1,용도지역코드,UQA121,제1종일반주거지역,1,0,,제1종일반주거지역,20221008
경상남도 양산시 물금읍 물금리 506-4번지,48330,25321,0,0506,0004,12645422,,,,1,용도지역코드,1022,제2종일반주거지역,1,0,,제2종일반주거지역,20221008
경상남도 양산시 물금읍 물금리 514-10번지,48330,25321,0,0514,0010,1264100128402,,,,1,용도지역코드,UQA122,제2종일반주거지역,1,0,,제2종일반주거지역,20221008
경상남도 양산시 물금읍 물금리 514-10번지,48330,25321,0,0514,0010,1264100128402,,,,3,용도구역코드,UMZ100,가축사육제한구역,1,0,,가축사육제한구역,20221008
경상남도 양산시 물금읍 물금리 514-10번지,48330,25321,0,0514,0010,1264100128402,,,,3,용도구역코드,UOA120,상대보호구역,0,0,,상대보호구역,20221008
경상남도 양산시 물금읍 물금리 514-10번지,48330,25321,0,0514,0010,1264100128401,,,,1,용도지역코드,UQA122,제2종일반주거지역,1,0,,제2종일반주거지역,20221008
경상남도 양산시 물금읍 물금리 514-10번지,48330,25321,0,0514,0010,1264100128401,,,,3,용도구역코드,UMZ100,가축사육제한구역,1,0,,가축사육제한구역,20221008
경상남도 양산시 물금읍 물금리 514-10번지,48330,25321,0,0514,0010,1264100128401,,,,3,용도구역코드,UOA120,상대보호구역,0,0,,상대보호구역,20221008
경상남도 양산시 물금읍 물금리 514-11번지,48330,25321,0,0514,0011,12648435,,,,1,용도지역코드,1022,제2종일반주거지역,1,0,,제2종일반주거지역,20221008
경상남도 양산시 물금읍 물금리 514-11번지,48330,25321,0,0514,0011,1264100013073,,,,1,용도지역코드,1022,제2종일반주거지역,1,0,,제2종일반주거지역,20221008
경상남도 양산시 물금읍 물금리 514-13번지,48330,25321,0,0514,0013,12642097,,,,1,용도지역코드,1020,일반주거지역,1,0,,일반주거지역,20221008
경상남도 양산시 물금읍 물금리 514-17번지,48330,25321,0,0514,0017,1264100058812,,,,1,용도지역코드,UQA121,제1종일반주거지역,1,0,,제1종일반주거지역,20221008
경상남도 양산시 물금읍 물금리 517-1번지,48330,25321,0,0517,0001,1264255,,,,1,용도지역코드,1020,일반주거지역,1,0,,일반주거지역,20221008
경상남도 양산시 물금읍 물금리 518-3번지,48330,25321,0,0518,0003,1264100028331,,,,1,용도지역코드,UQA121,제1종일반주거지역,1,0,,제1종일반주거지역,20221008
경상남도 양산시 물금읍 물금리 518-5번지,48330,25321,0,0518,0005,1264100147083,,,,1,용도지역코드,UQA122,제2종일반주거지역,1,0,,제2종일반주거지역,20221008
경상남도 양산시 물금읍 물금리 518-5번지,48330,25321,0,0518,0005,1264100147083,,,,3,용도구역코드,UMZ100,가축사육제한구역,1,0,,가축사육제한구역,20221008
경상남도 양산시 물금읍 물금리 518-5번지,48330,25321,0,0518,0005,1264100037277,,,,1,용도지역코드,UQA122,제2종일반주거지역,1,0,,제2종일반주거지역,20221008
경상남도 양산시 물금읍 물금리 525-9번지,48330,25321,0,0525,0009,1264100099555,,,,1,용도지역코드,UQA121,제1종일반주거지역,1,0,,제1종일반주거지역,20221008
경상남도 양산시 물금읍 물금리 528-4번지,48330,25321,0,0528,0004,1264100083009,,,,1,용도지역코드,UQA121,제1종일반주거지역,1,0,,제1종일반주거지역,20221008
경상남도 양산시 물금읍 물금리 528-4번지,48330,25321,0,0528,0004,1264100108443,,,,1,용도지역코드,UQA121,제1종일반주거지역,1,0,,제1종일반주거지역,20221008
경상남도 양산시 물금읍 물금리 530-2번지,48330,25321,0,0530,0002,1264394,경상남도 양산시 물금읍 물금리,530,2,1,용도지역코드,1330,자연녹지지역,1,0,,자연녹지지역,20221008
경상남도 양산시 물금읍 물금리 572-1번지,48330,25321,0,0572,0001,1264100151390,,,,1,용도지역코드,UQA430,자연녹지지역,1,0,,자연녹지지역,20231202
경상남도 양산시 물금읍 물금리 572-1번지,48330,25321,0,0572,0001,1264100138225,,,,1,용도지역코드,UQA430,자연녹지지역,1,0,,자연녹지지역,20221008
경상남도 양산시 물금읍 물금리 580-1번지,48330,25321,0,0580,0001,12642232,,,,1,용도지역코드,Z200,준농림지역,1,0,,준농림지역,20221008
경상남도 양산시 물금읍 물금리 580-2번지,48330,25321,0,0580,0002,1264100072620,,,,1,용도지역코드,UQA430,자연녹지지역,1,0,,자연녹지지역,20221008
경상남도 양산시 물금읍 물금리 580-5번지,48330,25321,0,0580,0005,1264100076579,,,,1,용도지역코드,UOC800,역사문화환경보존지역,,,,역사문화환경보존지역,20221008
경상남도 양산시 물금읍 물금리 580-5번지,48330,25321,0,0580,0005,1264100076579,,,,1,용도지역코드,UQA430,자연녹지지역,1,0,,자연녹지지역,20221008
경상남도 양산시 물금읍 물금리 580-8번지,48330,25321,0,0580,0008,1264100049227,,,,1,용도지역코드,UQA430,자연녹지지역,1,0,,자연녹지지역,20221008
경상남도 양산시 물금읍 물금리 620번지,48330,25321,0,0620,0000,1264100137263,,,,1,용도지역코드,UQA410,보전녹지지역,1,0,,보전녹지지역,20221008
경상남도 양산시 물금읍 물금리 620번지,48330,25321,0,0620,0000,1264100137263,,,,1,용도지역코드,UQA430,자연녹지지역,0,0,,자연녹지지역,20221008
경상남도 양산시 물금읍 물금리 620번지,48330,25321,0,0620,0000,1264100137263,,,,1,용도지역코드,UOC800,역사문화환경보존지역,0,0,,역사문화환경보존지역,20221008
경상남도 양산시 물금읍 물금리 631번지,48330,25321,0,0631,0000,1000000000000000594216,,,,3,용도구역코드,UDV100,개발제한구역,1,0,,개발제한구역,20250922
경상남도 양산시 물금읍 물금리 631번지,48330,25321,0,0631,0000,1000000000000000594216,,,,1,용도지역코드,UQA430,자연녹지지역,1,0,,자연녹지지역,20250922
경상남도 양산시 물금읍 물금리 631번지,48330,25321,0,0631,0000,1000000000000000758373,,,,1,용도지역코드,UQA430,자연녹지지역,1,0,,자연녹지지역,20260526
경상남도 양산시 물금읍 물금리 631번지,48330,25321,0,0631,0000,1264100112416,,,,1,용도지역코드,UQA430,자연녹지지역,1,0,,자연녹지지역,20221008
경상남도 양산시 물금읍 물금리 631번지,48330,25321,0,0631,0000,1264100112416,,,,3,용도구역코드,UDV100,개발제한구역,1,0,,개발제한구역,20221008
경상남도 양산시 물금읍 물금리 631번지,48330,25321,0,0631,0000,1264100112416,,,,3,용도구역코드,UMZ100,가축사육제한구역,0,0,,가축사육제한구역,20221008
경상남도 양산시 물금읍 물금리 631번지,48330,25321,0,0631,0000,1264100112416,,,,3,용도구역코드,UJB100,하천구역,0,0,,하천구역,20221008
경상남도 양산시 물금읍 물금리 631번지,48330,25321,0,0631,0000,1264100105795,,,,1,용도지역코드,UQA430,자연녹지지역,1,0,,자연녹지지역,20221008
경상남도 양산시 물금읍 물금리 631번지,48330,25321,0,0631,0000,1264100105795,,,,1,용도지역코드,UOC800,역사문화환경보존지역,0,0,,역사문화환경보존지역,20221008
경상남도 양산시 물금읍 물금리 631번지,48330,25321,0,0631,0000,1264100105795,,,,3,용도구역코드,UDV100,개발제한구역,1,0,,개발제한구역,20221008
경상남도 양산시 물금읍 물금리 631번지,48330,25321,0,0631,0000,1264100105795,,,,3,용도구역코드,UJB100,하천구역,0,0,,하천구역,20221008
경상남도 양산시 물금읍 물금리 635-9번지,48330,25321,0,0635,0009,12641268,635-9,,,1,용도지역코드,1020,일반주거지역,1,0,,일반주거지역,20221008
경상남도 양산시 물금읍 물금리 641-8번지,48330,25321,0,0641,0008,12641633,,,,1,용도지역코드,1020,일반주거지역,1,0,,일반주거지역,20221008
경상남도 양산시 물금읍 물금리 663번지,48330,25321,0,0663,0000,1000000000000000687567,,,,1,용도지역코드,UQA001,도시지역,1,0,,도시지역,20250324
경상남도 양산시 물금읍 물금리 663번지,48330,25321,0,0663,0000,1000000000000000687567,,,,3,용도구역코드,UDV100,개발제한구역,1,0,,개발제한구역,20250324
경상남도 양산시 물금읍 물금리 666-5번지,48330,25321,0,0666,0005,1264100146184,,,,1,용도지역코드,UQA122,제2종일반주거지역,1,0,,제2종일반주거지역,20221207
경상남도 양산시 물금읍 물금리 666-5번지,48330,25321,0,0666,0005,1264100146184,,,,3,용도구역코드,UQQ310,제1종지구단위계획구역,1,0,,제1종지구단위계획구역,20221207
경상남도 양산시 물금읍 물금리 666-6번지,48330,25321,0,0666,0006,1264100042322,,,,1,용도지역코드,UQA122,제2종일반주거지역,1,0,,제2종일반주거지역,20221008
경상남도 양산시 물금읍 물금리 666-6번지,48330,25321,0,0666,0006,1264100042322,,,,3,용도구역코드,UQQ310,제1종지구단위계획구역,1,0,,제1종지구단위계획구역,20221008
경상남도 양산시 물금읍 물금리 666-7번지,48330,25321,0,0666,0007,1264100146083,,,,1,용도지역코드,UQA122,제2종일반주거지역,1,0,,제2종일반주거지역,20221008
경상남도 양산시 물금읍 물금리 666-7번지,48330,25321,0,0666,0007,1264100146083,,,,2,용도지구코드,UIK100,철도보호지구,1,0,,철도보호지구,20221008
경상남도 양산시 물금읍 물금리 666-7번지,48330,25321,0,0666,0007,1264100146083,,,,3,용도구역코드,UQQ310,제1종지구단위계획구역,1,0,,제1종지구단위계획구역,20221008
경상남도 양산시 물금읍 물금리 666-7번지,48330,25321,0,0666,0007,1264100146083,,,,3,용도구역코드,UDT100,정비구역,0,0,,정비구역,20221008
경상남도 양산시 물금읍 물금리 666-28번지,48330,25321,0,0666,0028,1264100090781,,,,1,용도지역코드,UQA122,제2종일반주거지역,1,0,,제2종일반주거지역,20221008
경상남도 양산시 물금읍 물금리 666-28번지,48330,25321,0,0666,0028,1264100090781,,,,3,용도구역코드,UQQ310,제1종지구단위계획구역,1,0,,제1종지구단위계획구역,20221008
경상남도 양산시 물금읍 물금리 666-28번지,48330,25321,0,0666,0028,1264100097607,,,,1,용도지역코드,UQA122,제2종일반주거지역,1,0,,제2종일반주거지역,20221008
경상남도 양산시 물금읍 물금리 666-28번지,48330,25321,0,0666,0028,1264100097607,,,,3,용도구역코드,UQQ310,제1종지구단위계획구역,1,0,,제1종지구단위계획구역,20221008
경상남도 양산시 물금읍 물금리 668-4번지,48330,25321,0,0668,0004,1264100156910,,,,3,용도구역코드,UQQ310,제1종지구단위계획구역,1,0,,제1종지구단위계획구역,20221115
경상남도 양산시 물금읍 물금리 668-4번지,48330,25321,0,0668,0004,1264100156910,,,,1,용도지역코드,UQA122,제2종일반주거지역,1,0,,제2종일반주거지역,20221115
경상남도 양산시 물금읍 물금리 673-1번지,48330,25321,0,0673,0001,1264100134908,,,,1,용도지역코드,UQA430,자연녹지지역,1,0,,자연녹지지역,20221008
경상남도 양산시 물금읍 물금리 673-1번지,48330,25321,0,0673,0001,1264100134908,,,,1,용도지역코드,UQA122,제2종일반주거지역,0,0,,제2종일반주거지역,20221008
경상남도 양산시 물금읍 물금리 673-1번지,48330,25321,0,0673,0001,1264100134908,,,,3,용도구역코드,UQQ310,제1종지구단위계획구역,1,0,,제1종지구단위계획구역,20221008
경상남도 양산시 물금읍 물금리 673-9번지,48330,25321,0,0673,0009,1000000000000000623648,,,,3,용도구역코드,UQQ310,제1종지구단위계획구역,1,0,,제1종지구단위계획구역,20241121
경상남도 양산시 물금읍 물금리 673-9번지,48330,25321,0,0673,0009,1000000000000000623648,,,,1,용도지역코드,UQA121,제1종일반주거지역,1,0,,제1종일반주거지역,20241121
경상남도 양산시 물금읍 물금리 673-16번지,48330,25321,0,0673,0016,1264100047105,,,,1,용도지역코드,UQA121,제1종일반주거지역,1,0,,제1종일반주거지역,20221008
경상남도 양산시 물금읍 물금리 673-20번지,48330,25321,0,0673,0020,1000000000000000270863,,,,1,용도지역코드,UQA122,제2종일반주거지역,1,0,,제2종일반주거지역,20241127
경상남도 양산시 물금읍 물금리 673-20번지,48330,25321,0,0673,0020,1000000000000000270863,,,,3,용도구역코드,UMZ100,가축사육제한구역,0,0,,가축사육제한구역,20241127
경상남도 양산시 물금읍 물금리 673-20번지,48330,25321,0,0673,0020,1000000000000000270863,,,,3,용도구역코드,UQQ310,제1종지구단위계획구역,1,0,,제1종지구단위계획구역,20241127
경상남도 양산시 물금읍 물금리 673-20번지,48330,25321,0,0673,0020,1000000000000000270863,,,,2,용도지구코드,UIK100,철도보호지구,1,0,,철도보호지구,20241127
경상남도 양산시 물금읍 물금리 673-20번지,48330,25321,0,0673,0020,1000000000000000270863,,,,3,용도구역코드,UDT100,정비구역,0,0,,정비구역,20241127
경상남도 양산시 물금읍 물금리 674번지,48330,25321,0,0674,0000,1264100155330,,,,1,용도지역코드,UQA121,제1종일반주거지역,1,0,,제1종일반주거지역,20250519
경상남도 양산시 물금읍 물금리 678-2번지,48330,25321,0,0678,0002,12641175,,,,1,용도지역코드,0100,도시지역,1,0,,도시지역,20221008
경상남도 양산시 물금읍 물금리 678-2번지,48330,25321,0,0678,0002,12641175,,,,1,용도지역코드,1020,일반주거지역,0,0,,일반주거지역,20221008
경상남도 양산시 물금읍 물금리 678-5번지,48330,25321,0,0678,0005,1264100111357,,,,1,용도지역코드,UQA121,제1종일반주거지역,1,0,,제1종일반주거지역,20260527
경상남도 양산시 물금읍 물금리 680번지,48330,25321,0,0680,0000,1264100082360,,,,1,용도지역코드,UQA121,제1종일반주거지역,1,0,,제1종일반주거지역,20221008
경상남도 양산시 물금읍 물금리 681-8번지,48330,25321,0,0681,0008,12641496,,,,1,용도지역코드,1020,일반주거지역,1,0,,일반주거지역,20221008
경상남도 양산시 물금읍 물금리 682-2번지,48330,25321,0,0682,0002,1264100052094,,,,1,용도지역코드,UQA121,제1종일반주거지역,1,0,,제1종일반주거지역,20221008
경상남도 양산시 물금읍 물금리 682-2번지,48330,25321,0,0682,0002,1264100052094,,,,3,용도구역코드,UQQ310,제1종지구단위계획구역,1,0,,제1종지구단위계획구역,20221008
경상남도 양산시 물금읍 물금리 686-3번지,48330,25321,0,0686,0003,1264100047465,,,,1,용도지역코드,UQA122,제2종일반주거지역,1,0,,제2종일반주거지역,20221008
경상남도 양산시 물금읍 물금리 687-1번지,48330,25321,0,0687,0001,12643,,,,1,용도지역코드,1020,일반주거지역,1,0,,일반주거지역,20221008
경상남도 양산시 물금읍 물금리 687-1번지,48330,25321,0,0687,0001,1264106,,,,1,용도지역코드,1020,일반주거지역,1,0,,일반주거지역,20221008
경상남도 양산시 물금읍 물금리 688번지,48330,25321,0,0688,0000,1264100131885,,,,1,용도지역코드,UQA122,제2종일반주거지역,1,0,,제2종일반주거지역,20221008
경상남도 양산시 물금읍 물금리 688번지,48330,25321,0,0688,0000,1264100131885,,,,3,용도구역코드,UQQ310,제1종지구단위계획구역,1,0,,제1종지구단위계획구역,20221008
경상남도 양산시 물금읍 물금리 688번지,48330,25321,0,0688,0000,1264100131885,,,,3,용도구역코드,UMZ100,가축사육제한구역,0,0,,가축사육제한구역,20221008
경상남도 양산시 물금읍 물금리 688번지,48330,25321,0,0688,0000,1264100131885,,,,3,용도구역코드,UDT100,정비구역,0,0,,정비구역,20221008
경상남도 양산시 물금읍 물금리 688번지,48330,25321,0,0688,0000,1000000000000000678747,,,,3,용도구역코드,UQQ310,제1종지구단위계획구역,1,0,,제1종지구단위계획구역,20250709
경상남도 양산시 물금읍 물금리 688번지,48330,25321,0,0688,0000,1000000000000000678747,,,,1,용도지역코드,UQA122,제2종일반주거지역,1,0,,제2종일반주거지역,20250709
경상남도 양산시 물금읍 물금리 688번지,48330,25321,0,0688,0000,1000000000000000678747,,,,3,용도구역코드,UDT100,정비구역,0,0,,정비구역,20250709
경상남도 양산시 물금읍 물금리 688번지,48330,25321,0,0688,0000,1000000000000000678747,,,,3,용도구역코드,UMZ100,가축사육제한구역,0,0,,가축사육제한구역,20250709
경상남도 양산시 물금읍 물금리 689-1번지,48330,25321,0,0689,0001,1000000000000000276389,,,,3,용도구역코드,UQQ310,제1종지구단위계획구역,1,0,,제1종지구단위계획구역,20230501
경상남도 양산시 물금읍 물금리 689-1번지,48330,25321,0,0689,0001,1000000000000000276389,,,,1,용도지역코드,UQA122,제2종일반주거지역,1,0,,제2종일반주거지역,20230501
경상남도 양산시 물금읍 물금리 689-1번지,48330,25321,0,0689,0001,1000000000000000276313,,,,3,용도구역코드,UQQ310,제1종지구단위계획구역,1,0,,제1종지구단위계획구역,20230419
경상남도 양산시 물금읍 물금리 689-1번지,48330,25321,0,0689,0001,1000000000000000276313,,,,1,용도지역코드,UQA122,제2종일반주거지역,1,0,,제2종일반주거지역,20230419
경상남도 양산시 물금읍 물금리 689-1번지,48330,25321,0,0689,0001,1264100042824,,,,1,용도지역코드,UQA122,제2종일반주거지역,1,0,,제2종일반주거지역,20221008
경상남도 양산시 물금읍 물금리 689-1번지,48330,25321,0,0689,0001,1264100042824,,,,3,용도구역코드,UQQ310,제1종지구단위계획구역,1,0,,제1종지구단위계획구역,20221008
경상남도 양산시 물금읍 물금리 689-1번지,48330,25321,0,0689,0001,1264100042824,,,,3,용도구역코드,UDT100,정비구역,0,0,,정비구역,20221008
경상남도 양산시 물금읍 물금리 690-16번지,48330,25321,0,0690,0016,1264100033888,,,,3,용도구역코드,UQQ310,제1종지구단위계획구역,1,0,,제1종지구단위계획구역,20221008
경상남도 양산시 물금읍 물금리 690-16번지,48330,25321,0,0690,0016,1264100033888,,,,3,용도구역코드,UDT100,정비구역,0,0,,정비구역,20221008
경상남도 양산시 물금읍 물금리 690-16번지,48330,25321,0,0690,0016,1264100033888,,,,1,용도지역코드,UQA122,제2종일반주거지역,1,0,,제2종일반주거지역,20221008
경상남도 양산시 물금읍 물금리 691-17번지,48330,25321,0,0691,0017,1264100050788,,,,1,용도지역코드,UQA122,제2종일반주거지역,1,0,,제2종일반주거지역,20221008
경상남도 양산시 물금읍 물금리 691-17번지,48330,25321,0,0691,0017,1264100050788,,,,3,용도구역코드,UQQ310,제1종지구단위계획구역,1,0,,제1종지구단위계획구역,20221008
경상남도 양산시 물금읍 물금리 708번지,48330,25321,0,0708,0000,1264100069359,,,,1,용도지역코드,UQA121,제1종일반주거지역,,,,제1종일반주거지역,20221008
경상남도 양산시 물금읍 물금리 708번지,48330,25321,0,0708,0000,1264100069359,,,,1,용도지역코드,UQA430,자연녹지지역,1,0,,자연녹지지역,20221008
경상남도 양산시 물금읍 물금리 715-2번지,48330,25321,0,0715,0002,1264100066839,,,,1,용도지역코드,UQA121,제1종일반주거지역,1,0,,제1종일반주거지역,20221008
경상남도 양산시 물금읍 물금리 715-12번지,48330,25321,0,0715,0012,1264100091885,,,,1,용도지역코드,UQA121,제1종일반주거지역,1,0,,제1종일반주거지역,20221008
경상남도 양산시 물금읍 물금리 722-20번지,48330,25321,0,0722,0020,1264100042383,,,,1,용도지역코드,UQA121,제1종일반주거지역,1,0,,제1종일반주거지역,20221008
경상남도 양산시 물금읍 물금리 725번지,48330,25321,0,0725,0000,12646799,,,,1,용도지역코드,1021,제1종일반주거지역,1,0,,제1종일반주거지역,20221008
경상남도 양산시 물금읍 물금리 727-3번지,48330,25321,0,0727,0003,1264100043362,,,,3,용도구역코드,UQQ310,제1종지구단위계획구역,1,0,,제1종지구단위계획구역,20221008
경상남도 양산시 물금읍 물금리 727-3번지,48330,25321,0,0727,0003,1264100043362,,,,1,용도지역코드,UQA122,제2종일반주거지역,1,0,,제2종일반주거지역,20221008
경상남도 양산시 물금읍 물금리 731-6번지,48330,25321,0,0731,0006,12645608,,,,1,용도지역코드,1022,제2종일반주거지역,1,0,,제2종일반주거지역,20221008
경상남도 양산시 물금읍 물금리 731-9번지,48330,25321,0,0731,0009,1264100078522,,,,1,용도지역코드,UQA121,제1종일반주거지역,1,0,,제1종일반주거지역,20221008
경상남도 양산시 물금읍 물금리 731-9번지,48330,25321,0,0731,0009,1264100078522,,,,1,용도지역코드,UQA122,제2종일반주거지역,0,0,,제2종일반주거지역,20221008
경상남도 양산시 물금읍 물금리 731-9번지,48330,25321,0,0731,0009,1264100078522,,,,3,용도구역코드,UQQ310,제1종지구단위계획구역,1,0,,제1종지구단위계획구역,20221008
경상남도 양산시 물금읍 물금리 731-9번지,48330,25321,0,0731,0009,1264100078522,,,,3,용도구역코드,UDT100,정비구역,0,0,,정비구역,20221008
경상남도 양산시 물금읍 물금리 739-3번지,48330,25321,0,0739,0003,1264171,,,,1,용도지역코드,1020,일반주거지역,1,0,,일반주거지역,20221008
경상남도 양산시 물금읍 물금리 750-1번지,48330,25321,0,0750,0001,1000000000000000216419,,,,1,용도지역코드,UQA122,제2종일반주거지역,1,0,,제2종일반주거지역,20230117
경상남도 양산시 물금읍 물금리 751-1번지,48330,25321,0,0751,0001,1264100089582,,,,1,용도지역코드,UQA122,제2종일반주거지역,1,0,,제2종일반주거지역,20221008
경상남도 양산시 물금읍 물금리 751-1번지,48330,25321,0,0751,0001,1264100089582,,,,3,용도구역코드,UDT100,정비구역,1,0,,정비구역,20221008
경상남도 양산시 물금읍 물금리 751-4번지,48330,25321,0,0751,0004,1264100065519,,,,1,용도지역코드,UQA122,제2종일반주거지역,1,0,,제2종일반주거지역,20221008
경상남도 양산시 물금읍 물금리 751-4번지,48330,25321,0,0751,0004,1264100065519,,,,3,용도구역코드,UQQ310,제1종지구단위계획구역,1,0,,제1종지구단위계획구역,20221008
경상남도 양산시 물금읍 물금리 751-4번지,48330,25321,0,0751,0004,1264100065519,,,,3,용도구역코드,UDT100,정비구역,0,0,,정비구역,20221008
경상남도 양산시 물금읍 물금리 751-4번지,48330,25321,0,0751,0004,1264100037852,,,,1,용도지역코드,UQA122,제2종일반주거지역,1,0,,제2종일반주거지역,20221008
경상남도 양산시 물금읍 물금리 751-4번지,48330,25321,0,0751,0004,1264100037852,,,,3,용도구역코드,UQQ310,제1종지구단위계획구역,1,0,,제1종지구단위계획구역,20221008
경상남도 양산시 물금읍 물금리 751-4번지,48330,25321,0,0751,0004,1264100037852,,,,3,용도구역코드,UDT100,정비구역,0,0,,정비구역,20221008
경상남도 양산시 물금읍 물금리 751-12번지,48330,25321,0,0751,0012,12646736,,,,1,용도지역코드,1022,제2종일반주거지역,1,0,,제2종일반주거지역,20221008
경상남도 양산시 물금읍 물금리 753-7번지,48330,25321,0,0753,0007,1264100127961,,,,1,용도지역코드,UQA122,제2종일반주거지역,1,0,,제2종일반주거지역,20221008
경상남도 양산시 물금읍 물금리 753-7번지,48330,25321,0,0753,0007,1264100127961,,,,3,용도구역코드,UQQ310,제1종지구단위계획구역,1,0,,제1종지구단위계획구역,20221008
경상남도 양산시 물금읍 물금리 753-7번지,48330,25321,0,0753,0007,1264100127961,,,,3,용도구역코드,UDT100,정비구역,0,0,,정비구역,20221008
경상남도 양산시 물금읍 물금리 753-10번지,48330,25321,0,0753,0010,1264100135464,,,,1,용도지역코드,UQA122,제2종일반주거지역,1,0,,제2종일반주거지역,20221008
경상남도 양산시 물금읍 물금리 753-10번지,48330,25321,0,0753,0010,1264100135464,,,,3,용도구역코드,UQQ310,제1종지구단위계획구역,1,0,,제1종지구단위계획구역,20221008
경상남도 양산시 물금읍 물금리 755-2번지,48330,25321,0,0755,0002,1264100045327,,,,1,용도지역코드,UQA122,제2종일반주거지역,1,0,,제2종일반주거지역,20221008
경상남도 양산시 물금읍 물금리 755-2번지,48330,25321,0,0755,0002,1264100045327,,,,3,용도구역코드,UQQ310,제1종지구단위계획구역,1,0,,제1종지구단위계획구역,20221008
경상남도 양산시 물금읍 물금리 755-2번지,48330,25321,0,0755,0002,1264100050827,,,,1,용도지역코드,UQA122,제2종일반주거지역,1,0,,제2종일반주거지역,20221008
경상남도 양산시 물금읍 물금리 755-2번지,48330,25321,0,0755,0002,1264100050827,,,,3,용도구역코드,UQQ310,제1종지구단위계획구역,1,0,,제1종지구단위계획구역,20221008
경상남도 양산시 물금읍 물금리 756번지,48330,25321,0,0756,0000,12646809,,,,1,용도지역코드,1022,제2종일반주거지역,1,0,,제2종일반주거지역,20221008
경상남도 양산시 물금읍 물금리 763-3번지,48330,25321,0,0763,0003,12644800,,,,1,용도지역코드,1022,제2종일반주거지역,1,0,,제2종일반주거지역,20221008
경상남도 양산시 물금읍 물금리 764-2번지,48330,25321,0,0764,0002,12644801,,,,1,용도지역코드,1022,제2종일반주거지역,1,0,,제2종일반주거지역,20221008
경상남도 양산시 물금읍 물금리 766-1번지,48330,25321,0,0766,0001,1264100084985,,,,1,용도지역코드,UQA122,제2종일반주거지역,1,0,,제2종일반주거지역,20221008
경상남도 양산시 물금읍 물금리 766-1번지,48330,25321,0,0766,0001,1264100084985,,,,3,용도구역코드,UQQ310,제1종지구단위계획구역,1,0,,제1종지구단위계획구역,20221008
경상남도 양산시 물금읍 물금리 766-1번지,48330,25321,0,0766,0001,1264100084985,,,,3,용도구역코드,UDT100,정비구역,0,0,,정비구역,20221008
경상남도 양산시 물금읍 물금리 767-13번지,48330,25321,0,0767,0013,1264100072539,,,,1,용도지역코드,UQA122,제2종일반주거지역,1,0,,제2종일반주거지역,20221008
경상남도 양산시 물금읍 물금리 768-1번지,48330,25321,0,0768,0001,126429,,,,1,용도지역코드,1020,일반주거지역,1,0,,일반주거지역,20221008
경상남도 양산시 물금읍 물금리 768-11번지,48330,25321,0,0768,0011,1264100150612,,,,1,용도지역코드,UQA122,제2종일반주거지역,1,0,,제2종일반주거지역,20221008
경상남도 양산시 물금읍 물금리 768-11번지,48330,25321,0,0768,0011,1264100150612,,,,1,용도지역코드,UQA220,일반상업지역,0,0,,일반상업지역,20221008
경상남도 양산시 물금읍 물금리 769-6번지,48330,25321,0,0769,0006,1264100138844,,,,1,용도지역코드,UQA220,일반상업지역,1,0,,일반상업지역,20221008
경상남도 양산시 물금읍 물금리 769-6번지,48330,25321,0,0769,0006,1264100138844,,,,1,용도지역코드,UQA122,제2종일반주거지역,0,0,,제2종일반주거지역,20221008
경상남도 양산시 물금읍 물금리 771-9번지,48330,25321,0,0771,0009,12647347,,,,1,용도지역코드,1120,일반상업지역,1,0,,일반상업지역,20221008
경상남도 양산시 물금읍 물금리 771-9번지,48330,25321,0,0771,0009,1264100116577,,,,1,용도지역코드,UQA220,일반상업지역,1,0,,일반상업지역,20221008
경상남도 양산시 물금읍 물금리 771-12번지,48330,25321,0,0771,0012,1264100127521,,,,1,용도지역코드,UQA122,제2종일반주거지역,1,0,,제2종일반주거지역,20221008
경상남도 양산시 물금읍 물금리 771-13번지,48330,25321,0,0771,0013,1264100152651,,,,1,용도지역코드,UQA122,제2종일반주거지역,1,0,,제2종일반주거지역,20221008
경상남도 양산시 물금읍 물금리 771-15번지,48330,25321,0,0771,0015,1000000000000000838924,,,,1,용도지역코드,UQA122,제2종일반주거지역,1,0,,제2종일반주거지역,20251111
경상남도 양산시 물금읍 물금리 771-18번지,48330,25321,0,0771,0018,12642687,,,,1,용도지역코드,1020,일반주거지역,1,0,,일반주거지역,20221008
경상남도 양산시 물금읍 물금리 772-9번지,48330,25321,0,0772,0009,12646145,,,,1,용도지역코드,1022,제2종일반주거지역,1,0,,제2종일반주거지역,20221008
경상남도 양산시 물금읍 물금리 772-9번지,48330,25321,0,0772,0009,1264100083522,,,,1,용도지역코드,UQA122,제2종일반주거지역,1,0,,제2종일반주거지역,20221008
경상남도 양산시 물금읍 물금리 772-9번지,48330,25321,0,0772,0009,1264100087241,,,,1,용도지역코드,UQA122,제2종일반주거지역,1,0,,제2종일반주거지역,20221008
경상남도 양산시 물금읍 물금리 772-15번지,48330,25321,0,0772,0015,1264100087844,,,,1,용도지역코드,UQA122,제2종일반주거지역,1,0,,제2종일반주거지역,20221008
경상남도 양산시 물금읍 물금리 772-22번지,48330,25321,0,0772,0022,1264100141705,,,,1,용도지역코드,UQA122,제2종일반주거지역,1,0,,제2종일반주거지역,20221008
경상남도 양산시 물금읍 물금리 772-22번지,48330,25321,0,0772,0022,1264100088022,,,,1,용도지역코드,UQA122,제2종일반주거지역,1,0,,제2종일반주거지역,20221008
경상남도 양산시 물금읍 물금리 772-29번지,48330,25321,0,0772,0029,1264100139445,,,,1,용도지역코드,UQA122,제2종일반주거지역,1,0,,제2종일반주거지역,20221008
경상남도 양산시 물금읍 물금리 773번지,48330,25321,0,0773,0000,1264100126725,,,,1,용도지역코드,UQA220,일반상업지역,1,0,,일반상업지역,20221008
경상남도 양산시 물금읍 물금리 774-37번지,48330,25321,0,0774,0037,126469,,,,1,용도지역코드,1020,일반주거지역,1,0,,일반주거지역,20221008
경상남도 양산시 물금읍 물금리 774-40번지,48330,25321,0,0774,0040,1264319,,,,1,용도지역코드,1020,일반주거지역,1,0,,일반주거지역,20221008
경상남도 양산시 물금읍 물금리 774-67번지,48330,25321,0,0774,0067,1000000000000000469698,,,,1,용도지역코드,UQA122,제2종일반주거지역,1,0,,제2종일반주거지역,20240305
경상남도 양산시 물금읍 물금리 774-87번지,48330,25321,0,0774,0087,1264100112297,,,,1,용도지역코드,UQA220,일반상업지역,1,0,,일반상업지역,20221008
경상남도 양산시 물금읍 물금리 774-87번지,48330,25321,0,0774,0087,1264100112297,,,,3,용도구역코드,UMZ100,가축사육제한구역,1,0,,가축사육제한구역,20221008
경상남도 양산시 물금읍 물금리 774-87번지,48330,25321,0,0774,0087,12646339,,,,1,용도지역코드,1120,일반상업지역,1,0,,일반상업지역,20221008
경상남도 양산시 물금읍 물금리 774-88번지,48330,25321,0,0774,0088,1000000000000000335774,,,,1,용도지역코드,UQA220,일반상업지역,1,0,,일반상업지역,20230712
경상남도 양산시 물금읍 물금리 774-88번지,48330,25321,0,0774,0088,1000000000000000335774,,,,1,용도지역코드,UQA430,자연녹지지역,0,0,,자연녹지지역,20230712
경상남도 양산시 물금읍 물금리 774-88번지,48330,25321,0,0774,0088,1264100152053,,,,1,용도지역코드,UQA220,일반상업지역,1,0,,일반상업지역,20221008
경상남도 양산시 물금읍 물금리 774-88번지,48330,25321,0,0774,0088,1264100152053,,,,1,용도지역코드,UQA430,자연녹지지역,0,0,,자연녹지지역,20221008
경상남도 양산시 물금읍 물금리 774-88번지,48330,25321,0,0774,0088,1264100152053,,,,2,용도지구코드,UIK100,철도보호지구,1,0,,철도보호지구,20221008
경상남도 양산시 물금읍 물금리 774-94번지,48330,25321,0,0774,0094,1000000000000000987945,,,,1,용도지역코드,UQA122,제2종일반주거지역,1,0,,제2종일반주거지역,20260702
경상남도 양산시 물금읍 물금리 774-94번지,48330,25321,0,0774,0094,1000000000000000987945,,,,3,용도구역코드,UQQ310,제1종지구단위계획구역,1,0,,제1종지구단위계획구역,20260702
경상남도 양산시 물금읍 물금리 774-109번지,48330,25321,0,0774,0109,12641303,774-109,,,1,용도지역코드,1020,일반주거지역,1,0,,일반주거지역,20221008
경상남도 양산시 물금읍 물금리 774-110번지,48330,25321,0,0774,0110,1000000000000000845077,,,,1,용도지역코드,UQA122,제2종일반주거지역,1,0,,제2종일반주거지역,20251120
경상남도 양산시 물금읍 물금리 774-110번지,48330,25321,0,0774,0110,1000000000000000845077,,,,2,용도지구코드,UIK100,철도보호지구,1,0,,철도보호지구,20251120
경상남도 양산시 물금읍 물금리 774-112번지,48330,25321,0,0774,0112,1264100149890,,,,2,용도지구코드,UIK100,철도보호지구,1,0,,철도보호지구,20251203
경상남도 양산시 물금읍 물금리 774-112번지,48330,25321,0,0774,0112,1264100149890,,,,3,용도구역코드,UMZ100,가축사육제한구역,1,0,,가축사육제한구역,20251203
경상남도 양산시 물금읍 물금리 774-112번지,48330,25321,0,0774,0112,1264100149890,,,,1,용도지역코드,UQA122,제2종일반주거지역,1,0,,제2종일반주거지역,20251203
경상남도 양산시 물금읍 물금리 774-118번지,48330,25321,0,0774,0118,1264100119379,,,,1,용도지역코드,UQA220,일반상업지역,1,0,,일반상업지역,20221008
경상남도 양산시 물금읍 물금리 774-118번지,48330,25321,0,0774,0118,1264100111257,,,,1,용도지역코드,UQA220,일반상업지역,1,0,,일반상업지역,20221008
경상남도 양산시 물금읍 물금리 774-128번지,48330,25321,0,0774,0128,12646334,,,,1,용도지역코드,1120,일반상업지역,1,0,,일반상업지역,20221008
경상남도 양산시 물금읍 물금리 774-155번지,48330,25321,0,0774,0155,1264100155752,,,,2,용도지구코드,UIK100,철도보호지구,1,0,,철도보호지구,20221123
경상남도 양산시 물금읍 물금리 774-155번지,48330,25321,0,0774,0155,1264100155752,,,,1,용도지역코드,UQA122,제2종일반주거지역,1,0,,제2종일반주거지역,20221123
경상남도 양산시 물금읍 물금리 774-155번지,48330,25321,0,0774,0155,1264100155752,,,,3,용도구역코드,UMZ100,가축사육제한구역,0,0,,가축사육제한구역,20221123
경상남도 양산시 물금읍 물금리 774-155번지,48330,25321,0,0774,0155,1264100155752,,,,3,용도구역코드,UDT100,정비구역,0,0,,정비구역,20221123
경상남도 양산시 물금읍 물금리 774-155번지,48330,25321,0,0774,0155,1264100155752,,,,3,용도구역코드,UQQ310,제1종지구단위계획구역,1,0,,제1종지구단위계획구역,20221123
경상남도 양산시 물금읍 물금리 774-155번지,48330,25321,0,0774,0155,1264100044465,,,,1,용도지역코드,UQA122,제2종일반주거지역,1,0,,제2종일반주거지역,20221008
경상남도 양산시 물금읍 물금리 774-155번지,48330,25321,0,0774,0155,1264100044465,,,,3,용도구역코드,UDT100,정비구역,1,0,,정비구역,20221008
경상남도 양산시 물금읍 물금리 774-155번지,48330,25321,0,0774,0155,1264100043482,,,,1,용도지역코드,UQA122,제2종일반주거지역,1,0,,제2종일반주거지역,20221008
경상남도 양산시 물금읍 물금리 774-155번지,48330,25321,0,0774,0155,1264100043482,,,,3,용도구역코드,UQQ310,제1종지구단위계획구역,1,0,,제1종지구단위계획구역,20221008
경상남도 양산시 물금읍 물금리 774-155번지,48330,25321,0,0774,0155,1264100043482,,,,3,용도구역코드,UDT100,정비구역,0,0,,정비구역,20221008
경상남도 양산시 물금읍 물금리 800-2번지,48330,25321,0,0800,0002,1264100075022,,,,1,용도지역코드,UQA123,제3종일반주거지역,1,0,,제3종일반주거지역,20221008
경상남도 양산시 물금읍 물금리 800-2번지,48330,25321,0,0800,0002,1264100075022,,,,3,용도구역코드,UOA120,상대보호구역,,,,상대정화구역,20221008
경상남도 양산시 물금읍 물금리 800-2번지,48330,25321,0,0800,0002,1264100075022,,,,3,용도구역코드,UOA110,절대정화구역,,,,절대정화구역,20221008
경상남도 양산시 물금읍 물금리 800-2번지,48330,25321,0,0800,0002,1264100075022,,,,3,용도구역코드,UQQ310,제1종지구단위계획구역,1,0,,제1종지구단위계획구역,20221008
경상남도 양산시 물금읍 물금리 800-5번지,48330,25321,0,0800,0005,1264100081199,,,,1,용도지역코드,UQA123,제3종일반주거지역,1,0,,제3종일반주거지역,20221008
경상남도 양산시 물금읍 물금리 800-5번지,48330,25321,0,0800,0005,1264100081199,,,,3,용도구역코드,UOA120,상대보호구역,,,,상대정화구역,20221008
경상남도 양산시 물금읍 물금리 800-5번지,48330,25321,0,0800,0005,1264100081199,,,,3,용도구역코드,UQQ310,제1종지구단위계획구역,1,0,,제1종지구단위계획구역,20221008
경상남도 양산시 물금읍 물금리 800-5번지,48330,25321,0,0800,0005,1264100062722,,,,1,용도지역코드,UQA123,제3종일반주거지역,1,0,,제3종일반주거지역,20221008
경상남도 양산시 물금읍 물금리 800-5번지,48330,25321,0,0800,0005,1264100062722,,,,3,용도구역코드,UQQ310,제1종지구단위계획구역,1,0,,제1종지구단위계획구역,20221008
경상남도 양산시 물금읍 물금리 800-6번지,48330,25321,0,0800,0006,1264100123963,,,,1,용도지역코드,UQA122,제2종일반주거지역,1,0,,제2종일반주거지역,20260504
경상남도 양산시 물금읍 물금리 800-6번지,48330,25321,0,0800,0006,1264100123963,,,,3,용도구역코드,UQQ310,제1종지구단위계획구역,0,0,,제1종지구단위계획구역,20260504
경상남도 양산시 물금읍 물금리 800-6번지,48330,25321,0,0800,0006,1264100123963,,,,3,용도구역코드,UOA120,상대보호구역,1,0,,상대보호구역,20260504
경상남도 양산시 물금읍 물금리 800-6번지,48330,25321,0,0800,0006,1000000000000000739322,,,,3,용도구역코드,UQQ310,제1종지구단위계획구역,1,0,,제1종지구단위계획구역,20260520
경상남도 양산시 물금읍 물금리 800-6번지,48330,25321,0,0800,0006,1000000000000000739322,,,,1,용도지역코드,UQA122,제2종일반주거지역,1,0,,제2종일반주거지역,20260520
경상남도 양산시 물금읍 물금리 800-6번지,48330,25321,0,0800,0006,1264100109443,,,,1,용도지역코드,UQA123,제3종일반주거지역,1,0,,제3종일반주거지역,20221008
경상남도 양산시 물금읍 물금리 800-6번지,48330,25321,0,0800,0006,1264100109443,,,,3,용도구역코드,UQQ310,제1종지구단위계획구역,1,0,,제1종지구단위계획구역,20221008
경상남도 양산시 물금읍 물금리 800-7번지,48330,25321,0,0800,0007,1000000000000000925982,,,,3,용도구역코드,UQQ310,제1종지구단위계획구역,1,0,,제1종지구단위계획구역,20260414
경상남도 양산시 물금읍 물금리 800-7번지,48330,25321,0,0800,0007,1000000000000000925982,,,,1,용도지역코드,UQA122,제2종일반주거지역,1,0,,제2종일반주거지역,20260414
경상남도 양산시 물금읍 물금리 800-8번지,48330,25321,0,0800,0008,1264100150637,,,,3,용도구역코드,UQQ310,제1종지구단위계획구역,1,0,,제1종지구단위계획구역,20230315
경상남도 양산시 물금읍 물금리 800-8번지,48330,25321,0,0800,0008,1264100150637,,,,3,용도구역코드,UMZ100,가축사육제한구역,0,0,,가축사육제한구역,20230315
경상남도 양산시 물금읍 물금리 800-8번지,48330,25321,0,0800,0008,1264100150637,,,,1,용도지역코드,UQA122,제2종일반주거지역,1,0,,제2종일반주거지역,20230315
경상남도 양산시 물금읍 물금리 867-2번지,48330,25321,0,0867,0002,1264100150072,,,,1,용도지역코드,UQA220,일반상업지역,1,0,,일반상업지역,20230616
경상남도 양산시 물금읍 물금리 867-2번지,48330,25321,0,0867,0002,1264100150072,,,,3,용도구역코드,UQQ310,제1종지구단위계획구역,1,0,,제1종지구단위계획구역,20230616
경상남도 양산시 물금읍 물금리 867-3번지,48330,25321,0,0867,0003,1264100129563,,,,1,용도지역코드,UQA220,일반상업지역,1,0,,일반상업지역,20221008
경상남도 양산시 물금읍 물금리 867-3번지,48330,25321,0,0867,0003,1264100129563,,,,3,용도구역코드,UQQ310,제1종지구단위계획구역,1,0,,제1종지구단위계획구역,20221008
경상남도 양산시 물금읍 물금리 867-3번지,48330,25321,0,0867,0003,1264100104575,,,,1,용도지역코드,UQA220,일반상업지역,1,0,,일반상업지역,20221008
경상남도 양산시 물금읍 물금리 867-3번지,48330,25321,0,0867,0003,1264100104575,,,,3,용도구역코드,UQQ310,제1종지구단위계획구역,1,0,,제1종지구단위계획구역,20221008
경상남도 양산시 물금읍 물금리 867-5번지,48330,25321,0,0867,0005,1000000000000001009554,,,,3,용도구역코드,UQQ310,제1종지구단위계획구역,1,0,,제1종지구단위계획구역,20260806
경상남도 양산시 물금읍 물금리 867-5번지,48330,25321,0,0867,0005,1000000000000001009554,,,,1,용도지역코드,UQA220,일반상업지역,1,0,,일반상업지역,20260806
경상남도 양산시 물금읍 물금리 867-5번지,48330,25321,0,0867,0005,1000000000000000840593,,,,1,용도지역코드,UQA220,일반상업지역,1,0,,일반상업지역,20260821
경상남도 양산시 물금읍 물금리 867-5번지,48330,25321,0,0867,0005,1000000000000000840593,,,,3,용도구역코드,UQQ310,제1종지구단위계획구역,1,0,,제1종지구단위계획구역,20260821
경상남도 양산시 물금읍 물금리 867-5번지,48330,25321,0,0867,0005,1264100085805,,,,1,용도지역코드,UQA220,일반상업지역,1,0,,일반상업지역,20221008
경상남도 양산시 물금읍 물금리 867-5번지,48330,25321,0,0867,0005,1264100085805,,,,3,용도구역코드,UQQ310,제1종지구단위계획구역,1,0,,제1종지구단위계획구역,20221008
경상남도 양산시 물금읍 물금리 867-6번지,48330,25321,0,0867,0006,1000000000000000254792,,,,3,용도구역코드,UQQ310,제1종지구단위계획구역,1,0,,제1종지구단위계획구역,20240129
경상남도 양산시 물금읍 물금리 867-6번지,48330,25321,0,0867,0006,1000000000000000254792,,,,1,용도지역코드,UQA220,일반상업지역,1,0,,일반상업지역,20240129
경상남도 양산시 물금읍 물금리 868-1번지,48330,25321,0,0868,0001,1264100096706,,,,1,용도지역코드,UQA220,일반상업지역,1,0,,일반상업지역,20221008
경상남도 양산시 물금읍 물금리 868-1번지,48330,25321,0,0868,0001,1264100096706,,,,3,용도구역코드,UQQ310,제1종지구단위계획구역,1,0,,제1종지구단위계획구역,20221008
경상남도 양산시 물금읍 물금리 868-1번지,48330,25321,0,0868,0001,1264100153270,,,,3,용도구역코드,UQQ310,제1종지구단위계획구역,1,0,,제1종지구단위계획구역,20221103
경상남도 양산시 물금읍 물금리 868-1번지,48330,25321,0,0868,0001,1264100153270,,,,1,용도지역코드,UQA220,일반상업지역,1,0,,일반상업지역,20221103
경상남도 양산시 물금읍 물금리 868-1번지,48330,25321,0,0868,0001,1264100153270,,,,3,용도구역코드,UMZ100,가축사육제한구역,0,0,,가축사육제한구역,20221103
경상남도 양산시 물금읍 물금리 868-3번지,48330,25321,0,0868,0003,1264100084121,,,,1,용도지역코드,UQA220,일반상업지역,1,0,,일반상업지역,20221008
경상남도 양산시 물금읍 물금리 868-3번지,48330,25321,0,0868,0003,1264100084121,,,,3,용도구역코드,UQQ310,제1종지구단위계획구역,1,0,,제1종지구단위계획구역,20221008
경상남도 양산시 물금읍 물금리 868-4번지,48330,25321,0,0868,0004,1264100076759,,,,1,용도지역코드,UQA220,일반상업지역,1,0,,일반상업지역,20221008
경상남도 양산시 물금읍 물금리 868-4번지,48330,25321,0,0868,0004,1264100076759,,,,3,용도구역코드,UQQ310,제1종지구단위계획구역,1,0,,제1종지구단위계획구역,20221008
경상남도 양산시 물금읍 물금리 868-5번지,48330,25321,0,0868,0005,1264100123159,,,,1,용도지역코드,UQA220,일반상업지역,1,0,,일반상업지역,20221008
경상남도 양산시 물금읍 물금리 868-5번지,48330,25321,0,0868,0005,1264100123159,,,,3,용도구역코드,UQQ310,제1종지구단위계획구역,1,0,,제1종지구단위계획구역,20221008
경상남도 양산시 물금읍 물금리 868-5번지,48330,25321,0,0868,0005,1264100093061,,,,1,용도지역코드,UQA220,일반상업지역,1,0,,일반상업지역,20221008
경상남도 양산시 물금읍 물금리 868-5번지,48330,25321,0,0868,0005,1264100093061,,,,3,용도구역코드,UQQ310,제1종지구단위계획구역,1,0,,제1종지구단위계획구역,20221008
경상남도 양산시 물금읍 물금리 868-6번지,48330,25321,0,0868,0006,1264100092842,,,,1,용도지역코드,UQA220,일반상업지역,1,0,,일반상업지역,20221008
경상남도 양산시 물금읍 물금리 868-6번지,48330,25321,0,0868,0006,1264100092842,,,,3,용도구역코드,UQQ310,제1종지구단위계획구역,1,0,,제1종지구단위계획구역,20221008
경상남도 양산시 물금읍 물금리 868-7번지,48330,25321,0,0868,0007,1264100072739,,,,1,용도지역코드,UQA220,일반상업지역,1,0,,일반상업지역,20221008
경상남도 양산시 물금읍 물금리 868-7번지,48330,25321,0,0868,0007,1264100072739,,,,3,용도구역코드,UQQ310,제1종지구단위계획구역,1,0,,제1종지구단위계획구역,20221008
경상남도 양산시 물금읍 물금리 869-2번지,48330,25321,0,0869,0002,1264100129565,,,,1,용도지역코드,UQA220,일반상업지역,1,0,,일반상업지역,20221008
경상남도 양산시 물금읍 물금리 869-2번지,48330,25321,0,0869,0002,1264100129565,,,,3,용도구역코드,UQQ310,제1종지구단위계획구역,1,0,,제1종지구단위계획구역,20221008
경상남도 양산시 물금읍 물금리 869-2번지,48330,25321,0,0869,0002,1264100108539,,,,1,용도지역코드,UQA220,일반상업지역,1,0,,일반상업지역,20221008
경상남도 양산시 물금읍 물금리 869-2번지,48330,25321,0,0869,0002,1264100108539,,,,3,용도구역코드,UQQ310,제1종지구단위계획구역,1,0,,제1종지구단위계획구역,20221008
경상남도 양산시 물금읍 물금리 869-2번지,48330,25321,0,0869,0002,1264100108539,,,,3,용도구역코드,UMZ100,가축사육제한구역,0,0,,가축사육제한구역,20221008
경상남도 양산시 물금읍 물금리 869-6번지,48330,25321,0,0869,0006,1264100040542,,,,1,용도지역코드,UQA220,일반상업지역,1,0,,일반상업지역,20221008
경상남도 양산시 물금읍 물금리 869-6번지,48330,25321,0,0869,0006,1264100040542,,,,3,용도구역코드,UQQ310,제1종지구단위계획구역,1,0,,제1종지구단위계획구역,20221008
경상남도 양산시 물금읍 물금리 869-7번지,48330,25321,0,0869,0007,1264100063321,,,,1,용도지역코드,UQA220,일반상업지역,1,0,,일반상업지역,20221008
경상남도 양산시 물금읍 물금리 869-7번지,48330,25321,0,0869,0007,1264100063321,,,,1,용도지역코드,UQA001,도시지역,0,0,,도시지역,20221008
경상남도 양산시 물금읍 물금리 869-7번지,48330,25321,0,0869,0007,1264100063321,,,,3,용도구역코드,UQQ310,제1종지구단위계획구역,1,0,,제1종지구단위계획구역,20221008
경상남도 양산시 물금읍 물금리 869-8번지,48330,25321,0,0869,0008,1264100029978,,,,1,용도지역코드,UQA220,일반상업지역,1,0,,일반상업지역,20221008
경상남도 양산시 물금읍 물금리 869-8번지,48330,25321,0,0869,0008,1264100029978,,,,3,용도구역코드,UQQ310,제1종지구단위계획구역,1,0,,제1종지구단위계획구역,20221008
경상남도 양산시 물금읍 물금리 869-9번지,48330,25321,0,0869,0009,1264100123579,,,,1,용도지역코드,UQA220,일반상업지역,1,0,,일반상업지역,20221008
경상남도 양산시 물금읍 물금리 869-9번지,48330,25321,0,0869,0009,1264100123579,,,,3,용도구역코드,UQQ310,제1종지구단위계획구역,1,0,,제1종지구단위계획구역,20221008
경상남도 양산시 물금읍 물금리 869-9번지,48330,25321,0,0869,0009,1000000000000000881353,,,,3,용도구역코드,UQQ310,제1종지구단위계획구역,1,0,,제1종지구단위계획구역,20260128
경상남도 양산시 물금읍 물금리 869-9번지,48330,25321,0,0869,0009,1000000000000000881353,,,,1,용도지역코드,UQA220,일반상업지역,1,0,,일반상업지역,20260128
경상남도 양산시 물금읍 물금리 870-2번지,48330,25321,0,0870,0002,1264100029979,,,,1,용도지역코드,UQA220,일반상업지역,1,0,,일반상업지역,20221008
경상남도 양산시 물금읍 물금리 870-2번지,48330,25321,0,0870,0002,1264100029979,,,,3,용도구역코드,UQQ310,제1종지구단위계획구역,1,0,,제1종지구단위계획구역,20221008
경상남도 양산시 물금읍 물금리 870-3번지,48330,25321,0,0870,0003,1264100083425,,,,1,용도지역코드,UQA220,일반상업지역,1,0,,일반상업지역,20221008
경상남도 양산시 물금읍 물금리 870-3번지,48330,25321,0,0870,0003,1264100083425,,,,3,용도구역코드,UQQ310,제1종지구단위계획구역,1,0,,제1종지구단위계획구역,20221008
경상남도 양산시 물금읍 물금리 871-1번지,48330,25321,0,0871,0001,1264100075219,,,,1,용도지역코드,UQA220,일반상업지역,1,0,,일반상업지역,20221008
경상남도 양산시 물금읍 물금리 871-1번지,48330,25321,0,0871,0001,1264100075219,,,,3,용도구역코드,UQQ310,제1종지구단위계획구역,1,0,,제1종지구단위계획구역,20221008
경상남도 양산시 물금읍 물금리 871-2번지,48330,25321,0,0871,0002,1264100105093,,,,1,용도지역코드,UQA220,일반상업지역,1,0,,일반상업지역,20221008
경상남도 양산시 물금읍 물금리 871-2번지,48330,25321,0,0871,0002,1264100105093,,,,3,용도구역코드,UQQ310,제1종지구단위계획구역,1,0,,제1종지구단위계획구역,20221008
경상남도 양산시 물금읍 물금리 871-4번지,48330,25321,0,0871,0004,1264100110496,,,,1,용도지역코드,UQA220,일반상업지역,1,0,,일반상업지역,20221008
경상남도 양산시 물금읍 물금리 871-4번지,48330,25321,0,0871,0004,1264100110496,,,,3,용도구역코드,UQQ310,제1종지구단위계획구역,1,0,,제1종지구단위계획구역,20221008
경상남도 양산시 물금읍 물금리 871-4번지,48330,25321,0,0871,0004,1264100117397,,,,1,용도지역코드,UQA220,일반상업지역,1,0,,일반상업지역,20221008
경상남도 양산시 물금읍 물금리 871-4번지,48330,25321,0,0871,0004,1264100117397,,,,3,용도구역코드,UQQ310,제1종지구단위계획구역,1,0,,제1종지구단위계획구역,20221008
경상남도 양산시 물금읍 물금리 871-4번지,48330,25321,0,0871,0004,1264100110356,,,,1,용도지역코드,UQA220,일반상업지역,1,0,,일반상업지역,20221008
경상남도 양산시 물금읍 물금리 871-4번지,48330,25321,0,0871,0004,1264100110356,,,,3,용도구역코드,UQQ310,제1종지구단위계획구역,1,0,,제1종지구단위계획구역,20221008
경상남도 양산시 물금읍 물금리 871-5번지,48330,25321,0,0871,0005,1000000000000000690365,,,,3,용도구역코드,UMZ100,가축사육제한구역,0,0,,가축사육제한구역,20250327
경상남도 양산시 물금읍 물금리 871-5번지,48330,25321,0,0871,0005,1000000000000000690365,,,,1,용도지역코드,UQA220,일반상업지역,1,0,,일반상업지역,20250327
경상남도 양산시 물금읍 물금리 871-5번지,48330,25321,0,0871,0005,1000000000000000690365,,,,3,용도구역코드,UQQ310,제1종지구단위계획구역,1,0,,제1종지구단위계획구역,20250327
경상남도 양산시 물금읍 물금리 871-5번지,48330,25321,0,0871,0005,1000000000000000398754,,,,1,용도지역코드,UQA220,일반상업지역,1,0,,일반상업지역,20231030
경상남도 양산시 물금읍 물금리 872-2번지,48330,25321,0,0872,0002,1264100116760,,,,1,용도지역코드,UQA220,일반상업지역,1,0,,일반상업지역,20221008
경상남도 양산시 물금읍 물금리 872-2번지,48330,25321,0,0872,0002,1264100116760,,,,3,용도구역코드,UQQ310,제1종지구단위계획구역,1,0,,제1종지구단위계획구역,20221008
경상남도 양산시 물금읍 물금리 872-2번지,48330,25321,0,0872,0002,1264100099453,,,,1,용도지역코드,UQA220,일반상업지역,1,0,,일반상업지역,20221008
경상남도 양산시 물금읍 물금리 872-2번지,48330,25321,0,0872,0002,1264100099453,,,,3,용도구역코드,UQQ310,제1종지구단위계획구역,1,0,,제1종지구단위계획구역,20221008
경상남도 양산시 물금읍 물금리 872-2번지,48330,25321,0,0872,0002,1264100116757,,,,1,용도지역코드,UQA220,일반상업지역,1,0,,일반상업지역,20221008
경상남도 양산시 물금읍 물금리 872-2번지,48330,25321,0,0872,0002,1264100116757,,,,3,용도구역코드,UQQ310,제1종지구단위계획구역,1,0,,제1종지구단위계획구역,20221008
경상남도 양산시 물금읍 물금리 872-2번지,48330,25321,0,0872,0002,1264100116758,,,,1,용도지역코드,UQA220,일반상업지역,1,0,,일반상업지역,20221008
경상남도 양산시 물금읍 물금리 872-2번지,48330,25321,0,0872,0002,1264100116758,,,,3,용도구역코드,UQQ310,제1종지구단위계획구역,1,0,,제1종지구단위계획구역,20221008
경상남도 양산시 물금읍 물금리 872-2번지,48330,25321,0,0872,0002,1264100116759,,,,1,용도지역코드,UQA220,일반상업지역,1,0,,일반상업지역,20221008
경상남도 양산시 물금읍 물금리 872-2번지,48330,25321,0,0872,0002,1264100116759,,,,3,용도구역코드,UQQ310,제1종지구단위계획구역,1,0,,제1종지구단위계획구역,20221008
경상남도 양산시 물금읍 물금리 872-2번지,48330,25321,0,0872,0002,1264100117438,,,,1,용도지역코드,UQA220,일반상업지역,1,0,,일반상업지역,20221008
경상남도 양산시 물금읍 물금리 872-2번지,48330,25321,0,0872,0002,1264100117438,,,,3,용도구역코드,UQQ310,제1종지구단위계획구역,1,0,,제1종지구단위계획구역,20221008
경상남도 양산시 물금읍 물금리 872-2번지,48330,25321,0,0872,0002,1264100116756,,,,1,용도지역코드,UQA220,일반상업지역,1,0,,일반상업지역,20221008
경상남도 양산시 물금읍 물금리 872-2번지,48330,25321,0,0872,0002,1264100116756,,,,3,용도구역코드,UQQ310,제1종지구단위계획구역,1,0,,제1종지구단위계획구역,20221008
경상남도 양산시 물금읍 물금리 872-3번지,48330,25321,0,0872,0003,1264100102333,,,,1,용도지역코드,UQA220,일반상업지역,1,0,,일반상업지역,20221008
경상남도 양산시 물금읍 물금리 872-3번지,48330,25321,0,0872,0003,1264100102333,,,,3,용도구역코드,UQQ310,제1종지구단위계획구역,1,0,,제1종지구단위계획구역,20221008
경상남도 양산시 물금읍 물금리 872-3번지,48330,25321,0,0872,0003,1264100157551,,,,1,용도지역코드,UQA220,일반상업지역,1,0,,일반상업지역,20221008
경상남도 양산시 물금읍 물금리 872-3번지,48330,25321,0,0872,0003,1264100157551,,,,3,용도구역코드,UQQ310,제1종지구단위계획구역,1,0,,제1종지구단위계획구역,20221008
경상남도 양산시 물금읍 물금리 872-3번지,48330,25321,0,0872,0003,1264100150613,,,,1,용도지역코드,UQA220,일반상업지역,1,0,,일반상업지역,20221008
경상남도 양산시 물금읍 물금리 872-3번지,48330,25321,0,0872,0003,1264100150613,,,,3,용도구역코드,UQQ310,제1종지구단위계획구역,1,0,,제1종지구단위계획구역,20221008
경상남도 양산시 물금읍 물금리 872-3번지,48330,25321,0,0872,0003,1264100150613,,,,3,용도구역코드,UMZ100,가축사육제한구역,0,0,,가축사육제한구역,20221008
경상남도 양산시 물금읍 물금리 872-5번지,48330,25321,0,0872,0005,1264100065079,,,,1,용도지역코드,UQA220,일반상업지역,1,0,,일반상업지역,20221008
경상남도 양산시 물금읍 물금리 872-5번지,48330,25321,0,0872,0005,1264100065079,,,,3,용도구역코드,UQQ310,제1종지구단위계획구역,1,0,,제1종지구단위계획구역,20221008
경상남도 양산시 물금읍 물금리 872-6번지,48330,25321,0,0872,0006,1264100099953,,,,1,용도지역코드,UQA220,일반상업지역,1,0,,일반상업지역,20221008
경상남도 양산시 물금읍 물금리 872-6번지,48330,25321,0,0872,0006,1264100099953,,,,3,용도구역코드,UQQ310,제1종지구단위계획구역,1,0,,제1종지구단위계획구역,20221008
경상남도 양산시 물금읍 물금리 872-6번지,48330,25321,0,0872,0006,1264100149093,,,,1,용도지역코드,UQA220,일반상업지역,1,0,,일반상업지역,20221008
경상남도 양산시 물금읍 물금리 872-6번지,48330,25321,0,0872,0006,1264100149093,,,,3,용도구역코드,UQQ310,제1종지구단위계획구역,1,0,,제1종지구단위계획구역,20221008
경상남도 양산시 물금읍 물금리 872-6번지,48330,25321,0,0872,0006,1000000000000000176422,,,,3,용도구역코드,UQQ310,제1종지구단위계획구역,1,0,,제1종지구단위계획구역,20221123
경상남도 양산시 물금읍 물금리 872-6번지,48330,25321,0,0872,0006,1000000000000000176422,,,,1,용도지역코드,UQA220,일반상업지역,1,0,,일반상업지역,20221123
경상남도 양산시 물금읍 물금리 872-7번지,48330,25321,0,0872,0007,1264100144823,,,,1,용도지역코드,UQA220,일반상업지역,1,0,,일반상업지역,20221008
경상남도 양산시 물금읍 물금리 872-7번지,48330,25321,0,0872,0007,1264100144823,,,,3,용도구역코드,UQQ310,제1종지구단위계획구역,1,0,,제1종지구단위계획구역,20221008
경상남도 양산시 물금읍 물금리 873-1번지,48330,25321,0,0873,0001,1264100051293,,,,1,용도지역코드,UQA121,제1종일반주거지역,1,0,,제1종일반주거지역,20221008
경상남도 양산시 물금읍 물금리 873-1번지,48330,25321,0,0873,0001,1264100051293,,,,3,용도구역코드,UQQ310,제1종지구단위계획구역,1,0,,제1종지구단위계획구역,20221008
경상남도 양산시 물금읍 물금리 873-2번지,48330,25321,0,0873,0002,1264100052292,,,,1,용도지역코드,UQA121,제1종일반주거지역,1,0,,제1종일반주거지역,20221008
경상남도 양산시 물금읍 물금리 873-2번지,48330,25321,0,0873,0002,1264100052292,,,,3,용도구역코드,UQQ310,제1종지구단위계획구역,1,0,,제1종지구단위계획구역,20221008
경상남도 양산시 물금읍 물금리 873-3번지,48330,25321,0,0873,0003,1264100052123,,,,1,용도지역코드,UQA121,제1종일반주거지역,1,0,,제1종일반주거지역,20221008
경상남도 양산시 물금읍 물금리 873-3번지,48330,25321,0,0873,0003,1264100052123,,,,3,용도구역코드,UQQ310,제1종지구단위계획구역,1,0,,제1종지구단위계획구역,20221008
경상남도 양산시 물금읍 물금리 873-4번지,48330,25321,0,0873,0004,1264100084223,,,,1,용도지역코드,UQA121,제1종일반주거지역,1,0,,제1종일반주거지역,20221008
경상남도 양산시 물금읍 물금리 873-4번지,48330,25321,0,0873,0004,1264100084223,,,,3,용도구역코드,UQQ310,제1종지구단위계획구역,1,0,,제1종지구단위계획구역,20221008
경상남도 양산시 물금읍 물금리 873-5번지,48330,25321,0,0873,0005,1264100072280,,,,1,용도지역코드,UQA121,제1종일반주거지역,1,0,,제1종일반주거지역,20221008
경상남도 양산시 물금읍 물금리 873-5번지,48330,25321,0,0873,0005,1264100072280,,,,3,용도구역코드,UQQ310,제1종지구단위계획구역,1,0,,제1종지구단위계획구역,20221008
경상남도 양산시 물금읍 물금리 873-5번지,48330,25321,0,0873,0005,1264100072280,,,,3,용도구역코드,UOA120,상대보호구역,0,0,,상대정화구역,20221008
경상남도 양산시 물금읍 물금리 873-6번지,48330,25321,0,0873,0006,1264100051171,,,,1,용도지역코드,UQA121,제1종일반주거지역,1,0,,제1종일반주거지역,20221008
경상남도 양산시 물금읍 물금리 873-6번지,48330,25321,0,0873,0006,1264100051171,,,,3,용도구역코드,UQQ310,제1종지구단위계획구역,1,0,,제1종지구단위계획구역,20221008
경상남도 양산시 물금읍 물금리 873-8번지,48330,25321,0,0873,0008,1264100070842,,,,1,용도지역코드,UQA121,제1종일반주거지역,1,0,,제1종일반주거지역,20221008
경상남도 양산시 물금읍 물금리 873-8번지,48330,25321,0,0873,0008,1264100070842,,,,3,용도구역코드,UQQ310,제1종지구단위계획구역,1,0,,제1종지구단위계획구역,20221008
경상남도 양산시 물금읍 물금리 873-8번지,48330,25321,0,0873,0008,1264100070842,,,,3,용도구역코드,UOA120,상대보호구역,0,0,,상대정화구역,20221008
경상남도 양산시 물금읍 물금리 873-8번지,48330,25321,0,0873,0008,1264100081059,,,,1,용도지역코드,UQA121,제1종일반주거지역,1,0,,제1종일반주거지역,20221008
경상남도 양산시 물금읍 물금리 873-8번지,48330,25321,0,0873,0008,1264100081059,,,,3,용도구역코드,UQQ310,제1종지구단위계획구역,1,0,,제1종지구단위계획구역,20221008
경상남도 양산시 물금읍 물금리 873-8번지,48330,25321,0,0873,0008,1264100081059,,,,3,용도구역코드,UOA120,상대보호구역,0,0,,상대정화구역,20221008
경상남도 양산시 물금읍 물금리 873-9번지,48330,25321,0,0873,0009,1264100051092,,,,1,용도지역코드,UQA121,제1종일반주거지역,1,0,,제1종일반주거지역,20221008
경상남도 양산시 물금읍 물금리 873-9번지,48330,25321,0,0873,0009,1264100051092,,,,3,용도구역코드,UQQ310,제1종지구단위계획구역,1,0,,제1종지구단위계획구역,20221008
경상남도 양산시 물금읍 물금리 873-10번지,48330,25321,0,0873,0010,1264100051881,,,,1,용도지역코드,UQA121,제1종일반주거지역,1,0,,제1종일반주거지역,20221008
경상남도 양산시 물금읍 물금리 873-10번지,48330,25321,0,0873,0010,1264100051881,,,,3,용도구역코드,UQQ310,제1종지구단위계획구역,1,0,,제1종지구단위계획구역,20221008
경상남도 양산시 물금읍 물금리 873-11번지,48330,25321,0,0873,0011,1264100051452,,,,1,용도지역코드,UQA121,제1종일반주거지역,1,0,,제1종일반주거지역,20221008
경상남도 양산시 물금읍 물금리 873-11번지,48330,25321,0,0873,0011,1264100051452,,,,3,용도구역코드,UQQ310,제1종지구단위계획구역,1,0,,제1종지구단위계획구역,20221008
경상남도 양산시 물금읍 물금리 873-12번지,48330,25321,0,0873,0012,1264100070841,,,,3,용도구역코드,UQQ310,제1종지구단위계획구역,1,0,,제1종지구단위계획구역,20221008
경상남도 양산시 물금읍 물금리 873-12번지,48330,25321,0,0873,0012,1264100070841,,,,3,용도구역코드,UOA120,상대보호구역,0,0,,상대정화구역,20221008
경상남도 양산시 물금읍 물금리 873-12번지,48330,25321,0,0873,0012,1264100070841,,,,1,용도지역코드,UQA121,제1종일반주거지역,1,0,,제1종일반주거지역,20221008
경상남도 양산시 물금읍 물금리 873-13번지,48330,25321,0,0873,0013,1264100067719,,,,1,용도지역코드,UQA121,제1종일반주거지역,1,0,,제1종일반주거지역,20221008
경상남도 양산시 물금읍 물금리 873-13번지,48330,25321,0,0873,0013,1264100067719,,,,3,용도구역코드,UQQ310,제1종지구단위계획구역,1,0,,제1종지구단위계획구역,20221008
경상남도 양산시 물금읍 물금리 873-14번지,48330,25321,0,0873,0014,1264100052117,,,,1,용도지역코드,UQA121,제1종일반주거지역,1,0,,제1종일반주거지역,20221008
경상남도 양산시 물금읍 물금리 873-14번지,48330,25321,0,0873,0014,1264100052117,,,,3,용도구역코드,UQQ310,제1종지구단위계획구역,1,0,,제1종지구단위계획구역,20221008
경상남도 양산시 물금읍 물금리 873-14번지,48330,25321,0,0873,0014,1264100052117,,,,3,용도구역코드,UOA120,상대보호구역,0,0,,상대정화구역,20221008
경상남도 양산시 물금읍 물금리 873-15번지,48330,25321,0,0873,0015,1264100052374,,,,1,용도지역코드,UQA121,제1종일반주거지역,1,0,,제1종일반주거지역,20221008
경상남도 양산시 물금읍 물금리 873-15번지,48330,25321,0,0873,0015,1264100052374,,,,3,용도구역코드,UQQ310,제1종지구단위계획구역,1,0,,제1종지구단위계획구역,20221008
경상남도 양산시 물금읍 물금리 873-16번지,48330,25321,0,0873,0016,1264100051451,,,,1,용도지역코드,UQA121,제1종일반주거지역,1,0,,제1종일반주거지역,20221008
경상남도 양산시 물금읍 물금리 873-17번지,48330,25321,0,0873,0017,1264100052197,,,,1,용도지역코드,UQA121,제1종일반주거지역,1,0,,제1종일반주거지역,20221008
경상남도 양산시 물금읍 물금리 873-17번지,48330,25321,0,0873,0017,1264100052197,,,,3,용도구역코드,UQQ310,제1종지구단위계획구역,1,0,,제1종지구단위계획구역,20221008
경상남도 양산시 물금읍 물금리 874-1번지,48330,25321,0,0874,0001,1264100061660,,,,1,용도지역코드,UQA121,제1종일반주거지역,1,0,,제1종일반주거지역,20221008
경상남도 양산시 물금읍 물금리 874-1번지,48330,25321,0,0874,0001,1264100061660,,,,3,용도구역코드,UOA120,상대보호구역,1,0,,상대정화구역,20221008
경상남도 양산시 물금읍 물금리 874-1번지,48330,25321,0,0874,0001,1264100061660,,,,3,용도구역코드,UQQ310,제1종지구단위계획구역,0,0,,제1종지구단위계획구역,20221008
경상남도 양산시 물금읍 물금리 874-3번지,48330,25321,0,0874,0003,1264100113497,,,,1,용도지역코드,UQA121,제1종일반주거지역,1,0,,제1종일반주거지역,20221008
경상남도 양산시 물금읍 물금리 874-3번지,48330,25321,0,0874,0003,1264100113497,,,,3,용도구역코드,UOA120,상대보호구역,1,0,,상대보호구역,20221008
경상남도 양산시 물금읍 물금리 874-3번지,48330,25321,0,0874,0003,1264100113497,,,,3,용도구역코드,UQQ310,제1종지구단위계획구역,0,0,,제1종지구단위계획구역,20221008
경상남도 양산시 물금읍 물금리 874-4번지,48330,25321,0,0874,0004,1264100082100,,,,1,용도지역코드,UQA121,제1종일반주거지역,1,0,,제1종일반주거지역,20221008
경상남도 양산시 물금읍 물금리 874-4번지,48330,25321,0,0874,0004,1264100082100,,,,3,용도구역코드,UQQ310,제1종지구단위계획구역,1,0,,제1종지구단위계획구역,20221008
경상남도 양산시 물금읍 물금리 874-6번지,48330,25321,0,0874,0006,1264100082983,,,,1,용도지역코드,UQA121,제1종일반주거지역,1,0,,제1종일반주거지역,20221008
경상남도 양산시 물금읍 물금리 874-6번지,48330,25321,0,0874,0006,1264100082983,,,,3,용도구역코드,UQQ310,제1종지구단위계획구역,1,0,,제1종지구단위계획구역,20221008
경상남도 양산시 물금읍 물금리 874-6번지,48330,25321,0,0874,0006,1264100082983,,,,3,용도구역코드,UOA120,상대보호구역,0,0,,상대정화구역,20221008
경상남도 양산시 물금읍 물금리 874-7번지,48330,25321,0,0874,0007,1264100091142,,,,1,용도지역코드,UQA121,제1종일반주거지역,1,0,,제1종일반주거지역,20221008
경상남도 양산시 물금읍 물금리 874-7번지,48330,25321,0,0874,0007,1264100091142,,,,3,용도구역코드,UQQ310,제1종지구단위계획구역,1,0,,제1종지구단위계획구역,20221008
경상남도 양산시 물금읍 물금리 874-8번지,48330,25321,0,0874,0008,1264100115756,,,,1,용도지역코드,UQA121,제1종일반주거지역,1,0,,제1종일반주거지역,20221008
경상남도 양산시 물금읍 물금리 874-8번지,48330,25321,0,0874,0008,1264100115756,,,,3,용도구역코드,UQQ310,제1종지구단위계획구역,1,0,,제1종지구단위계획구역,20221008
경상남도 양산시 물금읍 물금리 874-9번지,48330,25321,0,0874,0009,1264100090883,,,,1,용도지역코드,UQA121,제1종일반주거지역,1,0,,제1종일반주거지역,20221008
경상남도 양산시 물금읍 물금리 874-9번지,48330,25321,0,0874,0009,1264100090883,,,,3,용도구역코드,UQQ310,제1종지구단위계획구역,1,0,,제1종지구단위계획구역,20221008
경상남도 양산시 물금읍 물금리 874-9번지,48330,25321,0,0874,0009,1264100090883,,,,3,용도구역코드,UOA120,상대보호구역,0,0,,상대정화구역,20221008
경상남도 양산시 물금읍 물금리 874-10번지,48330,25321,0,0874,0010,1264100051873,,,,1,용도지역코드,UQA121,제1종일반주거지역,1,0,,제1종일반주거지역,20221008
경상남도 양산시 물금읍 물금리 874-11번지,48330,25321,0,0874,0011,1264100064880,,,,1,용도지역코드,UQA121,제1종일반주거지역,1,0,,제1종일반주거지역,20221008
경상남도 양산시 물금읍 물금리 874-11번지,48330,25321,0,0874,0011,1264100064880,,,,3,용도구역코드,UQQ310,제1종지구단위계획구역,1,0,,제1종지구단위계획구역,20221008
경상남도 양산시 물금읍 물금리 874-11번지,48330,25321,0,0874,0011,1264100064880,,,,3,용도구역코드,UOA120,상대보호구역,0,0,,상대정화구역,20221008
경상남도 양산시 물금읍 물금리 874-14번지,48330,25321,0,0874,0014,1264100084462,,,,1,용도지역코드,UQA121,제1종일반주거지역,1,0,,제1종일반주거지역,20221008
경상남도 양산시 물금읍 물금리 874-14번지,48330,25321,0,0874,0014,1264100084462,,,,3,용도구역코드,UQQ310,제1종지구단위계획구역,1,0,,제1종지구단위계획구역,20221008
경상남도 양산시 물금읍 물금리 874-14번지,48330,25321,0,0874,0014,1264100084462,,,,3,용도구역코드,UOA120,상대보호구역,0,0,,상대정화구역,20221008
경상남도 양산시 물금읍 물금리 875-1번지,48330,25321,0,0875,0001,1264100052214,,,,1,용도지역코드,UQA121,제1종일반주거지역,1,0,,제1종일반주거지역,20221008
경상남도 양산시 물금읍 물금리 875-1번지,48330,25321,0,0875,0001,1264100052214,,,,3,용도구역코드,UQQ310,제1종지구단위계획구역,1,0,,제1종지구단위계획구역,20221008
경상남도 양산시 물금읍 물금리 875-2번지,48330,25321,0,0875,0002,1264100052119,,,,1,용도지역코드,UQA121,제1종일반주거지역,1,0,,제1종일반주거지역,20221008
경상남도 양산시 물금읍 물금리 875-2번지,48330,25321,0,0875,0002,1264100052119,,,,3,용도구역코드,UOA120,상대보호구역,,,,상대정화구역,20221008
경상남도 양산시 물금읍 물금리 875-2번지,48330,25321,0,0875,0002,1264100052119,,,,3,용도구역코드,UQQ310,제1종지구단위계획구역,1,0,,제1종지구단위계획구역,20221008
경상남도 양산시 물금읍 물금리 875-3번지,48330,25321,0,0875,0003,1264100052383,,,,1,용도지역코드,UQA121,제1종일반주거지역,1,0,,제1종일반주거지역,20221008
경상남도 양산시 물금읍 물금리 875-3번지,48330,25321,0,0875,0003,1264100052383,,,,3,용도구역코드,UQQ310,제1종지구단위계획구역,1,0,,제1종지구단위계획구역,20221008
경상남도 양산시 물금읍 물금리 875-4번지,48330,25321,0,0875,0004,1264100111657,,,,1,용도지역코드,UQA121,제1종일반주거지역,1,0,,제1종일반주거지역,20221008
경상남도 양산시 물금읍 물금리 875-4번지,48330,25321,0,0875,0004,1264100111657,,,,3,용도구역코드,UOA120,상대보호구역,1,0,,상대보호구역,20221008
경상남도 양산시 물금읍 물금리 875-4번지,48330,25321,0,0875,0004,1264100111657,,,,3,용도구역코드,UQQ310,제1종지구단위계획구역,0,0,,제1종지구단위계획구역,20221008
경상남도 양산시 물금읍 물금리 875-5번지,48330,25321,0,0875,0005,1264100101575,,,,1,용도지역코드,UQA121,제1종일반주거지역,1,0,,제1종일반주거지역,20221008
경상남도 양산시 물금읍 물금리 875-5번지,48330,25321,0,0875,0005,1264100101575,,,,3,용도구역코드,UQQ310,제1종지구단위계획구역,1,0,,제1종지구단위계획구역,20221008
경상남도 양산시 물금읍 물금리 875-5번지,48330,25321,0,0875,0005,1264100101575,,,,3,용도구역코드,UOA120,상대보호구역,0,0,,상대정화구역,20221008
경상남도 양산시 물금읍 물금리 875-7번지,48330,25321,0,0875,0007,1264100115577,,,,1,용도지역코드,UQA121,제1종일반주거지역,1,0,,제1종일반주거지역,20221008
경상남도 양산시 물금읍 물금리 875-7번지,48330,25321,0,0875,0007,1264100115577,,,,3,용도구역코드,UQQ310,제1종지구단위계획구역,1,0,,제1종지구단위계획구역,20221008
경상남도 양산시 물금읍 물금리 875-7번지,48330,25321,0,0875,0007,1264100115577,,,,3,용도구역코드,UMZ100,가축사육제한구역,0,0,,가축사육제한구역,20221008
경상남도 양산시 물금읍 물금리 875-8번지,48330,25321,0,0875,0008,1264100091723,,,,1,용도지역코드,UQA121,제1종일반주거지역,1,0,,제1종일반주거지역,20221008
경상남도 양산시 물금읍 물금리 875-8번지,48330,25321,0,0875,0008,1264100091723,,,,3,용도구역코드,UQQ310,제1종지구단위계획구역,1,0,,제1종지구단위계획구역,20221008
경상남도 양산시 물금읍 물금리 875-8번지,48330,25321,0,0875,0008,1264100091723,,,,3,용도구역코드,UOA120,상대보호구역,0,0,,상대정화구역,20221008
경상남도 양산시 물금읍 물금리 875-9번지,48330,25321,0,0875,0009,1264100079821,,,,1,용도지역코드,UQA121,제1종일반주거지역,1,0,,제1종일반주거지역,20221008
경상남도 양산시 물금읍 물금리 875-9번지,48330,25321,0,0875,0009,1264100079821,,,,3,용도구역코드,UQQ310,제1종지구단위계획구역,1,0,,제1종지구단위계획구역,20221008
경상남도 양산시 물금읍 물금리 875-9번지,48330,25321,0,0875,0009,1264100079821,,,,3,용도구역코드,UOA120,상대보호구역,0,0,,상대정화구역,20221008
경상남도 양산시 물금읍 물금리 875-10번지,48330,25321,0,0875,0010,1264100052208,,,,1,용도지역코드,UQA121,제1종일반주거지역,1,0,,제1종일반주거지역,20221008
경상남도 양산시 물금읍 물금리 875-10번지,48330,25321,0,0875,0010,1264100052208,,,,3,용도구역코드,UQQ310,제1종지구단위계획구역,1,0,,제1종지구단위계획구역,20221008
경상남도 양산시 물금읍 물금리 875-11번지,48330,25321,0,0875,0011,1264100147693,,,,1,용도지역코드,UQA121,제1종일반주거지역,1,0,,제1종일반주거지역,20221008
경상남도 양산시 물금읍 물금리 875-11번지,48330,25321,0,0875,0011,1264100147693,,,,3,용도구역코드,UOA120,상대보호구역,1,0,,상대보호구역,20221008
경상남도 양산시 물금읍 물금리 875-11번지,48330,25321,0,0875,0011,1264100147693,,,,3,용도구역코드,UQQ310,제1종지구단위계획구역,0,0,,제1종지구단위계획구역,20221008
경상남도 양산시 물금읍 물금리 875-12번지,48330,25321,0,0875,0012,1264100089044,,,,1,용도지역코드,UQA121,제1종일반주거지역,1,0,,제1종일반주거지역,20221008
경상남도 양산시 물금읍 물금리 875-13번지,48330,25321,0,0875,0013,1264100099977,,,,1,용도지역코드,UQA121,제1종일반주거지역,1,0,,제1종일반주거지역,20221008
경상남도 양산시 물금읍 물금리 875-13번지,48330,25321,0,0875,0013,1264100099977,,,,3,용도구역코드,UQQ310,제1종지구단위계획구역,1,0,,제1종지구단위계획구역,20221008
경상남도 양산시 물금읍 물금리 875-13번지,48330,25321,0,0875,0013,1264100099977,,,,3,용도구역코드,UOA120,상대보호구역,0,0,,상대정화구역,20221008
경상남도 양산시 물금읍 물금리 875-14번지,48330,25321,0,0875,0014,1264100078640,,,,1,용도지역코드,UQA121,제1종일반주거지역,1,0,,제1종일반주거지역,20221008
경상남도 양산시 물금읍 물금리 875-14번지,48330,25321,0,0875,0014,1264100078640,,,,3,용도구역코드,UOA120,상대보호구역,,,,상대정화구역,20221008
경상남도 양산시 물금읍 물금리 875-14번지,48330,25321,0,0875,0014,1264100078640,,,,3,용도구역코드,UQQ310,제1종지구단위계획구역,1,0,,제1종지구단위계획구역,20221008
경상남도 양산시 물금읍 물금리 876-1번지,48330,25321,0,0876,0001,1264100108540,,,,1,용도지역코드,UQA121,제1종일반주거지역,1,0,,제1종일반주거지역,20221008
경상남도 양산시 물금읍 물금리 876-1번지,48330,25321,0,0876,0001,1264100108540,,,,3,용도구역코드,UOA120,상대보호구역,1,0,,상대보호구역,20221008
경상남도 양산시 물금읍 물금리 876-1번지,48330,25321,0,0876,0001,1264100108540,,,,3,용도구역코드,UQQ310,제1종지구단위계획구역,0,0,,제1종지구단위계획구역,20221008
경상남도 양산시 물금읍 물금리 876-2번지,48330,25321,0,0876,0002,1264100069459,,,,1,용도지역코드,UQA121,제1종일반주거지역,1,0,,제1종일반주거지역,20221008
경상남도 양산시 물금읍 물금리 876-2번지,48330,25321,0,0876,0002,1264100069459,,,,3,용도구역코드,UQQ310,제1종지구단위계획구역,1,0,,제1종지구단위계획구역,20221008
경상남도 양산시 물금읍 물금리 876-3번지,48330,25321,0,0876,0003,1264100093783,,,,1,용도지역코드,UQA121,제1종일반주거지역,1,0,,제1종일반주거지역,20221008
경상남도 양산시 물금읍 물금리 876-3번지,48330,25321,0,0876,0003,1264100093783,,,,3,용도구역코드,UQQ310,제1종지구단위계획구역,1,0,,제1종지구단위계획구역,20221008
경상남도 양산시 물금읍 물금리 876-3번지,48330,25321,0,0876,0003,1264100093783,,,,3,용도구역코드,UOA120,상대보호구역,0,0,,상대정화구역,20221008
경상남도 양산시 물금읍 물금리 876-4번지,48330,25321,0,0876,0004,1264100075910,,,,1,용도지역코드,UQA121,제1종일반주거지역,1,0,,제1종일반주거지역,20221008
경상남도 양산시 물금읍 물금리 876-4번지,48330,25321,0,0876,0004,1264100075910,,,,3,용도구역코드,UQQ310,제1종지구단위계획구역,1,0,,제1종지구단위계획구역,20221008
경상남도 양산시 물금읍 물금리 876-5번지,48330,25321,0,0876,0005,1264100060493,,,,1,용도지역코드,UQA121,제1종일반주거지역,1,0,,제1종일반주거지역,20221008
경상남도 양산시 물금읍 물금리 876-5번지,48330,25321,0,0876,0005,1264100060493,,,,3,용도구역코드,UQQ310,제1종지구단위계획구역,1,0,,제1종지구단위계획구역,20221008
경상남도 양산시 물금읍 물금리 876-5번지,48330,25321,0,0876,0005,1264100060493,,,,3,용도구역코드,UOA120,상대보호구역,0,0,,상대정화구역,20221008
경상남도 양산시 물금읍 물금리 876-6번지,48330,25321,0,0876,0006,1264100094507,,,,1,용도지역코드,UQA121,제1종일반주거지역,1,0,,제1종일반주거지역,20221008
경상남도 양산시 물금읍 물금리 876-6번지,48330,25321,0,0876,0006,1264100094507,,,,3,용도구역코드,UQQ310,제1종지구단위계획구역,1,0,,제1종지구단위계획구역,20221008
경상남도 양산시 물금읍 물금리 876-7번지,48330,25321,0,0876,0007,1264100072462,,,,1,용도지역코드,UQA121,제1종일반주거지역,1,0,,제1종일반주거지역,20221008
경상남도 양산시 물금읍 물금리 876-7번지,48330,25321,0,0876,0007,1264100072462,,,,3,용도구역코드,UQQ310,제1종지구단위계획구역,1,0,,제1종지구단위계획구역,20221008
경상남도 양산시 물금읍 물금리 876-7번지,48330,25321,0,0876,0007,1264100072462,,,,3,용도구역코드,UOA120,상대보호구역,0,0,,상대정화구역,20221008
경상남도 양산시 물금읍 물금리 876-8번지,48330,25321,0,0876,0008,1264100084741,,,,1,용도지역코드,UQA121,제1종일반주거지역,1,0,,제1종일반주거지역,20221008
경상남도 양산시 물금읍 물금리 876-8번지,48330,25321,0,0876,0008,1264100084741,,,,3,용도구역코드,UQQ310,제1종지구단위계획구역,1,0,,제1종지구단위계획구역,20221008
경상남도 양산시 물금읍 물금리 876-8번지,48330,25321,0,0876,0008,1264100084741,,,,3,용도구역코드,UOA120,상대보호구역,0,0,,상대정화구역,20221008
경상남도 양산시 물금읍 물금리 876-9번지,48330,25321,0,0876,0009,1264100110036,,,,1,용도지역코드,UQA121,제1종일반주거지역,1,0,,제1종일반주거지역,20221008
경상남도 양산시 물금읍 물금리 876-9번지,48330,25321,0,0876,0009,1264100110036,,,,3,용도구역코드,UOA120,상대보호구역,1,0,,상대보호구역,20221008
경상남도 양산시 물금읍 물금리 876-9번지,48330,25321,0,0876,0009,1264100110036,,,,3,용도구역코드,UQQ310,제1종지구단위계획구역,0,0,,제1종지구단위계획구역,20221008
경상남도 양산시 물금읍 물금리 876-10번지,48330,25321,0,0876,0010,1264100115136,,,,1,용도지역코드,UQA121,제1종일반주거지역,1,0,,제1종일반주거지역,20241018
경상남도 양산시 물금읍 물금리 876-10번지,48330,25321,0,0876,0010,1264100115136,,,,3,용도구역코드,UOA120,상대보호구역,1,0,,상대보호구역,20241018
경상남도 양산시 물금읍 물금리 876-10번지,48330,25321,0,0876,0010,1264100115136,,,,3,용도구역코드,UQQ310,제1종지구단위계획구역,0,0,,제1종지구단위계획구역,20241018
경상남도 양산시 물금읍 물금리 876-11번지,48330,25321,0,0876,0011,1264100095898,,,,1,용도지역코드,UQA121,제1종일반주거지역,1,0,,제1종일반주거지역,20221008
경상남도 양산시 물금읍 물금리 876-11번지,48330,25321,0,0876,0011,1264100095898,,,,3,용도구역코드,UQQ310,제1종지구단위계획구역,1,0,,제1종지구단위계획구역,20221008
경상남도 양산시 물금읍 물금리 876-12번지,48330,25321,0,0876,0012,1264100106795,,,,1,용도지역코드,UQA121,제1종일반주거지역,1,0,,제1종일반주거지역,20221008
경상남도 양산시 물금읍 물금리 876-12번지,48330,25321,0,0876,0012,1264100106795,,,,3,용도구역코드,UOA120,상대보호구역,1,0,,상대보호구역,20221008
경상남도 양산시 물금읍 물금리 876-12번지,48330,25321,0,0876,0012,1264100106795,,,,3,용도구역코드,UQQ310,제1종지구단위계획구역,0,0,,제1종지구단위계획구역,20221008
경상남도 양산시 물금읍 물금리 876-13번지,48330,25321,0,0876,0013,1264100077201,,,,1,용도지역코드,UQA121,제1종일반주거지역,1,0,,제1종일반주거지역,20221008
경상남도 양산시 물금읍 물금리 876-13번지,48330,25321,0,0876,0013,1264100077201,,,,3,용도구역코드,UQQ310,제1종지구단위계획구역,1,0,,제1종지구단위계획구역,20221008
경상남도 양산시 물금읍 물금리 876-14번지,48330,25321,0,0876,0014,1000000000000000698949,,,,3,용도구역코드,UQQ310,제1종지구단위계획구역,1,0,,제1종지구단위계획구역,20251017
경상남도 양산시 물금읍 물금리 876-14번지,48330,25321,0,0876,0014,1000000000000000698949,,,,1,용도지역코드,UQA121,제1종일반주거지역,1,0,,제1종일반주거지역,20251017
경상남도 양산시 물금읍 물금리 877-1번지,48330,25321,0,0877,0001,1264100063642,,,,1,용도지역코드,UQA121,제1종일반주거지역,1,0,,제1종일반주거지역,20221008
경상남도 양산시 물금읍 물금리 877-1번지,48330,25321,0,0877,0001,1264100063642,,,,3,용도구역코드,UQQ310,제1종지구단위계획구역,1,0,,제1종지구단위계획구역,20221008
경상남도 양산시 물금읍 물금리 877-1번지,48330,25321,0,0877,0001,1264100063642,,,,3,용도구역코드,UOA120,상대보호구역,0,0,,상대정화구역,20221008
경상남도 양산시 물금읍 물금리 877-2번지,48330,25321,0,0877,0002,1264100085742,,,,1,용도지역코드,UQA121,제1종일반주거지역,1,0,,제1종일반주거지역,20221008
경상남도 양산시 물금읍 물금리 877-2번지,48330,25321,0,0877,0002,1264100085742,,,,3,용도구역코드,UQQ310,제1종지구단위계획구역,1,0,,제1종지구단위계획구역,20221008
경상남도 양산시 물금읍 물금리 877-3번지,48330,25321,0,0877,0003,1264100081840,,,,1,용도지역코드,UQA121,제1종일반주거지역,1,0,,제1종일반주거지역,20221008
경상남도 양산시 물금읍 물금리 877-3번지,48330,25321,0,0877,0003,1264100081840,,,,3,용도구역코드,UQQ310,제1종지구단위계획구역,1,0,,제1종지구단위계획구역,20221008
경상남도 양산시 물금읍 물금리 877-4번지,48330,25321,0,0877,0004,1264100098478,,,,1,용도지역코드,UQA121,제1종일반주거지역,1,0,,제1종일반주거지역,20221008
경상남도 양산시 물금읍 물금리 877-4번지,48330,25321,0,0877,0004,1264100098478,,,,3,용도구역코드,UOA120,상대보호구역,1,0,,상대보호구역,20221008
경상남도 양산시 물금읍 물금리 877-4번지,48330,25321,0,0877,0004,1264100098478,,,,3,용도구역코드,UQQ310,제1종지구단위계획구역,0,0,,제1종지구단위계획구역,20221008
경상남도 양산시 물금읍 물금리 877-5번지,48330,25321,0,0877,0005,1264100087745,,,,3,용도구역코드,UOA120,상대보호구역,0,0,,상대정화구역,20221008
경상남도 양산시 물금읍 물금리 877-5번지,48330,25321,0,0877,0005,1264100087745,,,,1,용도지역코드,UQA121,제1종일반주거지역,1,0,,제1종일반주거지역,20221008
경상남도 양산시 물금읍 물금리 877-5번지,48330,25321,0,0877,0005,1264100087745,,,,3,용도구역코드,UQQ310,제1종지구단위계획구역,1,0,,제1종지구단위계획구역,20221008
경상남도 양산시 물금읍 물금리 877-6번지,48330,25321,0,0877,0006,1264100102856,,,,1,용도지역코드,UQA121,제1종일반주거지역,1,0,,제1종일반주거지역,20221008
경상남도 양산시 물금읍 물금리 877-6번지,48330,25321,0,0877,0006,1264100102856,,,,3,용도구역코드,UOA120,상대보호구역,1,0,,상대보호구역,20221008
경상남도 양산시 물금읍 물금리 877-6번지,48330,25321,0,0877,0006,1264100102856,,,,3,용도구역코드,UQQ310,제1종지구단위계획구역,0,0,,제1종지구단위계획구역,20221008
경상남도 양산시 물금읍 물금리 877-7번지,48330,25321,0,0877,0007,1264100099913,,,,1,용도지역코드,UQA121,제1종일반주거지역,1,0,,제1종일반주거지역,20221008
경상남도 양산시 물금읍 물금리 877-7번지,48330,25321,0,0877,0007,1264100099913,,,,3,용도구역코드,UQQ310,제1종지구단위계획구역,1,0,,제1종지구단위계획구역,20221008
경상남도 양산시 물금읍 물금리 877-7번지,48330,25321,0,0877,0007,1264100099913,,,,3,용도구역코드,UMZ100,가축사육제한구역,0,0,,가축사육제한구역,20221008
경상남도 양산시 물금읍 물금리 878-1번지,48330,25321,0,0878,0001,1264100052039,,,,1,용도지역코드,UQA121,제1종일반주거지역,1,0,,제1종일반주거지역,20221008
경상남도 양산시 물금읍 물금리 878-1번지,48330,25321,0,0878,0001,1264100052039,,,,3,용도구역코드,UQQ310,제1종지구단위계획구역,1,0,,제1종지구단위계획구역,20221008
경상남도 양산시 물금읍 물금리 878-2번지,48330,25321,0,0878,0002,1264100092565,,,,1,용도지역코드,UQA121,제1종일반주거지역,1,0,,제1종일반주거지역,20221008
경상남도 양산시 물금읍 물금리 878-2번지,48330,25321,0,0878,0002,1264100092565,,,,3,용도구역코드,UQQ310,제1종지구단위계획구역,1,0,,제1종지구단위계획구역,20221008
경상남도 양산시 물금읍 물금리 878-2번지,48330,25321,0,0878,0002,1264100092565,,,,3,용도구역코드,UOA120,상대보호구역,0,0,,상대정화구역,20221008
경상남도 양산시 물금읍 물금리 878-3번지,48330,25321,0,0878,0003,1264100081720,,,,1,용도지역코드,UQA121,제1종일반주거지역,1,0,,제1종일반주거지역,20221008
경상남도 양산시 물금읍 물금리 878-3번지,48330,25321,0,0878,0003,1264100081720,,,,3,용도구역코드,UQQ310,제1종지구단위계획구역,1,0,,제1종지구단위계획구역,20221008
경상남도 양산시 물금읍 물금리 878-4번지,48330,25321,0,0878,0004,1264100115782,,,,1,용도지역코드,UQA121,제1종일반주거지역,1,0,,제1종일반주거지역,20221008
경상남도 양산시 물금읍 물금리 878-5번지,48330,25321,0,0878,0005,1264100086941,,,,1,용도지역코드,UQA121,제1종일반주거지역,1,0,,제1종일반주거지역,20221008
경상남도 양산시 물금읍 물금리 878-5번지,48330,25321,0,0878,0005,1264100086941,,,,3,용도구역코드,UOA120,상대보호구역,,,,상대정화구역,20221008
경상남도 양산시 물금읍 물금리 878-5번지,48330,25321,0,0878,0005,1264100086941,,,,3,용도구역코드,UQQ310,제1종지구단위계획구역,1,0,,제1종지구단위계획구역,20221008
경상남도 양산시 물금읍 물금리 878-6번지,48330,25321,0,0878,0006,1264100061717,,,,1,용도지역코드,UQA121,제1종일반주거지역,1,0,,제1종일반주거지역,20221008
경상남도 양산시 물금읍 물금리 878-6번지,48330,25321,0,0878,0006,1264100061717,,,,3,용도구역코드,UQQ310,제1종지구단위계획구역,1,0,,제1종지구단위계획구역,20221008
경상남도 양산시 물금읍 물금리 878-7번지,48330,25321,0,0878,0007,1264100095207,,,,1,용도지역코드,UQA121,제1종일반주거지역,1,0,,제1종일반주거지역,20221008
경상남도 양산시 물금읍 물금리 878-7번지,48330,25321,0,0878,0007,1264100095207,,,,3,용도구역코드,UQQ310,제1종지구단위계획구역,1,0,,제1종지구단위계획구역,20221008
경상남도 양산시 물금읍 물금리 878-7번지,48330,25321,0,0878,0007,1264100095207,,,,3,용도구역코드,UOA120,상대보호구역,0,0,,상대정화구역,20221008
경상남도 양산시 물금읍 물금리 878-8번지,48330,25321,0,0878,0008,1264100089383,,,,1,용도지역코드,UQA121,제1종일반주거지역,1,0,,제1종일반주거지역,20221008
경상남도 양산시 물금읍 물금리 878-8번지,48330,25321,0,0878,0008,1264100089383,,,,3,용도구역코드,UQQ310,제1종지구단위계획구역,1,0,,제1종지구단위계획구역,20221008
경상남도 양산시 물금읍 물금리 878-8번지,48330,25321,0,0878,0008,1264100089383,,,,3,용도구역코드,UOA120,상대보호구역,0,0,,상대정화구역,20221008
경상남도 양산시 물금읍 물금리 878-9번지,48330,25321,0,0878,0009,1264100076500,,,,1,용도지역코드,UQA121,제1종일반주거지역,1,0,,제1종일반주거지역,20221008
경상남도 양산시 물금읍 물금리 878-9번지,48330,25321,0,0878,0009,1264100076500,,,,3,용도구역코드,UQQ310,제1종지구단위계획구역,1,0,,제1종지구단위계획구역,20221008
경상남도 양산시 물금읍 물금리 878-10번지,48330,25321,0,0878,0010,1264100068940,,,,1,용도지역코드,UQA121,제1종일반주거지역,1,0,,제1종일반주거지역,20221008
경상남도 양산시 물금읍 물금리 878-10번지,48330,25321,0,0878,0010,1264100068940,,,,3,용도구역코드,UQQ310,제1종지구단위계획구역,1,0,,제1종지구단위계획구역,20221008
경상남도 양산시 물금읍 물금리 878-10번지,48330,25321,0,0878,0010,1264100068940,,,,3,용도구역코드,UOA120,상대보호구역,0,0,,상대정화구역,20221008
경상남도 양산시 물금읍 물금리 879-2번지,48330,25321,0,0879,0002,1264100052115,,,,1,용도지역코드,UQA121,제1종일반주거지역,1,0,,제1종일반주거지역,20221008
경상남도 양산시 물금읍 물금리 879-2번지,48330,25321,0,0879,0002,1264100052115,,,,3,용도구역코드,UQQ310,제1종지구단위계획구역,1,0,,제1종지구단위계획구역,20221008
경상남도 양산시 물금읍 물금리 879-3번지,48330,25321,0,0879,0003,1264100091322,,,,1,용도지역코드,UQA121,제1종일반주거지역,1,0,,제1종일반주거지역,20221008
경상남도 양산시 물금읍 물금리 879-3번지,48330,25321,0,0879,0003,1264100091322,,,,3,용도구역코드,UQQ310,제1종지구단위계획구역,1,0,,제1종지구단위계획구역,20221008
경상남도 양산시 물금읍 물금리 879-3번지,48330,25321,0,0879,0003,1264100091322,,,,3,용도구역코드,UOA120,상대보호구역,0,0,,상대정화구역,20221008
경상남도 양산시 물금읍 물금리 879-6번지,48330,25321,0,0879,0006,1264100073279,,,,1,용도지역코드,UQA121,제1종일반주거지역,1,0,,제1종일반주거지역,20221008
경상남도 양산시 물금읍 물금리 879-6번지,48330,25321,0,0879,0006,1264100073279,,,,3,용도구역코드,UQQ310,제1종지구단위계획구역,1,0,,제1종지구단위계획구역,20221008
경상남도 양산시 물금읍 물금리 879-6번지,48330,25321,0,0879,0006,1264100073279,,,,3,용도구역코드,UOA120,상대보호구역,0,0,,상대정화구역,20221008
경상남도 양산시 물금읍 물금리 879-7번지,48330,25321,0,0879,0007,1264100059016,,,,1,용도지역코드,UQA121,제1종일반주거지역,1,0,,제1종일반주거지역,20221008
경상남도 양산시 물금읍 물금리 879-7번지,48330,25321,0,0879,0007,1264100059016,,,,3,용도구역코드,UQQ310,제1종지구단위계획구역,1,0,,제1종지구단위계획구역,20221008
경상남도 양산시 물금읍 물금리 879-7번지,48330,25321,0,0879,0007,1264100059016,,,,3,용도구역코드,UOA120,상대보호구역,0,0,,상대정화구역,20221008
경상남도 양산시 물금읍 물금리 879-8번지,48330,25321,0,0879,0008,1264100091227,,,,1,용도지역코드,UQA121,제1종일반주거지역,1,0,,제1종일반주거지역,20221008
경상남도 양산시 물금읍 물금리 879-8번지,48330,25321,0,0879,0008,1264100091227,,,,3,용도구역코드,UQQ310,제1종지구단위계획구역,1,0,,제1종지구단위계획구역,20221008
경상남도 양산시 물금읍 물금리 879-9번지,48330,25321,0,0879,0009,1264100092063,,,,1,용도지역코드,UQA121,제1종일반주거지역,1,0,,제1종일반주거지역,20221008
경상남도 양산시 물금읍 물금리 879-9번지,48330,25321,0,0879,0009,1264100092063,,,,3,용도구역코드,UQQ310,제1종지구단위계획구역,1,0,,제1종지구단위계획구역,20221008
경상남도 양산시 물금읍 물금리 879-9번지,48330,25321,0,0879,0009,1264100092063,,,,3,용도구역코드,UOA120,상대보호구역,0,0,,상대정화구역,20221008
경상남도 양산시 물금읍 물금리 879-10번지,48330,25321,0,0879,0010,1264100095897,,,,1,용도지역코드,UQA121,제1종일반주거지역,1,0,,제1종일반주거지역,20221008
경상남도 양산시 물금읍 물금리 879-10번지,48330,25321,0,0879,0010,1264100095897,,,,3,용도구역코드,UQQ310,제1종지구단위계획구역,1,0,,제1종지구단위계획구역,20221008
경상남도 양산시 물금읍 물금리 879-11번지,48330,25321,0,0879,0011,1264100069100,,,,1,용도지역코드,UQA121,제1종일반주거지역,1,0,,제1종일반주거지역,20221008
경상남도 양산시 물금읍 물금리 879-11번지,48330,25321,0,0879,0011,1264100069100,,,,3,용도구역코드,UQQ310,제1종지구단위계획구역,1,0,,제1종지구단위계획구역,20221008
경상남도 양산시 물금읍 물금리 879-11번지,48330,25321,0,0879,0011,1264100069100,,,,3,용도구역코드,UOA120,상대보호구역,0,0,,상대정화구역,20221008
경상남도 양산시 물금읍 물금리 879-12번지,48330,25321,0,0879,0012,1264100115238,,,,1,용도지역코드,UQA121,제1종일반주거지역,1,0,,제1종일반주거지역,20221008
경상남도 양산시 물금읍 물금리 879-12번지,48330,25321,0,0879,0012,1264100115238,,,,3,용도구역코드,UOA120,상대보호구역,1,0,,상대보호구역,20221008
경상남도 양산시 물금읍 물금리 879-12번지,48330,25321,0,0879,0012,1264100115238,,,,3,용도구역코드,UQQ310,제1종지구단위계획구역,0,0,,제1종지구단위계획구역,20221008
경상남도 양산시 물금읍 물금리 880-1번지,48330,25321,0,0880,0001,1264100113616,,,,1,용도지역코드,UQA121,제1종일반주거지역,1,0,,제1종일반주거지역,20221008
경상남도 양산시 물금읍 물금리 880-1번지,48330,25321,0,0880,0001,1264100113616,,,,3,용도구역코드,UQQ310,제1종지구단위계획구역,1,0,,제1종지구단위계획구역,20221008
경상남도 양산시 물금읍 물금리 880-2번지,48330,25321,0,0880,0002,1264100091888,,,,1,용도지역코드,UQA121,제1종일반주거지역,1,0,,제1종일반주거지역,20221008
경상남도 양산시 물금읍 물금리 880-2번지,48330,25321,0,0880,0002,1264100091888,,,,3,용도구역코드,UQQ310,제1종지구단위계획구역,1,0,,제1종지구단위계획구역,20221008
경상남도 양산시 물금읍 물금리 880-4번지,48330,25321,0,0880,0004,1264100067340,,,,1,용도지역코드,UQA121,제1종일반주거지역,1,0,,제1종일반주거지역,20221008
경상남도 양산시 물금읍 물금리 880-4번지,48330,25321,0,0880,0004,1264100067340,,,,3,용도구역코드,UQQ310,제1종지구단위계획구역,1,0,,제1종지구단위계획구역,20221008
경상남도 양산시 물금읍 물금리 880-4번지,48330,25321,0,0880,0004,1264100067340,,,,3,용도구역코드,UOA120,상대보호구역,0,0,,상대정화구역,20221008
경상남도 양산시 물금읍 물금리 880-5번지,48330,25321,0,0880,0005,1264100115787,,,,1,용도지역코드,UQA121,제1종일반주거지역,1,0,,제1종일반주거지역,20221008
경상남도 양산시 물금읍 물금리 880-6번지,48330,25321,0,0880,0006,1264100115791,,,,1,용도지역코드,UQA121,제1종일반주거지역,1,0,,제1종일반주거지역,20221008
경상남도 양산시 물금읍 물금리 880-6번지,48330,25321,0,0880,0006,1264100115791,,,,3,용도구역코드,UOA120,상대보호구역,1,0,,상대보호구역,20221008
경상남도 양산시 물금읍 물금리 880-6번지,48330,25321,0,0880,0006,1264100115791,,,,3,용도구역코드,UQQ310,제1종지구단위계획구역,0,0,,제1종지구단위계획구역,20221008
경상남도 양산시 물금읍 물금리 880-7번지,48330,25321,0,0880,0007,1264100104434,,,,1,용도지역코드,UQA121,제1종일반주거지역,1,0,,제1종일반주거지역,20221008
경상남도 양산시 물금읍 물금리 880-7번지,48330,25321,0,0880,0007,1264100104434,,,,3,용도구역코드,UQQ300,지구단위계획구역,1,0,,지구단위계획구역,20221008
경상남도 양산시 물금읍 물금리 880-8번지,48330,25321,0,0880,0008,1264100067083,,,,3,용도구역코드,UQQ310,제1종지구단위계획구역,1,0,,제1종지구단위계획구역,20221008
경상남도 양산시 물금읍 물금리 880-8번지,48330,25321,0,0880,0008,1264100067083,,,,1,용도지역코드,UQA121,제1종일반주거지역,1,0,,제1종일반주거지역,20221008
경상남도 양산시 물금읍 물금리 880-9번지,48330,25321,0,0880,0009,1264100076400,,,,3,용도구역코드,UQQ310,제1종지구단위계획구역,1,0,,제1종지구단위계획구역,20221008
경상남도 양산시 물금읍 물금리 880-9번지,48330,25321,0,0880,0009,1264100076400,,,,3,용도구역코드,UOA120,상대보호구역,0,0,,상대정화구역,20221008
경상남도 양산시 물금읍 물금리 880-9번지,48330,25321,0,0880,0009,1264100076400,,,,1,용도지역코드,UQA121,제1종일반주거지역,1,0,,제1종일반주거지역,20221008
경상남도 양산시 물금읍 물금리 880-10번지,48330,25321,0,0880,0010,1264100092065,,,,1,용도지역코드,UQA121,제1종일반주거지역,1,0,,제1종일반주거지역,20221008
경상남도 양산시 물금읍 물금리 880-10번지,48330,25321,0,0880,0010,1264100092065,,,,3,용도구역코드,UQQ310,제1종지구단위계획구역,1,0,,제1종지구단위계획구역,20221008
경상남도 양산시 물금읍 물금리 880-10번지,48330,25321,0,0880,0010,1264100092065,,,,3,용도구역코드,UOA120,상대보호구역,0,0,,상대정화구역,20221008
경상남도 양산시 물금읍 물금리 880-12번지,48330,25321,0,0880,0012,1264100091722,,,,1,용도지역코드,UQA121,제1종일반주거지역,1,0,,제1종일반주거지역,20221008
경상남도 양산시 물금읍 물금리 880-12번지,48330,25321,0,0880,0012,1264100091722,,,,3,용도구역코드,UQQ310,제1종지구단위계획구역,1,0,,제1종지구단위계획구역,20221008
경상남도 양산시 물금읍 물금리 880-12번지,48330,25321,0,0880,0012,1264100091722,,,,3,용도구역코드,UOA120,상대보호구역,0,0,,상대정화구역,20221008
경상남도 양산시 물금읍 물금리 880-13번지,48330,25321,0,0880,0013,1264100095487,,,,1,용도지역코드,UQA121,제1종일반주거지역,1,0,,제1종일반주거지역,20221008
경상남도 양산시 물금읍 물금리 880-13번지,48330,25321,0,0880,0013,1264100095487,,,,3,용도구역코드,UQQ310,제1종지구단위계획구역,1,0,,제1종지구단위계획구역,20221008
경상남도 양산시 물금읍 물금리 880-13번지,48330,25321,0,0880,0013,1264100095487,,,,3,용도구역코드,UOA120,상대보호구역,0,0,,상대정화구역,20221008
경상남도 양산시 물금읍 물금리 880-14번지,48330,25321,0,0880,0014,1264100081279,,,,3,용도구역코드,UQQ310,제1종지구단위계획구역,1,0,,제1종지구단위계획구역,20221008
경상남도 양산시 물금읍 물금리 880-14번지,48330,25321,0,0880,0014,1264100081279,,,,3,용도구역코드,UOA120,상대보호구역,0,0,,상대정화구역,20221008
경상남도 양산시 물금읍 물금리 880-14번지,48330,25321,0,0880,0014,1264100081279,,,,1,용도지역코드,UQA121,제1종일반주거지역,1,0,,제1종일반주거지역,20221008
경상남도 양산시 물금읍 물금리 880-15번지,48330,25321,0,0880,0015,1264100052216,,,,1,용도지역코드,UQA121,제1종일반주거지역,1,0,,제1종일반주거지역,20221008
경상남도 양산시 물금읍 물금리 880-15번지,48330,25321,0,0880,0015,1264100052216,,,,3,용도구역코드,UQQ310,제1종지구단위계획구역,1,0,,제1종지구단위계획구역,20221008
경상남도 양산시 물금읍 물금리 880-16번지,48330,25321,0,0880,0016,1264100069219,,,,1,용도지역코드,UQA121,제1종일반주거지역,1,0,,제1종일반주거지역,20221008
경상남도 양산시 물금읍 물금리 880-16번지,48330,25321,0,0880,0016,1264100069219,,,,3,용도구역코드,UQQ310,제1종지구단위계획구역,1,0,,제1종지구단위계획구역,20221008
경상남도 양산시 물금읍 물금리 880-18번지,48330,25321,0,0880,0018,1264100082985,,,,1,용도지역코드,UQA121,제1종일반주거지역,1,0,,제1종일반주거지역,20221008
경상남도 양산시 물금읍 물금리 880-18번지,48330,25321,0,0880,0018,1264100082985,,,,3,용도구역코드,UQQ310,제1종지구단위계획구역,1,0,,제1종지구단위계획구역,20221008
경상남도 양산시 물금읍 물금리 881-1번지,48330,25321,0,0881,0001,1264100052092,,,,1,용도지역코드,UQA121,제1종일반주거지역,1,0,,제1종일반주거지역,20221008
경상남도 양산시 물금읍 물금리 881-1번지,48330,25321,0,0881,0001,1264100052092,,,,3,용도구역코드,UQQ310,제1종지구단위계획구역,1,0,,제1종지구단위계획구역,20221008
경상남도 양산시 물금읍 물금리 881-2번지,48330,25321,0,0881,0002,1264100075201,,,,1,용도지역코드,UQA121,제1종일반주거지역,1,0,,제1종일반주거지역,20221008
경상남도 양산시 물금읍 물금리 881-2번지,48330,25321,0,0881,0002,1264100075201,,,,3,용도구역코드,UQQ310,제1종지구단위계획구역,1,0,,제1종지구단위계획구역,20221008
경상남도 양산시 물금읍 물금리 881-2번지,48330,25321,0,0881,0002,1264100075201,,,,3,용도구역코드,UOA120,상대보호구역,0,0,,상대정화구역,20221008
경상남도 양산시 물금읍 물금리 881-3번지,48330,25321,0,0881,0003,1264100052290,,,,1,용도지역코드,UQA121,제1종일반주거지역,1,0,,제1종일반주거지역,20221008
경상남도 양산시 물금읍 물금리 881-3번지,48330,25321,0,0881,0003,1264100052290,,,,3,용도구역코드,UQQ310,제1종지구단위계획구역,1,0,,제1종지구단위계획구역,20221008
경상남도 양산시 물금읍 물금리 881-4번지,48330,25321,0,0881,0004,1264100104755,,,,1,용도지역코드,UQA121,제1종일반주거지역,1,0,,제1종일반주거지역,20221008
경상남도 양산시 물금읍 물금리 881-4번지,48330,25321,0,0881,0004,1264100104755,,,,3,용도구역코드,UQQ310,제1종지구단위계획구역,1,0,,제1종지구단위계획구역,20221008
경상남도 양산시 물금읍 물금리 881-5번지,48330,25321,0,0881,0005,1264100075245,,,,1,용도지역코드,UQA121,제1종일반주거지역,1,0,,제1종일반주거지역,20221008
경상남도 양산시 물금읍 물금리 881-5번지,48330,25321,0,0881,0005,1264100075245,,,,3,용도구역코드,UQQ310,제1종지구단위계획구역,1,0,,제1종지구단위계획구역,20221008
경상남도 양산시 물금읍 물금리 881-7번지,48330,25321,0,0881,0007,1264100052493,,,,1,용도지역코드,UQA121,제1종일반주거지역,1,0,,제1종일반주거지역,20221008
경상남도 양산시 물금읍 물금리 881-7번지,48330,25321,0,0881,0007,1264100052493,,,,3,용도구역코드,UQQ310,제1종지구단위계획구역,1,0,,제1종지구단위계획구역,20221008
경상남도 양산시 물금읍 물금리 881-9번지,48330,25321,0,0881,0009,1264100061761,,,,1,용도지역코드,UQA121,제1종일반주거지역,1,0,,제1종일반주거지역,20221008
경상남도 양산시 물금읍 물금리 881-9번지,48330,25321,0,0881,0009,1264100061761,,,,3,용도구역코드,UQQ310,제1종지구단위계획구역,1,0,,제1종지구단위계획구역,20221008
경상남도 양산시 물금읍 물금리 881-10번지,48330,25321,0,0881,0010,1264100076779,,,,1,용도지역코드,UQA121,제1종일반주거지역,1,0,,제1종일반주거지역,20221008
경상남도 양산시 물금읍 물금리 881-10번지,48330,25321,0,0881,0010,1264100076779,,,,3,용도구역코드,UQQ310,제1종지구단위계획구역,1,0,,제1종지구단위계획구역,20221008
경상남도 양산시 물금읍 물금리 881-11번지,48330,25321,0,0881,0011,1264100052012,,,,1,용도지역코드,UQA121,제1종일반주거지역,1,0,,제1종일반주거지역,20221008
경상남도 양산시 물금읍 물금리 881-11번지,48330,25321,0,0881,0011,1264100052012,,,,3,용도구역코드,UQQ310,제1종지구단위계획구역,1,0,,제1종지구단위계획구역,20221008
경상남도 양산시 물금읍 물금리 881-12번지,48330,25321,0,0881,0012,1264100079759,,,,1,용도지역코드,UQA121,제1종일반주거지역,1,0,,제1종일반주거지역,20221008
경상남도 양산시 물금읍 물금리 881-12번지,48330,25321,0,0881,0012,1264100079759,,,,3,용도구역코드,UQQ310,제1종지구단위계획구역,1,0,,제1종지구단위계획구역,20221008
경상남도 양산시 물금읍 물금리 881-13번지,48330,25321,0,0881,0013,1264100098914,,,,1,용도지역코드,UQA121,제1종일반주거지역,1,0,,제1종일반주거지역,20221008
경상남도 양산시 물금읍 물금리 881-13번지,48330,25321,0,0881,0013,1264100098914,,,,3,용도구역코드,UQQ310,제1종지구단위계획구역,1,0,,제1종지구단위계획구역,20221008
경상남도 양산시 물금읍 물금리 881-14번지,48330,25321,0,0881,0014,1264100051989,,,,1,용도지역코드,UQA121,제1종일반주거지역,1,0,,제1종일반주거지역,20221008
경상남도 양산시 물금읍 물금리 881-14번지,48330,25321,0,0881,0014,1264100051989,,,,3,용도구역코드,UQQ310,제1종지구단위계획구역,1,0,,제1종지구단위계획구역,20221008
경상남도 양산시 물금읍 물금리 881-15번지,48330,25321,0,0881,0015,1264100052114,,,,3,용도구역코드,UQQ310,제1종지구단위계획구역,1,0,,제1종지구단위계획구역,20221008
경상남도 양산시 물금읍 물금리 881-15번지,48330,25321,0,0881,0015,1264100052114,,,,1,용도지역코드,UQA121,제1종일반주거지역,1,0,,제1종일반주거지역,20221008
경상남도 양산시 물금읍 물금리 881-16번지,48330,25321,0,0881,0016,1264100070840,,,,1,용도지역코드,UQA121,제1종일반주거지역,1,0,,제1종일반주거지역,20221008
경상남도 양산시 물금읍 물금리 881-16번지,48330,25321,0,0881,0016,1264100070840,,,,3,용도구역코드,UQQ310,제1종지구단위계획구역,1,0,,제1종지구단위계획구역,20221008
경상남도 양산시 물금읍 물금리 881-18번지,48330,25321,0,0881,0018,1264100052376,,,,1,용도지역코드,UQA121,제1종일반주거지역,1,0,,제1종일반주거지역,20221008
경상남도 양산시 물금읍 물금리 881-18번지,48330,25321,0,0881,0018,1264100052376,,,,3,용도구역코드,UQQ310,제1종지구단위계획구역,1,0,,제1종지구단위계획구역,20221008
경상남도 양산시 물금읍 물금리 882-1번지,48330,25321,0,0882,0001,1264100138383,,,,1,용도지역코드,UQA121,제1종일반주거지역,1,0,,제1종일반주거지역,20221008
경상남도 양산시 물금읍 물금리 882-1번지,48330,25321,0,0882,0001,1264100138383,,,,3,용도구역코드,UQQ310,제1종지구단위계획구역,1,0,,제1종지구단위계획구역,20221008
경상남도 양산시 물금읍 물금리 882-1번지,48330,25321,0,0882,0001,1264100053108,,,,1,용도지역코드,UQA121,제1종일반주거지역,1,0,,제1종일반주거지역,20221008
경상남도 양산시 물금읍 물금리 882-1번지,48330,25321,0,0882,0001,1264100053108,,,,3,용도구역코드,UQQ310,제1종지구단위계획구역,1,0,,제1종지구단위계획구역,20221008
경상남도 양산시 물금읍 물금리 882-2번지,48330,25321,0,0882,0002,1264100052368,,,,1,용도지역코드,UQA121,제1종일반주거지역,1,0,,제1종일반주거지역,20221008
경상남도 양산시 물금읍 물금리 882-2번지,48330,25321,0,0882,0002,1264100052368,,,,3,용도구역코드,UQQ310,제1종지구단위계획구역,1,0,,제1종지구단위계획구역,20221008
경상남도 양산시 물금읍 물금리 882-3번지,48330,25321,0,0882,0003,1264100051993,,,,1,용도지역코드,UQA121,제1종일반주거지역,1,0,,제1종일반주거지역,20221008
경상남도 양산시 물금읍 물금리 882-3번지,48330,25321,0,0882,0003,1264100051993,,,,3,용도구역코드,UQQ310,제1종지구단위계획구역,1,0,,제1종지구단위계획구역,20221008
경상남도 양산시 물금읍 물금리 882-4번지,48330,25321,0,0882,0004,1264100113958,,,,1,용도지역코드,UQA121,제1종일반주거지역,1,0,,제1종일반주거지역,20221008
경상남도 양산시 물금읍 물금리 882-4번지,48330,25321,0,0882,0004,1264100113958,,,,3,용도구역코드,UQQ310,제1종지구단위계획구역,1,0,,제1종지구단위계획구역,20221008
경상남도 양산시 물금읍 물금리 882-5번지,48330,25321,0,0882,0005,1264100051911,,,,1,용도지역코드,UQA121,제1종일반주거지역,1,0,,제1종일반주거지역,20221008
경상남도 양산시 물금읍 물금리 882-5번지,48330,25321,0,0882,0005,1264100051911,,,,3,용도구역코드,UQQ310,제1종지구단위계획구역,1,0,,제1종지구단위계획구역,20221008
경상남도 양산시 물금읍 물금리 882-6번지,48330,25321,0,0882,0006,1264100059092,,,,1,용도지역코드,UQA121,제1종일반주거지역,1,0,,제1종일반주거지역,20221008
경상남도 양산시 물금읍 물금리 882-6번지,48330,25321,0,0882,0006,1264100059092,,,,3,용도구역코드,UQQ310,제1종지구단위계획구역,1,0,,제1종지구단위계획구역,20221008
경상남도 양산시 물금읍 물금리 882-6번지,48330,25321,0,0882,0006,1264100059092,,,,3,용도구역코드,UOA110,절대정화구역,0,0,,절대정화구역,20221008
경상남도 양산시 물금읍 물금리 882-6번지,48330,25321,0,0882,0006,1264100059092,,,,3,용도구역코드,UOA120,상대보호구역,0,0,,상대정화구역,20221008
경상남도 양산시 물금읍 물금리 882-7번지,48330,25321,0,0882,0007,1264100052378,,,,3,용도구역코드,UOA120,상대보호구역,0,0,,상대보호구역,20221020
경상남도 양산시 물금읍 물금리 882-7번지,48330,25321,0,0882,0007,1264100052378,,,,1,용도지역코드,UQA121,제1종일반주거지역,1,0,,제1종일반주거지역,20221020
경상남도 양산시 물금읍 물금리 882-7번지,48330,25321,0,0882,0007,1264100052378,,,,3,용도구역코드,UQQ310,제1종지구단위계획구역,1,0,,제1종지구단위계획구역,20221020
경상남도 양산시 물금읍 물금리 882-7번지,48330,25321,0,0882,0007,1264100052378,,,,3,용도구역코드,UOA110,절대정화구역,0,0,,절대정화구역,20221020
경상남도 양산시 물금읍 물금리 882-7번지,48330,25321,0,0882,0007,1264100052378,,,,3,용도구역코드,UMZ100,가축사육제한구역,0,0,,가축사육제한구역,20221020
경상남도 양산시 물금읍 물금리 882-9번지,48330,25321,0,0882,0009,1264100070082,,,,1,용도지역코드,UQA121,제1종일반주거지역,1,0,,제1종일반주거지역,20221008
경상남도 양산시 물금읍 물금리 882-9번지,48330,25321,0,0882,0009,1264100070082,,,,3,용도구역코드,UQQ310,제1종지구단위계획구역,1,0,,제1종지구단위계획구역,20221008
경상남도 양산시 물금읍 물금리 882-9번지,48330,25321,0,0882,0009,1264100070082,,,,3,용도구역코드,UOA110,절대정화구역,0,0,,절대정화구역,20221008
경상남도 양산시 물금읍 물금리 882-9번지,48330,25321,0,0882,0009,1264100070082,,,,3,용도구역코드,UOA120,상대보호구역,0,0,,상대정화구역,20221008
경상남도 양산시 물금읍 물금리 882-10번지,48330,25321,0,0882,0010,1264100066584,,,,1,용도지역코드,UQA121,제1종일반주거지역,1,0,,제1종일반주거지역,20221008
경상남도 양산시 물금읍 물금리 882-10번지,48330,25321,0,0882,0010,1264100066584,,,,3,용도구역코드,UQQ310,제1종지구단위계획구역,1,0,,제1종지구단위계획구역,20221008
경상남도 양산시 물금읍 물금리 882-10번지,48330,25321,0,0882,0010,1264100066584,,,,3,용도구역코드,UOA110,절대정화구역,0,0,,절대정화구역,20221008
경상남도 양산시 물금읍 물금리 882-10번지,48330,25321,0,0882,0010,1264100066584,,,,3,용도구역코드,UOA120,상대보호구역,0,0,,상대정화구역,20221008
경상남도 양산시 물금읍 물금리 882-12번지,48330,25321,0,0882,0012,1264100052125,,,,1,용도지역코드,UQA121,제1종일반주거지역,1,0,,제1종일반주거지역,20221008
경상남도 양산시 물금읍 물금리 882-12번지,48330,25321,0,0882,0012,1264100052125,,,,3,용도구역코드,UQQ310,제1종지구단위계획구역,1,0,,제1종지구단위계획구역,20221008
경상남도 양산시 물금읍 물금리 882-13번지,48330,25321,0,0882,0013,1264100075820,,,,1,용도지역코드,UQA121,제1종일반주거지역,1,0,,제1종일반주거지역,20221008
경상남도 양산시 물금읍 물금리 882-13번지,48330,25321,0,0882,0013,1264100075820,,,,3,용도구역코드,UQQ310,제1종지구단위계획구역,1,0,,제1종지구단위계획구역,20221008
경상남도 양산시 물금읍 물금리 882-14번지,48330,25321,0,0882,0014,1264100052033,,,,1,용도지역코드,UQA121,제1종일반주거지역,1,0,,제1종일반주거지역,20221008
경상남도 양산시 물금읍 물금리 882-14번지,48330,25321,0,0882,0014,1264100052033,,,,3,용도구역코드,UQQ310,제1종지구단위계획구역,1,0,,제1종지구단위계획구역,20221008
경상남도 양산시 물금읍 물금리 882-16번지,48330,25321,0,0882,0016,1264100052034,,,,1,용도지역코드,UQA121,제1종일반주거지역,1,0,,제1종일반주거지역,20221008
경상남도 양산시 물금읍 물금리 882-16번지,48330,25321,0,0882,0016,1264100052034,,,,3,용도구역코드,UQQ310,제1종지구단위계획구역,1,0,,제1종지구단위계획구역,20221008
경상남도 양산시 물금읍 물금리 882-17번지,48330,25321,0,0882,0017,1264100114676,,,,1,용도지역코드,UQA121,제1종일반주거지역,1,0,,제1종일반주거지역,20221008
경상남도 양산시 물금읍 물금리 882-17번지,48330,25321,0,0882,0017,1264100114676,,,,3,용도구역코드,UOA120,상대보호구역,1,0,,상대보호구역,20221008
경상남도 양산시 물금읍 물금리 882-17번지,48330,25321,0,0882,0017,1264100114676,,,,3,용도구역코드,UQQ310,제1종지구단위계획구역,0,0,,제1종지구단위계획구역,20221008
경상남도 양산시 물금읍 물금리 883-2번지,48330,25321,0,0883,0002,1264100065719,,,,1,용도지역코드,UQA121,제1종일반주거지역,1,0,,제1종일반주거지역,20221008
경상남도 양산시 물금읍 물금리 883-2번지,48330,25321,0,0883,0002,1264100065719,,,,3,용도구역코드,UQQ310,제1종지구단위계획구역,1,0,,제1종지구단위계획구역,20221008
경상남도 양산시 물금읍 물금리 883-2번지,48330,25321,0,0883,0002,1264100065719,,,,3,용도구역코드,UOA110,절대정화구역,0,0,,절대정화구역,20221008
경상남도 양산시 물금읍 물금리 883-2번지,48330,25321,0,0883,0002,1264100065719,,,,3,용도구역코드,UOA120,상대보호구역,0,0,,상대정화구역,20221008
경상남도 양산시 물금읍 물금리 884-1번지,48330,25321,0,0884,0001,1264100095327,,,,1,용도지역코드,UQA121,제1종일반주거지역,1,0,,제1종일반주거지역,20221008
경상남도 양산시 물금읍 물금리 884-1번지,48330,25321,0,0884,0001,1264100095327,,,,3,용도구역코드,UQQ310,제1종지구단위계획구역,1,0,,제1종지구단위계획구역,20221008
경상남도 양산시 물금읍 물금리 884-1번지,48330,25321,0,0884,0001,1264100095327,,,,3,용도구역코드,UOA110,절대정화구역,0,0,,절대정화구역,20221008
경상남도 양산시 물금읍 물금리 884-1번지,48330,25321,0,0884,0001,1264100095327,,,,3,용도구역코드,UOA120,상대보호구역,0,0,,상대정화구역,20221008
경상남도 양산시 물금읍 물금리 884-2번지,48330,25321,0,0884,0002,1264100058955,,,,1,용도지역코드,UQA121,제1종일반주거지역,1,0,,제1종일반주거지역,20221008
경상남도 양산시 물금읍 물금리 884-2번지,48330,25321,0,0884,0002,1264100058955,,,,3,용도구역코드,UQQ310,제1종지구단위계획구역,1,0,,제1종지구단위계획구역,20221008
경상남도 양산시 물금읍 물금리 884-2번지,48330,25321,0,0884,0002,1264100058955,,,,3,용도구역코드,UOA110,절대정화구역,0,0,,절대정화구역,20221008
경상남도 양산시 물금읍 물금리 884-2번지,48330,25321,0,0884,0002,1264100058955,,,,3,용도구역코드,UOA120,상대보호구역,0,0,,상대정화구역,20221008
경상남도 양산시 물금읍 물금리 884-3번지,48330,25321,0,0884,0003,1264100086481,,,,1,용도지역코드,UQA121,제1종일반주거지역,1,0,,제1종일반주거지역,20221008
경상남도 양산시 물금읍 물금리 884-3번지,48330,25321,0,0884,0003,1264100086481,,,,3,용도구역코드,UQQ310,제1종지구단위계획구역,1,0,,제1종지구단위계획구역,20221008
경상남도 양산시 물금읍 물금리 884-4번지,48330,25321,0,0884,0004,1264100080983,,,,3,용도구역코드,UOA110,절대정화구역,0,0,,절대정화구역,20230227
경상남도 양산시 물금읍 물금리 884-4번지,48330,25321,0,0884,0004,1264100080983,,,,1,용도지역코드,UQA121,제1종일반주거지역,1,0,,제1종일반주거지역,20230227
경상남도 양산시 물금읍 물금리 884-4번지,48330,25321,0,0884,0004,1264100080983,,,,3,용도구역코드,UOA120,상대보호구역,0,0,,상대정화구역,20230227
경상남도 양산시 물금읍 물금리 884-4번지,48330,25321,0,0884,0004,1264100080983,,,,3,용도구역코드,UQQ310,제1종지구단위계획구역,1,0,,제1종지구단위계획구역,20230227
경상남도 양산시 물금읍 물금리 884-5번지,48330,25321,0,0884,0005,1264100090622,,,,1,용도지역코드,UQA121,제1종일반주거지역,1,0,,제1종일반주거지역,20221008
경상남도 양산시 물금읍 물금리 884-5번지,48330,25321,0,0884,0005,1264100090622,,,,3,용도구역코드,UQQ310,제1종지구단위계획구역,1,0,,제1종지구단위계획구역,20221008
경상남도 양산시 물금읍 물금리 884-6번지,48330,25321,0,0884,0006,1264100111856,,,,1,용도지역코드,UQA121,제1종일반주거지역,1,0,,제1종일반주거지역,20221008
경상남도 양산시 물금읍 물금리 884-6번지,48330,25321,0,0884,0006,1264100111856,,,,3,용도구역코드,UOA120,상대보호구역,1,0,,상대보호구역,20221008
경상남도 양산시 물금읍 물금리 884-6번지,48330,25321,0,0884,0006,1264100111856,,,,3,용도구역코드,UOA110,절대정화구역,0,0,,절대보호구역,20221008
경상남도 양산시 물금읍 물금리 884-6번지,48330,25321,0,0884,0006,1264100111856,,,,3,용도구역코드,UQQ310,제1종지구단위계획구역,0,0,,제1종지구단위계획구역,20221008
경상남도 양산시 물금읍 물금리 884-9번지,48330,25321,0,0884,0009,1264100052037,,,,3,용도구역코드,UQQ310,제1종지구단위계획구역,1,0,,제1종지구단위계획구역,20221008
경상남도 양산시 물금읍 물금리 884-9번지,48330,25321,0,0884,0009,1264100052037,,,,1,용도지역코드,UQA121,제1종일반주거지역,1,0,,제1종일반주거지역,20221008
경상남도 양산시 물금읍 물금리 884-10번지,48330,25321,0,0884,0010,1264100086361,,,,1,용도지역코드,UQA121,제1종일반주거지역,1,0,,제1종일반주거지역,20221008
경상남도 양산시 물금읍 물금리 884-10번지,48330,25321,0,0884,0010,1264100086361,,,,3,용도구역코드,UQQ310,제1종지구단위계획구역,1,0,,제1종지구단위계획구역,20221008
경상남도 양산시 물금읍 물금리 884-10번지,48330,25321,0,0884,0010,1264100086361,,,,3,용도구역코드,UOA110,절대정화구역,0,0,,절대정화구역,20221008
경상남도 양산시 물금읍 물금리 884-10번지,48330,25321,0,0884,0010,1264100086361,,,,3,용도구역코드,UOA120,상대보호구역,0,0,,상대정화구역,20221008
경상남도 양산시 물금읍 물금리 884-11번지,48330,25321,0,0884,0011,1264100091569,,,,1,용도지역코드,UQA121,제1종일반주거지역,1,0,,제1종일반주거지역,20221008
경상남도 양산시 물금읍 물금리 884-11번지,48330,25321,0,0884,0011,1264100091569,,,,3,용도구역코드,UQQ310,제1종지구단위계획구역,1,0,,제1종지구단위계획구역,20221008
경상남도 양산시 물금읍 물금리 884-11번지,48330,25321,0,0884,0011,1264100091569,,,,3,용도구역코드,UOA110,절대정화구역,0,0,,절대정화구역,20221008
경상남도 양산시 물금읍 물금리 884-11번지,48330,25321,0,0884,0011,1264100091569,,,,3,용도구역코드,UOA120,상대보호구역,0,0,,상대정화구역,20221008
경상남도 양산시 물금읍 물금리 884-12번지,48330,25321,0,0884,0012,1264100086641,,,,1,용도지역코드,UQA121,제1종일반주거지역,1,0,,제1종일반주거지역,20221008
경상남도 양산시 물금읍 물금리 884-12번지,48330,25321,0,0884,0012,1264100086641,,,,3,용도구역코드,UQQ310,제1종지구단위계획구역,1,0,,제1종지구단위계획구역,20221008
경상남도 양산시 물금읍 물금리 884-13번지,48330,25321,0,0884,0013,1264100115237,,,,1,용도지역코드,UQA121,제1종일반주거지역,1,0,,제1종일반주거지역,20221008
경상남도 양산시 물금읍 물금리 884-13번지,48330,25321,0,0884,0013,1264100115237,,,,3,용도구역코드,UOA110,절대정화구역,1,0,,절대보호구역,20221008
경상남도 양산시 물금읍 물금리 884-13번지,48330,25321,0,0884,0013,1264100115237,,,,3,용도구역코드,UQQ310,제1종지구단위계획구역,0,0,,제1종지구단위계획구역,20221008
경상남도 양산시 물금읍 물금리 884-14번지,48330,25321,0,0884,0014,1264100091570,,,,1,용도지역코드,UQA121,제1종일반주거지역,1,0,,제1종일반주거지역,20221008
경상남도 양산시 물금읍 물금리 884-14번지,48330,25321,0,0884,0014,1264100091570,,,,3,용도구역코드,UQQ310,제1종지구단위계획구역,1,0,,제1종지구단위계획구역,20221008
경상남도 양산시 물금읍 물금리 884-14번지,48330,25321,0,0884,0014,1264100091570,,,,3,용도구역코드,UOA110,절대정화구역,0,0,,절대정화구역,20221008
경상남도 양산시 물금읍 물금리 884-14번지,48330,25321,0,0884,0014,1264100091570,,,,3,용도구역코드,UOA120,상대보호구역,0,0,,상대정화구역,20221008
경상남도 양산시 물금읍 물금리 885-1번지,48330,25321,0,0885,0001,1264100068219,,,,1,용도지역코드,UQA121,제1종일반주거지역,1,0,,제1종일반주거지역,20221008
경상남도 양산시 물금읍 물금리 885-1번지,48330,25321,0,0885,0001,1264100068219,,,,3,용도구역코드,UQQ310,제1종지구단위계획구역,1,0,,제1종지구단위계획구역,20221008
경상남도 양산시 물금읍 물금리 885-2번지,48330,25321,0,0885,0002,1264100080741,,,,3,용도구역코드,UQQ310,제1종지구단위계획구역,1,0,,제1종지구단위계획구역,20221008
경상남도 양산시 물금읍 물금리 885-2번지,48330,25321,0,0885,0002,1264100080741,,,,3,용도구역코드,UOA120,상대보호구역,0,0,,상대정화구역,20221008
경상남도 양산시 물금읍 물금리 885-2번지,48330,25321,0,0885,0002,1264100080741,,,,1,용도지역코드,UQA121,제1종일반주거지역,1,0,,제1종일반주거지역,20221008
경상남도 양산시 물금읍 물금리 885-3번지,48330,25321,0,0885,0003,1264100119680,,,,1,용도지역코드,UQA121,제1종일반주거지역,1,0,,제1종일반주거지역,20221008
경상남도 양산시 물금읍 물금리 885-3번지,48330,25321,0,0885,0003,1264100119680,,,,3,용도구역코드,UQQ310,제1종지구단위계획구역,1,0,,제1종지구단위계획구역,20221008
경상남도 양산시 물금읍 물금리 885-4번지,48330,25321,0,0885,0004,1264100115788,,,,1,용도지역코드,UQA121,제1종일반주거지역,1,0,,제1종일반주거지역,20230601
경상남도 양산시 물금읍 물금리 885-5번지,48330,25321,0,0885,0005,1264100115785,,,,1,용도지역코드,UQA121,제1종일반주거지역,1,0,,제1종일반주거지역,20221008
경상남도 양산시 물금읍 물금리 885-6번지,48330,25321,0,0885,0006,1264100093901,,,,1,용도지역코드,UQA121,제1종일반주거지역,1,0,,제1종일반주거지역,20221008
경상남도 양산시 물금읍 물금리 885-6번지,48330,25321,0,0885,0006,1264100093901,,,,3,용도구역코드,UQQ310,제1종지구단위계획구역,1,0,,제1종지구단위계획구역,20221008
경상남도 양산시 물금읍 물금리 885-7번지,48330,25321,0,0885,0007,1264100094686,,,,1,용도지역코드,UQA121,제1종일반주거지역,1,0,,제1종일반주거지역,20221008
경상남도 양산시 물금읍 물금리 885-7번지,48330,25321,0,0885,0007,1264100094686,,,,3,용도구역코드,UQQ310,제1종지구단위계획구역,1,0,,제1종지구단위계획구역,20221008
경상남도 양산시 물금읍 물금리 885-7번지,48330,25321,0,0885,0007,1264100094686,,,,3,용도구역코드,UOA120,상대보호구역,0,0,,상대정화구역,20221008
경상남도 양산시 물금읍 물금리 885-8번지,48330,25321,0,0885,0008,1264100052015,,,,1,용도지역코드,UQA121,제1종일반주거지역,1,0,,제1종일반주거지역,20221008
경상남도 양산시 물금읍 물금리 885-8번지,48330,25321,0,0885,0008,1264100052015,,,,3,용도구역코드,UQQ310,제1종지구단위계획구역,1,0,,제1종지구단위계획구역,20221008
경상남도 양산시 물금읍 물금리 885-9번지,48330,25321,0,0885,0009,1264100073420,,,,1,용도지역코드,UQA121,제1종일반주거지역,1,0,,제1종일반주거지역,20221008
경상남도 양산시 물금읍 물금리 885-9번지,48330,25321,0,0885,0009,1264100073420,,,,3,용도구역코드,UQQ310,제1종지구단위계획구역,1,0,,제1종지구단위계획구역,20221008
경상남도 양산시 물금읍 물금리 885-10번지,48330,25321,0,0885,0010,1264100073901,,,,1,용도지역코드,UQA121,제1종일반주거지역,1,0,,제1종일반주거지역,20221008
경상남도 양산시 물금읍 물금리 885-10번지,48330,25321,0,0885,0010,1264100073901,,,,3,용도구역코드,UQQ310,제1종지구단위계획구역,1,0,,제1종지구단위계획구역,20221008
경상남도 양산시 물금읍 물금리 885-10번지,48330,25321,0,0885,0010,1264100073901,,,,3,용도구역코드,UOA120,상대보호구역,0,0,,상대정화구역,20221008
경상남도 양산시 물금읍 물금리 886-1번지,48330,25321,0,0886,0001,1264100086921,,,,1,용도지역코드,UQA121,제1종일반주거지역,1,0,,제1종일반주거지역,20221008
경상남도 양산시 물금읍 물금리 886-1번지,48330,25321,0,0886,0001,1264100086921,,,,3,용도구역코드,UQQ310,제1종지구단위계획구역,1,0,,제1종지구단위계획구역,20221008
경상남도 양산시 물금읍 물금리 886-1번지,48330,25321,0,0886,0001,1264100086921,,,,3,용도구역코드,UOA120,상대보호구역,0,0,,상대정화구역,20221008
경상남도 양산시 물금읍 물금리 886-2번지,48330,25321,0,0886,0002,1264100084021,,,,1,용도지역코드,UQA121,제1종일반주거지역,1,0,,제1종일반주거지역,20221008
경상남도 양산시 물금읍 물금리 886-2번지,48330,25321,0,0886,0002,1264100084021,,,,3,용도구역코드,UQQ310,제1종지구단위계획구역,1,0,,제1종지구단위계획구역,20221008
경상남도 양산시 물금읍 물금리 886-3번지,48330,25321,0,0886,0003,1264100071220,,,,1,용도지역코드,UQA121,제1종일반주거지역,1,0,,제1종일반주거지역,20221008
경상남도 양산시 물금읍 물금리 886-3번지,48330,25321,0,0886,0003,1264100071220,,,,3,용도구역코드,UQQ310,제1종지구단위계획구역,1,0,,제1종지구단위계획구역,20221008
경상남도 양산시 물금읍 물금리 886-3번지,48330,25321,0,0886,0003,1264100071220,,,,3,용도구역코드,UOA120,상대보호구역,0,0,,상대정화구역,20221008
경상남도 양산시 물금읍 물금리 886-4번지,48330,25321,0,0886,0004,1264100069880,,,,1,용도지역코드,UQA121,제1종일반주거지역,1,0,,제1종일반주거지역,20221008
경상남도 양산시 물금읍 물금리 886-4번지,48330,25321,0,0886,0004,1264100069880,,,,3,용도구역코드,UQQ310,제1종지구단위계획구역,1,0,,제1종지구단위계획구역,20221008
경상남도 양산시 물금읍 물금리 886-4번지,48330,25321,0,0886,0004,1264100069880,,,,3,용도구역코드,UOA120,상대보호구역,0,0,,상대정화구역,20221008
경상남도 양산시 물금읍 물금리 886-5번지,48330,25321,0,0886,0005,1264100115784,,,,1,용도지역코드,UQA121,제1종일반주거지역,1,0,,제1종일반주거지역,20221008
경상남도 양산시 물금읍 물금리 886-7번지,48330,25321,0,0886,0007,1264100074540,,,,1,용도지역코드,UQA121,제1종일반주거지역,1,0,,제1종일반주거지역,20221008
경상남도 양산시 물금읍 물금리 886-7번지,48330,25321,0,0886,0007,1264100074540,,,,3,용도구역코드,UQQ310,제1종지구단위계획구역,1,0,,제1종지구단위계획구역,20221008
경상남도 양산시 물금읍 물금리 886-7번지,48330,25321,0,0886,0007,1264100074540,,,,3,용도구역코드,UOA120,상대보호구역,0,0,,상대정화구역,20221008
경상남도 양산시 물금읍 물금리 886-9번지,48330,25321,0,0886,0009,1264100115790,,,,1,용도지역코드,UQA121,제1종일반주거지역,1,0,,제1종일반주거지역,20221008
경상남도 양산시 물금읍 물금리 886-9번지,48330,25321,0,0886,0009,1264100115790,,,,3,용도구역코드,UQQ310,제1종지구단위계획구역,1,0,,제1종지구단위계획구역,20221008
경상남도 양산시 물금읍 물금리 886-9번지,48330,25321,0,0886,0009,1264100115790,,,,3,용도구역코드,UMZ100,가축사육제한구역,0,0,,가축사육제한구역,20221008
경상남도 양산시 물금읍 물금리 886-10번지,48330,25321,0,0886,0010,1264100070560,,,,1,용도지역코드,UQA121,제1종일반주거지역,1,0,,제1종일반주거지역,20221008
경상남도 양산시 물금읍 물금리 886-10번지,48330,25321,0,0886,0010,1264100070560,,,,3,용도구역코드,UQQ310,제1종지구단위계획구역,1,0,,제1종지구단위계획구역,20221008
경상남도 양산시 물금읍 물금리 886-12번지,48330,25321,0,0886,0012,1264100078479,,,,1,용도지역코드,UQA121,제1종일반주거지역,1,0,,제1종일반주거지역,20221008
경상남도 양산시 물금읍 물금리 886-12번지,48330,25321,0,0886,0012,1264100078479,,,,3,용도구역코드,UQQ310,제1종지구단위계획구역,1,0,,제1종지구단위계획구역,20221008
경상남도 양산시 물금읍 물금리 887-5번지,48330,25321,0,0887,0005,1264100092904,,,,1,용도지역코드,UQA121,제1종일반주거지역,1,0,,제1종일반주거지역,20221008
경상남도 양산시 물금읍 물금리 887-5번지,48330,25321,0,0887,0005,1264100092904,,,,3,용도구역코드,UQQ310,제1종지구단위계획구역,1,0,,제1종지구단위계획구역,20221008
경상남도 양산시 물금읍 물금리 887-6번지,48330,25321,0,0887,0006,1264100072220,,,,1,용도지역코드,UQA121,제1종일반주거지역,1,0,,제1종일반주거지역,20221008
경상남도 양산시 물금읍 물금리 887-6번지,48330,25321,0,0887,0006,1264100072220,,,,3,용도구역코드,UQQ310,제1종지구단위계획구역,1,0,,제1종지구단위계획구역,20221008
경상남도 양산시 물금읍 물금리 887-6번지,48330,25321,0,0887,0006,1264100072220,,,,3,용도구역코드,UOA120,상대보호구역,0,0,,상대정화구역,20221008
경상남도 양산시 물금읍 물금리 887-7번지,48330,25321,0,0887,0007,1264100090421,,,,1,용도지역코드,UQA121,제1종일반주거지역,1,0,,제1종일반주거지역,20221008
경상남도 양산시 물금읍 물금리 887-7번지,48330,25321,0,0887,0007,1264100090421,,,,3,용도구역코드,UQQ310,제1종지구단위계획구역,1,0,,제1종지구단위계획구역,20221008
경상남도 양산시 물금읍 물금리 887-7번지,48330,25321,0,0887,0007,1264100090421,,,,3,용도구역코드,UOA120,상대보호구역,0,0,,상대정화구역,20221008
경상남도 양산시 물금읍 물금리 887-8번지,48330,25321,0,0887,0008,1264100082923,,,,1,용도지역코드,UQA121,제1종일반주거지역,1,0,,제1종일반주거지역,20221008
경상남도 양산시 물금읍 물금리 887-8번지,48330,25321,0,0887,0008,1264100082923,,,,3,용도구역코드,UQQ310,제1종지구단위계획구역,1,0,,제1종지구단위계획구역,20221008
경상남도 양산시 물금읍 물금리 887-8번지,48330,25321,0,0887,0008,1264100082923,,,,3,용도구역코드,UOA120,상대보호구역,0,0,,상대정화구역,20221008
경상남도 양산시 물금읍 물금리 887-9번지,48330,25321,0,0887,0009,1264100113496,,,,1,용도지역코드,UQA121,제1종일반주거지역,1,0,,제1종일반주거지역,20221008
경상남도 양산시 물금읍 물금리 887-9번지,48330,25321,0,0887,0009,1264100113496,,,,3,용도구역코드,UOA120,상대보호구역,1,0,,상대보호구역,20221008
경상남도 양산시 물금읍 물금리 887-9번지,48330,25321,0,0887,0009,1264100113496,,,,3,용도구역코드,UQQ310,제1종지구단위계획구역,0,0,,제1종지구단위계획구역,20221008
경상남도 양산시 물금읍 물금리 887-10번지,48330,25321,0,0887,0010,1264100075202,,,,1,용도지역코드,UQA121,제1종일반주거지역,1,0,,제1종일반주거지역,20221008
경상남도 양산시 물금읍 물금리 887-11번지,48330,25321,0,0887,0011,1264100066280,,,,1,용도지역코드,UQA121,제1종일반주거지역,1,0,,제1종일반주거지역,20221008
경상남도 양산시 물금읍 물금리 887-11번지,48330,25321,0,0887,0011,1264100066280,,,,3,용도구역코드,UQQ310,제1종지구단위계획구역,1,0,,제1종지구단위계획구역,20221008
경상남도 양산시 물금읍 물금리 887-12번지,48330,25321,0,0887,0012,1264100114216,,,,1,용도지역코드,UQA121,제1종일반주거지역,1,0,,제1종일반주거지역,20221008
경상남도 양산시 물금읍 물금리 887-12번지,48330,25321,0,0887,0012,1264100114216,,,,3,용도구역코드,UOA120,상대보호구역,1,0,,상대보호구역,20221008
경상남도 양산시 물금읍 물금리 887-12번지,48330,25321,0,0887,0012,1264100114216,,,,3,용도구역코드,UQQ310,제1종지구단위계획구역,0,0,,제1종지구단위계획구역,20221008
경상남도 양산시 물금읍 물금리 887-13번지,48330,25321,0,0887,0013,1264100092206,,,,1,용도지역코드,UQA121,제1종일반주거지역,1,0,,제1종일반주거지역,20221008
경상남도 양산시 물금읍 물금리 887-13번지,48330,25321,0,0887,0013,1264100092206,,,,3,용도구역코드,UQQ310,제1종지구단위계획구역,1,0,,제1종지구단위계획구역,20221008
경상남도 양산시 물금읍 물금리 887-13번지,48330,25321,0,0887,0013,1264100092206,,,,3,용도구역코드,UOA120,상대보호구역,0,0,,상대정화구역,20221008
경상남도 양산시 물금읍 물금리 887-14번지,48330,25321,0,0887,0014,1264100084002,,,,1,용도지역코드,UQA121,제1종일반주거지역,1,0,,제1종일반주거지역,20221008
경상남도 양산시 물금읍 물금리 887-14번지,48330,25321,0,0887,0014,1264100084002,,,,3,용도구역코드,UOA120,상대보호구역,,,,상대정화구역,20221008
경상남도 양산시 물금읍 물금리 887-14번지,48330,25321,0,0887,0014,1264100084002,,,,3,용도구역코드,UQQ310,제1종지구단위계획구역,1,0,,제1종지구단위계획구역,20221008
경상남도 양산시 물금읍 물금리 888-1번지,48330,25321,0,0888,0001,1264100115116,,,,1,용도지역코드,UQA121,제1종일반주거지역,1,0,,제1종일반주거지역,20221008
경상남도 양산시 물금읍 물금리 888-1번지,48330,25321,0,0888,0001,1264100115116,,,,3,용도구역코드,UQQ310,제1종지구단위계획구역,1,0,,제1종지구단위계획구역,20221008
경상남도 양산시 물금읍 물금리 888-2번지,48330,25321,0,0888,0002,1264100078299,,,,1,용도지역코드,UQA121,제1종일반주거지역,1,0,,제1종일반주거지역,20221008
경상남도 양산시 물금읍 물금리 888-4번지,48330,25321,0,0888,0004,1264100097126,,,,1,용도지역코드,UQA121,제1종일반주거지역,1,0,,제1종일반주거지역,20221008
경상남도 양산시 물금읍 물금리 888-4번지,48330,25321,0,0888,0004,1264100097126,,,,3,용도구역코드,UQQ310,제1종지구단위계획구역,1,0,,제1종지구단위계획구역,20221008
경상남도 양산시 물금읍 물금리 888-6번지,48330,25321,0,0888,0006,1264100082401,,,,3,용도구역코드,UQQ310,제1종지구단위계획구역,1,0,,제1종지구단위계획구역,20221008
경상남도 양산시 물금읍 물금리 888-6번지,48330,25321,0,0888,0006,1264100082401,,,,1,용도지역코드,UQA121,제1종일반주거지역,1,0,,제1종일반주거지역,20221008
경상남도 양산시 물금읍 물금리 888-7번지,48330,25321,0,0888,0007,1264100073122,,,,1,용도지역코드,UQA121,제1종일반주거지역,1,0,,제1종일반주거지역,20221008
경상남도 양산시 물금읍 물금리 888-7번지,48330,25321,0,0888,0007,1264100073122,,,,3,용도구역코드,UQQ310,제1종지구단위계획구역,1,0,,제1종지구단위계획구역,20221008
경상남도 양산시 물금읍 물금리 888-8번지,48330,25321,0,0888,0008,1264100115786,,,,1,용도지역코드,UQA121,제1종일반주거지역,1,0,,제1종일반주거지역,20221008
경상남도 양산시 물금읍 물금리 888-9번지,48330,25321,0,0888,0009,1264100101133,,,,1,용도지역코드,UQA121,제1종일반주거지역,1,0,,제1종일반주거지역,20221008
경상남도 양산시 물금읍 물금리 888-9번지,48330,25321,0,0888,0009,1264100101133,,,,3,용도구역코드,UQQ310,제1종지구단위계획구역,1,0,,제1종지구단위계획구역,20221008
경상남도 양산시 물금읍 물금리 888-9번지,48330,25321,0,0888,0009,1264100101133,,,,3,용도구역코드,UOA120,상대보호구역,0,0,,상대정화구역,20221008
경상남도 양산시 물금읍 물금리 888-10번지,48330,25321,0,0888,0010,1264100079159,,,,1,용도지역코드,UQA121,제1종일반주거지역,1,0,,제1종일반주거지역,20221008
경상남도 양산시 물금읍 물금리 888-10번지,48330,25321,0,0888,0010,1264100079159,,,,3,용도구역코드,UQQ310,제1종지구단위계획구역,1,0,,제1종지구단위계획구역,20221008
경상남도 양산시 물금읍 물금리 888-10번지,48330,25321,0,0888,0010,1264100079159,,,,3,용도구역코드,UOA120,상대보호구역,0,0,,상대정화구역,20221008
경상남도 양산시 물금읍 물금리 888-11번지,48330,25321,0,0888,0011,1264100089069,,,,1,용도지역코드,UQA121,제1종일반주거지역,1,0,,제1종일반주거지역,20221008
경상남도 양산시 물금읍 물금리 888-12번지,48330,25321,0,0888,0012,1264100094906,,,,1,용도지역코드,UQA121,제1종일반주거지역,1,0,,제1종일반주거지역,20221008
경상남도 양산시 물금읍 물금리 888-12번지,48330,25321,0,0888,0012,1264100094906,,,,3,용도구역코드,UQQ310,제1종지구단위계획구역,1,0,,제1종지구단위계획구역,20221008
경상남도 양산시 물금읍 물금리 888-12번지,48330,25321,0,0888,0012,1264100094906,,,,3,용도구역코드,UOA120,상대보호구역,0,0,,상대정화구역,20221008
경상남도 양산시 물금읍 물금리 888-13번지,48330,25321,0,0888,0013,1264100113917,,,,1,용도지역코드,UQA121,제1종일반주거지역,1,0,,제1종일반주거지역,20221008
경상남도 양산시 물금읍 물금리 888-13번지,48330,25321,0,0888,0013,1264100113917,,,,3,용도구역코드,UQQ310,제1종지구단위계획구역,1,0,,제1종지구단위계획구역,20221008
경상남도 양산시 물금읍 물금리 888-13번지,48330,25321,0,0888,0013,1264100113917,,,,3,용도구역코드,UMZ100,가축사육제한구역,0,0,,가축사육제한구역,20221008
경상남도 양산시 물금읍 물금리 888-14번지,48330,25321,0,0888,0014,1264100089045,,,,1,용도지역코드,UQA121,제1종일반주거지역,1,0,,제1종일반주거지역,20221008
경상남도 양산시 물금읍 물금리 888-16번지,48330,25321,0,0888,0016,1264100115789,,,,1,용도지역코드,UQA121,제1종일반주거지역,1,0,,제1종일반주거지역,20221008
경상남도 양산시 물금읍 물금리 888-16번지,48330,25321,0,0888,0016,1264100115789,,,,3,용도구역코드,UQQ310,제1종지구단위계획구역,1,0,,제1종지구단위계획구역,20221008
경상남도 양산시 물금읍 물금리 888-16번지,48330,25321,0,0888,0016,1264100115789,,,,3,용도구역코드,UOA120,상대보호구역,0,0,,상대정화구역,20221008
경상남도 양산시 물금읍 물금리 888-17번지,48330,25321,0,0888,0017,1264100104554,,,,1,용도지역코드,UQA121,제1종일반주거지역,1,0,,제1종일반주거지역,20221008
경상남도 양산시 물금읍 물금리 888-17번지,48330,25321,0,0888,0017,1264100104554,,,,3,용도구역코드,UOA120,상대보호구역,1,0,,상대보호구역,20221008
경상남도 양산시 물금읍 물금리 888-17번지,48330,25321,0,0888,0017,1264100104554,,,,3,용도구역코드,UQQ310,제1종지구단위계획구역,0,0,,제1종지구단위계획구역,20221008
경상남도 양산시 물금읍 물금리 889-1번지,48330,25321,0,0889,0001,1264100080359,,,,1,용도지역코드,UQA121,제1종일반주거지역,1,0,,제1종일반주거지역,20221008
경상남도 양산시 물금읍 물금리 889-1번지,48330,25321,0,0889,0001,1264100080359,,,,3,용도구역코드,UQQ310,제1종지구단위계획구역,1,0,,제1종지구단위계획구역,20221008
경상남도 양산시 물금읍 물금리 889-4번지,48330,25321,0,0889,0004,1264100083751,,,,1,용도지역코드,UQA121,제1종일반주거지역,1,0,,제1종일반주거지역,20221008
경상남도 양산시 물금읍 물금리 889-4번지,48330,25321,0,0889,0004,1264100083751,,,,3,용도구역코드,UQQ310,제1종지구단위계획구역,1,0,,제1종지구단위계획구역,20221008
경상남도 양산시 물금읍 물금리 889-8번지,48330,25321,0,0889,0008,1264100051995,,,,1,용도지역코드,UQA121,제1종일반주거지역,1,0,,제1종일반주거지역,20221008
경상남도 양산시 물금읍 물금리 889-8번지,48330,25321,0,0889,0008,1264100051995,,,,3,용도구역코드,UQQ310,제1종지구단위계획구역,1,0,,제1종지구단위계획구역,20221008
경상남도 양산시 물금읍 물금리 889-9번지,48330,25321,0,0889,0009,1264100095507,,,,1,용도지역코드,UQA121,제1종일반주거지역,1,0,,제1종일반주거지역,20221008
경상남도 양산시 물금읍 물금리 889-9번지,48330,25321,0,0889,0009,1264100095507,,,,3,용도구역코드,UQQ310,제1종지구단위계획구역,1,0,,제1종지구단위계획구역,20221008
경상남도 양산시 물금읍 물금리 889-10번지,48330,25321,0,0889,0010,1264100076999,,,,1,용도지역코드,UQA121,제1종일반주거지역,1,0,,제1종일반주거지역,20221008
경상남도 양산시 물금읍 물금리 889-10번지,48330,25321,0,0889,0010,1264100076999,,,,3,용도구역코드,UQQ310,제1종지구단위계획구역,1,0,,제1종지구단위계획구역,20221008
경상남도 양산시 물금읍 물금리 889-12번지,48330,25321,0,0889,0012,1264100082881,,,,1,용도지역코드,UQA121,제1종일반주거지역,1,0,,제1종일반주거지역,20221008
경상남도 양산시 물금읍 물금리 889-12번지,48330,25321,0,0889,0012,1264100082881,,,,3,용도구역코드,UQQ310,제1종지구단위계획구역,1,0,,제1종지구단위계획구역,20221008
경상남도 양산시 물금읍 물금리 889-15번지,48330,25321,0,0889,0015,1264100072861,,,,1,용도지역코드,UQA121,제1종일반주거지역,1,0,,제1종일반주거지역,20221008
경상남도 양산시 물금읍 물금리 889-15번지,48330,25321,0,0889,0015,1264100072861,,,,3,용도구역코드,UQQ310,제1종지구단위계획구역,1,0,,제1종지구단위계획구역,20221008
경상남도 양산시 물금읍 물금리 889-17번지,48330,25321,0,0889,0017,1264100088384,,,,1,용도지역코드,UQA121,제1종일반주거지역,1,0,,제1종일반주거지역,20221008
경상남도 양산시 물금읍 물금리 889-17번지,48330,25321,0,0889,0017,1264100088384,,,,3,용도구역코드,UQQ310,제1종지구단위계획구역,1,0,,제1종지구단위계획구역,20221008
경상남도 양산시 물금읍 물금리 889-17번지,48330,25321,0,0889,0017,1264100088384,,,,3,용도구역코드,UOA120,상대보호구역,0,0,,상대정화구역,20221008
경상남도 양산시 물금읍 물금리 889-18번지,48330,25321,0,0889,0018,1264100063599,,,,1,용도지역코드,UQA121,제1종일반주거지역,1,0,,제1종일반주거지역,20221008
경상남도 양산시 물금읍 물금리 889-18번지,48330,25321,0,0889,0018,1264100063599,,,,3,용도구역코드,UQQ310,제1종지구단위계획구역,1,0,,제1종지구단위계획구역,20221008
경상남도 양산시 물금읍 물금리 890-1번지,48330,25321,0,0890,0001,1264100098776,,,,1,용도지역코드,UQA123,제3종일반주거지역,1,0,,제3종일반주거지역,20221008
경상남도 양산시 물금읍 물금리 890-1번지,48330,25321,0,0890,0001,1264100098776,,,,3,용도구역코드,UQQ310,제1종지구단위계획구역,,,,제1종지구단위계획구역,20221008
경상남도 양산시 물금읍 물금리 890-1번지,48330,25321,0,0890,0001,1264100098776,,,,3,용도구역코드,UOA110,절대정화구역,1,0,,절대보호구역,20221008
경상남도 양산시 물금읍 물금리 890-1번지,48330,25321,0,0890,0001,1264100095506,,,,3,용도구역코드,UOA110,절대정화구역,,,,절대정화구역,20221008
경상남도 양산시 물금읍 물금리 890-1번지,48330,25321,0,0890,0001,1264100095506,,,,3,용도구역코드,UQQ310,제1종지구단위계획구역,1,0,,제1종지구단위계획구역,20221008
경상남도 양산시 물금읍 물금리 890-1번지,48330,25321,0,0890,0001,1264100095506,,,,1,용도지역코드,UQA123,제3종일반주거지역,1,0,,제3종일반주거지역,20221008
경상남도 양산시 물금읍 물금리 890-1번지,48330,25321,0,0890,0001,1264100099615,,,,1,용도지역코드,UQA123,제3종일반주거지역,1,0,,제3종일반주거지역,20221008
경상남도 양산시 물금읍 물금리 890-1번지,48330,25321,0,0890,0001,1264100099615,,,,3,용도구역코드,UQQ310,제1종지구단위계획구역,,,,제1종지구단위계획구역,20221008
경상남도 양산시 물금읍 물금리 890-1번지,48330,25321,0,0890,0001,1264100099615,,,,3,용도구역코드,UOA110,절대정화구역,1,0,,절대보호구역,20221008
경상남도 양산시 물금읍 물금리 892-1번지,48330,25321,0,0892,0001,1264100086621,,,,1,용도지역코드,UQA121,제1종일반주거지역,1,0,,제1종일반주거지역,20221008
경상남도 양산시 물금읍 물금리 892-1번지,48330,25321,0,0892,0001,1264100086621,,,,3,용도구역코드,UQQ310,제1종지구단위계획구역,1,0,,제1종지구단위계획구역,20221008
경상남도 양산시 물금읍 물금리 892-1번지,48330,25321,0,0892,0001,1264100094627,,,,1,용도지역코드,UQA121,제1종일반주거지역,1,0,,제1종일반주거지역,20221008
경상남도 양산시 물금읍 물금리 892-1번지,48330,25321,0,0892,0001,1264100094627,,,,3,용도구역코드,UQQ310,제1종지구단위계획구역,1,0,,제1종지구단위계획구역,20221008
경상남도 양산시 물금읍 물금리 892-2번지,48330,25321,0,0892,0002,1264100090283,,,,1,용도지역코드,UQA121,제1종일반주거지역,1,0,,제1종일반주거지역,20221008
경상남도 양산시 물금읍 물금리 892-2번지,48330,25321,0,0892,0002,1264100090283,,,,3,용도구역코드,UQQ310,제1종지구단위계획구역,1,0,,제1종지구단위계획구역,20221008
경상남도 양산시 물금읍 물금리 893-1번지,48330,25321,0,0893,0001,1264100086064,,,,1,용도지역코드,UQA121,제1종일반주거지역,1,0,,제1종일반주거지역,20221008
경상남도 양산시 물금읍 물금리 893-1번지,48330,25321,0,0893,0001,1264100086064,,,,3,용도구역코드,UQQ310,제1종지구단위계획구역,1,0,,제1종지구단위계획구역,20221008
경상남도 양산시 물금읍 물금리 893-1번지,48330,25321,0,0893,0001,1264100086064,,,,3,용도구역코드,UOA110,절대정화구역,0,0,,절대정화구역,20221008
경상남도 양산시 물금읍 물금리 893-2번지,48330,25321,0,0893,0002,1264100087742,,,,1,용도지역코드,UQA121,제1종일반주거지역,1,0,,제1종일반주거지역,20221008
경상남도 양산시 물금읍 물금리 893-2번지,48330,25321,0,0893,0002,1264100087742,,,,3,용도구역코드,UQQ310,제1종지구단위계획구역,1,0,,제1종지구단위계획구역,20221008
경상남도 양산시 물금읍 물금리 893-2번지,48330,25321,0,0893,0002,1264100087742,,,,3,용도구역코드,UOA110,절대정화구역,0,0,,절대정화구역,20221008
경상남도 양산시 물금읍 물금리 893-3번지,48330,25321,0,0893,0003,1264100086230,,,,1,용도지역코드,UQA121,제1종일반주거지역,1,0,,제1종일반주거지역,20221008
경상남도 양산시 물금읍 물금리 893-3번지,48330,25321,0,0893,0003,1264100086230,,,,3,용도구역코드,UQQ310,제1종지구단위계획구역,1,0,,제1종지구단위계획구역,20221008
경상남도 양산시 물금읍 물금리 893-3번지,48330,25321,0,0893,0003,1264100086230,,,,3,용도구역코드,UOA110,절대정화구역,0,0,,절대정화구역,20221008
경상남도 양산시 물금읍 물금리 893-3번지,48330,25321,0,0893,0003,1264100078260,,,,1,용도지역코드,UQA121,제1종일반주거지역,1,0,,제1종일반주거지역,20221008
경상남도 양산시 물금읍 물금리 893-3번지,48330,25321,0,0893,0003,1264100078260,,,,3,용도구역코드,UOA110,절대정화구역,0,0,,절대정화구역,20221008
경상남도 양산시 물금읍 물금리 893-3번지,48330,25321,0,0893,0003,1264100078260,,,,3,용도구역코드,UQQ310,제1종지구단위계획구역,0,0,,제1종지구단위계획구역,20221008
경상남도 양산시 물금읍 물금리 894-1번지,48330,25321,0,0894,0001,1264100153692,,,,1,용도지역코드,UQA121,제1종일반주거지역,1,0,,제1종일반주거지역,20221008
경상남도 양산시 물금읍 물금리 894-1번지,48330,25321,0,0894,0001,1264100153692,,,,3,용도구역코드,UQQ310,제1종지구단위계획구역,1,0,,제1종지구단위계획구역,20221008
경상남도 양산시 물금읍 물금리 894-1번지,48330,25321,0,0894,0001,1264100153692,,,,3,용도구역코드,UOA120,상대보호구역,0,0,,상대보호구역,20221008
경상남도 양산시 물금읍 물금리 894-1번지,48330,25321,0,0894,0001,1264100115499,,,,1,용도지역코드,UQA121,제1종일반주거지역,1,0,,제1종일반주거지역,20221008
경상남도 양산시 물금읍 물금리 894-1번지,48330,25321,0,0894,0001,1264100115499,,,,3,용도구역코드,UOA110,절대정화구역,1,0,,절대보호구역,20221008
경상남도 양산시 물금읍 물금리 894-1번지,48330,25321,0,0894,0001,1264100115499,,,,3,용도구역코드,UQQ310,제1종지구단위계획구역,0,0,,제1종지구단위계획구역,20221008
경상남도 양산시 물금읍 물금리 894-2번지,48330,25321,0,0894,0002,1264100125401,,,,1,용도지역코드,UQA121,제1종일반주거지역,1,0,,제1종일반주거지역,20221008
경상남도 양산시 물금읍 물금리 894-2번지,48330,25321,0,0894,0002,1264100125401,,,,3,용도구역코드,UQQ310,제1종지구단위계획구역,1,0,,제1종지구단위계획구역,20221008
경상남도 양산시 물금읍 물금리 894-2번지,48330,25321,0,0894,0002,1264100095896,,,,1,용도지역코드,UQA121,제1종일반주거지역,1,0,,제1종일반주거지역,20221008
경상남도 양산시 물금읍 물금리 894-2번지,48330,25321,0,0894,0002,1264100095896,,,,3,용도구역코드,UQQ310,제1종지구단위계획구역,1,0,,제1종지구단위계획구역,20221008
경상남도 양산시 물금읍 물금리 894-3번지,48330,25321,0,0894,0003,1264100083601,,,,1,용도지역코드,UQA121,제1종일반주거지역,1,0,,제1종일반주거지역,20221008
경상남도 양산시 물금읍 물금리 894-3번지,48330,25321,0,0894,0003,1264100083601,,,,3,용도구역코드,UQQ310,제1종지구단위계획구역,1,0,,제1종지구단위계획구역,20221008
경상남도 양산시 물금읍 물금리 894-3번지,48330,25321,0,0894,0003,1264100090503,,,,1,용도지역코드,UQA121,제1종일반주거지역,1,0,,제1종일반주거지역,20221008
경상남도 양산시 물금읍 물금리 894-3번지,48330,25321,0,0894,0003,1264100090503,,,,3,용도구역코드,UQQ310,제1종지구단위계획구역,1,0,,제1종지구단위계획구역,20221008
경상남도 양산시 물금읍 물금리 894-4번지,48330,25321,0,0894,0004,1264100091103,,,,1,용도지역코드,UQA121,제1종일반주거지역,1,0,,제1종일반주거지역,20221008
경상남도 양산시 물금읍 물금리 894-4번지,48330,25321,0,0894,0004,1264100091103,,,,3,용도구역코드,UQQ310,제1종지구단위계획구역,1,0,,제1종지구단위계획구역,20221008
경상남도 양산시 물금읍 물금리 894-4번지,48330,25321,0,0894,0004,1264100082882,,,,1,용도지역코드,UQA121,제1종일반주거지역,1,0,,제1종일반주거지역,20221008
경상남도 양산시 물금읍 물금리 894-4번지,48330,25321,0,0894,0004,1264100082882,,,,3,용도구역코드,UQQ310,제1종지구단위계획구역,1,0,,제1종지구단위계획구역,20221008
경상남도 양산시 물금읍 물금리 894-5번지,48330,25321,0,0894,0005,1264100068799,,,,1,용도지역코드,UQA121,제1종일반주거지역,1,0,,제1종일반주거지역,20221008
경상남도 양산시 물금읍 물금리 894-5번지,48330,25321,0,0894,0005,1264100068799,,,,3,용도구역코드,UQQ310,제1종지구단위계획구역,1,0,,제1종지구단위계획구역,20221008
경상남도 양산시 물금읍 물금리 894-5번지,48330,25321,0,0894,0005,1264100068799,,,,3,용도구역코드,UOA110,절대정화구역,0,0,,절대정화구역,20221008
경상남도 양산시 물금읍 물금리 894-5번지,48330,25321,0,0894,0005,1264100068799,,,,3,용도구역코드,UOA120,상대보호구역,0,0,,상대정화구역,20221008
경상남도 양산시 물금읍 물금리 894-5번지,48330,25321,0,0894,0005,1264100079679,,,,3,용도구역코드,UOA120,상대보호구역,0,0,,상대정화구역,20221008
경상남도 양산시 물금읍 물금리 894-5번지,48330,25321,0,0894,0005,1264100079679,,,,1,용도지역코드,UQA121,제1종일반주거지역,1,0,,제1종일반주거지역,20221008
경상남도 양산시 물금읍 물금리 894-5번지,48330,25321,0,0894,0005,1264100079679,,,,3,용도구역코드,UQQ310,제1종지구단위계획구역,1,0,,제1종지구단위계획구역,20221008
경상남도 양산시 물금읍 물금리 894-5번지,48330,25321,0,0894,0005,1264100079679,,,,3,용도구역코드,UOA110,절대정화구역,0,0,,절대정화구역,20221008
경상남도 양산시 물금읍 물금리 894-6번지,48330,25321,0,0894,0006,1264100087223,,,,1,용도지역코드,UQA121,제1종일반주거지역,1,0,,제1종일반주거지역,20221008
경상남도 양산시 물금읍 물금리 894-6번지,48330,25321,0,0894,0006,1264100087223,,,,3,용도구역코드,UOA120,상대보호구역,,,,상대정화구역,20221008
경상남도 양산시 물금읍 물금리 894-6번지,48330,25321,0,0894,0006,1264100087223,,,,3,용도구역코드,UOA110,절대정화구역,,,,절대정화구역,20221008
경상남도 양산시 물금읍 물금리 894-6번지,48330,25321,0,0894,0006,1264100087223,,,,3,용도구역코드,UQQ310,제1종지구단위계획구역,1,0,,제1종지구단위계획구역,20221008
경상남도 양산시 물금읍 물금리 895-1번지,48330,25321,0,0895,0001,1264100115239,,,,1,용도지역코드,UQA121,제1종일반주거지역,1,0,,제1종일반주거지역,20221008
경상남도 양산시 물금읍 물금리 895-1번지,48330,25321,0,0895,0001,1264100115239,,,,3,용도구역코드,UQQ310,제1종지구단위계획구역,1,0,,제1종지구단위계획구역,20221008
경상남도 양산시 물금읍 물금리 895-3번지,48330,25321,0,0895,0003,1264100077179,,,,1,용도지역코드,UQA121,제1종일반주거지역,1,0,,제1종일반주거지역,20221008
경상남도 양산시 물금읍 물금리 895-3번지,48330,25321,0,0895,0003,1264100077179,,,,3,용도구역코드,UQQ310,제1종지구단위계획구역,1,0,,제1종지구단위계획구역,20221008
경상남도 양산시 물금읍 물금리 895-3번지,48330,25321,0,0895,0003,1264100077179,,,,3,용도구역코드,UOA110,절대정화구역,0,0,,절대정화구역,20221008
경상남도 양산시 물금읍 물금리 895-4번지,48330,25321,0,0895,0004,1264100115236,,,,1,용도지역코드,UQA121,제1종일반주거지역,1,0,,제1종일반주거지역,20221008
경상남도 양산시 물금읍 물금리 895-4번지,48330,25321,0,0895,0004,1264100115236,,,,3,용도구역코드,UQQ310,제1종지구단위계획구역,1,0,,제1종지구단위계획구역,20221008
경상남도 양산시 물금읍 물금리 895-5번지,48330,25321,0,0895,0005,1264100114376,,,,1,용도지역코드,UQA121,제1종일반주거지역,1,0,,제1종일반주거지역,20221008
경상남도 양산시 물금읍 물금리 895-5번지,48330,25321,0,0895,0005,1264100114376,,,,3,용도구역코드,UOA120,상대보호구역,1,0,,상대보호구역,20221008
경상남도 양산시 물금읍 물금리 895-5번지,48330,25321,0,0895,0005,1264100114376,,,,3,용도구역코드,UQQ310,제1종지구단위계획구역,0,0,,제1종지구단위계획구역,20221008
경상남도 양산시 물금읍 물금리 895-5번지,48330,25321,0,0895,0005,1264100082762,,,,1,용도지역코드,UQA121,제1종일반주거지역,1,0,,제1종일반주거지역,20221008
경상남도 양산시 물금읍 물금리 895-5번지,48330,25321,0,0895,0005,1264100082762,,,,3,용도구역코드,UQQ310,제1종지구단위계획구역,1,0,,제1종지구단위계획구역,20221008
경상남도 양산시 물금읍 물금리 895-5번지,48330,25321,0,0895,0005,1264100082762,,,,3,용도구역코드,UOA120,상대보호구역,0,0,,상대정화구역,20221008
경상남도 양산시 물금읍 물금리 895-5번지,48330,25321,0,0895,0005,1264100082762,,,,3,용도구역코드,UOA110,절대정화구역,0,0,,절대정화구역,20221008
경상남도 양산시 물금읍 물금리 896-1번지,48330,25321,0,0896,0001,1264100085241,,,,3,용도구역코드,,,1,0,,,20221008
경상남도 양산시 물금읍 물금리 896-1번지,48330,25321,0,0896,0001,1264100061819,,,,1,용도지역코드,UQA123,제3종일반주거지역,1,0,,제3종일반주거지역,20221008
경상남도 양산시 물금읍 물금리 896-1번지,48330,25321,0,0896,0001,1264100061819,,,,3,용도구역코드,UQQ310,제1종지구단위계획구역,1,0,,제1종지구단위계획구역,20221008
경상남도 양산시 물금읍 물금리 896-1번지,48330,25321,0,0896,0001,1264100081201,,,,1,용도지역코드,UQA123,제3종일반주거지역,1,0,,제3종일반주거지역,20221008
경상남도 양산시 물금읍 물금리 896-1번지,48330,25321,0,0896,0001,1264100081201,,,,2,용도지구코드,,,1,0,,,20221008
경상남도 양산시 물금읍 물금리 896-1번지,48330,25321,0,0896,0001,1264100081201,,,,3,용도구역코드,UQQ310,제1종지구단위계획구역,1,0,,제1종지구단위계획구역,20221008
경상남도 양산시 물금읍 물금리 896-1번지,48330,25321,0,0896,0001,1264100081201,,,,3,용도구역코드,UOA110,절대정화구역,0,0,,절대정화구역,20221008
경상남도 양산시 물금읍 물금리 896-1번지,48330,25321,0,0896,0001,1264100094506,,,,1,용도지역코드,UQA123,제3종일반주거지역,1,0,,제3종일반주거지역,20221008
경상남도 양산시 물금읍 물금리 896-1번지,48330,25321,0,0896,0001,1264100094506,,,,3,용도구역코드,UOA120,상대보호구역,,,,상대정화구역,20221008
경상남도 양산시 물금읍 물금리 896-1번지,48330,25321,0,0896,0001,1264100094506,,,,3,용도구역코드,UOA110,절대정화구역,,,,절대정화구역,20221008
경상남도 양산시 물금읍 물금리 896-1번지,48330,25321,0,0896,0001,1264100094506,,,,3,용도구역코드,UQQ310,제1종지구단위계획구역,1,0,,제1종지구단위계획구역,20221008
경상남도 양산시 물금읍 물금리 896-1번지,48330,25321,0,0896,0001,1264100084941,,,,3,용도구역코드,UOA110,절대정화구역,,,,절대정화구역,20221008
경상남도 양산시 물금읍 물금리 896-1번지,48330,25321,0,0896,0001,1264100084941,,,,3,용도구역코드,UQQ310,제1종지구단위계획구역,1,0,,제1종지구단위계획구역,20221008
경상남도 양산시 물금읍 물금리 896-1번지,48330,25321,0,0896,0001,1264100094786,,,,1,용도지역코드,UQA123,제3종일반주거지역,1,0,,제3종일반주거지역,20221008
경상남도 양산시 물금읍 물금리 896-1번지,48330,25321,0,0896,0001,1264100094786,,,,3,용도구역코드,UOA120,상대보호구역,,,,상대정화구역,20221008
경상남도 양산시 물금읍 물금리 896-1번지,48330,25321,0,0896,0001,1264100094786,,,,3,용도구역코드,UOA110,절대정화구역,,,,절대정화구역,20221008
경상남도 양산시 물금읍 물금리 896-1번지,48330,25321,0,0896,0001,1264100094786,,,,3,용도구역코드,UQQ310,제1종지구단위계획구역,1,0,,제1종지구단위계획구역,20221008
경상남도 양산시 물금읍 물금리 896-1번지,48330,25321,0,0896,0001,1264100085443,,,,3,용도구역코드,UOA110,절대정화구역,,,,절대정화구역,20221008
경상남도 양산시 물금읍 물금리 896-1번지,48330,25321,0,0896,0001,1264100085443,,,,3,용도구역코드,UQQ310,제1종지구단위계획구역,1,0,,제1종지구단위계획구역,20221008
경상남도 양산시 물금읍 물금리 896-1번지,48330,25321,0,0896,0001,1264100094429,,,,1,용도지역코드,UQA123,제3종일반주거지역,1,0,,제3종일반주거지역,20221008
경상남도 양산시 물금읍 물금리 896-1번지,48330,25321,0,0896,0001,1264100094429,,,,3,용도구역코드,UOA120,상대보호구역,,,,상대정화구역,20221008
경상남도 양산시 물금읍 물금리 896-1번지,48330,25321,0,0896,0001,1264100094429,,,,3,용도구역코드,UOA110,절대정화구역,,,,절대정화구역,20221008
경상남도 양산시 물금읍 물금리 896-1번지,48330,25321,0,0896,0001,1264100094429,,,,3,용도구역코드,UQQ310,제1종지구단위계획구역,1,0,,제1종지구단위계획구역,20221008
경상남도 양산시 물금읍 물금리 896-1번지,48330,25321,0,0896,0001,1264100085443,,,,1,용도지역코드,UQA123,제3종일반주거지역,1,0,,제3종일반주거지역,20221008
경상남도 양산시 물금읍 물금리 896-1번지,48330,25321,0,0896,0001,1264100085443,,,,3,용도구역코드,UOA120,상대보호구역,,,,상대정화구역,20221008
경상남도 양산시 물금읍 물금리 896-1번지,48330,25321,0,0896,0001,1264100084941,,,,1,용도지역코드,UQA123,제3종일반주거지역,1,0,,제3종일반주거지역,20221008
경상남도 양산시 물금읍 물금리 896-1번지,48330,25321,0,0896,0001,1264100084941,,,,3,용도구역코드,UOA120,상대보호구역,,,,상대정화구역,20221008
경상남도 양산시 물금읍 물금리 산3-2번지,48330,25321,1,0003,0002,1264100053050,,,,1,용도지역코드,UQA430,자연녹지지역,1,0,,자연녹지지역,20221008
경상남도 양산시 물금읍 물금리 산8-1번지,48330,25321,1,0008,0001,1000000000000000748156,,,,1,용도지역코드,UQA410,보전녹지지역,1,0,,보전녹지지역,20260723
경상남도 양산시 물금읍 물금리 산26-10번지,48330,25321,1,0026,0010,1264100132583,,,,1,용도지역코드,UQA430,자연녹지지역,1,0,,자연녹지지역,20251022
경상남도 양산시 물금읍 물금리 산34-3번지,48330,25321,1,0034,0003,1264100047026,,,,1,용도지역코드,UQA430,자연녹지지역,1,0,,자연녹지지역,20221008
경상남도 양산시 물금읍 물금리 블록,48330,25321,2,0000,0000,1264100025731,물금택지개발사업지구,614B,2L,3,용도구역코드,301,제1종지구단위계획구역,1,0,,제1종지구단위계획구역,20221008
경상남도 양산시 물금읍 물금리 블록,48330,25321,2,0000,0000,1264100041622,양산물금지구택지개발지구,11호근린공원,,1,용도지역코드,UQA430,자연녹지지역,1,0,,자연녹지지역,20221008
경상남도 양산시 물금읍 물금리 블록,48330,25321,2,0000,0000,1264100052385,,633,4,1,용도지역코드,UQA121,제1종일반주거지역,1,0,,제1종일반주거지역,20221008
경상남도 양산시 물금읍 물금리 블록,48330,25321,2,0000,0000,1264100052385,,633,4,3,용도구역코드,UQQ310,제1종지구단위계획구역,1,0,,제1종지구단위계획구역,20221008
경상남도 양산시 물금읍 물금리 블록,48330,25321,2,0000,0000,1264100061760,물금2택지개발사업지구 내 초등학교10부지,,,3,용도구역코드,UQQ310,제1종지구단위계획구역,1,0,,제1종지구단위계획구역,20221008
경상남도 양산시 물금읍 물금리 블록,48330,25321,2,0000,0000,1264100061760,물금2택지개발사업지구 내 초등학교10부지,,,1,용도지역코드,UQA123,제3종일반주거지역,1,0,,제3종일반주거지역,20221008
경상남도 양산시 물금읍 물금리 블록,48330,25321,2,0000,0000,1264100026213,물금택지개발사업지구,614B,2L,1,용도지역코드,UQA121,제1종일반주거지역,1,0,,제1종일반주거지역,20221008
경상남도 양산시 물금읍 물금리 블록,48330,25321,2,0000,0000,1264100052296,양산물금2지구,627,10,1,용도지역코드,UQA121,제1종일반주거지역,1,0,,제1종일반주거지역,20221008
경상남도 양산시 물금읍 물금리 블록,48330,25321,2,0000,0000,1264100052296,양산물금2지구,627,10,3,용도구역코드,UQQ310,제1종지구단위계획구역,1,0,,제1종지구단위계획구역,20221008
경상남도 양산시 물금읍 물금리 블록,48330,25321,2,0000,0000,1264100026213,물금택지개발사업지구,614B,2L,3,용도구역코드,UQQ310,제1종지구단위계획구역,1,0,,제1종지구단위계획구역,20221008
경상남도 양산시 물금읍 물금리 블록,48330,25321,2,0000,0000,1264100025731,물금택지개발사업지구,614B,2L,1,용도지역코드,1023,제3종일반주거지역,1,0,,제3종일반주거지역,20221008
